name,id,smiles,active
CHEMBL291273,ChEMBL_8_A_1,CCOCCNc1nc(SC)nc2c1cnn2CC(Cl)c1ccccc1,1
CHEMBL608533,ChEMBL_8_A_2,CO[C@@H]1[C@H](N(C)C(=O)c2ccccc2)C[C@H]2O[C@]1(C)n1c3ccccc3c3c4c(c5c6ccccc6n2c5c31)C(=O)NC4,1
CHEMBL221959,ChEMBL_8_A_3,C[C@@H]1CCN(C(=O)CC#N)C[C@@H]1N(C)c1ncnc2[nH]ccc12,1
CHEMBL230011,ChEMBL_8_A_4,Nc1nc(N)c2nc(-c3cccc(O)c3)c(-c3cccc(O)c3)nc2n1,1
CHEMBL535,ChEMBL_8_A_5,CCN(CC)CCNC(=O)c1c(C)[nH]c(/C=C2\C(=O)Nc3ccc(F)cc32)c1C,1
CHEMBL1784639,ChEMBL_8_A_6,Cc1ccc(C(=O)Nc2ccc(CN3CCN(CC(=O)O)CC3)c(C(F)(F)F)c2)cc1C#Cc1cnc(C(N)=O)n1C,1
CHEMBL378299,ChEMBL_8_A_7,c1ccc2c(-c3nc4cc(N5CCC(N6CCCCC6)CC5)ccc4[nH]3)[nH]nc2c1,1
CHEMBL209617,ChEMBL_8_A_8,O=C1NN(c2ccc(I)cc2)C(=O)/C1=C\c1ccccc1,1
CHEMBL1908396,ChEMBL_8_A_9,COc1cc(Oc2ccnc3cc(OC)c(OC)cc23)ccc1NC(=O)NC(C)c1nccs1,1
CHEMBL428690,ChEMBL_8_A_10,CN1CC[C@H](c2c(O)cc(O)c3c(=O)cc(-c4ccccc4Cl)oc23)[C@H](O)C1,1
CHEMBL1171960,ChEMBL_8_A_11,N#Cc1c(N)nc(SCC(=O)c2ccccc2)c(C#N)c1-c1ccsc1,1
CHEMBL558752,ChEMBL_8_A_12,Cn1c(Nc2ccc(C(F)(F)F)cc2)nc2cc(Oc3ccnc(-c4ncc(C(F)(F)F)[nH]4)c3)ccc21,1
CHEMBL288441,ChEMBL_8_A_13,COc1cc(Nc2c(C#N)cnc3cc(OCCCN4CCN(C)CC4)c(OC)cc23)c(Cl)cc1Cl,1
CHEMBL277931,ChEMBL_8_A_14,O=C(Nc1cccc(Nc2nccc(-c3cccnc3)n2)c1)c1ccccc1,1
CHEMBL404666,ChEMBL_8_A_15,CC(C)(C)N1CN(c2ccc(Cl)cc2)C(N)=C2C=NN=C21,1
CHEMBL1169876,ChEMBL_8_A_16,Cc1ccc(C(=O)Nc2cc(C(F)(F)F)on2)cc1/C=C/n1cnc2c(NC3CC3)ncnc21,1
CHEMBL450786,ChEMBL_8_A_17,Cc1[nH]c(/C=C2\C(=O)Nc3ccc(S(=O)(=O)Cc4c(Cl)cccc4Cl)cc32)c(C)c1C(=O)N1CCC[C@@H]1CN1CCCC1,1
CHEMBL191003,ChEMBL_8_A_18,Nc1nc(Nc2ccc(S(N)(=O)=O)cc2)nn1C(=O)c1c(F)cccc1F,1
CHEMBL215152,ChEMBL_8_A_19,CCN(CCO)CCCOc1ccc2c(Nc3cc(CC(=O)Nc4cccc(F)c4)[nH]n3)ncnc2c1,1
CHEMBL1908393,ChEMBL_8_A_20,COc1cc2c(cc1OCCCN1CCOCC1)nccc2Oc1ccc(NC(=O)C2(C(=O)NC3=CCC(F)C=C3)CC2)cc1F,1
CHEMBL513909,ChEMBL_8_A_21,CC[C@@H]1C(=O)N(C)c2cnc(Nc3ccc(C(=O)NC4CCN(C)CC4)cc3OC)nc2N1C1CCCC1,1
CHEMBL1775041,ChEMBL_8_A_22,Clc1cccc(Nc2nc(N3CCOCC3)nc3c2cnn3CC(Cl)c2ccccc2)c1,1
CHEMBL377300,ChEMBL_8_A_23,Cc1cc2c(F)c(Oc3ncnn4cc(OC[C@@H](C)O)c(C)c34)ccc2[nH]1,1
CHEMBL1336,ChEMBL_8_A_24,CNC(=O)c1cc(Oc2ccc(NC(=O)Nc3ccc(Cl)c(C(F)(F)F)c3)cc2)ccn1,1
CHEMBL207471,ChEMBL_8_A_25,Nc1[nH]cnc2nnc(-c3ccc(Cl)cc3)c1-2,1
CHEMBL1908397,ChEMBL_8_A_26,O=C(c1ccc(/C=C/c2n[nH]c3ccccc23)cc1)N1CCNCC1,1
CHEMBL1789941,ChEMBL_8_A_27,N#CC[C@H](C1CCCC1)n1cc(-c2ncnc3[nH]ccc23)cn1,1
CHEMBL402548,ChEMBL_8_A_28,CO[C@@H](C(=O)N1Cc2[nH]nc(NC(=O)c3ccc(N4CCN(C)CC4)cc3)c2C1)c1ccccc1,1
CHEMBL119385,ChEMBL_8_A_29,O=c1ncn2nc(Sc3ccc(F)cc3F)ccc2c1-c1c(Cl)cccc1Cl,1
CHEMBL601719,ChEMBL_8_A_30,C[C@@H](Oc1cc(-c2cnn(C3CCNCC3)c2)cnc1N)c1c(Cl)ccc(F)c1Cl,1
CHEMBL607707,ChEMBL_8_A_31,CCOc1cc2ncc(C#N)c(Nc3ccc(F)c(Cl)c3)c2cc1NC(=O)/C=C/CN(C)C,1
CHEMBL538337,ChEMBL_8_A_32,Cc1ccc(NC(O)c2ccc(CN3CC[C@@H](CN(C)C)C3)c(C(F)(F)F)c2)cc1Nc1nccc(-c2cncnc2)n1.Cl,1
CHEMBL207986,ChEMBL_8_A_33,O=C(Nc1nnc(CCc2ccccc2)s1)c1ccccc1I,1
CHEMBL525191,ChEMBL_8_A_34,OCCn1cc(-c2ccc3c(c2)CC/C3=N\O)c(-c2ccncc2)n1,1
CHEMBL585666,ChEMBL_8_A_35,Cn1c(=O)c(-c2c(Cl)cccc2Cl)cc2cnc(Nc3ccc(OC4OC(CO)C(O)C(O)C4O)cc3)nc21,1
CHEMBL1822792,ChEMBL_8_A_36,CN(C[C@@H]1COCCO1)S(=O)(=O)Nc1ccc2ccc3ncc(-c4cnn(C)c4)cc3c(=O)c2c1,1
CHEMBL10,ChEMBL_8_A_37,C[S+]([O-])c1ccc(-c2nc(-c3ccc(F)cc3)c(-c3ccncc3)[nH]2)cc1,1
CHEMBL377193,ChEMBL_8_A_38,O=C(c1cc2cc(O)ccc2[nH]1)c1cc2cc(O)ccc2[nH]1,1
CHEMBL1421,ChEMBL_8_A_39,Cc1nc(Nc2ncc(C(=O)Nc3c(C)cccc3Cl)s2)cc(N2CCN(CCO)CC2)n1,1
CHEMBL1236107,ChEMBL_8_A_40,Cn1cc(-c2ccc3nnc(Sc4ccc5ncccc5c4)n3n2)cn1,1
CHEMBL1775042,ChEMBL_8_A_41,OCCNc1nc(NCCc2ccccc2)c2cnn(/C=C\c3ccccc3)c2n1,1
CHEMBL206575,ChEMBL_8_A_42,Cc1ccc(N2NC(=O)/C(=C/c3ccc(-c4ccc(C)c(Cl)c4)o3)C2=O)cc1C,1
CHEMBL553,ChEMBL_8_A_43,C#Cc1cccc(Nc2ncnc3cc(OCCOC)c(OCCOC)cc23)c1,1
CHEMBL475251,ChEMBL_8_A_44,COc1cc(Nc2ncc(F)c(Nc3ccc4c(n3)NC(=O)C(C)(C)O4)n2)cc(OC)c1OC,1
CHEMBL1908395,ChEMBL_8_A_45,CN(C)CC(=O)N1CCC(c2ccc(NC(=O)c3nc(C#N)c[nH]3)c(C3=CCCCC3)c2)CC1.Cl,1
CHEMBL384304,ChEMBL_8_A_46,COc1ccc(F)c(F)c1C(=O)c1cnc(NC2CCN(S(C)(=O)=O)CC2)nc1N,1
CHEMBL565612,ChEMBL_8_A_47,CN1CCN(c2nc(C3=C(c4c[nH]c5ccccc45)C(=O)NC3=O)c3ccccc3n2)CC1,1
CHEMBL455164,ChEMBL_8_A_48,CSc1nc(N2CCCCC2)c2cnn(CC(Br)c3ccccc3)c2n1,1
CHEMBL219964,ChEMBL_8_A_49,COc1cc(Nc2c(C#N)cnc3cc(-c4coc(CN(C)C)c4)c(OC)cc23)c(Cl)cc1Cl,1
CHEMBL1230020,ChEMBL_8_A_50,CCCS(=O)(=O)Nc1ccc(F)c(C(=O)c2c[nH]c3ncc(Cl)cc23)c1F,1
CHEMBL103667,ChEMBL_8_A_51,Cc1ccc(-n2nc(C(C)(C)C)cc2NC(=O)Nc2ccc(OCCN3CCOCC3)c3ccccc23)cc1,1
CHEMBL1172586,ChEMBL_8_A_52,Cc1ccc(C(=O)Nc2cc(-n3ccnc3)cc(C(F)(F)F)c2)cc1C#Cc1cnc2ccccn12,1
CHEMBL379308,ChEMBL_8_A_53,O=C1NN(c2ccc(I)cc2)C(=O)/C1=C\c1cc2c(cc1Br)OCO2,1
CHEMBL1775044,ChEMBL_8_A_54,CCCNc1nc(S(C)(=O)=O)nc2c1cnn2/C=C\c1ccccc1,1
CHEMBL207360,ChEMBL_8_A_55,O=C1NN(c2ccc(Cl)c(Cl)c2)C(=O)/C1=C\c1cccc(OCc2ccccc2)c1,1
CHEMBL565609,ChEMBL_8_A_56,Cn1c(=O)c(-c2c(Cl)cccc2Cl)cc2cnc(Nc3ccc(NC(=O)CCNC(=O)OC(C)(C)C)cc3)nc21,1
CHEMBL572881,ChEMBL_8_A_57,CC1(C)CNc2cc(NC(=O)c3cccnc3NCc3ccncc3)ccc21,1
CHEMBL1721885,ChEMBL_8_A_58,Cc1[nH]c(/C=C2\C(=O)Nc3ccc(F)cc32)c(C)c1C(=O)NC[C@H](O)CN1CCOCC1,1
CHEMBL477772,ChEMBL_8_A_59,Cc1ccc(Nc2nccc(N(C)c3ccc4c(C)n(C)nc4c3)n2)cc1S(N)(=O)=O,1
CHEMBL603469,ChEMBL_8_A_60,C[C@]12O[C@H](C[C@]1(O)CO)n1c3ccccc3c3c4c(c5c6ccccc6n2c5c31)CNC4=O,1
CHEMBL212673,ChEMBL_8_A_61,c1ccc(COc2cc3[nH]nc(-c4nc5cc(N6CCC(N7CCCCC7)CC6)ccc5[nH]4)c3cc2OCc2ccccc2)cc1,1
CHEMBL1775043,ChEMBL_8_A_62,CS(=O)(=O)c1nc(NCc2ccccc2)c2cnn(CC(Cl)c3ccccc3)c2n1,1
CHEMBL31965,ChEMBL_8_A_63,C=CC(=O)Nc1cc2c(Nc3ccc(F)c(Cl)c3)ncnc2cc1OCCCN1CCOCC1,1
CHEMBL259084,ChEMBL_8_A_64,O=C(O)c1ccc(Nc2ncc3c(n2)-c2ccc(Cl)cc2C(c2c(F)cccc2F)=NC3)cc1,1
CHEMBL388934,ChEMBL_8_A_65,CNN=Nc1ccc(C(=O)Nc2ccc(C)c(Nc3nccc(-c4cccnc4)n3)c2)cc1Cl,1
CHEMBL278495,ChEMBL_8_A_66,COc1cc(Nc2c(C#N)cnc3cc(-c4coc(CN5CCN(c6ccccc6)CC5)c4)c(OC)cc23)c(Cl)cc1Cl,1
CHEMBL1171679,ChEMBL_8_A_67,Cc1cn(-c2cc(NC(=O)c3ccc(C)c(/C=C/n4cnc5c(N)ncnc54)c3)cc(C(F)(F)F)c2)cn1,1
CHEMBL399627,ChEMBL_8_A_68,CSc1nc(Nc2cccc(Br)c2)c2cnn(CC(Cl)c3ccc(F)cc3)c2n1,1
CHEMBL402568,ChEMBL_8_A_69,O=C(Nc1nnc(SCc2ccc([N+](=O)[O-])cc2)s1)c1ccc(Cl)cc1,1
CHEMBL1908392,ChEMBL_8_A_70,CN1CCN(CC(=O)N(C)c2ccc(N/C(=C3\C(=O)Nc4ccccc43)c3ccccc3)cc2)CC1,1
CHEMBL572878,ChEMBL_8_A_71,Cc1cc(Nc2cc(N3CCN(C)CC3)nc(Sc3ccc(NC(=O)C4CC4)cc3)n2)n[nH]1,1
CHEMBL223360,ChEMBL_8_A_72,Cc1ccc(F)c(NC(=O)Nc2ccc(-c3cccc4[nH]nc(N)c34)cc2)c1,1
CHEMBL1289926,ChEMBL_8_A_73,CNC(=O)c1ccccc1Sc1ccc2c(/C=C/c3ccccn3)n[nH]c2c1,1
CHEMBL1172719,ChEMBL_8_A_74,Cc1ccc(C(=O)Nc2ccc(CN3CCN(C)CC3)c(C3CC3)c2)cc1C#Cc1cnc2cccnn12,1
CHEMBL209753,ChEMBL_8_A_75,c1ccc(CN2CCC(Nc3ccc4[nH]nc(-c5nc6cc(N7CCC(N8CCCCC8)CC7)ccc6[nH]5)c4c3)CC2)cc1,1
CHEMBL120077,ChEMBL_8_A_76,COc1cc2c(cc1OC)-c1n[nH]c(Nc3cccc(F)c3)c1C2,1
CHEMBL231632,ChEMBL_8_A_77,Cc1ccc(NC(=O)c2ccc(N(CCCl)CCCl)cc2)cc1Nc1nccc(-c2cccnc2)n1,1
CHEMBL939,ChEMBL_8_A_78,COc1cc2ncnc(Nc3ccc(F)c(Cl)c3)c2cc1OCCCN1CCOCC1,1
CHEMBL567068,ChEMBL_8_A_79,Cn1c(=O)c(-c2c(Cl)cccc2Cl)cc2cnc(Nc3ccc(NCC(O)CO)cc3)nc21,1
CHEMBL1241674,ChEMBL_8_A_80,CC(C)n1nc(-c2cc3cc(O)ccc3[nH]2)c2c(N)ncnc21,1
CHEMBL1775040,ChEMBL_8_A_81,CCCNc1nc(SCCN2CCOCC2)nc2c1cnn2CC(Cl)c1ccccc1,1
CHEMBL1171247,ChEMBL_8_A_82,Cc1ccc(C(=O)Nc2ccc(CN3CCN(C)CC3)c(C(F)(F)F)c2)cc1C#Cc1cnc2c(c1)OCC(=O)N2,1
CHEMBL1171045,ChEMBL_8_A_83,Cc1ccc(C(=O)Nc2ccc(CN3CCN(CCF)CC3)c(C(F)(F)F)c2)cc1C#Cc1cnc2ccccn12,1
CHEMBL1642,ChEMBL_8_A_84,CS(=O)(=O)O.Cc1ccc(NC(=O)c2ccc(CN3CCN(C)CC3)cc2)cc1Nc1nccc(-c2cccnc2)n1,1
CHEMBL515135,ChEMBL_8_A_85,CCN(CC)c1nc(SC)nc2c1cnn2CC(Cl)c1ccc(Cl)cc1,1
CHEMBL230686,ChEMBL_8_A_86,Cc1cc(-c2c(Cl)cccc2Cl)cc2nnc(Nc3ccc(OCCN4CCCC4)cc3)nc12,1
CHEMBL509032,ChEMBL_8_A_87,COc1cc(N2CCC(N3CCN(C)CC3)CC2)ccc1Nc1ncc(Cl)c(Nc2ccccc2S(=O)(=O)C(C)C)n1,1
CHEMBL1173655,ChEMBL_8_A_88,CN(C)C/C=C/C(=O)Nc1cc2c(Nc3ccc(F)c(Cl)c3)ncnc2cc1O[C@H]1CCOC1,1
CHEMBL376993,ChEMBL_8_A_89,COc1cc(SC)ccc1C(=O)Nc1nnc(CCc2ccccc2)s1,1
CHEMBL574738,ChEMBL_8_A_90,CCN1CCN(Cc2ccc(NC(=O)Nc3ccc(Oc4cc(NC)ncn4)cc3)cc2C(F)(F)F)CC1,1
CHEMBL408966,ChEMBL_8_A_91,Clc1ccc(C(Cl)Cn2ncc3c(NCc4cccc(Cl)c4)ncnc32)cc1,1
CHEMBL475739,ChEMBL_8_A_92,CSc1nc(N2CCOCC2)c2cnn(CC(Cl)c3ccc(F)cc3)c2n1,1
CHEMBL565366,ChEMBL_8_A_93,CN1CCN(C(=O)c2ccc(Nc3ncc4cc(-c5c(Cl)cccc5Cl)c(=O)n(C)c4n3)cc2)CC1,1
CHEMBL230064,ChEMBL_8_A_94,Cc1ccc(NC(=O)c2ccc(N)c(C(F)(F)F)c2)cc1Nc1nccc(-c2cccnc2)n1,1
CHEMBL522892,ChEMBL_8_A_95,CN1CCN(c2ccc3nc(-c4c(N)c5c(F)cccc5[nH]c4=O)[nH]c3c2)CC1,1
CHEMBL162,ChEMBL_8_A_96,CN[C@@H]1CC2O[C@@](C)([C@@H]1OC)n1c3ccccc3c3c4c(c5c6ccccc6n2c5c31)C(=O)NC4,1
CHEMBL378024,ChEMBL_8_A_97,CC(C)(C)NC(=O)Nc1ccc2[nH]nc(-c3nc4cc(N5CCC(N6CCCCC6)CC5)ccc4[nH]3)c2c1,1
CHEMBL554084,ChEMBL_8_A_98,Cc1ccc(NC(=O)c2cccc(C(F)(F)F)c2)cc1/C=C/n1cnc2c(Nc3ccc(P(C)(C)=O)cc3)ncnc21,1
CHEMBL491473,ChEMBL_8_A_99,COc1cc2c(Oc3ccc4[nH]c(C)cc4c3F)ncnc2cc1OCCCN1CCCC1,1
CHEMBL180022,ChEMBL_8_A_100,CCOc1cc2ncc(C#N)c(Nc3ccc(OCc4ccccn4)c(Cl)c3)c2cc1NC(=O)/C=C/CN(C)C,1
ZINC64960203,ChEMBL_zinc_D_1,CCOC(=O)c1nc2onc(-c3ccc(C)cc3)c2c(NCc2cc(C)ccc2C)n1,0
ZINC64972966,ChEMBL_zinc_D_2,CCOC(=O)C1=NC(C)=C(CN(C(=O)c2cc(OC)cc(OC)c2)C2CCCCC2)C1C,0
ZINC22786881,ChEMBL_zinc_D_3,Cc1ccc(NC(=O)CN2CC[NH+](Cc3nc4scc(-c5cccs5)c4c(=O)[nH]3)CC2)c(F)c1,0
ZINC05595478,ChEMBL_zinc_D_4,O=C1c2ccccc2NC(c2ccc(Cl)cc2)N1Cc1ccco1,0
ZINC02166540,ChEMBL_zinc_D_5,CCCOc1cccc(OCCC)c1C,0
ZINC41361199,ChEMBL_zinc_D_6,CCCn1c(SCC(=O)NC(C)CC)nnc1C(C)(C)C,0
ZINC31394995,ChEMBL_zinc_D_7,CC(NC(=O)c1ccc(-c2ccc3c(c2)OCCO3)s1)c1ccc(NC(=O)C2CC2)cc1,0
ZINC30467114,ChEMBL_zinc_D_8,CCOc1c(Cl)cc(C(=O)NC(C)c2cccc(Br)c2)cc1OC,0
ZINC67499391,ChEMBL_zinc_D_9,Cc1cc(CNC(=O)c2ccc(-n3cnnn3)c(C)c2)no1,0
ZINC67506592,ChEMBL_zinc_D_10,CC(C)(C)n1cc(C[NH2+]C2CC2c2cccc(F)c2)cn1,0
ZINC67301111,ChEMBL_zinc_D_11,CCNC(=O)Nc1cccc(NC(=O)C2CC(=O)N(CC(C)C)C2)c1,0
ZINC67353655,ChEMBL_zinc_D_12,CCC(C)NC(=O)Nc1cc(F)c(S(C)(=O)=O)c(F)c1,0
ZINC70971011,ChEMBL_zinc_D_13,CC(=O)c1c(C)[nH]c(C(=O)Nc2cnn(-c3cccc(C(F)(F)F)c3)c2)c1C,0
ZINC70975421,ChEMBL_zinc_D_14,O=C(C[NH+](Cc1ccco1)Cc1ccccc1O)Nc1cc(Cl)ccc1F,0
ZINC25408504,ChEMBL_zinc_D_15,Cc1ccc(CCC(=O)NCC(C)(C)N2CC(C)OC(C)C2)cc1Cl,0
ZINC26402669,ChEMBL_zinc_D_16,CC(NC(=O)N1CCN(c2cccc(Cl)c2)CC1)C1CCCO1,0
ZINC49400909,ChEMBL_zinc_D_17,Cc1ccc(C(N)=O)c(OC(=O)c2cccc(C(N)=O)c2)c1,0
ZINC69982953,ChEMBL_zinc_D_18,O=C(c1ccc(OCCO)cc1)N1CCN(c2cccc(C(F)(F)F)c2)CC1,0
ZINC61086564,ChEMBL_zinc_D_19,O=C(OCCN1CCCCCC1=O)c1ccc2c(c1)NC(=O)CS2,0
ZINC61135647,ChEMBL_zinc_D_20,COC1CCN(C(=O)c2ccc(N3CC[NH+](C(C)C)CC3)cc2)CC1,0
ZINC52564489,ChEMBL_zinc_D_21,CC(COc1ccc(F)cc1)NC(=O)N1CCC1,0
ZINC05324813,ChEMBL_zinc_D_22,C[NH+]1CCN(C(=O)c2cc3c(nc4ccccn4c3=O)n2Cc2ccccc2)CC1,0
ZINC32100923,ChEMBL_zinc_D_23,CSc1ccc(C2CC(O)=Nc3c2c(C)nn3-c2ccc(Cl)nn2)cc1,0
ZINC07087898,ChEMBL_zinc_D_24,N#CCCn1cc(C2Nc3ccccc3C(=O)N2CCc2ccccc2)c2ccccc21,0
ZINC68652390,ChEMBL_zinc_D_25,CCOc1ccc(C2CCCN2C(=O)C(C)c2ccc3c(c2)OCCO3)cc1,0
ZINC68659899,ChEMBL_zinc_D_26,CC(NC(=O)C1CCCN(c2cnccn2)C1)c1cccc(N2CCOC2=O)c1,0
ZINC67555156,ChEMBL_zinc_D_27,O=C(NCc1ccc(Oc2cccnc2)c(F)c1)Nc1nnc(C2CC2)s1,0
ZINC67564637,ChEMBL_zinc_D_28,COc1cc(CNC(=O)NC2CC2c2cccc(F)c2)ccc1C,0
ZINC60345039,ChEMBL_zinc_D_29,COc1cc(C(=O)N2CCCN(C(=O)OCC(C)C)CC2)ccc1C,0
ZINC60427290,ChEMBL_zinc_D_30,Cc1cccc(C)c1-n1nnnc1SCCOc1ccccc1C#N,0
ZINC68524427,ChEMBL_zinc_D_31,O=C(NCC[NH+]1Cc2ccccc2C1)Nc1ccc(F)c(F)c1F,0
ZINC68538123,ChEMBL_zinc_D_32,CS(=O)(=O)N1Cc2ccccc2CC1C(=O)NCCOCC1CCOC1,0
ZINC70868431,ChEMBL_zinc_D_33,COCCN1CC(C(=O)Nc2ccc(F)cc2OCC(F)(F)F)CC1=O,0
ZINC52817629,ChEMBL_zinc_D_34,CCCCN(C)C(=O)c1cccc(CN2CCCC2=O)c1,0
ZINC50631820,ChEMBL_zinc_D_35,CC(C)OCC(=O)NCc1ccc(S(=O)(=O)NCc2ccco2)cc1,0
ZINC65138484,ChEMBL_zinc_D_36,Cc1nn(Cc2ccc(C(=O)NCc3cc(C)ccc3C)cc2)c(C)c1S(=O)(=O)N1CCCCC1,0
ZINC69420188,ChEMBL_zinc_D_37,Clc1ccccc1C[NH+]1CCCC(C2OCCO2)C1,0
ZINC69431705,ChEMBL_zinc_D_38,CN(C)C(=O)C1CCC[NH+]1CCCNC(=O)NCCCc1cccc(F)c1,0
ZINC67403607,ChEMBL_zinc_D_39,CCCCN(C)C(=O)c1ccccc1S(=O)(=O)NCc1cccnc1,0
ZINC67427273,ChEMBL_zinc_D_40,O=C(NCc1ccnc(OCC2CC2)c1)NC1CC[NH+](Cc2ccccc2)CC1,0
ZINC69923487,ChEMBL_zinc_D_41,c1cnn(CC2CCCC[NH+]2Cc2cn3ccsc3n2)c1,0
ZINC49404687,ChEMBL_zinc_D_42,Cc1cc(C(C#N)C(=O)CCNC(=O)NC23CC4CC(CC(C4)C2)C3)nc(C)n1,0
ZINC67850530,ChEMBL_zinc_D_43,CCOc1ccccc1CCNC(=O)CCCNC(=O)c1ccc(Cl)cc1,0
ZINC67871974,ChEMBL_zinc_D_44,O=C([O-])CCC(=O)N1CCOc2c(O)cc(-c3nc4ccccc4s3)cc2C1,0
ZINC49235015,ChEMBL_zinc_D_45,c1cnc2ccc(C[NH2+]C(C3CC3)C3CC3)cc2c1,0
ZINC49430788,ChEMBL_zinc_D_46,O=C(C1CCCCC1)N1CCC(Oc2nc3ccccc3s2)CC1,0
ZINC08206602,ChEMBL_zinc_D_47,CSc1nnc(SCC(=O)NCc2ccc(N(C)C)cc2)s1,0
ZINC02994628,ChEMBL_zinc_D_48,Cc1ccc(SCCNC(=O)c2ccc(N(Cc3ccccc3)S(C)(=O)=O)cc2)cc1,0
ZINC36997374,ChEMBL_zinc_D_49,CC(C)Oc1cccc(C(C)[NH2+]Cc2ccccc2)c1,0
ZINC38914955,ChEMBL_zinc_D_50,CCc1noc(C2CC(=O)N(c3ccccc3F)C2)n1,0
ZINC22439044,ChEMBL_zinc_D_51,COc1ccc(C(CNC(=O)c2cc(F)cc(F)c2)[NH+](C)C)cc1,0
ZINC68922349,ChEMBL_zinc_D_52,CC(=O)c1ccc(F)cc1OCC(=O)Nc1ccc(N2CCCC2)cc1C,0
ZINC30768599,ChEMBL_zinc_D_53,CN(C)C(=O)CCc1cccc(NC(=O)CCC(=O)Nc2cccc(CCC(=O)N(C)C)c2)c1,0
ZINC00710049,ChEMBL_zinc_D_54,CCCc1ccc(OCC(O)C[NH+]2CCN(C(=O)OCC)CC2)cc1,0
ZINC52815383,ChEMBL_zinc_D_55,CCCCNC(=O)NCc1ccccc1CN1CCOCC1,0
ZINC70880581,ChEMBL_zinc_D_56,CC(=O)N1C=Cc2ccccc2C1CC(=O)NC1(C(N)=O)CCCC1,0
ZINC68101635,ChEMBL_zinc_D_57,CC1COCCN1C(=O)C1CCN(c2ccc(F)c(F)c2)C1=O,0
ZINC68109657,ChEMBL_zinc_D_58,Cc1nc(CC(C)C)sc1C(=O)N1CCCN(C(=O)OC(C)(C)C)CC1,0
ZINC68546553,ChEMBL_zinc_D_59,Cc1csc(Sc2ccc(NC(=O)N(C)C(C)c3ccccn3)cc2)n1,0
ZINC06667547,ChEMBL_zinc_D_60,CC(=O)c1ccc(N2CC[NH+](Cc3c(F)cccc3Cl)CC2)cc1,0
ZINC67354760,ChEMBL_zinc_D_61,Cc1ccsc1-c1cccc(NC(=O)N(C)CCc2ccccn2)c1,0
ZINC11932885,ChEMBL_zinc_D_62,c1cc(C[NH+]2CCCC(Nc3ccc4c(c3)OCO4)C2)n(-c2ccccn2)c1,0
ZINC51582578,ChEMBL_zinc_D_63,Cc1cc(C)c(NC(=O)NCCCCOCc2ccccc2)c(C)c1,0
ZINC05277930,ChEMBL_zinc_D_64,COc1ccccc1-c1nc(C#N)c(N2CC[NH+](C)CC2)o1,0
ZINC12228115,ChEMBL_zinc_D_65,Cc1nn(CC(=O)Nc2ccc3c(c2)OCO3)c(=O)c2c1cnn2-c1cccc(Cl)c1,0
ZINC12389970,ChEMBL_zinc_D_66,O=C(Nc1cc(Cl)ccc1Cl)c1cc(F)ccc1-n1cnnn1,0
ZINC56162038,ChEMBL_zinc_D_67,CCCCCOc1ccc(C(C)[NH2+]C(C(N)=O)c2ccccc2)cc1OC,0
ZINC56166626,ChEMBL_zinc_D_68,COc1cc(Br)c(NC(=O)c2ccc3c(c2)OCO3)cc1OC,0
ZINC03613481,ChEMBL_zinc_D_69,O=C(NCCc1ccc(F)cc1)c1cccc(S(=O)(=O)N2CCOCC2)c1,0
ZINC08520493,ChEMBL_zinc_D_70,CC(c1ccccc1)N(C)S(=O)(=O)c1ccc(Br)cc1Cl,0
ZINC23652410,ChEMBL_zinc_D_71,CCCCCC(C)NC(=O)C1CCN(S(=O)(=O)c2ccc(OCC)cc2)CC1,0
ZINC23872459,ChEMBL_zinc_D_72,CCC(C)C(=O)NC(Cc1ccc(OC)cc1)c1ccc(OC)cc1,0
ZINC69376560,ChEMBL_zinc_D_73,CC(Nc1nc2ccccc2o1)C(C)n1cccn1,0
ZINC69424249,ChEMBL_zinc_D_74,O=C(CCc1ccc(Cl)s1)Nc1ccc(NCc2ccccn2)cc1,0
ZINC04677352,ChEMBL_zinc_D_75,O=C1c2ccccc2C2=Nc3ncnn3C(c3ccccc3)C12,0
ZINC43928231,ChEMBL_zinc_D_76,COC(=O)c1ccccc1SCC(=O)NC(C)c1ccc(F)cc1,0
ZINC41656760,ChEMBL_zinc_D_77,CCOC(=O)c1cnc(NC)nc1COc1cccc(Cl)c1,0
ZINC41704692,ChEMBL_zinc_D_78,Cc1ccc(CNC(=O)CSc2nncs2)c(C)c1,0
ZINC24612922,ChEMBL_zinc_D_79,Cc1cc(Cl)ccc1NC(=O)C1CCN(S(=O)(=O)Cc2ccccc2F)CC1,0
ZINC24974398,ChEMBL_zinc_D_80,Cc1cc(C)nc(N2CCC([NH+]3CCN(C(=O)c4ccncc4)CC3)CC2)n1,0
ZINC42666041,ChEMBL_zinc_D_81,Cc1ccc(C)c(NC(=O)CNc2ccc(C(=O)N3CCCC3)cc2)c1,0
ZINC00372147,ChEMBL_zinc_D_82,Cc1cc(C(=O)Nc2ccc(I)cc2C)no1,0
ZINC01464523,ChEMBL_zinc_D_83,CCOC(=O)C1=C(C)NC(=O)NC1c1ccc(-c2cc(Cl)ccc2Cl)o1,0
ZINC00900631,ChEMBL_zinc_D_84,Cc1ccc(C2CC(C(F)F)n3ncc(C(=O)NCc4cccc(C(F)(F)F)c4)c3N2)cc1,0
ZINC67096468,ChEMBL_zinc_D_85,Cn1cc(-c2nc(C(=O)NC3CC3c3cccc(F)c3)cs2)cn1,0
ZINC67122768,ChEMBL_zinc_D_86,CN(C)C(=O)C(Cc1ccccc1)NCc1cccc(OC(F)(F)F)c1,0
ZINC62647232,ChEMBL_zinc_D_87,CC(=O)c1ccc(N2CCN(C(C)C(=O)Nc3ccc(S(=O)(=O)N4CCCC4)cc3)CC2)cc1,0
ZINC05204275,ChEMBL_zinc_D_88,CCOc1ccc(-c2cccc(NS(=O)(=O)c3ccc(OC)c(OC)c3)c2)nn1,0
ZINC67270209,ChEMBL_zinc_D_89,CC(CNC(=O)c1cc2c([nH]c1=O)CCC2)[NH+]1CCC(C)CC1,0
ZINC67461941,ChEMBL_zinc_D_90,CCc1ncc(CN(C)C(=O)NC2CCc3cc(Cl)ccc32)s1,0
ZINC12570754,ChEMBL_zinc_D_91,COc1ccc(C(=O)C2CCC[NH+](C3Cc4ccccc4C3)C2)cc1OC,0
ZINC04942148,ChEMBL_zinc_D_92,CCCNC(=O)CSc1c(CCC)cnc2c1c(=O)n(C)c(=O)n2C,0
ZINC05477664,ChEMBL_zinc_D_93,Cc1ccc(-n2ncc3c2ncnc3SCc2cc(C)ccc2C)cc1,0
ZINC54254708,ChEMBL_zinc_D_94,CC(=O)c1ccc(OC(=O)CN2c3ccccc3OC(C)C2=O)cc1,0
ZINC61073496,ChEMBL_zinc_D_95,CN(CC(=O)N1CCCC1)C(=O)c1coc(Br)c1,0
ZINC61111304,ChEMBL_zinc_D_96,Cc1cccc(OCCCOc2ccc3c(c2)OCO3)c1,0
ZINC36312542,ChEMBL_zinc_D_97,COCCN(Cc1c(-c2ccccc2)noc1N1CCCCC1)C(=O)c1cccs1,0
ZINC36394942,ChEMBL_zinc_D_98,COC(=O)c1cc(S(N)(=O)=O)ccc1OCC(=O)N(C)Cc1cccc(OC)c1,0
ZINC51677200,ChEMBL_zinc_D_99,CC(C)CC(NC(=O)N1CCCC(C(=O)NC2CC2)C1)c1ccccc1,0
ZINC52426555,ChEMBL_zinc_D_100,Cc1ccc(OC2CCN(c3ncccc3C#N)CC2)cc1C,0
ZINC52577977,ChEMBL_zinc_D_101,CC(Oc1ccc(Cl)c(Cl)c1)C(=O)NC1CCCc2c1cnn2C,0
ZINC52874118,ChEMBL_zinc_D_102,CC[NH+](Cc1csc(NC(C)=O)n1)C1CCCCC1,0
ZINC02793112,ChEMBL_zinc_D_103,CC(=O)c1cc2c(cc1NC(=O)C(C)Cn1cc(Br)cn1)OCO2,0
ZINC70162928,ChEMBL_zinc_D_104,Cn1c(CNCc2cccc(Br)c2)nc2ccccc21,0
ZINC60386160,ChEMBL_zinc_D_105,COc1cccc(OC)c1OCC(=O)NCCC(c1ccccc1)c1ccccc1,0
ZINC02219386,ChEMBL_zinc_D_106,O=S(=O)(c1ccc(Cl)cc1)N1CC[NH+](CC(O)Cn2c3ccccc3c3ccccc32)CC1,0
ZINC01010697,ChEMBL_zinc_D_107,O=C([O-])c1ccc(CNC(=O)c2ccc(NC(=O)c3ccco3)cc2)cc1,0
ZINC43143992,ChEMBL_zinc_D_108,Cc1ccc(NC(=O)N2CCN(S(=O)(=O)c3ccc(C#N)cc3)CC2)cc1C,0
ZINC32954516,ChEMBL_zinc_D_109,CCOc1ccc(C(C)=O)cc1COC(=O)C1CC(=O)N(c2ccccc2Cl)C1,0
ZINC32960408,ChEMBL_zinc_D_110,CCc1ccc(CNC(=O)C2CCCN(c3nc(C)nc4oc(C)c(C)c43)C2)cc1,0
ZINC67541589,ChEMBL_zinc_D_111,O=C(NCC(O)c1ccc2ccccc2c1)Nc1ccc2oc(C3CC3)nc2c1,0
ZINC67629491,ChEMBL_zinc_D_112,O=C(NCCCCn1ccccc1=O)C1Cc2ccccc2S1,0
ZINC72161920,ChEMBL_zinc_D_113,C[NH+]1CCC(N(Cc2cccnc2)Cc2ccc(O)cc2Cl)CC1,0
ZINC07427898,ChEMBL_zinc_D_114,CC(=O)NCc1ccc(C(=O)CSc2ncnc3sccc32)s1,0
ZINC04979831,ChEMBL_zinc_D_115,CC1CCCC(NC(=O)COC(=O)c2ccccc2NC(=O)c2ccco2)C1C,0
ZINC05069694,ChEMBL_zinc_D_116,CCC(C)NC(=O)CC1Oc2ccc(C)cc2NC1=O,0
ZINC08710627,ChEMBL_zinc_D_117,CCOc1ccccc1-c1noc(C[NH+]2CCN(c3ccccc3Cl)CC2)n1,0
ZINC08904374,ChEMBL_zinc_D_118,COc1c(C)cccc1C(=O)Nc1cccc(Cl)c1N1CCN(C(=O)C(C)C)CC1,0
ZINC12069942,ChEMBL_zinc_D_119,COc1ccccc1N1CCN(C(=O)c2ccc(=O)n(C)n2)CC1,0
ZINC12331282,ChEMBL_zinc_D_120,O=C(NCc1ccco1)C1CC12CCN(C(=O)C(c1ccccc1)C1CCCC1)CC2,0
ZINC67418998,ChEMBL_zinc_D_121,O=C(NCC1(c2ccc(Cl)cc2)CC1)NC1CCCNC1=O,0
ZINC67436743,ChEMBL_zinc_D_122,CC(=O)NCC1CCCN(S(=O)(=O)c2cccc(Br)c2)C1,0
ZINC67368616,ChEMBL_zinc_D_123,COc1ccc(CNc2ccc(C#N)c(C(F)(F)F)c2)c(OC)c1OC,0
ZINC67439416,ChEMBL_zinc_D_124,CC([NH2+]Cc1ccc(Cl)c(F)c1)c1ccc2c(c1)NC(=O)CO2,0
ZINC24992705,ChEMBL_zinc_D_125,CN(C)C(=O)c1cccc(NC(=O)c2cc3ccccc3s2)c1,0
ZINC25067829,ChEMBL_zinc_D_126,COc1ccc(OC)c(C[NH2+]Cc2ccc(OCc3cccs3)c(OC)c2)c1,0
ZINC30827968,ChEMBL_zinc_D_127,CCOC(=O)c1cc(NC(=O)COc2ccccc2F)ccc1N1CCOCC1,0
ZINC30952732,ChEMBL_zinc_D_128,OC(c1cccc(Cl)c1)c1ccccn1,0
ZINC50616400,ChEMBL_zinc_D_129,COc1ccc(C2C3C(=Nc4ncnn42)c2cc(C)ccc2OC3c2cccc(OC)c2OC)cc1,0
ZINC50728844,ChEMBL_zinc_D_130,O=C(NC1CC1)C1CCCN(C(=O)c2[nH]c3ccc(Cl)cc3c2Cl)C1,0
ZINC02633003,ChEMBL_zinc_D_131,COCC(C)NC(=O)CNS(=O)(=O)c1ccc(Cl)cc1,0
ZINC61198906,ChEMBL_zinc_D_132,C[NH+](C)CCNC(=O)c1cccc(NC(=O)c2ccccc2N2CCOCC2)c1,0
ZINC45825152,ChEMBL_zinc_D_133,CCN(CC(=O)Nc1cccc(OC)c1)C(=O)CCOc1ccccc1F,0
ZINC46030469,ChEMBL_zinc_D_134,COc1ccc(CN(C)C(=O)Nc2ccc(N(C)C)cc2C)cc1OC(F)F,0
ZINC68273413,ChEMBL_zinc_D_135,O=C(COCC1CC1)NCC(C(=O)N1CCOCC1)c1ccccc1,0
ZINC68281470,ChEMBL_zinc_D_136,O=C(Cc1ccc(OC(F)(F)F)cc1)Nc1ccc(Cl)nn1,0
ZINC14532764,ChEMBL_zinc_D_137,CCCNc1cnc2c(c1)c(NC(=O)C1CCCO1)c(C(=O)OC)n2CCc1ccccc1,0
ZINC14547314,ChEMBL_zinc_D_138,Cc1cc(C)cc(NS(=O)(=O)c2ccc3c(c2)C2C=CCC2C(c2cccnc2)N3)c1,0
ZINC57271411,ChEMBL_zinc_D_139,CC(=O)Nc1cc(C(=O)NCC(=O)N2CCCc3ccccc32)ccc1C,0
ZINC65113709,ChEMBL_zinc_D_140,CCc1ccc(NC(=O)c2ccc(-c3noc(C4CCN(C(=O)c5ccccc5)CC4)n3)cc2)cc1,0
ZINC69458046,ChEMBL_zinc_D_141,Cc1nnc2n1CCN(C(=O)CCc1ccsc1)C2,0
ZINC69490117,ChEMBL_zinc_D_142,Cc1cnn(CC2CN(CCn3cncn3)CCO2)c1,0
ZINC67533776,ChEMBL_zinc_D_143,COC1CCN(C(=O)NC(C)COCC(F)(F)F)CC1,0
ZINC67539223,ChEMBL_zinc_D_144,CC(NC(=O)Nc1cccc(OC(F)(F)F)c1)C(=O)N1CCCCC1,0
ZINC00286036,ChEMBL_zinc_D_145,COC(=O)c1ccc(S(=O)(=O)N2CCCCC2C)cc1,0
ZINC05466410,ChEMBL_zinc_D_146,CCOc1ccc(C(=O)N2CCCC(C)C2)cc1OCC,0
ZINC66668149,ChEMBL_zinc_D_147,Cc1ncsc1CN(C)C(=O)Nc1ccc(N(C)C(C)C)c(F)c1,0
ZINC66674828,ChEMBL_zinc_D_148,CCN(C(=O)c1cccc(OCC(N)=O)c1)C1CCCCC1C,0
ZINC67931479,ChEMBL_zinc_D_149,CCC(C)c1csc(NC(=O)c2cccn2Cc2cccnc2)n1,0
ZINC67964583,ChEMBL_zinc_D_150,O=C1NC(c2ccc3ncccc3c2)Nc2ccc(Cl)cc21,0
ZINC06109354,ChEMBL_zinc_D_151,Cc1nnc(SCc2cc(=O)oc3cc(C)c(C(C)C)cc23)n1-c1ccccc1,0
ZINC33011404,ChEMBL_zinc_D_152,CCc1nnc(C(=O)Nc2ccc(C(=O)NCCC3=CCCCC3)cc2)s1,0
ZINC51334063,ChEMBL_zinc_D_153,COc1c(C)cnc(CNC(=O)NC(C)c2cnn(C)c2C)c1C,0
ZINC05299318,ChEMBL_zinc_D_154,COc1cc(OC)cc(C(=O)N2CCN(c3nc4cc(C)c(C)cc4s3)CC2)c1,0
ZINC11785615,ChEMBL_zinc_D_155,O=C(Cc1cc(F)ccc1F)NCC1CCC2(CC[NH+](Cc3ccccn3)CC2)O1,0
ZINC11879037,ChEMBL_zinc_D_156,CC[NH+]1CCCC1CNc1nncc(-c2ccc(OC)cc2)n1,0
ZINC67882462,ChEMBL_zinc_D_157,CCc1nc(C2CCCN(C(=O)c3ccc(-c4ccco4)[nH]c3=O)C2)no1,0
ZINC67937524,ChEMBL_zinc_D_158,O=C(Nc1cc(Br)c[nH]c1=O)c1ccnc(Cl)c1,0
ZINC29839443,ChEMBL_zinc_D_159,CNC(=O)C(C)Sc1nc(C2CC2)n(-c2ccccc2)n1,0
ZINC12992791,ChEMBL_zinc_D_160,CC1CCC[NH+](Cc2csc(NC(=O)c3ccccc3)n2)C1,0
ZINC65168487,ChEMBL_zinc_D_161,COc1ccc(-c2ncc3c(n2)CCN(C(=O)c2cccnc2)C3)cc1,0
ZINC65184886,ChEMBL_zinc_D_162,O=C(Cn1c2csnc2c(=O)n(Cc2ccccc2)c1=O)Nc1c(F)cccc1F,0
ZINC40431263,ChEMBL_zinc_D_163,CCc1cccc(=NS(=O)(=O)c2ccc(-c3ccc(C#N)cc3)cc2)[nH]1,0
ZINC40457545,ChEMBL_zinc_D_164,C[NH+](C)C(C)(C)CNC(=O)c1ccc2c(c1)NC(=O)CCS2,0
ZINC57875927,ChEMBL_zinc_D_165,N#Cc1nc(-c2ccco2)oc1N1CCN(C(=O)C[NH+]2CCC(C#N)CC2)CC1,0
ZINC21384708,ChEMBL_zinc_D_166,O=C(Cn1nnc(-c2ccccc2)n1)Nc1ccc(NC(=O)CN2CCOCC2)cc1,0
ZINC14242888,ChEMBL_zinc_D_167,O=C(CN1CCN(C(=O)c2ccccc2Cl)CC1)N(Cc1ccco1)Cc1ccccc1,0
ZINC36564793,ChEMBL_zinc_D_168,CCOC(=O)CCN(Cc1ccccc1)C(=O)C(CC)Oc1cccc(C)c1,0
ZINC67954997,ChEMBL_zinc_D_169,Cc1ccccc1CN(C)C(=O)C(C)Sc1nnc(Cc2ccccc2F)o1,0
ZINC68044539,ChEMBL_zinc_D_170,c1csc(-c2nnc(SCc3noc(Cc4ccccc4)n3)n2C2CC2)c1,0
ZINC06872160,ChEMBL_zinc_D_171,COCCN(CCC(=O)NCC(C)C)c1nc(-c2ccco2)nc2ccccc21,0
ZINC70449026,ChEMBL_zinc_D_172,CCN(C(=O)c1cc(C2CC2)[nH]n1)c1ccc(OC)nc1,0
ZINC12870173,ChEMBL_zinc_D_173,COc1cccc(CNC(=O)NC(c2ccccc2)C2CC2)c1,0
ZINC12877452,ChEMBL_zinc_D_174,CC1CC(=O)Nc2ccccc2N1C(=O)CN(C)C(=O)c1nn(-c2ccccc2)c2c1CCC2,0
ZINC60407274,ChEMBL_zinc_D_175,Cc1ccc(CN(CC[NH+](C)C)C(=O)c2cccc(NC(=O)C3CCCO3)c2)o1,0
ZINC46635057,ChEMBL_zinc_D_176,Cc1cc(C)n(-c2ccc(CCNC(=O)CCC(=O)c3ccccc3)cc2)n1,0
ZINC24070382,ChEMBL_zinc_D_177,Cc1cc(S(=O)(=O)Nc2ccccc2OC(F)F)c(C)s1,0
ZINC25120837,ChEMBL_zinc_D_178,COCC(C)n1c(C)cc(C(=O)CSc2nnc(-c3ccncc3)n2-c2ccc(C)c(C)c2)c1C,0
ZINC32090624,ChEMBL_zinc_D_179,CCc1nnc2ccc(NC(C)c3ccccc3)nn21,0
ZINC32101358,ChEMBL_zinc_D_180,O=C(Nc1nccs1)C(Cc1ccccc1)NC(=O)C1CC(=O)N(c2ccccc2)C1,0
ZINC05178004,ChEMBL_zinc_D_181,Clc1cccc(-n2ncc3c4nnc(-c5cccs5)n4cnc32)c1,0
ZINC03016361,ChEMBL_zinc_D_182,CCc1nc2oc3ccc(F)cc3c(=O)c2cc1C(=O)OC,0
ZINC06197457,ChEMBL_zinc_D_183,CCOC(=O)C(CC)Sc1nc2c(c(=O)[nH]c(=O)n2C)n1CC(O)COc1ccccc1,0
ZINC06649899,ChEMBL_zinc_D_184,CCn1c2ccccc2nc1SC(C)c1nnc(-c2cccs2)o1,0
ZINC62222708,ChEMBL_zinc_D_185,CC1Cc2ccccc2N(C(=O)C2CCN(C(=O)OC(C)(C)C)CC2)C1,0
ZINC62524164,ChEMBL_zinc_D_186,CC(NC(=O)NC1CCC(C)CC1)C(=O)NCc1ccco1,0
ZINC42996949,ChEMBL_zinc_D_187,Cc1cc(CN(C)C(=O)NCc2ccc(Cl)cc2Cl)no1,0
ZINC04653232,ChEMBL_zinc_D_188,CCOC(=O)CC(NC(=O)c1c(Cl)cccc1Cl)c1ccc(OC)cc1,0
ZINC25157869,ChEMBL_zinc_D_189,C#Cc1cccc(NC(=O)c2cc(C)ccc2C)c1,0
ZINC25323331,ChEMBL_zinc_D_190,O=C(Cc1ccsc1)Nc1ccncc1,0
ZINC07445327,ChEMBL_zinc_D_191,COc1ccc(-c2ccc(SCC(=O)c3ccccc3)nn2)cc1,0
ZINC07477983,ChEMBL_zinc_D_192,O=S(=O)(c1cccc(COc2ccccc2Br)c1)N1CCOCC1,0
ZINC23236104,ChEMBL_zinc_D_193,CCNC(=O)Cc1csc(Nc2ccc(F)cc2)n1,0
ZINC23249008,ChEMBL_zinc_D_194,CC(C)c1ccc(CN2CC[NH+](Cc3nc(N)nc(N(C)C)n3)CC2)cc1,0
ZINC65897553,ChEMBL_zinc_D_195,CCS(=O)(=O)[N-]c1ccccc1C(=O)Nc1cnc(C(C)(C)C)nc1,0
ZINC65928800,ChEMBL_zinc_D_196,CCn1c(CCNC(=O)c2ccccc2S(=O)(=O)C(C)C)nc2ccccc21,0
ZINC28558038,ChEMBL_zinc_D_197,Cc1nn(C)c2c1ncn(-c1ccc(NC(=O)Cc3ccc(F)cc3)cc1)c2=O,0
ZINC28574378,ChEMBL_zinc_D_198,O=C(CCc1ccccc1)Nc1cnn(Cc2cccc(C(F)(F)F)c2)c1,0
ZINC63315872,ChEMBL_zinc_D_199,O=C(NCCCNC(=O)c1ccccc1F)NCc1ccc(O)cc1,0
ZINC63521229,ChEMBL_zinc_D_200,Cc1ccc(-c2ccc(CNCc3ccc(-n4cncn4)nc3)s2)cc1,0
ZINC71000239,ChEMBL_zinc_D_201,COC(=O)c1ccccc1C(=O)Nc1ccc(-n2nnc(C(=O)N(C)C)n2)cc1,0
ZINC71027979,ChEMBL_zinc_D_202,COc1ccccc1C1CC1C(=O)Nc1ccn(-c2ccncc2)n1,0
ZINC71773814,ChEMBL_zinc_D_203,O=C(CCCO)NCCNC(=O)CCCO,0
ZINC03196932,ChEMBL_zinc_D_204,O=S(=O)(c1ccccc1)N(CCO)CCO,0
ZINC65095787,ChEMBL_zinc_D_205,Cc1cccc(-n2nnc(C(=O)NCc3ccccc3F)c2-c2cccnc2)c1,0
ZINC65169181,ChEMBL_zinc_D_206,O=S(=O)(c1cccc(Br)c1)N1CCc2nc(-c3ccc(F)cc3)ncc2C1,0
ZINC68077620,ChEMBL_zinc_D_207,O=C(NCC(O)c1ccc(F)c(F)c1)c1c[nH]c2ccccc2c1=O,0
ZINC68123516,ChEMBL_zinc_D_208,CCCS(=O)(=O)[N-]c1ccc(NC(=O)c2cc(Cl)ccn2)cc1,0
ZINC03360745,ChEMBL_zinc_D_209,Cc1cc(=O)oc2cc(OC(=O)c3cc(F)c(F)c(F)c3F)ccc12,0
ZINC30765286,ChEMBL_zinc_D_210,Cc1cc(N(C)C(C)c2ccccc2)n2ncnc2n1,0
ZINC68561552,ChEMBL_zinc_D_211,COc1ccc(NC(=O)NCC(c2cccc(F)c2)[NH+](C)C)c(Cl)c1,0
ZINC68567835,ChEMBL_zinc_D_212,COc1ccc2cc(C(C)C(=O)NCCOCC3CCOC3)ccc2c1,0
ZINC40719934,ChEMBL_zinc_D_213,C[NH2+]CCC[NH2+]Cc1ccccc1OCC(=O)Nc1ccc(C)cc1,0
ZINC40736381,ChEMBL_zinc_D_214,Cc1ccc(NC(=O)COc2ccc3ccccc3c2C[NH2+]C(C)C)cc1,0
ZINC56922705,ChEMBL_zinc_D_215,Cc1nnsc1C(=O)N1CCCC(COCc2ccccc2)C1,0
ZINC12883027,ChEMBL_zinc_D_216,CC1CCCC(C)N1S(=O)(=O)c1cccc(C(F)(F)F)c1,0
ZINC67134810,ChEMBL_zinc_D_217,CN(Cc1nc2ccsc2c(=O)[nH]1)C(=O)CCCCCc1cccs1,0
ZINC67195196,ChEMBL_zinc_D_218,CNS(=O)(=O)c1ccc(NC(=O)c2ccc(OC)cc2F)cc1OC,0
ZINC44016908,ChEMBL_zinc_D_219,CC(C)(C)NC(=O)c1ccc(NC(=O)NCCc2cn3ccccc3n2)cc1,0
ZINC44093041,ChEMBL_zinc_D_220,COC(=O)c1ccc(OC(=O)CCn2ccc3ccccc32)c(OC)c1,0
ZINC17440356,ChEMBL_zinc_D_221,COc1ccc(C(=O)NC(C(=O)Nc2ccc(OC)nc2)C(C)C)cc1,0
ZINC20467820,ChEMBL_zinc_D_222,COCCC[NH+]1CCc2nc(SCC(=O)Nc3ccc(C)c(Cl)c3)nc([O-])c2C1,0
ZINC11913775,ChEMBL_zinc_D_223,O=C1c2oc3ccccc3c(=O)c2C(c2ccc(Cl)cc2)N1CC(c1ccco1)[NH+]1CCCC1,0
ZINC11820439,ChEMBL_zinc_D_224,C[NH+](CCC1CCCCO1)Cc1cnc(S(C)(=O)=O)n1CCCc1ccccc1,0
ZINC43988496,ChEMBL_zinc_D_225,COC(=O)CCNC(=O)c1ccc(NC(=O)NCC2CCCO2)cc1,0
ZINC44126707,ChEMBL_zinc_D_226,CC(C)CC(=O)CC1c2ccccc2C(=O)N1c1ccc2ccc(Cl)nc2n1,0
ZINC02804396,ChEMBL_zinc_D_227,Cc1ccccc1Cn1cc(NS(=O)(=O)c2cnn(C)c2)cn1,0
ZINC63342066,ChEMBL_zinc_D_228,Cc1n[nH]cc1NC(=O)Cc1csc(N2CCCC2=O)n1,0
ZINC14961566,ChEMBL_zinc_D_229,O=C(NC1CCCc2c1cnn2-c1cc(F)cc(F)c1)c1cc(=O)c2ccccc2o1,0
ZINC14971630,ChEMBL_zinc_D_230,CCOC(=O)C1(CCOc2ccccc2)CCC[NH+](Cc2ccc(N3CCNC3=O)cc2)C1,0
ZINC51356671,ChEMBL_zinc_D_231,COc1ccc(C(=O)OCC(=O)NCc2ccc(F)cc2Cl)cc1,0
ZINC52425749,ChEMBL_zinc_D_232,CC(C(=O)Nc1ccc(F)c(Cl)c1)S(=O)(=O)c1ccccc1,0
ZINC30636275,ChEMBL_zinc_D_233,CCn1c(SC(C(=O)Nc2ccc(C(N)=O)cc2)C(C)C)nnc1C1CC1,0
ZINC16162291,ChEMBL_zinc_D_234,CCc1cccc(C)c1NC(=O)CN(C1CCCCC1)S(=O)(=O)c1ccccc1,0
ZINC04539383,ChEMBL_zinc_D_235,Cc1ccc(S(N)(=O)=O)cc1NC(=O)C(c1ccccc1)c1ccccc1,0
ZINC12596654,ChEMBL_zinc_D_236,COCCOC1CCN(C(=O)C2CCC(=O)N(CCc3ccccc3)C2)CC1,0
ZINC12187691,ChEMBL_zinc_D_237,CC1Oc2ccc(S(=O)(=O)NCC3CCCO3)cc2NC1=O,0
ZINC03647774,ChEMBL_zinc_D_238,CCCNC(=O)CN1C(=O)NC2NC(=O)NC21,0
ZINC00397964,ChEMBL_zinc_D_239,COc1ccc(C(=O)Nc2c(Cl)cccc2Cl)cc1,0
ZINC43630188,ChEMBL_zinc_D_240,CCOc1cc(C[NH+]2CCC3C(CCC(=O)N3Cc3cccc(C(F)(F)F)c3)C2)ccc1O,0
ZINC56916701,ChEMBL_zinc_D_241,CCC(C)NC(=O)CCNC(=O)N1CCN(CC(=O)Nc2cc(C)on2)CC1,0
ZINC57006428,ChEMBL_zinc_D_242,CCCS(=O)(=O)NCCS(=O)(=O)NCc1ccc(F)cc1,0
ZINC43209875,ChEMBL_zinc_D_243,CCCOc1ccc(C(=O)c2cccc(OC(C)=O)c2)cc1,0
ZINC43421442,ChEMBL_zinc_D_244,Cc1ccccc1CN1CCN(C(=O)Nc2ccc(F)cc2C)CC1,0
ZINC67218622,ChEMBL_zinc_D_245,Cc1cc(F)ccc1-n1c(=O)c2sccc2n(CC(=O)Nc2cccc(Br)c2)c1=O,0
ZINC67547928,ChEMBL_zinc_D_246,O=C(NCC(O)c1ccc2ccccc2c1)Nc1ccc(N2CCOC2=O)cc1,0
ZINC68030422,ChEMBL_zinc_D_247,CC(=O)N(C)c1ccc(NC(=O)C2CC2c2ccccc2)cc1,0
ZINC68067635,ChEMBL_zinc_D_248,CC(Oc1ccc(F)c(F)c1)C(=O)NC(c1ccc(F)cc1)c1ccccn1,0
ZINC00813637,ChEMBL_zinc_D_249,COc1cc(C(=O)Nc2ccc(N3CCC(C)CC3)cc2)cc(OC)c1OC,0
ZINC45032152,ChEMBL_zinc_D_250,O=C(NCc1ccc(N2CCCC2)[nH+]c1)Nc1ccc2c(c1)OCCO2,0
ZINC63162868,ChEMBL_zinc_D_251,COC1CCN(C(=O)Nc2ccc(Sc3nc(C)cs3)cc2)CC1,0
ZINC63293350,ChEMBL_zinc_D_252,COCCOCCC(=O)N1CCC(C(=O)c2cc(F)ccc2F)CC1,0
ZINC05059865,ChEMBL_zinc_D_253,CSc1nsc(SCC(=O)Nc2ccc(C(=O)[O-])cc2)n1,0
ZINC19596495,ChEMBL_zinc_D_254,O=C(CN1CCOCC1)Nc1c(=O)[nH]c2ccc(Br)cc2c1-c1ccccc1,0
ZINC46079961,ChEMBL_zinc_D_255,COc1ccc(NC(=O)c2cccc(N3CCCN(Cc4ccc(F)cc4)C3=O)c2)cc1,0
ZINC04867900,ChEMBL_zinc_D_256,Cc1cc(NC(=O)c2cccc(C)c2)nn1Cc1ccc(F)cc1,0
ZINC58791471,ChEMBL_zinc_D_257,CC(C)NC(=O)Nc1ccc(NC(=O)COCCc2ccccc2)cc1,0
ZINC06880536,ChEMBL_zinc_D_258,CCCOC(=O)c1cc(NC(=O)COC(=O)c2ccc(F)cc2)ccc1Cl,0
ZINC47624321,ChEMBL_zinc_D_259,COc1ccc(C2CCCN2C(=O)Cc2ccc(C)nc2)cc1OC,0
ZINC22237113,ChEMBL_zinc_D_260,CCCn1nc(C(=O)Nc2ccc(N3CC[NH+](C)CC3)nc2)ccc1=O,0
ZINC33032208,ChEMBL_zinc_D_261,Cc1ccc(OCc2nnc(C(=O)Nc3ccc(C(=O)N4CCC(C)CC4)cc3)s2)cc1,0
ZINC33053063,ChEMBL_zinc_D_262,CCN(CC)S(=O)(=O)c1cc(C(=O)NC2CCCCC2)ccc1N1CCCC1,0
ZINC30995384,ChEMBL_zinc_D_263,COc1ccccc1CNC(=O)Nc1ccc(NC(C)=O)cc1,0
ZINC19399040,ChEMBL_zinc_D_264,COc1ccc(NC(=O)COc2ccc(C)cc2)c(N)c1,0
ZINC67346921,ChEMBL_zinc_D_265,Brc1cnc(NCc2cn3ccccc3[nH+]2)nc1,0
ZINC67370305,ChEMBL_zinc_D_266,COc1ccccc1CC1CCCN1c1ncc(Br)cn1,0
ZINC06732965,ChEMBL_zinc_D_267,CC(=O)NCCNC(=O)c1ccc2c(c1)[nH]c(=O)n(CCc1ccccc1)c2=O,0
ZINC04307712,ChEMBL_zinc_D_268,N#CCCN(CCc1ccccn1)C(=O)Nc1ccccc1Cl,0
ZINC70876269,ChEMBL_zinc_D_269,CSc1cccc(NC(=O)C(C)n2nc(-n3nc(C)cc3C)ccc2=O)c1,0
ZINC70894573,ChEMBL_zinc_D_270,CC(CNC(=O)COc1ccc(CC#N)cc1)Oc1ccccc1,0
ZINC24678778,ChEMBL_zinc_D_271,CS(=O)(=O)NCC1CCCCN1C(=O)CCc1ccc(F)cc1,0
ZINC25404359,ChEMBL_zinc_D_272,COc1ccc(Cl)cc1NC(=O)C(C)[NH+]1CCN(C(=O)C2COc3ccccc3O2)CC1,0
ZINC14534218,ChEMBL_zinc_D_273,O=C(Nc1c(Cl)cccc1Cl)NC1CC2C(=O)N3CCCC3C(=O)N2C1,0
ZINC72138783,ChEMBL_zinc_D_274,CCn1ccc(C(=O)N2CCC([NH+]3CCC(O)CC3)CC2)cc1=O,0
ZINC60436673,ChEMBL_zinc_D_275,COc1ccccc1N1CCN(S(=O)(=O)c2c(F)cc(F)cc2F)CC1,0
ZINC07526033,ChEMBL_zinc_D_276,CCOc1cc(C#N)cc(Cl)c1OC(=O)COc1ccc(OC)cc1,0
ZINC39986779,ChEMBL_zinc_D_277,CCN(CC(=O)NCc1ccc(Cl)cc1Cl)S(=O)(=O)c1ccc(Cl)cc1,0
ZINC04487364,ChEMBL_zinc_D_278,O=C(NCCCNC(=O)c1ccccn1)c1ccc(Cl)c(Cl)c1,0
ZINC67219679,ChEMBL_zinc_D_279,Cc1cc2nn(CC(=O)Nc3cccc(Br)c3)c(=O)n2c(N2CCc3ccccc3C2)n1,0
ZINC67260819,ChEMBL_zinc_D_280,COc1ccc(-c2cc3c(=O)n(Cc4cc(F)ccc4F)ccn3n2)cc1OC,0
ZINC29225411,ChEMBL_zinc_D_281,CC(=O)Nc1ccccc1OS(=O)(=O)c1cccc2cc(C)cnc21,0
ZINC29319367,ChEMBL_zinc_D_282,CC(CCc1ccccc1)NC(=O)NCc1ccnn1C,0
ZINC69414350,ChEMBL_zinc_D_283,Cc1ccc(C)n1-c1c(C(=O)N(CC(N)=O)C(C)C)cnn1C,0
ZINC69483955,ChEMBL_zinc_D_284,O=C(NCC1CCC[NH+](Cc2cccs2)C1)c1cc(C2CC2)[nH]n1,0
ZINC12415160,ChEMBL_zinc_D_285,CCc1nnc2c(=O)n(-c3ccc(F)c(F)c3)ccn12,0
ZINC12626573,ChEMBL_zinc_D_286,CC1Oc2ccccc2N(CCC(=O)NCc2ccc(Cn3cccn3)cc2)C1=O,0
ZINC15009524,ChEMBL_zinc_D_287,Cc1ccc(S(=O)(=O)N(C)c2ccc(OCC(=O)NCc3cccc(Cl)c3)cc2)cc1,0
ZINC15674422,ChEMBL_zinc_D_288,COc1ccc(C[NH+]2CC(O)CC2c2nc(-c3ccncc3)no2)c2ccccc12,0
ZINC36354993,ChEMBL_zinc_D_289,COc1cccc(-c2nc(CC(=O)NCCCC(=O)[O-])cs2)c1OC,0
ZINC36613401,ChEMBL_zinc_D_290,COc1ccc(-c2cc(C(=O)NCC(C)Cn3ccc(C)n3)c3c(C)nn(C)c3n2)cc1,0
ZINC43661600,ChEMBL_zinc_D_291,CC[NH+](CC)C(CNC(=O)c1ccccc1[N-]S(C)(=O)=O)c1ccccc1,0
ZINC48096639,ChEMBL_zinc_D_292,CCC(CC)NC(=O)Nc1cccc(C(=O)N(C)c2ccccc2)c1,0
ZINC29966119,ChEMBL_zinc_D_293,C#Cc1cccc(NCC(=O)NCc2ccccc2C)c1,0
ZINC26117020,ChEMBL_zinc_D_294,Cc1ccccc1CC(=O)NC(C)c1ccc(C#N)cc1,0
ZINC01679497,ChEMBL_zinc_D_295,O=C(Oc1ccc2c(c1)C[NH+](Cc1ccccc1)CO2)c1ccccc1,0
ZINC32485759,ChEMBL_zinc_D_296,CC(=O)NCCNC(=O)C(C)Oc1ccc(F)cc1Br,0
ZINC61340029,ChEMBL_zinc_D_297,O=C(Cc1cccc(F)c1)Nc1nc(-c2ccc3c(c2)COC3)cs1,0
ZINC61431156,ChEMBL_zinc_D_298,Cc1oc2ncn(C)c(=O)c2c1C(=O)Nc1ccccc1C#N,0
ZINC67151555,ChEMBL_zinc_D_299,CN(Cc1ccccc1)C(=O)NCCC(=O)N1CCC2(CCCCC2)CC1,0
ZINC67203646,ChEMBL_zinc_D_300,COc1cc(C(=O)N2CC([NH+](C)C)Cc3ccccc32)ccc1OC(F)F,0
ZINC67252349,ChEMBL_zinc_D_301,COc1ccc(NC(=O)N2CCOC(c3ccccc3F)C2)c(OC)c1,0
ZINC67310466,ChEMBL_zinc_D_302,Cc1ccc(NC(=O)N2CCCC2c2ccccc2Cl)cc1C(N)=O,0
ZINC43587920,ChEMBL_zinc_D_303,CCc1ccccc1-n1cnnc1SCC(=O)Nc1ccc(C(N)=O)cc1,0
ZINC04704053,ChEMBL_zinc_D_304,CC(=O)c1ccc(C(=O)OCC(=O)c2ccc(Cl)cc2)cc1,0
ZINC11173025,ChEMBL_zinc_D_305,CCOC(=O)Cc1csc(NC(=O)c2nccnc2N)n1,0
ZINC65726858,ChEMBL_zinc_D_306,COC(=O)C1Cc2ccccc2N1C(=O)c1cc2c(cccc2F)s1,0
ZINC67186552,ChEMBL_zinc_D_307,CC(C)(C)c1nc(C[NH2+]CC(O)COc2ccccc2)cs1,0
ZINC67204183,ChEMBL_zinc_D_308,Cc1cnc(C(=O)N2CC([NH+](C)C)Cc3ccccc32)cn1,0
ZINC45898700,ChEMBL_zinc_D_309,CC(C)NC(=O)Cn1c2ccccc2c(=O)n(CCCCC(=O)Nc2ccccc2)c1=O,0
ZINC46337021,ChEMBL_zinc_D_310,CCN1CC(C(=O)NC(C)c2ccc(OCC(=O)NC3CC3)cc2)CC1=O,0
ZINC61043897,ChEMBL_zinc_D_311,COc1cccc(CS(=O)(=O)c2nnc(CCC(N)=O)n2CC(C)C)c1,0
ZINC61304127,ChEMBL_zinc_D_312,Cc1ccc(C)c(S(=O)(=O)C(C)C(=O)NCCc2ccc(F)cc2)c1,0
ZINC02961130,ChEMBL_zinc_D_313,Cc1ccn2cc(CCNS(=O)(=O)c3ccc(Br)cc3)nc2c1,0
ZINC57117646,ChEMBL_zinc_D_314,COc1ccc(CC(=O)[O-])cc1S(=O)(=O)Nc1ccc2oc(C(C)(C)C)nc2c1,0
ZINC38484789,ChEMBL_zinc_D_315,CC(=O)NCCn1ncc2c1ncnc2NCCc1ccccc1,0
ZINC38507128,ChEMBL_zinc_D_316,CCOC(=O)c1c2c(sc1NC(=O)c1c(C)cnn1C)CN(Cc1ccccc1)CC2,0
ZINC49382377,ChEMBL_zinc_D_317,O=C(CN1CCN(c2ccc(Cl)cc2)C1=O)NCCO,0
ZINC49482807,ChEMBL_zinc_D_318,O=C(c1cc(-c2ccco2)on1)N1CC(c2nc(-c3ncccn3)no2)C1,0
ZINC23394739,ChEMBL_zinc_D_319,CCCN(Cc1ccccc1)S(=O)(=O)c1ccc2[nH]c(=O)c(=O)[nH]c2c1,0
ZINC23441479,ChEMBL_zinc_D_320,COc1cccc(-c2cc(-c3ccc(C(=O)NC4Cc5ccccc5C4)cc3)[nH]n2)c1,0
ZINC67888458,ChEMBL_zinc_D_321,CCc1nc(C2CCCN(C(=O)c3sccc3C)C2)no1,0
ZINC68164970,ChEMBL_zinc_D_322,O=C(CSc1ccc2c(c1)OCCO2)NC1CCOc2ccc(F)cc21,0
ZINC17483551,ChEMBL_zinc_D_323,O=C(OCc1nnnn1-c1ccccc1)c1ccc(Cl)cc1,0
ZINC00990985,ChEMBL_zinc_D_324,COc1ccc(NC(=O)c2cc(Cl)c(Cl)c(S(=O)(=O)N3CCOCC3)c2)cc1,0
ZINC03372428,ChEMBL_zinc_D_325,CC(Sc1nc2ccccc2c(=O)n1Cc1ccco1)C(=O)Nc1ccc(Cl)cn1,0
ZINC09059943,ChEMBL_zinc_D_326,CC(C)c1ccc(NC(=O)C2CCCN(c3ncnc4[nH]cnc43)C2)cc1,0
ZINC36621486,ChEMBL_zinc_D_327,Cn1cc2c(n1)n(CCC(=O)Nc1ccc3c(c1)OCCO3)c(=O)cc2C(F)(F)F,0
ZINC36768271,ChEMBL_zinc_D_328,CN(Cc1ccc(F)cc1)C(=O)Cc1cn2ccsc2n1,0
ZINC67467126,ChEMBL_zinc_D_329,Cc1c(NC(=O)c2sccc2C(C)C)cccc1C(=O)N1CCOCC1,0
ZINC67507869,ChEMBL_zinc_D_330,CC(CCc1ccco1)NC(=O)C1CC1c1ccc(C(F)(F)F)cc1,0
ZINC04916899,ChEMBL_zinc_D_331,O=C(Cn1ncc2c3ccccc3n(Cc3ccccc3)c2c1=O)NCC1CCCO1,0
ZINC04254318,ChEMBL_zinc_D_332,COc1ccc(-n2c(SCC(N)=O)nnc2-c2ccccc2)cc1Cl,0
ZINC68666388,ChEMBL_zinc_D_333,Cc1nc(-c2ccccn2)nc(NCC(O)COc2cccc(F)c2)c1C,0
ZINC68680999,ChEMBL_zinc_D_334,CN(CC(=O)Oc1cccc(F)c1F)S(=O)(=O)c1ccc(Cl)s1,0
ZINC67846154,ChEMBL_zinc_D_335,COc1cccc(OC)c1OCC(O)CNC(=O)CCCc1nc(C)no1,0
ZINC67866398,ChEMBL_zinc_D_336,C#Cc1cccc(NC(=O)CN(C)C(=O)C(OCC2CCCO2)C(C)C)c1,0
ZINC36615657,ChEMBL_zinc_D_337,CCn1nccc1-c1cc(C(=O)[O-])n2nc(-c3ccc(F)cc3)cc2n1,0
ZINC36839232,ChEMBL_zinc_D_338,CC(=O)c1ccc(SCC(=O)Nc2cccc(C)c2)c(F)c1,0
ZINC18106608,ChEMBL_zinc_D_339,Cc1ccccc1CNC(=O)c1ccc2ncsc2c1,0
ZINC19205183,ChEMBL_zinc_D_340,COC(=O)C(N)n1cnc2c1ncnc2N,0
ZINC00004507,ChEMBL_zinc_D_341,CCCC(=O)N(C)Cc1c(-c2ccc(Cl)cc2)nc2ccccn21,0
ZINC30628325,ChEMBL_zinc_D_342,COc1ccc(C)cc1C(C)[NH2+]Cc1ccc(OCc2ccncc2)c(OC)c1,0
ZINC51759956,ChEMBL_zinc_D_343,CCNC(=O)CCSc1n[nH]c(N)n1,0
ZINC52102157,ChEMBL_zinc_D_344,C[NH+](Cc1nc(-c2ccsc2)no1)CC1CCCO1,0
ZINC67547589,ChEMBL_zinc_D_345,CN(CCN1CCOCC1)C(=O)Nc1cccc(Cn2cncn2)c1,0
ZINC67617627,ChEMBL_zinc_D_346,CN(C)C(=O)C(Cc1ccccc1)NC(=O)NCc1ccc(C#N)cc1,0
ZINC01212129,ChEMBL_zinc_D_347,COc1ccc(NC(=O)COc2ccc(Cl)cc2Br)cc1,0
ZINC05099231,ChEMBL_zinc_D_348,CC(=O)N1CCCc2cc(NC(=O)c3ccc(Br)o3)ccc21,0
ZINC41480417,ChEMBL_zinc_D_349,CC1CC1C(=O)Nc1cccc(C(=O)C(C#N)c2ccccn2)c1,0
ZINC41534425,ChEMBL_zinc_D_350,CCc1nc2ccccc2n1CC(=O)C(C#N)c1nc(-c2ccccc2)cs1,0
ZINC67926942,ChEMBL_zinc_D_351,Cc1ccsc1CNC(=O)NCC(O)COc1cccc(Cl)c1Cl,0
ZINC67934836,ChEMBL_zinc_D_352,CNc1ncccc1C(=O)NCC1CC[NH+](Cc2c[nH]c(C)n2)C1,0
ZINC10037364,ChEMBL_zinc_D_353,COc1ccccc1N(Cc1ccccc1)S(=O)(=O)c1cccc(C(=O)NCc2cccnc2)c1,0
ZINC12151267,ChEMBL_zinc_D_354,COC(C(=O)N1CCC(n2c3ccc(F)cc3nc2-c2ccc3c(c2)OCO3)CC1)c1ccccc1,0
ZINC67338943,ChEMBL_zinc_D_355,Cc1ccc(S(=O)(=O)N(C)c2cccc(C(=O)N(C)C3CCCCC3O)c2)cc1,0
ZINC67385168,ChEMBL_zinc_D_356,CCN(Cc1ccc(C[NH+](C)C)cc1)C(=O)NCCc1cc(C)ccc1OC,0
ZINC63485424,ChEMBL_zinc_D_357,CCOC(=O)CN(C)C(=O)c1c(C)c(C)sc1-n1cccc1,0
ZINC63510316,ChEMBL_zinc_D_358,CC(=O)c1cn(CC(=O)Nc2c(C)cccc2C)nc1C,0
ZINC67472849,ChEMBL_zinc_D_359,COC(=O)CCn1cc(-c2cc(-c3cccc(F)c3)nc(N)c2C#N)cn1,0
ZINC67481687,ChEMBL_zinc_D_360,CNC(=O)c1ccc(NC(=O)C(C)Oc2cccc(C#N)c2)c(C)c1,0
ZINC67406805,ChEMBL_zinc_D_361,CCC(C)NC(=O)CCNC(=O)NC(C)c1cccc(S(=O)(=O)N(C)C)c1,0
ZINC67497270,ChEMBL_zinc_D_362,CSc1nc(C)c(CCC(=O)OCc2ccc(Cl)s2)c(=O)[nH]1,0
ZINC54831405,ChEMBL_zinc_D_363,COc1ccc(OC)c(-c2csc(NC(=O)CCc3cnn(C)c3)n2)c1,0
ZINC72005094,ChEMBL_zinc_D_364,C[NH+](C)C(CNC(=O)c1ccc2c(c1)CCCC2)c1ccc(F)cc1,0
ZINC04468987,ChEMBL_zinc_D_365,Cc1ccc(-n2nc(C(=O)N3CCOCC3)c(=N)s2)cc1,0
ZINC40143334,ChEMBL_zinc_D_366,COc1cc(NC(=O)c2c(Cl)c3ccccc3n2C)cc(OC)c1,0
ZINC37117570,ChEMBL_zinc_D_367,Cc1cc(C(=O)C[NH+]2CCC(O)CC2)c(C)n1Cc1ccc(F)cc1,0
ZINC37499577,ChEMBL_zinc_D_368,COCc1ccccc1CNC(=O)c1ccc(=O)[nH]c1,0
ZINC50003759,ChEMBL_zinc_D_369,O=C(Cc1ccc(Cl)cc1)NCc1ccccc1CO,0
ZINC03124521,ChEMBL_zinc_D_370,Fc1c(F)c(C(F)(F)F)c(F)c(F)c1C#Cc1ccccc1,0
ZINC70927676,ChEMBL_zinc_D_371,CC[NH+](CC)C(CNC(=O)C[NH+](CCO)Cc1ccccc1)c1ccco1,0
ZINC70966390,ChEMBL_zinc_D_372,CSc1ncccc1C(=O)NCC(O)(c1ccccc1)C1CC1,0
ZINC52407356,ChEMBL_zinc_D_373,Nc1nc(Cl)cc(Oc2ccc(S(=O)(=O)c3ccccc3)cc2)n1,0
ZINC52432435,ChEMBL_zinc_D_374,CC(=O)Nc1cccc(CNC(=O)C[NH+]2CCCC2c2ccccc2)c1,0
ZINC26270372,ChEMBL_zinc_D_375,N#Cc1nc(NC(=O)CCc2nnc(-c3ccccc3)o2)[n-]c1C#N,0
ZINC26337951,ChEMBL_zinc_D_376,CC(=O)c1ccc(N2CC[NH+](CCC(=O)Nc3cccc(C#N)c3)CC2)c(F)c1,0
ZINC42483917,ChEMBL_zinc_D_377,Cc1cccc(C(=O)NC(C)C(=O)NC(C)C2CCCO2)c1,0
ZINC42925002,ChEMBL_zinc_D_378,Cc1[nH]c2ccccc2c1CC(=O)NCCCC(N)=O,0
ZINC07514591,ChEMBL_zinc_D_379,CCCn1c2ccc(S(C)(=O)=O)cc2sc1=NC(=O)c1ccccc1Cl,0
ZINC07530482,ChEMBL_zinc_D_380,CCC(C)NC(=O)CSc1nnc(-n2nc(C)cc2C)n1N,0
ZINC00331255,ChEMBL_zinc_D_381,Fc1ccc(-c2noc(-c3ccc(F)cc3)n2)cc1,0
ZINC42008052,ChEMBL_zinc_D_382,CCN(Cc1cccc(C)c1)S(=O)(=O)c1c[nH]c(C(=O)N2CCCC2)c1,0
ZINC12182413,ChEMBL_zinc_D_383,CC1CCCCC1NC(=O)Cn1nc2c3ccccc3nc(C3CC3)n2c1=O,0
ZINC12196379,ChEMBL_zinc_D_384,CCn1cc(C[NH+]2CCC(C(Cc3ccccc3)N(C)C(=O)c3cccs3)CC2)c(C)n1,0
ZINC08609162,ChEMBL_zinc_D_385,COc1cc(NC(=O)Cn2c(=O)nc(-c3ccccc3F)c3cc(Cl)ccc32)cc(OC)c1,0
ZINC08605177,ChEMBL_zinc_D_386,CC(=O)Nc1ccc(NC(=O)Nc2sc3nc4n(c(=O)c3c2C)CCC(C)CC4)cc1,0
ZINC37329503,ChEMBL_zinc_D_387,CCC(CC)NS(=O)(=O)c1cccc(S(N)(=O)=O)c1,0
ZINC23116672,ChEMBL_zinc_D_388,O=C(C1Cc2ccccc2C(=O)O1)N1CCN(Cc2nc3sc4c(c3c(=O)[nH]2)CCCC4)CC1,0
ZINC38532597,ChEMBL_zinc_D_389,Cn1c(=O)n(CCNS(=O)(=O)c2ccc(Cl)cc2)nc1-c1ccccc1,0
ZINC38751812,ChEMBL_zinc_D_390,Cc1cccc(OCC(=O)NCc2cc(-c3ccc4c(c3)CC(C)O4)on2)c1,0
ZINC46704884,ChEMBL_zinc_D_391,COC(=O)Cc1csc(NC(=O)Nc2ccccc2OC)n1,0
ZINC46745540,ChEMBL_zinc_D_392,COc1cccc(COCC(=O)NCCC[NH+](C)Cc2ccccc2)c1,0
ZINC12279664,ChEMBL_zinc_D_393,COc1ccc(OC)c(CC(=O)N2CC3CC2C(=O)N3c2cc(C)c(Cl)cc2OC)c1,0
ZINC12380018,ChEMBL_zinc_D_394,COc1cccc2ccc(C=Cc3cc(I)ccc3OC(C)=O)nc21,0
ZINC66800592,ChEMBL_zinc_D_395,CC(CC#N)Sc1ccccc1NC(=O)CCOc1ccc(F)cc1F,0
ZINC66877729,ChEMBL_zinc_D_396,O=S(=O)(CCC[NH2+]Cc1c[nH]nc1-c1ccc(F)cc1)c1ccccc1,0
ZINC25332291,ChEMBL_zinc_D_397,C[NH+](C)C(CNC(=O)c1ccc(-n2ccnc2)cc1)c1ccsc1,0
ZINC24803268,ChEMBL_zinc_D_398,O=C(CN1CCOCC1)Nc1ccc(NC(=O)c2cccc(Nc3ncccn3)c2)cc1,0
ZINC67443323,ChEMBL_zinc_D_399,CC(NC(=O)C[NH+]1CCC(c2nnc3ccccn32)CC1)c1ccccc1Cl,0
ZINC67519678,ChEMBL_zinc_D_400,CCOC1CCCN(C(=O)c2cc3c(C)nn(-c4ccc(F)cc4)c3s2)C1,0
ZINC71834335,ChEMBL_zinc_D_401,COC(=O)C(C)Sc1ccccc1S(C)(=O)=O,0
ZINC29957410,ChEMBL_zinc_D_402,CCOc1ccc(C(=O)NCC(C)N2CCOCC2)cc1OC,0
ZINC67949940,ChEMBL_zinc_D_403,O=S(=O)(Cc1ccc(Br)cc1F)N1CCN(CC2CC2)CC1,0
ZINC07753156,ChEMBL_zinc_D_404,NS(=O)(=O)c1ccc(NC(=O)c2csc(-c3ccsc3)n2)cc1,0
ZINC67586793,ChEMBL_zinc_D_405,CC1CCCC[NH+]1Cc1ccccc1CNC(=O)Nc1nnc(C(F)F)s1,0
ZINC67608164,ChEMBL_zinc_D_406,Cc1cc(CNC(=O)N2CCN(C(=O)C(C)C)CC2)no1,0
ZINC68003085,ChEMBL_zinc_D_407,Cc1ccc(C)c(OCC(=O)N2CCCC2c2nc3ccccc3n2C)c1,0
ZINC68024081,ChEMBL_zinc_D_408,C[NH+]1CCN(CC(NC(=O)CCOc2ccc(F)cc2)c2ccccc2)CC1,0
ZINC36031574,ChEMBL_zinc_D_409,Cc1ccc(C[NH+](CCC(C)C)CC(O)COc2ccc(Cl)cc2)o1,0
ZINC36120770,ChEMBL_zinc_D_410,CCC(=O)N(CCOC)CC(=O)N1CCc2sccc2C1COc1cccc(F)c1,0
ZINC19235969,ChEMBL_zinc_D_411,COc1c(C)cccc1CN1CCCC(c2cc(N(C)C)nc(-c3cccnc3)n2)C1,0
ZINC19473207,ChEMBL_zinc_D_412,CCC(=O)c1ccc(OCC(=O)N(C)C)cc1,0
ZINC67408494,ChEMBL_zinc_D_413,O=C(CNC(=O)N1CCOC(c2ccccc2F)C1)Nc1ccc(Cl)cc1,0
ZINC67447942,ChEMBL_zinc_D_414,COc1ccccc1CC1CCCN1c1ncccn1,0
ZINC04240766,ChEMBL_zinc_D_415,O=C(NC1CCCC1)C(c1ccccc1)N(Cc1ccc(F)cc1)C(=O)c1ccco1,0
ZINC37543241,ChEMBL_zinc_D_416,CCNC(=O)c1cc2sc(Br)cc2n1Cc1ccccc1OC,0
ZINC54008143,ChEMBL_zinc_D_417,CCOc1ccc(C(NC(=O)N2CCCC(O)C2)C(C)C)cc1OCC,0
ZINC15073607,ChEMBL_zinc_D_418,CN(CCC1CCOCC1)C(=O)CC1C(=O)NCCN1Cc1ccccn1,0
ZINC14380100,ChEMBL_zinc_D_419,CC(C)Cc1nnc(NC(=O)COc2ccc3ccc(=O)oc3c2)s1,0
ZINC24960664,ChEMBL_zinc_D_420,Cc1ccc(C)c(C(C)NC(=O)c2cccc(S(=O)(=O)NCC3CCCO3)c2)c1,0
ZINC67265792,ChEMBL_zinc_D_421,CCOC(=O)C(CNC(=O)c1cc[nH]n1)Cc1ccccc1,0
ZINC67340067,ChEMBL_zinc_D_422,Cn1c2nc(CCC(=O)N3CC([NH+](C)C)Cc4ccccc43)[nH]c2c(=O)[nH]c1=O,0
ZINC00030684,ChEMBL_zinc_D_423,Cc1ccc(C)c(NC(=O)CC(C)(C)C)c1,0
ZINC09680397,ChEMBL_zinc_D_424,CC(CO)(CO)NC(=O)c1ccc([O-])nn1,0
ZINC66683109,ChEMBL_zinc_D_425,Cc1cc(NC(=O)NCCCN2CC(C)OC(C)C2)ccc1C(=O)NC(C)C,0
ZINC66713844,ChEMBL_zinc_D_426,Cc1ccc(NC(=O)C(NC(=O)OC(C)(C)C)c2ccccc2)cc1C(N)=O,0
ZINC69361717,ChEMBL_zinc_D_427,CCCCC1CCCC1NC(=O)NCc1cccc(NC(=O)COC)c1,0
ZINC69432655,ChEMBL_zinc_D_428,O=C(NC(Cn1cncn1)c1ccccc1)c1ccc(-n2cccn2)cc1,0
ZINC68015282,ChEMBL_zinc_D_429,CC(CC(=O)NCc1cccc(NC(=O)c2ccco2)c1)C1CC1,0
ZINC68047338,ChEMBL_zinc_D_430,Cc1ccccc1C[NH+](C)CC(O)COCc1cccs1,0
ZINC64979602,ChEMBL_zinc_D_431,COc1cc(Cl)c(NS(=O)(=O)c2ccc(-c3ccno3)cc2OC)c(OC)c1,0
ZINC09028234,ChEMBL_zinc_D_432,COC(=O)c1cn(CC(=O)NC(C)c2ccc3c(c2)OCCCO3)c2ccccc12,0
ZINC68594602,ChEMBL_zinc_D_433,C#CCC(OC(=O)c1nn(-c2ccccc2F)c2c1CCC2)c1ccccn1,0
ZINC68638160,ChEMBL_zinc_D_434,CNC(=O)c1ccc(CN(C)C(=O)NCCN2c3ccccc3CC2C)cc1,0
ZINC58788720,ChEMBL_zinc_D_435,O=C(CNC(=O)Nc1ccc(Br)cc1)Nc1nccs1,0
ZINC70271031,ChEMBL_zinc_D_436,C[NH+](C)CCN(Cc1ccccc1)C(=O)c1ccco1,0
ZINC67478514,ChEMBL_zinc_D_437,CCc1ncc(CN(C)C(=O)NC2CCN(C(=O)CC(C)C)CC2)s1,0
ZINC67528108,ChEMBL_zinc_D_438,Cc1ccc(OCC(C)NC(=O)Nc2ccnn2CC(C)C)cc1,0
ZINC00797159,ChEMBL_zinc_D_439,CCN(CC)C(=O)c1cc(Cl)ccc1NC(=O)c1ccco1,0
ZINC09559428,ChEMBL_zinc_D_440,COc1cccc(CNC(=O)C2CCN(S(=O)(=O)c3ccc(Br)s3)CC2)c1,0
ZINC27570786,ChEMBL_zinc_D_441,COc1ccc(CC(=O)NCC(c2ccccc2OC)[NH+]2CCCC2)cc1OC,0
ZINC57487102,ChEMBL_zinc_D_442,COc1ccc(CNC(=O)Cn2cccc2-c2nc(-c3ccc4c(c3)OCO4)no2)cc1,0
ZINC61020507,ChEMBL_zinc_D_443,Cc1cccc(NCC(=O)N(C)CC(=O)NC(C)(C)C)c1C(N)=O,0
ZINC61376592,ChEMBL_zinc_D_444,CCNC(=O)CNC(=O)NCCc1cn2ccccc2n1,0
ZINC28718971,ChEMBL_zinc_D_445,O=C(c1ccccn1)N1CCN(C(c2ccc(F)cc2)c2ccc(F)cc2)CC1,0
ZINC29363003,ChEMBL_zinc_D_446,CC1CCCCN1C(=O)C[NH+]1CCN(C(=O)c2ccccc2CCc2ccccc2)CC1,0
ZINC04825683,ChEMBL_zinc_D_447,OC1(c2ccccc2)c2ccccc2C=CC1c1ccccc1,0
ZINC46851299,ChEMBL_zinc_D_448,COC(=O)c1ccc(C)c(NC(=O)NCCNC(=O)c2ccc(O)cc2)c1,0
ZINC68062552,ChEMBL_zinc_D_449,CN(Cc1ccncc1)C(=O)C1CCCN(C(=O)Nc2ccccc2F)C1,0
ZINC68071272,ChEMBL_zinc_D_450,Cn1cc(CC(=O)Nc2nc(C(C)(C)C)ns2)c2ccccc21,0
ZINC08462577,ChEMBL_zinc_D_451,CCCn1c2ccccc2n2cc(-c3ccc(F)cc3)nc21,0
ZINC08754989,ChEMBL_zinc_D_452,Cc1nn(S(=O)(=O)c2ccc(C)cc2)c(C)c1S(=O)(=O)N1CCCC(C)C1,0
ZINC56616370,ChEMBL_zinc_D_453,CNC(=O)c1ccc(NC(=O)N2CCC(C(=O)c3ccc(C)cc3)CC2)c(C)c1,0
ZINC56681641,ChEMBL_zinc_D_454,COCC[NH+](C)CCCNC(=O)Nc1ccc(Cn2ccccc2=O)cc1,0
ZINC43436182,ChEMBL_zinc_D_455,CC1CN(C(=O)Nc2ccc3c(c2)Cc2ccccc2-3)CC(C)O1,0
ZINC43922683,ChEMBL_zinc_D_456,CC(NC(=O)OC(C)(C)C)C(=O)OCc1nnnn1-c1ccccc1,0
ZINC61458983,ChEMBL_zinc_D_457,COc1ccc(Cl)cc1NCCC(=O)Nc1cccc(-c2ccc(=O)[nH]n2)c1,0
ZINC04760487,ChEMBL_zinc_D_458,O=S(=O)([O-])c1cccc2cc3ccccc3cc21,0
ZINC70457298,ChEMBL_zinc_D_459,CSc1cccc(-n2nnc(CO)c2-c2ccc(Cl)cc2)c1,0
ZINC30549571,ChEMBL_zinc_D_460,COc1ccc(C(CC(=O)N2CCc3sccc3C2C)NC(C)=O)cc1,0
ZINC66744559,ChEMBL_zinc_D_461,COCC(C)(C)NC(=O)CCC(=O)c1ccc(-c2ccccc2)cc1,0
ZINC66762365,ChEMBL_zinc_D_462,CCCC(=O)N1CCC(C(=O)N2CCCC(c3ccccc3)CC2)CC1,0
ZINC33068536,ChEMBL_zinc_D_463,O=C(Cn1c(=O)c(=O)n(Cc2ccc(Cl)cc2)c2ccccc21)NC1CCCC1,0
ZINC33173177,ChEMBL_zinc_D_464,CCn1nc(C)c2ccnc(N3CCC(C(=O)N4CCN(c5cc(Cl)ccc5C)CC4)CC3)c21,0
ZINC00545980,ChEMBL_zinc_D_465,COc1cc2nc(-c3ccc(C(C)(C)C)cc3)oc(=O)c2cc1OC,0
ZINC45122473,ChEMBL_zinc_D_466,CC1CC[NH+](CCCNC(=O)N2CCc3sccc3C2C)CC1,0
ZINC47352363,ChEMBL_zinc_D_467,COc1ccccc1CN(C(=O)Nc1cc(OC)c(OC)cc1C)C1CC1,0
ZINC47462907,ChEMBL_zinc_D_468,CCCOc1ccc(CNS(=O)(=O)c2ccc(OC)c(OC)c2)cc1OC,0
ZINC50114797,ChEMBL_zinc_D_469,CC(C)Oc1ccc(CNC(=O)NCc2cccc(N3CCOC3=O)c2)cn1,0
ZINC60621153,ChEMBL_zinc_D_470,CN(CCc1ccccn1)C(=O)CNC(=O)c1ccc2c(c1)OCO2,0
ZINC69465208,ChEMBL_zinc_D_471,CC(=O)NCC1CCCN(C(=O)NCC2(c3ccc(C)cc3)CCOCC2)C1,0
ZINC69527052,ChEMBL_zinc_D_472,COCC[NH+]1CCCC1CNC(=O)c1sc2nc(C)cc(C)c2c1C,0
ZINC68707848,ChEMBL_zinc_D_473,CCCC(Cc1ccccc1)NC(=O)c1cnc(C)cn1,0
ZINC68730230,ChEMBL_zinc_D_474,O=C(CCc1ccccn1)NC1CCCc2ccccc21,0
ZINC62524465,ChEMBL_zinc_D_475,CCc1ccc(C(=O)N2CCN(C(=O)NC(C)C(=O)NC(C)CC)CC2)cc1,0
ZINC62904549,ChEMBL_zinc_D_476,C=CCN(Cc1cccc(C#N)c1)C(=O)c1cccnc1,0
ZINC20312655,ChEMBL_zinc_D_477,COc1ccccc1NC(C)C(=O)NCC(C)C,0
ZINC00887962,ChEMBL_zinc_D_478,COC(=O)c1ccc(C(=O)OC)c(NC(=O)c2ccc(OC(C)=O)cc2)c1,0
ZINC67642587,ChEMBL_zinc_D_479,CC(C)(C)c1ncc2c(n1)CN(c1ccc(-c3ccccc3)nn1)C2,0
ZINC67648336,ChEMBL_zinc_D_480,COc1ccc(C(=O)NCC2CCC[NH+](Cc3ccccc3)C2)cc1OCCO,0
ZINC19525391,ChEMBL_zinc_D_481,CCCc1cc(C(=O)NCC2CCC(c3ccnc4cc(C)nn43)CC2)no1,0
ZINC19580659,ChEMBL_zinc_D_482,COCC(=O)N1CCOC(Cc2ccccc2-c2ccccc2)(C(=O)N(C)C)C1,0
ZINC70990249,ChEMBL_zinc_D_483,CCOC(=O)C1(NC(=O)CCc2csc(C)n2)CCc2ccccc21,0
ZINC70996765,ChEMBL_zinc_D_484,CC(C)C(NC(=O)C(C)Oc1ccccc1Cl)c1ccncc1,0
ZINC56690029,ChEMBL_zinc_D_485,CC(=O)Nc1c(C)ccc(NC(=O)N2CCCC2c2ccccc2Cl)c1C,0
ZINC56724787,ChEMBL_zinc_D_486,CC(=O)Nc1c(C)ccc(NC(=O)N(Cc2ccco2)CC2CCCO2)c1C,0
ZINC26187506,ChEMBL_zinc_D_487,COc1ccc(-c2ccc(-c3ccc(OC)cc3)nc2)cc1,0
ZINC26918725,ChEMBL_zinc_D_488,O=C(Nc1cccc2cn[nH]c21)c1cccnc1Sc1ccccc1,0
ZINC66369760,ChEMBL_zinc_D_489,COC(=O)c1cc(C(C)(C)C)sc1NC(=O)CCCn1cccn1,0
ZINC66407586,ChEMBL_zinc_D_490,Cc1ncsc1CN(C)C(=O)C1CCN(c2ccc(Cl)cc2)C1=O,0
ZINC06779363,ChEMBL_zinc_D_491,CC(=O)N1CC(C)Sc2ccc(S(=O)(=O)Nc3ccc(Cl)cn3)cc21,0
ZINC11914923,ChEMBL_zinc_D_492,CCOc1ccc(C2c3c(-c4cc(C)ccc4O)n[nH]c3C(=O)N2CCCOC)cc1OCC,0
ZINC70045500,ChEMBL_zinc_D_493,C=CCN(CC1CCCCC1)C(=O)Nc1cc(C(=O)N(C)C)ccc1OC,0
ZINC19931416,ChEMBL_zinc_D_494,CCc1ccccc1OC(C)C(=O)NC(C)C,0
ZINC66777291,ChEMBL_zinc_D_495,COc1ccc(C(=O)NCCCC(=O)N(C)CCCC(=O)OC(C)(C)C)cc1,0
ZINC66793468,ChEMBL_zinc_D_496,CCS(=O)(=O)N1CCN(Cn2nc(C(C)(C)C)ccc2=O)CC1,0
ZINC01739900,ChEMBL_zinc_D_497,O=C(NCCC[NH+]1CCOCC1)c1ccc2cncc(-c3ccsc3)c2n1,0
ZINC02597596,ChEMBL_zinc_D_498,Cc1ccc(CCC(=O)Nc2ccc(C(=O)[O-])cc2)o1,0
ZINC68157194,ChEMBL_zinc_D_499,Cc1nc(COc2ccc(C(=O)NC(C)c3cn(C)nc3C)cc2)cs1,0
ZINC68172633,ChEMBL_zinc_D_500,CC(c1cccnc1)N(C)C(=O)CCCNC(=O)OCc1ccccc1,0
ZINC51453944,ChEMBL_zinc_D_501,C[NH+](CC(=O)NCC1CC[NH+](CC(F)(F)F)C1)Cc1ccc(Cl)cc1,0
ZINC05224544,ChEMBL_zinc_D_502,ClC(Cl)(Cl)c1nc(N2CCOCC2)ns(N2CCOCC2)n1,0
ZINC52535938,ChEMBL_zinc_D_503,Cn1nccc1CNC(=O)Cn1nc(-c2ccccc2)ccc1=O,0
ZINC52966550,ChEMBL_zinc_D_504,O=C(COc1ccc(C(F)(F)F)cc1)Nc1c[nH]ccc1=O,0
ZINC05144859,ChEMBL_zinc_D_505,Cc1sc(NC(=O)c2cc(C)ccc2C)c(C#N)c1C,0
ZINC51308207,ChEMBL_zinc_D_506,O=C(NCc1cscn1)NC1CCOc2c(Cl)cccc21,0
ZINC53040220,ChEMBL_zinc_D_507,COc1cccc(CNCC(=O)Nc2ccc(F)cc2)c1OC,0
ZINC53089732,ChEMBL_zinc_D_508,Cc1ccc(C(=O)N2CCN(C(=O)c3ccc(C(C)C)cc3O)CC2)cc1,0
ZINC65133714,ChEMBL_zinc_D_509,COc1ccc(N2CCN(c3cc(SCC(=O)Nc4ccc(NC(C)=O)cc4)ncn3)CC2)cc1,0
ZINC50773113,ChEMBL_zinc_D_510,O=C(NCCc1nccs1)c1cc(-c2cccs2)on1,0
ZINC65961444,ChEMBL_zinc_D_511,CCCCOc1ccc(-c2nnc(C[NH+](C)CC(C)C)o2)cc1,0
ZINC66061887,ChEMBL_zinc_D_512,O=C(Oc1cccc(Cl)c1Cl)c1cccnc1Cl,0
ZINC40025622,ChEMBL_zinc_D_513,CC(C)(C)OC(=O)N1CCN(C(=O)c2occc2-c2ccccc2)CC1,0
ZINC40099133,ChEMBL_zinc_D_514,O=C(Nc1ccccc1Oc1ccccc1)N1CCN(C(=O)C2CCCO2)CC1,0
ZINC31100821,ChEMBL_zinc_D_515,O=C(NCCOc1ccc(Cl)cc1)NCc1cccnc1OC1CCCC1,0
ZINC31217356,ChEMBL_zinc_D_516,CS(=O)(=O)NCCCNC(=O)CC(c1ccccc1)c1ccccc1,0
ZINC63139701,ChEMBL_zinc_D_517,CCCN1CC(=O)N2C(CCc3ccccc3)C3[NH+]=c4ccccc4=C3CC2C1=O,0
ZINC63162396,ChEMBL_zinc_D_518,CCN(CCNC(=O)Nc1cc(C(F)(F)F)c[nH]c1=O)c1cccc(C)c1,0
ZINC45168738,ChEMBL_zinc_D_519,Cc1ccc(N2CCN(C(=O)c3cccc(-c4cncc5nc(-c6ccco6)n(C)c54)c3)CC2)[nH+]c1,0
ZINC45688897,ChEMBL_zinc_D_520,Cc1nnnn1-c1cccc(NC(=O)N(C)CCOc2cc(C)cc(C)c2)c1,0
ZINC65186233,ChEMBL_zinc_D_521,CCc1nnc(C2=C(C)C(S(=O)(=O)NCc3ccc(F)c(Cl)c3)C(C)=N2)o1,0
ZINC65229467,ChEMBL_zinc_D_522,CC(NC(=O)C1CCN(c2nnc(-c3ccccc3)o2)CC1)c1ccc(F)cc1,0
ZINC68674554,ChEMBL_zinc_D_523,O=C(CNC(=O)C1CC1c1ccc(Cl)c(Cl)c1)NCCc1ccccc1,0
ZINC68687672,ChEMBL_zinc_D_524,COc1ccccc1S(=O)(=O)NC(C)c1cccc(N2CCCC2=O)c1,0
ZINC10186712,ChEMBL_zinc_D_525,CCOc1ccc(NC(=O)CSc2nc(=O)n(Cc3ccccn3)c3c2CCC3)cc1,0
ZINC02940676,ChEMBL_zinc_D_526,COc1ccc(S(=O)(=O)CCC(=O)N2CCN(c3cccc(Cl)c3)CC2)cc1,0
ZINC39543092,ChEMBL_zinc_D_527,Cc1ccccc1-c1cnc(-c2ccncc2)nc1C1CCCN(C(=O)C2CCCCC[NH+]2C)C1,0
ZINC12531551,ChEMBL_zinc_D_528,CC1(C)CC(NC(=O)C2CC2)C2(CCC(=O)NCCc3c[nH]c4ccccc34)CCC(C)(O)CC12,0
ZINC25616352,ChEMBL_zinc_D_529,CC(c1ccccc1)N(C)C(=O)CCc1ncc(-c2ccccc2F)o1,0
ZINC25688803,ChEMBL_zinc_D_530,CC(=O)NCc1ccc(C(=O)NC(C)c2ccccc2F)cc1,0
ZINC59487498,ChEMBL_zinc_D_531,COCCC[NH+](C)CC(=O)NC(C(C)=O)C(C)C,0
ZINC55863860,ChEMBL_zinc_D_532,C=CCN(C)S(=O)(=O)c1ccc(NCC(=O)Nc2ccc(C#N)c(Cl)c2)cc1,0
ZINC65198020,ChEMBL_zinc_D_533,CCOc1cc(=O)c(C(=O)NCc2ccccc2)nn1-c1ccc(F)c(F)c1,0
ZINC65228229,ChEMBL_zinc_D_534,CCc1nnc2c(NC(=O)Cc3ccc(OC)cc3Cl)cccn12,0
ZINC70885307,ChEMBL_zinc_D_535,CC(C)Oc1cccc(CC(=O)N2CCCC2C(N)=O)c1,0
ZINC70934663,ChEMBL_zinc_D_536,Cc1noc(C)c1C(C)NC(=O)C(C)(C)c1ccccc1F,0
ZINC05010694,ChEMBL_zinc_D_537,COc1ccc(N2C(=O)C3CCC[NH+]3C2c2ccc(Cl)cc2)cc1,0
ZINC12301837,ChEMBL_zinc_D_538,COc1cccc(C(=O)N2CCCC(Nc3ccc(C)c(C)c3)C2)c1,0
ZINC12966096,ChEMBL_zinc_D_539,COC(=O)COC(=O)C1Cc2ccccc2C(=O)O1,0
ZINC69546656,ChEMBL_zinc_D_540,CN(CC(=O)N1CCC(C(=O)c2ccccc2)CC1)C(=O)OC(C)(C)C,0
ZINC66068520,ChEMBL_zinc_D_541,O=C(CNc1cccc(OCC2CCCO2)c1)Nc1ccc(F)c(Cl)c1,0
ZINC66076800,ChEMBL_zinc_D_542,CC(=O)NC1CCC[NH+](Cn2nc(C)nc2-c2ccccc2C)C1,0
ZINC67143410,ChEMBL_zinc_D_543,CCc1ccccc1NC(=O)CCCCCCNC(=O)OC(C)(C)C,0
ZINC67213256,ChEMBL_zinc_D_544,CN(CCCC(=O)Nc1ccc(N2CCOC2=O)cc1)C(=O)OC(C)(C)C,0
ZINC00458935,ChEMBL_zinc_D_545,CC1=C(C(=O)OC(C)(C)C)C(c2ccccc2Cl)NC(=O)N1,0
ZINC51710457,ChEMBL_zinc_D_546,CC(C)Oc1ccc(CCC(C)NC(=O)N2CCOC(C(N)=O)C2)cc1,0
ZINC33198025,ChEMBL_zinc_D_547,Cc1c(C(=O)N2CCN(S(=O)(=O)c3cccc4cc(C)cnc43)CC2)cnn1C,0
ZINC33282887,ChEMBL_zinc_D_548,Cc1cccc(NC(=O)C2CCCN(C(=O)C3Sc4ccccc4NC3=O)C2)c1C,0
ZINC06232066,ChEMBL_zinc_D_549,O=C(CCS(=O)(=O)c1ccc(Cl)cc1)NC1CCCc2ccccc21,0
ZINC63250759,ChEMBL_zinc_D_550,C#CCN(Cc1ccco1)C(=O)Cn1c2ccccc2nc1-c1cscn1,0
ZINC07539282,ChEMBL_zinc_D_551,CC(Oc1ccc(F)cc1)C(=O)OC(C(=O)NC1CC1)c1ccccc1,0
ZINC07599197,ChEMBL_zinc_D_552,Cc1ccc(C)c(NC(=O)Cc2cccc(F)c2)c1,0
ZINC65007566,ChEMBL_zinc_D_553,CCc1ccccc1NC(=O)N1CCN(c2cc(-c3ccc(OC)cc3)ncn2)CC1,0
ZINC65040667,ChEMBL_zinc_D_554,CC(C)CCc1nc(C[NH+](C)CC(=O)NC(C)C)cs1,0
ZINC27104634,ChEMBL_zinc_D_555,Cc1[nH]c(=O)c(C(N)=O)c2c1CC(c1ccncc1)CC2,0
ZINC27303794,ChEMBL_zinc_D_556,CCCCCC(=O)N(Cc1ccccc1)S(=O)(=O)c1ccc2c(c1)n(C)c(=O)n2C,0
ZINC61254109,ChEMBL_zinc_D_557,CCc1nc(CC(=O)NCCCOC2CCCC2)cs1,0
ZINC61309866,ChEMBL_zinc_D_558,CC(C)N(C)C(=O)CSc1nc2ccccc2c(=O)n1Cc1ccccc1,0
ZINC60446871,ChEMBL_zinc_D_559,COc1cccc(CNc2ncc(C(=O)N3CCCCC3)cc2Cl)c1OC,0
ZINC46919961,ChEMBL_zinc_D_560,CN(Cc1csc2ccccc12)C(=O)COc1ccc2c(c1)CCC(=O)N2,0
ZINC22753646,ChEMBL_zinc_D_561,Cc1noc(C)c1COc1ccc(C(=O)NCC(C)(C)[NH+]2CCCCC2)cc1,0
ZINC60539795,ChEMBL_zinc_D_562,COCC(=O)Nc1ccccc1S(=O)(=O)N1CCCC1,0
ZINC45735539,ChEMBL_zinc_D_563,C[NH+](Cc1coc(-c2cccc(Cl)c2)n1)Cc1ccco1,0
ZINC45820363,ChEMBL_zinc_D_564,CCNC(=O)COc1ccc(NC(C)C(=O)NCCOc2cccc(C)c2)cc1,0
ZINC46199347,ChEMBL_zinc_D_565,CC1CN(C(CNC(=O)N2CCCC2)c2c(F)cccc2Cl)CCO1,0
ZINC47257894,ChEMBL_zinc_D_566,CCc1noc(C(C)[NH+]2CCC(C(=O)Nc3ccccn3)CC2)n1,0
ZINC67213813,ChEMBL_zinc_D_567,CCOC1CCN(C(=O)C(Cc2ccccc2)NC(=O)c2cccnc2)CC1,0
ZINC67227284,ChEMBL_zinc_D_568,CCCCC(C(=O)OC)N1CCC(c2nc(C)no2)CC1,0
ZINC09573852,ChEMBL_zinc_D_569,Cc1nnc(-c2cc3ccccc3n2CC(=O)NC(C)C)o1,0
ZINC13331444,ChEMBL_zinc_D_570,Cc1nc(NC(=O)c2sc3cccc(F)c3c2Cl)sc1C,0
ZINC61166866,ChEMBL_zinc_D_571,CNC(=O)c1cc(NC(=O)c2ccc(Cn3nc(C)cc3C)cc2)ccc1Cl,0
ZINC24328836,ChEMBL_zinc_D_572,O=C(c1ccc2c(c1)OCC(=O)N2)N1CCC(c2nnc3ccccn32)CC1,0
ZINC02918230,ChEMBL_zinc_D_573,CCOc1ccc(C2CC(c3ccccc3Cl)n3ncnc3N2)cc1Cl,0
ZINC58146503,ChEMBL_zinc_D_574,CN(C)C(=O)c1cccc(CSc2ncnc3sccc32)c1,0
ZINC63137988,ChEMBL_zinc_D_575,CCCCCN1CC(=O)N2C(C)C3[NH+]=c4ccccc4=C3CC2C1=O,0
ZINC63257251,ChEMBL_zinc_D_576,O=C(NCC(O)COc1cccc(Cl)c1Cl)Nc1ccccn1,0
ZINC08244194,ChEMBL_zinc_D_577,Cc1ccc(C)c(S(=O)(=O)N2CCN(C(=O)CCCCNC(N)=O)CC2)c1,0
ZINC08062704,ChEMBL_zinc_D_578,COc1cc(OC)cc(C(=O)NCCCc2nnc(SC)n2CC(C)C)c1,0
ZINC61544066,ChEMBL_zinc_D_579,CCOc1ccccc1CCC(=O)N1CCc2cc(OCC)c(OCC)cc2C1,0
ZINC57522801,ChEMBL_zinc_D_580,CCN(CC)c1ccc(CNC(=O)Cc2ccc(-n3cnnn3)cc2)c[nH+]1,0
ZINC50632755,ChEMBL_zinc_D_581,O=C(NCc1ccc(S(=O)(=O)NCc2ccco2)cc1)c1cccc(F)c1,0
ZINC65163354,ChEMBL_zinc_D_582,CC(C)Cn1cc(CCNS(=O)(=O)c2ccc(F)c(F)c2)c2cccnc21,0
ZINC67361352,ChEMBL_zinc_D_583,O=C(CCC(=O)Nc1nccs1)NCC1CCC[NH+](Cc2ccccc2)C1,0
ZINC67498952,ChEMBL_zinc_D_584,Cc1cc(CNC(=O)CCc2ccc(C)cc2C)no1,0
ZINC58157298,ChEMBL_zinc_D_585,CC1Cc2cc(C(=O)Nc3ccc[nH]c3=O)ccc2N1S(C)(=O)=O,0
ZINC24439260,ChEMBL_zinc_D_586,CC(C)C(=O)N1CCC(C(=O)Nc2cccc(C#N)c2)CC1,0
ZINC52053015,ChEMBL_zinc_D_587,CCS(=O)(=O)N1CCN(C(=O)CCNS(C)(=O)=O)CC1,0
ZINC53093802,ChEMBL_zinc_D_588,CC(Oc1cccc(Cl)c1)C(=O)N1CCN(Cc2cn3ccccc3[nH+]2)CC1,0
ZINC67901444,ChEMBL_zinc_D_589,CC(C)CC(C)CC(=O)N1CCN(Cc2ccncc2)CC1,0
ZINC67916594,ChEMBL_zinc_D_590,COC(=O)NC(CC(C)C)C(=O)Nc1ccc2c(c1)NC(=O)CO2,0
ZINC09969195,ChEMBL_zinc_D_591,CCOC(=O)C1=C(CS(=O)(=O)c2ccc(F)cc2)NC(=O)NC1c1cc(OC)c(O)c(OC)c1,0
ZINC01430081,ChEMBL_zinc_D_592,CCOC(=O)c1nccnc1C(=O)Nc1cccc(C(F)(F)F)c1,0
ZINC68808432,ChEMBL_zinc_D_593,COc1ccccc1C1CCCN1C(=O)c1ccc2c(=O)n(C)c(=O)n(C)c2n1,0
ZINC07954499,ChEMBL_zinc_D_594,O=C(CNc1ccccc1Cl)Nc1ccc(N2CCOCC2)cc1,0
ZINC68668867,ChEMBL_zinc_D_595,CCSc1ccc(C(=O)Nc2cccc(-n3cnnc3)c2)cn1,0
ZINC68676231,ChEMBL_zinc_D_596,CCN(Cc1ccoc1)C(=O)c1cnn2ccc(C)nc12,0
ZINC66853462,ChEMBL_zinc_D_597,CCCC(=O)Nc1ccc(CNC(=O)C[NH+](C)CC(C)c2ccccc2)cc1,0
ZINC66858783,ChEMBL_zinc_D_598,C[NH+]1CCN(C(=O)CC2CCN(C(=O)c3cc(-c4cccnc4)on3)CC2)CC1,0
ZINC68320985,ChEMBL_zinc_D_599,CC(Nc1ncnc2c3ccccc3oc21)C(=O)NCc1ccco1,0
ZINC06653345,ChEMBL_zinc_D_600,CC1CN(C(=O)CNc2ccccc2C(=O)NCc2ccccc2)CC(C)O1,0
ZINC33269094,ChEMBL_zinc_D_601,CC1CCCCN1c1ncnc2onc(-c3cccc(Cl)c3)c21,0
ZINC33324583,ChEMBL_zinc_D_602,Cc1ccc(-c2cnn(C(C)C(=O)Nc3ccc(F)c(Cl)c3)c(=O)n2)cc1,0
ZINC68346759,ChEMBL_zinc_D_603,Cc1ccccc1C(=O)NCCC(=O)NCc1nc(-c2ccncc2)cs1,0
ZINC68386621,ChEMBL_zinc_D_604,CC([NH2+]C(C)(C)CNC(=O)c1ccc(NC(=O)NC2CC2)cc1)c1ccccc1,0
ZINC68767760,ChEMBL_zinc_D_605,CC(C)CC(C)(C#N)NC(=O)C(C)c1ccc2c(c1)OCCO2,0
ZINC68793623,ChEMBL_zinc_D_606,CC(OCC1CCCO1)C(=O)Nc1cccc(OCC(=O)N(C)C)c1,0
ZINC23882520,ChEMBL_zinc_D_607,COc1cc2c(cc1OC)C(c1cccs1)N(Cc1cc(=O)n3cccc(C)c3n1)CC2,0
ZINC23983333,ChEMBL_zinc_D_608,O=S(=O)(c1ccc2ccccc2c1)N1CCN(Cc2nc3ccc(Cl)cc3n2CCO)CC1,0
ZINC68020785,ChEMBL_zinc_D_609,CCC(C)NC(=O)C(C)NC(=O)C(C)Oc1ccc(C)cc1,0
ZINC68116565,ChEMBL_zinc_D_610,CC1CCCC(CNC(=O)CN(C)c2cnccn2)([NH+](C)C)C1,0
ZINC08782733,ChEMBL_zinc_D_611,CC(C)c1nccn1-c1ccc(NC(=O)C2CC=CCC2C(=O)[O-])cc1,0
ZINC08850490,ChEMBL_zinc_D_612,CC(=O)Nc1ccc(NC(=O)CSc2nc(CC(=O)NC(C)c3ccccc3)cs2)cc1,0
ZINC42958875,ChEMBL_zinc_D_613,CCC(C)NC(=O)CN1CCN(C(=O)NC2CCCc3ccccc32)CC1,0
ZINC43641704,ChEMBL_zinc_D_614,COc1cc(CN(C(=O)C2CCC2)C2CCCCNC2=O)ccc1OCCC1=CCC2CC1C2(C)C,0
ZINC53221436,ChEMBL_zinc_D_615,Cc1ccc(N2CCC(C(=O)Nc3ccc(N4CCCC4)nc3)C2=O)cc1,0
ZINC54196628,ChEMBL_zinc_D_616,CCC(C)NC(=O)c1ccc(NC(=O)CNC(=O)c2ccc(F)c(F)c2)cc1,0
ZINC27481710,ChEMBL_zinc_D_617,CC(Cc1nnc(SCC(=O)N2CCN(Cc3ccccc3)CC2)o1)c1ccccc1,0
ZINC33566644,ChEMBL_zinc_D_618,COC(=O)Nc1ccccc1C(=O)NC(C)c1ccccc1,0
ZINC05346169,ChEMBL_zinc_D_619,N#Cc1ccc(Cl)cc1NC(=O)C[NH+]1CCc2cc3c(cc2C1)OCCCO3,0
ZINC05400051,ChEMBL_zinc_D_620,CC(Sc1nnc(C2CC2)n1C1CC1)C(=O)Nc1cc(Cl)cc(Cl)c1,0
ZINC12926543,ChEMBL_zinc_D_621,CC(NC(=O)C(C)Oc1ccc(C#N)cc1)c1ccc2ccccc2c1,0
ZINC12939339,ChEMBL_zinc_D_622,COc1ccc(NC(C)=O)cc1NC(=O)CCNS(=O)(=O)c1ccc(C)c(C)c1,0
ZINC30564082,ChEMBL_zinc_D_623,Cc1cc(C)n(-c2ccc(C(=O)Nc3nc(C[NH+]4CCCCC4)cs3)cn2)n1,0
ZINC30945479,ChEMBL_zinc_D_624,COc1ccc(C2CCCN2C(=O)CCc2nnc(-c3ccsc3)o2)c(OC)c1,0
ZINC60427790,ChEMBL_zinc_D_625,Cc1cccc(C)c1-n1nnnc1CSc1nnc(C2CC2)n1C1CC1,0
ZINC60545913,ChEMBL_zinc_D_626,COc1ccc2c(c1)CCN2C(=O)NCCC[NH+]1CCc2ccccc2C1,0
ZINC02752037,ChEMBL_zinc_D_627,COC(=O)c1cc(-c2cccs2)n2nc(C)cc2n1,0
ZINC58452480,ChEMBL_zinc_D_628,Cc1c(C(C)NC(=O)Nc2cc(C#N)ccc2C)cnn1C,0
ZINC68095285,ChEMBL_zinc_D_629,CCn1c(C(=O)N2CCC(N3CCOC(C)C3)CC2)cc2ccccc21,0
ZINC57702837,ChEMBL_zinc_D_630,CC(CNC(=O)c1cc2ccccc2n1C)[NH+](C)C1CC1,0
ZINC42207928,ChEMBL_zinc_D_631,O=C(CNc1ccccc1Cl)NCC(F)(F)F,0
ZINC43712331,ChEMBL_zinc_D_632,CC(CNC(=O)Nc1ccc(C(N)=O)cc1)N1CCOCC1,0
ZINC40497305,ChEMBL_zinc_D_633,Cc1c2ccccc2oc1C(=O)NC1CCN(S(C)(=O)=O)CC1,0
ZINC40777873,ChEMBL_zinc_D_634,CCN1c2ccccc2OC(C)(C(=O)NCc2nc3ccccc3[nH]2)C1=O,0
ZINC68312154,ChEMBL_zinc_D_635,Cc1cc(C)n2nc(C(=O)N(CC[NH+](C)C)Cc3cccc(Cl)c3)nc2n1,0
ZINC68316670,ChEMBL_zinc_D_636,CCN(CC(=O)Nc1ccccc1C(F)(F)F)C(=O)c1c(C)nn(CC)c1C,0
ZINC47106458,ChEMBL_zinc_D_637,CCCc1c(C(=O)NCCNc2ncccn2)cnn1Cc1ccccc1,0
ZINC47201273,ChEMBL_zinc_D_638,O=C(NCCOc1cccc(Cl)c1)c1ccc(S(=O)(=O)NC2CC2)cc1,0
ZINC31281947,ChEMBL_zinc_D_639,O=C(c1cc2cc(F)ccc2[nH]1)N1CCC(C(=O)N2CCOCC2)CC1,0
ZINC32133557,ChEMBL_zinc_D_640,c1coc(CNCC(c2ccccc2)N2CCOCC2)c1,0
ZINC39519252,ChEMBL_zinc_D_641,CC1=NC(CN(C)c2cc(C3CCC[NH2+]C3)nc(C)n2)N=C1,0
ZINC40024685,ChEMBL_zinc_D_642,CC[NH+]1CCN(c2ccccc2NC(=O)C2CCCN(C(=O)OC(C)(C)C)C2)CC1,0
ZINC63336763,ChEMBL_zinc_D_643,Cc1cccc(C(C)(C)CNC(=O)N2CCN(S(=O)(=O)c3ccccc3)CC2)c1,0
ZINC63436475,ChEMBL_zinc_D_644,Cc1nnc(SCc2ccnc(Cl)c2)n1C1CCCCC1,0
ZINC40051335,ChEMBL_zinc_D_645,O=C(Cn1cccc(C(F)(F)F)c1=O)Oc1ccc(C(=O)c2ccc(F)cc2)cc1,0
ZINC40071662,ChEMBL_zinc_D_646,Cc1cccc(C)c1NC(=O)C(C)[NH+](C)Cc1ccc(C(=O)NCC(F)(F)F)cc1,0
ZINC40757809,ChEMBL_zinc_D_647,CCOc1ccc(NC(=O)CCn2ncc3ccccc32)cc1,0
ZINC40821423,ChEMBL_zinc_D_648,CCn1cc(C2CCCN2C(=O)c2cc([O-])[nH]c(=O)c2)c2c1cccc2OC,0
ZINC12142274,ChEMBL_zinc_D_649,Cc1cc(-c2cnc(N3CCC(C(N)=O)CC3)nc2C2CCCO2)on1,0
ZINC12494581,ChEMBL_zinc_D_650,COc1ccc(-n2c(CSc3nc(C)cc(C)n3)nnc2SCC[NH+]2CCCCC2)cc1,0
ZINC31850942,ChEMBL_zinc_D_651,CC(Sc1ncccn1)C(=O)N1CCCCCC1,0
ZINC32185783,ChEMBL_zinc_D_652,COc1ccc(C[NH2+]CCOc2ccc3c(c2)OCO3)cc1,0
ZINC63094484,ChEMBL_zinc_D_653,Cc1cccc(C)c1OC1CCN(C(=O)C(C)NS(C)(=O)=O)CC1,0
ZINC63266531,ChEMBL_zinc_D_654,O=C(NCC1CCCO1)c1cccc(CNc2cnc3ccccc3n2)c1,0
ZINC05433765,ChEMBL_zinc_D_655,COC1COC2C(Nc3nccc(-c4cccc(F)c4)n3)COC12,0
ZINC53896259,ChEMBL_zinc_D_656,CCCn1nc(C(=O)N2CCCc3cccc(C)c32)ccc1=O,0
ZINC66862993,ChEMBL_zinc_D_657,CC(NC(=O)CNc1cccc(Oc2ccccc2)c1)C1CC1,0
ZINC66867786,ChEMBL_zinc_D_658,Cn1c(-c2ccccc2)nnc1C(C#N)C(=O)c1ccccc1-n1cnnn1,0
ZINC67886326,ChEMBL_zinc_D_659,CCc1nc(C2CCCN(C(=O)c3ccc(-n4cccn4)nc3)C2)no1,0
ZINC67919494,ChEMBL_zinc_D_660,Cc1cc(=O)[nH]c(-c2cccc(NC(=O)C3CCCN(C(=O)C(C)(C)C)C3)c2)n1,0
ZINC06087430,ChEMBL_zinc_D_661,Cc1ccc(-c2csc(C=Cc3ccccc3OCC#N)n2)cc1,0
ZINC60562972,ChEMBL_zinc_D_662,CCCCN(Cc1ccccc1F)C(=O)NCCCC[NH+](C)C(C)C,0
ZINC70724027,ChEMBL_zinc_D_663,CC(=O)N1C=Cc2ccccc2C1CC(=O)Oc1ccc2c(c1)OCC2=O,0
ZINC52633794,ChEMBL_zinc_D_664,CC(C)CC(NC(=O)CCc1ccco1)c1nc2ccccc2[nH]1,0
ZINC65233693,ChEMBL_zinc_D_665,O=c1oc2cc(Cl)ccc2n1Cc1cccc(OC(F)F)c1,0
ZINC65240896,ChEMBL_zinc_D_666,CCn1cc(-c2nc(C)c(C(=O)NCc3ccc(F)cc3)s2)c2cccnc21,0
ZINC40108459,ChEMBL_zinc_D_667,COc1ccccc1C(=O)NC(C)Cc1ccc(Br)cc1,0
ZINC40117434,ChEMBL_zinc_D_668,O=C(CCCNC(=O)c1ccco1)NC(c1ccc(F)cc1)C1CCCC1,0
ZINC69660799,ChEMBL_zinc_D_669,CCSc1ccc(NC(=O)NCCc2ccc(OC)c(OC)c2OC)cn1,0
ZINC06808780,ChEMBL_zinc_D_670,Cc1ccc(C2=NC(c3cccs3)[NH2+]C(c3ccccc3O)C2)cc1,0
ZINC67505813,ChEMBL_zinc_D_671,COc1ccc(C[NH2+]C(c2ccc(F)cc2)C2CCCO2)cc1O,0
ZINC67515613,ChEMBL_zinc_D_672,O=C(Cn1cnc2ccc(Br)cc2c1=O)NC1CC1c1ccccc1,0
ZINC02557548,ChEMBL_zinc_D_673,Cn1c2ccccc2c(Cl)c(Cc2ccccc2)c1=O,0
ZINC32624169,ChEMBL_zinc_D_674,CCCOc1ccc(-c2nc(NC(=O)C(C)Oc3ccc(F)cc3)no2)cc1,0
ZINC65026950,ChEMBL_zinc_D_675,COc1cccc(N2CCN(C(=O)c3ccc(-c4ccc5c(c4)CCN5C(C)=O)cc3)CC2)c1,0
ZINC65077430,ChEMBL_zinc_D_676,COC(C)C(=O)Nc1cccc(NC(=O)COCc2ccccc2Cl)c1,0
ZINC47885564,ChEMBL_zinc_D_677,CC1CC(C)C[NH+](Cc2ccccc2CNC(=O)NC2CC[NH+](C)CC2)C1,0
ZINC04591762,ChEMBL_zinc_D_678,CS(=O)(=O)N(Cc1ccccc1)c1ccccc1C(=O)NC1CCCCC1O,0
ZINC69130573,ChEMBL_zinc_D_679,COc1ccccc1C1CCCN1S(=O)(=O)c1ccc(S(N)(=O)=O)cc1,0
ZINC16481896,ChEMBL_zinc_D_680,CC(NC(=O)CN1CCN(c2cccc(Cl)c2)CC1)c1ccc(F)cc1,0
ZINC13493505,ChEMBL_zinc_D_681,C[NH+](C)CCNC(=O)C1=C(Cc2cccnc2)c2ccccc2C1,0
ZINC13506395,ChEMBL_zinc_D_682,Cc1ccc(C(C(=O)NC2CCCCC2)N(C(=O)CNC(=O)c2cccs2)c2ccccc2)o1,0
ZINC71977052,ChEMBL_zinc_D_683,CC1CN(S(=O)(=O)c2ccc(Br)cc2)c2ccccc21,0
ZINC71982621,ChEMBL_zinc_D_684,CN(C)S(=O)(=O)c1cccc(C[NH2+]C(c2ccccc2)c2ccc(F)cc2)c1,0
ZINC49411471,ChEMBL_zinc_D_685,Cc1ccc(N2CN(CC(=O)OC(C)(C)C)S(=O)(=O)c3cccnc32)cc1,0
ZINC65251198,ChEMBL_zinc_D_686,Cc1noc(-c2cccnc2-n2ncc(C(=O)NCc3ccccc3Cl)c2C)n1,0
ZINC68697457,ChEMBL_zinc_D_687,CCc1nnc2ccc(NCC(c3ccc(C)o3)[NH+]3CCCC3)nn21,0
ZINC68718459,ChEMBL_zinc_D_688,CCOCc1ccccc1NC(=O)NC(C)c1cccc(N2CCCC2=O)c1,0
ZINC12205257,ChEMBL_zinc_D_689,Cc1ccc(Oc2ccc(CNC(=O)C3C=CCN3S(C)(=O)=O)cc2)cc1,0
ZINC12253012,ChEMBL_zinc_D_690,COc1cc(C#N)ccc1OC(C(=O)NC1CC1)c1ccc(F)cc1,0
ZINC29190002,ChEMBL_zinc_D_691,CCOC(=O)C1=C(CNC(c2cccs2)C(C)C)NC(=O)NC1,0
ZINC31161128,ChEMBL_zinc_D_692,C=CC1(C)CC(=O)C(C(CO)COC(C)=O)C12C(=O)Oc1cccc(C)c1C2=O,0
ZINC70452142,ChEMBL_zinc_D_693,CCc1cc(N2CCCCC2C(=O)[O-])nc(-c2ccc(C)cc2)n1,0
ZINC06913581,ChEMBL_zinc_D_694,O=S(=O)(c1cccc(CSc2ncccn2)c1)N1CCOCC1,0
ZINC58062296,ChEMBL_zinc_D_695,CCC(=O)N1CCCCC1C(=O)Nc1ccc(Cl)cn1,0
ZINC06947595,ChEMBL_zinc_D_696,Fc1ccc(Br)cc1C1CC(c2cccs2)=Nc2ncnn21,0
ZINC67719692,ChEMBL_zinc_D_697,COc1ccc(CC2CCCN2C(=O)Nc2ccc3oc(=O)ccc3c2)cc1,0
ZINC67727723,ChEMBL_zinc_D_698,Cn1cc(C(=O)NCC2CCN(C(=O)c3cc4ccccc4c(=O)[nH]3)CC2)cn1,0
ZINC06766363,ChEMBL_zinc_D_699,CCNC(=O)N(Cc1ccc(OC)c(OS(C)(=O)=O)c1)CC(C)C,0
ZINC69476918,ChEMBL_zinc_D_700,CN(CCOc1ccc(F)cc1)C(=O)NC1CCN(c2ccccc2)C1=O,0
ZINC70029877,ChEMBL_zinc_D_701,Cc1nn(C)c(C)c1C(C)C(=O)N1CCCC(C(=O)NCC2CC2)C1,0
ZINC52684915,ChEMBL_zinc_D_702,CC(NC(=O)Nc1ccc(F)cc1)c1cccc(S(N)(=O)=O)c1,0
ZINC66909512,ChEMBL_zinc_D_703,CCn1cc(S(=O)(=O)NCc2cccc(C)c2)cn1,0
ZINC66932796,ChEMBL_zinc_D_704,COc1ccnc(COC(=O)c2nnn(-c3ccc(OC(C)C)cc3)c2C)c1,0
ZINC14540648,ChEMBL_zinc_D_705,CCOC(=O)c1nn(CC(C)C)c2c1CN(C(=O)c1ccc3c(c1)OCO3)CC2,0
ZINC03603671,ChEMBL_zinc_D_706,COc1ccc(CCC(=O)Nc2ccc(C)cc2Br)cc1OC,0
ZINC43227210,ChEMBL_zinc_D_707,CC(C)CNC(=O)Nc1cccc(S(=O)(=O)N(C)C)c1,0
ZINC43929425,ChEMBL_zinc_D_708,CC1CCCCC1NC(=O)Nc1ccccc1S(C)(=O)=O,0
ZINC05240758,ChEMBL_zinc_D_709,CCOC(=O)c1sc(NC(=O)c2ccccc2SCC)cc1C,0
ZINC52661411,ChEMBL_zinc_D_710,COc1ccc(NC(=O)C(C)NC(c2ccco2)c2ccccc2)cc1OC,0
ZINC68908542,ChEMBL_zinc_D_711,CC(C)[NH+](CCNC(=O)C1CCN(C(=O)c2cccc(C#N)c2)CC1)C(C)C,0
ZINC06701255,ChEMBL_zinc_D_712,Cc1ccc(S(=O)(=O)NCC2CCCO2)cc1C(=O)NC(C)C,0
ZINC05242081,ChEMBL_zinc_D_713,CCC(C(=O)Nc1ccccc1C(N)=O)n1nnc2ccccc2c1=O,0
ZINC52314479,ChEMBL_zinc_D_714,CC(=O)NCC1CCN(c2cnc3ccccc3n2)CC1,0
ZINC02399407,ChEMBL_zinc_D_715,CCOc1cccc(-c2nnc3sc(-c4cc(OC)c(OC)c(OC)c4)nn32)c1,0
ZINC08593368,ChEMBL_zinc_D_716,CCc1ccccc1NC(=O)Cn1nc2c3cc(F)ccc3n(Cc3cccc(C)c3)cc-2c1=O,0
ZINC70450242,ChEMBL_zinc_D_717,CN(C1CCN(C(=O)c2ccc3c(c2)C(=O)c2ccccc2-3)CC1)S(C)(=O)=O,0
ZINC70638170,ChEMBL_zinc_D_718,Cc1cc(C)n(-c2cc(N3CCCC(C(=O)Nc4nc5ccccc5s4)C3)ncn2)n1,0
ZINC58213296,ChEMBL_zinc_D_719,COc1nc(C(=O)N2CCN(CC(F)(F)F)CC2)cc2ccccc21,0
ZINC22796935,ChEMBL_zinc_D_720,Cc1sc2nc(-c3ccccn3)nc(NCCCO)c2c1-c1ccccc1,0
ZINC25329406,ChEMBL_zinc_D_721,O=S(=O)(c1ccc(OCC(O)CN2CCN(c3ccccc3Cl)CC2)cc1)N1CCOCC1,0
ZINC08590413,ChEMBL_zinc_D_722,COc1ccc(N(C(=O)c2ccccc2C)S(=O)(=O)c2ccc3c(c2)n(C)c(=O)n3C)cc1,0
ZINC39986091,ChEMBL_zinc_D_723,CCOc1ccc(S(=O)(=O)N(CC)CC(=O)NCc2ccccc2)cc1,0
ZINC40088859,ChEMBL_zinc_D_724,COC(=O)c1cc(CN(C)C(=O)CCc2nc(-c3ccccn3)no2)oc1C,0
ZINC51450011,ChEMBL_zinc_D_725,O=C1NCCN1C1CC[NH+](CC(O)c2ccc(F)cc2)CC1,0
ZINC69415050,ChEMBL_zinc_D_726,O=C(NC1CC[NH+]2CCCCC12)C(c1ccccc1)n1cccn1,0
ZINC69075107,ChEMBL_zinc_D_727,COc1cc(C)c(C(C)NC(=O)N(C)CCc2ccccc2F)cc1OC,0
ZINC58162426,ChEMBL_zinc_D_728,O=C(Nc1ccn(Cc2cccnc2)n1)c1cc2ccc(OC(F)(F)F)cc2[nH]1,0
ZINC63343773,ChEMBL_zinc_D_729,Cc1cccc(CCC(=O)Nc2ccc(Cl)c(S(N)(=O)=O)c2)c1,0
ZINC63351086,ChEMBL_zinc_D_730,CC(Oc1ccc2c(c1)OC(=O)C1CCCC21)C(=O)NC(CC1=c2ccccc2=[NH+]C1)C(=O)[O-],0
ZINC08598550,ChEMBL_zinc_D_731,COc1ccccc1-c1cc2nc(C)c(CCC(=O)NCCc3cccc(C)c3)c(C)n2n1,0
ZINC00130671,ChEMBL_zinc_D_732,COc1ccccc1C(=O)OCC(=O)Nc1ccc(C)cc1,0
ZINC66440574,ChEMBL_zinc_D_733,Cc1ccc(NC(=O)Cc2csc(-c3cnccn3)n2)cc1C(N)=O,0
ZINC66491240,ChEMBL_zinc_D_734,Cc1ccc(C(C)C)c(OC(C)C(=O)NCC(=O)N(C)CCc2ccccn2)c1,0
ZINC51338341,ChEMBL_zinc_D_735,CC(c1cc(F)ccc1F)N(C)C(=O)NCCc1nccs1,0
ZINC52441744,ChEMBL_zinc_D_736,FC(F)Oc1ccc(-n2nnnc2CN2CCOC3CCCCC32)cc1,0
ZINC67245229,ChEMBL_zinc_D_737,CCNC(=O)Cn1ccc([N-]S(=O)(=O)c2ccc(C(=O)OC)cc2)n1,0
ZINC67252887,ChEMBL_zinc_D_738,CNC(=O)COc1ccccc1C[NH2+]CC1(c2ccc(OC)cc2)CCOCC1,0
ZINC50635200,ChEMBL_zinc_D_739,O=C(NC1CCCNC1=O)c1c(F)cccc1Cl,0
ZINC65171024,ChEMBL_zinc_D_740,Cc1cccc(NC(=O)Cn2c(C)nc3c(-c4ccncc4)nsc3c2=O)c1C,0
ZINC65169631,ChEMBL_zinc_D_741,CCCN1C(=O)Cc2ccccc2C1C(=O)N1CCN(c2ccccc2F)CC1,0
ZINC65216725,ChEMBL_zinc_D_742,CCn1cc(C(=O)NCc2cccc(Br)c2)c2cccnc21,0
ZINC65274582,ChEMBL_zinc_D_743,Cc1ccc(-c2nccn3cc(C(=O)NCCC[NH+]4CCCC4)nc23)cc1,0
ZINC65283909,ChEMBL_zinc_D_744,O=C(NCc1ccco1)Nc1cccn2nc(C3CC3)nc12,0
ZINC40149856,ChEMBL_zinc_D_745,Cn1cnc(S(=O)(=O)N2CCC(C(=O)Nc3ccc(Cl)cn3)CC2)c1Cl,0
ZINC40156418,ChEMBL_zinc_D_746,CC(C)(C)c1n[nH]cc1C1Nc2ccccc2C(=O)N1C1CC1,0
ZINC71831405,ChEMBL_zinc_D_747,C=CCOC(C)C(=O)Nc1cccc(NC(=O)C(C)n2cccn2)c1,0
ZINC46169427,ChEMBL_zinc_D_748,COCc1ccccc1C(=O)Nc1nc(-c2ccc(OC(F)F)cc2)c(C)s1,0
ZINC69458874,ChEMBL_zinc_D_749,CC1C[NH+](CCc2cccs2)CCN1c1ccc2nncn2n1,0
ZINC69484404,ChEMBL_zinc_D_750,COc1ccc2c(ccn2CC(=O)NCc2cccc3c2OCCO3)c1,0
ZINC63557225,ChEMBL_zinc_D_751,Cc1cccc(N2CCN(C(=O)C3CC(=O)N(CCC4=c5cc(Cl)ccc5=[NH+]C4)C3)CC2)c1C,0
ZINC63626433,ChEMBL_zinc_D_752,CC(C(=O)Nc1ccc2ccccc2c1)[NH+]1CCCC(CNC(=O)OC(C)(C)C)C1,0
ZINC67792172,ChEMBL_zinc_D_753,Cc1cccc(NC(=O)CN(C)C(=O)Cc2cccc(Cl)c2)c1C,0
ZINC67813815,ChEMBL_zinc_D_754,CC(=O)Nc1cccc(CNC(=O)COc2ccccc2OCC(F)(F)F)c1,0
ZINC66392003,ChEMBL_zinc_D_755,CCCCc1noc(C(C)NCC2(c3ccc(OCC)cc3)CCOCC2)n1,0
ZINC66398715,ChEMBL_zinc_D_756,COCCn1cnnc1SCC(O)COCc1cccs1,0
ZINC02097591,ChEMBL_zinc_D_757,CCc1cc2c(cc1OCC(=O)OC)occ(-c1csc(C)n1)c2=O,0
ZINC00748773,ChEMBL_zinc_D_758,CCC(C)NC(=O)c1cc(NC(=O)Nc2ccccc2Br)ccc1N1CCCC1,0
ZINC68887591,ChEMBL_zinc_D_759,C=CCn1c(SCC(=O)c2c[nH]c3ccccc32)nnc1-c1ccoc1C,0
ZINC68900358,ChEMBL_zinc_D_760,CC(C)(C)n1ncc2c1nc(N1CCN(c3ccc(Cl)cn3)CC1)[nH]c2=O,0
ZINC12422569,ChEMBL_zinc_D_761,COc1nn(C)cc1-c1nnc(SCC(=O)NC2CCCC2)n1C,0
ZINC12477659,ChEMBL_zinc_D_762,COc1ccc(-c2nc(C[NH+]3CC(C)OC(C)C3)c(C)o2)cc1,0
ZINC07587871,ChEMBL_zinc_D_763,Cc1cccc(C)c1NC(=O)CNC(=O)C[NH+]1CCCC2CCCCC21,0
ZINC67181599,ChEMBL_zinc_D_764,CCC(C)n1nccc1NC(=O)C1CCN(C(=O)C(C)(C)C)CC1,0
ZINC66824133,ChEMBL_zinc_D_765,CC1CCC(N2CC(C(=O)NCCc3cnn(C)c3)CC2=O)CC1,0
ZINC66957055,ChEMBL_zinc_D_766,CC(CNC(=O)Nc1ccc(-c2nnc3n2CCCC3)cc1)[NH+](C)C1CC1,0
ZINC00108235,ChEMBL_zinc_D_767,Cc1ccc(OCc2nc(C#N)c(N3CC(C)CC(C)C3)o2)cc1,0
ZINC37560120,ChEMBL_zinc_D_768,Cc1cc(C)c(S(=O)(=O)Nc2ccn(C)n2)cc1C(=O)[O-],0
ZINC47326877,ChEMBL_zinc_D_769,COc1ccc(CC(=O)Nc2cc(-c3nnco3)ccc2C)cc1,0
ZINC20908300,ChEMBL_zinc_D_770,CCCOC(=O)c1ccc(NC(=O)c2c(C)noc2C(C)C)cc1,0
ZINC16103508,ChEMBL_zinc_D_771,Cc1ccc(CC(=O)N2CCN(c3cc(C)nc(C(C)C)n3)CC2)cc1,0
ZINC71813576,ChEMBL_zinc_D_772,CCOC(=O)C=c1sc(=Cc2csc(-c3ccc(F)cc3)n2)c(=O)n1CC(=O)N(CC)CC,0
ZINC42854958,ChEMBL_zinc_D_773,CCC(C)(C)NC(=O)C(C)Nc1ccc(N2CCCS2(=O)=O)cc1,0
ZINC43265876,ChEMBL_zinc_D_774,O=C(NCC(c1ccco1)[NH+]1CCCCC1)Nc1c(F)cccc1F,0
ZINC31394276,ChEMBL_zinc_D_775,Cc1ccc(C(=O)CCC(=O)NC(C)Cn2cccn2)s1,0
ZINC31671278,ChEMBL_zinc_D_776,CC1CN(CCCNC(=O)COc2ccccc2Br)CC(C)O1,0
ZINC00649277,ChEMBL_zinc_D_777,Cc1cccc(OCc2nnc(SCC(C)C)n2-c2ccccc2)c1,0
ZINC04359911,ChEMBL_zinc_D_778,O=C(Nc1ccc(Br)cc1F)NC1CC(=O)N(c2ccccc2)C1,0
ZINC39037651,ChEMBL_zinc_D_779,O=c1c2c([nH]n1C1Nc3ccccc3S1)CCCC2,0
ZINC64389290,ChEMBL_zinc_D_780,CNC(=O)C[NH+]1CCC(NC(=O)C2CC2c2cccc(Cl)c2)CC1,0
ZINC69480475,ChEMBL_zinc_D_781,Cc1cccc2[nH+]c(CNC(=O)NCC(O)COc3ccc4c(c3)OCO4)cn21,0
ZINC69518933,ChEMBL_zinc_D_782,Cc1nnc(C(C)N2Cc3ccccc3-c3ccccc3C2)o1,0
ZINC70993084,ChEMBL_zinc_D_783,CSc1cc(C(=O)NC(c2ccncc2)C(C)C)ccn1,0
ZINC71034990,ChEMBL_zinc_D_784,C[NH+](C)C1(CNC(=O)C2COc3ccccc3C2)CCCCC1,0
ZINC66885188,ChEMBL_zinc_D_785,COC(=O)c1ccc(C(=O)OC(C)c2ccc3c(c2)OCCO3)s1,0
ZINC66940765,ChEMBL_zinc_D_786,CC(=O)N1CCN(C(=O)C(C)[NH2+]CC2(c3ccccc3)CCCCCC2)CC1,0
ZINC71279585,ChEMBL_zinc_D_787,CC(C)c1nnc(NC(=O)Cn2nc(-c3ccccc3Cl)ccc2=O)s1,0
ZINC71287967,ChEMBL_zinc_D_788,CC1(C)CC(NC(=O)CCn2ccc3cc(OCc4ccccc4)ccc32)CCO1,0
ZINC63435910,ChEMBL_zinc_D_789,CC(=O)c1cccc(OC(C)C(=O)Oc2cccc(F)c2C#N)c1,0
ZINC06243443,ChEMBL_zinc_D_790,O=C(Nc1ccc2c(c1)NC(=O)CO2)N1CCOCC1,0
ZINC67232610,ChEMBL_zinc_D_791,C[NH+]1CCN(C(=O)c2ccc(NC(=O)c3sccc3C3CC3)cc2)CC1,0
ZINC67244671,ChEMBL_zinc_D_792,Cc1cc(O)c(C(=O)[O-])cc1S(=O)(=O)N1CC([NH+](C)C)Cc2ccccc21,0
ZINC68395534,ChEMBL_zinc_D_793,O=C(NCc1n[nH]cc1Br)C1CCC[NH+](Cc2ccccc2)C1,0
ZINC68424672,ChEMBL_zinc_D_794,Cn1cc(C2CC2C(=O)Nc2cccc(NC(=O)c3ccncc3)c2)cn1,0
ZINC47383487,ChEMBL_zinc_D_795,O=C([O-])c1cc(NS(=O)(=O)c2ccc3c(c2)CCC3)c(F)cc1F,0
ZINC61056455,ChEMBL_zinc_D_796,O=C(Nc1c(-c2ccccc2)nc2ccccn21)c1cn2ccccc2n1,0
ZINC62273582,ChEMBL_zinc_D_797,O=C([O-])c1nnn(Cc2ccc(F)cc2)c1-c1ccccc1,0
ZINC06180986,ChEMBL_zinc_D_798,COc1ccc(S(=O)(=O)n2c3ccccc3nc2SCC(=O)NCc2cccs2)cc1,0
ZINC32631996,ChEMBL_zinc_D_799,CNC(=O)c1cccc(NS(=O)(=O)c2ccc(C(=O)OC)cc2)c1C,0
ZINC32675271,ChEMBL_zinc_D_800,N#Cc1nc(COc2ccccc2Cl)oc1NCC1CCCO1,0
ZINC63485128,ChEMBL_zinc_D_801,CC(CC(=O)N(CCC#N)Cc1cccnc1)NC(=O)c1ccccc1,0
ZINC63520899,ChEMBL_zinc_D_802,COC(=O)c1c(C)sc(C2=C3C(=O)N=C([O-])N(C)C3N=C2c2ccc(Cl)cc2)c1[O-],0
ZINC69975262,ChEMBL_zinc_D_803,COc1c(C)cnc(CNC(=O)N2CCC(n3cncn3)CC2)c1C,0
ZINC08353256,ChEMBL_zinc_D_804,Cc1cc(COC(=O)c2ccc(Cn3nnc4ccccc43)cc2)on1,0
ZINC53797678,ChEMBL_zinc_D_805,CCNC(=O)CN1CCN(C(=O)c2cc(NC(=O)CC)ccc2O)CC1,0
ZINC55433572,ChEMBL_zinc_D_806,CCCC1CCC(NC(=O)c2ccc3c(c2)S(=O)(=O)N(CC)C3=O)CC1,0
ZINC68724733,ChEMBL_zinc_D_807,O=C(OC(c1ccccc1)c1ccncc1)c1ccc(F)cc1F,0
ZINC68783532,ChEMBL_zinc_D_808,Cc1cc(C)n(-c2ccc(Cl)c(C(=O)NCCc3ccco3)n2)n1,0
ZINC66548430,ChEMBL_zinc_D_809,Cc1onc2c1c(C(=O)NCc1ccc3c(c1)OCCCO3)nn(C)c2=O,0
ZINC67776159,ChEMBL_zinc_D_810,NC(=O)c1cc(Cl)ccc1NC(=O)c1cc(Cl)c2c(c1)OCCCO2,0
ZINC46066946,ChEMBL_zinc_D_811,COCCN(CCOC)C(=O)NC(C)c1ccc(OC(C)C)cc1,0
ZINC46961111,ChEMBL_zinc_D_812,Cc1csc(=O)n1CCC(=O)NCCC[NH+]1CCCC(C)C1,0
ZINC65320157,ChEMBL_zinc_D_813,C=CCn1c(SCC(=O)NCc2cccc(OC)c2)nc2nc(N3CCCCC3)sc2c1=O,0
ZINC65363294,ChEMBL_zinc_D_814,Cc1ccc2c(c1)OC(C)(C)CC2NC(=O)C1CCCN(S(C)(=O)=O)C1,0
ZINC47617364,ChEMBL_zinc_D_815,CC(C)CNC(=O)NCc1ccc(OCc2cccnc2)cc1,0
ZINC47939746,ChEMBL_zinc_D_816,CCN(C(=O)CS(=O)(=O)c1ccc2ccccc2n1)c1ccccc1,0
ZINC65580765,ChEMBL_zinc_D_817,CN(c1ccc(NC(=O)c2ccc(S(C)=O)cc2)cc1)C1CC[NH+](C)CC1,0
ZINC65734774,ChEMBL_zinc_D_818,CCC(OC)C(=O)Nc1ccc(C(=O)NCc2ccc(F)cc2)cc1,0
ZINC62931566,ChEMBL_zinc_D_819,CC(COCC(F)(F)F)NC(=O)NCc1ccc[nH+]c1N1CCOCC1,0
ZINC63008322,ChEMBL_zinc_D_820,CCOC(=O)CNC(=O)c1cc(F)c(F)c(F)c1,0
ZINC65300261,ChEMBL_zinc_D_821,Cc1nn(-c2ccc(C)cc2)c2nc(N3CCCN(C(=O)c4cc(Cl)ccc4F)CC3)sc12,0
ZINC65308135,ChEMBL_zinc_D_822,Cc1ccc(CNC(=O)Cn2nc3nc(Nc4ccc(F)cc4)ccn3c2=O)cc1,0
ZINC47559587,ChEMBL_zinc_D_823,CCOc1ccccc1NC(=O)C(Sc1nc(C)c(C)o1)C(C)C,0
ZINC47971925,ChEMBL_zinc_D_824,Cn1c(SCC(=O)NC2CCCCNC2=O)nnc1-c1ccco1,0
ZINC71820327,ChEMBL_zinc_D_825,CC(OC(=O)c1ccncc1)c1nc2ccccc2n1C(F)F,0
ZINC55662615,ChEMBL_zinc_D_826,O=C(NCc1cccc(N2CCCCC2=O)c1)c1ccc(=O)[nH]c1,0
ZINC65255333,ChEMBL_zinc_D_827,Cc1ccc(C)c(-c2cc3c(=O)n(CC(O)c4ccccc4)ccn3n2)c1,0
ZINC51157274,ChEMBL_zinc_D_828,O=S(=O)(NCc1cccc(OC(F)F)c1)c1c(F)cc(F)cc1F,0
ZINC08924590,ChEMBL_zinc_D_829,COC(=O)c1c2c(sc1NC(=O)CSc1nnc(-c3ccc(F)cc3)o1)CC(C)CC2,0
ZINC08954271,ChEMBL_zinc_D_830,Cc1ccc(Cn2c(SC(C)C(=O)NCc3ccccc3)nc3ccccc3c2=O)cc1,0
ZINC67292571,ChEMBL_zinc_D_831,CC(NC(=O)c1ccon1)C(=O)N(C)C,0
ZINC67488401,ChEMBL_zinc_D_832,CC(C)(C)[NH+]1CCCN(C(=O)NCc2ccc3c(c2)OCCCO3)CC1,0
ZINC68178982,ChEMBL_zinc_D_833,COc1ccc(CN2CC(C(=O)NCCCc3cccc(F)c3)CC2=O)cc1,0
ZINC68214120,ChEMBL_zinc_D_834,O=C(NCC1(Sc2ccccc2)CC1)C1CC(=O)N(Cc2ccccn2)C1,0
ZINC11135436,ChEMBL_zinc_D_835,Cc1ccc(-n2c(SC(C)C(=O)NCC(C)C)nnc2N2CCCC2)cc1,0
ZINC12541552,ChEMBL_zinc_D_836,CC(NC(=O)c1cc(S(=O)(=O)Nc2ccc(S(C)(=O)=O)cc2)ccc1Cl)C1CC1,0
ZINC70668786,ChEMBL_zinc_D_837,CC(C)C(NC(=O)c1ccccc1Cl)C(=O)OCC1CCCCO1,0
ZINC38897607,ChEMBL_zinc_D_838,CCCCNC(=O)Cc1c(C)nc(SCc2ccccc2)[nH]c1=O,0
ZINC68610669,ChEMBL_zinc_D_839,COc1cccc(C[NH+]2CCC(NC(C)CC#N)CC2)c1,0
ZINC68691565,ChEMBL_zinc_D_840,COc1ccc(C)cc1C1(CNc2ccc3nnc(C)n3n2)CCOCC1,0
ZINC44208598,ChEMBL_zinc_D_841,Cc1cc(C)n(-c2ccccc2NC(=O)NCCC(=O)N2CCCC2)n1,0
ZINC44451353,ChEMBL_zinc_D_842,Cc1cc(C)n(CC(=O)Nc2ccc3ncccc3c2)n1,0
ZINC67934323,ChEMBL_zinc_D_843,O=C([O-])c1coc(COc2cccc3cccnc32)n1,0
ZINC67968693,ChEMBL_zinc_D_844,CC1c2ccsc2CCN1C(=O)Cc1c[nH]c2cc(Cl)ccc12,0
ZINC49278220,ChEMBL_zinc_D_845,O=C(CSc1ncn[nH]1)NCC1CC=CCC1,0
ZINC49521365,ChEMBL_zinc_D_846,O=C(NCC1(c2cccs2)CCOCC1)c1ccc2ccccc2n1,0
ZINC45966614,ChEMBL_zinc_D_847,Cc1ccc(CN(CCC(=O)N2CCNCC2)C(=O)c2ccc(Cl)cc2)cc1,0
ZINC46030360,ChEMBL_zinc_D_848,Cc1nc(-c2ccc(OCC(=O)N(C)C3CCCc4ccccc43)cc2)no1,0
ZINC02405453,ChEMBL_zinc_D_849,COc1ccc(S(=O)(=O)c2c(N)n(Cc3ccc(F)cc3)c3nc4ccccc4nc32)cc1,0
ZINC57727102,ChEMBL_zinc_D_850,COC(=O)CC(NC(=O)Nc1cccnc1OC)c1ccc(OC)cc1,0
ZINC38489223,ChEMBL_zinc_D_851,O=c1c2nc(N3CCOCC3)sc2c(-c2ccco2)nn1CC=Cc1ccccc1,0
ZINC38550347,ChEMBL_zinc_D_852,N#Cc1ccc(-c2csc(NC(=O)Nc3ccccc3C(F)(F)F)n2)cc1,0
ZINC71827093,ChEMBL_zinc_D_853,Cc1cc(CNC(=O)Cc2c(C)nc(-c3ccncc3)[nH]c2=O)no1,0
ZINC71836607,ChEMBL_zinc_D_854,COc1ccc(CCN2CCN(C(=O)c3ccc([O-])nn3)CC2)cc1,0
ZINC61771650,ChEMBL_zinc_D_855,CCCC1CCCN(C(=O)Nc2cc(C(N)=O)ccc2OC)CC1,0
ZINC04801803,ChEMBL_zinc_D_856,O=C(c1ccncc1)N1CCN(S(=O)(=O)c2cc(Cl)ccc2Cl)CC1,0
ZINC12946197,ChEMBL_zinc_D_857,COc1ccc(Br)c(C(=O)Nc2ccc3nc(N4CCOCC4)sc3c2)c1,0
ZINC12648664,ChEMBL_zinc_D_858,CN1C(=O)Cc2cc(S(=O)(=O)Nc3ccc(-c4nc5ccccc5s4)cc3)ccc21,0
ZINC36347225,ChEMBL_zinc_D_859,Fc1ccc(F)c(C2[NH2+]CCCn3cccc32)c1,0
ZINC36406042,ChEMBL_zinc_D_860,Cc1cc(NC(=O)CN2CCN(C(=O)CC34CC5CC(CC(C5)C3)C4)CC2)no1,0
ZINC16525244,ChEMBL_zinc_D_861,O=S(=O)(c1ccccc1F)N1CCN(Cc2cc(Cl)cc3c2OCOC3)CC1,0
ZINC23900583,ChEMBL_zinc_D_862,CCOC(=O)CC(c1ccc(F)cc1)C1CCN(C(=O)CCNC(=O)c2ccc(F)cc2F)CC1,0
ZINC07608455,ChEMBL_zinc_D_863,CC(=O)c1ccc(NC(=O)c2nn(-c3ccccc3)nc2C)cc1,0
ZINC08061605,ChEMBL_zinc_D_864,CN1CCCN(C(=O)c2ccc(C#N)cc2)c2nc3ccccc3nc21,0
ZINC06082858,ChEMBL_zinc_D_865,CCOC(=O)C1=C(COC(=O)c2oc3ccccc3c2COC)NC(=O)NC1C,0
ZINC60546894,ChEMBL_zinc_D_866,CNC(=O)c1cccc(CNC(=O)N2CC=C(c3cccc4ccccc43)CC2)c1,0
ZINC69931151,ChEMBL_zinc_D_867,O=C(CNC(=O)N1CCCC(CN2CCOCC2)C1)NCC(F)(F)F,0
ZINC02803155,ChEMBL_zinc_D_868,Cc1cc2n(n1)C(C(F)(F)F)CC(C1CC1)N2C(=O)c1cc(-c2ccccc2)on1,0
ZINC53846736,ChEMBL_zinc_D_869,COc1cc2c(=O)[nH]c(Cc3cccc4cccnc43)nc2c(OC)c1OC,0
ZINC53850641,ChEMBL_zinc_D_870,Cc1ccc(NC(=O)Cc2nc3ccc(Br)cc3c(=O)[nH]2)c(C)c1,0
ZINC03065309,ChEMBL_zinc_D_871,COc1ccc(NC(=O)Nc2nc(-c3ccc(Br)cc3)cs2)cc1,0
ZINC17011981,ChEMBL_zinc_D_872,Cc1cc(NC(=O)c2ccccc2)n(-c2ncnc3c2cnn3-c2ccccc2)n1,0
ZINC08865736,ChEMBL_zinc_D_873,O=C(Cn1cc(S(=O)(=O)c2ccc(F)cc2)c2ccccc21)N1CCCCC1,0
ZINC09077206,ChEMBL_zinc_D_874,COC(=O)Cn1c2ccc(Cl)cc2sc1=NC(=O)c1cc(OC)cc(OC)c1,0
ZINC67552848,ChEMBL_zinc_D_875,COCCOC(=O)Nc1cccc(NC(=O)c2ccc(-c3nc(C)no3)cc2)c1,0
ZINC67694074,ChEMBL_zinc_D_876,CCC(NCc1nc(-c2ccccc2)cs1)c1ccc2c(c1)OCCO2,0
ZINC66540873,ChEMBL_zinc_D_877,CN(CCn1c2ccccc2oc1=O)C(c1ccccc1)c1ccccn1,0
ZINC66604494,ChEMBL_zinc_D_878,COc1ccccc1C(C)=CC(=O)N1CCCC(c2nc3ccccc3[nH]2)C1,0
ZINC54674117,ChEMBL_zinc_D_879,Cc1noc(C2CCCN(C(=O)Cc3c(C)nn(C)c3C)C2)n1,0
ZINC58609876,ChEMBL_zinc_D_880,O=C(NCc1cc2ccccc2[nH]1)Nc1ccc(N2CCCC2=O)cc1,0
ZINC23973801,ChEMBL_zinc_D_881,COc1cccc(C(CNC(=O)c2cc3ccccc3oc2=O)N2CCOCC2)c1,0
ZINC24044260,ChEMBL_zinc_D_882,COc1ccc(-c2nc(CSc3ccccn3)no2)cc1,0
ZINC67504452,ChEMBL_zinc_D_883,O=c1ccc2c([nH]1)CCCC2[NH2+]Cc1csc(-c2ccc(F)cc2)n1,0
ZINC67522864,ChEMBL_zinc_D_884,CCOC1CCCN(C(=O)c2cc(Cl)ccc2OC(C)C)C1,0
ZINC27528543,ChEMBL_zinc_D_885,COc1ccc(C(O)(c2ccc(O)cc2)C(C[NH+]2CCCCC2)c2ccccc2)cc1,0
ZINC27789541,ChEMBL_zinc_D_886,Cc1nc(-c2ccccc2)nc(SCC(=O)Nc2ccc3ccccc3c2)c1C(C)O,0
ZINC32798865,ChEMBL_zinc_D_887,O=C(CNC1=NS(=O)(=O)c2ccccc21)Oc1cccc2cccnc21,0
ZINC70773220,ChEMBL_zinc_D_888,CC(OC1CCCC1)C(=O)Nc1ccc(-n2ncc(C#N)c2N)cc1,0
ZINC05203552,ChEMBL_zinc_D_889,CN(C)c1ccc(C(=O)Nc2nnc(-c3cccc(S(C)(=O)=O)c3)o2)cc1,0
ZINC62904234,ChEMBL_zinc_D_890,C=CCN(Cc1cccc(C#N)c1)C(=O)c1cc(F)c(F)c(F)c1F,0
ZINC71802594,ChEMBL_zinc_D_891,CC(NC(=O)c1ccccc1F)c1cccc(S(N)(=O)=O)c1,0
ZINC15635957,ChEMBL_zinc_D_892,Cc1cc(Cl)ccc1OCCCC(=O)Nc1cccc(S(C)(=O)=O)c1,0
ZINC67675586,ChEMBL_zinc_D_893,COc1ccc(F)c(CN2CCCC(O)(CN3CC[NH+](C)CC3)C2=O)c1,0
ZINC67689338,ChEMBL_zinc_D_894,CCn1c(=O)n(C)nc1C1CCCN(C2CC[NH+](Cc3cccnc3)CC2)C1,0
ZINC27391827,ChEMBL_zinc_D_895,CC(c1ccc(S(N)(=O)=O)cc1)N(C)C(=O)CCCNC(=O)c1ccc(Cl)cc1,0
ZINC27579388,ChEMBL_zinc_D_896,CCOc1ccc(NC(=O)C(C)n2cncn2)cc1,0
ZINC03188070,ChEMBL_zinc_D_897,CC(=O)Nc1cn(-c2ccccc2)nc1-c1ccccc1,0
ZINC03657762,ChEMBL_zinc_D_898,COc1ccc(C2C(C(=O)N3CCN(c4ccccc4F)CC3)c3ccccc3C(=O)N2C)cc1,0
ZINC40121336,ChEMBL_zinc_D_899,CCC(=O)Nc1ccc(C)c(NC(=O)NC2CCC(C)CC2)c1,0
ZINC40399321,ChEMBL_zinc_D_900,O=C(Nc1cc(Cl)ccc1Cl)C1CC(=O)Nc2nc(Nc3ccc(Cl)cc3)[nH]c(=O)c21,0
ZINC48129990,ChEMBL_zinc_D_901,COC(=O)c1cc(NC(=O)NC(C)c2ccc3c(c2)OCO3)ccc1Cl,0
ZINC48196911,ChEMBL_zinc_D_902,CC(C)C(=O)NCCNC(=O)Nc1cccnc1-n1cccn1,0
ZINC65611583,ChEMBL_zinc_D_903,CC(C)S(=O)(=O)c1ccccc1C(=O)N1CC(C)OC(C)(C)C1,0
ZINC55602676,ChEMBL_zinc_D_904,Cc1ccc(C(=O)N2CCCN(C(=O)COc3ccccc3)CC2)c(C)c1,0
ZINC40475409,ChEMBL_zinc_D_905,Cc1noc(C)c1S(=O)(=O)NC(C)C(=O)Nc1cccc(C)n1,0
ZINC40539560,ChEMBL_zinc_D_906,CCc1nc(NC(=O)c2cnccn2)sc1C,0
ZINC38561337,ChEMBL_zinc_D_907,O=C(NCCC1CCCCN1S(=O)(=O)c1cccs1)c1ccc(Cl)cc1,0
ZINC38676788,ChEMBL_zinc_D_908,Cn1cccc1C(CNC(=O)Nc1cccs1)N1CC[NH+](C)CC1,0
ZINC06669785,ChEMBL_zinc_D_909,Cc1[nH]c2ccc(C(=O)Nc3ccc(F)cc3)cc2c1C,0
ZINC08593931,ChEMBL_zinc_D_910,Cc1c2c(nn1-c1ccccc1)c(N1CCC(C(=O)Nc3c(C)cc(C)cc3C)CC1)nnc2C,0
ZINC52830147,ChEMBL_zinc_D_911,COC(=O)CN(Cc1ccccc1)Cc1cc(=O)oc2cc(C)ccc12,0
ZINC19926472,ChEMBL_zinc_D_912,CCC(Sc1nc(=O)cc(-c2ccccc2)[nH]1)C(=O)[O-],0
ZINC32103437,ChEMBL_zinc_D_913,CCCn1cnc2c3cc4c(nc3sc2c1=O)CC(C)(CC)OC4,0
ZINC32647248,ChEMBL_zinc_D_914,CC(C)C(=O)NC(Cc1c[nH]c2ccccc12)C(=O)Nc1cccnc1,0
ZINC47041617,ChEMBL_zinc_D_915,CCc1ccccc1OCC(=O)Nc1cccc(N2CCNC2=O)c1,0
ZINC06099602,ChEMBL_zinc_D_916,N#Cc1ccc(NC(=O)CSc2nnc3c(Cl)cc(Cl)cn23)cc1,0
ZINC61409718,ChEMBL_zinc_D_917,COC(=O)c1ccc(NC(=O)NCC(O)c2ccc(F)cc2)c(C)c1,0
ZINC61578011,ChEMBL_zinc_D_918,COCCOc1ccc(NC(=O)NCCCOc2ccccc2F)cn1,0
ZINC28746559,ChEMBL_zinc_D_919,CCCn1c(=O)c(=Cc2ccccc2)sc1=C(C#N)C(=O)C(C)(C)C,0
ZINC29153660,ChEMBL_zinc_D_920,CCC1CN(C(=O)c2cn(-c3ccccc3)nc2-c2cccnc2)CCO1,0
ZINC71944886,ChEMBL_zinc_D_921,CCOC(=O)C1=C(C)N(CCc2cccs2)C(=O)NC1c1csnn1,0
ZINC71962431,ChEMBL_zinc_D_922,CCOC(=O)c1nn(-c2ccccc2)cc1OCc1ccc(Cl)s1,0
ZINC07643964,ChEMBL_zinc_D_923,COc1ccc(OC)c(-c2csc(N(C)C)n2)c1,0
ZINC07652420,ChEMBL_zinc_D_924,CCOC(=O)C1CCN(C(=O)c2ccc(C)o2)CC1,0
ZINC40768691,ChEMBL_zinc_D_925,CCn1nc(C)cc1-c1nnc(CCC(=O)NCCN2CCOCC2)o1,0
ZINC40930773,ChEMBL_zinc_D_926,COc1ccc(-c2noc(C[NH+]3CCC(C(=O)NCCc4ccc(C)cc4)CC3)n2)cc1,0
ZINC61744580,ChEMBL_zinc_D_927,COc1ccc(-c2nc(C[NH+]3CCCCC3)cs2)c(OC)c1,0
ZINC61908425,ChEMBL_zinc_D_928,CCCCC(=O)N(C)c1c(CC)nc2c(OCCOc3ccccc3)cccn21,0
ZINC17091446,ChEMBL_zinc_D_929,CCCC1=C(C(=O)OCC)C(c2ccc(OCc3ccccc3)cc2)n2ncnc2N1,0
ZINC54512347,ChEMBL_zinc_D_930,CN(CCCNC(=O)Nc1cc(N2CCOC2=O)ccc1F)c1ccccc1,0
ZINC67668054,ChEMBL_zinc_D_931,O=C(C1CCCCC1)N1CCC([NH2+]Cc2cc(Cl)c3c(c2)OCCO3)CC1,0
ZINC67682347,ChEMBL_zinc_D_932,CC(NC(=O)Cc1ccc2c(c1)CCCC2)C(=O)NC1CCCC1,0
ZINC53479161,ChEMBL_zinc_D_933,Cc1ccc(-c2n[nH]c(SCC(=O)N3CCC4(CC3)OCCO4)n2)cc1,0
ZINC53503737,ChEMBL_zinc_D_934,CS(=O)(=O)N1CCN(C(=O)NCCc2c[nH]c3ccccc23)CC1,0
ZINC12296346,ChEMBL_zinc_D_935,CC1(C)CC(N(CCN(C(=O)c2ccccc2)C2CCOC(C)(C)C2)C(=O)c2ccccc2)CCO1,0
ZINC04259262,ChEMBL_zinc_D_936,O=C(c1ccc2ccccc2c1)N1CC2CC(C1)c1ccc(NCc3ccc(F)cc3)c(=O)n1C2,0
ZINC50139810,ChEMBL_zinc_D_937,CNS(=O)(=O)Cc1cccc(CNC(=O)N2CCCC(C)C2)c1,0
ZINC03384239,ChEMBL_zinc_D_938,Cc1ccsc1C(=O)OCC(=O)Nc1cc(Cl)ccc1C#N,0
ZINC12331378,ChEMBL_zinc_D_939,CNC(=O)c1ccc(C[NH+](C)Cc2ccc(Cl)c(Cl)c2)cc1,0
ZINC67506931,ChEMBL_zinc_D_940,Cn1cc(CNC2CC2c2cccc(C(F)(F)F)c2)c(-c2ccncc2)n1,0
ZINC13694543,ChEMBL_zinc_D_941,Cc1ccc(-n2cc[nH+]c2N2CCN(CC(=O)NCc3ccc(F)cc3)CC2)cc1,0
ZINC44043146,ChEMBL_zinc_D_942,Cc1ncc(-c2ccc(NC(=O)N(C)Cc3ccc(F)cc3F)cc2)o1,0
ZINC12687627,ChEMBL_zinc_D_943,NC(=O)N1CCCC(C(=O)OCC(=O)N2CCc3ccccc32)C1,0
ZINC69502603,ChEMBL_zinc_D_944,COCC[NH+]1CCCC1CNC(=O)c1cc(S(N)(=O)=O)c(C)cc1C,0
ZINC29223877,ChEMBL_zinc_D_945,C=CCN(CC=C)C(=O)C(C)Nc1ccc(NC(C)=O)cc1,0
ZINC02204588,ChEMBL_zinc_D_946,O=C(NCCC[NH2+]CCCNC(=O)c1ccccn1)c1ccccn1,0
ZINC27636243,ChEMBL_zinc_D_947,C=CCNC(=O)c1cc(=O)[nH]c2ccc(S(=O)(=O)N(CC)CC)cc21,0
ZINC30170749,ChEMBL_zinc_D_948,Cc1cc(C)cc(OCC(=O)NCCCn2cccn2)c1,0
ZINC40841310,ChEMBL_zinc_D_949,Cc1noc(Cn2c3ccccc3nc(N3CCC(C)CC3)c2=O)n1,0
ZINC40875111,ChEMBL_zinc_D_950,O=C(OCc1ccc(Cl)cc1)c1cn(Cc2cc(F)cc(F)c2)nn1,0
ZINC71327070,ChEMBL_zinc_D_951,COc1ccccc1NC(=O)c1nnn(CC(=O)Nc2cc(F)ccc2F)c1C,0
ZINC20726883,ChEMBL_zinc_D_952,O=C1Nc2cc(F)ccc2C12CC(O)=Nc1c2cnn1-c1cccc(Cl)c1,0
ZINC68349712,ChEMBL_zinc_D_953,CCC(C)c1ccc(S(=O)(=O)N(C)C(C)c2cccnc2)cc1,0
ZINC68364494,ChEMBL_zinc_D_954,CN(C)C(=O)Sc1ccccc1NC(=O)C1CCC[NH+](Cc2ccccc2)C1,0
ZINC69540059,ChEMBL_zinc_D_955,CC(C)(C)c1cc(NC(=O)c2ccsc2)no1,0
ZINC69723306,ChEMBL_zinc_D_956,CC(C)C(NC(=O)NC1CCCc2ccccc21)c1nc(C2CC2)no1,0
ZINC25974030,ChEMBL_zinc_D_957,COC(=O)c1cccc(NC(=O)COc2ccccc2C(=O)Nc2ccccc2)c1,0
ZINC13820720,ChEMBL_zinc_D_958,Cc1ccc(Cn2nc3ccccc3c2[O-])cn1,0
ZINC67581636,ChEMBL_zinc_D_959,CC(C)[NH+](CCNC(=O)NCCCNc1ccccc1)C(C)C,0
ZINC67611099,ChEMBL_zinc_D_960,CC(C)C(=O)NCCNC(=O)NCc1ccc(S(=O)(=O)N(C)C(C)C)cc1,0
ZINC12819493,ChEMBL_zinc_D_961,CCOc1ccc(C2CCCN2Cc2cc(=O)oc3cc(C)ccc23)cc1,0
ZINC35291782,ChEMBL_zinc_D_962,CC(=O)c1cccc(NC(=O)N2CCC(c3nc4cc(Cl)ccc4[nH]3)CC2)c1,0
ZINC21351516,ChEMBL_zinc_D_963,CN(C)C(=O)c1cccc(NC(=O)CNc2cccc(C(F)(F)F)c2)c1,0
ZINC66098773,ChEMBL_zinc_D_964,Cc1nc(S(=O)(=O)NCc2cccc(NC(=O)c3ccco3)c2)cn1C,0
ZINC23993288,ChEMBL_zinc_D_965,[O-]c1nc(C[NH+]2CCC(O)CC2)nc2cc(Cl)ccc12,0
ZINC24096827,ChEMBL_zinc_D_966,Cc1nc2nc(N)nn2c(C)c1CCC(=O)N1CCN(CCc2ccccc2)CC1,0
ZINC06587040,ChEMBL_zinc_D_967,CC(C(=O)Nc1ccc(S(N)(=O)=O)cc1)[NH+]1CCN(c2ncccn2)CC1,0
ZINC67632566,ChEMBL_zinc_D_968,Cc1ccc(C(C)NC(=O)NCCCNc2ccccc2)s1,0
ZINC00168866,ChEMBL_zinc_D_969,O=C(Nc1cccc(C(F)(F)F)c1)c1ccc2c(c1)CCO2,0
ZINC38508798,ChEMBL_zinc_D_970,Cc1ccc(C)c2sc(N(CC[NH+](C)C)C(=O)c3ccn(C(C)C)n3)nc21,0
ZINC01786400,ChEMBL_zinc_D_971,Cc1cccc(OCCCC(=O)Nc2sc3c(c2C(N)=O)CCCC3)c1C,0
ZINC36700490,ChEMBL_zinc_D_972,Cc1noc(C)c1CCC(=O)NCCOc1ccc2nnc(-c3cccc(F)c3)n2n1,0
ZINC02505846,ChEMBL_zinc_D_973,COc1ccc(-c2nnc(Cl)c3ccccc32)cc1,0
ZINC40350790,ChEMBL_zinc_D_974,CCN(c1ccc2sc(C(=O)[O-])cc2c1)S(=O)(=O)c1ccc(C)cc1,0
ZINC63059971,ChEMBL_zinc_D_975,Cc1ccc(NC(=O)c2ccc(F)c(C)c2)cc1,0
ZINC63092471,ChEMBL_zinc_D_976,O=C(NCc1ccc(O)cc1)c1cccc(NC(=O)c2ccc3[nH]cnc3c2)c1,0
ZINC37573463,ChEMBL_zinc_D_977,CC(NC(=O)C1CCN(c2ccc(OCc3ccccc3)cc2)C1=O)c1ccccc1,0
ZINC37580679,ChEMBL_zinc_D_978,CC1CCN(c2nc(N3CCOCC3)nc3c2CN(C(=O)COc2ccccc2)CC3)CC1,0
ZINC57004918,ChEMBL_zinc_D_979,CC(NC(=O)NC1c2ccccc2CC1O)c1nncn1C,0
ZINC65593130,ChEMBL_zinc_D_980,NC(=O)Cc1ccc(OCC(=O)NCCC(=O)N2CCCCC2)cc1,0
ZINC58191224,ChEMBL_zinc_D_981,Cc1cc(NC(=O)COc2ccc(C#N)cc2)n(CCC#N)n1,0
ZINC16372741,ChEMBL_zinc_D_982,O=C(CSc1nnnn1C1CCCC1)NCCc1ccc(OC(F)F)cc1,0
ZINC65254491,ChEMBL_zinc_D_983,O=C(Cc1nnc2cc(-c3nc(C4CC4)no3)ccn21)NCc1ccccc1,0
ZINC65314484,ChEMBL_zinc_D_984,COc1cc(Cl)ccc1C(=O)N=c1[nH]nc2ccccn21,0
ZINC05413570,ChEMBL_zinc_D_985,COC(=O)c1ccc2nc(NC(=O)c3ccc(C)cc3)sc2c1,0
ZINC05419627,ChEMBL_zinc_D_986,Cc1cccc(C(C(=O)[O-])n2nnc3ccccc32)c1O,0
ZINC58459117,ChEMBL_zinc_D_987,NC(=O)CSc1ccccc1C(=O)NCc1cccc(CN2CCOCC2)c1,0
ZINC58513860,ChEMBL_zinc_D_988,CC(C)C(Oc1ccccc1C#N)C(=O)N=c1[nH]nc2ccccn21,0
ZINC19566369,ChEMBL_zinc_D_989,Cc1c2ccccc2oc1CN1CCCC(c2ncccc2S(C)(=O)=O)C1,0
ZINC19657537,ChEMBL_zinc_D_990,CC(CNC(=O)CCc1cn(C)c2ccccc12)N1CCOCC1,0
ZINC15000420,ChEMBL_zinc_D_991,CCN(CC(=O)Nc1ccccc1OC)C(=O)c1cc(Br)ccc1Cl,0
ZINC15010795,ChEMBL_zinc_D_992,CN(C)S(=O)(=O)c1ccc(Cl)c(C(=O)Nc2cccc(Cl)c2Cl)c1,0
ZINC67432112,ChEMBL_zinc_D_993,Cc1n[nH]c(CNCC2(O)CCCN(CCC3CCCCC3)C2=O)n1,0
ZINC67546795,ChEMBL_zinc_D_994,Cc1noc(C)c1CNC(=O)Nc1ccccc1CN1CCOCC1,0
ZINC00373418,ChEMBL_zinc_D_995,O=C([O-])c1ccc(COc2cccc(Cl)c2Cl)o1,0
ZINC67287238,ChEMBL_zinc_D_996,O=C(c1ccon1)N1CCC(n2c(=O)[nH]c3ccccc32)CC1,0
ZINC64486892,ChEMBL_zinc_D_997,CN(C)c1ccc(CN(C)C(=O)c2cc(Cl)ccc2[N-]S(C)(=O)=O)cc1,0
ZINC64529061,ChEMBL_zinc_D_998,CCCOc1ncccc1CNC(=O)Nc1ccc(F)c(NC(C)=O)c1,0
ZINC02804286,ChEMBL_zinc_D_999,CCC(C)c1ccc(C(CC)NC(=O)C2CCN(S(C)(=O)=O)CC2)cc1,0
ZINC63160688,ChEMBL_zinc_D_1000,CN(Cc1ccccn1)C(=O)Nc1ccc2c(c1)N(C(=O)C(C)(C)C)CCO2,0
ZINC19371293,ChEMBL_zinc_D_1001,c1ccc(CC[NH+]2CCCC(c3nnc(-c4cnccn4)o3)C2)cc1,0
ZINC19376245,ChEMBL_zinc_D_1002,NC(=O)c1cc2ccccc2nc1C1CC[NH2+]CC1,0
ZINC67559456,ChEMBL_zinc_D_1003,Cc1ccccc1-c1cc(O)c2c(c1)CN(C(=O)c1ccco1)CCO2,0
ZINC67692022,ChEMBL_zinc_D_1004,O=C(NCc1cccnc1-n1cnc2ccccc21)C1(Cn2ccnc2)CC1,0
ZINC67906200,ChEMBL_zinc_D_1005,CC(C)C(C)CC(=O)NCc1ccc(N(C)C)[nH+]c1,0
ZINC67920048,ChEMBL_zinc_D_1006,CC(C)(C)C(=O)N1CCCC(C(=O)NCC2(c3ccc(F)cc3)CC2)C1,0
ZINC71949137,ChEMBL_zinc_D_1007,CC1c2cccn2CCN1C(=O)CCCOc1ccccc1Br,0
ZINC71953225,ChEMBL_zinc_D_1008,CC(C)C(C)(C#N)NC(=O)C[NH+]1CCC(Cc2cccc(F)c2)CC1,0
ZINC01077699,ChEMBL_zinc_D_1009,COc1cc(NC(=O)c2cccc(OCc3ccccc3)c2)ccc1NC(=O)C(C)C,0
ZINC40983732,ChEMBL_zinc_D_1010,CCOc1ccc(-c2nc(C[NH+]3CCC(C(=O)N(C)Cc4ccccc4)CC3)c(C)o2)cc1,0
ZINC00167258,ChEMBL_zinc_D_1011,Clc1cc(Br)cc(Cl)c1-n1cccc1,0
ZINC19831538,ChEMBL_zinc_D_1012,Brc1cccc(C[NH2+]CCCN2CCOCC2)c1,0
ZINC71042718,ChEMBL_zinc_D_1013,CC(C)CC1COCCN1C(=O)c1nn(-c2ccccc2F)c2c1CCC2,0
ZINC71795554,ChEMBL_zinc_D_1014,CCOc1ncccc1NC(=O)c1cc(-c2ccncc2)nc2ccccc21,0
ZINC12545173,ChEMBL_zinc_D_1015,CCCCn1c2nnc(SC3CC(C)OC3=O)n2c2ccccc2c1=O,0
ZINC01372712,ChEMBL_zinc_D_1016,COc1ccc(C(=O)Cn2nnc(-c3ccccc3NC(=O)c3ccc(C)cc3)n2)cc1,0
ZINC32071863,ChEMBL_zinc_D_1017,Cc1sc2nc(N3CCCC3)n3nc(-c4ccco4)nc3c2c1C,0
ZINC32093617,ChEMBL_zinc_D_1018,Cc1nonc1CN1CC[NH+](C(C(=O)[O-])c2c[nH]c3cc(Br)ccc32)CC1,0
ZINC14731305,ChEMBL_zinc_D_1019,C=CCn1nc(C(=O)N2CCCCC2)c2c1CCC([NH2+]CCc1ccncc1)C2,0
ZINC14990962,ChEMBL_zinc_D_1020,O=C(NCC1CCCCC1)c1cn(C2CC2)cc(C(=O)NC(c2ccco2)C(F)(F)F)c1=O,0
ZINC51121494,ChEMBL_zinc_D_1021,CCOC(=O)C1CCCC[NH+]1CC(O)Cn1cnc2cc(C)c(C)cc21,0
ZINC51763098,ChEMBL_zinc_D_1022,CC(C(=O)Nc1ccc2c(c1)OCCCO2)N1CCN(C(=O)C[NH+](C)C)CC1,0
ZINC54675358,ChEMBL_zinc_D_1023,O=C(Nc1ccc2c(c1)Cc1ccccc1-2)c1ccnc(-n2cncn2)c1,0
ZINC72007081,ChEMBL_zinc_D_1024,CC(COc1ccc(C(C)(C)C)cc1)NC(=O)c1ccc(NC(=O)C2CC2)cc1,0
ZINC67570307,ChEMBL_zinc_D_1025,CC(=O)NC1CCCN(C(=O)NCC2CCC[NH+](Cc3ccccc3)C2)C1,0
ZINC67606365,ChEMBL_zinc_D_1026,O=C(NCCc1ccco1)NCc1cccc(NC(=O)C2CCCO2)c1,0
ZINC47202106,ChEMBL_zinc_D_1027,COCc1cccc(CNC(=O)CN(C)c2cnccn2)c1,0
ZINC60854469,ChEMBL_zinc_D_1028,Cc1cccc(N(CCC#N)C(=O)c2cccc(C(F)(F)F)c2)c1,0
ZINC44014293,ChEMBL_zinc_D_1029,O=C(Nc1ccc(C(=O)N2CCCC2)cc1)N1CCCC1c1ccccc1,0
ZINC44821277,ChEMBL_zinc_D_1030,CC(C)c1cc(C(=O)Nc2ccc(Br)cc2)n[nH]1,0
ZINC00867235,ChEMBL_zinc_D_1031,O=C(CSc1nc2ccccc2c(=O)n1-c1ccccc1)Nc1ccc(Br)cc1,0
ZINC09092412,ChEMBL_zinc_D_1032,Cc1ccc(NC(=O)CSc2nnc(-c3ccccc3Br)n2N)c(Cl)c1,0
ZINC63286695,ChEMBL_zinc_D_1033,COC(=O)COc1ccc(NC(=O)NC2(c3ccc(F)cc3)CCC2)c(C)c1,0
ZINC63350279,ChEMBL_zinc_D_1034,CCCCCN1CC(=O)N2CCC3=c4ccccc4=[NH+]C3C2(C)C1=O,0
ZINC41271742,ChEMBL_zinc_D_1035,O=C(NCCC[NH+]1CCCCC1)C1CC[NH+](Cc2nnc(-c3ccccc3)o2)CC1,0
ZINC02465613,ChEMBL_zinc_D_1036,N#Cc1c2c(sc1NC(=O)c1cc(-c3cccc(Cl)c3)on1)CCC2,0
ZINC06556579,ChEMBL_zinc_D_1037,CC(C)=C1C2CCC1C(C(=O)Nc1cc(C)cc(C)c1)C2C(=O)[O-],0
ZINC67285583,ChEMBL_zinc_D_1038,COC(=O)C1=C(CN2CC[NH+](C3CCCCC3)CC2)NC(=O)NC1c1cccc(Cl)c1,0
ZINC71990910,ChEMBL_zinc_D_1039,CCC(CC)C(NS(=O)(=O)Cc1ccc(C(=O)OC)cc1)c1ccccc1,0
ZINC72023665,ChEMBL_zinc_D_1040,Cc1[nH]c(=O)c(C#N)c(C)c1CCC(=O)Nc1cc(Cl)ccc1OCC1CCCO1,0
ZINC55520348,ChEMBL_zinc_D_1041,CC(NC(=O)OC(C)(C)C)C(=O)N1CCCC1c1ccccn1,0
ZINC67280324,ChEMBL_zinc_D_1042,COc1ccc(NC(=O)N2CCCN(C(=O)C(C)(C)C)CC2)cc1C,0
ZINC67318706,ChEMBL_zinc_D_1043,O=C(Cn1c(=O)cc(-c2nc(-c3ccccn3)no2)c2ccccc21)NCc1cc(F)cc(F)c1,0
ZINC67410703,ChEMBL_zinc_D_1044,CCn1nc(C)c(CNC(=O)NCc2ccc(Oc3cccnc3)c(F)c2)c1C,0
ZINC63372159,ChEMBL_zinc_D_1045,CC12C(=O)N(CCCCCO)CC(=O)N1CC(c1ccc(Cl)cc1)C1=c3ccccc3=[NH+]C12,0
ZINC63386526,ChEMBL_zinc_D_1046,COc1ccc2c(c1)=C(CCNC(=O)CCc1nc(-c3ccncc3)no1)C[NH+]=2,0
ZINC37749305,ChEMBL_zinc_D_1047,N#Cc1cccc(CNCC(O)c2cccc(F)c2)c1,0
ZINC04287570,ChEMBL_zinc_D_1048,CC(Sc1nnc(-c2ccc(Cl)cc2)n1C)C(=O)Nc1ccccc1,0
ZINC69495853,ChEMBL_zinc_D_1049,COc1ccc(OCCCC(=O)NCC(O)C2CCCCC2)cc1,0
ZINC04835585,ChEMBL_zinc_D_1050,Cc1ccc(-n2c(SCC(=O)N(C)CCC#N)nnc2-c2ccccc2)cc1C,0
ZINC11775638,ChEMBL_zinc_D_1051,CCOc1cccc(C[NH+]2CCC([NH+]3CCC(C(=O)NCC4CCCO4)CC3)CC2)c1,0
ZINC00094402,ChEMBL_zinc_D_1052,COC(=O)c1ccc(C2Nc3ccccc3C3C=CCC32)cc1,0
ZINC68002859,ChEMBL_zinc_D_1053,Cn1c2ccccc2nc1C1CCCN1C(=O)CCNC(=O)c1ccccc1,0
ZINC68010988,ChEMBL_zinc_D_1054,CN(CC(=O)N1CCOCC1)C(=O)c1cc2ccc(Cl)cc2[nH]1,0
ZINC40451251,ChEMBL_zinc_D_1055,CN(C(=O)c1cccc(N2CC(C(=O)[O-])CC2=O)c1)C1CCCCC1,0
ZINC00943974,ChEMBL_zinc_D_1056,O=C(CC1Sc2ccc(C(F)(F)F)cc2NC1=O)Nc1ccc(N2CCCCC2)cc1,0
ZINC34686318,ChEMBL_zinc_D_1057,COCCN(CC1CN(Cc2ccc(C)o2)CCO1)C(=O)c1ccc(F)cc1,0
ZINC00115673,ChEMBL_zinc_D_1058,COc1ccccc1C(=O)N1CCN(C(=O)c2ccncc2)CC1,0
ZINC65350240,ChEMBL_zinc_D_1059,O=C([O-])c1cc(-c2cc(F)ccc2O)cc(C(F)(F)F)c1,0
ZINC65397119,ChEMBL_zinc_D_1060,CC(C)=Cc1c(-c2ccccc2)ncn1CC[NH+]1CCCC(C(N)=O)C1,0
ZINC69535644,ChEMBL_zinc_D_1061,Cc1ccc(C(=O)N2CCN(Cc3cn4ccccc4[nH+]3)CC2)c(=O)[nH]1,0
ZINC69558663,ChEMBL_zinc_D_1062,COc1ccc(OC)c(C2CCC[NH+]2Cn2nc3c(cc2=O)CCC3)c1,0
ZINC04812681,ChEMBL_zinc_D_1063,Cc1ccccc1-c1nnc2sc(=Cc3cccs3)c(=O)n21,0
ZINC46344888,ChEMBL_zinc_D_1064,CCC(=O)c1ccc(OCC(O)C[NH+]2CCCCC2CC)cc1,0
ZINC67637111,ChEMBL_zinc_D_1065,O=C(CCCNc1ncccn1)Oc1ccc(OC2CCCCNC2=O)cc1,0
ZINC67662619,ChEMBL_zinc_D_1066,CC(CNC(=O)Nc1ccc(S(C)(=O)=O)cc1)[NH+]1CCC(C)CC1,0
ZINC03221312,ChEMBL_zinc_D_1067,O=C(COC(=O)Cc1ccc(S(=O)(=O)N2CCOCC2)s1)NC1CCCc2ccccc21,0
ZINC12346776,ChEMBL_zinc_D_1068,O=C(Nc1nc(-c2ccc(F)cc2F)cs1)c1ccc(S(=O)(=O)N2CCOCC2)cc1,0
ZINC19212980,ChEMBL_zinc_D_1069,Cc1ccc(-c2cnn3c2nc(-c2cnn(C)c2)cc3[O-])cc1,0
ZINC19557875,ChEMBL_zinc_D_1070,COc1ccc(-c2sncc2-c2ccccc2)cc1,0
ZINC05489201,ChEMBL_zinc_D_1071,CCCOc1nc2ccccc2nc1N1CCOCC1,0
ZINC54786581,ChEMBL_zinc_D_1072,CC(NC(=O)NCc1ccc(N2CCOCC2)cc1)c1cccc(Cl)c1,0
ZINC47756490,ChEMBL_zinc_D_1073,COCCOc1cccc(NC(=O)NCCCC[NH+]2CC(C)CC(C)C2)c1,0
ZINC48117721,ChEMBL_zinc_D_1074,CC(C)COc1ccccc1NC(=O)NCc1ccc(S(N)(=O)=O)cc1,0
ZINC65085903,ChEMBL_zinc_D_1075,Cc1cnn(CCC(=O)Nc2nnc(-c3ccc(C)cc3C)s2)c1,0
ZINC54197363,ChEMBL_zinc_D_1076,O=C(Cn1cnc2ccccc2c1=O)NCCc1c(Cl)cccc1Cl,0
ZINC53411955,ChEMBL_zinc_D_1077,CC(=O)Nc1ccc(F)c(NC(=O)C2CCN(c3ccc(F)c(F)c3)C2=O)c1,0
ZINC17360219,ChEMBL_zinc_D_1078,Cc1ccc2nc(-c3ccc(NC(=O)C4CCCO4)cc3)[nH]c2c1,0
ZINC04363988,ChEMBL_zinc_D_1079,CC(C)(C)NC(=O)CSc1nnc(-c2ccc(Br)cc2)o1,0
ZINC38547859,ChEMBL_zinc_D_1080,COc1cccc(NC(=O)Nc2nnc(-c3ccco3)o2)c1OC,0
ZINC22384512,ChEMBL_zinc_D_1081,CC(c1ccc(F)cc1)N(C)C(=O)NCc1cccs1,0
ZINC54245861,ChEMBL_zinc_D_1082,Cc1cc(C)c(NC(=O)COc2ccc(NC(=O)C3CC3)cc2)c(Cl)c1,0
ZINC59168307,ChEMBL_zinc_D_1083,Cc1[nH]c2ccccc2c1C1Nn2c(nnc2-c2ccccc2)S1,0
ZINC08380356,ChEMBL_zinc_D_1084,O=C(CSc1nnc(-c2cccc(Br)c2)o1)Nc1ccccc1F,0
ZINC65272631,ChEMBL_zinc_D_1085,CC1CCN(C(=O)c2cc3c(s2)CCC(C(=O)NCc2ccncc2)C3)CC1,0
ZINC51240161,ChEMBL_zinc_D_1086,CCCNC(=O)C1CCCN(C(=O)NC(C)c2cccc(Cl)c2)C1,0
ZINC13728763,ChEMBL_zinc_D_1087,Cc1nc2n(n1)CC(O)=Nc1ccccc1-2,0
ZINC71749324,ChEMBL_zinc_D_1088,CCC1CN(C(=O)c2cn(CC[NH3+])nn2)CCC(=O)N1Cc1ccccc1,0
ZINC67287794,ChEMBL_zinc_D_1089,COC(=O)C1=C(CN2CCC3(CC2)OCCO3)NC(=O)NC1c1cccc(OC)c1,0
ZINC67303826,ChEMBL_zinc_D_1090,Cc1nn(C)c(C)c1C(C)NC(=O)c1cccc(N2CCNC2=O)c1,0
ZINC72029360,ChEMBL_zinc_D_1091,C=CCc1cc(C(=O)Oc2cccnc2Br)cc(OC)c1OC,0
ZINC72036367,ChEMBL_zinc_D_1092,CC1CN(Cc2cccc(CNC(=O)CN(C)C(=O)c3cccs3)c2)CCO1,0
ZINC48127486,ChEMBL_zinc_D_1093,CCOc1ccc(Cl)cc1NC(=O)NCCNS(C)(=O)=O,0
ZINC48231715,ChEMBL_zinc_D_1094,CCN(CC)S(=O)(=O)c1cc([N-]S(=O)(=O)c2cn[nH]c2)ccc1C,0
ZINC05538150,ChEMBL_zinc_D_1095,Cc1ccc(C)c(C(=O)CN2Cc3ccccc3C2=[NH2+])c1,0
ZINC55042052,ChEMBL_zinc_D_1096,Cc1cc(C)c2c(c1)nc(C)cc2C(=O)NCc1nnc2n1CCCCC2,0
ZINC51640254,ChEMBL_zinc_D_1097,CC(c1nc(C2CC2)no1)N1CC[NH2+]CC1,0
ZINC05258807,ChEMBL_zinc_D_1098,C[NH+](Cc1ccccc1)CC12CC3CC(CC(C3)C1)C2,0
ZINC36741471,ChEMBL_zinc_D_1099,CCC(CN1CCOCC1)NC(=O)C1(c2ccc(F)cc2)CC1,0
ZINC37288187,ChEMBL_zinc_D_1100,COc1ccc(C)cc1N1CCN(C(=O)C2CCC2)C(C)C1=O,0
ZINC35536775,ChEMBL_zinc_D_1101,COc1ccc(S(=O)(=O)NCCC2CCN(C(=O)c3ccccc3)CC2)cc1OC,0
ZINC64542546,ChEMBL_zinc_D_1102,O=C(Cc1nnc(-c2ccccc2)o1)N1CCCCCC1,0
ZINC54376120,ChEMBL_zinc_D_1103,O=C(NCC(c1ccco1)[NH+]1CCCCC1)N1CCN(c2cc[nH+]cc2)CC1,0
ZINC55270889,ChEMBL_zinc_D_1104,CCC(C)N(Cc1sccc1C)C(=O)c1cccc(-c2ncc[nH]2)c1,0
ZINC67459796,ChEMBL_zinc_D_1105,CNC(=O)C[NH+]1CCC(Oc2cc(C)ccc2C)CC1,0
ZINC67550840,ChEMBL_zinc_D_1106,COc1ccc(C#N)cc1NC(=O)NC(C)C(=O)N1CCCCC1C,0
ZINC65244879,ChEMBL_zinc_D_1107,CCCNc1cc(N2CCCC(CCC(=O)NC(C)c3cccs3)C2)ncn1,0
ZINC65288989,ChEMBL_zinc_D_1108,COc1ccc(CC(=O)N2CCn3c(C)nnc3C2)cc1OC,0
ZINC67332496,ChEMBL_zinc_D_1109,CC(=O)NC1(C(=O)NC2CC2c2cccc(F)c2)CCCCC1,0
ZINC67350316,ChEMBL_zinc_D_1110,CCOC(=O)Cn1cc(S(=O)(=O)N2CCOCC2)ccc1=O,0
ZINC07423272,ChEMBL_zinc_D_1111,Cc1ccc(NC(=O)CSc2ncc(-c3ccc(Cl)cc3)n2C)c(C)c1,0
ZINC09309464,ChEMBL_zinc_D_1112,CCOc1ccc(-n2c(SCC(=O)Nc3ccc(OC)c(OC)c3)nnc2-c2ccccc2)cc1,0
ZINC72043479,ChEMBL_zinc_D_1113,COc1ccc(C(NC(=O)CNC(=O)OCc2ccccc2)c2ccccc2)cc1,0
ZINC72050470,ChEMBL_zinc_D_1114,NC(=O)C1CN(C(=O)c2ccc(Oc3ccc(Br)cc3)c(F)c2)CCO1,0
ZINC55099458,ChEMBL_zinc_D_1115,Cc1ccc(C)c(OC(C)C(=O)N2CCc3sccc3C2)c1,0
ZINC55108142,ChEMBL_zinc_D_1116,CCC(C(=O)N1CC=CCC1)n1cc(C(C)=O)c2ccccc21,0
ZINC66834117,ChEMBL_zinc_D_1117,COC(=O)C1CCC[NH+](CC(=O)Nc2ccc3c(c2)OC2(CCCC2)O3)C1,0
ZINC66893384,ChEMBL_zinc_D_1118,O=C(NCCCS(=O)(=O)c1ccccc1)NC1CCN(C(=O)C2CC2)CC1,0
ZINC04947618,ChEMBL_zinc_D_1119,Cc1occc1-c1nnc(SCC(=O)Nc2ccc3c(c2)OCCO3)n1C,0
ZINC48330357,ChEMBL_zinc_D_1120,CC(=O)Nc1cccc(C(C)NC(=O)Nc2ccc(-n3nccn3)cc2)c1,0
ZINC40456776,ChEMBL_zinc_D_1121,COC(=O)C(C)Sc1nnc(COc2cccc(C)c2)o1,0
ZINC40493869,ChEMBL_zinc_D_1122,Cc1c(C(=O)N2CC(=O)Nc3ccccc32)cnn1-c1cccc(C)c1,0
ZINC16749276,ChEMBL_zinc_D_1123,CCOc1ccccc1NC(=O)C(C)Sc1nnc(-c2ccccc2)o1,0
ZINC52528239,ChEMBL_zinc_D_1124,Cn1ccc(NC(=O)c2ccc(S(C)=O)cc2)n1,0
ZINC65753037,ChEMBL_zinc_D_1125,CCS(=O)(=O)[N-]c1ccc(NC(=O)N(C)Cc2sccc2C)cc1OC,0
ZINC65758535,ChEMBL_zinc_D_1126,Cc1nccc(C(=O)NC(C)c2ccc(F)c(Cl)c2)n1,0
ZINC09119602,ChEMBL_zinc_D_1127,O=C(CN(Cc1ccco1)S(=O)(=O)c1ccccc1F)N1CCc2ccccc2C1,0
ZINC09152103,ChEMBL_zinc_D_1128,CCOc1ccc(NC(=O)CSc2ncc(S(=O)(=O)c3ccc(C(C)C)cc3)c(N)n2)cc1,0
ZINC01163725,ChEMBL_zinc_D_1129,CCOc1ccc(C(=O)CC2(O)c3ccccc3N(Cc3ccccc3C)C2=O)cc1,0
ZINC42157909,ChEMBL_zinc_D_1130,O=C(CNS(=O)(=O)c1cc2c(cc1Cl)NC(=O)CO2)NCc1ccco1,0
ZINC42374498,ChEMBL_zinc_D_1131,CCOC(=O)C(C)NC(=O)C1CCOCC1,0
ZINC43344510,ChEMBL_zinc_D_1132,CCc1nnc(NC(=O)N2CCN(C(=O)N(CC)CC)CC2)s1,0
ZINC60539458,ChEMBL_zinc_D_1133,CC(C)Cn1nnnc1SCc1cc(Cl)nc(Cl)c1,0
ZINC60992245,ChEMBL_zinc_D_1134,CCOC(=O)c1sc2cccc(F)c2c1CNc1cccc(NC(C)=O)c1,0
ZINC61420366,ChEMBL_zinc_D_1135,O=C(COC(=O)C1CC(=O)N(Cc2cccc(C(F)(F)F)c2)C1)N1CCCC1,0
ZINC61528545,ChEMBL_zinc_D_1136,CC(=O)NC(CC(=O)NCC(=O)N(C)C)c1ccc(Cl)cc1,0
ZINC38708915,ChEMBL_zinc_D_1137,O=C(NCc1cccs1)Nc1ccc2c(c1)N(C(=O)c1cccs1)CC2,0
ZINC38904305,ChEMBL_zinc_D_1138,COc1ccccc1N(CC1C=c2ccccc2=[NH+]C1=O)C(=O)c1cccc(C)c1,0
ZINC65369147,ChEMBL_zinc_D_1139,CN(c1ccc(NC(=O)NCCc2nccs2)cc1)C1CC[NH+](C)CC1,0
ZINC51675307,ChEMBL_zinc_D_1140,CC(C)S(=O)(=O)NCC1CCCN(C(=O)NCc2ccc(Cl)cc2)C1,0
ZINC30444027,ChEMBL_zinc_D_1141,O=C1CN(c2ccc(CNS(=O)(=O)c3cccc(F)c3)cc2)CCN1,0
ZINC30544749,ChEMBL_zinc_D_1142,COc1cccc(C(CNCc2ccc(OCc3ccncc3)cc2)[NH+]2CCCC2)c1,0
ZINC67583000,ChEMBL_zinc_D_1143,CCOc1cccc(NC(=O)N2CC(C)OC(c3ccccc3)C2)c1,0
ZINC67604027,ChEMBL_zinc_D_1144,CCOC1CCCN(C(=O)NCc2cccc(NC(=O)C(C)CC)c2)C1,0
ZINC40695610,ChEMBL_zinc_D_1145,COC(=O)c1ccc(CSc2cccc(C)c2)cc1,0
ZINC04540319,ChEMBL_zinc_D_1146,Cc1cc(O)c(C[NH+]2CCC(C)CC2)c2oc(=O)c3ccccc3c12,0
ZINC06529757,ChEMBL_zinc_D_1147,O=C(CSc1nnc(-c2ccc(F)cc2)n1Cc1ccccc1)N1CCOCC1,0
ZINC66964450,ChEMBL_zinc_D_1148,O=C(Nc1cccc(-n2cccn2)c1)N1CCN(c2ccc(Cl)cn2)CC1,0
ZINC15729724,ChEMBL_zinc_D_1149,COc1ccccc1CNC(=O)c1nc(-c2cn(-c3ccccc3Cl)nc2C)no1,0
ZINC15771111,ChEMBL_zinc_D_1150,O=C(CC(c1ccc(F)cc1)n1cccc1)NCc1ccccc1,0
ZINC43929504,ChEMBL_zinc_D_1151,CS(=O)(=O)c1ccccc1NC(=O)NC1CCCCCCC1,0
ZINC02975503,ChEMBL_zinc_D_1152,Clc1nc(NCCC[NH+]2CCOCC2)nc(N(c2ccccc2)c2ccccc2)n1,0
ZINC29958953,ChEMBL_zinc_D_1153,CC(NC(=O)c1ccc(N2CCCC2=O)cc1)C1CCCO1,0
ZINC31051447,ChEMBL_zinc_D_1154,COC(=O)CC(NC(=O)C1CCCN(C(=O)Nc2ccccc2)C1)c1ccc(Cl)cc1,0
ZINC71820487,ChEMBL_zinc_D_1155,CC(C)(C)c1ccc(Cn2nccc2NC(=O)c2ccc(S(=O)(=O)NC3CC3)cc2)cc1,0
ZINC71827357,ChEMBL_zinc_D_1156,CN(Cc1ccc2c(c1)OCO2)C(=O)Nc1ccccc1C#N,0
ZINC67872527,ChEMBL_zinc_D_1157,CCCc1c[nH+]c(C)nc1N1CCC(CO)(Cc2ccccc2)CC1,0
ZINC67879419,ChEMBL_zinc_D_1158,Cc1c(NC(=O)c2cccc(C[NH+]3CCC4CCCCC4C3)c2)cnn1C,0
ZINC22755327,ChEMBL_zinc_D_1159,CC(=O)NCCNC(=O)c1ccc(OCc2c(C)noc2C)cc1,0
ZINC69118128,ChEMBL_zinc_D_1160,CCNS(=O)(=O)CCNC(=O)NC(c1nccn1C)c1ccc(F)cc1,0
ZINC48324835,ChEMBL_zinc_D_1161,c1csc(-c2nc(C[NH+]3CCCC3C3CCCCC3)co2)c1,0
ZINC48336735,ChEMBL_zinc_D_1162,CCOc1ccc(C2CCCN2C(=O)Nc2ccc(-n3nccn3)cc2)cc1,0
ZINC05949905,ChEMBL_zinc_D_1163,CCc1sc(C(=O)NCc2cccs2)cc1Br,0
ZINC04973477,ChEMBL_zinc_D_1164,CCn1c(CNC(=O)CCC(=O)[O-])cc2ccccc21,0
ZINC67349756,ChEMBL_zinc_D_1165,CC(C)(CC(=O)Nc1nccs1)CC1=NS(=O)(=O)c2ccccc2N1,0
ZINC67401338,ChEMBL_zinc_D_1166,Cc1cc(NC(=O)C(C)[NH+]2CCC(C(O)c3ccc(Cl)cc3)CC2)on1,0
ZINC55025745,ChEMBL_zinc_D_1167,CCC(C)NC(=O)c1cccc(CNC(=O)C[NH+](C)CCc2ccc(F)cc2)c1,0
ZINC55244066,ChEMBL_zinc_D_1168,Cc1ccnc(CC(C)[NH+](C)Cc2ccccc2OCC(N)=O)c1,0
ZINC38533740,ChEMBL_zinc_D_1169,Cc1nc2ccccc2n1CC1CCN(C(=O)CCC(=O)c2ccccc2)CC1,0
ZINC38551324,ChEMBL_zinc_D_1170,Cc1ccc(-c2csc(NC(=O)c3cc(-c4ccco4)on3)n2)cc1,0
ZINC63537557,ChEMBL_zinc_D_1171,Cc1nc(COc2ccc(S(=O)(=O)c3ccccc3)cc2)oc1C,0
ZINC63541971,ChEMBL_zinc_D_1172,Cc1ncc(C(=O)Nc2ccc(OCC(F)(F)F)c(C#N)c2)s1,0
ZINC55981068,ChEMBL_zinc_D_1173,CC(c1ccc(F)cc1)N(C)C(=O)C=C1CCCCC1,0
ZINC65779001,ChEMBL_zinc_D_1174,COc1cccc(COCC(=O)NCc2nc(-c3cccs3)no2)c1,0
ZINC70722481,ChEMBL_zinc_D_1175,CN(CCOc1cccc(Cl)c1)C(=O)C1CC(=O)N(C2CC2)C1,0
ZINC70730763,ChEMBL_zinc_D_1176,CC(NC(=O)c1ccccc1)C(=O)Nc1cccc(-c2nnn[n-]2)c1,0
ZINC70692703,ChEMBL_zinc_D_1177,Cc1ccc(S(C)(=O)=O)cc1C(=O)N1CCC1,0
ZINC70781832,ChEMBL_zinc_D_1178,Cc1ccc(NC(=O)c2ccccc2)cc1NC(=O)c1sccc1C1CC1,0
ZINC00278664,ChEMBL_zinc_D_1179,CCC1CCCC[NH+]1Cc1ccc(OC)c(C)c1C,0
ZINC00905235,ChEMBL_zinc_D_1180,Cc1ccc(-n2c(SCC(=O)N3CCOCC3)nnc2-c2cccnc2)cc1,0
ZINC70814947,ChEMBL_zinc_D_1181,O=C(COc1ccccc1F)N1CC(C(=O)N2CCN(c3cccc(C(F)(F)F)c3)CC2)C1,0
ZINC70839076,ChEMBL_zinc_D_1182,O=C(Nc1cccc(-c2noc([O-])n2)c1)C1CC2CCC1O2,0
ZINC00168555,ChEMBL_zinc_D_1183,COc1ccc(Cl)cc1C(=O)Nc1sc(C)c(C)c1C(N)=O,0
ZINC02662800,ChEMBL_zinc_D_1184,Cc1ccc(NC(=O)c2nn(-c3ccccc3)c(=O)c3ccccc32)cc1F,0
ZINC68805633,ChEMBL_zinc_D_1185,COc1ccccc1C1CCCN1C(=O)C(C)Cc1cccc(F)c1,0
ZINC68827345,ChEMBL_zinc_D_1186,Cc1nnnn1-c1cc(NC(=O)c2[nH]c3ccccc3c2Cl)ccc1F,0
ZINC27808925,ChEMBL_zinc_D_1187,COc1ccc(CCn2c(SCc3cccnc3)nc3sc4c(c3c2=O)CCCC4)cc1OC,0
ZINC69570042,ChEMBL_zinc_D_1188,CCCOc1ccccc1NC(=O)N(C)C(C)c1ccco1,0
ZINC64437124,ChEMBL_zinc_D_1189,CCOCC(=O)Nc1ccc(F)c(C(=O)NC)c1,0
ZINC64558072,ChEMBL_zinc_D_1190,O=C1C([O-])=C(S(=O)(=O)c2ccccc2)C(c2ccccc2)N1Cc1ccc(Cl)cc1,0
ZINC38874198,ChEMBL_zinc_D_1191,C#CCn1c2ccc(S(C)(=O)=O)cc2sc1=NC(=O)c1cc(Cl)ccc1OC,0
ZINC62089481,ChEMBL_zinc_D_1192,Cn1c2ccc(NC(=O)CCOc3ccccc3)cc2oc1=O,0
ZINC53521627,ChEMBL_zinc_D_1193,Cc1ccccc1C(C)NC(=O)NCC(c1cccs1)N1CCOCC1,0
ZINC53538478,ChEMBL_zinc_D_1194,C[NH+](C)C(CNC(=O)N1CCN(Cc2cccs2)CC1)c1cccc(F)c1,0
ZINC00080462,ChEMBL_zinc_D_1195,Clc1ccc(-c2nnc(N3CCOCC3)o2)cc1Cl,0
ZINC04333235,ChEMBL_zinc_D_1196,CCOC(=O)c1c2cc(O)ccc2n(-c2ccccc2)c1C[NH+]1CCOCC1,0
ZINC29167987,ChEMBL_zinc_D_1197,O=C(COc1ccc(F)cc1F)NCc1ccc(Br)s1,0
ZINC27997323,ChEMBL_zinc_D_1198,CNc1snc(C)c1C(=O)N1CCN(Cc2cccc(C(F)(F)F)c2)CC1,0
ZINC67696242,ChEMBL_zinc_D_1199,CCN(C(=O)NC(C)c1cc(C)ccc1OC)C(C)C(C)C,0
ZINC67713746,ChEMBL_zinc_D_1200,CC[NH+](C)C(C)C(=O)N1CCc2onc(-c3ccc(C(F)(F)F)cc3)c2C1,0
ZINC38223857,ChEMBL_zinc_D_1201,O=C(CN1CCN(c2cccc[nH+]2)CC1)NCC1CCCO1,0
ZINC68029518,ChEMBL_zinc_D_1202,CN(Cc1ccncc1)C(=O)c1cccc(CC#N)c1,0
ZINC03166676,ChEMBL_zinc_D_1203,Cc1cc(NC(=O)c2ccc3c(c2)S(=O)(=O)c2ccccc2C3=O)no1,0
ZINC63887815,ChEMBL_zinc_D_1204,Cc1cc(C)c(NC(=O)c2ccc(-c3cccs3)[nH]c2=O)c(C)c1,0
ZINC15778644,ChEMBL_zinc_D_1205,COc1ccccc1-c1nc2c([nH]c(=O)n2CC2CCCO2)c(C(N)=O)n1,0
ZINC02536210,ChEMBL_zinc_D_1206,Cc1c(CNc2ccc(C(F)(F)F)cc2)cnn1C,0
ZINC68848175,ChEMBL_zinc_D_1207,Cc1ccc(OCC(O)CN2CCN(C(C)C(=O)N3CCOCC3)CC2)cc1,0
ZINC68959645,ChEMBL_zinc_D_1208,CCn1cc(NC(=O)C2CC[NH+](C(C)C(=O)N3CC(C)CC(C)C3)CC2)cn1,0
ZINC34699420,ChEMBL_zinc_D_1209,Cc1ccc(-c2nnc3c4ccc(Cl)cc4nc(N4CC[NH2+]CC4)n23)cc1,0
ZINC34711410,ChEMBL_zinc_D_1210,Cc1cccc(C2CC(C(=O)NCc3cccnc3)CN(Cc3ccccc3F)C2)c1,0
ZINC71799220,ChEMBL_zinc_D_1211,Brc1ccc(N2CCC([NH2+]Cc3cscn3)C2)cc1,0
ZINC30504242,ChEMBL_zinc_D_1212,CN(C)S(=O)(=O)c1ccc2c(c1)CCCN2C(=O)CSc1c(Cl)cccc1Cl,0
ZINC15440945,ChEMBL_zinc_D_1213,CN(C)c1ccc(C2CCCCC2O)cc1,0
ZINC15786845,ChEMBL_zinc_D_1214,O=C(NC1CC[NH+](Cc2ccccc2)CC1)c1ccc2c(c1)nc1n2CCCC1,0
ZINC40777987,ChEMBL_zinc_D_1215,CCN1c2ccccc2OC(C)(C(=O)Nc2cccc(CN3CCOCC3)c2)C1=O,0
ZINC40787654,ChEMBL_zinc_D_1216,Cc1ccccc1Cn1c(C(=O)NCCC(C)C)cc2occc21,0
ZINC69675380,ChEMBL_zinc_D_1217,CC(C)(C)n1cc(C[NH2+]CC(O)COc2ccccc2)cn1,0
ZINC69750589,ChEMBL_zinc_D_1218,Cc1cc(C)n(-c2ccc(C(=O)NCc3csc(C4CC4)n3)cn2)n1,0
ZINC71793347,ChEMBL_zinc_D_1219,COc1ccc(NC(=O)N2CCN(C(C)C(=O)NC3CC3)CC2)cn1,0
ZINC53722892,ChEMBL_zinc_D_1220,COc1ccc(C(NC(=O)CCCNC(=O)OC(C)(C)C)C2CC2)cc1,0
ZINC32507842,ChEMBL_zinc_D_1221,COC(C)c1cccc(-c2nc(C)cc(C)c2C(N)=O)c1,0
ZINC13038012,ChEMBL_zinc_D_1222,COc1cc(C)c(CN2CCN(S(=O)(=O)c3ccc(C(C)C)cc3)CC2)cc1OC,0
ZINC34810824,ChEMBL_zinc_D_1223,O=C(NCCc1ccccc1)c1cc2n(n1)CCN(Cc1ccccc1)C2=O,0
ZINC34831849,ChEMBL_zinc_D_1224,CC[NH+]1CCN(c2c(CN(CCOC)C(=O)C3CCCC3)c(C)nn2-c2cccc(F)c2)CC1,0
ZINC67821130,ChEMBL_zinc_D_1225,COc1cccc2ccc(C[NH+]3CCc4[nH]nc(-c5ccccc5F)c4C3)nc21,0
ZINC67828517,ChEMBL_zinc_D_1226,CC1COCCN1C(=O)c1csc(-c2ccc(Cl)c(Cl)c2)n1,0
ZINC68087491,ChEMBL_zinc_D_1227,Cc1cc(C(=O)N2CCN(C(=O)CC(C)C3CC3)CC2)on1,0
ZINC68105270,ChEMBL_zinc_D_1228,CN(CC[NH+](C)C1CCCCC1)C(=O)c1cc(C2CC2)[nH]n1,0
ZINC44656494,ChEMBL_zinc_D_1229,COCCCC[NH2+]Cc1ccc2c(c1)OCCO2,0
ZINC46079182,ChEMBL_zinc_D_1230,CCC(C(=O)Nc1ccccc1)n1nc(-c2ccccc2)cc(NC(C)=O)c1=O,0
ZINC40488471,ChEMBL_zinc_D_1231,Cc1ccc(C(=O)N2CC(C)CC(C)C2)o1,0
ZINC40757923,ChEMBL_zinc_D_1232,CC1CCN(C(=O)CCn2ncc3ccccc32)CC1,0
ZINC40803027,ChEMBL_zinc_D_1233,COc1ccc(C(=O)c2oc3ccccc3c2NC(=O)c2nn(C)c3ccc(F)cc3c2=O)cc1,0
ZINC40855301,ChEMBL_zinc_D_1234,COc1cc(NC(=O)c2ccc(Oc3cc(-n4nccc4C)ncn3)cc2)cc(OC)c1,0
ZINC66619034,ChEMBL_zinc_D_1235,O=C(Nc1ccccc1O)c1ccccc1CS(=O)(=O)c1ccccc1,0
ZINC66645601,ChEMBL_zinc_D_1236,Cc1ccc2c(CCNC(=O)Cc3csc(-c4cnccn4)n3)c[nH]c2c1,0
ZINC67640813,ChEMBL_zinc_D_1237,CCc1nn2c(nccc2-c2ccccc2)c1-c1ccccc1,0
ZINC67646014,ChEMBL_zinc_D_1238,O=C(NCCc1cn2c([nH+]1)CCCC2)NCc1ccc(-n2ccnc2)c(F)c1,0
ZINC12303617,ChEMBL_zinc_D_1239,COc1cc(C[NH2+]CCc2ccccc2C)ccc1OCC(O)C[NH+](C)C(C)C,0
ZINC12336305,ChEMBL_zinc_D_1240,CCC(CC)N1C(=O)CCC(C(=O)[O-])C1c1ccc(Cl)cc1,0
ZINC67341735,ChEMBL_zinc_D_1241,Cc1cccc(OCCCCC(=O)NCc2ccccc2-n2cccn2)c1,0
ZINC67364190,ChEMBL_zinc_D_1242,CC(=O)NCC1CCCN(C(=O)CCc2ccc(C)cc2C)C1,0
ZINC38555195,ChEMBL_zinc_D_1243,COc1ccc(CCC(=O)NCCC2CCCCN2S(=O)(=O)c2ccc(C)cc2)cc1,0
ZINC00102335,ChEMBL_zinc_D_1244,O=C(CSc1nnnn1-c1cccc(Cl)c1)c1ccc(F)cc1,0
ZINC12704308,ChEMBL_zinc_D_1245,COc1ccc(CCN(CC2CC[NH+](C)CC2)C(=O)c2ocnc2C)cc1,0
ZINC12777076,ChEMBL_zinc_D_1246,CC(NC(=O)NCc1cccc(NC(=O)C2CC2)c1)c1ccccc1Cl,0
ZINC00260195,ChEMBL_zinc_D_1247,Cc1cc(Cl)ccc1OCC(=O)N1CC[NH+](C)CC1,0
ZINC44949219,ChEMBL_zinc_D_1248,Cc1csc(CNC(=O)NCC(c2ccco2)[NH+]2CCCCC2)n1,0
ZINC67564065,ChEMBL_zinc_D_1249,COCC(=O)Nc1cccc(NC(=O)NC2CC2c2ccccc2)c1,0
ZINC67585999,ChEMBL_zinc_D_1250,O=C(NCCN1CC[NH+](Cc2ccccc2)CC1)Nc1nnc(C(F)F)s1,0
ZINC68624911,ChEMBL_zinc_D_1251,Cc1cc(NC(=O)NCCCC[NH+]2CC(C)CC(C)C2)n(C(C)(C)C)n1,0
ZINC68727284,ChEMBL_zinc_D_1252,Cn1cnnc1-c1ccccc1NC(=O)CCSc1ccccc1,0
ZINC65292537,ChEMBL_zinc_D_1253,Cc1ccccc1C(=O)N1CCC(Cc2nc3cccnc3n2C)C1,0
ZINC65341408,ChEMBL_zinc_D_1254,N#Cc1cc(O)cc(-c2c(F)cccc2F)c1,0
ZINC71972375,ChEMBL_zinc_D_1255,COC(=O)C(CC(C)C)NS(=O)(=O)c1ccc(-c2ccccc2)cc1,0
ZINC72037891,ChEMBL_zinc_D_1256,CN(C(=O)C[NH+]1CCCC(CNC(=O)OC(C)(C)C)C1)C(c1ccccc1)c1ccccc1,0
ZINC51237428,ChEMBL_zinc_D_1257,NC(=O)C1CN(C(=O)Nc2cccc3ccccc32)CCO1,0
ZINC65340524,ChEMBL_zinc_D_1258,Cc1cc(O)cc(-c2ccc(C(F)(F)F)cc2)c1,0
ZINC67577936,ChEMBL_zinc_D_1259,CCc1ncc(CN(C)C(=O)Nc2ccc(C(=O)NC(C)C)c(C)c2)s1,0
ZINC67593270,ChEMBL_zinc_D_1260,COc1cc(CNC(=O)CCc2ccc(C3CC3C)o2)cc(OC)c1O,0
ZINC23339900,ChEMBL_zinc_D_1261,O=C(NC1CCC[NH+](C2Cc3ccccc3C2)C1)C1(N2CCOCC2)CCCCC1,0
ZINC24868173,ChEMBL_zinc_D_1262,COc1ccc(CN(CC(F)(F)F)C(=O)C2CCCN(C(=O)c3ccc(F)cc3)C2)cc1,0
ZINC67616832,ChEMBL_zinc_D_1263,CCOc1ncccc1CNC(=O)NC1CC1c1ccccc1,0
ZINC67667259,ChEMBL_zinc_D_1264,c1cn(-c2ccc(CNCc3nc(-c4ccccc4)cs3)cn2)cn1,0
ZINC69423115,ChEMBL_zinc_D_1265,CC(C)(C)OC(=O)NCC1CCN(C(=O)c2c[nH]nc2C2CCCCC2)CC1,0
ZINC58426400,ChEMBL_zinc_D_1266,CCOc1cc(C)ccc1NC(=O)N1CCC[NH+](C(C)(C)C)CC1,0
ZINC67450760,ChEMBL_zinc_D_1267,CCNC(=O)c1cc(Cl)ccc1NCC(=O)Nc1ccccc1C(C)=O,0
ZINC67465056,ChEMBL_zinc_D_1268,COC(=O)c1n[nH]c2ccc(NC(=O)CNC(=O)c3cc(F)cc(F)c3)cc21,0
ZINC06862748,ChEMBL_zinc_D_1269,COc1ccc2c(C)cc3nnc(SCC(=O)N4CCCCC4C)n3c2c1,0
ZINC06681254,ChEMBL_zinc_D_1270,Cc1cccc(N(C)S(=O)(=O)c2csc(C(=O)NCc3cccs3)c2)c1,0
ZINC12716710,ChEMBL_zinc_D_1271,CC(C)(C)CC(=O)N1CCC2(C1)CCCN(Cc1cccc(F)c1F)C2=O,0
ZINC12793899,ChEMBL_zinc_D_1272,CCN(Cc1ccc2c(c1)OCCO2)C(=O)C1CCN(S(=O)(=O)c2ccc(C)c(C)c2)CC1,0
ZINC67535134,ChEMBL_zinc_D_1273,Cc1nn(C)c(C)c1C(C)NC(=O)N1CCCC1c1cccc(C)c1,0
ZINC67574421,ChEMBL_zinc_D_1274,O=C(Nc1cccc(-n2cccc2)c1)N1CCN(Cc2cscn2)CC1,0
ZINC68028955,ChEMBL_zinc_D_1275,CC(C)Oc1cccc(CC(=O)N2CCCC(C(=O)NC3CCCCC3)C2)c1,0
ZINC68043994,ChEMBL_zinc_D_1276,CCS(=O)(=O)NCCSc1nc2c(n1-c1ccccc1)CCCC2,0
ZINC70255211,ChEMBL_zinc_D_1277,C=CCNC(=O)c1sccc1-n1cnnn1,0
ZINC16596911,ChEMBL_zinc_D_1278,Cc1ccc(S(=O)(=O)NC(C)(C)C)cc1C(=O)Nc1ccc(N(C)C)cc1,0
ZINC12809756,ChEMBL_zinc_D_1279,CC(Sc1nc(C2CC2)nc2c1c(=O)[nH]c(=O)n2C1CC1)C(=O)NCc1cccs1,0
ZINC12870556,ChEMBL_zinc_D_1280,CCC(C)(C)NC(=O)C(c1ccco1)N(C(=O)c1csnn1)c1ccc(Cl)cc1,0
ZINC65178056,ChEMBL_zinc_D_1281,COc1cccc(NC(=O)c2cc(C)n(CC[NH+](C)C)c2C)c1,0
ZINC65245510,ChEMBL_zinc_D_1282,COc1ccc2[nH]c(=O)c(CCC(=O)NCCc3ccccn3)cc2c1,0
ZINC40821537,ChEMBL_zinc_D_1283,Nc1ncccc1C(=O)NCCC[NH+]1CCCCC1c1cccnc1,0
ZINC40841351,ChEMBL_zinc_D_1284,Cc1noc(Cn2c3ccccc3nc(N3CCCC(C)C3)c2=O)n1,0
ZINC40107229,ChEMBL_zinc_D_1285,O=C(CCSc1ccccc1Br)NCC1CCCO1,0
ZINC40450273,ChEMBL_zinc_D_1286,CCC(=O)N1CCc2cc(Br)c(S(=O)(=O)NC3CCCC3)cc21,0
ZINC32538182,ChEMBL_zinc_D_1287,CCCn1c2ccc(S(=O)(=O)N(C)C)cc2nc1C[NH+]1CCCC(O)C1,0
ZINC32754326,ChEMBL_zinc_D_1288,O=C(Nc1ccc2c(c1)NC(=O)CO2)c1ccccc1C(=O)c1ccc(F)cc1,0
ZINC52937100,ChEMBL_zinc_D_1289,COc1cc(Cl)c(C)cc1NC(=O)C1(c2cccc(Cl)c2)CCOCC1,0
ZINC53458886,ChEMBL_zinc_D_1290,CCC1CCCCN1C(=O)C1CCCN(C(=O)c2ccc(F)cc2)C1,0
ZINC21705989,ChEMBL_zinc_D_1291,CCCC(=O)Nc1ccc(C(=O)N2CCCC(C(=O)NCC)C2)cc1,0
ZINC65375610,ChEMBL_zinc_D_1292,COc1cccc(N2CCN(C(=O)c3cnc(C)nc3C)C(C)C2=O)c1,0
ZINC63579597,ChEMBL_zinc_D_1293,CCc1cc2c(nc(COc3ccc(Cl)cc3)[nH]c2=O)s1,0
ZINC63584926,ChEMBL_zinc_D_1294,COc1cc(CNC(=O)Cc2ccc(F)c(Br)c2)cc(OC)c1O,0
ZINC16384494,ChEMBL_zinc_D_1295,CN(CC(=O)NC1CC1)C(=O)CN1CCc2sccc2C1c1cccs1,0
ZINC67476251,ChEMBL_zinc_D_1296,O=C(Cc1ccccc1)N1CCCC1C(=O)N1CCN(c2ncccn2)CC1,0
ZINC15791681,ChEMBL_zinc_D_1297,CC1CCCC(NC(=O)c2ccc(S(C)(=O)=O)cc2)C1C,0
ZINC00379704,ChEMBL_zinc_D_1298,O=C(NC1CCCC1)C1COc2ccccc2O1,0
ZINC13547528,ChEMBL_zinc_D_1299,Cc1ccsc1C=c1sc2nnc(Cc3ccccc3)n2c1=O,0
ZINC13583771,ChEMBL_zinc_D_1300,Cc1ccc(S(=O)(=O)N2CCCc3cc(C(=O)NCCC(C)C)ccc32)cc1,0
ZINC32741411,ChEMBL_zinc_D_1301,COc1ccc(C)cc1CN1CCN(C(=O)c2ccc(=O)[nH]c2)CC1,0
ZINC32788908,ChEMBL_zinc_D_1302,Cc1sc2ncn(Cc3cc(=O)n4cccc(C)c4n3)c(=O)c2c1-c1ccccc1,0
ZINC19536645,ChEMBL_zinc_D_1303,Cc1ccc(NC(=O)CN2CCN(CC(N)=O)CC2)cc1,0
ZINC61002334,ChEMBL_zinc_D_1304,Cc1c2cccc(C)c2oc1C(=O)Nc1ccccc1C#N,0
ZINC65054019,ChEMBL_zinc_D_1305,CN(C)C(=O)c1ccc(Cl)cc1NC(=O)CC(C1CC1)C1CC1,0
ZINC50725073,ChEMBL_zinc_D_1306,CCCNC(=O)C1CCCN(C(=O)Cc2ccc(Cl)cc2)C1,0
ZINC04554838,ChEMBL_zinc_D_1307,C=CCN1c2ccc(Br)cc2C(O)(CC(=O)c2cc(C)ccc2C)C1=O,0
ZINC41003549,ChEMBL_zinc_D_1308,Cc1ccc(-c2nn(C)c3c2C(c2ccccc2)N(CC2CCCO2)C3=O)cc1,0
ZINC71060116,ChEMBL_zinc_D_1309,N#CC(c1ccccc1)N1CCN(C(=O)c2cc(C3CC3)nc3ccccc32)CC1,0
ZINC19739978,ChEMBL_zinc_D_1310,COc1ccc(C2c3[nH]c4ccccc4c3CCN2Cc2[nH]c(C)c[nH+]2)cc1C,0
ZINC65792493,ChEMBL_zinc_D_1311,Cc1ccccc1C1CCCN1S(=O)(=O)c1cccc(-n2cnnn2)c1,0
ZINC65821644,ChEMBL_zinc_D_1312,CCc1nnsc1C(=O)NCc1noc(-c2ccsc2)n1,0
ZINC12562649,ChEMBL_zinc_D_1313,Cc1nc(-c2ccc(NC(C(=O)NC3CC3)c3ccccc3)cc2)cs1,0
ZINC12516999,ChEMBL_zinc_D_1314,Cc1cccc(NC(=O)CNc2ccccc2N2CCCC2=O)c1,0
ZINC38678326,ChEMBL_zinc_D_1315,CC(C)Sc1ccc(CC(=O)Nc2ccc3c(c2)CC(=O)N3)cc1,0
ZINC38740384,ChEMBL_zinc_D_1316,Cc1cc([O-])nc(-n2nc(C(C)(C)C)cc2NC(=O)CC2CSc3ncc(C)c(=O)n32)n1,0
ZINC23747584,ChEMBL_zinc_D_1317,COc1cc(OC)cc(C(=O)NCC(=O)NCC(=O)N(C)C)c1,0
ZINC48962070,ChEMBL_zinc_D_1318,CCS(=O)(=O)N(C)CCCNC(=O)c1oc2ccccc2c1COC(C)C,0
ZINC72064953,ChEMBL_zinc_D_1319,COc1ccc(Br)cc1C1CCCN1C(=O)CC1c2ccccc2C=CN1C(C)=O,0
ZINC72072468,ChEMBL_zinc_D_1320,Cc1ccc(C(CNC(=O)Cc2csc(-c3ccc4c(c3)OCO4)n2)[NH+]2CCCC2)o1,0
ZINC65944757,ChEMBL_zinc_D_1321,Cc1cc(N2CCCC(N3CCNC3=O)C2)n2nc(C(F)(F)F)nc2n1,0
ZINC66044678,ChEMBL_zinc_D_1322,N#Cc1nc(NC(=O)CNC(=O)C2c3ccccc3C(=O)N2C2CC2)[n-]c1C#N,0
ZINC13284999,ChEMBL_zinc_D_1323,COC(=O)c1cc(OC)cc(C(=O)OC)n1,0
ZINC02828807,ChEMBL_zinc_D_1324,Cc1cccc(C)c1NC(=O)CSc1nnc(-c2cccnc2)n1Cc1ccccc1,0
ZINC32904719,ChEMBL_zinc_D_1325,CNS(=O)(=O)c1cc(C(=O)N2c3ccccc3CC2C)ccc1OC,0
ZINC32923997,ChEMBL_zinc_D_1326,O=C(COC(=O)C1CCCN(S(=O)(=O)c2ccc(F)cc2)C1)Nc1ccccc1O,0
ZINC17851534,ChEMBL_zinc_D_1327,CC(NC(=O)c1cc2c(s1)CCC(C)C2)c1ccc(S(N)(=O)=O)cc1,0
ZINC69174071,ChEMBL_zinc_D_1328,Cc1ccc(C[NH+](CC(=O)NC(C)C(C)C)Cc2ccco2)s1,0
ZINC67659447,ChEMBL_zinc_D_1329,CN(C)C(=O)Cn1cc(C(=O)NCc2cccc(N3CCCC3=O)c2)nn1,0
ZINC67680565,ChEMBL_zinc_D_1330,O=C(Cn1ccc(=O)[nH]c1=O)Nc1ccccc1OCCn1cc[nH+]c1,0
ZINC71419068,ChEMBL_zinc_D_1331,COCC(=O)N1CCCC(CCc2ccc(F)cc2)C1,0
ZINC71746383,ChEMBL_zinc_D_1332,CC(C)OC(C)C(=O)N1CCc2c(nc(-c3cccnc3)nc2N(C)C)C1,0
ZINC67926375,ChEMBL_zinc_D_1333,CCCS(=O)(=O)[N-]c1ccccc1C(=O)NCc1ccc(OCC#N)cc1,0
ZINC68066509,ChEMBL_zinc_D_1334,CCc1noc(-c2ccc(CCNC(=O)Cc3cn4ccccc4n3)cc2)n1,0
ZINC68821193,ChEMBL_zinc_D_1335,Cc1cc(C(=O)N2CCCC(C)C2)ccc1NC(=O)C(C)n1cncn1,0
ZINC68869239,ChEMBL_zinc_D_1336,Cc1nccc(CNC(=O)Nc2cccc(COC3CCCC(C)C3)c2)n1,0
ZINC68187377,ChEMBL_zinc_D_1337,CC(C)(CNC(=O)c1cccnc1N1CCCC1)NS(C)(=O)=O,0
ZINC57715007,ChEMBL_zinc_D_1338,Cc1nc(COc2ccc(Cl)cc2)sc1C(=O)NCC(C)[NH+](C)C1CC1,0
ZINC53610760,ChEMBL_zinc_D_1339,O=C(Cc1c[nH]c2ccccc12)N1CCN(Cc2noc(C3CC3)n2)CC1,0
ZINC53671021,ChEMBL_zinc_D_1340,COc1cc(F)c(S(=O)(=O)NC(C)COc2cccc(C)c2)cc1OC,0
ZINC70983302,ChEMBL_zinc_D_1341,Cc1[nH]ncc1C(=O)N(C)C(C)c1cccs1,0
ZINC71108767,ChEMBL_zinc_D_1342,O=C(C1CC2CCC1O2)N1CCN(Cc2ccc(F)cc2Cl)CC1,0
ZINC13535560,ChEMBL_zinc_D_1343,CC1COc2c(N3CC[NH+](C)CC3)ccc3c(=O)c(C(=O)[O-])cn1c32,0
ZINC13639474,ChEMBL_zinc_D_1344,CN(C)C(=O)c1ccc2c(c1)C1C=CCC1C(c1ccc(Br)cc1)N2,0
ZINC68091337,ChEMBL_zinc_D_1345,COCCOc1ccc(NC(=O)c2nc(C)n(-c3ccccc3)n2)cc1Cl,0
ZINC02803129,ChEMBL_zinc_D_1346,CCn1cc(-c2cc(C(=O)NCc3cn(C)nc3C)c3ccccc3n2)c(C)n1,0
ZINC13667652,ChEMBL_zinc_D_1347,COC(=O)C1CCN(C(=O)CCCN2c3cccc4cccc(c34)S2(=O)=O)CC1,0
ZINC13696579,ChEMBL_zinc_D_1348,O=C(c1ccco1)N1CCc2ccc(NS(=O)(=O)c3ccc(F)c(Cl)c3)cc21,0
ZINC40502795,ChEMBL_zinc_D_1349,CC[NH+]1CCCC(NCc2cc3cccc(OC)c3o2)C1,0
ZINC40756677,ChEMBL_zinc_D_1350,Cc1nc2ccc(NC(=O)CCc3nnc(-c4ccoc4C)o3)cc2s1,0
ZINC12520761,ChEMBL_zinc_D_1351,CCCn1c2ccc(S(N)(=O)=O)cc2nc1SC(C)C(=O)Nc1cc(C)on1,0
ZINC12974970,ChEMBL_zinc_D_1352,CCOc1cc(C(=O)Nc2ccccc2N2CCCC2=O)ccc1OC,0
ZINC38900298,ChEMBL_zinc_D_1353,COc1ccc(-c2nnc(C3CCCN(C(=O)c4cccc(C)c4)C3)s2)cc1,0
ZINC02624151,ChEMBL_zinc_D_1354,COCCn1c(C)cc(C(=O)CSc2nnc(-c3ccc4c(c3)OCO4)n2-c2ccccc2)c1C,0
ZINC64581068,ChEMBL_zinc_D_1355,CCCn1c2nn(CC(=O)Nc3ccc(C)c(F)c3)c(=O)n2c2cc(C(=O)NC(C)C)ccc2c1=O,0
ZINC64656051,ChEMBL_zinc_D_1356,O=C(c1ccc2c(c1)COC2)N(CCO)Cc1ccccc1,0
ZINC61605740,ChEMBL_zinc_D_1357,CCOc1ccc(C(=O)CCC(=O)N2CCC[NH+](C3CC3)CC2)cc1,0
ZINC49205084,ChEMBL_zinc_D_1358,CC1CCC[NH+](CCCNC(=O)NCc2nncn2-c2ccccc2)C1,0
ZINC52962621,ChEMBL_zinc_D_1359,CC(C)C(NC(=O)c1cccs1)C(=O)N(C)Cc1ccc(O)cc1,0
ZINC53594563,ChEMBL_zinc_D_1360,CCn1c(SCc2c(C)nn(Cc3ccccc3)c2Cl)nnc1C1CC1,0
ZINC19714537,ChEMBL_zinc_D_1361,CC(C)c1cc(C(=O)Nc2cccc(-n3cccn3)c2)c2c(=O)[nH]c(=O)n(C)c2n1,0
ZINC19721198,ChEMBL_zinc_D_1362,CC(=O)NCCNc1cc(C)[nH+]c2ccccc12,0
ZINC65404603,ChEMBL_zinc_D_1363,O=C(c1cnc(-c2cccnc2)nc1)N1CCCC1c1ccccn1,0
ZINC47790998,ChEMBL_zinc_D_1364,CC1COCCN1C(=O)Nc1nnc(-c2ccccn2)s1,0
ZINC31087681,ChEMBL_zinc_D_1365,COc1ccccc1NC(=O)NCC[NH+]1CCN(c2ccc(F)cc2)CC1,0
ZINC31399848,ChEMBL_zinc_D_1366,CC(Cn1cccn1)NC(=O)C1Cc2ccccc2C(=O)O1,0
ZINC63651949,ChEMBL_zinc_D_1367,CC1=C(C(=O)N2CCCC2)C(S(=O)(=O)[N-]c2ccc(C3[NH+]=c4ccccc4=[NH+]3)cc2)C(C)N1,0
ZINC63722571,ChEMBL_zinc_D_1368,Cc1ccc(NC(=O)CSc2nnc(NC(=O)COC(C)C)s2)c(C)c1,0
ZINC65255796,ChEMBL_zinc_D_1369,C[NH+](C)CCCNC(=O)c1cccnc1N1CC[NH2+]C(c2ccccc2)C1,0
ZINC51230935,ChEMBL_zinc_D_1370,O=C(NC1CC1)C1CCCN(C(=O)Nc2ccccc2Cl)C1,0
ZINC51131690,ChEMBL_zinc_D_1371,NC(=O)C1CN(CC(=O)Nc2ccccc2OC(F)F)CCO1,0
ZINC65313127,ChEMBL_zinc_D_1372,O=C(c1ccc(C(F)(F)F)s1)N1CCCN(c2nnc3ccc(Cl)cn32)CC1,0
ZINC13708088,ChEMBL_zinc_D_1373,Cc1csc2nc(C)c(NC(=O)Cc3ccc(C)cc3)c(=O)n12,0
ZINC13727001,ChEMBL_zinc_D_1374,COc1ccccc1NC(=O)Cn1cnc2c3cc(C)c(C)nc3sc2c1=O,0
ZINC08112073,ChEMBL_zinc_D_1375,COc1ccc(CNC(=O)Cc2cccc(F)c2)cc1OC,0
ZINC08120928,ChEMBL_zinc_D_1376,Cc1cc(NC(=O)COc2ccc(NC(=O)c3ccc(C(C)(C)C)cc3)cc2)no1,0
ZINC63236369,ChEMBL_zinc_D_1377,CC(NC(=O)Nc1ccccc1)C(=O)OCc1nc2ccccc2[nH]1,0
ZINC63321133,ChEMBL_zinc_D_1378,O=C(Nc1ccc(CN2C(=O)Cc3ccc(Cl)cc32)cc1)N1CCOCC1,0
ZINC67621856,ChEMBL_zinc_D_1379,O=C(CCC1CCCCC1)N1CCN(c2ccc(-n3cccn3)nn2)CC1,0
ZINC67656257,ChEMBL_zinc_D_1380,COc1cc(OC)c(C(=O)Nc2cccc(CN3CCOCC3)c2)cc1OC,0
ZINC37601010,ChEMBL_zinc_D_1381,CC(C)CC(=O)N1CCc2ccc(OCc3nc(C(=O)[O-])cs3)cc2C1c1ccc(F)cc1,0
ZINC00139562,ChEMBL_zinc_D_1382,Cc1cc(C)c2c(N)c(-c3nc4ccccc4[nH]3)sc2[nH+]1,0
ZINC05025767,ChEMBL_zinc_D_1383,Fc1ccccc1-c1nnc2n1N=C(c1ccc3c(c1)OCO3)CS2,0
ZINC05122893,ChEMBL_zinc_D_1384,COc1cc2nc(Nc3nc4c(cccc4F)s3)sc2cc1OC,0
ZINC25991196,ChEMBL_zinc_D_1385,CN(C)C(=O)COc1ccc(NC(=O)c2cc(-c3ccccc3)nc3ccccc32)cc1,0
ZINC26327538,ChEMBL_zinc_D_1386,CCn1c2ccccc2c2cc(NC(=O)C(Cc3ccccc3)n3cnnn3)ccc21,0
ZINC06700804,ChEMBL_zinc_D_1387,COC(=O)c1ccc(N2CC[NH+](C)CC2)c(NC(=O)c2cccc(OC(C)C)c2)c1,0
ZINC69025921,ChEMBL_zinc_D_1388,c1nc(COc2ccc(C[NH2+]CC3(Sc4ccccc4)CC3)cc2)no1,0
ZINC61599744,ChEMBL_zinc_D_1389,O=C(Cc1ccccc1)N1CCCC1C(=O)N1CCN(CC(F)F)CC1,0
ZINC20941015,ChEMBL_zinc_D_1390,NC(=O)C1CC[NH+](Cc2nc(-c3ccsc3)no2)CC1,0
ZINC67671004,ChEMBL_zinc_D_1391,COCc1cccc(C[NH2+]Cc2c(C)nn(-c3ccc(F)cc3)c2C)c1,0
ZINC67685131,ChEMBL_zinc_D_1392,Cc1c(C(=O)NCC(Cc2ccc(F)cc2)C(N)=O)cnn1-c1ccc(F)cc1,0
ZINC71832511,ChEMBL_zinc_D_1393,COCCCNC(=O)C(C)Sc1nc2cc(-c3ccccc3)sc2c(=O)n1Cc1ccccc1,0
ZINC71837000,ChEMBL_zinc_D_1394,COc1ccc(C[NH2+]C(C)c2ccc(OCCO)c(OC)c2)cc1F,0
ZINC70847880,ChEMBL_zinc_D_1395,CC(OC1CCCC1)C(=O)Nc1ccc(-c2ccccc2)cn1,0
ZINC70855736,ChEMBL_zinc_D_1396,Cc1ccc(C)c(S(=O)(=O)NCCn2cnc(-c3ccc(F)cc3)cc2=O)c1,0
ZINC00995275,ChEMBL_zinc_D_1397,Cc1occc1C(=O)Nc1nc(-c2ccc(Cl)c(Cl)c2)cs1,0
ZINC42659178,ChEMBL_zinc_D_1398,NC(=O)c1ccccc1NC(=O)c1csc(COc2ccc(Cl)cc2)n1,0
ZINC53449154,ChEMBL_zinc_D_1399,CCCn1c(=O)[nH]nc1SCC(=O)NC(C)C(=O)N1CCCCC1,0
ZINC53978193,ChEMBL_zinc_D_1400,COc1ccc(C2CCCN2C(=O)NCCC(=O)N2CCCC2)c(OC)c1,0
ZINC65348074,ChEMBL_zinc_D_1401,Cc1cc(Cl)ccc1-c1cnc(N)cc1C(=O)[O-],0
ZINC31820077,ChEMBL_zinc_D_1402,CCc1c(C(=O)N2CCC(C(=O)NC)CC2)cnn1-c1ccccn1,0
ZINC65280787,ChEMBL_zinc_D_1403,Cc1sc2ncnc(N3CC(C)OC(C)(C)C3)c2c1C,0
ZINC51466803,ChEMBL_zinc_D_1404,COc1ccc(C)cc1C(=O)N1CCCC(CNS(=O)(=O)C(C)C)C1,0
ZINC02107374,ChEMBL_zinc_D_1405,Cc1c2occ(-c3ccccc3)c2cc2c(C)c(CC(=O)NCCC(=O)[O-])c(=O)oc12,0
ZINC00630476,ChEMBL_zinc_D_1406,CCc1cc2c(cc1OCC(=O)OC)oc(CC)c(-c1ccc3c(c1)OCCO3)c2=O,0
ZINC52848643,ChEMBL_zinc_D_1407,CC(=O)NCC1CC[NH+](CC(=O)Nc2sccc2C#N)CC1,0
ZINC52854126,ChEMBL_zinc_D_1408,Cc1ccc(CN(C)C(=O)C2C3CC4CC(C3)CC2C4)o1,0
ZINC38592557,ChEMBL_zinc_D_1409,CCN(CC(=O)NC1=c2ccccc2=[NH+]C1C(=O)OC)c1ccc2c(c1)OCO2,0
ZINC38712947,ChEMBL_zinc_D_1410,CC(Oc1ccccc1)C(=O)Nc1ccc2c(c1)CN(C(=O)C1CC1)CC2,0
ZINC54976545,ChEMBL_zinc_D_1411,CCn1cc(CNCc2ccccc2C(F)(F)F)c(C)n1,0
ZINC55569536,ChEMBL_zinc_D_1412,Cc1ccc(C=CS(=O)(=O)[N-]c2ccc(N3CCCC3=O)cc2)cc1,0
ZINC46365587,ChEMBL_zinc_D_1413,CCNC(=O)c1ccc(NC(=O)NCC(C)[NH+]2CCCC(C)C2)cc1,0
ZINC46561624,ChEMBL_zinc_D_1414,CC(C)CC(NC(=O)c1ccc(Cl)cc1Cl)C(=O)N1CCN(C(=O)C(C)C)CC1,0
ZINC68076141,ChEMBL_zinc_D_1415,Cn1ccc(NC(=O)c2nn(-c3ccc(F)cc3)ccc2=O)n1,0
ZINC68090769,ChEMBL_zinc_D_1416,Cc1nc(C(=O)NCc2ccc(OCc3ccccn3)cc2)nn1-c1ccccc1,0
ZINC45192350,ChEMBL_zinc_D_1417,O=C(NCc1ccccc1C[NH+]1CCCC1)N1CCCC1c1cccs1,0
ZINC04756177,ChEMBL_zinc_D_1418,Cc1ccc(C(=O)Nc2cccc(-c3cn4ccccc4n3)c2)cc1C,0
ZINC66120110,ChEMBL_zinc_D_1419,CCOCc1ccccc1CNC(=O)NCCCCc1nc(C)cs1,0
ZINC66136034,ChEMBL_zinc_D_1420,CNC(=O)c1c(C)nc(N)nc1-c1ccc(OCC2CCCO2)c(Br)c1,0
ZINC70779162,ChEMBL_zinc_D_1421,O=C(Nc1cc(Cl)ccc1C(=O)N1CCCC1)C1CC2CCC1O2,0
ZINC70812751,ChEMBL_zinc_D_1422,O=C(NCCOc1ccccc1)C1CN(C(=O)c2c[nH]c3ccccc23)C1,0
ZINC16167312,ChEMBL_zinc_D_1423,Cc1ccc(OCc2nc(CC(=O)OCc3cc(=O)n4cc(C)ccc4n3)cs2)cc1,0
ZINC16284418,ChEMBL_zinc_D_1424,COc1ccc(C(=O)Nc2cc3nn(-c4ccc(F)cc4)nc3cc2C)cc1Cl,0
ZINC68182231,ChEMBL_zinc_D_1425,CC(CNC(=O)C(C)Oc1ccc(F)c(F)c1)N1CCOCC1,0
ZINC68190908,ChEMBL_zinc_D_1426,C[NH+]1CCN(CC(NC(=O)CCn2ccnc2)c2ccccc2)CC1,0
ZINC53601634,ChEMBL_zinc_D_1427,O=C(c1ccccc1)N1CCC([NH2+]Cc2ccc(Cl)c(Cl)c2)CC1,0
ZINC29738136,ChEMBL_zinc_D_1428,Cc1ccc2nc(SC(C)c3nc(-c4ccco4)no3)[nH]c2c1,0
ZINC32832705,ChEMBL_zinc_D_1429,O=C(Cc1ccc(N2CCCC2=O)cc1)Nc1nc(C(F)(F)F)cs1,0
ZINC32909397,ChEMBL_zinc_D_1430,CCN(CC1COc2ccccc2O1)C(=O)NCc1ccc(OC)cc1,0
ZINC38964581,ChEMBL_zinc_D_1431,COCC(=O)N(CC1C=c2cc(OC)ccc2=[NH+]C1=O)c1ccccc1C,0
ZINC39280191,ChEMBL_zinc_D_1432,Cc1ccc2c(n1)SC(C(=O)NCCc1c[nH]c3ccccc13)C2[NH3+],0
ZINC71206768,ChEMBL_zinc_D_1433,CC1CCCC1[NH2+]Cc1ccc2c(c1)CCO2,0
ZINC09281923,ChEMBL_zinc_D_1434,COc1cc(CN2C(=O)C(NC(=O)c3ccc(OC(C)C)cc3)(C(F)(F)F)N=C2O)cc(OC)c1,0
ZINC71776260,ChEMBL_zinc_D_1435,CCn1c(CC2CCN(c3cc(NCCO)ncn3)CC2)n[nH]c1=O,0
ZINC71804317,ChEMBL_zinc_D_1436,Cn1ccnc1SCc1ccc(C(=O)N2CC[NH+](CC3CCCO3)CC2)o1,0
ZINC71681480,ChEMBL_zinc_D_1437,Cc1cc(=O)c(C(=O)N2CCOC(C(F)(F)F)C2)c(C)[nH]1,0
ZINC54248596,ChEMBL_zinc_D_1438,Cc1ccc(C(N)=O)c(OCC(=O)Nc2cccc(Oc3ccccc3)c2)c1,0
ZINC65454470,ChEMBL_zinc_D_1439,CC(=O)c1cccc(-c2cc(C3CC[NH+](CC(=O)[O-])C3)ccn2)c1,0
ZINC65495638,ChEMBL_zinc_D_1440,Cc1ccc(C(=O)N(C)c2ccc(F)cc2)cc1[N-]S(C)(=O)=O,0
ZINC67776946,ChEMBL_zinc_D_1441,COCCN1CC(C(=O)Oc2ccc(C)cc2C(=O)NCC(C)C)CC1=O,0
ZINC67786365,ChEMBL_zinc_D_1442,Cc1ccc(NC(=O)CC(C)C)cc1N1CC(C(=O)[O-])CC1=O,0
ZINC12386808,ChEMBL_zinc_D_1443,O=C(CCC1CC[NH+](Cc2cccc(-n3cccn3)c2)CC1)NCc1cccc(Cl)c1,0
ZINC12454230,ChEMBL_zinc_D_1444,COc1ccc(CCN2CC([NH2+]Cc3ccc(-n4cccn4)cc3)CC2=O)cc1,0
ZINC42251510,ChEMBL_zinc_D_1445,Brc1ccccc1CSc1nnc2n1CCCCC2,0
ZINC42738495,ChEMBL_zinc_D_1446,Cc1cccc(CN2CCN(C(=O)Nc3nccs3)CC2)c1,0
ZINC65504962,ChEMBL_zinc_D_1447,CCCOCC(=O)Nc1ccc(OC(F)(F)F)cc1,0
ZINC54735649,ChEMBL_zinc_D_1448,Cc1ccc(C(C)NC(=O)NCc2ccc(N3CCCC3)cc2)s1,0
ZINC66670184,ChEMBL_zinc_D_1449,CCN(Cc1ccc(OC)c(OC)c1)C(=O)Nc1cccnc1-n1cncn1,0
ZINC04554448,ChEMBL_zinc_D_1450,CCOCCCNC(=O)CN(c1ccc(OC)cc1)S(=O)(=O)c1ccc(F)cc1,0
ZINC57513682,ChEMBL_zinc_D_1451,O=C(CCn1nnc2ccccc2c1=O)NCc1cc2ccccc2o1,0
ZINC04778172,ChEMBL_zinc_D_1452,COCCNC(=O)COc1ccc(S(=O)(=O)N(C)Cc2ccccc2)cc1,0
ZINC47499464,ChEMBL_zinc_D_1453,CNC(=O)Cc1ccccc1NC(=O)N1CCCC1C1CCCCC1,0
ZINC47569587,ChEMBL_zinc_D_1454,CC1CN(Cc2ccccc2NC(=O)N(C)CC(=O)NC(C)(C)C)CC(C)O1,0
ZINC71823298,ChEMBL_zinc_D_1455,CC(Nc1ccn(C)n1)C(=O)Nc1cccc(Cl)c1,0
ZINC71835944,ChEMBL_zinc_D_1456,CCC(C(=O)N1CCC[NH+](Cc2ccc(F)cc2)CC1)c1ccccc1,0
ZINC67564898,ChEMBL_zinc_D_1457,Cc1cccc(C)c1OCC(O)CNC(=O)Nc1ccccc1Cn1cccn1,0
ZINC67573112,ChEMBL_zinc_D_1458,COC(C)c1cccc(NC(=O)NCc2ccnc(OCC3CC3)c2)c1,0
ZINC03017668,ChEMBL_zinc_D_1459,CCC(C)NC(=O)Cn1cnc2scc(-c3ccc(C)cc3)c2c1=O,0
ZINC32100949,ChEMBL_zinc_D_1460,CC1(C)Cc2c(C#N)c(OCC(=O)NC3CCCCC3)nc(-c3ccco3)c2CO1,0
ZINC08230697,ChEMBL_zinc_D_1461,CC(Nc1cccc(C(=O)NC2CC2)c1)C(=O)N1CCCCC1,0
ZINC08163032,ChEMBL_zinc_D_1462,CCCN1C(=O)c2ccccc2NC1c1cn(C)nc1-c1ccc2c(c1)OCCCO2,0
ZINC56939065,ChEMBL_zinc_D_1463,CCOCC(=O)NCC(=O)Nc1ccon1,0
ZINC70861549,ChEMBL_zinc_D_1464,CC(C)[NH+]1CCC(NC(=O)Cc2cc(Cl)c3c(c2)OCCO3)C1,0
ZINC48088127,ChEMBL_zinc_D_1465,CCOc1ccccc1OCC(=O)N1CCCC(C(N)=O)C1,0
ZINC48357193,ChEMBL_zinc_D_1466,CC(=O)NCC1CCN(C(=O)c2cc(-n3c(C)ccc3C)ccc2Cl)CC1,0
ZINC53413619,ChEMBL_zinc_D_1467,NC(=O)Cn1cc(NC(=O)C2CC(=O)N(C3CCCC3)C2)cn1,0
ZINC20598250,ChEMBL_zinc_D_1468,O=C(CCC1CN(Cc2ccc(Cl)cc2)CCC1N1CCOCC1)NCCc1ccc(F)cc1,0
ZINC51583697,ChEMBL_zinc_D_1469,C#CCNC(=O)CNC(=O)Nc1cc(C)cc(C)c1,0
ZINC01007459,ChEMBL_zinc_D_1470,CC(=O)c1c(-c2ccccc2)nnn1-c1ccccc1,0
ZINC01228246,ChEMBL_zinc_D_1471,CC(=O)Nc1ccccc1C(=O)N(Cc1ccccc1)Cc1ccccc1,0
ZINC48366543,ChEMBL_zinc_D_1472,CC[NH+]1CCN(C(C)c2nc(-c3ccc(C)c(F)c3)no2)CC1,0
ZINC54204989,ChEMBL_zinc_D_1473,CNC(=O)c1cccc(OCc2c(Cl)ccc3cccnc32)c1,0
ZINC05333963,ChEMBL_zinc_D_1474,CN(C)c1ccc(C=C2OC(=O)c3cc(N)ccc32)cc1,0
ZINC13704880,ChEMBL_zinc_D_1475,COc1ccc(OC)c(-c2csc(NC(=O)C3CCN(S(C)(=O)=O)CC3)n2)c1,0
ZINC13734880,ChEMBL_zinc_D_1476,CCOC(=O)N1CCN(c2nc(F)c(F)c(Oc3ccc(C#N)cc3)c2F)CC1,0
ZINC00359743,ChEMBL_zinc_D_1477,CCOc1ccccc1CNc1ccc(O)cc1,0
ZINC01347816,ChEMBL_zinc_D_1478,COC(=O)c1ccc(NC(=O)N2CCC(O)(c3cccnc3)CC2)cc1,0
ZINC07384073,ChEMBL_zinc_D_1479,COc1ccc(C)cc1NC(=O)Cn1cnc2sc3c(c2c1=O)CCC3,0
ZINC07335282,ChEMBL_zinc_D_1480,O=C(OCc1cc(-c2ccco2)on1)c1cc2c(cccc2F)s1,0
ZINC26696976,ChEMBL_zinc_D_1481,Cc1cc2nc(NCC(=O)NCc3ccco3)c3ccccc3n2n1,0
ZINC26776783,ChEMBL_zinc_D_1482,COc1ccccc1OCc1coc(-c2cccc(Cl)c2)n1,0
ZINC41039037,ChEMBL_zinc_D_1483,O=C(Nc1cc(Br)ccc1F)c1ccnc(F)c1,0
ZINC41126019,ChEMBL_zinc_D_1484,COc1cc(C)c(C(=O)Nc2cccc(F)c2)cc1OC,0
ZINC38932172,ChEMBL_zinc_D_1485,Cc1cc(C(=O)Nc2nnc(-c3cccc(F)c3)o2)no1,0
ZINC39217251,ChEMBL_zinc_D_1486,COC(=O)C1Nc2ccc(F)cc2C1NS(=O)(=O)c1ccc2nc([O-])sc2c1,0
ZINC65400227,ChEMBL_zinc_D_1487,CNC(=O)C1CCN(c2cc(Cl)nc(N)n2)CC1,0
ZINC65535541,ChEMBL_zinc_D_1488,CCN(CC)c1ncc(Cl)c(C(=O)Nc2ccc(OCC#N)cc2)n1,0
ZINC14017632,ChEMBL_zinc_D_1489,NC(=O)C(Nc1ncnc2sccc21)c1ccccc1,0
ZINC14159253,ChEMBL_zinc_D_1490,CC(NC(=O)CSc1nnnn1-c1cccc(F)c1)c1cccs1,0
ZINC68238815,ChEMBL_zinc_D_1491,Cc1n[nH]cc1CNC(=O)CCc1nc2ccccc2c(=O)[nH]1,0
ZINC68256511,ChEMBL_zinc_D_1492,Cc1ccc(NC(C)C(=O)Nc2cc(F)ccc2F)cc1[N-]S(C)(=O)=O,0
ZINC68100163,ChEMBL_zinc_D_1493,COc1cccc(CCCNC(=O)c2nn(-c3ccc(F)cc3)ccc2=O)c1,0
ZINC68108698,ChEMBL_zinc_D_1494,O=C(CCc1nc(-c2ncccn2)no1)N1CCCC(C(=O)NCC2CC2)C1,0
ZINC60615449,ChEMBL_zinc_D_1495,CCC(=O)Nc1cccc(NC(=O)COCC2CC2)c1,0
ZINC07613748,ChEMBL_zinc_D_1496,CC[NH+](CC(=O)Nc1ccccc1C(=O)OC)Cc1cccs1,0
ZINC12488845,ChEMBL_zinc_D_1497,O=C(Oc1ccc2nc(N3CCCC3)sc2c1)c1ccc(S(=O)(=O)N2CCOCC2)cc1,0
ZINC12565696,ChEMBL_zinc_D_1498,Cc1ccc(NC(=O)CSc2nc3scc(-c4ccccc4)c3c(=O)n2N)cc1C,0
ZINC68224505,ChEMBL_zinc_D_1499,CC(C)CC(C[NH+](C)C)NC(=O)c1ccc(Oc2cccnc2)cc1,0
ZINC49930181,ChEMBL_zinc_D_1500,CC(C)C(NC(=O)c1ccccc1)C(=O)NC(C)c1ccc(F)cc1,0
ZINC31940345,ChEMBL_zinc_D_1501,O=C(Cc1ccc(NS(=O)(=O)c2cccs2)cc1)Nc1ccc(F)c(F)c1,0
ZINC32700944,ChEMBL_zinc_D_1502,CC(C)c1ccc(CN2CCN(C(=O)Cn3cccnc3=O)CC2)cc1,0
ZINC66981709,ChEMBL_zinc_D_1503,CC(=O)Nc1cc(NC(=O)N(C)Cc2ccccn2)c(F)cc1F,0
ZINC66995880,ChEMBL_zinc_D_1504,COc1ccc(C[NH2+]C(Cc2ccc(OC)c(OC)c2)c2ccccc2)cc1O,0
ZINC30846100,ChEMBL_zinc_D_1505,CC(C)CCCNC(=O)c1ccc(NC(=O)C2CC2C)cc1,0
ZINC31369697,ChEMBL_zinc_D_1506,CCOC(=O)NCCC(=O)NCc1cccc(C[NH+]2CCCC2)c1,0
ZINC70808845,ChEMBL_zinc_D_1507,N#Cc1c(NC(=O)c2ccccc2SCC(N)=O)sc2c1CCCC2,0
ZINC70868967,ChEMBL_zinc_D_1508,NS(=O)(=O)c1cc(C(=O)NC(c2ccccc2)c2ccccn2)ccc1F,0
ZINC39344654,ChEMBL_zinc_D_1509,CCOC(=O)c1nn(CC(C)C)c2c1CN(CC1N=CC(C)=N1)CC2,0
ZINC39516297,ChEMBL_zinc_D_1510,COc1ccc(C[NH+]2CCN(Cc3ccc(F)cc3)C(CCO)C2)cc1OC,0
ZINC54538628,ChEMBL_zinc_D_1511,CCC(C)NC(=O)CCNC(=O)Nc1cc(C#N)ccc1OC(C)C,0
ZINC55253918,ChEMBL_zinc_D_1512,CC(CNC(=O)CNC(=O)c1ccsc1)N(C)c1ccccc1,0
ZINC55120991,ChEMBL_zinc_D_1513,O=c1c2cccc3cccc(c4n1CCN=4)c32,0
ZINC55228221,ChEMBL_zinc_D_1514,COC(=O)C1(C)CC(C(=O)NCc2cccnc2)C(c2ccccc2C)N1C,0
ZINC26690650,ChEMBL_zinc_D_1515,Cc1cn2nc(NCC3CCCO3)sc2n1,0
ZINC27333623,ChEMBL_zinc_D_1516,COc1ccc(C(CNC(=O)N2CCOCC2)N2CCOCC2)cc1,0
ZINC56825075,ChEMBL_zinc_D_1517,O=C(c1cc2ccccc2c(=O)[nH]1)N1CCCC2CCCCC21,0
ZINC47108848,ChEMBL_zinc_D_1518,CC(CNC(=O)CC1CCCO1)N1CCN(c2ccccc2)CC1,0
ZINC67663983,ChEMBL_zinc_D_1519,COCC(=O)Nc1cccc(NC(=O)NC(C)COc2ccc(C)cc2)c1,0
ZINC67672368,ChEMBL_zinc_D_1520,CC1CCC[NH+](CCNCc2ccc(-n3cccn3)cc2)C1,0
ZINC66428427,ChEMBL_zinc_D_1521,CC(OCC1CCCCO1)C(=O)Nc1cc(Br)ccc1Cl,0
ZINC66449924,ChEMBL_zinc_D_1522,CC(C)(Oc1ccc(Cl)cc1)C(=O)NC1CCCN(CC(N)=O)C1,0
ZINC00252729,ChEMBL_zinc_D_1523,Cc1ccc(Cn2nnc3c2ncn(Cc2ccccc2C)c3=O)cc1,0
ZINC03425792,ChEMBL_zinc_D_1524,Cc1ccccc1Nc1nc(N)nc(CSc2nnnn2C)n1,0
ZINC03324628,ChEMBL_zinc_D_1525,COc1ccc(N(Cc2ccccc2)S(=O)(=O)c2cc(C(=O)[O-])ccc2Cl)cc1,0
ZINC09490895,ChEMBL_zinc_D_1526,C[NH+](C)C(CNC(=O)C1CCN(S(=O)(=O)c2cccc(C(F)(F)F)c2)CC1)c1ccccc1,0
ZINC69601504,ChEMBL_zinc_D_1527,Cc1cccn2cc(CN3CCCC3Cn3cncn3)[nH+]c12,0
ZINC58450533,ChEMBL_zinc_D_1528,Cc1ccc(C(N)=O)cc1NC(=O)NCc1ccc(C[NH+]2CCCCC2)cc1,0
ZINC67723622,ChEMBL_zinc_D_1529,Cc1cc(-c2nnco2)ccc1NC(=O)COC1CCCCC1,0
ZINC67735895,ChEMBL_zinc_D_1530,O=C(CSc1nncn1-c1ccccc1)c1ccccc1OC(F)F,0
ZINC20588939,ChEMBL_zinc_D_1531,CCOc1ccc(C(=O)N2CCC3(CC2)NCCc2[nH]c[nH+]c23)cc1OCC,0
ZINC72166791,ChEMBL_zinc_D_1532,O=C(Cc1cccnc1)N1CC[NH+](C2CCc3ccccc3C2)CC1,0
ZINC66072040,ChEMBL_zinc_D_1533,CCC(=O)Nc1cccc(NCC(=O)Nc2cccc(C(=O)NC3CCCCC3)c2)c1,0
ZINC66092993,ChEMBL_zinc_D_1534,CN(C)C(=O)c1ccc(NCC(=O)Nc2ccc(OCC3CCCO3)cc2)cc1,0
ZINC32090261,ChEMBL_zinc_D_1535,COCCNC(=O)Cc1ccc([N-]S(=O)(=O)c2cc(F)cc(F)c2)cc1,0
ZINC00173886,ChEMBL_zinc_D_1536,CCc1c(=O)n2c3c(cccc3c1NCc1ccccc1)CCC2,0
ZINC60601966,ChEMBL_zinc_D_1537,O=C(COCC1CC1)N1CCN(CC=Cc2ccccc2)CC1,0
ZINC60929129,ChEMBL_zinc_D_1538,COc1ccc(CS(=O)(=O)c2ccc(C)c(C)c2)cc1Br,0
ZINC68816367,ChEMBL_zinc_D_1539,CN(CC(=O)Oc1ccc(NC(=O)c2cnn(C)c2)cc1)Cc1ccccc1,0
ZINC06701016,ChEMBL_zinc_D_1540,O=C(CCc1ccc(NC(=O)c2cc3ccccc3o2)cc1)N1CCCC1,0
ZINC12555620,ChEMBL_zinc_D_1541,O=C(NC1CC1)C(Nc1ccc(I)cc1)c1ccccc1,0
ZINC13025687,ChEMBL_zinc_D_1542,O=C(NC1CCCC1)C(c1ccccc1F)N(Cc1ccccc1Cl)C(=O)c1ccco1,0
ZINC53614468,ChEMBL_zinc_D_1543,CC(C)OC(=O)c1cccc(-c2nnn(CC(=O)NCCC(C)(C)C)n2)c1,0
ZINC54406259,ChEMBL_zinc_D_1544,COc1cc(CNC(=O)Nc2cccc(NC(=O)C(C)C)c2)ccc1C,0
ZINC58136406,ChEMBL_zinc_D_1545,CC1CCN(C(=O)C2CCCN(C(=O)Nc3ccc(N4CCC[NH+](C)CC4)c(F)c3)C2)CC1,0
ZINC46042010,ChEMBL_zinc_D_1546,Cc1ccc(O)c(C(=O)N2CCN(C(=O)c3cccc(Cl)c3Cl)CC2)c1,0
ZINC68223594,ChEMBL_zinc_D_1547,CCn1c(=O)[nH]c2cc(C(=O)NCCCCn3c(C)cccc3=O)ccc2c1=O,0
ZINC57793464,ChEMBL_zinc_D_1548,O=C(CC1Sc2ccccc2NC1=O)NC1(c2ccc(F)cc2)CCCC1,0
ZINC41154306,ChEMBL_zinc_D_1549,O=C(Cc1ccccc1)NCCc1nc(-c2cccs2)no1,0
ZINC41172314,ChEMBL_zinc_D_1550,Cc1cc(S(=O)(=O)N2CCOC(c3ccc(F)cc3)C2)ccc1F,0
ZINC67913509,ChEMBL_zinc_D_1551,CC1CCc2c(C#N)c(NC(=O)C3CCCN(C(=O)C(C)(C)C)C3)sc2C1,0
ZINC67991897,ChEMBL_zinc_D_1552,Cc1noc(C(C)NC(=O)c2sc(CC(C)C)nc2C)n1,0
ZINC09184298,ChEMBL_zinc_D_1553,COc1cc2oc(=O)c(CC(=O)N3CCC(OC(C)=O)CC3)c(C)c2cc1Cl,0
ZINC09189659,ChEMBL_zinc_D_1554,CC(=O)Nc1ccc2nc(NC(=O)CSc3nnc(Cc4ccccc4)n3C)sc2c1,0
ZINC63720989,ChEMBL_zinc_D_1555,CS(=O)(=O)[N-]c1ccc(F)cc1C(=O)Nc1ccc(NC(N)=O)cc1,0
ZINC39431724,ChEMBL_zinc_D_1556,O=C(C1C=CC=N1)C1Cc2c(ccc3ccccc23)O1,0
ZINC65882032,ChEMBL_zinc_D_1557,O=C(NCc1ccccc1N1CCOCC1)C1CCOCC1,0
ZINC66057999,ChEMBL_zinc_D_1558,CCN(C(=O)C(C)n1c2ccccc2oc1=O)c1ccccc1,0
ZINC63469535,ChEMBL_zinc_D_1559,CCCCc1noc(CNc2cccc(Cl)c2OCC)n1,0
ZINC63732766,ChEMBL_zinc_D_1560,CN(CC(=O)Nc1ccccc1Cl)C(=O)COC(=O)CC1=c2ccccc2=[NH+]C1,0
ZINC56867066,ChEMBL_zinc_D_1561,CC(C)Oc1cccc(C(C)NC(=O)N(Cc2cccnc2)CC2CCCO2)c1,0
ZINC56903112,ChEMBL_zinc_D_1562,O=C(CSc1nnc(CCc2nc3ccccc3s2)o1)NCC1CCCO1,0
ZINC06753420,ChEMBL_zinc_D_1563,[O-]c1ccc(N2CCOCC2)nn1,0
ZINC54471528,ChEMBL_zinc_D_1564,CC1CCCN(C(=O)C2CCN(CN3c4cccc5cccc(c45)C3=O)CC2)C1,0
ZINC08315935,ChEMBL_zinc_D_1565,CC(NC(=O)CNC(=O)c1ccccc1F)c1ccc(Cl)cc1Cl,0
ZINC03025160,ChEMBL_zinc_D_1566,COc1ccccc1CNS(=O)(=O)c1ccc(F)c(C(=O)Nc2ccc(C)c(F)c2)c1,0
ZINC04843282,ChEMBL_zinc_D_1567,COc1cc(C[NH2+]Cc2cccs2)cc(Br)c1OCC(N)=O,0
ZINC46904824,ChEMBL_zinc_D_1568,N#Cc1ccc(CN2CCN(C(=O)c3cnc(-c4ccccc4)s3)CC2)cc1,0
ZINC15992680,ChEMBL_zinc_D_1569,Cc1ccc(C(=O)Nc2c(C)cccc2C)cc1S(=O)(=O)N1CCOCC1,0
ZINC07059966,ChEMBL_zinc_D_1570,O=S(=O)(C=Cc1ccc(Cl)cc1)[N-]c1cc(Cl)ccc1N1CCOCC1,0
ZINC32920766,ChEMBL_zinc_D_1571,COc1cccc2cc(C(=O)N3CCC(C(=O)Nc4cc(C)on4)CC3)c(=O)oc21,0
ZINC32997783,ChEMBL_zinc_D_1572,CCCCSc1nnc2c(n1)OC(c1cccnc1)N(C(C)=O)c1ccc(CC)cc1-2,0
ZINC31788452,ChEMBL_zinc_D_1573,CCn1c(Cn2cnc3ccsc3c2=O)nc2cc(S(=O)(=O)N3CCCCC3)ccc21,0
ZINC27313416,ChEMBL_zinc_D_1574,CCCCn1c(N)c(N(CC(=O)Nc2ccc(C)cc2)Cc2ccccc2)c(=O)[nH]c1=O,0
ZINC38783378,ChEMBL_zinc_D_1575,CC1c2cc(Cl)c(O)cc2OC(=O)C1CC(=O)N=c1[nH]c2ccccc2[nH]1,0
ZINC05468345,ChEMBL_zinc_D_1576,O=C(COc1ccc(Br)cc1CO)Nc1ccc(Cl)cc1,0
ZINC58228641,ChEMBL_zinc_D_1577,COc1ccc(C(=O)Nc2[nH]nc(-c3ccncc3)c2C)cc1OC(F)F,0
ZINC48398718,ChEMBL_zinc_D_1578,COc1ccc(C)cc1CN(C)C(=O)Cn1nc(-c2ccccc2)ccc1=O,0
ZINC32957643,ChEMBL_zinc_D_1579,CC(Sc1nc2ccccc2c(=O)n1CCC1=CCCCC1)C(=O)N1CCN(C)CC1,0
ZINC33088673,ChEMBL_zinc_D_1580,Cc1c(Cl)cccc1NC(=O)c1ccc2c(c1)-c1ccccc1S(=O)(=O)N2C,0
ZINC21605056,ChEMBL_zinc_D_1581,CC(C)CNC(=O)C(C)Sc1nc2ccc(Br)cc2c(=O)n1CC(C)C,0
ZINC39942494,ChEMBL_zinc_D_1582,CCOC(=O)C1=C(C)C(C(=O)C(C)[NH+](C)Cc2ccccc2OC)=NC1C,0
ZINC27336234,ChEMBL_zinc_D_1583,Cc1nc(CSc2ccc(C(=O)NCC(c3ccco3)[NH+]3CCCC3)cc2)cs1,0
ZINC27626791,ChEMBL_zinc_D_1584,CC(C)(C)c1ccc(C(=O)NCC(=O)NCc2cccs2)cc1,0
ZINC02483064,ChEMBL_zinc_D_1585,Fc1ccc(C2Nc3ccccc3C3C=CCC32)cc1,0
ZINC12534763,ChEMBL_zinc_D_1586,CCN(CCNC(=O)Cc1n[nH]c(=O)c2ccccc12)c1cccc(C)c1,0
ZINC12623789,ChEMBL_zinc_D_1587,CC(c1ccccc1)N(C)C(=O)c1ccc(-n2cccn2)cc1,0
ZINC12764537,ChEMBL_zinc_D_1588,NS(=O)(=O)c1ccc(CNC(=O)Cn2cnc3scc(-c4ccc(F)cc4)c3c2=O)cc1,0
ZINC68162066,ChEMBL_zinc_D_1589,COCCN(Cc1cccnc1)C(=O)c1nc(C)n(-c2ccc(F)cc2)n1,0
ZINC68177503,ChEMBL_zinc_D_1590,O=C(NCCCc1cccc(F)c1)c1cc(=O)c2ccccc2o1,0
ZINC04357843,ChEMBL_zinc_D_1591,O=C(CSc1ccc(-c2ccco2)nn1)N1CCCCCC1,0
ZINC12712512,ChEMBL_zinc_D_1592,Cc1cc(C(=O)N2CCCC(CNS(=O)(=O)c3cccs3)C2)nn1C,0
ZINC68381440,ChEMBL_zinc_D_1593,COc1cccc(COC(C)C(=O)Nc2ccc3c(c2)CCCN3C)c1,0
ZINC68419168,ChEMBL_zinc_D_1594,N#CC(NC(=O)c1c(Cl)nc2ccccn21)c1ccc(F)cc1F,0
ZINC30263769,ChEMBL_zinc_D_1595,CC(c1nc2ccccc2n1C(F)F)N1CCN(C(=O)c2ccc(Cl)cc2Cl)CC1,0
ZINC72002105,ChEMBL_zinc_D_1596,CC(=O)c1cccc(NC(=O)C[NH+]2CCC(C(=O)Nc3ccc(Br)cn3)CC2)c1,0
ZINC68023854,ChEMBL_zinc_D_1597,CC(C)Sc1ccc(C(=O)NC(CN2CC[NH+](C)CC2)c2ccccc2)cc1,0
ZINC68033710,ChEMBL_zinc_D_1598,CC(Oc1cccc(C#N)c1)C(=O)NC1CC(C)c2ccccc21,0
ZINC33034761,ChEMBL_zinc_D_1599,COc1ccc(C(=O)N2CCCC(c3cccc(C(=O)NCc4ccccc4F)c3)C2)cc1,0
ZINC33064463,ChEMBL_zinc_D_1600,NC(=O)c1cc(NC(=O)c2cc(F)ccc2Br)ccc1F,0
ZINC42035821,ChEMBL_zinc_D_1601,O=C(C1CCCCC1)N1CCCC(c2nnc3ccc(C(F)(F)F)cn32)C1,0
ZINC42757233,ChEMBL_zinc_D_1602,COc1ccc(COCC(O)Cn2nc(C(N)=O)c3ccccc3c2=O)cc1,0
ZINC69619382,ChEMBL_zinc_D_1603,CCCCC1CCCC1NC(=O)Nc1ccc(OCC#N)cc1,0
ZINC69729573,ChEMBL_zinc_D_1604,COCCCCCNC(=O)N1CCN(C(C)c2ccccc2Cl)CC1,0
ZINC15955606,ChEMBL_zinc_D_1605,CCC(C)C(NC(=O)COc1ccc2c(c1)oc(=O)c1ccccc21)C(=O)[O-],0
ZINC16472867,ChEMBL_zinc_D_1606,COc1ccc(C(NC(=O)c2cccc(S(=O)(=O)N3CCCCCC3)c2)c2nccn2C)cc1,0
ZINC56062480,ChEMBL_zinc_D_1607,Cc1ccc(S(=O)(=O)NCc2ccc(N3CC(C)OC(C)C3)[nH+]c2)c(C)c1,0
ZINC56069850,ChEMBL_zinc_D_1608,CC(NS(=O)(=O)Cc1ccc(F)cc1)c1ccc(NC(=O)NC2CC2)cc1,0
ZINC36645183,ChEMBL_zinc_D_1609,Cc1nnsc1C(=O)N(CCC[NH+](C)C)c1nc2ccc(Cl)cc2s1,0
ZINC36658677,ChEMBL_zinc_D_1610,COc1cccc(C(=O)Nc2nnc(Cc3ccc(C)c(C)c3)o2)c1OC,0
ZINC03157197,ChEMBL_zinc_D_1611,O=C(Nc1ccc(F)cc1)Nc1ccc(F)c(Cl)c1,0
ZINC54478127,ChEMBL_zinc_D_1612,CCC(C)NC(=O)c1ccc(NC(=O)NCc2ccc(OC(F)F)cc2)cc1,0
ZINC04675894,ChEMBL_zinc_D_1613,CCOc1cc(CNc2ccccc2)ccc1OCC(=O)NC(C)(C)C,0
ZINC44165312,ChEMBL_zinc_D_1614,CCOC(=O)COc1cccc(NC(=O)NC2CCCCC2C)c1,0
ZINC27067605,ChEMBL_zinc_D_1615,CNS(=O)(=O)c1cc(C(=O)Nc2cc(C)c(Cl)cc2OC)n(C)c1,0
ZINC27320064,ChEMBL_zinc_D_1616,CCCCn1c(N)c(N(Cc2ccco2)Cc2ccccc2C)c(=O)[nH]c1=O,0
ZINC16600621,ChEMBL_zinc_D_1617,COc1cccc(CNC(=O)c2ccccc2OCc2ccc(F)cc2)c1,0
ZINC16607425,ChEMBL_zinc_D_1618,CCNS(=O)(=O)c1ccc(OC)c(C(=O)NCc2ccccn2)c1,0
ZINC68993662,ChEMBL_zinc_D_1619,FC(F)(F)c1ccc(-c2ccc(C[NH2+]CCOCC3CCOC3)o2)cc1,0
ZINC69143347,ChEMBL_zinc_D_1620,CC[NH+]1CCCC(CNC(=O)C(C)Sc2ccccc2)C1,0
ZINC38725935,ChEMBL_zinc_D_1621,COc1ccc(CC(=O)N2CCN(C(=O)C3CC3c3ccccc3)CC2)cc1OC,0
ZINC38828362,ChEMBL_zinc_D_1622,Cc1ccc(NC(=O)C2CC(=O)Nc3nc(N4C(C)CCCC4C)[nH]c(=O)c32)cc1,0
ZINC00642299,ChEMBL_zinc_D_1623,CCc1ccccc1NC(=O)CSc1nnc(C(NC(=O)c2ccc(F)cc2)C(C)C)n1C,0
ZINC08407000,ChEMBL_zinc_D_1624,CCCC(=O)N1CCN(c2cnn(-c3ccccc3)c(=O)c2Cl)CC1,0
ZINC19596878,ChEMBL_zinc_D_1625,Cc1ccc(-n2nnnc2C=CN2CCN(c3cccc(C(F)(F)F)c3)CC2)cc1,0
ZINC19798287,ChEMBL_zinc_D_1626,Cc1ccc(C(=O)Nc2sc3c(c2C(=O)N2CCN(Cc4ccccc4)CC2)CCCCC3)cc1,0
ZINC66158613,ChEMBL_zinc_D_1627,CS(=O)(=O)c1cccc(NC(=O)NCCCc2nc3c(s2)CCCC3)c1,0
ZINC66174402,ChEMBL_zinc_D_1628,CCOCCCNC(=O)N(C)C1CCN(c2ccc(Cl)cc2)CC1,0
ZINC68082380,ChEMBL_zinc_D_1629,CC(C#N)CN(C)C(=O)CCNS(=O)(=O)c1ccc(Br)cc1,0
ZINC57712897,ChEMBL_zinc_D_1630,CCC(C)c1ccccc1OCC(=O)NCC(C)[NH+](C)C1CC1,0
ZINC65534036,ChEMBL_zinc_D_1631,O=C1OCCN1c1ccc2c(c1)NC(=O)CC2c1ccc2cccc(O)c2n1,0
ZINC65980728,ChEMBL_zinc_D_1632,Cc1c(CNCCOc2ccc(C(C)(C)C)cc2)c(=O)n(-c2ccccc2)n1C,0
ZINC49517126,ChEMBL_zinc_D_1633,CCCNc1nnc(SCCn2cccn2)s1,0
ZINC49572846,ChEMBL_zinc_D_1634,CCOC(=O)C[NH+](CC(O)c1ccccc1)C(C)C,0
ZINC03273544,ChEMBL_zinc_D_1635,Cc1cccc(OCCCC(=O)NCc2ccc(Cl)cc2Cl)c1,0
ZINC55392732,ChEMBL_zinc_D_1636,N#CC(C(=O)COc1ccc(Cl)cc1)c1nc([O-])c2ccccc2n1,0
ZINC69536649,ChEMBL_zinc_D_1637,O=C(CNC(=O)OCc1ccccc1)N(C1CC1)C1CC([O-])=NC1=O,0
ZINC48364740,ChEMBL_zinc_D_1638,CC1CN(C(=O)c2cc(C3CC3)n(C(C)(C)C)n2)CCO1,0
ZINC46220901,ChEMBL_zinc_D_1639,CC(C)C(=O)Nc1cccc(NC(=O)C2CC(=O)N(C3CC3)C2)c1,0
ZINC71946004,ChEMBL_zinc_D_1640,COc1ccc(SC(C)C(=O)NCc2ccc(C(F)(F)F)cc2)cc1,0
ZINC34902106,ChEMBL_zinc_D_1641,Cn1nc(C(=O)NCCc2ccccc2)cc1-c1ccc(C(C)(C)C)cc1,0
ZINC22926315,ChEMBL_zinc_D_1642,CC(C(=O)N1CCCc2ccccc21)N1CCN(Cc2cn3ccccc3[nH+]2)CC1,0
ZINC69590129,ChEMBL_zinc_D_1643,CC(C(=O)OCC(=O)N(C)C)c1ccc2c(c1)OCCO2,0
ZINC58453030,ChEMBL_zinc_D_1644,Cc1ccc(C#N)cc1NC(=O)N1CCN(C(=O)c2ccc(Cl)cc2)CC1,0
ZINC69613808,ChEMBL_zinc_D_1645,O=C(NCCc1nccn1CC(F)(F)F)Nc1ccc(F)c(F)c1,0
ZINC69647242,ChEMBL_zinc_D_1646,CCOC(=O)COc1cccc(NC(=O)N2CCCN(C(=O)C(C)C)CC2)c1,0
ZINC04370643,ChEMBL_zinc_D_1647,Cc1cn2c(nc3c2c(=O)n(C)c(=O)n3C)n1CC(N)=O,0
ZINC38944279,ChEMBL_zinc_D_1648,COc1cc(NC(=O)Nc2ccc(CC(=O)N(C)C)cc2)cc(OC)c1,0
ZINC07032362,ChEMBL_zinc_D_1649,O=C(COC(=O)c1cc(F)cc(F)c1)NCc1ccco1,0
ZINC05303678,ChEMBL_zinc_D_1650,O=C(OC1CCCCC1=O)c1cc2c(s1)-c1ccccc1CC2,0
ZINC69062323,ChEMBL_zinc_D_1651,CCNC(=O)C(C)NC(=O)NCC(C)Sc1ccc(Br)cc1,0
ZINC69180005,ChEMBL_zinc_D_1652,CCC(=O)Nc1ccc(NC(=O)NC2CC[NH+](C(C)C)C2)cc1C,0
ZINC61943533,ChEMBL_zinc_D_1653,CCC(C)NC(=O)c1cccc(CNC(=O)C2CC2c2ccccc2F)c1,0
ZINC62129925,ChEMBL_zinc_D_1654,CC(C)c1[nH+]ccn1CC1CCN(C(=O)c2cccc(-n3cnnn3)c2)CC1,0
ZINC55771908,ChEMBL_zinc_D_1655,N#Cc1cccc(NC(=O)c2cccc(NC(=O)Cc3noc4ccccc43)c2)c1,0
ZINC55850313,ChEMBL_zinc_D_1656,Cc1cc(C)n(-c2ccc(CNc3ccc(F)c(C(N)=O)c3)cc2)n1,0
ZINC66470874,ChEMBL_zinc_D_1657,COCCOc1cccc(CNC(=O)CN(C)CC(C)C#N)c1,0
ZINC66523410,ChEMBL_zinc_D_1658,CCC(NC(=O)C1CCCN(C(=O)C2CC2)C1)c1nc2ccccc2[nH]1,0
ZINC67753176,ChEMBL_zinc_D_1659,CCc1nc(CN(C)C(=O)NC2CCN(C(=O)C(C)C)CC2)cs1,0
ZINC67857878,ChEMBL_zinc_D_1660,CCN(C)c1ccc(C(=O)NC(C)c2nc(C)cs2)cc1,0
ZINC66001022,ChEMBL_zinc_D_1661,CCOc1cccc(CNC(=O)N(CCCCOC)Cc2ccccc2)c1,0
ZINC66107916,ChEMBL_zinc_D_1662,CC(C)(C)NC(=O)c1ccc(NC(=O)CNc2ccc(C(=O)NCc3ccco3)cc2)cc1,0
ZINC05483786,ChEMBL_zinc_D_1663,O=C(CCn1c(=O)sc2ccccc21)Nc1cccc(F)c1,0
ZINC54045288,ChEMBL_zinc_D_1664,Cn1c(Sc2nn3cc(C(C)(C)C)nc3s2)nnc1-c1cccs1,0
ZINC67844056,ChEMBL_zinc_D_1665,COc1ccc(C)c2c1N(C(=O)C1CC1C)CCC2,0
ZINC45972913,ChEMBL_zinc_D_1666,CCc1ccccc1OC(=O)c1nc2nc(C)cc(C)n2n1,0
ZINC24729528,ChEMBL_zinc_D_1667,Cc1cccc(OC(C)C(=O)NCCCSc2ccc(F)cc2)c1,0
ZINC69068568,ChEMBL_zinc_D_1668,CC(c1ccco1)[NH+](C)CC(=O)NCC(=O)Nc1ccccc1Br,0
ZINC00051868,ChEMBL_zinc_D_1669,O=S1(=O)N=C(Nc2ccc(O)cc2)c2ccccc21,0
ZINC00347164,ChEMBL_zinc_D_1670,CCN(C(=O)c1ccnc(C(C)(C)C)c1)c1ccccc1,0
ZINC03463226,ChEMBL_zinc_D_1671,O=C(COc1ccccc1)Nc1nc2ccccc2[nH]1,0
ZINC00572349,ChEMBL_zinc_D_1672,CCCn1c2ccccc2nc1C1CC(=O)N(c2ccccc2)C1,0
ZINC01132226,ChEMBL_zinc_D_1673,O=C(NCC1COc2ccccc2O1)c1ccc(NC(=O)C(c2ccccc2)c2ccccc2)cc1,0
ZINC01329962,ChEMBL_zinc_D_1674,O=C(NCc1ccc(Cl)cc1)C1CCCN1C(=O)Nc1ccccc1,0
ZINC68250038,ChEMBL_zinc_D_1675,CC(=O)N1CCCC(C(=O)Oc2ccc(I)cc2)C1,0
ZINC68267344,ChEMBL_zinc_D_1676,O=C(CCNC(=O)c1ccc(Cn2cccn2)o1)NCc1cccnc1,0
ZINC67709326,ChEMBL_zinc_D_1677,Cc1ccc(C)n1C(C)C(=O)Nc1ccc(NC(=O)C(C)n2cncn2)cc1,0
ZINC67756322,ChEMBL_zinc_D_1678,CCn1ncnc1-c1c(-c2ccccc2)ncn1CCc1c(C)n[nH]c1C,0
ZINC68971181,ChEMBL_zinc_D_1679,CCCCC(C(N)=O)[NH+]1CCC(C(=O)NCc2ccco2)CC1,0
ZINC69034460,ChEMBL_zinc_D_1680,CN(CC1CCCO1)C(=O)Nc1ccc(Br)cc1C(F)(F)F,0
ZINC67854754,ChEMBL_zinc_D_1681,COCCNC(=O)C1CCC[NH+](C2CCN(Cc3ccccc3C#N)CC2)C1,0
ZINC67875268,ChEMBL_zinc_D_1682,Cc1csc(C(C)NC(=O)c2cc(-c3ccncc3)nc3ccccc32)n1,0
ZINC03534447,ChEMBL_zinc_D_1683,CCOc1ncccc1C(=O)NCC1COc2ccccc2O1,0
ZINC10291259,ChEMBL_zinc_D_1684,COC(=O)c1cccc(C(=O)NC2CCCCC2)c1,0
ZINC67775690,ChEMBL_zinc_D_1685,NC(=O)c1cc(Cl)ccc1NC(=O)c1ccccc1F,0
ZINC67783913,ChEMBL_zinc_D_1686,CN(CC(=O)NCCc1cccc(Cl)c1)c1ccc(C#N)cn1,0
ZINC63634419,ChEMBL_zinc_D_1687,CCSc1ccc([N-]S(=O)(=O)c2ccc3c4c(cccc42)C(=O)N3)cn1,0
ZINC63914567,ChEMBL_zinc_D_1688,COc1cc(C[NH2+]Cc2ccc(-n3cccn3)cc2)ccc1SC,0
ZINC07683656,ChEMBL_zinc_D_1689,Cc1ccc(C(C)C)c(OCC(=O)NCC(Cc2ccccc2)[NH+](C)C)c1,0
ZINC69242163,ChEMBL_zinc_D_1690,CC(C)[NH+]1CCC(NC(=O)NCc2ccnc(-n3cccn3)c2)C1,0
ZINC70877486,ChEMBL_zinc_D_1691,Cc1cc([N-]S(=O)(=O)CCOc2ccccc2)sn1,0
ZINC70886410,ChEMBL_zinc_D_1692,NC(=O)C1(NC(=O)COc2ccc3oc4ccccc4c3c2)CCCC1,0
ZINC67932728,ChEMBL_zinc_D_1693,CC(Sc1ccccc1)C(=O)NCc1cccc(C(=O)NCC2CCCO2)c1,0
ZINC67946728,ChEMBL_zinc_D_1694,CC(CCc1ccco1)NS(=O)(=O)Cc1ccc(Br)cc1F,0
ZINC70878323,ChEMBL_zinc_D_1695,COc1nc(C(=O)NC2(C(N)=O)CCCC2)cc2ccccc21,0
ZINC70923124,ChEMBL_zinc_D_1696,CC(NC(=O)CNc1ccc(F)cc1)c1ccco1,0
ZINC63299948,ChEMBL_zinc_D_1697,C=CC[NH+](CC(=O)N(C)CC1CC1)Cc1cccc(C#N)c1,0
ZINC63611281,ChEMBL_zinc_D_1698,CCOC(CC)C(=O)NCCc1ccc(OC)cc1OC,0
ZINC27664317,ChEMBL_zinc_D_1699,O=C(Nc1cc(-c2ccccc2)no1)c1ccc(F)cc1,0
ZINC27748219,ChEMBL_zinc_D_1700,CCCOc1c(Cl)cc(C(=O)N2CCC[NH+](CCc3ccncc3)CC2)cc1Cl,0
ZINC54657795,ChEMBL_zinc_D_1701,CN1CC(=O)Nc2cc(C(=O)NCc3cccc(OCC(F)(F)F)c3)ccc21,0
ZINC03494333,ChEMBL_zinc_D_1702,O=C(COc1ccc2c(c1)CCC2)Nc1ccccc1Cl,0
ZINC68122810,ChEMBL_zinc_D_1703,O=C(Cn1ccccc1=O)N(CCO)Cc1ccccc1Br,0
ZINC68144904,ChEMBL_zinc_D_1704,CC(C)c1nnc(S(=O)(=O)C(C)C(=O)NCCc2ccccc2)n1C1CC1,0
ZINC23253626,ChEMBL_zinc_D_1705,O=C(CN1CCN(CC(=O)NC2CC2)CC1)NCc1cccs1,0
ZINC67471062,ChEMBL_zinc_D_1706,CC(C)C(=O)NC1CCN(C(=O)NC(C)(C)c2ccc(Cl)cc2)CC1,0
ZINC02354029,ChEMBL_zinc_D_1707,CC[NH+](CC)CCNC(=O)c1nc2c3c(ncn2n1)sc1c3C(C)CCC1,0
ZINC05570935,ChEMBL_zinc_D_1708,CCC1CCCCN1C(=O)CSc1nc2sc3c(c2c(=O)n1C)CCC3,0
ZINC68273753,ChEMBL_zinc_D_1709,O=C(NCC(C(=O)N1CCOCC1)c1ccccc1)c1cn2ccccc2n1,0
ZINC57755645,ChEMBL_zinc_D_1710,Cc1ccc(C(=O)N(C)Cc2nccn2CC(F)(F)F)cc1F,0
ZINC50783207,ChEMBL_zinc_D_1711,CCOC(=O)COc1cccc(NCC(=O)N(C)CC(=O)NC(C)(C)C)c1,0
ZINC52634430,ChEMBL_zinc_D_1712,CN(Cc1ccc(C(F)(F)F)cc1)C(=O)Nc1ccc2c(c1)OCCO2,0
ZINC65410523,ChEMBL_zinc_D_1713,Cc1nn(C)c2ncc(NC(=O)NCC3CCC[NH+](Cc4ccccc4)C3)cc12,0
ZINC65418552,ChEMBL_zinc_D_1714,COc1ccc2c(C)c(C(=O)NCCSc3nc(C)n[nH]3)oc2c1,0
ZINC66102230,ChEMBL_zinc_D_1715,Cc1nc(S(=O)(=O)NCC2CCC[NH+](Cc3ccccc3)C2)cn1C,0
ZINC66130080,ChEMBL_zinc_D_1716,COCCN1C(=O)c2ccccc2NC1c1ccc(OCCC(C)C)cc1,0
ZINC61749953,ChEMBL_zinc_D_1717,CNC(=O)Cc1ccccc1NC(=O)N1CCCC1CC(C)(C)C,0
ZINC01161225,ChEMBL_zinc_D_1718,O=C(CN(Cc1ccc(Cl)cc1Cl)S(=O)(=O)c1ccccc1)NCc1ccncc1,0
ZINC51582129,ChEMBL_zinc_D_1719,CCCCNC(=O)C1CCCN(C(=O)Nc2ccc(SC(F)F)cc2)C1,0
ZINC65373737,ChEMBL_zinc_D_1720,O=C(NCC1CCCO1)c1ncoc1C1CC1,0
ZINC39400198,ChEMBL_zinc_D_1721,OC1CCN(c2ccc(-c3nc(-c4cccc(C(F)(F)F)c4)no3)cn2)C1,0
ZINC39442752,ChEMBL_zinc_D_1722,COCCN1CC(C2N=CC(c3cccnc3)=N2)CC1=O,0
ZINC53689598,ChEMBL_zinc_D_1723,CC(=O)N1CCCc2cc(S(=O)(=O)NC(C)c3ccc(C)s3)ccc21,0
ZINC05482735,ChEMBL_zinc_D_1724,COc1cccc(C2C=C(c3ccccc3)Oc3c2c(=O)n(C)c(=O)n3C)c1,0
ZINC63297947,ChEMBL_zinc_D_1725,C#CCN(Cc1ccco1)CC(O)COc1ccccc1C,0
ZINC63745999,ChEMBL_zinc_D_1726,Cc1ccc(C(=O)NCC2C(C)=CC(C)=NC2=O)cc1C,0
ZINC68209871,ChEMBL_zinc_D_1727,CCCC(NC(N)=O)C(=O)Nc1nc(C(C)C)cs1,0
ZINC57721103,ChEMBL_zinc_D_1728,COc1cc(C(=O)NCC(C)[NH+](C)C2CC2)ccc1OCc1c(C)noc1C,0
ZINC57689030,ChEMBL_zinc_D_1729,CC(C)C(NC(=O)CN(C)c1ccccc1)c1nc(C2CC2)no1,0
ZINC68280990,ChEMBL_zinc_D_1730,Cn1cc(C2CC2C(=O)N2CCC(n3c(=O)[nH]c4ccccc43)CC2)cn1,0
ZINC00468468,ChEMBL_zinc_D_1731,COc1ccccc1NC(=O)C12CCC(C)(C(=O)C1)C2(C)C,0
ZINC39211822,ChEMBL_zinc_D_1732,CCC1(C)OC(=O)N2CCC3=C(C)N=C4C=CC=C(C43)C21C,0
ZINC68308516,ChEMBL_zinc_D_1733,O=C(NCc1ccc(Br)cc1Cl)c1cc[nH]c1,0
ZINC68325274,ChEMBL_zinc_D_1734,O=C(Nc1ccn(Cc2ccccn2)n1)c1cc[nH]c1,0
ZINC68206670,ChEMBL_zinc_D_1735,CC(C)COCCC(=O)NC1CCN(c2ccccc2)C1=O,0
ZINC68295102,ChEMBL_zinc_D_1736,COCc1nc2sc(C(=O)N(C)C(C)c3cccnc3)c(C)c2c(OC)n1,0
ZINC54278246,ChEMBL_zinc_D_1737,CCc1cc(=O)oc2c(C)c3c(cc12)CN(Cc1ccccc1OC)CO3,0
ZINC54728821,ChEMBL_zinc_D_1738,Cc1ccc(C(C)NC(=O)N2CCCC(C(=O)Nc3nccs3)C2)s1,0
ZINC63688230,ChEMBL_zinc_D_1739,CN(C)C(=O)C1CCCN(C(=O)Cc2ccc(Cl)cc2Cl)C1,0
ZINC63848145,ChEMBL_zinc_D_1740,CC[NH+]1CCCC1C[NH2+]C1CCN(c2cccc(N3CCCC3=O)c2)CC1,0
ZINC68389952,ChEMBL_zinc_D_1741,CCCN(CCC)C(=O)CCC(=O)NCCCOc1cccc2cccnc21,0
ZINC68471006,ChEMBL_zinc_D_1742,CCNS(=O)(=O)CCNC(=O)c1cccc(OCc2ccccc2)c1,0
ZINC28541250,ChEMBL_zinc_D_1743,COc1ccc(C(=O)N(Cc2ccccc2)c2ccccc2C)cc1,0
ZINC28736911,ChEMBL_zinc_D_1744,O=C(CCn1c(=O)oc2cc(Cl)ccc21)N1CCC(c2nnc3ccccn32)CC1,0
ZINC67987662,ChEMBL_zinc_D_1745,CCCC(NC(N)=O)C(=O)NC1CCc2ccccc2C1,0
ZINC68062332,ChEMBL_zinc_D_1746,CCCOc1ncccc1CNC(=O)c1cc(C)ccc1C,0
ZINC61623046,ChEMBL_zinc_D_1747,C=CCOC(C)C(=O)NCc1cc(C)no1,0
ZINC61866123,ChEMBL_zinc_D_1748,Cc1noc2ncc(C(=O)N3CC[NH+](CCC(C)C)CC3)cc12,0
ZINC44359432,ChEMBL_zinc_D_1749,Cc1cc(N2CCOCC2)ccc1NC(=O)NCCc1ccccc1F,0
ZINC44390771,ChEMBL_zinc_D_1750,CC(C(=O)NCc1ccc(Cl)cc1)n1nc(-c2ccccc2)ccc1=O,0
ZINC67957426,ChEMBL_zinc_D_1751,CC(C)(C)C1CCC(OC(=O)CCc2nc(-c3ncccn3)no2)CC1,0
ZINC68047161,ChEMBL_zinc_D_1752,CCOc1ccc(C[NH+](C)CC(O)COCc2ccc(OC)cc2)cc1,0
ZINC02617508,ChEMBL_zinc_D_1753,Cc1ccc2c(CSc3ccc(C(F)(F)F)cn3)cc(=O)oc2c1C,0
ZINC39360990,ChEMBL_zinc_D_1754,CCOC(=O)C1[NH+]=c2ccccc2=C1NC(=O)Cc1ccc(OC)c(OC)c1,0
ZINC66147990,ChEMBL_zinc_D_1755,CCOc1ccc(C(=O)NCC(=O)Nc2ccc(SC)nc2)cc1,0
ZINC66153838,ChEMBL_zinc_D_1756,Nc1ccccc1CCC(=O)Nc1ccc(C(=O)NCc2ccco2)cc1,0
ZINC48403897,ChEMBL_zinc_D_1757,Cc1cc(C)n(CC(C)CNC(=O)c2ccc(C)cc2)n1,0
ZINC49122415,ChEMBL_zinc_D_1758,CCOc1cc(C(=O)NCc2cccc(C(=O)NC(C)CC)c2)ccc1OC,0
ZINC65339163,ChEMBL_zinc_D_1759,COc1ccc(-c2cccc(=O)[nH]2)cc1C,0
ZINC65409226,ChEMBL_zinc_D_1760,COCc1ccccc1NC(=O)NCC1CCCC[NH+]1Cc1ccccc1,0
ZINC69260166,ChEMBL_zinc_D_1761,Cc1csc(C(C)NC(=O)NC(C)c2ccc3c(c2)OCO3)n1,0
ZINC69266192,ChEMBL_zinc_D_1762,C[NH+](C)C(CNC(=O)c1ccc(-c2cccs2)[nH]c1=O)c1ccc(F)cc1,0
ZINC49499759,ChEMBL_zinc_D_1763,CCOC(=O)C(C)NS(=O)(=O)c1cn(C)c(=O)n(C)c1=O,0
ZINC05426346,ChEMBL_zinc_D_1764,CC(=O)c1cnn(-c2cc(NCCc3ccccc3)nc(C)n2)c1C,0
ZINC68339169,ChEMBL_zinc_D_1765,CCCc1sc(C(=O)N(C)C(C)c2cccc(S(N)(=O)=O)c2)cc1CC,0
ZINC68415837,ChEMBL_zinc_D_1766,CCC(C)C(NC(=O)CCCOc1ccccc1)C(N)=O,0
ZINC04116245,ChEMBL_zinc_D_1767,COc1ccc2c(c1)c(C(=O)[O-])c(C)n2C(C)C,0
ZINC02802871,ChEMBL_zinc_D_1768,Cc1c(Br)cnn1C(C)C(=O)N1CCN(c2ccccc2F)CC1,0
ZINC42625631,ChEMBL_zinc_D_1769,CCCc1noc(CSc2nc3ccccc3n2CCOC)n1,0
ZINC43333516,ChEMBL_zinc_D_1770,CCc1cccc(NC(=O)N(C)Cc2ccc(OC)c(OC(F)F)c2)c1,0
ZINC65548904,ChEMBL_zinc_D_1771,CC(C)CCCNC(=O)NCc1ccc(N2CCOCC2)cc1,0
ZINC65596561,ChEMBL_zinc_D_1772,CN(Cc1ccc(O)cc1)C(=O)C[NH+](C)CCc1ccc(F)cc1,0
ZINC38718938,ChEMBL_zinc_D_1773,C=CCSc1ccc(-c2ccccc2)nn1,0
ZINC38980587,ChEMBL_zinc_D_1774,CC(C)(C)N(CC1C=c2ccccc2=[NH+]C1=O)C(=O)c1cccs1,0
ZINC00673249,ChEMBL_zinc_D_1775,N#Cc1c(NC(=O)c2cccc(OC(F)(F)C(F)F)c2)sc2c1CCC2,0
ZINC40146529,ChEMBL_zinc_D_1776,CC(=O)c1sc(NC(=O)C(NS(C)(=O)=O)C(C)C)nc1-c1ccccc1,0
ZINC68752180,ChEMBL_zinc_D_1777,COc1cccc(COC(=O)C(C)OCCC(C)C)c1,0
ZINC68772067,ChEMBL_zinc_D_1778,CC(C(=O)N(C)CCCC(=O)OC(C)(C)C)c1ccc2c(c1)OCCO2,0
ZINC56716345,ChEMBL_zinc_D_1779,COc1c(F)cc(NC(=O)NCC[NH+]2CC(C)CC(C)C2)cc1F,0
ZINC56740441,ChEMBL_zinc_D_1780,CCC(C)NC(=O)CCNC(=O)N(C)Cc1c(C)nn(-c2ccccc2C)c1C,0
ZINC67013701,ChEMBL_zinc_D_1781,NC(=O)c1ccc(NC(=O)N2CCOC(c3ccccc3F)C2)cc1,0
ZINC67052434,ChEMBL_zinc_D_1782,Cc1cccc(C(CNC(=O)C2CC2c2cccc(F)c2)N2CCOCC2)c1,0
ZINC66384424,ChEMBL_zinc_D_1783,CCN(CC(=O)NC(C)(C)C)C(=O)NC1CC[NH+](C(C)c2ccccc2)C1,0
ZINC66590258,ChEMBL_zinc_D_1784,Cc1ccccc1-c1nc(C(=O)N2CCOCC2)cs1,0
ZINC31130445,ChEMBL_zinc_D_1785,CC(NC(=O)NCC1CCC1)c1ccc(Cl)cc1Cl,0
ZINC03507233,ChEMBL_zinc_D_1786,Cn1c(SCC(=O)N2CCc3ccccc32)nc2ccccc2c1=O,0
ZINC65208937,ChEMBL_zinc_D_1787,C[NH+](CC(=O)NC1CC1)Cc1cc(Br)ccc1F,0
ZINC65282655,ChEMBL_zinc_D_1788,Cn1c(=O)c(C(=O)NCc2cccnc2)nc2cccnc21,0
ZINC65293001,ChEMBL_zinc_D_1789,COCCn1c2cnccc2[nH+]c1C1CCN(S(=O)(=O)c2ccc3c(c2)CCCC3)C1,0
ZINC65302602,ChEMBL_zinc_D_1790,CCc1cccc(C)c1NC(=O)NCC1CCC[NH+](Cc2ccccc2)C1,0
ZINC12790074,ChEMBL_zinc_D_1791,CCN(c1ccccc1)S(=O)(=O)c1cccc(C(=O)N2CCCC2c2ccc3c(c2)OCCO3)c1,0
ZINC12798374,ChEMBL_zinc_D_1792,CCOC(=O)C1CCN(C(=O)C(C)OC(=O)c2oc3ccc(OC)cc3c2C)CC1,0
ZINC67295352,ChEMBL_zinc_D_1793,Cc1ccc(OCC(=O)NC(C)COCC(F)(F)F)c(C)c1,0
ZINC67308762,ChEMBL_zinc_D_1794,COc1ccc(CCN2CCN(C(=O)C3CCCN(C(N)=O)C3)CC2)cc1,0
ZINC63697594,ChEMBL_zinc_D_1795,CNS(=O)(=O)c1ccc(C(C)NC(=O)CC(C)C2CC2)cc1,0
ZINC63870977,ChEMBL_zinc_D_1796,Cc1nc(C[NH3+])cc(NCCC2=NC(=O)CC(C)=N2)n1,0
ZINC65395084,ChEMBL_zinc_D_1797,CCN(C(C)=O)C1CC[NH+](Cc2ccc(C(=O)Nc3c(C)noc3C)cc2)C1,0
ZINC65433614,ChEMBL_zinc_D_1798,COc1ccccc1COCC(O)C[NH+]1CCC(c2nc(C)no2)CC1,0
ZINC16051118,ChEMBL_zinc_D_1799,O=C(NCc1ccccc1F)c1cc(=O)[nH]c2ccccc21,0
ZINC05754463,ChEMBL_zinc_D_1800,CC(=O)c1cccc(NC(=O)C(C)OC(=O)Cc2n[nH]c(=O)c3ccccc23)c1,0
ZINC64670816,ChEMBL_zinc_D_1801,CC(=O)Nc1cc(C(=O)Nc2ccc(N(C)C)cc2)ccc1F,0
ZINC64689950,ChEMBL_zinc_D_1802,Cc1nc2ccccc2n1CCCOC(=O)CNC(=O)Cc1cccc(F)c1,0
ZINC69972524,ChEMBL_zinc_D_1803,COCCN1CC[NH+](CCCS(=O)(=O)N(C)C)CC1C,0
ZINC05645351,ChEMBL_zinc_D_1804,CCC(=O)C(C)CC=CCCC(C)C,0
ZINC00242331,ChEMBL_zinc_D_1805,CC(=O)NC1C(O)C(O)C(CO)OC1OC1CCCCC1,0
ZINC12652534,ChEMBL_zinc_D_1806,COC1C(O)C(O)C(O)C(O)C1O,0
ZINC40765373,ChEMBL_zinc_D_1807,CCc1cc(N2CCC(CO)CC2)ncn1,0
ZINC03159979,ChEMBL_zinc_D_1808,O=C(CCC(=O)N1CCCCC1)N1CCCCC1,0
ZINC15830831,ChEMBL_zinc_D_1809,COC(=O)c1cncn1Cc1ccccc1,0
ZINC00185679,ChEMBL_zinc_D_1810,C[NH2+]CC(O)c1ccc2cc[nH]c2c1,0
ZINC20267999,ChEMBL_zinc_D_1811,CCNS(=O)(=O)CC[NH3+],0
ZINC01732183,ChEMBL_zinc_D_1812,O=S(=O)(O)Nc1ccc(Cl)cc1,0
ZINC67391069,ChEMBL_zinc_D_1813,COCC[NH+](C)CCCNC(=O)NCCCOCc1ccc(OC)cc1,0
ZINC54912235,ChEMBL_zinc_D_1814,CCCCOCCNC(=O)CSc1nc2ccccc2c(=O)n1CCCO,0
ZINC66919492,ChEMBL_zinc_D_1815,CC1CCCCN1S(=O)(=O)NCCN(C(=O)OC(C)(C)C)C1CC1,0
ZINC67269824,ChEMBL_zinc_D_1816,CC1(C(=O)Nc2ccc3[nH]c(CN4CCOCC4)nc3c2)CCCC1,0
ZINC45638996,ChEMBL_zinc_D_1817,CC(C)C1CCC(C)CC1NC(=O)N(C)CCc1ccccn1,0
ZINC47752033,ChEMBL_zinc_D_1818,CC=CCOC(=O)c1ccc(NC(=O)C(C)C)cc1,0
ZINC48682538,ChEMBL_zinc_D_1819,CCOCCCC(=O)Nc1cc2c(cc1Cl)OCCO2,0
ZINC48850416,ChEMBL_zinc_D_1820,CCCNC(=O)N1CCc2sccc2C1C,0
ZINC48744649,ChEMBL_zinc_D_1821,O=C(c1[nH]c2ccc(Br)cc2c1Cl)N1CCCS1(=O)=O,0
ZINC14182219,ChEMBL_zinc_D_1822,Cc1cccc(N2CC(C(=O)Nc3ccc(S(N)(=O)=O)cc3)CC2=O)c1C,0
ZINC47645830,ChEMBL_zinc_D_1823,COc1ccc(S(=O)(=O)C(C)C(=O)NC2CCCC(C)C2C)cc1,0
ZINC14987432,ChEMBL_zinc_D_1824,COC(=O)C1C2CCCN2C(C)(C)C1C(=O)OC,0
ZINC36664149,ChEMBL_zinc_D_1825,CC(Oc1ccc(Cl)cc1Cl)C(=O)NC1CC[NH+](Cc2ccccc2)C1,0
ZINC00872501,ChEMBL_zinc_D_1826,COc1cc(NC(C)=O)ccc1-c1cc2ccccc2oc1=O,0
ZINC72014153,ChEMBL_zinc_D_1827,COCCCNC(=O)C(C)N1CCN(c2ccc(C#N)cn2)CC1,0
ZINC07385509,ChEMBL_zinc_D_1828,Cc1nn(CC(=O)NC(C)c2cc3ccccc3o2)c(=O)c(C#N)c1C,0
ZINC09109677,ChEMBL_zinc_D_1829,CCOC(=O)Cc1csc(NC(=O)CCCOc2cccc(C)c2)n1,0
ZINC03246589,ChEMBL_zinc_D_1830,CCOC(=O)CCCNC(=O)COC(=O)c1ccc(Cl)cc1N,0
ZINC19624487,ChEMBL_zinc_D_1831,O=C(c1ccc(F)cc1)C1C2C(=O)N=C([O-])C2C2C=Cc3ccccc3N21,0
ZINC55102551,ChEMBL_zinc_D_1832,COCC(C)NC(=O)CN(C)C(c1ccccc1)c1ccc(F)cc1,0
ZINC69201531,ChEMBL_zinc_D_1833,CCC(C)NC(=O)CCNC(=O)Nc1ccc(C(=O)NC(C)CC)cc1C,0
ZINC69278995,ChEMBL_zinc_D_1834,CCOc1ccccc1CCNC(=O)NCc1cccc(CN2CCOCC2)c1,0
ZINC03121699,ChEMBL_zinc_D_1835,NC(=O)CCCCCCCCC#CBr,0
ZINC01710286,ChEMBL_zinc_D_1836,CCCCC(CC(N)=O)=C(C)C,0
ZINC40787080,ChEMBL_zinc_D_1837,O=C(Nc1cccc(Cn2ccnc2)c1)c1cc2sccc2n1Cc1cccc(F)c1,0
ZINC40820291,ChEMBL_zinc_D_1838,COc1ccc(CC(=O)N2CCCC2c2c[nH]c3cc(F)ccc32)cc1OC,0
ZINC28889359,ChEMBL_zinc_D_1839,O=S(c1ccccc1)c1ccc(C=Cc2ccc(F)cc2)nc1,0
ZINC29027596,ChEMBL_zinc_D_1840,Cc1ccc(C(=O)Nc2ccc(OC3CCCC3)cc2)cn1,0
ZINC12823448,ChEMBL_zinc_D_1841,O=C(NCCc1ccc(Br)s1)C1CCCN(C(=O)c2ccco2)C1,0
ZINC12852841,ChEMBL_zinc_D_1842,CCCC(=O)Nc1ccc(-c2csc(NC(=O)Cc3noc4ccccc43)n2)cc1,0
ZINC67695460,ChEMBL_zinc_D_1843,COC(=O)N1CCCC([NH2+]Cc2nc(-c3ccccc3)cs2)C1,0
ZINC67710467,ChEMBL_zinc_D_1844,CS(=O)(=O)N1CCN(Cn2cc(-c3ccccc3)cn2)CC1,0
ZINC65305552,ChEMBL_zinc_D_1845,CCC(C)NC(=O)Cn1nc2n(c3ccsc3c(=O)n2Cc2ccco2)c1=O,0
ZINC65365767,ChEMBL_zinc_D_1846,CCCC(C)NC(=O)c1cccc(N(C)S(C)(=O)=O)c1,0
ZINC05204881,ChEMBL_zinc_D_1847,Cc1ccc(C2CC(=O)N(c3cccc(Br)c3)C3=C2C(=O)OC3)cc1,0
ZINC56078700,ChEMBL_zinc_D_1848,CN1CC(=O)Nc2cc(C(=O)N3CCc4[nH]c5ccc(Cl)cc5c4C3)ccc21,0
ZINC06738110,ChEMBL_zinc_D_1849,Cc1noc(C(=O)NCCc2ccccc2)c1Cl,0
ZINC69248454,ChEMBL_zinc_D_1850,OCC1([NH2+]Cc2nc3sccn3c2Br)CCOCC1,0
ZINC09119646,ChEMBL_zinc_D_1851,Cc1ccc(S(=O)(=O)N(C)C)cc1NC(=O)COC(=O)c1ccc2c(c1)NC(=O)CS2,0
ZINC04101039,ChEMBL_zinc_D_1852,CCC(C(=O)N1CCc2ccccc2C1)n1nc(C)n2c3ccoc3cc2c1=O,0
ZINC63764495,ChEMBL_zinc_D_1853,CC(=O)N1CCCc2cc(S(=O)(=O)NCc3cccc4ccccc43)ccc21,0
ZINC63818526,ChEMBL_zinc_D_1854,CC(CC1=c2ccccc2=[NH+]C1)NC(=O)Cn1ccc2cc(Br)ccc21,0
ZINC08167741,ChEMBL_zinc_D_1855,CC(=O)NC(C(=O)NCC(C)c1ccccc1)C(C)C,0
ZINC40155374,ChEMBL_zinc_D_1856,Cc1ccc(C)c(NC(=O)C(C)NC(=O)c2ccc(Br)o2)c1,0
ZINC62580792,ChEMBL_zinc_D_1857,CCn1cc2ccc(NC(=O)CN(C)S(=O)(=O)c3ccc4c(c3)OCCO4)cc2n1,0
ZINC63979854,ChEMBL_zinc_D_1858,Cc1cc(Br)ccc1C(=O)OCCCc1cnn(C)c1,0
ZINC44413900,ChEMBL_zinc_D_1859,COCCOCCNC(=O)c1cnc(Cl)c(Cl)c1,0
ZINC44976122,ChEMBL_zinc_D_1860,CC(OCC(O)CNc1ncnc2c1cnn2C)c1ccccc1,0
ZINC09429383,ChEMBL_zinc_D_1861,CCc1cccc(NC(=O)C2CCN(S(=O)(=O)c3ccc4c(c3)CC(C)N4C(=O)C3CC3)CC2)c1,0
ZINC09322564,ChEMBL_zinc_D_1862,COC(=O)C1CN(CC(=O)Nc2ccccc2C(C)=O)c2ccccc2O1,0
ZINC69000662,ChEMBL_zinc_D_1863,Cc1cc(S(=O)(=O)N2CCN(c3ncnc4ccsc43)CC2)c(C)s1,0
ZINC16090491,ChEMBL_zinc_D_1864,O=S(=O)(Oc1cccc(F)c1)c1c(Cl)cccc1Cl,0
ZINC55384504,ChEMBL_zinc_D_1865,COCCc1noc(C2CCCN(c3cc(C)c4ccc(Cl)cc4n3)C2)n1,0
ZINC55393715,ChEMBL_zinc_D_1866,COCC([NH2+]Cc1c[nH]nc1-c1ccc(F)cc1)c1ccnn1C,0
ZINC54056660,ChEMBL_zinc_D_1867,CN(Cc1ccccc1C(F)(F)F)c1ncc(C(N)=O)cc1Cl,0
ZINC54287969,ChEMBL_zinc_D_1868,Cn1cc(CNC(=O)c2ccc(CN3CC[NH+](C)CC3)cc2)cn1,0
ZINC68836837,ChEMBL_zinc_D_1869,CCCOc1ccc(C(=O)NCCc2nccn2CC(F)(F)F)cc1OCC,0
ZINC68905479,ChEMBL_zinc_D_1870,O=C(CC(F)(F)F)N1CCN(S(=O)(=O)Cc2cccc(F)c2)CC1,0
ZINC45999520,ChEMBL_zinc_D_1871,CCn1c(=O)[nH]c(=O)c2c(C(=O)OCC(F)(F)F)cc(C3CC3)nc21,0
ZINC48696140,ChEMBL_zinc_D_1872,COCCN(C)C(=O)Nc1ccc(Cl)cc1C(F)(F)F,0
ZINC22057946,ChEMBL_zinc_D_1873,CN(C)c1nc2c(ncn2C2OC(CO)C(O)C2O)c(=O)[nH]1,0
ZINC04015712,ChEMBL_zinc_D_1874,O=c1[nH]c(=O)n(C2OC(CO)C(O)C2O)cc1Br,0
ZINC64070719,ChEMBL_zinc_D_1875,Cc1ccc(C#N)cc1NC(=O)C(C)NC(=O)c1ccoc1,0
ZINC35504600,ChEMBL_zinc_D_1876,CC(=O)N1CCCSc2ccc(S(=O)(=O)NCCC(C)C)cc21,0
ZINC67047137,ChEMBL_zinc_D_1877,CCCCOC(C)C(=O)N1CCCC(c2nccs2)C1,0
ZINC67082761,ChEMBL_zinc_D_1878,COc1cccc(CCCNC(=O)NCCCCc2nc(C)cs2)c1,0
ZINC49239997,ChEMBL_zinc_D_1879,CN(C)S(=O)(=O)NCc1cc(F)ccc1Br,0
ZINC49248922,ChEMBL_zinc_D_1880,O=C(CCc1ccc(F)cc1)NCc1cccc(O)c1,0
ZINC41529774,ChEMBL_zinc_D_1881,COc1ccc(CCNc2c(C#N)nnc3ccccc32)cc1,0
ZINC41547319,ChEMBL_zinc_D_1882,Cc1ccc2c(c1)NC(=O)C(C)(C(=O)Nc1ccc(S(=O)(=O)N3CCCC3)cc1)O2,0
ZINC04703987,ChEMBL_zinc_D_1883,CCc1cc(I)ccc1NC(=O)c1cccs1,0
ZINC45923099,ChEMBL_zinc_D_1884,O=C([O-])Cn1nc2ccccc2c1[O-],0
ZINC68479894,ChEMBL_zinc_D_1885,CCOC(=O)CC(NC(=O)NCCc1cnn(C)c1)c1ccc(F)cc1,0
ZINC68498582,ChEMBL_zinc_D_1886,CCc1noc(CCCC(=O)N(C)C(c2ccc(Cl)cc2)c2cccnc2)n1,0
ZINC00094786,ChEMBL_zinc_D_1887,CCC(C)NC(=O)c1c(Cl)ccc(Cl)c1OC,0
ZINC33138782,ChEMBL_zinc_D_1888,CC(C)(C)NC(=O)C1CCCN(C(=O)c2cc3ccsc3n2Cc2cccc(Cl)c2)C1,0
ZINC65651852,ChEMBL_zinc_D_1889,Cc1ccc(C(=O)N(C)c2ccc(OC(=O)CNC(=O)OC(C)(C)C)cc2)cc1,0
ZINC65665923,ChEMBL_zinc_D_1890,COC(=O)C(COC(=O)c1ccco1)Cc1ccccc1,0
ZINC33207574,ChEMBL_zinc_D_1891,CC(Cc1ccco1)NC(=O)c1cccc(S(C)(=O)=O)c1,0
ZINC69386707,ChEMBL_zinc_D_1892,Cc1n[nH]c(C)c1CNC(=O)NCCc1ccco1,0
ZINC04099959,ChEMBL_zinc_D_1893,O=C([O-])C1CC(=O)c2ccccc2S1,0
ZINC04204220,ChEMBL_zinc_D_1894,[NH3+]C(C(=O)[O-])C(F)(F)c1ccccc1,0
ZINC40284378,ChEMBL_zinc_D_1895,CC(C)(C)C(=O)Cn1nc(-c2cccc3ccccc32)ccc1=O,0
ZINC00798324,ChEMBL_zinc_D_1896,CCOC(=O)c1c(C)n(C(C)C)c2ccc(OCC(N)=O)cc21,0
ZINC65424814,ChEMBL_zinc_D_1897,CC(C)c1nc(C(C)NS(C)(=O)=O)n(-c2cccc3cccnc32)n1,0
ZINC65474761,ChEMBL_zinc_D_1898,NC(=O)CC[NH+]1CCN(C(=O)Cc2cccc(F)c2)CC1,0
ZINC67712902,ChEMBL_zinc_D_1899,COc1cccc(CN2CCCC(O)(C[NH2+]Cc3ccno3)C2=O)c1OC,0
ZINC67763234,ChEMBL_zinc_D_1900,CC(C)c1cccc(N(C)C(=O)c2ccco2)c1,0
ZINC08729877,ChEMBL_zinc_D_1901,NS(=O)(=O)c1ccc2c(c1)CCO2,0
ZINC59241357,ChEMBL_zinc_D_1902,CCCCc1nnc([N-]S(=O)(=O)c2ccc(Br)cc2)s1,0
ZINC02112960,ChEMBL_zinc_D_1903,Cc1oc2cc3oc(=O)c(CCC(=O)NCC(=O)NCC(=O)[O-])c(C)c3cc2c1-c1ccccc1,0
ZINC12535310,ChEMBL_zinc_D_1904,O=C(Nc1cc(S(=O)(=O)Nc2cccc(Cl)c2)ccc1O)c1n[nH]c2ccccc21,0
ZINC67869799,ChEMBL_zinc_D_1905,Cc1cc(Br)oc1C(=O)N(CC[NH+](C)C)C1CCCCC1,0
ZINC67951146,ChEMBL_zinc_D_1906,Cc1csc(C(C)NS(=O)(=O)c2ccc(S(N)(=O)=O)cc2F)n1,0
ZINC12983244,ChEMBL_zinc_D_1907,COCC(C)NS(=O)(=O)c1cccc(C(=O)OC)c1,0
ZINC13251944,ChEMBL_zinc_D_1908,O=C([O-])C1CC=CCC1C(=O)Nc1cc(S(=O)(=O)N2CCCC2)ccc1Cl,0
ZINC68178071,ChEMBL_zinc_D_1909,CCC(OC)C(=O)N(C)Cc1nc2ccccc2s1,0
ZINC26232061,ChEMBL_zinc_D_1910,Cc1ccc(S(=O)(=O)NCC2CN(Cc3ccccc3)CCO2)s1,0
ZINC05559311,ChEMBL_zinc_D_1911,CC(NC(=O)C1COc2ccccc2O1)c1ccc(Cl)cc1,0
ZINC56074085,ChEMBL_zinc_D_1912,COC(=O)c1cccc(S(=O)(=O)NCc2ccc(OC(C)C)nc2)c1,0
ZINC30518521,ChEMBL_zinc_D_1913,CN(C)S(=O)(=O)NCCCn1cccn1,0
ZINC32721539,ChEMBL_zinc_D_1914,CCCCN1C(=O)CC(C(=O)N2CCN(C(=O)c3cccs3)CC2)C1c1ccc(OC)cc1,0
ZINC21717665,ChEMBL_zinc_D_1915,CCOC(=O)c1c(C)n(CC)c(C)c1S(=O)(=O)NCC(=O)Nc1cccc2c1CCCC2,0
ZINC33128087,ChEMBL_zinc_D_1916,CCOc1ccc(NC(=O)C(C)Sc2ccc(=O)n(-c3ccc(C)c(C)c3)n2)cc1,0
ZINC14964311,ChEMBL_zinc_D_1917,COC1OC(C[NH3+])C(OC(C)=O)C(OC(C)=O)C1NC(C)=O,0
ZINC08671442,ChEMBL_zinc_D_1918,CC(=O)OCC1OC(n2ccc3ccccc32)C(OC(C)=O)C(OC(C)=O)C1OC(C)=O,0
ZINC11766745,ChEMBL_zinc_D_1919,CCN(C(=O)NCCCC(=O)[O-])c1ccccc1,0
ZINC16647448,ChEMBL_zinc_D_1920,CCc1cccc(CC)c1NC(=O)Cn1nc(-c2ccc(C)c(NC(C)=O)c2)ccc1=O,0
ZINC67741090,ChEMBL_zinc_D_1921,CCn1ccc(C(=O)N2CCCn3nc(-c4nc5ccccc5[nH]4)cc3C2)n1,0
ZINC67768226,ChEMBL_zinc_D_1922,CC(C)c1cccc(N(C)C(=O)C2CC(=O)N(CC(F)(F)F)C2)c1,0
ZINC07130281,ChEMBL_zinc_D_1923,CC([NH2+]C1CCCCCC1)C(=O)N1CC(=O)Nc2ccccc21,0
ZINC71950185,ChEMBL_zinc_D_1924,Cc1ccc(C)c(OCC(O)CN2CCN(C(C)C(=O)Nc3cccc(F)c3)CC2)c1C,0
ZINC26754971,ChEMBL_zinc_D_1925,Cc1ccccc1C(=O)NC(CC(C)C)C(=O)NCC(C)c1ccccc1,0
ZINC69319133,ChEMBL_zinc_D_1926,CCN(CC(=O)NC(C)C)C(=O)c1ccc(N2CC[NH+](CC)CC2)c(F)c1,0
ZINC03052365,ChEMBL_zinc_D_1927,C=CCSc1nc2ccccc2n2cnnc12,0
ZINC38718764,ChEMBL_zinc_D_1928,C=CCNC(=O)CSc1ccc(-c2cccc(OC)c2)nn1,0
ZINC58561790,ChEMBL_zinc_D_1929,CC(=O)NCc1ccc(S(=O)(=O)NCC[NH+]2CCCCC2C)s1,0
ZINC58838462,ChEMBL_zinc_D_1930,COc1ccc(NC(=O)CNC(=O)CNC(C)=O)cc1OC(F)F,0
ZINC63949852,ChEMBL_zinc_D_1931,CCOCCOC(C)C(=O)Nc1cc(C(N)=O)ccc1C,0
ZINC58218677,ChEMBL_zinc_D_1932,COc1ccc(OC)c(-c2csc(NC(=O)C[NH+](C)C3CC3)n2)c1,0
ZINC30419369,ChEMBL_zinc_D_1933,CS(=O)(=O)Nc1ccc(OS(=O)(=O)c2ccc(Cl)nc2)cc1,0
ZINC03846450,ChEMBL_zinc_D_1934,CC1=Nc2ccccc2Sc2c3ccccc3n(C)c(=O)c21,0
ZINC70883845,ChEMBL_zinc_D_1935,Cc1ccc(C(=O)NCCCN(C)c2ccccc2)cc1S(N)(=O)=O,0
ZINC70949400,ChEMBL_zinc_D_1936,Cc1noc(C)c1C(C)NC(=O)c1nnn(-c2cccc(C)c2)c1C,0
ZINC02640802,ChEMBL_zinc_D_1937,CCC(=O)Nc1ccc(C(=O)COC(=O)C(CC(C)C)NC(N)=O)cc1,0
ZINC07562094,ChEMBL_zinc_D_1938,CCN(CC)C(=O)COC(=O)c1cccc(S(=O)(=O)N2CC(C)OC(C)C2)c1,0
ZINC16810119,ChEMBL_zinc_D_1939,CCOC(=O)c1ccc(OCC(=O)N(CCC(N)=O)c2ccc(F)cc2)cc1,0
ZINC16882481,ChEMBL_zinc_D_1940,CCCCc1c(O)ncn(Cc2ccccc2)c1=O,0
ZINC40153582,ChEMBL_zinc_D_1941,COc1ccc(OC)c2c1CN(Cc1csc(-c3ncccn3)n1)CC2O,0
ZINC40478114,ChEMBL_zinc_D_1942,COc1cccc(Cn2nnc3c2ncn(CC(=O)NCc2ccccc2)c3=O)c1,0
ZINC04852894,ChEMBL_zinc_D_1943,COC(=O)c1ccc2c(c1)C1CC(C)(O2)N(c2ccc3c(c2)OCCO3)C(=O)N1,0
ZINC04914795,ChEMBL_zinc_D_1944,CC1C[NH+](CCOc2ccc(C(C)(C)c3ccccc3)cc2)CC(C)O1,0
ZINC57478491,ChEMBL_zinc_D_1945,CCn1c(=O)c2sccc2nc1SCC(=O)NCCc1ccc(Cl)cc1,0
ZINC57489890,ChEMBL_zinc_D_1946,Cc1ccccc1-n1c(=O)c2sccc2n(CC(=O)Nc2ccccc2C(C)C)c1=O,0
ZINC14976453,ChEMBL_zinc_D_1947,Cc1n[nH]c(CNC(=O)CC(c2ccccc2)c2cccc(Cl)c2)n1,0
ZINC40047298,ChEMBL_zinc_D_1948,CC(Sc1ncccc1Cl)C(=O)N1CCOCC1,0
ZINC05626497,ChEMBL_zinc_D_1949,O=C(c1ccccc1F)N(Cc1ccc(F)cc1)Cc1nc2ccccc2c(=O)[nH]1,0
ZINC06749588,ChEMBL_zinc_D_1950,CCc1cc2c(cc3c(=O)n(CC(=O)NCc4ccc(C)cc4)nc(CC)n23)s1,0
ZINC70933321,ChEMBL_zinc_D_1951,CC(Oc1ccccc1)C(=O)NCC1CCN(S(=O)(=O)c2cccnc2)CC1,0
ZINC71195410,ChEMBL_zinc_D_1952,CCn1nc(C)c(CCC(=O)NCc2ccc(F)cc2)c1C,0
ZINC16889059,ChEMBL_zinc_D_1953,CCCC12CN(C(=O)Cc3ccccc3)CC(CC)(CN(C(=O)Cc3ccccc3)C1)C2=O,0
ZINC17846776,ChEMBL_zinc_D_1954,COCc1cccc(C(=O)N2CCN(S(=O)(=O)Cc3ccccc3)CC2)c1,0
ZINC72075194,ChEMBL_zinc_D_1955,CC(C)COCC(NC(=O)NC(C)c1ccc(Cl)c(Cl)c1)c1ccco1,0
ZINC72171257,ChEMBL_zinc_D_1956,CNc1cc(-c2ccc(OC)cc2F)c2cc[nH]c2n1,0
ZINC19737889,ChEMBL_zinc_D_1957,CCCC[NH2+]Cc1cccc(OCCOCC)c1,0
ZINC19931828,ChEMBL_zinc_D_1958,CC[NH+](CC)CCNc1nc(C)cc(COC)c1C(N)=O,0
ZINC64969458,ChEMBL_zinc_D_1959,O=S(=O)(NCCc1nc(-c2ccccc2)n[nH]1)c1ccc(Cl)cc1,0
ZINC65106589,ChEMBL_zinc_D_1960,NC(=O)c1cc(NC(=O)c2[nH]nc(C3CC3)c2Br)ccc1Cl,0
ZINC68512593,ChEMBL_zinc_D_1961,C[NH+](C)Cc1ccc(-c2ccccc2CNC(=O)CNCC(F)(F)F)cc1,0
ZINC68572024,ChEMBL_zinc_D_1962,O=C(Cc1csc(-c2nc[nH]n2)n1)NCC1(Sc2ccccc2)CCCC1,0
ZINC68394995,ChEMBL_zinc_D_1963,Cn1ccnc1C(OC(=O)CCNC(=O)c1ccc(F)cc1)C(F)(F)F,0
ZINC06658346,ChEMBL_zinc_D_1964,[NH3+]C(CO)c1ccc(OCCc2ccccc2)cc1,0
ZINC70991087,ChEMBL_zinc_D_1965,CCOC(=O)C1(NC(=O)C2CC(=O)N(CCOC)C2)CCc2ccccc21,0
ZINC70997661,ChEMBL_zinc_D_1966,O=C(CCS(=O)(=O)c1ccccc1)N1CCN(c2ccc(-n3ccnc3)nn2)CC1,0
ZINC37545864,ChEMBL_zinc_D_1967,COCC(=O)N1CC(C(=O)NC2CC2)CCC1c1cccc(C)c1,0
ZINC09673282,ChEMBL_zinc_D_1968,CCC(C)C(NC(=O)C1CCC(C)CC1)C(=O)NCCc1ccc(S(N)(=O)=O)cc1,0
ZINC57209079,ChEMBL_zinc_D_1969,O=C(NCC1CCN(c2ccccc2)C1)C1(c2ccc(Cl)cc2)CCOCC1,0
ZINC23128853,ChEMBL_zinc_D_1970,[NH3+]CCc1cc(=O)[nH]c(-c2ccc(Cl)cc2)n1,0
ZINC61309319,ChEMBL_zinc_D_1971,COCCOCCCC(=O)N(C)CCCOc1cccc(S(C)(=O)=O)c1,0
ZINC61931750,ChEMBL_zinc_D_1972,CCN(Cc1cccc(Cl)c1)C(=O)C1CCC(=O)N1,0
ZINC65459923,ChEMBL_zinc_D_1973,O=C(NCc1cccc(O)c1)N(Cc1ccsc1)C1CC1,0
ZINC65513427,ChEMBL_zinc_D_1974,CC(=O)Nc1ccc2nc(NC(=O)C3CC3c3ccco3)sc2c1,0
ZINC68288201,ChEMBL_zinc_D_1975,CCOC(=O)CNC(=O)c1cc2c([nH]c1=O)CCCC2,0
ZINC68457266,ChEMBL_zinc_D_1976,Cc1ccc(C[NH+]2CCCN(CCCS(N)(=O)=O)CC2)cc1,0
ZINC15040352,ChEMBL_zinc_D_1977,CC(=O)c1ccc(N2CCN(C(C)C(=O)N3c4ccccc4CC3C)CC2)c(F)c1,0
ZINC05348342,ChEMBL_zinc_D_1978,O=C(Nc1oc2ccccc2c(=O)c1-c1ccccc1)c1ccc(F)cc1,0
ZINC56205402,ChEMBL_zinc_D_1979,Cc1cc(NC(=O)C(C)Nc2ccc(N(C)Cc3ccccc3)cc2)no1,0
ZINC56218596,ChEMBL_zinc_D_1980,O=C(OCc1nc2ccccc2[nH]1)c1c(Cl)nc2ccccn21,0
ZINC58249270,ChEMBL_zinc_D_1981,CCCn1c(=O)[nH]c(=O)c2c(C(=O)N(CC)CC(CC)CC)cc(C(C)C)nc21,0
ZINC58642281,ChEMBL_zinc_D_1982,C=CCN(C(=O)CCc1c(C)nn(CC(C)C)c1C)c1ccccc1,0
ZINC67688962,ChEMBL_zinc_D_1983,COc1ccccc1OCc1cc(C(=O)N(C)C(C)c2cccs2)no1,0
ZINC67703876,ChEMBL_zinc_D_1984,Cc1csc(C(O)(CC(=O)Nc2cccc(C)c2)C(F)(F)F)n1,0
ZINC00544281,ChEMBL_zinc_D_1985,Cc1cc(=O)oc(C)c1C(=O)N(C)CCc1ccccn1,0
ZINC12538095,ChEMBL_zinc_D_1986,Cc1ccc(C(=O)Nc2ccc(N3CCOCC3)cc2)cn1,0
ZINC47619449,ChEMBL_zinc_D_1987,CC[NH+](CC)C(C)CNC(=O)NCc1ccc(S(N)(=O)=O)cc1,0
ZINC61107855,ChEMBL_zinc_D_1988,NC(=O)Cc1cccc(OC(=O)c2ccc(OC(F)(F)F)cc2)c1,0
ZINC05412372,ChEMBL_zinc_D_1989,CCCCC(=O)Nc1sc2ccccc2c1C(=O)OCC,0
ZINC55289978,ChEMBL_zinc_D_1990,CCN(CC)S(=O)(=O)NCCCn1ccc2ccccc21,0
ZINC01280222,ChEMBL_zinc_D_1991,O=c1c2ccccc2nc2n1CCC(O)=N2,0
ZINC07307603,ChEMBL_zinc_D_1992,N#Cc1ccc(S(=O)(=O)N2CCCC3CCCCC32)cc1,0
ZINC36858940,ChEMBL_zinc_D_1993,CC(C)C(=O)NCCNC(=O)c1c2c(nc3ccccc31)CCC2,0
ZINC36918189,ChEMBL_zinc_D_1994,COCc1cccc(NC(C)c2cccnc2)c1,0
ZINC63406339,ChEMBL_zinc_D_1995,CNC(=O)C1CCC(NC(=O)N2CCN(C(=O)N3CCCCC3)CC2)CC1,0
ZINC06290125,ChEMBL_zinc_D_1996,CC1CCCCC1NC(=O)COc1ccc(C(N)=O)cc1,0
ZINC55251862,ChEMBL_zinc_D_1997,NC(=O)CCCNC(=O)CCCNC(=O)c1ccc(F)cc1,0
ZINC65738106,ChEMBL_zinc_D_1998,Cc1cc(CNC(=O)c2ccccc2C(=O)c2ccc(Cl)cc2)on1,0
ZINC64664720,ChEMBL_zinc_D_1999,COc1ccc(NC(=O)Cn2cc(NC(=O)CNC(=O)c3ccoc3)cn2)cc1,0
ZINC03218078,ChEMBL_zinc_D_2000,O=C(c1ccccc1NS(=O)(=O)c1ccc(Cl)s1)N1CCC(Cc2ccccc2)CC1,0
ZINC69595744,ChEMBL_zinc_D_2001,C#CCN(Cc1cccc(Br)c1)S(C)(=O)=O,0
ZINC69668361,ChEMBL_zinc_D_2002,O=C(NCCS(=O)c1ccccc1)Nc1ccc(F)cc1F,0
ZINC63745706,ChEMBL_zinc_D_2003,Cc1ccc(C(=O)NCC(=O)N2CCC(C[NH+]3CCCCCC3)CC2)s1,0
ZINC65245267,ChEMBL_zinc_D_2004,CC(C)CNC(=O)CCC1CCCN(c2cc(NC3CC3)ncn2)C1,0
ZINC40494500,ChEMBL_zinc_D_2005,Cc1ccc(S(=O)(=O)NCC(C)(C)C)c(Br)c1,0
ZINC02285543,ChEMBL_zinc_D_2006,CCCCc1c(C)nc2ccc(Br)cc2c1SCC(=O)[O-],0
ZINC61002778,ChEMBL_zinc_D_2007,Cc1nn(Cc2ccc(C)cc2)c(C)c1C[NH2+]CC1CCCO1,0
ZINC61137112,ChEMBL_zinc_D_2008,Cc1nc(C(C)(C)C)sc1C(=O)Nc1ccccc1C(=O)N1CCOCC1,0
ZINC68761593,ChEMBL_zinc_D_2009,CC(C(=O)Nc1ccc(C(F)(F)F)cc1)[NH+]1CCC(C(=O)N(C)C)CC1,0
ZINC68793739,ChEMBL_zinc_D_2010,CC(=O)Nc1nc2ccc(NC(=O)C(C)OCC3CCCO3)cc2s1,0
ZINC00574417,ChEMBL_zinc_D_2011,Cc1cc(OCC(=O)Nc2ccc(Cl)cc2)ccc1Cl,0
ZINC47304516,ChEMBL_zinc_D_2012,C[NH+]1CCN(Cc2ccc(C(=O)N3CCc4ccccc43)cc2)CC1,0
ZINC70912049,ChEMBL_zinc_D_2013,CCOCC1CCCN(C(=O)C(C)Oc2ccc(F)cc2Cl)C1,0
ZINC71009685,ChEMBL_zinc_D_2014,COc1ccc(N2CCN(C(=O)c3nnn(-c4ccc(SC)cc4)c3C)CC2)cc1,0
ZINC27969507,ChEMBL_zinc_D_2015,CC(NC(=O)c1ccc(Cn2cc(Cl)cn2)cc1)c1ccccc1,0
ZINC29067159,ChEMBL_zinc_D_2016,Cn1ccnc1C(NC(=O)c1ccc(O)c(Cl)c1)c1ccccc1,0
ZINC04601872,ChEMBL_zinc_D_2017,CCC(C)NC(=O)COC(=O)c1c2ccccc2nc2c1CCCCC2,0
ZINC42241853,ChEMBL_zinc_D_2018,Cc1cc(Br)ccc1NC(=O)C(C)[NH+]1CCCCC1,0
ZINC61045964,ChEMBL_zinc_D_2019,Cc1cc(C(=O)N(Cc2ccco2)c2ccc(C)cc2)on1,0
ZINC61055988,ChEMBL_zinc_D_2020,Cc1ccc(CC(=O)NCCc2ccccc2C)cc1,0
ZINC33253663,ChEMBL_zinc_D_2021,COc1ccc(S(=O)(=O)Nc2ccc(N3CCOCC3)c(C(=O)[O-])c2)cc1OC,0
ZINC33274261,ChEMBL_zinc_D_2022,Cc1ccc2c(c1)n(Cc1ccccc1C)c(=O)c1nc(C(=O)Nc3ccccc3C)nn12,0
ZINC47522426,ChEMBL_zinc_D_2023,O=C(Cn1ccc(=O)[nH]c1=O)NC(Cn1cnc2ccccc21)c1ccc(F)cc1,0
ZINC47916555,ChEMBL_zinc_D_2024,CNC(=O)c1cc(NC(=O)c2sccc2C)ccc1Cl,0
ZINC32803943,ChEMBL_zinc_D_2025,COc1cccc(C(N)=O)c1OCCOc1cc(C)cc(C)c1,0
ZINC02931513,ChEMBL_zinc_D_2026,Cc1c(C(=O)Nc2ccccc2F)sc2ncnc(N3CCc4ccccc4C3)c12,0
ZINC67774421,ChEMBL_zinc_D_2027,CCCC1CCCN1C(=O)c1coc(COc2ccc3ccc(OC)cc3c2)n1,0
ZINC67872635,ChEMBL_zinc_D_2028,C[NH+]1CCCN(CC2CCC(Cc3ccc4oc(C5CC5)nc4c3)O2)CC1,0
ZINC44395406,ChEMBL_zinc_D_2029,CCOC(=O)Cc1csc(NC(=O)C(C)n2nc(C)ccc2=O)n1,0
ZINC44966727,ChEMBL_zinc_D_2030,CC(=O)N1CCC(NC(=O)Nc2ccc(-n3ccnc3)nc2)CC1,0
ZINC55768562,ChEMBL_zinc_D_2031,CCOc1cccc(NC(=O)C2CCCN2C(=O)C(C)(C)C)c1,0
ZINC56558231,ChEMBL_zinc_D_2032,Cc1cccc(C2CCCN2C(=O)Nc2ccc(F)cc2C)c1,0
ZINC69288002,ChEMBL_zinc_D_2033,COc1ccccc1-c1nnc(SCCCOc2ccc3c(c2)OCO3)o1,0
ZINC69353989,ChEMBL_zinc_D_2034,Cc1nc(C(=O)NC(C)c2ccc(OCc3cccnc3)cc2)cs1,0
ZINC68767915,ChEMBL_zinc_D_2035,Cc1cnn(CCCNC(=O)C(C)c2ccc3c(c2)OCCO3)c1,0
ZINC68800564,ChEMBL_zinc_D_2036,CC(C)[NH+]1CCCN(C(=O)CCNC(=O)Nc2ccccc2)CC1,0
ZINC02768910,ChEMBL_zinc_D_2037,COc1ccccc1OCc1ccc(C(=O)Oc2ccc(Cl)cc2)o1,0
ZINC62421211,ChEMBL_zinc_D_2038,CSc1ccc(C[NH2+]C(C)c2cccc([N-]S(C)(=O)=O)c2)cc1,0
ZINC63634084,ChEMBL_zinc_D_2039,COc1cc([N-]S(=O)(=O)c2ccc(C)c(Cl)c2)c(C(N)=O)cc1OC,0
ZINC63646145,ChEMBL_zinc_D_2040,CCOC(=O)C1=C(C)N=C(C)C1S(=O)(=O)[N-]c1cccc(C#N)c1,0
ZINC40534634,ChEMBL_zinc_D_2041,CC(CNC(=O)c1cccnc1)N(C)c1ccccc1,0
ZINC40730399,ChEMBL_zinc_D_2042,COc1ccc(C[NH2+]Cc2cc(Cl)ccc2OC(C)C)cc1,0
ZINC12440138,ChEMBL_zinc_D_2043,CC(C)(C)C(=O)N1CCCC(CCc2ccc(F)c(F)c2)C1,0
ZINC12468030,ChEMBL_zinc_D_2044,CC(C)(C)C[NH+]1CCC(C2CCN(C(=O)Nc3cccs3)CC2)C1,0
ZINC40906547,ChEMBL_zinc_D_2045,C[NH+](C)CCCNC(=O)C1CCN(c2ccc(-c3noc(-c4cccc(Cl)c4)n3)cc2F)CC1,0
ZINC35075047,ChEMBL_zinc_D_2046,CC1(C)C2CCC1(C)C(OCCC(O)C[NH+]1CCc3ccccc3C1)C2,0
ZINC06788519,ChEMBL_zinc_D_2047,Cc1ccc(C(C#N)C(=O)c2ccccc2)cc1,0
ZINC69608916,ChEMBL_zinc_D_2048,COc1ccc(NC(=O)C[NH+]2CCCN(C(=O)C(C)C)CC2)c(OC)c1,0
ZINC67690686,ChEMBL_zinc_D_2049,Cc1ccc(C[NH2+]C(C)c2ccc(OCc3cccnc3)cc2)s1,0
ZINC67698554,ChEMBL_zinc_D_2050,FC(F)(F)Oc1ccccc1CNCCc1nnc2n1CCC2,0
ZINC61964783,ChEMBL_zinc_D_2051,CC(Cc1ccco1)NC(=O)NCc1cccc(C(=O)N2CCCC2)c1,0
ZINC61976395,ChEMBL_zinc_D_2052,CC(C)(Oc1ccc(Cl)cc1)C(=O)NCC(C)(O)C1CC1,0
ZINC17169968,ChEMBL_zinc_D_2053,CCOC(=O)C1CCN(C(=O)CNC(=O)c2cc(C)cc(C)c2)CC1,0
ZINC23529210,ChEMBL_zinc_D_2054,CN(Cc1c(F)cccc1Cl)C(=O)CNC(=O)c1ccccc1,0
ZINC04113271,ChEMBL_zinc_D_2055,CC1CCCN(C(=O)c2ccc(Br)o2)C1,0
ZINC04235980,ChEMBL_zinc_D_2056,O=C(CO)N1CCN2C(=O)c3cc(-c4ccccc4F)ccc3NC(=O)C2C1,0
ZINC69068922,ChEMBL_zinc_D_2057,N#Cc1ccc(CNC(=O)NC2CCC[NH+](C3CCCCC3)C2)cc1,0
ZINC69386001,ChEMBL_zinc_D_2058,CCCNC(=O)C(C)[NH+]1CCC(OCc2ccccc2)CC1,0
ZINC64488598,ChEMBL_zinc_D_2059,CS(=O)(=O)[N-]c1ccc(Cl)cc1C(=O)NCCN1CCCCCC1=O,0
ZINC35428905,ChEMBL_zinc_D_2060,Cc1ccccc1NC(=O)CN1c2ccc(S(=O)(=O)N3CCCCC3C)cc2CCC1=O,0
ZINC38990013,ChEMBL_zinc_D_2061,CCOC(=O)C1CC[NH+](CC(=O)NC2=c3c(cccc3Cl)=[NH+]C2C(=O)OC)CC1,0
ZINC39517238,ChEMBL_zinc_D_2062,Cc1ccc(C(=O)N(C)Cc2nc3ccccc3s2)o1,0
ZINC67250644,ChEMBL_zinc_D_2063,CC([NH2+]Cc1cccc2c1OCCCO2)c1ccc(N2CC[NH+](C)CC2)cc1,0
ZINC67362484,ChEMBL_zinc_D_2064,CC(=O)NCC1CCCN(C(=O)CCOc2ccccc2Br)C1,0
ZINC69471112,ChEMBL_zinc_D_2065,CC(C)(C)OC(=O)NC1CCN(C(=O)NCC(C)(C)NS(C)(=O)=O)C1,0
ZINC69652343,ChEMBL_zinc_D_2066,CC(O)CN1CCN(CC(=O)N(Cc2ccccc2F)C2CC2)CC1,0
ZINC63800233,ChEMBL_zinc_D_2067,CC(=O)Nc1ccc(C(=O)NCC(c2cccs2)C2=c3ccccc3=[NH+]C2)cc1,0
ZINC63826830,ChEMBL_zinc_D_2068,CCN(CC1CCOC1)C(=O)c1cccn(Cc2ccccc2)c1=O,0
ZINC55182730,ChEMBL_zinc_D_2069,C=CCn1c(CN(C)Cc2ccc(-c3ccccc3C)cc2)nnc1SCC1CCCO1,0
ZINC55246462,ChEMBL_zinc_D_2070,C[NH+](C)CCOc1ccc(CNS(=O)(=O)c2ccc(F)cc2Cl)cc1,0
ZINC13495976,ChEMBL_zinc_D_2071,CCOc1ccc2[nH]c(=O)c(C[NH+](CCO)C(CC)c3nnnn3C(C)(C)CC)cc2c1,0
ZINC13503459,ChEMBL_zinc_D_2072,CC(=O)c1cccc(NC(=O)c2sc3nc4cc5c(cc4cc3c2N)OCCO5)c1,0
ZINC67717213,ChEMBL_zinc_D_2073,CC(C)c1ccc(S(=O)(=O)NC(C)C(=O)NC2CCCC2)cc1,0
ZINC67791039,ChEMBL_zinc_D_2074,CC(C)CC(C)CC(=O)NCC1COc2ccccc2O1,0
ZINC40473906,ChEMBL_zinc_D_2075,COCCNC(=O)CNC(=O)Cc1cccc(F)c1,0
ZINC40752744,ChEMBL_zinc_D_2076,COc1cccc(NC(=O)c2cc(NC(=O)C3CCCCC3)n(C)n2)c1,0
ZINC54528160,ChEMBL_zinc_D_2077,CCOC(=O)N(C)c1ccc(NC(=O)N(C)C(C)c2ccccc2OC)cc1,0
ZINC65509149,ChEMBL_zinc_D_2078,Cc1ccccc1-c1noc(C[NH2+]Cc2ccc(S(N)(=O)=O)cc2)n1,0
ZINC36713621,ChEMBL_zinc_D_2079,COc1ccc(OC)c(NC(=O)c2cc3cccnc3n(Cc3ccccc3F)c2=O)c1,0
ZINC02632961,ChEMBL_zinc_D_2080,O=C(COC(=O)CCc1c[nH]c2ccccc12)Nc1cccc(F)c1,0
ZINC13403015,ChEMBL_zinc_D_2081,CC(=CC(=O)[O-])CCC1(C)C(C)CCC2(C)C1CCC(O)C2(C)O,0
ZINC13745608,ChEMBL_zinc_D_2082,CCC(Oc1cc(C)cc(C)c1)C(=O)N1CC(C)OC(C)C1,0
ZINC32810943,ChEMBL_zinc_D_2083,CC(Nc1ccc2c(c1)NC(=O)C(C)O2)C(=O)Nc1ccc(F)cc1,0
ZINC32857549,ChEMBL_zinc_D_2084,Cc1ccc(-c2csc3ncnc(Sc4nnc(-c5cccc(C)c5)n4CC(N)=O)c23)cc1,0
ZINC29482515,ChEMBL_zinc_D_2085,C[NH+](CC(=O)Nc1cccc(Br)c1)C1CCc2ccccc21,0
ZINC03843070,ChEMBL_zinc_D_2086,COc1cc(Cc2nccc3cc(OC)c(O)cc32)ccc1O,0
ZINC00719194,ChEMBL_zinc_D_2087,O=C(Nc1ccc(OC(F)(F)Cl)cc1)c1cc2ccccc2oc1=O,0
ZINC04485586,ChEMBL_zinc_D_2088,Cc1[nH]c(SCC(=O)N2CCOCC2)nc1Cc1ccccc1,0
ZINC67517417,ChEMBL_zinc_D_2089,CC1CCC2C(CCCN2C(=O)C2CCCN2C(=O)c2ccco2)C1,0
ZINC67588800,ChEMBL_zinc_D_2090,O=C(NCc1cccc(NC(=O)C2CCCO2)c1)NCC1CCCO1,0
ZINC67922587,ChEMBL_zinc_D_2091,CC(C)C(C)CC(=O)N1CCC(n2cc[nH+]c2)CC1,0
ZINC68095058,ChEMBL_zinc_D_2092,O=C(CCN1CCCC1=O)N1CCN(S(=O)(=O)c2ccccc2Cl)CC1,0
ZINC33023435,ChEMBL_zinc_D_2093,O=C(NCC1([NH+]2CCCCC2)CCCCC1)c1ccc([O-])nn1,0
ZINC33129807,ChEMBL_zinc_D_2094,CC1(C)CN(CC(=O)N2CCCC2)c2ccc(S(=O)(=O)N(Cc3ccco3)C3CCCCC3)cc21,0
ZINC40287515,ChEMBL_zinc_D_2095,Cc1csc(NC(=O)C2c3ccccc3C(=O)N(C)C2c2ccc3c(c2)OCO3)n1,0
ZINC62129263,ChEMBL_zinc_D_2096,O=C(c1cc(Cl)ccc1Cl)N1CCC(Cn2cc[nH+]c2-c2ccccc2)CC1,0
ZINC56899892,ChEMBL_zinc_D_2097,CC(C#N)CN(C)C(=O)NC(C)c1ccc(N2CC[NH+](C)CC2)cc1,0
ZINC56908374,ChEMBL_zinc_D_2098,COCC1CCC[NH+](Cc2ccc(F)cc2)C1,0
ZINC06719406,ChEMBL_zinc_D_2099,Cc1cc(C)c2c(n1)oc1c2ncnc1NCc1ccncc1,0
ZINC06753159,ChEMBL_zinc_D_2100,Cc1ccc(C)c(OCc2nc3ccccc3n2C(C)C)c1,0
ZINC40873999,ChEMBL_zinc_D_2101,Cc1ccc(Cn2cc(C(=O)OCc3cccc(C(F)(F)F)c3)nn2)c(C)c1,0
ZINC41546366,ChEMBL_zinc_D_2102,CCC(c1ccccc1)n1nccc1NC(=O)C1(C)Oc2ccccc2NC1=O,0
ZINC04513066,ChEMBL_zinc_D_2103,CC(=O)N(Cc1nc(-c2cccc(C)c2)no1)C1CCCCC1,0
ZINC40761804,ChEMBL_zinc_D_2104,Cn1nc(C(=O)N2CCN(Cc3ccccc3)CC2)cc1NC(=O)c1ccccc1,0
ZINC67706343,ChEMBL_zinc_D_2105,CN(C)c1ccc(C(=O)NCCCOC2CCCCC2)cc1F,0
ZINC67734643,ChEMBL_zinc_D_2106,CC1c2cccn2CCN1C(=O)NCC1CCC[NH+](Cc2ccccc2)C1,0
ZINC63766127,ChEMBL_zinc_D_2107,Cc1ccc(NC(=O)CNS(=O)(=O)c2cc(C)ccc2F)c(Cl)c1,0
ZINC64058131,ChEMBL_zinc_D_2108,COc1cc(C2C3[NH+]=c4ccccc4=C3CCN2CCCn2cccn2)ccc1F,0
ZINC68785296,ChEMBL_zinc_D_2109,CC[NH+](CC)Cc1ccc(SC)c(OC)c1,0
ZINC69081020,ChEMBL_zinc_D_2110,CCN(CC1COc2ccccc2O1)S(=O)(=O)c1ccc(C#N)cc1,0
ZINC05934841,ChEMBL_zinc_D_2111,CC(Nc1ccc2c(c1)OCCO2)C(=O)N1CCCC1,0
ZINC68356964,ChEMBL_zinc_D_2112,COc1ccccc1C(C#N)NC(=O)c1cc(C2CC2)[nH]n1,0
ZINC69607806,ChEMBL_zinc_D_2113,O=C(CCN1CCCC1C[NH+]1CCCCC1)N1CCc2sccc2C1,0
ZINC69717849,ChEMBL_zinc_D_2114,Cc1nc(C2CCN(C(=O)NCCOC3CCCCC3C)CC2)no1,0
ZINC68835072,ChEMBL_zinc_D_2115,O=C(NCCc1nccn1CC(F)(F)F)C1(c2cccc(F)c2)CCCCC1,0
ZINC68848400,ChEMBL_zinc_D_2116,CC(Cc1cccc(F)c1)C(=O)N1CCCC(c2nnc3n2CCCCC3)C1,0
ZINC71959074,ChEMBL_zinc_D_2117,CC(=O)NC1CCCN(C(=O)CSc2nnc(-c3ccco3)n2C2CCCCC2)C1,0
ZINC55381194,ChEMBL_zinc_D_2118,CC(C)(C#N)C(=O)Nc1ccc(F)c(NC(=O)C2CCCCC2)c1,0
ZINC66246781,ChEMBL_zinc_D_2119,COc1ccc2nc([N-]S(=O)(=O)c3cncc(F)c3)sc2c1,0
ZINC66274748,ChEMBL_zinc_D_2120,O=C(NC1CCOc2ccccc21)c1cnc(-c2cccs2)s1,0
ZINC53002806,ChEMBL_zinc_D_2121,CC[NH+](CC)CCCC(C)NC(=O)c1cc(C)ccc1F,0
ZINC54363600,ChEMBL_zinc_D_2122,CCOc1cc(S(=O)(=O)NCC(C)O)ccc1F,0
ZINC03590624,ChEMBL_zinc_D_2123,CCCNC(=O)CSc1nnc(-c2ccc(OC)cc2)n1CCc1ccccc1,0
ZINC42383369,ChEMBL_zinc_D_2124,CC(C)S(=O)(=O)c1ccc(CC(=O)Nc2ccc3cn[nH]c3c2)cc1,0
ZINC02845169,ChEMBL_zinc_D_2125,COC(=O)c1cc(OC)c(OC)cc1NC(=O)c1ccccc1-c1ccccc1,0
ZINC49391664,ChEMBL_zinc_D_2126,COc1ccc(OC)c(N2CCN(CC(=O)NCCc3ccccc3OC)C2=O)c1,0
ZINC72015944,ChEMBL_zinc_D_2127,C[NH+]1CCCC(NC(=O)NCC(c2cccs2)[NH+]2CCCC2)C1,0
ZINC72120747,ChEMBL_zinc_D_2128,Cc1nn(C)c2[nH+]cc(C(=O)[O-])c(N3CCC(CO)C(O)C3)c12,0
ZINC14964609,ChEMBL_zinc_D_2129,CSc1ncc(CN2CCCC(C(=O)c3ccc(C(F)(F)F)cc3)C2)cn1,0
ZINC39519215,ChEMBL_zinc_D_2130,O=C(CC1C(=O)NCCN1Cc1ccccn1)NC1CCN(c2ccccc2)CC1,0
ZINC49472155,ChEMBL_zinc_D_2131,CCc1c(C)c2ccc(NC(=O)Cc3cccc(OC)c3)cc2[nH]c1=O,0
ZINC02862711,ChEMBL_zinc_D_2132,Cc1ccc(OCCCCn2cnc3ccccc3c2=O)cc1C,0
ZINC68897473,ChEMBL_zinc_D_2133,N#Cc1ccc(OCC(=O)N2CCC(NC(=O)c3cccnc3)CC2)cc1,0
ZINC06697064,ChEMBL_zinc_D_2134,COc1ccc(-c2noc(C(C)Oc3cccc(C)c3)n2)cc1,0
ZINC69745076,ChEMBL_zinc_D_2135,O=C(c1ccn(-c2ccccc2F)n1)N1CCCC(CN2CCOCC2)C1,0
ZINC69833092,ChEMBL_zinc_D_2136,Cc1nn(Cc2ccccc2)c(C)c1C[NH2+]Cc1ccoc1,0
ZINC68186347,ChEMBL_zinc_D_2137,CC(C)C(=O)N1CCCN(C(=O)c2ccnc(Oc3ccccc3)c2)CC1,0
ZINC68213097,ChEMBL_zinc_D_2138,CCCCNC(=O)C1CCC(C)N(C(=O)CCc2ccc(C3CC3C)o2)C1,0
ZINC70895660,ChEMBL_zinc_D_2139,CC[NH+](C)Cc1cccc(CNC(=O)c2ccc(=O)n(Cc3ccccc3)n2)c1,0
ZINC25621586,ChEMBL_zinc_D_2140,CC(C)c1ccc(NCC(=O)NC(C)c2ccco2)cc1,0
ZINC40797089,ChEMBL_zinc_D_2141,CCN1c2ccccc2OC(C)(C(=O)Nc2cccc(C(F)(F)F)c2)C1=O,0
ZINC40816700,ChEMBL_zinc_D_2142,CC(C)C(=O)Nc1c(Cl)nc(-c2ccccc2)cc1C(F)(F)F,0
ZINC67386282,ChEMBL_zinc_D_2143,CC1CCCC(C)N1C(=O)COc1ccc2c(c1)OC(C)(C)CC2=O,0
ZINC67470174,ChEMBL_zinc_D_2144,CC(C)(Cc1ccc(Br)cc1)NC(=O)N1CCC(C(N)=O)CC1,0
ZINC55423440,ChEMBL_zinc_D_2145,Cc1cccc(C(=O)N2CCC(COc3ccccc3)CC2)c1,0
ZINC62908004,ChEMBL_zinc_D_2146,COc1ccc(C(=O)N2CCOCC2)cc1NC(=O)CCc1cccs1,0
ZINC41130581,ChEMBL_zinc_D_2147,CCOC(=O)N1CCC(NC(=O)CC(c2ccccc2)C(C)C)CC1,0
ZINC41626795,ChEMBL_zinc_D_2148,CC(C)C1CCC(C)CC1NS(=O)(=O)c1cn(C)c(=O)n(C)c1=O,0
ZINC14167787,ChEMBL_zinc_D_2149,CC(C)CCNc1nc(C(=O)OCc2cccc(S(=O)(=O)N3CCOCC3)c2)cs1,0
ZINC14199513,ChEMBL_zinc_D_2150,CCOc1ccc(OCCCC(=O)NCc2ccc(CS(=O)(=O)NC)cc2)cc1,0
ZINC68339390,ChEMBL_zinc_D_2151,Cc1ccc(SCC(=O)N(C)C(C)c2cccc(S(N)(=O)=O)c2)cc1,0
ZINC68347011,ChEMBL_zinc_D_2152,CCOC1CC1C(=O)NCc1nc(-c2ccncc2)cs1,0
ZINC44598452,ChEMBL_zinc_D_2153,CCOC(=O)c1csc(NC(=O)C2CCCN(C(=O)OCC)C2)n1,0
ZINC24215594,ChEMBL_zinc_D_2154,Cc1cccc(C)c1OCc1nnc(SCC(=O)NC2CCCCCCC2)n1N,0
ZINC04937696,ChEMBL_zinc_D_2155,COc1ccc(S(=O)(=O)N(C)CC(=O)NCC[NH+]2CCOCC2)cc1Cl,0
ZINC41586668,ChEMBL_zinc_D_2156,CCOC(=O)C1CCC[NH+](Cc2c(O)ccc3c(=O)c(Oc4ccc(C(=O)OC)cc4)c(C)oc32)C1,0
ZINC04655572,ChEMBL_zinc_D_2157,CCc1ccc(C2C(C(=O)C34CC5CC(CC(C5)C3)C4)C2(C#N)C#N)cc1,0
ZINC04732188,ChEMBL_zinc_D_2158,CCOc1ccc(N2CC(C(=O)Nc3nnc(C(C)(C)C)s3)CC2=O)cc1,0
ZINC03259175,ChEMBL_zinc_D_2159,COc1cc(Cl)ccc1NC(=O)COc1ccccc1C(=O)[O-],0
ZINC20220953,ChEMBL_zinc_D_2160,COC(=O)c1ccsc1NC(=O)CN1CC[NH+](CC=Cc2ccccc2)CC1,0
ZINC12040493,ChEMBL_zinc_D_2161,COC(=O)C1CC(=O)N(Cc2cccc(OC)c2)C12CC[NH+](CC1CC=CCC1)CC2,0
ZINC12162536,ChEMBL_zinc_D_2162,COc1ccc(C2C3CCCCC3C2NC(=O)CC2C(=O)NCC[NH+]2C)cc1OC,0
ZINC42747774,ChEMBL_zinc_D_2163,CC(=O)N1c2ccc(S(=O)(=O)N3CC(C(N)=O)CCC3C)cc2CC1C,0
ZINC02514715,ChEMBL_zinc_D_2164,Cc1cccc(C(=O)c2ccc(C[NH+]3CCC4(CC3)OCCO4)cc2)c1,0
ZINC71960532,ChEMBL_zinc_D_2165,CCCCS(=O)(=O)N1CCC(C(=O)NCc2ccc(C[NH+]3CC(C)CC(C)C3)cc2)CC1,0
ZINC72170032,ChEMBL_zinc_D_2166,O=C(CC1C(=O)NCCN1Cc1cccc(F)c1F)NCCO,0
ZINC68289112,ChEMBL_zinc_D_2167,CC(=O)NC1CCCN(C(=O)C(C)OCC2CC2)C1,0
ZINC68442194,ChEMBL_zinc_D_2168,CCCC[NH+]1CCC(NC(=O)c2cccc(NC(=O)NC3CC3)c2)CC1,0
ZINC67681705,ChEMBL_zinc_D_2169,CC(NC(=O)Nc1cccc(F)c1F)c1ccc2c(c1)NC(=O)CO2,0
ZINC67749392,ChEMBL_zinc_D_2170,COC(=O)c1cccc(OCCSc2nncn2C(C)(C)C)c1,0
ZINC67069616,ChEMBL_zinc_D_2171,COc1ccc(CCC(C)NC(=O)c2cc3c(C)nn(C)c3s2)cc1,0
ZINC67092122,ChEMBL_zinc_D_2172,CCOc1ccccc1C(=O)NC1CC1c1cccc(F)c1,0
ZINC65301637,ChEMBL_zinc_D_2173,CCC(C)NC(=O)C1Oc2ccc(C)cc2NC1=O,0
ZINC54618994,ChEMBL_zinc_D_2174,COC1CCN(C(=O)NC(C)Cc2ccccc2F)CC1,0
ZINC09261096,ChEMBL_zinc_D_2175,O=C(CSc1nnc(CNC(=O)c2ccccc2F)n1-c1ccccc1)NCc1ccccc1,0
ZINC09297353,ChEMBL_zinc_D_2176,CCOc1ccccc1S(=O)(=O)Nc1cccc(-c2ccc(N3CCCC3)nn2)c1,0
ZINC67401903,ChEMBL_zinc_D_2177,CCOC(=O)c1ccc(OCC(O)C[NH+](C)Cc2cnc(CC)s2)cc1,0
ZINC67589241,ChEMBL_zinc_D_2178,COc1cccc(OC)c1OCC(O)CNC(=O)NC(C)c1ccccc1C,0
ZINC70896447,ChEMBL_zinc_D_2179,CN(C)C(=O)Cn1cc(C(=O)NCC2(c3ccc(F)cc3)CCCCC2)nn1,0
ZINC70912682,ChEMBL_zinc_D_2180,CCOCC1CCCN(C(=O)CCNC(=O)c2ccc(F)cc2F)C1,0
ZINC45129748,ChEMBL_zinc_D_2181,CCOC(=O)C1CCCN(C(=O)NCC2COc3ccccc3C2)C1,0
ZINC46910642,ChEMBL_zinc_D_2182,O=C(C1CCCC(C(F)(F)F)C1)N1CCC(c2nnc3ccccn32)CC1,0
ZINC71957719,ChEMBL_zinc_D_2183,O=C(C[NH+]1CCC(C(=O)Nc2cc(Cl)ccc2O)CC1)NC1CC1,0
ZINC72025188,ChEMBL_zinc_D_2184,CCc1nc(CN2CCN(C(=O)C3CCCN3C(=O)C34CC5CC(CC(C5)C3)C4)CC2)cs1,0
ZINC06333060,ChEMBL_zinc_D_2185,O=C(Nc1ccc(S(=O)(=O)N2CCCC2)cc1)N1CCOCC1,0
ZINC64759347,ChEMBL_zinc_D_2186,Cc1ncc(C(=O)NC2CCCC2)c(=O)n1CC(=O)Nc1ccc2c(c1)OCCO2,0
ZINC63682169,ChEMBL_zinc_D_2187,CN(CC(=O)N1CCCC1)C(=O)C1CCN(c2ccc(F)c(F)c2)C1=O,0
ZINC63687679,ChEMBL_zinc_D_2188,COc1cc(C(=O)N2CCCC(C(=O)N(C)C)C2)ccc1C,0
ZINC01207860,ChEMBL_zinc_D_2189,Nc1ccc(Oc2ccc(-c3nc4ccccc4[nH]3)cc2)cc1,0
ZINC44044510,ChEMBL_zinc_D_2190,Cc1ncc(-c2ccc(NC(=O)NC(C)c3ccc(F)cc3F)cc2)o1,0
ZINC68913653,ChEMBL_zinc_D_2191,CC([NH2+]C(C)(C)CNS(=O)(=O)Cc1cccc(F)c1)c1ccccc1,0
ZINC68920509,ChEMBL_zinc_D_2192,C#Cc1cccc(N(C(C)C)S(=O)(=O)c2cccc(S(N)(=O)=O)c2)c1,0
ZINC48564968,ChEMBL_zinc_D_2193,CC(NC(=O)Cc1cn2ccsc2n1)C1CCCO1,0
ZINC48795589,ChEMBL_zinc_D_2194,O=C(C1COCCO1)N1CCCc2ccc(F)cc21,0
ZINC04656172,ChEMBL_zinc_D_2195,Cc1noc(-c2ccccc2)c1C1(O)CCCCCC1,0
ZINC06577110,ChEMBL_zinc_D_2196,CCOC(=O)N1CCC(NC(=O)C2CC[NH+](Cc3nc(-c4ccc(CC)cc4)oc3C)CC2)CC1,0
ZINC63758716,ChEMBL_zinc_D_2197,CCN(CC)c1ccc(CNC(=O)COC(C)C)c[nH+]1,0
ZINC63845917,ChEMBL_zinc_D_2198,Cc1ccc2c(c1C)=[NH+]C(c1cccc3nonc31)[NH+]=2,0
ZINC40421423,ChEMBL_zinc_D_2199,CC1=NC(c2ccncc2)=NC(c2ccc(F)cc2)C1=C([O-])Nc1ccc2[nH]ncc2c1,0
ZINC62269643,ChEMBL_zinc_D_2200,CNC(=O)c1ccc(NC(=O)c2nc(SC)n3ccccc23)cc1Cl,0
ZINC68942127,ChEMBL_zinc_D_2201,COCCOc1ccc(S(=O)(=O)NC2CCN(c3ccccc3)C2=O)cc1,0
ZINC15926629,ChEMBL_zinc_D_2202,O=C(CNC(=O)c1ccccc1)NCC12CC3CC(CC(C3)C1)C2,0
ZINC68476436,ChEMBL_zinc_D_2203,CCNS(=O)(=O)CCNC(=O)c1ccc(I)cc1,0
ZINC68483616,ChEMBL_zinc_D_2204,CN(C(=O)COCc1ccccc1)c1cc(-c2ccccc2)[nH]n1,0
ZINC16442592,ChEMBL_zinc_D_2205,Cc1sc2nc(C(C)N3CCCc4ccccc43)[nH]c(=O)c2c1C,0
ZINC69227078,ChEMBL_zinc_D_2206,CC(C(=O)Nc1cc(F)ccc1F)N1CCN(C(=O)CC(F)(F)F)CC1,0
ZINC16480747,ChEMBL_zinc_D_2207,CC(CNC(=O)C(C)N1CCN(c2ccccc2Cl)CC1)c1ccccc1,0
ZINC69164187,ChEMBL_zinc_D_2208,Cc1cc(NC(=O)C([NH2+]C2CC(C)c3ccccc32)c2ccccc2)no1,0
ZINC00262331,ChEMBL_zinc_D_2209,CC(C)NC(=O)C1CCN(C(=O)N(C)C)CC1,0
ZINC06945313,ChEMBL_zinc_D_2210,Cc1ccc(CN2CCCN(Cc3c(C)cc(C)cc3C)S2(=O)=O)cc1,0
ZINC67730770,ChEMBL_zinc_D_2211,Cc1ccc(OCC(C)NC(=O)N(CC2CCOC2)C2CC2)cc1,0
ZINC68023189,ChEMBL_zinc_D_2212,CC(=O)N1CCCC(C(=O)N2CCC(C(=O)NC3CCCCC3)CC2)C1,0
ZINC14535534,ChEMBL_zinc_D_2213,CC(C)NS(=O)(=O)c1cc(NCc2cc3ccccc3o2)cc(C(=O)NC2CCCCNC2=O)c1,0
ZINC14567966,ChEMBL_zinc_D_2214,Cc1ccccc1OC(C)C(=O)Nc1cccc(C(=O)N2CCCCC2)c1,0
ZINC01209579,ChEMBL_zinc_D_2215,COc1cccc(NC(=O)CN(c2cccc(Br)c2)S(=O)(=O)c2ccccc2)c1,0
ZINC62162214,ChEMBL_zinc_D_2216,Cc1ccc(NC(=O)c2csc(Nc3ccccn3)n2)c(C)c1,0
ZINC69227313,ChEMBL_zinc_D_2217,CC(c1ccc(F)c(F)c1)N1CCN(C(=O)CC(F)(F)F)CC1,0
ZINC69416499,ChEMBL_zinc_D_2218,CC(C)c1nc(C[NH+]2CCCCC2)cs1,0
ZINC68256120,ChEMBL_zinc_D_2219,O=C(CSc1ccc(Cl)cc1)NCC[NH+]1Cc2ccccc2C1,0
ZINC68359813,ChEMBL_zinc_D_2220,CS(=O)(=O)c1cc(C(=O)NC(C#N)c2cccc(Cl)c2)ccc1Cl,0
ZINC39946702,ChEMBL_zinc_D_2221,CC1CC(=O)Oc2cc(OCC(=O)OC(C(=O)C3=c4ccccc4=[NH+]C3)c3ccccc3)ccc21,0
ZINC63329799,ChEMBL_zinc_D_2222,CNC(=O)C1CCC(NC(=O)N(C)CCCc2cc(-c3ccccc3)n[nH]2)CC1,0
ZINC09324246,ChEMBL_zinc_D_2223,Cc1ccc(C)n1NC(=O)c1ccc2ccccc2c1O,0
ZINC09390117,ChEMBL_zinc_D_2224,C[NH+](CC(=O)Nc1ccc(C#N)cc1)Cc1cnn(-c2ccccc2)c1,0
ZINC02518115,ChEMBL_zinc_D_2225,COc1cccc(C(=O)CCCC2OCC(C)(C)CO2)c1OC,0
ZINC43527754,ChEMBL_zinc_D_2226,Cc1nc(-c2ccc(N(C)C)cc2)cc(C2C[NH+]3CCC2CC3CO)n1,0
ZINC66189004,ChEMBL_zinc_D_2227,Cc1ccc(Cl)cc1NCCN(C)c1ccccc1,0
ZINC66204131,ChEMBL_zinc_D_2228,C=CCN(Cc1ccccc1F)C(=O)NCc1ccc(C)nc1OC,0
ZINC68441854,ChEMBL_zinc_D_2229,CC(C)C(NC(N)=O)C(=O)NCCN1c2ccccc2CC1C,0
ZINC68484043,ChEMBL_zinc_D_2230,COC(=O)Nc1cccc(NC(=O)NC(C)c2ccc(N3CCOCC3)cc2)c1,0
ZINC67678091,ChEMBL_zinc_D_2231,CC[NH+](CC)C(CNC(=O)Nc1cccc2c1OCCO2)c1ccco1,0
ZINC67795967,ChEMBL_zinc_D_2232,CC(C)C(C)CC(=O)N(CCC(N)=O)Cc1ccccc1,0
ZINC52913997,ChEMBL_zinc_D_2233,CC(Sc1nccs1)c1nc2scc(-c3ccccc3)c2c(=O)[nH]1,0
ZINC52489421,ChEMBL_zinc_D_2234,Cc1cc(NCc2cccc(NC(=O)C3CCCC3)c2)nc(N)[nH+]1,0
ZINC47893830,ChEMBL_zinc_D_2235,CC(C)C(CNC(=O)Nc1cccc(N2CCNC2=O)c1)c1ccccc1,0
ZINC61404123,ChEMBL_zinc_D_2236,Cc1nn(C)c2ncc(NC(=O)N3CCc4sccc4C3)cc12,0
ZINC60406172,ChEMBL_zinc_D_2237,CCCN(CC(=O)N(C)C)C(=O)c1ccc(OC)cc1,0
ZINC00931264,ChEMBL_zinc_D_2238,CCN(CC)S(=O)(=O)c1ccc(S(=O)(=O)N2CCN(c3ccccc3F)CC2)cc1,0
ZINC44451240,ChEMBL_zinc_D_2239,O=C(NCc1cccc(Oc2ccc(F)cc2)c1)C1COc2ccccc2O1,0
ZINC44658162,ChEMBL_zinc_D_2240,CN(C)c1ncccc1C(=O)Nc1cccc(C(=O)NCc2ccccn2)c1,0
ZINC68361236,ChEMBL_zinc_D_2241,CCOC1CC1C(=O)Nc1ccc(NC(C)c2ccccc2)cc1,0
ZINC68368430,ChEMBL_zinc_D_2242,Cc1c(C(=O)N2CCN(C(=O)c3ccccc3)CC2)cnn1-c1ccccc1F,0
ZINC32873721,ChEMBL_zinc_D_2243,Cc1c(C(=O)NCC2COc3ccccc3O2)cnn1C,0
ZINC32924855,ChEMBL_zinc_D_2244,COc1ccc(NC(=O)c2ccc(F)cc2Cl)cc1N1CCCCC1=O,0
ZINC02241168,ChEMBL_zinc_D_2245,CC(C)(C)OC(=O)NC(Cc1ccccc1)c1nnc(SCc2ccc(Cl)cc2)n1N,0
ZINC43157445,ChEMBL_zinc_D_2246,CSc1cccc(NC(=O)N2CCC(c3nc4ccccc4s3)CC2)c1,0
ZINC45984367,ChEMBL_zinc_D_2247,Cc1occc1C(=O)NC(C)c1ccc2c(c1)CCC(=O)N2,0
ZINC64299176,ChEMBL_zinc_D_2248,CCc1nc2cc(NC(=O)C3CCC(=O)N3)ccc2o1,0
ZINC08341096,ChEMBL_zinc_D_2249,CCN(Cc1ccc(OC)c(F)c1)C(=O)c1cc2ccccc2o1,0
ZINC03893409,ChEMBL_zinc_D_2250,CN(C)c1ccc(C(=O)Nc2ccc(-c3nc4ccccc4o3)cc2)cc1,0
ZINC54704570,ChEMBL_zinc_D_2251,Cc1noc(C2CCCN(C(=O)c3n[nH]c4ccccc43)C2)n1,0
ZINC05545862,ChEMBL_zinc_D_2252,CCC(=O)NCCCc1nc2ccccc2n1Cc1ccc(Cl)cc1,0
ZINC42803203,ChEMBL_zinc_D_2253,O=C(CNC(=O)c1ccccc1F)Nc1ccc(NC(=O)NC2CC2)cc1,0
ZINC01446113,ChEMBL_zinc_D_2254,COc1ccc(C(=O)Nc2cc3c(cc2C(=O)c2ccccc2)OCCO3)cc1,0
ZINC28190879,ChEMBL_zinc_D_2255,COc1cccc(SC(C)c2nc(N)nc(N(C)C)n2)c1,0
ZINC31178683,ChEMBL_zinc_D_2256,O=C(c1c[nH]nc1-c1ccc(F)cc1)N1CCOC(c2ccc(F)cc2)C1,0
ZINC05200025,ChEMBL_zinc_D_2257,COc1ccccc1CC(=O)Nc1cc(C(F)(F)F)ccc1N1CCOCC1,0
ZINC64383463,ChEMBL_zinc_D_2258,O=C(Nc1cccc2cccnc21)c1ccc2c(c1)COC2,0
ZINC67373710,ChEMBL_zinc_D_2259,OC(c1ccc(Cl)cc1)C1CCN(c2cncc(Cl)n2)CC1,0
ZINC67476815,ChEMBL_zinc_D_2260,COC(=O)C1CN(C(=O)C(C)Oc2cccc(C#N)c2)c2ccccc2O1,0
ZINC55679776,ChEMBL_zinc_D_2261,CCN(c1cc(C)cc(C)c1)S(=O)(=O)c1ccccc1C#N,0
ZINC55864548,ChEMBL_zinc_D_2262,Cc1csc2[nH+]c(CNc3cccc(OCC#N)c3)cc(=O)n12,0
ZINC08163390,ChEMBL_zinc_D_2263,COc1ccc(-n2c(SCC3CCOCO3)nnc2-c2ccccc2)cc1OC,0
ZINC03413552,ChEMBL_zinc_D_2264,Cc1cc(C(=O)CSc2nncs2)c(C)n1-c1cccc(F)c1,0
ZINC62303525,ChEMBL_zinc_D_2265,CC(NC(=O)Nc1ccccc1)C(=O)NC1CCCN(S(C)(=O)=O)C1,0
ZINC63268782,ChEMBL_zinc_D_2266,Cc1ccc(OCC(=O)Nc2cccc(C3[NH+]=c4ccccc4=[NH+]3)c2)cc1,0
ZINC57022057,ChEMBL_zinc_D_2267,CCCN(CCC)S(=O)(=O)N1CCCN(c2ncccc2C#N)CC1,0
ZINC20738025,ChEMBL_zinc_D_2268,C=C(C)CN1CC[NH+](C(C(=O)[O-])c2c[nH]c3cc(F)ccc32)CC1,0
ZINC66576995,ChEMBL_zinc_D_2269,O=C(CNS(=O)(=O)C1CCCCC1)N1CCN(c2ccc(Cl)cc2)CC1,0
ZINC66597454,ChEMBL_zinc_D_2270,CCCNC(=O)c1cccc(CNC(=O)NCC2(C)CCCC2)c1,0
ZINC69812784,ChEMBL_zinc_D_2271,CCn1c(Cn2c(=O)onc2-c2cccnc2)nc2c1cccc2F,0
ZINC69835958,ChEMBL_zinc_D_2272,CCCn1c2ccc(F)cc2nc1-c1ccncc1,0
ZINC65591163,ChEMBL_zinc_D_2273,CN(C)C(=O)N1CCC(C(=O)NCc2cccc(N(C)C)c2)CC1,0
ZINC55477526,ChEMBL_zinc_D_2274,CC(C)(C)OC(=O)N1CCC(C(=O)NC2C3CCCC2C[NH+](C2CC2)C3)CC1,0
ZINC02822002,ChEMBL_zinc_D_2275,Cc1cccc(OCCCC[NH2+]Cc2ccccc2)c1,0
ZINC00982704,ChEMBL_zinc_D_2276,CCOc1cc(CNc2ccccc2)ccc1OCc1ccc(F)cc1,0
ZINC36646134,ChEMBL_zinc_D_2277,CCN(C)c1ncnc2c1nnn2Cc1ccccc1,0
ZINC44955444,ChEMBL_zinc_D_2278,Cn1ncc2c1CCCC2NC(=O)NCCc1ccsc1,0
ZINC68071046,ChEMBL_zinc_D_2279,COc1ccc(Cl)cc1C(=O)NC(c1ccc(F)cc1)c1ccccn1,0
ZINC68087264,ChEMBL_zinc_D_2280,Cc1ccc(C(=O)NCC(=O)NC(C)Cn2cncn2)cc1C,0
ZINC63864380,ChEMBL_zinc_D_2281,CC(=O)c1ccc(S(=O)(=O)N(CC[NH+](C)C)c2ccccc2)cc1,0
ZINC64078569,ChEMBL_zinc_D_2282,CCCCc1cc(NC(=O)Cc2cccc(OC)c2)[nH]n1,0
ZINC58904592,ChEMBL_zinc_D_2283,CNS(=O)(=O)c1ccc(C)c(NC(=O)C=C(C)c2ccccc2)c1,0
ZINC59317760,ChEMBL_zinc_D_2284,Cc1noc(C)c1COc1ccc(C(=O)NCc2ccccc2OC2CCCC2)cc1,0
ZINC67534115,ChEMBL_zinc_D_2285,CC(COCC(F)(F)F)NC(=O)NC(C)c1ccc(Cl)cc1,0
ZINC67587129,ChEMBL_zinc_D_2286,Cc1cccc(NC(=O)C2CCN(C(=O)Nc3nnc(C(F)F)s3)CC2)n1,0
ZINC00893897,ChEMBL_zinc_D_2287,COc1ccc(S(=O)(=O)N(CC(=O)N2CCCCCC2)c2cc(C)cc(C)c2)cc1OC,0
ZINC61023116,ChEMBL_zinc_D_2288,CC(C)C(=O)NC1CC[NH+](C(C)C(=O)N2CCOCC2)CC1,0
ZINC69335168,ChEMBL_zinc_D_2289,CC(NC(=O)Nc1ccccc1SCCC(N)=O)c1ccc(Cl)s1,0
ZINC28923042,ChEMBL_zinc_D_2290,Cc1cccc2cc(C3NC(N)=Nc4nc5ccccc5n43)c(Cl)nc12,0
ZINC11643590,ChEMBL_zinc_D_2291,O=C(Cn1nc(-c2ccco2)oc1=O)Nc1ccc(Oc2ccccc2Cl)cc1,0
ZINC10925752,ChEMBL_zinc_D_2292,O=C(COc1ccccc1Cc1ccccc1)Nc1ccc(NC(=O)C2CC2)cc1,0
ZINC64458751,ChEMBL_zinc_D_2293,CCN(CC(=O)NC)C(=O)C[NH+](C)Cc1ccccc1,0
ZINC53008285,ChEMBL_zinc_D_2294,COCCOc1cccc(C(=O)Nc2ccc([N-]S(C)(=O)=O)cc2)c1,0
ZINC05155237,ChEMBL_zinc_D_2295,Cc1ccccc1CSc1nc(C)c(C)c(=O)[nH]1,0
ZINC56946222,ChEMBL_zinc_D_2296,COc1ccc(N2CCN(C(CNC(C)=O)c3ccco3)CC2)cc1,0
ZINC19113251,ChEMBL_zinc_D_2297,CC(NCc1c[nH]nc1-c1ccc(F)cc1F)c1ccncn1,0
ZINC67670099,ChEMBL_zinc_D_2298,CCOc1cc(C[NH2+]Cc2ccc(C)cc2)ccn1,0
ZINC55370809,ChEMBL_zinc_D_2299,CCOc1ccc(CN(CCOC)C(=O)c2nc3ccccc3[nH]2)cc1,0
ZINC01063108,ChEMBL_zinc_D_2300,CC(NC(=O)CSc1nnc(-c2ccccc2O)n1-c1ccccc1)c1ccccc1,0
ZINC58921505,ChEMBL_zinc_D_2301,CN1CC(C(=O)NCc2ccc(OCC[NH+](C)C)cc2)CC1=O,0
ZINC59345775,ChEMBL_zinc_D_2302,COc1ccccc1Cc1nnc([N-]S(=O)(=O)Cc2ccccc2Cl)s1,0
ZINC68402952,ChEMBL_zinc_D_2303,COc1ccc(C(C)NC(=O)N(C)C(C)c2ccccn2)c(OC)c1,0
ZINC68433428,ChEMBL_zinc_D_2304,Cn1c(=O)cc(C(=O)Nc2cccc(COCC3CC3)c2)c2ccccc21,0
ZINC11328250,ChEMBL_zinc_D_2305,CCCSc1nc(=O)c2sc3c(c2[nH]1)COC(C)(CC)C3,0
ZINC71954486,ChEMBL_zinc_D_2306,FC(F)(F)c1cnc(NCc2ccc(OCc3cccnc3)cc2)c(Cl)c1,0
ZINC66196973,ChEMBL_zinc_D_2307,CCC(C)[NH+](C)CCNC(=O)Nc1ccccc1OC(C)C,0
ZINC66212752,ChEMBL_zinc_D_2308,CCC(C)Oc1cccc(NC(=O)CNC(C)c2ccccc2)c1,0
ZINC55876908,ChEMBL_zinc_D_2309,COc1cc(Cl)c(C)cc1NC(=O)CNc1cccc(OCCCC#N)c1,0
ZINC55931348,ChEMBL_zinc_D_2310,COCCN(C)C(=O)c1cnn(-c2ccc(F)cc2)c1-n1cccc1,0
ZINC62108337,ChEMBL_zinc_D_2311,CCOCC1CCCN(C(=O)c2ccc(S(=O)(=O)N3CCCC3)cc2)C1,0
ZINC01130866,ChEMBL_zinc_D_2312,Cc1ccccc1NC(=O)C1CCN(S(=O)(=O)c2cc(Cl)ccc2Cl)CC1,0
ZINC67555495,ChEMBL_zinc_D_2313,COC(=O)c1ccccc1NC(=O)N1CC(C)OC(c2ccccc2)C1,0
ZINC67594369,ChEMBL_zinc_D_2314,N#Cc1ccc(NCC(=O)NC2CC2c2cccc(C(F)(F)F)c2)cc1,0
ZINC68367304,ChEMBL_zinc_D_2315,CCc1ccccc1OCC(=O)OCc1ccco1,0
ZINC68374426,ChEMBL_zinc_D_2316,CC(c1cccnc1)N(C)C(=O)NCCc1ccc(OC(F)F)cc1,0
ZINC59411694,ChEMBL_zinc_D_2317,Cc1ccccc1OCCC[NH+](C)C(C)C(=O)Nc1ccc2c(c1)OCO2,0
ZINC54295056,ChEMBL_zinc_D_2318,COc1cccc(-n2c(C)cc(C(=O)Nc3nccs3)c2C)c1,0
ZINC05267029,ChEMBL_zinc_D_2319,Cc1cc(OCC(=O)Nc2ccc3cn[nH]c3c2)ccc1C(C)C,0
ZINC13266438,ChEMBL_zinc_D_2320,O=C(CN1C(=O)COc2ccc(C(=O)c3cccs3)cc21)N1CCCC1,0
ZINC09317885,ChEMBL_zinc_D_2321,O=C(COc1cccc2ccccc21)NCc1cn2ccccc2n1,0
ZINC09507552,ChEMBL_zinc_D_2322,CCc1ccc(-n2c(SCC(=O)NCC3CCCCC3)nnc2-c2ccncc2)cc1,0
ZINC55007856,ChEMBL_zinc_D_2323,O=C(C=C(C1CC1)C1CC1)N1CCCC1c1ccc2c(c1)OCCO2,0
ZINC23362068,ChEMBL_zinc_D_2324,CCC[NH+]1CCC(N2CC([NH2+]Cc3cc(F)ccc3F)CC2C(=O)NCC)CC1,0
ZINC06912255,ChEMBL_zinc_D_2325,Cc1c(C)n(C)c2ccc(C(=O)N3CCN(c4cccc[nH+]4)CC3)cc12,0
ZINC00903054,ChEMBL_zinc_D_2326,Cc1ccc2cc(C)c3nnc(SCC(=O)NCc4ccco4)n3c2c1,0
ZINC67364755,ChEMBL_zinc_D_2327,CC(=O)NCC1CCCN(C(=O)c2sc3cc(F)ccc3c2Cl)C1,0
ZINC67485472,ChEMBL_zinc_D_2328,CNC(=O)C1CC[NH+](CC(O)Cn2c(=O)onc2-c2ccccc2)CC1,0
ZINC04347099,ChEMBL_zinc_D_2329,Cc1nnc2sc(SCc3ccc(Cl)c(Cl)c3)nn2c1=O,0
ZINC38632168,ChEMBL_zinc_D_2330,Cc1ccc(OCC(=O)NCC(c2ccco2)N2CCc3ccccc3C2)cc1,0
ZINC12923759,ChEMBL_zinc_D_2331,O=C(CCc1nc(-c2ccsc2)no1)N1CCC(c2nc3ccccc3o2)CC1,0
ZINC12936641,ChEMBL_zinc_D_2332,COc1ccccc1CNC(=O)C(C)[NH+]1CCCN(S(=O)(=O)c2ccc(F)cc2)CC1,0
ZINC37918749,ChEMBL_zinc_D_2333,CN(Cc1ccc(C(=O)[O-])cc1)S(=O)(=O)c1cnn(C)c1,0
ZINC08673230,ChEMBL_zinc_D_2334,CCOC(=O)c1c(C)[nH]c(C)c1S(=O)(=O)N1CCC(C(=O)NCc2ccc(F)cc2)CC1,0
ZINC66144286,ChEMBL_zinc_D_2335,Cc1cc(C)cc(C(=O)NCC(=O)N2CCC([NH+]3CCCC3)C2)c1,0
ZINC66230202,ChEMBL_zinc_D_2336,COc1ccc(OC(=O)C(C)NC(=O)C2CCC2)cc1,0
ZINC01896793,ChEMBL_zinc_D_2337,C=c1[nH]n(-c2ccccc2)c(=O)c1=Cc1ccc(-c2ccc(C(=O)[O-])cc2C)o1,0
ZINC00933783,ChEMBL_zinc_D_2338,O=S(=O)(NCC1CCCO1)c1ccc(S(=O)(=O)N(Cc2ccco2)Cc2ccccn2)cc1,0
ZINC12971376,ChEMBL_zinc_D_2339,COC(=O)c1ccc(NC(=O)C2CC2C)c(C)c1,0
ZINC12979576,ChEMBL_zinc_D_2340,Cc1noc(C)c1CCC(=O)OC(C)C(=O)Nc1ccc(S(=O)(=O)N2CCOCC2)cc1,0
ZINC03449578,ChEMBL_zinc_D_2341,O=C(NCc1cccc(C(F)(F)F)c1)c1ccccc1,0
ZINC00153422,ChEMBL_zinc_D_2342,O=C([O-])C1(c2ccccc2)CC(=O)c2ccccc21,0
ZINC48907195,ChEMBL_zinc_D_2343,CCC(C)NC(=O)c1ccc(CNC(=O)CNC(=O)c2ccccc2C)cc1,0
ZINC49272263,ChEMBL_zinc_D_2344,CCCNC(=O)c1cccc(CNC(=O)NCCC(C)(C)C)c1,0
ZINC43789551,ChEMBL_zinc_D_2345,NS(=O)(=O)Cc1ccc(NC(=O)Cn2cccc(C(F)(F)F)c2=O)cc1,0
ZINC44012960,ChEMBL_zinc_D_2346,CC(C)OCCCNC(=O)Nc1cccc(NC(=O)C(C)(C)C)c1,0
ZINC65381313,ChEMBL_zinc_D_2347,Cc1nc(C2CCC[NH+](CCO)C2)n(-c2cccc(C)c2C)n1,0
ZINC65464815,ChEMBL_zinc_D_2348,Cc1cc(OC(C)C)ccc1NC(=O)N1CC(C)OC(C)(C)C1,0
ZINC68126526,ChEMBL_zinc_D_2349,CCCCOc1ncccc1CNC(=O)Cn1nc(C)c(Cl)c1C,0
ZINC68149133,ChEMBL_zinc_D_2350,CC(=O)NCCCOC(=O)c1ccc(-c2ccc(F)cc2)o1,0
ZINC07280859,ChEMBL_zinc_D_2351,COc1ccc(COC(=O)c2ccc(-n3cncn3)cc2)cc1F,0
ZINC07376161,ChEMBL_zinc_D_2352,COc1ccc(CNS(=O)(=O)c2cc(Cl)ccc2Cl)cc1OC,0
ZINC20204141,ChEMBL_zinc_D_2353,COc1ccc(C(=O)C2CCC[NH+](Cc3ccc(N4CCNC4=O)cc3)C2)c(OC)c1,0
ZINC20485042,ChEMBL_zinc_D_2354,CCCN(C(=O)c1nn(C)c2c1CSc1ccccc1-2)c1ccccc1C,0
ZINC41843910,ChEMBL_zinc_D_2355,CCOc1ccc(C(=O)NCC(=O)NC2(c3ccccc3)CCC2)cc1,0
ZINC67620192,ChEMBL_zinc_D_2356,CNS(=O)(=O)c1cccc(CNC(=O)N(C)C(C)c2cccc(O)c2)c1,0
ZINC17043392,ChEMBL_zinc_D_2357,Cc1ccc(S(=O)(=O)C(CNC(=O)c2ccccc2)c2ccco2)cc1,0
ZINC33250746,ChEMBL_zinc_D_2358,Cc1noc(C=Cc2ccccc2F)c1S(=O)(=O)N1CCCC(C(=O)NC(C)C)C1,0
ZINC03670239,ChEMBL_zinc_D_2359,O=C(NCc1ccccc1)C1(O)c2ccccc2NC(=O)N1c1ccccc1,0
ZINC42377037,ChEMBL_zinc_D_2360,CCOC(=O)NCCC(=O)Nc1ccccc1-n1ccnc1,0
ZINC52072431,ChEMBL_zinc_D_2361,CC[NH+](Cc1csc(-c2ccco2)n1)CC1CCOC1,0
ZINC52441969,ChEMBL_zinc_D_2362,CC1CCN(C(=O)C2CC[NH+](CC(O)c3ccc(OC(F)F)cc3)CC2)CC1,0
ZINC62354303,ChEMBL_zinc_D_2363,O=C(Cc1ccc2c(c1)OCCO2)Nc1cccc(N2CCCS2(=O)=O)c1,0
ZINC57291664,ChEMBL_zinc_D_2364,COc1ccc(C(=O)Nc2cc(C(=O)N3CCOCC3)ccc2OC)cc1,0
ZINC57698949,ChEMBL_zinc_D_2365,COc1cccc(C(=O)N2CCC(NC(=O)C(Cc3cccc(C)c3)NC(C)=O)CC2)c1,0
ZINC05809773,ChEMBL_zinc_D_2366,CCOC(=O)C1CCCCN1C(=O)OCc1ccccc1,0
ZINC61380415,ChEMBL_zinc_D_2367,CCNC(=O)COc1ccc(NC(=O)CCC(=O)c2ccc(OC)cc2)cc1,0
ZINC48084368,ChEMBL_zinc_D_2368,CCc1ccccc1NC(=O)CN(C)C(=O)Nc1ccc(N2CCCC2)[nH+]c1,0
ZINC55632934,ChEMBL_zinc_D_2369,NS(=O)(=O)c1ccc(S(=O)(=O)[N-]c2ccccc2OC2CCCC2)cc1,0
ZINC55671921,ChEMBL_zinc_D_2370,CC(NC(=O)CSc1nnnn1C1CCCC1)c1ccccc1C(F)(F)F,0
ZINC45690686,ChEMBL_zinc_D_2371,CC(C)C(CNC(=O)Nc1ccc(F)c(C(N)=O)c1)c1ccccc1,0
ZINC45956715,ChEMBL_zinc_D_2372,COc1cc(C(C)NC(=O)Nc2ccc(F)cc2F)cc(OC)c1OC,0
ZINC63856588,ChEMBL_zinc_D_2373,Cc1cc(CN(C)C(=O)c2cc(-c3cnn(C(C)C)c3)nc3ccccc32)on1,0
ZINC63869054,ChEMBL_zinc_D_2374,C=CCC(C)(C)C1=Nc2cc3c(cc2=[NH+]1)NC(=O)[NH+]=3,0
ZINC67699418,ChEMBL_zinc_D_2375,CC(=O)N1CCN(CC[NH2+]Cc2cc(Cl)ccc2OC(F)F)CC1,0
ZINC67941621,ChEMBL_zinc_D_2376,Cc1cccc(C[NH2+]C(C)c2ccc(NC(N)=O)cc2)c1C,0
ZINC61411566,ChEMBL_zinc_D_2377,COc1ccc(CCCC(=O)Nc2nc3c(s2)CN(C)CC3)cc1,0
ZINC48159658,ChEMBL_zinc_D_2378,Cc1ccc(CNC(=O)c2cccc(CNC(=O)NCC(=O)NC(C)C)c2)cc1,0
ZINC41976292,ChEMBL_zinc_D_2379,Cc1ccc(S(=O)(=O)N2CCCC(C(=O)Nc3ccnn3C(C)C)C2)s1,0
ZINC01419171,ChEMBL_zinc_D_2380,O=C(Cn1nnc2ccccc21)N(Cc1cccnc1)C1(C(=O)Nc2ccc3c(c2)OCO3)CCCC1,0
ZINC45961977,ChEMBL_zinc_D_2381,CCNc1c2ccccc2oc(=O)c1NS(=O)(=O)c1cccc(Cl)c1C,0
ZINC46023704,ChEMBL_zinc_D_2382,CNC(=O)c1ccc(Cl)c(NC(=O)COc2ccc(F)cc2)c1,0
ZINC63334190,ChEMBL_zinc_D_2383,CC(=O)Nc1cc(NC(=O)c2[nH]c(C)c(C(C)=O)c2C)ccc1Cl,0
ZINC63398082,ChEMBL_zinc_D_2384,CCOCCOc1c(Cl)cccc1NC(=O)N(CCOC)Cc1ccco1,0
ZINC65315723,ChEMBL_zinc_D_2385,Cc1cc(C)cc(C(=O)N2CCC(c3ccn4ncc(C(=O)N5CCC(C)CC5)c4c3)CC2)c1,0
ZINC65361817,ChEMBL_zinc_D_2386,COc1ccc(NC(=O)NCCNc2cc(N3CCCC3)nc(C)n2)cc1,0
ZINC68272784,ChEMBL_zinc_D_2387,CCc1cc(C(=O)NCCCCn2c(C)cccc2=O)sc1C,0
ZINC57750505,ChEMBL_zinc_D_2388,CC(C)N(C(=O)Cc1ccc(F)cc1)C1CCCC1,0
ZINC28465006,ChEMBL_zinc_D_2389,Cc1c(C)c(Br)cc(C(=O)N(C)C)c1C,0
ZINC32623773,ChEMBL_zinc_D_2390,CC[NH+](CC)CCCN1C(=O)c2oc3ccc(Cl)cc3c(=O)c2C1c1ccc(SC)cc1,0
ZINC55638961,ChEMBL_zinc_D_2391,N#Cc1ccc(S(=O)(=O)NC2CC[NH+](Cc3ccc(F)cc3)CC2)cc1,0
ZINC55998082,ChEMBL_zinc_D_2392,Cc1ccc(-c2nnco2)cc1NC(=O)C1CC(=O)N(c2cc(F)cc(F)c2)C1,0
ZINC57324353,ChEMBL_zinc_D_2393,COc1ccccc1NC(C)C(=O)N1CCCC1,0
ZINC21822594,ChEMBL_zinc_D_2394,CCOC(=O)c1c(C)[nH]c(C(=O)CN2CCN(c3ccc(O)cc3)CC2)c1C,0
ZINC66457368,ChEMBL_zinc_D_2395,COC(C)C(=O)N(C)CC(C)c1ccccc1,0
ZINC66662179,ChEMBL_zinc_D_2396,CCC(C)C(=O)NCC(=O)Nc1ccnn1Cc1ccc(OC)c(OC)c1,0
ZINC00859847,ChEMBL_zinc_D_2397,Cc1ccc(-c2nnc(SCC(=O)Nc3ccccc3Br)o2)cc1,0
ZINC00336335,ChEMBL_zinc_D_2398,COc1cc(OC)cc(Oc2ccccc2C(=O)[O-])c1,0
ZINC72001647,ChEMBL_zinc_D_2399,CCCOc1c(Cl)cc(C(=O)Nc2nnc(-c3ccsc3)s2)cc1OC,0
ZINC72015687,ChEMBL_zinc_D_2400,Cc1ccc(O)c(NC(=O)c2ccc(Oc3cccc(Br)c3)nc2)c1,0
ZINC33169886,ChEMBL_zinc_D_2401,O=C(Cc1cccs1)Nc1nnc(C2CC(=O)N(c3ccc(Cl)cc3)C2)o1,0
ZINC03128226,ChEMBL_zinc_D_2402,CCOC(=O)Cn1c(-c2ccc(F)cc2)ccc(C#N)c1=O,0
ZINC20929542,ChEMBL_zinc_D_2403,CCCOc1ccc(Br)cc1C[NH2+]CCCCCO,0
ZINC23641095,ChEMBL_zinc_D_2404,Cc1ccccc1CNC(=O)c1ccc(O)cc1,0
ZINC71950515,ChEMBL_zinc_D_2405,Cc1cccc(OCC(O)C[NH+](C)CCCOc2ccccc2C)c1,0
ZINC07759498,ChEMBL_zinc_D_2406,Cc1ccc(C)c(OCC(=O)NCc2nc(-c3ccc(Cl)cc3)no2)c1,0
ZINC71079504,ChEMBL_zinc_D_2407,CCN(CC)C(=O)C[NH+](C)Cc1cccc(C[NH+](C)CC(=O)N(CC)CC)c1,0
ZINC41869622,ChEMBL_zinc_D_2408,CC(C)C(CNC(=O)c1cc2ccccc2o1)N1CCOCC1,0
ZINC13615601,ChEMBL_zinc_D_2409,O=C(CCCC(=O)OCCCc1ccccc1)Nc1cccc(C(=O)N2CCOCC2)c1,0
ZINC13711747,ChEMBL_zinc_D_2410,CCC(C(=O)N1CCN(c2cccc(C(F)(F)F)c2)CC1)N(c1ccccc1)S(C)(=O)=O,0
ZINC69869498,ChEMBL_zinc_D_2411,Cc1ccccc1OCCN1CCN(CC(O)c2ccccc2)CC1,0
ZINC69894925,ChEMBL_zinc_D_2412,Cc1c(C(=O)NCc2ccccc2)nnn1-c1cccc2c1CC[NH+](CCO)C2,0
ZINC32905102,ChEMBL_zinc_D_2413,Cn1ccnc1C(NC(=O)CCC(=O)c1ccc(Cl)s1)c1ccccc1F,0
ZINC32930434,ChEMBL_zinc_D_2414,CC(NC(=O)Cc1ccccc1Cl)c1cccc(OC(F)F)c1,0
ZINC20513257,ChEMBL_zinc_D_2415,O=C1CCCc2nc(N3CCN(Cc4ccccc4)CC3)ncc21,0
ZINC07563825,ChEMBL_zinc_D_2416,COc1ccc(NC(=O)COC(=O)CNC(=O)c2cccs2)cc1Cl,0
ZINC64779275,ChEMBL_zinc_D_2417,CC(OCC1CC1)C(=O)Nc1ccc(Br)cc1Cl,0
ZINC64790738,ChEMBL_zinc_D_2418,CCC(=O)Nc1nc2n(n1)C(c1c(F)cccc1Cl)CC(c1ccc(Cl)cc1)=N2,0
ZINC68105043,ChEMBL_zinc_D_2419,CN(CC[NH+](C)C1CCCCC1)C(=O)c1cccc(CC#N)c1,0
ZINC68133413,ChEMBL_zinc_D_2420,O=C(Cc1ccccc1)NCCC(=O)N1CCCC1C[NH+]1CCCCC1,0
ZINC67760282,ChEMBL_zinc_D_2421,Cc1noc(C)c1CNC(=O)NC1CCCCCC1,0
ZINC67809090,ChEMBL_zinc_D_2422,COC1CCCC(OC(=O)C(C)Oc2ccc(F)c(F)c2)C1,0
ZINC20613102,ChEMBL_zinc_D_2423,CCCS(=O)(=O)c1ccccc1C(=O)Nc1ccc(S(=O)(=O)[N-]c2ncccn2)cc1,0
ZINC20827369,ChEMBL_zinc_D_2424,O=C(C[NH+]1CCN(C(c2ccccc2)c2ccccc2)CC1)c1c[nH]c2ccccc12,0
ZINC00423377,ChEMBL_zinc_D_2425,CC(C)C(NS(=O)(=O)c1cccs1)C(=O)NC1CCCC1,0
ZINC20564484,ChEMBL_zinc_D_2426,COCCNC(=O)C1CCN(c2nnc(C)c3c(C)n(-c4ccc(OC)cc4)nc32)CC1,0
ZINC13121144,ChEMBL_zinc_D_2427,CC(NS(=O)(=O)c1ccc2c(c1)OCCCO2)C(=O)N1CCN(c2ncccn2)CC1,0
ZINC05147217,ChEMBL_zinc_D_2428,CCC(C)NC(=O)Cc1csc2nc(-c3ccc(F)cc3)cn12,0
ZINC62263814,ChEMBL_zinc_D_2429,CC(Oc1cccc(C#N)c1)C(=O)NCCc1cnn(C)c1,0
ZINC62277958,ChEMBL_zinc_D_2430,O=C(CCCOc1ccccc1Br)OCCn1cccn1,0
ZINC45877515,ChEMBL_zinc_D_2431,CC1CN(c2ccc(CNC(=O)N3CCCCCC3)c[nH+]2)CCO1,0
ZINC48156045,ChEMBL_zinc_D_2432,Cc1nn(C)c(C)c1-c1ccnc(NCCc2cccc(C)n2)n1,0
ZINC42070941,ChEMBL_zinc_D_2433,Cc1csc(=O)n1CCC(=O)N1CCCC(NS(C)(=O)=O)C1,0
ZINC42102768,ChEMBL_zinc_D_2434,CCC1CCCN(c2ncnc3c2cnn3C)C1,0
ZINC58261609,ChEMBL_zinc_D_2435,Cc1cnn(CCC(=O)N2CCCCCC2c2ccncc2)c1,0
ZINC58395706,ChEMBL_zinc_D_2436,COc1cc(CNCc2cscn2)ccn1,0
ZINC67728758,ChEMBL_zinc_D_2437,Cc1cc(C(C)NC(=O)NCc2ccc(S(N)(=O)=O)s2)c(C)o1,0
ZINC67751943,ChEMBL_zinc_D_2438,CCc1nc(CN(C)C(=O)NCCSc2ccccc2)cs1,0
ZINC22935936,ChEMBL_zinc_D_2439,CCN1CCCC1C[NH2+]Cc1ccc(C)cc1,0
ZINC32825591,ChEMBL_zinc_D_2440,CC(C)CCCC(C)NS(=O)(=O)c1cc2c(cc1Br)NC(=O)CO2,0
ZINC69776672,ChEMBL_zinc_D_2441,CCc1nnc2n1CCN(c1cccc(F)c1C#N)C2,0
ZINC69856102,ChEMBL_zinc_D_2442,CC(=O)N1CCC(C(=O)Oc2cccc(F)c2C#N)(c2ccccc2)CC1,0
ZINC66162347,ChEMBL_zinc_D_2443,COCCNC(=O)Nc1cc(C(=O)OC(C)C)ccc1Cl,0
ZINC66198841,ChEMBL_zinc_D_2444,COCCOc1ccc(NC(=O)C(C)c2ccc(CC(C)C)cc2)cc1,0
ZINC09571173,ChEMBL_zinc_D_2445,COc1ccc(S(=O)(=O)NCc2nnnn2-c2ccccc2)cc1C,0
ZINC09599957,ChEMBL_zinc_D_2446,COc1ccc(CCNC(=O)CSc2nnc(NC(=O)c3cccc(F)c3)s2)cc1OC,0
ZINC38697797,ChEMBL_zinc_D_2447,Cc1nnsc1C(=O)Nc1ccc(N2CCCCC2=O)c(C)c1,0
ZINC38757621,ChEMBL_zinc_D_2448,O=C(CC1CCCCC1)OCc1cc(-c2ccc3c(c2)OCCO3)on1,0
ZINC39954313,ChEMBL_zinc_D_2449,COc1cc(C#N)ccc1OC1CC(C(=O)[O-])N(C(=O)OC(C)(C)C)C1,0
ZINC40087395,ChEMBL_zinc_D_2450,CCOCCCNC(=O)c1cc(-c2cccc(Cl)c2)on1,0
ZINC41130735,ChEMBL_zinc_D_2451,COc1ccc(CCC(=O)N2CCC(C(N)=O)C2)cc1Cl,0
ZINC65540239,ChEMBL_zinc_D_2452,Cc1cccc(CNC(=O)NCC2(c3ccccc3)CC2)n1,0
ZINC55598445,ChEMBL_zinc_D_2453,CC(=O)N1c2ccc(S(=O)(=O)Nc3cccc(OC(F)F)c3)cc2CC1C,0
ZINC56188942,ChEMBL_zinc_D_2454,CCOCCOCc1cccc(NC(C)C(=O)Nc2cccc(C)c2)c1,0
ZINC70828431,ChEMBL_zinc_D_2455,CS(=O)(=O)Oc1cccc(I)c1,0
ZINC71763648,ChEMBL_zinc_D_2456,O=C([O-])C1(Cc2ccc(F)cc2F)CCC[NH+](Cc2ccncc2)C1,0
ZINC66228003,ChEMBL_zinc_D_2457,CNC(=O)c1ccc(NC(=O)CNc2ccc(OCCOc3ccccc3)cc2)cc1,0
ZINC66233907,ChEMBL_zinc_D_2458,Cn1cc[nH+]c1CCNC(=O)NCc1ccc(NC(=O)c2ccncc2)cc1,0
ZINC48252050,ChEMBL_zinc_D_2459,COc1ccc(SC(C)C(=O)NCc2ccnc(-n3cccn3)c2)cc1,0
ZINC48656003,ChEMBL_zinc_D_2460,O=S(=O)(Nc1cccc2c1OCCO2)c1ccccc1,0
ZINC02166072,ChEMBL_zinc_D_2461,CC(O)C(C)(C)Cc1ccccc1,0
ZINC46031034,ChEMBL_zinc_D_2462,Cc1cc(N(C)C)ccc1NC(=O)N1CCC(Cc2ccccc2)CC1,0
ZINC66237452,ChEMBL_zinc_D_2463,CCc1cccc(OCC(O)CSc2ccccn2)c1,0
ZINC66271001,ChEMBL_zinc_D_2464,O=C(c1ccc(OCC2CC2)nc1)N1CCSc2ccccc21,0
ZINC67602701,ChEMBL_zinc_D_2465,CCOC1CCCN(C(=O)NCCNS(=O)(=O)CC)C1,0
ZINC67714449,ChEMBL_zinc_D_2466,Cc1cc(C)c(CN2CCC(C[NH3+])C2)cc1Cn1cncn1,0
ZINC66316334,ChEMBL_zinc_D_2467,CC1CCCC[NH+]1CCNC(=O)c1nc(S(C)(=O)=O)n2ccccc12,0
ZINC66325644,ChEMBL_zinc_D_2468,CC(C)c1cccc(C(C)C)c1NC(=O)C(C)NC(=O)c1ccccc1Cl,0
ZINC63755647,ChEMBL_zinc_D_2469,CC[NH+](CCc1cccs1)CC(=O)Nc1ccc(NC(C)=O)cc1,0
ZINC63760428,ChEMBL_zinc_D_2470,CC(CNC(=O)c1ccn(-c2cccc(Cl)c2)n1)Cn1cccn1,0
ZINC07241484,ChEMBL_zinc_D_2471,CC(C(=O)Nc1cccc(C#N)c1)[NH+]1CCN(c2cccc(C(F)(F)F)c2)CC1,0
ZINC07708663,ChEMBL_zinc_D_2472,COc1cc(Cl)c(C)cc1NS(=O)(=O)c1ccc(N2CCCC2=O)cc1,0
ZINC14244089,ChEMBL_zinc_D_2473,N#Cc1ccccc1S(=O)(=O)N1CCN(C(=O)c2ccc(-c3ccccc3Cl)o2)CC1,0
ZINC14268879,ChEMBL_zinc_D_2474,CC1CCCCN1c1ccc(NC(=O)c2ccc(Cl)cc2)cc1,0
ZINC68156967,ChEMBL_zinc_D_2475,Cc1nn(C)cc1C(C)NC(=O)c1cc(C(C)C)nc2c1cnn2C(C)C,0
ZINC49931570,ChEMBL_zinc_D_2476,COc1cc(CN(C)C(=O)CCNC(C)=O)ccc1OC(F)F,0
ZINC56943897,ChEMBL_zinc_D_2477,CSc1ccc(CNC(=O)NC2CC[NH+](Cc3ccccc3)C2)cc1,0
ZINC72039718,ChEMBL_zinc_D_2478,O=C(NCCc1cc(Br)ccc1F)NCc1ccccc1CN1CCOCC1,0
ZINC72000005,ChEMBL_zinc_D_2479,O=C(CCOCc1ccccc1)OCc1cccs1,0
ZINC72046193,ChEMBL_zinc_D_2480,CCCS(=O)(=O)N1CCCC1C(=O)NCc1ccccc1Oc1ccccc1,0
ZINC01748826,ChEMBL_zinc_D_2481,CC(=O)c1ccc(OCc2ccccc2)cc1O,0
ZINC02875970,ChEMBL_zinc_D_2482,CCc1ccc2occ(CC(=O)Nc3ccc(C(=O)OC)cc3)c2c1,0
ZINC02272026,ChEMBL_zinc_D_2483,CCOC(=O)C(CC(=O)c1ccccc1)CC(=O)c1ccccc1,0
ZINC08609492,ChEMBL_zinc_D_2484,CCn1ccc2cc(S(=O)(=O)N3CCC(C(=O)NCc4ccc(OC(C)C)cc4)CC3)ccc21,0
ZINC68301908,ChEMBL_zinc_D_2485,CCC1CCCC[NH+]1CC(=O)Nc1ccc(C)cc1,0
ZINC68449351,ChEMBL_zinc_D_2486,CC(C)[NH+](Cc1nnnn1-c1ccc(C(F)(F)F)cc1)C1CCCC1,0
ZINC02102580,ChEMBL_zinc_D_2487,CCC(=O)N(CCC(Cc1ccccc1)c1ccco1)Cc1ccco1,0
ZINC05991402,ChEMBL_zinc_D_2488,CCOc1ccc(OCCOC(=O)CNC(=O)c2ccc(Cl)cc2Cl)cc1,0
ZINC13063099,ChEMBL_zinc_D_2489,Cc1csc(C(C#N)C(=O)CSc2nc(-c3ccc(Br)cc3)nc3ccccc32)n1,0
ZINC06348634,ChEMBL_zinc_D_2490,CC(C)Oc1ccc(C(=O)Nc2ccc(S(=O)(=O)N3CCCCC3c3cccnc3)cc2)cc1,0
ZINC39930930,ChEMBL_zinc_D_2491,COC(=O)NCCOc1cnn(-c2ccccc2Cl)c(=O)c1Cl,0
ZINC39957829,ChEMBL_zinc_D_2492,CCOC(=O)C1=C(C)C(C(=O)CSc2nccn2-c2cccc(F)c2)=NC1C,0
ZINC70874569,ChEMBL_zinc_D_2493,CC(C)C(=O)N1CCCC1C(=O)NCCCOC1CCCc2ccccc21,0
ZINC70956717,ChEMBL_zinc_D_2494,Cc1nc(CC(=O)NC2(c3ccccc3)CCCCC2)cs1,0
ZINC67759852,ChEMBL_zinc_D_2495,Cc1noc(C)c1CNC(=O)NCC(c1ccco1)[NH+]1CCCCC1,0
ZINC67794671,ChEMBL_zinc_D_2496,COc1ccc(CN(C(=O)CC(C)C(C)C)C2CC2)cc1,0
ZINC65486324,ChEMBL_zinc_D_2497,COC(=O)CC(NC(=O)NC(C)c1c(C)nn(C)c1C)c1ccc(OC)cc1,0
ZINC65500756,ChEMBL_zinc_D_2498,Cc1cc(C(C)NC(=O)NCC(=O)N(C)C)c(C)o1,0
ZINC67177351,ChEMBL_zinc_D_2499,COc1ccc2c(c1)[nH]cc(C(=O)N1CCOC(c3cccc(F)c3)C1)c2=O,0
ZINC67208378,ChEMBL_zinc_D_2500,C[NH+](C)C1Cc2ccccc2N(C(=O)c2ccc(C#N)cn2)C1,0
ZINC68844317,ChEMBL_zinc_D_2501,CC(=O)N1CCN(CCNC(=O)CCc2ccccn2)CC1,0
ZINC21873480,ChEMBL_zinc_D_2502,CC(C)CNC(=O)CCNS(=O)(=O)c1ccccc1Cl,0
ZINC67722636,ChEMBL_zinc_D_2503,CC(C(=O)NCc1ccc(Cl)cc1)S(=O)(=O)c1nncn1C1CC1,0
ZINC67745638,ChEMBL_zinc_D_2504,Cc1nn(C)c2nc(-c3ccco3)cc(C(=O)Nc3nc4ncccn4n3)c12,0
ZINC67433236,ChEMBL_zinc_D_2505,Cc1ccc(OCC(C)NS(=O)(=O)N2CCCC(C)C2)cc1,0
ZINC67499555,ChEMBL_zinc_D_2506,CCCC(C)N1CC(C(=O)NCc2cc(C)on2)CC1=O,0
ZINC65492872,ChEMBL_zinc_D_2507,Cc1nc(CSc2ccccc2C(=O)Nc2ccc[nH]c2=O)no1,0
ZINC65526582,ChEMBL_zinc_D_2508,Cc1ccc(-c2nc(NC(C)Cc3cnccn3)ncc2-c2cncnc2)cc1,0
ZINC27961728,ChEMBL_zinc_D_2509,CC(C)C(NS(=O)(=O)N(C)CCC#N)c1ccc(F)cc1,0
ZINC32643662,ChEMBL_zinc_D_2510,CC(C)(C)c1noc(CCCC(=O)Nc2ccc(F)cc2)n1,0
ZINC68829604,ChEMBL_zinc_D_2511,COc1cc(C[NH+]2CCC(NC(=O)OC(C)(C)C)C2)ccc1SC,0
ZINC69016612,ChEMBL_zinc_D_2512,Cc1ccc(NC(=O)NCC2CCC[NH+](CC(=O)NC(C)C)C2)cc1,0
ZINC16037872,ChEMBL_zinc_D_2513,CC(=O)Nc1ccc(S(=O)(=O)NC(C)C(=O)C=[N+]=[N-])cc1,0
ZINC62485380,ChEMBL_zinc_D_2514,C#CCN(Cc1ccc(F)cc1)C(=O)NCc1ccccc1Cn1cncn1,0
ZINC70782739,ChEMBL_zinc_D_2515,CC(OC1CCCC1)C(=O)Nc1cccc(OCC#N)c1,0
ZINC70856429,ChEMBL_zinc_D_2516,CC(C)[NH+]1CCC(NC(=O)CCCn2cncn2)C1,0
ZINC12493443,ChEMBL_zinc_D_2517,O=c1[nH]cnc2c1ncn2C1CC(O)C(CO)O1,0
ZINC03908841,ChEMBL_zinc_D_2518,CSc1ccccc1NC(=O)c1cc(C(C)C)on1,0
ZINC56953518,ChEMBL_zinc_D_2519,Cc1ccccc1OCCN(C)C(=O)NCc1ccccc1N1CCCC1,0
ZINC56975202,ChEMBL_zinc_D_2520,COCCCNC(=O)NC1CC[NH+](Cc2cccc(OC)c2)CC1,0
ZINC40012692,ChEMBL_zinc_D_2521,Cc1cccc(-c2nnc(C(C)Sc3ccccc3Br)o2)c1,0
ZINC40072685,ChEMBL_zinc_D_2522,Cc1cc2cc(NC(=O)c3ccc(F)cc3Br)ccc2[nH]1,0
ZINC54751997,ChEMBL_zinc_D_2523,COc1ccccc1C(C)NC(=O)NCCC(=O)NC1CCCC1,0
ZINC54782714,ChEMBL_zinc_D_2524,COCc1cccc(CNC(=O)NCc2ccc(C)c(OC)c2)c1,0
ZINC51766283,ChEMBL_zinc_D_2525,CC1CC[NH+](CC(=O)N2CCC(C(=O)N3CCOCC3)CC2)C2CCCCC12,0
ZINC03172159,ChEMBL_zinc_D_2526,CCC1CC(CNC(=O)N2CCOCC2)C1(C)C,0
ZINC31203173,ChEMBL_zinc_D_2527,CNC(=O)Cc1ccc(NC(=O)c2ccc3[nH]cnc3c2)cc1,0
ZINC03569932,ChEMBL_zinc_D_2528,COc1ccc(NC(=O)CNC(=O)c2ccccc2OC)cc1Cl,0
ZINC57886564,ChEMBL_zinc_D_2529,O=C(NCCCc1nc(-c2ccncc2)cs1)c1nccc2ccccc21,0
ZINC24191566,ChEMBL_zinc_D_2530,CN(Cc1ccccc1N1CCOCC1)C(=O)c1cc(Cl)ccc1O,0
ZINC44976031,ChEMBL_zinc_D_2531,c1cnc(N2CCC(Nc3nc4ccccc4o3)CC2)nc1,0
ZINC45026786,ChEMBL_zinc_D_2532,Cc1nnc(NC(C)c2ccc(NC(=O)C3CC3)cc2)c(C#N)c1C,0
ZINC71954799,ChEMBL_zinc_D_2533,CC(C)[NH+](C)Cc1ccccc1CNc1ccc(C#N)cn1,0
ZINC72009366,ChEMBL_zinc_D_2534,CC(NC(=O)CCSc1ccc(Cl)cc1)c1ccc(NC(N)=O)cc1,0
ZINC41689377,ChEMBL_zinc_D_2535,CCOc1ccc(C[NH2+]C(C)C(=O)[O-])cc1OC,0
ZINC42224762,ChEMBL_zinc_D_2536,CCCNC(=O)CSc1nnc(SC(C)C(=O)NC(C)CCC)s1,0
ZINC65527100,ChEMBL_zinc_D_2537,CC(CNC(=O)CCCc1nc(-c2ccco2)no1)N(C)c1ccccc1,0
ZINC65595005,ChEMBL_zinc_D_2538,Cc1ccc(C(C)NC(=O)NCCNc2ncccc2C#N)cc1,0
ZINC70739920,ChEMBL_zinc_D_2539,C=CCNC(=O)C(C)NC(C)c1ccc2c(c1)OCCO2,0
ZINC06941294,ChEMBL_zinc_D_2540,Cc1ccc(Nc2nc(N3CC(C)OC(C)C3)nc3c2cnn3C)cc1Cl,0
ZINC54813159,ChEMBL_zinc_D_2541,Cn1cc(CNC(=O)NCc2cccnc2Oc2cccc(F)c2)cn1,0
ZINC65574539,ChEMBL_zinc_D_2542,Cc1ccc(CCNC(=O)CCc2ncc(-c3ccccc3)o2)c(C)c1,0
ZINC67744008,ChEMBL_zinc_D_2543,O=C(Nc1ccccc1C(=O)NCC[NH+]1Cc2ccccc2C1)c1ccsc1,0
ZINC67757905,ChEMBL_zinc_D_2544,Cc1noc(C)c1CNC(=O)c1cccc(OCc2ccccc2)c1,0
ZINC43953090,ChEMBL_zinc_D_2545,CCS(=O)(=O)c1ccc(NC(=O)NCC(C)(C)N2CCOCC2)cc1,0
ZINC43962402,ChEMBL_zinc_D_2546,CC(C)CS(=O)(=O)NCC1CCN(C(=O)c2ccccc2F)CC1,0
ZINC47364682,ChEMBL_zinc_D_2547,CC(=O)N1CCN(C(=O)COc2cccc(S(C)(=O)=O)c2)CC1,0
ZINC65608329,ChEMBL_zinc_D_2548,Cc1nn(-c2ccc(S(C)(=O)=O)cc2)c2c1CCCC2,0
ZINC65580920,ChEMBL_zinc_D_2549,CCOC(=O)N1CCC(NC(=O)COc2ccc(CC(N)=O)cc2)CC1,0
ZINC46050195,ChEMBL_zinc_D_2550,O=C(NCC(C1CCOC1)N1CCOCC1)c1n[nH]c2ccccc21,0
ZINC58534285,ChEMBL_zinc_D_2551,CN(C)C(=O)CN(CC(F)(F)F)C(=O)CCCOc1ccccc1F,0
ZINC58855394,ChEMBL_zinc_D_2552,CC(O)CNS(=O)(=O)c1ccc(C(=O)NCC2CCCC2)cc1,0
ZINC69434564,ChEMBL_zinc_D_2553,COc1cc2c(c(C[NH2+]CC3CC[NH+](CC(C)O)CC3)c1)OC(C)C2,0
ZINC58271778,ChEMBL_zinc_D_2554,CC(C)(C)C(=O)NCCC(=O)Nc1ccc2[nH]c(Cc3ccccc3F)nc2c1,0
ZINC67355770,ChEMBL_zinc_D_2555,O=C(NCCCC[NH+]1CCCC1)Nc1cccc(SC(F)F)c1,0
ZINC67602154,ChEMBL_zinc_D_2556,CCOc1ccc(S(=O)(=O)Nc2ccc(N3CC[NH+](C)CC3)cc2)cc1,0
ZINC62457020,ChEMBL_zinc_D_2557,COc1ccccc1CCNC(=O)Nc1ccc(N(C)C(C)=O)cc1,0
ZINC01144097,ChEMBL_zinc_D_2558,COc1ccc(N(CC(=O)Nc2ccccc2-c2ccccc2)S(C)(=O)=O)cc1,0
ZINC32827209,ChEMBL_zinc_D_2559,Cc1sc(NC(=O)c2ccc(S(=O)(=O)N3CCCCC3)o2)c(C#N)c1C,0
ZINC32958220,ChEMBL_zinc_D_2560,COc1ccc(C(N)=O)c(OC(C)C(=O)NC2CCCc3ccccc32)c1,0
ZINC56987254,ChEMBL_zinc_D_2561,Cc1noc(CSc2ccccc2C(=O)NC(C)C[NH+]2CCCC(C)C2)n1,0
ZINC57706244,ChEMBL_zinc_D_2562,CCCCCNS(=O)(=O)c1cccc(C)c1,0
ZINC59419840,ChEMBL_zinc_D_2563,CCCCc1c(C)nc2nc(SCC(=O)NC3CCCCC3C)nn2c1C,0
ZINC13735148,ChEMBL_zinc_D_2564,CC[NH2+]CCCNCc1ccc(OCc2ccc(F)cc2Cl)c(OC)c1,0
ZINC57181224,ChEMBL_zinc_D_2565,O=C(NCCCc1ccccc1)C1(c2ccc(Cl)cc2)CCOCC1,0
ZINC58040066,ChEMBL_zinc_D_2566,Cc1cc(NC(=O)NC(c2nccn2C)c2ccccc2)ccc1-n1cnnn1,0
ZINC62362620,ChEMBL_zinc_D_2567,CC(=O)c1cccc(OCC(O)C[NH+]2CCCC2C(=O)N2CCOCC2)c1,0
ZINC62427731,ChEMBL_zinc_D_2568,O=C(Nc1cn[nH]c1)N1CCN(C(=O)Oc2ccccc2)CC1,0
ZINC67325439,ChEMBL_zinc_D_2569,CCOc1ccc(F)cc1NC(=O)N(C)CCCOC,0
ZINC67728424,ChEMBL_zinc_D_2570,CC[NH+](CC)C1CCN(C(=O)NC(C)c2cc(C)oc2C)CC1,0
ZINC65383591,ChEMBL_zinc_D_2571,[NH3+]CCc1nc2ccccc2c(NC2CC(=O)N(Cc3ccccc3)C2)n1,0
ZINC65395543,ChEMBL_zinc_D_2572,O=C1CC(CCc2ccccc2)c2cn(Cc3ccccc3)nc2N1,0
ZINC70860116,ChEMBL_zinc_D_2573,CC(C)[NH+]1CCC(NC(=O)c2ccc(Cl)cc2N2CCCC2=O)C1,0
ZINC70973078,ChEMBL_zinc_D_2574,COc1ccccc1C(NC(=O)c1ccc(SC)nc1)c1noc(C)n1,0
ZINC04599881,ChEMBL_zinc_D_2575,CC(C)CC1OCC2(COC(=O)c3cccnc3)COC(CC(C)C)[NH+]12,0
ZINC42371776,ChEMBL_zinc_D_2576,CC(Cc1ccsc1)NCc1ccncc1,0
ZINC66256379,ChEMBL_zinc_D_2577,CC(C)CNC(=O)c1cccc(CSc2nnc(NC3CC3)s2)c1,0
ZINC66261929,ChEMBL_zinc_D_2578,c1csc(Cc2nnc(SCc3ccccc3)o2)c1,0
ZINC32761099,ChEMBL_zinc_D_2579,COc1cccc(C(=O)N2CC[NH+](CCCO)CC2)c1,0
ZINC33263698,ChEMBL_zinc_D_2580,COc1ccccc1NC(=O)NCCc1nc2cccnc2n1C1CCCCC1,0
ZINC69173619,ChEMBL_zinc_D_2581,COc1ccc(C[NH2+]C(c2ccc(F)cc2)c2ccccn2)c(O)c1,0
ZINC69199544,ChEMBL_zinc_D_2582,COc1ccccc1N1CC(C(=O)OCC(C)C)CC1=O,0
ZINC41024273,ChEMBL_zinc_D_2583,Cc1oc2ncn(Cc3ccco3)c(=O)c2c1C(=O)Nc1ccc(Cl)c(Cl)c1,0
ZINC41057855,ChEMBL_zinc_D_2584,Cc1cccc2c(NC(=O)CCc3ccccc3)ccnc12,0
ZINC67146456,ChEMBL_zinc_D_2585,O=C(NCC(O)COc1ccc(F)cc1)c1cccc(Br)c1,0
ZINC67216862,ChEMBL_zinc_D_2586,CCN(CC)C(=O)CSc1nc2ccsc2c(=O)n1-c1cc(C)ccc1C,0
ZINC59749378,ChEMBL_zinc_D_2587,COCC(=O)N1CCC(C(=O)Nc2nnc(CCNS(=O)(=O)c3ccc(C)cc3)s2)CC1,0
ZINC50364981,ChEMBL_zinc_D_2588,CS(=O)(=O)c1nc(C(=O)NCc2cccc(OC(F)F)c2)c2ccccn21,0
ZINC48332648,ChEMBL_zinc_D_2589,CC(C)C(NC(=O)N1CCCC(c2nncn2C)C1)c1cccs1,0
ZINC65503369,ChEMBL_zinc_D_2590,CCCOC1CCCN(C(=O)c2cc(C)nc3c2c(=O)[nH]n3C)C1,0
ZINC68765335,ChEMBL_zinc_D_2591,CC(C(=O)NC1CC[NH+](CC(F)F)CC1)c1ccc2c(c1)OCCO2,0
ZINC07682447,ChEMBL_zinc_D_2592,O=C(CSc1nnnn1-c1ccc(O)cc1)NCCc1ccccc1,0
ZINC14596200,ChEMBL_zinc_D_2593,COCCOc1ccc(C(F)(F)F)cc1NC(=O)c1ccc(=O)n(C)n1,0
ZINC14734573,ChEMBL_zinc_D_2594,COc1ccc(CCNC(=O)COc2cc(Cl)cc(Cl)c2)cc1,0
ZINC65276078,ChEMBL_zinc_D_2595,CCCOc1ccc(C[NH2+]CCCNS(=O)(=O)CC)cc1,0
ZINC65502084,ChEMBL_zinc_D_2596,CCCCCNC(=O)c1ccc(N(CC)CC)nc1,0
ZINC55614150,ChEMBL_zinc_D_2597,COc1ccc(-n2ccc(CNC(=O)CCCOCCc3ccccc3)n2)cc1,0
ZINC65717628,ChEMBL_zinc_D_2598,Cc1ccc(NC(=O)CCc2nc(-c3ccco3)no2)c(OCC2CCCO2)c1,0
ZINC68283209,ChEMBL_zinc_D_2599,O=C(NCCCn1cncn1)c1cc[nH]c1,0
ZINC72008905,ChEMBL_zinc_D_2600,O=C(NC(C(=O)NCc1cccnc1Oc1cccc(F)c1)c1ccccc1)c1ccccc1,0
ZINC33271810,ChEMBL_zinc_D_2601,COc1ccc(-c2cc(C(F)(F)F)n3nc(C(=O)Nc4ccccc4OC)nc3n2)cc1,0
ZINC33278393,ChEMBL_zinc_D_2602,O=C(Nc1ccc(F)cc1F)N1CCC(n2cnc3cc(F)ccc3c2=O)CC1,0
ZINC65386252,ChEMBL_zinc_D_2603,COC(=O)CCCCCCNC(=O)NCCCCOCc1ccccc1,0
ZINC65904403,ChEMBL_zinc_D_2604,CCC(C)C(=O)NCC(=O)N(CCC[NH+](C)C)Cc1ccccc1,0
ZINC72154283,ChEMBL_zinc_D_2605,O=C(c1ccc2c(c1)CCCO2)N1CCC2[NH2+]CCCC2(CO)C1,0
ZINC07617958,ChEMBL_zinc_D_2606,Cc1nnc(SC(C(=O)N2CCOCC2)c2ccccc2)n1C1CC1,0
ZINC64067645,ChEMBL_zinc_D_2607,COC(=O)CCN1CCN(C(=O)CNC(=O)OCc2ccccc2)CC1,0
ZINC65958925,ChEMBL_zinc_D_2608,COCC[NH+](CCCc1ccccc1)CC(=O)c1c[nH]c(C(=O)N2CCCC2)c1,0
ZINC20873481,ChEMBL_zinc_D_2609,CCCCCC[NH2+]Cc1cc(Cl)ccc1OCC(=O)NC(C)(C)C,0
ZINC37564768,ChEMBL_zinc_D_2610,CCOC(=O)CNC(=O)c1ccc(C[NH+](C)C)cc1,0
ZINC09410663,ChEMBL_zinc_D_2611,O=C(NCc1cccnc1)c1cnn2c1NC(c1ccc(F)cc1)CC2C(F)(F)F,0
ZINC18191180,ChEMBL_zinc_D_2612,Cc1nc(SCC(=O)Nc2ccc(C(=O)[O-])cc2)[nH]c(=O)c1Cc1ccccc1Cl,0
ZINC54759013,ChEMBL_zinc_D_2613,COc1ccc(OC)c(CCNC(=O)N2CCCCC2C)c1,0
ZINC65500971,ChEMBL_zinc_D_2614,N#CC(COC(=O)C1CCCC1)Cc1ccc(F)cc1,0
ZINC58161597,ChEMBL_zinc_D_2615,CS(=O)(=O)c1cccc(C(=O)OCc2ccc(OC(F)F)cc2)c1,0
ZINC58444382,ChEMBL_zinc_D_2616,Cc1noc(C)c1CC(=O)Nc1cc(C(C)(C)C)nn1-c1cccc(Cl)c1,0
ZINC67785576,ChEMBL_zinc_D_2617,CCc1ncc2c(n1)CN(c1nc(C)ncc1C)C2,0
ZINC06608110,ChEMBL_zinc_D_2618,O=C(c1cn2ccccc2n1)N(Cc1nnc(-c2ccccc2Cl)o1)C1CC1,0
ZINC11483652,ChEMBL_zinc_D_2619,Cc1cc(C)cc(N(CCC#N)C(=O)C[NH+](C)CCO)c1,0
ZINC71103465,ChEMBL_zinc_D_2620,CC(OC1CCCC1)C(=O)NCc1nnc2n1CCCCC2,0
ZINC63741973,ChEMBL_zinc_D_2621,CN(CC1CC1)C(=O)C[NH+](C)Cc1cc(Br)ccc1F,0
ZINC64129517,ChEMBL_zinc_D_2622,CCC(C(=O)Nc1cc(C)on1)N1CC[NH+](CC2CCCCC2)CC1,0
ZINC54654274,ChEMBL_zinc_D_2623,O=C(CCNC(=O)C1CCCOC1c1ccccc1)N1CCOCC1,0
ZINC64370640,ChEMBL_zinc_D_2624,Cc1noc(Cl)c1CCC(=O)N(C)C1CCC(C)CC1,0
ZINC29884080,ChEMBL_zinc_D_2625,CC(Oc1ccccc1)C(=O)Nc1ccc(NC(=O)CN2CCOCC2)cc1,0
ZINC31311571,ChEMBL_zinc_D_2626,COc1ccccc1COC(=O)c1cc(S(=O)(=O)N2CCCC2)cn1C,0
ZINC54411040,ChEMBL_zinc_D_2627,CC1CC(C)C[NH+](C(C)(C)CNC(=O)Nc2ccc(N3CCOCC3)[nH+]c2)C1,0
ZINC55617715,ChEMBL_zinc_D_2628,CCOc1cc(C)ccc1NC(=O)CCNC(=O)C12CC3CC(CC(C3)C1)C2,0
ZINC66948650,ChEMBL_zinc_D_2629,C[NH+](C)CC1CCCCN1C(=O)CC1CCCCC1,0
ZINC67406232,ChEMBL_zinc_D_2630,CC(CC#N)NC(C)c1cccc(N2CCCC2=O)c1,0
ZINC67300771,ChEMBL_zinc_D_2631,O=C(CCCCCc1cccs1)N1CCN(C(=O)C[NH+]2CCCC2)CC1,0
ZINC67391299,ChEMBL_zinc_D_2632,COC(=O)CCCCCNC(=O)N1CCOC(c2ccccc2F)C1,0
ZINC61256144,ChEMBL_zinc_D_2633,Cc1nn(CC(=O)NCCCOC2CCCC2)c(=O)c2ccccc12,0
ZINC61434013,ChEMBL_zinc_D_2634,CCCN(CCc1ccccn1)C(=O)COCCc1ccccc1,0
ZINC61174268,ChEMBL_zinc_D_2635,COc1ccc(C)cc1CN1CCN(c2nccs2)CC1,0
ZINC61471121,ChEMBL_zinc_D_2636,COc1cc(CNC(=O)NCc2cc3ccccc3o2)ccc1OC(F)F,0
ZINC33290232,ChEMBL_zinc_D_2637,Cc1ccc(C(=O)N2CCCC(c3nnc(-c4ccccc4)o3)C2)cc1F,0
ZINC33308841,ChEMBL_zinc_D_2638,COc1ccc(N2CCN(C(=O)CCn3c(=O)c4sccc4nc3N3CCCC3)CC2)cc1,0
ZINC00887293,ChEMBL_zinc_D_2639,CC1CCN(S(=O)(=O)c2ccc(I)cc2)CC1,0
ZINC61017088,ChEMBL_zinc_D_2640,CC(Cc1ccco1)NC(=O)NCCCOC1CCCC1,0
ZINC70959739,ChEMBL_zinc_D_2641,CCCn1nc(C(=O)N(CCc2cccc(F)c2)C2CC2)ccc1=O,0
ZINC70991685,ChEMBL_zinc_D_2642,CC(C)C(NC(=O)Cc1nc2ncccn2n1)c1ccncc1,0
ZINC55759735,ChEMBL_zinc_D_2643,Cc1csc(N2CCCN(C(=O)CN(C)C(=O)c3ccccc3)CC2)n1,0
ZINC65789723,ChEMBL_zinc_D_2644,COc1ccccc1NC(=O)C1CCN(C(=O)Nc2cccnc2Cl)CC1,0
ZINC64241035,ChEMBL_zinc_D_2645,CC(CNC(=O)NCCCOC1CCCC1)Cn1cccn1,0
ZINC64313367,ChEMBL_zinc_D_2646,CC(=O)NCC1CCN(C(=O)COc2ccc(C(N)=O)cc2)CC1,0
ZINC36708378,ChEMBL_zinc_D_2647,O=C(Cc1csc(-n2cccc2)n1)Nc1cccnc1,0
ZINC38783362,ChEMBL_zinc_D_2648,CCC1C(=O)n2ncnc2N=C1C,0
ZINC04228153,ChEMBL_zinc_D_2649,CC1(C)C2CC(O)C1(C)CC2O,0
ZINC40542318,ChEMBL_zinc_D_2650,COCC(=O)N1CCN(C(=O)c2ccsc2)CC1,0
ZINC67668393,ChEMBL_zinc_D_2651,CC(C)[NH+](C)Cc1ccccc1C[NH2+]Cc1c(F)cccc1F,0
ZINC67696573,ChEMBL_zinc_D_2652,N#Cc1cc2c(ccn(CCCCc3ccccn3)c2=O)[nH]c1=O,0
ZINC67348054,ChEMBL_zinc_D_2653,CC(C)COCCCNc1ncc(Br)cn1,0
ZINC67989307,ChEMBL_zinc_D_2654,CCOc1ccc(C#N)cc1NC(C)C(=O)Nc1nc(C)c(C)s1,0
ZINC61206532,ChEMBL_zinc_D_2655,CCNC(=O)CN(CC)C(=O)CNC(=O)c1cccc(C)c1,0
ZINC61245262,ChEMBL_zinc_D_2656,CCCCCOC(=O)CCCc1nc(C(C)(C)C)no1,0
ZINC67633779,ChEMBL_zinc_D_2657,CC(C)C1CCC(C)CC1OC(=O)CCC(=O)N1CCOCC1,0
ZINC67718897,ChEMBL_zinc_D_2658,CCCCNC(=O)C1CCC(C)N(C(=O)Nc2ccccc2)C1,0
ZINC62926701,ChEMBL_zinc_D_2659,CC1CCCN(C(=O)CCc2cccs2)CC1,0
ZINC06215756,ChEMBL_zinc_D_2660,O=C(COc1ccc(OCc2ccccc2)cc1)Nc1ccccc1F,0
ZINC13581008,ChEMBL_zinc_D_2661,COc1ccc(F)cc1S(=O)(=O)N(C)CC(=O)Nc1ccc(Oc2ccccc2)cc1,0
ZINC13724078,ChEMBL_zinc_D_2662,CC(C)CC[NH2+]Cc1ccccc1OCc1ccccc1,0
ZINC04738933,ChEMBL_zinc_D_2663,Cc1c(C2c3ccccc3C(=O)N2CC(=O)Nc2cccnc2)c2ccccc2n1C,0
ZINC04743825,ChEMBL_zinc_D_2664,COc1cccc(NC(=O)CC[NH+]2CCCC(C)C2)c1,0
ZINC08723055,ChEMBL_zinc_D_2665,COCCOc1ccc(Br)cc1C(=O)NCc1ccco1,0
ZINC01320896,ChEMBL_zinc_D_2666,COC(=O)c1ccc(NC(=O)c2sc3nc(C)cc(=O)n3c2C(=O)Nc2cccc(C)c2C)cc1,0
ZINC67629242,ChEMBL_zinc_D_2667,COc1cc(C(=O)NCCCCn2ccccc2=O)cc(Cl)c1OC,0
ZINC67643845,ChEMBL_zinc_D_2668,CCOc1c(C)cc(COC(=O)Cn2ccc(=O)n(C)c2=O)cc1C,0
ZINC68220186,ChEMBL_zinc_D_2669,CCn1c(SCC(=O)NCC(C)[NH+](C)C2CC2)nnc1-c1ccco1,0
ZINC68226751,ChEMBL_zinc_D_2670,NC(=O)c1cccc(Oc2ccc([N-]S(=O)(=O)C3CCCCC3)cc2)c1,0
ZINC61080843,ChEMBL_zinc_D_2671,COc1ccc(C)cc1-n1ccc(C(=O)OCCN2CCCCCC2=O)n1,0
ZINC47949030,ChEMBL_zinc_D_2672,O=C(NCc1cccc(Cn2ccnc2)c1)NCC(c1ccccc1)[NH+]1CCCC1,0
ZINC63827182,ChEMBL_zinc_D_2673,CCCN(CC(=O)N(C)C)C(=O)C1CCCN(C(=O)C(C)(C)C)C1,0
ZINC58314822,ChEMBL_zinc_D_2674,Cc1cc2ncc(C[NH2+]CCCC[NH+]3CCC(C(N)=O)CC3)cn2n1,0
ZINC07457503,ChEMBL_zinc_D_2675,CNC(=O)c1nn(-c2ccc(C)cc2)c(=O)cc1OC,0
ZINC07754818,ChEMBL_zinc_D_2676,CCN(CC)S(=O)(=O)c1ccc(F)c(C(=O)NCc2ccccc2F)c1,0
ZINC09646818,ChEMBL_zinc_D_2677,O=C([O-])C(Cc1ccccc1)NC(=O)c1cc2c(s1)CCCCC2,0
ZINC09701934,ChEMBL_zinc_D_2678,O=C(Nc1nnc(Cc2ccc3c(c2)OCO3)o1)c1cccc(Oc2ccccc2)c1,0
ZINC48394941,ChEMBL_zinc_D_2679,C[NH+]1CCN(c2cc(CNC(=O)NC3CC[NH+](C4CC4)CC3)cc[nH+]2)CC1,0
ZINC49064870,ChEMBL_zinc_D_2680,CC(=O)NCCCSc1nnc2n1CCCCC2,0
ZINC32127942,ChEMBL_zinc_D_2681,COCCC[NH2+]Cc1ccc(OC)c(OCC(C)C)c1,0
ZINC32675058,ChEMBL_zinc_D_2682,Cc1ccc(CNc2oc(COc3cccc(Cl)c3)nc2C#N)cc1,0
ZINC19735736,ChEMBL_zinc_D_2683,[NH3+]CC(c1cccs1)N1CCOCC1,0
ZINC20269774,ChEMBL_zinc_D_2684,CCOC(=O)C1CCN(C(=O)C2CCC[NH2+]C2)CC1,0
ZINC45292247,ChEMBL_zinc_D_2685,CCCCS(=O)(=O)NC(C)C(=O)N1CCC(C(=O)N2CCCCC2)CC1,0
ZINC65865674,ChEMBL_zinc_D_2686,O=C(NC1CCCCC1)N1CCN(C(=O)c2sccc2C2CC2)CC1,0
ZINC29375883,ChEMBL_zinc_D_2687,CC[NH+]1CCN(c2ccc(NC(=O)CCCCNC(N)=O)c(C)c2)CC1,0
ZINC61137981,ChEMBL_zinc_D_2688,CCS(=O)(=O)NCCNC(=O)C(C)NC(=O)c1cccc(Cl)c1Cl,0
ZINC65665375,ChEMBL_zinc_D_2689,COC(=O)C(COC(=O)CN1c2ccccc2OC(C)C1=O)Cc1ccccc1,0
ZINC66026269,ChEMBL_zinc_D_2690,CCC1CCC(CNC(=O)c2cccc(CN3CCCC3=O)c2)CC1,0
ZINC35986771,ChEMBL_zinc_D_2691,CN1CCN(C(=O)C2COC3(CCN(C(=O)c4cccc(F)c4)CC3)N2C(=O)c2ccccc2)CC1,0
ZINC36102358,ChEMBL_zinc_D_2692,COc1ccc(C[NH+](Cc2ccc(F)cc2)CC(O)COCc2ccccc2)cc1,0
ZINC55575687,ChEMBL_zinc_D_2693,O=C(c1csc2c1CCCC2)N1CCCC(N2CCN(c3ccccc3)CC2)C1,0
ZINC56107365,ChEMBL_zinc_D_2694,Cc1cccc(NC(=O)C2CCN(S(=O)(=O)N3CCCCC3C)CC2)n1,0
ZINC03023341,ChEMBL_zinc_D_2695,O=C(Nc1ccc(F)c(F)c1)c1cc(S(=O)(=O)NCc2ccc(F)cc2)ccc1F,0
ZINC63281118,ChEMBL_zinc_D_2696,COc1ccc(CNC(=O)C2CCCN(C(=O)C3C=c4ccccc4=[NH+]3)C2)cc1OC,0
ZINC67675905,ChEMBL_zinc_D_2697,Cc1ccc(C(=O)N2CCOC(c3ccc(Cl)c(Cl)c3)C2)c(C)c1,0
ZINC67682686,ChEMBL_zinc_D_2698,CC[NH+]1CCC(CNC(=O)c2cccc(-n3ccnc3SC)c2)CC1,0
ZINC09579148,ChEMBL_zinc_D_2699,CC(=O)Nc1cc(NC(C)=O)cc(C(=O)NC2CCCCC2C)c1,0
ZINC09662035,ChEMBL_zinc_D_2700,O=C(Nc1ccc(Br)cc1F)c1ccc(S(=O)(=O)N2CCCC2)cc1,0
ZINC64023417,ChEMBL_zinc_D_2701,CCN(CC)C(=O)CN(C)C(=O)c1ccc(N2CCOCC2)cc1,0
ZINC64114606,ChEMBL_zinc_D_2702,Cc1sc2ncnc(NC(C)COCC(F)(F)F)c2c1C,0
ZINC28247717,ChEMBL_zinc_D_2703,Cc1nnsc1C(=O)Nc1ccc(Br)cn1,0
ZINC28428739,ChEMBL_zinc_D_2704,CC(NC(=O)C(C)n1cccn1)c1cccs1,0
ZINC66378066,ChEMBL_zinc_D_2705,CC1CN(CC2CCC[NH+]2CC(=O)N2CCCC2c2cccs2)CC(C)O1,0
ZINC66435159,ChEMBL_zinc_D_2706,CC(C(=O)NC1CCCCC1C)N1CC[NH+](CCc2cccs2)CC1,0
ZINC65863055,ChEMBL_zinc_D_2707,O=C(Nc1cccnc1N1CCCCC1)c1coc(Br)c1,0
ZINC66043088,ChEMBL_zinc_D_2708,Cn1cc(C2CC2C(=O)N(Cc2ccc(F)cc2)C2CC2)cn1,0
ZINC06767941,ChEMBL_zinc_D_2709,Cc1nn(C(C)C(=O)NCc2ccco2)c2ccccc12,0
ZINC25270496,ChEMBL_zinc_D_2710,CC(Oc1ccccc1)C(=O)N1CCN(C(=O)c2cccs2)CC1,0
ZINC32800790,ChEMBL_zinc_D_2711,COc1ccc(-c2nc(C(=O)N(C3CC3)C3CCCCC3)cs2)cc1OC,0
ZINC32815767,ChEMBL_zinc_D_2712,CCOC(=O)N1CCN(C(=O)c2ccc(-c3ccccc3F)s2)CC1,0
ZINC20556158,ChEMBL_zinc_D_2713,Cc1nnc(C)n1N1CNC2=NC(C3CC=CCC3)n3c4ccccc4nc3N2C1,0
ZINC20638009,ChEMBL_zinc_D_2714,COc1cc(C2C(C#N)C(=O)Nc3nc4ccccc4n32)cc(OC)c1OC,0
ZINC68126744,ChEMBL_zinc_D_2715,CC1CCC[NH+](CCCCNC(=O)CN(C)c2ccc(C#N)cn2)C1,0
ZINC68371492,ChEMBL_zinc_D_2716,CCC(C)NC(=O)C(C)NC(=O)NCCc1ccc(OC)c(OC)c1,0
ZINC68294534,ChEMBL_zinc_D_2717,CCCc1noc(CCCC(=O)N(C)C(C)c2cccnc2)n1,0
ZINC68324294,ChEMBL_zinc_D_2718,COC(=O)CCNC(=O)CNC(=O)c1ccc(OC)c(OC)c1,0
ZINC14744000,ChEMBL_zinc_D_2719,Cc1nc(COC2CN(C(C)C)C(=O)C[NH+](Cc3ccc(O)cc3)C2)no1,0
ZINC14966469,ChEMBL_zinc_D_2720,O=C(NCCc1ccccc1)c1ccc(OC2CCN(C(=O)c3ccco3)CC2)cc1,0
ZINC68458038,ChEMBL_zinc_D_2721,COc1ccc(C(=O)NC(C#N)c2ccc(Cl)c(Cl)c2)c(F)c1,0
ZINC68467365,ChEMBL_zinc_D_2722,CCOc1ccccc1C(=O)NCC(=O)NC(C)c1nc2ccccc2n1CC,0
ZINC47333871,ChEMBL_zinc_D_2723,COc1ccccc1CN(CCO)C(=O)Nc1ccc(C#N)cc1,0
ZINC71953826,ChEMBL_zinc_D_2724,CCN(c1ccccc1)S(=O)(=O)c1ccc(NCc2ccc(OCC(F)(F)F)nc2)nc1,0
ZINC08850912,ChEMBL_zinc_D_2725,Cc1ccc(C)c(C(C)[NH2+]C(C)C(=O)Nc2ccc(C(N)=O)cc2)c1,0
ZINC08924993,ChEMBL_zinc_D_2726,CCOC(=O)c1c2c(sc1NC(=O)CSc1nnc(C=Cc3ccccc3)o1)CCCC2,0
ZINC05355721,ChEMBL_zinc_D_2727,COCCCNC(=O)C1C2C=CC(C2)C1C(=O)[O-],0
ZINC53913442,ChEMBL_zinc_D_2728,COc1ccc(C(=O)NCCCN(C(=O)OC(C)(C)C)C2CC2)cc1OC,0
ZINC70893066,ChEMBL_zinc_D_2729,CCOC(=O)N(C)CC(=O)N(CC)C1CC[NH+](C(C)c2ccccc2)C1,0
ZINC70902126,ChEMBL_zinc_D_2730,CC1CN(CC2CCCN2C(=O)COc2ccccc2F)CC(C)O1,0
ZINC02643068,ChEMBL_zinc_D_2731,CC(Sc1nnc(Cc2ccccc2F)n1N)C(=O)Nc1cccc(C(F)(F)F)c1,0
ZINC09667691,ChEMBL_zinc_D_2732,CS(=O)(=O)n1nc(-c2cccs2)nc1NCc1ccc(F)cc1,0
ZINC20646792,ChEMBL_zinc_D_2733,Cc1c2cc(C)c(C)cc2oc1C(=O)NCC(c1ccco1)N1CCOCC1,0
ZINC20701117,ChEMBL_zinc_D_2734,CC(=O)N(C)c1ccc2c(c1)C1C=CCC1C(c1cc(Cl)cc(Cl)c1O)N2,0
ZINC60507826,ChEMBL_zinc_D_2735,N#Cc1ccc(COC(=O)C2CCCC2)cc1,0
ZINC61255866,ChEMBL_zinc_D_2736,O=C(NCCCOC1CCCC1)c1ccc(=O)n(-c2ccccc2)n1,0
ZINC03894369,ChEMBL_zinc_D_2737,CC[NH+]1CCC2(CC1)CC1CC3C=CC1(CN2C(C)=O)O3,0
ZINC32795101,ChEMBL_zinc_D_2738,COc1ccc(CNC(=O)NC2CCCCCCC2)cn1,0
ZINC68449751,ChEMBL_zinc_D_2739,CCC(C)[NH+](C)CC(=O)Nc1cccc(I)c1,0
ZINC68487957,ChEMBL_zinc_D_2740,CCOc1cc(C(=O)N2CCC(c3nncn3CC)CC2)ccc1OC,0
ZINC43827514,ChEMBL_zinc_D_2741,O=C([O-])C1C[NH+](Cc2ccccc2)CC1C(F)(F)F,0
ZINC46148627,ChEMBL_zinc_D_2742,CC(C)C(=O)N1CCCC(C(=O)NCc2nc3ccccc3s2)C1,0
ZINC44141499,ChEMBL_zinc_D_2743,CCCNC(=O)Nc1cccc(C(=O)N2CCCC2)c1,0
ZINC44969222,ChEMBL_zinc_D_2744,CC(C)CCCNC(=O)N1CCCC(c2nnc3ccccn32)C1,0
ZINC29789503,ChEMBL_zinc_D_2745,CC1CN(C(=O)c2cc3c(s2)CCC(C(C)(C)C)C3)CCO1,0
ZINC08581223,ChEMBL_zinc_D_2746,Cn1c2nc(C3CCCCC3)[nH]c2c(=O)n(C)c1=O,0
ZINC64120802,ChEMBL_zinc_D_2747,O=C(Nc1ccc(C2C=c3ccccc3=[NH+]2)cc1)C1CC[NH+](CC2CC2)CC1,0
ZINC05512798,ChEMBL_zinc_D_2748,CCN(CC)S(=O)(=O)c1ccc(OC)c(NC(=O)COc2ccccc2F)c1,0
ZINC42536605,ChEMBL_zinc_D_2749,CC[NH+](CC)CCCC(C)NC(=O)C1CCN(C(C)=O)CC1,0
ZINC44456922,ChEMBL_zinc_D_2750,CCOc1ccc(S(=O)(=O)NCCN2CCN(C(=O)OC)CC2)cc1,0
ZINC41281403,ChEMBL_zinc_D_2751,Cc1ccc(-c2nnc(C[NH+]3CCC(C(=O)NC4CCCCC4)CC3)o2)cc1C,0
ZINC41360427,ChEMBL_zinc_D_2752,CCn1c(SCC[NH+]2CCCCC2)nnc1C1CC1,0
ZINC05153594,ChEMBL_zinc_D_2753,Cc1ccc(NS(=O)(=O)c2cc3c4c(c2)CCC(=O)N4CC3)cc1C,0
ZINC62698290,ChEMBL_zinc_D_2754,CCOCCOCCOC(=O)C(NC(=O)c1ccccc1Cl)C(C)C,0
ZINC06893674,ChEMBL_zinc_D_2755,CC1CCCCC1NC(=O)c1cc(S(=O)(=O)N2CCCCC2)c[nH]1,0
ZINC70998332,ChEMBL_zinc_D_2756,Cc1nccn1-c1ccc(N2CCN(C(=O)c3ccno3)CC2)nn1,0
ZINC48158576,ChEMBL_zinc_D_2757,Cc1ccsc1CNC(=O)NCc1ccc(C[NH+](C)C)cc1,0
ZINC61498765,ChEMBL_zinc_D_2758,CC(=O)N1CCCC(C(=O)NC2CCc3ccccc3C2)C1,0
ZINC70755800,ChEMBL_zinc_D_2759,COCCCNC(=O)CN1CC[NH+](CC2CCCCO2)CC1,0
ZINC70952412,ChEMBL_zinc_D_2760,Cc1ccccc1CNC(=O)C[NH+]1CCCCC1CCO,0
ZINC63878427,ChEMBL_zinc_D_2761,O=C(Nc1ccccc1)c1ccc(NS(=O)(=O)c2ccc3ccccc3c2)cc1,0
ZINC64079136,ChEMBL_zinc_D_2762,CCCCc1cc(NC(=O)c2ccc(OCc3ccncc3)c(OCC)c2)[nH]n1,0
ZINC01777675,ChEMBL_zinc_D_2763,CCc1ccc(OCCCC(=O)Nc2ccc(OC)c(OC)c2)cc1,0
ZINC04086648,ChEMBL_zinc_D_2764,CSc1nnc(NC(=O)c2ccc(-c3ccccc3)cc2)s1,0
ZINC64347474,ChEMBL_zinc_D_2765,Cc1c(NC(=O)c2cc(Cl)ccc2F)[nH]nc1C1CC1,0
ZINC64352565,ChEMBL_zinc_D_2766,CN(CC1CC1)C(=O)CN1CC[NH+](CCc2cccs2)CC1,0
ZINC04980632,ChEMBL_zinc_D_2767,CCN(CC)c1ccc(C[NH+]2CCCCCC2)cc1,0
ZINC02509232,ChEMBL_zinc_D_2768,CC([NH2+]C1CCCC1)c1ccccc1,0
ZINC65742942,ChEMBL_zinc_D_2769,C[NH+](C)CCCC1(O)c2ccccc2C=Cc2ccc(O)cc21,0
ZINC65890863,ChEMBL_zinc_D_2770,CC[NH+]1CCN(CCC[NH2+]Cc2ccc(Oc3ccccc3F)c(F)c2)CC1,0
ZINC31561264,ChEMBL_zinc_D_2771,N#Cc1ccc(OCC(O)Cn2nc(-c3ccccc3)c(-c3ccccc3)nc2=O)cc1,0
ZINC53160708,ChEMBL_zinc_D_2772,Cc1onc(-c2ccccc2)c1C(=O)NCC[NH+]1CCC(C)CC1,0
ZINC08628393,ChEMBL_zinc_D_2773,CCCc1cc(=O)[nH]c(SCC(=O)N(Cc2ccccc2)C(C)C)n1,0
ZINC69173844,ChEMBL_zinc_D_2774,CCCCNC(=O)C1CCC(C)[NH+](CC(=O)N(C)Cc2cccc(F)c2)C1,0
ZINC67862923,ChEMBL_zinc_D_2775,CC(Sc1nnnn1C1CC1)C(=O)NC1CC[NH+](C2CC2)C1,0
ZINC67958447,ChEMBL_zinc_D_2776,CCc1ccc(C(C)C(=O)NCc2cccc(OC)c2)cc1,0
ZINC68494605,ChEMBL_zinc_D_2777,O=C(NCCS(=O)(=O)NCC1CCC1)c1ccc(-n2cccn2)c(F)c1,0
ZINC68504592,ChEMBL_zinc_D_2778,CC(C)(C)CC(=O)N1CCc2c(cccc2NC(=O)Nc2ccccc2)C1,0
ZINC32406490,ChEMBL_zinc_D_2779,COc1ccc(S(=O)(=O)NC(C)c2cccnc2)c2ccccc12,0
ZINC15769069,ChEMBL_zinc_D_2780,C(#CC(c1ccccc1)N1CCOCC1)c1ccccc1,0
ZINC14740890,ChEMBL_zinc_D_2781,CCn1nc(C(=O)N(C)Cc2ccoc2)c2c1CCC([NH2+]C1CCCCCC1)C2,0
ZINC14953502,ChEMBL_zinc_D_2782,O=C(Nc1cccc(-n2cccn2)c1)C1CCC[NH+]1CC1CC1,0
ZINC67886748,ChEMBL_zinc_D_2783,CCc1nc(C2CCCN(C(=O)CCN3c4ccccc4OC(C)C3=O)C2)no1,0
ZINC67920161,ChEMBL_zinc_D_2784,CC(=O)Nc1ccc(C[NH+]2CCC3(C2)CCCN(C)C3=O)cc1,0
ZINC13121775,ChEMBL_zinc_D_2785,C=CCOC(=O)C1=C(C)Nc2nnnn2C1c1cccs1,0
ZINC63107797,ChEMBL_zinc_D_2786,CCCC(=O)Nc1cccc(NC(=O)c2ccccc2[N-]S(C)(=O)=O)c1C,0
ZINC44047260,ChEMBL_zinc_D_2787,NS(=O)(=O)Nc1cccc(NC(=O)c2cn3ccccc3n2)c1,0
ZINC56097231,ChEMBL_zinc_D_2788,CC(NS(=O)(=O)N1CCCC(C)C1)c1ccc(OCC(=O)NC2CC2)cc1,0
ZINC69680978,ChEMBL_zinc_D_2789,CCN(CC)C(=O)C1CC[NH+](C(C)C(=O)NCc2cccc(OC)c2)CC1,0
ZINC69710493,ChEMBL_zinc_D_2790,CC(CCc1ccccc1)CC(=O)N1CCCC(CN2CCOCC2)C1,0
ZINC66178079,ChEMBL_zinc_D_2791,COc1ccc(CNC(=O)N2CCC([NH+]3CCCC3)C2)cc1OC(F)F,0
ZINC03583275,ChEMBL_zinc_D_2792,CC1CC[NH+](CC(=O)NCc2ccccc2Cl)CC1,0
ZINC04623089,ChEMBL_zinc_D_2793,c1ccn(-c2ccc(-c3noc(COc4ccc5c(c4)CCC5)n3)cc2)c1,0
ZINC04696009,ChEMBL_zinc_D_2794,COc1ccc(CCNC(=O)c2cc3cc(C)ccc3[nH]2)cc1OC,0
ZINC09722715,ChEMBL_zinc_D_2795,Cc1noc(C=Cc2ccco2)c1S(=O)(=O)N1CCC(C(=O)NC2CCCC(C)C2C)CC1,0
ZINC11049282,ChEMBL_zinc_D_2796,CC(C)c1ccccc1NC(=O)Cn1nc2n(c1=O)CCCCC2,0
ZINC50156054,ChEMBL_zinc_D_2797,CCOc1c(Cl)cc(CNC(=O)NCCCCn2cc[nH+]c2)cc1OC,0
ZINC05221967,ChEMBL_zinc_D_2798,CC(Oc1ccc2ccc(=O)oc2c1)C(=O)Nc1ccc(C(F)(F)F)cc1,0
ZINC63476837,ChEMBL_zinc_D_2799,CC(C)NC(=O)Nc1cccc(C(=O)NC2(C#N)CCC2)c1,0
ZINC64317943,ChEMBL_zinc_D_2800,Cc1noc(CCNC(=O)c2cn(Cc3ccccc3)c3ccccc23)n1,0
ZINC01117794,ChEMBL_zinc_D_2801,O=C([O-])CCCC(=O)Nc1ccc(-c2nnc(-c3ccccc3)o2)cc1,0
ZINC56134712,ChEMBL_zinc_D_2802,CCCCOc1ccc(NC(=O)c2ccc3c(c2)NC(=O)CN3C)c(C)c1,0
ZINC61572857,ChEMBL_zinc_D_2803,COCCCCNC(=O)NCCC(=O)OC(C)C,0
ZINC63573455,ChEMBL_zinc_D_2804,Cc1ccc(CCCCC(=O)N(C)CC(=O)NC(C)C)cc1,0
ZINC23458580,ChEMBL_zinc_D_2805,CC(C)(C)OC(=O)N1CCN(C(=O)c2nccnc2N)CC1,0
ZINC17114841,ChEMBL_zinc_D_2806,CNS(=O)(=O)Cc1ccc(CNC(=O)N(C)Cc2ccc(Br)s2)cc1,0
ZINC69655431,ChEMBL_zinc_D_2807,CCCC(Cc1ccccc1)NC(=O)NCCO,0
ZINC45023036,ChEMBL_zinc_D_2808,C=CCn1c(N)nnc1SCC(=O)NCCCc1ccccc1,0
ZINC30683456,ChEMBL_zinc_D_2809,Cc1ccccc1C(=O)NC(C(=O)Nc1cc(Cl)ccc1Cl)C(C)C,0
ZINC45904296,ChEMBL_zinc_D_2810,CC(C)C(NC(=O)c1ccco1)C(=O)NC(C)c1ccc2c(c1)OCCO2,0
ZINC65272876,ChEMBL_zinc_D_2811,O=C(NCCN1CCOCC1)C1CCc2sc(C(=O)N3CCCC3)cc2C1,0
ZINC54847254,ChEMBL_zinc_D_2812,CC[NH+](CC)CCNC(=O)c1cc(C2CC2)n(C(C)(C)C)n1,0
ZINC66148182,ChEMBL_zinc_D_2813,COc1cc(Cl)c(C[NH2+]CC(C)Oc2ccccc2Cl)cc1OC,0
ZINC49474060,ChEMBL_zinc_D_2814,Cc1[nH]nc(O)c1Cc1cccc(Cl)c1,0
ZINC69034333,ChEMBL_zinc_D_2815,CC(C)(C)c1noc(CCC(=O)N2CC=C(c3cccc4ccccc43)CC2)n1,0
ZINC69342804,ChEMBL_zinc_D_2816,Cc1cc(N2CCN(C(=O)Cc3cccc(OC(C)C)c3)CC2)nc(C)[nH+]1,0
ZINC09814588,ChEMBL_zinc_D_2817,CC(C)S(=O)(=O)c1cccc(-c2nnc(NC(=O)c3cccs3)o2)c1,0
ZINC09822649,ChEMBL_zinc_D_2818,C=CCN(c1ccccc1)S(=O)(=O)c1cccc(C(=O)Nc2cccc(SC)c2)c1,0
ZINC44708193,ChEMBL_zinc_D_2819,CCC(C)NC(=O)CN1CCN(C(=O)COc2ccc(C)cc2)CC1,0
ZINC45524216,ChEMBL_zinc_D_2820,CC1CN(CCNC(=O)N(C)CCCOc2ccccc2)CC(C)O1,0
ZINC68738739,ChEMBL_zinc_D_2821,CC(NC(=O)CCOCC(F)(F)F)C(=O)N1CCOCC1,0
ZINC68844092,ChEMBL_zinc_D_2822,CC1CN(CCNC(=O)CCc2ccccn2)CC(C)O1,0
ZINC35022043,ChEMBL_zinc_D_2823,C[NH+](C)CCNC(=O)c1ccc2ncc(N)c(=O)n2c1,0
ZINC37489006,ChEMBL_zinc_D_2824,N#Cc1ccc(C[NH2+]Cc2ccc(Cl)o2)cc1,0
ZINC69576260,ChEMBL_zinc_D_2825,C[NH+](C)CCCN(CCC#N)C(=O)CCc1ccccc1OC(F)(F)F,0
ZINC58477612,ChEMBL_zinc_D_2826,CC(=O)Nc1ccc(C[NH2+]C2CCCc3cc(OC(F)F)ccc32)cc1,0
ZINC67247268,ChEMBL_zinc_D_2827,CC(C)COCC(O)C[NH2+]Cc1ccc(N2CCCCC2)cc1,0
ZINC67264326,ChEMBL_zinc_D_2828,O=c1c2cnc(N3CCCCC3)nc2nc([O-])n1Cc1ccco1,0
ZINC68808598,ChEMBL_zinc_D_2829,COc1cc(C[NH+](CC2CCCO2)CC2CCCO2)ccc1SC,0
ZINC68900540,ChEMBL_zinc_D_2830,CCOC(C)C(=O)NCC[NH+](C)C1CCCCC1,0
ZINC62330734,ChEMBL_zinc_D_2831,CC(C)C(CC(=O)N1CCC(C(=O)N2CCOCC2)CC1)c1ccccc1,0
ZINC63727228,ChEMBL_zinc_D_2832,CC(C)(C)[NH+]1CCCN(C(=O)C2COc3ccccc3O2)CC1,0
ZINC04940907,ChEMBL_zinc_D_2833,Cc1cn2c(nc3c2c(=O)n(C)c(=O)n3C)n1Cc1cccc2ccccc21,0
ZINC49029328,ChEMBL_zinc_D_2834,Cc1nc(C)c(-c2nnc(NC(=O)CSc3ccc(F)cc3)o2)s1,0
ZINC66477672,ChEMBL_zinc_D_2835,CCn1nc(C)c(CNC(=O)COCC2CC2)c1C,0
ZINC66676864,ChEMBL_zinc_D_2836,Cc1ccc(C(=O)N2CCC(NC(=O)COC3CCCCC3)CC2)cc1,0
ZINC63831151,ChEMBL_zinc_D_2837,CC1CC(C)C[NH+](CCCNC(=O)c2cc(=O)c3ccccc3[nH]2)C1,0
ZINC63852587,ChEMBL_zinc_D_2838,CC[NH+]1CCCC(CNC(=O)Cc2csc(-c3ccsc3)n2)C1,0
ZINC42738609,ChEMBL_zinc_D_2839,CC(=O)c1ccc(NC(=O)NCC(c2cccs2)N2CCOCC2)cc1,0
ZINC42902697,ChEMBL_zinc_D_2840,CC(C)C(Sc1nnnn1-c1ccccc1)C(=O)NCC1CCCO1,0
ZINC72051295,ChEMBL_zinc_D_2841,O=C(N1CCCC(CN2CCN(c3cccc[nH+]3)CC2)C1)C1(c2ccc(F)cc2)CCCC1,0
ZINC72098413,ChEMBL_zinc_D_2842,CCCCC1CCCC1NC(=O)Cn1c2ccccc2nc1C1CC1,0
ZINC39951129,ChEMBL_zinc_D_2843,CCC12CN3CCC(CC)(C[NH+](C1)C3c1ccc3c(c1)OCO3)C2O,0
ZINC40150422,ChEMBL_zinc_D_2844,Cc1cccc(NC(=O)N2CCC(C(=O)OC(C)C(=O)Nc3c(C)cc(C)cc3C)CC2)c1,0
ZINC68287633,ChEMBL_zinc_D_2845,COC(=O)NC(Cc1ccccc1)C(=O)NCC(C(C)C)[NH+]1CCCC1,0
ZINC68345898,ChEMBL_zinc_D_2846,Cc1cc(N2CCCC2=O)ccc1S(=O)(=O)NC(C)C(=O)NC(C)(C)C,0
ZINC63558350,ChEMBL_zinc_D_2847,CN(CC(=O)NCc1ccccc1Cl)S(=O)(=O)C1=CC2=C3CCCCC3=NC2C=C1,0
ZINC63724497,ChEMBL_zinc_D_2848,Cc1ncc(-c2ccc(NC(=O)c3c(C)c(C)sc3NC(=O)C3CC3)cc2)o1,0
ZINC02456652,ChEMBL_zinc_D_2849,O=C(c1ccc2c(c1)OCO2)N1CC(=O)Nc2ccc(F)cc2C1c1ccccc1,0
ZINC41184279,ChEMBL_zinc_D_2850,Cc1ccccc1-c1noc(CCC(=O)NC(C)c2ccccc2)n1,0
ZINC05391410,ChEMBL_zinc_D_2851,CCc1noc(C)c1C(=O)OC(C)C(=O)c1[nH]c(C)c(C(=O)OC)c1C,0
ZINC56274225,ChEMBL_zinc_D_2852,COc1ccccc1CC(=O)Nc1cc(Cl)ccc1OCC1CCCO1,0
ZINC07424408,ChEMBL_zinc_D_2853,O=C(c1cccc(F)c1)N(CCCn1ccnc1)c1nc2ccccc2s1,0
ZINC10896046,ChEMBL_zinc_D_2854,COc1ccc(CC(=O)Nc2ccc3[nH]c(C)nc3c2)cc1,0
ZINC04712757,ChEMBL_zinc_D_2855,O=C(NC1CCCCCCC1)C1CCC(CNS(=O)(=O)c2ccccc2)CC1,0
ZINC61544945,ChEMBL_zinc_D_2856,Cc1cc(CN2CCN(C(=O)CCC(=O)c3ccc(Cl)cc3)CC2)no1,0
ZINC67458561,ChEMBL_zinc_D_2857,CCOc1ccccc1OC1CC[NH+](CC(=O)N(C)C(C)C)CC1,0
ZINC67500856,ChEMBL_zinc_D_2858,CCCC(=O)Nc1cccc(NC(=O)C2CC(=O)N(CC3CC3)C2)c1C,0
ZINC70936276,ChEMBL_zinc_D_2859,Cc1noc(C)c1C(C)NC(=O)C(C)Oc1cc(C)ccc1Cl,0
ZINC71073052,ChEMBL_zinc_D_2860,Cc1ccc(NC(=O)c2ccn(-c3ccccc3F)n2)c(C(=O)N(C)C)c1,0
ZINC40005251,ChEMBL_zinc_D_2861,Cc1nn(-c2ccccc2)c(C)c1CNC(=O)c1c(C)oc(C)c1C,0
ZINC02235443,ChEMBL_zinc_D_2862,COc1ccc(NC(=O)c2ccc(-c3cc4ccccc4oc3=O)cc2)c(OC)c1,0
ZINC58098402,ChEMBL_zinc_D_2863,CSc1nnnn1-c1cccc(NC(=O)NCCc2ccccn2)c1,0
ZINC58146645,ChEMBL_zinc_D_2864,O=C(CNC(=O)c1ccc(Br)o1)NC1CCc2ccccc2C1,0
ZINC55083695,ChEMBL_zinc_D_2865,CC(Cc1ccc(O)cc1)NC(=O)NCCCN1CCCC1=O,0
ZINC55242265,ChEMBL_zinc_D_2866,CCC(CO)[NH+](Cc1cc(C)[nH]n1)Cc1ccccn1,0
ZINC68517467,ChEMBL_zinc_D_2867,CN(Cc1ccco1)C(=O)CN1CCN(S(=O)(=O)c2ccccc2)CC1,0
ZINC57913392,ChEMBL_zinc_D_2868,CC(C)OCc1ccc(CNC(=O)C(c2ccccc2)N2CC[NH+](C)CC2)cc1,0
ZINC57677028,ChEMBL_zinc_D_2869,COc1ccccc1NC(C)C(=O)N1CC(C)CC(C)C1,0
ZINC58402273,ChEMBL_zinc_D_2870,O=C(NCc1nc(-c2ccsc2)no1)Nc1cc(Cl)cc(Cl)c1,0
ZINC20717996,ChEMBL_zinc_D_2871,Fc1ccc(F)c(-c2nnc3sc(-c4ccc5nnnn5c4)nn32)c1,0
ZINC20854737,ChEMBL_zinc_D_2872,COc1ccccc1NC(=O)c1cccc(N2C(=O)NC3CC2(C)Oc2ccc(Cl)cc23)c1,0
ZINC71019805,ChEMBL_zinc_D_2873,CCSc1cccc(NC(=O)c2cc(C(C)(C)C)nn2C)c1,0
ZINC71047215,ChEMBL_zinc_D_2874,CCOC(=O)Cc1ccccc1NC(=O)C(C)OCc1cccc(OC)c1,0
ZINC14982904,ChEMBL_zinc_D_2875,CCNC(=O)N1CCN(CCO)CC1,0
ZINC35810176,ChEMBL_zinc_D_2876,O=C(CC1[NH2+]C2CCCCC2NC1=O)Nc1ccc(F)c(F)c1,0
ZINC23362652,ChEMBL_zinc_D_2877,COc1cccc(CN2CC[NH+](CCn3cc(C(=O)NC(C)C)nn3)CC2)c1OC,0
ZINC39477794,ChEMBL_zinc_D_2878,Cc1nc2c(cc(OCC(=O)NCC3CCCO3)c3ccsc32)s1,0
ZINC32865252,ChEMBL_zinc_D_2879,Cc1nn(CC(C)C)c(C)c1CCC(=O)OCc1cc(=O)n(C)c(=O)n1C,0
ZINC32986036,ChEMBL_zinc_D_2880,CCCn1c2nnc(SCc3ccccc3Cl)n2c2cc(C(=O)NC(C)C)ccc2c1=O,0
ZINC52974734,ChEMBL_zinc_D_2881,COC(=O)CC(NC(=O)c1ccc(OCC(N)=O)c(OC)c1)c1ccccc1,0
ZINC06809954,ChEMBL_zinc_D_2882,CCOC(=O)c1c(C)[nH]c(NC(=O)Nc2ccc(OCC)cc2)c1C,0
ZINC61283297,ChEMBL_zinc_D_2883,COC(=O)CCCCCCNC(=O)NCC(C)c1ccccc1,0
ZINC61567136,ChEMBL_zinc_D_2884,COc1ccc(NCC(=O)NC(C)C(C)C)c(C)c1,0
ZINC22784263,ChEMBL_zinc_D_2885,COc1ccc(C(c2sc3nc(C)nn3c2O)N2CC[NH+](Cc3ccccc3)CC2)cc1,0
ZINC36395396,ChEMBL_zinc_D_2886,COc1ccc(C2CCC[NH+]2Cc2ccccc2Br)cc1OC,0
ZINC14838346,ChEMBL_zinc_D_2887,CCOc1ccc(C(=O)Oc2ccc(C(=O)OCC3CCCO3)cc2)cc1,0
ZINC14956450,ChEMBL_zinc_D_2888,COc1ccc(CC[NH+]2CCC(C[NH+](C)Cc3ccccc3OC)CC2)cc1,0
ZINC72082708,ChEMBL_zinc_D_2889,CC(C)c1nc(CCNC(=O)NCCSc2ccc(Cl)cc2)cs1,0
ZINC07597641,ChEMBL_zinc_D_2890,CCN(CC)S(=O)(=O)c1cccc(C(=O)NC(C)c2cccc(Cl)c2)c1,0
ZINC21042845,ChEMBL_zinc_D_2891,COc1ccc2c(CC(=O)N3CC(C)OC(C)C3)coc2c1,0
ZINC21222594,ChEMBL_zinc_D_2892,CCOC(=O)c1c(C)c(C(=O)N2CCOCC2)sc1NC(=O)c1ccc(Cl)cc1Cl,0
ZINC33320775,ChEMBL_zinc_D_2893,Cc1cc(OCC(O)Cn2c3ccccc3nc2C2CC(=O)N(c3ccccc3)C2)ccc1Cl,0
ZINC04026641,ChEMBL_zinc_D_2894,CCCCOc1ccc(C(=O)OCC2CCC[NH+]3CCCCC23)cc1OC,0
ZINC63820228,ChEMBL_zinc_D_2895,CCOc1ccc(NC(=O)CCCNC(=O)C2CC2)cc1C,0
ZINC63865758,ChEMBL_zinc_D_2896,CCCCOc1ccc(C(=O)NCC(=O)NCC2CCC[NH+](CC)C2)cc1,0
ZINC55714233,ChEMBL_zinc_D_2897,CCOCCCC(=O)Nc1ccc(C(=O)NCc2ccccc2)cc1,0
ZINC65918410,ChEMBL_zinc_D_2898,COc1cc(C(=O)N2CCC(c3cc4ccccc4[nH]3)CC2)cc(OC)c1OC,0
ZINC36639043,ChEMBL_zinc_D_2899,Cc1c(C(=O)Oc2ccc(C)cc2)nnn1-c1ccc(F)cc1,0
ZINC40382780,ChEMBL_zinc_D_2900,CC1CCCC(C)N1c1nc2c(c(=O)[nH]1)C(C(=O)Nc1cccc3ccccc31)CC(=O)N2,0
ZINC54215271,ChEMBL_zinc_D_2901,CN(CC(C)(C)C)C(=O)c1cccc(F)c1F,0
ZINC55414528,ChEMBL_zinc_D_2902,CCC(CC)n1ncc(C)c1NC(=O)C(CC)n1cccn1,0
ZINC66280951,ChEMBL_zinc_D_2903,CCC(C(=O)Oc1cccc(-c2nnc3n2CCCCC3)c1)c1c(C)noc1C,0
ZINC66308238,ChEMBL_zinc_D_2904,CC(OCC1CCCCO1)C(=O)N1CCC(c2nnc3ccccn32)CC1,0
ZINC68933571,ChEMBL_zinc_D_2905,Cc1cc(S(=O)(=O)N2CCN(C(=O)c3csnn3)CC2)c(C)s1,0
ZINC10198716,ChEMBL_zinc_D_2906,CCc1cc(=O)oc2cc(OCC(=O)N3CCCC(C)C3)ccc12,0
ZINC55060987,ChEMBL_zinc_D_2907,CCc1csc(CNC(=O)C(CC)n2cc(C(C)=O)c3ccccc32)n1,0
ZINC55153740,ChEMBL_zinc_D_2908,O=C(CC1C(=O)NCCN1Cc1ccccc1C(F)(F)F)NCCCc1ccccc1,0
ZINC66332340,ChEMBL_zinc_D_2909,CCOC1CCN(C(=O)c2csc(-c3ccccc3C)n2)CC1,0
ZINC16853261,ChEMBL_zinc_D_2910,CCCCc1c(=O)nc(SCC(=O)[O-])[nH]c1-c1ccccc1,0
ZINC68004332,ChEMBL_zinc_D_2911,CC1CC1C(=O)NCCC(=O)NCC(=O)Nc1ccc(-n2cncn2)cc1,0
ZINC46345134,ChEMBL_zinc_D_2912,C=CCc1ccc(OCC(O)C[NH+](CC)CC)c(OC)c1,0
ZINC68172406,ChEMBL_zinc_D_2913,CC(c1cccnc1)N(C)C(=O)C1CC1c1ccccc1,0
ZINC68269997,ChEMBL_zinc_D_2914,COCCN(CCCc1ccccc1)C(=O)CN1CCCNC1=O,0
ZINC56241046,ChEMBL_zinc_D_2915,Cn1cc(CCC(=O)OCc2c(Cl)nc(Cl)n2-c2ccccc2)cn1,0
ZINC56633273,ChEMBL_zinc_D_2916,C[NH+](C)CCC1CCN(C(=O)Nc2ccc(N3CCc4ccccc43)cc2)CC1,0
ZINC65427327,ChEMBL_zinc_D_2917,O=C(CN1CCN(C(=O)Nc2cccc(F)c2F)CC1)N1CCCCC1,0
ZINC52921598,ChEMBL_zinc_D_2918,O=C(Cc1noc2ccccc21)N1CCN(CC[NH+]2CCCC2)CC1,0
ZINC61582928,ChEMBL_zinc_D_2919,Cc1nc(-c2ccsc2)sc1C(=O)NC1CCN(CC(F)(F)F)C1,0
ZINC61601187,ChEMBL_zinc_D_2920,CC(C)OCc1c2ccccc2oc1C(=O)N1CCN(CC(F)F)CC1,0
ZINC42770637,ChEMBL_zinc_D_2921,Cc1cc(Cl)ccc1OCCC1CCCC[NH2+]1,0
ZINC44006538,ChEMBL_zinc_D_2922,O=C(Cc1cccc2ccccc21)NCC1CCN(C(=O)c2ccccc2F)CC1,0
ZINC13131262,ChEMBL_zinc_D_2923,COc1cccc(C2CC(c3ccc(C)cc3)n3nc(N)nc3N2)c1,0
ZINC63447876,ChEMBL_zinc_D_2924,Cc1ccc(C(=O)NC2=c3ccccc3=[NH+]C2C(=O)NCCc2ccc(Cl)cc2)cc1,0
ZINC07160799,ChEMBL_zinc_D_2925,Nn1c(SCc2nc(-c3cccs3)no2)nnc1C(F)(F)F,0
ZINC07613818,ChEMBL_zinc_D_2926,Cc1c2nc(NC(=O)c3cc4ccccc4o3)sc2ccc1Cl,0
ZINC21307435,ChEMBL_zinc_D_2927,COc1ccc(CNC(=O)C2CC2C)cc1OC,0
ZINC68982501,ChEMBL_zinc_D_2928,CC(C)c1noc(CCNCc2csc(-c3ccc(F)cc3)n2)n1,0
ZINC02110054,ChEMBL_zinc_D_2929,COc1ccc(C2CC(=O)c3cnc(NCc4ccco4)nc3C2)cc1,0
ZINC04077895,ChEMBL_zinc_D_2930,Cc1cccc(NC(=O)CSc2nnc(NC(=O)Cc3ccccc3)s2)c1C,0
ZINC67500487,ChEMBL_zinc_D_2931,CC(C[NH2+]Cc1csc(-c2ccc(F)cc2)n1)Cn1cc[nH+]c1,0
ZINC67540705,ChEMBL_zinc_D_2932,O=C(Nc1ccccc1)NC1CCN(C(=O)NC2CCCC2)CC1,0
ZINC16972302,ChEMBL_zinc_D_2933,COc1ccc(C2(CNS(=O)(=O)c3cccc(F)c3)CCOCC2)cc1,0
ZINC17078356,ChEMBL_zinc_D_2934,CCC(C)c1ccc(S(=O)(=O)Nc2cnn(Cc3ccccc3C)c2)cc1,0
ZINC67674421,ChEMBL_zinc_D_2935,O=C(Cn1nnnc1CN1CCOCC1)N1CCN(Cc2ccc(F)cc2)C(=O)C1,0
ZINC67702588,ChEMBL_zinc_D_2936,CC(=O)NCC1CCCN(C(=O)NC(C)COc2ccccc2C)C1,0
ZINC69709863,ChEMBL_zinc_D_2937,CC(C)c1nc(C(=O)N(C)C2CCN(CC(F)(F)F)C2=O)cs1,0
ZINC69782112,ChEMBL_zinc_D_2938,CN(C)C(C[NH2+]Cc1ccc(F)c(Br)c1)C1CC1,0
ZINC54979000,ChEMBL_zinc_D_2939,CCC(C)C(NC(=O)C[NH+]1CCCC1c1cccc(OC)c1)C(=O)OC,0
ZINC55412977,ChEMBL_zinc_D_2940,CCc1oc(C(=O)NCC(C)n2cncn2)cc1C[NH+]1CCCC1,0
ZINC02925296,ChEMBL_zinc_D_2941,CCC(C)n1c(=O)c2sccc2nc1SCc1cc(=O)n2ccccc2n1,0
ZINC04678559,ChEMBL_zinc_D_2942,CCOC(=O)c1c2c(sc1NC(=O)Cc1nccn1C)CCC2,0
ZINC66322564,ChEMBL_zinc_D_2943,Cc1cccc(OCC(O)CNC(=O)COCC(F)(F)F)c1,0
ZINC66388640,ChEMBL_zinc_D_2944,CCOC(=O)N(C)c1ccc(NC(C)c2nc(C)no2)cc1,0
ZINC67965813,ChEMBL_zinc_D_2945,COc1ccc(OC)c(C(C)NC(=O)Cc2c[nH]c3cc(Cl)ccc23)c1,0
ZINC67971128,ChEMBL_zinc_D_2946,CCc1ccc(C(C)C(=O)OCc2cc(=O)n3cc(C)ccc3n2)cc1,0
ZINC27058432,ChEMBL_zinc_D_2947,CC(OC(=O)c1cccnc1)C(=O)NC1CCC(C)CC1,0
ZINC00998160,ChEMBL_zinc_D_2948,C=CCn1c(CNc2ccccc2)nnc1SCC(N)=O,0
ZINC68209746,ChEMBL_zinc_D_2949,CS(=O)(=O)N1CCCC1C(=O)NCC1(Sc2ccccc2)CCCC1,0
ZINC49910191,ChEMBL_zinc_D_2950,CSc1ccc(Cl)c(C(=O)N2CCC(C)CC2)c1,0
ZINC02513151,ChEMBL_zinc_D_2951,Clc1ccc(CC2CC[NH2+]CC2)cc1Cl,0
ZINC12526798,ChEMBL_zinc_D_2952,Cc1cccc(N2CCN(C(=O)C[NH+]3CCC(c4nc5ccccc5s4)CC3)CC2)c1,0
ZINC57993186,ChEMBL_zinc_D_2953,CC1CN(c2ccc(CNC(=O)N3CCC(C#N)CC3)c[nH+]2)CC(C)O1,0
ZINC58103160,ChEMBL_zinc_D_2954,CC(C)CCN(C(=O)Nc1cccc(N2CCOC2=O)c1)C1CC1,0
ZINC66404596,ChEMBL_zinc_D_2955,Cc1ccccc1CN1CCN(C(=O)CN2CC(C)OC(C)C2)CC1,0
ZINC04104130,ChEMBL_zinc_D_2956,CCS(=O)(=O)N1CCCC(C(=O)N2CCC3(CC2)OCCO3)C1,0
ZINC66320266,ChEMBL_zinc_D_2957,CCN(CC(C)C#N)C(=O)C1CC1c1ccccc1,0
ZINC66329029,ChEMBL_zinc_D_2958,CC(CC(=O)NCc1ccc(C2CC2C)o1)NC(=O)C1CCCCC1,0
ZINC33327099,ChEMBL_zinc_D_2959,Clc1ccccc1-c1nc2c3ccccc3ncn2n1,0
ZINC00080979,ChEMBL_zinc_D_2960,Cc1ccc(-c2nc3ccccc3c(N3CC(C)OC(C)C3)n2)cc1,0
ZINC27407336,ChEMBL_zinc_D_2961,CC(NC(=O)CCNS(=O)(=O)c1ccc(F)c(F)c1)c1ccncc1,0
ZINC68957209,ChEMBL_zinc_D_2962,CC(C)(C)OCCN1CCCS1(=O)=O,0
ZINC68186714,ChEMBL_zinc_D_2963,CC(=CC(=O)N1CCCN(C(=O)C(C)C)CC1)c1ccc(C(F)(F)F)cc1,0
ZINC57713779,ChEMBL_zinc_D_2964,CC(CNC(=O)C1CCN(C(=O)COc2ccccc2)CC1)[NH+](C)C1CC1,0
ZINC63377386,ChEMBL_zinc_D_2965,CC(=O)c1cccc(OC(C)C(=O)OCC(F)(F)F)c1,0
ZINC63469220,ChEMBL_zinc_D_2966,Cc1c(NCC(=O)NCc2cccs2)cccc1C(=O)N1CCOCC1,0
ZINC53236200,ChEMBL_zinc_D_2967,CC(C)C(=O)N1CCCC(C(=O)NCCc2ccccc2C(F)(F)F)C1,0
ZINC53969824,ChEMBL_zinc_D_2968,O=C(NCCCNc1ncccn1)c1ccc(Cl)c2cccnc12,0
ZINC17086273,ChEMBL_zinc_D_2969,Cc1ccc(COc2ccccc2C2C(C(=O)Nc3ccccc3)=C(C)Nc3ncnn32)cc1,0
ZINC18017354,ChEMBL_zinc_D_2970,O=C(C1CCN(S(=O)(=O)C=Cc2ccccc2)CC1)N1CCCC(c2nc3ccccc3s2)C1,0
ZINC69647694,ChEMBL_zinc_D_2971,CC1CC(NC(=O)Nc2cccc(Cn3cccn3)c2)c2ccccc21,0
ZINC69694877,ChEMBL_zinc_D_2972,CC(C)(C)c1cc(NC(=O)NCc2ccc(Oc3cccnc3)c(F)c2)no1,0
ZINC68252338,ChEMBL_zinc_D_2973,O=C(c1cc[nH]c1)N1CCCC1c1nnc2ccccn21,0
ZINC68276450,ChEMBL_zinc_D_2974,O=C(c1cc2c([nH]c1=O)CCCC2)N1CCCN(Cc2cccs2)CC1,0
ZINC27871522,ChEMBL_zinc_D_2975,CC(NC(=O)CSc1ccc(F)c(F)c1)C1CCCO1,0
ZINC28051504,ChEMBL_zinc_D_2976,CCOc1cc(Br)cc2cc(C(=O)Nc3ccc4c(c3)OCO4)c(=O)oc21,0
ZINC13323260,ChEMBL_zinc_D_2977,O=C(C[NH+]1CCCC1)NCCc1ccccc1,0
ZINC12448838,ChEMBL_zinc_D_2978,CC[NH+](Cc1ccncc1)C1CCCN(S(=O)(=O)C=Cc2ccccc2)C1,0
ZINC12987705,ChEMBL_zinc_D_2979,CCN(C(=O)C(C)Sc1nc(N)nc(N)n1)c1ccccc1,0
ZINC13101908,ChEMBL_zinc_D_2980,CCN(CC)S(=O)(=O)c1ccc(N2CC(C(=O)NCCCn3ccc4ccccc43)CC2=O)cc1,0
ZINC46346673,ChEMBL_zinc_D_2981,CN(CCCOc1ccccc1)C(=O)NCC(c1ccsc1)[NH+](C)C,0
ZINC46433583,ChEMBL_zinc_D_2982,Cc1cc(C)c(C)c(OC(=O)c2ccccc2S(=O)(=O)N2CCOCC2)c1,0
ZINC09914565,ChEMBL_zinc_D_2983,C[NH+](C)CCCN(C(=O)CCCS(=O)(=O)c1ccc(Cl)cc1)c1nc2ccccc2s1,0
ZINC09974605,ChEMBL_zinc_D_2984,COc1ccc(S(=O)(=O)NC(C)C(=O)Nc2ccc(Cl)c(Cl)c2)cc1OC,0
ZINC69026100,ChEMBL_zinc_D_2985,CC(C(=O)Nc1nccs1)N1CCN(C(=O)c2c(F)cccc2F)CC1,0
ZINC18049400,ChEMBL_zinc_D_2986,CCc1ccccc1N1CC(C(=O)NCC(=O)Nc2ccc(F)c(F)c2F)CC1=O,0
ZINC62640004,ChEMBL_zinc_D_2987,O=C(c1occc1COc1ccccc1)N1CC[NH+](C2CC2)CC1,0
ZINC63118634,ChEMBL_zinc_D_2988,CCn1c(SCC(=O)NCC[NH+](C)C2CC2)nnc1-c1cccs1,0
ZINC27931286,ChEMBL_zinc_D_2989,CCC(C)NS(=O)(=O)c1c[nH]c(C(=O)N2CCCC2)c1,0
ZINC31212236,ChEMBL_zinc_D_2990,CC(C)(C)c1noc(CCC(=O)NCCCN2CCOCC2)n1,0
ZINC63317017,ChEMBL_zinc_D_2991,COc1ccc(CCNC(=O)NCCCNC(=O)c2ccccc2F)cc1,0
ZINC04928626,ChEMBL_zinc_D_2992,CCN(CC)C(=O)c1c[nH]c2ccc(S(=O)(=O)[N-]c3ccccc3F)cc2c1=O,0
ZINC57754493,ChEMBL_zinc_D_2993,CN(Cc1nccn1CC(F)(F)F)C(=O)COCC1CC1,0
ZINC68368161,ChEMBL_zinc_D_2994,CCCCn1nc(C)c(CNCC2CC[NH+](CCOC)C2)c1Cl,0
ZINC65775967,ChEMBL_zinc_D_2995,CN(C)S(=O)(=O)c1ccc(CNC(=O)Nc2ccc(Cl)nc2)s1,0
ZINC65873029,ChEMBL_zinc_D_2996,C#Cc1cccc(NC(=O)CN(C)C(=O)c2ccccc2[N-]S(=O)(=O)CC)c1,0
ZINC32593156,ChEMBL_zinc_D_2997,CCCC(CCC)[NH2+]C1CCNCC1,0
ZINC02077791,ChEMBL_zinc_D_2998,CCCCCCC(=O)C1CCCC1,0
ZINC72032442,ChEMBL_zinc_D_2999,Cc1ccc(C[NH+](CC(=O)N(C)Cc2ccc(N(C)C)cc2)C(C)C)s1,0
ZINC72046506,ChEMBL_zinc_D_3000,COc1ccc(C[NH+]2CCC(CNC(=O)c3ccccc3NC(=O)c3cccs3)CC2)cc1,0
ZINC67302633,ChEMBL_zinc_D_3001,CC(C)NC(=O)N1CCN(C(=O)C2CCC(n3cccc3)CC2)CC1,0
ZINC67371439,ChEMBL_zinc_D_3002,NS(=O)(=O)NCC1CCCN(c2ncc(Br)cn2)C1,0
ZINC31580237,ChEMBL_zinc_D_3003,COc1ccc(C(O)CNC(=O)c2ccc(-c3ccccc3)cc2)cc1,0
ZINC32720260,ChEMBL_zinc_D_3004,COc1ccc(CNC(=O)C(C)[NH+](C)Cc2c(C)nn(-c3ccccc3)c2C)cc1,0
ZINC55346207,ChEMBL_zinc_D_3005,COC(=O)c1ccccc1S(=O)(=O)Cc1ccc(OC(F)F)c(OC)c1,0
ZINC56329050,ChEMBL_zinc_D_3006,COc1ccc(CNC(=O)N2CCC(C(=O)Nc3ccccn3)CC2)cc1,0
ZINC67992279,ChEMBL_zinc_D_3007,CSc1ccc(C(=O)NCCC(=O)NCc2ccccc2)cn1,0
ZINC68008476,ChEMBL_zinc_D_3008,NC(=O)CNC(=O)COCc1ccccc1Cl,0
ZINC07408899,ChEMBL_zinc_D_3009,O=C(Nc1nc(-c2ccc3c(c2)OCO3)cs1)C1CCC1,0
ZINC08856675,ChEMBL_zinc_D_3010,CC1=Nc2ccccc2N=C2CC(c3cccc(Cl)c3)CC(=O)C21,0
ZINC48071993,ChEMBL_zinc_D_3011,O=C(c1cn2cccnc2n1)N1CCC(n2cc(-c3cccnc3)nn2)CC1,0
ZINC48555224,ChEMBL_zinc_D_3012,CC(C)C(CNC(=O)Nc1cccc(-n2cccn2)c1)N1CCOCC1,0
ZINC72131952,ChEMBL_zinc_D_3013,O=C(NCC1OCCc2ccccc21)c1cnn2c1CCCC2,0
ZINC72150949,ChEMBL_zinc_D_3014,Cc1nc(C2CCCN(Cc3ccc(-c4ccccc4)s3)C2)cc(=O)[nH]1,0
ZINC13533220,ChEMBL_zinc_D_3015,COCCCn1c(=O)c2sccc2n(CC(=O)Nc2cc(OC)cc(OC)c2)c1=O,0
ZINC14241634,ChEMBL_zinc_D_3016,COCCCN(Cc1ccccc1C(F)(F)F)c1c(N)n(Cc2ccccc2)c(=O)[nH]c1=O,0
ZINC58527351,ChEMBL_zinc_D_3017,Cc1ccc(CC(=O)N2CCc3sccc3C2)cc1,0
ZINC58841455,ChEMBL_zinc_D_3018,CCC(=O)N1CCCCC1C(=O)N1CCC[NH+](Cc2ccc(OC)cc2)CC1,0
ZINC68284269,ChEMBL_zinc_D_3019,O=C(OC(c1ccccc1)c1ccncc1)c1ccc2[nH]c(=O)[nH]c2c1,0
ZINC06648008,ChEMBL_zinc_D_3020,Cc1cc2ncn(Cc3nc(-c4cccc(Br)c4)no3)c2cc1C,0
ZINC64453041,ChEMBL_zinc_D_3021,CCCC(C)N1CC(C(=O)NCc2cc(OC)c(OCC)c(OC)c2)CC1=O,0
ZINC35476182,ChEMBL_zinc_D_3022,C[NH+]1CCN(Cc2cc(=O)n3[n-]c(-c4ccc(C(C)(C)C)cc4)nc3n2)CC1,0
ZINC10637845,ChEMBL_zinc_D_3023,CC(C)c1csc(NC(=O)c2cc3ccccc3oc2=O)n1,0
ZINC10653560,ChEMBL_zinc_D_3024,CC(NC(=O)CSc1ccc(Cl)nn1)c1ccc(F)cc1,0
ZINC66138385,ChEMBL_zinc_D_3025,CCNC(=O)c1nc(N)nc2c1CCC2,0
ZINC66467156,ChEMBL_zinc_D_3026,C[NH+](C)C(CNc1nc(C(F)F)nc2ccccc21)C1CC1,0
ZINC68558704,ChEMBL_zinc_D_3027,Cc1c(C(=O)NCCOCC2CCOC2)cnn1-c1cccc(C(F)(F)F)c1,0
ZINC06671366,ChEMBL_zinc_D_3028,CCc1cccc2c(-c3csc(CC(=O)Nc4ccc(C)cc4)n3)c[nH]c21,0
ZINC56652826,ChEMBL_zinc_D_3029,CCN(CCc1ccccc1)C(=O)Nc1cc(Cl)ccc1C(=O)N(C)C,0
ZINC56691410,ChEMBL_zinc_D_3030,COc1ccccc1CCNC(=O)Nc1ccc(C)c(NC(C)=O)c1C,0
ZINC08177119,ChEMBL_zinc_D_3031,CC(Sc1nnc(NCc2ccco2)s1)C(=O)NCc1cccs1,0
ZINC08193434,ChEMBL_zinc_D_3032,O=C(Nc1ccc(N2CCCCCC2)cc1)c1cnn(-c2ccccc2)c1,0
ZINC46834898,ChEMBL_zinc_D_3033,CCCc1noc(C(C)Nc2cc(NC(C)=O)ccc2OC)n1,0
ZINC02279565,ChEMBL_zinc_D_3034,CC(=O)Oc1cccc(C(=O)Oc2c3ccccc3sc2C(C)=O)c1,0
ZINC63808172,ChEMBL_zinc_D_3035,COc1ccc(CCNC(=O)NC(C)c2ccc(OC)c(F)c2)c(OC)c1,0
ZINC06281322,ChEMBL_zinc_D_3036,Cc1cc(Cl)ccc1OCCCC(=O)Nc1nnc(-c2cccs2)s1,0
ZINC40403186,ChEMBL_zinc_D_3037,CCOCCCn1c(CCCO)nc2cc(C(=O)[O-])ccc21,0
ZINC41140447,ChEMBL_zinc_D_3038,C=CCOc1ccc(C(=O)NCc2nnc3n2CCCC3)cc1OC,0
ZINC63467496,ChEMBL_zinc_D_3039,CC(C)OCc1ccc(CNC(=O)C[NH+](C)C(C)C)cc1,0
ZINC63613277,ChEMBL_zinc_D_3040,CCOCC(=O)Nc1cc(COc2cccc(F)c2)ccc1OC,0
ZINC01407060,ChEMBL_zinc_D_3041,[NH3+]C1CC(=O)c2cc3c(cc21)OCO3,0
ZINC34669875,ChEMBL_zinc_D_3042,Cc1sc(=O)[nH]c1-c1ccccc1,0
ZINC69701957,ChEMBL_zinc_D_3043,Cc1ccccc1-n1cc(C(=O)NC(C#N)c2ccccc2F)cn1,0
ZINC58544662,ChEMBL_zinc_D_3044,CS(=O)(=O)c1ccc(SCC2CCCCC2)c(S(C)(=O)=O)c1,0
ZINC67627417,ChEMBL_zinc_D_3045,O=C(OCC1CC1)C1CCN(c2nc3ccccc3s2)CC1,0
ZINC67634576,ChEMBL_zinc_D_3046,CC(C)[NH+]1CCC(CNC(=O)c2ccc3c(c2)CCN3S(C)(=O)=O)C1,0
ZINC03311504,ChEMBL_zinc_D_3047,CC(=O)Nc1ccc(C(=O)OCC(=O)Nc2ccc3ccccc3c2)cc1,0
ZINC35481939,ChEMBL_zinc_D_3048,Cn1c2ccc(-c3noc(-c4ccc(C(C)(C)C)cc4)n3)cc2[nH]c(=O)c1=O,0
ZINC52818530,ChEMBL_zinc_D_3049,CCCCCC(C)NC(=O)CC1C=CCC1,0
ZINC71185345,ChEMBL_zinc_D_3050,CCOc1cccc(CNC(=O)C2CCCN(C(=O)C(C)CC)C2)c1,0
ZINC07726692,ChEMBL_zinc_D_3051,COc1ccc(S(=O)(=O)Nc2ccccc2N2CCCC2=O)cc1OC,0
ZINC07780476,ChEMBL_zinc_D_3052,Cc1nn(Cc2ccccc2C(F)(F)F)c(=O)c(C#N)c1C,0
ZINC42667398,ChEMBL_zinc_D_3053,Cc1ccc(Cl)cc1NC(=O)C(C)Nc1ccc(NC(=O)NC2CC2)cc1,0
ZINC43210665,ChEMBL_zinc_D_3054,COc1ncccc1C(=O)c1cccs1,0
ZINC61573655,ChEMBL_zinc_D_3055,C=CCn1c(=O)c2ccccc2nc1SCCN1CCOCC1,0
ZINC48851755,ChEMBL_zinc_D_3056,CCNC(=O)c1ccc(CNC(=O)NC2CCCc3c2cnn3C)cc1,0
ZINC35556573,ChEMBL_zinc_D_3057,Cc1nc(-c2cccc(NC(=O)COc3ccccc3)c2)no1,0
ZINC35528777,ChEMBL_zinc_D_3058,CCc1noc2ncnc(NCc3ccccc3Cl)c12,0
ZINC28810170,ChEMBL_zinc_D_3059,CCC(C)c1ccc(S(=O)(=O)Nc2ccc3c(c2)NC(=O)CS3)cc1,0
ZINC69955304,ChEMBL_zinc_D_3060,O=C(NCc1csc(C2CC2)n1)NCC1(O)CCCc2ccccc21,0
ZINC54819429,ChEMBL_zinc_D_3061,O=C(NCC1(c2cccc(Cl)c2)CCOCC1)N1CCC(CO)CC1,0
ZINC55166116,ChEMBL_zinc_D_3062,O=C(Cn1ccnc1)N1CCCC(N2CCN(c3cccc(C(F)(F)F)c3)CC2)C1,0
ZINC67813073,ChEMBL_zinc_D_3063,Cc1ccc(OC(=O)C(OCC2CCCO2)C(C)C)c(C)c1,0
ZINC67820461,ChEMBL_zinc_D_3064,CC(C)(CN1CCOCC1)NC(=O)c1cc(COc2ccccc2)[nH]n1,0
ZINC52744155,ChEMBL_zinc_D_3065,NC(=O)C1(CNC(=O)c2ccc(-n3cccn3)nc2)CCOCC1,0
ZINC71833813,ChEMBL_zinc_D_3066,CC(Sc1nnc(CCC(N)=O)n1CC1CCCO1)c1ccc(F)cc1,0
ZINC69485630,ChEMBL_zinc_D_3067,FC(F)(F)c1nc2ccccc2c(SCCn2cncn2)n1,0
ZINC69509101,ChEMBL_zinc_D_3068,CCCCn1c([O-])nnc1S(=O)(=O)Cc1noc(Cc2ccccc2)n1,0
ZINC49288413,ChEMBL_zinc_D_3069,CC(OCC1CCCO1)C(=O)Nc1nc2c(s1)CCC2,0
ZINC49377459,ChEMBL_zinc_D_3070,Cc1cccc(NC(=O)C[NH+]2CCC(c3nnc(C4CC4)o3)CC2)c1C,0
ZINC06999994,ChEMBL_zinc_D_3071,CCN(CC)S(=O)(=O)c1ccc(OC)c(NC(=O)c2ccc(NC(C)=O)cc2)c1,0
ZINC71285532,ChEMBL_zinc_D_3072,Cc1nn2cnnc2c(C)c1CCC(=O)Nc1nnc(C2CCCO2)s1,0
ZINC55285281,ChEMBL_zinc_D_3073,CCOc1ccc(CCC(=O)NCc2cccc(Cn3cncn3)c2)cc1,0
ZINC65657733,ChEMBL_zinc_D_3074,Cc1ccc(N(C)C(=O)CCn2c3ccccc3c(=O)[nH]c2=O)c(C)c1,0
ZINC52131586,ChEMBL_zinc_D_3075,CC[NH+](Cc1nc(C)no1)Cc1ccc(F)c(F)c1,0
ZINC52495086,ChEMBL_zinc_D_3076,COc1cc(C)ccc1NC(=O)N1CCC(C(=O)c2ccc(O)cc2)CC1,0
ZINC21986485,ChEMBL_zinc_D_3077,Clc1cc(Cl)c(Cl)cn1,0
ZINC32759795,ChEMBL_zinc_D_3078,O=C(NCc1ccc(C[NH+]2CCCC2)cc1)c1cc2cc(Cl)ccc2[nH]1,0
ZINC06174056,ChEMBL_zinc_D_3079,CN(CC(=O)NC1CC(C)(C)[NH2+]C(C)(C)C1)S(=O)(=O)c1cc(Cl)ccc1Cl,0
ZINC13140356,ChEMBL_zinc_D_3080,CCN1CCN(C(=O)CCc2nc3ccccc3c(=O)[nH]2)CC1,0
ZINC38669744,ChEMBL_zinc_D_3081,CCOC(=O)C1[NH+]=c2ccc(OC)cc2=C1NC(=O)CN1CCC(C(N)=O)([NH+]2CCCCC2)CC1,0
ZINC63567691,ChEMBL_zinc_D_3082,Cc1ccc(CCCCC(=O)NCC2CCCO2)cc1,0
ZINC58084788,ChEMBL_zinc_D_3083,CNC(=O)c1cc(C)nc(N)n1,0
ZINC58818182,ChEMBL_zinc_D_3084,CCCOC(=O)CSc1nnc(-c2cccs2)n1CC,0
ZINC68629032,ChEMBL_zinc_D_3085,CC(NC(=O)Nc1ccc(Cl)nc1)c1cccc([N-]S(C)(=O)=O)c1,0
ZINC68741324,ChEMBL_zinc_D_3086,O=C(CCC1CCCC1)Nc1ncc(Cl)cc1Cl,0
ZINC28556425,ChEMBL_zinc_D_3087,CCCCNC(=O)N1CCN(c2nc(CC)nc3cc4c(cc32)OCCO4)CC1,0
ZINC30643738,ChEMBL_zinc_D_3088,Cn1cc[nH+]c1C(NCc1cc(Br)cs1)c1ccccc1,0
ZINC55600832,ChEMBL_zinc_D_3089,CCCc1ccc(NS(=O)(=O)c2cccc(S(C)(=O)=O)c2)c(C(=O)[O-])c1,0
ZINC56331410,ChEMBL_zinc_D_3090,COc1cccc(CNC(=O)N2CCC(C(=O)Nc3ccc(C)cn3)CC2)c1,0
ZINC26514888,ChEMBL_zinc_D_3091,O=C([O-])c1ccn(-c2ccccc2Cl)n1,0
ZINC00425434,ChEMBL_zinc_D_3092,CCC(C)n1c(=O)c2sccc2nc1SCc1cccc(F)c1,0
ZINC67234169,ChEMBL_zinc_D_3093,COc1ccc2c(c1)CN(C(=O)CCCCCCNC(=O)OC(C)(C)C)CC2,0
ZINC67240707,ChEMBL_zinc_D_3094,Cc1noc(-c2ccc(C(=O)Nc3ccc(CNC(N)=O)cc3)cc2)n1,0
ZINC56570524,ChEMBL_zinc_D_3095,CC(C)COc1ccc(CNC(=O)Nc2ccc(C(N)=O)cc2)cc1,0
ZINC56690372,ChEMBL_zinc_D_3096,CC(=O)Nc1c(C)ccc(NC(=O)N2CC[NH+](CCC(C)C)CC2)c1C,0
ZINC40539446,ChEMBL_zinc_D_3097,CCN(CC(=O)NC)C(=O)c1ccc(I)cc1,0
ZINC41967771,ChEMBL_zinc_D_3098,COCC[NH+](C)CCCNC(=O)COc1cccc(NC(=O)C2CC2)c1,0
ZINC13568123,ChEMBL_zinc_D_3099,CC(Sc1nnc(CC(=O)Nc2ccccc2Cl)n1C)C(=O)Nc1ccc2c(c1)OCO2,0
ZINC13656674,ChEMBL_zinc_D_3100,CCn1nc(C)cc1NC(=O)c1cccc(S(=O)(=O)CC)c1,0
ZINC72053583,ChEMBL_zinc_D_3101,COc1ccc(-c2[nH]c3ccccc3c2CCC(=O)N(CCC#N)Cc2cccnc2)cc1,0
ZINC72091939,ChEMBL_zinc_D_3102,Cc1ccc(NC(=O)c2csc(-c3ccccc3Cl)n2)cc1[N-]S(C)(=O)=O,0
ZINC63096414,ChEMBL_zinc_D_3103,CC[NH+](CC)CCn1cc(NC(=O)CNC(=O)CC(C)(C)C)cn1,0
ZINC63289402,ChEMBL_zinc_D_3104,COC(=O)NC(CC(C)C)C(=O)Nc1cccc(NC(=O)C(C)C)c1,0
ZINC71024648,ChEMBL_zinc_D_3105,CC(C)C(NC(=O)c1cc2ccccc2n1C)C(=O)N1CCCC1,0
ZINC00971479,ChEMBL_zinc_D_3106,O=c1[nH]c([O-])nc2c1sc1nc(-c3ccc4c(c3)OCCO4)cc(C(F)(F)F)c12,0
ZINC57782113,ChEMBL_zinc_D_3107,C[NH+]1CCN(C(C(=O)NC2CCN(c3ncccn3)CC2)c2ccccc2)CC1,0
ZINC68379553,ChEMBL_zinc_D_3108,O=C(Nc1nc2ccccc2nc1Cl)C1CC(=O)N(Cc2ccccn2)C1,0
ZINC46893671,ChEMBL_zinc_D_3109,CCC(CC)C(NC(=O)Nc1nncs1)c1ccccc1,0
ZINC72164789,ChEMBL_zinc_D_3110,Cc1ccc2[nH]cc(C(=O)N3CCCC([NH+](C)C)CC3)c(=O)c2c1,0
ZINC71100983,ChEMBL_zinc_D_3111,CN(CC(=O)N1CCCC1)C(=O)c1cn(C)nc1-c1ccc(F)cc1F,0
ZINC71286173,ChEMBL_zinc_D_3112,O=C([O-])c1ccccc1CC(=O)Nc1cccc(NC(=O)c2cccnc2)c1,0
ZINC57297922,ChEMBL_zinc_D_3113,CCCNC(=O)CCNC(=O)N1CCN(C(=O)Cc2ccc(F)cc2)CC1,0
ZINC57782993,ChEMBL_zinc_D_3114,COC(=O)c1c(C)c(C)sc1NC(=O)c1ccc2c(c1)CCN2C(C)=O,0
ZINC07445840,ChEMBL_zinc_D_3115,CCOc1ccccc1NC(=O)CSc1ccc(-c2ccc(C)cc2)nn1,0
ZINC07486488,ChEMBL_zinc_D_3116,CC1CCCC[NH+]1CC(=O)N1c2ccccc2NC(=O)C1(C)C,0
ZINC45974320,ChEMBL_zinc_D_3117,CC(C)CCN(CC(=O)N1CC[NH2+]CC1)S(=O)(=O)c1ccc(C(C)C)cc1,0
ZINC64719775,ChEMBL_zinc_D_3118,CCOc1ccc(CNC(=O)c2ccnc(OCc3ccccc3)c2)cc1OC,0
ZINC09853665,ChEMBL_zinc_D_3119,O=C(Cc1cccc(C(F)(F)F)c1)N1CCC(NS(=O)(=O)c2cccs2)CC1,0
ZINC10273496,ChEMBL_zinc_D_3120,CCN(CC)C(=O)CN1c2ccccc2S(=O)(=O)N(c2ccc(F)cc2)C1=O,0
ZINC46538522,ChEMBL_zinc_D_3121,CC(=O)Nc1cc(NC(C)=O)cc(C(=O)Nc2ccc(-n3cccn3)nc2)c1,0
ZINC47241421,ChEMBL_zinc_D_3122,CCc1cccc(NC(=O)CSc2nccs2)c1,0
ZINC42987242,ChEMBL_zinc_D_3123,COc1ccc(NC(=O)C(Sc2nncs2)C(C)C)cc1OC,0
ZINC43345876,ChEMBL_zinc_D_3124,CCc1nnc(NC(=O)NC(C)c2ccc(F)cc2)s1,0
ZINC40461182,ChEMBL_zinc_D_3125,O=C(NCCCN1CCOCC1)c1cc2c(c(Cl)c1)OCO2,0
ZINC40479755,ChEMBL_zinc_D_3126,Cc1ccc(CNC(=O)CN2c3ccccc3OC(C)C2=O)n1C,0
ZINC20281721,ChEMBL_zinc_D_3127,CC1=C(C(=O)OCc2ccccc2)C(c2ccc(Br)cc2)n2nnnc2N1,0
ZINC63872319,ChEMBL_zinc_D_3128,CC(=O)N1CCC[NH+](Cc2ccc(C3=NC(=O)C(C)C(C)=N3)cc2)CC1,0
ZINC72053122,ChEMBL_zinc_D_3129,O=C(NCCc1cc(F)cc(F)c1)C1CC(=O)N(c2ccc3c(c2)OCCO3)C1,0
ZINC72077021,ChEMBL_zinc_D_3130,CCOC(=O)c1c(C)oc2nc(CSc3cccc(Cl)c3)nc(N)c21,0
ZINC43096384,ChEMBL_zinc_D_3131,COc1ccc(C(CNC(=O)N(C)CC(C)C#N)c2c[nH]c3ccccc32)cc1,0
ZINC43137581,ChEMBL_zinc_D_3132,CN(Cc1ccccc1C(F)(F)F)C(=O)NCC(c1ccco1)[NH+](C)C,0
ZINC58879782,ChEMBL_zinc_D_3133,O=C(CCCCC(=O)N1CCC(C[NH+]2CCCCCC2)CC1)c1ccccc1,0
ZINC01725468,ChEMBL_zinc_D_3134,O=S(=O)(c1ccc(Cl)cc1)C1CC1c1ccccc1,0
ZINC67291998,ChEMBL_zinc_D_3135,Cc1cccc(C)c1NC(=O)Cn1c2c3ccccc3oc2c(=O)n(CCc2ccccc2)c1=O,0
ZINC67321410,ChEMBL_zinc_D_3136,COC(=O)Nc1cc(NC(=O)Nc2cnn(C(C)(C)C)c2)ccc1F,0
ZINC49522280,ChEMBL_zinc_D_3137,O=C(NCC1(O)CCCC1)c1cc(Cl)cc(Cl)c1,0
ZINC52585361,ChEMBL_zinc_D_3138,N#CC1=c2ncccc2=[NH+]C1N1CCOCC1,0
ZINC63594292,ChEMBL_zinc_D_3139,Cc1ccc(CCCCC(=O)NCc2cccc(C(=O)N3CCCC3)c2)cc1,0
ZINC63606964,ChEMBL_zinc_D_3140,CCOc1ncccc1NC(=O)NCC1CC[NH+](CC)CC1,0
ZINC69723963,ChEMBL_zinc_D_3141,CC1CCCC(NC(=O)NCc2ccc(OCC#N)cc2)C1C,0
ZINC69751427,ChEMBL_zinc_D_3142,CC1c2ccsc2CCN1C(=O)NCc1sccc1Br,0
ZINC68986262,ChEMBL_zinc_D_3143,Cn1cc(C[NH2+]CCS(=O)(=O)NCC2CCC2)cn1,0
ZINC68993473,ChEMBL_zinc_D_3144,Cc1n[nH]c(NC(=O)CCCNC(=O)C2CC2)c1C,0
ZINC32469331,ChEMBL_zinc_D_3145,O=S(=O)(c1ccc2c(c1)CCCC2)N(CC1CCOC1)C1CC1,0
ZINC33059333,ChEMBL_zinc_D_3146,CCC1CN(CC(=O)NCc2cccc(C)c2)c2ccccc2S1,0
ZINC67610207,ChEMBL_zinc_D_3147,Cc1cc(CNC(=O)NC(C(=O)Nc2ccccc2)c2ccccc2)no1,0
ZINC67636268,ChEMBL_zinc_D_3148,O=C(CCNC(=O)C1CCC1)Oc1ccc(OC2CCCCNC2=O)cc1,0
ZINC41391796,ChEMBL_zinc_D_3149,Cc1ccc(OCc2ncc(-c3ccc(C)cc3)o2)cc1,0
ZINC41493819,ChEMBL_zinc_D_3150,Cc1ccc(S(C)(=O)=O)cc1C(=O)C(C#N)c1ccccn1,0
ZINC02540126,ChEMBL_zinc_D_3151,Nc1c(C[NH3+])cccc1C(F)(F)F,0
ZINC19576156,ChEMBL_zinc_D_3152,CC(C)(CN1CCOCC1)NC(=O)C1C2C(=O)Nc3ccccc3C(=O)C12C,0
ZINC57919470,ChEMBL_zinc_D_3153,CC(C(=O)Nc1ccc(C(N)=O)cc1)N1CCN(CC(F)F)CC1,0
ZINC07285387,ChEMBL_zinc_D_3154,O=C(Nc1ccc2c(c1)-c1ccccc1C2)c1ccc(N2CCCC2=O)cc1,0
ZINC67977350,ChEMBL_zinc_D_3155,OCCOc1ccc(CNC2CC2c2ccccc2)c(Br)c1,0
ZINC67988968,ChEMBL_zinc_D_3156,Cc1ccc(-c2nnc(C(C)Nc3ccccc3OCC3CCCCO3)o2)cc1,0
ZINC21293579,ChEMBL_zinc_D_3157,CNS(=O)(=O)c1ccc(C)c(C(=O)Nc2nnc(C3CC3)s2)c1,0
ZINC21640197,ChEMBL_zinc_D_3158,CC1CCN(c2ncc3c(n2)CCN(Cc2cccc(Br)c2)C3)CC1,0
ZINC13127154,ChEMBL_zinc_D_3159,CC(Sc1nnc(NCC2CCCO2)s1)C(=O)NCc1ccc2c(c1)OCO2,0
ZINC13512644,ChEMBL_zinc_D_3160,COc1cccc(C(C(=O)NC2CCCCC2)N(Cc2ccccc2)C(=O)c2ccoc2C)c1OC,0
ZINC01433951,ChEMBL_zinc_D_3161,O=C(Nc1ccc(Br)cn1)c1ccc(Cl)cc1,0
ZINC43165148,ChEMBL_zinc_D_3162,CN(C)C(=O)COc1cccc(NC(=O)NC2CCOc3ccccc32)c1,0
ZINC07987589,ChEMBL_zinc_D_3163,COc1ccccc1C(C)NC(=O)c1ccc(-c2ccccc2Cl)o1,0
ZINC08235036,ChEMBL_zinc_D_3164,COCC(C)N1CC(C(=O)Nc2ccc(Br)cc2C)CC1=O,0
ZINC61635805,ChEMBL_zinc_D_3165,C[NH+](C)CCn1cc(NC(=O)c2ccc(S(=O)(=O)N3CCCC3)cc2)cn1,0
ZINC12168151,ChEMBL_zinc_D_3166,COc1ccc(NC(=O)c2cc(O)c(OCc3ccccc3)cn2)c(OC)c1,0
ZINC66409557,ChEMBL_zinc_D_3167,CN(C(=O)CSc1ncccc1Cl)C1CC1,0
ZINC66476076,ChEMBL_zinc_D_3168,Cc1cc(C)c2c(c1)N(C(=O)c1ccnc(C)n1)CCC2,0
ZINC68055425,ChEMBL_zinc_D_3169,Cc1nn(CC(C)C)c(C)c1CC(=O)Nc1cccc(OCC(F)(F)F)c1C,0
ZINC68134878,ChEMBL_zinc_D_3170,Cc1ccc(C2CCCN2C(=O)CNC(=O)NCc2ccc(F)cc2)cc1C,0
ZINC68311927,ChEMBL_zinc_D_3171,CCOc1ccc(NC(=O)NC(C)c2ccc(OC)c(OC)c2)cc1C,0
ZINC68328688,ChEMBL_zinc_D_3172,CC(C)C(C#N)N1CCN(C(=O)C(C(C)C)n2nnc(-c3ccccc3)n2)CC1,0
ZINC34931069,ChEMBL_zinc_D_3173,CC1=NCCN1C(=O)c1ccccc1I,0
ZINC58920139,ChEMBL_zinc_D_3174,Cc1cc(C)cc(OCC(=O)N2CCCC([NH+]3CCCC3)C2)c1,0
ZINC67830805,ChEMBL_zinc_D_3175,Cc1cc(NC(=O)C(C)Oc2ccc(F)c(F)c2)n(C(C)(C)C)n1,0
ZINC67878211,ChEMBL_zinc_D_3176,CNc1nc(N2CCc3onc(-c4cccc(F)c4)c3C2)cc(C)[nH+]1,0
ZINC68386849,ChEMBL_zinc_D_3177,COC(C)C(=O)NCC(C)(C)[NH2+]C(C)c1ccccc1,0
ZINC68488297,ChEMBL_zinc_D_3178,CCn1cnnc1C1CCN(C(=O)Cc2nc(-c3ccccc3)oc2C)CC1,0
ZINC45162937,ChEMBL_zinc_D_3179,Cc1nn(-c2ccc(C(=O)NCCCN3CCOCC3)cc2)c(C)c1Cl,0
ZINC45229067,ChEMBL_zinc_D_3180,CC(C)CC(NC(=O)NCc1ccc[nH+]c1N(C)C)c1nc2ccccc2[nH]1,0
ZINC68998085,ChEMBL_zinc_D_3181,OC(CNc1ncnc2cccc(F)c21)c1ccccc1C(F)(F)F,0
ZINC69006682,ChEMBL_zinc_D_3182,CS(=O)(=O)c1ccc(CNC(=O)CNc2ccccc2Cl)cc1,0
ZINC24426392,ChEMBL_zinc_D_3183,Cc1cc(C(=O)Cn2cnc3cc(F)c(F)cc32)c(C)n1Cc1ccccc1,0
ZINC31163181,ChEMBL_zinc_D_3184,O=C(c1ccc2[nH]cnc2c1)N1CCN(C(=O)c2cccc3ccccc32)CC1,0
ZINC08808167,ChEMBL_zinc_D_3185,CC(Sc1nc2ccccc2n1C)c1nc2sc3c(c2c(=O)[nH]1)CCC(C)C3,0
ZINC14358926,ChEMBL_zinc_D_3186,CC1CC(C)CN(C(=O)COc2ccc(N(C)S(=O)(=O)c3cccs3)cc2)C1,0
ZINC40156981,ChEMBL_zinc_D_3187,CCC(NC(=O)c1cccc(CS(=O)(=O)c2ccccc2)c1)c1cccs1,0
ZINC40218841,ChEMBL_zinc_D_3188,CN(CC(=O)N(C)C1CCCCC1)C(=O)c1ccc(Br)s1,0
ZINC36379442,ChEMBL_zinc_D_3189,CCOC(=O)N1CCNC(=O)CC1,0
ZINC31173982,ChEMBL_zinc_D_3190,CCN(CC(=O)Nc1c(F)cccc1F)C(=O)C1CC1,0
ZINC08148773,ChEMBL_zinc_D_3191,O=c1c(Cl)c(N2CCN(c3cccc(Cl)c3)CC2)cnn1-c1ccccc1,0
ZINC01047118,ChEMBL_zinc_D_3192,CCOC(=O)C1CCN(S(=O)(=O)c2ccc(-c3cc(C(F)(F)F)on3)s2)CC1,0
ZINC69889892,ChEMBL_zinc_D_3193,Cc1nn(C)c(C)c1C(C)C(=O)N1CCCC(C(=O)NC2CCCCC2)C1,0
ZINC69920529,ChEMBL_zinc_D_3194,Cc1ccccc1C(NC(=O)NC(c1nccn1C)c1ccccc1)C(C)C,0
ZINC67804761,ChEMBL_zinc_D_3195,CCOc1ccc(C(C)Nc2ncnc3c2CC[NH2+]C3)cc1OCC,0
ZINC67819518,ChEMBL_zinc_D_3196,Cc1cc(C(=O)N2CCN(C(=O)Cc3cccc(Cl)c3)CC2)c(C)o1,0
ZINC66489550,ChEMBL_zinc_D_3197,COC(=O)Nc1cc(NC(=O)CCc2ccccc2F)ccc1F,0
ZINC66506552,ChEMBL_zinc_D_3198,CCOc1ccc(F)cc1NC(=O)c1ccc(NC(=O)c2cccs2)cc1,0
ZINC69031435,ChEMBL_zinc_D_3199,COc1ccc(CCNC(=O)NC2CCOc3ccc(F)cc32)cc1OC,0
ZINC69044904,ChEMBL_zinc_D_3200,CN(CCc1ccccc1F)C(=O)NCc1ccc(C[NH+](C)C)cc1,0
ZINC45756921,ChEMBL_zinc_D_3201,Cc1ccccc1C[NH+]1CCC(NC(=O)Nc2ccccc2C)CC1,0
ZINC01071017,ChEMBL_zinc_D_3202,C=C(C)Cn1c(SCC(=O)c2ccccc2)nc2ccccc2c1=O,0
ZINC48147185,ChEMBL_zinc_D_3203,COC(=O)c1cc(CNC(=O)NCc2cc(OC)c(OC)c(OC)c2)oc1C,0
ZINC61600775,ChEMBL_zinc_D_3204,CC(=O)NC12CC3CC(C1)CC(C(=O)N1CCN(CC(F)F)CC1)(C3)C2,0
ZINC68298369,ChEMBL_zinc_D_3205,NC(=O)c1ccccc1OCc1cccc(C(=O)OCC2CCCO2)c1,0
ZINC68372321,ChEMBL_zinc_D_3206,CC1Cc2ccccc2N1CCNC(=O)Nc1cccc(N2CCOC2=O)c1,0
ZINC00532124,ChEMBL_zinc_D_3207,Cn1c(SCC(=O)C(C)(C)C)nnc1-c1ccco1,0
ZINC51756214,ChEMBL_zinc_D_3208,COc1c(C)cnc(CNC(=O)NCC(C)C[NH+]2CCCCC2)c1C,0
ZINC13437456,ChEMBL_zinc_D_3209,O=C([O-])c1cc(I)ccc1NC(=O)c1ccc(Cl)cc1,0
ZINC13637301,ChEMBL_zinc_D_3210,O=S(=O)(NCc1ccccc1)c1ccc2c(c1)C1C=CCC1C(c1ccc(O)cc1)N2,0
ZINC69185219,ChEMBL_zinc_D_3211,O=C(NCC1CC=CCC1)Nc1cccc(COCC2CC2)c1,0
ZINC69201079,ChEMBL_zinc_D_3212,NC(=O)Nc1ccc(Cn2cccn2)cc1,0
ZINC66417802,ChEMBL_zinc_D_3213,CC(C)C(NC(=O)c1ccco1)C(=O)N(C)CC(=O)Nc1cc(F)cc(F)c1,0
ZINC66514008,ChEMBL_zinc_D_3214,CCC[NH+]1Cc2cccc(NC(=O)c3cnn(C)c3C(F)F)c2C1,0
ZINC08345129,ChEMBL_zinc_D_3215,COc1ccc(NC(C)=O)cc1NC(=O)C1CCCN1C(=O)c1cccs1,0
ZINC01059294,ChEMBL_zinc_D_3216,CCC(=O)Nc1ccc(N2CCCCC2)c(C(=O)Nc2ccccc2C)c1,0
ZINC56717710,ChEMBL_zinc_D_3217,COc1c(F)cc(NC(=O)N2CCC(C(O)c3ccccc3)CC2)cc1F,0
ZINC56733286,ChEMBL_zinc_D_3218,CC1CCCN(C(=O)Nc2cccc(Cn3cncn3)c2)C1,0
ZINC38639893,ChEMBL_zinc_D_3219,O=C(c1ccc(NS(=O)(=O)c2ccc3c(c2)=[NH+]C(=O)[NH+]=3)cc1)N1CCC1,0
ZINC64031761,ChEMBL_zinc_D_3220,O=C(Nc1cccc(C2C=c3ccccc3=[NH+]2)c1)C1CCN(C(=O)C2CC23CCC3)CC1,0
ZINC30866676,ChEMBL_zinc_D_3221,CN(CC1CCCCC1)C(=O)CNC(=O)c1ccoc1,0
ZINC31618466,ChEMBL_zinc_D_3222,COC(=O)c1c(C)[nH]c(=O)nc1SCC(=O)Nc1cccc(C)c1,0
ZINC64385679,ChEMBL_zinc_D_3223,O=C(NC1CC1)c1cccc(NC(=O)C2CC2c2cccc(Br)c2)c1,0
ZINC64441434,ChEMBL_zinc_D_3224,CC[NH+](CC)CCCC(C)NC(=O)CC1Sc2ccccc2NC1=O,0
ZINC45406208,ChEMBL_zinc_D_3225,N#Cc1cccc(CNC(=O)c2cc3ccccc3c(=O)[nH]2)c1,0
ZINC31965557,ChEMBL_zinc_D_3226,COCc1cccc(C(=O)Nc2cccc(NC(=O)c3ccncc3)c2)c1,0
ZINC68535572,ChEMBL_zinc_D_3227,CN(Cc1ccc(N2CCOCC2)cc1)C(=O)C1(C)CC1(Cl)Cl,0
ZINC68649912,ChEMBL_zinc_D_3228,O=C(NCc1ccc(C(=O)N2CCCSc3ccccc32)cc1)C1CCCC1,0
ZINC65394211,ChEMBL_zinc_D_3229,Cc1nc(N(C)CC(C)N2CCOCC2)cc(C(C)C)[nH+]1,0
ZINC65787203,ChEMBL_zinc_D_3230,Cc1cc(NC(=O)NCCNC(=O)c2ccco2)n(C(C)(C)C)n1,0
ZINC28888535,ChEMBL_zinc_D_3231,CC(Nc1ccc2c(c1)NC(=O)C(C)O2)C(=O)NCc1cccs1,0
ZINC32606563,ChEMBL_zinc_D_3232,Cc1cc(Nc2ccc(F)cc2F)c2cc(F)ccc2[nH+]1,0
ZINC47219909,ChEMBL_zinc_D_3233,CCN(C(=O)c1cc(C)cc(C)c1)c1ccccc1,0
ZINC60742521,ChEMBL_zinc_D_3234,CCc1noc(C)c1C(=O)Nc1ccccc1-c1nc2ccccc2[nH]1,0
ZINC59919191,ChEMBL_zinc_D_3235,O=C(C1CCCN1C(=O)C12CC3CC(CC(C3)C1)C2)N1CCOC(c2ccc(Cl)cc2)C1,0
ZINC48432188,ChEMBL_zinc_D_3236,CCN(CC1CCOC1)C(=O)c1ccc(S(=O)(=O)N2CCOCC2)o1,0
ZINC34732486,ChEMBL_zinc_D_3237,CCCCn1c(=O)c2c3c(sc2n(CC(=O)N(C)C)c1=O)CC(C)=C3CC,0
ZINC34758150,ChEMBL_zinc_D_3238,Cc1sc2nc(C)nc(N3CC[NH+](CC(=O)Nc4ccc(Br)cc4)CC3)c2c1C,0
ZINC15859340,ChEMBL_zinc_D_3239,CSc1ccc(C(c2oc3ccccc3c2NC(=O)c2ccco2)N2CCOCC2)cc1,0
ZINC21684325,ChEMBL_zinc_D_3240,Cc1cc(NC(=O)CCOc2ccccc2)n(-c2nc3ccccc3s2)n1,0
ZINC54340945,ChEMBL_zinc_D_3241,CC[NH+](CC(=O)N(C)Cc1ccco1)C(C)c1ccc(F)cc1,0
ZINC54736610,ChEMBL_zinc_D_3242,CCCc1nc(C)c(C(=O)C(C#N)c2nc3ccccc3o2)s1,0
ZINC68072519,ChEMBL_zinc_D_3243,Cc1nc(C(=O)N2CCN(c3cccc(C)c3C)CC2)nn1-c1ccccc1,0
ZINC68119799,ChEMBL_zinc_D_3244,CC(=O)NCCCCCC(=O)Nc1ccc(N2CCCCC2)nc1,0
ZINC68530032,ChEMBL_zinc_D_3245,CC(c1cccnc1)N(C)C(=O)Nc1ccccc1S(C)(=O)=O,0
ZINC68673457,ChEMBL_zinc_D_3246,CCSc1ccc(C(=O)NCC(=O)N(CC)Cc2ccccc2)cn1,0
ZINC56772551,ChEMBL_zinc_D_3247,C=CCOc1cccc(NC(=O)N2CCCC2c2ccsc2)c1,0
ZINC56935603,ChEMBL_zinc_D_3248,Cc1nn(-c2ccccc2)c(C)c1N1CCN(C(=O)CSc2nnnn2C)CC1,0
ZINC67411858,ChEMBL_zinc_D_3249,O=C(C[NH+](Cc1ccsc1)C1CC1)NCC1CC[NH+](CC(F)(F)F)C1,0
ZINC12489842,ChEMBL_zinc_D_3250,OC1C(NCc2ccccn2)C2COC(O2)C1[NH+]1CCCCC1,0
ZINC34714486,ChEMBL_zinc_D_3251,COCCOc1ccccc1-c1nc(C(=O)NCc2ccncc2)cs1,0
ZINC13038442,ChEMBL_zinc_D_3252,O=C(CN1CCN(S(=O)(=O)c2ccc(F)c(F)c2)CC1)NC1CCCc2ccccc21,0
ZINC04968381,ChEMBL_zinc_D_3253,N#Cc1cccc(C(c2nnnn2Cc2ccccc2)[NH+]2CCCCCC2)c1,0
ZINC48764210,ChEMBL_zinc_D_3254,O=C(OCCc1ccccc1)c1cccc2[nH]ncc21,0
ZINC65348535,ChEMBL_zinc_D_3255,O=C([O-])c1cc(-c2ccccc2C(F)(F)F)ccn1,0
ZINC65354804,ChEMBL_zinc_D_3256,O=C([O-])c1ccc(F)c(-c2ccc(OC(F)(F)F)cc2)c1,0
ZINC63734388,ChEMBL_zinc_D_3257,CCC1CN(C(=O)c2cn[nH]c2C)CCO1,0
ZINC58208935,ChEMBL_zinc_D_3258,Cc1cccc(C)c1OCCNC(=O)c1cnn(C)c1C(F)(F)F,0
ZINC68013560,ChEMBL_zinc_D_3259,CCN(CC)C(=O)N1CCC(C(=O)N(CC2CC2)C2CCCCC2)CC1,0
ZINC68307037,ChEMBL_zinc_D_3260,CC1CCC2C(CCCN2C(=O)c2cc[nH]c2)C1,0
ZINC72026626,ChEMBL_zinc_D_3261,N#CCCN(C1CC1)S(=O)(=O)c1ccc(C(=O)NCC(F)(F)F)cc1,0
ZINC07062540,ChEMBL_zinc_D_3262,CC(C)(C)NC(=O)COC(=O)c1ccc(C(F)(F)F)cc1N,0
ZINC44246553,ChEMBL_zinc_D_3263,Cc1ccc(NC(=O)NCc2nnc3n2CCCCC3)cc1-n1cnnn1,0
ZINC44356708,ChEMBL_zinc_D_3264,CS(=O)(=O)N1CCCC1C(=O)Nc1nc2ccc(S(N)(=O)=O)cc2s1,0
ZINC46571649,ChEMBL_zinc_D_3265,CCCC(NC(=O)NCc1ccc(Br)cc1)C(=O)NC1CC1,0
ZINC04863731,ChEMBL_zinc_D_3266,O=C(CC[NH+]1CCCCC1)Nc1c(Cl)cccc1Cl,0
ZINC41781512,ChEMBL_zinc_D_3267,CCOc1ccc(C(=O)NCC(=O)N2CCCCC2C)cc1OCC,0
ZINC41806978,ChEMBL_zinc_D_3268,CC1CN(CCNC(=O)CN(C)c2cnccn2)CC(C)O1,0
ZINC67655109,ChEMBL_zinc_D_3269,CC(C)CC(=O)C1CCCN(C(=O)c2ccc(-c3ccncc3)nc2)C1,0
ZINC67689866,ChEMBL_zinc_D_3270,COc1ccc(Cn2c(=O)c3sccc3nc2SCC(=O)Nc2ccc(Cl)cc2)cc1,0
ZINC14976314,ChEMBL_zinc_D_3271,Cc1c(C(=O)NC2c3ccccc3-c3ccccc32)sc2ncnc(N3CC[NH+](C)CC3)c12,0
ZINC14987913,ChEMBL_zinc_D_3272,COc1ccc(CC2(CCC(=O)N(C)CC3Cc4ccccc4O3)CCC(=O)N2)cc1,0
ZINC70741497,ChEMBL_zinc_D_3273,CCCNC(=O)C(C)[NH+](C)Cc1cccs1,0
ZINC70935382,ChEMBL_zinc_D_3274,Cc1noc(C)c1C(C)NC(=O)Cc1csc(NC(=O)C(C)C)n1,0
ZINC13701987,ChEMBL_zinc_D_3275,COc1ccc(C)cc1NC(=O)CSc1ccc(NC(=O)C2CC2)nn1,0
ZINC13717040,ChEMBL_zinc_D_3276,CCCCOc1ccc(C(=O)Nc2ccc(CC(=O)NCCOC)cc2)cc1,0
ZINC06606714,ChEMBL_zinc_D_3277,O=C(Cn1c(=O)cnc2ccccc21)Nc1ccc(F)cc1F,0
ZINC67798797,ChEMBL_zinc_D_3278,CC(=O)c1ccc(S(=O)(=O)N(C)C(=O)C2CC2c2cccc(F)c2)cc1,0
ZINC66286270,ChEMBL_zinc_D_3279,COCC(=O)Nc1ccc(NC(=O)c2cnn(C)c2C(F)F)cc1,0
ZINC66304546,ChEMBL_zinc_D_3280,CC(=O)NC(CC(=O)NC1CCCCNC1=O)c1c(F)cccc1F,0
ZINC42864929,ChEMBL_zinc_D_3281,COCCn1cc(NC(=O)NCC2CCCO2)cn1,0
ZINC04112863,ChEMBL_zinc_D_3282,O=C([O-])c1ccccc1C(=O)NCCCn1ccnc1,0
ZINC71416076,ChEMBL_zinc_D_3283,CCCCC1CC1C(=O)N1CCc2[nH]nc(-c3ccc(F)c(F)c3)c2C1,0
ZINC07048074,ChEMBL_zinc_D_3284,Cc1cc(C(=O)Cn2nnc(-c3ccccc3C)n2)c(C)n1C1CC1,0
ZINC65927783,ChEMBL_zinc_D_3285,C#CCN1CCC(C(=O)NC(C)c2nc3ccccc3n2CC)CC1,0
ZINC65933994,ChEMBL_zinc_D_3286,COc1ccc(OC)c(CC[NH2+]Cc2cn(C)nc2-c2cccnc2)c1,0
ZINC45317406,ChEMBL_zinc_D_3287,CCN(CC1CCOC1)C(=O)NC(c1ccc(OC)cc1)C1CC1,0
ZINC45463761,ChEMBL_zinc_D_3288,CC(C)C[NH+]1CCC(NC(=O)N2CCC(c3nc4ccccc4o3)CC2)CC1,0
ZINC66382075,ChEMBL_zinc_D_3289,CCC(NC(=O)NCC(=O)NCc1ccccc1)C(C)C,0
ZINC66521143,ChEMBL_zinc_D_3290,COCCn1nc(C(=O)OC(C)COc2ccccc2)ccc1=O,0
ZINC21717177,ChEMBL_zinc_D_3291,Cc1csc2ncc(C(=O)NCc3ccc(OC(C)C)cc3)c(=O)n12,0
ZINC21805142,ChEMBL_zinc_D_3292,COc1ccc(CC(=O)n2nc(-c3ccc(C)c(C)c3)nc2N)cc1,0
ZINC43553256,ChEMBL_zinc_D_3293,CCCCNc1[nH+]c2c(s1)CC1C(C)(CO)C(O)CCC1(C)C2CC(=O)Nc1ccccc1,0
ZINC43567127,ChEMBL_zinc_D_3294,Cc1ccc(NC(=O)c2ccc(F)c(C(F)(F)F)c2)cc1,0
ZINC56129357,ChEMBL_zinc_D_3295,C=CCN(Cc1ccc(OC)cc1)S(=O)(=O)c1ccccc1OC,0
ZINC56137496,ChEMBL_zinc_D_3296,COc1ccccc1C(CNC(=O)C(C)Sc1nncn1C)[NH+](C)C,0
ZINC05727176,ChEMBL_zinc_D_3297,CC(C)CC(C(=O)Nc1cc(Cl)cc(Cl)c1)N1Cc2ccccc2C1=O,0
ZINC57063925,ChEMBL_zinc_D_3298,CCOC(=O)c1c(C)n(C)c2ccc(OC)c(NC(=O)CN3CCN(c4ccccc4)CC3)c21,0
ZINC68165739,ChEMBL_zinc_D_3299,Cc1ccccc1N(CC(=O)NC1CCOc2ccc(F)cc21)S(C)(=O)=O,0
ZINC68173882,ChEMBL_zinc_D_3300,CCn1c2ccccc2nc1C(C)NC(=O)CCn1ncc(=O)c2ccccc21,0
ZINC53325938,ChEMBL_zinc_D_3301,O=C(CCC(=O)c1ccc(F)cc1F)NCCC(=O)NC1CCCC1,0
ZINC53672938,ChEMBL_zinc_D_3302,CCCCNC(=O)C1CCC(C)N(S(=O)(=O)c2cccc(C(C)=O)c2)C1,0
ZINC68133640,ChEMBL_zinc_D_3303,CS(=O)(=O)c1ccc(C(=O)N2CCCC2C[NH+]2CCCCC2)cc1,0
ZINC68578124,ChEMBL_zinc_D_3304,COc1cc(Br)cc(C)c1NC(=O)N1CCCC1c1cccs1,0
ZINC67843599,ChEMBL_zinc_D_3305,COc1ccc(C)c2c1N(C(=O)CCn1c3ccccc3oc1=O)CCC2,0
ZINC67848323,ChEMBL_zinc_D_3306,Cc1ccc(C)c(OC(=O)c2cnc(C)cn2)c1,0
ZINC13944893,ChEMBL_zinc_D_3307,COc1cccc(NC(=O)C2CC(=O)N(CCc3c[nH]c4ccc(F)cc34)C2)c1,0
ZINC13971773,ChEMBL_zinc_D_3308,COc1ccc(OC)c(-c2csc(NC(=O)Cc3ccc(OC)c(C)c3)n2)c1,0
ZINC42811420,ChEMBL_zinc_D_3309,CC1CN(CCCNC(=O)Nc2ccc3c(c2)OCCO3)CC(C)O1,0
ZINC43259773,ChEMBL_zinc_D_3310,O=C(NCc1cccc(F)c1)Nc1ccc(Br)cc1F,0
ZINC35291330,ChEMBL_zinc_D_3311,CC[NH+]1CCN(C(c2nnnn2C(C)(C)C)c2ccc3ncccc3c2)CC1,0
ZINC04033022,ChEMBL_zinc_D_3312,O=C(Nc1cccc(-c2cn3cccnc3n2)c1)c1ccccc1Cl,0
ZINC55151649,ChEMBL_zinc_D_3313,O=C(c1ccccc1)C(Sc1nncn1Cc1ccco1)c1ccccc1,0
ZINC56716673,ChEMBL_zinc_D_3314,COc1c(F)cc(NC(=O)N2CCN(C(=O)c3ccc(C)cc3)CC2)cc1F,0
ZINC68670379,ChEMBL_zinc_D_3315,Cc1ccn2ncc(C(=O)NCc3ccc(COc4ccccc4)cc3)c2n1,0
ZINC68678464,ChEMBL_zinc_D_3316,CC(=O)Nc1ccc(F)c(C(=O)Oc2cc(F)ccc2C(C)=O)c1,0
ZINC63825720,ChEMBL_zinc_D_3317,CC(C)OCC(=O)NCCc1nnc2n1CCC2,0
ZINC64473869,ChEMBL_zinc_D_3318,O=C(CC1CCCCC1)N1CCCN(c2nccs2)CC1,0
ZINC48776489,ChEMBL_zinc_D_3319,CCCOc1cc(C[NH2+]Cc2nn(-c3ccccc3)c3c2CCC3)ccc1OC,0
ZINC69796451,ChEMBL_zinc_D_3320,Cc1nn(C[NH+]2CCCC(CN3CCOCC3)C2)c(=O)c2ccccc12,0
ZINC67849969,ChEMBL_zinc_D_3321,O=C(c1coc(CN2CCN(c3ncccn3)CC2)n1)N1CCc2sccc2C1,0
ZINC67905387,ChEMBL_zinc_D_3322,COc1ccc(Cl)cc1C1(CNc2ncnc3[nH]ncc32)CCOCC1,0
ZINC12851097,ChEMBL_zinc_D_3323,CC(C)C(=O)Nc1ccc(C(=O)C(C)Sc2nnnn2C(C)(C)C)cc1,0
ZINC03368149,ChEMBL_zinc_D_3324,CCOc1ccc(-n2c(SCC(=O)N(CC)CC)nnc2-c2cccc(C)c2)cc1,0
ZINC58976989,ChEMBL_zinc_D_3325,CN(Cc1ccccn1)C(=O)CCc1ccc2ccccc2c1,0
ZINC59131678,ChEMBL_zinc_D_3326,Cc1ccc(N2CC(C(=O)Nc3ccccc3C(=O)Nc3ccccc3)CC2=O)cc1C,0
ZINC18414553,ChEMBL_zinc_D_3327,COc1ccc(-c2nnc(SCC(=O)N3CCN(c4cccc(C)c4C)CC3)o2)cc1,0
ZINC19220220,ChEMBL_zinc_D_3328,Cc1ccc2[nH]c(C3CCCN(C(=O)CC4CCCCO4)C3)c(-c3ccncc3)c2c1,0
ZINC13645882,ChEMBL_zinc_D_3329,Cc1ccsc1C1Nc2ccc(C)cc2C2C=CCC21,0
ZINC13657048,ChEMBL_zinc_D_3330,Cc1cc(NC(=O)C2CCN(S(=O)(=O)c3ccc(F)cc3)CC2)n(C(C)C)n1,0
ZINC49400215,ChEMBL_zinc_D_3331,CC(C)[NH+](C)CC(=O)Nc1cccc2c1OCCO2,0
ZINC49432261,ChEMBL_zinc_D_3332,O=C(C1CCCCC1)N1CCC(Oc2nc3c(cccc3F)s2)CC1,0
ZINC02652707,ChEMBL_zinc_D_3333,OC(C[NH2+]CCc1ccc(C(F)(F)F)cc1)COC(c1ccccc1)c1ccccc1,0
ZINC10187036,ChEMBL_zinc_D_3334,CC(=O)N1CCc2c(sc(NC(=O)C3CCCN3S(=O)(=O)c3cccs3)c2C(N)=O)C1,0
ZINC35398844,ChEMBL_zinc_D_3335,Cc1cc(C)cc(NC(=O)CN2c3ccccc3C(C)(C)C2=O)c1,0
ZINC64591044,ChEMBL_zinc_D_3336,CCOC(=O)C1CCN(c2cc3c(cc2NC(=O)NCC2CCCO2)n(C)c(=O)n3C)CC1,0
ZINC68374845,ChEMBL_zinc_D_3337,CC(c1cccnc1)N(C)C(=O)NCCCOC1CCCCC1,0
ZINC68588018,ChEMBL_zinc_D_3338,COc1ccc(OC)c(CCNC(=O)N(C)C(C)c2cccnc2)c1,0
ZINC06816346,ChEMBL_zinc_D_3339,COc1cccc(-n2nnc(C(=O)Nc3cc(Cl)c(OC)cc3OC)c2C)c1,0
ZINC69818076,ChEMBL_zinc_D_3340,CNC(=O)C1CCCN(C(=O)c2oc3c(cccc3C)c2C)C1,0
ZINC67841943,ChEMBL_zinc_D_3341,Fc1ccc(C2(c3noc(Cc4ncccn4)n3)CCOC2)cc1,0
ZINC67908919,ChEMBL_zinc_D_3342,O=C(Cc1cccc(Cl)c1)N1CCOc2ccccc2C1,0
ZINC35376163,ChEMBL_zinc_D_3343,CCOC(=O)c1cc(S(=O)(=O)N2CCCC2C(=O)N2CCc3ccccc3C2)cn1C,0
ZINC35422402,ChEMBL_zinc_D_3344,CCCn1c(=O)cc(C(=O)Nc2ccccc2C(=O)OCC)c2c(=O)n(CCC)c(=O)n(C)c21,0
ZINC44150517,ChEMBL_zinc_D_3345,CCOC(=O)COc1cccc(NC(=O)NCCc2cn3ccccc3n2)c1,0
ZINC13699283,ChEMBL_zinc_D_3346,CCn1nccc1C(=O)N=c1sc2cc(F)cc(F)c2n1CC(=O)OC,0
ZINC58686628,ChEMBL_zinc_D_3347,CC1CCC(NC(=O)OC(C)(C)C)(C(=O)Nc2cccc(OCC#N)c2)CC1,0
ZINC69870242,ChEMBL_zinc_D_3348,CC1CC(C)CN(S(=O)(=O)NCCc2ccc(F)cc2F)C1,0
ZINC07618404,ChEMBL_zinc_D_3349,CCn1c(SC(C(=O)Nc2ccc(F)cc2)c2ccccc2)nnc1C1CC1,0
ZINC07669289,ChEMBL_zinc_D_3350,COCCNC(=O)C1CCCN1S(=O)(=O)c1ccc2ccccc2c1,0
ZINC69016837,ChEMBL_zinc_D_3351,CC1CN(CC2CC[NH+](CC(=O)NCc3ccccn3)CC2)CC(C)O1,0
ZINC69038589,ChEMBL_zinc_D_3352,COc1ccc(CCNC(=O)NC2CCN(c3ccccc3)C2=O)cc1,0
ZINC58672071,ChEMBL_zinc_D_3353,CCC(=O)Nc1cccc(NC(=O)C(C)(C)c2ccccc2OC)c1,0
ZINC69827169,ChEMBL_zinc_D_3354,O=C(NC(Cn1cncn1)c1ccccc1)NC1CC1c1ccccc1Cl,0
ZINC68371312,ChEMBL_zinc_D_3355,Cc1c(C(=O)NCc2ccc(N3CCOCC3)[nH+]c2)cnn1-c1ccccc1F,0
ZINC68381220,ChEMBL_zinc_D_3356,COc1ccc(Cl)c(NC(=O)c2ccnc3ccccc32)c1,0
ZINC08866903,ChEMBL_zinc_D_3357,COCCn1c2c(cc(F)cc2F)sc1=NS(=O)(=O)c1ccccc1,0
ZINC09138149,ChEMBL_zinc_D_3358,COc1ccccc1CNC(=O)C(Cc1c[nH]c2ccccc12)NC(=O)C1Cc2ccccc2C[NH2+]1,0
ZINC49462587,ChEMBL_zinc_D_3359,O=S(=O)(NCC1(CO)CC1)c1ccc(Br)s1,0
ZINC52927550,ChEMBL_zinc_D_3360,CC(C)OCC[NH+](C)Cc1ccc(C(F)(F)F)cc1,0
ZINC57558094,ChEMBL_zinc_D_3361,COc1ccccc1CC1CCCN1C(=O)CCCn1cncn1,0
ZINC58230345,ChEMBL_zinc_D_3362,CN(CC(=O)Nc1ccc(NC2CCCCC2)cc1)c1cnccn1,0
ZINC67670664,ChEMBL_zinc_D_3363,Cc1nccn1-c1cc(C[NH2+]Cc2ccccc2OC(C)C)ccn1,0
ZINC67712121,ChEMBL_zinc_D_3364,Cc1ccc2cccc(OCc3csc(-c4cnn(C)c4)n3)c2n1,0
ZINC66537122,ChEMBL_zinc_D_3365,CCNC(=O)NC1CCC(OC(=O)c2ccc(C#N)cc2)CC1,0
ZINC66583214,ChEMBL_zinc_D_3366,Cc1cc(C)n(Cc2cccc(NC(C)c3nnc(-c4ccccc4)o3)c2)n1,0
ZINC17054486,ChEMBL_zinc_D_3367,CCOc1ccc(S(=O)(=O)NCCC(=O)NC(C)C(C)C)cc1,0
ZINC19288164,ChEMBL_zinc_D_3368,CC(=O)N1c2ccc(S(=O)(=O)NCCCn3cc[nH+]c3C)cc2CC1C,0
ZINC67889139,ChEMBL_zinc_D_3369,Cc1nnc(C(NC(=O)CCC2CCCO2)c2ccccc2)n1C,0
ZINC67922803,ChEMBL_zinc_D_3370,CN(Cc1nnc2ccccn21)C(=O)COc1ccccc1OCC(F)(F)F,0
ZINC46166587,ChEMBL_zinc_D_3371,CCn1c(CNC(=O)CCC2CCCO2)nc2ccccc21,0
ZINC02283906,ChEMBL_zinc_D_3372,C[NH+](C)CCCNc1ncnc2c1sc1nc(-c3ccco3)c3c(c12)CCCC3,0
ZINC69092586,ChEMBL_zinc_D_3373,CCC[NH+](C)CC(=O)NC(C)c1ccc(Cl)c(Cl)c1,0
ZINC09946592,ChEMBL_zinc_D_3374,Cc1[nH]c(SCC(=O)N(C)CCC#N)nc1Cc1ccccc1,0
ZINC31926624,ChEMBL_zinc_D_3375,O=C(c1cnccn1)N1CCCc2cc(F)c(F)cc21,0
ZINC32112541,ChEMBL_zinc_D_3376,Cc1cccc(NCC(=O)NCC2CCCO2)c1C,0
ZINC07248142,ChEMBL_zinc_D_3377,Cc1ccc(S(=O)(=O)N(C)CC2COc3ccccc3O2)c(C)c1,0
ZINC06338027,ChEMBL_zinc_D_3378,O=C(Nc1nc(-c2ccccc2)cs1)c1ccccc1C(F)(F)F,0
ZINC55611880,ChEMBL_zinc_D_3379,COc1ccc(C(N)=O)cc1[N-]S(=O)(=O)c1ccc(C)cc1Br,0
ZINC55687752,ChEMBL_zinc_D_3380,CCCOc1ccc([N-]S(=O)(=O)c2cc(C(N)=O)n(C)c2)c(C)c1,0
ZINC03566895,ChEMBL_zinc_D_3381,CCc1ccc(NC(=O)c2cc(S(=O)(=O)N3CCOCC3)ccc2C)cc1,0
ZINC04165043,ChEMBL_zinc_D_3382,CCOc1ccc(-c2nnc3ccc(SCC(=O)N4CCCCCC4)nn32)cc1,0
ZINC67740107,ChEMBL_zinc_D_3383,CS(=O)(=O)N1CCC([NH2+]CCSc2cnn[nH]2)CC1,0
ZINC67773603,ChEMBL_zinc_D_3384,N#Cc1cccnc1NCCNC(=O)NCC1CC[NH+](Cc2ccccc2)CC1,0
ZINC00056371,ChEMBL_zinc_D_3385,O=C1c2ccccc2C([NH2+]Cc2cccnc2)N1Cc1cccnc1,0
ZINC08759021,ChEMBL_zinc_D_3386,O=C(CSc1nnc(-c2ccc(Br)cc2)o1)Nc1ccc2c(c1)OCO2,0
ZINC66019703,ChEMBL_zinc_D_3387,COCCN(C(=O)C(C)Cc1cccc(F)c1)c1nc2ccccc2s1,0
ZINC66049590,ChEMBL_zinc_D_3388,Cc1ccc(C)c(C(=O)CCC(=O)NCc2ccccc2CO)c1,0
ZINC09152566,ChEMBL_zinc_D_3389,CC1Cc2cc(S(=O)(=O)N3CCC(C(=O)Nc4cccc(F)c4)CC3)ccc2N1C(=O)C1CCC1,0
ZINC09254021,ChEMBL_zinc_D_3390,O=C(Nc1ccc(Cl)c(Cl)c1)N1CCNC(=O)C1,0
ZINC43316663,ChEMBL_zinc_D_3391,O=C(Nc1cccc2c1CCCC2)N1CCCC1c1nc2ccccc2[nH]1,0
ZINC02761512,ChEMBL_zinc_D_3392,O=C(Nc1cnn(Cc2c(Cl)cccc2Cl)c1)C1CC1c1ccccc1,0
ZINC64462503,ChEMBL_zinc_D_3393,COC(=O)NC(Cc1ccccc1)C(=O)N(C)Cc1ccc(F)cc1F,0
ZINC64482916,ChEMBL_zinc_D_3394,CCCOc1ccc(CNC(=O)C[NH+](Cc2ccco2)CC2CCCO2)cc1,0
ZINC63476529,ChEMBL_zinc_D_3395,Cn1cnnc1Sc1ccc([N-]S(=O)(=O)c2cncc(F)c2)cc1,0
ZINC63602489,ChEMBL_zinc_D_3396,CCCN(C)C(=O)c1ccc(-c2ccc(OC(C)=O)cc2)cc1,0
ZINC42009029,ChEMBL_zinc_D_3397,CN(C)C(=O)C1CCCN1C(=O)CCc1ccco1,0
ZINC45447720,ChEMBL_zinc_D_3398,Cc1cc(C(=O)N2CC(C)OCC2C)on1,0
ZINC04032890,ChEMBL_zinc_D_3399,CCCCOc1ccc(C(=O)NCCc2cc3ccc(OC)cc3[nH]c2=O)cc1,0
ZINC35093170,ChEMBL_zinc_D_3400,COC(=O)CN1CC(CC(C)NC(=O)c2ccco2)c2ccccc21,0
ZINC57512848,ChEMBL_zinc_D_3401,CC(Oc1ccc(F)cc1)C(=O)NCc1cc2ccccc2o1,0
ZINC06145797,ChEMBL_zinc_D_3402,COc1ccc(S(=O)(=O)NCC[NH2+]CC2CC3C=CC2C3)cc1,0
ZINC66082253,ChEMBL_zinc_D_3403,CCCOC(=O)CC1C(=O)NCCN1C(=O)CNc1ccc(C(=O)N(CCC)CCC)cc1,0
ZINC66653298,ChEMBL_zinc_D_3404,CCOCCCC(=O)NCC1CC[NH+](C)C1,0
ZINC68576335,ChEMBL_zinc_D_3405,CN1C(=O)CCC(C(=O)[O-])C1c1cccs1,0
ZINC68605228,ChEMBL_zinc_D_3406,Cc1ccc(C2CC2C(=O)OCCNc2ncccc2C#N)s1,0
ZINC58159410,ChEMBL_zinc_D_3407,N#CC(C[NH+]1CCCC1)C(O)c1ccncc1,0
ZINC47209546,ChEMBL_zinc_D_3408,CCNC(=O)COc1cc(C)ccc1C(C)C,0
ZINC05631341,ChEMBL_zinc_D_3409,O=C([O-])C1CC=CCC1C(=O)Nc1nc(-c2ccc(Cl)c(Cl)c2)cs1,0
ZINC56140209,ChEMBL_zinc_D_3410,N#Cc1cccc(CNC(=O)c2cccc(NC(=O)NC3CC3)c2)c1,0
ZINC63338032,ChEMBL_zinc_D_3411,CCOC(=O)COc1cccc(C(=O)Nc2ccc(Cl)c(NC(C)=O)c2)c1,0
ZINC63375228,ChEMBL_zinc_D_3412,Cc1cccc(-n2c(=O)[nH]c([O-])c(C3C4[NH+]=c5ccccc5=C4CCN3C)c2=O)c1C,0
ZINC14060196,ChEMBL_zinc_D_3413,CCn1c2ccc(OC)cc2sc1=NC(=O)c1cccc(S(C)(=O)=O)c1,0
ZINC14196472,ChEMBL_zinc_D_3414,CC(C)n1ncc2c1nc(C1CC1)cc2C(=O)OCc1ccc(C(N)=O)cc1,0
ZINC67378042,ChEMBL_zinc_D_3415,c1csc(CC[NH+]2CCN(Cc3ncc(-c4cccs4)o3)CC2)c1,0
ZINC67383438,ChEMBL_zinc_D_3416,CC(COCC(F)(F)F)Nc1cc(C(=O)NC2CC2)c2ccccc2n1,0
ZINC12713783,ChEMBL_zinc_D_3417,Cc1cc(-c2nnc(CCC(=O)N(CC3CCC3)CC3CCCO3)o2)c(C)o1,0
ZINC06745142,ChEMBL_zinc_D_3418,Cc1ccnc(N2C(=O)c3ccccc3C2Nc2ccc(F)c(Cl)c2)c1,0
ZINC04758028,ChEMBL_zinc_D_3419,CN(C)c1cc2c(cc1NC(=O)c1ccccc1)n(C)c(=O)n2C,0
ZINC46842371,ChEMBL_zinc_D_3420,COCCOc1ccc(CNC(=O)N2CCN(c3nccs3)CC2)cc1,0
ZINC03042726,ChEMBL_zinc_D_3421,Cc1cccc(Cn2c(=O)cc(C(=O)NCc3ccccc3)c3ccccc32)c1,0
ZINC44095397,ChEMBL_zinc_D_3422,CCSc1ccccc1C(=O)N1CCN(c2ccc(-c3noc(C(C)C)n3)c[nH+]2)CC1,0
ZINC08598923,ChEMBL_zinc_D_3423,CCOc1ccccc1NC(=O)c1ccc2oc(=O)c(S(=O)(=O)c3ccc(F)cc3)cc2c1,0
ZINC00736916,ChEMBL_zinc_D_3424,Cc1cccc(-n2c(=O)c3ccccc3nc2C(C)[NH2+]CCc2ccccc2)c1,0
ZINC02341780,ChEMBL_zinc_D_3425,COCC(C)OC(=O)c1c(N)n(-c2ccc(OC)c(OC)c2)c2nc3ccccc3nc12,0
ZINC08880049,ChEMBL_zinc_D_3426,COc1cccc(N2CC34C=CC(O3)C(C(=O)NCc3ccccc3OC)C4C2=O)c1,0
ZINC47298903,ChEMBL_zinc_D_3427,C[NH+](C)CCOc1ccccc1C(=O)NCCOc1ccc(F)cc1,0
ZINC47360785,ChEMBL_zinc_D_3428,Cc1ccc(S(=O)(=O)N(C)C(=O)c2ccc(COc3ccccc3)o2)cc1,0
ZINC66545917,ChEMBL_zinc_D_3429,CCCOc1ccc(COC(=O)C2CCCN2C(=O)C(C)(C)C)cc1,0
ZINC66600740,ChEMBL_zinc_D_3430,CSc1cccc(NC(=O)C(NC(=O)CC(C)C)c2ccccc2)c1,0
ZINC68966458,ChEMBL_zinc_D_3431,CCCCC(C(N)=O)[NH+](C)CCOc1ccc(F)cc1,0
ZINC69055891,ChEMBL_zinc_D_3432,N#CCCN(C(=O)COc1cccc(F)c1)c1ccc(F)cc1,0
ZINC68550212,ChEMBL_zinc_D_3433,NC(=O)CCNC(=O)NC(c1ccccc1)c1ccc(Br)cc1,0
ZINC68558454,ChEMBL_zinc_D_3434,Cc1nc(-c2ccc(CC(=O)NCCOCC3CCOC3)cc2)cs1,0
ZINC63870420,ChEMBL_zinc_D_3435,CCCCn1c(C)c(C)nc1S(=O)(=O)CC(=O)Nc1cc(C(C)C)no1,0
ZINC64385113,ChEMBL_zinc_D_3436,COc1ccc(OC)c(C2CCCN2C(=O)c2ccc3c(c2)COC3)c1,0
ZINC07025533,ChEMBL_zinc_D_3437,O=C(Cn1ncc(=O)c2ccccc21)Nc1ccc(Oc2ccccc2)cc1,0
ZINC71422197,ChEMBL_zinc_D_3438,Cc1ccccc1CCC1CCCN(C(=O)CCn2ccc(=O)[nH]c2=O)C1,0
ZINC56912565,ChEMBL_zinc_D_3439,Cc1ccccc1-n1nc2c(c1-n1cccc1)CN(C(=O)Cc1ccc(S(=O)(=O)C(C)C)cc1)C2,0
ZINC16993367,ChEMBL_zinc_D_3440,COCCn1c(C)cc([O-])c(C(c2ccc(OC)cc2OC)N2CCN(c3ccccc3)CC2)c1=O,0
ZINC21860418,ChEMBL_zinc_D_3441,COc1ccc(CCN2C(=O)c3nc4ccccc4n3CC2(C)C(=O)NC2CCCCC2)cc1OC,0
ZINC21879640,ChEMBL_zinc_D_3442,COc1cccc(NC(=O)c2ccc(CN3c4cc(-c5ccccc5)nn4CCC3=O)cc2)c1,0
ZINC06737880,ChEMBL_zinc_D_3443,O=C1c2ccccc2-c2onc3c2c1c(N1CCCCC1)cc3N1CCOCC1,0
ZINC69272372,ChEMBL_zinc_D_3444,Cc1nn(C)cc1C(C)NC(=O)NCc1ccccc1CN1CC(C)OC(C)C1,0
ZINC53978534,ChEMBL_zinc_D_3445,O=C(NCc1ccc(OC(F)F)cc1)N1CCN(C(=O)C2CCCO2)CC1,0
ZINC54426504,ChEMBL_zinc_D_3446,O=C1c2ccccc2NC(c2cccc3c2OCO3)N1Cc1ccco1,0
ZINC68520788,ChEMBL_zinc_D_3447,Cc1ccc(C(O)C[NH+]2CCCC2C(=O)N2CCOCC2)cc1C,0
ZINC68588567,ChEMBL_zinc_D_3448,NC(=O)c1ccc(OCC(=O)OC2CCCC2n2cccn2)cc1,0
ZINC55602900,ChEMBL_zinc_D_3449,Cc1ccc(C(=O)N2CCCN(C(=O)COc3ccccc3)CC2)cc1F,0
ZINC65719361,ChEMBL_zinc_D_3450,COc1ccc2cc(C(=O)NC(C)COc3ccccc3F)[nH]c2c1,0
ZINC46949877,ChEMBL_zinc_D_3451,CCC(CC)(CNC(=O)N(C)C(C)c1ccccc1OC)[NH+](C)C,0
ZINC48300650,ChEMBL_zinc_D_3452,CNC(=O)C(CC(C)C)NC(=O)c1cc(C2CC2)nc2onc(C)c21,0
ZINC34924963,ChEMBL_zinc_D_3453,COc1ccccc1Cc1nccnc1Cl,0
ZINC35766515,ChEMBL_zinc_D_3454,CC(C)CN(CC(=O)N(CCc1ccccc1)Cc1ccco1)S(C)(=O)=O,0
ZINC67807778,ChEMBL_zinc_D_3455,CC1CC(C)CN(C(=O)COc2ccc(S(=O)(=O)N3CCCCC3)cc2)C1,0
ZINC67871321,ChEMBL_zinc_D_3456,O=C(C1C2C[NH2+]CC21)N1CCOc2c(O)cc(-c3cccc(Cl)c3)cc2C1,0
ZINC08793896,ChEMBL_zinc_D_3457,CCSc1nc2c(cnn2CCNC(=O)c2cccc(Cl)c2)c(N2CCOCC2)n1,0
ZINC08915665,ChEMBL_zinc_D_3458,O=C(COc1c(F)c(F)c(F)c(F)c1F)Nc1nonc1-c1ccc(Cl)cc1,0
ZINC39566027,ChEMBL_zinc_D_3459,CCOC(=O)CCC1=CC(C)N=C1C(=O)OCC,0
ZINC42774080,ChEMBL_zinc_D_3460,COc1ccc(COCC2CC[NH2+]C2)cc1,0
ZINC64698590,ChEMBL_zinc_D_3461,CCNC(=O)CNC(=O)CCc1nc(-c2cc(Br)cs2)no1,0
ZINC64799259,ChEMBL_zinc_D_3462,C=CCOc1cc(C2CC(=O)Nc3c(S(=O)(=O)c4ccc(OC)cc4)csc32)ccc1OC,0
ZINC71712064,ChEMBL_zinc_D_3463,CCC1CN(C(=O)c2ccc(C)c(F)c2F)CCC(=O)N1Cc1ccccc1,0
ZINC71721628,ChEMBL_zinc_D_3464,COCc1nnc(C(=O)N(C)Cc2csc(-c3ccccc3)n2)o1,0
ZINC72091480,ChEMBL_zinc_D_3465,CCC(NC(=O)C1CCCN(C(=O)CCOc2ccccc2)C1)c1nc2ccccc2[nH]1,0
ZINC72158159,ChEMBL_zinc_D_3466,CNS(=O)(=O)CCNC(=O)CC1C(=O)NCC[NH+]1Cc1ccccc1,0
ZINC64107325,ChEMBL_zinc_D_3467,CCCCCOC(=O)c1nc2ncc(Br)cn2n1,0
ZINC64414882,ChEMBL_zinc_D_3468,CCN(CC)C(=O)CNC(=O)NC(C)c1ccc(Cl)cc1Cl,0
ZINC67915992,ChEMBL_zinc_D_3469,CC(C)C(C)CC(=O)N1CCCN(C(=O)Nc2cccc(Cl)c2)CC1,0
ZINC67936522,ChEMBL_zinc_D_3470,CC(=O)Nc1cc(NC(=O)c2cccn2C)ccc1Cl,0
ZINC15069030,ChEMBL_zinc_D_3471,COCCNC(=O)c1cn(C2CCN(C(=O)Cc3cccc(C(F)(F)F)c3)CC2)nn1,0
ZINC01380401,ChEMBL_zinc_D_3472,Cc1nc2cc(F)ccc2n1C1CCN(C(=O)c2cccc(F)c2)CC1,0
ZINC04907402,ChEMBL_zinc_D_3473,C=CCc1cc(C)ccc1OCC[NH+]1CC(C)OC(C)C1,0
ZINC48441435,ChEMBL_zinc_D_3474,N#CCCC(C#N)Cn1nc(-c2ccco2)oc1=O,0
ZINC42596869,ChEMBL_zinc_D_3475,COC(=O)C(CC(C)C)NC(=O)C(C)Sc1nnnn1C1CC1,0
ZINC43714033,ChEMBL_zinc_D_3476,NC(=O)c1ccc(NC(=O)N2CCC(c3nc4ccccc4s3)CC2)cc1,0
ZINC51917196,ChEMBL_zinc_D_3477,CC(=O)c1cccc(S(=O)(=O)N(C)C(=O)CCCc2nc(C)no2)c1,0
ZINC52182611,ChEMBL_zinc_D_3478,COc1ccccc1C[NH+](CC(=O)NCCc1cccs1)C1CC1,0
ZINC37996050,ChEMBL_zinc_D_3479,CC(C)(O)CSc1nnnn1-c1ccc(O)cc1,0
ZINC12528739,ChEMBL_zinc_D_3480,Cc1ccc(NC(=O)c2ccccc2OCC(=O)Nc2ccccc2F)cc1S(=O)(=O)N(C)C,0
ZINC67517982,ChEMBL_zinc_D_3481,CC(=O)NC(CC(=O)N1CCCC2CC(C)CCC21)c1ccc(C)cc1,0
ZINC67541256,ChEMBL_zinc_D_3482,CC(NC(=O)Nc1nc2ccccc2s1)C(=O)NC1CCCC1,0
ZINC65487664,ChEMBL_zinc_D_3483,COCCCCNC(=O)NC(C)Cc1ccccc1F,0
ZINC65696206,ChEMBL_zinc_D_3484,CCCCN(CCO)C(=O)NCc1ccc2[nH]c(C)c(C)c2c1,0
ZINC04023231,ChEMBL_zinc_D_3485,COC(=O)Cc1cc(OC)c(OC)cc1C(C)=O,0
ZINC34777843,ChEMBL_zinc_D_3486,CC(=O)c1sc2c(c1C)c(=O)n(Cc1cc(C)ccc1C)c(=O)n2CC(=O)N(C)C,0
ZINC14181472,ChEMBL_zinc_D_3487,CC(=O)Nc1ccc(CC(=O)NC2CC[NH+](Cc3ccccc3)CC2)cc1,0
ZINC14206437,ChEMBL_zinc_D_3488,CCN(Cc1ccccc1)c1ncnc2c1cnn2C,0
ZINC68605688,ChEMBL_zinc_D_3489,CNC(=O)C[NH+]1CCC(NC(=O)Nc2cccnc2Cl)CC1,0
ZINC68678194,ChEMBL_zinc_D_3490,Cc1cccc(COc2ccc(C(C)NC(=O)C3CCOC3)cc2)c1,0
ZINC66529637,ChEMBL_zinc_D_3491,CC1(C)C(=O)NCC[NH+]1CC(O)c1ccc(F)c(F)c1,0
ZINC66615279,ChEMBL_zinc_D_3492,Cc1cc(C2CCCN2C(=O)c2csc(-c3ccccc3Cl)n2)on1,0
ZINC08453299,ChEMBL_zinc_D_3493,COC(=O)C1C(=O)C(C(=O)OC)C(c2cccs2)C(C#N)(C#N)C1c1cccs1,0
ZINC08921885,ChEMBL_zinc_D_3494,CCN1c2ccc(Br)cc2C(O)(CC(=O)c2ccc3c(c2)OCO3)C1=O,0
ZINC71045769,ChEMBL_zinc_D_3495,CC(C)CC1COCCN1C(=O)C1CC(=O)N(CC(F)(F)F)C1,0
ZINC15934812,ChEMBL_zinc_D_3496,COc1ccc(C)cc1NC(=O)c1ccc2c(c1)[nH]c([O-])c(S(=O)(=O)c1ccccc1)c2=O,0
ZINC65938370,ChEMBL_zinc_D_3497,CCc1nc(CC(=O)N(CC[NH+](C)C)Cc2ccc(F)c(F)c2)cs1,0
ZINC66067667,ChEMBL_zinc_D_3498,CC(=O)NC(CC(=O)NCCC[NH+]1CCCC1)c1ccc(Cl)cc1,0
ZINC45939977,ChEMBL_zinc_D_3499,CCC(C)C(=O)Nc1cccc(CNC(=O)c2ccccc2-c2ccccc2C#N)c1,0
ZINC06975561,ChEMBL_zinc_D_3500,CC(OC(=O)c1n[nH]c2ccccc21)C(=O)c1ccc(NS(C)(=O)=O)cc1,0
ZINC65695005,ChEMBL_zinc_D_3501,CCCc1nc(CSc2nnc(-c3ccncc3)n2CC(F)(F)F)no1,0
ZINC65714306,ChEMBL_zinc_D_3502,CN(C)C(=O)Cn1cc(C(=O)Nc2sc3c(c2C#N)CCC3)nn1,0
ZINC15997078,ChEMBL_zinc_D_3503,CC(NC(=O)c1cccc(S(C)(=O)=O)c1)c1ccc(Cl)cc1Cl,0
ZINC60508715,ChEMBL_zinc_D_3504,CC(=O)Nc1ccc(C)c(S(=O)(=O)NCc2ccccc2OCC(C)C)c1,0
ZINC03557761,ChEMBL_zinc_D_3505,CCCCCc1nnc(NC(=O)Cc2ccccc2F)s1,0
ZINC55866521,ChEMBL_zinc_D_3506,CCC(CC)NC(=O)CNc1cc(Cl)ccc1C(=O)N1CCCC1,0
ZINC29787702,ChEMBL_zinc_D_3507,CC1(C)CC(NC(=O)CCc2ccsc2)CC(C)(C)[NH2+]1,0
ZINC33123131,ChEMBL_zinc_D_3508,Cc1nn2c(c1-c1ccc(C)c(S(=O)(=O)Nc3ccc(F)c(F)c3)c1)NC(=O)CCC2=O,0
ZINC21885813,ChEMBL_zinc_D_3509,CCc1ccc(CNC(=O)CCn2cnc3c(c(C)c(C)n3-c3ccccc3)c2=O)cc1,0
ZINC21913360,ChEMBL_zinc_D_3510,COc1ccc(C2=C(C)C(=O)N(Cc3ccc(C(=O)NCC4CCCO4)cc3)S2(=O)=O)cc1,0
ZINC67918814,ChEMBL_zinc_D_3511,O=C(NCCc1cccs1)Nc1cc(Br)c[nH]c1=O,0
ZINC67925697,ChEMBL_zinc_D_3512,CS(=O)c1ccc(C(=O)Oc2ccc(C(=O)NCC(F)(F)F)cc2)cc1,0
ZINC04550274,ChEMBL_zinc_D_3513,CC(C)CNC(=O)COc1ccccc1C(N)=O,0
ZINC42157488,ChEMBL_zinc_D_3514,Cc1ccc2ncn(CCCn3cnc4ccc(C)cc4c3=O)c(=O)c2c1,0
ZINC14291818,ChEMBL_zinc_D_3515,COc1ccc(C(=O)Nc2c(F)cccc2F)cc1S(=O)(=O)N1CCCCC1,0
ZINC14374032,ChEMBL_zinc_D_3516,CC(NC(=O)CNC(=O)NCc1ccc(F)cc1)c1ccc(F)cc1,0
ZINC67566646,ChEMBL_zinc_D_3517,CCOC1CCCN(C(=O)Nc2ccc(N(C)C)[nH+]c2)C1,0
ZINC67581296,ChEMBL_zinc_D_3518,CC1(C)CC(NC(=O)NCCCNc2ccccc2)CC(C)(C)[NH2+]1,0
ZINC55982839,ChEMBL_zinc_D_3519,CCOc1ccc(CCC(=O)Nc2ccc(C(=O)OC)cc2C)cc1,0
ZINC65788124,ChEMBL_zinc_D_3520,O=C(Nc1ccc(Cl)nc1)N1CCCC1c1ccc(Cl)cc1,0
ZINC68535374,ChEMBL_zinc_D_3521,COc1cc(C(=O)NCCOCC2CCOC2)cc(Cl)c1OCCC(C)C,0
ZINC68755972,ChEMBL_zinc_D_3522,CC(OCC1CCCO1)C(=O)N(C)Cc1ccccc1F,0
ZINC08962984,ChEMBL_zinc_D_3523,COc1cccc2cc(-c3nnc(NC(=O)c4ccc(N(C)C)cc4)o3)oc21,0
ZINC09096621,ChEMBL_zinc_D_3524,COc1cccc(Nc2nc(N)nc(CSc3nnnn3C)n2)c1,0
ZINC47443753,ChEMBL_zinc_D_3525,CC(NC(=O)c1cc(-c2ccccc2Cl)on1)c1nnc2ccccn21,0
ZINC65612901,ChEMBL_zinc_D_3526,COCC[NH+](C)CCCNC(=O)Cc1cn(C)c2ccccc12,0
ZINC06664679,ChEMBL_zinc_D_3527,CC1CN(c2cnn(-c3nc4ccccc4n3C)c(=O)c2Cl)CC(C)O1,0
ZINC09009546,ChEMBL_zinc_D_3528,CCC(=O)Oc1ccc(C2Nc3ccccc3N=C3CC(C)(C)CC(=O)C32)cc1,0
ZINC69777575,ChEMBL_zinc_D_3529,CCOC(=O)CN(C)C(=O)CSc1nnc(-c2ccc(C)cc2)o1,0
ZINC48883169,ChEMBL_zinc_D_3530,COC(=O)Cc1ccc(OC(=O)C(C)Sc2ccc(NC(C)=O)cc2)cc1,0
ZINC14460422,ChEMBL_zinc_D_3531,CC(NC(=O)c1cccc2c1NC(c1cccc(Cl)c1)C1CC=CC21)c1ccccc1,0
ZINC14479616,ChEMBL_zinc_D_3532,CCCCNC(=O)c1cccc2c1NC(c1ccc(OC)c(OC)c1)C1CC=CC21,0
ZINC36459490,ChEMBL_zinc_D_3533,Nc1cnccc1C(=O)c1ccccc1,0
ZINC36721609,ChEMBL_zinc_D_3534,O=C([O-])c1nn(-c2c(Cl)cc(Cl)cc2Cl)cc1O,0
ZINC65487863,ChEMBL_zinc_D_3535,Cc1noc(CCNC(=O)c2ccc(N(C)C)c(F)c2)n1,0
ZINC65613960,ChEMBL_zinc_D_3536,Cc1noc(C)c1S(=O)(=O)NC(C)C(=O)NCCc1ccc(C)cc1C,0
ZINC59133759,ChEMBL_zinc_D_3537,O=C(CCSc1nc2ccccc2o1)Nc1cccc2ccccc21,0
ZINC59267108,ChEMBL_zinc_D_3538,COC(=O)c1ccc(C)c2c1C1C=CCC1C(c1ccc(Cl)cc1)N2,0
ZINC66060717,ChEMBL_zinc_D_3539,CCN(CC(=O)NC(C)C)C(=O)COc1ccc(C(=O)OC)cc1,0
ZINC66089720,ChEMBL_zinc_D_3540,COC(=O)Cn1c(=O)sc2c1N(c1ccc(F)cc1)C(=O)CC2c1ccc(OC)c(OC)c1,0
ZINC01018854,ChEMBL_zinc_D_3541,Cc1ccc(-c2csc(SCC(N)=O)n2)cc1,0
ZINC43643926,ChEMBL_zinc_D_3542,CN(Cc1ccc(F)cc1F)C(=O)Nc1ccc2c(c1)OCCO2,0
ZINC00818834,ChEMBL_zinc_D_3543,CC1(C(=O)Nc2cc(Cl)ccc2Cl)Cc2ccccc2C(=O)O1,0
ZINC40539979,ChEMBL_zinc_D_3544,CC(NC(=O)CS(=O)(=O)c1nncn1C)c1ccc(F)cc1,0
ZINC69963133,ChEMBL_zinc_D_3545,CCC(CNC(=O)NCCNC(=O)c1ccc(F)cc1F)Oc1ccccc1,0
ZINC69971673,ChEMBL_zinc_D_3546,CC(=O)NCCNC(=O)CCC(=O)Nc1cccc(OCc2ccccc2C)c1,0
ZINC64449647,ChEMBL_zinc_D_3547,Cc1ccccc1C(=O)NC(C(=O)Nc1ccc(N(C)CCO)cn1)C(C)C,0
ZINC64482649,ChEMBL_zinc_D_3548,COc1ccc(C[NH+](Cc2ccco2)CC2CCCO2)cc1F,0
ZINC42039704,ChEMBL_zinc_D_3549,O=C(Nc1ccc(-n2cncn2)cc1)c1cccc2[nH]ncc21,0
ZINC04616510,ChEMBL_zinc_D_3550,COc1ccc(C(=O)Nc2c(C)cc(C)c(NC(=O)c3ccc(OC)cc3)c2C)cc1,0
ZINC55032640,ChEMBL_zinc_D_3551,CC(O)(C[NH3+])c1ccc(F)cc1F,0
ZINC56094399,ChEMBL_zinc_D_3552,COC(=O)Nc1cccc(OS(=O)(=O)c2cc(OC)ccc2OC)c1,0
ZINC13702556,ChEMBL_zinc_D_3553,CCn1ccc(C(=O)Nc2ccc3ncsc3c2)n1,0
ZINC13712074,ChEMBL_zinc_D_3554,CCC(C(=O)Nc1ccccc1OC)N(c1cccc(Cl)c1)S(C)(=O)=O,0
ZINC71949587,ChEMBL_zinc_D_3555,CC1CN(Cc2csc(=NC([O-])=C3CCN(c4cccc(Br)c4)C3=O)[nH]2)CC(C)O1,0
ZINC57495621,ChEMBL_zinc_D_3556,CCc1noc(C(C)Sc2nnc(C3COc4ccccc4O3)o2)n1,0
ZINC04678523,ChEMBL_zinc_D_3557,Cn1c(-c2ccc(F)cc2)cnc1NCc1ccc(C(F)(F)F)cc1,0
ZINC44167545,ChEMBL_zinc_D_3558,COc1cc2ncc(C#N)c(N3CCC(C(=O)Nc4ccc(C)c(Cl)c4)CC3)c2cc1OC,0
ZINC67733983,ChEMBL_zinc_D_3559,O=C(NCc1ccccc1-n1cccn1)N(Cc1ccccc1)CC1CCCO1,0
ZINC67745073,ChEMBL_zinc_D_3560,CCn1nc(C(=O)Nc2nc3ncccn3n2)c2ccccc2c1=O,0
ZINC67885660,ChEMBL_zinc_D_3561,CCc1nc(C2CCCN(C(=O)CN(C)C(=O)c3ccccc3)C2)no1,0
ZINC06624247,ChEMBL_zinc_D_3562,Cc1c(C)c2c(OCC(=O)NCC(=O)[O-])cc3c(c2oc1=O)CCC(C)(C)O3,0
ZINC68494945,ChEMBL_zinc_D_3563,O=C(NCCS(=O)(=O)NCC1CCC1)c1ccccc1Cc1ccccc1,0
ZINC68521128,ChEMBL_zinc_D_3564,CCCCC(NC(N)=O)C(=O)NCc1ccc2ccccc2c1,0
ZINC35454719,ChEMBL_zinc_D_3565,Cc1nc(-c2ccccc2)sc1C(=O)N1CCC(C(C)C(=O)NCC[NH+]2CCCCC2)CC1,0
ZINC64677732,ChEMBL_zinc_D_3566,CC1CCN(C2=[NH+]CCN2C(=O)c2ccc(Br)cc2)CC1,0
ZINC43937016,ChEMBL_zinc_D_3567,CN(CCCNC(=O)Nc1cccc(-c2nnnn2C)c1)c1ccccc1,0
ZINC44094227,ChEMBL_zinc_D_3568,Cc1nc(-c2ccc(N3CCN(C(=O)CCc4ccccc4)CC3)[nH+]c2)no1,0
ZINC61760594,ChEMBL_zinc_D_3569,CCN(CC(=O)NCc1ccc(F)cc1)Cc1cn2cccc(C)c2[nH+]1,0
ZINC61784109,ChEMBL_zinc_D_3570,COCCN(Cc1nnc(-c2cccs2)o1)Cc1ccc(Cl)cc1,0
ZINC64526146,ChEMBL_zinc_D_3571,Cn1c2cc(NC(=O)c3ccccc3)c(N3CCCC3)cc2n(C)c(=O)c1=O,0
ZINC64546142,ChEMBL_zinc_D_3572,CCOc1ccc(NC(=O)NCCS(=O)(=O)NCc2ccccc2)cc1C,0
ZINC66345539,ChEMBL_zinc_D_3573,CCCC(NC(N)=O)C(=O)NCCCS(=O)(=O)c1ccccc1,0
ZINC66371665,ChEMBL_zinc_D_3574,CCCC(NC(=O)Cc1ccccc1)C(=O)N(C)CC(=O)N(CC)CC,0
ZINC65684484,ChEMBL_zinc_D_3575,CCOC(=O)CN(Cc1cc(C)no1)Cc1ccccc1,0
ZINC65742556,ChEMBL_zinc_D_3576,CC[NH+](CC)c1ccc(NC(=O)c2ccc(-c3ccncc3)[nH]c2=O)cc1,0
ZINC34898754,ChEMBL_zinc_D_3577,COc1ccc(C2CCc3nc(C(=O)N4CCN(c5ccccc5F)CC4)cn3C2)cc1,0
ZINC35056622,ChEMBL_zinc_D_3578,CC(=O)NC1C(O)C2OC(c3ccccc3)OCC2OC1Oc1ccc2ccccc2c1,0
ZINC56441695,ChEMBL_zinc_D_3579,CN(Cc1ccc(F)cc1F)C(=O)NC1CC[NH+](Cc2ccc(F)cc2)CC1,0
ZINC56500633,ChEMBL_zinc_D_3580,COc1ccccc1CN(C(=O)Nc1ccncc1)C1CC1,0
ZINC65786239,ChEMBL_zinc_D_3581,CC(=O)Nc1nc2ccc(NC(=O)c3c[nH]c4ncccc34)cc2s1,0
ZINC65792651,ChEMBL_zinc_D_3582,O=C(CNC(=O)NCc1ccco1)Nc1ccc(-n2cncn2)c(F)c1,0
ZINC65685371,ChEMBL_zinc_D_3583,O=S(=O)(NCC#Cc1ccccc1)c1cccc(-n2cnnn2)c1,0
ZINC55624116,ChEMBL_zinc_D_3584,CCc1ccc(CCC(=O)NCc2ccc(Cn3ccccc3=O)cc2)cc1,0
ZINC35335092,ChEMBL_zinc_D_3585,Cc1oc(C(O)C(O)C(O)CO)cc1C(=O)OCc1ccc(Cl)cc1,0
ZINC35684451,ChEMBL_zinc_D_3586,COc1cc(NC(=O)C2CC(=O)Nc3c(C)c(-c4ccc(C)cc4)nn32)cc(OC)c1,0
ZINC67624602,ChEMBL_zinc_D_3587,C[NH+](C)C(CNC(=O)NC1CCCN(S(C)(=O)=O)C1)c1ccco1,0
ZINC67726088,ChEMBL_zinc_D_3588,CCS(=O)(=O)N1CCC(NC(=O)NC(C)c2cc(C)oc2C)CC1,0
ZINC05192968,ChEMBL_zinc_D_3589,CCN(CC)C(=O)c1ccc(NC(=O)CCCc2nc3ccccc3c(=O)[nH]2)cc1,0
ZINC69065371,ChEMBL_zinc_D_3590,CC(c1ccco1)[NH+](C)Cc1csc(COc2ccccc2)n1,0
ZINC68677668,ChEMBL_zinc_D_3591,CCc1c(C)sc(NC(=O)CC(NC(C)=O)c2ccc(OC)cc2)c1C#N,0
ZINC68716499,ChEMBL_zinc_D_3592,Cc1nnnn1-c1cc([N-]S(=O)(=O)C=Cc2ccc(C)cc2)ccc1F,0
ZINC65767760,ChEMBL_zinc_D_3593,C#CCN(Cc1ccc(F)cc1)C(=O)CCn1cc(C)cn1,0
ZINC65824433,ChEMBL_zinc_D_3594,CC(c1cccnc1)N(C)C(=O)CN(C)S(C)(=O)=O,0
ZINC42535847,ChEMBL_zinc_D_3595,CC(Cn1ccnc1)NC(=O)c1ccc(SC(F)F)cc1,0
ZINC00049727,ChEMBL_zinc_D_3596,O=c1[nH]c(=O)n(Cc2ccccc2)c2ncn(Cc3ccccc3)c21,0
ZINC56575286,ChEMBL_zinc_D_3597,CS(=O)(=O)c1cccc(NC(=O)NCc2cccc(O)c2)c1,0
ZINC56661824,ChEMBL_zinc_D_3598,COC(=O)N(C)c1ccc(NC(=O)NCc2ccc(Cl)s2)cc1,0
ZINC67834111,ChEMBL_zinc_D_3599,CC(C)c1nc(-c2cccc3c2OC(C[NH3+])C3)n[nH]1,0
ZINC67895572,ChEMBL_zinc_D_3600,CCOC(=O)c1csc(C(C#N)C(=O)c2ccc(OCC(F)(F)F)nc2)n1,0
ZINC56186016,ChEMBL_zinc_D_3601,COc1cc(C(=O)N(C(C)c2ccco2)C2CC2)ccc1OCc1cscn1,0
ZINC65862188,ChEMBL_zinc_D_3602,CCc1c(C(=O)Nc2ccn(CC(N)=O)n2)cnn1-c1ccc(C)cc1,0
ZINC48155932,ChEMBL_zinc_D_3603,CC(C)(C)c1cn(C2CCN(C(=O)C3(C)CCCO3)CC2)nn1,0
ZINC48442949,ChEMBL_zinc_D_3604,Cc1nc(C)c(C(=O)NC2CC3CCC2(C)C3(C)C)s1,0
ZINC68485447,ChEMBL_zinc_D_3605,O=C(NCCS(=O)(=O)NCC1CCC1)C1CCCO1,0
ZINC69006115,ChEMBL_zinc_D_3606,CC(CCc1ccccc1)CC(=O)NCCC1CCCO1,0
ZINC65341640,ChEMBL_zinc_D_3607,CCOc1ccc(-c2ccc(C#N)c(O)c2)c(Cl)c1,0
ZINC08727637,ChEMBL_zinc_D_3608,O=C(Cc1ccc(Cl)c(Cl)c1)Nc1cc(Cl)ccc1N1CCOCC1,0
ZINC02583568,ChEMBL_zinc_D_3609,COC(=O)C(C)(C)c1ccc(Br)cc1,0
ZINC19834615,ChEMBL_zinc_D_3610,O=C([O-])C1CCC1C(=O)N1CCN(c2ccc(C(F)(F)F)cn2)CC1,0
ZINC72164260,ChEMBL_zinc_D_3611,CCN1Cc2nc(OC)c(CNc3nc(C(C)C)nc4c3cnn4C)cc2C1=O,0
ZINC08006302,ChEMBL_zinc_D_3612,Cc1nc(-c2ccccn2)sc1C(=O)OC(C)C(=O)Nc1ccccc1F,0
ZINC15585664,ChEMBL_zinc_D_3613,COc1ccc(C(=O)Nc2ccc(F)cc2Cl)cc1,0
ZINC15830938,ChEMBL_zinc_D_3614,CC(C)C(=O)NCc1cccn1Cc1ccccc1,0
ZINC72031523,ChEMBL_zinc_D_3615,CCCCc1nc(-c2ccc(OCC(=O)NC(C)(C#N)C(C)C)cc2)no1,0
ZINC72083617,ChEMBL_zinc_D_3616,CCCCCNC(=O)Nc1ccc(OC)c(-n2nnnc2C)c1,0
ZINC32594532,ChEMBL_zinc_D_3617,COc1ccc(OC)c(COCC(O)C[NH2+]C2CCCC2)c1,0
ZINC32740853,ChEMBL_zinc_D_3618,Cc1nc2ccc(C(=O)N(Cc3ccc4c(c3)OCO4)C3CCCC3)cc2nc1C,0
ZINC08700640,ChEMBL_zinc_D_3619,COc1cccc(C([NH3+])C(O)C(=O)[O-])c1,0
ZINC09118275,ChEMBL_zinc_D_3620,CCN(CC)C(=O)Cn1cc(SCC(=O)NCc2ccccc2Cl)c2ccccc21,0
ZINC67727829,ChEMBL_zinc_D_3621,Cn1cc(C(=O)NCC2CCN(C(=O)c3ccc(S(C)=O)cc3)CC2)cn1,0
ZINC07304723,ChEMBL_zinc_D_3622,CCc1ccccc1NC(=O)CNS(=O)(=O)c1ccc(OC)c(OC)c1,0
ZINC68788494,ChEMBL_zinc_D_3623,CN(Cc1cccs1)C(=O)c1cccc2ccccc21,0
ZINC68802114,ChEMBL_zinc_D_3624,COc1ccccc1C1CCCN1C(=O)c1cccn(Cc2ccccc2)c1=O,0
ZINC64643065,ChEMBL_zinc_D_3625,C#CCNC(=O)CCNC(=O)NC(CC)c1cccc(Cl)c1,0
ZINC64806735,ChEMBL_zinc_D_3626,CCCN(CCC)C(=O)c1ccc(NC(=O)C(C)OCC2CC2)cc1,0
ZINC44696900,ChEMBL_zinc_D_3627,O=C(CC(F)(F)F)Nc1ccc(-n2cncn2)nc1,0
ZINC45113144,ChEMBL_zinc_D_3628,COc1cc(CNC(=O)NCc2ccc3c(c2)OCCO3)ccn1,0
ZINC04359629,ChEMBL_zinc_D_3629,C[NH+](C)CCCN(C(=O)c1ccc2ncsc2c1)c1nc2ccc(F)cc2s1,0
ZINC38566045,ChEMBL_zinc_D_3630,CCCC(=O)Nc1ccc(S(=O)(=O)NC(C)Cc2cccs2)cc1,0
ZINC47219181,ChEMBL_zinc_D_3631,COC(=O)C(C)C[NH2+]CCCn1ccnc1,0
ZINC47336966,ChEMBL_zinc_D_3632,Cc1ccc(NC(=O)NCc2nc(C3CC3)no2)cc1F,0
ZINC68671549,ChEMBL_zinc_D_3633,CCCOCc1ccccc1CNC(=O)c1cnn2ccc(C)nc12,0
ZINC02856733,ChEMBL_zinc_D_3634,COc1ccc(NC(=O)Nc2nn(Cc3c(F)cccc3Cl)cc2Cl)cc1OC,0
ZINC08932639,ChEMBL_zinc_D_3635,COc1ccccc1-c1nnc(NC(=O)C2CCN(S(=O)(=O)c3ccccc3SC)CC2)o1,0
ZINC09097010,ChEMBL_zinc_D_3636,CC(=O)N1CCN(C(=O)c2cccc(S(=O)(=O)Nc3cccc(C(F)(F)F)c3)c2)CC1,0
ZINC42611517,ChEMBL_zinc_D_3637,CCC(CC)NC(=O)C(C)Sc1ncccc1Cl,0
ZINC43785155,ChEMBL_zinc_D_3638,CC(NC(=O)NCCCn1nc2n(c1=O)CCCC2)c1cccnc1,0
ZINC23445541,ChEMBL_zinc_D_3639,COc1cc(C)ccc1OCC(=O)NC(C)c1ccc(S(N)(=O)=O)cc1,0
ZINC69216637,ChEMBL_zinc_D_3640,COc1cccc(CNC(=O)Nc2cccc(C(=O)N(C)C)c2)c1O,0
ZINC68663726,ChEMBL_zinc_D_3641,Cc1ccn2ncc(C(=O)N3CCCC(C(=O)Nc4ccccc4)C3)c2n1,0
ZINC68721593,ChEMBL_zinc_D_3642,CCSc1ccc(C(=O)NCc2cnn(-c3ccccc3)c2)cn1,0
ZINC68191806,ChEMBL_zinc_D_3643,CC(=O)Nc1ccc(C)cc1NC(=O)C(C)NS(=O)(=O)c1cccs1,0
ZINC15645231,ChEMBL_zinc_D_3644,O=C(COc1ccc2c(c1)CCC2)Nc1ccc(-n2cnnn2)cc1,0
ZINC32777761,ChEMBL_zinc_D_3645,CCc1noc(C(C)[NH+]2CCN(S(=O)(=O)N3CCCC3)CC2)n1,0
ZINC32901719,ChEMBL_zinc_D_3646,Cc1c(C(=O)OC(C)C(=O)Nc2ccc3[nH]c(=O)[nH]c3c2)cnn1-c1ccc(Cl)cc1,0
ZINC07063006,ChEMBL_zinc_D_3647,COc1ccc(CNC(=O)CCCn2c3ccccc3oc2=O)cc1OC,0
ZINC20865960,ChEMBL_zinc_D_3648,Cc1cc(=O)[nH]c(SCc2nc(-c3ccsc3)no2)n1,0
ZINC70770117,ChEMBL_zinc_D_3649,COc1ccc(CC(=O)NCC2CCCCN2C(=O)OC(C)(C)C)cc1OC,0
ZINC70883742,ChEMBL_zinc_D_3650,Cc1ccc(OC(C)C(=O)NC2(C(N)=O)CCCC2)c(Br)c1,0
ZINC32732060,ChEMBL_zinc_D_3651,O=C(Cc1cccc(F)c1)NC1CC[NH+](Cc2ccccc2)C1,0
ZINC32743647,ChEMBL_zinc_D_3652,O=C(Cc1csc(N2CCCC2=O)n1)N1CCN(C(c2ccccc2)c2ccccc2)CC1,0
ZINC65799302,ChEMBL_zinc_D_3653,CCN(CCCNC(=O)Nc1cc(C)nn1C(C)(C)C)C(=O)OC(C)(C)C,0
ZINC65860768,ChEMBL_zinc_D_3654,CN(C(=O)C1CCCO1)c1ccc(C(C)(C)C)cc1,0
ZINC43991481,ChEMBL_zinc_D_3655,CSc1ccccc1C[NH+]1CCC(CNC(=O)CCS(=O)(=O)c2ccccc2)CC1,0
ZINC44136210,ChEMBL_zinc_D_3656,CC(CCCNC(=O)CO)Nc1cc[nH+]c2cc(Cl)ccc12,0
ZINC08020960,ChEMBL_zinc_D_3657,O=c1c2c([nH]n1-c1ccc(F)cc1)[nH]c(CSc1ncccn1)cc2=O,0
ZINC55042358,ChEMBL_zinc_D_3658,Cc1oc(-c2cccc(C)c2)nc1CN(Cc1ccccn1)CC1CCCO1,0
ZINC08992412,ChEMBL_zinc_D_3659,O=C(CNC(=O)C1CCC(CNS(=O)(=O)c2ccc(F)cc2)CC1)NCc1ccco1,0
ZINC09127338,ChEMBL_zinc_D_3660,COc1ccc(NC(C)=O)cc1NC(C)C(=O)Nc1ccc(C)c(S(=O)(=O)N2CCOCC2)c1,0
ZINC04980274,ChEMBL_zinc_D_3661,Cc1ccc(N2CC[NH+](CC3=CCC4CC3C4(C)C)CC2)cc1,0
ZINC48989105,ChEMBL_zinc_D_3662,CCc1cccc(C)c1NC(=O)Cn1cc(-c2ccccc2)c2ncn(CCCOC)c(=O)c21,0
ZINC66715880,ChEMBL_zinc_D_3663,O=C(Nc1cccc(S(=O)(=O)C(F)F)c1)c1cc2cc(Cl)ccc2[nH]1,0
ZINC66741230,ChEMBL_zinc_D_3664,COc1ccc2c(c1)C(=O)N(C1CC1)C1(N2)c2ccccc2N(C)C1=O,0
ZINC69295711,ChEMBL_zinc_D_3665,COC(=O)c1ccc(OC(=O)C2Oc3ccccc3OC2C)cc1,0
ZINC69434164,ChEMBL_zinc_D_3666,CCN(Cc1cccs1)C(=O)Cc1nc(-c2ccco2)oc1C,0
ZINC68276624,ChEMBL_zinc_D_3667,CCC(CC)(CNC(=O)c1cc2c([nH]c1=O)CCCC2)[NH+](C)C,0
ZINC68524769,ChEMBL_zinc_D_3668,COCC[NH+]1CCC(CNC(=O)Nc2cc(C)cc(C)c2)C1,0
ZINC61498939,ChEMBL_zinc_D_3669,CCN(CC)C(=O)c1cccc(NC(=O)CCNC(N)=O)c1,0
ZINC15294629,ChEMBL_zinc_D_3670,CCN(CC(=O)NCc1cccs1)C(=O)C[NH+](C)Cc1cccc(OC)c1,0
ZINC02572865,ChEMBL_zinc_D_3671,FC(F)(F)Oc1cccc(I)c1,0
ZINC04245002,ChEMBL_zinc_D_3672,Nc1ccc(I)cc1OC(F)(F)F,0
ZINC67902102,ChEMBL_zinc_D_3673,CC1CC1COC(=O)c1ccc(N2CCOC2=O)cc1,0
ZINC67931933,ChEMBL_zinc_D_3674,CCC(C)c1csc(NC(=O)c2cccc3[nH]ncc32)n1,0
ZINC02571032,ChEMBL_zinc_D_3675,O=C([O-])C(CC(=O)c1ccc(Cl)cc1)[NH+]1CCN(c2ccc3c(c2)OCO3)CC1,0
ZINC44391325,ChEMBL_zinc_D_3676,COc1ccc(-c2ccc(=O)n(C(C)C(=O)N3CCc4ccccc43)n2)cc1,0
ZINC14197033,ChEMBL_zinc_D_3677,Cc1sc2nc(C)nc(SCc3ccc(C(N)=O)cc3)c2c1C,0
ZINC14460990,ChEMBL_zinc_D_3678,CC(C)NS(=O)(=O)c1ccc2c(c1)C1C=CCC1C(c1cc(Br)ccc1O)N2,0
ZINC64510079,ChEMBL_zinc_D_3679,Cc1cccc(C(=O)Nc2ccccc2NS(=O)(=O)c2ccccc2)c1,0
ZINC35451725,ChEMBL_zinc_D_3680,Cc1ccc(CNC(=O)N2CCC(N3CCN(Cc4ccc(F)cc4)C(=O)C3=O)CC2)cc1,0
ZINC06069169,ChEMBL_zinc_D_3681,Cc1c(O)c(C(=O)[O-])c(O)c2c1C(C)C(C)OC2=O,0
ZINC00268711,ChEMBL_zinc_D_3682,Cc1ccc(OCC(=O)N2CC3(C)CC2CC(C)(C)C3)cc1,0
ZINC67602361,ChEMBL_zinc_D_3683,CC(C)CCCNC(=O)NCC(O)COc1ccc2c(c1)OCO2,0
ZINC67662281,ChEMBL_zinc_D_3684,CSc1ccccc1NC(=O)NC(C)COCC(F)(F)F,0
ZINC06235280,ChEMBL_zinc_D_3685,CC(=O)Nc1ccc(C(=O)Nc2nc(-c3ccccc3)c(C(C)=O)s2)cc1,0
ZINC63337443,ChEMBL_zinc_D_3686,Cc1ccc(Cn2nccc2NC(=O)CCc2ccccn2)o1,0
ZINC24106608,ChEMBL_zinc_D_3687,O=c1c(Cl)c(NCCN2CCOCC2)cnn1-c1ccccc1,0
ZINC67963348,ChEMBL_zinc_D_3688,Cn1cc(C2NC(N)=Nc3nc4ccccc4n32)c(-c2cccnc2)n1,0
ZINC36711842,ChEMBL_zinc_D_3689,O=C(c1cnccn1)N(Cc1ccccc1)c1nc2c(cccc2Cl)s1,0
ZINC38909888,ChEMBL_zinc_D_3690,Cc1ccc(NC(=O)c2csc(-c3cc4ccccc4[nH]3)n2)c(C)c1,0
ZINC66641888,ChEMBL_zinc_D_3691,Cc1ccc(C(N)=O)cc1NC(=O)CNC(=O)NCc1ccc(Cl)cc1,0
ZINC66673109,ChEMBL_zinc_D_3692,CC(C)n1cc(NC(=O)C2CCN(c3ccc(Cl)cc3)C2=O)cn1,0
ZINC72161210,ChEMBL_zinc_D_3693,O=C(CC1C(=O)NCCN1CC(c1ccccc1)c1ccccc1)NCc1ccoc1,0
ZINC07291391,ChEMBL_zinc_D_3694,COc1cc(CNC(=O)Cn2c3ccccc3oc2=O)ccc1OCc1ccccc1,0
ZINC32920432,ChEMBL_zinc_D_3695,CCN(CCCNC(=O)c1noc2c1COc1ccc(C)cc1-2)c1ccccc1,0
ZINC32956354,ChEMBL_zinc_D_3696,Cc1cc(C)c(C(=O)OC(C)C(=O)N(C)Cc2ccccc2)c(C)c1,0
ZINC63514784,ChEMBL_zinc_D_3697,COCc1cc(C)nc(SCC(=O)NCCC2=c3cc(OC(F)(F)F)ccc3=[NH+]C2C)c1C#N,0
ZINC06748521,ChEMBL_zinc_D_3698,COc1ccc(-c2nc([O-])c3c(n2)Oc2ccc(F)cc2C3)c(OC)c1,0
ZINC64814500,ChEMBL_zinc_D_3699,O=C(Cn1c2cc3c(cc2nc1C(F)(F)F)OCCO3)NCc1ccc(Cl)cc1,0
ZINC64837801,ChEMBL_zinc_D_3700,CNC(=O)c1cc(NC(=O)C2CCCCN2S(C)(=O)=O)ccc1Cl,0
ZINC67948214,ChEMBL_zinc_D_3701,Cc1cc(C)cc(NC(=O)CNc2ccccc2OC(F)F)c1,0
ZINC67955077,ChEMBL_zinc_D_3702,CC(Sc1nnc(Cc2ccccc2F)o1)c1nc(-c2cccs2)no1,0
ZINC56260169,ChEMBL_zinc_D_3703,COC(=O)c1cccc(C(=O)N2CCCC2c2cc(OC)ccc2OC)n1,0
ZINC56618695,ChEMBL_zinc_D_3704,CCC(NC(=O)Nc1ccc(NC(C)=O)c(OC)c1)c1ccc2c(c1)OCCO2,0
ZINC17295514,ChEMBL_zinc_D_3705,O=C(CCNS(=O)(=O)c1cccc(C(F)(F)F)c1)NCCc1c[nH]c2ccccc12,0
ZINC19558220,ChEMBL_zinc_D_3706,COc1ccc(-c2ccc(CC3(C(N)=O)CCCN(C(=O)CC4C=CCC4)C3)cc2)cc1,0
ZINC56523513,ChEMBL_zinc_D_3707,Cc1ccc(C(C)C)c(OCC(O)C[NH+]2CCC(CC[NH+](C)C)CC2)c1,0
ZINC56653832,ChEMBL_zinc_D_3708,CN(C)C(=O)c1ccc(Cl)cc1NC(=O)NCc1cccnc1,0
ZINC69164412,ChEMBL_zinc_D_3709,Cn1cc(C2CC2C(=O)Nc2ccc(-n3ncc(C#N)c3N)cc2)cn1,0
ZINC69201304,ChEMBL_zinc_D_3710,O=C(Nc1ccc(Cn2cccn2)cc1)N(Cc1cccs1)C1CC1,0
ZINC67661720,ChEMBL_zinc_D_3711,CCCOC1CCCN(C(=O)Nc2nc3ccc(OC)cc3s2)C1,0
ZINC16422726,ChEMBL_zinc_D_3712,COc1ccc(Cl)cc1C[NH+](C)CC(=O)N1CCCC1c1cccs1,0
ZINC44034958,ChEMBL_zinc_D_3713,CC(C)(CO)NC(=O)Cc1ccc(NC(=O)NC2CCCCC2)cc1,0
ZINC04493304,ChEMBL_zinc_D_3714,COCCNc1nnc(SC(C)c2nc3sc(C)c(C)c3c(=O)[nH]2)s1,0
ZINC68389732,ChEMBL_zinc_D_3715,Cc1nc(NC(=O)c2cc3c([nH]c2=O)CCCC3)n[nH]1,0
ZINC68409007,ChEMBL_zinc_D_3716,CCOC(=O)CC(NS(=O)(=O)c1c(C)nn(C)c1Cl)c1ccccc1,0
ZINC06208547,ChEMBL_zinc_D_3717,CC(=O)NC(C(=O)NCC(c1c[nH]c2ccccc21)c1ccccc1Cl)C(C)C,0
ZINC68775359,ChEMBL_zinc_D_3718,COCCNC(=O)CSc1ccccc1C(=O)Nc1ccc(C#N)cc1,0
ZINC40822100,ChEMBL_zinc_D_3719,COc1ccccc1N1CCN(C(=O)CCn2c(C)nc(-c3ccccc3)cc2=O)CC1,0
ZINC40855867,ChEMBL_zinc_D_3720,Cc1cc(C)n(-c2cc(Oc3ccc(C(=O)Nc4ccc(Cl)cc4Cl)cc3)ncn2)n1,0
ZINC10062915,ChEMBL_zinc_D_3721,COCCCn1cc2c(=O)n(-c3ccccc3)nc-2c(C(=O)Nc2ccc(OC(F)(F)F)cc2)c1,0
ZINC10098451,ChEMBL_zinc_D_3722,CC(C)N(C)S(=O)(=O)c1ccc(C(=O)Nc2ccc(Br)cc2)cc1,0
ZINC15439397,ChEMBL_zinc_D_3723,Cc1ccc(NC(=O)CCS(=O)(=O)c2ccccc2)cc1C,0
ZINC15586239,ChEMBL_zinc_D_3724,Cc1cc2ccccc2n1CC(=O)Nc1nc2c(s1)CCCC2,0
ZINC68769471,ChEMBL_zinc_D_3725,C=CCOC(C)C(=O)N(C)Cc1ccc(F)cc1F,0
ZINC68818098,ChEMBL_zinc_D_3726,CC(NC(=O)C1CCCC1)C(=O)Oc1ccc(NC(=O)c2cnn(C)c2)cc1,0
ZINC09155692,ChEMBL_zinc_D_3727,CCOC(=O)c1ccccc1NC(=O)CNc1cc(Cl)c(OC)cc1OC,0
ZINC09251487,ChEMBL_zinc_D_3728,CCC(C(=O)NCCN(CC)c1ccccc1)n1c2ccccc2c2nc(=O)cc(C)n21,0
ZINC06843868,ChEMBL_zinc_D_3729,Cc1ccc(OC(=O)c2ccccc2Cl)c(C)c1,0
ZINC58796845,ChEMBL_zinc_D_3730,Cc1ccccc1C(C)(C)C(=O)NCCc1nc2ccccc2[nH]1,0
ZINC66394501,ChEMBL_zinc_D_3731,N#CC(NC(=O)c1cncc(Br)c1)c1cccc(Cl)c1Cl,0
ZINC66525900,ChEMBL_zinc_D_3732,CCOc1cc(NC(=O)c2ccc(CS(=O)(=O)c3ccccc3)o2)ccc1C,0
ZINC70040228,ChEMBL_zinc_D_3733,C=CCNC(=O)Nc1ccccc1CN(C)C(=O)OC(C)(C)C,0
ZINC06263809,ChEMBL_zinc_D_3734,CCCC(=O)NC(C)c1ccc(OCC)cc1,0
ZINC66083185,ChEMBL_zinc_D_3735,CCN(CC)C(=O)c1ccc(NCC(=O)Nc2cccc(C(=O)NC(C)c3ccccc3)c2)cc1,0
ZINC66097393,ChEMBL_zinc_D_3736,CNC(=O)c1ccc(NC(=O)CNc2cccc(C(=O)NC(C)c3ccccc3)c2)cc1,0
ZINC07058351,ChEMBL_zinc_D_3737,O=C(NCC1COc2ccccc2O1)C1CCCN(C(=O)c2ccc(Cl)cc2)C1,0
ZINC71760379,ChEMBL_zinc_D_3738,COc1ccc2cc(C3CN(CCC(N)=O)CCO3)ccc2c1,0
ZINC09691762,ChEMBL_zinc_D_3739,CC(NC(=O)CNC(=O)c1ccc(F)cc1)c1ccc(F)c(F)c1,0
ZINC09788411,ChEMBL_zinc_D_3740,O=C(COC(=O)c1ccc(S(=O)(=O)C(F)F)cc1)Nc1ccc(OC(F)F)c(Cl)c1,0
ZINC67968448,ChEMBL_zinc_D_3741,Cc1nc(COc2ccc(CNCC3CC[NH+](C4CC4)C3)cc2)no1,0
ZINC68007272,ChEMBL_zinc_D_3742,CCn1nc(C)c(CNC(=O)CCN2CCCC2=O)c1C,0
ZINC49071507,ChEMBL_zinc_D_3743,CC(=O)c1ccc(SCC(=O)NCc2ccc(C)s2)c(F)c1,0
ZINC20718084,ChEMBL_zinc_D_3744,O=C(NCCc1c[nH]c[nH+]1)C1CC(=O)N(c2cccc(C(F)(F)F)c2)C1,0
ZINC07401289,ChEMBL_zinc_D_3745,O=C(COc1ccc(F)c(F)c1)NCc1ccc(F)cc1,0
ZINC07667584,ChEMBL_zinc_D_3746,CCS(=O)(=O)c1ccccc1C(=O)NCc1ccc(F)cc1,0
ZINC69648735,ChEMBL_zinc_D_3747,Cc1nn(C)cc1C(C)NC(=O)Nc1ccccc1SCC(N)=O,0
ZINC69671075,ChEMBL_zinc_D_3748,CCOc1ccc(C(C)[NH2+]Cc2cnc(-c3ccccc3)nc2)cc1,0
ZINC66119408,ChEMBL_zinc_D_3749,Cc1csc(CCCCNC(=O)NC(C)CCc2ccco2)n1,0
ZINC66142712,ChEMBL_zinc_D_3750,COCCOc1ccccc1C(=O)NC(CO)C(O)c1ccc(N)cc1,0
ZINC12415139,ChEMBL_zinc_D_3751,COc1ccc(-c2noc(-c3cc(C4CC4)[nH]n3)n2)c(OC)c1,0
ZINC71764512,ChEMBL_zinc_D_3752,COc1cccc(-c2nccn2Cc2cn3ccsc3n2)c1OC,0
ZINC07091916,ChEMBL_zinc_D_3753,CCCCCCC(C)NC(=O)COC(=O)c1n[nH]c(=O)c2ccccc21,0
ZINC71764195,ChEMBL_zinc_D_3754,CCc1cc(C[NH+]2CCC(N3CCCC3=O)CC2)n[nH]1,0
ZINC22334101,ChEMBL_zinc_D_3755,COC(=O)c1ccc2c(c1)CC(CNC(=O)c1ccccc1C)O2,0
ZINC22482552,ChEMBL_zinc_D_3756,Cc1cccc(NC(=O)C2CCCN(c3ccc(-c4ccc(Cl)cc4)nn3)C2)n1,0
ZINC69530103,ChEMBL_zinc_D_3757,CCC(=O)N1CCCCC1C(=O)Nc1cc(C(F)(F)F)ccc1F,0
ZINC69549359,ChEMBL_zinc_D_3758,CCC(C)C(NC(=O)OC(C)(C)C)C(=O)NC1CC[NH+](CC)CC1,0
ZINC67399632,ChEMBL_zinc_D_3759,CC(O)C1CCCC[NH+]1Cc1ncc(-c2cccs2)o1,0
ZINC67750522,ChEMBL_zinc_D_3760,CC(C)C(Sc1nncn1C(C)(C)C)C(=O)N1CCc2ccccc2C1,0
ZINC00227616,ChEMBL_zinc_D_3761,O=C1OC(=CC=C2OC(=O)c3ccccc32)c2ccccc21,0
ZINC36364851,ChEMBL_zinc_D_3762,COc1ccc(C2C(C(=O)Nc3nnc(C(C)(C)C)s3)c3ccccc3C(=O)N2C)cc1,0
ZINC55766269,ChEMBL_zinc_D_3763,CCn1c(=O)c(=Cc2ccc(-c3cccs3)cc2F)sc1=C(C#N)C#N,0
ZINC56088310,ChEMBL_zinc_D_3764,N#Cc1cccc(S(=O)(=O)Oc2cccc(NC(=O)c3ccccc3)c2)c1,0
ZINC63381345,ChEMBL_zinc_D_3765,C#CCN(Cc1ccco1)CC(O)COCc1ccccc1Cl,0
ZINC63499682,ChEMBL_zinc_D_3766,NS(=O)(=O)Cc1cccc(NC(=O)CNC(=O)NCc2ccco2)c1,0
ZINC03322175,ChEMBL_zinc_D_3767,CC1CCCN(C(=O)COC(=O)c2ccc(Cl)nc2)C1,0
ZINC55109051,ChEMBL_zinc_D_3768,CCN(C(=O)c1cccc(NC(=O)C2CCOC2)c1)c1ccccc1,0
ZINC66081877,ChEMBL_zinc_D_3769,CNC(=O)Cn1nc(C)nc1-c1ccccc1C,0
ZINC66132347,ChEMBL_zinc_D_3770,CCOCCOc1ccc(C2(C)Nc3ccccc3C(=O)N2Cc2ccco2)cc1,0
ZINC44309744,ChEMBL_zinc_D_3771,O=C(Nc1cccc(OCC(F)(F)F)c1)NC1CCOc2ccccc21,0
ZINC00611731,ChEMBL_zinc_D_3772,O=C(Cc1ccc(Br)cc1)NCc1ccccc1Cl,0
ZINC46058474,ChEMBL_zinc_D_3773,CC(C)NC(=O)C(C)N1CCN(C(=O)c2ccc(Cl)cc2Cl)CC1,0
ZINC03237275,ChEMBL_zinc_D_3774,CN(C(=O)c1ccccc1)c1ccc(OCC(=O)N2CCCc3ccccc32)cc1,0
ZINC43957974,ChEMBL_zinc_D_3775,Cc1cc(C(=O)N2CCC(CNS(=O)(=O)c3c(C)c(C)c(C)c(C)c3C)CC2)no1,0
ZINC44935952,ChEMBL_zinc_D_3776,CC(Cn1cccn1)NS(=O)(=O)c1cc(F)ccc1F,0
ZINC07860814,ChEMBL_zinc_D_3777,Cc1nn(-c2ccc(C)cc2C)nc1C(=O)OCC(=O)N(C)C,0
ZINC08129878,ChEMBL_zinc_D_3778,O=C1c2ccccc2NC(c2ccc(N3CCOCC3)cc2)N1C1CC1,0
ZINC44406356,ChEMBL_zinc_D_3779,Cc1ccc(C(C)C)cc1OC(C)C(=O)NCc1ccc(N2CCOCC2)[nH+]c1,0
ZINC44814533,ChEMBL_zinc_D_3780,O=C(Oc1cccc(F)c1)C1CCN(c2ccccc2Br)C1=O,0
ZINC15604671,ChEMBL_zinc_D_3781,N#Cc1ccc(NC(=O)c2cnn(-c3ccccc3)c2)cc1,0
ZINC68018633,ChEMBL_zinc_D_3782,CC(NC(=O)Cn1cnc2ccccc2c1=O)C(=O)NCc1ccco1,0
ZINC09468982,ChEMBL_zinc_D_3783,O=C(CSc1nncn1-c1cccc(Cl)c1)Nc1ccccc1C(=O)NC1CC1,0
ZINC09502216,ChEMBL_zinc_D_3784,O=C(Nc1cccc(S(=O)(=O)N2CCOCC2)c1)C1(c2ccccc2)CCC1,0
ZINC12901673,ChEMBL_zinc_D_3785,CC1CN(Cc2csc(NC(=O)c3csc(-c4ccco4)n3)n2)CC(C)O1,0
ZINC16519379,ChEMBL_zinc_D_3786,Cc1ccc(C)c(S(=O)(=O)N2CCN(CC(=O)NCCc3ccc(Cl)cc3)CC2)c1,0
ZINC68561802,ChEMBL_zinc_D_3787,O=C(NCCOCC1CCOC1)c1cn(-c2ccc(C(F)(F)F)cn2)nn1,0
ZINC68600265,ChEMBL_zinc_D_3788,CC(NC(=O)N1CCCC1c1ccccc1Cl)C(=O)NCc1ccco1,0
ZINC67282712,ChEMBL_zinc_D_3789,COc1ccc(C(=O)NC(C(=O)NCC[NH+](C)C2CC2)C(C)C)cc1,0
ZINC67315324,ChEMBL_zinc_D_3790,CCCCOC(C)C(=O)Nc1ccc(CC)c(S(N)(=O)=O)c1,0
ZINC00489421,ChEMBL_zinc_D_3791,CC(=O)N1C(c2ccccc2)CC(=O)OC1c1ccc2c(c1)OCO2,0
ZINC00558429,ChEMBL_zinc_D_3792,CC(=O)Nc1ccc(N2CCN(C(=O)c3cccs3)CC2)cc1,0
ZINC38554856,ChEMBL_zinc_D_3793,COCC(=O)NCCC1CCCCN1S(=O)(=O)c1ccc(C)cc1,0
ZINC38631185,ChEMBL_zinc_D_3794,CCOc1ccc(S(=O)(=O)NCC(c2ccc(F)cc2)N2CC[NH+](C)CC2)cc1C,0
ZINC39354578,ChEMBL_zinc_D_3795,COCc1cc(=O)[nH]c(SC2C(=O)[NH+]=c3ccc(Cl)cc3=C2c2ccccc2)n1,0
ZINC17011716,ChEMBL_zinc_D_3796,Cc1cc(NC(=O)c2ccc(F)c(F)c2)n(-c2nc3c(cnn3-c3ccc(Cl)cc3)c([O-])n2)n1,0
ZINC57836511,ChEMBL_zinc_D_3797,CN(C)c1cccc(CNC(=O)c2ccc(N3CCCC3)nn2)c1,0
ZINC68432298,ChEMBL_zinc_D_3798,C[NH+]1CCC(C#N)(NC(=O)CCS(=O)(=O)c2ccc3c(c2)CCC3)CC1,0
ZINC66401070,ChEMBL_zinc_D_3799,Cc1cccc(OCCCCC(=O)NC(C#N)c2ccccc2C)c1,0
ZINC66423632,ChEMBL_zinc_D_3800,O=C(Nc1ccc(OCCc2ccncc2)cc1)C1CCC(=O)N1,0
ZINC69591816,ChEMBL_zinc_D_3801,O=C(CCc1nc2ccccc2s1)OCCNc1ncccn1,0
ZINC69631116,ChEMBL_zinc_D_3802,COc1ccc2c(c1)CCN2C(=O)NCC[NH+]1CCCCC1C,0
ZINC58896257,ChEMBL_zinc_D_3803,CCCCn1c(SC(C(=O)NC(C)(C)C)C(C)C)nnc1C(CC)[NH+](C)C,0
ZINC61190331,ChEMBL_zinc_D_3804,COCC[NH+](CC(=O)NC(CC(C)C)C(=O)OC)CC(C)C,0
ZINC04204848,ChEMBL_zinc_D_3805,CC1CCCC(N2CC(C(=O)[O-])CC2=O)C1C,0
ZINC17851831,ChEMBL_zinc_D_3806,CC(NC(=O)C1CC=CCC1)c1ccc(S(N)(=O)=O)cc1,0
ZINC21962406,ChEMBL_zinc_D_3807,CCC1CCCCN1C(=O)c1cccc(NC(=O)CSc2nncn2C)c1,0
ZINC60391289,ChEMBL_zinc_D_3808,Cn1c2ncn(CCCC(=O)N3CCCC4CCCCC43)c2c(=O)n(C)c1=O,0
ZINC71075620,ChEMBL_zinc_D_3809,Cc1ccc(NC(=O)C(C)OCCC(C)C)c(C(=O)N(C)C)c1,0
ZINC20733414,ChEMBL_zinc_D_3810,COc1ccc(-c2[nH]nc3c2C(c2ccc(O)c(OC)c2)N(c2cccnc2)C3=O)cc1,0
ZINC44174174,ChEMBL_zinc_D_3811,CC(NC(=O)Nc1ccccc1)C(=O)OCc1ccc(Cl)s1,0
ZINC44236907,ChEMBL_zinc_D_3812,COc1cc(F)ccc1NC(=O)NCCCOC(C)C,0
ZINC57844051,ChEMBL_zinc_D_3813,C[NH+](Cc1ccccc1)CC1CC[NH+](CC(=O)Nc2ccccc2C(N)=O)CC1,0
ZINC68460924,ChEMBL_zinc_D_3814,Cc1nnc(C(NS(=O)(=O)c2ccc(Cl)cc2)c2ccccc2)n1C,0
ZINC33027300,ChEMBL_zinc_D_3815,Cc1ccccc1OCc1nnc(C(=O)Nc2cccc(C(=O)N3CCCC3)c2)s1,0
ZINC33077208,ChEMBL_zinc_D_3816,CC[NH+]1CCN(Cc2ccc(NS(=O)(=O)c3ccc4[nH]c(=O)ccc4c3)cc2)CC1,0
ZINC38742448,ChEMBL_zinc_D_3817,CCCc1cc([O-])nc(-n2nc(C)cc2NC(=O)CCSc2ccccc2)n1,0
ZINC38776534,ChEMBL_zinc_D_3818,O=C(Cc1ccccc1)NCC(=O)N1CCC2(CC1)[NH2+]CCC1=NC=NC12,0
ZINC66126520,ChEMBL_zinc_D_3819,CCC(C)[NH+](C)CCNC(=O)c1ccccc1SCC1CCCO1,0
ZINC66134446,ChEMBL_zinc_D_3820,Cc1nc(N)nc(COc2ccc(Br)cc2)c1C(=O)[O-],0
ZINC68016529,ChEMBL_zinc_D_3821,CCOC(=O)NC1CCCN(C(=O)CNC(=O)NC2CCCCC2)C1,0
ZINC68096533,ChEMBL_zinc_D_3822,CCC(C)C(NC(=O)OC(C)(C)C)C(=O)N1CCN(Cc2ccccn2)CC1,0
ZINC42732520,ChEMBL_zinc_D_3823,CC(Sc1ccc(C(=O)N2CCCC2)cn1)C(=O)NCC1CCCCC1,0
ZINC43313186,ChEMBL_zinc_D_3824,Cc1nc2ccccc2n1CCCNC(=O)N(C)C1CCc2ccccc21,0
ZINC66483608,ChEMBL_zinc_D_3825,CC1CN(CC(O)CN2CC[NH+](CCC(C)(C)C)CC2)CC(C)O1,0
ZINC66692220,ChEMBL_zinc_D_3826,CC(NC(=O)C1CCC1)C(=O)N1CCOC(c2cccc(F)c2)C1,0
ZINC34781456,ChEMBL_zinc_D_3827,Nc1ccccc1OC(F)(F)C(F)C(F)(F)F,0
ZINC01508895,ChEMBL_zinc_D_3828,CCCc1cc(C(=O)Cc2nc3ccccc3n2C)c(O)cc1O,0
ZINC66752837,ChEMBL_zinc_D_3829,Cc1c(C(=O)NCc2ccc(F)cc2)nnn1-c1cccc2ncccc21,0
ZINC66760647,ChEMBL_zinc_D_3830,CCCC[NH+]1Cc2cccc(NC(=O)CNC(=O)NCc3ccc(F)cc3)c2C1,0
ZINC19657879,ChEMBL_zinc_D_3831,Fc1ccc(OCC2CCC[NH+](Cc3ccnc(N4CCOCC4)n3)C2)cc1,0
ZINC19790646,ChEMBL_zinc_D_3832,OC(COc1ccc2c(c1)OCO2)CN1CCN(c2cccc[nH+]2)CC1,0
ZINC71257507,ChEMBL_zinc_D_3833,CC(C)(C)OC(=O)N1CCC(=CCC(=O)[O-])CC1,0
ZINC71959787,ChEMBL_zinc_D_3834,CC(C)N1CC(C(=O)Nc2ccc3[nH]c(-c4ccc(F)cc4)nc3c2)CC1=O,0
ZINC67946203,ChEMBL_zinc_D_3835,C[NH+](C)Cc1ccccc1Oc1cccc(CN2CCOCC2)c1,0
ZINC67957904,ChEMBL_zinc_D_3836,CCOC(=O)c1sc(NC(=O)CCN2CCCC2=O)cc1C,0
ZINC43619034,ChEMBL_zinc_D_3837,CCCc1nc(C[NH+](C)CC(=O)N2CCCC2)cs1,0
ZINC56750310,ChEMBL_zinc_D_3838,CCCCOc1ccccc1NC(=O)NCc1ccc(N2CCNC(=O)C2)cc1,0
ZINC58203021,ChEMBL_zinc_D_3839,Cn1ccnc1CSc1nc2cc(Cl)ccc2c(=O)n1Cc1ccco1,0
ZINC58407592,ChEMBL_zinc_D_3840,Cc1nc2ccc(C(=O)NC(C)COc3ccc(F)cc3F)cc2nc1C,0
ZINC71769363,ChEMBL_zinc_D_3841,CCN1CC(CCN2CCOCC2)C(c2ccccc2)(c2cccnc2)C1=O,0
ZINC09888867,ChEMBL_zinc_D_3842,Cc1ccc(SCCNC(=O)C2CCN(S(=O)(=O)c3c(C)cc(C)cc3C)CC2)cc1,0
ZINC56692416,ChEMBL_zinc_D_3843,CC(=O)Nc1ccc(Cl)c(NC(=O)N2CCOC(c3ccc(F)cc3)C2)c1,0
ZINC56766204,ChEMBL_zinc_D_3844,CC(NC(=O)Nc1ccc(C(=O)N(C)C2CCCCC2)cc1)c1ccccn1,0
ZINC04877720,ChEMBL_zinc_D_3845,CC12CC(NC(=O)N1Cc1ccccc1)c1cc(Br)ccc1O2,0
ZINC47431118,ChEMBL_zinc_D_3846,CC(C)c1cccc(NC(=O)CCNS(=O)(=O)c2cccnc2)c1,0
ZINC04697166,ChEMBL_zinc_D_3847,COc1ccccc1NC(=O)C1C2C=CC(C2=C(C)C)C1C(=O)[O-],0
ZINC44351290,ChEMBL_zinc_D_3848,CCCNC(=O)CC[NH2+]Cc1cc(F)ccc1F,0
ZINC69096233,ChEMBL_zinc_D_3849,Cc1ccc(C2CCCN2S(=O)(=O)c2cn(C)cn2)cc1,0
ZINC69114358,ChEMBL_zinc_D_3850,Cn1cnc(S(=O)(=O)NCc2cccc(Cn3cccn3)c2)c1,0
ZINC36086998,ChEMBL_zinc_D_3851,COCCNC(=O)c1nn(-c2cccc(C)c2)c(=O)n(Cc2ccccc2C)c1=O,0
ZINC36185317,ChEMBL_zinc_D_3852,CCN(CC(=O)Nc1cccc(OC)c1)C(=O)c1cc2c(s1)CCC(C)C2,0
ZINC48948137,ChEMBL_zinc_D_3853,CC(NC(=O)c1csnn1)c1ccccc1C(F)(F)F,0
ZINC49006292,ChEMBL_zinc_D_3854,O=c1n2cccc(S(=O)(=O)N3CCCCC3)c2nn1Cc1cccc(C(F)(F)F)c1,0
ZINC61896269,ChEMBL_zinc_D_3855,COc1cccc(CNc2nc3cc(-c4ccccc4C)sc3c(=O)n2C)c1OC,0
ZINC61945595,ChEMBL_zinc_D_3856,CC(Cc1cccc(Cl)c1)NC(=O)NCCNC(=O)c1cccnc1,0
ZINC09517262,ChEMBL_zinc_D_3857,CCOC(=O)C1CC[NH+](C(c2sc3nc(C)nn3c2O)c2ccc(F)c(F)c2)CC1,0
ZINC23991326,ChEMBL_zinc_D_3858,CCC1CCCC[NH+]1CC(=O)Nc1ccc(C(=O)Nc2ccccc2OC)cc1,0
ZINC07216358,ChEMBL_zinc_D_3859,O=C1CN(S(=O)(=O)c2ccc(OC(F)(F)F)cc2)CCN1,0
ZINC07386623,ChEMBL_zinc_D_3860,C[NH2+]C(C(=O)Nc1ccc(F)cc1)c1ccccc1,0
ZINC66075271,ChEMBL_zinc_D_3861,COCCC(=O)NCCS(=O)(=O)N1CCN(C(=O)CCOC)CC1,0
ZINC66172852,ChEMBL_zinc_D_3862,COc1ccc(NC(=O)N2CCN(Cc3cscn3)CC2)c(C)c1,0
ZINC66685144,ChEMBL_zinc_D_3863,Cc1ccsc1CN(C(=O)Nc1ccc(C)c(C(=O)NC(C)C)c1)C(C)C,0
ZINC66731256,ChEMBL_zinc_D_3864,CC(C)(C)C(=O)N1CCCN(C(=O)CCC(=O)c2ccc(Cl)cc2)CC1,0
ZINC55108349,ChEMBL_zinc_D_3865,Cc1c(NCc2ccccn2)cccc1C(=O)NCc1noc(C(C)C)n1,0
ZINC55133469,ChEMBL_zinc_D_3866,C=C(C)COc1cccc(C[NH2+]C(C)Cn2nc(C)cc2C)c1,0
ZINC56938636,ChEMBL_zinc_D_3867,COc1ccccc1NC(=O)N1CCN(c2c(C)nn(-c3ccccn3)c2C)CC1,0
ZINC57344844,ChEMBL_zinc_D_3868,COC(C(=O)NCc1ccc(-c2nc3ccccc3o2)cc1)c1ccccc1,0
ZINC07844148,ChEMBL_zinc_D_3869,Cc1nc(-c2ccsc2)sc1C(=O)NCCCOC1CCCCC1,0
ZINC03563086,ChEMBL_zinc_D_3870,C=CCn1c(SCC(=O)N2C(C)CCCC2C)nc2ccccc2c1=O,0
ZINC40720439,ChEMBL_zinc_D_3871,CCOc1cc(C[NH2+]CCN(C)C)cc(Br)c1OCc1cccc(C)c1,0
ZINC40984412,ChEMBL_zinc_D_3872,CCCCNC(=O)C1CC[NH+](Cc2nc(-c3cccc(OC)c3OC)oc2C)CC1,0
ZINC61619406,ChEMBL_zinc_D_3873,CC(C)CC(C[NH+](C)C)NC(=O)c1ccc2c(c1)OCC(=O)N2,0
ZINC61787114,ChEMBL_zinc_D_3874,C[NH+](C)CCn1c2cc(NC(=O)N3CCCC3CC(C)(C)C)ccc2oc1=O,0
ZINC68440715,ChEMBL_zinc_D_3875,CC(C(=O)N1CCCC(CN(C)C(=O)OC(C)(C)C)C1)n1ccnc1,0
ZINC68475868,ChEMBL_zinc_D_3876,CC1CC1C(=O)NCCC(=O)N(CC[NH+](C)C)Cc1ccc(Cl)cc1,0
ZINC48384816,ChEMBL_zinc_D_3877,CC(NC(=O)OC(C)(C)C)C(=O)NCCN1CCOCC1,0
ZINC67619629,ChEMBL_zinc_D_3878,CCN(CC)C(=O)C1CCCN1C(=O)CCCNC(=O)c1ccco1,0
ZINC60546468,ChEMBL_zinc_D_3879,CCCN(C)C(=O)NC1CC[NH+](CC(=O)NC)CC1,0
ZINC60584441,ChEMBL_zinc_D_3880,O=C(CN1CCCCCC1=O)OCc1ccc(OC(F)F)cc1,0
ZINC36709745,ChEMBL_zinc_D_3881,Cc1ccc2c(cccc2NC(=O)c2cc(-c3ccco3)on2)n1,0
ZINC38492990,ChEMBL_zinc_D_3882,COc1ccc(N2CC(C(=O)Nc3cc(C(=O)N4CCCCCC4)cn(C)c3=O)CC2=O)cc1,0
ZINC32611472,ChEMBL_zinc_D_3883,Cc1ncc(CNC(=O)c2ccccc2C)s1,0
ZINC32712894,ChEMBL_zinc_D_3884,CC(NC(=O)Cn1cccnc1=O)c1cc2ccccc2o1,0
ZINC44393063,ChEMBL_zinc_D_3885,CCOc1ccc(-c2ccc(=O)n(C(C)C(=O)Nc3ccc(Br)cc3F)n2)cc1,0
ZINC44441681,ChEMBL_zinc_D_3886,O=C(Nc1nc2c(s1)CCCC2C(=O)NCc1nc2ccccc2[nH]1)c1ccc2c(c1)OCO2,0
ZINC00676537,ChEMBL_zinc_D_3887,CCOc1ccc(NC(=O)COc2ccc(CC)cc2Br)cc1,0
ZINC43351002,ChEMBL_zinc_D_3888,Cc1ccc(F)c(NC(=O)N2CCN(CC(=O)NCc3ccccc3)CC2)c1,0
ZINC47340146,ChEMBL_zinc_D_3889,Cc1ccccc1-n1ccnc1SCC(=O)N1CCC(C)CC1,0
ZINC06087845,ChEMBL_zinc_D_3890,CC1CCc2c(sc3ncn(CC(=O)Nc4cccc(F)c4)c(=O)c32)C1,0
ZINC68933487,ChEMBL_zinc_D_3891,CCCCC(NC(N)=O)C(=O)NCCc1cc(Cl)cc(Cl)c1,0
ZINC69155654,ChEMBL_zinc_D_3892,CCCNC(=O)CCC(=O)NCc1ccc(OC(F)F)c(OCC)c1,0
ZINC68334060,ChEMBL_zinc_D_3893,CSc1nnc(C[NH+]2CCCC(CNC(C)=O)C2)s1,0
ZINC68375497,ChEMBL_zinc_D_3894,C=CCN(CCc1ccccc1)C(=O)NC(C)C(C)C,0
ZINC55167290,ChEMBL_zinc_D_3895,Cc1ccccc1Cc1nnc(NC(=O)CCC2CCOC2=O)s1,0
ZINC05605292,ChEMBL_zinc_D_3896,Cc1ccc(NC(=O)CN(C)C(=O)c2ccc3ccccc3c2)cc1,0
ZINC64406439,ChEMBL_zinc_D_3897,CC(C)CNC(=O)CNC(=O)C1CCC(C(=O)NCC(=O)NCC(C)C)CC1,0
ZINC64491888,ChEMBL_zinc_D_3898,CC1=CC(C)=NC1C(=O)N1CCCC(C(=O)N2CCN(c3cccc(Cl)c3)CC2)C1,0
ZINC14995796,ChEMBL_zinc_D_3899,CCOC(=O)N1CCC(NC(=O)c2c(=O)cc(C)n(CC[NH+]3CCCCC3)c2CC)CC1,0
ZINC19568861,ChEMBL_zinc_D_3900,COc1cccc(OC)c1CN1CCCC(c2noc3nc(C)cc(C(F)(F)F)c32)C1,0
ZINC34919159,ChEMBL_zinc_D_3901,O=C(NCCCc1ccccc1)C1CC(=O)N(C2CCCCC2)C1,0
ZINC36001107,ChEMBL_zinc_D_3902,CCN(CC)C(=O)c1cc(NC(=O)c2ccc3c(c2)OCO3)ccc1N1CCN(C(=O)C2CC2)CC1,0
ZINC67786693,ChEMBL_zinc_D_3903,C=CCc1ccccc1OC(=O)CCCCOc1ccc(S(C)(=O)=O)cc1,0
ZINC67889993,ChEMBL_zinc_D_3904,CC1(C)C(Cc2cc(COc3ccccc3)on2)CC1[NH2+]Cc1ccncc1,0
ZINC43489502,ChEMBL_zinc_D_3905,CN(C1CCCCC1)S(=O)(=O)c1ccc(NC(=O)N2CCCC2)cc1,0
ZINC44121384,ChEMBL_zinc_D_3906,COCC(=O)Nc1ccc(NC(=O)N(Cc2ccc(C3CC3C)o2)C2CC2)cc1,0
ZINC32899229,ChEMBL_zinc_D_3907,CC1CN(CCCNC(=O)c2cn(Cc3ccccc3)nc2-c2cccnc2)CC(C)O1,0
ZINC32917584,ChEMBL_zinc_D_3908,CN1c2ccc(S(=O)(=O)NCCC(=O)[O-])cc2C(C)(C)C1=O,0
ZINC69826643,ChEMBL_zinc_D_3909,CC[NH+](CCNC(=O)NCCC(O)(c1ccccc1)C(F)(F)F)C1CC1,0
ZINC70452028,ChEMBL_zinc_D_3910,COCc1cc(N2CCC(=O)CC2)nc(-c2ccc(C)cc2)n1,0
ZINC44448511,ChEMBL_zinc_D_3911,CCOc1ccc(C)cc1S(=O)(=O)NCC1(O)CCCC1,0
ZINC00904124,ChEMBL_zinc_D_3912,Cc1cc(C)cc(OCC(=O)Nc2cccnc2)c1,0
ZINC01138149,ChEMBL_zinc_D_3913,CCOC(=O)C1CCN(S(=O)(=O)c2ccc(OC)c(Br)c2)CC1,0
ZINC08163397,ChEMBL_zinc_D_3914,CCc1ccccc1Nc1nc(N)nc(COC(=O)CCc2ccccc2O)n1,0
ZINC63636032,ChEMBL_zinc_D_3915,CCCNC(=O)CC(C)CCc1ccccc1,0
ZINC63719785,ChEMBL_zinc_D_3916,CCCCOc1ncccc1CNC(=O)CCn1cc(C)cn1,0
ZINC04982932,ChEMBL_zinc_D_3917,COCCCNC(=O)CN(c1ccc(OC)cc1)S(C)(=O)=O,0
ZINC61720230,ChEMBL_zinc_D_3918,COc1ccc(NC(=O)C(C)n2nnc3ccccc3c2=O)cn1,0
ZINC44040573,ChEMBL_zinc_D_3919,Cc1nc2nc(SCCS(=O)c3ccccc3)nn2c(C)c1C,0
ZINC01432152,ChEMBL_zinc_D_3920,O=C(Cn1cc(I)cn1)Nc1ccc(F)c(F)c1,0
ZINC57182524,ChEMBL_zinc_D_3921,O=C(NCc1ccncc1)C1(c2cccc(F)c2)CCCCC1,0
ZINC57437134,ChEMBL_zinc_D_3922,COc1ccc(CCC(=O)NCC(O)COc2cccc(C)c2)cc1,0
ZINC45078440,ChEMBL_zinc_D_3923,COCCOCCCNC(=O)Cc1csc(NC(=O)c2ccccc2F)n1,0
ZINC45526927,ChEMBL_zinc_D_3924,CC(C)C(Oc1ccc(S(C)(=O)=O)cc1)C(=O)N1CCCCC1C,0
ZINC68664396,ChEMBL_zinc_D_3925,CC(C(=O)NC(C(N)=O)c1ccccc1)c1ccc2c(c1)OCCO2,0
ZINC18060597,ChEMBL_zinc_D_3926,COC(=O)c1cc(CNC(=O)c2ccc(Cl)c(Cl)c2)ccc1OC,0
ZINC55336226,ChEMBL_zinc_D_3927,Cc1cc(C)cc(NCCC(=O)N2CCN(CC(=O)Nc3ccccc3)CC2)c1,0
ZINC56084200,ChEMBL_zinc_D_3928,O=C(CCOCC(F)(F)F)N1CCCC(C(=O)Nc2nccs2)C1,0
ZINC57520119,ChEMBL_zinc_D_3929,COc1cccc(NC(=O)CSc2cc(-n3ccc(C(=O)NC4CC4)n3)ncn2)c1,0
ZINC57526091,ChEMBL_zinc_D_3930,CC(C)CCn1c(=O)c2ccccc2n(CC(=O)N2CCN(c3ccc(F)cc3)CC2)c1=O,0
ZINC19714876,ChEMBL_zinc_D_3931,O=C(NCc1cc(Cl)c2c(c1)OCCCO2)c1ccc(Cn2cnnn2)cc1,0
ZINC19773709,ChEMBL_zinc_D_3932,COc1ccc(NCC(=O)Nc2cccc3ccccc32)cc1,0
ZINC68504023,ChEMBL_zinc_D_3933,CCCOCC(=O)NC(c1ccccc1)C(C)(C)C,0
ZINC68543259,ChEMBL_zinc_D_3934,CC(Cc1cccs1)NC(=O)N1CC(C)OC(C)(C)C1,0
ZINC47895805,ChEMBL_zinc_D_3935,O=C(OCC#Cc1ccccc1)c1cn(-c2ccccc2)nn1,0
ZINC71965683,ChEMBL_zinc_D_3936,Cc1ccc(C)c(N(C)CC(=O)NCc2ccc(F)cc2)c1,0
ZINC43545871,ChEMBL_zinc_D_3937,COc1ccccc1CCNC(=O)C1CCCN1C(=O)OC(C)(C)C,0
ZINC62290090,ChEMBL_zinc_D_3938,Cc1nn(C(C)(C)C)c(C)c1C(=O)NCc1cccc(NC(=O)C2CCCO2)c1,0
ZINC44909595,ChEMBL_zinc_D_3939,CC1CN(C(=O)CN2c3ccccc3OC(C)C2=O)C(C)CO1,0
ZINC44947233,ChEMBL_zinc_D_3940,Cc1cc(F)ccc1NC(=O)c1cc(C(C)C)[nH]n1,0
ZINC69928763,ChEMBL_zinc_D_3941,Cc1nc(CNC(=O)N2CCCC(CN3CCOCC3)C2)cs1,0
ZINC06913497,ChEMBL_zinc_D_3942,O=C(CSc1ncccn1)Nc1ccc(N2CCCCC2)cc1,0
ZINC54208473,ChEMBL_zinc_D_3943,CCN(CC(=O)N(C)C)C(=O)c1cccc(F)c1F,0
ZINC55386126,ChEMBL_zinc_D_3944,Cc1cccc(-c2noc(C[NH+](C)Cc3ccccc3O)n2)c1,0
ZINC38499269,ChEMBL_zinc_D_3945,CC(C)n1ccc(-c2nnc(NC(=O)c3ccc(S(=O)(=O)N4CC(C)CC(C)C4)cc3)o2)n1,0
ZINC38532069,ChEMBL_zinc_D_3946,CCc1ccc(NS(=O)(=O)c2ccc3c(c2)=[NH+]C(=O)[NH+]=3)cc1,0
ZINC03456008,ChEMBL_zinc_D_3947,COc1cc2ccccc2cc1C(=O)N1CCN(c2cccc(Cl)c2)CC1,0
ZINC60806787,ChEMBL_zinc_D_3948,COC(=O)c1cc(C)ccc1OCC(=O)Nc1ccc(F)c(F)c1,0
ZINC68477346,ChEMBL_zinc_D_3949,COC(=O)C(CC(C)C)NC(=O)CN1CC(C)OC(C)(C)C1,0
ZINC68530305,ChEMBL_zinc_D_3950,CCCCC(CC)COCc1cccc(NC(=O)C2CCCN(C(N)=O)C2)c1,0
ZINC19840885,ChEMBL_zinc_D_3951,Cc1nccn1CC[NH2+]Cc1cccc(OCC(O)CN2CCOCC2)c1,0
ZINC20242951,ChEMBL_zinc_D_3952,CCN1c2cc(C(=O)N3CC(C)CC(C)C3)ccc2S(=O)(=O)c2ccccc2C1=O,0
ZINC65932285,ChEMBL_zinc_D_3953,CCCOc1cccc(C[NH2+]Cc2cc(OC)ccc2OCc2ccccn2)c1,0
ZINC65949462,ChEMBL_zinc_D_3954,COc1ccc(Cl)cc1NC(=O)C[NH+](C)CCCN1CCOC1=O,0
ZINC10327743,ChEMBL_zinc_D_3955,CS(=O)(=O)N1CCCc2cc(C(=O)Nc3ccc(OCc4ccccc4)cc3)ccc21,0
ZINC10752536,ChEMBL_zinc_D_3956,O=C(Nc1nc2ccc(F)cc2s1)C1CCCN(S(=O)(=O)c2cccs2)C1,0
ZINC67532981,ChEMBL_zinc_D_3957,CCCNC(=O)CN(CCC)C(=O)NC(C)COCC(F)(F)F,0
ZINC67976950,ChEMBL_zinc_D_3958,CCN(CC)c1ccc(C[NH2+]CC(O)COc2c(OC)cccc2OC)cc1,0
ZINC64871882,ChEMBL_zinc_D_3959,COc1ccc(NC(=O)c2sccc2S(=O)(=O)N(C)c2ccccc2)cc1Cl,0
ZINC64878031,ChEMBL_zinc_D_3960,C#CCN(Cc1ccc(C)cc1)C(=O)C(C)NC(=O)Nc1ccccc1,0
ZINC58231815,ChEMBL_zinc_D_3961,CCCS(=O)(=O)N1CCC(NC(=O)CCNc2ccccc2)CC1,0
ZINC58424652,ChEMBL_zinc_D_3962,Cc1cccc(Cn2cccc(C(=O)N3CCCC(C)C3)c2=O)c1,0
ZINC66746593,ChEMBL_zinc_D_3963,CC(NC(=O)C1CCC1)C(=O)N1CCC(NC(=O)Oc2ccccc2)CC1,0
ZINC66764401,ChEMBL_zinc_D_3964,Cc1nn(C)c(Cl)c1C(=O)N1CCCC(c2ccccc2)CC1,0
ZINC68377893,ChEMBL_zinc_D_3965,COC(=O)C1CC2CCCCC2N1C(=O)CC(C)C1CC1,0
ZINC68445830,ChEMBL_zinc_D_3966,CC(C)OCC(=O)NC1CCCN(CC(N)=O)C1,0
ZINC57121387,ChEMBL_zinc_D_3967,CCC(C)NC(=O)c1ccc(NS(=O)(=O)c2ccc(C(=O)[O-])cc2)cc1,0
ZINC23155381,ChEMBL_zinc_D_3968,CC(C)(C)NS(=O)(=O)c1cc(C(=O)NCc2cccnc2)ccc1Cl,0
ZINC58356786,ChEMBL_zinc_D_3969,O=S(=O)(NC1(c2ccc(Cl)cc2)CCC1)c1cc(F)cc(F)c1,0
ZINC58446353,ChEMBL_zinc_D_3970,Cc1ccc(NC(=O)N2CCN(C(=O)CCOC(C)C)CC2)cc1Cl,0
ZINC68857646,ChEMBL_zinc_D_3971,CN1CCN(C(=O)c2cccc(NC(=O)c3ccco3)c2)Cc2ccccc21,0
ZINC68866238,ChEMBL_zinc_D_3972,C[NH+](CCc1ccccc1F)CC(O)c1ccc(OC(F)F)cc1,0
ZINC46913371,ChEMBL_zinc_D_3973,O=C(C1CCCC(C(F)(F)F)C1)N1CCCC(c2nc3ccccc3[nH]2)C1,0
ZINC47045466,ChEMBL_zinc_D_3974,CCCCN(CC)C(=O)NC(C)c1ccc(OCC)c(OC)c1,0
ZINC56934574,ChEMBL_zinc_D_3975,Cc1nc(-n2nnc(C(=O)N3CCN(CCc4ccccc4)CC3)c2C)sc1C,0
ZINC56966692,ChEMBL_zinc_D_3976,Cn1c2nc(CN3CCN(c4ccccc4F)CC3)n(CC(=O)C(C)(C)C)c2c(=O)n(C)c1=O,0
ZINC56179534,ChEMBL_zinc_D_3977,CCOC(=O)NCCC(=O)Nc1cc(OC)ccc1NC(C)=O,0
ZINC56230786,ChEMBL_zinc_D_3978,CCC(C)C(NC(=O)c1ccccc1)C(=O)OCCc1c[nH]nc1C(F)(F)F,0
ZINC69140275,ChEMBL_zinc_D_3979,O=C(Nc1ccc2c(c1)CCC2)C1CC(=O)N(CCN2CCOCC2)C1,0
ZINC23468354,ChEMBL_zinc_D_3980,O=C(CN1CC[NH+](Cc2ccccc2)CC1)NCC1CCCCC1,0
ZINC14835249,ChEMBL_zinc_D_3981,CCCCNC(=O)c1cccc(NC(=O)CCCCC(=O)Nc2cccc(C(=O)NCCCC)c2)c1,0
ZINC16694773,ChEMBL_zinc_D_3982,CC(C)c1ccc(N(CC(=O)NCC(F)(F)F)S(=O)(=O)c2ccccc2)cc1,0
ZINC66785765,ChEMBL_zinc_D_3983,O=C(CC[NH+]1CCCCC1)Nc1cccc(NC(=O)COc2ccccc2F)c1,0
ZINC66826169,ChEMBL_zinc_D_3984,CC(NC(=O)C1CCOCC1)C(=O)Nc1nc(C[NH+]2CCC(C)CC2)cs1,0
ZINC66414066,ChEMBL_zinc_D_3985,CC(=O)NCc1ccc(C(=O)NCCN(C(=O)OC(C)(C)C)C2CC2)cc1,0
ZINC66430891,ChEMBL_zinc_D_3986,COc1ccc(COCCCNC(=O)c2cccc(C)c2C)cc1,0
ZINC05001100,ChEMBL_zinc_D_3987,CCn1c(SCC(=O)NC2CCCCC2C)nnc1-c1ccccc1O,0
ZINC42287272,ChEMBL_zinc_D_3988,Cc1cc(C)cc(NC(=O)C(C)N2CC[NH+](CCO)CC2)c1,0
ZINC07514789,ChEMBL_zinc_D_3989,CCCn1c2cc(OC)c(OC)cc2sc1=NC(=O)c1ccccc1,0
ZINC07652627,ChEMBL_zinc_D_3990,C=CCn1c(SCC(=O)Nc2cccc(C)c2)nnc1-c1ccccc1F,0
ZINC64421296,ChEMBL_zinc_D_3991,CN(CC(NC(=O)CN1CCCC1=O)c1ccccc1)C1CC[NH+](C)CC1,0
ZINC64553827,ChEMBL_zinc_D_3992,O=C(NC1CCN(C(=O)c2ccc(F)cc2)C1)C1CCC1,0
ZINC64684748,ChEMBL_zinc_D_3993,O=C(CC1Sc2ccccc2NC1=O)OCCc1c[nH]nc1C(F)(F)F,0
ZINC35553019,ChEMBL_zinc_D_3994,O=C(c1ccncc1)N1CCN(c2ccc(-c3noc(C4CC4)n3)cc2)CC1,0
ZINC22692866,ChEMBL_zinc_D_3995,COc1cc(CCC(=O)NC(C)c2cccnc2)cc(OC)c1,0
ZINC22875735,ChEMBL_zinc_D_3996,COc1cc(OC)c(NC(=O)CN(C)C(=O)c2ccco2)cc1Cl,0
ZINC41822941,ChEMBL_zinc_D_3997,CC(=O)NC(CC(=O)NCC1CN(CC(C)C)CCO1)c1ccc(Cl)cc1,0
ZINC67640500,ChEMBL_zinc_D_3998,CCCCC(=O)OC(C)c1cccc(C#N)c1,0
ZINC09267272,ChEMBL_zinc_D_3999,CC(C)OC(=O)c1ccc(OC(=O)Cc2ccc(Cl)cc2)cc1,0
ZINC09571952,ChEMBL_zinc_D_4000,CCOc1ccnc2c1c(=O)n(CC(=O)NCc1ccccc1Cl)c(=O)n2C,0
ZINC71981995,ChEMBL_zinc_D_4001,O=C(CCNC(=O)NC12CC3CC(CC(C3)C1)C2)NCc1cccc(NC(=O)c2ccc(F)cc2)c1,0
ZINC07735443,ChEMBL_zinc_D_4002,COc1cc(OC)cc(C(=O)NC(C(=O)OCC(=O)NCC(F)(F)F)C(C)C)c1,0
ZINC64788060,ChEMBL_zinc_D_4003,COc1ccc(OC)c(-c2csc3ncc(C(=O)Nc4ccc(Cl)cc4C)c(=O)n23)c1,0
ZINC64795651,ChEMBL_zinc_D_4004,O=C([O-])c1sc2c(c1-c1ccc(Cl)cc1)NC(=O)CC2c1cccc(O)c1,0
ZINC47940309,ChEMBL_zinc_D_4005,CC(C(=O)N(C)Cc1ccccc1)S(=O)(=O)c1nc2ccccc2[nH]1,0
ZINC48237499,ChEMBL_zinc_D_4006,O=C(NCc1cccnc1-n1cccn1)C1CC(=O)Nc2ccccc21,0
ZINC18703000,ChEMBL_zinc_D_4007,O=C(Nc1nnc(-c2ccccc2)s1)c1ccc(OC(F)(F)F)cc1,0
ZINC47086397,ChEMBL_zinc_D_4008,NC(=O)C1CCN(S(=O)(=O)c2c(Cl)nc3ccccn32)CC1,0
ZINC24610428,ChEMBL_zinc_D_4009,CC1CCN(C(=O)C2CCN(S(=O)(=O)Cc3cccc(Cl)c3)CC2)CC1,0
ZINC29289881,ChEMBL_zinc_D_4010,CN(CC1CCCCC1)C(=O)C1CCN(C(=O)Nc2ccccc2)CC1,0
ZINC04050610,ChEMBL_zinc_D_4011,COC(=O)CC(C(=O)OC)c1ccno1,0
ZINC35972329,ChEMBL_zinc_D_4012,CC(C)c1nn(-c2ccccc2)c(N(C)C)c1CN(CC1CC1)C(=O)c1ccccc1F,0
ZINC68470779,ChEMBL_zinc_D_4013,CC(CC[NH+](C)C)NC(=O)Cc1ccc(S(=O)(=O)N2CCCCC2)s1,0
ZINC68498355,ChEMBL_zinc_D_4014,CC(C(=O)N(C)C(c1ccc(Cl)cc1)c1cccnc1)n1ccnc1,0
ZINC40774159,ChEMBL_zinc_D_4015,CC1(C(=O)NCCc2ccc(F)cc2)Sc2ccccc2NC1=O,0
ZINC40790984,ChEMBL_zinc_D_4016,Cn1nc(C(=O)NC2CCCc3ccccc32)c(=O)c2cc(F)ccc21,0
ZINC55321135,ChEMBL_zinc_D_4017,CNC(=O)Cc1ccccc1NC(=O)C(C)Oc1ccc(Cl)c(C)c1,0
ZINC55357545,ChEMBL_zinc_D_4018,O=S(=O)(Cc1cc(-c2ccccc2)on1)c1c(F)cc(F)cc1F,0
ZINC40818294,ChEMBL_zinc_D_4019,Nc1ccc(C(=O)Nc2ncccc2-c2nc3ccccc3[nH]2)cc1,0
ZINC40895993,ChEMBL_zinc_D_4020,O=C1Cc2cc(Nc3nc(NCc4ccccn4)cc[nH+]3)ccc2N1,0
ZINC31809011,ChEMBL_zinc_D_4021,C[NH+]1CCN(c2nc(C3CCCCC3)c3c(c2C#N)CCC3)CC1,0
ZINC32736718,ChEMBL_zinc_D_4022,COc1cccc(-c2nn(Cc3ccccc3)cc2C(=O)OC2CC(C)OC2=O)c1,0
ZINC55849607,ChEMBL_zinc_D_4023,Cc1ccc(NC(=O)C2CC2)cc1NCC(=O)Nc1cccc(F)c1,0
ZINC55893179,ChEMBL_zinc_D_4024,COC(=O)COc1ccc(NCC(=O)Nc2cc(OC)cc(OC)c2)c(C)c1,0
ZINC47219129,ChEMBL_zinc_D_4025,CC(C[NH2+]CCc1c[nH]c2ccccc12)C(=O)OC(C)(C)C,0
ZINC48325035,ChEMBL_zinc_D_4026,CCn1c2ccccc2n(CC(=O)NCc2ccnc(OC)c2)c1=O,0
ZINC07695637,ChEMBL_zinc_D_4027,N#Cc1cnc(SCC(=O)N2CCCC3CCCCC32)nc1N,0
ZINC08230915,ChEMBL_zinc_D_4028,O=C(OCc1nc2sc3c(c2c(=O)[nH]1)CCC3)C1(c2ccc(Cl)cc2)CCC1,0
ZINC68115665,ChEMBL_zinc_D_4029,CC(C)[NH+](C)CCCNC(=O)C(C)Sc1ncccn1,0
ZINC68703244,ChEMBL_zinc_D_4030,Cc1nc(C(C)Nc2ccc3nnc(C)n3n2)cs1,0
ZINC46704935,ChEMBL_zinc_D_4031,CCS(=O)(=O)NCC(c1ccco1)[NH+]1CCCCC1,0
ZINC47641073,ChEMBL_zinc_D_4032,NS(=O)(=O)c1cccc(CNC(=O)NC2CCCCCC2)c1,0
ZINC32788261,ChEMBL_zinc_D_4033,CC(=O)NCc1ccc(C(=O)N(C)CCOc2cccc(Cl)c2)cc1,0
ZINC32809940,ChEMBL_zinc_D_4034,CCN(CC(F)(F)F)C(=O)c1ccc(CS(=O)(=O)c2ccccc2)o1,0
ZINC69844801,ChEMBL_zinc_D_4035,Cc1nn(C)c(C)c1C(C)NC(=O)Nc1ccccc1C(C)(C)C,0
ZINC06784676,ChEMBL_zinc_D_4036,CCNc1c2ccccc2oc(=O)c1NS(=O)(=O)c1ccc(F)cc1,0
ZINC00807216,ChEMBL_zinc_D_4037,CC(=O)c1cn(CC(=O)N2CCOCC2)c2ccccc12,0
ZINC39970017,ChEMBL_zinc_D_4038,COc1cc(C2CC(=O)NC3=NC(N)=NC(=O)C32)ccc1OCc1ccc(C)cc1,0
ZINC02652394,ChEMBL_zinc_D_4039,COc1ccccc1NC(=O)COC(=O)c1ccc(Cl)c(S(N)(=O)=O)c1,0
ZINC61844934,ChEMBL_zinc_D_4040,CCC(C)c1ccc(S(=O)(=O)[N-]c2nnc[nH]2)cc1,0
ZINC50332481,ChEMBL_zinc_D_4041,CCc1nc(C)c(C(=O)Nc2ccccc2OCCC(N)=O)s1,0
ZINC64927164,ChEMBL_zinc_D_4042,COc1ccc(-n2nc(N3CCC(C(=O)NCC4CCCO4)CC3)ccc2=O)cc1,0
ZINC10881606,ChEMBL_zinc_D_4043,COc1cccc2cc(C(=O)N3CCC(c4c[nH]c5ccccc54)CC3)c(=O)oc21,0
ZINC10907794,ChEMBL_zinc_D_4044,CN(Cc1ccc(N2CCOCC2)cc1)C(=O)Cn1nnc2ccccc2c1=O,0
ZINC69128767,ChEMBL_zinc_D_4045,CC[NH+](CC)C(C)CNC(=O)c1ccc(C(=O)NC(C)(C)C)cc1,0
ZINC72069724,ChEMBL_zinc_D_4046,CCCCC(CC)C(=O)NCC1CCCN(C(=O)OC(C)(C)C)C1,0
ZINC60611123,ChEMBL_zinc_D_4047,O=C(CCN1CCOCC1)Nc1cccc(CNC(=O)NC2CCOCC2)c1,0
ZINC60621891,ChEMBL_zinc_D_4048,CC1(C(=O)NC2CCCc3ccccc32)CCCC1,0
ZINC64546709,ChEMBL_zinc_D_4049,CCOc1ccc(NC(=O)NCc2nnc3n2CCCCC3)cc1C,0
ZINC64579007,ChEMBL_zinc_D_4050,COc1ccc(C(=O)N2CCN(c3nc4cccnc4n(Cc4ccccc4)c3=O)CC2)cc1,0
ZINC65867945,ChEMBL_zinc_D_4051,CC1CC[NH+](CCCCNC(=O)c2ccc(-c3ccco3)[nH]c2=O)CC1,0
ZINC65871802,ChEMBL_zinc_D_4052,O=C(NC(c1ccc(F)cc1)c1ccc(F)cc1)c1c[nH]c(=O)c(Cl)c1,0
ZINC68529587,ChEMBL_zinc_D_4053,Cn1ncc(C(=O)NC2CCC[NH+](C3CCCCC3)C2)c1C(F)F,0
ZINC68557916,ChEMBL_zinc_D_4054,COC(=O)NC(CC(C)C)C(=O)NCCOCC1CCOC1,0
ZINC65829192,ChEMBL_zinc_D_4055,COC(=O)c1ccc(C)c(NC(=O)N(C)CC(O)COCCOC(C)C)c1,0
ZINC66047418,ChEMBL_zinc_D_4056,Cc1ccnc(NC(=O)C2CCN(C(=O)C[NH+](C)Cc3ccccc3)CC2)c1,0
ZINC67416044,ChEMBL_zinc_D_4057,CC(=O)NCC1CCC[NH+](C(C)C(=O)Nc2sc3c(c2C(N)=O)CCC3)C1,0
ZINC67422142,ChEMBL_zinc_D_4058,CCNC(=O)C1CCCN(C(=O)NCCN(C(=O)OC(C)(C)C)C2CC2)C1,0
ZINC09218130,ChEMBL_zinc_D_4059,NC(=O)C(Sc1nnc(-c2ccco2)n1-c1ccccc1)c1ccccc1,0
ZINC09304118,ChEMBL_zinc_D_4060,CCn1c(COc2ccc(Cl)cc2)nnc1SC(C)C(=O)Nc1nnc(C)s1,0
ZINC69158678,ChEMBL_zinc_D_4061,Cc1nc(C(=O)N2CCCC2c2cccs2)nn1-c1ccccc1Cl,0
ZINC00042840,ChEMBL_zinc_D_4062,CC1CC[NH+](Cc2cc(Br)c3cccnc3c2O)CC1,0
ZINC69241974,ChEMBL_zinc_D_4063,CC(C)[NH+]1CCC(NC(=O)NCCCOc2ccccc2F)C1,0
ZINC06746148,ChEMBL_zinc_D_4064,CCCS(=O)(=O)N1CCCC(C(=O)Nc2cccc(Cl)c2)C1,0
ZINC01135072,ChEMBL_zinc_D_4065,CCc1sc(NS(=O)(=O)c2ccc(NC(C)=O)cc2)nc1-c1ccccc1,0
ZINC05183388,ChEMBL_zinc_D_4066,CCCn1c2ccc(S(N)(=O)=O)cc2sc1=NC(=O)c1cc(C)ccc1C,0
ZINC61733157,ChEMBL_zinc_D_4067,CCNC(=O)C1CCCN(C(=O)Nc2cccc(Br)c2)C1,0
ZINC49410700,ChEMBL_zinc_D_4068,Cc1cc(C)cc(Nc2nc(C)cc3nn(CC(=O)Nc4cc(F)cc(F)c4)c(=O)n32)c1,0
ZINC45867661,ChEMBL_zinc_D_4069,Cc1ccc(C(=O)NCCNC(=O)NC(C)CCc2ccc(O)cc2)cc1F,0
ZINC45946012,ChEMBL_zinc_D_4070,CCc1ccc(C(=O)[O-])cc1S(=O)(=O)Nc1cccc(C(=O)N(C)C)c1,0
ZINC14542465,ChEMBL_zinc_D_4071,Cc1ccc(CNC(=O)c2nn(C)c3c2CC([NH+](C)CC(C)C)CC3)o1,0
ZINC14714986,ChEMBL_zinc_D_4072,Cc1nnc(NC(=O)CSc2ccc(Br)cc2)s1,0
ZINC49001495,ChEMBL_zinc_D_4073,CCOC(=O)c1c(=O)[nH]c2c(Cl)cccc2c1NCc1ccccc1OC,0
ZINC04854121,ChEMBL_zinc_D_4074,COc1ccc(S(=O)(=O)N2CCn3cccc3C2c2ccc(C)cc2)cc1C,0
ZINC66436785,ChEMBL_zinc_D_4075,COc1cccc(CCCNC(=O)c2cc(Cl)c(OC)c(OC)c2)c1,0
ZINC66452419,ChEMBL_zinc_D_4076,Cc1cccc(CNc2ncccc2S(=O)(=O)N2CCCCC2)c1,0
ZINC62865621,ChEMBL_zinc_D_4077,O=C(CCc1ccccn1)N(Cc1cccs1)Cc1cccs1,0
ZINC63135314,ChEMBL_zinc_D_4078,O=C([O-])c1cc(C(=O)[O-])cc(S(=O)(=O)NCC(C2=c3ccccc3=[NH+]C2)c2ccccc2Cl)c1,0
ZINC67773017,ChEMBL_zinc_D_4079,CCC(C)C(C(=O)Nc1ccn(C)n1)c1ccccc1,0
ZINC67793786,ChEMBL_zinc_D_4080,Cc1cc(NC(=O)CN(C)c2ccc(C#N)cn2)ccc1N(C)C,0
ZINC64526683,ChEMBL_zinc_D_4081,CCCCNC(=O)C1(c2ccc(NC(C)=O)cc2)CC1,0
ZINC64599224,ChEMBL_zinc_D_4082,C#CCNC(=O)CCNS(=O)(=O)c1ccc(OC(C)C)c2ccccc21,0
ZINC69072483,ChEMBL_zinc_D_4083,CC(c1ccco1)N(C)CCc1cccs1,0
ZINC69152509,ChEMBL_zinc_D_4084,O=C(NCCOCC1CCOC1)NC(CCc1ccccc1)c1ccccc1,0
ZINC39561449,ChEMBL_zinc_D_4085,COc1ccc(N2CCN(C(C)C(=O)Nc3ccc(Cl)c(C(F)(F)F)c3)CC2)cc1,0
ZINC57590274,ChEMBL_zinc_D_4086,O=C(CCc1ncc(-c2ccccc2Cl)o1)NCCCn1ccccc1=O,0
ZINC71968000,ChEMBL_zinc_D_4087,O=C1NC(c2cccc3c2OCO3)N2CCCCC12,0
ZINC72007988,ChEMBL_zinc_D_4088,COCCOc1ccc(NC(=O)NC(C)c2cccc(OC(F)F)c2)cc1Cl,0
ZINC32797564,ChEMBL_zinc_D_4089,O=S(=O)(c1cccc(Cl)c1)N1CCN(Cc2ccccc2)CC1,0
ZINC32850853,ChEMBL_zinc_D_4090,CCOC(=O)C(c1ccc(Cl)cc1)N1CCN(C(=O)c2ccc3c(c2)OCC(=O)N3)CC1,0
ZINC68404234,ChEMBL_zinc_D_4091,Cc1cc(C)n(CC(C)NC(=O)N2CCCC(C(=O)NC3CCCCC3)C2)n1,0
ZINC68445603,ChEMBL_zinc_D_4092,C#CCCN1CCN(C(=O)Cc2csc(-c3ccccn3)n2)CC1,0
ZINC56732401,ChEMBL_zinc_D_4093,CC(C)C[NH+]1CCC(NC(=O)Nc2cccc(Cn3cncn3)c2)CC1,0
ZINC56888888,ChEMBL_zinc_D_4094,CC(NS(=O)(=O)c1cccs1)C(=O)NCC(C)(C)c1ccccc1,0
ZINC63184381,ChEMBL_zinc_D_4095,COC(=O)c1ccc(F)c(S(=O)(=O)NC2CCN(C(=O)C(C)C)CC2)c1,0
ZINC63483822,ChEMBL_zinc_D_4096,CCCCn1c(N)c(N(C)CC(=O)NC2(C#N)CCCCCC2)c(=O)[nH]c1=O,0
ZINC35992624,ChEMBL_zinc_D_4097,CCOC(=O)c1c(C)c(C(=O)CN(CCC(C)C)C(=O)c2ccc(C)cc2)c(C)n1C,0
ZINC36028366,ChEMBL_zinc_D_4098,CCc1cc(N2CCN(C(C)=O)CC2)nc(SCc2ccc(C(=O)NC(C)C)cc2)n1,0
ZINC64948778,ChEMBL_zinc_D_4099,CCC1CN(C(=O)CNc2ccccc2C(=O)NC(C)C)CCO1,0
ZINC50361540,ChEMBL_zinc_D_4100,Cc1nn(C)c(C)c1CC(=O)NCC(=O)Nc1cccc(F)c1,0
ZINC68477006,ChEMBL_zinc_D_4101,CCCCOC(C)C(=O)NCC1CC[NH+](CCOC)C1,0
ZINC68762942,ChEMBL_zinc_D_4102,C=CCOC(C)C(=O)NCC1COc2ccccc2C1,0
ZINC57491245,ChEMBL_zinc_D_4103,Cc1ccc(-n2c(=O)c3sccc3n(CC(=O)NCc3ccc4c(c3)OCO4)c2=O)cc1C,0
ZINC57643185,ChEMBL_zinc_D_4104,O=c1[nH]c2cc3c(cc2cc1CN(Cc1nnnn1Cc1ccc(F)cc1)Cc1ccccc1)OCO3,0
ZINC67690354,ChEMBL_zinc_D_4105,CCn1c(C2CCCN(C(=O)c3ccc(C#N)nc3)C2)nn(CC[NH+](C)C)c1=O,0
ZINC67714337,ChEMBL_zinc_D_4106,C[NH+](C)CCOc1ccccc1C[NH+]1CCCC(c2ccn[nH]2)C1,0
ZINC56351613,ChEMBL_zinc_D_4107,CCCN(C(=O)c1cccc(S(C)(=O)=O)c1)C1CCc2ccccc2C1,0
ZINC65908238,ChEMBL_zinc_D_4108,CCN(Cc1cnn(C)c1)C(=O)c1ccccc1SC(F)(F)F,0
ZINC68694173,ChEMBL_zinc_D_4109,Cc1cc(N2CCC[NH+](C(C)(C)C)CC2)nc(-c2ccccn2)n1,0
ZINC68769668,ChEMBL_zinc_D_4110,O=C1C(Nc2nc(C(F)F)nc3ccccc32)CCN1c1ccccc1,0
ZINC06847048,ChEMBL_zinc_D_4111,COc1ccc(-c2csc(NC(=O)c3cccnc3)n2)cc1Br,0
ZINC55688096,ChEMBL_zinc_D_4112,N#Cc1cccc(S(=O)(=O)[N-]c2ccccc2COc2ccccc2)c1,0
ZINC13060100,ChEMBL_zinc_D_4113,O=c1cc(CO)oc(CN2CCN(c3cccc[nH+]3)CC2)c1O,0
ZINC20694197,ChEMBL_zinc_D_4114,COc1cccc(C2Nc3c(Cl)ccc(Cl)c3C3C=CCC32)c1O,0
ZINC66774396,ChEMBL_zinc_D_4115,O=C(NCc1ccc2c(c1)OCCCO2)c1sccc1C1CC1,0
ZINC66779011,ChEMBL_zinc_D_4116,COc1ccc(COC(=O)Cc2ccccc2)cc1OC,0
ZINC71767450,ChEMBL_zinc_D_4117,O=C1CCCN1C1CCC[NH+](Cc2c[nH+]cn2C2CCCCC2)C1,0
ZINC46437936,ChEMBL_zinc_D_4118,Cc1cc(NC(=O)CC[NH+]2CCCC3CCCCC32)no1,0
ZINC64578440,ChEMBL_zinc_D_4119,COc1ccccc1Oc1cc(-c2cccc(C(=O)NC(C)(C)C)c2)ncn1,0
ZINC35397301,ChEMBL_zinc_D_4120,CCOC(=O)C1CCCN(c2ncc(NS(=O)(=O)c3ccc(CC)cc3)cc2C(=O)[O-])C1,0
ZINC58515547,ChEMBL_zinc_D_4121,C[NH+](C)CCn1c(=O)oc2ccc(NC(=O)Nc3ccccc3F)cc21,0
ZINC69686643,ChEMBL_zinc_D_4122,O=C(Nc1cc(F)ccc1Oc1ccccc1)NC1CCCCNC1=O,0
ZINC59386088,ChEMBL_zinc_D_4123,CC(=O)OC12c3ccccc3C(=O)C1(c1ccccc1)C(C)C(=O)N2n1cnnc1,0
ZINC06004340,ChEMBL_zinc_D_4124,COc1cc(OC)c(OC)cc1C[NH2+]Cc1ccccc1,0
ZINC24758342,ChEMBL_zinc_D_4125,CC(C)c1noc(C(C)Sc2nc(-c3ccco3)nc3ccccc32)n1,0
ZINC40073854,ChEMBL_zinc_D_4126,CC12CCC(=O)N1c1ccccc1C(=O)N2CCCC(=O)Nc1nc2c(s1)CCC2,0
ZINC69654519,ChEMBL_zinc_D_4127,Cc1noc(CCNC(=O)NC2CCCN(c3ncccn3)C2)n1,0
ZINC69664023,ChEMBL_zinc_D_4128,COC1CCCC1OC(=O)Cc1csc(NC(=O)Cc2cccs2)n1,0
ZINC14963378,ChEMBL_zinc_D_4129,CN(C)S(=O)(=O)NC1CC(=O)N(C2CCCCCC2)C1,0
ZINC15074819,ChEMBL_zinc_D_4130,O=C(NCc1ccc[nH+]c1N1CCCCCCC1)c1ncoc1C1CC1,0
ZINC66180480,ChEMBL_zinc_D_4131,Cc1cccc(C[NH2+]Cc2ccc(OCC3CCCO3)cc2OCC2CCCO2)c1,0
ZINC66187415,ChEMBL_zinc_D_4132,Cc1noc(CNC(=O)NCc2cn3ccc(C)cc3[nH+]2)n1,0
ZINC66681392,ChEMBL_zinc_D_4133,Cc1cc(C)n(Cc2cccc(NC(=O)N3CCc4sccc4C3)c2)n1,0
ZINC66806344,ChEMBL_zinc_D_4134,CCN(C(=O)CN1C(=O)COc2ccccc21)C(C)Cc1ccc(OC)cc1,0
ZINC38787371,ChEMBL_zinc_D_4135,O=C(Nc1ccc(-c2ccc(N3CCCC3)nn2)cc1)C1(c2ccccc2)CCOCC1,0
ZINC38797325,ChEMBL_zinc_D_4136,CCOC(=O)c1c(C)oc2c1cc(NS(=O)(=O)c1ccc3c(c1)=[NH+]C(=O)[NH+]=3)c1ccccc21,0
ZINC52891735,ChEMBL_zinc_D_4137,CCc1nc(CSc2ncc(-c3ccccc3)n2Cc2ccco2)no1,0
ZINC64695372,ChEMBL_zinc_D_4138,CNS(=O)(=O)Cc1cccc(CNC(=O)Nc2ccc(C#N)c(Cl)c2)c1,0
ZINC66658424,ChEMBL_zinc_D_4139,COC(=O)N1CCCC1C(=O)NCc1cccc(C[NH+]2CCC(C)CC2)c1,0
ZINC66697072,ChEMBL_zinc_D_4140,COc1cccc(-c2nc(C[NH+](C)C3CCCCC3)cs2)c1OC,0
ZINC68176824,ChEMBL_zinc_D_4141,COc1ccc(C(CNC(=O)C(OCC2CCCO2)C(C)C)[NH+](C)C)cc1,0
ZINC68345386,ChEMBL_zinc_D_4142,COCCc1ccc(S(=O)(=O)NC(C)C(=O)NC2CCCC2)cc1,0
ZINC65802029,ChEMBL_zinc_D_4143,O=C(NC1CCCCC1)C1CCN(C(=O)c2cccc(-n3cnnn3)c2)CC1,0
ZINC65902361,ChEMBL_zinc_D_4144,Cc1nn(-c2ccc(C(=O)N3CCNC(=O)CC3)cc2)c(C)c1Br,0
ZINC65914593,ChEMBL_zinc_D_4145,CC(C)OCCOCc1cccc(NC(=O)COc2ccc(C(N)=O)cc2)c1,0
ZINC65923693,ChEMBL_zinc_D_4146,Cc1cc(=O)c(C(=O)Nc2cnn(C(C)(C)C)c2)nn1-c1ccccc1F,0
ZINC58352030,ChEMBL_zinc_D_4147,CC(C)NC(=O)Nc1ccccc1NC(=O)CCCNC(=O)C1CC1,0
ZINC06782781,ChEMBL_zinc_D_4148,COc1ccc2c(c1)[nH]cc(C(=O)N1CCC(C)CC1)c2=O,0
ZINC67998570,ChEMBL_zinc_D_4149,CC1CC1C(=O)Nc1ccc(F)cc1C(=O)N1CCN(C(=O)C2CC2)CC1,0
ZINC68043662,ChEMBL_zinc_D_4150,Cn1c(SCc2noc(Cc3ccccc3)n2)nc2ccccc2c1=O,0
ZINC67777285,ChEMBL_zinc_D_4151,CC(NC(=O)Cn1nnc2ccccc21)c1ccc(OCC(F)(F)F)cc1,0
ZINC67821460,ChEMBL_zinc_D_4152,CN(Cc1nnc(-c2ccccc2)o1)C(=O)c1c[nH]c(=O)cn1,0
ZINC65976704,ChEMBL_zinc_D_4153,Cc1ccc(NC(=O)COc2ccc(CC[NH2+]Cc3ccccn3)cc2)cc1,0
ZINC66018342,ChEMBL_zinc_D_4154,COc1cccc(C(NC(=O)Cc2cccc(OC(C)C)c2)c2nccn2C)c1,0
ZINC57485604,ChEMBL_zinc_D_4155,CCC(C)Oc1cccc(NC(=O)NCCC[NH+](C)CCOC)c1,0
ZINC19584072,ChEMBL_zinc_D_4156,CN(C)c1nc2ccccc2cc1CN1CCc2c(=O)nc(-c3cc[nH+]cc3)[nH]c2C1,0
ZINC56591439,ChEMBL_zinc_D_4157,CNC(=O)Cc1ccccc1NC(=O)NCCOc1ccccc1C,0
ZINC03225092,ChEMBL_zinc_D_4158,Cc1cccc(C)c1NC(=O)COC(=O)c1ccc(C#N)cc1,0
ZINC00785870,ChEMBL_zinc_D_4159,CC(C)(C)NC(=O)C1CC[NH+](Cc2cccc(OCc3ccccc3)c2)CC1,0
ZINC41017078,ChEMBL_zinc_D_4160,C=CCN1c2cc(NC(=O)C(CC)Oc3ccccc3F)ccc2OC(C)C1=O,0
ZINC32869645,ChEMBL_zinc_D_4161,CCC(CC)NC(=O)C(C)NC(=O)c1cccs1,0
ZINC33086039,ChEMBL_zinc_D_4162,C[NH+]1CCN(c2nc3ccccc3nc2C(=O)Nc2cccc(F)c2)CC1,0
ZINC09087974,ChEMBL_zinc_D_4163,COc1cccc(-c2cn3c(nc4c3c(=O)n(C)c(=O)n4C)n2-c2cccc(Cl)c2C)c1,0
ZINC12547049,ChEMBL_zinc_D_4164,C[NH+](Cc1cccnc1)Cc1c(O)ccc2cc(Br)ccc21,0
ZINC69326910,ChEMBL_zinc_D_4165,Cc1cccc(OC(F)F)c1NC(=O)NC(c1ccc(F)cc1)C1CCCO1,0
ZINC44479293,ChEMBL_zinc_D_4166,CC(c1ccc(Cl)cc1)N(C)C(=O)c1cccc(OCC(=O)N(C)C)c1,0
ZINC67815552,ChEMBL_zinc_D_4167,Cc1ccc(CNC(=O)Cc2cccc(Cl)c2)cn1,0
ZINC67870841,ChEMBL_zinc_D_4168,CC(=O)NC(CC(=O)N(C)C(C)c1ccccn1)c1ccc(Cl)cc1,0
ZINC03273391,ChEMBL_zinc_D_4169,Cc1ccc(C(=O)OCC(=O)Nc2ccc(I)cc2)s1,0
ZINC44298006,ChEMBL_zinc_D_4170,CN(Cc1c(F)cccc1Cl)S(=O)(=O)c1cccc(S(C)(=O)=O)c1,0
ZINC37263451,ChEMBL_zinc_D_4171,C=CCNC(=O)C1CCN(c2cccc(C)c2)C1=O,0
ZINC37520803,ChEMBL_zinc_D_4172,COc1cccc(N2CCN(C(=O)CC(C)(C)C)C(C)C2=O)c1,0
ZINC65582215,ChEMBL_zinc_D_4173,CCCCC(NC(N)=O)C(=O)N1CCN(CC(=O)Nc2cc(C)on2)CC1,0
ZINC65800678,ChEMBL_zinc_D_4174,CC(C)OCCOCc1cccc(NC(=O)c2ccc3c(c2)CCO3)c1,0
ZINC15733955,ChEMBL_zinc_D_4175,Cc1nn2c(nc(COC(=O)CSc3ccc(C)cc3)cc2=O)s1,0
ZINC01170984,ChEMBL_zinc_D_4176,Cc1cccc(NC(=O)c2cnn(-c3ccccc3)c2NC(=O)c2ccc(Br)cc2)c1,0
ZINC47742614,ChEMBL_zinc_D_4177,O=C(NCC(c1cccs1)N1CCOCC1)NCC(F)(F)F,0
ZINC61795356,ChEMBL_zinc_D_4178,O=C(NC1CCOc2ccccc21)N1CCC[NH+](C2CC2)CC1,0
ZINC66047881,ChEMBL_zinc_D_4179,Cc1noc(Cl)c1CCC(=O)Nc1cccc(N2CCCC2=O)c1C,0
ZINC66082172,ChEMBL_zinc_D_4180,Cc1nc(-c2ccccc2C)n(CC(=O)N(C)Cc2ccccc2)n1,0
ZINC56962332,ChEMBL_zinc_D_4181,COc1ccc(C)cc1C1(CNC(=O)N2CCC(CO)CC2)CCOCC1,0
ZINC57041611,ChEMBL_zinc_D_4182,COc1ccccc1C(C)N(C)C(=O)NCC(C)C[NH+]1CCCCC1,0
ZINC67950356,ChEMBL_zinc_D_4183,Cc1noc(C)c1S(=O)(=O)Oc1cccc(NC(=O)c2cnn(C)c2)c1,0
ZINC67965031,ChEMBL_zinc_D_4184,Cc1ccc(C)c2sc(NC(=O)CCN3CCCC3=O)nc21,0
ZINC69714800,ChEMBL_zinc_D_4185,Cc1ccccc1C[NH2+]Cc1ccc(N2CCOCC2)cc1C(F)(F)F,0
ZINC69737220,ChEMBL_zinc_D_4186,Cc1ccc(C)c(CNc2cc(C(=O)NCCC(N)=O)ccc2F)c1,0
ZINC63265269,ChEMBL_zinc_D_4187,CCC(CC)c1nnc(NC(=O)CCOCCOC)s1,0
ZINC52956802,ChEMBL_zinc_D_4188,CCN(CC(=O)Nc1cccc(OC)c1)C(=O)c1sccc1C(C)C,0
ZINC13249125,ChEMBL_zinc_D_4189,CCCc1ccc(NC(=O)CC(C(=O)[O-])c2ccccc2)cc1,0
ZINC04927745,ChEMBL_zinc_D_4190,O=C(CSc1nc(-c2ccc(F)cc2)[nH]c1-c1ccccc1)Nc1nccs1,0
ZINC69169856,ChEMBL_zinc_D_4191,CC(C)C([NH2+]Cc1ccc(N2CCCCC2)cc1)c1nc(-c2ccncc2)no1,0
ZINC69193382,ChEMBL_zinc_D_4192,NC(=O)COc1cccc(C[NH+]2CCCC2c2ccc3c(c2)OCCO3)c1,0
ZINC36644913,ChEMBL_zinc_D_4193,CCOc1ccc(C(=O)N(CCC[NH+](C)C)c2nc3c(s2)c(C)ccc3OC)cc1OCC,0
ZINC36706842,ChEMBL_zinc_D_4194,CCOc1ccc2nc(N(CCCN3CCOCC3)C(=O)COc3ccc(C)cc3)sc2c1,0
ZINC69179906,ChEMBL_zinc_D_4195,CC(=O)N1CCC(C(=O)NCC(c2ccco2)[NH+](C)C)(c2ccccc2)CC1,0
ZINC69242067,ChEMBL_zinc_D_4196,CC(C)[NH+]1CCC(NC(=O)NC(c2ccc(Cl)cc2)C2CC2)C1,0
ZINC67417298,ChEMBL_zinc_D_4197,CC(=O)NCC1CCC[NH+](CC(=O)N(C)C)C1,0
ZINC67684292,ChEMBL_zinc_D_4198,CC(C)[NH+]1CCC(CNC(=O)NCCC[NH+](C)CC(F)(F)F)C1,0
ZINC68614957,ChEMBL_zinc_D_4199,CC(CC#N)NC1CCC(C)(C)c2ccccc21,0
ZINC68640388,ChEMBL_zinc_D_4200,CCCCN(CC)C(=O)NC(C)c1nc2ccccc2n1CC,0
ZINC71314956,ChEMBL_zinc_D_4201,CC(C)(C(=O)N1CCC2(CC1)NCCNC2=O)n1cccc1,0
ZINC12609201,ChEMBL_zinc_D_4202,COc1cc2ncn(CCCC(=O)NC3CCCC(C)C3C)c(=O)c2cc1OC,0
ZINC41688856,ChEMBL_zinc_D_4203,CC(NC(=O)c1csnn1)c1ccccn1,0
ZINC42770033,ChEMBL_zinc_D_4204,Clc1ccc(OC2C[NH2+]C2)c2ccccc12,0
ZINC08319489,ChEMBL_zinc_D_4205,Cc1c(Cl)cccc1NC(=O)C(C)Sc1nnnn1C,0
ZINC58848701,ChEMBL_zinc_D_4206,CCC[NH+]1CCN(C(=O)C2(c3ccccc3)CC2)CC1,0
ZINC36758373,ChEMBL_zinc_D_4207,O=C(NCC1(c2ccc3c(c2)OCCO3)CCCC1)c1cccc(N2CCCC2=O)c1,0
ZINC20011037,ChEMBL_zinc_D_4208,Cc1ccc(NC2CCCCC2)[nH+]c1,0
ZINC65985044,ChEMBL_zinc_D_4209,Cc1ccc(-n2cnnn2)cc1NC(=O)NC(C)C(=O)NCc1ccco1,0
ZINC57482895,ChEMBL_zinc_D_4210,CCS(=O)(=O)[N-]c1ccc(S(=O)(=O)N(C)c2ccc(F)cc2)c(C)c1,0
ZINC07782664,ChEMBL_zinc_D_4211,N#CCOC(=O)c1ccc(CNS(=O)(=O)c2ccc(Cl)c(Cl)c2)cc1,0
ZINC07990225,ChEMBL_zinc_D_4212,Cc1ccc(S(=O)(=O)NCC(=O)NCC(=O)NCc2cccnc2)cc1C,0
ZINC72153584,ChEMBL_zinc_D_4213,C[NH+](C)C1CCCN(Cc2noc(-c3ccccc3)n2)CC1,0
ZINC08156499,ChEMBL_zinc_D_4214,CC(Sc1nc(C2CC2)n(-c2ccccc2)n1)C(=O)Nc1ccc2c(c1)CCC2,0
ZINC67801907,ChEMBL_zinc_D_4215,CC(C)C(C)CC(=O)N1CCCC1C(=O)NCc1ccco1,0
ZINC67806873,ChEMBL_zinc_D_4216,O=C(CC1CCCO1)NCc1cccc(NC(=O)C2CCCO2)c1,0
ZINC16044354,ChEMBL_zinc_D_4217,CCN(CC)S(=O)(=O)c1ccc2[nH]c(=O)cc(C(=O)Nc3ccc(N4CCOCC4)cc3)c2c1,0
ZINC33014360,ChEMBL_zinc_D_4218,CC(C)n1cnc2nc(CSc3ccccc3NC(=O)c3cccc(F)c3)cc(=O)n21,0
ZINC04601835,ChEMBL_zinc_D_4219,O=C(CSc1nc2ccccc2c(=O)n1CCC[NH+]1CCCCC1)c1ccccc1,0
ZINC08812045,ChEMBL_zinc_D_4220,CCc1ccc(CNC(=O)c2cc(=O)[nH]c3ccc(S(=O)(=O)N4CCCCC4CC)cc32)cc1,0
ZINC68066144,ChEMBL_zinc_D_4221,CCc1noc(-c2ccc(CCNC(=O)c3csc(COC)n3)cc2)n1,0
ZINC68075460,ChEMBL_zinc_D_4222,CCn1cc(S(=O)(=O)[N-]c2cccc(-n3cccc3)c2)cn1,0
ZINC67734368,ChEMBL_zinc_D_4223,C=CCNC(=O)NCC1CCC[NH+](Cc2ccccc2)C1,0
ZINC67739877,ChEMBL_zinc_D_4224,CCn1ncnc1C(C)Nc1cc(C2CC[NH2+]CC2)nc(C)n1,0
ZINC41682375,ChEMBL_zinc_D_4225,C=CCn1nc(NC2CC(C)(C)[NH2+]C(C)(C)C2)c(=O)n(CC=C)c1=O,0
ZINC43457158,ChEMBL_zinc_D_4226,O=C(Nc1ccccc1N1CCCC1)NC1CCCC(C(F)(F)F)C1,0
ZINC49209865,ChEMBL_zinc_D_4227,O=C(Nc1cccnc1Cl)N1CCCC1c1ccsc1,0
ZINC49462815,ChEMBL_zinc_D_4228,O=C(Nc1ccc2c(c1)C(=O)N1CCCCC1CCO2)c1cnccn1,0
ZINC67970046,ChEMBL_zinc_D_4229,O=C(CCN1CCCC1=O)NCc1ccc2ccccc2c1,0
ZINC67986654,ChEMBL_zinc_D_4230,CCCS(=O)(=O)[N-]c1ccc(NC(C)C(=O)Nc2ccc(C)c(C)c2)cc1,0
ZINC63180129,ChEMBL_zinc_D_4231,CCCCCOc1ccc(S(=O)(=O)[N-]c2ccn(CC(N)=O)n2)cc1,0
ZINC63203264,ChEMBL_zinc_D_4232,c1ccc2c(c1)=[NH+]CC=2CN1CC[NH+](Cc2ccc3c(c2)OCO3)CC1,0
ZINC67751714,ChEMBL_zinc_D_4233,CCc1nc(CN(C)C(=O)NC(C)c2cc(F)c(Cl)cc2Cl)cs1,0
ZINC67767278,ChEMBL_zinc_D_4234,COc1ccc(-c2noc(COc3cccc(C(F)(F)F)c3)n2)c(OC)c1,0
ZINC54218310,ChEMBL_zinc_D_4235,CC1CN(Cc2nc(-c3cccnc3)no2)CC(C)O1,0
ZINC71902656,ChEMBL_zinc_D_4236,O=C1OCCC1[NH2+]CC1(c2c(F)cccc2F)CCCC1,0
ZINC66338004,ChEMBL_zinc_D_4237,CC(OCC1CCCCO1)C(=O)NCC1CC[NH+](Cc2ccccc2)CC1,0
ZINC66355213,ChEMBL_zinc_D_4238,COC(=O)N1CCC(NC(=O)Nc2cc(C)nn2C)CC1,0
ZINC58633619,ChEMBL_zinc_D_4239,CC(OC(=O)c1ccccc1O)c1nc(-c2cccnc2)no1,0
ZINC27933681,ChEMBL_zinc_D_4240,COc1cc(F)c(S(=O)(=O)Oc2ccccc2-c2ccccc2)cc1OC,0
ZINC68794900,ChEMBL_zinc_D_4241,COc1ccc(C(=O)N2CCOCC2)cc1NC(=O)c1c[nH]c2ccccc21,0
ZINC68809906,ChEMBL_zinc_D_4242,Cc1cc(C)n(CC[NH+](C)C(C)c2ccccc2F)n1,0
ZINC65058752,ChEMBL_zinc_D_4243,Cc1ccccc1CNC(=O)C1(C)CCCN(C(=O)NCCc2ccccc2)C1,0
ZINC65129334,ChEMBL_zinc_D_4244,N#CCn1nc2c(S(=O)(=O)N3CCCCCC3)cccn2c1=O,0
ZINC20572769,ChEMBL_zinc_D_4245,CC1(C)C2(C)CCC1(C(=O)N1CCN(Cc3ccc4c(c3)OCO4)CC1)OC2=O,0
ZINC04479547,ChEMBL_zinc_D_4246,COc1ccc(N2CC(NC(=O)N3CC(C)CC(C)C3)CC2=O)cc1,0
ZINC45565549,ChEMBL_zinc_D_4247,COc1ccc(OC)c(CNC(=O)N2CCOC(c3ccc(F)cc3)C2)c1,0
ZINC46060617,ChEMBL_zinc_D_4248,Cc1noc(C)c1C[NH+](C)Cc1csc(-c2ccc(F)cc2)n1,0
ZINC33257063,ChEMBL_zinc_D_4249,CCc1cc(Sc2ccccc2NC(=O)c2ccccc2OC)n2ncnc2n1,0
ZINC33263242,ChEMBL_zinc_D_4250,Cc1ccc(NC(=O)c2nnc(C(=O)N3CCCC(C(=O)N4CCCC4)C3)s2)cc1,0
ZINC12601778,ChEMBL_zinc_D_4251,CC(C)N(C(=O)CC12CC3CC(CC(Br)(C3)C1)C2)c1ccccc1,0
ZINC32891579,ChEMBL_zinc_D_4252,CN(Cc1ccc(Cl)cc1Cl)C(=O)NCc1cnn(-c2ccccc2)c1,0
ZINC69741150,ChEMBL_zinc_D_4253,CC1COC(c2ccccc2)C(C)N1C(=O)c1cnc2ccccc2n1,0
ZINC69779809,ChEMBL_zinc_D_4254,CCc1ccc2c(CN(CCOC)CCC(=O)OC)cc(=O)oc2c1,0
ZINC44671289,ChEMBL_zinc_D_4255,O=C(NCc1ccccc1)c1ccccc1OC(=O)C1CC1,0
ZINC44936066,ChEMBL_zinc_D_4256,CC1CN(S(=O)(=O)NCCCOCc2ccco2)CC(C)O1,0
ZINC61904171,ChEMBL_zinc_D_4257,CCc1nc2ccc(C(=O)NCc3ccccc3OC)cn2c1N(CC)CCOC,0
ZINC03269008,ChEMBL_zinc_D_4258,Cc1ccc(S(=O)(=O)Nc2ccc(F)cc2)cc1C(=O)OCC(=O)N(c1ccccc1)C(C)C,0
ZINC52955503,ChEMBL_zinc_D_4259,CN(CC(=O)NC1CC1)C(=O)C1CCC1,0
ZINC56919502,ChEMBL_zinc_D_4260,CN1CCN(C(=O)C2(c3cc(-c4ccccc4)on3)CC2)CC1,0
ZINC69895793,ChEMBL_zinc_D_4261,CCn1nnc2cc(C(=O)N3CCCC(n4cc[nH+]c4)C3)ccc21,0
ZINC69950735,ChEMBL_zinc_D_4262,COCCN1CC(C(=O)NCc2ccc3c(c2)CCCN3C)CC1=O,0
ZINC67456969,ChEMBL_zinc_D_4263,C=C(C)C[NH+](CC)CC(=O)N(Cc1ccsc1)C1CC1,0
ZINC67772043,ChEMBL_zinc_D_4264,Cn1nccc1CNC(=O)NCC1(c2ccc3c(c2)OCO3)CCOCC1,0
ZINC63352035,ChEMBL_zinc_D_4265,COc1ccc(C(=O)N2CCN(C(=O)NC3CC3c3cccc(F)c3)CC2)cc1,0
ZINC63415235,ChEMBL_zinc_D_4266,CCCc1nc(CS(=O)(=O)c2ccccc2)no1,0
ZINC00547027,ChEMBL_zinc_D_4267,Cc1nc2ccc(Br)cc2c(=O)n1-c1ccccc1,0
ZINC01329701,ChEMBL_zinc_D_4268,O=C(CSc1ccc(-c2nc3ccccc3[nH]2)cn1)Nc1nccs1,0
ZINC67995905,ChEMBL_zinc_D_4269,COc1cccc(C(CNC(=O)CC(C)C2CC2)[NH+]2CCCC2)c1,0
ZINC68024535,ChEMBL_zinc_D_4270,Cc1ccc(SCCC(=O)NC(CN2CC[NH+](C)CC2)c2ccccc2)cc1,0
ZINC68673289,ChEMBL_zinc_D_4271,C=CCOc1cccc(NC(=O)C2CCCN2C(=O)OCC(F)(F)F)c1,0
ZINC68762577,ChEMBL_zinc_D_4272,C=CCN1C(=O)NC(c2ccc(OC)cc2)C(C(=O)OCC)=C1C,0
ZINC66609487,ChEMBL_zinc_D_4273,COC(=O)N1CCCC1C(=O)N1CCN(C(=O)Nc2ccc(F)cc2)CC1,0
ZINC66623627,ChEMBL_zinc_D_4274,C[NH+](C)C1CCCN(C(=O)C(c2ccccc2)N2CCCCC2=O)C1,0
ZINC58899511,ChEMBL_zinc_D_4275,Cc1cc(C)nc(N(CCC#N)c2nc3ccccc3o2)n1,0
ZINC58921631,ChEMBL_zinc_D_4276,C[NH+](C)CCOc1ccc(CNC(=O)C(C)(C)c2ccccc2)cc1,0
ZINC04740281,ChEMBL_zinc_D_4277,COc1ccccc1N1CC[NH+](Cc2nc(N)nc(Nc3ccccc3C)n2)CC1,0
ZINC04777117,ChEMBL_zinc_D_4278,CCOc1ccc2nc(Nc3ncc4c(n3)CC(c3ccco3)CC4=O)nc(C)c2c1,0
ZINC35767848,ChEMBL_zinc_D_4279,C=CCN(CC(=O)N(Cc1ccco1)CC1CCCO1)S(=O)(=O)c1ccccc1,0
ZINC36191843,ChEMBL_zinc_D_4280,C=CCN1C(=O)C2C(C(=O)Nc3cccc(OC)c3)C3C=CC2(O3)C1C(=O)NC1CCCCC1C,0
ZINC40927236,ChEMBL_zinc_D_4281,CCOc1ccccc1N1CCN(C(=O)C2CC[NH+](Cc3nc(-c4cccs4)no3)CC2)CC1,0
ZINC40976214,ChEMBL_zinc_D_4282,O=c1cccc2n1CC1CC2CN(Cc2ccncc2)C1,0
ZINC62225898,ChEMBL_zinc_D_4283,CCCOC1CCCN(C(=O)C(CC(C)C)NC(=O)OC)C1,0
ZINC06261892,ChEMBL_zinc_D_4284,O=C(NC1CCCCCCC1)N1CCOCC1,0
ZINC33022753,ChEMBL_zinc_D_4285,CCCc1nnc(C(=O)Nc2cccc(C(=O)NC3CCCCC3)c2)s1,0
ZINC33049132,ChEMBL_zinc_D_4286,Cc1ccc(-c2ocnc2C(=O)Nc2ccc(Br)c(C)c2)s1,0
ZINC15840572,ChEMBL_zinc_D_4287,COc1cccc(-n2c3c(c(SC(C)C)nc2=O)CCC3)c1,0
ZINC15866608,ChEMBL_zinc_D_4288,Cc1ccc(NS(=O)(=O)c2cc(-c3ccc(=O)[nH]n3)cc(C)c2C)cc1,0
ZINC62919628,ChEMBL_zinc_D_4289,COCCN(CC(F)(F)F)C(=O)COc1ccccc1OC,0
ZINC63247924,ChEMBL_zinc_D_4290,CCCNC(=O)CCNc1nc(C)nc2c1cnn2-c1ccc(F)cc1,0
ZINC67336684,ChEMBL_zinc_D_4291,CS(=O)(=O)NCC(=O)NC1CC1c1cccc(C(F)(F)F)c1,0
ZINC67368043,ChEMBL_zinc_D_4292,CC1CCC[NH+](CCCCNc2ncc(Br)cn2)C1,0
ZINC69582987,ChEMBL_zinc_D_4293,c1ncn(CC2CCC[NH+]2Cc2noc(C3CC3)n2)n1,0
ZINC69753029,ChEMBL_zinc_D_4294,CC1CC1C(=O)N1CCCCC1C(=O)NCc1csc(C2CC2)n1,0
ZINC02622783,ChEMBL_zinc_D_4295,Cc1nc(SCC(=O)NC2CCCC(C)C2C)nc(C)c1C,0
ZINC35989432,ChEMBL_zinc_D_4296,COc1ccc(OC)c(-c2cc(C(=O)NC(Cc3ccccc3)C(=O)[O-])no2)c1,0
ZINC01253474,ChEMBL_zinc_D_4297,CCOc1ccc([N-]c2cc(C)nc3ncnn32)cc1,0
ZINC09245390,ChEMBL_zinc_D_4298,Cc1ccc2c(c1)CC1(CN2C)C(=O)N=C([O-])N(c2ccc(C)c(Cl)c2)C1=O,0
ZINC04814331,ChEMBL_zinc_D_4299,CC(CC(=O)Nc1ccccc1C(=O)N1CCOCC1)c1ccccc1,0
ZINC02999237,ChEMBL_zinc_D_4300,CCCCOC(=O)c1c(N)n(CCCOC)c2nc3ccccc3nc21,0
ZINC32932185,ChEMBL_zinc_D_4301,CSc1nc(-c2ccc(F)cc2)nc(C)c1C(=O)NC(C)c1ccc(F)cc1F,0
ZINC32945279,ChEMBL_zinc_D_4302,CC(Sc1nnc(-c2ccc(Cl)cc2)o1)C(=O)NCC1CCCO1,0
ZINC67968880,ChEMBL_zinc_D_4303,CC(C)c1noc(-c2ccccc2C(=O)Nc2ccc(N3CCCCC3)nc2)n1,0
ZINC67974149,ChEMBL_zinc_D_4304,OC(CN1CCOCC1)c1ccc(-n2ccnc2-c2ccccn2)cc1,0
ZINC40283112,ChEMBL_zinc_D_4305,COc1ccc(-n2cnc3c2N=C(O)CC3c2c(F)cccc2F)c(OC)c1,0
ZINC32124049,ChEMBL_zinc_D_4306,COC(=O)C(C)NC(=O)N1CCc2[nH]c[nH+]c2C1c1cccnc1,0
ZINC65942000,ChEMBL_zinc_D_4307,CCOC(=O)c1cn(C[NH+]2CCC(NC(=O)c3cccs3)CC2)nc1C,0
ZINC66024893,ChEMBL_zinc_D_4308,CC(NC(=O)C(C)OCC1CCCO1)c1cccc(OCc2ccccn2)c1,0
ZINC67983916,ChEMBL_zinc_D_4309,CCCOc1ncccc1CNC(=O)NCC(C1CCOC1)N1CCOCC1,0
ZINC68100844,ChEMBL_zinc_D_4310,CSc1ccc(C(=O)N2CCN(C(=O)CC3CCCC3)CC2)cn1,0
ZINC41074093,ChEMBL_zinc_D_4311,O=c1nc2n(-c3ccc(Cl)cc3)c3nc4ccccc4cc3cc-2c(=O)[nH]1,0
ZINC41151364,ChEMBL_zinc_D_4312,COc1cccc(CCNc2nc(NCc3ccco3)c3ccccc3[nH+]2)c1,0
ZINC71969654,ChEMBL_zinc_D_4313,Cc1nc(CN2CCN(S(=O)(=O)c3cccnc3)CC2)no1,0
ZINC71976161,ChEMBL_zinc_D_4314,Cc1ccc(C2(Cc3cccc(Br)c3)NC(N)=NC2=O)cc1C,0
ZINC68674658,ChEMBL_zinc_D_4315,COc1cc(CN(C)C(=O)C(C)c2ccc3c(c2)OCCO3)ccc1SC,0
ZINC68681341,ChEMBL_zinc_D_4316,Cc1nnnn1-c1cc(NC(=O)C2CCCCN2C(=O)c2ccco2)ccc1F,0
ZINC66088697,ChEMBL_zinc_D_4317,CCOCCOc1cccc(NC(=O)CNc2ccc(C(=O)NCCCOC)cc2)c1,0
ZINC66095696,ChEMBL_zinc_D_4318,Cc1nc(S(=O)(=O)NCCSc2ccc(C)cc2)cn1C,0
ZINC58855546,ChEMBL_zinc_D_4319,CCC(=O)N1CCCCC1C(=O)NCc1ccccc1C[NH+](CC)CC,0
ZINC59010956,ChEMBL_zinc_D_4320,O=C(CCCOc1cccc2ccccc21)Nc1ccc2c(c1)CCC(=O)N2,0
ZINC44973828,ChEMBL_zinc_D_4321,Cc1c(C[NH2+]C2CCCN(c3ncccn3)C2)cc(C#N)n1C,0
ZINC45643583,ChEMBL_zinc_D_4322,CCOCCNC(=O)NC(C)c1ccc(Cl)s1,0
ZINC55414770,ChEMBL_zinc_D_4323,CN(Cc1ccc(F)cc1)C(=O)c1coc(CN2CCN(c3ncccn3)CC2)n1,0
ZINC01396500,ChEMBL_zinc_D_4324,CC(=O)Nc1cccn(Cc2ccc(Cl)c(Cl)c2)c1=O,0
ZINC00781904,ChEMBL_zinc_D_4325,CC1CCc2c(sc3ncnc(SCC(=O)N4CCCCCC4)c23)C1,0
ZINC38848176,ChEMBL_zinc_D_4326,COc1ccc(Cl)c2sc(N(CCCn3cc[nH+]c3)C(=O)C3CCCC3)nc21,0
ZINC36617347,ChEMBL_zinc_D_4327,Cc1noc2nc(C)cc(C(=O)N(C)C3CCCCC3)c12,0
ZINC37782932,ChEMBL_zinc_D_4328,CC(CN1CCCC1=O)[NH2+]Cc1ccccc1Br,0
ZINC66442976,ChEMBL_zinc_D_4329,Cn1c2nc(CCC(=O)NCC3(C)CCCC3)[nH]c2c(=O)[nH]c1=O,0
ZINC66464356,ChEMBL_zinc_D_4330,C[NH+](C)CCNC(=O)c1cccc(CNC(=O)C2C3CC4CC(C3)CC2C4)c1,0
ZINC38586390,ChEMBL_zinc_D_4331,O=C(NCc1ccsc1)C1c2ccccc2Oc2ccccc21,0
ZINC38758127,ChEMBL_zinc_D_4332,CC1Cc2cc(-c3cc(COC(=O)CSc4nc5ccccc5o4)no3)ccc2O1,0
ZINC61773636,ChEMBL_zinc_D_4333,CC1CN(c2ccccc2NC(=O)NC2CC[NH+](CC(F)F)CC2)CC(C)O1,0
ZINC63254628,ChEMBL_zinc_D_4334,O=c1[nH]ncc(NCc2ccc(-n3ccnc3)c(F)c2)c1Cl,0
ZINC64053579,ChEMBL_zinc_D_4335,COc1ccc(C2C3[NH+]=c4ccccc4=C3CCN2C(=O)CCc2ccccn2)c(F)c1,0
ZINC06285452,ChEMBL_zinc_D_4336,COc1cc(CC(=O)N2CCN(c3ncccn3)CC2)cc(OC)c1OC,0
ZINC69783355,ChEMBL_zinc_D_4337,CCOc1ccc(Oc2cc(CNCc3ccc(F)c(F)c3)ccn2)cc1,0
ZINC69787211,ChEMBL_zinc_D_4338,CC(C[NH2+]Cc1cc(F)ccc1F)Cn1cccn1,0
ZINC22490334,ChEMBL_zinc_D_4339,O=C(Cc1noc2ccccc12)NCCCc1nc2ccccc2[nH]1,0
ZINC22531479,ChEMBL_zinc_D_4340,CC1(C(=O)Nc2ccnn2Cc2ccccc2Cl)CC1(Cl)Cl,0
ZINC67721733,ChEMBL_zinc_D_4341,Cc1nn(C)c(C)c1C(C)NC(=O)N1CCN(CC(=O)N2CCCC2)CC1,0
ZINC67877308,ChEMBL_zinc_D_4342,CS(=O)(=O)c1ccccc1S(=O)(=O)NC1CC1c1ccccc1,0
ZINC47235280,ChEMBL_zinc_D_4343,CC(C)(C)OC(=O)Nc1ccc(C(=O)Nc2cnn(CC(N)=O)c2)cc1,0
ZINC22658899,ChEMBL_zinc_D_4344,CC(C)(C)NS(=O)(=O)c1cccc(NC(=O)c2cc(F)ccc2F)c1,0
ZINC63644128,ChEMBL_zinc_D_4345,CC(CCc1ccccc1)CC(=O)NCc1nc(-c2ccccc2)no1,0
ZINC16974258,ChEMBL_zinc_D_4346,COc1ccc(NC(=O)CSc2nc3c(cnn3-c3ccccc3OC)c([O-])n2)cc1OC,0
ZINC68902363,ChEMBL_zinc_D_4347,CC(C)[NH2+]C1CCN(c2nc(C(F)(F)F)nc3ccccc32)CC1,0
ZINC68918213,ChEMBL_zinc_D_4348,O=C(CCNC(=O)c1ccco1)NCC(c1ccc(F)cc1)N1CCOCC1,0
ZINC69081246,ChEMBL_zinc_D_4349,CC(C)N1CCC[NH+](CC(=O)N2CCC3(CC2)OCCO3)CC1,0
ZINC58524703,ChEMBL_zinc_D_4350,CCN(CC)C(=O)C1CC[NH+](C(C)C(=O)N(C)C2CCCCC2)CC1,0
ZINC64629249,ChEMBL_zinc_D_4351,CC(C)CNC(=O)CNC(=O)NCc1ccnc(OCC(F)(F)F)c1,0
ZINC53025579,ChEMBL_zinc_D_4352,CCC(CC)C(CNC(=O)CN(C)C(=O)c1ccsc1)[NH+](C)C,0
ZINC61721814,ChEMBL_zinc_D_4353,CC(=O)Nc1cccc(NC(=O)C2C(C(=O)[O-])C2(C)C)c1,0
ZINC61978146,ChEMBL_zinc_D_4354,CCOc1ccc(C(=O)Nc2ccc(C)c(F)c2)nn1,0
ZINC33127875,ChEMBL_zinc_D_4355,O=C(Nc1ccc(F)cc1)NC(C(=O)N1CCc2ccccc21)c1ccccc1,0
ZINC33271361,ChEMBL_zinc_D_4356,CCOc1ccc(C2CC(=O)Nc3c2c(C)nn3-c2ccc3nnc(C)n3n2)cc1OC,0
ZINC00530809,ChEMBL_zinc_D_4357,C=CCn1c2c(nc1N1CCCC(C)C1)n(C)c(=O)[nH]c2=O,0
ZINC46573732,ChEMBL_zinc_D_4358,Cc1ncsc1C(=O)NCCc1cccc(F)c1,0
ZINC68524542,ChEMBL_zinc_D_4359,CCC(C)NC(=O)C(C)NC(=O)Nc1ccc(F)cc1Cl,0
ZINC68546668,ChEMBL_zinc_D_4360,O=C(NCCO)NCC[NH+]1Cc2ccccc2C1,0
ZINC68456784,ChEMBL_zinc_D_4361,N#CC(NC(=O)Cc1ccccc1F)c1ccc(Cl)c(Cl)c1,0
ZINC68461883,ChEMBL_zinc_D_4362,COC(C)C(=O)Nc1cccc(NC(=O)c2ccc3nc(Cl)ccc3c2)c1,0
ZINC71804673,ChEMBL_zinc_D_4363,Cc1ccc(S(=O)(=O)[N-]c2ccccc2F)cc1C(=O)NCCCN1CC[NH+](C)CC1,0
ZINC71812205,ChEMBL_zinc_D_4364,O=C(Cc1noc2ccccc12)Nc1ccc(Br)cn1,0
ZINC15879897,ChEMBL_zinc_D_4365,COc1ccc(-n2nc(C(=O)NCC(=O)NC3CCCCCC3)c3ccccc3c2=O)c(OC)c1,0
ZINC16689910,ChEMBL_zinc_D_4366,CC[NH+]1CCN(c2ccc(N3CCN(C(=O)c4ccc(Br)o4)CC3)nn2)CC1,0
ZINC46940896,ChEMBL_zinc_D_4367,CC[NH+](CC)C(CNC(=O)c1c(F)cccc1Cl)c1ccsc1,0
ZINC46989764,ChEMBL_zinc_D_4368,Cc1cc(NC(=O)C(C)(C)C)sc1C(=O)NCCCC[NH+]1CCCCC1C,0
ZINC62289626,ChEMBL_zinc_D_4369,O=C(NCc1cccc(NC(=O)C2CCCO2)c1)c1cc(Cl)ccc1Cl,0
ZINC62378205,ChEMBL_zinc_D_4370,CC(=O)Nc1ccc(NC(=O)N(CC[NH+](C)C)Cc2ccc(F)cc2F)cc1,0
ZINC68788196,ChEMBL_zinc_D_4371,CC(OCC1CCCO1)C(=O)N(CCc1ccccc1)C1CCCC1,0
ZINC68825040,ChEMBL_zinc_D_4372,COc1ccc(CCC(=O)N2CCN(C(=O)C=C(C)c3ccccc3)CC2)cc1,0
ZINC69923032,ChEMBL_zinc_D_4373,Cc1ccc(N2CCCN(C(=O)c3cscn3)CC2)nn1,0
ZINC58781930,ChEMBL_zinc_D_4374,CCOc1ccc(CN(C)C(=O)c2cnn(-c3ccccc3F)c2)cc1,0
ZINC02853387,ChEMBL_zinc_D_4375,CCn1c(CNC(=O)c2ccccc2F)nnc1SCC(=O)Nc1nccs1,0
ZINC67481114,ChEMBL_zinc_D_4376,O=C(Cc1ccccc1)N1CCCC1C(=O)NC1CCCCNC1=O,0
ZINC59746900,ChEMBL_zinc_D_4377,CC(=O)N1CCCC(C(=O)Nc2ccc(Cl)cc2C(=O)c2ccccc2)C1,0
ZINC13610220,ChEMBL_zinc_D_4378,COc1ccc(NC(=O)Nc2cccc(-c3ccc(N4CCCCC4)nn3)c2)c(OC)c1,0
ZINC41251247,ChEMBL_zinc_D_4379,NC(=O)CNC(=O)C1CC[NH+](Cc2nc(-c3ccc(C(F)(F)F)cc3)no2)CC1,0
ZINC41690273,ChEMBL_zinc_D_4380,OC(COCCOc1ccc(F)cc1)CN1CCN(c2ccc(F)cc2)CC1,0
ZINC36012831,ChEMBL_zinc_D_4381,COc1cc(-c2cc(CN(CC3CCCO3)C(=O)NC(C)C)no2)cc(OC)c1OC,0
ZINC36047870,ChEMBL_zinc_D_4382,COc1ccc(CCN2CC(C(=O)Nc3ccc(C)c(Cl)c3)CC2=O)cc1OC,0
ZINC57787802,ChEMBL_zinc_D_4383,O=C(CCCNC(=O)C1CC1)Nc1n[nH]c(N2CCCCC2)n1,0
ZINC68538238,ChEMBL_zinc_D_4384,CC(C)C(NC(=O)Cc1ccccc1)C(=O)N1CC(C)OC(C)(C)C1,0
ZINC48088358,ChEMBL_zinc_D_4385,CC(Oc1cccc(Cl)c1)C(=O)N1CCCC(C(N)=O)C1,0
ZINC48696090,ChEMBL_zinc_D_4386,O=C(c1c[nH]c(=O)c(Cl)c1)N1CCC2(CC1)OCCO2,0
ZINC43556928,ChEMBL_zinc_D_4387,CCCc1nnc(NC(=O)NCC2COc3ccccc3C2)s1,0
ZINC04185698,ChEMBL_zinc_D_4388,Fc1ccccc1CSc1nnc(-c2cccnc2)n1-c1ccccc1F,0
ZINC41130674,ChEMBL_zinc_D_4389,Cc1ccc(C)n1-c1ccc(Cl)c(C(=O)N2CCC(C(N)=O)C2)c1,0
ZINC57446871,ChEMBL_zinc_D_4390,COC(=O)N1CCC(NC(=O)c2sc3ccccc3c2C)CC1,0
ZINC33289825,ChEMBL_zinc_D_4391,CCC(=O)Nc1cccc(-c2noc(C3CCCN(C(=O)c4cccc(C)c4)C3)n2)c1,0
ZINC33308385,ChEMBL_zinc_D_4392,CC(=O)N1CCC(C(=O)Nc2ccc(OCc3nnc(-c4ccc(Cl)cc4)o3)cc2)CC1,0
ZINC55947870,ChEMBL_zinc_D_4393,CCc1ccc(S(=O)(=O)NCc2ccc(S(N)(=O)=O)cc2)s1,0
ZINC56016303,ChEMBL_zinc_D_4394,Cn1cc(CCNC(=O)C2(c3cccc(C(F)(F)F)c3)CCOCC2)cn1,0
ZINC66816338,ChEMBL_zinc_D_4395,CC(NC(=O)C1CCOCC1)C(=O)N(C)c1ccccc1,0
ZINC66822414,ChEMBL_zinc_D_4396,Cc1c(C(=O)NCc2ccnn2C)nnn1-c1ccc(OC(C)C)cc1,0
ZINC65817267,ChEMBL_zinc_D_4397,Cc1csc(NC(=O)C2CCN(C(=O)Nc3ccc(Cl)nc3)CC2)n1,0
ZINC66110037,ChEMBL_zinc_D_4398,CCC([NH2+]CC(=O)Nc1ccc(C(=O)NCCCOC)cc1)c1ccccc1,0
ZINC60397460,ChEMBL_zinc_D_4399,CN(CCCOc1cccc(Cl)c1)C(=O)CCCN1CCOC1=O,0
ZINC60437707,ChEMBL_zinc_D_4400,CCOc1cc(CNC(=O)CCc2ccccc2F)ccn1,0
ZINC00096589,ChEMBL_zinc_D_4401,CCOC(=O)c1c(C)n(C)c2ccc(OC(C)C(=O)OC)cc21,0
ZINC37863667,ChEMBL_zinc_D_4402,Cc1ccccc1CNCC(O)c1ccc(F)cc1F,0
ZINC46963347,ChEMBL_zinc_D_4403,CC(NC(=O)N1CCC(C[NH+]2CCCCCC2)CC1)c1nncn1C,0
ZINC65924725,ChEMBL_zinc_D_4404,O=C(c1ccc(S(=O)(=O)NC2CC2)o1)N1CC2CC3CC(C2)CC1C3,0
ZINC44370287,ChEMBL_zinc_D_4405,CC(=O)N(C)Cc1cccc(NC(=O)NC(C)c2cnn(C)c2C)c1,0
ZINC44830244,ChEMBL_zinc_D_4406,CCC(CC)(CC(=O)Nc1ccc(OC)c(OC(F)F)c1)C(=O)[O-],0
ZINC03049210,ChEMBL_zinc_D_4407,CC(=O)Nc1cc(C(=O)NC2CCCCC2C)ccc1Sc1ccc(C)cc1,0
ZINC43986689,ChEMBL_zinc_D_4408,Cc1nnsc1C(=O)N1CCC(CNC(=O)Cc2ccc(Cl)cc2)CC1,0
ZINC68567983,ChEMBL_zinc_D_4409,Cc1ccccc1C(=O)NC(CC(C)C)C(=O)NCCOCC1CCOC1,0
ZINC68688014,ChEMBL_zinc_D_4410,Cc1ccc(S(=O)(=O)NC(C)c2cccc(N3CCOC3=O)c2)cc1Cl,0
ZINC69260053,ChEMBL_zinc_D_4411,CCCCCCNC(=O)NC(c1ccc(F)cc1)c1ccccn1,0
ZINC69302897,ChEMBL_zinc_D_4412,COc1ccc2[nH]cc(CC(=O)N3CCN(C(=O)CC(F)(F)F)CC3)c2c1,0
ZINC57871918,ChEMBL_zinc_D_4413,Cc1c(Cl)cccc1NC(=O)C[NH+]1CCC(c2nc3ccccc3o2)CC1,0
ZINC16118525,ChEMBL_zinc_D_4414,CC(C)(Oc1ccc(F)cc1)C(=O)OCc1ccc(C(N)=O)cc1,0
ZINC62460473,ChEMBL_zinc_D_4415,COc1ccc(NC(=O)NCc2cccc(OC)c2OC)c(Cl)c1,0
ZINC06920691,ChEMBL_zinc_D_4416,Cc1oc2cc(OC(=O)C3CC3)ccc2c(=O)c1-c1ccc(Br)cc1,0
ZINC62247141,ChEMBL_zinc_D_4417,COCCCCN(Cc1ccccc1)C(=O)Nc1ccc(OC)c(Cl)c1,0
ZINC62254475,ChEMBL_zinc_D_4418,Cc1nn(-c2cccc(Cl)c2)c(Cl)c1C[NH2+]CC(C)Cn1cc[nH+]c1,0
ZINC05685088,ChEMBL_zinc_D_4419,O=C([O-])c1nc2ccc(Cl)cc2c(-c2ccccc2)n1,0
ZINC56523855,ChEMBL_zinc_D_4420,COc1ccc(-n2ccc(CNC(=O)Nc3ccccc3C(C)C)n2)cc1,0
ZINC45235138,ChEMBL_zinc_D_4421,CC(NC(=O)CC(O)(c1nccn1C)C(F)(F)F)c1ccc(C(C)(C)C)cc1,0
ZINC45249939,ChEMBL_zinc_D_4422,COc1ccccc1C(C)N(C)C(=O)CNC(=O)c1ccc(Cl)cc1Cl,0
ZINC68928169,ChEMBL_zinc_D_4423,CCOC(=O)CCNC(=O)C1CCN(S(=O)(=O)c2ccc(OC)cc2)CC1,0
ZINC58192538,ChEMBL_zinc_D_4424,CC(NC(=O)COc1ccccc1)c1[nH]cc(-c2ccccc2)[nH+]1,0
ZINC67807438,ChEMBL_zinc_D_4425,O=C(NCc1cccc(NC(=O)C2CCCO2)c1)c1cc2c(cccc2F)s1,0
ZINC67837867,ChEMBL_zinc_D_4426,CC(OCC1CCCO1)C(=O)Oc1ccc(C(=O)NCC(F)(F)F)cc1,0
ZINC69177880,ChEMBL_zinc_D_4427,CC(C)[NH+]1CCC(NC(=O)Nc2ccccc2S(C)(=O)=O)C1,0
ZINC69240308,ChEMBL_zinc_D_4428,CC(NC(=O)NCC1CC=CCC1)c1cccnc1,0
ZINC36725911,ChEMBL_zinc_D_4429,Cc1cc(C(=O)Nc2ccc(Sc3ccc(C)c(C)c3)cc2)on1,0
ZINC37587472,ChEMBL_zinc_D_4430,COc1cccc(C[NH+]2CCC(N(c3ccc4c(c3)OCO4)S(=O)(=O)c3ccc(F)cc3)CC2)c1,0
ZINC57995188,ChEMBL_zinc_D_4431,CCNC(=O)C1CCCN(C(=O)NCC2CCN(c3ccc(F)cc3)C2)C1,0
ZINC15862288,ChEMBL_zinc_D_4432,CCCN(Cc1ccc(Cl)cc1)Cc1cc(=O)c2cc(C)ccc2[nH]1,0
ZINC68561639,ChEMBL_zinc_D_4433,COc1ccc(NC(=O)NCC(O)c2ccc(F)c(F)c2)c(Cl)c1,0
ZINC68571863,ChEMBL_zinc_D_4434,COc1ccc2cc(C(C)C(=O)NCc3cn4c(cccc4C)[nH+]3)ccc2c1,0
ZINC40509736,ChEMBL_zinc_D_4435,CC1COCCN1C(=O)c1ccc2c(c1)CCCN2S(C)(=O)=O,0
ZINC40931191,ChEMBL_zinc_D_4436,COc1ccc(CNC(=O)C2CC[NH+](Cc3nc(-c4ccc5c(c4)OCO5)no3)CC2)cc1OC,0
ZINC66124751,ChEMBL_zinc_D_4437,CCC(C)[NH+](C)CCNC(=O)c1ccc2c(c1)S(=O)(=O)N(CC)C2=O,0
ZINC66171677,ChEMBL_zinc_D_4438,CC(C)COc1ccc(CNc2ccccc2OCC2CCCO2)cc1,0
ZINC68465891,ChEMBL_zinc_D_4439,CC(C)C(C(=O)NCc1nc(-c2cccs2)no1)N1CC(C)OC(C)C1,0
ZINC68483227,ChEMBL_zinc_D_4440,Cc1ccc(C2(CNC(=O)Cc3csc(-c4nc[nH]n4)n3)CCOCC2)cc1,0
ZINC56354170,ChEMBL_zinc_D_4441,CC(NC(=O)c1ccc(S(N)(=O)=O)o1)c1ccc(F)c(Cl)c1,0
ZINC56778812,ChEMBL_zinc_D_4442,CC(NC(=O)N(Cc1cccnc1)CC1CCCO1)c1ccc(F)cc1F,0
ZINC03528507,ChEMBL_zinc_D_4443,CCC(CC)NC(=O)c1cc(S(=O)(=O)N(C)c2ccccc2OC)ccc1C,0
ZINC68830935,ChEMBL_zinc_D_4444,Cc1nn(C)c2nc(C3CC3)cc(C(=O)NCC3CC=CCC3)c12,0
ZINC71816073,ChEMBL_zinc_D_4445,Cc1cc(C)c(CNC(=O)N(C)C(C)c2ccc(-n3cncn3)cc2)c(=O)[nH]1,0
ZINC71818758,ChEMBL_zinc_D_4446,O=C(CCC1Cc2ccccc2NC1=O)N1CCCC1c1ccc[nH]1,0
ZINC36004130,ChEMBL_zinc_D_4447,COC(=O)c1[nH]c(C)c(C(=O)C(C)N(CC2CCCO2)C(=O)CC(C)C)c1C,0
ZINC36614614,ChEMBL_zinc_D_4448,O=C1CCCN1c1ccc(S(=O)(=O)NCCn2nc(C(F)F)cc2C(F)F)cc1,0
ZINC63779704,ChEMBL_zinc_D_4449,COc1ccccc1CN(CCO)C(=O)c1ccc(OCc2nccn2C)cc1,0
ZINC63900467,ChEMBL_zinc_D_4450,C[NH+]1CCN(c2ccc(NC(=O)c3ccc(-c4cccs4)[nH]c3=O)cc2)CC1,0
ZINC66492674,ChEMBL_zinc_D_4451,CC(Sc1ccccc1)C(=O)NCC(=O)N(C)CCc1ccccn1,0
ZINC66512154,ChEMBL_zinc_D_4452,Cc1cc(Br)oc1C(=O)N1CC(c2ccccc2)OCC1(C)C,0
ZINC41336765,ChEMBL_zinc_D_4453,Cc1cc(C)n(Cc2nnc(SCc3ncc(-c4ccc(Cl)cc4)o3)n2C(C)C)n1,0
ZINC42734524,ChEMBL_zinc_D_4454,COc1cc(OC)cc(C(=O)N2CC(C(N)=O)CCC2C)c1,0
ZINC60425456,ChEMBL_zinc_D_4455,Cc1noc(-c2ccc(C(=O)N3CCC(NC(=O)C(C)C)CC3)cc2)n1,0
ZINC60449792,ChEMBL_zinc_D_4456,CC(NC(=O)c1ccc(Cl)cc1)C(=O)N1CCC(n2cccc2)CC1,0
ZINC49440525,ChEMBL_zinc_D_4457,COC(=O)Nc1ccccc1OC(=O)C1CC2CCC1C2,0
ZINC49454937,ChEMBL_zinc_D_4458,O=C([O-])CN1C(=O)C2CCCCN2c2ccc(S(=O)(=O)N3CCCCCC3)cc21,0
ZINC32954202,ChEMBL_zinc_D_4459,Cc1cccc(NC(=O)NCC(=O)N(Cc2ccccc2)C2CC2)c1,0
ZINC32987795,ChEMBL_zinc_D_4460,COc1ccc(NC(=O)c2nnc(CCCC(=O)NCCC3=CCCCC3)s2)cc1,0
ZINC66579473,ChEMBL_zinc_D_4461,CC(C)CS(=O)(=O)[N-]c1ccc(-n2cncn2)nc1,0
ZINC66599952,ChEMBL_zinc_D_4462,Cc1cc(CN(C)C(=O)NCCOc2ccccc2C(C)(C)C)no1,0
ZINC15324915,ChEMBL_zinc_D_4463,CCC(CC)c1nnc(NC(=O)C2CC(=O)N(c3cc(Cl)ccc3OC)C2)s1,0
ZINC15730850,ChEMBL_zinc_D_4464,CC1CSc2ccc(S(=O)(=O)Nc3ccc(-c4ccno4)cc3)cc2NC1=O,0
ZINC56849859,ChEMBL_zinc_D_4465,C=CCN(Cc1ccc(OC)cc1)C(=O)NCc1ccnc(-n2ccnc2C)c1,0
ZINC56924655,ChEMBL_zinc_D_4466,Cc1cc(C)nc(Nc2nc(C(=O)Nc3ccccc3C(C)C)cs2)n1,0
ZINC67513462,ChEMBL_zinc_D_4467,CCCC(Nc1nc(-c2cccnc2)nc2c1CC[NH2+]C2)c1cccs1,0
ZINC67522291,ChEMBL_zinc_D_4468,CCCc1c(C(=O)N2CCCC(OCC)C2)cnn1Cc1ccccc1,0
ZINC24637767,ChEMBL_zinc_D_4469,O=C(Nc1nnc(Cc2ccccc2)s1)C1CCOCC1,0
ZINC28417676,ChEMBL_zinc_D_4470,CC(Cc1ccco1)NC(=O)N1CCN(c2cc(C#N)ccn2)CC1,0
ZINC56773557,ChEMBL_zinc_D_4471,COCCOc1ccc(NC(=O)NCC(O)COc2ccc(F)cc2)cc1F,0
ZINC56927105,ChEMBL_zinc_D_4472,COc1ccccc1C(C)N(C)C(=O)NCC(=O)N(C)Cc1ccccc1,0
ZINC33326821,ChEMBL_zinc_D_4473,Cc1nc(N2CCOCC2)cc(N2CCN(C(=O)Nc3cc(F)cc(F)c3)CC2)n1,0
ZINC00185872,ChEMBL_zinc_D_4474,O=C(Nc1ccccc1)C1CC(=O)OC1c1ccccc1,0
ZINC67860443,ChEMBL_zinc_D_4475,COCCOC(=O)Nc1cccc(NC(=O)C(CC(C)C)NC(N)=O)c1,0
ZINC68001851,ChEMBL_zinc_D_4476,Cn1c2ccccc2nc1C1CCCN1C(=O)C1CC(=O)Nc2ccccc21,0
ZINC67537549,ChEMBL_zinc_D_4477,CC(NC(=O)Nc1ccccc1N1CCCC1)C(=O)N1CCCCC1C,0
ZINC67544559,ChEMBL_zinc_D_4478,CN(Cc1ccc(F)cc1F)C(=O)c1ccn(-c2cccc(F)c2)n1,0
ZINC68718638,ChEMBL_zinc_D_4479,O=C(NCc1nnc2ccccn21)c1ccc(CNC(=O)C2CCCC2)cc1,0
ZINC68725048,ChEMBL_zinc_D_4480,CCC1CCCN(C(=O)C(C)c2ccc3c(c2)OCCO3)C1,0
ZINC68046245,ChEMBL_zinc_D_4481,C[NH+](Cc1ccco1)CC(O)COCc1ccccc1,0
ZINC68053823,ChEMBL_zinc_D_4482,O=C(CSc1ccnc2ccccc21)NCc1cccc(NC(=O)C2CC2)c1,0
ZINC67837304,ChEMBL_zinc_D_4483,CCOc1ccccc1OCC(=O)Nc1ccn(CC(=O)OC)n1,0
ZINC67864962,ChEMBL_zinc_D_4484,CC(C)C(OCC1CCCO1)C(=O)Nc1cccc(OCC(=O)N(C)C)c1,0
ZINC56543670,ChEMBL_zinc_D_4485,CCc1ccccc1NC(=O)NCC1(c2cc(C)ccc2OC)CCOCC1,0
ZINC56619039,ChEMBL_zinc_D_4486,COc1ncccc1NC(=O)NCCOc1ccccc1C,0
ZINC68183296,ChEMBL_zinc_D_4487,CC(C)Oc1nnc(SC(C(=O)N2CCc3ccccc32)C(C)C)s1,0
ZINC68210549,ChEMBL_zinc_D_4488,CC(C)n1cnnc1SCC(=O)N(C)CCc1ccccc1F,0
ZINC02797022,ChEMBL_zinc_D_4489,O=C(c1sc2c(c1Cl)c(OC(F)F)ccc2Br)N1CCOCC1,0
ZINC02124412,ChEMBL_zinc_D_4490,CCOc1ccc(Oc2c(C)oc3cc(OCC(=O)[O-])ccc3c2=O)cc1,0
ZINC56068614,ChEMBL_zinc_D_4491,COc1ccc(Oc2ccc(CNS(=O)(=O)c3cccc(F)c3)cn2)cc1,0
ZINC56109843,ChEMBL_zinc_D_4492,CNC(=O)c1ccc(S(=O)(=O)NC(C)Cc2c(F)cccc2F)cc1,0
ZINC59168521,ChEMBL_zinc_D_4493,Brc1cccc(C2Nn3c(Cc4ccccc4)nnc3S2)c1,0
ZINC15360995,ChEMBL_zinc_D_4494,Cc1cc(OC(C)C(=O)NCCc2ccccc2)ccc1Cl,0
ZINC66254797,ChEMBL_zinc_D_4495,Cc1cnn(CC2CC2)c1NS(=O)(=O)c1ccc(C)c(C(F)(F)F)c1,0
ZINC66260348,ChEMBL_zinc_D_4496,COc1ccccc1Cc1nnc(SCCOc2ccc(C)cc2)o1,0
ZINC71110905,ChEMBL_zinc_D_4497,CC[NH+](CC)CCOc1ccc(CNC(=O)C2CC3CCC2O3)cc1,0
ZINC15632111,ChEMBL_zinc_D_4498,COc1ccc(NS(=O)(=O)c2cc(NC(=O)c3c(C)[nH]c4ccccc43)ccc2C)cc1,0
ZINC66058129,ChEMBL_zinc_D_4499,CC(C)C(NC(=O)c1ccco1)C(=O)OCc1nc(-c2ccccc2)no1,0
ZINC66072267,ChEMBL_zinc_D_4500,CC(=O)Nc1cccc(NC(=O)CNc2ccc(Cl)c(C(=O)NC3CCCCC3)c2)c1,0
ZINC66269415,ChEMBL_zinc_D_4501,O=C(Cc1csc(-c2cnccn2)n1)N1CCCCCCC1,0
ZINC66284686,ChEMBL_zinc_D_4502,COc1ccc(NC(=O)CC2CC(C)CC(C)(C)C2)cc1NC(C)=O,0
ZINC09130860,ChEMBL_zinc_D_4503,CCCn1nc(C(=O)OCc2nc(N)nc(Nc3ccccc3C)n2)c2ccccc2c1=O,0
ZINC04623131,ChEMBL_zinc_D_4504,Cc1cc(C)cc(OCC(=O)NCc2cc(C)nc3ccccc23)c1,0
ZINC66569271,ChEMBL_zinc_D_4505,C=CCNC(=O)CN1CCN(S(=O)(=O)c2cccc(C(=O)OC)c2C)CC1,0
ZINC66592754,ChEMBL_zinc_D_4506,CC(NC(=O)CNC(=O)NCc1ccc(Cl)cc1)c1ccncc1,0
ZINC00845427,ChEMBL_zinc_D_4507,O=C(Nc1ccc(Br)cc1)c1nc[nH]c1C(=O)Nc1ccc(Br)cc1,0
ZINC38910903,ChEMBL_zinc_D_4508,CCCn1c(-c2nc(C(=O)Nc3nc(-c4cccnc4)cs3)cs2)cc2ccccc21,0
ZINC23115315,ChEMBL_zinc_D_4509,Cn1c2nc(N3CCCCC3)n(CCCOc3ccccc3)c2c(=O)n(C)c1=O,0
ZINC23282806,ChEMBL_zinc_D_4510,c1ccc2c(c1)CCC(NCc1ccncc1)C2,0
ZINC11693778,ChEMBL_zinc_D_4511,O=S(=O)(c1ccc(F)c(Cl)c1)N1CCOC(c2ccccc2)C1,0
ZINC11786998,ChEMBL_zinc_D_4512,O=C(NCC1Cc2cc(-c3cccc(OC(F)(F)F)c3)ccc2O1)C1CCC(=O)N1,0
ZINC68032816,ChEMBL_zinc_D_4513,O=C(NCc1noc(-c2ccsc2)n1)c1cc(Br)ccc1F,0
ZINC68070039,ChEMBL_zinc_D_4514,O=C(CCOc1ccccc1)NC(c1ccc(F)cc1)c1ccccn1,0
ZINC19942567,ChEMBL_zinc_D_4515,O=S(=O)(NCCc1csc(-c2ccncc2)n1)c1ccc(Cl)s1,0
ZINC20158057,ChEMBL_zinc_D_4516,CC(=O)Nc1ccc(-c2nc3ccccc3o2)c(OCC(=O)[O-])c1,0
ZINC65793740,ChEMBL_zinc_D_4517,CC(COCC(F)(F)F)NS(=O)(=O)c1ccc(S(C)(=O)=O)cc1,0
ZINC65828496,ChEMBL_zinc_D_4518,CCCOc1ncccc1CNC(=O)Nc1cccnc1Cl,0
ZINC16290696,ChEMBL_zinc_D_4519,Cc1cc2oc(=O)cc(CSc3nnnn3C(C)(C)C)c2cc1C,0
ZINC53384351,ChEMBL_zinc_D_4520,O=C(Cc1csc(-c2ccsc2)n1)N1CCOC2CCCC21,0
ZINC49245237,ChEMBL_zinc_D_4521,COCC(=O)N1CCN(C(=O)CC2C=CCC2)CC1,0
ZINC55129733,ChEMBL_zinc_D_4522,C=CCN(Cc1cccs1)C(=O)CCN1CCOC1=O,0
ZINC69788726,ChEMBL_zinc_D_4523,Cc1cc(C(=O)CCC(=O)NCCc2ccc(F)cc2F)c(C)s1,0
ZINC69846783,ChEMBL_zinc_D_4524,O=C(COCCc1ccccc1)Nc1cccc(Oc2ncccn2)c1,0
ZINC68013349,ChEMBL_zinc_D_4525,O=C(Cc1ccccc1)N(CC1CC1)C1CCCCC1,0
ZINC68099483,ChEMBL_zinc_D_4526,Cc1ccccc1-n1ncc(C(=O)Nc2ccc3cn[nH]c3c2)c1C(F)(F)F,0
ZINC23732166,ChEMBL_zinc_D_4527,CC(NCc1nc2cc(Cl)ccc2c(=O)[nH]1)c1ccccc1Br,0
ZINC12567210,ChEMBL_zinc_D_4528,CCc1cccc2c(C[NH2+]Cc3ccc(CN4CCOCC4)cc3)c[nH]c21,0
ZINC57255127,ChEMBL_zinc_D_4529,CCC[NH+]1CCC(N(C)C(=O)CNC(=O)Cc2cccc(F)c2)CC1,0
ZINC57358228,ChEMBL_zinc_D_4530,Cc1cc(C(=O)N2CCCCC2c2nc3ccccc3n2C)no1,0
ZINC66093174,ChEMBL_zinc_D_4531,CN(C)C(=O)c1cccc(NCC(=O)Nc2cccc(OCCCc3ccccc3)c2)c1,0
ZINC66130287,ChEMBL_zinc_D_4532,CCC(C)N1C(=O)c2ccccc2NC1(C)c1ccc(OC)cc1OC,0
ZINC63528875,ChEMBL_zinc_D_4533,COc1cccc(C2=Nc3c(C#N)cnn3C2NC2CCCCCCC2)c1,0
ZINC63680158,ChEMBL_zinc_D_4534,O=C(C1CCN(c2cccc(Br)c2)C1=O)N1CCC1,0
ZINC15032799,ChEMBL_zinc_D_4535,Cc1cc(N2CC[NH+](C(C)C(N)=O)CC2)nc(C(C)C)[nH+]1,0
ZINC36636303,ChEMBL_zinc_D_4536,Cc1cc(S(=O)(=O)N2CCCN(S(=O)(=O)c3ccc(F)c(C)c3)CC2)ccc1F,0
ZINC63627728,ChEMBL_zinc_D_4537,COc1cc(OC)cc(C(=O)Nc2ccc(C3C=c4ccccc4=[NH+]3)cc2)c1,0
ZINC63786651,ChEMBL_zinc_D_4538,COc1ccc(OC)c(CN(C)C(=O)NC(C)c2ccccn2)c1,0
ZINC04623493,ChEMBL_zinc_D_4539,COC(=O)c1ccc(C2Nc3ccc(CC(=O)[O-])cc3C3C=CCC32)cc1,0
ZINC44006056,ChEMBL_zinc_D_4540,O=C(NCC1CCN(C(=O)Nc2ccc(F)cc2)CC1)Nc1c(F)cccc1F,0
ZINC46675316,ChEMBL_zinc_D_4541,Cc1cc(N(C)C)ccc1NC(=O)CSc1ccc(F)cc1F,0
ZINC60475187,ChEMBL_zinc_D_4542,Cc1nc(C)c(CCC(=O)NCc2ccccc2C[NH+]2CCCC(C)C2)c(=O)[nH]1,0
ZINC15707979,ChEMBL_zinc_D_4543,O=C(CCC1CNC(=O)C2CC(NC(=O)c3cccs3)C[NH+]21)NCc1cccs1,0
ZINC15864057,ChEMBL_zinc_D_4544,Cc1cc(-c2cc(S(=O)(=O)N3CCc4ccccc4C3)c(C)s2)on1,0
ZINC36360760,ChEMBL_zinc_D_4545,O=C(Cc1noc(C(=O)NCCc2c[nH]c3ccc(F)cc23)n1)NCc1ccccc1,0
ZINC36611735,ChEMBL_zinc_D_4546,CCC[NH2+]Cc1cc(Cl)c(OC(C)C(=O)OCC)c(OCC)c1,0
ZINC69257404,ChEMBL_zinc_D_4547,COc1ccc(NC(=O)NCC(C)(C)[NH2+]C(C)c2ccccc2)cc1NC(C)=O,0
ZINC06742702,ChEMBL_zinc_D_4548,COCCNC(=O)c1ccc(OCCOc2ccccc2)cc1,0
ZINC23361158,ChEMBL_zinc_D_4549,CCCCc1nnc(NC(=O)C(NC(=O)c2ccccc2)C(C)CC)s1,0
ZINC24016308,ChEMBL_zinc_D_4550,COc1ccc(C(=O)NC(c2nccn2C)c2cccc(F)c2)cn1,0
ZINC66534096,ChEMBL_zinc_D_4551,COC1CCCCC1OC(=O)CNC(=O)c1ccc(C)s1,0
ZINC66543365,ChEMBL_zinc_D_4552,CC[NH+](CC)C1CCN(CC(=O)NCC2(c3ccc(F)cc3)CC2)CC1,0
ZINC66836153,ChEMBL_zinc_D_4553,CC(NC(=O)C1CCOCC1)C(=O)N1CCCN(c2[nH]c3ccccc3[nH+]2)CC1,0
ZINC66845498,ChEMBL_zinc_D_4554,NC(=O)CN1CCOC(c2ccc(F)c(Cl)c2)C1,0
ZINC36661458,ChEMBL_zinc_D_4555,CC(C)c1cccc2sc(NC(=O)c3ccc(Br)o3)nc21,0
ZINC38802831,ChEMBL_zinc_D_4556,O=C1[NH+]=c2ccc(S(=O)(=O)Nc3cccc(C(F)(F)F)c3)cc2=[NH+]1,0
ZINC69956227,ChEMBL_zinc_D_4557,CCN(Cc1nc2ccccc2c(=O)[nH]1)C(=O)NCc1csc(C2CC2)n1,0
ZINC69964132,ChEMBL_zinc_D_4558,CCC(CNC(=O)N1CCN(c2nccs2)CC1)Oc1ccccc1,0
ZINC39952472,ChEMBL_zinc_D_4559,CC1CCCN(c2ccc(C(=O)[O-])cc2Br)C1,0
ZINC40104593,ChEMBL_zinc_D_4560,CCCCN(CCCC)C(=O)Nc1ccc(C(=O)N2CCCC2)cc1,0
ZINC67898794,ChEMBL_zinc_D_4561,COc1ccc(-c2c[nH]c(C3COCCN3C)[nH+]2)cc1,0
ZINC67917912,ChEMBL_zinc_D_4562,CC(=O)Nc1cc(NC(=O)NC2CCCCC2C)ccc1Cl,0
ZINC44306598,ChEMBL_zinc_D_4563,CC(C)C(NS(=O)(=O)c1ccc2c(c1)oc(=O)n2C)c1cccs1,0
ZINC44441111,ChEMBL_zinc_D_4564,Cc1[nH]c(=O)[nH]c(=O)c1CC(=O)N1CCN(c2ccc(Cl)cc2)CC1,0
ZINC56659692,ChEMBL_zinc_D_4565,CC(NC(=O)Nc1ccccc1OCC1CCCCO1)c1nncn1C,0
ZINC56683030,ChEMBL_zinc_D_4566,COCc1cccc(CNC(=O)Nc2cc(C(=O)NC(C)C)ccc2Cl)c1,0
ZINC63915562,ChEMBL_zinc_D_4567,COc1cccc(C[NH+]2CCC(NCc3ccc(SC)c(OC)c3)CC2)c1,0
ZINC64065391,ChEMBL_zinc_D_4568,COC(=O)CCN1CCN(C(=O)COc2ccc(Cl)cc2C)CC1,0
ZINC06703263,ChEMBL_zinc_D_4569,CCOc1cc(C(N)=O)ccc1OCc1ccc(F)cc1,0
ZINC15703344,ChEMBL_zinc_D_4570,Cc1ccc(S(=O)(=O)N2CCOCC2)cc1NC(=O)CC(C)c1ccccc1,0
ZINC57380631,ChEMBL_zinc_D_4571,CC(NCC(=O)N1c2ccccc2OCC1c1ccccc1)c1ccc(S(N)(=O)=O)cc1,0
ZINC01840639,ChEMBL_zinc_D_4572,O=C(NC1(C(F)(F)F)C(=O)Nc2c1c(=O)[nH]c(=O)n2Cc1ccccc1)C1CCCCC1,0
ZINC48308710,ChEMBL_zinc_D_4573,CCN(CC1CCCO1)C(=O)c1cccc(NC(=O)c2cccs2)c1,0
ZINC04952822,ChEMBL_zinc_D_4574,CC[NH+]1CCC(O)(c2ccccc2)C(C(=O)c2ccccc2)C1,0
ZINC57224889,ChEMBL_zinc_D_4575,CC(NC(=O)C1CCCc2ccccc21)C(=O)N1CCCCC1,0
ZINC57259221,ChEMBL_zinc_D_4576,O=C(Cn1cccnc1=O)N1CCn2cccc2C1c1ccccc1,0
ZINC47940196,ChEMBL_zinc_D_4577,O=S(=O)(Cc1coc(-c2ccccc2)n1)c1nc2ccccc2[nH]1,0
ZINC04928036,ChEMBL_zinc_D_4578,CC(=O)Nc1cccc(C(=O)OCc2ccc(Cl)c(Cl)c2)c1,0
ZINC68216315,ChEMBL_zinc_D_4579,Cc1nc(C)c(CC(=O)NCC(C)[NH+](C)C2CC2)c(=O)[nH]1,0
ZINC68253423,ChEMBL_zinc_D_4580,CN(C)C(=O)C1CCCN1C(=O)c1nn(-c2ccc(F)cc2)ccc1=O,0
ZINC03133217,ChEMBL_zinc_D_4581,FC(F)(F)c1cc(C(F)(F)F)c2ccc3nnnn3c2n1,0
ZINC09945566,ChEMBL_zinc_D_4582,Nc1nc(CSc2ncccn2)nc2sc3c(c21)CCCC3,0
ZINC00693654,ChEMBL_zinc_D_4583,COCc1cc(C)nc(SCC(=O)Nc2ccc(C)c(C)c2)c1C#N,0
ZINC01052241,ChEMBL_zinc_D_4584,O=C(NCc1cccc(Cl)c1)c1cnccn1,0
ZINC05305104,ChEMBL_zinc_D_4585,O=C(c1cc2cccnc2n(Cc2ccccc2F)c1=O)N1CCCC1,0
ZINC05328827,ChEMBL_zinc_D_4586,CN(c1ccccc1)C(c1ccccc1)C1(O)CCCCC1,0
ZINC57453520,ChEMBL_zinc_D_4587,O=C(Cc1c[nH]c2ccccc12)NCC(O)COc1ccc(C(F)(F)F)cc1,0
ZINC57511561,ChEMBL_zinc_D_4588,O=C(c1cn(-c2ccccc2Cl)nn1)N1CCN(c2ccccc2F)CC1,0
ZINC51201947,ChEMBL_zinc_D_4589,Cc1c(C(=O)Oc2cc(C)cc(C)c2)sc2ncn(C)c(=O)c12,0
ZINC68029633,ChEMBL_zinc_D_4590,CCCn1nc(C(=O)NC(Cc2ccc(F)cc2)c2ccccc2)ccc1=O,0
ZINC65841543,ChEMBL_zinc_D_4591,Cc1nc2cc(NC(=O)c3ccc(-c4ccco4)[nH]c3=O)ccc2o1,0
ZINC06457640,ChEMBL_zinc_D_4592,COc1ccc(NC(=O)c2ccccc2NC(=O)c2ccc(OC)cc2)cc1,0
ZINC11835326,ChEMBL_zinc_D_4593,O=C(CCc1csc(NC(=O)c2ccco2)n1)NCC1CCCCC1,0
ZINC11668222,ChEMBL_zinc_D_4594,O=C(c1ccc(N2CCCCC2)cc1)N1CCc2c3ccccc3[nH]c2C1c1ccccn1,0
ZINC40131953,ChEMBL_zinc_D_4595,O=C(NC1CCSc2ccc(Cl)cc21)c1cc[nH]n1,0
ZINC40151861,ChEMBL_zinc_D_4596,Cc1ccc(CC(=O)OCC(=O)N2CCN(c3cccc(C(F)(F)F)c3)CC2)cn1,0
ZINC68493466,ChEMBL_zinc_D_4597,COCC[NH+]1CCC(CNC(=O)CCc2ncc(-c3ccc(F)cc3F)o2)C1,0
ZINC68519649,ChEMBL_zinc_D_4598,CCc1nc(COC(=O)C(C)Oc2ccc(F)c(F)c2)cs1,0
ZINC68015735,ChEMBL_zinc_D_4599,CCCC(NC(N)=O)C(=O)NCc1cccnc1Oc1cccc(F)c1,0
ZINC68034030,ChEMBL_zinc_D_4600,Cc1cccn2cc(CC(=O)NC3CC(C)c4ccccc43)nc12,0
ZINC46773908,ChEMBL_zinc_D_4601,Cc1ncc(CN(C)C(=O)C2Oc3ccccc3OC2C)s1,0
ZINC00468755,ChEMBL_zinc_D_4602,O=C(COc1ccccc1F)Nc1c(F)cccc1F,0
ZINC68228223,ChEMBL_zinc_D_4603,CC(NC(=O)CCSc1nnnn1C)C(=O)NC1CCCC1,0
ZINC68330164,ChEMBL_zinc_D_4604,Cc1nc(C(=O)NCCC(=O)N2CCCCC2C)nn1-c1ccccc1,0
ZINC41085716,ChEMBL_zinc_D_4605,Cc1csc2nc(COc3cccc(NC(=O)C(C)(C)C)c3)cc(=O)n12,0
ZINC41154715,ChEMBL_zinc_D_4606,Cc1ccc(-c2nc3nc(N)nc([O-])c3o2)cc1,0
ZINC68079165,ChEMBL_zinc_D_4607,Cc1ccc(C)n1-c1ccsc1C(=O)NCCCn1cncn1,0
ZINC68086257,ChEMBL_zinc_D_4608,CC(CNC(=O)c1ccc(CSc2ncn[nH]2)cc1)Cn1cccn1,0
ZINC68006371,ChEMBL_zinc_D_4609,Cc1nc(C(=O)Oc2ccc(S(=O)(=O)N3CCCCC3)cc2)ccc1C#N,0
ZINC68057206,ChEMBL_zinc_D_4610,CCc1ccc(-c2csc(NC(=O)CSc3ccccc3C(N)=O)n2)cc1,0
ZINC03187342,ChEMBL_zinc_D_4611,CCN(CC)C(=O)c1cccc(S(=O)(=O)Nc2cccc(C(F)(F)F)c2)c1,0
ZINC64379902,ChEMBL_zinc_D_4612,COCCOc1ccc(C(F)(F)F)cc1NC(=O)c1ccc2c(c1)COC2,0
ZINC68003539,ChEMBL_zinc_D_4613,CCCS(=O)(=O)N1CCCC1C(=O)Nc1nc2c(s1)C(=O)CCC2,0
ZINC68047738,ChEMBL_zinc_D_4614,CCC[NH+]1CCN(CC(O)COc2c(C)cccc2C)CC1,0
ZINC00124530,ChEMBL_zinc_D_4615,Cc1ccc(S(=O)(=O)N2CCC(C(F)(F)F)CC2)cc1,0
ZINC01561848,ChEMBL_zinc_D_4616,CCOC(=O)c1ccc(C=Cc2ccc(S(=O)(=O)[O-])cc2)cc1,0
ZINC66095290,ChEMBL_zinc_D_4617,CCCCCC(=O)Nc1cccc(NCC(=O)N2CCNC(=O)C2CC(=O)OCC(C)C)c1,0
ZINC66164830,ChEMBL_zinc_D_4618,CCCNC(=O)C[NH+]1CCC(NC(=O)Nc2ccc(OC)cc2C)CC1,0
ZINC64976031,ChEMBL_zinc_D_4619,CCOC(=O)C1=NC(C)=C(CN(Cc2ccco2)C(=O)Nc2ccccc2C(F)(F)F)C1C,0
ZINC65024595,ChEMBL_zinc_D_4620,Cc1nc2onc(-c3ccccc3)c2c(OCC(=O)NCCCc2ccccc2)n1,0
ZINC09317387,ChEMBL_zinc_D_4621,COC(CN1CC2=C(C1=O)C(c1ccc(O)cc1)NC(=O)N2)OC,0
ZINC09450861,ChEMBL_zinc_D_4622,COc1ccc2c(C)c(CC(=O)NC3CC[NH+](Cc4ccccc4)CC3)c(=O)oc2c1C,0
ZINC66832414,ChEMBL_zinc_D_4623,CCOCc1ccc(CNC(=O)C[NH+]2CCCC(C(=O)OC)C2)cc1,0
ZINC66843913,ChEMBL_zinc_D_4624,Cc1ccc2cc(C(=O)N(C)C(c3ccc(F)cc3)c3ncccn3)[nH]c2c1,0
ZINC63961460,ChEMBL_zinc_D_4625,Cc1nc(-c2ccsc2)sc1C(=O)Nc1cc(C#N)ccc1C,0
ZINC63970480,ChEMBL_zinc_D_4626,Cn1cc(CCCOC(=O)CCCc2ccccc2)cn1,0
ZINC69291459,ChEMBL_zinc_D_4627,CCCCN(CCOC)C(=O)Nc1ccc(F)c(N2CCCC2=O)c1,0
ZINC69294159,ChEMBL_zinc_D_4628,O=C(NCCCc1cccc(F)c1)Nc1ccccc1Cn1cncn1,0
ZINC49935722,ChEMBL_zinc_D_4629,COc1cccc(OC(=O)C2CCCN2C(=O)C23CC4CC(CC(C4)C2)C3)c1,0
ZINC52804119,ChEMBL_zinc_D_4630,CC(C(=O)Nc1cccc(N2CCCC2=O)c1)[NH+]1CCCC1c1ccsc1,0
ZINC12446624,ChEMBL_zinc_D_4631,Cc1c2cc(C)ccc2oc1C(=O)NCCc1nc2ccccc2[nH]1,0
ZINC13365512,ChEMBL_zinc_D_4632,COc1ccc(S(=O)(=O)Nc2c(C)n[nH]c2-n2cnnc2)cc1OC,0
ZINC42749026,ChEMBL_zinc_D_4633,CCCS(=O)(=O)N1CCN(C(=O)COC)CC1,0
ZINC70457184,ChEMBL_zinc_D_4634,O=C([O-])c1nnn(Cc2cc(F)ccc2F)c1-c1cc(F)cc(F)c1,0
ZINC56554809,ChEMBL_zinc_D_4635,C=CCOc1cccc(NC(=O)NC2CC[NH+](Cc3ccccc3)C2)c1,0
ZINC72076103,ChEMBL_zinc_D_4636,N#Cc1ccc(N2CCN(CC(=O)NCC(c3ccccc3Cl)[NH+]3CCCC3)CC2)c(F)c1,0
ZINC71792553,ChEMBL_zinc_D_4637,COc1cc(C[NH2+]C2CCCc3c2cnn3CCO)cc2c1OCO2,0
ZINC71825386,ChEMBL_zinc_D_4638,Cc1n[nH]cc1C[NH2+]CC(O)COc1ccc(F)cc1,0
ZINC67552275,ChEMBL_zinc_D_4639,O=C(NCc1ccc(Oc2cccnc2)c(F)c1)c1cc(-c2cccnc2)on1,0
ZINC67562041,ChEMBL_zinc_D_4640,COc1ccc(F)c(-c2cncc(C(=O)N3CCCCC3)n2)c1,0
ZINC66302962,ChEMBL_zinc_D_4641,O=C(Cc1csc(-c2cnccn2)n1)Nc1cccc(Cl)c1-n1cncn1,0
ZINC66312104,ChEMBL_zinc_D_4642,Cc1cc(C)n(CC(C)CNC(=O)c2cnc(-c3cccs3)s2)n1,0
ZINC67835604,ChEMBL_zinc_D_4643,COC(=O)Cn1ccc(NC(=O)C(C)Oc2cccc(C#N)c2)n1,0
ZINC67854975,ChEMBL_zinc_D_4644,CC(C)c1cc(C(=O)N(C)Cc2ccccc2-n2cccn2)no1,0
ZINC31598921,ChEMBL_zinc_D_4645,CC1Oc2ccccc2N(CC(=O)NCCNc2cnccn2)C1=O,0
ZINC64290431,ChEMBL_zinc_D_4646,COc1ccccc1CN(Cc1cccs1)C(=O)COC(C)C,0
ZINC06586620,ChEMBL_zinc_D_4647,CCc1cc2c(ncn(CC(=O)N3c4ccccc4CC3C)c2=O)s1,0
ZINC67614802,ChEMBL_zinc_D_4648,COc1ccc(OC)c(CNC(=O)N2CCC(Nc3ccccc3)C2)c1,0
ZINC68011445,ChEMBL_zinc_D_4649,Cc1nc(C)c(C(=O)Nc2nnc(-c3cccc(Cl)c3)s2)s1,0
ZINC68063003,ChEMBL_zinc_D_4650,Cc1cc(NC(=O)CN2CCCNC2=O)ccc1N1CC[NH+](C)CC1,0
ZINC30710725,ChEMBL_zinc_D_4651,C[NH+](C)C(CNC(=O)c1ccccc1SCc1cscn1)c1ccccc1,0
ZINC62865054,ChEMBL_zinc_D_4652,O=C(CCc1ccc(Br)cc1F)Nc1cccc(-n2cnnn2)c1,0
ZINC67720031,ChEMBL_zinc_D_4653,Cc1nc(S(=O)(=O)C(C)C(=O)N(C(C)C)C(C)C)n(C2CCCCC2)c1C,0
ZINC67758683,ChEMBL_zinc_D_4654,COc1cc(C)c(SCC(=O)N2CCN(C(=O)N(C)C)CC2)cc1OC,0
ZINC00497144,ChEMBL_zinc_D_4655,CCNc1sc(C(=O)c2ccccc2)c(N)c1C#N,0
ZINC04812294,ChEMBL_zinc_D_4656,COC(=O)c1[nH]c2ccccc2c1NC(=O)C[NH+]1CCN(c2cccc(C)c2)C(C)C1,0
ZINC68148159,ChEMBL_zinc_D_4657,NC(=O)c1cccc(Oc2ccc(NC(=O)CCC3CCCO3)cc2)c1,0
ZINC68164447,ChEMBL_zinc_D_4658,Cc1nn(C)c2nc(C3CC3)cc(C(=O)Nc3cccc(N(C)C(C)C)c3)c12,0
ZINC68138833,ChEMBL_zinc_D_4659,Cc1sc2ncn(Cc3sccc3Br)c(=O)c2c1C,0
ZINC68155959,ChEMBL_zinc_D_4660,Cc1nn(C)cc1C(C)NC(=O)c1cc(C)nc2c1c(C)nn2C,0
ZINC62474774,ChEMBL_zinc_D_4661,CC(C)CN(C)C(=O)NC(C)c1ccc2ccccc2c1,0
ZINC62661961,ChEMBL_zinc_D_4662,O=C(c1cscn1)N1CCCC1Cc1ccccc1,0
ZINC33130713,ChEMBL_zinc_D_4663,Cc1ccc(NC(=O)Nc2c3ccccc3[nH]c2-c2cccnc2)cc1F,0
ZINC33260266,ChEMBL_zinc_D_4664,Cc1ccc(-c2nnc3ccc(N4CCC(C(=O)NCC[NH+](C)C)CC4)nn32)cc1,0
ZINC64225815,ChEMBL_zinc_D_4665,Cc1noc(C2CCN(C(=O)NCc3ccccc3OC(C)C)CC2)n1,0
ZINC35506421,ChEMBL_zinc_D_4666,CCS(=O)(=O)NCc1cccn1Cc1ccccc1,0
ZINC56766548,ChEMBL_zinc_D_4667,CC(C)(C)C(NC(=O)Nc1ccc(N2CCOC2=O)cc1)c1ccccc1,0
ZINC56844648,ChEMBL_zinc_D_4668,Cc1ccc(C(=O)N2CCN(C(=O)NCc3cccc(C)c3)CC2)s1,0
ZINC57671318,ChEMBL_zinc_D_4669,CCC(c1nnnn1Cc1ccc2c(c1)OCO2)N1CCN(c2cc(C)ccc2C)CC1,0
ZINC24568131,ChEMBL_zinc_D_4670,Cc1[nH]c2ccccc2c1CC(=O)NC1CCOc2ccccc21,0
ZINC44447739,ChEMBL_zinc_D_4671,Cc1cc(S(=O)(=O)N(Cc2ccsc2)CC(F)(F)F)c(Cl)cc1Cl,0
ZINC44895151,ChEMBL_zinc_D_4672,O=C(NCc1cn2ccccc2n1)N1CCc2sccc2C1,0
ZINC70651190,ChEMBL_zinc_D_4673,CCc1cc(NC(C)c2nccs2)ncn1,0
ZINC70695939,ChEMBL_zinc_D_4674,CC(C)Cc1nc(CN2CC(C)OC(c3ccccc3)C2)no1,0
ZINC03609547,ChEMBL_zinc_D_4675,CN(C)S(=O)(=O)c1ccc(NC(=O)COc2ccc3c(c2)CCC3)cc1,0
ZINC65094651,ChEMBL_zinc_D_4676,COc1ccccc1NC(=O)c1[nH]nc(-c2ccccc2)c1Br,0
ZINC36740084,ChEMBL_zinc_D_4677,Cc1ccc(-c2cc(N)c(=O)n(C(C)C(=O)N3CC(C)CC(C)C3)n2)s1,0
ZINC00126416,ChEMBL_zinc_D_4678,Cc1nnc(SCC(=O)c2ccc(Br)cc2)s1,0
ZINC66210197,ChEMBL_zinc_D_4679,CC(C)C(=O)Nc1ccc(NC(=O)CNc2cc(Cl)cc(Cl)c2)cc1,0
ZINC66241628,ChEMBL_zinc_D_4680,N#Cc1cnn(-c2ccc(C(=O)N(Cc3ccccc3)CC(F)(F)F)cc2)c1N,0
ZINC71789009,ChEMBL_zinc_D_4681,COC(=O)c1cc(OC)c(C)cc1C#N,0
ZINC29904372,ChEMBL_zinc_D_4682,O=C(Nc1ccc(F)c(-c2nnc3n2CCCCC3)c1)C1(c2ccc(Cl)cc2)CC1,0
ZINC45194679,ChEMBL_zinc_D_4683,O=C(Cn1c(=O)cnc2ccccc21)NCc1ccc(OCc2ccccc2)cc1,0
ZINC53595353,ChEMBL_zinc_D_4684,COC(=O)Nc1ccc(CNC(=O)c2ccc3[nH]nnc3c2)cc1,0
ZINC68095738,ChEMBL_zinc_D_4685,CCc1c(C(=O)N2CCC(N3CCOC(C)C3)CC2)cnn1-c1ccc(C)cc1,0
ZINC68105699,ChEMBL_zinc_D_4686,Cc1nc(CC(C)C)sc1C(=O)NCC(C)Cn1cccn1,0
ZINC33037476,ChEMBL_zinc_D_4687,CC(=O)Nc1ccc(CCc2nc3cc(C(=O)Nc4ccc(C)cc4)ccc3[nH]2)cc1,0
ZINC33087990,ChEMBL_zinc_D_4688,COc1ccc(C)cc1NC(=O)Cn1c2ccccc2nc(-c2ccccc2NC(=O)C(C)C)c1=O,0
ZINC70035710,ChEMBL_zinc_D_4689,O=C(CCN1CCCC1=O)OC(c1ccccc1)c1ccc(Cl)cc1,0
ZINC03536939,ChEMBL_zinc_D_4690,CC1Cc2ccccc2N1CC(=O)Nc1ccc(F)cc1F,0
ZINC50736350,ChEMBL_zinc_D_4691,CCCC(C)NC(=O)C1CCCN(C(=O)c2cc(C)n(C(C)C)c2C)C1,0
ZINC51579617,ChEMBL_zinc_D_4692,CCOc1ccc(CN(C)C(=O)C[NH+](C)C(C2CC2)C2CC2)cc1,0
ZINC68569313,ChEMBL_zinc_D_4693,Cc1cccc2[nH+]c(CNC(=O)c3ccccc3N3CCOCC3)cn21,0
ZINC68580470,ChEMBL_zinc_D_4694,CC(c1ccccn1)N(C)C(=O)NC1CCCc2[nH]c(=O)ccc21,0
ZINC62488198,ChEMBL_zinc_D_4695,CC(C)CN(C)C(=O)NC(C)Cc1cccc(Cl)c1,0
ZINC62694208,ChEMBL_zinc_D_4696,CS(=O)(=O)c1ccc(OCCCSc2ncc(C#N)c(N)n2)cc1,0
ZINC68125578,ChEMBL_zinc_D_4697,CCC(C)C(NC(=O)OC(C)(C)C)C(=O)N1CCC(n2cncn2)CC1,0
ZINC68171402,ChEMBL_zinc_D_4698,CC(c1cccnc1)N(C)C(=O)c1oc2ccccc2c1COc1ccccc1,0
ZINC69390521,ChEMBL_zinc_D_4699,CN(C)c1cccc(C(=O)NCc2ccc(-n3ccnc3)cc2)c1,0
ZINC69413787,ChEMBL_zinc_D_4700,NC(=O)C1CCC[NH+](Cc2ccccc2NC(=O)C2CC=CCC2)C1,0
ZINC69253851,ChEMBL_zinc_D_4701,Cc1cccc(C(C)C)c1NC(=O)NCc1cn2c(cccc2C)[nH+]1,0
ZINC69334941,ChEMBL_zinc_D_4702,COc1ccccc1C(C)NC(=O)Nc1ccccc1SCCC(N)=O,0
ZINC67503879,ChEMBL_zinc_D_4703,CC(COCC(F)(F)F)[NH2+]Cc1ccc(-n2cncn2)cc1,0
ZINC67645770,ChEMBL_zinc_D_4704,CC(C)OCc1cccc(CNC(=O)NCc2ccc(-n3ccnc3)c(F)c2)c1,0
ZINC24962273,ChEMBL_zinc_D_4705,CCCCNC(=O)c1cc(C)ccc1NS(C)(=O)=O,0
ZINC24972494,ChEMBL_zinc_D_4706,CC(=O)c1ccc(NC(=O)N2CCCC(NC(=O)N3CCc4cc(Cl)ccc43)C2)cc1,0
ZINC57469323,ChEMBL_zinc_D_4707,CC(c1cc(F)ccc1F)n1cnc2c1c(=O)n(C)c(=O)n2C,0
ZINC57669612,ChEMBL_zinc_D_4708,COc1ccc(N2CCN(C(c3nnnn3C3CCCC3)C(C)C)CC2)cc1,0
ZINC67925357,ChEMBL_zinc_D_4709,CCOc1ccccc1CCNC(=O)c1cnc2c(c1)c(=O)[nH]c(=O)n2C1CC1,0
ZINC06623908,ChEMBL_zinc_D_4710,Cc1oc2cc3oc(=O)c(CC(=O)Nc4ccc5c(c4)OCO5)c(C)c3cc2c1C,0
ZINC28674974,ChEMBL_zinc_D_4711,Cc1ccccc1-n1c(SC(C)C(=O)NCc2ccccc2)nnc1-c1cccnc1,0
ZINC36806984,ChEMBL_zinc_D_4712,Cn1c2ccccc2nc1SCC(=O)Nc1ccccc1SCC#N,0
ZINC69342682,ChEMBL_zinc_D_4713,C=CCCOC(C)C(=O)N(Cc1ccc(C#N)cc1)C(C)C,0
ZINC69353537,ChEMBL_zinc_D_4714,Cc1cccc(-n2nc(C(C)(C)C)cc2NC(=O)C2CCOC2)c1,0
ZINC14339420,ChEMBL_zinc_D_4715,Cc1ccc2cccc(OCc3ccc(C(N)=O)cc3)c2n1,0
ZINC23823335,ChEMBL_zinc_D_4716,COC(=O)c1cccc(CN2CCN(S(=O)(=O)c3ccccc3C#N)CC2)c1,0
ZINC72052203,ChEMBL_zinc_D_4717,c1csc(-c2nnc(SCc3nn(-c4ccccc4)c4c3CCC4)o2)c1,0
ZINC15011186,ChEMBL_zinc_D_4718,Cc1cc(Cl)ccc1OCCCC(=O)Nc1c(F)cccc1F,0
ZINC01095779,ChEMBL_zinc_D_4719,CC(=O)Nc1nonc1NC(=O)c1sc2cc(Cl)ccc2c1Cl,0
ZINC57427386,ChEMBL_zinc_D_4720,Cc1ccc(NC(=O)Cn2nc(-c3ccc(Br)cc3)ccc2=O)c(Cl)c1,0
ZINC66192743,ChEMBL_zinc_D_4721,Cc1cccc(NCC(=O)Nc2cccc(OCC(C)C)c2)c1,0
ZINC66213802,ChEMBL_zinc_D_4722,CCCC[NH2+]CC(=O)Nc1cccc2ccccc21,0
ZINC33280771,ChEMBL_zinc_D_4723,COc1ccc(-n2c(CN3CCN(S(=O)(=O)c4ccccc4C)CC3)nc3cccnc32)cc1,0
ZINC00168263,ChEMBL_zinc_D_4724,CC(C)COc1ccc(C(=O)N2c3ccccc3CC2C)cc1,0
ZINC66336423,ChEMBL_zinc_D_4725,CN(C(=O)Cc1coc2ccc3ccccc3c12)C1(C#N)CCC1,0
ZINC66354009,ChEMBL_zinc_D_4726,COc1ccccc1C(C)=CC(=O)Nc1ccc2oc(=O)n(CC[NH+](C)C)c2c1,0
ZINC67849697,ChEMBL_zinc_D_4727,COc1ccc(Cl)cc1NCC(=O)N1C(C)CCCC1C,0
ZINC67940434,ChEMBL_zinc_D_4728,CCc1nc(C2CCCN(C(=O)c3cc(C)nc4c3c(=O)[nH]n4C)C2)no1,0
ZINC66249253,ChEMBL_zinc_D_4729,CCC(C)n1nccc1NS(=O)(=O)c1ccc(O)c(C(=O)OC)c1,0
ZINC02782238,ChEMBL_zinc_D_4730,CCn1cc(NC(=O)c2cn(CC)nc2C)c(C(N)=O)n1,0
ZINC44582023,ChEMBL_zinc_D_4731,Cc1noc(C)c1C(=O)Oc1cc(C(=O)N(C)C)ccc1C,0
ZINC45040336,ChEMBL_zinc_D_4732,Cc1csc(CNC(=O)C(C)Oc2ccc(C)cc2Br)n1,0
ZINC01386464,ChEMBL_zinc_D_4733,O=C(c1ccc(Cl)cc1Cl)n1oc(=O)cc1-c1ccccc1,0
ZINC04073238,ChEMBL_zinc_D_4734,CCC(C)N1CC(=O)N2CCc3c4cc(F)ccc4[nH]c3C2(C)C1=O,0
ZINC48287018,ChEMBL_zinc_D_4735,CCOC(=O)c1cnn(-c2cccc(NC(=O)N3CCCC(NS(C)(=O)=O)C3)c2)c1C,0
ZINC48411444,ChEMBL_zinc_D_4736,COCC(=O)Nc1nc(-c2ccc(SC)cc2)cs1,0
ZINC25532287,ChEMBL_zinc_D_4737,CC(NC1=NS(=O)(=O)c2ccccc21)C(=O)Nc1cnc2ccccc2c1,0
ZINC53270882,ChEMBL_zinc_D_4738,COc1ccccc1C1(CNC(=O)C(Cc2ccccc2)n2cnnn2)CCCC1,0
ZINC56952088,ChEMBL_zinc_D_4739,CCCOc1ccc(OCC(=O)Nc2cnn(CC3CCCO3)c2)cc1,0
ZINC72028567,ChEMBL_zinc_D_4740,COC(=O)c1ccc(C(=O)Nc2ccc(Oc3ccc(Cl)cc3)nc2)cc1,0
ZINC68873661,ChEMBL_zinc_D_4741,N#CCCN(Cc1ccco1)S(=O)(=O)Cc1cccc(F)c1,0
ZINC69001852,ChEMBL_zinc_D_4742,Cc1[nH+]ccn1CCCC(=O)NCc1ccccc1[N-]S(C)(=O)=O,0
ZINC64485523,ChEMBL_zinc_D_4743,CN(Cc1ccccc1Cl)C(=O)c1cc(Cl)ccc1[N-]S(C)(=O)=O,0
ZINC64518229,ChEMBL_zinc_D_4744,Cc1nccc2c1=CC(C(=O)NC1CCCCC1C)C(=O)[NH+]=2,0
ZINC68044654,ChEMBL_zinc_D_4745,Cc1cc(C)n(CCSc2nnc(COc3ccc(Cl)cc3Cl)o2)n1,0
ZINC68076824,ChEMBL_zinc_D_4746,CCOCc1cccc(NS(=O)(=O)c2ccc3c(c2)COC3)c1,0
ZINC67918474,ChEMBL_zinc_D_4747,CC(=O)Nc1cc(NC(=O)NCC(C)C[NH+]2CCCCC2)ccc1Cl,0
ZINC67968258,ChEMBL_zinc_D_4748,COc1ccc(C(NC(=O)c2ccc(SC)nc2)C2CC2)cc1,0
ZINC33011033,ChEMBL_zinc_D_4749,N#Cc1ccc(-c2cccs2)nc1SCC(=O)Nc1cccc2ccccc21,0
ZINC33124965,ChEMBL_zinc_D_4750,Cc1cc(NC(=O)C(C)Oc2ccc(=O)n(-c3ccc(F)cc3)n2)ccc1Br,0
ZINC48344762,ChEMBL_zinc_D_4751,O=C(NCc1ccc(-n2cncn2)nc1)C1CCCO1,0
ZINC04969587,ChEMBL_zinc_D_4752,COC(=O)c1nnn(CC(=O)Nc2ccc(Br)cc2)c1C(=O)OC,0
ZINC66553436,ChEMBL_zinc_D_4753,Cc1nc(-c2ccccc2)sc1CNC(=O)CC(C)C1CC1,0
ZINC66708378,ChEMBL_zinc_D_4754,O=C(c1ccc2cc[nH]c2c1)N1CCOC(c2ccc(Cl)c(Cl)c2)C1,0
ZINC06824871,ChEMBL_zinc_D_4755,CC(C)(C)c1cc(NC(=O)c2cccnc2Cl)no1,0
ZINC69871900,ChEMBL_zinc_D_4756,CCC(CNS(=O)(=O)c1ccc(C(=O)NC)cc1)Oc1ccccc1,0
ZINC64760634,ChEMBL_zinc_D_4757,CCc1cc(C(=O)Nc2cccc(C)c2)nc2ccnn21,0
ZINC64809392,ChEMBL_zinc_D_4758,Cn1c(=O)c2ccc(C(=O)N(C3CC3)C3CCc4ccccc43)nc2n(C)c1=O,0
ZINC09221004,ChEMBL_zinc_D_4759,COc1ccccc1NC(C)C(=O)Nc1ccc2c(c1)OCO2,0
ZINC09528163,ChEMBL_zinc_D_4760,CCCC1c2cccn2CCN1C(=O)Nc1ccc(C)cc1C,0
ZINC68090088,ChEMBL_zinc_D_4761,O=C(NC(c1ccccc1)C(F)(F)F)c1nn(-c2ccc(F)cc2)ccc1=O,0
ZINC68136821,ChEMBL_zinc_D_4762,Cc1[nH]ncc1C(=O)NCc1ccccc1C[NH+]1CC(C)CC(C)C1,0
ZINC68038172,ChEMBL_zinc_D_4763,CCNC(=O)NCCCOC(=O)CCCc1ccc(C)cc1,0
ZINC68066873,ChEMBL_zinc_D_4764,CCc1noc(-c2ccc(CCNC(=O)Cn3cncn3)cc2)n1,0
ZINC66140568,ChEMBL_zinc_D_4765,CCC(C)[NH+](C)CCNC(=O)c1ccc(C(=O)NC(C)(C)C)cc1,0
ZINC66310361,ChEMBL_zinc_D_4766,CN(c1ccc(OC(=O)c2cnn(C)c2C(F)F)cc1)S(C)(=O)=O,0
ZINC38506503,ChEMBL_zinc_D_4767,COC(=O)c1c(C)c(C)sc1NC(=O)c1c(C)cnn1C,0
ZINC36659559,ChEMBL_zinc_D_4768,CCSc1ccc(Cc2nnc(NC(=O)C3CC3)o2)cc1,0
ZINC68313299,ChEMBL_zinc_D_4769,COc1ccc(C(=O)N(CC[NH+](C)C)Cc2cccc(C(F)(F)F)c2)cn1,0
ZINC68350902,ChEMBL_zinc_D_4770,CC(C)OCCOCc1cccc(NC(C)C(=O)NC(C)c2ccccc2)c1,0
ZINC01497486,ChEMBL_zinc_D_4771,Nc1cccc(Oc2ncc(-c3ccc(F)cc3)cn2)c1,0
ZINC36701712,ChEMBL_zinc_D_4772,CC1Nc2ncnn2C(c2cccnc2)C1C(=O)Nc1ccc(Cl)cc1,0
ZINC04525917,ChEMBL_zinc_D_4773,O=C1NC(C=Cc2ccccc2)Nc2sc3c(c21)CC[NH+](Cc1ccccc1)C3,0
ZINC16553218,ChEMBL_zinc_D_4774,CC(=O)Nc1ccc(SCCS(=O)(=O)c2ccccc2)cc1,0
ZINC35429749,ChEMBL_zinc_D_4775,COCCNC(=O)c1nc2ccccc2c(Nc2ccc(C)cc2)n1,0
ZINC33253111,ChEMBL_zinc_D_4776,CCS(=O)(=O)[N-]c1ccc(N2CCN(c3ccc(OC)cc3)CC2)c(C(=O)[O-])c1,0
ZINC68604805,ChEMBL_zinc_D_4777,CC(NC(=O)Nc1ccc(Cl)nc1)c1ccc2c(c1)NC(=O)CO2,0
ZINC68625615,ChEMBL_zinc_D_4778,COCCOc1ccc(CNC(=O)Nc2nnc(-c3ccccc3)s2)cn1,0
ZINC66162574,ChEMBL_zinc_D_4779,Cc1noc(C)c1CNC(=O)Nc1cc(C(=O)OC(C)C)ccc1Cl,0
ZINC66308465,ChEMBL_zinc_D_4780,Cc1nnc(-c2ccccc2NC(=O)CCCc2ccc(C(C)(C)C)cc2)o1,0
ZINC66861561,ChEMBL_zinc_D_4781,CCc1ccc(CN(C)C(=O)CN2CCN(c3ccc(O)cc3)CC2)cc1,0
ZINC66866067,ChEMBL_zinc_D_4782,CCc1ccc(C(=O)CCC(=O)C(C#N)c2nnc(-c3ccccc3)n2C)cc1,0
ZINC00947307,ChEMBL_zinc_D_4783,COc1ccc(C(Nc2cccc[nH+]2)c2ccc3cccnc3c2O)cc1,0
ZINC02937397,ChEMBL_zinc_D_4784,CCCNC(=O)Cn1cnc2sc(C(=O)Nc3cc(Cl)ccc3OC)c(C)c2c1=O,0
ZINC13814215,ChEMBL_zinc_D_4785,CCn1c(C)cn2c1nc1c2c(=O)[nH]c(=O)n1C,0
ZINC14548501,ChEMBL_zinc_D_4786,Cc1cc(C)c2c(c1)NC(c1cccs1)C1CC=CC21,0
ZINC63270547,ChEMBL_zinc_D_4787,COc1cc2c(cc1OC)C(C)C(CC(=O)NC(C)CC1=c3ccccc3=[NH+]C1)C(=O)O2,0
ZINC63348136,ChEMBL_zinc_D_4788,CCN(Cc1ccc(OC)cc1)C(=O)Nc1ccc(N2CCOC2=O)c(OC)c1,0
ZINC66876036,ChEMBL_zinc_D_4789,CC(OC(=O)CN(C)C(=O)c1ccsc1)c1cc(F)ccc1F,0
ZINC04054466,ChEMBL_zinc_D_4790,Nc1ccccc1S(=O)(=O)NCc1ccccc1Cl,0
ZINC57442603,ChEMBL_zinc_D_4791,Cc1ncsc1C(=O)NCC(O)COc1cccc(C)c1,0
ZINC13039943,ChEMBL_zinc_D_4792,CCCCN(C(=O)CNC(C)c1ccc(Cl)cc1)c1c(N)n(CC(C)C)c(=O)[nH]c1=O,0
ZINC33113206,ChEMBL_zinc_D_4793,CCNC(=O)N1CCCC(c2nnc(C(=O)Nc3ccc(Cl)cc3)s2)C1,0
ZINC33129125,ChEMBL_zinc_D_4794,Cc1ccc(NC(=O)C(C)NS(=O)(=O)c2ccc3c(c2)CCN3C(=O)N2CCCC2)c(Cl)c1,0
ZINC68595758,ChEMBL_zinc_D_4795,Cc1ccc(C(NC(=O)NC(C)CC[NH+](C)C)C2CC2)cc1,0
ZINC68619461,ChEMBL_zinc_D_4796,Cc1nn(CN2CCOC(C#N)C2)c(C)c1Br,0
ZINC57280138,ChEMBL_zinc_D_4797,O=C(NCC1CCCC1)c1nnc2ccc(N3CCOCC3)cc2n1,0
ZINC57473854,ChEMBL_zinc_D_4798,N#Cc1ccc(CN2CCCC2c2ccccc2)cc1,0
ZINC69406460,ChEMBL_zinc_D_4799,CCCCN(CCOC)C(=O)NCc1nccc2ccccc21,0
ZINC69412118,ChEMBL_zinc_D_4800,N#Cc1cccc(C(=O)NCCCS(=O)(=O)c2ccccc2)c1,0
ZINC63666173,ChEMBL_zinc_D_4801,CCOC(=O)C1=C(C)C(C(=O)NC(C)C)C(C)=N1,0
ZINC63702157,ChEMBL_zinc_D_4802,CC(CC(=O)Nc1ccc(C(=O)N(C)C)c(Cl)c1)C1CC1,0
ZINC06872781,ChEMBL_zinc_D_4803,CC(=O)N1CCN(c2cc(C)nc(SCc3ccc(C(=O)[O-])o3)n2)CC1,0
ZINC70458274,ChEMBL_zinc_D_4804,O=C([O-])C1CCN(c2cc(-c3nc(-c4ccc(F)cc4)no3)cc[nH+]2)CC1,0
ZINC64986826,ChEMBL_zinc_D_4805,Cc1ccc2c(c1)Oc1cc(Oc3cccnc3)c(S(=O)(=O)N3CCOCC3)cc1C(=O)N2,0
ZINC65026745,ChEMBL_zinc_D_4806,O=C(c1cnn2c1nccc2-c1ccc2c(c1)OCO2)N1CCN(c2ccc(F)cc2)CC1,0
ZINC35432319,ChEMBL_zinc_D_4807,COc1cc(NC(=O)N2CCC3(CC2)N=C(c2cccc(F)c2)C(=O)N3)cc(OC)c1OC,0
ZINC64813239,ChEMBL_zinc_D_4808,COc1ccc(-c2cnn(CC(=O)Nc3ccccc3OC)c(=O)n2)cc1,0
ZINC68122011,ChEMBL_zinc_D_4809,CCn1c(=O)[nH]c(=O)c2c(C(=O)NCC[NH+]3CCCC(C)C3)cc(C3CC3)nc21,0
ZINC68161387,ChEMBL_zinc_D_4810,COCCN(Cc1cccnc1)C(=O)Cc1c(C)nn(C)c1C,0
ZINC16517686,ChEMBL_zinc_D_4811,CC[NH+](CC)c1ccc(NC(=O)CN2CCN(S(=O)(=O)c3ccc(C)cc3)CC2)cc1,0
ZINC27501526,ChEMBL_zinc_D_4812,O=C(CCNS(=O)(=O)c1ccccc1Cl)N1CCN(c2ccccc2F)CC1,0
ZINC69359675,ChEMBL_zinc_D_4813,CCCCC1CCCC1NC(=O)NCc1ccnc(-n2ccnc2C)c1,0
ZINC69398178,ChEMBL_zinc_D_4814,CC(C(=O)NCC(O)c1cccc(F)c1)c1ccc2c(c1)OCCO2,0
ZINC07117231,ChEMBL_zinc_D_4815,CCOCc1c2ccccc2oc1C(=O)N(C)C(C)c1nc2ccccc2s1,0
ZINC71874367,ChEMBL_zinc_D_4816,O=C(C[NH+]1CCCCC1CNC(=O)Nc1ccccc1)Nc1cccnc1Cl,0
ZINC38908105,ChEMBL_zinc_D_4817,COc1cccc(NC(=O)N2CCN(Cc3csc(-c4ccccc4)n3)CC2)c1,0
ZINC38934906,ChEMBL_zinc_D_4818,COc1ccc(C(=O)NCCC2CCCCN2S(=O)(=O)c2ccc(C)cc2)cc1OC,0
ZINC57851865,ChEMBL_zinc_D_4819,CC(NC(=O)C(C)[NH+](C)Cc1ccc(Br)cc1)c1ccc(F)cc1,0
ZINC25076793,ChEMBL_zinc_D_4820,Cn1ccc(NC(=O)c2cc(-c3cccc(Cl)c3)[nH]n2)n1,0
ZINC66234134,ChEMBL_zinc_D_4821,CCN(Cc1ccc(N(C)C)cc1)C(=O)NCCCc1nc(C(C)C)no1,0
ZINC66316488,ChEMBL_zinc_D_4822,O=C1OCCC1Sc1nnc(-c2ccc(F)cc2)n1CC1CCCO1,0
ZINC45962885,ChEMBL_zinc_D_4823,CN(C)C(=O)Cc1ccc(NC(=O)CN(C)C(=O)c2ccccc2)cc1,0
ZINC71943746,ChEMBL_zinc_D_4824,COc1cccc(C(CNC(=O)Nc2ccc(C(=O)N3CCC(C)CC3)cc2C)[NH+](C)C)c1,0
ZINC33258672,ChEMBL_zinc_D_4825,COc1ccccc1CNC(=O)c1cn(-c2ccc(-c3noc(C4CC4)n3)cc2)nc1C,0
ZINC33273674,ChEMBL_zinc_D_4826,COCC(=O)N(C)CCc1noc(-c2ccc(C(=O)N3CCOCC3)cc2)n1,0
ZINC48025747,ChEMBL_zinc_D_4827,CC(C)CNC(=O)C(C)[NH+]1CCC(CC(N)=O)CC1,0
ZINC48681290,ChEMBL_zinc_D_4828,CSc1nc(C[NH+]2CCCC2)nc2sc(C)c(C)c21,0
ZINC71791059,ChEMBL_zinc_D_4829,COc1ccc(N(C)C(=O)OC(C)(C)C)nc1OC,0
ZINC18253863,ChEMBL_zinc_D_4830,CC(C)c1ccc(C(=O)Nc2cc(F)cc(F)c2)cc1,0
ZINC47558339,ChEMBL_zinc_D_4831,Cc1cc(C)n(-c2nnc(SCc3nnc(C(C)(C)C)o3)n2N)n1,0
ZINC49058060,ChEMBL_zinc_D_4832,COc1ncccc1NC(=O)Cc1cccc2cccnc21,0
ZINC14715565,ChEMBL_zinc_D_4833,Cc1nnc(NC(=O)c2cccc(S(=O)(=O)N3CCCCC3C)c2)s1,0
ZINC68795533,ChEMBL_zinc_D_4834,CNC(=O)C1CCC(NC(=O)c2cc3ccc(Cl)cc3[nH]2)CC1,0
ZINC69119593,ChEMBL_zinc_D_4835,CC(C)c1noc(CCNC(=O)N(C)CCOc2cccc(Cl)c2)n1,0
ZINC69296764,ChEMBL_zinc_D_4836,CCCCN(CCOC)C(=O)Nc1ccccc1OCC1CCCCO1,0
ZINC55736466,ChEMBL_zinc_D_4837,CC1c2[nH]c3ccccc3c2CCN1C(=O)CCNS(=O)(=O)c1ccccc1,0
ZINC46145889,ChEMBL_zinc_D_4838,CCn1c2cc(NC(=O)C(C)(C)C)c(S(=O)(=O)c3ccccc3)cc2n(CC)c1=O,0
ZINC33292371,ChEMBL_zinc_D_4839,CCCNC(=O)c1nnc(-c2ccc(S(=O)(=O)N3CCOCC3)cc2)o1,0
ZINC34927126,ChEMBL_zinc_D_4840,C[NH+]1CCc2[nH]c3ccc(O)cc3c2C1,0
ZINC45344585,ChEMBL_zinc_D_4841,CCOC(=O)C1CCN(C(=O)NCc2csc(C)n2)CC1,0
ZINC47819534,ChEMBL_zinc_D_4842,CC(C)Sc1nnc(-c2ccc(Cl)cc2)n1C,0
ZINC68652480,ChEMBL_zinc_D_4843,COc1ccc(C)cc1CCNC(=O)c1cnn2ccc(C)nc12,0
ZINC68659972,ChEMBL_zinc_D_4844,Cc1[nH]c2ccc(F)cc2c1CC(=O)NC(C)c1cccc(N2CCOC2=O)c1,0
ZINC68775887,ChEMBL_zinc_D_4845,C#CCNC(=O)c1ccc(=O)n(Cc2ccc(F)c(Br)c2)c1,0
ZINC68818364,ChEMBL_zinc_D_4846,CCC(C)NC(=O)c1ccc(NC(=O)Cc2ccc(OC)cc2OC)c(C)c1,0
ZINC68608095,ChEMBL_zinc_D_4847,CC(C)Cn1nccc1NC(=O)NCC(C)N1CCN(c2ccccc2)CC1,0
ZINC68646197,ChEMBL_zinc_D_4848,Cc1cccc(CCCOC(=O)c2ccc(CNC(=O)C3CCCC3)cc2)n1,0
ZINC70706472,ChEMBL_zinc_D_4849,Cc1ccoc1C(=O)OCc1ccccn1,0
ZINC70727183,ChEMBL_zinc_D_4850,CC(NC(=O)C(Cc1ccccc1)NC(=O)c1cccs1)c1ccncc1,0
ZINC04789835,ChEMBL_zinc_D_4851,Cc1ccc(OCCOC(=O)c2ccccc2C(=O)N(C)c2ccccc2)cc1,0
ZINC04807674,ChEMBL_zinc_D_4852,Cc1cc(OC(=O)c2cccs2)c2c(C)cc(=O)oc2c1,0
ZINC67939950,ChEMBL_zinc_D_4853,Cc1nc(C2CCN(C(=O)C(C)NC(=O)c3ccccc3)CC2)no1,0
ZINC67948020,ChEMBL_zinc_D_4854,O=C(NCCCc1nc2ccccc2o1)c1scc2c1OCCO2,0
ZINC02803444,ChEMBL_zinc_D_4855,Cc1nc(NS(=O)(=O)c2ccc3ccccc3c2)sc1C,0
ZINC41249362,ChEMBL_zinc_D_4856,CCC(=O)NCc1cc(=O)oc2c(C)cc(C)cc12,0
ZINC12379451,ChEMBL_zinc_D_4857,CC(=O)N1CCn2c1nc1ccccc1c2=O,0
ZINC16740595,ChEMBL_zinc_D_4858,CCCCCn1c2ccccc2nc1C(C)NC(=O)c1cc(OC)c(OC)c(OC)c1,0
ZINC66819076,ChEMBL_zinc_D_4859,Cc1nc(-c2ccccc2)sc1CNc1ncnc2[nH]ncc21,0
ZINC66855057,ChEMBL_zinc_D_4860,CCCOc1ccc(OCC(=O)N2CCC(N(CC)S(C)(=O)=O)CC2)cc1,0
ZINC67828781,ChEMBL_zinc_D_4861,Cc1ccc(C(=O)N2CC(C)OC(c3ccccc3)C2)n1C,0
ZINC67869946,ChEMBL_zinc_D_4862,CCC(C)C(C(=O)Nc1ccc(NC(=O)CC[NH+](C)C)cc1)c1ccccc1,0
ZINC02868511,ChEMBL_zinc_D_4863,O=C(Oc1ccccc1)c1ccc(S(=O)(=O)N2CCCCC2)cc1,0
ZINC53128411,ChEMBL_zinc_D_4864,CCn1c(CNC(=O)c2cc3sc(N(C)C)nc3s2)nc2ccccc21,0
ZINC66412498,ChEMBL_zinc_D_4865,COc1cccc(CC(=O)N2CCc3ccc(NC(=O)CC4C=CCC4)cc32)c1,0
ZINC66429331,ChEMBL_zinc_D_4866,COc1ccc(COCCCNC(=O)Cc2cn3cccc(C)c3n2)cc1,0
ZINC37427200,ChEMBL_zinc_D_4867,CCOC(=O)C(c1cccc(OC)c1)C1C=CC(NC(=O)c2cccc3ccccc32)C1,0
ZINC04268643,ChEMBL_zinc_D_4868,COC(=O)C(C)n1cnc2c(cnn2-c2ccc(C)cc2)c1=O,0
ZINC72120248,ChEMBL_zinc_D_4869,CC(Nc1cccc(CO)c1)C(=O)Nc1ccc(N2CCOCC2)cc1,0
ZINC07338557,ChEMBL_zinc_D_4870,Cc1ccc2nc(COC(=O)C(C)C)cc(=O)n2c1,0
ZINC14182033,ChEMBL_zinc_D_4871,CN(CC(=O)Nc1ccc(F)c(F)c1F)C(=O)CSc1cc(F)ccc1F,0
ZINC14603541,ChEMBL_zinc_D_4872,COc1ccccc1CCNC(=O)Cc1ccc2ccccc2c1,0
ZINC00618865,ChEMBL_zinc_D_4873,Cc1cc(C)c(S(=O)(=O)Nc2ccc(Cl)cc2)cc1C,0
ZINC01725864,ChEMBL_zinc_D_4874,COc1ccc2c(c1)CN(S(=O)(=O)c1ccc(C)cc1)CCC2=O,0
ZINC57406308,ChEMBL_zinc_D_4875,CC(C(=O)Nc1ccc(Br)cc1)N1CCN(c2ncccn2)CC1,0
ZINC02914710,ChEMBL_zinc_D_4876,CSc1ccc(C2CC(c3ccc(Cl)cc3)=Nc3nnnn32)cc1,0
ZINC05993663,ChEMBL_zinc_D_4877,CC(Sc1nnc(C(F)(F)F)n1N)c1ccccc1Cl,0
ZINC60818189,ChEMBL_zinc_D_4878,COc1ccccc1CNCC(c1ccc(F)cc1)N1CCOCC1,0
ZINC67973269,ChEMBL_zinc_D_4879,Cc1ccc(CNC(=O)Cc2c[nH]c3cc(Cl)ccc23)s1,0
ZINC67979500,ChEMBL_zinc_D_4880,Cc1nn(C)c(C)c1C[NH2+]Cc1cccc(C(=O)NCC2CCCO2)c1,0
ZINC11904257,ChEMBL_zinc_D_4881,CC(=O)Nc1nc(-c2ccc3c(c2)N(C)C(=O)CO3)cs1,0
ZINC11911514,ChEMBL_zinc_D_4882,COc1ccc(C[NH+]2CCC3(CC2)c2ccccc2C(NC(=O)c2cccs2)C3OC)c(F)c1,0
ZINC57448494,ChEMBL_zinc_D_4883,COC(=O)N1CCC(NC(=O)c2cccc(NC(=O)C3CC3C)c2)CC1,0
ZINC66359003,ChEMBL_zinc_D_4884,CN(Cc1ccc2c(c1)OCO2)C(=O)NCc1ccc(C(=O)NC2CC2)cc1,0
ZINC35554679,ChEMBL_zinc_D_4885,CCc1nc(-c2cc(NC(=O)CNC(=O)c3ccccc3)c(C)s2)no1,0
ZINC14609091,ChEMBL_zinc_D_4886,CC(C)(C)c1ccc(-c2nc3nc(CN4CCN(c5ccccc5)CC4)cc(=O)n3[n-]2)cc1,0
ZINC17056249,ChEMBL_zinc_D_4887,CCOc1ccc(NS(=O)(=O)c2cc(C(=O)NC(C)C(C)C)ccc2Cl)cc1,0
ZINC17305754,ChEMBL_zinc_D_4888,CC(c1ccc(-n2cncn2)cc1)[NH+](C)CC(=O)NCc1ccc2c(c1)OCO2,0
ZINC72124199,ChEMBL_zinc_D_4889,CC(=O)NC1CCN(c2nc(C3CCCC3)nc3c2cnn3C)C1,0
ZINC07435759,ChEMBL_zinc_D_4890,CCOc1ccc(NC(=O)C2Cc3ccccc3O2)cc1OC,0
ZINC62266205,ChEMBL_zinc_D_4891,CN(CC(=O)Nc1nnc(C2CC2)s1)c1ccc(C#N)cn1,0
ZINC63384226,ChEMBL_zinc_D_4892,CN1CCC2=c3ccccc3=[NH+]C2C1CC(=O)CC1C2[NH+]=c3ccccc3=C2CCN1C,0
ZINC12543361,ChEMBL_zinc_D_4893,Cc1oc(NC(=O)CN(C)c2ccccc2)c2c1c(C)n[nH]c2=O,0
ZINC13455507,ChEMBL_zinc_D_4894,COc1ccc(C[NH+]2CCC3(CCCc4ccccc43)CC2)cc1,0
ZINC07982338,ChEMBL_zinc_D_4895,Cc1oc2nc[nH]c(=O)c2c1C(=O)Nc1ccc(Oc2ccccc2)cc1,0
ZINC08165359,ChEMBL_zinc_D_4896,Cc1ccc(OCCC(=O)Nc2cccc(CO)c2)cc1,0
ZINC62931152,ChEMBL_zinc_D_4897,COc1ccc(CNC(=O)c2cc(S(N)(=O)=O)c(C)cc2C)cc1,0
ZINC02099413,ChEMBL_zinc_D_4898,C=CCOC(=O)COc1ccc2c(c1)occ(-c1ccc(OC)cc1)c2=O,0
ZINC66473370,ChEMBL_zinc_D_4899,CCCCNC(=O)C1CCC(C)[NH+](Cc2cc(C)no2)C1,0
ZINC66562664,ChEMBL_zinc_D_4900,c1cc(C[NH+]2CCCC2c2ccc3c(c2)OCCO3)on1,0
ZINC64908648,ChEMBL_zinc_D_4901,CNC(=O)c1cccc(OC(=O)c2cccnc2S(=O)(=O)C(F)(F)F)c1,0
ZINC64988495,ChEMBL_zinc_D_4902,CCOc1ccc(NC(=O)C2CCN(S(C)(=O)=O)c3cc(C)ccc3O2)cc1,0
ZINC68134094,ChEMBL_zinc_D_4903,COCc1cccc(C(=O)N2CCCC2C[NH+]2CCCCC2)c1,0
ZINC68165313,ChEMBL_zinc_D_4904,CC[NH+](CC)Cc1ccc(C(=O)NC2CCOc3ccc(F)cc32)cc1,0
ZINC56133502,ChEMBL_zinc_D_4905,CCCOc1ccc(NC(=O)c2cc(=O)c3ccccc3[nH]2)c(C)c1,0
ZINC56189438,ChEMBL_zinc_D_4906,CCOc1ccc(-c2noc(CCC(=O)NCCC(=O)NCCOC)n2)cc1,0
ZINC07538644,ChEMBL_zinc_D_4907,COc1ccc(C[NH2+]Cc2ccc(-c3cccc(Cl)c3)o2)cc1,0
ZINC07643320,ChEMBL_zinc_D_4908,CC(=O)NC(C)CCc1ccc(-c2csc(CC(=O)Nc3ccc(C)cc3)n2)cc1,0
ZINC68681114,ChEMBL_zinc_D_4909,O=C(CSc1nnc(-c2ccc(Cl)cc2)o1)Oc1cccc(F)c1F,0
ZINC68687787,ChEMBL_zinc_D_4910,CC(NS(=O)(=O)c1ccc(C(N)=O)cc1)c1ccc(N2CCCC2=O)cc1,0
ZINC44532510,ChEMBL_zinc_D_4911,C[NH+]1CCCC(CNCc2sc3ccccc3c2Cl)C1,0
ZINC44743612,ChEMBL_zinc_D_4912,CCc1nnc(C[NH+]2CCN(CC(=O)NC(C)CC)CC2)o1,0
ZINC58324663,ChEMBL_zinc_D_4913,CC(=CC(=O)NCCCC(N)=O)c1ccc(C(F)(F)F)cc1,0
ZINC64642265,ChEMBL_zinc_D_4914,COc1ccc(Br)cc1CNC(=O)N(C)Cc1cnc(C)s1,0
ZINC00832976,ChEMBL_zinc_D_4915,COc1cc(C=c2sc3nc4ccccc4n3c2=O)ccc1OCC(=O)[O-],0
ZINC08862201,ChEMBL_zinc_D_4916,O=C(COC(=O)c1ccccn1)Nc1sc2c(c1C(=O)Nc1ccc(Cl)cc1)CCCC2,0
ZINC40157951,ChEMBL_zinc_D_4917,COc1ccccc1CNC(=O)c1cccc(C[NH+]2CCCC2)c1,0
ZINC40288296,ChEMBL_zinc_D_4918,OCCN=c1c(O)c(O)c1=NCc1ccccc1,0
ZINC60505715,ChEMBL_zinc_D_4919,O=C(OCc1nnc(-c2ccccc2Cl)o1)c1ccc(Br)o1,0
ZINC60518674,ChEMBL_zinc_D_4920,COc1cccc(OC(=O)CCc2ccccc2F)c1,0
ZINC00211482,ChEMBL_zinc_D_4921,Cc1nn(-c2nc3ccccc3s2)c(N)c1-c1ccccc1,0
ZINC00291264,ChEMBL_zinc_D_4922,Cc1cccnc1NC(=O)Nc1ccccc1,0
ZINC68674590,ChEMBL_zinc_D_4923,COCCCCCNC(=O)C(C)c1ccc2c(c1)OCCO2,0
ZINC68697570,ChEMBL_zinc_D_4924,CCc1cc(=O)[nH]c(-c2ccc(NC(C)c3oc4ccc(F)cc4c3C)nc2)n1,0
ZINC49023707,ChEMBL_zinc_D_4925,CC(NC(=O)Nc1nnc(C(F)F)s1)c1cccnc1,0
ZINC57719439,ChEMBL_zinc_D_4926,OC(Cc1ccc(Br)cc1)C[NH+]1CCCC2(C1)Nc1ccccc1-n1cccc12,0
ZINC45083619,ChEMBL_zinc_D_4927,COC(=O)c1ccc(OC(=O)CNC(=O)NC2CC2)c(OC)c1,0
ZINC45836118,ChEMBL_zinc_D_4928,CN(CC(=O)NCc1ccoc1)C(=O)c1ccco1,0
ZINC05833591,ChEMBL_zinc_D_4929,Cc1ccc(C)c(C2NC(=O)NC(C)=C2C(=O)Nc2ccc(Br)cc2)c1,0
ZINC57997108,ChEMBL_zinc_D_4930,Cc1cccc2c(=O)n(CC(=O)N(C(C)c3cccc(C(F)(F)F)c3)C3CC3)cnc12,0
ZINC57984433,ChEMBL_zinc_D_4931,O=C(Nc1cccc(N2CCOC2=O)c1)N1CCCC1CC1CCCCC1,0
ZINC58101105,ChEMBL_zinc_D_4932,Cn1cnnc1C1CCCN(C(=O)C2CCCN(C(=O)c3cccs3)C2)C1,0
ZINC66215917,ChEMBL_zinc_D_4933,CCOc1cccc(NC(=O)C[NH+](C)C2CCCCC2)c1,0
ZINC66318318,ChEMBL_zinc_D_4934,O=C(Nc1ccc(OCC2CCCO2)cc1)c1ccc(OCC2CC2)nc1,0
ZINC00666390,ChEMBL_zinc_D_4935,CCOc1ccccc1C1NC(=O)NC(C)=C1C(=O)OCc1ccco1,0
ZINC00385736,ChEMBL_zinc_D_4936,COc1cnn(Cc2ccccc2)c(=O)c1SCc1ccccc1,0
ZINC68358213,ChEMBL_zinc_D_4937,COc1ccccc1C(C#N)NC(=O)c1csc(-c2ncccn2)n1,0
ZINC68382256,ChEMBL_zinc_D_4938,CCC(C)C(=O)NC(Cc1ccccc1)c1nc2ccccc2[nH]1,0
ZINC09534466,ChEMBL_zinc_D_4939,O=C(NCC(c1ccco1)[NH+]1CCCC1)c1cc(Cl)c2c(c1)OCCO2,0
ZINC09545847,ChEMBL_zinc_D_4940,O=C(CSc1nnc(-c2ccccc2)n1-c1ccccc1)Nc1ccc(N2CCOCC2)cc1,0
ZINC68181369,ChEMBL_zinc_D_4941,O=C(CN1CCCNC1=O)NC(c1ccccc1)c1ccc(Cl)c(Cl)c1,0
ZINC68201258,ChEMBL_zinc_D_4942,Cc1cc(C)cc(OCC(=O)NC2CCN(c3ccccc3)C2=O)c1,0
ZINC14651895,ChEMBL_zinc_D_4943,CCCOc1ccc(Br)cc1C(=O)N(CCC)CCC,0
ZINC14732894,ChEMBL_zinc_D_4944,O=C(c1ccccn1)N1CC(=O)N(C2CCCCC2)CC(OCc2ccccc2)C1,0
ZINC66694718,ChEMBL_zinc_D_4945,O=C(c1ccco1)N1CCC(C(=O)N2CCOC(c3cccc(F)c3)C2)CC1,0
ZINC66797892,ChEMBL_zinc_D_4946,COc1cccc(CC(NC(C)=O)C(=O)Nc2ccc(NC(=O)C3CC3)nc2)c1,0
ZINC09585132,ChEMBL_zinc_D_4947,O=C(NCC[NH+]1CCN(C(=O)c2ccccc2Cl)CC1)C1CC(=O)N(c2ccccc2)C1,0
ZINC09469666,ChEMBL_zinc_D_4948,CC(=O)c1ccc(N2CCN(C(=O)CNC(=O)c3ccc(Br)o3)CC2)cc1,0
ZINC69450948,ChEMBL_zinc_D_4949,O=C(c1ccccc1)N1CCN(S(=O)(=O)C2=Cc3ccccc3CC2)CC1,0
ZINC69534357,ChEMBL_zinc_D_4950,CCCn1c(SCc2occc2C(=O)OCC)nnc1-c1ccncc1,0
ZINC68825523,ChEMBL_zinc_D_4951,COc1ccc(CCC(=O)N2CCN(C(=O)c3ccc(C)cc3O)CC2)cc1,0
ZINC68857911,ChEMBL_zinc_D_4952,O=C(NCc1cccc2cccnc21)Nc1ccc(S(=O)(=O)C(F)F)cc1,0
ZINC66891855,ChEMBL_zinc_D_4953,CC(Cc1ccc(F)cc1)NC(=O)NCc1cccnc1N1CC[NH+](C)CC1,0
ZINC66900930,ChEMBL_zinc_D_4954,COC(=O)c1ccc(F)cc1S(=O)(=O)N(C)CC1COc2ccccc2O1,0
ZINC68831384,ChEMBL_zinc_D_4955,CC(C)(C)NC(=O)C[NH+](CCCO)Cc1ccc(Cl)c(Cl)c1,0
ZINC68845907,ChEMBL_zinc_D_4956,N#Cc1ccc(OCC(O)C[NH+]2CCc3ccccc3C2)cc1,0
ZINC42379444,ChEMBL_zinc_D_4957,CCc1ccc2nc(NCC3CCCO3)sc2c1,0
ZINC44139411,ChEMBL_zinc_D_4958,CC(C)c1cc(C(C)C)c(S(N)=O)c(C(C)C)c1,0
ZINC07494370,ChEMBL_zinc_D_4959,Cc1ccc2c(c1)CCCN2CC(=O)Nc1ccc(C(N)=O)cc1,0
ZINC08246108,ChEMBL_zinc_D_4960,Cc1ccc2nc(NC(=O)C3CC(=O)N(CCc4ccc(F)cc4)C3)sc2c1,0
ZINC58314906,ChEMBL_zinc_D_4961,COc1c(C[NH2+]CC(O)COc2ccc(F)cc2)c(C)nn1C,0
ZINC64456079,ChEMBL_zinc_D_4962,COc1ccc(C#N)cc1NC(=O)C1CC1c1ccc(F)cc1,0
ZINC19214611,ChEMBL_zinc_D_4963,Cc1ccc(-c2cnc3ccccc3n2)cc1NC(=O)CN1CC(C)OC(C)C1,0
ZINC19221706,ChEMBL_zinc_D_4964,Cc1ccc2c(CC(=O)N3CCCC(c4nnc(-c5cnccn5)o4)C3)coc2c1C,0
ZINC06679325,ChEMBL_zinc_D_4965,O=C(Cn1c2ccsc2c(=O)n(Cc2ccc(F)cc2)c1=O)NCC1CCCO1,0
ZINC68772289,ChEMBL_zinc_D_4966,COC(=O)c1sc2nc(C)nc(NCc3cn4c(cccc4C)[nH+]3)c2c1C,0
ZINC67904487,ChEMBL_zinc_D_4967,CC(C)C(C)CC(=O)NC1CCCc2[nH]c(=O)ccc21,0
ZINC67953159,ChEMBL_zinc_D_4968,CCC(c1nnc(SC(C(=O)N2CCOCC2)C(C)C)o1)c1ccccc1,0
ZINC68074557,ChEMBL_zinc_D_4969,CC(C)(C)c1nsc(NC(=O)COc2ccc3ccc(=O)oc3c2)n1,0
ZINC68121350,ChEMBL_zinc_D_4970,O=C(Cc1c[nH]c2cc(Cl)ccc12)NC1CCN(C(=O)c2ccncc2)CC1,0
ZINC46343859,ChEMBL_zinc_D_4971,CC1CN(Cc2ccccc2NC(=O)CCOc2ccccc2F)CC(C)O1,0
ZINC01122925,ChEMBL_zinc_D_4972,COc1ccccc1OCC(=O)Nc1cccc(C(=O)c2ccc(C)c(C)c2)c1,0
ZINC22113719,ChEMBL_zinc_D_4973,COc1ccccc1C1CN(C(=O)OC(C)(C)C)CCN1,0
ZINC22934646,ChEMBL_zinc_D_4974,COc1ccc(OCCCC(=O)NCCCN2CC[NH+](C)CC2)cc1,0
ZINC13618008,ChEMBL_zinc_D_4975,CCOC(=O)C1C(=O)CC(C)(O)C(C(=O)OCC)C1c1ccc(O)c(OCC)c1,0
ZINC13669946,ChEMBL_zinc_D_4976,CCS(=O)(=O)N(CC(=O)NCc1ccc(N2CCOCC2)cc1)c1ccc2c(c1)OCCO2,0
ZINC16043864,ChEMBL_zinc_D_4977,CC(OC(=O)c1ccc(OCC2CCCO2)cc1)C(=O)Nc1nc(-c2ccc(F)c(F)c2)cs1,0
ZINC03442384,ChEMBL_zinc_D_4978,Cc1cc(C(=O)Cn2c(=O)c(=O)n(Cc3ccccc3)c3ccc(Cl)cc32)c(C)n1C1CC1,0
ZINC67610772,ChEMBL_zinc_D_4979,CC1CC[NH+](CC(O)CNC(=O)NCCCOCC2CCCO2)CC1,0
ZINC68027935,ChEMBL_zinc_D_4980,Cc1nn(C)c2nc(C)cc(C(=O)N3CCCC(C(=O)NC4CCCCC4)C3)c12,0
ZINC01406646,ChEMBL_zinc_D_4981,COC(=O)c1ccc(NC(=O)c2ccc(Cl)c(Cl)c2)cc1OC,0
ZINC34682325,ChEMBL_zinc_D_4982,C=CCOCC(O)C[NH+]1CCCN(c2ccc(NC(=O)c3cc(F)cc(F)c3)cn2)CC1,0
ZINC28802326,ChEMBL_zinc_D_4983,C=CCNC(=O)COc1ccc(C(=O)c2ccc(Cl)cc2)cc1,0
ZINC03596898,ChEMBL_zinc_D_4984,O=C(COc1ncnc2c(Cl)cc(Cl)cc12)NCc1ccccc1,0
ZINC72035345,ChEMBL_zinc_D_4985,Cc1nn(C)c2nc(-c3ccccc3)cc(C(=O)N3CCCC3CN3CC(C)OC(C)C3)c12,0
ZINC72043128,ChEMBL_zinc_D_4986,CC1CCCC(C)N1C(=O)COc1ccc(C(=O)Nc2cccc(F)c2F)cc1,0
ZINC66332567,ChEMBL_zinc_D_4987,NC(=O)Cn1ccc(NC(=O)c2csc(-c3ccccc3Cl)n2)n1,0
ZINC66388858,ChEMBL_zinc_D_4988,CC(C)n1cc(NC(=O)c2cc(Cl)c3c(c2)OCCCO3)cn1,0
ZINC23577813,ChEMBL_zinc_D_4989,COc1ccc(F)cc1C(=O)OCC(=O)NCC1CCCO1,0
ZINC69430962,ChEMBL_zinc_D_4990,CC[NH+]1CCC(CNC(=O)NCCc2nc(-c3ccc(Cl)cc3)no2)CC1,0
ZINC01356359,ChEMBL_zinc_D_4991,Cc1ccc(-c2nnc(N(C)C(=O)c3ccncc3)s2)cc1,0
ZINC08392850,ChEMBL_zinc_D_4992,Cn1nc(NCCCc2ccccc2)c(=O)n(C)c1=O,0
ZINC33025017,ChEMBL_zinc_D_4993,COc1ccc(NC(=O)c2nnc(C(=O)N3CCC(CC(=O)NCC4CCCO4)CC3)s2)cc1,0
ZINC33262102,ChEMBL_zinc_D_4994,CC(C)CNC(=O)C1CCN(S(=O)(=O)c2ccc(-c3ccn[nH]3)o2)CC1,0
ZINC00456120,ChEMBL_zinc_D_4995,CCC(C(=O)N(C)Cc1ccccc1)c1ccccc1,0
ZINC44950073,ChEMBL_zinc_D_4996,CC(NC(=O)NCC(c1cccs1)[NH+]1CCCC1)c1ccncc1,0
ZINC47464446,ChEMBL_zinc_D_4997,CCCCNC(=O)CCCNS(=O)(=O)c1ccc(F)cc1,0
ZINC47502412,ChEMBL_zinc_D_4998,Cc1nn(CC(C)C)c(C)c1CCC(=O)Nc1cc(C(F)(F)F)c[nH]c1=O,0
ZINC68132405,ChEMBL_zinc_D_4999,CS(=O)(=O)[N-]c1cc(C(=O)N2CCCC2C[NH+]2CCCCC2)ccc1F,0
ZINC68209202,ChEMBL_zinc_D_5000,CCc1noc(C)c1C(=O)NC1CCCc2nc(-c3ccc(OC)cc3)sc21,0
ZINC48311047,ChEMBL_zinc_D_5001,CC(C)(C)c1cnc(CN(CC2CCCO2)CC2CCCO2)o1,0
ZINC57504871,ChEMBL_zinc_D_5002,CSc1nc2ccsc2c(=O)n1CC(=O)NC1CCCC1,0
ZINC69651740,ChEMBL_zinc_D_5003,CC(NC(=O)NC(C)C(O)c1ccc(Br)cc1)c1ccc(F)cc1,0
ZINC70005383,ChEMBL_zinc_D_5004,CCC(C)Oc1ccc(NC(=O)c2ccc(OCCO)cc2)cc1,0
ZINC68275636,ChEMBL_zinc_D_5005,CCCOc1ccc(CNC(=O)c2cc[nH]c2)cc1OC,0
ZINC57757718,ChEMBL_zinc_D_5006,COc1cc(NC(=O)C(c2ccccc2)N2CC[NH+](C)CC2)cc(OC)c1OC,0
ZINC67983535,ChEMBL_zinc_D_5007,CC(C)N(Cc1[nH+]ccn1C)C(=O)c1ccc(-n2ccnc2)cc1,0
ZINC68006934,ChEMBL_zinc_D_5008,C#CCN1CCCCC1C(=O)N1CCN(CC(=O)NCCC)CC1,0
ZINC45186367,ChEMBL_zinc_D_5009,CC[NH+]1CCCC1CNC(=O)CCNC(=O)c1ccc2ccccc2c1,0
ZINC45248697,ChEMBL_zinc_D_5010,Cc1ccsc1C(=O)N1CCn2cccc2C1c1ccccc1,0
ZINC68083063,ChEMBL_zinc_D_5011,COC(=O)C(C)CN(C)C(=O)c1cc2c([nH]1)c(OC)c(OC)cc2OC,0
ZINC68091452,ChEMBL_zinc_D_5012,CCOCc1ccccc1NC(=O)c1nc(C)n(-c2ccccc2)n1,0
ZINC66326976,ChEMBL_zinc_D_5013,O=C(c1cc(Br)ccc1F)N1CCN(c2ccc(O)cc2)CC1,0
ZINC66390762,ChEMBL_zinc_D_5014,CCC(C)Oc1ccc(NC(C(N)=O)c2ccccc2)cc1,0
ZINC64953014,ChEMBL_zinc_D_5015,Cc1cc(C)c(C[NH+]2CCC(CC(=O)N3CCCC3)CC2)c(C)c1,0
ZINC65014429,ChEMBL_zinc_D_5016,Cc1ccc(C(=O)NC2CCN(C(=O)COCC3CC3)CC2)o1,0
ZINC04384270,ChEMBL_zinc_D_5017,COc1ccc(OCC2CCC[NH2+]C2)cc1,0
ZINC38573123,ChEMBL_zinc_D_5018,O=C(NCCCN1CCOC(c2ccccc2)C1)NCc1cccc2ccccc21,0
ZINC04818602,ChEMBL_zinc_D_5019,O=C(N1CCCCC1)N1CC[NH+](C(c2ccccc2)c2ccccc2)CC1,0
ZINC19237822,ChEMBL_zinc_D_5020,Cc1cccnc1CN1CC(C(=O)NC(C)C)C(c2ccnc(N3CCCCC3)n2)C1,0
ZINC47971834,ChEMBL_zinc_D_5021,O=C(Cn1cnc2sccc2c1=O)NC1CCCCNC1=O,0
ZINC69416365,ChEMBL_zinc_D_5022,CC1CCCCC1N(C)C(=O)c1ccc(-c2ccncc2)[nH]c1=O,0
ZINC56212446,ChEMBL_zinc_D_5023,CC(C)Oc1ccc(C#N)cc1NC(=O)CCCc1nc2ccccc2s1,0
ZINC56560686,ChEMBL_zinc_D_5024,O=C(NCc1cccc(O)c1)Nc1ccc(S(=O)(=O)C(F)F)cc1,0
ZINC60842347,ChEMBL_zinc_D_5025,O=C(COc1ccccc1C[NH2+]CCOc1ccc(Cl)cc1)N1CCCC1,0
ZINC00891895,ChEMBL_zinc_D_5026,O=S(=O)(NC1c2cccc3cccc(c23)C1Sc1ccccn1)c1ccccc1,0
ZINC68503455,ChEMBL_zinc_D_5027,C[NH+](C)C1CCN(C(C)(C)CNC(=O)C2(c3cccc(F)c3)CCC2)CC1,0
ZINC57912255,ChEMBL_zinc_D_5028,CC(C)(C)OC(=O)N1CCC(NC(=O)C(c2ccccc2)N2CCCC2)CC1,0
ZINC25211037,ChEMBL_zinc_D_5029,CCc1ccc(C(=O)Nc2cccc(Oc3cnccn3)c2)o1,0
ZINC23699763,ChEMBL_zinc_D_5030,NC(=O)C1CC[NH+](Cc2cn(-c3ccccc3)nc2-c2ccc(Cl)cc2)CC1,0
ZINC65021267,ChEMBL_zinc_D_5031,Cc1ccc(NS(=O)(=O)c2ccc3c(c2)C(C)(C)CN3C(=O)C2CC2)cc1C,0
ZINC65034262,ChEMBL_zinc_D_5032,CCOC(=O)COc1cc(-c2ccc(F)cc2)nc2ccc(NC(C)=O)cc21,0
ZINC02639438,ChEMBL_zinc_D_5033,CC(CCc1ccccc1)NC(=O)COc1ccccc1Cl,0
ZINC58179092,ChEMBL_zinc_D_5034,CC(=O)N(C)c1ccc(NC(=O)c2cc(C3CC3)nc3c2c(C)nn3C)cc1,0
ZINC13509274,ChEMBL_zinc_D_5035,COCCNC(=O)C(c1ccncc1)N(C(=O)Cn1nnc2ccccc21)c1ccc(C)cc1,0
ZINC13692649,ChEMBL_zinc_D_5036,CCOc1ccc(N2C(=O)CCS2(=O)=O)cc1S(=O)(=O)NCCc1cc(OC)ccc1OC,0
ZINC03350922,ChEMBL_zinc_D_5037,O=C(CSc1nc(-c2cccs2)n[nH]1)c1c[nH]c2ccccc21,0
ZINC13031284,ChEMBL_zinc_D_5038,Cc1nn(-c2ccccc2)c(C)c1NC(=O)CN1CCN(S(=O)(=O)c2c(C)cc(C)cc2C)CC1,0
ZINC28192985,ChEMBL_zinc_D_5039,CC(C(=O)Nc1cc(Cl)ccc1Cl)n1cccn1,0
ZINC71956530,ChEMBL_zinc_D_5040,CSc1nnc(CCCNC(=O)C2CCCN(c3cnccn3)C2)n1CC(C)C,0
ZINC09631667,ChEMBL_zinc_D_5041,O=C(CSc1nnc2c(Cl)cc(C(F)(F)F)cn12)Nc1ccc(F)cc1Cl,0
ZINC09687360,ChEMBL_zinc_D_5042,Cc1cc(C)c2c(-n3cccc3)nn(CC(=O)NCCc3ccco3)c2n1,0
ZINC67923793,ChEMBL_zinc_D_5043,COC(=O)N1CCCC(NC(=O)COc2ccccc2OCC(F)(F)F)C1,0
ZINC67933066,ChEMBL_zinc_D_5044,Cc1ccc(C(=O)NCc2cccc(C(=O)NCC3CCCO3)c2)c(C)c1,0
ZINC68019875,ChEMBL_zinc_D_5045,CCC(C)NC(=O)C(C)NC(=O)C(NC(C)=O)C1CCCC1,0
ZINC06702702,ChEMBL_zinc_D_5046,O=C(NCc1ccco1)c1ccccc1NC(=O)C1CCCCC1,0
ZINC25575821,ChEMBL_zinc_D_5047,CC(Cc1ccco1)Nc1ncnc2c1cnn2C,0
ZINC26850477,ChEMBL_zinc_D_5048,COC(=O)Cc1ccc(NC(=O)Cn2cccc(C(F)(F)F)c2=O)cc1,0
ZINC46935670,ChEMBL_zinc_D_5049,CC(C)[NH+](C)Cc1ccccc1CNC(=O)c1ccc(CN2CCCC2=O)cc1,0
ZINC47473248,ChEMBL_zinc_D_5050,Cc1c(C(C)NC(=O)CNC(=O)c2ccc(F)cc2)cnn1-c1ccc(F)cc1,0
ZINC66178306,ChEMBL_zinc_D_5051,CC(C)N(Cc1ccc(C#N)cc1)C(=O)NCC(C)N1CCOCC1,0
ZINC66367805,ChEMBL_zinc_D_5052,CCC(NC(=O)N1CCC[NH+](Cc2ccc(C#N)cc2)CC1)C(C)C,0
ZINC67576183,ChEMBL_zinc_D_5053,CC(=O)Nc1ccc(NC(=O)N2CCC(C#N)CC2)c(Cl)c1,0
ZINC67606120,ChEMBL_zinc_D_5054,CCOC1CCCN(C(=O)NCC2(c3ccc(Cl)cc3)CCOCC2)C1,0
ZINC34731808,ChEMBL_zinc_D_5055,CCC1=C(C)Cc2sc3c(c21)c(=O)n(CC(=O)N(CC)CC)c(=O)n3Cc1ccccc1Cl,0
ZINC22928856,ChEMBL_zinc_D_5056,Cc1cc(C)cc(N(CCC#N)C(=O)CN2CC[NH+](Cc3nc(-c4ccc(Cl)cc4)no3)CC2)c1,0
ZINC56786378,ChEMBL_zinc_D_5057,CC1CCCCC1NC(=O)Nc1ccc(-c2csnn2)cc1,0
ZINC22926666,ChEMBL_zinc_D_5058,Cc1nn(Cc2ccc(C)cc2)c(C)c1C[NH2+]CC(c1ccco1)N(C)C,0
ZINC72157536,ChEMBL_zinc_D_5059,COc1nccnc1N1CCC2(CC(C(=O)[O-])[NH+](C)C2)CC1,0
ZINC07556277,ChEMBL_zinc_D_5060,CC(C)N(C(=O)COC(=O)Cc1ccc2c(c1)OCCO2)c1ccccc1,0
ZINC07616188,ChEMBL_zinc_D_5061,Cc1cc(C)c(S(=O)(=O)N2CCN(C(=O)N3CCC(C)CC3)CC2)c(C)c1,0
ZINC08476836,ChEMBL_zinc_D_5062,CCCNC(=O)c1nc(-c2ccccc2)n(-c2ccc(Cl)cc2)n1,0
ZINC67704630,ChEMBL_zinc_D_5063,CCC(C)N(C)C(=O)NCC(c1ccc(C)cc1)[NH+](C)C,0
ZINC67814038,ChEMBL_zinc_D_5064,CC(C)CC(C)CC(=O)N1CCC(NC(=O)C(C)C)CC1,0
ZINC01705605,ChEMBL_zinc_D_5065,CCCCNC(=O)c1ccccc1-c1ccccc1C(=O)NCCCC,0
ZINC05008382,ChEMBL_zinc_D_5066,Cc1cc(C)cc(NC(=O)c2ccccc2N)c1,0
ZINC68143659,ChEMBL_zinc_D_5067,O=C(COc1ccccc1F)N1CCCC1C(=O)OCc1ccccc1,0
ZINC68168685,ChEMBL_zinc_D_5068,Cc1ccc(C(=O)CCC(=O)NCC2(c3ccc(C)cc3)CCOCC2)s1,0
ZINC48859951,ChEMBL_zinc_D_5069,COc1ccc(OC)c(C(=O)Oc2ccc(OCc3ccncc3)cc2)c1,0
ZINC48875194,ChEMBL_zinc_D_5070,CC(Sc1nccs1)C(=O)NCc1ccc(F)cc1,0
ZINC56927449,ChEMBL_zinc_D_5071,CN(Cc1ccccc1)C(=O)CNC(=O)N1CCC(C(O)c2ccccc2)CC1,0
ZINC56936925,ChEMBL_zinc_D_5072,Cc1n[nH]c(C)c1N1CCN(C(=O)Nc2ccc(C)cc2)CC1,0
ZINC56891255,ChEMBL_zinc_D_5073,C[NH+](C)CCOc1cccc(CNC(=O)CCNc2ncccn2)c1,0
ZINC56905491,ChEMBL_zinc_D_5074,Cc1cc(-c2nnc(NC(=O)c3cc4c(ccc5ccccc54)oc3=O)o2)c(C)o1,0
ZINC08776354,ChEMBL_zinc_D_5075,Cc1ccsc1C(=O)NCc1c(C)cc(C)[nH]c1=O,0
ZINC28638053,ChEMBL_zinc_D_5076,COCC(C)NC(=O)c1ccc(S(=O)(=O)Nc2ccc(C)c(C)c2)cc1,0
ZINC13792822,ChEMBL_zinc_D_5077,CCOC(=O)N1CCc2c(sc(NC(=O)C3CCCCN3S(C)(=O)=O)c2C(=O)OC)C1,0
ZINC14235789,ChEMBL_zinc_D_5078,CC1CCc2c(sc3nc(SC4CCOC4=O)n(C4CCCC4)c(=O)c23)C1,0
ZINC00035369,ChEMBL_zinc_D_5079,C[NH+]1CCN(C(=O)c2ccc(Cl)cc2Cl)CC1,0
ZINC68410462,ChEMBL_zinc_D_5080,CC(C)C(C[NH2+]Cc1ccc(OCc2ncon2)cc1)[NH+]1CCCCCC1,0
ZINC58066922,ChEMBL_zinc_D_5081,COc1ccc(NC(=O)C2CCCN2C(=O)Nc2cccc(Cn3cccnc3=O)c2)cc1,0
ZINC58141740,ChEMBL_zinc_D_5082,O=C(NCc1cccc(NC(=O)C2CCCO2)c1)NCc1ccccc1F,0
ZINC66704790,ChEMBL_zinc_D_5083,CCCC[NH+]1CCCCC1CNC(=O)NCC(O)COCc1ccccc1,0
ZINC66931077,ChEMBL_zinc_D_5084,CCN(C)C(=O)c1cccc(C(=O)NCC2(O)CCCc3ccccc32)c1,0
ZINC03055146,ChEMBL_zinc_D_5085,O=C([O-])c1ccccc1C(=O)Nc1ccc(OCc2ccccc2)cc1,0
ZINC08485568,ChEMBL_zinc_D_5086,CN(c1ccccc1)S(=O)(=O)c1cc(Cl)cc(Cl)c1,0
ZINC63465597,ChEMBL_zinc_D_5087,CNS(=O)(=O)Cc1ccc(CNC(=O)C[NH+](C)C(C)C)cc1,0
ZINC63472496,ChEMBL_zinc_D_5088,COCCOc1ccccc1NCC(=O)Nc1ccccc1Br,0
ZINC66392911,ChEMBL_zinc_D_5089,COc1ccc(C2(C[NH2+]C(C)C(=O)N3CCCC3)CCOCC2)cc1,0
ZINC66441481,ChEMBL_zinc_D_5090,Cc1ccc(NC(=O)C2CC(=O)N(c3cccc(Cl)c3)C2)cc1C(N)=O,0
ZINC48627663,ChEMBL_zinc_D_5091,COC(C)C(=O)Nc1nc(-c2ccc(C)cc2)cs1,0
ZINC48673992,ChEMBL_zinc_D_5092,CCC(NS(=O)(=O)c1ccc(C)cc1)c1cccs1,0
ZINC52928812,ChEMBL_zinc_D_5093,Cc1cccc(C2(C(=O)Oc3ccc(C#N)cc3)CC2)c1,0
ZINC53189404,ChEMBL_zinc_D_5094,COCCn1c2ccccc2nc1SCC(=O)NCCc1ccsc1,0
ZINC33254569,ChEMBL_zinc_D_5095,Cc1ccc(S(=O)(=O)N2CCC(CC(=O)NCC[NH+]3CCCCC3C)CC2)cc1,0
ZINC33275169,ChEMBL_zinc_D_5096,Cc1ccc(NC(=O)C2CCN(S(=O)(=O)c3cc(C(=O)N4CCCCC4)n(C)c3)CC2)c(C)c1,0
ZINC09257889,ChEMBL_zinc_D_5097,CCOc1ccc(S(=O)(=O)N2CCOCC2)cc1NC(=O)C[NH+]1CCCC1c1cccs1,0
ZINC09276397,ChEMBL_zinc_D_5098,CC1Cc2nc(SCC(=O)Nc3ccc(F)cc3F)n(CCc3ccccc3)c(=O)c2S1,0
ZINC56227787,ChEMBL_zinc_D_5099,CCN1C(=O)c2ccc(C(=O)N(C)c3ccc(F)c(F)c3)cc2S1(=O)=O,0
ZINC56574047,ChEMBL_zinc_D_5100,CCN(C(=O)Nc1cc(NC(C)=O)ccc1OC)C(C)c1cc2ccccc2o1,0
ZINC67960481,ChEMBL_zinc_D_5101,CCOc1ccc(C(F)(F)F)cc1NCC(=O)NC(C)C1CC1,0
ZINC67967826,ChEMBL_zinc_D_5102,CCc1ccc(C(C)C(=O)N2CCN(S(=O)(=O)N(CC)CC)CC2)cc1,0
ZINC00523595,ChEMBL_zinc_D_5103,Clc1cccc(-c2nn3c(nnc3-c3ccco3)s2)c1,0
ZINC40388291,ChEMBL_zinc_D_5104,O=c1c2nnc3c(-c4ccccc4)cnn3c2ccn1Cc1ccccn1,0
ZINC69695468,ChEMBL_zinc_D_5105,CC(NC(=O)Nc1cc(C(C)(C)C)on1)C(=O)NCc1ccco1,0
ZINC69766494,ChEMBL_zinc_D_5106,CCc1noc(CN(C)C(=O)NC2CC(C)CCC2C(C)C)n1,0
ZINC42373034,ChEMBL_zinc_D_5107,COC(=O)C(C)NC(=O)C1CCCN1C(=O)C(C)(C)C,0
ZINC19744562,ChEMBL_zinc_D_5108,CCCc1cc(C(=O)NC2CCC[NH+](C3CCN(C)CC3)C2)n[nH]1,0
ZINC14784233,ChEMBL_zinc_D_5109,COCCOC(=O)CCC(=O)Nc1ccccc1OCc1ccccc1,0
ZINC14835819,ChEMBL_zinc_D_5110,CCC(C)NC(=O)c1cccc(NC(=O)C(C)Oc2ccc(C)cc2)c1,0
ZINC72049710,ChEMBL_zinc_D_5111,CC1CN(c2ccc(NC(=O)COc3cccc(C#N)c3)cc2)CC(C)O1,0
ZINC72056035,ChEMBL_zinc_D_5112,Cc1cccc(CCNC(=O)C(C)Oc2cccc(Cl)c2Cl)c1,0
ZINC68866545,ChEMBL_zinc_D_5113,COC(C)C(=O)Nc1cccc(NC(=O)N2CCCC(C)CC2)c1,0
ZINC68910654,ChEMBL_zinc_D_5114,COc1ccc(Cl)cc1N1CCC(NS(=O)(=O)Cc2cccc(F)c2)C1,0
ZINC66717094,ChEMBL_zinc_D_5115,CCCC(=O)NC1CCCN(C(=O)NC(C)Cc2ccc(C)cc2C)C1,0
ZINC66725534,ChEMBL_zinc_D_5116,CCOc1cc(C(=O)NCCCc2nc(C)no2)ccc1OC,0
ZINC04717714,ChEMBL_zinc_D_5117,O=C(NCCOCc1ccc(Cl)cc1)NC12CC3CC(CC(C3)C1)C2,0
ZINC45342714,ChEMBL_zinc_D_5118,Cc1nc(CNC(=O)N2CCN(C(=O)C3CCCC3)CC2)cs1,0
ZINC08755901,ChEMBL_zinc_D_5119,CCc1cccc(C)c1NC(=O)Cc1c(F)c(F)c(F)c(F)c1F,0
ZINC08870451,ChEMBL_zinc_D_5120,CC(=O)c1c(C)oc2c1cc(NS(=O)(=O)c1ccc3c4c(cccc41)C(=O)N3C)c1ccccc21,0
ZINC38741237,ChEMBL_zinc_D_5121,CCOC(=O)C1=C(C)C(C(=O)OCC(=O)Nc2ccnn2C(C)C)=NC1C,0
ZINC64566621,ChEMBL_zinc_D_5122,Cc1ccc(-c2nnc(-c3nn(C)c4c3CN(S(=O)(=O)c3ccc(F)c(Cl)c3)CC4)o2)cc1,0
ZINC47322401,ChEMBL_zinc_D_5123,CNC(=O)CCNC(=O)Nc1ccc(C)cc1C,0
ZINC47562537,ChEMBL_zinc_D_5124,CCNC(=O)c1ccc(NC(=O)N(C)C(C)c2ccc(C)cc2)cc1,0
ZINC14853023,ChEMBL_zinc_D_5125,CC(OC(=O)c1cccnc1Oc1ccccc1)C(=O)c1ccc(F)c(F)c1,0
ZINC15436889,ChEMBL_zinc_D_5126,Cc1ccc(S(=O)(=O)NC(CC(C)C)C(=O)Nc2cccc(S(=O)(=O)N3CCCC3)c2)cc1,0
ZINC63262362,ChEMBL_zinc_D_5127,CCOC(=O)C1CCN(C(=O)CCc2nc3sc(C)c(C)c3c(=O)[nH]2)CC1,0
ZINC03409825,ChEMBL_zinc_D_5128,CC(=O)c1cccc(S(=O)(=O)N2CCC(C(=O)Oc3ccc(-c4nnco4)cc3)CC2)c1,0
ZINC04914736,ChEMBL_zinc_D_5129,CCOC(=O)N1CCC(N2C(=O)c3ccccc3C2Nc2ccc(C)cc2C)CC1,0
ZINC05018361,ChEMBL_zinc_D_5130,COC(=O)C1=C(CSc2nnc(C)s2)NC(=O)NC1c1ccccc1Cl,0
ZINC04585736,ChEMBL_zinc_D_5131,CCS(=O)(=O)c1ccccc1C(=O)Nc1nc(-c2cccs2)cs1,0
ZINC03468485,ChEMBL_zinc_D_5132,CC(=O)c1ccccc1NC(=O)CSc1nnc(-c2ccc(Cl)cc2Cl)n1N,0
ZINC68529130,ChEMBL_zinc_D_5133,CCC(C)NC(=O)C(C)NC(=O)Nc1ccc2c(c1)OC(F)(F)O2,0
ZINC68655968,ChEMBL_zinc_D_5134,COc1ccccc1OCCC(=O)NC(C)c1ccc(N2CCCC2=O)cc1,0
ZINC67674026,ChEMBL_zinc_D_5135,CC(C)c1ccc(N2CCOc3c(O)cc(-c4cccnc4)cc3C2)nn1,0
ZINC67708951,ChEMBL_zinc_D_5136,O=C(Nc1ccc(SC2CCCC2)cc1)c1ccon1,0
ZINC65836075,ChEMBL_zinc_D_5137,CC(C)NC(=O)CN1CCN(C(=O)C(C)Oc2ccc(F)c(F)c2)CC1,0
ZINC56238118,ChEMBL_zinc_D_5138,CN(C)C(=O)Cc1ccccc1NC(=O)c1ccc(Cl)cc1,0
ZINC69245549,ChEMBL_zinc_D_5139,CC(C#N)CN(C)C(=O)NCC1CCCCN1C(=O)OC(C)(C)C,0
ZINC69382808,ChEMBL_zinc_D_5140,C[NH+](C)C(CNC(=O)NC1CCC[NH+](C2CCCCC2)C1)c1ccco1,0
ZINC35313252,ChEMBL_zinc_D_5141,COc1ccc(OC)c(C(=O)CSc2ncnc3c4cc5ccccc5nc4sc32)c1,0
ZINC35361668,ChEMBL_zinc_D_5142,Cc1ccc(C)c(NC(=O)C(c2ccccc2)N2CCN(C(=O)c3ccco3)CC2)c1,0
ZINC46382116,ChEMBL_zinc_D_5143,CC1CCC[NH+](CCNC(=O)N2CCCC2c2ccc3c(c2)OCCO3)C1,0
ZINC52806978,ChEMBL_zinc_D_5144,COc1ccc(NC(=O)c2cc(C(C)C)[nH]n2)cc1N1CCCC1=O,0
ZINC54850100,ChEMBL_zinc_D_5145,COc1ccc(CCC(=O)Nc2nccs2)c(OC)c1OC,0
ZINC03253456,ChEMBL_zinc_D_5146,CCCCn1c2ccc(S(N)(=O)=O)cc2nc1COc1cc(C)cc(C)c1,0
ZINC04563899,ChEMBL_zinc_D_5147,COc1cccc(-c2noc(CCC(=O)[O-])n2)c1,0
ZINC16400879,ChEMBL_zinc_D_5148,COc1ccccc1C(=O)n1nc(-c2ccccc2)nc1NCc1ccc(N(C)C)cc1,0
ZINC57823944,ChEMBL_zinc_D_5149,C=CC[NH+](CC=C)C(CNC(=O)NCCNC(=O)c1ccccc1F)C(C)C,0
ZINC63403672,ChEMBL_zinc_D_5150,COc1ccc(C(CNC(=O)CC(NC(C)=O)c2ccc(C)cc2)C2=c3ccccc3=[NH+]C2)cc1,0
ZINC63856284,ChEMBL_zinc_D_5151,O=C(CC1CCC(=O)N1)NCc1ccc2c(c1)=C1CCCCCC1[NH+]=2,0
ZINC63868745,ChEMBL_zinc_D_5152,O=S(=O)(Cc1csc(-c2ccccc2)n1)c1nccn1C1CC1,0
ZINC63802445,ChEMBL_zinc_D_5153,CC(=O)NCCCCCC(=O)N1CCC(C(=O)NCC(C)(C)C[NH+](C)C)CC1,0
ZINC64636365,ChEMBL_zinc_D_5154,CC1=c2cc(Cl)ccc2=[NH+]C1CN1CC[NH+](CC(C)C)C(CCO)C1,0
ZINC57718879,ChEMBL_zinc_D_5155,CC(C)NC(=O)CSc1ccccc1C(=O)NCC(C)[NH+](C)C1CC1,0
ZINC49930974,ChEMBL_zinc_D_5156,COc1ccc(CN(C)C(=O)c2ccccc2C(F)(F)F)cc1OC,0
ZINC05728720,ChEMBL_zinc_D_5157,CNc1nc2nc(C)cnc2c(=O)[nH]1,0
ZINC63523380,ChEMBL_zinc_D_5158,CC(C)(C)c1ncc(CNCc2ccccc2CO)s1,0
ZINC71948247,ChEMBL_zinc_D_5159,CC(NC(=O)NCC(C)(C)C)c1ccc(Cl)cc1Cl,0
ZINC72078974,ChEMBL_zinc_D_5160,Cc1ccc(OCCCNC(=O)NCCCO)cc1,0
ZINC69421612,ChEMBL_zinc_D_5161,Cc1noc(C2CCCN(C(=O)NC(C)c3ccc4c(c3)OCCCO4)C2)n1,0
ZINC58238951,ChEMBL_zinc_D_5162,CN(Cc1ccc(OCc2cccs2)cc1)C(=O)NCc1ccoc1,0
ZINC53760818,ChEMBL_zinc_D_5163,Cc1c2cc(F)ccc2sc1C(=O)Nc1cccc(C)n1,0
ZINC65063088,ChEMBL_zinc_D_5164,O=C(NC1CCCc2ccccc21)c1ccnc(-c2cccs2)c1,0
ZINC68145019,ChEMBL_zinc_D_5165,Cc1noc(C)c1C(=O)N1CCCc2cc(Cl)cc(F)c21,0
ZINC68186789,ChEMBL_zinc_D_5166,CC(=O)NCc1ccc(C(=O)N2CCCN(C(=O)C(C)C)CC2)s1,0
ZINC42161248,ChEMBL_zinc_D_5167,Cc1ccc2c(c1)CCCN2C(=O)C1CCN(C(N)=O)CC1,0
ZINC43702037,ChEMBL_zinc_D_5168,Cc1oc2cc(OC(=O)C3CC3)ccc2c(=O)c1-c1ccccc1Cl,0
ZINC33140160,ChEMBL_zinc_D_5169,Cc1cccc(CNC(=O)c2cccc(-c3cnc4ccccc4c3)c2)c1,0
ZINC33172629,ChEMBL_zinc_D_5170,O=C(CSc1ncnc2c3cc(F)ccc3[nH]c21)Nc1ccccc1,0
ZINC65871143,ChEMBL_zinc_D_5171,COc1ccc(NC(=O)CCNS(=O)(=O)c2cccs2)c2cccnc12,0
ZINC66073522,ChEMBL_zinc_D_5172,CCCCNC(=O)c1ccc(NCC(=O)Nc2ccc(OCC3CCCO3)cc2)cc1,0
ZINC68747090,ChEMBL_zinc_D_5173,CCN(CC(=O)NC(C)(C)C)C(=O)c1ccc(CSc2nc(C)cs2)cc1,0
ZINC68758693,ChEMBL_zinc_D_5174,COC(=O)C1CN(Cc2ccccc2F)c2ccccc2O1,0
ZINC41348228,ChEMBL_zinc_D_5175,CCn1cc(-c2nnc(SCc3ncc(-c4ccc(C)cc4)o3)n2CC)c(C)n1,0
ZINC41540323,ChEMBL_zinc_D_5176,Cc1cc(C)cc(OCCC(=O)C(C#N)c2nc3ccccc3o2)c1,0
ZINC23752335,ChEMBL_zinc_D_5177,O=C(COC(=O)CC1CCCCC1)NCC1(c2ccccc2)CCC1,0
ZINC58142704,ChEMBL_zinc_D_5178,CC(OC(=O)c1cccc(OC(F)F)c1)c1cnc2ccccc2c1,0
ZINC65861506,ChEMBL_zinc_D_5179,CN(C(=O)CCNC(=O)C1CCCC1)c1ccc(C(C)(C)C)cc1,0
ZINC65948111,ChEMBL_zinc_D_5180,Clc1cc(Cn2cc(-c3ccccc3)cn2)cc2c1OCO2,0
ZINC66105104,ChEMBL_zinc_D_5181,COc1nc(C)ccc1CNS(=O)(=O)c1ccc(S(N)(=O)=O)cc1,0
ZINC66110491,ChEMBL_zinc_D_5182,CC(C)Oc1cccc(NC(=O)CNc2ccc(CCC(=O)N(C)C)cc2)c1,0
ZINC13816309,ChEMBL_zinc_D_5183,COc1ccc(Cl)cc1NC(=O)[NH+]=c1cc(C)[nH]c2ccccc21,0
ZINC02745718,ChEMBL_zinc_D_5184,CCOc1ccc(C(=O)NCCNC(=O)c2ccc(OCC)cc2)cc1,0
ZINC08325162,ChEMBL_zinc_D_5185,O=C(CCC(=O)c1ccc(F)cc1)NC1CCSc2ccccc21,0
ZINC08484875,ChEMBL_zinc_D_5186,CCn1c(SC(C)C(=O)Nc2cccc3ccccc32)nnc1-c1cccs1,0
ZINC57884249,ChEMBL_zinc_D_5187,CC(C(=O)NCc1ccccc1)N1CC[NH+](CC2CCCO2)CC1,0
ZINC58109899,ChEMBL_zinc_D_5188,CCC(=O)NC(C)Cc1ccc(N(C)C)cc1,0
ZINC58276870,ChEMBL_zinc_D_5189,CCCn1c(=O)[nH]c(=O)c2cc(C(=O)NCc3ccnc(OCC)c3)cnc21,0
ZINC58307204,ChEMBL_zinc_D_5190,CCOc1ccccc1OC1CC[NH+](CC(=O)NCC(C)C)CC1,0
ZINC49034702,ChEMBL_zinc_D_5191,Cc1cc(CNC(=O)C2CC(=O)N(CC(C)C)C2)no1,0
ZINC49102041,ChEMBL_zinc_D_5192,CCn1ccnc1S(=O)(=O)C(C)C(=O)NC1CCCC1,0
ZINC35726716,ChEMBL_zinc_D_5193,CCOC(=O)C1=C(C)N(Cc2ccc(C(=O)NCC(C)C)cc2)C(=O)CC1c1cccc(F)c1,0
ZINC35796948,ChEMBL_zinc_D_5194,CCC(C)N(CC(=O)N(Cc1cccs1)Cc1ccccc1)C(=O)CSc1ccccc1,0
ZINC40654079,ChEMBL_zinc_D_5195,COCCNC(=O)NCC(c1ccco1)[NH+]1CCCC1,0
ZINC41453921,ChEMBL_zinc_D_5196,Cc1cc(C(=O)N2CCCC(C)C2)nn1-c1ccccc1,0
ZINC56640441,ChEMBL_zinc_D_5197,CCN(Cc1ccccc1NC(=O)NCc1ccc(SC)cc1)C(C)=O,0
ZINC56735672,ChEMBL_zinc_D_5198,CC(NS(=O)(=O)c1cccs1)C(=O)NCc1cccc(F)c1,0
ZINC48286906,ChEMBL_zinc_D_5199,Cc1nn(C)c2nc(C(C)C)cc(C(=O)N(Cc3ccccn3)c3ccc(F)cc3)c12,0
ZINC48301692,ChEMBL_zinc_D_5200,CC(C)Oc1ncccc1CNC(=O)CC1CCCO1,0
ZINC64816394,ChEMBL_zinc_D_5201,CC1(C(=O)NCc2cccc(F)c2)Cn2nc(-c3ccco3)cc2C(=O)N1c1ccc(F)cc1,0
ZINC64887924,ChEMBL_zinc_D_5202,Cc1ccccc1C(=O)NCCn1c2ccccc2nc1-c1ccncc1,0
ZINC04051064,ChEMBL_zinc_D_5203,O=C(c1c(F)cccc1F)N1CC2CCCN2c2ccc(C(F)(F)F)cc21,0
ZINC34764051,ChEMBL_zinc_D_5204,CC1CCN(C(=O)CCc2nnc(-c3ccc(OCC4CCC4)cc3)nc2[O-])CC1,0
ZINC68122903,ChEMBL_zinc_D_5205,Cc1cnc(C(=O)N(CCO)Cc2ccccc2Br)cn1,0
ZINC68137369,ChEMBL_zinc_D_5206,CCCCNC(=O)NC1(C(=O)NC(C)Cn2cncn2)CCCCC1,0
ZINC65098072,ChEMBL_zinc_D_5207,Cc1ccccc1[N-]S(=O)(=O)c1cc(-c2nc(-c3cccc(F)c3)no2)cs1,0
ZINC65152043,ChEMBL_zinc_D_5208,C=CCNC(=O)c1cn(C)nc1S(=O)(=O)N1CCN(c2cccc(C)c2C)CC1,0
ZINC09427000,ChEMBL_zinc_D_5209,CCOc1ccc(N(CC(=O)NCC[NH+]2CCOCC2)S(=O)(=O)c2ccc(F)cc2)cc1,0
ZINC09482127,ChEMBL_zinc_D_5210,COc1ccc(C2CC(=O)c3cnc(NCc4ccc(F)cc4)nc3C2)cc1,0
ZINC07372563,ChEMBL_zinc_D_5211,COc1c(Cl)cc(C(=O)N2CCN(c3ccccc3)CC2)cc1Cl,0
ZINC08093788,ChEMBL_zinc_D_5212,CCc1noc(C)c1C(=O)N1CCCC(c2nc3ccccc3s2)C1,0
ZINC15883746,ChEMBL_zinc_D_5213,C=CCSc1c(COC)cnc2c1c(=O)n(C)c(=O)n2C,0
ZINC16651528,ChEMBL_zinc_D_5214,Cc1nc(N2c3ccccc3CC2C)nc2c1C(=O)CC(C)C2,0
ZINC36319134,ChEMBL_zinc_D_5215,Clc1cccc(C[NH2+]C2CCOCC2)c1Cl,0
ZINC37300889,ChEMBL_zinc_D_5216,Clc1cc(C[NH2+]CC2CCCO2)cc2c1OCCO2,0
ZINC67800018,ChEMBL_zinc_D_5217,CC1CCCC(OC(=O)CNC(=O)OC(C)(C)C)C1,0
ZINC68119239,ChEMBL_zinc_D_5218,CN(C(=O)CCCNC(=O)C(C)(C)C)C1CCCCCC1,0
ZINC68918442,ChEMBL_zinc_D_5219,CCOC(=O)CCNC(=O)CS(=O)(=O)[N-]c1ccc(OC(C)C)cc1,0
ZINC68980504,ChEMBL_zinc_D_5220,Cc1ccccc1CNCCc1nc(-c2ccc(Cl)cc2)no1,0
ZINC68663309,ChEMBL_zinc_D_5221,CCc1nnc2ccc(NCc3ccc(OC(C)C)cc3)nn21,0
ZINC68692696,ChEMBL_zinc_D_5222,CCc1cc(=O)[nH]c(-c2ccc(NCC(O)c3cccc(F)c3)nc2)n1,0
ZINC66382217,ChEMBL_zinc_D_5223,O=C(Cn1cc(NC(=O)C2CCCN2C(=O)C2CC2)cn1)NC1CCCC1,0
ZINC66426651,ChEMBL_zinc_D_5224,Cc1ccc(NC(=O)C(C)n2c3ccccc3oc2=O)cc1C(=O)NC(C)C,0
ZINC26867360,ChEMBL_zinc_D_5225,CC1Oc2ccccc2N(CC(=O)Nc2ccc3c(c2)CCC3)C1=O,0
ZINC27974440,ChEMBL_zinc_D_5226,CCN1CCN(C(=O)C(C)Oc2ccc3c(c2)OCO3)CC1,0
ZINC53006408,ChEMBL_zinc_D_5227,Cc1ccc(F)c(C(=O)N(CCC#N)CCC#N)c1,0
ZINC53020476,ChEMBL_zinc_D_5228,O=C(CCOc1ccccc1F)NCc1ccoc1,0
ZINC68611443,ChEMBL_zinc_D_5229,CC(CC#N)[NH2+]C1CCCc2c1cnn2Cc1ccccc1,0
ZINC68749206,ChEMBL_zinc_D_5230,COc1ccc(-c2n[nH]c(SCC(O)c3ccccc3F)n2)c(OC)c1,0
ZINC66433159,ChEMBL_zinc_D_5231,CC(C)Oc1ccc(F)cc1NC(=O)CCNC(=O)C1CCCC1,0
ZINC66455642,ChEMBL_zinc_D_5232,CCCc1sc(C(=O)NCCC(=O)NCc2cccnc2)cc1CC,0
ZINC68546895,ChEMBL_zinc_D_5233,C=CCN(CC=C)C(=O)c1ccc(NC(=O)NC(C)C(=O)NC(C)CC)cc1,0
ZINC68758842,ChEMBL_zinc_D_5234,CC(NC(=O)C1CCCN1C(=O)OCC(F)(F)F)C(=O)NC1CCCC1,0
ZINC69439252,ChEMBL_zinc_D_5235,O=C(COCC1CC1)N1CCC(c2nc(-c3ccccc3)n[nH]2)CC1,0
ZINC69479581,ChEMBL_zinc_D_5236,Cc1cccc2[nH+]c(CNC(=O)N(C)CC3CCCO3)cn21,0
ZINC04222563,ChEMBL_zinc_D_5237,C=CCNc1nc2c(s1)CC1C(C)(CO)C(O)CCC1(C)C2CC(=O)Nc1cccc(O)c1,0
ZINC37571460,ChEMBL_zinc_D_5238,CC(C)c1ccc(N2CCC(C(=O)NCc3ccc(F)cc3)C2=O)cc1,0
ZINC48703049,ChEMBL_zinc_D_5239,CC1CCN(C(=O)c2csnn2)C2CCCCC12,0
ZINC49421853,ChEMBL_zinc_D_5240,COc1cccc(CC(=O)Nc2ccc(Cn3cnc(C(=O)Nc4ccc(Cl)cc4)c3)cc2)c1,0
ZINC11996218,ChEMBL_zinc_D_5241,Cc1cc(C(=O)NCC2CCC3(CC[NH+](Cc4ccc(F)cc4)CC3)O2)n(C)n1,0
ZINC12040114,ChEMBL_zinc_D_5242,COc1ccc(-c2cc3c(c(OC)c2)OCC[NH+](Cc2ccc(OC)c(C)c2C)C3)nn1,0
ZINC58213249,ChEMBL_zinc_D_5243,O=C(CNC(=O)C1CC1)N(C1CC1)C1CCCc2ccccc21,0
ZINC53028910,ChEMBL_zinc_D_5244,CN(CC(=O)NCCCCN1CC[NH+](C)CC1)C(=O)c1ccsc1,0
ZINC06253491,ChEMBL_zinc_D_5245,CC1CCCC(C)N1C(=O)c1cccc(F)c1,0
ZINC60942347,ChEMBL_zinc_D_5246,CNC(=O)CN1CCN(CC(=O)Nc2cccc(SC)c2)CC1,0
ZINC67979000,ChEMBL_zinc_D_5247,Cc1nn(CC(C)C)c(C)c1CC(=O)OCC1CC=CCC1,0
ZINC68107907,ChEMBL_zinc_D_5248,CCC(C)(NC(=O)c1cc2c([nH]c1=O)CCCC2)c1ccccc1,0
ZINC68258946,ChEMBL_zinc_D_5249,CC(C)NC(=O)Nc1ccc(NC(=O)c2ccc3nccn3c2)cc1,0
ZINC68341794,ChEMBL_zinc_D_5250,C[NH+](C)C1CCCN(C(=O)c2ccc(NC(=O)c3ccco3)cc2)C1,0
ZINC72094758,ChEMBL_zinc_D_5251,Cc1cc(C(=O)NC2CC2C)c(C)n1-c1cccc(Cl)c1,0
ZINC72122249,ChEMBL_zinc_D_5252,COc1ccccc1C(=O)N1CCN(Cc2[nH]cc[nH+]2)CC1,0
ZINC66322705,ChEMBL_zinc_D_5253,COC(=O)c1c(C)[nH]c(C(=O)N(C)C2(C#N)CCC2)c1C,0
ZINC66467383,ChEMBL_zinc_D_5254,Cc1nc(C(C)Nc2nccc(Oc3ccc(F)cc3)n2)cs1,0
ZINC26259128,ChEMBL_zinc_D_5255,CC1Oc2ccccc2OC1C(=O)Nc1ncn[n-]1,0
ZINC37639736,ChEMBL_zinc_D_5256,C=CCn1c(=O)c2c(-c3ccccc3)csc2n(CC(=O)Nc2ccccc2C)c1=O,0
ZINC64654643,ChEMBL_zinc_D_5257,CNS(=O)(=O)Cc1cccc(CNC(=O)N(C)Cc2c(C)noc2C)c1,0
ZINC64772912,ChEMBL_zinc_D_5258,CC(C)CC(=O)Nc1cccc(CNC(=O)N2CCOCC2C)c1,0
ZINC66733750,ChEMBL_zinc_D_5259,Cc1noc(CCCC(=O)OCCCn2nnc(-c3ccccc3)n2)n1,0
ZINC66749091,ChEMBL_zinc_D_5260,CN(Cc1ccsc1)C(=O)COc1ccc(C#N)c(F)c1,0
ZINC48366828,ChEMBL_zinc_D_5261,Cc1ccc(OCCC(=O)Nc2ccc(Cl)cn2)cc1C,0
ZINC00285692,ChEMBL_zinc_D_5262,CC1(c2ccccc2NC(=O)c2ccccc2Br)CC1,0
ZINC67702016,ChEMBL_zinc_D_5263,COc1cc(C(C#N)NC(=O)C2CC(=O)N(CC(C)C)C2)cc(OC)c1OC,0
ZINC67716657,ChEMBL_zinc_D_5264,CCN(Cc1csc(N(C(C)=O)c2ccc(F)cc2)n1)c1ccccc1,0
ZINC60131950,ChEMBL_zinc_D_5265,N#Cc1ccc(S(=O)(=O)NCC(c2cccc(F)c2)N2CCOCC2)cc1,0
ZINC60241940,ChEMBL_zinc_D_5266,CCc1cc(C(=O)N2c3ccccc3CC2C(N)=O)sc1C,0
ZINC45674605,ChEMBL_zinc_D_5267,CN(Cc1cccs1)C(=O)C1CC(=O)N(Cc2ccco2)C1,0
ZINC68798048,ChEMBL_zinc_D_5268,Cc1c(NC(=O)C(C)Cc2cccc(F)c2)cccc1C(=O)N1CCOCC1,0
ZINC12055873,ChEMBL_zinc_D_5269,CCN(CC)C(=O)c1cn(CC2CCC[NH+](Cc3ccc4ncccc4c3)C2)nn1,0
ZINC12123733,ChEMBL_zinc_D_5270,Cc1cc(C(=O)N2CC(C(=O)N(C)C)C3(C2)COc2ccccc2C(=O)N3)cs1,0
ZINC02165856,ChEMBL_zinc_D_5271,C=CCNS(=O)(=O)c1ccc(Oc2ccc(S(=O)(=O)NCC=C)cc2)cc1,0
ZINC49957720,ChEMBL_zinc_D_5272,CCCOc1ccccc1NC(=O)CCC(=O)c1ccc2c(c1)OCCO2,0
ZINC08157239,ChEMBL_zinc_D_5273,COc1ccc(C2CCCCC[NH+]2CC(=O)Nc2ccccc2SCC(N)=O)cc1,0
ZINC08188808,ChEMBL_zinc_D_5274,Cc1ccc(OCC(=O)Nc2cccc(C(=O)NCC(C)C)c2)c(C)c1Cl,0
ZINC41105684,ChEMBL_zinc_D_5275,O=S(=O)(c1cc(Br)c2cccc3c2c1CC3)N(CCO)CCO,0
ZINC41649483,ChEMBL_zinc_D_5276,CCc1nc(CSc2nnc(-c3cccs3)n2CC)cc(=O)[nH]1,0
ZINC68794550,ChEMBL_zinc_D_5277,COc1ccccc1C(=O)NC(C(=O)Nc1ccc(Br)cc1F)C(C)C,0
ZINC68817353,ChEMBL_zinc_D_5278,Cn1cc(C(=O)Nc2ccc(OC(=O)C(C)(C)c3ccccc3F)cc2)cn1,0
ZINC40509170,ChEMBL_zinc_D_5279,CC(NC(=O)CCC1CCCO1)C1CCCO1,0
ZINC45311087,ChEMBL_zinc_D_5280,Cc1cc2oc(=O)cc(C[NH+]3CCN(CCO)CC3)c2cc1C(C)C,0
ZINC64844590,ChEMBL_zinc_D_5281,CN1CCCc2cc(NC(=O)C3(c4ccccc4)CCOCC3)ccc21,0
ZINC53515079,ChEMBL_zinc_D_5282,CCNC(=O)c1ccc(CNC(=O)c2cc3sc(N(C)C)nc3s2)cc1,0
ZINC17009424,ChEMBL_zinc_D_5283,Cc1cccc(NC(=O)Nc2ccc3c(c2)OCCO3)n1,0
ZINC17081943,ChEMBL_zinc_D_5284,Cc1ccc(CNC(=O)c2c(NC(=O)CCC(=O)[O-])sc3c2CCCC3)cc1,0
ZINC72129684,ChEMBL_zinc_D_5285,Cc1nc(C2CCCN(Cc3cnc(-c4ccccc4)s3)C2)cc(=O)[nH]1,0
ZINC72152540,ChEMBL_zinc_D_5286,CN1CC2(CCCN(C(=O)c3ccn(C(C)(C)C)c3)C2)OC1=O,0
ZINC45140601,ChEMBL_zinc_D_5287,C[NH+]1CCC(NC(=O)CC2Sc3ccc(C(F)(F)F)cc3NC2=O)CC1,0
ZINC04751558,ChEMBL_zinc_D_5288,CC1Cc2ccccc2N1C(=O)c1cc2cc(Cl)ccc2oc1=O,0
ZINC48435789,ChEMBL_zinc_D_5289,Cc1cn(CC(=O)Nc2cnn(C(C)C)n2)nc1-c1cccc(Cl)c1,0
ZINC48704748,ChEMBL_zinc_D_5290,CC(Cc1c(F)cccc1F)NC(=O)C1COCCO1,0
ZINC60928816,ChEMBL_zinc_D_5291,Cc1c(C)c(C)c(S(=O)(=O)Cc2noc(-c3ccsc3)n2)c(C)c1C,0
ZINC47697483,ChEMBL_zinc_D_5292,COCCOc1ccc(C[NH2+]CCNC(=O)C(C)C)cc1OC,0
ZINC28232169,ChEMBL_zinc_D_5293,COc1ccc(NC(=O)c2ccccc2)cc1Nc1nccc(-c2cccnc2)n1,0
ZINC28287272,ChEMBL_zinc_D_5294,CCCOc1ccc(-c2nsc(NC(=O)c3cccc(OC)c3)n2)cc1OC,0
ZINC29080160,ChEMBL_zinc_D_5295,Cn1ccnc1C(NC(=O)c1ccc(O)c(Cl)c1)c1cccc(F)c1,0
ZINC29281484,ChEMBL_zinc_D_5296,CCOCc1ccc(CNC(=O)Cc2c[nH]c3ccccc23)cc1,0
ZINC66766895,ChEMBL_zinc_D_5297,CCC(NC(=O)CCCNC(=O)C(C)(C)C)c1nc2ccccc2[nH]1,0
ZINC66828667,ChEMBL_zinc_D_5298,CCn1c2ccc(F)cc2nc1CN1CCN(CC(=O)N2CCCC2)CC1,0
ZINC44456150,ChEMBL_zinc_D_5299,CC(C)(C)OC(=O)N1CCN(CCNC(=O)C2CC2)CC1,0
ZINC45749059,ChEMBL_zinc_D_5300,CSc1ccccc1NC(=O)C(C)[NH+]1CCC2(CC1)OCCO2,0
ZINC66788255,ChEMBL_zinc_D_5301,CC(=O)Nc1cccc(C(=O)N2CCC(NC(=O)CC3CCCC3)CC2)c1,0
ZINC66847996,ChEMBL_zinc_D_5302,NC(=O)c1cccc(CN2CCOC(c3cccc(F)c3)C2)c1,0
ZINC58333047,ChEMBL_zinc_D_5303,Cc1[nH]c2ccccc2c1C(=O)Nc1cccc(C(=O)NCc2ccccn2)c1,0
ZINC58355025,ChEMBL_zinc_D_5304,COc1ccc(C)cc1N1CC(C(=O)N2CCN(Cc3nc4ccccc4c(=O)[nH]3)CC2)CC1=O,0
ZINC50136526,ChEMBL_zinc_D_5305,C#CCNC(=O)CCNC(=O)NC(c1ccc(OC)cc1)C1CC1,0
ZINC53464734,ChEMBL_zinc_D_5306,COC(=O)c1cc(CNC(=O)CCc2cc(F)ccc2F)oc1C,0
ZINC19288894,ChEMBL_zinc_D_5307,COc1ccccc1N1CC(NC(=O)c2cc(-c3ccc(F)cc3)nn2C)CC1=O,0
ZINC19332209,ChEMBL_zinc_D_5308,O=C(c1c[nH]c2c1ccnc2Cl)c1ccc(F)cc1,0
ZINC48745499,ChEMBL_zinc_D_5309,COc1ccc(-c2n[nH]cc2C[NH2+]CCC(=O)N2CCCCC2)cc1,0
ZINC03082424,ChEMBL_zinc_D_5310,C[NH+]1C(c2ccccc2)CC(O)(c2ccccc2)CC1c1ccccc1,0
ZINC71808940,ChEMBL_zinc_D_5311,N#Cc1ccccc1OCC(=O)N(CCCN1CCOCC1)Cc1ccncc1,0
ZINC71814989,ChEMBL_zinc_D_5312,COc1ccc(CC(=O)Nc2ccccc2-c2cccs2)cc1OC,0
ZINC66132758,ChEMBL_zinc_D_5313,CC(C)N1C(=O)c2ccccc2NC1c1cccc(OCc2ccccc2)c1,0
ZINC66141024,ChEMBL_zinc_D_5314,Cc1csc(CCCCNC(=O)N2CCN(C(=O)OCC(C)C)CC2)n1,0
ZINC26823897,ChEMBL_zinc_D_5315,CC(Sc1ncccn1)C(=O)N1CCCCC1,0
ZINC27979905,ChEMBL_zinc_D_5316,Cc1cc(NC(=O)c2ccc(C[NH+]3CCCCC3)o2)no1,0
ZINC69466952,ChEMBL_zinc_D_5317,CC(c1cccc(O)c1)N(C)C(=O)NCCCc1cccc(F)c1,0
ZINC69491654,ChEMBL_zinc_D_5318,Cc1cnn(C(C)C(C)[NH2+]Cc2nnc(-c3ccco3)o2)c1,0
ZINC60461748,ChEMBL_zinc_D_5319,CCC(C)N(Cc1ccccc1)C(=O)CCc1c(C)noc1C,0
ZINC49982844,ChEMBL_zinc_D_5320,C[NH+](CCOc1ccc(Cl)cc1)CCn1cccn1,0
ZINC68946268,ChEMBL_zinc_D_5321,O=C(Nc1ccc(NC2CCN(c3ccccc3)C2=O)cc1)NC1CC1,0
ZINC68980009,ChEMBL_zinc_D_5322,c1c(C[NH2+]C2(c3ccccc3)CC2)c(-c2ccncc2)nn1-c1ccccc1,0
ZINC00419883,ChEMBL_zinc_D_5323,CCOc1cc(NC(=O)c2ccccc2C)c(OCC)cc1N,0
ZINC49453701,ChEMBL_zinc_D_5324,COc1ccc(-c2cc3c(=O)n(CC(=O)[O-])ncn3n2)cc1,0
ZINC44934841,ChEMBL_zinc_D_5325,CC(=O)NC(C(=O)N1CCCC(c2nncn2C)C1)C1CCCC1,0
ZINC45148395,ChEMBL_zinc_D_5326,CN(Cc1cccc(C#N)c1)C(=O)NCCCOC1CCCCC1,0
ZINC63502243,ChEMBL_zinc_D_5327,Cc1ncc(C(=O)NCc2ccc[nH+]c2N2CCOCC2)s1,0
ZINC63534636,ChEMBL_zinc_D_5328,Cc1nn(CCn2cccn2)c(C)c1S(=O)(=O)N1CCCCC1,0
ZINC56919846,ChEMBL_zinc_D_5329,CC(C)NC(=O)C1(c2cc(-c3ccccc3F)on2)CC1,0
ZINC57012974,ChEMBL_zinc_D_5330,Cc1ccc(C(CNC(=O)NCCCn2cccn2)N2CCOCC2)cc1,0
ZINC63102909,ChEMBL_zinc_D_5331,COc1ccc(CC(=O)NCC(O)COc2ccc3c(c2)OCO3)c(OC)c1,0
ZINC63114471,ChEMBL_zinc_D_5332,CC(C)c1ccc(CCC(=O)NC2CC[NH+](C3CC3)C2)cc1,0
ZINC08230057,ChEMBL_zinc_D_5333,O=c1c2c(-c3ccccc3)csc2nc2n1N=C(c1ccc(F)cc1)CS2,0
ZINC08238000,ChEMBL_zinc_D_5334,CC(NC(=O)CCS(=O)(=O)c1ccc(Cl)cc1)c1cc2ccccc2o1,0
ZINC00137145,ChEMBL_zinc_D_5335,Cc1cccc(C(C)C)c1NC(=O)c1ccncc1,0
ZINC04064119,ChEMBL_zinc_D_5336,COc1ccccc1C(CC[NH2+]C(C)c1ccccc1)c1ccco1,0
ZINC49137058,ChEMBL_zinc_D_5337,CC(C)COC(C)C(=O)Nc1nc(-c2ccc[nH]2)cs1,0
ZINC49377803,ChEMBL_zinc_D_5338,O=C(C[NH+]1CCC(c2nnc(-c3ccc(F)cc3)o2)CC1)NCc1ccccc1Cl,0
ZINC68706472,ChEMBL_zinc_D_5339,CC([NH2+]Cc1ccc(F)cc1)c1cccc(N2CCCC2=O)c1,0
ZINC68718516,ChEMBL_zinc_D_5340,CCC(C)NC(=O)N(Cc1ccc(C#N)cc1)Cc1cccc(F)c1,0
ZINC67725631,ChEMBL_zinc_D_5341,Cc1nc(CN(C)C(=O)c2csc3nc(-c4cccc(C(F)(F)F)c4)cn23)no1,0
ZINC67737843,ChEMBL_zinc_D_5342,COc1ccccc1C(C)NC(=O)C(C)Sc1nc(-c2ccccc2)ns1,0
ZINC04756629,ChEMBL_zinc_D_5343,CCC(C)NC(=O)C1CCC(=O)N(c2ccc(OC)cc2)C1c1ccc(OC)c(OC)c1,0
ZINC45544334,ChEMBL_zinc_D_5344,Cc1ccsc1CNC(=O)N(C)Cc1ccc(OC(F)F)cc1,0
ZINC34694293,ChEMBL_zinc_D_5345,CCn1c(=O)c2c(ncn2Cc2cccc(C#N)c2)n(-c2cccc(OC)c2)c1=O,0
ZINC34714078,ChEMBL_zinc_D_5346,CC(C)Oc1ccccc1-c1nc(C(=O)NCc2ccco2)cs1,0
ZINC63303861,ChEMBL_zinc_D_5347,CC(C)(C)C(=O)N1CCCC(C(=O)Nc2ccccc2-n2cnnn2)C1,0
ZINC63491175,ChEMBL_zinc_D_5348,O=C(Nc1ccccc1F)C1CCCN(C2=NC=NC3=NC=NC32)C1,0
ZINC09329696,ChEMBL_zinc_D_5349,CCC1(CC)Cc2ccccc2-c2nc(C[NH+]3CCCC3)nc(O)c21,0
ZINC19144612,ChEMBL_zinc_D_5350,COCCN(CC1CCC[NH+](C2Cc3ccccc3C2)C1)C(=O)c1cc2ncccn2n1,0
ZINC66881624,ChEMBL_zinc_D_5351,CC(OC(=O)Cc1cnn(-c2ccccc2)c1)c1ccc2c(c1)OCO2,0
ZINC66906867,ChEMBL_zinc_D_5352,CC(=O)c1cccc(NC(=O)NCC2(O)CCCc3ccccc32)c1,0
ZINC38960020,ChEMBL_zinc_D_5353,CCCCN(CC1C=c2ccccc2=[NH+]C1=O)C(=O)C1CCCCC1,0
ZINC38966269,ChEMBL_zinc_D_5354,CCN(CC1C=c2ccccc2=[NH+]C1=O)C(=O)c1ccc(OC)c(OC)c1,0
ZINC67742650,ChEMBL_zinc_D_5355,Cc1nc2ncccn2c1C(=O)N(C)C1CCC[NH+](C2Cc3ccccc3C2)C1,0
ZINC67747131,ChEMBL_zinc_D_5356,Cc1ccc(=O)n(CCOc2ccc3ccccc3c2)n1,0
ZINC58158762,ChEMBL_zinc_D_5357,COc1ccccc1N1CCN(CC(=O)Nc2cccc(S(N)(=O)=O)c2)CC1,0
ZINC14733878,ChEMBL_zinc_D_5358,CC1CC(C)CN(C(=O)COc2cccc(-n3cnnn3)c2)C1,0
ZINC02888730,ChEMBL_zinc_D_5359,COc1ccccc1C(=O)Nc1nc(-c2ccc(OC(C)C)cc2)cs1,0
ZINC39355297,ChEMBL_zinc_D_5360,Cc1ccc2c(c1)C[NH+](CCNC(=O)C1COc3ccccc3C1)CC(C)O2,0
ZINC69028163,ChEMBL_zinc_D_5361,Cc1noc(C2CCCN(C(=O)Nc3ccc4c(c3)CCC4)C2)n1,0
ZINC69035450,ChEMBL_zinc_D_5362,COc1cccc(CNC(=O)NC2CCC[NH+](C3CCCCC3)C2)c1,0
ZINC63519207,ChEMBL_zinc_D_5363,CC(C)(CNS(=O)(=O)c1cncc(F)c1)N1CCOCC1,0
ZINC05660777,ChEMBL_zinc_D_5364,COCCNC(=O)CN(c1ccc(Cl)c(C(F)(F)F)c1)S(C)(=O)=O,0
ZINC58364847,ChEMBL_zinc_D_5365,NC(=O)c1ccc(Cl)cc1OCC(=O)N1CCc2[nH]c3ccccc3c2C1,0
ZINC58370751,ChEMBL_zinc_D_5366,CCc1[nH]ncc1C(=O)NCc1ccc(S(=O)(=O)N2CCCC2)cc1,0
ZINC69882017,ChEMBL_zinc_D_5367,CCCC(Cc1ccccc1)NC(=O)NC(CC)CO,0
ZINC70006376,ChEMBL_zinc_D_5368,CCC(O)CN1CCN(C(=O)c2cccn2Cc2ccccc2)CC1,0
ZINC08723270,ChEMBL_zinc_D_5369,Cn1nnnc1SCC[NH2+]Cc1cccc(OCc2ccccc2F)c1,0
ZINC08811665,ChEMBL_zinc_D_5370,COc1ccc(CCNC(=O)C2CCCN(S(=O)(=O)N3CCC(C)CC3)C2)cc1OC,0
ZINC29334737,ChEMBL_zinc_D_5371,CC(NC(=O)NCc1ccc(N2CCCC2=O)cc1)c1ccccn1,0
ZINC30758483,ChEMBL_zinc_D_5372,COc1ccc(CCNC(=O)C(Sc2nnnn2CC(C)C)C(C)C)cc1,0
ZINC09314002,ChEMBL_zinc_D_5373,COc1ccc(NC(=O)C(NS(=O)(=O)c2ccc(Cl)cc2)C(C)C)cc1,0
ZINC03379352,ChEMBL_zinc_D_5374,CC(c1nnc(SCC(=O)Nc2cccc(C#N)c2)n1-c1ccc(Cl)cc1)[NH+](C)C,0
ZINC64925726,ChEMBL_zinc_D_5375,Cc1c(C(=O)NCCc2ccccc2)cccc1-n1nnc2cccnc21,0
ZINC64991661,ChEMBL_zinc_D_5376,O=C(Nc1ccccc1)c1nnc(CNS(=O)(=O)c2ccc(F)cc2)s1,0
ZINC13585985,ChEMBL_zinc_D_5377,Cc1cc(S(=O)(=O)N2CCCC2)c(C)n1S(=O)(=O)c1ccccc1,0
ZINC13698073,ChEMBL_zinc_D_5378,O=C(COc1ccccc1)NCc1ccsc1,0
ZINC60489768,ChEMBL_zinc_D_5379,CCCNC(=O)CN1CCN(C(=O)COCc2cccc(OC)c2)CC1,0
ZINC22390098,ChEMBL_zinc_D_5380,Cc1sc2ncnc(N3CCC(C(=O)Nc4ccccc4C)CC3)c2c1C,0
ZINC36732593,ChEMBL_zinc_D_5381,O=C(NCC(c1ccco1)[NH+]1CCCCC1)c1ccc(NC(=O)C2CC2)cc1,0
ZINC37116577,ChEMBL_zinc_D_5382,Cn1cccc1C(=O)NC1CC[NH2+]CC1,0
ZINC68075120,ChEMBL_zinc_D_5383,CCCc1c(C(=O)NC(C)C(=O)OC)nnn1-c1cccc(Cl)c1,0
ZINC68089748,ChEMBL_zinc_D_5384,CC(C)Oc1cccc(C(C)NC(=O)c2cc3c([nH]c2=O)CCCC3)c1,0
ZINC63897028,ChEMBL_zinc_D_5385,CC(=O)Nc1ccc(C2=Cc3cc(C)nc(=O)n3C2)cc1,0
ZINC03440063,ChEMBL_zinc_D_5386,O=C(c1cc2c(s1)CCC2)N1CCN(S(=O)(=O)c2ccc(F)cc2)CC1,0
ZINC45880006,ChEMBL_zinc_D_5387,O=C(Nc1ccc(N2CCOCC2)cn1)c1cc(-c2cccnc2)on1,0
ZINC45941973,ChEMBL_zinc_D_5388,Cc1ccc(C2=C(O)C(=O)N(Cc3ccc(F)cc3)C2c2ccc(C(=O)[O-])cc2)cc1,0
ZINC65994407,ChEMBL_zinc_D_5389,COCC(C)NC(=O)N(Cc1ccc(O)c(OC)c1)C1CC1,0
ZINC66103804,ChEMBL_zinc_D_5390,CN(C1CCN(c2ccc(Cl)cc2)CC1)S(=O)(=O)Cc1ccccc1,0
ZINC68178186,ChEMBL_zinc_D_5391,CCN(CC)C(=O)CN(C)C(=O)C(C)Oc1ccc(F)c(F)c1,0
ZINC57689139,ChEMBL_zinc_D_5392,COc1ccc2c(CC(=O)NC(c3nc(C4CC4)no3)C(C)C)cc(=O)oc2c1,0
ZINC66418029,ChEMBL_zinc_D_5393,CC(=CC(=O)N(C)CC(=O)Nc1cc(F)cc(F)c1)C1CC1,0
ZINC66489666,ChEMBL_zinc_D_5394,COC(=O)Nc1cc(NC(=O)c2ccc3ccccc3c2)ccc1F,0
ZINC00134072,ChEMBL_zinc_D_5395,O=C(Nc1nccs1)c1cccc2c1C(=O)c1ccccc1-2,0
ZINC34723520,ChEMBL_zinc_D_5396,CCCn1c2sc3c(c2c(=O)n(CC)c1=O)C(C)=C(C)C3,0
ZINC40459723,ChEMBL_zinc_D_5397,O=C(CCCc1cccs1)NC1CCCC1,0
ZINC40525223,ChEMBL_zinc_D_5398,COc1cc2c(cc1OC)CN(C(=O)Nc1nncs1)CC2,0
ZINC05444286,ChEMBL_zinc_D_5399,CCCn1c([O-])c(C(=O)NCc2ccc3c(c2)OCO3)c(=O)c2ccccc21,0
ZINC19235615,ChEMBL_zinc_D_5400,Cc1cccc(N2CCN(C(c3nnnn3CC3CCCO3)c3ccccc3)CC2)c1C,0
ZINC65518092,ChEMBL_zinc_D_5401,C#CCNC(=O)NCCc1c(Cl)cccc1Cl,0
ZINC66116439,ChEMBL_zinc_D_5402,CCC(C)Oc1ccc(C[NH2+]C(CC)CO)cc1,0
ZINC47086444,ChEMBL_zinc_D_5403,CCN(Cc1ccccc1C)C(=O)c1[nH]c(C)c(C(=O)OCCOC)c1C,0
ZINC67782309,ChEMBL_zinc_D_5404,CCCCN(CC)C(=O)CSc1cc(OC)c(OC)cc1C,0
ZINC63345021,ChEMBL_zinc_D_5405,CC(=O)Nc1cc(NC(=O)C2CCCN2C(=O)C(C)C)ccc1Cl,0
ZINC63586106,ChEMBL_zinc_D_5406,COc1cc(CNC(=O)CCc2c(C)nn(CC(C)C)c2C)cc(OC)c1O,0
ZINC57907892,ChEMBL_zinc_D_5407,Cc1ccc2[nH+]c(CN3CCC(C#N)CC3)cc(=O)n2c1,0
ZINC57955160,ChEMBL_zinc_D_5408,COc1ccc(C2CCCN2C(=O)c2c(C)oc3nc[nH]c(=O)c32)cc1,0
ZINC02664382,ChEMBL_zinc_D_5409,CC(C)CNC(=O)C(Cc1c[nH]c2ccccc12)NC(=O)c1cccs1,0
ZINC58503850,ChEMBL_zinc_D_5410,CCc1[nH]ncc1C(=O)NCCCSc1ccccc1,0
ZINC14751616,ChEMBL_zinc_D_5411,Cn1nc(C(=O)NCc2ccc(F)cc2)c2c1CCC([NH+](C)CCO)C2,0
ZINC14993267,ChEMBL_zinc_D_5412,O=C(NCC1CC2C=CC1C2)c1cn(C2CCCCC2)cc(C(=O)N2CCCC2)c1=O,0
ZINC62708214,ChEMBL_zinc_D_5413,CC(C[NH2+]Cc1cc(F)c(F)c(F)c1)C[NH+]1CCCCC1,0
ZINC62901037,ChEMBL_zinc_D_5414,O=C(Cc1ccc2c(c1)CCCC2)NCc1noc(-c2ccco2)n1,0
ZINC07306426,ChEMBL_zinc_D_5415,COC(=O)C1CN(S(=O)(=O)c2ccc3c(c2)CCC3)c2ccccc2O1,0
ZINC07056329,ChEMBL_zinc_D_5416,COc1cc(NS(=O)(=O)c2ccc(C)cc2C)cc(OC)c1,0
ZINC42077011,ChEMBL_zinc_D_5417,CCC(CC)C(=O)Nc1cccc(-n2nnnc2C)c1,0
ZINC04625302,ChEMBL_zinc_D_5418,Cc1nn(CC(=O)NCc2nc3ccccc3[nH]2)c(C)c1I,0
ZINC60468594,ChEMBL_zinc_D_5419,CC1CN(C(=O)C2CC[NH+](Cc3ccc(OC(F)F)cc3)CC2)CC(C)O1,0
ZINC60581338,ChEMBL_zinc_D_5420,CCc1ccc(C(=O)N2CCN(C(=O)CC[NH+]3CCCCC3)CC2)cc1,0
ZINC50764925,ChEMBL_zinc_D_5421,CCCCNC(=O)C1CCCN(C(=O)CCC(C)C)C1,0
ZINC65759942,ChEMBL_zinc_D_5422,CN(CCC(F)(F)F)C(=O)C1COc2ccccc2C1,0
ZINC68724848,ChEMBL_zinc_D_5423,O=C(OC(c1ccccc1)c1ccncc1)c1ccsc1,0
ZINC07053127,ChEMBL_zinc_D_5424,Cc1ccc(NS(=O)(=O)c2c(F)cccc2F)c(C)c1,0
ZINC18434905,ChEMBL_zinc_D_5425,CC(OC(=O)C1CCCN1S(C)(=O)=O)C(=O)Nc1sc2c(c1C#N)CCCCC2,0
ZINC19240647,ChEMBL_zinc_D_5426,CC(=O)N1CCC(c2nc(C)nc3ncccc32)CC1,0
ZINC09283006,ChEMBL_zinc_D_5427,CC(C)(NC(=O)Nc1cccnc1)c1cccc(C(C)(C)NC(=O)Nc2cccnc2)c1,0
ZINC09447303,ChEMBL_zinc_D_5428,CC(NC(=O)CCNC(=O)Nc1ccccc1)c1ccccc1Cl,0
ZINC63255680,ChEMBL_zinc_D_5429,COc1ccc(Cl)cc1C1(CNc2nnc(C)c(C)c2C#N)CCOCC1,0
ZINC63385260,ChEMBL_zinc_D_5430,O=C([O-])C1CC2=c3ccccc3=[NH+]C2C2CCC(=O)N21,0
ZINC71839768,ChEMBL_zinc_D_5431,O=C(CCc1nc(-c2cccnc2)no1)N1CC[NH+]2CCCCC2C1,0
ZINC15377002,ChEMBL_zinc_D_5432,CC(=O)N1CCN(Cc2ncc(-c3ccc(Cl)cc3)o2)CC1,0
ZINC69019405,ChEMBL_zinc_D_5433,CC(C)(C)c1noc(CCC(=O)NCCCOc2ccc(F)cc2)n1,0
ZINC69028462,ChEMBL_zinc_D_5434,CCCCCc1nnc(NC(=O)NC2c3ccccc3CC2O)s1,0
ZINC47047964,ChEMBL_zinc_D_5435,CC(=O)Nc1ccc(C(=O)N2CCC(C)CC2)cc1C,0
ZINC04895555,ChEMBL_zinc_D_5436,COc1ccc(NC(=O)C[NH+]2CCC(n3nnc4cc(F)ccc43)CC2)cc1,0
ZINC64929371,ChEMBL_zinc_D_5437,CCOCCCNC(=O)N1CCN(Cc2ccccc2)c2ncccc21,0
ZINC65032801,ChEMBL_zinc_D_5438,CCn1c2ccc(S(=O)(=O)N3CCN(C(=O)c4ccncc4)CC3)cc2sc1=O,0
ZINC66856298,ChEMBL_zinc_D_5439,Cc1ccc(CCC(=O)NCC(=O)Nc2ccccc2SC(C)CC#N)cc1,0
ZINC66872312,ChEMBL_zinc_D_5440,Cc1ccc(C(C)OC(=O)CNC(=O)NCc2ccco2)cc1,0
ZINC35398060,ChEMBL_zinc_D_5441,Cc1ccc(-c2ccc(N3CCCC(C(=O)NCCC[NH+]4CCCC4)C3)nn2)cc1,0
ZINC64634494,ChEMBL_zinc_D_5442,N#Cc1cccnc1N1CCC[NH+](Cc2ccc(Br)cc2)CC1,0
ZINC34906971,ChEMBL_zinc_D_5443,COc1cccc(OCc2noc(-c3cc(OC)cc(OC)c3)n2)c1,0
ZINC34927766,ChEMBL_zinc_D_5444,COCCN1C(=O)c2ccccc2C(C(=O)NC2CCCCC2)C1c1ccccc1,0
ZINC69248293,ChEMBL_zinc_D_5445,Cn1cc(C[NH2+]C2(CO)CCOCC2)cn1,0
ZINC69334718,ChEMBL_zinc_D_5446,COCCOCCCCNC(=O)Nc1ccccc1SCCC(N)=O,0
ZINC29991331,ChEMBL_zinc_D_5447,CCN1CCN(C(=O)C(C)Sc2nnc(Cc3csc(C)n3)o2)CC1,0
ZINC31130687,ChEMBL_zinc_D_5448,CC(NC(=O)NCC1CCC1)c1cc2ccccc2o1,0
ZINC58384840,ChEMBL_zinc_D_5449,NC(=O)c1cccc(OC(=O)C2c3ccccc3Oc3ccccc32)c1,0
ZINC58412982,ChEMBL_zinc_D_5450,CC(=O)Nc1nc(C(=O)N(C)C2CCC(c3ccccc3)CC2)cs1,0
ZINC69426103,ChEMBL_zinc_D_5451,CC(NC(=O)c1csc(-c2nc[nH]n2)n1)c1cccc(O)c1,0
ZINC06767799,ChEMBL_zinc_D_5452,CC(CCc1ccco1)NC(=O)C1CCN(c2cnccn2)CC1,0
ZINC32778105,ChEMBL_zinc_D_5453,Cc1cccc(N2CC(C(=O)Nc3ccn(C)n3)CC2=O)c1C,0
ZINC32913733,ChEMBL_zinc_D_5454,Cc1cc(C(=O)COC(=O)C2CCN(C(=O)c3cc(C)ccc3O)CC2)c(C)n1C(C)C,0
ZINC69055407,ChEMBL_zinc_D_5455,O=C(Nc1nnc(C2CC2)s1)c1ccccc1CSc1nc2ccccc2[nH]1,0
ZINC69076479,ChEMBL_zinc_D_5456,COc1cc(NC(=O)C[NH+]2CCCC2C[NH+]2CCCCC2)cc(OC)c1OC,0
ZINC08325863,ChEMBL_zinc_D_5457,Cc1ccc(S(=O)(=O)N2CCC[NH+](C(C)C(=O)c3c[nH]c4ccccc34)CC2)cc1,0
ZINC08392188,ChEMBL_zinc_D_5458,CCC(=O)N(c1nnc(SC(C)C(=O)Nc2cccc(C#N)c2)s1)C1CC1,0
ZINC63958335,ChEMBL_zinc_D_5459,CC(C)(C)c1nc(C(C)(C)NC(=O)c2c[nH]c(=O)c(Cl)c2)no1,0
ZINC64023106,ChEMBL_zinc_D_5460,O=C(CNC(=O)C1CC(=O)N(CCN2CCOCC2)C1)OCc1ccccc1,0
ZINC68028275,ChEMBL_zinc_D_5461,O=C(NC1CCCCC1)C1CCCN(C(=O)c2ccsc2)C1,0
ZINC68197699,ChEMBL_zinc_D_5462,Cc1cccc(CCC(=O)Nc2cccc(CN3CCOCC3)c2)c1,0
ZINC69508883,ChEMBL_zinc_D_5463,O=C(Cc1ccc(NC(=O)c2cc[nH]n2)cc1)Nc1ccccc1F,0
ZINC69536843,ChEMBL_zinc_D_5464,CC(C)[NH+]1CCCN(C(=O)CNC(=O)c2cccc(Br)c2)CC1,0
ZINC66319619,ChEMBL_zinc_D_5465,C#Cc1cccc(NC(=O)CN(C)C(=O)CNC(=O)CNC(C)=O)c1,0
ZINC66384959,ChEMBL_zinc_D_5466,CN(C)C(=O)Cn1cc(NC(=O)COc2ccc(C(C)(C)C)cc2)cn1,0
ZINC47642886,ChEMBL_zinc_D_5467,CCCc1cc(C(=O)N2CC(C)OCC2C)[nH]n1,0
ZINC49043372,ChEMBL_zinc_D_5468,CCOC1CCCN(C(=O)c2[nH]nc(C)c2Br)C1,0
ZINC66422047,ChEMBL_zinc_D_5469,CC(=O)NC1CCC[NH+](C(C)c2ccc(OC(F)(F)F)cc2)C1,0
ZINC66450829,ChEMBL_zinc_D_5470,Cc1ccc2c(CC(=O)NC3CCCN(CC(N)=O)C3)coc2c1C,0
ZINC56767683,ChEMBL_zinc_D_5471,O=C(Nc1ccc(N2CCOC2=O)cc1)NC1CCSc2ccc(F)cc21,0
ZINC56775036,ChEMBL_zinc_D_5472,Cc1ccsc1CN(C)C(=O)Nc1cc(C)ccc1S(C)(=O)=O,0
ZINC56603458,ChEMBL_zinc_D_5473,CCN(Cc1cccc(NC(=O)N2CC[NH+](CCC(C)(C)C)CC2)c1)C(C)=O,0
ZINC56937983,ChEMBL_zinc_D_5474,Cc1nn(-c2ccccc2)c(C)c1N1CCN(Cc2ccc(F)c(Br)c2)CC1,0
ZINC19524418,ChEMBL_zinc_D_5475,CCn1c2ccccc2nc1NC(=O)CCc1nc(-c2cccs2)no1,0
ZINC19535771,ChEMBL_zinc_D_5476,Cc1cc(NC(=O)C[NH2+]C(C)c2ccc(Cl)c(Cl)c2)n(-c2ccccc2)n1,0
ZINC66200973,ChEMBL_zinc_D_5477,NS(=O)(=O)c1ccc(CNC(=O)c2cccc(OCCc3ccccc3)c2)cc1,0
ZINC66249702,ChEMBL_zinc_D_5478,CCC(=O)Nc1ccc(S(=O)(=O)N=c2[nH]c3c(s2)CC(C)CC3)cc1,0
ZINC49448783,ChEMBL_zinc_D_5479,CC(C)C(=O)Nc1nnc(-c2ccsc2)o1,0
ZINC49483035,ChEMBL_zinc_D_5480,COc1ccc2cc(C(=O)N3CC(c4nc(-c5ncccn5)no4)C3)[nH]c2c1,0
ZINC49072580,ChEMBL_zinc_D_5481,C[NH+]1CCC=C(C2CN(C(=O)c3cc(Cl)ccc3Cl)CCO2)C1,0
ZINC49318910,ChEMBL_zinc_D_5482,Cc1occc1C(=O)NC1CCCN(S(C)(=O)=O)C1,0
ZINC42849824,ChEMBL_zinc_D_5483,O=C(NC1CCCC(C(F)(F)F)C1)c1ccc([O-])nn1,0
ZINC45662964,ChEMBL_zinc_D_5484,CN(Cc1ccc2c(c1)OCCO2)C(=O)NCCNC(=O)c1ccco1,0
ZINC39342182,ChEMBL_zinc_D_5485,CC1CCCC(C[NH+](C)C)C1=O,0
ZINC66851743,ChEMBL_zinc_D_5486,CC(C)CN1CC(c2ccccc2)OCC1C,0
ZINC18191960,ChEMBL_zinc_D_5487,CC1(C)C(C(=O)[O-])CCC1(C)C(=O)Nc1ccc2ncccc2c1,0
ZINC39368199,ChEMBL_zinc_D_5488,COC(=O)C1=C(C)C(C(=O)Nc2cc(OC)ccc2OC)=NC1C,0
ZINC33206728,ChEMBL_zinc_D_5489,CC(Cc1ccco1)NC(=O)Cc1c(Cl)cccc1Cl,0
ZINC33268437,ChEMBL_zinc_D_5490,COc1ccccc1NC(=O)CCc1nc(CS(=O)(=O)c2ccc(C)cc2)no1,0
ZINC13715190,ChEMBL_zinc_D_5491,CCc1ccccc1NC(=O)C(CC)N(c1ccc(F)cc1)S(C)(=O)=O,0
ZINC13720671,ChEMBL_zinc_D_5492,COc1ccc2c(ccn2CCC(=O)Nc2cccnc2)c1,0
ZINC71966172,ChEMBL_zinc_D_5493,O=C(CNC(=O)NC1CC1)N1CCOc2ccccc21,0
ZINC71971210,ChEMBL_zinc_D_5494,COc1cccc(NC(=O)c2ccccc2NC(=O)c2cc3ccccc3n2C)c1,0
ZINC13729157,ChEMBL_zinc_D_5495,COc1cccc(OCCC[NH+]2CCN(c3nsc4ccccc43)CC2)c1,0
ZINC13856321,ChEMBL_zinc_D_5496,CCSc1ccccc1C(=O)Nc1nnc(CCc2ccc(OC)cc2)s1,0
ZINC69495175,ChEMBL_zinc_D_5497,Cc1ccc(C)c(C(=O)CCC(=O)NCC(O)C2CCCCC2)c1,0
ZINC06772359,ChEMBL_zinc_D_5498,CC1=C(C(=O)Nc2ccc(C)cc2C)C2(CCCCC2)OC1=O,0
ZINC68777951,ChEMBL_zinc_D_5499,CC(C)[NH+]1CCCN(C(=O)COc2cccc(C#N)c2)CC1,0
ZINC68813691,ChEMBL_zinc_D_5500,COc1ccccc1C1CCCN1C(=O)c1ccccc1F,0
ZINC03075591,ChEMBL_zinc_D_5501,COCCCNc1ccc(N)cc1,0
ZINC35248746,ChEMBL_zinc_D_5502,CCCC(C)(NS(=O)(=O)c1ccccc1)C(=O)OC,0
ZINC15083398,ChEMBL_zinc_D_5503,COc1ccc(OC)c(NC(=O)c2ccc(COc3ccc(F)cc3)o2)c1,0
ZINC15365575,ChEMBL_zinc_D_5504,CCC(C)c1ccc(C(NS(=O)(=O)c2cn(C)c(=O)n(C)c2=O)C(C)C)cc1,0
ZINC08741819,ChEMBL_zinc_D_5505,CCOC(=O)C1C(c2ccc(Br)cc2)NC(=O)N(C)C1(O)C(F)(F)F,0
ZINC08844674,ChEMBL_zinc_D_5506,O=C1CN(S(=O)(=O)c2ccccc2)CC(Cn2c3ccccc3c3ccccc32)O1,0
ZINC69421648,ChEMBL_zinc_D_5507,CC[NH+](CC)C(CNC(=O)N1CCCC(c2nc(C)no2)C1)c1ccsc1,0
ZINC69560092,ChEMBL_zinc_D_5508,CN(C(=O)CN1CCc2c([nH+]cn2C)C1)C1(C#N)CCCCC1,0
ZINC69507021,ChEMBL_zinc_D_5509,NC(=O)COC1CCN(C(=O)NCC2(Sc3ccccc3)CC2)CC1,0
ZINC58437295,ChEMBL_zinc_D_5510,CCSc1ccc(NC(=O)N2CCC(NC(=O)c3ccsc3)CC2)cn1,0
ZINC68071726,ChEMBL_zinc_D_5511,CC(C)c1nc(C(=O)Nc2nc(C(C)(C)C)ns2)cs1,0
ZINC68173087,ChEMBL_zinc_D_5512,CC(c1cccnc1)N(C)C(=O)C1CCCN(c2ncccc2C(F)(F)F)C1,0
ZINC06659497,ChEMBL_zinc_D_5513,C[NH+]1CCN(c2ccc(S(=O)(=O)N3CCOCC3)cc2C#N)CC1,0
ZINC68802423,ChEMBL_zinc_D_5514,COc1ccccc1C1CCCN1C(=O)C1CCCN(C(=O)C(C)(C)C)C1,0
ZINC52916747,ChEMBL_zinc_D_5515,COCCNC(=O)c1cccc(OCCOC)c1,0
ZINC64904720,ChEMBL_zinc_D_5516,CCCc1cc(Oc2cccc(C#N)c2)n2ncnc2n1,0
ZINC20349703,ChEMBL_zinc_D_5517,CCn1cc(C(C)[NH2+]Cc2cc(F)cc(F)c2)c(C)n1,0
ZINC20654089,ChEMBL_zinc_D_5518,CC(C)(C)C#CCNCC(O)c1ccccc1,0
ZINC49400780,ChEMBL_zinc_D_5519,Cc1ccc(C(N)=O)c(OC(=O)CCCOc2ccc(Cl)cc2)c1,0
ZINC49408897,ChEMBL_zinc_D_5520,O=C(Cn1cccc(S(=O)(=O)N2CCCC2)c1=O)N1CCCc2ccccc21,0
ZINC64672230,ChEMBL_zinc_D_5521,CN(CC(=O)OC1CCCCCC1)C(=O)c1ccsc1,0
ZINC65158687,ChEMBL_zinc_D_5522,Cc1ccnc2nc(C(=O)Nc3cccc(-c4cnco4)c3)nn21,0
ZINC63621790,ChEMBL_zinc_D_5523,COC(=O)c1ccc(OC(C)C)c(NC(=O)Cc2ccc(OC)c(OC)c2)c1,0
ZINC63677575,ChEMBL_zinc_D_5524,NC(=O)c1ccc(C(=O)NCc2cccc(Cn3cnc4ccccc43)c2)cc1,0
ZINC68036146,ChEMBL_zinc_D_5525,CCNC(=O)NCCCOC(=O)c1ccc(S(=O)(=O)N(C)C(C)C)cc1,0
ZINC68136611,ChEMBL_zinc_D_5526,CCOC(=O)NC1CCCN(C(=O)c2cnc3[nH]nc(C)c3c2)C1,0
ZINC48565384,ChEMBL_zinc_D_5527,CC(C)Oc1cccc(CNc2snc(Cl)c2C#N)c1,0
ZINC49059173,ChEMBL_zinc_D_5528,CCOc1ccc(-c2ccc(=O)n(C(C)C(=O)NCCn3nc(-c4ccccc4)ccc3=O)n2)cc1,0
ZINC39371998,ChEMBL_zinc_D_5529,CCN(CC)C(=O)C1CCCN(C2CCN(c3ccc(NC(=O)c4ccc(OC)cc4)cc3)CC2)C1,0
ZINC39466240,ChEMBL_zinc_D_5530,CC(=O)c1cccc(OCc2cc(C(=O)N(CC3CC3)CC3CCCO3)no2)c1,0
ZINC47845665,ChEMBL_zinc_D_5531,CCNC(=O)CN1CCN(C(=O)Nc2cccc(N3CCCC3=O)c2C)CC1,0
ZINC47881017,ChEMBL_zinc_D_5532,Cc1nnc(-c2ccccc2NC(=O)NCCN2CC(C)OC(C)C2)o1,0
ZINC68517073,ChEMBL_zinc_D_5533,CCCCC(NC(N)=O)C(=O)N1CCN(Cc2cc(C)on2)CC1,0
ZINC44571883,ChEMBL_zinc_D_5534,CC[NH+]1CCCC1CNC(=O)C1CCN(S(=O)(=O)c2ccccc2)CC1,0
ZINC03432799,ChEMBL_zinc_D_5535,CCCN(CC(=O)Nc1cc(C)c(Cl)cc1OC)S(=O)(=O)c1ccc(F)cc1,0
ZINC63580843,ChEMBL_zinc_D_5536,COc1ccc(-c2nc3ccc(OC)cc3c(=O)[nH]2)cc1,0
ZINC67951485,ChEMBL_zinc_D_5537,Cc1nc(C2CCN(S(=O)(=O)N3CC(C)OC(C)C3)CC2)no1,0
ZINC67958786,ChEMBL_zinc_D_5538,O=C(CCN1CCCC1=O)NCCC12CC3CC(CC(C3)C1)C2,0
ZINC64230228,ChEMBL_zinc_D_5539,CCOc1ccc(CCC2CCN(C(=O)NCc3cc(C)no3)CC2)cc1,0
ZINC48235430,ChEMBL_zinc_D_5540,COc1ccc2c(c1)CCCN2C(=O)NCC1CCCO1,0
ZINC16421765,ChEMBL_zinc_D_5541,COCC(C)NC(=O)C[NH+](C)CCOc1cccc(Cl)c1,0
ZINC70788225,ChEMBL_zinc_D_5542,CCCOc1ccc(Cl)cc1NC(=O)c1cc(C(C)C)no1,0
ZINC42537759,ChEMBL_zinc_D_5543,COCCCNC(=O)C(C)N1CCN(Cc2cn3ccccc3[nH+]2)CC1,0
ZINC04648703,ChEMBL_zinc_D_5544,Cc1cc(C)c(NC(=O)CSc2nnc(COc3c(C)cccc3C)o2)c(C)c1,0
ZINC01581506,ChEMBL_zinc_D_5545,Cn1c2ccc(O)cc2c2c(c1=O)CC(C(C)(C)O)O2,0
ZINC56928527,ChEMBL_zinc_D_5546,CCCN1CCc2nc(NC(=O)C3CCN(S(=O)(=O)c4cccs4)CC3)sc2C1,0
ZINC57004469,ChEMBL_zinc_D_5547,CCCCOc1ccc(CNC(=O)NC2c3ccccc3CC2O)cc1OC,0
ZINC57139317,ChEMBL_zinc_D_5548,COc1cc(C(C)Nc2cccc(F)n2)ccc1OCc1ccncc1,0
ZINC63663689,ChEMBL_zinc_D_5549,C#CCNC(=O)c1cc(C2CC2)nc2c1c(=O)[nH]c(=O)n2CC(C)C,0
ZINC63727795,ChEMBL_zinc_D_5550,CC(C)(C)[NH+]1CCCN(C(=O)C2(c3cccc(Cl)c3)CCOCC2)CC1,0
ZINC72020099,ChEMBL_zinc_D_5551,CC1CC(C)C[NH+](C(C)(C)CNC(=O)N2CCN(C(=O)C3CCCO3)CC2)C1,0
ZINC08477131,ChEMBL_zinc_D_5552,CCS(=O)(=O)N1CCC(C(=O)Nc2ccc(C(=O)OC)cc2)CC1,0
ZINC70806256,ChEMBL_zinc_D_5553,Cc1cc(Oc2ccc(C#N)cc2)ccc1NC(=O)C1CC2CCC1O2,0
ZINC70926379,ChEMBL_zinc_D_5554,CCOCC1CCCN(C(=O)Cn2c3ccccc3oc2=O)C1,0
ZINC66939046,ChEMBL_zinc_D_5555,NC(=O)C(NCCc1cc(Cl)c2c(c1)OCCO2)c1ccc(F)cc1,0
ZINC66955338,ChEMBL_zinc_D_5556,CCOc1ccc(CNC(=O)Nc2ccccc2SC(C)CC#N)cc1F,0
ZINC65101887,ChEMBL_zinc_D_5557,COc1ccc(CNC(=O)Cn2c(=O)nc(NCCC(C)C)c3ccccc32)cc1,0
ZINC65111276,ChEMBL_zinc_D_5558,Cc1ccc(-c2noc(-c3nn(CC(=O)NCc4ccc5c(c4)OCO5)c4ccccc43)n2)cc1,0
ZINC08700081,ChEMBL_zinc_D_5559,CCOC(=O)c1cnoc1-c1ccccc1I,0
ZINC08702215,ChEMBL_zinc_D_5560,CC(=O)c1cccc(NCc2ccc(C(=O)[O-])o2)c1,0
ZINC29306894,ChEMBL_zinc_D_5561,CC(=O)Nc1cccc(NC(=O)C(C)Nc2ccc(F)cc2)c1,0
ZINC29912173,ChEMBL_zinc_D_5562,CC(NC(=O)c1cccs1)C(=O)Nc1ccc(-n2ccnc2)cc1,0
ZINC58086148,ChEMBL_zinc_D_5563,Cc1nccn1-c1ccc(NC(=O)c2ccn(C)c(=O)c2)cn1,0
ZINC58103308,ChEMBL_zinc_D_5564,COc1cc(CNC(=O)Nc2cccc(N3CCOC3=O)c2)ccn1,0
ZINC12132314,ChEMBL_zinc_D_5565,COCCNC(=O)Cn1nc2c3c4c(sc3nc(C)n2c1=O)CC(C)CC4,0
ZINC12144051,ChEMBL_zinc_D_5566,COc1ccc(CC(=O)N2CCC(c3ncccc3S(C)(=O)=O)CC2)cc1OC,0
ZINC69823774,ChEMBL_zinc_D_5567,CCc1nc(C2CCCN(C(=O)NCC(C)Cn3cc[nH+]c3C)C2)no1,0
ZINC69987967,ChEMBL_zinc_D_5568,COc1ccccc1-c1nc(C(=O)NC2CCCc3[nH]c(=O)ccc32)cs1,0
ZINC46051434,ChEMBL_zinc_D_5569,O=C(NCC(C1CCOC1)N1CCOCC1)c1cccc(Cl)c1,0
ZINC46602988,ChEMBL_zinc_D_5570,Cc1ccoc1C(=O)Oc1cccc(C(=O)NC2CC2)c1,0
ZINC08898056,ChEMBL_zinc_D_5571,O=C(c1cc2c(s1)CCC2)N1CCN(S(=O)(=O)c2ccccc2C(F)(F)F)CC1,0
ZINC09152798,ChEMBL_zinc_D_5572,CC(CC(=O)N1CCCCCC1)S(=O)(=O)c1ccc2c(c1)NC(=O)C(C)S2,0
ZINC66979996,ChEMBL_zinc_D_5573,CC(C)c1nc2ccc(NC(=O)NCCCc3n[nH]c(N)c3C#N)cc2s1,0
ZINC66988030,ChEMBL_zinc_D_5574,CC[NH+](C)CCNC(=O)N(C)CCOc1ccc(OC)cc1,0
ZINC69541205,ChEMBL_zinc_D_5575,CCCCC1CCCC1NC(=O)CNC(=O)COc1ccccc1,0
ZINC69570544,ChEMBL_zinc_D_5576,CC(Cn1cc[nH+]c1)NC(=O)NCc1ccc(F)c(Cl)c1,0
ZINC58790772,ChEMBL_zinc_D_5577,COc1ccccc1C(C)(C)C(=O)N1CCN(C(=O)N2CCCCC2)CC1,0
ZINC70040702,ChEMBL_zinc_D_5578,CC(OC(=O)C1CCC1)C(=O)N1CCSc2ccccc21,0
ZINC46980239,ChEMBL_zinc_D_5579,Cc1ccc(N2CC(C(=O)N(C)CC(N)=O)CC2=O)cc1F,0
ZINC71960704,ChEMBL_zinc_D_5580,CC(C)NC(=O)Nc1cccc(C(=O)NCC2(c3ccc(F)cc3)CCCC2)c1,0
ZINC44571832,ChEMBL_zinc_D_5581,CCOC(=O)CCNC(=O)c1cc(CC)c(C)s1,0
ZINC45945240,ChEMBL_zinc_D_5582,CCCn1cc(C[NH2+]C2CC2)c2ccccc21,0
ZINC68018293,ChEMBL_zinc_D_5583,CC(NC(=O)CCn1ncc(=O)c2ccccc21)C(=O)NCc1ccco1,0
ZINC68036711,ChEMBL_zinc_D_5584,CC1CC(NC(=O)C(Cc2ccccc2)n2cnnn2)c2ccccc21,0
ZINC66334581,ChEMBL_zinc_D_5585,CC[NH+]1CCC(N(C(=O)c2csc(-c3ccccc3C)n2)C2CC2)CC1,0
ZINC66360935,ChEMBL_zinc_D_5586,COC(=O)N1CCCC1C(=O)NCCc1ccc(N(C)C)cc1,0
ZINC00107625,ChEMBL_zinc_D_5587,N#CCC(=O)NCC1OCCc2ccccc21,0
ZINC19401913,ChEMBL_zinc_D_5588,O=C(CCn1c(C(F)F)cc2cccnc21)NCc1ccccn1,0
ZINC64942570,ChEMBL_zinc_D_5589,Cc1[nH]c2ccc(CNc3ccc4nnnn4n3)cc2c1C,0
ZINC50452056,ChEMBL_zinc_D_5590,O=C(NCCc1nccs1)c1cn(-c2ccccc2)nc1-c1cccs1,0
ZINC46612916,ChEMBL_zinc_D_5591,CC(NC(=O)N1CCCCCC1c1ccncc1)c1ccc(OC(F)F)cc1,0
ZINC46824920,ChEMBL_zinc_D_5592,CC(NC(=O)C1CCCN(C(=O)N2CCCC2)C1)c1ccc2c(c1)OCCCO2,0
ZINC20991953,ChEMBL_zinc_D_5593,COc1cccc(C(=O)NC(C)c2nnc3n2CC[NH+](Cc2ccc(OC(C)C)cc2)CC3)c1,0
ZINC39544004,ChEMBL_zinc_D_5594,O=c1cccc2n1CC1CC2CN(c2cc(C3CC[NH2+]CC3)ncn2)C1,0
ZINC12202201,ChEMBL_zinc_D_5595,CC1CC(C)CN(c2cn[nH]c(=O)n2)C1,0
ZINC12300620,ChEMBL_zinc_D_5596,Cc1cc(C(=O)N2CCC3(C2)CCCN(Cc2ccccc2F)C3=O)nc(C)n1,0
ZINC31686017,ChEMBL_zinc_D_5597,O=C(CNC(=O)C12CC3CC(CC(C3)C1)C2)N1CCN(C(=O)c2ccco2)CC1,0
ZINC68928507,ChEMBL_zinc_D_5598,CCC(=O)N1CCCCC1C(=O)NCC1CCN(c2ccc(F)c(F)c2)C1,0
ZINC71970539,ChEMBL_zinc_D_5599,COC(=O)c1ccoc1CSc1ccccc1C(=O)Nc1nccs1,0
ZINC72005319,ChEMBL_zinc_D_5600,O=C(Cn1nc2n(c1=O)CCCCC2)Nc1ccc(OCc2ccccc2Cl)cc1,0
ZINC69814277,ChEMBL_zinc_D_5601,NS(=O)(=O)CC1CCCN1Cc1ccc(Br)s1,0
ZINC69878850,ChEMBL_zinc_D_5602,COc1ccc(CN(C)C(=O)NC(c2ccc(F)cc2)c2ccccn2)cc1,0
ZINC28899851,ChEMBL_zinc_D_5603,CN(C)C(=O)C[NH+](C)CCC(=O)Nc1ccccc1,0
ZINC41337092,ChEMBL_zinc_D_5604,CCn1c(Cn2nc(C)cc2C)nnc1SCC(=O)N(C)C,0
ZINC65234559,ChEMBL_zinc_D_5605,O=C(N1CCOCC1)N1CCN(Cc2cccc(OC(F)F)c2)CC1,0
ZINC65419477,ChEMBL_zinc_D_5606,CC(=O)Nc1ccc(CN2CC[NH+](C(C)C)C(C)C2)cc1,0
ZINC45796992,ChEMBL_zinc_D_5607,CN(CCC#N)S(=O)(=O)NC(C)(C)CC(C)(C)C,0
ZINC47256148,ChEMBL_zinc_D_5608,COc1cccc(C(=O)N(C)C)c1OCc1ccccc1C#N,0
ZINC48237388,ChEMBL_zinc_D_5609,CS(=O)(=O)N1CCC(NC(=O)NCc2cc[nH]n2)CC1,0
ZINC48731903,ChEMBL_zinc_D_5610,CCOC(=O)C(C)NC(=O)C1CCCN(C(=O)C(C)C)C1,0
ZINC00030284,ChEMBL_zinc_D_5611,COc1ccc(C(=O)Nc2ccc(C)cn2)cc1OC,0
ZINC36098820,ChEMBL_zinc_D_5612,COc1ccc(OCC(O)C[NH+](Cc2cccc(C)c2)C2CC2)cc1,0
ZINC02226000,ChEMBL_zinc_D_5613,Cc1nn(-c2ccccc2)c2c1cc1c(=O)n(C)c(=O)nc-1n2-c1ccc(C)cc1,0
ZINC50419438,ChEMBL_zinc_D_5614,CC([NH2+]Cc1ccc2ncccc2c1)c1nncn1C,0
ZINC67946950,ChEMBL_zinc_D_5615,Cc1ccc(C(=O)N2CCc3[nH]nc(-c4ccc(Cl)cc4)c3C2)c(O)c1,0
ZINC23625891,ChEMBL_zinc_D_5616,Cc1nnc(NC(=O)c2sc3nc(Cc4ccccc4)[nH]c(=O)c3c2C)s1,0
ZINC41278105,ChEMBL_zinc_D_5617,Cc1nc(C(=O)[O-])c(-c2ccccc2F)s1,0
ZINC41521800,ChEMBL_zinc_D_5618,Cc1csc(C(C#N)C(=O)CSc2ccccc2C)n1,0
ZINC17332738,ChEMBL_zinc_D_5619,O=C(CN1CCN(S(=O)(=O)c2cccc(C(F)(F)F)c2)CC1)NC1CC1,0
ZINC57986886,ChEMBL_zinc_D_5620,CC[NH+]1CCN(c2ccccc2NC(=O)N2CCN(CC(F)F)CC2)CC1,0
ZINC49936184,ChEMBL_zinc_D_5621,O=C(CSc1ccc(Cl)cc1)NCc1nc2ccccc2[nH]1,0
ZINC49938616,ChEMBL_zinc_D_5622,CC(OC(=O)C1CC(=O)N(Cc2ccco2)C1)c1ccc(Cl)cc1,0
ZINC06743244,ChEMBL_zinc_D_5623,COc1cccc(C2c3c(-c4c(C)cc(C)cc4O)n[nH]c3C(=O)N2CCO)c1,0
ZINC70655778,ChEMBL_zinc_D_5624,CC(O)CNc1nc2n[n-]nc2c(Nc2ccc(F)cc2)n1,0
ZINC00134944,ChEMBL_zinc_D_5625,CCC12CC3CC(C1)CC(C(=O)[O-])(C3)C2,0
ZINC21761212,ChEMBL_zinc_D_5626,CN(C)S(=O)(=O)c1ccc2oc(SCC(=O)NC3CC4CCC3(C)C4(C)C)nc2c1,0
ZINC58544791,ChEMBL_zinc_D_5627,O=C(NCc1cccnc1-n1cncn1)Nc1cccc(NC(=O)C2CC2)c1,0
ZINC58550132,ChEMBL_zinc_D_5628,COC(=O)CN(Cc1ccccc1)C(=O)c1nnn(-c2ccc(F)cc2)c1C,0
ZINC49504068,ChEMBL_zinc_D_5629,Cc1ccc(N2CCCS2(=O)=O)cc1NC(=O)C1CC(=O)N(c2cccc(Br)c2)C1,0
ZINC49810657,ChEMBL_zinc_D_5630,COc1ccccc1COC(=O)C(NC(=O)c1ccccc1OC)C(C)C,0
ZINC08778619,ChEMBL_zinc_D_5631,CC1c2ccsc2CCN1C(=O)Cc1cn2ccsc2n1,0
ZINC08960574,ChEMBL_zinc_D_5632,CCOC(=O)N1CCc2c(sc(NC(=O)c3cc4cccc(OC)c4o3)c2C(=O)OC)C1,0
ZINC13986903,ChEMBL_zinc_D_5633,O=C(Nc1ccc2[nH]c(=O)[nH]c2c1)C1CC(=O)N(c2ccc3c(c2)OCCO3)C1,0
ZINC14129044,ChEMBL_zinc_D_5634,NC(=O)c1oc2ccccc2c1NC(=O)Cc1ccccc1F,0
ZINC41547882,ChEMBL_zinc_D_5635,Cc1ccc2c(c1)NC(=O)C(C)(C(=O)Nc1ccc(N3CCCC3)cc1)O2,0
ZINC41615178,ChEMBL_zinc_D_5636,COc1ccc2c(c1)CCCN2C(=O)CCCc1nc(C(C)C)no1,0
ZINC72071446,ChEMBL_zinc_D_5637,COc1ccc(S(=O)(=O)N(C)c2ccc(C)cc2)cc1,0
ZINC72087457,ChEMBL_zinc_D_5638,CC(C)(CC(=O)Nc1ncccc1OCCCC#N)c1ccccc1,0
ZINC33282242,ChEMBL_zinc_D_5639,CN(C)c1cccc(C(=O)N2CCCC2C(=O)NCCc2csc(-c3ccccc3)n2)c1,0
ZINC33300803,ChEMBL_zinc_D_5640,COc1ccc(CC(=O)N2CCN(c3ccnc(-c4cccc(C)c4)n3)CC2)cc1,0
ZINC54118178,ChEMBL_zinc_D_5641,CC(NC(=O)OC(C)(C)C)C(=O)Nc1cc(F)c(N(C)C)c(F)c1,0
ZINC50724030,ChEMBL_zinc_D_5642,CCCNC(=O)C1CCCN(C(=O)c2ccc(C(C)C)cc2)C1,0
ZINC02532706,ChEMBL_zinc_D_5643,CC1(C)C2CCC1(CS(=O)(=O)N1CCN(c3cccc[nH+]3)CC1)C(=O)C2,0
ZINC63843403,ChEMBL_zinc_D_5644,Cc1[nH]ncc1C(=O)NCc1ccc(N2CCOCC2)cc1C(F)(F)F,0
ZINC68987533,ChEMBL_zinc_D_5645,CCCN(CCc1ccccn1)C(=O)c1ccc(S(=O)(=O)NCC)cc1,0
ZINC69004796,ChEMBL_zinc_D_5646,O=C(Oc1ccc(OCC2CC2)cc1)C1CCCN(c2cnccn2)C1,0
ZINC64629807,ChEMBL_zinc_D_5647,CC(C)CNC(=O)CNC(=O)NC(C)c1ccc2c(c1)OCO2,0
ZINC64645598,ChEMBL_zinc_D_5648,COc1ccc(CN(C)C(=O)NC(C)c2nc(-c3ccc(F)cc3)no2)cc1,0
ZINC66471782,ChEMBL_zinc_D_5649,O=C(NC1CC[NH+](CC(O)c2ccc(F)cc2)CC1)c1ccsc1,0
ZINC66478014,ChEMBL_zinc_D_5650,CCn1nc(C)c(CNC(=O)CCNC(=O)Cc2ccccc2)c1C,0
ZINC58855812,ChEMBL_zinc_D_5651,COCCOc1ccccc1NC(=O)C[NH+]1CCc2sccc2C1,0
ZINC70635583,ChEMBL_zinc_D_5652,COc1nn(C)cc1C(=O)Nc1ccc(C(=O)NCC(F)(F)F)cc1,0
ZINC05226509,ChEMBL_zinc_D_5653,COc1ccc(N2CCN(C(=O)CNC(=O)CC34CC5CC(CC(C5)C3)C4)CC2)cc1,0
ZINC69018512,ChEMBL_zinc_D_5654,CCCN(C)C(=O)c1cc(F)ccc1NC(=O)C1CC1C,0
ZINC05000052,ChEMBL_zinc_D_5655,Cn1c(=O)c2ccccc2n(CC(=O)NCc2ccccc2Cl)c1=O,0
ZINC49383539,ChEMBL_zinc_D_5656,O=C(CN1CCN(c2ccc(F)c(F)c2)C1=O)NCCc1cccs1,0
ZINC68795290,ChEMBL_zinc_D_5657,CCCCOC(C)C(=O)NC1CCC(C(=O)NC)CC1,0
ZINC49946294,ChEMBL_zinc_D_5658,CC1CCCCN1S(=O)(=O)c1cccc(C(=O)NCC(C)(C)C[NH+](C)C)c1,0
ZINC09463350,ChEMBL_zinc_D_5659,C=CCN(Cc1ccc(Br)s1)C(=O)c1ccc(CSc2nnc[nH]2)cc1,0
ZINC09489234,ChEMBL_zinc_D_5660,COc1cc(NC(C)=O)c(Cl)cc1C(=O)Nc1nnc(CSc2ccccc2)s1,0
ZINC49408784,ChEMBL_zinc_D_5661,O=c1c(S(=O)(=O)N2CCCCC2)cccn1Cc1cc(F)cc(F)c1,0
ZINC00894688,ChEMBL_zinc_D_5662,Cc1cccc(NC(=O)CSc2nnc(COc3ccccc3C)n2C)c1C,0
ZINC71983462,ChEMBL_zinc_D_5663,COCCNC(=O)c1ccc(NCC(=O)Nc2ccc(Br)cc2)cc1Cl,0
ZINC57077633,ChEMBL_zinc_D_5664,O=C(Cc1cc2ccccc2[nH]c1=O)Nc1cccc(OCC(=O)N2CCCC2)c1,0
ZINC36692510,ChEMBL_zinc_D_5665,CCc1ccccc1OCC(=O)NCc1ccc(F)cc1,0
ZINC00784230,ChEMBL_zinc_D_5666,CC(Sc1ccc(Cl)cc1)C(=O)N1CC[NH+](Cc2ccc3c(c2)OCO3)CC1,0
ZINC19404797,ChEMBL_zinc_D_5667,O=C(NCC[NH+]1CCCC1)c1cc(C2CCOCC2)c2cnccc2n1,0
ZINC19562848,ChEMBL_zinc_D_5668,COc1ccc2c(c1)OC1(CCCN(C(=O)Cn3ccnc3)C1)CNC2=O,0
ZINC09723135,ChEMBL_zinc_D_5669,COc1ccc(N(CC(=O)NC(C)c2ccccc2)S(=O)(=O)c2c(C)n[nH]c2C)cc1,0
ZINC09738788,ChEMBL_zinc_D_5670,O=C(Nc1ccc2c(c1)N(S(=O)(=O)c1cccs1)CCC2)c1ccc(F)c(F)c1,0
ZINC09057865,ChEMBL_zinc_D_5671,COc1ccc(S(=O)(=O)N2CCCCCC2)cc1NS(=O)(=O)c1ccc2c(c1)OCCCO2,0
ZINC09190308,ChEMBL_zinc_D_5672,NC(=O)c1c2c(sc1NC(=O)c1cccc(-c3cc4ccccc4oc3=O)c1)CCC2,0
ZINC08933784,ChEMBL_zinc_D_5673,COc1ccc(NC(=O)C2CCCN(c3nn4c(nc(C)cc4=O)s3)C2)c(OC)c1,0
ZINC04992279,ChEMBL_zinc_D_5674,COCCN1Cc2cccc(C(=O)Nc3ccc(Cl)cc3Cl)c2C1=O,0
ZINC45571318,ChEMBL_zinc_D_5675,CCNC(=O)c1ccc(NC(=O)NCc2cccc(NC(=O)C(C)C)c2)cc1,0
ZINC00397521,ChEMBL_zinc_D_5676,O=C(NCc1cccc(Cl)c1)Nc1ccccc1,0
ZINC63731170,ChEMBL_zinc_D_5677,O=C(NCCC1=c2ccccc2=[NH+]C1)c1ccccc1SCc1ccsc1,0
ZINC63809708,ChEMBL_zinc_D_5678,Cc1ccc(S(=O)(=O)Nc2ccc(NC(=O)CC3=c4ccccc4=[NH+]C3)cc2)cc1,0
ZINC42985534,ChEMBL_zinc_D_5679,CC(=O)Nc1ccc(SC(C(=O)N2CCCCC2C)C(C)C)cc1,0
ZINC43083652,ChEMBL_zinc_D_5680,O=C(CCc1nnc(-c2ccsc2)o1)Oc1ccccc1-c1ccccc1,0
ZINC66837672,ChEMBL_zinc_D_5681,CC(NC(=O)C1CCOCC1)C(=O)NCCc1nccn1CC(F)(F)F,0
ZINC66864546,ChEMBL_zinc_D_5682,CC1c2cccn2CCN1CC1CCCCO1,0
ZINC65040449,ChEMBL_zinc_D_5683,CC(C)CCc1nc(CN2CC(C)OCC2C)cs1,0
ZINC65077199,ChEMBL_zinc_D_5684,COC(C)C(=O)Nc1cccc(NC(=O)c2scnc2C)c1,0
ZINC69615395,ChEMBL_zinc_D_5685,CCCCOc1ccc(C(=O)N2CC(C(=O)OC)Oc3ccccc32)cc1OC,0
ZINC69643049,ChEMBL_zinc_D_5686,Cc1nn(C)c(C)c1CC(=O)N1CCN(C(C#N)c2ccccc2)CC1,0
ZINC07134636,ChEMBL_zinc_D_5687,CC(Sc1ccc(S(=O)(=O)N(C)C)cn1)C(=O)NC1CCCC1,0
ZINC06798475,ChEMBL_zinc_D_5688,O=C(CCC(=O)N1CCOc2ccccc21)NC1CC[NH+](Cc2ccccc2)CC1,0
ZINC46898015,ChEMBL_zinc_D_5689,CC(NC(=O)Cn1cncn1)c1cccc(OC(F)F)c1,0
ZINC47452730,ChEMBL_zinc_D_5690,C[NH+](C)Cc1cccc(NC(=O)c2cccc(F)c2)c1,0
ZINC63592683,ChEMBL_zinc_D_5691,CCS(=O)(=O)c1ccc(C(=O)Oc2cccc(C(=O)NC)c2)cc1,0
ZINC63634833,ChEMBL_zinc_D_5692,CCOC(=O)C1=C(C)N=C(C)C1S(=O)(=O)N1CCC(C(=O)NCc2cccc(OC)c2)CC1,0
ZINC26160079,ChEMBL_zinc_D_5693,O=C(Cc1nc(-c2c3ccccc3[nH]c2-c2ccccc2)cs1)NCc1ccco1,0
ZINC24442395,ChEMBL_zinc_D_5694,N#Cc1ccnc(N2CCN(S(=O)(=O)c3ccc(Cl)c(C(F)(F)F)c3)CC2)c1,0
ZINC04816554,ChEMBL_zinc_D_5695,COc1ccc(C2CC(c3ccc(C)cc3)n3ncnc3N2C(C)=O)cc1,0
ZINC46958056,ChEMBL_zinc_D_5696,Cc1cc(CN(C)C(=O)NCC2CCN(c3ccccc3)C2)no1,0
ZINC09517233,ChEMBL_zinc_D_5697,CCOc1cccc2cc(-c3cc(=O)oc4cc(OC(=O)C(C)C)ccc43)c(=O)oc21,0
ZINC09616023,ChEMBL_zinc_D_5698,COc1cc(-n2c(=O)c3ccccc3n(Cc3ccc(F)cc3)c2=O)cc(OC)c1OC,0
ZINC63782627,ChEMBL_zinc_D_5699,CCCNC(=O)c1ccc(NC(=O)CNC(=O)CC)cc1,0
ZINC63817741,ChEMBL_zinc_D_5700,Cc1c(C(=O)Nc2cnc(C(C)(C)C)nc2)nnn1-c1ccc(C)cc1,0
ZINC67863262,ChEMBL_zinc_D_5701,O=C(NC1CC[NH+](C2CC2)C1)C1CCCC(C(F)(F)F)C1,0
ZINC67875607,ChEMBL_zinc_D_5702,CCC(C)C(=O)N1CCCC(C(=O)NCCCCCc2ccccc2)C1,0
ZINC66491649,ChEMBL_zinc_D_5703,CN(CCc1ccccn1)C(=O)CNC(=O)CCc1ccc2c(c1)OCO2,0
ZINC66511159,ChEMBL_zinc_D_5704,O=C(Nc1cccc(OC(=O)C2CCN(c3ccc(F)cc3)C2=O)c1)C1CC1,0
ZINC19719762,ChEMBL_zinc_D_5705,CN1CC(C(=O)N2CCc3nc(-c4ccc(F)cc4)sc3C2)CC1=O,0
ZINC19744605,ChEMBL_zinc_D_5706,Cc1ccc(CN2CCc3nnc(C(NC(=O)c4ccoc4)C(C)C)n3CC2)cc1C,0
ZINC40553739,ChEMBL_zinc_D_5707,Cc1cc(C(=O)NC2CCCN(c3ncccn3)C2)on1,0
ZINC40614224,ChEMBL_zinc_D_5708,Cc1ccc(C(=O)NCC(c2ccco2)[NH+]2CCCC2)cc1C,0
ZINC08299083,ChEMBL_zinc_D_5709,CC(=O)NCCNC(=O)C1C[NH+]2CCC1CC2Cn1cc(C2(O)CCCCC2)nn1,0
ZINC09464287,ChEMBL_zinc_D_5710,CC(NC(=O)c1ccc(NC(=O)CSc2nnnn2C)cc1)C12CC3CC(CC(C3)C1)C2,0
ZINC12384498,ChEMBL_zinc_D_5711,CC1(C(=O)[O-])COC2(OC1)C1CC3CC(C1)CC2C3,0
ZINC19226943,ChEMBL_zinc_D_5712,O=C(NCC1CC(=O)N(C2CC2)C1)c1ccc(C2CCCO2)s1,0
ZINC02638817,ChEMBL_zinc_D_5713,CC1Cc2ccccc2N1CC(=O)NCc1ccc2c(c1)OCO2,0
ZINC09831261,ChEMBL_zinc_D_5714,O=C(CCc1nnc2n1c1ccccc1c(=O)n2Cc1ccccc1)NCCC[NH+]1CCCCC1,0
ZINC57456833,ChEMBL_zinc_D_5715,CC(C)C(=O)N1CCN(C(C)C(=O)Nc2ccc3c(c2)OCCO3)CC1,0
ZINC57483335,ChEMBL_zinc_D_5716,CC(C)C(CNC(=O)N(C)Cc1ccccn1)[NH+]1CCC(C)CC1,0
ZINC00032896,ChEMBL_zinc_D_5717,Cc1ccc(NC(=O)C[NH+]2CCOCC2)cc1Br,0
ZINC08849434,ChEMBL_zinc_D_5718,CCOc1ccc(N2CCn3c2nn(CC(=O)Nc2ccc(C(F)(F)F)cc2)c(=O)c3=O)cc1,0
ZINC02778205,ChEMBL_zinc_D_5719,Cc1nn(C)cc1CN(C)C(=O)C(C)n1nc(C(F)(F)F)c(Cl)c1C1CC1,0
ZINC66943196,ChEMBL_zinc_D_5720,COCCCNC(=O)CN(C)C(=O)C1CC1c1ccccc1Cl,0
ZINC65164804,ChEMBL_zinc_D_5721,CCn1cc(CCN2CCN(S(=O)(=O)c3cccs3)CC2)c2cccnc21,0
ZINC65179523,ChEMBL_zinc_D_5722,CC(C)NC(=O)c1ccc(OCC2CCCN(C(=O)c3ccc(Br)o3)C2)cc1,0
ZINC07699065,ChEMBL_zinc_D_5723,CCOC(=O)C=c1sc(=Cc2sccc2C)c(=O)n1Cc1ccc(F)cc1,0
ZINC07927465,ChEMBL_zinc_D_5724,N#CCc1ccc(NC(=O)C[NH+](Cc2cccs2)CC2CCCO2)cc1,0
ZINC67990892,ChEMBL_zinc_D_5725,CCOC(=O)CN(CC1CC1)C(=O)Cc1c[nH]c2cc(Cl)ccc12,0
ZINC68151703,ChEMBL_zinc_D_5726,CCCOC(=O)C1CCN(c2cc(F)cc(F)c2)C1=O,0
ZINC67977606,ChEMBL_zinc_D_5727,Fc1cc(C[NH2+]Cc2ccc(N3CCCCC3)cc2)ccc1-n1ccnc1,0
ZINC68016868,ChEMBL_zinc_D_5728,CCCC(NC(N)=O)C(=O)NCc1cccc(NC(=O)C(C)CC)c1,0
ZINC70779048,ChEMBL_zinc_D_5729,CC(C)c1cc(C(=O)N2CCCC2c2ccsc2)on1,0
ZINC70835218,ChEMBL_zinc_D_5730,Cc1cccc(C(=O)NCC(O)c2cccc(F)c2)n1,0
ZINC69019079,ChEMBL_zinc_D_5731,CCc1noc(C[NH+](C)C(C)C(=O)Nc2cc(F)ccc2C)n1,0
ZINC69099863,ChEMBL_zinc_D_5732,CC(C)(C)c1ccc(CNC(=O)Nc2ccc(Cl)c(C(N)=O)c2)cc1,0
ZINC65987305,ChEMBL_zinc_D_5733,CC(C)(CNC(=O)N1CCC(C(=O)NC2CCCCC2)CC1)N1CCOCC1,0
ZINC66377449,ChEMBL_zinc_D_5734,CC1CN(CC2CCC[NH+]2Cc2csc(-c3ncccn3)n2)CC(C)O1,0
ZINC63263457,ChEMBL_zinc_D_5735,O=C(NCC1COc2ccccc2O1)c1ccc(Oc2cccnc2)cc1,0
ZINC63270004,ChEMBL_zinc_D_5736,CCCCCCNC(=O)CCC1N=C(O)N(CCC2=c3ccccc3=[NH+]C2)C1=O,0
ZINC12352779,ChEMBL_zinc_D_5737,COCCn1c2c(cc(F)cc2F)sc1=NC(=O)Cc1ccc(OC)cc1OC,0
ZINC12365627,ChEMBL_zinc_D_5738,CC[NH+]1CCC2(CC1)CN(C(=O)C(C)[NH3+])Cc1cc(C)ccc1O2,0
ZINC70286247,ChEMBL_zinc_D_5739,CC1CCCC([NH2+]Cc2ccc(S(C)(=O)=O)cc2)C1C,0
ZINC70672355,ChEMBL_zinc_D_5740,O=C(OC1CC2CCC1C2)c1ccc(=O)n(Cc2ccccc2)n1,0
ZINC08816488,ChEMBL_zinc_D_5741,COc1ccc(N2CC(C(=O)Nc3cc(C)cc(C)c3)CC2=O)cc1,0
ZINC08896474,ChEMBL_zinc_D_5742,O=C(Nc1nc(-c2nc3ccccc3s2)cs1)C1CCCN1S(=O)(=O)c1ccc(F)cc1,0
ZINC67966148,ChEMBL_zinc_D_5743,O=C(NCc1cn2ccsc2n1)c1cc(C[NH+]2CCC(O)CC2)on1,0
ZINC67996445,ChEMBL_zinc_D_5744,OC(COc1ccc2c(c1)OCO2)CSc1nnnn1C1CCCC1,0
ZINC41789110,ChEMBL_zinc_D_5745,NS(=O)(=O)Cc1ccc(NC(=O)c2ccc(-c3ccc(F)cc3)o2)cc1,0
ZINC67023254,ChEMBL_zinc_D_5746,COc1ccc(CN(C)C(=O)C2CC2c2cccc(F)c2)cc1,0
ZINC68277693,ChEMBL_zinc_D_5747,CCC(C)NC(=O)C(C)NC(=O)C(C)Sc1ncccn1,0
ZINC68399526,ChEMBL_zinc_D_5748,N#CC(NC(=O)c1cc2cc(F)ccc2[nH]1)c1cnn(-c2ccccc2)c1,0
ZINC49318797,ChEMBL_zinc_D_5749,CC(OCC1CC1)C(=O)NC1CCCN(S(C)(=O)=O)C1,0
ZINC49392112,ChEMBL_zinc_D_5750,COc1ccc(OC)c(N2CCN(CC(=O)Nc3ccon3)C2=O)c1,0
ZINC66138605,ChEMBL_zinc_D_5751,CCC(C)[NH+](C)CCNC(=O)CCNS(=O)(=O)c1cc(C)ccc1C,0
ZINC66247005,ChEMBL_zinc_D_5752,COC(=O)c1cc(S(=O)(=O)N=c2[nH]c(C)cs2)c(C(=O)OC)s1,0
ZINC08904912,ChEMBL_zinc_D_5753,O=C(NCCc1ccccc1)C(Cc1ccccc1)n1cccc1,0
ZINC08867105,ChEMBL_zinc_D_5754,COC(=O)Cn1c2ccc(S(C)(=O)=O)cc2sc1=NS(=O)(=O)c1ccc(C)cc1,0
ZINC68055643,ChEMBL_zinc_D_5755,Cc1c(NC(=O)c2ccc(F)cc2Cl)cccc1OCC(F)(F)F,0
ZINC68096872,ChEMBL_zinc_D_5756,CCc1ccc(C(C)C(=O)Nc2ccc([N-]S(C)(=O)=O)cc2)cc1,0
ZINC19457320,ChEMBL_zinc_D_5757,COc1ccc(C2CCCN2C(=O)C(C)Cn2cc(Cl)cn2)c(OC)c1,0
ZINC19497367,ChEMBL_zinc_D_5758,CC1CN(C(=O)c2ccc(NC(=O)c3cn(-c4ccccc4)nn3)cc2)CC(C)O1,0
ZINC64317628,ChEMBL_zinc_D_5759,CC(C)(NC(=O)CC1CCCO1)c1ccc(Cl)c(Cl)c1,0
ZINC64398971,ChEMBL_zinc_D_5760,COc1ccc(Cl)c(NCC(=O)Nc2cc(F)ccc2F)c1,0
ZINC69027680,ChEMBL_zinc_D_5761,CC(C)C(C)(C#N)NC(=O)C(C)N1CCN(C(=O)c2c(F)cccc2F)CC1,0
ZINC49946145,ChEMBL_zinc_D_5762,CCOc1ccccc1N1CC(C(=O)NCC(C)(C)C[NH+](C)C)CC1=O,0
ZINC66917773,ChEMBL_zinc_D_5763,CC(C)C(=O)NCC1CCCN(S(=O)(=O)C=Cc2ccccc2Cl)C1,0
ZINC66946933,ChEMBL_zinc_D_5764,CN(CC(=O)N1CCCCC1C[NH+](C)C)C(=O)c1cccs1,0
ZINC63683755,ChEMBL_zinc_D_5765,CCCC(NC(N)=O)C(=O)NC(C)c1ccc(OC(F)F)cc1,0
ZINC63854188,ChEMBL_zinc_D_5766,CC(C)C(C(=O)NC1CCC(C)CC1)[NH+]1CCCC1,0
ZINC39707634,ChEMBL_zinc_D_5767,O=C(CC[NH+]1CCCCC1)NC1C(=O)[NH+]=c2ccc(Br)cc2=C1c1ccccc1,0
ZINC09838194,ChEMBL_zinc_D_5768,CC(C)NS(=O)(=O)c1ccc(NC(=O)C(C)OC(=O)c2ccc(S(C)(=O)=O)cc2)cc1,0
ZINC68412354,ChEMBL_zinc_D_5769,Cc1[nH]c2ccc(CNC(=O)NC3CCCc4occc43)cc2c1C,0
ZINC68420241,ChEMBL_zinc_D_5770,O=C(c1ccc2[nH]c(C(F)F)nc2c1)N1CCn2cccc2C1c1ccccc1,0
ZINC65118755,ChEMBL_zinc_D_5771,Cc1[nH]c2ccc(CNC(=O)c3nc4nccc(C)n4n3)cc2c1C,0
ZINC54167523,ChEMBL_zinc_D_5772,CN(CCCCNC(=O)COc1cccc(C(N)=O)c1)c1ccccc1,0
ZINC45987105,ChEMBL_zinc_D_5773,CCOC(=O)C1CCN(C(=O)NCc2cccc(C[NH+](CC)CC)c2)CC1,0
ZINC46033003,ChEMBL_zinc_D_5774,COCc1ccccc1NC(=O)N1CCN(Cc2ccncc2)CC1,0
ZINC45668694,ChEMBL_zinc_D_5775,O=C(Nc1ccc(F)cc1)NC1CCCCNC1=O,0
ZINC45842807,ChEMBL_zinc_D_5776,CCc1noc(CSc2nnc(COc3ccccc3-c3ccccc3)n2CCOC)n1,0
ZINC69453003,ChEMBL_zinc_D_5777,COCCNC(=O)C(C)Sc1ccc(C(F)(F)F)cn1,0
ZINC69529679,ChEMBL_zinc_D_5778,CCCCn1nc(C(=O)NC(C(=O)OC)C(C)CC)ccc1=O,0
ZINC53304046,ChEMBL_zinc_D_5779,CC1CC(C)C[NH+](C(C)(C)CNC(=O)Cc2cnn(-c3ccccc3)c2)C1,0
ZINC72043701,ChEMBL_zinc_D_5780,COc1ccc(CCN2CCN(C(=O)C(OC)c3ccccc3)CC2)cc1,0
ZINC08965736,ChEMBL_zinc_D_5781,O=C(CSc1nnc(C2CC2)n1C1CC1)Nc1cc(C(F)(F)F)ccc1N1CCOCC1,0
ZINC09112161,ChEMBL_zinc_D_5782,Cc1cc(N2CCN(C(=O)COc3ccc(F)cc3Br)CC2)nc(C(C)C)n1,0
ZINC39975651,ChEMBL_zinc_D_5783,O=C(CCC(=O)c1ccc(Cl)s1)NCCC1=CCCCC1,0
ZINC40121562,ChEMBL_zinc_D_5784,Cc1cc(C)n(CC(C)CNC(=O)C2CCCN(C(=O)c3ccoc3)C2)n1,0
ZINC58688892,ChEMBL_zinc_D_5785,COc1cccc(CNC(=O)c2cccc(N3CCCC3=O)c2)c1OC,0
ZINC58764967,ChEMBL_zinc_D_5786,CC(NCC(=O)Nc1ccc(S(N)(=O)=O)cc1)c1ccc(Cl)cc1,0
ZINC72072693,ChEMBL_zinc_D_5787,CC(NC(=O)CC1CCCCC1)C(=O)N(C)CCC1CCCCC1,0
ZINC07736637,ChEMBL_zinc_D_5788,O=C(CNC(=O)C12CC3CC(CC(C3)C1)C2)Nc1ccc(N2CCCCC2)cc1,0
ZINC00551117,ChEMBL_zinc_D_5789,Cc1ccccc1-n1cnc2cc(NCc3cccs3)ccc21,0
ZINC01040335,ChEMBL_zinc_D_5790,CSc1nc2ccc(NC(=O)c3c(C)onc3-c3ccccc3)cc2s1,0
ZINC29817797,ChEMBL_zinc_D_5791,COc1ccc(NC(=O)c2occc2C)cc1NS(C)(=O)=O,0
ZINC31464640,ChEMBL_zinc_D_5792,CCOC(=O)c1ccoc1C[NH+](CC)Cc1nc([O-])c2ccc(Cl)cc2n1,0
ZINC69810056,ChEMBL_zinc_D_5793,CN(CC(=O)NCC1CCCN1C(=O)OC(C)(C)C)S(C)(=O)=O,0
ZINC49403390,ChEMBL_zinc_D_5794,CNC(=O)c1ccccc1OC(=O)c1ccc2c(c1)OCC(=O)N2,0
ZINC68160484,ChEMBL_zinc_D_5795,COCCN(Cc1cccnc1)C(=O)C1CC(=O)N(Cc2ccccn2)C1,0
ZINC68167782,ChEMBL_zinc_D_5796,O=C(CCCn1cccn1)NC1CCOc2ccc(F)cc21,0
ZINC19625799,ChEMBL_zinc_D_5797,CCC(Sc1nc2c(nc[nH]c2=O)n1C)C(=O)Nc1cccc(Cl)c1,0
ZINC19795889,ChEMBL_zinc_D_5798,[NH3+]C1CN(Cc2ccc(Cl)c(Cl)c2)c2ccc(Br)cc21,0
ZINC55086201,ChEMBL_zinc_D_5799,CCOc1ccccc1OC1CCN(C(=O)NC(C)C)CC1,0
ZINC64580045,ChEMBL_zinc_D_5800,CCc1noc(-c2ccc(NC(=O)c3ccc(OC)c(OC)c3)cc2)n1,0
ZINC65048759,ChEMBL_zinc_D_5801,COCc1nc(C(=O)Nc2nc(-c3ccc(C)cc3)cs2)cs1,0
ZINC03598121,ChEMBL_zinc_D_5802,O=C(NCc1ccc(Cl)cc1)c1ccc(F)c(S(=O)(=O)N2CCOCC2)c1,0
ZINC15205687,ChEMBL_zinc_D_5803,COC1C(O)C(O)C(C)OC1CO,0
ZINC03860865,ChEMBL_zinc_D_5804,OCC(O)C1OC2OC(C(Cl)(Cl)Cl)OC2C1O,0
ZINC69207503,ChEMBL_zinc_D_5805,CC(C)[NH+](C)CCCCNC(=O)N(C)Cc1c(F)cccc1Cl,0
ZINC69410033,ChEMBL_zinc_D_5806,CCNS(=O)(=O)CCNC(=O)NC(C)c1ccc(OCCO)c(OC)c1,0
ZINC63683320,ChEMBL_zinc_D_5807,CC[NH+](CC)Cc1ccccc1CNC(=O)c1cn[nH]c1C,0
ZINC63718483,ChEMBL_zinc_D_5808,CCOc1ccc(NC(=O)c2cc(F)ccc2F)cc1C,0
ZINC14007724,ChEMBL_zinc_D_5809,Cc1nc2c(s1)c(-c1ccc(C)cc1)nnc2SCC(=O)N1CCCC1,0
ZINC57349984,ChEMBL_zinc_D_5810,COC(C(=O)Nc1cc(C(F)(F)F)ccc1N1CCCC1)c1ccccc1,0
ZINC00107445,ChEMBL_zinc_D_5811,Cc1ccc2c(c1)SC(C(=O)OCc1ccccc1)=C(C)N2,0
ZINC42201812,ChEMBL_zinc_D_5812,CC([NH2+]Cc1ccc(-n2cncn2)c(F)c1)c1cc(F)ccc1F,0
ZINC35459457,ChEMBL_zinc_D_5813,CN(C)c1ccc(CNC(=O)c2cccc(CN3c4ccccc4C(=O)N4CCCC4C3=O)c2)cc1,0
ZINC52914067,ChEMBL_zinc_D_5814,CCCC(=O)Nc1ccc(C(=O)C(C)Sc2nccs2)cc1,0
ZINC04841538,ChEMBL_zinc_D_5815,C[NH+]1CCN(c2ccc(NC(=O)c3cccnc3)cc2Cl)CC1,0
ZINC46964584,ChEMBL_zinc_D_5816,CC(NC(=O)Nc1ccccc1N1CCCC1=O)c1nncn1C,0
ZINC15003225,ChEMBL_zinc_D_5817,COCc1ccc(C(=O)N2CCOc3c(cc(-c4ccc(SC)cc4)cc3OC)C2)o1,0
ZINC15010929,ChEMBL_zinc_D_5818,COc1ccc(C(=O)Nc2cccc(Cl)c2Cl)cc1S(=O)(=O)N1CCCC1,0
ZINC65202157,ChEMBL_zinc_D_5819,CCCN1c2cc(C(=O)NCC3CCCO3)ccc2N2C(=O)CCC2C1=O,0
ZINC65242446,ChEMBL_zinc_D_5820,CCCNc1cc(N2CCCC(CCC(=O)NC3CCN(C(=O)OC(C)(C)C)CC3)C2)ncn1,0
ZINC60556211,ChEMBL_zinc_D_5821,Cc1cc(I)ccc1NCC(=O)NC1(C#N)CCCC1,0
ZINC60850366,ChEMBL_zinc_D_5822,Cc1ccc(C(C)C)cc1OCC(=O)Nc1nnn[n-]1,0
ZINC72012529,ChEMBL_zinc_D_5823,CC(O)CNS(=O)(=O)c1ccc(C(=O)Nc2cc(F)cc(F)c2)cc1,0
ZINC72023848,ChEMBL_zinc_D_5824,CCCOc1c(Cl)cc(C(=O)Nc2ccc(OC)c3ncccc23)cc1OC,0
ZINC57703787,ChEMBL_zinc_D_5825,Cc1nn(-c2ccccc2)cc1C(=O)NCC(C)[NH+](C)C1CC1,0
ZINC68259840,ChEMBL_zinc_D_5826,O=C(NC1CCc2ccccc2C1)C1Cc2ccccc2O1,0
ZINC69557363,ChEMBL_zinc_D_5827,Nc1nccnc1C(=O)Nc1ccnc(Sc2ccccn2)c1,0
ZINC69588344,ChEMBL_zinc_D_5828,CSc1ccc(C(=O)OCc2cccc(C(N)=O)c2)cn1,0
ZINC35290885,ChEMBL_zinc_D_5829,Cc1sc2nc(C3CC3)nc(SCc3nnc(-c4ccc(C)cc4)o3)c2c1C,0
ZINC35866766,ChEMBL_zinc_D_5830,Cc1sc2nc(CCc3ccccc3)nc(N3CCN(C(=O)c4cccc(F)c4)CC3)c2c1C,0
ZINC69069849,ChEMBL_zinc_D_5831,CC(C)c1noc(CCNC(=O)NCc2ccccc2OCc2ccccc2)n1,0
ZINC07963957,ChEMBL_zinc_D_5832,CCc1ccccc1NC(=O)CNC(=O)c1oc2ccccc2c1COC,0
ZINC42236743,ChEMBL_zinc_D_5833,O=C(CCOc1ccccc1F)NCC(F)(F)F,0
ZINC60407046,ChEMBL_zinc_D_5834,Cn1cc(C(=O)N2CCN(CCC(C)(C)C)CC2)c2ccccc21,0
ZINC68270633,ChEMBL_zinc_D_5835,COCCn1cc(NC(=O)Nc2cc(OC)ccc2Cl)cn1,0
ZINC68304328,ChEMBL_zinc_D_5836,CC(COc1ccc(C(C)(C)C)cc1)NC(=O)c1cc[nH]c1,0
ZINC09254531,ChEMBL_zinc_D_5837,CCOc1cccc2cc(C(C)NC(=O)CNC(=O)c3cccc(C)c3)oc21,0
ZINC09267729,ChEMBL_zinc_D_5838,Cn1cccc1-c1cc2n(n1)CCCN2C(=O)Nc1ccc(F)c(Cl)c1,0
ZINC46087944,ChEMBL_zinc_D_5839,COc1ccc(-c2noc(C[NH+](C)CCCc3ccccc3)n2)c(OC)c1,0
ZINC46169157,ChEMBL_zinc_D_5840,O=C(CNc1ccc2c(c1)OCCO2)Nc1ccc(OC(F)F)cc1,0
ZINC10705361,ChEMBL_zinc_D_5841,COc1cc2c(cc1OC)CN(S(=O)(=O)CCNC(=O)c1ccccc1)CC2,0
ZINC34890887,ChEMBL_zinc_D_5842,CC[NH+](CC)CCCC(C)NC(=O)CC(c1cn(C)c2ccccc12)c1cc(OC)cc(OC)c1,0
ZINC60501817,ChEMBL_zinc_D_5843,CCCOc1ccc(CNC(=O)COCC(F)(F)F)cc1OC,0
ZINC21169197,ChEMBL_zinc_D_5844,CC(=O)Nc1cccc(OS(=O)(=O)c2cc(F)ccc2F)c1,0
ZINC67755766,ChEMBL_zinc_D_5845,Cc1ncc(CO)c(C[NH+]2CCC(C(=O)N3CCCC3)CC2)c1O,0
ZINC67769685,ChEMBL_zinc_D_5846,CCc1nc(CN(C)C(=O)Cn2cnc3c(C)cccc3c2=O)cs1,0
ZINC50079030,ChEMBL_zinc_D_5847,CC1CN(c2ccc(NC(=O)NCCC(=O)NC3CCCC3)cc2)CC(C)O1,0
ZINC32975483,ChEMBL_zinc_D_5848,CCOc1ccc(C(=O)c2ccccc2C(=O)N2CC(C)OC(C)C2)cc1OCC,0
ZINC57488076,ChEMBL_zinc_D_5849,O=C(CSc1nc2ccsc2c(=O)n1-c1ccc(Cl)cc1)Nc1ccc(F)cc1,0
ZINC12795817,ChEMBL_zinc_D_5850,Cc1sc2nc(-c3cccs3)nc(N3CCNC(C(N)=O)C3)c2c1C,0
ZINC64658776,ChEMBL_zinc_D_5851,CCc1noc2ncnc(NCc3ccc(C)o3)c12,0
ZINC50527286,ChEMBL_zinc_D_5852,C=CCc1cc(CNC(=O)COc2ccccc2OC)cc(OC)c1OC,0
ZINC63861633,ChEMBL_zinc_D_5853,O=S(=O)(Cc1ccc(OC(F)F)cc1)c1nc2ccccc2s1,0
ZINC63887099,ChEMBL_zinc_D_5854,NC(=O)COc1cccc(COc2cccc3c2CCC3=O)c1,0
ZINC66131519,ChEMBL_zinc_D_5855,C=CCN1C(=O)c2ccccc2NC1(CC)c1ccc(OCC2CCCO2)cc1,0
ZINC66179682,ChEMBL_zinc_D_5856,COc1nc(C)ccc1CNC(=O)NC(CC(C)C)C[NH+](C)C,0
ZINC66922583,ChEMBL_zinc_D_5857,Cc1c(C(=O)NC(C)C(=O)NC(C)(C)C)oc2c1c(C)ccc2C,0
ZINC66935322,ChEMBL_zinc_D_5858,CCN(Cc1ccc(C[NH+](C)C)cc1)S(=O)(=O)CC,0
ZINC34691484,ChEMBL_zinc_D_5859,CCC(C)N(CC1CN(CC(O)CN2CCOCC2)CCO1)C(=O)c1ccccc1OC,0
ZINC04051501,ChEMBL_zinc_D_5860,COC(=O)c1sccc1NC(=O)C[NH+]1CCN(c2ccccc2F)CC1,0
ZINC14092975,ChEMBL_zinc_D_5861,Cn1ccsc1=NC(=O)C1(c2ccccc2)CC1,0
ZINC14202431,ChEMBL_zinc_D_5862,COC(=O)C(Cc1c[nH]c2ccccc12)NC(=O)COc1ccc(F)cc1,0
ZINC68042407,ChEMBL_zinc_D_5863,O=c1c2c3c(sc2ncn1Cc1noc(Cc2ccccc2)n1)CCC3,0
ZINC68072858,ChEMBL_zinc_D_5864,CC(C)(C)c1nsc(NC(=O)c2ccc(OCC(F)(F)F)nc2)n1,0
ZINC46503321,ChEMBL_zinc_D_5865,CCNC(=O)CC[NH+]1CCCC1c1ccc(OCC)cc1,0
ZINC46977787,ChEMBL_zinc_D_5866,COC(=O)Nc1ccc(CNC(=O)N(C)CCOc2ccc(OC)cc2)cc1,0
ZINC49950639,ChEMBL_zinc_D_5867,COc1cc(OC)cc(C(=O)NC(C(=O)NC2CCCCC2C)C(C)C)c1,0
ZINC69055330,ChEMBL_zinc_D_5868,Cc1nc(CC(=O)Nc2nnc(C34CC5CC(CC(C5)C3)C4)s2)cs1,0
ZINC58072393,ChEMBL_zinc_D_5869,COc1ccc(NC(=O)N2CCCC2c2cccs2)cc1N1CCCC1=O,0
ZINC46018493,ChEMBL_zinc_D_5870,COc1ccc(C2CCCN2C(=O)Nc2cc(C)ccc2C)cc1,0
ZINC00933656,ChEMBL_zinc_D_5871,O=S(=O)(c1ccc(S(=O)(=O)N2CCCC2)cc1)N(Cc1cccs1)C1CCCCC1,0
ZINC47799051,ChEMBL_zinc_D_5872,Cc1c(C(C)NC(=O)NCCCSc2ccc(F)cc2)cnn1C,0
ZINC66951591,ChEMBL_zinc_D_5873,CCS(=O)(=O)N(C)C1CCN(C(=O)Nc2ccc(F)c(F)c2)CC1,0
ZINC66976250,ChEMBL_zinc_D_5874,Cc1ccc(C(C)NC(=O)N(C)C(c2ccc(F)cc2)c2ncccn2)o1,0
ZINC03253820,ChEMBL_zinc_D_5875,O=C(COC(=O)c1cc(-c2cccs2)nc2ccccc21)N1CCc2ccccc21,0
ZINC54448025,ChEMBL_zinc_D_5876,c1ccc(-c2ccc(Nc3ccc4nnnn4n3)cc2)cc1,0
ZINC04646286,ChEMBL_zinc_D_5877,CC1=C(C)CS(=O)N(c2ccc(S(N)(=O)=O)cc2)C1,0
ZINC06802110,ChEMBL_zinc_D_5878,CCOCCCNC(=O)Cn1nc(Cc2ccncc2)c2ccccc2c1=O,0
ZINC03016122,ChEMBL_zinc_D_5879,Cc1ccc(S(=O)(=O)N2CCSc3ccccc32)cc1,0
ZINC50895524,ChEMBL_zinc_D_5880,Cc1n[nH]c(-c2ccc(NC(=O)CNC(=O)Cn3cncn3)cc2)n1,0
ZINC72029554,ChEMBL_zinc_D_5881,O=C(Cn1cnc2scc(-c3cccs3)c2c1=O)N1CCCc2cccc(OC(F)F)c21,0
ZINC50858660,ChEMBL_zinc_D_5882,Cc1cc(C(=O)N2CCOC(C(N)=O)C2)c2ccccc2n1,0
ZINC68343578,ChEMBL_zinc_D_5883,CN(Cc1nccn1CC(F)(F)F)C(=O)c1ccon1,0
ZINC68429277,ChEMBL_zinc_D_5884,CC(C)c1ccc(OCCNC(=O)C2CC2c2cnn(C)c2)cc1,0
ZINC68508898,ChEMBL_zinc_D_5885,CCn1c2ccccc2n(CCC(=O)NCCCNc2ccccc2)c1=O,0
ZINC68513742,ChEMBL_zinc_D_5886,Cc1cc(C(=O)NC2CCCC2)ccc1NC(=O)c1cnn(-c2ccccc2)c1,0
ZINC70696538,ChEMBL_zinc_D_5887,COC(=O)C1(c2ccccc2)CC[NH+](C(C)C(=O)Nc2ccccc2F)CC1,0
ZINC02806968,ChEMBL_zinc_D_5888,FC(F)(F)c1ccnn1-c1nc(-c2ccco2)cc(C(F)(F)F)n1,0
ZINC66506775,ChEMBL_zinc_D_5889,CCOc1ccc(F)cc1NC(=O)c1cc2ccccc2oc1=O,0
ZINC66537349,ChEMBL_zinc_D_5890,CCNC(=O)NC1CCC(OC(=O)c2cnn(-c3ccccc3C)c2C)CC1,0
ZINC68772144,ChEMBL_zinc_D_5891,Cc1cccc2[nH+]c(CNc3nccnc3N)cn21,0
ZINC68797865,ChEMBL_zinc_D_5892,CC(C)CCOC(C)C(=O)Nc1cccc(Cl)c1Oc1cccnc1,0
ZINC68162749,ChEMBL_zinc_D_5893,CC(C)OCCC(=O)NCCc1nc(C(C)C)no1,0
ZINC68198586,ChEMBL_zinc_D_5894,COC(=O)COc1cccc(C(=O)Nc2ccc3nc(C4CCCO4)[nH]c3c2)c1,0
ZINC68716164,ChEMBL_zinc_D_5895,CCCOC(=O)c1ccc(S(=O)(=O)[N-]c2cc(C(N)=O)ccc2Cl)cc1,0
ZINC18057485,ChEMBL_zinc_D_5896,CCN(CC(=O)Nc1ccc(N2CCOCC2)cc1)C(=O)C1CC1C,0
ZINC07794412,ChEMBL_zinc_D_5897,CCc1ccc(-c2csc(NC(=O)c3cc(C)on3)n2)cc1,0
ZINC07986603,ChEMBL_zinc_D_5898,CN1C(=O)N(C)C(O)(C(F)(F)F)C(C(=O)c2ccccc2)C1c1ccccc1,0
ZINC04830865,ChEMBL_zinc_D_5899,[O-]c1cc(C(F)(F)F)nc2ccc(Br)cc12,0
ZINC19823774,ChEMBL_zinc_D_5900,COc1ccc(-n2c(SCc3ccccc3F)nnc2-c2cccnc2)cc1,0
ZINC65081483,ChEMBL_zinc_D_5901,Cc1nn(-c2ccc(F)cc2)c2nc(N3CCCC(C(=O)NC4CC4)C3)sc12,0
ZINC65154753,ChEMBL_zinc_D_5902,CCOc1cccc(CNC(=O)c2cnc(N3CCN(c4ccccc4)CC3)nc2N)c1,0
ZINC66985684,ChEMBL_zinc_D_5903,CC(CNC(=O)N1CCc2cc(Br)ccc21)Cn1cccn1,0
ZINC01076065,ChEMBL_zinc_D_5904,CC(C)(C)c1ccc(S(=O)(=O)NC(Cc2c[nH]c3ccccc23)C(=O)[O-])cc1,0
ZINC68845250,ChEMBL_zinc_D_5905,CCN(CC)C(=O)C1CCCN1C(=O)CCc1ccc(Br)cc1F,0
ZINC68856791,ChEMBL_zinc_D_5906,CC(=O)N(CCC(=O)N1CCN(C)c2ccccc2C1)Cc1ccccc1,0
ZINC15075388,ChEMBL_zinc_D_5907,CCOc1ccc(C[NH+]2CCCC(Nc3ccc(F)cc3)C2)cc1CO,0
ZINC15839558,ChEMBL_zinc_D_5908,CCCSc1nn(CC(=O)OCC)c2nc3c(c(=O)n12)C(C)(CC)Cc1ccccc1-3,0
ZINC69503823,ChEMBL_zinc_D_5909,Cc1cccc2[nH+]c(CNC(=O)N(C)Cc3ccccc3)cn21,0
ZINC58438677,ChEMBL_zinc_D_5910,CCSc1ccc(NC(=O)N(C)C(C)c2ccc(-n3cncn3)cc2)cn1,0
ZINC50854091,ChEMBL_zinc_D_5911,NC(=O)C1CN(C(=O)c2ccccc2C(F)(F)F)CCO1,0
ZINC65195442,ChEMBL_zinc_D_5912,CCC(=O)N1CCc2cc(N3CC(C(=O)Nc4ccc(OC)cc4C)CC3=O)ccc21,0
ZINC65183991,ChEMBL_zinc_D_5913,CCc1nc2sc(C(C)C)nn2c1S(=O)(=O)NCc1ccc(OC)cc1,0
ZINC65197116,ChEMBL_zinc_D_5914,COc1ccc(-n2c3ncc(C(=O)Nc4cc(F)cc(F)c4)cc3c(=O)n(C)c2=O)cc1,0
ZINC66963204,ChEMBL_zinc_D_5915,CN(CC(=O)N(Cc1ccco1)c1ccccc1)C(=O)c1ccco1,0
ZINC66970317,ChEMBL_zinc_D_5916,c1csc(C(C[NH2+]CC2CC2)c2c[nH]c3ccccc32)c1,0
ZINC68027371,ChEMBL_zinc_D_5917,CCCC(NC(N)=O)C(=O)NCCCc1ccc(OC)cc1,0
ZINC68081855,ChEMBL_zinc_D_5918,CC(C#N)CN(C)C(=O)CC(O)(c1nccn1C)C(F)(F)F,0
ZINC39930710,ChEMBL_zinc_D_5919,COc1ccc(OC)c(CC(=O)Oc2cc(C)nc3ncnn32)c1,0
ZINC40130019,ChEMBL_zinc_D_5920,COc1ccc(-c2nc(NCc3ccccc3C[NH+]3CCCC3)nc([O-])c2C#N)cc1,0
ZINC67762661,ChEMBL_zinc_D_5921,COc1cccc(CC(NC(C)=O)C(=O)NCc2c(C)noc2C)c1,0
ZINC67775524,ChEMBL_zinc_D_5922,COc1ccc(Cl)cc1C1(CNC(=O)CCn2cncn2)CCOCC1,0
ZINC72065178,ChEMBL_zinc_D_5923,CC(Cc1ccc(Cl)cc1Cl)NC(=O)C(C)OCc1ccccc1,0
ZINC72080210,ChEMBL_zinc_D_5924,CC[NH+](CC)CCn1c2ccccc2[nH]c1=NC(=O)C1CC(=O)N(Cc2ccc(OC)cc2)C1,0
ZINC09251826,ChEMBL_zinc_D_5925,CC1=C(c2cccc(Br)c2)S(=O)(=O)N=C1N1CCN(c2ccccc2)CC1,0
ZINC09325227,ChEMBL_zinc_D_5926,CCOC(=O)c1c(NC(=O)C(c2ccccc2)c2ccccc2)sc2c1CCN(C(=O)OC)C2,0
ZINC20748674,ChEMBL_zinc_D_5927,CCOc1ccccc1C1Nc2c(C)ccc(Cl)c2C2C=CCC21,0
ZINC20936109,ChEMBL_zinc_D_5928,COc1ccc(C(CC(=O)N2CCc3ccccc3C2)N2Cc3ccccc3C2=O)cc1OC,0
ZINC66991144,ChEMBL_zinc_D_5929,CC[NH+]1CCN(c2cc(C[NH2+]Cc3cc[nH]n3)ccn2)CC1,0
ZINC67024943,ChEMBL_zinc_D_5930,COc1cc(Cl)ccc1C(=O)N(C)CC(=O)Nc1cccc(C)c1C,0
ZINC34708921,ChEMBL_zinc_D_5931,CCNC(=O)C1CC(c2ccccc2)CN(C(=O)C2CCCC2)C1,0
ZINC04108223,ChEMBL_zinc_D_5932,Cc1cc(NC(=O)c2cc3ccccc3oc2=O)nc2c3ccccc3oc(=O)c12,0
ZINC05755297,ChEMBL_zinc_D_5933,COCCNc1nnc(SCc2cn3ccccc3n2)s1,0
ZINC11343653,ChEMBL_zinc_D_5934,COC(=O)COC(=O)CC(NC(C)=O)c1ccccc1,0
ZINC06697404,ChEMBL_zinc_D_5935,Cc1ccnc(NS(=O)(=O)c2ccc(C(=O)Nc3ccccc3)cc2)c1,0
ZINC41592617,ChEMBL_zinc_D_5936,CNS(=O)(=O)c1ccc(Cl)c(C(=O)NC(C)c2cccc3ccccc32)c1,0
ZINC62929471,ChEMBL_zinc_D_5937,Cc1cccc(C(C)(C)CNC(=O)CC(C)C)c1,0
ZINC63109733,ChEMBL_zinc_D_5938,O=C(Nc1nnc(C(F)F)s1)c1cc(-c2cccnc2)nc2ccccc21,0
ZINC05481765,ChEMBL_zinc_D_5939,CC(C)CS(=O)(=O)Nc1ccc(NS(=O)(=O)CC(C)C)cc1,0
ZINC64040980,ChEMBL_zinc_D_5940,CC(C)NC(=O)COC(=O)C1CCN(c2ccc(F)c(F)c2)C1=O,0
ZINC34740169,ChEMBL_zinc_D_5941,COc1cccc(C2C[NH2+]CC2CN(CC(C)C)C(=O)C(C)C)c1,0
ZINC04112531,ChEMBL_zinc_D_5942,Cn1c(=O)c2c(n(C)c1=O)N=C1c3ccccc3C(=O)C1C2c1cccc(Cl)c1,0
ZINC66139889,ChEMBL_zinc_D_5943,CCC1CCCN(C(=O)NCCCc2nc3c(s2)CCCC3)C1,0
ZINC66194061,ChEMBL_zinc_D_5944,COc1nc(C)ccc1CNC(=O)NC1CCCN(C(=O)c2ccccc2)C1,0
ZINC08288799,ChEMBL_zinc_D_5945,O=C(OCc1nc2ccccc2s1)c1cccnc1,0
ZINC46522874,ChEMBL_zinc_D_5946,NC(=O)COC(=O)C1CCCN1C(=O)c1ccccc1OC(F)F,0
ZINC32993886,ChEMBL_zinc_D_5947,NC(=O)N1CCCC(C(=O)NC(c2cccs2)c2ccc(F)cc2)C1,0
ZINC68310920,ChEMBL_zinc_D_5948,CC(C)OCc1cccc(NC(=O)NC2CCCc3occc32)c1,0
ZINC15592851,ChEMBL_zinc_D_5949,CCc1ccc(NC(=O)CCNS(=O)(=O)c2cc(Br)ccc2Br)cc1,0
ZINC68827417,ChEMBL_zinc_D_5950,CC(c1nc(C(C)(C)C)no1)[NH+]1CCC(C(=O)NCCc2cccs2)CC1,0
ZINC68879934,ChEMBL_zinc_D_5951,CC(NS(=O)(=O)CCCCC#N)c1cccc(NC(=O)c2ccccc2)c1,0
ZINC68901462,ChEMBL_zinc_D_5952,Cc1nnc(Nc2ccn(CCc3ccccn3)n2)c(C#N)c1C,0
ZINC46257284,ChEMBL_zinc_D_5953,CC(=O)NCCCC(=O)N1CCOCC1C,0
ZINC47182638,ChEMBL_zinc_D_5954,Cc1ccc(OC(C)C(=O)Nc2ccc(N(C)C)cc2C)cc1,0
ZINC50358958,ChEMBL_zinc_D_5955,CCC(=O)N1CCCC(C(=O)NCC(=O)Nc2cccc(F)c2)C1,0
ZINC50411204,ChEMBL_zinc_D_5956,COc1ccc(C(=O)OC(C)c2cccc(F)c2)c(OC)c1OC,0
ZINC68057661,ChEMBL_zinc_D_5957,CC(C)C(Sc1ccccc1C(N)=O)C(=O)Nc1cccc(C#N)c1,0
ZINC68143319,ChEMBL_zinc_D_5958,CCn1ccnc1S(=O)(=O)C(C)C(=O)NC(C)c1ccccc1OC,0
ZINC68185316,ChEMBL_zinc_D_5959,COCCN(Cc1cccnc1)C(=O)c1cccc(S(=O)(=O)NC(C)C)c1,0
ZINC68192769,ChEMBL_zinc_D_5960,CC1CC(NC(=O)CNC(=O)NC2CCCCC2)c2ccccc21,0
ZINC66184513,ChEMBL_zinc_D_5961,COc1cc(CNC(=O)C(C)Oc2c(C)cccc2C)ccc1OCCC(C)C,0
ZINC66200407,ChEMBL_zinc_D_5962,COc1cc([N-]S(=O)(=O)c2ccc(NC(=O)c3ccccc3C(=O)[O-])cc2)ncn1,0
ZINC65057276,ChEMBL_zinc_D_5963,CC(=O)N1CCN(CCNC(=O)C2CCN(c3cc(C)cc(C)c3)C2=O)CC1,0
ZINC65225859,ChEMBL_zinc_D_5964,CSc1cccc(NC(=O)N2CCC(c3cc4n(n3)CCCN(C)C4=O)CC2)c1,0
ZINC09780708,ChEMBL_zinc_D_5965,CC(O)c1ccc(NC(=O)c2cnn3c2NC(c2ccco2)CC3C(F)(F)F)cc1,0
ZINC63439580,ChEMBL_zinc_D_5966,CCOC(=O)C1[NH+]=c2ccccc2=C1NC(=O)Cc1cccs1,0
ZINC40498953,ChEMBL_zinc_D_5967,C[NH+](C)C(CNC(=O)C1CCCO1)c1ccsc1,0
ZINC40548858,ChEMBL_zinc_D_5968,Cc1csc(N(C)C(=O)C2Cc3cc(Cl)ccc3O2)n1,0
ZINC47620311,ChEMBL_zinc_D_5969,Cc1cccc(C)c1NC(=O)CCCS(=O)(=O)c1ccccn1,0
ZINC04935344,ChEMBL_zinc_D_5970,Cc1nc2cc(-c3ccccc3)nn2c(C)c1CCC(=O)Nc1ccccc1,0
ZINC68217184,ChEMBL_zinc_D_5971,Cc1cc(C(=O)N2CCN(C(=O)C(C)Oc3ccc(F)c(F)c3)CC2)on1,0
ZINC68222345,ChEMBL_zinc_D_5972,Cc1cccc(=O)n1CCCCNC(=O)Cc1c[nH]c2cc(Cl)ccc12,0
ZINC09671137,ChEMBL_zinc_D_5973,COc1ccc(N2C(=O)CCC(C(=O)NCc3ccc4c(c3)OCO4)C2c2ccccc2OC)cc1,0
ZINC09668961,ChEMBL_zinc_D_5974,CN(C)c1ccc(NC(=O)C2CCN(S(=O)(=O)c3ccc4ccccc4c3)CC2)cc1,0
ZINC68838724,ChEMBL_zinc_D_5975,O=C(c1cccc(S(=O)(=O)NCc2cccc3cccnc32)c1)N1CCCC1,0
ZINC28065144,ChEMBL_zinc_D_5976,CN(CC(=O)Nc1ccc(Cl)c(Cl)c1)C(=O)CNC(=O)c1cccc(Cl)c1,0
ZINC47221114,ChEMBL_zinc_D_5977,COc1cccc(COC(=O)CCCNC(=O)c2ccco2)c1,0
ZINC04887418,ChEMBL_zinc_D_5978,Cc1ccc(C2(O)CC[NH+](Cc3ccccc3)CC2)cc1,0
ZINC65250304,ChEMBL_zinc_D_5979,Cc1[nH+]c(-c2noc(-c3cccnc3)n2)cn1CC(=O)NCc1ccc(F)cc1,0
ZINC65270516,ChEMBL_zinc_D_5980,CC(C)OCCCNC(=O)c1ccc2c(c1)n(C)c(=O)c1ccnn12,0
ZINC66529864,ChEMBL_zinc_D_5981,CC(=O)Nc1ccc(OCC(O)C[NH+]2CCNC(=O)C2(C)C)cc1,0
ZINC03388995,ChEMBL_zinc_D_5982,COc1ccc(CCNC(=O)COc2cc(OC)ccc2C(C)=O)cc1,0
ZINC06119450,ChEMBL_zinc_D_5983,CCC1CCc2c(sc(NC(=O)c3cccc(F)c3)c2C(N)=O)C1,0
ZINC47553327,ChEMBL_zinc_D_5984,CNS(=O)(=O)c1ccc(C(=O)Nc2cc(C(F)(F)F)c[nH]c2=O)cc1,0
ZINC35911471,ChEMBL_zinc_D_5985,Cc1cc(-c2c(C)nc3c(OCc4ccccc4C)cccn3c2=O)nn1C,0
ZINC36211433,ChEMBL_zinc_D_5986,COCCNC(=O)C(NC(=O)c1ccc2c(c1)OCO2)C1CCN(C(=O)c2ccccc2F)CC1,0
ZINC66994655,ChEMBL_zinc_D_5987,C[NH+](C)CCNC(=O)c1cccc(C[NH2+]Cc2ccc(Cl)o2)c1,0
ZINC67011984,ChEMBL_zinc_D_5988,Cc1ccccc1CCNC(=O)N1CCC(CCN2CCOCC2)CC1,0
ZINC65260395,ChEMBL_zinc_D_5989,O=C(CCC1=c2ccccc2=[NH+]C1)N1CCC2C(=O)n3nc(-c4ccccc4)cc3N=C2C1,0
ZINC65331327,ChEMBL_zinc_D_5990,CC(C)COc1ccc(C2CC(=O)Nc3c2cnn3-c2ccc(Cl)cc2)cc1,0
ZINC58998667,ChEMBL_zinc_D_5991,NC(=O)c1ccc(C(=O)Oc2ccc(-n3cnnn3)cc2)cc1,0
ZINC59040732,ChEMBL_zinc_D_5992,Nc1ccc2nc(SCC(=O)Nc3ccc(Cl)c(C(F)(F)F)c3)sc2c1,0
ZINC09366243,ChEMBL_zinc_D_5993,CSc1nnc(CCCNC(=O)c2nn(C)c(=O)c3ccccc32)n1C1CCCC1,0
ZINC09409829,ChEMBL_zinc_D_5994,O=C(Cn1c(=O)c2sccc2n(CC(=O)NC2CCCCC2)c1=O)NCc1cccs1,0
ZINC54391801,ChEMBL_zinc_D_5995,CC(=O)Nc1cccc2c1CCN(CCOc1ccc(S(N)(=O)=O)cc1)C2,0
ZINC54730549,ChEMBL_zinc_D_5996,Cc1ccc(C(C)NC(=O)N2CCN(Cc3cccnc3)CC2)s1,0
ZINC71784036,ChEMBL_zinc_D_5997,COc1ccc2c(c1)CCC([NH2+]CC1CC1)C2O,0
ZINC71817990,ChEMBL_zinc_D_5998,O=C(CC[NH+]1CCN(c2ccccc2Cl)CC1)N1CCc2ccccc21,0
ZINC31649647,ChEMBL_zinc_D_5999,COc1ccccc1C(C)NC(=O)C(C)n1nnc(-c2ccc(C)cc2)n1,0
ZINC31851014,ChEMBL_zinc_D_6000,CC(Sc1ncccn1)C(=O)N1CCCC(C)C1,0
ZINC68322396,ChEMBL_zinc_D_6001,CC1CC(C(N)=O)c2ccccc2N1CCOC(C)(C)C,0
ZINC68363610,ChEMBL_zinc_D_6002,O=C(c1cccc2ccccc21)N1CCCCC1C(=O)N1CCOCC1,0
ZINC03319198,ChEMBL_zinc_D_6003,Cn1c(N)c(C(=O)COC(=O)CCCc2nc3ccccc3s2)c(=O)n(C)c1=O,0
ZINC41648143,ChEMBL_zinc_D_6004,CCC(C)C(=O)NCC(=O)Nc1ccc(C(N)=O)cc1,0
ZINC65085703,ChEMBL_zinc_D_6005,CCC(=O)Nc1cccc(C(=O)Nc2nnc(-c3ccc(C)cc3C)s2)c1,0
ZINC65096706,ChEMBL_zinc_D_6006,Cc1ccc(S(=O)(=O)NCCC(=O)NC(C(=O)N2CCCc3ccccc32)c2ccccc2)cc1,0
ZINC00570027,ChEMBL_zinc_D_6007,CCC(=O)Nc1ccc(N2CCCC2)c(Cl)c1,0
ZINC46813993,ChEMBL_zinc_D_6008,CN(C)C(=O)C[NH+]1CCCN(C(=O)c2cc3c(s2)CCC(C(C)(C)C)C3)CC1,0
ZINC30844822,ChEMBL_zinc_D_6009,CN(Cc1ccc(Cl)cc1)C(=O)CCc1ccc(S(=O)(=O)N2CCCCCC2)cc1,0
ZINC69035616,ChEMBL_zinc_D_6010,CCCCOc1ccccc1NC(=O)N(C)CC1CCCO1,0
ZINC65163561,ChEMBL_zinc_D_6011,Cc1ccc(C)c(C(=O)NCCc2cn(C)c3ncccc23)c1,0
ZINC65255565,ChEMBL_zinc_D_6012,Cc1ccc(-c2cn(CC(=O)NCc3ccc(Cl)cc3)c(=O)o2)cc1,0
ZINC70826821,ChEMBL_zinc_D_6013,CC1CCCC1[NH2+]Cc1cccc(O)c1,0
ZINC70844935,ChEMBL_zinc_D_6014,CCC(C)NC(=O)c1coc(NC(=O)c2ccccc2)n1,0
ZINC45834876,ChEMBL_zinc_D_6015,CC(NC(=O)c1cccs1)c1ccc(NC(N)=O)cc1,0
ZINC45896159,ChEMBL_zinc_D_6016,COCCOC(=O)C1=C(C)Nc2nnnn2C1c1cccs1,0
ZINC47576517,ChEMBL_zinc_D_6017,COCCNC(=O)NCC(C)(C)c1ccccc1,0
ZINC47867536,ChEMBL_zinc_D_6018,CN(Cc1cnn(C)c1)C(=O)c1sccc1Br,0
ZINC04764507,ChEMBL_zinc_D_6019,COc1cc(NC(=O)C(C)[NH3+])cc2ccccc21,0
ZINC11851026,ChEMBL_zinc_D_6020,COc1ccc(-n2c(C)cc(C[NH3+])c2C)cc1,0
ZINC63404642,ChEMBL_zinc_D_6021,CCOc1cccc(C(C)NC(=O)N2CCN(C(=O)N(C)C)CC2)c1,0
ZINC63489281,ChEMBL_zinc_D_6022,O=C(NCCC1=c2ccccc2=[NH+]C1)C1CCN(c2ccc(N3CCOCC3)nn2)CC1,0
ZINC69105740,ChEMBL_zinc_D_6023,COCCC(C)NC(=O)NC1CCOc2ccc(F)cc21,0
ZINC69111253,ChEMBL_zinc_D_6024,CC(NC(=O)NCC(O)c1cccc(F)c1)c1ccc(N2CCCC2=O)cc1,0
ZINC72088702,ChEMBL_zinc_D_6025,Cc1cccc(N(C)C(=O)C2CCCN2C(=O)c2cc(Cl)cc(Cl)c2)c1,0
ZINC05200297,ChEMBL_zinc_D_6026,CCN(c1ccc(NC(=O)c2cc(F)cc(F)c2)cc1)C(C)C,0
ZINC08923755,ChEMBL_zinc_D_6027,Cc1[nH]c2ccccc2c1C1(O)c2cc(Br)ccc2N(Cc2ccc(C)cc2)C1=O,0
ZINC09048462,ChEMBL_zinc_D_6028,CC(NC(=O)Cn1nnn(-c2ccccc2)c1=O)c1ccc2c(c1)OCO2,0
ZINC09748228,ChEMBL_zinc_D_6029,CN(CC(=O)NCc1ccc(F)cc1)S(=O)(=O)c1ccc(C(=O)N2CCOCC2)s1,0
ZINC09814919,ChEMBL_zinc_D_6030,C=CCOc1ccccc1NC(=O)c1ccc(F)cc1,0
ZINC66895420,ChEMBL_zinc_D_6031,CCN(C)c1ccc(C(=O)NCC(c2ccccc2)[NH+](C)C)cc1,0
ZINC66911534,ChEMBL_zinc_D_6032,CCn1cc(S(=O)(=O)N(C2CC2)C2CCC(C)CC2)cn1,0
ZINC42259231,ChEMBL_zinc_D_6033,COC(=O)C(C)NC(=O)c1cc(C)nc2ccccc21,0
ZINC42532604,ChEMBL_zinc_D_6034,CC(C(=O)N1CCCC(C(N)=O)C1)[NH+](C)CCOc1ccccc1F,0
ZINC50544675,ChEMBL_zinc_D_6035,Cc1cc(C[NH2+]C(C)c2ccccn2)ccc1F,0
ZINC05123096,ChEMBL_zinc_D_6036,O=C(NCc1ccccc1Cl)NC1CC(=O)N(c2ccccc2)C1,0
ZINC43265333,ChEMBL_zinc_D_6037,COCC(=O)Nc1cccc(CNC(=O)Nc2c(F)cccc2F)c1,0
ZINC43277193,ChEMBL_zinc_D_6038,Cc1cccc(C(CNC(=O)Nc2cc(F)ccc2C)N2CCOCC2)c1,0
ZINC42775880,ChEMBL_zinc_D_6039,c1ccc(OCCOC2CCC[NH2+]C2)cc1,0
ZINC42803876,ChEMBL_zinc_D_6040,CC(NC(=O)N1CCN(C(=O)c2ccc(O)cc2)CC1)c1ccc(F)cc1F,0
ZINC35052967,ChEMBL_zinc_D_6041,CC1CN(CC(O)COc2ccccc2-c2ccccc2)CC(C)O1,0
ZINC36000713,ChEMBL_zinc_D_6042,CCOCCCN(CC(=O)c1c(C)c(C(=O)OCC)n(CC)c1C)C(=O)c1ccccc1,0
ZINC05739337,ChEMBL_zinc_D_6043,COc1ccc(C(=O)C(O)C(c2ccc(C)cc2)[NH+]2CCOCC2)cc1OC,0
ZINC57158907,ChEMBL_zinc_D_6044,OC(COCc1ccccc1F)CN1CCN(CC[NH+]2CCCC2)CC1,0
ZINC35057487,ChEMBL_zinc_D_6045,CCc1cccc(OC2OC3COC(C)(C)OC3C(OCC(=O)[O-])C2NC(C)=O)c1,0
ZINC12608080,ChEMBL_zinc_D_6046,COC(=O)c1ccccc1N1CCN(CC(=O)c2ccccc2)CC1,0
ZINC34710750,ChEMBL_zinc_D_6047,CC(C)NC(=O)N1CC(C(=O)NCc2cccnc2)CC(c2ccccc2)C1,0
ZINC34831209,ChEMBL_zinc_D_6048,CCCN(Cc1c(C)nn(-c2ccccc2)c1N1CC[NH+](C)CC1)C(=O)Cc1ccc(OC)cc1,0
ZINC47666985,ChEMBL_zinc_D_6049,CC(C)C(NC(=O)CCNS(C)(=O)=O)c1ccc(F)cc1,0
ZINC47730030,ChEMBL_zinc_D_6050,CC(C)CNC(=O)c1ccc(NC(=O)N(C)CC(=O)NC(C)(C)C)cc1,0
ZINC15864624,ChEMBL_zinc_D_6051,COc1cc(NC(=O)CCc2nnc3c(=O)n(-c4ccc(C)c(C)c4)ccn23)cc(OC)c1OC,0
ZINC04249948,ChEMBL_zinc_D_6052,Cc1cc(=O)[nH]c2nnc(SCC(=O)Nc3nccs3)n21,0
ZINC05611323,ChEMBL_zinc_D_6053,CSc1ccsc1N(C)c1ccccc1,0
ZINC57521926,ChEMBL_zinc_D_6054,CCn1c(=O)c2[nH]c(C)cc2nc1SCC(=O)Nc1cccc(SC)c1,0
ZINC48782148,ChEMBL_zinc_D_6055,Cc1cc(Br)oc1C(=O)NCCC(=O)NC(C)C,0
ZINC49450592,ChEMBL_zinc_D_6056,COc1ccc(CCNC(=O)Cc2csc(Nc3nc(C)cc(C)n3)n2)cc1OC,0
ZINC11936396,ChEMBL_zinc_D_6057,O=C(NCCc1cccnc1)c1cc(COc2ccc3c(c2)OCO3)[nH]n1,0
ZINC12620998,ChEMBL_zinc_D_6058,COc1cc(OC)cc(C(=O)NCCc2ccc(-c3csc(C)n3)cc2)c1,0
ZINC66914026,ChEMBL_zinc_D_6059,CC(C)[NH+]1CCC(NS(=O)(=O)C=Cc2ccc(Br)cc2)C1,0
ZINC67002270,ChEMBL_zinc_D_6060,CC(NC(=O)C1CCOCC1)C(=O)OCCCc1nc2ccccc2s1,0
ZINC68050574,ChEMBL_zinc_D_6061,CC(C)C(NC(=O)c1ccc(NC(=O)C2CC2)cc1)c1nc(C2CC2)no1,0
ZINC68152268,ChEMBL_zinc_D_6062,Cc1nn(C)cc1C(C)NC(=O)CC(C)c1ccc(F)cc1,0
ZINC42702892,ChEMBL_zinc_D_6063,CCOC(=O)CN(C)S(=O)(=O)Cc1ccccc1,0
ZINC43134722,ChEMBL_zinc_D_6064,Cc1ccccc1NC(=O)NCc1ccc(Br)s1,0
ZINC32754413,ChEMBL_zinc_D_6065,C#CCNC(=O)C[NH+]1CCCC1c1ccc(C)cc1,0
ZINC32854394,ChEMBL_zinc_D_6066,CC(=O)N1CC(C(=O)OCc2nc(N)nc(Nc3ccc(Cl)cc3)n2)Oc2ccccc21,0
ZINC08754801,ChEMBL_zinc_D_6067,Cc1cc(Br)ccc1NC(=O)CNC(=O)C[NH+](C)Cc1ccc2ccccc2c1,0
ZINC08778438,ChEMBL_zinc_D_6068,CC(OC(=O)c1ccc(N(C)C)cc1)C(=O)Nc1sccc1C(N)=O,0
ZINC71821637,ChEMBL_zinc_D_6069,Cc1cccc(C(=O)N2CCC(N3CCOC(C)C3)CC2)n1,0
ZINC57064371,ChEMBL_zinc_D_6070,O=C(NCC1CCN(c2ccc(F)cc2)C1)c1ccc(=O)[nH]c1,0
ZINC41820790,ChEMBL_zinc_D_6071,O=C(CCC1CCCC1)NCc1nnc2n1CCCCC2,0
ZINC04652001,ChEMBL_zinc_D_6072,COc1ccc(-c2cc(C(=O)[O-])c3cc(C)cc(C)c3n2)c(OC)c1,0
ZINC50069116,ChEMBL_zinc_D_6073,COC(=O)C(C)C[NH+](C)Cc1cc(F)ccc1OC,0
ZINC05183354,ChEMBL_zinc_D_6074,CCOc1ccc(NC(=O)C(C)n2nnc3sc4c(c3c2=O)CCCC4)cc1,0
ZINC09166127,ChEMBL_zinc_D_6075,CCN1c2ccc(NS(=O)(=O)c3cccc(Cl)c3)cc2OCC(C)(C)C1=O,0
ZINC09337717,ChEMBL_zinc_D_6076,O=C(NC(c1cccs1)c1ccccc1)c1ccc(=O)[nH]c1,0
ZINC57293421,ChEMBL_zinc_D_6077,CCC1c2ccsc2CCN1CC(=O)NCCNC(=O)C[NH+]1CCc2sccc2C1CC,0
ZINC57322595,ChEMBL_zinc_D_6078,Cc1cccc(C(=O)NCCNC(=O)N2CC[NH+](CC3CC3)CC2)c1,0
ZINC69613298,ChEMBL_zinc_D_6079,CCC(C)n1nccc1NC(=O)CCCn1c(=O)oc2ccccc21,0
ZINC69659896,ChEMBL_zinc_D_6080,COc1ccccc1C1CCCN1C(=O)Nc1ccc(N(C)C(C)=O)cc1,0
ZINC65137576,ChEMBL_zinc_D_6081,Cc1nc(-c2cc(S(=O)(=O)NCC3CCCO3)cn2C)sc1C(=O)N1CCOCC1,0
ZINC51298887,ChEMBL_zinc_D_6082,COC(=O)CCCCNC(=O)N1CCC(NC(=O)c2ccc(C)s2)CC1,0
ZINC68191225,ChEMBL_zinc_D_6083,CC(C)(CNC(=O)c1nnn(-c2ccccc2)c1C1CC1)NS(C)(=O)=O,0
ZINC68297935,ChEMBL_zinc_D_6084,Cc1ccc(NC(=O)c2ccc(-c3ccc(F)cc3)o2)cc1[N-]S(C)(=O)=O,0
ZINC63123132,ChEMBL_zinc_D_6085,Cc1occc1C(=O)NCC(=O)NC1CCCN(S(C)(=O)=O)C1,0
ZINC05260079,ChEMBL_zinc_D_6086,COc1ccc(Cl)cc1S(=O)(=O)Nc1ccccn1,0
ZINC67020702,ChEMBL_zinc_D_6087,O=C(NCCCc1ccccc1)C1CC1c1cccc(F)c1,0
ZINC67036591,ChEMBL_zinc_D_6088,COc1ccc(CNC(=O)CC(C)(C)c2ccccc2)c(OC)c1OC,0
ZINC43173020,ChEMBL_zinc_D_6089,Cc1cc(Cl)ccc1NC(=O)NCc1ccc(S(=O)(=O)N(C)C)s1,0
ZINC43270529,ChEMBL_zinc_D_6090,CC(CC(=O)Nc1ccccc1OCCC(N)=O)NC(=O)c1ccccc1,0
ZINC67912820,ChEMBL_zinc_D_6091,COCCOCCC(=O)NCC(c1cccs1)[NH+]1CCC(C)CC1,0
ZINC68115063,ChEMBL_zinc_D_6092,CCCCN(CCOC)C(=O)c1cccc(C(=O)N(CCC)CCC)c1,0
ZINC70874459,ChEMBL_zinc_D_6093,CC(C(=O)NCCn1nc(-c2ccc(F)cc2)ccc1=O)n1nc(-n2cccn2)ccc1=O,0
ZINC70892973,ChEMBL_zinc_D_6094,CCN(C(=O)CCn1nc(C)cc1C)C1CC[NH+](C(C)c2ccccc2)C1,0
ZINC65166783,ChEMBL_zinc_D_6095,CC[NH+]1CCN(c2ncc(N3CCC(C(=O)NCC4CC4)CC3)cn2)CC1,0
ZINC65269066,ChEMBL_zinc_D_6096,CCCOc1nccnc1N1CCC([NH3+])C1,0
ZINC43449460,ChEMBL_zinc_D_6097,COc1ccc(C(C)NC(=O)Nc2cc(OC)c(Cl)cc2OC)c(OC)c1,0
ZINC43804375,ChEMBL_zinc_D_6098,CCc1nc2c3cc(OC)c(OC)cc3nc(SCc3ccccn3)n2n1,0
ZINC58158299,ChEMBL_zinc_D_6099,CCCn1ccc2cc(NC(=O)NCc3ccccc3OC)ccc21,0
ZINC25455292,ChEMBL_zinc_D_6100,COc1cc2c(cc1NC(=O)c1ccc(OCc3noc(C)n3)cc1)oc1ccccc12,0
ZINC53423195,ChEMBL_zinc_D_6101,CC(=O)NC(C(=O)NC(C)c1sc(-c2ccccc2)nc1C)C1CCCC1,0
ZINC72023934,ChEMBL_zinc_D_6102,Cc1ccc(NS(=O)(=O)c2ccc(C(=O)Nc3ccc(CC[NH+]4CCCC4)cc3)cc2)cc1,0
ZINC63640003,ChEMBL_zinc_D_6103,Cc1ccc(C(=O)c2cc3cc4c(cc3o2)OCO4)cc1,0
ZINC63667484,ChEMBL_zinc_D_6104,CC1CCCCN1S(=O)(=O)c1ccc(C(=O)Nc2ccc(C3[NH+]=c4ccccc4=[NH+]3)cc2)cc1,0
ZINC68908355,ChEMBL_zinc_D_6105,CC(C)COC(=O)N1CCCN(S(=O)(=O)CCCCC#N)CC1,0
ZINC69393873,ChEMBL_zinc_D_6106,NC(=O)CCN(Cc1ccccc1)C(=O)NCCOCC1CCOC1,0
ZINC20415170,ChEMBL_zinc_D_6107,CC(NC(=O)CN1C(=O)CSc2ncccc21)C12CC3CC(CC(C3)C1)C2,0
ZINC20449571,ChEMBL_zinc_D_6108,Cc1nonc1CC(=O)N1CCCC([NH+]2CCN(Cc3ccc4c(c3)OCO4)CC2)C1,0
ZINC57721914,ChEMBL_zinc_D_6109,CCN(CC)S(=O)(=O)c1ccc(C)c(C(=O)NCC(C)[NH+](C)C2CC2)c1,0
ZINC68312607,ChEMBL_zinc_D_6110,C[NH+](C)CCN(Cc1ccc(F)cc1F)C(=O)C1CC(=O)N(C2CC2)C1,0
ZINC19527422,ChEMBL_zinc_D_6111,CCN1CCN(C(=O)c2snnc2C)CC(Cc2ccc(-c3cccs3)cc2)C1=O,0
ZINC19559921,ChEMBL_zinc_D_6112,COc1cccc(CNC(Cc2ccsc2)c2nc(C)c(C)s2)c1OC,0
ZINC66484516,ChEMBL_zinc_D_6113,CCOC(C)C(=O)NCC(O)COc1ccccc1,0
ZINC66524314,ChEMBL_zinc_D_6114,CCC(NC(=O)CCOc1ccc(C)cc1)c1nc2ccccc2[nH]1,0
ZINC22799206,ChEMBL_zinc_D_6115,COc1ccc(C[NH+]2CCN(CC(=O)Nc3ccccc3-c3ccccc3)CC2)cc1F,0
ZINC57486070,ChEMBL_zinc_D_6116,CSc1cccc(NC(=O)Cn2c3ccsc3c(=O)n(CC(C)C)c2=O)c1,0
ZINC49857322,ChEMBL_zinc_D_6117,CCC[NH+](CCO)Cc1nnc(-c2ccccc2)o1,0
ZINC13945708,ChEMBL_zinc_D_6118,CSc1ccc(C2[NH+]=C(NCc3ccc(Cl)cc3)N=C3N=C(C)C=C([O-])N32)cc1,0
ZINC13146947,ChEMBL_zinc_D_6119,Cc1ccc(S(C)=NS(=O)(=O)c2ccc(C)cc2)cc1,0
ZINC52958523,ChEMBL_zinc_D_6120,COCCOc1ccccc1C(=O)N(C)c1ccc2ccccc2c1,0
ZINC03907254,ChEMBL_zinc_D_6121,Cc1ccc2c(c1)N(CCC(=O)NCc1ccc3c(c1)OCO3)C(=O)CO2,0
ZINC02971976,ChEMBL_zinc_D_6122,CCCCN(CC)C(=O)CSc1nc2ccccc2c(=O)n1Cc1ccco1,0
ZINC03002241,ChEMBL_zinc_D_6123,C=CC[NH2+]CCOc1ccc(C(C)(C)C)cc1C,0
ZINC46263214,ChEMBL_zinc_D_6124,CCOCCCNC(=O)c1cccc(NC(=O)Cc2ccc3c(c2)CCO3)c1,0
ZINC40728678,ChEMBL_zinc_D_6125,CCOc1cc(C[NH2+]Cc2cccnc2)ccc1OC(C)C,0
ZINC40745202,ChEMBL_zinc_D_6126,COc1ccccc1N1CCN(C(=O)c2cc(NC(=O)C(C)C)n(-c3ccccc3)n2)CC1,0
ZINC08710607,ChEMBL_zinc_D_6127,Cc1nn(Cc2ccccc2Cl)c(C)c1C1Nc2ccccc2C(=O)N1CC1CCCO1,0
ZINC01158459,ChEMBL_zinc_D_6128,CCOC(=O)C1(CC(=O)c2ccc(F)cc2)C(=O)Oc2ccccc2C1c1ccccc1,0
ZINC00577342,ChEMBL_zinc_D_6129,CC(C)CNS(=O)(=O)c1ccc(Cl)cc1,0
ZINC08081649,ChEMBL_zinc_D_6130,CCC(C)NS(=O)(=O)c1ccc(C(=O)NC2CCCC2)cc1,0
ZINC69043616,ChEMBL_zinc_D_6131,Cc1cc(NC(=O)C(C)(C)C)sc1C(=O)NCC1CCC[NH+](C(C)C)C1,0
ZINC32801007,ChEMBL_zinc_D_6132,CC(NC(C)c1ccccc1Cl)C(=O)Nc1cccc(C#N)c1,0
ZINC69951356,ChEMBL_zinc_D_6133,CC([NH2+]Cc1nc(-c2cccs2)no1)C(C)n1cccn1,0
ZINC06838895,ChEMBL_zinc_D_6134,COc1ccc(-c2nnc(SCC(=O)c3ccc[nH]3)n2C(C)C)cc1,0
ZINC43739232,ChEMBL_zinc_D_6135,O=C(NC1CCN(C(=O)c2ccco2)CC1)c1ccc(OC2CCCC2)cc1,0
ZINC44195045,ChEMBL_zinc_D_6136,COc1ccc2c(c1)CCN(S(=O)(=O)CCNC(=O)c1ccc(Cn3ccnc3)cc1)C2,0
ZINC29455310,ChEMBL_zinc_D_6137,CC[NH+]1CCC(N(C)S(=O)(=O)c2ccc(C)cc2C)CC1,0
ZINC27594555,ChEMBL_zinc_D_6138,CCCCn1c(=O)[nH]nc1SCc1nnc(C(=O)NCc2ccc(C)cc2)s1,0
ZINC20862564,ChEMBL_zinc_D_6139,CCc1nn(CC(=O)NCCC[NH+]2CC(C)CC(C)C2)c(=O)c2cc3sccc3n21,0
ZINC21352352,ChEMBL_zinc_D_6140,C[NH+](C)CCCNC(=O)C1CC(=O)N(CCc2ccc(F)cc2)C1,0
ZINC66988654,ChEMBL_zinc_D_6141,CCOc1ccc(C[NH2+]Cc2cccc(N3CCOC3=O)c2)cc1OC,0
ZINC67030346,ChEMBL_zinc_D_6142,COc1cc(C)ccc1OCCC(=O)NC1CCOc2ccccc21,0
ZINC50174150,ChEMBL_zinc_D_6143,O=C(c1cccc(N2CCNC2=O)c1)N1CCC(Nc2ccccc2)CC1,0
ZINC00725573,ChEMBL_zinc_D_6144,COc1ccc(OC)c(C2NC(=O)NC(C)=C2C(=O)OCCc2ccccc2)c1,0
ZINC68909229,ChEMBL_zinc_D_6145,CC(Sc1ncccn1)C(=O)NCc1cccc(NC(=O)C2CCCCC2)c1,0
ZINC06702146,ChEMBL_zinc_D_6146,CC(=O)N1CCN(c2ccccc2NC(=O)c2cccc(Br)c2)CC1,0
ZINC34725323,ChEMBL_zinc_D_6147,Cc1ccc(C(=O)N2CCCC3CCCCC32)c(C2CCN(C(=O)Nc3cccc(Cl)c3)CC2)n1,0
ZINC34858959,ChEMBL_zinc_D_6148,CC(CCc1ccccc1)NC(=O)CN1CC(C)OC(C)C1,0
ZINC69110983,ChEMBL_zinc_D_6149,O=C(NCC(O)c1cccc(F)c1)NCC1CCN(c2ccc(F)cc2)C1,0
ZINC69119178,ChEMBL_zinc_D_6150,CCCOc1cccc(OS(=O)(=O)c2cn(C)cn2)c1,0
ZINC08995405,ChEMBL_zinc_D_6151,NC(=O)C1CC[NH+](CC(=O)Nc2oc3ccccc3c(=O)c2-c2ccc(Cl)cc2)CC1,0
ZINC05238243,ChEMBL_zinc_D_6152,Cc1ccc(C)c(NC(=O)C(C)Sc2nc(-c3ccccc3)c(C#N)c(=O)[nH]2)c1,0
ZINC43508434,ChEMBL_zinc_D_6153,Cc1cc(OC(=O)C2CCCCN2S(C)(=O)=O)ccc1Cl,0
ZINC43767604,ChEMBL_zinc_D_6154,O=C(CN1CCOCC1)N1CCN(C(=O)c2cc3c(s2)CCCC3)CC1,0
ZINC13120991,ChEMBL_zinc_D_6155,COc1ccc(S(=O)(=O)N2CCCCC2)cc1NC(=O)C[NH+](Cc1ccco1)Cc1ccco1,0
ZINC08594639,ChEMBL_zinc_D_6156,Cc1c2c(nn1-c1ccccc1)c(N1CCCC(C(=O)NCC[NH+](C)C)C1)nnc2C,0
ZINC57248626,ChEMBL_zinc_D_6157,CC(=O)c1csc(NC(=O)c2cc(Cl)ccc2OC(C)C)n1,0
ZINC57376609,ChEMBL_zinc_D_6158,Cc1ccsc1CN(C(=O)C(C)S(=O)(=O)c1ccc(F)cc1)C(C)C,0
ZINC30179210,ChEMBL_zinc_D_6159,CCOCc1ccccc1CNC(=O)C(C)Oc1ccc(Cl)cc1,0
ZINC71947136,ChEMBL_zinc_D_6160,CCOc1ccccc1CNCC(c1ccc(F)cc1)[NH+](C)C,0
ZINC68051339,ChEMBL_zinc_D_6161,CCS(=O)(=O)NCCSc1nnc(N2CCOCC2)s1,0
ZINC68781197,ChEMBL_zinc_D_6162,CC1CCCN(C(=O)c2ccc(N3CCCC3=O)cc2)CC1,0
ZINC68106712,ChEMBL_zinc_D_6163,CC1CCC[NH+](CCNC(=O)Cc2c[nH]c3cc(Cl)ccc23)C1,0
ZINC68119992,ChEMBL_zinc_D_6164,O=C(CCc1cccs1)NCC(=O)N1CCCC1,0
ZINC60933842,ChEMBL_zinc_D_6165,O=C(Nc1ccnn1Cc1ccsc1)c1ccc(Cl)nc1,0
ZINC60951960,ChEMBL_zinc_D_6166,COC(=O)Cc1ccc(OC(=O)c2cn(C)c3ccccc23)cc1,0
ZINC66476215,ChEMBL_zinc_D_6167,CC(C)Cn1c(SCC2(O)CCCCC2)nnc1-c1ccco1,0
ZINC66546067,ChEMBL_zinc_D_6168,CCCOc1ccc(COC(=O)C2CCCN2S(C)(=O)=O)cc1,0
ZINC60846044,ChEMBL_zinc_D_6169,COC(=O)C[NH+](C)CC(O)COCc1ccco1,0
ZINC24341488,ChEMBL_zinc_D_6170,CC(C)NC(=O)CN(C)C(=O)Cn1c(=O)cnc2ccccc21,0
ZINC68004671,ChEMBL_zinc_D_6171,Cc1cc(C)n2nc(CC(=O)N3CCCC3c3nc4ccccc4n3C)nc2n1,0
ZINC68048779,ChEMBL_zinc_D_6172,COc1cc(C#N)ccc1OCC(=O)NC(c1nc(C2CC2)no1)C(C)C,0
ZINC66399543,ChEMBL_zinc_D_6173,N#CCCC(C#N)CSc1nncn1-c1cccc(Cl)c1,0
ZINC66541781,ChEMBL_zinc_D_6174,CCOC(=O)NC1CCC(OC(=O)c2ccccc2S(=O)(=O)C(C)C)CC1,0
ZINC69070206,ChEMBL_zinc_D_6175,CC(c1ccco1)N(C)Cc1cc(=O)n2ccsc2[nH+]1,0
ZINC08423398,ChEMBL_zinc_D_6176,CCc1ccccc1NC(=O)CNC(=O)c1ccc(Cl)s1,0
ZINC00253984,ChEMBL_zinc_D_6177,CCOC(=O)c1c(C)c(C(=O)Nc2ccc(F)cc2)c(C)n1C,0
ZINC01067756,ChEMBL_zinc_D_6178,CCOc1cc(Cl)c(S(=O)(=O)n2ccnc2)cc1Cl,0
ZINC70933207,ChEMBL_zinc_D_6179,O=C(NCC1CCN(S(=O)(=O)c2cccnc2)CC1)c1cccc(F)c1,0
ZINC70942027,ChEMBL_zinc_D_6180,CC(NC(=O)c1ccccc1I)c1nccs1,0
ZINC51052462,ChEMBL_zinc_D_6181,CCCC(C)NC(=O)C1CCC[NH+](Cc2ccc(C(=O)N3CCCC3)cc2)C1,0
ZINC65257274,ChEMBL_zinc_D_6182,CCOc1cc(CNC(=O)c2nc(C)n(C3CC[NH+](C)CC3)c2C)ccc1OC,0
ZINC40770960,ChEMBL_zinc_D_6183,CCn1nc(C)c(Cl)c1C(=O)N(C)Cc1ccc(Cl)cc1,0
ZINC40795368,ChEMBL_zinc_D_6184,CCc1ccccc1NC(=O)C1(C)Sc2ccccc2NC1=O,0
ZINC39937083,ChEMBL_zinc_D_6185,CCOC(=O)C1=NC2=CC(N)C(OC)=CC2=C1,0
ZINC26511641,ChEMBL_zinc_D_6186,CC12CC(CC(C)(C)C1)[NH+](Cc1cccc3cccnc31)C2,0
ZINC68490237,ChEMBL_zinc_D_6187,CC(NC(=O)Nc1cccc(COCC2CC2)c1)c1ccccc1,0
ZINC68499829,ChEMBL_zinc_D_6188,CCCCOC(C)C(=O)N(C)Cc1ccc2c(c1)OCCO2,0
ZINC64083694,ChEMBL_zinc_D_6189,CCOc1ccc2c(c1)CN(C(=O)Cn1cccn1)CC2,0
ZINC64089910,ChEMBL_zinc_D_6190,O=C(CN1CCCCCC1=O)Nc1ccc2nc(C3CC3)sc2c1,0
ZINC67068125,ChEMBL_zinc_D_6191,COc1cccc(C(=O)Nc2ccc(C)c(NC(=O)c3ccncc3)c2)c1OC,0
ZINC67107153,ChEMBL_zinc_D_6192,O=C(Cn1cnc2ccc(F)cc2c1=O)NC1CC1c1cccc(F)c1,0
ZINC67015737,ChEMBL_zinc_D_6193,CCOc1ncccc1NC(=O)NCc1c(C)nn(CC)c1C,0
ZINC67063673,ChEMBL_zinc_D_6194,Cc1noc(CCCNC(=O)NC2CCC[NH+](Cc3ccccc3)C2)n1,0
ZINC04860782,ChEMBL_zinc_D_6195,COc1ccc(C(c2ccc(C)o2)c2ccc(OC)c(OC)c2)cc1,0
ZINC04909753,ChEMBL_zinc_D_6196,CC[NH+](CC)CCCNC(=O)c1cc(Nc2ccc(OC)cc2)nc2ccccc21,0
ZINC46027436,ChEMBL_zinc_D_6197,Cc1ccc(-c2nn(C)c(=O)c3c2CCCC3)cc1S(=O)(=O)N1CCCc2ccccc21,0
ZINC22187930,ChEMBL_zinc_D_6198,Cc1nn(Cc2cc(-c3ccc(Cl)cc3Cl)no2)c(=O)c(C#N)c1C,0
ZINC09107454,ChEMBL_zinc_D_6199,O=C(Cc1ccc(F)cc1)Nc1ccc2c(c1)CCC(=O)N2Cc1ccccc1,0
ZINC09120054,ChEMBL_zinc_D_6200,CCn1cnc2c1c(=O)n(CC(=O)NC(C)c1ccccc1)c(=O)n2Cc1ccccc1,0
ZINC68905578,ChEMBL_zinc_D_6201,O=c1[nH]nc(SCc2cc(=O)oc3cc(Br)ccc23)n1CC1CCCO1,0
ZINC68950320,ChEMBL_zinc_D_6202,Cc1ccccc1NC(=O)C(C)Nc1ccc(F)c(N2CCCS2(=O)=O)c1,0
ZINC58224116,ChEMBL_zinc_D_6203,O=C(NCCCn1nc2ccccn2c1=O)NCc1nc(C2CC2)no1,0
ZINC69462055,ChEMBL_zinc_D_6204,CCC[NH+]1CCCCC1C(=O)N1CCCC(C(=O)Nc2cccc(C)n2)C1,0
ZINC49477310,ChEMBL_zinc_D_6205,CCOCCOc1c(Cl)cccc1NC(=O)NC1CC1,0
ZINC49522711,ChEMBL_zinc_D_6206,COc1ccccc1C1(C(=O)NCC2CCN(C(=O)NC(C)(C)C)CC2)CCOCC1,0
ZINC46102519,ChEMBL_zinc_D_6207,C=CCN(C)S(=O)(=O)c1ccc(NC(=O)c2cccc(Cl)c2Cl)cc1,0
ZINC46124138,ChEMBL_zinc_D_6208,Cc1ccccc1SCC(=O)Oc1cccc(NC(=O)C2CC2)c1,0
ZINC55253234,ChEMBL_zinc_D_6209,O=C(COc1ccc(F)cc1)Oc1ccccc1-c1nnc2n1CCCCC2,0
ZINC55948211,ChEMBL_zinc_D_6210,COc1c(F)cc(NC(=O)C(NC(=O)c2ccccc2F)C(C)C)cc1F,0
ZINC00925312,ChEMBL_zinc_D_6211,Cc1sc2ncn3c(SCC(=O)Nc4cccc(Cl)c4)nnc3c2c1C,0
ZINC04144444,ChEMBL_zinc_D_6212,COc1cccc(CSc2nnc(-c3ccco3)n2-c2ccc(C)cc2)c1,0
ZINC46707166,ChEMBL_zinc_D_6213,Cc1cccc2c(=O)n(CC(=O)Nc3cnc(-c4ccccc4)nc3)cnc12,0
ZINC04838043,ChEMBL_zinc_D_6214,CCN(Cc1ccccc1)C(=O)c1ccccc1NC(=O)c1ccccc1,0
ZINC39016772,ChEMBL_zinc_D_6215,C=C(C)CN1C(Sc2nc3ccccc3[nH]2)=NC2C1C(=O)N=C([O-])N2C,0
ZINC54420870,ChEMBL_zinc_D_6216,CCOC(=O)N1CCN(S(=O)(=O)NCCc2ccc(Cl)cc2)CC1,0
ZINC63866875,ChEMBL_zinc_D_6217,Brc1ccc2c(c1)=CC[NH+]=2,0
ZINC65297657,ChEMBL_zinc_D_6218,CCN(CC)C(=O)C1CCC[NH+]1CC(O)COc1c(Cl)cccc1Cl,0
ZINC58158520,ChEMBL_zinc_D_6219,CCOC(=O)N1CCN(C(=O)C[NH+]2CCCC(c3nc(-c4cccc(F)c4)no3)C2)CC1,0
ZINC58509039,ChEMBL_zinc_D_6220,COc1ccc(SCCC(=O)NCc2nc(-c3ccccc3)cs2)cc1,0
ZINC07486448,ChEMBL_zinc_D_6221,COC(=O)c1ccc(C)c(NC(=O)C[NH+]2CCCCC2C)c1,0
ZINC69210477,ChEMBL_zinc_D_6222,COc1ccccc1C(CNC(=O)Cc1c(C)nc2ccccc2c1C)[NH+]1CCCC1,0
ZINC68242897,ChEMBL_zinc_D_6223,COC(=O)C1Cc2ccccc2CN1C(=O)CNC(=O)NC1CCCCC1,0
ZINC32831642,ChEMBL_zinc_D_6224,NC(=O)N1CCCC(C(=O)Nc2ccc(-c3nccs3)cc2)C1,0
ZINC16028196,ChEMBL_zinc_D_6225,CCn1c(CCC(=O)Nc2cccc(Br)c2)nc2cc(S(=O)(=O)N(C)C)ccc21,0
ZINC16838144,ChEMBL_zinc_D_6226,CC(C)C(=O)Nc1ccc(S(=O)(=O)Nc2ccc3c(c2)C(=O)N(C)c2ccccc2O3)cc1,0
ZINC03314505,ChEMBL_zinc_D_6227,COc1ccc(CNC(=O)c2ccc(Cl)c(S(=O)(=O)N3CCOCC3)c2)cc1,0
ZINC63234510,ChEMBL_zinc_D_6228,COc1ccc(C(=O)NCC(C2=c3ccccc3=[NH+]C2)c2ccc(N(C)C)cc2)cc1,0
ZINC16033911,ChEMBL_zinc_D_6229,CC(C)C(NC(=O)Nc1ccc(N2CC[NH+](C)CC2)cc1)C(=O)[O-],0
ZINC57493508,ChEMBL_zinc_D_6230,Cc1cc(F)ccc1-n1c(=O)c2sccc2n(CC(=O)Nc2cc(F)ccc2F)c1=O,0
ZINC64292272,ChEMBL_zinc_D_6231,CCOc1cc(NC(=O)c2cc(F)ccc2NC(=O)C2CC2C)ccc1OC,0
ZINC35558826,ChEMBL_zinc_D_6232,Cc1ccc(NC(=O)CN2C(=O)COc3ccc(C(=O)N4CCCCC4)cc32)nc1,0
ZINC57492456,ChEMBL_zinc_D_6233,Cc1ccc(C)c(-n2c(=O)c3sccc3n(CC(=O)Nc3ccc(C)c(Cl)c3)c2=O)c1,0
ZINC05711826,ChEMBL_zinc_D_6234,COc1ccc(CC(C(=O)Nc2ccccc2C)c2nnn[n-]2)c(OC)c1,0
ZINC68161047,ChEMBL_zinc_D_6235,COCCN(Cc1cccnc1)C(=O)c1cccnc1OC,0
ZINC68168345,ChEMBL_zinc_D_6236,Cc1ccc(C2(CNC(=O)COCCOc3ccccc3)CCOCC2)cc1,0
ZINC16089343,ChEMBL_zinc_D_6237,CC(=O)c1ccc(OS(=O)(=O)c2ccc(C(C)=O)cc2)cc1,0
ZINC16124946,ChEMBL_zinc_D_6238,Cc1ccc(NS(=O)(=O)c2ccc(Br)cc2)c(Cl)c1,0
ZINC35314692,ChEMBL_zinc_D_6239,COc1ccc2[nH]c(=O)c(C3c4cc(OC)c(OC)cc4CCN3C(=O)C(C)C)cc2c1,0
ZINC35685172,ChEMBL_zinc_D_6240,Cc1ccc(-c2cnn3c2NC(=O)CC3C(=O)Nc2ccc(C)c(C)c2)cc1,0
ZINC64992747,ChEMBL_zinc_D_6241,C[NH+](CCCC#N)Cc1cccc(OC(F)F)c1,0
ZINC65312221,ChEMBL_zinc_D_6242,O=C(NCCCc1ccccc1)C1CCCN(c2nnc3ccccn32)C1,0
ZINC45689167,ChEMBL_zinc_D_6243,Cc1nnnn1-c1cccc(NC(=O)NC(C)c2nc3ccccc3[nH]2)c1,0
ZINC48204292,ChEMBL_zinc_D_6244,O=C(Cc1cccc(F)c1)Nc1cccc(Cn2nc([O-])ccc2=O)c1,0
ZINC65299353,ChEMBL_zinc_D_6245,CC[NH+](CC(=O)Nc1ccc(OC)cc1OC)C(C)C(C)C,0
ZINC65307237,ChEMBL_zinc_D_6246,CCn1ncc(NC(=O)c2cccc(OC)c2)c(N2CCCCC2)c1=O,0
ZINC01461164,ChEMBL_zinc_D_6247,CCOc1ccc(C2CC(=O)Nc3cc4c(cc32)OCO4)cc1OC,0
ZINC12537223,ChEMBL_zinc_D_6248,CCC(C)c1ccccc1N1CC(C(=O)Nc2ccccc2N2CCCC2)CC1=O,0
ZINC35425538,ChEMBL_zinc_D_6249,COC(=O)c1ccc(NC(=O)Cn2nc3c(N4CCCC4)nc4ccccc4n3c2=O)cc1,0
ZINC64473570,ChEMBL_zinc_D_6250,COCc1c2ccccc2oc1C(=O)N1CCCN(c2nccs2)CC1,0
ZINC68348784,ChEMBL_zinc_D_6251,N#CC(C(=O)Cc1ccc(F)cc1)c1nc(-c2c(F)cccc2F)cs1,0
ZINC68370523,ChEMBL_zinc_D_6252,C=CCN(CCc1ccccc1)C(=O)Nc1ccc[nH+]c1N1CCCC1,0
ZINC19572009,ChEMBL_zinc_D_6253,COc1ncc(C(=O)N2CCCC(c3nc(-c4cccs4)cc(=O)[nH]3)C2)cn1,0
ZINC19582499,ChEMBL_zinc_D_6254,Cc1oc(C(=O)N2CCc3sccc3C2c2ccccc2)cc1CN1CCOCC1,0
ZINC69633804,ChEMBL_zinc_D_6255,CCC(C)NC(=O)NC1CCCc2cc(OC(F)F)ccc21,0
ZINC29985078,ChEMBL_zinc_D_6256,N#Cc1ccc(C[NH+]2CCCN(C(=O)c3cc4c(s3)CCCC4)CC2)cc1,0
ZINC49400667,ChEMBL_zinc_D_6257,Cc1ccc(C(N)=O)c(OC(=O)C(C)Oc2ccc(Cl)c(C)c2)c1,0
ZINC05038793,ChEMBL_zinc_D_6258,Cc1cccc(C(C)C)c1NC(=O)COc1ccc(C(F)(F)F)cc1,0
ZINC57552819,ChEMBL_zinc_D_6259,COc1ccccc1NC(=O)C(C)[NH+]1CCC(c2nc3ccccc3o2)CC1,0
ZINC03295199,ChEMBL_zinc_D_6260,COc1cccc(Oc2ncnc3sc4c(c32)CCC4)c1,0
ZINC66155773,ChEMBL_zinc_D_6261,CC1CCN(C(=O)C2CCC[NH+](CCn3cncn3)C2)CC1,0
ZINC66342950,ChEMBL_zinc_D_6262,Cc1cc(C(=O)N2CCCCC2C)ccc1NC(=O)C1CCC(=O)N1,0
ZINC70964616,ChEMBL_zinc_D_6263,CCN(C)C(=O)c1cccc(OC(=O)Cc2ccc(Cl)c(Cl)c2)c1,0
ZINC70973025,ChEMBL_zinc_D_6264,COc1ccccc1C(NC(=O)c1ccc(F)cc1Cl)c1noc(C)n1,0
ZINC67798470,ChEMBL_zinc_D_6265,COCCN(C(=O)Cc1cccc(Cl)c1)c1nc2ccccc2s1,0
ZINC67825761,ChEMBL_zinc_D_6266,CCOC1CCCN(C(=O)C(C)n2ccnc2)C1,0
ZINC58226681,ChEMBL_zinc_D_6267,CNC(=O)c1cc(Cl)ccc1NC(=O)c1cc(OC)c(C)c(OC)c1,0
ZINC58233567,ChEMBL_zinc_D_6268,Cc1n[nH]c2ncc(C(=O)NCc3ccccc3COCc3ccccc3)cc12,0
ZINC49909825,ChEMBL_zinc_D_6269,COc1ccc(CNC(=O)CCOc2ccccc2F)cc1OC,0
ZINC68982587,ChEMBL_zinc_D_6270,O=C(CSc1nnc(-c2ccccc2)c2ccccc21)c1ccc2c(c1)COC2,0
ZINC72095970,ChEMBL_zinc_D_6271,CCCCc1ccc([N-]S(=O)(=O)C2CCCCC2O)cc1,0
ZINC14538284,ChEMBL_zinc_D_6272,O=C(NCCc1c[nH]c[nH+]1)C1CC(C[NH+]2CCCC2)CN(CCc2ccccc2)C1,0
ZINC69519844,ChEMBL_zinc_D_6273,CCn1c(C)nnc1Sc1ccc(C#N)cn1,0
ZINC69654219,ChEMBL_zinc_D_6274,CCc1noc(CN(C)C(=O)Nc2cc(N3CCCS3(=O)=O)ccc2F)n1,0
ZINC06648579,ChEMBL_zinc_D_6275,Cn1nc(C(=O)Nc2cc(Cl)ccc2-n2cncn2)ccc1=O,0
ZINC68343106,ChEMBL_zinc_D_6276,Cc1ccc(NCCNC(=O)COc2ccc3c(c2)CCC(=O)N3)n[nH+]1,0
ZINC68234761,ChEMBL_zinc_D_6277,CC(NC(=O)c1ccccc1Cl)C(=O)NC(C)C12CC3CC(CC(C3)C1)C2,0
ZINC68329369,ChEMBL_zinc_D_6278,CC[NH+]1CCCC1CN(CC[NH+](C)C)C(=O)c1ccc2nccn2c1,0
ZINC68979644,ChEMBL_zinc_D_6279,COC(=O)c1cncn(CC(O)COc2ccc(C(C)=O)cc2)c1=O,0
ZINC68987153,ChEMBL_zinc_D_6280,CCCN(CCc1ccccn1)C(=O)c1ccnc(Cl)c1,0
ZINC08610745,ChEMBL_zinc_D_6281,CSc1ccc(CNC(=O)CN2c3cc(C(=O)N4CCCC4)ccc3N3CCCCC3C2=O)cc1,0
ZINC08600812,ChEMBL_zinc_D_6282,CCN(C(=O)C1CCN(S(=O)(=O)c2ccc3c(c2)CCCN3C(C)=O)CC1)c1cccc(C)c1,0
ZINC09712438,ChEMBL_zinc_D_6283,COc1ccc(C(CNC(=O)c2cccc(S(=O)(=O)N3CCCCC3)c2)[NH+]2CCCC2)cc1,0
ZINC03456185,ChEMBL_zinc_D_6284,CCc1nnc(NC(=O)C2CC(=O)N(Cc3ccccc3)C2)s1,0
ZINC45971339,ChEMBL_zinc_D_6285,COc1ccc(C)cc1NC(=O)CSc1nnc2c3cc(-c4ccc(C)cc4)nn3ccn12,0
ZINC53132780,ChEMBL_zinc_D_6286,CN(CC(=O)NCc1nc2ccccc2[nH]1)C(=O)c1ccsc1,0
ZINC68532613,ChEMBL_zinc_D_6287,O=C(NCCCOCC1CCCO1)c1cc(Cl)nc2ccccc21,0
ZINC68539713,ChEMBL_zinc_D_6288,CCn1c(=O)[nH]c(=O)c2c(C(=O)N3CC(C)OC(C)(C)C3)cc(C(C)C)nc21,0
ZINC63129118,ChEMBL_zinc_D_6289,CCOCCSc1nnc(N2CCOCC2)s1,0
ZINC63735632,ChEMBL_zinc_D_6290,Cc1ccc(Nc2ccccc2C(=O)Nc2ccc(-n3cncn3)nc2)cc1,0
ZINC19594970,ChEMBL_zinc_D_6291,N#Cc1c(N)nc2c(c1-c1ccco1)CCCCCC2,0
ZINC19716687,ChEMBL_zinc_D_6292,Cc1cccc2c(C(=O)NCCCn3cccn3)cc(-c3cccnc3)nc12,0
ZINC65358019,ChEMBL_zinc_D_6293,CCOc1ccc(NC(=O)NCc2cc(OC)c(O)c(OC)c2)cc1OCC,0
ZINC65371178,ChEMBL_zinc_D_6294,COc1ccccc1CC(C)NC(C)c1nc(C(C)C)no1,0
ZINC03294668,ChEMBL_zinc_D_6295,C=CCn1c(SCC(=O)N2CC3(C)CC2CC(C)(C)C3)nc2sc(CC)cc2c1=O,0
ZINC12753387,ChEMBL_zinc_D_6296,Cc1cc(F)ccc1NC(=O)CCC1CCCN(C(=O)c2cccc3nccnc32)C1,0
ZINC66671092,ChEMBL_zinc_D_6297,COc1ccc2oc(C(C)NC(=O)Nc3cccnc3-n3cncn3)c(C)c2c1,0
ZINC66693128,ChEMBL_zinc_D_6298,CN(C)C(=O)COc1cccc(C(=O)N2CCOC(c3cccc(F)c3)C2)c1,0
ZINC09707578,ChEMBL_zinc_D_6299,CSc1ccccc1-c1nnc(NC(=O)c2ccc(S(=O)(=O)N(C)CC3CCCO3)cc2)o1,0
ZINC09753835,ChEMBL_zinc_D_6300,CC(=O)c1sc(NC(=O)c2cccc(S(=O)(=O)N(C)C)c2)nc1-c1ccccc1,0
ZINC32624281,ChEMBL_zinc_D_6301,Cc1cc(OC(C)C(=O)Nc2noc(-c3ccc(F)cc3)n2)cc(C)c1Cl,0
ZINC32934578,ChEMBL_zinc_D_6302,C#CCN(C1CCc2ccccc21)S(=O)(=O)c1ccccc1Cl,0
ZINC65230453,ChEMBL_zinc_D_6303,CCC1CCCCN1C(=O)c1c(C)oc2ccn(Cc3ccccc3F)c(=O)c21,0
ZINC65241509,ChEMBL_zinc_D_6304,COc1ccccc1NS(=O)(=O)c1ccc2c(c1)C(=O)N(C)c1ncccc1O2,0
ZINC12930872,ChEMBL_zinc_D_6305,O=C(COC(=O)C1CC(=O)Nc2cc(F)ccc21)Nc1ccccc1,0
ZINC58515736,ChEMBL_zinc_D_6306,Cc1n[nH]c2ncc(C(=O)N(Cc3ccc(C#N)cc3)Cc3cccc(F)c3)cc12,0
ZINC02584628,ChEMBL_zinc_D_6307,Nc1ccc(SCc2ccc(Cl)c(Cl)c2)cc1,0
ZINC64488446,ChEMBL_zinc_D_6308,CC[NH+](CC)C(CNC(=O)c1ccc2c(c1)COC2)c1ccsc1,0
ZINC69161462,ChEMBL_zinc_D_6309,COc1ccc2oc(C(=O)N(C)Cc3ccco3)c(C)c2c1,0
ZINC69203007,ChEMBL_zinc_D_6310,N#Cc1ccc(Oc2ccc(NC(=O)NCCc3ccccn3)cc2)cc1,0
ZINC50569264,ChEMBL_zinc_D_6311,Cc1cc(F)ccc1C[NH2+]C(C)C1CCCO1,0
ZINC50727938,ChEMBL_zinc_D_6312,Cc1ccc(N2CCC(C(=O)N3CCCC(C(=O)NC4CC4)C3)C2=O)cc1,0
ZINC35310923,ChEMBL_zinc_D_6313,Cc1ccc(CNS(=O)(=O)c2cccc(S(=O)(=O)N3CCOCC3)c2)cc1,0
ZINC04162549,ChEMBL_zinc_D_6314,CN1C(=O)NC(c2ccc(Cl)cc2)C(C(=O)c2cccs2)C1(O)C(F)(F)F,0
ZINC07987803,ChEMBL_zinc_D_6315,CCOc1ccc(NC(=O)c2ccccc2OCc2c(C)noc2C)cc1OC,0
ZINC08244045,ChEMBL_zinc_D_6316,CN(Cc1nc2ccccc2s1)C(=O)c1ccccn1,0
ZINC53213393,ChEMBL_zinc_D_6317,Cc1ccc(C(C)[NH+](C)CC(=O)Nc2oc(C)c3c2c(=O)[nH]nc3C)s1,0
ZINC54538039,ChEMBL_zinc_D_6318,CC(C)Oc1ccc(C#N)cc1NC(=O)NCC(C)(C)N1CCOCC1,0
ZINC39733771,ChEMBL_zinc_D_6319,COC(=O)C1=C(C)C(C(=O)C(C)n2nnc(-c3ccc(C)cc3)n2)=NC1C,0
ZINC40040376,ChEMBL_zinc_D_6320,CCN(CC)S(=O)(=O)N1CCCC1Cc1ccccc1,0
ZINC67045961,ChEMBL_zinc_D_6321,Cc1nn(C)c(C)c1CCNC(=O)NC1CCN(c2ccc(C#N)cn2)CC1,0
ZINC67091025,ChEMBL_zinc_D_6322,Cc1cc(C2CCCN2C(=O)NCc2ccc3c(c2)OCCCO3)no1,0
ZINC69766042,ChEMBL_zinc_D_6323,CCOc1cc(CNC(=O)NC(c2nc(-c3ccccc3)no2)C(C)C)ccn1,0
ZINC58661023,ChEMBL_zinc_D_6324,CCN(Cc1nc2ccccc2c(=O)[nH]1)C(=O)Nc1ccc2c(c1)C(=O)NC2,0
ZINC69470547,ChEMBL_zinc_D_6325,CN(Cc1ccccn1)C(=O)NCC(C)(C)NS(C)(=O)=O,0
ZINC69674796,ChEMBL_zinc_D_6326,COc1ccc(S(=O)(=O)Nc2ccc(C)cn2)cc1C,0
ZINC63786115,ChEMBL_zinc_D_6327,CC(C)(C)NC(=O)CNC(=O)N1CC=C(c2cccc3ccccc32)CC1,0
ZINC63833978,ChEMBL_zinc_D_6328,Cc1cc(C)n(CCC2[NH+]=c3cccc(C)c3=[NH+]2)n1,0
ZINC66595063,ChEMBL_zinc_D_6329,O=C(NCc1nc(-c2cccs2)n[nH]1)Nc1cccc(N2CCNC2=O)c1,0
ZINC66600967,ChEMBL_zinc_D_6330,O=C(CNC(=O)NCc1ccc(Cl)cc1)NC1CCOc2ccccc21,0
ZINC08917580,ChEMBL_zinc_D_6331,CCOc1ccc(-n2ccc(=O)c(C(=O)Nc3ccc(OC)cc3OC)n2)cc1,0
ZINC08949258,ChEMBL_zinc_D_6332,CCSc1nc2c(cnn2CCNC(=O)C(C)Oc2ccccc2)c(NCCOC)n1,0
ZINC02537304,ChEMBL_zinc_D_6333,CC(NC(=O)c1nn(C)cc1N)c1cnn(C)c1,0
ZINC12395874,ChEMBL_zinc_D_6334,COC(=O)C(C)Cn1cccn1,0
ZINC66406936,ChEMBL_zinc_D_6335,Cc1ncsc1CN(C)C(=O)c1cc(S(=O)(=O)NC2CC2)ccc1C,0
ZINC66411509,ChEMBL_zinc_D_6336,Cc1cc(C[NH+]2CCN(CCn3cccn3)CC2)no1,0
ZINC69175833,ChEMBL_zinc_D_6337,Cc1ccc(C(N)=O)cc1NC(=O)C(C)Oc1cc(C(C)C)ccc1C,0
ZINC69365474,ChEMBL_zinc_D_6338,COc1ccccc1C(CNC(=O)C1(C)Cc2ccccc2C(=O)O1)[NH+](C)C,0
ZINC69100012,ChEMBL_zinc_D_6339,CCCn1nccc1NC(=O)N(C)C(C)c1ccco1,0
ZINC08423302,ChEMBL_zinc_D_6340,CCc1ccccc1NC(=O)CNC(=O)COc1ccc(Cl)c(C)c1,0
ZINC10123554,ChEMBL_zinc_D_6341,Cc1nc(COc2ccc(C(=O)Nc3ccc(C)cc3O)cc2)no1,0
ZINC45854854,ChEMBL_zinc_D_6342,COC(=O)C(C)CN(C)C(=O)c1ccc2c(c1)S(=O)(=O)c1ccccc1C2=O,0
ZINC40287433,ChEMBL_zinc_D_6343,O=C(Nc1ccc(Br)cc1)C1CC(=O)Nc2nc(Nc3ccccc3)[nH]c(=O)c21,0
ZINC40386671,ChEMBL_zinc_D_6344,CCOc1ccc(NC(=O)CC2Cn3nc(C)nc3NC2=O)cc1,0
ZINC06845778,ChEMBL_zinc_D_6345,Cc1ccc(S(=O)(=O)NC(C)C(=O)N(C)Cc2ccccc2)cc1,0
ZINC02794745,ChEMBL_zinc_D_6346,Cc1cc(F)ccc1NC(=O)C(C)Cn1cc(Br)cn1,0
ZINC72174540,ChEMBL_zinc_D_6347,COc1cccc(-c2n[nH]cc2C(=O)N2CCCC3(CN(C)C(=O)O3)C2)c1,0
ZINC07457700,ChEMBL_zinc_D_6348,COc1cc(=O)n(-c2ccc(C)cc2)nc1C(=O)N1CCCC1,0
ZINC32997890,ChEMBL_zinc_D_6349,CCSc1nnc2c(n1)OC(c1ccccc1)N(C(C)=O)c1ccc(F)cc1-2,0
ZINC33006222,ChEMBL_zinc_D_6350,Cc1ccc(Cn2c(=O)c(N3CCC(C(=O)NC(C)Cc4ccco4)CC3)nc3cccnc32)cc1,0
ZINC53045538,ChEMBL_zinc_D_6351,O=C(Cn1cccc(C(F)(F)F)c1=O)NC1COc2ccccc2C1,0
ZINC58548957,ChEMBL_zinc_D_6352,Cc1nc(NC(=O)c2ccc(C(N)=O)cc2)sc1Cc1ccc(F)cc1,0
ZINC34901495,ChEMBL_zinc_D_6353,CCn1nc(C(=O)NCc2ccccc2)cc1-c1ccccc1OC,0
ZINC00974384,ChEMBL_zinc_D_6354,O=C(Nc1ccc2c(c1)OCO2)c1cc2nc(-c3ccco3)cc(C(F)(F)Cl)n2n1,0
ZINC05949281,ChEMBL_zinc_D_6355,CCOc1ccc(-n2c(SCC(=O)NC3CCCCC3)nnc2-c2ccncc2)cc1,0
ZINC14158562,ChEMBL_zinc_D_6356,O=C(Nc1ccccc1)C(c1ccccc1)N1CCN(C(=O)C2CC2)CC1,0
ZINC49581930,ChEMBL_zinc_D_6357,CC(C)Oc1ccc2ncnc(Cl)c2c1,0
ZINC00917895,ChEMBL_zinc_D_6358,O=C(CCSc1nc(-c2ccco2)cc(C(F)(F)F)n1)N1CCCCC1,0
ZINC69157582,ChEMBL_zinc_D_6359,CCCNC(=O)CCC(=O)NC(c1ccc(F)cc1)C1CCC1,0
ZINC22238315,ChEMBL_zinc_D_6360,CCOc1ccccc1N1CC(C(=O)Nc2nc(C[NH+]3CCCCC3)cs2)CC1=O,0
ZINC01569585,ChEMBL_zinc_D_6361,COc1cc2c(c(OC)c1OC)C(=O)CO2,0
ZINC09332719,ChEMBL_zinc_D_6362,O=C(Nc1nnc(Cc2ccc(Cl)cc2)s1)c1cccc(Br)c1,0
ZINC01216515,ChEMBL_zinc_D_6363,O=C(Nc1cccc(NC(=O)c2cccc(Cl)c2)c1)c1cccc(Cl)c1,0
ZINC05055511,ChEMBL_zinc_D_6364,CNC(=O)c1c(NC(=O)c2cccc(Cl)c2)sc2c1CCC(C)C2,0
ZINC02657856,ChEMBL_zinc_D_6365,Cc1c(C(=O)[O-])sc2nc(CSc3cc(C)ccc3C)[nH]c(=O)c12,0
ZINC08816927,ChEMBL_zinc_D_6366,CCc1cc2c(=O)c(-c3nc4ccccc4n3C)coc2c(C[NH+]2CCCCC2C)c1O,0
ZINC63927335,ChEMBL_zinc_D_6367,COc1ccc(NC(C)=O)cc1NC(=O)CS(=O)(=O)c1ccc(O)cc1,0
ZINC63960778,ChEMBL_zinc_D_6368,Cc1ccc(C#N)cc1NC(=O)C(NC(=O)Cc1ccccc1)C(C)C,0
ZINC68244250,ChEMBL_zinc_D_6369,COc1ccc2c(CC(=O)N(C)CCCc3nc4ccccc4[nH]3)coc2c1,0
ZINC51527428,ChEMBL_zinc_D_6370,Cc1c(C(=O)Oc2ccc3ccncc3c2)sc2ncn(C)c(=O)c12,0
ZINC09767063,ChEMBL_zinc_D_6371,CCOC(=O)Cn1c2c(cccc2OCC)sc1=NC(=O)c1cc(OC)c(OC)c(OC)c1,0
ZINC09819499,ChEMBL_zinc_D_6372,CCCCOc1cccc(NC(=O)c2ccc(OCCOCC)cc2)c1,0
ZINC04849111,ChEMBL_zinc_D_6373,Cc1ccc2cc(C#N)c(SCC(=O)Nc3ccc(N(C)C)cc3)nc2c1C,0
ZINC01362459,ChEMBL_zinc_D_6374,CCOc1ccc(-n2c(SCC(=O)N(CC)CC)nnc2-c2ccccn2)cc1,0
ZINC69779364,ChEMBL_zinc_D_6375,O=C(CNc1ccccc1C(=O)NCCO)N1CCc2ccccc21,0
ZINC69788486,ChEMBL_zinc_D_6376,O=C(CNC(=O)OCc1ccccc1)NCCc1ccc(F)cc1F,0
ZINC00530231,ChEMBL_zinc_D_6377,COc1cccc(CSc2nnc(-c3cccc(Cl)c3)n2N)c1,0
ZINC50768817,ChEMBL_zinc_D_6378,Cc1ccc(CC2CCCN(C(=O)c3cc(=O)c4ccccc4[nH]3)C2)cc1,0
ZINC67841385,ChEMBL_zinc_D_6379,Cn1cc(C(=O)Nc2cccc(OC(=O)COc3ccccc3Cl)c2)cn1,0
ZINC67895018,ChEMBL_zinc_D_6380,COc1c[nH]c(C(=O)NCc2cccnc2-n2cnc3ccccc32)cc1=O,0
ZINC47040134,ChEMBL_zinc_D_6381,CC(C)C(NC(=O)Nc1ccccc1)C(=O)Nc1cccc(N2CCNC2=O)c1,0
ZINC60637327,ChEMBL_zinc_D_6382,CC(=O)N1Cc2ccccc2CC1C(=O)N(C)Cc1sccc1C,0
ZINC58835650,ChEMBL_zinc_D_6383,CC(C)OCCOC(=O)c1ccc(S(C)(=O)=O)cc1,0
ZINC59351913,ChEMBL_zinc_D_6384,COc1ccc(C(C)NC(=O)COc2ccccc2C(C)C)cc1,0
ZINC47122731,ChEMBL_zinc_D_6385,CCc1nc2ccccc2n1CC(=O)NCc1cccnc1-n1cncn1,0
ZINC60706215,ChEMBL_zinc_D_6386,CC(C)c1ccc(-c2noc(CSc3nncs3)n2)cc1,0
ZINC67084790,ChEMBL_zinc_D_6387,CC1Oc2ccccc2N(CC(=O)NCCc2ccccc2Cl)C1=O,0
ZINC67119705,ChEMBL_zinc_D_6388,COc1cccc(CN(C)c2ncc(Br)cn2)c1,0
ZINC43325436,ChEMBL_zinc_D_6389,Cc1ccc(NC(=O)N(C)Cc2ccc(OC(F)F)cc2)c(F)c1,0
ZINC04661714,ChEMBL_zinc_D_6390,Cc1ccccc1N1CCN(c2ccccc2NC(=O)C2CCCCC2C(=O)[O-])CC1,0
ZINC01059663,ChEMBL_zinc_D_6391,Cc1ccc(C2CC(=O)Nc3cc4c(cc32)OCCO4)s1,0
ZINC04335512,ChEMBL_zinc_D_6392,CCOC(=O)CN(C(=O)CSc1nc(C)cc(C)c1C#N)c1ccc(Cl)cc1,0
ZINC67790758,ChEMBL_zinc_D_6393,Cc1nnc(NC(=O)COc2ccccc2OCC(F)(F)F)s1,0
ZINC67833657,ChEMBL_zinc_D_6394,CCc1ncc2c(n1)CN(C(=O)C(CC)N1CCOCC1)C2,0
ZINC02786707,ChEMBL_zinc_D_6395,Cc1ccn(CCC(=O)Nc2cnn(Cc3ccccc3)c2)n1,0
ZINC69677182,ChEMBL_zinc_D_6396,COC(=O)c1ccc(C)c(S(=O)(=O)[N-]c2ncccc2OC)c1,0
ZINC63993581,ChEMBL_zinc_D_6397,COC(=O)C1C(NC(C)=O)c2cc(NCCc3ccccc3)c[nH+]c2N1CCC1=c2ccccc2=[NH+]C1,0
ZINC64101049,ChEMBL_zinc_D_6398,COc1ccc(-c2cnc(CCC(=O)C(C#N)c3ccccn3)o2)cc1,0
ZINC67099354,ChEMBL_zinc_D_6399,O=C1c2ccccc2CS(=O)(=O)N1Cc1noc(C2CC2)n1,0
ZINC67137961,ChEMBL_zinc_D_6400,O=C(CCCCCc1cccs1)N1CCC(C(=O)Nc2ccccn2)CC1,0
ZINC20493031,ChEMBL_zinc_D_6401,Cc1ccc(OC(C)C(=O)NCc2ccc(OC(C)C)cc2)cc1,0
ZINC20602462,ChEMBL_zinc_D_6402,COc1ccc(CCN(Cc2cnn(C)c2)S(=O)(=O)c2ccc(CC(C)C)cc2)cc1OC,0
ZINC37625840,ChEMBL_zinc_D_6403,c1ccc2c(c1)SC1CCCC21,0
ZINC48412106,ChEMBL_zinc_D_6404,O=S(=O)(N1CCCC1c1ccccc1)N1CCOCC1,0
ZINC68710683,ChEMBL_zinc_D_6405,CCN(CC)S(=O)(=O)c1ccc(CCC(=O)NC2CC[NH+](Cc3ccc(F)c(F)c3)CC2)cc1,0
ZINC68759745,ChEMBL_zinc_D_6406,COc1ccc(CC2CCCN2C(=O)C(C)c2ccc3c(c2)OCCO3)cc1,0
ZINC43276622,ChEMBL_zinc_D_6407,CC(C)C(Sc1nc2sccc2c(=O)n1C)C(=O)NC(C)(C)C,0
ZINC02214688,ChEMBL_zinc_D_6408,CC[NH+](CC)CCSc1nnc2c3cc(C)cc(C)c3n(C)c2n1,0
ZINC60806944,ChEMBL_zinc_D_6409,CCNC(=O)COc1ccc(C[NH2+]C(CC)CO)cc1OC,0
ZINC02526113,ChEMBL_zinc_D_6410,CCn1cc(-c2cc(C(F)(F)F)nc(SCCC(=O)[O-])n2)c(C)n1,0
ZINC67154734,ChEMBL_zinc_D_6411,C#Cc1cccc(NC(=O)c2cc(S(=O)(=O)CC)ccc2Cl)c1,0
ZINC67197190,ChEMBL_zinc_D_6412,CC(=O)c1ccc(NC(=O)Cn2c3ccccc3c(=O)n(Cc3ccco3)c2=O)cc1,0
ZINC08734446,ChEMBL_zinc_D_6413,Cc1c(C)n(C2CCCC2)c(NC(=O)CSc2nncs2)c1C#N,0
ZINC08993917,ChEMBL_zinc_D_6414,NC(=O)C(Nc1ncnc2sc3c(c21)CCCC3)c1ccccc1,0
ZINC19946297,ChEMBL_zinc_D_6415,Clc1ccc(CNC2C[NH+]3CCC2CC3)c(Cl)c1,0
ZINC58169072,ChEMBL_zinc_D_6416,Cc1cc2nc(NC3CCCN(S(C)(=O)=O)C3)c3ccccc3n2n1,0
ZINC21717518,ChEMBL_zinc_D_6417,CCOC(=O)c1c(C)n(C)c(C)c1S(=O)(=O)N1CCCC(C(=O)Nc2cccc(F)c2)C1,0
ZINC29578705,ChEMBL_zinc_D_6418,CCC(C)NC(=O)C(C)Nc1ccc(N2CCCC2=O)cc1,0
ZINC20467123,ChEMBL_zinc_D_6419,COCCC(=O)NC1CCC2(C)CCC(C(C)C(=O)N3CCCCC3)C(O)C2C1C,0
ZINC15068116,ChEMBL_zinc_D_6420,Cc1ccc(CN(C)C(=O)C2CCC[NH+](C3CCN(C)CC3)C2)o1,0
ZINC48955476,ChEMBL_zinc_D_6421,CCNC(=O)Nc1ccc(OCCOC)c(F)c1,0
ZINC49255120,ChEMBL_zinc_D_6422,CC(C)NC(=O)CNC(=O)Nc1cc(F)ccc1F,0
ZINC51530454,ChEMBL_zinc_D_6423,CC(C)c1ccc(CN(C)C(=O)Cn2ncc(=O)c3ccccc32)cc1,0
ZINC68281076,ChEMBL_zinc_D_6424,Cc1ccc(CNC(=O)C2CCN(C(=O)c3cc[nH]c3)CC2)cc1F,0
ZINC19741600,ChEMBL_zinc_D_6425,COc1ccccc1CN1CCCC(c2ccnc(SCC[NH+]3CCCC3)n2)C1,0
ZINC20213933,ChEMBL_zinc_D_6426,CCOC(=O)C1=C(CN2CCOCC2)NC(=O)NC1c1ccco1,0
ZINC25650919,ChEMBL_zinc_D_6427,O=c1cc(C(F)(F)F)c2ccc(OS(=O)(=O)c3ccc(Br)s3)cc2o1,0
ZINC57622298,ChEMBL_zinc_D_6428,Cc1nnc(C[NH+](Cc2ccc3c(c2)OCO3)C2CCCC(C)C2C)o1,0
ZINC66747501,ChEMBL_zinc_D_6429,CNC(=O)c1ccc(CSc2nc(C(F)(F)F)nc3ccccc32)cc1,0
ZINC25669882,ChEMBL_zinc_D_6430,O=C(COc1ccc2c(c1)CCC(=O)N2)OCc1nnc(-c2ccccc2)o1,0
ZINC66016991,ChEMBL_zinc_D_6431,COC(=O)C(C)NC(=O)C(C)OCC1CCCO1,0
ZINC66215142,ChEMBL_zinc_D_6432,CCCCNC(=O)c1ccc(NC(=O)CNc2ccc(C)c(Cl)c2)cc1,0
ZINC68489445,ChEMBL_zinc_D_6433,CC[NH+](CC)C(C)CNC(=O)Nc1cccc(NC(=O)C(C)OC)c1,0
ZINC68600685,ChEMBL_zinc_D_6434,CC1(C)COC(=O)C1OC(=O)CNC(=O)Cc1ccccc1,0
ZINC66605402,ChEMBL_zinc_D_6435,O=C(NCc1nnc2n1CCCCC2)c1csc(-c2ccccc2Cl)n1,0
ZINC66663087,ChEMBL_zinc_D_6436,CCOc1ccc2cc(C(=O)Nc3ccnn3C3CC[NH+](CC)CC3)[nH]c2c1,0
ZINC67811266,ChEMBL_zinc_D_6437,CNC(=O)Cc1ccccc1NC(=O)CC(C)C(C)C,0
ZINC67908351,ChEMBL_zinc_D_6438,CC(C)NC(=O)CNC(=O)C1CC(C(=O)[O-])[NH+](C)C1c1ccccc1F,0
ZINC04842290,ChEMBL_zinc_D_6439,FC(F)(F)c1cccc(OCCC[NH+]2CCOCC2)c1,0
ZINC47481978,ChEMBL_zinc_D_6440,CCC(C)N(C)C(=O)Nc1ccc(C(=O)N2CCCC2)cc1,0
ZINC05665769,ChEMBL_zinc_D_6441,CCC(C)C(NC(=O)C(CC(C)C)NC(=O)OCc1ccccc1)C(N)=O,0
ZINC57100935,ChEMBL_zinc_D_6442,CCOC(=O)N1CCN(S(=O)(=O)NC(C)c2ccc(C)s2)CC1,0
ZINC09444103,ChEMBL_zinc_D_6443,CCOC(=O)c1c2c(sc1NC(=O)C(C)Sc1nc3ccccc3s1)CCC2,0
ZINC03429627,ChEMBL_zinc_D_6444,CCn1c2ccccc2c2cc(NC(=O)C[NH+]3CCN(c4ccc(C(C)=O)cc4)CC3)ccc21,0
ZINC57679913,ChEMBL_zinc_D_6445,Clc1ccc(-c2cnc(CN3CCN(c4nccs4)CC3)o2)cc1,0
ZINC58003321,ChEMBL_zinc_D_6446,CC(CNc1nc2ccccc2o1)C[NH+]1CCCC1,0
ZINC35397103,ChEMBL_zinc_D_6447,COC(=O)c1cc2ccsc2n1CC(=O)Nc1ccccc1OC,0
ZINC64497452,ChEMBL_zinc_D_6448,CCCOC1CCCN(C(=O)c2cc(Cl)ccc2[N-]S(C)(=O)=O)C1,0
ZINC64412919,ChEMBL_zinc_D_6449,C#CCN(Cc1ccc(C)cc1)C(=O)NCCNS(C)(=O)=O,0
ZINC35527102,ChEMBL_zinc_D_6450,Cc1noc(C)c1S(=O)(=O)N1CCC(CC(=O)NCc2cccnc2)CC1,0
ZINC14531881,ChEMBL_zinc_D_6451,CC(C)C(=O)N1CC(=O)N(C(C)C)CC(OCc2ccc(OC(F)(F)F)cc2)C1,0
ZINC15672340,ChEMBL_zinc_D_6452,COCCCNC(=O)C1CCCN1c1nnc(N2CCCC2=O)s1,0
ZINC63270132,ChEMBL_zinc_D_6453,COc1ccc2c(c1)C(c1csc(NC(=O)CCC3=c4ccccc4=[NH+]C3)n1)C(C)N2C,0
ZINC63283352,ChEMBL_zinc_D_6454,CS(=O)(=O)c1ccc(OCCCn2cnc3ccsc3c2=O)cc1,0
ZINC36256015,ChEMBL_zinc_D_6455,O=C(NCCCN1CCOCC1)C(C1CCCC1)N1CCN(C(=O)C2CC2)CC1,0
ZINC40162855,ChEMBL_zinc_D_6456,COc1cccc(C2C(C(=O)[O-])CC(=O)N2C)c1,0
ZINC67161154,ChEMBL_zinc_D_6457,CC(C)(C)OC(=O)NCC(=O)N1CCN(C(=O)c2ccc(F)c(F)c2)CC1,0
ZINC67188964,ChEMBL_zinc_D_6458,CNC(=O)COc1ccccc1C[NH2+]CCCC[NH+]1CCC(C)CC1,0
ZINC09167457,ChEMBL_zinc_D_6459,CCCN1c2ccc(NS(=O)(=O)c3ccccc3Br)cc2OCC(C)(C)C1=O,0
ZINC09254201,ChEMBL_zinc_D_6460,CC1(C(=O)Nc2ccc(S(=O)(=O)Nc3ncccn3)cc2)Cc2ccccc2C(=O)O1,0
ZINC02555934,ChEMBL_zinc_D_6461,C#CCSc1nc(-c2cccs2)n[nH]1,0
ZINC35287800,ChEMBL_zinc_D_6462,C=C(C)Cc1c([O-])nc(CC)[nH]c1=O,0
ZINC35103430,ChEMBL_zinc_D_6463,O=C(c1sc2ccccc2c1Cl)N1CCCC(O)C1,0
ZINC35316385,ChEMBL_zinc_D_6464,NC(=O)COc1ccc(C2CC(=O)Nc3c(-c4ccccc4)nsc32)cc1,0
ZINC60697848,ChEMBL_zinc_D_6465,C#CCOC(=O)c1sccc1-c1ccccc1,0
ZINC60818407,ChEMBL_zinc_D_6466,CCOc1cc(C[NH2+]CC(=O)Nc2c(C)cccc2C)ccc1OCC(C)C,0
ZINC08622835,ChEMBL_zinc_D_6467,COc1ccc(-c2cc(C3C[NH+]4CCC3CC4CNC(=O)C3CCC3)nc(C)n2)cc1OC,0
ZINC08726280,ChEMBL_zinc_D_6468,CCCNC(=O)CN(C)C(=O)CCn1c2ccccc2c(=O)[nH]c1=O,0
ZINC09528393,ChEMBL_zinc_D_6469,CC(C)CCNC(=O)C(NS(=O)(=O)c1cccs1)C(C)C,0
ZINC10462153,ChEMBL_zinc_D_6470,CCCCN1CC(C(=O)Nc2ccc(C(=O)N3CCCC(C(=O)OCC)C3)cc2)CC1=O,0
ZINC69047325,ChEMBL_zinc_D_6471,CC(C)(C)[NH+]1CCCN(C(=O)Cn2nnc(-c3ccco3)n2)CC1,0
ZINC69088620,ChEMBL_zinc_D_6472,COC(=O)CC[NH+]1CCN(C)c2ccccc2C1,0
ZINC42460290,ChEMBL_zinc_D_6473,COCCN(C)CCC([NH3+])c1ccccc1,0
ZINC57552020,ChEMBL_zinc_D_6474,Cc1ccc(CN(C)Cc2nc3scc(-c4ccccc4Cl)c3c(=O)[nH]2)o1,0
ZINC66968479,ChEMBL_zinc_D_6475,CCS(=O)(=O)NCCNC(=O)Nc1cccc(Cl)c1OCCOC,0
ZINC67042218,ChEMBL_zinc_D_6476,CCN(Cc1ccc(C[NH+](C)C)cc1)C(=O)NC(C)c1ccccn1,0
ZINC09502805,ChEMBL_zinc_D_6477,Cc1cc(C)c(NC(=O)Cn2c3ccc(S(=O)(=O)NCc4ccccc4)cc3oc2=O)c(C)c1,0
ZINC09508420,ChEMBL_zinc_D_6478,O=C(C[NH+]1CCN(C(=O)c2ccc(-n3cnnn3)cc2)CC1)Nc1ccc(Cl)c(C(F)(F)F)c1,0
ZINC67101301,ChEMBL_zinc_D_6479,COc1nc(C)cc(C)c1CNC(=O)NC(C)CCc1ccco1,0
ZINC67131365,ChEMBL_zinc_D_6480,Cc1ccccc1CCNC(=O)C[NH+](C)Cc1ccco1,0
ZINC64248816,ChEMBL_zinc_D_6481,CCOC(=O)CCCNC(=O)CN(CC)CC(C)C#N,0
ZINC64761474,ChEMBL_zinc_D_6482,COc1ccc(CCN2CC(C(=O)NCc3ccc(C)c(C)c3)CC2=O)cc1OC,0
ZINC15781011,ChEMBL_zinc_D_6483,CC(C)CC(NC(=O)CNC(=O)C(NC(=O)OCc1ccccc1)C(C)C)C(=O)[O-],0
ZINC16137509,ChEMBL_zinc_D_6484,COc1ccc(C(CC(=O)OC(C)C)NC(=O)CCn2c(=O)oc3cc(Cl)ccc32)cc1,0
ZINC57857542,ChEMBL_zinc_D_6485,FC(F)CN1CCC(Nc2cnc3ccccc3n2)CC1,0
ZINC35291879,ChEMBL_zinc_D_6486,Cc1ccc2nc(C3CCN(C(=O)Nc4ccccc4F)CC3)[nH]c2c1,0
ZINC58363668,ChEMBL_zinc_D_6487,COC(=O)C1CC2CCCCC2N1C(=O)c1cccn1C,0
ZINC46993228,ChEMBL_zinc_D_6488,CCOc1ccc(C(C)NC(=O)NCCc2cnn(C)c2)cc1OC,0
ZINC57963638,ChEMBL_zinc_D_6489,C=C(C)COc1cc(C[NH2+]Cc2cccc(C(=O)N3CCCC3)c2)ccc1OC,0
ZINC24545797,ChEMBL_zinc_D_6490,CC(=O)c1cccc(NC(=O)CCOc2ccc(F)cc2)c1,0
ZINC68142754,ChEMBL_zinc_D_6491,COCCCNC(=O)C(C)S(=O)(=O)c1nc(C)c(C)n1CC(C)C,0
ZINC68197092,ChEMBL_zinc_D_6492,O=C(Nc1cccc(CN2CCOCC2)c1)c1csc(-c2ncccn2)n1,0
ZINC50515318,ChEMBL_zinc_D_6493,CCCc1nc(C[NH+](CCO)Cc2ccccc2)no1,0
ZINC51289021,ChEMBL_zinc_D_6494,COc1ccc(OC)c(C(O)Cn2nnc(-c3ccc(C)cc3)n2)c1,0
ZINC43033898,ChEMBL_zinc_D_6495,CC(OCC(F)(F)F)C(=O)NCCN1CCN(c2ccccc2)CC1,0
ZINC10598023,ChEMBL_zinc_D_6496,CCCn1c(C)cc(C(=O)COC(=O)Cn2nc(-c3cccs3)oc2=O)c1C,0
ZINC68213593,ChEMBL_zinc_D_6497,CCC(C)C(=O)N1CCCC(C(=O)N(C)CCc2ccccc2F)C1,0
ZINC68273122,ChEMBL_zinc_D_6498,Cc1ccc2oc(C(=O)NCC(C(=O)N3CCOCC3)c3ccccc3)cc2c1,0
ZINC68886462,ChEMBL_zinc_D_6499,CCOc1cccc(C(C)NC(=O)NCCCO)c1,0
ZINC68925198,ChEMBL_zinc_D_6500,CC(C#N)NC(=O)Cn1c2ccccc2nc1SC(F)F,0
ZINC35175003,ChEMBL_zinc_D_6501,CCOC(=O)C1CCN(C(=O)c2ccc(CC)s2)CC1,0
ZINC35344114,ChEMBL_zinc_D_6502,Cc1noc(C)c1S(=O)(=O)N1CCN(CC(=O)c2c[nH]c(C(=O)N3CCCC3)c2)CC1,0
ZINC11754508,ChEMBL_zinc_D_6503,Cc1c(Cl)cccc1NC(=O)C1CCC[NH2+]1,0
ZINC12305640,ChEMBL_zinc_D_6504,CC[NH+]1CCCC1CNC(=O)CCC1CC[NH+](Cc2cccnc2)CC1,0
ZINC67110385,ChEMBL_zinc_D_6505,CCCOC1CCCN(C(=O)COc2cccc(Br)c2)C1,0
ZINC67148489,ChEMBL_zinc_D_6506,CC(=O)NC(CC(=O)Nc1cccc2cnccc21)c1c(F)cccc1F,0
ZINC64621368,ChEMBL_zinc_D_6507,O=C(NCCCN1CCOCC1)c1ccc(F)c(C(F)(F)F)c1,0
ZINC35374732,ChEMBL_zinc_D_6508,O=C(CN1c2cc(-c3cccc(Cl)c3)nn2CCC1=O)NCCCN1CCOCC1,0
ZINC53403297,ChEMBL_zinc_D_6509,CC[NH+](CC(=O)NC(C)C)CC(O)COc1cc(C)ccc1C(C)C,0
ZINC53831007,ChEMBL_zinc_D_6510,COC(=O)c1ccccc1SCC(=O)NCc1ccc(Cl)s1,0
ZINC67461493,ChEMBL_zinc_D_6511,CCC(C)NC(=O)CCNC(=O)NCC1CCC[NH+]1CC1CCCCC1,0
ZINC67658874,ChEMBL_zinc_D_6512,CC(=O)NC1(C(=O)NC2CCCC(C)C2C)CCCCC1,0
ZINC67903057,ChEMBL_zinc_D_6513,CCS(=O)(=O)N1CCC(C(=O)N(C)CC(C)C(=O)OC)CC1,0
ZINC67911288,ChEMBL_zinc_D_6514,CC(C)CC(C)CC(=O)NC(C)C(=O)NC1CCCC1,0
ZINC19782343,ChEMBL_zinc_D_6515,CCc1cc(C)cc(OCC(O)CN2CCN(CC(O)COc3cc(C)cc(CC)c3)CC2)c1,0
ZINC20051913,ChEMBL_zinc_D_6516,CCCn1nc(NC(=O)CCCC(=O)[O-])c2cc3cccc(C)c3nc21,0
ZINC08850267,ChEMBL_zinc_D_6517,CC(=O)Nc1cccc(NC(=O)CSc2nc(CC(=O)NC3CC3)cs2)c1,0
ZINC08959720,ChEMBL_zinc_D_6518,CCCN1c2cc(NC(=O)COc3ccccc3C)ccc2OCC(C)(C)C1=O,0
ZINC14969427,ChEMBL_zinc_D_6519,O=C1N(Cc2ccc(F)cc2)CCCC1(O)C[NH2+]C1C2CC3CC(C2)CC1C3,0
ZINC14998735,ChEMBL_zinc_D_6520,COC(=O)C1CCCCN1C(=O)c1c(OC)cc(=O)n2c1CC[NH+](CC(C)=Cc1ccccc1)CC2,0
ZINC68205228,ChEMBL_zinc_D_6521,Cc1ccccc1OCCC(=O)NC1CCN(c2ccccc2)C1=O,0
ZINC68211960,ChEMBL_zinc_D_6522,C[NH+](C)CCOc1ccccc1C(=O)NCC1CCN(c2ccc(F)cc2)C1,0
ZINC65287280,ChEMBL_zinc_D_6523,C1CC1c1nc(C2CC[NH+](C3CCNC3)CC2)n[nH]1,0
ZINC65372847,ChEMBL_zinc_D_6524,CC(C)CC(Nc1cc(N2CCOCC2)nc(N)n1)c1ncnn1C,0
ZINC57460048,ChEMBL_zinc_D_6525,CC1CCCCC1NC(=O)Nc1cccc(S(=O)(=O)N2CCN(C)CC2)c1,0
ZINC57720573,ChEMBL_zinc_D_6526,N#Cc1ccc(-c2csc([N-]S(=O)(=O)c3cccc(Cl)c3)n2)cc1,0
ZINC01065801,ChEMBL_zinc_D_6527,C#CC(C)(C)OC(=O)C1CC(C)=CCC1C(=O)[O-],0
ZINC69473936,ChEMBL_zinc_D_6528,CC[NH+]1CCCC(CNC(=O)COc2cccc(C(C)(C)C)c2)C1,0
ZINC00956579,ChEMBL_zinc_D_6529,CC(C)c1cccc(C(C)C)c1NC(=O)Cn1cnc2sc3c(c2c1=O)CCC(C)C3,0
ZINC15936113,ChEMBL_zinc_D_6530,O=C(NCc1ccc2c(c1)OCO2)C1CCCN1C(=O)Nc1ccc(Cl)cc1,0
ZINC66235510,ChEMBL_zinc_D_6531,Cc1ccc2cccc([N-]S(=O)(=O)c3cc(C(=O)[O-])ccc3C)c2[nH+]1,0
ZINC66240743,ChEMBL_zinc_D_6532,CC(NC(=O)c1ccc(-n2ncc(C#N)c2N)cc1)c1ccc2[nH]c(=O)[nH]c2c1,0
ZINC66886446,ChEMBL_zinc_D_6533,CCC(C)NC(=O)C(C)[NH+]1CCC(NC(=O)CC2CCCCC2)CC1,0
ZINC67140641,ChEMBL_zinc_D_6534,CC(NC(=O)OC(C)(C)C)C(=O)N1CCCC2CCCCC21,0
ZINC68614777,ChEMBL_zinc_D_6535,CC(CC#N)[NH2+]CCCNc1ccccc1,0
ZINC68860802,ChEMBL_zinc_D_6536,C=CCOC(C)C(=O)N1CCC(C(=O)NCCCCC)CC1,0
ZINC01644082,ChEMBL_zinc_D_6537,CC[NH+](CC)CC(O)c1ccc(Br)cc1,0
ZINC40060416,ChEMBL_zinc_D_6538,CCCC(C(=O)N(C)Cc1ccc(C(=O)NCC(F)(F)F)cc1)c1ccccc1,0
ZINC52762106,ChEMBL_zinc_D_6539,CC(C)C(C)(C#N)NC(=O)C[NH+]1CCCC1CCCO,0
ZINC58407681,ChEMBL_zinc_D_6540,O=C(NCC[NH+]1CCCCC1)NCC1CCN(c2ccc(F)cc2)C1,0
ZINC00818491,ChEMBL_zinc_D_6541,CC(=O)Nc1ccc(NC(=O)CN2C(=O)COc3ccc(Cl)cc32)cc1,0
ZINC03465813,ChEMBL_zinc_D_6542,CC1CCCCC1NC(=O)CSc1nnc(-c2ccco2)n1Cc1ccccc1,0
ZINC16475201,ChEMBL_zinc_D_6543,CCOC(=O)c1c(C)c(C(N)=O)sc1NC(=O)C[NH+]1CC(C)CC(C)C1,0
ZINC16576940,ChEMBL_zinc_D_6544,CC([NH2+]Cc1cc(Br)ccc1OCC#N)c1ccccc1,0
ZINC12451192,ChEMBL_zinc_D_6545,O=C1CCC([NH2+]C2CCCCC2)CCN1CCOc1ccccc1,0
ZINC12728080,ChEMBL_zinc_D_6546,CC(=O)Nc1cccc(C(=O)NC2CCCC(C(F)(F)F)C2)c1,0
ZINC14231447,ChEMBL_zinc_D_6547,CN(C)S(=O)(=O)c1cccc(NC(=O)C2Cc3ccccc3S2)c1,0
ZINC14247018,ChEMBL_zinc_D_6548,Cc1ccc(CNC(=O)C(NC(=O)Cc2cccc3ccccc32)C(C)C)n1C,0
ZINC60524621,ChEMBL_zinc_D_6549,CC1CC(C)C[NH+](CCNC(=O)CCc2cccs2)C1,0
ZINC60990429,ChEMBL_zinc_D_6550,N#CC1CCN(C(=O)NCCCOc2ccccc2F)CC1,0
ZINC67157668,ChEMBL_zinc_D_6551,CC(CC#N)NC(=O)CNC(=O)c1ccc2c(c1)CCC2,0
ZINC67163762,ChEMBL_zinc_D_6552,O=C(CNC(=O)OCc1ccccc1)NCCc1cccc2ccccc21,0
ZINC69122032,ChEMBL_zinc_D_6553,CC(C)c1noc(CCNC(=O)N2CCCC2Cc2cccc(F)c2)n1,0
ZINC69158793,ChEMBL_zinc_D_6554,Cc1nc(C(=O)Nc2ccnn2Cc2ccccc2)nn1-c1ccccc1Cl,0
ZINC64289828,ChEMBL_zinc_D_6555,CCCC(NC(N)=O)C(=O)NC(CC(C)C)c1nc2ccccc2[nH]1,0
ZINC64407120,ChEMBL_zinc_D_6556,Cc1nn(Cc2ccccc2)c(Cl)c1C(=O)NCC(=O)NCC(C)C,0
ZINC68237200,ChEMBL_zinc_D_6557,Cn1cc(CC(=O)N2CCOC3CCCCC32)c2ccccc21,0
ZINC68279474,ChEMBL_zinc_D_6558,CCC(C)NC(=O)C(C)NC(=O)c1ccc2c(c1)OCC(=O)N2,0
ZINC66383645,ChEMBL_zinc_D_6559,CCC(NC(=O)N1CCCN(C(=O)c2ccccc2Cl)CC1)C(C)C,0
ZINC66397458,ChEMBL_zinc_D_6560,CCN1CC(C(=O)NC(C#N)c2ccc(C(C)(C)C)cc2)CC1=O,0
ZINC05841583,ChEMBL_zinc_D_6561,CC(C)C(=O)Nc1cccc(NC(=O)C(C)(C)C)c1,0
ZINC21373056,ChEMBL_zinc_D_6562,COc1ccc(C(C)=O)c(OCC(=O)NCc2ccccc2S(=O)(=O)N(C)C)c1,0
ZINC43763599,ChEMBL_zinc_D_6563,O=C1CCC(CCOCOCc2ccccc2)O1,0
ZINC43958654,ChEMBL_zinc_D_6564,COC(=O)c1sccc1S(=O)(=O)NCC1CCN(C(=O)c2cn(C)nc2OC)CC1,0
ZINC67179269,ChEMBL_zinc_D_6565,COC(=O)c1cccc(NC(=O)CCc2c(C)nc3nc(N)nn3c2C)c1,0
ZINC67184736,ChEMBL_zinc_D_6566,Cc1nn(CCO)c(C)c1CNC(c1cccs1)c1ccc(F)cc1,0
ZINC43813801,ChEMBL_zinc_D_6567,CC(C)c1ccc(SC(C)C(=O)Nc2ncccn2)cc1,0
ZINC43860198,ChEMBL_zinc_D_6568,COCCCNC(=O)NC=C([O-])N1CCc2ccccc21,0
ZINC09843682,ChEMBL_zinc_D_6569,COCCNC(=O)Cn1c2cccnc2c(=O)n(Cc2ccc(F)cc2)c1=O,0
ZINC09895550,ChEMBL_zinc_D_6570,O=C(CNC(=O)c1sc2ccccc2c1Cl)N1CCCC1c1ccccc1,0
ZINC68050137,ChEMBL_zinc_D_6571,Cc1cc(C)n(CCSc2nc(C)c(C)o2)n1,0
ZINC68230267,ChEMBL_zinc_D_6572,Cc1ccc(C)n1C(C)C(=O)N(C)Cc1cccnc1,0
ZINC14598130,ChEMBL_zinc_D_6573,CC1CN(S(=O)(=O)c2ccc(C(=O)N3CCCC4CCCCC43)cc2)CC(C)O1,0
ZINC35913018,ChEMBL_zinc_D_6574,CC1CN(c2ccc(S(=O)(=O)N3CC(C)OC(C)C3)c3nonc32)CC(C)O1,0
ZINC17249741,ChEMBL_zinc_D_6575,O=S(=O)([N-]c1nc2ccccc2nc1NCc1ccco1)c1ccccc1,0
ZINC12469809,ChEMBL_zinc_D_6576,COc1ccc(C2C(C(=O)Nc3cccc(C)n3)c3ccccc3C(=O)N2C)cc1,0
ZINC66583441,ChEMBL_zinc_D_6577,CN(c1cccc(C#N)c1)S(=O)(=O)C1CCCC1,0
ZINC66615506,ChEMBL_zinc_D_6578,O=C(CCc1ccccc1OC(F)(F)F)NCCCCN1CCOCC1,0
ZINC19093055,ChEMBL_zinc_D_6579,N#CC1(c2cccc(F)c2)CCOC1,0
ZINC19816540,ChEMBL_zinc_D_6580,Nc1cccc(OCC(=O)N2CCCCC2)c1,0
ZINC40110642,ChEMBL_zinc_D_6581,CCOC(=O)c1c(C)[nH]c(C(=O)NCc2ccnc(Oc3ccccc3)c2)c1C,0
ZINC40132981,ChEMBL_zinc_D_6582,Cc1c(C(=O)NC(c2ccccc2)c2ccc(F)cc2)oc2c1C(=O)CCC2,0
ZINC26482927,ChEMBL_zinc_D_6583,CC(C)Oc1cccc(C[NH2+]CCO)c1,0
ZINC32726403,ChEMBL_zinc_D_6584,Cc1nc(C)c(C(=O)Nc2ccncc2)s1,0
ZINC57921058,ChEMBL_zinc_D_6585,Cc1noc(C)c1C[NH+]1CCCC(C(=O)NCCNC(=O)OC(C)(C)C)C1,0
ZINC55688070,ChEMBL_zinc_D_6586,CCC(=O)N1CCCCC1C(=O)Nc1ccc(C(=O)NC(C)(C)CC)cc1,0
ZINC65286144,ChEMBL_zinc_D_6587,CCc1noc(C2CCCC[NH+]2Cc2ccccc2F)n1,0
ZINC65337721,ChEMBL_zinc_D_6588,Cc1ccc(-c2[nH+]cccc2[O-])c(C)c1,0
ZINC09459892,ChEMBL_zinc_D_6589,CN(CCOc1ccc(Br)cc1)C(=O)c1cc2c(c(Cl)c1)OCO2,0
ZINC09528850,ChEMBL_zinc_D_6590,CCc1ccc(CNC(=O)c2ccc3c(c2)N(C)C(=O)C2CCCCN32)cc1,0
ZINC13058644,ChEMBL_zinc_D_6591,CCOC(=O)c1c(C)c(C(=O)NC)sc1NC(=O)CN1CCN(c2ccccc2C)CC1,0
ZINC34904512,ChEMBL_zinc_D_6592,COc1ccc(-c2nc(CN3CCOCC3)no2)cc1,0
ZINC68908172,ChEMBL_zinc_D_6593,CN(CC(=O)OC(C)(C)C)S(=O)(=O)CCCCC#N,0
ZINC69425943,ChEMBL_zinc_D_6594,CC(CC[NH+](C)C)NC(=O)NC1CC[NH+](CC(=O)N(C)C)CC1,0
ZINC71782100,ChEMBL_zinc_D_6595,CCC(CC)(CC)C(=O)NC(C)c1ccc(F)cc1,0
ZINC45576456,ChEMBL_zinc_D_6596,CC(C)NC(=O)CCNC(=O)NCc1ccc(OCC(F)(F)F)nc1,0
ZINC36613954,ChEMBL_zinc_D_6597,CCC(C(=O)NCC(C)Cn1nc(C)cc1C)n1nc(C(F)(F)F)c2c1CCC2,0
ZINC04244416,ChEMBL_zinc_D_6598,Fc1ccccc1-c1nnc(SCC2CCOCO2)n1Cc1ccccc1,0
ZINC57530736,ChEMBL_zinc_D_6599,Cc1ncc(S(=O)(=O)c2ccccc2)c(C)n1,0
ZINC13991112,ChEMBL_zinc_D_6600,Fc1ccc(C[NH+](CCCn2cc[nH+]c2)Cc2ccc(N3CCOCC3)cc2)cc1,0
ZINC63661189,ChEMBL_zinc_D_6601,Cc1[nH+]ccn1CC(C)CNC(=O)C=C(C1CC1)C1CC1,0
ZINC63748751,ChEMBL_zinc_D_6602,COC(=O)C(C)CN(C)C(=O)c1ccc(OC)cc1F,0
ZINC57731063,ChEMBL_zinc_D_6603,CCOC(=O)C1=C(CN2CCCC2)NC(=O)NC1c1ccccc1Cl,0
ZINC57879200,ChEMBL_zinc_D_6604,N#CC1CCN(CCC(=O)Nc2sccc2C(N)=O)CC1,0
ZINC66283058,ChEMBL_zinc_D_6605,O=C(Nc1ccc(Oc2ccccc2)cc1C(F)(F)F)c1ccccn1,0
ZINC66310728,ChEMBL_zinc_D_6606,O=C(Nc1cccc(S(=O)(=O)NCc2ccco2)c1)C1CC1c1ccccc1,0
ZINC40399547,ChEMBL_zinc_D_6607,O=C(Nc1ccc(Cl)cc1)C1CC(=O)Nc2nc(Nc3ccc(Cl)cc3Cl)[nH]c(=O)c21,0
ZINC40497521,ChEMBL_zinc_D_6608,CCC1CN(C(=O)CCCn2c3ccccc3oc2=O)CCO1,0
ZINC52986553,ChEMBL_zinc_D_6609,COCCN(Cc1ccco1)C(=O)CCc1cc(F)ccc1F,0
ZINC53346539,ChEMBL_zinc_D_6610,CCOc1c(Cl)cccc1NC(=O)c1ccc2c(c1)NC(=O)CO2,0
ZINC09001910,ChEMBL_zinc_D_6611,Cc1cc(C(=O)N2CCN(c3nc4c(ccc(C)c4C)s3)CC2)nn1C,0
ZINC09363977,ChEMBL_zinc_D_6612,C=CCn1c(C)cc(C(=O)Cn2c3ccccc3nc2S(C)(=O)=O)c1C,0
ZINC33048316,ChEMBL_zinc_D_6613,Cc1c(C(=O)Nc2cccc(Cl)c2C)sc2ncnc(N3CC[NH+](C)CC3)c12,0
ZINC33257633,ChEMBL_zinc_D_6614,Cc1nc(-c2cccc(C(=O)Nc3ccccc3C)c2)no1,0
ZINC08925726,ChEMBL_zinc_D_6615,OCCCc1cn2ncnc2nc1C(F)(F)F,0
ZINC07519404,ChEMBL_zinc_D_6616,CCOCCC[NH2+]Cc1ccco1,0
ZINC04860763,ChEMBL_zinc_D_6617,CCC(C)NC(=O)CSc1nnc(-c2ccoc2C)n1Cc1ccco1,0
ZINC47172911,ChEMBL_zinc_D_6618,Cc1cccc(C(=O)NC(C(=O)NC2CCCCNC2=O)C(C)C)c1,0
ZINC04166641,ChEMBL_zinc_D_6619,Cc1cc(NC(=O)CSc2ncnc3c2nnn3-c2ccc(C)cc2)no1,0
ZINC36012406,ChEMBL_zinc_D_6620,COc1cc(-c2cc(CN(CC(C)C)C(C)=O)no2)cc(OC)c1OC,0
ZINC67228694,ChEMBL_zinc_D_6621,CCOCCN(Cc1ccc(C(=O)OC)o1)Cc1nnc(-c2ccco2)o1,0
ZINC67239263,ChEMBL_zinc_D_6622,CC(Sc1cc(Cl)ccc1Cl)C(=O)Nc1ccc(CNC(N)=O)cc1,0
ZINC67192716,ChEMBL_zinc_D_6623,CC(NC(=O)C1CCCC1)C(=O)N1CC(c2ccccc2)OCC1(C)C,0
ZINC67210208,ChEMBL_zinc_D_6624,CCOc1ccc(SCC(=O)N(C)Cc2cnc(CC)s2)cc1,0
ZINC15084774,ChEMBL_zinc_D_6625,COc1ccc(NC(=O)CNc2cc(C)ccc2C)cc1Cl,0
ZINC66253088,ChEMBL_zinc_D_6626,CCC1CCc2[nH]c(=NS(=O)(=O)c3cnn(C)c3)sc2C1,0
ZINC69654367,ChEMBL_zinc_D_6627,O=C(C[NH+]1CCC(Nc2ccccc2)CC1)NCc1ccccc1F,0
ZINC69691694,ChEMBL_zinc_D_6628,COc1cccc(C(CNC(=O)Cc2csc(C)n2)[NH+](C)C)c1,0
ZINC20466007,ChEMBL_zinc_D_6629,CC1CC[NH+](C2C(O)C(CO)OC2CNC(=O)Nc2ccccc2)CC1,0
ZINC21531122,ChEMBL_zinc_D_6630,CC(Cc1ccco1)NC(=O)c1ccc(CN2c3cc(-c4ccccc4)nn3CCC2=O)cc1,0
ZINC04794399,ChEMBL_zinc_D_6631,O=C1OC(O)(N2CCCC2)c2c1c(Cl)c(Cl)c(Cl)c2Cl,0
ZINC04856031,ChEMBL_zinc_D_6632,CC(C)C(c1nnnn1CC1CCCO1)[NH+]1CCN(c2ccccc2)CC1,0
ZINC66427629,ChEMBL_zinc_D_6633,COc1ccc2c(c1)CCCC2CC(=O)NCc1nc(-c2cccs2)n[nH]1,0
ZINC66434324,ChEMBL_zinc_D_6634,CC[NH+](CC(=O)NCCOC)C(C)c1cc2ccccc2o1,0
ZINC06714176,ChEMBL_zinc_D_6635,CCOC(=O)c1cc(C)sc1NC(=O)C[NH+]1CCN(c2ccccc2)CC1,0
ZINC69166675,ChEMBL_zinc_D_6636,Cc1ccc(=O)n(CC(O)c2cccc(F)c2)n1,0
ZINC64755935,ChEMBL_zinc_D_6637,O=S(=O)(c1cccs1)N1CCC(Oc2cccc(C(F)(F)F)c2)CC1,0
ZINC64783418,ChEMBL_zinc_D_6638,O=C(COCC1CC1)NCCc1ccccc1C(F)(F)F,0
ZINC03470109,ChEMBL_zinc_D_6639,O=S(=O)(CCOc1ccccc1)c1ccc(Cl)cc1,0
ZINC64677520,ChEMBL_zinc_D_6640,CCc1nc(-c2ccc(C(=O)NCc3ccc(N(C)C)cc3)cc2)cs1,0
ZINC66482807,ChEMBL_zinc_D_6641,CC1CN(CC(O)CN(Cc2ccccc2)C2CC2)CC(C)O1,0
ZINC66540072,ChEMBL_zinc_D_6642,CN(CC1CC1)C(=O)CN(C)C(c1ccccc1)c1ccccn1,0
ZINC68288316,ChEMBL_zinc_D_6643,COC(=O)NC(Cc1ccccc1)C(=O)NCC(CC(C)C)[NH+]1CCCC1,0
ZINC68307720,ChEMBL_zinc_D_6644,COc1ccc(Cl)c(NC(=O)CCC(=O)N(CCC#N)c2ccccc2)c1,0
ZINC58446696,ChEMBL_zinc_D_6645,COCc1c2ccccc2oc1C(=O)Nc1ccc2nc(NC(C)=O)sc2c1,0
ZINC58465567,ChEMBL_zinc_D_6646,COc1ccc(CN(C)C(=O)COC(=O)CCc2nc3ccccc3c(=O)n2C)cc1,0
ZINC64699887,ChEMBL_zinc_D_6647,Cc1nn(CCC#N)c(C)c1CCC(=O)Oc1ccc(C)nc1,0
ZINC64720759,ChEMBL_zinc_D_6648,O=C(c1c[nH]c2ncccc12)N1CCCc2ccccc21,0
ZINC10008177,ChEMBL_zinc_D_6649,CC(NC(=O)C1CCCN(S(=O)(=O)Cc2c(Cl)cccc2Cl)C1)c1ccccc1,0
ZINC10031573,ChEMBL_zinc_D_6650,CCOc1ccc(NC(=O)C[NH2+]C(C)c2ccccc2)cc1S(=O)(=O)N1CCCC1,0
ZINC68193165,ChEMBL_zinc_D_6651,CC(C)c1cc(C(=O)NC2CC(C)c3ccccc32)n[nH]1,0
ZINC68212362,ChEMBL_zinc_D_6652,Cc1nc(CSc2ccccc2C(=O)N(C)CCc2ccccc2F)no1,0
ZINC68241992,ChEMBL_zinc_D_6653,O=C(Cn1cc(Br)ccc1=O)N1CCCn2ncnc21,0
ZINC68286462,ChEMBL_zinc_D_6654,CCOc1ccc(OCC)c(NC(=O)C(C)OCC2CC2)c1,0
ZINC65029609,ChEMBL_zinc_D_6655,CNC(=O)Nc1ccc(C2(C(=O)NC(C)C)CCC2)cc1,0
ZINC06803181,ChEMBL_zinc_D_6656,CC(NC(=O)C(C)n1c2ccccc2c2cnn(C)c(=O)c21)c1ccccc1,0
ZINC48195000,ChEMBL_zinc_D_6657,COc1ccc(C(O)CNC(=O)c2ccccc2-c2ccccc2C#N)cc1,0
ZINC48275285,ChEMBL_zinc_D_6658,Cc1nn(-c2ccccc2)cc1CCCNC(=O)C1CCCN(C(=O)N2CCCC2)C1,0
ZINC68957281,ChEMBL_zinc_D_6659,COC(=O)CCCCNC(=O)CCc1nc2ccccc2[nH]1,0
ZINC68966516,ChEMBL_zinc_D_6660,CN(C1CCN(C(=O)c2cc(Br)ccc2O)CC1)S(C)(=O)=O,0
ZINC09161227,ChEMBL_zinc_D_6661,COc1ccc(C2c3c(oc4ccc(Cl)cc4c3=O)C(=O)N2c2cc(C)ccn2)cc1,0
ZINC09228734,ChEMBL_zinc_D_6662,Cc1cc(CNC(=O)Nc2ccccc2Cl)c(C)n1-c1cccc(C)c1,0
ZINC08924379,ChEMBL_zinc_D_6663,Nc1nc(SCC(=O)Nc2cccc(N3CCCC3=O)c2)n[nH]1,0
ZINC09026326,ChEMBL_zinc_D_6664,CCc1ccccc1NC(=O)Cc1nnc(SCC(=O)Nc2nnc(C(C)C)s2)n1C,0
ZINC05055607,ChEMBL_zinc_D_6665,CCCCC(=O)Nc1sc2c(c1C(=O)NC)CCC(C)C2,0
ZINC02310113,ChEMBL_zinc_D_6666,Cc1ccc(Nc2ncnc3c2cnn3Cc2ccccc2)c(C)c1,0
ZINC13569010,ChEMBL_zinc_D_6667,CCOC(=O)Cn1cc(CN(Cc2cccnc2)Cc2ccccc2F)c2ccccc21,0
ZINC57987996,ChEMBL_zinc_D_6668,Cc1cc([N-]S(=O)(=O)c2cccc(C(=O)Nc3ccc4c(c3)CCC4)c2)no1,0
ZINC27925581,ChEMBL_zinc_D_6669,CCn1cc(NC(=O)c2ccc3c(c2)OCO3)cn1,0
ZINC33854921,ChEMBL_zinc_D_6670,O=C(OCCn1cncn1)c1ccc(Cl)cc1,0
ZINC67230878,ChEMBL_zinc_D_6671,CC(C)c1nnc(CN2CC(c3ccccc3)OCC2(C)C)o1,0
ZINC67242017,ChEMBL_zinc_D_6672,CCNC(=O)Cn1ccc(NC(=O)C(C)Oc2ccccc2C(F)(F)F)n1,0
ZINC67962775,ChEMBL_zinc_D_6673,Cc1cc(C2CCC[NH+]2CC(=O)c2c(C)[nH]c3ccccc32)no1,0
ZINC67976010,ChEMBL_zinc_D_6674,CCc1ccc(C[NH2+]CC(O)COc2ccc3c(c2)OCO3)cc1,0
ZINC20064231,ChEMBL_zinc_D_6675,COc1ccc2[nH]c3c(c2c1)CCNC31c2ccccc2N(CC(C)C)C1=O,0
ZINC20367900,ChEMBL_zinc_D_6676,Cc1ccc(Nc2nc(C(N)=O)c(NC(=O)c3ccccc3Cl)s2)cc1,0
ZINC68327680,ChEMBL_zinc_D_6677,CC(C)C(C#N)N1CCN(C(=O)c2ccc(NC(=O)C3CC3C)cc2)CC1,0
ZINC57826909,ChEMBL_zinc_D_6678,CCN(C)C(C(=O)NCCc1cnn(-c2ccccc2)c1)c1ccccc1,0
ZINC58346190,ChEMBL_zinc_D_6679,Cc1ccc(C(=O)NC2CC2)cc1NC(=O)CNC(=O)C1CC1,0
ZINC58480701,ChEMBL_zinc_D_6680,CC1CC1C(=O)NCCC(=O)Nc1cc(-n2cnnn2)ccc1F,0
ZINC06490343,ChEMBL_zinc_D_6681,CCn1ccc(C(=O)Nc2sccc2C(=O)NC2CC2)n1,0
ZINC66267707,ChEMBL_zinc_D_6682,CC(=O)NC(CC(=O)Oc1cccc(C(F)(F)F)c1)c1c(F)cccc1F,0
ZINC43978997,ChEMBL_zinc_D_6683,Cc1onc(-c2ccccc2Cl)c1C(=O)NCC1CCN(C(=O)NC(C)(C)C)CC1,0
ZINC44308305,ChEMBL_zinc_D_6684,COc1ccc(OC)c(C(C)NC(=O)Nc2ccc3oc(C4CC4)nc3c2)c1,0
ZINC65402184,ChEMBL_zinc_D_6685,Cc1cc(CN2CC[NH+](Cc3ncc(C(C)(C)C)o3)CC2)on1,0
ZINC65458101,ChEMBL_zinc_D_6686,CCCNC(=O)c1ccc(NC(=O)NCc2ccc(OC)c(F)c2)cc1Cl,0
ZINC09233422,ChEMBL_zinc_D_6687,O=C(CSc1ncnc2c1cnn2-c1ccccc1)Nc1cc(C(F)(F)F)cc(C(F)(F)F)c1,0
ZINC09304292,ChEMBL_zinc_D_6688,C=CCn1c(CCC(=O)Nc2ccc(F)cc2)nnc1SCC(=O)Nc1ccc(C)cc1,0
ZINC68338952,ChEMBL_zinc_D_6689,Cc1nc2cc(F)cc(C(=O)Nc3c[nH]ccc3=O)c2nc1C,0
ZINC68374931,ChEMBL_zinc_D_6690,CC(C)CC(=O)Nc1cccc(CNC(=O)NCc2nnc3n2CCCC3)c1,0
ZINC09345290,ChEMBL_zinc_D_6691,COc1cc(-c2noc(-c3ccccc3C(=O)Nc3ccc(C)cc3)n2)cc(OC)c1OC,0
ZINC09365787,ChEMBL_zinc_D_6692,CN(Cc1ccccc1N1CCCC1)C(=O)c1ccc(N2CCCC2=O)cc1,0
ZINC09553014,ChEMBL_zinc_D_6693,CSc1ccccc1NC(=O)C(C)Sc1nc2ncc(Cl)cc2[n-]1,0
ZINC66361340,ChEMBL_zinc_D_6694,COC(=O)c1ccc(C)c(NC(=O)NC2CCN(C(=O)OC)CC2)c1,0
ZINC68292948,ChEMBL_zinc_D_6695,CC1Cc2ccccc2N1CCNC(=O)CCCNC(=O)c1ccco1,0
ZINC68300164,ChEMBL_zinc_D_6696,CC1CC1C(=O)NCCC(=O)Nc1cc(-c2n[nH]c(=O)[nH]2)cc(C(F)(F)F)c1,0
ZINC36064042,ChEMBL_zinc_D_6697,CCN(C)C(=O)c1coc(C[NH+](CCc2c[nH]c3ccccc23)Cc2ccc(C)cc2C)n1,0
ZINC36115693,ChEMBL_zinc_D_6698,COCC(=O)N(CC(=O)N1CCc2sccc2C1COc1ccc(Cl)cc1)C(C)C,0
ZINC10098901,ChEMBL_zinc_D_6699,Cc1ccc(C)c2sc(N3CCN(C(=O)c4ccc(S(=O)(=O)N(C)C(C)C)cc4)CC3)nc21,0
ZINC10243524,ChEMBL_zinc_D_6700,Nc1nc(SCc2cccc(C(F)(F)F)c2)[nH]c(=O)c1NC(=O)c1ccc(Br)o1,0
ZINC72037492,ChEMBL_zinc_D_6701,CC(c1ccc(Cl)cc1)N1CCN(C(=O)OC(C)(C)C)CC1,0
ZINC72058173,ChEMBL_zinc_D_6702,CC[NH+]1CCN(c2ccc(F)cc2C(C)NC(=O)CCc2c(C)c3ccc(OC)cc3oc2=O)CC1,0
ZINC69783233,ChEMBL_zinc_D_6703,COc1ccccc1C(CNCc1c(C)nn(C)c1C)N1CCCCC1,0
ZINC69786911,ChEMBL_zinc_D_6704,CCC(c1ccccc1)C1CCCN1C(=O)NCCNc1ncccn1,0
ZINC64611528,ChEMBL_zinc_D_6705,COC(=O)c1c(S(=O)(=O)N2CCN(c3cccc(C)c3C)CC2)cnn1C,0
ZINC64723125,ChEMBL_zinc_D_6706,CC(OCC1CC1)C(=O)Nc1cc(Cl)ccc1N1CCCC1,0
ZINC71090126,ChEMBL_zinc_D_6707,CCCOc1ccccc1NCC(=O)NC(C)c1ccccc1OC,0
ZINC71106967,ChEMBL_zinc_D_6708,CC(C)c1cc(C(=O)Nc2ccccc2-n2ccnc2)on1,0
ZINC02389806,ChEMBL_zinc_D_6709,CC(C)(C)OC(=O)NC(Cc1ccc(C(C)(C)C)cc1)C(=O)[O-],0
ZINC36701919,ChEMBL_zinc_D_6710,O=C(CN1CCN(c2[nH+]ccn2-c2cccc(Cl)c2)CC1)NCCc1ccccc1,0
ZINC66623854,ChEMBL_zinc_D_6711,Cc1nnc([O-])c(C(=O)NCc2ccc(-c3nc4ccccc4[nH]3)cc2)c1C,0
ZINC66642115,ChEMBL_zinc_D_6712,CCN(CC)C(=O)C1CCN(C(=O)C=C(C)c2ccccc2Cl)CC1,0
ZINC52675065,ChEMBL_zinc_D_6713,CCC[NH2+]CC(C)Oc1ccccc1OC,0
ZINC54738053,ChEMBL_zinc_D_6714,Cc1cc(C)cc(C(=O)Oc2ccc([N-]S(C)(=O)=O)cc2)c1,0
ZINC66666657,ChEMBL_zinc_D_6715,CC[NH+](CC)C(CNC(=O)CN(C)Cc1scnc1C)c1ccco1,0
ZINC66673336,ChEMBL_zinc_D_6716,CC(C)C(=O)NC(Cc1c[nH]c2ccccc12)C(=O)Nc1cnn(C(C)C)c1,0
ZINC16648994,ChEMBL_zinc_D_6717,CSc1ccc(S(=O)(=O)Nc2ccccc2)cc1C(=O)N1CCCCC1,0
ZINC17247822,ChEMBL_zinc_D_6718,CCOc1ccc(C(=O)Nc2ccc3c(c2)N(C(=O)CC)CCC3)cc1,0
ZINC02925935,ChEMBL_zinc_D_6719,CCN(CC)c1nc(C)nc2sc(C(=O)Nc3c(F)cc(F)cc3Br)c(C)c21,0
ZINC20986484,ChEMBL_zinc_D_6720,CCOC(=O)c1cn(CC(=O)NC(C)C)c2nc(C)ccc2c1=O,0
ZINC25187711,ChEMBL_zinc_D_6721,COc1ccccc1C(CNC(=O)C1CCCN(C(=O)c2ccc(Cl)cc2)C1)[NH+](C)C,0
ZINC69217607,ChEMBL_zinc_D_6722,CC(C)n1nccc1NC(=O)N1CCN(C(=O)c2c(F)cccc2F)CC1,0
ZINC68350107,ChEMBL_zinc_D_6723,CC(=O)c1cccc(S(=O)(=O)N(C)C(C)c2cccnc2)c1,0
ZINC68357418,ChEMBL_zinc_D_6724,COc1ccccc1C(C#N)NC(=O)c1nc(C)n(-c2ccccc2C(C)C)n1,0
ZINC67056963,ChEMBL_zinc_D_6725,COc1cc(C)ccc1OCCC(=O)Nc1cccc(Cn2cncn2)c1,0
ZINC67095900,ChEMBL_zinc_D_6726,c1cc2c(ncnc2NCc2cccc3c2OCCO3)s1,0
ZINC67066171,ChEMBL_zinc_D_6727,CC(CN(C)C(=O)NCC(c1cccc(F)c1)N1CCOCC1)c1ccccc1,0
ZINC67112880,ChEMBL_zinc_D_6728,CCOC(=O)CN(Cc1ccccc1)C(=O)c1cc(F)c(F)c(F)c1F,0
ZINC43057181,ChEMBL_zinc_D_6729,CC(=O)Nc1ccc(C)c(NC(=O)C2CC3CCC2C3)c1,0
ZINC01566838,ChEMBL_zinc_D_6730,Clc1ncnc2c1ncn2C1CCCC1,0
ZINC67132546,ChEMBL_zinc_D_6731,CCNC(=O)CN(CC)CC1=C(C(=O)OCC)C(c2ccco2)NC(=O)N1,0
ZINC67142893,ChEMBL_zinc_D_6732,C=CCNC(=O)Nc1ccc(NC(=O)CCOc2ccc(C)cc2OC)cc1,0
ZINC03414020,ChEMBL_zinc_D_6733,Cc1csc(SCC(=O)c2c(N)n(C)c(=O)n(C)c2=O)n1,0
ZINC05054190,ChEMBL_zinc_D_6734,CCOC(=O)c1cc(-c2ccc(C)cc2)n(CCC(=O)NC(C)CC)c1C,0
ZINC40923514,ChEMBL_zinc_D_6735,CCN(CCCNC(=O)C1CCN(c2ccc(-c3ccc4c(c3)OCO4)nn2)CC1)c1ccccc1,0
ZINC40966439,ChEMBL_zinc_D_6736,CCOc1ccccc1-c1nc(CN2CCN(C(=O)CCc3cccc(OC)c3)CC2)c(C)o1,0
ZINC04164329,ChEMBL_zinc_D_6737,CCOC(=O)C(CC)Sc1ccc2nnc(-c3ccc(Cl)cc3)n2n1,0
ZINC35993450,ChEMBL_zinc_D_6738,CCOC(=O)C1=C(CN2CCN(C(=O)COC)CC2)N(C)C(=O)NC1c1ccccc1Cl,0
ZINC68994372,ChEMBL_zinc_D_6739,Cc1n[nH]c(NC(=O)c2cc(-c3cccc(Cl)c3)[nH]n2)c1C,0
ZINC69009209,ChEMBL_zinc_D_6740,COc1cccc(C(=O)N(C)CC(=O)Nc2ccc(Cl)c(Cl)c2)c1OC(F)F,0
ZINC67190982,ChEMBL_zinc_D_6741,CC1CC(CC(=O)NCCCn2ccccc2=O)CC(C)(C)C1,0
ZINC67255426,ChEMBL_zinc_D_6742,COc1cccc(CNC(=O)Cn2nc3c(SCc4ccc(Cl)cc4)nccn3c2=O)c1OC,0
ZINC44479142,ChEMBL_zinc_D_6743,CC1CN(C(=O)c2nc(Cl)ccc2Cl)CC(C)(C)O1,0
ZINC02922269,ChEMBL_zinc_D_6744,CC(C)CCOc1ccc(C(=O)CC[NH2+]C(Cc2c[nH]c3ccccc23)C(=O)[O-])cc1,0
ZINC67268683,ChEMBL_zinc_D_6745,Cc1ccc(C(CNC(=O)C(NC(=O)c2cccs2)C(C)C)[NH+](C)C)cc1,0
ZINC67281528,ChEMBL_zinc_D_6746,O=C(NCCNc1ncccn1)N1CCOC(c2ccc(F)c(F)c2)C1,0
ZINC48289358,ChEMBL_zinc_D_6747,N#CCCN(C(=O)C[NH+]1CCCC1c1ccccc1Cl)c1ccccc1,0
ZINC48303038,ChEMBL_zinc_D_6748,NC(=O)NC(CC(=O)NCc1cc[nH+]c(N2CCOCC2)c1)c1ccc(Cl)cc1,0
ZINC47326395,ChEMBL_zinc_D_6749,CCC(C)N(C)C(=O)Nc1ccc(S(=O)(=O)N2CCOCC2)cc1,0
ZINC47520657,ChEMBL_zinc_D_6750,O=C(Nc1cccc(OC(F)(F)F)c1)c1cn2cccnc2n1,0
ZINC57690062,ChEMBL_zinc_D_6751,O=S(=O)([N-]c1nc(-c2ccncc2)cs1)c1cc(Cl)cc(Cl)c1,0
ZINC24605364,ChEMBL_zinc_D_6752,CNS(=O)(=O)Cc1ccccc1CNC(=O)c1cccnc1,0
ZINC47285658,ChEMBL_zinc_D_6753,CC(NC(=O)c1ccccn1)c1ccc(NC(=O)Nc2ccccc2)cc1,0
ZINC47322515,ChEMBL_zinc_D_6754,COc1cc(CNC(=O)Nc2ccc(C)c(C)c2)ccc1OCCO,0
ZINC69703734,ChEMBL_zinc_D_6755,N#Cc1ccccc1NC(=O)CC[NH+]1CCCC(N2CCNC2=O)C1,0
ZINC69772878,ChEMBL_zinc_D_6756,Cc1[nH+]ccn1C1CCCN(C(=O)c2cccnc2N(C)C)C1,0
ZINC36316407,ChEMBL_zinc_D_6757,CCc1nn(-c2ccccc2)c(Oc2ccc(OC)cc2)c1C[NH+](CC(O)COCC(C)C)C1CC1,0
ZINC36360306,ChEMBL_zinc_D_6758,COc1ccc2c(c1)c(C(C(=O)[O-])[NH+]1CCC(c3noc4cc(F)ccc43)CC1)cn2CC(=O)[O-],0
ZINC36171133,ChEMBL_zinc_D_6759,O=C(CCCC(=O)N1CCN(c2ccccc2)CC1)c1ccc(F)cc1,0
ZINC00702410,ChEMBL_zinc_D_6760,COC(=O)CSc1nnc(-c2cc(OC)c(OC)c(OC)c2)n1C,0
ZINC66461682,ChEMBL_zinc_D_6761,CNC(=O)CN(C(=O)c1ccc(S(C)(=O)=O)cc1)c1cccc(F)c1,0
ZINC66539608,ChEMBL_zinc_D_6762,COC(=O)c1cn(C2CCCCC2OC(=O)Cc2ccc(F)cc2)nn1,0
ZINC63475040,ChEMBL_zinc_D_6763,CCC(=O)Nc1cccc(NC(=O)c2cnc(C)s2)c1,0
ZINC63523914,ChEMBL_zinc_D_6764,Cc1ccc(C)n1-c1c(C(=O)OCC(=O)N2CCOCC2)cnn1C,0
ZINC48331391,ChEMBL_zinc_D_6765,CC1CCCC2CCCN(C(=O)Cn3c4ccccc4nc3C(F)(F)F)C12,0
ZINC48667181,ChEMBL_zinc_D_6766,Cc1cccc(S(=O)(=O)NCC[NH+]2CCCC(C)C2)c1,0
ZINC51191651,ChEMBL_zinc_D_6767,CN(C(=O)Nc1ccccc1)C(C1CC1)C1CC1,0
ZINC65315494,ChEMBL_zinc_D_6768,CCCNC(=O)Nc1ccc(NC(=O)N2CCCC(C(=O)NC3CCCC3)C2)cc1,0
ZINC35436166,ChEMBL_zinc_D_6769,Cc1ccc(NC(=O)CN2CCN(C(=O)CCNS(=O)(=O)c3ccc4c(c3)CCCC4)CC2)cc1,0
ZINC06170289,ChEMBL_zinc_D_6770,COc1ccc(OC)c(C2C3CCCCC3(O)CC[NH+]2CC(=O)Nc2ccccc2)c1,0
ZINC48732016,ChEMBL_zinc_D_6771,CC(C)CC(NC(=O)NCC1CCCO1)c1cccs1,0
ZINC03537735,ChEMBL_zinc_D_6772,Nc1cc(Cl)ccc1C(=O)OCc1cc(=O)n2ccsc2n1,0
ZINC16626074,ChEMBL_zinc_D_6773,CCc1ccccc1N1CC(c2nnc(NC(=O)C3CCCO3)s2)CC1=O,0
ZINC17056765,ChEMBL_zinc_D_6774,COc1ccc(Cl)cc1NC(=O)Nc1cc(C(C)(C)C)on1,0
ZINC40150082,ChEMBL_zinc_D_6775,CCC(C)N(C)C(=O)Nc1ccc(Cl)c(Cl)c1,0
ZINC40758149,ChEMBL_zinc_D_6776,Cc1cccc2c1cnn2CCC(=O)Nc1ccccc1,0
ZINC58312137,ChEMBL_zinc_D_6777,CCCc1ccc(-c2nc(NC(=O)c3sc4nc(COC)[nH]c(=O)c4c3C)sc2C)cc1,0
ZINC58323294,ChEMBL_zinc_D_6778,CCn1c(=O)nc(O)c(NC)c1NC(=O)CN1C(=O)COc2ccccc21,0
ZINC64667104,ChEMBL_zinc_D_6779,COc1ccc(C[NH+]2CCCC2c2cc(C(C)C)no2)c(OC)c1,0
ZINC46010590,ChEMBL_zinc_D_6780,C=CCn1c2ccc(NC(=O)Nc3ccccc3OC)cc2oc1=O,0
ZINC48310991,ChEMBL_zinc_D_6781,CCc1[nH]c(C(=O)NC2(c3ccc(Br)cc3)CC2)c(C)c1C(=O)OC,0
ZINC48826021,ChEMBL_zinc_D_6782,CCN(CC)C(=O)N1CCC(C(=O)Oc2ccc(-c3noc(C)n3)cc2)CC1,0
ZINC68300875,ChEMBL_zinc_D_6783,Cc1cc(NS(=O)(=O)c2cccc(C#N)c2)n(-c2ccc(C)cc2)n1,0
ZINC68319995,ChEMBL_zinc_D_6784,COCCOc1cc(NC(=O)c2ccc3[nH]c(C(F)F)nc3c2)ccc1OC,0
ZINC20952760,ChEMBL_zinc_D_6785,O=C(CN1CC[NH+](Cc2ncc(-c3cccc(Cl)c3)o2)CC1)N1CCCC1,0
ZINC00083536,ChEMBL_zinc_D_6786,CN(C)C(=O)COc1cc2oc(=O)c3c(c2cc1Cl)CCCC3,0
ZINC58429872,ChEMBL_zinc_D_6787,O=C(NCC(NC(=O)Nc1cccnc1)C1CC1)Nc1cccnc1,0
ZINC64320323,ChEMBL_zinc_D_6788,CCN(CC1CCOC1)C(=O)c1c(C)c(C)sc1NC(=O)C1CC1,0
ZINC04563660,ChEMBL_zinc_D_6789,CCOc1sc2nc(C)n(CC(=O)Nc3ccc(CC)cc3)c(=O)c2c1C,0
ZINC41255136,ChEMBL_zinc_D_6790,COc1ccc(OC)c(-c2ccc(=O)n(CCC(=O)NCc3ccc(N(C)C)cc3)n2)c1,0
ZINC02719032,ChEMBL_zinc_D_6791,CC1=Nc2nc(SCc3ccccc3F)nn2C(c2ccncc2)C1C(N)=O,0
ZINC13296815,ChEMBL_zinc_D_6792,Cc1c(C(=O)OCC(=O)N2CCc3ccccc32)cnn1C,0
ZINC58305002,ChEMBL_zinc_D_6793,COc1cc(NC(=O)NCCOC2CCCCC2C)c(C(=O)N2CCCCC2)cc1OC,0
ZINC23465046,ChEMBL_zinc_D_6794,CCN(CC)C(=O)c1cccc(NC(=O)c2nccnc2N)c1,0
ZINC68295217,ChEMBL_zinc_D_6795,O=C(CNC(=O)C1CCCC(C(F)(F)F)C1)N1CCN(c2ccccc2)CC1,0
ZINC68346415,ChEMBL_zinc_D_6796,Cc1ccc(S(=O)(=O)NCC[NH+](C)C2CCCCC2)s1,0
ZINC70761327,ChEMBL_zinc_D_6797,CC(C)(Oc1ccc(Cl)cc1)C(=O)NCC(O)c1cccc2ccccc21,0
ZINC70772732,ChEMBL_zinc_D_6798,N#Cc1ccc(C(=O)NCCCn2cccc2)cc1,0
ZINC66706790,ChEMBL_zinc_D_6799,O=C(C1Cc2ccccc2S1)N1CCOC(c2ccc(F)c(F)c2)C1,0
ZINC66786669,ChEMBL_zinc_D_6800,Cc1ccc(F)c2c1N(C(=O)c1ccc(NC(=O)NC3CC3)cc1)CCC2,0
ZINC68386322,ChEMBL_zinc_D_6801,O=C(NCC(c1ccccc1)[NH+]1CCCC1)c1ccc2[nH]c(C(F)F)nc2c1,0
ZINC68402420,ChEMBL_zinc_D_6802,COc1cc(CNC(=O)N(C)C(C)c2cccnc2)ccc1OCC1CCCO1,0
ZINC69155879,ChEMBL_zinc_D_6803,CCCNC(=O)CCC(=O)NCC1([NH+](C)C)CCCC(C)C1,0
ZINC69485478,ChEMBL_zinc_D_6804,COC(=O)NC(C)(C)C(=O)NCC1(c2cccs2)CCCC1,0
ZINC64745961,ChEMBL_zinc_D_6805,CCC(CC)C(CNC(=O)NCC(=O)NCC(C)C)[NH+]1CCCC1,0
ZINC57149829,ChEMBL_zinc_D_6806,CCN(CCCNC(=O)N(C)CC(=O)NC(C)(C)C)S(C)(=O)=O,0
ZINC68352925,ChEMBL_zinc_D_6807,Cn1cccc1-c1csc(NC(=O)CNc2ccc(C#N)cc2)n1,0
ZINC68509671,ChEMBL_zinc_D_6808,Cc1nnc(C(NC(=O)CNC(=O)c2ccc(C)c(C)c2)c2ccccc2)n1C,0
ZINC58356008,ChEMBL_zinc_D_6809,O=C(C1Cc2ccccc2O1)N1CCCC1C[NH+]1CCCC1,0
ZINC65374300,ChEMBL_zinc_D_6810,COc1ccc(NC(=O)N2C3CCC2C[NH2+]CC3)c(C)c1,0
ZINC68850028,ChEMBL_zinc_D_6811,CC(C(=O)N1CCOCC1)N1CC[NH+](CCC(=O)NC(C)(C)C)CC1,0
ZINC14602617,ChEMBL_zinc_D_6812,CCC(NC(=O)c1cccc(S(=O)(=O)N2CC(C)OC(C)C2)c1)c1ccc(C)cc1,0
ZINC11284706,ChEMBL_zinc_D_6813,C=CCNC(=O)C[NH+]1CC2(CCCC2)c2cc3c(cc2C1C)OCCO3,0
ZINC02637308,ChEMBL_zinc_D_6814,c1nc2sc3c(c2c(NC2CC2)n1)CCC3,0
ZINC61283023,ChEMBL_zinc_D_6815,Cc1ccc(C(=O)NC2CC2)cc1NC(=O)NCc1csc2ccccc12,0
ZINC61343142,ChEMBL_zinc_D_6816,COc1ccc(CCCC(=O)NC(C)c2ccc(S(N)(=O)=O)cc2)cc1,0
ZINC70668356,ChEMBL_zinc_D_6817,CC(C)C(NC(=O)COc1ccccc1)C(=O)OCC1CCCCO1,0
ZINC52685078,ChEMBL_zinc_D_6818,CCCCNC(=O)N1CCC(C(=O)Nc2ccc3c(c2)OCO3)CC1,0
ZINC09436347,ChEMBL_zinc_D_6819,CCc1cccc(C)c1NC(=O)COCc1cc(-c2ccc(F)cc2)on1,0
ZINC02911699,ChEMBL_zinc_D_6820,COc1ccc(NC(=O)c2sc3ncnc(N4CCN(c5cccc[nH+]5)CC4)c3c2C)cc1OC,0
ZINC63747503,ChEMBL_zinc_D_6821,CC(C#N)CN(C)C(=O)CCCNC(=O)OC(C)(C)C,0
ZINC53153598,ChEMBL_zinc_D_6822,CCOC(=O)NCCC(=O)N(CCOC)C1CCCC1,0
ZINC69371984,ChEMBL_zinc_D_6823,OC(CN1CCOC(Cn2cccn2)C1)c1ccc(F)c(F)c1,0
ZINC58451402,ChEMBL_zinc_D_6824,Cc1ccc(C#N)cc1NC(=O)NCCOc1ccc(Cl)cc1,0
ZINC50989820,ChEMBL_zinc_D_6825,CC(=O)NC1CC[NH+](CCCNS(C)(=O)=O)CC1,0
ZINC51580182,ChEMBL_zinc_D_6826,CCCNC(=O)C1CCC[NH+](CCOCCC(C)C)C1,0
ZINC57928637,ChEMBL_zinc_D_6827,O=S(=O)(NCC1CC[NH+](Cc2cccs2)CC1)N1CCCCCC1,0
ZINC57951447,ChEMBL_zinc_D_6828,O=C(C1CC[NH+](CC(O)COc2ccc(Cl)cc2)CC1)N1CCCCCC1,0
ZINC13124699,ChEMBL_zinc_D_6829,C=CCn1c(SCC(=O)Nc2ccc3c(c2)OCO3)nnc1-c1ccccc1O,0
ZINC04414892,ChEMBL_zinc_D_6830,Cn1c(Cc2ccccc2)nnc1SCC(=O)Nc1ccc(N2CCOCC2)cc1,0
ZINC47535404,ChEMBL_zinc_D_6831,C=CCNC(=O)c1cc(F)ccc1NC(=O)C1CC1C,0
ZINC03175549,ChEMBL_zinc_D_6832,O=C([O-])CCC(=O)NC(Cc1ccccc1)C(=O)[O-],0
ZINC68305985,ChEMBL_zinc_D_6833,O=C(NCc1ccc(Cn2ccccc2=O)cc1)c1cc[nH]c1,0
ZINC57780450,ChEMBL_zinc_D_6834,CN(C(=O)C(c1ccccc1)N1CC[NH+](C)CC1)c1nc2ccccc2s1,0
ZINC49001138,ChEMBL_zinc_D_6835,CC(C#N)CN(C)CCS(=O)(=O)c1ccc(Cl)cc1,0
ZINC49221590,ChEMBL_zinc_D_6836,COC(=O)NCC(=O)Nc1ccccc1SC(F)F,0
ZINC25529189,ChEMBL_zinc_D_6837,CCOC(=O)C1CCC[NH+](C(C)C(=O)Nc2nccs2)C1,0
ZINC48253533,ChEMBL_zinc_D_6838,CC(NC(=O)C1CC(=O)N(CC2CC2)C1)c1nnc2n1CCC2,0
ZINC72163598,ChEMBL_zinc_D_6839,CCOc1cc2c(cc1CN1CCCC(c3cc(=O)[nH]c(C)n3)C1)CCC2,0
ZINC07781306,ChEMBL_zinc_D_6840,Cc1ccc(OCCC(=O)NC(c2ccc3c(c2)OCCCO3)C(C)C)cc1,0
ZINC69203578,ChEMBL_zinc_D_6841,Cc1nc2ccccc2n1CCNC(=O)NCC1CC=CCC1,0
ZINC58264258,ChEMBL_zinc_D_6842,COCC(=O)N1CCC(c2ncc(-c3ccc(F)c(F)c3)[nH]2)CC1,0
ZINC68371880,ChEMBL_zinc_D_6843,COc1cccc(CNC(=O)c2cccc(CN3CCOCC3)c2)c1,0
ZINC68390374,ChEMBL_zinc_D_6844,O=C(NCCCOc1cccc2cccnc21)c1ccc[nH]1,0
ZINC66577889,ChEMBL_zinc_D_6845,CCOC(=O)C(C)(C)NS(=O)(=O)c1cccc(C(=O)OC)c1C,0
ZINC66646509,ChEMBL_zinc_D_6846,CCC(C)N(C)C(=O)c1ccc(NC(N)=O)cc1,0
ZINC02416140,ChEMBL_zinc_D_6847,COc1ccccc1C1CC(c2ccc(Cl)cc2)Nc2nc(NC(C)=O)nn21,0
ZINC50763876,ChEMBL_zinc_D_6848,CCCCNC(=O)C1CCCN(C(=O)c2c(C)nn(Cc3ccccc3)c2C)C1,0
ZINC48062048,ChEMBL_zinc_D_6849,CN(C)C(=O)CN(C)C(=O)CCOc1ccc(Br)cc1,0
ZINC64357855,ChEMBL_zinc_D_6850,Cc1nn(-c2ccc(F)cc2)c2sc(C(=O)OCCC(=O)N(C)C)cc12,0
ZINC48355885,ChEMBL_zinc_D_6851,O=C(NCCCn1cc[nH+]c1)C1Cc2cc(Cl)ccc2O1,0
ZINC54312269,ChEMBL_zinc_D_6852,CCOC(=O)N(C)c1ccc(NC(=O)CNC(=O)C2CC2)cc1,0
ZINC68418311,ChEMBL_zinc_D_6853,CCn1cc(NC(=O)C2Cc3ccccc3CN2C(=O)CC(C)C)ccc1=O,0
ZINC68497347,ChEMBL_zinc_D_6854,Cc1nc(S(=O)(=O)NCCC(=O)NCCCc2cccc(F)c2)cn1C,0
ZINC63290719,ChEMBL_zinc_D_6855,COC(=O)NC(CC(C)C)C(=O)NCc1cccc(COCc2ccco2)c1,0
ZINC63296480,ChEMBL_zinc_D_6856,CN(C)C(=O)c1ccc(Cl)c(NC(=O)c2ccc(Oc3cccnc3)cc2)c1,0
ZINC67913970,ChEMBL_zinc_D_6857,CCCCCCC(C)CC(=O)NC1CCN(C(=O)CC(C)C)CC1,0
ZINC07787681,ChEMBL_zinc_D_6858,CC1CCC[NH+](CC(=O)Nc2sccc2C(N)=O)C1,0
ZINC58838821,ChEMBL_zinc_D_6859,COc1cccc(NC(=O)CN(C)C(=O)CNC(=O)CNC(C)=O)c1,0
ZINC05970807,ChEMBL_zinc_D_6860,CCN(C(=O)C(C)OC(=O)C1CCN(C(=O)Nc2ccccc2)CC1)c1ccccc1,0
ZINC66634177,ChEMBL_zinc_D_6861,CC(C)(C)OC(=O)NCCNC(=O)CNC(=O)NCc1ccc(Cl)cc1,0
ZINC66699453,ChEMBL_zinc_D_6862,CCCN(Cc1ccccc1O)C(=O)NCC(C)[NH+](CC)CC,0
ZINC03457028,ChEMBL_zinc_D_6863,COCCn1c(SC(C)C#N)nc2sc3c(c2c1=O)CCCC3,0
ZINC40769030,ChEMBL_zinc_D_6864,CNC(=O)CNC(=O)CCn1ncc2c1cccc2C,0
ZINC37987777,ChEMBL_zinc_D_6865,CC1CCN(C(=O)c2ccc(Cl)nc2)C2CCCCC12,0
ZINC38489944,ChEMBL_zinc_D_6866,CCOC(=O)N1CCC(NS(=O)(=O)C2CC2)CC1,0
ZINC64818412,ChEMBL_zinc_D_6867,Cn1nnc2cc(C(=O)NC3CCCc4ccccc43)ccc21,0
ZINC65056221,ChEMBL_zinc_D_6868,O=C(CCc1nc2onc(-c3ccccc3)c2c(N2CCCCC2)n1)NCc1ccccc1F,0
ZINC20758811,ChEMBL_zinc_D_6869,CCC(C)C(NC(=O)N1CC(=O)Nc2ccccc21)C(=O)NC(C(=O)[O-])C(C)C,0
ZINC27909291,ChEMBL_zinc_D_6870,CC(=O)Nc1cc(NC(C)=O)cc(C(=O)OC(C)C(=O)Nc2ccc(C)cc2C)c1,0
ZINC36619404,ChEMBL_zinc_D_6871,Cc1cc(C)n(CC(C)NC(=O)c2cc(-c3ccc(F)cc3)nc3ncnn32)n1,0
ZINC22011775,ChEMBL_zinc_D_6872,CC(CCc1ccccc1)NC(=O)CN1CC[NH+](Cc2ccccn2)CC1,0
ZINC68395105,ChEMBL_zinc_D_6873,Cn1ccnc1C(OC(=O)c1cc2c([nH]c1=O)CCCC2=O)C(F)(F)F,0
ZINC00189899,ChEMBL_zinc_D_6874,COc1ccc(OCC(O)C[NH+]2CCOCC2)cc1,0
ZINC25331021,ChEMBL_zinc_D_6875,C[NH+](C)C(CNC(=O)Cc1csc(N2CCCC2=O)n1)c1ccsc1,0
ZINC27678789,ChEMBL_zinc_D_6876,CCN(C(=O)Cc1c(C)nn(-c2ccccc2)c1C)c1cccc(Br)c1,0
ZINC72156707,ChEMBL_zinc_D_6877,CN(C)c1nc2c(c(N3CCC(O)CC3)n1)C[NH+](Cc1ccccn1)CC2,0
ZINC03403020,ChEMBL_zinc_D_6878,COc1ccc(NC(=O)COc2ccc(Cl)c(Cl)c2)cc1OC,0
ZINC64841995,ChEMBL_zinc_D_6879,COc1ccc(OCc2nc(CCN(C)S(=O)(=O)c3ccc(Cl)cc3)no2)cc1,0
ZINC64861626,ChEMBL_zinc_D_6880,CCCNC(=O)N1CCc2cc(S(=O)(=O)Nc3ccccc3F)ccc21,0
ZINC01130046,ChEMBL_zinc_D_6881,O=C(Nc1cccc(C(=O)Nc2ccccc2C(F)(F)F)c1)c1ccccc1,0
ZINC48087550,ChEMBL_zinc_D_6882,COc1cccc(CN(C)C(=O)Nc2ccc(N3CCCC3)[nH+]c2)c1,0
ZINC14753893,ChEMBL_zinc_D_6883,Cc1ccc(OCC2CC(C(=O)NCC(C)C)C[NH+](CC(C)C)C2)cn1,0
ZINC08383824,ChEMBL_zinc_D_6884,CCCOC(=O)c1ccc(N2CC(C(=O)OCC(=O)c3ccc(OC)cc3)CC2=O)cc1,0
ZINC10073005,ChEMBL_zinc_D_6885,CCN(CC)c1ccc(-c2nnc(SCC(=O)N3CCOC(C)C3)n2-c2ccccc2)cc1,0
ZINC10132354,ChEMBL_zinc_D_6886,COc1ccc(-c2ccc(SCC(=O)Nc3cc(Cl)cc(Cl)c3)nn2)cc1OC,0
ZINC68406241,ChEMBL_zinc_D_6887,CCNC(=O)C(C)NC(=O)NCC(c1ccc(Cl)cc1)N1CCOCC1,0
ZINC68432834,ChEMBL_zinc_D_6888,CC(NC(=O)C1CC1c1cnn(C)c1)c1cccc(OCc2ccccn2)c1,0
ZINC41368673,ChEMBL_zinc_D_6889,Cc1nnc(SCc2ncc(-c3ccc(F)cc3)o2)o1,0
ZINC41531933,ChEMBL_zinc_D_6890,CCNC(=O)CNc1ncnc2c1cnn2-c1ccccn1,0
ZINC20055526,ChEMBL_zinc_D_6891,CCC(C)NC(=O)C[NH2+]CC1CCCO1,0
ZINC21668761,ChEMBL_zinc_D_6892,CCC(NC(=O)c1occc1C)c1ccc(C)cc1,0
ZINC07601058,ChEMBL_zinc_D_6893,O=C(C[NH+]1CCN(c2ccccc2Cl)CC1)Nc1ccccc1,0
ZINC03423567,ChEMBL_zinc_D_6894,COc1ccc(CNC(=O)Cn2ccccc2=O)cc1,0
ZINC68790970,ChEMBL_zinc_D_6895,CCNC(=O)c1ccc(CNC(=O)C(C)OCCC(C)C)cc1,0
ZINC68821456,ChEMBL_zinc_D_6896,Cc1ccc(NC(=O)NCC2CCC[NH+](Cc3nnc(C(C)(C)C)o3)C2)cc1,0
ZINC14561374,ChEMBL_zinc_D_6897,Cc1ccccc1C(=O)Nc1cccc(C(=O)N(C)Cc2ccccc2)c1,0
ZINC14608246,ChEMBL_zinc_D_6898,COc1ccc2nc(Nc3nc(CSc4nc5ccccc5o4)cc(=O)[nH]3)nc(C)c2c1,0
ZINC22942126,ChEMBL_zinc_D_6899,COc1cccc(CN2CCC([NH3+])C2)c1,0
ZINC46952723,ChEMBL_zinc_D_6900,O=C(NCC1CC[NH+](CC(F)(F)F)C1)Nc1cccnc1-n1cccn1,0
ZINC72089607,ChEMBL_zinc_D_6901,CC(NC(=O)C(NC(=O)OC(C)(C)C)c1ccccc1)c1cccc(C(F)(F)F)c1,0
ZINC72096876,ChEMBL_zinc_D_6902,O=C(Cc1csc(-c2nc[nH]n2)n1)N1CCN(C(c2ccccc2)c2ccccc2)CC1,0
ZINC36059528,ChEMBL_zinc_D_6903,COc1ccc(OC)c(C2CN(C(=O)c3ccccc3)CC2C(=O)N(C)Cc2ccccc2)c1,0
ZINC02987891,ChEMBL_zinc_D_6904,Cc1ccc(OCCSc2nc3c(ncnc3N)[nH]2)c(C(C)C)c1,0
ZINC04202923,ChEMBL_zinc_D_6905,O=C(NC1CC[NH2+]CC1)OCc1ccccc1,0
ZINC20562037,ChEMBL_zinc_D_6906,CCOc1ccccc1NCC1CCCCC1,0
ZINC69186997,ChEMBL_zinc_D_6907,O=C(Nc1ccc(Cn2cccn2)cc1)NC1CCCCC1C(F)(F)F,0
ZINC69261211,ChEMBL_zinc_D_6908,CCNC(=O)NC1CCc2c1cccc2Br,0
ZINC19958660,ChEMBL_zinc_D_6909,C[NH+](C)CCC[NH2+]Cc1ccc(C#N)cc1,0
ZINC21684546,ChEMBL_zinc_D_6910,Cc1cc(NC(=O)CCSc2ccc(C)cc2)n(-c2nc3ccccc3s2)n1,0
ZINC66248368,ChEMBL_zinc_D_6911,CCC(=O)Nc1ccc(S(=O)(=O)Nc2ccnn2C2CCCCC2)cc1,0
ZINC66275643,ChEMBL_zinc_D_6912,CC1CC1C(=O)OCc1cc2c(cc1Br)OCCO2,0
ZINC66598362,ChEMBL_zinc_D_6913,Cc1ncsc1CN(C)C(=O)NCCCOC1CCCC1,0
ZINC66685967,ChEMBL_zinc_D_6914,CC(NC(=O)CC1CCCC1)C(=O)N1CCOC(c2ccc(F)c(Cl)c2)C1,0
ZINC66705017,ChEMBL_zinc_D_6915,CC1(CNC(=O)NCCCc2nn(-c3ccccc3)c(N)c2C#N)CCCC1,0
ZINC66737716,ChEMBL_zinc_D_6916,COc1ccc(S(=O)(=O)Nc2ccc(Cn3ccnc3C)cc2)cc1Cl,0
ZINC52743920,ChEMBL_zinc_D_6917,CC(C)=CC1C(C(=O)NCC2(C(N)=O)CCOCC2)C1(C)C,0
ZINC66216322,ChEMBL_zinc_D_6918,CCC[NH+](CCC)CC(=O)Nc1cccc(OC)c1,0
ZINC43841462,ChEMBL_zinc_D_6919,Cc1ccccc1C[NH+]1CCC(NC(=O)NC(C)C2CC2)CC1,0
ZINC58863579,ChEMBL_zinc_D_6920,CC(C)CC(=O)NC(C(=O)N1CCC([NH+](C)C)CC1)C(C)C,0
ZINC70848220,ChEMBL_zinc_D_6921,O=C(Nc1nc(C(=O)Nc2cccc(Br)c2)co1)c1cccs1,0
ZINC70877818,ChEMBL_zinc_D_6922,COc1ccc(OCCS(=O)(=O)NCc2ccccn2)cc1,0
ZINC35869967,ChEMBL_zinc_D_6923,COCCNC(=O)C1Cc2ccccc2N2CCN(c3cccc(OC)c3)CC12,0
ZINC04161510,ChEMBL_zinc_D_6924,CCCCn1c(SCC(=O)N(C)C)nnc1-c1cccs1,0
ZINC51852229,ChEMBL_zinc_D_6925,N#Cc1ccccc1N1CCC[NH+](CCC(=O)NCc2ccccc2Cl)CC1,0
ZINC71964476,ChEMBL_zinc_D_6926,Cn1c(NCc2ccc(CN3CCCC3=O)cc2)c(C#N)c(=O)n(C)c1=O,0
ZINC69496617,ChEMBL_zinc_D_6927,CC(C)(C)OC(=O)NCCC(=O)NCC(O)C1CCCCC1,0
ZINC69818991,ChEMBL_zinc_D_6928,CC[NH+](C)CCNC(=O)NC(CN1CC[NH+](C)CC1)c1ccccc1,0
ZINC07541312,ChEMBL_zinc_D_6929,CC(=O)c1cccc(OC(C)C(=O)Nc2ccc(SC(F)F)cc2)c1,0
ZINC69498004,ChEMBL_zinc_D_6930,Cc1nn(C)cc1C(C)NC(=O)CNC(=O)c1ccccc1,0
ZINC68364815,ChEMBL_zinc_D_6931,CCCOc1ncccc1CNC(=O)N1CC[NH+](C(C)C)CC1,0
ZINC68399043,ChEMBL_zinc_D_6932,N#CC(NC(=O)c1ccc[nH]1)c1cnn(-c2ccccc2)c1,0
ZINC02883441,ChEMBL_zinc_D_6933,COc1ccc(C)cc1S(=O)(=O)N(CC(=O)Nc1ccc(F)cc1F)Cc1ccccc1,0
ZINC64434335,ChEMBL_zinc_D_6934,CC(C)Cc1cc(NC(=O)Cn2nnc3ccccc3c2=O)n(C)n1,0
ZINC49280105,ChEMBL_zinc_D_6935,CC(NC(N)=O)C(=O)NCCc1cc(Cl)cc(Cl)c1,0
ZINC49288865,ChEMBL_zinc_D_6936,CC(Cc1cccc(F)c1)C(=O)NC(C)C(=O)N(C)C,0
ZINC24840895,ChEMBL_zinc_D_6937,Cc1ccc(OC(=O)c2ccc(S(=O)(=O)N3CCCC3)o2)cc1,0
ZINC02765937,ChEMBL_zinc_D_6938,CCOC(=O)c1cc(C(C)C)sc1NC(=O)C1CCCCC1C(=O)[O-],0
ZINC58876874,ChEMBL_zinc_D_6939,CCC(C)C(=O)NCC(=O)Nc1ccc(C(=O)NC)cc1C,0
ZINC43918658,ChEMBL_zinc_D_6940,CCCCCNC(=O)Nc1ccc(C(=O)NC2CC2)cc1,0
ZINC67150987,ChEMBL_zinc_D_6941,CC(=O)NC(CC(=O)N(CCO)Cc1ccccc1)c1c(F)cccc1F,0
ZINC67181181,ChEMBL_zinc_D_6942,CCOC(=O)N(C)CC(=O)Nc1cccc(SC(F)F)c1,0
ZINC20445631,ChEMBL_zinc_D_6943,CCc1nnc2n1NC(c1ccc(Cl)cc1)C(C(=O)Nc1cc(C)cc(C)c1)S2,0
ZINC09087828,ChEMBL_zinc_D_6944,COc1cccc(C(=O)Nc2nnc(-c3ccccc3OC)s2)c1,0
ZINC69303963,ChEMBL_zinc_D_6945,CC(C)c1cc(C(=O)NCC(O)COc2cccc3ccccc32)n[nH]1,0
ZINC69320607,ChEMBL_zinc_D_6946,Cc1csc(C(C)NC(=O)NCC(O)c2ccc(F)c(F)c2)n1,0
ZINC67194628,ChEMBL_zinc_D_6947,CNS(=O)(=O)c1ccc(NC(=O)CC(C)c2ccccc2F)cc1OC,0
ZINC67203095,ChEMBL_zinc_D_6948,CCCOCC(=O)NCC1CCC[NH+]1CC1CCCCC1,0
ZINC37493227,ChEMBL_zinc_D_6949,CC(C)N(CC(N)=O)C(=O)c1ccccc1Br,0
ZINC13010762,ChEMBL_zinc_D_6950,CN(Cc1ccccc1)S(=O)(=O)c1ccc(Cl)c(C(=O)NCC(c2ccco2)[NH+](C)C)c1,0
ZINC65416019,ChEMBL_zinc_D_6951,CC(C)(C)OC(=O)NCCNC(=O)Nc1ccc(Oc2ncccn2)cc1,0
ZINC65444757,ChEMBL_zinc_D_6952,CCN(C(=O)NC(c1nccn1C)c1cccc(F)c1)C(C)C(C)C,0
ZINC08278190,ChEMBL_zinc_D_6953,CSc1ccc(Cl)c(C(=O)OCc2nc3ccccc3o2)c1,0
ZINC08312763,ChEMBL_zinc_D_6954,CCCCN(C(=O)Nc1ccccc1OC)c1c(N)n(CCC)c(=O)[nH]c1=O,0
ZINC05065699,ChEMBL_zinc_D_6955,O=C(CSc1nnc(C23CC4CC(CC(C4)C2)C3)o1)N1CCCCC1,0
ZINC02209477,ChEMBL_zinc_D_6956,COc1cc(C2CC(c3ccccc3Cl)=Nc3nnnn32)cc(OC)c1OC,0
ZINC40389294,ChEMBL_zinc_D_6957,CC(O)Cn1c2ccccc2nc1-c1ccco1,0
ZINC40477703,ChEMBL_zinc_D_6958,COCCN(Cc1cccs1)C(=O)NC(C)c1ccccn1,0
ZINC69218229,ChEMBL_zinc_D_6959,Cc1csc(C(C)NC(=O)Nc2nnc(-c3ccccc3)s2)n1,0
ZINC69337548,ChEMBL_zinc_D_6960,Cc1ccc(OCC(C)NC(=O)Nc2ccccc2SCCC(N)=O)cc1,0
ZINC33034875,ChEMBL_zinc_D_6961,CCc1ccc(C(=O)N2CCCC(c3cccc(C(=O)N4CCC5(CC4)OCCO5)c3)C2)cc1,0
ZINC33263812,ChEMBL_zinc_D_6962,COc1ccc(OC)c(NC(=O)NCCCn2c(-c3ccc(C)cc3)nc3cccnc32)c1,0
ZINC02630804,ChEMBL_zinc_D_6963,COc1ccc(CCNC(=O)c2nn(Cc3ccccc3)c(=O)c3ccccc32)cc1,0
ZINC08448923,ChEMBL_zinc_D_6964,CN1c2ccccc2C2(C1=O)c1c(=O)oc3ccccc3c1Oc1c3ccccc3oc(=O)c12,0
ZINC55551098,ChEMBL_zinc_D_6965,CCN(CC)S(=O)(=O)N1CCN(C(=O)C2CC2C)CC1,0
ZINC66960512,ChEMBL_zinc_D_6966,C=CCCOC(C)C(=O)OCC(=O)NC1CCCCC1,0
ZINC00950676,ChEMBL_zinc_D_6967,CCc1ccc(Oc2coc3cc(OC(C)C(=O)OC)ccc3c2=O)cc1,0
ZINC37525887,ChEMBL_zinc_D_6968,COc1ccccc1CCNC(=O)c1cc2sccc2n1Cc1cccc(F)c1,0
ZINC49546750,ChEMBL_zinc_D_6969,NC(=O)COc1cccc(C2CC(O)=Nc3c2ncn3-c2cc(F)cc(F)c2)c1,0
ZINC71414395,ChEMBL_zinc_D_6970,COc1ccc(Br)c(C(=O)Nc2cnccc2C)c1,0
ZINC33320889,ChEMBL_zinc_D_6971,O=C1CC(c2nc3ccccc3n2CC(O)COc2ccc(Cl)cc2)CN1Cc1ccccc1,0
ZINC04270290,ChEMBL_zinc_D_6972,COc1ccc(NS(=O)(=O)c2cnc([O-])[nH]c2=O)cc1,0
ZINC40509396,ChEMBL_zinc_D_6973,Cc1cc(C(C)NC(=O)CNC(=O)C(C)(C)C)c(C)s1,0
ZINC40787758,ChEMBL_zinc_D_6974,Cc1ccccc1Cn1c(C(=O)NCCc2ccc3c(c2)OCO3)cc2occc21,0
ZINC49008345,ChEMBL_zinc_D_6975,COc1ccc(Cl)cc1NC(=O)Cn1nc2c(Oc3ccc(C)cc3)nccn2c1=O,0
ZINC05001689,ChEMBL_zinc_D_6976,CSc1nnc(CNC(=O)Nc2cccc(C(C)=O)c2)n1C(C)C,0
ZINC58542315,ChEMBL_zinc_D_6977,COc1cccc(C2CCCN2C(=O)c2ccccc2Cl)c1,0
ZINC58965797,ChEMBL_zinc_D_6978,CN(CC1CCCO1)C(=O)CCOc1ccccc1,0
ZINC07188492,ChEMBL_zinc_D_6979,Cc1cc(C)n2c(nnc2SCC(=O)NC(c2cccs2)c2ccccc2)n1,0
ZINC08187070,ChEMBL_zinc_D_6980,C[NH+](CC(=O)Nc1ccccc1C(=O)NC1CC1)Cc1ccccc1N1CCOCC1,0
ZINC57808837,ChEMBL_zinc_D_6981,CC(NC(=O)NCCC1CCCO1)c1cccc(Br)c1,0
ZINC58495172,ChEMBL_zinc_D_6982,CCc1[nH]ncc1C(=O)N(C)Cc1cnc(C)s1,0
ZINC36101891,ChEMBL_zinc_D_6983,CC(=O)N1CCc2cc(S(=O)(=O)NCC(=O)Nc3ccccc3)ccc21,0
ZINC36120264,ChEMBL_zinc_D_6984,C=CCN(CC(=O)N1CCc2sccc2C1COc1ccc(C)cc1)C(=O)COC,0
ZINC68833529,ChEMBL_zinc_D_6985,CCOCCCNC(=O)C(C)N1CCN(C(C)C(=O)N2CCOCC2)CC1,0
ZINC69006755,ChEMBL_zinc_D_6986,O=C(Nc1ccc(-c2nnco2)cc1)C1CCC[NH+]1Cc1ccccc1,0
ZINC63535754,ChEMBL_zinc_D_6987,O=C(Cc1cccc(O)c1)N1CCN(Cc2ccc(Cl)s2)CC1,0
ZINC63561791,ChEMBL_zinc_D_6988,COc1ccc(OC)c(C[NH2+]Cc2ccc(C(=O)N3CC(C)OC(C)C3)cc2)c1,0
ZINC60942547,ChEMBL_zinc_D_6989,CN(Cc1ccccc1)C(=O)CN1CCN(Cc2cccs2)CC1,0
ZINC60970907,ChEMBL_zinc_D_6990,COc1ccccc1C[NH2+]Cc1ccc(-c2ccc3c(c2)CCO3)cc1,0
ZINC04320167,ChEMBL_zinc_D_6991,CC1Oc2ccccc2C=C1C=c1sc2nc(C=Cc3cccs3)nn2c1=O,0
ZINC08637479,ChEMBL_zinc_D_6992,Cc1ccc(S(=O)(=O)CCC(=O)OCC(=O)NC(C)c2ccc(F)cc2)cc1,0
ZINC09547923,ChEMBL_zinc_D_6993,CC(C)C(CC[NH+](C)C1CCOC(C)(C)C1)c1ccco1,0
ZINC09827621,ChEMBL_zinc_D_6994,O=C(Cn1c(CO)cnc1SCc1c(F)cccc1Cl)NC1CCCC1,0
ZINC00646260,ChEMBL_zinc_D_6995,CCOC(=O)C1CCCN(C(=O)NC2(C(F)(F)F)Oc3ccc(Cl)cc3O2)C1,0
ZINC08497418,ChEMBL_zinc_D_6996,CCc1ccc(S(=O)(=O)N2CCN(C(=O)c3ccccc3)CC2)cc1,0
ZINC69328319,ChEMBL_zinc_D_6997,Cc1cccc(OC(F)F)c1NC(=O)N(C)CCc1ccccc1,0
ZINC69336637,ChEMBL_zinc_D_6998,Cc1nn(C)cc1C(C)NC(=O)NCc1cccnc1Oc1cccc(F)c1,0
ZINC68064133,ChEMBL_zinc_D_6999,COc1ccc2[nH]cc(CC(=O)N(C)C3CC3)c2c1,0
ZINC68128149,ChEMBL_zinc_D_7000,COCCOc1ncccc1CNC(=O)COc1ccc(CC#N)cc1,0
ZINC36006661,ChEMBL_zinc_D_7001,COC(=O)c1c(C)c(C(=O)CN(CCN2CCOCC2)S(=O)(=O)c2ccccc2)c(C)n1C,0
ZINC36214199,ChEMBL_zinc_D_7002,CCNC(=O)N1CCC(C(NC(=O)c2ccccc2C)C(=O)NC(C)C(C)C)CC1,0
ZINC12292092,ChEMBL_zinc_D_7003,COc1ccccc1C1(O)CC[NH+](CC(O)c2ccc3c(c2)OCCO3)CC1,0
ZINC12459838,ChEMBL_zinc_D_7004,CC[NH+]1CCCC1CNC(=O)CCC1CCN(C(=O)c2ccc(OC)c(F)c2)CC1,0
ZINC02132695,ChEMBL_zinc_D_7005,CCCCC([NH2+]Cc1c(O)ccc2c(-c3ccccc3)cc(=O)oc21)C(=O)[O-],0
ZINC04192578,ChEMBL_zinc_D_7006,COc1ccccc1NC(=O)CC([NH2+]CCC[NH+]1CCOCC1)C(=O)[O-],0
ZINC02638951,ChEMBL_zinc_D_7007,OC(C[NH2+]CC(c1cccs1)c1c[nH]c2ccccc21)c1ccccc1,0
ZINC72016610,ChEMBL_zinc_D_7008,CCOc1ccc(Oc2ccccc2NC(=O)c2ccnc(SC)c2)cc1,0
ZINC50057866,ChEMBL_zinc_D_7009,C#CCNC(=O)CCNC(=O)Nc1ccc(C(=O)NCC(C)C)c(Cl)c1,0
ZINC50080598,ChEMBL_zinc_D_7010,CC1CN(c2ccc(NC(=O)NCCC(=O)N3CCCCC3)cc2)CC(C)O1,0
ZINC66052022,ChEMBL_zinc_D_7011,Cc1ccccc1C(CC(=O)Nc1cc[nH]n1)NC(N)=O,0
ZINC69791000,ChEMBL_zinc_D_7012,C#CCCNC(=O)c1ccc(F)cc1,0
ZINC58137788,ChEMBL_zinc_D_7013,COC(=O)c1cc(C#N)c(=O)n(Cc2csc(CCC(C)C)n2)c1,0
ZINC58174777,ChEMBL_zinc_D_7014,CCN(CC)C(=O)CCNC(=O)NCc1ccc(NC(=O)CC[NH+](C)Cc2ccccc2)cc1,0
ZINC07988037,ChEMBL_zinc_D_7015,CC(NC(=O)C(Cc1ccccc1)NC(=O)c1ccco1)c1cccnc1,0
ZINC09915056,ChEMBL_zinc_D_7016,Cc1c2nc(NC(=O)CCCS(=O)(=O)c3ccc(F)cc3)sc2ccc1Cl,0
ZINC37016673,ChEMBL_zinc_D_7017,COc1ccc(C[NH2+]C(C)c2nncn2C)cc1,0
ZINC32662991,ChEMBL_zinc_D_7018,CC(C[NH+]1CCCCC1)NC(=O)c1cccc(Br)c1,0
ZINC33290346,ChEMBL_zinc_D_7019,O=C(CC1CSc2ccc(S(=O)(=O)N3CCc4ccccc43)cc2NC1=O)N1CCCC1,0
ZINC01133391,ChEMBL_zinc_D_7020,CCc1cc2c(cc1OC)occ(-c1ccc3c(c1)OCCCO3)c2=O,0
ZINC01511391,ChEMBL_zinc_D_7021,CC(C)c1ccc(-c2csc(NC(=O)c3ccc(S(=O)(=O)N4CCOCC4)cc3)n2)cc1,0
ZINC20144806,ChEMBL_zinc_D_7022,CC(C)(Oc1ccc(Br)cc1)C(=O)Nc1cccc(-c2ccc(CO)o2)c1,0
ZINC24214136,ChEMBL_zinc_D_7023,COc1ccccc1C(C)NC(=O)CNc1cccc(Cl)c1,0
ZINC66770869,ChEMBL_zinc_D_7024,CCCCCC(=O)N1CCCC1c1cccc2c1OCCO2,0
ZINC63383659,ChEMBL_zinc_D_7025,CCC(C)NC(=O)C(NC(=O)C1CC2=c3ccccc3=[NH+]C2C2c3ccccc3C(=O)N21)C(C)CC,0
ZINC63395471,ChEMBL_zinc_D_7026,CC(C)c1oc2cc(O)ccc2c(=O)c1C1[NH+]=c2ccccc2=[NH+]1,0
ZINC68671705,ChEMBL_zinc_D_7027,CCSc1ccc(C(=O)Nc2ccc(=O)n(CC)c2)cn1,0
ZINC68710310,ChEMBL_zinc_D_7028,CCN(Cc1cccs1)C(=O)NC(C)c1ccc(N2CCCC2=O)cc1,0
ZINC61434912,ChEMBL_zinc_D_7029,CCCN(CCc1ccccn1)C(=O)c1ccc(=O)n(-c2ccc(F)cc2)n1,0
ZINC04992991,ChEMBL_zinc_D_7030,COc1cc(S(=O)(=O)n2cccn2)c(OC)cc1C,0
ZINC09396995,ChEMBL_zinc_D_7031,CC(=O)N1c2ccc(S(=O)(=O)N3CCC(C(=O)Nc4ccccc4C)CC3)cc2CC1C,0
ZINC09550278,ChEMBL_zinc_D_7032,Cc1ccc(SCCC(=O)NC(Cc2c[nH]c3ccccc23)C(=O)[O-])cc1,0
ZINC65453062,ChEMBL_zinc_D_7033,Cn1cc[nH+]c1CN1CCC(c2ccnc(-c3csc4ccccc34)c2)C1,0
ZINC65817452,ChEMBL_zinc_D_7034,CC(C)(C)C(=O)N1CCOc2ccc(NC(=O)Nc3cccnc3Cl)cc21,0
ZINC71988521,ChEMBL_zinc_D_7035,Cc1nn(CC(C)C)c(C)c1CC(=O)NC(C)c1ccc(NC(=O)c2ccc(F)cc2)cc1,0
ZINC71997473,ChEMBL_zinc_D_7036,COc1nn(C)c2nc(C)c(CCC(=O)NCC(OC)c3ccccc3)c(C)c12,0
ZINC57749235,ChEMBL_zinc_D_7037,CC(C)N(C(=O)C1Cc2ccccc2S1)C1CCCC1,0
ZINC68338405,ChEMBL_zinc_D_7038,CCC(C)[NH+](C)CCNC(=O)CCn1nc([O-])c2ccccc2c1=O,0
ZINC10461938,ChEMBL_zinc_D_7039,CCCCN1CC(C(=O)Nc2ccc(C(=O)Nc3cc(Cl)ccc3OC)cc2)CC1=O,0
ZINC10544034,ChEMBL_zinc_D_7040,CC1CC(C)C[NH+](CCCNS(=O)(=O)c2ccc(Br)cc2)C1,0
ZINC68401500,ChEMBL_zinc_D_7041,Cc1nn(-c2ccccc2)cc1C(=O)NC(C#N)c1ccc(F)cc1F,0
ZINC06660528,ChEMBL_zinc_D_7042,COc1cc(C)cc2oc(=O)c(CC(=O)Nc3cccc(Cl)c3)c(C)c12,0
ZINC56240101,ChEMBL_zinc_D_7043,CN(C)C(=O)Cc1ccccc1NC(=O)c1cc(C2CC2)n(C(C)(C)C)n1,0
ZINC66034078,ChEMBL_zinc_D_7044,CCC(C)NC(=O)c1ccc(NC(=O)CC(C2CC2)C2CC2)c(C)c1,0
ZINC21867498,ChEMBL_zinc_D_7045,CC(C)CCc1ccc(S(=O)(=O)Nc2ccccc2Sc2nncn2C)cc1,0
ZINC42643471,ChEMBL_zinc_D_7046,Cc1ccc(F)cc1NC(=O)C(C)[NH+]1CCCN(Cc2ccc(C#N)cc2)CC1,0
ZINC64679217,ChEMBL_zinc_D_7047,CC1CCCCN1C(=O)C1(c2cccc(Cl)c2)CCOCC1,0
ZINC64888921,ChEMBL_zinc_D_7048,COc1ccccc1NC(=O)CCn1cnc2cc(S(=O)(=O)N3CCCC3)ccc21,0
ZINC36356937,ChEMBL_zinc_D_7049,Cc1c(C(=O)Nc2cccc(Cl)c2)cnc2c(-c3ccc(F)cc3)cnn21,0
ZINC36616689,ChEMBL_zinc_D_7050,CC(=O)c1ccc(NC(=O)c2cc(C)nc3c2c(C)nn3-c2ccccc2)cc1,0
ZINC34567689,ChEMBL_zinc_D_7051,O=S(O)c1ccc(F)cc1F,0
ZINC18033265,ChEMBL_zinc_D_7052,Nc1cc(=O)[nH]c(SCc2ccc(Cl)cc2Cl)n1,0
ZINC05617759,ChEMBL_zinc_D_7053,CC(=O)N1c2ccccc2N(S(=O)(=O)c2ccc(C)cc2)C1C(C)C,0
ZINC16469344,ChEMBL_zinc_D_7054,CCOC(=O)c1sc(NC(=O)C2CCCN(C(=O)c3ccc(F)cc3)C2)nc1C,0
ZINC66482343,ChEMBL_zinc_D_7055,COc1ccc(C(O)CSc2nnc(N3CCOCC3)n2C2CC2)cc1F,0
ZINC66547566,ChEMBL_zinc_D_7056,CCCCOc1ccccc1COC(=O)CCc1nc2ccccc2c(=O)[nH]1,0
ZINC40152889,ChEMBL_zinc_D_7057,CC(=O)c1ccc(S(=O)(=O)N2CCN(CCOCC(F)(F)F)CC2)cc1,0
ZINC40541625,ChEMBL_zinc_D_7058,COc1ncccc1NC(=O)C1Cc2cc(Cl)ccc2O1,0
ZINC61390992,ChEMBL_zinc_D_7059,CCCCN(CC)C(=O)CSc1nnc(-c2cccc(Cl)c2)o1,0
ZINC02651089,ChEMBL_zinc_D_7060,CNS(=O)(=O)c1cccc(C(=O)NCc2ccc(C)cc2)c1,0
ZINC03657673,ChEMBL_zinc_D_7061,COc1ccc(C2C(C(=O)Nc3ccc(Oc4ccccc4)cc3)c3ccccc3C(=O)N2C)cc1,0
ZINC09882103,ChEMBL_zinc_D_7062,O=S(=O)(Nc1ccc(NS(=O)(=O)c2ccc3c(c2)OCCO3)cc1)c1ccc2c(c1)CCC2,0
ZINC68739663,ChEMBL_zinc_D_7063,CC(NC(=O)Nc1ccccc1)C(=O)NCC1CCCCC1,0
ZINC68960187,ChEMBL_zinc_D_7064,CC(C(=O)NC1CC1)N1CC[NH+](Cc2ccnc(Cl)c2)CC1,0
ZINC67122200,ChEMBL_zinc_D_7065,CC1CC[NH+](CC(O)C[NH2+]Cc2cccnc2Cl)CC1,0
ZINC67185970,ChEMBL_zinc_D_7066,CCc1nc(C[NH2+]C(C)c2ccc3c(c2)NC(=O)CO3)cs1,0
ZINC65339957,ChEMBL_zinc_D_7067,Oc1cc(F)cc(-c2ccccc2O)c1,0
ZINC14152885,ChEMBL_zinc_D_7068,C[NH+](C)CC(=O)Nc1ccc(I)cc1,0
ZINC04663207,ChEMBL_zinc_D_7069,Cc1ccccc1Nc1nc(N)nc(Cl)n1,0
ZINC44390214,ChEMBL_zinc_D_7070,Cc1ccc(NC(=O)Nc2cc(-c3ccccc3)nn2-c2nc3c(c([O-])n2)CCC3)cc1,0
ZINC44576120,ChEMBL_zinc_D_7071,O=C(c1ccnc(Cl)c1)N1CCn2cccc2C1c1ccccc1,0
ZINC44647402,ChEMBL_zinc_D_7072,O=C(Nc1ccccc1-n1cncn1)c1cc(F)c(F)cc1Cl,0
ZINC43498902,ChEMBL_zinc_D_7073,O=C(CCc1ccccc1)N(Cc1ccccc1)C1CC1,0
ZINC42978790,ChEMBL_zinc_D_7074,CC(C)C(C)(C#N)NC(=O)C(C)N1CC[NH+](CC=Cc2ccccc2)CC1,0
ZINC64965274,ChEMBL_zinc_D_7075,Cc1cc(S(=O)(=O)NCc2cnn(C)c2)ccc1OC(C)C,0
ZINC64989058,ChEMBL_zinc_D_7076,Cc1cccc(CN2CCN(C3CCN(C(=O)Nc4cc(F)ccc4F)CC3)C2=O)c1,0
ZINC65531672,ChEMBL_zinc_D_7077,Cc1cccc(S(=O)(=O)NC(C)C(=O)N2CCCCC2C)c1,0
ZINC65546278,ChEMBL_zinc_D_7078,Cc1cc(C(F)(F)F)c2c(N)c(C(=O)NCCC3=c4ccccc4=[NH+]C3)sc2n1,0
ZINC68660902,ChEMBL_zinc_D_7079,Cc1cc(NCC(=O)NC2CC2)nc(-c2ccccn2)n1,0
ZINC68675040,ChEMBL_zinc_D_7080,CCN(C)c1cccc(NC(=O)C(C)c2ccc3c(c2)OCCO3)c1,0
ZINC66723948,ChEMBL_zinc_D_7081,Cc1noc(CCCNC(=O)CCc2ccccc2O)n1,0
ZINC66732160,ChEMBL_zinc_D_7082,Cc1cc(N2CCCC(OC(=O)C(C)Sc3nncn3C)C2)nc(C)[nH+]1,0
ZINC08562964,ChEMBL_zinc_D_7083,CCCNS(=O)(=O)c1ccc(NC(=O)c2ccc(OC(C)C)cc2)cc1,0
ZINC02090226,ChEMBL_zinc_D_7084,CCOC(=O)C(Cc1c[nH]c2ccccc12)NC(=O)CCC(=O)OC,0
ZINC02518232,ChEMBL_zinc_D_7085,COC(=O)C([NH3+])Cc1ccc(Br)cc1,0
ZINC04249594,ChEMBL_zinc_D_7086,O=C(CSc1nc2n[nH]cc2c([O-])n1)Nc1ccc(F)cc1F,0
ZINC20201029,ChEMBL_zinc_D_7087,Cc1ccccc1CN1CCc2nnc(C(C)NC(=O)C3CCOCC3)n2CC1,0
ZINC20220608,ChEMBL_zinc_D_7088,COC(=O)c1c(-c2ccc3ccccc3c2)csc1NC(=O)C1C2CCC(C2)C1C(=O)[O-],0
ZINC57950507,ChEMBL_zinc_D_7089,C=CC[NH+](Cc1cccs1)CC(O)COc1ccc(OC)cc1,0
ZINC58047072,ChEMBL_zinc_D_7090,O=C(CSc1nc2c3ccccc3ncn2n1)c1ccc(Cl)cc1,0
ZINC00510011,ChEMBL_zinc_D_7091,OC(Cc1nc2ccccc2s1)C(Cl)(Cl)Cl,0
ZINC01828958,ChEMBL_zinc_D_7092,C=c1[nH]n(-c2ccccc2)c(=O)c1=C1c2cc(Br)ccc2NC1=O,0
ZINC70808520,ChEMBL_zinc_D_7093,O=C(Nc1nc(Cc2nc(-c3cccs3)no2)cs1)c1ccc2c(c1)OCO2,0
ZINC70886738,ChEMBL_zinc_D_7094,NC(=O)C1(NC(=O)Cc2coc(-c3ccc(F)cc3)n2)CCCC1,0
ZINC65014863,ChEMBL_zinc_D_7095,COc1ncccc1NC(=O)Nc1cccc(NC(=O)C(C)OC)c1,0
ZINC65021651,ChEMBL_zinc_D_7096,Cc1cccc(NS(=O)(=O)c2ccc3c(c2)NC(=O)C(C(=O)N2CCC(C)CC2)S3)c1,0
ZINC35442700,ChEMBL_zinc_D_7097,CCCc1nnc(CC2CC(C(C)C)C(C[NH+]3CCC(O)CC3)C=C2C)o1,0
ZINC36313095,ChEMBL_zinc_D_7098,C=CCOCC(O)C[NH+](Cc1nc2sc(C(C)C)cc2c(=O)[nH]1)CC(C)C,0
ZINC47588331,ChEMBL_zinc_D_7099,Cc1ccc([N-]S(C)(=O)=O)c(C(=O)NCc2cc[nH+]c(N(C)C)c2)c1,0
ZINC47788625,ChEMBL_zinc_D_7100,O=C(NCc1nnc2ccccn21)Nc1ccc(N2CCc3ccccc32)cc1,0
ZINC72119116,ChEMBL_zinc_D_7101,COc1ccc(C2CC(=O)Nc3c2c(C)nn3C)c(OC)c1OC,0
ZINC19418565,ChEMBL_zinc_D_7102,COC(=O)C1=C(C)N=C(C)C(=C([O-])OC)C1c1ccncc1,0
ZINC65348305,ChEMBL_zinc_D_7103,CCOc1ccc(-c2cnc(Cl)cc2C(=O)[O-])c(C)c1,0
ZINC65354573,ChEMBL_zinc_D_7104,COC(=O)c1cc(F)cc(-c2ccc(C(=O)[O-])c(OC)c2)c1,0
ZINC58960659,ChEMBL_zinc_D_7105,O=C(CSc1nc(-c2ccc3c(c2)OCO3)cc(C(F)(F)F)n1)NCc1ccccn1,0
ZINC59047199,ChEMBL_zinc_D_7106,CCSc1ccccc1NC(=O)CSc1nnc(CCc2ccccc2)n1N,0
ZINC08287278,ChEMBL_zinc_D_7107,COc1ccc(NC(=O)CNC(=O)CNC(=O)c2ccc(Cl)cc2Cl)cc1,0
ZINC08136109,ChEMBL_zinc_D_7108,O=C(NCCCn1cnc2ccccc21)c1n[nH]c(=O)c2ccccc21,0
ZINC66796407,ChEMBL_zinc_D_7109,CC(=O)Nc1ccc(Sc2nc(-c3ccncc3)nc3c2CCC3)cc1,0
ZINC66846406,ChEMBL_zinc_D_7110,O=C(CN1CCOC(c2ccccc2F)C1)Nc1cccc(C(=O)NC2CC2)c1,0
ZINC67212690,ChEMBL_zinc_D_7111,COCCN(Cc1ccccn1)C(=O)C1CC1c1cccc(F)c1,0
ZINC67219328,ChEMBL_zinc_D_7112,O=C(Cn1nc2c(-c3nc(-c4cccc(F)c4)no3)cccn2c1=O)NCc1ccc(F)c(Cl)c1,0
ZINC46262135,ChEMBL_zinc_D_7113,COc1ccccc1C(C)N(C)C(=O)NCC(C)N1CCOCC1,0
ZINC46797011,ChEMBL_zinc_D_7114,Cc1cc(C)n(-c2ccc(CCNC(=O)Cc3ccc4c(c3)OCCO4)cc2)n1,0
ZINC68141056,ChEMBL_zinc_D_7115,O=C(CC1=CCCCC1)N1CCCC1C(=O)OCc1ccccc1,0
ZINC68158780,ChEMBL_zinc_D_7116,Cc1nn(C)cc1C(C)NC(=O)COc1ccccc1C#N,0
ZINC04719607,ChEMBL_zinc_D_7117,CCOC(=O)C1=C(C)N=C2CC(C)C(C(=O)OC)C(=O)C2C1c1ccccc1,0
ZINC47433603,ChEMBL_zinc_D_7118,CC1CN(CCCNC(=O)Cc2csc(-c3ccccn3)n2)CC(C)O1,0
ZINC00753846,ChEMBL_zinc_D_7119,CCOC(=O)N1CCN(c2nc(C)nc3sc4c(c32)CCCC4)CC1,0
ZINC00866960,ChEMBL_zinc_D_7120,COc1ccc(C2CC(C(F)(F)F)n3nc(C(=O)NC4CCCCC4)c(Cl)c3N2)cc1,0
ZINC41646647,ChEMBL_zinc_D_7121,COc1ccc(-c2cnc(COc3cccc(OC)c3)o2)cc1,0
ZINC41664248,ChEMBL_zinc_D_7122,CCn1c(SCc2nc(N3CCCC(C)C3)ncc2C(=O)OC)nnc1-c1cccs1,0
ZINC67935949,ChEMBL_zinc_D_7123,O=C(NCCCNC(=O)C1COCCO1)c1ccccc1F,0
ZINC68001278,ChEMBL_zinc_D_7124,CC(c1ccccn1)N(C)C(=O)C1CC(=O)N(c2ccc(F)cc2F)C1,0
ZINC19686200,ChEMBL_zinc_D_7125,Cc1c[nH]nc1C1CC[NH2+]CC1,0
ZINC21990308,ChEMBL_zinc_D_7126,CC(C)C1C=C(c2ccccc2)C2CCC[NH+]12,0
ZINC02652343,ChEMBL_zinc_D_7127,CCCCOc1ccc(C(=O)OCC(=O)NCc2ccccc2)cc1,0
ZINC48139039,ChEMBL_zinc_D_7128,CCC(=O)Nc1ccc(C(C)NC(=O)Nc2ccc(N3CCCC3)c(F)c2)cc1,0
ZINC42105565,ChEMBL_zinc_D_7129,OC(CNc1nnnn1-c1ccccc1)COc1ccccc1,0
ZINC01422673,ChEMBL_zinc_D_7130,Cn1nc(C(=O)N2CCN(c3ccccc3)CC2)c2ccccc2c1=O,0
ZINC07195374,ChEMBL_zinc_D_7131,COC(=O)c1c(C)[nH]c(C(=O)C(C)Sc2nnc(-c3ccoc3C)o2)c1C,0
ZINC00705339,ChEMBL_zinc_D_7132,O=C(CSc1nc2ccc(NC(=O)c3ccccc3)cc2s1)NCc1ccccc1,0
ZINC58950883,ChEMBL_zinc_D_7133,Cc1n[nH]c2c1C(c1ccc(C#N)cc1)C(C(N)=O)=C(N)O2,0
ZINC05965537,ChEMBL_zinc_D_7134,COc1ccccc1OCC(=O)Nc1cccc(S(=O)(=O)N2CCCC2)c1,0
ZINC61017389,ChEMBL_zinc_D_7135,C[NH+](C)C(CNC(=O)NCCCOC1CCCC1)c1ccc(F)cc1,0
ZINC47894085,ChEMBL_zinc_D_7136,CCCCCCNC(=O)C[NH+]1CCC(NC(=O)CCc2ccccc2)CC1,0
ZINC69454549,ChEMBL_zinc_D_7137,Cc1nc(-c2ccsc2)ccc1C(=O)N1CCC(C(N)=O)CC1,0
ZINC69493535,ChEMBL_zinc_D_7138,CNC(=O)COc1ccccc1C[NH2+]C1CCc2ncnn2C1,0
ZINC69828988,ChEMBL_zinc_D_7139,Cc1csc(C(C)NC(=O)NCC(O)COc2ccc(F)cc2)n1,0
ZINC58708687,ChEMBL_zinc_D_7140,CC(Sc1nncn1C)C(=O)Oc1cccc(C(=O)Nc2ccccc2)c1,0
ZINC20289981,ChEMBL_zinc_D_7141,CCn1c(SCC(=O)Nc2c(C)cccc2C)nnc1C1CCCN1C(=O)c1ccc(Cl)cc1,0
ZINC20295247,ChEMBL_zinc_D_7142,O=C(NCCCn1ccnc1)c1ccc(C2CCC[NH+]2Cc2ncc[nH]2)s1,0
ZINC08345799,ChEMBL_zinc_D_7143,CCC(C)C(NC(=O)C1CCN(S(=O)(=O)c2ccc(C)cc2)CC1)C(=O)OC,0
ZINC00897287,ChEMBL_zinc_D_7144,Cc1ccc(-n2c(SCC(=O)Nc3c(C)cc(C)cc3C)nnc2-c2ccncc2)cc1,0
ZINC06128575,ChEMBL_zinc_D_7145,CCOc1ccc(CCNC(=O)COc2cccc(Br)c2)cc1OCC,0
ZINC61014998,ChEMBL_zinc_D_7146,Cc1ccc(CNCC(Cc2ccccc2)[NH+](C)C)s1,0
ZINC58217133,ChEMBL_zinc_D_7147,Cc1csc2[nH+]c(CN3CCC(c4cc[nH]n4)CC3)cc(=O)n12,0
ZINC65462587,ChEMBL_zinc_D_7148,COc1cc(CNC(=O)NCc2ccoc2)cc(OC)c1O,0
ZINC69022729,ChEMBL_zinc_D_7149,COc1ccc(CCC(=O)N2CCN(C(C)c3cccnc3)CC2)cc1,0
ZINC69031518,ChEMBL_zinc_D_7150,Cc1noc(C2CCCN(C(=O)Nc3ccc(Oc4ccc(C)cc4)nc3)C2)n1,0
ZINC23325304,ChEMBL_zinc_D_7151,Cc1ccc(C(=O)Nc2ccc(NC(=O)CN3CCOCC3)cc2)n1C,0
ZINC07092327,ChEMBL_zinc_D_7152,CCn1c2ccccc2nc1SC(C)C(=O)NCc1ccc(OC)c(OC)c1,0
ZINC66811005,ChEMBL_zinc_D_7153,Cc1cnc(-c2cccc(NC(=O)c3ccccc3N(C)S(C)(=O)=O)c2)o1,0
ZINC66860206,ChEMBL_zinc_D_7154,CCc1cc2c(ncnc2Oc2ccc(C#N)c(F)c2)s1,0
ZINC66690165,ChEMBL_zinc_D_7155,COc1ccc(N2CC(C(=O)N3CCOC(c4ccccc4F)C3)CC2=O)cc1,0
ZINC66712352,ChEMBL_zinc_D_7156,CC1COC(c2ccccc2)CN1C(=O)c1cc2ccccc2[nH]1,0
ZINC66870726,ChEMBL_zinc_D_7157,CNC(=O)c1ccc(C[NH+](C)CCC(=O)NCC2CCCCC2)cc1,0
ZINC02785066,ChEMBL_zinc_D_7158,Cc1nn(C)c(C(=O)Nc2c(C)nn(Cc3ccc(F)cc3Cl)c2C)c1Cl,0
ZINC58061774,ChEMBL_zinc_D_7159,COC(=O)CC(NC(=O)CC1Sc2ccc(C(F)(F)F)cc2NC1=O)c1ccc(C)cc1,0
ZINC58107653,ChEMBL_zinc_D_7160,CCC(CC)N(C)C(=O)c1ccc(CNC(=O)Cc2ccc(OC)cc2)cc1,0
ZINC58572185,ChEMBL_zinc_D_7161,CCOC(=O)CN1CC2(CCCC2)c2cc3c(cc2C1C)OCCO3,0
ZINC59076481,ChEMBL_zinc_D_7162,Cc1ccc2c(c1)C(O)(Cc1ccccn1)C(=O)N2,0
ZINC67249304,ChEMBL_zinc_D_7163,O=C(NCC[NH2+]Cc1ccc(OCC[NH+]2CCCC2)cc1)c1ccc(F)cc1,0
ZINC67284224,ChEMBL_zinc_D_7164,CCc1ccc(Nc2n[nH]nc2C(=O)N2CCN(c3ccc(Cl)cc3)CC2)cc1,0
ZINC46843735,ChEMBL_zinc_D_7165,COCCOc1cccc(CNC(=O)N2CCCC2c2ccc(F)cc2)c1,0
ZINC46914641,ChEMBL_zinc_D_7166,COC(=O)c1c(NCc2ccco2)onc1-c1cccc(Cl)c1,0
ZINC69096308,ChEMBL_zinc_D_7167,O=C(NC1CC1)C(NCc1cccc2ccccc21)c1ccccc1,0
ZINC69128841,ChEMBL_zinc_D_7168,CC(=O)Nc1ccc(S(=O)(=O)NC(c2nc(C3CC3)no2)C(C)C)cc1,0
ZINC08704644,ChEMBL_zinc_D_7169,Clc1ccc(-c2cc3ncnc(NCc4ccc(-n5ccnc5)nc4)c3s2)cc1,0
ZINC08727915,ChEMBL_zinc_D_7170,COc1ccc(OC)c(NC(=O)C[NH+](C)Cc2ccc(-c3ccc(Br)cc3)o2)c1,0
ZINC64302743,ChEMBL_zinc_D_7171,CCCC(NC(N)=O)C(=O)N(C)CCCc1cc(-c2cccc(F)c2)n[nH]1,0
ZINC64588197,ChEMBL_zinc_D_7172,Cn1c2nn(Cc3ccc(F)cc3)c(=O)n2c2cc(C(=O)NC3CCCC3)ccc2c1=O,0
ZINC68032245,ChEMBL_zinc_D_7173,CC(C(=O)NC1CCc2c1cccc2Br)n1cncn1,0
ZINC68147586,ChEMBL_zinc_D_7174,CC(C(=O)NC(Cc1ccccc1)C(=O)Nc1ccccc1)n1cncn1,0
ZINC44841698,ChEMBL_zinc_D_7175,COc1ccc(NC(=O)CN2C(=O)COc3cc(Cl)ccc32)cc1,0
ZINC04740516,ChEMBL_zinc_D_7176,COc1ccc2nc(NC(=O)CCSc3ccccc3)sc2c1,0
ZINC09552114,ChEMBL_zinc_D_7177,Cc1[nH]c2ccc(C(=O)OCC(=O)N3CCN(c4ccc(F)cc4)CC3)cc2c1C,0
ZINC02652039,ChEMBL_zinc_D_7178,Cc1[nH]c2ccccc2c1C(=O)CSc1nnc(-c2ccc(OC(F)F)cc2)o1,0
ZINC48170170,ChEMBL_zinc_D_7179,COc1ccc(CN(C)C(=O)C(C)NC(=O)c2ccoc2)cc1OC,0
ZINC48234767,ChEMBL_zinc_D_7180,OC(Cn1cccn1)C[NH+]1CCCC1c1ccsc1,0
ZINC05456845,ChEMBL_zinc_D_7181,CN(C)S(=O)(=O)c1ccc2nnn(OCc3ccccc3)c2c1,0
ZINC63622928,ChEMBL_zinc_D_7182,Cc1ccc2c(c1)=CC(C(=O)Nc1ccc(F)cc1)[NH+]=2,0
ZINC69531925,ChEMBL_zinc_D_7183,CCC(C)C(NC(=O)c1cc(OC)c(C)c(OC)c1)C(=O)OC,0
ZINC47531349,ChEMBL_zinc_D_7184,CCOc1ccc(SCC(=O)NCCc2ccco2)cc1,0
ZINC69147225,ChEMBL_zinc_D_7185,CC(NC(=O)CN1CCN(c2ccccc2)CC1)c1ccc(Br)cc1,0
ZINC06728391,ChEMBL_zinc_D_7186,Cc1ccc(-c2noc(C(C)NC(=O)c3ccccc3C)n2)cc1,0
ZINC68426956,ChEMBL_zinc_D_7187,CCc1ncc(C(=O)Nc2ccccc2N2CC(C)OC(C)C2)s1,0
ZINC68507074,ChEMBL_zinc_D_7188,Cc1nnc(C(C)OC(=O)CN(C)S(=O)(=O)c2ccc(C#N)cc2)o1,0
ZINC59192653,ChEMBL_zinc_D_7189,CC(=O)Nc1ccc(S(=O)(=O)NC2(C(F)(F)F)N=C([O-])N(c3ccc(C)c(C)c3)C2=O)cc1,0
ZINC59350867,ChEMBL_zinc_D_7190,O=C(CCNS(=O)(=O)c1cccc(Cl)c1)NC1CC[NH+](Cc2ccc(F)c(F)c2)CC1,0
ZINC25826444,ChEMBL_zinc_D_7191,CC(C(=O)N1CCOCC1)[NH+]1CCC(NC(=O)c2ccccc2)CC1,0
ZINC71968530,ChEMBL_zinc_D_7192,Cc1ccccc1OCCC[NH+](C)Cc1nc(-c2cccs2)no1,0
ZINC13131435,ChEMBL_zinc_D_7193,CSc1cccc(NC(=O)C2CCCN(S(=O)(=O)c3c[nH]cn3)C2)c1,0
ZINC40282823,ChEMBL_zinc_D_7194,CC(C)CNc1nc(C(=O)N=c2[nH]c3ccccc3[nH]2)cs1,0
ZINC68461652,ChEMBL_zinc_D_7195,Cc1cc(C(=O)NCc2ccc(-n3ccc(C(F)(F)F)n3)cc2)[nH]n1,0
ZINC68482758,ChEMBL_zinc_D_7196,C[NH+](C)CCN(Cc1ccc(F)cc1)C(=O)c1ncc(C(C)(C)C)o1,0
ZINC68424240,ChEMBL_zinc_D_7197,CC(C)Oc1ccc(C(C)NC(=O)C2CC2c2cnn(C)c2)cc1,0
ZINC68441398,ChEMBL_zinc_D_7198,COc1ccc(COCC(O)CNC(=O)CN(C)c2ccccc2)cc1,0
ZINC68502776,ChEMBL_zinc_D_7199,COc1cc(NC(=O)Cc2ccc3c(c2)OCCO3)ccc1S(N)(=O)=O,0
ZINC68534254,ChEMBL_zinc_D_7200,O=C(NC1CCN(c2ccccc2)C1=O)C1CCCN1C(=O)Nc1ccccc1,0
ZINC71618171,ChEMBL_zinc_D_7201,OCCC1(c2ccccc2)CC[NH+](Cc2ccccc2)C1,0
ZINC01075947,ChEMBL_zinc_D_7202,Nc1[nH]ncc1C(=O)Nc1cccc(C(F)(F)F)c1,0
ZINC58820805,ChEMBL_zinc_D_7203,Cc1nn(C)c(C)c1C(C)C(=O)NCCCn1nc2ccccn2c1=O,0
ZINC70264521,ChEMBL_zinc_D_7204,CC(C)N(Cc1ccccc1)S(=O)(=O)C(C)C,0
ZINC69126700,ChEMBL_zinc_D_7205,C[NH+]1CCN(CC(NS(=O)(=O)c2ccc3c(c2)CCC3)c2ccccc2)CC1,0
ZINC14423228,ChEMBL_zinc_D_7206,Cc1ccc2c(c1)CCCN2C(=O)c1ccc(Br)c(S(=O)(=O)N(C)C)c1,0
ZINC57881252,ChEMBL_zinc_D_7207,C[NH+](C)C1CCCN(C(=O)Nc2ccc(F)cc2)C1,0
ZINC68578708,ChEMBL_zinc_D_7208,NC(=O)C1CCC[NH+]1Cc1cccc(NC(=O)NCCc2ccco2)c1,0
ZINC05154078,ChEMBL_zinc_D_7209,O=C(Nc1cc2c3c(c1)CCC(=O)N3CCC2)c1ccc2ccccc2c1,0
ZINC51136532,ChEMBL_zinc_D_7210,CC1CCC(C(N)=O)CN1S(=O)(=O)c1ccc2c(c1)n(C)c(=O)n2C,0
ZINC66469611,ChEMBL_zinc_D_7211,CC(C#N)CN(C)CC(=O)N(C)C(C)c1ccc(F)cc1,0
ZINC66575732,ChEMBL_zinc_D_7212,CCNC(=O)C[NH+]1CCCN(S(=O)(=O)c2cccc(C(=O)OC)c2C)CC1,0
ZINC58267332,ChEMBL_zinc_D_7213,CC1CCCN(C(=O)CCNS(=O)(=O)c2cccc(F)c2F)C1,0
ZINC35537306,ChEMBL_zinc_D_7214,O=C(CN1CCN(C(=O)Nc2ccc(Br)cc2)CC1=O)NCC1CCCO1,0
ZINC66896328,ChEMBL_zinc_D_7215,CC(C(=O)Nc1ccccc1F)[NH+]1CCC(NC(=O)Oc2ccccc2)CC1,0
ZINC66905277,ChEMBL_zinc_D_7216,CC([NH2+]Cc1cccc(OCc2ccccc2C#N)c1)C1CCCO1,0
ZINC65278867,ChEMBL_zinc_D_7217,CCOC(=O)CC(NC(=O)NC1CCCC1)c1ccc(F)cc1,0
ZINC65537931,ChEMBL_zinc_D_7218,CCC(NC(=O)CCCOc1ccc(S(C)(=O)=O)cc1)C(C)C,0
ZINC66282238,ChEMBL_zinc_D_7219,Cc1cc(C)n2nc(C(=O)N3CCN(c4ccccc4O)CC3)nc2n1,0
ZINC66291595,ChEMBL_zinc_D_7220,COC(=O)CN(Cc1ccccc1C)C(=O)c1[nH]c(C)c(C(C)=O)c1C,0
ZINC47825707,ChEMBL_zinc_D_7221,COCCOc1ccc(C(C)[NH2+]Cc2cnn(-c3ccccc3)c2)cc1OC,0
ZINC48115597,ChEMBL_zinc_D_7222,Cc1cn(CC(=O)Nc2cc(-c3ccccn3)nn2C)nc1-c1cccs1,0
ZINC68344688,ChEMBL_zinc_D_7223,CCN(CC(C)C#N)C(=O)C[NH+]1CCC(c2cc3ccccc3[nH]2)CC1,0
ZINC68413904,ChEMBL_zinc_D_7224,Cc1cccc(N2CC[NH+](CCCCNC(=O)c3ccc4nccn4c3)CC2)c1,0
ZINC50933406,ChEMBL_zinc_D_7225,CCCNC(=O)C1CCCN(c2nccc(OC)n2)C1,0
ZINC51161996,ChEMBL_zinc_D_7226,CCCC(C)NC(=O)C1CCCN(S(=O)(=O)c2ccc3c(c2)CCO3)C1,0
ZINC64890198,ChEMBL_zinc_D_7227,CCC1Oc2ccc(S(=O)(=O)N3CCN(C(=O)c4ccc(C)c(C)c4)CC3)cc2NC1=O,0
ZINC64903867,ChEMBL_zinc_D_7228,CCC(C)C(NC(=O)Cn1cccnc1=O)c1nc2ccccc2[nH]1,0
ZINC38021678,ChEMBL_zinc_D_7229,CCCN(CC(=O)OCC)S(=O)(=O)c1ccc(F)c(F)c1,0
ZINC38193470,ChEMBL_zinc_D_7230,COc1cccc(NC(=O)C(C#N)=c2sc(=Cc3ccccc3)c(=O)n2-c2ccccc2)c1,0
ZINC66266705,ChEMBL_zinc_D_7231,CC(CC(=O)Oc1cccc(F)c1)NC(=O)C1CCCCC1,0
ZINC66309671,ChEMBL_zinc_D_7232,O=C(Cc1csc(-c2cnccn2)n1)Nc1cccnc1N1CCCC1,0
ZINC59095281,ChEMBL_zinc_D_7233,Cc1ccccc1OCC(=O)OC(C)C[NH+]1C(C)CCCC1C,0
ZINC59168847,ChEMBL_zinc_D_7234,c1ccc(OCc2nnc3sc(Cc4cccc5ccccc54)nn23)cc1,0
ZINC40803199,ChEMBL_zinc_D_7235,CCn1nnnc1COc1ccc(C(=O)Nc2nccs2)cc1,0
ZINC40821763,ChEMBL_zinc_D_7236,C[NH+]1CCN(c2ccc(NC(=O)c3ccc(N)cc3)cn2)CC1,0
ZINC31034630,ChEMBL_zinc_D_7237,COc1cc2c(cc1OC)CN(C(=O)C(NC(=O)c1ccco1)C(C)C)CC2,0
ZINC68734618,ChEMBL_zinc_D_7238,COC(=O)c1ccc(C(=O)OC)c(NC(=O)CCC(C)C)c1,0
ZINC09919313,ChEMBL_zinc_D_7239,COc1ccc(C)cc1C(C)NC(=O)c1ccoc1,0
ZINC09935256,ChEMBL_zinc_D_7240,COC(=O)Cc1cc(=O)[nH]c(NC(=[NH2+])Nc2cc(OC)cc(OC)c2)n1,0
ZINC64434657,ChEMBL_zinc_D_7241,CCC(CC)C(=O)Nc1cc(CC(C)C)nn1C,0
ZINC53603313,ChEMBL_zinc_D_7242,CC(C)c1nc(C[NH+](C)Cc2ccc(F)cc2)no1,0
ZINC57832647,ChEMBL_zinc_D_7243,CCCC[NH+](C)CC(=O)Nc1ccc(F)cc1,0
ZINC25012444,ChEMBL_zinc_D_7244,Cc1[nH]c2ccccc2c1CC(=O)Nc1ccc(-n2ccnc2)nc1,0
ZINC12770120,ChEMBL_zinc_D_7245,CCC(=O)Nc1cccc(NS(=O)(=O)c2ccc(OC)c(NC(C)=O)c2)c1C,0
ZINC12778706,ChEMBL_zinc_D_7246,O=C(COc1ccc(Br)cc1Br)NCCc1cccc2cccnc21,0
ZINC01533848,ChEMBL_zinc_D_7247,Nc1ccc(C#CCC[NH+]2CC=C(c3ccccc3)CC2)nc1,0
ZINC08794069,ChEMBL_zinc_D_7248,CCOC(=O)C(CC)Sc1nnc(NC(=O)c2ccc(OCC)c(OCC)c2)s1,0
ZINC00139072,ChEMBL_zinc_D_7249,Cc1ccc(S(=O)(=O)N2Cc3ccccc3CC2C(=O)[O-])cc1,0
ZINC61093202,ChEMBL_zinc_D_7250,NC(=O)Cc1cccc(OC(=O)CCc2cc(F)ccc2F)c1,0
ZINC21781325,ChEMBL_zinc_D_7251,CCOC(=O)c1cc2n(n1)CC(C)(C(=O)NCCC(C)C)N(c1ccc(F)cc1F)C2=O,0
ZINC21797916,ChEMBL_zinc_D_7252,CC1CCc2nc(NC(=O)c3ccc4ccccc4n3)sc2C1,0
ZINC44442936,ChEMBL_zinc_D_7253,Cc1noc(C)c1CCC(=O)NCC1CCCCC1,0
ZINC44889554,ChEMBL_zinc_D_7254,Cc1ccc(OC(C)C(=O)N2CCCC2C(=O)NC2CC2)cc1,0
ZINC65034737,ChEMBL_zinc_D_7255,Cc1cccc2c(=O)n(C3CCN(S(=O)(=O)c4cccc(Cl)c4)CC3)cnc12,0
ZINC65042143,ChEMBL_zinc_D_7256,CCN(CC(=O)N1CCN(c2cc[nH+]cc2)CC1)c1ccccc1,0
ZINC09203798,ChEMBL_zinc_D_7257,Cc1cc(C(=O)Nc2nc3c(s2)CC(C)CC3)no1,0
ZINC09514186,ChEMBL_zinc_D_7258,Cc1sc2nc(-c3cccs3)nc(NCc3nnc4ccc(C(F)(F)F)cn43)c2c1C,0
ZINC61030986,ChEMBL_zinc_D_7259,Cc1ccc(S(=O)(=O)N2CCCCC2)cc1C(=O)NC1CC[NH+](C)CC1,0
ZINC61171103,ChEMBL_zinc_D_7260,COC(=O)c1ccc(OCC(O)C[NH+](C)C2CCC(C)CC2)c(OC)c1,0
ZINC12082602,ChEMBL_zinc_D_7261,CCc1n[nH]c(SCc2c(Cl)cccc2Cl)n1,0
ZINC12580539,ChEMBL_zinc_D_7262,CC(NC(=O)c1cc(S(=O)(=O)N2CCCC2)cn1C)c1ccc(-n2ccnc2)cc1,0
ZINC69347586,ChEMBL_zinc_D_7263,COC(=O)N1CCCN(C(=O)Nc2cccc(N(C)C(C)C)c2)CC1,0
ZINC69350796,ChEMBL_zinc_D_7264,Cc1ccc(S(=O)(=O)N2CCN(C(=O)c3cc(C)nc4ccc(C)cc43)CC2)c(C)c1,0
ZINC00154048,ChEMBL_zinc_D_7265,CCOC(=O)C1CCN(S(=O)(=O)c2ccc3c(c2)CCO3)CC1,0
ZINC48179899,ChEMBL_zinc_D_7266,O=C(CCCOc1ccc(Cl)cc1)N1CCN(c2cccc[nH+]2)CC1,0
ZINC41390498,ChEMBL_zinc_D_7267,CCn1cc(-c2nnc(SCC(=O)NC3CCCC3)o2)c(C)n1,0
ZINC41654423,ChEMBL_zinc_D_7268,CCNc1ncc(C(=O)OC)c(C[NH+]2CCCCCC2)n1,0
ZINC20516537,ChEMBL_zinc_D_7269,O=C(NCc1noc2ccccc21)Nc1ccc2c(c1)OCCO2,0
ZINC20576624,ChEMBL_zinc_D_7270,CCN(CC)c1nnc(-n2cccc2C[NH2+]Cc2ccc(OC)cc2)s1,0
ZINC68115775,ChEMBL_zinc_D_7271,CCCN(CC(=O)NC)C(=O)C(C)NS(C)(=O)=O,0
ZINC68457366,ChEMBL_zinc_D_7272,CCC[NH+](CCCCCn1cccn1)CC(=O)Nc1ccccc1C,0
ZINC51357168,ChEMBL_zinc_D_7273,COc1ccc(C(C)NC(=O)COC(=O)c2cccc(C(C)=O)c2)cc1,0
ZINC51826559,ChEMBL_zinc_D_7274,COc1cccc(-c2nc(C[NH+](C)CC(N)=O)cs2)c1,0
ZINC54921103,ChEMBL_zinc_D_7275,COc1ccccc1CCNC(=O)N1CCN(C(=O)CN2CCOCC2)CC1,0
ZINC20407855,ChEMBL_zinc_D_7276,Cc1ccc2c(C[NH+]3CCN(CC(=O)Nc4cccc(Cl)c4)CC3)cc(=O)oc2c1,0
ZINC61297297,ChEMBL_zinc_D_7277,CCCC1CCCN(C(=O)CCc2nc(-c3ccncc3)no2)CC1,0
ZINC61448848,ChEMBL_zinc_D_7278,CC(OC(=O)c1cc2c([nH]c1=O)CCC2)c1ccc(F)c(Cl)c1,0
ZINC45073490,ChEMBL_zinc_D_7279,C[NH+](Cc1cccc(C#N)c1)CC(C)(C)C,0
ZINC47661833,ChEMBL_zinc_D_7280,CCOCCCNC(=O)C(C)S(=O)(=O)c1ccc(NC(C)=O)cc1,0
ZINC59180268,ChEMBL_zinc_D_7281,Cc1ccc(CSc2nnc(C3CCCN3C(=O)c3ccccc3C)n2C)cc1,0
ZINC43180079,ChEMBL_zinc_D_7282,CC(C)c1nccn1Cc1cccc(NC(=O)NC2CC[NH+](C)CC2)c1,0
ZINC04672944,ChEMBL_zinc_D_7283,CCCOc1ccc(C2C(=O)N(C3CCCCCC3)CC(=O)N2CCC)cc1OC,0
ZINC06577194,ChEMBL_zinc_D_7284,CCOC(=O)N1CCC(N2C(=O)c3ccccc3C2Nc2cc(OC)c(OC)c(OC)c2)CC1,0
ZINC68518247,ChEMBL_zinc_D_7285,Cc1nc(CC(=O)NCCN2CCOCC2)cs1,0
ZINC68601448,ChEMBL_zinc_D_7286,CC(NC(=O)N1CCCC(CNS(C)(=O)=O)C1)C(=O)NCc1ccco1,0
ZINC25058570,ChEMBL_zinc_D_7287,COc1ccc(CCNC(=O)C(C)[NH+]2CCC(C(=O)c3ccccc3)CC2)cc1OC,0
ZINC26037828,ChEMBL_zinc_D_7288,CC(=O)NC(Cc1c[nH]c2ccccc12)C(=O)Nc1ncc(Cc2cccc(C)c2Cl)s1,0
ZINC61636486,ChEMBL_zinc_D_7289,CC(NC(=O)C1CCCC1)C(=O)NCC(O)c1ccc(OC(F)(F)F)cc1,0
ZINC48435459,ChEMBL_zinc_D_7290,CCC(=O)Nc1ccc(NC(=O)c2ccc(-n3cccc3)cc2)cc1C,0
ZINC06706437,ChEMBL_zinc_D_7291,CCCCS(=O)(=O)Nc1ccc(CC)cc1,0
ZINC69223830,ChEMBL_zinc_D_7292,CC(CNC(=O)NCc1ccccc1F)[NH+](C)C1CC1,0
ZINC55050396,ChEMBL_zinc_D_7293,CC(=O)c1csc(NC(=O)CCCOCCc2ccccc2)n1,0
ZINC55056046,ChEMBL_zinc_D_7294,Cc1noc(COC(=O)C2CC(=O)N(c3cc(Cl)cc(Cl)c3)C2)n1,0
ZINC68772943,ChEMBL_zinc_D_7295,CCc1ncc(C(=O)Nc2ccccc2NC(=O)OC(C)(C)C)s1,0
ZINC68798865,ChEMBL_zinc_D_7296,Cc1nn(Cc2ccccc2)c(Cl)c1C(=O)N1CCC[NH+](C(C)C)CC1,0
ZINC66681618,ChEMBL_zinc_D_7297,CCC(CC)NC(=O)Nc1cccc(Cn2nc(C)cc2C)c1,0
ZINC66760874,ChEMBL_zinc_D_7298,CCC[NH+]1Cc2cccc(NC(=O)C3CCN(c4ccc(F)cc4)C3=O)c2C1,0
ZINC08570274,ChEMBL_zinc_D_7299,CCCC(CCC)C(=O)Nc1c(C#N)cnn1-c1nc(C)cc(C)n1,0
ZINC08752771,ChEMBL_zinc_D_7300,COc1ccc(OC)c(S(=O)(=O)N2CCN(C(=O)c3ccc(-n4nccc4C)cc3)CC2)c1,0
ZINC17197623,ChEMBL_zinc_D_7301,CCCc1cc(C(=O)Nc2ccc(CS(=O)(=O)N3CCCC3)cc2)n(C)n1,0
ZINC17591854,ChEMBL_zinc_D_7302,O=C(Cc1csc(-c2ccc(F)cc2)n1)NCc1ccccc1CS(=O)(=O)N1CCOCC1,0
ZINC09092179,ChEMBL_zinc_D_7303,Nn1c(SCc2ccc(F)cc2Cl)nnc1-c1ccccc1Br,0
ZINC09106920,ChEMBL_zinc_D_7304,O=S(=O)(NCC(c1ccccc1)S(=O)(=O)c1cccs1)c1cccc(Cl)c1,0
ZINC01368179,ChEMBL_zinc_D_7305,CC(C)(C)C1CCc2c(sc3nc(SCC(N)=O)[nH]c(=O)c32)C1,0
ZINC48356379,ChEMBL_zinc_D_7306,Cc1cc(NC(=O)CNC(=O)c2c[nH]c3ccccc3c2=O)n(C)n1,0
ZINC68373948,ChEMBL_zinc_D_7307,CCCCOc1ncccc1CNC(=O)N1CCCC(CNS(C)(=O)=O)C1,0
ZINC68422957,ChEMBL_zinc_D_7308,O=C(NC1CCC(C(=O)NCCCCNc2cccc[nH+]2)CC1)C1CCCC1,0
ZINC44513684,ChEMBL_zinc_D_7309,CCC[NH+]1CCN(C(=O)CN(c2ccccc2C)S(C)(=O)=O)CC1,0
ZINC42842522,ChEMBL_zinc_D_7310,COCCNC(=O)NCCCn1nc2n(c1=O)CCCC2,0
ZINC68222014,ChEMBL_zinc_D_7311,Cc1cccc(=O)n1CCCCNC(=O)C1CCC[NH+](Cc2ccccc2)C1,0
ZINC68242557,ChEMBL_zinc_D_7312,CN(C)c1ccc(C(=O)NCC(C2CCOC2)N2CCOCC2)cc1F,0
ZINC38618247,ChEMBL_zinc_D_7313,CC1=CC(C(=O)[O-])C(CSc2ncn[nH]2)O1,0
ZINC47884935,ChEMBL_zinc_D_7314,CN(C)c1ccc(NC(=O)C2CC2)c(C(F)(F)F)c1,0
ZINC65395315,ChEMBL_zinc_D_7315,Cc1nc(CNC(C)Cc2cccc(F)c2)cs1,0
ZINC58326598,ChEMBL_zinc_D_7316,Cc1cc(NC(=O)C(C)Oc2ccccc2Cl)[nH]n1,0
ZINC41936524,ChEMBL_zinc_D_7317,CC(C)C(CNC(=O)c1cccc(C#N)c1)[NH+](C)C,0
ZINC68778760,ChEMBL_zinc_D_7318,COc1cc(C(=O)N2CCCC(C)CC2)cc2c1OCCO2,0
ZINC09113054,ChEMBL_zinc_D_7319,CCOC(=O)Nc1cccc(C(=O)Nc2cccc(OC)c2)c1,0
ZINC03444667,ChEMBL_zinc_D_7320,CCc1cc2c(nc(SCC(=O)c3ccc(CNC(C)=O)o3)n(Cc3ccco3)c2=O)s1,0
ZINC49112169,ChEMBL_zinc_D_7321,COc1ccc(COc2cnc(COc3nc(-c4cnn(C)c4)cnc3N)cc2OC)cc1,0
ZINC49223890,ChEMBL_zinc_D_7322,CCC(NC(=O)Cc1csc(C(C)C)n1)c1cccs1,0
ZINC09151877,ChEMBL_zinc_D_7323,C[NH+](C)CCN(C(=O)CCS(=O)(=O)c1ccccc1)c1nc2c(cc(F)cc2F)s1,0
ZINC09184111,ChEMBL_zinc_D_7324,COc1ccc(CCNC(=O)C2C3C=CC4(CN(C5CCCC5)C(=O)C24)O3)cc1OC,0
ZINC68392964,ChEMBL_zinc_D_7325,C[NH+](CCN1CCN(C(=O)c2ccc3nccn3c2)CC1)Cc1ccccc1,0
ZINC68431075,ChEMBL_zinc_D_7326,COc1ccc(OC(C)C(=O)Nc2cccc(NC(=O)C(C)OC)c2)cc1,0
ZINC67944239,ChEMBL_zinc_D_7327,CC(=O)NCCCSc1ccccn1,0
ZINC68022616,ChEMBL_zinc_D_7328,CCC(C)NC(=O)C(C)NC(=O)CCc1cc(OC)ccc1OC,0
ZINC68176485,ChEMBL_zinc_D_7329,CCCC(NC(N)=O)C(=O)NCc1cccc(Br)c1,0
ZINC68255386,ChEMBL_zinc_D_7330,O=C(NCC[NH+]1Cc2ccccc2C1)c1cc2cc(Cl)ccc2o1,0
ZINC64261060,ChEMBL_zinc_D_7331,CCOC(=O)C(CC(C)C)NC(=O)OC,0
ZINC64551941,ChEMBL_zinc_D_7332,C=CCN(C)C(=O)c1ccc2c(c1)N(C)C(C)CO2,0
ZINC68990464,ChEMBL_zinc_D_7333,COCCOc1ccc(C[NH2+]CC(C)(C)NS(C)(=O)=O)cc1,0
ZINC69036966,ChEMBL_zinc_D_7334,O=C(NCCOCC1CCOC1)Nc1ccco1,0
ZINC58086744,ChEMBL_zinc_D_7335,CCN(CC1CCOC1)C(=O)c1ccc(-c2ccccc2F)s1,0
ZINC02919323,ChEMBL_zinc_D_7336,COc1ccccc1C1CC(c2ccc(C)c(C)c2)=Nc2ncnn21,0
ZINC59370346,ChEMBL_zinc_D_7337,O=C(c1ccc(Cl)cc1)C1CC12C(=O)c1ccccc1C2=O,0
ZINC51428995,ChEMBL_zinc_D_7338,O=C(C[NH+]1CCCC1c1nc2ccccc2s1)N1CCN(C(=O)C2CC2)CC1,0
ZINC58422471,ChEMBL_zinc_D_7339,Cc1cccc(NC(=O)N2CCC[NH+](C(C)(C)C)CC2)c1C(=O)N1CCCC1,0
ZINC58524657,ChEMBL_zinc_D_7340,CCN(CC)C(=O)C1CC[NH+](CC(O)COc2ccccc2C)CC1,0
ZINC68419538,ChEMBL_zinc_D_7341,O=C(c1cc2c([nH]c1=O)CCCC2)N1CCC(COc2ccccc2)CC1,0
ZINC68471459,ChEMBL_zinc_D_7342,CC(CC[NH+](C)C)NC(=O)c1cccc(S(=O)(=O)N2CCCCC2C)c1,0
ZINC09118455,ChEMBL_zinc_D_7343,NC(=O)c1ccc(NC(=O)CSc2cn(CC(=O)N3CCCCCC3)c3ccccc23)cc1,0
ZINC09638138,ChEMBL_zinc_D_7344,Cc1c(-c2nsc(NC(=O)c3ccccc3)n2)nnn1-c1ccc(F)c(Cl)c1,0
ZINC46829013,ChEMBL_zinc_D_7345,COCCOc1ccc(C(C)NC(=O)N2CCCCC2C)cc1OC,0
ZINC04848449,ChEMBL_zinc_D_7346,COCCNc1c(-c2ccccc2)nc2ccc(C)cn21,0
ZINC59420071,ChEMBL_zinc_D_7347,COC(=O)C(CC(C)C)NC(=O)Cn1c(C)c(Br)c2ccccc21,0
ZINC59487628,ChEMBL_zinc_D_7348,Cc1ccc(NC(=O)CCC(=O)Nc2ccc(C)cc2C(=O)[O-])c(C(=O)[O-])c1,0
ZINC00364490,ChEMBL_zinc_D_7349,CC(=O)c1cc2c(cc1NC(=O)CCC1CCCC1)OCO2,0
ZINC08831371,ChEMBL_zinc_D_7350,CCOC(=O)C1CCN(C(=O)CSc2nc(-c3ccccc3Cl)n[nH]2)CC1,0
ZINC57772195,ChEMBL_zinc_D_7351,Cc1nc(C)c(CCC(=O)N2CC(C)OC(C)C2)c(=O)[nH]1,0
ZINC57008925,ChEMBL_zinc_D_7352,Cc1cc(Cl)ccc1S(=O)(=O)NCCNC(=O)c1ccoc1,0
ZINC14456373,ChEMBL_zinc_D_7353,Cc1ccc(C2Nc3c(C(N)=O)cccc3C3C=CCC32)s1,0
ZINC14657383,ChEMBL_zinc_D_7354,COc1cc(C(=O)Nc2nc(-c3ccccc3)c(C(C)=O)s2)ccc1OC(F)F,0
ZINC09195019,ChEMBL_zinc_D_7355,O=C(Nc1ccc(-c2nc3ccc(Br)cc3c(=O)o2)cc1)c1cccs1,0
ZINC09210322,ChEMBL_zinc_D_7356,COc1ccc(C2c3c(C)nn(-c4ccccc4)c3Oc3ncn4nc(-c5ccccn5)nc4c32)cc1,0
ZINC42132157,ChEMBL_zinc_D_7357,COC(=O)C(CC(C)C)NC(=O)C[NH+](C)Cc1cc(C)on1,0
ZINC44529679,ChEMBL_zinc_D_7358,O=C(CCS(=O)(=O)c1ccc2c(c1)CCC2)NCC[NH+]1CCCCC1,0
ZINC48767704,ChEMBL_zinc_D_7359,CC1CCCC(NC(=O)NCCC(O)(c2nccn2C)C(F)(F)F)C1C,0
ZINC49031431,ChEMBL_zinc_D_7360,Cc1noc(C)c1CC(=O)N1CCN(CC(O)c2cccs2)CC1,0
ZINC46060731,ChEMBL_zinc_D_7361,COc1ccc(OCC(O)C[NH+](C)Cc2c(C)noc2C)c(C(C)(C)C)c1,0
ZINC47088638,ChEMBL_zinc_D_7362,COC(=O)C(C)CN(C)C(=O)NCc1ccoc1,0
ZINC47985385,ChEMBL_zinc_D_7363,CC(CNC(=O)NC1CCCC(C(F)(F)F)C1)c1ccccc1,0
ZINC61343370,ChEMBL_zinc_D_7364,COc1ccc(CCCC(=O)N2CCN(CC3CCCO3)CC2)cc1,0
ZINC19834655,ChEMBL_zinc_D_7365,OC(CN1CC[NH+](C(c2ccccc2)c2ccccc2)CC1)c1ccccc1,0
ZINC06820470,ChEMBL_zinc_D_7366,CCc1ccccc1NC(=O)Cn1c(C(=O)OC)cc2oc(C)cc21,0
ZINC13102157,ChEMBL_zinc_D_7367,Cc1ccc(S(=O)(=O)N(C)c2ccc(C(=O)NCC(c3ccco3)[NH+](C)C)cc2)cc1,0
ZINC03995327,ChEMBL_zinc_D_7368,C[NH+]1CCC2(c3cccc(O)c3)Cc3nc4ccccc4cc3CC2C1,0
ZINC66448753,ChEMBL_zinc_D_7369,NC(=O)C[NH+]1CCCC(NC(=O)c2cc(C3CC3)[nH]n2)C1,0
ZINC66617769,ChEMBL_zinc_D_7370,CCNC(=O)C1CCN(C(=O)NC(C)Cc2ccc(C)cc2C)CC1,0
ZINC65509297,ChEMBL_zinc_D_7371,CC(=O)c1sccc1-c1cccc(C(C)[NH+](C)C)c1,0
ZINC05847519,ChEMBL_zinc_D_7372,CCc1cc(NCc2cccnc2OC)c(=O)[nH]c1C,0
ZINC68359132,ChEMBL_zinc_D_7373,CC(OCC1CC1)C(=O)N1CCC(C(=O)Nc2nncs2)CC1,0
ZINC68440037,ChEMBL_zinc_D_7374,CCC(OC)C(=O)NCC(Cc1ccc(F)cc1)C(N)=O,0
ZINC00227051,ChEMBL_zinc_D_7375,Cc1ccccc1NC(=O)c1cccc2c1C(=O)c1ccccc1-2,0
ZINC04073468,ChEMBL_zinc_D_7376,C=CCN1CC(=O)N2CCc3c4cc(OC)ccc4[nH]c3C2(C)C1=O,0
ZINC46342137,ChEMBL_zinc_D_7377,COc1ccc(CC[NH+](C)CC(O)COc2ccc(C)cc2)cc1OC,0
ZINC68069468,ChEMBL_zinc_D_7378,CCCc1nnnn1CC(=O)c1ccc(Cl)s1,0
ZINC68355729,ChEMBL_zinc_D_7379,CN(CCCC(=O)Nc1ccccc1SCCC(N)=O)C(=O)OC(C)(C)C,0
ZINC68408184,ChEMBL_zinc_D_7380,CCC1CN(C(=O)CN2CCCC(NC(=O)OC(C)(C)C)C2)CCO1,0
ZINC24023130,ChEMBL_zinc_D_7381,COc1cc(OC)cc(C(NC(=O)c2ccc3c(c2)OCCCO3)c2nccn2C)c1,0
ZINC01243071,ChEMBL_zinc_D_7382,COc1cc(C2CC(=O)n3nc(-c4ccc(C)cc4)nc3S2)cc(OC)c1OC,0
ZINC20980954,ChEMBL_zinc_D_7383,Cc1cc(OCC(=O)[O-])ccc1NC(=O)C(C)Oc1ccc(Cl)cc1,0
ZINC21007733,ChEMBL_zinc_D_7384,COc1ccc(CNc2ccc(C)c(Cl)c2)cc1,0
ZINC69696000,ChEMBL_zinc_D_7385,CCCN(CC1CCCCC1)C(=O)c1cnc(-c2cnn(C)c2)s1,0
ZINC69699995,ChEMBL_zinc_D_7386,COc1ccc(OC)c(C2C(C(=O)[O-])CC(=O)N2CC2CCCO2)c1,0
ZINC61104439,ChEMBL_zinc_D_7387,NC(=O)Cc1cccc(OC(=O)CNC(=O)NC2CC2)c1,0
ZINC61304273,ChEMBL_zinc_D_7388,CC(=O)Nc1ccc(NC(=O)CS(=O)(=O)c2cc(C)ccc2C)cc1,0
ZINC48433410,ChEMBL_zinc_D_7389,CCN(CC1CCOC1)C(=O)Cc1cccc2cccnc21,0
ZINC48457719,ChEMBL_zinc_D_7390,CS(=O)(=O)c1ccc(OCc2c(Cl)cccc2Cl)cc1,0
ZINC69169971,ChEMBL_zinc_D_7391,CCOc1cccc(C[NH2+]C(c2nc(-c3cccnc3)no2)C(C)C)c1,0
ZINC17961364,ChEMBL_zinc_D_7392,CC(NC(=O)C1CCN(C(=O)c2ccc(F)cc2)CC1)c1ccc(Br)cc1,0
ZINC65063434,ChEMBL_zinc_D_7393,CCC(C)NC(=O)c1ccc(Oc2ccc(NS(=O)(=O)c3cc(C)ccc3C)cc2)nc1,0
ZINC54123000,ChEMBL_zinc_D_7394,CC(=O)Nc1ccc(F)c(C(=O)NCc2cc(F)cc(Br)c2)c1,0
ZINC21866036,ChEMBL_zinc_D_7395,N#Cc1ccc(NC(=O)COC(=O)C2CCN(c3ccc(C(F)(F)F)cn3)CC2)cc1Cl,0
ZINC21988555,ChEMBL_zinc_D_7396,N#Cc1cccc(C2CCC(=O)CC2)c1,0
ZINC69571232,ChEMBL_zinc_D_7397,CCCN(C)C(=O)Nc1ccc(NC(=O)C2CC2)cc1,0
ZINC69584931,ChEMBL_zinc_D_7398,CCCCC1CCCC1NC(=O)CNC(=O)c1cccc(OC)c1,0
ZINC49388585,ChEMBL_zinc_D_7399,CC(C)(C)CC(NC(=O)Cn1ccc(=O)[nH]c1=O)c1ccc(F)cc1,0
ZINC58379497,ChEMBL_zinc_D_7400,Cc1ccc(CC(=O)N2CCCc3cc(F)ccc32)cn1,0
ZINC36087740,ChEMBL_zinc_D_7401,COc1cccc(-n2nc(C(=O)NC(C)C)c(=O)n(Cc3ccccc3Cl)c2=O)c1,0
ZINC36212807,ChEMBL_zinc_D_7402,Cc1ccc(C(=O)NC(C(=O)N2CCCCC2)C2CCN(C(=O)c3ccccc3C)CC2)cc1,0
ZINC04388791,ChEMBL_zinc_D_7403,O=C1CN=C(c2cccs2)c2c3c(sc2N1)CCCC3,0
ZINC72117545,ChEMBL_zinc_D_7404,CSc1cccc(NC(=O)N2CCN(c3cc(N4CCOCC4)ncn3)CC2)c1,0
ZINC34543825,ChEMBL_zinc_D_7405,CC=CCOC(=O)CNC(=O)OCc1ccccc1,0
ZINC02624206,ChEMBL_zinc_D_7406,CC(C)=CC(=O)OCC(=O)Nc1ccc(Cl)cn1,0
ZINC69395164,ChEMBL_zinc_D_7407,Cc1n[nH]c(C)c1CNC(=O)NCCc1cn2ccccc2n1,0
ZINC69454126,ChEMBL_zinc_D_7408,Cc1nn(CC(C)C)c(C)c1CCC(=O)NCCCc1ccccc1,0
ZINC15540162,ChEMBL_zinc_D_7409,O=C(Nc1ccc2[nH]c(=O)[nH]c2c1)C1CCC1,0
ZINC46389459,ChEMBL_zinc_D_7410,Cc1noc(CCCC(=O)OCc2ccc(C#N)cc2)n1,0
ZINC03201473,ChEMBL_zinc_D_7411,CC(C)(C)C1Cc2ccccc2C1=O,0
ZINC71794267,ChEMBL_zinc_D_7412,CC(C(=O)Nc1ccc2c(c1)OCCO2)N1CCN(Cc2ccc(Br)s2)CC1,0
ZINC43075452,ChEMBL_zinc_D_7413,Cn1ncc(C(=O)N2CCN(CC=Cc3ccccc3)CC2)c1-n1cccc1,0
ZINC63749600,ChEMBL_zinc_D_7414,CC1=NC(c2ccccc2)=CC1C(=O)NC1CCCC1,0
ZINC48397555,ChEMBL_zinc_D_7415,Clc1snnc1CSc1nc2cc(Cl)ccc2o1,0
ZINC51905107,ChEMBL_zinc_D_7416,Cc1noc(CCCC(=O)Oc2ccc(N(C)S(C)(=O)=O)cc2)n1,0
ZINC68103464,ChEMBL_zinc_D_7417,Cc1cc(C)n2ncc(C(=O)NCC(C)C[NH+]3CCCC3)c2n1,0
ZINC68118392,ChEMBL_zinc_D_7418,CC(C)C(C(=O)N(C)CC(N)=O)n1nnc(-c2ccccc2)n1,0
ZINC09624734,ChEMBL_zinc_D_7419,Cc1cccc(NC(=O)COC(=O)C(NC(=O)Nc2ccccc2)C(C)C)c1,0
ZINC55472003,ChEMBL_zinc_D_7420,COc1ccc(C(=O)C2CC[NH+](CC(O)COc3ccc(C)cc3C)CC2)cc1,0
ZINC66320849,ChEMBL_zinc_D_7421,O=C(c1[nH]nc(C2CC2)c1Br)N(C1CC1)C1CCCCC1,0
ZINC66702403,ChEMBL_zinc_D_7422,CC1CCCN(C(=O)CCNC(=O)NCc2nc(-c3cccs3)n[nH]2)C1,0
ZINC59811986,ChEMBL_zinc_D_7423,CC(Sc1nnc(Cn2nnc3ccccc32)n1-c1ccccc1)C(=O)NC1CC1,0
ZINC02239838,ChEMBL_zinc_D_7424,Cc1ccc(C)c(S(=O)(=O)C(C#N)c2nc3ccccc3nc2N2CCCC2)c1,0
ZINC66855486,ChEMBL_zinc_D_7425,CCN(C1CCN(C(=O)C(C)c2c(C)nn(C)c2C)CC1)S(C)(=O)=O,0
ZINC66933732,ChEMBL_zinc_D_7426,Cn1cc(S(=O)(=O)N2CCOC(c3ccccc3F)C2)c(=O)n(C)c1=O,0
ZINC48651348,ChEMBL_zinc_D_7427,Cc1ncsc1C(=O)Oc1ccccc1I,0
ZINC01724759,ChEMBL_zinc_D_7428,CC[NH+](CC)CCC(=O)c1cccs1,0
ZINC02527773,ChEMBL_zinc_D_7429,N#CCc1cc(Cl)cc(C(F)(F)F)c1,0
ZINC44940639,ChEMBL_zinc_D_7430,O=C(CCc1ccc2c(c1)OCO2)N1CCCC1c1ccsc1,0
ZINC66429445,ChEMBL_zinc_D_7431,O=C(CN1CCCC1=O)NCc1nc(-c2cccs2)n[nH]1,0
ZINC66524428,ChEMBL_zinc_D_7432,CCC(NC(=O)CCNC(C)=O)c1nc2ccccc2[nH]1,0
ZINC48524983,ChEMBL_zinc_D_7433,O=C(CNC(=O)NC1CC1)Oc1ccccc1Cl,0
ZINC48578245,ChEMBL_zinc_D_7434,C#CCN1CCC(C(=O)NCc2ccc(F)cc2)CC1,0
ZINC05216533,ChEMBL_zinc_D_7435,O=C(OCc1cc2c(cc1Br)OCO2)c1ccccc1F,0
ZINC52770189,ChEMBL_zinc_D_7436,Cc1cc2occ(CC(=O)NS(=O)(=O)N(C)C)c2cc1C(C)C,0
ZINC47457630,ChEMBL_zinc_D_7437,Cn1nccc1CNC(=O)c1cc2c(cccc2F)s1,0
ZINC47487323,ChEMBL_zinc_D_7438,COc1ccc(NC(=O)C2CCCN2C(=O)Nc2cccc(-c3nnco3)c2)cc1,0
ZINC20352709,ChEMBL_zinc_D_7439,CCn1nccc1C[NH2+]Cc1cccc(OC)c1O,0
ZINC20379810,ChEMBL_zinc_D_7440,Cc1ccc2c(c1)NC(=O)C(CC(=O)NCCC[NH+]1CCC(Cc3ccccc3)CC1)O2,0
ZINC09217452,ChEMBL_zinc_D_7441,Cc1cc(=O)c(C(=O)N2CCN(C(=O)c3ccco3)CC2)nn1-c1ccccc1Cl,0
ZINC09224868,ChEMBL_zinc_D_7442,CCc1ccc(NC(=O)Cn2cc(S(=O)(=O)NC)c(S(=O)(=O)NC)c2)cc1,0
ZINC51613316,ChEMBL_zinc_D_7443,CCCNC(=O)C1CCCN(C(=O)Nc2cccc(-n3nnnc3C)c2)C1,0
ZINC52548889,ChEMBL_zinc_D_7444,CC(C)Cc1nnc(NC(=O)NCCN2CCCCCC2=O)s1,0
ZINC65547943,ChEMBL_zinc_D_7445,CCCCOC(C)C(=O)Nc1ccccc1C[NH+]1CCCC1,0
ZINC65575881,ChEMBL_zinc_D_7446,O=C(CSc1ncn[nH]1)Nc1ccc2nc(-c3ccco3)[nH]c2c1,0
ZINC01652137,ChEMBL_zinc_D_7447,CCCOc1cc2c(cc1CCC)OCO2,0
ZINC47016212,ChEMBL_zinc_D_7448,CC1CCCCN1C(=O)NCCCc1ccc(N(C)C)cc1,0
ZINC00290140,ChEMBL_zinc_D_7449,C[NH2+]CC1OCCc2ccccc21,0
ZINC19497835,ChEMBL_zinc_D_7450,CC1Cc2cc(C(O)CN(C)Cc3ccccc3)ccc2N1C(=O)C1CC1,0
ZINC53373646,ChEMBL_zinc_D_7451,COc1cccc(C(CNC(=O)Cn2cnc3c(C)cccc3c2=O)[NH+](C)C)c1,0
ZINC58491682,ChEMBL_zinc_D_7452,Cc1oc2nc[nH]c(=O)c2c1C(=O)Nc1ccc(OCC[NH+](C)C)cc1,0
ZINC36318060,ChEMBL_zinc_D_7453,COCC(C)NS(=O)(=O)c1ccc(NC(=O)C2CC(=O)N(CCc3ccccc3)C2)cc1,0
ZINC36799746,ChEMBL_zinc_D_7454,CCN(Cc1ccccc1)C(=O)CSc1nnc2n1c1ccccc1c(=O)n2-c1ccc(C)cc1,0
ZINC48743828,ChEMBL_zinc_D_7455,O=C(c1csc(-c2ccco2)n1)N1CCCS1(=O)=O,0
ZINC06807906,ChEMBL_zinc_D_7456,Cc1c2cnn(CC(=O)NCC3CCCO3)c(=O)c2c(C)n1Cc1ccc(C)cc1,0
ZINC51953244,ChEMBL_zinc_D_7457,CCCCCC(=O)Nc1ccc(C#N)cn1,0
ZINC53720750,ChEMBL_zinc_D_7458,Cc1nc(SCC(=O)NCCOc2cccc(F)c2)oc1C,0
ZINC49066351,ChEMBL_zinc_D_7459,CC(=O)Nc1cc(NCC(=O)N(C)C2CC2)ccc1F,0
ZINC49443016,ChEMBL_zinc_D_7460,Cc1cccc(NC(=O)N2CCC(Oc3nc4c(cccc4F)s3)CC2)c1,0
ZINC22511549,ChEMBL_zinc_D_7461,CC(=O)Nc1ccc(CNC(=O)c2ccc(F)cc2Cl)cc1,0
ZINC58305308,ChEMBL_zinc_D_7462,COCc1nc2sc(C(=O)NCC(c3cccc(Cl)c3)[NH+]3CCCC3)c(C)c2c(=O)[nH]1,0
ZINC68905744,ChEMBL_zinc_D_7463,CCOc1ccccc1CCNc1snc(Cl)c1C#N,0
ZINC68962414,ChEMBL_zinc_D_7464,COc1ccc2oc(C(=O)NC(C)CCC(C)C)c(C)c2c1,0
ZINC06237314,ChEMBL_zinc_D_7465,Cc1cccc(OC(C)C(=O)N2CCN(S(=O)(=O)c3ccccc3F)CC2)c1,0
ZINC63480748,ChEMBL_zinc_D_7466,COC(=O)c1cc(OC)ccc1NCC(=O)Nc1cccc(C)c1C,0
ZINC69228826,ChEMBL_zinc_D_7467,Cc1cc(N2CCN(CC(=O)Nc3ccc(C)c(Cl)c3)CC2)nc(C)[nH+]1,0
ZINC69281339,ChEMBL_zinc_D_7468,N#CCOc1ccc(CNC(=O)NCCCC2CCCCC2)cc1,0
ZINC69817030,ChEMBL_zinc_D_7469,CCc1noc(CN(C)C(=O)NCCCNC(=O)c2ccccc2F)n1,0
ZINC06822187,ChEMBL_zinc_D_7470,COc1ccc(Cc2nnc(C(=O)NCC(C)c3ccccc3)o2)cc1OC,0
ZINC66106545,ChEMBL_zinc_D_7471,CCc1nc(-c2cc(C(N)=O)co2)cs1,0
ZINC67627986,ChEMBL_zinc_D_7472,C#CCCOC(=O)c1csc(-c2ccccc2C)n1,0
ZINC36392758,ChEMBL_zinc_D_7473,C=CCn1c(SC(C)c2nc(C)no2)nc2sc(C)c(C)c2c1=O,0
ZINC37560671,ChEMBL_zinc_D_7474,COc1cccc(C[NH+]2CCC(N(C(=O)c3ccco3)c3ccccc3)CC2)c1,0
ZINC67047588,ChEMBL_zinc_D_7475,Cc1ccc(C(=O)N2CCCC(c3nccs3)C2)n1C,0
ZINC67834297,ChEMBL_zinc_D_7476,CNC(=O)C1CC([NH3+])CN1Cc1cnn(-c2cccc(Cl)c2)c1,0
ZINC58839963,ChEMBL_zinc_D_7477,CCOCCC(=O)NCC(CC(=O)[O-])c1ccc(Cl)cc1,0
ZINC41377984,ChEMBL_zinc_D_7478,CCS(=O)(=O)N(C)CCCNC(=O)NCc1ccc(NC(=O)OC)cc1,0
ZINC60895649,ChEMBL_zinc_D_7479,CCCCSc1nnc(SCC(=O)c2ccc(C)s2)s1,0
ZINC61783910,ChEMBL_zinc_D_7480,CCNC(=O)C[NH+](CC)Cc1cc(Cl)ccc1OC,0
ZINC63493815,ChEMBL_zinc_D_7481,O=C(C(c1ccccc1)c1ccccc1)N1CCCC1C1[NH+]=c2ccccc2=[NH+]1,0
ZINC63534070,ChEMBL_zinc_D_7482,O=C(CNC(=O)c1cc(-c2cccnc2)on1)Nc1cn[nH]c1,0
ZINC66383932,ChEMBL_zinc_D_7483,CN(C)C(=O)Cn1cc(NC(=O)C2(c3ccc(F)cc3)CC2)cn1,0
ZINC66391225,ChEMBL_zinc_D_7484,COc1ccc(OC)c(NC(=O)C(C)NC(C)c2ccccc2C(F)(F)F)c1,0
ZINC69203918,ChEMBL_zinc_D_7485,COc1ccc(CCC(=O)N2CCN(C(=O)NC3CCC(C)CC3)CC2)cc1,0
ZINC69255335,ChEMBL_zinc_D_7486,O=C(COCC1CCCO1)N1CCC(c2nnc3ccccn32)CC1,0
ZINC68189781,ChEMBL_zinc_D_7487,CC(C)C(=O)N1CCCN(C(=O)C2CCC(=O)N2)CC1,0
ZINC68403891,ChEMBL_zinc_D_7488,Cc1c(C(C)NC(=O)N2CCCC(C(=O)NC3CCCCC3)C2)cnn1C,0
ZINC59403362,ChEMBL_zinc_D_7489,CC[NH+](CC(=O)Nc1c(C)nn(C)c1C)C(C)c1cccc(OC)c1,0
ZINC17777681,ChEMBL_zinc_D_7490,O=C(c1ccc(OCC2CCCO2)cc1)N1CCN(C(=O)c2ccc(OCC3CCCO3)cc2)CC1,0
ZINC02457834,ChEMBL_zinc_D_7491,CC(C)NC(=O)C1(O)c2cc(Br)ccc2NC(=O)N1c1ccccc1,0
ZINC41339975,ChEMBL_zinc_D_7492,CCNC(=O)C(C)Sc1nnc(CCn2nc(C)cc2C)n1C,0
ZINC20058153,ChEMBL_zinc_D_7493,COc1ccccc1C1C(C(=O)Nc2ccc(F)cc2)=C(C)Nc2nc(CCCO)nn21,0
ZINC58505192,ChEMBL_zinc_D_7494,CCc1[nH]ncc1C(=O)NCCOc1ccc(F)cc1,0
ZINC39246006,ChEMBL_zinc_D_7495,CC1(C)Oc2ccccc2C1=O,0
ZINC06367227,ChEMBL_zinc_D_7496,CNC(=O)c1sc(Nc2ccccc2)nc1C,0
ZINC68469771,ChEMBL_zinc_D_7497,CC(CC[NH+](C)C)NC(=O)Cn1nc2ccccn2c1=O,0
ZINC68511800,ChEMBL_zinc_D_7498,O=C(Cc1csc(-c2nc[nH]n2)n1)NC1CCCC(C(F)(F)F)C1,0
ZINC06662282,ChEMBL_zinc_D_7499,CC1(C)Cc2c(C#N)c(NC(=O)NCc3ccco3)sc2CO1,0
ZINC57911077,ChEMBL_zinc_D_7500,COc1ccc(NC(=O)c2cc(F)c(Cl)nc2Cl)cc1NC(C)=O,0
ZINC49005314,ChEMBL_zinc_D_7501,CC(=O)Nc1cccc(Nc2c(C(=O)N3CCCCC3C)cnc3nc(C)ccc32)c1,0
ZINC05182110,ChEMBL_zinc_D_7502,CCOc1ccc(C(=O)N2CCN(c3nc4c(cc(F)cc4F)s3)CC2)cc1,0
ZINC63487655,ChEMBL_zinc_D_7503,Cc1noc(C)c1C(=O)NCCc1[nH+]ccn1C,0
ZINC63552733,ChEMBL_zinc_D_7504,CCS(=O)(=O)N(C)C(=O)CCCN(C)S(=O)(=O)c1ccc(F)cc1,0
ZINC12687442,ChEMBL_zinc_D_7505,O=C(CN1CCN(C(=O)c2nn(Cc3ccccc3)c(=O)c3ccccc32)CC1)N1CCCCCC1,0
ZINC36740795,ChEMBL_zinc_D_7506,CCc1ccccc1Nc1nc(N)nc(COc2ccccc2C(N)=O)n1,0
ZINC15197612,ChEMBL_zinc_D_7507,CCc1ccc(OCC(=O)NC(C)c2ccc(S(C)(=O)=O)cc2)cc1,0
ZINC15245849,ChEMBL_zinc_D_7508,Cc1cc(Br)ccc1NS(=O)(=O)c1cc(C(=O)[O-])cs1,0
ZINC44267635,ChEMBL_zinc_D_7509,O=C(C1CCCc2ccccc21)N1CCCCCC1,0
ZINC71208340,ChEMBL_zinc_D_7510,COC(=O)c1ccc(NC2CCCC2C)nn1,0
ZINC65880666,ChEMBL_zinc_D_7511,CC(C#N)CN(C)C(=O)CSc1ncn[nH]1,0
ZINC66239277,ChEMBL_zinc_D_7512,CC(=O)c1cccc(OCC(O)CSc2nnc(C)s2)c1,0
ZINC36892452,ChEMBL_zinc_D_7513,O=C(CCNS(=O)(=O)c1ccccc1)NCc1cccc(C(F)(F)F)c1,0
ZINC36904817,ChEMBL_zinc_D_7514,CCCNC(=O)CNc1ccccc1OC(F)F,0
ZINC68623137,ChEMBL_zinc_D_7515,CCCC(C)NS(=O)(=O)c1ccc(N(CC)CC(=O)NC(C)(C)C)nc1,0
ZINC68666817,ChEMBL_zinc_D_7516,CCNC(=O)COc1ccc(CNc2ccc3nnc(CC)n3n2)cc1OC,0
ZINC48063855,ChEMBL_zinc_D_7517,CC(C)n1ncc2cc(NC(=O)NC3CCSc4ccc(F)cc43)cnc21,0
ZINC48201376,ChEMBL_zinc_D_7518,O=C(NCCc1cccc(F)c1)NCc1ccnc(OCC(F)(F)F)c1,0
ZINC49410403,ChEMBL_zinc_D_7519,Cc1ccc(C(O)CNC(=O)COc2ccccc2)o1,0
ZINC02205871,ChEMBL_zinc_D_7520,N#Cc1nc(COc2ccc(Br)cc2)oc1NCc1ccc(F)cc1,0
ZINC16847994,ChEMBL_zinc_D_7521,CS(=O)(=O)c1ccc(NC(=O)C2CCCN2S(C)(=O)=O)cc1,0
ZINC20155202,ChEMBL_zinc_D_7522,CC1CCCN(C(=O)c2cc(Cl)ccc2N)C1,0
ZINC00628492,ChEMBL_zinc_D_7523,COC(=O)c1c(C)[nH]c(C(=O)CSc2nc(C)nc3sc4c(c32)CCC4)c1C,0
ZINC69017944,ChEMBL_zinc_D_7524,CCc1noc(C[NH+](C)CC(=O)Nc2nc(-c3ccc(C)cc3C)cs2)n1,0
ZINC06861655,ChEMBL_zinc_D_7525,O=C(Nc1c[nH]c(=O)[nH]c1=O)c1nc[nH]n1,0
ZINC19301171,ChEMBL_zinc_D_7526,Cc1ncc2c(c1-c1noc(-c3ccncc3)n1)CCN(C(=O)NC(C)(C)C)C2,0
ZINC69207276,ChEMBL_zinc_D_7527,CC(C)[NH+](C)CCCCNC(=O)N1CCN(c2cc(C#N)ccn2)CC1,0
ZINC69240361,ChEMBL_zinc_D_7528,O=C(NCC1CC=CCC1)NC1CC[NH+](Cc2ccccc2)C1,0
ZINC42630960,ChEMBL_zinc_D_7529,CC(C)(C)NC(=O)CCCSc1ccc(Cl)cc1,0
ZINC67283582,ChEMBL_zinc_D_7530,O=C(c1ccc(-n2cccc2)cc1O)N1CCCCCC1,0
ZINC69245638,ChEMBL_zinc_D_7531,COc1cc(NC(=O)C[NH+]2CCC(O)CC2)cc(OC)c1,0
ZINC69257476,ChEMBL_zinc_D_7532,O=C(Nc1ccc(-n2cncn2)cc1)NC1CCOc2ccc(F)cc21,0
ZINC09494382,ChEMBL_zinc_D_7533,COc1ccc(OC)c(C2CCC[NH+]2Cc2nc3scc(-c4ccc(F)cc4)c3c(=O)[nH]2)c1,0
ZINC09545473,ChEMBL_zinc_D_7534,CC[NH+]1Cc2c(nc3ccccc3c2C(=O)[O-])C(=Cc2ccc(OC)c(OC(F)F)c2)C1,0
ZINC67226762,ChEMBL_zinc_D_7535,CCCCC(C(=O)OC)N1CCCC(O)C1,0
ZINC67244103,ChEMBL_zinc_D_7536,CCCCN(C)C(=O)c1ccccc1S(=O)(=O)[N-]c1ccc(OC)nc1,0
ZINC42001359,ChEMBL_zinc_D_7537,Cc1cccc(OCCCNC(=O)C(C)(C)C)c1,0
ZINC69649781,ChEMBL_zinc_D_7538,CC(C)[NH+]1CCCN(C(=O)Nc2ccccc2-n2cccn2)CC1,0
ZINC00634049,ChEMBL_zinc_D_7539,Cc1c(C(=O)NCc2ccc(S(N)(=O)=O)cc2)oc2cc(C)cc(C)c12,0
ZINC00441714,ChEMBL_zinc_D_7540,CC1=C(C(=O)N2CCOCC2)C(c2cccs2)NC(=O)N1,0
ZINC68839772,ChEMBL_zinc_D_7541,CCOc1cccc(C(C)NC(=O)NCc2ccco2)c1,0
ZINC68915040,ChEMBL_zinc_D_7542,COc1cccc(C(C)N2CCN(S(=O)(=O)Cc3cccc(F)c3)CC2)c1,0
ZINC40855527,ChEMBL_zinc_D_7543,Cc1ccnn1-c1cc(Oc2ccc(C(=O)NC3CCc4ccccc43)cc2)ncn1,0
ZINC01432954,ChEMBL_zinc_D_7544,CCN1c2ccc(Br)cc2C(O)(CC(=O)c2ccncc2)C1=O,0
ZINC51191931,ChEMBL_zinc_D_7545,COc1cccc(NC(=O)NCc2cscn2)c1,0
ZINC51232896,ChEMBL_zinc_D_7546,C[NH+](Cc1csc(-c2ncccn2)n1)C1CCCc2ccccc21,0
ZINC42417987,ChEMBL_zinc_D_7547,O=C(Cc1cccc(O)c1)NCC1CCCO1,0
ZINC05192544,ChEMBL_zinc_D_7548,CCCCCC(=Cc1ccccc1)CO,0
ZINC02649067,ChEMBL_zinc_D_7549,O=C(OCn1nnc2ccccc2c1=O)c1cc(S(=O)(=O)N2CCOCC2)ccc1Cl,0
ZINC61896906,ChEMBL_zinc_D_7550,COc1ccccc1-c1csc(C(O)c2cccc(Cl)c2)n1,0
ZINC70912293,ChEMBL_zinc_D_7551,CCOCC1CCCN(C(=O)CCc2ccc(Br)cc2F)C1,0
ZINC70935722,ChEMBL_zinc_D_7552,Cc1ccnn1-c1ccc(C(=O)NC(C)c2c(C)noc2C)cc1,0
ZINC68580126,ChEMBL_zinc_D_7553,CCOc1ccc(C(C)NC(=O)N(C)C(C)c2ccccn2)cc1,0
ZINC68835243,ChEMBL_zinc_D_7554,Cc1cccc(C)c1OCC(=O)NCC1CC=CCC1,0
ZINC43477331,ChEMBL_zinc_D_7555,CC([NH2+]Cc1ccc(O)c(Cl)c1)C1CCCO1,0
ZINC44986643,ChEMBL_zinc_D_7556,CCCOc1ccc(Br)cc1C[NH2+]Cc1cc(C)no1,0
ZINC52461531,ChEMBL_zinc_D_7557,CC(CNC(=O)Nc1ccc2c(c1)OC(F)(F)O2)Cn1cccn1,0
ZINC52608040,ChEMBL_zinc_D_7558,COCC[NH+](CC(=O)NC(C)c1ccc(NC(=O)C2CC2)cc1)Cc1ccco1,0
ZINC04919309,ChEMBL_zinc_D_7559,CCc1c(C)c2ccc(OCC(=O)[O-])cc2oc1=O,0
ZINC48161433,ChEMBL_zinc_D_7560,N#CCc1ccc(OCc2ccccc2NC(=O)NCCc2ccc(F)cc2)cc1,0
ZINC05365860,ChEMBL_zinc_D_7561,COc1ccc2ccc(OCC(=O)NCc3ccc4c(c3)OCO4)cc2c1,0
ZINC58183466,ChEMBL_zinc_D_7562,CCOc1ccc(C(C)NC(=O)NCc2ccc(C(C)O)cc2)cc1OCC,0
ZINC07241967,ChEMBL_zinc_D_7563,Cc1nc2ccc(NC(C)C(=O)Nc3ccc(Cl)cc3Cl)cc2s1,0
ZINC49958658,ChEMBL_zinc_D_7564,Cc1noc(C)c1CSc1ccccc1C(=O)NCC(c1cccs1)[NH+](C)C,0
ZINC44901448,ChEMBL_zinc_D_7565,CCCc1nnc(NC(=O)CC2NC(=O)c3ccccc3N=C2O)s1,0
ZINC71817938,ChEMBL_zinc_D_7566,CC1CC(C)CN(C(=O)NCCN(C)c2ccccc2)C1,0
ZINC22235842,ChEMBL_zinc_D_7567,CCn1cc(C(=O)Nc2cc(OC)ccc2OC)c(=O)c2cc(OC)ccc21,0
ZINC22450463,ChEMBL_zinc_D_7568,CC(Sc1ccc2ccccc2n1)C(=O)NC1CCOc2ccccc21,0
ZINC20125975,ChEMBL_zinc_D_7569,C[NH+](C)C(C)(C)C[NH2+]Cc1ccc(N2CCCCC2)cc1,0
ZINC58040846,ChEMBL_zinc_D_7570,CN(CC(=O)N1CCC([NH3+])CC1)C(=O)OC(C)(C)C,0
ZINC69250018,ChEMBL_zinc_D_7571,O=C(C[NH+]1CCCCC1CCO)NC1CCCCNC1=O,0
ZINC15740091,ChEMBL_zinc_D_7572,CCCc1ccc(S(=O)(=O)N2CCN(C(=O)c3ccccc3)CC2)cc1,0
ZINC68166078,ChEMBL_zinc_D_7573,O=C(CCc1ncc(-c2ccccc2)o1)NC1CCOc2ccc(F)cc21,0
ZINC68174219,ChEMBL_zinc_D_7574,CCn1c2ccccc2nc1C(C)NC(=O)CCNC(=O)c1ccco1,0
ZINC58312728,ChEMBL_zinc_D_7575,CCc1noc(CCCC(=O)N(CC)Cc2ccc(C#N)cc2F)n1,0
ZINC28189878,ChEMBL_zinc_D_7576,CC(C)CN(CC(C)C)C(=O)C1CC(=O)N(c2ccc(F)cc2)C1,0
ZINC48856109,ChEMBL_zinc_D_7577,COCCOc1ccc(CNC(=O)NCc2ccc(N3CCCC3)[nH+]c2)cc1,0
ZINC62017461,ChEMBL_zinc_D_7578,COCCNC(=O)Nc1nnc(-c2cccc(OC)c2)o1,0
ZINC04869098,ChEMBL_zinc_D_7579,CCC(=O)c1ccc(OCCOc2cccc3cccnc32)cc1,0
ZINC47338218,ChEMBL_zinc_D_7580,O=C(NCc1ccc(-n2cncn2)cc1)Nc1ccccc1-c1ccccc1,0
ZINC02782535,ChEMBL_zinc_D_7581,CCn1ncc(Br)c1C(=O)Nc1nncs1,0
ZINC66853346,ChEMBL_zinc_D_7582,CC(CN(C)Cc1noc(C2CC2)n1)c1ccccc1,0
ZINC02415985,ChEMBL_zinc_D_7583,COCCn1c2nc3ccccc3nc2nc1-c1ccc(Br)cc1,0
ZINC52709434,ChEMBL_zinc_D_7584,CN(Cc1cccnc1Cl)CC1CCCO1,0
ZINC68833673,ChEMBL_zinc_D_7585,Cc1ccc(C(=O)NC2CCCC2CCC(C)C)cc1[N-]S(C)(=O)=O,0
ZINC68950459,ChEMBL_zinc_D_7586,Cc1cc(NC(=O)C(C)Nc2ccc(F)c(N3CCCS3(=O)=O)c2)on1,0
ZINC65498396,ChEMBL_zinc_D_7587,Cc1ccc(-c2cnc(CCC(=O)OCC(C#N)Cc3ccc(F)cc3)o2)cc1,0
ZINC65530444,ChEMBL_zinc_D_7588,O=C([O-])c1cn(Cc2ccc(Cl)nc2)cc(Oc2ccccc2)c1=O,0
ZINC68560884,ChEMBL_zinc_D_7589,COC(=O)C1Cc2ccccc2N1C(=O)CCN1c2ccccc2OC(C)C1=O,0
ZINC68567216,ChEMBL_zinc_D_7590,Cc1sc(-n2cccc2)c(C(=O)NCCOCC2CCOC2)c1C,0
ZINC55531289,ChEMBL_zinc_D_7591,O=C(CCc1cccc(Cl)c1)NCCCN1CCOCC1,0
ZINC66791976,ChEMBL_zinc_D_7592,CC(C)(C)c1ccc(=O)n(CN2CCN(c3ccc(F)cc3)CC2)n1,0
ZINC65450862,ChEMBL_zinc_D_7593,CCOC(=O)CC(NC(=O)Nc1cccc2cccnc21)c1ccccc1,0
ZINC65464019,ChEMBL_zinc_D_7594,CCc1csc(CCn2cnc(-c3ccccc3)c2-c2ccc(CO)o2)n1,0
ZINC00029364,ChEMBL_zinc_D_7595,CC(NC(=O)c1cccs1)c1ccccc1,0
ZINC12932393,ChEMBL_zinc_D_7596,CCC(C)NC(=O)CSc1nncs1,0
ZINC58554137,ChEMBL_zinc_D_7597,Cc1ccc(Br)cc1NC(=O)C1CCCCN1C(=O)c1ccco1,0
ZINC58615687,ChEMBL_zinc_D_7598,CC(Nc1cccc(C(F)(F)F)c1)C(=O)Nc1ccc(C(N)=O)cc1,0
ZINC00396468,ChEMBL_zinc_D_7599,CNC(=O)Nc1ccccc1OC,0
ZINC14146843,ChEMBL_zinc_D_7600,Cc1cc(NC(=O)C(C)Sc2ncccc2Cl)on1,0
ZINC04532729,ChEMBL_zinc_D_7601,COc1cc2c(cc1O)C(CCc1cc(OC)c(O)c(OC)c1)[NH+](C)CC2,0
ZINC40746230,ChEMBL_zinc_D_7602,CC(=O)Nc1cc(C(=O)N2CCN(Cc3ccccc3C)CC2)nn1-c1ccccc1,0
ZINC20143277,ChEMBL_zinc_D_7603,COc1cc(C(=O)Nc2ccc(-c3ccc(CO)o3)c(C)c2)cc(OC)c1OC,0
ZINC00068811,ChEMBL_zinc_D_7604,CC[NH+](CC)Cc1c(O)ccc2c(C)cc(=O)oc21,0
ZINC40104941,ChEMBL_zinc_D_7605,O=C(NCC(C1CCOC1)N1CCOCC1)Nc1ccccc1Cn1cccn1,0
ZINC40145836,ChEMBL_zinc_D_7606,CC(C)NS(=O)(=O)c1cccc(C(=O)NC(c2ccccc2)C2CCCC2)c1,0
ZINC58312990,ChEMBL_zinc_D_7607,Cc1ccc(-c2cnc(-c3ccccc3C(=O)N3CCC(CN4CC(C)OC(C)C4)CC3)o2)cc1,0
ZINC58358227,ChEMBL_zinc_D_7608,C=CCN1C(=O)c2ccccc2NC1c1cn2ccccc2[nH+]1,0
ZINC02001656,ChEMBL_zinc_D_7609,O=C([O-])c1ccccc1NC(=O)Cc1c[nH]c2ccccc12,0
ZINC44512803,ChEMBL_zinc_D_7610,O=C(CCc1nc2ccccc2c(=O)n1C1CC1)NCCCc1ccccc1,0
ZINC64555467,ChEMBL_zinc_D_7611,Cc1cc(CNC(=O)C(C)C)on1,0
ZINC64941622,ChEMBL_zinc_D_7612,O=C(Nc1ccc(F)cc1F)c1nnc(C2CCCN2S(=O)(=O)c2ccc(F)cc2F)s1,0
ZINC02422668,ChEMBL_zinc_D_7613,CCc1ccccc1-n1cc2c(c1-c1ccc(C)cc1)c(=O)n(C)c(=O)n2C,0
ZINC05352029,ChEMBL_zinc_D_7614,CN(C)c1ccc(-c2nnc3sc(-c4cccc(N(C)C)c4)nn32)cc1,0
ZINC70731596,ChEMBL_zinc_D_7615,COc1cc(C(=O)Nc2cc(Cl)ccc2F)ccc1OC(C)C,0
ZINC70759678,ChEMBL_zinc_D_7616,CCNC(=O)N1CCN(Cc2csc(-c3cccs3)n2)CC1,0
ZINC07269138,ChEMBL_zinc_D_7617,O=C(NC1CCSc2ccccc21)C1c2ccccc2Oc2ccccc21,0
ZINC38486508,ChEMBL_zinc_D_7618,O=C(Cn1cnc2c(-c3ccc(F)cc3)csc2c1=O)N1CCCCC1,0
ZINC50005600,ChEMBL_zinc_D_7619,CC(Nc1ccc(NC(=O)c2cnn(C)c2)cc1)c1ccccc1,0
ZINC14572874,ChEMBL_zinc_D_7620,Cc1cc(NC(=O)C(C)OC(=O)c2csc(-c3ccc(C)cc3)n2)on1,0
ZINC09018345,ChEMBL_zinc_D_7621,CCc1cc(=O)[nH]c2nnc(SCC(=O)N(C)c3ccccc3)n21,0
ZINC09128056,ChEMBL_zinc_D_7622,COc1cc(N)c(Cl)cc1C(=O)OCC(=O)Nc1cc(C(F)(F)F)cc(C(F)(F)F)c1,0
ZINC69871576,ChEMBL_zinc_D_7623,Cc1ccccc1C1CCN(C(=O)NC(c2nc(C3CC3)no2)C(C)C)C1,0
ZINC69912309,ChEMBL_zinc_D_7624,Cc1noc(-c2ccc(C(=O)N3CCc4ccc(Cl)cc43)cc2)n1,0
ZINC68564478,ChEMBL_zinc_D_7625,CC(OC(=O)C(c1ccccc1)n1cccn1)c1nc2ccccc2n1C(F)F,0
ZINC68575415,ChEMBL_zinc_D_7626,O=C(NCC1CCN(c2ccccc2)C1)C(c1ccccc1)n1cccn1,0
ZINC17657681,ChEMBL_zinc_D_7627,O=C(CSc1nnc(C2COc3ccccc3O2)o1)Nc1ccc(OC(F)(F)F)cc1,0
ZINC17960455,ChEMBL_zinc_D_7628,Cc1cc(C)c(NC(=O)CNC(=O)COc2ccc(C(C)C)c(C)c2)c(C)c1,0
ZINC09056797,ChEMBL_zinc_D_7629,N#CCCN(C(=O)CSc1nnc(-c2ccco2)n1-c1ccccc1)c1ccc2c(c1)OCCO2,0
ZINC09377444,ChEMBL_zinc_D_7630,O=C(Nc1cccc(-c2nnc3n2CCCCC3)c1)C1CC(=O)N(c2ccc3c(c2)OCCO3)C1,0
ZINC70951948,ChEMBL_zinc_D_7631,Cc1onc(-c2ccccc2)c1-c1nnc(C[NH+]2CCCCC2CCO)o1,0
ZINC70967975,ChEMBL_zinc_D_7632,O=S(=O)(Cc1ccc(Cl)cc1)NCC(O)(c1ccccc1)C1CC1,0
ZINC51044259,ChEMBL_zinc_D_7633,O=C(C[NH+]1CCCC(C(=O)NC2CC2)C1)NCCc1cccc(Cl)c1Cl,0
ZINC51902441,ChEMBL_zinc_D_7634,CC1CCC[NH+](Cc2ccccc2CNC(=O)C[NH+](C)C2CC2)C1,0
ZINC58405306,ChEMBL_zinc_D_7635,Cc1nn(C)c(N2CCOCC2)c1C[NH2+]C1CCOc2ccccc21,0
ZINC35532360,ChEMBL_zinc_D_7636,CCOc1ccccc1NC(=O)CSc1nnc2n1c1ccsc1c(=O)n2CC1CCCO1,0
ZINC08738295,ChEMBL_zinc_D_7637,[O-]c1cc(-c2ccc(F)cc2)nc2nc3ccccc3n21,0
ZINC20579663,ChEMBL_zinc_D_7638,COc1ccc(Cl)cc1C(=O)Nc1nnc(C2CC(=O)N(c3ccc(C)c(Cl)c3)C2)s1,0
ZINC52007418,ChEMBL_zinc_D_7639,Cc1cn2nc(Nc3ccc(NC(=O)C(C)n4cncn4)cc3)sc2n1,0
ZINC52130338,ChEMBL_zinc_D_7640,CC(=O)Nc1cccc(CNc2nc(C)nc3sc4c(c32)CCC4)c1,0
ZINC09442550,ChEMBL_zinc_D_7641,Nn1c(Cc2cccc3ccccc32)nnc1SCC(=O)NCc1ccccc1Cl,0
ZINC09578457,ChEMBL_zinc_D_7642,O=C(COc1nncc2ccccc21)Nc1ccc2c(c1)CCC2,0
ZINC58680601,ChEMBL_zinc_D_7643,Cc1cc(N(CCC#N)C(=O)COc2cccc(C#N)c2)ccc1Cl,0
ZINC58905464,ChEMBL_zinc_D_7644,CNS(=O)(=O)c1ccc(C)c(NC(=O)Cn2ccc(C(F)(F)F)n2)c1,0
ZINC34682895,ChEMBL_zinc_D_7645,Cc1ccc(N(C(=O)c2ccc(F)cc2)C2CC[NH+](Cc3ccncc3)CC2)cc1,0
ZINC34694825,ChEMBL_zinc_D_7646,CCCn1cnc2c1c(=O)n(C1CC1)c(=O)n2-c1ccccc1OC,0
ZINC05191493,ChEMBL_zinc_D_7647,COc1ccccc1N1CC(C(=O)OC(C)C(=O)Nc2ccc(C#N)cc2)CC1=O,0
ZINC51309087,ChEMBL_zinc_D_7648,O=C(NCCCOc1ccccc1F)NCc1cscn1,0
ZINC69695373,ChEMBL_zinc_D_7649,CC(C)(C)c1cc(NC(=O)N2CCN(C(=O)CC3CCCCC3)CC2)no1,0
ZINC69740924,ChEMBL_zinc_D_7650,Cc1cc(N2CCCC(Cn3cncn3)C2)n2ncnc2n1,0
ZINC22936794,ChEMBL_zinc_D_7651,CC[NH+]1CCCC1C[NH2+]Cc1cc(Cl)c(OCc2ccc(C)cc2)c(OC)c1,0
ZINC59795168,ChEMBL_zinc_D_7652,CCOC(=O)c1sc(NC(=O)CCSc2nnc(-c3ccc(Cl)cc3)n2N)c(C#N)c1C,0
ZINC64732264,ChEMBL_zinc_D_7653,CCOC(=O)C1N=C(C)C(CCC(=O)Nc2cc(-c3cccc(F)c3)no2)=C1C,0
ZINC64786530,ChEMBL_zinc_D_7654,CCN(Cc1ccc(Cl)s1)C(=O)c1c[nH]c2ncccc12,0
ZINC32031982,ChEMBL_zinc_D_7655,CCn1c(=O)[nH]c(=O)c2c(C(=O)NCc3ccc(Cl)cc3)cc(C(C)C)nc21,0
ZINC58764674,ChEMBL_zinc_D_7656,Cc1ccc(CNC(=O)C[NH+](C)Cc2ccccc2F)cc1,0
ZINC40842793,ChEMBL_zinc_D_7657,O=C(CCn1c2ccccc2n2c(-c3ccccc3)nnc2c1=O)N1CCCc2ccccc21,0
ZINC40849575,ChEMBL_zinc_D_7658,Cc1cc(C)n(-c2nc(C)cc(SCCC(=O)NC(C)CCc3ccccc3)n2)n1,0
ZINC55755870,ChEMBL_zinc_D_7659,Cn1c(=O)c(=Cc2cnc(-c3ccccc3)nc2)sc1=C(C#N)C#N,0
ZINC56545146,ChEMBL_zinc_D_7660,CS(=O)(=O)c1ccc(NC(=O)N2CCCC2c2cccc3ccccc32)cc1,0
ZINC68791882,ChEMBL_zinc_D_7661,C=CCOC(C)C(=O)NCC(C)Cn1nc(C)cc1C,0
ZINC15499948,ChEMBL_zinc_D_7662,CC(C)CCNC(=O)CNC(=O)CNC(=O)c1ccc(Cl)cc1Cl,0
ZINC20330639,ChEMBL_zinc_D_7663,N#Cc1c(N)nc2c(c1-c1ccncc1)CCCCCC2,0
ZINC06823920,ChEMBL_zinc_D_7664,CC(=O)n1c(=O)c2ccccc2c(=O)n1-c1ccccc1,0
ZINC30775891,ChEMBL_zinc_D_7665,Cc1cccc(N2CCN(C(=O)C(NC(=O)c3ccccc3F)C(C)C)CC2)c1C,0
ZINC69041165,ChEMBL_zinc_D_7666,O=S(=O)(NCc1ccc2ccccc2c1)c1cccnc1,0
ZINC58929841,ChEMBL_zinc_D_7667,NS(=O)(=O)c1ccc(C(=O)NCc2ccc(N3CCCCCC3)[nH+]c2)cc1,0
ZINC46566380,ChEMBL_zinc_D_7668,CCOC(=O)N1CCC(NC(=O)c2nc(-c3cccs3)oc2C)CC1,0
ZINC00655248,ChEMBL_zinc_D_7669,CC(NC(=O)c1cc(Br)c(Br)s1)c1ccncc1,0
ZINC42550748,ChEMBL_zinc_D_7670,CCC(NC(=O)c1cc(Cl)ccn1)C(C)C,0
ZINC14941775,ChEMBL_zinc_D_7671,COc1ccc(OC)c(-c2nn(-c3ccccc3)cc2C(=O)NCCc2cccs2)c1,0
ZINC15071993,ChEMBL_zinc_D_7672,COc1ccc(CC2CN(C(=O)CCCc3cccs3)CCO2)cc1,0
ZINC67299671,ChEMBL_zinc_D_7673,Cc1cc2nc(SCC(=O)NC(C)c3ccccc3)n(Cc3ccco3)c(=O)c2[nH]1,0
ZINC67467856,ChEMBL_zinc_D_7674,CCn1nc(C)c(CNC(=O)N(C)C(c2ccccc2)c2ccccn2)c1C,0
ZINC08453205,ChEMBL_zinc_D_7675,Brc1ccccc1-c1nn2c(nnc2C2COc3ccccc3O2)s1,0
ZINC00800895,ChEMBL_zinc_D_7676,CCOC(=O)CSc1[nH+]c(N2CCCC2)c2c(c1C#N)CC(C)(C)OC2,0
ZINC45769584,ChEMBL_zinc_D_7677,CCC(=O)Nc1cccc(NC(=O)c2cc3ccccc3c3cccnc23)c1,0
ZINC58371539,ChEMBL_zinc_D_7678,CC(=O)NCCc1ccc(C(=O)C(C)Sc2ccc(F)cc2F)cc1,0
ZINC64793242,ChEMBL_zinc_D_7679,COc1cccc(CNC(=O)CN2c3nnnn3C(c3ccc(C)cc3)C=C2c2ccccc2)c1,0
ZINC64867673,ChEMBL_zinc_D_7680,CCc1nc2ccccc2c(=O)n1Cc1noc(-c2cccc(Br)c2)n1,0
ZINC63599666,ChEMBL_zinc_D_7681,CCS(=O)(=O)c1ccc(C(=O)N2CCC(c3ccccc3)CC2)cc1,0
ZINC63630214,ChEMBL_zinc_D_7682,COCCCc1nc(-c2ccc(NC(=O)C(C)(C)C)cc2)cs1,0
ZINC68464426,ChEMBL_zinc_D_7683,Cc1ccc(-n2cnnc2SCC(=O)NC2CCCN(CC(N)=O)C2)cc1,0
ZINC68474286,ChEMBL_zinc_D_7684,CCNS(=O)(=O)CCNC(=O)c1cc(C)c(-c2ccc(F)cc2)s1,0
ZINC49524656,ChEMBL_zinc_D_7685,Cc1ccc(C#N)cc1NC(=O)c1ccccc1Cl,0
ZINC05066989,ChEMBL_zinc_D_7686,CCn1c(=O)cc(OCC(=O)N2CCCCC2C)c2ccccc21,0
ZINC20412658,ChEMBL_zinc_D_7687,C[NH2+]C(C)c1cccc(-n2cccn2)c1,0
ZINC20599303,ChEMBL_zinc_D_7688,C[NH+]1CCN(Cc2ccccc2-c2ncc[nH]2)CC1CCO,0
ZINC47600081,ChEMBL_zinc_D_7689,CCC(CO)NC(=O)NCc1ccnc(OCc2ccccc2)c1,0
ZINC47620425,ChEMBL_zinc_D_7690,CC(C(=O)Nc1ccc(Cl)cc1F)S(=O)(=O)c1ccccn1,0
ZINC08880196,ChEMBL_zinc_D_7691,CC1CC(C)CN(S(=O)(=O)c2ccc(C(=O)N3CCN(c4nc5ccccc5s4)CC3)cc2)C1,0
ZINC08894463,ChEMBL_zinc_D_7692,CCOC(=O)c1c2ccccc2sc1NC(=O)C1CCCN1S(=O)(=O)c1ccc(C)cc1,0
ZINC67529018,ChEMBL_zinc_D_7693,COC(=O)c1cccc(NC(=O)NCc2ccccc2-n2cccn2)c1,0
ZINC67560358,ChEMBL_zinc_D_7694,CCCc1nnc(NC(=O)NCC(O)COc2c(C)cccc2C)s1,0
ZINC68183635,ChEMBL_zinc_D_7695,CCOC(=O)C1CCCN(C(=O)C(C)Sc2ncc(-c3ccccc3)o2)C1,0
ZINC68204070,ChEMBL_zinc_D_7696,O=C(NC1CCN(c2ccccc2)C1=O)C1CCN(C(=O)c2ccco2)CC1,0
ZINC09908975,ChEMBL_zinc_D_7697,Cc1ccc(S(=O)(=O)c2cnc(SCC(=O)Nc3cccc(C)c3C)nc2[O-])cc1,0
ZINC06263064,ChEMBL_zinc_D_7698,COc1ccc(NC(=O)c2ccc(OC(C)C)cc2)cc1Br,0
ZINC06811420,ChEMBL_zinc_D_7699,Cc1ccc2c(=O)cc(C(=O)N(Cc3ccco3)Cc3ccccc3)oc2c1,0
ZINC69766267,ChEMBL_zinc_D_7700,Cc1nc(C2CCN(C(=O)NC(C)c3cccc(Br)c3)CC2)no1,0
ZINC15418724,ChEMBL_zinc_D_7701,O=C(CCNS(=O)(=O)c1ccc(Cl)cc1)Nc1cccc(C(F)(F)F)c1,0
ZINC15432345,ChEMBL_zinc_D_7702,Cc1cc(C(=O)CCC(=O)Nc2cccc(S(=O)(=O)N3CCOCC3)c2)c(C)s1,0
ZINC47548699,ChEMBL_zinc_D_7703,CCC(=O)Nc1ccc(NC(=O)NCCCn2cc[nH+]c2C)cc1,0
ZINC47697523,ChEMBL_zinc_D_7704,CC(C)(CNCc1cccc(OCc2cccc(C#N)c2)c1)N1CCOCC1,0
ZINC35422267,ChEMBL_zinc_D_7705,Cc1nn(C(=O)Nc2ccc(Br)c(C)c2)c2ccccc12,0
ZINC64499653,ChEMBL_zinc_D_7706,CC(C)CNC(=O)CNC(=O)CCn1ccc2ccccc21,0
ZINC58383593,ChEMBL_zinc_D_7707,Cn1cc(S(=O)(=O)NCC(=O)Nc2cccc(-n3ccnc3)c2)cn1,0
ZINC24469874,ChEMBL_zinc_D_7708,CN(C)c1ccc(C(=O)N(Cc2cccs2)Cc2cccs2)cn1,0
ZINC65491385,ChEMBL_zinc_D_7709,C[NH+]1CCCC1CNC(=O)Nc1ccc(S(N)(=O)=O)cc1,0
ZINC56723559,ChEMBL_zinc_D_7710,CC(NC(=O)Nc1cc(F)c(N(C)C)c(F)c1)c1cccnc1,0
ZINC05988330,ChEMBL_zinc_D_7711,Cc1nc(C(=O)NCCCn2ccnc2)cc2c3ccccc3[nH]c21,0
ZINC20616488,ChEMBL_zinc_D_7712,O=C(NCCN1CCOCC1)c1ccc2nc(-c3ccco3)c(-c3ccco3)nc2c1,0
ZINC00864688,ChEMBL_zinc_D_7713,CCOC(=O)Cc1nnc2c(Nc3ccccc3C)nc3nonc3n12,0
ZINC10094724,ChEMBL_zinc_D_7714,O=C(OCCOc1ccccc1)c1ccc(NS(=O)(=O)c2ccc(F)cc2)cc1,0
ZINC00345150,ChEMBL_zinc_D_7715,O=C(Nc1cccc(NC(=O)c2ccccc2Cl)c1)c1ccco1,0
ZINC01339177,ChEMBL_zinc_D_7716,COc1ccc(N(C(=O)Cn2nnc3ccccc32)C(C(=O)NCc2ccco2)c2ccc(C)o2)cc1,0
ZINC15464528,ChEMBL_zinc_D_7717,Cc1ccc(C)c(N2CC(C(=O)n3cnc4cc(C)c(C)cc43)CC2=O)c1,0
ZINC15680298,ChEMBL_zinc_D_7718,CC(C)c1ccc(NC(=O)CNC(=O)C2(C)CN(S(C)(=O)=O)CC(=O)N2C)cc1,0
ZINC69380341,ChEMBL_zinc_D_7719,O=C(Nc1cccc(OCC(F)(F)F)c1)c1ccc(N2CCCC2)nn1,0
ZINC69428234,ChEMBL_zinc_D_7720,CC(NC(=O)c1ccc(-n2ccnc2)nc1)c1cccc(O)c1,0
ZINC69037046,ChEMBL_zinc_D_7721,CCCc1noc(C(C)N2CCN(c3ccc(Cl)cc3)CC2)n1,0
ZINC16481855,ChEMBL_zinc_D_7722,CSc1ccccc1NC(=O)C(C)N1CCN(c2cccc(Cl)c2)CC1,0
ZINC09987394,ChEMBL_zinc_D_7723,CC(C)(C)c1ccc(C(=O)NCc2ccc(S(=O)(=O)N3CCOCC3)s2)cc1,0
ZINC09978020,ChEMBL_zinc_D_7724,O=C(NCc1ccccc1OC(F)(F)F)N1CCCC(c2nc3ccccc3[nH]2)C1,0
ZINC68476550,ChEMBL_zinc_D_7725,CC(C(=O)Nc1cccc(Cn2cnc3ccccc32)c1)n1cc[nH+]c1,0
ZINC68487724,ChEMBL_zinc_D_7726,CCn1cnnc1C1CCN(C(=O)CCc2c(C)nc3cc(C)nn3c2C)CC1,0
ZINC59919868,ChEMBL_zinc_D_7727,Cc1cccc(N2CCN(C(=O)Nc3cccc(C(F)(F)F)c3)CC2C)c1,0
ZINC60015689,ChEMBL_zinc_D_7728,CC(C[NH+]1CC(C)CC(C)C1)NC(=O)c1cccc(S(=O)(=O)[N-]c2ccccc2Cl)c1,0
ZINC36248985,ChEMBL_zinc_D_7729,CCN(CC)c1onc(-c2ccc(F)cc2)c1CN(C(=O)Cc1ccccc1)C(C)C,0
ZINC36394298,ChEMBL_zinc_D_7730,COc1cc(OC)c(N2CC(C(=O)NC(C)c3ccc(NS(C)(=O)=O)cc3)CC2=O)cc1Cl,0
ZINC69069496,ChEMBL_zinc_D_7731,CCc1ccc2c(C[NH+](C)C(C)c3ccco3)cc(=O)oc2c1,0
ZINC69105244,ChEMBL_zinc_D_7732,Cc1cc(CNC(=O)NCCCc2cccc(F)c2)on1,0
ZINC68279951,ChEMBL_zinc_D_7733,O=C(CSc1nnc(NCC(F)(F)F)s1)NCc1ccccn1,0
ZINC68300634,ChEMBL_zinc_D_7734,CCC(C)C(=O)Nc1cccc(NC(=O)NCc2ccncc2)c1,0
ZINC05429248,ChEMBL_zinc_D_7735,O=C(NCCc1nnc2ccccn21)C(c1ccccc1)c1ccccc1,0
ZINC06971285,ChEMBL_zinc_D_7736,O=C(N=c1[nH]c2ccccc2[nH]1)c1ccc(-c2ccccc2Cl)o1,0
ZINC50683479,ChEMBL_zinc_D_7737,O=C(CCC(=O)c1ccc(F)cc1F)NCc1cscn1,0
ZINC51615418,ChEMBL_zinc_D_7738,CCNC(=O)c1ccc(NC(=O)N(Cc2cccc(F)c2)CC2CCCO2)cc1,0
ZINC22490682,ChEMBL_zinc_D_7739,COc1ccc(NC(=O)C2CCN(c3ccc(-c4ccccc4)nn3)CC2)cc1,0
ZINC22499464,ChEMBL_zinc_D_7740,COc1ccc(C(=O)Nc2ccc3nc(C)n(-c4ccc(F)cc4)c(=O)c3c2)c(OC)c1,0
ZINC10239484,ChEMBL_zinc_D_7741,CCOC(=O)C1CCCCN1C(=O)CSc1nnc(-c2ccccc2)n1-c1ccc(C)cc1,0
ZINC10341600,ChEMBL_zinc_D_7742,O=C(C[NH+]1CCc2sccc2C1)Nc1cc(Cl)ccc1F,0
ZINC65551276,ChEMBL_zinc_D_7743,CCCCOC(C)C(=O)Nc1cccc(OCCn2cccn2)c1,0
ZINC33164449,ChEMBL_zinc_D_7744,Cc1ccc(-c2cc(C(=O)Nc3cnc4ccccc4c3)on2)cc1,0
ZINC66974661,ChEMBL_zinc_D_7745,Cc1cnc(-c2cccc(NC(=O)NCC(O)c3ccccc3)c2)o1,0
ZINC66989562,ChEMBL_zinc_D_7746,O=C(Nc1cccc(CNCc2cnc(-c3ccccc3)s2)c1)C1CCCO1,0
ZINC68531642,ChEMBL_zinc_D_7747,N#Cc1ccc(N2CCCC(NC(=O)c3n[nH]c(=O)c4ccccc43)C2)c(F)c1,0
ZINC68570891,ChEMBL_zinc_D_7748,CCCc1noc(CCCC(=O)NCc2cn3c(cccc3C)[nH+]2)n1,0
ZINC65623409,ChEMBL_zinc_D_7749,CC(=O)N1c2ccccc2CC1C(=O)Nc1ccc2ccccc2n1,0
ZINC65665858,ChEMBL_zinc_D_7750,COC(=O)C(COC(=O)Cc1nc(-c2ccccc2)oc1C)Cc1ccccc1,0
ZINC67251781,ChEMBL_zinc_D_7751,CCOc1ccc(C2(CNCc3cccc(F)c3)CCOCC2)cc1,0
ZINC67260446,ChEMBL_zinc_D_7752,Cc1cc(N(C)C)ccc1NC(=O)N1CCCC1c1cccc2c1OCCO2,0
ZINC48632368,ChEMBL_zinc_D_7753,[NH3+]Cc1cccc(C(=O)OCc2ccccc2)c1,0
ZINC48743812,ChEMBL_zinc_D_7754,COc1cccc(C[NH2+]Cc2ccc(N3CCc4ccccc4C3)nc2)c1,0
ZINC66397922,ChEMBL_zinc_D_7755,Cc1ccccc1C(C#N)NC(=O)Cc1csc(NC(=O)C(C)C)n1,0
ZINC66427844,ChEMBL_zinc_D_7756,Cc1ccc(C(C)C)c(OCC(=O)NCc2nc(-c3cccs3)n[nH]2)c1,0
ZINC35311279,ChEMBL_zinc_D_7757,COc1cccc2cc(C(=O)Nc3cccc(-c4cn5ccccc5n4)c3)c(=O)oc21,0
ZINC35360472,ChEMBL_zinc_D_7758,CCc1ccc2c(c1)C1OCCCC1C(c1ccc(F)cc1)N2,0
ZINC08855677,ChEMBL_zinc_D_7759,Cc1ccc(C(=O)Nc2cccc(C(=O)NC3CC3)c2)cc1S(=O)(=O)NCc1ccccc1,0
ZINC08933637,ChEMBL_zinc_D_7760,Cc1nn(-c2ccccc2)c(-n2cccc2)c1C(=O)N1CCC(C(=O)NCc2ccccc2)CC1,0
ZINC70928936,ChEMBL_zinc_D_7761,COc1cccc(NC(=O)NCC2CCN(c3cc[nH+]cc3)CC2)c1OC,0
ZINC71039862,ChEMBL_zinc_D_7762,CCc1nc(C)c(C(=O)Nc2ccn(-c3ccncc3)n2)s1,0
ZINC52187800,ChEMBL_zinc_D_7763,C[NH+](CC(=O)Nc1ccccc1)Cc1ccn(-c2ccccc2)n1,0
ZINC45187044,ChEMBL_zinc_D_7764,COc1ccc2nccc(C(O)C[NH+]3CCC(NCCOc4ccncc4)CC3)c2c1,0
ZINC65566192,ChEMBL_zinc_D_7765,Cc1cc(Oc2ncccn2)ccc1NC(=O)C1CC1c1ccc(F)cc1,0
ZINC65579205,ChEMBL_zinc_D_7766,COc1ccc(Cl)cc1NC(=O)COc1ccc(CC(N)=O)cc1,0
ZINC15712860,ChEMBL_zinc_D_7767,COc1ccc(S(=O)(=O)N2CCN(C(=O)c3csc(-c4ccc(F)cc4)n3)CC2)cc1,0
ZINC15776530,ChEMBL_zinc_D_7768,COc1ccc(OC)c(CCNC(=O)CCc2nnc3ccc(NCc4ccc(Cl)cc4)nn32)c1,0
ZINC35098838,ChEMBL_zinc_D_7769,CCC(NC(=O)c1cnccn1)C(=O)[O-],0
ZINC35413550,ChEMBL_zinc_D_7770,CS(=O)(=O)c1ccc(Cl)c(NC(=O)CN2CCN(C(=O)c3cccs3)CC2)c1,0
ZINC72021625,ChEMBL_zinc_D_7771,O=C(CCc1ccccc1O)N1CCCC1Cc1ccccc1Cl,0
ZINC72062227,ChEMBL_zinc_D_7772,O=C(NCCCn1cc[nH+]c1)Nc1cccc(C(=O)N2CCc3ccccc32)c1,0
ZINC06742809,ChEMBL_zinc_D_7773,COc1ccccc1-n1nnc2c(sc3nc(C)cc(C)c32)c1=O,0
ZINC69306707,ChEMBL_zinc_D_7774,CC(NC(=O)NC1CC(C)c2ccccc21)c1nc(-c2ccc(F)cc2)no1,0
ZINC10244287,ChEMBL_zinc_D_7775,Cc1ccc(CNC(=O)CSc2nncn2-c2ccccc2C)cc1,0
ZINC06764900,ChEMBL_zinc_D_7776,Cc1ccccc1-n1ncc(C(=O)NCc2ccco2)c1C(F)(F)F,0
ZINC69065675,ChEMBL_zinc_D_7777,CCOc1ccc(C(C)NC(=O)NC2CCN(c3ccccc3)C2=O)cc1OC,0
ZINC69170198,ChEMBL_zinc_D_7778,COc1cc(C[NH2+]C(c2nc(-c3cccnc3)no2)C(C)C)cc2c1OCO2,0
ZINC47163598,ChEMBL_zinc_D_7779,Cc1cc(C)n(CC(=O)NCCNc2ncc(Cl)cc2Cl)n1,0
ZINC04894895,ChEMBL_zinc_D_7780,CC(=O)N1CCN(c2ncnc3c(-c4ccccc4)nsc32)CC1,0
ZINC65266461,ChEMBL_zinc_D_7781,CCOC(=O)CN(Cc1ccc(F)cc1)S(=O)(=O)c1c(C)nn(C)c1C,0
ZINC65274355,ChEMBL_zinc_D_7782,CCCCN(C)C(=O)c1cn2ccnc(-c3ccccc3)c2n1,0
ZINC65209461,ChEMBL_zinc_D_7783,O=C(NC(c1nnc(N2CCCC2)o1)c1ccccc1)c1ccc(F)c(F)c1,0
ZINC65236520,ChEMBL_zinc_D_7784,COc1cccc(-c2nc(-c3nnn(Cc4ccc(F)cc4)c3C)no2)c1,0
ZINC66376596,ChEMBL_zinc_D_7785,Cc1ccccc1-n1cc(C(=O)NC(C)Cn2cncn2)cn1,0
ZINC66397000,ChEMBL_zinc_D_7786,CC1Oc2c(cccc2C(=O)NC(C#N)c2ccc(C(C)(C)C)cc2)NC1=O,0
ZINC44631348,ChEMBL_zinc_D_7787,CC(Oc1ccccc1)C(=O)Nc1cccc(NC(=O)C2CC2)c1,0
ZINC69571338,ChEMBL_zinc_D_7788,CC(C)(C)OC(=O)Nc1cc(NC(=O)CCn2cccn2)ccc1F,0
ZINC19015279,ChEMBL_zinc_D_7789,C=CCN1CCN(C(=O)c2ccccn2)CC(Cc2ccc(-c3cccnc3)cc2)C1=O,0
ZINC19162483,ChEMBL_zinc_D_7790,O=C(Nc1cccc(S(=O)(=O)N2CCOCC2)c1)c1ccc(-c2ccccc2F)o1,0
ZINC34898470,ChEMBL_zinc_D_7791,CC12CC(CC(C)(C)C1)N(C(=O)c1cn3c(n1)CCC(c1ccc(F)cc1)C3)C2,0
ZINC38511983,ChEMBL_zinc_D_7792,COc1ccc(C)cc1Nc1nc(C(=O)Nc2ccc3c(c2)OCO3)cs1,0
ZINC27917241,ChEMBL_zinc_D_7793,Cc1cc(C)nc(SCC(=O)Nc2ccccc2C(=O)N2CCCCC2)n1,0
ZINC06638596,ChEMBL_zinc_D_7794,Cc1cc(C(=O)Nc2ccc3c(c2)-c2ccccc2C3)no1,0
ZINC58516636,ChEMBL_zinc_D_7795,O=C(NCc1sccc1Br)Nc1ccccc1F,0
ZINC69706190,ChEMBL_zinc_D_7796,Cn1cc(-c2ncc(C(=O)NC(C)(C#N)CCc3ccccc3)s2)cn1,0
ZINC41126157,ChEMBL_zinc_D_7797,COc1cc(C)c(C(=O)Nc2ccc(N3CCOCC3)cc2)cc1OC,0
ZINC41246917,ChEMBL_zinc_D_7798,O=C(C(Cc1ccccc1)NS(=O)(=O)Cc1ccccc1)N1CCCC1,0
ZINC67094312,ChEMBL_zinc_D_7799,O=C(COc1ccccc1Cl)NC1CC1c1cccc(F)c1,0
ZINC67132065,ChEMBL_zinc_D_7800,CNC(=O)c1ccc(NC(=O)CNC(c2ccccc2)c2ccc(C)cc2)cc1,0
ZINC54481971,ChEMBL_zinc_D_7801,O=C(NCCCCn1cc[nH+]c1)Nc1ccc[nH+]c1N1CCOCC1,0
ZINC55249243,ChEMBL_zinc_D_7802,CC[NH+]1CCN(Cc2ccccc2CNC(=O)CCc2nccs2)CC1,0
ZINC43046800,ChEMBL_zinc_D_7803,CCN1CC(C(=O)NC2CCN(C(=O)C3CCCCC3)CC2)CC1=O,0
ZINC02943373,ChEMBL_zinc_D_7804,O=C(NC1CC1)C1CC(=O)N(C2CCCCCC2)C1,0
ZINC64907356,ChEMBL_zinc_D_7805,CC(NC(=O)C(c1ccccc1)n1cccn1)c1ccc(C#N)cc1,0
ZINC64929056,ChEMBL_zinc_D_7806,COc1ccccc1NC(=O)C1CCCN(c2ccnc(-c3cccc(F)c3)n2)C1,0
ZINC22620396,ChEMBL_zinc_D_7807,CC1CN(S(=O)(=O)c2cc(C(=O)N3CCCC3)ccc2Cl)CC(C)O1,0
ZINC22835855,ChEMBL_zinc_D_7808,Cc1ccc(S(=O)(=O)N2CCC(C(=O)NCC3CCCO3)CC2)c(C)c1,0
ZINC66461261,ChEMBL_zinc_D_7809,CNC(=O)CN(C(=O)c1sc(-c2ccsc2)nc1C)c1cccc(F)c1,0
ZINC66515420,ChEMBL_zinc_D_7810,Cc1csc(=O)n1CCC(=O)NC(C)(C)Cc1ccc(Br)cc1,0
ZINC69122179,ChEMBL_zinc_D_7811,COC(=O)CCCCNC(=O)NC(C)Cc1cccc(Cl)c1,0
ZINC69276324,ChEMBL_zinc_D_7812,Cc1nccc(CNC(=O)NC2CCc3c2cccc3Br)n1,0
ZINC58274402,ChEMBL_zinc_D_7813,C[NH+](CCCNC(=O)CCNc1ccccc1)CC(F)(F)F,0
ZINC59407621,ChEMBL_zinc_D_7814,COc1ccc(NC(=O)C[NH+]2CCCC2c2cccc(Br)c2)cc1,0
ZINC51101758,ChEMBL_zinc_D_7815,CC(C)S(=O)(=O)NCC1CCC[NH+](CC(=O)NC2CCCC(C)C2C)C1,0
ZINC51339409,ChEMBL_zinc_D_7816,CC(C)(CNC(=O)NCCc1nccs1)N1CCOCC1,0
ZINC72085753,ChEMBL_zinc_D_7817,Cc1ccc(NC(=O)NC2CCCCC2C)cc1OCC(F)F,0
ZINC72151754,ChEMBL_zinc_D_7818,Cn1cc2ncn(C(c3[nH+]ccn3C)C3CC3)c(=O)c2n1,0
ZINC68306253,ChEMBL_zinc_D_7819,CCN(C(=O)CCC(=O)N1CCSc2ccccc21)c1ccc(OC)nc1,0
ZINC68345127,ChEMBL_zinc_D_7820,Cc1ccc(S(=O)(=O)N2CCCC(C(=O)Oc3ccc(C)nc3)C2)s1,0
ZINC09645718,ChEMBL_zinc_D_7821,O=C(CSc1nnnn1-c1cccc(F)c1)NC(c1ccccc1)c1ccccc1,0
ZINC09661173,ChEMBL_zinc_D_7822,Cc1cc(NC(=O)CC2CCCCC2)n(-c2ncnc3c2cnn3-c2ccc(F)cc2)n1,0
ZINC63092243,ChEMBL_zinc_D_7823,CCCCC(CC)CNC(=O)C(C)NS(C)(=O)=O,0
ZINC58503919,ChEMBL_zinc_D_7824,CCCC(=O)NCC(=O)NCC[NH+](C(C)C)C(C)C,0
ZINC04179532,ChEMBL_zinc_D_7825,O=C([O-])C1CC=CCC1C(=O)N1CC[NH+](CC=Cc2ccccc2)CC1,0
ZINC08922071,ChEMBL_zinc_D_7826,O=C(Nc1nnc(Cc2ccc(F)cc2)o1)C1CCCN(S(=O)(=O)c2cccs2)C1,0
ZINC40858487,ChEMBL_zinc_D_7827,CCOC(=O)c1cccc(NC(=O)C2CCN(c3nccc(-c4ccccc4)n3)CC2)c1,0
ZINC40967466,ChEMBL_zinc_D_7828,CCOc1ccc(-c2nc(C[NH+]3CCN(C(=O)c4ccc(OC)c(OC)c4)CC3)c(C)o2)cc1OC,0
ZINC67335012,ChEMBL_zinc_D_7829,Nc1c(C(=O)NCC2CC2)nsc1C(=O)NCc1ccccc1F,0
ZINC67511775,ChEMBL_zinc_D_7830,O=C(CCNS(=O)(=O)c1ccccc1F)NC1CC1c1ccccc1,0
ZINC00428777,ChEMBL_zinc_D_7831,COc1ccc(-c2nc3ncccn3c2Nc2ccccc2C)cc1,0
ZINC45693686,ChEMBL_zinc_D_7832,COc1ccc(C(NC(=O)Nc2ccc(F)c(C(N)=O)c2)c2ccccc2)cc1,0
ZINC42122666,ChEMBL_zinc_D_7833,CC(C)(C)OC(=O)CC[NH+]1CCC(NS(=O)(=O)c2ccccc2)CC1,0
ZINC43229569,ChEMBL_zinc_D_7834,C[NH+]1CCN(c2ccccc2NC(=O)N2CCc3ccccc32)CC1,0
ZINC47465675,ChEMBL_zinc_D_7835,CC(C)(C)C1CCC(C(=O)NCCCn2cc[nH+]c2)CC1,0
ZINC68492249,ChEMBL_zinc_D_7836,CCCC(C)N1CC(C(=O)NCC2CC[NH+](CCOC)C2)CC1=O,0
ZINC66439806,ChEMBL_zinc_D_7837,CCOCCN(Cc1ccc(C(=O)OC)o1)C(=O)c1ccnc(N(C)C)c1,0
ZINC66490888,ChEMBL_zinc_D_7838,Cc1ccccc1-c1nc(C(=O)NCC(=O)N(C)CCc2ccccn2)cs1,0
ZINC65283723,ChEMBL_zinc_D_7839,O=C(Nc1cccn2nc(C3CCC3)nc12)c1ccc(F)cc1,0
ZINC51384568,ChEMBL_zinc_D_7840,CC(C)CC(=O)N1CCC(NC(=O)CCCOc2ccccc2F)CC1,0
ZINC55154065,ChEMBL_zinc_D_7841,CCCCC(=O)Nc1cc(NC(=O)C(C)NS(C)(=O)=O)ccc1OC,0
ZINC55268040,ChEMBL_zinc_D_7842,CC(C)N(Cc1cccnc1)S(=O)(=O)c1ccc(Cl)cc1F,0
ZINC09723350,ChEMBL_zinc_D_7843,COCCn1c2ccc(S(N)(=O)=O)cc2sc1=NC(=O)c1ccc(Br)s1,0
ZINC09877303,ChEMBL_zinc_D_7844,CCn1c(SCc2cccc(Cl)c2)nnc1-c1nonc1NC(C)=O,0
ZINC48374151,ChEMBL_zinc_D_7845,N#CCCNC(=O)C[NH+]1CCCC1,0
ZINC50400905,ChEMBL_zinc_D_7846,CC1Oc2ccccc2OC1C(=O)N(C)C(C1CC1)C1CC1,0
ZINC70689795,ChEMBL_zinc_D_7847,Cc1ccc(S(=O)(=O)N2CCCCC2C)cc1C(=O)N(CC(N)=O)C(C)C,0
ZINC70782172,ChEMBL_zinc_D_7848,CCN(CC)S(=O)(=O)c1ccc(CNC(=O)C(C)OCCC(C)C)cc1,0
ZINC64541240,ChEMBL_zinc_D_7849,COc1ccc(CNC(=O)C(C)C2CCN(C(=O)C3C=c4cc(Cl)ccc4=[NH+]3)CC2)c(OC)c1,0
ZINC64547390,ChEMBL_zinc_D_7850,CC(C)CCOc1cccc(NC(=O)NCc2ccncc2)c1,0
ZINC68170831,ChEMBL_zinc_D_7851,CC(c1cccnc1)N(C)C(=O)C1(C)Cc2ccccc2C(=O)O1,0
ZINC68180800,ChEMBL_zinc_D_7852,Cc1nn(Cc2ccccc2)c(Cl)c1C(=O)NCCCc1cccc(F)c1,0
ZINC58274746,ChEMBL_zinc_D_7853,CCCNC(=O)NC(C)(C)C(=O)NCCC[NH+](C)CC(F)(F)F,0
ZINC59002319,ChEMBL_zinc_D_7854,C[NH+](C)CCN(Cc1ccc(F)cc1)C(=O)CCNC(=O)c1ccco1,0
ZINC68542937,ChEMBL_zinc_D_7855,CC1CN(C(=O)NCC2CCCCC2)CC(C)(C)O1,0
ZINC68557348,ChEMBL_zinc_D_7856,COC(=O)NC1(C(=O)NCCOCC2CCOC2)CCCC1,0
ZINC11468220,ChEMBL_zinc_D_7857,CCCc1n[nH]c(SCC(=O)NC(c2cccs2)c2ccc(F)cc2)n1,0
ZINC03501760,ChEMBL_zinc_D_7858,CCn1c(SCC(=O)NC(C)c2ccc(Cl)cc2Cl)nnc1-c1ccncc1,0
ZINC11022773,ChEMBL_zinc_D_7859,C=CCn1c2nnc(SC(C)C(=O)N3CC(C)CC(C)C3)n2c2ccccc2c1=O,0
ZINC11702585,ChEMBL_zinc_D_7860,CC(C)n1cc(C[NH+](C)CC2CCC[NH+](CCc3ccc(Cl)cc3)C2)cn1,0
ZINC68943150,ChEMBL_zinc_D_7861,O=S(=O)(Cc1ccccc1F)NCCOCC1CCOC1,0
ZINC68963022,ChEMBL_zinc_D_7862,CC(C)C(C)[NH+]1Cc2cccc(NCC(=O)NC(C)c3ccco3)c2C1,0
ZINC09316990,ChEMBL_zinc_D_7863,CCc1ccc(C(=O)c2c(N)c(C(=O)Nc3ccccc3F)c3ccccn32)cc1,0
ZINC09023185,ChEMBL_zinc_D_7864,CC(OC(=O)c1ccccc1NCc1ccco1)C(=O)NC1(C#N)CCCCC1,0
ZINC17064518,ChEMBL_zinc_D_7865,O=C(NCc1cccc(C(F)(F)F)c1)C12CC3CC(CC(C3)C1)C2,0
ZINC18700368,ChEMBL_zinc_D_7866,CCCNC(=O)C(C)NC(=O)c1ccc(S(=O)(=O)C(F)F)cc1,0
ZINC55222425,ChEMBL_zinc_D_7867,CCc1nc(CC(=O)Nc2cccc(NC(=O)C(C)C)c2)cs1,0
ZINC65725237,ChEMBL_zinc_D_7868,CCC(OC)C(=O)N(Cc1ccco1)c1ccccc1F,0
ZINC43950638,ChEMBL_zinc_D_7869,CC(=O)Nc1ccc(NC(=O)NC2CCCCC2C)c(C(F)(F)F)c1,0
ZINC45538432,ChEMBL_zinc_D_7870,CC[NH+](CC)C(CNC(=O)N1CCn2cccc2C1C)CC(C)C,0
ZINC12660089,ChEMBL_zinc_D_7871,CCC(C)C(NC(=O)c1ccc(Cl)cc1)C(=O)OCC(=O)Nc1ccc(C(N)=O)cc1,0
ZINC14623580,ChEMBL_zinc_D_7872,CCCCn1c(N)c(N(CCC(C)C)C(=O)CC(C)(C)C)c(=O)[nH]c1=O,0
ZINC52072543,ChEMBL_zinc_D_7873,CC[NH+](CCC(=O)Nc1ccccc1Cl)CC1CCOC1,0
ZINC52661871,ChEMBL_zinc_D_7874,CC(C(=O)NCCc1ccccc1)N1CCN(Cc2cccs2)CC1,0
ZINC01068065,ChEMBL_zinc_D_7875,COc1cc(NC(=O)COc2ccc(Cl)cc2)ccc1NC(=O)c1cccs1,0
ZINC42977440,ChEMBL_zinc_D_7876,C=CCn1c(C)nnc1SC(C(=O)NC(C)CCc1ccccc1)C(C)C,0
ZINC67305206,ChEMBL_zinc_D_7877,Cc1cc(OCC(=O)NC(C)c2c(C)nn(C)c2C)no1,0
ZINC67583571,ChEMBL_zinc_D_7878,Cc1cccc(C)c1OCC(O)CNC(=O)Nc1ccc(N2CCOC2=O)cc1,0
ZINC04033072,ChEMBL_zinc_D_7879,COc1ccc(C(=O)Nc2cc(-c3cn4cccnc4n3)ccc2C)cc1,0
ZINC35670704,ChEMBL_zinc_D_7880,Cc1cc(C)n(Cn2ccc(C(=O)NCC3CCCO3)n2)n1,0
ZINC10024992,ChEMBL_zinc_D_7881,CCOc1cccc2sc(=NC(=O)CS(=O)(=O)c3ccc(OC)cc3)n(CC)c21,0
ZINC23173644,ChEMBL_zinc_D_7882,CN(CC(=O)OCc1cn(-c2ccccc2)nc1-c1ccccc1)c1ncccn1,0
ZINC48482554,ChEMBL_zinc_D_7883,Nc1c(Cl)cc(NC(=O)COCC(F)(F)F)cc1Cl,0
ZINC48624932,ChEMBL_zinc_D_7884,Cc1csc(C(C#N)C(=O)CCc2cnn(C)c2)n1,0
ZINC58180153,ChEMBL_zinc_D_7885,COCCOc1ccc(CNC(=O)c2ccc(Cl)c(S(C)(=O)=O)c2)cc1,0
ZINC58690424,ChEMBL_zinc_D_7886,CCC(NC(=O)CCn1c(=O)[nH]c(=O)c2ccccc21)c1cccc(Cl)c1,0
ZINC09017428,ChEMBL_zinc_D_7887,COc1ccc(C)cc1NC(=O)CS(=O)(=O)c1ncc(-c2ccccc2)n1C,0
ZINC09039100,ChEMBL_zinc_D_7888,COc1ccc(N2CC(CNC(=O)Nc3cccc(Cl)c3)CC2=O)cc1,0
ZINC64996138,ChEMBL_zinc_D_7889,CCOCCOC(C)C(=O)N1CCCC(C(=O)NC2CC2)C1,0
ZINC65098532,ChEMBL_zinc_D_7890,CCC1CCCCN1S(=O)(=O)c1cc(-c2nnc(C)o2)cs1,0
ZINC66434636,ChEMBL_zinc_D_7891,CCOc1ccccc1OC1CC[NH+](C(C)C(=O)NC(C)CC)CC1,0
ZINC66470075,ChEMBL_zinc_D_7892,CCCC(NC(=O)C(C)N(C)CC(C)C#N)c1ccccc1,0
ZINC15833101,ChEMBL_zinc_D_7893,Cc1c(C(=O)N2CC[NH+](CCc3ccncc3)CC2)oc2cc(C)cc(C)c12,0
ZINC15841933,ChEMBL_zinc_D_7894,Cc1ccc2cc3c(nc2c1)N(C(=O)COc1ccccc1)CC3,0
ZINC41979327,ChEMBL_zinc_D_7895,CCCC(C)C(=O)NCCNC(=O)C1CC1,0
ZINC71800291,ChEMBL_zinc_D_7896,COc1cc(C(=O)NC(C)c2nc3ccccc3[nH]2)ccc1OC(F)F,0
ZINC08253211,ChEMBL_zinc_D_7897,CCOCCC[NH2+]Cc1ccccc1,0
ZINC08932861,ChEMBL_zinc_D_7898,COc1cc(CC[NH2+]Cc2c(C)n(Cc3ccc(Cl)cc3)c(C)c2C(=O)[O-])cc(OC)c1OC,0
ZINC44644959,ChEMBL_zinc_D_7899,CC1CCCC(N2C(=O)c3ccccc3S2(=O)=O)C1C,0
ZINC48960666,ChEMBL_zinc_D_7900,CC1CC(C)CN(C(=O)Nc2cn[nH]c2)C1,0
ZINC20668257,ChEMBL_zinc_D_7901,CC(NC(=O)c1ccco1)C(=O)N1CCN(C(c2ccccc2)c2ccccc2)CC1,0
ZINC09662404,ChEMBL_zinc_D_7902,CS(=O)(=O)c1ccc(Cl)c(NC(=O)COC(=O)C23CC4CC(CC(C4)C2)C3)c1,0
ZINC41469003,ChEMBL_zinc_D_7903,O=C(NCCS(=O)(=O)N1CCc2ccccc21)c1ccccn1,0
ZINC00130193,ChEMBL_zinc_D_7904,CCN(CC)C(=O)c1ccccc1NC(=O)c1ccccc1Cl,0
ZINC58771805,ChEMBL_zinc_D_7905,COc1cc(CN(C)C(=O)C(C)(C)Oc2ccc(Cl)cc2)ccc1SC,0
ZINC07242847,ChEMBL_zinc_D_7906,CNS(=O)(=O)c1cc(NC(=O)c2oc3ccccc3c2COC)ccc1C,0
ZINC69720674,ChEMBL_zinc_D_7907,O=C(CNC(=O)NCC1(c2ccc(F)cc2)CC1)NCCc1ccccc1,0
ZINC69768176,ChEMBL_zinc_D_7908,COCCN(Cc1cccnc1)C(=O)NCc1ccc(N(C)C)[nH+]c1,0
ZINC66508139,ChEMBL_zinc_D_7909,CN1CC(C(=O)NCC2(c3ccc(Cl)cc3)CC2)CC1=O,0
ZINC66538721,ChEMBL_zinc_D_7910,COC(=O)c1cn(C2CCCCC2OC(=O)c2ccc(C)c(OC)c2)nn1,0
ZINC64554277,ChEMBL_zinc_D_7911,O=C(NC1CCCC1)NC1CCN(C(=O)C2CCCC2)C1,0
ZINC51055765,ChEMBL_zinc_D_7912,C=CCNC(=O)C[NH+]1CCCC(C(=O)NC(C)CCC)C1,0
ZINC16159317,ChEMBL_zinc_D_7913,COC(=O)C(N)CC(F)(F)F,0
ZINC16740355,ChEMBL_zinc_D_7914,CN1CCN(S(=O)(=O)c2ccc(NC(=O)c3cccc(C(F)(F)F)c3)cc2)CC1,0
ZINC55624498,ChEMBL_zinc_D_7915,CCOc1ccccc1CCC(=O)NCc1ccc(Cn2ccccc2=O)cc1,0
ZINC65736775,ChEMBL_zinc_D_7916,CCOc1ccc(OC(=O)c2ccc(-c3ccncc3)[nH]c2=O)cc1,0
ZINC04162780,ChEMBL_zinc_D_7917,Cc1ccccc1NC(=O)CN1c2ccccc2SC(c2ccco2)CC1=O,0
ZINC10507340,ChEMBL_zinc_D_7918,COc1cc(-c2ccc(SCC(=O)Nc3ccccc3)nn2)cc(OC)c1OC,0
ZINC68121784,ChEMBL_zinc_D_7919,CSc1ccc(C(=O)NC(C)C#N)cn1,0
ZINC68293513,ChEMBL_zinc_D_7920,CCN(CC)C(=O)N1CCC(C(=O)NCCN2c3ccccc3CC2C)CC1,0
ZINC57709338,ChEMBL_zinc_D_7921,CC(CNC(=O)c1cccc(OCc2cccs2)c1)[NH+](C)C1CC1,0
ZINC68235596,ChEMBL_zinc_D_7922,C=CCNS(=O)(=O)c1cc(C(=O)Nc2ccnn2C(C)C)ccc1F,0
ZINC09687990,ChEMBL_zinc_D_7923,Cc1nc2nc(N)nn2c(C)c1CCC(=O)Nc1nc(-c2ccc(Cl)cc2)cs1,0
ZINC10155233,ChEMBL_zinc_D_7924,CCC(Oc1ccccc1)C(=O)Nc1cccc(OCCOC)c1,0
ZINC05337109,ChEMBL_zinc_D_7925,CCC(Sc1ccccc1)c1ccc(OC)c(OC)c1,0
ZINC02206056,ChEMBL_zinc_D_7926,Cc1ccc2nc3c(cc(C(=O)NCC(C)C)n3C)c(=O)n2c1,0
ZINC01655053,ChEMBL_zinc_D_7927,Cc1ccc(S(=O)(=O)NC(=O)NC(Cc2c[nH]c3ccccc23)C(=O)[O-])cc1,0
ZINC00713404,ChEMBL_zinc_D_7928,Cc1ccc(S(=O)(=O)Nc2ccc(S(=O)(=O)Nc3nccc(C)n3)cc2)cc1,0
ZINC46334032,ChEMBL_zinc_D_7929,Cc1c(C(=O)NCCNS(C)(=O)=O)cnn1-c1ccccn1,0
ZINC46435753,ChEMBL_zinc_D_7930,CCc1ccc(C(=O)Nc2ccc(NC(=O)c3ccco3)cc2C(F)(F)F)o1,0
ZINC58340967,ChEMBL_zinc_D_7931,CC(C)C(CNC(=O)c1cnc(N)c(Cl)c1)[NH+]1CCC(C)CC1,0
ZINC58827779,ChEMBL_zinc_D_7932,Cc1ccc(OC(C)C(=O)OCCOC(C)C)cc1,0
ZINC02572469,ChEMBL_zinc_D_7933,CCC([NH3+])(C(=O)[O-])c1ccc(C(=O)[O-])cc1,0
ZINC02332420,ChEMBL_zinc_D_7934,COC(=O)c1[nH]c2ccc(C)cc2c1NC(=O)Nc1ccc(OC)cc1,0
ZINC69343776,ChEMBL_zinc_D_7935,CC(OCC1CCCCO1)C(=O)C(C#N)c1nc2ccccc2s1,0
ZINC69355465,ChEMBL_zinc_D_7936,C=CCCOC(C)C(=O)NC1(C(=O)OCC)CCCCC1,0
ZINC38562327,ChEMBL_zinc_D_7937,COc1ccc(NC(=O)NCCC2CCCCN2S(=O)(=O)c2cccs2)cc1,0
ZINC38568269,ChEMBL_zinc_D_7938,COc1ccc(CNC(=O)N2CCC3(CC2)OCCN3S(=O)(=O)c2ccc(F)cc2)cc1,0
ZINC07778016,ChEMBL_zinc_D_7939,CCC(C)c1ccccc1N1CC(C(=O)Nc2cccc(C(=O)NC)c2)CC1=O,0
ZINC07845715,ChEMBL_zinc_D_7940,CNC(=O)c1ccc(CN(C)C(=O)c2ccc(Br)o2)cc1,0
ZINC67279934,ChEMBL_zinc_D_7941,CCCNC(=O)c1ccc(NC(=O)NCc2c(C)nn(CC)c2C)cc1,0
ZINC67286670,ChEMBL_zinc_D_7942,CN(Cc1ccccc1O)C(=O)Nc1ccc(-n2cccn2)c(Cl)c1,0
ZINC48302089,ChEMBL_zinc_D_7943,NC(=O)c1ccc(S(=O)(=O)N2CCCC(C(N)=O)C2)cc1,0
ZINC64507962,ChEMBL_zinc_D_7944,COCC[NH+](CCCN1CCCC1=O)Cc1cccs1,0
ZINC68155386,ChEMBL_zinc_D_7945,Cc1nn(C)cc1C(C)NC(=O)C1(c2ccc(F)cc2)CC1,0
ZINC68208753,ChEMBL_zinc_D_7946,CCc1nnc(NC(=O)c2cc(F)ccc2NC(=O)C2CC2C)s1,0
ZINC65801798,ChEMBL_zinc_D_7947,CCOC(=O)Nc1cccc(NC(=O)CCOc2ccc3ccccc3c2)c1C,0
ZINC65824267,ChEMBL_zinc_D_7948,CCCNC(=O)c1ccc(NC(=O)Cn2cccn2)cc1Cl,0
ZINC65697915,ChEMBL_zinc_D_7949,CCOC(=O)CC(NC(=O)NCCNC(=O)c1cccc(C)c1)c1ccccc1,0
ZINC66089908,ChEMBL_zinc_D_7950,CCC(C)NC(=O)c1cccc(NC(=O)CNc2ccc(C(=O)NCC3CCCO3)cc2)c1,0
ZINC20634969,ChEMBL_zinc_D_7951,Cc1cc(=O)n2c3ccccc3nc2n1CC(=O)N1CCCCC1,0
ZINC20649980,ChEMBL_zinc_D_7952,Cc1c(C(=O)NCC(c2ccco2)N2CCOCC2)oc2cc(C)cc(C)c12,0
ZINC66406123,ChEMBL_zinc_D_7953,Cc1oc(-c2ccccc2)nc1CC(=O)NC(C#N)c1ccccc1C,0
ZINC66456278,ChEMBL_zinc_D_7954,COc1cccc(C(=O)NC(C)CN(C)c2ccccc2)c1,0
ZINC68366639,ChEMBL_zinc_D_7955,CCC(C)NC(=O)C(C)NCc1cc(Br)c2c(c1)OCCCO2,0
ZINC68373784,ChEMBL_zinc_D_7956,Cc1ccc(C)c(C(C)NC(=O)NC(C)C(=O)NCc2ccco2)c1,0
ZINC66806571,ChEMBL_zinc_D_7957,CCN(C(=O)c1ccc(OC)c(OC(F)F)c1)C(C)Cc1ccc(OC)cc1,0
ZINC66816565,ChEMBL_zinc_D_7958,CC(C)NC(=O)c1cccc(CNc2ncnc3cccc(F)c32)c1,0
ZINC63743442,ChEMBL_zinc_D_7959,Cc1ccc(C(=O)NC2Nc3cc([N-]S(=O)(=O)c4c[nH+]c[nH]4)ccc3S2)cc1,0
ZINC63768058,ChEMBL_zinc_D_7960,CC1CCC(C(N)=O)CN1C(=O)c1ccc(SCc2cccnc2)cc1,0
ZINC69044939,ChEMBL_zinc_D_7961,CCNS(=O)(=O)CCNC(=O)NCCCOC(C)c1ccccc1,0
ZINC69065476,ChEMBL_zinc_D_7962,CCCOc1ccc(CNC(=O)NCCOCC2CCOC2)cc1OC,0
ZINC05971813,ChEMBL_zinc_D_7963,CCc1cccc(C)c1NC(=O)CSc1nc(-c2ccccc2)cs1,0
ZINC33726441,ChEMBL_zinc_D_7964,CC[NH+]1CCN(c2ccc(NC(=O)CSc3nnc(-c4cccc(OC)c4)o3)cc2)CC1,0
ZINC68501873,ChEMBL_zinc_D_7965,COc1cc(NC(=O)C2CC2c2cccc(F)c2)ccc1S(N)(=O)=O,0
ZINC68541756,ChEMBL_zinc_D_7966,CCN(CC)c1ncc(Cl)c(C(=O)NCC(O)COc2cccc(F)c2)n1,0
ZINC64353124,ChEMBL_zinc_D_7967,O=C(CC[NH+]1CCCN(S(=O)(=O)c2ccccc2)CC1)NC1CCCCC1,0
ZINC64554813,ChEMBL_zinc_D_7968,CC1CC[NH+](Cc2ccn(-c3cccc(F)c3)n2)CC1,0
ZINC69156106,ChEMBL_zinc_D_7969,CCCNC(=O)CCC(=O)NCC(C)(C)C,0
ZINC69882744,ChEMBL_zinc_D_7970,CCCCC1CCCC1NC(=O)N(C)CCC,0
ZINC58558543,ChEMBL_zinc_D_7971,CC(=O)Nc1cccc(C(C)NC(=O)NCc2ccc(N(C)C)c(F)c2)c1,0
ZINC69737157,ChEMBL_zinc_D_7972,CC(C#N)CSc1ccccc1NCC(=O)NCc1cccs1,0
ZINC61159144,ChEMBL_zinc_D_7973,CCCNC(=O)c1cccc(NC(=O)NCCNS(=O)(=O)CC)c1,0
ZINC61383439,ChEMBL_zinc_D_7974,COc1ccc(C)cc1C(=O)OCC(=O)N1CCCCCC1,0
ZINC69858229,ChEMBL_zinc_D_7975,Cc1oc(-c2ccccc2)nc1C[NH+]1CCCC(CN2CCOCC2)C1,0
ZINC69922608,ChEMBL_zinc_D_7976,Cc1ccc(NC2CCN(C(=O)c3cnn(C(C)(C)C)c3)CC2)n[nH+]1,0
ZINC50082571,ChEMBL_zinc_D_7977,CC1CN(c2ccc(NC(=O)NCc3cc[nH+]c(N(C)C)c3)cc2)CC(C)O1,0
ZINC07849592,ChEMBL_zinc_D_7978,Cc1cccc(N2CCN(C(=O)C3CCCN(C(N)=O)C3)CC2)c1C,0
ZINC59409306,ChEMBL_zinc_D_7979,O=C(C[NH+](CC1CCCCC1)C1CC1)NCC(=O)Nc1ccc(F)c(F)c1,0
ZINC60100849,ChEMBL_zinc_D_7980,CCc1ccc(N2CC(C(=O)N3CCN(CCCOCC(F)(F)F)CC3)CC2=O)cc1,0
ZINC70014245,ChEMBL_zinc_D_7981,O=C(CNC(=O)Cn1cncn1)NCCCC1CCCC1,0
ZINC70643783,ChEMBL_zinc_D_7982,COCC(C)(O)CNC(=O)c1cccs1,0
ZINC37601518,ChEMBL_zinc_D_7983,CCC(=O)N1CCc2ccc(OC(CC)C(=O)[O-])cc2C1c1ccc(F)cc1,0
ZINC00253346,ChEMBL_zinc_D_7984,Cc1ccc(S(=O)(=O)N(C)CC(=O)NCc2ccncc2)cc1,0
ZINC09240077,ChEMBL_zinc_D_7985,O=C(Nc1ccc2c(c1)OCO2)c1csc(Nc2ccc(OC(F)(F)F)cc2)n1,0
ZINC09364880,ChEMBL_zinc_D_7986,COc1ccc(N(C)S(=O)(=O)c2cccc(C(=O)Nc3ccccc3N3CCCC3=O)c2)cc1,0
ZINC49400248,ChEMBL_zinc_D_7987,Cc1ccc(C(N)=O)c(OC(=O)c2cc(C3CC3)[nH]n2)c1,0
ZINC69952481,ChEMBL_zinc_D_7988,CC(=O)Nc1ccc(SC(C)C(=O)Oc2ccc3c(C)cc(=O)oc3c2)cc1,0
ZINC10418074,ChEMBL_zinc_D_7989,CC(C)Oc1ccc(C(=O)N2CCC(NS(C)(=O)=O)CC2)cc1,0
ZINC10690292,ChEMBL_zinc_D_7990,O=C(Nc1nnc(CSc2ccccc2)o1)c1cc2ccccc2o1,0
ZINC59898242,ChEMBL_zinc_D_7991,CC(C)(C)OC(=O)N1CCCC1C(=O)NCCNc1ncccc1C(F)(F)F,0
ZINC60064384,ChEMBL_zinc_D_7992,CCC(NC(=O)NC(C)c1ccc(OCC(F)(F)F)cc1)c1ccc(OC)cc1,0
ZINC64840237,ChEMBL_zinc_D_7993,CN(CCc1noc(-c2ccc(F)cc2)n1)C(=O)NCC1CCCO1,0
ZINC64920810,ChEMBL_zinc_D_7994,Cc1cc2c(cc1S(=O)(=O)N1CCCC1C(=O)N1CCc3ccccc3C1)OCC(=O)N2,0
ZINC61598827,ChEMBL_zinc_D_7995,O=C(COc1ccc2ccccc2c1)NCCN1CCCS1(=O)=O,0
ZINC48303514,ChEMBL_zinc_D_7996,CC(C)Oc1ncccc1CNC(=O)c1nn(C(C)C)c(=O)c2ccccc21,0
ZINC01147522,ChEMBL_zinc_D_7997,O=S(=O)(c1ccc(Cl)cc1)N1CCN(c2cccc(C(F)(F)F)c2)CC1,0
ZINC08775087,ChEMBL_zinc_D_7998,CC(NC(=O)c1cc2c(s1)-c1ccccc1OC2)c1cccnc1,0
ZINC66832641,ChEMBL_zinc_D_7999,COC(=O)C1CCC[NH+](CC(=O)NCCc2cccc(Cl)c2Cl)C1,0
ZINC38419630,ChEMBL_zinc_D_8000,CC(C)CCCC(C)NC(=O)CN1CCN(c2ccc(O)cc2)CC1,0
ZINC03390019,ChEMBL_zinc_D_8001,Cc1ccc(N(CCC#N)C(=O)COC(=O)c2cc3c(s2)CCC(C)C3)cc1,0
ZINC15311253,ChEMBL_zinc_D_8002,CCC(C)C(C(=O)Nc1ccc(C)c(S(=O)(=O)N2CCOCC2)c1)c1ccccc1,0
ZINC55529684,ChEMBL_zinc_D_8003,CC(=O)NCCCCCC(=O)NCc1ccc(N2CC(C)OC(C)C2)c(F)c1,0
ZINC56720281,ChEMBL_zinc_D_8004,Cc1cccc(C[NH+]2CCC(NC(=O)Nc3cccc4c3OCCO4)CC2)c1,0
ZINC48183554,ChEMBL_zinc_D_8005,CC(NC(=O)c1cccc(Cl)c1Cl)C(=O)NCC1CCOC1,0
ZINC04966935,ChEMBL_zinc_D_8006,Cc1csc(NC(=O)C[NH+]2CCC(C(=O)c3ccc4c(c3)OCCO4)CC2)n1,0
ZINC68555831,ChEMBL_zinc_D_8007,Cc1ccc(S(C)(=O)=O)cc1NC(=O)N1CCC(Nc2ccccc2)C1,0
ZINC68668573,ChEMBL_zinc_D_8008,CC(C(=O)Nc1ccc2c(c1)CCC(=O)N2)c1ccc2c(c1)OCCO2,0
ZINC08992642,ChEMBL_zinc_D_8009,COc1ccc(C(C(C)C)N(C(C)=O)C2CCOC(C)(C)C2)cc1,0
ZINC08961207,ChEMBL_zinc_D_8010,Cc1ccc(S(=O)(=O)Nc2ccc3c(c2)C(=O)Nc2ccccc2O3)cc1C,0
ZINC69957034,ChEMBL_zinc_D_8011,CC(c1cccs1)N(C)C(=O)NCCc1ccc(F)cc1F,0
ZINC70015869,ChEMBL_zinc_D_8012,C=CC[NH+](Cc1nnc(-c2ccco2)o1)CC1CCCCC1,0
ZINC10556272,ChEMBL_zinc_D_8013,Cc1cnc(NC(=O)c2c(C)nn(CC(C)C)c2Cl)s1,0
ZINC10783480,ChEMBL_zinc_D_8014,O=C(Nc1cc(C(=O)Nc2cccc3cccnc32)ccc1Cl)c1cccs1,0
ZINC19215111,ChEMBL_zinc_D_8015,Cc1ccc(-c2nnc(C3CCC[NH+]3Cc3ccncc3)o2)cn1,0
ZINC19238318,ChEMBL_zinc_D_8016,Cc1csc(C(Cc2ccsc2)NC(=O)C(C)n2nccc2C)n1,0
ZINC67341186,ChEMBL_zinc_D_8017,CCc1ncc(CN(C)C(=O)c2c[nH]cc2-c2cccc(OC)c2)s1,0
ZINC67450192,ChEMBL_zinc_D_8018,c1ncn(-c2ccc(CNCC[NH+]3Cc4ccccc4C3)cc2)n1,0
ZINC65120726,ChEMBL_zinc_D_8019,O=C(Cc1ccccc1Cl)N1CCN(C(=O)CN2CCCCCC2=O)CC1,0
ZINC65152502,ChEMBL_zinc_D_8020,CCn1cc(C(=O)Nc2cccc(C#N)c2)c(S(=O)(=O)N2CCC(C)CC2)n1,0
ZINC44954386,ChEMBL_zinc_D_8021,CCn1cnnc1CNC(=O)NC(C)c1ccc2c(c1)OCCCO2,0
ZINC04750240,ChEMBL_zinc_D_8022,O=C(NCc1ccco1)c1c(-c2ccccc2)csc1NC(=O)C1CCCO1,0
ZINC71803331,ChEMBL_zinc_D_8023,COc1cc(CNC(=O)Nc2ccc3[nH]ccc3c2)cc(OC)c1,0
ZINC71814915,ChEMBL_zinc_D_8024,O=C(COc1ccccc1Cc1ccccc1)N1CCN(CC(F)(F)F)CC1,0
ZINC05303903,ChEMBL_zinc_D_8025,CC1(C)OCC(C2OC3OC(C)(C)OC3C2OCn2nnc3ccccc32)O1,0
ZINC52428969,ChEMBL_zinc_D_8026,Cc1nn(C(C)(C)C)c(C)c1C(=O)NCc1ccc[nH+]c1N1CCOCC1,0
ZINC35335364,ChEMBL_zinc_D_8027,CCC[NH+]1CCC(N(C)Cc2cccc3ccccc32)CC1,0
ZINC55569037,ChEMBL_zinc_D_8028,Cc1cc(C(=O)N2CC[NH+](C3CCCCC3)CC2)cc(S(N)(=O)=O)c1C,0
ZINC68195673,ChEMBL_zinc_D_8029,CC1CCCN(C(=O)c2cccc(S(=O)(=O)NCc3ccco3)c2)C1,0
ZINC68215325,ChEMBL_zinc_D_8030,Cc1ccc(C(=O)N2CC=C(c3c(C)[nH]c4ccccc43)CC2)o1,0
ZINC48654497,ChEMBL_zinc_D_8031,CCOc1cc(C)ccc1NC(=O)c1ccc(C)o1,0
ZINC48880573,ChEMBL_zinc_D_8032,CC(C)c1ccccc1OC(=O)c1cccc(OCC(N)=O)c1,0
ZINC68465210,ChEMBL_zinc_D_8033,NC(=O)CN1CCCC(NC(=O)CCCOc2ccc(Cl)cc2Cl)C1,0
ZINC68556684,ChEMBL_zinc_D_8034,O=C(NCCOCC1CCOC1)c1cnc2ccccc2n1,0
ZINC58418038,ChEMBL_zinc_D_8035,Cc1cc(C)n(Cc2cccc(CNS(=O)(=O)N3CCCCC3C)c2)n1,0
ZINC58644180,ChEMBL_zinc_D_8036,Nn1c(SCCCOc2ccccc2)nnc1-c1ccccc1Br,0
ZINC71026825,ChEMBL_zinc_D_8037,CC(=O)c1cccc(OC(C)C(=O)N2CCCC2C(=O)Nc2cccc(C)n2)c1,0
ZINC52935825,ChEMBL_zinc_D_8038,CCCCC(CC)CNC(=O)CCn1ncc(=O)c2ccccc21,0
ZINC59994478,ChEMBL_zinc_D_8039,CCOc1ccc(Cl)c(C(=O)Nc2nc3ccc(OC(F)(F)F)cc3s2)n1,0
ZINC60542461,ChEMBL_zinc_D_8040,COc1ccc(N2CC(C(=O)N3CCOCC3(C)C)CC2=O)cc1OC,0
ZINC63648848,ChEMBL_zinc_D_8041,CCCN1CCN(C2=[NH+]C(Cc3ccccc3)C(=O)N2c2cccc(C)c2)CC1,0
ZINC63700664,ChEMBL_zinc_D_8042,Cc1ccc(OCC(C)NC(=O)c2ccc(O)c(Cl)c2)cc1,0
ZINC09783309,ChEMBL_zinc_D_8043,CN(CC1COc2ccccc2O1)C(=O)CSc1nnc(-c2ccco2)n1-c1ccccc1,0
ZINC09852517,ChEMBL_zinc_D_8044,Cc1ccccc1NC(=O)CSc1nc(=O)n(CCCO)c2c1CCCC2,0
ZINC11027404,ChEMBL_zinc_D_8045,COc1ccc2c(c1)oc(C)c(Oc1ccc(C(=O)NCC3CCCO3)cc1)c2=O,0
ZINC11666197,ChEMBL_zinc_D_8046,Cn1cc2c(=O)n(-c3ccccc3)nc-2c(C(=O)N2CCN(C(=O)CCCc3ccccc3)CC2)c1,0
ZINC68502436,ChEMBL_zinc_D_8047,COc1cc(NC(=O)COc2ccccc2C#N)ccc1S(N)(=O)=O,0
ZINC68793811,ChEMBL_zinc_D_8048,Cn1[nH]c(=O)c2c1nc(C1CC1)cc2C(=O)NCc1cccc2cccnc21,0
ZINC68332774,ChEMBL_zinc_D_8049,CCC(=O)N1CCN(C(=O)c2cc[nH]c2)CC1,0
ZINC68358792,ChEMBL_zinc_D_8050,COc1ccccc1N1CC(C(=O)NC(C#N)c2cccc(Cl)c2)CC1=O,0
ZINC69974095,ChEMBL_zinc_D_8051,O=C(CNC(=O)c1cccc(Br)c1)NCCc1ccc(F)cc1F,0
ZINC70047039,ChEMBL_zinc_D_8052,Cc1ccccc1C(NC(=O)Nc1ccccc1CC(=O)N(C)C)C(C)C,0
ZINC47533024,ChEMBL_zinc_D_8053,Cc1ccc(C(C)C)cc1OCC(=O)N1CCN(CC(=O)N(C)C)CC1,0
ZINC60603526,ChEMBL_zinc_D_8054,CC(c1ccc(-n2cncn2)cc1)N(C)C(=O)NC1CCCc2cc(OC(F)F)ccc21,0
ZINC68680455,ChEMBL_zinc_D_8055,COc1ccc(OC)c(CCC(=O)Oc2cccc(F)c2F)c1,0
ZINC68696564,ChEMBL_zinc_D_8056,CCc1cc(=O)[nH]c(-c2ccc(NC3CCCOc4ccccc43)nc2)n1,0
ZINC02469237,ChEMBL_zinc_D_8057,O=C(Nc1cccc(Cl)c1)C1CCCN(S(=O)(=O)c2cccc3nonc32)C1,0
ZINC09695817,ChEMBL_zinc_D_8058,CCCCCOC(=O)CC1C(=O)NCCN1C(=O)c1cc(Br)ccc1OC,0
ZINC66509454,ChEMBL_zinc_D_8059,CC(=O)Nc1cc(C(=O)N(C)S(=O)(=O)c2c(C)cc(C)cc2C)ccc1F,0
ZINC66547882,ChEMBL_zinc_D_8060,CC(C)C(=O)N1CCCC1C(=O)C(C#N)c1nnc(-c2ccccc2)n1C,0
ZINC67293992,ChEMBL_zinc_D_8061,CC(COCC(F)(F)F)NC(=O)C1Cc2cc(Cl)ccc2O1,0
ZINC67323104,ChEMBL_zinc_D_8062,COC(=O)Nc1cc(NC(=O)N2CCN(c3cc(C#N)ccn3)CC2)ccc1F,0
ZINC19527984,ChEMBL_zinc_D_8063,CC[NH+]1CCN(C(c2nnnn2Cc2ccccc2)c2ccc(OC)c(OC)c2)CC1,0
ZINC19551120,ChEMBL_zinc_D_8064,COc1ccc(OC)c(C(=O)NCc2nnc(-c3cccs3)o2)c1,0
ZINC65621033,ChEMBL_zinc_D_8065,O=S1(=O)N=C(CN2CCOc3ccccc32)Nc2ccccc21,0
ZINC65756344,ChEMBL_zinc_D_8066,C[NH+](C)CCNC(=O)c1cccc(NC(=O)CCc2nc(-c3ccco3)no2)c1,0
ZINC47413763,ChEMBL_zinc_D_8067,CC(CNS(=O)(=O)Cc1ccccc1)Cn1cccn1,0
ZINC04890060,ChEMBL_zinc_D_8068,Cc1cccc(N(CC(=O)NC(C)(C)C)C(=O)c2csnn2)c1,0
ZINC68998316,ChEMBL_zinc_D_8069,CCCN(C)C(=O)C12CCC(=O)N1c1ccccc1S2,0
ZINC69045008,ChEMBL_zinc_D_8070,COc1ccc(OCC(=O)NCC2CCC[NH+](C(C)C)C2)cc1,0
ZINC65478924,ChEMBL_zinc_D_8071,CN(Cc1ccc2c(c1)OCO2)c1ncnc2c1C[NH+](C)CC2,0
ZINC65545681,ChEMBL_zinc_D_8072,O=C(Cc1csc(Cc2ccc(F)cc2)n1)N(C1CC1)C1CCCC1,0
ZINC03876919,ChEMBL_zinc_D_8073,Cc1ccc(OCCSc2ncnc3[nH]cnc32)cc1C,0
ZINC00365310,ChEMBL_zinc_D_8074,COc1cc(OC)c(C(=O)Nc2ccccc2C)cc1OC,0
ZINC64529515,ChEMBL_zinc_D_8075,CCN(CC)C(=O)CNC(=O)Nc1ccccc1C(=O)N1CC(C)CC(C)C1,0
ZINC64542986,ChEMBL_zinc_D_8076,CCNC(=O)NC1CCN(c2ccc(C)cc2)C1=O,0
ZINC21111947,ChEMBL_zinc_D_8077,CCC(CC)C(=O)Nc1cc(C)nn1-c1nc2c(cnn2-c2cccc(Cl)c2)c([O-])n1,0
ZINC21230725,ChEMBL_zinc_D_8078,C=CCn1c(SCC(=O)N(C)Cc2cccc(OC)c2)nc2sc3c(c2c1=O)CCC(C)C3,0
ZINC11286079,ChEMBL_zinc_D_8079,O=C(OCc1csc(-c2ccccn2)n1)c1ccc(F)c(F)c1,0
ZINC71837630,ChEMBL_zinc_D_8080,O=C(c1ccc(Cl)s1)N1CCCc2cccc(F)c21,0
ZINC01051014,ChEMBL_zinc_D_8081,Cc1cc(S(=O)(=O)NCC(C)C)ccc1OCC(=O)Nc1ccc2c(c1)OCO2,0
ZINC62232466,ChEMBL_zinc_D_8082,CCOC(=O)CN(Cc1ccccc1)C(=O)c1ccc(-n2cnnn2)cc1,0
ZINC00038116,ChEMBL_zinc_D_8083,N#Cc1c2c(sc1N1CCCC1=O)CCCC2,0
ZINC15991916,ChEMBL_zinc_D_8084,CC(=O)Nc1ccc(-c2csc(NC(=O)c3sc4cc(F)ccc4c3Cl)n2)cc1,0
ZINC66851970,ChEMBL_zinc_D_8085,CC1COC(c2ccccc2)CN1CC(=O)N1CCC1,0
ZINC66866294,ChEMBL_zinc_D_8086,NC(=O)C(c1ccc(F)cc1)N1CCN(C(=O)C2CCCCC2)CC1,0
ZINC69296904,ChEMBL_zinc_D_8087,COC(=O)N(C)c1ccc(NC(=O)NC2CCC[NH+](C3CCCCC3)C2)cc1,0
ZINC69304493,ChEMBL_zinc_D_8088,COc1cc(OC)cc(C(=O)N2CCCC(C(=O)N3CCC(C)CC3)C2)c1,0
ZINC69779587,ChEMBL_zinc_D_8089,Cc1[nH]c2ccccc2c1C(=O)C(C)N1CCC(n2cncn2)CC1,0
ZINC58645412,ChEMBL_zinc_D_8090,CC(=O)c1cccc(OCCCC(=O)N2CCC(OCc3ccccc3)CC2)c1,0
ZINC16017673,ChEMBL_zinc_D_8091,CC(NC(=O)CCCc1c[nH]c2ccccc12)c1ccccc1Cl,0
ZINC05311103,ChEMBL_zinc_D_8092,CCCC(O)c1ccnn1Cn1cccn1,0
ZINC40549739,ChEMBL_zinc_D_8093,Cc1nnc(NC(=O)COC2CCCCC2)s1,0
ZINC03532947,ChEMBL_zinc_D_8094,Cc1c(Cl)cnc(NC(=O)COC(=O)c2cccn2C)c1Cl,0
ZINC64945675,ChEMBL_zinc_D_8095,O=C(Cn1nc2c3c4c(sc3ncn2c1=O)CCCC4)Nc1ccccc1C(F)(F)F,0
ZINC64959730,ChEMBL_zinc_D_8096,CCCN(C(C)c1cc2ccccc2o1)S(N)(=O)=O,0
ZINC67382300,ChEMBL_zinc_D_8097,CC(=O)NCC1CCC[NH+](Cn2cnc3cc(F)c(F)cc32)C1,0
ZINC67389620,ChEMBL_zinc_D_8098,CC(CNC(=O)N1CCOC(c2ccccc2F)C1)[NH+]1CCCC(C)C1,0
ZINC38671847,ChEMBL_zinc_D_8099,CCOC(=O)C1CCc2sc(NC(=O)C3CC(=O)N(c4cccc(Br)c4)C3)nc21,0
ZINC38604123,ChEMBL_zinc_D_8100,CS(=O)(=O)N1CCC(C(=O)NCC(c2ccco2)[NH+]2CCN(c3ccc(F)cc3)CC2)CC1,0
ZINC20851257,ChEMBL_zinc_D_8101,CCOc1ccc(CN2C(=O)CCC2(C)C(=O)NCCC(C)C)cc1,0
ZINC21001894,ChEMBL_zinc_D_8102,O=C(COc1ccccc1Br)Nc1ccc(Br)cn1,0
ZINC67590906,ChEMBL_zinc_D_8103,CCOC1CCCN(C(=O)NCc2ccccc2Cn2cccn2)C1,0
ZINC67604876,ChEMBL_zinc_D_8104,COc1ccc(OCc2cc(C(=O)NCCn3cc[nH+]c3)n[nH]2)c(Cl)c1,0
ZINC69140364,ChEMBL_zinc_D_8105,COc1cccc(CN(C)C(=O)C(C(C)C)[NH+]2CCCC2)c1,0
ZINC69298463,ChEMBL_zinc_D_8106,CC(C)(C)c1ncc(NC(=O)NCCCn2nc3ccccn3c2=O)cn1,0
ZINC12820275,ChEMBL_zinc_D_8107,COCCn1c2ccc(Cl)cc2nc1SCC(=O)N(C)C(C)c1ccccc1,0
ZINC12921345,ChEMBL_zinc_D_8108,CC(C)n1ncc2cc(C(=O)N(C)Cc3ccc(C(F)(F)F)cc3)cnc21,0
ZINC02664378,ChEMBL_zinc_D_8109,O=C(NCCCN1CCCC1=O)c1cc(Cl)cc(Cl)c1I,0
ZINC09951795,ChEMBL_zinc_D_8110,COc1ccc(-c2cc3ncn(CC(=O)N4c5ccccc5CC4C)c(=O)c3s2)cc1,0
ZINC64361873,ChEMBL_zinc_D_8111,C[NH+](C)CCCN(CCC#N)C(=O)c1cccc(Cl)c1Cl,0
ZINC64887760,ChEMBL_zinc_D_8112,CCOC(=O)C1C(=O)[NH+]=c2cc(Cl)ccc2=C1NC1CCCCC1,0
ZINC69749915,ChEMBL_zinc_D_8113,COc1ccc(C[NH2+]CCCC[NH+]2CCN(c3ccccc3)CC2)cc1OC,0
ZINC48900417,ChEMBL_zinc_D_8114,CC(NC(=O)COc1ccccc1)C(=O)Oc1cccc(F)c1C#N,0
ZINC51159381,ChEMBL_zinc_D_8115,CCOC(=O)C1CC[NH+](CC(=O)NCCOc2cccc(F)c2)CC1,0
ZINC51278028,ChEMBL_zinc_D_8116,CCCCNC(=O)C1CCCN(C(=O)NCc2ccc(-n3cccn3)cc2)C1,0
ZINC71091559,ChEMBL_zinc_D_8117,Cc1cc(C)c(S(=O)(=O)Nc2ccc3c(c2)CC(=O)N3)cc1C(=O)[O-],0
ZINC71185549,ChEMBL_zinc_D_8118,CC(C(=O)NCc1ccccc1)N1CCOC(Cn2cccn2)C1,0
ZINC06968263,ChEMBL_zinc_D_8119,COc1ccc(NC(C)=O)cc1NC(C)C(=O)Nc1ccc(OC(F)(F)F)cc1,0
ZINC71235445,ChEMBL_zinc_D_8120,CC(CS(=O)(=O)c1ccc(F)c2ccccc21)[NH+]1CC(C)CC(C)C1,0
ZINC48547760,ChEMBL_zinc_D_8121,CC(C)C(=O)Nc1cccc(CNC(=O)NCc2cc[nH+]c(N(C)C)c2)c1,0
ZINC38873284,ChEMBL_zinc_D_8122,C=CCn1c2ccc(S(N)(=O)=O)cc2sc1=NC(=O)c1ccccc1C(=O)OC,0
ZINC71833071,ChEMBL_zinc_D_8123,CC1CN(C(=O)c2nc(S(C)(=O)=O)n3ccccc23)C(C)CO1,0
ZINC29403926,ChEMBL_zinc_D_8124,Cc1cccc(C(N)=O)c1NS(=O)(=O)c1ccc(C(C)C)cc1,0
ZINC21650043,ChEMBL_zinc_D_8125,COC(=O)c1cnc(NCc2cccs2)c2ccccc12,0
ZINC21705130,ChEMBL_zinc_D_8126,CC(C)c1ccc(NC(=O)Cn2nc3c4sccc4ncn3c2=O)cc1,0
ZINC46387339,ChEMBL_zinc_D_8127,CCn1c(C)cc(C(=O)NCc2ccc(N(C)C)[nH+]c2)c1C,0
ZINC46574412,ChEMBL_zinc_D_8128,CC(C)C(=O)Nc1cccc(CNC(=O)CCOc2ccc(Cl)cc2)c1,0
ZINC49001251,ChEMBL_zinc_D_8129,CC(C#N)C[NH+](C)C(C)C(=O)Nc1cccc(Cl)c1,0
ZINC51718373,ChEMBL_zinc_D_8130,CC1CC(C)CN(C(=O)NCc2cccc(OC(F)F)c2)C1,0
ZINC06899173,ChEMBL_zinc_D_8131,CC(Oc1ccccc1)C(=O)Nc1ccccc1OC(F)F,0
ZINC69110696,ChEMBL_zinc_D_8132,CCOc1ccccc1CNC(=O)NCC(O)c1ccccc1C(F)(F)F,0
ZINC02771156,ChEMBL_zinc_D_8133,CC(C(=O)N1CCCC1)n1nc(C(F)(F)F)c(Cl)c1C1CC1,0
ZINC66884255,ChEMBL_zinc_D_8134,CC(OC(=O)CN(C)S(=O)(=O)c1ccccc1)c1ccc2c(c1)OCCO2,0
ZINC40984072,ChEMBL_zinc_D_8135,COc1cc(-c2nc(C[NH+]3CCC(C(=O)NC(C)C)CC3)c(C)o2)cc(OC)c1OC,0
ZINC04584014,ChEMBL_zinc_D_8136,COC(=O)c1ccc(NC(=O)COc2cccc3c2ccn(C)c3=O)cc1,0
ZINC61721409,ChEMBL_zinc_D_8137,O=C([O-])C(CC(=O)NC1CCCCC1)C[NH+]1CCN(c2ccccn2)CC1,0
ZINC41128455,ChEMBL_zinc_D_8138,NC(=O)C1CCN(C(=O)c2cc(F)c(Cl)cc2Cl)C1,0
ZINC64954630,ChEMBL_zinc_D_8139,CC[NH+](CC)c1ccc(NC(=O)c2ncn3c2C(=O)N(C2CC2)C(C)(C(=O)NCCOC)C3)c(C)c1,0
ZINC64966574,ChEMBL_zinc_D_8140,CC(C)NC(=O)CN1c2cc(S(=O)(=O)N3CCCC3)ccc2N2CCCCC2C1=O,0
ZINC09429215,ChEMBL_zinc_D_8141,CC(=O)N1c2ccc(S(=O)(=O)NC(C(=O)Nc3cc(C)cc(C)c3)C(C)C)cc2CC1C,0
ZINC09411082,ChEMBL_zinc_D_8142,O=C(c1cnn2c1NC(c1ccco1)CC2C(F)(F)F)N1CCCCC1c1cccnc1,0
ZINC22937282,ChEMBL_zinc_D_8143,C=CCc1cc(CNC2C[NH+]3CCC2CC3)cc(OC)c1OCC,0
ZINC03329526,ChEMBL_zinc_D_8144,Cc1sc2ncnc(NCc3ccc(C)cc3)c2c1C,0
ZINC52914224,ChEMBL_zinc_D_8145,Cc1c(NC(=O)C(C)Sc2nccs2)c(=O)n(-c2ccccc2)n1C,0
ZINC53086271,ChEMBL_zinc_D_8146,Cc1cc(C(=O)N2CCCCC2C)ccc1N1CCNC1=O,0
ZINC14734084,ChEMBL_zinc_D_8147,COc1ccc2ccc(OCCOc3ccc(C#N)cc3)cc2c1,0
ZINC07508266,ChEMBL_zinc_D_8148,COc1ccc(C(=O)COC(=O)c2cc(S(C)(=O)=O)ccc2C)cc1F,0
ZINC21806564,ChEMBL_zinc_D_8149,Cc1cccc(-c2nc(NC(=O)COc3cc(C)cc(C)c3)no2)c1,0
ZINC21873344,ChEMBL_zinc_D_8150,Cc1oc(-c2ccc(C(=O)NCC3CCCO3)cc2)nc1CS(=O)c1ccc(C)cc1,0
ZINC41838361,ChEMBL_zinc_D_8151,Cc1ccc(-n2cnnc2SCC(=O)N2CCCC(C(N)=O)C2)cc1C,0
ZINC67540173,ChEMBL_zinc_D_8152,COc1ncccc1NC(=O)N1CCN(c2ncccc2Cl)CC1,0
ZINC01378906,ChEMBL_zinc_D_8153,Cc1nc(NC(=O)c2cccc(F)c2)sc1C(=O)Nc1ccccc1,0
ZINC37414630,ChEMBL_zinc_D_8154,CC(C)c1nn(C)cc1CNc1ccc(C(=O)[O-])cc1,0
ZINC00809529,ChEMBL_zinc_D_8155,O=C(Nc1cccc(-c2nc3ncccc3o2)c1)c1ccc2c(c1)OCO2,0
ZINC38479329,ChEMBL_zinc_D_8156,O=c1ccc(-c2cccc(Br)c2)nn1Cc1cc(F)ccc1F,0
ZINC44948130,ChEMBL_zinc_D_8157,CC1CCCCC1NC(=O)CS(=O)(=O)c1nnc2ccccn21,0
ZINC45122575,ChEMBL_zinc_D_8158,CC1CC[NH+](CCCNC(=O)NCCc2cc(F)cc3c2OCOC3)CC1,0
ZINC68219311,ChEMBL_zinc_D_8159,Cc1cc(NC(=O)C2CCCN(C(=O)c3ccc(F)cc3)C2)n(CCC#N)n1,0
ZINC32937487,ChEMBL_zinc_D_8160,NC(=O)N1CCCC(C(=O)NCC(c2cccs2)c2c[nH]c3ccccc32)C1,0
ZINC11615418,ChEMBL_zinc_D_8161,C[NH+](C)CCN1C(=O)c2oc3ccc(F)cc3c(=O)c2C1c1ccc(Cl)c(Cl)c1,0
ZINC11691341,ChEMBL_zinc_D_8162,CCCn1c2nc3ccccn3c(=O)c2cc(C(=O)OCC)c1=NC(=O)c1ccc(F)c(F)c1,0
ZINC48771240,ChEMBL_zinc_D_8163,Cc1cnn(CCC(=O)NC2CCC(C)CC2)c1,0
ZINC48779681,ChEMBL_zinc_D_8164,CC(=O)Nc1cccc(C(C)NC(=O)NCCC[NH+]2CCCC(C)C2)c1,0
ZINC17206475,ChEMBL_zinc_D_8165,CC1(C)CC2(CC(C)(c3csc(Nc4ccccc4Cl)n3)OC2=O)C(=O)O1,0
ZINC39015527,ChEMBL_zinc_D_8166,Cc1cccc2c1=[NH+]C(=O)C(CN(Cc1ccco1)C(=O)c1cccnc1)C=2,0
ZINC22006432,ChEMBL_zinc_D_8167,Clc1ccc(C2(CCOC3CCCCO3)CCC[NH2+]C2)cc1Cl,0
ZINC22409477,ChEMBL_zinc_D_8168,CC(NS(=O)(=O)N1CCCCCC1)c1ccccc1,0
ZINC52166646,ChEMBL_zinc_D_8169,CCCCC(=O)N1CCCN(c2ccc(C(F)(F)F)cn2)CC1,0
ZINC68563890,ChEMBL_zinc_D_8170,CC(=O)N1CCC(NC(=O)NCCN2CCN(C(=O)OC(C)(C)C)CC2)CC1,0
ZINC52818647,ChEMBL_zinc_D_8171,COCc1cccc(C(=O)NC(C)(C)CC(C)(C)C)c1,0
ZINC71257804,ChEMBL_zinc_D_8172,CN(C)S(=O)(=O)c1ccc(NC(=O)CS(=O)(=O)c2ccc(F)c3ccccc32)cc1,0
ZINC58404738,ChEMBL_zinc_D_8173,CC1CCN(C(=O)C2CCC[NH+](CC(O)c3ccccc3C(F)(F)F)C2)CC1,0
ZINC69656317,ChEMBL_zinc_D_8174,CCOC(=O)c1ccn(-c2ccc(NC(=O)N3CCC[NH+](C(C)C)CC3)cc2)n1,0
ZINC69049120,ChEMBL_zinc_D_8175,CC1CCCCC1NC(=O)CNS(=O)(=O)c1cccc(C(F)(F)F)c1,0
ZINC05704686,ChEMBL_zinc_D_8176,CN(CC(=O)Nc1c(Cl)cccc1Cl)C(=O)CC1CCCC1,0
ZINC45774220,ChEMBL_zinc_D_8177,Cc1ccc(S(=O)(=O)Nc2cccc(-n3cccn3)c2)cc1C(=O)[O-],0
ZINC45858080,ChEMBL_zinc_D_8178,Cc1ccc(NC(=O)c2ccc(S(=O)(=O)NCC(C)O)cc2)cc1C,0
ZINC69774287,ChEMBL_zinc_D_8179,O=C(c1cc2c(cccc2F)[nH]1)N1CCCC(n2cc[nH+]c2)C1,0
ZINC69820259,ChEMBL_zinc_D_8180,Cc1nc(C)n(CC2CCC[NH+](CC(=O)NC(C)c3ccco3)C2)n1,0
ZINC69324250,ChEMBL_zinc_D_8181,CCc1cccc(NC(=O)CNC(=O)NC(C)c2nc(C)cs2)c1,0
ZINC06751857,ChEMBL_zinc_D_8182,CCCCNc1sc(S(C)(=O)=O)nc1S(=O)(=O)c1ccc(Cl)cc1,0
ZINC22909055,ChEMBL_zinc_D_8183,Cc1cc(C)cc(NC(=O)CSc2nc(=O)n(CCCN3CCOCC3)c3c2CCC3)c1,0
ZINC23411204,ChEMBL_zinc_D_8184,COCCCN1C(=O)C(CC(=O)Nc2ccc(F)c(Cl)c2)n2c3ccccc3nc21,0
ZINC19364381,ChEMBL_zinc_D_8185,c1ccc(C2CCC([NH+]3CCN(Cc4ccncc4)CC3)CC2)cc1,0
ZINC19373129,ChEMBL_zinc_D_8186,O=C(c1ccccn1)N1CCCC(c2nc(Nc3ccccc3)cc(-c3ccncc3)n2)C1,0
ZINC09127177,ChEMBL_zinc_D_8187,CC(C)n1c(=O)c2c3c(sc2nc1SCC(=O)Nc1ccccc1N1CCOCC1)CCC3,0
ZINC09207838,ChEMBL_zinc_D_8188,CCC(C)Oc1ccc(NC(=O)C(C)Oc2ccccc2C)cc1,0
ZINC61583838,ChEMBL_zinc_D_8189,CC(Oc1ccc(Cl)cc1)C(=O)NC1CCN(CC(F)(F)F)C1,0
ZINC61721612,ChEMBL_zinc_D_8190,CC(C)CNc1nc(C(=O)N2CCC(c3ccccc3)CC2)cs1,0
ZINC19560377,ChEMBL_zinc_D_8191,COc1ccc(CC(=O)N2CCC(c3cc4[nH+]cccc4[nH]3)CC2)cc1OC,0
ZINC14973342,ChEMBL_zinc_D_8192,CN1CCN(C(=O)c2cn(CCCNC(=O)Cc3cccc4ccccc43)nn2)CC1,0
ZINC65257785,ChEMBL_zinc_D_8193,COc1ccc(-c2noc(C3(NC(=O)c4cccc(C#N)c4)CCCCC3)n2)cc1,0
ZINC65295050,ChEMBL_zinc_D_8194,O=C(Cn1ncc2c1ncnc2N1CCCCC1)N1CCN(c2ccc(F)cc2)CC1,0
ZINC68603364,ChEMBL_zinc_D_8195,Cc1cccc(C)c1OCCC(=O)OCCNc1ncccc1C#N,0
ZINC68675780,ChEMBL_zinc_D_8196,Cc1ccccc1C1CCN(C(=O)C(C)c2ccc3c(c2)OCCO3)C1,0
ZINC47949019,ChEMBL_zinc_D_8197,COc1ccc(S(=O)(=O)Nc2ccc(C)c(F)c2)cc1C(=O)[O-],0
ZINC48119521,ChEMBL_zinc_D_8198,CCOc1cccc(NC(=O)N(Cc2ccc(C(=O)NC3CC3)cc2)C2CC2)c1,0
ZINC68621900,ChEMBL_zinc_D_8199,Cc1cc(NCc2ccc(S(N)(=O)=O)cc2)nc(-c2ccccn2)n1,0
ZINC68746459,ChEMBL_zinc_D_8200,CCCC(C)N1CC(C(=O)NCc2cccc3cccnc32)CC1=O,0
ZINC57974725,ChEMBL_zinc_D_8201,O=C(NCc1ccc2c(c1)OCO2)c1ccc(CNC(=O)C2CCCC2)cc1,0
ZINC68655292,ChEMBL_zinc_D_8202,CC(NC(=O)C1COc2ccccc2C1)c1cccc(N2CCCC2=O)c1,0
ZINC01178314,ChEMBL_zinc_D_8203,CCOc1ccc(NC(=O)CN(C)S(=O)(=O)c2ccc(C)cc2)cc1,0
ZINC62130084,ChEMBL_zinc_D_8204,CC(C)c1[nH+]ccn1CC1CCN(C(=O)c2cc(=O)c3cc(Cl)ccc3o2)CC1,0
ZINC69763127,ChEMBL_zinc_D_8205,CCc1noc(CN(C)C(=O)NCC(c2ccc(C)o2)N2CCOCC2)n1,0
ZINC02789596,ChEMBL_zinc_D_8206,O=C(c1cc(Br)ccc1OC(F)F)N1CCC(=O)C2CCCCC21,0
ZINC11427019,ChEMBL_zinc_D_8207,Cc1ccc(NC(=O)c2ccc(NC(=O)C3CC3)cc2)cc1Cl,0
ZINC11552518,ChEMBL_zinc_D_8208,CC(C)[NH+]1CCC(NC(=O)NCc2ccc(NC(=O)c3ccco3)cc2)CC1,0
ZINC66926859,ChEMBL_zinc_D_8209,CCN(CC)c1ccc(CNC(=O)NCCCn2cc(C)cn2)cc1F,0
ZINC66967097,ChEMBL_zinc_D_8210,CCCC[NH+]1Cc2cccc(NC(C)C(=O)NC(C)CC)c2C1,0
ZINC51445528,ChEMBL_zinc_D_8211,COc1cc(OC)cc(C(=O)NCC(=O)N2CCCC(C(=O)NC3CC3)C2)c1,0
ZINC51587194,ChEMBL_zinc_D_8212,CCCNC(=O)C1CCCN(C(=O)Nc2cc3c(cc2OCC)CC(C)O3)C1,0
ZINC68594850,ChEMBL_zinc_D_8213,CC(CC[NH+](C)C)NC(=O)NCc1ccc(OCc2cccnc2)cc1,0
ZINC68669166,ChEMBL_zinc_D_8214,CCc1nnc2ccc(N3CCCN(c4ccc(OC)cc4)CC3)nn21,0
ZINC63862638,ChEMBL_zinc_D_8215,Cc1nc(S(=O)(=O)Cc2coc(-c3cccs3)n2)n(CC(C)C)c1C,0
ZINC63867256,ChEMBL_zinc_D_8216,Cc1ccccc1CCNC(=O)C(C)S(=O)(=O)c1ncccc1Cl,0
ZINC68733191,ChEMBL_zinc_D_8217,CNC(=O)c1ccccc1OC(=O)C(C)Oc1cccc(C(C)=O)c1,0
ZINC27746895,ChEMBL_zinc_D_8218,CCOc1ccc(CN(C)C(=O)c2ccccc2SCc2c(C)noc2C)cc1,0
ZINC49760627,ChEMBL_zinc_D_8219,O=C(Nc1ccc(-n2nccn2)cc1)c1sccc1Br,0
ZINC06880426,ChEMBL_zinc_D_8220,Cc1cccc(N2CC(C(=O)Nc3cccc(-n4cnnn4)c3)CC2=O)c1C,0
ZINC65202724,ChEMBL_zinc_D_8221,O=C(Cn1c2cccnc2n(C2CCCC2)c1=O)NCC1CCCO1,0
ZINC65246498,ChEMBL_zinc_D_8222,O=S(=O)(c1ccc(-c2nnc(C3CCCC3)o2)o1)N1CCOCC1,0
ZINC68538919,ChEMBL_zinc_D_8223,CS(=O)(=O)c1ccc(C(=O)NCCOCC2CCOC2)cc1,0
ZINC68741564,ChEMBL_zinc_D_8224,CN(Cc1ccc2c(c1)OCCO2)C(=O)Cc1cn2ccccc2n1,0
ZINC37330523,ChEMBL_zinc_D_8225,O=C(NC1CCOc2ccccc21)C1CCCN1S(=O)(=O)c1ccc(Cl)s1,0
ZINC37544268,ChEMBL_zinc_D_8226,COc1ccc(Cn2c(C(=O)NC(C)C)cc3sc(Br)cc32)cc1,0
ZINC60360355,ChEMBL_zinc_D_8227,CCc1nc(CCNC(=O)c2cc(F)ccc2F)sc1C,0
ZINC14063789,ChEMBL_zinc_D_8228,C=CCn1c(SCc2ccc(F)cc2)nnc1-c1ccoc1C,0
ZINC68010137,ChEMBL_zinc_D_8229,CCCC(=O)NCC(=O)N1CCCC(O)C1,0
ZINC68262718,ChEMBL_zinc_D_8230,CCCNC(=O)CN1CCN(C(=O)C2CCCN(C(N)=O)C2)CC1,0
ZINC46187375,ChEMBL_zinc_D_8231,CN(CC(=O)NC(C(N)=O)c1ccccc1)C(=O)c1cccs1,0
ZINC02883693,ChEMBL_zinc_D_8232,Cc1ccccc1-c1noc(-c2ccccc2C(N)=O)n1,0
ZINC68662810,ChEMBL_zinc_D_8233,C#CCN1CCCCC1C(=O)NC(C)c1ccc(N2CCCC2=O)cc1,0
ZINC68676685,ChEMBL_zinc_D_8234,Cc1ccn2ncc(C(=O)N(C)CC(C)c3ccccc3)c2n1,0
ZINC62007306,ChEMBL_zinc_D_8235,O=C(Cc1nnc(-c2cnccn2)o1)NCc1ccc(F)cc1Cl,0
ZINC02996808,ChEMBL_zinc_D_8236,CCCCNC(=O)CSc1nnc(-c2ccc(NC(=O)c3ccccc3Cl)cc2)n1C,0
ZINC60502058,ChEMBL_zinc_D_8237,O=C(COCC(F)(F)F)NCC(c1ccccc1Cl)N1CCOCC1,0
ZINC46932346,ChEMBL_zinc_D_8238,COCc1ccccc1NC(=O)C1CCCc2ccccc21,0
ZINC65320025,ChEMBL_zinc_D_8239,CC(C)n1c(=O)c2sc(N3CCCC3)nc2nc1SCC(=O)Nc1ccc(Cl)cc1F,0
ZINC65343221,ChEMBL_zinc_D_8240,Oc1cc(-c2cc(F)ccc2F)ccc1Cl,0
ZINC35908913,ChEMBL_zinc_D_8241,CC1Oc2ccc(N)cc2CN(CCc2ccc(F)cc2)C1=O,0
ZINC36012910,ChEMBL_zinc_D_8242,COc1ccc(OC)c(-c2cc(CN(C)S(=O)(=O)c3ccc(Cl)cc3)no2)c1,0
ZINC65266934,ChEMBL_zinc_D_8243,CCOc1ncccc1CN(C)S(=O)(=O)N(C)C,0
ZINC51385659,ChEMBL_zinc_D_8244,CCn1ccc2cc(NC(=O)CNC(=O)c3ccc(F)c(F)c3)ccc21,0
ZINC17898786,ChEMBL_zinc_D_8245,CCc1ccccc1Nc1nc(N)nc(COC(=O)C2CCN(C(=O)OC(C)(C)C)CC2)n1,0
ZINC20210441,ChEMBL_zinc_D_8246,CCNC(=O)c1ccc(C2CCC[NH+]2Cc2cccn2-c2nccs2)s1,0
ZINC01119510,ChEMBL_zinc_D_8247,COc1ccc(S(=O)(=O)N2CCCC2C(=O)Nc2cccc3ccccc32)cc1,0
ZINC01051258,ChEMBL_zinc_D_8248,Cc1ccccc1NS(=O)(=O)c1cc(C(=O)NCc2ccccc2)ccc1Cl,0
ZINC68381885,ChEMBL_zinc_D_8249,CCOc1ccc(NC(=O)C2(C)CC2(Cl)Cl)c(C(F)(F)F)c1,0
ZINC68525210,ChEMBL_zinc_D_8250,CCC(C)NC(=O)C(C)NC(=O)Nc1ccccc1N1CCCCC1,0
ZINC66844140,ChEMBL_zinc_D_8251,CCN(C1CCN(C(=O)c2sccc2C2CC2)CC1)S(C)(=O)=O,0
ZINC66924763,ChEMBL_zinc_D_8252,O=C(CC1CCCC1)NC1CCN(C(=O)NCC2COc3ccccc3C2)CC1,0
ZINC64490039,ChEMBL_zinc_D_8253,COc1ccc2c(c1)OCC(C(=O)Nc1nnc([N-]S(C)(=O)=O)s1)C2,0
ZINC64565938,ChEMBL_zinc_D_8254,CCOC(=O)C(C)NC(=O)N1CCc2c(c(COCc3cccc(F)c3)nn2C)C1,0
ZINC38508127,ChEMBL_zinc_D_8255,COCCn1c2ccc(S(N)(=O)=O)cc2sc1=NC(=O)c1cc(C)n(C(C)C)n1,0
ZINC38516808,ChEMBL_zinc_D_8256,O=C(c1cnc2ccccc2n1)N1CCN(Cc2nc(-c3ccccc3)cs2)CC1,0
ZINC09251651,ChEMBL_zinc_D_8257,CCOc1ccc(NC(=O)C2CCC[NH+](Cc3cnn(-c4ccccc4)c3-n3cccc3)C2)cc1,0
ZINC09276568,ChEMBL_zinc_D_8258,CC1Cc2nc(SCC(=O)Nc3ccc4c(c3)OCCO4)n(-c3ccccc3)c(=O)c2S1,0
ZINC48715164,ChEMBL_zinc_D_8259,CC(C)(C)n1cc(C[NH2+]Cc2ccc(C(=O)NCC(N)=O)cc2)cn1,0
ZINC69744371,ChEMBL_zinc_D_8260,CCOC(=O)c1sc2ccsc2c1CNC(=O)CCOC,0
ZINC42156811,ChEMBL_zinc_D_8261,N#Cc1cn(C2CC2)c(=O)n(Cc2nc(N)c3ccccc3n2)c1=O,0
ZINC42204000,ChEMBL_zinc_D_8262,Cn1cc[nH+]c1C(NCc1ccccc1Br)c1cccc(F)c1,0
ZINC37324925,ChEMBL_zinc_D_8263,CC([NH2+]Cc1cc(Br)c2c(c1)OCCCO2)C1CCCO1,0
ZINC02471358,ChEMBL_zinc_D_8264,COc1ccc2cc(C(C)=O)c(=O)oc2c1,0
ZINC04275329,ChEMBL_zinc_D_8265,COC(=O)c1ccc2nc(NC(=O)C3COc4ccccc4O3)sc2c1,0
ZINC00028059,ChEMBL_zinc_D_8266,N#Cc1c(N)c(C#N)c(-c2ccccc2)cc1-c1ccccc1,0
ZINC12520653,ChEMBL_zinc_D_8267,CCCCCCNC(=O)CCc1nc2cc(S(=O)(=O)N3CCCC3)ccc2n1CCC,0
ZINC12947880,ChEMBL_zinc_D_8268,CCOC(=O)c1sc2nc(C)n(CC(O)COCc3ccc(Cl)cc3)c(=O)c2c1C,0
ZINC56921310,ChEMBL_zinc_D_8269,CS(=O)(=O)c1ccc2nc(NC(=O)C3(c4cc(-c5ccc6c(c5)OCO6)on4)CC3)sc2c1,0
ZINC57004810,ChEMBL_zinc_D_8270,CC(C)(C)C(NC(=O)NC1c2ccccc2CC1O)c1ccccc1,0
ZINC10022802,ChEMBL_zinc_D_8271,CN(Cc1cnn(Cc2ccccc2)c1)C(=O)CCN1C(=O)CSc2ccccc21,0
ZINC04939500,ChEMBL_zinc_D_8272,CCc1ccc(NC(=O)CC([NH2+]CCCOC(C)C)C(=O)[O-])cc1,0
ZINC36047945,ChEMBL_zinc_D_8273,CCN(CC)C(=O)c1cn(-c2ccccc2)nc1-c1ccc(C)o1,0
ZINC36084163,ChEMBL_zinc_D_8274,CN1CCN(C(=O)c2csc(COc3ccc(F)cc3F)n2)CC1,0
ZINC66632004,ChEMBL_zinc_D_8275,CCN(CC1CCOC1)C(=O)C(NC(=O)CC(C)C)c1ccccc1,0
ZINC66644357,ChEMBL_zinc_D_8276,Cc1cccc(N(CCC(N)=O)C(=O)c2ccc(-c3ccsc3)nc2C)c1,0
ZINC64593834,ChEMBL_zinc_D_8277,CCOc1ccc(-n2ccn3c(SCc4ccccc4F)nnc3c2=O)cc1,0
ZINC64610867,ChEMBL_zinc_D_8278,CC(=O)Nc1ccc(NS(=O)(=O)c2cccc(-c3nc(-c4ccccc4)no3)c2)cc1,0
ZINC21009805,ChEMBL_zinc_D_8279,CCC1CCCCN1S(=O)(=O)c1ccc(C(=O)N2CC(=O)Nc3ccccc32)cc1,0
ZINC21114554,ChEMBL_zinc_D_8280,CC(C)Oc1ccc(Cc2nc(-c3ccccc3)n[nH]c2=O)cc1,0
ZINC63948139,ChEMBL_zinc_D_8281,Cc1ccc(C(N)=O)cc1NC(=O)c1ccccc1-n1cnnn1,0
ZINC58333049,ChEMBL_zinc_D_8282,COc1ccc(CCC(=O)NC(C)(C)c2noc(C(C)(C)C)n2)cc1,0
ZINC06180117,ChEMBL_zinc_D_8283,COC1=CC(=O)OC1(O)C(=O)CCc1ccccc1,0
ZINC62566490,ChEMBL_zinc_D_8284,Cc1nc(-c2ccc(CCNC(=O)c3oc4ccccc4c3CSc3nccn3C)cc2)cs1,0
ZINC00994005,ChEMBL_zinc_D_8285,CCS(=O)(=O)Nc1cccc(OC)c1,0
ZINC61549167,ChEMBL_zinc_D_8286,C#CCOC(=O)c1cc(Cl)c(-n2cnnn2)cc1OC,0
ZINC66596189,ChEMBL_zinc_D_8287,O=C(NCCCc1cccc(Br)c1)NC1CC[NH+](C2CC2)CC1,0
ZINC66652718,ChEMBL_zinc_D_8288,C[NH+]1CCC(CNC(=O)c2ccco2)C1,0
ZINC08840552,ChEMBL_zinc_D_8289,CCCN1c2ccc(NS(=O)(=O)c3ccc(OC)cc3)cc2CCC1=O,0
ZINC09315129,ChEMBL_zinc_D_8290,O=C1OCCC1Sc1ncnc2scc(-c3ccccc3)c21,0
ZINC69356036,ChEMBL_zinc_D_8291,O=C(Nc1ccccc1OC1CCCC1)C1CCOC1,0
ZINC58622922,ChEMBL_zinc_D_8292,N#Cc1cc(NC(=O)NCC(=O)NC2CCCCC2)ccc1OCC(F)(F)F,0
ZINC66972811,ChEMBL_zinc_D_8293,CC1CC(C)C[NH+](CCNCc2nc3ccccc3n2C)C1,0
ZINC67016644,ChEMBL_zinc_D_8294,COc1ccc(NC(=O)Nc2cnn(C(C)C)c2)cn1,0
ZINC65621848,ChEMBL_zinc_D_8295,O=C(COc1ccccc1)NCCc1coc(-c2ccccc2)n1,0
ZINC55282705,ChEMBL_zinc_D_8296,CCCCOc1cccc(CNC(=O)CNC(=O)c2ccsc2)c1,0
ZINC67309898,ChEMBL_zinc_D_8297,CCCC1CCCN(C(=O)Nc2ccc(C)c(C(N)=O)c2)CC1,0
ZINC67331364,ChEMBL_zinc_D_8298,CC(NC(=O)C1CCCCC1)C(=O)NC(Cc1ccccc1)C(=O)N(C)C,0
ZINC71821527,ChEMBL_zinc_D_8299,CN(CC(N)=O)C(=O)COc1ccc(C(F)(F)F)cc1,0
ZINC45392540,ChEMBL_zinc_D_8300,CCN(Cc1ccccc1C)C(=O)CN1c2ccccc2SCC1=O,0
ZINC01111545,ChEMBL_zinc_D_8301,COc1ccc(CCNC(=O)C(C)Sc2ccc(C)cc2)cc1OC,0
ZINC09463967,ChEMBL_zinc_D_8302,CC[NH+](c1ccc(NC(=O)COC(=O)C(C)NC2=NS(=O)(=O)c3ccccc32)cc1)C(C)C,0
ZINC68701090,ChEMBL_zinc_D_8303,Cc1nc(-c2ccccn2)nc(N2CCC(O)C2)c1C,0
ZINC68727075,ChEMBL_zinc_D_8304,Cn1cnnc1-c1ccccc1NC(=O)Cc1cccc(F)c1,0
ZINC06819573,ChEMBL_zinc_D_8305,CCN(C(=O)Cn1ncc2c1-c1cc(C)ccc1OC2)c1ccccc1F,0
ZINC58675292,ChEMBL_zinc_D_8306,COCCn1ncc2ccc(NC(=O)NCc3ccccc3OC(C)C)cc21,0
ZINC68422123,ChEMBL_zinc_D_8307,Cn1cc(C2CC2C(=O)N2CCCCC2C(N)=O)cn1,0
ZINC68730079,ChEMBL_zinc_D_8308,CCN(Cc1nc2ccccc2c(=O)[nH]1)C(=O)C1CCCN1C(=O)c1cccs1,0
ZINC68275063,ChEMBL_zinc_D_8309,C=CCn1c(C)cc(C(=O)CSc2nncn2CCc2ccccn2)c1C,0
ZINC68417844,ChEMBL_zinc_D_8310,N#CC(NC(=O)CCc1ccncc1)c1ccc(F)cc1F,0
ZINC06892970,ChEMBL_zinc_D_8311,Cc1ccc(-c2c(=O)c(=O)c2N2CCCC(C)C2)cc1C,0
ZINC06915684,ChEMBL_zinc_D_8312,Cc1ccccc1-c1nc2cc(=O)[nH]n2c(SCC(=O)Nc2ccc(F)cc2)n1,0
ZINC69371545,ChEMBL_zinc_D_8313,COC(=O)CC(NC(=O)c1ccn(-c2ccccc2)n1)c1ccccc1,0
ZINC69379586,ChEMBL_zinc_D_8314,CCC(=O)N1CCCC(C(=O)NCC(C)(C)c2ccccc2C)C1,0
ZINC64979056,ChEMBL_zinc_D_8315,CC(C)(C)NC(=O)CN1CCN(c2ncc(NC(=O)c3cccs3)cc2C(=O)[O-])CC1,0
ZINC65032502,ChEMBL_zinc_D_8316,O=C(Cc1cccs1)N1CCN(S(=O)(=O)c2ccc3[nH]c(=O)sc3c2)CC1,0
ZINC65350013,ChEMBL_zinc_D_8317,COc1cc(C(=O)[O-])cc(-c2ccc(C)cc2F)c1,0
ZINC65363108,ChEMBL_zinc_D_8318,Cc1cc(C)n(-c2ccc(NCCNC(=O)Nc3ccc(F)c(Cl)c3)nn2)n1,0
ZINC58823171,ChEMBL_zinc_D_8319,COc1cccc(C(CNC(=O)Nc2c(C)n(C)n(-c3ccccc3)c2=O)[NH+](C)C)c1,0
ZINC43228996,ChEMBL_zinc_D_8320,Cn1ncc2c1CCCC2NC(=O)N1CCc2ccccc21,0
ZINC68547349,ChEMBL_zinc_D_8321,COC(C)C(=O)Nc1cccc(NC(=O)N(C)C(C)c2cccnc2)c1,0
ZINC68562125,ChEMBL_zinc_D_8322,NC(=O)C(Cc1ccccc1)NC(=O)C1COCCO1,0
ZINC55996235,ChEMBL_zinc_D_8323,CC(C(=O)N(C)CC(=O)Nc1ccc(-n2ncc(C#N)c2N)cc1)n1cccn1,0
ZINC65842662,ChEMBL_zinc_D_8324,O=C(c1ccc(-c2ccco2)[nH]c1=O)N(Cc1ccccc1)Cc1ccccc1,0
ZINC69118764,ChEMBL_zinc_D_8325,Cc1nc(-c2ccc(C)cc2C)sc1C(=O)NC1(C#N)CC[NH+](C)CC1,0
ZINC16526443,ChEMBL_zinc_D_8326,Cc1ccc(NC(=O)CN2CCN(S(=O)(=O)c3cccc(Cl)c3)CC2)cc1F,0
ZINC47509093,ChEMBL_zinc_D_8327,O=S(=O)(c1ccccc1F)N1CCN(c2ncccc2C(F)(F)F)CC1,0
ZINC47895528,ChEMBL_zinc_D_8328,Cc1ccc(C(NC(=O)CSc2ccc(O)cc2)C2CC2)cc1,0
ZINC65610968,ChEMBL_zinc_D_8329,Cc1nn(C)c(NC(=O)C(C)C)c1-c1ccc(Br)cc1,0
ZINC65726500,ChEMBL_zinc_D_8330,COC(=O)C1Cc2ccccc2N1C(=O)c1ccccc1Br,0
ZINC56287526,ChEMBL_zinc_D_8331,COc1c(Cl)cccc1NC(=O)c1ccc(OCc2nccn2C)cc1,0
ZINC65905421,ChEMBL_zinc_D_8332,Cc1cccc(NC(=O)CCNC(=O)c2ccc(NC(=O)c3ccco3)s2)n1,0
ZINC69356376,ChEMBL_zinc_D_8333,C=CCCOC(C)C(=O)N1CCCC(C(=O)Nc2ccc(C)cn2)C1,0
ZINC52438596,ChEMBL_zinc_D_8334,COc1cc(Cl)c(C)cc1NC(=O)C(C)Oc1cccc(C#N)c1,0
ZINC37409917,ChEMBL_zinc_D_8335,O=C([O-])C1(NC(=O)COCc2ccccc2)CCCCC1,0
ZINC37522742,ChEMBL_zinc_D_8336,COc1ccccc1N1CCN(C(=O)c2ccco2)C(C)C1=O,0
ZINC68586951,ChEMBL_zinc_D_8337,COc1ccc(-n2cc3ccccc3c2)cc1,0
ZINC68692019,ChEMBL_zinc_D_8338,CCc1cc(=O)[nH]c(-c2ccc(NC3CC3c3ccccc3)[nH+]c2)n1,0
ZINC11761641,ChEMBL_zinc_D_8339,CN(C(=O)c1coc(COc2cccc(F)c2F)n1)C1CC[NH+](C)C1,0
ZINC11769587,ChEMBL_zinc_D_8340,CCN(CC1CCC[NH+](CCc2cccc(F)c2)C1)C(=O)c1ccc2[nH]ccc2c1,0
ZINC63836760,ChEMBL_zinc_D_8341,C[NH+]1CCN(c2cc(CNC(=O)CCCC(=O)c3ccc(F)cc3)cc[nH+]2)CC1,0
ZINC63842836,ChEMBL_zinc_D_8342,COc1cc(NC(=O)c2ccccc2)c(C(=O)N2CCC(C(N)=O)C2)cc1OC,0
ZINC68604236,ChEMBL_zinc_D_8343,CC(NC(=O)NC(c1ccccc1)C1CCCC1)C(=O)NCc1ccco1,0
ZINC68701995,ChEMBL_zinc_D_8344,CCC(Nc1nc(-c2ccccn2)nc(C)c1C)c1nc(C)cs1,0
ZINC09939868,ChEMBL_zinc_D_8345,CC(NC(=O)N1CCN(S(=O)(=O)c2cc(Cl)ccc2Cl)CC1)c1cccnc1,0
ZINC10186845,ChEMBL_zinc_D_8346,O=C(Nc1nnc(-c2ccco2)o1)C1CCN(S(=O)(=O)c2cccs2)CC1,0
ZINC03402422,ChEMBL_zinc_D_8347,NC(=O)c1c(NC(=O)CCCc2c[nH]c3ccccc23)sc2c1CCCC2,0
ZINC60168437,ChEMBL_zinc_D_8348,C=CCN(CCc1ccccc1)S(=O)(=O)c1ccccc1C(F)(F)F,0
ZINC66660914,ChEMBL_zinc_D_8349,COc1ccc2c(CC(=O)Nc3ccnn3C(C)C3CC3)cc(=O)oc2c1,0
ZINC66668920,ChEMBL_zinc_D_8350,CC(C1CC1)N(Cc1ccccc1)C(=O)Nc1ccc2c(c1)C(=O)NC2,0
ZINC48822524,ChEMBL_zinc_D_8351,CCOCc1ccccc1NC(=O)c1ccc(Cl)cc1,0
ZINC04985545,ChEMBL_zinc_D_8352,COc1ccccc1CNc1nc(C(F)(F)F)nc2c1nnn2Cc1ccccc1,0
ZINC10218771,ChEMBL_zinc_D_8353,COc1ccc(S(=O)(=O)CCCC(=O)Nc2nc3c(s2)c(Cl)ccc3C)cc1,0
ZINC10288356,ChEMBL_zinc_D_8354,CC(Sc1nnc(C[NH+]2CCCCC2)n1Cc1ccccc1)C(=O)Nc1ccccc1,0
ZINC68388277,ChEMBL_zinc_D_8355,CCC(C)c1csc(N(C)C(=O)c2cc(C)n(CC3CC3)c2C)n1,0
ZINC68444022,ChEMBL_zinc_D_8356,CCN(Cc1cnn(C)c1)C(=O)c1ccc(C(C)C)cc1O,0
ZINC45006557,ChEMBL_zinc_D_8357,c1csc(C[NH+](CC2CCCCO2)C2CC2)c1,0
ZINC45933490,ChEMBL_zinc_D_8358,O=C(NCc1cccnc1OC1CCCC1)N1CCC2(CC1)OCCO2,0
ZINC09501678,ChEMBL_zinc_D_8359,Cn1cccc1C1CCC[NH+]1C(C(=O)Nc1ccc(F)cc1)c1ccccc1,0
ZINC09527476,ChEMBL_zinc_D_8360,Cc1ccccc1Cn1cccc1CNS(=O)(=O)c1ccc(Cl)s1,0
ZINC70780182,ChEMBL_zinc_D_8361,COCC(C)(O)CNS(=O)(=O)Cc1ccccc1Cl,0
ZINC70836267,ChEMBL_zinc_D_8362,CC(Oc1ccc(C#N)cc1)C(=O)NCC(O)c1cccc(F)c1,0
ZINC03377403,ChEMBL_zinc_D_8363,Cc1cc(C(=O)OCC(=O)Nc2ccccc2F)c2ccccc2n1,0
ZINC52937959,ChEMBL_zinc_D_8364,COCCOc1ncccc1C(=O)Nc1c(C)cccc1C,0
ZINC08792936,ChEMBL_zinc_D_8365,COc1ccc(NC(=O)CSc2nnc(NC(=O)c3cccc(OC)c3OC)s2)cc1,0
ZINC08936266,ChEMBL_zinc_D_8366,COc1ccc(CNc2nnc(SCC(=O)NCC(=O)N(C)C)s2)cc1,0
ZINC64990422,ChEMBL_zinc_D_8367,CCc1ccccc1NC(=O)NCc1ccc2c(c1)N(C(=O)c1ccccc1)CC2,0
ZINC65022410,ChEMBL_zinc_D_8368,Cc1nc(CN2C(=O)COc3cc(S(=O)(=O)Nc4ccc(C)cc4C)c(Cl)cc32)no1,0
ZINC05919059,ChEMBL_zinc_D_8369,CS(=O)(=O)c1ccc2ncsc2c1,0
ZINC60065519,ChEMBL_zinc_D_8370,O=C(COc1cc(Cl)ccc1Cl)NCC(O)COc1cccc(C(F)(F)F)c1,0
ZINC47942808,ChEMBL_zinc_D_8371,O=S(=O)(Cc1coc(-c2ccccc2)n1)c1nc2ccccc2s1,0
ZINC48129707,ChEMBL_zinc_D_8372,CN(CC(=O)N1CCCC(c2nc3ccccc3[nH]2)C1)c1cnccn1,0
ZINC68504138,ChEMBL_zinc_D_8373,CCCCOC(C)C(=O)Nc1ccccc1CN(CC)C(C)=O,0
ZINC68520332,ChEMBL_zinc_D_8374,CCCCC(NC(N)=O)C(=O)N(CC)c1ccc(F)cc1,0
ZINC58715071,ChEMBL_zinc_D_8375,CC(NC(=O)NCCc1cn2ccccc2n1)c1cc2ccccc2o1,0
ZINC58834156,ChEMBL_zinc_D_8376,COCCN(Cc1cccs1)C(=O)CN(C)C(=O)C(C)n1cccn1,0
ZINC16177790,ChEMBL_zinc_D_8377,NS(=O)(=O)c1ccc(CNC(=O)c2nc(Cl)ccc2Cl)s1,0
ZINC69340081,ChEMBL_zinc_D_8378,Cc1cc(N2CCN(C(=O)C3CC3c3ccccc3F)CC2)nc(C)[nH+]1,0
ZINC66481467,ChEMBL_zinc_D_8379,COc1ccc(C(O)CSc2nnc(Cc3ccccc3)o2)cc1F,0
ZINC66616882,ChEMBL_zinc_D_8380,CC(=CC(=O)NC(C)c1ccc2[nH]c(=O)[nH]c2c1)c1ccccc1Cl,0
ZINC65047513,ChEMBL_zinc_D_8381,CCCOc1ccc(COC(=O)c2csc(COC)n2)cc1,0
ZINC65066746,ChEMBL_zinc_D_8382,COCc1nc(C(=O)Nc2ccc(C(=O)NCC(C)C)cc2)cs1,0
ZINC58895914,ChEMBL_zinc_D_8383,COc1ccc(CCNC(=O)Nc2ccccc2SC2CCCC2)cc1OC,0
ZINC58919325,ChEMBL_zinc_D_8384,CS(=O)(=O)NCC1CCCC[NH+]1Cc1nnc(-c2ccccc2Br)o1,0
ZINC19457876,ChEMBL_zinc_D_8385,COc1ccc(S(=O)(=O)N2CCCCC2)cc1NC(=O)C(C)Cn1cncn1,0
ZINC19583037,ChEMBL_zinc_D_8386,Cc1occc1-c1nc(N2CCCCCC2)ncc1-c1cnccn1,0
ZINC09283209,ChEMBL_zinc_D_8387,O=C(NCC(c1ccco1)[NH+]1CCCCC1)c1ccc2c(c1)nc1n(c2=O)CCCCC1,0
ZINC09290261,ChEMBL_zinc_D_8388,COC(=O)c1cc(S(=O)(=O)NCCc2ccccc2)cn1C,0
ZINC11708138,ChEMBL_zinc_D_8389,CCOc1ccc(C(C)[NH2+]Cc2cc(=O)n3cc(C)ccc3n2)cc1,0
ZINC11881371,ChEMBL_zinc_D_8390,COC(=O)c1c(OCCCc2ccccc2)cc(=O)n2c1CC[NH+](Cc1ccccc1F)CC2,0
ZINC68296255,ChEMBL_zinc_D_8391,CC(C)CC(=O)Nc1ccc(Cl)nn1,0
ZINC68451464,ChEMBL_zinc_D_8392,CC(CC(=O)N(C)c1nccs1)NS(=O)(=O)c1ccc(F)cc1,0
ZINC19522044,ChEMBL_zinc_D_8393,CCc1cc(C(F)(F)F)c2c(n1)onc2C1CCN(C(=O)CCC2CCCO2)CC1,0
ZINC14745911,ChEMBL_zinc_D_8394,CCn1nc(C(=O)N2CCCC2)c2c1CCC(N(C)Cc1cccs1)C2,0
ZINC58661142,ChEMBL_zinc_D_8395,CN(Cc1ccc(Cl)cc1)C(=O)Nc1ccc2c(c1)C(=O)NC2,0
ZINC69846583,ChEMBL_zinc_D_8396,COC(=O)CC(C)NC(=O)CCc1ncc(-c2ccc(OC)cc2)o1,0
ZINC69875758,ChEMBL_zinc_D_8397,CCc1noc(-c2ccc(CCNC(=O)N(C)c3ccc(C)cc3)cc2)n1,0
ZINC58706137,ChEMBL_zinc_D_8398,COc1ccccc1-c1nc(C(=O)Nc2cccc(F)c2F)cs1,0
ZINC52396630,ChEMBL_zinc_D_8399,Cc1ccccc1OCC(=O)N(C)Cc1ccccc1N1CCOCC1,0
ZINC68549781,ChEMBL_zinc_D_8400,O=C(NCCc1cc(Br)ccc1F)NC(CO)c1ccccc1,0
ZINC58601300,ChEMBL_zinc_D_8401,CCN(CC)C(=O)C1CCN(C(=O)Nc2cccc(SC)c2)CC1,0
ZINC69798495,ChEMBL_zinc_D_8402,O=c1[nH]ncc(NC2CC2c2cccc(Cl)c2Cl)c1Cl,0
ZINC69245053,ChEMBL_zinc_D_8403,COC(=O)CCCCNC(=O)NC1CCCCC1C(C)(C)C,0
ZINC69382155,ChEMBL_zinc_D_8404,CCN(CC(=O)N(C)C)C(=O)C(C)c1ccc2c(c1)OCCO2,0
ZINC06787364,ChEMBL_zinc_D_8405,Cc1ccccc1Nc1nc(N)nc(C[NH2+]CCCN2CCCCCC2=O)n1,0
ZINC69600402,ChEMBL_zinc_D_8406,Cn1cc(CCc2nc(-c3cccc(NC(=O)C4CC4)c3)no2)cn1,0
ZINC48406605,ChEMBL_zinc_D_8407,CC(C)C(C)[NH2+]C(C)C(=O)Nc1ccc(C(N)=O)cc1,0
ZINC51660820,ChEMBL_zinc_D_8408,CC(C)NC(=O)COC(=O)c1ccc(CS(=O)(=O)c2ccccc2)cc1,0
ZINC00791996,ChEMBL_zinc_D_8409,CC(C)(C)NC(=O)C1CCCN(S(=O)(=O)c2ccc(Cl)cc2)C1,0
ZINC60349386,ChEMBL_zinc_D_8410,Cc1ccc(NC(=O)Cc2ccccc2O)cc1S(=O)(=O)[N-]c1ccccc1Cl,0
ZINC37424133,ChEMBL_zinc_D_8411,CC(=O)Nc1ccc(S(=O)(=O)Oc2ccc(Cl)cc2CN(CC[NH+](C)C)C(=O)C(C)C)cc1,0
ZINC34678054,ChEMBL_zinc_D_8412,O=C(Nc1cccc(F)c1)c1coc(C[NH+]2CCN(Cc3ccc(Cl)cc3)CC2)n1,0
ZINC02535561,ChEMBL_zinc_D_8413,Cc1cc(C)cc(OCn2ccc(C(=O)[O-])n2)c1,0
ZINC15316348,ChEMBL_zinc_D_8414,Cc1ccc(S(=O)(=O)N2CCCCC2)cc1NC(=O)CCc1nc2ccccc2c(=O)[nH]1,0
ZINC00895848,ChEMBL_zinc_D_8415,Cc1cccc(N(CC(O)C[NH+]2CCCC2)S(=O)(=O)c2ccccc2)c1,0
ZINC01163041,ChEMBL_zinc_D_8416,COc1ccc(NC(=O)CCS(=O)(=O)c2ccc(Cl)cc2)cc1,0
ZINC62009550,ChEMBL_zinc_D_8417,O=C(NCC(O)c1ccc(Cl)cc1)NC1CCCCC1,0
ZINC05120412,ChEMBL_zinc_D_8418,COc1ccc(S(=O)(=O)N(C)Cc2cccc(Cl)c2)cc1,0
ZINC66585658,ChEMBL_zinc_D_8419,CC(=O)c1ccccc1NC(=O)C(C)OC(=O)c1cncc(-c2cnn(C)c2)c1,0
ZINC66669384,ChEMBL_zinc_D_8420,O=C(NCc1ccc(OC2CCCC2)cc1)Nc1cccnc1-n1cncn1,0
ZINC68656648,ChEMBL_zinc_D_8421,CC(NC(=O)c1csc(-c2ncccn2)n1)c1ccc(N2CCCC2=O)cc1,0
ZINC68663811,ChEMBL_zinc_D_8422,CCc1cc(=O)[nH]c(-c2ccc(N3CCOCC3C)[nH+]c2)n1,0
ZINC37571040,ChEMBL_zinc_D_8423,Cc1cccc(C)c1N1CCC(C(=O)NC(C)c2ccccc2)C1=O,0
ZINC37639280,ChEMBL_zinc_D_8424,CC(C)Cn1c2scc(-c3ccccc3)c2c(=O)n(CC(=O)N2CCCCC2)c1=O,0
ZINC05348565,ChEMBL_zinc_D_8425,COC(=O)C(CC(C)C)NC(=O)NCc1ccccc1F,0
ZINC53313525,ChEMBL_zinc_D_8426,Cc1ccc(OCC(=O)N(C)C(C)c2cccs2)cc1,0
ZINC09295199,ChEMBL_zinc_D_8427,Cc1ccc(NC(=O)C2Sc3nnc(COc4ccccc4)n3NC2c2ccccc2)cc1,0
ZINC09314216,ChEMBL_zinc_D_8428,Cc1ccc2nc(NC(=O)CCc3c(C)nc4ncnn4c3C)sc2c1,0
ZINC67346695,ChEMBL_zinc_D_8429,CCc1ccccc1NC(=O)CNc1ccc(C#N)c(C(F)(F)F)c1,0
ZINC67354617,ChEMBL_zinc_D_8430,Cc1ccsc1-c1cccc(NC(=O)NCCC(=O)N2CCCCC2)c1,0
ZINC21914551,ChEMBL_zinc_D_8431,CN(Cc1c(F)cccc1Cl)C(=O)c1n[nH]c2ccccc21,0
ZINC22091065,ChEMBL_zinc_D_8432,Cc1cc(C(C)(C)C)ccc1OCC(O)CN1CCN(C(=O)CN2CCOCC2)CC1,0
ZINC60416095,ChEMBL_zinc_D_8433,O=C(CCc1ccc(F)cc1)N(CCc1ccccc1)Cc1cccnc1,0
ZINC60558404,ChEMBL_zinc_D_8434,O=C(NCCCCn1cc[nH+]c1)N1CCC(c2cccc3ccccc32)CC1,0
ZINC48977357,ChEMBL_zinc_D_8435,Cc1cccc(OCC(O)CNC(=O)c2ccsc2)c1,0
ZINC05021384,ChEMBL_zinc_D_8436,CCOC(=O)c1c(C)[nH]c(C(=O)C(C)OC(=O)c2nc3nc(C)cc(C)n3n2)c1C,0
ZINC58687584,ChEMBL_zinc_D_8437,CCOc1cc(NC(=O)CCCOc2cccc(C(C)=O)c2)ccc1OC,0
ZINC69878677,ChEMBL_zinc_D_8438,C=C(C)CN(CC)C(=O)NC(c1ccc(F)cc1)c1ccccn1,0
ZINC61757201,ChEMBL_zinc_D_8439,CC(c1ccccc1)N(C)C(=O)C[NH+](C)C1CCCCC1,0
ZINC61997766,ChEMBL_zinc_D_8440,CC(C)C(O)(C#CCN1CCCCC1c1cccnc1)C(C)C,0
ZINC23539557,ChEMBL_zinc_D_8441,Cc1ccc(SCCNC(=O)c2ccc(Br)o2)cc1C,0
ZINC23658104,ChEMBL_zinc_D_8442,CCCNC(=O)CN(Cc1ccco1)S(=O)(=O)C=Cc1ccccc1,0
ZINC01108977,ChEMBL_zinc_D_8443,CC(=O)c1ccc(NC(=O)c2cn(-c3ccccc3)nc2-c2ccncc2)cc1,0
ZINC01397527,ChEMBL_zinc_D_8444,C=C(C)Cn1c(C)cc(C)c(S(=O)(=O)c2ccc(C)cc2)c1=O,0
ZINC68210785,ChEMBL_zinc_D_8445,CC1CC1C(=O)NCCC(=O)N(C)CCc1ccccc1F,0
ZINC68330503,ChEMBL_zinc_D_8446,CCN(Cc1c(F)cccc1F)C(=O)C1CC[NH+](Cc2csc(C)n2)CC1,0
ZINC65854794,ChEMBL_zinc_D_8447,O=C(CCSc1ccccc1F)Nc1cc(Cl)ccc1OCC1CCCO1,0
ZINC66027389,ChEMBL_zinc_D_8448,CN(C)C(=O)Cc1ccccc1NC(=O)c1ccc(C(=O)NC(C)(C)C)cc1,0
ZINC10681776,ChEMBL_zinc_D_8449,Cc1cc(S(=O)(=O)N2CCOC(C)C2)ccc1Br,0
ZINC09383017,ChEMBL_zinc_D_8450,COc1ccc(N2CC[NH+](C(CNS(=O)(=O)c3ccc(OC)cc3)c3cccnc3)CC2)cc1,0
ZINC70875587,ChEMBL_zinc_D_8451,Cc1cc(C)n(-c2ccc(=O)n(C(C)C(=O)Nc3cccc(Cl)c3C)n2)n1,0
ZINC70884748,ChEMBL_zinc_D_8452,N#Cc1cccc(C(=O)OCc2cc3c(c(Cl)c2)OCO3)c1,0
ZINC10454346,ChEMBL_zinc_D_8453,CCCN(CCC)S(=O)(=O)c1ccc(NC(=O)c2ccc(C(=O)OC)cc2)cc1,0
ZINC10462589,ChEMBL_zinc_D_8454,O=C(Nc1ccc(C(=O)N2CCc3ccccc3C2)cc1)C1CC(=O)N(c2ccccc2)C1,0
ZINC67363622,ChEMBL_zinc_D_8455,CC(=O)NCC1CCCN(C(=O)c2ccc(S(=O)(=O)C(F)(F)F)cc2)C1,0
ZINC67400770,ChEMBL_zinc_D_8456,Cc1cc(NC(=O)C[NH+]2CCC(C(O)c3ccc(Cl)cc3)CC2)no1,0
ZINC48866452,ChEMBL_zinc_D_8457,COc1cccc(OC(=O)C(C)NC(=O)c2ccoc2)c1,0
ZINC48887897,ChEMBL_zinc_D_8458,COC(=O)c1ccc(C)cc1OC(=O)Cc1nc(-c2ccccc2)oc1C,0
ZINC46931598,ChEMBL_zinc_D_8459,CC(C(=O)Nc1ccc(OCC(F)(F)F)nc1)n1cncn1,0
ZINC04849581,ChEMBL_zinc_D_8460,CCc1cc2cc3c(cc2nc1SCC(=O)Nc1ccccc1C)OCCO3,0
ZINC66531236,ChEMBL_zinc_D_8461,CCOC(=O)C(C)(C)NC(=O)C(c1ccccc1)c1ccccc1,0
ZINC66584580,ChEMBL_zinc_D_8462,CN(c1ccccc1F)S(=O)(=O)Cc1ccc(F)cc1,0
ZINC08977552,ChEMBL_zinc_D_8463,Cc1ccc(C)c(-c2nnc(NC(=O)C3CCCN3S(=O)(=O)c3ccc(Cl)cc3)o2)c1,0
ZINC08991372,ChEMBL_zinc_D_8464,COc1ccc(-c2coc3cc(OCC(=O)N4CC(C)OC(C)C4)ccc3c2=O)cc1,0
ZINC09336121,ChEMBL_zinc_D_8465,COc1cccc(-c2nnc(SC3CC(C)OC3=O)n2Cc2ccco2)c1,0
ZINC09349394,ChEMBL_zinc_D_8466,CCOCc1c2ccccc2oc1C(=O)N(Cc1cccs1)Cc1ccccc1OC,0
ZINC00258980,ChEMBL_zinc_D_8467,O=C(Nc1cccc(C(F)(F)F)c1)c1ccc(Cl)cc1Cl,0
ZINC26372023,ChEMBL_zinc_D_8468,CC(Sc1ncc2ccccn21)C(=O)Nc1ccccc1,0
ZINC59095637,ChEMBL_zinc_D_8469,CCCC(C)C(=O)N(C)c1cccc(C#N)c1,0
ZINC00125990,ChEMBL_zinc_D_8470,CSc1sc(C#N)c2c1S(=O)(=O)N(C)c1ccccc1-2,0
ZINC46017339,ChEMBL_zinc_D_8471,CCOc1cc(C2CC(=O)Nc3c2c(=O)nc(SCc2cccc(Cl)c2)n3C)ccc1OC,0
ZINC46027673,ChEMBL_zinc_D_8472,CCc1ccc(-c2nn(C)c(=O)c3c2CCCC3)cc1S(=O)(=O)Nc1ccc(NC(C)=O)cc1,0
ZINC41521462,ChEMBL_zinc_D_8473,Cc1csc(C(C#N)C(=O)COc2ccc(C)cc2)n1,0
ZINC41530000,ChEMBL_zinc_D_8474,N#Cc1nnc2ccccc2c1NCc1ccccc1F,0
ZINC68407813,ChEMBL_zinc_D_8475,Cc1cc(C)c(C[NH+]2CCCC(NS(C)(=O)=O)C2)c(C)c1,0
ZINC68459637,ChEMBL_zinc_D_8476,O=C(NCCc1nc(-c2ccc(Cl)cc2)no1)c1ccc2[nH]nnc2c1,0
ZINC00039698,ChEMBL_zinc_D_8477,Nc1ncnc2c1nc(Br)n2CC(O)CO,0
ZINC43025420,ChEMBL_zinc_D_8478,Cc1c(C[NH2+]C2CCC(F)C2)nc(-c2ncccc2Cl)n1-c1ccc(C)nc1,0
ZINC54083978,ChEMBL_zinc_D_8479,COC(=O)Nc1ccc(NC(=O)c2ccnc(OCc3ccccc3)c2)cc1,0
ZINC65091729,ChEMBL_zinc_D_8480,CCOC(=O)CC(NC(=O)c1ccccc1C(F)(F)F)c1ccccc1,0
ZINC13945402,ChEMBL_zinc_D_8481,CC1C(c2ccccc2)CCC(C(=O)[O-])C1C(=O)[O-],0
ZINC14746277,ChEMBL_zinc_D_8482,Cn1nc(C(=O)NCCc2ccccc2)c2c1CCC(NCc1nc3ccccc3s1)C2,0
ZINC69882609,ChEMBL_zinc_D_8483,CCCCC1CCCC1NC(=O)NCC(O)COCC(C)C,0
ZINC50042377,ChEMBL_zinc_D_8484,CCCC(=O)NC(C)c1ccccc1Cl,0
ZINC45026025,ChEMBL_zinc_D_8485,Nc1nc(Cl)cc(NC2CCSc3ccc(F)cc32)n1,0
ZINC45405658,ChEMBL_zinc_D_8486,CCC(NC(=O)N1CCCC(O)C1)c1ccc(Cl)cc1,0
ZINC00200863,ChEMBL_zinc_D_8487,COc1ccc(-c2onc3ccc(Cl)cc32)cc1OC,0
ZINC01381164,ChEMBL_zinc_D_8488,CCC(OC(=O)c1cccs1)C(=O)NCc1ccc2c(c1)OCO2,0
ZINC00577745,ChEMBL_zinc_D_8489,Cc1ccc(NC(=O)COc2ccc(Br)c(C)c2)cc1,0
ZINC57293573,ChEMBL_zinc_D_8490,O=C(Cn1c(=O)n(Cc2ccco2)c(=O)c2ncccc21)Nc1ccccc1C(F)(F)F,0
ZINC68543320,ChEMBL_zinc_D_8491,CC1CN(C(=O)NC2CCS(=O)(=O)c3ccccc32)CC(C)(C)O1,0
ZINC68558031,ChEMBL_zinc_D_8492,CC(C)OCCOCc1cccc(NC(=O)NCc2ccc(C3CC3C)o2)c1,0
ZINC58716070,ChEMBL_zinc_D_8493,COc1ccc2c(c1)CCN2C(=O)c1ccc(C)cc1O,0
ZINC70023825,ChEMBL_zinc_D_8494,Cc1ccc(C(C)NC(=O)c2cnn(-c3ccccc3F)c2)o1,0
ZINC43160595,ChEMBL_zinc_D_8495,COc1ccc(C(C)NC(=O)Nc2nccs2)c(OC)c1,0
ZINC43263560,ChEMBL_zinc_D_8496,O=C(Nc1cccc(Cl)c1Cl)N1CCC(c2nc3ccccc3[nH]2)CC1,0
ZINC20064459,ChEMBL_zinc_D_8497,COc1cccc(C2Nc3sc4c(c3C(=O)N2)CC[NH+](C)C4)c1,0
ZINC20205988,ChEMBL_zinc_D_8498,OCCC1CN(CC#Cc2ccccc2)CC[NH+]1Cc1ccc(F)cc1,0
ZINC07601953,ChEMBL_zinc_D_8499,C=CCn1nnnc1NCc1c(OC)ccc2ccccc21,0
ZINC07984966,ChEMBL_zinc_D_8500,O=C(CCNC(=O)c1ccco1)OCc1c(Cl)cccc1Cl,0
ZINC68578325,ChEMBL_zinc_D_8501,Cc1cc(NC(=O)NCC2COc3ccccc3O2)n(C(C)(C)C)n1,0
ZINC26775740,ChEMBL_zinc_D_8502,CC(NC(=O)c1ccc(Cl)cc1)C(=O)NCc1ccccc1F,0
ZINC02723463,ChEMBL_zinc_D_8503,COc1ccccc1-c1nnc(NC(=O)c2ccc(S(=O)(=O)N3CCc4ccccc4C3)cc2)o1,0
ZINC62465975,ChEMBL_zinc_D_8504,CCCCOC(=O)c1cc(F)cc2nc(C)c(C)nc21,0
ZINC31556540,ChEMBL_zinc_D_8505,Cc1nc(CC(=O)N2CCN(S(=O)(=O)c3cccc(Cl)c3)CC2)cs1,0
ZINC68758002,ChEMBL_zinc_D_8506,CC(C)NS(=O)(=O)c1ccc(NC(=O)C(C)OCC2CCCO2)cc1,0
ZINC35447594,ChEMBL_zinc_D_8507,CC(Cc1ccco1)NC(=O)c1cccc(NC(=O)c2nsc3ccccc32)c1,0
ZINC64665164,ChEMBL_zinc_D_8508,CCc1ccc(N2CCC(C(=O)NC3CCCCC3)C2=O)cc1,0
ZINC11812896,ChEMBL_zinc_D_8509,COc1cccc(C(=O)NC(C)c2nnc3n2CC[NH+](Cc2cc(OC)ccc2F)CC3)c1,0
ZINC11796826,ChEMBL_zinc_D_8510,COCCn1c(C(=O)N2CCN(c3ccc(F)cc3)CC2)cc2c1n(C)c(=O)n(C)c2=O,0
ZINC70745998,ChEMBL_zinc_D_8511,COc1cc(C#N)cc(Cl)c1OC(=O)CCSc1ccccc1,0
ZINC15100835,ChEMBL_zinc_D_8512,Cc1cccc(OCC[NH+](C)C(C)C(=O)Nc2c(C)cccc2C)c1,0
ZINC05378717,ChEMBL_zinc_D_8513,Cc1cc(Cn2nnc3ccccc32)c(O)c(C(C)(C)C)c1,0
ZINC04035736,ChEMBL_zinc_D_8514,COc1ccc(CCNC(=O)C2CC[NH+](Cc3nc(-c4ccc(Cl)cc4)oc3C)CC2)cc1OC,0
ZINC69401709,ChEMBL_zinc_D_8515,Cc1cc(C(=O)N2CCCCC2C)ccc1NC(=O)COc1ccccc1F,0
ZINC28880671,ChEMBL_zinc_D_8516,CC(=O)c1cc2c(cc1NC(=O)c1cc3ccccc3oc1=O)OCO2,0
ZINC67409977,ChEMBL_zinc_D_8517,CCCN(CC(=O)OCC)Cc1nc(-c2ccccc2C)no1,0
ZINC67516849,ChEMBL_zinc_D_8518,Cc1ccc(C(=O)N2CCCC3CC(C)CCC32)cc1NC(=O)c1ccco1,0
ZINC39998492,ChEMBL_zinc_D_8519,CN(CCOc1ccccc1F)C(=O)c1csc(-c2ccsc2)n1,0
ZINC40088742,ChEMBL_zinc_D_8520,Cc1nc(Cc2ccc(F)cc2)sc1C(=O)N1CC(C)OC(C)C1,0
ZINC68786771,ChEMBL_zinc_D_8521,Cc1ccc(S(N)(=O)=O)cc1C(=O)NC1CC[NH+]2CCCCC12,0
ZINC68790100,ChEMBL_zinc_D_8522,CC(OCC1CCCO1)C(=O)NCCc1cccc2ccccc21,0
ZINC68739316,ChEMBL_zinc_D_8523,C#CCN(Cc1ccco1)C(=O)c1cc(-c2ccccc2)no1,0
ZINC14909403,ChEMBL_zinc_D_8524,COc1cc(C(=O)Nc2ccccc2C(C)C)cc(Cl)c1OC,0
ZINC68290945,ChEMBL_zinc_D_8525,CC(OCC1CC1)C(=O)NC1CCN(c2ccc(C(C)(C)C)cc2)CC1,0
ZINC68363038,ChEMBL_zinc_D_8526,CC(C)CC(=O)Nc1cccc(CNC(=O)C2CC(=O)N(CC3CC3)C2)c1,0
ZINC04142982,ChEMBL_zinc_D_8527,COc1ccc(C2CC(=O)Nc3ccccc3S2(=O)=O)cc1OC,0
ZINC08587940,ChEMBL_zinc_D_8528,O=C(NCC(c1cccnc1)N1CCc2ccccc21)c1cccc(Br)c1,0
ZINC70789198,ChEMBL_zinc_D_8529,CC(OC1CCCC1)C(=O)Nc1cccc(-c2cnco2)c1,0
ZINC24671811,ChEMBL_zinc_D_8530,CC[NH+](CCO)CC(=O)NC(C)c1ccc(C)c(C)c1,0
ZINC21143715,ChEMBL_zinc_D_8531,C=CCn1c(SC(C(=O)Nc2cc(C)cc(C)c2)c2ccccc2)nnc1C1CC1,0
ZINC21155797,ChEMBL_zinc_D_8532,COc1ccc(NS(=O)(=O)c2c(C)n(C)c(C)c2C(=O)N2CCC(C)CC2)c(OC)c1,0
ZINC08114851,ChEMBL_zinc_D_8533,COc1ccc(OC)c(NC(=O)Nc2ncn(Cc3ccc(F)cc3)n2)c1,0
ZINC08131840,ChEMBL_zinc_D_8534,Fc1ccc(-n2c(Cc3ccccc3)nnc2SCC2CCOCO2)cc1,0
ZINC49072569,ChEMBL_zinc_D_8535,CCN(CC)C(=O)N1CCC(C(=O)NCc2ccc(C)s2)CC1,0
ZINC62513069,ChEMBL_zinc_D_8536,CCCCCC(=O)N1CCOC(c2ccc(Br)cc2)C1,0
ZINC63664680,ChEMBL_zinc_D_8537,CC(C)OCC(=O)NCC(=O)OCc1ccccc1,0
ZINC63982543,ChEMBL_zinc_D_8538,CCOC(CC)C(=O)N=c1[nH]c2cc(Cl)ccc2n1C,0
ZINC04935431,ChEMBL_zinc_D_8539,Cc1nn2c(nc(C)c(CCC(=O)NCCC(C)C)c2C)c1-c1ccc(F)cc1,0
ZINC48397665,ChEMBL_zinc_D_8540,CC1CC(Sc2nnc(Nc3ccccc3)s2)C(=O)O1,0
ZINC00585754,ChEMBL_zinc_D_8541,Cc1cc2c(c(=O)n1CC(=O)NCc1ccc(N)[nH+]c1C)NC(=O)CC2,0
ZINC53807367,ChEMBL_zinc_D_8542,CCN(CC)c1ccc(C(=O)NCc2cccnc2-n2cccn2)c(O)c1,0
ZINC71897041,ChEMBL_zinc_D_8543,CC[NH+](CC(=O)N(C)c1nccs1)Cc1cccc2c1OCCO2,0
ZINC71964398,ChEMBL_zinc_D_8544,CCN(c1ccccc1)S(=O)(=O)c1ccc(N2CCCN(C(=O)c3ccsc3)CC2)nc1,0
ZINC13503694,ChEMBL_zinc_D_8545,Cc1ccnc(NC(=O)CCC(=O)N(CC(=O)NCc2ccc(F)cc2)c2cccc(F)c2)c1,0
ZINC37867357,ChEMBL_zinc_D_8546,Cc1cc(C)c2nc(-c3ccccn3)cc(C(=O)NCc3ccco3)c2c1,0
ZINC68670058,ChEMBL_zinc_D_8547,Cc1nc(-c2ccc(NC(=O)C(C)c3ccc4c(c3)OCCO4)cc2)cc(=O)[nH]1,0
ZINC68677781,ChEMBL_zinc_D_8548,CCc1c(C)sc(NC(=O)c2nn(-c3ccccc3F)c(C)cc2=O)c1C#N,0
ZINC66939273,ChEMBL_zinc_D_8549,NC(=O)C(NCc1cc(F)cc(F)c1)c1ccc(F)cc1,0
ZINC66955565,ChEMBL_zinc_D_8550,CC(Cc1ccco1)NC(=O)Nc1ccccc1SC(C)CC#N,0
ZINC10328418,ChEMBL_zinc_D_8551,COc1cccc(NC(=O)c2ccc(NS(C)(=O)=O)c(C)c2)c1,0
ZINC10470006,ChEMBL_zinc_D_8552,O=C(Cc1csc(NC(=O)c2ccccc2)n1)NCCCn1ccc2ccccc21,0
ZINC67613330,ChEMBL_zinc_D_8553,CCNc1nc(N2CCN(C(=O)Nc3cc(C)ccc3OC)CC2)cc(C)[nH+]1,0
ZINC67622737,ChEMBL_zinc_D_8554,COCCOCC(=O)NCC(c1ccc(C)cc1)[NH+](C)C,0
ZINC03399113,ChEMBL_zinc_D_8555,Cc1cc(Cl)ccc1OCCCC(=O)OCn1nnc2ccccc2c1=O,0
ZINC15963322,ChEMBL_zinc_D_8556,CCc1nnc(NC(=O)c2cccnc2Sc2ccc(C)cc2C)s1,0
ZINC63886712,ChEMBL_zinc_D_8557,Cc1sc2ncn(Cc3cccc(OCC(N)=O)c3)c(=O)c2c1C,0
ZINC63902833,ChEMBL_zinc_D_8558,COCCCOc1cccc(CNCC(c2ccccc2)N(C)C)c1,0
ZINC12976559,ChEMBL_zinc_D_8559,CCOc1cc2c(cc1CNC(=O)c1c(C)nn(C)c1Cl)OC(C)C2,0
ZINC12544889,ChEMBL_zinc_D_8560,CC(C)c1c(NS(=O)(=O)c2ccccc2Cl)c(=O)n(-c2ccccc2)n1C,0
ZINC02829031,ChEMBL_zinc_D_8561,CCCNC(=O)CN(Cc1ccccc1)S(=O)(=O)c1ccc(OC)c(OC)c1,0
ZINC16697174,ChEMBL_zinc_D_8562,CC(C)(C)OC(=O)NC(CCO)c1ccc(Cl)c(Cl)c1,0
ZINC68099143,ChEMBL_zinc_D_8563,CC1CCC(C(N)=O)CN1C(=O)C1CCN(C(=O)c2ccco2)CC1,0
ZINC68401265,ChEMBL_zinc_D_8564,CNC(=O)COc1ccc(CNC(=O)NC(C)C(=O)NCc2ccco2)cc1,0
ZINC64028496,ChEMBL_zinc_D_8565,COc1ccccc1CNC(=O)N1CC=C(C2=c3ccccc3=[NH+]C2)CC1,0
ZINC64033700,ChEMBL_zinc_D_8566,CCCN(C)c1ccc(C(=O)NCC(O)c2cc(OC)ccc2OC)cc1,0
ZINC10512408,ChEMBL_zinc_D_8567,CCNc1ccc(S(=O)(=O)N(C)C)cc1NS(=O)(=O)c1ccc(C)cc1,0
ZINC10586642,ChEMBL_zinc_D_8568,COc1ccc2cc(COC(=O)c3cccc(NC(C)=O)c3)c(Cl)nc2c1,0
ZINC20123033,ChEMBL_zinc_D_8569,Cc1ccccc1CNCC(c1ccco1)[NH+]1CCCC1,0
ZINC20259442,ChEMBL_zinc_D_8570,COc1ccc2[nH]cc(CCN3CC(C(=O)N4CCc5ccccc54)CC3=O)c2c1,0
ZINC04939110,ChEMBL_zinc_D_8571,CCC[NH+](CCC)CCCNC(=O)c1cc2c(s1)c1ccccc1n(CC)c2=O,0
ZINC15935710,ChEMBL_zinc_D_8572,O=C(NCc1ccccc1)C(c1ccc(F)cc1)N(C(=O)c1ccccn1)c1cccnc1,0
ZINC68355425,ChEMBL_zinc_D_8573,O=C(c1cc[nH]c1)N1CCC(Nc2ccccc2)C1,0
ZINC68478638,ChEMBL_zinc_D_8574,CC(=O)c1c[nH]c(C(=O)NCCc2nc(C(C)C)no2)c1,0
ZINC51674073,ChEMBL_zinc_D_8575,Cc1[nH]ncc1CCCNC(=O)NCc1cscn1,0
ZINC53549126,ChEMBL_zinc_D_8576,N#Cc1cnc(SCC(=O)NCCc2cccc(Cl)c2Cl)nc1N,0
ZINC43024490,ChEMBL_zinc_D_8577,CCCNC(=O)Nc1cccc(C(=O)NCCCOCC)c1,0
ZINC43107115,ChEMBL_zinc_D_8578,Cc1nc(C)c(C(=O)NCc2ccc(NC(=O)NC(C)C)cc2)s1,0
ZINC65976473,ChEMBL_zinc_D_8579,CC(C)[NH+](C)Cc1cccc(C[NH2+]Cc2csc(-c3ccco3)n2)c1,0
ZINC66082005,ChEMBL_zinc_D_8580,Cc1nc(-c2ccccc2C)n(CC(=O)NC2CCCc3ccccc32)n1,0
ZINC66963360,ChEMBL_zinc_D_8581,O=C(NCc1ccc(-n2ccnc2)cc1)Nc1ccccc1OCC(F)(F)F,0
ZINC66980223,ChEMBL_zinc_D_8582,NC(=O)c1ccccc1S(=O)(=O)Cc1cn2cc(Br)ccc2n1,0
ZINC02446825,ChEMBL_zinc_D_8583,CSc1nnc2n1-c1sc3c(c1-c1ncnn1-2)CCC(C)C3,0
ZINC05460828,ChEMBL_zinc_D_8584,COc1ccc(NC(=O)c2ccc3c(c2)NC(=O)C(C)S3)c(OC)c1,0
ZINC10495550,ChEMBL_zinc_D_8585,COc1ccc2cc(CNC(=O)NC(C)c3ccccc3OC)ccc2c1,0
ZINC10528294,ChEMBL_zinc_D_8586,COc1ccc2nc(N(Cc3ccco3)C(=O)c3ccc(S(=O)(=O)N(C)C)cc3)sc2c1,0
ZINC65592076,ChEMBL_zinc_D_8587,CC(C)Oc1ccc(CSc2n[nH]c(=O)n2C)cc1,0
ZINC66128149,ChEMBL_zinc_D_8588,CCC(C)Oc1ccc2ccccc2c1C1Nc2ccccc2C(=O)N1CC,0
ZINC69830747,ChEMBL_zinc_D_8589,CCN(Cc1ccoc1)C(=O)NC(Cn1cncn1)c1ccccc1,0
ZINC58688855,ChEMBL_zinc_D_8590,COc1cc(Br)cc(C)c1NC(=O)C(C)OCc1ccccc1,0
ZINC37744520,ChEMBL_zinc_D_8591,CNS(=O)(=O)c1cn[nH]c1,0
ZINC38550729,ChEMBL_zinc_D_8592,COc1cc(NC(=O)N2CCN(c3nc4ccc(F)cc4s3)CC2)cc(OC)c1OC,0
ZINC69387192,ChEMBL_zinc_D_8593,O=C(NCc1ccncc1)Nc1cccc(NC(=O)c2cnccn2)c1,0
ZINC06768747,ChEMBL_zinc_D_8594,CC1CCCC(Nc2c(-c3cccc(Cl)c3)[nH]c3c(C#N)cnn23)C1C,0
ZINC69252021,ChEMBL_zinc_D_8595,CCNS(=O)(=O)CCNC(=O)Nc1ccccc1Br,0
ZINC14661496,ChEMBL_zinc_D_8596,CCCOc1ccc(OC(=O)C(C)Oc2ccc(C#N)cc2)cc1,0
ZINC66588106,ChEMBL_zinc_D_8597,CNS(=O)(=O)c1ccc(NS(=O)(=O)c2c(C)cc(C)cc2C)cc1OC,0
ZINC66602343,ChEMBL_zinc_D_8598,CC(=O)NC(CC(=O)NCCCN(C)c1ccccc1)c1c(F)cccc1F,0
ZINC48247712,ChEMBL_zinc_D_8599,CC(CN1CCOCC1)NC(=O)NC1CCSc2ccc(F)cc21,0
ZINC48747056,ChEMBL_zinc_D_8600,COc1cc(OC)c(C[NH2+]Cc2ccc(Cl)c(Cl)c2)c(OC)c1,0
ZINC54056209,ChEMBL_zinc_D_8601,Cc1ccc(-n2nnnc2N2CCc3sccc3C2)cc1,0
ZINC54260524,ChEMBL_zinc_D_8602,Cc1[nH]c2ccccc2c1C(c1cccnc1)N1CCN(c2ccc(F)cc2)CC1,0
ZINC60893523,ChEMBL_zinc_D_8603,CCCCC(CC)CNC(=O)NCCCCN1CCOCC1,0
ZINC67910242,ChEMBL_zinc_D_8604,CCCCCCC(C)CC(=O)N(CCC#N)CCC#N,0
ZINC68615351,ChEMBL_zinc_D_8605,CC(CC#N)NCC(=O)NCCc1ccccc1,0
ZINC68681776,ChEMBL_zinc_D_8606,Cc1nnnn1-c1cc(NC(=O)C2COCCO2)ccc1F,0
ZINC42365591,ChEMBL_zinc_D_8607,COc1cc(NC(C)c2nc(-c3ccc(C)c(F)c3)no2)cc(OC)c1OC,0
ZINC02780725,ChEMBL_zinc_D_8608,O=C(Nc1ccccc1Sc1ccccc1)c1cnn2c1nc(C1CC1)cc2C(F)F,0
ZINC06887224,ChEMBL_zinc_D_8609,COc1ccc(Cl)cc1NC(=O)COC(=O)c1c(C)nn(-c2ccccc2)c1C,0
ZINC14597246,ChEMBL_zinc_D_8610,COc1ccc2c(CC(=O)Oc3ccc(CC#N)cc3)coc2c1,0
ZINC22837876,ChEMBL_zinc_D_8611,Cc1nn(C)c(C)c1NC(=O)CCOc1cccc(Br)c1,0
ZINC57751123,ChEMBL_zinc_D_8612,Cc1occc1C(=O)Nc1nc(CC(=O)OCC(C)(C)c2ccccc2)cs1,0
ZINC68485171,ChEMBL_zinc_D_8613,COC(C)C(=O)Nc1cccc(NC(=O)NC(C)Cn2nc(C)cc2C)c1,0
ZINC68545087,ChEMBL_zinc_D_8614,CCC(C)NC(=O)C(C)NC(=O)Nc1cccc(NC(=O)c2ccccc2)c1,0
ZINC35401379,ChEMBL_zinc_D_8615,CC[NH+]1CCCC1CN(CCC(=O)N1CC[NH2+]CC1)S(=O)(=O)c1cc(C)ccc1C,0
ZINC03221849,ChEMBL_zinc_D_8616,COc1ccc(NS(=O)(=O)c2ccc3oc(SCC(=O)Nc4ccc(F)cc4)nc3c2)cc1,0
ZINC48071129,ChEMBL_zinc_D_8617,CCCc1noc(C[NH+](C)C(C)CCC)n1,0
ZINC48921545,ChEMBL_zinc_D_8618,CC(C)N(Cc1cccnc1)S(=O)(=O)c1ccc(Cl)s1,0
ZINC65099566,ChEMBL_zinc_D_8619,Cn1cc(-c2nnc(SCC(=O)Nc3ccc4c(c3)OCO4)n2C)c(-c2ccccc2)n1,0
ZINC54195470,ChEMBL_zinc_D_8620,CCC(C)NC(=O)c1ccc(NC(=O)c2ccc(S(=O)(=O)NC)cc2)cc1,0
ZINC53726704,ChEMBL_zinc_D_8621,N#CCCC(C#N)COc1ccc(NC(=O)c2ccco2)cc1,0
ZINC54294820,ChEMBL_zinc_D_8622,COc1ccc(CC(=O)[O-])cc1S(=O)(=O)Nc1cccc2c1CCCC2,0
ZINC69672395,ChEMBL_zinc_D_8623,CCOCCCC(=O)N(C)S(=O)(=O)c1ccc2c(c1)OCCO2,0
ZINC58573239,ChEMBL_zinc_D_8624,CN(C)c1ccc(CNC(=O)NC2CCCN(S(C)(=O)=O)C2)cc1F,0
ZINC69892391,ChEMBL_zinc_D_8625,Cc1cc(CN2CCN(c3nnc(C)c(C)c3C(N)=O)CC2)no1,0
ZINC69898812,ChEMBL_zinc_D_8626,CCOc1cc(C(=O)Nc2ccnn2C2CC[NH+](CC)CC2)ccc1OC,0
ZINC09973464,ChEMBL_zinc_D_8627,COc1cc(C(=O)n2nc(-c3ccccc3)nc2NCc2cccs2)cc(OC)c1OC,0
ZINC10021323,ChEMBL_zinc_D_8628,O=C(CCCS(=O)(=O)c1ccc(Cl)cc1)Nc1cccc(Cl)c1Cl,0
ZINC37977145,ChEMBL_zinc_D_8629,Clc1c2ccccc2sc1CNCCc1ccccn1,0
ZINC08612101,ChEMBL_zinc_D_8630,CCN1c2ccccc2C2(C1=O)c1c(oc3ccc(C)cc3c1=O)C(=O)N2CCCOC(C)C,0
ZINC63918010,ChEMBL_zinc_D_8631,CCC(O)(CC)C[NH2+]Cc1cccc(OCCOC)c1,0
ZINC58298232,ChEMBL_zinc_D_8632,CC(Nc1ncnc2sccc21)c1cccc(O)c1,0
ZINC36656287,ChEMBL_zinc_D_8633,Cc1nn(-c2ccc(F)cc2)c2sc(C(=O)NCCNC(=O)C(C)C)cc12,0
ZINC11490099,ChEMBL_zinc_D_8634,COCCn1c2ccccc2nc1SCC(=O)NC(C)C(C)C,0
ZINC64026792,ChEMBL_zinc_D_8635,CNC(=O)c1cc(NC(=O)c2cccc(C[NH+]3CCCC3)c2)ccc1Cl,0
ZINC64083140,ChEMBL_zinc_D_8636,CCOc1ccc2c(c1)CN(C(=O)c1ccc(CNC(N)=O)cc1)CC2,0
ZINC53194702,ChEMBL_zinc_D_8637,Cc1ccc(C)c(OCCC(=O)N2CCN(Cc3ccccn3)CC2)c1,0
ZINC53281434,ChEMBL_zinc_D_8638,CCN(CC(C)C#N)C(=O)Cn1nnc(-c2ccc(Cl)cc2)n1,0
ZINC32878820,ChEMBL_zinc_D_8639,O=C(CNC(=O)COc1ccc(F)cc1F)Nc1ccc(F)cc1,0
ZINC59264996,ChEMBL_zinc_D_8640,Cc1ccc(NC(=O)CCSc2nnc(-c3cccc(Br)c3)n2N)c(C)c1,0
ZINC50139365,ChEMBL_zinc_D_8641,CCOC1CCN(C(=O)NCc2ccc(OCC[NH+](C)C)cc2)CC1,0
ZINC17310923,ChEMBL_zinc_D_8642,COc1ccc(CCNCc2c(C)nn(-c3ccc(F)cc3)c2C)cc1OC,0
ZINC39956212,ChEMBL_zinc_D_8643,Cc1cc(-c2cccc(C(=O)[O-])c2)on1,0
ZINC40050802,ChEMBL_zinc_D_8644,Cc1nc(COc2ccc(C(=O)NC3CCCC(C(F)(F)F)C3)cc2)no1,0
ZINC66631117,ChEMBL_zinc_D_8645,CCCCNC(=O)C1CCC(C)N(C(=O)c2ccc(-c3ccco3)nc2C)C1,0
ZINC66660027,ChEMBL_zinc_D_8646,COc1ccc(NC(=O)CNC(=O)NCc2ccc(Cl)cc2)c(C)c1,0
ZINC10917619,ChEMBL_zinc_D_8647,CC[NH+](CC)C(CNC(=O)CCc1c(C)nc2nc(C(F)(F)F)nn2c1C)c1cccc(OC)c1,0
ZINC11049978,ChEMBL_zinc_D_8648,CCc1ccc(C([NH2+]C(C)C(=O)Nc2ccc3[nH]c(=O)[nH]c3c2)C(C)C)cc1,0
ZINC50535491,ChEMBL_zinc_D_8649,CC(C)(C(=O)N1CCCC1)c1ccc(Cl)c(Cl)c1,0
ZINC65116541,ChEMBL_zinc_D_8650,Cc1sc(-c2nnc(C(=O)N3CCCC3)o2)cc1S(=O)(=O)NCc1ccco1,0
ZINC67338719,ChEMBL_zinc_D_8651,CCC(C(=O)NC)N(c1ccc(OC)c(Cl)c1)S(C)(=O)=O,0
ZINC67431891,ChEMBL_zinc_D_8652,O=C(c1cccc(Cl)c1F)N1Cc2cnn(Cc3ccc(F)cc3)c2C1,0
ZINC45971582,ChEMBL_zinc_D_8653,Cc1ccc(-c2cc3c4nnc(SCC(=O)N5CCCCC5)n4ccn3n2)cc1C,0
ZINC64717841,ChEMBL_zinc_D_8654,COCCOCCCC(=O)Nc1ccc(C(=O)c2nccn2C)cc1,0
ZINC48872350,ChEMBL_zinc_D_8655,CCc1nc(CSc2nc3ccccc3[nH]2)no1,0
ZINC48944974,ChEMBL_zinc_D_8656,CN(C(=O)c1cccc(C#N)c1)c1ccc(F)c(F)c1,0
ZINC51555375,ChEMBL_zinc_D_8657,CCc1ccc(OCC(O)C[NH+](CC)CC2CCCO2)cc1,0
ZINC65752357,ChEMBL_zinc_D_8658,NC(=O)c1ccc(N2CCCCC2)c(NC(=O)NCc2ccncc2)c1,0
ZINC13688127,ChEMBL_zinc_D_8659,O=C(CSc1nc2ncc(Cl)cc2[n-]1)c1c[nH]c2ccccc12,0
ZINC04933399,ChEMBL_zinc_D_8660,CC(=O)N1CCN(c2ccccc2NC(=O)COc2cc(C)cc(C)c2)CC1,0
ZINC58423313,ChEMBL_zinc_D_8661,CCOc1ccc2c(c1)CN(C(=O)Nc1cc(NC(=O)C(C)C)ccc1C)CC2,0
ZINC69585250,ChEMBL_zinc_D_8662,CC1(C(=O)OCc2cn(-c3ccc(C(F)(F)F)cn3)nn2)CCCC1,0
ZINC64238877,ChEMBL_zinc_D_8663,Cc1ccc(CNC(=O)NCc2ccc(-n3cnc4ccccc43)nc2)c(C)c1,0
ZINC58315036,ChEMBL_zinc_D_8664,CC(Oc1ccc(F)c(F)c1)C(=O)NCCNc1ncccc1C#N,0
ZINC69835528,ChEMBL_zinc_D_8665,CCOC1CC1C(=O)Oc1cccc(OC)c1,0
ZINC58718339,ChEMBL_zinc_D_8666,COC(C)C(=O)Nc1cc(Cl)ccc1NC(C)=O,0
ZINC12631836,ChEMBL_zinc_D_8667,OCCn1c(CSc2nnnn2-c2ccc(O)cc2)nc2ccc(Cl)cc21,0
ZINC12527174,ChEMBL_zinc_D_8668,O=C(CNc1cccc(-c2nnnn2C2CC2)c1)NCc1ccco1,0
ZINC69032772,ChEMBL_zinc_D_8669,O=C(NCCCc1cccc(F)c1)Nc1nccs1,0
ZINC69041631,ChEMBL_zinc_D_8670,CCC(C)C(NC(N)=O)C(=O)N(C)Cc1cccc(Cl)c1,0
ZINC58840134,ChEMBL_zinc_D_8671,COc1ccc(C(=O)NC(C(=O)[O-])c2ccccc2)c(OC)c1,0
ZINC58844130,ChEMBL_zinc_D_8672,O=C(OCc1ccccn1)C1(c2ccccc2)CC1,0
ZINC36360874,ChEMBL_zinc_D_8673,Cn1cc(C(C(=O)[O-])[NH+]2CCN(Cc3ccccc3)CC2)c2ccc(C(=O)[O-])cc21,0
ZINC36562770,ChEMBL_zinc_D_8674,CCC(NC(=O)C(C)Oc1ccccc1Cl)c1ccccc1,0
ZINC60392260,ChEMBL_zinc_D_8675,C[NH+](C)C(CNC(=O)c1ccccc1CSc1nc2ccccc2[nH]1)c1ccccc1,0
ZINC60400868,ChEMBL_zinc_D_8676,CCc1ccc(CCC(=O)Nc2ccc(S(=O)(=O)NCCOC)cc2)cc1,0
ZINC69031696,ChEMBL_zinc_D_8677,O=S(=O)(CCCN1CCCC1C[NH+]1CCCCC1)c1ccccc1,0
ZINC69096456,ChEMBL_zinc_D_8678,CCSc1ccc(NC(C)C(=O)N2CCc3sccc3C2)cn1,0
ZINC47598835,ChEMBL_zinc_D_8679,CC(C)NC(=O)Nc1ccc(CNC(=O)NCCCO)cc1,0
ZINC47706277,ChEMBL_zinc_D_8680,CCCC(=O)Nc1ccc(CNC(=O)NC)cc1,0
ZINC68878498,ChEMBL_zinc_D_8681,CN(C)C(=O)N1CCN(S(=O)(=O)CCCCC#N)CC1,0
ZINC70015621,ChEMBL_zinc_D_8682,CCC(O)CN1CCN(C(=O)CCc2ccccc2F)CC1,0
ZINC04566909,ChEMBL_zinc_D_8683,CCCCOCc1cc(C(C)=O)ccc1OCC(O)C[NH2+]CCC,0
ZINC12496551,ChEMBL_zinc_D_8684,CCCCCC=CCC(O)C=CC=CC=CC(O)CCCC(=O)[O-],0
ZINC65987769,ChEMBL_zinc_D_8685,C=CCN(CCc1ccccc1)C(=O)NCCCOC(C)C,0
ZINC66420389,ChEMBL_zinc_D_8686,CC(c1ccc(OC(F)F)cc1)[NH+]1CCC(C(=O)N2CCOCC2)CC1,0
ZINC67318011,ChEMBL_zinc_D_8687,O=C(Nc1cccc(S(=O)(=O)C(F)F)c1)N1CCC([NH+]2CCCC2)C1,0
ZINC67416883,ChEMBL_zinc_D_8688,CCN(Cc1cccc(F)c1)C(=O)C[NH+]1CCCC(CNC(C)=O)C1,0
ZINC60626992,ChEMBL_zinc_D_8689,CN1CCc2nc(NC(=O)c3ccc(O)c(Cl)c3)sc2C1,0
ZINC06121668,ChEMBL_zinc_D_8690,CCC(C)c1ccc(-c2csc(NC(=O)c3ccoc3C)n2)cc1,0
ZINC08334057,ChEMBL_zinc_D_8691,O=C(CSc1ncccn1)Nc1nnc(SCc2ccccc2)s1,0
ZINC08394529,ChEMBL_zinc_D_8692,O=S(=O)(c1ccc2oc(SCCOc3ccccc3)nc2c1)N1CCCCC1,0
ZINC52661503,ChEMBL_zinc_D_8693,CCOC(=O)C1CC[NH+](C(C)c2ccc(F)cc2)CC1,0
ZINC70770945,ChEMBL_zinc_D_8694,O=C(c1cccc(F)c1)N1CCN(C(=O)C2CC3CCC2O3)CC1,0
ZINC69918005,ChEMBL_zinc_D_8695,CCc1ncc2c(n1)CN(Cc1cc(=O)n3cccc(C)c3[nH+]1)CC2,0
ZINC69931804,ChEMBL_zinc_D_8696,Cn1cc(CNC(=O)NCc2csc(C3CC3)n2)cn1,0
ZINC37502634,ChEMBL_zinc_D_8697,COc1cc(CNCCc2cccnc2)cc(Cl)c1OC,0
ZINC40819789,ChEMBL_zinc_D_8698,COc1ccc2c(ccn2CCNC(=O)c2ncc[nH]c2=O)c1,0
ZINC66714615,ChEMBL_zinc_D_8699,Cc1nc(-c2ccncc2)[nH]c(=O)c1CCC(=O)N(C)CC(C)c1ccccc1,0
ZINC66739965,ChEMBL_zinc_D_8700,CCCCCOc1cc(C2Nc3c(C)[nH]nc3C(=O)N2)ccc1OC,0
ZINC63285003,ChEMBL_zinc_D_8701,CCCN(CC(=O)Nc1ccccc1C)C(=O)CCOCCOC,0
ZINC63678783,ChEMBL_zinc_D_8702,CCCOc1ccc(C(=O)CCC(=O)N(C)CCC)cc1,0
ZINC48278631,ChEMBL_zinc_D_8703,CCC[NH+]1CCCCC1C(=O)Nc1ccc(OCC)c(S(=O)(=O)N(C)C)c1,0
ZINC05635917,ChEMBL_zinc_D_8704,COc1cccc(NCc2nnc(SCC(=O)N3CCCC3)n2C2CCCCC2)c1,0
ZINC04772681,ChEMBL_zinc_D_8705,O=c1c2ccccc2cnn1Cc1nc2c3c4c(sc3ncn2n1)CCCCC4,0
ZINC45743780,ChEMBL_zinc_D_8706,COc1ccc(S(=O)(=O)NCC2CCN(c3ccccc3)C2)cc1,0
ZINC65778689,ChEMBL_zinc_D_8707,CC(=O)Nc1cccc(C(=O)NCc2nc(-c3cccs3)no2)c1,0
ZINC65798394,ChEMBL_zinc_D_8708,Cc1cc(N(C)C)ccc1NC(=O)Nc1cccnc1Cl,0
ZINC67361126,ChEMBL_zinc_D_8709,CC(CC(=O)NCC1CCC[NH+](Cc2ccccc2)C1)C1CC1,0
ZINC67447729,ChEMBL_zinc_D_8710,COc1cccc(CC2CCCN2c2ncccn2)c1,0
ZINC67520572,ChEMBL_zinc_D_8711,CCOC1CCCN(C(=O)C(C)Oc2ccc(C#N)cc2)C1,0
ZINC67631186,ChEMBL_zinc_D_8712,CC(C)[NH+]1CCC(CNC(=O)CC(C)c2ccc(C(F)(F)F)cc2)C1,0
ZINC62363228,ChEMBL_zinc_D_8713,CCCOc1ccc(OCC[NH+]2CCCC2C(=O)N2CCOCC2)cc1,0
ZINC62500595,ChEMBL_zinc_D_8714,COc1ccc(-n2ccc(CNC(=O)N3CC4CC5CC(C4)CC3C5)n2)cc1,0
ZINC01368240,ChEMBL_zinc_D_8715,CC1CCCC(C)N1S(=O)(=O)c1ccc(S(N)(=O)=O)cc1,0
ZINC62590037,ChEMBL_zinc_D_8716,CS(=O)(=O)c1ccc(F)c(C(=O)OCC(=O)N2CCc3ccccc32)c1,0
ZINC13031567,ChEMBL_zinc_D_8717,COc1ccccc1N(C(=O)Cn1nnc2ccccc21)C(C(=O)NCCC(C)C)c1ccc(C)o1,0
ZINC13064017,ChEMBL_zinc_D_8718,CCC(c1nnnn1C(C)(C)CC)[NH+](Cc1ccc(F)cc1)Cc1cc2cc(OC)ccc2[nH]c1=O,0
ZINC45462287,ChEMBL_zinc_D_8719,CCc1ccc(CN(C)C(=O)NC2CC[NH+](CC(C)C)CC2)cc1,0
ZINC45603253,ChEMBL_zinc_D_8720,CC(NC(=O)c1ccccc1Cl)C(=O)N(C)Cc1ccc(Cl)s1,0
ZINC58918564,ChEMBL_zinc_D_8721,O=C(C1CC(=O)N(c2ccc(F)cc2F)C1)N1CCCC([NH+]2CCCC2)C1,0
ZINC02623925,ChEMBL_zinc_D_8722,CCNC(=O)CSc1nnnn1-c1ccccc1,0
ZINC47915603,ChEMBL_zinc_D_8723,CCCCNC(=O)C[NH+]1CCCC(C(=O)OCC)C1,0
ZINC49263878,ChEMBL_zinc_D_8724,Cc1ccc(S(C)(=O)=O)c(NC(=O)NCC2CCC2)c1,0
ZINC17243520,ChEMBL_zinc_D_8725,COc1ccccc1NC(=O)C1=C(C)Nc2nc(-c3ccc(OC)c(OC)c3)nn2C1c1ccccn1,0
ZINC03445372,ChEMBL_zinc_D_8726,CN(Cc1ccccc1)C(=O)COc1ccccc1C#N,0
ZINC51647687,ChEMBL_zinc_D_8727,O=C(NCC(O)COc1ccccc1)Nc1ccc(Oc2ccncc2)cc1,0
ZINC51953131,ChEMBL_zinc_D_8728,CCc1ccc(C(=O)Nc2ccc(C#N)cn2)cc1,0
ZINC55401954,ChEMBL_zinc_D_8729,COc1ccc(CCC(=O)NC(C)C[NH+]2CCCC(C)C2)cc1OC,0
ZINC65991177,ChEMBL_zinc_D_8730,CC(NC(=O)NCCNc1ncccc1C#N)c1cccc(N2CCOC2=O)c1,0
ZINC64972425,ChEMBL_zinc_D_8731,CCOc1ccccc1CNC(=O)C1Cc2ccccc2CN1S(=O)(=O)c1cccc(C)c1,0
ZINC65040171,ChEMBL_zinc_D_8732,CCN(CC1CCCO1)C(=O)NCc1ccc(OC)cc1,0
ZINC57446563,ChEMBL_zinc_D_8733,COC(=O)N1CCC(NC(=O)CSc2ccc(F)c(F)c2)CC1,0
ZINC05150370,ChEMBL_zinc_D_8734,C#CCn1c2ccc(OC)cc2sc1=NC(=O)c1ccc(S(C)(=O)=O)cc1,0
ZINC66095480,ChEMBL_zinc_D_8735,C=C(C)COc1cccc(NC(=O)CNc2cccc(C(=O)N3CCCC3)c2)c1,0
ZINC66110270,ChEMBL_zinc_D_8736,CC(C)Oc1cccc(NC(=O)CNc2cccc(CCC(=O)N(C)C)c2)c1,0
ZINC00825530,ChEMBL_zinc_D_8737,COc1ccc(-c2cc(C(F)(F)F)n3nc(C(=O)NCc4ccco4)c(Br)c3n2)cc1,0
ZINC02408101,ChEMBL_zinc_D_8738,COc1cc(C=c2sc3nc(-c4ccc(F)cc4)nn3c2=O)cc(Br)c1OC(C)=O,0
ZINC64091040,ChEMBL_zinc_D_8739,CCS(=O)(=O)c1ccccc1N1CCC(NC(=O)C(C)n2ccnc2)CC1,0
ZINC05553927,ChEMBL_zinc_D_8740,CN(C)S(=O)(=O)c1ccc2c(c1)CCN2C(=O)c1cncc(Br)c1,0
ZINC66713728,ChEMBL_zinc_D_8741,CCOCCN(Cc1ccc(C(=O)OC)o1)C(=O)c1ccc(-n2cnnn2)cc1,0
ZINC66754440,ChEMBL_zinc_D_8742,CC(NC(=O)CCNC(=O)C(C)(C)C)c1cccc(S(=O)(=O)N(C)C)c1,0
ZINC66552845,ChEMBL_zinc_D_8743,CS(=O)(=O)c1c(F)cc(NC(=O)c2ccc(Br)o2)cc1F,0
ZINC66596653,ChEMBL_zinc_D_8744,Cc1ncsc1CN(C)C(=O)NCc1cccc(C[NH+](C)C)c1,0
ZINC38739570,ChEMBL_zinc_D_8745,O=C(Cc1csc(NC(=O)c2ccsc2)n1)NCc1ccccc1Cl,0
ZINC38752470,ChEMBL_zinc_D_8746,O=C(Cc1ccccc1Cl)NCc1cc(-c2ccccc2)on1,0
ZINC68759174,ChEMBL_zinc_D_8747,CC(Cc1cccc(F)c1)C(=O)NC(c1ccccc1)c1ccccn1,0
ZINC68791310,ChEMBL_zinc_D_8748,Cc1cc(C)c(S(N)(=O)=O)cc1C(=O)NC1CC1c1cccc(F)c1,0
ZINC27473293,ChEMBL_zinc_D_8749,COCC(C)NC(=O)CCc1nc(-c2ccncc2)no1,0
ZINC36096586,ChEMBL_zinc_D_8750,COCCC[NH+](Cc1cccs1)CC(O)COc1ccc(OC)cc1,0
ZINC00268348,ChEMBL_zinc_D_8751,O=C([O-])CCC(=O)NCc1ccc(CNC(=O)CCC(=O)[O-])cc1,0
ZINC68785220,ChEMBL_zinc_D_8752,CCCNC(=O)CN1CC[NH+](Cc2ccc(SC)c(OC)c2)CC1,0
ZINC09519191,ChEMBL_zinc_D_8753,CCOC(=O)Cn1c(=O)c2c(nc3n2CCCN3c2cc(Cl)ccc2C)n(C)c1=O,0
ZINC09584607,ChEMBL_zinc_D_8754,Cc1ccc(C(O)c2cc3c(cc2NC(=O)c2ccc(F)cc2)OCCO3)cc1,0
ZINC00832084,ChEMBL_zinc_D_8755,O=C(CN(c1ccccc1)S(=O)(=O)c1ccccc1)NCc1ccncc1,0
ZINC60478241,ChEMBL_zinc_D_8756,Cn1cc(-c2nc(C[NH+](Cc3ccc(F)cc3F)C3CC3)cs2)cn1,0
ZINC04671170,ChEMBL_zinc_D_8757,COc1ccc(N(C(=O)c2ccncc2)S(=O)(=O)c2ccc(Cl)cc2)cc1,0
ZINC04299708,ChEMBL_zinc_D_8758,CCOC(=O)c1ccc(N2CC3CCCC[NH+]3C2c2cccc(OC)c2O)cc1,0
ZINC19789473,ChEMBL_zinc_D_8759,CCCCc1[nH]cc(CN(CC2CCC[NH+]2CC)CC2CC[NH+](CCOC)CC2)[nH+]1,0
ZINC47350774,ChEMBL_zinc_D_8760,CCCCc1nnc(NC(=O)N2CCC(C(=O)N(C)CCCC)CC2)s1,0
ZINC68708466,ChEMBL_zinc_D_8761,CCCCC1CCCC1NC(=O)COCCC,0
ZINC16091673,ChEMBL_zinc_D_8762,CC1CC(C)CN(S(=O)(=O)c2ccc(Cl)c(Cl)c2)C1,0
ZINC09339250,ChEMBL_zinc_D_8763,Cc1noc2nc(C)cc(C(=O)Nc3ccccn3)c12,0
ZINC10088377,ChEMBL_zinc_D_8764,CCC[NH+](CC(=O)Nc1ccc(C)c(F)c1)Cc1nc2ccsc2c(=O)[nH]1,0
ZINC54228723,ChEMBL_zinc_D_8765,O=C(NCCS(=O)(=O)c1ccc(Cl)cc1)c1ccn(-c2ccccc2)n1,0
ZINC65210825,ChEMBL_zinc_D_8766,Cn1c(C(=O)NCc2ccccc2)cc2c1CCN(Cc1ccccc1)C2,0
ZINC01145049,ChEMBL_zinc_D_8767,COC(=O)COc1ccc(S(=O)(=O)Nc2ccc(F)cc2F)cc1,0
ZINC63096642,ChEMBL_zinc_D_8768,O=C(c1ccn(-c2cccc(F)c2)n1)N1CCC(Nc2ccccc2)CC1,0
ZINC68816787,ChEMBL_zinc_D_8769,CCC(C)NC(=O)c1ccc(NC(=O)C(C)Oc2ccccc2C#N)c(C)c1,0
ZINC68945151,ChEMBL_zinc_D_8770,Cc1nc(S(=O)(=O)NC2CC[NH+](CC(=O)N(C)C)CC2)cn1C,0
ZINC69915838,ChEMBL_zinc_D_8771,COCC(C)(O)CNC(=O)Nc1nnc(C(C)C)s1,0
ZINC70973450,ChEMBL_zinc_D_8772,COc1cccc2sc(N(C)CC(=O)NCc3ccccc3F)nc21,0
ZINC68367805,ChEMBL_zinc_D_8773,O=C(OC1CCCC1)C1(c2ccccc2)CC1,0
ZINC68494149,ChEMBL_zinc_D_8774,COCC[NH+]1CCC(CNC(=O)CCn2cccn2)C1,0
ZINC67463018,ChEMBL_zinc_D_8775,COc1cc(Cl)c(C)cc1NC(=O)CNC(=O)c1ccsc1,0
ZINC06575282,ChEMBL_zinc_D_8776,O=c1cc2n(c(O)c1Cc1ccccc1)CCC2,0
ZINC27645413,ChEMBL_zinc_D_8777,CCCCCC=CCC(O)C=CC=CCCC(=O)[O-],0
ZINC28002313,ChEMBL_zinc_D_8778,CC[NH+](CC)CCCC(C)N1C(=O)c2ccc(C(=O)OC)cc2S1(=O)=O,0
ZINC49276641,ChEMBL_zinc_D_8779,CC(OCC1CCCO1)C(=O)NC(C)c1ccc(Cl)s1,0
ZINC49461009,ChEMBL_zinc_D_8780,Cc1[nH+]ccn1CCNC(=O)COc1ccc(C(C)C)cc1,0
ZINC66576196,ChEMBL_zinc_D_8781,COCCCN(CCOC)S(=O)(=O)c1cccc(C(=O)OC)c1C,0
ZINC66644800,ChEMBL_zinc_D_8782,COc1ccc(CCCCCC(=O)N2CCC(C(=O)NC(C)C)CC2)cc1,0
ZINC39413211,ChEMBL_zinc_D_8783,COCCN1CC(C(=O)NCC2=CC=CC3N=CC=C23)CCC1=O,0
ZINC40115519,ChEMBL_zinc_D_8784,O=C(Nc1ccccc1F)N1CCCC(C(=O)N2CCN(c3ccccc3Cl)CC2)C1,0
ZINC00845000,ChEMBL_zinc_D_8785,COc1ccc(-c2cc(C(F)(F)F)n3ncc(C(=O)NC4CCCCC4)c3n2)cc1OC,0
ZINC36611839,ChEMBL_zinc_D_8786,O=c1nc2n(c3ccsc31)Cc1ccccc1-2,0
ZINC69125744,ChEMBL_zinc_D_8787,CCC(C)NC(=O)CN1CCN(C(=O)NCCCc2cccc(F)c2)CC1,0
ZINC48361895,ChEMBL_zinc_D_8788,O=c1[nH]ncc(NCc2ccc(N3CCOCC3)c(F)c2)c1Cl,0
ZINC51162605,ChEMBL_zinc_D_8789,Cc1ccc(CC2CCCN(S(=O)(=O)N3CCOCC3)C2)cc1,0
ZINC51878640,ChEMBL_zinc_D_8790,COCC[NH+](CCOC)CC(=O)NC1(c2ccccc2)CCC1,0
ZINC70448663,ChEMBL_zinc_D_8791,CCCCCOCC(=O)NC(C)C(=O)OCC,0
ZINC01684720,ChEMBL_zinc_D_8792,CCCCCC(=O)OCCCO,0
ZINC67556633,ChEMBL_zinc_D_8793,CCOC1CCCN(C(=O)Nc2cccc(C(F)(F)F)c2)C1,0
ZINC67565789,ChEMBL_zinc_D_8794,NC(=O)c1cc(NC(=O)NC2CC2c2ccccc2)ccc1Cl,0
ZINC70755359,ChEMBL_zinc_D_8795,COCCCn1c(C)cc(C(=O)C[NH+](C)Cc2ccc3c(c2)OCO3)c1C,0
ZINC15101537,ChEMBL_zinc_D_8796,CC(C(=O)Nc1ccccc1)[NH+](C)CCOc1ccc(F)cc1,0
ZINC18067334,ChEMBL_zinc_D_8797,Cc1ccc2c(=O)cc(C(=O)Nc3ccc(S(=O)(=O)N4CC(C)OC(C)C4)cc3)oc2c1,0
ZINC18131865,ChEMBL_zinc_D_8798,CCC(NC(=O)c1ccc(-n2cccn2)cc1)c1ccc(OC)cc1,0
ZINC06105998,ChEMBL_zinc_D_8799,Cc1ccc(-n2cnnc2SC(C)C(=O)NC2CCCCC2C)c(C)c1,0
ZINC13059097,ChEMBL_zinc_D_8800,O=S(=O)(Nc1ccc(S(=O)(=O)N2CCCCCC2)cc1)c1cc(Cl)cc(Cl)c1,0
ZINC40473226,ChEMBL_zinc_D_8801,CCOC(=O)N1CCN(CC(=O)NCC2CCCO2)CC1,0
ZINC42286677,ChEMBL_zinc_D_8802,Cc1ccc(NC(=O)C(C)[NH+]2CCCC(O)C2)cc1C,0
ZINC71947041,ChEMBL_zinc_D_8803,COc1ccc(C(CNCc2ccc(OC(C)C)cc2)[NH+]2CCCC2)cc1,0
ZINC56468401,ChEMBL_zinc_D_8804,COC(CNC(=O)c1ccc(N2CCOC2=O)cc1)c1ccccc1,0
ZINC62653236,ChEMBL_zinc_D_8805,O=C(NCc1cc2cc(F)ccc2s1)N1CCc2ccc(O)cc2C1,0
ZINC05188753,ChEMBL_zinc_D_8806,Cc1ccc(NC(=O)CS(=O)(=O)c2ccc(C)cc2)cc1,0
ZINC04895470,ChEMBL_zinc_D_8807,CC1CCCC(C)N1S(=O)(=O)c1ccc(S(=O)(=O)NCC2CCCO2)cc1,0
ZINC62658825,ChEMBL_zinc_D_8808,CC(COCC(F)(F)F)NC(=O)N1CCOC(c2ccc(Cl)cc2)C1,0
ZINC09097112,ChEMBL_zinc_D_8809,CC1CC(C)CN(C(=O)COC(=O)CCc2ccc(S(=O)(=O)N3CCOCC3)cc2)C1,0
ZINC09482299,ChEMBL_zinc_D_8810,CC(C)C(Cn1nnc2ccccc2c1=O)NC(=O)C[NH+]1CCC(C(N)=O)CC1,0
ZINC49958101,ChEMBL_zinc_D_8811,CCCN(CC1COc2ccccc2O1)C(=O)C1CC1,0
ZINC70807279,ChEMBL_zinc_D_8812,CCOc1ccc(NC(=O)C(C)OC2CCCC2)c(C(F)(F)F)c1,0
ZINC69079106,ChEMBL_zinc_D_8813,Cn1cc(CCNC(=O)NC2CCC[NH+](C3CCCCC3)C2)cn1,0
ZINC69152624,ChEMBL_zinc_D_8814,O=C(NCCNc1ncccn1)NCCOCC1CCOC1,0
ZINC33758238,ChEMBL_zinc_D_8815,O=C(CSc1ncnn1-c1ccccc1)Nc1ccc(N2CCN(C(=O)c3ccccc3)CC2)cc1,0
ZINC59358011,ChEMBL_zinc_D_8816,Cc1ccc(NC(=O)N2CCN(Cc3ccncc3)CC2)c(OCc2ccccc2)c1,0
ZINC11784267,ChEMBL_zinc_D_8817,Cc1ccc2c(c1)C[NH+](CCC(=O)NCC1CCCO1)CC(C)O2,0
ZINC11667964,ChEMBL_zinc_D_8818,Cc1oc(-c2cccc(C(F)(F)F)c2)nc1C[NH+]1CCCCC1c1ccccn1,0
ZINC65932054,ChEMBL_zinc_D_8819,COc1c(Cl)cc(Cl)cc1C[NH2+]CCCC[NH+]1CCCC1,0
ZINC66132557,ChEMBL_zinc_D_8820,C=CCOc1ccc(C2Nc3ccccc3C(=O)N2CCCC)cc1OC,0
ZINC41508813,ChEMBL_zinc_D_8821,CC[NH+](CC)CCNC(=O)C(C)(C)c1ccccc1OC,0
ZINC41572957,ChEMBL_zinc_D_8822,CC(=O)Nc1ccc(S(=O)(=O)[N-]c2nc(-c3ccncc3)cs2)cc1,0
ZINC67479414,ChEMBL_zinc_D_8823,CC(Oc1cccc(C#N)c1)C(=O)N1CCN(C(=O)C(C)(C)C)CC1,0
ZINC67652492,ChEMBL_zinc_D_8824,CCN(CC)C(=O)C1CCC[NH+]1Cc1cccc(F)c1,0
ZINC00118971,ChEMBL_zinc_D_8825,Cn1nc(NC(=O)C2CCC2C(=O)[O-])c2c1cccc2F,0
ZINC00671527,ChEMBL_zinc_D_8826,O=C(C(Sc1ccccc1)c1ccccc1)N1CCN(c2ccccc2)CC1,0
ZINC58140550,ChEMBL_zinc_D_8827,C=CCOC(C)C(=O)NCc1ccnc(OC2CCCC2)c1,0
ZINC24509279,ChEMBL_zinc_D_8828,CCCc1noc(CCC(=O)Nc2ccc(OC)c(OC3CCCC3)c2)n1,0
ZINC55260043,ChEMBL_zinc_D_8829,CCOc1ccc(Cl)c(C(=O)NCCCCN2CCOCC2)n1,0
ZINC65784351,ChEMBL_zinc_D_8830,CCC(OC)C(=O)N1CCC(NC(=O)C2CCCCC2)CC1,0
ZINC69868953,ChEMBL_zinc_D_8831,CC1CC(NC(=O)N2CC(C)OC(C)C2)c2ccccc21,0
ZINC69927973,ChEMBL_zinc_D_8832,Cc1nc2n(n1)CC([NH2+]Cc1c[nH]nc1-c1ccc(C)cc1)CC2,0
ZINC72158732,ChEMBL_zinc_D_8833,Cc1cccc2[nH]c(COCC(=O)N3CCOC4(C3)C[NH2+]CCOC4)nc21,0
ZINC08258361,ChEMBL_zinc_D_8834,CCC1CCCCN1C(=O)COC(=O)c1cc(C(C)=O)c[nH]1,0
ZINC68565271,ChEMBL_zinc_D_8835,O=C(NC(Cc1ccccc1)C(=O)NCCOCC1CCOC1)c1ccco1,0
ZINC68580823,ChEMBL_zinc_D_8836,CC(c1cccnc1)N(C)C(=O)NCCNS(=O)(=O)c1ccccc1,0
ZINC01741520,ChEMBL_zinc_D_8837,Cc1cc(C)nc(N2CCN(C(=O)CCC(=O)NC3CCCCC3)CC2)n1,0
ZINC04252708,ChEMBL_zinc_D_8838,COC(=O)Cn1c2c(cccc2F)sc1=NC(=O)c1ccc(OC)c(OC)c1,0
ZINC60404110,ChEMBL_zinc_D_8839,CCCOc1ccc(OCC(=O)N(C)C2CC[NH+](CCC)CC2)cc1,0
ZINC60424662,ChEMBL_zinc_D_8840,Cc1ccccc1SCC(=O)N1CCC(NC(=O)C(C)C)CC1,0
ZINC22934853,ChEMBL_zinc_D_8841,CC(C)(C)NC(=O)C[NH+]1CCCN(CC(=O)NCCC2=CCCCC2)CC1,0
ZINC23709572,ChEMBL_zinc_D_8842,OC(COc1cccc2ccccc21)C[NH+]1CCCC(O)C1,0
ZINC15005331,ChEMBL_zinc_D_8843,COc1ccc(C(=O)Nc2cc(F)ccc2F)cc1S(=O)(=O)N1CC(C)CC(C)C1,0
ZINC68823658,ChEMBL_zinc_D_8844,O=C(Nc1cccnc1)c1ccc(OC(=O)C2Cc3cc(Cl)ccc3O2)cc1,0
ZINC46618797,ChEMBL_zinc_D_8845,CC(C)CCC(=O)NC1CCN(c2cccc[nH+]2)CC1,0
ZINC47008043,ChEMBL_zinc_D_8846,COc1ccc(C(O)CNC(=O)Nc2ccc(N(C)C(C)C)c(F)c2)cc1,0
ZINC52488403,ChEMBL_zinc_D_8847,Cc1ccc(C(CNc2ncccc2C#N)N2CCOCC2)cc1,0
ZINC04029564,ChEMBL_zinc_D_8848,CC(C)C(=O)OCC1CCC[NH+]2CCCCC12,0
ZINC23968486,ChEMBL_zinc_D_8849,Cc1noc(C)c1S(=O)(=O)N1CC[NH+](Cc2nc(=O)c3c(-c4ccccc4)csc3[nH]2)CC1,0
ZINC24444499,ChEMBL_zinc_D_8850,O=C(NCc1nnc2n1CCC2)c1cnn(-c2ccccc2F)c1-n1cccc1,0
ZINC41869295,ChEMBL_zinc_D_8851,C=CCNS(=O)(=O)c1cc(C(=O)Oc2ccc(C(=O)NC)cc2)ccc1F,0
ZINC41977764,ChEMBL_zinc_D_8852,COc1cccc(C(CNC(=O)c2cc(C)n(C(C)C)c2C)[NH+](C)C)c1,0
ZINC07330926,ChEMBL_zinc_D_8853,COCCn1c(C)cc(C(=O)Cn2nnc(-c3cccs3)n2)c1C,0
ZINC59048167,ChEMBL_zinc_D_8854,COc1cc(CNC(=O)CSc2nnc(-c3cccnc3)n2-c2ccccc2)cc(OC)c1,0
ZINC01704897,ChEMBL_zinc_D_8855,CCOC(=O)c1ccc(Nc2nc3ccccc3o2)cc1,0
ZINC05016917,ChEMBL_zinc_D_8856,COc1ccccc1-n1c(=O)c2ccccc2nc1SCC(=O)NC1CCCCC1,0
ZINC52963414,ChEMBL_zinc_D_8857,Cc1[nH]c(SCC(=O)N(C)Cc2ccc(O)cc2)nc1Cc1ccccc1,0
ZINC53020917,ChEMBL_zinc_D_8858,COc1cc(C(=O)NCC(=O)NCc2ccoc2)ccc1OC(F)F,0
ZINC20541336,ChEMBL_zinc_D_8859,C[NH+](CCC1CCCCO1)Cc1c(C(=O)N2CCOCC2)nc2ccccn21,0
ZINC20967560,ChEMBL_zinc_D_8860,CCCOc1c(Br)cc(CNCCN2CCOCC2)cc1Br,0
ZINC10778803,ChEMBL_zinc_D_8861,O=C(Nc1cc(C(=O)N2CCCCC2)ccc1Cl)C1CCCCC1,0
ZINC10814589,ChEMBL_zinc_D_8862,CCn1c(C)cc(C(=O)Cn2nnn(-c3cccs3)c2=O)c1C,0
ZINC07001382,ChEMBL_zinc_D_8863,Cc1oc2ncn(CC(C)C)c(=O)c2c1C(=O)N1CCCCC1,0
ZINC48374014,ChEMBL_zinc_D_8864,CC(NC1=NS(=O)(=O)c2ccccc21)C(=O)NCC1CCOC1,0
ZINC66947160,ChEMBL_zinc_D_8865,C[NH+](C)CC1CCCCN1C(=O)c1ccc(S(C)=O)cc1,0
ZINC66994881,ChEMBL_zinc_D_8866,CC(C)NC(=O)c1cccc(C[NH2+]Cc2ccccc2OCC(=O)N(C)C)c1,0
ZINC58866020,ChEMBL_zinc_D_8867,CCOC(=O)CCN(CC1CC1)C(=O)CCOc1ccccc1OC,0
ZINC70781720,ChEMBL_zinc_D_8868,Cc1ccccc1CN1CCN(C(=O)C(C)OCC2CCCO2)CC1,0
ZINC08775060,ChEMBL_zinc_D_8869,CCOC(=O)C1CCN(c2nc3c(c(=O)n(C)c(=O)n3C)n2Cc2ccc(Cl)cc2)CC1,0
ZINC03427110,ChEMBL_zinc_D_8870,O=C(NCCCN1CCCC1=O)c1ccc(CSc2nc3ccccc3s2)cc1,0
ZINC66149558,ChEMBL_zinc_D_8871,COc1nc(C)ccc1CNC(=O)NC(C)CN1CCCC1=O,0
ZINC66194939,ChEMBL_zinc_D_8872,CC(C)[NH+](C)CCNC(=O)N(C)C1CCN(c2cccc[nH+]2)CC1,0
ZINC67440510,ChEMBL_zinc_D_8873,CCOC(=O)c1cn(CN2CCOC(C(=O)OC)C2)nc1C(F)(F)F,0
ZINC67469540,ChEMBL_zinc_D_8874,CN(CCc1ccccn1)C(=O)CNC(=O)N1CCCC(O)C1,0
ZINC06723769,ChEMBL_zinc_D_8875,COCCN(Cc1nccn1Cc1ccc(F)cc1)C(=O)c1cccc(F)c1,0
ZINC02450630,ChEMBL_zinc_D_8876,COc1ccc(NC(=O)CSc2nnc(-c3ccc(OC)cc3)n2-c2ccccc2)cc1,0
ZINC45921734,ChEMBL_zinc_D_8877,COc1cccc(Sc2ccc(N3CCC(C(=O)NCc4ccc(C)o4)CC3)nn2)c1,0
ZINC45961358,ChEMBL_zinc_D_8878,O=C(Nc1cc(-n2cnnn2)ccc1N1CCCC1)c1ccccc1C(F)(F)F,0
ZINC37141593,ChEMBL_zinc_D_8879,Fc1ccc(F)c(C[NH2+]C2CCCC(C(F)(F)F)C2)c1,0
ZINC02846046,ChEMBL_zinc_D_8880,COc1ccc(CC(=O)Nc2ccc(OC)c(NC(=O)c3ccco3)c2)cc1,0
ZINC63692393,ChEMBL_zinc_D_8881,CN(CC(=O)N1CCCC1)C(=O)CCOc1ccc(Cl)c(Cl)c1,0
ZINC64255387,ChEMBL_zinc_D_8882,O=C(NCc1cccc(Cn2cncn2)c1)NC1CC[NH+](CC(F)F)CC1,0
ZINC09448349,ChEMBL_zinc_D_8883,O=C(CNC(=O)Cc1cccs1)Nc1ccc(F)c(F)c1,0
ZINC09548673,ChEMBL_zinc_D_8884,CCn1c2ccc(S(N)(=O)=O)cc2nc1SC(C(=O)Nc1ccc(F)cc1)c1ccccc1,0
ZINC65384794,ChEMBL_zinc_D_8885,Cc1cnc(-c2nc(C(C)C)nn2-c2cccc3cccnc32)cn1,0
ZINC65396897,ChEMBL_zinc_D_8886,CC(C)C(=O)Nc1cccc(C(=O)N2CCCC(Cn3cc(C(=O)[O-])nn3)C2)c1,0
ZINC65962803,ChEMBL_zinc_D_8887,Cc1nc(C[NH+]2CCC(NC(=O)C3CCCCC3)CC2)oc1C,0
ZINC66085122,ChEMBL_zinc_D_8888,O=C(CNc1ccc(C(=O)N2CCCCCC2)cc1)N1CCCCCC1,0
ZINC70692665,ChEMBL_zinc_D_8889,Cc1ccc(S(=O)(=O)N2CCCCC2C)cc1C(=O)N1CCC1,0
ZINC06943337,ChEMBL_zinc_D_8890,CSc1ccccc1C(=O)NCC1COc2ccccc2O1,0
ZINC11843810,ChEMBL_zinc_D_8891,O=C(c1csnn1)N1CCCC([NH+]2CCN(c3cccc(C(F)(F)F)c3)CC2)C1,0
ZINC11851737,ChEMBL_zinc_D_8892,CCC(C)COC(=O)C(C#N)c1nc2ccccc2nc1N1CC[NH+](C=Cc2ccccc2)CC1,0
ZINC20026484,ChEMBL_zinc_D_8893,Cn1c2nc(C[NH+]3CCN(c4cccc(Cl)c4)CC3)[nH]c2c(=O)n(C)c1=O,0
ZINC14749409,ChEMBL_zinc_D_8894,CN(Cc1cscn1)C1CCc2c(c(C(=O)N3CCc4ccccc4C3)nn2C)C1,0
ZINC02871867,ChEMBL_zinc_D_8895,Cc1ccc(SCCNC(=O)C(C)N(c2ccc(C)cc2)S(C)(=O)=O)cc1,0
ZINC46022725,ChEMBL_zinc_D_8896,c1coc(-c2nc3nc4c(c(Nc5ccc6c(c5)OCCO6)n3n2)CCC4)c1,0
ZINC09577169,ChEMBL_zinc_D_8897,O=C(Cc1csc(-c2ccsc2)n1)NCCc1c[nH]c2ccccc12,0
ZINC09467432,ChEMBL_zinc_D_8898,COc1ccc(N(C)S(=O)(=O)c2cccc(C(=O)NC(C)c3ccc(-n4ccnc4)cc3)c2)cc1,0
ZINC68800840,ChEMBL_zinc_D_8899,NC(=O)COc1ccccc1C(=O)NCCCOc1ccc(Cl)cc1Cl,0
ZINC68844684,ChEMBL_zinc_D_8900,CCC(=O)NCC(=O)NC(Cc1ccccc1Cl)c1ccccc1,0
ZINC58235710,ChEMBL_zinc_D_8901,CC1CN(S(=O)(=O)CCNC(=O)N(C)CC2CCCC2)CC(C)O1,0
ZINC69947046,ChEMBL_zinc_D_8902,CCCc1noc(CCC(=O)Nc2ccnn2Cc2ccc(Br)cc2)n1,0
ZINC68780148,ChEMBL_zinc_D_8903,Cc1cccc(C(=O)N2CCC[NH+](C(C)C)CC2)n1,0
ZINC68829471,ChEMBL_zinc_D_8904,O=C(NCC1CC=CCC1)c1ccc(S(=O)(=O)N2CCCCC2)o1,0
ZINC68781473,ChEMBL_zinc_D_8905,CC1CCCN(C(=O)C2CCCN2C(=O)OC(C)(C)C)CC1,0
ZINC58219438,ChEMBL_zinc_D_8906,O=C(NCCN1CCOCC1)NC1(c2ccc(Br)cc2)CC1,0
ZINC27430181,ChEMBL_zinc_D_8907,Cc1cc(CN2CCN(S(=O)(=O)N(C)C)CC2)no1,0
ZINC65428355,ChEMBL_zinc_D_8908,CCN(CC=Cc1ccccc1)C(=O)c1cnn2ccn(C)c12,0
ZINC64139538,ChEMBL_zinc_D_8909,Cc1nc(C[NH+]2CCN(CC(=O)N3CCCCCC3)CC2)oc1C,0
ZINC64698784,ChEMBL_zinc_D_8910,Cc1ccc(OC(=O)Cc2ccc(F)cc2)cn1,0
ZINC66420091,ChEMBL_zinc_D_8911,CC(C)COCCC(=O)N1CCN(CC(=O)NC2CCCC(C)C2)CC1,0
ZINC66675599,ChEMBL_zinc_D_8912,CCNS(=O)(=O)c1cccc(C(=O)N(CC)C2CCCCC2C)c1,0
ZINC59324026,ChEMBL_zinc_D_8913,CCCSc1ccccc1C(=O)Nc1cc(OC)ccc1OC,0
ZINC59388862,ChEMBL_zinc_D_8914,Cc1cc(C)cc(N(CCC#N)C(=O)CN2CCN(C(=O)c3ccc(C)c(F)c3)CC2)c1,0
ZINC04214061,ChEMBL_zinc_D_8915,CC1CCCC(C)N1C(=O)CSc1nnc(COc2cccc3cccnc32)o1,0
ZINC09549449,ChEMBL_zinc_D_8916,CCOc1ccc(NS(=O)(=O)c2ccc(C(=O)N3CCC3)cc2)cc1,0
ZINC68916538,ChEMBL_zinc_D_8917,CCOC(=O)CN(CC(F)(F)F)C(=O)c1cnn(-c2ccccn2)c1C,0
ZINC23979221,ChEMBL_zinc_D_8918,COc1cccc(CC(=O)NCC(c2ccccc2OC)[NH+](C)C)c1,0
ZINC42753410,ChEMBL_zinc_D_8919,O=C(Nc1nccs1)NC1CC[NH+](Cc2ccccc2)C1,0
ZINC32310106,ChEMBL_zinc_D_8920,Cc1cc(C(=O)NCCN2CCCCCC2=O)ccc1-n1cnnn1,0
ZINC00088332,ChEMBL_zinc_D_8921,Cc1ccc(S(=O)(=O)NC(C)c2ccccc2)cc1,0
ZINC59371780,ChEMBL_zinc_D_8922,COCCOC(=O)Nc1nc2ccccc2o1,0
ZINC69114700,ChEMBL_zinc_D_8923,CCCCNC(=O)C1CCC(C)N(S(=O)(=O)c2ccc3c(c2)COC3)C1,0
ZINC69152851,ChEMBL_zinc_D_8924,O=C(NCCOCC1CCOC1)NC1CCCCCC1,0
ZINC44458182,ChEMBL_zinc_D_8925,CCOC(=O)C1CCCN(C(=O)C2CCCN(C(=O)NC3CC3)C2)C1,0
ZINC46038323,ChEMBL_zinc_D_8926,O=C(Nc1ncc(Cc2ccccc2F)s1)C1(c2ccccc2)CCOCC1,0
ZINC52490788,ChEMBL_zinc_D_8927,CCC(C)NC(=O)c1cccc(CNC(=O)C[NH+](C)C2CCc3ccccc32)c1,0
ZINC13539724,ChEMBL_zinc_D_8928,CCCC(=O)Nc1ccc2c(c1)nc(CCN1CCN(c3ccccc3)CC1)n2C,0
ZINC04222675,ChEMBL_zinc_D_8929,CSc1ccc(-c2ccc3c(c2)C(=O)N2CCN(C(=O)CCC(=O)[O-])CC2C(=O)N3)cc1,0
ZINC37341109,ChEMBL_zinc_D_8930,COC(=O)C(c1ccccc1F)C1C=CC(NC(=O)c2sccc2Cl)C1,0
ZINC19228795,ChEMBL_zinc_D_8931,Cc1cc(C)c2c(C[NH+](C)CC3COCCO3)cc(C)nc2c1,0
ZINC19234401,ChEMBL_zinc_D_8932,Cc1cccc(C(=O)N2CCC(c3nnc(-c4cnc(C)cn4)o3)CC2)c1,0
ZINC66566524,ChEMBL_zinc_D_8933,CSc1nnc(CN2CCN(CC(=O)NC3CCCC(C)C3)CC2)s1,0
ZINC66595707,ChEMBL_zinc_D_8934,C#CCNC(=O)NC(C)Cc1ccc(C)cc1C,0
ZINC10594523,ChEMBL_zinc_D_8935,CCc1ccc(S(=O)(=O)NCc2nnnn2-c2ccc(OC)cc2)s1,0
ZINC11160961,ChEMBL_zinc_D_8936,CSc1cccc(NC(=O)CSc2nnc(-c3cccnc3)n2-c2ccccc2C)c1,0
ZINC09342670,ChEMBL_zinc_D_8937,CCCCCc1nnc(NC(=O)CCNS(=O)(=O)c2ccc(F)cc2)s1,0
ZINC02707193,ChEMBL_zinc_D_8938,COc1ccc(C2Oc3ccccc3C3=C2C(c2ccccc2C)n2ncnc2N3)cc1OC,0
ZINC52075754,ChEMBL_zinc_D_8939,CC(C)OCCCNC(=O)C[NH+](Cc1ccc(Cl)cc1)C1CC1,0
ZINC52978908,ChEMBL_zinc_D_8940,CCc1ccsc1C(=O)Nc1cc(S(C)(=O)=O)ccc1F,0
ZINC66603693,ChEMBL_zinc_D_8941,C=CCNC(=O)CN1CCN(C(=O)C(NC(=O)CC)c2ccccc2)CC1,0
ZINC66618233,ChEMBL_zinc_D_8942,Cc1ccc(CC(C)NC(=O)N(C)CC(=O)NC(C)(C)C)c(C)c1,0
ZINC03329146,ChEMBL_zinc_D_8943,COc1cccc(OC)c1C(=O)C(C#N)c1nc2ccccc2s1,0
ZINC04765698,ChEMBL_zinc_D_8944,CCCC(=O)N(Cc1ccc(OS(=O)(=O)c2ccc(F)cc2)cc1)C(C)C,0
ZINC68843866,ChEMBL_zinc_D_8945,CS(=O)(=O)NC1CCCN(C(=O)NC2CC[NH+](CC3CCCC3)CC2)C1,0
ZINC68847949,ChEMBL_zinc_D_8946,CC(C)C(C)(C#N)NC(=O)C(C)N1CCN(C(C)C(=O)N2CCOCC2)CC1,0
ZINC03312101,ChEMBL_zinc_D_8947,CC1CCCCC1Nc1ncnc2sccc21,0
ZINC04050351,ChEMBL_zinc_D_8948,CCSc1nnc(-c2cnn(-c3ccccc3)c2-n2cccc2)n1C,0
ZINC49370591,ChEMBL_zinc_D_8949,CCC(C)NC(=O)NCCOc1cccc(Br)c1,0
ZINC49381906,ChEMBL_zinc_D_8950,N#Cc1ccccc1NC(=O)CN1CCN(c2cccc(Cl)c2)C1=O,0
ZINC60538238,ChEMBL_zinc_D_8951,CC(=O)Nc1ccc(OC(=O)c2ccc(Cl)o2)cc1,0
ZINC60792194,ChEMBL_zinc_D_8952,CC1CC1C(=O)NCCCn1ccccc1=O,0
ZINC49361611,ChEMBL_zinc_D_8953,COc1cc(C#N)ccc1OC(=O)CCC(=O)Nc1nccs1,0
ZINC49509944,ChEMBL_zinc_D_8954,CC(=O)N1CCc2ccc(NC(=O)CSc3nc4ccccc4s3)cc21,0
ZINC58330003,ChEMBL_zinc_D_8955,CC(C)C(C)NC(=O)C1CC[NH+](CC(=O)NCc2ccccc2)CC1,0
ZINC64374377,ChEMBL_zinc_D_8956,Cc1cc(=O)[nH]c(-c2ccc(NC(=O)c3sccc3-c3ccccc3)cc2)n1,0
ZINC60468937,ChEMBL_zinc_D_8957,CCN(Cc1csc(-c2cnn(C)c2)n1)Cc1ccc(C#N)cc1F,0
ZINC47040558,ChEMBL_zinc_D_8958,O=C(Nc1cccc(N2CCNC2=O)c1)c1ccc2c(c1)OCO2,0
ZINC06623452,ChEMBL_zinc_D_8959,CCc1cccc(NC(=O)c2ccc(NS(=O)(=O)c3ccc(F)c(F)c3)cc2)c1,0
ZINC71283304,ChEMBL_zinc_D_8960,COC(=O)Cn1c(=O)nc2n1C(=O)N(c1cccc(Cl)c1)C2,0
ZINC68341221,ChEMBL_zinc_D_8961,C[NH+](C)C1CCCN(C(=O)c2ccc(COCC(F)(F)F)cc2)C1,0
ZINC68370052,ChEMBL_zinc_D_8962,COc1ccc(SCCC(=O)OC2CCCC(OC)C2)cc1,0
ZINC68475189,ChEMBL_zinc_D_8963,CC(CC[NH+](C)C)NC(=O)C12CC3CC(CC(C3)C1)C2,0
ZINC68528569,ChEMBL_zinc_D_8964,CC(=O)NC(C)(C)C(=O)NC1CCC[NH+](C2CCCCC2)C1,0
ZINC67802911,ChEMBL_zinc_D_8965,CC(C)(C)OC(=O)NC1CCC[NH+](C2COC2)C1,0
ZINC68466573,ChEMBL_zinc_D_8966,CCC(=O)NCC(=O)N1CCCC(C(=O)NC2CCCCC2)C1,0
ZINC21664185,ChEMBL_zinc_D_8967,O=C(NCCC[NH+]1CCCCC1)C1CCN(c2nn3c(nc4c(c3=O)CCCC4)s2)CC1,0
ZINC22258723,ChEMBL_zinc_D_8968,Cc1ccc(S(=O)(=O)N2CCCC(C(=O)Nc3ncccc3C)C2)cc1,0
ZINC69976298,ChEMBL_zinc_D_8969,O=C(Cc1ccc2c(c1)CCC2)N1CCCC(n2cc[nH+]c2)C1,0
ZINC70009031,ChEMBL_zinc_D_8970,CCN(Cc1ccc(F)c(F)c1)C(=O)NC(C)c1nncn1C,0
ZINC23358856,ChEMBL_zinc_D_8971,CCOC(=O)N1CCC([NH+]2CCN(Cc3ccccc3F)C(CCO)C2)CC1,0
ZINC53701973,ChEMBL_zinc_D_8972,FC(F)(F)COCCC[NH+]1CCCC1c1ccc2c(c1)OCCO2,0
ZINC11900424,ChEMBL_zinc_D_8973,Cc1ccc(C(=O)NCC[NH+]2CCN(c3ccccc3F)CC2)c(C)c1,0
ZINC11933966,ChEMBL_zinc_D_8974,CCn1ccnc1C[NH+](C)Cc1cn(Cc2ccccc2)nc1-c1ccc2c(c1)OCO2,0
ZINC00395917,ChEMBL_zinc_D_8975,O=C([O-])C1CCC(=O)N1Cc1ccsc1,0
ZINC11694473,ChEMBL_zinc_D_8976,O=C(NCCn1nc(-c2ccc(Cl)cc2)ccc1=O)NCc1ccccc1,0
ZINC24590053,ChEMBL_zinc_D_8977,O=C(NCc1cccnc1-n1cccn1)C1CC=CCC1,0
ZINC25375166,ChEMBL_zinc_D_8978,CC(CC(=O)N1CCCCC1)NC(=O)c1ccccc1,0
ZINC01375455,ChEMBL_zinc_D_8979,CCOC(=O)Cn1nnnc1C(CC)N(Cc1ccccc1)Cc1cc2ccc(C)c(C)c2[nH]c1=O,0
ZINC53424873,ChEMBL_zinc_D_8980,Cc1ccc(C(C)C)c(OCC(O)C[NH+](C)CC(=O)N2CCCC2)c1,0
ZINC68315513,ChEMBL_zinc_D_8981,O=C(COC1CCCCC1)Nc1cc(N2CCCS2(=O)=O)ccc1Cl,0
ZINC68496774,ChEMBL_zinc_D_8982,O=C(NCCS(=O)(=O)NCC1CCC1)c1ccc(=O)[nH]c1,0
ZINC22398968,ChEMBL_zinc_D_8983,COc1ccc(NC(=O)C(C)Sc2ccc3c(c2)OCCCO3)c(OC)c1,0
ZINC22492481,ChEMBL_zinc_D_8984,O=C(NC1CCCCC1)C1CCN(c2ccc(-c3ccc(F)cc3)nn2)CC1,0
ZINC04922043,ChEMBL_zinc_D_8985,CCOC(=O)N1CCN(C(=O)CSc2nnc(COc3ccccc3)o2)CC1,0
ZINC04189780,ChEMBL_zinc_D_8986,Cc1ccc(NC(=O)CC([NH2+]Cc2cccnc2)C(=O)[O-])cc1Cl,0
ZINC22590698,ChEMBL_zinc_D_8987,CSc1cccc(NC(=O)c2ccc3c(c2)OCC(=O)N3)c1,0
ZINC22896827,ChEMBL_zinc_D_8988,COc1ccc(S(=O)(=O)CC(=O)N(Cc2ccco2)c2nc3ccc(F)cc3s2)cc1,0
ZINC23142306,ChEMBL_zinc_D_8989,O=C(CCSc1ccccc1)NCCOc1ccccc1,0
ZINC23175186,ChEMBL_zinc_D_8990,CCCC(=O)Nc1c(C)nn(-c2ccc(C)cc2)c1C,0
ZINC66561368,ChEMBL_zinc_D_8991,CC1CN(C2CC[NH+](CC(=O)N(C)CC3CC3)CC2)CCO1,0
ZINC66880601,ChEMBL_zinc_D_8992,CCS(=O)(=O)N(C)C1CC[NH+](C(C)C(=O)N2CCc3sccc3C2)CC1,0
ZINC42894915,ChEMBL_zinc_D_8993,CC1CCC[NH+](CCNC(=O)NCc2cccnc2)C1,0
ZINC43546423,ChEMBL_zinc_D_8994,O=C(Nc1cc(C(=O)Nc2cccc(CO)c2)ccc1Cl)c1cccs1,0
ZINC53286727,ChEMBL_zinc_D_8995,CC(NC(N)=O)C(=O)N1CCN(C)CC1c1ccccc1,0
ZINC53335427,ChEMBL_zinc_D_8996,CN(C)C(=O)COc1cccc(CNC(=O)CSc2n[nH]c(N)n2)c1,0
ZINC11858094,ChEMBL_zinc_D_8997,Cc1cc(N2C(=O)CCS2(=O)=O)ccc1S(=O)(=O)Nc1ccc(OC(C)C)cc1,0
ZINC11920129,ChEMBL_zinc_D_8998,Cc1ccc(C(=O)Nc2nc3c(s2)CCC3C(=O)[O-])cc1,0
ZINC68703359,ChEMBL_zinc_D_8999,CCc1nnc2ccc(N3CCC([NH+]4CCCCC4)C3)nn21,0
ZINC20032595,ChEMBL_zinc_D_9000,CC(NCc1ccc(Cl)cc1Cl)=C1N=C(c2ccccc2)OC1=O,0
ZINC58433561,ChEMBL_zinc_D_9001,Cc1[nH+]n(C)c(N(C)C)c1CNCc1ccccc1-n1ccnc1,0
ZINC63069338,ChEMBL_zinc_D_9002,CC(C)C(NC(=O)C1CC=CO1)C(=O)NCC(C1=c2ccccc2=[NH+]C1)c1ccccc1Cl,0
ZINC47619180,ChEMBL_zinc_D_9003,O=C(CS(=O)(=O)c1ccc(F)cc1)NC1CCCCCCC1,0
ZINC48054110,ChEMBL_zinc_D_9004,O=C(Nc1ccc2c(c1)CCC2)N1CCN(C(=O)c2ccsc2)CC1,0
ZINC12291881,ChEMBL_zinc_D_9005,COc1cc(CC(=O)Nc2nc3c(s2)CCc2c-3cnn2C)cc(OC)c1OC,0
ZINC09730893,ChEMBL_zinc_D_9006,CCOC(=O)c1c(C)n(-c2ccc(C)cc2)c2ccc(OCC(O)Cn3ccnc3)cc21,0
ZINC69348907,ChEMBL_zinc_D_9007,CC(=O)N1c2ccccc2CC1C(=O)NC1CC1c1ccc(F)cc1,0
ZINC69413862,ChEMBL_zinc_D_9008,O=C(Nc1ccc(C(F)(F)F)cc1)N(CCCO)CC(F)(F)F,0
ZINC68422647,ChEMBL_zinc_D_9009,CC1(C)CCC(NC(=O)Cc2csc(-c3nc[nH]n3)n2)c2ccccc21,0
ZINC68431513,ChEMBL_zinc_D_9010,O=C(NC1CC[NH+](C2CCCCCC2)C1)c1cc[nH]c1,0
ZINC58299647,ChEMBL_zinc_D_9011,CC[NH+](C)Cc1cccc(CNC(=O)CCNC(=O)OC(C)(C)C)c1,0
ZINC64311560,ChEMBL_zinc_D_9012,CC(C)(C)NC(=O)c1ccccc1NC(=O)Cn1cnnn1,0
ZINC09517452,ChEMBL_zinc_D_9013,COc1ccc(Cl)cc1NC(=O)CSc1nc(C2CCCC2)nc2c1c(=O)n(C)c(=O)n2C,0
ZINC09395660,ChEMBL_zinc_D_9014,CCCn1c2nnc(SC(C)C(=O)Nc3nc(-c4ccccc4)cs3)n2c2ccccc2c1=O,0
ZINC67489826,ChEMBL_zinc_D_9015,CCC1(O)CCCN(C(=O)c2cc(COc3ccccc3F)[nH]n2)C1,0
ZINC67505587,ChEMBL_zinc_D_9016,CCc1nc(CNC(c2ccc(F)cc2)C2CCCO2)cs1,0
ZINC68933360,ChEMBL_zinc_D_9017,CC(CC(C)(C)c1ccccc1)NC(=O)CNC(=O)C1CC1,0
ZINC68968110,ChEMBL_zinc_D_9018,CCCCC(C(N)=O)[NH+](C)Cc1ccc(OC)c(OC(F)F)c1,0
ZINC70272312,ChEMBL_zinc_D_9019,O=C(c1ccco1)N(Cc1cccs1)Cc1cccs1,0
ZINC06875954,ChEMBL_zinc_D_9020,CCc1cc2c(nc3n(c2=O)CCC3=Cc2ccccc2OC)s1,0
ZINC00273915,ChEMBL_zinc_D_9021,O=C(Nc1ccccn1)c1cc2c(ccc3ccccc32)oc1=O,0
ZINC42757555,ChEMBL_zinc_D_9022,O=C(NCCCNc1ncccn1)c1cncc(Br)c1,0
ZINC64396158,ChEMBL_zinc_D_9023,COc1cccc(CC(=O)N2CCN(C(=O)c3ccc4c(c3)COC4)CC2)c1,0
ZINC35450424,ChEMBL_zinc_D_9024,CCOc1ccccc1CNC(=O)Cn1c2cccnc2n(Cc2ccc(C)cc2)c(=O)c1=O,0
ZINC53659050,ChEMBL_zinc_D_9025,CC[NH2+]CC1CC[NH+](Cc2c(Cl)cccc2Cl)CC1,0
ZINC54309443,ChEMBL_zinc_D_9026,Cc1cccc(C(=O)NCC(C)C(=O)[O-])c1C,0
ZINC69306595,ChEMBL_zinc_D_9027,C=CCCOC(C)C(=O)Nc1cc(CCCC)n[nH]1,0
ZINC69501199,ChEMBL_zinc_D_9028,CCCC(C)CC(=O)NCC1CCC[NH+]1CCOC,0
ZINC44443230,ChEMBL_zinc_D_9029,O=C(C1CCN(Cc2nc3ccccc3[nH]2)CC1)N1CCN(C(c2ccccc2)c2ccccc2)CC1,0
ZINC53700104,ChEMBL_zinc_D_9030,Cn1cc(CNS(=O)(=O)c2cccc(C(F)(F)F)c2)cn1,0
ZINC20386738,ChEMBL_zinc_D_9031,CC1(C(=O)NC2CCCCCC2)Cc2ccccc2C(=O)N1CCN1CCOCC1,0
ZINC20417481,ChEMBL_zinc_D_9032,Cc1c2cnn(CC(=O)NC(C)c3ccccc3)c(=O)c2c(C)n1Cc1ccccc1F,0
ZINC66668033,ChEMBL_zinc_D_9033,CCC(=O)Nc1ccc(C)c(NC(=O)NCC2(C)CCCC2)c1,0
ZINC66674712,ChEMBL_zinc_D_9034,CCNS(=O)(=O)c1ccc(F)c(C(=O)N(CC)C2CCCCC2C)c1,0
ZINC13164164,ChEMBL_zinc_D_9035,COc1cc(C(=O)Nc2ccc(S(N)(=O)=O)cc2)ccc1OCc1c(C)noc1C,0
ZINC08992943,ChEMBL_zinc_D_9036,CC(C)C(NC(=O)CC[NH3+])c1nc2ccccc2[nH]1,0
ZINC70950171,ChEMBL_zinc_D_9037,O=C(C[NH+]1CCCCC1CCO)Nc1ccc(C(F)(F)F)cc1,0
ZINC70957526,ChEMBL_zinc_D_9038,CC(=O)N1CCCCC1CC(=O)NC1(c2ccccc2)CCCCC1,0
ZINC53030792,ChEMBL_zinc_D_9039,Cc1cc(C)n(-c2ccc(CCNC(=O)CCc3cc(F)ccc3F)cc2)n1,0
ZINC64759503,ChEMBL_zinc_D_9040,CCn1cnc2ccc(-c3noc(-c4ccc(Cl)cc4OC)n3)cc21,0
ZINC11769780,ChEMBL_zinc_D_9041,CN(CC1CCC[NH+](CCc2ccccc2F)C1)C(=O)C[NH+](C)C,0
ZINC11664461,ChEMBL_zinc_D_9042,CCOC(=O)C1(CCOc2ccccc2)CC[NH+](Cc2nccn2CC)CC1,0
ZINC69435850,ChEMBL_zinc_D_9043,Cc1cc(C(=O)N2CCN(C(=O)NCCCn3cc[nH+]c3C)CC2)on1,0
ZINC43025325,ChEMBL_zinc_D_9044,CC1CCC[NH+](CCCCNC(=O)NCc2ccc(F)cc2)C1,0
ZINC69315330,ChEMBL_zinc_D_9045,CC1CCCCC1NC(=O)C1CCOC1,0
ZINC58756091,ChEMBL_zinc_D_9046,COCCCCCNC(=O)c1oc2ccccc2c1C,0
ZINC05950536,ChEMBL_zinc_D_9047,Cc1noc(C)c1C(=O)OCC(=O)Nc1cc(S(=O)(=O)N(C)C)ccc1C,0
ZINC20258361,ChEMBL_zinc_D_9048,COc1ccc(-c2nc3ccccc3c(=O)n2CCCN2CCOCC2)cc1,0
ZINC54365989,ChEMBL_zinc_D_9049,COc1cccc(N2CCN(C(=O)CN(C)C(=O)C(C)n3cccn3)CC2)c1,0
ZINC54447132,ChEMBL_zinc_D_9050,Cc1cc(OCC(N)=O)ccc1NC(=O)NCCC(=O)NC1CCCC1,0
ZINC00102566,ChEMBL_zinc_D_9051,CC(=O)NC(c1ccco1)c1ccc2cccnc2c1O,0
ZINC00151543,ChEMBL_zinc_D_9052,COc1ccc(OCC(O)CNC(=O)c2cccs2)cc1,0
ZINC01034895,ChEMBL_zinc_D_9053,Cc1nn(-c2ccccc2)nc1CNC(=O)COc1ccccc1,0
ZINC38917358,ChEMBL_zinc_D_9054,COc1cccc(C(=O)N(CC2C=c3cc(C)ccc3=[NH+]C2=O)c2ccccc2)c1,0
ZINC00938758,ChEMBL_zinc_D_9055,CC(=O)Nc1ccc(C(=O)CSc2nc(-c3ccccc3)c(-c3ccccc3)o2)cc1,0
ZINC11868140,ChEMBL_zinc_D_9056,Cc1ccccc1CN1C(=O)CCC1CC[NH2+]Cc1ccc(F)cc1,0
ZINC68457749,ChEMBL_zinc_D_9057,COCC[NH+](CCCS(N)(=O)=O)Cc1ccco1,0
ZINC70031053,ChEMBL_zinc_D_9058,CCOCCNC(=O)C(C)(C)c1ccc2c(c1)OCCO2,0
ZINC27025885,ChEMBL_zinc_D_9059,CCC(C)C(NC(N)=O)C(=O)Nc1ccc(C(=O)N(CC)CC)cc1,0
ZINC46639559,ChEMBL_zinc_D_9060,CN(CCCc1ccccc1)C(=O)CCC(=O)c1ccccc1,0
ZINC09644170,ChEMBL_zinc_D_9061,Cc1ccc(N2C(=O)C(Cc3ccccc3)N=C2N2CCN(C(=O)c3ccco3)CC2)cc1C,0
ZINC09666111,ChEMBL_zinc_D_9062,COc1ccccc1N1CC(C(=O)OCc2cc(=O)oc3cc4c(cc23)CCC4)CC1=O,0
ZINC38700106,ChEMBL_zinc_D_9063,O=C(Nc1ccc2c(c1)CCCN2C(=O)c1ccccc1)Nc1ccccc1F,0
ZINC38728879,ChEMBL_zinc_D_9064,O=C(c1cncc(Br)c1)N1CCN(C(=O)C2CC2c2ccccc2)CC1,0
ZINC09005053,ChEMBL_zinc_D_9065,O=S(=O)(NCC(c1cccnc1)S(=O)(=O)c1cccs1)c1ccc2c(c1)OCO2,0
ZINC09053839,ChEMBL_zinc_D_9066,CC(=O)c1cc(C#N)c(SCc2cc(-c3ccccc3)on2)nc1C,0
ZINC65434461,ChEMBL_zinc_D_9067,CC(NC(=O)NCC(O)c1ccccc1F)c1ccc(N2CCOCC2)cc1,0
ZINC65460706,ChEMBL_zinc_D_9068,CCOC(=O)c1ccc(CNC(=O)N(CC)C(C)C(C)C)cc1,0
ZINC57353310,ChEMBL_zinc_D_9069,CCCN(Cc1ccccc1)C(=O)c1ccc(=O)n(Cc2ccccc2)n1,0
ZINC57376886,ChEMBL_zinc_D_9070,COCCOc1ccccc1NC(=O)CCNC(=O)c1ccc2ccccc2c1,0
ZINC66715079,ChEMBL_zinc_D_9071,CCCn1c(=O)[nH]c(=O)c2cc(C(=O)N(C)CC(C)c3ccccc3)cnc21,0
ZINC66755791,ChEMBL_zinc_D_9072,Cc1ccc(SCC(=O)NC(C)c2cccc(S(=O)(=O)N(C)C)c2)cc1,0
ZINC70982716,ChEMBL_zinc_D_9073,COc1ccccc1C(NC(=O)c1cnns1)c1noc(C)n1,0
ZINC70989779,ChEMBL_zinc_D_9074,CCOC(=O)C1(NC(=O)COCCOc2ccccc2)CCc2ccccc21,0
ZINC05799348,ChEMBL_zinc_D_9075,CCCc1c([O-])c2c(=O)[nH]nc(-c3ccccc3)c2oc1=O,0
ZINC26913810,ChEMBL_zinc_D_9076,CC[NH+](CCC(=O)N1CCN(c2ccc(F)cc2)CC1)Cc1ccc(OC)c(OC)c1,0
ZINC68762653,ChEMBL_zinc_D_9077,CCCNC(=O)C1CCCN1C(=O)c1ccc(Br)cc1,0
ZINC00191899,ChEMBL_zinc_D_9078,COc1ccc2oc(=Nc3ccc(C(N)=O)cc3)c(C(N)=O)cc2c1,0
ZINC49857209,ChEMBL_zinc_D_9079,CCC[NH+](CCO)CC(=O)NC(C)(C)CC,0
ZINC53158198,ChEMBL_zinc_D_9080,Cc1nnc(NCc2ccc(F)c(Cl)c2)c(C#N)c1C,0
ZINC68744618,ChEMBL_zinc_D_9081,CN(C(=O)c1cccs1)c1ccccc1C(=O)NCC(c1c(F)cccc1Cl)[NH+]1CCCC1,0
ZINC17154555,ChEMBL_zinc_D_9082,COc1ccc(CCNC(=O)c2cc(S(=O)(=O)N3CCCCC3C)ccc2C)cc1,0
ZINC11840284,ChEMBL_zinc_D_9083,COc1cccc(CN2CCC([NH+]3CCC(C)CC3)CCC2=O)c1,0
ZINC11951490,ChEMBL_zinc_D_9084,COc1ccc(CC[NH+](Cc2ccc(C)cc2)CC2CC[NH+](C)CC2)cc1,0
ZINC47635398,ChEMBL_zinc_D_9085,O=C(NCCc1ccccn1)NCc1nncn1-c1ccccc1,0
ZINC48074786,ChEMBL_zinc_D_9086,CN(CC(=O)NCCc1ccc(C(F)(F)F)cc1)c1cnccn1,0
ZINC70689388,ChEMBL_zinc_D_9087,CC(C)N(CC(N)=O)C(=O)COc1ccc(Br)cc1F,0
ZINC56939038,ChEMBL_zinc_D_9088,COC(=O)c1ccc(C(=O)NCC(=O)Nc2ccon2)cc1,0
ZINC68958167,ChEMBL_zinc_D_9089,COC(=O)CCCCNC(=O)c1ccc2c(c1)OCO2,0
ZINC69037522,ChEMBL_zinc_D_9090,CC1CCCN(S(=O)(=O)c2cnn(-c3ccccc3)c2)C1,0
ZINC71002715,ChEMBL_zinc_D_9091,COCCNC(=O)c1nnn(-c2ccc([N-]S(=O)(=O)c3cccs3)cc2)n1,0
ZINC71038350,ChEMBL_zinc_D_9092,O=C(Nc1ccn(-c2ccncc2)n1)c1ccc(=O)[nH]c1,0
ZINC68038090,ChEMBL_zinc_D_9093,CCCCC(CC)C(=O)OCCCNC(=O)NCC,0
ZINC31159196,ChEMBL_zinc_D_9094,Cc1cc(C2CCCN2C(=O)COc2ccc3ccccc3c2)no1,0
ZINC37990350,ChEMBL_zinc_D_9095,Cc1n[nH]cc1CNC(=O)c1ccc(Br)o1,0
ZINC00478178,ChEMBL_zinc_D_9096,CC(NC(=O)OCc1ccccc1)c1ccccc1,0
ZINC49429981,ChEMBL_zinc_D_9097,CC(NC(=O)c1cnns1)C(=O)NCc1ccco1,0
ZINC49461780,ChEMBL_zinc_D_9098,CCOc1ccccc1C(=O)NCC1(CO)CC1,0
ZINC48089026,ChEMBL_zinc_D_9099,CC(NC(=O)CCCNS(=O)(=O)c1ccc(F)cc1)c1ccccc1Cl,0
ZINC48142111,ChEMBL_zinc_D_9100,CCOc1ccc(NC(=O)NC(C)c2ccccc2)c(C)c1,0
ZINC66763136,ChEMBL_zinc_D_9101,COCCn1cc(C(=O)N2CCCC(c3ccccc3)CC2)ccc1=O,0
ZINC66773131,ChEMBL_zinc_D_9102,CCOC(=O)C(C)(C)NC(=O)c1cccc(NC(=O)c2ccc3[nH]cnc3c2)c1,0
ZINC41248753,ChEMBL_zinc_D_9103,CC(=O)Nc1ccc2occc(=O)c2c1,0
ZINC06226385,ChEMBL_zinc_D_9104,COc1ccccc1-n1nnnc1SCC(=O)N(C)C,0
ZINC71046263,ChEMBL_zinc_D_9105,COCCN1CC(C(=O)N2CCOCC2CC(C)C)CC1=O,0
ZINC71052730,ChEMBL_zinc_D_9106,CC(C)COCCC(=O)NC1CCN(c2ccc(C(F)(F)F)cc2)C1=O,0
ZINC64634998,ChEMBL_zinc_D_9107,C[NH+](CCC(=O)Nc1ccccc1)CCC(F)(F)F,0
ZINC53210776,ChEMBL_zinc_D_9108,CN(CCCCNC(=O)COc1ccc(N2CCCC2=O)cc1)c1ccccc1,0
ZINC11904831,ChEMBL_zinc_D_9109,CCCCNS(=O)(=O)c1ccc(N2C(=O)C(C)CS2(=O)=O)cc1,0
ZINC11858647,ChEMBL_zinc_D_9110,COc1cc(C=Cc2ccncc2)ccc1OC(=O)c1ccc(Br)o1,0
ZINC71285731,ChEMBL_zinc_D_9111,COc1ccc2nnc(CCC(=O)NC3CCCCCC3)n2n1,0
ZINC19110805,ChEMBL_zinc_D_9112,Cc1nn(Cc2ccccc2Cl)c2nc(-c3cncn3C)[nH]c12,0
ZINC48311103,ChEMBL_zinc_D_9113,CC1CC(C)C[NH+](Cc2ccc(CNC(=O)C3CC(=O)N(C4CC4)C3)cc2)C1,0
ZINC48326234,ChEMBL_zinc_D_9114,O=C(Nc1nc2c(s1)CCCCC2)c1c[nH]c(C(=O)N2CCCC2)c1,0
ZINC66651831,ChEMBL_zinc_D_9115,CC[NH+]1CCN(C(=O)CC2CCN(C(=O)CCCc3ccccn3)CC2)CC1,0
ZINC66682993,ChEMBL_zinc_D_9116,Cc1cc(NC(=O)NCC(O)c2ccccc2F)ccc1C(=O)NC(C)C,0
ZINC10216674,ChEMBL_zinc_D_9117,CCCc1cnc2c(c(=O)n(C)c(=O)n2C)c1SCCC(C)C,0
ZINC10436040,ChEMBL_zinc_D_9118,CCCC([NH2+]Cc1ccc(OCC(=O)NC(C)(C)C)cc1)c1ccccc1,0
ZINC64140512,ChEMBL_zinc_D_9119,Cc1nc(C[NH+](Cc2ccco2)C2CC2)oc1C,0
ZINC58324317,ChEMBL_zinc_D_9120,CC(Sc1nnnn1C1CC1)C(=O)NCCCOc1ccccc1,0
ZINC65495422,ChEMBL_zinc_D_9121,Cc1nc(C)c(C(C)NC(=O)C(C)n2cnc3ccccc32)s1,0
ZINC65528327,ChEMBL_zinc_D_9122,Cc1ccc(C(C)NC(=O)NCC(O)c2ccc(F)cc2)s1,0
ZINC02232659,ChEMBL_zinc_D_9123,CC(C)(C)c1csc(NC(=O)CSc2nn3cnnc3s2)n1,0
ZINC01657281,ChEMBL_zinc_D_9124,CC(C)CN(CC(C)C)S(=O)(=O)c1ccccc1,0
ZINC48309866,ChEMBL_zinc_D_9125,Cc1ccc(C)c(Oc2ccc(CNC(=O)c3cc(C(C)C)[nH]n3)cn2)c1,0
ZINC48367680,ChEMBL_zinc_D_9126,CCc1ccc2c(CSc3nnc(C(C)(C)C)o3)cc(=O)oc2c1,0
ZINC60449180,ChEMBL_zinc_D_9127,CCC(CC)C(=O)NCCc1ccccc1C,0
ZINC60512026,ChEMBL_zinc_D_9128,CCCCCNC(=O)C(C)Nc1cccc(NC(=O)OCC)c1C,0
ZINC00363927,ChEMBL_zinc_D_9129,O=C(Nc1ccccc1)c1ccccc1OC(=O)c1ccccc1F,0
ZINC43329140,ChEMBL_zinc_D_9130,CC(NC(=O)Nc1ccccc1-c1ccccc1)c1ccc(S(N)(=O)=O)cc1,0
ZINC04942153,ChEMBL_zinc_D_9131,CCCc1cnc2c(c(=O)n(C)c(=O)n2C)c1SCC(=O)N1CC(C)OC(C)C1,0
ZINC48352564,ChEMBL_zinc_D_9132,CC(=O)NCC1CCN(C(=O)c2cccc(Br)c2)CC1,0
ZINC11000683,ChEMBL_zinc_D_9133,Cc1ccc(S(=O)(=O)N2CCCN(C(=O)c3ccc(Cl)cc3)CC2)cc1,0
ZINC11400321,ChEMBL_zinc_D_9134,Cc1ccc(SC(C)C(=O)Nc2ccc(F)cc2Cl)cc1,0
ZINC63241979,ChEMBL_zinc_D_9135,Cc1cc(C)c(S(N)(=O)=O)cc1C(=O)Nc1cccc(-c2ccn[nH]2)c1,0
ZINC63271196,ChEMBL_zinc_D_9136,COc1ccc(OC)c(NC(=O)CCNC(=O)N2CCC3=c4ccccc4=[NH+]C3C2)c1,0
ZINC09692738,ChEMBL_zinc_D_9137,CCOC(=O)Cn1c2cc(C(=O)NCc3ccc(C)cc3)ccc2c(=O)n(CC2CCCO2)c1=O,0
ZINC09728616,ChEMBL_zinc_D_9138,CCOC(=O)N1CCN(C(=O)c2n[nH]c3c2COc2ccccc2-3)CC1,0
ZINC38924912,ChEMBL_zinc_D_9139,CC1CN(c2cc(SCC(=O)NCc3ccc(F)cc3)ncn2)CC(C)O1,0
ZINC17992195,ChEMBL_zinc_D_9140,Cc1cc(C)n(Cc2ccc(C(=O)N3C(C)CCCC3C)o2)n1,0
ZINC66653182,ChEMBL_zinc_D_9141,Cn1nc(C(=O)NCC2CC[NH+](C)C2)ccc1=O,0
ZINC66661378,ChEMBL_zinc_D_9142,CCC(C)C(=O)NCC(=O)Nc1ccnn1C(C)CC,0
ZINC69023986,ChEMBL_zinc_D_9143,CN(C)C(=O)C1CCCN(C(=O)C(Cc2ccccc2)n2cnnn2)C1,0
ZINC69060387,ChEMBL_zinc_D_9144,O=C(CCOc1cccc(Br)c1)NCC1CN(Cc2ccccc2)CCO1,0
ZINC70861505,ChEMBL_zinc_D_9145,O=C(NCCCc1cccc(F)c1)C1CCC[NH2+]1,0
ZINC70870933,ChEMBL_zinc_D_9146,COc1ccc(-n2c(C)cc(C(=O)NCCN3CCOCC3)c2C)cc1,0
ZINC51416978,ChEMBL_zinc_D_9147,O=C(Nc1ccn(CCc2ccccn2)n1)c1ccc(OCC(F)(F)F)cc1,0
ZINC65320342,ChEMBL_zinc_D_9148,Cc1ccccc1-c1noc(C2CCCN2C(=O)Cc2cccs2)n1,0
ZINC00349811,ChEMBL_zinc_D_9149,COc1ccccc1CNc1ccccc1F,0
ZINC00928645,ChEMBL_zinc_D_9150,COc1ccc(NC(=O)CSc2nc3c(c(=O)n(C)c(=O)n3C)n2C)c(OC)c1,0
ZINC68804821,ChEMBL_zinc_D_9151,COc1ccccc1C1CCCN1C(=O)c1sc(S(N)(=O)=O)cc1C,0
ZINC68826765,ChEMBL_zinc_D_9152,COC(=O)C(C)(NCc1cnc(C)cn1)c1cc(F)ccc1F,0
ZINC65814359,ChEMBL_zinc_D_9153,CCCn1nc(C(=O)N2CC3CC4CC(C3)CC2C4)ccc1=O,0
ZINC56192137,ChEMBL_zinc_D_9154,Cc1cccc(NC(=O)COc2ccc(CCNC(=O)c3csnn3)cc2)c1,0
ZINC50399457,ChEMBL_zinc_D_9155,CN(C(=O)CCCCOc1ccc(S(C)(=O)=O)cc1)C(C1CC1)C1CC1,0
ZINC65122082,ChEMBL_zinc_D_9156,CCOC(=O)NCCC(=O)NCc1ccccc1S(=O)(=O)NC(C)(C)C,0
ZINC14772598,ChEMBL_zinc_D_9157,CC(C)COc1cccc(NC(=O)C(C)Oc2ccccc2)c1,0
ZINC20138425,ChEMBL_zinc_D_9158,Cc1ccc(-c2ccc(CO)o2)cc1NC(=O)c1cc(Cl)ccc1Cl,0
ZINC68335016,ChEMBL_zinc_D_9159,CC(C)C[NH+](C)C(C)c1nc(C2CC2)no1,0
ZINC57839798,ChEMBL_zinc_D_9160,CN(Cc1nccn1CC(F)(F)F)c1cnc2ccccc2n1,0
ZINC09499166,ChEMBL_zinc_D_9161,Cc1c(NC(=O)C(C)OC(=O)c2cc(=O)[nH]c3ccccc32)c(=O)n(-c2ccccc2)n1C,0
ZINC09539443,ChEMBL_zinc_D_9162,O=C(COc1ncnc2sc3c(c21)CCCC3)Nc1cccc(S(=O)(=O)N2CCCCC2)c1,0
ZINC20272418,ChEMBL_zinc_D_9163,CC(C1CC[NH+](Cc2ccnn2C)CC1)N1CCOCC1,0
ZINC20493940,ChEMBL_zinc_D_9164,N#CCC(=O)N1CCN(Cc2ccc3c(c2)OCO3)CC1,0
ZINC07050573,ChEMBL_zinc_D_9165,COC(=O)c1ccc(C)c([N-]S(=O)(=O)c2cc(C(F)(F)F)ccc2Cl)c1,0
ZINC26128324,ChEMBL_zinc_D_9166,Cc1ccc(C(=O)CSc2nccn2-c2ccccc2)c(C)c1,0
ZINC02732744,ChEMBL_zinc_D_9167,Cc1c(S(=O)(=O)N2CCCC(C(=O)NCc3cnn(C)c3)C2)cnn1C,0
ZINC39943359,ChEMBL_zinc_D_9168,CCOC(=O)C1=C(C)C(C(=O)CSc2nnc(C3COc4ccccc4O3)n2N)=NC1C,0
ZINC67031254,ChEMBL_zinc_D_9169,O=C(CCCOc1ccc(F)cc1F)NCC1COc2ccccc2C1,0
ZINC67041254,ChEMBL_zinc_D_9170,CCCn1nccc1NC(=O)C1CC1c1cccc(F)c1,0
ZINC58851559,ChEMBL_zinc_D_9171,CCC(=O)Nc1cccc(C(=O)NCC[NH3+])c1,0
ZINC06885436,ChEMBL_zinc_D_9172,O=S(=O)(C=CCSc1nnc(-c2cccc3ccccc32)o1)c1ccccc1,0
ZINC01044622,ChEMBL_zinc_D_9173,CC(C)(C)c1ccc(-c2nnc(-c3ccccc3NC(=O)CCC(=O)[O-])o2)cc1,0
ZINC02305042,ChEMBL_zinc_D_9174,C=CCNC(=O)C(C#N)c1nc2ccccc2nc1N1CC[NH+](Cc2ccccc2)CC1,0
ZINC59882412,ChEMBL_zinc_D_9175,COCc1nnc(SC(C)c2nnc(C3CCC3)o2)n1N,0
ZINC60568257,ChEMBL_zinc_D_9176,CCNC(=O)CNS(=O)(=O)c1ccc2c(c1)CCO2,0
ZINC67387420,ChEMBL_zinc_D_9177,O=C(NCCCc1nnc2n1CCCCC2)NC1CC[NH+](C2CC2)CC1,0
ZINC67422663,ChEMBL_zinc_D_9178,CC(=O)NC1CCCN(C(=O)NC2CCN(C(=O)c3ccc(C)cc3)CC2)C1,0
ZINC42710133,ChEMBL_zinc_D_9179,CCCc1n[nH]c(SC(C)C(=O)N2CCCC(C(N)=O)C2)n1,0
ZINC42783175,ChEMBL_zinc_D_9180,CCC(C)c1ccccc1OC1CC(C(=O)[O-])N(C(=O)OC(C)(C)C)C1,0
ZINC38011359,ChEMBL_zinc_D_9181,CCCCC(CC)C(=O)NCc1c[nH]nc1C,0
ZINC19738580,ChEMBL_zinc_D_9182,COCCC[NH2+]CC(C)Oc1ccc(C(C)C)cc1,0
ZINC68900178,ChEMBL_zinc_D_9183,CCNC(=O)CCNS(=O)(=O)c1ccccc1Cl,0
ZINC41958151,ChEMBL_zinc_D_9184,CCCN(CC1CC1)C(=O)C(C)NC1=NS(=O)(=O)c2ccccc21,0
ZINC25979876,ChEMBL_zinc_D_9185,Cc1ccc(C(=O)N2CCN(S(=O)(=O)c3cc(C)ccc3C)CC2)c(O)c1,0
ZINC27602809,ChEMBL_zinc_D_9186,COc1cccc(C(=O)NCC(=O)NCCc2ccc(C(F)(F)F)cc2)c1,0
ZINC04216371,ChEMBL_zinc_D_9187,COCCNc1[nH+]cccc1C(=O)[O-],0
ZINC19369594,ChEMBL_zinc_D_9188,O=C(c1ccco1)N1CCN(C(c2nnnn2C2CCCCC2)c2ccccc2)CC1,0
ZINC68464872,ChEMBL_zinc_D_9189,NC(=O)CN1CCCC(NC(=O)Cn2nc([O-])c3ccccc3c2=O)C1,0
ZINC68474851,ChEMBL_zinc_D_9190,CC(CC[NH+](C)C)NC(=O)Cc1ccccc1Cl,0
ZINC52816573,ChEMBL_zinc_D_9191,CCOC(=O)CCN1CCN(S(C)(=O)=O)CC1,0
ZINC53589103,ChEMBL_zinc_D_9192,CS(=O)(=O)c1ccc(OCC[NH2+]Cc2ccccc2)cc1,0
ZINC64333467,ChEMBL_zinc_D_9193,Cc1noc(C(C)NC(=O)c2ccccc2SCc2cscn2)n1,0
ZINC64430614,ChEMBL_zinc_D_9194,COC(=O)c1cn(CC(=O)Nc2cccc(Cl)c2)nn1,0
ZINC06331704,ChEMBL_zinc_D_9195,Cc1cccc(OC(C)C(=O)Nc2nc3ccc(Cl)cc3s2)c1,0
ZINC66216122,ChEMBL_zinc_D_9196,CCCN(CCC)C(=O)c1cccc(NC(=O)CNc2ccccc2OC)c1,0
ZINC39518633,ChEMBL_zinc_D_9197,COCC(C)[NH+]1CCC(Oc2ccc(C(=O)NCC[NH+](C)C)cc2Cl)CC1,0
ZINC40017884,ChEMBL_zinc_D_9198,CC=CC[NH+]1CCN(c2ccc(OC)cc2)CC1,0
ZINC12070886,ChEMBL_zinc_D_9199,CC(C)Sc1ccc(CC(=O)Nc2nc(-c3ccccn3)cs2)cc1,0
ZINC12120119,ChEMBL_zinc_D_9200,Cc1cc(C)n(-c2ccc(C(=O)N3CC4CCc5c(=O)[nH]c(C)nc5C4C3)cc2)n1,0
ZINC69954215,ChEMBL_zinc_D_9201,Cc1ccc(C(=O)NCCNC(=O)NCc2csc(C3CC3)n2)cc1,0
ZINC06850007,ChEMBL_zinc_D_9202,NC(=O)C1CN(C(=O)c2cc(F)c(F)cc2Cl)c2ccccc2O1,0
ZINC64475818,ChEMBL_zinc_D_9203,CCC(=O)Nc1ccc(S(=O)(=O)Nc2ccccc2Cn2cccn2)cc1,0
ZINC64486835,ChEMBL_zinc_D_9204,CCOC(=O)Nc1cccc(OC(=O)C2COc3cc(OC)ccc3C2)c1,0
ZINC09879368,ChEMBL_zinc_D_9205,Nc1ccc(C(O)C[NH+]2CCCCCC2)cc1,0
ZINC19453407,ChEMBL_zinc_D_9206,CC(C)c1cn(CC(=O)N(C)CC2OCCc3ccccc32)nn1,0
ZINC09599730,ChEMBL_zinc_D_9207,CNC(=O)c1c(NC(=O)c2ccc(S(=O)(=O)N(C)Cc3ccccc3)cc2)sc2c1CCCC2,0
ZINC09661865,ChEMBL_zinc_D_9208,O=C(Nc1cccc(S(=O)(=O)Nc2ccccc2Cl)c1)c1cnc(Cl)c(Cl)c1,0
ZINC57156216,ChEMBL_zinc_D_9209,CC(C)(C)CC(C)(C)NC(=O)COc1ccccc1F,0
ZINC60625700,ChEMBL_zinc_D_9210,COC(=O)CC(NC(=O)c1cc(F)c(F)cc1Cl)c1ccc(Cl)cc1,0
ZINC04346674,ChEMBL_zinc_D_9211,COc1cccc(C2NC(=O)N(C)C3=C2C(=O)N(Cc2ccncc2)C3)c1,0
ZINC36705642,ChEMBL_zinc_D_9212,CCOc1ccccc1C(=O)Nc1nn(C)c2c1C(c1cccs1)CC(=O)N2,0
ZINC27920854,ChEMBL_zinc_D_9213,O=C(Nc1cnn(Cc2ccc(Br)cc2)c1)Nc1ccc(Cl)cc1,0
ZINC27991038,ChEMBL_zinc_D_9214,Cc1ccc(-c2nc(C#N)c(NCC(c3ccc(N(C)C)cc3)[NH+](C)C)o2)cc1,0
ZINC68849535,ChEMBL_zinc_D_9215,CC(C(=O)N1CCOCC1)N1CCN(CC(=O)N(C)Cc2ccsc2)CC1,0
ZINC69157014,ChEMBL_zinc_D_9216,CC(NC(=O)c1cc[nH]c1)C(=O)N1CCCCC1C,0
ZINC08715108,ChEMBL_zinc_D_9217,COC(=O)c1cnn(-c2nc3ccc(OC)cc3s2)c1N,0
ZINC08703327,ChEMBL_zinc_D_9218,O=C1NC(Cn2c3ccccc3c3ccccc32)CO1,0
ZINC68985862,ChEMBL_zinc_D_9219,CCS(=O)(=O)c1ccc(C(=O)NC(CC(=O)OC)c2cccs2)cc1,0
ZINC69025755,ChEMBL_zinc_D_9220,CC(C)c1ccc(NC(=O)N(C)CC2CCCO2)cc1,0
ZINC55166583,ChEMBL_zinc_D_9221,CCN(Cc1ccccc1)Cc1ccc2c(n1)sc(C(=O)OC)c2NC(=O)C1CC1,0
ZINC55682241,ChEMBL_zinc_D_9222,COc1c(F)cc([N-]S(=O)(=O)c2cc(C)c(C(=O)[O-])s2)cc1F,0
ZINC51267951,ChEMBL_zinc_D_9223,O=C(NC1CC1)C1CCCN(C(=O)NCc2nnc3n2CCCCC3)C1,0
ZINC65343741,ChEMBL_zinc_D_9224,Cc1cccc(-c2cc(O)cc(Br)c2)c1,0
ZINC66931304,ChEMBL_zinc_D_9225,O=C(NCC1(O)CCCc2ccccc21)C1CCCO1,0
ZINC67046188,ChEMBL_zinc_D_9226,COCc1ccc(CNC(=O)N2CCOC(c3cccc(F)c3)C2)cc1,0
ZINC49482000,ChEMBL_zinc_D_9227,O=C(Nc1cccc(C(F)(F)F)c1)N1CC(c2nc(-c3ccncc3)no2)C1,0
ZINC49537145,ChEMBL_zinc_D_9228,O=C1NC(c2cc(Br)cc(Br)c2O)Nc2ccccc21,0
ZINC45974656,ChEMBL_zinc_D_9229,COc1ccc(Cl)cc1S(=O)(=O)N(CCCc1ccccc1)CC(=O)N1CC[NH2+]CC1,0
ZINC64865573,ChEMBL_zinc_D_9230,Cc1cc(C)cc(NCCC(=O)NCCCNC(=O)c2ccccc2F)c1,0
ZINC67515440,ChEMBL_zinc_D_9231,O=C(NC1CC1c1ccccc1)c1ccn(-c2ccccc2F)n1,0
ZINC67538576,ChEMBL_zinc_D_9232,CC(c1cccc(O)c1)N(C)C(=O)Nc1cc2c(cc1Cl)OCCCO2,0
ZINC48368477,ChEMBL_zinc_D_9233,NC(=O)C(Cc1ccccc1)NC(=O)CCC1CCCC1,0
ZINC00278902,ChEMBL_zinc_D_9234,COc1ccc(C[NH+](C)CCc2ccccc2)c(C)c1C,0
ZINC10542548,ChEMBL_zinc_D_9235,COc1ccc(OCC(C)NC(=O)c2cc(OC)cc(OC)c2)cc1,0
ZINC11038692,ChEMBL_zinc_D_9236,CCS(=O)(=O)c1ccc(NCC(=O)N2c3ccccc3CC2C)cc1,0
ZINC71070398,ChEMBL_zinc_D_9237,COCCN1CC(C(=O)Nc2ccc(Cl)cc2OCC(F)(F)F)CC1=O,0
ZINC07063870,ChEMBL_zinc_D_9238,Cc1ccc(CNC(=O)COc2c(Cl)cc(Cl)c3ccc(C)nc32)cc1,0
ZINC69009098,ChEMBL_zinc_D_9239,O=C(NC1CCN(C(=O)c2ccncc2)CC1)C1(c2ccccc2)CC1,0
ZINC07220947,ChEMBL_zinc_D_9240,CNC(=O)c1cccc(NC(C)C(=O)Nc2cccc(C#N)c2)c1,0
ZINC09667474,ChEMBL_zinc_D_9241,O=C(Nc1nnc(CSc2ccccc2)s1)C1CC(=O)N(CCc2ccc(F)cc2)C1,0
ZINC09686799,ChEMBL_zinc_D_9242,Cc1n[nH]c(-c2ccc(S(=O)(=O)N3CCN(c4ccc(F)cc4)CC3)s2)c1C,0
ZINC71753993,ChEMBL_zinc_D_9243,Cc1ccc(CN(C)C(=O)Cc2nc(-c3cccnc3)n[nH]2)o1,0
ZINC71784892,ChEMBL_zinc_D_9244,Cn1cc(C(=O)CC2OC(=O)c3ccccc32)cn1,0
ZINC67524321,ChEMBL_zinc_D_9245,CC(Oc1ccc(Cl)cc1)C(=O)Nc1nnc(C(F)F)s1,0
ZINC67546569,ChEMBL_zinc_D_9246,CCOc1ccc(Cl)cc1NC(=O)NC(C)C(=O)N1CCCCC1C,0
ZINC19588517,ChEMBL_zinc_D_9247,COc1ccc(-c2[nH+]ccc3ccn(CC(=O)NC4CCC[NH+](C)C4)c32)cc1OC,0
ZINC53831448,ChEMBL_zinc_D_9248,COC(=O)Nc1ccc(CNC(=O)CSc2ccccc2C(=O)OC)cc1,0
ZINC23353109,ChEMBL_zinc_D_9249,O=C(Nc1cnc2ccccc2c1)c1ccc(OC(F)(F)F)cc1,0
ZINC23431231,ChEMBL_zinc_D_9250,COc1ccccc1OCCCn1ncc(N2CCC(C[NH3+])C2)cc1=O,0
ZINC69202439,ChEMBL_zinc_D_9251,CCC(C)NC(=O)c1ccc(NC(=O)N(C)C(C)c2ccccc2OC)c(C)c1,0
ZINC69231588,ChEMBL_zinc_D_9252,CC(C)C(NC(=O)Nc1ccccc1)C(=O)NCC(c1cccc(F)c1)[NH+](C)C,0
ZINC15423798,ChEMBL_zinc_D_9253,CN(C)c1ccc(CN2CCC([NH3+])CC2)cc1,0
ZINC21779876,ChEMBL_zinc_D_9254,CC(C)OCCCNC(=O)c1cccc(S(=O)(=O)N2CCCCCC2)c1,0
ZINC64791046,ChEMBL_zinc_D_9255,COc1ccc(CNc2cc(-c3ccccc3)nc3nc(-c4cccnc4)nn32)cc1,0
ZINC64943873,ChEMBL_zinc_D_9256,COc1ccc(Cl)cc1NC(=O)Cn1nc(S(=O)(=O)c2ccc(C(C)C)cc2)ccc1=O,0
ZINC68518628,ChEMBL_zinc_D_9257,COc1ccc(SC(C)C(=O)OC(C)c2nnc(C)o2)cc1,0
ZINC68533995,ChEMBL_zinc_D_9258,CC(C)(C)OC(=O)N1CCC(C(=O)NC2CCN(c3ccccc3)C2=O)CC1,0
ZINC57148976,ChEMBL_zinc_D_9259,Cc1ccc(-c2csc3ncnc(Nc4cnn(CCO)c4)c23)cc1C,0
ZINC65541951,ChEMBL_zinc_D_9260,O=C(Cc1csc(Cc2ccc(F)cc2)n1)NC(C1CC1)C1CC1,0
ZINC19565464,ChEMBL_zinc_D_9261,COc1cccc(CN2CCc3c(nc(N4CCCCC4)[nH]c3=O)C2)c1,0
ZINC08836238,ChEMBL_zinc_D_9262,COC(=O)Cc1c(=O)[nH]c2ccc(C)cc2c1-c1ccccc1,0
ZINC58221193,ChEMBL_zinc_D_9263,Cc1noc(C2CCCN(C(=O)NC(C)c3ccc4c(c3)OCO4)C2)n1,0
ZINC69422321,ChEMBL_zinc_D_9264,CC(=O)Nc1cc(NC(=O)c2ccc(N3CCCC3)nn2)c(F)cc1F,0
ZINC06485609,ChEMBL_zinc_D_9265,O=C(COC(=O)c1cccc(Oc2ccccc2)c1)Nc1cc(F)ccc1F,0
ZINC66159973,ChEMBL_zinc_D_9266,COc1nc(C)ccc1CNC(=O)Nc1cccc(OCC(=O)N(C)C)c1,0
ZINC59811336,ChEMBL_zinc_D_9267,CCOc1ccc(NC(=O)C(CC(C)C)NS(=O)(=O)c2ccc(C)cc2)cc1F,0
ZINC05962206,ChEMBL_zinc_D_9268,Cc1ccc(F)c(NC(=O)COC(=O)c2ccccc2Cl)c1,0
ZINC48381196,ChEMBL_zinc_D_9269,CN(Cc1ccccc1F)c1ncnc2ccccc21,0
ZINC04970618,ChEMBL_zinc_D_9270,CC1Oc2ccccc2N(CC(=O)NCc2ccco2)C1=O,0
ZINC57493840,ChEMBL_zinc_D_9271,CC1CC(C)CN(C(=O)Cn2c3ccsc3c(=O)n(CCc3cccs3)c2=O)C1,0
ZINC57530026,ChEMBL_zinc_D_9272,O=C(COc1ccc(F)cc1)OCC(=O)N1CCOCC1,0
ZINC64438280,ChEMBL_zinc_D_9273,CNC(=O)c1cc(NC(=O)Cc2ccccc2C)ccc1F,0
ZINC64451553,ChEMBL_zinc_D_9274,CNC(=O)c1cc(NC(=O)Cn2nc([O-])c3ccccc3c2=O)ccc1F,0
ZINC48658547,ChEMBL_zinc_D_9275,CCCCNC(=O)CNc1cc(Cl)ccc1C(=O)NC,0
ZINC48697157,ChEMBL_zinc_D_9276,CC(C)(C)c1nnc(NC(=O)NCc2ccccc2)s1,0
ZINC69542314,ChEMBL_zinc_D_9277,CN1CCN(C(=O)c2ncccc2[O-])Cc2ccccc21,0
ZINC06784484,ChEMBL_zinc_D_9278,COc1ccc(C(CNS(=O)(=O)c2ccc(NC(C)=O)cc2)[NH+]2CCCC2)cc1,0
ZINC58809424,ChEMBL_zinc_D_9279,O=C(CNC(=O)Cn1cncn1)Nc1ccc(Cl)c(F)c1,0
ZINC70244714,ChEMBL_zinc_D_9280,CCc1ccc(C(=O)NCC(N)=O)cc1,0
ZINC67404517,ChEMBL_zinc_D_9281,CC[NH+](CC)CCCN(C)S(=O)(=O)c1c(F)cc(F)cc1F,0
ZINC67673118,ChEMBL_zinc_D_9282,Fc1ccc(C2(c3noc(-c4ccc[nH]4)n3)CCOC2)cc1,0
ZINC24069930,ChEMBL_zinc_D_9283,CC(=O)Nc1ccc(C)c(S(=O)(=O)N2CCCc3ccccc32)c1,0
ZINC24093811,ChEMBL_zinc_D_9284,O=C(NCc1cccc(Cl)c1)c1ccc(-n2cnnn2)cc1,0
ZINC42521232,ChEMBL_zinc_D_9285,NC(=O)CCCNC(=O)c1ccc(Cl)cc1,0
ZINC43750803,ChEMBL_zinc_D_9286,CC(C)C(=O)N1CCC(NC(=O)c2ccccc2-n2cnnn2)CC1,0
ZINC68548232,ChEMBL_zinc_D_9287,CC1CN(C(=O)NCc2cccc(NC(=O)C3CCCO3)c2)CC(C)(C)O1,0
ZINC68556383,ChEMBL_zinc_D_9288,Cc1[nH]c2ccc(F)cc2c1CC(=O)NCCOCC1CCOC1,0
ZINC36074541,ChEMBL_zinc_D_9289,CC(NC(=O)C(C)(C)c1ccccc1)c1cccs1,0
ZINC37435741,ChEMBL_zinc_D_9290,COc1ccccc1Nc1nc(C(=O)NCC(=O)NCC2CCCO2)cs1,0
ZINC53348018,ChEMBL_zinc_D_9291,COc1ccc(OC)c(CCNC(=O)c2ccc(Cl)cc2)c1,0
ZINC64817734,ChEMBL_zinc_D_9292,Cc1ccccc1-c1cc2n(n1)CCC(=O)N2CC(=O)N1CCN(c2cccc[nH+]2)CC1,0
ZINC49002093,ChEMBL_zinc_D_9293,Cc1ccc2c(=O)c(C(=O)Nc3ccc(F)cc3)cn(CC(=O)NC3CCCC3)c2n1,0
ZINC49059900,ChEMBL_zinc_D_9294,CC(C(=O)N1CCN(Cc2ccncc2)CC1)n1nc(-c2ccc(F)cc2)ccc1=O,0
ZINC06728592,ChEMBL_zinc_D_9295,O=C([O-])C1C2CCC(CC2)C1C(=O)NCc1ccc2c(c1)OCO2,0
ZINC69220682,ChEMBL_zinc_D_9296,O=C(NCCc1ccc(F)cc1)NCCC(O)(c1ccccc1)C(F)(F)F,0
ZINC09466986,ChEMBL_zinc_D_9297,CCOC(=O)CSc1nc2c(c(=O)n(C)c(=O)n2C)n1CCc1ccc(OC)cc1,0
ZINC09467377,ChEMBL_zinc_D_9298,CCn1c(CSc2ccc3c(c2)OCCO3)nc2cc(S(=O)(=O)N3CCOCC3)ccc21,0
ZINC19619075,ChEMBL_zinc_D_9299,CCCOc1cc(C)c(Cl)cc1S(=O)(=O)NCCN1CCOCC1,0
ZINC19938211,ChEMBL_zinc_D_9300,NS(=O)(=O)c1ccc(CCNCc2ccc(OCc3cccs3)cc2)cc1,0
ZINC19948417,ChEMBL_zinc_D_9301,COc1ccc(C[NH2+]CCc2cccs2)cc1,0
ZINC20068047,ChEMBL_zinc_D_9302,CSc1nnc(SC(C)c2nnc(-c3ccccc3)o2)s1,0
ZINC69431051,ChEMBL_zinc_D_9303,CC(NC(=O)NCCCc1cccc(F)c1)C(=O)NC1CCCC1,0
ZINC44816347,ChEMBL_zinc_D_9304,Cc1ccc(S(=O)(=O)N(C)CC(=O)NCC2COc3ccccc3O2)cc1,0
ZINC65071334,ChEMBL_zinc_D_9305,COC(C)C(=O)Nc1cccc(NC(=O)CSc2ccccc2C)c1,0
ZINC65076884,ChEMBL_zinc_D_9306,COC(C)C(=O)Nc1cccc(NC(=O)CN(C)C(=O)c2cccs2)c1,0
ZINC55036965,ChEMBL_zinc_D_9307,CC(=O)c1ccc(C(=O)N(CC#Cc2ccccc2)CC(C)C)s1,0
ZINC55042578,ChEMBL_zinc_D_9308,Cc1nc2ccccc2nc1CN1CCOc2ccc(C(C)(O)COc3ccccc3)cc2C1,0
ZINC66800965,ChEMBL_zinc_D_9309,CC(CC#N)Sc1ccccc1NC(=O)Cc1csc(-c2ccsc2)n1,0
ZINC66808834,ChEMBL_zinc_D_9310,CS(=O)(=O)c1ccc(CNc2nc(-c3ccncc3)nc3c2CCC3)cc1,0
ZINC09067075,ChEMBL_zinc_D_9311,COc1ccc(CNC(=O)NCC2CC(=O)N(Cc3ccc(F)cc3)C2)cc1,0
ZINC09117118,ChEMBL_zinc_D_9312,CC1Cc2cc(S(=O)(=O)N(C)CC(=O)N3CCCC(C)C3)ccc2N1C(=O)C1CC1,0
ZINC02708673,ChEMBL_zinc_D_9313,Cc1nc2nc(C)cc(SCC(=O)c3cccs3)n2n1,0
ZINC01142505,ChEMBL_zinc_D_9314,Cn1c2ccccc2nc1NC(=O)c1cccc(Cn2cc(Cl)cn2)c1,0
ZINC68560316,ChEMBL_zinc_D_9315,C=CCOc1ccc(C(=O)N2c3ccccc3CC2C(=O)OC)cc1,0
ZINC68570445,ChEMBL_zinc_D_9316,COc1cc(OC)cc(C(=O)NCc2cn3c(cccc3C)[nH+]2)c1,0
ZINC54750505,ChEMBL_zinc_D_9317,COCCNC(=O)CCNC(=O)NCc1ccc(C[NH+]2CCCCC2C)cc1,0
ZINC09733616,ChEMBL_zinc_D_9318,CC(C)CCNC(=O)NCc1ccc(S(=O)(=O)N2CCOCC2)s1,0
ZINC09141630,ChEMBL_zinc_D_9319,O=C(Nc1ccc(F)cc1F)c1cccc2c(Cl)cccc12,0
ZINC09328134,ChEMBL_zinc_D_9320,C=CCn1c(SCC(=O)c2ccc(C#N)cc2)nnc1-c1ccc(OC)cc1,0
ZINC28316019,ChEMBL_zinc_D_9321,Cc1ccc(C)c(C(=O)NC(CCc2ccccc2)c2ccc3c(c2)OCCO3)c1,0
ZINC29695335,ChEMBL_zinc_D_9322,Cc1cccc(-c2noc(C[NH+]3CCN(c4cc(Cl)ccc4C)CC3)n2)c1,0
ZINC63129846,ChEMBL_zinc_D_9323,CSc1ccc(NC(=O)CSc2nnc(N3CCOCC3)s2)cc1,0
ZINC63141860,ChEMBL_zinc_D_9324,O=C1CN(CCc2ccc(F)cc2)C(=O)C2CC3=c4ccccc4=[NH+]C3C(c3cccc(Cl)c3)N12,0
ZINC44910758,ChEMBL_zinc_D_9325,CC(NS(=O)(=O)c1ccccc1OC(F)(F)F)C1CCCO1,0
ZINC45885865,ChEMBL_zinc_D_9326,CNC(=O)COC(=O)CCCNc1ncccn1,0
ZINC09701726,ChEMBL_zinc_D_9327,Cc1ccc(CC(=O)Nc2nnc(-c3ccc4c(c3)OCO4)o2)cc1,0
ZINC09710065,ChEMBL_zinc_D_9328,CC(Oc1ccc(Cl)cc1)C(=O)Nc1cccc(-c2nnnn2C2CC2)c1,0
ZINC53176192,ChEMBL_zinc_D_9329,Cc1cc(C)n(CC(=O)N(C)C(C)c2ccc(-n3cncn3)cc2)n1,0
ZINC05463560,ChEMBL_zinc_D_9330,CCCOc1ccccc1OCC(=O)Nc1ccc(OC)c(Cl)c1,0
ZINC68752543,ChEMBL_zinc_D_9331,CC(Cc1cccc(F)c1)C(=O)Nc1ccccc1OC(F)F,0
ZINC68765755,ChEMBL_zinc_D_9332,CC(Cc1cccc(F)c1)C(=O)N1CC(=O)Nc2ccccc21,0
ZINC67619061,ChEMBL_zinc_D_9333,CCC(NC(=O)NC1CC1c1ccccc1)c1ccccc1OCC(=O)N(C)C,0
ZINC67628474,ChEMBL_zinc_D_9334,CC(Cc1c(F)cccc1F)NC(=O)N(C)C(C)c1cccc(O)c1,0
ZINC65350578,ChEMBL_zinc_D_9335,N#Cc1cccc(-c2ccc(C(=O)[O-])c(F)c2)c1F,0
ZINC65363581,ChEMBL_zinc_D_9336,COc1cc(OC)cc(C(=O)N2CCN(c3nc(C)cc(N4CCCCC4)n3)CC2)c1,0
ZINC34703710,ChEMBL_zinc_D_9337,C#CCN1CCN(c2ccccc2NC(=O)CSc2nnc(-c3cccc(OC)c3)o2)CC1,0
ZINC06896134,ChEMBL_zinc_D_9338,Cc1csc(SCC(=O)Nc2cc(Cl)ccc2N2CC[NH+](C)CC2)n1,0
ZINC47145712,ChEMBL_zinc_D_9339,COc1cccc(Cn2c(CNC(=O)C3CCC3)nc3cccnc32)c1,0
ZINC47503090,ChEMBL_zinc_D_9340,O=C(Oc1ccc(N2CCOC2=O)cc1)c1ccc(COCC(F)(F)F)cc1,0
ZINC57775256,ChEMBL_zinc_D_9341,CCNC(=O)C1CCCN(C(=O)NC)C1,0
ZINC58787698,ChEMBL_zinc_D_9342,CCN1CC(C(=O)N2CCCc3cc(C(C)C)ccc32)CC1=O,0
ZINC55309277,ChEMBL_zinc_D_9343,CCC(C)N(Cc1cccnc1)C(=O)CCN(C)S(C)(=O)=O,0
ZINC55385527,ChEMBL_zinc_D_9344,CCCC(=O)N1CCC(C(=O)Nc2ccccc2COC)CC1,0
ZINC68788288,ChEMBL_zinc_D_9345,COCCN(C(=O)C(C)Cc1cccc(F)c1)C1CCCC1,0
ZINC03517847,ChEMBL_zinc_D_9346,CCOc1ccc(C(=O)NC(C(=O)NCc2ccccc2Cl)C(C)C)cc1,0
ZINC19375066,ChEMBL_zinc_D_9347,O=C1OC(Nc2ccc(Cl)cn2)c2ccccc21,0
ZINC02686944,ChEMBL_zinc_D_9348,COc1cc(COCC(O)C[NH+]2CCc3ccccc3C2)cc(OC)c1OC,0
ZINC69183209,ChEMBL_zinc_D_9349,COc1ccc(NC(=O)NC2CC[NH+](C(C)C)C2)cc1C,0
ZINC69263728,ChEMBL_zinc_D_9350,O=C(NCCNC(=O)c1ccc(Cl)cc1)NCC(O)C1CCCCC1,0
ZINC46079329,ChEMBL_zinc_D_9351,CCC(=O)Nc1cc(-c2ccc(Cl)cc2)nn(CC(=O)Nc2ccc(F)cc2C)c1=O,0
ZINC46112344,ChEMBL_zinc_D_9352,CC(C)NS(=O)(=O)c1cc(C(=O)N2CCCCCC2)ccc1F,0
ZINC66690892,ChEMBL_zinc_D_9353,Cc1[nH]c(C(=O)N2CCOC(c3ccccc3F)C2)c(C)c1C(=O)OC(C)C,0
ZINC66739089,ChEMBL_zinc_D_9354,CCN1C(=O)c2ccccc2NC12CCN(c1ccc(OC)cc1)CC2,0
ZINC66824904,ChEMBL_zinc_D_9355,O=C(COc1ccccc1OCC(F)(F)F)N1CCc2ccccc2C1,0
ZINC66834888,ChEMBL_zinc_D_9356,CNC(=O)C1CCCN1C(=O)c1csc(-c2ccc3c(c2)OCCO3)n1,0
ZINC64032685,ChEMBL_zinc_D_9357,Cc1nn(CCC(=O)[O-])c2c1=C(C(=O)[O-])CC(=O)N=2,0
ZINC35509916,ChEMBL_zinc_D_9358,Cc1nn(-c2ccccc2)c2sc(C(=O)NCC[NH+](C)C3CCCCC3)cc12,0
ZINC53181059,ChEMBL_zinc_D_9359,CC(=O)Nc1ccc(F)c(C(=O)N2CCC(C(=O)N3CCCC3)CC2)c1,0
ZINC64834168,ChEMBL_zinc_D_9360,COc1cccc(CC(NC(C)=O)C(=O)Nc2cccc(-c3nccs3)c2)c1,0
ZINC69294234,ChEMBL_zinc_D_9361,O=C(NCCOCC1CCOC1)Nc1ccccc1COc1ccccc1,0
ZINC69298590,ChEMBL_zinc_D_9362,CC(C)N(C)S(=O)(=O)c1ccc(CNC(=O)COCC2CCCO2)cc1,0
ZINC08838229,ChEMBL_zinc_D_9363,CCCCCc1c(O)nc(SCC[NH+](C)C)n(-c2ccccc2)c1=O,0
ZINC08877929,ChEMBL_zinc_D_9364,Nc1cc(-c2ccc(Cl)cc2)sc1-c1nnc2n1CCCCC2,0
ZINC65224733,ChEMBL_zinc_D_9365,COCCc1noc(Cn2ccc3ccn(CCOC)c3c2=O)n1,0
ZINC65232776,ChEMBL_zinc_D_9366,O=C(Cc1nc(Cc2ccc(F)cc2)n[nH]1)Nc1ccc(Cl)cc1,0
ZINC12187223,ChEMBL_zinc_D_9367,CCc1nc2ccccc2c(=O)n1CC1(O)CCN(C(=O)C2CC=CCC2)CC1,0
ZINC12202585,ChEMBL_zinc_D_9368,O=C(NCc1nc(-c2ccccc2)no1)C1Cc2cc(Cl)ccc2O1,0
ZINC10404613,ChEMBL_zinc_D_9369,CC1CCCCC1NC(=O)Nn1cnc2ccccc21,0
ZINC11247776,ChEMBL_zinc_D_9370,Cc1ccc(NC(=O)Cn2c3ccccc3c(=O)c3ccccc32)c(Br)c1,0
ZINC69315622,ChEMBL_zinc_D_9371,CCOc1ccccc1CCNC(=O)N1CCCC(C(=O)NCC2CC2)C1,0
ZINC69324421,ChEMBL_zinc_D_9372,O=C(Nc1ccc2c(c1)NC(=O)CO2)c1ccc(-c2ccccc2)cc1,0
ZINC69871737,ChEMBL_zinc_D_9373,CC(C)CN(C)C(=O)NC(c1nc(C2CC2)no1)C(C)C,0
ZINC69957136,ChEMBL_zinc_D_9374,CCCCCNC(=O)C1CCN(C(=O)NCCc2ccc(F)cc2F)CC1,0
ZINC69842834,ChEMBL_zinc_D_9375,CC(C)COc1ccc(C(C)(C)CNS(N)(=O)=O)cc1,0
ZINC70012542,ChEMBL_zinc_D_9376,CC[NH+](CC(O)COc1ccccc1C(C)C)CC1CC1,0
ZINC04415969,ChEMBL_zinc_D_9377,COc1ccc(-c2nc(-c3cccc(O)c3)[nH]c2-c2ccc(OC)cc2)cc1,0
ZINC04660907,ChEMBL_zinc_D_9378,COc1ccc(NS(=O)(=O)c2cc(C)c(Cl)cc2Cl)cc1,0
ZINC21173786,ChEMBL_zinc_D_9379,Cc1cccc(-c2nc3nc(C)cc(N4CCN(CCO)CC4)n3n2)c1,0
ZINC21348279,ChEMBL_zinc_D_9380,CCCN(CCC)C(=O)C1CC(=O)N(c2ccc(C)c(Cl)c2)C1,0
ZINC66777891,ChEMBL_zinc_D_9381,CC(=O)NC(C(=O)N(C)CCCC(=O)OC(C)(C)C)C(C)C,0
ZINC66854233,ChEMBL_zinc_D_9382,COC(=O)CCCNC(=O)C[NH+](C)CC(C)c1ccccc1,0
ZINC05329791,ChEMBL_zinc_D_9383,O=C1CCCCN1c1ccc(NS(=O)(=O)c2ccccc2Cl)cc1,0
ZINC03366054,ChEMBL_zinc_D_9384,CCN(c1ccccc1)S(=O)(=O)c1ccc(C(=O)NCc2ccc(OC)c(OC)c2)cc1,0
ZINC49521060,ChEMBL_zinc_D_9385,CC(C)CC(=O)NCC1(c2cccs2)CCCCC1,0
ZINC00611773,ChEMBL_zinc_D_9386,COc1ccc(Cl)cc1NC(=O)N1CCc2ccccc2C1,0
ZINC43527953,ChEMBL_zinc_D_9387,O=C(CN1CCN(C(=O)Nc2cc(Cl)ccc2F)CC1)N1CCCCCC1,0
ZINC43573314,ChEMBL_zinc_D_9388,CC[NH+](CC)CCN(CC(C)C)C(=O)Nc1ccc(N2CCCC2=O)cc1,0
ZINC66691598,ChEMBL_zinc_D_9389,O=C(c1cc(F)c(F)cc1Cl)N1CCOC(c2ccccc2F)C1,0
ZINC66740429,ChEMBL_zinc_D_9390,Cc1nn(-c2ccc(F)cc2F)c(C)c1C1Nc2c(C)[nH]nc2C(=O)N1,0
ZINC00483388,ChEMBL_zinc_D_9391,Cn1ncc(I)c1C(=O)NC1CCCC1,0
ZINC42651678,ChEMBL_zinc_D_9392,O=S(=O)(c1c(Cl)cc(Cl)cc1Cl)N1CCOCC1,0
ZINC66113858,ChEMBL_zinc_D_9393,CCOc1cccc(CC(NC(C)=O)C(=O)[O-])c1,0
ZINC66175704,ChEMBL_zinc_D_9394,CCC[NH+]1CCC(N(C)C(=O)NC(C)c2cc(OC)ccc2OC)CC1,0
ZINC46321014,ChEMBL_zinc_D_9395,CCOC(=O)Nc1cccc(OC(=O)C2CC(=O)N(C(C)C)C2)c1,0
ZINC46345114,ChEMBL_zinc_D_9396,Cc1ccccc1C(OCC(O)CN1CCOCC1)c1ccccc1,0
ZINC64986601,ChEMBL_zinc_D_9397,CC1CCN(S(=O)(=O)c2cc3c(cc2N2CCCCCC2)Oc2ccccc2NC3=O)CC1,0
ZINC65085450,ChEMBL_zinc_D_9398,COc1cccc(N2CCN(C(=O)c3ccc(S(=O)(=O)c4ccc(Cl)cc4)s3)CC2)c1,0
ZINC70886308,ChEMBL_zinc_D_9399,COc1ccc(C(=O)Nn2c(C)nc3sccc3c2=O)cc1OC,0
ZINC70904691,ChEMBL_zinc_D_9400,O=C(NC(CCCc1ccccc1)c1ccccc1)c1ccc([O-])nn1,0
ZINC69165536,ChEMBL_zinc_D_9401,Cn1cc(C2CC2C(=O)N2CCCc3c([N-]S(C)(=O)=O)cccc32)cn1,0
ZINC41948931,ChEMBL_zinc_D_9402,COc1ccccc1C(CNC(=O)CCc1c(C)nn(C)c1C)[NH+]1CCCC1,0
ZINC68516191,ChEMBL_zinc_D_9403,CCCCC(NC(N)=O)C(=O)NCCC(C)C,0
ZINC71614137,ChEMBL_zinc_D_9404,CCC(C(=O)[O-])C(O)CC#N,0
ZINC64889528,ChEMBL_zinc_D_9405,CC1=NC(C)=C(C(=O)N2CCCC2)C1S(=O)(=O)N1CCC(C(=O)Nc2ccccc2C)CC1,0
ZINC65079966,ChEMBL_zinc_D_9406,O=C(NCC1CCCO1)c1ncoc1-c1ccccc1C(=O)N1CCCCC1,0
ZINC68492715,ChEMBL_zinc_D_9407,COCC[NH+]1CCC(CNC(=O)Cc2nc3ncccn3n2)C1,0
ZINC68638197,ChEMBL_zinc_D_9408,Cc1cc(NC(=O)COc2cccc(F)c2F)no1,0
ZINC60378349,ChEMBL_zinc_D_9409,COc1ccc(C(Cc2ccc(F)cc2)NC(=O)CN(C)C(=O)OC(C)(C)C)cc1,0
ZINC60509762,ChEMBL_zinc_D_9410,COc1ccc(OC)c(S(=O)(=O)NCC(c2ccccc2)[NH+]2CCC(C)CC2)c1,0
ZINC12383120,ChEMBL_zinc_D_9411,CC(C)c1ccccc1OC(C)C(=O)Nc1ccc2c(c1)OCCO2,0
ZINC02788277,ChEMBL_zinc_D_9412,CCOc1ccccc1NC(=O)c1cc(=O)[nH]c([O-])n1,0
ZINC71624156,ChEMBL_zinc_D_9413,COC(=O)c1cc(C)c(C(F)(F)F)cc1N,0
ZINC71707854,ChEMBL_zinc_D_9414,Cn1c(=O)cc(C(=O)N2CC[NH2+]C(C(=O)[O-])C2)c2ccccc21,0
ZINC41702359,ChEMBL_zinc_D_9415,Nc1c(Br)cnc2c(F)c(F)ccc12,0
ZINC43555207,ChEMBL_zinc_D_9416,CCCc1nnc(NC(=O)N(C)Cc2ccco2)s1,0
ZINC07016351,ChEMBL_zinc_D_9417,Nc1c(Cl)cc(NS(=O)(=O)c2cccc(C(F)(F)F)c2)cc1Cl,0
ZINC71614228,ChEMBL_zinc_D_9418,CCCc1nnc2sc(Cc3cc4c(cc3Cl)OCCO4)nn12,0
ZINC68528277,ChEMBL_zinc_D_9419,Cc1ccsc1C(=O)NC1CCC[NH+](C2CCCCC2)C1,0
ZINC68603921,ChEMBL_zinc_D_9420,CC(C(=O)N(C)CC(=O)NC1CC[NH+](CC(=O)N(C)C)CC1)n1cccn1,0
ZINC20241790,ChEMBL_zinc_D_9421,Cc1ccc(NC(=O)c2ccc(C[NH+]3CCN(Cc4ccccc4)CC3)cc2)cc1,0
ZINC20354336,ChEMBL_zinc_D_9422,COc1ccc(C[NH2+]CCc2c[nH]c3ccccc23)cc1Cn1cccn1,0
ZINC49957608,ChEMBL_zinc_D_9423,CC(C)n1nccc1NC(=O)CCCOc1ccccc1,0
ZINC69086714,ChEMBL_zinc_D_9424,COc1ccccc1C1CCC[NH+]1CC(=O)Nc1ccccc1Cl,0
ZINC63332511,ChEMBL_zinc_D_9425,CN(C)c1cc(CNC(=O)NC2CC[NH+](CC3CCCC3)CC2)cc[nH+]1,0
ZINC04786123,ChEMBL_zinc_D_9426,Cc1ccc(Cn2c3ccccc3[nH]c2=NC(=O)c2ccco2)cc1,0
ZINC35528307,ChEMBL_zinc_D_9427,CC1CCCN(c2nc3ncnc(SCC(=O)Nc4ccccc4Br)c3s2)C1,0
ZINC64477523,ChEMBL_zinc_D_9428,CCC(=O)Nc1ccc(S(=O)(=O)Nc2cc(Cl)ccc2NC(C)=O)cc1,0
ZINC66183407,ChEMBL_zinc_D_9429,CCOc1ccc(NCCNc2ccccc2C(C)C)cc1,0
ZINC15294142,ChEMBL_zinc_D_9430,COc1ccc(NCC(=O)Nc2ccc(C(=O)N(C)C)cc2)cc1Cl,0
ZINC63255225,ChEMBL_zinc_D_9431,Cc1cn2nc(NCc3c(C)noc3C)sc2n1,0
ZINC63384906,ChEMBL_zinc_D_9432,CC1c2cc3c(cc2OC(=O)C1CC(=O)NCCC1=c2cc(F)ccc2=[NH+]C1)OC(C)(C)CC3,0
ZINC38498247,ChEMBL_zinc_D_9433,CCOc1ccccc1NC(=O)Cc1cc(-c2ccc3c(c2)OCCO3)on1,0
ZINC38520140,ChEMBL_zinc_D_9434,CCCCC1CCC(C(=O)Nc2nn(C)c3c2C(c2cccs2)CC(=O)N3)CC1,0
ZINC50359612,ChEMBL_zinc_D_9435,CC(=O)Nc1cc(C(=O)NCC(=O)Nc2cccc(F)c2)ccc1C,0
ZINC03455110,ChEMBL_zinc_D_9436,O=C(CSc1nc2ccccc2c(=O)n1CCCO)c1ccc(Cl)cc1,0
ZINC69068393,ChEMBL_zinc_D_9437,CC(c1ccco1)[NH+](C)CC(=O)Nc1ccc(N2CCCCCC2)cc1,0
ZINC25658273,ChEMBL_zinc_D_9438,COc1ccc(S(=O)(=O)NCC(C)c2ccccc2)cc1Br,0
ZINC69660010,ChEMBL_zinc_D_9439,Cc1cccc2cc(C(=O)N3CCCC(n4cc[nH+]c4)C3)oc21,0
ZINC69700094,ChEMBL_zinc_D_9440,Cc1cc(C(=O)N2CCCC2C2CCC[NH+]2C)nc2ccccc12,0
ZINC14474728,ChEMBL_zinc_D_9441,CC1CC(C)CN(S(=O)(=O)c2cccc(C(=O)NC(C)(C)C)c2)C1,0
ZINC60408425,ChEMBL_zinc_D_9442,O=C(CCOc1ccc(F)cc1F)NCc1ccccc1N1CCCC1,0
ZINC12198786,ChEMBL_zinc_D_9443,O=C(NCCn1cccn1)c1coc(COc2ccc(F)cc2Cl)n1,0
ZINC12217623,ChEMBL_zinc_D_9444,COCCSc1nnc(CCNC(=O)c2ccc(C(=O)c3cc(OC)ccc3OC)cc2)n1C,0
ZINC09828761,ChEMBL_zinc_D_9445,CCOC(=O)c1ccc(NC(=O)CS(=O)c2ncc(-c3ccc(OC)cc3)n2C)cc1,0
ZINC09836181,ChEMBL_zinc_D_9446,CCCNC(=O)C1(O)c2cc(Br)ccc2NC(=O)N1c1cccc(OC)c1,0
ZINC42629250,ChEMBL_zinc_D_9447,COc1ccccc1C1C(C(=O)N2CCOCC2)CCC(=O)N1c1ccc(C)cc1,0
ZINC69223339,ChEMBL_zinc_D_9448,CC1CC(NC(=O)N2CCCC2)c2ccccc21,0
ZINC69464783,ChEMBL_zinc_D_9449,CC1CCCCC1OCC[NH+]1CCc2cncnc2C1,0
ZINC69470624,ChEMBL_zinc_D_9450,C=CCn1cc(C(=O)NCC2CCC[NH+](CC)C2)c2ccccc21,0
ZINC54063328,ChEMBL_zinc_D_9451,COc1ccccc1C(C)NC(=O)N1CCN(Cc2cn3ccccc3[nH+]2)CC1,0
ZINC05012126,ChEMBL_zinc_D_9452,CCCc1cc(=O)[nH]c(Nc2ccc(CC)cc2)n1,0
ZINC48303264,ChEMBL_zinc_D_9453,COc1ccccc1-c1n[nH]c(=NC(=O)CC(NC(C)=O)c2cccs2)[nH]1,0
ZINC69109890,ChEMBL_zinc_D_9454,CC(NC(=O)c1ccc(C(C)(C)C)cc1)C(=O)NC(C)c1ccccn1,0
ZINC63259261,ChEMBL_zinc_D_9455,CNC(=O)C1CCC(NC(=O)c2ccc(-n3ccnc3SC)cc2)CC1,0
ZINC63268496,ChEMBL_zinc_D_9456,CCCN(CCC)C(=O)c1ccc(Oc2cccnc2)cc1,0
ZINC66912437,ChEMBL_zinc_D_9457,CC(C)COC1CCN(S(=O)(=O)N(C)C(C)C2CC2)CC1,0
ZINC66984650,ChEMBL_zinc_D_9458,O=C(NC1CCC2(CC1)OCCO2)N1CCN(c2ccc(Cl)cn2)CC1,0
ZINC09762586,ChEMBL_zinc_D_9459,COc1ccc(C(CNC(=O)c2cnc3sccn3c2=O)[NH+]2CCCC2)cc1,0
ZINC09791668,ChEMBL_zinc_D_9460,COc1cccc(CN(C)C(=O)NC(c2ccc3c(c2)OCCO3)C(C)C)c1,0
ZINC39940270,ChEMBL_zinc_D_9461,CC1CC=C(Cn2nccc2NC(=O)CN2C(=O)COc3ccccc32)O1,0
ZINC63271418,ChEMBL_zinc_D_9462,O=C(CCNC(=O)N1CCC2=c3ccccc3=[NH+]C2C1)NCc1ccncc1,0
ZINC57922464,ChEMBL_zinc_D_9463,O=S(=O)(NCc1ccoc1)c1cc2c(cc1Br)OCCO2,0
ZINC57951705,ChEMBL_zinc_D_9464,Cc1nnc(C[NH+](C)CCOc2ccc(F)cc2)o1,0
ZINC00107247,ChEMBL_zinc_D_9465,COc1cccc2c(Nc3cccc(O)c3)cc(C)nc12,0
ZINC31295270,ChEMBL_zinc_D_9466,N#Cc1ccccc1S(=O)(=O)N1CCN(Cc2cnn(-c3ccccc3)c2)CC1,0
ZINC68579993,ChEMBL_zinc_D_9467,CC(c1cccnc1)N(C)C(=O)NCCN(C)c1ccccc1,0
ZINC68668945,ChEMBL_zinc_D_9468,CC(=O)N(C)Cc1ccccc1NC(=O)C1CC1c1ccc(Cl)c(Cl)c1,0
ZINC68444595,ChEMBL_zinc_D_9469,C#CCCN1CCN(C(=O)C(C)OCC)CC1,0
ZINC68635826,ChEMBL_zinc_D_9470,CC[NH+]1CCCC(NC(=O)Nc2cc(C)nn2C(C)(C)C)C1,0
ZINC20351073,ChEMBL_zinc_D_9471,CCCCn1nc(NCc2cc(C(F)(F)F)nn2CC)cc1C,0
ZINC20557880,ChEMBL_zinc_D_9472,CCOC(=O)C1=C(CN2CCN(c3cc(C)ccc3C)CC2)NC(=O)NC1c1ccc(F)cc1,0
ZINC65385182,ChEMBL_zinc_D_9473,CC(C)c1cc(C(=O)NC(Cn2cc[nH+]c2)C(C)C)no1,0
ZINC65397450,ChEMBL_zinc_D_9474,CN(Cc1cc(-c2cccnc2)no1)C(=O)Cn1c(=O)oc2ccccc21,0
ZINC54002684,ChEMBL_zinc_D_9475,CC(C)Oc1ccc(C(=O)NC2CCCCNC2=O)cn1,0
ZINC54211064,ChEMBL_zinc_D_9476,CN(C)c1ccc(Cl)cc1NC(=O)c1cccc(F)c1F,0
ZINC12226278,ChEMBL_zinc_D_9477,CCOc1cc(Nc2ccc(NS(=O)(=O)c3ccc(F)cc3)cc2)nc(C)n1,0
ZINC12382624,ChEMBL_zinc_D_9478,COc1ccc(S(=O)(=O)Nc2ccccc2C(=O)NC(C)C)cc1I,0
ZINC53794516,ChEMBL_zinc_D_9479,CCC(=O)C(C)Sc1nncn1-c1cccc(NC(C)=O)c1,0
ZINC54147201,ChEMBL_zinc_D_9480,COc1ccc(Cl)cc1Nc1nc(N)nc(CN2CCN(c3ccccc3)CC2)n1,0
ZINC45829532,ChEMBL_zinc_D_9481,CC1CC(C)CN(S(=O)(=O)c2ccc(C(=O)Nc3c(F)cccc3F)cc2)C1,0
ZINC68827813,ChEMBL_zinc_D_9482,Cc1nn(-c2ccccc2)c(C)c1C(=O)Nc1ccc(F)c(-n2nnnc2C)c1,0
ZINC67563890,ChEMBL_zinc_D_9483,CS(=O)(=O)N1CCCC(NC(=O)Nc2ccccc2-n2cncn2)C1,0
ZINC67585773,ChEMBL_zinc_D_9484,O=C(NCc1ccccc1Cl)Nc1nnc(C(F)F)s1,0
ZINC06893076,ChEMBL_zinc_D_9485,CC(=O)N1CC(C)Sc2ccc(S(=O)(=O)Nc3ccc(F)cc3)cc21,0
ZINC52615654,ChEMBL_zinc_D_9486,Cc1ccoc1C(=O)N(C)Cc1ccccc1N1CCCC1,0
ZINC65194223,ChEMBL_zinc_D_9487,COc1ccc(OC)c([N-]S(=O)(=O)C2C(C)=NC(C)=C2c2nc(C)no2)c1,0
ZINC65278281,ChEMBL_zinc_D_9488,Cc1ccc(CCNS(=O)(=O)c2ccc3c(c2)CCC(=O)N3)c(C)c1,0
ZINC66205491,ChEMBL_zinc_D_9489,Cc1noc(CNC(=O)N(Cc2cccnc2)CC2CCCO2)n1,0
ZINC66238416,ChEMBL_zinc_D_9490,OC(COCc1ccco1)CSc1nnc(C2COc3ccccc3O2)o1,0
ZINC68775414,ChEMBL_zinc_D_9491,CC(C)[NH+]1CCCN(C(=O)CCCCCCNC(=O)OC(C)(C)C)CC1,0
ZINC68809996,ChEMBL_zinc_D_9492,Cc1ncc(C[NH+](C)Cc2csc(Nc3ccccc3C)n2)s1,0
ZINC08725187,ChEMBL_zinc_D_9493,CCN(CC)c1ccc(-c2nnc(SCc3cn4cc(C)ccc4n3)o2)cc1,0
ZINC08993410,ChEMBL_zinc_D_9494,CCOc1ncccc1C(=O)N(CCS(=O)(=O)N1CCCC1)Cc1ccncc1,0
ZINC66763600,ChEMBL_zinc_D_9495,Cc1cccc(NC(=O)NCC(=O)N2CCCC(c3ccccc3)CC2)c1,0
ZINC66794702,ChEMBL_zinc_D_9496,O=c1n(CN2CCOC(c3ccc(F)c(F)c3)C2)nc2ccccn21,0
ZINC64974465,ChEMBL_zinc_D_9497,Cc1cc(C(=O)NCC(C)C)ccc1NC(=O)c1ccc(Cl)o1,0
ZINC64989739,ChEMBL_zinc_D_9498,Cc1ccc(C(=O)N2CCc3ccc(CNC(=O)CCc4ccccc4)cc32)cc1,0
ZINC47941562,ChEMBL_zinc_D_9499,CCCc1noc(CS(=O)(=O)c2nc(C)cs2)n1,0
ZINC49347346,ChEMBL_zinc_D_9500,O=C(NCCNC(=O)c1ccccc1)c1cc[nH]n1,0
ZINC65421367,ChEMBL_zinc_D_9501,Cc1nc2ccccc2c(=O)n1CC(=O)NCc1cnn(C)c1,0
ZINC65488996,ChEMBL_zinc_D_9502,CCOC(=O)c1c(C)c(C)sc1NC(=O)c1oc2c(c1C)C(=O)CC(C)(C)C2,0
ZINC05330094,ChEMBL_zinc_D_9503,Cc1ccc(NS(=O)(=O)c2ccccc2)cc1N1CCCCC1=O,0
ZINC63297123,ChEMBL_zinc_D_9504,COc1cc(CNC(=O)c2ccc(Oc3cccnc3)cc2)ccc1C,0
ZINC59570918,ChEMBL_zinc_D_9505,CCOC(=O)CCC[NH2+]C1CC1,0
ZINC20140725,ChEMBL_zinc_D_9506,O=C(Nc1ccc(-c2ccc(CO)o2)c(Cl)c1)c1ccc2c(c1)OCO2,0
ZINC68817791,ChEMBL_zinc_D_9507,CCC(C)NC(=O)c1ccc(NC(=O)COc2ccc(F)cc2)c(C)c1,0
ZINC16517745,ChEMBL_zinc_D_9508,Cc1ccc(CNC(=O)CN2CCN(S(=O)(=O)c3ccc(C)cc3)CC2)cc1,0
ZINC39485439,ChEMBL_zinc_D_9509,Cn1cc(CN2CCC3(C2)CCC[NH+](CC2CC2)C3)c2ccccc21,0
ZINC40119410,ChEMBL_zinc_D_9510,CCC(NC(=O)c1ccc(OCc2nccn2C)cc1)c1ccc(C)cc1,0
ZINC40135376,ChEMBL_zinc_D_9511,O=C(CNc1ccccc1C(=O)N1CCCC(O)C1)Nc1ccccc1F,0
ZINC40141846,ChEMBL_zinc_D_9512,CC(=O)Nc1ccc(F)c(NC(=O)CCCc2ccc(Cl)cc2)c1,0
ZINC60526630,ChEMBL_zinc_D_9513,O=C1CCCCCN1CC(NCc1cscn1)c1ccccc1,0
ZINC60533968,ChEMBL_zinc_D_9514,Cc1ccsc1CN(C)C(=O)c1cc(-c2cccnc2)nc2ccccc21,0
ZINC07984479,ChEMBL_zinc_D_9515,CC(C)C(C)NC(=O)Cn1c2ccccc2oc1=O,0
ZINC38548729,ChEMBL_zinc_D_9516,COc1ccc(NC(=O)Nc2nnc(Cc3ccc(F)cc3)o2)cc1,0
ZINC05700578,ChEMBL_zinc_D_9517,CCC1(C(=O)OC)CCc2ccccc2C1=O,0
ZINC11694934,ChEMBL_zinc_D_9518,COc1ccccc1NC(=O)C1C(C)Nc2ncnn2C1c1cccs1,0
ZINC00031914,ChEMBL_zinc_D_9519,COc1ccc(NC(=O)CSc2nc3ccccc3o2)cc1,0
ZINC16778974,ChEMBL_zinc_D_9520,CCC1c2ccsc2CCN1C(=O)c1cc2ccccc2[nH]1,0
ZINC66868555,ChEMBL_zinc_D_9521,CCOc1ccc(OCC(O)CN2CCN(c3ccc(Cl)cn3)CC2)cc1,0
ZINC66888190,ChEMBL_zinc_D_9522,O=C(NCc1ccc(-n2ccnc2)cc1)NCc1ccc2c(c1)OCO2,0
ZINC11354636,ChEMBL_zinc_D_9523,CCc1ccccc1N1CC(C(=O)Nc2nnc(CCc3ccccc3)s2)CC1=O,0
ZINC11700923,ChEMBL_zinc_D_9524,CC(=O)c1ccc(NC(=O)N2CCCC(C(=O)c3cccc(OC(C)C)c3)C2)cc1,0
ZINC11753644,ChEMBL_zinc_D_9525,CCS(=O)(=O)c1ncc(C[NH+]2CCC(c3ccccc3F)C2)n1CCc1ccccc1,0
ZINC02146661,ChEMBL_zinc_D_9526,O=C([O-])C(Cc1c[nH]c2ccccc12)NC(=O)COc1ccc2c(c1)oc(=O)c1c2CCCC1,0
ZINC01389017,ChEMBL_zinc_D_9527,c1cn(Cc2ccccc2)nc1-c1cnc(-c2ccccc2)s1,0
ZINC07598579,ChEMBL_zinc_D_9528,CCOc1ccccc1OCC(=O)Nc1c(C)n(C)n(-c2ccccc2)c1=O,0
ZINC09120789,ChEMBL_zinc_D_9529,COc1ccccc1Cn1c2nnc(SCC(=O)NCC3CCCO3)n2c2ccccc2c1=O,0
ZINC05264980,ChEMBL_zinc_D_9530,COc1ccc(C(=O)N(Cc2ccccn2)c2nc3cc(OC)ccc3s2)cc1,0
ZINC66018111,ChEMBL_zinc_D_9531,Cc1nc(-c2ccc(Cl)s2)sc1C(=O)Nc1nnc(C(C)C)s1,0
ZINC66241857,ChEMBL_zinc_D_9532,COC(=O)CCC(=O)Nc1cc(C)nn1-c1nc(C)cc(C)n1,0
ZINC00051387,ChEMBL_zinc_D_9533,N#CC1(C#N)C(C(N)=O)C1c1ccc(Cl)cc1,0
ZINC38680129,ChEMBL_zinc_D_9534,COC(=O)C12CC3CC(CC(NC(=O)c4cnccn4)(C3)C1)C2,0
ZINC05001802,ChEMBL_zinc_D_9535,Cc1ccc(CNC(=O)c2ccc3c(c2)[nH]c(=O)n3C2CCCC2)cc1,0
ZINC03509611,ChEMBL_zinc_D_9536,O=C(COC(=O)c1ccccc1C(=O)c1ccc2c(c1)OCCO2)NCc1ccc2c(c1)OCO2,0
ZINC61786968,ChEMBL_zinc_D_9537,O=C(Nc1ccc2nc(C3CC3)sc2c1)NC1CC[NH+](CC(F)F)CC1,0
ZINC63319428,ChEMBL_zinc_D_9538,CCOc1ccc(C[NH2+]C(C)c2cccc(OCC)c2)cc1,0
ZINC09846680,ChEMBL_zinc_D_9539,O=C(CSc1nnc(NCC2CCCO2)s1)c1ccc(NC(=O)c2ccccc2)cc1,0
ZINC09974379,ChEMBL_zinc_D_9540,COc1ccc(S(=O)(=O)N2CCCC(C(=O)Nc3cccc(Br)c3)C2)cc1C,0
ZINC70935270,ChEMBL_zinc_D_9541,Cc1noc(C)c1C(C)NC(=O)c1ccccc1-c1nc(C(C)(C)C)no1,0
ZINC70997575,ChEMBL_zinc_D_9542,O=C(C1CC(=O)N(c2ccc(F)cc2)C1)N1CCN(c2ccc(-n3ccnc3)nn2)CC1,0
ZINC09342032,ChEMBL_zinc_D_9543,COc1ccc(C)cc1N1CC(C(=O)Nc2ccccc2C(C)C)CC1=O,0
ZINC09381675,ChEMBL_zinc_D_9544,CCOC(=O)c1nn(-c2ccc(OC)cc2)c(=O)c2c1csc2NC(=O)c1ccccc1F,0
ZINC05476881,ChEMBL_zinc_D_9545,CCOc1ccc(C(=O)N2CCCCC2CC)cc1,0
ZINC68305151,ChEMBL_zinc_D_9546,O=C(c1cc[nH]c1)N(Cc1ccccc1)CC1CCCO1,0
ZINC35462599,ChEMBL_zinc_D_9547,CCOC(=O)c1cc(OCC(=O)NC2CCCCC2)c2cc(Cl)ccc2n1,0
ZINC35502272,ChEMBL_zinc_D_9548,Cc1cccc(-c2nccc(N3CCC(C(=O)NC4CCCCC4)CC3)n2)c1,0
ZINC69149209,ChEMBL_zinc_D_9549,Cn1cc(C2CC2C(=O)OCc2nc3ccccc3[nH]2)cn1,0
ZINC03549857,ChEMBL_zinc_D_9550,COc1ccc(Cl)cc1NC(=O)c1cc2c(s1)CCCC2,0
ZINC58822921,ChEMBL_zinc_D_9551,Nc1c(Cl)cc(NC(=O)Cn2cccnc2=O)cc1Cl,0
ZINC58824050,ChEMBL_zinc_D_9552,CC(C)N(Cc1cnn(C)c1)C(=O)C[NH+]1CCc2sccc2C1,0
ZINC68522961,ChEMBL_zinc_D_9553,CCC(C)n1nccc1NC(=O)C(C)[NH+]1CCCN(c2ccc(C#N)cc2)CC1,0
ZINC68598502,ChEMBL_zinc_D_9554,O=C(Nc1ccc(N2CCCC2)[nH+]c1)Nc1cccc(-c2nnc3n2CCC3)c1,0
ZINC71748288,ChEMBL_zinc_D_9555,O=C([O-])C1(CC2CCCCO2)CCN(c2cccc(C(F)(F)F)n2)CC1,0
ZINC27331590,ChEMBL_zinc_D_9556,CC(NC(=O)N1CCCC(C)C1)c1ccc(F)cc1,0
ZINC20790986,ChEMBL_zinc_D_9557,COc1ccc2[nH]c(C)c(C(=O)CN3CCOCC3)c2c1,0
ZINC06868329,ChEMBL_zinc_D_9558,Cc1ccc(NC(=O)CCCc2nnc3n2c2ccsc2c(=O)n3C)cc1C,0
ZINC65330760,ChEMBL_zinc_D_9559,O=C(NCCC[NH+]1CCCCCC1)C1CCCN(c2nc3cccnc3s2)C1,0
ZINC65357023,ChEMBL_zinc_D_9560,Clc1ccc(C[NH+]2CCC3=c4ccccc4=[NH+]C3C2)cc1,0
ZINC66257739,ChEMBL_zinc_D_9561,CC1CC(C)CN(C(=O)CSc2nnc(Cc3c(F)cccc3Cl)o2)C1,0
ZINC66272361,ChEMBL_zinc_D_9562,CCC(C(=O)Oc1ccc(C)cc1C)c1c(C)noc1C,0
ZINC66252857,ChEMBL_zinc_D_9563,COc1ccc(S(=O)(=O)Nc2cc(C)nn2Cc2ccccc2)c(C)c1,0
ZINC66310541,ChEMBL_zinc_D_9564,Cc1cc(OC(=O)c2cnn(C)c2C(F)F)cc(C)c1Cl,0
ZINC67657159,ChEMBL_zinc_D_9565,COc1ccc(CC(=O)N2CCCn3ncnc32)cc1OC,0
ZINC67678990,ChEMBL_zinc_D_9566,CCCN(Cc1ccncc1)Cc1cnc2c(-c3ccccc3)cnn2c1,0
ZINC20365208,ChEMBL_zinc_D_9567,COC(=O)c1c2c(sc1[N-]S(C)(=O)=O)CN(c1ncc(C(F)(F)F)cc1Cl)CC2,0
ZINC20427528,ChEMBL_zinc_D_9568,Cc1ccc(NC(=O)c2ccc(-n3cnnn3)cc2)nc1,0
ZINC65001963,ChEMBL_zinc_D_9569,COc1ccc(N2CCN(c3nccc4ccc(C(=O)NCc5ccc6c(c5)OCO6)cc43)CC2)cc1,0
ZINC65010145,ChEMBL_zinc_D_9570,CCC1CCCC[NH+]1Cc1ccc(CNC(=O)c2nc(-c3oc4c(cccc4C)c3C)no2)o1,0
ZINC12404322,ChEMBL_zinc_D_9571,Cc1cccc(C)c1OCC(=O)Nc1ccc(C(=O)N2CCOCC2)cc1,0
ZINC12420725,ChEMBL_zinc_D_9572,COc1ccc(CNC(=O)c2nc(-c3cccnc3Cl)no2)cc1,0
ZINC48440819,ChEMBL_zinc_D_9573,CNC(=O)c1ccc([N-]S(=O)(=O)c2sccc2Br)cc1,0
ZINC49375548,ChEMBL_zinc_D_9574,CN(C(=O)CNC(=O)OC(C)(C)C)c1ccccc1,0
ZINC06035040,ChEMBL_zinc_D_9575,Clc1ccc(-n2nnnc2SCc2ccccc2)cc1,0
ZINC59936378,ChEMBL_zinc_D_9576,O=C(Nc1ccc(SCc2cccnc2)cc1)c1cccc(C[NH+]2CCCC2)c1,0
ZINC69703955,ChEMBL_zinc_D_9577,O=C(NC1CC[NH+](C2CCCCCC2)C1)c1ccnc(C2CC2)n1,0
ZINC69711602,ChEMBL_zinc_D_9578,O=C(C(c1ccccc1)N1CCCC1)N1CCCC(CN2CCOCC2)C1,0
ZINC60933406,ChEMBL_zinc_D_9579,CCN(C(=O)c1ccc(Cl)s1)c1ccc(F)cc1,0
ZINC06128225,ChEMBL_zinc_D_9580,Cc1ccc(OCCN2c3cccc4cccc(c34)C2=O)cc1,0
ZINC09610671,ChEMBL_zinc_D_9581,COc1ccc(CNC(=O)c2ccc3oc(=O)c(S(=O)(=O)c4ccc(F)cc4)cc3c2)cc1,0
ZINC09622059,ChEMBL_zinc_D_9582,CCOC(=O)Cn1c2ccc(F)cc2sc1=NC(=O)c1cccc(S(=O)(=O)C(C)C)c1,0
ZINC64615257,ChEMBL_zinc_D_9583,C#CCNC(=O)CC[NH2+]Cc1nc2ccccc2n1CC,0
ZINC52797552,ChEMBL_zinc_D_9584,Cc1cc(NC(=O)N(C)Cc2cc(C)c(OCC(F)(F)F)c(C)c2)n(C)n1,0
ZINC67593159,ChEMBL_zinc_D_9585,COc1cc(CNC(=O)c2cnn(-c3ccccn3)c2C)cc(OC)c1O,0
ZINC67607143,ChEMBL_zinc_D_9586,Cc1nc(CNC(=O)NCc2cccc(CN3CCOC(C)C3)c2)cs1,0
ZINC66684344,ChEMBL_zinc_D_9587,Cc1ccc(NC(=O)N2CCCC(C(=O)NC3CC3)C2)cc1C(=O)NC(C)C,0
ZINC66745792,ChEMBL_zinc_D_9588,N#Cc1c(Cl)nsc1NCC1CN(C2CC2)CCO1,0
ZINC68820384,ChEMBL_zinc_D_9589,Cc1cc(C(=O)N2CCCC(C)C2)ccc1NC(=O)C1CCCN1C(=O)C(C)C,0
ZINC68882356,ChEMBL_zinc_D_9590,CCOc1c(Cl)cccc1NC(=O)Cc1cc(=O)oc2cc(OC)ccc12,0
ZINC68864486,ChEMBL_zinc_D_9591,C[NH+](CCCS(=O)(=O)c1ccccc1)CCc1ccccc1F,0
ZINC68917071,ChEMBL_zinc_D_9592,CCCC(Cc1ccccc1)Nc1nccnc1C#N,0
ZINC66155554,ChEMBL_zinc_D_9593,Cc1nn(C)c(Cl)c1C[NH+]1CCCC(C(=O)NCC2CC2)C1,0
ZINC66185475,ChEMBL_zinc_D_9594,Cn1cc(CCNC(=O)N2CCCC(C(=O)N3CCOCC3)C2)cn1,0
ZINC00297261,ChEMBL_zinc_D_9595,CCOc1ccc(C(=O)CC[NH+](C)C)cc1,0
ZINC57927795,ChEMBL_zinc_D_9596,Cc1oc(-c2ccsc2)nc1CC(=O)OCc1nnc(-c2cccc(C)c2)o1,0
ZINC13691645,ChEMBL_zinc_D_9597,Cc1[nH]nc2c1C(c1cccc(O)c1)N(CCc1c[nH]c3ccccc13)C2=O,0
ZINC09243311,ChEMBL_zinc_D_9598,O=C1c2n[nH]c(-c3ccccc3O)c2C(c2ccc(Br)cc2)N1CCCO,0
ZINC06171986,ChEMBL_zinc_D_9599,CC12CC(CC(C)(C)C1)N(C(=O)c1ccccc1[N-]S(=O)(=O)c1ccc(Br)cc1)C2,0
ZINC23482851,ChEMBL_zinc_D_9600,CC(C)C(NC(=O)c1c(F)cccc1F)C(=O)NC(C)c1cccc(Cl)c1,0
ZINC00805462,ChEMBL_zinc_D_9601,O=C(Nc1ccc(Cl)cc1)c1cccc(S(=O)(=O)N2CCCCC2)c1,0
ZINC60382949,ChEMBL_zinc_D_9602,CCCCn1c(=O)c2ccccc2nc1SC(C)C(=O)N1CCN(CC)CC1,0
ZINC10434665,ChEMBL_zinc_D_9603,CC1CCCC[NH+]1CC(O)COC12CC3CC(CC(C3)C1)C2,0
ZINC12289164,ChEMBL_zinc_D_9604,CC[NH+](CC)CC(O)COC1CC2CCC1(C)C2(C)C,0
ZINC65528731,ChEMBL_zinc_D_9605,COc1cc(NC(=O)Cc2csc(Cc3ccc(F)cc3)n2)cc(OC)c1,0
ZINC55639779,ChEMBL_zinc_D_9606,CCC(C)Oc1ccc(NC(=O)c2ccc3c(c2)OCC(=O)N3)cc1,0
ZINC12430395,ChEMBL_zinc_D_9607,COc1ccccc1C[NH+]1CCCC(CN(CC[NH+](C)C)C(=O)CCC(F)(F)F)C1,0
ZINC12786071,ChEMBL_zinc_D_9608,CCC(NC(=O)COc1ccccc1)c1ccc(Br)cc1,0
ZINC60409775,ChEMBL_zinc_D_9609,CC(C)Oc1ccc(C(=O)Nc2cc(F)cc(S(N)(=O)=O)c2)cn1,0
ZINC45294510,ChEMBL_zinc_D_9610,COc1ccc(-c2nc(CC(=O)Oc3ccc(F)cc3F)cs2)cc1OC,0
ZINC15205927,ChEMBL_zinc_D_9611,C[NH+]1CCN(S(=O)(=O)c2ccc(N3CCN(c4ccccc4F)CC3)nc2)CC1,0
ZINC06697846,ChEMBL_zinc_D_9612,O=S(=O)(Nc1ccon1)c1ccc(Oc2ccccc2)cc1,0
ZINC69273698,ChEMBL_zinc_D_9613,Cc1csc(C(C)NC(=O)NCc2cc[nH+]c(N3CCCCC3)c2)n1,0
ZINC69336752,ChEMBL_zinc_D_9614,Cc1nn(C)cc1C(C)NC(=O)NC1CCC(c2ccccc2)CC1,0
ZINC66279218,ChEMBL_zinc_D_9615,O=C(CCNC(=O)Nc1ccccc1)Nc1ccccc1-c1nc2ccccc2[nH]1,0
ZINC66287626,ChEMBL_zinc_D_9616,COCCOc1ncccc1C(=O)Nc1ccccc1OC1CCCC1,0
ZINC14856758,ChEMBL_zinc_D_9617,Cn1ncc2c1ncnc2N1CCN(CC(=O)Nc2nc(-c3c[nH]c4ccccc43)cs2)CC1,0
ZINC68909858,ChEMBL_zinc_D_9618,CCC(C)NC(=O)c1ccc(NC(=O)c2ccc(S(=O)(=O)NC)o2)c(C)c1,0
ZINC09782336,ChEMBL_zinc_D_9619,CCOc1ccccc1C(=O)N1CCNC(=O)C1CC(=O)OC(C)CC,0
ZINC09844798,ChEMBL_zinc_D_9620,CCOc1ccc(-c2ccc(=O)n(CCNS(=O)(=O)c3ccc4ccccc4c3)n2)cc1,0
ZINC43374232,ChEMBL_zinc_D_9621,CC(C)Cc1nnc(NC(=O)NCc2cnn(-c3ccccc3)c2)s1,0
ZINC43419180,ChEMBL_zinc_D_9622,CC(NC(=O)Nc1ccc(S(C)(=O)=O)cc1)c1cccs1,0
ZINC48983435,ChEMBL_zinc_D_9623,CN(Cc1ccccn1)C(=O)Nc1ccc(Cl)cc1,0
ZINC49118412,ChEMBL_zinc_D_9624,CCN(C(=O)CCNS(C)(=O)=O)c1ccc(C)cc1C,0
ZINC64542433,ChEMBL_zinc_D_9625,COc1ncc(C(=O)Nc2ccc(F)cc2F)c(C)n1,0
ZINC64557958,ChEMBL_zinc_D_9626,CCc1ccc(N2C(=O)C([O-])=C(S(=O)(=O)c3ccccc3)C2c2ccc(C)cc2)cc1,0
ZINC57552955,ChEMBL_zinc_D_9627,CC(C(=O)NC1CCCCC1C)[NH+]1CCC(c2nc3ccccc3o2)CC1,0
ZINC41863691,ChEMBL_zinc_D_9628,O=C1c2ccccc2NC2(CCCC2)N1Cc1ccc2c(c1)OCO2,0
ZINC06763620,ChEMBL_zinc_D_9629,CC1(C)C2(C)CCC1(C)C(O)C2,0
ZINC61782114,ChEMBL_zinc_D_9630,CCC[NH+]1CCN(CC(=O)NC2CC[NH+](CC)CC2)CC1,0
ZINC06719649,ChEMBL_zinc_D_9631,CC1(C)Cc2c(C#N)c(NC(=O)N3CCCC3)sc2CO1,0
ZINC69329099,ChEMBL_zinc_D_9632,CCS(=O)(=O)c1ccc(N2CCC(NC(=O)CC3CCCO3)CC2)cc1,0
ZINC65099052,ChEMBL_zinc_D_9633,CCn1c(SCC(=O)NC2CCCC2)nnc1-c1cn(C)nc1-c1ccc(Cl)cc1,0
ZINC65116020,ChEMBL_zinc_D_9634,Cc1cccc(OCC(C)NC(=O)CCc2c(C)nc(C)[nH]c2=O)c1,0
ZINC68927715,ChEMBL_zinc_D_9635,CCOC(=O)CCNC(=O)CCc1cnn(-c2ccccc2)c1,0
ZINC06702817,ChEMBL_zinc_D_9636,COc1cccc(-c2noc(-c3cc(F)c(F)cc3Cl)n2)c1,0
ZINC09630067,ChEMBL_zinc_D_9637,NC(=O)c1c(NC(=O)CS(=O)(=O)c2ccc(F)cc2)sc2c1CC[NH+](Cc1ccccc1)C2,0
ZINC09671308,ChEMBL_zinc_D_9638,CCOC(=O)c1c(-c2ccccc2)csc1NC(=O)COC(=O)c1nc2nc(C)cc(C)n2n1,0
ZINC69979495,ChEMBL_zinc_D_9639,CCOCC[NH+]1CCN(Cc2cnc(C)cn2)CC1CC,0
ZINC71260448,ChEMBL_zinc_D_9640,CC1CCCCN1C(C[NH+]1CCCCC1C)CS(=O)(=O)c1ccc(Cl)cc1,0
ZINC70670873,ChEMBL_zinc_D_9641,CN(CCOc1ccc(Cl)cc1)C(=O)c1cccn1C,0
ZINC70739244,ChEMBL_zinc_D_9642,O=C(Oc1ccccc1F)c1cn2ccccc2n1,0
ZINC29633991,ChEMBL_zinc_D_9643,CCNC(=O)CN1CCN(c2ncc(C(F)(F)F)cc2Cl)CC1,0
ZINC69209496,ChEMBL_zinc_D_9644,CC1(C)C2CCC1(C)C(NC(=O)CN1c3cccc4cccc(c34)S1(=O)=O)C2,0
ZINC60943461,ChEMBL_zinc_D_9645,Cc1cc(C(=O)Nc2ccc(C)cc2)c(C)s1,0
ZINC06131318,ChEMBL_zinc_D_9646,O=S(=O)(NC1c2cccc3cccc(c23)C1[NH2+]Cc1ccco1)c1ccc(Cl)cc1,0
ZINC64562401,ChEMBL_zinc_D_9647,CN1CCCc2cc(NC(=O)NCC(O)c3ccc(F)c(F)c3)ccc21,0
ZINC64581030,ChEMBL_zinc_D_9648,O=C(NCCc1ccccc1)c1cnn(-c2ccc(Br)cc2)c1,0
ZINC64040822,ChEMBL_zinc_D_9649,O=C1CC(C2CCCC2)=NC(c2ccc(C[NH+]3CCCCCC3)cc2)=N1,0
ZINC35446846,ChEMBL_zinc_D_9650,COc1ccc2c(c1)NC1(CCN(C(=O)Nc3ccc(Cl)cc3)CC1)c1cccn1-2,0
ZINC47555776,ChEMBL_zinc_D_9651,Cc1cc(NC(=O)C2CC(=O)N(c3ccc4c(c3)CCC4)C2)[nH]n1,0
ZINC47600647,ChEMBL_zinc_D_9652,CCC(CO)NC(=O)NC(C)c1cc2ccccc2o1,0
ZINC66190363,ChEMBL_zinc_D_9653,O=C(NCc1ccc(-n2ccnc2)cc1)N1CCC([NH+]2CCCC2)C1,0
ZINC66314493,ChEMBL_zinc_D_9654,Cn1ncc(C(=O)NCc2ccc(S(=O)(=O)N3CCCC3)cc2)c1C(F)F,0
ZINC67687367,ChEMBL_zinc_D_9655,CC(=O)NCC1CCCN(C(=O)NC(C)c2ccc(-n3ccnc3)cc2)C1,0
ZINC67714938,ChEMBL_zinc_D_9656,CCc1ccc(NC(=O)CN2CC[NH+](CCCOCC(F)(F)F)CC2)cc1,0
ZINC67724317,ChEMBL_zinc_D_9657,COc1ccc(CCCCC(=O)Nc2ccc(-c3nnco3)cc2C)cc1,0
ZINC67741565,ChEMBL_zinc_D_9658,O=C(NCC(O)c1ccccc1Cl)c1cc(C[NH+]2CCC(O)CC2)on1,0
ZINC35449419,ChEMBL_zinc_D_9659,Cn1c(=O)c(=O)n(CC(=O)NCc2ccco2)c2cccnc21,0
ZINC52984459,ChEMBL_zinc_D_9660,CS(=O)(=O)NC1CCN(C(=O)c2ccc(OCC3CCCCC3)cc2)CC1,0
ZINC48389235,ChEMBL_zinc_D_9661,C=CCNC(=O)NC(C)c1ccc2c(c1)OCCO2,0
ZINC48902987,ChEMBL_zinc_D_9662,CCCCS(=O)(=O)NC(C)c1ccccc1OC,0
ZINC07658271,ChEMBL_zinc_D_9663,N#Cc1ccc(OC(=O)COc2ccccc2C#N)cc1,0
ZINC66330224,ChEMBL_zinc_D_9664,Cc1nc(-c2cccc(NC(=O)Cc3csc(-c4cnccn4)n3)c2)n[nH]1,0
ZINC71968488,ChEMBL_zinc_D_9665,Cc1ccc2c([O-])c(C(=O)Nc3nnc(C(F)(F)F)s3)cnc2n1,0
ZINC71974765,ChEMBL_zinc_D_9666,NC1=NC(=O)C(Cc2ccccc2)(c2cccc(Cl)c2)N1,0
ZINC63502762,ChEMBL_zinc_D_9667,Cc1cccc(N2CCN(C(=O)C3CCCN(C4[NH+]=c5ccccc5=[NH+]4)C3)CC2C)c1,0
ZINC64746652,ChEMBL_zinc_D_9668,CC1CCN(c2ccc(-c3noc(C(=O)N4CCN(C(=O)C5CC5)CC4)n3)cc2)CC1,0
ZINC38566617,ChEMBL_zinc_D_9669,COc1ccc(C2CCN(C(=O)c3cc(-c4ccccc4)on3)C2)cc1,0
ZINC38706852,ChEMBL_zinc_D_9670,CCN1C(=O)CCc2cc(NC(=O)C3CC(=O)N(c4ccccc4)C3)ccc21,0
ZINC08218484,ChEMBL_zinc_D_9671,Cc1ccc(N2CC(C(=O)Nc3cccc(Cl)c3)CC2=O)cc1Cl,0
ZINC59276353,ChEMBL_zinc_D_9672,CC1(C)CC(N(Cc2cccs2)C(=O)Nc2ccc(F)cc2)CC(C)(C)[NH2+]1,0
ZINC10301290,ChEMBL_zinc_D_9673,CCOc1ccc(S(=O)(=O)N(C)CC(=O)Nc2cc(C(F)(F)F)ccc2Cl)cc1C,0
ZINC11318250,ChEMBL_zinc_D_9674,CCN(C(=O)C(C)OC(=O)c1cccc(S(C)(=O)=O)c1)c1ccccc1,0
ZINC66318472,ChEMBL_zinc_D_9675,O=C(NCc1ccc(N2CCCCC2)[nH+]c1)C1CC1c1ccccc1,0
ZINC66397691,ChEMBL_zinc_D_9676,COCc1ccc(C(=O)NC(C#N)c2ccc(C(C)(C)C)cc2)cc1,0
ZINC11762147,ChEMBL_zinc_D_9677,COc1ccc(CNC(=O)CCC2CCCN(C(=O)c3ocnc3C)C2)c(OC)c1,0
ZINC11666804,ChEMBL_zinc_D_9678,CC[NH+](Cc1ccncc1)Cc1cccc(OCC(O)C[NH+]2CCc3ccccc3C2)c1,0
ZINC66744443,ChEMBL_zinc_D_9679,COCC(C)(C)NC(=O)c1sc2cccc(F)c2c1C,0
ZINC66762249,ChEMBL_zinc_D_9680,O=C(c1ccc(N2CCCC2)nc1)N1CCCC(c2ccccc2)CC1,0
ZINC19674894,ChEMBL_zinc_D_9681,Cc1cc(C(O)CCC[NH3+])ccc1F,0
ZINC20716219,ChEMBL_zinc_D_9682,Cc1cccc(C2Nc3c(C(N)=O)cccc3C3C=CCC32)c1,0
ZINC68857291,ChEMBL_zinc_D_9683,CC(C)CCOC(C)C(=O)Nc1ccccc1C(=O)N1CCC(C(N)=O)CC1,0
ZINC68946383,ChEMBL_zinc_D_9684,NC(=O)c1cc(NC2CCN(c3ccccc3)C2=O)ccc1Cl,0
ZINC58797909,ChEMBL_zinc_D_9685,O=C(OCc1ccc(Cl)cc1)C1CCCO1,0
ZINC58871612,ChEMBL_zinc_D_9686,CC(C)OCCOC(=O)CCCc1nc2ccccc2c(=O)[nH]1,0
ZINC67616606,ChEMBL_zinc_D_9687,CC[NH+]1CCN(c2ccc(CNC(=O)NC3CC3c3ccccc3)cn2)CC1,0
ZINC67633611,ChEMBL_zinc_D_9688,CC(COc1ccc(F)cc1F)NC(=O)N(C)C(C)c1cccc(O)c1,0
ZINC66107588,ChEMBL_zinc_D_9689,CC1CCN(C(=O)c2cccc(NCC(=O)NCC3CCCO3)c2)CC1,0
ZINC66121882,ChEMBL_zinc_D_9690,COC(=O)N1CCC(NC(=O)N2CCC(NC(=O)C3CCC3)CC2)CC1,0
ZINC20467387,ChEMBL_zinc_D_9691,CC(C(=O)N(C)CCC#N)C1CCC2(C)CCC(NS(C)(=O)=O)C(C)C2C1O,0
ZINC33311202,ChEMBL_zinc_D_9692,O=C(c1cccc(OCC2CCCN(C(=O)C3CCCO3)C2)c1)N1CCCCC1,0
ZINC68971250,ChEMBL_zinc_D_9693,C#Cc1cccc(N(CC(=O)NC)Cc2cccc(OCC(F)(F)F)c2)c1,0
ZINC69017289,ChEMBL_zinc_D_9694,CCc1noc(C[NH+](C)CC(O)COc2ccc(C)cc2C)n1,0
ZINC49520772,ChEMBL_zinc_D_9695,COc1ccccc1C1(CNC(=O)C2(c3cccs3)CC2)CCOCC1,0
ZINC49586984,ChEMBL_zinc_D_9696,CCOC(=O)c1ccccc1NC(=O)CN(c1ccccc1OC)S(=O)(=O)c1cccs1,0
ZINC29965828,ChEMBL_zinc_D_9697,C#Cc1cccc(NCC(=O)NCc2ccccc2F)c1,0
ZINC31661368,ChEMBL_zinc_D_9698,COc1ccc(CNC(=O)N(C)Cc2cccc(C#N)c2)cc1,0
ZINC48666058,ChEMBL_zinc_D_9699,CC1CN(S(=O)(=O)c2c(Cl)cc(Cl)cc2Cl)C(C)CO1,0
ZINC49402031,ChEMBL_zinc_D_9700,CCNC(=O)C1CCN(c2cc(SCC(=O)Nc3ccccc3C)ncn2)CC1,0
ZINC66117545,ChEMBL_zinc_D_9701,C=CCc1cc(Br)ccc1OCC(=O)[O-],0
ZINC66334751,ChEMBL_zinc_D_9702,COC(=O)N1CCCC1C(=O)NCc1cccc(OCC(C)C)c1,0
ZINC14395163,ChEMBL_zinc_D_9703,COC(=O)CC(NC(=O)c1cccc(C(F)(F)F)c1)c1ccc(Br)cc1,0
ZINC10815659,ChEMBL_zinc_D_9704,O=C(Cc1ccc(Cl)cc1)Nc1cccc(-c2nnnn2C2CC2)c1,0
ZINC11874840,ChEMBL_zinc_D_9705,O=C(NC1CCCCCCC1)c1cn(Cc2ccccc2F)nn1,0
ZINC11910377,ChEMBL_zinc_D_9706,CN(C)S(=O)(=O)Nc1ccc(N2CCC([NH2+]CCOc3cccnc3)CC2)cc1,0
ZINC09707805,ChEMBL_zinc_D_9707,CC(=O)c1cccc(NC(=O)CSc2nnc(-c3ccccn3)n2-n2cccc2)c1,0
ZINC09727828,ChEMBL_zinc_D_9708,COc1ccc(-c2cc3c(=O)n(CC(=O)NCc4ccc(C)cc4)nc(C)n3n2)cc1,0
ZINC00141142,ChEMBL_zinc_D_9709,CSc1nc(C)c(Cl)c(C)c1C#N,0
ZINC07778296,ChEMBL_zinc_D_9710,CC(=O)NCCC(=O)Nc1n[nH]c(SCc2ccc(Cl)cc2)n1,0
ZINC65121407,ChEMBL_zinc_D_9711,COC(C)C(=O)Nc1cccc(NC(=O)c2ccc3c(c2)OCC(=O)N3)c1,0
ZINC65134399,ChEMBL_zinc_D_9712,CCOC(=O)N1CCN(c2ncc(S(=O)(=O)c3ccc(C(C)C)cc3)c(N)n2)CC1,0
ZINC26018972,ChEMBL_zinc_D_9713,Cc1cccc(CNC(=O)COc2ccc(F)cc2)c1,0
ZINC65377371,ChEMBL_zinc_D_9714,Cc1ncc(CN(C)C(=O)Nc2ccc(Oc3ccncc3)cc2)s1,0
ZINC66267476,ChEMBL_zinc_D_9715,CCOC(=O)N1CCN(C(=O)c2ccc(OCC3CC3)nc2)CC1,0
ZINC66342802,ChEMBL_zinc_D_9716,CC(C)C(C)NC(=O)NCC1CCN(c2ccc(F)cc2)C1,0
ZINC67641830,ChEMBL_zinc_D_9717,CCN(CC)c1[nH+]cccc1CNC(=O)C1CCc2ccccc2O1,0
ZINC67667050,ChEMBL_zinc_D_9718,Cc1c(C[NH2+]CCCOc2ccccc2)c(=O)n(-c2ccccc2)n1C,0
ZINC20614629,ChEMBL_zinc_D_9719,Cc1cccc(NC(=O)c2c(C(=O)[O-])cnn2C)c1,0
ZINC20633052,ChEMBL_zinc_D_9720,COc1ccc(-n2ncc3c2CC(C)CC3=O)cc1,0
ZINC05573041,ChEMBL_zinc_D_9721,CCOC(=O)C(CC)Oc1cccc2c3ccccc3oc21,0
ZINC55154511,ChEMBL_zinc_D_9722,COc1ccccc1NC(=O)C(C)Nc1ccccc1OCC(C)C,0
ZINC12483987,ChEMBL_zinc_D_9723,OC1C([NH2+]Cc2cnc3ccccc3c2)C2COC(O2)C1N1CCOCC1,0
ZINC20671739,ChEMBL_zinc_D_9724,COC(=O)CSc1nc2nc3c(cn2n1)C(=O)CC(c1ccc(C(C)C)cc1)C3,0
ZINC09072922,ChEMBL_zinc_D_9725,CN(C)C(=O)COC(=O)c1ccccc1SCc1ccc(C#N)cc1,0
ZINC09095118,ChEMBL_zinc_D_9726,CC[NH+](CC)CCCNC(=O)CN1C(=O)c2ccccc2C1c1c(C)n(C)c2ccccc21,0
ZINC61799136,ChEMBL_zinc_D_9727,CC1CCC([NH+](C)CC(=O)N(C)C(C)(C)C#N)CC1,0
ZINC58292520,ChEMBL_zinc_D_9728,CC(C)C(C(=O)NCc1cccnc1)N1CC(C)OC(C)C1,0
ZINC11380024,ChEMBL_zinc_D_9729,CCS(=O)(=O)c1ccc(NC(=O)c2ccccc2Br)cc1,0
ZINC03547682,ChEMBL_zinc_D_9730,CNc1nc(C)c(C(=O)Nc2ccccc2)s1,0
ZINC69142896,ChEMBL_zinc_D_9731,CCC1CCCCN1C(=O)c1cc(S(=O)(=O)N2CCOCC2)c(Cl)cc1Cl,0
ZINC69155428,ChEMBL_zinc_D_9732,CCCNC(=O)CCC(=O)NCc1ccc(OCC2CCCO2)c(OC)c1,0
ZINC43267144,ChEMBL_zinc_D_9733,CCN1CC[NH+](CCCCNC(=O)Nc2ccc(OC)c(OC)c2)CC1,0
ZINC43985000,ChEMBL_zinc_D_9734,Cc1ccccc1NC(=O)NCC1CCN(C(=O)c2cnccn2)CC1,0
ZINC05624933,ChEMBL_zinc_D_9735,CC(C)(C)c1[nH]n(-c2ccccc2)c2nc(=O)c(C[NH2+]CC3CCCO3)cc1-2,0
ZINC55867089,ChEMBL_zinc_D_9736,CC1CCc2ccccc2N1C(=O)CNc1cc(Cl)ccc1C(=O)N(C)C,0
ZINC46497931,ChEMBL_zinc_D_9737,COc1cc(NC(=O)NCC(O)COc2cccc(F)c2)cc(OC)c1OC,0
ZINC47389383,ChEMBL_zinc_D_9738,CNC(=O)c1ccc(NC(=O)N(C)C(C)c2cccc(Cl)c2)cc1,0
ZINC36379783,ChEMBL_zinc_D_9739,CS(=O)(=O)c1ccc(F)c(C(=O)[O-])c1,0
ZINC37475519,ChEMBL_zinc_D_9740,COC(=O)c1cc(F)cc(Br)c1N,0
ZINC24550535,ChEMBL_zinc_D_9741,CC1CC[NH+](C(CNC(=O)C2CC(=O)N(c3ccc4c(c3)OCO4)C2)c2cccs2)CC1,0
ZINC24565305,ChEMBL_zinc_D_9742,O=C(Nc1nc(-c2ccccc2Cl)cs1)C1CC(=O)N(c2ccc3c(c2)OCO3)C1,0
ZINC12745467,ChEMBL_zinc_D_9743,N#Cc1cccnc1NCc1ccc(O)cc1,0
ZINC25615997,ChEMBL_zinc_D_9744,CCCc1cc(C(=O)N2CCCC2c2ccc(OC)c(OC)c2)sc1C,0
ZINC68336009,ChEMBL_zinc_D_9745,COC(=O)NC(Cc1ccccc1)C(=O)C(C#N)c1nc2ccccc2s1,0
ZINC26344830,ChEMBL_zinc_D_9746,Cc1ccc(C[NH+]2CCCN(CC(=O)NC(C)c3ccco3)CC2)cc1,0
ZINC67434305,ChEMBL_zinc_D_9747,COc1cc(CC(=O)N2CCN(C)C3(CC[NH+](C)CC3)C2)cc(OC)c1,0
ZINC67549066,ChEMBL_zinc_D_9748,CC(C)Oc1ccc(C#N)cc1NC(=O)NC(C)C(=O)N1CCCCC1,0
ZINC09426101,ChEMBL_zinc_D_9749,CC(C)Oc1cccc(C(=O)Nc2ccccc2N2CCN(S(C)(=O)=O)CC2)c1,0
ZINC09433055,ChEMBL_zinc_D_9750,CC(C)CN1C(=O)c2ccccc2C(C(=O)NCCC[NH+]2CC(C)CC(C)C2)C1c1cccs1,0
ZINC70967523,ChEMBL_zinc_D_9751,O=S(=O)(NCC(O)(c1ccccc1)C1CC1)c1cccnc1,0
ZINC71039565,ChEMBL_zinc_D_9752,O=C(Nc1ccn(-c2ccncc2)n1)C1CC(=O)N(CCc2ccccc2)C1,0
ZINC67012211,ChEMBL_zinc_D_9753,CCCN(CCc1ccccn1)C(=O)NCc1ccc(C)cc1,0
ZINC67020862,ChEMBL_zinc_D_9754,Cc1cc(C(C)C(=O)Nc2ccccc2SC(=O)N(C)C)c(C)o1,0
ZINC21496018,ChEMBL_zinc_D_9755,NC(=O)Cc1csc(NC(=O)CCc2ccccc2F)n1,0
ZINC21526252,ChEMBL_zinc_D_9756,Cc1ccc(NC(=O)CN(C)S(=O)(=O)c2ccc3c(c2)C(=O)NCC(=O)N3)c(C)c1,0
ZINC46438585,ChEMBL_zinc_D_9757,CCC1CCc2c(sc3nc(CC(=O)N4CCCC4)[nH]c(=O)c32)C1,0
ZINC02881656,ChEMBL_zinc_D_9758,Cc1ccc(SC(C)C(=O)NC2CC(C)(C)[NH2+]C(C)(C)C2)cc1,0
ZINC40049184,ChEMBL_zinc_D_9759,O=C(CCOc1ccccc1F)N1CCCC(c2nnc3ccccn32)C1,0
ZINC04497080,ChEMBL_zinc_D_9760,COc1cccc(N2CC(NC(=O)C(C)(C)C)CC2=O)c1,0
ZINC64704007,ChEMBL_zinc_D_9761,Cc1ccc(-c2nc3sc(N(C)CC(=O)NCc4ccco4)nn3c2NC(C)(C)C)cc1,0
ZINC64709010,ChEMBL_zinc_D_9762,COCCOc1cc2c(cc1COC(=O)Cc1ccc(OC)cc1)OCO2,0
ZINC69489673,ChEMBL_zinc_D_9763,Cc1occc1C(=O)NCC(=O)NCCCCn1ccccc1=O,0
ZINC69613364,ChEMBL_zinc_D_9764,CC(C)c1ccccc1NC(=O)NCC(C(=O)N1CCOCC1)c1ccccc1,0
ZINC67754086,ChEMBL_zinc_D_9765,CCc1nc(CN(C)C(=O)NCCOc2cccc3ccccc32)cs1,0
ZINC67817679,ChEMBL_zinc_D_9766,COc1c(F)cc(NC(=O)Cc2cccc(Cl)c2)cc1F,0
ZINC00479804,ChEMBL_zinc_D_9767,Cn1nnc2cc(C(=O)N3CCCCCC3)ccc21,0
ZINC04118895,ChEMBL_zinc_D_9768,CCN(C(=O)c1cn(CC)c(=O)c2cc(OC)c(OC)cc12)c1ccccc1C,0
ZINC05452931,ChEMBL_zinc_D_9769,O=C(OC1CCCCC1=O)c1ccc(F)c(S(=O)(=O)N2CCOCC2)c1,0
ZINC20599822,ChEMBL_zinc_D_9770,C(c1noc(CN2CC[NH+](C3C4CC5CC(C4)CC3C5)CC2)n1)C1CC1,0
ZINC60782359,ChEMBL_zinc_D_9771,COc1ccc(CCC(=O)N2CCN(CC(=O)N3CCCC3)CC2)cc1OC,0
ZINC47575500,ChEMBL_zinc_D_9772,CC(CN1CCOCC1)NC(=O)NC12CC3CC(CC(C3)C1)C2,0
ZINC43618819,ChEMBL_zinc_D_9773,C=C1CCC(O)C2(C)CCC3C(C)C(=O)OC3C12O,0
ZINC46751571,ChEMBL_zinc_D_9774,CC1CCC[NH+](CCCCNC(=O)N2CCCC2c2ccc(F)cc2)C1,0
ZINC18017374,ChEMBL_zinc_D_9775,O=C(c1ccc(S(=O)(=O)C(F)F)cc1)N1CCN(Cc2ccc(Cl)cc2)CC1,0
ZINC43007403,ChEMBL_zinc_D_9776,Cc1ccc(Sc2ncccc2C(=O)N2CCN(C(=O)C(C)C)CC2)c(C)c1,0
ZINC68298597,ChEMBL_zinc_D_9777,CC(OCC1CC1)C(=O)OC(C)c1cccc(F)c1,0
ZINC57824673,ChEMBL_zinc_D_9778,COc1ccc(CN(C)C(=O)c2c[nH]nc2C2CCCCC2)cc1,0
ZINC01608583,ChEMBL_zinc_D_9779,CC[NH+](CC)CCSc1ccnc(N)n1,0
ZINC20684957,ChEMBL_zinc_D_9780,CCOc1ccccc1CN1C(=O)CCC1(C)C(=O)NC1CCCCCC1,0
ZINC13115917,ChEMBL_zinc_D_9781,COc1ccc(Cn2c(CCCO)nc3ccccc32)cc1OC,0
ZINC37920883,ChEMBL_zinc_D_9782,CC(Oc1ccc(Cl)cc1)C(=O)NCc1nc[nH]n1,0
ZINC43479951,ChEMBL_zinc_D_9783,CC(Cn1ccnc1)[NH2+]Cc1ccc(O)c(Cl)c1,0
ZINC00877514,ChEMBL_zinc_D_9784,CCCn1c2ccccc2c2nnc(SCC(=O)Nc3ccc(Cl)cc3)nc21,0
ZINC55402177,ChEMBL_zinc_D_9785,CC(Sc1nnc2ccc(C(F)(F)F)cn21)C(=O)N1CC(C)OC(C)C1,0
ZINC55980719,ChEMBL_zinc_D_9786,CCc1nc(CC(=O)Nc2ccccc2C(=O)NCCc2ccccc2)cs1,0
ZINC20084616,ChEMBL_zinc_D_9787,CCOc1cc(C(c2c(C)[nH]nc2O)c2c(C)n[nH]c2O)ccc1OS(=O)(=O)c1ccc(C)cc1,0
ZINC06355407,ChEMBL_zinc_D_9788,CCCCC(CC)n1nc(O)c2c1[nH]c(=O)cc2C,0
ZINC71980069,ChEMBL_zinc_D_9789,CCC(C)C(=O)N1C(C(=O)[O-])COC12CC[NH+](C)CC2,0
ZINC72061205,ChEMBL_zinc_D_9790,CC(NC(=O)CC1CCCCC1)C(=O)NCC(=O)N1CCN(c2ccc(Cl)cc2)CC1,0
ZINC66231551,ChEMBL_zinc_D_9791,CC(NC(=O)C1CCC1)C(=O)OC1CCCC(C)C1,0
ZINC66356571,ChEMBL_zinc_D_9792,CCN(C)c1cccc(NC(=O)C2CCCN2C(=O)OC)c1,0
ZINC05415691,ChEMBL_zinc_D_9793,O=C(NC1CCCNC1=O)C1CN(C(=O)C2CC[NH2+]CC2)CCN1C(=O)C1CCCCC1,0
ZINC61570463,ChEMBL_zinc_D_9794,NC(=O)c1ccc(C(=O)N2CCCC2CC2CCCCC2)cc1,0
ZINC03623332,ChEMBL_zinc_D_9795,O=C(Nc1ccccc1)NC(CO)Cc1ccccc1,0
ZINC57909307,ChEMBL_zinc_D_9796,CCCC1CCC[NH+](CC(=O)Nc2cccc(S(N)(=O)=O)c2)CC1,0
ZINC06651062,ChEMBL_zinc_D_9797,CC(O)C[NH2+]C1CCC2CCCCC2C1,0
ZINC69199463,ChEMBL_zinc_D_9798,CCN(CC(=O)NC(C)C)C(=O)C1CC2C=CC1C2,0
ZINC69518034,ChEMBL_zinc_D_9799,C[NH+]1CCCC1C1CCCN1C(=O)CCc1ccccc1,0
ZINC69588456,ChEMBL_zinc_D_9800,CSc1ccc(C(=O)OCC(=O)N2CCCC2)cn1,0
ZINC69637754,ChEMBL_zinc_D_9801,CC(C(=O)NCCNC(=O)C1CC1)n1c2ccccc2oc1=O,0
ZINC58526126,ChEMBL_zinc_D_9802,O=C(CC[NH+]1CCC(n2cccc2)CC1)Nc1ccc(Br)cc1F,0
ZINC02627676,ChEMBL_zinc_D_9803,COc1cc2c(cc1OC)C[NH+](CC(=O)NCc1ccccc1Cl)CC2,0
ZINC02915451,ChEMBL_zinc_D_9804,CCOc1ccc(C2CC(c3ccc(CC)cc3)=Nc3nnnn32)cc1OC,0
ZINC26523879,ChEMBL_zinc_D_9805,Cc1c2c(nc(SC(C)C(=O)NC3CCOc4ccccc43)c1C#N)CCC2,0
ZINC27096111,ChEMBL_zinc_D_9806,CC(C)NC(=O)Nc1ccc(NC(=O)C2(c3ccccc3)CCC2)cc1,0
ZINC14822717,ChEMBL_zinc_D_9807,CCCCN(C(=O)c1ccc(N2CCCC2=O)cc1)c1c(N)n(CCC)c(=O)[nH]c1=O,0
ZINC02841213,ChEMBL_zinc_D_9808,CCC(NS(=O)(=O)c1ccc(C)cc1)C(=O)Nc1ccc(NC(C)=O)cc1,0
ZINC53954751,ChEMBL_zinc_D_9809,CC[NH+](CC)CCNC(=O)N1CCCC1c1ccc(OC)cc1OC,0
ZINC54357642,ChEMBL_zinc_D_9810,Cc1nn(-c2ccccc2)c(C)c1C[NH+](C)Cn1nc2ccccn2c1=O,0
ZINC46890398,ChEMBL_zinc_D_9811,O=C(NC1CCc2ccccc21)N1CCN(S(=O)(=O)c2cccnc2)CC1,0
ZINC47101970,ChEMBL_zinc_D_9812,CN(CCc1ccccn1)C(=O)NC1CCCN(c2ncccn2)C1,0
ZINC71019733,ChEMBL_zinc_D_9813,CCSc1cccc(NC(=O)C(C(C)C)N2CCCC2=O)c1,0
ZINC71118851,ChEMBL_zinc_D_9814,CC(C)c1cc(C(=O)NCCCn2nc3ccccn3c2=O)on1,0
ZINC53954645,ChEMBL_zinc_D_9815,CCOc1ccc(NC(=O)NC2CC(C)(C)[NH2+]C(C)(C)C2)cc1,0
ZINC55243760,ChEMBL_zinc_D_9816,Cc1ccnc(CC(C)[NH+](C)Cc2c(C)cc(C)c(CO)c2C)c1,0
ZINC12238533,ChEMBL_zinc_D_9817,Cn1c2ccccc2nc1SC(C(=O)NC1CC1)c1ccc(F)cc1,0
ZINC12324711,ChEMBL_zinc_D_9818,COc1ccccc1NC(=O)Cn1cnc2c(oc3nc(CC(C)C)c4c(c32)CCC4)c1=O,0
ZINC64742026,ChEMBL_zinc_D_9819,CCn1c(CNC(=O)CCC2=c3ccccc3=[NH+]C2)nc2ccccc21,0
ZINC64837687,ChEMBL_zinc_D_9820,Cc1noc(C)c1-c1ccc(S(=O)(=O)[N-]c2ccc(S(N)(=O)=O)cc2)cc1,0
ZINC11997191,ChEMBL_zinc_D_9821,O=C(c1ccc2oc(-c3ccc(C(F)(F)F)cc3)nc2c1)N1CCNC(=O)C1,0
ZINC12005076,ChEMBL_zinc_D_9822,CN(CC1CC[NH+](CCc2ccc(F)cc2)CC1)C(=O)c1ccc2[nH]ccc2c1,0
ZINC69085421,ChEMBL_zinc_D_9823,COc1ccccc1C1CCC[NH+]1Cc1nc(-c2cccs2)no1,0
ZINC69115949,ChEMBL_zinc_D_9824,CC(CC(C)(C)c1ccccc1)NC(=O)NCCNC(=O)c1ccco1,0
ZINC22629602,ChEMBL_zinc_D_9825,COc1cccc(CNC(=O)Cc2cc(=O)[nH]c(SCC(=O)Nc3cccc(NC(C)=O)c3)n2)c1,0
ZINC06937466,ChEMBL_zinc_D_9826,C[NH+](CCNC(=O)Cn1ncc2c3ccccc3[nH]c2c1=O)C1CCCCC1,0
ZINC66361109,ChEMBL_zinc_D_9827,COC(=O)N1CCC(NC(=O)Nc2ccc(Br)cc2)CC1,0
ZINC66411741,ChEMBL_zinc_D_9828,CNC(=O)C1CC[NH+](CCn2cccn2)CC1,0
ZINC29627095,ChEMBL_zinc_D_9829,CCCCn1c(C)c(C)[nH+]c1SCC(=O)NC1(C#N)CCCC1,0
ZINC29102476,ChEMBL_zinc_D_9830,O=C(c1cccc(F)c1)N1CCN(C(=O)C2CC(=O)N(CCc3ccccc3)C2)CC1,0
ZINC44972506,ChEMBL_zinc_D_9831,Cc1cccc(CNC(=O)Nc2nnc(C(C)C)s2)n1,0
ZINC04736482,ChEMBL_zinc_D_9832,Cc1nnc(NC(=O)C(C)Sc2nnc(-c3ccccc3F)n2C(C)C)s1,0
ZINC06810154,ChEMBL_zinc_D_9833,Fc1ccccc1-n1ncc2c3nc(COc4ccc(Cl)cc4)nn3cnc21,0
ZINC02959758,ChEMBL_zinc_D_9834,CCC(C)NC(=O)CN(c1ccc(OC)cc1)S(=O)(=O)c1ccccc1,0
ZINC48572491,ChEMBL_zinc_D_9835,Cc1cc(NC(=O)CN2CCCCCCC2=O)n(C)n1,0
ZINC49267931,ChEMBL_zinc_D_9836,CCCNC(=O)N1CCC(C(=O)NCCCOC)CC1,0
ZINC12003196,ChEMBL_zinc_D_9837,Cc1csc(=O)n1CC(=O)Nc1nc(-c2ccc(I)cc2)cs1,0
ZINC12088744,ChEMBL_zinc_D_9838,Cc1nn(CC(=O)N2CCN(c3ccccc3F)CC2)c(=O)c2cc3sccc3n21,0
ZINC70911970,ChEMBL_zinc_D_9839,CCOCC1CCCN(C(=O)Cc2nc(-c3ccsc3)oc2C)C1,0
ZINC70922707,ChEMBL_zinc_D_9840,CCOCC1CCCN(C(=O)CCc2c(C)[nH]c(=O)c(C#N)c2C)C1,0
ZINC58472795,ChEMBL_zinc_D_9841,Cc1c(O)ccc2c(CNc3ccc4c(c3)C(=O)NC4)cc(=O)oc12,0
ZINC69665014,ChEMBL_zinc_D_9842,CCc1nnc2n1CC(C[NH2+]Cc1nc3ccccc3o1)CC2,0
ZINC20773769,ChEMBL_zinc_D_9843,CC[NH+]1CCN(C2CCN(C(=O)CC3C(=O)NCCN3Cc3ccccc3F)CC2)CC1,0
ZINC55266796,ChEMBL_zinc_D_9844,COc1ccc(CC2CCCN2S(=O)(=O)N2CCCCCC2)cc1,0
ZINC06752083,ChEMBL_zinc_D_9845,Cc1ccc(F)cc1Nc1nc2ccc(Cl)cc2n2cnnc12,0
ZINC69352318,ChEMBL_zinc_D_9846,COc1ccc(C(CNC(=O)COCc2ccccc2)N2CCOCC2)cc1,0
ZINC01729255,ChEMBL_zinc_D_9847,N#CCCNc1cccc(Cl)c1,0
ZINC21536019,ChEMBL_zinc_D_9848,Cc1c(C(=O)C[NH+]2CCN(C(=O)NCCc3ccccc3)CC2)c2ccccc2n1C,0
ZINC19880716,ChEMBL_zinc_D_9849,CCc1cc(C(c2cccc(OC)c2)N2CCOCC2)c(NC(=O)c2ccccc2)s1,0
ZINC06700156,ChEMBL_zinc_D_9850,COc1cccc(NC(=O)Nc2nccc(C)n2)c1,0
ZINC69679975,ChEMBL_zinc_D_9851,CC[NH+]1CCN(CCC[NH2+]Cc2c(Cl)n(C)nc2C(C)C)CC1,0
ZINC70044775,ChEMBL_zinc_D_9852,COCC(C)(O)CNC(=O)Nc1cc(F)c(N2CCCC2)c(F)c1,0
ZINC48068107,ChEMBL_zinc_D_9853,CC(NC(=O)NC(C)c1ccc2c(c1)NC(=O)CO2)c1cccnc1,0
ZINC65422433,ChEMBL_zinc_D_9854,CC([NH2+]CCc1csc(-c2ncccn2)n1)C(=O)NC1CCCC1,0
ZINC55371317,ChEMBL_zinc_D_9855,COCCn1cnnc1CCNC(=O)CC12CC3CC(CC(C3)C1)C2,0
ZINC56102185,ChEMBL_zinc_D_9856,C=CCNC(=O)c1ccc(NC(=O)c2ccccc2OCCOC)cc1,0
ZINC24051314,ChEMBL_zinc_D_9857,CN(Cc1cccc(Cl)c1)S(=O)(=O)c1ccc(S(C)(=O)=O)cc1,0
ZINC45692429,ChEMBL_zinc_D_9858,NC(=O)c1cc(NC(=O)N2Cc3ccccc3C(c3ccccc3)C2)ccc1F,0
ZINC63439124,ChEMBL_zinc_D_9859,CCOC(=O)CN(CC1CC1)C(=O)CSc1nncn1-c1ccc(C)cc1,0
ZINC63502605,ChEMBL_zinc_D_9860,CC(CNC(=O)C1CCN(C2[NH+]=c3ccccc3=[NH+]2)CC1)c1ccccc1,0
ZINC47417609,ChEMBL_zinc_D_9861,O=C(CCNC(=O)c1ccco1)NCc1ccc(N2CCCCC2)[nH+]c1,0
ZINC47838556,ChEMBL_zinc_D_9862,CC(NC(=O)NCCCOCc1ccco1)c1ccc(-n2ccnc2)cc1,0
ZINC09454495,ChEMBL_zinc_D_9863,O=C(CCc1nc(-c2cccs2)no1)NCc1ccco1,0
ZINC09481385,ChEMBL_zinc_D_9864,COc1cccc(NC(=O)C2CCCN(C(=O)c3cc4ccccc4[nH]3)C2)c1,0
ZINC65881351,ChEMBL_zinc_D_9865,CC[NH+](C)Cc1cccc(CNC(=O)Cn2ncc(=O)c3ccccc32)c1,0
ZINC66000478,ChEMBL_zinc_D_9866,CNS(=O)(=O)c1ccc(CNC(=O)N2CCc3ccc(OC)cc3C2)cc1,0
ZINC65113656,ChEMBL_zinc_D_9867,Cc1oc(-c2ccccc2)nc1Cn1nnc(C(=O)Nc2ccc(C)c(C)c2)c1N,0
ZINC65125361,ChEMBL_zinc_D_9868,Cc1ccccc1C(CC(=O)NCC(=O)Nc1ccc(Cl)cc1)NC(N)=O,0
ZINC09998278,ChEMBL_zinc_D_9869,CC1CCCC[NH+]1CC(=O)N1CCN(c2ccccc2F)CC1,0
ZINC66903107,ChEMBL_zinc_D_9870,Cc1ccc(C=CS(=O)(=O)N(C)C(c2ccc(F)cc2)c2ncccn2)cc1,0
ZINC65913686,ChEMBL_zinc_D_9871,CCC(C)NC(=O)C(C)NC(=O)c1ccccc1Nc1ccc(OC)cc1,0
ZINC66051568,ChEMBL_zinc_D_9872,NC(=O)C(CNC(=O)Cc1ccc2c(c1)CCO2)Cc1ccc(F)cc1,0
ZINC67588251,ChEMBL_zinc_D_9873,COCCOC(=O)Nc1cccc(NC(=O)NCC(O)c2ccc(F)cc2)c1,0
ZINC67609639,ChEMBL_zinc_D_9874,CCN(CCc1ccccc1)C(=O)NCc1cc(C)on1,0
ZINC06803336,ChEMBL_zinc_D_9875,CCc1cccc(C)c1NC(=O)C(CC)n1ncn2c(cc3cc(C)ccc32)c1=O,0
ZINC06936443,ChEMBL_zinc_D_9876,CN(C(=O)C1CCCN(c2ncnc3c2nc2n3CCCCC2)C1)c1ccccc1F,0
ZINC38829275,ChEMBL_zinc_D_9877,COCCn1c2c(cccc2F)sc1=NC(=O)c1ccccc1C(=O)OC,0
ZINC38871391,ChEMBL_zinc_D_9878,Cn1nccc1-c1nnc(NC(=O)C2CCCN(S(=O)(=O)c3ccc(Cl)s3)C2)o1,0
ZINC50062127,ChEMBL_zinc_D_9879,Cn1c2ccc(NC(=O)NCc3ccc4c(c3)CCCN4C)cc2n(C)c1=O,0
ZINC05122215,ChEMBL_zinc_D_9880,CC[NH+](CC)CCN(C(=O)COc1ccccc1)c1nc2c(cc(F)cc2F)s1,0
ZINC45624798,ChEMBL_zinc_D_9881,CC(Sc1nncn1C)C(=O)N1CCN(CC[NH+]2CCCC2)CC1,0
ZINC49409724,ChEMBL_zinc_D_9882,CCN(CC)c1ccc(-c2noc(C[NH+]3CCN(c4ccc(Cl)cc4)CC3)n2)c[nH+]1,0
ZINC00472838,ChEMBL_zinc_D_9883,COc1cccc(OCC(O)CNc2ccc(C)c(C)c2)c1,0
ZINC59132583,ChEMBL_zinc_D_9884,CCCC(=O)Nc1ccc(C(=O)Nc2cccc(C(=O)OCC)c2)cc1,0
ZINC68676345,ChEMBL_zinc_D_9885,CCSc1ccc(C(=O)N2CCC(c3nc(-c4ccccn4)no3)CC2)cn1,0
ZINC68715686,ChEMBL_zinc_D_9886,CC(C)CCC1CCCC1NC(=O)CCCc1nc2ccccc2c(=O)[nH]1,0
ZINC56154997,ChEMBL_zinc_D_9887,COc1ccccc1NC(=O)C(C)NCc1ccccc1C[NH+]1CCC(C)CC1,0
ZINC56302766,ChEMBL_zinc_D_9888,Cc1nn(C)c(C)c1C(=O)N1CCCN(S(=O)(=O)c2ccccc2)CC1,0
ZINC67064581,ChEMBL_zinc_D_9889,CCCNC(=O)CCNC(=O)N1CCCC(c2ccccc2)CC1,0
ZINC67085698,ChEMBL_zinc_D_9890,Cc1noc(CCCNC(=O)N2CCC(Cc3ccccc3)CC2)n1,0
ZINC69117608,ChEMBL_zinc_D_9891,CC(=O)NCCNC(=O)CC(C)CCc1ccccc1,0
ZINC69216186,ChEMBL_zinc_D_9892,CC(C)Cn1nccc1NC(=O)NCc1ccc(C2OCCO2)cc1,0
ZINC26376307,ChEMBL_zinc_D_9893,CCOC(=O)C1=C(C)N=C(CS(=O)c2ccccc2)C(=C([O-])OCC)C1c1cccnc1,0
ZINC27736646,ChEMBL_zinc_D_9894,CCOC([O-])=C1C(Cn2ccnc2)=NC(C)=C(C(=O)OC)C1c1cccc(Cl)c1Cl,0
ZINC64537830,ChEMBL_zinc_D_9895,CC(C)NC(=O)CCNc1cnn(C(C)(C)C)c(=O)c1Cl,0
ZINC64852206,ChEMBL_zinc_D_9896,O=C(NCc1ccc(-n2ccnc2)nc1)C1CCN(c2ccc(Cl)cc2)C1=O,0
ZINC68861250,ChEMBL_zinc_D_9897,CC(OCC1CCCO1)C(=O)NCCC[NH+]1CCCC(C)C1,0
ZINC68914339,ChEMBL_zinc_D_9898,N#CCCCCS(=O)(=O)N1CCOC(c2ccccc2Cl)C1,0
ZINC03350951,ChEMBL_zinc_D_9899,N#CCSc1ccccc1NC(=O)COc1ccc(C(=O)c2ccccc2)cc1,0
ZINC70639331,ChEMBL_zinc_D_9900,O=S(=O)(NCC(O)Cc1ccccc1)c1ccc2ccccc2c1,0
ZINC02501812,ChEMBL_zinc_D_9901,CCCCOc1ccc(S(=O)(=O)Nc2cccnc2)cc1,0
ZINC09820189,ChEMBL_zinc_D_9902,COCCN(CC(=O)Nc1cccc(C)c1C)C(=O)c1ccc(S(=O)(=O)N2CCOCC2)cc1,0
ZINC70816118,ChEMBL_zinc_D_9903,CC1CC1C(=O)N1CCCc2cc(S(=O)(=O)N(C)C)ccc21,0
ZINC15359012,ChEMBL_zinc_D_9904,CC(NS(=O)(=O)c1ccc(Cl)nc1)c1ccc(S(C)(=O)=O)cc1,0
ZINC40286719,ChEMBL_zinc_D_9905,COc1ccc(NCc2nn(CCC(C)C)c(=O)[nH]2)cc1,0
ZINC04510056,ChEMBL_zinc_D_9906,CCN(CC)C(=O)CSc1nnc2n1c1ccccc1c(=O)n2CCC(C)C,0
ZINC49451844,ChEMBL_zinc_D_9907,Cc1cccc(Nc2nc(CC(=O)Nc3cccc(OC(F)F)c3)cs2)n1,0
ZINC49465876,ChEMBL_zinc_D_9908,O=C([O-])c1ccc2[nH]c(C(Cl)(Cl)Cl)nc2c1,0
ZINC43583080,ChEMBL_zinc_D_9909,CC(C)Cn1nccc1NC(=O)N1CC(C)OC(C)C1,0
ZINC04317474,ChEMBL_zinc_D_9910,O=C(NCc1n[nH]c(=O)c2ccccc12)c1ccccc1I,0
ZINC05510990,ChEMBL_zinc_D_9911,COC(=O)Cn1c(=O)c2ccccc2n(Cc2ccccc2)c1=O,0
ZINC54392285,ChEMBL_zinc_D_9912,CC(=O)Nc1cccc2c1CC[NH+](C(C)C(=O)Nc1c(C)cc(C)cc1Cl)C2,0
ZINC01060334,ChEMBL_zinc_D_9913,Cc1ccc(C(=O)OC(COc2ccccc2)CN(C)C2=NS(=O)(=O)c3ccccc32)cc1,0
ZINC47196501,ChEMBL_zinc_D_9914,CCn1c(=O)[nH]c2cc(C(=O)Nc3nc4ccc(C)cc4s3)ccc2c1=O,0
ZINC30522388,ChEMBL_zinc_D_9915,CC1CC(C)CN(C(=O)c2ccccc2NC(=O)C2CC=CCC2C(=O)[O-])C1,0
ZINC30908473,ChEMBL_zinc_D_9916,COc1cc(C[NH2+]C(C)C2CCCO2)cc(OC)c1OCC(N)=O,0
ZINC65132049,ChEMBL_zinc_D_9917,CCCNC(=O)C1CCCN(c2ccc(SCC(=O)Nc3ccc(C)cc3Cl)nn2)C1,0
ZINC65163288,ChEMBL_zinc_D_9918,COc1ccc2c(c1)C[NH+](CC(=O)NC1(C#N)CCCC1)CC2,0
ZINC65548783,ChEMBL_zinc_D_9919,O=C(Cc1csc(Cc2ccc(F)cc2)n1)NCC[NH+]1CCCCC1,0
ZINC65666457,ChEMBL_zinc_D_9920,CC1(C)CC(=O)c2ccc(OC(=O)CCC(=O)Nc3nccs3)cc2O1,0
ZINC04191048,ChEMBL_zinc_D_9921,Cc1cc2nnc(SCC(=O)Nc3ccc(Cl)cc3)n2c2ccccc12,0
ZINC01428626,ChEMBL_zinc_D_9922,COc1cc2c(cc1Br)n(C)c(CSc1ccccc1)c2C(=O)N1CCOCC1,0
ZINC64976485,ChEMBL_zinc_D_9923,COc1cc(NS(=O)(=O)c2ccc3c(c2)=[NH+]C(=O)[NH+]=3)cc(OC)c1OC,0
ZINC02979856,ChEMBL_zinc_D_9924,Cc1cc(Cl)ccc1NC(=O)CN(c1ccccc1)S(C)(=O)=O,0
ZINC70161990,ChEMBL_zinc_D_9925,Cc1ccccc1OCCCC(=O)NC1CCC(=O)NC1,0
ZINC70456275,ChEMBL_zinc_D_9926,CCc1c(C)nc(-c2ccncc2)nc1NCC1CCC[NH2+]C1,0
ZINC68976515,ChEMBL_zinc_D_9927,CC(C)C(NC(=O)c1ccccc1Cl)C(=O)N1CCCC1c1nc2ccccc2s1,0
ZINC57524969,ChEMBL_zinc_D_9928,COc1ccc(CNC(=O)COc2ccc(NC(=O)c3ccco3)cc2)cc1,0
ZINC66863990,ChEMBL_zinc_D_9929,COC(=O)CCNC(=O)CN1CCN(S(=O)(=O)c2ccccc2F)CC1,0
ZINC66894619,ChEMBL_zinc_D_9930,COc1ccccc1CC1CCC[NH+](CC(=O)Nc2cccnc2Cl)C1,0
ZINC20720660,ChEMBL_zinc_D_9931,Brc1ccc(-c2ccc(NC3CCCC3)nn2)cc1,0
ZINC02927258,ChEMBL_zinc_D_9932,CCOc1ccc(-n2c(=[NH2+])c3c(C)n[nH]c3nc2SCC(=O)Nc2cc(OC)ccc2OC)cc1,0
ZINC43964230,ChEMBL_zinc_D_9933,O=C(Nc1ccc(-c2nnnn2C2CC2)cc1)c1cccc(NC(=O)C2CC2)c1,0
ZINC44036430,ChEMBL_zinc_D_9934,COc1ccc(NC(=O)Cc2noc3ccccc23)cc1NS(C)(=O)=O,0
ZINC56301990,ChEMBL_zinc_D_9935,CCC(C)Oc1ccc(NC(=O)C2CCCN2C(=O)C(C)C)cc1,0
ZINC65922785,ChEMBL_zinc_D_9936,CC(C)(C)NS(=O)(=O)c1ccc(C(=O)Nc2cnn(C(C)(C)C)c2)o1,0
ZINC66878500,ChEMBL_zinc_D_9937,C=CCN(C(=O)C[NH+]1CCC(N(C)S(=O)(=O)CC)CC1)c1ccccc1,0
ZINC66894155,ChEMBL_zinc_D_9938,COc1ccccc1CC1CCC[NH+](C(C)C(=O)N2CCC(C(N)=O)CC2)C1,0
ZINC09516225,ChEMBL_zinc_D_9939,COc1cccc(Nc2nnc(SCc3nc(N)nc(Nc4ccccc4)n3)s2)c1,0
ZINC09575679,ChEMBL_zinc_D_9940,O=C(C1CCN(c2ncccn2)CC1)N1CCC(Cc2ccccc2)CC1,0
ZINC66902329,ChEMBL_zinc_D_9941,Cc1csc(CNS(=O)(=O)C=Cc2ccc(Br)cc2)n1,0
ZINC66910270,ChEMBL_zinc_D_9942,CCn1cc(S(=O)(=O)NCCC[NH+]2CCN(c3cccc(C)c3)CC2)cn1,0
ZINC54477138,ChEMBL_zinc_D_9943,CCCNC(=O)c1ccc(NC(=O)NCCOC2CCCCC2C)cc1Cl,0
ZINC54575119,ChEMBL_zinc_D_9944,CCC1c2ccsc2CCN1C(=O)NCC(C)Cn1cccn1,0
ZINC67158576,ChEMBL_zinc_D_9945,CCCC(=O)NCC(=O)N1CCCC(c2nc3ccc(C)cc3[nH]2)C1,0
ZINC67179920,ChEMBL_zinc_D_9946,COc1ccc(C(CNC(=O)C2Oc3ccccc3OC2C)[NH+](C)C)cc1,0
ZINC02637875,ChEMBL_zinc_D_9947,CC(C)C(C)(C#N)NC(=O)CSc1nnc(-c2ccc3c(c2)OCO3)o1,0
ZINC72016520,ChEMBL_zinc_D_9948,CN(c1ccccc1)S(=O)(=O)c1cccc(NC(=O)C2(c3cccc(Cl)c3)CCOCC2)c1,0
ZINC48342116,ChEMBL_zinc_D_9949,CCCn1nnnc1C[NH+]1CCCCC1CC,0
ZINC49446978,ChEMBL_zinc_D_9950,C#CCOCC1CCN(C(=O)C(CCC)CCC)CC1,0
ZINC18013699,ChEMBL_zinc_D_9951,Cc1ccc(C)c(C(C)NC(=O)COc2cccc(C)c2C)c1,0
ZINC59402994,ChEMBL_zinc_D_9952,COc1ccc(C(=O)N2CCN(CC=Cc3ccccc3)CC2)cc1OC,0
ZINC65429814,ChEMBL_zinc_D_9953,CC([NH2+]Cc1ccc(OCC(N)=O)cc1)c1ccc(N2CCOCC2)cc1,0
ZINC65435197,ChEMBL_zinc_D_9954,C=CCn1cc(-c2c(-c3ccccc3)ncn2CC(O)c2ccccc2)cn1,0
ZINC53459653,ChEMBL_zinc_D_9955,CC(=O)NC(C(=O)Oc1ccc(F)c(F)c1)C1CCCC1,0
ZINC54386367,ChEMBL_zinc_D_9956,CC1CCC[NH+](C(C)(C)CNC(=O)Nc2cccc(C(=O)NC3CC3)c2)C1,0
ZINC71878723,ChEMBL_zinc_D_9957,CN(Cc1ccco1)C(=O)C[NH+]1CCCCC1Cn1cncn1,0
ZINC71970766,ChEMBL_zinc_D_9958,O=C(CCC(=O)N1CCc2sccc2C1)N1CCN(CC=Cc2ccccc2)CC1,0
ZINC67574055,ChEMBL_zinc_D_9959,CC(C)(C)c1cc(NC(=O)NCCCNc2ccccc2)no1,0
ZINC67643318,ChEMBL_zinc_D_9960,CC(C1=CCCN(Cc2ccncc2)C1)N(C)C(=O)c1cccs1,0
ZINC20223692,ChEMBL_zinc_D_9961,O=S(=O)(NC1CCCCC1)c1ccc(N2CCOCC2)nc1,0
ZINC36079447,ChEMBL_zinc_D_9962,CCN1CCN(S(=O)(=O)c2cccs2)CC1,0
ZINC20477232,ChEMBL_zinc_D_9963,COc1cc(CNC2C[NH+]3CCC2CC3)ccc1OCc1ccccc1C,0
ZINC20570320,ChEMBL_zinc_D_9964,CCOC(=O)c1c(C)c(C)sc1NC(=O)c1cccc(NS(=O)(=O)c2ccccc2)c1,0
ZINC47620991,ChEMBL_zinc_D_9965,Cc1ccc(C(C)(C)C)cc1S(=O)(=O)CC(=O)N1CCOC(C)C1,0
ZINC47645316,ChEMBL_zinc_D_9966,CCn1cnnc1CNC(=O)NCc1ccc(OC)c(OC)c1,0
ZINC49341851,ChEMBL_zinc_D_9967,O=C(Nc1nc(-c2ccco2)cs1)C1CCOC1,0
ZINC49443101,ChEMBL_zinc_D_9968,O=C(NC1CCCCC1)N1CCC(Oc2nc3c(cccc3Cl)s2)CC1,0
ZINC69128995,ChEMBL_zinc_D_9969,CC(CNS(=O)(=O)C=Cc1cccc(Br)c1)[NH+](C)C1CC1,0
ZINC69345911,ChEMBL_zinc_D_9970,CCN(CC)C(=O)Cc1ccc(NC(=O)C(C)OCC2CCCCO2)cc1,0
ZINC08382619,ChEMBL_zinc_D_9971,N#Cc1c(SCC(=O)NCC(=O)[O-])nc2c(c1C(F)(F)F)CCCCC2,0
ZINC08900176,ChEMBL_zinc_D_9972,O=S(=O)(NCC(c1ccsc1)[NH+]1CCCC1)c1ccc(-c2ccccc2)cc1,0
ZINC08976393,ChEMBL_zinc_D_9973,O=C(Nc1onc2c1CCC2)c1cc(Cl)ccc1Cl,0
ZINC08977354,ChEMBL_zinc_D_9974,O=C(C1CC1)N1CCc2ccc(NS(=O)(=O)c3cccc(Cl)c3)cc2C1,0
ZINC69103808,ChEMBL_zinc_D_9975,CC(c1ccco1)N(C)C(=O)NCCN1CCN(c2ncccn2)CC1,0
ZINC69148024,ChEMBL_zinc_D_9976,O=C(NCCCc1cccc(F)c1)NCc1ccc(-n2cncn2)cc1,0
ZINC70877374,ChEMBL_zinc_D_9977,NC(=O)C1(NC(=O)C2CC(=O)N(c3cccc(C(F)(F)F)c3)C2)CCCC1,0
ZINC70928590,ChEMBL_zinc_D_9978,CCOCC1CCCN(C(=O)C(NC(=O)c2ccco2)C(C)C)C1,0
ZINC60949271,ChEMBL_zinc_D_9979,CC1Cc2cc(C(=O)Nc3sc4c(c3C#N)CCCC4)ccc2N1S(C)(=O)=O,0
ZINC26384001,ChEMBL_zinc_D_9980,CCCCn1nc(C(=O)Nc2ccc(CC#N)cc2)ccc1=O,0
ZINC66434476,ChEMBL_zinc_D_9981,COc1cccc(CCCNC(=O)C(C)S(=O)(=O)c2ccc(F)cc2)c1,0
ZINC66469844,ChEMBL_zinc_D_9982,Cc1nnnn1-c1cc(NCC(=O)NC(C)c2ccc(F)cc2)ccc1C,0
ZINC66878964,ChEMBL_zinc_D_9983,CCS(=O)(=O)N(C)C1CC[NH+](C(C)C(=O)NCc2ccccc2OC)CC1,0
ZINC66903571,ChEMBL_zinc_D_9984,Cc1cc(S(=O)(=O)N2CCC(NC(=O)CC3CCCCC3)CC2)ccc1F,0
ZINC67372577,ChEMBL_zinc_D_9985,N#Cc1nc(N2CCC([NH+]3CCCCC3)C2)ccc1Cl,0
ZINC67649774,ChEMBL_zinc_D_9986,CCc1ccc(C(C)NC(=O)CN2C=Nc3ccccc3S2(=O)=O)cc1,0
ZINC70809755,ChEMBL_zinc_D_9987,N#CC1(C(=O)Oc2ccc3c(c2)CCC3)CCCC1,0
ZINC70850090,ChEMBL_zinc_D_9988,COc1ccc(COCC(O)CNC(=O)c2ccc3nc(C)c(C)nc3c2)cc1,0
ZINC61198028,ChEMBL_zinc_D_9989,N#Cc1c2c(sc1NC(=O)c1csc(-c3cccs3)n1)CCC2,0
ZINC61227214,ChEMBL_zinc_D_9990,COc1ccc(Cn2nccc2NC(=O)c2cc(C)cc(C)c2)c(OC)c1OC,0
ZINC30797313,ChEMBL_zinc_D_9991,O=C(CCCc1nc2ccccc2c(=O)[nH]1)OCc1nccn1Cc1ccccc1,0
ZINC71960927,ChEMBL_zinc_D_9992,CCCC(=O)Nc1cccc(CNC(=O)c2cn(-c3ccccc3)nc2-c2ccccc2OC)c1,0
ZINC66346705,ChEMBL_zinc_D_9993,C#CCN1CCCCC1C(=O)NCCCS(=O)(=O)c1ccccc1,0
ZINC66380703,ChEMBL_zinc_D_9994,O=C(Nc1cnn(CCO)c1)C1CC1c1ccccc1Br,0
ZINC03037470,ChEMBL_zinc_D_9995,O=C1CN(C2CCCCC2)C(=O)C(c2ccc(F)cc2)N1CC1COc2ccccc2O1,0
ZINC13154742,ChEMBL_zinc_D_9996,O=c1c(=Cc2ccc(O)cc2)sc2nc3cc(Br)cnc3n12,0
ZINC50405602,ChEMBL_zinc_D_9997,CC(C)NS(=O)(=O)c1ccc(C(=O)NCc2cscn2)cc1,0
ZINC05151330,ChEMBL_zinc_D_9998,CCc1nc2c3ccccc3oc2c(NC(C)CC)n1,0
ZINC12180675,ChEMBL_zinc_D_9999,CCS(=O)(=O)N1CCCc2ccc(NS(=O)(=O)Cc3ccccc3Cl)cc21,0
ZINC12088003,ChEMBL_zinc_D_10000,Cn1cc(C(=O)N2CCC(c3nc4ccc(F)cc4cc3N)CC2)cn1,0
