name,id,smiles,active
ZINC00007301,DUD_p38_A_1,Fc1ccc(-c2nc[nH]c2-c2ccncc2)cc1,1
ZINC03815730,DUD_p38_A_2,CC(C)n1cnc(-c2ccc(F)cc2)c1-c1ccncc1,1
ZINC03810100,DUD_p38_A_3,[NH3+]CCCn1cnc(-c2ccc(F)cc2)c1-c1ccncc1,1
ZINC03815763,DUD_p38_A_4,CC(C)(C)c1nc(-c2ccncc2)c(-c2ccc(F)cc2)[nH]1,1
ZINC03815767,DUD_p38_A_5,CC(C)(O)c1nc(-c2ccncc2)c(-c2ccc(F)cc2)[nH]1,1
ZINC03815740,DUD_p38_A_6,CSCCCn1cnc(-c2ccc(F)cc2)c1-c1ccncc1,1
ZINC03815726,DUD_p38_A_7,CCOCCCn1cnc(-c2ccc(F)cc2)c1-c1ccncc1,1
ZINC03815706,DUD_p38_A_8,CC(=O)OCCn1cnc(-c2ccc(F)cc2)c1-c1ccncc1,1
ZINC03815750,DUD_p38_A_9,COC(=O)CCCn1cnc(-c2ccc(F)cc2)c1-c1ccncc1,1
ZINC03815773,DUD_p38_A_10,CS(=O)(=O)CCCn1cnc(-c2ccc(F)cc2)c1-c1ccncc1,1
ZINC03815749,DUD_p38_A_11,CCN(CC)CCCn1cnc(-c2ccc(F)cc2)c1-c1ccncc1,1
ZINC03834001,DUD_p38_A_12,CC(C)(C)c1cc(NC(=O)Nc2ccc(Cl)cc2)on1,1
ZINC03834003,DUD_p38_A_13,CC(C)c1cc(NC(=O)Nc2cccc(Cl)c2Cl)on1,1
ZINC03833997,DUD_p38_A_14,CC(C)(C)c1cc(NC(=O)Nc2ccc(F)cc2)no1,1
ZINC03834016,DUD_p38_A_15,CC(C)(C)c1cc(NC(=O)Nc2ccc(F)cc2)on1,1
ZINC03833999,DUD_p38_A_16,CC(C)(C)c1cc(NC(=O)Nc2ccc(Cl)c(Cl)c2)on1,1
ZINC04617906,DUD_p38_A_17,CC(C)(C)c1cc(NC(=O)Nc2cccc(Cl)c2Cl)[nH]n1,1
ZINC03834018,DUD_p38_A_18,Cc1c(C(C)C)noc1NC(=O)Nc1cccc(Cl)c1Cl,1
ZINC03834013,DUD_p38_A_19,Cc1cccc(NC(=O)Nc2cc(C(C)(C)C)no2)c1C,1
ZINC03834012,DUD_p38_A_20,Cc1cccc(NC(=O)Nc2cc(C(C)(C)C)on2)c1C,1
ZINC03833974,DUD_p38_A_21,CC(C)(C)c1cc(NC(=O)Nc2cccc(Cl)c2Cl)on1,1
ZINC03833980,DUD_p38_A_22,Cn1nc(C(C)(C)C)cc1NC(=O)Nc1cccc(Cl)c1Cl,1
ZINC03833990,DUD_p38_A_23,CC(C)(C)Cc1cc(NC(=O)Nc2cccc(Cl)c2Cl)on1,1
ZINC03833998,DUD_p38_A_24,CC(C)(C)c1cc(NC(=O)Nc2ccc(C(F)(F)F)cc2)on1,1
ZINC03834010,DUD_p38_A_25,Cn1nc(C(C)(C)C)cc1NC(=O)Nc1ccc(C(F)(F)F)cc1,1
ZINC03833996,DUD_p38_A_26,CC(C)(C)c1cc(NC(=O)Nc2cccc(Cl)c2Cl)n(CCC#N)n1,1
ZINC03834011,DUD_p38_A_27,CC(C)(C)c1cc(NC(=O)Nc2cccc(Cl)c2Cl)n(CC(N)=O)n1,1
ZINC03834000,DUD_p38_A_28,CNC(=O)Cn1nc(C(C)(C)C)cc1NC(=O)Nc1cccc(Cl)c1Cl,1
ZINC03834002,DUD_p38_A_29,CCCCOC(=O)c1cccc(NC(=O)Nc2cc(C(C)(C)C)nn2C)c1,1
ZINC03833993,DUD_p38_A_30,CC(C)(C)c1cc(NC(=O)Nc2cccc(Cl)c2Cl)n(CC(=O)NCCO)n1,1
ZINC03815711,DUD_p38_A_31,Fc1ccc(-c2nc3n(c2-c2ccncc2)CCC3)cc1,1
ZINC03815707,DUD_p38_A_32,Clc1ccc(-c2nc3n(c2-c2ccncc2)CCC3)cc1,1
ZINC03815699,DUD_p38_A_33,Clc1cccc(-c2nc3n(c2-c2ccncc2)CCC3)c1,1
ZINC03815748,DUD_p38_A_34,Clc1ccccc1-c1nc2n(c1-c1ccncc1)CCC2,1
ZINC03834007,DUD_p38_A_35,O=C(Nc1cc(C2CCC2)no1)Nc1cccc(Cl)c1Cl,1
ZINC03815718,DUD_p38_A_36,Fc1ccc(-c2ncn(C3CC3)c2-c2ccncc2)cc1,1
ZINC03815694,DUD_p38_A_37,OC1(c2nc(-c3ccncc3)c(-c3ccc(F)cc3)[nH]2)CC1,1
ZINC03832170,DUD_p38_A_38,c1ccc(-c2cc(-c3ccncc3)c(-c3ccoc3)[nH]2)cc1,1
ZINC03815719,DUD_p38_A_39,OC1(c2nc(-c3ccncc3)c(-c3ccc(F)cc3)[nH]2)CCCC1,1
ZINC03815723,DUD_p38_A_40,Fc1ccc(-c2ncn(CC3CC3)c2-c2ccncc2)cc1,1
ZINC03815695,DUD_p38_A_41,Nc1nccc(-c2c(-c3ccc(F)cc3)ncn2CC2CC2)n1,1
ZINC03832128,DUD_p38_A_42,c1ccc(-c2cc(-c3ccncc3)c(-c3cccnc3)[nH]2)cc1,1
ZINC03815736,DUD_p38_A_43,Fc1ccc(-c2[nH]c(-c3ccccc3)nc2-c2ccncc2)cc1,1
ZINC03832064,DUD_p38_A_44,Nc1ccc(-c2cc(-c3ccncc3)c(-c3ccccc3)[nH]2)cc1,1
ZINC03815693,DUD_p38_A_45,Fc1ccc(-c2[nH]c(C3CCC[NH2+]C3)nc2-c2ccncc2)cc1,1
ZINC03815735,DUD_p38_A_46,Oc1cccc(-c2[nH]c(-c3ccccc3)nc2-c2ccncc2)c1,1
ZINC03815689,DUD_p38_A_47,Fc1ccc(-c2nc(C3CCNCC3)[nH]c2-c2ccncc2)cc1,1
ZINC03815771,DUD_p38_A_48,Fc1cccc(-c2[nH]c(-c3ccccc3)nc2-c2ccncc2)c1,1
ZINC04617902,DUD_p38_A_49,Fc1ccc(-c2nc([C@@H]3CCCNC3)[nH]c2-c2ccncc2)cc1,1
ZINC04617926,DUD_p38_A_50,Fc1ccc(-c2nc(-c3ccccc3)[nH]c2-c2ccncn2)cc1,1
ZINC03815704,DUD_p38_A_51,Nc1ccc(-c2nc(-c3ccncc3)c(-c3ccc(F)cc3)[nH]2)cc1,1
ZINC03815752,DUD_p38_A_52,COc1ccc(-c2[nH]c(-c3ccccc3)nc2-c2ccncc2)cc1,1
ZINC03815731,DUD_p38_A_53,OC1(c2nc(-c3ccncc3)c(-c3ccc(F)cc3)[nH]2)CCCCC1,1
ZINC00020320,DUD_p38_A_54,CSc1ccc(-c2noc(CN3CCN(C(=O)c4ccccc4)CC3)n2)cc1,1
ZINC03815775,DUD_p38_A_55,COc1cccc(-c2[nH]c(-c3ccccc3)nc2-c2ccncc2)c1,1
ZINC04617907,DUD_p38_A_56,Nc1nccc(-c2[nH]c(-c3ccccc3)nc2-c2ccc(F)cc2)n1,1
ZINC03815786,DUD_p38_A_57,N#Cc1ccc(-c2[nH]c(-c3ccccc3)nc2-c2ccncc2)cc1,1
ZINC04617909,DUD_p38_A_58,CNc1nccc(-c2[nH]c(-c3ccccc3)nc2-c2ccc(F)cc2)n1,1
ZINC03832115,DUD_p38_A_59,CN1CCC(O)(c2cc(-c3ccncc3)c(-c3ccc(F)cc3)[nH]2)CC1,1
ZINC03815724,DUD_p38_A_60,C[NH+]1CCC(O)(c2nc(-c3ccncc3)c(-c3ccc(F)cc3)[nH]2)CC1,1
ZINC03832140,DUD_p38_A_61,C[NH+]1CCC(O)(c2nc(-c3ccc(F)cc3)c(-c3ccncc3)o2)CC1,1
ZINC03832156,DUD_p38_A_62,CN1CCC(O)(c2nc(-c3ccc(F)cc3)c(-c3ccncc3)s2)CC1,1
ZINC03832165,DUD_p38_A_63,O=c1c(-c2ccncc2)c(-c2ccc(F)cc2)[nH]n1-c1ccc(Cl)cc1,1
ZINC03815680,DUD_p38_A_64,[NH3+]Cc1ccc(-c2nc(-c3ccncc3)c(-c3ccc(F)cc3)[nH]2)cc1,1
ZINC03815759,DUD_p38_A_65,COc1ccc(-c2nc(-c3ccncc3)c(-c3ccc(F)cc3)[nH]2)cc1,1
ZINC03815725,DUD_p38_A_66,N#Cc1ccc(-c2nc(-c3ccncc3)c(-c3ccc(F)cc3)[nH]2)cc1,1
ZINC03832073,DUD_p38_A_67,O=c1c(-c2ccc(F)cc2)c(-c2ccncc2)[nH]n1-c1ccc(Cl)cc1,1
ZINC03832054,DUD_p38_A_68,O=C(O)c1ccc(-c2cc(-c3ccncc3)c(-c3ccccc3)[nH]2)cc1,1
ZINC03815776,DUD_p38_A_69,CS(=O)c1ccccc1-c1nc(-c2ccncc2)c(-c2ccc(F)cc2)[nH]1,1
ZINC03815705,DUD_p38_A_70,O=[N+]([O-])c1ccc(-c2nc(-c3ccncc3)c(-c3ccc(F)cc3)[nH]2)cc1,1
ZINC03815700,DUD_p38_A_71,C[S@@](=O)c1ccc(-c2nc(-c3ccncc3)c(-c3ccc(F)cc3)[nH]2)cc1,1
ZINC03995359,DUD_p38_A_72,CS(=O)c1ccc(-c2nc(-c3ccncc3)c(-c3ccc(F)cc3)[nH]2)cc1,1
ZINC03794516,DUD_p38_A_73,C[S@@](=O)c1ccc(-c2nc(-c3ccncc3)c(-c3cccc(Cl)c3)[nH]2)cc1,1
ZINC03815770,DUD_p38_A_74,O=C([O-])c1ccc(-c2nc(-c3ccncc3)c(-c3ccc(F)cc3)[nH]2)cc1,1
ZINC04617912,DUD_p38_A_75,CS(=O)c1cccc(-c2nc(-c3ccc(F)cc3)c(-c3ccncc3)[nH]2)c1,1
ZINC04617922,DUD_p38_A_76,CS(=O)c1ccccc1-c1nc(-c2ccc(F)cc2)c(-c2ccncc2)[nH]1,1
ZINC03815741,DUD_p38_A_77,CS(=O)c1cccc(-c2nc(-c3ccncc3)c(-c3ccc(F)cc3)[nH]2)c1,1
ZINC04617919,DUD_p38_A_78,C[S@@](=O)c1ccc(-c2nc(-c3ccccc3S)c(-c3ccncc3)[nH]2)cc1,1
ZINC03794511,DUD_p38_A_79,Cc1cc(-c2[nH]c(-c3ccc(S(C)=O)cc3)nc2-c2ccc(F)cc2)ccn1,1
ZINC00833184,DUD_p38_A_80,CS(=O)(=O)c1ccc(-c2nc(-c3ccc(F)cc3)c(-c3ccncc3)[nH]2)cc1,1
ZINC03815757,DUD_p38_A_81,Cc1cnccc1-c1nc(-c2ccc(S(C)=O)cc2)[nH]c1-c1ccc(F)cc1,1
ZINC04617900,DUD_p38_A_82,Nc1nccc(-c2[nH]c(C3CCNCC3)nc2-c2cccc(C(F)(F)F)c2)n1,1
ZINC04617916,DUD_p38_A_83,COc1cccc(-c2nc(-c3ccc(S(C)=O)cc3)[nH]c2-c2ccncc2)c1,1
ZINC03815756,DUD_p38_A_84,COC(=O)c1ccc(-c2nc(-c3ccncc3)c(-c3ccc(F)cc3)[nH]2)cc1,1
ZINC04617911,DUD_p38_A_85,NC(=NO)c1ccc(-c2nc(-c3ccc(F)cc3)c(-c3ccncc3)[nH]2)cc1,1
ZINC04617915,DUD_p38_A_86,Cc1cnccc1-c1[nH]c(-c2ccc(S(C)=O)cc2)nc1-c1ccc(F)cc1,1
ZINC04617908,DUD_p38_A_87,O=C(NO)c1ccc(-c2nc(-c3ccc(F)cc3)c(-c3ccncc3)[nH]2)cc1,1
ZINC03815758,DUD_p38_A_88,COc1cccc(-c2[nH]c(-c3ccc(S(C)=O)cc3)nc2-c2ccncc2)c1,1
ZINC03815709,DUD_p38_A_89,C[NH+](C)Cc1ccc(-c2nc(-c3ccncc3)c(-c3ccc(F)cc3)[nH]2)cc1,1
ZINC03815779,DUD_p38_A_90,Cn1c(-c2ccc([S@@](C)=O)cc2)nc(-c2ccc(F)cc2)c1-c1ccncc1,1
ZINC03815721,DUD_p38_A_91,NS(=O)(=O)c1ccc(-c2nc(-c3ccncc3)c(-c3ccc(F)cc3)[nH]2)cc1,1
ZINC03832090,DUD_p38_A_92,CC(=O)c1ccc(-n2[nH]c(-c3ccncc3)c(-c3ccc(F)cc3)c2=O)cc1,1
ZINC03815747,DUD_p38_A_93,CS(=O)(=O)c1ccccc1-c1nc(-c2ccncc2)c(-c2ccc(F)cc2)[nH]1,1
ZINC03815727,DUD_p38_A_94,O=CNCc1ccc(-c2nc(-c3ccncc3)c(-c3ccc(F)cc3)[nH]2)cc1,1
ZINC03815746,DUD_p38_A_95,CS(=O)(=O)c1cccc(-c2nc(-c3ccncc3)c(-c3ccc(F)cc3)[nH]2)c1,1
ZINC03815710,DUD_p38_A_96,CS(=O)(=O)Nc1ccc(-c2nc(-c3ccncc3)c(-c3ccc(F)cc3)[nH]2)cc1,1
ZINC04617917,DUD_p38_A_97,N#CN=C(N)Cc1ccc(-c2nc(-c3ccc(F)cc3)c(-c3ccncc3)[nH]2)cc1,1
ZINC03815615,DUD_p38_A_98,NC(=O)N(O)Cc1ccc(-c2nc(-c3ccncc3)c(-c3ccc(F)cc3)[nH]2)cc1,1
ZINC03815772,DUD_p38_A_99,CS(=O)(=O)NCc1ccc(-c2nc(-c3ccncc3)c(-c3ccc(F)cc3)[nH]2)cc1,1
ZINC04617913,DUD_p38_A_100,C[C@@H](c1ccc(-c2nc(-c3ccc(F)cc3)c(-c3ccncc3)[nH]2)cc1)N(O)C(N)=O,1
ZINC03815761,DUD_p38_A_101,C[NH+](C)CCCOc1ccc(-c2nc(-c3ccncc3)c(-c3ccc(F)cc3)[nH]2)cc1,1
ZINC03815617,DUD_p38_A_102,CC(c1ccc(-c2nc(-c3ccncc3)c(-c3ccc(F)cc3)[nH]2)cc1)N(O)C(N)=O,1
ZINC03832074,DUD_p38_A_103,NC1CCC2C(C3CCNCC3)=C(C3CCC(F)CC3)NC2N1,1
ZINC03833977,DUD_p38_A_104,NC1CCC2C(C3CCCCC3)=C(C3CCCC(I)C3)NC2N1,1
ZINC03833975,DUD_p38_A_105,NC1CCC2C(C3CCCCC3)=C(C3CCC(F)CC3)NC2N1,1
ZINC03833969,DUD_p38_A_106,NC1CCC2C(C3CCCCC3)=C(C3CCCC(Cl)C3)NC2N1,1
ZINC03833971,DUD_p38_A_107,NC1CCC2C(C3CCCCC3)=C(C3CCC(F)C(F)C3)NC2N1,1
ZINC00007453,DUD_p38_A_108,COc1cc(N)nc2[nH]c(-c3ccc(F)cc3)c(-c3ccncc3)c12,1
ZINC03815685,DUD_p38_A_109,COc1cc(N)nc2[nH]c(-c3ccc(F)cc3)c(-c3ccccc3)c12,1
ZINC03834009,DUD_p38_A_110,CN(C)C1CCC2C(C3CCCCC3)=C(C3CCC(F)CC3)NC2N1,1
ZINC03832102,DUD_p38_A_111,CC(=O)Nc1ccc2c(-c3ccccc3)c(-c3ccc(F)cc3)[nH]c2n1,1
ZINC03833984,DUD_p38_A_112,CCOC1CCC(C2=C(C3CCCCC3)C3CCC(N)NC3N2)CC1Cl,1
ZINC03815738,DUD_p38_A_113,OC1(c2nc(-c3ccncc3)c(-c3ccc(F)cc3)[nH]2)CCC1,1
ZINC03815692,DUD_p38_A_114,Nc1nccc(-c2c(-c3ccc(F)cc3)ncn2C2CC[NH2+]CC2)n1,1
ZINC00602269,DUD_p38_A_115,COc1nccc(-c2c(-c3ccc(F)cc3)ncn2C2CCC(O)CC2)n1,1
ZINC03815782,DUD_p38_A_116,C[S@](=O)c1ccccc1-n1cnc(-c2ccc(F)cc2)c1-c1ccncc1,1
ZINC03815774,DUD_p38_A_117,C[S@](=O)c1cccc(-n2cnc(-c3ccc(F)cc3)c2-c2ccncc2)c1,1
ZINC03815784,DUD_p38_A_118,C[S@@](=O)c1ccc(-n2cnc(-c3ccc(F)cc3)c2-c2ccncc2)cc1,1
ZINC03810104,DUD_p38_A_119,Fc1ccc(-c2ncn(CCC[NH+]3CCCC3)c2-c2ccncc2)cc1,1
ZINC03815785,DUD_p38_A_120,Fc1ccc(-c2ncn(CC[NH+]3CCOCC3)c2-c2ccncc2)cc1,1
ZINC03815745,DUD_p38_A_121,Fc1ccc(-c2ncn(CCC[NH+]3CCOCC3)c2-c2ccncn2)cc1,1
ZINC03810097,DUD_p38_A_122,Fc1ccc(-c2ncn(CCC[NH+]3CCOCC3)c2-c2ccncc2)cc1,1
ZINC03815744,DUD_p38_A_123,Clc1cccc(-c2ncn(CCC[NH+]3CCOCC3)c2-c2ccncc2)c1,1
ZINC03815769,DUD_p38_A_124,Nc1nccc(-c2c(-c3ccc(F)cc3)ncn2CCC[NH+]2CCOCC2)n1,1
ZINC03815751,DUD_p38_A_125,CSc1cccc(-c2ncn(CCC[NH+]3CCOCC3)c2-c2ccncc2)c1,1
ZINC03815754,DUD_p38_A_126,Clc1ccc(-c2ncn(CCC[NH+]3CCOCC3)c2-c2ccncc2)cc1Cl,1
ZINC03815753,DUD_p38_A_127,COc1nccc(-c2c(-c3ccc(F)cc3)ncn2CCC[NH+]2CCOCC2)n1,1
ZINC03815764,DUD_p38_A_128,FC(F)(F)c1cccc(-c2ncn(CCC[NH+]3CCOCC3)c2-c2ccncc2)c1,1
ZINC03815765,DUD_p38_A_129,CC(=O)Nc1nccc(-c2c(-c3ccc(F)cc3)ncn2CCC[NH+]2CCOCC2)n1,1
ZINC03815768,DUD_p38_A_130,Fc1ccc(-c2ncn(CCCC[NH+]3CCOCC3)c2-c2ccncc2)cc1,1
ZINC03815713,DUD_p38_A_131,Fc1ccc(-c2ncn(CCCOc3ccccc3)c2-c2ccncc2)cc1,1
ZINC03815778,DUD_p38_A_132,O=[S@@](CCCn1cnc(-c2ccc(F)cc2)c1-c1ccncc1)c1ccccc1,1
ZINC03810102,DUD_p38_A_133,Fc1ccc(-c2ncn(CCC[NH2+]Cc3ccccc3)c2-c2ccncc2)cc1,1
ZINC03810103,DUD_p38_A_134,C[NH+](CCCn1cnc(-c2ccc(F)cc2)c1-c1ccncc1)Cc1ccccc1,1
ZINC04617903,DUD_p38_A_135,Oc1nc(-c2ccc(-c3nc(-c4ccc(F)cc4)c(-c4ccncc4)[nH]3)cc2)no1,1
ZINC03815762,DUD_p38_A_136,Fc1ccc(-c2ncn(C3CCN(Cc4ccccc4)CC3)c2-c2ccncc2)cc1,1
ZINC03794499,DUD_p38_A_137,Fc1ccc(-c2nc(-c3ccc(C[NH+]4CCOCC4)cc3)[nH]c2-c2ccncc2)cc1,1
ZINC00003533,DUD_p38_D_1,Nc1nc(-c2ccccn2)c(-c2ccnc(-c3ccc(F)cc3)c2)s1,0
ZINC00003559,DUD_p38_D_2,O=C(N[C@H]1CCc2ccccc2C1)c1cncc(-c2cccs2)c1,0
ZINC00003613,DUD_p38_D_3,O=C(/C=C/c1ccccc1)N1CCn2ncc(-c3ccc(F)cc3)c2N1,0
ZINC00006437,DUD_p38_D_4,O=C([C@@H]1CCc2[nH]cnc2C1)N1C[C@H](c2ccccc2)c2ccccc21,0
ZINC00006643,DUD_p38_D_5,Clc1ccc2c(c1)N=C(NCc1cccnc1)c1ccccc1N2,0
ZINC00009076,DUD_p38_D_6,CSc1nc(-c2ccccc2)c2c(n1)N(c1ccccc1)C(=O)NC2,0
ZINC00009339,DUD_p38_D_7,Clc1ccc(Nc2cc(-c3c[nH]nc3-c3ccccn3)ccn2)cc1,0
ZINC00009339,DUD_p38_D_8,Clc1ccc(Nc2cc(-c3cn[nH]c3-c3ccccn3)ccn2)cc1,0
ZINC00010040,DUD_p38_D_9,O=C(Nc1cc(-c2ccc(Cl)cc2)[nH]n1)[C@@H]1CCc2ccccc21,0
ZINC00010040,DUD_p38_D_10,O=C(Nc1cc(-c2ccc(Cl)cc2)n[nH]1)[C@@H]1CCc2ccccc21,0
ZINC00014473,DUD_p38_D_11,Cc1ccccc1-c1csc(NC(=O)c2cc3ccccc3[nH]2)n1,0
ZINC00014474,DUD_p38_D_12,COc1ccccc1-c1csc(NC(=O)c2cc3ccccc3[nH]2)n1,0
ZINC00014805,DUD_p38_D_13,CC1(C)C(=O)Nc2ccc(-c3cnc(-c4ccc(Cl)cc4)[nH]3)cc21,0
ZINC00014805,DUD_p38_D_14,CC1(C)C(=O)Nc2ccc(-c3c[nH+]c(-c4ccc(Cl)cc4)[nH]3)cc21,0
ZINC00021916,DUD_p38_D_15,Clc1ccc2c(c1)N=C(NCCc1cccnc1)c1ccccc1N2,0
ZINC00021917,DUD_p38_D_16,Clc1ccc2c(c1)N=C(NCCn1ccnc1)c1ccccc1N2,0
ZINC00021917,DUD_p38_D_17,Clc1ccc2c(c1)N=C(NCCn1cc[nH+]c1)c1ccccc1N2,0
ZINC00021917,DUD_p38_D_18,Clc1ccc2c(c1)N=C(NCCn1cc[nH+]c1)c1ccccc1N2,0
ZINC00023707,DUD_p38_D_19,O=C(Nc1cccc(Cl)c1)OCc1ccc(Cc2cnc[nH]2)cc1,0
ZINC00023707,DUD_p38_D_20,O=C(Nc1cccc(Cl)c1)OCc1ccc(Cc2c[nH]c[nH+]2)cc1,0
ZINC00028435,DUD_p38_D_21,O=C(Nc1cnn(Cc2ccc(F)cc2)c1)[C@@H]1C[C@H]1c1ccccc1,0
ZINC00028436,DUD_p38_D_22,O=C(Nc1cnn(Cc2ccc(F)cc2)c1)[C@@H]1C[C@H]1c1ccccc1,0
ZINC00033020,DUD_p38_D_23,CSc1nc(C)c(C(=O)Nc2ccccc2)c(-c2ccco2)c1C#N,0
ZINC00034428,DUD_p38_D_24,O=C1C[C@@H](c2ccc(F)cc2)Cc2nc(NCc3ccccc3)ncc21,0
ZINC00034429,DUD_p38_D_25,O=C1C[C@@H](c2ccc(F)cc2)Cc2nc(NCc3ccccc3)ncc21,0
ZINC00035049,DUD_p38_D_26,Cc1cccc(N2C[C@@H](C(=O)Nc3ccc(Cl)cc3)CC2=O)c1C,0
ZINC00035371,DUD_p38_D_27,O=C(NC1CCC(NC(=O)c2ccccc2F)CC1)c1ccccc1,0
ZINC00037845,DUD_p38_D_28,Cc1ccc(NC(=O)c2ccccc2-c2[nH]c3ccccc3[nH+]2)cc1C,0
ZINC00038066,DUD_p38_D_29,CC(=O)c1nn(-c2ccc(C)cc2)c(N)c1-c1nc2ccccc2s1,0
ZINC00044408,DUD_p38_D_30,Cc1c(NC(=S)Nc2ccccc2)c(=O)n(-c2ccccc2)n1C,0
ZINC00044933,DUD_p38_D_31,Cc1nn(-c2ccccc2)c2sc(C(=O)NCc3ccccc3)cc12,0
ZINC00046988,DUD_p38_D_32,CC(=O)Nc1ccc(-c2cn3nc(-c4ccc(C)cc4)sc3n2)cc1,0
ZINC00046988,DUD_p38_D_33,CC(=O)Nc1ccc(-c2cn3nc(-c4ccc(C)cc4)sc3[nH+]2)cc1,0
ZINC00047131,DUD_p38_D_34,COC(=O)NC(=S)N1N=C(c2ccccc2)C[C@H]1c1ccccc1,0
ZINC00047132,DUD_p38_D_35,COC(=O)NC(=S)N1N=C(c2ccccc2)C[C@@H]1c1ccccc1,0
ZINC00048925,DUD_p38_D_36,Cc1ccc(NC(=O)c2cc3c(C)nn(-c4ccccc4)c3s2)cc1,0
ZINC00051853,DUD_p38_D_37,Cc1cccc(NC(=O)CSc2ncc(-c3ccccc3)[nH]2)c1C,0
ZINC00051853,DUD_p38_D_38,Cc1cccc(NC(=O)CSc2[nH]cc(-c3ccccc3)[nH+]2)c1C,0
ZINC00053779,DUD_p38_D_39,C[C@]1(CC(=O)Nc2ccccc2)NC(=S)N(c2ccccc2)N1,0
ZINC00058903,DUD_p38_D_40,Cc1ccc(C(=O)N/N=C\c2ccc(-c3ccc(Cl)cc3)o2)cn1,0
ZINC00060171,DUD_p38_D_41,Cc1ccccc1N1C[C@@H](C(=O)Nc2ccc3ccccc3c2)CC1=O,0
ZINC00062092,DUD_p38_D_42,Cc1c(/N=C/c2cc(Cl)ccc2O)c(=O)n(-c2ccccc2)n1C,0
ZINC00063384,DUD_p38_D_43,Cc1ccc2nc(-c3ccc(NC(=O)c4cccnc4)cc3)sc2c1,0
ZINC00064281,DUD_p38_D_44,Cc1nn(-c2ccccc2)c(O)c1/C=N/NC(=O)c1cccc(F)c1,0
ZINC00064522,DUD_p38_D_45,Cc1ccn2c(NC(=O)c3ccc(F)cc3)c(-c3ccccc3)[nH+]c2c1,0
ZINC00064694,DUD_p38_D_46,Cc1cccc(NC(=O)c2ccccc2NC(=O)c2ccccc2F)c1,0
ZINC00066695,DUD_p38_D_47,CC1=C(C(=O)Nc2ccccc2)[C@H](c2ccc(F)cc2)n2ncnc2N1,0
ZINC00066699,DUD_p38_D_48,CC1=C(C(=O)Nc2ccccc2)[C@H](c2ccc(F)cc2)n2ncnc2N1,0
ZINC00067119,DUD_p38_D_49,Cc1nn(-c2ccccc2)c2sc(C(=O)NCc3cccnc3)cc12,0
ZINC00067304,DUD_p38_D_50,O=C(Nc1ccc(-c2nc3ccccc3[nH]2)cc1)c1c(F)cccc1F,0
ZINC00067304,DUD_p38_D_51,O=C(Nc1ccc(-c2[nH]c3ccccc3[nH+]2)cc1)c1c(F)cccc1F,0
ZINC00068411,DUD_p38_D_52,Cc1ccc(-n2nc3cc(C)c(NC(=O)c4ccccc4)cc3n2)cc1,0
ZINC00068524,DUD_p38_D_53,O=C(Nc1ccc(-c2[nH]c3ccccc3[nH+]2)cc1)c1ccccc1Cl,0
ZINC00070733,DUD_p38_D_54,CC(=O)Nc1ccc(Nc2nc(-c3ccc(F)c(C)c3)cs2)cc1,0
ZINC00073314,DUD_p38_D_55,C/C(=N/NC(=O)c1cc(-c2ccc(C)o2)n[nH]1)c1ccc(Cl)cc1,0
ZINC00073314,DUD_p38_D_56,C/C(=N/NC(=O)c1cc(-c2ccc(C)o2)[nH]n1)c1ccc(Cl)cc1,0
ZINC00076804,DUD_p38_D_57,Cc1ccc(-n2nc3ccc(NC(=O)c4ccccc4F)cc3n2)cc1,0
ZINC00081340,DUD_p38_D_58,Cc1ccc2nc(NC(=O)c3c(-c4ccccc4)noc3C)sc2c1,0
ZINC00095744,DUD_p38_D_59,CN(C)c1ccc([C@H]2C=C(c3ccc(F)cc3)Nc3ncnn32)cc1,0
ZINC00095748,DUD_p38_D_60,CN(C)c1ccc([C@H]2C=C(c3ccc(F)cc3)Nc3ncnn32)cc1,0
ZINC00096497,DUD_p38_D_61,Cc1ccc(NC(=O)c2cc3c(=O)oc4ccccc4c3s2)cc1C,0
ZINC00096544,DUD_p38_D_62,Cc1ccccc1NC(=O)c1cc2c(C)nn(-c3ccccc3)c2s1,0
ZINC00097934,DUD_p38_D_63,Cc1ccc2[nH]c(SCC(=O)Nc3ccc4ccccc4c3)[nH+]c2c1,0
ZINC00105017,DUD_p38_D_64,Nc1nc(N2CCCCC2)nc(N(c2ccccc2)c2ccccc2)n1,0
ZINC00108730,DUD_p38_D_65,Cc1ccc(C(=O)Nc2cccc(-c3nc4ncccc4o3)c2)cc1C,0
ZINC00108735,DUD_p38_D_66,Cc1ccc(C(=O)Nc2ccc(-c3nc4ncccc4o3)cc2)cc1C,0
ZINC00109141,DUD_p38_D_67,COC(=O)[C@@H]1C(=O)C=C(Nc2ccc(F)cc2)C[C@@H]1c1ccccc1,0
ZINC00109147,DUD_p38_D_68,COC(=O)[C@H]1C(=O)C=C(Nc2ccc(F)cc2)C[C@@H]1c1ccccc1,0
ZINC00109647,DUD_p38_D_69,Oc1ccccc1N1CCN(C(=S)NCc2ccccc2)CC1,0
ZINC00109653,DUD_p38_D_70,Oc1ccc(N2CCN(C(=S)NCCc3ccccc3)CC2)cc1,0
ZINC00109657,DUD_p38_D_71,Cc1ccc(NC(=S)N2CCN(c3ccc(O)cc3)CC2)cc1,0
ZINC00110066,DUD_p38_D_72,O=C(NC(=S)NNc1ncccc1-n1cccc1)c1ccccc1,0
ZINC00110101,DUD_p38_D_73,CC(C)(C)c1ccc(C(=O)NNc2ncccc2-n2cccc2)cc1,0
ZINC00111659,DUD_p38_D_74,CC(=O)c1ccc(NC(=S)N2CCN(c3cccc[nH+]3)CC2)cc1,0
ZINC00111716,DUD_p38_D_75,CCOC(=O)Nc1cccc2ccc(-c3cnc4ccccc4c3)nc12,0
ZINC00115179,DUD_p38_D_76,CC(C)(C)c1ccc(C(=O)NNC(=S)Nc2ccccc2)cc1,0
ZINC00122455,DUD_p38_D_77,Cc1ccc(-c2nc3ncccc3o2)cc1NC(=O)c1ccc(F)cc1,0
ZINC00122462,DUD_p38_D_78,Cc1ccc(-c2nc3ncccc3o2)cc1NC(=O)c1ccccc1F,0
ZINC00124860,DUD_p38_D_79,O=C(Cc1cccc2ccccc12)NNC(=S)Nc1ccccc1,0
ZINC00127318,DUD_p38_D_80,COc1ccc(NC(=O)c2c(N)sc(-c3ccccc3)c2C)cc1,0
ZINC00131122,DUD_p38_D_81,Cc1nccc(-c2cccc(NC(=O)c3nc4ccccc4s3)c2)n1,0
ZINC00132180,DUD_p38_D_82,NC1=C(c2nc3ccccc3s2)C(=O)CN1CCc1ccccc1,0
ZINC00132190,DUD_p38_D_83,CCc1ccccc1N1CC(=O)C(c2nc3ccccc3s2)=C1N,0
ZINC00132192,DUD_p38_D_84,CCc1ccc(N2CC(=O)C(c3nc4ccccc4s3)=C2N)cc1,0
ZINC00134344,DUD_p38_D_85,COC(=O)c1ccc(NC(=S)Nc2ccc3ccccc3c2)cc1,0
ZINC00134468,DUD_p38_D_86,COC(=O)c1cccc(NC(=S)N[C@@H](C)c2ccc(Cl)cc2)c1,0
ZINC00146397,DUD_p38_D_87,Cc1c(C(=O)NC2Cc3ccccc3C2)cnn1-c1ccc(F)cc1,0
ZINC00147475,DUD_p38_D_88,Cc1ccc(NNC(=O)c2c(-c3ccccc3)noc2C)cc1Cl,0
ZINC00147521,DUD_p38_D_89,Cc1cc(Cl)ccc1NNC(=O)c1c(-c2ccccc2)noc1C,0
ZINC00148404,DUD_p38_D_90,Cc1ccc2nc(-c3ccc(NC(=O)c4cc(C)on4)cc3)sc2c1,0
ZINC00154470,DUD_p38_D_91,CNC(=S)NNC(=O)CN1c2ccccc2Sc2ccccc21,0
ZINC00156944,DUD_p38_D_92,CC(=O)Oc1cc(C(=O)Nc2ccc(Cl)cc2)cc2ccccc12,0
ZINC00168916,DUD_p38_D_93,Cc1ccc(-n2nc3cc(C)c(NC(=O)c4cccs4)cc3n2)cc1,0
ZINC00169973,DUD_p38_D_94,CCOC(=O)c1ccc(NC(=S)N2CCc3ccccc3C2)cc1,0
ZINC00170904,DUD_p38_D_95,Cc1cc2nn(-c3ccccc3)nc2cc1NC(=O)c1cccs1,0
ZINC00172785,DUD_p38_D_96,Cc1ccccc1C(=O)Nc1ccc(NC(=O)c2cccs2)cc1,0
ZINC00172789,DUD_p38_D_97,Cc1cccc(C(=O)Nc2ccc(NC(=O)c3cccs3)cc2)c1,0
ZINC00172798,DUD_p38_D_98,Cc1ccc(C(=O)Nc2ccc(NC(=O)c3cccs3)cc2)cc1,0
ZINC00178936,DUD_p38_D_99,Cc1cccc(-c2cc(C(=O)Nc3nccs3)c3ccccc3n2)c1,0
ZINC00181545,DUD_p38_D_100,CC1=C(C(=O)Nc2ccccc2)[C@H](c2ccccc2O)NC(=S)N1,0
ZINC00181547,DUD_p38_D_101,CC1=C(C(=O)Nc2ccccc2)[C@@H](c2ccccc2O)NC(=S)N1,0
ZINC00181549,DUD_p38_D_102,CC1=C(C(=O)Nc2ccccc2)[C@@H](c2cccc(O)c2)NC(=S)N1,0
ZINC00184267,DUD_p38_D_103,CC[C@@H](C(=O)Nc1nnc(-c2ccccc2F)s1)c1ccccc1,0
ZINC00184338,DUD_p38_D_104,Cc1ccc(C(=O)Nc2cccc(-c3nc4ncccc4o3)c2C)cc1,0
ZINC00187505,DUD_p38_D_105,Cc1ccc(-c2nc3ccccc3s2)cc1NC(=O)c1cccnc1,0
ZINC00189404,DUD_p38_D_106,Cc1ccc(C(=O)Nc2c3c(nn2-c2ccccc2)CSC3)cc1,0
ZINC00189405,DUD_p38_D_107,O=C(Cc1ccccc1)Nc1c2c(nn1-c1ccccc1)CSC2,0
ZINC00193867,DUD_p38_D_108,Cc1ccc([C@@H]2CC(=O)c3cnc(NCc4ccccc4)nc3C2)cc1,0
ZINC00193870,DUD_p38_D_109,Cc1ccc([C@@H]2CC(=O)c3cnc(NCc4ccccc4)nc3C2)cc1,0
ZINC00193874,DUD_p38_D_110,O=C1C[C@H](c2cccs2)Cc2nc(NCc3ccccc3)ncc21,0
ZINC00193877,DUD_p38_D_111,O=C1C[C@@H](c2cccs2)Cc2nc(NCc3ccccc3)ncc21,0
ZINC00194715,DUD_p38_D_112,S=C(NCc1ccccc1)Nc1ccc(Cc2ccncc2)cc1,0
ZINC00198425,DUD_p38_D_113,Cc1nn(-c2ccccc2)c2sc(C(=O)NCc3ccco3)cc12,0
ZINC00200539,DUD_p38_D_114,O=C(NCc1ccccn1)c1cc(-c2cccs2)nc2ccccc12,0
ZINC00200541,DUD_p38_D_115,O=C(NCc1cccnc1)c1cc(-c2cccs2)nc2ccccc12,0
ZINC00203124,DUD_p38_D_116,Cc1cccc2nc(-c3cccc(NC(=O)c4cccs4)c3)cn12,0
ZINC00203124,DUD_p38_D_117,Cc1cccc2[nH+]c(-c3cccc(NC(=O)c4cccs4)c3)cn12,0
ZINC00203135,DUD_p38_D_118,Cc1cccn2cc(-c3cccc(NC(=O)c4cccs4)c3)nc12,0
ZINC00203135,DUD_p38_D_119,Cc1cccn2cc(-c3cccc(NC(=O)c4cccs4)c3)[nH+]c12,0
ZINC00203496,DUD_p38_D_120,COc1cccc(C(=O)Nc2cccc(-c3cn4ccsc4n3)c2)c1,0
ZINC00203496,DUD_p38_D_121,COc1cccc(C(=O)Nc2cccc(-c3cn4ccsc4[nH+]3)c2)c1,0
ZINC00203502,DUD_p38_D_122,COc1ccccc1C(=O)Nc1cccc(-c2cn3ccsc3n2)c1,0
ZINC00203502,DUD_p38_D_123,COc1ccccc1C(=O)Nc1cccc(-c2cn3ccsc3[nH+]2)c1,0
ZINC00205883,DUD_p38_D_124,COc1ccc([C@@H]2C[C@@H](c3ccccc3Cl)n3ncnc3N2)cc1,0
ZINC00205944,DUD_p38_D_125,Cc1nc(Nc2nc3ccccc3s2)nc(-c2ccccc2)c1C#N,0
ZINC00208104,DUD_p38_D_126,Cc1nc(C(=O)Nc2ccc(Cl)cc2)cc2c1[nH]c1ccccc12,0
ZINC00208690,DUD_p38_D_127,Cc1nn2c(N)c(-c3ccccc3)cnc2c1-c1ccc(Cl)cc1,0
ZINC00209418,DUD_p38_D_128,Cc1cccc(NC(=O)c2cc3c(C)nn(-c4ccccc4)c3s2)c1,0
ZINC00211075,DUD_p38_D_129,Nc1c(C(=O)NCc2ccccc2)sc(=S)n1-c1ccccc1,0
ZINC00216273,DUD_p38_D_130,Cc1ccc(-n2cnc3cc(C(=O)NCc4ccco4)ccc32)c(C)c1,0
ZINC00222187,DUD_p38_D_131,COc1ccccc1[C@@H]1C[C@@H](c2ccc(Cl)cc2)Nc2ncnn21,0
ZINC00222192,DUD_p38_D_132,COc1ccccc1[C@@H]1C[C@@H](c2ccc(Cl)cc2)Nc2ncnn21,0
ZINC00222200,DUD_p38_D_133,COc1ccc([C@H]2C[C@H](c3ccc(Cl)cc3)n3ncnc3N2)cc1,0
ZINC00222294,DUD_p38_D_134,COc1ccccc1[C@@H]1C=C(c2ccc(Cl)cc2)Nc2ncnn21,0
ZINC00222506,DUD_p38_D_135,COc1cccc([C@H]2C[C@@H](c3ccccc3Cl)n3ncnc3N2)c1,0
ZINC00223744,DUD_p38_D_136,O=C(Nc1ccc(F)cc1)[C@@H]1CCCN1C(=O)OCc1ccccc1,0
ZINC00223922,DUD_p38_D_137,O=C(NCc1cccnc1)c1ccc2c(c1)ncn2-c1cccc(F)c1,0
ZINC00223936,DUD_p38_D_138,Cc1nc2cc(C(=O)NCc3ccco3)ccc2n1-c1cccc(F)c1,0
ZINC00223936,DUD_p38_D_139,Cc1[nH+]c2cc(C(=O)NCc3ccco3)ccc2n1-c1cccc(F)c1,0
ZINC00226587,DUD_p38_D_140,Oc1ccc(Cl)cc1/C=N\c1ccc(-c2nc3ncccc3o2)cc1,0
ZINC00229606,DUD_p38_D_141,Cc1ccc(/C=N/NC(=O)c2cc(-c3ccc(Cl)cc3)n[nH]2)cc1,0
ZINC00229608,DUD_p38_D_142,Cc1ccc(/C=N\NC(=O)c2cc(-c3ccc(Cl)cc3)n[nH]2)cc1,0
ZINC00229711,DUD_p38_D_143,Cc1c(-c2ccccc2)n[nH]c1C(=O)N/N=C/c1ccc(Cl)cc1,0
ZINC00229712,DUD_p38_D_144,Cc1c(-c2ccccc2)n[nH]c1C(=O)N/N=C\c1ccc(Cl)cc1,0
ZINC00232801,DUD_p38_D_145,Cc1ccc(/C=N\NC(=O)c2cc(-c3ccccc3Cl)n[nH]2)cc1,0
ZINC00232803,DUD_p38_D_146,Cc1ccc(/C=N\NC(=O)c2cc(-c3ccccc3Cl)n[nH]2)cc1,0
ZINC00233551,DUD_p38_D_147,O=C1[C@H]2[C@@H](c3ccccc3)C=C[C@H](c3ccccc3)[C@@H]2C(=O)N1CCO,0
ZINC00235783,DUD_p38_D_148,C[C@H]1Nc2ccccc2-c2nnc(SCc3ccccc3)nc2O1,0
ZINC00237457,DUD_p38_D_149,Cc1ccc(NC(=O)c2cccs2)cc1NC(=O)c1ccccc1,0
ZINC00247382,DUD_p38_D_150,Cc1nn(-c2ccccc2)c(Cl)c1/C=N\NC(=O)c1ccccc1,0
ZINC00250149,DUD_p38_D_151,Cc1onc(-c2c(F)cccc2Cl)c1C(=O)NCc1ccccc1,0
ZINC00252339,DUD_p38_D_152,COc1ccc(Cl)cc1N1C[C@H](c2nc3ccccc3[nH]2)CC1=O,0
ZINC00252339,DUD_p38_D_153,COc1ccc(Cl)cc1N1C[C@@H](c2[nH]c3ccccc3[nH+]2)CC1=O,0
ZINC00256269,DUD_p38_D_154,Cc1ccc(Cl)cc1-c1ccc(/C=N/NC(=O)c2ccncc2)o1,0
ZINC00259354,DUD_p38_D_155,O=C(Nc1ccc(Cl)cc1)[C@@H]1CCCN1C(=O)Oc1ccccc1,0
ZINC00259357,DUD_p38_D_156,O=C(Nc1ccc(Cl)cc1)[C@@H]1CCCN1C(=O)Oc1ccccc1,0
ZINC00263779,DUD_p38_D_157,Cc1ccc(-c2cc(C(=O)N/N=C\c3cccc(Cl)c3)[nH]n2)cc1,0
ZINC00263783,DUD_p38_D_158,Cc1ccc(-c2cc(C(=O)N/N=C\c3cccc(Cl)c3)[nH]n2)cc1,0
ZINC00263783,DUD_p38_D_159,Cc1ccc(-c2cc(C(=O)N/N=C/c3cccc(Cl)c3)n[nH]2)cc1,0
ZINC00267835,DUD_p38_D_160,Cc1nc(C(=O)Nc2ccccc2Cl)cc2c1[nH]c1ccccc12,0
ZINC00269522,DUD_p38_D_161,O=C(Nc1ccccc1Cl)C1CCN(C(=O)c2cccs2)CC1,0
ZINC00269549,DUD_p38_D_162,Cc1cccc(C(=O)Nc2nnc(Cc3c[nH]c4ccccc34)s2)c1,0
ZINC00272932,DUD_p38_D_163,Cc1ccc(-c2nnc(SCC(=O)Nc3ccc(F)cc3)o2)cc1,0
ZINC00273347,DUD_p38_D_164,Cc1ccc(Cn2c(NC(=O)c3cccs3)nc3ccccc32)cc1,0
ZINC00279346,DUD_p38_D_165,Cn1c(SCC(=O)Nc2ccccc2F)nnc1-c1ccccc1,0
ZINC00282194,DUD_p38_D_166,CC(=O)c1ccc(N2CCN(C(=S)Nc3ccccc3)CC2)cc1,0
ZINC00289536,DUD_p38_D_167,CSc1nnc(-c2ccccc2)n1/N=C/c1c[nH]c2ccccc12,0
ZINC00290115,DUD_p38_D_168,O=C(Nc1ccc2ccccc2c1)[C@H]1CC(=O)N(c2ccc(F)cc2)C1,0
ZINC00290118,DUD_p38_D_169,O=C(Nc1ccc2ccccc2c1)[C@H]1CC(=O)N(c2ccc(F)cc2)C1,0
ZINC00294850,DUD_p38_D_170,Cc1c(NC(=O)c2cccc(F)c2)cccc1-c1nc2ncccc2o1,0
ZINC00294855,DUD_p38_D_171,Cc1c(NC(=O)c2ccc(F)cc2)cccc1-c1nc2ncccc2o1,0
ZINC00295525,DUD_p38_D_172,Cn1nc(C(=O)N/N=C\c2ccc(Cl)cc2)cc1-c1ccccc1,0
ZINC00295527,DUD_p38_D_173,Cn1nc(C(=O)N/N=C\c2ccc(Cl)cc2)cc1-c1ccccc1,0
ZINC00298344,DUD_p38_D_174,Cc1cccc(C(=O)Nc2cccc(-c3nc4ncccc4o3)c2C)c1,0
ZINC00303170,DUD_p38_D_175,S=C(Nc1ccc2nccnc2c1)N1CC[C@@H](c2ccccc2)C1,0
ZINC00303172,DUD_p38_D_176,S=C(Nc1ccc2nccnc2c1)N1CC[C@H](c2ccccc2)C1,0
ZINC00304220,DUD_p38_D_177,Cc1onc(-c2ccccc2Cl)c1C(=O)NCCc1ccccc1,0
ZINC00309441,DUD_p38_D_178,CCC(=O)Nc1cccc(NC(=S)NC(=O)c2ccccc2C)c1,0
ZINC00309446,DUD_p38_D_179,CCC(=O)Nc1ccc(NC(=S)NC(=O)c2ccccc2C)cc1,0
ZINC00310240,DUD_p38_D_180,O=C(Nc1ccccc1Cl)C1CCN(C(=O)c2ccccc2)CC1,0
ZINC00310600,DUD_p38_D_181,Cc1nc(Nc2ccccc2Cl)sc1C(=O)Nc1ccccc1,0
ZINC00311124,DUD_p38_D_182,CC(=O)Nc1ccc(-c2cn3nc(-c4ccccc4)sc3n2)cc1,0
ZINC00311124,DUD_p38_D_183,CC(=O)Nc1ccc(-c2cn3nc(-c4ccccc4)sc3[nH+]2)cc1,0
ZINC00312379,DUD_p38_D_184,Cc1ccc2oc(-c3ccc(NC(=O)Cc4cccs4)cc3)nc2c1,0
ZINC00312768,DUD_p38_D_185,CSc1ccc([C@H]2Nc3ccccc3C(=O)N2c2ccccc2)cc1,0
ZINC00312770,DUD_p38_D_186,CSc1ccc([C@@H]2Nc3ccccc3C(=O)N2c2ccccc2)cc1,0
ZINC00317993,DUD_p38_D_187,Cc1cc(-c2ccccc2)nc2cc(C(=O)NCc3cccs3)nn12,0
ZINC00321735,DUD_p38_D_188,O=C(Nc1ccc(-c2csc(N3CCCC3)n2)cc1)c1ccco1,0
ZINC00321790,DUD_p38_D_189,CNc1nc(-c2ccc(NC(=O)c3ccc(OC)cc3)cc2)cs1,0
ZINC00321793,DUD_p38_D_190,CNc1nc(-c2cccc(NC(=O)c3ccc(Cl)cc3)c2)cs1,0
ZINC00321795,DUD_p38_D_191,CNc1nc(-c2cccc(NC(=O)c3ccc(C)cc3)c2)cs1,0
ZINC00321798,DUD_p38_D_192,CCc1ccc(C(=O)Nc2cccc(-c3csc(NC)n3)c2)cc1,0
ZINC00321799,DUD_p38_D_193,CNc1nc(-c2cccc(NC(=O)[C@@H]3C[C@H]3c3ccccc3)c2)cs1,0
ZINC00321800,DUD_p38_D_194,CNc1nc(-c2cccc(NC(=O)[C@H]3C[C@@H]3c3ccccc3)c2)cs1,0
ZINC00321802,DUD_p38_D_195,CNc1nc(-c2cccc(NC(=O)c3ccccc3OC)c2)cs1,0
ZINC00321806,DUD_p38_D_196,CC(=O)Nc1ccc(-c2csc(Nc3ccccc3Cl)n2)cc1,0
ZINC00321912,DUD_p38_D_197,CCNc1nc(-c2ccc(NC(=O)c3ccc(F)cc3)cc2)cs1,0
ZINC00321916,DUD_p38_D_198,CCNc1nc(-c2ccc(NC(=O)c3ccccc3C)cc2)cs1,0
ZINC00321917,DUD_p38_D_199,CCNc1nc(-c2cccc(NC(=O)c3ccccc3)c2)cs1,0
ZINC00321918,DUD_p38_D_200,CCNc1nc(-c2cccc(NC(=O)c3ccc(F)cc3)c2)cs1,0
ZINC00321925,DUD_p38_D_201,CCNc1nc(-c2cccc(NC(=O)c3ccccc3C)c2)cs1,0
ZINC00321927,DUD_p38_D_202,CCNc1nc(-c2cccc(NC(=O)c3ccccc3F)c2)cs1,0
ZINC00321936,DUD_p38_D_203,CCC(=O)Nc1cccc(-c2csc(Nc3cccc(C)c3)n2)c1,0
ZINC00321941,DUD_p38_D_204,CCC(=O)Nc1ccc(-c2csc(Nc3cccc(F)c3)n2)cc1,0
ZINC00323965,DUD_p38_D_205,O=C(NC1CC1)c1cc(-c2ccccc2)nn1-c1ccc(Cl)cc1,0
ZINC00340483,DUD_p38_D_206,Cc1[nH]c2ccccc2c1[C@@H]1C(c2ccccc2)=NN=C(C(C)C)N1O,0
ZINC00340540,DUD_p38_D_207,CCC1=NN=C(c2ccc(F)cc2)[C@H](c2c[nH]c3ccccc23)N1O,0
ZINC00341049,DUD_p38_D_208,C#CCN1N=C(c2ccc(NC(=O)c3ccccc3)cc2)CSC1=O,0
ZINC00341054,DUD_p38_D_209,CC(=O)Nc1ccc(C2=NN(Cc3ccccc3)C(=O)SC2)cc1,0
ZINC00342003,DUD_p38_D_210,CCCC(=O)NC(=S)Nc1ccc2nn(-c3ccccc3)nc2c1,0
ZINC00342521,DUD_p38_D_211,Cc1ccc(-c2ccc(/C=N\NC(=O)c3cccnc3)o2)cc1Cl,0
ZINC00344155,DUD_p38_D_212,Cc1nc(C(=O)Nc2cccc(Cl)c2)cc2c1[nH]c1ccccc12,0
ZINC00345003,DUD_p38_D_213,CSc1nnc2c(n1)O[C@@H](/C=C/c1ccccc1)Nc1ccccc1-2,0
ZINC00345007,DUD_p38_D_214,CSc1nnc2c(n1)O[C@@H](/C=C/c1ccccc1)Nc1ccccc1-2,0
ZINC00346490,DUD_p38_D_215,O=C(NC(=S)N(Cc1ccccc1)c1ccccc1)c1cccnc1,0
ZINC00350171,DUD_p38_D_216,Cn1cccc1-c1nc2ccc(NC(=O)c3cccs3)cc2[nH]1,0
ZINC00350171,DUD_p38_D_217,Cn1cccc1-c1[nH]c2ccc(NC(=O)c3cccs3)cc2[nH+]1,0
ZINC00356577,DUD_p38_D_218,COC(=O)c1cn(CC(=O)Nc2ccc(Cl)cc2)c2ccccc12,0
ZINC00358823,DUD_p38_D_219,CC(=O)N(C)c1ccc(NC(=S)NC(=O)c2ccc(F)cc2)cc1,0
ZINC00360424,DUD_p38_D_220,Cc1nnc2sc(-c3ccc(NCc4ccc(F)cc4)cc3)nn12,0
ZINC00360604,DUD_p38_D_221,Cc1ccccc1CNc1ccc(-c2nn3c(C)nnc3s2)cc1,0
ZINC00361380,DUD_p38_D_222,CCC(=O)Nc1ccc(NC(=S)NC(=O)c2ccccc2F)cc1,0
ZINC00365484,DUD_p38_D_223,O=C(Nc1ccccc1Cl)c1cccc(NC(=O)C2CCCC2)c1,0
ZINC00366805,DUD_p38_D_224,Cc1ccc(NC(=O)c2cccs2)cc1NC(=O)c1cccs1,0
ZINC00367903,DUD_p38_D_225,Cc1ccc(-c2nc3ccccc3o2)cc1NC(=O)Cc1cccs1,0
ZINC00367925,DUD_p38_D_226,Cc1ccc2[nH]c(-c3ccc(NC(=O)Cc4cccs4)cc3)[nH+]c2c1,0
ZINC00374374,DUD_p38_D_227,Cc1ccc([C@@H]2C[C@@H]2C(=O)NNC(=S)NCc2ccccc2)cc1,0
ZINC00374379,DUD_p38_D_228,Cc1ccc([C@@H]2C[C@@H]2C(=O)NNC(=S)NCc2ccccc2)cc1,0
ZINC00374498,DUD_p38_D_229,Cc1ccc([C@@H]2C[C@@H]2C(=O)NNC(=S)Nc2ccc(F)cc2)cc1,0
ZINC00374499,DUD_p38_D_230,Cc1ccc([C@H]2C[C@H]2C(=O)NNC(=S)Nc2ccc(F)cc2)cc1,0
ZINC00374500,DUD_p38_D_231,Cc1ccc([C@@H]2C[C@H]2C(=O)NNC(=S)Nc2ccc(F)cc2)cc1,0
ZINC00374699,DUD_p38_D_232,O=C(NNC(=S)NCc1ccccc1)c1csc2ccccc12,0
ZINC00381213,DUD_p38_D_233,CC(=O)c1ccc(NC(=O)c2ccc(-c3ccc(Cl)cc3)o2)cc1,0
ZINC00385349,DUD_p38_D_234,Cc1c(C(=O)N[C@H](C)c2ccc(Cl)cc2)cnn1-c1ccccc1,0
ZINC00385350,DUD_p38_D_235,Cc1c(C(=O)N[C@@H](C)c2ccc(Cl)cc2)cnn1-c1ccccc1,0
ZINC00386498,DUD_p38_D_236,C[C@H](c1ccccc1)N1C(=O)[C@@H](Cc2c[nH]c3ccccc23)NC1=S,0
ZINC00386508,DUD_p38_D_237,CCNC(=S)Nc1ccc(OCc2nc3ccccc3s2)cc1,0
ZINC00387055,DUD_p38_D_238,Cc1ccc(C(=O)Nc2ccc(-c3cn4ccsc4n3)cc2)cc1,0
ZINC00387070,DUD_p38_D_239,O=C(Nc1ccc(-c2cn3cccnc3n2)cc1)c1ccc(Cl)cc1,0
ZINC00387070,DUD_p38_D_240,O=C(Nc1ccc(-c2cn3cccnc3[nH+]2)cc1)c1ccc(Cl)cc1,0
ZINC00387599,DUD_p38_D_241,COc1ccc(-c2cc(N)n(-c3nc(-c4ccccc4)cs3)n2)cc1,0
ZINC00389017,DUD_p38_D_242,Cc1ccc([C@H]2C[C@@H](c3cc(Cl)ccc3O)Nc3ncnn32)cc1,0
ZINC00389020,DUD_p38_D_243,Cc1ccc([C@H]2C[C@@H](c3cc(Cl)ccc3O)Nc3ncnn32)cc1,0
ZINC00390657,DUD_p38_D_244,Cc1ccc(C(=O)Nc2c(-c3cccs3)nc3cc(C)ccn23)cc1,0
ZINC00390657,DUD_p38_D_245,Cc1ccc(C(=O)Nc2c(-c3cccs3)[nH+]c3cc(C)ccn23)cc1,0
ZINC00396057,DUD_p38_D_246,Cc1ccc(-c2nnc(NC[C@H](O)c3ccc(Cl)cc3)s2)cc1,0
ZINC00403530,DUD_p38_D_247,CC(=O)Oc1cc2ccccc2cc1C(=O)Nc1ccc(Cl)cc1,0
ZINC00408908,DUD_p38_D_248,COc1ccc(-c2onc(C)c2-c2cnn(-c3ccccc3)c2)c(O)c1,0
ZINC00410650,DUD_p38_D_249,COc1ccc2c(c1)C(c1ccc(F)cc1)=NNC(c1cccnc1)=N2,0
ZINC00411172,DUD_p38_D_250,CCOc1ccc2c(c1)C(c1ccncc1)=NNC(c1ccccc1)=N2,0
ZINC00411173,DUD_p38_D_251,Cc1ccc(C2=Nc3ccc(F)cc3C(c3ccncc3)=NN2)cc1,0
ZINC00411873,DUD_p38_D_252,Cc1cccc(C)c1NC(=O)CSc1ncc(-c2ccccc2)[nH]1,0
ZINC00411873,DUD_p38_D_253,Cc1cccc(C)c1NC(=O)CSc1[nH]cc(-c2ccccc2)[nH+]1,0
ZINC00411875,DUD_p38_D_254,O=C(CSc1nc(-c2ccccc2)c[nH]1)Nc1cccc(Cl)c1,0
ZINC00411875,DUD_p38_D_255,O=C(CSc1ncc(-c2ccccc2)[nH]1)Nc1cccc(Cl)c1,0
ZINC00411875,DUD_p38_D_256,O=C(CSc1[nH]cc(-c2ccccc2)[nH+]1)Nc1cccc(Cl)c1,0
ZINC00412385,DUD_p38_D_257,CCOc1ccc2c(c1)C(c1cccnc1)=NNC(c1ccccc1)=N2,0
ZINC00412463,DUD_p38_D_258,CCc1ccc2c(c1)C(c1cccs1)=NNC(c1ccncc1)=N2,0
ZINC00412464,DUD_p38_D_259,CC(C)c1ccc2c(c1)C(c1ccncc1)=NNC(c1cccs1)=N2,0
ZINC00412465,DUD_p38_D_260,CC(C)c1ccc2c(c1)C(c1cccnc1)=NNC(c1cccs1)=N2,0
ZINC00412475,DUD_p38_D_261,Cc1cc2ccccc2n2c(SCC(=O)Nc3ccccc3)nnc12,0
ZINC00413049,DUD_p38_D_262,Cc1nn(-c2ccccc2)c2sc(C(=O)Nc3nccs3)cc12,0
ZINC00413688,DUD_p38_D_263,Cc1cccn2c(NCc3ccc(F)cc3)c(-c3ccc(O)cc3)[nH+]c12,0
ZINC00413701,DUD_p38_D_264,Cc1ccn2c(NCc3ccc(F)cc3)c(-c3ccc(O)cc3)[nH+]c2c1,0
ZINC00414606,DUD_p38_D_265,COC(=O)c1ccc(NC(=S)N[C@H]2CCCc3ccccc32)cc1,0
ZINC00414793,DUD_p38_D_266,Cc1ccc(C(=O)CSc2nnc(-c3c[nH]c4ccccc34)o2)cc1,0
ZINC00416665,DUD_p38_D_267,Cn1c(SCC(=O)Nc2cccc(F)c2)nnc1-c1ccccc1,0
ZINC00416866,DUD_p38_D_268,Cn1c(SCc2cccnc2)nnc1-c1cc2ccccc2cc1O,0
ZINC00417626,DUD_p38_D_269,COc1ccc2cc3cc(C(=O)NCc4ccccn4)sc3nc2c1,0
ZINC00417658,DUD_p38_D_270,Cn1c2ccccc2c2nnc(SCC(=O)Nc3ccccc3)nc21,0
ZINC00418191,DUD_p38_D_271,Cn1c(-c2ccccc2)cnc1SCc1nc2ccccc2c(=O)[nH]1,0
ZINC00418191,DUD_p38_D_272,Cn1c(-c2ccccc2)cnc1SCc1nc(=O)c2ccccc2[nH]1,0
ZINC00418191,DUD_p38_D_273,Cn1c(-c2ccccc2)cnc1SCc1nc(O)c2ccccc2n1,0
ZINC00418191,DUD_p38_D_274,Cn1c(-c2ccccc2)c[nH+]c1SCc1nc2ccccc2c(=O)[nH]1,0
ZINC00418191,DUD_p38_D_275,Cn1c(-c2ccccc2)c[nH+]c1SCc1nc(=O)c2ccccc2[nH]1,0
ZINC00418191,DUD_p38_D_276,Cn1c(-c2ccccc2)c[nH+]c1SCc1nc(O)c2ccccc2n1,0
ZINC00419244,DUD_p38_D_277,Cc1ccccc1OCC(=O)Nc1nc(-c2ccc(F)cc2)cs1,0
ZINC00420007,DUD_p38_D_278,O=C(Nc1ccc(Cn2nnc3ccccc32)cc1)c1ccc(F)cc1,0
ZINC00420295,DUD_p38_D_279,COc1ccc(C2=Nc3ccc(F)cc3C(c3ccc(C)o3)=NN2)cc1,0
ZINC00420301,DUD_p38_D_280,COc1ccc2c(c1)C(c1ccc(C)o1)=NNC(c1ccc(F)cc1)=N2,0
ZINC00420680,DUD_p38_D_281,Cn1c(-c2ccc(F)cc2)cnc1SCC(=O)Nc1ccccc1,0
ZINC00420680,DUD_p38_D_282,Cn1c(-c2ccc(F)cc2)c[nH+]c1SCC(=O)Nc1ccccc1,0
ZINC00421595,DUD_p38_D_283,Cc1ccc(-n2c(S)nnc2CCc2nc3ccccc3[nH]2)cc1,0
ZINC00421595,DUD_p38_D_284,Cc1ccc(-n2c(S)nnc2CCc2[nH]c3ccccc3[nH+]2)cc1,0
ZINC00422756,DUD_p38_D_285,CCc1ccc2c(c1)C(c1cccnc1)=NNC(c1cccs1)=N2,0
ZINC00422760,DUD_p38_D_286,COc1ccc2c(c1)C(c1cccnc1)=NNC(c1ccc(F)cc1)=N2,0
ZINC00422766,DUD_p38_D_287,CCOc1ccc2c(c1)C(c1cccnc1)=NNC(c1cccs1)=N2,0
ZINC00422771,DUD_p38_D_288,COc1ccc(C2=Nc3ccc(F)cc3C(c3cccnc3)=NN2)cc1,0
ZINC00422817,DUD_p38_D_289,CCc1ccc2c(c1)C(c1ccncc1)=NNC(c1cccs1)=N2,0
ZINC00422818,DUD_p38_D_290,CCOc1ccc2c(c1)C(c1ccncc1)=NNC(c1cccs1)=N2,0
ZINC00422821,DUD_p38_D_291,COc1ccc2c(c1)C(c1ccncc1)=NNC(c1ccc(F)cc1)=N2,0
ZINC00422825,DUD_p38_D_292,COc1ccc(C2=Nc3ccc(F)cc3C(c3ccncc3)=NN2)cc1,0
ZINC00422832,DUD_p38_D_293,CCOc1ccc(C2=NNC(c3ccncc3)=Nc3ccccc32)cc1,0
ZINC00422833,DUD_p38_D_294,CCOc1ccc(C2=NNC(c3cccnc3)=Nc3ccccc32)cc1,0
ZINC00422840,DUD_p38_D_295,COc1ccc2c(c1)C(c1ccc(C)cc1)=NNC(c1cccs1)=N2,0
ZINC00422847,DUD_p38_D_296,CN(C)c1ccc(C2=NNC(c3ccncc3)=Nc3ccccc32)cc1,0
ZINC00422858,DUD_p38_D_297,CCOc1ccc2c(c1)C(c1ccccc1)=NNC(c1ccncc1)=N2,0
ZINC00422871,DUD_p38_D_298,COc1ccc(C2=NNC(c3ccncc3)=Nc3ccc(F)cc32)cc1,0
ZINC00422872,DUD_p38_D_299,COc1ccc(C2=NNC(c3cccnc3)=Nc3ccc(F)cc32)cc1,0
ZINC00422992,DUD_p38_D_300,Cc1ccc(-n2c(Nc3ccc(F)cc3)nc3ccccc3c2=O)cc1,0
ZINC00423602,DUD_p38_D_301,COc1ccc(CNC(=O)c2cc(-c3ccc(Cl)cc3)on2)cc1,0
ZINC00423633,DUD_p38_D_302,COc1ccc(-c2cc(C(=O)NCc3ccc(Cl)cc3)no2)cc1,0
ZINC00423675,DUD_p38_D_303,COc1cccc(-c2cc(C(=O)NCc3ccc(Cl)cc3)no2)c1,0
ZINC00423727,DUD_p38_D_304,COc1ccccc1-c1cc(C(=O)Nc2cccc(Cl)c2C)no1,0
ZINC00424899,DUD_p38_D_305,S=c1[nH]c2ccccc2c2nc(CCc3c[nH]c4ccccc34)nn12,0
ZINC00425042,DUD_p38_D_306,Cc1cccc(NC(=O)CCn2c(=S)[nH]c3ccccc3c2=O)c1,0
ZINC00425136,DUD_p38_D_307,Cc1ccccc1-n1c(N)c(C(=O)Nc2ccccc2)sc1=S,0
ZINC00425377,DUD_p38_D_308,CC(C)NC(=O)c1ccc(-n2c(=S)[nH]c3ccccc3c2=O)cc1,0
ZINC00425615,DUD_p38_D_309,Cc1cccc(-n2ncc3c(NCc4cccc(Cl)c4)ncnc32)c1,0
ZINC00425627,DUD_p38_D_310,CCc1ccccc1Nc1ncnc2c1cnn2-c1ccc(Cl)cc1,0
ZINC00425654,DUD_p38_D_311,COc1ccc(CNC(=O)c2cc(-c3cccc(Cl)c3)on2)cc1,0
ZINC00426370,DUD_p38_D_312,CSc1ccccc1Nc1ncnc2c1cnn2-c1cccc(C)c1,0
ZINC00426372,DUD_p38_D_313,Cc1cccc(Nc2ncnc3c2cnn3-c2ccc(Cl)cc2)c1C,0
ZINC00426376,DUD_p38_D_314,Cc1ccc(Nc2ncnc3c2cnn3-c2ccc(Cl)cc2)c(C)c1,0
ZINC00426385,DUD_p38_D_315,Cc1ccc(Nc2ncnc3c2cnn3-c2ccc(Cl)cc2)cc1C,0
ZINC00426390,DUD_p38_D_316,Cc1cc(C)cc(Nc2ncnc3c2cnn3-c2ccc(Cl)cc2)c1,0
ZINC00426397,DUD_p38_D_317,Cc1cccc(-n2ncc3c(Nc4ccc(C)c(Cl)c4)ncnc32)c1,0
ZINC00426468,DUD_p38_D_318,Cc1cccc(-n2ncc3c(NCc4ccccc4Cl)ncnc32)c1,0
ZINC00426486,DUD_p38_D_319,CCc1ccc(Nc2ncnc3c2cnn3-c2ccc(Cl)cc2)cc1,0
ZINC00426487,DUD_p38_D_320,Cc1ccc(CNc2ncnc3c2cnn3-c2ccc(Cl)cc2)cc1,0
ZINC00426805,DUD_p38_D_321,Cc1ccc2[nH+]c(-c3ccc(O)cc3)c(Nc3ccc(Cl)cc3)n2c1,0
ZINC00427358,DUD_p38_D_322,Cc1cccc(-n2ccnc2SCC(=O)Nc2ccc(F)cc2)c1,0
ZINC00427358,DUD_p38_D_323,Cc1cccc(-n2cc[nH+]c2SCC(=O)Nc2ccc(F)cc2)c1,0
ZINC00427563,DUD_p38_D_324,Cc1ccc(Nc2c(-c3ccc(O)cc3)[nH+]c3ccc(Cl)cn23)cc1,0
ZINC00427580,DUD_p38_D_325,Cc1ccc(Nc2c(-c3ccccc3O)[nH+]c3ccc(Cl)cn23)cc1,0
ZINC00428148,DUD_p38_D_326,Cc1ccc(-c2noc(CCC(=O)Nc3cccc(Cl)c3)n2)cc1,0
ZINC00428318,DUD_p38_D_327,Cc1ccc2cc3cc(C(=O)NCc4ccccn4)sc3nc2c1,0
ZINC00428319,DUD_p38_D_328,Cc1ccc2cc3cc(C(=O)NCc4cccnc4)sc3nc2c1,0
ZINC00428349,DUD_p38_D_329,COc1ccc2nc3sc(C(=O)Nc4cccc(C)n4)cc3cc2c1,0
ZINC00428366,DUD_p38_D_330,COc1ccc2nc3sc(C(=O)NCc4ccccn4)cc3cc2c1,0
ZINC00429598,DUD_p38_D_331,Cc1ccc(CNC(=O)c2cc3c(O)nc4ccccc4c3s2)cc1,0
ZINC00429598,DUD_p38_D_332,Cc1ccc(CNC(=O)c2cc3c(O)nc4ccccc4c3s2)cc1,0
ZINC00429799,DUD_p38_D_333,Cc1c(C(=O)Nc2ccncc2)sc2nc(-c3ccccc3)cn12,0
ZINC00429800,DUD_p38_D_334,Cc1cccc(NC(=O)c2sc3nc(-c4ccccc4)cn3c2C)n1,0
ZINC00429800,DUD_p38_D_335,Cc1cccc(NC(=O)c2sc3[nH+]c(-c4ccccc4)cn3c2C)n1,0
ZINC00432687,DUD_p38_D_336,Cc1ccc(N2C[C@H](C(=O)Nc3ccc4ccccc4c3)CC2=O)cc1,0
ZINC00432688,DUD_p38_D_337,Cc1ccc(N2C[C@H](C(=O)Nc3ccc4ccccc4c3)CC2=O)cc1,0
ZINC00432942,DUD_p38_D_338,Cc1onc(-c2ccccc2)c1C(=O)NCCc1cccc(Cl)c1,0
ZINC00433385,DUD_p38_D_339,O=C(Cc1cccs1)Nc1ccc(-c2nc3ccccc3[nH]2)cc1,0
ZINC00433385,DUD_p38_D_340,O=C(Cc1cccs1)Nc1ccc(-c2[nH]c3ccccc3[nH+]2)cc1,0
ZINC00434946,DUD_p38_D_341,Cc1cccc(C(=O)Nc2cc(-c3nc4ncccc4o3)ccc2C)c1,0
ZINC00435604,DUD_p38_D_342,Cc1ccc(-c2cc(C(=O)N/N=C\c3ccc(Cl)cc3)[nH]n2)cc1,0
ZINC00439294,DUD_p38_D_343,O=C1Nc2c(cnn2Cc2ccccc2)[C@@H](c2ccc(Cl)cc2)N1,0
ZINC00439295,DUD_p38_D_344,O=C1Nc2c(cnn2Cc2ccccc2)[C@H](c2ccc(Cl)cc2)N1,0
ZINC00441397,DUD_p38_D_345,Cc1cc(-c2ccccc2)n(-c2cc(Nc3cccc(F)c3)ncn2)n1,0
ZINC00444939,DUD_p38_D_346,O=C(Nc1c(-c2ccccc2)nc2ncccn12)c1ccc(Cl)cc1,0
ZINC00444939,DUD_p38_D_347,O=C(Nc1c(-c2ccccc2)[nH+]c2ncccn12)c1ccc(Cl)cc1,0
ZINC00446311,DUD_p38_D_348,O=C(CSCc1nc2ccccc2[nH]1)Nc1ccc2ccccc2c1,0
ZINC00446525,DUD_p38_D_349,CC(=O)Nc1ccc(Nc2nc(-c3ccc(Cl)cc3)cs2)cc1,0
ZINC00447382,DUD_p38_D_350,CC(=O)c1ccc(NC(=O)c2ccc(-c3cccc(Cl)c3)o2)cc1,0
ZINC00447749,DUD_p38_D_351,O=C(Cc1ccccc1)Nc1ccc2nn(-c3ccc(F)cc3)nc2c1,0
ZINC00449678,DUD_p38_D_352,Cc1ccc(C(=O)c2cccc(NC(=O)c3cccs3)c2)cc1C,0
ZINC00450521,DUD_p38_D_353,CC(=O)c1ccc(NC(=S)NC(=O)c2cccc3ccccc23)cc1,0
ZINC00451278,DUD_p38_D_354,CCCc1sc(NC(=O)c2cccnc2)nc1-c1ccc(F)cc1,0
ZINC00452034,DUD_p38_D_355,CCC(=O)Nc1ccc(NC(=S)NC(=O)c2ccc(F)cc2)cc1,0
ZINC00452207,DUD_p38_D_356,CCC(=O)Nc1cccc(NC(=S)NC(=O)c2ccc(F)cc2)c1,0
ZINC00452635,DUD_p38_D_357,Cc1ccc(-c2nc3ccccc3[nH]2)cc1NC(=O)c1cccs1,0
ZINC00452635,DUD_p38_D_358,Cc1ccc(-c2[nH]c3ccccc3[nH+]2)cc1NC(=O)c1cccs1,0
ZINC00452679,DUD_p38_D_359,CCC(=O)Nc1ccc(NC(=S)NC(=O)c2cccc(F)c2)cc1,0
ZINC00453152,DUD_p38_D_360,Clc1ccc(-c2nnc3ccc(NCc4ccccc4)nn23)cc1,0
ZINC00455001,DUD_p38_D_361,CC(=O)c1cccc(NC(=S)NC(=O)c2cccc3ccccc23)c1,0
ZINC00455772,DUD_p38_D_362,CC(=O)c1cccc(NC(=O)c2ccc(-c3ccc(Cl)cc3)o2)c1,0
ZINC00457231,DUD_p38_D_363,COc1cc2ccccc2cc1C(=O)NC(=S)Nc1cccnc1,0
ZINC00461798,DUD_p38_D_364,Cc1ccc(-c2cc(C(=O)Nc3cccnc3)c3ccccc3n2)s1,0
ZINC00461845,DUD_p38_D_365,CC(C)C(=O)Nc1ccc(NC(=S)NC(=O)c2cccs2)cc1,0
ZINC00461938,DUD_p38_D_366,Cc1ccc(C(=O)c2cccc(NC(=O)c3cccc(F)c3)c2)cc1C,0
ZINC00462803,DUD_p38_D_367,CCCC(=O)Nc1ccc(-c2[nH]c3cc4ccccc4cc3[nH+]2)cc1,0
ZINC00463124,DUD_p38_D_368,Cc1ccc(-c2csc(NC(=O)COc3ccc(F)cc3)n2)cc1,0
ZINC00463362,DUD_p38_D_369,Cc1ccc2oc(-c3cccc(NC(=O)Cc4cccs4)c3)nc2c1,0
ZINC00463775,DUD_p38_D_370,Cc1nn(-c2ccccc2)c2sc(C(=O)Nc3cccc(O)c3)cc12,0
ZINC00464352,DUD_p38_D_371,O=C(Cc1cccs1)Nc1cccc(-c2nc3ccccc3[nH]2)c1,0
ZINC00464352,DUD_p38_D_372,O=C(Cc1cccs1)Nc1cccc(-c2[nH]c3ccccc3[nH+]2)c1,0
ZINC00467436,DUD_p38_D_373,COc1ccc(-c2n[nH]c(=S)n2-c2cccc3ccccc23)cc1,0
ZINC00468004,DUD_p38_D_374,Cn1c(SCc2cccc3ccccc23)nnc1-c1ccc(N)cc1,0
ZINC00468499,DUD_p38_D_375,Cc1ccc(CNC(=O)c2cccc(Cn3cc(Cl)cn3)c2)cc1,0
ZINC00469605,DUD_p38_D_376,CC(C)C(=O)Nc1ccc(NC(=S)NC(=O)c2ccccc2)cc1,0
ZINC00469906,DUD_p38_D_377,Cc1cc(NC(=O)c2cccs2)ccc1NC(=O)c1ccccc1,0
ZINC00471086,DUD_p38_D_378,Cc1ccc2[nH]c(-c3ccc(NC(=O)c4cccs4)cc3)nc2c1,0
ZINC00471086,DUD_p38_D_379,Cc1ccc2[nH]c(-c3ccc(NC(=O)c4cccs4)cc3)[nH+]c2c1,0
ZINC00471086,DUD_p38_D_380,Cc1ccc2nc(-c3ccc(NC(=O)c4cccs4)cc3)[nH]c2c1,0
ZINC00474451,DUD_p38_D_381,CC1=C[C@@H](c2ccccc2)n2nc(NC(=O)c3ccc(F)cc3)nc2N1,0
ZINC00474452,DUD_p38_D_382,CC1=C[C@@H](c2ccccc2)n2nc(NC(=O)c3ccc(F)cc3)nc2N1,0
ZINC00476303,DUD_p38_D_383,Cc1cc(NC(=O)c2cccs2)ccc1NC(=O)c1cccs1,0
ZINC00477287,DUD_p38_D_384,COC(=O)Cc1ccc(NC(=S)NCc2ccccc2Cl)cc1,0
ZINC00477815,DUD_p38_D_385,OC[C@@H]1CCCN(C(=S)Nc2ccc(Oc3ccccc3)cc2)C1,0
ZINC00480046,DUD_p38_D_386,Cc1n[nH]c(C)c1Sc1[nH]c(-c2ccccc2)c(-c2ccccc2)[nH+]1,0
ZINC00489072,DUD_p38_D_387,COC(=O)[C@@H]1Cc2c([nH]c3ccccc23)[C@H](C)N1C(=O)c1ccccc1,0
ZINC00498931,DUD_p38_D_388,O=C(c1cccs1)N1N=C(c2ccccc2)C[C@H]1c1ccccc1O,0
ZINC00501420,DUD_p38_D_389,O[C@@H](CCl)CSc1nnc(-c2ccccc2)n1-c1ccccc1,0
ZINC00501421,DUD_p38_D_390,O[C@@H](CCl)CSc1nnc(-c2ccccc2)n1-c1ccccc1,0
ZINC00502939,DUD_p38_D_391,CCCC(=O)NC(=S)Nc1ccccc1C(=O)Nc1ccccc1,0
ZINC00503088,DUD_p38_D_392,O=C(Nc1ccccc1)c1ccccc1NC(=S)NC(=O)C1CC1,0
ZINC00503861,DUD_p38_D_393,O=C(NNC(=S)Nc1ccc(F)cc1)[C@H]1C[C@@H]1c1ccccc1,0
ZINC00507733,DUD_p38_D_394,Clc1ccc2c(c1)CNc1c(NCc3ccccc3)ncnc1O2,0
ZINC00508046,DUD_p38_D_395,Cc1ccccc1NC(=O)c1c(C)[nH]c(=S)c(C#N)c1-c1ccco1,0
ZINC00509753,DUD_p38_D_396,Cc1ccc(C(=O)Nc2cc(-c3nc4ncccc4o3)ccc2C)cc1,0
ZINC00512862,DUD_p38_D_397,Cc1cc(C)cc(C(=O)Nc2ccc(-c3nc4ncccc4o3)cc2)c1,0
ZINC00512950,DUD_p38_D_398,Cc1cc(C)cc(C(=O)Nc2cccc(-c3nc4ncccc4o3)c2)c1,0
ZINC00514833,DUD_p38_D_399,CCC(=O)NC(=S)Nc1ccc(NC(=O)c2ccccc2C)cc1,0
ZINC00516085,DUD_p38_D_400,Cc1ccc(NC(=O)c2cnc(-c3ccccc3)nc2C)cc1Cl,0
ZINC00521528,DUD_p38_D_401,CC(=O)Nc1nc2n(n1)[C@@H](c1ccc(F)cc1)C=C(c1ccccc1)N2,0
ZINC00521529,DUD_p38_D_402,CC(=O)Nc1nc2n(n1)[C@H](c1ccc(F)cc1)C=C(c1ccccc1)N2,0
ZINC00525330,DUD_p38_D_403,CSc1cccc(NC(=O)CN2C(=O)c3cccc4cccc2c34)c1,0
ZINC00527396,DUD_p38_D_404,CCOc1ccc([C@@H]2C[C@H](c3ccc(F)cc3)n3ncnc3N2)cc1,0
ZINC00527399,DUD_p38_D_405,CCOc1ccc([C@@H]2C[C@H](c3ccc(F)cc3)n3ncnc3N2)cc1,0
ZINC00529671,DUD_p38_D_406,CCOc1ccc([C@H]2C[C@H](c3ccc(F)cc3)Nc3ncnn32)cc1,0
ZINC00529674,DUD_p38_D_407,CCOc1ccc([C@H]2C[C@H](c3ccc(F)cc3)Nc3ncnn32)cc1,0
ZINC00530334,DUD_p38_D_408,CCCn1nc(NC(=O)c2ccccc2F)c2cc3ccccc3nc21,0
ZINC00530520,DUD_p38_D_409,CCCn1nc(NC(=O)c2ccc(F)cc2)c2cc3ccccc3nc21,0
ZINC00530654,DUD_p38_D_410,Cc1nn2c(C)c(C(=O)Nc3ccccc3)cnc2c1-c1ccccc1,0
ZINC00530907,DUD_p38_D_411,COc1ccc([C@@H]2C[C@H](c3cccc(Cl)c3)n3ncnc3N2)cc1,0
ZINC00530910,DUD_p38_D_412,COc1ccc([C@H]2C[C@@H](c3cccc(Cl)c3)n3ncnc3N2)cc1,0
ZINC00531927,DUD_p38_D_413,COc1cccc([C@H]2C[C@H](c3cccc(Cl)c3)n3ncnc3N2)c1,0
ZINC00532478,DUD_p38_D_414,COc1ccccc1[C@H]1C[C@H](c2ccccc2Cl)Nc2ncnn21,0
ZINC00532617,DUD_p38_D_415,O=C(NNC(=S)Nc1ccccc1Cl)[C@@H]1C[C@H]1c1ccccc1,0
ZINC00532815,DUD_p38_D_416,Cc1ccc(-n2c(S)nnc2-c2c(-c3ccccc3)noc2C)cc1,0
ZINC00533446,DUD_p38_D_417,COc1cccc([C@@H]2C[C@@H](c3ccc(Cl)cc3)Nc3ncnn32)c1,0
ZINC00533449,DUD_p38_D_418,COc1cccc([C@@H]2C[C@@H](c3ccc(Cl)cc3)Nc3ncnn32)c1,0
ZINC00533848,DUD_p38_D_419,CCn1nc(NC(=O)c2ccccc2F)c2cc3cccc(C)c3nc21,0
ZINC00534007,DUD_p38_D_420,Cc1c(Cl)cccc1NC(=O)C1=NN(c2ccccc2)C(=O)CC1,0
ZINC00534079,DUD_p38_D_421,CCn1nc(NC(=O)c2ccc(F)cc2)c2cc3cccc(C)c3nc21,0
ZINC00534523,DUD_p38_D_422,O=C(NCc1ccccc1)C1=NN(c2ccc(Cl)cc2)C(=O)CC1,0
ZINC00535876,DUD_p38_D_423,Clc1ccc(-n2ncc3c(NCc4ccccn4)ncnc32)cc1,0
ZINC00536254,DUD_p38_D_424,CC(=O)Nc1ccc(-c2csc(Nc3ccc(Cl)cc3)n2)cc1,0
ZINC00536442,DUD_p38_D_425,Cc1ccc(C(=O)N/N=C\c2ccc(-c3ccccc3Cl)o2)cn1,0
ZINC00536541,DUD_p38_D_426,Cc1ccccc1N1N=C(C(=O)Nc2cccc(Cl)c2)CCC1=O,0
ZINC00536987,DUD_p38_D_427,O=C(NCc1ccccn1)C1=NN(c2ccc(Cl)cc2)C(=O)CC1,0
ZINC00537000,DUD_p38_D_428,O=C(Nc1cccc2ccccc12)C1=NN(c2ccccc2)C(=O)CC1,0
ZINC00539181,DUD_p38_D_429,CC(C)(C)c1cc(C(=O)Nc2nc(-c3ccccc3)cs2)ccn1,0
ZINC00541264,DUD_p38_D_430,Cc1ccc(N2N=C(C(=O)Nc3ccc(Cl)cc3)CCC2=O)cc1,0
ZINC00541369,DUD_p38_D_431,Cc1ccccc1N1N=C(C(=O)Nc2ccc(Cl)cc2)CCC1=O,0
ZINC00541870,DUD_p38_D_432,Cc1ccc(-n2nc(C)c3cc(C(=O)Nc4ccccc4)sc32)cc1,0
ZINC00542003,DUD_p38_D_433,Cc1ccc(N2N=C(C(=O)Nc3cccc(Cl)c3)CCC2=O)cc1,0
ZINC00543649,DUD_p38_D_434,CCn1c(-c2ccc(C(=O)Nc3ccccc3)s2)[nH+]c2ccccc21,0
ZINC00545046,DUD_p38_D_435,Cc1nn(-c2ccccc2)c2sc(C(=O)NCc3ccccn3)cc12,0
ZINC00545445,DUD_p38_D_436,Cc1ccc(NC(=O)C2=NN(c3ccc(Cl)cc3)C(=O)CC2)cc1,0
ZINC00545447,DUD_p38_D_437,Cc1ccc(NC2=NC(=O)/C(=C/c3cn(C)c4ccccc34)S2)cc1,0
ZINC00545604,DUD_p38_D_438,Cc1cccc(-n2nc(C)c3cc(C(=O)Nc4ccccc4)sc32)c1,0
ZINC00546636,DUD_p38_D_439,Cc1ccc(-c2ccc(/C=N\NC(=O)c3ccncc3)o2)cc1Cl,0
ZINC00546700,DUD_p38_D_440,Cc1ccc(C(=O)N/N=C\c2ccc(-c3cccc(Cl)c3)o2)cn1,0
ZINC00552432,DUD_p38_D_441,Cc1ccc(-c2ccc(/C=N/NC(=O)c3ccccn3)o2)cc1Cl,0
ZINC00553091,DUD_p38_D_442,O=c1c2[nH]c3ccc(F)cc3c2ncn1CCc1c[nH]c2ccccc12,0
ZINC00557883,DUD_p38_D_443,Cc1ccc(C(=O)Nc2ccc(-c3nc4ncccc4o3)cc2)c(C)c1,0
ZINC00557885,DUD_p38_D_444,Cc1ccc(C(=O)Nc2cccc(-c3nc4ncccc4o3)c2)c(C)c1,0
ZINC00562783,DUD_p38_D_445,O=C(Cc1ccccc1)Nc1nc(-c2c[nH]c3ccccc23)cs1,0
ZINC00563120,DUD_p38_D_446,Cc1nc(NC(=O)CSc2nc(-c3ccccc3)c[nH]2)sc1C,0
ZINC00563120,DUD_p38_D_447,Cc1nc(NC(=O)CSc2[nH]cc(-c3ccccc3)[nH+]2)sc1C,0
ZINC00563120,DUD_p38_D_448,Cc1nc(NC(=O)CSc2ncc(-c3ccccc3)[nH]2)sc1C,0
ZINC00563120,DUD_p38_D_449,Cc1nc(NC(=O)CSc2ncc(-c3ccccc3)[nH]2)sc1C,0
ZINC00563962,DUD_p38_D_450,S=C(N/N=C/c1ccc(N2CCCC2)cc1)Nc1ccccc1,0
ZINC00564211,DUD_p38_D_451,Cc1ccc(-n2cccc2/C=N\NC(=O)c2cccnc2)cc1Cl,0
ZINC00566979,DUD_p38_D_452,Sc1nnc(-c2ccccc2)n1/N=C\c1ccc(N2CCCC2)cc1,0
ZINC00567874,DUD_p38_D_453,O=C(COc1ccccc1)Nc1nc2c(s1)CCc1ccccc1-2,0
ZINC00570338,DUD_p38_D_454,CC(C)C(=O)Nc1cccc(NC(=S)NC(=O)c2cccs2)c1,0
ZINC00574029,DUD_p38_D_455,CC(=O)N(Cc1ccccc1)c1nc(-c2c[nH]c3ccccc23)cs1,0
ZINC00574058,DUD_p38_D_456,Cc1nc(-c2ccc(NC(=S)Nc3ccccc3)cc2)cs1,0
ZINC00574121,DUD_p38_D_457,O=C(CSc1nc(-c2ccccc2)c[nH]1)Nc1ccccc1Cl,0
ZINC00574121,DUD_p38_D_458,O=C(CSc1[nH]cc(-c2ccccc2)[nH+]1)Nc1ccccc1Cl,0
ZINC00574121,DUD_p38_D_459,O=C(CSc1ncc(-c2ccccc2)[nH]1)Nc1ccccc1Cl,0
ZINC00577147,DUD_p38_D_460,Cc1cccn2cc(-c3ccc(NC(=O)c4cccs4)cc3)nc12,0
ZINC00577147,DUD_p38_D_461,Cc1cccn2cc(-c3ccc(NC(=O)c4cccs4)cc3)[nH+]c12,0
ZINC00577223,DUD_p38_D_462,COc1cccc(C(=O)Nc2ccc(-c3cn4ccsc4n3)cc2)c1,0
ZINC00577223,DUD_p38_D_463,COc1cccc(C(=O)Nc2ccc(-c3cn4ccsc4[nH+]3)cc2)c1,0
ZINC00577601,DUD_p38_D_464,COc1ccc(C(=O)Nc2cccc(-c3cn4ccsc4n3)c2)cc1,0
ZINC00577601,DUD_p38_D_465,COc1ccc(C(=O)Nc2cccc(-c3cn4ccsc4[nH+]3)c2)cc1,0
ZINC00577613,DUD_p38_D_466,COc1ccccc1C(=O)Nc1ccc(-c2cn3ccsc3n2)cc1,0
ZINC00577613,DUD_p38_D_467,COc1ccccc1C(=O)Nc1ccc(-c2cn3ccsc3[nH+]2)cc1,0
ZINC00580793,DUD_p38_D_468,O=C(Nc1ccc2ncnc(Nc3cccc(Br)c3)c2c1)[C@H]1C=CCC1,0
ZINC00583040,DUD_p38_D_469,Cc1n[nH]c(-c2ccc(C(=O)N3Cc4cccn4Cc4ccccc43)c(Cl)c2)n1,0
ZINC00583046,DUD_p38_D_470,O=C(c1ccc(-c2ncn[nH]2)cc1Cl)N1Cc2cccn2Cc2ccccc21,0
ZINC00585182,DUD_p38_D_471,Cc1cc(Nc2ccn(-c3ccccc3)n2)cc(C)c1OC(=O)CCl,0
ZINC00585863,DUD_p38_D_472,CC(C)(O)Cn1nc(-c2c(-c3ccccc3)nn3ccccc23)ccc1=O,0
ZINC00587186,DUD_p38_D_473,COc1ccc([C@@H]2SC=C(c3ccccc3)NC(=O)[C@@H]2OC(C)=O)cc1,0
ZINC00587605,DUD_p38_D_474,Nc1nc(-c2nn(Cc3ccccc3F)c3ccccc23)ncc1C1CC1,0
ZINC00587676,DUD_p38_D_475,C[C@H](O)c1ccc(Cc2cn(-c3ccc(F)cc3)c3ncccc3c2=O)cc1,0
ZINC00589172,DUD_p38_D_476,Cc1ncccc1Oc1ccc(NC(=O)c2ccc(C(F)(F)F)cc2)cn1,0
ZINC00591112,DUD_p38_D_477,Cc1[nH]cnc1C1CCN(c2ncncc2-c2cc(Cl)ccc2Cl)CC1,0
ZINC00591112,DUD_p38_D_478,Cc1[nH]c[nH+]c1C1CCN(c2ncncc2-c2cc(Cl)ccc2Cl)CC1,0
ZINC00591112,DUD_p38_D_479,Cc1nc[nH]c1C1CCN(c2ncncc2-c2cc(Cl)ccc2Cl)CC1,0
ZINC00591295,DUD_p38_D_480,CC(=O)Nc1ccc2c(c1)nc(Nc1c(C)cccc1Cl)c1cncn12,0
ZINC00591295,DUD_p38_D_481,CC(=O)Nc1ccc2c(c1)nc(Nc1c(C)cccc1Cl)c1c[nH+]cn12,0
ZINC00592363,DUD_p38_D_482,COc1cccc(CNc2nc(-n3ccnc3)ncc2-c2cccs2)c1,0
ZINC00592363,DUD_p38_D_483,COc1cccc(CNc2nc(-n3cc[nH+]c3)ncc2-c2cccs2)c1,0
ZINC00592363,DUD_p38_D_484,COc1cccc(CNc2nc(-n3cc[nH+]c3)ncc2-c2cccs2)c1,0
ZINC00592546,DUD_p38_D_485,Cc1c(C(=O)NCc2oc3ccccc3c2Br)nc2ccccc2[n+]1[O-],0
ZINC00592547,DUD_p38_D_486,Cc1c(C(=O)N[C@@H](C)c2oc3ccccc3c2Br)nc2ccccc2[n+]1[O-],0
ZINC00593228,DUD_p38_D_487,Cc1ccc([C@@H]2CC(c3c(O)cc(C)oc3=O)=Nc3ccccc3S2)cc1,0
ZINC00593249,DUD_p38_D_488,COc1cc2[nH]c(-c3cccc(Br)c3)cc(=O)c2cc1-c1cnco1,0
ZINC00593405,DUD_p38_D_489,Cc1cn(-c2cccc(Nc3ncnc4c3CCc3ccc(F)cc3-4)c2)cn1,0
ZINC00593405,DUD_p38_D_490,Cc1cn(-c2cccc(Nc3ncnc4c3CCc3ccc(F)cc3-4)c2)c[nH+]1,0
ZINC00593639,DUD_p38_D_491,COc1ccc(-c2ccccc2)c2sc(NC(=O)c3cccnc3)nc12,0
ZINC00593640,DUD_p38_D_492,COc1ccc(-c2cccnc2)c2sc(NC(=O)c3ccc(C)s3)nc12,0
ZINC00594130,DUD_p38_D_493,Fc1c(Oc2nnc(Cc3ccncc3)c3ccccc23)ccc2[nH]ccc12,0
ZINC00594133,DUD_p38_D_494,Cc1cc2c(F)c(Oc3nnc(Cc4ccncc4)c4ccccc34)ccc2[nH]1,0
ZINC00594280,DUD_p38_D_495,N#Cc1ccc2c(-c3ccnc(NC4CC4)n3)c(-c3ccc(F)cc3)nn2c1,0
ZINC00595171,DUD_p38_D_496,Cc1c(-c2ccnc(Nc3ccc(Cl)cc3)n2)cnn1-c1ccccc1,0
ZINC00595548,DUD_p38_D_497,Nc1nc(-c2ccccn2)c(-c2ccnc(-c3ccc(Cl)cc3)c2)s1,0
ZINC00595551,DUD_p38_D_498,COc1ccc(-c2cc(-c3sc(N)nc3-c3ccccn3)ccn2)cc1,0
ZINC00595553,DUD_p38_D_499,CCOc1ccc(-c2cc(-c3sc(N)nc3-c3ccccn3)ccn2)cc1,0
ZINC00596582,DUD_p38_D_500,O=C(c1ccc(O)cc1)N1CCc2c([nH]c3ccccc23)[C@H]1c1ccc(F)cc1,0
ZINC00596776,DUD_p38_D_501,O=C(Nc1cccc(Cl)n1)c1ccn2c1CS[C@@H]2c1cccnc1,0
ZINC00598769,DUD_p38_D_502,CCNC(=O)c1ncn2c1CN=C(c1ccccc1Br)c1cc(F)ccc1-2,0
ZINC00598855,DUD_p38_D_503,O=C(c1cccs1)N1CCc2[nH]c3c(cnc4cc(Cl)ccc43)c2C1,0
ZINC00599731,DUD_p38_D_504,C[C@H](C[C@H]1NC(=O)c2ccsc2-n2cccc21)OC(=O)c1ccccc1,0
ZINC00600412,DUD_p38_D_505,c1csc(-c2cnc(-n3ccnc3)nc2NCc2ccc3c(c2)OCO3)c1,0
ZINC00600412,DUD_p38_D_506,c1csc(-c2cnc(-n3cc[nH+]c3)nc2NCc2ccc3c(c2)OCO3)c1,0
ZINC00600412,DUD_p38_D_507,c1csc(-c2cnc(-n3cc[nH+]c3)nc2NCc2ccc3c(c2)OCO3)c1,0
ZINC00602501,DUD_p38_D_508,CC(C)(Oc1ccc(Cl)cc1)C(=O)Nc1ccc(-n2ccnc2)cc1,0
ZINC00602501,DUD_p38_D_509,CC(C)(Oc1ccc(Cl)cc1)C(=O)Nc1ccc(-n2cc[nH+]c2)cc1,0
ZINC00602723,DUD_p38_D_510,Cc1cc(C(=O)Nc2cccc3cnccc23)nn1-c1cccc(C(F)(F)F)c1,0
ZINC00602766,DUD_p38_D_511,Cn1ccc2cc(C(=O)N3Cc4cccnc4Nc4ccccc43)ccc21,0
ZINC00604402,DUD_p38_D_512,Cc1nc2ncccc2n1-c1cc2c(s1)C[C@H](C(=O)Nc1ccccn1)C2,0
ZINC00607279,DUD_p38_D_513,O=C(Nc1cccc2ccccc12)c1ccn2c1CS[C@@H]2c1cccnc1,0
ZINC00607670,DUD_p38_D_514,O=C(Nc1cccc2c(-n3cccn3)ccnc12)c1c(Cl)cccc1Cl,0
ZINC00607947,DUD_p38_D_515,CN1c2cc(F)ccc2C(c2ccccc2)=NC[C@@H]1CNC(=O)c1ccoc1,0
ZINC00608036,DUD_p38_D_516,CC(C)(C)C(=O)O[C@@H]1N=C(c2ccccc2)c2cc(Cl)ccc2NC1=O,0
ZINC00608304,DUD_p38_D_517,Cc1nsc(NC(=O)c2ccccc2)c1C(=O)Nc1ccc(Cl)cc1,0
ZINC00609269,DUD_p38_D_518,Cc1ccc(C(=O)NNC(=S)Nc2cccc3ccccc23)s1,0
ZINC00609564,DUD_p38_D_519,S=C(Nc1cccc2ccccc12)N1CCN(c2ncccn2)CC1,0
ZINC00609591,DUD_p38_D_520,Fc1ccc(CNC(=S)Nc2cccc(Cn3cccn3)c2)cc1,0
ZINC00609729,DUD_p38_D_521,CCn1c2ccccc2n2c(SCc3nc4ccccc4[nH]3)nnc12,0
ZINC00609729,DUD_p38_D_522,CCn1c2ccccc2n2c(SCc3[nH]c4ccccc4[nH+]3)nnc12,0
ZINC00610090,DUD_p38_D_523,O=C(NNC(=S)NC1CCCC1)c1ccc(-n2cccc2)cc1,0
ZINC00611792,DUD_p38_D_524,CC(=O)N(C)c1ccc(NC(=S)Nc2cccc3ccccc23)cc1,0
ZINC00612022,DUD_p38_D_525,Cn1cc(C(=O)NNC(=S)NCc2ccco2)c2ccccc21,0
ZINC00612826,DUD_p38_D_526,Cc1nc2ccc(NC(=S)NCc3ccccc3)cc2nc1C,0
ZINC00613016,DUD_p38_D_527,Oc1ccccc1N1CCN(C(=S)NCCc2ccccc2)CC1,0
ZINC00613065,DUD_p38_D_528,CC(=O)Nc1ccc(-c2csc(Nc3ccc(Cl)cn3)n2)cc1,0
ZINC00614261,DUD_p38_D_529,C[C@H](c1ccccc1)n1cnc2cc(NC(=O)c3cccs3)ccc21,0
ZINC00614262,DUD_p38_D_530,C[C@H](c1ccccc1)n1cnc2cc(NC(=O)c3cccs3)ccc21,0
ZINC00615522,DUD_p38_D_531,O=C(Nc1cccc2ccccc12)[C@@H]1CC(=O)N(c2ccc(F)cc2)C1,0
ZINC00615523,DUD_p38_D_532,O=C(Nc1cccc2ccccc12)[C@H]1CC(=O)N(c2ccc(F)cc2)C1,0
ZINC00615535,DUD_p38_D_533,Cc1cccc(N2C[C@@H](C(=O)Nc3cccc4ccccc34)CC2=O)c1,0
ZINC00623129,DUD_p38_D_534,Cc1cccc(NC(=O)c2cc(=O)cc(-c3ccc(Cl)cc3Cl)o2)c1C,0
ZINC00623227,DUD_p38_D_535,Cc1c(Cl)ccc2c1NC(=O)[C@@]2(O)CC(=O)c1cccc2ccccc12,0
ZINC00623230,DUD_p38_D_536,Cc1c(Cl)ccc2c1NC(=O)[C@]2(O)CC(=O)c1cccc2ccccc12,0
ZINC00623238,DUD_p38_D_537,Cc1ccc2[nH+]c(-c3ccccc3)c(NC(=O)c3ccc(Cl)cc3)n2c1,0
ZINC00623240,DUD_p38_D_538,Cc1ccc(C(=O)Nc2c(-c3cccs3)[nH+]c3ccc(Cl)cn23)cc1,0
ZINC00623680,DUD_p38_D_539,Cc1ccn2c(NC(=O)c3ccc(Br)cc3)c(-c3ccccc3)[nH+]c2c1,0
ZINC00623772,DUD_p38_D_540,CCC(=O)NC(=S)Nc1cc2nn(-c3ccccc3)nc2cc1Cl,0
ZINC00623775,DUD_p38_D_541,O=C(Nc1cc2nn(-c3ccccc3)nc2cc1Cl)c1ccc2c(c1)OCCO2,0
ZINC00623829,DUD_p38_D_542,Cc1cc(NC(=S)NC(=O)c2ccco2)cc(-c2nc3ccccc3o2)c1O,0
ZINC00623831,DUD_p38_D_543,CCC(=O)NC(=S)Nc1cc(C)c(O)c(-c2nc3ccccc3s2)c1,0
ZINC00624025,DUD_p38_D_544,Cc1ccc(NC(=O)CSc2nc3sc4ccccc4n3n2)cc1,0
ZINC00624108,DUD_p38_D_545,Cc1ccc2[nH+]c(-c3cccs3)c(NC(=O)c3ccc(Cl)cc3)n2c1,0
ZINC00624121,DUD_p38_D_546,Cc1cccn2c(NC(=O)c3ccc(Cl)cc3)c(-c3cccs3)[nH+]c12,0
ZINC00624935,DUD_p38_D_547,Cc1ccnc(SCc2ccc(C(=O)Nc3ccccc3F)cc2)n1,0
ZINC00624963,DUD_p38_D_548,COC(=O)c1cc(C(=O)Nc2cccc(C)c2)n2ccc3ccccc3c12,0
ZINC00625891,DUD_p38_D_549,C[C@@H]1[C@H](NC(=S)NC(=O)c2ccccc2)C(=O)N(c2ccccc2)N1C,0
ZINC00626250,DUD_p38_D_550,c1ccc2c(c1)OC[C@H](CSc1nnc3c(n1)[nH]c1ccccc13)O2,0
ZINC00626272,DUD_p38_D_551,O=C(CSc1cccc2cccnc12)Nc1nc(-c2ccccc2)cs1,0
ZINC00626453,DUD_p38_D_552,CC(C)[C@H](C(=O)Nc1ccc(Br)cc1)N1C(=O)c2ccccc2C1=O,0
ZINC00626464,DUD_p38_D_553,CC(C)[C@@H](C(=O)Nc1ccc(Cl)cc1)N1C(=O)c2ccccc2C1=O,0
ZINC00626474,DUD_p38_D_554,CC(C)[C@@H](C(=O)Nc1cccc2ccccc12)N1C(=O)c2ccccc2C1=O,0
ZINC00626971,DUD_p38_D_555,COC(=O)Nc1ccccc1C(=O)N1CCC(O)(c2ccc(Cl)cc2)CC1,0
ZINC00627119,DUD_p38_D_556,Cc1c(NC(=S)NC(=O)c2ccccc2)c(=O)n(-c2ccccc2)n1C,0
ZINC00627165,DUD_p38_D_557,Cn1c(=O)[nH]c(=O)c2c1nc(SCc1ccccc1)n2Cc1ccc(Cl)cc1,0
ZINC00627165,DUD_p38_D_558,Cn1c(=O)[nH]c(=O)c2c1[nH+]c(SCc1ccccc1)n2Cc1ccc(Cl)cc1,0
ZINC00627631,DUD_p38_D_559,O=c1[nH]c2cc(Cl)ccc2c(O)c1-c1ccc(Oc2ccccc2)cc1,0
ZINC00628612,DUD_p38_D_560,Cc1cc2nnc(SCC(=O)Nc3ccc(F)c(Cl)c3)n2c2ccccc12,0
ZINC00628639,DUD_p38_D_561,O=C(CSc1nc2scc(-c3ccccc3)c2c(=O)[nH]1)c1ccccc1,0
ZINC00628639,DUD_p38_D_562,O=C(CSc1nc(=O)c2c(-c3ccccc3)csc2[nH]1)c1ccccc1,0
ZINC00628707,DUD_p38_D_563,O=C(CSc1nnc2sc3ccccc3n12)Nc1cccc2ccccc12,0
ZINC00628719,DUD_p38_D_564,Cc1cc2nnc(SCC(=O)Nc3ccccc3F)n2c2ccccc12,0
ZINC00629187,DUD_p38_D_565,CN(C)c1ccc([C@@H]2C=C(c3ccc(Cl)cc3)Nc3ncnn32)cc1,0
ZINC00629189,DUD_p38_D_566,CN(C)c1ccc([C@H]2C=C(c3ccc(Cl)cc3)Nc3ncnn32)cc1,0
ZINC00629190,DUD_p38_D_567,Cc1cccc2[nH+]c(-c3cccc(NC(=O)c4cccc(Br)c4)c3)cn12,0
ZINC00629517,DUD_p38_D_568,Cc1nc(-c2ccc(NC(=O)c3c(C)nc4sccn34)cc2)cs1,0
ZINC00629517,DUD_p38_D_569,Cc1nc(-c2ccc(NC(=O)c3c(C)[nH+]c4sccn34)cc2)cs1,0
ZINC00629535,DUD_p38_D_570,Cc1nc2sccn2c1C(=O)Nc1nc(-c2ccccc2)c(C)s1,0
ZINC00629535,DUD_p38_D_571,Cc1[nH+]c2sccn2c1C(=O)Nc1nc(-c2ccccc2)c(C)s1,0
ZINC00629686,DUD_p38_D_572,O=C(Nc1ccc(-c2cn3cccnc3n2)cc1)c1ccc(Br)cc1,0
ZINC00629686,DUD_p38_D_573,O=C(Nc1ccc(-c2cn3cccnc3[nH+]2)cc1)c1ccc(Br)cc1,0
ZINC00629941,DUD_p38_D_574,Cc1ccn2cc(-c3ccc(NC(=O)c4ccc(Br)o4)cc3)[nH+]c2c1,0
ZINC00629946,DUD_p38_D_575,Cc1cccn2cc(-c3ccc(NC(=O)c4ccc(Br)o4)cc3)nc12,0
ZINC00629946,DUD_p38_D_576,Cc1cccn2cc(-c3ccc(NC(=O)c4ccc(Br)o4)cc3)[nH+]c12,0
ZINC00631101,DUD_p38_D_577,O=C(Nc1ccc(F)cc1)c1ccc(C(=O)Nc2ccc(F)cc2)cc1,0
ZINC00631759,DUD_p38_D_578,Cc1ccn2c(NC(=O)c3ccc(Cl)cc3)c(-c3ccccc3)[nH+]c2c1,0
ZINC00632200,DUD_p38_D_579,COc1ccc([C@@H]2Oc3ccccc3C3=C2[C@@H](c2cccs2)n2ncnc2N3)cc1,0
ZINC00632202,DUD_p38_D_580,COc1ccc([C@@H]2Oc3ccccc3C3=C2[C@@H](c2cccs2)n2ncnc2N3)cc1,0
ZINC00633356,DUD_p38_D_581,CSc1nc2n(n1)[C@H](c1ccccc1)C=C(c1cc(F)ccc1O)N2,0
ZINC00633374,DUD_p38_D_582,CSc1nc2n(n1)[C@@H](c1ccccc1)C=C(c1cc(F)ccc1O)N2,0
ZINC00633402,DUD_p38_D_583,CCOc1ccc([C@@H]2C=C(c3ccc(F)c(F)c3)Nc3ncnn32)cc1,0
ZINC00633405,DUD_p38_D_584,CCOc1ccc([C@@H]2C=C(c3ccc(F)c(F)c3)Nc3ncnn32)cc1,0
ZINC00633464,DUD_p38_D_585,CC(=O)Nc1ccc(-c2cn3cc(Sc4ccccc4)ccc3[nH+]2)cc1,0
ZINC00633625,DUD_p38_D_586,CCOC(=O)c1cccc(NC(=S)NC(=O)c2ccccc2Cl)c1,0
ZINC00633729,DUD_p38_D_587,CN(C)c1ccc([C@@H]2C=C(c3ccc(I)cc3)Nc3ncnn32)cc1,0
ZINC00633732,DUD_p38_D_588,CN(C)c1ccc([C@@H]2C=C(c3ccc(I)cc3)Nc3ncnn32)cc1,0
ZINC00634011,DUD_p38_D_589,COc1ccc([C@@H]2C[C@H](c3ccc(Br)cc3)n3ncnc3N2)cc1,0
ZINC00634482,DUD_p38_D_590,COc1cccc2cc(-c3cnc(Nc4ccccc4)s3)c(=O)oc12,0
ZINC00634781,DUD_p38_D_591,Cc1onc(-c2c(F)cccc2Cl)c1C(=O)NC[C@H]1COc2ccccc2O1,0
ZINC00635354,DUD_p38_D_592,COc1ccc(N2C(=O)c3ccccc3N[C@H]2c2ccc(SC)cc2)cc1,0
ZINC00635356,DUD_p38_D_593,COc1ccc(N2C(=O)c3ccccc3N[C@H]2c2ccc(SC)cc2)cc1,0
ZINC00635394,DUD_p38_D_594,COc1ccc2oc(-c3ccccc3)c(C(=O)Nc3nccs3)c2c1,0
ZINC00635794,DUD_p38_D_595,Cc1ccc([C@H]2C3=C(Nc4ncnn42)c2ccccc2O[C@H]3c2cccs2)cc1,0
ZINC00635803,DUD_p38_D_596,COc1cccc([C@@H]2C3=C(Nc4ncnn42)c2ccccc2O[C@@H]3c2cccs2)c1,0
ZINC00635804,DUD_p38_D_597,COc1cccc([C@@H]2C3=C(Nc4ncnn42)c2ccccc2O[C@@H]3c2cccs2)c1,0
ZINC00635807,DUD_p38_D_598,COc1cccc([C@H]2C3=C(Nc4ncnn42)c2ccccc2O[C@@H]3c2cccs2)c1,0
ZINC00635810,DUD_p38_D_599,COc1cccc([C@@H]2C3=C(Nc4ncnn42)c2ccccc2O[C@H]3c2cccs2)c1,0
ZINC00636052,DUD_p38_D_600,COC(=O)c1c(N)n(-c2ccc(Br)cc2)c2nc3ccccc3nc12,0
ZINC00636084,DUD_p38_D_601,CCOC(=O)c1c(N)n(-c2cccc(Cl)c2)c2nc3ccccc3nc12,0
ZINC00636126,DUD_p38_D_602,COC(=O)c1c(N)n(-c2cccc(Cl)c2)c2nc3ccccc3nc12,0
ZINC00636137,DUD_p38_D_603,CCOC(=O)c1c(N)n(-c2ccccc2Cl)c2nc3ccccc3nc12,0
ZINC00636204,DUD_p38_D_604,COC(=O)c1c(N)n(-c2ccccc2Cl)c2nc3ccccc3nc12,0
ZINC00636215,DUD_p38_D_605,COC(=O)c1c(N)n(-c2ccccc2SC)c2nc3ccccc3nc12,0
ZINC00636267,DUD_p38_D_606,COC(=O)c1c(N)n(-c2ccc(OC)c(Cl)c2)c2nc3ccccc3nc12,0
ZINC00636291,DUD_p38_D_607,COC(=O)c1c(N)n(-c2ccc(Cl)cc2)c2nc3ccccc3nc12,0
ZINC00637502,DUD_p38_D_608,Cc1[nH+]c2ccc(Cl)cn2c1C(=O)N/N=C\c1c(O)ccc2ccccc12,0
ZINC00638091,DUD_p38_D_609,CSc1nc2n(n1)[C@@H](c1ccccc1)C[C@@H](c1cc(F)ccc1O)N2,0
ZINC00638093,DUD_p38_D_610,CSc1nc2n(n1)[C@H](c1ccccc1)C[C@@H](c1cc(F)ccc1O)N2,0
ZINC00638094,DUD_p38_D_611,CSc1nc2n(n1)[C@H](c1ccccc1)C[C@H](c1cc(F)ccc1O)N2,0
ZINC00638096,DUD_p38_D_612,CSc1nc2n(n1)[C@@H](c1ccccc1)C[C@H](c1cc(F)ccc1O)N2,0
ZINC00638108,DUD_p38_D_613,COc1cccc([C@H]2C[C@H](c3cc(Cl)ccc3O)Nc3ncnn32)c1,0
ZINC00638115,DUD_p38_D_614,COc1cccc([C@H]2C[C@H](c3cc(Cl)ccc3O)Nc3ncnn32)c1,0
ZINC00638889,DUD_p38_D_615,CCOC(=O)c1cc(C(=O)Nc2ccccc2F)c2ccc3ccccc3n12,0
ZINC00639370,DUD_p38_D_616,Cc1ccc(S(=O)(=O)Nc2ccccc2[C@@H]2Nc3ccccc3S2)cc1,0
ZINC00640050,DUD_p38_D_617,Cc1cc(Cl)ccc1NC(=O)CN1C(=O)c2cccc3cccc1c23,0
ZINC00640114,DUD_p38_D_618,Cc1cc(NC(=O)CN2C(=O)c3cccc4cccc2c34)ccc1Br,0
ZINC00640140,DUD_p38_D_619,COc1ccccc1-c1c(C)nn2c(N)c(-c3ccc(Cl)cc3)cnc12,0
ZINC00641292,DUD_p38_D_620,CC1=C(C(=O)Nc2cccc(C)c2C)[C@@H](c2ccc(O)cc2)NC(=S)N1,0
ZINC00641708,DUD_p38_D_621,Cc1cccc(C(=O)NC(=S)Nc2c(C)n(C)n(-c3ccccc3)c2=O)c1,0
ZINC00642533,DUD_p38_D_622,Cc1nc2c(cnn2-c2ccccc2)c(=O)n1NC(=S)Nc1ccccc1,0
ZINC00642662,DUD_p38_D_623,S=c1[nH]nc(-c2ccccc2)c2c(-c3ccccc3)n(-c3ccccc3)nc12,0
ZINC00642882,DUD_p38_D_624,COc1cc2c(-c3cccnc3)nc3[nH]nc(-c4ccccc4)c3c2cc1OC,0
ZINC00643085,DUD_p38_D_625,COc1ccc(-c2cc(-c3cccs3)nc3sc4c(=O)[nH]cnc4c23)cc1,0
ZINC00643361,DUD_p38_D_626,O=C(Nc1ccccc1Br)[C@H]1CC(=O)N(c2ccc3c4c(cccc24)CC3)C1,0
ZINC00643362,DUD_p38_D_627,O=C(Nc1ccccc1Br)[C@@H]1CC(=O)N(c2ccc3c4c(cccc24)CC3)C1,0
ZINC00643849,DUD_p38_D_628,Cc1nn(-c2ccccn2)c2c1C(Cl)=C(/C=N\Nc1ccccn1)CC2,0
ZINC00644192,DUD_p38_D_629,Cc1ccccc1NC(=O)c1cc(Cl)ccc1NC(=O)c1ccco1,0
ZINC00644201,DUD_p38_D_630,COc1ccc(C(=O)Nc2ccc(Cl)cc2C(=O)Nc2ccncc2)cc1,0
ZINC00644204,DUD_p38_D_631,COc1ccc(C(=O)Nc2ccc(Cl)cc2C(=O)NCc2ccco2)cc1,0
ZINC00644334,DUD_p38_D_632,Cc1cccn2cc(-c3cccc(NC(=O)c4c(F)cccc4F)c3)nc12,0
ZINC00644334,DUD_p38_D_633,Cc1cccn2cc(-c3cccc(NC(=O)c4c(F)cccc4F)c3)[nH+]c12,0
ZINC00644742,DUD_p38_D_634,C=CCn1c(=O)c2ccccc2[n+]2c(CC(=O)Nc3ccccc3)csc12,0
ZINC00644821,DUD_p38_D_635,Cc1cc(Cl)ccc1NC(=O)c1cc(=O)cc(-c2ccc(N(C)C)cc2)o1,0
ZINC00645143,DUD_p38_D_636,Cc1ccccc1-c1nnc(SCC(=O)Nc2ccccc2Cl)o1,0
ZINC00645317,DUD_p38_D_637,Cc1ccc(NC(=O)c2cc(S(=O)(=O)c3ccccc3)ccc2Cl)cc1,0
ZINC00645506,DUD_p38_D_638,COc1ccc(NC(=O)C2=C(C)Nc3ncnn3[C@@H]2c2ccc(Cl)cc2Cl)cc1,0
ZINC00645509,DUD_p38_D_639,COc1ccc(NC(=O)C2=C(C)Nc3ncnn3[C@@H]2c2cccc(Br)c2)cc1,0
ZINC00645522,DUD_p38_D_640,CCOc1ccccc1[C@H]1C(C(=O)Nc2ccc(F)cc2)=C(C)Nc2ncnn21,0
ZINC00645523,DUD_p38_D_641,CCOc1ccccc1[C@H]1C(C(=O)Nc2ccc(F)cc2)=C(C)Nc2ncnn21,0
ZINC00645532,DUD_p38_D_642,CC1=C(C(=O)Nc2ccc(F)cc2)[C@@H](c2ccc(Cl)cc2)n2ncnc2N1,0
ZINC00645533,DUD_p38_D_643,CC1=C(C(=O)Nc2ccc(F)cc2)[C@H](c2ccc(Cl)cc2)n2ncnc2N1,0
ZINC00645827,DUD_p38_D_644,Cc1ccc(C(=O)Nc2ccccc2C(=O)Nc2ccccn2)cc1Cl,0
ZINC00646329,DUD_p38_D_645,O=C(Cn1nnc2sc3c(c2c1=O)CCCC3)Nc1cccc2ccccc12,0
ZINC00646418,DUD_p38_D_646,CC1=C(C(=O)Nc2ccccc2C)[C@H](c2cccc(Br)c2)n2ncnc2N1,0
ZINC00646419,DUD_p38_D_647,CC1=C(C(=O)Nc2ccccc2C)[C@H](c2cccc(Br)c2)n2ncnc2N1,0
ZINC00646420,DUD_p38_D_648,CC1=C(C(=O)Nc2ccc(Cl)cc2)[C@@H](c2cccc(F)c2)n2ncnc2N1,0
ZINC00646421,DUD_p38_D_649,CC1=C(C(=O)Nc2ccc(Cl)cc2)[C@H](c2cccc(F)c2)n2ncnc2N1,0
ZINC00646422,DUD_p38_D_650,CC1=C(C(=O)Nc2ccccc2C)[C@@H](c2cccc(F)c2)n2ncnc2N1,0
ZINC00646423,DUD_p38_D_651,CC1=C(C(=O)Nc2ccccc2C)[C@@H](c2cccc(F)c2)n2ncnc2N1,0
ZINC00646424,DUD_p38_D_652,COc1ccc([C@@H]2C(C(=O)Nc3ccc(Cl)cc3)=C(C)Nc3ncnn32)cc1,0
ZINC00646425,DUD_p38_D_653,COc1ccc([C@H]2C(C(=O)Nc3ccc(Cl)cc3)=C(C)Nc3ncnn32)cc1,0
ZINC00646434,DUD_p38_D_654,CC1=C(C(=O)Nc2ccc(Cl)cc2)[C@@H](c2ccc3c(c2)OCO3)n2ncnc2N1,0
ZINC00646435,DUD_p38_D_655,CC1=C(C(=O)Nc2ccc(Cl)cc2)[C@@H](c2ccc3c(c2)OCO3)n2ncnc2N1,0
ZINC00646438,DUD_p38_D_656,CC1=C(C(=O)Nc2ccccc2C)[C@H](c2ccc(Cl)cc2)n2ncnc2N1,0
ZINC00646439,DUD_p38_D_657,CC1=C(C(=O)Nc2ccccc2C)[C@@H](c2ccc(Cl)cc2)n2ncnc2N1,0
ZINC00646440,DUD_p38_D_658,CC1=C(C(=O)Nc2ccccc2C)[C@H](c2ccc(Cl)c(Cl)c2)n2ncnc2N1,0
ZINC00646798,DUD_p38_D_659,Clc1cccc(-n2ncc3c(Nc4ccc(N5CCOCC5)cc4)ncnc32)c1,0
ZINC00646801,DUD_p38_D_660,Clc1cccc(-n2ncc3c(Nc4ccc5c(c4)OCCO5)ncnc32)c1,0
ZINC00648297,DUD_p38_D_661,O=C(Nc1nnc(-c2cccs2)s1)c1ccc(OC2CCCC2)cc1,0
ZINC00648324,DUD_p38_D_662,Cc1ccc(NC(=O)CSc2nnc(-c3ccccc3)n2C)cc1Cl,0
ZINC00648326,DUD_p38_D_663,Cc1c(Cl)cccc1NC(=O)CSc1nnc(-c2ccccc2)n1C,0
ZINC00648589,DUD_p38_D_664,Cn1cc(CNC(=O)c2cc(-c3ccccc3)nc3ccc(Br)cc23)cn1,0
ZINC00648868,DUD_p38_D_665,Cc1ccc(NC(=O)c2cnn3c(C(F)F)cc(-c4ccccc4)nc23)cc1F,0
ZINC00649919,DUD_p38_D_666,Cn1c(SCC(=O)Nc2ccccc2)nnc1-c1ccc(Br)cc1,0
ZINC00652429,DUD_p38_D_667,Cc1ccc(-c2csc(NC(=O)/C=C/c3ccc4c(c3)OCO4)n2)cc1,0
ZINC00652560,DUD_p38_D_668,Cn1cc(Br)c(C(=O)Nc2ccn(Cc3cccc4ccccc34)n2)n1,0
ZINC00653847,DUD_p38_D_669,CCc1ccc(-c2nc(NC(=S)NC(=O)c3ccco3)sc2C)cc1,0
ZINC00655013,DUD_p38_D_670,Cc1ccc(C(=O)N/N=C\c2coc3ccc(Cl)cc3c2=O)cc1C,0
ZINC00655204,DUD_p38_D_671,CC1=C(C(=O)Nc2ccccc2C)[C@@H](c2ccccc2O)NC(=S)N1,0
ZINC00655206,DUD_p38_D_672,CC1=C(C(=O)Nc2ccccc2C)[C@H](c2ccccc2O)NC(=S)N1,0
ZINC00655214,DUD_p38_D_673,CC1=C(C(=O)Nc2ccccc2C)[C@H](c2ccc(O)cc2)NC(=S)N1,0
ZINC00655215,DUD_p38_D_674,CC1=C(C(=O)Nc2ccccc2C)[C@H](c2ccc(O)cc2)NC(=S)N1,0
ZINC00655236,DUD_p38_D_675,Cc1ccc(C)c(-c2nc(NC(=S)NC(=O)c3cccnc3)sc2C)c1,0
ZINC00655249,DUD_p38_D_676,CC1=C(C(=O)Nc2ccc(C)cc2)[C@H](c2ccccc2O)NC(=S)N1,0
ZINC00655251,DUD_p38_D_677,CC1=C(C(=O)Nc2ccc(C)cc2)[C@H](c2ccccc2O)NC(=S)N1,0
ZINC00655465,DUD_p38_D_678,Cc1cc(-c2ccccc2)nc2cc(C(=O)Nc3ccc(Cl)cc3)nn12,0
ZINC00655729,DUD_p38_D_679,Cc1c(C(=O)NCc2ccnn2C)c(-c2ccccc2)nn1-c1ccccc1,0
ZINC00655917,DUD_p38_D_680,Cc1ccc(NC(=O)c2ccccc2F)c(NC(=O)c2ccccc2F)c1,0
ZINC00656162,DUD_p38_D_681,O=C(Nc1ccncc1)c1cc(-c2ccc(Cl)s2)nc2ccccc12,0
ZINC00656176,DUD_p38_D_682,Cc1ccc(-c2nc3ccccc3c(C(=O)Nc3ccncc3)c2C)cc1,0
ZINC00656270,DUD_p38_D_683,O=C(Nc1ncccn1)c1cc(-c2cccc(Br)c2)nc2ccccc12,0
ZINC00656799,DUD_p38_D_684,O=C(N/N=C/c1c(F)cccc1Cl)[C@@H]1CC(=O)N(c2ccccc2)C1,0
ZINC00656804,DUD_p38_D_685,O=C(N/N=C\c1c(F)cccc1Cl)[C@@H]1CC(=O)N(c2ccccc2)C1,0
ZINC00656865,DUD_p38_D_686,Cn1cc(Br)c(C(=O)Nc2nc3ccccc3n2Cc2ccccc2)n1,0
ZINC00656865,DUD_p38_D_687,Cn1cc(Br)c(C(=O)Nc2[nH+]c3ccccc3n2Cc2ccccc2)n1,0
ZINC00657252,DUD_p38_D_688,Brc1ccc(C2=C[C@H](c3cccc4ccccc34)n3nnnc3N2)cc1,0
ZINC00659430,DUD_p38_D_689,CC1=NN(c2ccccc2)C(=O)/C1=C/c1c(C)nn(-c2ccccc2C)c1O,0
ZINC00662983,DUD_p38_D_690,COc1cc(/C=N\c2c(-c3ccco3)[nH+]c3ccccn23)cc(Br)c1O,0
ZINC00664102,DUD_p38_D_691,Cc1cccc(-n2c(C)nnc2SCC(=O)Nc2cccc(Cl)c2)c1,0
ZINC00664950,DUD_p38_D_692,Cc1ccc(S(=O)(=O)CNC(=S)c2ccc3ccccc3c2)cc1,0
ZINC00665485,DUD_p38_D_693,Cc1c(Cl)cccc1NC(=O)CN1C(=O)c2cccc3cccc1c23,0
ZINC00665947,DUD_p38_D_694,Cc1cc(Br)ccc1NC(=O)CSc1ncn(-c2ccccc2)n1,0
ZINC00666036,DUD_p38_D_695,Cc1ccc(C(=O)Nc2nnc(SCc3ccccc3)s2)cc1C,0
ZINC00666495,DUD_p38_D_696,CC(=O)Nc1ccc(-n2sc3c(c2=S)-c2ccccc2NC3(C)C)cc1,0
ZINC00666511,DUD_p38_D_697,CC(=O)Nc1ccc(NC(=O)c2ccc(-c3ccc(Br)cc3)o2)cc1,0
ZINC00667339,DUD_p38_D_698,Cc1nn(-c2ccccc2)c(C)c1/C=N/NC(=O)c1cccc(Cl)c1,0
ZINC00667807,DUD_p38_D_699,Cc1ccc(-c2csc(NC(=O)CSc3nc4ccccc4o3)n2)cc1,0
ZINC00668113,DUD_p38_D_700,C[C@H](O)C12c3ccccc3C(c3ccccc31)[C@H]1C(=O)N(c3ccc(Cl)cc3)C(=O)[C@H]12,0
ZINC00668115,DUD_p38_D_701,C[C@H](O)C12c3ccccc3C(c3ccccc31)[C@H]1C(=O)N(c3cccc(Cl)c3)C(=O)[C@@H]12,0
ZINC00668116,DUD_p38_D_702,Cc1ccc(N2C(=O)[C@@H]3C4c5ccccc5C([C@@H](C)O)(c5ccccc54)[C@H]3C2=O)cc1,0
ZINC00668940,DUD_p38_D_703,Cc1nn(-c2ccccc2)c(C)c1/C=N/NS(=O)(=O)c1ccc(Cl)cc1,0
ZINC00669331,DUD_p38_D_704,COc1ccccc1[C@@H]1Nc2ccccc2C(=O)N1c1ccc(Cl)cc1,0
ZINC00669332,DUD_p38_D_705,COc1ccccc1[C@@H]1Nc2ccccc2C(=O)N1c1ccc(Cl)cc1,0
ZINC00669545,DUD_p38_D_706,CC1=C(C(=O)Nc2ccccc2)[C@H](c2ccc3c(c2)OCO3)NC(=S)N1,0
ZINC00670072,DUD_p38_D_707,Cc1c(C=C2C(=O)NC(=S)NC2=O)cc(-c2ccccc2)n1-c1ccccc1,0
ZINC00670617,DUD_p38_D_708,O=C(Nc1cccc2c(NC(=O)c3cccs3)cccc12)c1cccs1,0
ZINC00670654,DUD_p38_D_709,Cc1ccc(-c2cc(C(=O)Nc3nncs3)c3ccccc3n2)c(C)c1,0
ZINC00671633,DUD_p38_D_710,Cc1ccc(-c2cc(C(=O)Nc3cccnc3)c3ccccc3n2)cc1C,0
ZINC00672068,DUD_p38_D_711,O=C(NCc1ccccc1)c1cc2n(n1)[C@@H](C(F)(F)F)C[C@H](c1ccccc1)N2,0
ZINC00672070,DUD_p38_D_712,O=C(NCc1ccccc1)c1cc2n(n1)[C@H](C(F)(F)F)C[C@@H](c1ccccc1)N2,0
ZINC00672104,DUD_p38_D_713,O=C(NCc1ccco1)c1cnn2c1N[C@H](c1ccccc1)C[C@@H]2C(F)(F)F,0
ZINC00672106,DUD_p38_D_714,O=C(NCc1ccco1)c1cnn2c1N[C@H](c1ccccc1)C[C@H]2C(F)(F)F,0
ZINC00672109,DUD_p38_D_715,O=C(NCc1ccco1)c1cnn2c1N[C@@H](c1ccccc1)C[C@@H]2C(F)(F)F,0
ZINC00672744,DUD_p38_D_716,O=C(N[C@@H]1CCCC[C@@H]1NC(=O)c1ccc(F)cc1)c1ccc(F)cc1,0
ZINC00672752,DUD_p38_D_717,O=C(N[C@@H]1CCCC[C@H]1NC(=O)c1ccccc1Cl)c1ccccc1Cl,0
ZINC00672758,DUD_p38_D_718,O=C(N[C@H]1CCCC[C@@H]1NC(=O)c1ccccc1Cl)c1ccccc1Cl,0
ZINC00675644,DUD_p38_D_719,CC(=O)N(C)c1ccc(NC(=S)NC(=O)c2ccc(Cl)cc2)cc1,0
ZINC00675663,DUD_p38_D_720,CSc1nnc2c(n1)O[C@H](/C(C)=C/c1ccccc1)Nc1ccccc1-2,0
ZINC00675666,DUD_p38_D_721,CSc1nnc2c(n1)O[C@@H](/C(C)=C/c1ccccc1)Nc1ccccc1-2,0
ZINC00675912,DUD_p38_D_722,CCOC(=O)C1=C(C)[C@@H](c2cccc(Oc3ccccc3)c2)NC(=S)N1,0
ZINC00675914,DUD_p38_D_723,CCOC(=O)C1=C(C)[C@H](c2cccc(Oc3ccccc3)c2)NC(=S)N1,0
ZINC00676229,DUD_p38_D_724,Cc1ccc(-c2[nH]ncc2/C=N\NC(=O)c2cc(Cl)ccc2Cl)cc1,0
ZINC00676345,DUD_p38_D_725,CCc1ccc(-c2n[nH]cc2/C=N/NC(=O)c2ccc(Cl)cc2)cc1,0
ZINC00676345,DUD_p38_D_726,CCc1ccc(-c2[nH]ncc2/C=N/NC(=O)c2ccc(Cl)cc2)cc1,0
ZINC00677332,DUD_p38_D_727,O=C(Cc1ccccc1)Nc1ccc2nn(-c3ccc(Cl)cc3)nc2c1,0
ZINC00677428,DUD_p38_D_728,COc1cc(OC)cc(C(=O)Nc2ccc3oc(-c4ccccc4F)nc3c2)c1,0
ZINC00677810,DUD_p38_D_729,O=C(Nc1cccc(C(=O)Nc2cccc(Cl)c2)c1)c1ccc(F)cc1,0
ZINC00678086,DUD_p38_D_730,CC(C)c1ccc(C(=O)Nc2ccc(NC(=O)c3cccs3)cc2)cc1,0
ZINC00678495,DUD_p38_D_731,COC(=O)c1ccc(NC(=S)NC(=O)c2cccc3ccccc23)cc1,0
ZINC00678521,DUD_p38_D_732,COC(=O)c1ccccc1NC(=S)NC(=O)c1oc2ccccc2c1C,0
ZINC00678627,DUD_p38_D_733,Cc1cccc(C)c1NC(=O)CSc1nnc(-c2ccc(Cl)cc2)o1,0
ZINC00679001,DUD_p38_D_734,O=C(NC(=S)Nc1ccc2oc(-c3ccccc3F)nc2c1)c1ccco1,0
ZINC00679004,DUD_p38_D_735,COC(=O)c1ccccc1NC(=S)NC(=O)c1ccc2ccccc2c1,0
ZINC00679750,DUD_p38_D_736,Cc1ccc([C@@H]2Nc3cc(NC(=O)c4cccnc4Cl)ccc3O2)cc1C,0
ZINC00679751,DUD_p38_D_737,Cc1ccc([C@H]2Nc3cc(NC(=O)c4cccnc4Cl)ccc3O2)cc1C,0
ZINC00680612,DUD_p38_D_738,CSc1nnc(-c2cccc(NC(=O)c3cccc4ccccc34)c2)n1C,0
ZINC00680943,DUD_p38_D_739,Cc1cccc(C(=O)NC(=S)Nc2ccc(NC(=O)c3ccco3)cc2)c1,0
ZINC00681016,DUD_p38_D_740,Cc1cccc(C(=O)NC(=S)Nc2nc(-c3ccccc3)cs2)c1,0
ZINC00681083,DUD_p38_D_741,Cc1ccc(-c2ccc(/C=N\NC(=O)c3ccncc3)o2)c(Br)c1,0
ZINC00681778,DUD_p38_D_742,O=C1CCCC2=C1[C@@H](c1ccco1)Nc1cc(C(=O)c3ccccc3)ccc1N2,0
ZINC00681779,DUD_p38_D_743,O=C1CCCC2=C1[C@@H](c1ccco1)Nc1cc(C(=O)c3ccccc3)ccc1N2,0
ZINC00682221,DUD_p38_D_744,O=C(Nc1ccc(Cl)c(NC(=O)c2ccccc2)c1)c1ccccc1,0
ZINC00682879,DUD_p38_D_745,C[C@@H](C(=O)Nc1ccc(Cl)cn1)c1cccc(C(=O)c2ccccc2)c1,0
ZINC00683380,DUD_p38_D_746,CC1(C)Nc2ccccc2-c2nnc(SCc3ccccc3)nc2O1,0
ZINC00684186,DUD_p38_D_747,CCSc1nnc2c(n1)O[C@@H](c1cccc(F)c1)Nc1ccccc1-2,0
ZINC00684905,DUD_p38_D_748,COc1ccc(-c2nnc(S[C@H]3CCc4ccccc4NC3=O)[nH]2)cc1,0
ZINC00684909,DUD_p38_D_749,COc1ccccc1-c1nnc(S[C@H]2CCc3ccccc3NC2=O)s1,0
ZINC00684910,DUD_p38_D_750,COc1ccccc1-c1nnc(S[C@@H]2CCc3ccccc3NC2=O)s1,0
ZINC00684911,DUD_p38_D_751,COc1ccc(-c2nnc(S[C@@H]3CCc4ccccc4NC3=O)s2)cc1,0
ZINC00684912,DUD_p38_D_752,COc1ccc(-c2nnc(S[C@H]3CCc4ccccc4NC3=O)s2)cc1,0
ZINC00685820,DUD_p38_D_753,CCc1ccc(-c2n[nH]cc2/C=N/NC(=O)c2cccc(Br)c2)cc1,0
ZINC00685820,DUD_p38_D_754,CCc1ccc(-c2[nH]ncc2/C=N\NC(=O)c2cccc(Br)c2)cc1,0
ZINC00686253,DUD_p38_D_755,Cc1cc(/C=C2/C(=O)NC(=S)N(c3ccccc3F)C2=O)c(C)n1-c1ccncc1,0
ZINC00686693,DUD_p38_D_756,Cc1cc(Cl)ccc1NC(=O)CSc1nnc(-c2ccccc2)n1C,0
ZINC00687273,DUD_p38_D_757,Cc1sc(NC(=O)COC(=O)c2ccccc2)nc1-c1ccccc1,0
ZINC00687882,DUD_p38_D_758,O=C(c1ccccc1)N1C[C@@](O)(c2ccccc2)N(c2ccccc2)C1=S,0
ZINC00687884,DUD_p38_D_759,Cc1ccc(N2C(=S)N(C(=O)c3ccccc3)C[C@@]2(O)c2ccccc2)cc1,0
ZINC00687885,DUD_p38_D_760,Cc1ccc(N2C(=S)N(C(=O)c3ccccc3)C[C@@]2(O)c2ccccc2)cc1,0
ZINC00688108,DUD_p38_D_761,COc1ccc2nc3c(cc2c1)[C@@H](O)n1nc(-c2ccc(Cl)cc2)nc1S3,0
ZINC00688763,DUD_p38_D_762,CCOc1ccccc1[C@H]1Nc2ccccc2-c2nnc(SC)nc2O1,0
ZINC00688776,DUD_p38_D_763,CCSc1nnc2c(n1)O[C@@H](c1ccccc1C)Nc1ccccc1-2,0
ZINC00689349,DUD_p38_D_764,Cc1ccc(-c2cc(C(=O)NCc3cccnc3)c3ccccc3n2)s1,0
ZINC00689384,DUD_p38_D_765,COc1ccc2c(c1)[C@@H]1NC(=S)N[C@@](C)(O2)[C@H]1C(=O)Nc1ccccc1,0
ZINC00689386,DUD_p38_D_766,CN1C(=S)N[C@H]2c3ccccc3O[C@]1(C)[C@@H]2C(=O)Nc1ccccc1,0
ZINC00691531,DUD_p38_D_767,COc1cc(OC)cc(-c2nnc(S)n2-c2cccc3ccccc23)c1,0
ZINC00693018,DUD_p38_D_768,Cc1ccc(-c2nnc(-c3ccc(NC(=O)Cc4cccs4)cc3)o2)cc1,0
ZINC00693117,DUD_p38_D_769,Cc1cccc(-c2nnc(-c3cccc(NC(=O)Cc4cccs4)c3)o2)c1,0
ZINC00693414,DUD_p38_D_770,COc1nc(-c2ccc(C)cc2)n(-c2ccc(NC(=O)c3ccco3)cc2)n1,0
ZINC00694634,DUD_p38_D_771,O=C(Nc1cccc2ccccc12)[C@]12C[C@H]3C[C@@H](C1)C[C@](n1cncn1)(C3)C2,0
ZINC00695689,DUD_p38_D_772,O=S(=O)(NN=C1CCC(c2ccccc2)CC1)c1ccc(Br)cc1,0
ZINC00695922,DUD_p38_D_773,NC(=O)c1c(-c2ccccc2)csc1NC(=O)[C@@H]1C[C@H]1c1ccccc1,0
ZINC00695923,DUD_p38_D_774,NC(=O)c1c(-c2ccccc2)csc1NC(=O)[C@@H]1C[C@H]1c1ccccc1,0
ZINC00695925,DUD_p38_D_775,NC(=O)c1c(-c2ccccc2)csc1NC(=O)[C@H]1C[C@H]1c1ccccc1,0
ZINC00702158,DUD_p38_D_776,Cc1[nH]cnc1-c1nnc2n1-c1ccc(Cl)cc1C(c1ccccc1Cl)=NC2,0
ZINC00702158,DUD_p38_D_777,Cc1nc[nH]c1-c1nnc2n1-c1ccc(Cl)cc1C(c1ccccc1Cl)=NC2,0
ZINC00702158,DUD_p38_D_778,Cc1[nH]c[nH+]c1-c1nnc2n1-c1ccc(Cl)cc1C(c1ccccc1Cl)=NC2,0
ZINC00702811,DUD_p38_D_779,CC(=O)c1ccc(NC(=S)N2CCN(c3ccccc3F)CC2)cc1,0
ZINC00703536,DUD_p38_D_780,COc1ccc([C@@H]2NC(=S)NC(C)=C2C(=O)Nc2ccccn2)cc1,0
ZINC00703553,DUD_p38_D_781,CC1=C(C(=O)Nc2ccccn2)[C@H](c2cccc(Br)c2)n2ncnc2N1,0
ZINC00703557,DUD_p38_D_782,CC1=C(C(=O)Nc2ccccc2)[C@@H](c2ccccc2Cl)n2ncnc2N1,0
ZINC00703558,DUD_p38_D_783,CC1=C(C(=O)Nc2ccccc2)[C@@H](c2ccccc2Cl)n2ncnc2N1,0
ZINC00703559,DUD_p38_D_784,CC1=C(C(=O)Nc2ccccc2)[C@H](c2ccc(Cl)cc2)n2ncnc2N1,0
ZINC00703560,DUD_p38_D_785,CC1=C(C(=O)Nc2ccccc2)[C@H](c2ccc(Cl)cc2)n2ncnc2N1,0
ZINC00703561,DUD_p38_D_786,CC1=C(C(=O)Nc2ccccc2)[C@H](c2ccc(Br)cc2)n2ncnc2N1,0
ZINC00703562,DUD_p38_D_787,CC1=C(C(=O)Nc2ccccc2)[C@@H](c2ccc(Br)cc2)n2ncnc2N1,0
ZINC00703564,DUD_p38_D_788,CC1=C(C(=O)Nc2ccccc2)[C@H](c2cccc(Br)c2)n2ncnc2N1,0
ZINC00704084,DUD_p38_D_789,O=C(Nc1nc2ccccc2n1Cc1ccc(Cl)cc1)c1ccco1,0
ZINC00704084,DUD_p38_D_790,O=C(Nc1[nH+]c2ccccc2n1Cc1ccc(Cl)cc1)c1ccco1,0
ZINC00704361,DUD_p38_D_791,O=c1c(Cc2ccccc2)c(O)cc(-c2cccnc2)n1-c1ccc(Cl)cc1,0
ZINC00704928,DUD_p38_D_792,COc1ccc(NC(=O)c2cc3c(C)nn(-c4ccccc4)c3s2)cc1,0
ZINC00705335,DUD_p38_D_793,Cc1cccc(NC(=O)c2cc(N3C(=O)c4ccccc4C3=O)ccc2Cl)c1C,0
ZINC00705650,DUD_p38_D_794,CN(C)c1ccc([C@@H]2Nc3ccccc3C(=O)N2c2ccc(Cl)cc2)cc1,0
ZINC00705651,DUD_p38_D_795,CN(C)c1ccc([C@H]2Nc3ccccc3C(=O)N2c2ccc(Cl)cc2)cc1,0
ZINC00706212,DUD_p38_D_796,COc1ccc([C@@H]2Nc3ccccc3C(=O)N2c2ccc(Cl)cc2)cc1,0
ZINC00706213,DUD_p38_D_797,COc1ccc([C@H]2Nc3ccccc3C(=O)N2c2ccc(Cl)cc2)cc1,0
ZINC00706822,DUD_p38_D_798,CCc1ccc(NC(=S)Nc2c(C)n(C)n(-c3ccccc3)c2=O)cc1,0
ZINC00707754,DUD_p38_D_799,O=c1c(-c2ccccc2)c(O)cc(-c2cccs2)n1-c1ccc(Cl)cc1,0
ZINC00707759,DUD_p38_D_800,CC(C)(C)c1cc(O)c(-c2ccccc2)c(=O)n1-c1ccc(Cl)cc1,0
ZINC00707781,DUD_p38_D_801,O=c1c(-c2ccccc2)c(O)cc(-c2ccncc2)n1-c1ccc(Cl)cc1,0
ZINC00708598,DUD_p38_D_802,COc1ccccc1C(=O)NNc1nc(-c2ccc(Br)cc2)cs1,0
ZINC00708621,DUD_p38_D_803,COc1ccccc1C(=O)NNc1nc(-c2ccc(Cl)cc2)cs1,0
ZINC00708857,DUD_p38_D_804,COc1ccc([C@@H]2CC(=O)C3=C(C2)Nc2ccccc2N[C@H]3c2ccncc2)cc1,0
ZINC00709157,DUD_p38_D_805,O=C(Nc1ccc2c(c1)OCO2)c1cc2n(n1)[C@@H](C(F)(F)F)C[C@H](c1ccccc1)N2,0
ZINC00709158,DUD_p38_D_806,O=C(Nc1ccc2c(c1)OCO2)c1cc2n(n1)[C@H](C(F)(F)F)C[C@H](c1ccccc1)N2,0
ZINC00709345,DUD_p38_D_807,Cc1ccc2[nH]c(SCC(=O)Nc3nc4ccccc4s3)nc2c1,0
ZINC00709345,DUD_p38_D_808,Cc1ccc2[nH]c(SCC(=O)Nc3nc4ccccc4s3)[nH+]c2c1,0
ZINC00709345,DUD_p38_D_809,Cc1ccc2nc(SCC(=O)Nc3nc4ccccc4s3)[nH]c2c1,0
ZINC00710913,DUD_p38_D_810,O=C(Nc1ccc(C(=O)N2CCCCC2)cc1)c1ccc(Br)cc1,0
ZINC00711456,DUD_p38_D_811,Cc1cc(C)c(NC(=O)c2cccs2)c(C)c1NC(=O)c1cccs1,0
ZINC00712290,DUD_p38_D_812,COc1cc(-c2[nH+]c3ccccn3c2/N=C\c2ccc(Cl)cc2)ccc1O,0
ZINC00712308,DUD_p38_D_813,COc1cccc(NC(=O)c2cc3c(C)nn(-c4ccccc4)c3s2)c1,0
ZINC00712857,DUD_p38_D_814,Cc1ccc(-c2nn(-c3cc(Cl)ccc3N)c(=O)c3ccccc23)cc1C,0
ZINC00713079,DUD_p38_D_815,Cn1cc(/C=C2/C(=O)NC(=O)N(c3ccccc3Cl)C2=O)c2ccccc21,0
ZINC00713745,DUD_p38_D_816,COc1ccc([C@@H]2Nc3ccccc3C(=O)N2c2ccc(Br)cc2)cc1,0
ZINC00713746,DUD_p38_D_817,COc1ccc([C@@H]2Nc3ccccc3C(=O)N2c2ccc(Br)cc2)cc1,0
ZINC00714724,DUD_p38_D_818,O=C1c2ccccc2N[C@H](c2ccc3c(c2)OCO3)N1c1ccc(Cl)cc1,0
ZINC00715346,DUD_p38_D_819,CC(C)[C@@H](C(=O)Nc1cccc(Cl)c1)N1C(=O)c2ccccc2C1=O,0
ZINC00716250,DUD_p38_D_820,O=C(CSc1nnc2c(n1)[nH]c1ccccc12)N1CCCc2ccccc21,0
ZINC00716809,DUD_p38_D_821,Cc1ccccc1N1C[C@H](C(=O)N/N=C/c2ccc(Br)cc2)CC1=O,0
ZINC00716810,DUD_p38_D_822,Cc1ccccc1N1C[C@@H](C(=O)N/N=C\c2ccc(Br)cc2)CC1=O,0
ZINC00716811,DUD_p38_D_823,Cc1ccccc1N1C[C@@H](C(=O)N/N=C/c2ccc(Br)cc2)CC1=O,0
ZINC00716812,DUD_p38_D_824,Cc1ccccc1N1C[C@@H](C(=O)N/N=C\c2ccc(Br)cc2)CC1=O,0
ZINC00716954,DUD_p38_D_825,CN(C)c1ccc(N2C(=O)c3ccccc3N[C@@H]2c2ccccc2Cl)cc1,0
ZINC00716955,DUD_p38_D_826,CN(C)c1ccc(N2C(=O)c3ccccc3N[C@@H]2c2ccccc2Cl)cc1,0
ZINC00717103,DUD_p38_D_827,O=C(Cn1c(-c2cncs2)nc2ccccc21)Nc1ccc(Cl)cc1,0
ZINC00717103,DUD_p38_D_828,O=C(Cn1c(-c2cncs2)[nH+]c2ccccc21)Nc1ccc(Cl)cc1,0
ZINC00718298,DUD_p38_D_829,Cn1c2ccccc2c2nnc(SCC(=O)Nc3cccc(F)c3)nc21,0
ZINC00718895,DUD_p38_D_830,Cc1nn(-c2ccccc2)c2sc(C(=O)Nc3ccc(F)cc3)cc12,0
ZINC00719970,DUD_p38_D_831,O=C1c2[nH]nc(-c3ccc(F)cc3)c2[C@@H](c2ccc(F)cc2)N1c1ccccc1,0
ZINC00719970,DUD_p38_D_832,O=C1c2n[nH]c(-c3ccc(F)cc3)c2[C@@H](c2ccc(F)cc2)N1c1ccccc1,0
ZINC00721124,DUD_p38_D_833,Cc1cccc(C(=O)Nc2ccc3c(c2)CCCN3C(=O)c2ccccc2)c1,0
ZINC00721177,DUD_p38_D_834,CCC1=NN=C(c2ccc(F)cc2)[C@H](c2c(C)[nH]c3ccccc23)N1O,0
ZINC00721931,DUD_p38_D_835,C=CCN1N=C(c2ccc(NC(=O)c3ccccc3)cc2)CSC1=O,0
ZINC00722515,DUD_p38_D_836,Cc1cccc(C(=O)Nc2ccc(NC(=O)c3ccc(Br)o3)cc2)c1,0
ZINC00722847,DUD_p38_D_837,Cc1ccc(S(=O)(=O)Nc2ccc3nc(-c4cccc(F)c4)oc3c2)cc1,0
ZINC00722929,DUD_p38_D_838,O=C(Cc1ccc(Cl)cc1)Nc1cccc(-c2nc3ncccc3o2)c1,0
ZINC00723270,DUD_p38_D_839,Cc1c(NC(=S)NC(=O)c2ccccc2)cccc1-c1nc2ncccc2o1,0
ZINC00723975,DUD_p38_D_840,O=C1CCCC2=C1[C@H](c1cccc(Br)c1)n1nc(-c3ccccc3)nc1N2,0
ZINC00724310,DUD_p38_D_841,COC(=O)c1ccccc1NC(=S)NC(=O)c1cc2ccccc2cc1OC,0
ZINC00724353,DUD_p38_D_842,CC(C)CC(=O)NC(=S)Nc1ccc2oc(-c3cccnc3)nc2c1,0
ZINC00724363,DUD_p38_D_843,CC(C)CC(=O)NC(=S)Nc1ccc2nn(-c3ccc(F)cc3)nc2c1,0
ZINC00724736,DUD_p38_D_844,CCCC(=O)Nc1ccc(Cl)c(NC(=O)c2ccc3ccccc3c2)c1,0
ZINC00726264,DUD_p38_D_845,O=C1NC(=S)NC(=O)C1=Cc1cn(-c2ccccc2)nc1-c1ccccc1,0
ZINC00726817,DUD_p38_D_846,O=c1c2ccccc2nc(-c2ccco2)n1/N=C/c1cc(Cl)ccc1O,0
ZINC00727186,DUD_p38_D_847,O=C(Nc1sc2c(c1C(=O)Nc1ccccc1)CCC2)c1ccccc1,0
ZINC00727188,DUD_p38_D_848,Cc1ccccc1NC(=O)c1c(NC(=O)c2cccnc2)sc2c1CCC2,0
ZINC00727262,DUD_p38_D_849,Cc1c(/N=C/c2sc3ccccc3c2O)c(=O)n(-c2ccccc2)n1C,0
ZINC00727479,DUD_p38_D_850,CCOC(=O)C1=C(N)Oc2c(c(=O)oc3ccccc23)[C@@H]1c1cccc(Cl)c1,0
ZINC00728342,DUD_p38_D_851,Cc1c(/N=C\c2cc(Br)ccc2O)c(=O)n(-c2ccccc2)n1C,0
ZINC00728645,DUD_p38_D_852,O=c1[nH]c2ccc(Cl)cc2c(-c2ccccc2)c1C1=NN[C@@H](c2ccco2)C1,0
ZINC00728645,DUD_p38_D_853,Oc1nc2ccc(Cl)cc2c(-c2ccccc2)c1C1=NN[C@@H](c2ccco2)C1,0
ZINC00729871,DUD_p38_D_854,COc1ccc([C@H]2C=C(c3ccc(Br)cc3)Nc3ncnn32)cc1OC,0
ZINC00729872,DUD_p38_D_855,COc1ccc([C@@H]2C=C(c3ccc(Br)cc3)Nc3ncnn32)cc1OC,0
ZINC00732273,DUD_p38_D_856,CCn1c(SCC(=O)Nc2ccc(F)c(F)c2)nnc1-c1ccccc1,0
ZINC00734587,DUD_p38_D_857,Cc1ccc(-n2nc(-c3ccco3)cc2C(=O)Nc2ccc(F)cc2)cc1,0
ZINC00734671,DUD_p38_D_858,O=C(NCc1ccncc1)c1cc(-c2ccco2)nn1-c1ccc(F)cc1,0
ZINC00734953,DUD_p38_D_859,O=C(NCc1ccco1)c1cc(-c2ccco2)nn1-c1ccccc1Cl,0
ZINC00735009,DUD_p38_D_860,O=C(NCc1ccccn1)c1cc(-c2ccco2)nn1-c1ccccc1Cl,0
ZINC00738259,DUD_p38_D_861,C[C@H](NC(=O)c1ccc2ccccc2c1)c1nc2cc(Cl)ccc2c(=O)n1C,0
ZINC00738260,DUD_p38_D_862,C[C@H](NC(=O)c1ccc2ccccc2c1)c1nc2cc(Cl)ccc2c(=O)n1C,0
ZINC00738293,DUD_p38_D_863,C[C@@H](NC(=O)c1cccc2ccccc12)c1nc2cc(Cl)ccc2c(=O)n1C,0
ZINC00738294,DUD_p38_D_864,C[C@H](NC(=O)c1cccc2ccccc12)c1nc2cc(Cl)ccc2c(=O)n1C,0
ZINC00738415,DUD_p38_D_865,C[C@H](Cl)C(=O)Nc1ccc(N2CCN(C(=O)c3ccccc3)CC2)cc1,0
ZINC00752639,DUD_p38_D_866,O=S(=O)(c1ccc(-c2csc(Nc3ccc(F)cc3)n2)cc1)N1CCCC1,0
ZINC00752647,DUD_p38_D_867,CC(=O)N1c2ccccc2CCc2ccc(NC(=O)c3ccccc3)cc21,0
ZINC00752656,DUD_p38_D_868,Cc1cc(O)c(C2=Nc3ccccc3S[C@@H](c3ccccc3Br)C2)c(=O)o1,0
ZINC00752925,DUD_p38_D_869,COc1ccc(-c2nn(-c3ccccc3)cc2C(=O)Nc2nccs2)cc1,0
ZINC00752953,DUD_p38_D_870,CC(C)(C)C(=O)Nc1ncnc2oc(-c3ccccc3)c(-c3ccccc3)c12,0
ZINC00753009,DUD_p38_D_871,O=C(N/N=C/c1c[nH]c2ccccc12)c1cnn(-c2ccccc2)c1C(F)(F)F,0
ZINC00753181,DUD_p38_D_872,CSc1ccc([C@H]2CC(c3c(O)cc(C)oc3=O)=Nc3ccccc3S2)cc1,0
ZINC00753587,DUD_p38_D_873,O=C(Nc1ccc(N2CCOCC2)cc1)c1sc2ccccc2c1Cl,0
ZINC00753617,DUD_p38_D_874,COc1cccc([C@@H]2NC(=O)c3sc(=S)n(-c4ccccc4)c3N2)c1,0
ZINC00753988,DUD_p38_D_875,Clc1ccc2nc(Nc3[nH]c4ccccc4[nH+]3)nc(-c3ccccc3)c2c1,0
ZINC00754007,DUD_p38_D_876,Cc1ccc2nc(Nc3[nH]c4ccccc4[nH+]3)nc(-c3ccccc3)c2c1,0
ZINC00754028,DUD_p38_D_877,Cc1ccc2nc(N3CC(=O)Nc4ccccc43)nc(-c3ccccc3)c2c1,0
ZINC00754029,DUD_p38_D_878,O=C1CN(c2nc(-c3ccccc3)c3cc(Cl)ccc3n2)c2ccccc2N1,0
ZINC00754210,DUD_p38_D_879,Cc1cc(O)c(C2=Nc3ccccc3S[C@H](c3ccccc3)C2)c(=O)o1,0
ZINC00754211,DUD_p38_D_880,Cc1cc(O)c(C2=Nc3ccccc3S[C@H](c3ccccc3)C2)c(=O)o1,0
ZINC00754329,DUD_p38_D_881,COc1ccc2ccccc2c1[C@H]1NC(S)=NC(C)=C1C(=O)Nc1ccccc1,0
ZINC00754333,DUD_p38_D_882,Cc1cc(O)c(C2=Nc3ccccc3S[C@@H](c3ccccn3)C2)c(=O)o1,0
ZINC00754556,DUD_p38_D_883,COc1ccc(O)c([C@H]2c3[nH]c4ccccc4c3C[C@@H]3C(=O)N(C)C(=S)N32)c1,0
ZINC00755210,DUD_p38_D_884,Cc1cc(O)c(C2=Nc3ccccc3S[C@H](c3ccsc3)C2)c(=O)o1,0
ZINC00755694,DUD_p38_D_885,Cn1c(=O)c2c(-c3ccc(Cl)cc3)c3c(O)c4ccccc4c-3[nH]c2n(C)c1=O,0
ZINC00755712,DUD_p38_D_886,Cc1cc(O)c(C2=Nc3ccccc3S[C@@H](c3cccs3)C2)c(=O)o1,0
ZINC00756245,DUD_p38_D_887,Cn1c(=O)c2c(-c3ccc(F)cc3)c3c(O)c4ccccc4c-3[nH]c2n(C)c1=O,0
ZINC00756466,DUD_p38_D_888,Cc1cc(=O)n(-c2nc(-c3ccccc3)cc(-c3ccc(Br)cc3)n2)[nH]1,0
ZINC00756717,DUD_p38_D_889,COc1ccc(-n2ncc3c(Nc4ccc(Br)cc4)ncnc32)cc1,0
ZINC00756741,DUD_p38_D_890,COc1ccc(-n2ncc3c(Nc4ccc(F)c(Cl)c4)ncnc32)cc1,0
ZINC00756773,DUD_p38_D_891,CC(C)c1ccc(Nc2ncnc3c2cnn3-c2ccc(Cl)cc2)cc1,0
ZINC00758706,DUD_p38_D_892,O=C1CN(C(=O)c2ccccc2)[C@@H](c2ccccc2)c2cc(Br)ccc2N1,0
ZINC00763025,DUD_p38_D_893,C=CCN1C(=O)[C@@H]2Cc3c([nH]c4ccccc34)[C@@H](c3ccc(O)cc3)N2C1=S,0
ZINC00766026,DUD_p38_D_894,Fc1ccc(N2CCN(c3nc(NCCc4ccccn4)ns3)CC2)cc1,0
ZINC00766375,DUD_p38_D_895,Fc1ccc(N2CCN(c3nc(NCc4ccccc4)ns3)CC2)cc1,0
ZINC00766376,DUD_p38_D_896,c1ccc(CNc2nsc(N3CCN(c4ncccn4)CC3)n2)cc1,0
ZINC00773340,DUD_p38_D_897,O=C(N[C@@H]1CCCC[C@H]1O)c1c(-c2ccc(F)cc2)noc1-c1ccccc1,0
ZINC00773405,DUD_p38_D_898,O=C(NC1CCCC1)c1c(-c2ccc(F)cc2)noc1-c1ccsc1,0
ZINC00773425,DUD_p38_D_899,O=C(NCCc1ccc(F)cc1)c1c(-c2ccc(F)cc2)noc1-c1ccoc1,0
ZINC00773428,DUD_p38_D_900,O=C(NCC1CCCCC1)c1c(-c2ccc(F)cc2)noc1-c1ccoc1,0
ZINC00773581,DUD_p38_D_901,Cc1onc(-c2ccc(F)cc2)c1C(=O)NCCc1c[nH]c2ccccc12,0
ZINC00773709,DUD_p38_D_902,CC(C)NC(=O)c1c(-c2ccc(F)cc2)noc1-c1ccccc1,0
ZINC00773784,DUD_p38_D_903,O=C(NCc1ccccc1)c1c(-c2ccc(F)cc2)noc1-c1ccoc1,0
ZINC00773798,DUD_p38_D_904,COc1ccccc1-c1onc(-c2ccc(F)cc2)c1C(=O)NC(C)C,0
ZINC00773806,DUD_p38_D_905,CC(C)CNC(=O)c1c(-c2ccc(F)cc2)noc1-c1ccccc1,0
ZINC00774579,DUD_p38_D_906,O=C(NC1CCCC1)c1c(-c2ccccc2Cl)noc1-c1ccoc1,0
ZINC00774580,DUD_p38_D_907,O=C(NC1CCCCC1)c1c(-c2ccccc2Cl)noc1-c1ccoc1,0
ZINC00774843,DUD_p38_D_908,O=C(NCc1ccccc1)c1c(-c2ccccc2Cl)noc1-c1ccoc1,0
ZINC00774844,DUD_p38_D_909,O=C(NCc1ccccc1F)c1c(-c2ccccc2Cl)noc1-c1ccoc1,0
ZINC00778479,DUD_p38_D_910,Cc1cccc(-c2nnc(SCC(=O)Nc3ccccc3F)n2C)c1,0
ZINC00778821,DUD_p38_D_911,Cc1sc(NC(=O)C(c2ccccc2)c2ccccc2)c(C(N)=O)c1C,0
ZINC00779046,DUD_p38_D_912,O=C(Nc1cc(-c2nc3ccccc3s2)ccc1Cl)c1cccnc1,0
ZINC00779162,DUD_p38_D_913,Cc1ccc(-c2nnc(SCC(=O)Nc3cccc(F)c3)n2C)cc1,0
ZINC00779328,DUD_p38_D_914,Cn1c(SCC(=O)Nc2cccc3ccccc23)nnc1-c1ccco1,0
ZINC00780283,DUD_p38_D_915,O=C1c2ccccc2N[C@@H](c2ccc(Cl)cc2)N1c1ccc(O)cc1,0
ZINC00780403,DUD_p38_D_916,O=C(Nc1cccc2ccccc12)C1CCN(C(=O)c2ccccc2)CC1,0
ZINC00780466,DUD_p38_D_917,O=C(Nc1cccc2ccccc12)C1CCN(C(=O)c2ccc(Cl)cc2)CC1,0
ZINC00780474,DUD_p38_D_918,O=C(Nc1cccc2ccccc12)C1CCN(C(=O)c2ccccc2Cl)CC1,0
ZINC00780491,DUD_p38_D_919,O=C(Nc1cccc2ccccc12)C1CCN(C(=O)c2ccc(F)cc2)CC1,0
ZINC00780596,DUD_p38_D_920,S=C(Nc1ccc2nc(-c3ccco3)c(-c3ccco3)nc2c1)N1CCCC1,0
ZINC00780614,DUD_p38_D_921,Cn1c(=O)c2c(-c3ccccc3Cl)c3c(nc2n(C)c1=O)-c1ccccc1[C@H]3O,0
ZINC00780615,DUD_p38_D_922,Cn1c(=O)c2c(-c3ccccc3Cl)c3c(nc2n(C)c1=O)-c1ccccc1[C@H]3O,0
ZINC00780616,DUD_p38_D_923,Cn1c(=O)c2c(-c3cccc(F)c3)c3c(nc2n(C)c1=O)-c1ccccc1[C@@H]3O,0
ZINC00780617,DUD_p38_D_924,Cn1c(=O)c2c(-c3cccc(F)c3)c3c(nc2n(C)c1=O)-c1ccccc1[C@H]3O,0
ZINC00780618,DUD_p38_D_925,Cn1c(=O)c2c(-c3ccccc3F)c3c(nc2n(C)c1=O)-c1ccccc1[C@H]3O,0
ZINC00780705,DUD_p38_D_926,COc1ccc(C(=O)Nc2cccc(NC(=O)c3cccs3)c2)cc1,0
ZINC00782909,DUD_p38_D_927,Cn1nc(CC(=O)Nc2nc(-c3ccccc3)cs2)c2ccccc2c1=O,0
ZINC00783170,DUD_p38_D_928,Cc1cc(O)c(C2=Nc3ccccc3S[C@@H](c3ccccc3Cl)C2)c(=O)o1,0
ZINC00783171,DUD_p38_D_929,Cc1cc(O)c(C2=Nc3ccccc3S[C@H](c3ccccc3Cl)C2)c(=O)o1,0
ZINC00783395,DUD_p38_D_930,Cc1cc2ccccc2n2c(SCC(=O)Nc3ccccc3F)nnc12,0
ZINC00783556,DUD_p38_D_931,COc1ccc([C@H]2C=C(Nc3ccc(F)cc3)C(=O)N2c2ccc(F)cc2)cc1,0
ZINC00783951,DUD_p38_D_932,O=C(Nc1cccc2ccccc12)C1CCN(C(=O)c2cccc(Cl)c2)CC1,0
ZINC00784001,DUD_p38_D_933,O=C(Nc1ccccc1Br)C1CCN(C(=O)c2cccs2)CC1,0
ZINC00784014,DUD_p38_D_934,O=C(Nc1cccc2ccccc12)C1CCN(C(=O)c2cccs2)CC1,0
ZINC00784163,DUD_p38_D_935,CSc1ccccc1C(=O)Nc1ccc2c(c1)N(C(C)=O)c1ccccc1CC2,0
ZINC00784648,DUD_p38_D_936,COC(=O)c1ccc(NC(=S)N2CCN(c3ccccc3F)CC2)cc1,0
ZINC00784656,DUD_p38_D_937,O=C(CSc1nnc(-c2c[nH]c3ccccc23)o1)N1CCCc2ccccc21,0
ZINC00788124,DUD_p38_D_938,O=C(Nc1cccc2ccccc12)[C@@H]1CC(=O)N(c2ccc(Cl)cc2)C1,0
ZINC00788126,DUD_p38_D_939,O=C(Nc1cccc2ccccc12)[C@H]1CC(=O)N(c2ccc(Cl)cc2)C1,0
ZINC00790262,DUD_p38_D_940,Cc1cccc2cc(CN(Cc3ccccc3)C(=O)c3cccs3)c(=O)[nH]c12,0
ZINC00791091,DUD_p38_D_941,CCOc1ccc(N2CC(=O)C(c3nc4ccccc4s3)=C2N)cc1,0
ZINC00791097,DUD_p38_D_942,Cc1c(Cl)cccc1N1CC(=O)C(c2nc3ccccc3s2)=C1N,0
ZINC00791101,DUD_p38_D_943,CCOc1ccccc1N1CC(=O)C(c2nc3ccccc3s2)=C1N,0
ZINC00791103,DUD_p38_D_944,COc1ccc(OC)c(N2CC(=O)C(c3nc4ccccc4s3)=C2N)c1,0
ZINC00791340,DUD_p38_D_945,COc1ccc(Cl)cc1N1CC(=O)C(c2nc3ccccc3s2)=C1N,0
ZINC00792505,DUD_p38_D_946,Cc1ccc(C(=O)Nc2cccc(NC(=O)c3ccco3)c2)c(Cl)c1,0
ZINC00792506,DUD_p38_D_947,Cc1ccc(C(=O)Nc2ccc(NC(=O)c3ccco3)cc2)c(Cl)c1,0
ZINC00792876,DUD_p38_D_948,Cc1ccc(Nc2c3c4c(cccc4n(C)c2=O)C(=O)c2ccccc2-3)cc1,0
ZINC00793365,DUD_p38_D_949,Cc1ccccc1CN1C(=O)[C@@](O)(c2c[nH]c3ccccc23)c2ccccc21,0
ZINC00793961,DUD_p38_D_950,Cc1nn(-c2ccccc2)c2sc(C(=O)N/N=C/c3ccc4c(c3)OCO4)cc12,0
ZINC00793962,DUD_p38_D_951,Cc1nn(-c2ccccc2)c2sc(C(=O)N/N=C\c3ccc4c(c3)OCO4)cc12,0
ZINC00793967,DUD_p38_D_952,COc1ccccc1NC(=O)c1cc2c(C)nn(-c3ccccc3)c2s1,0
ZINC00793970,DUD_p38_D_953,Cc1nn(-c2ccccc2)c2sc(C(=O)N/N=C/c3cccnc3)cc12,0
ZINC00794835,DUD_p38_D_954,Cc1cccc(C)c1NC(=O)Cn1c(-c2cncs2)nc2ccccc21,0
ZINC00794835,DUD_p38_D_955,Cc1cccc(C)c1NC(=O)Cn1c(-c2cncs2)[nH+]c2ccccc21,0
ZINC00794850,DUD_p38_D_956,Cc1ccc(NC(=O)Cn2c(-c3cncs3)nc3ccccc32)cc1,0
ZINC00794850,DUD_p38_D_957,Cc1ccc(NC(=O)Cn2c(-c3cncs3)[nH+]c3ccccc32)cc1,0
ZINC00795104,DUD_p38_D_958,Cc1cc2ccccc2n2c(SCC(=O)Nc3ccc(Cl)cc3)nnc12,0
ZINC00795697,DUD_p38_D_959,Nc1ncnc2c1c(-c1ccccc1)c(-c1ccccc1)n2C[C@H]1CCCO1,0
ZINC00795740,DUD_p38_D_960,O=C1C[C@H](c2cccs2)CC2=C1[C@@H]1c3ccccc3C(=O)N1c1ccccc1N2,0
ZINC00795742,DUD_p38_D_961,O=C1C[C@@H](c2cccs2)CC2=C1[C@@H]1c3ccccc3C(=O)N1c1ccccc1N2,0
ZINC00795841,DUD_p38_D_962,Cc1nn(-c2ccccc2)c2sc(C(=O)Nc3ccc4c(c3)OCCO4)cc12,0
ZINC00796184,DUD_p38_D_963,Cc1ccc(C(=O)Nc2ccc(NC(=O)c3ccco3)c(C)c2)c(Cl)c1,0
ZINC00796555,DUD_p38_D_964,O=C(Nc1ccccc1)[C@@H]1CC(=O)N(c2ccc3c4c(cccc24)CC3)C1,0
ZINC00796557,DUD_p38_D_965,O=C(Nc1ccccc1)[C@@H]1CC(=O)N(c2ccc3c4c(cccc24)CC3)C1,0
ZINC00797152,DUD_p38_D_966,COc1ccccc1NC(=O)c1cc(Cl)ccc1NC(=O)c1ccco1,0
ZINC00798601,DUD_p38_D_967,CCCC(=O)Nc1ccc(Cl)c(NC(=O)c2cc3ccccc3o2)c1,0
ZINC00799067,DUD_p38_D_968,O=C(NCc1ccco1)c1cnn2c(C(F)(F)F)cc(-c3ccccc3)nc12,0
ZINC00799091,DUD_p38_D_969,Cc1cccc(Nc2c3c4c(cccc4n(C)c2=O)C(=O)c2ccccc2-3)c1,0
ZINC00799702,DUD_p38_D_970,COc1ccc(N2C(=O)c3ccccc3N[C@H]2c2ccccc2Cl)cc1,0
ZINC00800882,DUD_p38_D_971,CC(=O)Nc1ccc(NC(=O)c2ccc(-c3ccc(Cl)cc3)o2)cc1,0
ZINC00801792,DUD_p38_D_972,O=C(CSc1nc2ccccc2o1)Nc1ccc(N2CCCCC2)cc1,0
ZINC00801957,DUD_p38_D_973,CC(=O)c1c(C(=S)Nc2ccccc2)cnn1-c1ccc(Br)cc1,0
ZINC00802255,DUD_p38_D_974,Cc1cccc(C(=O)Nc2ccc(NC(=O)c3ccc(Br)cc3)cc2)c1,0
ZINC00802334,DUD_p38_D_975,Cc1ccc(NC(=O)c2ccco2)c(NC(=O)c2ccc(Cl)cc2)c1,0
ZINC00802642,DUD_p38_D_976,CCOc1cc([C@H]2Nc3ccccc3C(=O)N2c2ccccc2F)ccc1O,0
ZINC00803084,DUD_p38_D_977,COc1ccc([C@H]2C[C@H](c3ccc(Cl)cc3)Nc3ncnn32)cc1OC,0
ZINC00803087,DUD_p38_D_978,COc1ccc([C@@H]2C[C@H](c3ccc(Cl)cc3)Nc3ncnn32)cc1OC,0
ZINC00803088,DUD_p38_D_979,COc1ccc([C@H]2C[C@@H](c3ccccc3Cl)Nc3ncnn32)cc1OC,0
ZINC00803091,DUD_p38_D_980,COc1ccc([C@@H]2C[C@H](c3ccccc3Cl)Nc3ncnn32)cc1OC,0
ZINC00803269,DUD_p38_D_981,Cc1ccc(NC(=O)CN2C(=O)c3cccc4cccc2c34)cc1Cl,0
ZINC00803271,DUD_p38_D_982,Cc1ccc(Cl)cc1NC(=O)CN1C(=O)c2cccc3cccc1c23,0
ZINC00803413,DUD_p38_D_983,O=C(Cc1cccc2ccccc12)Nc1ccc(N2CCOCC2)c(Cl)c1,0
ZINC00804259,DUD_p38_D_984,CC1(C)CC(=O)C2=C(C1)Nc1nn(-c3ccccc3)c(O)c1[C@@H]2c1ccco1,0
ZINC00804782,DUD_p38_D_985,Cc1c(NC(=S)Nc2ccc(Cl)cc2)c(=O)n(-c2ccccc2)n1C,0
ZINC00805090,DUD_p38_D_986,O=C(N/N=C\c1ccc(-c2cccc(Cl)c2)o1)[C@H]1COc2ccccc2O1,0
ZINC00805108,DUD_p38_D_987,Cc1ccc(C(=O)N/N=C/c2ccc(-c3ccc(C)c(Cl)c3)o2)cn1,0
ZINC00805645,DUD_p38_D_988,C/C(=N\NC(=O)c1cc(-c2ccccc2)n[nH]1)c1cccc(Br)c1,0
ZINC00805645,DUD_p38_D_989,C/C(=N\NC(=O)c1cc(-c2ccccc2)[nH]n1)c1cccc(Br)c1,0
ZINC00806555,DUD_p38_D_990,Cc1nc(Nc2nc3ccccc3s2)ncc1C(=O)Nc1ccc(F)cc1,0
ZINC00806650,DUD_p38_D_991,CCc1ccc(C(=O)Nc2ccc(NC(=O)c3ccccc3F)cc2)o1,0
ZINC00806937,DUD_p38_D_992,Cc1ccc(C(=O)Nc2cccc(NC(=O)c3cccs3)c2)c(C)c1,0
ZINC00807037,DUD_p38_D_993,COc1ccc([C@@H]2C=C(c3ccc(Cl)cc3)Nc3ncnn32)cc1OC,0
ZINC00807038,DUD_p38_D_994,COc1ccc([C@@H]2C=C(c3ccc(Cl)cc3)Nc3ncnn32)cc1OC,0
ZINC00807254,DUD_p38_D_995,COC(=O)c1cn(CC(=O)Nc2ccccc2C(F)(F)F)c2ccccc12,0
ZINC00807865,DUD_p38_D_996,COc1ccccc1NC(=O)C1=C(C)Nc2ncnn2[C@H]1c1ccccc1F,0
ZINC00807867,DUD_p38_D_997,COc1ccccc1NC(=O)C1=C(C)Nc2ncnn2[C@H]1c1ccccc1F,0
ZINC00807869,DUD_p38_D_998,COc1ccccc1NC(=O)C1=C(C)Nc2ncnn2[C@H]1c1cccc(F)c1,0
ZINC00807871,DUD_p38_D_999,COc1ccccc1NC(=O)C1=C(C)Nc2ncnn2[C@@H]1c1cccc(F)c1,0
ZINC00808154,DUD_p38_D_1000,Cc1nn(-c2ccccc2)c(Cl)c1C(=O)Nc1ccc(C)c2ncccc12,0
ZINC00808488,DUD_p38_D_1001,Cn1c(=O)[nH]c(=O)c2c1nc(N1CCc3ccccc3C1)n2Cc1ccccc1Cl,0
ZINC00808877,DUD_p38_D_1002,CCOC(=O)C1=C(N)Oc2c(c(=O)oc3ccccc23)[C@H]1c1c(F)cccc1Cl,0
ZINC00809539,DUD_p38_D_1003,Cc1ccc(-c2nc3ccccc3[nH]2)cc1NC(=O)c1ccc2c(c1)OCO2,0
ZINC00809784,DUD_p38_D_1004,Cc1ccc(C(=O)Nc2ccc3oc(-c4cccnc4)nc3c2)c(Cl)c1,0
ZINC00810600,DUD_p38_D_1005,CC(=O)Nc1ccc(NC(=O)c2ccc(-c3ccccc3Cl)o2)cc1,0
ZINC00810603,DUD_p38_D_1006,CC(=O)Nc1ccc(NC(=O)c2ccc(-c3cccc(C(F)(F)F)c3)o2)cc1,0
ZINC00811893,DUD_p38_D_1007,O=C(Cn1cc(C(=O)c2ccco2)c2ccccc21)Nc1ccc(F)cc1,0
ZINC00812730,DUD_p38_D_1008,COc1ccc(NC(=O)c2ccc(OC(=O)c3cccs3)cc2)cc1,0
ZINC00812951,DUD_p38_D_1009,Cn1c(SCC(=O)Nc2cccc(Cl)c2)nnc1-c1ccccc1,0
ZINC00812970,DUD_p38_D_1010,Cn1c(SCC(=O)Nc2ccc(Br)cc2)nnc1-c1ccccc1,0
ZINC00813644,DUD_p38_D_1011,COc1cc(NC(=O)c2cccs2)ccc1NC(=O)c1ccccc1Cl,0
ZINC00815250,DUD_p38_D_1012,O=C(NCc1cccnc1)c1cnn2c(C(F)F)cc(-c3ccccc3)nc12,0
ZINC00815267,DUD_p38_D_1013,O=C(NCc1ccc2c(c1)OCO2)c1cnn2c(C(F)F)cc(-c3ccccc3)nc12,0
ZINC00815308,DUD_p38_D_1014,COc1cccc(NC(=O)c2cnn3c(C(F)F)cc(-c4ccccc4)nc23)c1,0
ZINC00815344,DUD_p38_D_1015,Cc1ccc(-c2cc(C(F)F)n3ncc(C(=O)NCc4cccnc4)c3n2)cc1,0
ZINC00815356,DUD_p38_D_1016,Cc1ccc(-c2cc(C(F)F)n3ncc(C(=O)Nc4ccc5c(c4)OCO5)c3n2)cc1,0
ZINC00815362,DUD_p38_D_1017,Cc1ccc(-c2cc(C(F)F)n3ncc(C(=O)Nc4ccc(O)cc4)c3n2)cc1,0
ZINC00815721,DUD_p38_D_1018,O=C(Nc1cc(Cl)ccc1N1CCOCC1)c1cc2ccccc2o1,0
ZINC00815896,DUD_p38_D_1019,COC(=O)[C@H]1C(=O)C2=C(C[C@H]1C)Nc1ccccc1N[C@H]2c1ccc(Cl)cc1,0
ZINC00815903,DUD_p38_D_1020,COC(=O)[C@@H]1C(=O)C2=C(C[C@H]1C)Nc1ccccc1N[C@H]2c1cccc(Cl)c1,0
ZINC00815904,DUD_p38_D_1021,COC(=O)[C@H]1C(=O)C2=C(C[C@@H]1C)Nc1ccccc1N[C@H]2c1ccc(F)cc1,0
ZINC00816737,DUD_p38_D_1022,CCOc1ccc([C@H]2Nc3ccccc3-c3nnc(SC)nc3O2)cc1,0
ZINC00816738,DUD_p38_D_1023,CCOc1ccc([C@@H]2Nc3ccccc3-c3nnc(SC)nc3O2)cc1,0
ZINC00818326,DUD_p38_D_1024,O=C(Nc1ncc(Cc2ccccc2)s1)[C@@H]1COc2ccccc2O1,0
ZINC00818331,DUD_p38_D_1025,Cc1cccc(Cc2cnc(NC(=O)[C@H]3COc4ccccc4O3)s2)c1,0
ZINC00818333,DUD_p38_D_1026,Cc1cccc(Cc2cnc(NC(=O)[C@H]3COc4ccccc4O3)s2)c1,0
ZINC00818335,DUD_p38_D_1027,Cc1ccc(Cc2cnc(NC(=O)[C@@H]3COc4ccccc4O3)s2)cc1,0
ZINC00818336,DUD_p38_D_1028,Cc1ccc(Cc2cnc(NC(=O)[C@H]3COc4ccccc4O3)s2)cc1,0
ZINC00818337,DUD_p38_D_1029,O=C(Nc1ncc(Cc2ccccc2Cl)s1)[C@H]1COc2ccccc2O1,0
ZINC00818338,DUD_p38_D_1030,O=C(Nc1ncc(Cc2ccccc2Cl)s1)[C@@H]1COc2ccccc2O1,0
ZINC00818340,DUD_p38_D_1031,O=C(Nc1ncc(Cc2cccc(Cl)c2)s1)[C@H]1COc2ccccc2O1,0
ZINC00818341,DUD_p38_D_1032,O=C(Nc1ncc(Cc2cccc(Cl)c2)s1)[C@H]1COc2ccccc2O1,0
ZINC00818343,DUD_p38_D_1033,O=C(Nc1ncc(Cc2ccc(Cl)cc2)s1)[C@@H]1COc2ccccc2O1,0
ZINC00818344,DUD_p38_D_1034,O=C(Nc1ncc(Cc2ccc(Cl)cc2)s1)[C@@H]1COc2ccccc2O1,0
ZINC00818346,DUD_p38_D_1035,O=C(Nc1ncc(Cc2ccc(F)cc2)s1)[C@@H]1COc2ccccc2O1,0
ZINC00818354,DUD_p38_D_1036,O=C(Nc1ncc(Cc2ccccc2F)s1)[C@H]1COc2ccccc2O1,0
ZINC00818355,DUD_p38_D_1037,O=C(Nc1ncc(Cc2ccccc2F)s1)[C@H]1COc2ccccc2O1,0
ZINC00819397,DUD_p38_D_1038,Cc1ccc(Nc2nc(C(=O)N3CCc4ccccc4C3)cs2)cc1,0
ZINC00820216,DUD_p38_D_1039,O=S(=O)(NC1c2ccccc2Oc2ccccc21)c1ccc(Cl)cc1,0
ZINC00822101,DUD_p38_D_1040,CSc1nnc2c(n1)O[C@H](c1cn(C)c3ccccc13)Nc1ccccc1-2,0
ZINC00822102,DUD_p38_D_1041,CSc1nnc2c(n1)O[C@H](c1cn(C)c3ccccc13)Nc1ccccc1-2,0
ZINC00822536,DUD_p38_D_1042,COc1ccccc1[C@@H]1Nc2ccccc2-c2nnc(SC)nc2O1,0
ZINC00824760,DUD_p38_D_1043,COC(=O)c1ccc(C(=O)NC2c3ccccc3Oc3ccccc32)cc1,0
ZINC00826008,DUD_p38_D_1044,O=C(N/N=C/c1ccc(Cl)cc1Cl)[C@H]1CC(=O)N(c2ccccc2)C1,0
ZINC00826017,DUD_p38_D_1045,O=C(N/N=C/c1cccc(Br)c1)[C@H]1CC(=O)N(c2ccccc2)C1,0
ZINC00826018,DUD_p38_D_1046,O=C(N/N=C/c1cccc(Br)c1)[C@@H]1CC(=O)N(c2ccccc2)C1,0
ZINC00826020,DUD_p38_D_1047,O=C(N/N=C\c1cccc(Br)c1)[C@@H]1CC(=O)N(c2ccccc2)C1,0
ZINC00826719,DUD_p38_D_1048,COc1ccc(-c2[nH]c(-c3ccc(O)cc3)[nH+]c2-c2ccc(OC)cc2)cc1,0
ZINC00826827,DUD_p38_D_1049,CN(CCO)c1ccc2c3c(cccc13)C(=O)N(c1cccc(Cl)c1)C2=O,0
ZINC00827094,DUD_p38_D_1050,Cc1ccc(NC(=O)c2cc3nc(-c4ccco4)cc(C(F)(F)F)n3n2)cc1C,0
ZINC00827341,DUD_p38_D_1051,O=C(N/N=C/c1ccc(-c2ccc(Br)cc2)o1)c1ccc2c(c1)OCO2,0
ZINC00828054,DUD_p38_D_1052,COc1ccc(-n2nc3ccc(NC(=O)c4ccccc4F)cc3n2)cc1,0
ZINC00828365,DUD_p38_D_1053,C[C@@H]1C[C@H](Nc2ccccc2)c2ccccc2N1C(=O)c1ccc(F)cc1,0
ZINC00828833,DUD_p38_D_1054,CC1=C(C(=O)Nc2ccc(C)cc2)[C@@H](c2ccc(O)cc2)NC(=S)N1,0
ZINC00828834,DUD_p38_D_1055,CC1=C(C(=O)Nc2ccc(C)cc2)[C@@H](c2ccc(O)cc2)NC(=S)N1,0
ZINC00828843,DUD_p38_D_1056,CC1=C(C(=O)Nc2ccc(C)cc2)[C@H](c2c(O)ccc3ccccc23)NC(=S)N1,0
ZINC00828844,DUD_p38_D_1057,CC1=C(C(=O)Nc2ccc(C)cc2)[C@H](c2c(O)ccc3ccccc23)NC(=S)N1,0
ZINC00828855,DUD_p38_D_1058,CC1=C(C(=O)Nc2cccc(C)c2)[C@@H](c2ccccc2O)NC(=S)N1,0
ZINC00828856,DUD_p38_D_1059,CC1=C(C(=O)Nc2cccc(C)c2)[C@H](c2ccccc2O)NC(=S)N1,0
ZINC00828858,DUD_p38_D_1060,CC1=C(C(=O)Nc2cccc(C)c2)[C@H](c2ccc(O)cc2)NC(=S)N1,0
ZINC00828861,DUD_p38_D_1061,CC1=C(C(=O)Nc2cccc(C)c2)[C@H](c2c(O)ccc3ccccc23)NC(=S)N1,0
ZINC00828862,DUD_p38_D_1062,CC1=C(C(=O)Nc2cccc(C)c2)[C@H](c2c(O)ccc3ccccc23)NC(=S)N1,0
ZINC00829511,DUD_p38_D_1063,Cc1cc(-c2ccccc2)nc2cc(C(=O)Nc3cccc(Cl)c3)nn12,0
ZINC00829528,DUD_p38_D_1064,Cc1cc(-c2ccccc2)nc2cc(C(=O)Nc3ccc(F)cc3F)nn12,0
ZINC00829533,DUD_p38_D_1065,CSc1ccccc1NC(=O)c1cc2nc(-c3ccccc3)cc(C)n2n1,0
ZINC00829876,DUD_p38_D_1066,COc1ccc(-c2ccc(/C=N/NC(=O)c3ccccn3)o2)cc1Cl,0
ZINC00830105,DUD_p38_D_1067,Cc1cc(NC(=O)c2ccc(Br)o2)ccc1NC(=O)c1ccccc1,0
ZINC00830378,DUD_p38_D_1068,Cc1c(/N=C/c2cc(Cl)cc(Cl)c2O)c(=O)n(-c2ccccc2)n1C,0
ZINC00832885,DUD_p38_D_1069,O=C(Nc1ccc(-c2[nH]c3ccccc3[nH+]2)cc1)c1cccc(Br)c1,0
ZINC00833315,DUD_p38_D_1070,COc1ccc([C@H]2NC(=O)c3sc(=S)n(-c4ccccc4)c3N2)cc1,0
ZINC00833500,DUD_p38_D_1071,C[C@@H](O)c1ccc2c(c1)-c1nn(-c3ccc(Cl)cc3)c(=O)cc1CCS2,0
ZINC00834609,DUD_p38_D_1072,O=c1[nH]c2cc(Cl)ccc2c(=O)cc1N1CCC(Oc2ccccc2)CC1,0
ZINC00834966,DUD_p38_D_1073,O=C(c1ccccc1)N1CCc2[nH]c3c(cnc4cc(Cl)ccc43)c2C1,0
ZINC00834969,DUD_p38_D_1074,O=C(c1ccncc1)N1CCc2[nH]c3c(cnc4cc(Cl)ccc43)c2C1,0
ZINC00834970,DUD_p38_D_1075,O=C(c1ccco1)N1CCc2[nH]c3c(cnc4cc(Cl)ccc43)c2C1,0
ZINC00837316,DUD_p38_D_1076,CN1CC(=O)NN=C1c1ccc(OCc2ccc3ccccc3n2)c(Cl)c1,0
ZINC00837622,DUD_p38_D_1077,CC(=O)Nc1cc(-c2ccc(Br)cc2)nn1Cc1ccccc1,0
ZINC00837959,DUD_p38_D_1078,O=c1[nH]c2cc(Cl)ccc2c(O)c1-c1cccc(Cc2ccccc2)c1,0
ZINC00840289,DUD_p38_D_1079,O=c1c2nc[nH]c2n(-c2ccc(Cl)cc2)c(=O)n1Cc1ccccc1F,0
ZINC00840289,DUD_p38_D_1080,O=c1c2[nH]c[nH+]c2n(-c2ccc(Cl)cc2)c(=O)n1Cc1ccccc1F,0
ZINC00840293,DUD_p38_D_1081,Cc1ccccc1-n1c(=O)n(Cc2ccccc2C(F)(F)F)c(=O)c2nc[nH]c21,0
ZINC00840293,DUD_p38_D_1082,Cc1ccccc1-n1c(=O)n(Cc2ccccc2C(F)(F)F)c(=O)c2[nH]c[nH+]c21,0
ZINC00840297,DUD_p38_D_1083,CSc1ccccc1-n1c(=O)n(Cc2ccccc2F)c(=O)c2nc[nH]c21,0
ZINC00840297,DUD_p38_D_1084,CSc1ccccc1-n1c(=O)n(Cc2ccccc2F)c(=O)c2[nH]c[nH+]c21,0
ZINC00840590,DUD_p38_D_1085,Brc1ccc2c(c1)N=C(NCc1cccnc1)c1ccccc1N2,0
ZINC00840740,DUD_p38_D_1086,O=C(N/N=C\c1c(-c2ccccc2)nc2sc3c(n12)CCCC3)c1cccnc1,0
ZINC00840740,DUD_p38_D_1087,O=C(N/N=C\c1c(-c2ccccc2)[nH+]c2sc3c(n12)CCCC3)c1cccnc1,0
ZINC00840740,DUD_p38_D_1088,O=C(N/N=C/c1c(-c2ccccc2)[nH+]c2sc3c(n12)CCCC3)c1cccnc1,0
ZINC00841579,DUD_p38_D_1089,O=C(Nc1ccc(N2CCOCC2)cc1)c1cccc2c(Br)cccc12,0
ZINC00841958,DUD_p38_D_1090,CC(=O)N1N=C(c2ccc(Br)cc2)C[C@@H]1c1nc2ccccc2[nH]1,0
ZINC00842154,DUD_p38_D_1091,Cc1nc2scc(-c3ccccc3)c2c(=O)n1/N=C\c1ccccc1O,0
ZINC00843003,DUD_p38_D_1092,Cc1ccc([C@H]2NC(=O)c3sc(=S)n(-c4ccccc4)c3N2)cc1,0
ZINC00843792,DUD_p38_D_1093,O=C(Nc1ccc2ccccc2c1)[C@@H]1CC(=O)N(c2ccc(Cl)cc2)C1,0
ZINC00843793,DUD_p38_D_1094,O=C(Nc1ccc2ccccc2c1)[C@H]1CC(=O)N(c2ccc(Cl)cc2)C1,0
ZINC00843953,DUD_p38_D_1095,O=C1NCN(c2nc(-c3ccccc3)c3cc(Cl)ccc3n2)c2ccccc21,0
ZINC00845062,DUD_p38_D_1096,O=C(NCc1ccccc1)c1cnn2c(C(F)(F)F)cc(-c3ccco3)nc12,0
ZINC00846550,DUD_p38_D_1097,COC(=O)[C@@H](Cc1c[nH]c2ccccc12)NC(=O)c1ccccc1Br,0
ZINC00846559,DUD_p38_D_1098,CCN1C(=O)c2cccc3c(NC(=O)c4ccc(Br)cc4)ccc1c23,0
ZINC00847212,DUD_p38_D_1099,COc1ccc(Cl)cc1C(=O)Nc1ccc2oc(-c3cccnc3)nc2c1,0
ZINC00848477,DUD_p38_D_1100,O=C(NCc1ccco1)c1cc2nc3c(c(C(F)(F)F)n2n1)CCc1ccccc1-3,0
ZINC00848691,DUD_p38_D_1101,Cc1ccc(-c2cc(C(F)(F)F)n3ncc(C(=O)Nc4cccnc4)c3n2)cc1,0
ZINC00848696,DUD_p38_D_1102,Cc1ccc(-c2cc(C(F)(F)F)n3nc(C(=O)NCc4ccco4)cc3n2)cc1,0
ZINC00848911,DUD_p38_D_1103,O=C(Nc1ccc(Cl)c(-c2[nH]c3ccccc3[nH+]2)c1)c1cccc(F)c1,0
ZINC00848914,DUD_p38_D_1104,Cc1cccc(C(=O)Nc2ccc(Cl)c(-c3[nH]c4ccccc4[nH+]3)c2)c1,0
ZINC00849423,DUD_p38_D_1105,O=C(Nc1ccc(N2CCOCC2)c(Cl)c1)c1cccc2ccccc12,0
ZINC00849424,DUD_p38_D_1106,O=C(Nc1ccc(N2CCOCC2)c(Cl)c1)c1ccc2ccccc2c1,0
ZINC00849465,DUD_p38_D_1107,COc1ccc(C(=O)NC(=S)Nc2cccc3ccc(C)nc23)cc1,0
ZINC00849781,DUD_p38_D_1108,Cc1ccccc1NC(=O)CSc1nnc(-c2cccc(Br)c2)o1,0
ZINC00849887,DUD_p38_D_1109,C[C@@H](O)C12c3ccccc3C(c3ccccc31)[C@@H]1C(=O)N(c3ccccc3F)C(=O)[C@@H]12,0
ZINC00851209,DUD_p38_D_1110,Cc1cccc(C)c1NC(=O)CSc1nc(-c2ccc(Br)cc2)n[nH]1,0
ZINC00851712,DUD_p38_D_1111,COc1ccc(N2C(=O)c3ccccc3N[C@H]2c2ccc(Cl)cc2)cc1,0
ZINC00851893,DUD_p38_D_1112,COc1ccc(C(=O)Nc2cc(-c3nc4ncccc4o3)ccc2C)cc1Cl,0
ZINC00852601,DUD_p38_D_1113,CC(C)c1ccc(NC(=O)CSc2ncc(-c3ccccc3)[nH]2)cc1,0
ZINC00852678,DUD_p38_D_1114,CC1(C)C[C@@](C)(c2ccccc2)c2ccccc2N1C(=O)CSc1nnc[nH]1,0
ZINC00852679,DUD_p38_D_1115,CC1(C)C[C@](C)(c2ccccc2)c2ccccc2N1C(=O)CSc1nnc[nH]1,0
ZINC00853353,DUD_p38_D_1116,CC(=O)Nc1ccc(Nc2nc(-c3c(C)nc4ccccn34)cs2)cc1,0
ZINC00853353,DUD_p38_D_1117,CC(=O)Nc1ccc(Nc2nc(-c3c(C)[nH+]c4ccccn34)cs2)cc1,0
ZINC00853599,DUD_p38_D_1118,Cc1cccc(-c2n[nH]c(SCC(=O)Nc3cccc(Cl)c3)n2)c1,0
ZINC00853661,DUD_p38_D_1119,Cc1ccc(NC(=O)CSc2nc(-c3ccc(Cl)cc3)n[nH]2)cc1,0
ZINC00853665,DUD_p38_D_1120,Cc1ccccc1NC(=O)CSc1nc(-c2ccc(Cl)cc2)n[nH]1,0
ZINC00854198,DUD_p38_D_1121,Cc1ccc(NC(=O)c2ccc(NC(=O)c3ccco3)cc2)cc1Cl,0
ZINC00854997,DUD_p38_D_1122,COc1ccc2[nH]c3c(c2c1)CCn1c-3nc2scc(-c3ccccc3)c2c1=O,0
ZINC00855247,DUD_p38_D_1123,Cc1ccc(NC(=O)[C@H](C)Sc2[nH]c(-c3ccc(Cl)cc3)c[nH+]2)cc1,0
ZINC00855420,DUD_p38_D_1124,C[C@H]1C[C@@H](Nc2cccc(F)c2)c2ccccc2N1C(=O)c1ccccc1,0
ZINC00855422,DUD_p38_D_1125,C[C@H]1C[C@H](Nc2cccc(F)c2)c2ccccc2N1C(=O)c1ccccc1,0
ZINC00855505,DUD_p38_D_1126,Cc1ccccc1NC(=O)[C@H](C)Sc1[nH]c(-c2ccc(Cl)cc2)c[nH+]1,0
ZINC00855506,DUD_p38_D_1127,Cc1ccccc1NC(=O)[C@H](C)Sc1[nH]c(-c2ccc(Cl)cc2)c[nH+]1,0
ZINC00855959,DUD_p38_D_1128,C[C@@H]1C[C@H](Nc2ccccc2)c2ccccc2N1C(=O)c1cccc(F)c1,0
ZINC00856102,DUD_p38_D_1129,COc1ccc(-c2c(C(=O)Nc3ccccc3)c(C)[nH]c(=S)c2C#N)cc1,0
ZINC00856390,DUD_p38_D_1130,Cc1ccc(S(=O)(=O)N(Cc2cccc(N)c2)c2cccc(Cl)c2)cc1,0
ZINC00856423,DUD_p38_D_1131,Cc1cccc(-c2nnc(SCC(=O)Nc3cccc4ccccc34)o2)c1,0
ZINC00856579,DUD_p38_D_1132,COc1ccc([C@H]2CC(=O)C3=C(C2)Nc2ccccc2N[C@H]3c2cccnc2)cc1,0
ZINC00856922,DUD_p38_D_1133,Cn1c2ccccc2c2nnc(SCC(=O)Nc3ccc(Cl)cc3)nc21,0
ZINC00856945,DUD_p38_D_1134,O=C(CSc1[nH]c2ccccc2[nH+]1)N1c2ccccc2Sc2ccccc21,0
ZINC00857339,DUD_p38_D_1135,O=C(CSc1nc2c(c(=O)[nH]1)C1(CCCC1)Cc1ccccc1-2)c1ccccc1,0
ZINC00857577,DUD_p38_D_1136,COc1ccc(C(=O)Nc2cccc([C@@H]3Nc4cc(Cl)ccc4O3)c2)cc1,0
ZINC00857578,DUD_p38_D_1137,COc1ccc(C(=O)Nc2cccc([C@H]3Nc4cc(Cl)ccc4O3)c2)cc1,0
ZINC00861965,DUD_p38_D_1138,O=C(Nc1ccc(Br)cc1)[C@H]1CCCN1C(=O)OCc1ccccc1,0
ZINC00861985,DUD_p38_D_1139,O=C(Nc1ccc(Br)cc1)[C@@H]1CCCN1C(=O)Oc1ccccc1,0
ZINC00861986,DUD_p38_D_1140,O=C(Nc1ccc(Br)cc1)[C@H]1CCCN1C(=O)Oc1ccccc1,0
ZINC00862017,DUD_p38_D_1141,Cc1ccccc1NC(=O)[C@@H]1CSCN1C(=O)OCc1ccccc1,0
ZINC00862695,DUD_p38_D_1142,O=C(Nc1ccccc1Cl)c1ccc(N2C(=O)[C@H]3[C@@H]4C=C[C@H](C4)[C@H]3C2=O)cc1,0
ZINC00863015,DUD_p38_D_1143,O=C(NCc1cccnc1)c1cc(-c2ccc(Cl)cc2)nc2ccccc12,0
ZINC00863293,DUD_p38_D_1144,Cc1ccc(-c2nnc(SCC(=O)Nc3ccccc3Cl)o2)cc1,0
ZINC00863300,DUD_p38_D_1145,Cc1cccc(-c2nnc(SCC(=O)Nc3ccccc3Cl)o2)c1,0
ZINC00863666,DUD_p38_D_1146,Cc1ccc(C(=O)N/N=C\c2c(C)nn(-c3ccccc3)c2Cl)cc1,0
ZINC00863694,DUD_p38_D_1147,Cc1ccc(NC(=O)c2cccs2)cc1NC(=O)c1ccc(Br)cc1,0
ZINC00864931,DUD_p38_D_1148,O=C(Nc1cccc(Cl)c1)c1cccc(N2C(=O)[C@H]3CC=CC[C@@H]3C2=O)c1,0
ZINC00864932,DUD_p38_D_1149,O=C(Nc1cccc(Cl)c1)c1cccc(N2C(=O)[C@H]3CC=CC[C@@H]3C2=O)c1,0
ZINC00864933,DUD_p38_D_1150,O=C(Nc1cccc(Cl)c1)c1cccc(N2C(=O)[C@@H]3CC=CC[C@@H]3C2=O)c1,0
ZINC00864934,DUD_p38_D_1151,O=C(Nc1cccc(Cl)c1)c1cccc(N2C(=O)[C@@H]3CC=CC[C@@H]3C2=O)c1,0
ZINC00865297,DUD_p38_D_1152,O=C(NCc1ccco1)c1cc2nc(-c3ccccc3)cc(C(F)(F)F)n2n1,0
ZINC00865704,DUD_p38_D_1153,O=C(NCc1ccco1)c1cc2n(n1)[C@H](C(F)(F)F)C[C@@H](c1cccs1)N2,0
ZINC00865705,DUD_p38_D_1154,O=C(NCc1ccco1)c1cc2n(n1)[C@H](C(F)(F)F)C[C@H](c1cccs1)N2,0
ZINC00865707,DUD_p38_D_1155,O=C(NCc1ccco1)c1cc2n(n1)[C@H](C(F)(F)F)C[C@@H](c1cccs1)N2,0
ZINC00865848,DUD_p38_D_1156,O=C(NCc1ccco1)c1cc2n(n1)[C@H](C(F)(F)F)C[C@H](c1ccco1)N2,0
ZINC00865849,DUD_p38_D_1157,O=C(NCc1ccco1)c1cc2n(n1)[C@H](C(F)(F)F)C[C@H](c1ccco1)N2,0
ZINC00865850,DUD_p38_D_1158,O=C(NCc1ccco1)c1cc2n(n1)[C@H](C(F)(F)F)C[C@@H](c1ccco1)N2,0
ZINC00865851,DUD_p38_D_1159,O=C(NCc1ccco1)c1cc2n(n1)[C@H](C(F)(F)F)C[C@H](c1ccco1)N2,0
ZINC00865853,DUD_p38_D_1160,O=C(c1cc2n(n1)[C@H](C(F)(F)F)C[C@H](c1ccco1)N2)N1CCCc2ccccc21,0
ZINC00866679,DUD_p38_D_1161,O=C(NCc1ccco1)c1cnn2c1N[C@@H](c1ccco1)C[C@@H]2C(F)(F)F,0
ZINC00866687,DUD_p38_D_1162,O=C(Nc1cccc(O)c1)c1cnn2c1N[C@@H](c1ccco1)C[C@@H]2C(F)(F)F,0
ZINC00866688,DUD_p38_D_1163,O=C(Nc1cccc(O)c1)c1cnn2c1N[C@@H](c1ccco1)C[C@H]2C(F)(F)F,0
ZINC00866689,DUD_p38_D_1164,O=C(Nc1cccc(O)c1)c1cnn2c1N[C@@H](c1ccco1)C[C@@H]2C(F)(F)F,0
ZINC00866690,DUD_p38_D_1165,O=C(Nc1cccc(O)c1)c1cnn2c1N[C@H](c1ccco1)C[C@H]2C(F)(F)F,0
ZINC00866691,DUD_p38_D_1166,O=C(Nc1ccc2c(c1)OCO2)c1cnn2c1N[C@H](c1ccco1)C[C@H]2C(F)(F)F,0
ZINC00866704,DUD_p38_D_1167,O=C(Nc1cccnc1)c1cnn2c1N[C@@H](c1ccco1)C[C@@H]2C(F)(F)F,0
ZINC00866767,DUD_p38_D_1168,O=C(NCc1ccco1)c1cnn2c1N[C@@H](c1ccc3c(c1)OCO3)C[C@H]2C(F)(F)F,0
ZINC00867372,DUD_p38_D_1169,O=C(CSc1ccccn1)Nc1nc2c(ccc3ccccc32)s1,0
ZINC00867659,DUD_p38_D_1170,Cn1cccc1-c1cc(C(=O)N/N=C\c2cccc(Br)c2)[nH]n1,0
ZINC00867659,DUD_p38_D_1171,Cn1cccc1-c1cc(C(=O)N/N=C\c2cccc(Br)c2)n[nH]1,0
ZINC00867760,DUD_p38_D_1172,COc1ccc(/C=N\NC(=O)c2cc(-c3ccccc3Cl)n[nH]2)cc1,0
ZINC00867760,DUD_p38_D_1173,COc1ccc(/C=N/NC(=O)c2cc(-c3ccccc3Cl)[nH]n2)cc1,0
ZINC00867762,DUD_p38_D_1174,CN(C)c1ccc(/C=N/NC(=O)c2cc(-c3ccccc3Cl)n[nH]2)cc1,0
ZINC00867762,DUD_p38_D_1175,CN(C)c1ccc(/C=N\NC(=O)c2cc(-c3ccccc3Cl)[nH]n2)cc1,0
ZINC00868438,DUD_p38_D_1176,COc1ccc(-n2nc3cc(C)c(NC(=O)c4cccs4)cc3n2)cc1,0
ZINC00868783,DUD_p38_D_1177,COc1ccc(C2=NN3[C@H](C2)c2ccccc2O[C@@H]3c2ccc(O)cc2)cc1,0
ZINC00869054,DUD_p38_D_1178,Cc1ccccc1-c1nnc(SCC(=O)Nc2ccc(Cl)cc2)n1C,0
ZINC00869055,DUD_p38_D_1179,Cc1ccccc1-c1nnc(SCC(=O)Nc2cccc(Cl)c2)n1C,0
ZINC00869162,DUD_p38_D_1180,O=C(CSc1[nH]c2ccccc2[nH+]1)N1c2ccccc2CCc2ccccc21,0
ZINC00869892,DUD_p38_D_1181,Cc1cccc(NC(=O)CSc2nnc(-c3ccc(Cl)cc3)n2C)c1,0
ZINC00869893,DUD_p38_D_1182,Cc1ccccc1NC(=O)CSc1nnc(-c2ccc(Cl)cc2)n1C,0
ZINC00869894,DUD_p38_D_1183,Cn1c(SCC(=O)Nc2ccccc2)nnc1-c1ccc(Cl)cc1,0
ZINC00869923,DUD_p38_D_1184,Cc1ccc(NC(=O)CSc2nnc(-c3ccc(Cl)cc3)n2C)cc1,0
ZINC00870486,DUD_p38_D_1185,Cc1cccc(-c2nnc(SCC(=O)Nc3ccc(Cl)cc3)n2C)c1,0
ZINC00870487,DUD_p38_D_1186,Cc1cccc(-c2nnc(SCC(=O)Nc3cccc(Cl)c3)n2C)c1,0
ZINC00872286,DUD_p38_D_1187,COc1cc(-c2[nH]c(-c3ccccc3)c(-c3cccs3)[nH+]2)cc(OC)c1O,0
ZINC00872422,DUD_p38_D_1188,O=C1CCCC2=C1[C@@H](c1ccco1)Nc1ccc(C(=O)c3ccccc3)cc1N2,0
ZINC00872423,DUD_p38_D_1189,O=C1CCCC2=C1[C@H](c1ccco1)Nc1ccc(C(=O)c3ccccc3)cc1N2,0
ZINC00872909,DUD_p38_D_1190,Cc1c(NC(=S)NCc2ccccc2)c(=O)n(-c2ccccc2)n1C,0
ZINC00873273,DUD_p38_D_1191,O=C(Nc1ccc(N2CCOCC2)cc1)c1ccc(-c2ccc(F)cc2)o1,0
ZINC00873672,DUD_p38_D_1192,C[C@H](Sc1[nH]c(-c2ccccc2)c[nH+]1)C(=O)Nc1cccc(Cl)c1,0
ZINC00873676,DUD_p38_D_1193,C[C@@H](Sc1[nH]c(-c2ccccc2)c[nH+]1)C(=O)Nc1cccc(Cl)c1,0
ZINC00873733,DUD_p38_D_1194,Cc1nc2ccccn2c1-c1csc(NC(=O)c2ccc(Br)cc2)n1,0
ZINC00873733,DUD_p38_D_1195,Cc1[nH+]c2ccccn2c1-c1csc(NC(=O)c2ccc(Br)cc2)n1,0
ZINC00873803,DUD_p38_D_1196,Cc1ccc(NC(=O)CSc2nc(-c3ccc(Cl)cc3)c[nH]2)cc1,0
ZINC00873803,DUD_p38_D_1197,Cc1ccc(NC(=O)CSc2[nH]c(-c3ccc(Cl)cc3)c[nH+]2)cc1,0
ZINC00875038,DUD_p38_D_1198,Cc1cc(O)c(C2=Nc3ccccc3S[C@H](c3ccc(Cl)cc3)C2)c(=O)o1,0
ZINC00875042,DUD_p38_D_1199,Cc1cc(O)c(C2=Nc3ccccc3S[C@@H](c3ccc(Cl)cc3)C2)c(=O)o1,0
ZINC00875068,DUD_p38_D_1200,Cc1cc(O)c(C2=Nc3ccccc3S[C@@H](c3ccccc3F)C2)c(=O)o1,0
ZINC00875071,DUD_p38_D_1201,Cc1cc(O)c(C2=Nc3ccccc3S[C@H](c3ccccc3F)C2)c(=O)o1,0
ZINC00875073,DUD_p38_D_1202,Cc1cc(O)c(C2=Nc3ccccc3S[C@H](c3cccc(F)c3)C2)c(=O)o1,0
ZINC00875077,DUD_p38_D_1203,Cc1cc(O)c(C2=Nc3ccccc3S[C@@H](c3cccc(F)c3)C2)c(=O)o1,0
ZINC00875264,DUD_p38_D_1204,CNC(=S)N(Cc1ccc(F)cc1)Cc1cc2cc(C)ccc2[nH]c1=O,0
ZINC00875264,DUD_p38_D_1205,CNC(=S)N(Cc1ccc(F)cc1)Cc1cc2cc(C)ccc2nc1O,0
ZINC00876246,DUD_p38_D_1206,Cc1ccc(-c2nnc(SCC(=O)Nc3ccc(Cl)cc3)n2C)cc1,0
ZINC00876251,DUD_p38_D_1207,Cc1ccc(-c2nnc(SCC(=O)Nc3cccc(Cl)c3)n2C)cc1,0
ZINC00876275,DUD_p38_D_1208,Cc1ccc(-c2nnc(SCC(=O)Nc3ccccc3Cl)n2C)cc1,0
ZINC00876297,DUD_p38_D_1209,Cc1ccc(-c2nnc(SCC(=O)Nc3ccc(F)cc3)n2C)cc1,0
ZINC00877105,DUD_p38_D_1210,Cc1ccc2c(c1)cc(C)c1nnc(SCC(=O)Nc3ccccc3F)n12,0
ZINC00877417,DUD_p38_D_1211,COc1ccc(-n2nc3cc(C)c(NC(=S)NC(=O)c4ccco4)cc3n2)cc1,0
ZINC00877425,DUD_p38_D_1212,COc1cccc(-c2nc3cc(NC(=S)NC(=O)c4cccs4)ccc3o2)c1,0
ZINC00877427,DUD_p38_D_1213,O=C(NC(=S)Nc1ccc2oc(-c3cccnc3)nc2c1)c1cccs1,0
ZINC00877429,DUD_p38_D_1214,COc1ccc(-n2nc3ccc(NC(=S)NC(=O)c4cccs4)cc3n2)cc1,0
ZINC00877431,DUD_p38_D_1215,O=C(NC(=S)Nc1cccc(-c2nc3ncccc3o2)c1)c1cccs1,0
ZINC00877435,DUD_p38_D_1216,Cc1c(NC(=S)NC(=O)c2cccs2)cccc1-c1nc2ncccc2o1,0
ZINC00877439,DUD_p38_D_1217,Cc1ccc(-c2nc3ncccc3o2)cc1NC(=S)NC(=O)c1cccs1,0
ZINC00877630,DUD_p38_D_1218,COc1ccc(C2=NNC(c3cccnc3)=Nc3ccc(Cl)cc32)cc1,0
ZINC00877652,DUD_p38_D_1219,Cc1cc(NC(=O)c2ccco2)ccc1NC(=O)c1ccccc1Cl,0
ZINC00877783,DUD_p38_D_1220,CN(C)c1ccc(C2=NNC(c3ccncc3)=Nc3ccc(F)cc32)cc1,0
ZINC00877785,DUD_p38_D_1221,CN(C)c1ccc(C2=NNC(c3cccnc3)=Nc3ccc(F)cc32)cc1,0
ZINC00877871,DUD_p38_D_1222,CCc1ccc2c(c1)C(c1ccncc1)=NNC(c1ccc(OC)cc1)=N2,0
ZINC00877873,DUD_p38_D_1223,CCOc1ccc2c(c1)C(c1ccncc1)=NNC(c1ccc(F)cc1)=N2,0
ZINC00877876,DUD_p38_D_1224,COc1ccc2c(c1)C(c1ccncc1)=NNC(c1ccc(Cl)cc1)=N2,0
ZINC00877893,DUD_p38_D_1225,COc1ccc(C2=NNC(c3cccs3)=Nc3ccc(F)cc32)cc1OC,0
ZINC00877895,DUD_p38_D_1226,COc1ccc(C2=NNC(c3ccncc3)=Nc3ccc(F)cc32)cc1OC,0
ZINC00877896,DUD_p38_D_1227,COc1ccc(C2=NNC(c3ccncc3)=Nc3ccc(Cl)cc32)cc1OC,0
ZINC00877898,DUD_p38_D_1228,COc1ccc(C2=NNC(c3cccnc3)=Nc3ccc(Cl)cc32)cc1OC,0
ZINC00877900,DUD_p38_D_1229,CCc1ccc2c(c1)C(c1cccnc1)=NNC(c1ccc(OC)cc1)=N2,0
ZINC00877901,DUD_p38_D_1230,COc1ccc2c(c1)C(c1cccnc1)=NNC(c1ccc(Cl)cc1)=N2,0
ZINC00877903,DUD_p38_D_1231,COc1ccc(C2=Nc3ccc(Cl)cc3C(c3cccnc3)=NN2)cc1,0
ZINC00877936,DUD_p38_D_1232,CCOc1ccc(C2=NNC(c3ccncc3)=Nc3ccc(F)cc32)cc1,0
ZINC00877938,DUD_p38_D_1233,CCOc1ccc(C2=NNC(c3cccnc3)=Nc3ccc(F)cc32)cc1,0
ZINC00877940,DUD_p38_D_1234,COc1ccc2c(c1)C(c1ccc(Cl)cc1)=NNC(c1ccncc1)=N2,0
ZINC00877941,DUD_p38_D_1235,COc1ccc2c(c1)C(c1ccc(Cl)cc1)=NNC(c1cccnc1)=N2,0
ZINC00878162,DUD_p38_D_1236,O=C(Nc1ccc(N2C(=O)[C@@H]3CC=CC[C@@H]3C2=O)cc1Cl)c1cccs1,0
ZINC00878164,DUD_p38_D_1237,O=C(Nc1ccc(N2C(=O)[C@@H]3CC=CC[C@H]3C2=O)cc1Cl)c1cccs1,0
ZINC00878168,DUD_p38_D_1238,O=C(Nc1ccc(N2C(=O)[C@H]3[C@@H]4C=C[C@H](C4)[C@@H]3C2=O)cc1Cl)c1cccs1,0
ZINC00881431,DUD_p38_D_1239,Cc1ccc(C(=O)NC(=S)Nc2nc(-c3ccccc3)cs2)cc1C,0
ZINC00881499,DUD_p38_D_1240,COc1ccc(C(=O)NC(=S)Nc2nc(-c3ccccc3)cs2)cc1OC,0
ZINC00881518,DUD_p38_D_1241,Cc1ccccc1OCC(=O)Nc1nc2c(s1)CCc1ccccc1-2,0
ZINC00881679,DUD_p38_D_1242,COc1ccc(-c2cnc(SCC(=O)Nc3ccc(F)cc3)n2C)cc1,0
ZINC00882097,DUD_p38_D_1243,Cc1ccc(C(=O)NC(=S)Nc2nc(-c3ccccc3)cs2)cc1,0
ZINC00882141,DUD_p38_D_1244,Cc1ccccc1C(=O)NC(=S)Nc1nc(-c2ccccc2)cs1,0
ZINC00882210,DUD_p38_D_1245,COc1ccccc1C(=O)NC(=S)Nc1nc(-c2ccccc2)cs1,0
ZINC00882846,DUD_p38_D_1246,CC1(C)Cc2ccccc2-c2nnc(SCC(=O)Nc3ccccc3)n21,0
ZINC00882864,DUD_p38_D_1247,O=C(CSc1ncnc2c1cnn2-c1ccccc1)Nc1ccc(F)cc1,0
ZINC00882893,DUD_p38_D_1248,CC1(C)Cc2ccccc2-c2nnc(SCC(=O)Nc3ccccc3Cl)n21,0
ZINC00882895,DUD_p38_D_1249,CC1(C)Cc2ccccc2-c2nnc(SCC(=O)Nc3ccc(Cl)cc3)n21,0
ZINC00882901,DUD_p38_D_1250,CC1(C)Cc2ccccc2-c2nnc(SCC(=O)Nc3ccccc3Br)n21,0
ZINC00882903,DUD_p38_D_1251,CC1(C)Cc2ccccc2-c2nnc(SCC(=O)Nc3ccccc3F)n21,0
ZINC00882904,DUD_p38_D_1252,CC1(C)Cc2ccccc2-c2nnc(SCC(=O)Nc3ccc(F)cc3)n21,0
ZINC00883454,DUD_p38_D_1253,O=C(NC(=S)Nc1ccc(N2CCOCC2)cc1)c1ccc(F)cc1,0
ZINC00884298,DUD_p38_D_1254,COc1cccc([C@H]2C[C@H](C(F)(F)F)n3ncc(C(=O)Nc4cccnc4)c3N2)c1,0
ZINC00884301,DUD_p38_D_1255,COc1cccc([C@@H]2C[C@H](C(F)(F)F)n3ncc(C(=O)Nc4cccnc4)c3N2)c1,0
ZINC00884303,DUD_p38_D_1256,COc1cccc([C@H]2C[C@H](C(F)(F)F)n3ncc(C(=O)Nc4cccnc4)c3N2)c1,0
ZINC00884306,DUD_p38_D_1257,COc1cccc([C@@H]2C[C@@H](C(F)(F)F)n3ncc(C(=O)Nc4cccnc4)c3N2)c1,0
ZINC00884382,DUD_p38_D_1258,Cc1cc(NC(=O)c2ccc(Cl)c(Cl)c2)ccc1NC(=O)c1ccco1,0
ZINC00884414,DUD_p38_D_1259,Cc1ccccc1C(=O)Nc1cccc(NC(=O)c2cccs2)c1,0
ZINC00884416,DUD_p38_D_1260,COc1ccc(-n2nc3ccc(NC(=O)c4cccs4)cc3n2)cc1,0
ZINC00885425,DUD_p38_D_1261,Cc1ccc(C(=O)N[C@@H](c2ccc(F)cc2)n2nnc3ccccc32)cc1,0
ZINC00885428,DUD_p38_D_1262,Cc1ccc(C(=O)N[C@@H](c2ccc(F)cc2)n2nnc3ccccc32)cc1,0
ZINC00885469,DUD_p38_D_1263,Cc1ccc([C@H](NC(=O)c2ccc(F)cc2)n2nnc3ccccc32)cc1,0
ZINC00885471,DUD_p38_D_1264,Cc1ccc([C@H](NC(=O)c2ccc(F)cc2)n2nnc3ccccc32)cc1,0
ZINC00885472,DUD_p38_D_1265,COc1ccc([C@H](NC(=O)c2ccc(F)cc2)n2nnc3ccccc32)cc1,0
ZINC00885951,DUD_p38_D_1266,Cc1ccc(-n2nc3ccc(NC(=O)c4ccccc4F)cc3n2)cc1C,0
ZINC00885998,DUD_p38_D_1267,Cc1ccc(-n2nc3ccc(NC(=O)c4ccc(Br)o4)cc3n2)cc1,0
ZINC00886467,DUD_p38_D_1268,Cn1c(-c2ccccc2)cnc1SCC(=O)Nc1ccc(Cl)cc1,0
ZINC00886467,DUD_p38_D_1269,Cn1c(-c2ccccc2)c[nH+]c1SCC(=O)Nc1ccc(Cl)cc1,0
ZINC00886471,DUD_p38_D_1270,Cn1c(-c2ccccc2)cnc1SCC(=O)Nc1cccc(Cl)c1,0
ZINC00886471,DUD_p38_D_1271,Cn1c(-c2ccccc2)c[nH+]c1SCC(=O)Nc1cccc(Cl)c1,0
ZINC00886475,DUD_p38_D_1272,Cn1c(-c2ccccc2)cnc1SCC(=O)Nc1ccccc1Cl,0
ZINC00886475,DUD_p38_D_1273,Cn1c(-c2ccccc2)c[nH+]c1SCC(=O)Nc1ccccc1Cl,0
ZINC00886824,DUD_p38_D_1274,Cc1cccc(C)c1NC(=O)CSc1nnc2c(n1)[nH]c1ccc(F)cc12,0
ZINC00886858,DUD_p38_D_1275,Cc1cccc(C)c1OC(=O)CSc1nnc2c(n1)[nH]c1ccc(F)cc12,0
ZINC00886860,DUD_p38_D_1276,Cc1ccccc1NC(=O)[C@H](C)Sc1nnc2c(n1)[nH]c1ccc(F)cc12,0
ZINC00886862,DUD_p38_D_1277,Cc1ccccc1NC(=O)[C@@H](C)Sc1nnc2c(n1)[nH]c1ccc(F)cc12,0
ZINC00887338,DUD_p38_D_1278,COc1ccc(CNC(=S)NNC(=O)c2cc3ccccc3o2)cc1,0
ZINC00887630,DUD_p38_D_1279,Cc1cc2nnc(SCC(=O)Nc3ccccc3Br)n2c2ccccc12,0
ZINC00887730,DUD_p38_D_1280,O=C(Nc1cc(-c2nc3ncccc3o2)ccc1Cl)c1ccc2c(c1)OCCO2,0
ZINC00892039,DUD_p38_D_1281,COc1ccc(C2=Nc3ccc(Cl)cc3C(c3ccc(C)o3)=NN2)cc1,0
ZINC00892043,DUD_p38_D_1282,COc1ccc2c(c1)C(c1ccc(C)o1)=NNC(c1ccc(Cl)cc1)=N2,0
ZINC00892051,DUD_p38_D_1283,c1csc(C2=Nc3ccccc3C(c3ccc(N4CCOCC4)cc3)=NN2)c1,0
ZINC00892422,DUD_p38_D_1284,Cc1nn(-c2ccccc2)c2sc(C(=O)N/N=C/c3cccs3)cc12,0
ZINC00892476,DUD_p38_D_1285,Cc1ccc(NC(=O)CSc2nc(-c3ccc(Br)cc3)c[nH]2)cc1,0
ZINC00892476,DUD_p38_D_1286,Cc1ccc(NC(=O)CSc2[nH]c(-c3ccc(Br)cc3)c[nH+]2)cc1,0
ZINC00895407,DUD_p38_D_1287,O=C(CSc1[nH]c2ccc(Cl)cc2[nH+]1)Nc1cccc2ccccc12,0
ZINC00896955,DUD_p38_D_1288,Cc1cccc(-c2nnc(SCC(=O)Nc3cccc(F)c3)n2C)c1,0
ZINC00897327,DUD_p38_D_1289,Cc1nnc(SCC(=O)Nc2ccc(Cl)cc2)n1-c1ccccc1,0
ZINC00897332,DUD_p38_D_1290,Cc1nnc(SCC(=O)Nc2ccccc2Cl)n1-c1ccccc1,0
ZINC00897346,DUD_p38_D_1291,Cc1nnc(SCC(=O)Nc2ccc(Br)cc2)n1-c1ccccc1,0
ZINC00900698,DUD_p38_D_1292,C[C@H]1C[C@H](C(F)F)n2nc(C(=O)Nc3ccccc3Cc3ccccc3)nc2N1,0
ZINC00902333,DUD_p38_D_1293,COC(=O)c1c(-c2ccc(C)cc2)csc1NC(=S)NC(=O)c1ccco1,0
ZINC00902494,DUD_p38_D_1294,O=C(CSc1nnc2c(n1)[nH]c1ccccc12)N1CCc2ccccc21,0
ZINC00903059,DUD_p38_D_1295,Cc1ccc2cc(C)c3nnc(SCC(=O)Nc4ccc(F)cc4)n3c2c1,0
ZINC00903075,DUD_p38_D_1296,Cc1ccc2cc(C)c3nnc(SCC(=O)Nc4ccccc4F)n3c2c1,0
ZINC00904189,DUD_p38_D_1297,Cc1cccc(NC(=O)CSc2ncnc3scc(-c4ccccc4)c23)c1,0
ZINC00904218,DUD_p38_D_1298,Cc1ccccc1NC(=O)CSc1ncnc2scc(-c3ccccc3)c12,0
ZINC00904307,DUD_p38_D_1299,CCc1nnc(NC(=S)NC(=O)c2ccc(-c3ccccc3)cc2)s1,0
ZINC00904434,DUD_p38_D_1300,Cc1c(C(=O)Nc2ccccc2)nnc2cc(-c3ccc(Br)cc3)nn12,0
ZINC00905519,DUD_p38_D_1301,Cc1ccccc1NC(=O)CSc1nc(-c2ccccc2)c[nH]1,0
ZINC00905519,DUD_p38_D_1302,Cc1ccccc1NC(=O)CSc1[nH]c(-c2ccccc2)c[nH+]1,0
ZINC00905525,DUD_p38_D_1303,COc1cccc(NC(=O)CSc2nc(-c3ccccc3)c[nH]2)c1,0
ZINC00905525,DUD_p38_D_1304,COc1cccc(NC(=O)CSc2[nH]c(-c3ccccc3)c[nH+]2)c1,0
ZINC00905526,DUD_p38_D_1305,CN(C)c1ccc(NC(=O)CSc2nc(-c3ccccc3)c[nH]2)cc1,0
ZINC00905526,DUD_p38_D_1306,CN(C)c1ccc(NC(=O)CSc2[nH]c(-c3ccccc3)c[nH+]2)cc1,0
ZINC00905682,DUD_p38_D_1307,CCOc1ccc(C2=Nc3ccccc3C(c3ccncc3)=NN2)cc1,0
ZINC00905683,DUD_p38_D_1308,CCOc1ccc(C2=Nc3ccccc3C(c3cccnc3)=NN2)cc1,0
ZINC00905684,DUD_p38_D_1309,COc1ccc(C2=NNC(c3cccs3)=Nc3ccccc32)cc1OC,0
ZINC00905692,DUD_p38_D_1310,CCc1ccc2c(c1)C(c1cccs1)=NNC(c1cccnc1)=N2,0
ZINC00905697,DUD_p38_D_1311,CCc1ccc(C2=Nc3ccc(OC)cc3C(c3ccncc3)=NN2)cc1,0
ZINC00905707,DUD_p38_D_1312,CCOc1ccc2c(c1)C(c1cccnc1)=NNC(c1ccc(F)cc1)=N2,0
ZINC00905711,DUD_p38_D_1313,CCOc1ccc2c(c1)C(c1cccs1)=NNC(c1ccncc1)=N2,0
ZINC00905712,DUD_p38_D_1314,CCOc1ccc2c(c1)C(c1ccc(F)cc1)=NNC(c1cccnc1)=N2,0
ZINC00905713,DUD_p38_D_1315,CCOc1ccc2c(c1)C(c1cccs1)=NNC(c1cccnc1)=N2,0
ZINC00905714,DUD_p38_D_1316,CCOc1ccc(C2=Nc3ccc(F)cc3C(c3ccncc3)=NN2)cc1,0
ZINC00905715,DUD_p38_D_1317,CCOc1ccc(C2=Nc3ccc(F)cc3C(c3cccnc3)=NN2)cc1,0
ZINC00905723,DUD_p38_D_1318,COc1ccc(C2=Nc3ccc(Cl)cc3C(c3ccncc3)=NN2)cc1,0
ZINC00906583,DUD_p38_D_1319,Cc1ccc(C)c2c1[nH]c1nc(SCC(=O)c3ccc(F)cc3)nnc12,0
ZINC00907306,DUD_p38_D_1320,Cc1ccc(NC(=O)CSc2ncnc3scc(-c4ccccc4)c23)cc1,0
ZINC00907546,DUD_p38_D_1321,Cc1ccc(Cl)cc1NC(=O)CSc1nnc(C)n1-c1ccccc1,0
ZINC00907548,DUD_p38_D_1322,Cc1c(Cl)cccc1NC(=O)CSc1nnc(C)n1-c1ccccc1,0
ZINC00908109,DUD_p38_D_1323,O=C(CSc1nnc2c(n1)[nH]c1ccc(F)cc12)N1CCc2ccccc21,0
ZINC00911871,DUD_p38_D_1324,O=C(Nc1nc2ccc(-c3[nH]c4ccccc4[nH+]3)cc2s1)C1CCCCC1,0
ZINC00912365,DUD_p38_D_1325,Cc1ccc(-c2nnc(SCC(=O)Nc3ccccc3F)n2C)cc1,0
ZINC00912377,DUD_p38_D_1326,Cc1cc2nnc(SCC(=O)Nc3cccc(F)c3)n2c2ccccc12,0
ZINC00915669,DUD_p38_D_1327,Cc1ccc(NC(=O)c2ccc(N3C(=O)[C@@H]4CC=C(Cl)C[C@H]4C3=O)cc2)cc1,0
ZINC00915670,DUD_p38_D_1328,Cc1ccc(NC(=O)c2ccc(N3C(=O)[C@H]4CC=C(Cl)C[C@@H]4C3=O)cc2)cc1,0
ZINC00915672,DUD_p38_D_1329,Cc1ccc(NC(=O)c2ccc(N3C(=O)[C@@H]4CC=C(Cl)C[C@@H]4C3=O)cc2)cc1,0
ZINC00915674,DUD_p38_D_1330,Cc1ccc(NC(=O)c2ccc(N3C(=O)[C@@H]4CC=C(Cl)C[C@H]4C3=O)cc2)cc1,0
ZINC00915695,DUD_p38_D_1331,O=C(NCc1ccccc1)c1ccc(N2C(=O)[C@H]3CC=C(Cl)C[C@H]3C2=O)cc1,0
ZINC00915696,DUD_p38_D_1332,O=C(NCc1ccccc1)c1ccc(N2C(=O)[C@@H]3CC=C(Cl)C[C@H]3C2=O)cc1,0
ZINC00915698,DUD_p38_D_1333,O=C(NCc1ccccc1)c1ccc(N2C(=O)[C@@H]3CC=C(Cl)C[C@@H]3C2=O)cc1,0
ZINC00915700,DUD_p38_D_1334,O=C(NCc1ccccc1)c1ccc(N2C(=O)[C@@H]3CC=C(Cl)C[C@@H]3C2=O)cc1,0
ZINC00915703,DUD_p38_D_1335,COc1ccc(NC(=O)c2ccc(N3C(=O)[C@@H]4CC=C(Cl)C[C@@H]4C3=O)cc2)cc1,0
ZINC00915720,DUD_p38_D_1336,O=C(CCN1C(=O)[C@@H]2CC=C(Cl)C[C@H]2C1=O)Nc1cccc2ccccc12,0
ZINC00915721,DUD_p38_D_1337,O=C(CCN1C(=O)[C@H]2CC=C(Cl)C[C@H]2C1=O)Nc1cccc2ccccc12,0
ZINC00915724,DUD_p38_D_1338,O=C(CCN1C(=O)[C@@H]2CC=C(Cl)C[C@H]2C1=O)Nc1cccc2ccccc12,0
ZINC00915726,DUD_p38_D_1339,O=C(CCN1C(=O)[C@@H]2CC=C(Cl)C[C@@H]2C1=O)Nc1cccc2ccccc12,0
ZINC00916526,DUD_p38_D_1340,Cc1ccccc1NC(=O)CSc1nnc2cc(C)c3ccccc3n12,0
ZINC00917177,DUD_p38_D_1341,Cc1cccc(NC(=O)CSc2nnc3c4ccccc4n(C)c3n2)c1,0
ZINC00917190,DUD_p38_D_1342,Cn1c2ccccc2c2nnc(SCC(=O)Nc3ccccc3F)nc21,0
ZINC00917197,DUD_p38_D_1343,Cn1c2ccccc2c2nnc(SCC(=O)Nc3ccccc3Cl)nc21,0
ZINC00917456,DUD_p38_D_1344,CC(C)(C)c1nnc(NC(=O)C2c3ccccc3Oc3ccccc32)s1,0
ZINC00917756,DUD_p38_D_1345,O=C(NC(=S)Nc1ccc(N2CCCC2)cc1)c1cc2ccccc2o1,0
ZINC00918121,DUD_p38_D_1346,O=C(NCc1ccccc1)c1cc2nc(-c3ccco3)cc(C(F)(F)F)n2n1,0
ZINC00918131,DUD_p38_D_1347,C[C@H](NC(=O)c1cc2nc(-c3ccco3)cc(C(F)(F)F)n2n1)c1ccccc1,0
ZINC00918133,DUD_p38_D_1348,C[C@H](NC(=O)c1cc2nc(-c3ccco3)cc(C(F)(F)F)n2n1)c1ccccc1,0
ZINC00918155,DUD_p38_D_1349,Cc1ccc(CNC(=O)c2cc3nc(-c4ccco4)cc(C(F)(F)F)n3n2)cc1,0
ZINC00918225,DUD_p38_D_1350,COc1cccc(NC(=O)c2cc3nc(-c4ccco4)cc(C(F)(F)F)n3n2)c1,0
ZINC00918227,DUD_p38_D_1351,Cc1cccc(C)c1NC(=O)c1cc2nc(-c3ccco3)cc(C(F)(F)F)n2n1,0
ZINC00918236,DUD_p38_D_1352,Cc1ccccc1NC(=O)c1cc2nc(-c3ccco3)cc(C(F)(F)F)n2n1,0
ZINC00918238,DUD_p38_D_1353,Cc1cccc(NC(=O)c2cc3nc(-c4ccco4)cc(C(F)(F)F)n3n2)c1C,0
ZINC00918245,DUD_p38_D_1354,Cc1ccc(C)c(NC(=O)c2cc3nc(-c4ccco4)cc(C(F)(F)F)n3n2)c1,0
ZINC00918266,DUD_p38_D_1355,COc1ccc(NC(=O)c2cc3nc(-c4ccco4)cc(C(F)(F)F)n3n2)cc1,0
ZINC00918272,DUD_p38_D_1356,COc1ccccc1NC(=O)c1cc2nc(-c3ccco3)cc(C(F)(F)F)n2n1,0
ZINC00918277,DUD_p38_D_1357,Cc1ccc(NC(=O)c2cc3nc(-c4ccco4)cc(C(F)(F)F)n3n2)cc1,0
ZINC00918446,DUD_p38_D_1358,O=C(c1cc2n(n1)[C@@H](C(F)(F)F)C[C@H](c1ccco1)N2)N1CCc2ccccc2C1,0
ZINC00918448,DUD_p38_D_1359,O=C(c1cc2n(n1)[C@@H](C(F)(F)F)C[C@H](c1ccco1)N2)N1CCc2ccccc2C1,0
ZINC00918450,DUD_p38_D_1360,O=C(c1cc2n(n1)[C@@H](C(F)(F)F)C[C@H](c1ccco1)N2)N1CCc2ccccc2C1,0
ZINC00918478,DUD_p38_D_1361,O=C(NCc1ccccc1)c1cc2n(n1)[C@H](C(F)(F)F)C[C@@H](c1ccco1)N2,0
ZINC00918481,DUD_p38_D_1362,O=C(NCc1ccccc1)c1cc2n(n1)[C@@H](C(F)(F)F)C[C@@H](c1ccco1)N2,0
ZINC00918483,DUD_p38_D_1363,O=C(NCc1ccccc1)c1cc2n(n1)[C@@H](C(F)(F)F)C[C@H](c1ccco1)N2,0
ZINC00918485,DUD_p38_D_1364,O=C(NCc1ccccc1)c1cc2n(n1)[C@H](C(F)(F)F)C[C@@H](c1ccco1)N2,0
ZINC00918488,DUD_p38_D_1365,O=C(NCCc1ccccc1)c1cc2n(n1)[C@H](C(F)(F)F)C[C@H](c1ccco1)N2,0
ZINC00918490,DUD_p38_D_1366,O=C(NCCc1ccccc1)c1cc2n(n1)[C@H](C(F)(F)F)C[C@@H](c1ccco1)N2,0
ZINC00918492,DUD_p38_D_1367,O=C(NCCc1ccccc1)c1cc2n(n1)[C@@H](C(F)(F)F)C[C@H](c1ccco1)N2,0
ZINC00918496,DUD_p38_D_1368,O=C(NCCc1ccccc1)c1cc2n(n1)[C@H](C(F)(F)F)C[C@@H](c1ccco1)N2,0
ZINC00918508,DUD_p38_D_1369,CN(C(=O)c1cc2n(n1)[C@H](C(F)(F)F)C[C@H](c1ccco1)N2)c1ccccc1,0
ZINC00918510,DUD_p38_D_1370,CN(C(=O)c1cc2n(n1)[C@H](C(F)(F)F)C[C@@H](c1ccco1)N2)c1ccccc1,0
ZINC00918512,DUD_p38_D_1371,CN(C(=O)c1cc2n(n1)[C@H](C(F)(F)F)C[C@@H](c1ccco1)N2)c1ccccc1,0
ZINC00918514,DUD_p38_D_1372,CN(C(=O)c1cc2n(n1)[C@H](C(F)(F)F)C[C@H](c1ccco1)N2)c1ccccc1,0
ZINC00918515,DUD_p38_D_1373,C[C@@H](NC(=O)c1cc2n(n1)[C@H](C(F)(F)F)C[C@H](c1ccco1)N2)c1ccccc1,0
ZINC00918636,DUD_p38_D_1374,Cc1ccc(CNC(=O)c2cc3n(n2)[C@H](C(F)(F)F)C[C@@H](c2ccco2)N3)cc1,0
ZINC00918639,DUD_p38_D_1375,Cc1ccc(CNC(=O)c2cc3n(n2)[C@H](C(F)(F)F)C[C@@H](c2ccco2)N3)cc1,0
ZINC00918642,DUD_p38_D_1376,Cc1ccc(CNC(=O)c2cc3n(n2)[C@H](C(F)(F)F)C[C@H](c2ccco2)N3)cc1,0
ZINC00918643,DUD_p38_D_1377,Cc1ccc(CNC(=O)c2cc3n(n2)[C@H](C(F)(F)F)C[C@H](c2ccco2)N3)cc1,0
ZINC00918660,DUD_p38_D_1378,O=C(NCc1ccccn1)c1cc2n(n1)[C@@H](C(F)(F)F)C[C@H](c1ccco1)N2,0
ZINC00918666,DUD_p38_D_1379,O=C(NCc1ccccn1)c1cc2n(n1)[C@H](C(F)(F)F)C[C@@H](c1ccco1)N2,0
ZINC00918670,DUD_p38_D_1380,O=C(NCc1ccccn1)c1cc2n(n1)[C@H](C(F)(F)F)C[C@@H](c1ccco1)N2,0
ZINC00919332,DUD_p38_D_1381,COc1cccc(NC(=O)c2cc3n(n2)[C@@H](C(F)(F)F)C[C@H](c2ccco2)N3)c1,0
ZINC00919334,DUD_p38_D_1382,COc1cccc(NC(=O)c2cc3n(n2)[C@@H](C(F)(F)F)C[C@@H](c2ccco2)N3)c1,0
ZINC00919336,DUD_p38_D_1383,COc1cccc(NC(=O)c2cc3n(n2)[C@H](C(F)(F)F)C[C@H](c2ccco2)N3)c1,0
ZINC00919386,DUD_p38_D_1384,COc1cccc(NC(=O)c2cc3n(n2)[C@@H](C(F)(F)F)C[C@@H](c2ccco2)N3)c1,0
ZINC00919390,DUD_p38_D_1385,Cc1cccc(C)c1NC(=O)c1cc2n(n1)[C@H](C(F)(F)F)C[C@H](c1ccco1)N2,0
ZINC00919395,DUD_p38_D_1386,Cc1cccc(C)c1NC(=O)c1cc2n(n1)[C@H](C(F)(F)F)C[C@@H](c1ccco1)N2,0
ZINC00919398,DUD_p38_D_1387,Cc1cccc(C)c1NC(=O)c1cc2n(n1)[C@H](C(F)(F)F)C[C@@H](c1ccco1)N2,0
ZINC00919429,DUD_p38_D_1388,Cc1ccccc1NC(=O)c1cc2n(n1)[C@@H](C(F)(F)F)C[C@@H](c1ccco1)N2,0
ZINC00919431,DUD_p38_D_1389,Cc1ccccc1NC(=O)c1cc2n(n1)[C@@H](C(F)(F)F)C[C@H](c1ccco1)N2,0
ZINC00919434,DUD_p38_D_1390,Cc1ccccc1NC(=O)c1cc2n(n1)[C@H](C(F)(F)F)C[C@H](c1ccco1)N2,0
ZINC00919435,DUD_p38_D_1391,Cc1ccccc1NC(=O)c1cc2n(n1)[C@@H](C(F)(F)F)C[C@H](c1ccco1)N2,0
ZINC00919437,DUD_p38_D_1392,Cc1cccc(NC(=O)c2cc3n(n2)[C@@H](C(F)(F)F)C[C@H](c2ccco2)N3)c1C,0
ZINC00919439,DUD_p38_D_1393,Cc1cccc(NC(=O)c2cc3n(n2)[C@H](C(F)(F)F)C[C@@H](c2ccco2)N3)c1C,0
ZINC00919441,DUD_p38_D_1394,Cc1cccc(NC(=O)c2cc3n(n2)[C@@H](C(F)(F)F)C[C@H](c2ccco2)N3)c1C,0
ZINC00919443,DUD_p38_D_1395,Cc1cccc(NC(=O)c2cc3n(n2)[C@H](C(F)(F)F)C[C@H](c2ccco2)N3)c1C,0
ZINC00919534,DUD_p38_D_1396,COc1ccc(NC(=O)c2cc3n(n2)[C@@H](C(F)(F)F)C[C@@H](c2ccco2)N3)cc1,0
ZINC00919537,DUD_p38_D_1397,COc1ccc(NC(=O)c2cc3n(n2)[C@H](C(F)(F)F)C[C@H](c2ccco2)N3)cc1,0
ZINC00919538,DUD_p38_D_1398,COc1ccc(NC(=O)c2cc3n(n2)[C@@H](C(F)(F)F)C[C@@H](c2ccco2)N3)cc1,0
ZINC00919541,DUD_p38_D_1399,COc1ccc(NC(=O)c2cc3n(n2)[C@@H](C(F)(F)F)C[C@H](c2ccco2)N3)cc1,0
ZINC00919559,DUD_p38_D_1400,Cc1ccc(NC(=O)c2cc3n(n2)[C@@H](C(F)(F)F)C[C@@H](c2ccco2)N3)cc1C,0
ZINC00919561,DUD_p38_D_1401,Cc1ccc(NC(=O)c2cc3n(n2)[C@H](C(F)(F)F)C[C@@H](c2ccco2)N3)cc1C,0
ZINC00919566,DUD_p38_D_1402,COc1ccccc1NC(=O)c1cc2n(n1)[C@H](C(F)(F)F)C[C@H](c1ccco1)N2,0
ZINC00919568,DUD_p38_D_1403,COc1ccccc1NC(=O)c1cc2n(n1)[C@@H](C(F)(F)F)C[C@@H](c1ccco1)N2,0
ZINC00919571,DUD_p38_D_1404,COc1ccccc1NC(=O)c1cc2n(n1)[C@H](C(F)(F)F)C[C@H](c1ccco1)N2,0
ZINC00919573,DUD_p38_D_1405,COc1ccccc1NC(=O)c1cc2n(n1)[C@H](C(F)(F)F)C[C@H](c1ccco1)N2,0
ZINC00919595,DUD_p38_D_1406,Cc1ccc(NC(=O)c2cc3n(n2)[C@@H](C(F)(F)F)C[C@@H](c2ccco2)N3)cc1,0
ZINC00919598,DUD_p38_D_1407,Cc1ccc(NC(=O)c2cc3n(n2)[C@H](C(F)(F)F)C[C@H](c2ccco2)N3)cc1,0
ZINC00919600,DUD_p38_D_1408,Cc1ccc(NC(=O)c2cc3n(n2)[C@@H](C(F)(F)F)C[C@H](c2ccco2)N3)cc1,0
ZINC00919602,DUD_p38_D_1409,Cc1ccc(NC(=O)c2cc3n(n2)[C@H](C(F)(F)F)C[C@H](c2ccco2)N3)cc1,0
ZINC00919652,DUD_p38_D_1410,CCc1ccccc1NC(=O)c1cc2n(n1)[C@@H](C(F)(F)F)C[C@H](c1ccco1)N2,0
ZINC00919655,DUD_p38_D_1411,CCc1ccccc1NC(=O)c1cc2n(n1)[C@H](C(F)(F)F)C[C@H](c1ccco1)N2,0
ZINC00919657,DUD_p38_D_1412,CCc1ccccc1NC(=O)c1cc2n(n1)[C@H](C(F)(F)F)C[C@H](c1ccco1)N2,0
ZINC00919660,DUD_p38_D_1413,CCc1ccccc1NC(=O)c1cc2n(n1)[C@@H](C(F)(F)F)C[C@H](c1ccco1)N2,0
ZINC00919670,DUD_p38_D_1414,O=C(Nc1ccccc1)c1cc2n(n1)[C@H](C(F)(F)F)C[C@H](c1ccco1)N2,0
ZINC00919672,DUD_p38_D_1415,O=C(Nc1ccccc1)c1cc2n(n1)[C@H](C(F)(F)F)C[C@@H](c1ccco1)N2,0
ZINC00919674,DUD_p38_D_1416,O=C(Nc1ccccc1)c1cc2n(n1)[C@H](C(F)(F)F)C[C@H](c1ccco1)N2,0
ZINC00919676,DUD_p38_D_1417,O=C(Nc1ccccc1)c1cc2n(n1)[C@H](C(F)(F)F)C[C@H](c1ccco1)N2,0
ZINC00920480,DUD_p38_D_1418,Cc1cccc(C)c1NC(=O)CSc1nc(-c2ccc(F)cc2)c[nH]1,0
ZINC00920480,DUD_p38_D_1419,Cc1cccc(C)c1NC(=O)CSc1[nH]c(-c2ccc(F)cc2)c[nH+]1,0
ZINC00920499,DUD_p38_D_1420,O=C(CSc1nc(-c2ccc(F)cc2)c[nH]1)Nc1ccc2c(c1)OCO2,0
ZINC00920499,DUD_p38_D_1421,O=C(CSc1[nH]c(-c2ccc(F)cc2)c[nH+]1)Nc1ccc2c(c1)OCO2,0
ZINC00924427,DUD_p38_D_1422,O=C(CSc1ncnc2scc(-c3ccccc3)c12)Nc1ccc2c(c1)OCO2,0
ZINC00924655,DUD_p38_D_1423,COc1ccc(-n2c(S)nnc2COc2ccc3ccccc3c2)cc1,0
ZINC00925058,DUD_p38_D_1424,Cc1nnc(S[C@@H](C)C(=O)Nc2ccccc2)n1-c1cccc(Cl)c1,0
ZINC00925059,DUD_p38_D_1425,Cc1nnc(S[C@H](C)C(=O)Nc2ccccc2)n1-c1cccc(Cl)c1,0
ZINC00928937,DUD_p38_D_1426,Cc1sc2ncnc(SCC(=O)Nc3nc4ccccc4s3)c2c1C,0
ZINC00929791,DUD_p38_D_1427,Nc1ccccc1SCC(=O)N1c2ccccc2CCc2ccccc21,0
ZINC00930029,DUD_p38_D_1428,Cc1cc2cc3c(cc2nc1SCC(=O)Nc1nc2ccccc2s1)OCO3,0
ZINC00930684,DUD_p38_D_1429,Nc1ccc2nc(Cc3ccccc3)n(Cc3ccc(Cl)cc3)c(=O)c2c1,0
ZINC00930733,DUD_p38_D_1430,Cc1nc2ccc(N)cc2c(=O)n1Cc1ccc(-c2ccc(Cl)cc2)cc1,0
ZINC00930736,DUD_p38_D_1431,Cc1nc2ccc(N)cc2c(=O)n1Cc1ccc(-c2cccc(Cl)c2)cc1,0
ZINC00930740,DUD_p38_D_1432,Cc1nc2ccc(N)cc2c(=O)n1Cc1ccc(-c2ccccc2Cl)cc1,0
ZINC00933398,DUD_p38_D_1433,O=C(Cn1c(-c2ccco2)nc2ccccc21)Nc1cccc(Cl)c1,0
ZINC00933398,DUD_p38_D_1434,O=C(Cn1c(-c2ccco2)[nH+]c2ccccc21)Nc1cccc(Cl)c1,0
ZINC00934390,DUD_p38_D_1435,CCN1C(=O)c2cccc3c(NC(=O)c4ccc(Cl)cc4Cl)ccc1c23,0
ZINC00934746,DUD_p38_D_1436,O=C1Nc2ccc(Cl)cc2[C@]12Oc1ccccc1[C@H]1CC(c3ccco3)=NN12,0
ZINC00934747,DUD_p38_D_1437,Cc1ccc(C2=NN3[C@@H](C2)c2ccccc2O[C@@]32C(=O)Nc3ccc(Cl)cc32)o1,0
ZINC00936139,DUD_p38_D_1438,Cc1cccn2cc(-c3ccc(NS(=O)(=O)c4ccc(Cl)cc4)cc3)nc12,0
ZINC00936139,DUD_p38_D_1439,Cc1cccn2cc(-c3ccc(NS(=O)(=O)c4ccc(Cl)cc4)cc3)[nH+]c12,0
ZINC00936558,DUD_p38_D_1440,CC(=O)c1cccc(NC(=S)N2CCN(c3ccccc3F)CC2)c1,0
ZINC00936617,DUD_p38_D_1441,Cc1ccc(-c2nc3scnn3c2NC(=O)c2ccc(Cl)cc2)cc1,0
ZINC00936617,DUD_p38_D_1442,Cc1ccc(-c2[nH+]c3scnn3c2NC(=O)c2ccc(Cl)cc2)cc1,0
ZINC00936618,DUD_p38_D_1443,Cc1ccc(-c2nc3sc(C)nn3c2NC(=O)c2ccc(Cl)cc2)cc1,0
ZINC00936618,DUD_p38_D_1444,Cc1ccc(-c2[nH+]c3sc(C)nn3c2NC(=O)c2ccc(Cl)cc2)cc1,0
ZINC00937464,DUD_p38_D_1445,Cc1cc2ccccc2n2c(SCC(=O)Nc3ccc(F)cc3)nnc12,0
ZINC00937467,DUD_p38_D_1446,Cc1ccc(NC(=O)CSc2nnc3scc(-c4ccccc4)n23)cc1,0
ZINC00937473,DUD_p38_D_1447,O=C(CCSc1nnc2scc(-c3ccccc3)n12)Nc1ccc(F)cc1,0
ZINC00937504,DUD_p38_D_1448,Cc1ccc(-c2csc3nnc(SCC(=O)Nc4ccc(F)cc4)n23)cc1,0
ZINC00937561,DUD_p38_D_1449,CC1=C(C(=O)Nc2ccccc2C)[C@@H](c2cccc(Cl)c2)n2ncnc2N1,0
ZINC00937562,DUD_p38_D_1450,CC1=C(C(=O)Nc2ccccc2C)[C@H](c2cccc(Cl)c2)n2ncnc2N1,0
ZINC00937575,DUD_p38_D_1451,COc1cccc(-c2csc(NC(=O)[C@H]3COc4ccccc4O3)n2)c1,0
ZINC00937577,DUD_p38_D_1452,CCc1ccc(-c2csc(NC(=O)[C@H]3COc4ccccc4O3)n2)cc1,0
ZINC00937578,DUD_p38_D_1453,CCc1ccc(-c2csc(NC(=O)[C@@H]3COc4ccccc4O3)n2)cc1,0
ZINC00937703,DUD_p38_D_1454,Cc1sc2ncn([C@@H](C)C(=O)Nc3ccccc3)c(=O)c2c1-c1ccccc1,0
ZINC00937704,DUD_p38_D_1455,Cc1sc2ncn([C@H](C)C(=O)Nc3ccccc3)c(=O)c2c1-c1ccccc1,0
ZINC00938143,DUD_p38_D_1456,COc1ccc(NC(=O)c2ccc(-n3ncc(Cl)c(Cl)c3=O)cc2)cc1,0
ZINC00938152,DUD_p38_D_1457,O=C(NCc1ccccc1)c1ccc(-n2ncc(Cl)c(Cl)c2=O)cc1,0
ZINC00939291,DUD_p38_D_1458,CCOC(=O)c1c(N)n(-c2ccc(Cl)cc2)c2nc3ccccc3nc12,0
ZINC00940449,DUD_p38_D_1459,COc1ccccc1NC(=O)C1=C(C)Nc2ncnn2[C@H]1c1ccc(Cl)cc1,0
ZINC00940450,DUD_p38_D_1460,COc1ccccc1NC(=O)C1=C(C)Nc2ncnn2[C@@H]1c1ccc(Cl)cc1,0
ZINC00940451,DUD_p38_D_1461,COc1ccccc1NC(=O)C1=C(C)Nc2ncnn2[C@H]1c1cccc(Cl)c1,0
ZINC00940452,DUD_p38_D_1462,COc1ccccc1NC(=O)C1=C(C)Nc2ncnn2[C@@H]1c1cccc(Cl)c1,0
ZINC00940455,DUD_p38_D_1463,COc1ccccc1NC(=O)C1=C(C)Nc2ncnn2[C@@H]1c1ccccc1Cl,0
ZINC00940456,DUD_p38_D_1464,COc1ccccc1NC(=O)C1=C(C)Nc2ncnn2[C@H]1c1ccccc1Cl,0
ZINC00940649,DUD_p38_D_1465,CC1=C(C(N)=O)[C@H](c2ccccc2)n2nc(-c3ccc(Cl)cc3)nc2N1,0
ZINC00940650,DUD_p38_D_1466,CC1=C(C(N)=O)[C@@H](c2ccccc2)n2nc(-c3ccc(Cl)cc3)nc2N1,0
ZINC00940653,DUD_p38_D_1467,CC1=C(C(N)=O)[C@@H](c2ccccc2F)n2nc(-c3ccc(Cl)cc3)nc2N1,0
ZINC00940673,DUD_p38_D_1468,COc1ccccc1[C@H]1C(C(N)=O)=C(C)Nc2nc(-c3ccc(Cl)cc3)nn21,0
ZINC00940674,DUD_p38_D_1469,COc1ccccc1[C@H]1C(C(N)=O)=C(C)Nc2nc(-c3ccc(Cl)cc3)nn21,0
ZINC00940679,DUD_p38_D_1470,CC1=C(C(N)=O)[C@@H](c2ccccc2)n2nc(-c3ccccc3Cl)nc2N1,0
ZINC00940686,DUD_p38_D_1471,CC1=C(C(N)=O)[C@H](c2ccc(F)cc2)n2nc(-c3ccccc3Cl)nc2N1,0
ZINC00940687,DUD_p38_D_1472,CC1=C(C(N)=O)[C@@H](c2ccccc2F)n2nc(-c3ccccc3Cl)nc2N1,0
ZINC00940688,DUD_p38_D_1473,CC1=C(C(N)=O)[C@H](c2ccccc2F)n2nc(-c3ccccc3Cl)nc2N1,0
ZINC00940690,DUD_p38_D_1474,CC1=C(C(N)=O)[C@H](c2ccccc2Cl)n2nc(-c3ccccc3Cl)nc2N1,0
ZINC00940709,DUD_p38_D_1475,COc1ccccc1[C@H]1C(C(N)=O)=C(C)Nc2nc(-c3ccccc3Cl)nn21,0
ZINC00940710,DUD_p38_D_1476,COc1ccccc1[C@H]1C(C(N)=O)=C(C)Nc2nc(-c3ccccc3Cl)nn21,0
ZINC00940724,DUD_p38_D_1477,CC1=C(C(N)=O)[C@H](c2cccc(C)c2)n2nc(-c3ccccc3Cl)nc2N1,0
ZINC00940731,DUD_p38_D_1478,CC1=C(C(N)=O)[C@H](c2ccccc2Cl)n2nc(-c3ccc(F)cc3)nc2N1,0
ZINC00940732,DUD_p38_D_1479,CC1=C(C(N)=O)[C@@H](c2ccccc2Cl)n2nc(-c3ccc(F)cc3)nc2N1,0
ZINC00941369,DUD_p38_D_1480,COc1ccc(-c2cc(C(=O)N/N=C\c3c(F)cccc3Cl)[nH]n2)cc1,0
ZINC00941369,DUD_p38_D_1481,COc1ccc(-c2cc(C(=O)N/N=C/c3c(F)cccc3Cl)n[nH]2)cc1,0
ZINC00944310,DUD_p38_D_1482,Cc1cc2nnc(SCC(=O)Nc3ccc(F)cc3)n2c2ccccc12,0
ZINC00944346,DUD_p38_D_1483,CC1=C(C(=O)Nc2ccc(F)cc2)[C@@H](c2cccc(Br)c2)n2ncnc2N1,0
ZINC00944347,DUD_p38_D_1484,CC1=C(C(=O)Nc2ccc(F)cc2)[C@H](c2cccc(Br)c2)n2ncnc2N1,0
ZINC00944348,DUD_p38_D_1485,CC1=C(C(=O)Nc2ccc(F)cc2)[C@H](c2ccc(Br)cc2)n2ncnc2N1,0
ZINC00944349,DUD_p38_D_1486,CC1=C(C(=O)Nc2ccc(F)cc2)[C@H](c2ccc(Br)cc2)n2ncnc2N1,0
ZINC00944356,DUD_p38_D_1487,COc1ccc(NC(=O)C2=C(C)Nc3ncnn3[C@@H]2c2ccccc2Cl)cc1,0
ZINC00944357,DUD_p38_D_1488,COc1ccc(NC(=O)C2=C(C)Nc3ncnn3[C@H]2c2ccccc2Cl)cc1,0
ZINC00945352,DUD_p38_D_1489,CCN1C(=O)c2cccc3c(NC(=O)c4cccc(Br)c4)ccc1c23,0
ZINC00945458,DUD_p38_D_1490,Cc1cn(-c2nc(-c3ccccc3)sc2-c2ccccc2)c(=O)[nH]c1=S,0
ZINC00945459,DUD_p38_D_1491,CNc1ccn(-c2nc(-c3ccccc3)sc2-c2ccccc2)c(=O)n1,0
ZINC00945460,DUD_p38_D_1492,Cc1cn(-c2nc(-c3ccccc3)oc2-c2ccccc2)c(=O)[nH]c1=S,0
ZINC00945845,DUD_p38_D_1493,Cc1c(-c2ccccc2)n[nH]c1C(=O)N/N=C/c1c(F)cccc1Cl,0
ZINC00945845,DUD_p38_D_1494,Cc1c(C(=O)N/N=C\c2c(F)cccc2Cl)n[nH]c1-c1ccccc1,0
ZINC00947663,DUD_p38_D_1495,Cc1sc2ncnc(SCC(=O)Nc3ccccc3)c2c1-c1ccccc1,0
ZINC00947671,DUD_p38_D_1496,Cc1sc2nc3c4ccccc4c(NCc4ccccn4)nn3c(=O)c2c1C,0
ZINC00947724,DUD_p38_D_1497,COc1ccc(-c2csc3ncnc(Oc4cccc(NC(C)=O)c4)c23)cc1,0
ZINC00948020,DUD_p38_D_1498,Clc1ccc(-n2ncc3c(NCc4ccc5c(c4)OCO5)ncnc32)cc1,0
ZINC00948477,DUD_p38_D_1499,Cc1sc2ncnc(Oc3ccc(NC(=O)c4ccccc4)cc3)c2c1C,0
ZINC00948817,DUD_p38_D_1500,Cc1sc2ncnc(SCC(=O)Nc3ccc4ccccc4c3)c2c1C,0
ZINC00949713,DUD_p38_D_1501,CC1=C(C(=O)Nc2ccccc2)[C@H](c2ccc(Cl)cc2Cl)n2ncnc2N1,0
ZINC00949714,DUD_p38_D_1502,CC1=C(C(=O)Nc2ccccc2)[C@H](c2ccc(Cl)cc2Cl)n2ncnc2N1,0
ZINC00949729,DUD_p38_D_1503,CC1=C(C(=O)Nc2ccccn2)[C@@H](c2ccc(Br)cc2)n2ncnc2N1,0
ZINC00951496,DUD_p38_D_1504,Cc1cc(C)c(NC(=O)c2ccc(N3C(=O)c4ccccc4C3=O)cc2)c(Cl)c1,0
ZINC00951803,DUD_p38_D_1505,Cc1nn(-c2ccccc2)c2sc(C(=O)Nc3ccccc3F)cc12,0
ZINC00951848,DUD_p38_D_1506,COc1ccc(NC2=C(Cl)C(=O)N(c3cccc4ccccc34)C2=O)cc1,0
ZINC00952201,DUD_p38_D_1507,COc1ccc(C2=C[C@H](c3cccc(Br)c3)n3ncnc3N2)cc1,0
ZINC00952202,DUD_p38_D_1508,COc1ccc(C2=C[C@H](c3cccc(Br)c3)n3ncnc3N2)cc1,0
ZINC00952207,DUD_p38_D_1509,COc1ccc(C2=C[C@H](c3ccc(Cl)cc3)n3ncnc3N2)cc1OC,0
ZINC00952208,DUD_p38_D_1510,COc1ccc(C2=C[C@@H](c3ccc(Cl)cc3)n3ncnc3N2)cc1OC,0
ZINC00952209,DUD_p38_D_1511,COc1ccc(C2=C[C@@H](c3ccccc3Cl)n3ncnc3N2)cc1OC,0
ZINC00952211,DUD_p38_D_1512,COc1ccc(C2=C[C@H](c3cccc(Br)c3)n3ncnc3N2)cc1OC,0
ZINC00952212,DUD_p38_D_1513,COc1ccc(C2=C[C@H](c3cccc(Br)c3)n3ncnc3N2)cc1OC,0
ZINC00952213,DUD_p38_D_1514,COc1ccc([C@H]2C=C(c3ccc(Cl)cc3)Nc3ncnn32)c(OC)c1,0
ZINC00952214,DUD_p38_D_1515,COc1ccc([C@@H]2C=C(c3ccc(Cl)cc3)Nc3ncnn32)c(OC)c1,0
ZINC00952227,DUD_p38_D_1516,CC(=O)Nc1cccc(C2=C[C@@H](c3ccc(Cl)cc3)n3ncnc3N2)c1,0
ZINC00952228,DUD_p38_D_1517,CC(=O)Nc1cccc(C2=C[C@H](c3ccc(Cl)cc3)n3ncnc3N2)c1,0
ZINC00952345,DUD_p38_D_1518,Cc1ccc(-c2csc3ncn(CC(=O)Nc4ccccc4)c(=O)c23)cc1C,0
ZINC00954670,DUD_p38_D_1519,CCc1ccc([C@@H]2C(C(=O)Nc3ccc(Cl)cc3)=C(C)Nc3ncnn32)cc1,0
ZINC00954671,DUD_p38_D_1520,CCc1ccc([C@H]2C(C(=O)Nc3ccc(Cl)cc3)=C(C)Nc3ncnn32)cc1,0
ZINC00954858,DUD_p38_D_1521,CCN1C(=O)c2cccc3c(NC(=O)c4cccc(Cl)c4)ccc1c23,0
ZINC00954859,DUD_p38_D_1522,CCN1C(=O)c2cccc3c(NC(=O)c4ccc(Cl)cc4)ccc1c23,0
ZINC00955006,DUD_p38_D_1523,COc1ccc(N2C(=O)C(Cl)=C(Nc3cccc4ccccc34)C2=O)cc1,0
ZINC00955545,DUD_p38_D_1524,O=C(CSc1ncnc2scc(-c3ccccc3)c12)Nc1ccccc1,0
ZINC00955586,DUD_p38_D_1525,Cc1c(C(=O)Nc2ccccc2)sc2ncn(Cc3ccccc3Cl)c(=O)c12,0
ZINC00955594,DUD_p38_D_1526,Cc1c(C(=O)Nc2ccccc2)sc2ncn(Cc3ccc(F)cc3)c(=O)c12,0
ZINC00955621,DUD_p38_D_1527,Cc1ccc(NC(=O)Cn2cnc3scc(-c4ccccc4)c3c2=O)cc1,0
ZINC00955622,DUD_p38_D_1528,Cc1cccc(NC(=O)Cn2cnc3scc(-c4ccccc4)c3c2=O)c1C,0
ZINC00955867,DUD_p38_D_1529,COc1ccc([C@H]2C(C(=O)Nc3ccccc3)=C(C)Nc3ncnn32)cc1Br,0
ZINC00955868,DUD_p38_D_1530,COc1ccc([C@H]2C(C(=O)Nc3ccccc3)=C(C)Nc3ncnn32)cc1Br,0
ZINC00956206,DUD_p38_D_1531,COC(=O)c1ccccc1N1C(=O)C(Cl)=C(Nc2cccc(C)c2)C1=O,0
ZINC00956232,DUD_p38_D_1532,CC1=C(C(=O)Nc2ccccc2)[C@H](c2cccc(Cl)c2Cl)n2ncnc2N1,0
ZINC00956233,DUD_p38_D_1533,CC1=C(C(=O)Nc2ccccc2)[C@H](c2cccc(Cl)c2Cl)n2ncnc2N1,0
ZINC00956237,DUD_p38_D_1534,CC1=C(C(=O)Nc2ccccc2)[C@@H](c2sccc2C)n2ncnc2N1,0
ZINC00956577,DUD_p38_D_1535,Cc1cccc(NC(=O)Cn2cnc3sc(-c4ccccc4)cc3c2=O)c1,0
ZINC00956657,DUD_p38_D_1536,CC1=C(C(N)=O)[C@@H](c2ccc(Cl)cc2)n2nc(-c3ccccc3)nc2N1,0
ZINC00956658,DUD_p38_D_1537,CC1=C(C(N)=O)[C@@H](c2ccc(Cl)cc2)n2nc(-c3ccccc3)nc2N1,0
ZINC00956660,DUD_p38_D_1538,CC1=C(C(N)=O)[C@@H](c2ccc(Br)cc2)n2nc(-c3ccccc3)nc2N1,0
ZINC00956662,DUD_p38_D_1539,CC1=C(C(N)=O)[C@@H](c2cccc(Br)c2)n2nc(-c3ccccc3)nc2N1,0
ZINC00956675,DUD_p38_D_1540,CC1=C(C(N)=O)[C@@H](c2cccc(OCc3ccccc3)c2)NC(=S)N1,0
ZINC00956679,DUD_p38_D_1541,CC1=C(C(N)=O)[C@@H](c2ccc(OCc3ccccc3)cc2)NC(=S)N1,0
ZINC00956680,DUD_p38_D_1542,CC1=C(C(N)=O)[C@@H](c2ccc(OCc3ccccc3)cc2)NC(=S)N1,0
ZINC00956701,DUD_p38_D_1543,COC(=O)c1ccc([C@H]2NC(=S)NC(C)=C2C(=O)Nc2ccccc2)cc1,0
ZINC00956702,DUD_p38_D_1544,COC(=O)c1ccc([C@H]2NC(=S)NC(C)=C2C(=O)Nc2ccccc2)cc1,0
ZINC00956737,DUD_p38_D_1545,COc1ccccc1NC(=S)NC(=O)c1c(-c2ccccc2Cl)noc1C,0
ZINC00956739,DUD_p38_D_1546,Cc1onc(-c2c(F)cccc2Cl)c1C(=O)NC(=S)NCc1cccnc1,0
ZINC00957885,DUD_p38_D_1547,Cc1ccc(N2C(=O)c3cccc4c(NC(=O)c5cccs5)ccc2c34)cc1,0
ZINC00958085,DUD_p38_D_1548,Cc1ccc(N2CC(=O)C(c3nc4ccccc4s3)=C2N)cc1Cl,0
ZINC00959030,DUD_p38_D_1549,COc1ccc(Br)cc1[C@@H]1C(C(=O)Nc2ccccc2)=C(C)Nc2ncnn21,0
ZINC00959031,DUD_p38_D_1550,COc1ccc(Br)cc1[C@@H]1C(C(=O)Nc2ccccc2)=C(C)Nc2ncnn21,0
ZINC00959681,DUD_p38_D_1551,CC1=C(C(=O)Nc2ccccc2)[C@@H](c2ccc(Br)o2)n2ncnc2N1,0
ZINC00966290,DUD_p38_D_1552,Cc1cccc2oc(SCc3nc(C(=O)Nc4ccccc4F)co3)nc12,0
ZINC00967961,DUD_p38_D_1553,CN1c2ccccc2C(c2ccccc2F)=NC[C@H]1CNC(=O)c1ccsc1,0
ZINC00968895,DUD_p38_D_1554,COC(=O)C1=C(N)Oc2c(c(=O)oc3ccccc23)[C@@H]1c1ccccc1OC(F)F,0
ZINC00970525,DUD_p38_D_1555,C[C@H]1CCc2c(sc(NC(=O)c3ccco3)c2C(=O)Nc2ccccc2)C1,0
ZINC00970539,DUD_p38_D_1556,O=C(Nc1sc2c(c1C(=O)Nc1ccccc1)CCC2)c1cccs1,0
ZINC00970895,DUD_p38_D_1557,COc1ccccc1[C@@H]1N=C(SCc2cccc(F)c2)NC(C)=C1C(N)=O,0
ZINC00973910,DUD_p38_D_1558,Cc1nn(CC(=O)Nc2ccc(Br)c3cccnc23)c(=O)c2ccccc12,0
ZINC00974279,DUD_p38_D_1559,COC(=O)[C@H]1C(=O)C2=C(C[C@@H]1C)Nc1ccccc1N[C@H]2c1ccccc1F,0
ZINC00974721,DUD_p38_D_1560,COC(=O)c1ccc(C(=O)Nc2nc3c(ccc4ccccc43)s2)cc1,0
ZINC00974998,DUD_p38_D_1561,COc1cc([C@H]2N=C(c3ccccc3)N=C(c3ccccc3)N2)ccc1O,0
ZINC00975238,DUD_p38_D_1562,Cc1cc(-c2ccccc2)nc2cc(C(=O)Nc3cc(Cl)ccc3O)nn12,0
ZINC00975803,DUD_p38_D_1563,Cc1nn(-c2nnc3c(n2)[nH]c2ccc(Br)cc23)c(C)c1Cc1ccccc1,0
ZINC00976127,DUD_p38_D_1564,Cc1ccc(-c2c[nH]c(SCC(=O)Nc3ccc(Cl)cc3)n2)cc1,0
ZINC00976127,DUD_p38_D_1565,Cc1ccc(-c2c[nH]c(SCC(=O)Nc3ccc(Cl)cc3)[nH+]2)cc1,0
ZINC00976127,DUD_p38_D_1566,Cc1ccc(-c2cnc(SCC(=O)Nc3ccc(Cl)cc3)[nH]2)cc1,0
ZINC00976322,DUD_p38_D_1567,Cc1cccc(-c2nnc(SCC(=O)Nc3ccccc3Cl)n2C)c1,0
ZINC00977616,DUD_p38_D_1568,O=C(COc1ccccc1)NC(=S)Nc1ccc(N2CCOCC2)c(Cl)c1,0
ZINC00977660,DUD_p38_D_1569,O=C(Cc1ccccc1)NC(=S)Nc1ccc(-c2nc3ncccc3o2)cc1,0
ZINC00977907,DUD_p38_D_1570,Cn1c(Oc2ccccc2NCc2ccc(Br)cc2)cc(=O)n(C)c1=O,0
ZINC00978261,DUD_p38_D_1571,CC(C)C1=NN=C(c2ccc(F)cc2)[C@@H](c2c[nH]c3ccccc23)N1O,0
ZINC00980637,DUD_p38_D_1572,Cc1nn(-c2ccccc2)c(C)c1NC(=S)NC(=O)c1cccs1,0
ZINC00980835,DUD_p38_D_1573,O=C(Nc1ccc(Cl)c(Cl)c1)C1CCN(C(=O)c2ccccc2)CC1,0
ZINC00983415,DUD_p38_D_1574,Cc1ccccc1NC(=O)c1cc(Cl)ccc1NC(=O)c1ccncc1,0
ZINC00983418,DUD_p38_D_1575,Cn1c(=O)c(-c2cc(Br)ccc2N)nc2cc3ccccc3cc21,0
ZINC00983705,DUD_p38_D_1576,Cc1ccc(-c2csc(NC(=O)CSc3nc4ccccc4[nH]3)n2)cc1,0
ZINC00983705,DUD_p38_D_1577,Cc1ccc(-c2csc(NC(=O)CSc3[nH]c4ccccc4[nH+]3)n2)cc1,0
ZINC00984805,DUD_p38_D_1578,O=C1CSC(Nc2nc(-c3ccccc3)c(-c3ccccc3)s2)=N1,0
ZINC00986636,DUD_p38_D_1579,Cc1[nH]c2ccccc2c1/C=C1\C(=O)NC(=S)N(c2ccc(Cl)cc2)C1=O,0
ZINC00987528,DUD_p38_D_1580,S=C(Nc1ccc(Oc2ccccc2)cc1)N1CCN(c2ncccn2)CC1,0
ZINC00988099,DUD_p38_D_1581,COc1cc(Br)ccc1NC(=O)c1cccc2c1-c1ccccc1C2=O,0
ZINC00988152,DUD_p38_D_1582,C[C@@H]1C[C@@H](Nc2ccc(F)cc2)c2cc(F)ccc2N1C(=O)c1ccc(N)cc1,0
ZINC00989541,DUD_p38_D_1583,Cc1ccsc1/C=N\NC(=O)[C@@H]1COc2cc3ccccc3cc2O1,0
ZINC00989602,DUD_p38_D_1584,Cc1ccccc1C(=O)Nc1ccc(-c2cc3ccccc3oc2=O)c(C)c1,0
ZINC00989767,DUD_p38_D_1585,CCC(=O)Nc1ccc(NC(=O)c2ccc(-c3ccc(Cl)cc3)o2)cc1,0
ZINC00989986,DUD_p38_D_1586,CCOc1ccc(-n2nc3ccc(NC(=O)c4ccccc4F)cc3n2)cc1,0
ZINC00991271,DUD_p38_D_1587,O=C1[C@H]2C3c4ccccc4C(c4ccccc43)[C@H]2C(=O)N1c1ccc(Cl)cc1O,0
ZINC00991272,DUD_p38_D_1588,O=C1[C@H]2C3c4ccccc4C(c4ccccc43)[C@@H]2C(=O)N1c1ccc(Cl)cc1O,0
ZINC00991289,DUD_p38_D_1589,O=C1[C@H]2C3c4ccccc4C(c4ccccc43)[C@H]2C(=O)N1c1cc(Cl)ccc1O,0
ZINC00991290,DUD_p38_D_1590,O=C1[C@H]2C3c4ccccc4C(c4ccccc43)[C@H]2C(=O)N1c1cc(Cl)ccc1O,0
ZINC00991383,DUD_p38_D_1591,CC1=CC[C@@H]2C(=O)N(c3ccc(C(=O)Nc4cccc(Cl)c4)cc3)C(=O)[C@@H]2C1,0
ZINC00991384,DUD_p38_D_1592,CC1=CC[C@H]2C(=O)N(c3ccc(C(=O)Nc4cccc(Cl)c4)cc3)C(=O)[C@@H]2C1,0
ZINC00991385,DUD_p38_D_1593,CC1=CC[C@H]2C(=O)N(c3ccc(C(=O)Nc4cccc(Cl)c4)cc3)C(=O)[C@H]2C1,0
ZINC00991566,DUD_p38_D_1594,CC1=C(C(=O)Nc2ccccn2)[C@H](c2ccc(Cl)cc2)n2ncnc2N1,0
ZINC00991567,DUD_p38_D_1595,CC1=C(C(=O)Nc2ccccn2)[C@H](c2ccc(Cl)cc2)n2ncnc2N1,0
ZINC00991737,DUD_p38_D_1596,CC(=O)Nc1ccc(N2C(=O)c3cccc(Oc4ccc(Cl)cc4)c3C2=O)cc1,0
ZINC00991801,DUD_p38_D_1597,Cc1ccc(Cl)cc1NC(=O)c1ccc(N2C(=O)[C@H]3CC=CC[C@@H]3C2=O)cc1,0
ZINC00991802,DUD_p38_D_1598,Cc1ccc(Cl)cc1NC(=O)c1ccc(N2C(=O)[C@H]3CC=CC[C@@H]3C2=O)cc1,0
ZINC00991803,DUD_p38_D_1599,Cc1ccc(Cl)cc1NC(=O)c1ccc(N2C(=O)[C@@H]3CC=CC[C@H]3C2=O)cc1,0
ZINC00991804,DUD_p38_D_1600,Cc1ccc(Cl)cc1NC(=O)c1ccc(N2C(=O)[C@@H]3CC=CC[C@@H]3C2=O)cc1,0
ZINC00991809,DUD_p38_D_1601,O=C(Nc1ccccc1C(F)(F)F)c1ccccc1N1C(=O)[C@@H]2CC=CC[C@H]2C1=O,0
ZINC00991826,DUD_p38_D_1602,Cc1ccc(Cl)cc1NC(=O)c1ccccc1NC(=O)c1ccco1,0
ZINC00992648,DUD_p38_D_1603,O=C(Nc1sc2c(c1C(=O)Nc1ccccc1)CCCC2)c1ccco1,0
ZINC00993606,DUD_p38_D_1604,Cc1onc(-c2ccccc2)c1C(=O)N/N=C\c1cccc(Br)c1,0
ZINC00993616,DUD_p38_D_1605,Cc1onc(-c2ccccc2)c1C(=O)N/N=C\c1ccc(Br)cc1,0
ZINC00993650,DUD_p38_D_1606,Cc1onc(-c2ccccc2)c1C(=O)N/N=C/c1cccc(Cl)c1,0
ZINC00993658,DUD_p38_D_1607,COc1ccc(Cl)cc1/C=N/NC(=O)c1c(-c2ccccc2)noc1C,0
ZINC00994189,DUD_p38_D_1608,COc1ccc(N2C(=O)c3ccccc3N[C@H]2c2ccc(Br)cc2)cc1,0
ZINC00994840,DUD_p38_D_1609,Cc1c(NC(=S)NC(=O)c2ccc(F)cc2)c(=O)n(-c2ccccc2)n1C,0
ZINC00995161,DUD_p38_D_1610,CSc1ccc([C@@H]2Nc3ccccc3-c3nnc(SC)nc3O2)cc1,0
ZINC00995162,DUD_p38_D_1611,CSc1ccc([C@H]2Nc3ccccc3-c3nnc(SC)nc3O2)cc1,0
ZINC00995339,DUD_p38_D_1612,Cc1ccc(-c2cc(C(=O)Nc3ccncc3)c3ccccc3n2)cc1C,0
ZINC00995615,DUD_p38_D_1613,CCc1ccc([C@H]2Nc3ccccc3-c3nnc(SC)nc3O2)cc1,0
ZINC00995616,DUD_p38_D_1614,CCc1ccc([C@H]2Nc3ccccc3-c3nnc(SC)nc3O2)cc1,0
ZINC00995718,DUD_p38_D_1615,O=C(Nc1ccncc1)c1cc(-c2ccc(Cl)cc2)nc2ccccc12,0
ZINC00996178,DUD_p38_D_1616,CCc1c(C)sc(NC(=O)C2c3ccccc3Oc3ccccc32)c1C(N)=O,0
ZINC00998552,DUD_p38_D_1617,O=C(Nc1ccncc1)c1cc(-c2ccc(Br)cc2)nc2ccccc12,0
ZINC00998722,DUD_p38_D_1618,COc1cccc(-c2cc(C(=O)Nc3nccs3)c3ccccc3n2)c1,0
ZINC00999056,DUD_p38_D_1619,Cc1ccccc1N1C(=O)[C@@H]2C3c4ccccc4C([C@H](C)O)(c4ccccc43)[C@@H]2C1=O,0
ZINC00999057,DUD_p38_D_1620,C[C@H](O)C12c3ccccc3C(c3ccccc31)[C@@H]1C(=O)N(c3ccc(Cl)cc3)C(=O)[C@H]12,0
ZINC00999059,DUD_p38_D_1621,C[C@H](O)C12c3ccccc3C(c3ccccc31)[C@@H]1C(=O)N(c3cccc(Cl)c3)C(=O)[C@@H]12,0
ZINC01000647,DUD_p38_D_1622,COc1cc2ccccc2cc1C(=O)NC(=S)Nc1cccc(C(C)=O)c1,0
ZINC01000648,DUD_p38_D_1623,COc1cc2ccccc2cc1C(=O)NC(=S)Nc1ccc(C(C)=O)cc1,0
ZINC01000655,DUD_p38_D_1624,CCC(=O)NC(=S)Nc1cccc(NC(=O)c2ccccc2Cl)c1,0
ZINC01000665,DUD_p38_D_1625,CC(C)CC(=O)NC(=S)Nc1ccc2nn(-c3ccccc3)nc2c1,0
ZINC01000674,DUD_p38_D_1626,CC(C)CC(=O)NC(=S)Nc1ccc(-c2nc3ccccc3o2)c(O)c1,0
ZINC01000821,DUD_p38_D_1627,O=C(Nc1ccc2[nH]c(-c3ccc(Br)o3)nc2c1)c1ccccc1,0
ZINC01000821,DUD_p38_D_1628,O=C(Nc1ccc2[nH]c(-c3ccc(Br)o3)[nH+]c2c1)c1ccccc1,0
ZINC01000878,DUD_p38_D_1629,Cc1cc(NC(=O)c2cccc(COc3ccc(Br)cc3)c2)no1,0
ZINC01001808,DUD_p38_D_1630,CC(=O)c1cccc(NC(=O)COc2ccc3ccccc3c2Br)c1,0
ZINC01001928,DUD_p38_D_1631,N#CC1=C(N)N(c2ccccc2)C2=C(C(=O)CCC2)[C@@H]1c1ccccc1C(F)(F)F,0
ZINC01001968,DUD_p38_D_1632,Cc1sc(NC(=O)c2ccc(F)cc2)c(C(N)=O)c1-c1ccccc1,0
ZINC01003095,DUD_p38_D_1633,Cc1ccc(F)c(NC(=O)c2cnn3c(C(F)F)cc(-c4ccccc4)nc23)c1,0
ZINC01004190,DUD_p38_D_1634,Cc1ccc2oc(-c3ccc(NCc4ccc5c(c4)OCO5)cc3O)nc2c1,0
ZINC01004685,DUD_p38_D_1635,O=C(NC(=S)Nc1ccccc1N1CCOCC1)c1ccc(F)cc1,0
ZINC01004740,DUD_p38_D_1636,Cc1nnc2sc(-c3ccc(NCc4ccc(Cl)cc4)cc3)nn12,0
ZINC01005380,DUD_p38_D_1637,CCC(=O)Nc1cccc(NC(=S)NC(=O)c2ccccc2Cl)c1,0
ZINC01005698,DUD_p38_D_1638,Cc1ccc(-c2[nH]ncc2/C=N/NC(=O)Cc2c(Cl)cccc2Cl)cc1,0
ZINC01006515,DUD_p38_D_1639,O=C(Nc1ccccc1)c1ccc(Cl)c(NC(=O)C2CCCC2)c1,0
ZINC01006585,DUD_p38_D_1640,Cc1ccnc(NC(=O)c2cccc(NC(=O)c3ccccc3F)c2)c1,0
ZINC01006605,DUD_p38_D_1641,Cc1cc(C)cc(NC(=O)c2ccc(Cl)c(NC(=O)c3ccco3)c2)c1,0
ZINC01006607,DUD_p38_D_1642,Cc1cccc(NC(=O)c2ccc(Cl)c(NC(=O)c3ccco3)c2)c1C,0
ZINC01006619,DUD_p38_D_1643,Cc1ccccc1NC(=O)c1ccc(Cl)c(NC(=O)c2ccco2)c1,0
ZINC01006919,DUD_p38_D_1644,CCOC(=O)c1cnn(-c2ncnc3sc(-c4ccccc4)cc23)c1N,0
ZINC01006921,DUD_p38_D_1645,CC(=O)Nc1cccc(Oc2ncnc3sc(-c4ccccc4)cc23)c1,0
ZINC01010003,DUD_p38_D_1646,COC(=O)C1=C(N)OC2=C(C(=O)C[C@H](c3ccccc3)C2)[C@@H]1c1ccsc1,0
ZINC01010004,DUD_p38_D_1647,COC(=O)C1=C(N)OC2=C(C(=O)C[C@@H](c3ccccc3)C2)[C@@H]1c1ccsc1,0
ZINC01010005,DUD_p38_D_1648,COC(=O)C1=C(N)OC2=C(C(=O)C[C@@H](c3ccccc3)C2)[C@H]1c1ccsc1,0
ZINC01010006,DUD_p38_D_1649,COC(=O)C1=C(N)OC2=C(C(=O)C[C@@H](c3ccccc3)C2)[C@@H]1c1ccsc1,0
ZINC01010102,DUD_p38_D_1650,COC(=O)C1=C(N)OC2=C(C(=O)C[C@H](c3ccccc3)C2)[C@@H]1c1ccc(F)cc1,0
ZINC01010104,DUD_p38_D_1651,COC(=O)C1=C(N)OC2=C(C(=O)C[C@@H](c3ccccc3)C2)[C@H]1c1ccc(F)cc1,0
ZINC01010105,DUD_p38_D_1652,COC(=O)C1=C(N)OC2=C(C(=O)C[C@H](c3ccccc3)C2)[C@@H]1c1ccc(F)cc1,0
ZINC01010129,DUD_p38_D_1653,NC1=C(C(=O)c2ccccc2)[C@H](c2ccc(Cl)cc2)C2=C(CCCC2=O)O1,0
ZINC01010130,DUD_p38_D_1654,NC1=C(C(=O)c2ccccc2)[C@@H](c2ccc(Cl)cc2)C2=C(CCCC2=O)O1,0
ZINC01016617,DUD_p38_D_1655,S=c1[nH]nc(CN2c3ccccc3Sc3ccccc32)n1-c1ccccc1,0
ZINC01016721,DUD_p38_D_1656,Fc1ccccc1-n1nc2c(=S)[nH]nc(-c3ccccc3)c2c1-c1ccccc1,0
ZINC01016723,DUD_p38_D_1657,COc1cccc(-n2nc3c(=S)[nH]nc(-c4ccccc4)c3c2-c2ccccc2)c1,0
ZINC01017561,DUD_p38_D_1658,COC(=O)c1ccc(-n2cc(-c3cc4ccccc4oc3=O)nc2S)cc1,0
ZINC01017561,DUD_p38_D_1659,COC(=O)c1ccc(-n2cc(-c3cc4ccccc4oc3=O)[nH+]c2S)cc1,0
ZINC01018649,DUD_p38_D_1660,COC(=O)c1ccc([C@@H]2NC(S)=NC(C)=C2C(=O)Nc2ccccc2)cc1,0
ZINC01018650,DUD_p38_D_1661,COC(=O)c1ccc([C@@H]2NC(S)=NC(C)=C2C(=O)Nc2ccccc2)cc1,0
ZINC01019090,DUD_p38_D_1662,Cc1ccc2nc(-c3ccc(NC(=O)c4c(Br)cnn4C)cc3)sc2c1,0
ZINC01019512,DUD_p38_D_1663,Cc1nn(-c2ccccc2)c2c1[C@H](c1ccc(Cl)cc1)SCC(=O)N2,0
ZINC01020466,DUD_p38_D_1664,O=C(Nc1ccncc1)c1ccc(-n2nc(C(F)(F)F)c3c2CCCC3)cc1,0
ZINC01020508,DUD_p38_D_1665,O=C(CCCc1c(-c2ccccn2)[nH]c2ccccc12)Nc1nccs1,0
ZINC01020528,DUD_p38_D_1666,O=C(CCCc1c(-c2ccccn2)[nH]c2ccc(F)cc12)Nc1nccs1,0
ZINC01024258,DUD_p38_D_1667,O=C(Nc1ccccc1)c1nn(-c2ccc(Cl)cc2)c(=O)c2ccccc12,0
ZINC01024577,DUD_p38_D_1668,CSc1cccc(NC(=O)c2ccccc2NC(=O)c2ccccc2)c1,0
ZINC01025215,DUD_p38_D_1669,O=C1c2ccccc2[C@]2(c3ccccc3)N1CCN2C(=S)Nc1cccc(Cl)c1,0
ZINC01025400,DUD_p38_D_1670,CSC1=N[C@@]2(C[C@@H](c3ccccc3)Oc3cc(O)ccc32)CC(C)(C)N1,0
ZINC01025690,DUD_p38_D_1671,CC1(C)Cc2cccc(C(=O)Nc3ccc(-c4csnn4)cc3)c2O1,0
ZINC01025792,DUD_p38_D_1672,O=C(c1cnc2ccccc2n1)N1CCC(O)(c2ccc(Cl)cc2)CC1,0
ZINC01025906,DUD_p38_D_1673,O=C(NCc1ccc(-c2cccs2)cc1)c1cnc2ccccc2n1,0
ZINC01026689,DUD_p38_D_1674,COc1cccc([C@@H]2Nc3ccccc3C(=O)N2c2ccc(F)cc2)c1O,0
ZINC01026692,DUD_p38_D_1675,COc1cccc([C@H]2Nc3ccccc3C(=O)N2c2ccc(F)cc2)c1O,0
ZINC01026775,DUD_p38_D_1676,Cc1onc(-c2ccccc2)c1C(=O)NC(=S)Nc1ccc(Cl)cc1,0
ZINC01026789,DUD_p38_D_1677,Cc1ccccc1NC(=S)Nc1ccccc1C(=O)Nc1ccc(F)cc1,0
ZINC01028471,DUD_p38_D_1678,Cc1onc(-c2ccccc2)c1C(=O)N1CCC(O)(c2ccc(Cl)cc2)CC1,0
ZINC01028628,DUD_p38_D_1679,OC1CCN(c2ncnc3scc(-c4ccc5ccccc5c4)c23)CC1,0
ZINC01029454,DUD_p38_D_1680,COc1ccc(-c2c(C(F)(F)F)nn3c(=O)cc(-c4ccccc4)[nH]c23)cc1,0
ZINC01029667,DUD_p38_D_1681,COc1ccc(-c2c(C(F)(F)F)nn(C)c2NC(=O)c2cccnc2)cc1,0
ZINC01029783,DUD_p38_D_1682,O=C(c1cc2ccccc2s1)N1CCC(O)(c2ccc(Cl)cc2)CC1,0
ZINC01029924,DUD_p38_D_1683,Cc1ccccc1NC(=S)Nc1c(C)n(C)n(-c2ccccc2)c1=O,0
ZINC01030340,DUD_p38_D_1684,Cc1cnc(C(=O)NCc2c(Cl)cccc2Oc2ccccc2)cn1,0
ZINC01030504,DUD_p38_D_1685,COc1cccc2c1c(NC(=O)c1cnn(-c3ccc(F)cc3)c1C)nn2C,0
ZINC01030646,DUD_p38_D_1686,O=C(c1cc(F)ccc1F)N1CCc2c([nH]c3ccccc23)[C@H]1c1ccc2c(c1)OCO2,0
ZINC01030649,DUD_p38_D_1687,O=C(c1cc(F)ccc1F)N1CCc2c([nH]c3ccccc23)[C@@H]1c1ccc2c(c1)OCO2,0
ZINC01030655,DUD_p38_D_1688,O=C(c1ccc(F)cc1)N1CCc2c([nH]c3ccccc23)[C@@H]1c1ccc2c(c1)OCO2,0
ZINC01030657,DUD_p38_D_1689,O=C(c1ccc(F)cc1)N1CCc2c([nH]c3ccccc23)[C@H]1c1ccc2c(c1)OCO2,0
ZINC01030784,DUD_p38_D_1690,COc1cc([C@H]2NC(=O)c3ccccc3N2)ccc1OCc1ccccc1,0
ZINC01030978,DUD_p38_D_1691,O=C(NCc1cc(F)cc2c1OCOC2)c1ccc(-c2ccccn2)s1,0
ZINC01031574,DUD_p38_D_1692,Cc1nc2ccccn2c1-c1ccnc(SCC(=O)Nc2ccccc2)n1,0
ZINC01032065,DUD_p38_D_1693,O=C(NC1(C(=O)Nc2cccc(Cl)c2)CCCCC1)c1ccccn1,0
ZINC01032110,DUD_p38_D_1694,O=C(Nc1ccc(F)cc1F)C1CCN(C(=O)OCc2ccccc2)CC1,0
ZINC01032887,DUD_p38_D_1695,CCCc1c(C(=O)NNc2cccc(Cl)c2)cnn1-c1ccccc1,0
ZINC01032938,DUD_p38_D_1696,COc1ccc(C(=O)Nc2ccc(-c3cn4c(n3)SCC4)cc2)cc1,0
ZINC01032938,DUD_p38_D_1697,COc1ccc(C(=O)Nc2ccc(-c3cn4c([nH+]3)SCC4)cc2)cc1,0
ZINC01033298,DUD_p38_D_1698,Cc1nc2ccccn2c1-c1ccnc(SCC(=O)Nc2ccc(F)cc2)n1,0
ZINC01033298,DUD_p38_D_1699,Cc1[nH+]c2ccccn2c1-c1ccnc(SCC(=O)Nc2ccc(F)cc2)n1,0
ZINC01033300,DUD_p38_D_1700,Cn1c(SC[C@H](O)c2ccccc2)nnc1-c1ccc2ccccc2c1,0
ZINC01033302,DUD_p38_D_1701,Cn1c(SC[C@H](O)c2ccc(F)cc2)nnc1-c1ccc2ccccc2c1,0
ZINC01033715,DUD_p38_D_1702,CCOC(=O)C1=C(N)Oc2c(c(=O)oc3ccccc23)[C@H]1c1ccccc1Cl,0
ZINC01033717,DUD_p38_D_1703,CCOC(=O)C1=C(N)Oc2c(c(=O)oc3ccccc23)[C@H]1c1ccc(Cl)cc1,0
ZINC01033718,DUD_p38_D_1704,CCOC(=O)C1=C(N)Oc2c(c(=O)oc3ccccc23)[C@@H]1c1ccc(Cl)cc1,0
ZINC01034297,DUD_p38_D_1705,O=C(Nc1ccc(N2CCOCC2)cc1)c1cc2cc(Cl)ccc2[nH]1,0
ZINC01034831,DUD_p38_D_1706,O=C(NCc1csc(-c2cccs2)n1)C1=Cc2ccccc2OC1,0
ZINC01034867,DUD_p38_D_1707,CN1CCOc2cc(S(=O)(=O)NCc3ccc(-c4cccs4)cc3)ccc21,0
ZINC01034872,DUD_p38_D_1708,O=S(=O)(NCc1ccc(-c2cccs2)cc1)c1ccc2c(c1)OCCCO2,0
ZINC01034873,DUD_p38_D_1709,Cc1cc(S(=O)(=O)NCc2ccc(-c3cccs3)cc2)c(C)s1,0
ZINC01035322,DUD_p38_D_1710,Cc1nn(-c2ccccc2)nc1C(=O)N1CCC(O)(c2ccc(Cl)cc2)CC1,0
ZINC01035725,DUD_p38_D_1711,Cc1cc(NC(=O)CSc2nc3ccccc3[nH]2)n(-c2ccccc2)n1,0
ZINC01035725,DUD_p38_D_1712,Cc1cc(NC(=O)CSc2[nH]c3ccccc3[nH+]2)n(-c2ccccc2)n1,0
ZINC01036119,DUD_p38_D_1713,COc1ccc(-n2c(=S)[nH]c3sc(-c4ccccc4)cc3c2=O)c(OC)c1,0
ZINC01036815,DUD_p38_D_1714,Cc1c(NC(=S)Nc2ccccc2Cl)c(=O)n(-c2ccccc2)n1C,0
ZINC01037019,DUD_p38_D_1715,O=C(NC1CCN(C(=O)c2c(Cl)cccc2Cl)CC1)c1ccccc1,0
ZINC01037031,DUD_p38_D_1716,Cc1cc(S(=O)(=O)N2CCN(c3cccc4[nH]ccc34)CC2)c(Cl)cc1Cl,0
ZINC01037104,DUD_p38_D_1717,C[C@H](Oc1ccccc1-c1ccccc1)c1n[nH]c(=S)n1-c1ccccc1,0
ZINC01037105,DUD_p38_D_1718,C[C@H](Oc1ccccc1-c1ccccc1)c1n[nH]c(=S)n1-c1ccccc1,0
ZINC01037522,DUD_p38_D_1719,CSc1nn(-c2ccccc2)c(N)c1S(=O)(=O)c1ccc(Cl)cc1,0
ZINC01037859,DUD_p38_D_1720,O=C(Nc1ccccc1)O[C@@H]1c2cc(Cl)ccc2OC(=O)N1c1ccccc1,0
ZINC01039132,DUD_p38_D_1721,O=C(Nc1ccc(Cl)cc1)c1csc([C@@H]2COc3ccccc3O2)n1,0
ZINC01039134,DUD_p38_D_1722,O=C(NCc1cccs1)c1csc([C@@H]2COc3ccccc3O2)n1,0
ZINC01039985,DUD_p38_D_1723,Cc1ccc(NC(=O)c2c(-c3ccccc3)nnc3ccccc23)cc1F,0
ZINC01040027,DUD_p38_D_1724,CSc1cccc(-n2c(=O)n(Cc3ccccc3)c(=O)c3nc[nH]c32)c1,0
ZINC01040027,DUD_p38_D_1725,CSc1cccc(-n2c(=O)n(Cc3ccccc3)c(=O)c3[nH]c[nH+]c32)c1,0
ZINC01040046,DUD_p38_D_1726,CSc1ccc(-n2c(=O)n(Cc3ccccc3)c(=O)c3nc[nH]c32)cc1,0
ZINC01040046,DUD_p38_D_1727,CSc1ccc(-n2c(=O)n(Cc3ccccc3)c(=O)c3[nH]c[nH+]c32)cc1,0
ZINC01040049,DUD_p38_D_1728,O=c1c2[nH]cnc2n(-c2cccc(Br)c2)c(=O)n1Cc1ccccc1,0
ZINC01040130,DUD_p38_D_1729,CSc1ccccc1Cn1c(=O)c2nc[nH]c2n(-c2ccccc2C)c1=O,0
ZINC01040130,DUD_p38_D_1730,CSc1ccccc1Cn1c(=O)c2[nH]c[nH+]c2n(-c2ccccc2C)c1=O,0
ZINC01040137,DUD_p38_D_1731,CC(C)(C)c1ccccc1-n1c(=O)n(Cc2ccccc2F)c(=O)c2nc[nH]c21,0
ZINC01040137,DUD_p38_D_1732,CC(C)(C)c1ccccc1-n1c(=O)n(Cc2ccccc2F)c(=O)c2[nH]c[nH+]c21,0
ZINC01040197,DUD_p38_D_1733,CSc1cccc(-n2c(=O)n(Cc3ccccc3)c(=O)c3nc[nH]c32)c1C,0
ZINC01040197,DUD_p38_D_1734,CSc1cccc(-n2c(=O)n(Cc3ccccc3)c(=O)c3[nH]c[nH+]c32)c1C,0
ZINC01040199,DUD_p38_D_1735,Cc1ccc2nc(-c3ccc(NS(=O)(=O)c4cccs4)cc3)sc2c1,0
ZINC01040281,DUD_p38_D_1736,Cc1ccccc1-n1c(=O)n(Cc2ccc(OC(F)(F)F)cc2)c(=O)c2nc[nH]c21,0
ZINC01040281,DUD_p38_D_1737,Cc1ccccc1-n1c(=O)n(Cc2ccc(OC(F)(F)F)cc2)c(=O)c2[nH]c[nH+]c21,0
ZINC01040284,DUD_p38_D_1738,COc1ccc(Cn2c(=O)c3nc[nH]c3n(-c3ccccc3Cl)c2=O)cc1,0
ZINC01040284,DUD_p38_D_1739,COc1ccc(Cn2c(=O)c3[nH]c[nH+]c3n(-c3ccccc3Cl)c2=O)cc1,0
ZINC01040287,DUD_p38_D_1740,Cc1ccccc1-n1c(=O)n(Cc2ccc(Cl)cc2)c(=O)c2nc[nH]c21,0
ZINC01040287,DUD_p38_D_1741,Cc1ccccc1-n1c(=O)n(Cc2ccc(Cl)cc2)c(=O)c2[nH]c[nH+]c21,0
ZINC01042157,DUD_p38_D_1742,O=C(c1c(Cl)cccc1Cl)N1CCN(c2cccc3[nH]ccc23)CC1,0
ZINC01042159,DUD_p38_D_1743,Cc1cc(S(=O)(=O)N2CCN(c3cccc4[nH]ccc34)CC2)c(C)cc1Cl,0
ZINC01042161,DUD_p38_D_1744,O=S(=O)(c1ccc(Cl)cc1)N1CCN(c2cccc3[nH]ccc23)CC1,0
ZINC01042164,DUD_p38_D_1745,O=S(=O)(c1ccc2ccccc2c1)N1CCN(c2cccc3[nH]ccc23)CC1,0
ZINC01042644,DUD_p38_D_1746,Cc1cc(C)n(-c2ccc(SCC(=O)Nc3ccc(Cl)cc3)nn2)n1,0
ZINC01043173,DUD_p38_D_1747,CC(=O)N1CCc2cc(NC(=O)c3sc4ccccc4c3Cl)ccc21,0
ZINC01043390,DUD_p38_D_1748,Cc1ccc(C)n1-c1ccc(C(=O)NNC(=S)Nc2ccccc2)cc1,0
ZINC01043469,DUD_p38_D_1749,Cc1ccc(Sc2ncccc2NS(=O)(=O)c2ccc(Cl)cc2)cc1,0
ZINC01043475,DUD_p38_D_1750,COc1cccc(-c2nnc(-c3ccccc3NC(=O)c3ccc(F)cc3)o2)c1,0
ZINC01043596,DUD_p38_D_1751,Cc1nc(-c2ccccc2)sc1C(=O)N/N=C/c1cc2ccccc2o1,0
ZINC01044208,DUD_p38_D_1752,O=C(NC1CCN(C(=O)c2ccc(Cl)cc2Cl)CC1)c1ccccc1,0
ZINC01044210,DUD_p38_D_1753,O=C(NC1CCN(C(=O)c2ccccc2Br)CC1)c1ccccc1,0
ZINC01046646,DUD_p38_D_1754,COc1ccc(-c2n[nH]cc2/C=N/NC(=O)c2ccc(Cl)cc2)cc1,0
ZINC01046646,DUD_p38_D_1755,COc1ccc(-c2[nH]ncc2/C=N/NC(=O)c2ccc(Cl)cc2)cc1,0
ZINC01046958,DUD_p38_D_1756,Cc1nn(C)c(=O)c(NC(=O)c2ccc(F)cc2)c1-c1cc(-c2ccsc2)[nH]n1,0
ZINC01046958,DUD_p38_D_1757,Cc1nn(C)c(=O)c(NC(=O)c2ccc(F)cc2)c1-c1cc(-c2ccsc2)n[nH]1,0
ZINC01046958,DUD_p38_D_1758,Cc1nn(C)c(=O)c(NC(=O)c2ccc(F)cc2)c1-c1cc(-c2ccsc2)n[nH]1,0
ZINC01047525,DUD_p38_D_1759,Cc1nc(-c2cccnc2)sc1C(=O)N/N=C/c1c(F)cccc1Cl,0
ZINC01047527,DUD_p38_D_1760,Cc1nc(-c2cccnc2)sc1C(=O)N/N=C/c1ccccc1Cl,0
ZINC01048165,DUD_p38_D_1761,Cc1ccccc1NC(=S)NNC(=O)c1ccccc1-n1cccc1,0
ZINC01048166,DUD_p38_D_1762,COc1ccc(NC(=S)NNC(=O)c2ccccc2-n2cccc2)cc1,0
ZINC01048264,DUD_p38_D_1763,Cc1onc(-c2ccccc2Cl)c1NC(=O)O[C@@H](C)c1cccnc1,0
ZINC01048299,DUD_p38_D_1764,O=C(NCc1cccnc1)c1ccccc1NC(=O)c1c(F)cccc1F,0
ZINC01049491,DUD_p38_D_1765,CC(=O)Nc1ccc(C(=O)CSc2nc(-c3ccccc3)cs2)cc1,0
ZINC01049541,DUD_p38_D_1766,C[C@H](O)C12c3ccccc3C(c3ccccc31)[C@H]1C(=O)N(c3ccccc3F)C(=O)[C@H]12,0
ZINC01049552,DUD_p38_D_1767,Cc1ccccc1NC(=O)CSc1[nH]c2cc3ccccc3cc2[nH+]1,0
ZINC01049576,DUD_p38_D_1768,Cc1nn(Cc2ccc(C(=O)Nc3nc4ccccc4s3)o2)c(C)c1Cl,0
ZINC01049592,DUD_p38_D_1769,Cc1cccc2sc(NC(=O)c3cccc(Cn4cc(Cl)cn4)c3)nc12,0
ZINC01049881,DUD_p38_D_1770,O=C(C[C@H]1Nc2cccc3cccc(c23)NC1=O)Nc1ccc(OC(F)F)cc1,0
ZINC01049883,DUD_p38_D_1771,O=C(C[C@H]1Nc2cccc3cccc(c23)NC1=O)Nc1ccc(OC(F)F)cc1,0
ZINC01050062,DUD_p38_D_1772,O=C(NN1C(=O)c2ccccc2NC12CCCC2)c1ccc(Br)cc1,0
ZINC01050103,DUD_p38_D_1773,Cc1ccc(C)c(NS(=O)(=O)c2ccc(Br)c3ccccc23)c1,0
ZINC01050434,DUD_p38_D_1774,CCc1ccc(C2=C[C@@H](c3ccc(Br)cc3)n3nnnc3N2)cc1,0
ZINC01050435,DUD_p38_D_1775,CCc1ccc(C2=C[C@@H](c3ccc(Br)cc3)n3nnnc3N2)cc1,0
ZINC01051438,DUD_p38_D_1776,O=C(CSc1nc2cc3ccccc3cc2[nH]1)Nc1ccc(F)cc1,0
ZINC01052236,DUD_p38_D_1777,Cc1cccc(NC(=O)c2cccc(OC(=S)Nc3ccc(F)cc3)c2)c1,0
ZINC01052408,DUD_p38_D_1778,Cc1sc(NC(=O)c2ccccc2)c(C(=O)NCc2cccnc2)c1C,0
ZINC01053467,DUD_p38_D_1779,O=C(Nc1nnc(C2CC2)s1)[C@H](Sc1ccccc1)c1ccccc1,0
ZINC01054009,DUD_p38_D_1780,COc1ccc(-n2nc3cc(C)c(NC(=O)c4ccc(F)cc4)cc3n2)cc1,0
ZINC01054086,DUD_p38_D_1781,CC(=O)Nc1cccc(NC(=O)c2cc(C)c(-c3ccccc3)s2)c1,0
ZINC01054797,DUD_p38_D_1782,O=C(Nc1nc(-c2ccccc2)c(-c2ccccc2)s1)[C@@H]1CCCO1,0
ZINC01054799,DUD_p38_D_1783,O=C(Nc1nc(-c2ccccc2)c(-c2ccccc2)s1)[C@H]1CCCO1,0
ZINC01054862,DUD_p38_D_1784,Cc1cc(C(=O)Nc2cccc(C(=O)NCc3ccccc3)c2)cs1,0
ZINC01055012,DUD_p38_D_1785,Cc1onc(-c2ccccc2)c1C(=O)Nc1nc2c(C)cccc2s1,0
ZINC01055091,DUD_p38_D_1786,O=C(Nc1nnc(C2CC2)s1)C1c2ccccc2Oc2ccccc21,0
ZINC01055529,DUD_p38_D_1787,COC(=O)Nc1scc(-c2ccccc2)c1C(=O)NCc1ccco1,0
ZINC01056156,DUD_p38_D_1788,CC(=O)c1cccc(NC(=S)N2CCN(c3ccccc3Cl)CC2)c1,0
ZINC01056165,DUD_p38_D_1789,Cc1cc(=O)oc2cc(NC(=S)NCc3ccccc3Br)ccc12,0
ZINC01056386,DUD_p38_D_1790,COC(=O)Nc1scc(-c2ccccc2)c1C(=O)NCc1ccccc1,0
ZINC01056405,DUD_p38_D_1791,Cc1onc(-c2ccccc2)c1C(=O)Nc1cnn(Cc2ccc(Cl)cc2)c1,0
ZINC01056841,DUD_p38_D_1792,Cc1nn(Cc2ccc(F)cc2)c(C)c1NC(=O)c1cnn2cccnc12,0
ZINC01056937,DUD_p38_D_1793,Cn1c(=O)c2c(-c3ccccc3Cl)n(-c3ccccc3N)cc2n(C)c1=O,0
ZINC01057650,DUD_p38_D_1794,O=c1cc(O)c2sc3nc(-c4ccccc4)cc(-c4cccs4)c3c2[nH]1,0
ZINC01058137,DUD_p38_D_1795,Cn1c(SCC(=O)Nc2cccc3ccccc23)nnc1-c1ccc(F)cc1,0
ZINC01058615,DUD_p38_D_1796,COc1ccccc1[C@@H]1NC(=S)NC(C)=C1C(=O)NCc1ccccc1,0
ZINC01059138,DUD_p38_D_1797,CC1=C(C(=O)NCc2ccccc2)[C@H](c2ccccc2C(F)(F)F)n2ncnc2N1,0
ZINC01059140,DUD_p38_D_1798,CC1=C(C(=O)NCc2ccccc2)[C@H](c2ccccc2C(F)(F)F)n2ncnc2N1,0
ZINC01059163,DUD_p38_D_1799,Oc1cc(N2CCOCC2)c2ccccc2c1Sc1nc2ccccc2[nH]1,0
ZINC01059163,DUD_p38_D_1800,Oc1cc(N2CCOCC2)c2ccccc2c1Sc1[nH]c2ccccc2[nH+]1,0
ZINC01059278,DUD_p38_D_1801,CCOC(=O)c1ccc(NC(=O)c2ccc(-c3ccc(F)cc3)o2)cc1,0
ZINC01059501,DUD_p38_D_1802,O=C(NCc1ccc2c(c1)OCO2)c1ccc(-c2ccc(Cl)cc2)o1,0
ZINC01059635,DUD_p38_D_1803,CSc1ccc([C@@H]2C(C(=O)Nc3ccc(Cl)cc3)=C(C)Nc3ncnn32)cc1,0
ZINC01059823,DUD_p38_D_1804,Cc1ccc2nc(NC(=O)CSc3nc4ccccc4[nH]3)sc2c1,0
ZINC01059823,DUD_p38_D_1805,Cc1ccc2nc(NC(=O)CSc3[nH]c4ccccc4[nH+]3)sc2c1,0
ZINC01060711,DUD_p38_D_1806,Cc1cccn2c(=O)c3cc(C(=O)NCc4ccccc4Cl)sc3nc12,0
ZINC01060782,DUD_p38_D_1807,Cc1ccc(N2C(=O)[C@H]3C4c5ccccc5C(CO)(c5ccccc54)[C@H]3C2=O)cc1Cl,0
ZINC01060784,DUD_p38_D_1808,Cc1ccc(N2C(=O)[C@@H]3C4c5ccccc5C(CO)(c5ccccc54)[C@@H]3C2=O)cc1Cl,0
ZINC01060786,DUD_p38_D_1809,Cc1ccc(N2C(=O)[C@@H]3C4c5ccccc5C(CO)(c5ccccc54)[C@H]3C2=O)cc1Cl,0
ZINC01060787,DUD_p38_D_1810,Cc1ccc(N2C(=O)[C@@H]3C4c5ccccc5C(CO)(c5ccccc54)[C@@H]3C2=O)cc1Cl,0
ZINC01060856,DUD_p38_D_1811,Cc1ccc(NC(=O)CSc2nnc(-c3ccccc3Cl)[nH]2)cc1C,0
ZINC01061723,DUD_p38_D_1812,CC(=O)Nc1ccc(NC(=O)c2ccc(-c3ccccc3F)o2)cc1,0
ZINC01061773,DUD_p38_D_1813,Cc1nn(-c2cccc(Cl)c2)c(O)c1[C@H]1CC(=O)N(c2ccccc2)C1=O,0
ZINC01061776,DUD_p38_D_1814,Cc1nn(-c2cccc(Cl)c2)c(O)c1[C@@H]1CC(=O)N(c2ccccc2)C1=O,0
ZINC01061841,DUD_p38_D_1815,CSc1ccc([C@H]2C(C(=O)NCc3ccccc3)=C(C)Nc3ncnn32)cc1,0
ZINC01061844,DUD_p38_D_1816,CSc1ccc([C@H]2C(C(=O)NCc3ccccc3)=C(C)Nc3ncnn32)cc1,0
ZINC01061862,DUD_p38_D_1817,C[C@H](C(=O)Nc1ccccc1Br)N1C(=O)c2cccc3cccc1c23,0
ZINC01062043,DUD_p38_D_1818,CC1=C(C(=O)NCc2ccccc2)[C@H](c2cccc(Br)c2)n2ncnc2N1,0
ZINC01062046,DUD_p38_D_1819,CC1=C(C(=O)NCc2ccccc2)[C@H](c2cccc(Br)c2)n2ncnc2N1,0
ZINC01062244,DUD_p38_D_1820,O=C(NCc1cccnc1)c1cnn2c1N[C@@H](c1ccccc1)C[C@H]2C(F)(F)F,0
ZINC01063645,DUD_p38_D_1821,COc1ccc(N2C(=O)c3ccccc3[C@]2(O)c2ccccc2)cc1OC,0
ZINC01063655,DUD_p38_D_1822,Cc1ccc(-c2nnc(-c3ccc(NC(=O)c4ccccc4F)cc3)o2)cc1,0
ZINC01063749,DUD_p38_D_1823,COc1ccc(-c2nc3ccccc3s2)cc1NC(=O)c1ccco1,0
ZINC01063888,DUD_p38_D_1824,Cc1nn(-c2ccccc2)c(O)c1/C=N/NC(=O)c1ccc(Cl)cc1,0
ZINC01064182,DUD_p38_D_1825,CSc1ccc(CNc2ccc(-c3nn4c(C)nnc4s3)cc2)cc1,0
ZINC01065350,DUD_p38_D_1826,COc1ccc(-c2cc3ccccc3oc2=O)cc1NC(=O)c1cccs1,0
ZINC01065410,DUD_p38_D_1827,O=C(NC(=S)Nc1cccc2ncccc12)c1ccc2c(c1)OCCO2,0
ZINC01065417,DUD_p38_D_1828,O=C(NC(=S)Nc1cccc(-c2ccc(CO)o2)c1)c1cccs1,0
ZINC01065640,DUD_p38_D_1829,COc1ccc(Cl)cc1[C@@H](Nc1cccnc1)c1ccc2cccnc2c1O,0
ZINC01066010,DUD_p38_D_1830,Cc1ccc2[nH]c(-c3cccc(NC(=O)c4ccc(Br)o4)c3)[nH+]c2c1,0
ZINC01066090,DUD_p38_D_1831,O=C1N(Cc2ccccc2Br)c2ccccc2[C@]1(O)c1c[nH]c2ccccc12,0
ZINC01068231,DUD_p38_D_1832,Cc1ccc(-c2cc(C(=O)Nc3cccnc3)c3cc(Br)ccc3n2)o1,0
ZINC01068233,DUD_p38_D_1833,Cn1c2ccccc2c2nnc(SCC(=O)Nc3ccc(F)cc3)nc21,0
ZINC01068235,DUD_p38_D_1834,O=C(NCc1ccco1)c1cc(-c2ccccn2)nc2ccc(Cl)cc12,0
ZINC01068282,DUD_p38_D_1835,O=C(NCc1ccco1)c1cc(-c2cccnc2)nc2ccc(Br)cc12,0
ZINC01068285,DUD_p38_D_1836,Cc1ccc2nc(-c3ccncc3)cc(C(=O)Nc3ccc(F)cc3C)c2c1,0
ZINC01068326,DUD_p38_D_1837,COc1ccc(NC(=O)c2cc(-c3ccncc3)nc3ccc(C)cc23)cc1Cl,0
ZINC01068385,DUD_p38_D_1838,Cc1cnc(NC(=O)c2cc(-c3ccncc3)nc3c(C)c(Cl)ccc23)s1,0
ZINC01068409,DUD_p38_D_1839,Cc1ccc2c(C(=O)Nc3cc(F)ccc3F)cc(-c3ccncc3)nc2c1C,0
ZINC01069115,DUD_p38_D_1840,O=C1C[C@H](c2ccccc2OCc2ccccc2)c2cc3c(cc2N1)OCO3,0
ZINC01069116,DUD_p38_D_1841,O=C1C[C@H](c2ccccc2OCc2ccccc2)c2cc3c(cc2N1)OCO3,0
ZINC01069120,DUD_p38_D_1842,COc1c(C(=O)Nc2ccc3oc(=O)ccc3c2)cc2ccccc2c1Br,0
ZINC01069167,DUD_p38_D_1843,Cc1cccc(NC(=O)c2cc(NC(=O)c3cccs3)ccc2Cl)n1,0
ZINC01069602,DUD_p38_D_1844,Cc1ccccc1Cn1nc(C)c(NC(=O)c2nn3cccnc3c2Cl)c1C,0
ZINC01069897,DUD_p38_D_1845,Cc1sc2c(c1C)C(=O)N[C@@]1(N2)C(=O)N(Cc2ccccc2F)c2ccccc21,0
ZINC01069899,DUD_p38_D_1846,Cc1sc2c(c1C)C(=O)N[C@@]1(N2)C(=O)N(Cc2ccccc2F)c2ccccc21,0
ZINC01070104,DUD_p38_D_1847,Cc1ccc(-c2cc(C(F)F)n3ncc(C(=O)Nc4cccnc4)c3n2)cc1,0
ZINC01070382,DUD_p38_D_1848,COC(=O)c1ccc(NC(=O)c2cc3ccccc3c(Br)c2OC)cc1,0
ZINC01070392,DUD_p38_D_1849,O=C1NC(=O)N(CCc2ccc(F)cc2)C(=O)/C1=C/c1cccc2ccccc12,0
ZINC01070680,DUD_p38_D_1850,COc1ccc(OC)c(-n2c(S)nnc2-c2cc(-c3cccs3)[nH]n2)c1,0
ZINC01071171,DUD_p38_D_1851,Cc1ccc(-c2cc(C(F)F)n3ncc(C(=O)NCc4ccco4)c3n2)cc1,0
ZINC01071887,DUD_p38_D_1852,O=C(CSc1nnc(-c2cccc3ccccc23)o1)Nc1cccc(F)c1,0
ZINC01072327,DUD_p38_D_1853,O=C(Nc1cccc2ccccc12)[C@@H]1CC(=O)N(c2cccc(Cl)c2)C1,0
ZINC01072328,DUD_p38_D_1854,O=C(Nc1cccc2ccccc12)[C@@H]1CC(=O)N(c2cccc(Cl)c2)C1,0
ZINC01073370,DUD_p38_D_1855,O=C(NC1CCCC1)c1cc(-c2cccnc2)nc2c(Cl)cccc12,0
ZINC01073396,DUD_p38_D_1856,O=C(NCc1ccc2c(c1)OCO2)c1cc(-c2cccnc2)nc2c(Cl)cccc12,0
ZINC01073541,DUD_p38_D_1857,Cc1c(Cl)ccc2c(C(=O)Nc3ccncc3)cc(-c3ccccn3)nc12,0
ZINC01073558,DUD_p38_D_1858,Cc1ccc2nc(-c3cccnc3)cc(C(=O)Nc3ccc(F)cc3C)c2c1,0
ZINC01073570,DUD_p38_D_1859,Cc1ccc2nc(-c3ccncc3)cc(C(=O)NCc3ccccc3F)c2c1,0
ZINC01073738,DUD_p38_D_1860,Cc1cnc(NC(=O)c2cc(-c3ccccn3)nc3ccc(Br)cc23)s1,0
ZINC01073990,DUD_p38_D_1861,O=C(Nc1ccc2c(c1)OCO2)c1cc(-c2cccnc2)nc2ccc(Cl)cc12,0
ZINC01074047,DUD_p38_D_1862,O=C(NC1CCCC1)c1cc(-c2ccncc2)nc2c(Cl)cccc12,0
ZINC01074160,DUD_p38_D_1863,O=C1C=CC=C2[C@H]3C[C@H](C[C@@H]12)CN(c1nc(Cl)nc(NCc2ccco2)n1)C3,0
ZINC01074202,DUD_p38_D_1864,Cc1cc(C)c2nc(-c3ccncc3)cc(C(=O)Nc3nccs3)c2c1,0
ZINC01074288,DUD_p38_D_1865,Cc1ccc(-c2nnc(SCC(=O)Nc3cccc(Br)c3)[nH]2)cc1,0
ZINC01074696,DUD_p38_D_1866,O=C(NCc1ccco1)c1cccc(NC(=O)c2ccc(Br)cc2)c1,0
ZINC01074888,DUD_p38_D_1867,Cn1c(SCC(=O)Nc2cccc(F)c2)nnc1-c1cc2ccccc2o1,0
ZINC01074969,DUD_p38_D_1868,COc1ccc(-c2nc(O)c3sc(=S)n(-c4ccccc4)c3n2)cc1,0
ZINC01075185,DUD_p38_D_1869,CC1(C)Cc2ccccc2C(CSc2nnc3c(n2)[nH]c2ccccc23)=N1,0
ZINC01075502,DUD_p38_D_1870,COc1ccccc1NC(=O)CSc1nc2cc3ccccc3cc2[nH]1,0
ZINC01075502,DUD_p38_D_1871,COc1ccccc1NC(=O)CSc1[nH]c2cc3ccccc3cc2[nH+]1,0
ZINC01075529,DUD_p38_D_1872,O=C(Nc1ccc2c(c1)nc1n2CCN(c2ccccc2)C1)c1ccco1,0
ZINC01075529,DUD_p38_D_1873,O=C(Nc1ccc2c(c1)[nH+]c1n2CCN(c2ccccc2)C1)c1ccco1,0
ZINC01076305,DUD_p38_D_1874,CCC(=O)NC(=S)Nc1ccc(-c2cc3ccccc3oc2=O)c(Cl)c1,0
ZINC01076351,DUD_p38_D_1875,O=C1OCc2cc(NC(=O)c3ccccc3SCc3ccc(F)cc3)ccc21,0
ZINC01076710,DUD_p38_D_1876,O=C(Nc1ccc2c3c(cccc13)CC2)c1cc(-n2cnnc2)ccc1Cl,0
ZINC01076951,DUD_p38_D_1877,CCn1c(SCc2nc3ccccc3[nH]2)nnc1-c1cccc(Cl)c1,0
ZINC01076951,DUD_p38_D_1878,CCn1c(SCc2[nH]c3ccccc3[nH+]2)nnc1-c1cccc(Cl)c1,0
ZINC01077049,DUD_p38_D_1879,COc1ccccc1-c1nnc(SCc2nc3ccccc3[nH]2)n1C,0
ZINC01077049,DUD_p38_D_1880,COc1ccccc1-c1nnc(SCc2[nH]c3ccccc3[nH+]2)n1C,0
ZINC01078606,DUD_p38_D_1881,CSc1ccc([C@@H]2C(C(=O)Nc3ccccc3)=C(C)Nc3ncnn32)cc1,0
ZINC01078609,DUD_p38_D_1882,CSc1ccc([C@H]2C(C(=O)Nc3ccccc3)=C(C)Nc3ncnn32)cc1,0
ZINC01079316,DUD_p38_D_1883,COc1ccc(-c2nc3ccccc3s2)cc1NC(=O)c1cccnc1,0
ZINC01079631,DUD_p38_D_1884,CCC(=O)Nc1nc2n(n1)[C@@H](c1ccccc1)C[C@H](c1ccc(Cl)cc1)N2,0
ZINC01079632,DUD_p38_D_1885,CCC(=O)Nc1nc2n(n1)[C@H](c1ccccc1)C[C@@H](c1ccc(Cl)cc1)N2,0
ZINC01079633,DUD_p38_D_1886,CCC(=O)Nc1nc2n(n1)[C@H](c1ccccc1)C[C@@H](c1ccc(Cl)cc1)N2,0
ZINC01079781,DUD_p38_D_1887,CCOC(=O)[C@@H]1C(=O)C=C(Nc2ccccc2F)C[C@@H]1c1ccccc1,0
ZINC01079784,DUD_p38_D_1888,CCOC(=O)[C@@H]1C(=O)C=C(Nc2ccccc2F)C[C@@H]1c1ccccc1,0
ZINC01079787,DUD_p38_D_1889,CCOC(=O)[C@@H]1C(=O)C=C(Nc2ccccc2F)C[C@H]1c1ccccc1,0
ZINC01079790,DUD_p38_D_1890,CCOC(=O)[C@@H]1C(=O)C=C(Nc2ccccc2F)C[C@H]1c1ccccc1,0
ZINC01079823,DUD_p38_D_1891,Oc1cccc(-c2nc3c4c(ncn3n2)-c2ccccc2CC42CCCC2)c1,0
ZINC01079996,DUD_p38_D_1892,CCOC(=O)[C@H]1C(=O)C=C(Nc2cccc(F)c2)C[C@@H]1c1ccccc1,0
ZINC01079997,DUD_p38_D_1893,CCOC(=O)[C@H]1C(=O)C=C(Nc2cccc(F)c2)C[C@H]1c1ccccc1,0
ZINC01079998,DUD_p38_D_1894,CCOC(=O)[C@@H]1C(=O)C=C(Nc2cccc(F)c2)C[C@@H]1c1ccccc1,0
ZINC01079999,DUD_p38_D_1895,CCOC(=O)[C@@H]1C(=O)C=C(Nc2cccc(F)c2)C[C@@H]1c1ccccc1,0
ZINC01080012,DUD_p38_D_1896,COC(=O)[C@H]1C(=O)C=C(Nc2cccc(C(F)(F)F)c2)C[C@@H]1c1ccccc1,0
ZINC01080013,DUD_p38_D_1897,COC(=O)[C@@H]1C(=O)C=C(Nc2cccc(C(F)(F)F)c2)C[C@H]1c1ccccc1,0
ZINC01080014,DUD_p38_D_1898,COC(=O)[C@@H]1C(=O)C=C(Nc2cccc(C(F)(F)F)c2)C[C@H]1c1ccccc1,0
ZINC01080015,DUD_p38_D_1899,COC(=O)[C@H]1C(=O)C=C(Nc2cccc(C(F)(F)F)c2)C[C@@H]1c1ccccc1,0
ZINC01080636,DUD_p38_D_1900,CC(C)c1ccc(NC(=O)[C@@H]2CC(=O)N(c3ccccc3)C(=S)S2)cc1,0
ZINC01080637,DUD_p38_D_1901,CC(C)c1ccc(NC(=O)[C@@H]2CC(=O)N(c3ccccc3)C(=S)S2)cc1,0
ZINC01080828,DUD_p38_D_1902,CCOc1ccccc1NC(=S)N1CCN(c2ccc(O)cc2)CC1,0
ZINC01081028,DUD_p38_D_1903,C[C@@H]1CCc2c(sc(NC(=O)c3cccnc3)c2C(=O)Nc2ccccc2)C1,0
ZINC01083362,DUD_p38_D_1904,Cc1nnc(NC(=O)c2cc(-c3ccccc3Cl)nc3ccccc23)s1,0
ZINC01084292,DUD_p38_D_1905,O=C(c1cc2cc(Br)ccc2o1)N1CCc2c([nH]c3ccccc23)C1,0
ZINC01084764,DUD_p38_D_1906,Cc1nn(-c2ccccc2)c(Cl)c1/C=N/NC(=O)c1ccccc1F,0
ZINC01084939,DUD_p38_D_1907,O=C(c1cccs1)N1CCc2c([nH]c3ccccc23)[C@H]1c1ccc2c(c1)OCO2,0
ZINC01084940,DUD_p38_D_1908,O=C(c1cccs1)N1CCc2c([nH]c3ccccc23)[C@H]1c1ccc2c(c1)OCO2,0
ZINC01085154,DUD_p38_D_1909,O=C(Nc1ccc(Cl)cc1)c1ccc(N2C(=O)[C@H]3[C@@H]4C=C[C@H](C4)[C@@H]3C2=O)cc1,0
ZINC01085425,DUD_p38_D_1910,O=C(Nc1ccc2nn(-c3ccccc3)nc2c1)c1cccc(Br)c1,0
ZINC01085428,DUD_p38_D_1911,O=C(Nc1ccc(N2CCOCC2)cc1)c1ccc(-c2ccc(Cl)cc2)o1,0
ZINC01087397,DUD_p38_D_1912,COc1ccc(NC(=S)NN2C(=O)CS[C@H]2c2c[nH]c3ccccc23)cc1,0
ZINC01087398,DUD_p38_D_1913,COc1ccc(NC(=S)NN2C(=O)CS[C@H]2c2c[nH]c3ccccc23)cc1,0
ZINC01087596,DUD_p38_D_1914,Cc1nn(-c2ccccc2)c(O)c1/C=C1/SC(=S)N(Cc2ccco2)C1=O,0
ZINC01088343,DUD_p38_D_1915,Cc1nn(-c2ccccc2)c(C)c1/C=N/n1c(S)nnc1-c1ccco1,0
ZINC01088554,DUD_p38_D_1916,CN(C)c1ccc([C@H](Nc2nccs2)c2ccc3cccnc3c2O)cc1,0
ZINC01088646,DUD_p38_D_1917,COC(=O)c1ccc(NC(=O)C2c3ccccc3Oc3ccccc32)cc1,0
ZINC01088708,DUD_p38_D_1918,Cc1cccc(NC(=O)[C@H]2CSCN2C(=O)OCc2ccccc2)c1,0
ZINC01088709,DUD_p38_D_1919,Cc1cccc(NC(=O)[C@H]2CSCN2C(=O)OCc2ccccc2)c1,0
ZINC01088750,DUD_p38_D_1920,COc1ccc(-c2csc(NC(=S)Nc3ccccc3C)n2)cc1,0
ZINC01090203,DUD_p38_D_1921,COc1ccc(-c2csc(NC(=S)Nc3ccc(C)cc3)n2)cc1,0
ZINC01090881,DUD_p38_D_1922,Cc1ccccc1NC(=S)NN1C(=O)CS[C@H]1/C=C\c1ccccc1,0
ZINC01090883,DUD_p38_D_1923,Cc1ccccc1NC(=S)NN1C(=O)CS[C@H]1/C=C/c1ccccc1,0
ZINC01090884,DUD_p38_D_1924,Cc1ccc(C(=O)NN2C(=O)CS[C@H]2c2c[nH]c3ccccc23)cc1,0
ZINC01090885,DUD_p38_D_1925,Cc1ccc(C(=O)NN2C(=O)CS[C@H]2c2c[nH]c3ccccc23)cc1,0
ZINC01090886,DUD_p38_D_1926,COc1ccc(C(=O)NN2C(=O)CS[C@@H]2c2c[nH]c3ccccc23)cc1,0
ZINC01090887,DUD_p38_D_1927,COc1ccc(C(=O)NN2C(=O)CS[C@@H]2c2c[nH]c3ccccc23)cc1,0
ZINC01090888,DUD_p38_D_1928,O=C(COc1ccccc1)NN1C(=O)CS[C@H]1c1c[nH]c2ccccc12,0
ZINC01090889,DUD_p38_D_1929,O=C(COc1ccccc1)NN1C(=O)CS[C@@H]1c1c[nH]c2ccccc12,0
ZINC01090892,DUD_p38_D_1930,Cc1ccc(OCC(=O)NN2C(=O)CS[C@H]2c2c[nH]c3ccccc23)cc1,0
ZINC01090893,DUD_p38_D_1931,Cc1ccc(OCC(=O)NN2C(=O)CS[C@H]2c2c[nH]c3ccccc23)cc1,0
ZINC01090896,DUD_p38_D_1932,Cc1ccccc1NC(=S)NN1C(=O)CS[C@@H]1c1c[nH]c2ccccc12,0
ZINC01090897,DUD_p38_D_1933,Cc1ccccc1NC(=S)NN1C(=O)CS[C@@H]1c1c[nH]c2ccccc12,0
ZINC01092520,DUD_p38_D_1934,Cc1ccc(-n2nc3cc(C)c(NC(=S)NC(=O)c4ccco4)cc3n2)cc1,0
ZINC01092934,DUD_p38_D_1935,O=C(NC(=S)Nc1nc(-c2ccccc2)cs1)c1cc2ccccc2o1,0
ZINC01093055,DUD_p38_D_1936,O[C@H](CN1c2ccccc2Sc2ccccc21)Cn1nnc2ccccc21,0
ZINC01094361,DUD_p38_D_1937,O=C(Nc1ccccc1N1CCOCC1)c1ccc(-c2ccc(Cl)cc2)o1,0
ZINC01094365,DUD_p38_D_1938,Cc1c(C(=O)NC(=S)Nc2ccccc2N2CCOCC2)oc2ccccc12,0
ZINC01094442,DUD_p38_D_1939,O=C(Nc1ccccc1Br)C1CCN(C(=O)c2ccc(F)cc2)CC1,0
ZINC01094967,DUD_p38_D_1940,O=C(NC(=S)Nc1ccccc1N1CCCC1)c1cc2ccccc2o1,0
ZINC01096294,DUD_p38_D_1941,CNC(=S)Nc1ccc2nc(-c3ccco3)c(-c3ccco3)nc2c1,0
ZINC01097090,DUD_p38_D_1942,O=C(N/N=C\c1ccc(N2CCOCC2)cc1)c1cc2cc(Br)ccc2o1,0
ZINC01098301,DUD_p38_D_1943,Cc1cn(-c2nc(-c3ccccc3)sc2-c2ccccc2)c(=O)[nH]c1=O,0
ZINC01098788,DUD_p38_D_1944,Cc1ccc(-c2nc3ncccc3o2)cc1NC(=S)NC(=O)c1ccco1,0
ZINC01099994,DUD_p38_D_1945,O=c1cc(Cc2ccccc2)[nH]c2c(-c3ccc(Cl)cc3)cnn12,0
ZINC01100444,DUD_p38_D_1946,O=C(CSc1nnc2scc(-c3ccccc3)n12)Nc1ccccc1F,0
ZINC01101095,DUD_p38_D_1947,O=C(Nc1ccc2ccccc2c1)[C@H]1CC(=O)N(c2ccc(Br)cc2)C1,0
ZINC01101096,DUD_p38_D_1948,O=C(Nc1ccc2ccccc2c1)[C@H]1CC(=O)N(c2ccc(Br)cc2)C1,0
ZINC01101126,DUD_p38_D_1949,O=C1NC(=S)N(c2ccc(F)cc2)C(=O)/C1=C/c1cccn1-c1ccc(O)cc1,0
ZINC01101547,DUD_p38_D_1950,O=C(NC(=S)Nc1cccc(-c2nc3ncccc3o2)c1)c1ccccc1F,0
ZINC01101584,DUD_p38_D_1951,S=C(Nc1ccc2nc(-c3ccco3)c(-c3ccco3)nc2c1)NC1CC1,0
ZINC01101702,DUD_p38_D_1952,Cc1ccc(S(=O)(=O)N/N=C/c2cccn2-c2ccc(Br)cc2)cc1,0
ZINC01102888,DUD_p38_D_1953,Cc1ccc(S(=O)(=O)N/N=C\c2ccc(-c3ccc(Br)cc3)o2)cc1,0
ZINC01103823,DUD_p38_D_1954,Cc1ccc(C(=O)Nc2c(-c3ccc(F)cc3)nc3ncccn23)cc1,0
ZINC01103823,DUD_p38_D_1955,Cc1ccc(C(=O)Nc2c(-c3ccc(F)cc3)[nH+]c3ncccn23)cc1,0
ZINC01103953,DUD_p38_D_1956,O=C(Nc1cccc2ccccc12)[C@H]1CC(=O)N(c2ccc(Br)cc2)C1,0
ZINC01103954,DUD_p38_D_1957,O=C(Nc1cccc2ccccc12)[C@H]1CC(=O)N(c2ccc(Br)cc2)C1,0
ZINC01104205,DUD_p38_D_1958,S=C(NCCC1=CCCCC1)Nc1cc2cccnc2c2ncccc12,0
ZINC01104206,DUD_p38_D_1959,S=C(NCc1ccccc1)Nc1cc2cccnc2c2ncccc12,0
ZINC01104436,DUD_p38_D_1960,O=C(Nc1sc2c(c1C(=O)Nc1ccccc1)CCCC2)c1cccs1,0
ZINC01104454,DUD_p38_D_1961,Cc1ccccc1NC(=O)c1c(NC(=O)c2ccco2)sc2c1CCC2,0
ZINC01104457,DUD_p38_D_1962,O=C(Nc1sc2c(c1C(=O)Nc1ccccc1)CCC2)c1cccnc1,0
ZINC01104461,DUD_p38_D_1963,Cc1ccccc1NC(=O)c1c(NC(=O)c2ccncc2)sc2c1CCC2,0
ZINC01104464,DUD_p38_D_1964,O=C(Nc1sc2c(c1C(=O)Nc1ccccc1)CCCCC2)c1ccco1,0
ZINC01104473,DUD_p38_D_1965,O=C(Nc1sc2c(c1C(=O)Nc1ccccc1)CCC2)c1ccco1,0
ZINC01104794,DUD_p38_D_1966,O=C1C[C@@H](Nc2ccc(Oc3ccccc3)cc2)C(=O)N1c1ccc(F)cc1,0
ZINC01104795,DUD_p38_D_1967,O=C1C[C@@H](Nc2ccc(Oc3ccccc3)cc2)C(=O)N1c1ccc(F)cc1,0
ZINC01104825,DUD_p38_D_1968,Cc1ccc(C(=O)NC(=S)Nc2nc(-c3ccccc3)cs2)c(C)c1,0
ZINC01105801,DUD_p38_D_1969,COc1ccc(-n2c(N)c(-c3nc4ccccc4n3C)sc2=S)cc1,0
ZINC01105801,DUD_p38_D_1970,COc1ccc(-n2c(N)c(-c3[nH+]c4ccccc4n3C)sc2=S)cc1,0
ZINC01105973,DUD_p38_D_1971,COc1ccc(-c2c(C)nn3c(N)c(-c4ccc(Cl)cc4)cnc23)cc1,0
ZINC01106045,DUD_p38_D_1972,C[C@H](Cc1ccc2c(c1)OCO2)[C@@H]1Nc2ccccc2C(=O)N1c1ccc(F)cc1,0
ZINC01107242,DUD_p38_D_1973,O=C(CSc1ncc(-c2ccccc2)[nH]1)Nc1ccc(Br)cc1,0
ZINC01107242,DUD_p38_D_1974,O=C(CSc1[nH]cc(-c2ccccc2)[nH+]1)Nc1ccc(Br)cc1,0
ZINC01107360,DUD_p38_D_1975,O=C(CSc1nnc(-c2ccccc2)[nH]1)n1c2c(c3ccccc31)CCCC2,0
ZINC01108337,DUD_p38_D_1976,O=C1N(Cc2ccccc2)c2ccc(Br)cc2[C@@]1(O)c1c[nH]c2ccccc12,0
ZINC01108338,DUD_p38_D_1977,O=C1N(Cc2ccccc2)c2ccc(Br)cc2[C@]1(O)c1c[nH]c2ccccc12,0
ZINC01108542,DUD_p38_D_1978,Cc1[nH]c2ccccc2c1[C@@]1(O)C(=O)N(Cc2ccccc2)c2ccccc21,0
ZINC01109179,DUD_p38_D_1979,O=C1C[C@@H](SCc2nc3ccccc3[nH]2)C(=O)N1c1ccc(F)cc1,0
ZINC01109179,DUD_p38_D_1980,O=C1C[C@H](SCc2[nH]c3ccccc3[nH+]2)C(=O)N1c1ccc(F)cc1,0
ZINC01109180,DUD_p38_D_1981,O=C1C[C@H](SCc2nc3ccccc3[nH]2)C(=O)N1c1ccc(F)cc1,0
ZINC01109180,DUD_p38_D_1982,O=C1C[C@H](SCc2[nH]c3ccccc3[nH+]2)C(=O)N1c1ccc(F)cc1,0
ZINC01109344,DUD_p38_D_1983,Cc1ccccc1NC(=O)c1ccccc1NC(=O)c1cncc(Br)c1,0
ZINC01109807,DUD_p38_D_1984,Cc1ccc2[nH+]c(-c3cccc(NC(=O)c4ccccc4Cl)c3)[nH]c2c1,0
ZINC01110278,DUD_p38_D_1985,CC(=O)NC(=S)Nc1ccccc1N1CCN(C(=O)c2ccccc2)CC1,0
ZINC01110326,DUD_p38_D_1986,Cc1ccc(C(=O)Nc2cccc(-c3cc4ccccc4oc3=O)c2)c(C)c1,0
ZINC01110546,DUD_p38_D_1987,c1ccc(CNc2ncnc3scc([C@@H]4COc5ccccc5O4)c23)cc1,0
ZINC01110547,DUD_p38_D_1988,c1ccc(CNc2ncnc3scc([C@H]4COc5ccccc5O4)c23)cc1,0
ZINC01111461,DUD_p38_D_1989,Cc1cccn2cc(-c3cccc(NC(=O)c4cccc(Cl)c4)c3)[nH+]c12,0
ZINC01111761,DUD_p38_D_1990,COc1ccccc1NC(=O)C1=C(C)Nc2ncnn2[C@@H]1c1ccc(Br)cc1,0
ZINC01111764,DUD_p38_D_1991,COc1ccccc1NC(=O)C1=C(C)Nc2ncnn2[C@@H]1c1ccc(Br)cc1,0
ZINC01111904,DUD_p38_D_1992,CCOc1ccc([C@@H]2C=C(c3ccc(Br)cc3)Nc3nnnn32)cc1,0
ZINC01112475,DUD_p38_D_1993,Cc1c(NC(=S)NC(=O)c2ccccc2F)c(=O)n(-c2ccccc2)n1C,0
ZINC01112878,DUD_p38_D_1994,O=C(Nc1ccc(Br)cc1)c1cccc(N2C(=O)[C@H]3[C@@H]4C=C[C@@H](C4)[C@@H]3C2=O)c1,0
ZINC01113009,DUD_p38_D_1995,COc1cccc(OC)c1C(=O)NC(=S)Nc1nc2ccccc2s1,0
ZINC01113046,DUD_p38_D_1996,CSc1cccc(NC(=O)CSc2ncn(-c3ccccc3)n2)c1,0
ZINC01113173,DUD_p38_D_1997,Cc1ccc(-c2cc(C(=O)Nc3nnc(C)s3)c3ccccc3n2)s1,0
ZINC01113429,DUD_p38_D_1998,Cn1c(SCC(=O)Nc2cccc3ccccc23)nnc1-c1cccs1,0
ZINC01113809,DUD_p38_D_1999,O=C(Nc1ccccc1N1CCOCC1)c1ccc(-c2cccc(Cl)c2)o1,0
ZINC01113928,DUD_p38_D_2000,Cc1ccc(F)c(NC(=O)CSc2nnc(-c3ccccc3)n2C)c1,0
ZINC01114129,DUD_p38_D_2001,Cc1cccc(N2C(=O)C[C@@H](SCc3nc4ccccc4[nH]3)C2=O)c1,0
ZINC01114129,DUD_p38_D_2002,Cc1cccc(N2C(=O)C[C@H](SCc3[nH]c4ccccc4[nH+]3)C2=O)c1,0
ZINC01114132,DUD_p38_D_2003,Cc1cccc(N2C(=O)C[C@@H](SCc3nc4ccccc4[nH]3)C2=O)c1,0
ZINC01114132,DUD_p38_D_2004,Cc1cccc(N2C(=O)C[C@H](SCc3[nH]c4ccccc4[nH+]3)C2=O)c1,0
ZINC01114511,DUD_p38_D_2005,Cn1nc(-c2ccc(C(=O)Nc3cccc(Cl)c3)cc2)c2ccccc2c1=O,0
ZINC01114716,DUD_p38_D_2006,O=C(NC(=S)Nc1ccccc1N1CCOCC1)c1cccc2ccccc12,0
ZINC01114737,DUD_p38_D_2007,O=C1C[C@@H](SCCc2nc3ccccc3[nH]2)C(=O)N1c1cccc(F)c1,0
ZINC01114737,DUD_p38_D_2008,O=C1C[C@H](SCCc2[nH]c3ccccc3[nH+]2)C(=O)N1c1cccc(F)c1,0
ZINC01114740,DUD_p38_D_2009,O=C1C[C@H](SCCc2nc3ccccc3[nH]2)C(=O)N1c1cccc(F)c1,0
ZINC01114740,DUD_p38_D_2010,O=C1C[C@@H](SCCc2[nH]c3ccccc3[nH+]2)C(=O)N1c1cccc(F)c1,0
ZINC01114825,DUD_p38_D_2011,Cc1ccc(-c2cc(C(=O)NCc3ccccn3)c3ccccc3n2)s1,0
ZINC01114851,DUD_p38_D_2012,CC(=O)c1cccc(NC(=O)c2ccc(-c3cccc(C(F)(F)F)c3)o2)c1,0
ZINC01114961,DUD_p38_D_2013,O=C1[C@H](Cc2c[nH]c3ccccc23)NC(=S)N1c1ccccc1Cl,0
ZINC01115038,DUD_p38_D_2014,Cc1cccc2sc(NC(=O)CSc3nc4ccccc4s3)nc12,0
ZINC01115164,DUD_p38_D_2015,O=C(NC(=S)Nc1ccccc1N1CCOCC1)c1cc2ccccc2o1,0
ZINC01115269,DUD_p38_D_2016,C[C@H]1C=CC[C@@H]2C(=O)N(c3cccc(C(=O)Nc4ccc(Br)cc4)c3)C(=O)[C@H]12,0
ZINC01115438,DUD_p38_D_2017,C[C@@H]1C=CC[C@@H]2C(=O)N(c3cccc(C(=O)Nc4ccc(F)cc4)c3)C(=O)[C@@H]12,0
ZINC01115490,DUD_p38_D_2018,O=S(=O)(Nc1ccc2c3c(cccc13)CC2)c1cccc2cccnc12,0
ZINC01115632,DUD_p38_D_2019,Cc1ccc(C(=O)NC(=S)Nc2ccc(-c3ccc(CO)o3)cc2)cc1,0
ZINC01115658,DUD_p38_D_2020,Cn1cc(/C=C2/C(=O)NC(=S)N(c3ccccc3Cl)C2=O)c2ccccc21,0
ZINC01116187,DUD_p38_D_2021,CCSc1nnc(NC(=O)C2c3ccccc3Oc3ccccc32)s1,0
ZINC01116239,DUD_p38_D_2022,O=C(Nc1ccc(Br)cc1)c1ccc(N2C(=O)[C@@H]3CC=CC[C@H]3C2=O)cc1,0
ZINC01116240,DUD_p38_D_2023,O=C(Nc1ccc(Br)cc1)c1ccc(N2C(=O)[C@@H]3CC=CC[C@@H]3C2=O)cc1,0
ZINC01116242,DUD_p38_D_2024,O=C(Nc1ccc(Br)cc1)c1ccc(N2C(=O)[C@H]3CC=CC[C@@H]3C2=O)cc1,0
ZINC01116244,DUD_p38_D_2025,O=C(Nc1ccc(Br)cc1)c1ccc(N2C(=O)[C@@H]3CC=CC[C@@H]3C2=O)cc1,0
ZINC01116433,DUD_p38_D_2026,O=C(Nc1ccc(F)cc1)c1cccc(N2C(=O)[C@H]3[C@H]4C=C[C@@H](C4)[C@H]3C2=O)c1,0
ZINC01116580,DUD_p38_D_2027,O=C(NCc1ccc(F)cc1)c1cc(-c2ccc3c(c2)OCO3)nc2ccccc12,0
ZINC01116736,DUD_p38_D_2028,O=C(NC(=S)Nc1ccccc1N1CCOCC1)c1ccccc1F,0
ZINC01116755,DUD_p38_D_2029,CC(C)(Oc1ccc(Cl)cc1)C(=O)Nc1nnc(-c2ccccc2)s1,0
ZINC01116833,DUD_p38_D_2030,O=C(Nc1ccc(Cl)cc1)c1cccc(N2C(=O)[C@H]3[C@@H]4C=C[C@@H](C4)[C@H]3C2=O)c1,0
ZINC01117172,DUD_p38_D_2031,COc1cccc(-n2c(S)nnc2-c2ccc3[nH]c(C)c(C)c3c2)c1,0
ZINC01117224,DUD_p38_D_2032,Cc1cccc(N2C(=O)C[C@H](Sc3nnc(-c4ccccc4)[nH]3)C2=O)c1,0
ZINC01117226,DUD_p38_D_2033,Cc1cccc(N2C(=O)C[C@H](Sc3nnc(-c4ccccc4)[nH]3)C2=O)c1,0
ZINC01117839,DUD_p38_D_2034,Cc1cc(=O)oc2cc(NC(=S)N3CCc4ccccc4C3)ccc12,0
ZINC01118141,DUD_p38_D_2035,CCOC(=O)c1cc(-c2ccccc2)sc1NC(=S)Nc1cnccn1,0
ZINC01118468,DUD_p38_D_2036,Cc1ccc(NC(=S)Nc2c(C)n(C)n(-c3ccccc3)c2=O)c(Cl)c1,0
ZINC01118528,DUD_p38_D_2037,COc1ccc(OC)c(-n2c(S)nnc2-c2cc(-c3ccc(F)cc3)[nH]n2)c1,0
ZINC01118548,DUD_p38_D_2038,C[C@@H]1Nc2ccccc2-c2nnc(SCc3ccccc3Cl)nc2O1,0
ZINC01118621,DUD_p38_D_2039,Cc1ccccc1-c1nnc(SCC(=O)Nc2ccccc2Cl)n1C,0
ZINC01119607,DUD_p38_D_2040,Cc1cc(Br)ccc1NC(=O)c1cccc(NC(=O)c2ccco2)c1,0
ZINC01119760,DUD_p38_D_2041,CC(=O)c1cccc(NC(=S)Nc2ccc(Oc3ccccc3)cc2)c1,0
ZINC01120090,DUD_p38_D_2042,CC(C)C(=O)Nc1ccc(NC(=S)NC(=O)c2cccc(F)c2)cc1,0
ZINC01120339,DUD_p38_D_2043,Cc1cc(C)cc(C(=O)Nc2ccc(NC(=O)c3cccs3)cc2)c1,0
ZINC01120739,DUD_p38_D_2044,CC(C)[C@@H](NC(=O)c1cccs1)C(=O)Nc1nc2ccccc2s1,0
ZINC01121086,DUD_p38_D_2045,Cc1ccccc1NC(=O)c1[nH]cnc1C(=O)Nc1ccc(Cl)cc1,0
ZINC01121086,DUD_p38_D_2046,Cc1ccccc1NC(=O)c1[nH+]c[nH]c1C(=O)Nc1ccc(Cl)cc1,0
ZINC01121151,DUD_p38_D_2047,Cc1cc(=O)oc2cc(NC(=S)N[C@@H]3CCCc4ccccc43)ccc12,0
ZINC01121152,DUD_p38_D_2048,Cc1cc(=O)oc2cc(NC(=S)N[C@H]3CCCc4ccccc43)ccc12,0
ZINC01121395,DUD_p38_D_2049,CC(C)C(=O)Nc1ccc(NC(=O)c2cccc3c(Br)cccc23)cc1,0
ZINC01121417,DUD_p38_D_2050,COC(=O)c1cc(-c2ccccc2)sc1NC(=S)Nc1ccncc1,0
ZINC01121577,DUD_p38_D_2051,COC(=O)c1cc(-c2ccccc2)sc1NC(=S)NCc1ccccn1,0
ZINC01121876,DUD_p38_D_2052,Cc1c(NC(=S)NC(=O)c2cccc(Cl)c2)c(=O)n(-c2ccccc2)n1C,0
ZINC01122068,DUD_p38_D_2053,O=[N+]([O-])c1cccc(NC(=S)N2CCN(c3ccc(F)cc3)CC2)c1,0
ZINC01122385,DUD_p38_D_2054,CC(C)C(=O)Nc1ccc(NC(=S)NC(=O)c2ccccc2F)cc1,0
ZINC01122594,DUD_p38_D_2055,O=C(Cn1cc(C(=O)c2cccs2)c2ccccc21)Nc1ccc(F)cc1,0
ZINC01122631,DUD_p38_D_2056,Cc1ccc(-c2csc(NC(=S)NC(=O)/C=C/c3ccco3)n2)cc1,0
ZINC01123008,DUD_p38_D_2057,Cc1ccc(-c2nc3cc(NC(=S)NC(=O)c4ccco4)ccc3o2)cc1C,0
ZINC01123271,DUD_p38_D_2058,CCOc1ccc(NC(=S)Nc2ccc(Cc3ccncc3)cc2)cc1,0
ZINC01123340,DUD_p38_D_2059,CC1(C)Cc2ccccc2-c2c1c(=O)n(Cc1ccccc1)c1nnc(S)n21,0
ZINC01123781,DUD_p38_D_2060,Cc1ccc(-c2nc3ccccc3o2)cc1NC(=O)c1cncc(Br)c1,0
ZINC01124365,DUD_p38_D_2061,Cc1ccc(-n2c(N)c(C(=O)NCc3cccnc3)sc2=S)cc1,0
ZINC01124396,DUD_p38_D_2062,Cc1ccc(-n2c(N)c(-c3nc4ccccc4n3C)sc2=S)cc1,0
ZINC01124396,DUD_p38_D_2063,Cc1ccc(-n2c(N)c(-c3[nH+]c4ccccc4n3C)sc2=S)cc1,0
ZINC01125063,DUD_p38_D_2064,Cc1ccc(NC(=O)c2ccccc2NC(=O)c2ccco2)cc1Cl,0
ZINC01125202,DUD_p38_D_2065,COc1ccc(Br)cc1C(=O)Nc1ccc(-c2nc3ccccc3[nH]2)cc1,0
ZINC01125202,DUD_p38_D_2066,COc1ccc(Br)cc1C(=O)Nc1ccc(-c2[nH]c3ccccc3[nH+]2)cc1,0
ZINC01125703,DUD_p38_D_2067,O=C1C[C@H](SCc2nc3ccccc3[nH]2)C(=O)N1c1cccc(F)c1,0
ZINC01125703,DUD_p38_D_2068,O=C1C[C@H](SCc2[nH]c3ccccc3[nH+]2)C(=O)N1c1cccc(F)c1,0
ZINC01125706,DUD_p38_D_2069,O=C1C[C@H](SCc2nc3ccccc3[nH]2)C(=O)N1c1cccc(F)c1,0
ZINC01125706,DUD_p38_D_2070,O=C1C[C@@H](SCc2[nH]c3ccccc3[nH+]2)C(=O)N1c1cccc(F)c1,0
ZINC01126021,DUD_p38_D_2071,Cc1nn(-c2ccccc2)c2sc(C(=O)NC(=S)NCc3ccco3)cc12,0
ZINC01126148,DUD_p38_D_2072,Cc1ccc2nsnc2c1NC(=S)NC(=O)Cc1cccc2ccccc12,0
ZINC01126157,DUD_p38_D_2073,O=C(Cc1cccc2ccccc12)NC(=S)Nc1ccc(N2CCCC2=O)cc1,0
ZINC01126419,DUD_p38_D_2074,Cc1nn(Cc2ccc(F)cc2)c(C)c1NC(=O)c1cc(-c2ccccc2)on1,0
ZINC01126610,DUD_p38_D_2075,O=C(Nc1nc(-c2cccs2)c(-c2ccccc2)s1)c1cccnc1,0
ZINC01127627,DUD_p38_D_2076,CC(=O)N1c2ccccc2CCc2ccc(NC(=O)c3cccc(Cl)c3)cc21,0
ZINC01127912,DUD_p38_D_2077,O=C1C[C@H](SCCc2nc3ccccc3[nH]2)C(=O)N1c1ccc(F)cc1,0
ZINC01127912,DUD_p38_D_2078,O=C1C[C@H](SCCc2[nH]c3ccccc3[nH+]2)C(=O)N1c1ccc(F)cc1,0
ZINC01127917,DUD_p38_D_2079,O=C1C[C@@H](SCCc2nc3ccccc3[nH]2)C(=O)N1c1ccc(F)cc1,0
ZINC01127917,DUD_p38_D_2080,O=C1C[C@@H](SCCc2[nH]c3ccccc3[nH+]2)C(=O)N1c1ccc(F)cc1,0
ZINC01128343,DUD_p38_D_2081,Cc1ccc(-n2c(N)c(C(=O)NCc3ccccc3)sc2=S)cc1,0
ZINC01128496,DUD_p38_D_2082,O=C(Nc1ccccc1)c1ccccc1NC(=S)NC(=O)C1CCCCC1,0
ZINC01128528,DUD_p38_D_2083,CCOc1ccc([C@H]2C[C@H](c3cccc(Cl)c3)n3ncnc3N2)cc1,0
ZINC01128530,DUD_p38_D_2084,CCOc1ccc([C@@H]2C[C@@H](c3cccc(Cl)c3)n3ncnc3N2)cc1,0
ZINC01128531,DUD_p38_D_2085,CCOc1ccc([C@H]2C[C@@H](c3cccc(Cl)c3)n3ncnc3N2)cc1,0
ZINC01128533,DUD_p38_D_2086,CCOc1ccc([C@@H]2C[C@H](c3cccc(Cl)c3)n3ncnc3N2)cc1,0
ZINC01129282,DUD_p38_D_2087,Cc1ccc(-c2nn(CC(=O)Nc3ccc(F)cc3)c(=O)c3ccccc23)cc1,0
ZINC01129447,DUD_p38_D_2088,Cc1cccn2cc(-c3cccc(NS(=O)(=O)c4ccc(Cl)cc4)c3)nc12,0
ZINC01129447,DUD_p38_D_2089,Cc1cccn2cc(-c3cccc(NS(=O)(=O)c4ccc(Cl)cc4)c3)[nH+]c12,0
ZINC01129826,DUD_p38_D_2090,O=C1NC(=O)N(Cc2ccccc2Cl)C(=O)/C1=C/N1CCc2ccccc2C1,0
ZINC01129887,DUD_p38_D_2091,CC1=C(C(=O)Nc2ccccc2)[C@@H](c2ccccc2Cl)N2C(=O)CSC2=N1,0
ZINC01129889,DUD_p38_D_2092,CC1=C(C(=O)Nc2ccccc2)[C@@H](c2ccccc2Cl)N2C(=O)CSC2=N1,0
ZINC01130586,DUD_p38_D_2093,COc1ccc2nc(NC(=O)CSc3cccc4cccnc34)sc2c1,0
ZINC01130697,DUD_p38_D_2094,COc1cccc([C@@H]2C[C@@H](c3cccc(Br)c3)n3ncnc3N2)c1,0
ZINC01130703,DUD_p38_D_2095,COc1cccc([C@H]2C[C@H](c3cccc(Br)c3)n3ncnc3N2)c1,0
ZINC01130762,DUD_p38_D_2096,O=C(Cc1ccccc1)Nc1cc2nn(-c3ccccc3)nc2cc1Cl,0
ZINC01130928,DUD_p38_D_2097,Cc1ccc2nc(SCC(=O)Nc3nc4c(C)cccc4s3)[nH]c2c1,0
ZINC01130928,DUD_p38_D_2098,Cc1ccc2[nH]c(SCC(=O)Nc3nc4c(C)cccc4s3)[nH+]c2c1,0
ZINC01131401,DUD_p38_D_2099,CC(=O)c1cccc(NC(=O)CSC2c3ccccc3-c3ccccc32)c1,0
ZINC01131650,DUD_p38_D_2100,CC1=C(C(=O)Nc2ccccc2C)[C@H](c2ccccc2F)n2ncnc2N1,0
ZINC01131652,DUD_p38_D_2101,CC1=C(C(=O)Nc2ccccc2C)[C@H](c2ccccc2F)n2ncnc2N1,0
ZINC01131779,DUD_p38_D_2102,CC1=C(C(N)=O)[C@H](c2cccs2)n2nc(SCc3ccccc3)nc2N1,0
ZINC01132280,DUD_p38_D_2103,Clc1ccc(Cn2ncc3c(NCc4cccnc4)ncnc32)cc1,0
ZINC01132982,DUD_p38_D_2104,CCc1ccc([C@H]2C=C(c3ccc(Br)cc3)Nc3nnnn32)cc1,0
ZINC01132984,DUD_p38_D_2105,CCc1ccc([C@@H]2C=C(c3ccc(Br)cc3)Nc3nnnn32)cc1,0
ZINC01133799,DUD_p38_D_2106,Cc1ccc(NC(=S)NC(=O)c2c(-c3ccccc3Cl)noc2C)cc1,0
ZINC01134162,DUD_p38_D_2107,Cc1ccccc1-c1nnc(SCC(=O)Nc2ccccc2F)n1C,0
ZINC01134707,DUD_p38_D_2108,CC1=C(C(=O)Nc2ccccc2C)[C@@H](c2cccc(O)c2)NC(=S)N1,0
ZINC01134708,DUD_p38_D_2109,CC1=C(C(=O)Nc2ccccc2C)[C@H](c2cccc(O)c2)NC(=S)N1,0
ZINC01136067,DUD_p38_D_2110,Cc1ccc(C(=O)c2cccc(NC(=O)c3ccc(Br)o3)c2)cc1C,0
ZINC01136855,DUD_p38_D_2111,O=C(Nc1ccccc1)C1CCN(C(=O)c2ccc(Br)cc2)CC1,0
ZINC01138264,DUD_p38_D_2112,CC(=O)Nc1ccc(NC(=O)c2cccc3c(Br)cccc23)cc1,0
ZINC01138317,DUD_p38_D_2113,Cc1cc(NC(=O)c2ccccc2Br)ccc1NC(=O)c1ccco1,0
ZINC01138762,DUD_p38_D_2114,Cc1cc(C(=O)OCC(=O)Nc2cccc(C(F)(F)F)c2)c2ccccc2n1,0
ZINC01138814,DUD_p38_D_2115,CCOC(=O)c1sc(NC(=O)c2ccc(F)c(F)c2)nc1-c1ccccc1,0
ZINC01138844,DUD_p38_D_2116,COc1ccc2[nH+]c(Sc3c(-c4ccccc4)c4ccccc4[nH]c3=O)[nH]c2c1,0
ZINC01138850,DUD_p38_D_2117,COc1ccc(-c2csc(NC(=S)NC(=O)c3cccc(F)c3)n2)cc1,0
ZINC01139374,DUD_p38_D_2118,COc1ccc([N+](=O)[O-])cc1-c1[nH+]c(-c2cccs2)[nH]c1-c1ccccc1,0
ZINC01139485,DUD_p38_D_2119,Cc1nc2ccc(NC(=S)NC(=O)c3cccc4ccccc34)cc2[nH]1,0
ZINC01139485,DUD_p38_D_2120,Cc1[nH]c2ccc(NC(=S)NC(=O)c3cccc4ccccc34)cc2[nH+]1,0
ZINC01140489,DUD_p38_D_2121,CC1=CC(C)(C)N(C(=O)CSc2nc3ccccc3[nH]2)c2ccccc21,0
ZINC01140489,DUD_p38_D_2122,CC1=CC(C)(C)N(C(=O)CSc2[nH]c3ccccc3[nH+]2)c2ccccc21,0
ZINC01140582,DUD_p38_D_2123,Cc1ccccc1NC(=O)CSc1nnc(-c2cccc(Cl)c2)n1C,0
ZINC01142317,DUD_p38_D_2124,CC(=O)Nc1nc(-c2ccccc2)nc2sc(C(=O)c3ccccc3)c(C)c12,0
ZINC01142505,DUD_p38_D_2125,Cn1c(NC(=O)c2cccc(Cn3cc(Cl)cn3)c2)nc2ccccc21,0
ZINC01142505,DUD_p38_D_2126,Cn1c(NC(=O)c2cccc(Cn3cc(Cl)cn3)c2)[nH+]c2ccccc21,0
ZINC01143107,DUD_p38_D_2127,CC(=O)Nc1ccc(-c2nnc(SCc3ccc(F)cc3)n2C)cc1,0
ZINC01143165,DUD_p38_D_2128,O=C(Nc1cccc(F)c1)C1CCN(C(=O)c2ccc(Br)cc2)CC1,0
ZINC01144059,DUD_p38_D_2129,Cc1ccc(C(=O)Nc2cccc(NC(=O)c3cccs3)c2)cc1C,0
ZINC01144081,DUD_p38_D_2130,Cc1nnc(SCC(=O)Nc2ccccc2)n1-c1ccc(Cl)cc1,0
ZINC01144316,DUD_p38_D_2131,S=C(NCc1ccc2c(c1)OCO2)Nc1ccc(Oc2ccccc2)cc1,0
ZINC01144587,DUD_p38_D_2132,COc1ccc(NC(=O)c2ccccc2NC(=O)c2ccc(Br)o2)cc1,0
ZINC01145506,DUD_p38_D_2133,O=S(=O)(N[C@H]1CCCC[C@H]1Nc1ccccc1)c1ccc(Cl)cc1,0
ZINC01146509,DUD_p38_D_2134,COc1ccc(-n2nc3cc(C)c(NC(=O)c4ccco4)cc3n2)cc1Cl,0
ZINC01147016,DUD_p38_D_2135,CC(=O)Nc1ccc(NC(=O)c2ccc(-c3cccc(Cl)c3Cl)o2)cc1,0
ZINC01150537,DUD_p38_D_2136,CC(C)OC(=O)c1ccc(NC(=S)NC(=O)c2cc3ccccc3o2)cc1,0
ZINC01150876,DUD_p38_D_2137,O=C1NC(=O)N(c2ccc(Cl)cc2)C(=O)/C1=C/c1cccn1-c1ccc(F)cc1,0
ZINC01152153,DUD_p38_D_2138,COc1ccc(C(=O)Nc2cccc(-c3nc4ncccc4o3)c2C)cc1Cl,0
ZINC01152155,DUD_p38_D_2139,Cc1cc(/C=C2\C(=O)NC(=O)N(Cc3ccco3)C2=O)c(C)n1-c1ccccc1F,0
ZINC01152176,DUD_p38_D_2140,Cc1c(NC(=S)NC(=O)c2cc3ccccc3o2)c(=O)n(-c2ccccc2)n1C,0
ZINC01152393,DUD_p38_D_2141,Cc1ccc(-c2csc(NC(=O)[C@H]3COc4ccccc4O3)n2)cc1,0
ZINC01152394,DUD_p38_D_2142,Cc1ccc(-c2csc(NC(=O)[C@H]3COc4ccccc4O3)n2)cc1,0
ZINC01152621,DUD_p38_D_2143,O=C(NC1CCCCC1)c1ccccc1NC(=S)Nc1ccccc1,0
ZINC01153201,DUD_p38_D_2144,COc1ccc(-n2cccc2/C=C2/C(=O)NC(=O)N(c3ccc(Cl)cc3)C2=O)cc1,0
ZINC01154134,DUD_p38_D_2145,CC(C)n1cc(/C=C2\C(=O)NC(=O)N(c3ccc(F)cc3)C2=O)c2ccccc21,0
ZINC01154159,DUD_p38_D_2146,COC(=O)c1ccc(NC(=O)c2ccc(-c3ccc(Br)cc3)o2)cc1,0
ZINC01154728,DUD_p38_D_2147,CCC(=O)Nc1cccc(NC(=O)c2ccc(-c3ccc(Br)cc3)o2)c1,0
ZINC01154739,DUD_p38_D_2148,Cc1ccc(C(=O)Nc2cccc(NC(=O)c3ccco3)c2)cc1Cl,0
ZINC01155329,DUD_p38_D_2149,CC(=O)Nc1ccc(Nc2ncnc3scc(-c4ccccc4)c23)cc1,0
ZINC01155836,DUD_p38_D_2150,O=C1NC(=O)N(Cc2ccc(F)cc2)C(=O)/C1=C/c1cccc2ccccc12,0
ZINC01156324,DUD_p38_D_2151,Cc1ccccc1C(=O)N1CCC(C(=O)Nc2ccc(F)c(Cl)c2)CC1,0
ZINC01156436,DUD_p38_D_2152,CN(C)c1ccc([C@H]2C=C(c3ccc(Br)cc3)Nc3ncnn32)cc1,0
ZINC01156437,DUD_p38_D_2153,CN(C)c1ccc([C@H]2C=C(c3ccc(Br)cc3)Nc3ncnn32)cc1,0
ZINC01156772,DUD_p38_D_2154,COc1ccc(-c2csc(NC(=S)NC(=O)c3cc4ccccc4o3)n2)cc1,0
ZINC01156779,DUD_p38_D_2155,Cc1ccccc1C(=O)N1CCC(C(=O)Nc2ccccc2C(F)(F)F)CC1,0
ZINC01156835,DUD_p38_D_2156,O=C(Nc1ccc(Cl)cc1)C1CCN(C(=O)c2ccc(F)cc2)CC1,0
ZINC01156864,DUD_p38_D_2157,COC(=O)c1c(N)n(Cc2ccc(Cl)cc2)c2nc3ccccc3nc12,0
ZINC01156927,DUD_p38_D_2158,O=C(Nc1ccccc1Br)C1CCN(C(=O)c2ccccc2Cl)CC1,0
ZINC01157171,DUD_p38_D_2159,COc1ccc(-c2[nH]c(-c3ccc(O)cc3)c(-c3ccccc3)[nH+]2)c(OC)c1,0
ZINC01157936,DUD_p38_D_2160,O=C(Nc1cccc(Br)c1)C1CCN(C(=O)c2ccc(F)cc2)CC1,0
ZINC01158132,DUD_p38_D_2161,COc1ccc(-c2csc(NC(=S)NC(=O)c3ccccc3F)n2)cc1,0
ZINC01158185,DUD_p38_D_2162,O=C(Nc1ccc(I)cc1)C1CCN(C(=O)c2ccccc2)CC1,0
ZINC01158740,DUD_p38_D_2163,O=C(Nc1cccc(F)c1)C1CCN(C(=O)c2ccccc2Cl)CC1,0
ZINC01158838,DUD_p38_D_2164,COc1ccc(-c2csc(NC(=S)NC(=O)c3ccco3)n2)cc1OC,0
ZINC01158872,DUD_p38_D_2165,Cc1c(NC(=S)NC(=O)c2ccccc2Cl)c(=O)n(-c2ccccc2)n1C,0
ZINC01159701,DUD_p38_D_2166,CC[C@H]1Nc2ccccc2-c2nnc(SCc3ccccc3)nc2O1,0
ZINC01159702,DUD_p38_D_2167,CC[C@@H]1Nc2ccccc2-c2nnc(SCc3ccccc3)nc2O1,0
ZINC01160266,DUD_p38_D_2168,CCOc1cccc([C@@H]2Nc3ccccc3-c3nnc(SC)nc3O2)c1,0
ZINC01160497,DUD_p38_D_2169,O=C1Nc2ccc(Br)cc2/C1=C1\C(=O)N(Cc2ccccc2)c2ccccc21,0
ZINC01161597,DUD_p38_D_2170,Cc1ccc(Cl)cc1NC(=O)c1cccc(N2C(=O)[C@@H]3[C@@H]4C=C[C@H](C4)[C@H]3C2=O)c1,0
ZINC01162098,DUD_p38_D_2171,CN(C)c1ccc(N2C(=O)c3ccccc3N[C@H]2c2ccc(Cl)cc2)cc1,0
ZINC01162455,DUD_p38_D_2172,COc1ccc(-c2[nH]c(-c3ccccc3)c(-c3ccc(F)cc3)[nH+]2)cc1O,0
ZINC01163047,DUD_p38_D_2173,O=C1NC(=S)N(c2ccccc2F)C(=O)/C1=C\N1CCc2ccccc2C1,0
ZINC01163400,DUD_p38_D_2174,Cc1cccc(C(=O)c2cccc(NC(=O)c3cccc(F)c3)c2)c1C,0
ZINC01163459,DUD_p38_D_2175,Cc1cc(C(=O)OCC(=O)Nc2ccc(Cl)cc2)c2ccccc2n1,0
ZINC01164752,DUD_p38_D_2176,COc1ccc(Cl)cc1C(=O)Nc1cc(-c2nc3ncccc3o2)ccc1C,0
ZINC01165526,DUD_p38_D_2177,CC(C)C(=O)Nc1cccc(NC(=S)NC(=O)c2cccc(F)c2)c1,0
ZINC01165534,DUD_p38_D_2178,CC(C)C(=O)Nc1cccc(NC(=S)NC(=O)c2ccccc2F)c1,0
ZINC01166048,DUD_p38_D_2179,COc1ccc(Cl)cc1C(=O)Nc1cccc(-c2nc3ncccc3o2)c1,0
ZINC01167852,DUD_p38_D_2180,O=C(Nc1ccc(Cl)c(-c2nc3ccccc3s2)c1)c1cccnc1,0
ZINC01168211,DUD_p38_D_2181,Cc1ccc(-c2[nH+]c3ccccn3c2NC(=O)c2ccc(Cl)cc2)cc1,0
ZINC01168533,DUD_p38_D_2182,O=C(CSc1[nH]c2ccccc2[nH+]1)n1c2c(c3ccccc31)CCCC2,0
ZINC01168660,DUD_p38_D_2183,O=C(Nc1cc(N2C(=O)[C@@H]3[C@H]4C=C[C@@H](C4)[C@H]3C2=O)ccc1Cl)c1cccs1,0
ZINC01169178,DUD_p38_D_2184,Cc1c(NC(=S)NC(=O)c2ccccc2F)cccc1-c1nc2ncccc2o1,0
ZINC01170221,DUD_p38_D_2185,O=C(NC(=S)Nc1ccc(N2CCOCC2)cc1)c1cccc(F)c1,0
ZINC01170309,DUD_p38_D_2186,O=C1CCCC2=C1[C@H](c1cccs1)N(C(=O)c1ccccc1)c1ccccc1N2,0
ZINC01170310,DUD_p38_D_2187,O=C1CCCC2=C1[C@@H](c1cccs1)N(C(=O)c1ccccc1)c1ccccc1N2,0
ZINC01170518,DUD_p38_D_2188,Cc1cc(C=C2C(=O)NC(=S)NC2=O)c(-c2ccccc2)n1-c1ccccc1,0
ZINC01171050,DUD_p38_D_2189,CC(C)Oc1ccc(C(=O)NC(=S)Nc2nc3ccccc3s2)cc1,0
ZINC01171490,DUD_p38_D_2190,CC(C)Oc1cccc(C(=O)NC(=S)Nc2nc3ccccc3s2)c1,0
ZINC01171850,DUD_p38_D_2191,COc1ccc2ccccc2c1/C=C1\C(=O)NC(=O)N(c2ccccc2F)C1=O,0
ZINC01174934,DUD_p38_D_2192,COC(=O)c1ccccc1NC(=S)NC(=O)c1cccc2ccccc12,0
ZINC01175142,DUD_p38_D_2193,CCOC(=O)c1ccc(NC(=S)NC(=O)c2cc3ccccc3o2)cc1,0
ZINC01175235,DUD_p38_D_2194,COC(=O)c1ccc(NC(=S)NC(=O)c2cc3ccccc3o2)cc1,0
ZINC01175406,DUD_p38_D_2195,CCC(=O)Nc1ccc(NC(=S)NC(=O)c2cc3ccccc3o2)cc1,0
ZINC01175486,DUD_p38_D_2196,CCOc1ccc2nc(NC(=S)NC(=O)c3cc4ccccc4o3)sc2c1,0
ZINC01175530,DUD_p38_D_2197,O=C(NC(=S)Nc1ccc(N2CCOCC2)cc1)c1cc2ccccc2o1,0
ZINC01175662,DUD_p38_D_2198,Cc1ccc(-c2nn(-c3ccccc3)cc2C=C2C(=O)NC(=S)NC2=O)cc1,0
ZINC01175721,DUD_p38_D_2199,CCC(=O)Nc1cccc(NC(=S)NC(=O)c2cc3ccccc3o2)c1,0
ZINC01175818,DUD_p38_D_2200,COc1cc2ccccc2cc1C(=O)NC(=S)Nc1cccc(C)n1,0
ZINC01175872,DUD_p38_D_2201,CC(=O)Nc1ccc(NC(=S)NC(=O)c2cccc3ccccc23)cc1,0
ZINC01175910,DUD_p38_D_2202,CC(=O)Nc1ccc2c(c1)[nH+]c1c3ccccc3c(-c3ccc(C)cc3)nn21,0
ZINC01175930,DUD_p38_D_2203,CN(C)c1ccc(-n2cccc2/C=C2/C(=O)NC(=O)N(c3ccccc3F)C2=O)cc1,0
ZINC01176437,DUD_p38_D_2204,COC(=O)c1ccc(NC(=S)NC(=O)c2oc3ccccc3c2C)cc1,0
ZINC01176657,DUD_p38_D_2205,O=C(Nc1ccc2oc(-c3ccc(F)cc3)nc2c1)c1ccc2c(c1)OCCO2,0
ZINC01176792,DUD_p38_D_2206,Cc1ccc(-n2nc3ccc(NC(=S)NC(=O)c4cccs4)cc3n2)cc1,0
ZINC01176870,DUD_p38_D_2207,COc1ccc(NCC(=O)N2c3ccccc3Sc3ccccc32)cc1,0
ZINC01176891,DUD_p38_D_2208,Cc1ccc(C(=O)Nc2ccc(Cl)c(NC(=O)c3ccco3)c2)cc1,0
ZINC01177023,DUD_p38_D_2209,Cc1cccc(NC(=S)Nc2c(C)n(C)n(-c3ccccc3)c2=O)c1,0
ZINC01177239,DUD_p38_D_2210,O=C(Oc1cccc(NC(=O)c2ccccc2Cl)c1)c1ccc2c(c1)OCO2,0
ZINC01177618,DUD_p38_D_2211,O=C(NC(=S)Nc1ccc(N2CCOCC2)c(Cl)c1)c1cc2ccccc2o1,0
ZINC01177665,DUD_p38_D_2212,COC(=O)c1ccccc1NC(=S)NC(=O)c1cc2ccccc2o1,0
ZINC01177675,DUD_p38_D_2213,Cc1ccc(NC(=S)Nc2c(C)n(C)n(-c3ccccc3)c2=O)cc1,0
ZINC01178033,DUD_p38_D_2214,Cc1cccc(NC(=S)Nc2c(C)n(C)n(-c3ccccc3)c2=O)c1C,0
ZINC01178163,DUD_p38_D_2215,CC(=O)Nc1ccc(NC(=S)NC(=O)c2oc3ccccc3c2C)cc1,0
ZINC01178300,DUD_p38_D_2216,COc1cc2ccccc2cc1C(=O)NC(=S)Nc1cc(C)ccn1,0
ZINC01178447,DUD_p38_D_2217,CC(=O)Nc1ccc2c(c1)[nH+]c1c3ccccc3c(-c3ccc(Cl)cc3)nn21,0
ZINC01178512,DUD_p38_D_2218,COc1cc2ccccc2cc1C(=O)NC(=S)NCc1cccnc1,0
ZINC01178837,DUD_p38_D_2219,Cc1ccc2nc(NC(=S)NC(=O)c3cc4ccccc4o3)sc2c1,0
ZINC01179563,DUD_p38_D_2220,CCC(=O)NC(=S)Nc1ccc(O)c(-c2nc3ccccc3s2)c1,0
ZINC01180123,DUD_p38_D_2221,COc1cc2ccccc2cc1C(=O)NC(=S)Nc1ccc(C)cc1O,0
ZINC01180183,DUD_p38_D_2222,Cc1ccc(C(=O)Nc2ccc(NC(=O)c3cccs3)cc2)cc1C,0
ZINC01180307,DUD_p38_D_2223,Cn1cc(/C=C2/C(=O)NC(=O)N(c3cccc(Br)c3)C2=O)c2ccccc21,0
ZINC01180439,DUD_p38_D_2224,Cc1cc2nn(-c3ccc(Cl)cc3)nc2cc1NC(=S)NC(=O)c1ccco1,0
ZINC01180585,DUD_p38_D_2225,COc1cc2ccccc2cc1C(=O)NC(=S)Nc1cc(C)ccc1O,0
ZINC01180708,DUD_p38_D_2226,Cc1cc(O)c(NC(=S)NC(=O)c2cccc3ccccc23)cc1C,0
ZINC01181709,DUD_p38_D_2227,CC1=CC[C@H]2C(=O)N(c3cccc(C(=O)Nc4ccccc4Cl)c3)C(=O)[C@H]2C1,0
ZINC01181710,DUD_p38_D_2228,CC1=CC[C@@H]2C(=O)N(c3cccc(C(=O)Nc4ccccc4Cl)c3)C(=O)[C@@H]2C1,0
ZINC01181711,DUD_p38_D_2229,CC1=CC[C@H]2C(=O)N(c3cccc(C(=O)Nc4ccccc4Cl)c3)C(=O)[C@H]2C1,0
ZINC01181712,DUD_p38_D_2230,CC1=CC[C@H]2C(=O)N(c3cccc(C(=O)Nc4ccccc4Cl)c3)C(=O)[C@H]2C1,0
ZINC01182185,DUD_p38_D_2231,Cc1cc(C)nc(NC(=O)c2cc(-c3ccccc3)nc3ccccc23)n1,0
ZINC01182475,DUD_p38_D_2232,Cc1ccc(S(=O)(=O)N/N=C/c2cccn2-c2ccc(Cl)cc2)cc1,0
ZINC01182565,DUD_p38_D_2233,CC1=CC[C@H]2C(=O)N(c3cccc(C(=O)Nc4ccc(Cl)cc4)c3)C(=O)[C@@H]2C1,0
ZINC01182566,DUD_p38_D_2234,CC1=CC[C@@H]2C(=O)N(c3cccc(C(=O)Nc4ccc(Cl)cc4)c3)C(=O)[C@@H]2C1,0
ZINC01182567,DUD_p38_D_2235,CC1=CC[C@H]2C(=O)N(c3cccc(C(=O)Nc4ccc(Cl)cc4)c3)C(=O)[C@H]2C1,0
ZINC01182568,DUD_p38_D_2236,CC1=CC[C@@H]2C(=O)N(c3cccc(C(=O)Nc4ccc(Cl)cc4)c3)C(=O)[C@H]2C1,0
ZINC01182778,DUD_p38_D_2237,CC1=CC[C@@H]2C(=O)N(c3ccc(C(=O)Nc4ccc(Cl)cc4)cc3)C(=O)[C@H]2C1,0
ZINC01182779,DUD_p38_D_2238,CC1=CC[C@H]2C(=O)N(c3ccc(C(=O)Nc4ccc(Cl)cc4)cc3)C(=O)[C@H]2C1,0
ZINC01182780,DUD_p38_D_2239,CC1=CC[C@@H]2C(=O)N(c3ccc(C(=O)Nc4ccc(Cl)cc4)cc3)C(=O)[C@H]2C1,0
ZINC01182781,DUD_p38_D_2240,CC1=CC[C@@H]2C(=O)N(c3ccc(C(=O)Nc4ccc(Cl)cc4)cc3)C(=O)[C@H]2C1,0
ZINC01183302,DUD_p38_D_2241,CCC(=O)NC(=S)Nc1ccc(Cl)c(-c2nc3ccccc3[nH]2)c1,0
ZINC01183302,DUD_p38_D_2242,CCC(=O)NC(=S)Nc1ccc(Cl)c(-c2[nH]c3ccccc3[nH+]2)c1,0
ZINC01183416,DUD_p38_D_2243,COc1cc2ccccc2cc1C(=O)NC(=S)Nc1ccccc1O,0
ZINC01184412,DUD_p38_D_2244,O=C(Cc1ccccc1)Nc1cc(-c2nc3ncccc3o2)ccc1Cl,0
ZINC01184745,DUD_p38_D_2245,Cc1[nH]c2ccccc2c1/C=C1/C(=O)NC(=S)N(c2ccc(F)cc2)C1=O,0
ZINC01185390,DUD_p38_D_2246,CCSc1nnc(-c2ccc(NC(=O)c3ccccc3F)cc2)n1C,0
ZINC01185429,DUD_p38_D_2247,O=C(Nc1cccc(Cl)c1)c1cccc(N2C(=O)[C@H]3[C@@H]4C=C[C@H](C4)[C@@H]3C2=O)c1,0
ZINC01185524,DUD_p38_D_2248,CC(=O)c1ccc(NC(=O)c2ccc(-c3cccc(Cl)c3C)o2)cc1,0
ZINC01185857,DUD_p38_D_2249,O=C(NC(=S)Nc1ccc2nn(-c3ccccc3)nc2c1)c1cccs1,0
ZINC01185989,DUD_p38_D_2250,O=C(Nc1ccc2oc(-c3cccc(F)c3)nc2c1)c1ccc2c(c1)OCCO2,0
ZINC01186732,DUD_p38_D_2251,CCC(=O)Nc1cccc(NC(=O)c2ccc(-c3cccc(Cl)c3)o2)c1,0
ZINC01189803,DUD_p38_D_2252,CC(=O)Nc1ccc(/C=N\NC(=O)c2sc3ccccc3c2Cl)cc1,0
ZINC01190563,DUD_p38_D_2253,Cc1ccc2nc(-c3cccc(NC(=S)NC(=O)c4ccco4)c3)oc2c1,0
ZINC01190639,DUD_p38_D_2254,CN(C)c1ccc(-c2nc3cc(NC(=S)NC(=O)c4ccco4)ccc3o2)cc1,0
ZINC01190721,DUD_p38_D_2255,CCSc1nnc2c(n1)O[C@@H](c1ccccc1F)Nc1ccccc1-2,0
ZINC01190722,DUD_p38_D_2256,CCSc1nnc2c(n1)O[C@H](c1ccccc1F)Nc1ccccc1-2,0
ZINC01191124,DUD_p38_D_2257,Cc1ccc(-n2nc3ccc(NC(=S)NC(=O)c4ccco4)cc3n2)cc1,0
ZINC01191128,DUD_p38_D_2258,N#C/C(=C\Nc1cccc(F)c1)c1nc(-c2ccc3c(c2)OCO3)cs1,0
ZINC01191863,DUD_p38_D_2259,Cc1ccc(-c2nn(-c3ccccc3)cc2C=C2C(=O)NC(=S)NC2=O)o1,0
ZINC01191894,DUD_p38_D_2260,Cc1nc2ccc(NC(=S)Nc3cccc4ccccc34)cc2nc1C,0
ZINC01192454,DUD_p38_D_2261,Cc1c(NC(=S)NCCc2ccccc2)c(=O)n(-c2ccccc2)n1C,0
ZINC01194627,DUD_p38_D_2262,O=C1[C@@H]2C3c4ccccc4C(CO)(c4ccccc43)[C@H]2C(=O)N1c1ccc(Cl)cc1,0
ZINC01194629,DUD_p38_D_2263,O=C1[C@H]2C3c4ccccc4C(CO)(c4ccccc43)[C@@H]2C(=O)N1c1ccc(Cl)cc1,0
ZINC01194631,DUD_p38_D_2264,O=C1[C@H]2C3c4ccccc4C(CO)(c4ccccc43)[C@H]2C(=O)N1c1ccc(Cl)cc1,0
ZINC01194633,DUD_p38_D_2265,O=C1[C@@H]2C3c4ccccc4C(CO)(c4ccccc43)[C@@H]2C(=O)N1c1ccc(Cl)cc1,0
ZINC01195450,DUD_p38_D_2266,CCc1ccccc1N1C(=O)[C@@H]2C3c4ccccc4C(CO)(c4ccccc43)[C@@H]2C1=O,0
ZINC01195455,DUD_p38_D_2267,CCc1ccccc1N1C(=O)[C@H]2C3c4ccccc4C(CO)(c4ccccc43)[C@@H]2C1=O,0
ZINC01195557,DUD_p38_D_2268,COc1cc(-c2[nH]c3c4ccccc4c4ccccc4c3[nH+]2)cc(OC)c1O,0
ZINC01195737,DUD_p38_D_2269,O=C1[C@@H]2C3c4ccccc4C(CO)(c4ccccc43)[C@@H]2C(=O)N1c1ccc(F)cc1,0
ZINC01195739,DUD_p38_D_2270,O=C1[C@@H]2C3c4ccccc4C(CO)(c4ccccc43)[C@@H]2C(=O)N1c1ccc(F)cc1,0
ZINC01195741,DUD_p38_D_2271,O=C1[C@@H]2C3c4ccccc4C(CO)(c4ccccc43)[C@H]2C(=O)N1c1ccc(F)cc1,0
ZINC01195743,DUD_p38_D_2272,O=C1[C@@H]2C3c4ccccc4C(CO)(c4ccccc43)[C@@H]2C(=O)N1c1ccc(F)cc1,0
ZINC01197386,DUD_p38_D_2273,COc1ccc2ccccc2c1/C=C1\C(=O)NC(=O)N(Cc2ccc(F)cc2)C1=O,0
ZINC01198672,DUD_p38_D_2274,O=C1c2[nH]nc(-c3ccccc3)c2[C@H](c2cccc(F)c2)N1c1ccccc1,0
ZINC01199594,DUD_p38_D_2275,CC1=C(C(=O)Nc2ccccc2)[C@@H](c2ccc(Cl)cc2)N2C(=O)CSC2=N1,0
ZINC01199909,DUD_p38_D_2276,Cc1ccc(N/C=C(/C#N)c2nc(-c3ccc4c(c3)OCO4)cs2)cc1C,0
ZINC01200403,DUD_p38_D_2277,Cc1sc(NC(=O)C2c3ccccc3Oc3ccccc32)c(C(N)=O)c1C,0
ZINC01200580,DUD_p38_D_2278,Cc1c(-c2ccccc2)n[nH]c1C(=O)N/N=C/c1cccc(Br)c1,0
ZINC01200580,DUD_p38_D_2279,Cc1c(C(=O)N/N=C/c2cccc(Br)c2)n[nH]c1-c1ccccc1,0
ZINC01200584,DUD_p38_D_2280,Cc1c(-c2ccccc2)n[nH]c1C(=O)N/N=C\c1cccc(Br)c1,0
ZINC01200584,DUD_p38_D_2281,Cc1c(C(=O)N/N=C/c2cccc(Br)c2)n[nH]c1-c1ccccc1,0
ZINC01201242,DUD_p38_D_2282,COc1ccc([C@H]2NC(=S)N(C)C(C)=C2C(=O)Nc2ccccc2)cc1,0
ZINC01201243,DUD_p38_D_2283,COc1ccc([C@H]2NC(=S)N(C)C(C)=C2C(=O)Nc2ccccc2)cc1,0
ZINC01202613,DUD_p38_D_2284,CC1=C(C(=O)Nc2ccccc2)[C@H](c2cccc(Cl)c2)N2C(=O)CSC2=N1,0
ZINC01204186,DUD_p38_D_2285,CCC(=O)Nc1ccc(NC(=O)c2cccc3c(Br)cccc23)cc1,0
ZINC01204211,DUD_p38_D_2286,Cc1ccc(C(=O)Nc2cccc(-c3nc4ncccc4o3)c2C)cc1C,0
ZINC01205196,DUD_p38_D_2287,COc1cc([C@@H]2Nc3ccccc3C(=O)N2c2ccc(Cl)cc2)ccc1O,0
ZINC01205664,DUD_p38_D_2288,O=C(Nc1ccc(N2CCOCC2)cc1)c1ccc(-c2cccc(Cl)c2)o1,0
ZINC01206753,DUD_p38_D_2289,O=C(Nc1ccc(Cl)c(-c2[nH]c3ccccc3[nH+]2)c1)c1cccs1,0
ZINC01206883,DUD_p38_D_2290,O=C(Nc1ccc2nn(-c3ccc(F)cc3)nc2c1)c1ccc2c(c1)OCCO2,0
ZINC01207341,DUD_p38_D_2291,COc1ccc(C(=O)Nc2ccc3nn(-c4ccc(F)cc4)nc3c2)cc1,0
ZINC01207436,DUD_p38_D_2292,Cc1cc(NC(=O)c2ccc(F)cc2)ccc1-c1cc2ccccc2oc1=O,0
ZINC01207575,DUD_p38_D_2293,COc1ccc(Cl)cc1C(=O)Nc1ccc2nn(-c3ccc(F)cc3)nc2c1,0
ZINC01207877,DUD_p38_D_2294,COc1cccc(C(=O)Nc2ccc3nn(-c4ccc(F)cc4)nc3c2)c1,0
ZINC01207897,DUD_p38_D_2295,Cc1ccc2oc(-c3cc(NC(=O)c4cccs4)ccc3O)nc2c1,0
ZINC01208457,DUD_p38_D_2296,COc1ccccc1C(=O)Nc1ccc2nn(-c3ccc(F)cc3)nc2c1,0
ZINC01208529,DUD_p38_D_2297,COc1ccc(Br)cc1C(=O)Nc1cccc(-c2nc3ncccc3o2)c1C,0
ZINC01208647,DUD_p38_D_2298,O=C(Cc1ccc(Cl)cc1)Nc1ccc(-c2[nH]c3ccccc3[nH+]2)cc1,0
ZINC01208664,DUD_p38_D_2299,CCOc1ccc(-n2nc3ccc(NC(=O)c4ccc(F)cc4)cc3n2)cc1,0
ZINC01209000,DUD_p38_D_2300,Cc1cc(NC(=O)c2ccccc2F)ccc1-c1cc2ccccc2oc1=O,0
ZINC01209091,DUD_p38_D_2301,Cc1ccc(-c2n[nH]cc2/C=N\NC(=O)c2ccc(Br)cc2)cc1,0
ZINC01209091,DUD_p38_D_2302,Cc1ccc(-c2[nH]ncc2/C=N\NC(=O)c2ccc(Br)cc2)cc1,0
ZINC01209488,DUD_p38_D_2303,COc1ccc(-c2cc(C(F)(F)F)c3c(=O)n(-c4ccccc4)[nH]c3n2)cc1,0
ZINC01209654,DUD_p38_D_2304,O=C(Cc1ccccc1)Nc1ccc(Cl)c(-c2nc3ncccc3o2)c1,0
ZINC01209693,DUD_p38_D_2305,C[C@H](NC(=O)c1cnn2c(C(F)(F)F)cc(-c3ccco3)nc12)c1ccccc1,0
ZINC01209695,DUD_p38_D_2306,C[C@@H](NC(=O)c1cnn2c(C(F)(F)F)cc(-c3ccco3)nc12)c1ccccc1,0
ZINC01209811,DUD_p38_D_2307,Cc1ccc(C(=O)Nc2ccc(NC(=O)c3ccco3)c(Cl)c2)cc1C,0
ZINC01210373,DUD_p38_D_2308,O=C(Nc1ccc(-c2nc3ccccc3[nH]2)cc1)c1ccc(Br)o1,0
ZINC01210373,DUD_p38_D_2309,O=C(Nc1ccc(-c2[nH]c3ccccc3[nH+]2)cc1)c1ccc(Br)o1,0
ZINC01210623,DUD_p38_D_2310,Cc1ccc(/C=N/NC(=O)[C@H]2CC(=O)N(c3ccc(Cl)cc3)C2)cc1,0
ZINC01210625,DUD_p38_D_2311,Cc1ccc(/C=N\NC(=O)[C@H]2CC(=O)N(c3ccc(Cl)cc3)C2)cc1,0
ZINC01210847,DUD_p38_D_2312,Cc1onc(-c2ccccc2)c1C(=O)N/N=C\c1c(F)cccc1Cl,0
ZINC01211174,DUD_p38_D_2313,CCc1ccc(N2C[C@@H](C(=O)Nc3cccc4ccccc34)CC2=O)cc1,0
ZINC01211627,DUD_p38_D_2314,Cc1ccc(N2C[C@@H](C(=O)N/N=C/c3c(F)cccc3Cl)CC2=O)cc1,0
ZINC01211630,DUD_p38_D_2315,Cc1ccc(N2C[C@H](C(=O)N/N=C\c3c(F)cccc3Cl)CC2=O)cc1,0
ZINC01211759,DUD_p38_D_2316,COc1ccc(Cl)cc1C(=O)Nc1cccc(-c2nc3ncccc3o2)c1C,0
ZINC01211795,DUD_p38_D_2317,Cc1cc(/C=N\NC(=O)c2ccccn2)c(C)n1-c1cccc(Cl)c1,0
ZINC01211903,DUD_p38_D_2318,O=C(COc1ccccc1)Nc1ccc2oc(-c3ccc(F)cc3)nc2c1,0
ZINC01212952,DUD_p38_D_2319,CC(C)NC(=O)c1cnn(-c2ccccc2)c1NC(=O)c1ccccc1Cl,0
ZINC01213285,DUD_p38_D_2320,Cc1c(NC(=S)NC(=O)c2ccco2)cccc1-c1nc2ncccc2o1,0
ZINC01213290,DUD_p38_D_2321,Cc1cccc(-c2nc3cc(NC(=S)NC(=O)c4ccco4)ccc3o2)c1,0
ZINC01213490,DUD_p38_D_2322,O=C(NC(=S)Nc1ccc(-c2nc3ccccc3[nH]2)cc1)c1ccco1,0
ZINC01214469,DUD_p38_D_2323,C#CCn1cc(/C=C2/C(=O)NC(=O)N(c3ccc(Cl)cc3)C2=O)c2ccccc21,0
ZINC01214858,DUD_p38_D_2324,COc1ccc(-c2ccc(/C=N/NC(=O)c3cccnc3)o2)cc1Cl,0
ZINC01215073,DUD_p38_D_2325,Cc1c(/C=C2\C(=O)NC(=O)N(c3ccc(Cl)cc3)C2=O)c2ccccc2n1C,0
ZINC01216622,DUD_p38_D_2326,O=C(Cc1ccccc1)Nc1ccc(Cl)c(-c2[nH]c3ccccc3[nH+]2)c1,0
ZINC01216797,DUD_p38_D_2327,Cc1cc(NC(=O)Cc2cccs2)ccc1NC(=O)c1cccs1,0
ZINC01216866,DUD_p38_D_2328,Cc1cc(NC(=O)c2ccccc2C)ccc1NC(=O)c1cccs1,0
ZINC01216999,DUD_p38_D_2329,Cc1cccc(NC(=O)c2ccccc2NC(=O)c2cccs2)c1C,0
ZINC01218724,DUD_p38_D_2330,Cc1nnc(NC(=O)c2cc(-c3ccc(Cl)cc3)nc3ccccc23)s1,0
ZINC01218886,DUD_p38_D_2331,Cc1ccc2oc(-c3cccc(NC(=S)NC(=O)c4ccco4)c3C)nc2c1,0
ZINC01220406,DUD_p38_D_2332,Cc1cc2nn(-c3ccc(Cl)cc3)nc2cc1NC(=O)c1ccco1,0
ZINC01223284,DUD_p38_D_2333,Cc1[nH]c2ccc(-c3nnc(SCC(=O)c4ccc(F)cc4)o3)cc2c1C,0
ZINC01223303,DUD_p38_D_2334,Cc1[nH]c2ccc(-c3nnc(SCC(=O)c4ccccc4F)o3)cc2c1C,0
ZINC01223309,DUD_p38_D_2335,Cc1[nH]c2ccc(-c3nnc(SCC(=O)c4cccs4)o3)cc2c1C,0
ZINC01223970,DUD_p38_D_2336,Cc1cccc(C)c1NC(=O)[C@@H](C)Sc1nnc2c(n1)[nH]c1ccc(F)cc12,0
ZINC01224434,DUD_p38_D_2337,COc1ccc(C2=NNC(c3cccs3)=Nc3ccc(OC)cc32)cc1,0
ZINC01225734,DUD_p38_D_2338,Cc1[nH]c2ccccc2c1/C=C1/C(=O)NC(=S)N(c2ccccc2)C1=O,0
ZINC01225816,DUD_p38_D_2339,COC(=O)c1ccccc1N/C=C1\C(=O)NC(=S)N(c2ccccc2)C1=O,0
ZINC01226656,DUD_p38_D_2340,O=C(N/N=C\c1cc2ccccc2nc1Cl)[C@@H]1COc2ccccc2O1,0
ZINC01226658,DUD_p38_D_2341,O=C(N/N=C\c1cc2ccccc2nc1Cl)[C@@H]1COc2ccccc2O1,0
ZINC01226698,DUD_p38_D_2342,O=C(N/N=C\c1ccc(-c2ccccc2Cl)o1)[C@H]1COc2ccccc2O1,0
ZINC01226700,DUD_p38_D_2343,O=C(N/N=C/c1ccc(-c2ccccc2Cl)o1)[C@@H]1COc2ccccc2O1,0
ZINC01226706,DUD_p38_D_2344,O=C(N/N=C\c1ccc(-c2ccc(Cl)cc2)o1)[C@H]1COc2ccccc2O1,0
ZINC01226708,DUD_p38_D_2345,O=C(N/N=C/c1ccc(-c2ccc(Cl)cc2)o1)[C@@H]1COc2ccccc2O1,0
ZINC01229822,DUD_p38_D_2346,Cc1nn(-c2ccccc2)c(Cl)c1/C=N/NC(=O)c1cccc(F)c1,0
ZINC01229892,DUD_p38_D_2347,C=CCN1C(=O)[C@H]2Cc3c([nH]c4ccccc34)[C@@H](c3ccc(O)cc3)N2C1=S,0
ZINC01229893,DUD_p38_D_2348,C=CCN1C(=O)[C@H]2Cc3c([nH]c4ccccc34)[C@@H](c3ccc(O)cc3)N2C1=S,0
ZINC01229894,DUD_p38_D_2349,C=CCN1C(=O)[C@H]2Cc3c([nH]c4ccccc34)[C@@H](c3ccc(O)cc3)N2C1=S,0
ZINC01230184,DUD_p38_D_2350,O=C(NC(=S)NNc1ncnc2sc3c(c12)CCCC3)c1ccccc1,0
ZINC01230787,DUD_p38_D_2351,COc1cccc([C@@H]2CC(c3c(O)cc(C)oc3=O)=Nc3ccccc3S2)c1,0
ZINC01230788,DUD_p38_D_2352,COc1cccc([C@@H]2CC(c3c(O)cc(C)oc3=O)=Nc3ccccc3S2)c1,0
ZINC01233311,DUD_p38_D_2353,O=C(N/N=C\c1ccc(-c2cccc(Cl)c2)o1)c1ccc2c(c1)OCCO2,0
ZINC01235306,DUD_p38_D_2354,O=C1C[C@@H](c2ccco2)Cc2[nH]/c(=N/c3ccc(Cl)cc3Cl)ncc21,0
ZINC01235308,DUD_p38_D_2355,O=C1C[C@@H](c2ccco2)Cc2[nH]/c(=N/c3ccc(Cl)cc3Cl)ncc21,0
ZINC01237359,DUD_p38_D_2356,COc1ccc(C2=Nn3c(nnc3-c3cc(-c4ccccc4)[nH]n3)SC2)cc1,0
ZINC01237359,DUD_p38_D_2357,COc1ccc(C2=Nn3c(nnc3-c3cc(-c4ccccc4)n[nH]3)SC2)cc1,0
ZINC01238222,DUD_p38_D_2358,O=C(NC1CCN(c2nc(-c3ccc(F)cc3)cs2)CC1)c1ccco1,0
ZINC01240848,DUD_p38_D_2359,Cc1cccc(-n2ncc3/c(=N\c4ccc(Cl)cc4)nc[nH]c32)c1,0
ZINC01240974,DUD_p38_D_2360,COc1ccc(C(=O)NC2=NN3C(=NC(C)=C[C@@H]3c3ccccc3)N2)cc1,0
ZINC01240975,DUD_p38_D_2361,COc1ccc(C(=O)NC2=NN3C(=NC(C)=C[C@H]3c3ccccc3)N2)cc1,0
ZINC01242056,DUD_p38_D_2362,Cc1cccc2cc(CN(C(=O)c3ccc(Cl)cc3)c3ccccc3)c(=O)[nH]c12,0
ZINC01242630,DUD_p38_D_2363,COc1ccc([C@@H]2CC(c3ccc4ccccc4c3O)=NN2C(C)=O)cc1,0
ZINC01242631,DUD_p38_D_2364,COc1ccc([C@H]2CC(c3ccc4ccccc4c3O)=NN2C(C)=O)cc1,0
ZINC01243600,DUD_p38_D_2365,Cc1ccc(-n2ncc3/c(=N\c4ccc(Br)cc4)nc[nH]c32)cc1,0
ZINC01243741,DUD_p38_D_2366,Cc1ccc(-c2n[nH]c(=S)n2/N=C/c2cccc3ccccc23)cc1,0
ZINC01246723,DUD_p38_D_2367,Cc1ccc(-n2ncc3/c(=N\c4ccc(Cl)cc4)nc[nH]c32)cc1,0
ZINC01247062,DUD_p38_D_2368,Cc1ccc(C(=O)N/N=C/c2ccc(-c3cccc(Br)c3)o2)cn1,0
ZINC01248300,DUD_p38_D_2369,S=c1[nH]nc(-c2ccc(OCc3ccccc3)cc2)n1Cc1ccccc1,0
ZINC01249085,DUD_p38_D_2370,Cc1c(C)n(C(=O)CSc2nc(-c3ccccc3)n[nH]2)c2ccccc12,0
ZINC01249661,DUD_p38_D_2371,Cc1ccc([C@H]2CC(=O)c3cn/c(=N/c4ccc(F)cc4)[nH]c3C2)cc1,0
ZINC01249663,DUD_p38_D_2372,Cc1ccc([C@@H]2CC(=O)c3cn/c(=N/c4ccc(F)cc4)[nH]c3C2)cc1,0
ZINC01249685,DUD_p38_D_2373,O=C1C[C@@H](c2ccc(Cl)cc2)Cc2[nH]/c(=N\c3ccc(F)cc3)ncc21,0
ZINC01249687,DUD_p38_D_2374,O=C1C[C@@H](c2ccc(Cl)cc2)Cc2[nH]/c(=N/c3ccc(F)cc3)ncc21,0
ZINC01249763,DUD_p38_D_2375,O=C1C[C@@H](c2ccc(F)cc2)Cc2[nH]/c(=N\c3ccc(F)cc3)ncc21,0
ZINC01249765,DUD_p38_D_2376,O=C1C[C@H](c2ccc(F)cc2)Cc2[nH]/c(=N/c3ccc(F)cc3)ncc21,0
ZINC01253327,DUD_p38_D_2377,O=c1c2c(n3c(S)nnc3n1-c1ccccc1)-c1ccccc1CC21CCCC1,0
ZINC01254104,DUD_p38_D_2378,CC(=O)Nc1nc(-c2ccc(Cl)cc2Cl)cn1/N=C/c1ccccc1,0
ZINC01254104,DUD_p38_D_2379,CC(=O)Nc1[nH+]c(-c2ccc(Cl)cc2Cl)cn1/N=C\c1ccccc1,0
ZINC01254311,DUD_p38_D_2380,c1ccc(/N=c2\nc(SC3=NCCS3)nc(Nc3ccccc3)[nH]2)cc1,0
ZINC01254581,DUD_p38_D_2381,COc1ccc(O)c(C2=Nc3ccccc3N=C(c3ccc(F)cc3)C2)c1,0
ZINC01254927,DUD_p38_D_2382,Cc1cccc(-n2ncc3/c(=N/c4ccc(Br)cc4)nc[nH]c32)c1,0
ZINC01258016,DUD_p38_D_2383,Cc1cccc(N2C(=O)C[C@@H](Sc3nc(-c4ccccc4)n[nH]3)C2=O)c1,0
ZINC01258293,DUD_p38_D_2384,O=C(CSc1nnc2c(n1)-c1cccc3cccc-2c13)Nc1ccccc1F,0
ZINC01269532,DUD_p38_D_2385,COc1ccc([C@H]2CC(=O)c3cn/c(=N\c4ccc(F)cc4)[nH]c3C2)cc1,0
ZINC01269534,DUD_p38_D_2386,COc1ccc([C@@H]2CC(=O)c3cn/c(=N/c4ccc(F)cc4)[nH]c3C2)cc1,0
ZINC01269630,DUD_p38_D_2387,O=C1C[C@H](c2ccc(F)cc2)Cc2[nH]/c(=N/c3ccc(Cl)cc3)ncc21,0
ZINC01269632,DUD_p38_D_2388,O=C1C[C@H](c2ccc(F)cc2)Cc2[nH]/c(=N\c3ccc(Cl)cc3)ncc21,0
ZINC01272733,DUD_p38_D_2389,CNc1ccc(Br)cc1-c1nc2cc3ccccc3cc2[nH]c1=O,0
ZINC01273026,DUD_p38_D_2390,O=C(Nc1ccc2nc(-c3ccc(Br)o3)[nH]c2c1)c1ccccc1,0
ZINC01273384,DUD_p38_D_2391,CCc1ccc(/N=c2\ncc3c([nH]2)C[C@@H](c2cccs2)CC3=O)cc1,0
ZINC01277723,DUD_p38_D_2392,O=C1C[C@@H](c2ccccc2)Cc2[nH]/c(=N\c3ccc(F)cc3)ncc21,0
ZINC01277725,DUD_p38_D_2393,O=C1C[C@H](c2ccccc2)Cc2[nH]/c(=N\c3ccc(F)cc3)ncc21,0
ZINC01281205,DUD_p38_D_2394,Cc1ccccc1NC(=O)Cn1cnc2scc(-c3ccccc3)c2c1=O,0
ZINC01283468,DUD_p38_D_2395,O=C1CCCC2=C1[C@@H](c1ccco1)n1nc(SCc3ccccc3Cl)nc1N2,0
ZINC01283469,DUD_p38_D_2396,O=C1CCCC2=C1[C@@H](c1ccco1)n1nc(SCc3ccccc3Cl)nc1N2,0
ZINC01284982,DUD_p38_D_2397,Cc1ccc(NC(=O)c2ccc(OC(=O)c3ccc(Br)o3)cc2)cc1,0
ZINC01287823,DUD_p38_D_2398,COc1cc(O)ccc1[C@@H]1Nc2ccccc2C(=O)N1c1ccc(Cl)cc1,0
ZINC01287824,DUD_p38_D_2399,COc1cc(O)ccc1[C@H]1Nc2ccccc2C(=O)N1c1ccc(Cl)cc1,0
ZINC01290728,DUD_p38_D_2400,Cc1ccc(-c2csc3ncnc(SCC(=O)Nc4nccs4)c23)cc1,0
ZINC01295332,DUD_p38_D_2401,Clc1ccc2n/c(=N\N=C/c3ccccn3)[nH]c(-c3ccccc3)c2c1,0
ZINC01296001,DUD_p38_D_2402,COc1ccc(/N=c2/nc[nH]c3c2cnn3-c2cccc(C)c2)cc1Cl,0
ZINC01296651,DUD_p38_D_2403,Cc1nn(-c2ccccc2)c(Cl)c1/C=N/NC(=O)[C@@H]1COc2ccccc2O1,0
ZINC01296653,DUD_p38_D_2404,Cc1nn(-c2ccccc2)c(Cl)c1/C=N\NC(=O)[C@H]1COc2ccccc2O1,0
ZINC01296878,DUD_p38_D_2405,Cc1ccc(-c2nc(S[C@@H]3CC(=O)N(c4ccccc4)C3=O)n[nH]2)cc1,0
ZINC01296879,DUD_p38_D_2406,Cc1ccc(-c2nc(S[C@@H]3CC(=O)N(c4ccccc4)C3=O)n[nH]2)cc1,0
ZINC01297080,DUD_p38_D_2407,Cc1nn(-c2ccccc2)c2sc(C(=O)Nc3cccc(F)c3)cc12,0
ZINC01298782,DUD_p38_D_2408,Cc1ccc(C(=O)N/N=C\c2ccc(-c3ccc(Br)cc3)o2)cn1,0
ZINC01301130,DUD_p38_D_2409,COc1ccc2c(c1)-c1c(ss/c1=N/NC(=O)c1ccncc1)C(C)(C)N2,0
ZINC01301403,DUD_p38_D_2410,Cc1cccc2cc(CN(C(=O)c3ccccc3Cl)c3ccccc3)c(=O)[nH]c12,0
ZINC01301975,DUD_p38_D_2411,CSc1ccccc1/N=c1\nc[nH]c2c1cnn2-c1cccc(C)c1,0
ZINC01303400,DUD_p38_D_2412,CCn1c2ccccc2c2cc(/C=N\n3c(-c4ccco4)n[nH]c3=S)ccc21,0
ZINC01306208,DUD_p38_D_2413,Cc1nc2ccccc2c(=O)n1/N=C/c1cc(Br)c2ccccc2c1O,0
ZINC01311425,DUD_p38_D_2414,O=C(Cc1ccccc1)Nc1ccc2oc(-c3cncc(Br)c3)nc2c1,0
ZINC01312130,DUD_p38_D_2415,O=C1C[C@H](Sc2n[nH]c(-c3ccccc3)n2)C(=O)N1c1cccc(F)c1,0
ZINC01318607,DUD_p38_D_2416,C[C@H]1[C@H](NC(=S)NC(=O)c2ccccc2)C(=O)N(c2ccccc2)N1C,0
ZINC01323856,DUD_p38_D_2417,Cn1ncc(NC(=O)O/N=C\c2c(Cl)cccc2Cl)c1-n1cccc1,0
ZINC01323858,DUD_p38_D_2418,Cn1ncc(NC(=O)O/N=C\c2c(F)cccc2Cl)c1-n1cccc1,0
ZINC01324174,DUD_p38_D_2419,Cc1ccc(Cn2nc(C(=O)Nc3ccc(Br)cc3)cc2C)cc1,0
ZINC01324210,DUD_p38_D_2420,O=c1[nH]nc(SCc2ccccc2Cl)n1-c1ccc2c(c1)OCCO2,0
ZINC01325581,DUD_p38_D_2421,S=C(NCc1ccco1)N1CCN(c2nc3ccccc3s2)CC1,0
ZINC01326393,DUD_p38_D_2422,Cc1ccc(C(=O)Nc2nc3c(s2)C(=O)C[C@H](c2ccccc2)C3)cc1,0
ZINC01326394,DUD_p38_D_2423,Cc1ccc(C(=O)Nc2nc3c(s2)C(=O)C[C@H](c2ccccc2)C3)cc1,0
ZINC01326395,DUD_p38_D_2424,Cc1ccccc1C(=O)Nc1nc2c(s1)C(=O)C[C@@H](c1ccccc1)C2,0
ZINC01326396,DUD_p38_D_2425,Cc1ccccc1C(=O)Nc1nc2c(s1)C(=O)C[C@H](c1ccccc1)C2,0
ZINC01326416,DUD_p38_D_2426,Cc1cccc(C(=O)Nc2nc3c(s2)C(=O)C[C@@H](c2ccccc2)C3)c1,0
ZINC01326418,DUD_p38_D_2427,Cc1cccc(C(=O)Nc2nc3c(s2)C(=O)C[C@@H](c2ccccc2)C3)c1,0
ZINC01329966,DUD_p38_D_2428,Cc1ccc(C(=O)Nc2cc(NC(=O)c3cccs3)ccc2C)cc1,0
ZINC01329968,DUD_p38_D_2429,Cc1ccc(NC(=O)c2cccs2)cc1NC(=O)c1ccccc1C,0
ZINC01330000,DUD_p38_D_2430,Cc1ccc(NC(=O)c2cccs2)cc1NC(=O)c1ccc(F)cc1,0
ZINC01330008,DUD_p38_D_2431,Cc1cccc(C(=O)Nc2cc(NC(=O)c3cccs3)ccc2C)c1,0
ZINC01330013,DUD_p38_D_2432,Cc1ccc(NC(=O)c2cccs2)cc1NC(=O)c1ccccc1F,0
ZINC01330015,DUD_p38_D_2433,Cc1ccc(NC(=O)c2cccs2)cc1NC(=O)c1cccc(F)c1,0
ZINC01331282,DUD_p38_D_2434,Fc1cccc(Nc2nc(C3CC3)nc3c2nnn3Cc2ccccc2)c1,0
ZINC01331285,DUD_p38_D_2435,Fc1ccccc1Nc1nc(C2CC2)nc2c1nnn2Cc1ccccc1,0
ZINC01332610,DUD_p38_D_2436,O=C(CSc1nc(C2CC2)nc2ccccc12)Nc1ccccc1Cl,0
ZINC01332986,DUD_p38_D_2437,COc1ccc2c(c1)CCc1sc(NC(=O)c3ccc4nccnc4c3)nc1-2,0
ZINC01341245,DUD_p38_D_2438,OC1CCN(c2cc(-c3ccccc3)nc3cc(-c4ccc(F)cc4)nn23)CC1,0
ZINC01341252,DUD_p38_D_2439,O[C@H]1CCCN(c2cc(-c3ccccc3)nc3cc(-c4ccc(F)cc4)nn23)C1,0
ZINC01341256,DUD_p38_D_2440,O[C@@H]1CCCN(c2cc(-c3ccccc3)nc3cc(-c4ccc(F)cc4)nn23)C1,0
ZINC01341260,DUD_p38_D_2441,CN(CCO)c1cc(-c2ccccc2)nc2cc(-c3ccc(F)cc3)nn12,0
ZINC01341287,DUD_p38_D_2442,CN(CCO)c1cc(-c2ccccc2)nc2cc(-c3ccc(Cl)cc3)nn12,0
ZINC01341367,DUD_p38_D_2443,OC1CCN(c2cc(-c3ccccc3)nc3cc(-c4cccc(F)c4)nn23)CC1,0
ZINC01342713,DUD_p38_D_2444,COc1ccc(C2=Nc3ccc(F)cc3C(c3cccnc3)=NN2)cc1OC,0
ZINC01342726,DUD_p38_D_2445,CC(C)c1ccc2c(c1)C(c1cccs1)=NNC(c1ccncc1)=N2,0
ZINC01342953,DUD_p38_D_2446,CC(C)c1nc(SCC(=O)Nc2nc3ccccc3s2)c2ccccc2n1,0
ZINC01346752,DUD_p38_D_2447,Cc1cccc2cc(CN(Cc3cccs3)C(=O)c3cccs3)c(=O)[nH]c12,0
ZINC01349238,DUD_p38_D_2448,Cc1nc(NCc2ccccc2F)c2nnn(Cc3ccccc3F)c2n1,0
ZINC01350505,DUD_p38_D_2449,Cc1c(Cl)cccc1Nc1ccc(C(=O)NCc2cccs2)cn1,0
ZINC01354431,DUD_p38_D_2450,CNc1nc(-c2ccc3c(c2)CCN3C(=O)c2ccccc2F)cs1,0
ZINC01354437,DUD_p38_D_2451,CNc1nc(-c2ccc3c(c2)CCN3C(=O)c2ccc(F)cc2)cs1,0
ZINC01354449,DUD_p38_D_2452,CNc1nc(-c2ccc3c(c2)CCN3C(=O)c2cccc(F)c2)cs1,0
ZINC01357272,DUD_p38_D_2453,CC(=O)c1ccc(NC(=O)c2cc3c(C)nn(-c4ccccc4)c3s2)cc1,0
ZINC01365236,DUD_p38_D_2454,Cc1ccc(-c2ccccc2NC(=O)Cc2nn(C)c(=O)c3ccccc23)o1,0
ZINC01366029,DUD_p38_D_2455,C[C@@H]1CCc2cc(F)ccc2N1C(=O)CSc1nnc2c(n1)[nH]c1ccccc12,0
ZINC01366032,DUD_p38_D_2456,C[C@@H]1CCc2cc(F)ccc2N1C(=O)CSc1nnc2c(n1)[nH]c1ccccc12,0
ZINC01371031,DUD_p38_D_2457,Fc1ccc2c(c1)ncn2C1CCN(C(=S)Nc2ccccc2)CC1,0
ZINC01371516,DUD_p38_D_2458,O=C(Cn1c(C2CC2)nc2ccccc2c1=O)Nc1ccc(Br)cc1,0
ZINC01376450,DUD_p38_D_2459,O=C(CSc1nc(C2CCCCC2)nc2ccccc12)Nc1nccs1,0
ZINC01378909,DUD_p38_D_2460,Cc1ccccc1NC(=O)c1sc(NC(=O)c2ccc(Cl)cc2)nc1C,0
ZINC01378921,DUD_p38_D_2461,Cc1ccccc1NC(=O)c1sc(NC(=O)c2ccc(F)cc2)nc1C,0
ZINC01382840,DUD_p38_D_2462,N#CC1=C(Nc2ccccc2)SC=C(c2ccc(F)cc2)N=C1N1CCOCC1,0
ZINC01384129,DUD_p38_D_2463,Cc1nnc(-c2cnn(-c3ccccc3)c2N)n1Cc1cccc(C(F)(F)F)c1,0
ZINC01384304,DUD_p38_D_2464,COc1ccc(-c2csc(-n3ncc(-c4ccc(F)cc4)c3N)n2)cc1,0
ZINC01385336,DUD_p38_D_2465,Cc1onc(-c2ccccc2)c1-c1nnc(COc2ccc(Cl)cc2)[nH]1,0
ZINC01386155,DUD_p38_D_2466,COc1ccc(-c2cnn(-c3nc(-c4ccccc4)cs3)c2N)cc1,0
ZINC01386157,DUD_p38_D_2467,COc1ccc(-c2cnn(-c3nc(-c4ccc(F)cc4)cs3)c2N)cc1,0
ZINC01386172,DUD_p38_D_2468,COc1ccc(-c2csc(-n3ncc(-c4cccs4)c3N)n2)cc1,0
ZINC01386173,DUD_p38_D_2469,COc1ccc(-c2csc(-n3ncc(-c4ccsc4)c3N)n2)cc1,0
ZINC01386174,DUD_p38_D_2470,COc1ccc(-c2csc(-n3ncc(-c4ccc(OC)cc4)c3N)n2)cc1,0
ZINC01386180,DUD_p38_D_2471,COc1ccc(-c2cnn(-c3nc4c(s3)COc3ccccc3-4)c2N)cc1,0
ZINC01386190,DUD_p38_D_2472,COc1ccc(-c2cnn(-c3nc(-c4ccccc4F)cs3)c2N)cc1,0
ZINC01386212,DUD_p38_D_2473,COc1ccc(-c2cnc3c(-c4ccc(F)cc4)cnn3c2N)cc1,0
ZINC01387350,DUD_p38_D_2474,Cc1nc2oc3ccccc3c(=O)c2cc1C(=O)Nc1ccc(Cl)cc1,0
ZINC01387351,DUD_p38_D_2475,Cc1nc2oc3ccccc3c(=O)c2cc1C(=O)Nc1cccc(C(F)(F)F)c1,0
ZINC01387355,DUD_p38_D_2476,Cc1nc2oc3ccccc3c(=O)c2cc1C(=O)NCc1ccc(Cl)cc1,0
ZINC01387980,DUD_p38_D_2477,Cc1ccccc1NC(=O)OCc1cn(-c2ccc(Cl)cc2)nn1,0
ZINC01387981,DUD_p38_D_2478,Cc1ccc(NC(=O)OCc2cn(-c3ccc(Cl)cc3)nn2)cc1,0
ZINC01388831,DUD_p38_D_2479,Cc1ccc(SCC(=O)Nc2ncc3c(n2)-c2ccccc2CC3)cc1,0
ZINC01389438,DUD_p38_D_2480,CCOC(=O)c1ccccc1-c1csc(NC(=O)c2ccc(F)cc2)n1,0
ZINC01389448,DUD_p38_D_2481,CCOC(=O)c1ccccc1-c1csc(NC(=O)c2cccs2)n1,0
ZINC01389923,DUD_p38_D_2482,Cn1cccc1C(=O)Nn1ccc(O)c(Cc2ccc(Cl)cc2Cl)c1=O,0
ZINC01390121,DUD_p38_D_2483,CCn1c(S)nnc1-c1cnn(-c2ccccc2)c1-c1ccccc1,0
ZINC01390938,DUD_p38_D_2484,Cc1ccc2oc3nc(C)c(C(=O)Nc4ccc(Cl)cc4)cc3c(=O)c2c1,0
ZINC01390941,DUD_p38_D_2485,Cc1ccc2oc3nc(C)c(C(=O)NCc4ccc(Cl)cc4)cc3c(=O)c2c1,0
ZINC01393396,DUD_p38_D_2486,COc1ccc(NC(=O)c2nn(-c3ccc(Cl)cc3)c(=O)c3ccccc23)cc1,0
ZINC01394132,DUD_p38_D_2487,Cc1ccc(NC(=O)OCc2cc(-c3ccccc3Cl)on2)cc1,0
ZINC01394938,DUD_p38_D_2488,COc1ccc(-c2c(C)nc3c(-c4ccc(F)cc4)cnn3c2N)cc1,0
ZINC01396614,DUD_p38_D_2489,O=C(Nc1ncc2c(n1)-c1ccccc1CC2)c1ccc(Cl)cc1,0
ZINC01398195,DUD_p38_D_2490,COc1ccc(NC(=O)c2cc3c(-c4ccccc4)nn(C)c3s2)cc1,0
ZINC01398302,DUD_p38_D_2491,Nc1nc(Sc2ccc(F)cc2)cc(N2CCc3ccccc3C2)n1,0
ZINC01398862,DUD_p38_D_2492,Cc1cccc(-n2cnc(C(=O)N/N=C/c3ccc(Br)cc3)c2)n1,0
ZINC01398862,DUD_p38_D_2493,Cc1cccc(-n2c[nH+]c(C(=O)N/N=C/c3ccc(Br)cc3)c2)n1,0
ZINC01398863,DUD_p38_D_2494,Cc1cccc(-n2cnc(C(=O)N/N=C\c3ccc(Br)cc3)c2)n1,0
ZINC01398863,DUD_p38_D_2495,Cc1cccc(-n2c[nH+]c(C(=O)N/N=C/c3ccc(Br)cc3)c2)n1,0
ZINC01399845,DUD_p38_D_2496,O=C(NCc1ccccc1)c1cc2c(=O)c3ccccc3oc2nc1C(F)(F)F,0
ZINC01399846,DUD_p38_D_2497,C[C@@H](NC(=O)c1cc2c(=O)c3ccccc3oc2nc1C(F)(F)F)c1ccccc1,0
ZINC01399847,DUD_p38_D_2498,C[C@@H](NC(=O)c1cc2c(=O)c3ccccc3oc2nc1C(F)(F)F)c1ccccc1,0
ZINC01399935,DUD_p38_D_2499,O=C(Nc1ccccc1)c1nn(-c2ccc(F)cc2)c(=O)c2ccccc12,0
ZINC01400072,DUD_p38_D_2500,O=C(NCc1ccccc1)c1cc(Cl)c(=O)n(Cc2ccccc2)c1,0
ZINC01400107,DUD_p38_D_2501,O=C(NCc1ccccc1)c1ccc(Cn2cc(C(F)(F)F)ccc2=O)cc1,0
ZINC01400116,DUD_p38_D_2502,Cc1cccc(NC(=O)c2ccc(Cn3cc(C(F)(F)F)ccc3=O)cc2)c1,0
ZINC01400391,DUD_p38_D_2503,Cc1ccc(S(=O)(=O)c2ccc(NC(=O)c3c(F)cccc3F)cc2)cc1,0
ZINC01400729,DUD_p38_D_2504,O=C(Nc1ccc(Cl)cc1)O[C@@H]1C(=O)N(Cc2ccccc2)c2ccccc21,0
ZINC01401201,DUD_p38_D_2505,O=C(NC(=S)N1OC[C@@H]2COc3ccc4ccccc4c3[C@H]21)c1ccccc1,0
ZINC01402416,DUD_p38_D_2506,O=C(Nc1ccc(Cl)cc1)c1cn(-c2ccccc2)c(=O)c2ccccc12,0
ZINC01404990,DUD_p38_D_2507,O=CNc1cc(-c2ccc(F)cc2)nn1-c1nc(-c2ccccc2)cs1,0
ZINC01405014,DUD_p38_D_2508,Cc1ccc(-c2csc(-n3nc(-c4ccc(F)cc4)cc3NC=O)n2)cc1,0
ZINC01405043,DUD_p38_D_2509,COc1ccc(-c2cc(NC=O)n(-c3nc(-c4ccccc4)cs3)n2)cc1,0
ZINC01405049,DUD_p38_D_2510,COc1ccc(-c2cc(NC=O)n(-c3nc(-c4ccc(F)cc4)cs3)n2)cc1,0
ZINC01405065,DUD_p38_D_2511,Cc1ccc(-c2cc(NC=O)n(-c3nc(-c4ccccc4)cs3)n2)cc1,0
ZINC01405071,DUD_p38_D_2512,Cc1ccc(-c2cc(NC=O)n(-c3nc(-c4ccc(F)cc4)cs3)n2)cc1,0
ZINC01405079,DUD_p38_D_2513,Cc1ccc(-c2csc(-n3nc(-c4ccc(C)cc4)cc3NC=O)n2)cc1,0
ZINC01405091,DUD_p38_D_2514,O=CNc1cc(-c2ccccc2)nn1-c1nc(-c2ccc(Cl)cc2)cs1,0
ZINC01405095,DUD_p38_D_2515,O=CNc1cc(-c2ccccc2)nn1-c1nc(-c2ccc(F)cc2)cs1,0
ZINC01405106,DUD_p38_D_2516,COc1ccc(-c2csc(-n3nc(-c4ccccc4)cc3NC=O)n2)cc1,0
ZINC01405132,DUD_p38_D_2517,COc1ccc(-c2csc(-n3nc(-c4ccc(F)cc4)cc3NC=O)n2)cc1,0
ZINC01405145,DUD_p38_D_2518,COc1ccc(-c2csc(-n3nc(-c4ccc(F)cc4)cc3N)n2)cc1,0
ZINC01405420,DUD_p38_D_2519,Cc1cccc(C)c1NC(=O)[C@H](NC(=O)c1ccccc1F)c1ccco1,0
ZINC01406297,DUD_p38_D_2520,O[C@@H](CNc1ncnc2cc(Cl)ccc12)c1ccc2ccccc2c1,0
ZINC01406606,DUD_p38_D_2521,COc1ccc(N2C(=O)NC(=O)[C@@H](C(c3ccc(F)cc3)c3ccc(F)cc3)C2=O)cc1,0
ZINC01407294,DUD_p38_D_2522,O=C1C[C@@H](c2ccccc2Cl)Cc2nc(NCc3ccccc3)ncc21,0
ZINC01407295,DUD_p38_D_2523,O=C1C[C@H](c2ccccc2Cl)Cc2nc(NCc3ccccc3)ncc21,0
ZINC01407526,DUD_p38_D_2524,COC(=O)c1ccc([C@H]2NC(=S)NC3=C2CCc2ccccc23)cc1,0
ZINC01407527,DUD_p38_D_2525,COC(=O)c1ccc([C@@H]2NC(=S)NC3=C2CCc2ccccc23)cc1,0
ZINC01408768,DUD_p38_D_2526,Cc1ccc(C(=O)Nc2nc(Nc3cccc(Cl)c3)nn(C)c2=O)cc1,0
ZINC01411092,DUD_p38_D_2527,COc1ccc([C@@H]2C=C(c3ccc(Br)cc3)Nc3ncnn32)cc1,0
ZINC01411093,DUD_p38_D_2528,COc1ccc([C@@H]2C=C(c3ccc(Br)cc3)Nc3ncnn32)cc1,0
ZINC01411721,DUD_p38_D_2529,COc1ccc(-n2nc3ccc(NC(=S)NC(=O)c4ccco4)cc3n2)cc1,0
ZINC01412545,DUD_p38_D_2530,COc1ccc(-c2nc3ccccc3o2)cc1NC(=O)c1cccs1,0
ZINC01413578,DUD_p38_D_2531,Cc1ccc([C@@H]2C[C@H](C(F)(F)F)n3ncc(C(=O)Nc4cccnc4)c3N2)cc1,0
ZINC01413599,DUD_p38_D_2532,O=C(Nc1cccnc1)c1cc2nc3c(c(C(F)(F)F)n2n1)CCc1ccccc1-3,0
ZINC01414319,DUD_p38_D_2533,CNC(=O)c1nc[nH]c1-n1nc(-c2ccc3ccccc3c2)cc1C(F)(F)F,0
ZINC01414319,DUD_p38_D_2534,CNC(=O)c1[nH+]c[nH]c1-n1nc(-c2ccc3ccccc3c2)cc1C(F)(F)F,0
ZINC01414319,DUD_p38_D_2535,CNC(=O)c1[nH]cnc1-n1nc(-c2ccc3ccccc3c2)cc1C(F)(F)F,0
ZINC01414418,DUD_p38_D_2536,c1csc(-c2[nH+]c3ccccn3c2Nc2ccc(N3CCOCC3)cc2)c1,0
ZINC01415148,DUD_p38_D_2537,Cc1ccc(NC(=O)Cc2nc(-c3ccc(O)cc3)cs2)cc1,0
ZINC01415857,DUD_p38_D_2538,CC(=O)Nc1cc(-c2ccccc2)nn1-c1nc(-c2ccccc2)cs1,0
ZINC01415870,DUD_p38_D_2539,COc1ccc(-c2cc(N)n(-c3nc(-c4ccc(F)cc4)cs3)n2)cc1,0
ZINC01415872,DUD_p38_D_2540,COc1ccc(-c2csc(-n3nc(-c4ccc(OC)cc4)cc3N)n2)cc1,0
ZINC01415873,DUD_p38_D_2541,Cc1ccc(-c2cc(N)n(-c3nc(-c4ccccc4)cs3)n2)cc1,0
ZINC01415881,DUD_p38_D_2542,Cc1ccc(-c2csc(-n3nc(-c4ccccc4)cc3N)n2)cc1,0
ZINC01415882,DUD_p38_D_2543,COc1ccc(-c2csc(-n3nc(-c4ccccc4)cc3N)n2)cc1,0
ZINC01418480,DUD_p38_D_2544,COc1ccc(-c2nnc(NC(=O)c3cccc4ccccc34)s2)cc1,0
ZINC01418575,DUD_p38_D_2545,CC1=C(C(=O)Nc2ccccc2)[C@H](c2ccc(C)cc2)n2ncnc2N1,0
ZINC01418585,DUD_p38_D_2546,CC1=C(C(=O)Nc2ccccc2)[C@@H](c2ccccc2C(F)(F)F)n2ncnc2N1,0
ZINC01420956,DUD_p38_D_2547,Cc1nc2cccc(C(=O)NCCc3c(C)[nH]c4c(Cl)cccc34)c2o1,0
ZINC01421063,DUD_p38_D_2548,Cc1ccc2nc(-c3ccc(NC(=S)Nc4cccnc4)cc3)sc2c1,0
ZINC01421460,DUD_p38_D_2549,COCc1cc(C)nc2sc3c(c12)N[C@@H](c1ccco1)n1c-3[nH+]c2ccccc21,0
ZINC01421461,DUD_p38_D_2550,COCc1cc(C)nc2sc3c(c12)N[C@H](c1ccco1)n1c-3[nH+]c2ccccc21,0
ZINC01422994,DUD_p38_D_2551,O=C1O[C@@H](c2ccccc2)[C@@](O)(c2ccccc2)N1CCc1ccc(Cl)cc1,0
ZINC01423144,DUD_p38_D_2552,Sc1nnc(-c2cc(-c3ccco3)n[nH]2)n1-c1cccc2ccccc12,0
ZINC01423586,DUD_p38_D_2553,C[C@H](NC(=O)c1cccs1)c1ccc(OC(=O)c2cccs2)cc1,0
ZINC01425625,DUD_p38_D_2554,Cc1cc(C)cc(NC(=O)Cn2c(-c3cncs3)nc3ccccc32)c1,0
ZINC01425625,DUD_p38_D_2555,Cc1cc(C)cc(NC(=O)Cn2c(-c3cncs3)[nH+]c3ccccc32)c1,0
ZINC01426434,DUD_p38_D_2556,COc1ccccc1NC(=O)C1=C(C)Nc2ncnn2[C@H]1c1ccc(F)cc1,0
ZINC01426435,DUD_p38_D_2557,COc1ccccc1NC(=O)C1=C(C)Nc2ncnn2[C@@H]1c1ccc(F)cc1,0
ZINC01426486,DUD_p38_D_2558,CCc1ccc(NC(=O)Cn2c(-c3cncs3)nc3ccccc32)cc1,0
ZINC01426486,DUD_p38_D_2559,CCc1ccc(NC(=O)Cn2c(-c3cncs3)[nH+]c3ccccc32)cc1,0
ZINC01427125,DUD_p38_D_2560,COc1ccc(Cl)cc1C(=O)Nc1ccc(-c2nc3ncccc3o2)cc1C,0
ZINC01427142,DUD_p38_D_2561,O=C(Cn1c2ccccc2c2nc3n(c(=O)c21)CCS3)Nc1ccccc1F,0
ZINC01427968,DUD_p38_D_2562,Cc1cc(C)c2c(NC(=O)c3ccccc3)c([C@@H](O)c3ccccc3)sc2n1,0
ZINC01428816,DUD_p38_D_2563,CSc1ccc(Cl)c(C(=O)Nc2ccc(Cn3ccnc3)cc2)c1,0
ZINC01429207,DUD_p38_D_2564,Cc1cc(NC(=O)c2ccc(F)cc2)n(Cc2cccc3ccccc23)n1,0
ZINC01431674,DUD_p38_D_2565,Cn1nc(C(=O)Nc2ccc3c(c2)Cc2ccccc2-3)c2ccccc2c1=O,0
ZINC01433020,DUD_p38_D_2566,CCn1c2ccccc2n2c(SCC(=O)Nc3ccc(Cl)cc3)nnc12,0
ZINC01434273,DUD_p38_D_2567,O=C(Nc1ccccc1F)c1ccc(OC(=S)N2CCCCC2)cc1,0
ZINC01435816,DUD_p38_D_2568,CCc1ccc(-c2nn(-c3cc(Cl)ccc3N)c(=O)c3ccccc23)cc1,0
ZINC01436440,DUD_p38_D_2569,Cc1nn(-c2ccccc2)c(Cl)c1/C=N\NC(=O)c1ccc2c(c1)OCO2,0
ZINC01436582,DUD_p38_D_2570,O=C(c1cccc(F)c1F)N1CCc2c([nH]c3ccccc23)[C@@H]1c1ccc2c(c1)OCO2,0
ZINC01436583,DUD_p38_D_2571,O=C(c1cccc(F)c1F)N1CCc2c([nH]c3ccccc23)[C@H]1c1ccc2c(c1)OCO2,0
ZINC01436655,DUD_p38_D_2572,COC(=O)C1=C(N)N(c2ccc(F)cc2)C2=C(C(=O)CCC2)[C@H]1c1ccccc1,0
ZINC01436656,DUD_p38_D_2573,COC(=O)C1=C(N)N(c2ccc(F)cc2)C2=C(C(=O)CCC2)[C@@H]1c1ccccc1,0
ZINC01437060,DUD_p38_D_2574,CC(=O)N(NC(=O)C(O)(c1ccc(F)cc1)c1ccc(F)cc1)c1ccccc1,0
ZINC01437612,DUD_p38_D_2575,O=C(N/N=C/c1ccc(-c2ccc(Cl)cc2)o1)c1ccc2c(c1)OCCO2,0
ZINC01437616,DUD_p38_D_2576,O=C(N/N=C\c1ccc(-c2ccc(Br)cc2)o1)c1ccc2c(c1)OCCO2,0
ZINC01438262,DUD_p38_D_2577,O=C(Nc1ccc(N2C(=O)[C@@H]3CC=CC[C@H]3C2=O)cc1Cl)c1ccccc1,0
ZINC01438263,DUD_p38_D_2578,O=C(Nc1ccc(N2C(=O)[C@@H]3CC=CC[C@H]3C2=O)cc1Cl)c1ccccc1,0
ZINC01438264,DUD_p38_D_2579,O=C(Nc1ccc(N2C(=O)[C@H]3CC=CC[C@@H]3C2=O)cc1Cl)c1ccccc1,0
ZINC01438265,DUD_p38_D_2580,O=C(Nc1ccc(N2C(=O)[C@@H]3CC=CC[C@@H]3C2=O)cc1Cl)c1ccccc1,0
ZINC01438629,DUD_p38_D_2581,O=C(NN1C(=O)c2ccccc2N[C@@H]1c1ccccc1)c1ccc(Br)cc1,0
ZINC01440144,DUD_p38_D_2582,COc1ccc(C2=C[C@H](c3ccc(Br)cc3)n3ncnc3N2)cc1OC,0
ZINC01440145,DUD_p38_D_2583,COc1ccc(C2=C[C@H](c3ccc(Br)cc3)n3ncnc3N2)cc1OC,0
ZINC01440242,DUD_p38_D_2584,COC(=O)[C@H]1C(=O)C2=C(C[C@H]1C)Nc1ccccc1N[C@H]2c1ccc(Cl)cc1,0
ZINC01440246,DUD_p38_D_2585,COC(=O)[C@H]1C(=O)C2=C(C[C@@H]1C)Nc1ccccc1N[C@H]2c1ccc(F)cc1,0
ZINC01440538,DUD_p38_D_2586,Cc1nc2ccc(S(=O)(=O)NC(c3ccccc3)c3ccccc3)cc2s1,0
ZINC01440798,DUD_p38_D_2587,Cc1c(Cl)cccc1NC(=S)N1CCN(c2ccc(O)cc2)CC1,0
ZINC01440874,DUD_p38_D_2588,COC(=O)[C@H]1C(=O)C=C(Nc2ccc(F)cc2F)C[C@H]1c1ccccc1,0
ZINC01440875,DUD_p38_D_2589,COC(=O)[C@H]1C(=O)C=C(Nc2ccc(F)cc2F)C[C@H]1c1ccccc1,0
ZINC01440876,DUD_p38_D_2590,COC(=O)[C@@H]1C(=O)C=C(Nc2ccc(F)cc2F)C[C@H]1c1ccccc1,0
ZINC01441205,DUD_p38_D_2591,O=C1C[C@H](SCc2nc3ccccc3[nH]2)C(=O)N1c1ccc(Cl)cc1,0
ZINC01441205,DUD_p38_D_2592,O=C1C[C@@H](SCc2[nH]c3ccccc3[nH+]2)C(=O)N1c1ccc(Cl)cc1,0
ZINC01441206,DUD_p38_D_2593,O=C1C[C@H](SCc2nc3ccccc3[nH]2)C(=O)N1c1ccc(Cl)cc1,0
ZINC01441206,DUD_p38_D_2594,O=C1C[C@H](SCc2[nH]c3ccccc3[nH+]2)C(=O)N1c1ccc(Cl)cc1,0
ZINC01441567,DUD_p38_D_2595,O=C1C[C@@H](SCCc2nc3ccccc3[nH]2)C(=O)N1c1ccc(Cl)cc1,0
ZINC01441567,DUD_p38_D_2596,O=C1C[C@@H](SCCc2[nH]c3ccccc3[nH+]2)C(=O)N1c1ccc(Cl)cc1,0
ZINC01441568,DUD_p38_D_2597,O=C1C[C@H](SCCc2nc3ccccc3[nH]2)C(=O)N1c1ccc(Cl)cc1,0
ZINC01441568,DUD_p38_D_2598,O=C1C[C@H](SCCc2[nH]c3ccccc3[nH+]2)C(=O)N1c1ccc(Cl)cc1,0
ZINC01441757,DUD_p38_D_2599,O=C1C[C@H](SCc2nc3ccccc3[nH]2)C(=O)N1c1cccc(Cl)c1,0
ZINC01441757,DUD_p38_D_2600,O=C1C[C@H](SCc2[nH]c3ccccc3[nH+]2)C(=O)N1c1cccc(Cl)c1,0
ZINC01441758,DUD_p38_D_2601,O=C1C[C@H](SCc2nc3ccccc3[nH]2)C(=O)N1c1cccc(Cl)c1,0
ZINC01441758,DUD_p38_D_2602,O=C1C[C@H](SCc2[nH]c3ccccc3[nH+]2)C(=O)N1c1cccc(Cl)c1,0
ZINC01441761,DUD_p38_D_2603,O=C1C[C@@H](SCc2nc3ccccc3[nH]2)C(=O)N1c1ccccc1Cl,0
ZINC01441761,DUD_p38_D_2604,O=C1C[C@H](SCc2[nH]c3ccccc3[nH+]2)C(=O)N1c1ccccc1Cl,0
ZINC01441762,DUD_p38_D_2605,O=C1C[C@H](SCc2nc3ccccc3[nH]2)C(=O)N1c1ccccc1Cl,0
ZINC01441762,DUD_p38_D_2606,O=C1C[C@@H](SCc2[nH]c3ccccc3[nH+]2)C(=O)N1c1ccccc1Cl,0
ZINC01442617,DUD_p38_D_2607,Cc1cccc(-c2n[nH]c(=S)n2-c2ccc(Oc3ccccc3)cc2)c1,0
ZINC01443119,DUD_p38_D_2608,CC(C)N1C(=O)N(c2ccc(F)cc2)C(=O)[C@H]1CC(=O)Nc1ccc(F)cc1,0
ZINC01443120,DUD_p38_D_2609,CC(C)N1C(=O)N(c2ccc(F)cc2)C(=O)[C@H]1CC(=O)Nc1ccc(F)cc1,0
ZINC01444251,DUD_p38_D_2610,O=C(NCCc1ccc(Cl)cc1)c1cccc2c1-c1ccccc1C2=O,0
ZINC01444532,DUD_p38_D_2611,CSc1ccccc1NC(=O)Cn1c(-c2cscn2)nc2ccccc21,0
ZINC01444532,DUD_p38_D_2612,CSc1ccccc1NC(=O)Cn1c(-c2cscn2)[nH+]c2ccccc21,0
ZINC01444708,DUD_p38_D_2613,CN(C)C(=S)Oc1ccc(C(=O)Nc2ccc3ccccc3c2)cc1,0
ZINC01446017,DUD_p38_D_2614,Cc1nc2cccc(C(=O)NCCc3c(C)[nH]c4ccc(F)cc34)c2o1,0
ZINC01447603,DUD_p38_D_2615,C[C@H](O)CNc1ncnc2c1c(-c1ccccc1)cn2-c1ccc(Cl)cc1,0
ZINC01447711,DUD_p38_D_2616,C[C@@H](O)CNc1ncnc2c1c(-c1ccccc1)cn2-c1ccc(Br)cc1,0
ZINC01454328,DUD_p38_D_2617,COC(=O)c1ccc(NC(=S)N2CCN(c3ccccc3)CC2)cc1,0
ZINC01454340,DUD_p38_D_2618,CC(=O)c1ccc(NC(=S)N2CCN(c3ccccc3)CC2)cc1,0
ZINC01456430,DUD_p38_D_2619,COc1ccc(-c2[nH]c(-c3ccc(OC)c(O)c3)[nH+]c2-c2ccccc2)cc1,0
ZINC01456442,DUD_p38_D_2620,COc1ccc(-c2[nH]c(-c3cccs3)c(-c3cccs3)[nH+]2)cc1O,0
ZINC01457018,DUD_p38_D_2621,COc1ccc(-c2[nH+]c(-c3ccc(O)cc3)[nH]c2-c2ccccc2)cc1OC,0
ZINC01459400,DUD_p38_D_2622,COc1cc(-c2[nH]c(-c3ccccc3)c(-c3ccsc3)[nH+]2)cc(OC)c1O,0
ZINC01459837,DUD_p38_D_2623,O=C1C[C@@H](c2ccccc2Cl)Cc2c1cnn2-c1nc2ccccc2[nH]1,0
ZINC01459838,DUD_p38_D_2624,O=C1C[C@H](c2ccccc2Cl)Cc2c1cnn2-c1nc2ccccc2[nH]1,0
ZINC01459838,DUD_p38_D_2625,O=C1C[C@@H](c2ccccc2Cl)Cc2c1cnn2-c1[nH]c2ccccc2[nH+]1,0
ZINC01460048,DUD_p38_D_2626,O=C1C[C@H](c2ccccc2OCc2ccccc2)c2cc3c(cc2N1)OCCO3,0
ZINC01460140,DUD_p38_D_2627,O=C1C[C@@H](c2ccc(F)cc2)CC2=C1[C@H](c1ccco1)n1c(nc3ccccc31)N2,0
ZINC01460142,DUD_p38_D_2628,O=C1C[C@H](c2ccc(F)cc2)CC2=C1[C@H](c1ccco1)n1c(nc3ccccc31)N2,0
ZINC01460142,DUD_p38_D_2629,O=C1C[C@H](c2ccc(F)cc2)CC2=C1[C@H](c1ccco1)n1c([nH+]c3ccccc31)N2,0
ZINC01460143,DUD_p38_D_2630,O=C1C[C@H](c2ccc(F)cc2)CC2=C1[C@@H](c1ccco1)n1c(nc3ccccc31)N2,0
ZINC01460143,DUD_p38_D_2631,O=C1C[C@H](c2ccc(F)cc2)CC2=C1[C@@H](c1ccco1)n1c([nH+]c3ccccc31)N2,0
ZINC01462271,DUD_p38_D_2632,Cc1c(NC(=S)NCc2ccccn2)c(=O)n(-c2ccccc2)n1C,0
ZINC01462975,DUD_p38_D_2633,CCN1C(=O)c2cccc3c(NC(=O)c4ccc(I)cc4)ccc1c23,0
ZINC01465250,DUD_p38_D_2634,CC1=C(C(=O)Nc2ccccn2)[C@H](c2ccccc2Cl)n2ncnc2N1,0
ZINC01465279,DUD_p38_D_2635,COc1ccc([C@H]2NC(=S)NC(C)=C2C(=O)Nc2cccnc2)cc1,0
ZINC01465855,DUD_p38_D_2636,Cc1ccc(C)c(NC(=O)CSc2nnc3sc4ccccc4n23)c1,0
ZINC01467334,DUD_p38_D_2637,COc1ccc([C@@H]2NC(=S)NC(c3ccccc3)=C2C(=O)Nc2cccnc2)cc1,0
ZINC01467348,DUD_p38_D_2638,CC1=C(C(=O)Nc2ccc(C)cc2)[C@@H](c2ccc(Cl)cc2)n2ncnc2N1,0
ZINC01467349,DUD_p38_D_2639,CC1=C(C(=O)Nc2ccc(C)cc2)[C@H](c2ccc(Cl)cc2)n2ncnc2N1,0
ZINC01467350,DUD_p38_D_2640,CC1=C(C(=O)Nc2ccc(C)cc2)[C@H](c2ccc(Br)cc2)n2ncnc2N1,0
ZINC01467351,DUD_p38_D_2641,CC1=C(C(=O)Nc2ccc(C)cc2)[C@H](c2ccc(Br)cc2)n2ncnc2N1,0
ZINC01468122,DUD_p38_D_2642,Cc1ccccc1NC(=O)CSc1nsc2nc3ccccc3n12,0
ZINC01468122,DUD_p38_D_2643,Cc1ccccc1NC(=O)CSc1nsc2[nH+]c3ccccc3n12,0
ZINC01468125,DUD_p38_D_2644,Cc1ccc(C)c(NC(=O)CSc2nsc3nc4ccccc4n23)c1,0
ZINC01468125,DUD_p38_D_2645,Cc1ccc(C)c(NC(=O)CSc2nsc3[nH+]c4ccccc4n23)c1,0
ZINC01468185,DUD_p38_D_2646,Cc1cccc(C)c1NC(=O)CSc1nsc2nc3ccccc3n12,0
ZINC01468185,DUD_p38_D_2647,Cc1cccc(C)c1NC(=O)CSc1nsc2[nH+]c3ccccc3n12,0
ZINC01471419,DUD_p38_D_2648,Oc1ccc(C(=S)N2CCN(c3cccc4ccccc34)CC2)cc1,0
ZINC01479993,DUD_p38_D_2649,C[C@H](NC(=O)c1sc(=S)n(-c2ccccc2)c1N)c1ccccc1,0
ZINC01479994,DUD_p38_D_2650,C[C@H](NC(=O)c1sc(=S)n(-c2ccccc2)c1N)c1ccccc1,0
ZINC01480005,DUD_p38_D_2651,CCOc1ccc(NC(=O)c2sc(=S)n(-c3ccccc3)c2N)cc1,0
ZINC01485223,DUD_p38_D_2652,O=c1oc2c(c(O)c1SCc1ccccc1)SCc1ccccc1-2,0
ZINC01485883,DUD_p38_D_2653,O=C(c1ccc(CO)cc1)N1CCc2sccc2[C@H]1c1cccs1,0
ZINC01485966,DUD_p38_D_2654,CSc1nn(-c2ccccc2)c(C)c1-c1ccnc(Nc2cccnc2)c1,0
ZINC01487109,DUD_p38_D_2655,O=C(c1cccc2ccccc12)N1CCN(Cc2c[nH]cn2)c2cc(Cl)ccc2C1,0
ZINC01487109,DUD_p38_D_2656,O=C(c1cccc2ccccc12)N1CCN(Cc2c[nH]c[nH+]2)c2cc(Cl)ccc2C1,0
ZINC01487109,DUD_p38_D_2657,O=C(c1cccc2ccccc12)N1CCN(Cc2c[nH]c[nH+]2)c2cc(Cl)ccc2C1,0
ZINC01487109,DUD_p38_D_2658,O=C(c1cccc2ccccc12)N1CCN(Cc2cnc[nH]2)c2cc(Cl)ccc2C1,0
ZINC01487786,DUD_p38_D_2659,CC(=O)Nc1oc(-c2cc3ccccc3cc2O)nc1-c1ccsc1,0
ZINC01489082,DUD_p38_D_2660,O=C1CCN2C(=C1C(=O)Nc1ccccc1F)N(Cc1c[nH]cn1)c1cc(F)ccc12,0
ZINC01489082,DUD_p38_D_2661,O=C1CCN2C(=C1C(=O)Nc1ccccc1F)N(Cc1c[nH]c[nH+]1)c1cc(F)ccc12,0
ZINC01489082,DUD_p38_D_2662,O=C1CCN2C(=C1C(=O)Nc1ccccc1F)N(Cc1c[nH]c[nH+]1)c1cc(F)ccc12,0
ZINC01489082,DUD_p38_D_2663,O=C1CCN2C(=C1C(=O)Nc1ccccc1F)N(Cc1cnc[nH]1)c1cc(F)ccc12,0
ZINC01489756,DUD_p38_D_2664,C=CC(=O)Nc1ccc2ncnc(N3CCc4ccc(Br)cc43)c2c1,0
ZINC01491052,DUD_p38_D_2665,Cc1nc(C(=O)c2nc3cc(Cc4ccccc4)ccc3[nH]2)cs1,0
ZINC01491052,DUD_p38_D_2666,Cc1nc(C(=O)c2[nH]c3ccc(Cc4ccccc4)cc3[nH+]2)cs1,0
ZINC01491052,DUD_p38_D_2667,Cc1nc(C(=O)c2nc3ccc(Cc4ccccc4)cc3[nH]2)cs1,0
ZINC01491191,DUD_p38_D_2668,Oc1cccn2c(-c3ccnc(NC4CCCC4)n3)c(-c3ccc(F)cc3)[nH+]c12,0
ZINC01491736,DUD_p38_D_2669,C[C@H](c1ccc(-c2ccccc2)c(F)c1)c1cc(=O)[nH]c(N2CCOCC2)n1,0
ZINC01491957,DUD_p38_D_2670,Cc1cc2cc(Nc3ccnc4cc(-c5[nH+]ccn5C)sc34)ccc2[nH]1,0
ZINC01491987,DUD_p38_D_2671,COc1ccc(-c2ccccc2)n2nc(NC(=O)c3ccc(C)s3)nc12,0
ZINC01491988,DUD_p38_D_2672,COc1ccc(-c2cccs2)n2nc(NC(=O)c3ccc(Br)cc3)nc12,0
ZINC01492361,DUD_p38_D_2673,COc1cccc(C(=O)c2cc(-c3cccnc3)n(-c3ccc(F)cc3)c2N)c1,0
ZINC01492685,DUD_p38_D_2674,CC(C)[C@@H](c1ccc2nc(O)c(-c3cccc(F)c3)nc2c1)n1ccnc1,0
ZINC01492685,DUD_p38_D_2675,CC(C)[C@@H](c1ccc2nc(O)c(-c3cccc(F)c3)nc2c1)n1cc[nH+]c1,0
ZINC01493705,DUD_p38_D_2676,Fc1ccc(-c2[nH]nc(CCCc3cccnc3)c2-c2ccncc2)cc1,0
ZINC01494050,DUD_p38_D_2677,Cc1cccc(C(=O)c2ccc(NC(=O)c3ccc(C(F)(F)F)cc3)cn2)c1C,0
ZINC01495142,DUD_p38_D_2678,Cc1cnc(CNc2ncc(-c3cc4ccccc4s3)cn2)cn1,0
ZINC01495439,DUD_p38_D_2679,O=C(Nc1ccccc1-c1cnn(-c2ccc(Cl)cc2)c1)c1ccco1,0
ZINC01495448,DUD_p38_D_2680,CC(C)CC(=O)Nc1ccccc1-c1cnn(-c2ccc(Cl)cc2)c1,0
ZINC01495583,DUD_p38_D_2681,CCOc1ccc(NC(=O)c2cn3c(n2)sc2ccccc23)cc1,0
ZINC01495583,DUD_p38_D_2682,CCOc1ccc(NC(=O)c2cn3c([nH+]2)sc2ccccc23)cc1,0
ZINC01497039,DUD_p38_D_2683,Cc1nc(NCc2ccncc2)cc(-c2cncc(-c3cccs3)c2)n1,0
ZINC01497074,DUD_p38_D_2684,Cc1nc(Nc2ccncc2)cc(-c2cncc(-c3cccs3)c2)n1,0
ZINC01497081,DUD_p38_D_2685,Cc1nc(Nc2ccncc2)cc(-c2cncc(-c3ccc(F)cc3)c2)n1,0
ZINC01497193,DUD_p38_D_2686,Cc1nc(NCc2ccco2)cc(-c2cncc(-c3cccs3)c2)n1,0
ZINC01497198,DUD_p38_D_2687,Cc1nc(NCc2ccco2)cc(-c2cncc(-c3ccc(F)cc3)c2)n1,0
ZINC01497220,DUD_p38_D_2688,Cc1nc(Nc2ncccn2)cc(-c2cncc(-c3cccs3)c2)n1,0
ZINC01497227,DUD_p38_D_2689,Cc1nc(Nc2ncccn2)cc(-c2cncc(-c3ccc(F)cc3)c2)n1,0
ZINC01498232,DUD_p38_D_2690,CC(C)C(=O)NNc1nc(-c2ccccc2)c2cc(Cl)ccc2n1,0
ZINC01498534,DUD_p38_D_2691,OC1CCN(c2cc(-c3ccc(F)cc3)nc(-c3ccccc3)n2)CC1,0
ZINC01498551,DUD_p38_D_2692,OC1CCN(c2cc(-c3ccc(F)cc3)nc(-c3ccccn3)n2)CC1,0
ZINC01498579,DUD_p38_D_2693,OC1CCN(c2cc(-c3ccc(F)cc3)nc(-c3cccnc3)n2)CC1,0
ZINC01498604,DUD_p38_D_2694,OC1CCN(c2cc(-c3ccc(F)cc3)nc(-c3ccncc3)n2)CC1,0
ZINC01498656,DUD_p38_D_2695,OC1CCN(c2cc(-c3ccccc3F)nc(-c3ccccc3)n2)CC1,0
ZINC01498675,DUD_p38_D_2696,OC1CCN(c2cc(-c3ccccc3F)nc(-c3ccccn3)n2)CC1,0
ZINC01498822,DUD_p38_D_2697,OC1CCN(c2cc(-c3cccc(C(F)(F)F)c3)nc(-c3ccncc3)n2)CC1,0
ZINC01499128,DUD_p38_D_2698,O=C(NCc1ccccc1)c1ccc2cncc(-c3ccsc3)c2n1,0
ZINC01499130,DUD_p38_D_2699,O=C(NCCc1ccccc1)c1ccc2cncc(-c3ccsc3)c2n1,0
ZINC01499132,DUD_p38_D_2700,O=C(NCc1ccc(Cl)cc1)c1ccc2cncc(-c3ccsc3)c2n1,0
ZINC01499136,DUD_p38_D_2701,COc1ccccc1CNC(=O)c1ccc2cncc(-c3ccsc3)c2n1,0
ZINC01499137,DUD_p38_D_2702,CN(C)c1ccc(CNC(=O)c2ccc3cncc(-c4ccsc4)c3n2)cc1,0
ZINC01499614,DUD_p38_D_2703,COc1ccc2c3c(c(=O)oc2c1)CN(C(=S)Nc1ccccc1)CC3,0
ZINC01500223,DUD_p38_D_2704,CCN1C(=O)c2cccc3c(/N=C\c4cc(Br)ccc4O)ccc1c23,0
ZINC01501589,DUD_p38_D_2705,COc1cc(OC)nc(-c2cccc(NC(=S)Nc3ccccc3)c2)n1,0
ZINC01502085,DUD_p38_D_2706,CC(C)n1cc(-c2ccc(C(=O)NCc3ccc(Cl)cc3)cn2)cn1,0
ZINC01502403,DUD_p38_D_2707,O=C(NC[C@@H]1CCCO1)c1ccc(-n2cc(-c3ccc(Cl)cc3)cn2)cc1,0
ZINC01502404,DUD_p38_D_2708,O=C(NC[C@@H]1CCCO1)c1ccc(-n2cc(-c3ccc(Cl)cc3)cn2)cc1,0
ZINC01502414,DUD_p38_D_2709,CC(C)NC(=O)c1ccc(-n2cc(-c3ccnc4ccccc34)cn2)cc1,0
ZINC01502503,DUD_p38_D_2710,O=S(=O)(c1cccc(C(F)(F)F)c1)N1CCC(c2c[nH]c3ccccc23)CC1,0
ZINC01502625,DUD_p38_D_2711,Cn1cc(-c2ccc(C(=O)NCc3cccc(C(F)(F)F)c3)cn2)cn1,0
ZINC01503491,DUD_p38_D_2712,Cn1cc(-c2ccc(C(=O)NCc3ccc(Cl)cc3)cn2)cn1,0
ZINC01503536,DUD_p38_D_2713,O=C(NCc1ccco1)c1ccc(-c2cnn(-c3ccc(Cl)cc3)c2)nc1,0
ZINC01503545,DUD_p38_D_2714,O=C(NC1CC1)c1ccc(-c2cnn(-c3ccc(Cl)cc3)c2)nc1,0
ZINC01503570,DUD_p38_D_2715,O=C(NCc1ccco1)c1ccc(-c2cnn(-c3ccc(F)cc3F)c2)nc1,0
ZINC01503578,DUD_p38_D_2716,O=C(NC1CCCCC1)c1ccc(-c2cnn(-c3ccc(F)cc3F)c2)nc1,0
ZINC01503579,DUD_p38_D_2717,O=C(NC1CC1)c1ccc(-c2cnn(-c3ccc(F)cc3F)c2)nc1,0
ZINC01504136,DUD_p38_D_2718,OC1CCN(c2cc(-c3cncc(Br)c3)nc(-c3ccccc3)n2)CC1,0
ZINC01504843,DUD_p38_D_2719,Cc1ccccc1NC(=O)c1cc(Cl)cc(Cl)c1NC(=O)c1cccnc1,0
ZINC01505541,DUD_p38_D_2720,CCc1ccc(-c2ccc(C(=O)Nc3ccc(Br)cn3)cc2)nc1,0
ZINC01506685,DUD_p38_D_2721,O=C(Nc1nc(-c2ccc3c(c2)Cc2ccccc2-3)cs1)c1cccnc1,0
ZINC01507262,DUD_p38_D_2722,COC(=O)Nc1[nH]c2cc(Oc3ccc4ccccc4c3)c(Cl)cc2[nH+]1,0
ZINC01507278,DUD_p38_D_2723,Cc1cc(-c2ccccc2)nc2cc(C(=O)NCc3ccc(Cl)cc3)nn12,0
ZINC01508072,DUD_p38_D_2724,CN1C(=O)N(c2ccccc2)[C@@](C)(NOC(=O)Nc2ccc(Cl)cc2)C1(C)C,0
ZINC01508388,DUD_p38_D_2725,CCCC(=O)N1C(=O)[C@@]2(NN=C(c3ccccc3)S2)c2ccccc21,0
ZINC01508391,DUD_p38_D_2726,CCCC(=O)N1C(=O)[C@@]2(NN=C(c3ccccc3)S2)c2ccccc21,0
ZINC01508686,DUD_p38_D_2727,Cc1ccc2cc([C@@H]3CC(c4nc5ccccc5[nH]4)=NN3)c(Cl)nc2c1,0
ZINC01509340,DUD_p38_D_2728,Cc1cc(C)cc(C(=O)N2CC(=O)Nc3ccc(Cl)cc3[C@H]2c2ccccc2)c1,0
ZINC01509552,DUD_p38_D_2729,Cc1ccc(C(=O)N2CC(=O)Nc3ccc(Br)cc3[C@@H]2c2ccccc2)cc1,0
ZINC01509621,DUD_p38_D_2730,Cc1cccc(C(=O)N2CC(=O)Nc3ccc(Cl)cc3[C@H]2c2ccccc2)c1,0
ZINC01509625,DUD_p38_D_2731,Cc1cccc(C(=O)N2CC(=O)Nc3ccc(Cl)cc3[C@@H]2c2ccccc2)c1,0
ZINC01509629,DUD_p38_D_2732,Cc1ccc(C(=O)N2CC(=O)Nc3ccc(Cl)cc3[C@H]2c2ccccc2)cc1,0
ZINC01509636,DUD_p38_D_2733,Cc1ccc(C(=O)N2CC(=O)Nc3ccc(Cl)cc3[C@@H]2c2ccccc2)cc1,0
ZINC01509698,DUD_p38_D_2734,Cc1ccc2c(c1)[C@@H](c1ccccc1)N(C(=O)c1ccccc1C)CC(=O)N2,0
ZINC01509713,DUD_p38_D_2735,Cc1ccc2c(c1)[C@H](c1ccccc1)N(C(=O)c1ccc(Cl)cc1)CC(=O)N2,0
ZINC01509717,DUD_p38_D_2736,Cc1ccc2c(c1)[C@@H](c1ccccc1)N(C(=O)c1ccc(Cl)cc1)CC(=O)N2,0
ZINC01509721,DUD_p38_D_2737,Cc1ccc2c(c1)[C@@H](c1ccccc1)N(C(=O)c1ccccc1Cl)CC(=O)N2,0
ZINC01509727,DUD_p38_D_2738,Cc1ccc2c(c1)[C@@H](c1ccccc1)N(C(=O)c1ccccc1Cl)CC(=O)N2,0
ZINC01510101,DUD_p38_D_2739,O=C(Nc1ccccc1)[N@]1[N@](C(=O)Nc2ccccc2)C12CCCCC2,0
ZINC01510374,DUD_p38_D_2740,Cc1nc2cc(NC(=O)c3cccs3)ccc2n1-c1ccccc1,0
ZINC01510374,DUD_p38_D_2741,Cc1[nH+]c2cc(NC(=O)c3cccs3)ccc2n1-c1ccccc1,0
ZINC01510385,DUD_p38_D_2742,Cc1[nH+]c2cc(NC(=O)c3ccccc3Cl)ccc2n1-c1ccccc1,0
ZINC01510420,DUD_p38_D_2743,CCN1C(=O)c2cccc3c(NC(=O)c4ccccc4Br)ccc1c23,0
ZINC01510484,DUD_p38_D_2744,Cc1ccc2c(c1)[C@H](c1ccccc1)N(C(=O)c1ccc(F)cc1)CC(=O)N2,0
ZINC01510487,DUD_p38_D_2745,Cc1ccc2c(c1)[C@H](c1ccccc1)N(C(=O)c1ccc(F)cc1)CC(=O)N2,0
ZINC01510658,DUD_p38_D_2746,CCN1C(=O)c2cccc3c(NC(=O)c4cc(Cl)ccc4OC)ccc1c23,0
ZINC01512202,DUD_p38_D_2747,CC(C)COC(=O)N1CC(=O)Nc2ccc(Br)cc2[C@H]1c1ccccc1,0
ZINC01512393,DUD_p38_D_2748,Nc1ccc(Br)cc1-c1nc2ccccc2n(Cc2ccccc2)c1=O,0
ZINC01513055,DUD_p38_D_2749,CSc1nnc(-c2ccc(NC(=S)Nc3ccc(C)cc3)cc2)o1,0
ZINC01514875,DUD_p38_D_2750,Cn1c(/C=C2\C(=O)NC(=O)N(c3ccccc3Cl)C2=O)cc2ccccc21,0
ZINC01514881,DUD_p38_D_2751,Cn1c(/C=C2/C(=O)NC(=S)N(c3ccccc3)C2=O)cc2ccccc21,0
ZINC01516335,DUD_p38_D_2752,COc1ccc(NC(=O)c2cccc3c2C(=O)c2ccccc2-3)c(Cl)c1,0
ZINC01516487,DUD_p38_D_2753,Cc1ccc(NC(=O)c2nc[nH]c2C(=O)Nc2ccc(Br)cc2)c(C)c1,0
ZINC01516487,DUD_p38_D_2754,Cc1ccc(NC(=O)c2[nH]c[nH+]c2C(=O)Nc2ccc(Br)cc2)c(C)c1,0
ZINC01517087,DUD_p38_D_2755,Cc1ccc(NC(=O)c2cc3nc(-c4ccc(F)cc4)cc(C)n3n2)cc1C,0
ZINC01518010,DUD_p38_D_2756,O=C(Nc1ccc2oc(-c3ccccc3F)nc2c1)c1ccc2c(c1)OCCO2,0
ZINC01518714,DUD_p38_D_2757,Cc1ccc(C(=O)Nc2nc(-c3cc4ccccc4oc3=O)cs2)cc1C,0
ZINC01519321,DUD_p38_D_2758,O=S(=O)(c1ccc2[nH]c(-c3ccccc3Cl)cc2c1)N1CCCC1,0
ZINC01519322,DUD_p38_D_2759,O=S(=O)(c1ccc2[nH]c(-c3cccc(Cl)c3)cc2c1)N1CCCC1,0
ZINC01519323,DUD_p38_D_2760,O=S(=O)(c1ccc2[nH]c(-c3ccc(Cl)cc3)cc2c1)N1CCCC1,0
ZINC01519324,DUD_p38_D_2761,O=S(=O)(c1ccc2[nH]c(-c3ccc(Br)cc3)cc2c1)N1CCCC1,0
ZINC01519325,DUD_p38_D_2762,O=S(=O)(c1ccc2[nH]c(-c3cccc(Br)c3)cc2c1)N1CCCC1,0
ZINC01519326,DUD_p38_D_2763,O=S(=O)(c1ccc2[nH]c(-c3ccccc3Br)cc2c1)N1CCCC1,0
ZINC01519377,DUD_p38_D_2764,O=S(=O)(c1ccc2[nH]c(-c3ccccc3Cl)cc2c1)N1CCCCC1,0
ZINC01519378,DUD_p38_D_2765,O=S(=O)(c1ccc2[nH]c(-c3cccc(Cl)c3)cc2c1)N1CCCCC1,0
ZINC01519379,DUD_p38_D_2766,O=S(=O)(c1ccc2[nH]c(-c3ccc(Cl)cc3)cc2c1)N1CCCCC1,0
ZINC01519380,DUD_p38_D_2767,O=S(=O)(c1ccc2[nH]c(-c3ccc(Br)cc3)cc2c1)N1CCCCC1,0
ZINC01519381,DUD_p38_D_2768,O=S(=O)(c1ccc2[nH]c(-c3cccc(Br)c3)cc2c1)N1CCCCC1,0
ZINC01519382,DUD_p38_D_2769,O=S(=O)(c1ccc2[nH]c(-c3ccccc3Br)cc2c1)N1CCCCC1,0
ZINC01519489,DUD_p38_D_2770,O=S(=O)(c1ccc2[nH]c(-c3ccccc3Cl)cc2c1)N1CCCCCC1,0
ZINC01519490,DUD_p38_D_2771,O=S(=O)(c1ccc2[nH]c(-c3cccc(Cl)c3)cc2c1)N1CCCCCC1,0
ZINC01519491,DUD_p38_D_2772,O=S(=O)(c1ccc2[nH]c(-c3ccc(Cl)cc3)cc2c1)N1CCCCCC1,0
ZINC01519494,DUD_p38_D_2773,O=S(=O)(c1ccc2[nH]c(-c3ccccc3Br)cc2c1)N1CCCCCC1,0
ZINC01519521,DUD_p38_D_2774,O=S(=O)(c1ccc2[nH]c(-c3ccc(F)cc3)cc2c1)N1CCCCCC1,0
ZINC01536528,DUD_p38_D_2775,O=c1[nH]c2ccc(Cl)cc2/c(=N/OCc2ccccc2)c2ccccc12,0
ZINC01539994,DUD_p38_D_2776,Clc1nc(NCc2ccc3c(c2)OCO3)c2cc(-n3cccn3)ccc2n1,0
ZINC01549947,DUD_p38_D_2777,C/C(=C/c1n[nH]c(-c2ccc(F)cc2)c1-c1ccncc1)Cc1cccnc1,0
ZINC01552722,DUD_p38_D_2778,CNc1cc(-c2cccc(F)c2)[nH+]c2ccc(-c3ccccc3C=O)cc12,0
ZINC01561287,DUD_p38_D_2779,CC1=C/C(=N/NC(=S)Nc2ccccc2C)c2ccccc2C1=O,0
ZINC01566728,DUD_p38_D_2780,C=C(NNC(=S)N1CCC(c2ccccc2)CC1)c1ccccn1,0
ZINC01567141,DUD_p38_D_2781,Cc1nc(-c2ccc(Cl)cc2)c(Cc2c(O)ccc3ccccc23)c(=O)[nH]1,0
ZINC01567141,DUD_p38_D_2782,Cc1nc(=O)c(Cc2c(O)ccc3ccccc23)c(-c2ccc(Cl)cc2)[nH]1,0
ZINC01576470,DUD_p38_D_2783,C=C(NNC(=S)N1CCN(c2cccc[nH+]2)CC1)c1cccc(C)n1,0
ZINC01580627,DUD_p38_D_2784,C=C(NNC(=S)N1CCN(c2cccc[nH+]2)CC1)c1ccccn1,0
ZINC01581698,DUD_p38_D_2785,C=C(NNC(=S)N1CCN(c2ccccc2)CC1)c1cccc[n+]1[O-],0
ZINC01584286,DUD_p38_D_2786,CCOC(=O)[C@@H]1C(C)=CC2=C(C(=O)Nc3ccccc3N2)[C@@H]1c1ccccc1,0
ZINC01608409,DUD_p38_D_2787,Cn1c2ccccc2c2nnc(-n3nc(-c4ccc(Br)cc4)cc3N)nc21,0
ZINC01613756,DUD_p38_D_2788,Cc1cc[n+](C2=C(Nc3cccc(C(F)(F)F)c3)C(=O)c3ccccc3C2=O)cc1,0
ZINC01613762,DUD_p38_D_2789,Cc1ccc(NC2=C([n+]3ccc(C)cc3)C(=O)c3ccccc3C2=O)cc1,0
ZINC01630241,DUD_p38_D_2790,CN1N=C(Nc2ccccc2)Sc2c1cnn(-c1ccccc1)c2=O,0
ZINC01631755,DUD_p38_D_2791,Nc1ccc(Nc2nc(F)nc(-c3c4ccccc4c4n3CCS4)n2)cc1,0
ZINC01635171,DUD_p38_D_2792,CCOC(=O)c1c(N)n(-c2ccccc2)c(=S)n(-c2ccccc2)c1=O,0
ZINC01644497,DUD_p38_D_2793,Cc1[nH]c(=O)nc(S)c1C(=O)Nc1cccc2cc3ccccc3cc12,0
ZINC01651045,DUD_p38_D_2794,COc1ccc(-n2c(=O)c3[nH]cnc3n(-c3ccc(OC)cc3)c2=S)cc1,0
ZINC01652426,DUD_p38_D_2795,O=c1[nH]c2ccc(CC(=S)N3CCN(c4ccccc4)CC3)cc2s1,0
ZINC01657897,DUD_p38_D_2796,CC1=Nc2ccccc2NC(c2c(O)c3c(ccc4ccccc43)oc2=O)=C1,0
ZINC01660472,DUD_p38_D_2797,COc1ccccc1[C@@H]1Nn2c(nc3ccccc3c2=O)N1c1ccc(C)cc1,0
ZINC01706614,DUD_p38_D_2798,COc1ccc(-n2c(=O)[nH]c3c(c2=O)[C@H](c2ccc(Cl)cc2)C(C)(C)O3)cc1,0
ZINC01721140,DUD_p38_D_2799,O=c1[nH]c2c(/N=C/c3ccc4c(c3)OCO4)cc(Br)cc2c2ccccc12,0
ZINC01726085,DUD_p38_D_2800,CC1(C)Oc2[nH]c(=O)n(-c3ccccc3)c(=O)c2[C@@H]1c1ccc(Cl)cc1,0
ZINC01737963,DUD_p38_D_2801,COCCNC(=O)c1ccc(-c2cnn(-c3ccc(Cl)cc3)c2)nc1,0
ZINC01737976,DUD_p38_D_2802,C=CCNC(=O)c1ccc(-c2cnn(-c3ccc(Cl)cc3)c2)nc1,0
ZINC01738048,DUD_p38_D_2803,C=CCNC(=O)c1ccc(-c2cnn(-c3ccc(F)cc3F)c2)nc1,0
ZINC01738119,DUD_p38_D_2804,C=CCNC(=O)c1ccc(-c2cnn(-c3ccc(Br)cc3)c2)nc1,0
ZINC01738142,DUD_p38_D_2805,C=CCNC(=O)c1ccc(-c2cnn(-c3ccc(OC(F)(F)F)cc3)c2)nc1,0
ZINC01741106,DUD_p38_D_2806,O=C(/C=C/c1cc2cccc3c2n(c1=O)CCC3)NCc1ccc(Cl)cc1,0
ZINC01742396,DUD_p38_D_2807,C=C(NNC(=O)c1n[nH]c(-c2ccccc2)c1C)c1ccc(Br)cc1,0
ZINC01742396,DUD_p38_D_2808,C=C(NNC(=O)c1[nH]nc(-c2ccccc2)c1C)c1ccc(Br)cc1,0
ZINC01742402,DUD_p38_D_2809,C=C(NNC(=O)c1n[nH]c(-c2ccccc2)c1C)c1ccc(Cl)cc1,0
ZINC01742402,DUD_p38_D_2810,C=C(NNC(=O)c1[nH]nc(-c2ccccc2)c1C)c1ccc(Cl)cc1,0
ZINC01743021,DUD_p38_D_2811,COCCNC(=O)c1ccc(-n2cc(-c3ccc(Cl)cc3)cn2)cc1,0
ZINC01744551,DUD_p38_D_2812,Cc1cccc(NC2=NC(=O)/C(=C/c3c[nH]c4ccccc34)S2)c1C,0
ZINC01750037,DUD_p38_D_2813,Cc1ccccc1C(=O)NNC(=S)NC(=O)c1ccccc1Cl,0
ZINC01750070,DUD_p38_D_2814,Cc1cccc(C(=O)NNC(=S)NC(=O)c2ccccc2Cl)c1,0
ZINC01753249,DUD_p38_D_2815,COc1ccc(C2=C[C@H](c3ccc(Cl)cc3)N3N=CNC3=N2)cc1OC,0
ZINC01753251,DUD_p38_D_2816,COc1ccc(C2=C[C@@H](c3ccc(Cl)cc3)N3N=CNC3=N2)cc1OC,0
ZINC01754173,DUD_p38_D_2817,CN(C)c1ccc([C@@H]2C=C(c3ccc(Cl)cc3)N=C3NC=NN32)cc1,0
ZINC01754175,DUD_p38_D_2818,CN(C)c1ccc([C@@H]2C=C(c3ccc(Cl)cc3)N=C3NC=NN32)cc1,0
ZINC01755862,DUD_p38_D_2819,COc1ccc([C@H]2C=C(c3ccc(Cl)cc3)N=C3NC=NN32)cc1OC,0
ZINC01756057,DUD_p38_D_2820,CCOC(=S)c1ccc(S(=O)(=O)Nc2cccc3ccccc23)cc1,0
ZINC01757032,DUD_p38_D_2821,Cc1ccc(C(=O)NN2C(=O)/C(=C\c3c[nH]c4ccccc34)SC2=S)cc1,0
ZINC01784880,DUD_p38_D_2822,Cc1ccccc1NC(=O)Cn1nnc2sc(-c3ccccc3)cc2c1=O,0
ZINC01787207,DUD_p38_D_2823,CC1=C[C@H](c2ccc(Cl)cc2)N2N=C(NC(=O)c3ccccc3)NC2=N1,0
ZINC01787210,DUD_p38_D_2824,CC1=C[C@H](c2ccc(Cl)cc2)N2N=C(NC(=O)c3ccccc3)NC2=N1,0
ZINC01797763,DUD_p38_D_2825,COc1ccc(-c2[nH]c3cccc[n+]3c2NC(=O)c2ccc(Cl)cc2)cc1,0
ZINC01799704,DUD_p38_D_2826,C=C(N/N=C1\NC(=O)[C@@H](Cc2ccccc2C)S1)c1ccc(F)cc1,0
ZINC01801668,DUD_p38_D_2827,O=c1c2c(-c3ccccc3)csc2nc2c3ccccc3c(NCCO)nn12,0
ZINC01810983,DUD_p38_D_2828,CC(C)=c1[nH]n2c(=N)/c(=C/c3ccc(-c4ccccc4Cl)o3)c(=O)nc-2s1,0
ZINC01820155,DUD_p38_D_2829,O=C(CCCl)N1NC(c2ccccc2)=C[C@H]1c1cccc([N+](=O)[O-])c1,0
ZINC01820156,DUD_p38_D_2830,O=C(CCCl)N1NC(c2ccccc2)=C[C@H]1c1cccc([N+](=O)[O-])c1,0
ZINC01826610,DUD_p38_D_2831,N#C/C(=C\Nc1ccc2c(c1)OCCO2)c1nc(-c2ccc(F)cc2)cs1,0
ZINC01833495,DUD_p38_D_2832,CCOC(=O)[C@]1(C)C=C(Nc2ccc(Cl)cc2)C(=O)N1c1ccccc1,0
ZINC01833496,DUD_p38_D_2833,CCOC(=O)[C@@]1(C)C=C(Nc2ccc(Cl)cc2)C(=O)N1c1ccccc1,0
ZINC01835312,DUD_p38_D_2834,Cc1ccc(-c2n[nH]c(=S)n2/N=C\c2ccc(-c3ccccc3)cc2)cc1,0
ZINC01837099,DUD_p38_D_2835,CN(C)c1ccc([C@@H]2C=C(c3ccc(Br)cc3)N=C3NN=NN32)cc1,0
ZINC01837100,DUD_p38_D_2836,CN(C)c1ccc([C@@H]2C=C(c3ccc(Br)cc3)N=C3NN=NN32)cc1,0
ZINC01849869,DUD_p38_D_2837,COc1ccc([C@@H]2Oc3ccc(F)cc3C3=C2[C@H](c2ccccc2)N2N=CNC2=N3)cc1,0
ZINC01856818,DUD_p38_D_2838,CCc1ccc([C@@H]2C=C(c3ccc(Br)cc3)N=C3NN=NN32)cc1,0
ZINC01860385,DUD_p38_D_2839,COc1cccc(/C=C/C(=O)N2C[C@@H](CCl)c3c2cc(N)c2ccccc32)c1,0
ZINC01865396,DUD_p38_D_2840,O=S(=O)(NC1c2ccccc2Oc2ccccc21)c1ccc(Br)cc1,0
ZINC01865463,DUD_p38_D_2841,O=S(=O)(NC1c2ccccc2Oc2ccccc21)c1cc(Cl)ccc1Cl,0
ZINC01867794,DUD_p38_D_2842,COc1ccc([C@@H]2C3=C(N=C4NC=NN42)c2ccccc2O[C@@H]3c2ccc(F)cc2)cc1,0
ZINC01867795,DUD_p38_D_2843,COc1ccc([C@@H]2C3=C(N=C4NC=NN42)c2ccccc2O[C@H]3c2ccc(F)cc2)cc1,0
ZINC01868726,DUD_p38_D_2844,CN(C)c1ccc(/C=N\NC(=S)Nc2cccc3cccnc23)cc1,0
ZINC01871997,DUD_p38_D_2845,CCN1C(=S)/C(=N\NC(=S)c2ccc3ccccc3n2)c2ccccc21,0
ZINC01889768,DUD_p38_D_2846,OCCCc1nc2n(n1)[C@@H](c1ccccc1)C=C(c1ccc(Cl)cc1)N2,0
ZINC01889772,DUD_p38_D_2847,OCCCc1nc2n(n1)[C@H](c1ccccc1)C=C(c1ccc(Br)cc1)N2,0
ZINC01889870,DUD_p38_D_2848,OCCCc1nc2n(n1)[C@@H](c1ccccc1Cl)C=C(c1cccs1)N2,0
ZINC01889875,DUD_p38_D_2849,OCCCc1nc2n(n1)[C@H](c1ccccc1Cl)C=C(c1cccs1)N2,0
ZINC01889888,DUD_p38_D_2850,OCCCc1nc2n(n1)[C@H](c1ccccc1Cl)C=C(c1ccccc1)N2,0
ZINC01889889,DUD_p38_D_2851,OCCCc1nc2n(n1)[C@@H](c1ccccc1Cl)C=C(c1ccccc1)N2,0
ZINC01889903,DUD_p38_D_2852,OCCCc1nc2n(n1)[C@@H](c1ccco1)C=C(c1ccc(Br)cc1)N2,0
ZINC01889910,DUD_p38_D_2853,OCCCc1nc2n(n1)[C@@H](c1ccco1)C=C(c1ccc(Cl)cc1)N2,0
ZINC01892233,DUD_p38_D_2854,NC(=O)c1ccccc1/N=c1\cc(-c2ccccc2)oc2ccc(Cl)cc12,0
ZINC01896457,DUD_p38_D_2855,O=c1c(Cc2cccnc2)cn2c3cc(Br)ccc3c3cc(O)cc1c32,0
ZINC01897495,DUD_p38_D_2856,O=C1[C@@H]2[C@@H]3C=C[C@](C(=O)Nc4ccccc4)(CC3)[C@H]2C(=O)N1c1ccccc1,0
ZINC01900140,DUD_p38_D_2857,CC(=O)NC1=NN2C(=NC(c3ccc(Cl)cc3)=C[C@@H]2c2ccccc2)N1,0
ZINC01900141,DUD_p38_D_2858,CC(=O)NC1=NN2C(=NC(c3ccc(Cl)cc3)=C[C@@H]2c2ccccc2)N1,0
ZINC01906903,DUD_p38_D_2859,O=C(Cn1c2ccccc2c2nc3ccccc3nc21)Nc1ccccc1F,0
ZINC01906904,DUD_p38_D_2860,O=C(Cn1c2ccccc2c2nc3ccccc3nc21)Nc1ccc(F)cc1,0
ZINC01910357,DUD_p38_D_2861,COC(=O)c1ccc(N2C(=O)/C(=C\c3c[nH]c4ccccc34)SC2=S)cc1,0
ZINC01910871,DUD_p38_D_2862,Cc1ccc2c(=O)c(OCC(=O)Nc3ccc(F)cc3)c(-c3ccco3)oc2c1,0
ZINC01910873,DUD_p38_D_2863,Cc1ccc2c(=O)c(OCC(=O)Nc3ccccc3F)c(-c3ccco3)oc2c1,0
ZINC01914648,DUD_p38_D_2864,C=C1Nc2ncnn2[C@@H](c2cccc(Br)c2)[C@@H]1C(=O)Nc1ccccc1OC,0
ZINC01924312,DUD_p38_D_2865,C[C@@H](Sc1nnc2ccc3ccccc3n12)C(=O)Nc1ccc(F)cc1,0
ZINC01924313,DUD_p38_D_2866,C[C@@H](Sc1nnc2ccc3ccccc3n12)C(=O)Nc1ccccc1Cl,0
ZINC01924314,DUD_p38_D_2867,C[C@@H](Sc1nnc2ccc3ccccc3n12)C(=O)Nc1ccccc1Cl,0
ZINC01924315,DUD_p38_D_2868,C[C@@H](Sc1nnc2ccc3ccccc3n12)C(=O)Nc1ccc(Cl)cc1,0
ZINC01924316,DUD_p38_D_2869,C[C@@H](Sc1nnc2ccc3ccccc3n12)C(=O)Nc1ccc(Cl)cc1,0
ZINC01924330,DUD_p38_D_2870,C[C@H](Sc1nnc2ccc3ccccc3n12)C(=O)Nc1ccc(Br)cc1,0
ZINC01924426,DUD_p38_D_2871,Cc1cc2nnc(S[C@H](C)C(=O)Nc3ccccc3)n2c2ccccc12,0
ZINC01924427,DUD_p38_D_2872,Cc1cc2nnc(S[C@@H](C)C(=O)Nc3ccccc3)n2c2ccccc12,0
ZINC01924436,DUD_p38_D_2873,Cc1cc2nnc(S[C@H](C)C(=O)Nc3ccc(F)cc3)n2c2ccccc12,0
ZINC01924437,DUD_p38_D_2874,Cc1cc2nnc(S[C@@H](C)C(=O)Nc3ccc(F)cc3)n2c2ccccc12,0
ZINC01927527,DUD_p38_D_2875,C[C@H]1CCc2c(sc(NC(=O)c3cccc4ccccc34)c2C(N)=O)C1,0
ZINC01927528,DUD_p38_D_2876,C[C@H]1CCc2c(sc(NC(=O)c3cccc4ccccc34)c2C(N)=O)C1,0
ZINC01927637,DUD_p38_D_2877,Cc1cc2nnc(SCC(=O)Nc3ccccc3Cl)n2c2ccccc12,0
ZINC01927638,DUD_p38_D_2878,Cc1cc2nnc(SCC(=O)Nc3ccc(Br)cc3)n2c2ccccc12,0
ZINC01928003,DUD_p38_D_2879,COc1ccccc1NC1=C(Cl)C(=O)N(c2cccc3ccccc23)C1=O,0
ZINC01928004,DUD_p38_D_2880,COc1cccc(NC2=C(Cl)C(=O)N(c3cccc4ccccc34)C2=O)c1,0
ZINC01928006,DUD_p38_D_2881,COc1ccc(NC2=C(Cl)C(=O)N(c3cccc4ccccc34)C2=O)c(OC)c1,0
ZINC01928007,DUD_p38_D_2882,COc1ccc(OC)c(NC2=C(Cl)C(=O)N(c3cccc4ccccc34)C2=O)c1,0
ZINC01933850,DUD_p38_D_2883,O=C(Nc1sc2c(c1C(=O)Nc1ccc(F)cc1)CCCC2)c1ccco1,0
ZINC01936705,DUD_p38_D_2884,C=C1Nc2ncnn2[C@@H](c2cccc(F)c2)[C@H]1C(=O)Nc1ccccc1,0
ZINC01936706,DUD_p38_D_2885,C=C1Nc2ncnn2[C@@H](c2cccc(F)c2)[C@H]1C(=O)Nc1ccccc1,0
ZINC01936707,DUD_p38_D_2886,C=C1Nc2ncnn2[C@@H](c2ccccc2F)[C@@H]1C(=O)Nc1ccccc1,0
ZINC01936708,DUD_p38_D_2887,C=C1Nc2ncnn2[C@H](c2ccccc2F)[C@H]1C(=O)Nc1ccccc1,0
ZINC01936709,DUD_p38_D_2888,C=C1Nc2ncnn2[C@H](c2cccc(Cl)c2)[C@@H]1C(=O)Nc1ccccc1,0
ZINC01936710,DUD_p38_D_2889,C=C1Nc2ncnn2[C@@H](c2cccc(Cl)c2)[C@@H]1C(=O)Nc1ccccc1,0
ZINC01936711,DUD_p38_D_2890,C=C1Nc2ncnn2[C@H](c2ccc(Cl)c(Cl)c2)[C@H]1C(=O)Nc1ccccc1,0
ZINC01936712,DUD_p38_D_2891,C=C1Nc2ncnn2[C@@H](c2ccc(Cl)c(Cl)c2)[C@H]1C(=O)Nc1ccccc1,0
ZINC01938087,DUD_p38_D_2892,COC(=O)c1ccccc1N1C(=O)C(Cl)=C(Nc2ccccc2C)C1=O,0
ZINC01938090,DUD_p38_D_2893,COC(=O)c1ccccc1N1C(=O)C(Cl)=C(Nc2ccc(C)cc2)C1=O,0
ZINC01938190,DUD_p38_D_2894,CCOC(=O)c1ccccc1N1C(=O)C(Cl)=C(Nc2ccccc2C)C1=O,0
ZINC01938232,DUD_p38_D_2895,CCOC(=O)c1ccccc1N1C(=O)C(Cl)=C(Nc2ccccc2F)C1=O,0
ZINC01948923,DUD_p38_D_2896,O=C(COC(=O)c1cccc(Br)c1)Nc1cccc2ccccc12,0
ZINC01948924,DUD_p38_D_2897,O=C(COC(=O)c1ccc(Br)cc1)Nc1cccc2ccccc12,0
ZINC01955976,DUD_p38_D_2898,C[C@H](C(=O)c1ccc(Br)cc1)[n+]1cccc(NC(=O)c2ccccc2)c1,0
ZINC01961440,DUD_p38_D_2899,Cc1ccc(C)c(NC(=O)Cn2cnc3scc(-c4ccccc4)c3c2=O)c1,0
ZINC01961446,DUD_p38_D_2900,Cc1ccc(NC(=O)Cn2cnc3scc(-c4ccccc4)c3c2=O)cc1C,0
ZINC01961682,DUD_p38_D_2901,Cc1ccc2oc(-c3ccc(Cl)cc3)c/c(=N/c3nnc[nH]3)c2c1,0
ZINC01961684,DUD_p38_D_2902,Cc1ccc2oc(-c3ccc(Cl)cc3)c/c(=N/c3nnc(C)[nH]3)c2c1,0
ZINC01971441,DUD_p38_D_2903,CC(C)OC(=O)c1ccc(N2C(=O)C(Cl)=C(Nc3ccccc3)C2=O)cc1,0
ZINC01980375,DUD_p38_D_2904,C[C@@H](C(=O)Nc1ccccc1)n1cnc2scc(-c3ccccc3)c2c1=O,0
ZINC01980377,DUD_p38_D_2905,Cc1ccc(-c2csc3ncn([C@@H](C)C(=O)Nc4ccccc4)c(=O)c23)cc1,0
ZINC01980378,DUD_p38_D_2906,Cc1ccc(-c2csc3ncn([C@H](C)C(=O)Nc4ccccc4)c(=O)c23)cc1,0
ZINC01980395,DUD_p38_D_2907,C[C@H](C(=O)Nc1ccccc1)n1cnc2scc(-c3ccc(F)cc3)c2c1=O,0
ZINC01980396,DUD_p38_D_2908,C[C@@H](C(=O)Nc1ccccc1)n1cnc2scc(-c3ccc(F)cc3)c2c1=O,0
ZINC01980401,DUD_p38_D_2909,Cc1sc2ncn([C@H](C)C(=O)Nc3ccccc3)c(=O)c2c1-c1ccc(F)cc1,0
ZINC01980402,DUD_p38_D_2910,Cc1sc2ncn([C@@H](C)C(=O)Nc3ccccc3)c(=O)c2c1-c1ccc(F)cc1,0
ZINC01980451,DUD_p38_D_2911,Cc1ccc(NC(=O)[C@H](C)n2cnc3scc(-c4ccccc4)c3c2=O)cc1,0
ZINC01980452,DUD_p38_D_2912,Cc1ccc(NC(=O)[C@H](C)n2cnc3scc(-c4ccccc4)c3c2=O)cc1,0
ZINC01980523,DUD_p38_D_2913,Cc1ccccc1NC(=O)[C@H](C)n1cnc2scc(-c3ccccc3)c2c1=O,0
ZINC01980524,DUD_p38_D_2914,Cc1ccccc1NC(=O)[C@@H](C)n1cnc2scc(-c3ccccc3)c2c1=O,0
ZINC01980611,DUD_p38_D_2915,Cc1sc2ncn([C@@H](C)C(=O)Nc3ccc(F)cc3)c(=O)c2c1-c1ccccc1,0
ZINC01980612,DUD_p38_D_2916,Cc1sc2ncn([C@@H](C)C(=O)Nc3ccc(F)cc3)c(=O)c2c1-c1ccccc1,0
ZINC01980633,DUD_p38_D_2917,C[C@@H](C(=O)Nc1ccc(F)cc1)n1cnc2sc(-c3ccccc3)cc2c1=O,0
ZINC01980634,DUD_p38_D_2918,C[C@@H](C(=O)Nc1ccc(F)cc1)n1cnc2sc(-c3ccccc3)cc2c1=O,0
ZINC01986714,DUD_p38_D_2919,COc1ccc(-c2c/c(=N\c3ccccc3C(N)=O)c3cc(Cl)ccc3o2)cc1,0
ZINC01986879,DUD_p38_D_2920,COc1ccc(-c2c/c(=N\c3nnc[nH]3)c3cc(Cl)ccc3o2)cc1OC,0
ZINC01986982,DUD_p38_D_2921,CSc1c(C#N)c(NC(=O)c2ccccc2C)nn1-c1ccccc1,0
ZINC01986985,DUD_p38_D_2922,CSc1c(C#N)c(NC(=O)c2ccccc2Cl)nn1-c1ccccc1,0
ZINC01988098,DUD_p38_D_2923,Cc1ccccc1NC(=O)c1ccc(-n2ncc(Cl)c(Cl)c2=O)cc1,0
ZINC01988099,DUD_p38_D_2924,CCc1ccccc1NC(=O)c1ccc(-n2ncc(Cl)c(Cl)c2=O)cc1,0
ZINC01988100,DUD_p38_D_2925,Cc1cccc(NC(=O)c2ccc(-n3ncc(Cl)c(Cl)c3=O)cc2)c1,0
ZINC01988101,DUD_p38_D_2926,Cc1ccc(NC(=O)c2ccc(-n3ncc(Cl)c(Cl)c3=O)cc2)cc1,0
ZINC01988102,DUD_p38_D_2927,Cc1ccc(NC(=O)c2ccc(-n3ncc(Cl)c(Cl)c3=O)cc2)cc1C,0
ZINC01988110,DUD_p38_D_2928,COc1ccccc1NC(=O)c1ccc(-n2ncc(Cl)c(Cl)c2=O)cc1,0
ZINC01988114,DUD_p38_D_2929,Cc1cccc(C)c1NC(=O)c1ccc(-n2ncc(Cl)c(Cl)c2=O)cc1,0
ZINC01988128,DUD_p38_D_2930,COc1cccc(NC(=O)c2ccc(-n3ncc(Cl)c(Cl)c3=O)cc2)c1,0
ZINC01988136,DUD_p38_D_2931,C[C@H](NC(=O)c1ccc(-n2ncc(Cl)c(Cl)c2=O)cc1)c1ccccc1,0
ZINC01988137,DUD_p38_D_2932,C[C@H](NC(=O)c1ccc(-n2ncc(Cl)c(Cl)c2=O)cc1)c1ccccc1,0
ZINC01992658,DUD_p38_D_2933,COc1ccc2oc(-c3ccc(Cl)cc3)c/c(=N/c3ccccc3C(N)=O)c2c1,0
ZINC02002200,DUD_p38_D_2934,Cc1cccc(NC(=S)NNC(=O)Cc2cccc3ccccc23)c1,0
ZINC02005456,DUD_p38_D_2935,COCc1cc(=O)n2ncc(-c3ccc(Sc4ccccc4)cc3)c2[nH]1,0
ZINC02005915,DUD_p38_D_2936,O=S(=O)(CCCCl)Nc1ccc(Oc2cccc3ccccc23)cc1,0
ZINC02035173,DUD_p38_D_2937,C[C@H]1CN(C(=S)Nc2ccccc2)CCN1C(=S)Nc1ccccc1,0
ZINC02046564,DUD_p38_D_2938,CC(=O)Nc1ccc2c(c1)/C(=N\c1ccc(Cl)cc1)c1ccccc1-2,0
ZINC02051759,DUD_p38_D_2939,Cc1ccc(N2C(=O)/C(=C/c3c(C)[nH]c4ccccc34)C(=O)NC2=S)cc1,0
ZINC02052452,DUD_p38_D_2940,CCOC(=O)[C@]1(c2ccccc2)NN=C(c2cccc3ccccc23)S1,0
ZINC02052453,DUD_p38_D_2941,CCOC(=O)[C@@]1(c2ccccc2)NN=C(c2cccc3ccccc23)S1,0
ZINC02052483,DUD_p38_D_2942,O=C1N(Cc2ccccc2F)c2ccccc2[C@@]12NN=C(c1ccccc1)S2,0
ZINC02053502,DUD_p38_D_2943,Cc1ccc(N2NC(=O)/C(=C\C=C/c3ccccc3Cl)C2=O)cc1C,0
ZINC02057665,DUD_p38_D_2944,CCn1c2ccccc2c2cc(NS(=O)(=O)c3ccc(F)cc3)ccc21,0
ZINC02059191,DUD_p38_D_2945,C=c1[nH]n(-c2ccccc2)c(=O)/c1=C/Nc1nc2ccc(Cl)cc2s1,0
ZINC02062109,DUD_p38_D_2946,CCCSc1nnc2c(n1)O[C@@H](c1ccccc1)Nc1ccccc1-2,0
ZINC02062110,DUD_p38_D_2947,CCCSc1nnc2c(n1)O[C@H](c1ccccc1)Nc1ccccc1-2,0
ZINC02064501,DUD_p38_D_2948,CC(=O)NNC(=S)NC(=O)C(c1ccccc1)c1ccccc1,0
ZINC02067128,DUD_p38_D_2949,Cc1ccc(N2NC(=O)/C(=C/c3c4ccccc4cc4ccccc34)C2=O)cc1,0
ZINC02067532,DUD_p38_D_2950,O=C1N/C(=N\c2ccccc2)S/C1=C\c1ccc(-c2ccc(F)cc2)o1,0
ZINC02072281,DUD_p38_D_2951,COc1ccc(C2=NNC(c3ccc(C)cc3)=Nc3ccc(F)cc32)cc1,0
ZINC02073583,DUD_p38_D_2952,C=CCSc1nnc2c(n1)O[C@@H](c1ccccc1F)Nc1ccccc1-2,0
ZINC02073584,DUD_p38_D_2953,C=CCSc1nnc2c(n1)O[C@H](c1ccccc1F)Nc1ccccc1-2,0
ZINC02073845,DUD_p38_D_2954,C=CCSc1nnc2c(n1)O[C@H](c1sccc1C)Nc1ccccc1-2,0
ZINC02073846,DUD_p38_D_2955,C=CCSc1nnc2c(n1)O[C@H](c1sccc1C)Nc1ccccc1-2,0
ZINC02073912,DUD_p38_D_2956,C=CCSc1nnc2c(n1)O[C@H](c1ccsc1)Nc1ccccc1-2,0
ZINC02077867,DUD_p38_D_2957,CC[C@]12C(=O)C(=O)N[C@@]1(c1ccccc1)N(c1ccccc1)c1ccccc12,0
ZINC02078879,DUD_p38_D_2958,C[C@@H]1CC[C@H]2C(=O)N(c3ccc(C(=O)Nc4ccc(Cl)cc4)cc3)C(=O)[C@H]2C1,0
ZINC02080321,DUD_p38_D_2959,O=C1NC(=S)N(c2ccccc2)C(=O)/C1=C/c1ccc(-c2ccc(F)cc2)o1,0
ZINC02080323,DUD_p38_D_2960,Cc1ccccc1N1C(=O)/C(=C\c2ccc(-c3ccc(F)cc3)o2)C(=O)NC1=S,0
ZINC02086821,DUD_p38_D_2961,CCCSc1nnc2c(n1)-c1ccccc1N[C@@H](c1ccccc1)O2,0
ZINC02086822,DUD_p38_D_2962,CCCSc1nnc2c(n1)-c1ccccc1N[C@H](c1ccccc1)O2,0
ZINC02087164,DUD_p38_D_2963,C=CCN1C(=O)[C@@H]2Cc3c([nH]c4ccccc34)[C@@H](c3ccc4c(c3)OCO4)N2C1=S,0
ZINC02087546,DUD_p38_D_2964,O=c1c2[nH]c3ccc(Cl)cc3c2ncn1CCc1c[nH]c2ccccc12,0
ZINC02087712,DUD_p38_D_2965,COC(=O)c1ccc(N2C(=O)[C@H]3Cc4c([nH]c5ccccc45)CN3C2=S)cc1,0
ZINC02092911,DUD_p38_D_2966,Cc1coc2cc3oc(=O)c(CCC(=O)Nc4ccc(F)cc4F)c(C)c3cc12,0
ZINC02094398,DUD_p38_D_2967,Fc1ccccc1CSc1nnc2c(n1)OC1(CCCC1)Nc1ccccc1-2,0
ZINC02099499,DUD_p38_D_2968,O=C1NC(=S)N(c2ccccc2)C(=O)/C1=C\c1ccc(-c2cccc(F)c2)o1,0
ZINC02099721,DUD_p38_D_2969,COc1ccccc1[C@H]1C=C(c2c(O)cc(C)oc2=O)Nc2ccccc2S1,0
ZINC02099722,DUD_p38_D_2970,COc1ccccc1[C@@H]1C=C(c2c(O)cc(C)oc2=O)Nc2ccccc2S1,0
ZINC02099929,DUD_p38_D_2971,COc1ccc([C@@H]2C=C(c3c(O)cc(C)oc3=O)Nc3ccccc3S2)cc1,0
ZINC02099931,DUD_p38_D_2972,COc1ccc([C@H]2C=C(c3c(O)cc(C)oc3=O)Nc3ccccc3S2)cc1,0
ZINC02101875,DUD_p38_D_2973,Cc1ccc(-c2[nH]ncc2/C=N\NC(=O)Cc2ccc(Br)cc2)cc1,0
ZINC02101875,DUD_p38_D_2974,Cc1ccc(-c2n[nH]cc2/C=N/NC(=O)Cc2ccc(Br)cc2)cc1,0
ZINC02103542,DUD_p38_D_2975,C/C=C(/NNC(=O)[C@H]1C[C@H]1c1ccccc1)c1cccc(Cl)c1,0
ZINC02110015,DUD_p38_D_2976,C=C(NNC(=O)c1cc(C2CC2)nc2ccc(Br)cc12)c1ccccc1,0
ZINC02112772,DUD_p38_D_2977,CCNC(=S)NNC(=O)c1cc(-c2ccccc2C)nc2ccccc12,0
ZINC02112954,DUD_p38_D_2978,C=CCNC(=S)NNC(=O)c1cc(-c2ccc(C)o2)nc2ccccc12,0
ZINC02112980,DUD_p38_D_2979,CCNC(=S)NNC(=O)c1cc(-c2ccc(C)s2)nc2ccccc12,0
ZINC02113602,DUD_p38_D_2980,O=C(NCCc1ccccc1F)c1cc2c(cn1)[nH]c1ccccc12,0
ZINC02114322,DUD_p38_D_2981,O=C(c1cc2c([nH]c3ccccc32)c(-c2ccccc2Cl)n1)N1CCOCC1,0
ZINC02115339,DUD_p38_D_2982,O=c1cccc2n1C[C@@H]1C[C@H]2CN(c2ncnc3c2[nH]c2ccc(Cl)cc23)C1,0
ZINC02116947,DUD_p38_D_2983,O=C(NC[C@H]1CCCO1)c1cc2c([nH]c3ccccc32)c(-c2ccc(F)cc2)n1,0
ZINC02116949,DUD_p38_D_2984,O=C(NC[C@@H]1CCCO1)c1cc2c([nH]c3ccccc32)c(-c2ccc(F)cc2)n1,0
ZINC02117601,DUD_p38_D_2985,Cc1nc(C(=O)NCc2ccc(F)cc2)cc2c1[nH]c1ccccc12,0
ZINC02118580,DUD_p38_D_2986,Cc1nc(C(=O)NCc2cccc(Cl)c2)cc2c1[nH]c1ccccc12,0
ZINC02118904,DUD_p38_D_2987,O=C(c1cc2c([nH]c3ccccc32)c(-c2cccc(Cl)c2)n1)N1CCOCC1,0
ZINC02119981,DUD_p38_D_2988,O=C(c1cc2c([nH]c3ccccc32)c(-c2cccc(Br)c2)n1)N1CCOCC1,0
ZINC02119987,DUD_p38_D_2989,O=C(c1cc2c([nH]c3ccccc32)c(-c2ccc(F)cc2)n1)N1CCOCC1,0
ZINC02125455,DUD_p38_D_2990,O=C(NCc1cccc(Cl)c1)c1cc2c(cn1)[nH]c1ccccc12,0
ZINC02126702,DUD_p38_D_2991,O=c1c2[nH]c3ccc(Br)cc3c2ncn1CCc1c[nH]c2ccccc12,0
ZINC02128517,DUD_p38_D_2992,O=C1NC(=O)[C@]2(Cc3ccccc3N3CCC[C@H]32)C(=O)N1CCc1ccccc1,0
ZINC02137021,DUD_p38_D_2993,CC1(C)c2[nH]c3ccccc3c2C[C@H]2C(=O)N(c3cccc(Cl)c3)C(=O)N21,0
ZINC02137023,DUD_p38_D_2994,CC(C)C(=O)NC(=S)Nc1ccccc1C(=O)Nc1ccccc1,0
ZINC02137948,DUD_p38_D_2995,C=CCNC(=O)c1cc2c([nH]c3ccccc32)c(-c2ccc3c(c2)OCO3)n1,0
ZINC02138375,DUD_p38_D_2996,Cc1ccc(N2NC(=O)/C(=C/c3ccc(-c4ccccc4F)o3)C2=O)cc1C,0
ZINC02138460,DUD_p38_D_2997,CCc1ccc(N2NC(=O)/C(=C\c3ccc(-c4ccccc4F)o3)C2=O)cc1,0
ZINC02139080,DUD_p38_D_2998,Cc1cc(O)c(C2=C[C@@H](c3ccc4c(c3)OCO4)Sc3ccccc3N2)c(=O)o1,0
ZINC02146444,DUD_p38_D_2999,C=CC[C@H]1C(=O)[C@H]2Cc3c([nH]c4ccccc34)[C@@H](c3ccc4c(c3)OCO4)N2C1=S,0
ZINC02149079,DUD_p38_D_3000,C=c1[nH]n(-c2ccccc2)c(=O)/c1=C\c1ccc(Sc2ccc(C)cc2)o1,0
ZINC02157632,DUD_p38_D_3001,COc1ccc(N2C(=O)[C@H]3Cc4c([nH]c5ccccc45)CN3C2=S)cc1,0
ZINC02157635,DUD_p38_D_3002,COc1ccc(N2C(=O)[C@@H]3Cc4c([nH]c5ccccc45)CN3C2=S)cc1,0
ZINC02163544,DUD_p38_D_3003,CCC(=O)NC(=S)Nc1ccc(NC(=S)NC(=O)c2ccco2)cc1,0
ZINC02163832,DUD_p38_D_3004,O=C1NN(c2cccc(F)c2)C(=O)/C1=C/c1ccc(-c2ccc(Cl)cc2)o1,0
ZINC02168987,DUD_p38_D_3005,Cc1cccc(N2NC(=O)/C(=C/c3ccc(-c4ccccc4F)o3)C2=O)c1,0
ZINC02172757,DUD_p38_D_3006,CCn1c2ccccc2c2cc(NS(=O)(=O)c3ccc(Cl)nc3)ccc21,0
ZINC02174244,DUD_p38_D_3007,O=C1NC(=S)N(c2ccccc2F)C(=O)/C1=C/c1ccc(N2CCCCC2)o1,0
ZINC02174327,DUD_p38_D_3008,O=C1N/C(=N\c2ccc(Cl)cc2)S/C1=C/c1ccc(N2CCCC2)o1,0
ZINC02179855,DUD_p38_D_3009,CC(C)=c1[nH]n2c(=N)/c(=C\c3ccc(-c4ccc(F)cc4)o3)c(=O)nc-2s1,0
ZINC02179962,DUD_p38_D_3010,CC(C)=c1[nH]n2c(=N)/c(=C/c3ccc(-c4ccccc4)o3)c(=O)nc-2s1,0
ZINC02181020,DUD_p38_D_3011,Cc1sc2nc3n(c(=O)c2c1C)NC(c1ccc(-c2ccccc2)cc1)=CS3,0
ZINC02181056,DUD_p38_D_3012,Nn1c(SCc2ccccc2)nc2sc(-c3ccccc3)cc2c1=O,0
ZINC02181057,DUD_p38_D_3013,Nn1c(SCc2ccc(F)cc2)nc2sc(-c3ccccc3)cc2c1=O,0
ZINC02181175,DUD_p38_D_3014,Cc1ccc(-n2nc3c(=S)[nH]nc(-c4ccccc4)c3c2-c2ccccc2)cc1,0
ZINC02184321,DUD_p38_D_3015,O=C(CSc1nc(-c2ccccc2)cs1)Nc1ccc2c(c1)OCCO2,0
ZINC02186142,DUD_p38_D_3016,C=C(NN1C(=O)c2ccccc2N[C@@H]1c1ccccc1Cl)c1ccc(OC)cc1,0
ZINC02187814,DUD_p38_D_3017,c1ccc(C2=NNC3(CCC4(CC3)NN=C(c3ccccc3)S4)S2)cc1,0
ZINC02189963,DUD_p38_D_3018,COc1ccc2c(c1)C(c1ccc(Cl)cc1)=NNC(c1ccccc1)=N2,0
ZINC02193742,DUD_p38_D_3019,Cc1cccc(N2C(=O)/C(=C/c3cccn3-c3ccc(O)cc3)C(=O)NC2=S)c1C,0
ZINC02197378,DUD_p38_D_3020,Cc1cccc(-n2ncc3c(Nc4ccc(Br)cc4)ncnc32)c1,0
ZINC02197857,DUD_p38_D_3021,Cc1ccc([C@H]2[C@@H]3C(=O)C[C@@H](c4cccc(Cl)c4)C=C3Nc3ncnn32)cc1,0
ZINC02198265,DUD_p38_D_3022,Cn1c(NC(=O)c2ccc(F)cc2)c(-c2cccs2)c(=O)c2ccccc21,0
ZINC02198435,DUD_p38_D_3023,O=C(Nc1cccc(NC(=S)NC(=O)c2ccccc2F)c1)c1ccco1,0
ZINC02198913,DUD_p38_D_3024,O=C(c1ccco1)N1CCN(c2ncnc3c2[nH]c2ccc(Br)cc23)CC1,0
ZINC02199941,DUD_p38_D_3025,Cc1ccc(C2=C[C@H](c3ccccc3F)N(C(=O)c3ccccc3F)N2)cc1,0
ZINC02199946,DUD_p38_D_3026,Cc1ccc(SCc2cc(=O)[nH]c(N3CCc4ccccc4C3)n2)cc1,0
ZINC02199946,DUD_p38_D_3027,Cc1ccc(SCc2cc(O)nc(N3CCc4ccccc4C3)n2)cc1,0
ZINC02199946,DUD_p38_D_3028,Cc1ccc(SCc2cc(O)nc(N3CCc4ccccc4C3)n2)cc1,0
ZINC02200497,DUD_p38_D_3029,CCn1nc(NC(=O)c2cccc(Cl)c2)c2cc3cc(OC)ccc3nc21,0
ZINC02200755,DUD_p38_D_3030,CC(=O)N1NC(c2cccs2)=C[C@@H]1c1cc2cc(C)ccc2nc1Cl,0
ZINC02200899,DUD_p38_D_3031,COc1ccc2nc3c(cc2c1)c(NC(=O)c1cccc(Cl)c1)nn3C,0
ZINC02201003,DUD_p38_D_3032,COc1ccc(C2=C[C@@H](c3ccccc3F)N(C(=O)c3cccs3)N2)cc1OC,0
ZINC02201238,DUD_p38_D_3033,CCn1c(NC(=O)c2ccccc2F)c(-c2cccs2)c(=O)c2ccccc21,0
ZINC02201351,DUD_p38_D_3034,CC(=O)Nc1cccc(-c2nnc(SCc3ccccc3F)n2C)c1,0
ZINC02202034,DUD_p38_D_3035,COC(=O)c1ccc(NC(=O)[C@@]2(c3ccccc3)CC2(Cl)Cl)cc1,0
ZINC02202443,DUD_p38_D_3036,C=C1CC(C)(C)[NH+]=C(Nc2nc(-c3ccccc3)c3cc(Cl)ccc3n2)N1,0
ZINC02203870,DUD_p38_D_3037,O=C1CCC=C2Nc3nc(SCc4ccccc4)nn3[C@H](c3ccccc3F)[C@@H]12,0
ZINC02203872,DUD_p38_D_3038,O=C1CCC=C2Nc3nc(SCc4ccccc4)nn3[C@H](c3ccccc3F)[C@H]12,0
ZINC02204107,DUD_p38_D_3039,C=c1[nH]n(-c2ccccc2)c(=O)/c1=C\Nc1cc(Br)cc2cccnc12,0
ZINC02204611,DUD_p38_D_3040,COc1ccccc1-c1c(NC(=O)c2ccccc2F)n(C)c2ccccc2c1=O,0
ZINC02204697,DUD_p38_D_3041,CCn1c(NC(=O)c2cccs2)c(-c2ccccc2)c(=O)c2ccccc21,0
ZINC02206190,DUD_p38_D_3042,Cn1c(NC(=O)c2ccccc2Cl)c(-c2cccs2)c(=O)c2ccccc21,0
ZINC02206663,DUD_p38_D_3043,Cc1nn(-c2ccccc2)c(NC(=O)c2cccs2)c(-c2ccccc2)c1=O,0
ZINC02207269,DUD_p38_D_3044,COc1ccc(-c2cc(-c3nnc(S)n3-c3ccccc3OC)n[nH]2)cc1,0
ZINC02207269,DUD_p38_D_3045,COc1ccc(-c2cc(-c3nnc(S)n3-c3ccccc3OC)[nH]n2)cc1,0
ZINC02208464,DUD_p38_D_3046,O=S(=O)(c1ccccc1)N1NC(c2cccs2)=C[C@@H]1c1ccc(F)cc1,0
ZINC02208624,DUD_p38_D_3047,COc1cccc([C@@H]2NC(=O)c3ccccc3O2)c1OCc1cccc(F)c1,0
ZINC02209608,DUD_p38_D_3048,Cc1nn(-c2ccc(F)cc2)c(NC(=O)c2ccccc2F)c(-c2ccccc2)c1=O,0
ZINC02209755,DUD_p38_D_3049,COC(=O)C1=C(N)Oc2cc(C)n(Cc3ccco3)c(=O)c2[C@@H]1c1ccccc1Cl,0
ZINC02210878,DUD_p38_D_3050,O=C1NC(=O)N(Cc2ccco2)C(=O)/C1=C/c1ccc(-c2cccc(Cl)c2)o1,0
ZINC02210919,DUD_p38_D_3051,O=C1NC(=O)N(c2ccc(F)cc2)C(=O)/C1=C\c1cccn1Cc1ccc(F)cc1,0
ZINC02211311,DUD_p38_D_3052,Cc1cccc2cc3c(NC(=O)c4ccc(Cl)cc4)nn(C)c3nc12,0
ZINC02211340,DUD_p38_D_3053,CC(C)Cn1c(N)c(S(=O)(=O)c2ccc(Cl)cc2)c2nc3ccccc3nc21,0
ZINC02212516,DUD_p38_D_3054,O=C1CCC=C2Nc3nc(SCc4ccccc4)nn3[C@@H](c3ccc(F)cc3)[C@H]12,0
ZINC02212519,DUD_p38_D_3055,O=C1CCC=C2Nc3nc(SCc4ccccc4)nn3[C@H](c3ccc(F)cc3)[C@H]12,0
ZINC02212816,DUD_p38_D_3056,Cn1c(NC(=O)C2CCCCC2)c(-c2cccs2)c(=O)c2ccccc21,0
ZINC02212824,DUD_p38_D_3057,Cc1ccc(-n2nc3cc(Cl)c(NC(=O)c4ccco4)cc3n2)cc1,0
ZINC02215749,DUD_p38_D_3058,Cc1cccn2c(=O)c3cc(C(=O)Nc4ccc(F)c(Cl)c4)n(C)c3nc12,0
ZINC02216190,DUD_p38_D_3059,Cc1ccc(N2C(=O)NC(=O)/C(=C\c3ccc(-c4cccc(Cl)c4)o3)C2=O)cc1,0
ZINC02217193,DUD_p38_D_3060,O=C1NC(=S)N(c2ccccc2F)C(=O)/C1=C\c1ccc(N2CCCC2)o1,0
ZINC02218165,DUD_p38_D_3061,COc1ccc(-c2csc(NC(=S)NC(=O)c3cccs3)n2)cc1,0
ZINC02218616,DUD_p38_D_3062,Cc1ccccc1C(=O)Nc1c(-c2ccccc2Cl)c(=O)c2ccccc2n1C,0
ZINC02218704,DUD_p38_D_3063,Cc1ccc(-c2nc3cc(NC(=S)NC(=O)c4ccco4)ccc3o2)cc1,0
ZINC02218800,DUD_p38_D_3064,Cc1nn(-c2cccc(Cl)c2)c(NC(=O)C(C)C)c(-c2ccccc2)c1=O,0
ZINC02218899,DUD_p38_D_3065,Cc1ccccc1[C@@H]1[C@@H]2C(=O)C[C@H](c3ccc(F)cc3)C=C2Nc2ncnn21,0
ZINC02218908,DUD_p38_D_3066,Cc1ccccc1[C@@H]1[C@@H]2C(=O)C[C@@H](c3ccc(F)cc3)C=C2Nc2ncnn21,0
ZINC02219321,DUD_p38_D_3067,Cn1c(NC(=O)c2ccccc2)c(-c2ccccc2Cl)c(=O)c2ccccc21,0
ZINC02219634,DUD_p38_D_3068,Cn1c(NC(=O)c2ccccc2)c(-c2ccc(Cl)cc2)c(=O)c2ccccc21,0
ZINC02220292,DUD_p38_D_3069,CCOc1ccc(C2=CSc3nnc(-c4ccccc4Cl)n3N2)cc1,0
ZINC02220708,DUD_p38_D_3070,Cc1ccc2oc(-c3ccc(NC(=S)NC(=O)c4ccco4)cc3)nc2c1,0
ZINC02221533,DUD_p38_D_3071,Cn1c(NC(=O)c2ccccc2Cl)c(-c2ccccc2)c(=O)c2ccccc21,0
ZINC02222732,DUD_p38_D_3072,Cc1ccccc1N1NC(C(=O)NCc2ccc(Cl)cc2Cl)=CCC1=O,0
ZINC02223012,DUD_p38_D_3073,COc1ccc([C@@H]2C=C3Nc4ncnn4[C@H](c4ccc(F)cc4)[C@H]3C(=O)C2)cc1,0
ZINC02223017,DUD_p38_D_3074,COc1ccc([C@@H]2C=C3Nc4ncnn4[C@@H](c4ccc(F)cc4)[C@H]3C(=O)C2)cc1,0
ZINC02223035,DUD_p38_D_3075,COc1ccc(N2C(=O)c3ccccc3N[C@@H]2c2cc(Br)ccc2O)cc1,0
ZINC02223037,DUD_p38_D_3076,COc1ccc(N2C(=O)c3ccccc3N[C@@H]2c2cc(Br)ccc2O)cc1,0
ZINC02223096,DUD_p38_D_3077,Cc1ccc2nc3c(cc(C(=O)Nc4ccc(Cl)cc4)n3C)c(=O)n2c1,0
ZINC02223665,DUD_p38_D_3078,C[C@@H]1C=C2NC(Nc3nc4ccccc4o3)=[NH+][C@H](c3cc(F)cc(F)c3)[C@@H]2C(=O)C1,0
ZINC02225012,DUD_p38_D_3079,COc1cc(Nc2cnn(-c3nc4ccccc4s3)c(=O)c2Cl)cc(OC)c1,0
ZINC02225198,DUD_p38_D_3080,Cc1nc2c([nH]c3ccc(Br)cc32)c(=O)n1/N=C\c1ccc2c(c1)OCO2,0
ZINC02226490,DUD_p38_D_3081,O=C(C[C@H]1Nc2cccc3cccc(c23)NC1=O)Nc1ccc(Cl)cc1,0
ZINC02226492,DUD_p38_D_3082,O=C(C[C@@H]1Nc2cccc3cccc(c23)NC1=O)Nc1ccc(Cl)cc1,0
ZINC02226934,DUD_p38_D_3083,CC1(C)C=C2NC(Nc3nc4ccccc4o3)=[NH+][C@H](c3cc(F)cc(F)c3)[C@@H]2C(=O)C1,0
ZINC02227162,DUD_p38_D_3084,Cc1ccccc1[C@@H]1C=C2Nc3ncnn3[C@H](c3ccc(Cl)cc3)[C@@H]2C(=O)C1,0
ZINC02227163,DUD_p38_D_3085,Cc1ccccc1[C@H]1C=C2Nc3ncnn3[C@@H](c3ccc(Cl)cc3)[C@@H]2C(=O)C1,0
ZINC02227165,DUD_p38_D_3086,Cc1ccccc1[C@@H]1C=C2Nc3ncnn3[C@H](c3ccc(Cl)cc3)[C@@H]2C(=O)C1,0
ZINC02227166,DUD_p38_D_3087,Cc1ccccc1[C@H]1C=C2Nc3ncnn3[C@H](c3ccc(Cl)cc3)[C@H]2C(=O)C1,0
ZINC02227302,DUD_p38_D_3088,CSc1nc2n(n1)[C@H](c1cccc3ccccc13)[C@H]1C(=O)CCC=C1N2,0
ZINC02227337,DUD_p38_D_3089,Cc1ccc(CN2C(=O)[C@@](O)(c3c[nH]c4ccccc34)c3ccccc32)cc1,0
ZINC02227580,DUD_p38_D_3090,Cn1c(NC(=O)c2ccccc2F)c(-c2ccc(Cl)cc2)c(=O)c2ccccc21,0
ZINC02227622,DUD_p38_D_3091,C[C@H]1C=C2Nc3ccccc3N(C(=O)c3ccc(F)cc3)[C@@H](c3ccco3)[C@@H]2C(=O)C1,0
ZINC02227624,DUD_p38_D_3092,C[C@@H]1C=C2Nc3ccccc3N(C(=O)c3ccc(F)cc3)[C@H](c3ccco3)[C@H]2C(=O)C1,0
ZINC02227626,DUD_p38_D_3093,C[C@@H]1C=C2Nc3ccccc3N(C(=O)c3ccc(F)cc3)[C@H](c3ccco3)[C@@H]2C(=O)C1,0
ZINC02227630,DUD_p38_D_3094,C[C@H]1C=C2Nc3ccccc3N(C(=O)c3ccc(F)cc3)[C@@H](c3ccco3)[C@@H]2C(=O)C1,0
ZINC02227806,DUD_p38_D_3095,Nn1c(-c2ccccc2)nc2c(c1=O)C1(CCCCC1)Cc1ccccc1-2,0
ZINC02228146,DUD_p38_D_3096,O=C1C[C@H](c2ccc(Cl)cc2)C=C2Nc3ncnn3[C@H](/C=C/c3ccccc3)[C@H]12,0
ZINC02228401,DUD_p38_D_3097,Cc1cccc(NC(=O)CSc2nn(-c3ccccc3)c(=S)s2)c1,0
ZINC02228481,DUD_p38_D_3098,Cc1ccc(N2C(=O)/C(=C\C=C/Nc3ccccc3)C(=O)NC2=S)cc1,0
ZINC02229094,DUD_p38_D_3099,Cn1c(NC(=O)c2ccc(F)cc2)c(-c2ccccc2)c(=O)c2ccccc21,0
ZINC02229326,DUD_p38_D_3100,Cc1cc2nn(-c3ccccc3)nc2cc1NC(=S)NC(=O)c1cccs1,0
ZINC02229545,DUD_p38_D_3101,O=C1NC(=O)N(c2ccc(F)cc2)C(=O)/C1=C/c1cccn1Cc1ccccc1,0
ZINC02229728,DUD_p38_D_3102,O=C1C[C@@H](c2ccc(F)cc2)C=C2Nc3ncnn3[C@@H](c3ccccc3Cl)[C@@H]12,0
ZINC02230204,DUD_p38_D_3103,Cc1ccc(C(=O)Nc2c(-c3ccc(Cl)cc3)c(=O)c3ccccc3n2C)cc1,0
ZINC02230751,DUD_p38_D_3104,Cc1ccc(N2C(=O)NC(=O)/C(=C/c3ccc(-c4ccccc4)o3)C2=O)cc1Cl,0
ZINC02230752,DUD_p38_D_3105,Cc1c(-c2nc(N)nc(N3CCc4ccccc43)n2)oc2ccccc12,0
ZINC02230857,DUD_p38_D_3106,O=C(NC(=S)NNC(=O)[C@@H]1C[C@H]1c1ccccc1)c1ccc(F)cc1,0
ZINC02232226,DUD_p38_D_3107,Cc1ccc2oc(-c3cccc(NC(=S)NC(=O)c4ccco4)c3)nc2c1,0
ZINC02232257,DUD_p38_D_3108,O=C1C[C@H](c2cccc(Cl)c2)C=C2Nc3ncnn3[C@@H](c3ccccc3F)[C@H]12,0
ZINC02232895,DUD_p38_D_3109,Cc1c(Cl)cccc1NC(=O)c1ccc(-c2ccccc2[N+](=O)[O-])o1,0
ZINC02232900,DUD_p38_D_3110,COc1cc2[nH]c(=S)n(CCc3c[nH]c4ccccc34)c(=O)c2cc1OC,0
ZINC02233055,DUD_p38_D_3111,O=C(N/N=C\c1c(Cl)cccc1Cl)[C@@H]1CC(=O)N(c2ccccc2)C1,0
ZINC02233058,DUD_p38_D_3112,O=C(N/N=C\c1c(Cl)cccc1Cl)[C@@H]1CC(=O)N(c2ccccc2)C1,0
ZINC02234012,DUD_p38_D_3113,Cc1cccc(-c2nnc3n2NC(c2cccc(Br)c2)=CS3)c1,0
ZINC02234285,DUD_p38_D_3114,Fc1ccccc1-c1nnc2n1NC(c1ccc3ccccc3c1)=CS2,0
ZINC02234319,DUD_p38_D_3115,COc1ccc(-c2n[nH]c(=S)n2-c2ccc(Oc3ccccc3)cc2)cc1OC,0
ZINC02234326,DUD_p38_D_3116,CCOC(=O)[C@@H]1C(=O)C[C@](O)(c2ccc(Cl)cc2)C[C@@H]1c1ccccc1,0
ZINC02235137,DUD_p38_D_3117,O=C(NCc1ccccc1Cl)C1=CCC(=O)N(c2ccc(Cl)cc2)N1,0
ZINC02236370,DUD_p38_D_3118,Cc1nn(-c2ccc(F)cc2)c(NC(=O)c2cccs2)c(-c2ccccc2)c1=O,0
ZINC02236391,DUD_p38_D_3119,Cn1c(NC(=O)c2ccc(F)cc2)c(-c2ccccc2Cl)c(=O)c2ccccc21,0
ZINC02236398,DUD_p38_D_3120,Cc1cc2nn(-c3ccccc3)nc2cc1NC(=S)NC(=O)c1ccco1,0
ZINC02239711,DUD_p38_D_3121,CC(C)n1c(-c2nc(-c3ccccc3)cc(-c3ccccc3)n2)n[nH]c1=S,0
ZINC02239805,DUD_p38_D_3122,O=C(Nn1c(Nc2ccccc2)nc2sc3c(c2c1=O)CCC3)c1ccccc1,0
ZINC02240601,DUD_p38_D_3123,COc1cccc([C@H]2C=C(c3ccc(Br)cc3)Nc3ncnn32)c1,0
ZINC02240602,DUD_p38_D_3124,COc1cccc([C@H]2C=C(c3ccc(Br)cc3)Nc3ncnn32)c1,0
ZINC02241135,DUD_p38_D_3125,O=C(Nc1nc(-c2ccc(Cl)cc2)cs1)c1ccc2c(c1)OCCO2,0
ZINC02241184,DUD_p38_D_3126,Cc1ccc(C(=O)Nc2c(-c3ccccc3)c(=O)c3ccccc3n2C)cc1,0
ZINC02241584,DUD_p38_D_3127,Cc1ccccc1[C@H]1C=C2Nc3ncnn3[C@@H](c3ccc(F)cc3)[C@@H]2C(=O)C1,0
ZINC02241585,DUD_p38_D_3128,Cc1ccccc1[C@H]1C=C2Nc3ncnn3[C@H](c3ccc(F)cc3)[C@@H]2C(=O)C1,0
ZINC02241586,DUD_p38_D_3129,Cc1ccccc1[C@@H]1C=C2Nc3ncnn3[C@H](c3ccc(F)cc3)[C@@H]2C(=O)C1,0
ZINC02241587,DUD_p38_D_3130,Cc1ccccc1[C@H]1C=C2Nc3ncnn3[C@@H](c3ccc(F)cc3)[C@@H]2C(=O)C1,0
ZINC02241641,DUD_p38_D_3131,O=C1c2n[nH]c(-c3ccccc3O)c2[C@H](c2ccc(Cl)cc2)N1Cc1ccco1,0
ZINC02244620,DUD_p38_D_3132,Cc1ccccc1N1NC(C(=O)NCCc2ccc(Cl)cc2)=CCC1=O,0
ZINC02246396,DUD_p38_D_3133,COc1ccc([C@@H]2C3=C(Nc4ncnn42)c2ccccc2O[C@@H]3c2cccs2)cc1,0
ZINC02246397,DUD_p38_D_3134,COc1ccc([C@@H]2C3=C(Nc4ncnn42)c2ccccc2O[C@@H]3c2cccs2)cc1,0
ZINC02246398,DUD_p38_D_3135,COc1ccc([C@@H]2C3=C(Nc4ncnn42)c2ccccc2O[C@@H]3c2cccs2)cc1,0
ZINC02246399,DUD_p38_D_3136,COc1ccc([C@H]2C3=C(Nc4ncnn42)c2ccccc2O[C@@H]3c2cccs2)cc1,0
ZINC02247051,DUD_p38_D_3137,CCC(=O)Nc1nc2n(n1)[C@H](c1ccc(Cl)cc1)C=C(c1ccccc1)N2,0
ZINC02247052,DUD_p38_D_3138,CCC(=O)Nc1nc2n(n1)[C@@H](c1ccc(Cl)cc1)C=C(c1ccccc1)N2,0
ZINC02248097,DUD_p38_D_3139,Cc1cc(/C=C2\C(=O)NC(=O)N(Cc3cccs3)C2=O)c(C)n1-c1ccccc1,0
ZINC02250223,DUD_p38_D_3140,COc1ccc([C@@H]2C=C(c3cccs3)NN2C(=O)c2ccco2)cc1OC,0
ZINC02254129,DUD_p38_D_3141,COc1cccc(C2=C[C@H](c3cccs3)N(C(=O)c3cccs3)N2)c1,0
ZINC02254204,DUD_p38_D_3142,O=c1[nH]c2sc3c(c2c2nnc(SCc4ccc5ccccc5c4)n12)CCC3,0
ZINC02254381,DUD_p38_D_3143,C#CCn1cc(/C=C2/C(=O)NC(=O)N(c3ccc(F)cc3)C2=O)c2ccccc21,0
ZINC02254873,DUD_p38_D_3144,Cc1nn(-c2nnc3c(n2)[nH]c2ccccc23)c(C)c1Cc1ccccc1,0
ZINC02255919,DUD_p38_D_3145,COc1cccc(C2=C[C@@H](c3ccco3)N(C(=O)c3ccccc3Cl)N2)c1,0
ZINC02256387,DUD_p38_D_3146,COC(=O)C1=C(N)Oc2cc(C)n(Cc3ccccc3)c(=O)c2[C@@H]1c1ccc(F)cc1,0
ZINC02258632,DUD_p38_D_3147,CCOc1ccc([C@H]2C=C(c3ccc(Cl)cc3)Nc3ncnn32)cc1,0
ZINC02259525,DUD_p38_D_3148,COc1ccc(C2=C[C@H](c3c(F)cccc3Cl)n3ncnc3N2)c(OC)c1,0
ZINC02263584,DUD_p38_D_3149,CCn1c(SCC(=O)Nc2cccc3ccccc23)nnc1-c1cccs1,0
ZINC02263639,DUD_p38_D_3150,CC(C)(C)c1ccc(-c2nnc3n2NC(c2ccc(F)cc2)=CS3)cc1,0
ZINC02264702,DUD_p38_D_3151,Cc1ccc(-c2nnc3n2NC(c2ccc4ccccc4c2)=CS3)cc1,0
ZINC02265465,DUD_p38_D_3152,COc1ccc(-n2cccc2/C=C2/NC(=O)N(c3cccc(Cl)c3)C2=O)cc1,0
ZINC02265587,DUD_p38_D_3153,CCn1cc(/C=C2\C(=O)NC(=O)N(c3ccc(F)cc3)C2=O)c2ccccc21,0
ZINC02266114,DUD_p38_D_3154,O=c1/c(=C/c2ccccc2O)sc2n1CN(c1ccc(Cl)cc1)CN=2,0
ZINC02266855,DUD_p38_D_3155,Cc1ccc(C2=N/C(=C/c3cccs3)C(=O)N2Nc2ccccc2)cc1,0
ZINC02272806,DUD_p38_D_3156,Cc1ccc(S(=O)(=O)N2NC(c3ccccc3)=C[C@@H]2c2cccc(F)c2)cc1,0
ZINC02272807,DUD_p38_D_3157,Cc1ccc(S(=O)(=O)N2NC(c3ccccc3)=C[C@H]2c2cccc(F)c2)cc1,0
ZINC02273271,DUD_p38_D_3158,Nn1c(Cc2ccccc2)nc2scc(-c3ccc(Cl)cc3)c2c1=O,0
ZINC02275807,DUD_p38_D_3159,COc1ccccc1N1C(=O)c2ccccc2N[C@H]1c1ccc(Br)cc1,0
ZINC02279012,DUD_p38_D_3160,Cc1ccccc1N1C(=O)NC(=O)/C(=C/c2ccc(-c3ccc(F)cc3)o2)C1=O,0
ZINC02279829,DUD_p38_D_3161,COc1ccc(CCn2cnc3c([nH]c4ccc(Br)cc43)c2=O)cc1,0
ZINC02279849,DUD_p38_D_3162,O=S(=O)(c1ccc(F)cc1)N1C=Cc2ccccc2[C@H]1c1c[nH]c2ccccc12,0
ZINC02282213,DUD_p38_D_3163,CNC(=S)N(CCc1ccccc1)[C@@H]1CC(=O)N(c2ccc(F)cc2)C1=O,0
ZINC02282214,DUD_p38_D_3164,CNC(=S)N(CCc1ccccc1)[C@@H]1CC(=O)N(c2ccc(F)cc2)C1=O,0
ZINC02283525,DUD_p38_D_3165,COc1ccccc1CCn1cnc2c([nH]c3ccc(Br)cc32)c1=O,0
ZINC02283567,DUD_p38_D_3166,Cc1nn(-c2ccccc2)c(Cl)c1/C=C1\C(=O)NC(=O)N(c2ccccc2)C1=O,0
ZINC02284562,DUD_p38_D_3167,CCOC(=O)c1[nH]c2ccccc2c1NC(=S)Nc1ccc(F)cc1,0
ZINC02284824,DUD_p38_D_3168,COC(=O)c1ccc(NC(=O)c2c(C)nn(-c3ccccc3)c2Cl)cc1,0
ZINC02284905,DUD_p38_D_3169,Cc1ccc(-c2csc(/C(C#N)=C/Nc3ccc4c(c3)OCO4)n2)cc1,0
ZINC02287978,DUD_p38_D_3170,COc1ccc([C@@H]2C3=C(Nc4ncnn42)c2ccccc2O[C@H]3c2ccccc2F)cc1,0
ZINC02290573,DUD_p38_D_3171,C=CCNC(=O)c1c(N)n(-c2cccc(Cl)c2)c2nc3ccccc3nc12,0
ZINC02291211,DUD_p38_D_3172,C=CCn1c(N)c(C(=O)Nc2cccc(F)c2)c2nc3ccccc3nc21,0
ZINC02291898,DUD_p38_D_3173,C=CCNC(=O)c1c(N)n(-c2cccc(F)c2)c2nc3ccccc3nc12,0
ZINC02292565,DUD_p38_D_3174,C=CCNC(=O)c1c(N)n(-c2ccc(Cl)cc2)c2nc3ccccc3nc12,0
ZINC02292855,DUD_p38_D_3175,COc1ccc([C@H]2Nc3ccccc3C(=O)N2c2ccc(Cl)cc2)cc1OC,0
ZINC02292856,DUD_p38_D_3176,COc1ccc([C@H]2Nc3ccccc3C(=O)N2c2ccc(Cl)cc2)cc1OC,0
ZINC02296194,DUD_p38_D_3177,COc1ccc([C@H]2Nc3ccccc3C(=O)N2c2ccc(Cl)cc2)c(OC)c1,0
ZINC02296195,DUD_p38_D_3178,COc1ccc([C@@H]2Nc3ccccc3C(=O)N2c2ccc(Cl)cc2)c(OC)c1,0
ZINC02298642,DUD_p38_D_3179,Cc1ccccc1N1C(=O)/C(=C/C=C\Nc2ccccc2)C(=O)NC1=S,0
ZINC02305340,DUD_p38_D_3180,Cc1ccc(N2C(=O)NC(=O)/C(=C/c3ccc(-c4ccc(F)cc4)o3)C2=O)cc1,0
ZINC02306644,DUD_p38_D_3181,Cc1cccc(N2C(=O)NC(=O)/C(=C\c3ccc(-c4ccc(F)cc4)o3)C2=O)c1C,0
ZINC02307267,DUD_p38_D_3182,CCOc1ccc([C@H]2NC(=O)c3sc(=S)n(-c4ccccc4)c3N2)cc1,0
ZINC02307268,DUD_p38_D_3183,CCOc1ccc([C@@H]2NC(=O)c3sc(=S)n(-c4ccccc4)c3N2)cc1,0
ZINC02308300,DUD_p38_D_3184,N#C/C(=C/Nc1ccc2c(c1)OCCO2)c1nc(-c2ccccc2)cs1,0
ZINC02308458,DUD_p38_D_3185,COc1ccc([C@@H]2C3=C(Nc4ncnn42)c2ccccc2O[C@H]3c2ccc(F)cc2)cc1,0
ZINC02308459,DUD_p38_D_3186,COc1ccc([C@@H]2C3=C(Nc4ncnn42)c2ccccc2O[C@@H]3c2ccc(F)cc2)cc1,0
ZINC02308659,DUD_p38_D_3187,Cc1ccccc1N1C(=O)/C(=C\c2cccn2-c2ccccc2)C(=O)NC1=S,0
ZINC02308790,DUD_p38_D_3188,CCc1ccccc1N1C(=O)NC(=O)/C(=C/c2ccc(-c3ccc(F)cc3)o2)C1=O,0
ZINC02310440,DUD_p38_D_3189,CC(=O)Nc1ccc(C(=O)N2c3ccccc3Sc3ccccc32)cc1,0
ZINC02311558,DUD_p38_D_3190,CC(=O)Nc1nc2n(n1)[C@H](c1ccccc1)C=C(c1ccc(Cl)cc1)N2,0
ZINC02311559,DUD_p38_D_3191,CC(=O)Nc1nc2n(n1)[C@@H](c1ccccc1)C=C(c1ccc(Cl)cc1)N2,0
ZINC02311802,DUD_p38_D_3192,Cc1ccc(C(=O)NC(=S)Nc2c(C)n(C)n(-c3ccccc3)c2=O)cc1,0
ZINC02313434,DUD_p38_D_3193,O=C1NC(=O)N(Cc2ccco2)C(=O)/C1=C/c1ccc(-c2ccc(Cl)cc2)o1,0
ZINC02317077,DUD_p38_D_3194,NC(=O)c1cc2c(ccc3ccccc32)o/c1=N\c1ccc(Br)cc1,0
ZINC02317561,DUD_p38_D_3195,O=C1/C(=C/c2cc3ccccc3[nH]c2=O)SC(=S)N1Cc1ccccc1,0
ZINC02319354,DUD_p38_D_3196,COc1ccccc1[C@@H]1C=C(c2ccc(Br)cc2)Nc2ncnn21,0
ZINC02319355,DUD_p38_D_3197,COc1ccccc1[C@H]1C=C(c2ccc(Br)cc2)Nc2ncnn21,0
ZINC02319444,DUD_p38_D_3198,O=C(Nc1ccc2c(c1)OCCO2)c1ccc(-c2ccc(Cl)cc2)o1,0
ZINC02319829,DUD_p38_D_3199,Cc1ccc(-n2ncc3c(Nc4ccc(Br)cc4)ncnc32)cc1,0
ZINC02320420,DUD_p38_D_3200,C=C(NNC(=O)c1cc(C)nc2ccccc12)c1ccc(Br)cc1,0
ZINC02321913,DUD_p38_D_3201,COc1cc(OC)cc(-c2n[nH]c(=S)n2-c2cccc3ccccc23)c1,0
ZINC02322921,DUD_p38_D_3202,C[C@@H]1C[C@@H](Nc2ccc(F)cc2)c2ccccc2N1C(=O)c1ccccc1,0
ZINC02322925,DUD_p38_D_3203,C[C@H]1C[C@@H](Nc2ccc(F)cc2)c2ccccc2N1C(=O)c1ccccc1,0
ZINC02323220,DUD_p38_D_3204,CCOc1cccc(-c2nnc3n2NC(c2ccc(F)cc2)=CS3)c1,0
ZINC02324593,DUD_p38_D_3205,Cc1ccc(O)c(NC(=O)c2cnn3c2N[C@@H](c2ccco2)C[C@H]3C(F)(F)F)c1,0
ZINC02324595,DUD_p38_D_3206,Cc1ccc(O)c(NC(=O)c2cnn3c2N[C@@H](c2ccco2)C[C@@H]3C(F)(F)F)c1,0
ZINC02324597,DUD_p38_D_3207,Cc1ccc(O)c(NC(=O)c2cnn3c2N[C@H](c2ccco2)C[C@@H]3C(F)(F)F)c1,0
ZINC02324598,DUD_p38_D_3208,Cc1ccc(O)c(NC(=O)c2cnn3c2N[C@H](c2ccco2)C[C@H]3C(F)(F)F)c1,0
ZINC02325224,DUD_p38_D_3209,COc1ccccc1-c1c(NC(=O)c2cccs2)n(C)c2ccccc2c1=O,0
ZINC02325991,DUD_p38_D_3210,CN1C[C@]2(Cc3c1ccc1ccccc31)C(=O)NC(=O)N(c1ccc(F)cc1)C2=O,0
ZINC02326332,DUD_p38_D_3211,C=C1Nc2ncnn2[C@H](c2cccc(Cl)c2)[C@@H]1C(=O)Nc1ccc(OC)cc1,0
ZINC02326335,DUD_p38_D_3212,C=C1Nc2ncnn2[C@H](c2cccc(Cl)c2)[C@H]1C(=O)Nc1ccc(OC)cc1,0
ZINC02326645,DUD_p38_D_3213,O=C1NC(=O)[C@@]2(Cc3ccccc3N3CCC[C@H]32)C(=O)N1c1ccc(Cl)cc1,0
ZINC02327056,DUD_p38_D_3214,Cc1ccc(CN2C(=O)[C@](O)(c3c[nH]c4ccccc34)c3ccccc32)c(C)c1,0
ZINC02327554,DUD_p38_D_3215,O=C1C[C@H](c2cccs2)C=C2Nc3ncnn3[C@H](/C=C/c3ccccc3)[C@H]12,0
ZINC02330357,DUD_p38_D_3216,Cc1ccccc1-n1c(-c2cc(-c3ccccc3)nc3ccccc23)n[nH]c1=S,0
ZINC02330601,DUD_p38_D_3217,Cc1ccc(C2=C[C@@H](c3ccco3)N(S(=O)(=O)c3ccc(Cl)cc3)N2)cc1,0
ZINC02330603,DUD_p38_D_3218,Cc1ccc(C2=C[C@H](c3ccco3)N(S(=O)(=O)c3ccc(Cl)cc3)N2)cc1,0
ZINC02331296,DUD_p38_D_3219,Cc1cccc(-c2nnc(SCC(=O)Nc3ccc(F)cc3)n2C)c1,0
ZINC02331421,DUD_p38_D_3220,COC(=O)c1[nH]c2ccc(C)cc2c1NC(=S)Nc1ccc(F)cc1,0
ZINC02331907,DUD_p38_D_3221,O=C1C[C@H](c2cccc(Cl)c2)C=C2Nc3ncnn3[C@H](/C=C/c3ccccc3)[C@H]12,0
ZINC02331939,DUD_p38_D_3222,Nc1c(C(=O)NC2CC2)c2nc3ccccc3nc2n1Cc1ccc(F)cc1,0
ZINC02333573,DUD_p38_D_3223,Cc1cccc(N2NC(C(=O)Nc3ccccc3Br)=CCC2=O)c1,0
ZINC02333781,DUD_p38_D_3224,CCc1ccc(NC(=O)C2=CCC(=O)N(c3ccc(Br)cc3)N2)cc1,0
ZINC02334034,DUD_p38_D_3225,Cn1c(NC(=O)c2ccco2)c(-c2ccccc2Cl)c(=O)c2ccccc21,0
ZINC02334868,DUD_p38_D_3226,CC1(C)C=C2Nc3nc(SCc4ccccc4)nn3[C@@H](c3ccco3)[C@H]2C(=O)C1,0
ZINC02335601,DUD_p38_D_3227,CCCNC(=O)c1c(N)n(-c2cccc(F)c2)c2nc3ccccc3nc12,0
ZINC02335806,DUD_p38_D_3228,CC(C)n1cc(/C=C2\C(=O)NC(=O)N(c3ccc(Cl)cc3)C2=O)c2ccccc21,0
ZINC02337125,DUD_p38_D_3229,Cc1c(C)n(C(=O)CSc2nnc(-c3ccccc3)[nH]2)c2ccccc12,0
ZINC02337427,DUD_p38_D_3230,COC(=O)c1[nH]c2ccc(C)cc2c1NC(=S)NCc1ccccc1,0
ZINC02337617,DUD_p38_D_3231,Cc1ccc(C)c(CN2C(=O)[C@](O)(c3c[nH]c4ccccc34)c3ccccc32)c1,0
ZINC02338233,DUD_p38_D_3232,COc1ccccc1N1CCN(c2ncnc3c2[nH]c2ccc(Cl)cc23)CC1,0
ZINC02338473,DUD_p38_D_3233,Nc1c(C(=O)NC2CC2)c2nc3ccccc3nc2n1-c1ccc(Br)cc1,0
ZINC02340238,DUD_p38_D_3234,CC1(C)C=C2NC(Nc3nc4ccccc4o3)=[NH+][C@@H](c3ccccc3Cl)[C@@H]2C(=O)C1,0
ZINC02340490,DUD_p38_D_3235,CC1(C)C=C2NC(Nc3nc4ccccc4s3)=[NH+][C@@H](c3ccco3)[C@H]2C(=O)C1,0
ZINC02341568,DUD_p38_D_3236,Cn1c(NC(=O)c2cccs2)c(-c2cccs2)c(=O)c2ccccc21,0
ZINC02341596,DUD_p38_D_3237,COc1ccccc1[C@@H]1[C@H]2C(=O)C[C@@H](c3ccc(F)cc3)C=C2Nc2ncnn21,0
ZINC02341597,DUD_p38_D_3238,COc1ccccc1[C@@H]1[C@@H]2C(=O)C[C@@H](c3ccc(F)cc3)C=C2Nc2ncnn21,0
ZINC02341598,DUD_p38_D_3239,COc1ccccc1[C@@H]1[C@@H]2C(=O)C[C@H](c3ccc(F)cc3)C=C2Nc2ncnn21,0
ZINC02341599,DUD_p38_D_3240,COc1ccccc1[C@H]1[C@H]2C(=O)C[C@H](c3ccc(F)cc3)C=C2Nc2ncnn21,0
ZINC02341794,DUD_p38_D_3241,C=C1C[C@@H](c2ccccc2)n2nc(NC(=O)c3ccc(Cl)cc3)nc2N1,0
ZINC02341795,DUD_p38_D_3242,C=C1C[C@@H](c2ccccc2)n2nc(NC(=O)c3ccc(Cl)cc3)nc2N1,0
ZINC02342907,DUD_p38_D_3243,Cc1cc(O)c(C2=C[C@@H](c3ccc(F)cc3)Sc3ccccc3N2)c(=O)o1,0
ZINC02342909,DUD_p38_D_3244,Cc1cc(O)c(C2=C[C@@H](c3ccc(F)cc3)Sc3ccccc3N2)c(=O)o1,0
ZINC02342937,DUD_p38_D_3245,Sc1nnc(-c2cc(-c3ccccc3)[nH]n2)n1-c1ccc2c(c1)OCCO2,0
ZINC02343827,DUD_p38_D_3246,O=C(C[C@H]1SC(=O)N(c2ccccc2)C1=O)NC(=S)Nc1ccccc1,0
ZINC02344478,DUD_p38_D_3247,O=C(/C=C/c1ccc(F)cc1)NC(=S)N1CCN(c2cccc[nH+]2)CC1,0
ZINC02346864,DUD_p38_D_3248,Cn1c(NC(=O)c2ccccc2F)c(-c2cccs2)c(=O)c2ccccc21,0
ZINC02347531,DUD_p38_D_3249,O=C1C[C@H](C(=O)Nc2ccc(Cl)cc2)NC(N2CCc3ccccc32)=N1,0
ZINC02347533,DUD_p38_D_3250,O=C1C[C@H](C(=O)Nc2ccc(Cl)cc2)NC(N2CCc3ccccc32)=N1,0
ZINC02348536,DUD_p38_D_3251,Cc1nn(-c2ccc(F)cc2)c(NC(=O)c2ccco2)c(-c2ccccc2)c1=O,0
ZINC02348559,DUD_p38_D_3252,CC1(C)C=C2NC(Nc3nc4ccccc4o3)=[NH+][C@H](c3cccc(F)c3)[C@H]2C(=O)C1,0
ZINC02349715,DUD_p38_D_3253,Cn1c(NC(=O)c2cccs2)c(-c2ccccc2)c(=O)c2ccccc21,0
ZINC02349841,DUD_p38_D_3254,[NH2+]=C(NOC(=O)N1c2ccccc2Sc2ccccc21)c1ccccc1Cl,0
ZINC02350931,DUD_p38_D_3255,CC1(C)C[C@@](C)(c2ccccc2)c2cccc3c2N1C(=O)/C3=C1\NC(=S)NC1=O,0
ZINC02351203,DUD_p38_D_3256,Cc1nn(-c2ccccc2)c(NC(=O)C(C)C)c(-c2ccc(Cl)cc2)c1=O,0
ZINC02351896,DUD_p38_D_3257,COc1ccc(-c2nn(C)c(=O)c3ccccc23)cc1NC(=O)c1cccs1,0
ZINC02352828,DUD_p38_D_3258,Nc1c(S(=O)(=O)c2ccccc2)c2nc3ccccc3nc2n1C1CCCC1,0
ZINC02353789,DUD_p38_D_3259,Cc1ccc(C(=O)N2NC(c3ccc(Cl)cc3)=C[C@H]2c2ccco2)cc1,0
ZINC02353790,DUD_p38_D_3260,Cc1ccc(C(=O)N2NC(c3ccc(Cl)cc3)=C[C@@H]2c2ccco2)cc1,0
ZINC02353866,DUD_p38_D_3261,COc1ccccc1C(=O)NN1C(=O)/C(=C\c2c[nH]c3ccccc23)SC1=S,0
ZINC02356688,DUD_p38_D_3262,CCOC(=O)[C@@]1(C)C=C(Nc2ccc(Br)cc2)C(=O)N1c1ccccc1,0
ZINC02356690,DUD_p38_D_3263,CCOC(=O)[C@@]1(C)C=C(Nc2ccc(Br)cc2)C(=O)N1c1ccccc1,0
ZINC02357165,DUD_p38_D_3264,COc1ccc(OC)c(-n2c(S)nnc2-c2cc(-c3ccccc3)[nH]n2)c1,0
ZINC02357165,DUD_p38_D_3265,COc1ccc(OC)c(-n2c(S)nnc2-c2cc(-c3ccccc3)n[nH]2)c1,0
ZINC02357451,DUD_p38_D_3266,Cc1ccc(C(=O)Nc2c(-c3ccccc3Cl)c(=O)c3ccccc3n2C)cc1,0
ZINC02357803,DUD_p38_D_3267,CC1(C)C=C2NC(Nc3nc4ccccc4s3)=[NH+][C@@H](c3ccc(F)cc3)[C@H]2C(=O)C1,0
ZINC02357923,DUD_p38_D_3268,C[C@H](c1ccc(F)cc1)n1c(S)nnc1-c1cc(-c2ccccc2)[nH]n1,0
ZINC02357923,DUD_p38_D_3269,C[C@H](c1ccc(F)cc1)n1c(S)nnc1-c1cc(-c2ccccc2)n[nH]1,0
ZINC02358116,DUD_p38_D_3270,C=C1C[C@H](c2ccc(Cl)cc2)n2nc(NC(=O)c3ccccc3)nc2N1,0
ZINC02358119,DUD_p38_D_3271,C=C1C[C@@H](c2ccc(Cl)cc2)n2nc(NC(=O)c3ccccc3)nc2N1,0
ZINC02358421,DUD_p38_D_3272,CSc1nc2n(n1)[C@H](c1cccc(Oc3ccccc3)c1)[C@@H]1C(=O)CCC=C1N2,0
ZINC02358907,DUD_p38_D_3273,O=C(Nc1ccc(F)cc1)c1cccc(N2C(=O)[C@@H]3[C@H]4C=C[C@@H]([C@H]5C[C@@H]45)[C@H]3C2=O)c1,0
ZINC02359814,DUD_p38_D_3274,c1ccc2nc(-c3nnc(Nc4ccc5c(c4)OCCO5)s3)ccc2c1,0
ZINC02359878,DUD_p38_D_3275,C=C1Nc2nc(C)nn2[C@H](c2cccs2)[C@H]1C(=O)Nc1ccc(F)cc1,0
ZINC02359880,DUD_p38_D_3276,C=C1Nc2nc(C)nn2[C@H](c2cccs2)[C@H]1C(=O)Nc1ccc(F)cc1,0
ZINC02359928,DUD_p38_D_3277,O=C(c1ccco1)N1CCN(c2ncnc3c2[nH]c2ccc(Cl)cc23)CC1,0
ZINC02360087,DUD_p38_D_3278,O=C1CCC=C2Nc3nc(SCc4ccccc4)nn3[C@@H](c3ccco3)[C@@H]12,0
ZINC02360088,DUD_p38_D_3279,O=C1CCC=C2Nc3nc(SCc4ccccc4)nn3[C@H](c3ccco3)[C@H]12,0
ZINC02361207,DUD_p38_D_3280,Nc1c(C(=O)NC2CC2)c2nc3ccccc3nc2n1-c1ccc(Cl)cc1,0
ZINC02363152,DUD_p38_D_3281,COc1ccc([C@@H]2Oc3ccc(F)cc3C3=C2[C@H](c2ccccc2)n2ncnc2N3)cc1,0
ZINC02363154,DUD_p38_D_3282,COc1ccc([C@H]2Oc3ccc(F)cc3C3=C2[C@@H](c2ccccc2)n2ncnc2N3)cc1,0
ZINC02364001,DUD_p38_D_3283,CCn1c(NC(=O)c2cccs2)c(-c2cccs2)c(=O)c2ccccc21,0
ZINC02364577,DUD_p38_D_3284,C[C@H](c1ccccc1)n1c(S)nnc1-c1cc(-c2cccs2)[nH]n1,0
ZINC02364577,DUD_p38_D_3285,C[C@@H](c1ccccc1)n1c(S)nnc1-c1cc(-c2cccs2)n[nH]1,0
ZINC02364577,DUD_p38_D_3286,C[C@H](c1ccccc1)n1c(S)nnc1-c1cc(-c2cccs2)n[nH]1,0
ZINC02364629,DUD_p38_D_3287,COc1ccc2nc(Cl)c([C@H]3C=C(c4ccco4)NN3C(C)=O)cc2c1,0
ZINC02364979,DUD_p38_D_3288,COc1ccc(-c2c(NC(=O)c3cccs3)n(C)c3ccccc3c2=O)cc1,0
ZINC02365467,DUD_p38_D_3289,O=C1C[C@H](c2ccc(Cl)cc2)C=C2Nc3ncnn3[C@H](c3ccccc3)[C@@H]12,0
ZINC02365470,DUD_p38_D_3290,O=C1C[C@@H](c2ccc(Cl)cc2)C=C2Nc3ncnn3[C@@H](c3ccccc3)[C@H]12,0
ZINC02365473,DUD_p38_D_3291,O=C1C[C@H](c2ccc(Cl)cc2)C=C2Nc3ncnn3[C@H](c3ccccc3)[C@H]12,0
ZINC02365476,DUD_p38_D_3292,O=C1C[C@@H](c2ccc(Cl)cc2)C=C2Nc3ncnn3[C@@H](c3ccccc3)[C@H]12,0
ZINC02366129,DUD_p38_D_3293,Cc1c(NC(=S)NC(=O)c2cccs2)c(=O)n(-c2ccccc2)n1C,0
ZINC02367308,DUD_p38_D_3294,COc1ccc(CNc2ncnc3c2[nH]c2ccc(Br)cc23)cc1,0
ZINC02369074,DUD_p38_D_3295,CC(=O)N1NC(c2ccco2)=C[C@H]1c1cc2cccc(C)c2nc1Cl,0
ZINC02371326,DUD_p38_D_3296,CCn1nc(NC(=O)c2ccc(Cl)cc2)c2cc3ccccc3nc21,0
ZINC02372425,DUD_p38_D_3297,O=C1NC(=S)N(C2CC2)C(=O)/C1=C/c1c(-c2ccccc2)[nH]c2ccccc12,0
ZINC02373396,DUD_p38_D_3298,Oc1ccccc1-c1nc2c3c(ncn2n1)-c1ccccc1CC31CCCC1,0
ZINC02374178,DUD_p38_D_3299,Oc1ccc(-c2nc3c4c(ncn3n2)-c2ccccc2CC42CCCC2)cc1,0
ZINC02375815,DUD_p38_D_3300,COc1ccccc1C1=C[C@@H](c2ccco2)N(C(=O)c2ccccc2Cl)N1,0
ZINC02375817,DUD_p38_D_3301,COc1ccccc1C1=C[C@@H](c2ccco2)N(C(=O)c2ccccc2Cl)N1,0
ZINC02377626,DUD_p38_D_3302,O=C(N[C@@H]1CCCc2ccccc21)C1=CCC(=O)N(c2ccc(Cl)cc2)N1,0
ZINC02377628,DUD_p38_D_3303,O=C(N[C@@H]1CCCc2ccccc21)C1=CCC(=O)N(c2ccc(Cl)cc2)N1,0
ZINC02379363,DUD_p38_D_3304,Cc1ccccc1-c1nnc2n1NC(c1ccc3ccccc3c1)=CS2,0
ZINC02380855,DUD_p38_D_3305,COc1ccc(CNC(=O)c2sc(=S)n(-c3ccccc3)c2N)cc1,0
ZINC02380966,DUD_p38_D_3306,COC(=O)c1ccccc1NC(=S)NCCc1c[nH]c2ccccc12,0
ZINC02380995,DUD_p38_D_3307,Nc1c(C(=O)Nc2cccc3ccccc23)sc(=S)n1-c1ccccc1,0
ZINC02388169,DUD_p38_D_3308,O=C1C(Nc2ccc(Cl)cc2)=C([n+]2ccccc2)C(=O)N1c1ccc2c(c1)OCO2,0
ZINC02388171,DUD_p38_D_3309,O=C1C(Nc2cccc(F)c2)=C([n+]2ccccc2)C(=O)N1Cc1ccco1,0
ZINC02388188,DUD_p38_D_3310,COc1ccc(NC2=C([n+]3ccc(C)cc3)C(=O)N(c3ccc(F)c(F)c3)C2=O)cc1,0
ZINC02393149,DUD_p38_D_3311,Cc1ccc(Cl)cc1NC(=O)CSc1ncnc2c1oc1ccccc12,0
ZINC02393242,DUD_p38_D_3312,Cc1ccc(Cl)cc1-n1ncc2c1ncn1nc(-c3cccc(O)c3)nc21,0
ZINC02394771,DUD_p38_D_3313,O=C(N/N=C\c1ccccc1C(F)(F)F)[C@@H]1CC(=O)N(c2ccccc2)C1,0
ZINC02394773,DUD_p38_D_3314,O=C(N/N=C/c1ccccc1C(F)(F)F)[C@@H]1CC(=O)N(c2ccccc2)C1,0
ZINC02395150,DUD_p38_D_3315,CCCNC(=O)c1c(N)n(-c2ccc(F)cc2)c2nc3ccccc3nc12,0
ZINC02396505,DUD_p38_D_3316,CCCNC(=O)c1c(N)n(-c2ccccc2F)c2nc3ccccc3nc12,0
ZINC02397691,DUD_p38_D_3317,COc1ccccc1-c1nnc2n1NC(c1ccc3ccccc3c1)=CS2,0
ZINC02399846,DUD_p38_D_3318,Cc1cc(NC(=O)C2=CCC(=O)N(c3ccccc3)N2)ccc1Br,0
ZINC02400123,DUD_p38_D_3319,Cc1ccc(C)c(NC(=O)CSc2ncnc3c2oc2ccccc23)c1,0
ZINC02400155,DUD_p38_D_3320,Cc1cccc(NC(=O)C2=CCC(=O)N(c3ccc(Br)cc3)N2)c1,0
ZINC02401156,DUD_p38_D_3321,Cn1nc(-c2ccc(C(=O)Nc3ccc(F)cc3)cc2)c2ccccc2c1=O,0
ZINC02401932,DUD_p38_D_3322,Cc1nc(Nc2ccc(Br)cc2)sc1C(=O)Nc1ccccc1,0
ZINC02402547,DUD_p38_D_3323,Cc1cccc(Nc2ncc3c(n2)C[C@H](c2ccc(F)cc2)CC3=O)c1,0
ZINC02402548,DUD_p38_D_3324,Cc1cccc(Nc2ncc3c(n2)C[C@H](c2ccc(F)cc2)CC3=O)c1,0
ZINC02403138,DUD_p38_D_3325,O=C(CSc1ncnc2c1oc1ccccc12)Nc1cccc(Cl)c1,0
ZINC02403521,DUD_p38_D_3326,CC(C)(C)c1ccc(-c2nnc3n2NC(c2ccccc2)=CS3)cc1,0
ZINC02403649,DUD_p38_D_3327,CC[C@H](C)NC(=O)c1c(N)n(-c2ccccc2F)c2nc3ccccc3nc12,0
ZINC02403650,DUD_p38_D_3328,CC[C@@H](C)NC(=O)c1c(N)n(-c2ccccc2F)c2nc3ccccc3nc12,0
ZINC02404098,DUD_p38_D_3329,Cc1cccc2cc3c(NC(=O)c4ccccc4Br)nn(C)c3nc12,0
ZINC02404327,DUD_p38_D_3330,Cc1c(Cl)cccc1NC(=O)CSc1ncnc2c1oc1ccccc12,0
ZINC02404447,DUD_p38_D_3331,O=C(Nc1cccc2ccccc12)C1=CCC(=O)N(c2ccc(Cl)cc2)N1,0
ZINC02404619,DUD_p38_D_3332,O=C(N[C@@H]1CCCc2ccccc21)C1=CCC(=O)N(c2ccc(Br)cc2)N1,0
ZINC02404712,DUD_p38_D_3333,CCOc1cccc(-c2nnc3n2NC(c2ccccc2Cl)=CS3)c1,0
ZINC02405321,DUD_p38_D_3334,O=C(Nc1ccc(F)cc1F)c1cccc(-c2cc3ccccc3oc2=O)c1,0
ZINC02405371,DUD_p38_D_3335,Cc1ccc(-n2nc(C)c3cc(C(=O)NCc4ccco4)sc32)cc1,0
ZINC02406269,DUD_p38_D_3336,O=C(CSc1ncnc2c1oc1ccccc12)Nc1cccc(F)c1,0
ZINC02406641,DUD_p38_D_3337,Cc1ccc(N2NC(C(=O)Nc3ccc(Br)cc3)=CCC2=O)cc1,0
ZINC02406845,DUD_p38_D_3338,O=C1CCC=C2NC(Nc3nc4ccccc4s3)=[NH+][C@H](c3ccc(F)cc3)[C@H]12,0
ZINC02406846,DUD_p38_D_3339,O=C1CCC=C2NC(Nc3nc4ccccc4s3)=[NH+][C@H](c3ccc(F)cc3)[C@@H]12,0
ZINC02407696,DUD_p38_D_3340,C=CCn1c(N)c(S(=O)(=O)c2ccc(Cl)cc2)c2nc3ccccc3nc21,0
ZINC02407922,DUD_p38_D_3341,Cc1ccccc1N(Cc1cc(=O)[nH]c2ccccc12)C(=O)c1ccc(Cl)cc1,0
ZINC02407995,DUD_p38_D_3342,Cc1cccc(N2NC(C(=O)Nc3ccc(Br)cc3)=CCC2=O)c1,0
ZINC02408212,DUD_p38_D_3343,CC(C)Cn1nc(NC(=O)c2cccs2)c2cc3ccccc3nc21,0
ZINC02408546,DUD_p38_D_3344,COc1ccc(-n2c(N)c(C(=O)Nc3ccc4ccccc4c3)sc2=S)cc1,0
ZINC02409766,DUD_p38_D_3345,CC(=O)Nc1nc2n(n1)[C@@H](c1ccc(Cl)cc1)C[C@H](c1ccccc1)N2,0
ZINC02409769,DUD_p38_D_3346,CC(=O)Nc1nc2n(n1)[C@@H](c1ccc(Cl)cc1)C[C@@H](c1ccccc1)N2,0
ZINC02410780,DUD_p38_D_3347,Cc1cc(C)cc(NC(=O)CSc2ncnc3c2oc2ccccc23)c1,0
ZINC02410947,DUD_p38_D_3348,Nc1c(S(=O)(=O)c2cccs2)c2nc3ccccc3nc2n1C1CCCCC1,0
ZINC02412328,DUD_p38_D_3349,Cc1ccc(NC(=O)CSc2ncnc3c2oc2ccccc23)cc1Cl,0
ZINC02412351,DUD_p38_D_3350,Cc1ccccc1N1NC(C(=O)Nc2ccc(Br)cc2)=CCC1=O,0
ZINC02412455,DUD_p38_D_3351,O=C(c1ccccc1)N1NC(c2cc(Cl)ccc2O)=C[C@@H]1c1ccccc1,0
ZINC02412475,DUD_p38_D_3352,COc1ccc([C@H]2C=C(c3ccccc3Cl)Nc3ncnn32)cc1OC,0
ZINC02412476,DUD_p38_D_3353,COc1ccc([C@H]2C=C(c3ccccc3Cl)Nc3ncnn32)cc1OC,0
ZINC02413118,DUD_p38_D_3354,O=C1CCC=C2NC(Nc3nc4ccccc4o3)=[NH+][C@H](c3ccc(Cl)cc3)[C@@H]12,0
ZINC02413119,DUD_p38_D_3355,O=C1CCC=C2NC(Nc3nc4ccccc4o3)=[NH+][C@H](c3ccc(Cl)cc3)[C@@H]12,0
ZINC02414246,DUD_p38_D_3356,Cc1ccccc1-n1nc(C)c2cc(C(=O)Nc3ccc(F)cc3)sc21,0
ZINC02414923,DUD_p38_D_3357,Nc1c(S(=O)(=O)c2ccc(F)cc2)c2nc3ccccc3nc2n1C1CCCCC1,0
ZINC02415692,DUD_p38_D_3358,Cc1nn(-c2ccccc2)c2sc(C(=O)NCc3cccs3)cc12,0
ZINC02416561,DUD_p38_D_3359,Cc1nn(-c2ccccc2)c2sc(C(=O)NCc3ccc(F)cc3)cc12,0
ZINC02416775,DUD_p38_D_3360,Cc1ccc(C)c(NC(=O)C2=CCC(=O)N(c3ccc(Br)cc3)N2)c1,0
ZINC02417657,DUD_p38_D_3361,Fc1ccc([C@H]2C=C(c3ccc(-c4ccccc4)cc3)Nc3nnnn32)cc1,0
ZINC02417658,DUD_p38_D_3362,Fc1ccc([C@H]2C=C(c3ccc(-c4ccccc4)cc3)Nc3nnnn32)cc1,0
ZINC02417997,DUD_p38_D_3363,CC1(C)C=C2NC(Nc3ccc(F)cc3)=[NH+][C@@H](c3ccccc3)[C@@H]2C(=O)C1,0
ZINC02417998,DUD_p38_D_3364,CC1(C)C=C2NC(Nc3ccc(F)cc3)=[NH+][C@@H](c3ccccc3)[C@@H]2C(=O)C1,0
ZINC02418836,DUD_p38_D_3365,Cc1nn(-c2ccc(Cl)cc2)c2sc(C(=O)NCc3ccco3)cc12,0
ZINC02419847,DUD_p38_D_3366,Cc1cccc2cc3c(NC(=O)c4ccccc4Cl)nn(C)c3nc12,0
ZINC02423008,DUD_p38_D_3367,CCc1ccc(NC(=O)C2=CCC(=O)N(c3ccc(Cl)cc3)N2)cc1,0
ZINC02423425,DUD_p38_D_3368,Cc1ccc([C@@H]2[NH+]=C(Nc3nc4ccccc4s3)NC3=CCCC(=O)[C@H]32)cc1,0
ZINC02423829,DUD_p38_D_3369,O=C(NCc1ccccc1)C1=CCC(=O)N(c2ccc(Br)cc2)N1,0
ZINC02424007,DUD_p38_D_3370,Cc1ccccc1-n1nc(C)c2cc(C(=O)NCc3ccco3)sc21,0
ZINC02424076,DUD_p38_D_3371,Cc1ccc(NC(=O)C2=CCC(=O)N(c3ccc(Br)cc3)N2)cc1,0
ZINC02424795,DUD_p38_D_3372,O=C(c1ccco1)N1CCN(c2ncnc3c2[nH]c2ccc(F)cc23)CC1,0
ZINC02424806,DUD_p38_D_3373,Cc1cccc(-n2nc(C)c3cc(C(=O)NCc4ccco4)sc32)c1,0
ZINC02424856,DUD_p38_D_3374,O=C(NCc1ccc(F)cc1)C1=CCC(=O)N(c2ccc(Cl)cc2)N1,0
ZINC02426971,DUD_p38_D_3375,COc1ccc(Nc2ncc3c(n2)C[C@H](c2ccc(F)cc2)CC3=O)cc1,0
ZINC02426972,DUD_p38_D_3376,COc1ccc(Nc2ncc3c(n2)C[C@H](c2ccc(F)cc2)CC3=O)cc1,0
ZINC02427742,DUD_p38_D_3377,Cc1ccc(S(=O)(=O)n2c3ccccc3c3[nH]c4ccc(C)cc4c32)cc1,0
ZINC02430229,DUD_p38_D_3378,C[C@]1(C(=O)Nc2ncc(Cc3ccc(F)cc3)s2)Cc2ccccc2C(=O)O1,0
ZINC02431906,DUD_p38_D_3379,COc1cccc(C2=C[C@H](c3cccc(Br)c3)n3ncnc3N2)c1,0
ZINC02431909,DUD_p38_D_3380,COc1cccc(C2=C[C@@H](c3cccc(Br)c3)n3ncnc3N2)c1,0
ZINC02432169,DUD_p38_D_3381,Cc1cccc(NC(=O)CSc2ncnc3c2oc2ccccc23)c1C,0
ZINC02432956,DUD_p38_D_3382,Cc1ccc([C@H]2[NH+]=C(Nc3nc4ccccc4s3)Nc3c(C)coc(=O)c32)cc1,0
ZINC02433627,DUD_p38_D_3383,Cc1ccc(N2NC(C(=O)Nc3cccc(Br)c3)=CCC2=O)cc1,0
ZINC02433758,DUD_p38_D_3384,CCn1c(NC(=O)c2ccc(F)cc2)c(-c2ccccc2)c(=O)c2ccccc21,0
ZINC02434210,DUD_p38_D_3385,Cc1ccc(C(=O)Nc2c(-c3cccs3)c(=O)c3ccccc3n2C)cc1,0
ZINC02435834,DUD_p38_D_3386,COc1ccc(C(=O)Nc2c(-c3cccs3)c(=O)c3ccccc3n2C)cc1,0
ZINC02436017,DUD_p38_D_3387,Cn1c(NC(=O)c2ccccc2F)c(-c2ccccc2Cl)c(=O)c2ccccc21,0
ZINC02436276,DUD_p38_D_3388,CC(=O)Nc1ccc(Nc2ncnc3c2oc2ccc(Cl)cc23)cc1,0
ZINC02437493,DUD_p38_D_3389,Cc1ccccc1[C@@H]1C=C2Nc3ncnn3[C@H](c3ccccc3F)[C@H]2C(=O)C1,0
ZINC02438233,DUD_p38_D_3390,Cc1cccc(-c2nnc3n2NC(c2ccc4ccccc4c2)=CS3)c1,0
ZINC02438375,DUD_p38_D_3391,CC(C)Oc1cccc(-c2nnc3n2NC(c2ccccc2)=CS3)c1,0
ZINC02438431,DUD_p38_D_3392,Cc1[nH]n(-c2nc3ccccc3s2)c(=O)c1Cc1cccc2ccccc12,0
ZINC02439327,DUD_p38_D_3393,Cc1nn(-c2ccc(Cl)cc2)c(NC(=O)C(C)C)c(-c2ccccc2)c1=O,0
ZINC02439427,DUD_p38_D_3394,Cc1nc(SCC(=O)Nc2ccc(F)cc2)c2oc3ccccc3c2n1,0
ZINC02440536,DUD_p38_D_3395,O=C1CCC=C2Nc3nc(SCc4ccccc4)nn3[C@@H](c3cccc(F)c3)[C@@H]12,0
ZINC02440539,DUD_p38_D_3396,O=C1CCC=C2Nc3nc(SCc4ccccc4)nn3[C@@H](c3cccc(F)c3)[C@@H]12,0
ZINC02440574,DUD_p38_D_3397,Cc1ccccc1[C@@H]1C=C2Nc3ncnn3[C@@H](c3ccccc3Cl)[C@H]2C(=O)C1,0
ZINC02440577,DUD_p38_D_3398,Cc1ccccc1[C@@H]1C=C2Nc3ncnn3[C@@H](c3ccccc3Cl)[C@@H]2C(=O)C1,0
ZINC02440578,DUD_p38_D_3399,Cc1ccccc1[C@H]1C=C2Nc3ncnn3[C@H](c3ccccc3Cl)[C@@H]2C(=O)C1,0
ZINC02440580,DUD_p38_D_3400,Cc1ccccc1[C@H]1C=C2Nc3ncnn3[C@H](c3ccccc3Cl)[C@H]2C(=O)C1,0
ZINC02441030,DUD_p38_D_3401,Cn1c(NC(=O)c2ccc(Cl)cc2)c(-c2ccccc2)c(=O)c2ccccc21,0
ZINC02442893,DUD_p38_D_3402,Cc1ccccc1C(=O)Nc1c(-c2ccc(Cl)cc2)c(=O)c2ccccc2n1C,0
ZINC02443907,DUD_p38_D_3403,O=C1CCC=C2NC(Nc3nc4ccccc4s3)=[NH+][C@H](c3cc(F)cc(F)c3)[C@@H]12,0
ZINC02444554,DUD_p38_D_3404,Cc1ccccc1C(=O)Nc1c(-c2cccs2)c(=O)c2ccccc2n1C,0
ZINC02444576,DUD_p38_D_3405,Cc1ccc2nc3c(cc2c1)c(NC(=O)c1ccccc1Br)nn3C,0
ZINC02444853,DUD_p38_D_3406,Cn1c(SCC(=O)Nc2cccc(Br)c2)nnc1-c1ccccc1,0
ZINC02445048,DUD_p38_D_3407,Cn1c(NC(=O)c2ccco2)c(-c2ccc(Cl)cc2)c(=O)c2ccccc21,0
ZINC02446347,DUD_p38_D_3408,Cc1ccc2cc3c(NC(=O)c4ccc(Cl)cc4)nn(C)c3nc2c1,0
ZINC02446515,DUD_p38_D_3409,O=C(CSc1nc2cc(Cl)cnc2[nH]1)Nc1cccc2ccccc12,0
ZINC02446515,DUD_p38_D_3410,O=C(CSc1[nH]c2cc(Cl)cnc2[nH+]1)Nc1cccc2ccccc12,0
ZINC02446624,DUD_p38_D_3411,Cc1cccc(NC(=O)CSc2nnc(-c3ccccc3Cl)n2C)c1,0
ZINC02447662,DUD_p38_D_3412,O=C1NC(=O)N(Cc2ccccc2)C(=O)/C1=C\c1ccc(-c2ccc(F)cc2)o1,0
ZINC02448783,DUD_p38_D_3413,Cc1nn(-c2ccc(Br)cc2)c2sc(C(=O)NCc3ccco3)cc12,0
ZINC02449086,DUD_p38_D_3414,CC(C)c1ccc(NC(=O)C2=CCC(=O)N(c3ccc(Cl)cc3)N2)cc1,0
ZINC02449780,DUD_p38_D_3415,Cc1ccccc1NC(=O)Cn1c2c(sc1=O)[C@H]1c3ccccc3OC[C@H]1CS2,0
ZINC02451017,DUD_p38_D_3416,O=C1C[C@H](c2ccccc2Cl)Cc2nc(NCc3ccco3)ncc21,0
ZINC02451018,DUD_p38_D_3417,O=C1C[C@@H](c2ccccc2Cl)Cc2nc(NCc3ccco3)ncc21,0
ZINC02452275,DUD_p38_D_3418,C=CCNC(=O)c1cnn(-c2ccccc2)c1NC(=O)c1cccc(F)c1,0
ZINC02453481,DUD_p38_D_3419,Cc1ccc(NC(=O)CSc2nnc(-c3ccccc3Cl)n2C)cc1,0
ZINC02454143,DUD_p38_D_3420,O=C1CCC=C2NC(Nc3nc4ccccc4s3)=[NH+][C@@H](c3ccccc3Cl)[C@@H]12,0
ZINC02454144,DUD_p38_D_3421,O=C1CCC=C2NC(Nc3nc4ccccc4s3)=[NH+][C@H](c3ccccc3Cl)[C@H]12,0
ZINC02455175,DUD_p38_D_3422,CCOc1ccc(-n2c(S)nc3c([nH]c4ccccc43)c2=O)cc1,0
ZINC02455967,DUD_p38_D_3423,CCOc1ccc(-n2c(S)nnc2-c2c[nH]c3ccccc23)cc1,0
ZINC02456053,DUD_p38_D_3424,CSc1cccc(NC(=O)[C@@H]2c3ccccc3C(=O)N3CCc4ccccc4[C@H]23)c1,0
ZINC02456081,DUD_p38_D_3425,O=C(Nc1ccc(Cl)cn1)[C@@H]1c2ccccc2C(=O)N2CCc3ccccc3[C@@H]12,0
ZINC02456082,DUD_p38_D_3426,O=C(Nc1ccc(Cl)cn1)[C@H]1c2ccccc2C(=O)N2CCc3ccccc3[C@@H]12,0
ZINC02456084,DUD_p38_D_3427,O=C(Nc1ccc(Cl)cn1)[C@@H]1c2ccccc2C(=O)N2CCc3ccccc3[C@H]12,0
ZINC02456085,DUD_p38_D_3428,O=C(Nc1ccc(Cl)cn1)[C@@H]1c2ccccc2C(=O)N2CCc3ccccc3[C@H]12,0
ZINC02456692,DUD_p38_D_3429,O=C1CN(C(=O)c2cccc(F)c2)[C@H](c2ccccc2)c2cc(F)ccc2N1,0
ZINC02456694,DUD_p38_D_3430,O=C1CN(C(=O)c2cccc(F)c2)[C@H](c2ccccc2)c2cc(F)ccc2N1,0
ZINC02456713,DUD_p38_D_3431,Cc1ccc(C(=O)N2CC(=O)Nc3ccc(F)cc3[C@H]2c2ccc(F)cc2)cc1C,0
ZINC02456716,DUD_p38_D_3432,Cc1ccc(C(=O)N2CC(=O)Nc3ccc(F)cc3[C@@H]2c2ccc(F)cc2)cc1C,0
ZINC02460031,DUD_p38_D_3433,CN1C(=O)c2ccccc2[C@@H](C(=O)Nc2ccc(F)cc2F)[C@@H]1c1cccs1,0
ZINC02460426,DUD_p38_D_3434,Clc1ccc(-c2[nH]c3cncc[n+]3c2Nc2ccc3c(c2)OCO3)cc1,0
ZINC02460541,DUD_p38_D_3435,CSc1ccc(-c2[nH]c3cncc[n+]3c2Nc2ccc3c(c2)OCO3)cc1,0
ZINC02460547,DUD_p38_D_3436,COc1ccc(-c2[nH]c3cncc[n+]3c2Nc2ccc3c(c2)OCCO3)cc1,0
ZINC02460583,DUD_p38_D_3437,Clc1ccc(-c2[nH]c3cncc[n+]3c2Nc2ccc3c(c2)OCCO3)cc1,0
ZINC02460593,DUD_p38_D_3438,CSc1ccc(-c2[nH]c3cncc[n+]3c2Nc2ccc3c(c2)OCCO3)cc1,0
ZINC02460596,DUD_p38_D_3439,Clc1ccc(-c2[nH]c3cncc[n+]3c2Nc2ccc3c(c2)OCCO3)s1,0
ZINC02460698,DUD_p38_D_3440,c1ccc(Nc2c(-c3ccc(N4CCOCC4)cc3)[nH]c3cncc[n+]23)cc1,0
ZINC02461584,DUD_p38_D_3441,O=C(Nc1c(-c2ccc(F)cc2)[nH]c2cccc[n+]12)c1ccc2c(c1)OCO2,0
ZINC02461656,DUD_p38_D_3442,Cc1cc[n+]2c(NC(=O)c3ccc4c(c3)OCO4)c(-c3cccs3)[nH]c2c1,0
ZINC02462960,DUD_p38_D_3443,CCOC(=O)C1=C(N)Oc2c(c(=O)oc3ccccc23)[C@H]1c1c(F)cccc1Cl,0
ZINC02464029,DUD_p38_D_3444,O=C(Nc1ccccc1)C1CCN(c2nc3ccsc3c(=O)s2)CC1,0
ZINC02465424,DUD_p38_D_3445,Cn1cc(C(=O)Nc2ccc(F)c(Cl)c2)c2c3ccccc3n(C)c2c1=O,0
ZINC02465636,DUD_p38_D_3446,Cc1nn(Cc2ccc(F)cc2)c(C)c1NC(=O)c1cc(-c2ccco2)on1,0
ZINC02465639,DUD_p38_D_3447,Cc1nn(Cc2ccc(Cl)cc2)c(C)c1NC(=O)c1cc(-c2ccco2)on1,0
ZINC02465678,DUD_p38_D_3448,Cc1cc(NC(=O)c2cc(-c3cccs3)on2)n(-c2ccccc2)n1,0
ZINC02465994,DUD_p38_D_3449,Cc1cc(NC(=O)c2noc3c2CCc2ccccc2-3)n(-c2ccccc2)n1,0
ZINC02466046,DUD_p38_D_3450,COc1ccc2c(c1)CCc1c(C(=O)Nc3ccc(Br)cc3)noc1-2,0
ZINC02466487,DUD_p38_D_3451,CSc1ccc(-c2[nH]c3ncnn3c2Nc2ccc(C)cc2)cc1,0
ZINC02466525,DUD_p38_D_3452,O=C(Nc1cccc(Cl)c1)[C@H]1c2ccccc2C(=O)N2CCc3ccccc3[C@@H]12,0
ZINC02466549,DUD_p38_D_3453,O=C(Nc1ccc(F)cc1F)[C@@H]1c2ccccc2C(=O)N2CCc3ccccc3[C@H]12,0
ZINC02466559,DUD_p38_D_3454,O=C(Nc1ccccc1F)[C@@H]1c2ccccc2C(=O)N2CCc3ccccc3[C@@H]12,0
ZINC02466913,DUD_p38_D_3455,Cc1cccn2c(=O)c3cc(C(=O)NCc4ccc(F)cc4)sc3nc12,0
ZINC02467175,DUD_p38_D_3456,O=C(CSc1ncnc2c1oc1ccccc12)Nc1ccc2c(c1)OCCO2,0
ZINC02469041,DUD_p38_D_3457,Brc1ccc(-c2[nH]c3nccc[n+]3c2Nc2ccc3c(c2)OCCO3)o1,0
ZINC02469529,DUD_p38_D_3458,Cc1c(C(=O)OCc2ccccc2)[nH]c2c1C(=O)C[C@@H](c1cccs1)C2,0
ZINC02469530,DUD_p38_D_3459,Cc1c(C(=O)OCc2ccccc2)[nH]c2c1C(=O)C[C@H](c1cccs1)C2,0
ZINC02471814,DUD_p38_D_3460,CCOc1ccc([C@@H]2C[C@@H](c3ccccc3Cl)n3ncnc3N2)cc1,0
ZINC02471816,DUD_p38_D_3461,CCOc1ccc([C@H]2C[C@H](c3ccccc3Cl)n3ncnc3N2)cc1,0
ZINC02471820,DUD_p38_D_3462,CCOc1ccc([C@@H]2C[C@@H](c3ccccc3Cl)n3ncnc3N2)cc1,0
ZINC02471822,DUD_p38_D_3463,CCOc1ccc([C@H]2C[C@@H](c3ccccc3Cl)n3ncnc3N2)cc1,0
ZINC02471918,DUD_p38_D_3464,CCOc1ccc([C@H]2C[C@H](c3ccccc3Cl)Nc3ncnn32)cc1,0
ZINC02471919,DUD_p38_D_3465,CCOc1ccc([C@@H]2C[C@@H](c3ccccc3Cl)Nc3ncnn32)cc1,0
ZINC02471921,DUD_p38_D_3466,CCOc1ccc([C@@H]2C[C@H](c3ccccc3Cl)Nc3ncnn32)cc1,0
ZINC02471923,DUD_p38_D_3467,CCOc1ccc([C@H]2C[C@H](c3ccccc3Cl)Nc3ncnn32)cc1,0
ZINC02471924,DUD_p38_D_3468,CCOc1ccccc1[C@@H]1C[C@@H](c2ccccc2Cl)Nc2ncnn21,0
ZINC02471926,DUD_p38_D_3469,CCOc1ccccc1[C@@H]1C[C@@H](c2ccccc2Cl)Nc2ncnn21,0
ZINC02471928,DUD_p38_D_3470,CCOc1ccccc1[C@H]1C[C@H](c2ccccc2Cl)Nc2ncnn21,0
ZINC02471929,DUD_p38_D_3471,CCOc1ccccc1[C@@H]1C[C@@H](c2ccccc2Cl)Nc2ncnn21,0
ZINC02472631,DUD_p38_D_3472,CC1(C)CC(=O)[C@@H]2C(=Nc3nn(-c4ccccc4)c(O)c3[C@@H]2c2cccs2)C1,0
ZINC02476885,DUD_p38_D_3473,COC(=O)C1=C(N)OC2=C(C(=O)C[C@@H](c3ccccc3)C2)[C@@H]1c1ccccc1Cl,0
ZINC02483655,DUD_p38_D_3474,O=C(Nc1nc2ccc3ccccc3c2s1)c1ccc2c(c1)OCCO2,0
ZINC02485409,DUD_p38_D_3475,C[C@H](NC(=O)c1cnn2c(C(F)F)cc(-c3ccccc3)nc12)c1ccccc1,0
ZINC02487976,DUD_p38_D_3476,OCCCc1nc2n(n1)[C@@H](c1ccccc1)C=C(c1ccc(F)cc1)N2,0
ZINC02488017,DUD_p38_D_3477,OCCCc1nc2n(n1)[C@@H](c1cccc(Cl)c1)C=C(c1ccccc1)N2,0
ZINC02488020,DUD_p38_D_3478,OCCCc1nc2n(n1)[C@@H](c1cccc(Cl)c1)C=C(c1ccccc1)N2,0
ZINC02488514,DUD_p38_D_3479,CCc1ccc2c(c1)[C@]1(NN=C(c3cccc4ccccc34)S1)C(=O)N2,0
ZINC02488516,DUD_p38_D_3480,CCc1ccc2c(c1)[C@]1(NN=C(c3cccc4ccccc34)S1)C(=O)N2,0
ZINC02493629,DUD_p38_D_3481,CC(C)c1ccc(C2=C[C@@H](c3cccc(Br)c3)n3nnnc3N2)cc1,0
ZINC02493631,DUD_p38_D_3482,CC(C)c1ccc(C2=C[C@H](c3cccc(Br)c3)n3nnnc3N2)cc1,0
ZINC02494129,DUD_p38_D_3483,O=C1CN(C(=O)c2ccccc2)[C@H](c2ccc(F)cc2)c2cc(F)ccc2N1,0
ZINC02494130,DUD_p38_D_3484,O=C1CN(C(=O)c2ccccc2)[C@@H](c2ccc(F)cc2)c2cc(F)ccc2N1,0
ZINC02494135,DUD_p38_D_3485,O=C1CN(C(=O)c2ccc(F)cc2)[C@@H](c2ccccc2)c2cc(F)ccc2N1,0
ZINC02494671,DUD_p38_D_3486,CSc1ccccc1NC(=O)c1cc2c(=O)oc3ccccc3c2s1,0
ZINC02499578,DUD_p38_D_3487,Fc1ccc(-c2nnc3ccc(NCc4ccc(Cl)cc4)nn23)cc1,0
ZINC02500076,DUD_p38_D_3488,CC(C)c1ccc([C@H]2C[C@H](c3cccc(Cl)c3)n3nnnc3N2)cc1,0
ZINC02500125,DUD_p38_D_3489,O=c1[nH]c2ccc(N3CCc4ccccc4C3)[nH+]c2nc1Cc1ccccc1,0
ZINC02500125,DUD_p38_D_3490,Oc1nc2ccc(N3CCc4ccccc4C3)[nH+]c2nc1Cc1ccccc1,0
ZINC02500128,DUD_p38_D_3491,O=c1[nH]c2ccc(N3CCc4ccccc4C3)nc2nc1Cc1ccc(F)cc1,0
ZINC02500128,DUD_p38_D_3492,Oc1nc2ccc(N3CCc4ccccc4C3)[nH+]c2nc1Cc1ccc(F)cc1,0
ZINC02500128,DUD_p38_D_3493,O=c1[nH]c2ccc(N3CCc4ccccc4C3)[nH+]c2nc1Cc1ccc(F)cc1,0
ZINC02500128,DUD_p38_D_3494,Oc1nc2ccc(N3CCc4ccccc4C3)nc2nc1Cc1ccc(F)cc1,0
ZINC02500140,DUD_p38_D_3495,CN(Cc1ccccc1)c1ccc2[nH]c(=O)c(Cc3ccc(F)cc3)nc2n1,0
ZINC02500140,DUD_p38_D_3496,CN(Cc1ccccc1)c1ccc2nc(O)c(Cc3ccc(F)cc3)nc2[nH+]1,0
ZINC02500140,DUD_p38_D_3497,CN(Cc1ccccc1)c1ccc2[nH]c(=O)c(Cc3ccc(F)cc3)nc2[nH+]1,0
ZINC02500251,DUD_p38_D_3498,Cc1nc2[nH+]c(N3CC=C(c4ccc(Cl)cc4)CC3)ccc2[nH]c1=O,0
ZINC02500251,DUD_p38_D_3499,Cc1nc2[nH+]c(N3CC=C(c4ccc(Cl)cc4)CC3)ccc2nc1O,0
ZINC02500417,DUD_p38_D_3500,O=C(Nc1ccccc1F)c1nn(-c2ccc(Cl)cc2)c(=O)c2ccccc12,0
ZINC02500519,DUD_p38_D_3501,CC1(C)CC(=O)C2=C(C1)N=C(Nc1nc3ccccc3o1)N[C@@H]2c1ccccc1,0
ZINC02500700,DUD_p38_D_3502,COc1ccc([N+](=O)[O-])cc1[C@H]1NN=C(c2cccc3ccccc23)S1,0
ZINC02500760,DUD_p38_D_3503,O=C(CSc1nc2ccccc2o1)Nc1nc(-c2ccccc2)cs1,0
ZINC02501393,DUD_p38_D_3504,COc1ccc([C@@H]2C=C(c3ccc(Br)cc3)NN2C(=O)c2cccnc2)cc1,0
ZINC02501965,DUD_p38_D_3505,Cc1sc(C(=O)Nc2ccccc2)c2c1C(=O)N[C@@](C)(c1cccs1)N2,0
ZINC02502470,DUD_p38_D_3506,O=C(Cn1c(=O)sc2ccccc21)Nc1ccc2c3c(cccc13)CC2,0
ZINC02503071,DUD_p38_D_3507,Cc1sc(NC(=O)C2c3ccccc3Oc3ccccc32)c(C#N)c1C,0
ZINC02503081,DUD_p38_D_3508,O=C(NCc1cccs1)c1cc(-c2ccc3c(c2)OCO3)nc2ccccc12,0
ZINC02503088,DUD_p38_D_3509,COC(=O)c1sc(NC(=O)C2c3ccccc3Oc3ccccc32)nc1C,0
ZINC02503188,DUD_p38_D_3510,Cc1cc(NC(=O)c2cc(-c3ccc(C)s3)nc3ccccc23)no1,0
ZINC02503233,DUD_p38_D_3511,NC(=O)c1c(NC(=O)C2c3ccccc3Oc3ccccc32)sc2c1CCC2,0
ZINC02504116,DUD_p38_D_3512,Cc1nn(-c2ccccc2)c(O)c1[C@@]1(C(F)(F)F)NC(=O)N(Cc2ccccc2)C1=O,0
ZINC02504173,DUD_p38_D_3513,Cc1nc(SCC(=O)N2c3ccccc3Sc3ccccc32)nc(O)c1C,0
ZINC02504260,DUD_p38_D_3514,Cc1ccc(C)c(NC(=O)c2cnn3c(C(F)(F)F)cc(-c4ccco4)nc23)c1,0
ZINC02504261,DUD_p38_D_3515,Cc1ccc(NC(=O)c2cnn3c(C(F)(F)F)cc(-c4ccco4)nc23)c(C)c1,0
ZINC02509645,DUD_p38_D_3516,Cc1nn(-c2ccccc2)c2[nH+]c3c(cc12)C(=O)N[C@@H](c1ccc(Cl)cc1)N3,0
ZINC02523152,DUD_p38_D_3517,Cn1c(SCc2nnc(S)n2-c2ccccc2)nnc1-c1ccccc1,0
ZINC02523379,DUD_p38_D_3518,Nc1sc(-c2ccccc2)cc1C(=O)N/N=C\c1ccc2c(c1)OCO2,0
ZINC02523538,DUD_p38_D_3519,Cn1c(SCC(=O)Nc2c(F)cccc2F)nnc1-c1ccccc1,0
ZINC02524039,DUD_p38_D_3520,O=C(CSc1nnc(C2CC2)n1-c1ccccc1)Nc1c(F)cccc1F,0
ZINC02532672,DUD_p38_D_3521,CC(=O)c1cc(C(=O)Nc2ccccc2)n2cnc(-c3cccs3)cc12,0
ZINC02534728,DUD_p38_D_3522,Cn1cc([C@@H]2C=C(c3ccc(Br)cc3)NNC2=O)c2ccccc21,0
ZINC02543508,DUD_p38_D_3523,CCOc1ccc(C2=C[C@H](c3cn(C)c4ccccc34)C(=O)NN2)cc1,0
ZINC02546642,DUD_p38_D_3524,Oc1ccc(/C=N/N=c2/[nH]c(-c3ccc4c(c3)OCCO4)cs2)cc1,0
ZINC02549965,DUD_p38_D_3525,O=C1C[C@@H](c2ccccc2)CC2=C1C=C(c1ccc(Br)cc1)NN2,0
ZINC02551016,DUD_p38_D_3526,CN(c1ccccc1)c1cc(O)[n+](-c2ccccc2)c2c1c(=O)n(C)c(=O)n2C,0
ZINC02551038,DUD_p38_D_3527,CN(C)c1cc[n+](-c2c(O)c3ccccc3n(-c3ccccc3)c2=O)cc1,0
ZINC02551621,DUD_p38_D_3528,Cc1ccccc1C(=O)NNC(=S)NC(=O)Cc1cccc2ccccc12,0
ZINC02561994,DUD_p38_D_3529,O=C1Nc2ccc(Br)cc2/C1=N/c1ccc(Nc2ccccc2)cc1,0
ZINC02582319,DUD_p38_D_3530,N#Cc1ccc(NC(=S)N2CCN(c3ccccc3F)CC2)cc1,0
ZINC02585210,DUD_p38_D_3531,Cn1c(SCc2ccc(F)cc2)nnc1-c1cnn(-c2ccccc2)c1N,0
ZINC02585253,DUD_p38_D_3532,Cc1nn(-c2ccccc2)cc1[C@H]1C=C(c2ccc(Cl)cc2)Nc2ncnn21,0
ZINC02586751,DUD_p38_D_3533,Cc1ccc(C2=C[C@H](c3ccco3)N(C(=O)c3ccccc3Cl)N2)cc1,0
ZINC02590564,DUD_p38_D_3534,CN(C)c1ccc([C@H]2C=C(c3ccc(Cl)cc3)N=C3NN=NN32)cc1,0
ZINC02590565,DUD_p38_D_3535,CN(C)c1ccc([C@H]2C=C(c3ccc(Cl)cc3)N=C3NN=NN32)cc1,0
ZINC02592208,DUD_p38_D_3536,CC1=C[C@H](c2ccccc2)N2N=C(NC(=O)c3ccc(F)cc3)NC2=N1,0
ZINC02592209,DUD_p38_D_3537,CC1=C[C@@H](c2ccccc2)N2N=C(NC(=O)c3ccc(F)cc3)NC2=N1,0
ZINC02593888,DUD_p38_D_3538,O=C(Nc1ccc(N2CCN(C(=O)c3cccs3)CC2)cc1)c1cccs1,0
ZINC02594986,DUD_p38_D_3539,Cc1ccc(C(=O)Nc2ccc(NC(=O)c3cccs3)cc2)c(C)c1,0
ZINC02601118,DUD_p38_D_3540,CC(C)c1ccc(C2=C[C@H](c3ccc(Br)cc3)n3nnnc3N2)cc1,0
ZINC02601119,DUD_p38_D_3541,CC(C)c1ccc(C2=C[C@@H](c3ccc(Br)cc3)n3nnnc3N2)cc1,0
ZINC02601707,DUD_p38_D_3542,O=C(Nc1ccc(Cl)cc1)[C@H]1c2cccc[n+]2CC(=O)N1c1ccccc1,0
ZINC02616515,DUD_p38_D_3543,Cc1onc(-c2ccccc2)c1C(=O)NCCc1ccc(Cl)cc1,0
ZINC02616568,DUD_p38_D_3544,Cn1c(SCc2nc(O)c3ccccc3n2)nnc1-c1ccc(F)cc1,0
ZINC02617198,DUD_p38_D_3545,c1ccc(-c2nc(CSc3nnc(-c4cccs4)[nH]3)cs2)cc1,0
ZINC02617425,DUD_p38_D_3546,O=C(COC(=O)Cc1cccc2ccccc12)Nc1ccc(Cl)cn1,0
ZINC02619034,DUD_p38_D_3547,Cn1c(SCc2nc(O)c3ccccc3n2)nnc1-c1ccc(Cl)cc1,0
ZINC02619662,DUD_p38_D_3548,COc1ccc2cc([C@@]3(C)NC(=O)N(Cc4ccc(F)cc4Cl)C3=O)ccc2c1,0
ZINC02619669,DUD_p38_D_3549,COc1ccc(CN2C(=O)NC(c3ccccc3)(c3ccccc3)C2=O)cc1F,0
ZINC02619953,DUD_p38_D_3550,O=C1N[C@]2(CCCc3ccccc32)C(=O)N1CCOc1ccc(Cl)cc1,0
ZINC02619954,DUD_p38_D_3551,O=C1N[C@]2(CCCc3ccccc32)C(=O)N1CCOc1ccc(Cl)cc1,0
ZINC02620015,DUD_p38_D_3552,O=C(COc1ncnc2scc(-c3ccc(F)cc3)c12)Nc1ccc2c(c1)OCCO2,0
ZINC02620026,DUD_p38_D_3553,O=C(CN1C(=O)NC(c2ccccc2)(c2ccccc2)C1=O)c1ccc(F)c(F)c1,0
ZINC02620328,DUD_p38_D_3554,Cc1nn(Cc2ccccc2Cl)c2sc(C(=O)NCc3ccco3)cc12,0
ZINC02620367,DUD_p38_D_3555,C[C@]1(c2ccc3ccccc3c2)NC(=O)N(CCOc2ccc(Cl)cc2)C1=O,0
ZINC02620384,DUD_p38_D_3556,C[C@H](Sc1nnc2ccccn12)C(=O)Nc1ccc2ccccc2c1,0
ZINC02620440,DUD_p38_D_3557,C[C@]1(c2ccc(Cl)cc2)NC(=O)N(Cc2cccc3ccccc23)C1=O,0
ZINC02620504,DUD_p38_D_3558,O=C(CN1C(=O)NC(c2ccccc2)(c2ccccc2)C1=O)c1ccccc1F,0
ZINC02620533,DUD_p38_D_3559,Cc1nn(-c2ccccc2)c2sc(C(=O)NCc3ccc4c(c3)OCO4)cc12,0
ZINC02621126,DUD_p38_D_3560,CC(=O)Nc1ccc(NC(=O)c2oc3ccc(Br)cc3c2C)cc1,0
ZINC02621253,DUD_p38_D_3561,O=C(CSc1nnc(C2CC2)n1-c1ccccc1)Nc1cccnc1Cl,0
ZINC02621261,DUD_p38_D_3562,O=C(CN1C(=O)N[C@@]2(CCCc3ccccc32)C1=O)c1ccc(F)c(F)c1,0
ZINC02621627,DUD_p38_D_3563,Cc1ccc(F)cc1NC(=O)[C@@H]1Cc2ccccc2CN1C(=O)c1ccco1,0
ZINC02621628,DUD_p38_D_3564,Cc1ccc(F)cc1NC(=O)[C@H]1Cc2ccccc2CN1C(=O)c1ccco1,0
ZINC02622415,DUD_p38_D_3565,O=C(CN1C(=O)N[C@@]2(CCCc3ccccc32)C1=O)c1ccc(Cl)cc1,0
ZINC02622584,DUD_p38_D_3566,O=C(COc1ncnc2scc(-c3ccccc3)c12)Nc1ccc(F)cc1,0
ZINC02622636,DUD_p38_D_3567,Cc1csc(SCc2nc3scc(-c4ccccc4)c3c(=O)[nH]2)n1,0
ZINC02622636,DUD_p38_D_3568,Cc1csc(SCc2nc(=O)c3c(-c4ccccc4)csc3[nH]2)n1,0
ZINC02622781,DUD_p38_D_3569,CC[C@]1(c2ccc(F)cc2)NC(=O)N(Cc2cccc3ccccc23)C1=O,0
ZINC02623094,DUD_p38_D_3570,COc1cc2c(cc1NC(=O)COc1ncnc3sccc13)oc1ccccc12,0
ZINC02623130,DUD_p38_D_3571,COc1ccc(NC(=O)c2nn(-c3ccccc3)c(=O)c3ccccc23)cc1,0
ZINC02623225,DUD_p38_D_3572,O=C(COc1ncnc2scc(-c3ccc(F)cc3)c12)Nc1ccc2c(c1)OCO2,0
ZINC02623750,DUD_p38_D_3573,O=C(CSc1nnc(-c2ccccc2Br)[nH]1)N1CCc2ccccc21,0
ZINC02624431,DUD_p38_D_3574,O=C(Nc1ccc(F)cc1F)[C@@H]1Cc2ccccc2CN1C(=O)c1ccco1,0
ZINC02624432,DUD_p38_D_3575,O=C(Nc1ccc(F)cc1F)[C@@H]1Cc2ccccc2CN1C(=O)c1ccco1,0
ZINC02624740,DUD_p38_D_3576,C=CC(=O)OCC(=O)N1NC(c2ccc(Cl)cc2)=C[C@@H]1c1ccco1,0
ZINC02624741,DUD_p38_D_3577,C=CC(=O)OCC(=O)N1NC(c2ccc(Cl)cc2)=C[C@H]1c1ccco1,0
ZINC02624756,DUD_p38_D_3578,c1ccc(-c2nc(CSc3nnc4[nH]c5ccccc5n34)cs2)cc1,0
ZINC02625016,DUD_p38_D_3579,Cc1cnc(NC(=O)[C@@H](Cc2ccccc2)NC(=O)c2ccccc2)s1,0
ZINC02625358,DUD_p38_D_3580,Cc1ccc(Cl)cc1NC(=O)c1nn(-c2ccccc2)c(=O)c2ccccc12,0
ZINC02625700,DUD_p38_D_3581,CCN(C(=O)CSc1nnc(-c2ccccc2Br)[nH]1)c1ccccc1,0
ZINC02627158,DUD_p38_D_3582,COc1ccc(-c2csc(NC(=O)c3ccc4ncsc4c3)n2)cc1,0
ZINC02627475,DUD_p38_D_3583,Cc1cc(C(=O)OCC(=O)Nc2ccc(Br)c(C)c2)c2ccccc2n1,0
ZINC02627665,DUD_p38_D_3584,C[C@H](C(=O)Nc1ccc(Cl)cc1)N1C(=O)N[C@](C)(c2ccccc2)C1=O,0
ZINC02627666,DUD_p38_D_3585,C[C@@H](C(=O)Nc1ccc(Cl)cc1)N1C(=O)N[C@](C)(c2ccccc2)C1=O,0
ZINC02627667,DUD_p38_D_3586,C[C@H](C(=O)Nc1ccc(Cl)cc1)N1C(=O)N[C@@](C)(c2ccccc2)C1=O,0
ZINC02627825,DUD_p38_D_3587,O=C(Nc1nnc(C2CC2)s1)c1cc(-c2cccs2)nc2ccccc12,0
ZINC02627973,DUD_p38_D_3588,Cc1ccc2nc(NC(=O)Cc3c[nH]c4ccccc34)sc2c1,0
ZINC02628515,DUD_p38_D_3589,COc1ccc(-c2csc(NC(=O)Cc3c[nH]c4ccccc34)n2)cc1,0
ZINC02628552,DUD_p38_D_3590,Oc1ccccc1N1CCN(c2ncnc3sc(-c4ccccc4)cc23)CC1,0
ZINC02629062,DUD_p38_D_3591,COc1ccc2nc(NC(=O)Cc3c[nH]c4ccccc34)sc2c1,0
ZINC02629141,DUD_p38_D_3592,COc1ccc(CSc2nnc(-c3c[nH]c4ccccc34)o2)cc1F,0
ZINC02629795,DUD_p38_D_3593,COc1ccc2cc([C@@]3(C)NC(=O)N(Cc4cccc(Cl)c4)C3=O)ccc2c1,0
ZINC02629796,DUD_p38_D_3594,COc1ccc2cc([C@@]3(C)NC(=O)N(Cc4cccc(Cl)c4)C3=O)ccc2c1,0
ZINC02630197,DUD_p38_D_3595,O=C(NC1CCC(O)CC1)c1cc(-c2cccs2)nc2ccccc12,0
ZINC02631220,DUD_p38_D_3596,Cc1nn(-c2ccc(F)cc2)c(C)c1NS(=O)(=O)c1ccc2ccccc2c1,0
ZINC02631603,DUD_p38_D_3597,Cc1c(C2=C[C@H](c3ccc(Cl)cc3)n3nnnc3N2)oc2ccccc12,0
ZINC02633764,DUD_p38_D_3598,O=C1NC(c2ccccc2)(c2ccccc2)C(=O)N1Cc1cccc(Cl)c1,0
ZINC02633795,DUD_p38_D_3599,O=C(CSc1ncnc2sc3c(c12)CCC3)Nc1ccc2ccccc2c1,0
ZINC02634868,DUD_p38_D_3600,Cc1ccc2nc(C)cc(C(=O)OCC(=O)Nc3ccccc3Cl)c2c1,0
ZINC02635116,DUD_p38_D_3601,CC(=O)Nc1cccc(OCC(=O)N2c3ccccc3Sc3ccccc32)c1,0
ZINC02635162,DUD_p38_D_3602,Cc1cc(C(=O)OCC(=O)Nc2ccc(Cl)cn2)c(C)n1-c1ccccc1,0
ZINC02635253,DUD_p38_D_3603,COc1cc2c(cc1NC(=O)[C@@H](C)Sc1cccc[n+]1[O-])oc1ccccc12,0
ZINC02635285,DUD_p38_D_3604,Cc1cc(C(=O)OCC(=O)Nc2ccccc2F)c(C)n1-c1ccccc1,0
ZINC02636182,DUD_p38_D_3605,O=C(COC(=O)C1(c2ccccc2F)CCCC1)Nc1nc2ccccc2s1,0
ZINC02636704,DUD_p38_D_3606,Oc1ccccc1N1CCN(c2ncnc3scc(-c4ccc(F)cc4)c23)CC1,0
ZINC02636714,DUD_p38_D_3607,Oc1ccccc1N1CCN(c2ncnc3scc(-c4ccccc4)c23)CC1,0
ZINC02636748,DUD_p38_D_3608,Cc1ccc(C)c(NC(=O)COc2ncnc3scc(-c4ccccc4)c23)c1,0
ZINC02638799,DUD_p38_D_3609,Cc1nc2ccc(NC(=O)c3nn(C(C)C)c(=O)c4ccccc34)cc2s1,0
ZINC02639547,DUD_p38_D_3610,Cc1cnc(NC(=O)c2cc(-c3cccs3)nc3ccccc23)s1,0
ZINC02639548,DUD_p38_D_3611,Cc1cnc(NC(=O)c2cc3c(C)nn(-c4ccccc4)c3s2)s1,0
ZINC02639655,DUD_p38_D_3612,Cc1cnc(NC(=O)c2oc3ccccc3c2COc2ccccc2)s1,0
ZINC02639711,DUD_p38_D_3613,CCn1nc(C(=O)Nc2nc(-c3ccccc3)c(C)s2)c2ccccc2c1=O,0
ZINC02639756,DUD_p38_D_3614,O=C(Nc1ccc(F)cc1)[C@H]1Cc2ccccc2CN1C(=O)c1ccco1,0
ZINC02639757,DUD_p38_D_3615,O=C(Nc1ccc(F)cc1)[C@@H]1Cc2ccccc2CN1C(=O)c1ccco1,0
ZINC02641444,DUD_p38_D_3616,O=C(CSc1nnc(C2CC2)n1-c1ccccc1)Nc1ccc(Cl)cn1,0
ZINC02642525,DUD_p38_D_3617,C[C@]1(c2cccc(Br)c2)NC(=O)N(Cc2cccc3ccccc23)C1=O,0
ZINC02642526,DUD_p38_D_3618,C[C@]1(c2cccc(Br)c2)NC(=O)N(Cc2cccc3ccccc23)C1=O,0
ZINC02642663,DUD_p38_D_3619,O=C1N[C@@]2(CCCc3ccccc32)C(=O)N1Cc1cccc2ccccc12,0
ZINC02642779,DUD_p38_D_3620,C[C@H](OC(=O)c1cccc2ccccc12)C(=O)Nc1ccc(Cl)cn1,0
ZINC02642780,DUD_p38_D_3621,C[C@H](OC(=O)c1cccc2ccccc12)C(=O)Nc1ccc(Cl)cn1,0
ZINC02642865,DUD_p38_D_3622,C[C@@H](OC(=O)c1cccc(F)c1)C(=O)Nc1nc(-c2ccccc2)cs1,0
ZINC02642866,DUD_p38_D_3623,C[C@@H](OC(=O)c1cccc(F)c1)C(=O)Nc1nc(-c2ccccc2)cs1,0
ZINC02642910,DUD_p38_D_3624,Oc1ccc(N2CCN(C(=S)NCc3ccccc3)CC2)cc1,0
ZINC02643383,DUD_p38_D_3625,O=C(CSc1nnc(-c2ccccc2)[nH]1)Nc1ccc2c(c1)CCC2,0
ZINC02643481,DUD_p38_D_3626,O=C(c1cccc(-c2ccc(O)cc2)c1)N1CCN(c2ccc(F)cc2)CC1,0
ZINC02644474,DUD_p38_D_3627,O=C(COc1ncnc2scc(-c3ccccc3)c12)Nc1ccccc1,0
ZINC02644550,DUD_p38_D_3628,Cc1sc2ncnc(Sc3ccccc3C(=O)NCc3ccco3)c2c1C,0
ZINC02646191,DUD_p38_D_3629,CCCN1C(N)=C(c2nc3ccccc3s2)C(=O)[C@H]1c1ccccc1,0
ZINC02646192,DUD_p38_D_3630,CCCN1C(N)=C(c2nc3ccccc3s2)C(=O)[C@H]1c1ccccc1,0
ZINC02647047,DUD_p38_D_3631,O=C(CCN1c2ccccc2Sc2ccccc21)Nc1nnc(C2CC2)s1,0
ZINC02650037,DUD_p38_D_3632,O=C(CSc1nnc(-c2cccs2)[nH]1)N1CCCc2ccccc21,0
ZINC02651377,DUD_p38_D_3633,CCSc1nnc(NC(=O)c2cc(-c3ccco3)nc3ccccc23)s1,0
ZINC02651713,DUD_p38_D_3634,CCN(C(=O)CSc1nnc(-c2ccc(Cl)cc2)[nH]1)c1ccccc1,0
ZINC02652033,DUD_p38_D_3635,O=C1N[C@@]2(CCc3ccccc3C2)C(=O)N1CCOc1cccc(Cl)c1,0
ZINC02652034,DUD_p38_D_3636,O=C1N[C@@]2(CCc3ccccc3C2)C(=O)N1CCOc1cccc(Cl)c1,0
ZINC02652436,DUD_p38_D_3637,O=C1NC(c2ccccc2)(c2ccccc2)C(=O)N1Cc1ccc(Cl)cc1,0
ZINC02652488,DUD_p38_D_3638,Cc1cccc(Oc2ccc(NC(=O)c3cncc(Br)c3)cc2)c1,0
ZINC02652502,DUD_p38_D_3639,Cc1ccc(Oc2ccc(NC(=O)c3cncc(Br)c3)cc2)cc1,0
ZINC02652540,DUD_p38_D_3640,Cc1nc2ccc(NC(=O)c3c(-c4ccccc4)noc3C)cc2s1,0
ZINC02653831,DUD_p38_D_3641,Cn1nc(C(=O)Nc2cc(Cl)ccc2Oc2ccccc2)c2ccccc2c1=O,0
ZINC02655438,DUD_p38_D_3642,Cc1ccc2nc(-c3ccc(NC(=S)N[C@@H]4CCOC4=O)cc3)sc2c1,0
ZINC02656920,DUD_p38_D_3643,Cc1c(Cl)cccc1NC(=S)NNC(=O)c1oc2ccccc2c1C,0
ZINC02656974,DUD_p38_D_3644,CNC(=O)/C=C/c1cn(-c2ccccc2)nc1-c1ccc(Cl)cc1,0
ZINC02657161,DUD_p38_D_3645,O=C(C[n+]1ccc(C(=O)c2ccccc2)cc1)Nc1ccccc1OC(F)F,0
ZINC02658502,DUD_p38_D_3646,COc1ccccc1NC(=O)c1ccccc1NC(=O)c1ccc(F)cc1F,0
ZINC02659071,DUD_p38_D_3647,CC(=O)Nc1ccc(C(=O)OCc2csc(-c3ccccc3)n2)cc1,0
ZINC02659341,DUD_p38_D_3648,Cc1csc(-c2cnn(-c3ccccc3)c2NC(=O)c2ccccc2)n1,0
ZINC02659447,DUD_p38_D_3649,Cc1csc(-c2cnn(-c3ccccc3)c2NC(=O)c2cccc(F)c2)n1,0
ZINC02660841,DUD_p38_D_3650,Cc1nn(Cc2ccccc2Cl)c2sc(C(=O)Nc3nccs3)cc12,0
ZINC02661816,DUD_p38_D_3651,Cc1cnc(NC(=O)[C@H]2Cc3ccccc3CN2C(=O)c2ccccc2)s1,0
ZINC02662800,DUD_p38_D_3652,Cc1ccc(NC(=O)c2nn(-c3ccccc3)c(=O)c3ccccc23)cc1F,0
ZINC02663874,DUD_p38_D_3653,CC[C@@]1(c2ccccc2)NC(=O)N(Cc2csc(-c3ccccc3)n2)C1=O,0
ZINC02665236,DUD_p38_D_3654,CC1=C(c2ccccc2)Nn2c(Cc3cccc4ccccc34)nnc2S1,0
ZINC02667849,DUD_p38_D_3655,OCCCc1nc2n(n1)[C@@H](c1ccccc1)C=C(c1cccs1)N2,0
ZINC02667850,DUD_p38_D_3656,OCCCc1nc2n(n1)[C@@H](c1ccccc1)C=C(c1cccs1)N2,0
ZINC02667851,DUD_p38_D_3657,Cc1ccc([C@@H]2C=C(c3cccs3)Nc3nc(CCCO)nn32)cc1,0
ZINC02679170,DUD_p38_D_3658,C=C1Nc2ncnn2[C@H](c2cccc(Br)c2)[C@@H]1C(=O)Nc1ccccc1,0
ZINC02684637,DUD_p38_D_3659,O=C(Nc1ccc(-c2nnc3n2CCCCC3)cc1)c1ccc(Cl)cc1,0
ZINC02686321,DUD_p38_D_3660,Cc1ccc(C2=C[C@H](c3ccco3)N(C(=O)c3cccc(Cl)c3)N2)cc1,0
ZINC02686322,DUD_p38_D_3661,Cc1ccc(C2=C[C@H](c3ccco3)N(C(=O)c3cccc(Cl)c3)N2)cc1,0
ZINC02686326,DUD_p38_D_3662,COc1ccc(C2=C[C@@H](c3ccco3)N(C(=O)c3cccc(Cl)c3)N2)cc1,0
ZINC02686327,DUD_p38_D_3663,COc1ccc(C2=C[C@H](c3ccco3)N(C(=O)c3cccc(Cl)c3)N2)cc1,0
ZINC02688967,DUD_p38_D_3664,Clc1ccc(-c2nnn3c2nc(NC[C@@H]2CCCO2)c2ccccc23)cc1,0
ZINC02688970,DUD_p38_D_3665,Clc1ccc(-c2nnn3c2nc(NC[C@@H]2CCCO2)c2ccccc23)cc1,0
ZINC02691571,DUD_p38_D_3666,COc1ccc(-c2nc3c(c(=S)[nH]2)Cc2cc(C)ccc2O3)cc1O,0
ZINC02696886,DUD_p38_D_3667,COc1ccccc1C1=C[C@H](c2ccco2)N(C(=O)c2ccc(Cl)cc2)N1,0
ZINC02696889,DUD_p38_D_3668,COc1ccccc1C1=C[C@@H](c2ccco2)N(C(=O)c2ccc(Cl)cc2)N1,0
ZINC02697211,DUD_p38_D_3669,C=C(C)NOC(=O)c1cn(-c2ccccc2)nc1-c1ccc(F)cc1,0
ZINC02698644,DUD_p38_D_3670,Fc1cccc(-c2nnn3c2nc(NC2CCCC2)c2ccccc23)c1,0
ZINC02700078,DUD_p38_D_3671,COc1cccc(C(=O)N2NC(c3cccs3)=C[C@@H]2c2ccco2)c1,0
ZINC02700084,DUD_p38_D_3672,Cc1cccc(C(=O)N2NC(c3ccco3)=C[C@H]2c2cccs2)c1,0
ZINC02700090,DUD_p38_D_3673,COc1ccc(C2=C[C@@H](c3cccs3)N(C(=O)c3cccc(C)c3)N2)cc1,0
ZINC02700095,DUD_p38_D_3674,COc1cccc(C(=O)N2NC(c3ccc(C)cc3)=C[C@@H]2c2cccs2)c1,0
ZINC02700291,DUD_p38_D_3675,C=C1Nc2ncnn2[C@H](c2ccccc2Cl)[C@H]1C(=O)Nc1ccccc1C,0
ZINC02700295,DUD_p38_D_3676,C=C1Nc2ncnn2[C@@H](c2ccccc2Cl)[C@@H]1C(=O)Nc1ccccc1C,0
ZINC02700630,DUD_p38_D_3677,Cc1sc(NC(=O)c2ccco2)c(C2=CC(=O)N(c3ccccc3)C2=O)c1C,0
ZINC02701592,DUD_p38_D_3678,C=C1Nc2[nH]c(=S)[nH]c(=O)c2[C@@H](c2cccc(Oc3ccccc3)c2)[C@@H]1C(=O)OC,0
ZINC02702076,DUD_p38_D_3679,COc1ccccc1/C=C1\SC(=S)N(c2ccc(NC(C)=O)cc2)C1=O,0
ZINC02702356,DUD_p38_D_3680,CCNC(=S)NNC(=O)c1cc(-c2ccccc2)nc2ccccc12,0
ZINC02702463,DUD_p38_D_3681,Oc1ccc2ccccc2c1/C=N/N1CCN(c2ccc(Cl)cc2)CC1,0
ZINC02705614,DUD_p38_D_3682,O=C(Nc1ccc(F)cc1)c1sc(N2CCOCC2)nc1-c1ccccc1,0
ZINC02706991,DUD_p38_D_3683,COc1ccc([C@@H]2SC[C@@H]3C(=O)N(c4ccccc4)C(=S)N32)cc1O,0
ZINC02706999,DUD_p38_D_3684,COc1ccc([C@H]2SC[C@@H]3C(=O)N(c4ccccc4)C(=S)N32)cc1O,0
ZINC02707268,DUD_p38_D_3685,COc1cccc([C@H]2Oc3ccccc3C3=C2[C@H](c2cccs2)n2ncnc2N3)c1,0
ZINC02707274,DUD_p38_D_3686,Cc1ccc2c(c1)C1=C([C@@H](c3ccccc3)O2)[C@@H](c2cccs2)n2ncnc2N1,0
ZINC02708025,DUD_p38_D_3687,O=C(Nc1ncc(Cc2ccc(F)cc2)s1)[C@@H]1COc2ccccc2O1,0
ZINC02708302,DUD_p38_D_3688,O=C(Nc1ncc(Cc2ccc(F)cc2)s1)c1cc2ccccc2o1,0
ZINC02708303,DUD_p38_D_3689,Cc1cccc(Cc2cnc(NC(=O)c3cc4ccccc4o3)s2)c1,0
ZINC02708871,DUD_p38_D_3690,CCC(=O)N1NC(c2ccc(Br)cc2)=C[C@H]1c1ccccc1O,0
ZINC02708873,DUD_p38_D_3691,CCC(=O)N1NC(c2ccc(Br)cc2)=C[C@@H]1c1ccccc1O,0
ZINC02708879,DUD_p38_D_3692,O=C(c1ccco1)N1NC(c2ccc(Br)cc2)=C[C@H]1c1ccccc1O,0
ZINC02708884,DUD_p38_D_3693,Cc1ccc(C2=C[C@H](c3ccccc3O)N(C(=O)c3cccs3)N2)cc1,0
ZINC02708886,DUD_p38_D_3694,Cc1ccc(C2=C[C@@H](c3ccccc3O)N(C(=O)c3cccs3)N2)cc1,0
ZINC02708887,DUD_p38_D_3695,COc1ccc(C2=C[C@@H](c3ccccc3O)N(C(=O)c3cccs3)N2)cc1,0
ZINC02710519,DUD_p38_D_3696,O=C(c1ccccc1Cl)N1NC(c2cccs2)=C[C@@H]1c1cccc(O)c1,0
ZINC02710520,DUD_p38_D_3697,O=C(c1ccccc1Cl)N1NC(c2cccs2)=C[C@@H]1c1cccc(O)c1,0
ZINC02710534,DUD_p38_D_3698,O=C(c1cccs1)N1NC(c2cccs2)=C[C@H]1c1ccccc1O,0
ZINC02710535,DUD_p38_D_3699,O=C(c1cccs1)N1NC(c2cccs2)=C[C@H]1c1ccccc1O,0
ZINC02713098,DUD_p38_D_3700,Brc1cccc(-c2nnn3c2nc(NC[C@@H]2CCCO2)c2ccccc23)c1,0
ZINC02714415,DUD_p38_D_3701,OCCCNc1ncnc2c1c(-c1ccccc1)cn2-c1ccc(Cl)cc1,0
ZINC02717739,DUD_p38_D_3702,O=c1[nH]c(SCc2ccc(F)cc2)nc2c1cnn2-c1ccccc1,0
ZINC02717739,DUD_p38_D_3703,Oc1nc(SCc2ccc(F)cc2)nc2c1cnn2-c1ccccc1,0
ZINC02717739,DUD_p38_D_3704,O=c1nc(SCc2ccc(F)cc2)[nH]c2c1cnn2-c1ccccc1,0
ZINC02717739,DUD_p38_D_3705,Oc1nc(SCc2ccc(F)cc2)nc2c1cnn2-c1ccccc1,0
ZINC02717740,DUD_p38_D_3706,O=c1[nH]c(SCc2ccccc2Cl)nc2c1cnn2-c1ccccc1,0
ZINC02717740,DUD_p38_D_3707,Oc1nc(SCc2ccccc2Cl)nc2c1cnn2-c1ccccc1,0
ZINC02717740,DUD_p38_D_3708,O=c1nc(SCc2ccccc2Cl)[nH]c2c1cnn2-c1ccccc1,0
ZINC02717740,DUD_p38_D_3709,Oc1nc(SCc2ccccc2Cl)nc2c1cnn2-c1ccccc1,0
ZINC02717802,DUD_p38_D_3710,O=c1[nH]c(SCc2ccccc2F)nc2c1cnn2-c1ccccc1,0
ZINC02717802,DUD_p38_D_3711,Oc1nc(SCc2ccccc2F)nc2c1cnn2-c1ccccc1,0
ZINC02717802,DUD_p38_D_3712,O=c1nc(SCc2ccccc2F)[nH]c2c1cnn2-c1ccccc1,0
ZINC02717802,DUD_p38_D_3713,Oc1nc(SCc2ccccc2F)nc2c1cnn2-c1ccccc1,0
ZINC02717804,DUD_p38_D_3714,O=c1[nH]c(SCc2cccc(F)c2)nc2c1cnn2-c1ccccc1,0
ZINC02717804,DUD_p38_D_3715,Oc1nc(SCc2cccc(F)c2)nc2c1cnn2-c1ccccc1,0
ZINC02717804,DUD_p38_D_3716,O=c1nc(SCc2cccc(F)c2)[nH]c2c1cnn2-c1ccccc1,0
ZINC02717804,DUD_p38_D_3717,Oc1nc(SCc2cccc(F)c2)nc2c1cnn2-c1ccccc1,0
ZINC02717808,DUD_p38_D_3718,Cc1ccc(CSc2nc3c(cnn3-c3ccc(Cl)cc3)c(=O)[nH]2)cc1,0
ZINC02717808,DUD_p38_D_3719,Cc1ccc(CSc2nc(=O)c3cnn(-c4ccc(Cl)cc4)c3[nH]2)cc1,0
ZINC02717821,DUD_p38_D_3720,C[C@H](Sc1nc2c(cnn2-c2ccc(Cl)cc2)c(=O)[nH]1)c1ccccc1,0
ZINC02717821,DUD_p38_D_3721,C[C@H](Sc1nc(=O)c2cnn(-c3ccc(Cl)cc3)c2[nH]1)c1ccccc1,0
ZINC02717822,DUD_p38_D_3722,C[C@H](Sc1nc2c(cnn2-c2ccc(Cl)cc2)c(=O)[nH]1)c1ccccc1,0
ZINC02717822,DUD_p38_D_3723,C[C@H](Sc1nc(=O)c2cnn(-c3ccc(Cl)cc3)c2[nH]1)c1ccccc1,0
ZINC02717823,DUD_p38_D_3724,Cc1ccc(C)c(CSc2nc3c(cnn3-c3ccc(Cl)cc3)c(=O)[nH]2)c1,0
ZINC02717823,DUD_p38_D_3725,Cc1ccc(C)c(CSc2nc(=O)c3cnn(-c4ccc(Cl)cc4)c3[nH]2)c1,0
ZINC02717880,DUD_p38_D_3726,Cc1ccc(-n2ncc3c(=O)[nH]c(SCc4ccc(Br)cc4)nc32)cc1,0
ZINC02717880,DUD_p38_D_3727,Cc1ccc(-n2ncc3c(=O)nc(SCc4ccc(Br)cc4)[nH]c32)cc1,0
ZINC02717880,DUD_p38_D_3728,Cc1ccc(-n2ncc3c(O)nc(SCc4ccc(Br)cc4)nc32)cc1,0
ZINC02717892,DUD_p38_D_3729,Cc1ccc(-n2ncc3c(=O)[nH]c(SCc4ccccc4Cl)nc32)cc1,0
ZINC02717892,DUD_p38_D_3730,Cc1ccc(-n2ncc3c(=O)nc(SCc4ccccc4Cl)[nH]c32)cc1,0
ZINC02717894,DUD_p38_D_3731,Cc1ccc(-n2ncc3c(=O)[nH]c(SCc4ccc(Cl)cc4)nc32)cc1,0
ZINC02717894,DUD_p38_D_3732,Cc1ccc(-n2ncc3c(=O)nc(SCc4ccc(Cl)cc4)[nH]c32)cc1,0
ZINC02717895,DUD_p38_D_3733,Cc1ccc(-n2ncc3c(=O)[nH]c(S[C@@H](C)c4ccccc4)nc32)cc1,0
ZINC02717895,DUD_p38_D_3734,Cc1ccc(-n2ncc3c(O)nc(S[C@@H](C)c4ccccc4)nc32)cc1,0
ZINC02717895,DUD_p38_D_3735,Cc1ccc(-n2ncc3c(O)nc(S[C@H](C)c4ccccc4)nc32)cc1,0
ZINC02717895,DUD_p38_D_3736,Cc1ccc(-n2ncc3c(=O)nc(S[C@H](C)c4ccccc4)[nH]c32)cc1,0
ZINC02717896,DUD_p38_D_3737,Cc1ccc(-n2ncc3c(=O)[nH]c(S[C@@H](C)c4ccccc4)nc32)cc1,0
ZINC02717896,DUD_p38_D_3738,Cc1ccc(-n2ncc3c(O)nc(S[C@H](C)c4ccccc4)nc32)cc1,0
ZINC02717896,DUD_p38_D_3739,Cc1ccc(-n2ncc3c(=O)nc(S[C@@H](C)c4ccccc4)[nH]c32)cc1,0
ZINC02717896,DUD_p38_D_3740,Cc1ccc(-n2ncc3c(O)nc(S[C@H](C)c4ccccc4)nc32)cc1,0
ZINC02717954,DUD_p38_D_3741,Cc1ccc(-n2ncc3c(=O)[nH]c(SCc4ccccc4F)nc32)cc1,0
ZINC02717954,DUD_p38_D_3742,Cc1ccc(-n2ncc3c(O)nc(SCc4ccccc4F)nc32)cc1,0
ZINC02717954,DUD_p38_D_3743,Cc1ccc(-n2ncc3c(=O)nc(SCc4ccccc4F)[nH]c32)cc1,0
ZINC02717954,DUD_p38_D_3744,Cc1ccc(-n2ncc3c(O)nc(SCc4ccccc4F)nc32)cc1,0
ZINC02717956,DUD_p38_D_3745,Cc1ccc(-n2ncc3c(=O)[nH]c(SCc4cccc(C)c4)nc32)cc1,0
ZINC02717956,DUD_p38_D_3746,Cc1ccc(-n2ncc3c(O)nc(SCc4cccc(C)c4)nc32)cc1,0
ZINC02717956,DUD_p38_D_3747,Cc1ccc(-n2ncc3c(=O)nc(SCc4cccc(C)c4)[nH]c32)cc1,0
ZINC02717956,DUD_p38_D_3748,Cc1ccc(-n2ncc3c(O)nc(SCc4cccc(C)c4)nc32)cc1,0
ZINC02717957,DUD_p38_D_3749,Cc1ccc(-n2ncc3c(=O)[nH]c(SCc4ccccc4C)nc32)cc1,0
ZINC02717957,DUD_p38_D_3750,Cc1ccc(-n2ncc3c(O)nc(SCc4ccccc4C)nc32)cc1,0
ZINC02717957,DUD_p38_D_3751,Cc1ccc(-n2ncc3c(=O)nc(SCc4ccccc4C)[nH]c32)cc1,0
ZINC02717957,DUD_p38_D_3752,Cc1ccc(-n2ncc3c(O)nc(SCc4ccccc4C)nc32)cc1,0
ZINC02717958,DUD_p38_D_3753,Cc1ccc(-n2ncc3c(=O)[nH]c(SCc4cccc(F)c4)nc32)cc1,0
ZINC02717958,DUD_p38_D_3754,Cc1ccc(-n2ncc3c(O)nc(SCc4cccc(F)c4)nc32)cc1,0
ZINC02717958,DUD_p38_D_3755,Cc1ccc(-n2ncc3c(=O)nc(SCc4cccc(F)c4)[nH]c32)cc1,0
ZINC02717958,DUD_p38_D_3756,Cc1ccc(-n2ncc3c(O)nc(SCc4cccc(F)c4)nc32)cc1,0
ZINC02717966,DUD_p38_D_3757,O=c1[nH]c(SCc2ccccc2)nc2c1cnn2-c1ccc(F)cc1,0
ZINC02717966,DUD_p38_D_3758,Oc1nc(SCc2ccccc2)nc2c1cnn2-c1ccc(F)cc1,0
ZINC02717966,DUD_p38_D_3759,O=c1nc(SCc2ccccc2)[nH]c2c1cnn2-c1ccc(F)cc1,0
ZINC02717966,DUD_p38_D_3760,Oc1nc(SCc2ccccc2)nc2c1cnn2-c1ccc(F)cc1,0
ZINC02717972,DUD_p38_D_3761,C[C@@H](Sc1nc2c(cnn2-c2ccc(F)cc2)c(=O)[nH]1)c1ccccc1,0
ZINC02717972,DUD_p38_D_3762,C[C@H](Sc1nc(O)c2cnn(-c3ccc(F)cc3)c2n1)c1ccccc1,0
ZINC02717972,DUD_p38_D_3763,C[C@H](Sc1nc(=O)c2cnn(-c3ccc(F)cc3)c2[nH]1)c1ccccc1,0
ZINC02717972,DUD_p38_D_3764,C[C@@H](Sc1nc(O)c2cnn(-c3ccc(F)cc3)c2n1)c1ccccc1,0
ZINC02717973,DUD_p38_D_3765,Cc1ccc(C)c(CSc2nc3c(cnn3-c3ccc(F)cc3)c(=O)[nH]2)c1,0
ZINC02717973,DUD_p38_D_3766,Cc1ccc(C)c(CSc2nc(=O)c3cnn(-c4ccc(F)cc4)c3[nH]2)c1,0
ZINC02717973,DUD_p38_D_3767,Cc1ccc(C)c(CSc2nc(O)c3cnn(-c4ccc(F)cc4)c3n2)c1,0
ZINC02718028,DUD_p38_D_3768,Cc1ccc(-n2ncc3c(=O)[nH]c(SCc4ccccc4)nc32)cc1C,0
ZINC02718028,DUD_p38_D_3769,Cc1ccc(-n2ncc3c(O)nc(SCc4ccccc4)nc32)cc1C,0
ZINC02718028,DUD_p38_D_3770,Cc1ccc(-n2ncc3c(=O)nc(SCc4ccccc4)[nH]c32)cc1C,0
ZINC02718028,DUD_p38_D_3771,Cc1ccc(-n2ncc3c(O)nc(SCc4ccccc4)nc32)cc1C,0
ZINC02718029,DUD_p38_D_3772,Cc1ccc(-n2ncc3c(=O)[nH]c(SCc4ccc(F)cc4)nc32)cc1C,0
ZINC02718029,DUD_p38_D_3773,Cc1ccc(-n2ncc3c(O)nc(SCc4ccc(F)cc4)nc32)cc1C,0
ZINC02718029,DUD_p38_D_3774,Cc1ccc(-n2ncc3c(=O)nc(SCc4ccc(F)cc4)[nH]c32)cc1C,0
ZINC02718029,DUD_p38_D_3775,Cc1ccc(-n2ncc3c(O)nc(SCc4ccc(F)cc4)nc32)cc1C,0
ZINC02718030,DUD_p38_D_3776,Cc1ccc(-n2ncc3c(=O)[nH]c(SCc4ccccc4Cl)nc32)cc1C,0
ZINC02718030,DUD_p38_D_3777,Cc1ccc(-n2ncc3c(=O)nc(SCc4ccccc4Cl)[nH]c32)cc1C,0
ZINC02718033,DUD_p38_D_3778,Cc1ccc(-n2ncc3c(=O)[nH]c(S[C@@H](C)c4ccccc4)nc32)cc1C,0
ZINC02718033,DUD_p38_D_3779,Cc1ccc(-n2ncc3c(=O)nc(S[C@H](C)c4ccccc4)[nH]c32)cc1C,0
ZINC02718034,DUD_p38_D_3780,Cc1ccc(-n2ncc3c(=O)[nH]c(S[C@@H](C)c4ccccc4)nc32)cc1C,0
ZINC02718034,DUD_p38_D_3781,Cc1ccc(-n2ncc3c(=O)nc(S[C@H](C)c4ccccc4)[nH]c32)cc1C,0
ZINC02718358,DUD_p38_D_3782,O=C(CSc1c(-c2ccccc2)[nH]c2ccccc12)Nc1nccs1,0
ZINC02718364,DUD_p38_D_3783,O=C1CCC=C2Nc3nc(SCc4ccccc4F)nn3[C@H](c3ccccc3)[C@@H]12,0
ZINC02718461,DUD_p38_D_3784,Cc1ccc(-n2ncc3c(=O)[nH]c(SCc4cccc(F)c4)nc32)cc1C,0
ZINC02718461,DUD_p38_D_3785,Cc1ccc(-n2ncc3c(=O)nc(SCc4cccc(F)c4)[nH]c32)cc1C,0
ZINC02718461,DUD_p38_D_3786,Cc1ccc(-n2ncc3c(O)nc(SCc4cccc(F)c4)nc32)cc1C,0
ZINC02718461,DUD_p38_D_3787,Cc1ccc(-n2ncc3c(O)nc(SCc4cccc(F)c4)nc32)cc1C,0
ZINC02720609,DUD_p38_D_3788,Cn1c(SCc2ccc(Br)cc2)nc2c([nH]c3ccccc32)c1=O,0
ZINC02720610,DUD_p38_D_3789,Cn1c(SCc2ccc(Cl)cc2)nc2c([nH]c3ccccc32)c1=O,0
ZINC02720612,DUD_p38_D_3790,Cn1c(SCc2ccccc2Cl)nc2c([nH]c3ccccc32)c1=O,0
ZINC02720829,DUD_p38_D_3791,CCOc1ccc(-n2c(SC)nc3c([nH]c4ccccc43)c2=O)cc1,0
ZINC02720879,DUD_p38_D_3792,CCCSc1nc2c([nH]c3ccccc32)c(=O)n1-c1ccc(F)cc1,0
ZINC02720880,DUD_p38_D_3793,CC(C)Sc1nc2c([nH]c3ccccc32)c(=O)n1-c1ccc(F)cc1,0
ZINC02720881,DUD_p38_D_3794,CCCCSc1nc2c([nH]c3ccccc32)c(=O)n1-c1ccc(F)cc1,0
ZINC02720886,DUD_p38_D_3795,COC(=O)[C@@H](C)Sc1nc2c([nH]c3ccccc32)c(=O)n1-c1ccc(F)cc1,0
ZINC02720887,DUD_p38_D_3796,COC(=O)[C@@H](C)Sc1nc2c([nH]c3ccccc32)c(=O)n1-c1ccc(F)cc1,0
ZINC02720906,DUD_p38_D_3797,CCSc1nc2c([nH]c3ccccc32)c(=O)n1-c1cccc(Cl)c1,0
ZINC02720908,DUD_p38_D_3798,COC(=O)[C@H](C)Sc1nc2c([nH]c3ccccc32)c(=O)n1-c1cccc(Cl)c1,0
ZINC02720945,DUD_p38_D_3799,COC(=O)[C@H](C)Sc1nc2c([nH]c3ccccc32)c(=O)n1-c1ccc(Cl)cc1,0
ZINC02721892,DUD_p38_D_3800,CCOC(=O)c1[nH]c2ccccc2c1NC(=S)Nc1cccc(F)c1,0
ZINC02721893,DUD_p38_D_3801,CCOC(=O)c1[nH]c2ccccc2c1NC(=S)Nc1ccccc1Cl,0
ZINC02721894,DUD_p38_D_3802,CCOC(=O)c1[nH]c2ccccc2c1NC(=S)Nc1ccc(Cl)cc1,0
ZINC02721997,DUD_p38_D_3803,COc1ccc(CC(=O)Nc2c(-c3ccc(F)cc3)[nH]c3cccc[n+]23)cc1,0
ZINC02722020,DUD_p38_D_3804,Cc1ccc(C(=O)Nc2c(-c3ccc(F)cc3)[nH]c3cccc[n+]23)cc1[N+](=O)[O-],0
ZINC02722048,DUD_p38_D_3805,COc1ccc(C(=O)Nc2c(-c3cccs3)[nH]c3cccc[n+]23)cc1OC,0
ZINC02722095,DUD_p38_D_3806,COc1ccc(-c2[nH]c3cc(C)cc[n+]3c2NC(=O)c2c(F)cccc2F)cc1,0
ZINC02722096,DUD_p38_D_3807,COc1ccc(-c2[nH]c3cc(C)cc[n+]3c2NC(=O)c2c(F)cccc2Cl)cc1,0
ZINC02722159,DUD_p38_D_3808,Cc1cc[n+]2c(NC(=O)c3ccc4c(c3)OCO4)c(-c3ccccc3)[nH]c2c1,0
ZINC02722795,DUD_p38_D_3809,Cc1ccc(NC(=O)CSc2ncnc3c2oc2ccccc23)cc1,0
ZINC02722942,DUD_p38_D_3810,Cc1cccn2c(=O)c3cc(C(=O)N[C@H](C)c4ccccc4)sc3nc12,0
ZINC02722943,DUD_p38_D_3811,Cc1cccn2c(=O)c3cc(C(=O)N[C@@H](C)c4ccccc4)sc3nc12,0
ZINC02724154,DUD_p38_D_3812,Cc1ccc2c(c1)[C@@H](c1ccc(F)cc1)N(C(=O)/C=C\c1ccccc1)CC(=O)N2,0
ZINC02724165,DUD_p38_D_3813,Cc1ccc2c(c1)[C@H](c1ccc(F)cc1)N(C(=O)c1ccccc1)CC(=O)N2,0
ZINC02724166,DUD_p38_D_3814,Cc1ccc2c(c1)[C@@H](c1ccc(F)cc1)N(C(=O)c1ccccc1)CC(=O)N2,0
ZINC02724167,DUD_p38_D_3815,Cc1ccc2c(c1)[C@H](c1ccc(F)cc1)N(C(=O)c1ccccc1C)CC(=O)N2,0
ZINC02724168,DUD_p38_D_3816,Cc1ccc2c(c1)[C@@H](c1ccc(F)cc1)N(C(=O)c1ccccc1C)CC(=O)N2,0
ZINC02724169,DUD_p38_D_3817,Cc1cccc(C(=O)N2CC(=O)Nc3ccc(C)cc3[C@@H]2c2ccc(F)cc2)c1,0
ZINC02724171,DUD_p38_D_3818,Cc1ccc(C(=O)N2CC(=O)Nc3ccc(C)cc3[C@H]2c2ccc(F)cc2)cc1,0
ZINC02724172,DUD_p38_D_3819,Cc1ccc(C(=O)N2CC(=O)Nc3ccc(C)cc3[C@@H]2c2ccc(F)cc2)cc1,0
ZINC02724173,DUD_p38_D_3820,Cc1ccc2c(c1)[C@@H](c1ccc(F)cc1)N(C(=O)c1ccccc1Cl)CC(=O)N2,0
ZINC02724174,DUD_p38_D_3821,Cc1ccc2c(c1)[C@@H](c1ccc(F)cc1)N(C(=O)c1ccccc1Cl)CC(=O)N2,0
ZINC02724176,DUD_p38_D_3822,Cc1ccc2c(c1)[C@H](c1ccc(F)cc1)N(C(=O)c1cccc(Cl)c1)CC(=O)N2,0
ZINC02724177,DUD_p38_D_3823,Cc1ccc2c(c1)[C@H](c1ccc(F)cc1)N(C(=O)c1ccc(Cl)cc1)CC(=O)N2,0
ZINC02724178,DUD_p38_D_3824,Cc1ccc2c(c1)[C@H](c1ccc(F)cc1)N(C(=O)c1ccc(Cl)cc1)CC(=O)N2,0
ZINC02724184,DUD_p38_D_3825,Cc1ccc2c(c1)[C@H](c1ccccc1)N(C(=O)c1ccccc1F)CC(=O)N2,0
ZINC02724185,DUD_p38_D_3826,Cc1ccc2c(c1)[C@@H](c1ccc(F)cc1)N(C(=O)c1ccccc1F)CC(=O)N2,0
ZINC02724186,DUD_p38_D_3827,Cc1ccc2c(c1)[C@@H](c1ccc(F)cc1)N(C(=O)c1ccccc1F)CC(=O)N2,0
ZINC02724187,DUD_p38_D_3828,Cc1ccc2c(c1)[C@H](c1ccccc1)N(C(=O)c1cccc(F)c1)CC(=O)N2,0
ZINC02724188,DUD_p38_D_3829,Cc1ccc2c(c1)[C@@H](c1ccccc1)N(C(=O)c1cccc(F)c1)CC(=O)N2,0
ZINC02724189,DUD_p38_D_3830,Cc1ccc2c(c1)[C@H](c1ccc(F)cc1)N(C(=O)c1cccc(F)c1)CC(=O)N2,0
ZINC02724190,DUD_p38_D_3831,Cc1ccc2c(c1)[C@@H](c1ccc(F)cc1)N(C(=O)c1cccc(F)c1)CC(=O)N2,0
ZINC02724191,DUD_p38_D_3832,Cc1ccc2c(c1)[C@@H](c1ccc(F)cc1)N(C(=O)c1ccc(F)cc1)CC(=O)N2,0
ZINC02724192,DUD_p38_D_3833,Cc1ccc2c(c1)[C@@H](c1ccc(F)cc1)N(C(=O)c1ccc(F)cc1)CC(=O)N2,0
ZINC02724201,DUD_p38_D_3834,COc1ccccc1C(=O)N1CC(=O)Nc2ccc(C)cc2[C@@H]1c1ccc(F)cc1,0
ZINC02724202,DUD_p38_D_3835,COc1ccccc1C(=O)N1CC(=O)Nc2ccc(C)cc2[C@H]1c1ccc(F)cc1,0
ZINC02724219,DUD_p38_D_3836,Cc1ccc2c(c1)[C@@H](c1ccccc1)N(C(=O)c1ccccc1C(F)(F)F)CC(=O)N2,0
ZINC02724236,DUD_p38_D_3837,Cc1ccc2c(c1)[C@H](c1ccccc1)N(C(=O)c1c(F)cccc1F)CC(=O)N2,0
ZINC02724238,DUD_p38_D_3838,Cc1ccc2c(c1)[C@@H](c1ccc(F)cc1)N(C(=O)c1c(F)cccc1F)CC(=O)N2,0
ZINC02724239,DUD_p38_D_3839,Cc1ccc2c(c1)[C@@H](c1ccccc1)N(C(=O)c1c(F)cccc1Cl)CC(=O)N2,0
ZINC02724240,DUD_p38_D_3840,Cc1ccc2c(c1)[C@H](c1ccccc1)N(C(=O)c1c(F)cccc1Cl)CC(=O)N2,0
ZINC02724535,DUD_p38_D_3841,O=C1CN(C(=O)c2ccccc2)[C@H](c2ccc(F)cc2)c2cc(Cl)ccc2N1,0
ZINC02724536,DUD_p38_D_3842,O=C1CN(C(=O)c2ccccc2)[C@H](c2ccc(F)cc2)c2cc(Cl)ccc2N1,0
ZINC02724537,DUD_p38_D_3843,Cc1cccc(C(=O)N2CC(=O)Nc3ccc(Cl)cc3[C@H]2c2ccc(F)cc2)c1,0
ZINC02724538,DUD_p38_D_3844,Cc1cccc(C(=O)N2CC(=O)Nc3ccc(Cl)cc3[C@H]2c2ccc(F)cc2)c1,0
ZINC02724539,DUD_p38_D_3845,Cc1ccc(C(=O)N2CC(=O)Nc3ccc(Cl)cc3[C@@H]2c2ccc(F)cc2)cc1,0
ZINC02724540,DUD_p38_D_3846,Cc1ccc(C(=O)N2CC(=O)Nc3ccc(Cl)cc3[C@H]2c2ccc(F)cc2)cc1,0
ZINC02724555,DUD_p38_D_3847,O=C1CN(C(=O)c2ccccc2F)[C@@H](c2ccccc2)c2cc(Cl)ccc2N1,0
ZINC02724556,DUD_p38_D_3848,O=C1CN(C(=O)c2ccccc2F)[C@H](c2ccccc2)c2cc(Cl)ccc2N1,0
ZINC02724567,DUD_p38_D_3849,COc1ccccc1C(=O)N1CC(=O)Nc2ccc(Cl)cc2[C@H]1c1ccccc1,0
ZINC02724568,DUD_p38_D_3850,COc1ccccc1C(=O)N1CC(=O)Nc2ccc(Cl)cc2[C@H]1c1ccccc1,0
ZINC02724571,DUD_p38_D_3851,COc1cccc(C(=O)N2CC(=O)Nc3ccc(Cl)cc3[C@H]2c2ccccc2)c1,0
ZINC02724572,DUD_p38_D_3852,COc1cccc(C(=O)N2CC(=O)Nc3ccc(Cl)cc3[C@H]2c2ccccc2)c1,0
ZINC02724575,DUD_p38_D_3853,COc1ccc(C(=O)N2CC(=O)Nc3ccc(Cl)cc3[C@@H]2c2ccccc2)cc1,0
ZINC02724576,DUD_p38_D_3854,COc1ccc(C(=O)N2CC(=O)Nc3ccc(Cl)cc3[C@H]2c2ccccc2)cc1,0
ZINC02724599,DUD_p38_D_3855,Cc1ccc(C(=O)N2CC(=O)Nc3ccc(Cl)cc3[C@@H]2c2ccccc2)cc1C,0
ZINC02724600,DUD_p38_D_3856,Cc1ccc(C(=O)N2CC(=O)Nc3ccc(Cl)cc3[C@H]2c2ccccc2)cc1C,0
ZINC02724653,DUD_p38_D_3857,Cc1cc(C)cc(C(=O)N2CC(=O)Nc3ccc(F)cc3[C@@H]2c2ccccc2)c1,0
ZINC02724654,DUD_p38_D_3858,Cc1cc(C)cc(C(=O)N2CC(=O)Nc3ccc(F)cc3[C@H]2c2ccccc2)c1,0
ZINC02724675,DUD_p38_D_3859,CCOc1ccccc1C(=O)N1CC(=O)Nc2ccc(F)cc2[C@@H]1c1ccc(F)cc1,0
ZINC02724710,DUD_p38_D_3860,O=C1CN(C(=O)/C=C\c2ccccc2)[C@H](c2ccc(F)cc2)c2cc(F)ccc2N1,0
ZINC02724719,DUD_p38_D_3861,Cc1ccccc1C(=O)N1CC(=O)Nc2ccc(F)cc2[C@H]1c1ccccc1,0
ZINC02724721,DUD_p38_D_3862,Cc1ccccc1C(=O)N1CC(=O)Nc2ccc(F)cc2[C@H]1c1ccc(F)cc1,0
ZINC02724722,DUD_p38_D_3863,Cc1ccccc1C(=O)N1CC(=O)Nc2ccc(F)cc2[C@H]1c1ccc(F)cc1,0
ZINC02724723,DUD_p38_D_3864,Cc1cccc(C(=O)N2CC(=O)Nc3ccc(F)cc3[C@@H]2c2ccccc2)c1,0
ZINC02724724,DUD_p38_D_3865,Cc1cccc(C(=O)N2CC(=O)Nc3ccc(F)cc3[C@H]2c2ccccc2)c1,0
ZINC02724725,DUD_p38_D_3866,Cc1cccc(C(=O)N2CC(=O)Nc3ccc(F)cc3[C@@H]2c2ccc(F)cc2)c1,0
ZINC02724726,DUD_p38_D_3867,Cc1cccc(C(=O)N2CC(=O)Nc3ccc(F)cc3[C@H]2c2ccc(F)cc2)c1,0
ZINC02724727,DUD_p38_D_3868,Cc1ccc(C(=O)N2CC(=O)Nc3ccc(F)cc3[C@@H]2c2ccccc2)cc1,0
ZINC02724728,DUD_p38_D_3869,Cc1ccc(C(=O)N2CC(=O)Nc3ccc(F)cc3[C@@H]2c2ccccc2)cc1,0
ZINC02724729,DUD_p38_D_3870,Cc1ccc(C(=O)N2CC(=O)Nc3ccc(F)cc3[C@@H]2c2ccc(F)cc2)cc1,0
ZINC02724730,DUD_p38_D_3871,Cc1ccc(C(=O)N2CC(=O)Nc3ccc(F)cc3[C@H]2c2ccc(F)cc2)cc1,0
ZINC02724731,DUD_p38_D_3872,O=C1CN(C(=O)c2ccccc2Cl)[C@@H](c2ccccc2)c2cc(F)ccc2N1,0
ZINC02724732,DUD_p38_D_3873,O=C1CN(C(=O)c2ccccc2Cl)[C@H](c2ccccc2)c2cc(F)ccc2N1,0
ZINC02724739,DUD_p38_D_3874,O=C1CN(C(=O)c2ccc(Cl)cc2)[C@H](c2ccccc2)c2cc(F)ccc2N1,0
ZINC02724747,DUD_p38_D_3875,COc1ccccc1C(=O)N1CC(=O)Nc2ccc(F)cc2[C@H]1c1ccccc1,0
ZINC02724748,DUD_p38_D_3876,COc1ccccc1C(=O)N1CC(=O)Nc2ccc(F)cc2[C@H]1c1ccccc1,0
ZINC02724749,DUD_p38_D_3877,COc1ccccc1C(=O)N1CC(=O)Nc2ccc(F)cc2[C@H]1c1ccc(F)cc1,0
ZINC02724750,DUD_p38_D_3878,COc1ccccc1C(=O)N1CC(=O)Nc2ccc(F)cc2[C@@H]1c1ccc(F)cc1,0
ZINC02724751,DUD_p38_D_3879,COc1cccc(C(=O)N2CC(=O)Nc3ccc(F)cc3[C@H]2c2ccccc2)c1,0
ZINC02724752,DUD_p38_D_3880,COc1cccc(C(=O)N2CC(=O)Nc3ccc(F)cc3[C@@H]2c2ccccc2)c1,0
ZINC02724753,DUD_p38_D_3881,COc1cccc(C(=O)N2CC(=O)Nc3ccc(F)cc3[C@@H]2c2ccc(F)cc2)c1,0
ZINC02724754,DUD_p38_D_3882,COc1cccc(C(=O)N2CC(=O)Nc3ccc(F)cc3[C@H]2c2ccc(F)cc2)c1,0
ZINC02724755,DUD_p38_D_3883,COc1ccc(C(=O)N2CC(=O)Nc3ccc(F)cc3[C@H]2c2ccccc2)cc1,0
ZINC02724756,DUD_p38_D_3884,COc1ccc(C(=O)N2CC(=O)Nc3ccc(F)cc3[C@H]2c2ccccc2)cc1,0
ZINC02724757,DUD_p38_D_3885,COc1ccc(C(=O)N2CC(=O)Nc3ccc(F)cc3[C@H]2c2ccc(F)cc2)cc1,0
ZINC02724758,DUD_p38_D_3886,COc1ccc(C(=O)N2CC(=O)Nc3ccc(F)cc3[C@@H]2c2ccc(F)cc2)cc1,0
ZINC02724759,DUD_p38_D_3887,CCOc1ccc(C(=O)N2CC(=O)Nc3ccc(F)cc3[C@H]2c2ccccc2)cc1,0
ZINC02724781,DUD_p38_D_3888,Cc1ccc(C(=O)N2CC(=O)Nc3ccc(F)cc3[C@H]2c2ccccc2)cc1C,0
ZINC02724782,DUD_p38_D_3889,Cc1ccc(C(=O)N2CC(=O)Nc3ccc(F)cc3[C@H]2c2ccccc2)cc1C,0
ZINC02725790,DUD_p38_D_3890,Cc1ccc([C@]2(C)NC(=O)N(Cc3csc(-c4ccccc4)n3)C2=O)cc1,0
ZINC02725791,DUD_p38_D_3891,Cc1ccc([C@@]2(C)NC(=O)N(Cc3csc(-c4ccccc4)n3)C2=O)cc1,0
ZINC02725940,DUD_p38_D_3892,CC(C)(C)c1ccc(-c2nnc3n2NC(c2ccccc2F)=CS3)cc1,0
ZINC02726745,DUD_p38_D_3893,O=C1NC(=O)N(c2ccc(Cl)cc2)C(=O)/C1=C\c1cccn1-c1ccccc1,0
ZINC02728453,DUD_p38_D_3894,O=C(NC(=S)Nc1c(O)ccc2ccccc12)c1ccc2c(c1)OCO2,0
ZINC02730930,DUD_p38_D_3895,Cc1cc2[nH]c(=O)cc(CSc3nccc(-c4ccc(Cl)cc4)n3)n2n1,0
ZINC02731730,DUD_p38_D_3896,CCNC(=S)NNC(=O)c1cc(-c2cccs2)nc2ccccc12,0
ZINC02736052,DUD_p38_D_3897,C#CCOc1ccc(/C=C2\C(=O)NC(=O)N(c3cccc(Br)c3)C2=O)cc1,0
ZINC02736111,DUD_p38_D_3898,C[C@@H](NC(=O)c1cc2ncc(CCCl)cn2n1)c1ccccc1,0
ZINC02736617,DUD_p38_D_3899,CCSc1nnc2c(n1)O[C@@H](c1ccc(F)cc1)Nc1ccccc1-2,0
ZINC02736618,DUD_p38_D_3900,CCSc1nnc2c(n1)O[C@@H](c1ccc(F)cc1)Nc1ccccc1-2,0
ZINC02736755,DUD_p38_D_3901,CN(C)c1ccc(-n2nc3ccc(NC(=O)c4ccc(F)cc4)cc3n2)cc1,0
ZINC02737680,DUD_p38_D_3902,CN(C)c1ccc(-n2nc3ccc(NC(=O)c4cccc(F)c4)cc3n2)cc1,0
ZINC02738624,DUD_p38_D_3903,COc1ccc(/C=C/[C@@H]2Nc3ccccc3-c3nnc(SC)nc3O2)cc1,0
ZINC02740570,DUD_p38_D_3904,C=C(NNC(=O)c1sc2cc(C)ccc2c1Cl)c1ccccn1,0
ZINC02741280,DUD_p38_D_3905,CCSc1nnc2c(n1)O[C@H](/C=C\c1cccs1)Nc1ccccc1-2,0
ZINC02741282,DUD_p38_D_3906,CCSc1nnc2c(n1)O[C@H](/C=C\c1cccs1)Nc1ccccc1-2,0
ZINC02744966,DUD_p38_D_3907,O=C1c2ccccc2N[C@H](c2cc([N+](=O)[O-])ccc2Cl)N1Cc1ccccc1,0
ZINC02745847,DUD_p38_D_3908,C[C@@H](Sc1ncn(-c2ccccc2)n1)C(=O)Nc1ccc(Cl)cc1,0
ZINC02746475,DUD_p38_D_3909,Cc1ccc2nc(NC(=O)c3cccc(Cn4cc(Cl)cn4)c3)sc2c1,0
ZINC02746932,DUD_p38_D_3910,O=C(NNC1=CC[C@@H](c2ccccc2)CC1)c1cccc(Cl)c1,0
ZINC02747104,DUD_p38_D_3911,C=c1[nH]n(-c2ccc3ccccc3c2)c(=O)/c1=C/c1cc2c(cc1Cl)OCO2,0
ZINC02748340,DUD_p38_D_3912,C=C(NNC(=O)c1cc(Cl)ccc1OC)c1ccc2ccccc2c1,0
ZINC02748829,DUD_p38_D_3913,O=C(NNC1=CC[C@H](c2ccccc2)CC1)c1ccc(Br)cc1,0
ZINC02748830,DUD_p38_D_3914,Cc1ccc(-c2cc(C(=O)NCc3ccco3)c3ccccc3n2)s1,0
ZINC02750117,DUD_p38_D_3915,Cc1cccc(C(=O)N/N=C/c2cn[nH]c2-c2ccc(Cl)cc2)c1,0
ZINC02750117,DUD_p38_D_3916,Cc1cccc(C(=O)N/N=C/c2c[nH]nc2-c2ccc(Cl)cc2)c1,0
ZINC02750844,DUD_p38_D_3917,O=C(Nc1ncccc1Cl)c1cc(-c2ccc3c(c2)OCO3)nc2ccccc12,0
ZINC02751904,DUD_p38_D_3918,C=C(NNC(=O)c1sc2ccccc2c1Cl)c1ccc(OC)cc1,0
ZINC02754340,DUD_p38_D_3919,Cc1ccc(-c2cc(C(=O)N/N=C/c3ccoc3)c3ccccc3n2)s1,0
ZINC02754843,DUD_p38_D_3920,C/C=C(\NNC(=O)c1cc2ccccc2cc1O)c1cccc(Cl)c1,0
ZINC02755576,DUD_p38_D_3921,CC(C)c1ccc(C(=O)N/N=C/c2[nH]ncc2-c2ccc(F)cc2)cc1,0
ZINC02755576,DUD_p38_D_3922,CC(C)c1ccc(C(=O)N/N=C\c2n[nH]cc2-c2ccc(F)cc2)cc1,0
ZINC02755834,DUD_p38_D_3923,O=C(Nc1sc2c(c1C(=O)Nc1ccccc1)CCCCC2)c1cccnc1,0
ZINC02757427,DUD_p38_D_3924,Cc1cc(C(=O)NN/C(=C\CCCl)c2ccccc2)c2ccccc2n1,0
ZINC02757931,DUD_p38_D_3925,C=C(NNC(=O)c1cc(C)nc2ccccc12)c1ccc(Cl)c(Cl)c1,0
ZINC02757954,DUD_p38_D_3926,COc1ccc(-c2[nH]ncc2/C=N\NC(=O)c2ccc(Br)cc2)cc1,0
ZINC02757954,DUD_p38_D_3927,COc1ccc(-c2n[nH]cc2/C=N/NC(=O)c2ccc(Br)cc2)cc1,0
ZINC02758875,DUD_p38_D_3928,Cc1ccc(-c2cc(C(=O)NNC3=CCCC3)c3ccccc3n2)s1,0
ZINC02762354,DUD_p38_D_3929,Cc1ccc(C(=O)Nc2sc(C)c(-c3ccccc3)c2C(N)=O)cc1,0
ZINC02762464,DUD_p38_D_3930,CCn1cc(C(=O)Nc2ccc(-c3nc4ccc(C)cc4s3)cc2)cn1,0
ZINC02763289,DUD_p38_D_3931,Cc1onc(-c2ccccc2)c1C(=O)Nc1ccn(Cc2ccc(F)cc2)n1,0
ZINC02765610,DUD_p38_D_3932,C/C(=C\NNC(=O)c1sc2ccccc2c1Cl)c1ccccc1,0
ZINC02767304,DUD_p38_D_3933,Cn1cc(C(=O)Nc2ccccc2Sc2ccc(Cl)cc2)cn1,0
ZINC02768468,DUD_p38_D_3934,Cc1cc(C(F)F)n2nc(C(=O)Nc3ccccc3Cc3ccccc3)nc2n1,0
ZINC02768984,DUD_p38_D_3935,Cc1ccc2occ(/C=N/NC(=O)c3csc4ccccc34)c(=O)c2c1,0
ZINC02771961,DUD_p38_D_3936,Cc1cc(=O)[nH]c(SCC(=O)c2c(-c3ccccc3)[nH]c3ccccc23)n1,0
ZINC02771961,DUD_p38_D_3937,Cc1cc(=O)nc(SCC(=O)c2c(-c3ccccc3)[nH]c3ccccc23)[nH]1,0
ZINC02771961,DUD_p38_D_3938,Cc1cc(O)nc(SCC(=O)c2c(-c3ccccc3)[nH]c3ccccc23)n1,0
ZINC02776799,DUD_p38_D_3939,O=C(NCc1cc2ccccc2[nH]1)c1cc2nc(C3CC3)cc(C(F)F)n2n1,0
ZINC02778927,DUD_p38_D_3940,O=C(NCc1cc2ccccc2[nH]1)c1cnn2c(C(F)F)cc(C3CC3)nc12,0
ZINC02779026,DUD_p38_D_3941,O=C(Nc1cccc2ccccc12)c1cnn2c(C(F)F)cc(C3CC3)nc12,0
ZINC02779407,DUD_p38_D_3942,Cn1ncc(Br)c1C(=O)Nc1nc(-c2cccc3ccccc23)cs1,0
ZINC02782508,DUD_p38_D_3943,Cc1cccc(Cn2cnc(NC(=S)Nc3cccc4ccccc34)n2)c1,0
ZINC02783177,DUD_p38_D_3944,COc1cccc(OCC(=O)Nc2cnc(-c3ccc(F)cc3F)s2)c1,0
ZINC02783827,DUD_p38_D_3945,Cc1ncsc1CC(=O)N1NC(c2ccc(Cl)cc2)=C[C@H]1c1ccco1,0
ZINC02783828,DUD_p38_D_3946,Cc1ncsc1CC(=O)N1NC(c2ccc(Cl)cc2)=C[C@H]1c1ccco1,0
ZINC02785655,DUD_p38_D_3947,Cc1scnc1C(=O)N1NC(c2ccc(Cl)cc2)=C[C@H]1c1ccccc1O,0
ZINC02786009,DUD_p38_D_3948,Cc1scnc1C(=O)N1NC(c2ccc(F)cc2)=C[C@@H]1c1ccccc1O,0
ZINC02786010,DUD_p38_D_3949,Cc1scnc1C(=O)N1NC(c2ccc(F)cc2)=C[C@H]1c1ccccc1O,0
ZINC02786960,DUD_p38_D_3950,Cc1cccc(C)c1NC(=O)c1ccn(COc2ccc(Cl)cc2)n1,0
ZINC02787786,DUD_p38_D_3951,O=C(Nc1ccc2c(c1)CCC2)c1ccn(COc2ccc(F)cc2)n1,0
ZINC02788841,DUD_p38_D_3952,O=C(Cn1c2c(c3ccccc31)CCCC2)Nn1c(S)nc2ccccc2c1=O,0
ZINC02788950,DUD_p38_D_3953,Fc1ccc(-c2cc(-c3nc4c5c6c(sc5ncn4n3)CCC6)[nH]n2)cc1,0
ZINC02788950,DUD_p38_D_3954,Fc1ccc(-c2cc(-c3nc4c5c6c(sc5ncn4n3)CCC6)n[nH]2)cc1,0
ZINC02789690,DUD_p38_D_3955,Cc1ccc([C@H]2C[C@H]2C(=O)Nn2c(S)nc3ccccc3c2=O)cc1,0
ZINC02789691,DUD_p38_D_3956,Cc1ccc([C@H]2C[C@H]2C(=O)Nn2c(S)nc3ccccc3c2=O)cc1,0
ZINC02789692,DUD_p38_D_3957,Cc1ccc([C@H]2C[C@@H]2C(=O)Nn2c(S)nc3ccccc3c2=O)cc1,0
ZINC02790071,DUD_p38_D_3958,O=C(Nn1c(S)nc2ccccc2c1=O)c1ccccc1-n1cccc1,0
ZINC02790106,DUD_p38_D_3959,Cc1sc2ncn3nc(-c4ccccc4O)nc3c2c1-c1ccccc1,0
ZINC02791752,DUD_p38_D_3960,O=C(NCc1ccc2c(c1)OCO2)c1cc2nccc(-c3ccc(F)cc3)n2n1,0
ZINC02791970,DUD_p38_D_3961,O=C(Nc1ccc2c(c1)OCCO2)c1cnn2c(C(F)F)cc(-c3ccccc3)nc12,0
ZINC02792389,DUD_p38_D_3962,Cc1ccc(Cl)cc1NC(=O)CSc1nccc(-c2ccco2)n1,0
ZINC02793572,DUD_p38_D_3963,CN(C)c1ccc(NC(=O)c2cc3nccc(-c4ccc(F)cc4)n3n2)cc1,0
ZINC02793696,DUD_p38_D_3964,O=C(NCc1ccc(F)cc1)c1cc2nccc(-c3ccc(F)cc3)n2n1,0
ZINC02793845,DUD_p38_D_3965,COC(=O)c1sc2cc(NC(=O)c3ccccc3C)ccc2c1Cl,0
ZINC02794064,DUD_p38_D_3966,O=C(NCc1ccccc1)c1cc2nccc(-c3ccc(F)cc3)n2n1,0
ZINC02794148,DUD_p38_D_3967,Cc1ccc(F)cc1NC(=O)c1cc2nccc(-c3ccc(F)cc3)n2n1,0
ZINC02794158,DUD_p38_D_3968,Cc1cccc(NC(=S)Nc2cnn(Cc3ccccc3C)c2)c1,0
ZINC02794334,DUD_p38_D_3969,Cc1cc(F)ccc1NC(=O)c1cc2nccc(-c3ccc(F)cc3)n2n1,0
ZINC02794511,DUD_p38_D_3970,COc1ccccc1NC(=S)NNC(=O)c1ccccc1-n1cccc1,0
ZINC02794640,DUD_p38_D_3971,Cc1c(-c2ccnc3cc(C(=O)Nc4ccc(Cl)cc4)nn23)cnn1C,0
ZINC02794695,DUD_p38_D_3972,COc1ccc(CNC(=O)c2cc3nccc(-c4ccc(F)cc4)n3n2)cc1,0
ZINC02794712,DUD_p38_D_3973,Cc1ccccc1NC(=O)c1cc2nccc(-c3ccc(F)cc3)n2n1,0
ZINC02794784,DUD_p38_D_3974,Cc1nn(Cc2ccccc2F)c(C)c1NC(=O)c1nn2cccnc2c1Cl,0
ZINC02794792,DUD_p38_D_3975,Cc1c(-c2ccnc3cc(C(=O)Nc4cccc(Cl)c4)nn23)cnn1C,0
ZINC02794894,DUD_p38_D_3976,O=C(NNC1=CC[C@H](c2ccccc2)CC1)c1ccc(Br)o1,0
ZINC02795307,DUD_p38_D_3977,COc1ccccc1NC(=O)c1cc2nccc(-c3ccc(F)cc3)n2n1,0
ZINC02795443,DUD_p38_D_3978,COc1cccc(NC(=O)c2cc3nccc(-c4ccc(F)cc4)n3n2)c1,0
ZINC02795539,DUD_p38_D_3979,Cc1c(Cl)cccc1NC(=O)c1cc2nccc(-c3cnn(C)c3C)n2n1,0
ZINC02795564,DUD_p38_D_3980,Cc1nn(Cc2cccc(F)c2)c(C)c1NC(=O)c1cc(-c2ccccc2)on1,0
ZINC02795590,DUD_p38_D_3981,COc1ccc(NC(=O)c2cc3nccc(-c4ccc(F)cc4)n3n2)c(C)c1,0
ZINC02797366,DUD_p38_D_3982,COc1ccc(C2=C[C@H](c3cccc4ccccc34)n3ncnc3N2)cc1,0
ZINC02797367,DUD_p38_D_3983,COc1ccc(C2=C[C@@H](c3cccc4ccccc34)n3ncnc3N2)cc1,0
ZINC02798494,DUD_p38_D_3984,Cc1ccccc1Cn1cc(NC(=S)Nc2ccc3c(c2)OCCO3)cn1,0
ZINC02798743,DUD_p38_D_3985,Cc1ccc(F)c(NC(=S)Nc2cnn(Cc3ccccc3C)c2)c1,0
ZINC02798879,DUD_p38_D_3986,Cc1ccccc1Cn1cc(NC(=S)Nc2cc(F)ccc2C)cn1,0
ZINC02799173,DUD_p38_D_3987,Cc1ccccc1Cn1cc(NC(=S)Nc2ccc3c(c2)CCC3)cn1,0
ZINC02799395,DUD_p38_D_3988,Cc1ccccc1Cn1cc(NC(=S)Nc2ccc(F)cc2C)cn1,0
ZINC02799595,DUD_p38_D_3989,Cc1ccccc1Cn1cc(NC(=S)Nc2cccc(F)c2)cn1,0
ZINC02799816,DUD_p38_D_3990,C[C@H](NC(=O)c1cc2n(n1)[C@@H](C(F)(F)F)C[C@H](c1ccco1)N2)c1ccccc1,0
ZINC02800558,DUD_p38_D_3991,COC(=O)C1=C(C)N=c2s/c(=C\c3ccc[nH]3)c(=O)n2[C@H]1c1ccccc1,0
ZINC02800560,DUD_p38_D_3992,COC(=O)C1=C(C)N=c2s/c(=C/c3ccc[nH]3)c(=O)n2[C@H]1c1ccccc1,0
ZINC02802440,DUD_p38_D_3993,Cn1nccc1CNC(=S)Nc1cnn(Cc2ccccc2Cl)c1,0
ZINC02802736,DUD_p38_D_3994,Fc1cccc(Cn2cc(NC(=S)Nc3ccc4c(c3)OCCO4)cn2)c1,0
ZINC02803027,DUD_p38_D_3995,Fc1ccccc1Cn1ccc(-n2c(S)nnc2[C@@H]2C[C@@H]2c2ccccc2)n1,0
ZINC02803028,DUD_p38_D_3996,Fc1ccccc1Cn1ccc(-n2c(S)nnc2[C@H]2C[C@@H]2c2ccccc2)n1,0
ZINC02803029,DUD_p38_D_3997,Fc1ccccc1Cn1ccc(-n2c(S)nnc2[C@@H]2C[C@@H]2c2ccccc2)n1,0
ZINC02803030,DUD_p38_D_3998,Fc1ccccc1Cn1ccc(-n2c(S)nnc2[C@H]2C[C@H]2c2ccccc2)n1,0
ZINC02803949,DUD_p38_D_3999,C[C@@H](NS(=O)(=O)c1ccc(Cl)cc1)c1ccc(-n2cccc2)cc1,0
ZINC02803950,DUD_p38_D_4000,C[C@H](NS(=O)(=O)c1ccc(Cl)cc1)c1ccc(-n2cccc2)cc1,0
ZINC02804070,DUD_p38_D_4001,C[C@@H](NS(=O)(=O)c1ccc(Cl)cc1)c1cccc(-n2cccc2)c1,0
ZINC02804071,DUD_p38_D_4002,C[C@@H](NS(=O)(=O)c1ccc(Cl)cc1)c1cccc(-n2cccc2)c1,0
ZINC02804553,DUD_p38_D_4003,Cc1nn(C(F)F)c(C)c1S(=O)(=O)N[C@@H](C)c1cccc(-n2cccc2)c1,0
ZINC02805475,DUD_p38_D_4004,Cc1cccc(NC(=O)CSc2nccc(-c3cccs3)n2)c1C,0
ZINC02805599,DUD_p38_D_4005,Cc1ccc(NC(=O)CSc2nccc(-c3cccs3)n2)cc1,0
ZINC02808810,DUD_p38_D_4006,CCn1ncc(-c2cc(C(=O)N3NC=C[C@@]3(O)C(F)(F)F)c3ccccc3n2)c1C,0
ZINC02809237,DUD_p38_D_4007,Sc1nnc([C@H]2C[C@H]2c2ccccc2)n1-c1cnn(Cc2ccccc2)c1,0
ZINC02809238,DUD_p38_D_4008,Sc1nnc([C@@H]2C[C@@H]2c2ccccc2)n1-c1cnn(Cc2ccccc2)c1,0
ZINC02809239,DUD_p38_D_4009,Sc1nnc([C@@H]2C[C@@H]2c2ccccc2)n1-c1cnn(Cc2ccccc2)c1,0
ZINC02809240,DUD_p38_D_4010,Sc1nnc([C@@H]2C[C@H]2c2ccccc2)n1-c1cnn(Cc2ccccc2)c1,0
ZINC02812274,DUD_p38_D_4011,COC(=O)c1ccccc1NC(=S)NC(=O)COc1ccccc1Cl,0
ZINC02813070,DUD_p38_D_4012,COc1cccc(N2C(=O)/C(=C/c3c[nH]c4ccccc34)C(=O)NC2=S)c1,0
ZINC02818772,DUD_p38_D_4013,O=C(Nc1ccc(F)cc1)c1cccc(N2C(=O)[C@@H]3CCCC[C@H]3C2=O)c1,0
ZINC02818791,DUD_p38_D_4014,Cc1cc(N2C(=O)[C@H]3CC=CC[C@@H]3C2=O)ccc1NC(=O)c1cccs1,0
ZINC02818792,DUD_p38_D_4015,Cc1cc(N2C(=O)[C@@H]3CC=CC[C@H]3C2=O)ccc1NC(=O)c1cccs1,0
ZINC02818879,DUD_p38_D_4016,O=C(Nc1ccc(F)cc1)c1ccc(N2C(=O)[C@H]3[C@H]4CC[C@@H](C4)[C@H]3C2=O)cc1,0
ZINC02819154,DUD_p38_D_4017,O=C(Nc1ccc(Br)cc1)c1ccc(N2C(=O)[C@@H]3CCCC[C@H]3C2=O)cc1,0
ZINC02819374,DUD_p38_D_4018,C[C@H]1CC[C@H]2C(=O)N(c3ccc(C(=O)Nc4ccc(F)cc4)cc3)C(=O)[C@H]2C1,0
ZINC02819535,DUD_p38_D_4019,O=C(Nc1ccc(Cl)cc1)c1cccc(N2C(=O)[C@@H]3[C@H]4CC[C@@H](C4)[C@H]3C2=O)c1,0
ZINC02820141,DUD_p38_D_4020,Cc1onc(-c2c(F)cccc2Cl)c1C(=O)NC[C@H]1COc2ccccc2O1,0
ZINC02820450,DUD_p38_D_4021,O=C1NC(=S)N(c2ccccc2)C(=O)/C1=C\c1ccc(N2CCCC2)cc1,0
ZINC02820490,DUD_p38_D_4022,COc1ccc2ccccc2c1/C=C1/C(=O)NC(=S)N(c2cccc(C)c2)C1=O,0
ZINC02820492,DUD_p38_D_4023,COc1ccc(/C=C2\C(=O)NC(=S)N(c3cccc(C)c3)C2=O)c2ccccc12,0
ZINC02820552,DUD_p38_D_4024,COc1ccc2ccccc2c1/C=C1\C(=O)NC(=S)N(c2ccc(C)cc2)C1=O,0
ZINC02820554,DUD_p38_D_4025,COc1ccc(/C=C2\C(=O)NC(=S)N(c3ccc(C)cc3)C2=O)c2ccccc12,0
ZINC02820774,DUD_p38_D_4026,O=C(Nc1cccc(Cl)c1)c1ccc(N2C(=O)[C@H]3[C@H]4CC[C@@H](C4)[C@@H]3C2=O)cc1,0
ZINC02821512,DUD_p38_D_4027,O=C(Nc1ccc(F)cc1)c1cccc(N2C(=O)[C@@H]3[C@@H]4CC[C@@H](C4)[C@@H]3C2=O)c1,0
ZINC02827223,DUD_p38_D_4028,CC(=O)c1cccc(NC(=S)NC(=O)c2ccc3ccccc3c2)c1,0
ZINC02830563,DUD_p38_D_4029,COc1ccc2ccccc2c1/C=C1\C(=O)NC(=O)N(Cc2ccccc2Cl)C1=O,0
ZINC02832403,DUD_p38_D_4030,CC(=O)Nc1ccc(/C=C2\SC(=S)N(c3ccccc3C)C2=O)cc1,0
ZINC02836522,DUD_p38_D_4031,C[C@@H](NC(=O)c1cc(Cl)ccc1NC(=O)c1ccco1)c1ccccc1,0
ZINC02836890,DUD_p38_D_4032,COc1ccc(-c2cc(-c3nnc(S)n3-c3ccccc3Cl)n[nH]2)cc1,0
ZINC02836890,DUD_p38_D_4033,COc1ccc(-c2cc(-c3nnc(S)n3-c3ccccc3Cl)[nH]n2)cc1,0
ZINC02842253,DUD_p38_D_4034,O=C(Nc1ccc2c(c1)ncn2-c1ccccc1)c1ccc(Cl)cc1,0
ZINC02843051,DUD_p38_D_4035,O=C(Nc1cccc2ccccc12)C12C[C@@H]3C[C@@H](C1)CC(n1cncn1)(C3)C2,0
ZINC02846494,DUD_p38_D_4036,COC(=O)c1cccc(NC(=S)N2CCN(c3ccccc3F)CC2)c1,0
ZINC02846504,DUD_p38_D_4037,COc1cccc(-c2nn(-c3ccccc3)cc2C(=O)Nc2nccs2)c1,0
ZINC02846592,DUD_p38_D_4038,COc1ccccc1[C@H]1C=C(c2ccccc2Cl)Nc2ncnn21,0
ZINC02846695,DUD_p38_D_4039,Cc1ccc(F)c(NC(=O)CSc2ncn(-c3ccccc3)n2)c1,0
ZINC02847547,DUD_p38_D_4040,COc1ccc2ccccc2c1/C=C1/C(=O)NC(=O)N(c2ccccc2C)C1=O,0
ZINC02847595,DUD_p38_D_4041,O=C1NC(=O)N(c2ccc(Cl)cc2)C(=O)/C1=C/c1ccc(N2CCCC2)cc1,0
ZINC02850905,DUD_p38_D_4042,CC1=C[C@](O)(c2ccc(F)cc2)N(C(=O)CSCc2ccccc2)N1,0
ZINC02851591,DUD_p38_D_4043,Cc1cc(C(=O)NNC(=S)N[C@@H](C)c2ccccc2)c2ccccc2n1,0
ZINC02851592,DUD_p38_D_4044,Cc1cc(C(=O)NNC(=S)N[C@H](C)c2ccccc2)c2ccccc2n1,0
ZINC02851878,DUD_p38_D_4045,COc1ccc(NC(=S)Nc2cnn(Cc3ccc(F)cc3)c2)cc1,0
ZINC02852530,DUD_p38_D_4046,O=C(NNC(=S)NCc1ccco1)c1ccc(-n2cccc2)cc1,0
ZINC02853736,DUD_p38_D_4047,COc1ccc(Cl)cc1NC(=S)NCc1ccc(-n2cccn2)cc1,0
ZINC02854575,DUD_p38_D_4048,O=C(NNC(=S)Nc1ccc2c(c1)OCO2)c1ccc(-n2cccc2)cc1,0
ZINC02855796,DUD_p38_D_4049,O=C(NNC(=S)NCc1ccco1)C1c2ccccc2Oc2ccccc21,0
ZINC02856432,DUD_p38_D_4050,CC1=CC[C@@H]2C(=O)N(c3ccc(C(=O)Nc4cccc(Cl)c4)cc3)C(=O)[C@@H]2C1,0
ZINC02856681,DUD_p38_D_4051,Fc1ccc(Cn2cnc(NC(=S)Nc3cccc4ccccc34)n2)cc1,0
ZINC02856861,DUD_p38_D_4052,O=C(Nc1ccccc1C(=O)Nc1ccc2c(c1)OCO2)c1ccc(Cl)cc1,0
ZINC02856874,DUD_p38_D_4053,O=C(Nc1ccc(-c2nc3cc(Cl)ccc3o2)cc1)c1ccc2c(c1)OCO2,0
ZINC02857600,DUD_p38_D_4054,Cc1c(NC(=S)NCc2ccc(Cl)cc2)c(=O)n(-c2ccccc2)n1C,0
ZINC02857612,DUD_p38_D_4055,C[C@H](C(=O)Nc1cccc2ccccc12)N1C(=O)[C@H]2CC=C(Cl)C[C@@H]2C1=O,0
ZINC02857980,DUD_p38_D_4056,Cc1scc(C(=O)NNC(=S)Nc2ccc3c(c2)OCO3)c1-c1ccccc1,0
ZINC02858641,DUD_p38_D_4057,COC(=O)c1ccc(C)c(NC(=S)Nc2cccc3ccccc23)c1,0
ZINC02858712,DUD_p38_D_4058,CSc1cccc(NC(=S)Nc2c(C)n(C)n(-c3ccccc3)c2=O)c1,0
ZINC02858932,DUD_p38_D_4059,Cc1cc(=O)oc2cc(NC(=S)N3c4ccccc4C[C@H]3C)ccc12,0
ZINC02859331,DUD_p38_D_4060,O=C(NC(=S)Nc1ccc2oc(-c3ccccc3)nc2c1)c1ccc2c(c1)OCO2,0
ZINC02859345,DUD_p38_D_4061,CC(=O)Nc1cccc(-c2csc(NCc3ccccc3)n2)c1,0
ZINC02859372,DUD_p38_D_4062,COc1ccccc1C(=O)NC(=S)NNC(=O)c1ccccc1C,0
ZINC02859451,DUD_p38_D_4063,Cn1c(SCC(=O)Nc2ccccc2F)nnc1-c1cc2ccccc2o1,0
ZINC02859516,DUD_p38_D_4064,CC(=O)Nc1ccc(-c2csc(Nc3ccccc3Br)n2)cc1,0
ZINC02859686,DUD_p38_D_4065,CC(=O)Nc1ccc(-c2csc(NCc3ccccc3)n2)cc1,0
ZINC02859710,DUD_p38_D_4066,CC(=O)Nc1cccc(-c2csc(Nc3ccc(Br)cc3)n2)c1,0
ZINC02859734,DUD_p38_D_4067,CC(=O)NC(=S)Nc1cccc(-c2nc3c(ccc4ccccc43)o2)c1,0
ZINC02860448,DUD_p38_D_4068,CC(=O)Nc1cccc(-c2csc(Nc3ccccc3Cl)n2)c1,0
ZINC02860649,DUD_p38_D_4069,O=C(NC(=S)Nc1ccc2c(c1)Cc1ccccc1-2)c1ccc2c(c1)OCO2,0
ZINC02861106,DUD_p38_D_4070,CCc1ccccc1Nc1nc(-c2cccc(NC(C)=O)c2)cs1,0
ZINC02861237,DUD_p38_D_4071,CCC(=O)N1NC(c2ccc(Br)cc2)=C[C@@H]1c1cccc([N+](=O)[O-])c1,0
ZINC02861238,DUD_p38_D_4072,CCC(=O)N1NC(c2ccc(Br)cc2)=C[C@@H]1c1cccc([N+](=O)[O-])c1,0
ZINC02861711,DUD_p38_D_4073,COc1ccc2oc(-c3cccc(NC(=O)c4cccs4)c3)nc2c1,0
ZINC02861966,DUD_p38_D_4074,CCC(=O)N1NC(c2ccc(Cl)cc2)=C[C@@H]1c1cccc([N+](=O)[O-])c1,0
ZINC02861997,DUD_p38_D_4075,COc1ccc2cc(Br)ccc2c1CC(=O)Nc1ccc(C(C)=O)cc1,0
ZINC02863869,DUD_p38_D_4076,C=c1[nH]n(-c2cccc(Cl)c2C)c(=O)/c1=C/c1c[nH]c2ccccc12,0
ZINC02865835,DUD_p38_D_4077,COc1ccc(-c2csc(NC(=O)c3cc4ccccc4o3)n2)cc1,0
ZINC02866780,DUD_p38_D_4078,O=C(NC(=S)Nc1ccccc1C(=O)NC1CCCCC1)c1ccco1,0
ZINC02867448,DUD_p38_D_4079,O=C(NC(=S)NCC1(c2ccccc2)CCOCC1)c1ccccc1,0
ZINC02867470,DUD_p38_D_4080,O=C(NCc1ccco1)c1cc(-c2cccnc2)nc2ccc(Cl)cc12,0
ZINC02867583,DUD_p38_D_4081,O=C(Nc1ccc2c(c1)OCCO2)c1cc(-c2cccnc2)nc2ccc(Cl)cc12,0
ZINC02867776,DUD_p38_D_4082,Cc1cccc2c(C(=O)Nc3nncs3)cc(-c3ccccc3Cl)nc12,0
ZINC02868399,DUD_p38_D_4083,Cc1ccccc1-c1nnc(SCC(=O)Nc2cccc(F)c2)n1C,0
ZINC02868743,DUD_p38_D_4084,O=C(Nc1ccc(Oc2ccc(Cl)cc2)cc1)[C@H]1[C@H]2C[C@@H]3OC(=O)[C@H]1[C@H]3C2,0
ZINC02869309,DUD_p38_D_4085,COc1ccc([C@@H]2C=C(c3cccc(Br)c3)Nc3ncnn32)cc1,0
ZINC02869310,DUD_p38_D_4086,COc1ccc([C@H]2C=C(c3cccc(Br)c3)Nc3ncnn32)cc1,0
ZINC02871747,DUD_p38_D_4087,O=C(CN1C(=O)[C@H]2[C@H]3C[C@@H](c4ccccc4)[C@H](C3)[C@@H]2C1=O)Nc1ccc(F)cc1,0
ZINC02872246,DUD_p38_D_4088,COc1cccc(C2=C[C@@H](c3ccc(SC)cc3)n3ncnc3N2)c1,0
ZINC02872247,DUD_p38_D_4089,COc1cccc(C2=C[C@H](c3ccc(SC)cc3)n3ncnc3N2)c1,0
ZINC02873100,DUD_p38_D_4090,CC(=O)Nc1ccc(NC(=O)CSc2ccc3ccccc3c2)cc1,0
ZINC02873725,DUD_p38_D_4091,O=C(Nc1ccc2c(c1)OCO2)c1cnn2c1N[C@H](c1ccccc1)C[C@H]2C(F)(F)F,0
ZINC02873726,DUD_p38_D_4092,O=C(Nc1ccc2c(c1)OCO2)c1cnn2c1N[C@H](c1ccccc1)C[C@H]2C(F)(F)F,0
ZINC02873727,DUD_p38_D_4093,O=C(Nc1ccc2c(c1)OCO2)c1cnn2c1N[C@@H](c1ccccc1)C[C@H]2C(F)(F)F,0
ZINC02873728,DUD_p38_D_4094,O=C(Nc1ccc2c(c1)OCO2)c1cnn2c1N[C@@H](c1ccccc1)C[C@@H]2C(F)(F)F,0
ZINC02873803,DUD_p38_D_4095,CC(=O)N1c2ccccc2CCc2ccc(NC(=O)c3cccs3)cc21,0
ZINC02874120,DUD_p38_D_4096,C=CCSc1nnc2c(n1)O[C@@H](c1ccc(C)cc1)Nc1ccccc1-2,0
ZINC02874121,DUD_p38_D_4097,C=CCSc1nnc2c(n1)O[C@H](c1ccc(C)cc1)Nc1ccccc1-2,0
ZINC02874553,DUD_p38_D_4098,CCCNC(=O)c1ccccc1-c1nc(-c2ccc(Cl)cc2)no1,0
ZINC02877009,DUD_p38_D_4099,Cc1ccccc1OCC(=O)NC(=S)Nc1cccc2cc(O)ccc12,0
ZINC02877834,DUD_p38_D_4100,COc1ccc(C(=O)NC(=S)Nc2cccc3cc(O)ccc23)cc1OC,0
ZINC02878215,DUD_p38_D_4101,Cc1ccc(C(=O)NC(=S)Nc2cccc3cc(O)ccc23)cc1C,0
ZINC02878319,DUD_p38_D_4102,C=CCSc1nnc2c(n1)O[C@H](c1ccc(Br)o1)Nc1ccccc1-2,0
ZINC02878359,DUD_p38_D_4103,Cc1ccc(NC(=O)c2cc(NC(=O)c3ccco3)ccc2Cl)cc1Cl,0
ZINC02878403,DUD_p38_D_4104,C=CCSc1nnc2c(n1)O[C@H](c1cccs1)Nc1ccccc1-2,0
ZINC02878842,DUD_p38_D_4105,CC(=O)Nc1ccc(Nc2nc(-c3ccc(Br)cc3)cs2)cc1,0
ZINC02879789,DUD_p38_D_4106,O=C(CNC(=O)c1sc2ccccc2c1Cl)Nc1ccccc1,0
ZINC02882504,DUD_p38_D_4107,C=CCSc1nnc2c(n1)O[C@@H](c1ccccc1C)Nc1ccccc1-2,0
ZINC02884956,DUD_p38_D_4108,C[C@@H](C(=O)Nc1ccc(Br)cc1)N1C(=O)c2cccc3cccc1c23,0
ZINC02884957,DUD_p38_D_4109,C[C@@H](C(=O)Nc1ccc(Br)cc1)N1C(=O)c2cccc3cccc1c23,0
ZINC02885271,DUD_p38_D_4110,O=C(Nc1ccc(F)cc1)C1CCC(C(=O)Nc2ccc(F)cc2)CC1,0
ZINC02886451,DUD_p38_D_4111,COc1cccc2c1O[C@@]1(C)NC(=O)N[C@H]2[C@H]1C(=O)Nc1cccc(Cl)c1,0
ZINC02889942,DUD_p38_D_4112,O=C(C[C@@H]1Nc2cccc3cccc(c23)NC1=O)Nc1ccccc1Cl,0
ZINC02889944,DUD_p38_D_4113,O=C(C[C@H]1Nc2cccc3cccc(c23)NC1=O)Nc1ccccc1Cl,0
ZINC02889950,DUD_p38_D_4114,O=C(C[C@@H]1Nc2cccc3cccc(c23)NC1=O)Nc1cccc(C(F)(F)F)c1,0
ZINC02902477,DUD_p38_D_4115,C=C1NC(=S)N[C@@H](c2ccc(O)cc2)[C@@H]1C(=O)Nc1cccc(C)c1,0
ZINC02904111,DUD_p38_D_4116,C=CCNC(=O)c1cnn(-c2ccccc2)c1NC(=O)c1ccccc1Cl,0
ZINC02904376,DUD_p38_D_4117,C=CCNC(=O)c1cnn(-c2ccccc2)c1NC(=O)c1ccccc1Br,0
ZINC02909611,DUD_p38_D_4118,COc1ccc(N2C(=O)NC(=O)/C(=C/c3ccc(-c4ccc(F)cc4)o3)C2=O)cc1,0
ZINC02909773,DUD_p38_D_4119,Cc1cccc(NC(=O)Cn2cnc3scc(-c4ccccc4)c3c2=O)c1,0
ZINC02909779,DUD_p38_D_4120,Cc1ccc(F)cc1NC(=O)Cn1cnc2scc(-c3ccccc3)c2c1=O,0
ZINC02910975,DUD_p38_D_4121,Cc1c(C(=O)Nc2ccccc2)sc2ncn(Cc3ccccc3F)c(=O)c12,0
ZINC02911885,DUD_p38_D_4122,CC1=C[C@](O)(c2ccc(Cl)cc2)N(C(=O)COc2ccccc2)N1,0
ZINC02912026,DUD_p38_D_4123,CCCSc1nnc2c(n1)O[C@@H](c1cccs1)Nc1ccccc1-2,0
ZINC02914295,DUD_p38_D_4124,COc1cccc([C@@H]2C[C@@H](c3ccc(Cl)cc3)Nc3ncnn32)c1OC,0
ZINC02914298,DUD_p38_D_4125,COc1cccc([C@@H]2C[C@H](c3ccc(Cl)cc3)Nc3ncnn32)c1OC,0
ZINC02914300,DUD_p38_D_4126,COc1cccc([C@H]2C[C@H](c3ccc(Cl)cc3)Nc3ncnn32)c1OC,0
ZINC02914375,DUD_p38_D_4127,COc1cccc([C@H]2C[C@@H](c3ccc(Br)cc3)Nc3ncnn32)c1OC,0
ZINC02914380,DUD_p38_D_4128,COc1cccc([C@H]2C[C@H](c3ccc(Br)cc3)Nc3ncnn32)c1OC,0
ZINC02914382,DUD_p38_D_4129,COc1cccc([C@@H]2C[C@@H](c3cccc(Br)c3)Nc3ncnn32)c1OC,0
ZINC02914386,DUD_p38_D_4130,COc1cccc([C@@H]2C[C@@H](c3cccc(Br)c3)Nc3ncnn32)c1OC,0
ZINC02914388,DUD_p38_D_4131,COc1cccc([C@@H]2C[C@@H](c3cccc(Br)c3)Nc3ncnn32)c1OC,0
ZINC02914408,DUD_p38_D_4132,COc1cccc([C@@H]2C=C(c3ccc(Cl)cc3)Nc3ncnn32)c1OC,0
ZINC02914410,DUD_p38_D_4133,COc1cccc([C@H]2C=C(c3ccc(Cl)cc3)Nc3ncnn32)c1OC,0
ZINC02914419,DUD_p38_D_4134,COc1ccc(OC)c([C@H]2C[C@@H](c3ccc(Cl)cc3)Nc3ncnn32)c1,0
ZINC02914423,DUD_p38_D_4135,COc1ccc(OC)c([C@@H]2C[C@H](c3ccc(Cl)cc3)Nc3ncnn32)c1,0
ZINC02914425,DUD_p38_D_4136,COc1ccc(OC)c([C@H]2C[C@H](c3ccc(Cl)cc3)Nc3ncnn32)c1,0
ZINC02914515,DUD_p38_D_4137,COc1cccc([C@H]2C=C(c3ccc(Br)cc3)Nc3ncnn32)c1OC,0
ZINC02914517,DUD_p38_D_4138,COc1cccc([C@H]2C=C(c3ccc(Br)cc3)Nc3ncnn32)c1OC,0
ZINC02914536,DUD_p38_D_4139,COc1ccc(OC)c([C@@H]2C[C@H](c3cccc(Br)c3)Nc3ncnn32)c1,0
ZINC02914538,DUD_p38_D_4140,COc1cccc([C@H]2C[C@@H](c3ccc(Br)cc3)Nc3ncnn32)c1,0
ZINC02914544,DUD_p38_D_4141,COc1cccc([C@@H]2C[C@@H](c3ccc(Br)cc3)Nc3ncnn32)c1,0
ZINC02914546,DUD_p38_D_4142,COc1ccc(OC)c([C@@H]2C=C(c3ccc(Cl)cc3)Nc3ncnn32)c1,0
ZINC02914549,DUD_p38_D_4143,COc1ccc(OC)c([C@@H]2C=C(c3ccc(Cl)cc3)Nc3ncnn32)c1,0
ZINC02914551,DUD_p38_D_4144,COc1cccc([C@H]2C[C@H](c3cccc(Br)c3)Nc3ncnn32)c1,0
ZINC02914555,DUD_p38_D_4145,COc1cccc([C@@H]2C[C@H](c3cccc(Br)c3)Nc3ncnn32)c1,0
ZINC02914620,DUD_p38_D_4146,COc1ccc(OC)c([C@@H]2C=C(c3ccc(Br)cc3)Nc3ncnn32)c1,0
ZINC02914621,DUD_p38_D_4147,COc1ccc(OC)c([C@H]2C=C(c3ccc(Br)cc3)Nc3ncnn32)c1,0
ZINC02914628,DUD_p38_D_4148,COc1ccc(OC)c([C@H]2C=C(c3cccc(Br)c3)Nc3ncnn32)c1,0
ZINC02914629,DUD_p38_D_4149,COc1ccc(OC)c([C@@H]2C=C(c3cccc(Br)c3)Nc3ncnn32)c1,0
ZINC02914630,DUD_p38_D_4150,COc1cccc([C@@H]2C=C(c3cccc(Br)c3)Nc3ncnn32)c1,0
ZINC02914631,DUD_p38_D_4151,COc1cccc([C@@H]2C=C(c3cccc(Br)c3)Nc3ncnn32)c1,0
ZINC02914734,DUD_p38_D_4152,CSc1ccc([C@H]2C=C(c3ccc(Cl)cc3)Nc3ncnn32)cc1,0
ZINC02914735,DUD_p38_D_4153,CSc1ccc([C@H]2C=C(c3ccc(Cl)cc3)Nc3ncnn32)cc1,0
ZINC02914772,DUD_p38_D_4154,COc1ccc2cc([C@H]3C[C@@H](c4ccc(Cl)cc4)n4nnnc4N3)ccc2c1,0
ZINC02914774,DUD_p38_D_4155,COc1ccc2cc([C@@H]3C[C@@H](c4ccc(Cl)cc4)n4nnnc4N3)ccc2c1,0
ZINC02914776,DUD_p38_D_4156,COc1ccc2cc([C@H]3C[C@@H](c4ccc(Cl)cc4)n4nnnc4N3)ccc2c1,0
ZINC02914777,DUD_p38_D_4157,COc1ccc2cc([C@@H]3C[C@@H](c4ccc(Cl)cc4)n4nnnc4N3)ccc2c1,0
ZINC02915107,DUD_p38_D_4158,CCOc1ccc(C2=C[C@@H](c3ccc(Cl)cc3)n3ncnc3N2)cc1,0
ZINC02915109,DUD_p38_D_4159,CCOc1ccc(C2=C[C@@H](c3ccc(Cl)cc3)n3ncnc3N2)cc1,0
ZINC02915115,DUD_p38_D_4160,CCOc1ccc([C@@H]2C[C@H](c3ccc(Cl)cc3)n3ncnc3N2)cc1,0
ZINC02915118,DUD_p38_D_4161,CCOc1ccc([C@H]2C[C@H](c3ccc(Cl)cc3)n3ncnc3N2)cc1,0
ZINC02915121,DUD_p38_D_4162,CCOc1ccc([C@H]2C[C@H](c3ccc(Cl)cc3)n3ncnc3N2)cc1,0
ZINC02915123,DUD_p38_D_4163,CCOc1ccc([C@@H]2C[C@H](c3ccc(Cl)cc3)n3ncnc3N2)cc1,0
ZINC02915139,DUD_p38_D_4164,COc1cccc(C2=C[C@@H](c3ccc(Br)cc3)n3ncnc3N2)c1,0
ZINC02915140,DUD_p38_D_4165,COc1cccc(C2=C[C@H](c3ccc(Br)cc3)n3ncnc3N2)c1,0
ZINC02915236,DUD_p38_D_4166,COc1cccc([C@H]2C3=C(Nc4ncnn42)c2ccccc2O[C@H]3c2ccc(F)cc2)c1,0
ZINC02915237,DUD_p38_D_4167,COc1cccc([C@H]2C3=C(Nc4ncnn42)c2ccccc2O[C@@H]3c2ccc(F)cc2)c1,0
ZINC02915256,DUD_p38_D_4168,COc1cccc([C@H]2C3=C(Nc4ncnn42)c2ccccc2O[C@H]3c2cccc(F)c2)c1,0
ZINC02915258,DUD_p38_D_4169,COc1cccc([C@H]2C3=C(Nc4ncnn42)c2ccccc2O[C@@H]3c2cccc(F)c2)c1,0
ZINC02915357,DUD_p38_D_4170,CCOc1ccc([C@H]2C=C(c3ccc(Cl)cc3)Nc3ncnn32)cc1OC,0
ZINC02915367,DUD_p38_D_4171,COc1ccc([C@@H]2C=C(c3cccc(Br)c3)Nc3ncnn32)c(OC)c1,0
ZINC02915368,DUD_p38_D_4172,COc1ccc([C@H]2C=C(c3cccc(Br)c3)Nc3ncnn32)c(OC)c1,0
ZINC02915379,DUD_p38_D_4173,COc1ccc([C@H]2C[C@@H](c3ccc(Cl)cc3)Nc3ncnn32)c(OC)c1,0
ZINC02915380,DUD_p38_D_4174,COc1ccc([C@@H]2C[C@@H](c3ccc(Cl)cc3)Nc3ncnn32)c(OC)c1,0
ZINC02915383,DUD_p38_D_4175,COc1ccc([C@H]2C[C@H](c3ccc(Cl)cc3)Nc3ncnn32)c(OC)c1,0
ZINC02915768,DUD_p38_D_4176,C=C1Nc2ncnn2[C@H](c2ccccc2Cl)[C@@H]1C(=O)Nc1ccc(Cl)cc1,0
ZINC02915770,DUD_p38_D_4177,C=C1Nc2ncnn2[C@@H](c2ccccc2Cl)[C@H]1C(=O)Nc1ccc(Cl)cc1,0
ZINC02915795,DUD_p38_D_4178,COc1ccc(NC(=O)C2=C(C)Nc3ncnn3[C@H]2c2ccccc2F)cc1,0
ZINC02915797,DUD_p38_D_4179,C=C1Nc2ncnn2[C@@H](c2ccc(F)cc2)[C@H]1C(=O)Nc1ccc(OC)cc1,0
ZINC02915800,DUD_p38_D_4180,C=C1Nc2ncnn2[C@@H](c2ccc(F)cc2)[C@@H]1C(=O)Nc1ccc(OC)cc1,0
ZINC02916028,DUD_p38_D_4181,COc1ccc([C@H]2C=C(c3ccc(Br)cc3)Nc3ncnn32)c(OC)c1,0
ZINC02916029,DUD_p38_D_4182,COc1ccc([C@@H]2C=C(c3ccc(Br)cc3)Nc3ncnn32)c(OC)c1,0
ZINC02916036,DUD_p38_D_4183,COC(=O)c1nc2n(n1)[C@H](c1ccc(F)cc1)C=C(c1ccc(Cl)cc1)N2,0
ZINC02916037,DUD_p38_D_4184,COC(=O)c1nc2n(n1)[C@@H](c1ccc(F)cc1)C=C(c1ccc(Cl)cc1)N2,0
ZINC02916081,DUD_p38_D_4185,C=C1Nc2ncnn2[C@H](c2ccccc2OC)[C@@H]1C(=O)Nc1ccc(Cl)cc1,0
ZINC02916084,DUD_p38_D_4186,C=C1Nc2ncnn2[C@@H](c2ccccc2OC)[C@H]1C(=O)Nc1ccc(Cl)cc1,0
ZINC02916220,DUD_p38_D_4187,Cc1nc(NNC(=O)c2ccc(Cl)cc2Cl)cc(-c2ccccc2)n1,0
ZINC02916250,DUD_p38_D_4188,COc1ccc([C@@H]2C[C@@H](c3ccc(Br)cc3)Nc3ncnn32)c(OC)c1,0
ZINC02916372,DUD_p38_D_4189,COc1ccccc1[C@H]1C=C(c2ccc(I)cc2)Nc2ncnn21,0
ZINC02916374,DUD_p38_D_4190,COc1ccccc1[C@@H]1C=C(c2ccc(I)cc2)Nc2ncnn21,0
ZINC02916415,DUD_p38_D_4191,c1ccc(-c2ccc([C@@H]3C[C@@H](c4cccs4)n4nnnc4N3)cc2)cc1,0
ZINC02916417,DUD_p38_D_4192,c1ccc(-c2ccc([C@@H]3C[C@@H](c4cccs4)n4nnnc4N3)cc2)cc1,0
ZINC02916419,DUD_p38_D_4193,c1ccc(-c2ccc([C@H]3C[C@@H](c4cccs4)n4nnnc4N3)cc2)cc1,0
ZINC02916421,DUD_p38_D_4194,c1ccc(-c2ccc([C@H]3C[C@H](c4cccs4)n4nnnc4N3)cc2)cc1,0
ZINC02916805,DUD_p38_D_4195,COc1cccc([C@@H]2C3=C(Nc4ncnn42)c2ccccc2O[C@@H]3c2ccccc2F)c1,0
ZINC02916807,DUD_p38_D_4196,COc1cccc([C@@H]2C3=C(Nc4ncnn42)c2ccccc2O[C@@H]3c2ccccc2F)c1,0
ZINC02917050,DUD_p38_D_4197,Cn1c(C(=O)NCc2ccccc2Cl)cc2c(=O)n3ccccc3nc21,0
ZINC02917062,DUD_p38_D_4198,Cn1c(C(=O)NCc2ccc(Cl)cc2)cc2c(=O)n3ccccc3nc21,0
ZINC02917165,DUD_p38_D_4199,Cc1ccc(NC(=O)c2cc3c(=O)n4ccccc4nc3n2C)cc1Cl,0
ZINC02917320,DUD_p38_D_4200,Cc1cccn2c(=O)c3cc(C(=O)NCc4ccc(F)cc4)n(C)c3nc12,0
ZINC02917377,DUD_p38_D_4201,Cc1cccn2c(=O)c3cc(C(=O)Nc4cccc(Cl)c4)n(C)c3nc12,0
ZINC02917379,DUD_p38_D_4202,Cc1cccn2c(=O)c3cc(C(=O)Nc4ccc(Cl)cc4)n(C)c3nc12,0
ZINC02917381,DUD_p38_D_4203,Cc1cccn2c(=O)c3cc(C(=O)Nc4cccc(Br)c4)n(C)c3nc12,0
ZINC02917383,DUD_p38_D_4204,Cc1cccn2c(=O)c3cc(C(=O)Nc4ccc(Br)cc4)n(C)c3nc12,0
ZINC02917427,DUD_p38_D_4205,Cc1ccc(NC(=O)c2cc3c(=O)n4cccc(C)c4nc3n2C)cc1Cl,0
ZINC02917496,DUD_p38_D_4206,Cc1cccc(-c2nsc(SCC(=O)Nc3ccccc3)n2)c1,0
ZINC02917498,DUD_p38_D_4207,Cc1cccc(-c2nsc(SCC(=O)Nc3ccccc3C)n2)c1,0
ZINC02917673,DUD_p38_D_4208,CN(c1ccccc1)c1ccc([C@H]2NN=C(c3ccccc3O)S2)cc1,0
ZINC02917675,DUD_p38_D_4209,CN(c1ccccc1)c1ccc([C@H]2NN=C(c3ccccc3O)S2)cc1,0
ZINC02917994,DUD_p38_D_4210,COc1ccc(C2=C[C@@H](c3ccccc3OC(F)F)n3ncnc3N2)cc1,0
ZINC02917996,DUD_p38_D_4211,COc1ccc(C2=C[C@@H](c3ccccc3OC(F)F)n3ncnc3N2)cc1,0
ZINC02918058,DUD_p38_D_4212,COc1ccc([C@@H]2C[C@@H](c3ccccc3OC(F)F)n3ncnc3N2)cc1,0
ZINC02918065,DUD_p38_D_4213,COc1ccc([C@@H]2C[C@@H](c3ccccc3OC(F)F)n3ncnc3N2)cc1,0
ZINC02918090,DUD_p38_D_4214,CC1=C(C(=O)Nc2ccc(C)cc2C)[C@H](c2ccccc2F)n2ncnc2N1,0
ZINC02918092,DUD_p38_D_4215,CC1=C(C(=O)Nc2ccc(C)cc2C)[C@H](c2ccccc2F)n2ncnc2N1,0
ZINC02918094,DUD_p38_D_4216,C=C1Nc2ncnn2[C@@H](c2ccc(F)cc2)[C@@H]1C(=O)Nc1ccc(C)cc1C,0
ZINC02918097,DUD_p38_D_4217,C=C1Nc2ncnn2[C@H](c2ccc(F)cc2)[C@H]1C(=O)Nc1ccc(C)cc1C,0
ZINC02918102,DUD_p38_D_4218,C=C1Nc2ncnn2[C@H](c2cccs2)[C@@H]1C(=O)Nc1ccc(C)cc1C,0
ZINC02918106,DUD_p38_D_4219,COc1ccc(C2=C[C@@H](c3ccc(OC(F)F)cc3)n3ncnc3N2)cc1,0
ZINC02918107,DUD_p38_D_4220,COc1ccc(C2=C[C@H](c3ccc(OC(F)F)cc3)n3ncnc3N2)cc1,0
ZINC02918138,DUD_p38_D_4221,COc1cccc(C2=C[C@@H](c3ccc(OC(F)F)cc3)n3ncnc3N2)c1,0
ZINC02918140,DUD_p38_D_4222,COc1cccc(C2=C[C@H](c3ccc(OC(F)F)cc3)n3ncnc3N2)c1,0
ZINC02918163,DUD_p38_D_4223,COc1ccc([C@@H]2C[C@H](c3ccc(OC(F)F)cc3)n3ncnc3N2)cc1,0
ZINC02918169,DUD_p38_D_4224,COc1ccc([C@@H]2C[C@H](c3ccc(OC(F)F)cc3)n3ncnc3N2)cc1,0
ZINC02918198,DUD_p38_D_4225,COc1cccc([C@H]2C[C@H](c3ccc(OC(F)F)cc3)n3ncnc3N2)c1,0
ZINC02918339,DUD_p38_D_4226,CCOc1ccccc1[C@H]1C=C(c2ccc(I)cc2)Nc2ncnn21,0
ZINC02918341,DUD_p38_D_4227,CCOc1ccccc1[C@@H]1C=C(c2ccc(I)cc2)Nc2ncnn21,0
ZINC02918918,DUD_p38_D_4228,COc1ccc([C@H]2C=C(c3ccc(OC(F)F)cc3)Nc3ncnn32)cc1,0
ZINC02918920,DUD_p38_D_4229,COc1ccc([C@H]2C=C(c3ccc(OC(F)F)cc3)Nc3ncnn32)cc1,0
ZINC02918922,DUD_p38_D_4230,COc1ccccc1[C@H]1C=C(c2ccc(OC(F)F)cc2)Nc2ncnn21,0
ZINC02918924,DUD_p38_D_4231,COc1ccccc1[C@H]1C=C(c2ccc(OC(F)F)cc2)Nc2ncnn21,0
ZINC02919071,DUD_p38_D_4232,CCc1ccc(C2=C[C@H](c3cccc(Br)c3)n3nnnc3N2)cc1,0
ZINC02919072,DUD_p38_D_4233,CCc1ccc(C2=C[C@@H](c3cccc(Br)c3)n3nnnc3N2)cc1,0
ZINC02919078,DUD_p38_D_4234,COc1cccc(C2=C[C@H](c3ccccc3OC(F)F)n3ncnc3N2)c1,0
ZINC02919080,DUD_p38_D_4235,COc1cccc(C2=C[C@@H](c3ccccc3OC(F)F)n3ncnc3N2)c1,0
ZINC02919081,DUD_p38_D_4236,COc1cccc([C@H]2C[C@@H](c3ccccc3OC(F)F)n3ncnc3N2)c1,0
ZINC02919087,DUD_p38_D_4237,COc1cccc([C@H]2C[C@H](c3ccccc3OC(F)F)n3ncnc3N2)c1,0
ZINC02919111,DUD_p38_D_4238,CC(C)c1ccc(C2=C[C@@H](c3ccc(Cl)cc3)n3nnnc3N2)cc1,0
ZINC02919112,DUD_p38_D_4239,CC(C)c1ccc(C2=C[C@H](c3ccc(Cl)cc3)n3nnnc3N2)cc1,0
ZINC02919198,DUD_p38_D_4240,COc1ccccc1[C@H]1C[C@@H](c2ccccc2OC(F)F)Nc2ncnn21,0
ZINC02919199,DUD_p38_D_4241,COc1ccccc1[C@H]1C[C@@H](c2ccccc2OC(F)F)Nc2ncnn21,0
ZINC02919200,DUD_p38_D_4242,COc1ccccc1[C@H]1C[C@@H](c2ccccc2OC(F)F)Nc2ncnn21,0
ZINC02919202,DUD_p38_D_4243,COc1ccccc1[C@@H]1C[C@@H](c2ccccc2OC(F)F)Nc2ncnn21,0
ZINC02919364,DUD_p38_D_4244,CC(C)c1ccc(C2=C[C@H](c3cccc(Cl)c3)n3nnnc3N2)cc1,0
ZINC02919365,DUD_p38_D_4245,CC(C)c1ccc(C2=C[C@H](c3cccc(Cl)c3)n3nnnc3N2)cc1,0
ZINC02919391,DUD_p38_D_4246,CC(C)c1ccc(C2=C[C@H](c3ccccc3Cl)n3nnnc3N2)cc1,0
ZINC02919393,DUD_p38_D_4247,CC(C)c1ccc(C2=C[C@@H](c3ccccc3Cl)n3nnnc3N2)cc1,0
ZINC02919712,DUD_p38_D_4248,COc1ccc([C@H]2C[C@H](c3ccccc3OC(F)F)Nc3ncnn32)cc1,0
ZINC02919719,DUD_p38_D_4249,COc1ccc([C@@H]2C[C@@H](c3ccccc3OC(F)F)Nc3ncnn32)cc1,0
ZINC02922845,DUD_p38_D_4250,Cc1cc(NC(=O)Cc2nn(C)c(=O)c3ccccc23)ccc1Br,0
ZINC02923359,DUD_p38_D_4251,O=C(Nc1c(F)cccc1F)[C@@H]1CCCN1C(=O)OCc1ccccc1,0
ZINC02923455,DUD_p38_D_4252,O=C(Nc1ccccc1Cl)[C@H]1CCCN1C(=O)OCc1ccccc1,0
ZINC02926065,DUD_p38_D_4253,COc1ccccc1-n1cnc2cc(C(=O)NCc3ccc(F)cc3)ccc21,0
ZINC02926826,DUD_p38_D_4254,Cc1c(C(=O)Nc2ccc(F)cc2)sc2ncnc(N(C)c3ccccc3)c12,0
ZINC02926832,DUD_p38_D_4255,Cc1ccc(NC(=O)c2sc3ncnc(N(C)c4ccccc4)c3c2C)cc1F,0
ZINC02926839,DUD_p38_D_4256,Cc1c(C(=O)Nc2c(F)cccc2F)sc2ncnc(N(C)c3ccccc3)c12,0
ZINC02926873,DUD_p38_D_4257,Cc1c(C(=O)NCc2ccco2)sc2ncnc(N(C)c3ccccc3)c12,0
ZINC02931513,DUD_p38_D_4258,Cc1c(C(=O)Nc2ccccc2F)sc2ncnc(N3CCc4ccccc4C3)c12,0
ZINC02931587,DUD_p38_D_4259,Cc1c(C(=O)NCc2ccco2)sc2ncnc(N3CCc4ccccc4C3)c12,0
ZINC02936165,DUD_p38_D_4260,Cc1ccc(-n2nc3ccc(NC(=O)c4ccco4)cc3n2)cc1Cl,0
ZINC02937499,DUD_p38_D_4261,COc1ccc(-n2cc(C(=O)Nc3cccc(Cl)c3)c3ccccc3c2=O)cc1,0
ZINC02937512,DUD_p38_D_4262,COc1ccc(-n2cc(C(=O)Nc3ccc(F)cc3F)c3ccccc3c2=O)cc1,0
ZINC02937518,DUD_p38_D_4263,COc1ccc(-n2cc(C(=O)Nc3ccccc3F)c3ccccc3c2=O)cc1,0
ZINC02937519,DUD_p38_D_4264,COc1ccc(-n2cc(C(=O)Nc3c(F)cccc3F)c3ccccc3c2=O)cc1,0
ZINC02937733,DUD_p38_D_4265,COc1ccccc1NC(=O)c1cn(-c2ccc(F)cc2F)c(=O)c2ccccc12,0
ZINC02937744,DUD_p38_D_4266,O=C(NC1CCCCC1)c1cn(-c2ccc(F)cc2F)c(=O)c2ccccc12,0
ZINC02937746,DUD_p38_D_4267,Cc1ccc(NC(=O)c2cn(-c3ccc(F)cc3F)c(=O)c3ccccc23)cc1F,0
ZINC02937766,DUD_p38_D_4268,COc1cccc(NC(=O)c2cn(-c3ccc(F)cc3F)c(=O)c3ccccc23)c1,0
ZINC02937872,DUD_p38_D_4269,O=C(NC1CCCCC1)c1cn(-c2ccc(Cl)cc2)c(=O)c2ccccc12,0
ZINC02937874,DUD_p38_D_4270,Cc1ccc(NC(=O)c2cn(-c3ccc(Cl)cc3)c(=O)c3ccccc23)cc1F,0
ZINC02937911,DUD_p38_D_4271,CC[C@@H](C)NC(=O)c1cn(-c2ccc(Cl)cc2)c(=O)c2ccccc12,0
ZINC02937963,DUD_p38_D_4272,O=C(NCc1ccco1)c1cn(-c2ccc(Cl)cc2)c(=O)c2ccccc12,0
ZINC02937967,DUD_p38_D_4273,CCCCNC(=O)c1cn(-c2ccc(Cl)cc2)c(=O)c2ccccc12,0
ZINC02937971,DUD_p38_D_4274,O=C(NC1CCCCCC1)c1cn(-c2ccc(Cl)cc2)c(=O)c2ccccc12,0
ZINC02938033,DUD_p38_D_4275,Cc1ccc(-n2cc(C(=O)Nc3ccc(F)cc3)c3ccccc3c2=O)cc1C,0
ZINC02938050,DUD_p38_D_4276,Cc1ccc(-n2cc(C(=O)Nc3ccc(F)cc3F)c3ccccc3c2=O)cc1C,0
ZINC02938059,DUD_p38_D_4277,Cc1ccc(-n2cc(C(=O)Nc3c(F)cccc3F)c3ccccc3c2=O)cc1C,0
ZINC02939986,DUD_p38_D_4278,O=C(Nc1ccccc1F)c1oc(=O)c2ccccc2c1-c1ccccc1,0
ZINC02941679,DUD_p38_D_4279,COc1cccc(-n2nc(C(=O)Nc3ccc(F)cc3)c3ccccc3c2=O)c1,0
ZINC02941680,DUD_p38_D_4280,COc1cccc(-n2nc(C(=O)Nc3cccc(Cl)c3)c3ccccc3c2=O)c1,0
ZINC02941688,DUD_p38_D_4281,COc1cccc(-n2nc(C(=O)Nc3ccc(C)c(F)c3)c3ccccc3c2=O)c1,0
ZINC02941690,DUD_p38_D_4282,COc1cccc(-n2nc(C(=O)Nc3ccc(F)c(Cl)c3)c3ccccc3c2=O)c1,0
ZINC02941695,DUD_p38_D_4283,COc1cccc(-n2nc(C(=O)Nc3ccc(F)cc3F)c3ccccc3c2=O)c1,0
ZINC02941702,DUD_p38_D_4284,COc1cccc(-n2nc(C(=O)Nc3ccccc3F)c3ccccc3c2=O)c1,0
ZINC02941742,DUD_p38_D_4285,COc1cccc(-n2nc(C(=O)NCc3ccc(F)cc3)c3ccccc3c2=O)c1,0
ZINC02942668,DUD_p38_D_4286,COc1ccccc1-n1nc(C(=O)Nc2ccc(F)cc2F)c2ccccc2c1=O,0
ZINC02942676,DUD_p38_D_4287,COc1ccccc1-n1nc(C(=O)Nc2ccccc2F)c2ccccc2c1=O,0
ZINC02942678,DUD_p38_D_4288,COc1ccccc1-n1nc(C(=O)Nc2ccc(F)cc2Cl)c2ccccc2c1=O,0
ZINC02942680,DUD_p38_D_4289,COc1ccccc1-n1nc(C(=O)Nc2c(F)cccc2F)c2ccccc2c1=O,0
ZINC02942716,DUD_p38_D_4290,COc1ccccc1-n1nc(C(=O)NCc2ccc(F)cc2)c2ccccc2c1=O,0
ZINC02943147,DUD_p38_D_4291,COc1ccc(-n2nc(C(=O)Nc3ccc(F)cc3)c3ccccc3c2=O)cc1,0
ZINC02943158,DUD_p38_D_4292,COc1ccc(-n2nc(C(=O)Nc3ccc(C)c(F)c3)c3ccccc3c2=O)cc1,0
ZINC02943170,DUD_p38_D_4293,COc1ccc(-n2nc(C(=O)Nc3ccccc3F)c3ccccc3c2=O)cc1,0
ZINC02944900,DUD_p38_D_4294,C=C(NNC(=O)c1cc(-c2ccccc2)[nH]n1)c1ccc(Br)cc1,0
ZINC02944900,DUD_p38_D_4295,C=C(NNC(=O)c1cc(-c2ccccc2)n[nH]1)c1ccc(Br)cc1,0
ZINC02947610,DUD_p38_D_4296,Cc1cc(=O)nc2c3ccccc3n(CC(=O)Nc3ccccc3Br)n12,0
ZINC02947613,DUD_p38_D_4297,Cc1cc(=O)nc2c3ccccc3n(CC(=O)Nc3ccc(Cl)cc3)n12,0
ZINC02947617,DUD_p38_D_4298,Cc1ccc(Cl)cc1NC(=O)Cn1c2ccccc2c2nc(=O)cc(C)n21,0
ZINC02947624,DUD_p38_D_4299,Cc1cc(=O)nc2c3ccccc3n(CC(=O)Nc3ccc(F)cc3F)n12,0
ZINC02947823,DUD_p38_D_4300,Cc1ccc(Cl)cc1NC(=O)[C@@H](C)n1c2ccccc2c2nc(=O)cc(C)n21,0
ZINC02947825,DUD_p38_D_4301,Cc1ccc(Cl)cc1NC(=O)[C@@H](C)n1c2ccccc2c2nc(=O)cc(C)n21,0
ZINC02947855,DUD_p38_D_4302,Cc1cc(=O)nc2c3ccccc3n([C@H](C)C(=O)Nc3ccc(F)cc3)n12,0
ZINC02947857,DUD_p38_D_4303,Cc1cc(=O)nc2c3ccccc3n([C@@H](C)C(=O)Nc3ccc(F)cc3)n12,0
ZINC02947885,DUD_p38_D_4304,Cc1c(Cl)cccc1NC(=O)[C@H](C)n1c2ccccc2c2nc(=O)cc(C)n21,0
ZINC02947886,DUD_p38_D_4305,Cc1c(Cl)cccc1NC(=O)[C@H](C)n1c2ccccc2c2nc(=O)cc(C)n21,0
ZINC02947909,DUD_p38_D_4306,Cc1ccc(NC(=O)[C@H](C)n2c3ccccc3c3nc(=O)cc(C)n32)c(Cl)c1,0
ZINC02947911,DUD_p38_D_4307,Cc1ccc(NC(=O)[C@H](C)n2c3ccccc3c3nc(=O)cc(C)n32)c(Cl)c1,0
ZINC02947939,DUD_p38_D_4308,Cc1cc(NC(=O)[C@H](C)n2c3ccccc3c3nc(=O)cc(C)n32)ccc1Br,0
ZINC02947979,DUD_p38_D_4309,Cc1cc(=O)nc2c3ccccc3n([C@@H](C)C(=O)Nc3cc(F)ccc3F)n12,0
ZINC02947980,DUD_p38_D_4310,Cc1cc(=O)nc2c3ccccc3n([C@@H](C)C(=O)Nc3cc(F)ccc3F)n12,0
ZINC02948006,DUD_p38_D_4311,Cc1cc(F)ccc1NC(=O)[C@H](C)n1c2ccccc2c2nc(=O)cc(C)n21,0
ZINC02948008,DUD_p38_D_4312,Cc1cc(F)ccc1NC(=O)[C@H](C)n1c2ccccc2c2nc(=O)cc(C)n21,0
ZINC02953137,DUD_p38_D_4313,COc1ccc(C2=N/C(=C\c3ccc(F)cc3)C(=O)N2c2ccc(O)cc2)cc1,0
ZINC02953658,DUD_p38_D_4314,COc1ccc(-n2nc3cc(C)c(NC(=O)c4ccccc4F)cc3n2)cc1,0
ZINC02954435,DUD_p38_D_4315,Cc1cc2nc(-c3cccc(NC(=S)NC(=O)c4ccco4)c3)oc2cc1C,0
ZINC02954893,DUD_p38_D_4316,Cc1cc(C)c2oc(-c3ccc(NC(=S)NC(=O)c4ccco4)cc3)nc2c1,0
ZINC02954907,DUD_p38_D_4317,O=C(NC(=S)Nc1ccc2oc(-c3ccc(F)cc3)nc2c1)c1ccco1,0
ZINC02955129,DUD_p38_D_4318,Cc1ccccc1-c1nc2cc(NC(=S)NC(=O)c3ccco3)ccc2o1,0
ZINC02955869,DUD_p38_D_4319,Cc1cc(C)c2oc(-c3cccc(NC(=S)NC(=O)c4ccco4)c3)nc2c1,0
ZINC02956136,DUD_p38_D_4320,O=c1oc2ccccc2cc1-c1csc(NCc2ccc(F)cc2)n1,0
ZINC02956464,DUD_p38_D_4321,C[C@H](NC(=O)c1sc(=S)n2c1[nH]c(=O)c1ccccc12)c1ccccc1,0
ZINC02956466,DUD_p38_D_4322,C[C@H](NC(=O)c1sc(=S)n2c1[nH]c(=O)c1ccccc12)c1ccccc1,0
ZINC02956498,DUD_p38_D_4323,O=C(N[C@@H]1CCCc2ccccc21)c1sc(=S)n2c1[nH]c(=O)c1ccccc12,0
ZINC02956499,DUD_p38_D_4324,O=C(N[C@H]1CCCc2ccccc21)c1sc(=S)n2c1[nH]c(=O)c1ccccc12,0
ZINC02957285,DUD_p38_D_4325,Cc1ccc(CNC(=O)c2cccn3c(=O)c4ccc(Cl)cc4nc23)cc1,0
ZINC02957828,DUD_p38_D_4326,S=c1[nH]c(-c2ccc3c(c2)OCO3)cn1-c1ccc(Oc2ccccc2)cc1,0
ZINC02958624,DUD_p38_D_4327,CCOc1ccc(C2=CSc3nnc(-c4ccccc4)n3N2)cc1Cl,0
ZINC02958688,DUD_p38_D_4328,CCCCOc1ccc(-c2nnc3n2NC(c2cccs2)=CS3)cc1,0
ZINC02961697,DUD_p38_D_4329,O=c1c2sc3ccccc3c2[nH]c(=S)n1CCc1c[nH]c2ccccc12,0
ZINC02962862,DUD_p38_D_4330,CC(C)(C)c1ccccc1NC(=O)[C@@H]1CC(=O)N(c2ccc(Cl)cc2)C1,0
ZINC02965570,DUD_p38_D_4331,O=C(NNC1=CCC[C@@H]1C(=O)C(F)(F)F)c1ccc(-c2ccccc2)cc1,0
ZINC02965687,DUD_p38_D_4332,Cc1ccc(CNC(=O)c2ccc3nc4ccc(Cl)cc4c(=O)n3c2)cc1,0
ZINC02965730,DUD_p38_D_4333,Cc1ccc(CNC(=O)c2ccc3nc4cc(Cl)ccc4c(=O)n3c2)cc1,0
ZINC02967923,DUD_p38_D_4334,COc1ccccc1N1C(=O)/C(=C\c2c[nH]c3ccccc23)C(=O)NC1=S,0
ZINC02969391,DUD_p38_D_4335,Cc1nc2c3ccccc3nc(SCC(=O)Nc3ccccc3F)n2n1,0
ZINC02969852,DUD_p38_D_4336,O=C(NC1CCCCC1)c1ccc(-n2c(=S)[nH]c3ccccc3c2=O)cc1,0
ZINC02969864,DUD_p38_D_4337,C=CCNC(=O)c1ccc(-n2c(=S)[nH]c3ccccc3c2=O)cc1,0
ZINC02971720,DUD_p38_D_4338,O=C(NCc1cccs1)c1ccc2c(=O)n(C3CCCC3)c(=S)[nH]c2c1,0
ZINC02971873,DUD_p38_D_4339,O=C(CCn1c(=S)[nH]c2ccccc2c1=O)Nc1ccc2c(c1)CCC2,0
ZINC02972028,DUD_p38_D_4340,O=C1NC(=S)N(c2ccccc2)C(=O)/C1=C\c1ccc(N2CCCC2)o1,0
ZINC02972103,DUD_p38_D_4341,O=C(CCCn1c(=S)[nH]c2ccccc2c1=O)N1CCc2ccccc21,0
ZINC02972115,DUD_p38_D_4342,O=C1NC(=S)N(c2ccccc2)C(=O)/C1=C\c1ccc(N2CCCCC2)o1,0
ZINC02973054,DUD_p38_D_4343,O=C1NC(=O)N(c2ccccc2F)C(=O)/C1=C\c1ccc(-c2ccc(F)cc2)o1,0
ZINC02973111,DUD_p38_D_4344,COc1ccc(N2C(=O)NC(=O)/C(=C/c3cccn3-c3ccccc3)C2=O)cc1,0
ZINC02973225,DUD_p38_D_4345,Cc1ccc(N2NC(=O)/C(=C\c3ccc(-c4ccccc4)o3)C2=O)cc1Cl,0
ZINC02973363,DUD_p38_D_4346,O=C(c1ccc(Cn2c(=S)[nH]c3ccccc3c2=O)cc1)N1CCCCCC1,0
ZINC02976023,DUD_p38_D_4347,O=c1c2cc(N3CCOCC3)ccc2[nH]c(=S)n1CCc1c[nH]c2ccccc12,0
ZINC02977415,DUD_p38_D_4348,C=CCSc1nnc2c(n1)O[C@H](c1ccc3c(c1)OCO3)Nc1ccccc1-2,0
ZINC02977640,DUD_p38_D_4349,O=C(Cc1ccccc1)Nc1cc(N2C(=O)[C@H]3CC=CC[C@@H]3C2=O)ccc1Cl,0
ZINC02977641,DUD_p38_D_4350,O=C(Cc1ccccc1)Nc1cc(N2C(=O)[C@@H]3CC=CC[C@H]3C2=O)ccc1Cl,0
ZINC02977642,DUD_p38_D_4351,O=C(Cc1ccccc1)Nc1cc(N2C(=O)[C@@H]3CC=CC[C@H]3C2=O)ccc1Cl,0
ZINC02977643,DUD_p38_D_4352,O=C(Cc1ccccc1)Nc1cc(N2C(=O)[C@@H]3CC=CC[C@H]3C2=O)ccc1Cl,0
ZINC02977966,DUD_p38_D_4353,C=CCSc1nnc2c(n1)O[C@@H](c1ccc(F)cc1)Nc1ccccc1-2,0
ZINC02977967,DUD_p38_D_4354,C=CCSc1nnc2c(n1)O[C@@H](c1ccc(F)cc1)Nc1ccccc1-2,0
ZINC02978026,DUD_p38_D_4355,O=C(Cc1ccccc1)Nc1cc(N2C(=O)[C@@H]3[C@@H]4C=C[C@H](C4)[C@H]3C2=O)ccc1Cl,0
ZINC02978734,DUD_p38_D_4356,Cc1cccc(N2C(=O)c3ccc(NC(=O)Cc4cccs4)cc3C2=O)c1C,0
ZINC02978866,DUD_p38_D_4357,Cc1ccccc1N1C(=O)NC(=O)/C(=C/c2cccn2-c2ccc(Cl)cc2)C1=O,0
ZINC02979779,DUD_p38_D_4358,COc1ccc(C(=O)NC(=S)Nc2nc3ccc(C)cc3s2)cc1,0
ZINC02979904,DUD_p38_D_4359,Cc1cccc(N2C(=O)NC(=O)/C(=C/c3cccn3-c3ccccc3)C2=O)c1,0
ZINC02982268,DUD_p38_D_4360,CC(=O)Nc1ccc(NC(=S)NC(=O)c2ccccc2Br)cc1,0
ZINC02982307,DUD_p38_D_4361,CCSc1nnc(-c2cccc(NC(=O)c3ccccc3Cl)c2)n1C,0
ZINC02982331,DUD_p38_D_4362,Cc1cccc(N2C(=O)NC(=O)/C(=C/c3cccn3-c3ccc(Cl)cc3)C2=O)c1,0
ZINC02982441,DUD_p38_D_4363,COc1ccc(-c2nc3cc(NC(=O)c4cccs4)ccc3o2)cc1,0
ZINC02982467,DUD_p38_D_4364,Cc1ccc(N2C(=O)NC(=O)/C(=C/c3cccn3-c3ccc(Cl)cc3)C2=O)cc1,0
ZINC02982548,DUD_p38_D_4365,CCOc1ccc(-n2nc3ccc(NC(=O)c4cccs4)cc3n2)cc1,0
ZINC02982552,DUD_p38_D_4366,COc1ccc(C(=O)NC(=S)Nc2nc(-c3ccccc3)cs2)cc1,0
ZINC02982863,DUD_p38_D_4367,COc1ccc(N2C(=O)/C(=C\c3cccn3-c3ccccc3)C(=O)NC2=S)cc1,0
ZINC02985096,DUD_p38_D_4368,C#CCOc1ccc(Cl)cc1/C=C1/C(=O)NC(=O)N(c2ccccc2F)C1=O,0
ZINC02985823,DUD_p38_D_4369,Cc1ccc(N2C(=O)NC(=O)/C(=C/c3cccc4ccccc34)C2=O)cc1Cl,0
ZINC02990052,DUD_p38_D_4370,C#CCOc1cccc(/C=C2\C(=O)NC(=O)N(c3ccc(C)c(Cl)c3)C2=O)c1,0
ZINC02990373,DUD_p38_D_4371,C=CCN1C(=O)/C(=C\c2c3ccccc3cc3ccccc23)C(=O)NC1=S,0
ZINC02991003,DUD_p38_D_4372,Cc1ccc(Cl)cc1N1C(=O)NC(=O)/C(=C\c2cccc3ccccc23)C1=O,0
ZINC02992491,DUD_p38_D_4373,O=C1N(Cc2ccccc2Cl)c2ccccc2[C@@]12NN=C(c1ccccc1)S2,0
ZINC02992934,DUD_p38_D_4374,Cc1ccc(C(=O)Nc2ccc(NC(=O)c3ccco3)cc2)cc1Cl,0
ZINC02995095,DUD_p38_D_4375,O=C1NC(=O)N(c2ccc(F)cc2)C(=O)/C1=C\c1cccn1-c1ccccc1,0
ZINC02997877,DUD_p38_D_4376,Cc1c(Cl)cccc1NC(=O)C1CCN(C(=O)c2ccc(F)cc2)CC1,0
ZINC02998378,DUD_p38_D_4377,CSc1cccc(NC(=O)C2CCN(C(=O)c3ccc(F)cc3)CC2)c1,0
ZINC02998950,DUD_p38_D_4378,Cc1ccc(Cl)cc1NC(=O)c1ccc(-c2ccccc2[N+](=O)[O-])o1,0
ZINC02999285,DUD_p38_D_4379,O=C(Nc1ccccc1F)C1CCN(C(=O)c2ccc(Cl)cc2)CC1,0
ZINC03004657,DUD_p38_D_4380,COc1ccc(N2C(=O)/C(=C/c3cccn3-c3ccccc3F)C(=O)NC2=S)cc1,0
ZINC03008115,DUD_p38_D_4381,COc1ccccc1C(=O)Nc1c2c(nn1-c1ccc(F)cc1)CSC2,0
ZINC03008147,DUD_p38_D_4382,O=C(Cc1ccccc1)Nc1c2c(nn1-c1ccc(F)cc1)CSC2,0
ZINC03008153,DUD_p38_D_4383,O=C(COc1ccccc1)Nc1c2c(nn1-c1ccc(F)cc1)CSC2,0
ZINC03008159,DUD_p38_D_4384,O=C(/C=C/c1ccccc1)Nc1c2c(nn1-c1ccc(F)cc1)CSC2,0
ZINC03012954,DUD_p38_D_4385,Cc1cccc(NC(=O)c2cnn3c2N[C@H](c2ccco2)C[C@H]3C(F)(F)F)c1,0
ZINC03012955,DUD_p38_D_4386,Cc1cccc(NC(=O)c2cnn3c2N[C@@H](c2ccco2)C[C@H]3C(F)(F)F)c1,0
ZINC03012957,DUD_p38_D_4387,Cc1cccc(NC(=O)c2cnn3c2N[C@H](c2ccco2)C[C@@H]3C(F)(F)F)c1,0
ZINC03014856,DUD_p38_D_4388,O=C(NCc1cccs1)c1cccc(N2C(=O)[C@H]3[C@@H]4C=C[C@H](C4)[C@@H]3C2=O)c1,0
ZINC03016364,DUD_p38_D_4389,Cc1nc2oc3ccc(F)cc3c(=O)c2cc1C(=O)Nc1ccc(Cl)cc1,0
ZINC03016368,DUD_p38_D_4390,Cc1nc2oc3ccc(F)cc3c(=O)c2cc1C(=O)NCc1ccccc1,0
ZINC03016370,DUD_p38_D_4391,Cc1nc2oc3ccc(F)cc3c(=O)c2cc1C(=O)NCc1ccc(Cl)cc1,0
ZINC03018352,DUD_p38_D_4392,O=C1Nc2cc(C(=O)N3CCc4ccccc4C3)ccc2Sc2ccccc21,0
ZINC03018626,DUD_p38_D_4393,COc1ccccc1CNC(=O)c1sc(=S)n(-c2ccccc2)c1N,0
ZINC03018679,DUD_p38_D_4394,Nc1c(C(=O)N2CCc3ccccc3C2)sc(=S)n1-c1ccccc1,0
ZINC03018680,DUD_p38_D_4395,Nc1c(C(=O)N2CCc3ccccc3C2)sc(=S)n1CCc1ccccc1,0
ZINC03018712,DUD_p38_D_4396,COc1ccc(OC)c(NC(=O)c2sc(=S)n(-c3ccccc3)c2N)c1,0
ZINC03025477,DUD_p38_D_4397,Cc1cccc(-n2cnc3cc(C(=O)NCc4ccc5c(c4)OCO5)ccc32)c1,0
ZINC03025494,DUD_p38_D_4398,Cc1cccc(-n2cnc3cc(C(=O)NCc4ccc(F)cc4)ccc32)c1,0
ZINC03025712,DUD_p38_D_4399,Cc1ccc(-n2cnc3cc(C(=O)NCc4ccco4)ccc32)cc1Cl,0
ZINC03026922,DUD_p38_D_4400,CCc1ccc(-n2c(N)c(C(=O)Nc3ccccc3C)sc2=S)cc1,0
ZINC03026991,DUD_p38_D_4401,Cc1ccccc1NC(=O)c1sc(=S)n(-c2ccccc2C)c1N,0
ZINC03026995,DUD_p38_D_4402,Cc1ccc(-n2c(N)c(C(=O)Nc3ccccc3C)sc2=S)cc1C,0
ZINC03026998,DUD_p38_D_4403,COc1cccc(-n2c(N)c(C(=O)Nc3ccccc3C)sc2=S)c1,0
ZINC03027011,DUD_p38_D_4404,COc1ccccc1NC(=O)c1sc(=S)n(-c2ccccc2C)c1N,0
ZINC03027048,DUD_p38_D_4405,CCc1ccc(-n2c(N)c(C(=O)Nc3ccccc3)sc2=S)cc1,0
ZINC03029341,DUD_p38_D_4406,COC(=O)c1sccc1-c1ccc(C(=O)NCc2ccccc2)o1,0
ZINC03029409,DUD_p38_D_4407,O=C(NCc1ccc(Cl)cc1)c1cc(N2CCOCC2)[nH+]c2ccccc12,0
ZINC03029412,DUD_p38_D_4408,O=C(NCc1ccccc1Cl)c1cc(N2CCOCC2)[nH+]c2ccccc12,0
ZINC03030177,DUD_p38_D_4409,O=C1CC2(CCN(C(=S)Nc3cccc(Cl)c3)CC2)Oc2ccccc21,0
ZINC03030181,DUD_p38_D_4410,COc1cccc(NC(=S)N2CCC3(CC2)CC(=O)c2ccccc2O3)c1,0
ZINC03030978,DUD_p38_D_4411,Cc1ccc(Nc2ncc(-c3nc4cc(Cl)ccc4o3)cn2)cc1,0
ZINC03032931,DUD_p38_D_4412,O=C(NCc1ccccc1)c1ccc2c(c1)NC(=O)c1ccccc1S2,0
ZINC03032972,DUD_p38_D_4413,CCc1ccc(NC(=O)CSc2ncnc3c2sc2ccccc23)cc1,0
ZINC03032992,DUD_p38_D_4414,Cc1ccc(NC(=O)CSc2ncnc3c2sc2ccccc23)cc1C,0
ZINC03033008,DUD_p38_D_4415,COc1ccccc1NC(=O)CSc1ncnc2c1sc1ccccc12,0
ZINC03033345,DUD_p38_D_4416,C[C@@H]1CCCC[C@H]1NC(=O)c1ccc2c(c1)NC(=O)c1ccccc1S2,0
ZINC03033365,DUD_p38_D_4417,O=C(NCc1ccc(F)cc1)c1ccc2c(c1)NC(=O)c1ccccc1S2,0
ZINC03033683,DUD_p38_D_4418,O=C(NCc1ccc(F)cc1)c1ccc2nc3[nH]c4ccccc4c3nc2c1,0
ZINC03034412,DUD_p38_D_4419,Cc1ccc(NC(=O)c2sc(=S)n(-c3ccccc3C)c2N)cc1,0
ZINC03034885,DUD_p38_D_4420,Cc1ccccc1-n1c(N)c(C(=O)NCc2ccc3c(c2)OCO3)sc1=S,0
ZINC03035497,DUD_p38_D_4421,Cc1ccc(CNC(=O)c2cnn3c(C(F)(F)F)cc(-c4ccco4)nc23)cc1,0
ZINC03036004,DUD_p38_D_4422,CC(=O)Nc1ccc(/C=C2/SC(=S)N(c3ccccc3)C2=O)cc1,0
ZINC03039898,DUD_p38_D_4423,CN1C(=O)c2ccccc2Sc2ccc(C(=O)NCc3ccco3)cc21,0
ZINC03039908,DUD_p38_D_4424,CN1C(=O)c2ccccc2Sc2ccc(C(=O)NCc3ccccc3Cl)cc21,0
ZINC03039918,DUD_p38_D_4425,CN1C(=O)c2ccccc2Sc2ccc(C(=O)NCc3ccccc3)cc21,0
ZINC03040640,DUD_p38_D_4426,O=C(NCc1cccs1)c1ccc2c(c1)N(Cc1ccccc1)C(=O)CS2,0
ZINC03040844,DUD_p38_D_4427,COc1ccc2ccccc2c1/C=C1/C(=O)NN(c2ccc(Br)cc2)C1=O,0
ZINC03041617,DUD_p38_D_4428,Cc1nc2c(C(=O)NCc3cccs3)cnn2c(C)c1Cc1ccc(F)cc1,0
ZINC03041662,DUD_p38_D_4429,C=CCN1C(=O)/C(=N\NC(=S)Nc2ccccc2F)c2ccccc21,0
ZINC03042515,DUD_p38_D_4430,O=C(NC1CCCC1)c1cc(=O)n(Cc2ccc(Cl)cc2)c2ccccc12,0
ZINC03042676,DUD_p38_D_4431,O=C(NCc1ccco1)c1ccc2c(c1)N(Cc1ccc(F)cc1)C(=O)CS2,0
ZINC03043451,DUD_p38_D_4432,O=C(CCn1c(=S)[nH]c2ccccc2c1=O)N1CCc2ccccc21,0
ZINC03045002,DUD_p38_D_4433,CCOc1ccc2ccccc2c1/C=C1\C(=O)NN(c2ccc(Cl)cc2)C1=O,0
ZINC03045223,DUD_p38_D_4434,Cc1nc2c(C(=O)NCc3ccco3)cnn2c(C)c1Cc1ccc(F)cc1,0
ZINC03045303,DUD_p38_D_4435,Cc1nc2c(C(=O)NCc3ccco3)cnn2c(C)c1Cc1cccc(Cl)c1,0
ZINC03045371,DUD_p38_D_4436,Cc1nc2c(C(=O)NCc3ccco3)cnn2c(C)c1Cc1c(F)cccc1Cl,0
ZINC03048846,DUD_p38_D_4437,CC(=O)Nc1cc(C(=O)NCc2ccco2)ccc1Sc1ccc(F)cc1,0
ZINC03049697,DUD_p38_D_4438,CNC(=O)c1ccc2c(c1)N(Cc1ccccc1Cl)C(=O)c1ccccc1S2,0
ZINC03049763,DUD_p38_D_4439,O=C1Nc2ccccc2S/C1=C\C(=O)N1CCN(c2ccc(F)cc2)CC1,0
ZINC03050069,DUD_p38_D_4440,CNC(=O)c1ccc2c(c1)N(Cc1ccccc1F)C(=O)c1ccccc1S2,0
ZINC03050323,DUD_p38_D_4441,C=CCNC(=O)c1cnn(-c2nc(-c3ccccc3)cs2)c1C(F)(F)F,0
ZINC03055655,DUD_p38_D_4442,COc1ccc(-c2ccc(=O)n(CC(=O)Nc3ccc(Cl)cc3F)n2)cc1,0
ZINC03055670,DUD_p38_D_4443,COc1ccc(-c2ccc(=O)n(CC(=O)Nc3ccccc3Cl)n2)cc1,0
ZINC03059759,DUD_p38_D_4444,C/C=C(/NNC(=O)c1cncc(Br)c1)c1ccc(-c2ccccc2)cc1,0
ZINC03060327,DUD_p38_D_4445,O=C(N/N=C\c1ccc(-c2ccc(Cl)cc2)o1)c1ccc2c(c1)OCO2,0
ZINC03060485,DUD_p38_D_4446,CCN1C(=O)c2ccccc2Sc2ccc(C(=O)NCc3cccs3)cc21,0
ZINC03060832,DUD_p38_D_4447,Cc1ccc(C(=O)NN/C=C2/[C@H](c3ccccc3)C2(Cl)Cl)cc1,0
ZINC03061145,DUD_p38_D_4448,CCN1C(=O)c2ccccc2Sc2ccc(C(=O)NCc3ccco3)cc21,0
ZINC03076735,DUD_p38_D_4449,Cc1ccc(S(=O)(=O)/N=C2\C=CC=CC2=C2Nc3ccccc3N2)cc1,0
ZINC03077663,DUD_p38_D_4450,CC(C)NC(=O)c1c(-c2ccccc2)csc1NC(=O)c1ccccc1,0
ZINC03088486,DUD_p38_D_4451,CCCNC(=S)Oc1cccc(C(=O)Nc2ccccc2Cl)c1,0
ZINC03098775,DUD_p38_D_4452,C[C@@H](C(=O)c1ccc(Cl)cc1)[n+]1cccc(NC(=O)c2ccccc2)c1,0
ZINC03100236,DUD_p38_D_4453,O=C(Nc1sc2c(c1C(=O)Nc1ccccc1)CCCC2)c1cccnc1,0
ZINC03100276,DUD_p38_D_4454,O=C(Nc1sc2c(c1C(=O)Nc1ccc(Cl)cc1)CCC2)c1ccco1,0
ZINC03100277,DUD_p38_D_4455,O=C(Nc1sc2c(c1C(=O)Nc1ccc(Cl)cc1)CCC2)c1ccncc1,0
ZINC03100320,DUD_p38_D_4456,C=CCNC(=O)c1cnn(-c2ccccc2)c1NC(=O)c1cccs1,0
ZINC03117237,DUD_p38_D_4457,CN(C)C(=S)Oc1ccc(C(=O)Nc2cccc3ccccc23)cc1,0
ZINC03128957,DUD_p38_D_4458,O=C1NN(c2ccccc2)C(SCc2ccccc2Cl)=Nc2ccccc21,0
ZINC03129643,DUD_p38_D_4459,Cc1nn(CC(=O)Nc2cccc(Cl)c2)c(C)c1Oc1ccccc1,0
ZINC03131364,DUD_p38_D_4460,O=C1c2cccc3c(NC[C@@H](O)CCl)ccc(c23)C(=O)N1c1ccccc1,0
ZINC03131365,DUD_p38_D_4461,O=C1c2cccc3c(NC[C@H](O)CCl)ccc(c23)C(=O)N1c1ccccc1,0
ZINC03132095,DUD_p38_D_4462,C[C@]1([C@@]2(C)NN=C(c3ccccc3)S2)NN=C(c2ccccc2)S1,0
ZINC03132963,DUD_p38_D_4463,O=C(Nc1ncc2c(n1)-c1ccccc1CC2)c1cccc(C(F)(F)F)c1,0
ZINC03134448,DUD_p38_D_4464,Cc1ccc(NC(=O)c2ccc(=O)n(Cc3ccc(F)c(F)c3)c2)cc1C,0
ZINC03134752,DUD_p38_D_4465,Cc1ccc(C(=O)Nc2ccc(Oc3ncccn3)c(Cl)c2)cc1,0
ZINC03136103,DUD_p38_D_4466,C[C@@]1([C@]2(C)NN=C(c3ccccc3)S2)NN=C(c2ccccc2)S1,0
ZINC03166739,DUD_p38_D_4467,Cc1ccc(NC(=S)Nc2nc(-c3ccccc3)cs2)cc1C,0
ZINC03170274,DUD_p38_D_4468,CC(=O)Nc1nn(-c2ccccc2)c(O)c1/N=C\c1ccccc1Br,0
ZINC03170562,DUD_p38_D_4469,[NH2+]=C1c2ccccc2CN1n1cnc2scc(-c3ccccc3)c2c1=O,0
ZINC03171876,DUD_p38_D_4470,CCCCNP1(=O)C=C(c2ccccc2)SC(c2ccccc2)=C1,0
ZINC03174129,DUD_p38_D_4471,S=C(Nc1ccccc1)Nc1ccccc1-c1nnc2n1CCCCC2,0
ZINC03174740,DUD_p38_D_4472,O=C(NC[C@H]1CCCO1)c1cn(-c2ccccc2)nc1-c1ccc(Cl)cc1,0
ZINC03176695,DUD_p38_D_4473,Cc1ccc(N2CC(=O)C(c3nc(-c4ccccc4)cs3)=C2N)cc1,0
ZINC03176697,DUD_p38_D_4474,COc1cccc(N2CC(=O)C(c3nc(-c4ccccc4)cs3)=C2N)c1,0
ZINC03176702,DUD_p38_D_4475,NC1=C(c2nc(-c3ccc(Cl)cc3)cs2)C(=O)CN1c1ccccc1,0
ZINC03176703,DUD_p38_D_4476,Cc1ccccc1N1CC(=O)C(c2nc(-c3ccc(Cl)cc3)cs2)=C1N,0
ZINC03176704,DUD_p38_D_4477,Cc1cccc(N2CC(=O)C(c3nc(-c4ccccc4)cs3)=C2N)c1,0
ZINC03176706,DUD_p38_D_4478,Cc1cccc(N2CC(=O)C(c3nc(-c4ccc(Cl)cc4)cs3)=C2N)c1,0
ZINC03176707,DUD_p38_D_4479,Cc1ccc(N2CC(=O)C(c3nc(-c4ccc(Cl)cc4)cs3)=C2N)cc1,0
ZINC03176708,DUD_p38_D_4480,COc1ccccc1N1CC(=O)C(c2nc(-c3ccc(Cl)cc3)cs2)=C1N,0
ZINC03176710,DUD_p38_D_4481,COc1cccc(N2CC(=O)C(c3nc(-c4ccc(Cl)cc4)cs3)=C2N)c1,0
ZINC03176711,DUD_p38_D_4482,COc1ccc(N2CC(=O)C(c3nc(-c4ccc(Cl)cc4)cs3)=C2N)cc1,0
ZINC03176727,DUD_p38_D_4483,NC1=C(c2nc(-c3ccc(Br)cc3)cs2)C(=O)CN1c1ccccc1,0
ZINC03177623,DUD_p38_D_4484,O=C(c1cc(-c2ccccc2)nc2ccccc12)N1NC=C[C@]1(O)C(F)(F)F,0
ZINC03178274,DUD_p38_D_4485,NC1=C(c2nc(-c3ccc(Cl)cc3)cs2)C(=O)CN1c1ccc2c(c1)OCO2,0
ZINC03178351,DUD_p38_D_4486,COc1ccc(N2CC(=O)C(c3nc(-c4ccccc4)cs3)=C2N)cc1,0
ZINC03178352,DUD_p38_D_4487,CC(C)c1ccc(N2CC(=O)C(c3nc(-c4ccccc4)cs3)=C2N)cc1,0
ZINC03181444,DUD_p38_D_4488,O=C(CCl)Nc1ccc2c(c1)N(C(=O)c1ccccc1)c1ccccc1CC2,0
ZINC03181960,DUD_p38_D_4489,COc1ccc(/C=N\n2c(C)nc3scc(-c4ccccc4)c3c2=O)cc1O,0
ZINC03183831,DUD_p38_D_4490,Cc1cccc(C)c1NC(=O)[C@H](NC(=O)c1ccccn1)c1ccc(F)cc1,0
ZINC03186336,DUD_p38_D_4491,C=C(NNC(=O)c1cncc(Br)c1)c1ccc(-c2ccccc2)cc1,0
ZINC03187140,DUD_p38_D_4492,NC1=C(c2nc(-c3ccc(Cl)cc3)cs2)C(=O)CN1Cc1ccco1,0
ZINC03187627,DUD_p38_D_4493,O=C(NNC1=CCCC1)c1cc(-c2ccc(F)cc2)nc2ccccc12,0
ZINC03188087,DUD_p38_D_4494,C=c1[nH][nH]c(=O)/c1=C/c1cn(-c2ccccc2)nc1-c1ccc(Br)cc1,0
ZINC03188115,DUD_p38_D_4495,Cc1ccc2c(c1)C(c1ccccc1)=N[C@@H](OC(=O)c1ccc(Cl)cc1)C(=O)N2,0
ZINC03188430,DUD_p38_D_4496,O=C(CCl)N/N=C/c1cn(-c2ccccc2)nc1-c1ccccc1,0
ZINC03189508,DUD_p38_D_4497,Cc1ccc2nc(-c3ccc(NC(=O)c4ccncc4)cc3)sc2c1,0
ZINC03189744,DUD_p38_D_4498,O=C(N[C@@H](Cc1c[nH]c2ccccc12)c1nnc2n1CCC2)c1ccccc1Cl,0
ZINC03190143,DUD_p38_D_4499,Cc1cc(NC(=O)c2cn(-c3ccccc3)nc2-c2cccs2)n[nH]1,0
ZINC03190143,DUD_p38_D_4500,Cc1cc(NC(=O)c2cn(-c3ccccc3)nc2-c2cccs2)[nH]n1,0
ZINC03190404,DUD_p38_D_4501,Cc1cc(NC(=S)NC(=O)c2ccccc2)n(-c2ccccc2)n1,0
ZINC03193884,DUD_p38_D_4502,O=C(NC(=S)Nc1nc2c(s1)CSc1ccccc1-2)c1ccccc1,0
ZINC03193938,DUD_p38_D_4503,COc1ccccc1C(=O)NC(=S)Nc1nc2c(s1)CSc1ccccc1-2,0
ZINC03194267,DUD_p38_D_4504,COC(=O)c1ccc(NC(=O)C2c3ccccc3-c3ccccc32)cc1,0
ZINC03194344,DUD_p38_D_4505,Cc1cc(/C=N/NC(=O)c2cnccn2)c(C)n1-c1ccc(Br)cc1,0
ZINC03195362,DUD_p38_D_4506,CCSc1nnc2c(n1)O[C@@H](c1c(C)[nH]c3ccccc13)Nc1ccccc1-2,0
ZINC03195364,DUD_p38_D_4507,CCSc1nnc2c(n1)O[C@@H](c1c(C)[nH]c3ccccc13)Nc1ccccc1-2,0
ZINC03195907,DUD_p38_D_4508,O=C(NC(=S)NCCO)c1cn(-c2ccccc2)nc1-c1ccccc1,0
ZINC03199199,DUD_p38_D_4509,O=C(NC(=S)Nc1nc2c(s1)CCc1ccccc1-2)c1ccccc1,0
ZINC03200462,DUD_p38_D_4510,CCN1C(=O)c2cccc3c(NC(=S)NC(=O)c4ccccc4)ccc1c23,0
ZINC03205237,DUD_p38_D_4511,O=C1CCC[C@@]2(O)[C@H]1[C@@H](c1ccc(Cl)cc1Cl)NC(=O)N2Cc1ccccc1,0
ZINC03205631,DUD_p38_D_4512,C=C(C)NNC(=O)c1cc(-c2ccc(Br)cc2)nc2ccccc12,0
ZINC03205988,DUD_p38_D_4513,Cn1cccc1CC(=O)NNC(=S)NC(=O)c1ccccc1Br,0
ZINC03206231,DUD_p38_D_4514,Cc1cc(NC(=O)c2cccc(F)c2)n(-c2nc3ccccc3s2)n1,0
ZINC03206969,DUD_p38_D_4515,Cc1cc(/C=N/NC(=O)c2cccnc2)c(C)n1-c1ccc(Br)cc1,0
ZINC03207923,DUD_p38_D_4516,CCOC(=O)c1c(-c2ccccc2)csc1NC(=S)NC(=O)c1ccco1,0
ZINC03209318,DUD_p38_D_4517,O=C(NC[C@H]1CCCO1)c1cn(-c2ccccc2)nc1-c1cccs1,0
ZINC03209364,DUD_p38_D_4518,C=C1NC(=S)N[C@@H](c2c(O)ccc3ccccc23)[C@@H]1C(=O)Nc1ccccc1,0
ZINC03210059,DUD_p38_D_4519,Cc1cc2ccccn2c1C(=O)c1nc(NCc2ccco2)ncc1Cl,0
ZINC03210166,DUD_p38_D_4520,COc1ccc(C2=C[C@H](c3ccccc3)N(C(=O)c3ccc(F)cc3)N2)cc1,0
ZINC03211069,DUD_p38_D_4521,O=C(Nc1nnc(C2CC2)s1)c1cc(-c2ccccc2)nc2ccccc12,0
ZINC03211261,DUD_p38_D_4522,Clc1ccc(C2=C[C@H](c3cccc4ccccc34)n3nnnc3N2)cc1,0
ZINC03211263,DUD_p38_D_4523,Clc1ccc(C2=C[C@@H](c3cccc4ccccc34)n3nnnc3N2)cc1,0
ZINC03215431,DUD_p38_D_4524,O=C(NC(=S)N1CCOCC1)c1cn(-c2ccccc2)nc1-c1ccccc1,0
ZINC03215461,DUD_p38_D_4525,Cc1cc(NC(=O)c2ccc(F)cc2)n(-c2nc3ccccc3s2)n1,0
ZINC03215474,DUD_p38_D_4526,COc1ccccc1C(=O)Nc1cc(C)nn1-c1nc2ccccc2s1,0
ZINC03216069,DUD_p38_D_4527,Cn1c(=O)c2ccccc2n2c(C(=O)Nc3ccc(Cl)cc3)c3ccccc3c12,0
ZINC03216284,DUD_p38_D_4528,O=C(COC(=O)C1c2ccccc2Oc2ccccc21)Nc1ccc(F)cc1F,0
ZINC03216760,DUD_p38_D_4529,O=C(Cc1ccccc1)O[C@]1(C(F)(F)F)C(=O)Nc2c1ccc1ccccc21,0
ZINC03216761,DUD_p38_D_4530,O=C(Cc1ccccc1)O[C@@]1(C(F)(F)F)C(=O)Nc2c1ccc1ccccc21,0
ZINC03216976,DUD_p38_D_4531,O=C(COC(=O)c1c2c(nc3ccccc13)CCCC2)Nc1ccc(F)cc1,0
ZINC03217400,DUD_p38_D_4532,Cc1csc(NC(=O)c2cn(-c3ccccc3)nc2-c2cccs2)n1,0
ZINC03217527,DUD_p38_D_4533,Cc1ccc(NC(=O)C[C@@H]2SC(=O)N(c3ccccc3)C2=O)cc1Cl,0
ZINC03217528,DUD_p38_D_4534,Cc1ccc(NC(=O)C[C@H]2SC(=O)N(c3ccccc3)C2=O)cc1Cl,0
ZINC03219273,DUD_p38_D_4535,COc1cc2ccccc2cc1C(=O)OCC(=O)Nc1ccccc1Cl,0
ZINC03222097,DUD_p38_D_4536,O=C1NC(c2ccccc2)(c2ccccc2)C(=O)N1Cc1ccccc1Cl,0
ZINC03223759,DUD_p38_D_4537,CCOc1ccc(N2C(=O)CC(c3nc4ccccc4s3)=C2N)cc1,0
ZINC03225664,DUD_p38_D_4538,CCCN1CC(=O)C(c2nc(-c3ccccc3)c(-c3ccccc3)s2)=C1N,0
ZINC03227180,DUD_p38_D_4539,CC(C)c1ccc(N2C(=O)CC(c3nc4ccccc4s3)=C2N)cc1,0
ZINC03228113,DUD_p38_D_4540,O=C(COC(=O)C1c2ccccc2Oc2ccccc21)Nc1ccccc1F,0
ZINC03228150,DUD_p38_D_4541,O=C(COC(=O)c1c2c(nc3ccccc13)CCC2)Nc1ccccc1F,0
ZINC03228727,DUD_p38_D_4542,NC1=C(c2nc3ccccc3s2)CC(=O)N1c1cccc2c1CCCC2,0
ZINC03231065,DUD_p38_D_4543,COc1ccc(N2CC(=O)C(c3nc(-c4ccc(F)cc4)cs3)=C2N)cc1,0
ZINC03232031,DUD_p38_D_4544,Cc1cc(NC(=O)COc2ccccc2)n(-c2nc3ccccc3s2)n1,0
ZINC03233713,DUD_p38_D_4545,C=C(NNC(=O)c1cc2c(C)nn(-c3ccccc3)c2s1)c1ccco1,0
ZINC03234357,DUD_p38_D_4546,COc1ccc(C(=O)Nc2cc(C)nn2-c2nc3ccccc3s2)cc1,0
ZINC03235061,DUD_p38_D_4547,Cc1nn(-c2ccc(F)cc2)c2sc(C(=O)Nc3ccc4c(c3)OCO4)cc12,0
ZINC03235223,DUD_p38_D_4548,NC1=C(c2nc(-c3ccc(F)cc3)cs2)C(=O)CN1c1ccc2c(c1)OCO2,0
ZINC03235224,DUD_p38_D_4549,COc1ccc(Cl)cc1N1C(=O)CC(c2nc3ccccc3s2)=C1N,0
ZINC03235226,DUD_p38_D_4550,NC1=C(c2nc3ccccc3s2)CC(=O)N1c1cccc2ccccc12,0
ZINC03235320,DUD_p38_D_4551,c1ccc(-c2nc(CSc3nnc4c(n3)[nH]c3ccccc34)cs2)cc1,0
ZINC03235644,DUD_p38_D_4552,COc1cc2ccccc2cc1C(=O)OCC(=O)Nc1c(F)cccc1F,0
ZINC03235974,DUD_p38_D_4553,COc1cccc(NC(=O)c2cc3c(C)nn(-c4ccc(F)cc4)c3s2)c1,0
ZINC03236100,DUD_p38_D_4554,O=c1[nH]c(=O)n(Cc2ccccc2)c2nc(-c3ccccc3)cc(C(F)(F)F)c12,0
ZINC03236168,DUD_p38_D_4555,COc1ccc2nc(NC(=O)c3ccc(-n4nc(C)cc4C)cc3)sc2c1,0
ZINC03236169,DUD_p38_D_4556,Cc1cc(C)n(-c2ccc(C(=O)Nc3nc4ccccc4s3)cc2)n1,0
ZINC03236360,DUD_p38_D_4557,C=C1Nc2ncnn2[C@H](c2cccc(C)c2)[C@H]1C(=O)Nc1ccccc1,0
ZINC03236361,DUD_p38_D_4558,C=C1Nc2ncnn2[C@@H](c2cccc(C)c2)[C@@H]1C(=O)Nc1ccccc1,0
ZINC03236945,DUD_p38_D_4559,O=C(NNC1=CC[C@H](c2ccccc2)CC1)[C@@H]1COc2ccccc2O1,0
ZINC03236946,DUD_p38_D_4560,O=C(NNC1=CC[C@@H](c2ccccc2)CC1)[C@@H]1COc2ccccc2O1,0
ZINC03237105,DUD_p38_D_4561,O=C(COC(=O)C1c2ccccc2Oc2ccccc21)Nc1c(F)cccc1F,0
ZINC03237207,DUD_p38_D_4562,Cn1cc(O)nc1NC(=O)c1cc(-c2ccc(F)cc2)nc2ccccc12,0
ZINC03238246,DUD_p38_D_4563,O=C(Nc1sc2c(c1C(=O)NCc1ccco1)CCC2)c1ccc(F)cc1,0
ZINC03238266,DUD_p38_D_4564,O=C1/C(=N\NC(=S)NCCc2ccccc2)c2cccc3cccc1c23,0
ZINC03238435,DUD_p38_D_4565,O=C(COC(=O)c1c(F)cccc1Cl)Nc1ccc2ccccc2c1,0
ZINC03238890,DUD_p38_D_4566,Cc1cc2nnc(SCC(=O)Nc3c(F)cccc3F)n2c2ccccc12,0
ZINC03241557,DUD_p38_D_4567,Cc1nn(-c2ccccc2)c2sc(C(=O)Nc3ccc(F)c(F)c3)cc12,0
ZINC03243219,DUD_p38_D_4568,Cc1ccc(-c2nn(-c3ccccc3)cc2C(=O)Nc2nccs2)cc1,0
ZINC03244705,DUD_p38_D_4569,O=C(OCc1ccc(Br)cc1)C1=CCC(=O)N(c2ccccc2)N1,0
ZINC03246102,DUD_p38_D_4570,Cc1ccc(C)n1-c1ccc(C(=O)NN2Cc3ccccc3C2=[NH2+])cc1,0
ZINC03246307,DUD_p38_D_4571,O=C(COC(=O)c1sc2ccccc2c1Cl)Nc1ccc2c(c1)OCCO2,0
ZINC03247154,DUD_p38_D_4572,COc1ccc(C2=C[C@@H](c3ccc(Cl)cc3)n3cnnc3N2)cc1OC,0
ZINC03247156,DUD_p38_D_4573,COc1ccc(C2=C[C@@H](c3ccc(Cl)cc3)n3cnnc3N2)cc1OC,0
ZINC03247274,DUD_p38_D_4574,Cc1nn(-c2ccccc2)c2sc(C(=O)Nc3ccc4c(c3)OCO4)cc12,0
ZINC03247779,DUD_p38_D_4575,O=C(CN1C(=O)N[C@]2(CCc3ccccc3C2)C1=O)Nc1c(F)cccc1F,0
ZINC03249270,DUD_p38_D_4576,O=C(/C=C\c1ccccc1Cl)N1CCN(c2ccc(O)cc2)CC1,0
ZINC03249461,DUD_p38_D_4577,O=C(Nc1ccc(-c2nnc3n2CCCCC3)cc1)c1ccc(F)cc1Cl,0
ZINC03249661,DUD_p38_D_4578,COc1ccc([C@@H]2Nc3ccccc3C(=O)N2c2ccc(Cl)cc2)cc1O,0
ZINC03249664,DUD_p38_D_4579,COc1ccc([C@@H]2Nc3ccccc3C(=O)N2c2ccc(Cl)cc2)cc1O,0
ZINC03249913,DUD_p38_D_4580,COC(=O)c1ccc(CSc2nnc(-c3c[nH]c4ccccc34)o2)cc1,0
ZINC03249946,DUD_p38_D_4581,Cc1csc(NC(=O)c2cc3c(C)nn(-c4ccc(F)cc4)c3s2)n1,0
ZINC03250725,DUD_p38_D_4582,Cc1cc(C(=O)OCC(=O)Nc2c(F)cccc2F)c(C)n1-c1ccccc1,0
ZINC03252160,DUD_p38_D_4583,O=C1N[C@@]2(CCCc3ccccc32)C(=O)N1CCOc1ccc(Br)cc1,0
ZINC03252170,DUD_p38_D_4584,Cc1cc(C(=O)OCC(=O)Nc2ccc(F)cc2)c(C)n1-c1ccccc1,0
ZINC03252569,DUD_p38_D_4585,COc1cccc(NC(=O)COc2ncnc3scc(-c4ccccc4)c23)c1,0
ZINC03252730,DUD_p38_D_4586,C[C@@H](CCc1ccccc1)N1CC(=O)C(c2nc3ccccc3s2)=C1N,0
ZINC03252733,DUD_p38_D_4587,C[C@H](CCc1ccccc1)N1CC(=O)C(c2nc3ccccc3s2)=C1N,0
ZINC03252798,DUD_p38_D_4588,Cc1nn(-c2ccccc2)c2sc(C(=O)NNC3=C4C=CC[C@@H]4C3)cc12,0
ZINC03256809,DUD_p38_D_4589,CC1=N/[N+](=c2\cccc[nH]2)C(NC(=O)Cc2cccc(C(F)(F)F)c2)=C1,0
ZINC03261145,DUD_p38_D_4590,CC(=O)N(C)c1ccc(NC(=O)c2sc3ccccc3c2Cl)cc1,0
ZINC03261494,DUD_p38_D_4591,O=C(NC(=S)N1CCOCC1)c1cc(-c2ccccc2Cl)nc2ccccc12,0
ZINC03262147,DUD_p38_D_4592,O=C(COC(=O)Cc1cccc2ccccc12)Nc1ccc(Br)cc1,0
ZINC03262179,DUD_p38_D_4593,O=C(COC(=O)c1ccc2ccccc2n1)Nc1cccc(Br)c1,0
ZINC03262424,DUD_p38_D_4594,O=C(NC(=S)N1CCN(c2ccccc2O)CC1)c1ccccc1F,0
ZINC03262454,DUD_p38_D_4595,O=C(NC(=S)N1CCN(c2ccccc2O)CC1)c1ccc2ccccc2c1,0
ZINC03262904,DUD_p38_D_4596,COC(=O)c1ccc(-c2csc(NC(=O)c3ccccc3F)n2)cc1,0
ZINC03263661,DUD_p38_D_4597,O=C1N[C@@H](Cc2c[nH]c3ccccc23)C(=O)N1Cc1ccc(Cl)cc1,0
ZINC03263727,DUD_p38_D_4598,COc1ccc([C@H]2C=C(c3ccc4ccccc4c3)NN2C(=O)CCl)cc1,0
ZINC03263729,DUD_p38_D_4599,COc1ccc([C@@H]2C=C(c3ccc4ccccc4c3)NN2C(=O)CCl)cc1,0
ZINC03269003,DUD_p38_D_4600,CC(=O)c1cccc(NC(=O)c2cc3c(C)nn(-c4ccc(F)cc4)c3s2)c1,0
ZINC03269059,DUD_p38_D_4601,Cc1ccc2nc(-c3ccc(NC(=O)c4cnc(C)cn4)cc3)sc2c1,0
ZINC03270640,DUD_p38_D_4602,O=c1cc(CSc2nc3ccccc3s2)nc2[nH]c3ccccc3n12,0
ZINC03271947,DUD_p38_D_4603,O=C(COC(=O)c1ccc2ccccc2n1)Nc1ccc(OC(F)F)cc1,0
ZINC03271957,DUD_p38_D_4604,CC(C)[C@H](NC(=O)c1ccccc1)C(=O)Nc1nc2ccc(Cl)cc2s1,0
ZINC03272050,DUD_p38_D_4605,CCc1nnc(NC(=O)CCN2c3ccccc3Sc3ccccc32)s1,0
ZINC03272387,DUD_p38_D_4606,Cc1ccc(-n2c(N)c(C(=O)[C@@H]3c4ccccc4N[C@H]3C)sc2=S)cc1,0
ZINC03272391,DUD_p38_D_4607,Cc1ccc(-n2c(N)c(C(=O)[C@H]3c4ccccc4N[C@@H]3C)sc2=S)cc1,0
ZINC03272420,DUD_p38_D_4608,c1ccc2sc(CSc3nnc4c(n3)[nH]c3ccccc34)nc2c1,0
ZINC03274247,DUD_p38_D_4609,Cc1cc2nnc(SCC(=O)Nc3cccc(Br)c3)n2c2ccccc12,0
ZINC03274431,DUD_p38_D_4610,C[C@]1(c2ccccc2Cl)NC(=O)N(Cc2nc3ccccc3s2)C1=O,0
ZINC03274433,DUD_p38_D_4611,C[C@]1(c2ccccc2Cl)NC(=O)N(Cc2nc3ccccc3s2)C1=O,0
ZINC03275451,DUD_p38_D_4612,COC(=O)N/N=C/c1cn(-c2ccccc2)nc1-c1cc2ccccc2o1,0
ZINC03276800,DUD_p38_D_4613,CCCCO[C@]1(c2ccccc2)NC(=S)NN=C1c1ccccc1,0
ZINC03278283,DUD_p38_D_4614,CCc1ccc(N2C(=O)CC(c3nc4ccccc4s3)=C2N)cc1,0
ZINC03279920,DUD_p38_D_4615,O=C(NNC(=C1CCCCC1)c1ccccc1)c1ccc(Cl)cc1,0
ZINC03280653,DUD_p38_D_4616,Cc1ccc(NC(=O)[C@@H](OC(=O)c2ccccn2)c2ccccc2)cc1Cl,0
ZINC03280844,DUD_p38_D_4617,Cc1ccc(NC(=O)CNc2ccc3ccccc3c2)c(Br)c1,0
ZINC03281626,DUD_p38_D_4618,COC(=O)c1c(N)n(-c2cccc(Br)c2)c2nc3ccccc3nc12,0
ZINC03282604,DUD_p38_D_4619,C[C@@H](c1ccccc1)N1C(=O)CC(c2nc3ccccc3s2)=C1N,0
ZINC03282605,DUD_p38_D_4620,C[C@H](c1ccccc1)N1C(=O)CC(c2nc3ccccc3s2)=C1N,0
ZINC03282807,DUD_p38_D_4621,NC1=C(c2nc3ccccc3s2)CC(=O)N1CCc1ccccc1,0
ZINC03283420,DUD_p38_D_4622,O=C(CSc1nnc(-c2ccccc2F)n1C1CC1)Nc1ccccc1,0
ZINC03284497,DUD_p38_D_4623,O=C(COc1cccc(Br)c1)NNC1=CC[C@H](c2ccccc2)CC1,0
ZINC03284746,DUD_p38_D_4624,C=C(NNC(=O)[C@H]1COc2ccccc2O1)c1ccc(Cl)cc1Cl,0
ZINC03286800,DUD_p38_D_4625,O=C(Nc1nc(-c2ccco2)c(-c2ccco2)s1)c1ccc(OC(F)F)cc1,0
ZINC03287831,DUD_p38_D_4626,CCn1nc(C(=O)Nc2nc(-c3cccs3)cs2)c2ccccc2c1=O,0
ZINC03288419,DUD_p38_D_4627,CCC[C@]1(c2ccccc2)NC(=O)N(Cc2nc3ccccc3s2)C1=O,0
ZINC03288587,DUD_p38_D_4628,O=C(Nc1nc(-c2ccc3c(c2)CCCC3)cs1)c1cccnc1,0
ZINC03290669,DUD_p38_D_4629,O=C(Nc1ccc(-c2nnc3n2CCCCC3)cc1)c1ccccc1Br,0
ZINC03291278,DUD_p38_D_4630,COc1cccc(N2C(=O)CC(c3nc(-c4ccc(Cl)cc4)cs3)=C2N)c1,0
ZINC03291488,DUD_p38_D_4631,Cc1ccc(NC(=O)CSc2nncn2-c2ccccc2)c(Br)c1,0
ZINC03292663,DUD_p38_D_4632,O=C(Nc1nnc(C2CC2)s1)C(c1ccccc1)c1ccccc1,0
ZINC03292755,DUD_p38_D_4633,CCNC(=S)N/N=C\c1cn(-c2ccccc2)nc1-c1cccs1,0
ZINC03292923,DUD_p38_D_4634,O=C(NCc1ccc2c(c1)OCO2)c1cc(-c2cccs2)nc2ccccc12,0
ZINC03293005,DUD_p38_D_4635,O=C(NC(=S)N1CCN(c2ccc(O)cc2)CC1)c1cccs1,0
ZINC03296097,DUD_p38_D_4636,C=C(NNC(=O)c1cc(C)nc2ccccc12)c1ccc(OC(F)F)cc1,0
ZINC03296402,DUD_p38_D_4637,O=C(COC(=O)[C@H]1C[C@@H]2C=C[C@@H]1C2)Nc1nc(-c2ccccc2)cs1,0
ZINC03296665,DUD_p38_D_4638,C[C@H]1Cc2ccccc2N1C(=O)/C=C/c1cn[nH]c1-c1cc2ccccc2o1,0
ZINC03296676,DUD_p38_D_4639,C[C@H]1Cc2ccccc2N1C(=O)/C=C/c1cn[nH]c1-c1cc2ccccc2o1,0
ZINC03297201,DUD_p38_D_4640,O=C(NC(=S)N1CCN(c2ccccc2O)CC1)c1ccc(Br)cc1,0
ZINC03298149,DUD_p38_D_4641,CC(=O)Nc1ccc(Oc2ncnc3sc(-c4ccccc4)cc23)cc1,0
ZINC03298879,DUD_p38_D_4642,COc1ccc(C(=O)Nc2cc(C(F)(F)F)ccc2-n2cnc3ccccc32)cc1,0
ZINC03298913,DUD_p38_D_4643,Cc1ccccc1N1C(=O)CC(c2nc(-c3ccc(Cl)cc3)cs2)=C1N,0
ZINC03300377,DUD_p38_D_4644,Nn1c(SCc2ccc(F)cc2)nc2scc(-c3ccccc3)c2c1=O,0
ZINC03300386,DUD_p38_D_4645,C[C@@]1(c2ccccc2)NC(=O)N(Cc2csc(-c3ccccc3)n2)C1=O,0
ZINC03301267,DUD_p38_D_4646,O=C(Cc1ccccc1F)Nc1ccc(-c2nnc3n2CCCCC3)cc1,0
ZINC03301359,DUD_p38_D_4647,Cc1cc(NC(=O)COC(=O)c2cccc3ccccc23)ccc1Br,0
ZINC03301499,DUD_p38_D_4648,O=C(CSC1=Nc2ccccc2[C@@H]2C=CNN12)Nc1ccc2c(c1)OCO2,0
ZINC03301501,DUD_p38_D_4649,O=C(CSC1=Nc2ccccc2[C@H]2C=CNN12)Nc1ccc2c(c1)OCO2,0
ZINC03302514,DUD_p38_D_4650,Cc1cc(C)n(-c2ccc(C(=O)NCc3ccccc3Cl)cc2)n1,0
ZINC03303585,DUD_p38_D_4651,Cc1cc(C(=O)NNC2=CCc3ccccc32)c(C)n1-c1ccc(F)cc1,0
ZINC03303722,DUD_p38_D_4652,Cc1sc2ncnc(SCC(=O)Nc3cccc4ccccc34)c2c1C,0
ZINC03305932,DUD_p38_D_4653,COc1ccc(-c2csc(NC(=O)OCc3ccccc3)n2)cc1,0
ZINC03306507,DUD_p38_D_4654,O=C(Nc1nc(-c2ccco2)c(-c2ccco2)s1)OCc1ccccc1,0
ZINC03307242,DUD_p38_D_4655,O=C(NCc1ccco1)c1cc(-c2ccncc2)nn1-c1ccc(Cl)cc1,0
ZINC03307811,DUD_p38_D_4656,C=C(NNC(=O)c1sc2ccccc2c1Cl)c1ccc2c(c1)OCCO2,0
ZINC03308837,DUD_p38_D_4657,O=C(NNC1=CCc2ccccc21)c1sc2ccccc2c1Cl,0
ZINC03311447,DUD_p38_D_4658,C[C@@]1(c2ccccc2)NC(=O)N(CCOc2ccc(Br)cc2)C1=O,0
ZINC03312664,DUD_p38_D_4659,Nc1sn(-c2ccccc2Cl)c(=S)c1C(=O)NCc1ccccc1,0
ZINC03313393,DUD_p38_D_4660,O=C1N[C@]2(CCCc3ccccc32)C(=O)N1Cc1nc2ccccc2s1,0
ZINC03314416,DUD_p38_D_4661,COc1ccc([C@]2(C)NC(=O)N(Cc3csc(-c4ccccc4)n3)C2=O)cc1,0
ZINC03314840,DUD_p38_D_4662,O=C(Nc1ccc(F)cc1F)c1nn(Cc2ccccc2)c(=O)c2ccccc12,0
ZINC03315127,DUD_p38_D_4663,Cc1cc(-c2ccccc2)nc(NC(=S)NC(=O)c2ccccc2)n1,0
ZINC03316389,DUD_p38_D_4664,Cn1nc(C(=O)Nc2nc(-c3ccccc3)cs2)c2ccccc2c1=O,0
ZINC03319224,DUD_p38_D_4665,Cc1cc(C(=O)OCC(=O)Nc2ccc(F)cc2F)c(C)n1-c1ccccc1,0
ZINC03320283,DUD_p38_D_4666,NC1=C(c2nc3ccccc3s2)C(=O)CN1CCc1ccc(Cl)cc1,0
ZINC03323859,DUD_p38_D_4667,CCn1nc(C(=O)Nc2ccc3ccccc3c2)c2ccccc2c1=O,0
ZINC03324955,DUD_p38_D_4668,CC(=O)c1cccc(NC(=O)c2c(C)nn(-c3ccc(F)cc3)c2Cl)c1,0
ZINC03325139,DUD_p38_D_4669,CC[C@@]1(c2ccc(Cl)cc2)NC(=O)N(Cc2nc3ccccc3s2)C1=O,0
ZINC03325142,DUD_p38_D_4670,CC[C@@]1(c2ccc(Cl)cc2)NC(=O)N(Cc2nc3ccccc3s2)C1=O,0
ZINC03326015,DUD_p38_D_4671,Oc1ccc(N2CCN(c3ncnc4scc(-c5ccccc5)c34)CC2)cc1,0
ZINC03326323,DUD_p38_D_4672,C[C@]1(c2ccc3ccccc3c2)NC(=O)N(Cc2ccc(Cl)cc2)C1=O,0
ZINC03326366,DUD_p38_D_4673,Cc1nnc(NC(=O)c2cn(-c3ccccc3)nc2-c2cccs2)s1,0
ZINC03326578,DUD_p38_D_4674,Cc1ccc(NC(=S)NC2=NN(c3ccccc3)CC2)cc1Cl,0
ZINC03329395,DUD_p38_D_4675,Cc1ccsc1C(=O)OCC(=O)Nc1ccccc1-c1ccccc1,0
ZINC03333719,DUD_p38_D_4676,Cc1cc(/C=N\NC(=O)c2cccnc2)c(C)n1-c1ccc(Cl)cc1,0
ZINC03334459,DUD_p38_D_4677,CN(CC(=O)Nc1ccc(Cl)c(Cl)c1)C(=O)c1ccc2ccccc2c1,0
ZINC03335211,DUD_p38_D_4678,Cc1nn(-c2cccc(Cl)c2)c(Cl)c1/C=N/NC(=O)c1cccnc1,0
ZINC03335334,DUD_p38_D_4679,Cc1cc(/C=N/NC(=O)c2cccnc2)c(C)n1-c1cccc(Cl)c1,0
ZINC03335803,DUD_p38_D_4680,COc1ccccc1C1=CSc2nnc(Cc3cccc4ccccc34)n2N1,0
ZINC03336074,DUD_p38_D_4681,C[C@@H](NC(=O)c1ccc(Cl)cc1)C(=O)Nc1nc2ccccc2s1,0
ZINC03336076,DUD_p38_D_4682,C[C@@H](NC(=O)c1ccc(Cl)cc1)C(=O)Nc1nc2ccccc2s1,0
ZINC03337334,DUD_p38_D_4683,O=C(Nc1ccc2c(c1)OCO2)c1ccccc1NC(=O)c1c(F)cccc1Cl,0
ZINC03337612,DUD_p38_D_4684,O=C(Nc1ccccc1C(=O)Nc1ccc2c(c1)OCO2)c1cc2c(s1)CCC2,0
ZINC03337747,DUD_p38_D_4685,C[C@]1(c2ccc3ccccc3c2)NC(=O)N(CCOc2ccc(F)cc2)C1=O,0
ZINC03337749,DUD_p38_D_4686,C[C@@]1(c2ccc3ccccc3c2)NC(=O)N(CCOc2ccc(F)cc2)C1=O,0
ZINC03338223,DUD_p38_D_4687,C[C@H](OC(=O)c1cccs1)C(=O)Nc1nc(-c2ccccc2)cs1,0
ZINC03338225,DUD_p38_D_4688,C[C@H](OC(=O)c1cccs1)C(=O)Nc1nc(-c2ccccc2)cs1,0
ZINC03338787,DUD_p38_D_4689,O=C(CSc1nnc(-c2ccccc2F)n1C1CC1)Nc1ccc(F)cc1,0
ZINC03340835,DUD_p38_D_4690,Cc1cc(C(=O)N2CC(=O)Nc3ccccc32)c(C)n1-c1ccc(F)cc1,0
ZINC03341714,DUD_p38_D_4691,O=C(CN1C(=O)N[C@@]2(CCc3ccccc32)C1=O)OCc1c(F)cccc1Cl,0
ZINC03341824,DUD_p38_D_4692,CC(=O)c1ccc(-c2ccc(C(=O)N[C@@H]3CCCc4ccccc43)o2)cc1,0
ZINC03341825,DUD_p38_D_4693,CC(=O)c1ccc(-c2ccc(C(=O)N[C@@H]3CCCc4ccccc43)o2)cc1,0
ZINC03344294,DUD_p38_D_4694,Cc1ccc(N2C[C@H](C(=O)Nc3nc(-c4ccc(F)cc4)cs3)CC2=O)cc1,0
ZINC03344346,DUD_p38_D_4695,O=C(c1ccccc1)N1CCN(C(=S)Nc2ccccc2Cl)CC1,0
ZINC03344550,DUD_p38_D_4696,C[C@@H](C(=O)c1ccc(Br)cc1)N1C(=O)N[C@@](C)(c2ccccc2)C1=O,0
ZINC03344551,DUD_p38_D_4697,C[C@@H](C(=O)c1ccc(Br)cc1)N1C(=O)N[C@](C)(c2ccccc2)C1=O,0
ZINC03344553,DUD_p38_D_4698,C[C@@H](C(=O)c1ccc(Br)cc1)N1C(=O)N[C@](C)(c2ccccc2)C1=O,0
ZINC03344555,DUD_p38_D_4699,C[C@@H](C(=O)c1ccc(Br)cc1)N1C(=O)N[C@@](C)(c2ccccc2)C1=O,0
ZINC03346036,DUD_p38_D_4700,C1=C(c2cc3ccccc3o2)NN=C(NCc2ccc3c(c2)OCO3)S1,0
ZINC03346964,DUD_p38_D_4701,O=C(COC(=O)c1c2c(nc3ccccc13)CCC2)Nc1ccc(Cl)cc1,0
ZINC03347217,DUD_p38_D_4702,CSc1ncccc1C(=O)Nc1nc(-c2c[nH]c3ccccc23)cs1,0
ZINC03347349,DUD_p38_D_4703,CSc1ncccc1C(=O)OCC(=O)Nc1cccc2ccccc12,0
ZINC03347966,DUD_p38_D_4704,Cc1nn(-c2ccccc2)c(C)c1NC(=O)CSc1ncnc2sccc12,0
ZINC03348336,DUD_p38_D_4705,O=C(NCc1ccco1)c1ccc(-c2nc3ccccc3s2)s1,0
ZINC03349689,DUD_p38_D_4706,Cc1cc(C(=O)OCC(=O)Nc2ccccc2F)c(C)n1-c1ccc(F)cc1,0
ZINC03349987,DUD_p38_D_4707,O=C(/C=C\c1cccc(Br)c1)N1CCN(c2ccccc2O)CC1,0
ZINC03350252,DUD_p38_D_4708,Cc1cc(-c2csc(NC(=O)c3ccc4nccnc4c3)n2)c(C)n1C,0
ZINC03351138,DUD_p38_D_4709,Cc1ccc(CNc2nc(-c3ccc4c(c3)NC(=O)CO4)cs2)cc1,0
ZINC03351248,DUD_p38_D_4710,Cc1cnc(NC(=O)c2cc(-c3ccccc3)nn2-c2ccccc2)s1,0
ZINC03351273,DUD_p38_D_4711,O=C1COc2ccc(-c3csc(NCCc4ccccc4)n3)cc2N1,0
ZINC03352013,DUD_p38_D_4712,Cn1cccc1C(=O)O[C@@H](C(=O)Nc1ccc(F)cc1)c1ccccc1,0
ZINC03353533,DUD_p38_D_4713,Cc1nn(-c2ccccc2)c2sc(C(=O)N/N=C/c3ccc[nH]3)cc12,0
ZINC03354056,DUD_p38_D_4714,CN1C(=O)c2ccc(Nc3nc(-c4cccs4)nc4ccccc34)cc2C1=O,0
ZINC03354462,DUD_p38_D_4715,FC(F)Oc1ccc(NC(=S)NC2=NN(c3ccccc3)CC2)cc1,0
ZINC03354500,DUD_p38_D_4716,Cc1cc(NC(=O)c2cc(-c3ccc(F)cc3)nc3ccccc23)[nH]n1,0
ZINC03354500,DUD_p38_D_4717,Cc1cc(NC(=O)c2cc(-c3ccc(F)cc3)nc3ccccc23)n[nH]1,0
ZINC03354500,DUD_p38_D_4718,Cc1cc(NC(=O)c2cc(-c3ccc(F)cc3)nc3ccccc23)n[nH]1,0
ZINC03355138,DUD_p38_D_4719,O=c1[nH]c(CSc2ccc3ccccc3c2)nc2cc(Cl)ccc12,0
ZINC03356453,DUD_p38_D_4720,Cn1cnnc1Sc1ccc(Cl)cc1NC(=O)c1cc2ccccc2o1,0
ZINC03356527,DUD_p38_D_4721,CC(C)(C)c1cc(NC(=O)c2cncc(Br)c2)n(-c2ccccc2)n1,0
ZINC03356675,DUD_p38_D_4722,O=C(COc1ncnc2sc(-c3ccccc3)cc12)Nc1ccc2c(c1)OCO2,0
ZINC03357088,DUD_p38_D_4723,Cc1ccc(-c2csc(NC(=O)CCC(=O)c3cccs3)n2)cc1,0
ZINC03357307,DUD_p38_D_4724,Cc1cccc(C(=O)Nc2ccccc2C(=O)Nc2nc(C)cs2)c1,0
ZINC03358126,DUD_p38_D_4725,COc1ccc(C2=C[C@@H](c3cccc(Cl)c3)n3ncnc3N2)cc1OC,0
ZINC03358129,DUD_p38_D_4726,COc1ccc(C2=C[C@@H](c3cccc(Cl)c3)n3ncnc3N2)cc1OC,0
ZINC03358367,DUD_p38_D_4727,CSc1ccc(CN2C(=O)NC(c3ccccc3)(c3ccccc3)C2=O)cc1,0
ZINC03359426,DUD_p38_D_4728,O=C1N[C@@H](Cc2ccccc2)C(=O)N1Cc1csc(-c2ccccc2)n1,0
ZINC03359504,DUD_p38_D_4729,CC(=O)Nc1ccc(NC(=O)C2(c3ccc(Cl)cc3)CCC2)cc1,0
ZINC03359595,DUD_p38_D_4730,Cc1ccc2nc(NC(=O)c3nc(-c4ccccc4)oc3C)sc2c1,0
ZINC03359658,DUD_p38_D_4731,Cc1cc(C(=O)OCC(=O)Nc2ccc(F)c(F)c2)c(C)n1-c1ccccc1,0
ZINC03362830,DUD_p38_D_4732,C[C@@H](C(=O)c1cccc(Cl)c1)N1C(=O)N[C@@](C)(c2ccccc2)C1=O,0
ZINC03362832,DUD_p38_D_4733,C[C@H](C(=O)c1cccc(Cl)c1)N1C(=O)N[C@@](C)(c2ccccc2)C1=O,0
ZINC03362833,DUD_p38_D_4734,C[C@@H](C(=O)c1cccc(Cl)c1)N1C(=O)N[C@](C)(c2ccccc2)C1=O,0
ZINC03362836,DUD_p38_D_4735,C[C@H](C(=O)c1cccc(Cl)c1)N1C(=O)N[C@@](C)(c2ccccc2)C1=O,0
ZINC03363400,DUD_p38_D_4736,Cc1nc(-c2ccc(NC(=S)NC(=O)c3ccccc3)cc2)cs1,0
ZINC03363451,DUD_p38_D_4737,Cc1ccccc1N1C(=O)NC(=O)/C(=C/c2cccn2-c2ccc(F)cc2)C1=O,0
ZINC03364287,DUD_p38_D_4738,COc1ccc2c(CC(=O)Nc3nc(-c4ccc(F)cc4)cs3)coc2c1,0
ZINC03365936,DUD_p38_D_4739,Cn1c(SCC(=O)NC(=O)Cc2ccccc2)nnc1-c1ccc(F)cc1,0
ZINC03366034,DUD_p38_D_4740,Cc1ccc(-c2csc3ncnc(OCC(=O)Nc4ccccc4)c23)cc1,0
ZINC03366055,DUD_p38_D_4741,Cc1ccc(-c2csc3ncnc(OCC(=O)Nc4ccccc4F)c23)cc1,0
ZINC03366580,DUD_p38_D_4742,O=C1N[C@@]2(CCOc3ccccc32)C(=O)N1Cc1csc(-c2ccccc2)n1,0
ZINC03366583,DUD_p38_D_4743,O=C1N[C@]2(CCOc3ccccc32)C(=O)N1Cc1csc(-c2ccccc2)n1,0
ZINC03366632,DUD_p38_D_4744,Cc1cc(C(=O)OCC(=O)Nc2ccc(Cl)cc2C)c2ccccc2n1,0
ZINC03366714,DUD_p38_D_4745,Cc1cc(C(=O)O[C@@H](C)C(=O)Nc2ccccc2F)c2ccccc2n1,0
ZINC03366786,DUD_p38_D_4746,Cc1cc(C(=O)O[C@@H](C)C(=O)Nc2ccc(Cl)cc2)c2ccccc2n1,0
ZINC03366788,DUD_p38_D_4747,Cc1cc(C(=O)O[C@@H](C)C(=O)Nc2ccc(Cl)cc2)c2ccccc2n1,0
ZINC03366797,DUD_p38_D_4748,Cc1cc(C(=O)O[C@@H](C)C(=O)Nc2ccc(Cl)cn2)c2ccccc2n1,0
ZINC03372928,DUD_p38_D_4749,Cc1ccc(NC(=O)CSc2nnc(-c3ccc(F)cc3)n2C)cc1,0
ZINC03374631,DUD_p38_D_4750,COc1cccc(NC2=NNC(C)=C(C(=O)Nc3ccccc3)S2)c1,0
ZINC03376108,DUD_p38_D_4751,O=C(Nc1ccc(F)c(F)c1)[C@@H]1Cc2ccccc2CN1C(=O)c1ccco1,0
ZINC03376111,DUD_p38_D_4752,O=C(Nc1ccc(F)c(F)c1)[C@@H]1Cc2ccccc2CN1C(=O)c1ccco1,0
ZINC03377109,DUD_p38_D_4753,Oc1ccc(N2CCN(c3ncnc4sc(-c5ccccc5)cc34)CC2)cc1,0
ZINC03377848,DUD_p38_D_4754,O=C(NNC1=CCCCc2ccccc21)c1ccc2ccccc2n1,0
ZINC03378183,DUD_p38_D_4755,C1=C(c2ccccc2)Nn2c(Cc3cccc4ccccc34)nnc2S1,0
ZINC03382492,DUD_p38_D_4756,COc1ccccc1C(=O)NC(=O)CSc1ccc2ccccc2c1,0
ZINC03385770,DUD_p38_D_4757,CCN(C(=O)CSc1nc2ncc(Cl)cc2[nH]1)c1cccc2ccccc12,0
ZINC03385770,DUD_p38_D_4758,CCN(C(=O)CSc1nc2cc(Cl)cnc2[nH]1)c1cccc2ccccc12,0
ZINC03389092,DUD_p38_D_4759,Cc1ccc(F)cc1NC(=O)COC(=O)c1ccc2ccccc2c1,0
ZINC03389094,DUD_p38_D_4760,Cc1ccc(NC(=O)COC(=O)c2ccc3ccccc3c2)cc1F,0
ZINC03389360,DUD_p38_D_4761,C[C@@H](OC(=O)c1ccc2ccccc2c1)C(=O)Nc1ccc(Cl)cn1,0
ZINC03389363,DUD_p38_D_4762,C[C@H](OC(=O)c1ccc2ccccc2c1)C(=O)Nc1ccc(Cl)cn1,0
ZINC03389428,DUD_p38_D_4763,O=C(COC(=O)c1ccc2ccccc2c1)Nc1cccc(Br)c1,0
ZINC03389556,DUD_p38_D_4764,O=C(COC(=O)c1ccc2ccccc2c1)Nc1ccccc1Br,0
ZINC03391775,DUD_p38_D_4765,COc1ccccc1N1CC(=O)C(c2nc(-c3ccc(C)cc3)cs2)=C1N,0
ZINC03393033,DUD_p38_D_4766,COc1cc2c(cc1NC(=O)COC(=O)c1ccccc1F)oc1ccccc12,0
ZINC03393164,DUD_p38_D_4767,C[C@@H](OC(=O)c1ccccc1F)C(=O)Nc1nc(-c2ccccc2)cs1,0
ZINC03393166,DUD_p38_D_4768,C[C@@H](OC(=O)c1ccccc1F)C(=O)Nc1nc(-c2ccccc2)cs1,0
ZINC03393184,DUD_p38_D_4769,Cc1c(Cl)cccc1NC(=O)c1nn(-c2ccccc2)c(=O)c2ccccc12,0
ZINC03395141,DUD_p38_D_4770,Cc1ccc(NC(=O)[C@@H](Sc2nncn2C)c2ccccc2)cc1Cl,0
ZINC03397527,DUD_p38_D_4771,O=c1[nH]c(CN2CCCc3ccccc32)nc2scc(-c3ccccc3)c12,0
ZINC03398203,DUD_p38_D_4772,O=C(Nc1ccccc1C(=O)Nc1ccc2c(c1)OCO2)c1cccc(Br)c1,0
ZINC03398357,DUD_p38_D_4773,Cc1ccc(-c2csc(NC(=O)COC(=O)c3ccccc3)n2)cc1,0
ZINC03398454,DUD_p38_D_4774,C[C@H](OC(=O)c1ccccc1)C(=O)Nc1nc(-c2ccccc2)cs1,0
ZINC03399496,DUD_p38_D_4775,C[C@@H](Sc1nc(-c2ccccc2)cs1)C(=O)Nc1ccc2c(c1)OCO2,0
ZINC03399552,DUD_p38_D_4776,O=c1[nH]c(CSc2nc(-c3ccccc3)cs2)nc2ccccc12,0
ZINC03399571,DUD_p38_D_4777,c1cc(Nc2ncnc3sccc23)cc(-c2nnc3n2CCCCC3)c1,0
ZINC03400125,DUD_p38_D_4778,COc1ccc2nc(NC(=O)CCCc3c[nH]c4ccccc34)sc2c1,0
ZINC03400165,DUD_p38_D_4779,Cc1nn(Cc2ccc(F)cc2)c2sc(C(=O)Nc3nccs3)cc12,0
ZINC03400227,DUD_p38_D_4780,O=C(Nc1cc(C(=O)N2CCc3ccccc32)ccc1Cl)c1cccs1,0
ZINC03400390,DUD_p38_D_4781,Cc1cccc(-c2nnc(S[C@H](C)C(=O)Nc3ccccc3F)n2C)c1,0
ZINC03401974,DUD_p38_D_4782,C[C@]1(c2ccccc2Cl)NC(=O)N(Cc2cccc3ccccc23)C1=O,0
ZINC03401977,DUD_p38_D_4783,C[C@@]1(c2ccccc2Cl)NC(=O)N(Cc2cccc3ccccc23)C1=O,0
ZINC03402653,DUD_p38_D_4784,Cc1cc(NC(=O)c2ccc(C)c(NC(=O)c3ccco3)c2)ccc1Br,0
ZINC03402681,DUD_p38_D_4785,CSCc1c(C(=O)Nc2nc3ccc(C)cc3s2)oc2ccccc12,0
ZINC03409543,DUD_p38_D_4786,COc1ccc2cc([C@]3(C)NC(=O)N(Cc4ccc(F)cc4)C3=O)ccc2c1,0
ZINC03409545,DUD_p38_D_4787,COc1ccc2cc([C@@]3(C)NC(=O)N(Cc4ccc(F)cc4)C3=O)ccc2c1,0
ZINC03409663,DUD_p38_D_4788,Cc1ccc(F)cc1NC(=O)CSc1nnc(C)n1-c1ccccc1,0
ZINC03409766,DUD_p38_D_4789,Cc1nnc(S[C@H](C)C(=O)Nc2ccccc2F)n1-c1ccccc1,0
ZINC03409768,DUD_p38_D_4790,Cc1nnc(S[C@@H](C)C(=O)Nc2ccccc2F)n1-c1ccccc1,0
ZINC03409834,DUD_p38_D_4791,Cc1nnc(S[C@@H](C)C(=O)Nc2ccc(Cl)cc2)n1-c1ccccc1,0
ZINC03409837,DUD_p38_D_4792,Cc1nnc(S[C@H](C)C(=O)Nc2ccc(Cl)cc2)n1-c1ccccc1,0
ZINC03409841,DUD_p38_D_4793,Cc1nnc(S[C@H](C)C(=O)Nc2ccc(Cl)cn2)n1-c1ccccc1,0
ZINC03409921,DUD_p38_D_4794,Cc1nnc(SCC(=O)Nc2cccc(Cl)c2)n1-c1ccccc1,0
ZINC03410269,DUD_p38_D_4795,Cc1ccccc1NC(=O)CSc1nnc(-c2ccccc2F)n1C,0
ZINC03412266,DUD_p38_D_4796,COc1ccc(NCC(=O)Nc2cccc3ccccc23)cc1Cl,0
ZINC03413325,DUD_p38_D_4797,CC(=O)c1ccc(N2CCN(C(=S)Nc3ccccc3F)CC2)cc1,0
ZINC03414318,DUD_p38_D_4798,O=C1N[C@@]2(CCCc3sccc32)C(=O)N1C[C@H]1COc2ccccc2O1,0
ZINC03415027,DUD_p38_D_4799,O=C(Nc1ccccc1C(=O)Nc1ccc2c(c1)OCO2)c1cccc(Cl)c1,0
ZINC03416218,DUD_p38_D_4800,Cc1ccccc1NC(=O)CSc1nnc(-c2ccc(F)cc2)n1C,0
ZINC03416342,DUD_p38_D_4801,O=C(Nc1ccc(-c2ccccc2)cc1)[C@H]1CCCN1C(=O)c1cccs1,0
ZINC03418130,DUD_p38_D_4802,Cc1nn(-c2ccccc2)c(C)c1NC(=O)COc1ccc(F)cc1Cl,0
ZINC03418144,DUD_p38_D_4803,C[C@H](C(=O)c1cccc(Cl)c1)N1C(=O)N[C@]2(CCCc3ccccc32)C1=O,0
ZINC03418146,DUD_p38_D_4804,C[C@@H](C(=O)c1cccc(Cl)c1)N1C(=O)N[C@@]2(CCCc3ccccc32)C1=O,0
ZINC03418149,DUD_p38_D_4805,C[C@@H](C(=O)c1cccc(Cl)c1)N1C(=O)N[C@@]2(CCCc3ccccc32)C1=O,0
ZINC03418151,DUD_p38_D_4806,C[C@H](C(=O)c1cccc(Cl)c1)N1C(=O)N[C@]2(CCCc3ccccc32)C1=O,0
ZINC03418791,DUD_p38_D_4807,Cc1ccc(NC(=O)CSc2nc3ccccc3c(=S)[nH]2)cc1C,0
ZINC03424286,DUD_p38_D_4808,Cc1ccccc1-n1c(C)nnc1SCC(=O)Nc1cccc(F)c1,0
ZINC03424299,DUD_p38_D_4809,Cc1ccccc1-n1c(C)nnc1SCC(=O)Nc1cc(F)ccc1F,0
ZINC03424521,DUD_p38_D_4810,Cc1ccccc1-n1c(C)nnc1S[C@@H](C)C(=O)Nc1ccccc1F,0
ZINC03424707,DUD_p38_D_4811,Cc1ccccc1-n1c(C)nnc1SCC(=O)Nc1ccccc1Cl,0
ZINC03424768,DUD_p38_D_4812,Cc1ccccc1-n1c(C)nnc1SCC(=O)Nc1ccc(F)cc1,0
ZINC03424828,DUD_p38_D_4813,Cc1ccccc1-n1c(C)nnc1SCC(=O)Nc1ccccc1F,0
ZINC03424849,DUD_p38_D_4814,Cc1ccccc1-n1c(C)nnc1SCC(=O)Nc1ccccc1Br,0
ZINC03430355,DUD_p38_D_4815,Cc1sc2nc(-c3cccnc3)nc(SCCO)c2c1-c1ccccc1,0
ZINC03430536,DUD_p38_D_4816,O=C(Nc1ccc(-c2nnc3n2CCCCC3)cc1)c1cccc(OC(F)F)c1,0
ZINC03431515,DUD_p38_D_4817,Cc1nc(N[C@@H](C)c2ccccc2)sc1C(=O)Nc1ccccc1,0
ZINC03432352,DUD_p38_D_4818,Cc1ccc2nc(NC(=O)[C@H](NC(=O)c3ccccc3F)C(C)C)sc2c1,0
ZINC03432920,DUD_p38_D_4819,COc1ccc2oc(C(=O)Nc3nc(-c4cccs4)cs3)c(C)c2c1,0
ZINC03433195,DUD_p38_D_4820,Cc1ccc(NC(=O)CSC2=Nc3ccccc3[C@H]3C=CNN23)c(C)c1,0
ZINC03433198,DUD_p38_D_4821,Cc1ccc(NC(=O)CSC2=Nc3ccccc3[C@H]3C=CNN23)c(C)c1,0
ZINC03433239,DUD_p38_D_4822,O=C(Nc1ccc(-c2nnc3n2CCCCC3)cc1)c1c(F)cccc1Cl,0
ZINC03433241,DUD_p38_D_4823,Cc1cc(NC(=O)c2ccc(=O)n(Cc3ccccc3)n2)ccc1Br,0
ZINC03436516,DUD_p38_D_4824,CCOc1ccc(-c2nc3scc(-c4cccs4)c3c(=O)[nH]2)cc1,0
ZINC03437336,DUD_p38_D_4825,CC(=O)c1ccc(-c2ccc(C(=O)Nc3cc(F)ccc3C)o2)cc1,0
ZINC03437409,DUD_p38_D_4826,O=C(CSC1=Nc2ccccc2[C@H]2C=CNN12)Nc1ccc2c(c1)CCC2,0
ZINC03437411,DUD_p38_D_4827,O=C(CSC1=Nc2ccccc2[C@@H]2C=CNN12)Nc1ccc2c(c1)CCC2,0
ZINC03438512,DUD_p38_D_4828,O=C(COC(=O)c1cccc2ccccc12)Nc1ccc(Br)cc1,0
ZINC03438629,DUD_p38_D_4829,O=C(NCc1ccccc1)c1ccc(-c2nc3ccccc3s2)o1,0
ZINC03438689,DUD_p38_D_4830,Cc1nc2ccc(NC(=O)CCc3c[nH]c4ccccc34)cc2s1,0
ZINC03440716,DUD_p38_D_4831,CC(=O)Nc1ccc(-c2csc(N[C@H](C)c3ccccc3)n2)cc1,0
ZINC03440719,DUD_p38_D_4832,CC(=O)Nc1ccc(-c2csc(N[C@H](C)c3ccccc3)n2)cc1,0
ZINC03444448,DUD_p38_D_4833,Cc1ccccc1NC(=O)[C@@H](C)Sc1nnc2sc3ccccc3n12,0
ZINC03444451,DUD_p38_D_4834,Cc1ccccc1NC(=O)[C@H](C)Sc1nnc2sc3ccccc3n12,0
ZINC03446116,DUD_p38_D_4835,C[C@@H](SCc1cccc2ccccc12)c1nc2ccccc2c(=O)[nH]1,0
ZINC03448033,DUD_p38_D_4836,C[C@H](OC(=O)c1sc2ccccc2c1Cl)C(=O)Nc1ccc2c(c1)OCO2,0
ZINC03449033,DUD_p38_D_4837,O=C(CCCc1c[nH]c2ccccc12)Nc1nc2ccc(F)cc2s1,0
ZINC03450052,DUD_p38_D_4838,Cc1sc2ncn(CC(=O)Nc3ccccc3F)c(=O)c2c1-c1ccccc1,0
ZINC03452615,DUD_p38_D_4839,Cc1cc(Cl)ccc1NC(=O)CSc1nncn1-c1ccccc1,0
ZINC03452731,DUD_p38_D_4840,C[C@@H](Sc1nncn1-c1ccccc1)C(=O)Nc1ccc(F)cc1Cl,0
ZINC03452838,DUD_p38_D_4841,C[C@@H](Sc1nncn1-c1ccccc1)C(=O)Nc1ccc(Cl)cc1,0
ZINC03452841,DUD_p38_D_4842,C[C@H](Sc1nncn1-c1ccccc1)C(=O)Nc1ccc(Cl)cc1,0
ZINC03452880,DUD_p38_D_4843,C[C@H]1Sc2ccc(C(=O)Nc3ccc(-c4ccccc4)cc3)cc2NC1=O,0
ZINC03452882,DUD_p38_D_4844,Cc1cc(Br)ccc1NC(=O)CSc1nncn1-c1ccccc1,0
ZINC03452883,DUD_p38_D_4845,C[C@H]1Sc2ccc(C(=O)Nc3ccc(-c4ccccc4)cc3)cc2NC1=O,0
ZINC03452924,DUD_p38_D_4846,Cc1c(Cl)cccc1NC(=O)CSc1nncn1-c1ccccc1,0
ZINC03452949,DUD_p38_D_4847,Cc1cc(NC(=O)CSc2nncn2-c2ccccc2)ccc1Br,0
ZINC03452987,DUD_p38_D_4848,Cc1ccc(NC(=O)CSc2nncn2-c2ccccc2)c(Cl)c1,0
ZINC03453399,DUD_p38_D_4849,Cc1ccc(F)cc1NC(=O)COC(=O)C1c2ccccc2Oc2ccccc21,0
ZINC03453472,DUD_p38_D_4850,O=C(COC(=O)C1c2ccccc2Oc2ccccc21)Nc1ccc(F)c(F)c1,0
ZINC03455868,DUD_p38_D_4851,O=C(Nc1nc(-c2ccc(-c3ccccc3)cc2)cs1)[C@@H]1CCCO1,0
ZINC03455922,DUD_p38_D_4852,Cc1cnc(NC(=O)c2cn(-c3ccccc3)nc2-c2cccs2)s1,0
ZINC03457590,DUD_p38_D_4853,COc1ccc(CC(=O)Nc2nc(-c3c[nH]c4ccccc34)cs2)cc1,0
ZINC03458863,DUD_p38_D_4854,Cc1nn(-c2ccccc2)c(C)c1NC(=O)CSc1ccc(F)cc1,0
ZINC03459138,DUD_p38_D_4855,Cc1c(-c2ccccc2)oc2c(C(=O)NCc3ccc(F)cc3)cccc2c1=O,0
ZINC03467752,DUD_p38_D_4856,COc1cc2ccccc2cc1C(=O)OCC(=O)Nc1ccc(Cl)cn1,0
ZINC03472498,DUD_p38_D_4857,COc1cc(OC)c2c(c1)O[C@](O)(c1ccccc1)[C@@H](c1ccccc1)C2=O,0
ZINC03472921,DUD_p38_D_4858,C[C@@H](Sc1nc(-c2ccc(F)cc2)cs1)C(=O)Nc1ccc2c(c1)OCO2,0
ZINC03480808,DUD_p38_D_4859,Cc1ccc2c(CC(=O)Nc3nc(-c4ccccc4)cs3)coc2c1,0
ZINC03480811,DUD_p38_D_4860,COc1ccc2c(CC(=O)Nc3nc(-c4ccccc4)cs3)coc2c1,0
ZINC03481133,DUD_p38_D_4861,CC(C)n1nc(C(=O)Nc2ccc(Br)cc2)c2ccccc2c1=O,0
ZINC03482111,DUD_p38_D_4862,O=C(COC(=O)c1c2c(nc3ccccc13)CCC2)Nc1cccc(F)c1,0
ZINC03482287,DUD_p38_D_4863,O=C(COC(=O)c1c2c(nc3ccccc13)CCC2)Nc1ccccc1Cl,0
ZINC03482292,DUD_p38_D_4864,O=C(COC(=O)c1c2c(nc3ccccc13)CCC2)Nc1ccc(F)c(F)c1,0
ZINC03482312,DUD_p38_D_4865,O=C(COC(=O)c1c2c(nc3ccccc13)CCC2)Nc1c(F)cccc1F,0
ZINC03482322,DUD_p38_D_4866,O=C(COC(=O)c1c2c(nc3ccccc13)CCC2)Nc1ccc(F)cc1,0
ZINC03482324,DUD_p38_D_4867,O=C(COC(=O)c1c2c(nc3ccccc13)CCC2)Nc1cccc(Cl)c1,0
ZINC03482372,DUD_p38_D_4868,O=C(COC(=O)c1c2c(nc3ccccc13)CCC2)Nc1ccccc1Br,0
ZINC03483567,DUD_p38_D_4869,O=C(Nc1nc(-c2ccc(F)cc2)cs1)[C@@H]1COc2ccccc2O1,0
ZINC03486494,DUD_p38_D_4870,Cc1cc(-c2csc(NC(=O)c3cc4ccccc4o3)n2)c(C)n1C,0
ZINC03487202,DUD_p38_D_4871,Cc1ccccc1C(=O)O[C@@H](C)C(=O)Nc1nc(-c2ccccc2)cs1,0
ZINC03487204,DUD_p38_D_4872,Cc1ccccc1C(=O)O[C@H](C)C(=O)Nc1nc(-c2ccccc2)cs1,0
ZINC03491174,DUD_p38_D_4873,Cc1sc2nc([C@H](C)Nc3ccccc3-c3ccccc3)[nH]c(=O)c2c1C,0
ZINC03491176,DUD_p38_D_4874,Cc1sc2nc([C@@H](C)Nc3ccccc3-c3ccccc3)[nH]c(=O)c2c1C,0
ZINC03495554,DUD_p38_D_4875,Cc1ccc(NC(=O)[C@@H](C)Sc2nnc3sc4ccccc4n23)cc1,0
ZINC03495638,DUD_p38_D_4876,C[C@@H](Sc1nnc2sc3ccccc3n12)C(=O)Nc1ccccc1F,0
ZINC03495669,DUD_p38_D_4877,C[C@H](Sc1nnc2sc3ccccc3n12)C(=O)Nc1ccccc1,0
ZINC03495859,DUD_p38_D_4878,Cc1cc2nnc(SCC(=O)Nc3cc(F)ccc3F)n2c2ccccc12,0
ZINC03495860,DUD_p38_D_4879,Cc1ccc(F)cc1NC(=O)CSc1nnc2cc(C)c3ccccc3n12,0
ZINC03495970,DUD_p38_D_4880,Cc1cc2nnc(S[C@H](C)C(=O)Nc3ccccc3F)n2c2ccccc12,0
ZINC03496071,DUD_p38_D_4881,Cc1cc2nnc(SCC(=O)Nc3ccc(F)cc3F)n2c2ccccc12,0
ZINC03497572,DUD_p38_D_4882,C[C@H](OC(=O)[C@H]1COc2ccccc2O1)C(=O)Nc1ccc(F)cc1Cl,0
ZINC03498720,DUD_p38_D_4883,O=C1N[C@H](Cc2c[nH]c3ccccc23)C(=O)N1Cc1ccc(Br)cc1,0
ZINC03500596,DUD_p38_D_4884,C[C@@H](Sc1nnc2[nH]c3ccccc3n12)C(=O)Nc1cccc(Cl)c1,0
ZINC03506073,DUD_p38_D_4885,C[C@@H](Sc1nnc(-c2ccccc2)n1C)C(=O)Nc1cccc(Cl)c1,0
ZINC03506089,DUD_p38_D_4886,Cc1ccc(F)cc1NC(=O)CSc1nnc(-c2ccccc2)n1C,0
ZINC03506138,DUD_p38_D_4887,C[C@@H](Sc1nnc(-c2ccccc2)n1C)C(=O)Nc1ccccc1F,0
ZINC03506140,DUD_p38_D_4888,C[C@@H](Sc1nnc(-c2ccccc2)n1C)C(=O)Nc1ccccc1F,0
ZINC03506991,DUD_p38_D_4889,O=C(COC(=O)c1ccccc1Br)Nc1ccc2ccccc2c1,0
ZINC03509904,DUD_p38_D_4890,O=C(COC(=O)c1c2c(nc3ccccc13)CCCC2)Nc1cccc(F)c1,0
ZINC03509952,DUD_p38_D_4891,C[C@@H](OC(=O)c1c2c(nc3ccccc13)CCCC2)C(=O)Nc1ccccc1F,0
ZINC03509995,DUD_p38_D_4892,O=C(COC(=O)c1c2c(nc3ccccc13)CCCC2)Nc1c(F)cccc1F,0
ZINC03510009,DUD_p38_D_4893,O=C(COC(=O)c1c2c(nc3ccccc13)CCCC2)Nc1ccccc1F,0
ZINC03513594,DUD_p38_D_4894,C[C@@H](OC(=O)c1ccc2ccccc2n1)C(=O)Nc1cccc(Cl)c1,0
ZINC03513595,DUD_p38_D_4895,C[C@H](OC(=O)c1ccc2ccccc2n1)C(=O)Nc1cccc(Cl)c1,0
ZINC03513605,DUD_p38_D_4896,Cc1cc(Cl)ccc1NC(=O)COC(=O)c1ccc2ccccc2n1,0
ZINC03513673,DUD_p38_D_4897,COc1ccc(Cl)cc1NC(=O)[C@@H](C)OC(=O)c1ccc2ccccc2n1,0
ZINC03513717,DUD_p38_D_4898,C[C@@H](OC(=O)c1ccc2ccccc2n1)C(=O)Nc1ccc(Cl)cc1,0
ZINC03513718,DUD_p38_D_4899,C[C@@H](OC(=O)c1ccc2ccccc2n1)C(=O)Nc1ccc(Cl)cc1,0
ZINC03513724,DUD_p38_D_4900,C[C@@H](OC(=O)c1ccc2ccccc2n1)C(=O)Nc1ccc(Cl)cn1,0
ZINC03513744,DUD_p38_D_4901,Cc1c(Cl)cccc1NC(=O)COC(=O)c1ccc2ccccc2n1,0
ZINC03513753,DUD_p38_D_4902,Cc1ccc(Cl)cc1NC(=O)COC(=O)c1ccc2ccccc2n1,0
ZINC03516692,DUD_p38_D_4903,COc1ccc(CN2C(=O)N[C@@](C)(c3cccc4ccccc34)C2=O)cc1F,0
ZINC03516693,DUD_p38_D_4904,COc1ccc(CN2C(=O)N[C@](C)(c3cccc4ccccc34)C2=O)cc1F,0
ZINC03517073,DUD_p38_D_4905,Cn1nc(C(=O)Nc2ccc3oc4ccccc4c3c2)c2ccccc2c1=O,0
ZINC03517103,DUD_p38_D_4906,COc1cc2c(cc1NC(=O)c1ccc(Cl)nc1)oc1ccccc12,0
ZINC03517104,DUD_p38_D_4907,COc1cc2c(cc1NC(=O)c1cncc(Br)c1)oc1ccccc12,0
ZINC03517253,DUD_p38_D_4908,Cc1c(C(=O)OCC(=O)Nc2ccccc2Br)oc2ccccc12,0
ZINC03517686,DUD_p38_D_4909,Cc1ccc(C(=O)Nc2ccc(F)c(Cl)c2)cc1NC(=O)c1ccco1,0
ZINC03518709,DUD_p38_D_4910,Cc1ccc(NC(=O)c2ccc(=O)n(Cc3ccccc3)n2)cc1Cl,0
ZINC03518751,DUD_p38_D_4911,COc1ccc(NC(=O)c2ccc(=O)n(Cc3ccccc3)n2)cc1Cl,0
ZINC03518757,DUD_p38_D_4912,O=C(Nc1ccc(OC(F)F)cc1)c1ccc(=O)n(Cc2ccccc2)n1,0
ZINC03518793,DUD_p38_D_4913,Cc1nn(Cc2ccc(F)cc2)c2sc(C(=O)Nc3ccc4c(c3)OCO4)cc12,0
ZINC03519259,DUD_p38_D_4914,Cc1ccc(F)cc1NC(=O)CSc1nnc(-c2c[nH]c3ccccc23)o1,0
ZINC03519341,DUD_p38_D_4915,Cc1ccc(F)cc1NC(=O)CN1C(=O)N[C@@](C)(c2cccc3ccccc23)C1=O,0
ZINC03519400,DUD_p38_D_4916,Cc1ccc(F)cc1NC(=O)CSc1ncnc2c1cnn2-c1ccccc1,0
ZINC03520146,DUD_p38_D_4917,O=C(CSc1nnc(C2CC2)n1-c1ccccc1)Nc1ccccc1,0
ZINC03522950,DUD_p38_D_4918,C[C@@H](Sc1nnc(-c2ccc(F)cc2)n1C)C(=O)Nc1ccccc1,0
ZINC03522951,DUD_p38_D_4919,C[C@H](Sc1nnc(-c2ccc(F)cc2)n1C)C(=O)Nc1ccccc1,0
ZINC03524353,DUD_p38_D_4920,Cc1cccc2sc(NC(=O)CCc3c[nH]c4ccccc34)nc12,0
ZINC03530873,DUD_p38_D_4921,O=C(O[C@@H](C(=O)Nc1ccc(F)cc1)c1ccccc1)c1ccc2c(c1)OCO2,0
ZINC03531060,DUD_p38_D_4922,Cc1cc(C(=O)O[C@H](C(=O)Nc2ccc(F)cc2)c2ccccc2)c(C)o1,0
ZINC03533929,DUD_p38_D_4923,O=C(CN1C(=O)[C@H]2CC=CC[C@@H]2C1=O)Nc1ccccc1Sc1ccccc1,0
ZINC03537193,DUD_p38_D_4924,Cc1ccc(C(=O)Nc2ccc(Cl)cc2)cc1NC(=O)c1ccco1,0
ZINC03537285,DUD_p38_D_4925,Cc1c(C(=O)OCC(=O)Nc2ccccc2Cl)oc2ccccc12,0
ZINC03537313,DUD_p38_D_4926,Cc1c(C(=O)OCC(=O)Nc2ccc(Cl)cc2)oc2ccccc12,0
ZINC03543191,DUD_p38_D_4927,Cc1ccc(NC(=O)CSc2nncn2-c2ccccc2)cc1Cl,0
ZINC03545826,DUD_p38_D_4928,O=C(CSc1nncn1-c1ccccc1)Nc1ccc2c(c1)CCC2,0
ZINC03546665,DUD_p38_D_4929,O=C(NNC1=CCSc2ccc(F)cc21)[C@@H]1COc2ccccc2O1,0
ZINC03547603,DUD_p38_D_4930,Cc1cc(Br)ccc1NC(=O)CNC(=O)c1cc2ccccc2o1,0
ZINC03548284,DUD_p38_D_4931,CC(C)n1nc(C(=O)Nc2cccc(Cl)c2)c2ccccc2c1=O,0
ZINC03549212,DUD_p38_D_4932,CC(C)n1nc(C(=O)Nc2ccc(Cl)cc2)c2ccccc2c1=O,0
ZINC03549431,DUD_p38_D_4933,Cc1ccc(NC(=O)c2ccc(C)c(NC(=O)c3ccco3)c2)cc1Cl,0
ZINC03550390,DUD_p38_D_4934,Cc1c(Cl)cccc1NC(=O)CSc1nnc(-c2ccccc2)[nH]1,0
ZINC03550404,DUD_p38_D_4935,Cc1ccc(Cl)cc1NC(=O)CSc1nnc(-c2ccccc2)[nH]1,0
ZINC03550455,DUD_p38_D_4936,CC(C)c1ccccc1NC(=O)CSc1nnc(-c2ccccc2)[nH]1,0
ZINC03552656,DUD_p38_D_4937,O=C(Nc1ccc(-c2nnc3n2CCCCC3)cc1)c1ccccc1F,0
ZINC03552663,DUD_p38_D_4938,O=C(Nc1ccc(-c2nnc3n2CCCCC3)cc1)c1cccc(F)c1,0
ZINC03557853,DUD_p38_D_4939,O=C(NCc1cccs1)c1nn(-c2ccccc2)c(=O)c2ccccc12,0
ZINC03559292,DUD_p38_D_4940,COc1ccc(OC)c(-c2csc(NC(=O)c3cc4ccccc4o3)n2)c1,0
ZINC03559698,DUD_p38_D_4941,CC(C)n1nc(C(=O)Nc2nc3ccccc3s2)c2ccccc2c1=O,0
ZINC03559882,DUD_p38_D_4942,Cc1ccc(C(=O)Nc2ccc(OC(F)F)cc2)cc1NC(=O)c1ccco1,0
ZINC03560803,DUD_p38_D_4943,Cc1cnc(NC(=O)c2nn(Cc3ccccc3)c(=O)c3ccccc23)s1,0
ZINC03561639,DUD_p38_D_4944,O=C(Nc1ccc2c(c1)OCO2)c1cc(-c2cccs2)nn1-c1ccccc1,0
ZINC03561894,DUD_p38_D_4945,COc1ccc(-c2cc(C(=O)Nc3nccs3)c3ccccc3n2)cc1,0
ZINC03561952,DUD_p38_D_4946,Cc1csc(NC(=O)c2nn(Cc3ccccc3)c(=O)c3ccccc23)n1,0
ZINC03563887,DUD_p38_D_4947,C[C@H](NC(=O)c1nn(C)c(=O)c2ccccc12)c1ccc(Br)cc1,0
ZINC03565994,DUD_p38_D_4948,O=C(Cc1cccc2ccccc12)Nc1cc(C(F)(F)F)ccc1-n1cncn1,0
ZINC03566579,DUD_p38_D_4949,CC(=O)Nc1cccc(Oc2cnn(-c3ccccc3)c(=O)c2Cl)c1,0
ZINC03578168,DUD_p38_D_4950,Cc1ccc(-c2csc3ncnc(OCC(=O)Nc4ccc5c(c4)OCO5)c23)cc1,0
ZINC03581551,DUD_p38_D_4951,C=C(NNC(=S)N(C)c1ccc(OC)cc1)c1ccc2ccccc2n1,0
ZINC03582175,DUD_p38_D_4952,O=C(Nc1ccc(-n2nncc2-c2ccccc2)cc1)c1cccc(F)c1,0
ZINC03582193,DUD_p38_D_4953,O=C(Nc1ccc(-n2nncc2-c2ccccc2)cc1)c1c(F)cccc1F,0
ZINC03582272,DUD_p38_D_4954,COc1ccc(-c2cnnn2-c2ccc(NC(=O)c3ccccc3F)cc2)cc1,0
ZINC03582274,DUD_p38_D_4955,COc1ccc(-c2cnnn2-c2ccc(NC(=O)c3ccc(F)cc3)cc2)cc1,0
ZINC03582289,DUD_p38_D_4956,COc1ccc(-c2cnnn2-c2ccc(NC(=O)c3c(F)cccc3F)cc2)cc1,0
ZINC03582748,DUD_p38_D_4957,CN(Cc1nc2scc(-c3ccccc3)c2c(=O)[nH]1)c1ccccc1,0
ZINC03587965,DUD_p38_D_4958,CC(C)(C)NC(=O)c1ccc2c(c1)NC(=O)/C(=C\c1ccccc1F)S2,0
ZINC03588009,DUD_p38_D_4959,O=C1Nc2cc(C(=O)NC3CCCC3)ccc2S/C1=C\c1ccccc1F,0
ZINC03588137,DUD_p38_D_4960,O=C1Nc2cc(C(=O)NCc3ccco3)ccc2S/C1=C/c1ccccc1F,0
ZINC03589583,DUD_p38_D_4961,Cc1cc(Cl)cc2c1NC(=O)[C@]2(O)[C@@H](C(=O)C1=CCC=C=C1)c1ccccc1,0
ZINC03589699,DUD_p38_D_4962,CC(C)NC(=O)c1ccc2c(c1)NC(=O)/C(=C/c1ccccc1Cl)S2,0
ZINC03592557,DUD_p38_D_4963,C[C@@]1(c2ccc(Cl)cc2)NC(=O)N(Cc2nc3ccccc3s2)C1=O,0
ZINC03592559,DUD_p38_D_4964,C[C@]1(c2ccc(Cl)cc2)NC(=O)N(Cc2nc3ccccc3s2)C1=O,0
ZINC03594143,DUD_p38_D_4965,C[C@]1(c2ccccc2Br)NC(=O)N(Cc2nc3ccccc3s2)C1=O,0
ZINC03594233,DUD_p38_D_4966,C[C@]1(c2ccccc2Br)NC(=O)N(Cc2cccc3ccccc23)C1=O,0
ZINC03594234,DUD_p38_D_4967,C[C@]1(c2ccccc2Br)NC(=O)N(Cc2cccc3ccccc23)C1=O,0
ZINC03594665,DUD_p38_D_4968,O=C1N[C@]2(CCc3ccccc32)C(=O)N1CCOc1ccc(Br)cc1,0
ZINC03599923,DUD_p38_D_4969,Cc1sc2ncnc(OCC(=O)Nc3cccc4ccccc34)c2c1C,0
ZINC03600644,DUD_p38_D_4970,O=C(CN1C(=O)N[C@@]2(CCCc3ccccc32)C1=O)Nc1ccccc1Cl,0
ZINC03600826,DUD_p38_D_4971,O=C(CN1C(=O)N[C@@]2(CCCc3ccccc32)C1=O)c1ccc(Br)cc1,0
ZINC03602632,DUD_p38_D_4972,O=C(CSc1nnc(-c2ccccc2)o1)Nc1ccc2c(c1)CCC2,0
ZINC03603764,DUD_p38_D_4973,Cn1nc(C(=O)Nc2ccccc2-c2ccccc2)c2ccccc2c1=O,0
ZINC03604393,DUD_p38_D_4974,O=C(CSc1ncnc2sccc12)Nc1cccc2ccccc12,0
ZINC03604490,DUD_p38_D_4975,O=C(COc1ncnc2scc(-c3ccccc3)c12)Nc1cccc(F)c1,0
ZINC03604546,DUD_p38_D_4976,Cc1cccc(NC(=O)COc2ncnc3scc(-c4ccccc4)c23)c1,0
ZINC03604549,DUD_p38_D_4977,Cc1cccc(C)c1NC(=O)COc1ncnc2scc(-c3ccccc3)c12,0
ZINC03604555,DUD_p38_D_4978,Cc1ccc(NC(=O)COc2ncnc3scc(-c4ccccc4)c23)cc1,0
ZINC03604565,DUD_p38_D_4979,O=C(COc1ncnc2scc(-c3ccccc3)c12)Nc1ccc2c(c1)OCO2,0
ZINC03606020,DUD_p38_D_4980,C[C@H](C(=O)N1CCc2ccccc21)N1C(=O)N[C@@](C)(c2ccccc2Cl)C1=O,0
ZINC03609851,DUD_p38_D_4981,Nc1ccc(OCCN2C(=O)CN=C(c3ccccc3)c3cc(Cl)ccc32)cc1,0
ZINC03610559,DUD_p38_D_4982,C[C@@]1(c2cccc3ccccc23)NC(=O)N(CC(=O)c2ccc(F)cc2)C1=O,0
ZINC03610561,DUD_p38_D_4983,C[C@@]1(c2cccc3ccccc23)NC(=O)N(CC(=O)c2ccc(F)cc2)C1=O,0
ZINC03610704,DUD_p38_D_4984,C[C@@]1(c2cccc3ccccc23)NC(=O)N(CC(=O)Nc2ccccc2F)C1=O,0
ZINC03611963,DUD_p38_D_4985,Cc1ccc(C(=O)Nc2ccc(Cl)cc2F)cc1NC(=O)c1ccco1,0
ZINC03612622,DUD_p38_D_4986,C[C@@H](C(=O)Nc1cccc(C(F)(F)F)c1)N1C(=O)c2cccc3cccc1c23,0
ZINC03616024,DUD_p38_D_4987,COC(=O)C1=NN(c2ccc(OC)cc2)[C@@]2(Nc3ccccc3S2)S1,0
ZINC03616027,DUD_p38_D_4988,COC(=O)C1=NN(c2ccc(OC)cc2)[C@]2(Nc3ccccc3S2)S1,0
ZINC03619457,DUD_p38_D_4989,Cc1ccc(NC(=O)COC(=O)c2ccc3ccccc3n2)cc1Cl,0
ZINC03622520,DUD_p38_D_4990,O=C1NN(c2ccccc2)C(=O)/C1=C\c1ccc(-c2cccc(Cl)c2)o1,0
ZINC03622691,DUD_p38_D_4991,O=C(Nc1ccc(-c2nnc3n2CCCCC3)cc1)c1ccccc1Cl,0
ZINC03622833,DUD_p38_D_4992,COC(=O)[C@H]1C(=O)[C@H]2C(=C[C@H]1C)Nc1ccccc1N[C@@H]2c1cccs1,0
ZINC03623906,DUD_p38_D_4993,O=C(NN1C(=O)c2ccccc2N[C@H]1c1cccs1)c1ccccc1,0
ZINC03625283,DUD_p38_D_4994,COC(=O)[C@H]1C(=O)[C@@H]2C(=C[C@@H]1C)Nc1ccccc1N[C@@H]2c1ccccc1Cl,0
ZINC03625311,DUD_p38_D_4995,COC(=O)[C@H]1C(=O)[C@@H]2C(=C[C@@H]1C)Nc1ccccc1N[C@@H]2c1ccc(F)cc1,0
ZINC03625374,DUD_p38_D_4996,Cc1ccc(OCC(=O)Nc2ccc(F)cc2)c(-n2nc3ccccc3n2)c1,0
ZINC03626885,DUD_p38_D_4997,Cc1[nH]n(-c2ccccc2)c(=O)c1[C@]1(C(F)(F)F)NC(=O)N(Cc2ccccc2)C1=O,0
ZINC03631066,DUD_p38_D_4998,O=C(NCc1ccco1)c1ccc2c(=O)n(C3CCCCC3)c(=S)[nH]c2c1,0
ZINC03632802,DUD_p38_D_4999,Cc1cccc(C)c1-n1c(N)c(C(=O)Nc2ccccc2)sc1=S,0
ZINC03632809,DUD_p38_D_5000,COc1ccccc1-n1c(N)c(C(=O)Nc2ccccc2)sc1=S,0
ZINC03632811,DUD_p38_D_5001,Cc1cccc(C)c1-n1c(N)c(C(=O)NCc2ccccc2)sc1=S,0
ZINC03632817,DUD_p38_D_5002,COc1ccccc1-n1c(N)c(C(=O)NCc2ccccc2)sc1=S,0
ZINC03632885,DUD_p38_D_5003,COc1ccccc1NC(=O)c1sc(=S)n(-c2ccccc2)c1N,0
ZINC03632895,DUD_p38_D_5004,Nc1c[nH+]c2ccccc2c1N1CCN(c2cccc(C(F)(F)F)c2)CC1,0
ZINC03635745,DUD_p38_D_5005,Cn1c(=O)c(Nc2ccc(Cl)cc2)c2c3c(cccc31)C(=O)c1ccccc1-2,0
ZINC03638002,DUD_p38_D_5006,CC1=CC[C@@H](C(=O)N/N=C/c2ccncc2)[C@@H](c2ccc(Cl)cc2)C1,0
ZINC03641522,DUD_p38_D_5007,O=C(NN1C(=O)c2ccccc2N[C@@H]1c1ccco1)c1ccc(Br)cc1,0
ZINC03641541,DUD_p38_D_5008,CC1(C)Nc2ccccc2C(=O)N1NC(=O)c1ccc(Br)cc1,0
ZINC03642305,DUD_p38_D_5009,CCOc1ccc([C@H]2C[C@@H](c3c(F)cccc3Cl)n3ncnc3N2)cc1,0
ZINC03642308,DUD_p38_D_5010,CCOc1ccc([C@@H]2C[C@H](c3c(F)cccc3Cl)n3ncnc3N2)cc1,0
ZINC03642310,DUD_p38_D_5011,CCOc1ccc([C@@H]2C[C@@H](c3c(F)cccc3Cl)n3ncnc3N2)cc1,0
ZINC03642312,DUD_p38_D_5012,CCOc1ccc([C@H]2C[C@@H](c3c(F)cccc3Cl)n3ncnc3N2)cc1,0
ZINC03651768,DUD_p38_D_5013,COc1ccc2cc(C(=O)Nc3cccc4ccccc34)sc(=O)c2c1OC,0
ZINC03653592,DUD_p38_D_5014,Cc1ccc2nc(NCn3nc(-c4ccccc4)oc3=S)sc2c1,0
ZINC03657646,DUD_p38_D_5015,COc1ccc([C@H]2[C@@H](C(=O)Nc3cccc(Cl)c3)c3ccccc3C(=O)N2C)cc1,0
ZINC03657694,DUD_p38_D_5016,COc1ccc([C@H]2[C@@H](C(=O)Nc3ccccc3F)c3ccccc3C(=O)N2C)cc1,0
ZINC03659828,DUD_p38_D_5017,C=CCNC(=S)Oc1cccc(C(=O)Nc2cccc3ccccc23)c1,0
ZINC03660385,DUD_p38_D_5018,Cc1ccc2c(c1)[C@H](c1ccc(F)cc1)N(C(=O)c1cccs1)CC(=O)N2,0
ZINC03660386,DUD_p38_D_5019,Cc1ccc2c(c1)[C@H](c1ccc(F)cc1)N(C(=O)c1cccs1)CC(=O)N2,0
ZINC03660397,DUD_p38_D_5020,Cc1ccccc1C(=O)N1CC(=O)Nc2ccc(Cl)cc2[C@H]1c1ccccc1,0
ZINC03660398,DUD_p38_D_5021,Cc1ccccc1C(=O)N1CC(=O)Nc2ccc(Cl)cc2[C@@H]1c1ccccc1,0
ZINC03660399,DUD_p38_D_5022,Cc1ccccc1C(=O)N1CC(=O)Nc2ccc(Cl)cc2[C@@H]1c1ccc(F)cc1,0
ZINC03660400,DUD_p38_D_5023,Cc1ccccc1C(=O)N1CC(=O)Nc2ccc(Cl)cc2[C@@H]1c1ccc(F)cc1,0
ZINC03662600,DUD_p38_D_5024,O=C(Nc1ccccc1C(F)(F)F)c1ccccc1N1C(=O)[C@H]2CCCC[C@@H]2C1=O,0
ZINC03663229,DUD_p38_D_5025,O=C1NC(=S)N(c2cccc3ccccc23)C(=O)/C1=C/c1c[nH]c2ccccc12,0
ZINC03664237,DUD_p38_D_5026,COc1ccc(N2C(=O)c3ccccc3N[C@@H]2c2ccccc2Cl)cc1,0
ZINC03665075,DUD_p38_D_5027,Cc1ccccc1CSc1nc2c(cnn2-c2ccc(F)cc2)c(=O)[nH]1,0
ZINC03665075,DUD_p38_D_5028,Cc1ccccc1CSc1nc(O)c2cnn(-c3ccc(F)cc3)c2n1,0
ZINC03669027,DUD_p38_D_5029,O=C(NC(=S)NNC(=O)[C@@H]1C[C@@H]1c1ccccc1)c1ccccc1F,0
ZINC03669028,DUD_p38_D_5030,O=C(NC(=S)NNC(=O)[C@H]1C[C@@H]1c1ccccc1)c1ccccc1F,0
ZINC03669029,DUD_p38_D_5031,O=C(NC(=S)NNC(=O)[C@@H]1C[C@@H]1c1ccccc1)c1ccccc1F,0
ZINC03669030,DUD_p38_D_5032,O=C(NC(=S)NNC(=O)[C@H]1C[C@@H]1c1ccccc1)c1ccccc1F,0
ZINC03669201,DUD_p38_D_5033,O=C(NC(=S)NNC(=O)[C@H]1C[C@@H]1c1ccccc1)c1ccc(Cl)cc1,0
ZINC03669204,DUD_p38_D_5034,O=C(NC(=S)NNC(=O)[C@@H]1C[C@H]1c1ccccc1)c1ccc(Cl)cc1,0
ZINC03669386,DUD_p38_D_5035,O=C(/C=C/c1cccs1)NC(=S)N1C[C@@H]2C[C@@H](C1)c1cccc(=O)n1C2,0
ZINC03765436,DUD_p38_D_5036,O=C(Nc1ccccc1)c1c(O)n(-c2ccccc2)n[n+]1C[C@@H](O)CCl,0
ZINC03766582,DUD_p38_D_5037,Cc1ccc(C2=NN[C@H](c3c(O)c(C)nn3-c3ccccc3)S2)cc1,0
ZINC03766583,DUD_p38_D_5038,Cc1ccc(C2=NN[C@H](c3c(O)c(C)nn3-c3ccccc3)S2)cc1,0
ZINC03768188,DUD_p38_D_5039,C=CCn1c(-c2ccc(OC)cc2)cs/c1=N/NC1=CC(=O)c2ccccc21,0
ZINC03771382,DUD_p38_D_5040,O=C1NC(=S)N(c2ccccc2)C(=O)/C1=C\c1cccc2ccccc12,0
ZINC03775586,DUD_p38_D_5041,CC(=O)Nc1cc2cccnc2c(N2CCN(c3ccc(F)cc3)CC2)[nH+]1,0
ZINC03780271,DUD_p38_D_5042,CCc1cc2c(cc1Cl)nc(CNc1cc[nH+]cc1)n2-c1ccccc1,0
ZINC03790549,DUD_p38_D_5043,CN(C)C(=O)c1cc(-c2ccccc2)c(=O)n2c1-c1cc(Cl)ccc1CN2,0
ZINC03799026,DUD_p38_D_5044,C=CCNC(=O)c1ncn2c1CN=C(c1ccccc1Br)c1cc(F)ccc1-2,0
ZINC03808291,DUD_p38_D_5045,O=C(Nc1cccnc1)c1[nH]c2ccc(Cl)cc2c1Sc1ccccc1,0
ZINC03816037,DUD_p38_D_5046,COc1ccc(-c2ccccc2)c2nc(NC(=O)c3ccc(F)cc3)nn12,0
ZINC03816038,DUD_p38_D_5047,COc1ccc(-c2ccc(F)cc2)c2nc(NC(=O)c3ccc(F)cc3)nn12,0
ZINC03816039,DUD_p38_D_5048,COc1cccc(-c2ccc(OC)n3nc(NC(=O)c4ccc(F)cc4)nc23)c1,0
ZINC03816230,DUD_p38_D_5049,Cc1cnc(Nc2cccc(-c3cocn3)c2)nc1NCc1cccs1,0
ZINC03816334,DUD_p38_D_5050,COc1cc2[nH]c(N3C=Cc4ccccc4C3)cc(=O)c2cc1-c1cnco1,0
ZINC03816338,DUD_p38_D_5051,COc1cc2[nH]c(N3CCc4cc(Br)ccc43)cc(=O)c2cc1-c1cnco1,0
ZINC03816339,DUD_p38_D_5052,COc1cc2[nH]c(N3c4ccccc4C[C@@H]3C)cc(=O)c2cc1-c1cnco1,0
ZINC03817896,DUD_p38_D_5053,OC1CCC(Nc2ncc3cc(-c4ccccc4Cl)c4nccn4c3n2)CC1,0
ZINC03817896,DUD_p38_D_5054,OC1CCC(Nc2ncc3cc(-c4ccccc4Cl)c4[nH+]ccn4c3n2)CC1,0
ZINC03819557,DUD_p38_D_5055,CC(C)(O)c1ccn2c(-c3cccc(-c4c(F)cccc4C#N)n3)cnc2c1F,0
ZINC03819557,DUD_p38_D_5056,CC(C)(O)c1ccn2c(-c3cccc(-c4c(F)cccc4C#N)n3)c[nH+]c2c1F,0
ZINC03819559,DUD_p38_D_5057,CC(C)(O)c1ccn2c(-c3ccnc(-c4ccc(F)cc4F)n3)cnc2c1F,0
ZINC03819559,DUD_p38_D_5058,CC(C)(O)c1ccn2c(-c3ccnc(-c4ccc(F)cc4F)n3)c[nH+]c2c1F,0
ZINC03819560,DUD_p38_D_5059,CC(C)(O)c1ccn2c(-c3ccnc(-c4ccc(Cl)cc4)n3)cnc2c1F,0
ZINC03819560,DUD_p38_D_5060,CC(C)(O)c1ccn2c(-c3ccnc(-c4ccc(Cl)cc4)n3)c[nH+]c2c1F,0
ZINC03819566,DUD_p38_D_5061,CC(C)(O)c1ccn2c(-c3ccnc(-c4cc(Cl)ccc4F)n3)cnc2c1F,0
ZINC03819566,DUD_p38_D_5062,CC(C)(O)c1ccn2c(-c3ccnc(-c4cc(Cl)ccc4F)n3)c[nH+]c2c1F,0
ZINC03819894,DUD_p38_D_5063,FC(F)(F)c1ccccc1-c1nc(Nc2n[nH]c3ncccc23)cc(C2CC2)n1,0
ZINC03819894,DUD_p38_D_5064,FC(F)(F)c1ccccc1-c1nc(Nc2[nH]nc3ncccc23)cc(C2CC2)n1,0
ZINC03819894,DUD_p38_D_5065,FC(F)(F)c1ccccc1-c1nc(Nc2[nH]nc3ncccc23)cc(C2CC2)n1,0
ZINC03820143,DUD_p38_D_5066,Brc1cnc2c(NCc3cccnc3)nc(Cc3ccccc3)cn12,0
ZINC03820143,DUD_p38_D_5067,Brc1c[nH+]c2c(NCc3cccnc3)nc(Cc3ccccc3)cn12,0
ZINC03820302,DUD_p38_D_5068,O=c1c2c(Cc3ccc(F)cc3)n[nH]c2c2cccnc2n1-c1ccccc1,0
ZINC03820302,DUD_p38_D_5069,O=c1c2c(Cc3ccc(F)cc3)[nH]nc2c2cccnc2n1-c1ccccc1,0
ZINC03821151,DUD_p38_D_5070,CC(C)(O)c1cc(F)n2c(-c3cccc(-n4ccccc4=O)c3)cnc2c1F,0
ZINC03821151,DUD_p38_D_5071,CC(C)(O)c1cc(F)n2c(-c3cccc(-n4ccccc4=O)c3)c[nH+]c2c1F,0
ZINC03839458,DUD_p38_D_5072,O=C1Nc2ccc(-c3ccsc3)cc2C(=O)N2C[C@@H](SCc3ccco3)C[C@@H]12,0
ZINC03840351,DUD_p38_D_5073,Cn1cccc1C(=O)N[C@H]1CCN2C(=O)N(c3ccc(Cl)cc3)C(=O)[C@H]2C1,0
ZINC03844459,DUD_p38_D_5074,CCn1s/c(=N\C(=O)NCc2ccccc2)n(-c2ccccc2)c1=S,0
ZINC03846490,DUD_p38_D_5075,Cn1c(=O)c(C2=NN(c3ccccc3)[C@H](c3cccs3)C2)c(O)c2ccccc21,0
ZINC03848547,DUD_p38_D_5076,CCc1cccc2c(/C=c3\sc4[nH+]c5ccccc5n4c3=O)c[nH]c12,0
ZINC03848973,DUD_p38_D_5077,Cc1ccc(-n2ncc3c(O)nc(SCc4ccccc4)nc32)cc1,0
ZINC03849127,DUD_p38_D_5078,CCOC(=O)c1nn(-c2ccccc2)c(=N)c(-c2nc3ccccc3s2)c1C,0
ZINC03849202,DUD_p38_D_5079,COc1ccc(-n2nc(C(=O)c3cccc4ccccc34)sc2=N)cc1,0
ZINC03849458,DUD_p38_D_5080,Clc1ccc(-n2ncc3c(NCCCn4ccnc4)ncnc32)cc1,0
ZINC03849458,DUD_p38_D_5081,Clc1ccc(-n2ncc3c(NCCCn4cc[nH+]c4)ncnc32)cc1,0
ZINC03849585,DUD_p38_D_5082,COc1ccc(CCN2C(=O)/C(=C3/C(=O)Nc4ccccc43)SC2=S)cc1,0
ZINC03849588,DUD_p38_D_5083,COc1ccc(CCN2C(=O)/C(=C3/C(=O)Nc4ccccc43)SC2=S)cc1,0
ZINC03849619,DUD_p38_D_5084,Cc1cc(/C=C2/C(=N)N3C=CSC3=NC2=O)c(C)n1-c1ccc2ccccc2c1,0
ZINC03849712,DUD_p38_D_5085,COc1ccc2nc(N3C(=O)/C(=C/c4ccccc4)NC3=S)sc2c1,0
ZINC03849842,DUD_p38_D_5086,O=C1N/C(=C\c2ccc(-c3cccc(F)c3)o2)C(=O)N1Cc1ccc(F)cc1,0
ZINC03850027,DUD_p38_D_5087,Cc1ccccc1-n1nc(C)c2cc(C(=O)NCc3ccccn3)sc21,0
ZINC03850066,DUD_p38_D_5088,Cc1cc(/C=C2/C(=N)N3C=CSC3=NC2=O)c(C)n1-c1cccc2ccccc12,0
ZINC03850070,DUD_p38_D_5089,O=C1N/C(=C\c2ccc(-c3cccc(F)c3)o2)C(=O)N1Cc1ccccc1,0
ZINC03850080,DUD_p38_D_5090,C#CCn1cc(/C=C2/C(=O)NC(=O)N(c3cccc(F)c3)C2=O)c2ccccc21,0
ZINC03850109,DUD_p38_D_5091,Cc1cccc(-n2nc(C)c3cc(C(=O)NCc4ccccn4)sc32)c1,0
ZINC03850137,DUD_p38_D_5092,CCn1c(-c2ccc(C(=O)Nc3ccccc3C)s2)[nH+]c2ccccc21,0
ZINC03850149,DUD_p38_D_5093,Cn1c(-c2ccc(C(=O)Nc3nc4ccccc4s3)s2)[nH+]c2ccccc21,0
ZINC03850151,DUD_p38_D_5094,Cc1ccc(-n2nc(C)c3cc(C(=O)NCc4ccccn4)sc32)cc1,0
ZINC03850171,DUD_p38_D_5095,Cc1cc(/C=C2/C(=N)N3N=CSC3=NC2=O)c(C)n1-c1ccc2ccccc2c1,0
ZINC03850272,DUD_p38_D_5096,COc1ccc(-c2nn(-c3ccccc3)cc2/C=C2\NC(=S)NC2=O)cc1,0
ZINC03850358,DUD_p38_D_5097,Cc1ccccc1-n1nc(C)c2cc(C(=O)NCc3cccnc3)sc21,0
ZINC03850431,DUD_p38_D_5098,Cc1nn(-c2ccc(Cl)cc2)c2sc(C(=O)NCc3ccccn3)cc12,0
ZINC03850447,DUD_p38_D_5099,CCCn1c(-c2ccc(C(=O)Nc3nccs3)s2)nc2ccccc21,0
ZINC03850447,DUD_p38_D_5100,CCCn1c(-c2ccc(C(=O)Nc3nccs3)s2)[nH+]c2ccccc21,0
ZINC03850569,DUD_p38_D_5101,Cc1ccc(-c2csc3ncnc(SCc4[nH]c5ccccc5[nH+]4)c23)cc1,0
ZINC03850585,DUD_p38_D_5102,CCn1c(-c2ccc(C(=O)Nc3nccs3)s2)nc2ccccc21,0
ZINC03850585,DUD_p38_D_5103,CCn1c(-c2ccc(C(=O)Nc3nccs3)s2)[nH+]c2ccccc21,0
ZINC03850612,DUD_p38_D_5104,COc1ccc(N2C(=O)/C(=C\c3nc4ccccc4[nH]3)SC2=S)cc1,0
ZINC03850612,DUD_p38_D_5105,COc1ccc(N2C(=O)/C(=C/c3[nH]c4ccccc4[nH+]3)SC2=S)cc1,0
ZINC03850634,DUD_p38_D_5106,Cc1ccc(N2C(=O)/C(=C/c3nc4ccccc4[nH]3)SC2=S)cc1C,0
ZINC03850634,DUD_p38_D_5107,Cc1ccc(N2C(=O)/C(=C/c3[nH]c4ccccc4[nH+]3)SC2=S)cc1C,0
ZINC03850665,DUD_p38_D_5108,O=C1CCC=C2Nc3nc(SCc4ccccc4)nn3[C@H](c3ccccn3)[C@@H]12,0
ZINC03850667,DUD_p38_D_5109,O=C1CCC=C2Nc3nc(SCc4ccccc4)nn3[C@H](c3ccccn3)[C@@H]12,0
ZINC03850761,DUD_p38_D_5110,CCOc1ccc2nc(N3C(=O)/C(=C/c4ccccc4)NC3=S)sc2c1,0
ZINC03850762,DUD_p38_D_5111,Cc1cccc(N2C(=O)/C(=C/c3nc4ccccc4[nH]3)SC2=S)c1,0
ZINC03850762,DUD_p38_D_5112,Cc1cccc(N2C(=O)/C(=C/c3[nH]c4ccccc4[nH+]3)SC2=S)c1,0
ZINC03850832,DUD_p38_D_5113,Cc1ccc(N2C(=O)/C(=C/c3nc4ccccc4[nH]3)SC2=S)c(C)c1,0
ZINC03850832,DUD_p38_D_5114,Cc1ccc(N2C(=O)/C(=C/c3[nH]c4ccccc4[nH+]3)SC2=S)c(C)c1,0
ZINC03850839,DUD_p38_D_5115,COc1cccc(N2C(=O)/C(=C\c3nc4ccccc4[nH]3)SC2=S)c1,0
ZINC03850839,DUD_p38_D_5116,COc1cccc(N2C(=O)/C(=C\c3[nH]c4ccccc4[nH+]3)SC2=S)c1,0
ZINC03850875,DUD_p38_D_5117,Cn1cc(/C=C2\SC(Nc3ccc(F)cc3)=NC2=O)c2ccccc21,0
ZINC03850880,DUD_p38_D_5118,CCn1c(SCc2nc3ccccc3[nH]2)nnc1-c1ccc(Cl)cc1,0
ZINC03850880,DUD_p38_D_5119,CCn1c(SCc2[nH]c3ccccc3[nH+]2)nnc1-c1ccc(Cl)cc1,0
ZINC03850914,DUD_p38_D_5120,Cc1nc2[nH]c(SCC(=O)c3ccc4ccccc4c3)[nH+]c2cc1Br,0
ZINC03850967,DUD_p38_D_5121,CCc1ccc2c(c1)[C@]1(Nc3ccccc3-c3nc4ccccc4n31)C(=O)N2,0
ZINC03850967,DUD_p38_D_5122,CCc1ccc2c(c1)[C@]1(Nc3ccccc3-c3[nH+]c4ccccc4n31)C(=O)N2,0
ZINC03850968,DUD_p38_D_5123,CCc1ccc2c(c1)[C@]1(Nc3ccccc3-c3nc4ccccc4n31)C(=O)N2,0
ZINC03850968,DUD_p38_D_5124,CCc1ccc2c(c1)[C@@]1(Nc3ccccc3-c3[nH+]c4ccccc4n31)C(=O)N2,0
ZINC03850987,DUD_p38_D_5125,Cc1ccc(-n2ncc3c(SCc4nc5ccccc5[nH]4)ncnc32)cc1,0
ZINC03850987,DUD_p38_D_5126,Cc1ccc(-n2ncc3c(SCc4[nH]c5ccccc5[nH+]4)ncnc32)cc1,0
ZINC03851052,DUD_p38_D_5127,CN(C)c1ccc(/C=C2/C(=O)NC(=S)N(c3cccc4ccccc34)C2=O)cc1,0
ZINC03851055,DUD_p38_D_5128,CN(C)c1ccc(/C=C2\C(=O)NC(=S)N(c3cccc4ccccc34)C2=O)cc1,0
ZINC03851057,DUD_p38_D_5129,COc1ccccc1/C=C1/C(=O)NC(=S)N(c2cccc3ccccc23)C1=O,0
ZINC03851060,DUD_p38_D_5130,COc1ccccc1/C=C1/C(=O)NC(=S)N(c2cccc3ccccc23)C1=O,0
ZINC03851071,DUD_p38_D_5131,O=C(CSc1nccn1-c1ccccc1)Nc1ccc2c(c1)OCCO2,0
ZINC03851071,DUD_p38_D_5132,O=C(CSc1[nH+]ccn1-c1ccccc1)Nc1ccc2c(c1)OCCO2,0
ZINC03851098,DUD_p38_D_5133,O=C(CSc1nccn1-c1ccc(F)cc1)Nc1ccc2c(c1)OCCO2,0
ZINC03851098,DUD_p38_D_5134,O=C(CSc1[nH+]ccn1-c1ccc(F)cc1)Nc1ccc2c(c1)OCCO2,0
ZINC03851103,DUD_p38_D_5135,O=C(CSc1nccn1-c1cccc(Cl)c1)Nc1ccc2c(c1)OCO2,0
ZINC03851103,DUD_p38_D_5136,O=C(CSc1[nH+]ccn1-c1cccc(Cl)c1)Nc1ccc2c(c1)OCO2,0
ZINC03851109,DUD_p38_D_5137,O=C(CSc1nccn1-c1ccc(Cl)cc1)Nc1ccc2c(c1)OCCO2,0
ZINC03851109,DUD_p38_D_5138,O=C(CSc1[nH+]ccn1-c1ccc(Cl)cc1)Nc1ccc2c(c1)OCCO2,0
ZINC03851112,DUD_p38_D_5139,O=C(CSc1nccn1-c1ccc(Cl)cc1)Nc1ccc2c(c1)OCO2,0
ZINC03851112,DUD_p38_D_5140,O=C(CSc1[nH+]ccn1-c1ccc(Cl)cc1)Nc1ccc2c(c1)OCO2,0
ZINC03851348,DUD_p38_D_5141,O=C1C[C@@H](c2ccccc2)Cc2[nH]/c(=N\c3ccc(F)cc3)ncc21,0
ZINC03851350,DUD_p38_D_5142,O=C1C[C@@H](c2ccccc2)Cc2[nH]/c(=N/c3ccc(F)cc3)ncc21,0
ZINC03851368,DUD_p38_D_5143,Cc1nc(/N=c2\[nH]c3ccccc3s2)nc(-c2ccccc2)c1C#N,0
ZINC03851389,DUD_p38_D_5144,COc1ccc(/N=c2/ncc3c([nH]2)C[C@@H](c2cccs2)CC3=O)cc1,0
ZINC03851392,DUD_p38_D_5145,COc1ccc(/N=c2/ncc3c([nH]2)C[C@@H](c2cccs2)CC3=O)cc1,0
ZINC03851411,DUD_p38_D_5146,Cc1nc(/N=c2\[nH]c3ccccc3s2)ncc1C(=O)Nc1ccc(F)cc1,0
ZINC03851412,DUD_p38_D_5147,Cc1nc(/N=c2/[nH]c3ccccc3s2)ncc1C(=O)Nc1ccc(F)cc1,0
ZINC03851456,DUD_p38_D_5148,COc1ccc([C@@H]2CC(=O)c3cn/c(=N/c4ccc(F)cc4)[nH]c3C2)cc1,0
ZINC03851458,DUD_p38_D_5149,COc1ccc([C@H]2CC(=O)c3cn/c(=N\c4ccc(F)cc4)[nH]c3C2)cc1,0
ZINC03851460,DUD_p38_D_5150,O=C1C[C@@H](c2ccc(F)cc2)Cc2[nH]/c(=N\c3ccc(Cl)cc3)ncc21,0
ZINC03851463,DUD_p38_D_5151,O=C1C[C@H](c2ccc(F)cc2)Cc2[nH]/c(=N/c3ccc(Cl)cc3)ncc21,0
ZINC03851512,DUD_p38_D_5152,Cc1cccc(/N=c2/ncc3c([nH]2)C[C@@H](c2ccc(F)cc2)CC3=O)c1,0
ZINC03851515,DUD_p38_D_5153,Cc1cccc(/N=c2/ncc3c([nH]2)C[C@H](c2ccc(F)cc2)CC3=O)c1,0
ZINC03851525,DUD_p38_D_5154,CCn1nc(C(=O)N/N=c2/sc3ccccc3n2C)c2ccccc2c1=O,0
ZINC03851572,DUD_p38_D_5155,Cc1cc(SCC(=O)NC(=O)[C@@H]2COc3ccccc3O2)nc2ccccc12,0
ZINC03851600,DUD_p38_D_5156,Cc1nc(NCc2cccnc2)c2cc(-c3ccccc3)sc2n1,0
ZINC03851638,DUD_p38_D_5157,COc1cc(OC)cc(C(=O)Nc2ccc(-c3cn4ccsc4n3)cc2)c1,0
ZINC03851638,DUD_p38_D_5158,COc1cc(OC)cc(C(=O)Nc2ccc(-c3cn4ccsc4[nH+]3)cc2)c1,0
ZINC03851651,DUD_p38_D_5159,Cc1c(C)c(OC(=O)c2cccs2)c(Cc2[nH]c3ccccc3[nH+]2)c(C)c1O,0
ZINC03851671,DUD_p38_D_5160,CCCn1c(-c2cccc(F)c2)nc2c1c(=O)[nH]c(=O)n2Cc1ccccc1,0
ZINC03851671,DUD_p38_D_5161,CCCn1c(-c2cccc(F)c2)[nH+]c2c1c(=O)[nH]c(=O)n2Cc1ccccc1,0
ZINC03851712,DUD_p38_D_5162,COc1ccc(CNC(=O)c2cc3cc4ccc(OC)cc4nc3s2)cc1,0
ZINC03851798,DUD_p38_D_5163,CCn1c(-c2ccc(Br)cc2F)nc2c1c(=O)[nH]c(=O)n2Cc1ccccc1,0
ZINC03851798,DUD_p38_D_5164,CCn1c(-c2ccc(Br)cc2F)[nH+]c2c1c(=O)[nH]c(=O)n2Cc1ccccc1,0
ZINC03851819,DUD_p38_D_5165,CN(C)c1cccc(C(=O)Nc2ccc(-c3cn4ccsc4n3)cc2)c1,0
ZINC03851819,DUD_p38_D_5166,CN(C)c1cccc(C(=O)Nc2ccc(-c3cn4ccsc4[nH+]3)cc2)c1,0
ZINC03851869,DUD_p38_D_5167,CCOc1ncccc1C(=O)Nc1ccc(-c2cn3ccsc3n2)cc1,0
ZINC03851869,DUD_p38_D_5168,CCOc1ncccc1C(=O)Nc1ccc(-c2cn3ccsc3[nH+]2)cc1,0
ZINC03851870,DUD_p38_D_5169,CSc1ncccc1C(=O)Nc1ccc(-c2cn3ccsc3n2)cc1,0
ZINC03851870,DUD_p38_D_5170,CSc1ncccc1C(=O)Nc1ccc(-c2cn3ccsc3[nH+]2)cc1,0
ZINC03851906,DUD_p38_D_5171,Cc1c(C(=O)Nc2ccc(-c3cn4ccsc4n3)cc2)cccc1[N+](=O)[O-],0
ZINC03851906,DUD_p38_D_5172,Cc1c(C(=O)Nc2ccc(-c3cn4ccsc4[nH+]3)cc2)cccc1[N+](=O)[O-],0
ZINC03851920,DUD_p38_D_5173,O=C(Nc1ccc(-c2cn3ccsc3n2)cc1)[C@H]1COc2ccccc2O1,0
ZINC03851920,DUD_p38_D_5174,O=C(Nc1ccc(-c2cn3ccsc3[nH+]2)cc1)[C@H]1COc2ccccc2O1,0
ZINC03851944,DUD_p38_D_5175,Cc1ccc2[nH]c(SCc3cc(=O)oc4ccc5ccccc5c34)[nH+]c2c1,0
ZINC03851952,DUD_p38_D_5176,Cc1ccc(-c2nc(C)sc2CC(=O)Nc2nc3ccccc3[nH]2)cc1,0
ZINC03851952,DUD_p38_D_5177,Cc1ccc(-c2nc(C)sc2CC(=O)Nc2[nH]c3ccccc3[nH+]2)cc1,0
ZINC03851985,DUD_p38_D_5178,Clc1ccc2nc(CSc3nnc(-c4c[nH]c5ccccc45)o3)cn2c1,0
ZINC03851985,DUD_p38_D_5179,Clc1ccc2[nH+]c(CSc3nnc(-c4c[nH]c5ccccc45)o3)cn2c1,0
ZINC03852010,DUD_p38_D_5180,Cc1ccsc1-c1nc2c(c(=O)[nH]c(=O)n2Cc2ccccc2)n1Cc1ccco1,0
ZINC03852010,DUD_p38_D_5181,Cc1ccsc1-c1[nH+]c2c(c(=O)[nH]c(=O)n2Cc2ccccc2)n1Cc1ccco1,0
ZINC03852013,DUD_p38_D_5182,Cc1ccccc1/N=c1/scc(-c2ccc3c(c2)NC(=O)CO3)n1Cc1ccco1,0
ZINC03852105,DUD_p38_D_5183,CC(=O)Nc1ccc(-n2c(C)cs/c2=N/C(=O)c2ccccc2)cc1,0
ZINC03852134,DUD_p38_D_5184,Cc1[nH]c2ccccc2c1/C=C1\SC(=S)N(c2cccnc2)C1=O,0
ZINC03852452,DUD_p38_D_5185,Cc1ccc(NC(=O)c2sc3[nH+]c(-c4ccccc4)cn3c2C)cc1,0
ZINC03852570,DUD_p38_D_5186,Cc1ccc2nc(NC(=O)CSc3nccn3-c3ccccc3)sc2c1,0
ZINC03852570,DUD_p38_D_5187,Cc1ccc2nc(NC(=O)CSc3[nH+]ccn3-c3ccccc3)sc2c1,0
ZINC03852575,DUD_p38_D_5188,Cc1ccc(NC(=O)CSc2nccn2-c2ccccc2)cc1Cl,0
ZINC03852575,DUD_p38_D_5189,Cc1ccc(NC(=O)CSc2[nH+]ccn2-c2ccccc2)cc1Cl,0
ZINC03852591,DUD_p38_D_5190,Cc1cccc(-n2ccnc2SCC(=O)Nc2nc3ccccc3s2)c1,0
ZINC03852591,DUD_p38_D_5191,Cc1cccc(-n2cc[nH+]c2SCC(=O)Nc2nc3ccccc3s2)c1,0
ZINC03852597,DUD_p38_D_5192,Cc1cccc(-n2ccnc2SCC(=O)Nc2ccc(Cl)cc2)c1,0
ZINC03852597,DUD_p38_D_5193,Cc1cccc(-n2cc[nH+]c2SCC(=O)Nc2ccc(Cl)cc2)c1,0
ZINC03852600,DUD_p38_D_5194,Cc1cccc(-n2ccnc2SCC(=O)Nc2cccc(Cl)c2)c1,0
ZINC03852600,DUD_p38_D_5195,Cc1cccc(-n2cc[nH+]c2SCC(=O)Nc2cccc(Cl)c2)c1,0
ZINC03852604,DUD_p38_D_5196,Cc1cccc(-n2ccnc2SCC(=O)Nc2ccc(F)cc2)c1C,0
ZINC03852604,DUD_p38_D_5197,Cc1cccc(-n2cc[nH+]c2SCC(=O)Nc2ccc(F)cc2)c1C,0
ZINC03852606,DUD_p38_D_5198,Cc1cccc(-n2ccnc2SCC(=O)Nc2ccccc2F)c1C,0
ZINC03852606,DUD_p38_D_5199,Cc1cccc(-n2cc[nH+]c2SCC(=O)Nc2ccccc2F)c1C,0
ZINC03852615,DUD_p38_D_5200,Cc1cccc(-n2cc[nH+]c2SCC(=O)Nc2nc3ccccc3s2)c1C,0
ZINC03852620,DUD_p38_D_5201,Cc1cccc(-n2cc[nH+]c2SCC(=O)Nc2ccc(Cl)cc2)c1C,0
ZINC03852623,DUD_p38_D_5202,Cc1cccc(-n2cc[nH+]c2SCC(=O)Nc2cccc(Cl)c2)c1C,0
ZINC03852627,DUD_p38_D_5203,Cc1cccc(-n2ccnc2SCC(=O)Nc2cccc(F)c2)c1C,0
ZINC03852627,DUD_p38_D_5204,Cc1cccc(-n2cc[nH+]c2SCC(=O)Nc2cccc(F)c2)c1C,0
ZINC03852660,DUD_p38_D_5205,O=C(CSc1nccn1-c1ccc(F)cc1)Nc1ccc2c(c1)OCO2,0
ZINC03852660,DUD_p38_D_5206,O=C(CSc1[nH+]ccn1-c1ccc(F)cc1)Nc1ccc2c(c1)OCO2,0
ZINC03852674,DUD_p38_D_5207,Cc1ccc(NC(=O)CSc2nccn2-c2cccc(Cl)c2)cc1,0
ZINC03852674,DUD_p38_D_5208,Cc1ccc(NC(=O)CSc2[nH+]ccn2-c2cccc(Cl)c2)cc1,0
ZINC03852677,DUD_p38_D_5209,Cc1cccc(NC(=O)CSc2nccn2-c2cccc(Cl)c2)c1,0
ZINC03852677,DUD_p38_D_5210,Cc1cccc(NC(=O)CSc2[nH+]ccn2-c2cccc(Cl)c2)c1,0
ZINC03852680,DUD_p38_D_5211,Cc1ccc(NC(=O)CSc2nccn2-c2ccc(Cl)cc2)cc1,0
ZINC03852680,DUD_p38_D_5212,Cc1ccc(NC(=O)CSc2[nH+]ccn2-c2ccc(Cl)cc2)cc1,0
ZINC03852683,DUD_p38_D_5213,Cc1cccc(NC(=O)CSc2nccn2-c2ccc(Cl)cc2)c1,0
ZINC03852683,DUD_p38_D_5214,Cc1cccc(NC(=O)CSc2[nH+]ccn2-c2ccc(Cl)cc2)c1,0
ZINC03852698,DUD_p38_D_5215,Cc1ccc2c(c1)[C@H](c1ccc(F)cc1)N(C(=O)/C=C\c1ccccc1)CC(=O)N2,0
ZINC03852701,DUD_p38_D_5216,Cc1ccc2c(c1)[C@@H](c1ccc(F)cc1)N(C(=O)/C=C\c1ccccc1)CC(=O)N2,0
ZINC03852704,DUD_p38_D_5217,O=C1CN(C(=O)/C=C/c2ccccc2)[C@H](c2ccccc2)c2cc(F)ccc2N1,0
ZINC03852707,DUD_p38_D_5218,O=C1CN(C(=O)/C=C\c2ccccc2)[C@H](c2ccccc2)c2cc(F)ccc2N1,0
ZINC03852710,DUD_p38_D_5219,O=C1CN(C(=O)/C=C/c2ccccc2)[C@H](c2ccc(F)cc2)c2cc(F)ccc2N1,0
ZINC03852713,DUD_p38_D_5220,O=C1CN(C(=O)/C=C/c2ccccc2)[C@@H](c2ccc(F)cc2)c2cc(F)ccc2N1,0
ZINC03852723,DUD_p38_D_5221,Cc1ccc(N2C(=O)/C(=C\c3cccn3-c3ccccc3)C(=O)NC2=S)c(C)c1,0
ZINC03852734,DUD_p38_D_5222,O=C1NC(=O)N(c2ccc3c(c2)OCO3)C(=O)/C1=C\c1cccn1-c1ccc(Cl)cc1,0
ZINC03852776,DUD_p38_D_5223,Cc1ccc(-c2cc(C(=O)Nc3ccccn3)c3ccccc3n2)s1,0
ZINC03852806,DUD_p38_D_5224,Cn1cc(Br)c(C(=O)Nc2ccc3[nH]c(-c4ccccc4)nc3c2)n1,0
ZINC03852806,DUD_p38_D_5225,Cn1cc(Br)c(C(=O)Nc2ccc3[nH]c(-c4ccccc4)[nH+]c3c2)n1,0
ZINC03852807,DUD_p38_D_5226,Cn1ncc(Cl)c1C(=O)Nc1ccc2[nH]c(-c3ccccc3)nc2c1,0
ZINC03852807,DUD_p38_D_5227,Cn1ncc(Cl)c1C(=O)Nc1ccc2[nH]c(-c3ccccc3)[nH+]c2c1,0
ZINC03852816,DUD_p38_D_5228,C=c1[nH]n(-c2ccc3ccccc3c2)c(=O)/c1=C/c1cc2c(cc1Cl)OCO2,0
ZINC03852818,DUD_p38_D_5229,C/C(=C\c1ccccc1)NNC(=O)c1sc2ccccc2c1Cl,0
ZINC03852821,DUD_p38_D_5230,O=C(NCc1cccnc1)c1cc(-c2ccccc2Cl)nc2ccccc12,0
ZINC03852841,DUD_p38_D_5231,Cc1nn(-c2ccccc2)c(C)c1/C=C1\NC(=S)N(c2ccccc2)C1=O,0
ZINC03852842,DUD_p38_D_5232,Cc1nn(-c2ccccc2)c(C)c1/C=C1/NC(=S)N(c2ccccc2)C1=O,0
ZINC03852858,DUD_p38_D_5233,Cc1ccc([C@@H]2C[C@H](C(F)(F)F)n3nc(C(=O)Nc4cccnc4)cc3N2)cc1,0
ZINC03852897,DUD_p38_D_5234,C/C(=C\NNC(=O)c1sc2ccccc2c1Cl)c1ccccc1,0
ZINC03852906,DUD_p38_D_5235,Cc1ccc(-c2nn(-c3ccccc3)cc2/C=C2/NC(=S)NC2=O)cc1,0
ZINC03852907,DUD_p38_D_5236,CN1N=C(c2ccccc2)/C(=C\c2c(-c3ccccc3)nn(C)c2O)C1=O,0
ZINC03852912,DUD_p38_D_5237,Fc1ccc(/C=C2\CCCC3=C2Nc2ncnn2[C@@H]3c2ccc(F)cc2)cc1,0
ZINC03852913,DUD_p38_D_5238,Fc1ccc(/C=C2\CCCC3=C2Nc2ncnn2[C@H]3c2ccc(F)cc2)cc1,0
ZINC03852952,DUD_p38_D_5239,Cc1cccc(N2C(=O)/C(=C/c3cnc4ccccc4n3)NC2=S)c1,0
ZINC03852981,DUD_p38_D_5240,Cc1nn(-c2ccccc2)c(C)c1/C=C1\NC(=S)N(c2ccc(F)cc2)C1=O,0
ZINC03852996,DUD_p38_D_5241,O=C1N/C(=C/c2cccn2-c2ccccc2)C(=O)N1Cc1ccc(Cl)cc1,0
ZINC03853038,DUD_p38_D_5242,Cc1ccc(NC(=O)c2cc3nccc(-c4ccc(F)cc4)n3n2)nc1,0
ZINC03853039,DUD_p38_D_5243,Cc1cccc(NC(=O)c2cc3nccc(-c4ccc(F)cc4)n3n2)n1,0
ZINC03853063,DUD_p38_D_5244,COc1ccc(N2C(=S)N(c3ccccc3)C(=O)/C2=C/c2ccccc2O)cc1,0
ZINC03853064,DUD_p38_D_5245,O=C(NCc1ccccn1)c1cc2n(n1)[C@@H](C(F)(F)F)C[C@@H](c1ccco1)N2,0
ZINC03853067,DUD_p38_D_5246,Cc1ccc(NC(=S)Nc2cnn(Cc3ccccc3C)c2)nc1,0
ZINC03853078,DUD_p38_D_5247,CCOC(=O)C1=C(C)N=c2s/c(=C\c3ccc[nH]3)c(=O)n2[C@H]1c1ccccc1,0
ZINC03853079,DUD_p38_D_5248,COC(=O)C1=C(C)N=c2s/c(=C/c3ccc[nH]3)c(=O)n2[C@H]1c1ccccc1,0
ZINC03853080,DUD_p38_D_5249,COC(=O)C1=C(C)N=c2s/c(=C\c3ccc[nH]3)c(=O)n2[C@@H]1c1ccccc1,0
ZINC03853087,DUD_p38_D_5250,CCCn1c(NC(=O)c2cc(-c3cccs3)on2)nc2ccccc21,0
ZINC03853087,DUD_p38_D_5251,CCCn1c(NC(=O)c2cc(-c3cccs3)on2)[nH+]c2ccccc21,0
ZINC03853088,DUD_p38_D_5252,Cc1cccnc1NC(=S)Nc1cnn(Cc2ccc(Cl)cc2)c1,0
ZINC03853089,DUD_p38_D_5253,CCn1cc(-c2cc(C(=O)Nc3ccc(Br)cn3)c3ccccc3n2)cn1,0
ZINC03853094,DUD_p38_D_5254,Cc1ccnc(NC(=S)Nc2cnn(Cc3ccc(Cl)cc3)c2)c1,0
ZINC03853099,DUD_p38_D_5255,C=c1[nH]n(-c2ccccc2)c(=O)/c1=C\c1ccc(-c2cccc(Cl)c2)o1,0
ZINC03853105,DUD_p38_D_5256,Cc1cccc2sc(NC(=O)CSc3nc4ccccc4[nH]3)nc12,0
ZINC03853105,DUD_p38_D_5257,Cc1cccc2sc(NC(=O)CSc3[nH]c4ccccc4[nH+]3)nc12,0
ZINC03853110,DUD_p38_D_5258,Cc1c(Cl)cccc1-c1ccc(/C=C2/C(=O)NN(c3ccc(F)cc3)C2=O)o1,0
ZINC03853114,DUD_p38_D_5259,Cc1ccc(C2=NN3C(=N)/C(=C/c4ccc(F)cc4)C(=O)N=C3S2)cc1,0
ZINC03853120,DUD_p38_D_5260,C=c1[nH]n(-c2nc(-c3ccc(F)cc3)cs2)c(=O)/c1=C\c1ccc(OC)cc1,0
ZINC03853121,DUD_p38_D_5261,C=c1[nH]n(-c2nc(-c3ccc(F)cc3)cs2)c(=O)/c1=C\c1ccc(OC)cc1,0
ZINC03853130,DUD_p38_D_5262,Cc1ccc(CN2C(=O)/C(=C3\C(=O)Nc4ccccc43)SC2=S)cc1,0
ZINC03853135,DUD_p38_D_5263,COc1cccc(N2C(=O)/C(=C\c3c[nH]c4ccccc34)C(=O)NC2=S)c1,0
ZINC03853145,DUD_p38_D_5264,COc1ccc(/C=C2\SC(=S)N(c3cccc4ccccc34)C2=O)cc1O,0
ZINC03853146,DUD_p38_D_5265,COc1ccc(/C=C2/SC(=S)N(c3cccc4ccccc34)C2=O)cc1O,0
ZINC03853158,DUD_p38_D_5266,Cc1[nH]c2ccccc2c1/C=C1/C(=O)NC(=S)N(c2ccccc2Cl)C1=O,0
ZINC03853159,DUD_p38_D_5267,Cc1[nH]c2ccccc2c1/C=C1\C(=O)NC(=S)N(c2ccccc2Cl)C1=O,0
ZINC03853174,DUD_p38_D_5268,Cc1onc(-c2ccccc2Cl)c1C(=O)NC(=S)NCc1cccnc1,0
ZINC03853190,DUD_p38_D_5269,O=C1N/C(=C/c2ccc(-c3cccc(Br)c3)o2)C(=O)N1c1ccccc1,0
ZINC03853198,DUD_p38_D_5270,Cc1c(Cl)cccc1-c1ccc(/C=C2/C(=O)NN(c3ccccc3)C2=O)o1,0
ZINC03853212,DUD_p38_D_5271,COc1ccc2ccccc2c1/C=C1\C(=O)NC(=S)N(c2ccccc2)C1=O,0
ZINC03853213,DUD_p38_D_5272,COc1ccc2ccccc2c1/C=C1/C(=O)NC(=S)N(c2ccccc2)C1=O,0
ZINC03853214,DUD_p38_D_5273,COc1ccc(/C=C2/C(=O)NC(=S)N(c3ccccc3)C2=O)c2ccccc12,0
ZINC03853215,DUD_p38_D_5274,COc1ccc(/C=C2\C(=O)NC(=S)N(c3ccccc3)C2=O)c2ccccc12,0
ZINC03853216,DUD_p38_D_5275,O=C1NC(=S)N(c2ccccc2)C(=O)/C1=C/c1ccc(N2CCCC2)cc1,0
ZINC03853220,DUD_p38_D_5276,COc1ccc2ccccc2c1/C=C1/C(=O)NC(=S)N(c2cccc(C)c2)C1=O,0
ZINC03853221,DUD_p38_D_5277,COc1ccc(/C=C2/C(=O)NC(=S)N(c3cccc(C)c3)C2=O)c2ccccc12,0
ZINC03853227,DUD_p38_D_5278,COc1ccc2ccccc2c1/C=C1\C(=O)NC(=S)N(c2ccc(C)cc2)C1=O,0
ZINC03853228,DUD_p38_D_5279,COc1ccc(/C=C2/C(=O)NC(=S)N(c3ccc(C)cc3)C2=O)c2ccccc12,0
ZINC03853229,DUD_p38_D_5280,Cc1ccc(C2=NN3C(=N)/C(=C/c4cccc(C)c4)C(=O)N=C3S2)cc1,0
ZINC03853255,DUD_p38_D_5281,Cc1ccccc1C1=NN2C(=N)/C(=C/c3ccc(Cl)cc3)C(=O)N=C2S1,0
ZINC03853256,DUD_p38_D_5282,Cc1ccccc1C1=NN2C(=N)/C(=C/c3ccc(Cl)cc3)C(=O)N=C2S1,0
ZINC03853269,DUD_p38_D_5283,Cc1cccc(/C=C2/C(=N)N3N=C(c4ccccc4C)SC3=NC2=O)c1,0
ZINC03853318,DUD_p38_D_5284,O=C1NN(c2ccc(F)cc2)C(=O)/C1=C/c1ccc(-c2cccc(Cl)c2)o1,0
ZINC03853330,DUD_p38_D_5285,CC(=O)Nc1ccccc1/C=C1/SC(=S)N(c2ccccc2)C1=O,0
ZINC03853331,DUD_p38_D_5286,CC(=O)Nc1ccccc1/C=C1/SC(=S)N(c2ccccc2)C1=O,0
ZINC03853342,DUD_p38_D_5287,Cc1ccccc1C1=NN2C(=N)/C(=C/c3ccc(F)cc3)C(=O)N=C2S1,0
ZINC03853372,DUD_p38_D_5288,O=C1N/C(=C\c2ccc(-c3ccccc3)o2)C(=O)N1c1cccc(Cl)c1,0
ZINC03853383,DUD_p38_D_5289,C=c1[nH]n(-c2cccc(Cl)c2)c(=O)/c1=C\c1ccc(-c2ccc(F)cc2)o1,0
ZINC03853407,DUD_p38_D_5290,CC(=O)Nc1ccc(/C=C2\SC(=S)N(c3ccccc3C)C2=O)cc1,0
ZINC03853465,DUD_p38_D_5291,CC1=NC2=CCCC(=O)[C@H]2[C@H](c2ccc(F)cc2)[C@H]1C(=O)Nc1ccccc1,0
ZINC03853465,DUD_p38_D_5292,C=C1N=C2CCCC(=O)[C@H]2[C@H](c2ccc(F)cc2)[C@@H]1C(=O)Nc1ccccc1,0
ZINC03853465,DUD_p38_D_5293,CC1=C(C(=O)Nc2ccccc2)[C@H](c2ccc(F)cc2)[C@H]2C(=O)CCCC2=N1,0
ZINC03853466,DUD_p38_D_5294,CC1=NC2=CCCC(=O)[C@H]2[C@H](c2ccc(F)cc2)[C@@H]1C(=O)Nc1ccccc1,0
ZINC03853466,DUD_p38_D_5295,CC1=C(C(=O)Nc2ccccc2)[C@H](c2ccc(F)cc2)[C@@H]2C(=O)CCCC2=N1,0
ZINC03853466,DUD_p38_D_5296,C=C1N=C2CCCC(=O)[C@H]2[C@@H](c2ccc(F)cc2)[C@@H]1C(=O)Nc1ccccc1,0
ZINC03853471,DUD_p38_D_5297,Cc1ccc2nc(-c3cccc(NC(=O)c4cccs4)c3)[nH]c2c1,0
ZINC03853471,DUD_p38_D_5298,Cc1ccc2[nH+]c(-c3cccc(NC(=O)c4cccs4)c3)[nH]c2c1,0
ZINC03853485,DUD_p38_D_5299,COc1ccc(/C=C2/C(=O)NC(=O)N(c3ccc(Cl)cc3)C2=O)c2ccccc12,0
ZINC03853486,DUD_p38_D_5300,COc1ccc(/C=C2/C(=O)NC(=O)N(c3ccc(Cl)cc3)C2=O)c2ccccc12,0
ZINC03853504,DUD_p38_D_5301,CCOc1ccc2ccccc2c1/C=C1/C(=O)NC(=S)N(c2ccccc2)C1=O,0
ZINC03853505,DUD_p38_D_5302,CCOc1ccc2ccccc2c1/C=C1/C(=O)NC(=S)N(c2ccccc2)C1=O,0
ZINC03853508,DUD_p38_D_5303,O=C(Nc1ccc(Cl)c(-c2nc3ccccc3[nH]2)c1)c1ccc2c(c1)OCO2,0
ZINC03853508,DUD_p38_D_5304,O=C(Nc1ccc(Cl)c(-c2[nH]c3ccccc3[nH+]2)c1)c1ccc2c(c1)OCO2,0
ZINC03853521,DUD_p38_D_5305,O=C(NC(=S)Nc1ccc(Cc2ccncc2)cc1)c1ccc2c(c1)OCO2,0
ZINC03853528,DUD_p38_D_5306,Cc1ccc2nc(-c3ccncc3)cc(C(=O)Nc3ccc(Br)cn3)c2c1,0
ZINC03853554,DUD_p38_D_5307,C=c1[nH]n(-c2ccc3ccccc3c2)c(=O)/c1=C\c1cc(Cl)c(O)c(OC)c1,0
ZINC03853591,DUD_p38_D_5308,O=C1NN(c2ccccc2)C(=O)/C1=C\c1ccc(-c2ccccc2Cl)o1,0
ZINC03853603,DUD_p38_D_5309,COc1ccccc1N1C(=O)/C(=C/Nc2ccccc2F)C(=O)NC1=S,0
ZINC03853605,DUD_p38_D_5310,CN(C)c1cccc(N/C=C2\C(=O)NC(=S)N(c3ccccc3F)C2=O)c1,0
ZINC03853615,DUD_p38_D_5311,Cc1cccc(N2C(=O)/C(=C/Nc3ccccc3C)C(=O)NC2=S)c1,0
ZINC03853633,DUD_p38_D_5312,COc1ccc(N2C(=O)/C(=C\c3c(C)[nH]c4ccccc34)NC2=S)cc1,0
ZINC03853682,DUD_p38_D_5313,COc1ccc(-c2ccc(/C=C3\C(=O)NN(c4ccccc4)C3=O)o2)cc1Cl,0
ZINC03853683,DUD_p38_D_5314,COc1ccc(-c2ccc(/C=C3\C(=O)NN(c4ccccc4)C3=O)o2)cc1Cl,0
ZINC03853707,DUD_p38_D_5315,C=c1[nH]n(-c2ccc(Cl)cc2)c(=O)/c1=C/c1c(C)nn(-c2ccccc2)c1O,0
ZINC03853708,DUD_p38_D_5316,C=c1[nH]n(-c2ccc(Cl)cc2)c(=O)/c1=C\c1c(C)nn(-c2ccccc2)c1O,0
ZINC03853763,DUD_p38_D_5317,Fc1ccccc1/C=C1\CCCC2=C1Nc1nnnn1[C@H]2c1ccccc1F,0
ZINC03853765,DUD_p38_D_5318,Fc1ccccc1/C=C1\CCCC2=C1Nc1nnnn1[C@@H]2c1ccccc1F,0
ZINC03853766,DUD_p38_D_5319,Fc1ccccc1/C=C1/CCCC2=C1Nc1nnnn1[C@@H]2c1ccccc1F,0
ZINC03853767,DUD_p38_D_5320,Fc1ccccc1/C=C1\CCCC2=C1Nc1ncnn1[C@H]2c1ccccc1F,0
ZINC03853769,DUD_p38_D_5321,Fc1ccccc1/C=C1/CCCC2=C1Nc1ncnn1[C@H]2c1ccccc1F,0
ZINC03853789,DUD_p38_D_5322,CCCCSc1nnc2c(n1)O[C@@H](c1ccccn1)Nc1ccccc1-2,0
ZINC03853815,DUD_p38_D_5323,O=C(NCc1ccccc1Cl)c1ccc2c(c1)ncn2C1CCCC1,0
ZINC03853815,DUD_p38_D_5324,O=C(NCc1ccccc1Cl)c1ccc2c(c1)[nH+]cn2C1CCCC1,0
ZINC03853824,DUD_p38_D_5325,COc1ccccc1CNC(=O)c1ccc2c(c1)ncn2-c1ccc(F)cc1F,0
ZINC03853824,DUD_p38_D_5326,COc1ccccc1CNC(=O)c1ccc2c(c1)[nH+]cn2-c1ccc(F)cc1F,0
ZINC03853825,DUD_p38_D_5327,O=C(NCc1ccc2c(c1)OCO2)c1ccc2c(c1)ncn2-c1ccc(F)cc1F,0
ZINC03853825,DUD_p38_D_5328,O=C(NCc1ccc2c(c1)OCO2)c1ccc2c(c1)[nH+]cn2-c1ccc(F)cc1F,0
ZINC03853826,DUD_p38_D_5329,O=C(NCc1ccco1)c1ccc2c(c1)ncn2-c1ccc(F)cc1F,0
ZINC03853826,DUD_p38_D_5330,O=C(NCc1ccco1)c1ccc2c(c1)[nH+]cn2-c1ccc(F)cc1F,0
ZINC03853832,DUD_p38_D_5331,Cc1nc2cc(C(=O)NCc3ccco3)ccc2n1-c1ccc(Br)cc1,0
ZINC03853832,DUD_p38_D_5332,Cc1[nH+]c2cc(C(=O)NCc3ccco3)ccc2n1-c1ccc(Br)cc1,0
ZINC03853836,DUD_p38_D_5333,Cc1nc2cc(C(=O)NCc3cccnc3)ccc2n1-c1ccc(F)cc1F,0
ZINC03853836,DUD_p38_D_5334,Cc1[nH+]c2cc(C(=O)NCc3cccnc3)ccc2n1-c1ccc(F)cc1F,0
ZINC03853837,DUD_p38_D_5335,Cc1nc2cc(C(=O)NCc3ccc4c(c3)OCO4)ccc2n1-c1cccc(F)c1,0
ZINC03853837,DUD_p38_D_5336,Cc1[nH+]c2cc(C(=O)NCc3ccc4c(c3)OCO4)ccc2n1-c1cccc(F)c1,0
ZINC03853838,DUD_p38_D_5337,Cc1nc2cc(C(=O)NCc3ccc(F)cc3)ccc2n1-c1cccc(F)c1,0
ZINC03853838,DUD_p38_D_5338,Cc1[nH+]c2cc(C(=O)NCc3ccc(F)cc3)ccc2n1-c1cccc(F)c1,0
ZINC03854000,DUD_p38_D_5339,C#CCOc1ccc(/C=C2\C(=O)NC(=O)N(c3ccc(Cl)cc3)C2=O)cc1,0
ZINC03854029,DUD_p38_D_5340,Cc1ccccc1/N=c1\oc2ccc(Cl)cc2cc1C(=O)Nc1nccs1,0
ZINC03854030,DUD_p38_D_5341,Cc1cccc(/N=c2\oc3ccc(Cl)cc3cc2C(=O)Nc2nccs2)c1,0
ZINC03854031,DUD_p38_D_5342,Cc1ccc(/N=c2\oc3ccc(Cl)cc3cc2C(=O)Nc2nccs2)cc1,0
ZINC03854032,DUD_p38_D_5343,Cc1cccc(/N=c2/oc3ccccc3cc2C(=O)Nc2nccs2)c1,0
ZINC03854033,DUD_p38_D_5344,Cc1ccc(/N=c2\oc3ccccc3cc2C(=O)Nc2nccs2)cc1,0
ZINC03854034,DUD_p38_D_5345,Cc1cccc(/N=c2\oc3ccccc3cc2C(=O)Nc2nccs2)c1C,0
ZINC03854036,DUD_p38_D_5346,Cc1ccc(/N=c2\oc3ccccc3cc2C(=O)Nc2nccs2)c(C)c1,0
ZINC03854038,DUD_p38_D_5347,Cc1ccc(C)c(/N=c2\oc3ccccc3cc2C(=O)Nc2nccs2)c1,0
ZINC03854039,DUD_p38_D_5348,Cc1ccc(/N=c2\oc3ccccc3cc2C(=O)Nc2nccs2)cc1C,0
ZINC03854099,DUD_p38_D_5349,COc1ccc(C2=N/C(=C\c3ccc(F)cc3)C(=O)N2c2ccc(O)cc2)cc1,0
ZINC03854272,DUD_p38_D_5350,COc1ccc(C(=O)Nc2ccc(-c3nc4cccnc4s3)cc2)cc1,0
ZINC03854273,DUD_p38_D_5351,O=C(Cc1ccccc1)Nc1ccc(-c2nc3cccnc3s2)cc1,0
ZINC03854274,DUD_p38_D_5352,COc1ccc(CC(=O)Nc2ccc(-c3nc4cccnc4s3)cc2)cc1,0
ZINC03854276,DUD_p38_D_5353,Cc1ccccc1C(=O)Nc1ccc(-c2nc3cccnc3s2)cc1,0
ZINC03854280,DUD_p38_D_5354,O=C(Cc1cccs1)Nc1ccc(-c2nc3cccnc3s2)cc1,0
ZINC03854281,DUD_p38_D_5355,O=C(Cc1ccc(F)cc1)Nc1ccc(-c2nc3cccnc3s2)cc1,0
ZINC03854285,DUD_p38_D_5356,Cc1cccc(C(=O)Nc2ccc(-c3nc4cccnc4s3)cc2)c1,0
ZINC03854286,DUD_p38_D_5357,Cc1ccc(C(=O)Nc2ccc(-c3nc4cccnc4s3)cc2)cc1,0
ZINC03854287,DUD_p38_D_5358,COc1cccc(C(=O)Nc2ccc(-c3nc4cccnc4s3)cc2)c1,0
ZINC03854291,DUD_p38_D_5359,COc1ccc(C(=O)Nc2cccc(-c3nc4cccnc4s3)c2)cc1,0
ZINC03854292,DUD_p38_D_5360,O=C(Cc1ccccc1)Nc1cccc(-c2nc3cccnc3s2)c1,0
ZINC03854294,DUD_p38_D_5361,Cc1ccccc1C(=O)Nc1cccc(-c2nc3cccnc3s2)c1,0
ZINC03854301,DUD_p38_D_5362,Cc1cccc(C(=O)Nc2cccc(-c3nc4cccnc4s3)c2)c1,0
ZINC03854302,DUD_p38_D_5363,Cc1ccc(C(=O)Nc2cccc(-c3nc4cccnc4s3)c2)cc1,0
ZINC03854303,DUD_p38_D_5364,COc1cccc(C(=O)Nc2cccc(-c3nc4cccnc4s3)c2)c1,0
ZINC03854307,DUD_p38_D_5365,Cc1c(NC(=O)Cc2ccccc2)cccc1-c1nc2cccnc2s1,0
ZINC03854331,DUD_p38_D_5366,COc1ccccc1N1C(=O)/C(=C/c2c[nH]c3ccccc23)C(=O)NC1=S,0
ZINC03854351,DUD_p38_D_5367,COc1ccc2[nH]c(SCC(=O)Nc3ccc4ccccc4c3)nc2c1,0
ZINC03854351,DUD_p38_D_5368,COc1ccc2[nH]c(SCC(=O)Nc3ccc4ccccc4c3)[nH+]c2c1,0
ZINC03854357,DUD_p38_D_5369,O=C1NN(c2cccc(Cl)c2)C(=O)/C1=C/c1ccc(-c2ccccc2)o1,0
ZINC03854358,DUD_p38_D_5370,O=C1NN(c2cccc(Cl)c2)C(=O)/C1=C/c1ccc(-c2ccccc2)o1,0
ZINC03854359,DUD_p38_D_5371,O=C1NN(c2ccc(F)cc2)C(=O)/C1=C\c1ccc(-c2ccccc2F)o1,0
ZINC03854360,DUD_p38_D_5372,O=C1NN(c2ccc(F)cc2)C(=O)/C1=C/c1ccc(-c2ccccc2F)o1,0
ZINC03854363,DUD_p38_D_5373,O=C1NN(c2cccc(Br)c2)C(=O)/C1=C\c1ccc(-c2ccccc2)o1,0
ZINC03854364,DUD_p38_D_5374,O=C1NC(=S)N(c2ccccc2)C(=O)/C1=C\c1ccc(N2CCCC2)o1,0
ZINC03854365,DUD_p38_D_5375,O=C1NC(=S)N(c2ccccc2)C(=O)/C1=C\c1ccc(N2CCCCC2)o1,0
ZINC03854378,DUD_p38_D_5376,Cc1ccc(-c2nc3cccnc3s2)cc1NC(=O)Cc1ccccc1,0
ZINC03854380,DUD_p38_D_5377,Cc1ccc(-c2nc3cccnc3s2)cc1NC(=O)COc1ccccc1,0
ZINC03854381,DUD_p38_D_5378,Cc1ccc(-c2nc3cccnc3s2)cc1NC(=O)Cc1cccs1,0
ZINC03854393,DUD_p38_D_5379,Cc1ccc(-c2nc3cccnc3s2)cc1NC(=O)c1ccccc1,0
ZINC03854394,DUD_p38_D_5380,Cc1ccc(-c2nc3cccnc3s2)cc1NC(=O)c1ccc2c(c1)OCO2,0
ZINC03854406,DUD_p38_D_5381,Cc1ccc(N2NC(=O)/C(=C\c3ccc(-c4ccccc4)o3)C2=O)cc1C,0
ZINC03854409,DUD_p38_D_5382,Cc1ccc(N2NC(=O)/C(=C\c3ccc(-c4ccccc4)o3)C2=O)cc1Cl,0
ZINC03854470,DUD_p38_D_5383,Cc1ccccc1N1C(=O)NC(=O)/C(=C\c2cccn2-c2ccc(Cl)cc2)C1=O,0
ZINC03854472,DUD_p38_D_5384,Cc1ccc(N2C(=O)/C(=C/c3cccn3-c3ccccc3)C(=O)NC2=S)cc1C,0
ZINC03854481,DUD_p38_D_5385,Cc1cccc(N2C(=O)/C(=C\c3cccn3-c3ccccc3)C(=O)NC2=S)c1C,0
ZINC03854483,DUD_p38_D_5386,Cc1ccc(N2C(=O)NC(=O)/C(=C/c3cccn3-c3ccc(Cl)cc3)C2=O)cc1,0
ZINC03854485,DUD_p38_D_5387,COc1ccc(N2C(=O)/C(=C/c3cccn3-c3ccccc3)C(=O)NC2=S)cc1,0
ZINC03854487,DUD_p38_D_5388,COc1ccc2ccccc2c1/C=C1/C(=O)NC(=O)N(c2ccccc2F)C1=O,0
ZINC03854498,DUD_p38_D_5389,CCOc1ccccc1/C=C1/C(=O)NC(=S)N(c2ccccc2)C1=O,0
ZINC03854501,DUD_p38_D_5390,CCOc1ccc(/C=C2\C(=O)NC(=S)N(c3ccccc3)C2=O)cc1,0
ZINC03854507,DUD_p38_D_5391,Cc1ccc(N2C(=O)NC(=O)/C(=C\c3cccc4ccccc34)C2=O)cc1Cl,0
ZINC03854541,DUD_p38_D_5392,O=C1NC(=O)N(c2ccc(F)cc2)C(=O)/C1=C/c1cccn1-c1ccc(F)cc1,0
ZINC03854548,DUD_p38_D_5393,CN(C)c1ccc(/C=C2\C(=O)NC(=S)N(c3ccccc3)C2=O)cc1,0
ZINC03854549,DUD_p38_D_5394,CN(C)c1ccc(/C=C2/C(=O)NC(=S)N(c3ccccc3)C2=O)cc1,0
ZINC03854558,DUD_p38_D_5395,Cc1ccc(Cl)cc1N1C(=O)NC(=O)/C(=C\c2cccc3ccccc23)C1=O,0
ZINC03854568,DUD_p38_D_5396,C#CCOc1ccc(/C=C2\C(=O)NC(=S)N(c3ccccc3)C2=O)cc1,0
ZINC03854569,DUD_p38_D_5397,C#CCOc1ccc(/C=C2\C(=O)NC(=S)N(c3ccccc3)C2=O)cc1,0
ZINC03854576,DUD_p38_D_5398,COc1ccc(-n2cccc2/C=C2\C(=O)NC(=S)N(c3ccccc3F)C2=O)cc1,0
ZINC03854579,DUD_p38_D_5399,C#CCOc1cccc(/C=C2\C(=O)NC(=S)N(c3ccccc3)C2=O)c1,0
ZINC03854580,DUD_p38_D_5400,C#CCOc1cccc(/C=C2\C(=O)NC(=S)N(c3ccccc3)C2=O)c1,0
ZINC03854599,DUD_p38_D_5401,COc1ccc(C(=O)Nc2cccc(-c3nc4ncccc4o3)c2)cc1Cl,0
ZINC03854621,DUD_p38_D_5402,COc1ccc(-n2cccc2/C=C2\C(=O)NC(=O)N(c3ccc(F)cc3)C2=O)cc1,0
ZINC03854629,DUD_p38_D_5403,O=C1NC(=S)N(c2ccccc2F)C(=O)/C1=C/c1cccc2ccccc12,0
ZINC03854630,DUD_p38_D_5404,O=C1NC(=S)N(c2ccccc2F)C(=O)/C1=C/c1cccc2ccccc12,0
ZINC03854644,DUD_p38_D_5405,Cc1ccc(C2=NN3C(=N)/C(=C\c4ccc(Cl)cc4)C(=O)N=C3S2)cc1,0
ZINC03854692,DUD_p38_D_5406,Cc1cc(/C=C2/NC(=O)N(c3ccccc3)C2=O)c(C)n1-c1ccccn1,0
ZINC03854698,DUD_p38_D_5407,COc1ccc(N2C(=O)/C(=C/c3cccn3-c3ccccc3F)C(=O)NC2=S)cc1,0
ZINC03854716,DUD_p38_D_5408,O=C1N/C(=C\c2ccc(-c3ccc(F)cc3)o2)C(=O)N1Cc1ccc(F)cc1,0
ZINC03854792,DUD_p38_D_5409,CC(=O)NC(=O)c1cc2c(ccc3ccccc32)o/c1=N/c1ccc(F)c(Cl)c1,0
ZINC03854798,DUD_p38_D_5410,O=C(NCc1ccc(F)cc1)c1cc(-c2ccncc2)nc2ccccc12,0
ZINC03854815,DUD_p38_D_5411,O=C1Nc2ccccc2S/C1=C\C(=O)N1CCN(c2ccc(F)cc2)CC1,0
ZINC03854836,DUD_p38_D_5412,O=C1Nc2ccccc2S/C1=C\c1ccc(C(=O)NC2CCCC2)cc1,0
ZINC03854853,DUD_p38_D_5413,O=c1c2sccc2nc(SCc2nc3ccccc3[nH]2)n1-c1ccccc1,0
ZINC03854853,DUD_p38_D_5414,O=c1c2sccc2nc(SCc2[nH]c3ccccc3[nH+]2)n1-c1ccccc1,0
ZINC03854882,DUD_p38_D_5415,O=C1Nc2cc(C(=O)NC3CC3)ccc2S/C1=C/c1ccccc1Cl,0
ZINC03854883,DUD_p38_D_5416,O=C1Nc2cc(C(=O)NC3CC3)ccc2S/C1=C\c1ccccc1Cl,0
ZINC03854904,DUD_p38_D_5417,O=C1Nc2cc(C(=O)NC3CCCC3)ccc2S/C1=C/c1ccccc1,0
ZINC03854954,DUD_p38_D_5418,C/C(=C\C(=O)Nc1ccc(F)cc1)NNC(=O)c1cccc2ccccc12,0
ZINC03854971,DUD_p38_D_5419,C=c1[nH]n(-c2ccccc2)c(=O)/c1=C/c1cc(C)n(-c2ccc(F)cc2)c1C,0
ZINC03854972,DUD_p38_D_5420,C=c1[nH]n(-c2ccccc2)c(=O)/c1=C\c1cc(C)n(-c2cccc(F)c2)c1C,0
ZINC03854990,DUD_p38_D_5421,Cc1ccc(NC(=O)c2cn(-c3ccccc3)nc2-c2cccs2)nc1,0
ZINC03855020,DUD_p38_D_5422,Cc1ccc(NC(=O)c2cc(-c3cccs3)nc3ccccc23)nc1,0
ZINC03855026,DUD_p38_D_5423,CCOc1cccc([C@H]2Nc3ccccc3-c3[nH+]c4ccccc4n32)c1O,0
ZINC03855027,DUD_p38_D_5424,CCOc1cccc([C@@H]2Nc3ccccc3-c3[nH+]c4ccccc4n32)c1O,0
ZINC03855060,DUD_p38_D_5425,COc1cc([C@@H]2Nc3ccccc3-c3[nH+]c4ccccc4n32)cc(Br)c1O,0
ZINC03855061,DUD_p38_D_5426,COc1cc([C@H]2Nc3ccccc3-c3[nH+]c4ccccc4n32)cc(Br)c1O,0
ZINC03855069,DUD_p38_D_5427,Cc1nc2sccn2c1C(=O)c1ccc(NC(=O)c2ccc(F)cc2)cc1,0
ZINC03855069,DUD_p38_D_5428,Cc1[nH+]c2sccn2c1C(=O)c1ccc(NC(=O)c2ccc(F)cc2)cc1,0
ZINC03855075,DUD_p38_D_5429,O=C(NCc1ccncc1)c1cc(-c2ccc(F)cc2)nc2ccccc12,0
ZINC03855099,DUD_p38_D_5430,Clc1ccc2nc(CSc3nnc4c(n3)[nH]c3ccccc34)cn2c1,0
ZINC03855099,DUD_p38_D_5431,Clc1ccc2[nH+]c(CSc3nnc4c(n3)[nH]c3ccccc34)cn2c1,0
ZINC03855104,DUD_p38_D_5432,C=C(NNC(=O)Cc1cn2ccsc2n1)c1cccc2ccccc12,0
ZINC03855104,DUD_p38_D_5433,C=C(NNC(=O)Cc1cn2ccsc2[nH+]1)c1cccc2ccccc12,0
ZINC03855106,DUD_p38_D_5434,Cc1nn(-c2ccc(Cl)cc2)c2sc(C(=O)Nc3cccnc3)cc12,0
ZINC03855111,DUD_p38_D_5435,Cc1cccc2nc(CSc3nnc4c(n3)[nH]c3ccccc34)cn12,0
ZINC03855111,DUD_p38_D_5436,Cc1cccc2[nH+]c(CSc3nnc4c(n3)[nH]c3ccccc34)cn12,0
ZINC03855116,DUD_p38_D_5437,Cc1cc(NC(=O)Cc2cn3ccsc3n2)n(-c2ccccc2)n1,0
ZINC03855116,DUD_p38_D_5438,Cc1cc(NC(=O)Cc2cn3ccsc3[nH+]2)n(-c2ccccc2)n1,0
ZINC03855123,DUD_p38_D_5439,NC(=O)/C=C/c1cn(-c2ccccc2)nc1-c1ccc(Br)cc1,0
ZINC03855155,DUD_p38_D_5440,COc1ccc(NC(=O)c2cc3c(C)nn(-c4ccc(F)cc4)c3s2)cn1,0
ZINC03855156,DUD_p38_D_5441,CN(C)c1cccc(C(=O)Nc2cc(C(F)(F)F)ccc2-n2ccnc2)c1,0
ZINC03855156,DUD_p38_D_5442,CN(C)c1cccc(C(=O)Nc2cc(C(F)(F)F)ccc2-n2cc[nH+]c2)c1,0
ZINC03855160,DUD_p38_D_5443,O=C(Cc1cn2ccsc2n1)NNC1=CC[C@H](c2ccccc2)CC1,0
ZINC03855160,DUD_p38_D_5444,O=C(Cc1cn2ccsc2[nH+]1)NNC1=CC[C@@H](c2ccccc2)CC1,0
ZINC03855192,DUD_p38_D_5445,CCOC(=O)c1ccc(-n2ccnc2)c(NC(=O)c2cccc(Br)c2)c1,0
ZINC03855192,DUD_p38_D_5446,CCOC(=O)c1ccc(-n2cc[nH+]c2)c(NC(=O)c2cccc(Br)c2)c1,0
ZINC03855198,DUD_p38_D_5447,C=C(NNC(=O)c1ccc(Br)cc1)c1ccc(-n2ccnc2)cc1,0
ZINC03855198,DUD_p38_D_5448,C=C(NNC(=O)c1ccc(Br)cc1)c1ccc(-n2cc[nH+]c2)cc1,0
ZINC03855203,DUD_p38_D_5449,CC1=N/[N+](=c2\[nH]c3ccccc3n2C)C(NC(=O)c2ccc(Br)cc2)=C1,0
ZINC03855551,DUD_p38_D_5450,Cn1c(=O)[nH]c(=O)c2c1nc(Sc1ccccc1)n2Cc1ccccc1Cl,0
ZINC03855551,DUD_p38_D_5451,Cn1c(=O)[nH]c(=O)c2c1[nH+]c(Sc1ccccc1)n2Cc1ccccc1Cl,0
ZINC03855562,DUD_p38_D_5452,Cn1c(=O)[nH]c(=O)c2c1nc(Sc1ccccc1)n2Cc1ccc(Cl)cc1,0
ZINC03855562,DUD_p38_D_5453,Cn1c(=O)[nH]c(=O)c2c1[nH+]c(Sc1ccccc1)n2Cc1ccc(Cl)cc1,0
ZINC03855943,DUD_p38_D_5454,O=C1Nc2ccccc2/C1=C/c1cnc(N2CCN(c3ccccc3)CC2)s1,0
ZINC03855944,DUD_p38_D_5455,O=C1Nc2ccccc2/C1=C\c1cnc(N2CCN(c3ccccc3)CC2)s1,0
ZINC03856093,DUD_p38_D_5456,CNC(=O)c1nc[nH]c1/N=c1\scc(-c2ccc(Cl)cc2)n1-c1ccccc1,0
ZINC03856093,DUD_p38_D_5457,CNC(=O)c1[nH+]c[nH]c1/N=c1/scc(-c2ccc(Cl)cc2)n1-c1ccccc1,0
ZINC03856095,DUD_p38_D_5458,CNC(=O)c1nc[nH]c1/N=c1/scc(-c2ccccc2)n1-c1ccccc1,0
ZINC03856095,DUD_p38_D_5459,CNC(=O)c1[nH+]c[nH]c1/N=c1\scc(-c2ccccc2)n1-c1ccccc1,0
ZINC03856097,DUD_p38_D_5460,CNC(=O)c1nc[nH]c1/N=c1/scc(-c2ccc(C)cc2)n1-c1ccccc1,0
ZINC03856097,DUD_p38_D_5461,CNC(=O)c1[nH+]c[nH]c1/N=c1/scc(-c2ccc(C)cc2)n1-c1ccccc1,0
ZINC03856100,DUD_p38_D_5462,Cc1ccc(NC(=O)c2nc[nH]c2/N=c2/scc(C)n2-c2ccccc2)cc1,0
ZINC03856103,DUD_p38_D_5463,Oc1ccc(-c2cn3nc(N4CCN(c5cccc[nH+]5)CC4)sc3n2)cc1,0
ZINC03856103,DUD_p38_D_5464,Oc1ccc(-c2cn3nc(N4CCN(c5cccc[nH+]5)CC4)sc3[nH+]2)cc1,0
ZINC03856110,DUD_p38_D_5465,COc1ccc(C(=O)N/N=c2/scc(-c3ccccc3)n2C(C)=O)cc1,0
ZINC03856112,DUD_p38_D_5466,O=C(N/N=c1/scc(-c2ccccc2)n1C(=O)CCl)c1ccccc1,0
ZINC03856134,DUD_p38_D_5467,Cc1[nH]c2ccccc2c1/C=C1/SC(=S)N(NC(=O)c2ccccc2)C1=O,0
ZINC03856135,DUD_p38_D_5468,Cc1[nH]c2ccccc2c1/C=C1/SC(=S)N(NC(=O)c2ccccc2)C1=O,0
ZINC03856215,DUD_p38_D_5469,C[C@H](c1ccccc1)N1C(=O)/C(=C2/C(=O)Nc3ccccc32)SC1=S,0
ZINC03856216,DUD_p38_D_5470,C[C@@H](c1ccccc1)N1C(=O)/C(=C2\C(=O)Nc3ccccc32)SC1=S,0
ZINC03856217,DUD_p38_D_5471,C[C@H](c1ccccc1)N1C(=O)/C(=C2\C(=O)Nc3ccccc32)SC1=S,0
ZINC03856222,DUD_p38_D_5472,CN(C)c1ccc(/C=C2/N=C(c3ccc(Br)cc3)NC2=O)cc1,0
ZINC03856223,DUD_p38_D_5473,CN(C)c1ccc(/C=C2/N=C(c3ccc(Br)cc3)NC2=O)cc1,0
ZINC03856295,DUD_p38_D_5474,O=C1Nc2ccccc2/C1=C1/SC(=S)N(CCc2ccccc2)C1=O,0
ZINC03856296,DUD_p38_D_5475,O=C1Nc2ccccc2/C1=C1/SC(=S)N(CCc2ccccc2)C1=O,0
ZINC03856459,DUD_p38_D_5476,CC1=N/C(=C/c2c(O)ccc3ccccc23)C(=O)N(c2ccccc2)N1C,0
ZINC03856480,DUD_p38_D_5477,NC(=S)N1N=C2/C(=C\c3ccccc3)CCC[C@@H]2[C@@H]1c1ccccc1,0
ZINC03856527,DUD_p38_D_5478,CC(=O)NC(=O)c1cc2c(ccc3ccccc32)o/c1=N\c1ccc(F)c(Cl)c1,0
ZINC03857078,DUD_p38_D_5479,Cc1ccc(/N=c2/nc[nH]c3c2cnn3-c2ccc(Cl)cc2)c(C)c1,0
ZINC03857082,DUD_p38_D_5480,O=C1C[C@H](c2ccco2)Cc2[nH]/c(=N/c3ccc(Cl)cc3Cl)ncc21,0
ZINC03857083,DUD_p38_D_5481,O=C1C[C@H](c2ccco2)Cc2[nH]/c(=N/c3ccc(Cl)cc3Cl)ncc21,0
ZINC03857098,DUD_p38_D_5482,Clc1ccc(-c2n[nH]/c(=N/c3ccc4c(c3)OCO4)c3ccccc23)cc1,0
ZINC03857145,DUD_p38_D_5483,COc1ccc(/N=c2\ncc3c([nH]2)C[C@H](c2ccc(Cl)cc2)CC3=O)cc1,0
ZINC03857146,DUD_p38_D_5484,COc1ccc(/N=c2/ncc3c([nH]2)C[C@@H](c2ccc(Cl)cc2)CC3=O)cc1,0
ZINC03857158,DUD_p38_D_5485,Cc1ccc(C(=O)NN2C(=O)/C(=C\c3c[nH]c4ccccc34)SC2=S)cc1,0
ZINC03857164,DUD_p38_D_5486,CSc1ccccc1/N=c1\nc[nH]c2c1cnn2-c1cccc(C)c1,0
ZINC03857191,DUD_p38_D_5487,COc1ccccc1/N=c1\nc[nH]c2c1cnn2-c1ccc(Cl)cc1,0
ZINC03857255,DUD_p38_D_5488,Cc1cccc(-n2ncc3/c(=N\c4ccc(Cl)cc4)nc[nH]c32)c1,0
ZINC03857274,DUD_p38_D_5489,Cc1ccccc1-n1cnc2cc(/N=c3\[nH]nc(C)c4ccccc34)ccc21,0
ZINC03857291,DUD_p38_D_5490,CCOc1ccc(N2C(=O)/C(=C3\C(=O)Nc4ccccc43)SC2=S)cc1,0
ZINC03857292,DUD_p38_D_5491,CCOc1ccc(N2C(=O)/C(=C3/C(=O)Nc4ccccc43)SC2=S)cc1,0
ZINC03857320,DUD_p38_D_5492,COc1ccc(/N=c2/ncc3c([nH]2)C[C@@H](c2cccc(Cl)c2)CC3=O)cc1,0
ZINC03857321,DUD_p38_D_5493,COc1ccc(/N=c2\ncc3c([nH]2)C[C@H](c2cccc(Cl)c2)CC3=O)cc1,0
ZINC03857388,DUD_p38_D_5494,CSc1ccc(/C=C2\C(=N)N3C(c4ccccc4)=CSC3=NC2=O)cc1,0
ZINC03857411,DUD_p38_D_5495,Cc1ccc(-n2ncc3/c(=N/c4ccc(Br)cc4)nc[nH]c32)cc1,0
ZINC03857462,DUD_p38_D_5496,O=C1N=C(N2CCN(c3ccccc3)CC2)S/C1=C/c1ccc(O)cc1,0
ZINC03857482,DUD_p38_D_5497,O=c1c(Br)c(NN/C=C2\CC=CCC2)cnn1-c1ccccc1,0
ZINC03857497,DUD_p38_D_5498,Cc1ccc(-n2cnc3cc(/N=c4\[nH]nc(C)c5ccccc45)ccc32)cc1,0
ZINC03857522,DUD_p38_D_5499,COc1cccc(/N=c2/nc[nH]c3c2cnn3-c2ccc(Cl)cc2)c1,0
ZINC03857523,DUD_p38_D_5500,COc1cccc(/N=c2\nc[nH]c3c2cnn3-c2ccc(Cl)cc2)c1,0
ZINC03857560,DUD_p38_D_5501,Cc1ccc(-n2ncc3/c(=N/c4ccc(I)cc4)nc[nH]c32)cc1,0
ZINC03857593,DUD_p38_D_5502,Cc1ccc(-n2ncc3/c(=N\c4ccc(Cl)cc4)nc[nH]c32)cc1,0
ZINC03857637,DUD_p38_D_5503,COc1ccc(C(=O)NC(=S)/N=c2\[nH]c(-c3ccccc3)cs2)cc1,0
ZINC03857638,DUD_p38_D_5504,COc1ccc(C(=O)NC(=S)/N=c2\[nH]c(-c3ccccc3)cs2)cc1,0
ZINC03857654,DUD_p38_D_5505,Cc1ccc([C@H]2CC(=O)c3cn/c(=N\c4ccc(F)cc4)[nH]c3C2)cc1,0
ZINC03857655,DUD_p38_D_5506,Cc1ccc([C@@H]2CC(=O)c3cn/c(=N/c4ccc(F)cc4)[nH]c3C2)cc1,0
ZINC03857657,DUD_p38_D_5507,O=C1C[C@@H](c2ccc(Cl)cc2)Cc2[nH]/c(=N/c3ccc(F)cc3)ncc21,0
ZINC03857658,DUD_p38_D_5508,O=C1C[C@@H](c2ccc(Cl)cc2)Cc2[nH]/c(=N\c3ccc(F)cc3)ncc21,0
ZINC03857687,DUD_p38_D_5509,O=C1C[C@H](c2ccc(F)cc2)Cc2[nH]/c(=N/c3ccc(F)cc3)ncc21,0
ZINC03857688,DUD_p38_D_5510,O=C1C[C@H](c2ccc(F)cc2)Cc2[nH]/c(=N/c3ccc(F)cc3)ncc21,0
ZINC03857724,DUD_p38_D_5511,Cc1cccc(-n2ncc3/c(=N\c4ccc(Br)cc4)nc[nH]c32)c1,0
ZINC03857747,DUD_p38_D_5512,Cn1cnc2cc(/N=c3/[nH]nc(-c4ccccc4)c4ccccc34)ccc21,0
ZINC03857780,DUD_p38_D_5513,Cc1ccc(NC(=O)/N=c2/[nH]nc(-c3ccccc3Cl)s2)cc1C,0
ZINC03857798,DUD_p38_D_5514,Cc1ccc(NC(=O)c2cnc(/N=c3/[nH]c4ccccc4s3)nc2C)cc1,0
ZINC03857799,DUD_p38_D_5515,Cc1ccc(NC(=O)c2cnc(/N=c3\[nH]c4ccccc4s3)nc2C)cc1,0
ZINC03857814,DUD_p38_D_5516,COc1ccc(/N=c2\nc[nH]c3c2cnn3-c2cccc(C)c2)cc1Cl,0
ZINC03857816,DUD_p38_D_5517,O=C1/C(=C/c2c[nH]c3ccccc23)SC(=S)N1c1ccc2c(c1)OCO2,0
ZINC03857829,DUD_p38_D_5518,COc1ccc(Cl)cc1/N=c1/[nH]c(-c2ccccc2O)nc2ccccc12,0
ZINC03857833,DUD_p38_D_5519,Cc1nc(/N=c2\[nH]c3ccccc3o2)nc(-c2ccc(Cl)cc2)c1C#N,0
ZINC03857856,DUD_p38_D_5520,Cc1nc(/N=c2/[nH]c3ccccc3o2)nc(C)c1C(=O)Nc1ccc(F)cc1,0
ZINC03857866,DUD_p38_D_5521,CC(=O)Nc1ccc(/N=c2/[nH]cnc3c2oc2ccc(Cl)cc23)cc1,0
ZINC03857878,DUD_p38_D_5522,O=C1N=C(N2CCN(c3ccc(F)cc3)CC2)S/C1=C/c1ccc(O)cc1,0
ZINC03857887,DUD_p38_D_5523,O=C1N=C(N2CCN(c3ccccc3F)CC2)S/C1=C/c1ccc(O)cc1,0
ZINC03857895,DUD_p38_D_5524,C=c1[nH]n(-c2ccccc2)c(=O)/c1=C\c1c(C)nn(-c2ccccc2)c1Cl,0
ZINC03857896,DUD_p38_D_5525,C=c1[nH]n(-c2ccccc2)c(=O)/c1=C\c1c(C)nn(-c2ccccc2)c1Cl,0
ZINC03857909,DUD_p38_D_5526,Cc1ccc(/N=c2\ncc3c([nH]2)C[C@@H](c2ccc(F)cc2)CC3=O)c(C)c1,0
ZINC03857910,DUD_p38_D_5527,Cc1ccc(/N=c2/ncc3c([nH]2)C[C@@H](c2ccc(F)cc2)CC3=O)c(C)c1,0
ZINC03857934,DUD_p38_D_5528,O=C1N=C(N2CCN(c3ccc(F)cc3)CC2)S/C1=C\c1cccc(O)c1,0
ZINC03857954,DUD_p38_D_5529,COc1ccc(/N=c2/ncc3c([nH]2)C[C@@H](c2ccc(F)cc2)CC3=O)cc1,0
ZINC03857955,DUD_p38_D_5530,COc1ccc(/N=c2/ncc3c([nH]2)C[C@@H](c2ccc(F)cc2)CC3=O)cc1,0
ZINC03857965,DUD_p38_D_5531,O=C1N/C(=C\c2ccc(-c3ccccc3)o2)C(=O)N1Cc1ccc(Cl)cc1,0
ZINC03857972,DUD_p38_D_5532,CCc1ccc(/N=c2/ncc3c([nH]2)C[C@H](c2cccs2)CC3=O)cc1,0
ZINC03857973,DUD_p38_D_5533,CCc1ccc(/N=c2/ncc3c([nH]2)C[C@@H](c2cccs2)CC3=O)cc1,0
ZINC03857974,DUD_p38_D_5534,CCc1ccc(/N=c2/ncc3c([nH]2)C[C@@H](c2ccccc2)CC3=O)cc1,0
ZINC03857975,DUD_p38_D_5535,CCc1ccc(/N=c2/ncc3c([nH]2)C[C@@H](c2ccccc2)CC3=O)cc1,0
ZINC03857986,DUD_p38_D_5536,NC(=O)c1ccccc1/N=c1\cc(-c2ccccc2)oc2ccc(Cl)cc12,0
ZINC03858001,DUD_p38_D_5537,Cc1ccc(/N=c2/ncc3c([nH]2)C[C@@H](c2ccc(F)cc2)CC3=O)cc1,0
ZINC03858002,DUD_p38_D_5538,Cc1ccc(/N=c2\ncc3c([nH]2)C[C@@H](c2ccc(F)cc2)CC3=O)cc1,0
ZINC03858016,DUD_p38_D_5539,O=C1N=C(N2CCN(c3ccccc3F)CC2)S/C1=C/c1cccc(O)c1,0
ZINC03858033,DUD_p38_D_5540,CCc1ccc(/N=c2/ncc3c([nH]2)C[C@H](c2ccc(F)cc2)CC3=O)cc1,0
ZINC03858034,DUD_p38_D_5541,CCc1ccc(/N=c2\ncc3c([nH]2)C[C@H](c2ccc(F)cc2)CC3=O)cc1,0
ZINC03858041,DUD_p38_D_5542,CCc1ccc(/N=c2\ncc3c([nH]2)C[C@H](c2ccc(Cl)cc2)CC3=O)cc1,0
ZINC03858042,DUD_p38_D_5543,CCc1ccc(/N=c2\ncc3c([nH]2)C[C@@H](c2ccc(Cl)cc2)CC3=O)cc1,0
ZINC03858086,DUD_p38_D_5544,COC(=O)c1ccc(N2C(=O)/C(=C\c3c[nH]c4ccccc34)SC2=S)cc1,0
ZINC03858155,DUD_p38_D_5545,O=c1c(Cl)c(NN/C=C2\CC=CCC2)cnn1-c1ccccc1,0
ZINC03858185,DUD_p38_D_5546,Cc1ccc2oc(-c3ccc(Cl)cc3)c/c(=N/c3nnc(C)[nH]3)c2c1,0
ZINC03858197,DUD_p38_D_5547,COc1ccc(-c2c/c(=N\c3nc(C)cs3)c3cc(O)ccc3o2)cc1,0
ZINC03858203,DUD_p38_D_5548,CC(=O)c1sc(/N=c2/cc(-c3ccccc3)oc3ccc(O)cc23)nc1C,0
ZINC03858216,DUD_p38_D_5549,COc1ccc(-c2c/c(=N/c3ccccc3C(N)=O)c3cc(Cl)ccc3o2)cc1,0
ZINC03858258,DUD_p38_D_5550,C=c1[nH]n(-c2ccc(Cl)cc2)c(=O)/c1=C1/C=Cc2ccccc2N1CC,0
ZINC03858303,DUD_p38_D_5551,Cc1ccc(N2NC(=O)/C(=C/C=C\c3ccccc3Cl)C2=O)cc1C,0
ZINC03858359,DUD_p38_D_5552,C=c1[nH]n(-c2ccccc2)c(=O)/c1=C/c1c(C)nn(-c2ccc(Cl)cc2)c1O,0
ZINC03858409,DUD_p38_D_5553,CSc1nnc2c(n1)O[C@H](/C(C)=C\c1ccccc1)Nc1ccccc1-2,0
ZINC03858410,DUD_p38_D_5554,CSc1nnc2c(n1)O[C@@H](/C(C)=C/c1ccccc1)Nc1ccccc1-2,0
ZINC03858428,DUD_p38_D_5555,C=c1[nH]n(-c2ccc(C)cc2)c(=O)/c1=C\Nc1nc2ccc(Cl)cc2s1,0
ZINC03858452,DUD_p38_D_5556,C=CCSc1nnc2c(n1)O[C@H](c1cccc(C)n1)Nc1ccccc1-2,0
ZINC03858453,DUD_p38_D_5557,C=CCSc1nnc2c(n1)O[C@H](c1cccc(C)n1)Nc1ccccc1-2,0
ZINC03858464,DUD_p38_D_5558,O=C1NC(=S)N/C1=C\c1cn(-c2ccccc2)nc1-c1ccccc1,0
ZINC03858468,DUD_p38_D_5559,O=C1NC(=S)N(c2ccccc2)C(=O)/C1=C\c1ccc(-c2ccc(F)cc2)o1,0
ZINC03858469,DUD_p38_D_5560,Cc1ccccc1N1C(=O)/C(=C\c2ccc(-c3ccc(F)cc3)o2)C(=O)NC1=S,0
ZINC03858470,DUD_p38_D_5561,Cc1ccc(N2C(=O)/C(=C\c3ccc(-c4ccc(F)cc4)o3)C(=O)NC2=S)cc1,0
ZINC03858471,DUD_p38_D_5562,Cc1cccc(N2C(=O)/C(=C/c3ccc(-c4ccc(F)cc4)o3)C(=O)NC2=S)c1,0
ZINC03858478,DUD_p38_D_5563,C=c1[nH]n(-c2ccccc2)c(=O)/c1=C\c1ccc(-c2cccc(Br)c2)o1,0
ZINC03858485,DUD_p38_D_5564,C=c1[nH]n(-c2ccc(F)cc2)c(=O)/c1=C\Nc1ccc2nc(C)[nH]c2c1,0
ZINC03858485,DUD_p38_D_5565,C=c1[nH]n(-c2ccc(F)cc2)c(=O)/c1=C/Nc1ccc2[nH+]c(C)[nH]c2c1,0
ZINC03858496,DUD_p38_D_5566,C=c1[nH]n(-c2ccc(F)cc2)c(=O)/c1=C\c1c(C)nn(-c2ccccc2C)c1O,0
ZINC03858523,DUD_p38_D_5567,CC(=O)NC(=O)c1cc2ccccc2o/c1=N\c1ccc(Cl)cc1Cl,0
ZINC03858529,DUD_p38_D_5568,CC(=O)NC(=O)c1cc2c(ccc3ccccc32)o/c1=N\c1ccc(F)cc1F,0
ZINC03858530,DUD_p38_D_5569,CC(=O)NC(=O)c1cc2c(ccc3ccccc32)o/c1=N\c1ccc(F)cc1F,0
ZINC03858532,DUD_p38_D_5570,CC(=O)NC(=O)c1cc2c(ccc3ccccc32)o/c1=N/c1ccc(C)cc1,0
ZINC03858538,DUD_p38_D_5571,CC(=O)NC(=O)c1cc2c(ccc3ccccc32)o/c1=N\c1cccc(F)c1,0
ZINC03858539,DUD_p38_D_5572,CC(=O)NC(=O)c1cc2c(ccc3ccccc32)o/c1=N\c1ccccc1C,0
ZINC03858550,DUD_p38_D_5573,C=c1[nH]n(-c2ccccc2)c(=O)/c1=C\c1ccc(-c2cccc(F)c2)o1,0
ZINC03858552,DUD_p38_D_5574,O=C(/C=C\c1ccccc1)NC(=S)NN1CCCC[C@H]1c1cccnc1,0
ZINC03858553,DUD_p38_D_5575,O=C(/C=C\c1cccs1)NC(=S)N1CCCC[C@H]1c1cccnc1,0
ZINC03858592,DUD_p38_D_5576,O=C1NC(=S)N(c2ccccc2)C(=O)/C1=C\c1ccc(-c2cccc(F)c2)o1,0
ZINC03858600,DUD_p38_D_5577,CC(=O)Nc1ccc(/N=c2\cc(-c3ccc4c(c3)OCO4)oc3ccccc23)cc1,0
ZINC03858652,DUD_p38_D_5578,C#CCn1cc(/C=C2/NC(=O)N(c3cccc(Cl)c3)C2=O)c2ccccc21,0
ZINC03858681,DUD_p38_D_5579,O=C1N/C(=C\c2ccc(-c3ccc(F)cc3)o2)C(=O)N1Cc1ccccc1,0
ZINC03858729,DUD_p38_D_5580,CN(C)c1ccc(/C=C2\C(=O)NN(c3ccc(Br)c4ccccc34)C2=O)cc1,0
ZINC03858730,DUD_p38_D_5581,CN(C)c1ccc(/C=C2\C(=O)NN(c3ccc(Br)c4ccccc34)C2=O)cc1,0
ZINC03858763,DUD_p38_D_5582,O=C1NN(c2ccc(Br)cc2)C(=O)/C1=C\c1ccc(-c2ccccc2)o1,0
ZINC03858767,DUD_p38_D_5583,Cc1ccc(N2NC(=O)/C(=C\c3ccc(-c4ccccc4F)o3)C2=O)cc1C,0
ZINC03858768,DUD_p38_D_5584,CCc1ccc(N2NC(=O)/C(=C/c3ccc(-c4ccccc4F)o3)C2=O)cc1,0
ZINC03858795,DUD_p38_D_5585,O=C1N/C(=C/c2ccc(-c3cccc(Cl)c3)o2)C(=O)N1Cc1ccccc1F,0
ZINC03858820,DUD_p38_D_5586,C=c1[nH]n(-c2ccccc2)c(=O)/c1=C/c1ccc(-c2ccc(F)cc2)o1,0
ZINC03858841,DUD_p38_D_5587,Cc1cccc(N2C(=O)/C(=C\c3cccn3-c3ccccc3)C(=O)NC2=S)c1,0
ZINC03858851,DUD_p38_D_5588,O=C1NN(c2cccc(F)c2)C(=O)/C1=C/c1ccc(-c2ccc(Cl)cc2)o1,0
ZINC03858863,DUD_p38_D_5589,Cc1cccc(N2NC(=O)/C(=C\c3ccc(-c4ccccc4F)o3)C2=O)c1,0
ZINC03858887,DUD_p38_D_5590,Cc1cccc(NC(=O)CN2C(=O)S/C(=C\c3cccc(F)c3)C2=O)c1,0
ZINC03858895,DUD_p38_D_5591,O=C1NC(=S)N(c2ccccc2F)C(=O)/C1=C/c1ccc(N2CCCCC2)o1,0
ZINC03858911,DUD_p38_D_5592,CC(C)(C)NC1=N/C(=C/c2ccccc2)C(=O)N1c1ccc(Cl)cc1,0
ZINC03858956,DUD_p38_D_5593,Cn1cc(/C=C2\C(=O)NC(=S)N(c3cccc(F)c3)C2=O)c2ccccc21,0
ZINC03859018,DUD_p38_D_5594,CCn1cc(/C=C2/C(=O)NC(=S)N(c3cccc(OC)c3)C2=O)c2ccccc21,0
ZINC03859049,DUD_p38_D_5595,Cn1c(NC(=O)c2ccc(F)cc2)c(-c2ccccn2)c(=O)c2ccccc21,0
ZINC03859064,DUD_p38_D_5596,Cc1cc(=O)n2c(n1)N=C(Nc1cccc(Cl)c1Cl)N[C@@H]2c1ccccc1,0
ZINC03859068,DUD_p38_D_5597,CC(=O)Nc1ccc2nc(SCc3nc4ccccc4[nH]3)sc2c1,0
ZINC03859068,DUD_p38_D_5598,CC(=O)Nc1ccc2nc(SCc3[nH]c4ccccc4[nH+]3)sc2c1,0
ZINC03859084,DUD_p38_D_5599,Cn1c(NC(=O)c2ccc(Cl)cc2)c(-c2ccccn2)c(=O)c2ccccc21,0
ZINC03859086,DUD_p38_D_5600,Cc1cc(NCc2cccnc2)n2ncc(-c3ccc(Cl)cc3)c2n1,0
ZINC03859195,DUD_p38_D_5601,Cc1ccc(NC2=Nc3nc(C)cc(=O)n3[C@H](c3cccs3)N2)cc1,0
ZINC03859254,DUD_p38_D_5602,Cn1c(SCc2nc3ccccc3[nH]2)nnc1-c1cccc(Cl)c1,0
ZINC03859254,DUD_p38_D_5603,Cn1c(SCc2[nH]c3ccccc3[nH+]2)nnc1-c1cccc(Cl)c1,0
ZINC03859266,DUD_p38_D_5604,Cc1ccc(N2C(=O)/C(=C\C=C\Nc3ccccc3)C(=O)NC2=S)cc1,0
ZINC03859268,DUD_p38_D_5605,Cc1ccc(-c2csc(NC(=S)NC(=O)/C=C\c3ccco3)n2)cc1,0
ZINC03859274,DUD_p38_D_5606,Cc1ccc(N2C(=O)NC(=O)/C(=C\c3ccc(-c4ccccc4)o3)C2=O)cc1Cl,0
ZINC03859304,DUD_p38_D_5607,O=C(/C=C/c1cccs1)NC(=S)NN1CCCC[C@H]1c1cccnc1,0
ZINC03859322,DUD_p38_D_5608,Cc1cccc(Cn2cccc2/C=C2\C(=O)NC(=O)N(c3ccc(F)cc3)C2=O)c1,0
ZINC03859323,DUD_p38_D_5609,Cc1cccc(Cn2cccc2/C=C2/C(=O)NC(=O)N(c3ccc(F)cc3)C2=O)c1,0
ZINC03859358,DUD_p38_D_5610,COC(=O)c1ccc(/C=C2\NC(=S)N(c3ccccc3)C2=O)cc1,0
ZINC03859430,DUD_p38_D_5611,Cc1ccccc1N1C(=O)NC(=O)/C(=C\c2ccc(-c3ccc(F)cc3)o2)C1=O,0
ZINC03859440,DUD_p38_D_5612,CN(C)c1ccc(N2C(=O)/C(=C3\C(=O)Nc4ccccc43)SC2=S)cc1,0
ZINC03859471,DUD_p38_D_5613,O=c1oc2ccccc2cc1-c1csc(NN/C=C2\CC=CCC2)n1,0
ZINC03859521,DUD_p38_D_5614,Cc1ccc(N2C(=O)/C(=C\c3nc4ccccc4[nH]3)C(=O)NC2=S)cc1,0
ZINC03859521,DUD_p38_D_5615,Cc1ccc(N2C(=O)/C(=C\c3[nH]c4ccccc4[nH+]3)C(=O)NC2=S)cc1,0
ZINC03859549,DUD_p38_D_5616,C#CCn1cc(/C=C2\C(=O)NC(=S)N(c3ccccc3F)C2=O)c2ccccc21,0
ZINC03859550,DUD_p38_D_5617,C#CCn1cc(/C=C2/C(=O)NC(=S)N(c3ccccc3F)C2=O)c2ccccc21,0
ZINC03859563,DUD_p38_D_5618,CN(C)c1ccc(/C=C2/C(=O)NC(=S)N(c3ccccc3F)C2=O)cc1,0
ZINC03859598,DUD_p38_D_5619,Cc1ccc2c(c1)/C(=C1/SC(=S)N(Cc3ccccc3)C1=O)C(=O)N2,0
ZINC03859599,DUD_p38_D_5620,Cc1ccc2c(c1)/C(=C1\SC(=S)N(Cc3ccccc3)C1=O)C(=O)N2,0
ZINC03859600,DUD_p38_D_5621,O=C1NC(=S)N(c2ccc(F)cc2)C(=O)/C1=C\C=C/Nc1ccccc1,0
ZINC03859601,DUD_p38_D_5622,O=C1NC(=S)N(c2ccc(F)cc2)C(=O)/C1=C\C=C\Nc1ccccc1,0
ZINC03859606,DUD_p38_D_5623,CCC(=O)Nc1ccc2c(c1)[nH+]c1c3ccccc3c(-c3ccc(Cl)cc3)nn21,0
ZINC03859614,DUD_p38_D_5624,O=C1NC(=S)N(c2ccccc2)C(=O)/C1=C\C=C/Nc1ccccc1,0
ZINC03859615,DUD_p38_D_5625,O=C1NC(=S)N(c2ccccc2)C(=O)/C1=C/C=C\Nc1ccccc1,0
ZINC03859616,DUD_p38_D_5626,O=C1NC(=S)N(c2ccccc2)C(=O)/C1=C/C=C\Nc1ccccc1,0
ZINC03859617,DUD_p38_D_5627,CCc1ccccc1N1C(=O)/C(=C\c2ccc(-c3ccc(F)cc3)o2)C(=O)NC1=S,0
ZINC03859618,DUD_p38_D_5628,N=C1/C(=C/c2ccc(-c3ccc(F)cc3)o2)C(=O)N=C2SC=C(c3ccccc3)N12,0
ZINC03859627,DUD_p38_D_5629,Cc1ccccc1N1C(=O)/C(=C/C=C\Nc2ccccc2)C(=O)NC1=S,0
ZINC03859630,DUD_p38_D_5630,O=C1N=C(N2CCN(c3ccccc3)CC2)S/C1=C/c1ccccc1O,0
ZINC03859690,DUD_p38_D_5631,Cc1ccc(N2C(=O)NC(=O)/C(=C\c3ccc(-c4ccc(F)cc4)o3)C2=O)cc1,0
ZINC03859699,DUD_p38_D_5632,Cc1cccc(N2C(=O)NC(=O)/C(=C/c3ccc(-c4ccc(F)cc4)o3)C2=O)c1C,0
ZINC03859723,DUD_p38_D_5633,Cc1ccccc1N1C(=O)/C(=C/c2cccn2-c2ccccc2)C(=O)NC1=S,0
ZINC03859724,DUD_p38_D_5634,CCc1ccccc1N1C(=O)NC(=O)/C(=C\c2ccc(-c3ccc(F)cc3)o2)C1=O,0
ZINC03859731,DUD_p38_D_5635,Cc1ccc(Sc2ccc(/C=C3\C(=O)NN(c4ccccc4)C3=O)o2)cc1,0
ZINC03859732,DUD_p38_D_5636,Cc1ccc(Sc2ccc(/C=C3/C(=O)NN(c4ccccc4)C3=O)o2)cc1,0
ZINC03859747,DUD_p38_D_5637,C=C(NNC(=O)Cn1cnc(-c2ccccc2)c1)c1ccc(Cl)cc1,0
ZINC03859747,DUD_p38_D_5638,C=C(NNC(=O)Cn1c[nH+]c(-c2ccccc2)c1)c1ccc(Cl)cc1,0
ZINC03859803,DUD_p38_D_5639,CC1=N/[N+](=c2\[nH]c3ccccc3n2C)C(Nc2nc3ccccc3nc2Cl)=C1,0
ZINC03859815,DUD_p38_D_5640,O=C1/C(=C\c2ccccc2O)N(c2ccccc2)C(=S)N1c1ccccc1,0
ZINC03859819,DUD_p38_D_5641,COc1ccccc1N1C(=O)/C(=C\c2nc3ccccc3[nH]2)SC1=S,0
ZINC03859819,DUD_p38_D_5642,COc1ccccc1N1C(=O)/C(=C/c2[nH]c3ccccc3[nH+]2)SC1=S,0
ZINC03859825,DUD_p38_D_5643,Cc1cc(=O)n2c(n1)N=C(NCc1ccccc1)N[C@H]2c1ccccc1,0
ZINC03859845,DUD_p38_D_5644,Cc1c(C(=O)Nc2cccc(Cl)c2)cn2c(nc3ccccc32)c1C#N,0
ZINC03859845,DUD_p38_D_5645,Cc1c(C(=O)Nc2cccc(Cl)c2)cn2c([nH+]c3ccccc32)c1C#N,0
ZINC03859856,DUD_p38_D_5646,Cc1ccc(-n2nc(C)c3cc(C(=O)NCc4cccnc4)sc32)cc1,0
ZINC03859861,DUD_p38_D_5647,C=C1Nc2ncnn2[C@@H](c2ccccn2)[C@@H]1C(=O)Nc1ccc(Cl)cc1,0
ZINC03859862,DUD_p38_D_5648,C=C1Nc2ncnn2[C@@H](c2ccccn2)[C@@H]1C(=O)Nc1ccc(Cl)cc1,0
ZINC03859863,DUD_p38_D_5649,Cc1ccc(NC2=Nc3nc(C)cc(=O)n3[C@@H](c3ccc(Cl)cc3)N2)cc1,0
ZINC03859864,DUD_p38_D_5650,Cc1ccc(NC2=Nc3nc(C)cc(=O)n3[C@@H](c3ccc(Cl)cc3)N2)cc1,0
ZINC03859875,DUD_p38_D_5651,Cc1cc(/C=c2/sc3[nH+]c4ccccc4n3c2=O)c(C)n1-c1cccc(O)c1,0
ZINC03859891,DUD_p38_D_5652,Cc1ccc2nc(N3C(=O)/C(=C/c4ccccc4)NC3=S)sc2c1,0
ZINC03859893,DUD_p38_D_5653,Cc1ccc(N2CN=c3s/c(=C\c4ccccc4O)c(=O)n3C2)cc1,0
ZINC03859897,DUD_p38_D_5654,Cn1cc(/C=C2/NC(=O)N(c3cccc(Cl)c3)C2=O)c2ccccc21,0
ZINC03859907,DUD_p38_D_5655,COc1ccc(/C=C2\N=C(c3ccc(Br)cc3)NC2=O)cc1OC,0
ZINC03859923,DUD_p38_D_5656,COc1ccc(C2=C/C(=C3/SC(=S)NC3=O)c3ccccc3O2)cc1OC,0
ZINC03859938,DUD_p38_D_5657,O=C(Nc1ccc2c(c1)nc1n2CCN(c2ccccc2)C1)c1cccs1,0
ZINC03859938,DUD_p38_D_5658,O=C(Nc1ccc2c(c1)[nH+]c1n2CCN(c2ccccc2)C1)c1cccs1,0
ZINC03859968,DUD_p38_D_5659,CCOc1ccc(N2C(=O)/C(=C/c3nc4ccccc4[nH]3)SC2=S)cc1,0
ZINC03859968,DUD_p38_D_5660,CCOc1ccc(N2C(=O)/C(=C/c3[nH]c4ccccc4[nH+]3)SC2=S)cc1,0
ZINC03859988,DUD_p38_D_5661,CCOc1cc(-c2[nH]c(-c3cccs3)c(-c3cccs3)[nH+]2)ccc1O,0
ZINC03859995,DUD_p38_D_5662,Cc1cc(=O)n2c(n1)N=C(Nc1cccc(C)c1C)N[C@H]2c1ccc(F)cc1,0
ZINC03859996,DUD_p38_D_5663,Cc1cc(=O)n2c(n1)N=C(Nc1cccc(C)c1C)N[C@@H]2c1ccc(F)cc1,0
ZINC03860016,DUD_p38_D_5664,Cc1cc(/C=c2\sc3[nH+]c4ccccc4n3c2=O)c(C)n1-c1ccccc1O,0
ZINC03860018,DUD_p38_D_5665,Cc1cccc(N2C(=O)/C(=C/c3nc4ccccc4[nH]3)SC2=S)c1C,0
ZINC03860018,DUD_p38_D_5666,Cc1cccc(N2C(=O)/C(=C\c3[nH]c4ccccc4[nH+]3)SC2=S)c1C,0
ZINC03860031,DUD_p38_D_5667,O=C1C[C@@H](c2ccco2)C=C2Nc3[nH+]c4ccccc4n3[C@@H](c3cccs3)[C@@H]12,0
ZINC03860032,DUD_p38_D_5668,O=C1C[C@@H](c2ccco2)C=C2Nc3[nH+]c4ccccc4n3[C@@H](c3cccs3)[C@@H]12,0
ZINC03860033,DUD_p38_D_5669,O=C1C[C@@H](c2ccco2)C=C2Nc3[nH+]c4ccccc4n3[C@@H](c3cccs3)[C@H]12,0
ZINC03860034,DUD_p38_D_5670,O=C1C[C@@H](c2ccco2)C=C2Nc3[nH+]c4ccccc4n3[C@H](c3cccs3)[C@@H]12,0
ZINC03860047,DUD_p38_D_5671,COc1ccc(N2C(=O)/C(=C\c3ccc(-c4ccc(F)cc4)o3)C(=O)NC2=S)cc1,0
ZINC03860077,DUD_p38_D_5672,Cc1ccccc1C(=O)NN1C(=O)/C(=C/c2nc3ccccc3[nH]2)SC1=S,0
ZINC03860077,DUD_p38_D_5673,Cc1ccccc1C(=O)NN1C(=O)/C(=C\c2[nH]c3ccccc3[nH+]2)SC1=S,0
ZINC03860086,DUD_p38_D_5674,O=C1/C(=C/c2cn[nH]c2-c2ccccc2)SC(=S)N1Cc1ccco1,0
ZINC03862114,DUD_p38_D_5675,COC(=O)c1ccc(N2C[NH+]=C(c3ccc(C)cc3)NC2=S)cc1,0
ZINC03862466,DUD_p38_D_5676,CC1=NN(c2ccc(C)cc2)C(=O)/C1=C/NNc1ccc(Cl)cc1,0
ZINC03862594,DUD_p38_D_5677,O=C1NN=C(c2ccccc2)/C1=C/c1ccc(-c2ccc(Cl)cc2)o1,0
ZINC03862790,DUD_p38_D_5678,O=C(/C=C\c1ccco1)NC(=S)N1CCN(c2cccc[nH+]2)CC1,0
ZINC03863365,DUD_p38_D_5679,Cc1ccc(N2C(=O)/C(=C\C=C\c3ccccc3)C(=O)NC2=S)cc1,0
ZINC03863366,DUD_p38_D_5680,Cc1ccc(N2C(=O)/C(=C\C=C\c3ccccc3)C(=O)NC2=S)cc1,0
ZINC03863550,DUD_p38_D_5681,O=C1NC(=S)N/C1=C/c1cn(-c2ccccc2)nc1-c1ccccc1,0
ZINC03864128,DUD_p38_D_5682,CC(=O)NC(=O)c1cc2c(ccc3ccccc32)o/c1=N/c1cccc(F)c1,0
ZINC03864160,DUD_p38_D_5683,CC1=NN(c2ccccc2)C(=O)/C1=C\c1c(C)nn(-c2ccc(Cl)cc2)c1O,0
ZINC03864174,DUD_p38_D_5684,Cc1cc(/C=C2/NC(=O)N(Cc3ccccc3F)C2=O)c(C)n1-c1ccccn1,0
ZINC03864292,DUD_p38_D_5685,COc1ccc(N2C(=O)/C(=C\c3c(C)[nH]c4ccccc34)NC2=S)cc1,0
ZINC03864371,DUD_p38_D_5686,Cc1ccc(C2=N/C(=C\c3ccccc3F)C(=O)N2Nc2ccccc2)cc1,0
ZINC03864376,DUD_p38_D_5687,COc1ccc(N2C(=O)/C(=C/c3c[nH]c4ccccc34)C(=O)NC2=S)cc1,0
ZINC03864381,DUD_p38_D_5688,COc1ccc(/C=C2/C(=O)NC(=S)N(c3cccc4ccccc34)C2=O)cc1OC,0
ZINC03864384,DUD_p38_D_5689,O=C1C(Cc2ccccc2)=C(O)N2NC(Cl)=CC=C2N1c1ccccc1,0
ZINC03866681,DUD_p38_D_5690,c1ccc2[nH]c(SCc3ccc(-c4nnc5n4CCCCC5)cc3)nc2c1,0
ZINC03866681,DUD_p38_D_5691,c1ccc2[nH+]c(SCc3ccc(-c4nnc5n4CCCCC5)cc3)[nH]c2c1,0
ZINC03866683,DUD_p38_D_5692,S=c1nc(-c2ccccc2)n(Cc2nc3ccccc3[nH]2)c2c1CCCC2,0
ZINC03866683,DUD_p38_D_5693,S=c1nc(-c2ccccc2)n(Cc2[nH]c3ccccc3[nH+]2)c2c1CCCC2,0
ZINC03866717,DUD_p38_D_5694,O=c1nc(CSc2nc3ccccc3[nH]2)[nH]c2scc(-c3ccccc3)c12,0
ZINC03866717,DUD_p38_D_5695,O=c1nc(CSc2[nH]c3ccccc3[nH+]2)[nH]c2scc(-c3ccccc3)c12,0
ZINC03866724,DUD_p38_D_5696,O=C(NCc1cccc(Cl)c1)c1cc(-c2ccncc2)nc2ccccc12,0
ZINC03866726,DUD_p38_D_5697,CCOC(=O)c1ccc(-n2ccnc2)c(NC(=O)c2ccc(Cl)cc2)c1,0
ZINC03866726,DUD_p38_D_5698,CCOC(=O)c1ccc(-n2cc[nH+]c2)c(NC(=O)c2ccc(Cl)cc2)c1,0
ZINC03866729,DUD_p38_D_5699,Cn1c(SCc2nc(=O)c3c(-c4ccccc4)csc3[nH]2)[nH+]c2ccccc21,0
ZINC03866754,DUD_p38_D_5700,C/C=C(\NNC(=O)c1cc(-c2ccco2)nc2ccccc12)c1ccc(F)cc1,0
ZINC03866830,DUD_p38_D_5701,Cc1cc(SCC(=O)NC(=O)c2ccc(Cl)cc2)nc2ccccc12,0
ZINC03866853,DUD_p38_D_5702,CCCn1c(-c2ccc(Cl)cc2)nc2c1c(=O)[nH]c(=O)n2Cc1ccccc1,0
ZINC03866853,DUD_p38_D_5703,CCCn1c(-c2ccc(Cl)cc2)[nH+]c2c1c(=O)[nH]c(=O)n2Cc1ccccc1,0
ZINC03866856,DUD_p38_D_5704,O=C(N/N=C/c1sc(N2CCOCC2)nc1-c1ccccc1)c1ccccc1F,0
ZINC03866868,DUD_p38_D_5705,Cc1nn(-c2ccccc2)c(Cl)c1/C=N/NC(=O)c1ccc2ccccc2n1,0
ZINC03866890,DUD_p38_D_5706,O=c1nc(CSc2ncnc3ccccc23)[nH]c2sc3c(c12)CCCC3,0
ZINC03866907,DUD_p38_D_5707,CCOc1ccc([C@@H]2Nc3ccccc3-c3[nH+]c4ccccc4n32)c(O)c1,0
ZINC03866908,DUD_p38_D_5708,CCOc1ccc([C@@H]2Nc3ccccc3-c3[nH+]c4ccccc4n32)c(O)c1,0
ZINC03866918,DUD_p38_D_5709,CCNC(=S)N/N=C\c1cn(-c2ccccc2)nc1-c1cccs1,0
ZINC03866922,DUD_p38_D_5710,CC1=N/[N+](=c2/cccc[nH]2)C(NC(=O)c2sc3cc(F)ccc3c2Cl)=C1,0
ZINC03866946,DUD_p38_D_5711,C[C@@H]1Cc2ccccc2N1C(=O)/C=C/c1cn[nH]c1-c1cc2ccccc2o1,0
ZINC03866949,DUD_p38_D_5712,Cn1/c(=N/NC(=O)C2=CCC(=O)N(c3ccccc3)N2)sc2ccccc21,0
ZINC03866950,DUD_p38_D_5713,Cn1/c(=N/NC(=O)C2=CCC(=O)N(c3ccccc3)N2)sc2ccccc21,0
ZINC03867010,DUD_p38_D_5714,Cc1ccc(NC(=S)N/N=C\c2ccc3ncccc3c2)c(C)c1,0
ZINC03867011,DUD_p38_D_5715,Cc1ccc(NC(=S)N/N=C\c2ccc3ncccc3c2)c(C)c1,0
ZINC03867053,DUD_p38_D_5716,O=C(Cc1ccc(Cl)cc1)Nc1ccccc1-c1[nH]c2ccccc2[nH+]1,0
ZINC03867076,DUD_p38_D_5717,C=C(Nn1c(-c2ccccc2F)cs/c1=N/C)c1ccc(-n2ccnc2)cc1,0
ZINC03867076,DUD_p38_D_5718,C=C(Nn1c(-c2ccccc2F)cs/c1=N/C)c1ccc(-n2cc[nH+]c2)cc1,0
ZINC03867077,DUD_p38_D_5719,C=C(Nn1c(-c2ccccc2F)cs/c1=N\C)c1ccc(-n2ccnc2)cc1,0
ZINC03867082,DUD_p38_D_5720,Cc1ccc2c(Cl)cc(Cl)c(OCc3nc(=O)c4ccccc4[nH]3)c2n1,0
ZINC03867085,DUD_p38_D_5721,CC(=O)c1c(C)[nH]c(C(=O)Nc2ccc(-c3cn4ccsc4n3)cc2)c1C,0
ZINC03867085,DUD_p38_D_5722,CC(=O)c1c(C)[nH]c(C(=O)Nc2ccc(-c3cn4ccsc4[nH+]3)cc2)c1C,0
ZINC03867097,DUD_p38_D_5723,Cc1nn(Cc2ccccc2Cl)c(C)c1C(=O)Nc1nc2ccccc2[nH]1,0
ZINC03867097,DUD_p38_D_5724,Cc1nn(Cc2ccccc2Cl)c(C)c1C(=O)Nc1[nH]c2ccccc2[nH+]1,0
ZINC03867098,DUD_p38_D_5725,CC(C)c1ccc(NC(=O)Cn2c(-c3cscn3)nc3ccccc32)cc1,0
ZINC03867098,DUD_p38_D_5726,CC(C)c1ccc(NC(=O)Cn2c(-c3cscn3)[nH+]c3ccccc32)cc1,0
ZINC03867105,DUD_p38_D_5727,O=C(NCc1ccccn1)c1ccc(-c2nc3ccccc3s2)s1,0
ZINC03867127,DUD_p38_D_5728,COC(=O)c1ccc(/C=N\n2cc(-c3ccccc3)nc2S)cc1,0
ZINC03867127,DUD_p38_D_5729,COC(=O)c1ccc(/C=N/n2cc(-c3ccccc3)[nH+]c2S)cc1,0
ZINC03867163,DUD_p38_D_5730,CC(C)[C@@H](NC(=O)c1cccc(Br)c1)c1nc2ccccc2[nH]1,0
ZINC03867163,DUD_p38_D_5731,CC(C)[C@@H](NC(=O)c1cccc(Br)c1)c1[nH]c2ccccc2[nH+]1,0
ZINC03867179,DUD_p38_D_5732,Cc1cc(/C=N/NC(=O)c2cccnc2)c(C)n1-c1cccc(Cl)c1,0
ZINC03867192,DUD_p38_D_5733,Cc1nn(-c2ccccc2)c(Cl)c1C(=O)Nc1nc2ccccc2[nH]1,0
ZINC03867192,DUD_p38_D_5734,Cc1nn(-c2ccccc2)c(Cl)c1C(=O)Nc1[nH]c2ccccc2[nH+]1,0
ZINC03867196,DUD_p38_D_5735,Cn1c(-c2ccc(Cl)cc2)nc2c1c(=O)[nH]c(=O)n2Cc1ccccc1,0
ZINC03867196,DUD_p38_D_5736,Cn1c(-c2ccc(Cl)cc2)[nH+]c2c1c(=O)[nH]c(=O)n2Cc1ccccc1,0
ZINC03867205,DUD_p38_D_5737,O=C(Nc1nc(-c2ccccn2)cs1)C1(c2ccccc2)CCCC1,0
ZINC03867214,DUD_p38_D_5738,O=C(Nc1cc(Cl)ccc1N1CCCCC1)c1cn2ccccc2n1,0
ZINC03867214,DUD_p38_D_5739,O=C(Nc1cc(Cl)ccc1N1CCCCC1)c1cn2ccccc2[nH+]1,0
ZINC03867216,DUD_p38_D_5740,COc1ccccc1CC(=O)Nc1ccc(-c2cn3ccsc3n2)cc1,0
ZINC03867216,DUD_p38_D_5741,COc1ccccc1CC(=O)Nc1ccc(-c2cn3ccsc3[nH+]2)cc1,0
ZINC03867222,DUD_p38_D_5742,C[C@@H]1Cc2ccccc2N1C(=O)CSc1nc2ccc(Cl)cc2[nH]1,0
ZINC03867222,DUD_p38_D_5743,C[C@@H]1Cc2ccccc2N1C(=O)CSc1[nH]c2cc(Cl)ccc2[nH+]1,0
ZINC03867226,DUD_p38_D_5744,Cc1cc(-c2csc(NC(=O)c3cn4ccccc4n3)n2)c(C)n1C,0
ZINC03867226,DUD_p38_D_5745,Cc1cc(-c2csc(NC(=O)c3cn4ccccc4[nH+]3)n2)c(C)n1C,0
ZINC03867234,DUD_p38_D_5746,O=C(Nc1nc2c(s1)CCCC2)c1cc(-c2ccncc2)nc2ccccc12,0
ZINC03867249,DUD_p38_D_5747,CC(=O)Nc1ccc(/C=C2\C(=O)N(c3ccccc3)C(=S)N2C)cc1,0
ZINC03867250,DUD_p38_D_5748,CC(=O)Nc1ccc(/C=C2\C(=O)N(c3ccccc3)C(=S)N2C)cc1,0
ZINC03867255,DUD_p38_D_5749,O=C(Cc1c(F)cccc1Cl)Nc1nn2cc(-c3ccccc3)nc2s1,0
ZINC03867255,DUD_p38_D_5750,O=C(Cc1c(F)cccc1Cl)Nc1nn2cc(-c3ccccc3)[nH+]c2s1,0
ZINC03867262,DUD_p38_D_5751,Cc1nc2cc(NC(=O)c3ccc(F)cc3F)ccc2n1-c1ccccc1,0
ZINC03867262,DUD_p38_D_5752,Cc1[nH+]c2cc(NC(=O)c3ccc(F)cc3F)ccc2n1-c1ccccc1,0
ZINC03867266,DUD_p38_D_5753,Cc1nn(-c2ccccc2)c2sc(C(=O)N/N=C\c3ccc[nH]3)cc12,0
ZINC03867272,DUD_p38_D_5754,O=c1nc(CSc2ccc3ccccc3c2)[nH]c2cc(Cl)ccc12,0
ZINC03867315,DUD_p38_D_5755,Cc1cccc(C(=O)Nc2ccc(-c3cn4ccsc4n3)cc2)c1C,0
ZINC03867315,DUD_p38_D_5756,Cc1cccc(C(=O)Nc2ccc(-c3cn4ccsc4[nH+]3)cc2)c1C,0
ZINC03867320,DUD_p38_D_5757,Cc1cccc(-n2cccc2/C=C2\C(=O)NC(=O)N(c3ccccc3C)C2=O)c1,0
ZINC03867322,DUD_p38_D_5758,Cc1ccccc1N1C(=O)NC(=O)/C(=C\c2cccn2-c2ccc(F)cc2)C1=O,0
ZINC03867323,DUD_p38_D_5759,Cc1ccccc1N1C(=O)NC(=O)/C(=C/c2cccn2-c2ccccc2C)C1=O,0
ZINC03867326,DUD_p38_D_5760,Cc1ccc(-c2nnc(SCc3nc4ccccc4[nH]3)n2C)cc1,0
ZINC03867326,DUD_p38_D_5761,Cc1ccc(-c2nnc(SCc3[nH]c4ccccc4[nH+]3)n2C)cc1,0
ZINC03867336,DUD_p38_D_5762,O=c1nc(Cc2ccccn2)[nH]c2scc(-c3ccccc3Cl)c12,0
ZINC03867351,DUD_p38_D_5763,Cc1cc(SCc2nc(=O)c3ccccc3[nH]2)nc2ccccc12,0
ZINC03867357,DUD_p38_D_5764,COc1ccc(Cl)cc1C(=O)Nc1ccc(-c2cn3ccsc3n2)cc1,0
ZINC03867357,DUD_p38_D_5765,COc1ccc(Cl)cc1C(=O)Nc1ccc(-c2cn3ccsc3[nH+]2)cc1,0
ZINC03867372,DUD_p38_D_5766,O=C(NCc1ccncc1)c1cc(-c2cccs2)nc2ccccc12,0
ZINC03867391,DUD_p38_D_5767,Cc1ccc2[nH]c(SCc3nnc(-c4ccccc4Br)o3)nc2c1,0
ZINC03867391,DUD_p38_D_5768,Cc1ccc2[nH]c(SCc3nnc(-c4ccccc4Br)o3)[nH+]c2c1,0
ZINC03867472,DUD_p38_D_5769,O=c1nc(CSc2nc(-c3ccccc3)cs2)[nH]c2ccccc12,0
ZINC03867525,DUD_p38_D_5770,Cc1sc2nc(-c3cccnc3)nc(NCc3ccncc3)c2c1C,0
ZINC03867538,DUD_p38_D_5771,Cc1ccc(NC(=O)COc2ccc(-n3ccnc3)cc2)cc1Cl,0
ZINC03867538,DUD_p38_D_5772,Cc1ccc(NC(=O)COc2ccc(-n3cc[nH+]c3)cc2)cc1Cl,0
ZINC03867543,DUD_p38_D_5773,O=C(Nc1sc2c(c1-c1[nH]c3ccccc3[nH+]1)CCCC2)c1cccs1,0
ZINC03867549,DUD_p38_D_5774,c1cncc(-c2nc(NCc3ccncc3)c3c4c(sc3n2)CCCC4)c1,0
ZINC03867564,DUD_p38_D_5775,O=C(Cn1cnc2ccccc21)NNC1=CCSc2ccc(F)cc21,0
ZINC03867564,DUD_p38_D_5776,O=C(Cn1c[nH+]c2ccccc21)NNC1=CCSc2ccc(F)cc21,0
ZINC03867570,DUD_p38_D_5777,COc1ccc(NC(=O)c2ccc(-c3nc4ccccc4s3)s2)cn1,0
ZINC03867571,DUD_p38_D_5778,CSCc1ccc(C(=O)Nc2nc(-c3ccccn3)cs2)cc1,0
ZINC03867574,DUD_p38_D_5779,Cc1ccc(N2C(=O)/C(=C/NNc3nc(C)cs3)c3ccccc3C2=O)cc1,0
ZINC03867614,DUD_p38_D_5780,COc1ccc2nc(SCc3cc(=O)n4c(n3)sc3ccccc34)[nH]c2c1,0
ZINC03867614,DUD_p38_D_5781,COc1ccc2[nH+]c(SCc3cc(=O)n4c(n3)sc3ccccc34)[nH]c2c1,0
ZINC03867626,DUD_p38_D_5782,CCOc1ncccc1C(=O)Nc1nn2cc(-c3ccccc3)nc2s1,0
ZINC03867626,DUD_p38_D_5783,CCOc1ncccc1C(=O)Nc1nn2cc(-c3ccccc3)[nH+]c2s1,0
ZINC03867636,DUD_p38_D_5784,CCOc1ccc(-c2nc(=O)c3c(-c4cccs4)csc3[nH]2)cc1,0
ZINC03867646,DUD_p38_D_5785,COc1ccc(CNC(=O)c2cc3c(nc4ccccn43)s2)cc1,0
ZINC03867646,DUD_p38_D_5786,COc1ccc(CNC(=O)c2cc3c([nH+]c4ccccn43)s2)cc1,0
ZINC03867665,DUD_p38_D_5787,C[C@@H](SCc1cccc2ccccc12)c1nc(=O)c2ccccc2[nH]1,0
ZINC03867704,DUD_p38_D_5788,O=C(Cc1ccccc1F)Nc1nn2cc(-c3ccccc3)nc2s1,0
ZINC03867704,DUD_p38_D_5789,O=C(Cc1ccccc1F)Nc1nn2cc(-c3ccccc3)[nH+]c2s1,0
ZINC03867705,DUD_p38_D_5790,Cc1onc(-c2c(F)cccc2Cl)c1C(=O)Nc1nc2ccccc2[nH]1,0
ZINC03867705,DUD_p38_D_5791,Cc1onc(-c2c(F)cccc2Cl)c1C(=O)Nc1[nH]c2ccccc2[nH+]1,0
ZINC03867707,DUD_p38_D_5792,Cc1sc2ncnc(N[C@H](C)c3ccc(-n4ccnc4)cc3)c2c1C,0
ZINC03867707,DUD_p38_D_5793,Cc1sc2ncnc(N[C@@H](C)c3ccc(-n4cc[nH+]c4)cc3)c2c1C,0
ZINC03867708,DUD_p38_D_5794,Cc1sc2ncnc(N[C@@H](C)c3ccc(-n4ccnc4)cc3)c2c1C,0
ZINC03867708,DUD_p38_D_5795,Cc1sc2ncnc(N[C@@H](C)c3ccc(-n4cc[nH+]c4)cc3)c2c1C,0
ZINC03867712,DUD_p38_D_5796,CC(C)Oc1ccc(C(=O)Nc2ccc(-c3cn4ccsc4n3)cc2)cc1,0
ZINC03867712,DUD_p38_D_5797,CC(C)Oc1ccc(C(=O)Nc2ccc(-c3cn4ccsc4[nH+]3)cc2)cc1,0
ZINC03867714,DUD_p38_D_5798,CC(C)(Oc1ccc(Cl)cc1)C(=O)Nc1nc(-c2cccnc2)cs1,0
ZINC03867722,DUD_p38_D_5799,Cc1ccc(Sc2ccc(/C=C3/NC(=O)N(c4ccccc4)C3=O)o2)cc1,0
ZINC03867792,DUD_p38_D_5800,Cc1sc2[nH]c([C@H](C)Nc3ccccc3-c3ccccc3)nc(=O)c2c1C,0
ZINC03867937,DUD_p38_D_5801,Cc1ccc2c(CC(=O)Nc3nc(-c4ccccn4)cs3)coc2c1,0
ZINC03867945,DUD_p38_D_5802,CCOc1ccc2nc(SCc3nnc(-c4ccccc4)o3)[nH]c2c1,0
ZINC03867945,DUD_p38_D_5803,CCOc1ccc2[nH+]c(SCc3nnc(-c4ccccc4)o3)[nH]c2c1,0
ZINC03868019,DUD_p38_D_5804,COc1cc2ccccc2cc1C(=O)Nc1nc(-c2ccccn2)cs1,0
ZINC03868023,DUD_p38_D_5805,O=C(COc1ccc2c(c1)CCC2)Nc1nc(-c2ccccn2)cs1,0
ZINC03868024,DUD_p38_D_5806,COc1ccc2oc(C(=O)Nc3nc(-c4ccccn4)cs3)c(C)c2c1,0
ZINC03868029,DUD_p38_D_5807,C[C@@H](Sc1nc2ccc(Cl)cc2[nH]1)C(=O)N1CCc2ccccc21,0
ZINC03868029,DUD_p38_D_5808,C[C@@H](Sc1[nH]c2cc(Cl)ccc2[nH+]1)C(=O)N1CCc2ccccc21,0
ZINC03868054,DUD_p38_D_5809,O=C1Nc2ccc(Cl)cc2/C1=C\c1cc2ccccc2[nH+]c1N1CCOCC1,0
ZINC03868055,DUD_p38_D_5810,O=C1Nc2ccc(Cl)cc2/C1=C/c1cc2ccccc2[nH+]c1N1CCOCC1,0
ZINC03868056,DUD_p38_D_5811,O=C1Nc2cc(Cl)ccc2/C1=C/c1cc2ccccc2[nH+]c1N1CCOCC1,0
ZINC03868057,DUD_p38_D_5812,O=C1Nc2cc(Cl)ccc2/C1=C\c1cc2ccccc2[nH+]c1N1CCOCC1,0
ZINC03868110,DUD_p38_D_5813,Cc1cc(/C=C2\NC(=S)NC2=O)c(C)n1-c1cccc2ccccc12,0
ZINC03868260,DUD_p38_D_5814,C=C(NNC(=O)Cc1nc2ccccc2n1C)c1ccc(Cl)cc1,0
ZINC03868260,DUD_p38_D_5815,C=C(NNC(=O)Cc1[nH+]c2ccccc2n1C)c1ccc(Cl)cc1,0
ZINC03868356,DUD_p38_D_5816,CN(Cc1nc(=O)c2c(-c3ccccc3)csc2[nH]1)c1ccccc1,0
ZINC03868366,DUD_p38_D_5817,CC(C)(C)NC(=O)c1ccc2c(c1)NC(=O)/C(=C\c1ccccc1F)S2,0
ZINC03868388,DUD_p38_D_5818,O=C1Nc2cc(C(=O)NC3CC3)ccc2S/C1=C\c1cccc(Cl)c1,0
ZINC03868408,DUD_p38_D_5819,CC(C)NC(=O)c1ccc2c(c1)NC(=O)/C(=C\c1ccccc1Cl)S2,0
ZINC03868501,DUD_p38_D_5820,O=C1NN(c2ccccc2)C(=O)/C1=C/c1ccc(-c2cccc(Cl)c2)o1,0
ZINC03868504,DUD_p38_D_5821,COc1ccc(Cl)cc1-c1ccc(/C=C2/C(=O)NN(c3ccccc3)C2=O)o1,0
ZINC03868505,DUD_p38_D_5822,COc1ccc(Cl)cc1-c1ccc(/C=C2\C(=O)NN(c3ccccc3)C2=O)o1,0
ZINC03868592,DUD_p38_D_5823,CCOc1ccc(N2C(=O)/C(=C3/C(=O)Nc4ccccc43)NC2=S)cc1,0
ZINC03868600,DUD_p38_D_5824,COC(=O)Cn1cc(/C=C2/NC(=S)N(c3ccccc3)C2=O)c2ccccc21,0
ZINC03868631,DUD_p38_D_5825,O=C1N/C(=C/c2ccc(-c3ccc(F)cc3)o2)C(=O)N1Cc1ccccc1F,0
ZINC03868663,DUD_p38_D_5826,CN1C(=O)c2ccccc2[C@@H](C(=O)Nc2ccccn2)[C@H]1c1ccc(F)cc1,0
ZINC03868674,DUD_p38_D_5827,COc1ccc2ccccc2c1/C=C1/NC(=O)N(c2cccc(Cl)c2)C1=O,0
ZINC03868676,DUD_p38_D_5828,COc1ccc(/C=C2/NC(=O)N(c3cccc(Cl)c3)C2=O)c2ccccc12,0
ZINC03868679,DUD_p38_D_5829,O=C1N/C(=C\c2cccn2-c2ccc(F)cc2)C(=O)N1Cc1ccccc1F,0
ZINC03868701,DUD_p38_D_5830,O=C1N/C(=C/c2ccc(-c3ccc(Cl)cc3)o2)C(=O)N1Cc1ccccc1F,0
ZINC03868790,DUD_p38_D_5831,Cc1ccc2[nH]c(SCC(=O)N3c4ccccc4Sc4ccccc43)[nH+]c2c1,0
ZINC03868987,DUD_p38_D_5832,CNC(=O)c1nc[nH]c1/N=C1\SC[C@@](O)(c2ccccc2Cl)N1c1ccccc1,0
ZINC03868987,DUD_p38_D_5833,CNC(=O)c1[nH+]c[nH]c1/N=C1\SC[C@](O)(c2ccccc2Cl)N1c1ccccc1,0
ZINC03868990,DUD_p38_D_5834,CNC(=O)c1nc[nH]c1/N=C1/SC[C@@](O)(c2ccccc2Cl)N1c1ccccc1,0
ZINC03869118,DUD_p38_D_5835,Cc1[nH]c2ccccc2c1/C=C1\SC(=S)N(c2ccc3c(c2)OCO3)C1=O,0
ZINC03873470,DUD_p38_D_5836,COc1cccc(N/C=C2/C(=O)NC(=S)N(c3ccccc3OC)C2=O)c1,0
ZINC03873582,DUD_p38_D_5837,CN(C)c1cccc(N/C=C2\C(=O)NC(=S)N(c3ccccc3F)C2=O)c1,0
ZINC03873666,DUD_p38_D_5838,O=C1NC(=O)N(c2ccc3c(c2)OCO3)C(=O)/C1=C\c1cccn1-c1ccc(F)cc1,0
ZINC03873677,DUD_p38_D_5839,CN(C)c1ccc(/C=C2\C(=O)Nc3ccccc3N=C2c2ccccc2)cc1,0
ZINC03873718,DUD_p38_D_5840,COc1ccc(N2C(=O)NC(=O)/C(=C\c3cccn3-c3ccc(F)cc3)C2=O)cc1,0
ZINC03878792,DUD_p38_D_5841,O=[N+]([O-])c1ccc(N2CCN(C(=S)Nc3cccc4ccccc34)CC2)cc1,0
ZINC03885569,DUD_p38_D_5842,COc1ccc(-c2csc(C3=C(N)N(c4ccccc4)CC3=O)n2)cc1OC,0
ZINC03885571,DUD_p38_D_5843,COc1ccc(-c2csc(C3=C(N)N(c4ccc(F)cc4)CC3=O)n2)cc1OC,0
ZINC03885579,DUD_p38_D_5844,NC1=C(c2nc(-c3ccc(F)cc3)cs2)C(=O)CN1c1ccccc1,0
ZINC03885580,DUD_p38_D_5845,NC1=C(c2nc(-c3ccc(F)cc3)cs2)C(=O)CN1c1ccc(F)cc1,0
ZINC03888009,DUD_p38_D_5846,COc1ccc([C@H]2[C@H](O)C(c3c[nH]c4ccccc34)=NN2C(=O)CCl)cc1,0
ZINC03889093,DUD_p38_D_5847,Cc1ccc(-c2c[nH]/c(=N\N=C3/C(=O)Nc4ccccc43)s2)cc1,0
ZINC03889185,DUD_p38_D_5848,C/C(=N\NC(=O)c1cc(-c2ccc(F)cc2)n[nH]1)c1ccc(C)cc1,0
ZINC03889283,DUD_p38_D_5849,CC1=C(C(=O)OCc2ccccc2)[C@H](c2ccc[nH]2)[C@H](C#N)C(=S)S1,0
ZINC03889421,DUD_p38_D_5850,Cc1ccc(C2=N/C(=C\c3ccccc3)C(=O)N2c2ccc(O)cc2)cc1,0
ZINC03889438,DUD_p38_D_5851,Cc1ccc(-c2cs/c(=N\c3c(C)n(C)n(-c4ccccc4)c3=O)[nH]2)cc1,0
ZINC03889439,DUD_p38_D_5852,Cc1ccc(-c2cs/c(=N\c3c(C)n(C)n(-c4ccccc4)c3=O)[nH]2)cc1,0
ZINC03889498,DUD_p38_D_5853,Cn1cc(Br)c(C(=O)N/N=C/c2c3ccccc3cc3ccccc23)n1,0
ZINC03889517,DUD_p38_D_5854,COc1ccc(C2=N/C(=C\c3ccccc3F)C(=O)N2c2ccc(O)cc2)cc1,0
ZINC03889518,DUD_p38_D_5855,COc1ccc(C2=N/C(=C\c3ccccc3F)C(=O)N2c2ccc(O)cc2)cc1,0
ZINC03889519,DUD_p38_D_5856,O=C1/C(=C/c2ccc(F)cc2)N=C(c2ccccc2)N1c1ccc(O)cc1,0
ZINC03889520,DUD_p38_D_5857,O=C1/C(=C/c2ccc(F)cc2)N=C(c2ccccc2)N1c1ccc(O)cc1,0
ZINC03889917,DUD_p38_D_5858,O=C1NC(=O)N(c2ccccc2F)C(=O)/C1=C/c1ccc(-c2ccc(F)cc2)o1,0
ZINC03889955,DUD_p38_D_5859,Cc1cccc2cc(/C=N/NC(=O)[C@@H]3C[C@H]3c3ccccc3)c(Cl)nc12,0
ZINC03890125,DUD_p38_D_5860,CC1=NN(c2ccc3ccccc3c2)C(=O)/C1=C/c1ccc(O)c(Cl)c1,0
ZINC03890270,DUD_p38_D_5861,O=C1N/C(=C/c2ccc(-c3ccccc3)o2)C(=O)N1c1cccc(Cl)c1,0
ZINC03890611,DUD_p38_D_5862,O=C1N/C(=C/c2ccc(-c3cccc(Br)c3)o2)C(=O)N1c1ccccc1,0
ZINC03890722,DUD_p38_D_5863,Cc1ccc(Sc2ccc(/C=C3/NC(=O)N(c4ccccc4)C3=O)o2)cc1,0
ZINC03890752,DUD_p38_D_5864,O=C1N/C(=C/c2ccc(-c3ccc(F)cc3)o2)C(=O)N1Cc1ccc(F)cc1,0
ZINC03890807,DUD_p38_D_5865,COc1ccc(-c2nnc(S)n2/N=C/c2c[nH]c3ccccc23)cc1,0
ZINC03890891,DUD_p38_D_5866,CC(C)(C)c1ccc(-c2n[nH]c(=S)n2/N=C/c2cccc3ccccc23)cc1,0
ZINC03890896,DUD_p38_D_5867,O=C1NC(=O)N(c2ccccc2Cl)C(=O)/C1=C\c1cccc2ccccc12,0
ZINC03890898,DUD_p38_D_5868,O=C1NC(=O)N(c2ccccc2Cl)C(=O)/C1=C/c1cccc2ccccc12,0
ZINC03890980,DUD_p38_D_5869,CC1=NC2=C(C(=O)CCC2)[C@H](c2ccccc2)[C@H]1C(=O)Nc1ccc(F)cc1F,0
ZINC03891024,DUD_p38_D_5870,CC1=NC2=C(C(=O)CCC2)[C@@H](c2cccs2)[C@@H]1C(=O)Nc1cccc(F)c1,0
ZINC03891090,DUD_p38_D_5871,Cc1nn(-c2ccccc2)c(C)c1/C=N/n1c(S)nnc1-c1ccccc1,0
ZINC03892234,DUD_p38_D_5872,O=C(Nc1ccc2[nH+]c(-c3ccc(Cl)cc3)[nH]c2c1)C1CCCCC1,0
ZINC03892410,DUD_p38_D_5873,CCOc1ccc(C(=O)Nc2c3c(nn2-c2ccccc2)CSC3)cc1,0
ZINC03892895,DUD_p38_D_5874,Oc1ccc2ccccc2c1/C=N\N1CCN(c2ccc(Cl)cc2)CC1,0
ZINC03893148,DUD_p38_D_5875,COC(=O)c1ccc(C(=O)Nc2nc3c(s2)CCc2ccccc2-3)cc1,0
ZINC03894320,DUD_p38_D_5876,CCSc1nnc2c(n1)O[C@@H](c1cccc(OC)c1)Nc1ccccc1-2,0
ZINC03896474,DUD_p38_D_5877,CC(C)c1ccc(Nc2c(-c3ccc(Cl)cc3)[nH+]c3cnccn23)cc1,0
ZINC03897967,DUD_p38_D_5878,CC(=O)N1N=C(c2ccccc2)C[C@H]1C1=Cc2ccc(C)cc2N[C@@H]1Cl,0
ZINC03899028,DUD_p38_D_5879,CSC1=C(C#N)[C@@H](c2ccccc2)[C@H](C(=O)Nc2ccccc2)C(C)=N1,0
ZINC03899028,DUD_p38_D_5880,CSC1=NC(C)=C(C(=O)Nc2ccccc2)[C@H](c2ccccc2)[C@H]1C#N,0
ZINC03899028,DUD_p38_D_5881,C=C1N=C(SC)[C@@H](C#N)[C@H](c2ccccc2)[C@@H]1C(=O)Nc1ccccc1,0
ZINC03899028,DUD_p38_D_5882,C=C1N=C(SC)[C@H](C#N)[C@@H](c2ccccc2)[C@@H]1C(=O)Nc1ccccc1,0
ZINC03899115,DUD_p38_D_5883,CCN1C(=O)c2cccc3c(NC(=O)/C=C/c4ccc(F)cc4)ccc1c23,0
ZINC03899381,DUD_p38_D_5884,Cc1ccc2cc(/C=C\C(=O)c3[nH]c4ccccc4[nH+]3)c(Cl)nc2c1,0
ZINC03899531,DUD_p38_D_5885,Cc1cccc2c1nc1s/c(=C/c3cn[nH]c3-c3ccccc3)c(=O)n12,0
ZINC03899878,DUD_p38_D_5886,O=C(CSc1[nH]c2ccccc2[nH+]1)n1c2ccccc2c2ccccc21,0
ZINC03900827,DUD_p38_D_5887,Cc1ccc(N2C(=O)S[C@H](Nc3cccc4ccccc34)C2=O)cc1,0
ZINC03902717,DUD_p38_D_5888,O=C(Cn1c2ccccc2c(=O)c2ccccc21)Nc1ccccc1Cl,0
ZINC03902733,DUD_p38_D_5889,O=C(Cn1c2ccccc2c(=O)c2ccccc21)Nc1ccc2c(c1)CCC2,0
ZINC03903767,DUD_p38_D_5890,CC1=CC[C@H](C(=O)N/N=C\c2ccncc2)[C@H](c2ccc(Cl)cc2)C1,0
ZINC03904609,DUD_p38_D_5891,Cc1ccc2c(c1)c(=O)c1ccccc1n2CC(=O)Nc1ccc(F)cc1,0
ZINC03905839,DUD_p38_D_5892,Cc1ccc2ccc([C@@H](Nc3cccc[nH+]3)c3ccccc3F)c(O)c2n1,0
ZINC03906442,DUD_p38_D_5893,COc1ccccc1C(=O)Nc1c(-c2ccc(F)cc2)nc2ccccn12,0
ZINC03906442,DUD_p38_D_5894,COc1ccccc1C(=O)Nc1c(-c2ccc(F)cc2)[nH+]c2ccccn12,0
ZINC03906457,DUD_p38_D_5895,COc1ccc(CC(=O)Nc2c(-c3cccs3)[nH+]c3ccccn23)cc1,0
ZINC03906457,DUD_p38_D_5896,COc1ccc(CC(=O)Nc2c(-c3cccs3)nc3ccccn23)cc1,0
ZINC03906508,DUD_p38_D_5897,Cc1ccn2c(NC(=O)c3ccc(F)cc3)c(-c3cccs3)nc2c1,0
ZINC03906511,DUD_p38_D_5898,Cc1cccc(C(=O)Nc2c(-c3cccs3)nc3cc(C)ccn23)c1,0
ZINC03907161,DUD_p38_D_5899,O=C1CCCC2=C1[C@H](c1cccs1)n1nc(Cc3ccccc3)nc1N2,0
ZINC03907650,DUD_p38_D_5900,Cc1cc(NC(=O)c2cc(-c3ccc(F)cc3)on2)n(-c2ccccc2)n1,0
ZINC03908021,DUD_p38_D_5901,COc1ccccc1-c1cc(C(=O)NCc2ccc(Cl)cc2)no1,0
ZINC03908239,DUD_p38_D_5902,O=C(NCCc1ccccc1)c1cc(-c2cccc(Cl)c2)on1,0
ZINC03908251,DUD_p38_D_5903,C[C@H](NC(=O)c1cc(-c2cccc(Cl)c2)on1)c1ccccc1,0
ZINC03908839,DUD_p38_D_5904,O=c1[nH]c2ccccc2nc1-c1ccccc1NCc1ccc(F)cc1,0
ZINC03909408,DUD_p38_D_5905,O=C(NCc1ccc(Cl)cc1)c1noc2c1CCc1ccccc1-2,0
ZINC03909499,DUD_p38_D_5906,COc1ccc2c(c1)CCc1c(C(=O)Nc3cccc(Cl)c3)noc1-2,0
ZINC03909541,DUD_p38_D_5907,Cc1csc2c(NNc3c4ccccc4nc4ccccc34)ncnc12,0
ZINC03909740,DUD_p38_D_5908,CCn1cc(C(=O)NCc2cccs2)c2c3ccccc3n(C)c2c1=O,0
ZINC03909919,DUD_p38_D_5909,Cc1ccc2[nH+]c(-c3ccccc3O)c(Nc3ccc(Cl)cc3)n2c1,0
ZINC03909954,DUD_p38_D_5910,Cc1cc(C)n2c(Nc3ccc(Cl)cc3)c(-c3ccc(O)cc3)[nH+]c2n1,0
ZINC03910014,DUD_p38_D_5911,COc1cc(-c2nc3sccn3c2Nc2c(C)cccc2C)ccc1O,0
ZINC03910014,DUD_p38_D_5912,COc1cc(-c2[nH+]c3sccn3c2Nc2c(C)cccc2C)ccc1O,0
ZINC03911163,DUD_p38_D_5913,Oc1cc2ccccc2cc1-c1nnc2n1N=C(c1ccccc1)CS2,0
ZINC03911582,DUD_p38_D_5914,Cc1nc2ccccc2n1CCc1nc2c3ccccc3[nH]c(=S)n2n1,0
ZINC03911631,DUD_p38_D_5915,Oc1ccc(-c2[nH+]c3ccccn3c2Nc2ccc3c(c2)OCCO3)cc1,0
ZINC03912206,DUD_p38_D_5916,CC(=O)c1cccc(Nc2ncnc3c2cnn3-c2ccc(Cl)cc2)c1,0
ZINC03912252,DUD_p38_D_5917,Cc1ccc(N/N=C2\C(=O)N(C(N)=S)N=C2c2ccccc2)cc1,0
ZINC03912255,DUD_p38_D_5918,Cc1ccccc1N/N=C1\C(=O)N(C(N)=S)N=C1c1ccccc1,0
ZINC03912815,DUD_p38_D_5919,COc1ccc(NC(=S)N2CCn3cccc3[C@@H]2c2ccncc2)cc1,0
ZINC03926466,DUD_p38_D_5920,N#C/C(=C1/NC(c2ccccc2Cl)=CS1)c1ccnc(NC2CC2)n1,0
ZINC03933760,DUD_p38_D_5921,O=C1c2cccnc2-c2nccc3c2c1nc1ccc(NCCCl)cc13,0
ZINC03936860,DUD_p38_D_5922,O=C(Nc1ccc(Cl)cc1)O[C@@H]1CCCN(c2cc[nH+]cc2)C1,0
ZINC03941646,DUD_p38_D_5923,c1ccc(-c2nnc3cc(C4CCC4)c(NCc4ccccn4)nn23)cc1,0
ZINC03942840,DUD_p38_D_5924,O=c1c(-c2ccc(F)cc2)c(-c2ccnc(Nc3ccccc3)n2)n2n1CCC2,0
ZINC03947948,DUD_p38_D_5925,COc1ccc(C2=NN(c3ccc4[nH]ncc4c3)C(=O)[C@H]3CC=CC[C@H]23)cc1Cl,0
ZINC03947948,DUD_p38_D_5926,COc1ccc(C2=NN(c3ccc4n[nH]cc4c3)C(=O)[C@@H]3CC=CC[C@@H]23)cc1Cl,0
ZINC03948698,DUD_p38_D_5927,CNC(=O)c1cc2c(ccc(=O)n2-c2ccccc2)n1Cc1cccc(Cl)c1,0
ZINC03949177,DUD_p38_D_5928,COc1ccc(C(=O)Nc2c(Cl)c[n+]([O-])cc2Cl)c2c1oc1ccccc12,0
ZINC03950536,DUD_p38_D_5929,Cc1cc2c(Nc3cc(-c4ccc(C(F)(F)F)cc4)cnn3)cccc2nn1,0
ZINC03950538,DUD_p38_D_5930,Cc1cc2c(Nc3cc(-c4ccc(C(F)(F)F)cc4)ncn3)cccc2nn1,0
ZINC03952182,DUD_p38_D_5931,O=C(c1nc2cnccc2[nH]1)c1cn(Cc2ccc(Cl)cc2)c2ccccc12,0
ZINC03952182,DUD_p38_D_5932,O=C(c1[nH]c2ccncc2[nH+]1)c1cn(Cc2ccc(Cl)cc2)c2ccccc12,0
ZINC03952182,DUD_p38_D_5933,O=C(c1nc2ccncc2[nH]1)c1cn(Cc2ccc(Cl)cc2)c2ccccc12,0
ZINC03955795,DUD_p38_D_5934,O=C(Nc1cccc(F)c1)N1CC2(CCN(C(=O)c3cccc(F)c3)CC2)C1,0
ZINC03955812,DUD_p38_D_5935,O=C(Nc1ccccc1)N1CC2(CCN(C(=O)c3cccc(F)c3)CC2)C1,0
ZINC03956147,DUD_p38_D_5936,O=C(Nc1cccc(F)c1)N1CC2(CCN(C(=O)Oc3ccccc3)CC2)C1,0
ZINC03956274,DUD_p38_D_5937,Cn1cccc1C(=O)N1CCC2(CC1)CN(C(=O)Nc1cccc(F)c1)C2,0
ZINC03956282,DUD_p38_D_5938,O=C(Nc1cccc(F)c1)N1CC2(CCN(C(=O)c3ccco3)CC2)C1,0
ZINC03957479,DUD_p38_D_5939,C/C(=N/Nc1cccc(Cl)c1)c1c(O)c2cccc3c2n(c1=O)CCC3,0
ZINC03958515,DUD_p38_D_5940,C[C@H](NC(=O)c1cc(-c2ccc(Br)cc2)on1)c1ccccc1,0
ZINC03958803,DUD_p38_D_5941,Cc1ccc(N[C@@H]2c3ncccc3C(=O)N2Cc2ccc(F)cc2)cc1,0
ZINC03959319,DUD_p38_D_5942,CCc1ccc2c(c1)/C(=N/N=c1/[nH]c(-c3ccccc3)cs1)C(=O)N2,0
ZINC03959326,DUD_p38_D_5943,CCc1ccc2c(c1)/C(=N\N=c1/[nH]c(-c3ccccc3)cs1)C(=O)N2,0
ZINC03959330,DUD_p38_D_5944,CCc1ccc2c(c1)/C(=N\N=c1\[nH]c(-c3ccccc3)cs1)C(=O)N2,0
ZINC03960476,DUD_p38_D_5945,O=C1N/C(=N/c2ccccc2Cl)S/C1=C\c1ccc2ncccc2c1,0
ZINC03961480,DUD_p38_D_5946,O=C(Nc1ccc2c(c1)OCCCO2)c1ccc(-c2ccccc2F)nc1,0
ZINC03962417,DUD_p38_D_5947,COc1ccc(-c2ccc(F)cc2)c2oc(NC(=O)c3ccnc(C)c3)nc12,0
ZINC03963861,DUD_p38_D_5948,COC(=O)c1ccc(/C=C2\NC(=S)N(c3ccccc3)C2=O)cc1,0
ZINC03966923,DUD_p38_D_5949,N=c1c2cnn(-c3ccccc3)c2ncn1/N=C/c1ccc(Cl)cc1,0
ZINC03966939,DUD_p38_D_5950,Cc1cc(/C=C2/C(=N)N3C=CSC3=NC2=O)c(C)n1-c1ccccc1,0
ZINC03967669,DUD_p38_D_5951,Cc1cc(/C=C2\C(=N)N3C=CSC3=NC2=O)c(C)n1-c1cccc(F)c1,0
ZINC03967893,DUD_p38_D_5952,CC1=NN(c2cccc(Cl)c2)C(=O)/C1=C/c1c[nH]nc1-c1ccccc1,0
ZINC03967893,DUD_p38_D_5953,CC1=NN(c2cccc(Cl)c2)C(=O)/C1=C\c1cn[nH]c1-c1ccccc1,0
ZINC03968109,DUD_p38_D_5954,Cc1cc(/C=C2\C(=N)N3C=CSC3=NC2=O)c(C)n1-c1cccc2ccccc12,0
ZINC03968417,DUD_p38_D_5955,Cc1cc(/C=C2\S/C(=N\c3ccc(F)cc3)NC2=O)c(C)n1-c1ccncc1,0
ZINC03968420,DUD_p38_D_5956,Cc1cc(/C=C2/S/C(=N/c3ccc(F)cc3)NC2=O)c(C)n1-c1ccncc1,0
ZINC03968684,DUD_p38_D_5957,Cc1ccc2occ(/C=N\NC(=O)c3csc4ccccc34)c(=O)c2c1,0
ZINC03968892,DUD_p38_D_5958,Cc1cccc(/C=C2/C(=N)N3N=C(c4ccccc4C)SC3=NC2=O)c1,0
ZINC03968931,DUD_p38_D_5959,CC1=NN(c2ccc(Cl)cc2)C(=O)/C1=C/c1c(C)nn(-c2ccccc2)c1O,0
ZINC03968932,DUD_p38_D_5960,CC1=NN(c2ccc(Cl)cc2)C(=O)/C1=C\c1c(C)nn(-c2ccccc2)c1O,0
ZINC03968980,DUD_p38_D_5961,CC1=NNC(=O)/C1=C\c1cn(-c2ccccc2)nc1-c1ccc(Cl)cc1,0
ZINC03969055,DUD_p38_D_5962,COc1ccc(N2C(=O)NC(=O)/C(=C/c3ccc(-c4ccc(F)cc4)o3)C2=O)cc1,0
ZINC03969213,DUD_p38_D_5963,Cn1c(=O)n(C)c2cc(/C=N/N=c3/[nH]c(-c4ccccc4)cs3)ccc21,0
ZINC03969214,DUD_p38_D_5964,Cn1c(=O)n(C)c2cc(/C=N\N=c3\[nH]c(-c4ccccc4)cs3)ccc21,0
ZINC03969216,DUD_p38_D_5965,Cn1c(=O)n(C)c2cc(/C=N/N=c3/[nH]c(-c4ccccc4)cs3)ccc21,0
ZINC03969365,DUD_p38_D_5966,O=C(N/N=C\c1cc2ccccc2nc1Cl)[C@H]1COc2ccccc2O1,0
ZINC03969366,DUD_p38_D_5967,O=C(N/N=C/c1cc2ccccc2nc1Cl)[C@H]1COc2ccccc2O1,0
ZINC03969376,DUD_p38_D_5968,O=C(N/N=C/c1ccc(-c2ccccc2Cl)o1)[C@H]1COc2ccccc2O1,0
ZINC03969377,DUD_p38_D_5969,O=C(N/N=C\c1ccc(-c2ccc(Cl)cc2)o1)[C@H]1COc2ccccc2O1,0
ZINC03969378,DUD_p38_D_5970,O=C(N/N=C/c1ccc(-c2ccc(Cl)cc2)o1)[C@@H]1COc2ccccc2O1,0
ZINC03969440,DUD_p38_D_5971,Cc1nn(-c2ccccc2)c(Cl)c1/C=N/NC(=O)c1cccc(F)c1,0
ZINC03969497,DUD_p38_D_5972,COc1ccc(/N=c2/ncc3c([nH]2)C[C@H](c2ccc(Cl)cc2)CC3=O)cc1,0
ZINC03969498,DUD_p38_D_5973,COc1ccc(/N=c2/ncc3c([nH]2)C[C@@H](c2ccc(Cl)cc2)CC3=O)cc1,0
ZINC03969565,DUD_p38_D_5974,Cc1ccccc1NC(=O)c1c(C)nc([S-])c(C#N)c1-c1ccco1,0
ZINC03969682,DUD_p38_D_5975,Cc1nc2ccc(Br)cn2c1C(=O)N/N=C/c1cccc2ccccc12,0
ZINC03969682,DUD_p38_D_5976,Cc1[nH+]c2ccc(Br)cn2c1C(=O)N/N=C\c1cccc2ccccc12,0
ZINC03969700,DUD_p38_D_5977,CC1(C)Cc2c(ccc3ccccc23)C(NNC(=O)c2ccc(Br)cc2)=[NH+]1,0
ZINC03969827,DUD_p38_D_5978,O=C(N/N=C/c1cccc2ccccc12)[C@@H]1CC(=O)N(c2ccc(Cl)cc2)C1,0
ZINC03969828,DUD_p38_D_5979,O=C(N/N=C/c1cccc2ccccc12)[C@H]1CC(=O)N(c2ccc(Cl)cc2)C1,0
ZINC03969856,DUD_p38_D_5980,Cc1cccc(N/N=C2/C(=O)N(C(N)=S)N=C2c2ccccc2)c1C,0
ZINC03969873,DUD_p38_D_5981,C/C(=N/NC(=O)c1cc(-c2ccccc2)n[nH]1)c1cccc(Br)c1,0
ZINC03969873,DUD_p38_D_5982,C/C(=N/NC(=O)c1cc(-c2ccccc2)[nH]n1)c1cccc(Br)c1,0
ZINC03969874,DUD_p38_D_5983,CC1(C)Cc2c(ccc3ccccc23)C(NNC(=O)c2ccc(Cl)cc2)=[NH+]1,0
ZINC03969906,DUD_p38_D_5984,CC1(C)Cc2ccccc2C(NNC(=O)c2ccc(Br)cc2)=[NH+]1,0
ZINC03969947,DUD_p38_D_5985,C/C(=N\NC(=O)c1cccc(N2CCCC2=O)c1)c1ccc(Br)cc1,0
ZINC03970029,DUD_p38_D_5986,Cc1ccc(N/N=C2/C(=O)N(C(N)=S)N=C2c2ccccc2)c(C)c1,0
ZINC03970032,DUD_p38_D_5987,Cc1cc(C)c(N/N=C2\C(=O)N(C(N)=S)N=C2c2ccccc2)c(C)c1,0
ZINC03970119,DUD_p38_D_5988,Cc1ccc(N2C(=O)NC(=O)/C(=C\c3ccc(-c4ccc(Cl)cc4)o3)C2=O)cc1,0
ZINC03970169,DUD_p38_D_5989,CN1C(=O)C[C@@H](C(=O)Nc2cccc(Cl)c2)S/C1=N/c1ccccc1,0
ZINC03970170,DUD_p38_D_5990,CN1C(=O)C[C@@H](C(=O)Nc2cccc(Cl)c2)S/C1=N\c1ccccc1,0
ZINC03970313,DUD_p38_D_5991,CC1=NC2=C(C(=O)CCC2)[C@H](c2ccc(Cl)cc2)[C@H]1C(=O)Nc1ccccn1,0
ZINC03970313,DUD_p38_D_5992,C=C1N=C2CCCC(=O)[C@H]2[C@H](c2ccc(Cl)cc2)[C@H]1C(=O)Nc1ccccn1,0
ZINC03970313,DUD_p38_D_5993,CC1=C(C(=O)Nc2ccccn2)[C@@H](c2ccc(Cl)cc2)[C@@H]2C(=O)CCCC2=N1,0
ZINC03970313,DUD_p38_D_5994,C=C1N=C2CCCC(=O)[C@H]2[C@H](c2ccc(Cl)cc2)[C@@H]1C(=O)Nc1ccccn1,0
ZINC03970412,DUD_p38_D_5995,CN1C(=O)/C(=C2/Sc3ccccc3N2C)S/C1=N/c1ccc(O)cc1,0
ZINC03970445,DUD_p38_D_5996,C/C(=N\NC(=O)c1csc2ccccc12)c1ccc(N2CCOCC2)cc1,0
ZINC03970485,DUD_p38_D_5997,Cc1cc(-c2ccccc2)sc1C(=O)/C=C1/Nc2ccccc2NC1=O,0
ZINC03970856,DUD_p38_D_5998,CC(=O)c1ccc(N2Cc3ccccc3/C2=N/C(=O)Nc2ccc(Cl)cc2)cc1,0
ZINC03970891,DUD_p38_D_5999,Cc1cc(/C=N\NC(=O)c2cccnc2)c(C)n1-c1ccc(Br)cc1,0
ZINC03971126,DUD_p38_D_6000,Cc1ccc2c(Cl)cc(Cl)c(OCc3nc4ccccc4c(=O)[nH]3)c2n1,0
ZINC03971207,DUD_p38_D_6001,C/C(=N\OC(=O)Nc1ccc(Cl)cc1)c1ccc(-n2ccnc2)cc1,0
ZINC03971207,DUD_p38_D_6002,C/C(=N/OC(=O)Nc1ccc(Cl)cc1)c1ccc(-n2cc[nH+]c2)cc1,0
ZINC03971354,DUD_p38_D_6003,Cc1cc(SCc2nc3ccccc3c(=O)[nH]2)nc2ccccc12,0
ZINC03971354,DUD_p38_D_6004,Cc1cc(SCc2nc(O)c3ccccc3n2)nc2ccccc12,0
ZINC03971519,DUD_p38_D_6005,Cc1ccc(/N=C2/NC(=O)/C(=C\c3c(C)[nH]c4ccccc34)S2)cc1,0
ZINC03971522,DUD_p38_D_6006,Cc1ccc(/N=C2\NC(=O)/C(=C\c3c(C)[nH]c4ccccc34)S2)cc1,0
ZINC03971527,DUD_p38_D_6007,Cc1ccc(/N=C2\NC(=O)/C(=C\c3c(C)[nH]c4ccccc34)S2)cc1,0
ZINC03971598,DUD_p38_D_6008,O=C(/C=C\c1cccs1)NC(=S)N1CCN(c2cccc[nH+]2)CC1,0
ZINC03971665,DUD_p38_D_6009,Cc1ccc(C2=N/C(=C\c3cccs3)C(=O)N2Nc2ccccc2)cc1,0
ZINC03971864,DUD_p38_D_6010,COc1ccc2ccccc2c1/C=C1\C(=O)NN(c2ccc(Cl)cc2)C1=O,0
ZINC03971866,DUD_p38_D_6011,COc1ccc2ccccc2c1/C=C1\C(=O)NN(c2ccc(Cl)cc2)C1=O,0
ZINC03971877,DUD_p38_D_6012,Cc1[nH]c2ccccc2c1/C=C1/S/C(=N\c2ccc(F)cc2)NC1=O,0
ZINC03971880,DUD_p38_D_6013,Cc1[nH]c2ccccc2c1/C=C1\S/C(=N\c2ccc(F)cc2)NC1=O,0
ZINC03971882,DUD_p38_D_6014,Cc1[nH]c2ccccc2c1/C=C1/S/C(=N/c2ccc(F)cc2)NC1=O,0
ZINC03972037,DUD_p38_D_6015,O=C(N/N=C\c1ccc(-c2ccc(Cl)cc2)o1)c1ccc2c(c1)OCCO2,0
ZINC03972355,DUD_p38_D_6016,C/C(=N\NC(=O)c1cc(-c2ccc(Cl)cc2)n[nH]1)c1ccccc1Cl,0
ZINC03972355,DUD_p38_D_6017,C/C(=N/NC(=O)c1cc(-c2ccc(Cl)cc2)[nH]n1)c1ccccc1Cl,0
ZINC03972606,DUD_p38_D_6018,Cc1nn(-c2ccccc2)c(C)c1/C=N/NC(=O)c1cccc(Cl)c1,0
ZINC03974208,DUD_p38_D_6019,Cc1nc(NCCO)c2c(-c3ccc(F)cc3)c(-c3ccncc3)sc2n1,0
ZINC03974955,DUD_p38_D_6020,Cc1c(-c2ccccc2)n[nH]c1C(=O)N/N=C\c1c(F)cccc1Cl,0
ZINC03975048,DUD_p38_D_6021,Cc1ccc(C)c(N/N=C2\C(=O)N(C(N)=S)N=C2c2ccccc2)c1,0
ZINC03975929,DUD_p38_D_6022,C[C@@H]1S/C(=N\N=C\c2c3ccccc3cc3ccccc23)NC1=O,0
ZINC03975973,DUD_p38_D_6023,O=C(N/N=C\c1cccc2ccccc12)[C@@H]1CC(=O)N(c2ccc(F)cc2)C1,0
ZINC03975978,DUD_p38_D_6024,O=C(N/N=C\c1cccc2ccccc12)[C@@H]1CC(=O)N(c2ccc(F)cc2)C1,0
ZINC03977031,DUD_p38_D_6025,Cc1ccc(F)cc1N/C=C(/C#N)c1nc(-c2ccc3c(c2)OCO3)cs1,0
ZINC03977140,DUD_p38_D_6026,Cc1ccc(N/C=C(/C#N)c2nc(-c3ccc4c(c3)OCO4)cs2)cc1F,0
ZINC03977203,DUD_p38_D_6027,CC(C)c1ccc(/C=C2\C(=N)N3N=C(c4ccccc4)SC3=NC2=O)cc1,0
ZINC03977697,DUD_p38_D_6028,O=C(CCl)N/N=C/c1cn(-c2ccccc2)nc1-c1ccccc1,0
ZINC03977700,DUD_p38_D_6029,O=C(N/N=C1/CCCN1)c1cc(-c2ccc(F)cc2)nc2ccccc12,0
ZINC03977701,DUD_p38_D_6030,O=C(N/N=C1\CCCN1)c1cc(-c2ccc(F)cc2)nc2ccccc12,0
ZINC03980427,DUD_p38_D_6031,Cn1c(C2=C(N)N(c3cccc(Br)c3)CC2=O)nc2ccccc21,0
ZINC03980427,DUD_p38_D_6032,Cn1c(C2=C(N)N(c3cccc(Br)c3)CC2=O)[nH+]c2ccccc21,0
ZINC03980684,DUD_p38_D_6033,O=C(Nc1ccc(Br)cc1)c1ccc(N2C(=O)[C@H]3[C@@H]4C=C[C@H](C4)[C@H]3C2=O)cc1,0
ZINC03980688,DUD_p38_D_6034,Cc1ccc(C(=O)N/N=C\c2c(C)nn(-c3ccccc3)c2Cl)cc1,0
ZINC03980816,DUD_p38_D_6035,Cc1nn(-c2ccccc2)c2sc(C(=O)N/N=C/c3cccs3)cc12,0
ZINC03981741,DUD_p38_D_6036,O[C@@H](c1ccccc1)c1nsc(N2CCN(c3cccc[nH+]3)CC2)n1,0
ZINC03982932,DUD_p38_D_6037,CN(C)/C=N\c1c(C#N)cnn1-c1ncnc2sc(-c3ccccc3)cc12,0
ZINC03982934,DUD_p38_D_6038,O=C1NN(c2ccccc2)C(=O)/C1=C\c1ccc(-c2cccc(C(F)(F)F)c2)o1,0
ZINC03982975,DUD_p38_D_6039,C/C(=N/NC(=O)c1ccc(C)cc1)c1cc2cc(Cl)ccc2oc1=O,0
ZINC03982991,DUD_p38_D_6040,Cc1c2c(=O)n(-c3nc4ccccc4s3)nc-2cc(O)n1Cc1ccccc1,0
ZINC03983085,DUD_p38_D_6041,Cc1[nH+]c2ccccc2c(N)c1-c1cc(C)c2c(C)nc3ccccc3c2n1,0
ZINC03983096,DUD_p38_D_6042,Cc1ccc(-c2nn(-c3ccccc3)cc2/C=C2\NC(=S)NC2=O)cc1,0
ZINC03983097,DUD_p38_D_6043,Cc1c(Cl)cccc1NC(=O)c1cccc(N2C(=O)[C@@H]3[C@@H]4C=C[C@@H](C4)[C@@H]3C2=O)c1,0
ZINC03983164,DUD_p38_D_6044,CCc1cccc2c1NC(=O)/C2=N/N=c1\[nH]c(-c2ccccc2)cs1,0
ZINC03983168,DUD_p38_D_6045,CC1=NN(c2ccc(F)cc2)C(=O)/C1=C\c1c(C)nn(-c2ccccc2C)c1O,0
ZINC03983169,DUD_p38_D_6046,CC1=NN(c2ccc(F)cc2)C(=O)/C1=C/c1c(C)nn(-c2ccccc2C)c1O,0
ZINC03983187,DUD_p38_D_6047,O=C1CS/C(=N/N=C/c2cn(-c3ccccc3)nc2-c2ccccc2)N1,0
ZINC03983403,DUD_p38_D_6048,CC(C)NC1=N/C(=C\c2ccccc2)C(=O)N1c1cccc(Cl)c1,0
ZINC03983549,DUD_p38_D_6049,O=C(NCc1ccc(-c2cccs2)s1)c1ccc(N2CCOCC2)[nH+]c1,0
ZINC03983729,DUD_p38_D_6050,Cc1cccc(/N=C2/NC(=O)/C(=C/c3c(O)ccc4ccccc34)S2)c1,0
ZINC03984335,DUD_p38_D_6051,Cc1cc(/C=C2\C(=N)N3N=CSC3=NC2=O)c(C)n1-c1cccc2ccccc12,0
ZINC03984436,DUD_p38_D_6052,Cc1ccc(N/C=C(/C#N)c2nc(-c3ccc4c(c3)OCO4)cs2)cc1,0
ZINC03984437,DUD_p38_D_6053,Cc1ccccc1N/C=C(/C#N)c1nc(-c2ccc3c(c2)OCO3)cs1,0
ZINC03986896,DUD_p38_D_6054,Nc1cc2c(ccc(=O)n2-c2ccccc2Cl)c(-c2ccccc2Cl)[nH+]1,0
ZINC03988273,DUD_p38_D_6055,CC(=O)Nc1ccc2c(c1)/C(=C/c1cccn1-c1cccc(Cl)c1)C(=O)N2,0
ZINC03988832,DUD_p38_D_6056,Cc1cc2nc(Nc3ccc(Oc4ccccc4)cc3)oc(=O)c2s1,0
ZINC03988886,DUD_p38_D_6057,Cn1ncc2cc(Nc3ncc(F)c(Nc4ccc5c(cnn5C)c4)n3)ccc21,0
ZINC03990209,DUD_p38_D_6058,CC1=NC2=C(C(=O)CCC2)[C@H](c2ccccc2Cl)[C@H]1C(=O)Nc1ccccc1F,0
ZINC03990209,DUD_p38_D_6059,CC1=C(C(=O)Nc2ccccc2F)[C@@H](c2ccccc2Cl)[C@H]2C(=O)CCCC2=N1,0
ZINC03990209,DUD_p38_D_6060,C=C1N=C2CCCC(=O)[C@H]2[C@@H](c2ccccc2Cl)[C@H]1C(=O)Nc1ccccc1F,0
ZINC03990209,DUD_p38_D_6061,C=C1N=C2CCCC(=O)[C@@H]2[C@H](c2ccccc2Cl)[C@H]1C(=O)Nc1ccccc1F,0
ZINC03990215,DUD_p38_D_6062,CC1=NC2=C(C(=O)CCC2)[C@H](c2cccs2)[C@@H]1C(=O)Nc1ccccc1F,0
ZINC03990215,DUD_p38_D_6063,CC1=C(C(=O)Nc2ccccc2F)[C@@H](c2cccs2)[C@@H]2C(=O)CCCC2=N1,0
ZINC03990215,DUD_p38_D_6064,C=C1N=C2CCCC(=O)[C@@H]2[C@@H](c2cccs2)[C@H]1C(=O)Nc1ccccc1F,0
ZINC03990215,DUD_p38_D_6065,C=C1N=C2CCCC(=O)[C@@H]2[C@@H](c2cccs2)[C@@H]1C(=O)Nc1ccccc1F,0
ZINC03990216,DUD_p38_D_6066,CC1=NC2=C(C(=O)CCC2)[C@@H](c2cccs2)[C@@H]1C(=O)Nc1ccccc1F,0
ZINC03990216,DUD_p38_D_6067,CC1=C(C(=O)Nc2ccccc2F)[C@H](c2cccs2)[C@H]2C(=O)CCCC2=N1,0
ZINC03990216,DUD_p38_D_6068,C=C1N=C2CCCC(=O)[C@H]2[C@H](c2cccs2)[C@@H]1C(=O)Nc1ccccc1F,0
ZINC03990216,DUD_p38_D_6069,C=C1N=C2CCCC(=O)[C@H]2[C@H](c2cccs2)[C@H]1C(=O)Nc1ccccc1F,0
ZINC03991623,DUD_p38_D_6070,NC(=O)c1c(Cl)c(-c2ccccc2)n2c1CN(c1nc3ccccc3o1)CC2,0
ZINC03992740,DUD_p38_D_6071,Cc1nc2ccccc2c(=O)n1/N=C\c1cc(Br)c2ccccc2c1O,0
ZINC03993027,DUD_p38_D_6072,COC(=O)c1cccc2c(/C=N\N=c3\[nH]nc(Cl)c4ccccc34)c[nH]c12,0
ZINC03993030,DUD_p38_D_6073,COC(=O)c1cccc2c(/C=N\N=c3\[nH]nc(Cl)c4ccccc34)c[nH]c12,0
ZINC03993104,DUD_p38_D_6074,Cc1nn(-c2ccccc2)c(Cl)c1/C=N\NC(=O)[C@H]1COc2ccccc2O1,0
ZINC03993105,DUD_p38_D_6075,Cc1nn(-c2ccccc2)c(Cl)c1/C=N/NC(=O)[C@H]1COc2ccccc2O1,0
ZINC03995220,DUD_p38_D_6076,O=C(/N=C1\N=C2N=CC=CN2Cc2ccccc21)Nc1ccc(Cl)cc1,0
ZINC03995230,DUD_p38_D_6077,O=C(/N=C1\N=C2C=CC(Cl)=CN2Cc2ccccc21)Nc1ccccc1,0
ZINC03995231,DUD_p38_D_6078,O=C(/N=C1/N=C2C=CC(Cl)=CN2Cc2ccccc21)Nc1ccccc1,0
ZINC03995232,DUD_p38_D_6079,O=C(/N=C1\N=C2C=CC(Br)=CN2Cc2ccccc21)Nc1ccccc1,0
ZINC03995233,DUD_p38_D_6080,O=C(/N=C1/N=C2C=CC(Br)=CN2Cc2ccccc21)Nc1ccccc1,0
ZINC03995471,DUD_p38_D_6081,CCOC(=O)N/N=C\c1cn(-c2cccs2)nc1-c1ccccc1,0
ZINC03995715,DUD_p38_D_6082,Cc1nc([S-])c(C#N)c(-c2ccccc2)c1C(=O)Nc1ccccc1,0
ZINC03997654,DUD_p38_D_6083,Cc1ccc(C)n1-c1ccc(NS(=O)(=O)c2ccc(Br)cc2)cc1,0
ZINC03998900,DUD_p38_D_6084,COc1cccc(NC(=S)N/N=C2\C(=O)c3cccc4cccc2c34)c1,0
ZINC03998901,DUD_p38_D_6085,COc1cccc(NC(=S)N/N=C2/C(=O)c3cccc4cccc2c34)c1,0
ZINC03999740,DUD_p38_D_6086,O=C(/C=C/c1ccc(Cl)cc1)NC(=S)N1CCCC[C@H]1c1cccnc1,0
ZINC04000605,DUD_p38_D_6087,O=C1/C(=N/NC(=S)NCc2ccccc2)c2cccc3cccc1c23,0
ZINC04000621,DUD_p38_D_6088,Cc1ccsc1/C=N/NC(=O)c1cc(-c2cccs2)nc2ccccc12,0
ZINC04001005,DUD_p38_D_6089,COc1ccc(/N=c2\ncc3c([nH]2)C[C@H](c2cccc(Cl)c2)CC3=O)cc1,0
ZINC04001006,DUD_p38_D_6090,COc1ccc(/N=c2/ncc3c([nH]2)C[C@@H](c2cccc(Cl)c2)CC3=O)cc1,0
ZINC04001019,DUD_p38_D_6091,CC1(C)CC(=O)[C@H]2C(=Nc3nn(-c4ccccc4)c(O)c3[C@@H]2c2ccccc2F)C1,0
ZINC04001020,DUD_p38_D_6092,CC1(C)CC(=O)[C@@H]2C(=Nc3nn(-c4ccccc4)c(O)c3[C@H]2c2ccccc2F)C1,0
ZINC04001030,DUD_p38_D_6093,O=C1CCCC2=Nc3nn(-c4ccccc4)c(O)c3[C@H](c3ccc(F)cc3)[C@H]12,0
ZINC04001031,DUD_p38_D_6094,O=C1CCCC2=Nc3nn(-c4ccccc4)c(O)c3[C@H](c3ccc(F)cc3)[C@@H]12,0
ZINC04001042,DUD_p38_D_6095,O=C1C[C@@H](c2ccco2)Cc2[nH]/c(=N\c3cccc(C(F)(F)F)c3)ncc21,0
ZINC04001061,DUD_p38_D_6096,COc1ccc(/N=c2/ncc3c([nH]2)C[C@@H](c2ccc(F)cc2)CC3=O)cc1,0
ZINC04001062,DUD_p38_D_6097,COc1ccc(/N=c2/ncc3c([nH]2)C[C@@H](c2ccc(F)cc2)CC3=O)cc1,0
ZINC04001065,DUD_p38_D_6098,Cc1cccc(/N=c2\ncc3c([nH]2)C[C@@H](c2ccc(F)cc2)CC3=O)c1,0
ZINC04001066,DUD_p38_D_6099,Cc1cccc(/N=c2\ncc3c([nH]2)C[C@@H](c2ccc(F)cc2)CC3=O)c1,0
ZINC04001072,DUD_p38_D_6100,CCc1ccc(/N=c2\ncc3c([nH]2)C[C@@H](c2ccccc2)CC3=O)cc1,0
ZINC04001084,DUD_p38_D_6101,Cc1ccc(/N=c2\ncc3c([nH]2)C[C@H](c2ccc(F)cc2)CC3=O)cc1,0
ZINC04001085,DUD_p38_D_6102,Cc1ccc(/N=c2\ncc3c([nH]2)C[C@H](c2ccc(F)cc2)CC3=O)cc1,0
ZINC04001132,DUD_p38_D_6103,COc1ccc(/N=c2/ncc3c([nH]2)C[C@H](c2cccs2)CC3=O)cc1,0
ZINC04001133,DUD_p38_D_6104,COc1ccc(/N=c2\ncc3c([nH]2)C[C@@H](c2cccs2)CC3=O)cc1,0
ZINC04001146,DUD_p38_D_6105,CCc1ccc(/N=c2\ncc3c([nH]2)C[C@@H](c2ccc(F)cc2)CC3=O)cc1,0
ZINC04001147,DUD_p38_D_6106,CCc1ccc(/N=c2\ncc3c([nH]2)C[C@H](c2ccc(F)cc2)CC3=O)cc1,0
ZINC04001156,DUD_p38_D_6107,Cc1ccc(/N=c2\nc[nH]c3c2cnn3-c2ccc(Cl)cc2)c(C)c1,0
ZINC04001175,DUD_p38_D_6108,Cc1ccc(/N=c2\ncc3c([nH]2)C[C@H](c2ccc(F)cc2)CC3=O)c(C)c1,0
ZINC04001176,DUD_p38_D_6109,Cc1ccc(/N=c2/ncc3c([nH]2)C[C@@H](c2ccc(F)cc2)CC3=O)c(C)c1,0
ZINC04001189,DUD_p38_D_6110,CCc1ccc(/N=c2/ncc3c([nH]2)C[C@@H](c2ccc(Cl)cc2)CC3=O)cc1,0
ZINC04001190,DUD_p38_D_6111,CCc1ccc(/N=c2/ncc3c([nH]2)C[C@@H](c2ccc(Cl)cc2)CC3=O)cc1,0
ZINC04001251,DUD_p38_D_6112,COc1ccccc1/N=c1/nc[nH]c2c1cnn2-c1ccc(Cl)cc1,0
ZINC04001266,DUD_p38_D_6113,Cc1cccc(-n2ncc3/c(=N/c4ccc(I)cc4)nc[nH]c32)c1,0
ZINC04001491,DUD_p38_D_6114,Cc1cccc(N2C(=O)CS/C2=N\NC(=O)c2cccc(Cl)c2)c1,0
ZINC04003948,DUD_p38_D_6115,COc1ccc(-c2cn3cccnc3n2)cc1NC(=O)c1ccc(Br)o1,0
ZINC04003948,DUD_p38_D_6116,COc1ccc(-c2cn3cccnc3[nH+]2)cc1NC(=O)c1ccc(Br)o1,0
ZINC04003958,DUD_p38_D_6117,COc1ccc(-c2cn3c(C)c(C(=O)Nc4cccc(C)n4)sc3n2)cc1,0
ZINC04003958,DUD_p38_D_6118,COc1ccc(-c2cn3c(C)c(C(=O)Nc4cccc(C)n4)sc3[nH+]2)cc1,0
ZINC04004099,DUD_p38_D_6119,O=c1cc(N2CCc3ccccc3C2)[nH]c(=O)n1Cc1ccc(F)cc1,0
ZINC04004533,DUD_p38_D_6120,O=c1cc(N2CCc3ccccc3C2)[nH]c(=O)n1-c1ccc(Cl)cc1,0
ZINC04004568,DUD_p38_D_6121,Cc1cccc(NC(=O)c2sc3nc(-c4ccc(F)cc4)cn3c2C)n1,0
ZINC04004568,DUD_p38_D_6122,Cc1cccc(NC(=O)c2sc3[nH+]c(-c4ccc(F)cc4)cn3c2C)n1,0
ZINC04004675,DUD_p38_D_6123,Cc1c(C(=O)Nc2ccc3c(c2)OCCO3)sc2nc(-c3ccccc3)cn12,0
ZINC04004675,DUD_p38_D_6124,Cc1c(C(=O)Nc2ccc3c(c2)OCCO3)sc2[nH+]c(-c3ccccc3)cn12,0
ZINC04004712,DUD_p38_D_6125,Cc1ccc(-c2cn3cccnc3n2)cc1NC(=O)c1ccc(Br)o1,0
ZINC04004712,DUD_p38_D_6126,Cc1ccc(-c2cn3cccnc3[nH+]2)cc1NC(=O)c1ccc(Br)o1,0
ZINC04004941,DUD_p38_D_6127,Cc1c(C(=O)NCc2ccccn2)sc2nc(-c3ccc(F)cc3)cn12,0
ZINC04004941,DUD_p38_D_6128,Cc1c(C(=O)NCc2ccccn2)sc2[nH+]c(-c3ccc(F)cc3)cn12,0
ZINC04004981,DUD_p38_D_6129,Cc1c(C(=O)Nc2ccc3c(c2)OCO3)sc2nc(-c3ccccc3)cn12,0
ZINC04004981,DUD_p38_D_6130,Cc1c(C(=O)Nc2ccc3c(c2)OCO3)sc2[nH+]c(-c3ccccc3)cn12,0
ZINC04005003,DUD_p38_D_6131,O=c1cc(N2CCN(c3ccccc3)CC2)[nH]c(=O)n1-c1ccccc1Cl,0
ZINC04005011,DUD_p38_D_6132,O=c1cc(N2CCc3ccccc3C2)[nH]c(=O)n1-c1ccc(Br)cc1,0
ZINC04005336,DUD_p38_D_6133,Cn1nc(C(=O)Nc2c(-c3ccccc3)nc3sccn23)c2ccccc2c1=O,0
ZINC04005336,DUD_p38_D_6134,Cn1nc(C(=O)Nc2c(-c3ccccc3)[nH+]c3sccn23)c2ccccc2c1=O,0
ZINC04005656,DUD_p38_D_6135,CC1(C)Cc2[nH+]c3ccccc3c(NCc3ccc(Cl)cc3)c2[C@H](O)C1,0
ZINC04005657,DUD_p38_D_6136,CC1(C)Cc2[nH+]c3ccccc3c(NCc3ccc(Cl)cc3)c2[C@H](O)C1,0
ZINC04006669,DUD_p38_D_6137,Cc1nc([S-])c(C#N)c(-c2cccs2)c1C(=O)Nc1ccccc1,0
ZINC04009838,DUD_p38_D_6138,COc1cc(-c2nc3ccccn3c2/N=C/c2ccc(F)cc2)ccc1O,0
ZINC04009838,DUD_p38_D_6139,COc1cc(-c2[nH+]c3ccccn3c2/N=C/c2ccc(F)cc2)ccc1O,0
ZINC04023808,DUD_p38_D_6140,Cc1cc(C)c2c(n1)sc1c(=O)[nH]c(SCc3ccccc3)nc12,0
ZINC04023808,DUD_p38_D_6141,Cc1cc(C)c2c(n1)sc1c(=O)nc(SCc3ccccc3)[nH]c12,0
ZINC04029918,DUD_p38_D_6142,O=c1c2[nH]c3ccc(Cl)cc3c2ncn1CCc1cc2ccccc2[nH]1,0
ZINC04030219,DUD_p38_D_6143,COc1ccc([C@@H]2CC(c3ccccc3)=NN2c2ccc(N)cc2)cc1,0
ZINC04030232,DUD_p38_D_6144,Cc1ccc(-c2nc3ncccc3o2)cc1NC(=O)c1ccc(Br)o1,0
ZINC04031736,DUD_p38_D_6145,CCOC(=O)c1sc(NC(=O)c2ccc(F)cc2)nc1-c1ccccc1,0
ZINC04032132,DUD_p38_D_6146,CSC1=C(C#N)[C@H](c2ccccc2Cl)[C@@H](C(=O)Nc2ccccc2)C(C)=N1,0
ZINC04032132,DUD_p38_D_6147,CSC1=NC(C)=C(C(=O)Nc2ccccc2)[C@H](c2ccccc2Cl)[C@@H]1C#N,0
ZINC04032488,DUD_p38_D_6148,O=C(CSc1nccn1-c1ccccc1)Nc1nc2ccccc2s1,0
ZINC04032488,DUD_p38_D_6149,O=C(CSc1[nH+]ccn1-c1ccccc1)Nc1nc2ccccc2s1,0
ZINC04032490,DUD_p38_D_6150,COc1ccc(Cl)cc1NC(=O)CSc1nccn1-c1ccccc1,0
ZINC04032490,DUD_p38_D_6151,COc1ccc(Cl)cc1NC(=O)CSc1[nH+]ccn1-c1ccccc1,0
ZINC04032635,DUD_p38_D_6152,O=C(CSc1nccn1-c1ccc(F)cc1)Nc1nc2ccccc2s1,0
ZINC04032635,DUD_p38_D_6153,O=C(CSc1[nH+]ccn1-c1ccc(F)cc1)Nc1nc2ccccc2s1,0
ZINC04032657,DUD_p38_D_6154,O=C(CSc1nccn1-c1cccc(Cl)c1)Nc1ccc2c(c1)OCCO2,0
ZINC04032657,DUD_p38_D_6155,O=C(CSc1[nH+]ccn1-c1cccc(Cl)c1)Nc1ccc2c(c1)OCCO2,0
ZINC04032978,DUD_p38_D_6156,COc1ccc(NC(=O)c2sc3nc(-c4ccccc4)cn3c2C)cc1,0
ZINC04032978,DUD_p38_D_6157,COc1ccc(NC(=O)c2sc3[nH+]c(-c4ccccc4)cn3c2C)cc1,0
ZINC04032979,DUD_p38_D_6158,Cc1c(C(=O)Nc2nc3ccccc3s2)sc2[nH+]c(-c3ccccc3)cn12,0
ZINC04032980,DUD_p38_D_6159,COc1ccc(-c2cn3c(C)c(C(=O)Nc4nccs4)sc3n2)cc1,0
ZINC04032980,DUD_p38_D_6160,COc1ccc(-c2cn3c(C)c(C(=O)Nc4nccs4)sc3[nH+]2)cc1,0
ZINC04033028,DUD_p38_D_6161,O=C(Nc1cccc(-c2cn3cccnc3n2)c1)c1c(F)cccc1F,0
ZINC04033028,DUD_p38_D_6162,O=C(Nc1cccc(-c2cn3cccnc3[nH+]2)c1)c1c(F)cccc1F,0
ZINC04033030,DUD_p38_D_6163,O=C(Nc1cccc(-c2cn3cccnc3n2)c1)c1ccccc1C(F)(F)F,0
ZINC04033030,DUD_p38_D_6164,O=C(Nc1cccc(-c2cn3cccnc3[nH+]2)c1)c1ccccc1C(F)(F)F,0
ZINC04033045,DUD_p38_D_6165,O=C(Cc1cccs1)Nc1cccc(-c2cn3cccnc3n2)c1,0
ZINC04033045,DUD_p38_D_6166,O=C(Cc1cccs1)Nc1cccc(-c2cn3cccnc3[nH+]2)c1,0
ZINC04033082,DUD_p38_D_6167,Cc1ccc(-c2cn3cccnc3n2)cc1NC(=O)c1ccccc1F,0
ZINC04033082,DUD_p38_D_6168,Cc1ccc(-c2cn3cccnc3[nH+]2)cc1NC(=O)c1ccccc1F,0
ZINC04033085,DUD_p38_D_6169,Cc1ccc(-c2cn3cccnc3n2)cc1NC(=O)c1ccccc1Cl,0
ZINC04033085,DUD_p38_D_6170,Cc1ccc(-c2cn3cccnc3[nH+]2)cc1NC(=O)c1ccccc1Cl,0
ZINC04033088,DUD_p38_D_6171,Cc1ccc(-c2cn3cccnc3n2)cc1NC(=O)c1ccccc1Br,0
ZINC04033088,DUD_p38_D_6172,Cc1ccc(-c2cn3cccnc3[nH+]2)cc1NC(=O)c1ccccc1Br,0
ZINC04033091,DUD_p38_D_6173,Cc1ccc(-c2cn3cccnc3n2)cc1NC(=O)c1c(F)cccc1F,0
ZINC04033091,DUD_p38_D_6174,Cc1ccc(-c2cn3cccnc3[nH+]2)cc1NC(=O)c1c(F)cccc1F,0
ZINC04033093,DUD_p38_D_6175,Cc1ccc(-c2cn3cccnc3n2)cc1NC(=O)c1ccccc1C(F)(F)F,0
ZINC04033093,DUD_p38_D_6176,Cc1ccc(-c2cn3cccnc3[nH+]2)cc1NC(=O)c1ccccc1C(F)(F)F,0
ZINC04033098,DUD_p38_D_6177,Cc1ccc(-c2cn3cccnc3n2)cc1NC(=O)COc1ccc(Cl)cc1,0
ZINC04033098,DUD_p38_D_6178,Cc1ccc(-c2cn3cccnc3[nH+]2)cc1NC(=O)COc1ccc(Cl)cc1,0
ZINC04033105,DUD_p38_D_6179,Cc1ccc(-c2cn3cccnc3n2)cc1NC(=O)Cc1ccc(Cl)cc1,0
ZINC04033105,DUD_p38_D_6180,Cc1ccc(-c2cn3cccnc3[nH+]2)cc1NC(=O)Cc1ccc(Cl)cc1,0
ZINC04033109,DUD_p38_D_6181,Cc1ccc(-c2cn3cccnc3n2)cc1NC(=O)Cc1cccs1,0
ZINC04033109,DUD_p38_D_6182,Cc1ccc(-c2cn3cccnc3[nH+]2)cc1NC(=O)Cc1cccs1,0
ZINC04033112,DUD_p38_D_6183,Cc1ccc(-c2cn3cccnc3n2)cc1NC(=O)c1cccs1,0
ZINC04033112,DUD_p38_D_6184,Cc1ccc(-c2cn3cccnc3[nH+]2)cc1NC(=O)c1cccs1,0
ZINC04033143,DUD_p38_D_6185,COc1ccc(-c2cn3cccnc3n2)cc1NC(=O)c1ccccc1F,0
ZINC04033143,DUD_p38_D_6186,COc1ccc(-c2cn3cccnc3[nH+]2)cc1NC(=O)c1ccccc1F,0
ZINC04033146,DUD_p38_D_6187,COc1ccc(-c2cn3cccnc3n2)cc1NC(=O)c1ccccc1Cl,0
ZINC04033146,DUD_p38_D_6188,COc1ccc(-c2cn3cccnc3[nH+]2)cc1NC(=O)c1ccccc1Cl,0
ZINC04033149,DUD_p38_D_6189,COc1ccc(-c2cn3cccnc3n2)cc1NC(=O)c1c(F)cccc1F,0
ZINC04033149,DUD_p38_D_6190,COc1ccc(-c2cn3cccnc3[nH+]2)cc1NC(=O)c1c(F)cccc1F,0
ZINC04033151,DUD_p38_D_6191,COc1ccc(-c2cn3cccnc3n2)cc1NC(=O)c1c(F)cccc1Cl,0
ZINC04033151,DUD_p38_D_6192,COc1ccc(-c2cn3cccnc3[nH+]2)cc1NC(=O)c1c(F)cccc1Cl,0
ZINC04033152,DUD_p38_D_6193,COc1ccc(-c2cn3cccnc3n2)cc1NC(=O)c1ccccc1C(F)(F)F,0
ZINC04033152,DUD_p38_D_6194,COc1ccc(-c2cn3cccnc3[nH+]2)cc1NC(=O)c1ccccc1C(F)(F)F,0
ZINC04033162,DUD_p38_D_6195,COc1ccc(-c2cn3cccnc3n2)cc1NC(=O)Cc1ccc(Cl)cc1,0
ZINC04033162,DUD_p38_D_6196,COc1ccc(-c2cn3cccnc3[nH+]2)cc1NC(=O)Cc1ccc(Cl)cc1,0
ZINC04033166,DUD_p38_D_6197,COc1ccc(-c2cn3cccnc3n2)cc1NC(=O)c1cccs1,0
ZINC04033166,DUD_p38_D_6198,COc1ccc(-c2cn3cccnc3[nH+]2)cc1NC(=O)c1cccs1,0
ZINC04033633,DUD_p38_D_6199,O=c1cc(N2CCN(c3ccccc3)CC2)[nH]c(=O)n1Cc1ccc(F)cc1,0
ZINC04033634,DUD_p38_D_6200,O=c1cc(N2CCN(c3ccccc3Cl)CC2)[nH]c(=O)n1Cc1ccc(F)cc1,0
ZINC04033635,DUD_p38_D_6201,O=c1cc(N2CCN(c3ccccc3F)CC2)[nH]c(=O)n1Cc1ccc(F)cc1,0
ZINC04033706,DUD_p38_D_6202,O=c1cc(N2CCN(c3ccccc3)CC2)[nH]c(=O)n1-c1ccccc1F,0
ZINC04033722,DUD_p38_D_6203,COc1ccccc1NC(=S)N1CCc2nc[nH]c2[C@H]1c1ccc(F)cc1,0
ZINC04033722,DUD_p38_D_6204,COc1ccccc1NC(=S)N1CCc2[nH+]c[nH]c2[C@H]1c1ccc(F)cc1,0
ZINC04033722,DUD_p38_D_6205,COc1ccccc1NC(=S)N1CCc2[nH]cnc2[C@H]1c1ccc(F)cc1,0
ZINC04033728,DUD_p38_D_6206,COc1ccc(OC)c(NC(=S)N2CCc3nc[nH]c3[C@H]2c2ccc(F)cc2)c1,0
ZINC04033728,DUD_p38_D_6207,COc1ccc(OC)c(NC(=S)N2CCc3[nH+]c[nH]c3[C@@H]2c2ccc(F)cc2)c1,0
ZINC04033728,DUD_p38_D_6208,COc1ccc(OC)c(NC(=S)N2CCc3[nH]cnc3[C@@H]2c2ccc(F)cc2)c1,0
ZINC04033770,DUD_p38_D_6209,O=C(Nc1c(-c2ccccc2)nc2ncccn12)c1cccc(C(F)(F)F)c1,0
ZINC04033770,DUD_p38_D_6210,O=C(Nc1c(-c2ccccc2)[nH+]c2ncccn12)c1cccc(C(F)(F)F)c1,0
ZINC04033773,DUD_p38_D_6211,Cc1ccc(-c2nc3ncccn3c2NC(=O)Cc2ccccc2)cc1,0
ZINC04033773,DUD_p38_D_6212,Cc1ccc(-c2[nH+]c3ncccn3c2NC(=O)Cc2ccccc2)cc1,0
ZINC04033776,DUD_p38_D_6213,Cc1ccc(-c2nc3ncccn3c2NC(=O)c2cccc(C(F)(F)F)c2)cc1,0
ZINC04033776,DUD_p38_D_6214,Cc1ccc(-c2[nH+]c3ncccn3c2NC(=O)c2cccc(C(F)(F)F)c2)cc1,0
ZINC04034028,DUD_p38_D_6215,O=C(Nc1cccc(-c2[nH]c3ccccc3[nH+]2)c1)c1ccc(Cl)s1,0
ZINC04035124,DUD_p38_D_6216,COc1cccc(-c2nn(C)c3sc(C(=O)NCc4ccco4)cc23)c1,0
ZINC04035225,DUD_p38_D_6217,O=C1CCCC2=C1[C@@H](c1cccs1)n1nc(SCc3ccccc3F)nc1N2,0
ZINC04036920,DUD_p38_D_6218,CC(C)[C@H](C(=O)Nc1ccc(F)c(Cl)c1)N1C(=O)c2ccccc2C1=O,0
ZINC04038723,DUD_p38_D_6219,Cc1ccc2[nH+]c(-c3ccccc3O)c(Nc3ccc4c(c3)OCCO4)n2c1,0
ZINC04039002,DUD_p38_D_6220,COC(=O)c1sccc1-c1ccc(C(=O)Nc2cccc(Cl)c2)o1,0
ZINC04039417,DUD_p38_D_6221,Cc1nc(SCc2nc3ccccc3[nH]2)c2oc3ccccc3c2n1,0
ZINC04039417,DUD_p38_D_6222,Cc1nc(SCc2[nH]c3ccccc3[nH+]2)c2oc3ccccc3c2n1,0
ZINC04050958,DUD_p38_D_6223,Cc1ccc(C)n1-c1ccccc1CNS(=O)(=O)c1ccc(Cl)cc1,0
ZINC04053015,DUD_p38_D_6224,N#CC1=C(Nc2ccccc2)SC=C(c2ccccc2)N=C1N1CCOCC1,0
ZINC04057033,DUD_p38_D_6225,COc1cccc(-c2nn(C)c3sc(C(=O)NCc4ccccn4)cc23)c1,0
ZINC04057284,DUD_p38_D_6226,Cc1cc2c(cc(C(=O)NCc3cccnc3)n2Cc2ccc(Cl)cc2)o1,0
ZINC04058639,DUD_p38_D_6227,Cc1nn(Cc2ccccc2)c2sc(C(=O)NCc3cccnc3)cc12,0
ZINC04059252,DUD_p38_D_6228,Cc1cccc(-n2c(CNC(=O)c3cccc4ccccc34)n[nH]c2=S)c1,0
ZINC04059358,DUD_p38_D_6229,CSc1nnc(CNC(=O)c2cccc3ccccc23)n1-c1ccccc1,0
ZINC04059361,DUD_p38_D_6230,CSc1nnc(CNC(=O)c2cccc3ccccc23)n1-c1cccc(Cl)c1,0
ZINC04059434,DUD_p38_D_6231,COc1ccccc1NC(=S)N1CCn2cccc2[C@@H]1c1ccc([N+](=O)[O-])cc1,0
ZINC04059456,DUD_p38_D_6232,S=C(NCc1ccccc1)N1CCn2cccc2[C@H]1c1ccncc1,0
ZINC04060826,DUD_p38_D_6233,COC(=O)c1sccc1-n1cccc1C(=O)NCc1ccccc1,0
ZINC04061601,DUD_p38_D_6234,Cc1cc2cc(CNS(=O)(=O)c3ccc4ccccc4c3)ccc2n1C,0
ZINC04061611,DUD_p38_D_6235,CCn1c(SCc2cccnc2)nnc1-c1c[nH]c2ccccc12,0
ZINC04061635,DUD_p38_D_6236,C#CCSc1nnc(-c2c[nH]c3ccccc23)n1-c1ccc(F)cc1,0
ZINC04061637,DUD_p38_D_6237,COC(=O)CSc1nnc(-c2c[nH]c3ccccc23)n1-c1ccc(F)cc1,0
ZINC04063013,DUD_p38_D_6238,CN(C)c1ccc(C(=O)Nc2ccc(-c3nc4cccnc4s3)cc2)cc1,0
ZINC04063077,DUD_p38_D_6239,Cc1cc(-c2nc3cccnc3s2)ccc1NC(=O)c1cccnc1Cl,0
ZINC04064571,DUD_p38_D_6240,O=C(Nc1ccccc1)c1c(NC(=S)Nc2ccccc2)sc2c1CCC2,0
ZINC04070310,DUD_p38_D_6241,Cc1ccc(-c2csc(NNC(=O)c3cccc(Br)c3)n2)cc1,0
ZINC04070465,DUD_p38_D_6242,O=C(Nc1cccc(OC(=O)c2ccc(F)cc2)c1)c1ccc(F)cc1,0
ZINC04070526,DUD_p38_D_6243,O=c1c(Br)c(N/N=C\c2ccc(F)cc2)cnn1-c1ccccc1,0
ZINC04070804,DUD_p38_D_6244,Cc1onc(-c2ccccc2Cl)c1C(=O)NC[C@@H]1COc2ccccc2O1,0
ZINC04072269,DUD_p38_D_6245,O=C(Cc1cccc2ccccc12)Nc1nnc(-c2ccccc2)s1,0
ZINC04074816,DUD_p38_D_6246,Clc1ccc([C@H]2C[C@H](c3cccnc3)Nc3[nH+]c4ccccc4n32)cc1,0
ZINC04074826,DUD_p38_D_6247,Clc1ccc([C@H]2C[C@@H](c3cccnc3)Nc3[nH+]c4ccccc4n32)cc1,0
ZINC04075768,DUD_p38_D_6248,CCN1C(=O)c2cccc3c(NC(=O)COc4ccc(Cl)cc4)ccc1c23,0
ZINC04077253,DUD_p38_D_6249,COc1ccc(-n2nc3c(c2NC(=O)c2cccc4ccccc24)CSC3)cc1,0
ZINC04077254,DUD_p38_D_6250,O=C(Nc1c2c(nn1-c1ccccc1)CSC2)c1cccc2ccccc12,0
ZINC04077524,DUD_p38_D_6251,CC(=O)NC(=O)c1cc2ccccc2o/c1=N\c1ccc(C(F)(F)F)cc1,0
ZINC04077624,DUD_p38_D_6252,Cc1ccc(-c2csc(NC(=O)c3cc(=O)c4ccccc4o3)n2)c(C)c1,0
ZINC04078375,DUD_p38_D_6253,Cc1ccc(-c2ccc(C(=O)NCc3cccnc3)o2)cc1Cl,0
ZINC04088390,DUD_p38_D_6254,Cc1sc(NC(=O)[C@@H]2COc3ccccc3O2)nc1-c1ccccc1,0
ZINC04088394,DUD_p38_D_6255,Cc1sc(NC(=O)c2ccc3ncsc3c2)nc1-c1ccccc1,0
ZINC04088571,DUD_p38_D_6256,O=C(Nc1nc2c(s1)CSc1ccccc1-2)[C@H]1COc2ccccc2O1,0
ZINC04088579,DUD_p38_D_6257,O=C(Nc1nc2c(s1)Cc1ccccc1-2)[C@H]1COc2ccccc2O1,0
ZINC04091631,DUD_p38_D_6258,CC(C)CC(=O)NC(=S)Nc1ccc(-c2nc3ncccc3o2)cc1,0
ZINC04093795,DUD_p38_D_6259,O=C1C(Nc2ccc(Cl)cc2)=C(N2CCCCC2)C(=O)c2ccccc21,0
ZINC04094420,DUD_p38_D_6260,O=c1[nH]c(-c2ccc(-c3ccccc3)o2)nc2sc3c(c12)CCCC3,0
ZINC04094420,DUD_p38_D_6261,O=c1nc(-c2ccc(-c3ccccc3)o2)[nH]c2sc3c(c12)CCCC3,0
ZINC04094602,DUD_p38_D_6262,COc1cc(-c2nc3ccccn3c2/N=C\c2cccc(F)c2)ccc1O,0
ZINC04094602,DUD_p38_D_6263,COc1cc(-c2[nH+]c3ccccn3c2/N=C/c2cccc(F)c2)ccc1O,0
ZINC04101736,DUD_p38_D_6264,O=C(Nc1c(C(=O)Nc2cccc(F)c2)oc2ccccc12)c1ccc2c(c1)OCO2,0
ZINC04103147,DUD_p38_D_6265,Cc1cc(NCCCn2ccnc2)n2nc(-c3ccc(F)cc3)cc2n1,0
ZINC04103147,DUD_p38_D_6266,Cc1cc(NCCCn2cc[nH+]c2)n2nc(-c3ccc(F)cc3)cc2n1,0
ZINC04104150,DUD_p38_D_6267,CCOc1ccc(N2C(=O)c3cccnc3[C@@H]2Nc2ccc(F)cc2)cc1,0
ZINC04107347,DUD_p38_D_6268,O=C(Nc1nnc(-c2ccc3c(c2)CCCC3)o1)c1ccccc1Br,0
ZINC04107409,DUD_p38_D_6269,O=C(Nc1nnc(-c2ccc3c(c2)CCCC3)o1)c1ccccc1Cl,0
ZINC04108175,DUD_p38_D_6270,COc1ccc(Cl)cc1C(=O)Nc1cc(C)c2c(=O)oc3ccccc3c2n1,0
ZINC04108177,DUD_p38_D_6271,Cc1cc(NC(=O)c2cccc(C(F)(F)F)c2)nc2c1c(=O)oc1ccccc12,0
ZINC04108183,DUD_p38_D_6272,Cc1cc(NC(=O)c2cccc(Cl)c2)nc2c1c(=O)oc1ccccc12,0
ZINC04108188,DUD_p38_D_6273,Cc1cc(NC(=O)c2cccc(Br)c2)nc2c1c(=O)oc1ccccc12,0
ZINC04108252,DUD_p38_D_6274,O=C(Oc1ccc([C@@H]2N=C(O)c3ccccc3N2)cc1)c1ccccc1Cl,0
ZINC04108458,DUD_p38_D_6275,Cc1ccc2nc(NC(=O)CSc3c[nH]c4ccccc34)sc2c1,0
ZINC04108882,DUD_p38_D_6276,O=C1c2ccccc2[C@@H]2SC/C(=N\Nc3ccccc3)c3ccsc3CN12,0
ZINC04109527,DUD_p38_D_6277,O=C1Nc2ccccc2/C1=N\N=C1\CCCc2c1[nH]c1ccc(Cl)cc21,0
ZINC04111522,DUD_p38_D_6278,O=C(NCc1ccco1)c1cc(-c2ccccc2)c(N2CCOCC2)s1,0
ZINC04114636,DUD_p38_D_6279,O=c1c(Sc2ccc(Cl)cc2)c(O)c2c(n1-c1ccccc1)CCCC2,0
ZINC04114850,DUD_p38_D_6280,C/C(=N\NC(=O)c1cc(-c2ccc(C)o2)n[nH]1)c1ccc(Br)cc1,0
ZINC04114850,DUD_p38_D_6281,C/C(=N\NC(=O)c1cc(-c2ccc(C)o2)[nH]n1)c1ccc(Br)cc1,0
ZINC04119063,DUD_p38_D_6282,CCOc1ccc(N2C(=O)c3cccnc3[C@H]2Nc2ccc(Cl)cc2)cc1,0
ZINC04119093,DUD_p38_D_6283,Cc1ccccc1NC(=S)N1CCN(c2ccc([N+](=O)[O-])cc2)CC1,0
ZINC04121592,DUD_p38_D_6284,O=C(CCn1c(=O)sc2ccccc21)Nc1cccc2ccccc12,0
ZINC04121826,DUD_p38_D_6285,CC(=O)Nc1cccc(Oc2ncnc3scc(-c4ccccc4)c23)c1,0
ZINC04123961,DUD_p38_D_6286,C=CCSc1nnc2c(n1)O[C@@H](c1ccccn1)Nc1ccccc1-2,0
ZINC04124442,DUD_p38_D_6287,COc1ccc2c(c1)C(c1ccc(N(C)C)cc1)=NNC(c1cccs1)=N2,0
ZINC04124452,DUD_p38_D_6288,CN(C)c1ccc(C2=NNC(c3ccc(F)cc3)=Nc3ccccc32)cc1,0
ZINC04124493,DUD_p38_D_6289,CN(C)c1ccc(C2=NNC(c3cccnc3)=Nc3ccc(Cl)cc32)cc1,0
ZINC04126233,DUD_p38_D_6290,Clc1ccc2nc(-c3ccncc3)c(Nc3ccc4c(c3)OCCO4)n2c1,0
ZINC04126233,DUD_p38_D_6291,Clc1ccc2[nH+]c(-c3ccncc3)c(Nc3ccc4c(c3)OCCO4)n2c1,0
ZINC04126300,DUD_p38_D_6292,Brc1ccc(-c2nc3ncccn3c2Nc2ccc3c(c2)OCCO3)o1,0
ZINC04126300,DUD_p38_D_6293,Brc1ccc(-c2[nH+]c3ncccn3c2Nc2ccc3c(c2)OCCO3)o1,0
ZINC04127039,DUD_p38_D_6294,Fc1ccc2c(c1)C(c1ccc(N3CCOCC3)cc1)=NNC(c1cccs1)=N2,0
ZINC04129648,DUD_p38_D_6295,Cc1ccc2c(c1)C(c1ccncc1)=NNC(c1ccc(Cl)cc1)=N2,0
ZINC04129651,DUD_p38_D_6296,Cc1ccc2c(c1)C(c1ccncc1)=NNC(c1ccc(Br)cc1)=N2,0
ZINC04129705,DUD_p38_D_6297,CC(C)(C)c1ccc(C2=Nc3ccc(F)cc3C(c3ccncc3)=NN2)cc1,0
ZINC04129772,DUD_p38_D_6298,COc1ccc(C2=NNC(c3ccc(F)cc3)=Nc3ccc(OC)cc32)cc1,0
ZINC04129779,DUD_p38_D_6299,COc1ccc(C2=NNC(c3ccncc3)=Nc3ccc(Br)cc32)cc1,0
ZINC04129857,DUD_p38_D_6300,CCc1ccc2c(c1)C(c1ccncc1)=NNC(c1ccc(Br)cc1)=N2,0
ZINC04129888,DUD_p38_D_6301,COc1ccc(C2=NNC(c3ccc(F)cc3)=Nc3ccc(F)cc32)cc1OC,0
ZINC04129894,DUD_p38_D_6302,CC(C)(C)c1ccc(C2=Nc3ccccc3C(c3cccnc3)=NN2)cc1,0
ZINC04129900,DUD_p38_D_6303,CCc1ccc2c(c1)C(c1cccnc1)=NNC(c1ccc(F)cc1)=N2,0
ZINC04129901,DUD_p38_D_6304,CCc1ccc2c(c1)C(c1cccnc1)=NNC(c1ccc(Cl)cc1)=N2,0
ZINC04134998,DUD_p38_D_6305,COC(=O)c1ccc(C(=O)NC(=S)/N=c2/sc3ccccc3n2C)cc1,0
ZINC04135015,DUD_p38_D_6306,COC(=O)c1ccc(C(=O)NC(=S)Nc2ccc3sccc3c2)cc1,0
ZINC04135339,DUD_p38_D_6307,CCOC(=O)c1oc2ccccc2c1NC(=S)NC(=O)c1cccs1,0
ZINC04135502,DUD_p38_D_6308,Cc1c(Cl)cccc1NC(=O)Cn1c2ccccc2c(=O)c2ccccc21,0
ZINC04135754,DUD_p38_D_6309,CSc1sc(-c2ccccc2)c2[nH]c(=O)c(-c3ccccc3)n[n+]12,0
ZINC04138376,DUD_p38_D_6310,Cn1c(SCC(=O)Nc2ccccc2F)nnc1-c1c[nH]c2ccccc12,0
ZINC04146910,DUD_p38_D_6311,Cc1cccn2cc(-c3cccc(NS(=O)(=O)c4ccc(F)cc4)c3)nc12,0
ZINC04146910,DUD_p38_D_6312,Cc1cccn2cc(-c3cccc(NS(=O)(=O)c4ccc(F)cc4)c3)[nH+]c12,0
ZINC04148795,DUD_p38_D_6313,CCn1c(NC(=O)c2cccc(Cn3cc(Cl)cn3)c2)nc2ccccc21,0
ZINC04148795,DUD_p38_D_6314,CCn1c(NC(=O)c2cccc(Cn3cc(Cl)cn3)c2)[nH+]c2ccccc21,0
ZINC04149504,DUD_p38_D_6315,Cc1ccc2[nH]c(-c3cc(/N=C/c4ccc(Cl)cc4)ccc3O)[nH+]c2c1,0
ZINC04149692,DUD_p38_D_6316,Clc1ccc(-c2ccc(/C=N\Nc3[nH]c4ccccc4[nH+]3)o2)cc1,0
ZINC04151026,DUD_p38_D_6317,Cc1ccc2ccc([C@@H](Nc3cccc[nH+]3)c3cccc(Cl)c3)c(O)c2n1,0
ZINC04151270,DUD_p38_D_6318,O=C(NNc1c2ccccc2nc2ccccc12)c1ccc(Br)cc1,0
ZINC04155402,DUD_p38_D_6319,O=C(c1c[nH]cn1)N(Cc1c[nH]c2ccc(F)cc12)C[C@H]1COc2ccccc2O1,0
ZINC04155402,DUD_p38_D_6320,O=C(c1cnc[nH]1)N(Cc1c[nH]c2ccc(F)cc12)C[C@H]1COc2ccccc2O1,0
ZINC04155402,DUD_p38_D_6321,O=C(c1c[nH]c[nH+]1)N(Cc1c[nH]c2ccc(F)cc12)C[C@H]1COc2ccccc2O1,0
ZINC04156217,DUD_p38_D_6322,Cc1cccc(-c2nc3c(c(=O)[nH]2)CN(C(=O)c2ccccc2Cl)CC3)c1,0
ZINC04156217,DUD_p38_D_6323,Cc1cccc(-c2nc(=O)c3c([nH]2)CCN(C(=O)c2ccccc2Cl)C3)c1,0
ZINC04156217,DUD_p38_D_6324,Cc1cccc(-c2nc(O)c3c(n2)CCN(C(=O)c2ccccc2Cl)C3)c1,0
ZINC04156760,DUD_p38_D_6325,Cc1ccccc1C(=O)N1CCc2nc(Cc3ccc(F)cc3)[nH]c(=O)c2C1,0
ZINC04156760,DUD_p38_D_6326,Cc1ccccc1C(=O)N1CCc2[nH]c(Cc3ccc(F)cc3)nc(=O)c2C1,0
ZINC04156760,DUD_p38_D_6327,Cc1ccccc1C(=O)N1CCc2nc(Cc3ccc(F)cc3)nc(O)c2C1,0
ZINC04157070,DUD_p38_D_6328,CC(=O)NC(=O)c1cc2cc(Br)ccc2o/c1=N/c1ccc(C)cc1,0
ZINC04157105,DUD_p38_D_6329,CC(=O)NC(=O)c1cc2cc(Cl)ccc2o/c1=N\c1cccc(F)c1,0
ZINC04157119,DUD_p38_D_6330,CC(=O)NC(=O)c1cc2cc(Br)ccc2o/c1=N\c1cccc2ccccc12,0
ZINC04157149,DUD_p38_D_6331,CC(=O)NC(=O)c1cc2cc(Cl)ccc2o/c1=N\c1cccc2ccccc12,0
ZINC04159109,DUD_p38_D_6332,O=c1c(C2=NCCC2)c2[nH]c(-c3ccc(Cl)cc3)cn2n1-c1ccccc1,0
ZINC04161027,DUD_p38_D_6333,Cc1cc2ccccc2nc1SCC(=O)Nc1nc2ccccc2s1,0
ZINC04161627,DUD_p38_D_6334,CC(C)c1ccc2c(c1)C(c1cccc(Cl)c1)=NNC(c1ccncc1)=N2,0
ZINC04161651,DUD_p38_D_6335,CC(C)c1ccc(C2=Nc3ccc(F)cc3C(c3ccncc3)=NN2)cc1,0
ZINC04161701,DUD_p38_D_6336,C[C@@H]1S/C(=N\NC(=O)c2ccc(Cl)cc2)N(c2cccc3ccccc23)C1=O,0
ZINC04162829,DUD_p38_D_6337,O=C(CN1C(=O)C[C@H](c2ccco2)Sc2ccccc21)Nc1ccccc1F,0
ZINC04164917,DUD_p38_D_6338,COc1cc([C@@H]2Oc3ccccc3[C@@H]3CC(c4cccs4)=NN32)cc(OC)c1O,0
ZINC04165748,DUD_p38_D_6339,Cc1nn(Cc2cccc(C(=O)NCc3ccccn3)c2)c(C)c1Cl,0
ZINC04166511,DUD_p38_D_6340,COc1ccc(Cl)cc1/N=C\C1=C(O)C[C@H](c2ccccc2)CC1=O,0
ZINC04166511,DUD_p38_D_6341,COc1ccc(Cl)cc1/N=C\C1C(=O)CC(c2ccccc2)CC1=O,0
ZINC04167043,DUD_p38_D_6342,O=C(NCCc1csc(-c2cccnc2)n1)c1cccc2ccccc12,0
ZINC04167407,DUD_p38_D_6343,Cc1nc2cc(/N=C\c3c(C)nn(-c4ccc(F)cc4)c3O)ccc2[nH]1,0
ZINC04167407,DUD_p38_D_6344,Cc1nc2ccc(/N=C\c3c(C)nn(-c4ccc(F)cc4)c3O)cc2[nH]1,0
ZINC04167407,DUD_p38_D_6345,Cc1[nH]c2ccc(/N=C\c3c(C)nn(-c4ccc(F)cc4)c3O)cc2[nH+]1,0
ZINC04167492,DUD_p38_D_6346,CC1=NC2=C(C(=O)c3ccccc32)[C@H](c2ccccc2F)[C@H]1C(=N)S,0
ZINC04167492,DUD_p38_D_6347,CC1=C(C(=N)S)[C@H](c2ccccc2F)[C@H]2C(=O)c3ccccc3C2=N1,0
ZINC04167555,DUD_p38_D_6348,O=C(CCSc1ccccc1)Nc1nc(-c2ccc3c(c2)OCO3)cs1,0
ZINC04167722,DUD_p38_D_6349,COc1ccc([C@H]2CC(=O)C(/C=N\c3ccc(Br)cc3)=C(O)C2)cc1,0
ZINC04167722,DUD_p38_D_6350,COc1ccc(C2CC(=O)C(/C=N\c3ccc(Br)cc3)C(=O)C2)cc1,0
ZINC04168316,DUD_p38_D_6351,CC1=NC2=C(C(=O)CCC2)[C@@H](c2ccccc2Cl)[C@@H]1C(=O)Nc1cccc(F)c1,0
ZINC04168316,DUD_p38_D_6352,CC1=C(C(=O)Nc2cccc(F)c2)[C@@H](c2ccccc2Cl)[C@@H]2C(=O)CCCC2=N1,0
ZINC04168316,DUD_p38_D_6353,CC1=NC2=CCCC(=O)[C@H]2[C@H](c2ccccc2Cl)[C@@H]1C(=O)Nc1cccc(F)c1,0
ZINC04169117,DUD_p38_D_6354,O=C(Nc1ccc(Cn2nnc3ccccc32)cc1)c1ccc(Cl)cc1,0
ZINC04169833,DUD_p38_D_6355,CCOc1cccc(-c2nc3c(c(=O)[nH]2)Cc2cc(Cl)ccc2O3)c1O,0
ZINC04169833,DUD_p38_D_6356,CCOc1cccc(-c2nc(=O)c3c([nH]2)Oc2ccc(Cl)cc2C3)c1O,0
ZINC04169833,DUD_p38_D_6357,CCOc1cccc(-c2nc(O)c3c(n2)Oc2ccc(Cl)cc2C3)c1O,0
ZINC04169839,DUD_p38_D_6358,CCOc1ccc(-c2nc3c(c(=O)[nH]2)Cc2cc(Cl)ccc2O3)cc1,0
ZINC04169839,DUD_p38_D_6359,CCOc1ccc(-c2nc(=O)c3c([nH]2)Oc2ccc(Cl)cc2C3)cc1,0
ZINC04169847,DUD_p38_D_6360,CCOc1ccc(-c2nc3c(c(=O)[nH]2)Cc2c(ccc4ccccc24)O3)cc1,0
ZINC04169847,DUD_p38_D_6361,CCOc1ccc(-c2nc(=O)c3c([nH]2)Oc2ccc4ccccc4c2C3)cc1,0
ZINC04169848,DUD_p38_D_6362,COc1ccccc1-c1nc2c(c(=O)[nH]1)Cc1c(ccc3ccccc13)O2,0
ZINC04169848,DUD_p38_D_6363,COc1ccccc1-c1nc(=O)c2c([nH]1)Oc1ccc3ccccc3c1C2,0
ZINC04169853,DUD_p38_D_6364,CCc1ccc(-c2nc3c(c(=O)[nH]2)Cc2c(ccc4ccccc24)O3)cc1,0
ZINC04169853,DUD_p38_D_6365,CCc1ccc(-c2nc(=O)c3c([nH]2)Oc2ccc4ccccc4c2C3)cc1,0
ZINC04170035,DUD_p38_D_6366,Cc1ccc(Sc2nc3c(c(=O)[nH]c(=O)n3C)n2Cc2ccccc2Cl)cc1,0
ZINC04170035,DUD_p38_D_6367,Cc1ccc(Sc2[nH+]c3c(c(=O)[nH]c(=O)n3C)n2Cc2ccccc2Cl)cc1,0
ZINC04173850,DUD_p38_D_6368,O=C(CN1C(=O)c2cccc3cccc(c23)C1=O)Nc1c(Cl)cccc1Cl,0
ZINC04174503,DUD_p38_D_6369,C[C@@H](Sc1ccccc1)C(=O)Nc1nnc(-c2ccc(F)cc2)s1,0
ZINC04176178,DUD_p38_D_6370,CC(=O)Nc1c2c(nn1-c1ccc(Oc3ccccc3)cc1)CSC2,0
ZINC04186957,DUD_p38_D_6371,C=CCNc1nc(-c2cccc(NC(=O)c3ccccc3)c2)cs1,0
ZINC04187454,DUD_p38_D_6372,Cc1ccc(C(=O)N[C@@H]2Sc3ccccc3N=C2c2ccccc2)cc1,0
ZINC04188163,DUD_p38_D_6373,COc1ccc(/C(C)=N/Nc2cnn(-c3ccccc3)c(=O)c2Cl)cc1,0
ZINC04191495,DUD_p38_D_6374,Cn1cccc1-c1cc(C(=O)NCCc2ccccn2)c2cc(F)ccc2n1,0
ZINC04193735,DUD_p38_D_6375,CC(=O)Nc1ccc(N2C(=O)/C(=C\c3ccccn3)SC2=S)cc1,0
ZINC04194622,DUD_p38_D_6376,O=C(Nc1nc(-c2nc3ccccc3s2)cs1)c1ccc2c(c1)OCCO2,0
ZINC04200632,DUD_p38_D_6377,O=C(Nc1nc2c(s1)CSc1ccccc1-2)c1ccc2c(c1)OCCO2,0
ZINC04209177,DUD_p38_D_6378,COc1ccc2ccccc2c1/C=C1/C(=O)NC(=O)N(c2ccc(Cl)cc2)C1=O,0
ZINC04209277,DUD_p38_D_6379,O=C(NCc1ccccn1)c1cc(-c2cccs2)nn1-c1ccccc1Cl,0
ZINC04223127,DUD_p38_D_6380,O=C1CCCC2=C1[C@H](c1ccccc1)c1c(nn(-c3ccccc3)c1O)N2,0
ZINC04223129,DUD_p38_D_6381,O=C1CCCC2=C1[C@H](c1ccc(F)cc1)c1c(nn(-c3ccccc3)c1O)N2,0
ZINC04223217,DUD_p38_D_6382,O[C@]1(C(F)(F)F)CC(c2ccccc2)=NN1c1nncc(-c2ccccc2)n1,0
ZINC04223295,DUD_p38_D_6383,O=C(COc1ccccc1)Nc1c2c(nn1-c1ccccc1)CSC2,0
ZINC04223674,DUD_p38_D_6384,O=[N+]([O-])c1ccc(NC(=S)N2CCn3cccc3[C@@H]2c2ccccc2)cc1,0
ZINC04223700,DUD_p38_D_6385,O=[N+]([O-])c1ccc(NC(=S)N2CCn3cccc3[C@H]2c2ccc(F)cc2)cc1,0
ZINC04223878,DUD_p38_D_6386,Cc1c(Cl)cccc1NC(=S)N1CCn2cccc2[C@H]1c1ccncc1,0
ZINC04224081,DUD_p38_D_6387,CCCCN1C(=O)c2cccc3c(NC(=O)c4c(F)cccc4F)ccc1c23,0
ZINC04224139,DUD_p38_D_6388,CC(C)Oc1ccc(C(=O)Nc2nc3c(s2)COc2ccccc2-3)cc1,0
ZINC04224144,DUD_p38_D_6389,COC(=O)c1ccc(C(=O)Nc2nc3c(s2)Cc2ccccc2-3)cc1,0
ZINC04224183,DUD_p38_D_6390,O=C(NC(=S)N1CCN(c2nc3ccccc3s2)CC1)c1ccccc1,0
ZINC04224199,DUD_p38_D_6391,O=C(Nc1nc2c(ccc3ccccc32)s1)[C@H]1COc2ccccc2O1,0
ZINC04224229,DUD_p38_D_6392,O=C(Nc1nc2c(s1)CCc1ccccc1-2)[C@H]1COc2ccccc2O1,0
ZINC04224231,DUD_p38_D_6393,O=C(Nc1nc2c(s1)CCc1ccccc1-2)c1ccc2ncsc2c1,0
ZINC04224233,DUD_p38_D_6394,Cc1ccc(-c2csc(NC(=O)c3ccc4ncsc4c3)n2)cc1,0
ZINC04224236,DUD_p38_D_6395,O=C(Nc1nc(-c2ccc(Cl)cc2)cs1)[C@@H]1COc2ccccc2O1,0
ZINC04224312,DUD_p38_D_6396,O=C(Nc1nc2c(s1)Cc1ccccc1-2)c1ccc2ncsc2c1,0
ZINC04224435,DUD_p38_D_6397,O=C(Nc1c2c(nn1-c1ccc(F)cc1)CSC2)c1cccc2ccccc12,0
ZINC04228373,DUD_p38_D_6398,c1ccc2sc(-c3cnc(NCCCn4ccnc4)nc3)cc2c1,0
ZINC04229718,DUD_p38_D_6399,O=C(N/N=C\c1cc2ccccc2nc1Cl)c1ccc2ccccc2n1,0
ZINC04239146,DUD_p38_D_6400,O=c1c(-c2ccc(Cl)cc2)nc2cnc(Nc3ccccc3)nc2n1C1CC1,0
ZINC04240468,DUD_p38_D_6401,Cc1nc(S[C@@H](C)C(=O)Nc2ccc(Cl)cn2)c2ccccc2n1,0
ZINC04240924,DUD_p38_D_6402,Cc1nc(SCC(=O)Nc2nc3ccc(F)cc3s2)c2ccccc2n1,0
ZINC04241834,DUD_p38_D_6403,Cc1nc(S[C@@H](C)c2nc3ccccc3c(=O)[nH]2)c2ccccc2n1,0
ZINC04241834,DUD_p38_D_6404,Cc1nc(S[C@@H](C)c2nc(=O)c3ccccc3[nH]2)c2ccccc2n1,0
ZINC04241834,DUD_p38_D_6405,Cc1nc(S[C@H](C)c2nc(O)c3ccccc3n2)c2ccccc2n1,0
ZINC04248107,DUD_p38_D_6406,Cc1ccc(NC(=O)c2ccc3c(c2)C[C@@H](c2ccccc2)OC3=O)cc1,0
ZINC04248200,DUD_p38_D_6407,O=C(c1cccs1)N1N=C(c2cccs2)C[C@@H]1c1ccccc1O,0
ZINC04249016,DUD_p38_D_6408,O=C(COc1ccccc1)Nc1cccc(-c2cn3ccsc3n2)c1,0
ZINC04249030,DUD_p38_D_6409,O=C(Nc1cccc(-c2cn3ccsc3n2)c1)c1ccc2c(c1)OCO2,0
ZINC04249033,DUD_p38_D_6410,O=C(COc1ccccc1)Nc1cccc(-c2cn3c(n2)SCC3)c1,0
ZINC04249038,DUD_p38_D_6411,O=C(Cc1ccc(F)cc1)Nc1cccc(-c2cn3c(n2)SCC3)c1,0
ZINC04249043,DUD_p38_D_6412,O=C(Nc1cccc(-c2cn3c(n2)SCC3)c1)c1ccc2ccccc2n1,0
ZINC04249063,DUD_p38_D_6413,Cc1csc2nc(-c3cccc(NC(=O)c4ccccc4F)c3)cn12,0
ZINC04249064,DUD_p38_D_6414,Cc1csc2nc(-c3cccc(NC(=O)c4ccc(Cl)nc4)c3)cn12,0
ZINC04249088,DUD_p38_D_6415,O=C(Nc1ccc(-c2cn3c(n2)SCC3)cc1)c1cccnc1Cl,0
ZINC04249114,DUD_p38_D_6416,O=S(=O)(Nc1cccc(-c2cn3c(n2)SCC3)c1)c1ccc2ccccc2c1,0
ZINC04249578,DUD_p38_D_6417,C[C@@H](Sc1nnc(-c2ccc(Cl)cc2)n1C)c1nc2ccccc2c(=O)[nH]1,0
ZINC04249578,DUD_p38_D_6418,C[C@H](Sc1nnc(-c2ccc(Cl)cc2)n1C)c1nc(=O)c2ccccc2[nH]1,0
ZINC04249578,DUD_p38_D_6419,C[C@H](Sc1nnc(-c2ccc(Cl)cc2)n1C)c1nc(O)c2ccccc2n1,0
ZINC04251209,DUD_p38_D_6420,O=C(CSc1ccc2nc(-c3ccccc3)cn2n1)Nc1ccccc1F,0
ZINC04251279,DUD_p38_D_6421,Cc1csc(NC(=O)CSc2ccc3nc(-c4ccccc4)cn3n2)n1,0
ZINC04251628,DUD_p38_D_6422,O=C(Nc1ccc(F)cc1)c1oc2ccccc2c1NC(=O)C1CCCCC1,0
ZINC04252222,DUD_p38_D_6423,COc1ccc2nc(SCc3nnc(-c4ccc(Cl)cc4)o3)[nH]c2c1,0
ZINC04256180,DUD_p38_D_6424,CSC1=C(C#N)[C@@H](c2ccco2)[C@H](C(=O)Nc2ccccc2)C(C)=N1,0
ZINC04256180,DUD_p38_D_6425,C=C1N=C(SC)[C@H](C#N)[C@H](c2ccco2)[C@H]1C(=O)Nc1ccccc1,0
ZINC04257350,DUD_p38_D_6426,NC(=S)N1N=C2/C(=C\c3ccccc3)CCC[C@H]2[C@@H]1c1ccccc1,0
ZINC04263368,DUD_p38_D_6427,CCN1/C(=C/C=C2/C(=O)NC(=O)N(c3ccccc3)C2=O)Sc2ccccc21,0
ZINC04264160,DUD_p38_D_6428,Cc1ccc2nc(NC(=O)CSc3c(C)[nH]c4ccccc34)sc2c1,0
ZINC04265175,DUD_p38_D_6429,C/C(=N\c1ccccc1Cl)c1c(O)c2ccccc2n(-c2ccccc2)c1=O,0
ZINC04266324,DUD_p38_D_6430,CN(C)C(=O)c1ccc(-c2ccc3ncnc(Nc4ccc(F)cc4)c3c2)cc1,0
ZINC04266342,DUD_p38_D_6431,CN(C)C(=O)c1ccc(-c2ccc3ncnc(NCc4cccs4)c3c2)cc1,0
ZINC04266397,DUD_p38_D_6432,Cc1noc(C)c1-c1ccc2ncnc(Nc3ccc(F)cc3)c2c1,0
ZINC04266403,DUD_p38_D_6433,Cc1noc(C)c1-c1ccc2ncnc(NCc3cccs3)c2c1,0
ZINC04266919,DUD_p38_D_6434,c1csc(-c2nc(CSc3nnc4[nH]c5ccccc5n34)co2)c1,0
ZINC04267134,DUD_p38_D_6435,O=C(CCCl)Nc1c(C(=O)Nc2ccccc2)oc2ccccc12,0
ZINC04267135,DUD_p38_D_6436,O=C(CCCCl)Nc1c(C(=O)Nc2ccccc2)oc2ccccc12,0
ZINC04267278,DUD_p38_D_6437,COc1ccccc1NC(=O)c1oc2ccccc2c1NC(=O)CCCl,0
ZINC04267751,DUD_p38_D_6438,CC(C)(C)C(=O)Nc1c(C(=O)Nc2ccc(Cl)cc2)oc2ccccc12,0
ZINC04267763,DUD_p38_D_6439,O=C(Nc1ccc(Cl)cc1)c1oc2ccccc2c1NC(=O)C1CCCC1,0
ZINC04267837,DUD_p38_D_6440,O=C(Nc1c(C(=O)Nc2ccc(Cl)cc2)oc2ccccc12)c1ccco1,0
ZINC04267998,DUD_p38_D_6441,Cc1ccc(NC(=O)c2oc3ccccc3c2NC(=O)CCCl)cc1,0
ZINC04268857,DUD_p38_D_6442,Fc1ccc(-c2nc(CSc3nnc4[nH]c5ccccc5n34)cs2)cc1,0
ZINC04268868,DUD_p38_D_6443,COc1cccc(-c2nc(CSc3nnc4[nH]c5ccccc5n34)cs2)c1,0
ZINC04271801,DUD_p38_D_6444,Clc1ccc(-n2ncc3c(NCc4cccnc4)ncnc32)cc1Cl,0
ZINC04271803,DUD_p38_D_6445,Clc1ccc(-n2ncc3c(NCc4ccccn4)ncnc32)cc1Cl,0
ZINC04274721,DUD_p38_D_6446,COc1ccc2nc(SCC(=O)N3CCC(c4ccccc4)=N3)[nH]c2c1,0
ZINC04275375,DUD_p38_D_6447,O=C(/C=C/c1ccccc1)Nc1nc(-c2ccc3c(c2)OCCO3)cs1,0
ZINC04275417,DUD_p38_D_6448,O=C(Nc1nc(-c2ccc(-c3ccccc3)cc2)cs1)C1=COCCO1,0
ZINC04275935,DUD_p38_D_6449,COc1cc2ccccc2cc1C(=O)Nc1nnc(-c2ccccc2Cl)o1,0
ZINC04276834,DUD_p38_D_6450,Cc1cccc(Oc2ccc(NC(=O)c3cccnc3Cl)cn2)c1C,0
ZINC04279258,DUD_p38_D_6451,Cc1onc(-c2ccccc2Cl)c1C(=O)NC(=S)NCc1ccco1,0
ZINC04279835,DUD_p38_D_6452,COc1ccc(-c2nc3n(n2)[C@@H](c2ccccc2Cl)C2=C(CCCC2=O)N3)cc1,0
ZINC04281599,DUD_p38_D_6453,COC(=O)NC(=O)c1ccsc1NC(=O)Cc1cccc2ccccc12,0
ZINC04281708,DUD_p38_D_6454,CCOC(=O)NC(=O)c1ccsc1NC(=O)c1cccc2ccccc12,0
ZINC04281762,DUD_p38_D_6455,CNC(=O)c1ccsc1NC(=O)c1cc(-c2ccccc2)nc2ccccc12,0
ZINC04281763,DUD_p38_D_6456,CNC(=O)c1ccsc1NC(=O)c1cc(-c2cccs2)nc2ccccc12,0
ZINC04281803,DUD_p38_D_6457,CNC(=O)c1ccsc1NC(=O)c1cccc(Oc2ccccc2)c1,0
ZINC04282926,DUD_p38_D_6458,O=C1CCCC2=C1[C@@H](c1cccs1)n1nc(SCc3ccccc3)nc1N2,0
ZINC04285758,DUD_p38_D_6459,O=c1[nH]c(SCc2cn3ccccc3n2)nc2sc3c(c12)CCCC3,0
ZINC04285758,DUD_p38_D_6460,O=c1[nH]c(SCc2cn3ccccc3[nH+]2)nc2sc3c(c12)CCCC3,0
ZINC04285758,DUD_p38_D_6461,O=c1nc(SCc2cn3ccccc3[nH+]2)[nH]c2sc3c(c12)CCCC3,0
ZINC04292039,DUD_p38_D_6462,CCC(=O)N1N=C(c2ccc(Br)cc2)C[C@H]1c1ccccc1O,0
ZINC04292043,DUD_p38_D_6463,Cc1ccc(C2=NN(C(=O)c3ccco3)[C@H](c3ccccc3O)C2)cc1,0
ZINC04292045,DUD_p38_D_6464,O=C(c1ccco1)N1N=C(c2ccc(Br)cc2)C[C@@H]1c1ccccc1O,0
ZINC04292049,DUD_p38_D_6465,Cc1ccc(C2=NN(C(=O)c3cccs3)[C@H](c3ccccc3O)C2)cc1,0
ZINC04292051,DUD_p38_D_6466,COc1ccc(C2=NN(C(=O)c3cccs3)[C@H](c3ccccc3O)C2)cc1,0
ZINC04292112,DUD_p38_D_6467,O=C(Nc1ncc(Cc2ccccc2Cl)s1)c1ccc2c(c1)OCCO2,0
ZINC04292236,DUD_p38_D_6468,Cc1ccc(Cl)cc1-n1ncc2c(NCCCn3ccnc3)ncnc21,0
ZINC04294654,DUD_p38_D_6469,CC1=C(C(=O)NCc2ccccc2)[C@H](c2cccs2)n2ncnc2N1,0
ZINC04299414,DUD_p38_D_6470,O=[N+]([O-])c1ccc[nH+]c1N1CCCN(C(=S)Nc2ccc(Cl)cc2)CC1,0
ZINC04304061,DUD_p38_D_6471,Cn1c(=O)[nH]c(=O)c2c1nc1n(-c3ccc(Cl)cc3)c(-c3ccccc3)cn21,0
ZINC04304123,DUD_p38_D_6472,O=C(c1ccccc1F)N1CCN(c2ccc(Nc3ccccc3)nn2)CC1,0
ZINC04304127,DUD_p38_D_6473,O=C(c1ccccc1Cl)N1CCN(c2ccc(Nc3ccccc3)nn2)CC1,0
ZINC04304144,DUD_p38_D_6474,O=C(c1cccs1)N1CCN(c2ccc(Nc3ccccc3)nn2)CC1,0
ZINC04304174,DUD_p38_D_6475,Cc1ccc(Nc2ccc(N3CCN(C(=O)c4ccccc4F)CC3)nn2)cc1,0
ZINC04304199,DUD_p38_D_6476,Cc1ccc(Nc2ccc(N3CCN(C(=O)c4cccs4)CC3)nn2)cc1,0
ZINC04306774,DUD_p38_D_6477,C[C@@]1(c2cccc3ccccc23)NC(=O)N(CC(=O)c2ccccc2Cl)C1=O,0
ZINC04306840,DUD_p38_D_6478,C[C@]1(c2cccc3ccccc23)NC(=O)N(CC(=O)c2ccc(F)c(F)c2)C1=O,0
ZINC04307090,DUD_p38_D_6479,CSc1ccc(CN2C(=O)N[C@@](C)(c3cccc4ccccc34)C2=O)cc1,0
ZINC04308418,DUD_p38_D_6480,CC[C@@]1(c2ccc(F)cc2)NC(=O)N(Cc2nc3ccccc3s2)C1=O,0
ZINC04308452,DUD_p38_D_6481,CC[C@]1(c2ccc(F)cc2)NC(=O)N(Cc2csc(-c3ccccc3)n2)C1=O,0
ZINC04308468,DUD_p38_D_6482,CC[C@@]1(c2ccc(F)cc2)NC(=O)N(CC(=O)c2c(C)[nH]c3ccccc23)C1=O,0
ZINC04308599,DUD_p38_D_6483,C[C@]1(c2ccc(OC(F)F)cc2)NC(=O)N(Cc2nc3ccccc3s2)C1=O,0
ZINC04314960,DUD_p38_D_6484,O=C(c1cc2ccccc2o1)N1CCC(c2nc3ccccc3[nH]2)CC1,0
ZINC04315035,DUD_p38_D_6485,CC(C)(C)c1cc(O)c2c(c1)Cc1c(nc(-c3ccccc3)[nH]c1=S)O2,0
ZINC04315394,DUD_p38_D_6486,Cc1ccc(-c2cnc(SCCNC(=O)c3cccs3)[nH]2)cc1,0
ZINC04315399,DUD_p38_D_6487,Cc1ccc(-c2cnc(SCCNC(=O)c3ccccc3)[nH]2)cc1,0
ZINC04315461,DUD_p38_D_6488,COc1ccc(-c2cnc(SCCNC(=O)c3ccc(F)cc3)[nH]2)cc1,0
ZINC04315556,DUD_p38_D_6489,O=C(NCCSc1ncc(-c2ccccc2)[nH]1)c1ccc(F)cc1,0
ZINC04315564,DUD_p38_D_6490,O=C(NCCSc1ncc(-c2ccccc2)[nH]1)c1c(F)cccc1F,0
ZINC04315624,DUD_p38_D_6491,CSc1cccc(NC(=O)c2nnn(-c3cccc(Cl)c3C)c2C)c1,0
ZINC04315740,DUD_p38_D_6492,O=C(NCCSc1ncc(-c2ccc(F)cc2)[nH]1)c1ccc2c(c1)OCO2,0
ZINC04315829,DUD_p38_D_6493,O=C(NCCSc1ncc(-c2ccc(Cl)cc2)[nH]1)c1ccc2c(c1)OCO2,0
ZINC04320262,DUD_p38_D_6494,Cc1ccc(NC(=O)c2ccccc2F)c(-c2nc3ccccc3[nH]c2=O)c1,0
ZINC04320262,DUD_p38_D_6495,Cc1ccc(NC(=O)c2ccccc2F)c(-c2nc3ccccc3nc2O)c1,0
ZINC04320291,DUD_p38_D_6496,Cc1cccc(C(=O)Nc2ccc(Cl)cc2-c2nc3ccccc3[nH]c2=O)c1,0
ZINC04326576,DUD_p38_D_6497,Cc1ccccc1NC(=O)CSc1ccc2nnc(-c3cccs3)n2n1,0
ZINC04326594,DUD_p38_D_6498,Cc1cccc(NC(=O)CSc2ccc3nnc(-c4cccs4)n3n2)c1C,0
ZINC04326752,DUD_p38_D_6499,C[C@@H](OC(=O)c1ccc2ncsc2c1)C(=O)Nc1cccc2ccccc12,0
ZINC04332070,DUD_p38_D_6500,C[C@@H](OC(=O)c1cc2ccccc2o1)C(=O)Nc1cccc(Cl)c1,0
ZINC04332284,DUD_p38_D_6501,C[C@@H](OC(=O)c1cc2ccccc2o1)C(=O)Nc1ccc(Br)cc1,0
ZINC04334431,DUD_p38_D_6502,C=CCNC(=S)NNC(=O)CN1c2ccccc2Sc2ccccc21,0
ZINC04334779,DUD_p38_D_6503,O=C(Nc1ccc2c(c1)OCCO2)c1cccnc1Oc1ccc(Cl)cc1,0
ZINC04341978,DUD_p38_D_6504,O=C(Nc1cccc(Cl)c1)c1oc2ccccc2c1NC(=O)[C@@H]1CCCO1,0
ZINC04342016,DUD_p38_D_6505,O=C(Nc1c(C(=O)Nc2ccc(F)c(Cl)c2)oc2ccccc12)c1ccco1,0
ZINC04342135,DUD_p38_D_6506,Cc1ccc(/C=N\Nc2cnn(-c3ccccc3)c(=O)c2Br)cc1,0
ZINC04342144,DUD_p38_D_6507,COc1ccc(/C=N/Nc2cnn(-c3ccccc3)c(=O)c2Br)cc1,0
ZINC04342175,DUD_p38_D_6508,CC(C)(C)c1ccc(/C=N/Nc2cnn(-c3ccccc3)c(=O)c2Cl)cc1,0
ZINC04346989,DUD_p38_D_6509,Cc1nc(-c2cccnc2)sc1CCNC(=O)c1cccc(Cl)c1,0
ZINC04348627,DUD_p38_D_6510,O=C(Cc1cccc2ccccc12)Nc1nc2cc3c(cc2s1)OCCO3,0
ZINC04348691,DUD_p38_D_6511,COc1cc2ccccc2cc1C(=O)Nc1nc2cc3c(cc2s1)OCCO3,0
ZINC04350855,DUD_p38_D_6512,Cc1ccc(S(=O)(=O)N/N=C2\CCCc3c2[nH]c2ccc(Cl)cc32)cc1,0
ZINC04353815,DUD_p38_D_6513,O=C(Nc1c(C(=O)Nc2ccc(F)c(F)c2)oc2ccccc12)c1ccco1,0
ZINC04354057,DUD_p38_D_6514,O=C(Nc1c(C(=O)Nc2ccc3c(c2)OCO3)oc2ccccc12)c1cccs1,0
ZINC04354833,DUD_p38_D_6515,Cc1ccc(Cl)cc1-n1ncc2c(NCc3ccc4c(c3)OCO4)ncnc21,0
ZINC04355349,DUD_p38_D_6516,O=C(CSc1ccc(-c2ccccc2)nn1)Nc1ccc2c(c1)OCCO2,0
ZINC04356388,DUD_p38_D_6517,O=C(CSc1ccc(-c2ccc(F)cc2)nn1)Nc1ccc2c(c1)OCCO2,0
ZINC04356595,DUD_p38_D_6518,O=C(CSc1ccc(-c2ccc3c(c2)OCO3)nn1)Nc1cccc(Cl)c1,0
ZINC04356652,DUD_p38_D_6519,O=C(CSc1ccc(-c2ccc3c(c2)OCO3)nn1)Nc1cccc(F)c1,0
ZINC04356680,DUD_p38_D_6520,Cc1ccc(NC(=O)CSc2ccc(-c3ccc4c(c3)OCO4)nn2)cc1F,0
ZINC04357592,DUD_p38_D_6521,O=C(Cn1c2ccccc2c(=O)c2ccccc21)N/N=C/c1ccc(F)cc1,0
ZINC04357879,DUD_p38_D_6522,Cc1ccc2nc(NC(=O)CSc3ccc(-c4ccco4)nn3)sc2c1,0
ZINC04357936,DUD_p38_D_6523,Cc1ccc(NC(=O)CSc2ccc(-c3ccco3)nn2)cc1F,0
ZINC04357953,DUD_p38_D_6524,Cc1ccc(NC(=O)CSc2ccc(-c3ccco3)nn2)cc1Cl,0
ZINC04357955,DUD_p38_D_6525,COc1ccc(Cl)cc1NC(=O)CSc1ccc(-c2ccco2)nn1,0
ZINC04358289,DUD_p38_D_6526,Cc1c(Cl)cccc1NC(=O)CSc1ccc(-c2cccnc2)nn1,0
ZINC04358649,DUD_p38_D_6527,Cc1nc(-c2ccc(F)cc2)sc1CCNC(=O)c1ccccc1,0
ZINC04358694,DUD_p38_D_6528,Cc1nc(-c2ccc(F)cc2)sc1CCNC(=O)c1ccc2c(c1)OCO2,0
ZINC04359395,DUD_p38_D_6529,O=C(Nc1ccccc1)c1ccc(OC(=S)N2CCCCC2)cc1,0
ZINC04360034,DUD_p38_D_6530,O=C1CCCC2=C1[C@H](c1cccs1)c1c(nn(-c3ccccc3)c1O)N2,0
ZINC04360685,DUD_p38_D_6531,O=C(OCc1cc(Cl)cc2c1OCOC2)c1ccc(-c2ccc(O)cc2)cc1,0
ZINC04361837,DUD_p38_D_6532,Cc1cc(NC(=O)COC(=O)c2ccc(Cl)s2)n(-c2ccccc2)n1,0
ZINC04362934,DUD_p38_D_6533,O=c1c2[nH]c3ccccc3c2nc(SC2CCCC2)n1-c1ccccc1F,0
ZINC04363624,DUD_p38_D_6534,COC(=O)c1ccc(/C=C2\C(=O)Nc3ccccc32)n1-c1ccc(F)cc1,0
ZINC04363897,DUD_p38_D_6535,CC(C)Oc1ccccc1/C=C1/C(=O)NC(=S)N(c2cccc(F)c2)C1=O,0
ZINC04364180,DUD_p38_D_6536,C#CCOc1ccc2ccccc2c1/C=C1\NC(=O)N(c2cccc(Cl)c2)C1=O,0
ZINC04368855,DUD_p38_D_6537,Cc1ccc(-c2cc(C(=O)NCc3cccnc3)n(-c3ccc(F)cc3)n2)o1,0
ZINC04369199,DUD_p38_D_6538,O=C1NC(=O)N(C2CCCCC2)C(=O)/C1=C/c1ccc(-c2ccc(Cl)cc2)o1,0
ZINC04369381,DUD_p38_D_6539,Fc1ccc(N/C=C\c2nnnn2-c2ccc(-c3ccccc3)cc2)c(F)c1,0
ZINC04369511,DUD_p38_D_6540,Cc1ccc(-c2cc(C(=O)NCc3ccncc3)n(-c3cccc(Cl)c3)n2)o1,0
ZINC04370308,DUD_p38_D_6541,COc1ccc(-c2cc(-c3cccs3)n(-c3nc(C)cc(=O)[nH]3)n2)cc1,0
ZINC04370308,DUD_p38_D_6542,COc1ccc(-c2cc(-c3cccs3)n(-c3nc(C)cc(O)n3)n2)cc1,0
ZINC04370308,DUD_p38_D_6543,COc1ccc(-c2cc(-c3cccs3)n(-c3nc(=O)cc(C)[nH]3)n2)cc1,0
ZINC04370827,DUD_p38_D_6544,Cc1ccn2cc(-c3ccc(NC(=O)c4ccc5c(c4)OCO5)cc3)nc2c1,0
ZINC04372136,DUD_p38_D_6545,Cc1ccc(-c2cc(C(=O)NCc3ccccn3)n(-c3ccc(F)cc3)n2)o1,0
ZINC04373647,DUD_p38_D_6546,O=C(Nc1ccccc1F)[C@@H]1CCCN1c1nc(Cc2ccccc2)ns1,0
ZINC04374633,DUD_p38_D_6547,Cc1cccc(-c2nc3scc(CCNC(=O)c4ccccc4)n3n2)c1,0
ZINC04374637,DUD_p38_D_6548,O=C(NCCc1csc2nc(-c3ccc(F)cc3)nn12)c1ccccc1,0
ZINC04374706,DUD_p38_D_6549,Cc1cccc(-c2nc3scc(CCNC(=O)c4ccco4)n3n2)c1,0
ZINC04374713,DUD_p38_D_6550,Cc1cccc(-c2nc3scc(CCNC(=O)c4cccs4)n3n2)c1,0
ZINC04375348,DUD_p38_D_6551,O=C(NCCc1csc(-c2ccc(Cl)cc2)n1)c1ccc2c(c1)OCO2,0
ZINC04377335,DUD_p38_D_6552,O=c1oc(C(O)(c2ccccc2)c2ccccc2)nc2cc(Cl)ccc12,0
ZINC04379699,DUD_p38_D_6553,CCONC(=O)c1cc(-c2ccc(F)cc2)nn1-c1ccc(F)cc1,0
ZINC04380242,DUD_p38_D_6554,COCc1c(C(=O)Nc2ccc(F)cc2)cnc2cc(-c3ccccc3)nn12,0
ZINC04381440,DUD_p38_D_6555,O=C(c1ccccc1Cl)N1CCc2nc(-c3cccc(F)c3)[nH]c(=O)c2C1,0
ZINC04381440,DUD_p38_D_6556,O=C(c1ccccc1Cl)N1CCc2[nH]c(-c3cccc(F)c3)nc(=O)c2C1,0
ZINC04381440,DUD_p38_D_6557,O=C(c1ccccc1Cl)N1CCc2nc(-c3cccc(F)c3)nc(O)c2C1,0
ZINC04382999,DUD_p38_D_6558,O=C(c1ccc(Cl)cc1)N1CCc2nc(-c3ccccc3)[nH]c(=O)c2C1,0
ZINC04382999,DUD_p38_D_6559,O=C(c1ccc(Cl)cc1)N1CCc2[nH]c(-c3ccccc3)nc(=O)c2C1,0
ZINC04382999,DUD_p38_D_6560,O=C(c1ccc(Cl)cc1)N1CCc2nc(-c3ccccc3)nc(O)c2C1,0
ZINC04383940,DUD_p38_D_6561,Cc1nc(SCc2nc3ccccc3[nH]2)[nH]c(=O)c1Cc1ccccc1,0
ZINC04383940,DUD_p38_D_6562,Cc1[nH]c(SCc2nc3ccccc3[nH]2)nc(=O)c1Cc1ccccc1,0
ZINC04383940,DUD_p38_D_6563,Cc1nc(SCc2nc3ccccc3[nH]2)nc(O)c1Cc1ccccc1,0
ZINC04383940,DUD_p38_D_6564,Cc1nc(SCc2[nH]c3ccccc3[nH+]2)[nH]c(=O)c1Cc1ccccc1,0
ZINC04383940,DUD_p38_D_6565,Cc1[nH]c(SCc2[nH]c3ccccc3[nH+]2)nc(=O)c1Cc1ccccc1,0
ZINC04384594,DUD_p38_D_6566,COc1ccc(-n2cnc3cc(NC(=O)c4cccs4)ccc32)cc1,0
ZINC04386631,DUD_p38_D_6567,CC(C)(C)C(=O)Nc1ccc(Cl)cc1-c1nc2ccccc2[nH]c1=O,0
ZINC04386635,DUD_p38_D_6568,Cc1ccc(NC(=O)c2cccs2)c(-c2nc3ccccc3[nH]c2=O)c1,0
ZINC04389227,DUD_p38_D_6569,O=C(NCc1ccc(-c2cccs2)cc1)c1cc(F)cc2c1OCOC2,0
ZINC04389229,DUD_p38_D_6570,O=C(NCc1csc(-c2ccccc2)n1)c1cc(F)cc2c1OCOC2,0
ZINC04392327,DUD_p38_D_6571,Cc1nc(-c2ccccc2)sc1CCNS(=O)(=O)c1cc(F)ccc1F,0
ZINC04399446,DUD_p38_D_6572,Nc1[nH+]c2c(cc1Br)n(Cc1ccccc1)c(=O)n2Cc1ccccc1,0
ZINC04400751,DUD_p38_D_6573,Cc1nn(CC(=O)Nc2ccc3c(c2)oc2ccccc23)c(=O)c2ccccc12,0
ZINC04403449,DUD_p38_D_6574,C[C@H](Oc1ccc(Cl)cc1)C(=O)Nc1nc(-c2ccccn2)cs1,0
ZINC04404968,DUD_p38_D_6575,O=C(NCCCn1ccnc1)c1cc2sc3ccccc3c2s1,0
ZINC04406937,DUD_p38_D_6576,O=C(CSc1nc2ccc(Cl)cc2[nH]1)N1CCCc2ccccc21,0
ZINC04407027,DUD_p38_D_6577,O=C(CSc1nc2ccc(Cl)cc2[nH]1)N1CCC(c2ccccc2)=N1,0
ZINC04408012,DUD_p38_D_6578,O=c1[nH]c(SCc2cn3ccccc3n2)nc2scc(-c3cccs3)c12,0
ZINC04408012,DUD_p38_D_6579,O=c1[nH]c(SCc2cn3ccccc3[nH+]2)nc2scc(-c3cccs3)c12,0
ZINC04408012,DUD_p38_D_6580,O=c1nc(SCc2cn3ccccc3[nH+]2)[nH]c2scc(-c3cccs3)c12,0
ZINC04412507,DUD_p38_D_6581,C[C@@H]1CC(=O)C2=C(C1)Nc1ccccc1N(C(=O)c1ccc(F)cc1)[C@H]2c1ccco1,0
ZINC04412636,DUD_p38_D_6582,Cc1cc(=O)n2c(n1)NC(N1CCc3ccccc31)=[NH+][C@@H]2c1ccc(F)cc1,0
ZINC04414352,DUD_p38_D_6583,Cc1ccccc1-n1c(S)nnc1CCn1ncc2ccccc2c1=O,0
ZINC04414806,DUD_p38_D_6584,Cc1cc(NC(=O)CSc2ccc(F)cc2)n(-c2ccccc2)n1,0
ZINC04414997,DUD_p38_D_6585,O=C(COC(=O)c1ccccc1-c1ccccc1)Nc1cccnc1Cl,0
ZINC04419319,DUD_p38_D_6586,O=C(CN1C(=O)c2cccc3cccc(c23)C1=O)Nc1ccc(Cl)cc1,0
ZINC04420125,DUD_p38_D_6587,Cc1ccc(-c2cc(C(=O)NCc3ccccn3)n(-c3cccc(Cl)c3)n2)o1,0
ZINC04420252,DUD_p38_D_6588,O=C(NCc1cccnc1)c1cc(-c2cccs2)nn1-c1ccccc1Cl,0
ZINC04434167,DUD_p38_D_6589,Cc1occc1-c1nnc(SCC(=O)Nc2ccc3ccccc3c2)o1,0
ZINC04435957,DUD_p38_D_6590,O=C1C[C@@H](c2cccs2)CC2=C1[C@H](/C=C/c1ccccc1)n1ncnc1N2,0
ZINC04435978,DUD_p38_D_6591,O=C1C[C@H](c2cccs2)CC2=C1[C@@H](c1cccc3ccccc13)n1ncnc1N2,0
ZINC04436708,DUD_p38_D_6592,O=C(Nc1ccc(F)cc1)c1oc2ccccc2c1NC(=O)C1CCCC1,0
ZINC04437087,DUD_p38_D_6593,Cc1cc(NC(=O)COC(=O)c2ccc(OC(F)F)cc2)n(-c2ccccc2)n1,0
ZINC04437769,DUD_p38_D_6594,Cc1cc(/C=C2/NC(=O)N(Cc3ccccc3F)C2=O)c(C)n1-c1cccnc1,0
ZINC04437799,DUD_p38_D_6595,C#CCn1cc(/C=C2/NC(=O)N(c3cccc(Cl)c3)C2=O)c2ccccc21,0
ZINC04438066,DUD_p38_D_6596,Cc1cc(/C=C2/NC(=O)N(c3ccc(Cl)cc3)C2=O)c(C)n1-c1ccncc1,0
ZINC04441321,DUD_p38_D_6597,CCn1cc(/C=C2\C(=O)N(c3ccccc3Cl)C(=O)N=C2O)c2ccccc21,0
ZINC04441535,DUD_p38_D_6598,CN(C)c1ccc(/C=C2/C(=O)NC(=S)N(c3ccccc3F)C2=O)cc1,0
ZINC04441818,DUD_p38_D_6599,CNC(=O)c1nc[nH]c1/N=c1\scc(-c2ccc(Cl)cc2)n1-c1ccccc1,0
ZINC04441821,DUD_p38_D_6600,CNC(=O)c1nc[nH]c1/N=c1\scc(-c2ccccc2)n1-c1ccccc1,0
ZINC04442234,DUD_p38_D_6601,COc1ccc(-n2cccc2/C=C2\C(=O)NC(=O)N(c3ccc(F)cc3)C2=O)cc1,0
ZINC04442236,DUD_p38_D_6602,COc1ccc(-n2cccc2/C=C2/C(=O)NC(=S)N(c3ccccc3F)C2=O)cc1,0
ZINC04442656,DUD_p38_D_6603,Cc1c(Cl)cccc1-c1ccc(/C=C2/C(=O)NN(c3ccc(F)cc3)C2=O)o1,0
ZINC04442657,DUD_p38_D_6604,Cc1c(Cl)cccc1-c1ccc(/C=C2/C(=O)NN(c3ccccc3)C2=O)o1,0
ZINC04442877,DUD_p38_D_6605,C=c1[nH]n(-c2ccc(F)cc2)c(=O)/c1=C/c1c(C)nn(-c2ccccc2C)c1O,0
ZINC04442888,DUD_p38_D_6606,CC(=O)c1sc(/N=c2\cc(-c3ccccc3)oc3ccc(O)cc23)nc1C,0
ZINC04442897,DUD_p38_D_6607,Cc1ccccc1-n1cnc2cc(/N=c3/[nH]nc(C)c4ccccc34)ccc21,0
ZINC04443112,DUD_p38_D_6608,COc1ccc(-c2c/c(=N\c3nc(C)cs3)c3cc(O)ccc3o2)cc1,0
ZINC04443157,DUD_p38_D_6609,COc1ccc(-c2c/c(=N\c3nnc(C)s3)c3cc(O)ccc3o2)cc1,0
ZINC04443358,DUD_p38_D_6610,Cn1cc(/C=C2/C(=O)NC(=S)N(c3ccc(F)cc3)C2=O)c2ccccc21,0
ZINC04443360,DUD_p38_D_6611,COc1ccc(N2C(=O)/C(=C/c3cn(C)c4ccccc34)C(=O)NC2=S)cc1,0
ZINC04443362,DUD_p38_D_6612,Cn1cc(/C=C2/C(=O)NC(=S)N(c3cccc(F)c3)C2=O)c2ccccc21,0
ZINC04443364,DUD_p38_D_6613,COc1cccc(N2C(=O)/C(=C\c3cn(C)c4ccccc34)C(=O)NC2=S)c1,0
ZINC04443366,DUD_p38_D_6614,COc1ccccc1N1C(=O)/C(=C\c2cn(C)c3ccccc23)C(=O)NC1=S,0
ZINC04443375,DUD_p38_D_6615,Cn1cc(/C=C2/SC(=S)N(c3ccc(O)cc3)C2=O)c2ccccc21,0
ZINC04443377,DUD_p38_D_6616,Cn1cc(/C=C2\SC(=S)N(c3cccc(O)c3)C2=O)c2ccccc21,0
ZINC04443404,DUD_p38_D_6617,Cn1cc(/C=C2/C(=O)NC(=S)N(c3ccc(F)cc3)C2=O)c2ccccc21,0
ZINC04443408,DUD_p38_D_6618,COc1cccc(N2C(=O)/C(=C/c3cn(C)c4ccccc34)C(=O)NC2=S)c1,0
ZINC04443409,DUD_p38_D_6619,COc1ccccc1N1C(=O)/C(=C\c2cn(C)c3ccccc23)C(=O)NC1=S,0
ZINC04443413,DUD_p38_D_6620,Cn1cc(/C=N\N=c2\[nH]nc(Cl)c3ccccc23)c2ccccc21,0
ZINC04443443,DUD_p38_D_6621,Cc1cc(/C=C2\S/C(=N\c3ccc(F)cc3)NC2=O)c(C)n1-c1ccncc1,0
ZINC04443456,DUD_p38_D_6622,Cc1cc(/C=N/NC(=O)c2cccnc2)c(C)n1-c1ccc(Cl)cc1,0
ZINC04443564,DUD_p38_D_6623,Cc1cc(/C=C2\C(=N)N3C=CSC3=NC2=O)c(C)n1-c1ccc2ccccc2c1,0
ZINC04443678,DUD_p38_D_6624,Cc1cc(/C=C2/NC(=O)N(c3cccc(Cl)c3)C2=O)c(C)n1-c1cccnc1,0
ZINC04443933,DUD_p38_D_6625,Cc1nc(/N=c2\[nH]c3ccccc3o2)nc(C)c1C(=O)Nc1ccc(F)cc1,0
ZINC04443953,DUD_p38_D_6626,O=C1/C(=C/c2cn[nH]c2-c2ccccc2)SC(=S)N1Cc1ccco1,0
ZINC04448193,DUD_p38_D_6627,CSc1ccc([C@H]2c3c(nn(-c4ccccc4)c3O)N=C3CCCC(=O)[C@@H]32)cc1,0
ZINC04457165,DUD_p38_D_6628,COC(=O)[C@@H](Cc1c[nH]c2ccccc12)NC(=O)c1ccc(Cl)cc1,0
ZINC04457261,DUD_p38_D_6629,C/C(=N\N1C(=O)c2ccccc2N[C@H]1c1cccc(Cl)c1)c1ccccc1O,0
ZINC04458380,DUD_p38_D_6630,NC(=O)c1ccccc1/N=c1\cc(-c2ccccc2)oc2ccc(Cl)cc12,0
ZINC04459206,DUD_p38_D_6631,N/C(=N/c1ccccc1)S[C@@H]1CC(=O)N(c2cccc3ccccc23)C1=O,0
ZINC04460379,DUD_p38_D_6632,COc1ccccc1/C=C1/C(=N)N2C(c3ccccc3)=CSC2=NC1=O,0
ZINC04460942,DUD_p38_D_6633,C=CCNc1nc(-c2ccc(NC(=O)c3cccs3)cc2)cs1,0
ZINC04461448,DUD_p38_D_6634,CCOC(=O)N/N=C/c1cn(-c2cccs2)nc1-c1ccccc1,0
ZINC04462491,DUD_p38_D_6635,O=C(COC(=O)c1cc2c(s1)CCC2)Nc1ccc2ccccc2c1,0
ZINC04462900,DUD_p38_D_6636,Cc1c(C(=O)O[C@@H](C)C(=O)Nc2ccc(Br)cc2)oc2ccccc12,0
ZINC04462930,DUD_p38_D_6637,Cc1c(C(=O)O[C@H](C)C(=O)Nc2ccc(Cl)cc2)oc2ccccc12,0
ZINC04463011,DUD_p38_D_6638,Cc1c(C(=O)OCC(=O)Nc2ccccc2C(F)(F)F)oc2ccccc12,0
ZINC04463907,DUD_p38_D_6639,C[C@@H](Sc1nc2scc(-c3ccccc3)c2c(=O)n1N)c1ccc(F)cc1,0
ZINC04463938,DUD_p38_D_6640,Nn1c(SCc2ccccc2F)nc2scc(-c3ccccc3)c2c1=O,0
ZINC04463940,DUD_p38_D_6641,Nn1c(SCc2ccccc2)nc2scc(-c3ccccc3)c2c1=O,0
ZINC04463947,DUD_p38_D_6642,Cc1cccc(CSc2nc3scc(-c4ccccc4)c3c(=O)n2N)c1,0
ZINC04464163,DUD_p38_D_6643,Cc1ccc(C(=O)NN2C(=O)/C(=C\c3c[nH]c4ccccc34)SC2=S)cc1,0
ZINC04464197,DUD_p38_D_6644,CC(C)(C)c1ccc(-c2n[nH]c(=S)n2/N=C/c2ccccc2F)cc1,0
ZINC04464252,DUD_p38_D_6645,Cc1cccc(-n2ncc3/c(=N/c4ccc(Cl)cc4)nc[nH]c32)c1,0
ZINC04464374,DUD_p38_D_6646,Cc1nc2ccccc2c(=O)n1/N=C\c1c[nH]nc1-c1ccc(Br)cc1,0
ZINC04464374,DUD_p38_D_6647,Cc1nc2ccccc2c(=O)n1/N=C/c1cn[nH]c1-c1ccc(Br)cc1,0
ZINC04464416,DUD_p38_D_6648,Cc1nc2ccccc2c(=O)n1/N=C\c1cc(Br)c2ccccc2c1O,0
ZINC04464506,DUD_p38_D_6649,O=C1/C(=C\c2cn[nH]c2-c2ccccc2)SC(=S)N1Cc1ccccc1,0
ZINC04464521,DUD_p38_D_6650,CC(C)c1ccc(/C=C2/C(=N)N3C(c4ccccc4)=CSC3=NC2=O)cc1,0
ZINC04464525,DUD_p38_D_6651,O=C1C[C@@H](c2ccc(F)cc2)Cc2[nH]/c(=N\c3ccc(F)cc3)ncc21,0
ZINC04464538,DUD_p38_D_6652,C/C=c1/[nH]n2c(=N)/c(=C/c3ccc(-c4ccccc4Cl)o3)c(=O)nc-2s1,0
ZINC04464539,DUD_p38_D_6653,Cc1cccc(-n2ncc3/c(=N/c4ccc(Br)cc4)nc[nH]c32)c1,0
ZINC04464594,DUD_p38_D_6654,COc1ccc(/N=c2\nc[nH]c3c2cnn3-c2cccc(C)c2)cc1Cl,0
ZINC04464961,DUD_p38_D_6655,CCOc1ccc2nc(N3C(=O)/C(=C\c4ccccc4)NC3=S)sc2c1,0
ZINC04464999,DUD_p38_D_6656,CCOc1ccc2c(c1)SC1=NC(=O)/C(=C\c3c[nH]c4ccccc34)C(=N)N12,0
ZINC04465026,DUD_p38_D_6657,Cc1nn(-c2ccccc2)c(Cl)c1/C=N/NC(=O)c1ccc2ccccc2n1,0
ZINC04465175,DUD_p38_D_6658,CC(C)(C)c1ccc(-c2n[nH]c(=S)n2/N=C/c2cccc3ccccc23)cc1,0
ZINC04465178,DUD_p38_D_6659,Cc1cc(C)nc(N2Cc3ccccc3/C2=N\C(=O)Nc2ccc(F)cc2)n1,0
ZINC04465191,DUD_p38_D_6660,Cc1ccc(Nc2nc3ccccc3[nH]/c2=N/S(=O)(=O)c2cccs2)cc1F,0
ZINC04465197,DUD_p38_D_6661,O=C1C[C@@H](c2ccc(F)cc2)Cc2[nH]/c(=N/c3ccc(Cl)cc3)ncc21,0
ZINC04465213,DUD_p38_D_6662,C[C@H]1Cc2ccccc2N1C(=O)/C=C\c1cn[nH]c1-c1cc2ccccc2o1,0
ZINC04465228,DUD_p38_D_6663,Cn1/c(=N\NC(=O)C2=CCC(=O)N(c3ccccc3)N2)sc2ccccc21,0
ZINC04465231,DUD_p38_D_6664,Cc1nn(-c2ccc(F)cc2)c(Cl)c1/C=N\NC(=O)c1c(C)nc2ccccn12,0
ZINC04465231,DUD_p38_D_6665,Cc1nn(-c2ccc(F)cc2)c(Cl)c1/C=N\NC(=O)c1c(C)[nH+]c2ccccn12,0
ZINC04465247,DUD_p38_D_6666,Cc1ccc(C)c(S(=O)(=O)N/N=C/c2ccc(-c3ccc(F)cc3)o2)c1,0
ZINC04465271,DUD_p38_D_6667,Cc1nc2ccccn2c1C(=O)N/N=C\c1ccc(-c2ccc(F)cc2)o1,0
ZINC04465360,DUD_p38_D_6668,C[C@@]1(c2ccc(OC(F)F)cc2)NC(=O)N(/N=C/c2cccc3ccccc23)C1=O,0
ZINC04465402,DUD_p38_D_6669,CC(=O)Nc1ccc(-n2c(C)cs/c2=N/C(=O)c2ccccc2)cc1,0
ZINC04465434,DUD_p38_D_6670,CN1/C(=C/C=N/NC(=S)Nc2cccnc2)C(C)(C)c2ccccc21,0
ZINC04465461,DUD_p38_D_6671,Cc1cc(/C=N\NC(=O)c2cccnc2)c(C)n1-c1ccc(Cl)cc1,0
ZINC04466006,DUD_p38_D_6672,CC(C)(C)NC(=O)c1ccc2c(c1)NC(=O)/C(=C/c1ccccc1F)S2,0
ZINC04466059,DUD_p38_D_6673,CC(C)NC(=O)c1ccc2c(c1)NC(=O)/C(=C/c1ccccc1Cl)S2,0
ZINC04466219,DUD_p38_D_6674,O=C1N/C(=C\c2ccc(-c3ccc(Cl)cc3)o2)C(=O)N1Cc1ccccc1F,0
ZINC04466758,DUD_p38_D_6675,Cc1ccc(/C=C2/C(=N)N3C(c4ccccc4)=CSC3=NC2=O)cc1,0
ZINC04466759,DUD_p38_D_6676,Cc1cccc(/C=C2/C(=N)N3C(c4ccccc4)=CSC3=NC2=O)c1,0
ZINC04467531,DUD_p38_D_6677,CN(C)c1ccc(/C=C2/C(=N)N3C(c4ccccc4)=CSC3=NC2=O)cc1,0
ZINC04467558,DUD_p38_D_6678,COc1ccc(/C=C2/C(=N)N3C(c4ccccc4)=CSC3=NC2=O)cc1,0
ZINC04467637,DUD_p38_D_6679,Cc1cc(/C=C2/S/C(=N\c3ccc(F)cc3)NC2=O)c(C)n1-c1ccncc1,0
ZINC04467812,DUD_p38_D_6680,C=CCSc1nnc2c(n1)O[C@H](/C=C/c1ccco1)Nc1ccccc1-2,0
ZINC04467860,DUD_p38_D_6681,Cc1cc(/C=N\NC(=O)c2cccnc2)c(C)n1-c1ccc(Br)cc1,0
ZINC04467881,DUD_p38_D_6682,O=C(/C=C\c1ccccc1Cl)N1CCN(c2ccc(O)cc2)CC1,0
ZINC04468120,DUD_p38_D_6683,O=C1N=C(N2CCN(c3ccccc3F)CC2)S/C1=C/c1cccc(O)c1,0
ZINC04468419,DUD_p38_D_6684,C[C@]1(c2ccc(Cl)cc2)NC(=O)N(Cc2cccc3ccccc23)C1=O,0
ZINC04468574,DUD_p38_D_6685,Cc1ccccc1N1C(=O)/C(=C\C=C/Nc2ccccc2)C(=O)NC1=S,0
ZINC04468584,DUD_p38_D_6686,Cc1ccccc1N1C(=O)/C(=C/c2cccn2-c2ccccc2)C(=O)NC1=S,0
ZINC04468665,DUD_p38_D_6687,CCc1ccc(N2CN=c3s/c(=C\c4ccccc4O)c(=O)n3C2)cc1,0
ZINC04469012,DUD_p38_D_6688,O=C(CN1C(=O)N[C@]2(CCCc3ccccc32)C1=O)c1ccc(OC(F)F)cc1,0
ZINC04469529,DUD_p38_D_6689,Cc1c(/N=C/c2c(O)ccc3cc(Br)ccc23)c(=O)n(-c2ccccc2)n1C,0
ZINC04469703,DUD_p38_D_6690,Cc1nn(-c2ccccc2)c(Cl)c1/C=N/NC(=O)[C@@H]1COc2ccccc2O1,0
ZINC04469707,DUD_p38_D_6691,Cc1nn(-c2ccccc2)c(Cl)c1/C=N\NC(=O)c1ccc2c(c1)OCCO2,0
ZINC04469931,DUD_p38_D_6692,Cc1nc2ccc(Br)cn2c1C(=O)N/N=C/c1cccc2ccccc12,0
ZINC04470067,DUD_p38_D_6693,Cc1ccc2oc(-c3ccc(Cl)cc3)c/c(=N/c3nnc[nH]3)c2c1,0
ZINC04470069,DUD_p38_D_6694,Cc1ccc2oc(-c3ccc(Cl)cc3)c/c(=N/c3nnc(C)[nH]3)c2c1,0
ZINC04470106,DUD_p38_D_6695,O=C1/C(=C/c2cc3ccccc3[nH]c2=O)SC(=S)N1Cc1ccccc1,0
ZINC04470106,DUD_p38_D_6696,O=C1/C(=C\c2cc3ccccc3nc2O)SC(=S)N1Cc1ccccc1,0
ZINC04470153,DUD_p38_D_6697,CCOc1ccc(N2C(=O)/C(=C\c3nc4ccccc4[nH]3)SC2=S)cc1,0
ZINC04470164,DUD_p38_D_6698,Cc1ccccc1C(=O)NN1C(=O)/C(=C/c2nc3ccccc3[nH]2)SC1=S,0
ZINC04470165,DUD_p38_D_6699,CC1=N/C(=C\c2c(O)ccc3ccccc23)C(=O)N(c2ccccc2)N1C,0
ZINC04470195,DUD_p38_D_6700,Cc1ccc(/N=C2\NC(=O)/C(=C/c3c(C)[nH]c4ccccc34)S2)cc1,0
ZINC04470224,DUD_p38_D_6701,C=c1[nH]n(-c2ccc(C)cc2C)c(=O)/c1=C\Nc1cc(Cl)ccc1O,0
ZINC04470231,DUD_p38_D_6702,Cc1ccc(-c2ccc(/C=N\NC(=O)[C@@H](O)c3ccccc3)o2)cc1Cl,0
ZINC04470256,DUD_p38_D_6703,CC1(C)Cc2ccccc2C(/C(=N/O)C(=O)Nc2ccc(Br)cc2)=N1,0
ZINC04470304,DUD_p38_D_6704,Cc1[nH]c2ccccc2c1/C=C1\S/C(=N/c2ccc(F)cc2)NC1=O,0
ZINC04470306,DUD_p38_D_6705,Cc1ccc(C)c(N2C(=O)CS/C2=N/NC(=O)c2ccccc2Cl)c1,0
ZINC04470358,DUD_p38_D_6706,Cc1ccc(N2C(=O)/C(=C\c3ccc(-c4ccc(F)cc4)o3)C(=O)NC2=S)cc1,0
ZINC04470366,DUD_p38_D_6707,C=c1[nH]n(-c2ccccc2)c(=O)/c1=C\c1ccc(-c2cccc(Br)c2)o1,0
ZINC04470368,DUD_p38_D_6708,CN/C(=N\c1cccc(Cl)c1)S[C@H]1CC(=O)N(c2ccccc2)C1=O,0
ZINC04470398,DUD_p38_D_6709,CCc1ccc2c(c1)/C(=N\N=c1\[nH]c(-c3ccccc3)cs1)C(=O)N2,0
ZINC04470427,DUD_p38_D_6710,CC(=O)NC(=O)c1cc2ccccc2o/c1=N\c1ccc(Cl)cc1Cl,0
ZINC04470429,DUD_p38_D_6711,CC(=O)NC(=O)c1cc2c(ccc3ccccc32)o/c1=N/c1ccc(F)cc1F,0
ZINC04470437,DUD_p38_D_6712,C=c1[nH]n(-c2ccccc2)c(=O)/c1=C/c1ccc(-c2cccc(F)c2)o1,0
ZINC04470440,DUD_p38_D_6713,Cc1nn(-c2ccccc2)c(C)c1/C=N\NC(=O)c1cccc(Cl)c1,0
ZINC04470443,DUD_p38_D_6714,O=C1NC(=O)N(c2cccc(Cl)c2)C(=O)/C1=C\c1ccc(N2CCCCC2)o1,0
ZINC04470776,DUD_p38_D_6715,CN/C(=N/c1ccccc1)S[C@@H]1CC(=O)N(c2ccc(Cl)cc2)C1=O,0
ZINC04470777,DUD_p38_D_6716,CN/C(=N\c1ccccc1)S[C@H]1CC(=O)N(c2ccc(Cl)cc2)C1=O,0
ZINC04471956,DUD_p38_D_6717,CC(C)c1ccc(/C=C2/C(=N)N3N=C(c4ccccc4)SC3=NC2=O)cc1,0
ZINC04475140,DUD_p38_D_6718,O=C(CCC[N@@H+]1C=C[C@@H](n2c(=O)[nH]c3ccccc32)CC1)c1ccc(F)cc1,0
ZINC04475438,DUD_p38_D_6719,Cc1ccc(-c2cs/c(=N\NC(=O)c3ccccc3)n2C(=O)CCl)cc1,0
ZINC04475736,DUD_p38_D_6720,O=C(CCC(=O)c1ccccc1)Nc1nc2c(s1)CCc1ccccc1-2,0
ZINC04477419,DUD_p38_D_6721,C[C@]1(c2cccc3ccccc23)NC(=O)N(Cc2nc3ccccc3s2)C1=O,0
ZINC04477424,DUD_p38_D_6722,C[C@]1(c2cccc3ccccc23)NC(=O)N(CC(=O)Nc2cc(F)ccc2F)C1=O,0
ZINC04477750,DUD_p38_D_6723,C[C@@]1(c2ccccc2Cl)NC(=O)N(Cc2csc(-c3ccccc3)n2)C1=O,0
ZINC04479457,DUD_p38_D_6724,Cc1ccc(-c2nnc(NC(=O)/C=C\c3ccccc3Cl)o2)c(C)c1,0
ZINC04486983,DUD_p38_D_6725,CC1=C(C(=O)Nc2ccc(Cl)cc2)[C@@H](c2cccs2)n2ncnc2N1,0
ZINC04487794,DUD_p38_D_6726,COc1cc(NC(=O)c2ccc(F)cc2)ccc1NC(=O)c1cccs1,0
ZINC04488452,DUD_p38_D_6727,COc1cccc([C@H]2CC(c3cccs3)=NN2C(=O)c2ccco2)c1O,0
ZINC04492065,DUD_p38_D_6728,Cc1cc(SCc2nc3ccsc3c(=O)[nH]2)nc2c(C)cccc12,0
ZINC04492065,DUD_p38_D_6729,Cc1cc(SCc2nc(=O)c3sccc3[nH]2)nc2c(C)cccc12,0
ZINC04492163,DUD_p38_D_6730,O=c1[nH]c(CSc2ccc3ccccc3c2)nc2sc3c(c12)CCC3,0
ZINC04492163,DUD_p38_D_6731,O=c1nc(CSc2ccc3ccccc3c2)[nH]c2sc3c(c12)CCC3,0
ZINC04492164,DUD_p38_D_6732,Cc1sc2nc(CSc3ccc4ccccc4c3)[nH]c(=O)c2c1C,0
ZINC04492368,DUD_p38_D_6733,Cc1[nH]c(SCC(=O)Nc2cccnc2Cl)nc1Cc1ccccc1,0
ZINC04492425,DUD_p38_D_6734,Cc1[nH]c(SCc2cc(=O)n3ccsc3n2)nc1Cc1ccccc1,0
ZINC04492433,DUD_p38_D_6735,Cc1[nH]c(SCc2nc3ccccc3c(=O)[nH]2)nc1Cc1ccccc1,0
ZINC04492433,DUD_p38_D_6736,Cc1[nH]c(SCc2nc3ccccc3c(=O)[nH]2)[nH+]c1Cc1ccccc1,0
ZINC04492433,DUD_p38_D_6737,Cc1[nH]c(SCc2nc(=O)c3ccccc3[nH]2)[nH+]c1Cc1ccccc1,0
ZINC04492542,DUD_p38_D_6738,Cc1[nH]c(SCc2nc3ccsc3c(=O)[nH]2)nc1Cc1ccccc1,0
ZINC04492542,DUD_p38_D_6739,Cc1[nH]c(SCc2nc3ccsc3c(=O)[nH]2)[nH+]c1Cc1ccccc1,0
ZINC04492542,DUD_p38_D_6740,Cc1[nH]c(SCc2nc(=O)c3sccc3[nH]2)[nH+]c1Cc1ccccc1,0
ZINC04492563,DUD_p38_D_6741,Cc1[nH]c(SCc2cc(=O)n3c(C)csc3n2)nc1Cc1ccccc1,0
ZINC04494997,DUD_p38_D_6742,C[C@H](OC(=O)c1cc2c(s1)-c1ccccc1OC2)C(=O)Nc1ccccc1F,0
ZINC04495083,DUD_p38_D_6743,O=C(COC(=O)c1cc2c(s1)-c1ccccc1OC2)Nc1ccccc1Cl,0
ZINC04496457,DUD_p38_D_6744,Cc1ccc(SCC(=O)Nc2nc(-c3ccc4c(c3)OCO4)cs2)cc1,0
ZINC04496742,DUD_p38_D_6745,O=C(CSc1ccc(F)cc1)Nc1nc(-c2ccc3c(c2)OCCO3)cs1,0
ZINC04497319,DUD_p38_D_6746,O=C(N[C@@H]1CC(=O)N(c2cccc(F)c2)C1)c1cccc2ccccc12,0
ZINC04497523,DUD_p38_D_6747,O=C(N[C@H]1CC(=O)N(c2ccc(Cl)cc2)C1)c1cc2ccccc2o1,0
ZINC04501939,DUD_p38_D_6748,Cc1sc2c(c1C)C(=O)N[C@H](c1ccc(OCc3ccccc3)cc1)N2,0
ZINC04502297,DUD_p38_D_6749,Cc1nc2n(n1)[C@H](c1ccc(Cl)cc1)C1=C(C[C@H](c3ccco3)CC1=O)N2,0
ZINC04503062,DUD_p38_D_6750,CC(=O)Nc1ccc(NC(=O)C2c3ccccc3-c3ccccc32)cc1,0
ZINC04510138,DUD_p38_D_6751,Cc1ccccc1-n1cnnc1SCC(=O)Nc1ccc(OC(F)F)cc1,0
ZINC04511290,DUD_p38_D_6752,COC(=O)c1ccccc1-c1ccc(/C=N/NC(=O)c2cccc(Cl)c2)o1,0
ZINC04511884,DUD_p38_D_6753,CCNC(=O)c1ccccc1NC(=O)c1sc2ccccc2c1Cl,0
ZINC04512014,DUD_p38_D_6754,O=C(Nc1cccc(-c2cnc3ccccc3n2)c1)c1ccc(Br)o1,0
ZINC04512016,DUD_p38_D_6755,Cc1ccc(-c2cnc3ccccc3n2)cc1NC(=O)c1cccs1,0
ZINC04512162,DUD_p38_D_6756,COc1ccc(C(=O)Nc2ccc3sc4ccccc4c(=O)c3c2)cc1,0
ZINC04515786,DUD_p38_D_6757,COc1ccc(-n2nc(-c3ccc(C)o3)cc2C(=O)Nc2ccc(F)cc2)cc1,0
ZINC04518390,DUD_p38_D_6758,Cc1nnc(SCC(=O)Nc2cccc(Cl)c2)n1-n1cccc1,0
ZINC04518391,DUD_p38_D_6759,Cc1c(Cl)cccc1NC(=O)CSc1nnc(C)n1-n1cccc1,0
ZINC04594323,DUD_p38_D_6760,O=C1NN(c2ccccc2)C(=O)/C1=C\c1ccc(-c2ccc(F)cc2F)o1,0
ZINC04594703,DUD_p38_D_6761,O=C(CSCc1ccc(F)cc1)Nc1nc(-c2ccccn2)cs1,0
ZINC04595593,DUD_p38_D_6762,O=C(CSc1ccc2ccccc2n1)Nc1ccc(N2CCOCC2)cc1,0
ZINC04595855,DUD_p38_D_6763,O=C(CSc1nc2ccc(Cl)cc2[nH]1)Nc1ccc2c(c1)CCC2,0
ZINC04595858,DUD_p38_D_6764,Cc1nc2cc(C(=O)Nc3nccs3)ccc2n1-c1ccccc1,0
ZINC04595871,DUD_p38_D_6765,c1ccc(CNc2nc(-c3cccnc3)nc3sc4c(c23)CCCC4)nc1,0
ZINC04596593,DUD_p38_D_6766,CC(C)N(c1ccccc1)c1ccc(NC(=S)Nc2cccnc2)cc1,0
ZINC04597916,DUD_p38_D_6767,CC1(C)Cc2ccccc2C(CSc2n[nH]c3c4ccccc4nc-3n2)=N1,0
ZINC04610757,DUD_p38_D_6768,CC1=NN(c2ccccc2)C(=O)/C1=C(/C)NNC(=O)c1ccc(Cl)cc1,0
ZINC04618196,DUD_p38_D_6769,O=C1NC(=O)N(c2ccccc2)C(=O)/C1=C/c1cccn1-c1ccc(Br)cc1,0
ZINC04621470,DUD_p38_D_6770,C/C(=C/c1[nH]nc(-c2ccc(F)cc2)c1-c1ccncc1)Cc1cccnc1,0
ZINC04622895,DUD_p38_D_6771,O=C(CSc1ccccc1)Nc1ccc(-c2cn3ccsc3n2)cc1,0
ZINC04627899,DUD_p38_D_6772,Cn1cc(-c2nnc(-c3ccc(Cl)cc3)[nH]c2=O)c2ccccc21,0
ZINC04627899,DUD_p38_D_6773,Cn1cc(-c2n[nH]c(-c3ccc(Cl)cc3)nc2=O)c2ccccc21,0
ZINC04627899,DUD_p38_D_6774,Cn1cc(-c2nnc(-c3ccc(Cl)cc3)nc2O)c2ccccc21,0
ZINC04628123,DUD_p38_D_6775,N#C/C(=C\Nc1ccc2ncccc2c1)c1nc(-c2ccc(F)cc2)cs1,0
ZINC04633453,DUD_p38_D_6776,Cc1cccc(O[C@H](C)C(=O)Nc2nc(-c3ccccn3)cs2)c1,0
ZINC04633469,DUD_p38_D_6777,COc1ccc(NC(=O)c2ccc(Cl)c(NC(=O)c3cccs3)c2)cn1,0
ZINC04633710,DUD_p38_D_6778,CCc1c(O)n(-c2ccccc2)c(=S)n(Cc2nc3ccccc3[nH]2)c1=O,0
ZINC04638729,DUD_p38_D_6779,COc1ccc(-n2cccc2/C=C2\S/C(=N/c3ccc(F)cc3)NC2=O)cc1,0
