name,id,smiles,active
ZINC01510316,DUD_er_agonist_A_1,Oc1ccc(C=Cc2ccc(O)cc2)cc1,1
ZINC04150452,DUD_er_agonist_A_2,CC(=C(C)c1ccc(O)cc1)c1ccc(O)cc1,1
ZINC00056548,DUD_er_agonist_A_3,CCC(c1ccc(O)cc1)C(CC)c1ccc(O)cc1,1
ZINC00056546,DUD_er_agonist_A_4,CC[C@@H](c1ccc(O)cc1)[C@@H](CC)c1ccc(O)cc1,1
ZINC01587804,DUD_er_agonist_A_5,O=C(C(=O)c1ccc(O)cc1O)c1ccc(O)cc1O,1
ZINC03872293,DUD_er_agonist_A_6,CC=C(C(=CC)c1ccc(O)cc1)c1ccc(O)cc1,1
ZINC03861549,DUD_er_agonist_A_7,CCC(=C(CC)c1ccc(O)cc1)c1ccc(O)cc1,1
ZINC01747889,DUD_er_agonist_A_8,CC/C(=C(/CC)c1ccc(OC)cc1)c1ccc(O)cc1,1
ZINC01566834,DUD_er_agonist_A_9,CC[C@H](c1ccc(OC)cc1)[C@@H](CC)c1ccc(O)cc1,1
ZINC01668370,DUD_er_agonist_A_10,CCC(c1ccc(O)c(O)c1)C(CC)c1ccc(O)c(O)c1,1
ZINC00056434,DUD_er_agonist_A_11,CC(C)(c1ccc(O)cc1)c1ccc(O)cc1,1
ZINC00508310,DUD_er_agonist_A_12,Oc1ccc(C(=C(Cl)Cl)c2ccc(O)cc2)cc1,1
ZINC00283101,DUD_er_agonist_A_13,Oc1ccc(C(c2ccc(O)cc2)C(Cl)(Cl)Cl)cc1,1
ZINC03815429,DUD_er_agonist_A_14,COc1ccc(C(=C(Cl)Cl)c2ccc(O)cc2)cc1,1
ZINC03815428,DUD_er_agonist_A_15,COc1ccc([C@@H](c2ccc(O)cc2)C(Cl)(Cl)Cl)cc1,1
ZINC00155246,DUD_er_agonist_A_16,COc1ccc(C(c2ccc(OC)cc2)C(Cl)(Cl)Cl)cc1,1
ZINC00388660,DUD_er_agonist_A_17,Oc1ccc([C@@H]2COc3cc(O)ccc3C2)cc1,1
ZINC00057656,DUD_er_agonist_A_18,O=c1cc(-c2ccc(O)cc2)oc2ccc(O)cc12,1
ZINC00047551,DUD_er_agonist_A_19,O=c1c2ccc(O)cc2occ1-c1ccc(O)cc1,1
ZINC00039316,DUD_er_agonist_A_20,O=c1c(O)c(-c2ccc(O)cc2)oc2ccc(O)cc12,1
ZINC00041692,DUD_er_agonist_A_21,CC[C@H]1CCCCN1C(=O)c1nnn(-c2ccc(OC)cc2)c1COC,1
ZINC00113304,DUD_er_agonist_A_22,COc1ccc(-c2coc3cc(O)ccc3c2=O)cc1,1
ZINC01631270,DUD_er_agonist_A_23,CCc1c(-c2ccc(OC)cc2)c(=O)oc2cc(O)ccc12,1
ZINC03815427,DUD_er_agonist_A_24,C[C@@]12CCC[C@H]1[C@H]1CCc3cc(O)ccc3[C@@H]1CC2,1
ZINC03814416,DUD_er_agonist_A_25,C[C@]12CC[C@@H]3c4ccccc4CC[C@H]3[C@@H]1CC[C@@H]2O,1
ZINC03814364,DUD_er_agonist_A_26,CC12CCC3c4ccc(O)cc4CCC3C1CCC2O,1
ZINC03814379,DUD_er_agonist_A_27,C[C@]12CC[C@@H]3[C@H]4CCC(=O)C=C4CC[C@H]3[C@@H]1CC[C@@H]2O,1
ZINC01070102,DUD_er_agonist_A_28,C[C@@]12CC[C@@H]3c4ccc(O)cc4CC[C@@H]3[C@@H]1CC[C@H]2O,1
ZINC03815415,DUD_er_agonist_A_29,C[C@]12CC[C@@H]3c4ccc(O)cc4CC[C@H]3[C@@H]1CC[C@H]2O,1
ZINC03815416,DUD_er_agonist_A_30,CC12CCC3c4ccc(O)cc4CCC3C1CCC2=O,1
ZINC03815431,DUD_er_agonist_A_31,C[C@]12CC[C@@H]3c4ccc(O)cc4CC[C@H]3[C@@H]1CC(=O)C2,1
ZINC03814361,DUD_er_agonist_A_32,C[C@@]12CC[C@H]3[C@@H](CC[C@@H]4CC(=O)CC[C@@]34C)[C@@H]1CC[C@@H]2O,1
ZINC03814410,DUD_er_agonist_A_33,C[C@]12CC[C@@H]3c4ccc(O)c(O)c4CC[C@H]3[C@@H]1CC[C@@H]2O,1
ZINC03814412,DUD_er_agonist_A_34,C[C@]12CC[C@H]3[C@@H](CC[C@H]4C[C@@H](O)CC[C@@]43C)[C@@H]1CC[C@@H]2O,1
ZINC03815439,DUD_er_agonist_A_35,C[C@@]12CC[C@@]3(C)[C@H](O)CC[C@@H]3[C@@H]1CCc1cc(O)ccc12,1
ZINC03807917,DUD_er_agonist_A_36,C[C@]12CC[C@H]3[C@@H](CC=C4C[C@@H](O)CC[C@@]43C)[C@@H]1CCC2=O,1
ZINC03815418,DUD_er_agonist_A_37,C[C@]12CC[C@@H]3c4ccc(O)cc4CC[C@H]3[C@@H]1C[C@@H](O)[C@@H]2O,1
ZINC03815419,DUD_er_agonist_A_38,C[C@]12CC[C@@H]3c4cc(O)c(O)cc4CC[C@H]3[C@@H]1CC[C@@H]2O,1
ZINC03815421,DUD_er_agonist_A_39,C[C@]12CC[C@H](O)CC1=CC[C@@H]1[C@@H]2CC[C@@]2(C)[C@@H](O)CC[C@@H]12,1
ZINC03815438,DUD_er_agonist_A_40,C[C@H]1Cc2cc(O)ccc2[C@@H]2CC[C@]3(C)[C@@H](CC[C@H]3O)[C@H]12,1
ZINC03815437,DUD_er_agonist_A_41,Cc1cc2c(cc1O)CC[C@H]1[C@@H]3CC[C@H](O)[C@]3(C)CC[C@@H]21,1
ZINC00585979,DUD_er_agonist_A_42,C[C@@]12CC[C@@H]3c4ccc(O)cc4CC[C@@H]3[C@@H]1C[C@@H](O)[C@H]2O,1
ZINC03815435,DUD_er_agonist_A_43,C[C@@]12CC[C@H]3c4ccc(O)cc4CC[C@@H]3[C@@H]1CC[C@H]2CO,1
ZINC03815432,DUD_er_agonist_A_44,C[C@]12CC[C@@H]3c4ccc(O)cc4[C@@H](O)C[C@H]3[C@@H]1CC[C@@H]2O,1
ZINC03814415,DUD_er_agonist_A_45,C#CC1(O)CCC2C3CCC4=CC(=O)CCC4C3CCC21C,1
ZINC03814419,DUD_er_agonist_A_46,C#C[C@]1(O)CC[C@H]2[C@@H]3CC=C4CC(=O)CC[C@@H]4[C@H]3CC[C@@]21C,1
ZINC03812897,DUD_er_agonist_A_47,C#C[C@]1(O)CC[C@H]2[C@@H]3CCc4cc(O)ccc4[C@H]3CC[C@@]21C,1
ZINC03815449,DUD_er_agonist_A_48,C[C@]12C[C@@H](CCl)[C@@H]3c4ccc(O)cc4CC[C@@H]3[C@H]1CC[C@H]2O,1
ZINC01686128,DUD_er_agonist_A_49,C#C[C@]1(O)CC[C@H]2[C@H]3CCc4cc(O)ccc4[C@H]3CC[C@]21C,1
ZINC02106113,DUD_er_agonist_A_50,C#C[C@]1(O)CC[C@H]2[C@@H]3CCC4=C(CCC(=O)C4)[C@@H]3CC[C@]21C,1
ZINC03815440,DUD_er_agonist_A_51,C#C[C@@]1(O)CC[C@@H]2[C@H]3CCc4cc(O)ccc4[C@H]3C[C@@H](C)[C@@]21C,1
ZINC03815424,DUD_er_agonist_A_52,C#C[C@]1(O)CC[C@H]2[C@@H]3CCc4cc(OC)ccc4[C@H]3CC[C@@]21C,1
ZINC03814383,DUD_er_agonist_A_53,CC(=O)C1CCC2C3CCC4=CC(=O)CCC4(C)C3CCC12C,1
ZINC03815417,DUD_er_agonist_A_54,C#C[C@]1(O)CC[C@H]2[C@@H]3CCc4cc(O)ccc4[C@H]3[C@@H](OC)C[C@@]21C,1
ZINC01999257,DUD_er_agonist_A_55,C#C[C@]1(O)CC[C@H]2[C@H]3CCc4cc(O)ccc4[C@H]3[C@@H](OC)C[C@]21C,1
ZINC03815446,DUD_er_agonist_A_56,CCc1c(-c2ccc(O)cc2)sc2cc(O)ccc12,1
ZINC03815444,DUD_er_agonist_A_57,CCn1c(-c2ccc(O)cc2)c(C)c2ccc(O)cc21,1
ZINC03815448,DUD_er_agonist_A_58,Oc1ccc(-c2cc3cc(Cl)c(O)cc3n2CCl)c(Cl)c1,1
ZINC02035359,DUD_er_agonist_A_59,CC[C@@H](c1ccc2cc(O)ccc2c1)C(C)(C)C(=O)O,1
ZINC00001219,DUD_er_agonist_A_60,O=c1oc2cc(O)ccc2c2oc3cc(O)ccc3c12,1
ZINC03815442,DUD_er_agonist_A_61,C[C@@]12CC[C@@H]3c4ccc(O)cc4CC[C@@H]3[C@@H]1CCC[C@@H]2O,1
ZINC03815441,DUD_er_agonist_A_62,C[C@@]12CC[C@@H]3c4ccc(O)cc4CC[C@H]3[C@@]13CC[C@H](C3)[C@@H]2O,1
ZINC03815445,DUD_er_agonist_A_63,Oc1ccc(-c2oc3cc(O)ccc3c2-c2ccc(O)cc2)cc1,1
ZINC00000189,DUD_er_agonist_D_1,C[C@H]1C[C@H](OC(=O)[C@@H](O)c2ccccc2)CC(C)(C)C1,0
ZINC00000934,DUD_er_agonist_D_2,CCCc1ncc(C[n+]2ccccc2C)c(N)n1,0
ZINC00001503,DUD_er_agonist_D_3,Cc1nc[nH]c1C[C@H]1CCc2c(c3ccccc3n2C)C1=O,0
ZINC00001503,DUD_er_agonist_D_4,Cc1[nH]c[nH+]c1C[C@H]1CCc2c(c3ccccc3n2C)C1=O,0
ZINC00002614,DUD_er_agonist_D_5,Cc1[nH]cnc1C[C@H]1CCc2[nH]c3ccccc3c2C1=O,0
ZINC00002831,DUD_er_agonist_D_6,Cc1nc[nH]c1C[C@H](C)C(=O)c1cn(C)c2ccccc12,0
ZINC00002831,DUD_er_agonist_D_7,Cc1[nH]c[nH+]c1C[C@H](C)C(=O)c1cn(C)c2ccccc12,0
ZINC00002832,DUD_er_agonist_D_8,Cc1nc[nH]c1CCC(=O)c1c(C)n(C)c2ccccc12,0
ZINC00002832,DUD_er_agonist_D_9,Cc1[nH]c[nH+]c1CCC(=O)c1c(C)n(C)c2ccccc12,0
ZINC00002834,DUD_er_agonist_D_10,Cc1nc[nH]c1CC(C)(C)C(=O)c1cn(C)c2ccccc12,0
ZINC00002834,DUD_er_agonist_D_11,Cc1[nH]c[nH+]c1CC(C)(C)C(=O)c1cn(C)c2ccccc12,0
ZINC00003434,DUD_er_agonist_D_12,Cc1cc(O)ccc1N1CCc2cc(O)ccc2C1,0
ZINC00003629,DUD_er_agonist_D_13,CCOC(=O)C1=C(C)Nc2n[nH]cc2[C@H]1c1ccccc1Cl,0
ZINC00003629,DUD_er_agonist_D_14,CCOC(=O)C1=C(C)Nc2[nH]ncc2[C@H]1c1ccccc1Cl,0
ZINC00003728,DUD_er_agonist_D_15,CCC1=C(c2ccc(-n3ccnc3C)cc2)CNC1=O,0
ZINC00003728,DUD_er_agonist_D_16,CCC1=C(c2ccc(-n3cc[nH+]c3C)cc2)CNC1=O,0
ZINC00003760,DUD_er_agonist_D_17,Cc1nc[nH]c1CCC(=O)c1cn(C)c2ccccc12,0
ZINC00003760,DUD_er_agonist_D_18,Cc1[nH]c[nH+]c1CCC(=O)c1cn(C)c2ccccc12,0
ZINC00003978,DUD_er_agonist_D_19,C[C@H]1CC(=O)NN=C1/C=C\c1ccc(-n2ccnc2)cc1,0
ZINC00004303,DUD_er_agonist_D_20,NC(=S)[C@@H](C(=O)OCC1CCCC1)c1ccccn1,0
ZINC00004404,DUD_er_agonist_D_21,COc1cc2cc(C3=NNC(=O)C[C@H]3C)sc2cc1OC,0
ZINC00004619,DUD_er_agonist_D_22,COc1ccccc1-c1csc(Cc2[nH]cnc2C)n1,0
ZINC00004619,DUD_er_agonist_D_23,COc1ccccc1-c1csc(Cc2[nH+]c[nH]c2C)n1,0
ZINC00004624,DUD_er_agonist_D_24,Cn1cc(C(=O)[C@@H]2CCc3[nH]cnc3C2)c2ccccc21,0
ZINC00004683,DUD_er_agonist_D_25,C[C@@H](NC(=S)Nc1ccc(C#N)cc1)C(C)(C)C,0
ZINC00005140,DUD_er_agonist_D_26,C[C@@H]1c2cc(O)c(O)cc2O[C@@H]1Cc1ccccc1,0
ZINC00005569,DUD_er_agonist_D_27,CNc1nc2c(Cc3cccnc3)c(C)c(O)c(C)c2s1,0
ZINC00005681,DUD_er_agonist_D_28,C=CC[N+]1(C)CCN(c2nc3ccc(O)cc3s2)CC1,0
ZINC00005909,DUD_er_agonist_D_29,Cc1ccc2c(c1O)C(=O)c1c(C)cc(O)cc1[C@@]2(C)O,0
ZINC00006006,DUD_er_agonist_D_30,Cc1cc(-c2cc(C)c3c(O)cc(O)cc3[o+]2)cc(C)c1O,0
ZINC00006052,DUD_er_agonist_D_31,Cc1[nH]cnc1CN1CCN(c2cccc(Cl)c2)C1=O,0
ZINC00006959,DUD_er_agonist_D_32,C[C@H]1CC(=O)c2c(C(=O)Nc3ccccc3F)c[nH]c2C1,0
ZINC00007254,DUD_er_agonist_D_33,C[C@]12CCC3=C(CCc4cc(O)ccc43)[C@@]13C[C@@H]3C[C@@H]2O,0
ZINC00007265,DUD_er_agonist_D_34,CC(C)n1cc(-c2ccccc2)c2ncnc(N)c21,0
ZINC00007287,DUD_er_agonist_D_35,C[C@@]12CCc3c(sc4cc(O)ccc34)[C@H]1CC[C@@H]2O,0
ZINC00007345,DUD_er_agonist_D_36,C[C@@]12CCC3=C(CCc4cc(O)ccc43)[C@H]1CC[C@H]2O,0
ZINC00007756,DUD_er_agonist_D_37,COc1ccc2cc([C@](O)(c3c[nH]cn3)C(C)C)ccc2c1,0
ZINC00007756,DUD_er_agonist_D_38,COc1ccc2cc([C@](O)(c3c[nH]c[nH+]3)C(C)C)ccc2c1,0
ZINC00007756,DUD_er_agonist_D_39,COc1ccc2cc([C@@](O)(c3cnc[nH]3)C(C)C)ccc2c1,0
ZINC00007872,DUD_er_agonist_D_40,Cc1cc(O)c(C)c2sc(NCc3cccnc3)nc12,0
ZINC00008167,DUD_er_agonist_D_41,COc1cc(=O)c2cc(C)c(C)cc2n1Cc1ccc(O)cc1,0
ZINC00008170,DUD_er_agonist_D_42,Cn1c2c(c3ccccc31)C(=O)[C@@H](Cn1ccnc1N)CC2,0
ZINC00008269,DUD_er_agonist_D_43,CNC(=S)NCCc1cccc2ccc(OC)cc12,0
ZINC00008591,DUD_er_agonist_D_44,C[C@H]1CC[C@H](C(C)(C)O)C[C@@H]1N(C)c1ncnc2[nH]ccc12,0
ZINC00008680,DUD_er_agonist_D_45,CCn1c2c(c(C)c1-c1ccc(O)cc1)CC(=O)CC2,0
ZINC00008878,DUD_er_agonist_D_46,CC(C)n1c(=O)[nH]c2ccc(-c3cccc([N+](=O)[O-])c3)cc21,0
ZINC00008950,DUD_er_agonist_D_47,O=C1C=C(Nc2ccc3cnn(C4CCCC4)c3c2)CC1,0
ZINC00009305,DUD_er_agonist_D_48,C[C@H]1c2ccc(O)cc2CCN1c1ccc(O)cc1,0
ZINC00009328,DUD_er_agonist_D_49,Cc1cc(-n2cnc(Cn3ccnc3N)c2)ccc1Cl,0
ZINC00009328,DUD_er_agonist_D_50,Cc1cc(-n2c[nH+]c(Cn3cc[nH+]c3N)c2)ccc1Cl,0
ZINC00009328,DUD_er_agonist_D_51,Cc1cc(-n2cnc(Cn3cc[nH+]c3N)c2)ccc1Cl,0
ZINC00009328,DUD_er_agonist_D_52,Cc1cc(-n2c[nH+]c(Cn3ccnc3N)c2)ccc1Cl,0
ZINC00009379,DUD_er_agonist_D_53,CC(C)c1cc(-c2csc(=O)[nH]2)cc(C(C)C)c1O,0
ZINC00009394,DUD_er_agonist_D_54,Cc1cc(C=O)c(C)n1CCc1c[nH]c2ccccc12,0
ZINC00009603,DUD_er_agonist_D_55,CC(C)c1cc(Nc2cccnn2)cc(C(C)(C)C)c1O,0
ZINC00009653,DUD_er_agonist_D_56,COc1ccc2c(c1)CC[C@H](Nc1ccc(O)cc1)C2,0
ZINC00009661,DUD_er_agonist_D_57,COc1ccc2c(c1)C[C@@H](Nc1ccc(O)cc1)C2,0
ZINC00009687,DUD_er_agonist_D_58,CC(C)(c1ccc(O)cc1F)C(C)(C)c1ccc(O)cc1F,0
ZINC00010950,DUD_er_agonist_D_59,Cc1[nH]cnc1C[C@@H]1CCc2ccc3ccccc3c2C1=O,0
ZINC00011293,DUD_er_agonist_D_60,Cc1[nH]cnc1C[C@@H]1CCc2[nH]c3c(F)cccc3c2C1=O,0
ZINC00011761,DUD_er_agonist_D_61,C[C@@H]1CC(=O)NN=C1c1ccc(Sc2nccn2C)cc1,0
ZINC00011780,DUD_er_agonist_D_62,C[C@H](C(=O)OC1CCCCC1)c1ccc(N)c(Cl)c1,0
ZINC00011787,DUD_er_agonist_D_63,C[C@H](C(=O)CC1CCCCC1)c1ccc(N)cc1Cl,0
ZINC00011877,DUD_er_agonist_D_64,COc1ccc(Nc2ccc3[nH]c(=O)oc3c2)c(C)c1C,0
ZINC00012150,DUD_er_agonist_D_65,Cc1cc(O)nc(SCc2ccccc2N(C)C)n1,0
ZINC00012482,DUD_er_agonist_D_66,CC(C)(C)c1ccc(C(=O)Nc2ccc(O)cc2)cc1,0
ZINC00012591,DUD_er_agonist_D_67,Cc1cc(O)ccc1N1CCc2nnc3ccccc3c21,0
ZINC00012908,DUD_er_agonist_D_68,Cc1nc2ccc([C@H](C(C)C)n3ccnc3)cc2[nH]1,0
ZINC00012908,DUD_er_agonist_D_69,Cc1[nH]c2ccc([C@H](C(C)C)n3ccnc3)cc2[nH+]1,0
ZINC00012908,DUD_er_agonist_D_70,Cc1nc2ccc([C@@H](C(C)C)n3cc[nH+]c3)cc2[nH]1,0
ZINC00012908,DUD_er_agonist_D_71,Cc1[nH]c2ccc([C@@H](C(C)C)n3cc[nH+]c3)cc2[nH+]1,0
ZINC00013024,DUD_er_agonist_D_72,C=CCc1cc(C(=O)c2cccs2)c2occ(C)c2c1O,0
ZINC00013208,DUD_er_agonist_D_73,Cc1nc[nH]c1CNC(=O)c1cn(C)c2ccccc12,0
ZINC00013208,DUD_er_agonist_D_74,Cc1[nH]c[nH+]c1CNC(=O)c1cn(C)c2ccccc12,0
ZINC00014171,DUD_er_agonist_D_75,COc1cc2c(cc1OC)C(C)=[N+]([O-])[C@H](c1ccccc1)N2,0
ZINC00015584,DUD_er_agonist_D_76,CCOc1ccc(N2Cc3cnc(C)c(O)c3C2)cc1,0
ZINC00015588,DUD_er_agonist_D_77,COc1cc(O)ccc1N1Cc2cnc(C)c(O)c2C1,0
ZINC00016008,DUD_er_agonist_D_78,Cc1c(C)c2c(c(C)c1N)[C@H](c1cccnc1)C(C)(C)O2,0
ZINC00016144,DUD_er_agonist_D_79,COc1cccc2nc([C@H]3CCc4[nH]cnc4C3)[nH]c12,0
ZINC00016144,DUD_er_agonist_D_80,COc1cccc2[nH]c([C@@H]3CCc4[nH]cnc4C3)nc12,0
ZINC00016144,DUD_er_agonist_D_81,COc1cccc2nc([C@@H]3CCc4nc[nH]c4C3)[nH]c12,0
ZINC00016144,DUD_er_agonist_D_82,COc1cccc2nc([C@@H]3CCc4[nH]c[nH+]c4C3)[nH]c12,0
ZINC00016716,DUD_er_agonist_D_83,CC[C@]1(c2c[nH]cn2)Cc2cc(Cl)c([N+](=O)[O-])cc2C1,0
ZINC00017354,DUD_er_agonist_D_84,CC1(C)C(=O)CC[C@]23Oc4cccc(O)c4C[C@]2(C)CCC[C@@H]13,0
ZINC00018239,DUD_er_agonist_D_85,C[C@@]12C=CC(=O)c3[nH]cc(c31)C[C@H]1[C@@H]2CC[C@]2(C)[C@@H](O)CC[C@@H]12,0
ZINC00018501,DUD_er_agonist_D_86,Cc1cccc(N2CCN(Cc3nc[nH]c3C)C2=O)c1,0
ZINC00018758,DUD_er_agonist_D_87,CC(C)(C)Nc1ccc(Sc2ccc(N)cc2)cc1,0
ZINC00019140,DUD_er_agonist_D_88,C=CC[N+]1(C)CCN(c2nc3ccc(O)cc3o2)CC1,0
ZINC00019492,DUD_er_agonist_D_89,C=CCc1ccc2c(c1O)-c1ccc(O)c(CC=C)c1C2=O,0
ZINC00019790,DUD_er_agonist_D_90,O=c1oc2c(c(O)c1[C@H](c1ccccc1)C1CC1)CCC2,0
ZINC00019791,DUD_er_agonist_D_91,O=c1oc2c(c(O)c1[C@H](c1ccccc1)C1CC1)CCCC2,0
ZINC00020022,DUD_er_agonist_D_92,COc1ccc2c(c1)c(SC(C)C)c(C(N)=O)n2C,0
ZINC00020300,DUD_er_agonist_D_93,CCOC(=O)c1[nH]c2cc3[nH]ccc3c(C)c2c1C,0
ZINC00020337,DUD_er_agonist_D_94,COc1ccc(C[C@H]2CCc3ncc(CO)cc3C2)cc1,0
ZINC00020469,DUD_er_agonist_D_95,COc1ccc(Sc2cccc(N)c2C#N)cc1OC,0
ZINC00021531,DUD_er_agonist_D_96,CCCc1c(O)cc2c(c1O)CCc1ccccc1O2,0
ZINC00021711,DUD_er_agonist_D_97,Cc1cc(-c2nc3c4ccsc4ccn3c2N)c(C)o1,0
ZINC00021711,DUD_er_agonist_D_98,Cc1cc(-c2[nH+]c3c4ccsc4ccn3c2N)c(C)o1,0
ZINC00021711,DUD_er_agonist_D_99,Cc1cc(-c2[nH+]c3c4ccsc4ccn3c2N)c(C)o1,0
ZINC00022584,DUD_er_agonist_D_100,CC(C)c1cc(CO)cc(Cl)c1-c1ccc(O)cc1,0
ZINC00022646,DUD_er_agonist_D_101,CC1(C)CC(=O)c2c(C(=O)Nc3ccccc3)c[nH]c2C1,0
ZINC00022647,DUD_er_agonist_D_102,CC1(C)CC(=O)c2c(C(=O)Nc3ccccc3F)c[nH]c2C1,0
ZINC00022649,DUD_er_agonist_D_103,C[C@@H]1CC(=O)c2c(C(=O)Nc3ccccc3)c[nH]c2C1,0
ZINC00022651,DUD_er_agonist_D_104,CC1(C)CC(=O)c2c(C(=O)Nc3ccsc3)c[nH]c2C1,0
ZINC00022657,DUD_er_agonist_D_105,COc1ccc2c(c1)C(c1ccc(N)cc1)=NN=C(C)C2,0
ZINC00023041,DUD_er_agonist_D_106,CC(C)c1cc(-c2ccc(F)c3ccccc23)nc(N)[n+]1[O-],0
ZINC00023042,DUD_er_agonist_D_107,CC(C)(F)c1cc(-c2ccc(F)c3ccccc23)nc(N)n1,0
ZINC00023046,DUD_er_agonist_D_108,CC(C)Cc1cc(-c2ccc(F)c3ccccc23)nc(N)n1,0
ZINC00023047,DUD_er_agonist_D_109,CC(C)(C)c1cc(-c2ccc(F)c3ccccc23)nc(N)n1,0
ZINC00023114,DUD_er_agonist_D_110,Cc1nc2cccc(NCc3c(C)cccc3C)c2[nH]1,0
ZINC00023114,DUD_er_agonist_D_111,Cc1nc2cccc(NCc3c(C)cccc3C)c2[nH]1,0
ZINC00023116,DUD_er_agonist_D_112,Cc1nc2cccc(NCc3c(C)cc(F)cc3C)c2[nH]1,0
ZINC00023116,DUD_er_agonist_D_113,Cc1nc2cccc(NCc3c(C)cc(F)cc3C)c2[nH]1,0
ZINC00023395,DUD_er_agonist_D_114,CC(C)c1nn2ccccc2c1C1=NNC(=O)C[C@H]1C,0
ZINC00023979,DUD_er_agonist_D_115,Nc1ccc([C@@H]2CC(=O)N(C3CCCCC3)C2=O)cc1,0
ZINC00024177,DUD_er_agonist_D_116,COc1ccc2cc([C@@](O)(c3c[nH]cn3)C(C)C)ccc2c1F,0
ZINC00024177,DUD_er_agonist_D_117,COc1ccc2cc([C@@](O)(c3c[nH]c[nH+]3)C(C)C)ccc2c1F,0
ZINC00024177,DUD_er_agonist_D_118,COc1ccc2cc([C@@](O)(c3cnc[nH]3)C(C)C)ccc2c1F,0
ZINC00024178,DUD_er_agonist_D_119,CC[C@@](O)(c1ccc2cc(OC)ccc2c1)c1c[nH]cn1,0
ZINC00024178,DUD_er_agonist_D_120,CC[C@](O)(c1ccc2cc(OC)ccc2c1)c1c[nH]c[nH+]1,0
ZINC00024178,DUD_er_agonist_D_121,CC[C@@](O)(c1ccc2cc(OC)ccc2c1)c1cnc[nH]1,0
ZINC00024360,DUD_er_agonist_D_122,C[C@H]1CC[C@@H](C(C)(C)O)C[C@@H]1N(C)c1ncnc2[nH]cc(F)c12,0
ZINC00024362,DUD_er_agonist_D_123,OCCN(c1ncnc2[nH]ccc12)C1CCCCCCC1,0
ZINC00024486,DUD_er_agonist_D_124,O=c1cc(Cc2c(F)cccc2F)nc(NC2CCCC2)[nH]1,0
ZINC00024486,DUD_er_agonist_D_125,O=c1cc(Cc2c(F)cccc2F)[nH]c(NC2CCCC2)n1,0
ZINC00024486,DUD_er_agonist_D_126,O=c1cc(Cc2c(F)cccc2F)[nH]c(NC2CCCC2)n1,0
ZINC00024486,DUD_er_agonist_D_127,Oc1cc(Cc2c(F)cccc2F)nc(NC2CCCC2)n1,0
ZINC00024487,DUD_er_agonist_D_128,Cc1c(Cc2c(F)cccc2F)nc(NC2CCCC2)[nH]c1=O,0
ZINC00024487,DUD_er_agonist_D_129,Cc1c(Cc2c(F)cccc2F)[nH]c(NC2CCCC2)nc1=O,0
ZINC00024487,DUD_er_agonist_D_130,Cc1c(Cc2c(F)cccc2F)[nH]c(NC2CCCC2)nc1=O,0
ZINC00024487,DUD_er_agonist_D_131,Cc1c(O)nc(NC2CCCC2)nc1Cc1c(F)cccc1F,0
ZINC00025365,DUD_er_agonist_D_132,Cn1c2c(c3ccccc31)C(=O)[C@@H](Cc1ncc[nH]1)CC2,0
ZINC00025512,DUD_er_agonist_D_133,Cc1cccc(O)c1CNc1cccn2c(C)c(C)nc12,0
ZINC00025512,DUD_er_agonist_D_134,Cc1cccc(O)c1CNc1cccn2c(C)c(C)[nH+]c12,0
ZINC00026164,DUD_er_agonist_D_135,Cc1cccc(Oc2ccc3c(c2)Cc2sc(N)nc2-3)c1,0
ZINC00026251,DUD_er_agonist_D_136,C[C@]12C[C@H](F)c3c(ccc4cc(O)ccc34)[C@@]13C[C@@H]3C[C@H]2O,0
ZINC00026300,DUD_er_agonist_D_137,C[C@]12CCC3=C(CCc4cc(O)ccc43)C1=CC[C@H]2O,0
ZINC00026384,DUD_er_agonist_D_138,C[C@H]1OC(C)(C)Nc2ccc(-c3cccc([N+](=O)[O-])c3)cc21,0
ZINC00026416,DUD_er_agonist_D_139,C[C@@H]1Nc2ccc(-c3cccc([N+](=O)[O-])c3)cc2C1(C)C,0
ZINC00026419,DUD_er_agonist_D_140,CC1(C)CNc2ccc(-c3cccc([N+](=O)[O-])c3)cc21,0
ZINC00026786,DUD_er_agonist_D_141,O=C(Nc1cc(C2CC2)[nH]n1)C1(c2ccccc2)CC1,0
ZINC00026786,DUD_er_agonist_D_142,O=C(Nc1cc(C2CC2)n[nH]1)C1(c2ccccc2)CC1,0
ZINC00027212,DUD_er_agonist_D_143,Cc1cc(C#N)cc(C)c1OC[C@@H]1CCCc2[nH]cnc21,0
ZINC00032057,DUD_er_agonist_D_144,Cc1cc(O)c(C(C)C)cc1NC(=O)c1ccccc1,0
ZINC00032149,DUD_er_agonist_D_145,COc1cc(-c2nc3ccccc3[nH]2)c([N+](=O)[O-])cc1OC,0
ZINC00032149,DUD_er_agonist_D_146,COc1cc(-c2[nH]c3ccccc3[nH+]2)c([N+](=O)[O-])cc1OC,0
ZINC00032843,DUD_er_agonist_D_147,O=C(Nc1cccc([N+](=O)[O-])c1)c1scc2c1CCCC2,0
ZINC00033273,DUD_er_agonist_D_148,Cc1cc2nc(Sc3c([N+](=O)[O-])ncn3C)[nH]c2cc1C,0
ZINC00033273,DUD_er_agonist_D_149,Cc1cc2nc(Sc3c([N+](=O)[O-])[nH+]cn3C)[nH]c2cc1C,0
ZINC00033342,DUD_er_agonist_D_150,CSC1=N[C@@](C)(c2ccc(O)cc2O)CC(C)(C)N1,0
ZINC00033767,DUD_er_agonist_D_151,CCOC(=O)C1=C(N)Oc2cc(O)ccc2[C@@H]1C(C)C,0
ZINC00033768,DUD_er_agonist_D_152,CCOC(=O)C1=C(N)Oc2cc(O)ccc2[C@@H]1C(C)C,0
ZINC00033888,DUD_er_agonist_D_153,Oc1ccccc1-c1nc(O)c2c3c(sc2n1)CCCC3,0
ZINC00034144,DUD_er_agonist_D_154,CC(C)Cc1ccc(-c2csc(N)c2C#N)cc1,0
ZINC00034146,DUD_er_agonist_D_155,Cc1sc(N)c(C#N)c1-c1ccc(C(C)C)cc1,0
ZINC00034149,DUD_er_agonist_D_156,CCCc1ccc(-c2c(C)sc(N)c2C#N)cc1,0
ZINC00035368,DUD_er_agonist_D_157,Cc1sc(NC(=O)Cc2ccccc2)c(C(N)=O)c1C,0
ZINC00035651,DUD_er_agonist_D_158,Cc1ccccc1C(=O)Nc1sc(C)c(C)c1C(N)=O,0
ZINC00036452,DUD_er_agonist_D_159,Cc1nnc(C)c2c(C)n(-c3ccc(N)cc3)c(C)c12,0
ZINC00036522,DUD_er_agonist_D_160,COc1ccccc1[C@H]1CC(=O)Nc2cc(C)c(C)cc21,0
ZINC00036523,DUD_er_agonist_D_161,COc1ccccc1[C@H]1CC(=O)Nc2cc(C)c(C)cc21,0
ZINC00036530,DUD_er_agonist_D_162,COc1cccc([C@H]2CC(=O)Nc3cc(C)c(C)cc32)c1,0
ZINC00036531,DUD_er_agonist_D_163,COc1cccc([C@H]2CC(=O)Nc3cc(C)c(C)cc32)c1,0
ZINC00036749,DUD_er_agonist_D_164,O=C(Nc1cccc([N+](=O)[O-])c1)[C@H]1[C@@H]2[C@@H]3CC[C@@H](C3)[C@H]12,0
ZINC00036815,DUD_er_agonist_D_165,CCOC(=O)C1=C(C)N(C)C(=O)N[C@H]1c1ccccc1O,0
ZINC00037748,DUD_er_agonist_D_166,Cn1cccc1/C=N\NC(=O)c1cc(C(C)(C)C)n[nH]1,0
ZINC00038124,DUD_er_agonist_D_167,CC(C)c1ccc(-c2csc3ncn(N)c(=O)c23)cc1,0
ZINC00038430,DUD_er_agonist_D_168,Cc1ccc(C(=O)Nc2sc(C)c(C)c2C(N)=O)cc1,0
ZINC00038744,DUD_er_agonist_D_169,Cc1sc(NC(=O)c2ccccc2)c(C(N)=O)c1C,0
ZINC00038746,DUD_er_agonist_D_170,Cc1cccc(C(=O)Nc2sc(C)c(C)c2C(N)=O)c1,0
ZINC00040761,DUD_er_agonist_D_171,CC(C)(C)C(=O)NC(=S)Nc1cccc(O)c1,0
ZINC00041023,DUD_er_agonist_D_172,CCOc1ccc(/C=N\C2=NNC(=O)[C@H](C)S2)cc1,0
ZINC00041025,DUD_er_agonist_D_173,CCOc1ccc(/C=N/C2=NNC(=O)[C@H](C)S2)cc1,0
ZINC00041042,DUD_er_agonist_D_174,C[C@H]1SC(/N=C\c2ccc(N(C)C)cc2)=NNC1=O,0
ZINC00041044,DUD_er_agonist_D_175,C[C@H]1SC(/N=C/c2ccc(N(C)C)cc2)=NNC1=O,0
ZINC00041448,DUD_er_agonist_D_176,CCOC(=O)C1=C(C)N=C(O)N[C@@H]1c1ccccc1F,0
ZINC00041939,DUD_er_agonist_D_177,COc1ccc(CNc2ccc(Br)c(C)c2)c(O)c1,0
ZINC00042653,DUD_er_agonist_D_178,CCOC(=O)c1c(C)oc2c1cc(O)c1ccccc12,0
ZINC00043125,DUD_er_agonist_D_179,COc1ccc(/C=C2\Nc3ccccc3C2=O)cc1OC,0
ZINC00043770,DUD_er_agonist_D_180,CCOC(=O)C1=C(N)Oc2n[nH]c(C)c2[C@H]1c1cccs1,0
ZINC00043771,DUD_er_agonist_D_181,CCOC(=O)C1=C(N)Oc2n[nH]c(C)c2[C@H]1c1cccs1,0
ZINC00043901,DUD_er_agonist_D_182,CC(=O)C1=C(C)NC(=O)N[C@@H]1c1c(O)ccc2ccccc12,0
ZINC00043980,DUD_er_agonist_D_183,Cc1cc(C)c(C(=O)COc2ccccc2O)cc1C,0
ZINC00044300,DUD_er_agonist_D_184,COc1ccc([C@H]2C(C)=C(O)Oc3cc4c(cc32)OCO4)cc1,0
ZINC00045705,DUD_er_agonist_D_185,Nc1ccccc1C(=O)NN=C1C2CC3CC(C2)CC1C3,0
ZINC00045734,DUD_er_agonist_D_186,Nc1ccc(C(=O)NN=C2CCCCCCC2)cc1,0
ZINC00045738,DUD_er_agonist_D_187,Cc1ccc(/C=N\NC(=O)c2ccccc2N)c(C)c1,0
ZINC00047293,DUD_er_agonist_D_188,O=C(NN=C1CCCCCC1)[C@H]1COc2ccccc2O1,0
ZINC00047984,DUD_er_agonist_D_189,O=C(N/N=C/c1ccccc1O)[C@H]1C[C@H]2C=C[C@@H]1C2,0
ZINC00049314,DUD_er_agonist_D_190,C[C@]1(O)N(CCc2ccccc2)C(=O)OC12CCCCC2,0
ZINC00051168,DUD_er_agonist_D_191,Nc1cc(-c2ccccc2)nn1CC1CCCCC1,0
ZINC00052758,DUD_er_agonist_D_192,Cc1c(O)ccc(NC(=O)c2ccc(Br)cc2)c1C,0
ZINC00053801,DUD_er_agonist_D_193,Cc1c(CC(C)C)nc(C#N)c(N)c1-c1ccccc1,0
ZINC00053801,DUD_er_agonist_D_194,Cc1c(CC(C)C)[nH+]c(C#N)c(N)c1-c1ccccc1,0
ZINC00054232,DUD_er_agonist_D_195,CC(C)(C)c1ccc(CSc2nnc(N)s2)cc1,0
ZINC00054337,DUD_er_agonist_D_196,C=CCN1C(=O)[C@@H](Cc2c[nH]c3ccccc23)NC1=S,0
ZINC00054367,DUD_er_agonist_D_197,N#Cc1ccccc1NC(=O)c1scc2c1CCCC2,0
ZINC00054550,DUD_er_agonist_D_198,Cc1cc(C)c(C(N)=O)c(Nc2ccc(F)cc2)n1,0
ZINC00055651,DUD_er_agonist_D_199,O=C(N/N=C/c1ccc(Cl)cc1)c1n[nH]c2c1CCCC2,0
ZINC00055848,DUD_er_agonist_D_200,Cc1ccc(/C=N/NC(=O)c2n[nH]c3c2CCCC3)cc1,0
ZINC00057822,DUD_er_agonist_D_201,Cc1cc2oc(=O)c(-c3ccc(O)cc3)c(C)c2cc1Cl,0
ZINC00059434,DUD_er_agonist_D_202,Cc1ccc(/N=C/c2c(O)cc(C)c(Cl)c2C)c(O)c1,0
ZINC00061402,DUD_er_agonist_D_203,CCOC(=O)C1=C(N)OC2=C(C(=O)CCC2)[C@@H]1c1cccs1,0
ZINC00061403,DUD_er_agonist_D_204,CCOC(=O)C1=C(N)OC2=C(C(=O)CCC2)[C@@H]1c1cccs1,0
ZINC00061998,DUD_er_agonist_D_205,Cc1ccc(/C=N/c2sc3c(c2C(N)=O)CCCC3)o1,0
ZINC00061999,DUD_er_agonist_D_206,Cc1ccc(/C=N/c2sc3c(c2C(N)=O)CCCC3)o1,0
ZINC00062228,DUD_er_agonist_D_207,COC(=O)C1=C(N)OC2=C(C(=O)CCC2)[C@H]1c1ccccc1F,0
ZINC00062229,DUD_er_agonist_D_208,COC(=O)C1=C(N)OC2=C(C(=O)CCC2)[C@H]1c1ccccc1F,0
ZINC00062230,DUD_er_agonist_D_209,COC(=O)C1=C(N)OC2=C(C(=O)CCC2)[C@@H]1c1cccs1,0
ZINC00062231,DUD_er_agonist_D_210,COC(=O)C1=C(N)OC2=C(C(=O)CCC2)[C@H]1c1cccs1,0
ZINC00063026,DUD_er_agonist_D_211,CC(C)(C)OC(=O)NCCc1c[nH]c2ccccc12,0
ZINC00063604,DUD_er_agonist_D_212,CCOC(=O)C1=C(C)NC(=S)N[C@H]1c1ccc(O)cc1,0
ZINC00063606,DUD_er_agonist_D_213,CCOC(=O)C1=C(C)NC(=S)N[C@@H]1c1ccc(O)cc1,0
ZINC00063861,DUD_er_agonist_D_214,O=C(/C=C\c1cccc([N+](=O)[O-])c1)NC1CCCCC1,0
ZINC00066327,DUD_er_agonist_D_215,OC1CCN(C(=S)NCCc2ccccc2)CC1,0
ZINC00067440,DUD_er_agonist_D_216,Cc1occc1C(=O)N/N=C\c1ccc(C(C)(C)C)cc1,0
ZINC00067890,DUD_er_agonist_D_217,O=C(NC1CCCCCC1)c1ccc([N+](=O)[O-])cc1,0
ZINC00068857,DUD_er_agonist_D_218,C/C(=N/NC(=O)CNc1ccccc1Cl)C1CC1,0
ZINC00069233,DUD_er_agonist_D_219,CCN1C(=O)C(=Cc2ccc(O)cc2)C(=O)N(CC)C1=S,0
ZINC00070467,DUD_er_agonist_D_220,O=C(N/N=C/c1ccccc1O)C1CCCCC1,0
ZINC00071155,DUD_er_agonist_D_221,COc1nc(Nc2ccc(Cl)cc2)nc(NC(C)(C)C)n1,0
ZINC00071496,DUD_er_agonist_D_222,CC1=C(C(=O)OCC(C)C)[C@@H](c2cccc(O)c2)NC(=O)N1,0
ZINC00071531,DUD_er_agonist_D_223,COc1ccc(NC(=O)c2c(N)sc3c2CCC3)cc1,0
ZINC00071659,DUD_er_agonist_D_224,COc1ccc2nc(C)cc(Nc3cccc(O)c3)c2c1,0
ZINC00071662,DUD_er_agonist_D_225,COc1ccc2nc(C)cc(Nc3ccc(O)cc3)c2c1,0
ZINC00071730,DUD_er_agonist_D_226,CCOc1ccccc1[C@H]1NC(=O)NC(C)=C1C(N)=O,0
ZINC00071757,DUD_er_agonist_D_227,CC1=C(C(N)=O)[C@@H](c2ccc(C(C)C)cc2)NC(=S)N1,0
ZINC00071990,DUD_er_agonist_D_228,Cc1cc(C)c2nc(C)cc(Nc3cccc(O)c3)c2c1,0
ZINC00071992,DUD_er_agonist_D_229,Cc1cc(C)c2nc(C)cc(Nc3ccc(O)cc3)c2c1,0
ZINC00072899,DUD_er_agonist_D_230,O=C(N/N=C/c1ccccc1F)c1n[nH]c2c1CCCC2,0
ZINC00072899,DUD_er_agonist_D_231,O=C(N/N=C\c1ccccc1F)c1[nH]nc2c1CCCC2,0
ZINC00073643,DUD_er_agonist_D_232,CC1(C)[C@H]2CC[C@]1(C)[C@H](OC(=O)c1ccc(O)cc1)C2,0
ZINC00074892,DUD_er_agonist_D_233,CC(C)(C)CC(C)(C)NC(=O)c1ccc([N+](=O)[O-])cc1,0
ZINC00074973,DUD_er_agonist_D_234,Cc1cc(C)c(C#N)c(Sc2ccccc2N)n1,0
ZINC00075320,DUD_er_agonist_D_235,Cc1cccc(C)c1NC(=O)Cc1ccc([N+](=O)[O-])cc1,0
ZINC00075840,DUD_er_agonist_D_236,Cc1cc(C)c(C(N)=O)c(Nc2cccc(Cl)c2C)n1,0
ZINC00076530,DUD_er_agonist_D_237,CCc1c(C=O)[nH]c(C(=O)OCc2ccccc2)c1C,0
ZINC00076968,DUD_er_agonist_D_238,Cc1cc(/C=C2\NC(=O)NC2=O)c(C)n1-c1ccccc1,0
ZINC00078857,DUD_er_agonist_D_239,Cc1cc2c3c(c1)c(O)c(-c1ccccc1)c(=O)n3CCC2,0
ZINC00078909,DUD_er_agonist_D_240,O=c1[nH]nc(-c2cccs2)cc1CC1CCCCC1,0
ZINC00078909,DUD_er_agonist_D_241,Oc1nnc(-c2cccs2)cc1CC1CCCCC1,0
ZINC00079216,DUD_er_agonist_D_242,O=C(NC1CCCCC1)c1ccc(O)c2ccccc12,0
ZINC00079521,DUD_er_agonist_D_243,Cc1c(O)ccc(NC(=O)c2ccc(Cl)cc2)c1C,0
ZINC00082450,DUD_er_agonist_D_244,CC(=O)c1sc(C(C)(C)C)cc1Sc1ccccc1N,0
ZINC00082478,DUD_er_agonist_D_245,Cc1cccc(NC(=O)c2ccc(F)cc2[N+](=O)[O-])c1C,0
ZINC00083128,DUD_er_agonist_D_246,COC(=O)C1=C(C)Nc2n[nH]cc2[C@H]1c1ccccc1,0
ZINC00083255,DUD_er_agonist_D_247,Cc1ccccc1NC(=O)c1c(N)sc2c1CCC2,0
ZINC00084629,DUD_er_agonist_D_248,CCOC(=O)C1=C(C)N=C(O)N[C@@H]1c1ccc(OC)cc1,0
ZINC00084632,DUD_er_agonist_D_249,CCOC(=O)C1=C(C)N=C(O)N[C@H]1c1ccc(OC)cc1,0
ZINC00085198,DUD_er_agonist_D_250,Cc1cc(-c2ccccc2)nc2c1/C(=N\O)CC(C)(C)C2,0
ZINC00086101,DUD_er_agonist_D_251,Cc1ccc2[nH]c3nc(SCC(C)C)nnc3c2c1,0
ZINC00086178,DUD_er_agonist_D_252,CCc1ccc2[nH]c3nc(SC(C)C)nnc3c2c1,0
ZINC00087570,DUD_er_agonist_D_253,CN1C(=O)C(=Cc2c[nH]c3ccccc23)C(=O)N(C)C1=S,0
ZINC00088513,DUD_er_agonist_D_254,NC(=O)c1c(/N=C\c2ccccc2Cl)sc2c1CCCC2,0
ZINC00088772,DUD_er_agonist_D_255,O=C1[C@@H]2[C@@H]3C=C[C@@H](C3)[C@H]2C(=O)N1CNc1ccc(O)cc1,0
ZINC00089835,DUD_er_agonist_D_256,CC(C)c1c(O)nc(SCc2ccc(F)cc2)[nH]c1=O,0
ZINC00090076,DUD_er_agonist_D_257,C=CCn1c(N)c(C(=O)OC)c2nc3ccccc3nc21,0
ZINC00090665,DUD_er_agonist_D_258,CC(C)c1cc(Nc2nccs2)cc(C(C)C)c1O,0
ZINC00090996,DUD_er_agonist_D_259,O=C(Nc1cccc(O)c1)c1scc2c1CCCC2,0
ZINC00091194,DUD_er_agonist_D_260,COC(=O)c1c(C)n(Cc2ccco2)c2ccc(O)cc12,0
ZINC00091248,DUD_er_agonist_D_261,CCCc1ccc(-c2ccc(C(N)=O)cc2)cc1,0
ZINC00091352,DUD_er_agonist_D_262,O=C(Nc1ccccc1O)c1scc2c1CCCC2,0
ZINC00092117,DUD_er_agonist_D_263,O=C(Nc1ccc(O)cc1)c1scc2c1CCCC2,0
ZINC00092324,DUD_er_agonist_D_264,Cc1c(O)ccc(NC(=O)/C=C\c2ccccc2)c1C,0
ZINC00092361,DUD_er_agonist_D_265,Cc1cc(NC(=O)c2ccccc2)c(C(C)C)cc1O,0
ZINC00092370,DUD_er_agonist_D_266,Cc1cc(NC(=O)c2ccccc2Cl)c(C(C)C)cc1O,0
ZINC00092695,DUD_er_agonist_D_267,Nc1ccc(Oc2ccc(Cl)cc2C2CCCCC2)nc1,0
ZINC00092695,DUD_er_agonist_D_268,Nc1ccc(Oc2ccc(Cl)cc2C2CCCCC2)[nH+]c1,0
ZINC00093526,DUD_er_agonist_D_269,Cc1cc(-c2nn(C)c(=O)c3ccccc23)cc(C)c1O,0
ZINC00093895,DUD_er_agonist_D_270,Cc1cccc(NC(=S)Nc2c(C)cccc2C)n1,0
ZINC00094910,DUD_er_agonist_D_271,COc1cc2c(cc1OC)[C@@H](c1ccccc1F)CC(=O)N2,0
ZINC00094915,DUD_er_agonist_D_272,COc1cc2c(cc1OC)[C@@H](c1ccccc1F)CC(=O)N2,0
ZINC00098047,DUD_er_agonist_D_273,CCc1ncc([C@@H](O)c2cccc3ccccc23)n1C,0
ZINC00098047,DUD_er_agonist_D_274,CCc1[nH+]cc([C@H](O)c2cccc3ccccc23)n1C,0
ZINC00099105,DUD_er_agonist_D_275,C=C(C)CC[C@]1(C)NC(=O)N(c2ccccc2)N1,0
ZINC00099109,DUD_er_agonist_D_276,C=C(C)CC[C@]1(C)NC(=O)N(c2ccccc2)N1,0
ZINC00100029,DUD_er_agonist_D_277,Cc1ccc(NC(=O)c2cc(C)ccc2N)cc1,0
ZINC00102050,DUD_er_agonist_D_278,Cc1ccc(C(=O)NC2CCCCCC2)cc1[N+](=O)[O-],0
ZINC00102978,DUD_er_agonist_D_279,Cc1ccc(C)c(NC(=O)c2ccc(C)c([N+](=O)[O-])c2)c1,0
ZINC00103432,DUD_er_agonist_D_280,O=c1cc(NCCC2=CCCCC2)c2ccccc2o1,0
ZINC00104422,DUD_er_agonist_D_281,CCc1ccc(Nc2nc(C)cc(C)c2C(N)=O)cc1,0
ZINC00104724,DUD_er_agonist_D_282,Cc1cc2nc(Cc3cccc(F)c3)c(=O)[nH]c2cc1C,0
ZINC00104740,DUD_er_agonist_D_283,CC(C)c1ccc(Cn2c(=O)[nH]c3ccccc32)cc1,0
ZINC00104760,DUD_er_agonist_D_284,Cc1cc2nc(Cc3ccccc3F)c(=O)[nH]c2cc1C,0
ZINC00104765,DUD_er_agonist_D_285,Cc1cc2nc(Cc3cccs3)c(=O)[nH]c2cc1C,0
ZINC00106400,DUD_er_agonist_D_286,Cc1ccc(/C=C\C(=O)Nc2cccc([N+](=O)[O-])c2C)o1,0
ZINC00107247,DUD_er_agonist_D_287,COc1cccc2c(Nc3cccc(O)c3)cc(C)nc12,0
ZINC00108286,DUD_er_agonist_D_288,CC[C@H](C)n1cc(/C=C2/NC(=O)NC2=O)c2ccccc21,0
ZINC00110319,DUD_er_agonist_D_289,Cc1ccc2nc3c(c(Nc4cccc(O)c4)c2c1)CCC3,0
ZINC00110324,DUD_er_agonist_D_290,Cc1ccc2nc3c(c(Nc4ccc(O)cc4)c2c1)CCC3,0
ZINC00110431,DUD_er_agonist_D_291,OC[C@@H]1CCCN(C(=S)NCc2ccccc2)C1,0
ZINC00110434,DUD_er_agonist_D_292,OC[C@H]1CCCN(C(=S)NCc2ccccc2)C1,0
ZINC00110547,DUD_er_agonist_D_293,Cc1cccc(-n2c(C)cc(/C=C3\NC(=O)NC3=O)c2C)c1,0
ZINC00111513,DUD_er_agonist_D_294,COc1cccc(CNc2nc3ccccc3n2C)c1O,0
ZINC00111513,DUD_er_agonist_D_295,COc1cccc(CNc2[nH+]c3ccccc3n2C)c1O,0
ZINC00111788,DUD_er_agonist_D_296,Cc1ccc(N[C@@H]2Nc3cc(C)nn3S2)c(C)c1,0
ZINC00111791,DUD_er_agonist_D_297,Cc1ccc(N[C@@H]2Nc3cc(C)nn3S2)c(C)c1,0
ZINC00111800,DUD_er_agonist_D_298,CCc1ccccc1N[C@@H]1Nc2cc(C)nn2S1,0
ZINC00111802,DUD_er_agonist_D_299,CCc1ccccc1N[C@H]1Nc2cc(C)nn2S1,0
ZINC00111829,DUD_er_agonist_D_300,Cc1ccc(C(=O)c2cc3c(cc2N)OCCO3)cc1,0
ZINC00111884,DUD_er_agonist_D_301,S=C(Nc1cccnc1)NC1CCCCCCC1,0
ZINC00111980,DUD_er_agonist_D_302,COc1cc(-c2ccc(O)cc2)cc(=O)c2c(C)oc(C)c12,0
ZINC00112038,DUD_er_agonist_D_303,COC(=O)c1ccc(CSc2ccccc2N)cc1,0
ZINC00112345,DUD_er_agonist_D_304,Cc1cc(Nc2ccc(O)cc2)c2cccc(C)c2n1,0
ZINC00112541,DUD_er_agonist_D_305,C/C(=N\NC(=O)c1ccc(C)cc1)c1cccc(N)c1,0
ZINC00113368,DUD_er_agonist_D_306,CCOC(=O)c1cc(-c2ccc(N)cc2)oc1C,0
ZINC00114537,DUD_er_agonist_D_307,COc1ccc2[nH]c(C(=O)Nc3ccc(C)c(F)c3)cc2c1,0
ZINC00114841,DUD_er_agonist_D_308,CC(C)(C)C(=O)NC(=S)Nc1ccccc1O,0
ZINC00116297,DUD_er_agonist_D_309,Cc1cc(C)c(C(=O)Nc2ccccc2C(N)=O)c(C)c1,0
ZINC00116393,DUD_er_agonist_D_310,Cc1ccc(C)n1-c1sc2c(c1C(=O)NN)CCCC2,0
ZINC00117991,DUD_er_agonist_D_311,COc1ccc(CNc2nc3ccccc3[nH]2)c(OC)c1,0
ZINC00117991,DUD_er_agonist_D_312,COc1ccc(CNc2[nH]c3ccccc3[nH+]2)c(OC)c1,0
ZINC00121839,DUD_er_agonist_D_313,CCSC1=C(C#N)[C@@H](c2ccccc2C)CC(=O)N1,0
ZINC00121842,DUD_er_agonist_D_314,CCSC1=C(C#N)[C@@H](c2ccccc2C)CC(=O)N1,0
ZINC00122118,DUD_er_agonist_D_315,CC(C)(C)c1cc(C(N)=O)n(Cc2ccccc2)n1,0
ZINC00122667,DUD_er_agonist_D_316,OCCn1c(SC2CCCCC2)nc2ccccc21,0
ZINC00122667,DUD_er_agonist_D_317,OCCn1c(SC2CCCCC2)[nH+]c2ccccc21,0
ZINC00122729,DUD_er_agonist_D_318,CC(C)c1ccccc1NC(=O)c1ccccc1[N+](=O)[O-],0
ZINC00122971,DUD_er_agonist_D_319,Cc1cc(C)c2oc(-c3cc(N)ccc3Cl)nc2c1,0
ZINC00123258,DUD_er_agonist_D_320,CC1=C(C(=O)OC(C)C)[C@H](c2ccccc2O)NC(=S)N1,0
ZINC00123261,DUD_er_agonist_D_321,CC1=C(C(=O)OC(C)C)[C@@H](c2ccccc2O)NC(=S)N1,0
ZINC00124731,DUD_er_agonist_D_322,COC(=O)[C@@]12C[C@H]3C[C@@H](C1)C[C@@](c1ccc(N)cc1)(C3)C2,0
ZINC00125104,DUD_er_agonist_D_323,O=[N+]([O-])c1ccc2nc(NC3CCCCCCC3)sc2c1,0
ZINC00125584,DUD_er_agonist_D_324,CC(=O)Nc1sc(Cc2ccccc2)c(C)c1C(N)=O,0
ZINC00126697,DUD_er_agonist_D_325,CSc1nc(N)nc(CSc2ccc(C)cc2)n1,0
ZINC00126802,DUD_er_agonist_D_326,Cc1ccc(C)c(/N=C2\N=C(N)c3ccccc32)c1,0
ZINC00127005,DUD_er_agonist_D_327,COc1cc(C2N(C)c3ccccc3N2C)ccc1O,0
ZINC00127200,DUD_er_agonist_D_328,Cc1ccc(NC(=O)c2c(N)sc3c2CCC3)cc1,0
ZINC00127258,DUD_er_agonist_D_329,Cc1ccccc1NC(=O)c1c(N)sc2c1CCCC2,0
ZINC00127328,DUD_er_agonist_D_330,COc1ccc(NC(=O)c2c(N)sc3c2CCCC3)cc1,0
ZINC00127670,DUD_er_agonist_D_331,CCc1c(C)nc(S/C=C/c2ccccc2)[nH]c1=O,0
ZINC00127670,DUD_er_agonist_D_332,CCc1c(C)[nH]c(S/C=C\c2ccccc2)nc1=O,0
ZINC00127670,DUD_er_agonist_D_333,CCc1c(C)nc(S/C=C\c2ccccc2)nc1O,0
ZINC00127870,DUD_er_agonist_D_334,O=c1[nH]nc(SCc2ccccc2)n1[C@@H]1C[C@@H]2C=C[C@@H]1C2,0
ZINC00127903,DUD_er_agonist_D_335,Cc1cc(C)c(C(N)=O)c(Oc2ccc(Cl)cc2C)n1,0
ZINC00128048,DUD_er_agonist_D_336,CC1(C)CCCC(C)(C)N1OC(=O)c1ccc(N)cc1,0
ZINC00128602,DUD_er_agonist_D_337,CC(C)(C)n1nc(-c2ccc(Cl)cc2)c(C#N)c1N,0
ZINC00128817,DUD_er_agonist_D_338,CC(C)c1ccc(Nc2nc3cccnc3s2)cc1,0
ZINC00130306,DUD_er_agonist_D_339,Nc1sc2c(c1C(=O)Nc1ccccc1)CCCCC2,0
ZINC00130309,DUD_er_agonist_D_340,Cc1ccccc1NC(=O)c1c(N)sc2c1CCCCC2,0
ZINC00130354,DUD_er_agonist_D_341,Cc1ccc(NC(=O)c2c(N)sc3c2CCC3)c(C)c1,0
ZINC00130638,DUD_er_agonist_D_342,Cc1ccc(NC(=O)C2C(C)(C)C2(C)C)cc1[N+](=O)[O-],0
ZINC00130651,DUD_er_agonist_D_343,Cc1ccc([N+](=O)[O-])cc1NC(=O)C1C(C)(C)C1(C)C,0
ZINC00132311,DUD_er_agonist_D_344,CCOC(=O)c1c(C)c(C#N)c(N)n1-c1ccc(C)cc1,0
ZINC00132447,DUD_er_agonist_D_345,COc1ccc(-c2[nH]nc(SC)c2-n2ccnc2)cc1,0
ZINC00132447,DUD_er_agonist_D_346,COc1ccc(-c2n[nH]c(SC)c2-n2cc[nH+]c2)cc1,0
ZINC00132527,DUD_er_agonist_D_347,C[C@@H]1CCc2c(sc3ncnc(Nc4cccc(O)c4)c23)C1,0
ZINC00132529,DUD_er_agonist_D_348,C[C@@H]1CCc2c(sc3ncnc(Nc4cccc(O)c4)c23)C1,0
ZINC00133196,DUD_er_agonist_D_349,CC(C)(C)c1ccc(O)c(/C(=N/O)c2ccccc2)c1,0
ZINC00133325,DUD_er_agonist_D_350,CCc1c(C)sc(NC(=O)c2cccs2)c1C(N)=O,0
ZINC00133881,DUD_er_agonist_D_351,CC(C)CCCN1C(=O)NC(=O)/C(=C\c2ccc[nH]2)C1=O,0
ZINC00134376,DUD_er_agonist_D_352,O=S(=O)(NC(=S)NC1CCCCC1)c1ccccc1,0
ZINC00134652,DUD_er_agonist_D_353,Cc1[nH]c2ccccc2c1[C@H](C[N+](=O)[O-])c1ccc2c(c1)OCO2,0
ZINC00134654,DUD_er_agonist_D_354,Cc1[nH]c2ccccc2c1[C@@H](C[N+](=O)[O-])c1ccc2c(c1)OCO2,0
ZINC00134776,DUD_er_agonist_D_355,CC(C)C[C@@H](C)c1cc(N)nc2nc3ccccc3n12,0
ZINC00134776,DUD_er_agonist_D_356,CC(C)C[C@@H](C)c1cc(N)nc2[nH+]c3ccccc3n12,0
ZINC00134779,DUD_er_agonist_D_357,CC(C)C[C@H](C)c1cc(N)nc2nc3ccccc3n12,0
ZINC00134779,DUD_er_agonist_D_358,CC(C)C[C@@H](C)c1cc(N)nc2[nH+]c3ccccc3n12,0
ZINC00135894,DUD_er_agonist_D_359,CC1(C)[C@@H]2CC[C@@](C)(C2)[C@H]1NC(=O)c1cccc([N+](=O)[O-])c1,0
ZINC00135905,DUD_er_agonist_D_360,CC1(C)[C@H]2CC[C@@](C)(C2)[C@H]1NC(=O)c1ccc([N+](=O)[O-])cc1,0
ZINC00135906,DUD_er_agonist_D_361,N#Cc1c(NC(=O)c2ccccc2)sc2c1CCCC2,0
ZINC00136675,DUD_er_agonist_D_362,Cc1cccc(C(=O)N/N=C2\CC(=O)CC(C)(C)C2)c1,0
ZINC00136818,DUD_er_agonist_D_363,Cc1ccsc1/C=N/NC(=O)c1n[nH]c2c1CCCC2,0
ZINC00136818,DUD_er_agonist_D_364,Cc1ccsc1/C=N/NC(=O)c1[nH]nc2c1CCCC2,0
ZINC00137051,DUD_er_agonist_D_365,CN(C)c1ccc(C[C@H]2C(=O)Nc3ccccc32)cc1,0
ZINC00137178,DUD_er_agonist_D_366,C[C@H]1CCCC[C@H]1NC(=O)c1ccc([N+](=O)[O-])cc1,0
ZINC00137198,DUD_er_agonist_D_367,Nc1nc(-c2ccncc2)nc2sc3c(c12)CCCCC3,0
ZINC00138773,DUD_er_agonist_D_368,CC[n+]1c(-c2c(C)oc3cc(O)ccc3c2=O)csc1C,0
ZINC00138785,DUD_er_agonist_D_369,COc1ccc(-c2onc(C)c2-c2ccccc2)c(O)c1,0
ZINC00138880,DUD_er_agonist_D_370,Cc1c(O)ccc(C(=O)Cc2ccc3c(c2)OCCCO3)c1O,0
ZINC00138891,DUD_er_agonist_D_371,CCc1cc(-c2oncc2-c2ccccc2)c(O)cc1OC,0
ZINC00139529,DUD_er_agonist_D_372,NN(C(=O)C1CCCCC1)c1nc2ccccc2s1,0
ZINC00140314,DUD_er_agonist_D_373,Cc1[nH]c2ccccc2c1CCN1C(=O)OC(C)(C)[C@]1(C)O,0
ZINC00140318,DUD_er_agonist_D_374,Cc1[nH]c2ccccc2c1CCN1C(=O)OC(C)(C)[C@]1(C)O,0
ZINC00143973,DUD_er_agonist_D_375,Cc1ccc(-c2nn(CCO)c(=O)c3ccccc23)cc1C,0
ZINC00144143,DUD_er_agonist_D_376,C[C@@H]1C[C@@H](NC(=O)c2ccccc2N)CC(C)(C)C1,0
ZINC00145938,DUD_er_agonist_D_377,Cc1cc(Nc2cccc(O)c2)c2cccc(C)c2n1,0
ZINC00146196,DUD_er_agonist_D_378,CC(C)(C)C(=O)NC(=S)Nc1cccc([N+](=O)[O-])c1,0
ZINC00146248,DUD_er_agonist_D_379,O=C(NC1CCCCCC1)c1ccc([N+](=O)[O-])cc1Cl,0
ZINC00147726,DUD_er_agonist_D_380,CC(C)c1ccc(NNC(=O)c2cccs2)cc1,0
ZINC00148656,DUD_er_agonist_D_381,Cc1sc2ncnc(Nc3ccc(O)cc3)c2c1C,0
ZINC00148883,DUD_er_agonist_D_382,CCOc1ccc(-c2c(C)sc3ncnc(O)c23)cc1,0
ZINC00148912,DUD_er_agonist_D_383,CC(C)(C)c1ccc(CSc2n[nH]c(=O)[nH]c2=O)cc1,0
ZINC00150675,DUD_er_agonist_D_384,CCCc1cc(O)nc(Nc2cc(Cl)ccc2C)n1,0
ZINC00150676,DUD_er_agonist_D_385,CCCc1cc(O)nc(NCc2ccc(Cl)cc2)n1,0
ZINC00150939,DUD_er_agonist_D_386,COc1cc(-c2cc(=O)c3cc(C)cc(C)c3o2)ccc1O,0
ZINC00151809,DUD_er_agonist_D_387,CCc1ccc(C(=O)NNc2cccc(C)c2)cc1,0
ZINC00152683,DUD_er_agonist_D_388,Cc1ccc(NC(=O)c2ccc(CCl)cc2)c(O)c1,0
ZINC00153269,DUD_er_agonist_D_389,CC(C)(C)c1ccc(NNC(=O)c2cccs2)cc1,0
ZINC00157026,DUD_er_agonist_D_390,CCc1ccc(C(=O)NC(=O)c2ccccc2O)cc1,0
ZINC00157694,DUD_er_agonist_D_391,CC(C)(C)NC(=O)/C=C\c1cc([N+](=O)[O-])ccc1Cl,0
ZINC00159164,DUD_er_agonist_D_392,Cc1c(C)c(C)c(C(=O)c2ccc(N)cc2)c(C)c1C,0
ZINC00161107,DUD_er_agonist_D_393,CC1(C)CC(=O)C=C(Sc2nc3ccccc3[nH]2)C1,0
ZINC00162703,DUD_er_agonist_D_394,C[C@H]1O[C@](O)(c2ccc([N+](=O)[O-])cc2)CC[N+]12CCCCC2,0
ZINC00162705,DUD_er_agonist_D_395,C[C@@H]1O[C@](O)(c2ccc([N+](=O)[O-])cc2)CC[N+]12CCCCC2,0
ZINC00162707,DUD_er_agonist_D_396,C[C@@H]1O[C@](O)(c2ccc([N+](=O)[O-])cc2)CC[N+]12CCCCC2,0
ZINC00164865,DUD_er_agonist_D_397,COc1cc2c(cc1OC)C(c1ccccc1N)=NCC2,0
ZINC00165974,DUD_er_agonist_D_398,Cc1cc(NC(=S)NC(=O)c2ccccc2)n(C)n1,0
ZINC00166050,DUD_er_agonist_D_399,CCOC(=O)C1=C(CCl)NC(=O)N[C@@H]1c1ccc(O)cc1,0
ZINC00167632,DUD_er_agonist_D_400,CC(C)(C)n1nc(-c2ccc(F)cc2)c(C#N)c1N,0
ZINC00167789,DUD_er_agonist_D_401,S=C(NN=C1CCCCCC1)Nc1ccccc1,0
ZINC00168076,DUD_er_agonist_D_402,O=C(Cc1ccc(O)cc1)Nc1ccc2c(c1)CCC2,0
ZINC00169221,DUD_er_agonist_D_403,COc1ccc(Cn2c(C)c(C)c(C#N)c2N)cc1,0
ZINC00169549,DUD_er_agonist_D_404,COc1ccc(Cn2c(N)c(C#N)c3c2CCCC3)cc1,0
ZINC00169728,DUD_er_agonist_D_405,Cc1[nH]c2ccccc2c1SCc1nnc(S)n1C,0
ZINC00172006,DUD_er_agonist_D_406,CCOC(=O)N/N=C\c1c(O)ccc2ccccc12,0
ZINC00172324,DUD_er_agonist_D_407,Cc1nc2c(c3c1[nH]c1ccccc13)[C@H](O)CC(C)(C)C2,0
ZINC00172332,DUD_er_agonist_D_408,Cc1nc2c(c3c1[nH]c1ccccc13)[C@@H](O)CC(C)(C)C2,0
ZINC00173761,DUD_er_agonist_D_409,CC(C)(C)c1ccc2[nH]c3c(c2c1)CCC/C3=N\O,0
ZINC00173989,DUD_er_agonist_D_410,Cc1cc(O)cc2c1[C@H]1CC[C@]3(C)C(=O)CC[C@H]3[C@@H]1C=C2,0
ZINC00174051,DUD_er_agonist_D_411,CN(C)c1ccc(NC(=S)NC(=O)c2ccco2)cc1,0
ZINC00174901,DUD_er_agonist_D_412,CC(=O)N/N=C\c1c(C)nn(-c2ccccc2)c1O,0
ZINC00175449,DUD_er_agonist_D_413,O=C(N/N=C/c1ccccc1O)[C@H]1CC12CCC2,0
ZINC00175821,DUD_er_agonist_D_414,CC(C)(C)c1cc(C(=O)N/N=C\c2ccccc2)[nH]n1,0
ZINC00175943,DUD_er_agonist_D_415,CCOc1ccc(Cc2cnc(SC)nc2N)cc1,0
ZINC00177986,DUD_er_agonist_D_416,CC(C)(C)c1ccc(Oc2ncccc2N)c(Cl)c1,0
ZINC00177986,DUD_er_agonist_D_417,CC(C)(C)c1ccc(Oc2[nH+]cccc2N)c(Cl)c1,0
ZINC00178238,DUD_er_agonist_D_418,COC(=O)N/N=C/c1c(C)nn(-c2ccccc2)c1Cl,0
ZINC00178248,DUD_er_agonist_D_419,COC(=O)N/N=C/c1c(C)nn(-c2ccccc2)c1O,0
ZINC00178800,DUD_er_agonist_D_420,CC(C)c1ccc2oc(-c3cc(N)ccc3Cl)nc2c1,0
ZINC00179164,DUD_er_agonist_D_421,COC(=O)N/N=C\c1c(C)[nH]c2ccc(C)cc12,0
ZINC00179241,DUD_er_agonist_D_422,Cc1cc(C(=O)N/N=C2\C(=O)Nc3ccccc32)c(C)o1,0
ZINC00179288,DUD_er_agonist_D_423,O=C(N/N=C/c1ccc(F)cc1)c1n[nH]c2c1CCC2,0
ZINC00179289,DUD_er_agonist_D_424,O=C(N/N=C/c1ccc(F)cc1)c1n[nH]c2c1CCCC2,0
ZINC00179291,DUD_er_agonist_D_425,O=C(N/N=C\c1ccc(F)cc1)c1n[nH]c2c1CCCC2,0
ZINC00179291,DUD_er_agonist_D_426,O=C(N/N=C\c1ccc(F)cc1)c1[nH]nc2c1CCCC2,0
ZINC00180621,DUD_er_agonist_D_427,O[C@H]1[C@@H]2C[C@@H]3CN(C(=S)Nc4ccccc4)[C@@H]1[C@H]3C2,0
ZINC00180650,DUD_er_agonist_D_428,C=C[C@@H]1CC[C@@H](O)[C@@H](N(C)C(=S)Nc2ccccc2)C1,0
ZINC00181419,DUD_er_agonist_D_429,CC(C)CCOc1ccc([C@]2(C)NC(=O)NC2=O)cc1,0
ZINC00181868,DUD_er_agonist_D_430,N#CC(=C1CCCC1)c1nc(-c2ccccc2O)cs1,0
ZINC00182337,DUD_er_agonist_D_431,CNC(=S)NCCc1c[nH]c2ccc(OC)cc12,0
ZINC00184134,DUD_er_agonist_D_432,Cc1cc(C)c(NC(=O)Cc2ccccc2[N+](=O)[O-])c(C)c1,0
ZINC00184560,DUD_er_agonist_D_433,CCc1ccc(N2C(=O)Nc3ccccc3N2O)cc1,0
ZINC00184583,DUD_er_agonist_D_434,CCOC1=C(C)OC(N)=C(C#N)[C@H]1c1ccc(OC)cc1,0
ZINC00184584,DUD_er_agonist_D_435,CCOC1=C(C)OC(N)=C(C#N)[C@@H]1c1ccc(OC)cc1,0
ZINC00184724,DUD_er_agonist_D_436,NNC(=O)CCn1c2c(c3ccccc31)CCCCC2,0
ZINC00185159,DUD_er_agonist_D_437,COc1ccc(C)cc1Nc1nc(C)cc(C)c1C(N)=O,0
ZINC00185169,DUD_er_agonist_D_438,Nc1nc(Cc2ccsc2)nc2sc3c(c12)CCCC3,0
ZINC00185696,DUD_er_agonist_D_439,C/C(=N\NC(=O)c1ccccc1O)c1ccc2c(c1)OCCO2,0
ZINC00186075,DUD_er_agonist_D_440,Cc1cc(C)c(C(N)=O)c(Nc2cccc3ccccc23)n1,0
ZINC00186390,DUD_er_agonist_D_441,O=C(N/N=C/c1cccs1)c1n[nH]c2c1CCCC2,0
ZINC00186417,DUD_er_agonist_D_442,COc1ccc(/C=N\NC(=O)c2n[nH]c3c2CCCC3)cc1,0
ZINC00186475,DUD_er_agonist_D_443,O/N=C1/CCCc2c1[nH]c1ccc(C3CCCCC3)cc21,0
ZINC00186504,DUD_er_agonist_D_444,COc1cccc(/C=N\NC(=O)c2n[nH]c3c2CCCC3)c1,0
ZINC00186631,DUD_er_agonist_D_445,Cc1ccsc1/C=N/NC(=O)c1n[nH]c2c1CCC2,0
ZINC00186643,DUD_er_agonist_D_446,O=C(N/N=C\c1cccc(Cl)c1)c1n[nH]c2c1CCCC2,0
ZINC00188889,DUD_er_agonist_D_447,COC1(c2cc(-c3ccccc3)nc(N)n2)CCCCC1,0
ZINC00191197,DUD_er_agonist_D_448,Cc1ccc(C(C)C)cc1Oc1cc(Cl)nc(N)n1,0
ZINC00191620,DUD_er_agonist_D_449,Cc1ccccc1NC(=O)c1c(N)sc2c1CC[C@H](C)C2,0
ZINC00191880,DUD_er_agonist_D_450,CCOC(=O)c1c(C)nc(-c2ccccc2)nc1N,0
ZINC00192127,DUD_er_agonist_D_451,Cc1ccc(Nc2nc3ccccc3c(=O)s2)cc1C,0
ZINC00192477,DUD_er_agonist_D_452,O=C(Nc1nc2c(s1)CCCC2)c1ccccc1O,0
ZINC00194010,DUD_er_agonist_D_453,CCOC(=O)C1=C(CCl)NC(=O)N[C@@H]1c1ccccc1O,0
ZINC00194013,DUD_er_agonist_D_454,CCOC(=O)C1=C(CCl)NC(=O)N[C@@H]1c1ccccc1O,0
ZINC00194058,DUD_er_agonist_D_455,CC(=O)[C@H]1[C@@H](c2ccccc2)c2c(C)n[nH]c2C[C@@]1(C)O,0
ZINC00194603,DUD_er_agonist_D_456,COc1ccccc1Nc1nc(C)cc(C)c1C(N)=O,0
ZINC00194767,DUD_er_agonist_D_457,Cc1oc(C(C)(C)C)cc1C(=O)Nc1cccc(O)c1,0
ZINC00195023,DUD_er_agonist_D_458,C[C@@]12CCCC[C@]1(O)[N+]([O-])=C(C(=O)c1ccccc1)N2,0
ZINC00199617,DUD_er_agonist_D_459,COc1ccc(Nc2nc(C)cc(C)c2C(N)=O)cc1,0
ZINC00199651,DUD_er_agonist_D_460,Cc1ccc(Nc2nc(C)cc(C)c2C(N)=O)cc1,0
ZINC00204006,DUD_er_agonist_D_461,Cc1ccc(-c2nn(C)c(=O)c3ccccc23)cc1CO,0
ZINC00207253,DUD_er_agonist_D_462,COCc1[nH]c2ccc([N+](=O)[O-])cc2c1-c1ccccc1,0
ZINC00208671,DUD_er_agonist_D_463,Cc1cc(N)n2nc(C)c(-c3ccc(Cl)cc3)c2n1,0
ZINC00209577,DUD_er_agonist_D_464,Cc1c(C(=O)NC2CCCCCC2)cccc1[N+](=O)[O-],0
ZINC00210209,DUD_er_agonist_D_465,CC(C)c1ccc(Cn2c(CO)nc3ccccc32)cc1,0
ZINC00210209,DUD_er_agonist_D_466,CC(C)c1ccc(Cn2c(CO)[nH+]c3ccccc32)cc1,0
ZINC00210340,DUD_er_agonist_D_467,CC(C)(C)c1ccc(Cn2c(=O)[nH]c3ccccc32)cc1,0
ZINC00210711,DUD_er_agonist_D_468,O=C(Nc1cccc2c1CCCC2)c1cccc([N+](=O)[O-])c1,0
ZINC00210799,DUD_er_agonist_D_469,C=C(C)[C@H]1CC=C(C)/C(=N\NC(=O)c2ccncc2)C1,0
ZINC00213316,DUD_er_agonist_D_470,CC(C)c1ccc(/C=C2\C(=O)Nc3ccc(F)cc32)cc1,0
ZINC00213324,DUD_er_agonist_D_471,CCOc1ccc(/C=C2/C(=O)Nc3ccc(F)cc32)cc1,0
ZINC00213463,DUD_er_agonist_D_472,CCOc1ccccc1/C=C1/C(=O)Nc2ccc(Cl)cc21,0
ZINC00213488,DUD_er_agonist_D_473,CCc1ccc(/C=C2\C(=O)Nc3ccc(Cl)cc32)cc1,0
ZINC00215530,DUD_er_agonist_D_474,Cc1nc(Nc2cccc([N+](=O)[O-])c2)c2c(C)c(C)sc2n1,0
ZINC00217234,DUD_er_agonist_D_475,CN(C)c1ccc2c(c1)OC(N)=C(C#N)[C@H]2c1ccoc1,0
ZINC00217349,DUD_er_agonist_D_476,C=C1N=C2CCCC(=O)[C@@H]2[C@@H](c2ccco2)/C1=C(/O)OCC,0
ZINC00222225,DUD_er_agonist_D_477,C[C@]12CCCC[C@H]1[C@H]2C(=O)N/N=C/c1ccc(O)cc1,0
ZINC00223312,DUD_er_agonist_D_478,Cc1ccc(/N=C/c2cc(C)c(C)cc2O)c(O)c1,0
ZINC00223334,DUD_er_agonist_D_479,Cc1cc(O)c(/C=N\c2cc(Cl)ccc2O)cc1C,0
ZINC00224129,DUD_er_agonist_D_480,Cc1ccc(O)c(/N=C/c2c(O)cc(C)c(Cl)c2C)c1,0
ZINC00224260,DUD_er_agonist_D_481,Cc1cc(Br)c(O)c(/C=N\c2c(C)cccc2O)c1,0
ZINC00224610,DUD_er_agonist_D_482,COc1ccc(C(=O)c2c(N)sc3c2CCCC3)cc1,0
ZINC00225299,DUD_er_agonist_D_483,Cc1cc(O)c(/N=C/c2cccc(F)c2O)cc1C,0
ZINC00225343,DUD_er_agonist_D_484,CCc1ccc(O)c(/N=C\c2cc(C)ccc2O)c1,0
ZINC00225461,DUD_er_agonist_D_485,Oc1ccccc1C1=NN[C@]2(C[C@H]3C[C@H]2[C@@H]2CCC[C@@H]32)S1,0
ZINC00225610,DUD_er_agonist_D_486,Oc1ccc(C2(c3ccc(O)cc3)CCCCC2)cc1,0
ZINC00226062,DUD_er_agonist_D_487,COC(=O)C[C@@]12C[C@H]3C[C@@H](C1)C[C@](c1ccc(N)cc1)(C3)C2,0
ZINC00226379,DUD_er_agonist_D_488,Cc1cc(O)c(/C=N\c2ccccc2O)c(C)c1Cl,0
ZINC00226425,DUD_er_agonist_D_489,Cc1cc(O)c(/C=N/c2ccccc2N)c(C)c1Cl,0
ZINC00226846,DUD_er_agonist_D_490,O/N=C1\CCc2c1[nH]c1ccc(C3CCCCC3)cc21,0
ZINC00227300,DUD_er_agonist_D_491,COc1nc(Nc2ccccc2)nc(NC(C)(C)C)n1,0
ZINC00227333,DUD_er_agonist_D_492,COc1cc(Oc2ccc(C(C)C)cc2C)nc(N)n1,0
ZINC00227419,DUD_er_agonist_D_493,O=C(N[C@H]1[C@H]2C[C@@H]3C[C@@H]1C[C@@](O)(C3)C2)c1ccc(Cl)cc1,0
ZINC00227433,DUD_er_agonist_D_494,COc1ccc([C@H]2C(C#N)=C(N)OC3=C2CCCC3)cc1,0
ZINC00227435,DUD_er_agonist_D_495,COc1ccc([C@H]2C(C#N)=C(N)OC3=C2CCCC3)cc1,0
ZINC00227773,DUD_er_agonist_D_496,CC(C)[C@@H]1CC[C@@H](C)/C(=C/c2ccc(N)cc2)C1=O,0
ZINC00228227,DUD_er_agonist_D_497,Cc1occc1C(=O)N/N=C\c1ccc(C(C)C)cc1,0
ZINC00228272,DUD_er_agonist_D_498,Cc1cc(C(=O)N/N=C\c2cccc(O)c2)c(C)o1,0
ZINC00228351,DUD_er_agonist_D_499,C/C(=N\NC(=O)c1cc(C)oc1C)c1ccccc1O,0
ZINC00229083,DUD_er_agonist_D_500,S/C(=N\c1ccc2nccnc2c1)N1CCCCCC1,0
ZINC00229272,DUD_er_agonist_D_501,O=C(N/N=C\c1ccc(F)cc1)c1cc(C2CC2)n[nH]1,0
ZINC00229306,DUD_er_agonist_D_502,O=C(N/N=C/c1ccccc1Cl)c1cc(C2CC2)n[nH]1,0
ZINC00229322,DUD_er_agonist_D_503,Cc1ccc(/C=N\NC(=O)c2cc(C3CC3)n[nH]2)cc1,0
ZINC00229627,DUD_er_agonist_D_504,Cc1cc(C)c(C(N)=O)c(Nc2ccc(Cl)cc2)n1,0
ZINC00229918,DUD_er_agonist_D_505,CN(C)c1ccc2c(c1)OC(N)=C(C#N)[C@H]2c1cccs1,0
ZINC00230012,DUD_er_agonist_D_506,CCOC(=O)C1=C(C)NC(=O)N[C@@H]1c1c(O)ccc2ccccc12,0
ZINC00230495,DUD_er_agonist_D_507,C=CC[C@@H]1CCCC[C@]12NC(=O)N(c1ccccc1)N2,0
ZINC00230496,DUD_er_agonist_D_508,C=CC[C@H]1CCCC[C@]12NC(=O)N(c1ccccc1)N2,0
ZINC00230498,DUD_er_agonist_D_509,C=CC[C@H]1CCCC[C@]12NC(=O)N(c1ccccc1)N2,0
ZINC00232436,DUD_er_agonist_D_510,COc1cc(/C(C)=N\NC(=O)c2ccoc2C)ccc1O,0
ZINC00232969,DUD_er_agonist_D_511,CC(C)c1cc(C(=O)N/N=C/c2ccc(F)cc2)[nH]n1,0
ZINC00232994,DUD_er_agonist_D_512,CC(C)c1cc(C(=O)N/N=C/c2ccccc2)[nH]n1,0
ZINC00232994,DUD_er_agonist_D_513,CC(C)c1cc(C(=O)N/N=C/c2ccccc2)n[nH]1,0
ZINC00233058,DUD_er_agonist_D_514,CC(C)c1cc(C(=O)N/N=C\c2cccs2)[nH]n1,0
ZINC00233102,DUD_er_agonist_D_515,C/C(=N/NC(=O)c1cc(C(C)C)n[nH]1)c1ccco1,0
ZINC00233102,DUD_er_agonist_D_516,C/C(=N/NC(=O)c1cc(C(C)C)[nH]n1)c1ccco1,0
ZINC00234068,DUD_er_agonist_D_517,Cc1ccc(Nc2cc([C@]3(C)CCC(=O)O3)cs2)cc1,0
ZINC00234075,DUD_er_agonist_D_518,Cc1ccc(Nc2cc([C@]3(C)CCC(=O)O3)cs2)cc1,0
ZINC00234806,DUD_er_agonist_D_519,CCOC(=O)C1=C(C)[C@H](c2ccccc2Cl)NC(=O)N1C,0
ZINC00234809,DUD_er_agonist_D_520,CCOC(=O)C1=C(C)[C@@H](c2ccccc2Cl)NC(=O)N1C,0
ZINC00234811,DUD_er_agonist_D_521,CCOC(=O)C1=C(C)[C@@H](c2ccccc2F)NC(=O)N1C,0
ZINC00234816,DUD_er_agonist_D_522,CCOC(=O)C1=C(C)[C@@H](c2ccccc2F)NC(=O)N1C,0
ZINC00235311,DUD_er_agonist_D_523,Cc1cc(C)c(C(N)=O)c(Nc2ccccc2Cl)n1,0
ZINC00235359,DUD_er_agonist_D_524,COc1ccc(-c2c(C)sc3ncnc(N)c23)cc1OC,0
ZINC00235823,DUD_er_agonist_D_525,Oc1ccc(C2(c3ccc(O)cc3)CCCC2)cc1,0
ZINC00236108,DUD_er_agonist_D_526,N#CC1=C(N)OC2=C(CCCC2)[C@H]1c1ccc(F)cc1,0
ZINC00236112,DUD_er_agonist_D_527,N#CC1=C(N)OC2=C(CCCC2)[C@@H]1c1ccc(F)cc1,0
ZINC00236871,DUD_er_agonist_D_528,CN(C)c1ccc(-c2nc3cc([N+](=O)[O-])ccc3[nH]2)cc1,0
ZINC00236871,DUD_er_agonist_D_529,CN(C)c1ccc(-c2[nH]c3ccc([N+](=O)[O-])cc3[nH+]2)cc1,0
ZINC00238014,DUD_er_agonist_D_530,O=C(NC(=S)N1CCCCC1)c1ccc([N+](=O)[O-])cc1,0
ZINC00238473,DUD_er_agonist_D_531,O=C(Cc1ccc2c(c1)OCCCO2)c1ccc(O)cc1O,0
ZINC00238763,DUD_er_agonist_D_532,CCOc1ccc(Nc2nc(C)cc(C)c2C(N)=O)cc1,0
ZINC00238764,DUD_er_agonist_D_533,Cc1cc(C)c(C(N)=O)c(Nc2cccc(Cl)c2)n1,0
ZINC00239709,DUD_er_agonist_D_534,COc1ccc(-c2[nH]ncc2-c2ccccc2)c(O)c1C,0
ZINC00241870,DUD_er_agonist_D_535,Cc1c(O)ccc(C(=O)Cc2ccc3c(c2)OCCO3)c1O,0
ZINC00243533,DUD_er_agonist_D_536,COc1cccc(/C=N/c2cc(C)cc(C)c2O)c1O,0
ZINC00244673,DUD_er_agonist_D_537,CC(=O)Nc1ccc(/N=C\c2ccc(C)cc2)cc1,0
ZINC00245783,DUD_er_agonist_D_538,CSc1nc2c(c(-c3ccc(O)cc3)c1C#N)CCCC2,0
ZINC00245828,DUD_er_agonist_D_539,O=C(NN=C1CCCCCCC1)c1cccc(O)c1,0
ZINC00246384,DUD_er_agonist_D_540,CC(C)CCc1ccc([C@]2(C)NC(=O)NC2=O)cc1,0
ZINC00246386,DUD_er_agonist_D_541,CC(C)CCc1ccc([C@@]2(C)NC(=O)NC2=O)cc1,0
ZINC00246653,DUD_er_agonist_D_542,CO/C(=N\C1CCCCC1)[C@H](O)c1c[nH]c2ccccc12,0
ZINC00246658,DUD_er_agonist_D_543,CO/C(=N/C1CCCCC1)[C@H](O)c1c[nH]c2ccccc12,0
ZINC00246668,DUD_er_agonist_D_544,CO/C(=N/C1CCCCC1)[C@@H](O)c1c[nH]c2ccccc12,0
ZINC00246672,DUD_er_agonist_D_545,CO/C(=N/C1CCCC1)[C@H](O)c1c[nH]c2ccccc12,0
ZINC00246737,DUD_er_agonist_D_546,O=C(NN=C1[C@H]2CC3C[C@H]1CC(O)(C3)C2)c1ccncc1,0
ZINC00246743,DUD_er_agonist_D_547,O=C(N/N=C1/[C@H]2C[C@@H]3C[C@@H]1C[C@](O)(C3)C2)c1ccccn1,0
ZINC00246756,DUD_er_agonist_D_548,O=C(NN=C1C2CC3CC(C2)CC1C3)c1ccc(O)cc1,0
ZINC00246898,DUD_er_agonist_D_549,O=C(NN=C1[C@@H]2CC3C[C@@H]1CC(Cl)(C3)C2)c1cccnc1,0
ZINC00247015,DUD_er_agonist_D_550,Cc1cccc(Nc2nc(Cl)nc(NC(C)C)n2)c1,0
ZINC00250221,DUD_er_agonist_D_551,Oc1ccc(Nc2ncnc3sc4c(c23)CCCC4)cc1,0
ZINC00250228,DUD_er_agonist_D_552,Oc1cccc(Nc2ncnc3sc4c(c23)CCCC4)c1,0
ZINC00250236,DUD_er_agonist_D_553,Cc1ccc(NC(=O)c2ccc([N+](=O)[O-])s2)c(C)c1,0
ZINC00250259,DUD_er_agonist_D_554,Oc1cccc(Nc2ncnc3sc4c(c23)CCC4)c1,0
ZINC00250266,DUD_er_agonist_D_555,Oc1ccc(Nc2ncnc3sc4c(c23)CCC4)cc1,0
ZINC00250698,DUD_er_agonist_D_556,O=C(N/N=C/c1ccccc1[N+](=O)[O-])[C@H]1[C@@H]2CCCC[C@@H]21,0
ZINC00250997,DUD_er_agonist_D_557,O=C(Nc1ccc2c(c1)CCC2)c1ccc([N+](=O)[O-])cc1,0
ZINC00251012,DUD_er_agonist_D_558,O=C(Nc1ccc2c(c1)CCC2)c1cccc([N+](=O)[O-])c1,0
ZINC00252220,DUD_er_agonist_D_559,C[C@@H]1CCCC/C1=N/NC(=O)CNc1ccc(F)cc1,0
ZINC00257145,DUD_er_agonist_D_560,COc1ccc(NCc2cccc(OC)c2O)cc1Cl,0
ZINC00257180,DUD_er_agonist_D_561,O=[N+]([O-])c1ccc(CNc2ccc3c(c2)OCCO3)cc1,0
ZINC00257645,DUD_er_agonist_D_562,C/C(=N/NC(=O)c1cc(C)n[nH]1)c1ccc(F)cc1,0
ZINC00257645,DUD_er_agonist_D_563,C/C(=N/NC(=O)c1cc(C)[nH]n1)c1ccc(F)cc1,0
ZINC00257739,DUD_er_agonist_D_564,Cc1cc(C(=O)N/N=C\c2cn(C)c3ccccc23)[nH]n1,0
ZINC00257868,DUD_er_agonist_D_565,CCOc1ccc2c(c1)C(=NN)c1cc(OCC)ccc1-2,0
ZINC00258382,DUD_er_agonist_D_566,Cc1ccc(C)c(NC(=O)c2ccc(F)c([N+](=O)[O-])c2)c1,0
ZINC00258914,DUD_er_agonist_D_567,COC(=O)Nc1ccc2c(c1)Nc1ccccc1CC2,0
ZINC00259547,DUD_er_agonist_D_568,COC(=O)c1ccc(Sc2ccc(C)cc2)c(N)c1,0
ZINC00261578,DUD_er_agonist_D_569,CSc1ccc(/C=N\NC(=O)c2ccc(C)nc2)cc1,0
ZINC00262378,DUD_er_agonist_D_570,C[C@H](O)c1ccc(Oc2ccc([C@H](C)O)cc2)cc1,0
ZINC00262587,DUD_er_agonist_D_571,CN1C(=O)N(c2cccc3ccccc23)[C@](C)(O)CC1(C)C,0
ZINC00263250,DUD_er_agonist_D_572,COc1ccc(C)cc1NCc1ccc([N+](=O)[O-])cc1,0
ZINC00263280,DUD_er_agonist_D_573,COc1cc(CNc2ccccc2)c([N+](=O)[O-])cc1OC,0
ZINC00264282,DUD_er_agonist_D_574,Cc1[nH]c2ccccc2c1/C=N/NC(=O)OC(C)(C)C,0
ZINC00264285,DUD_er_agonist_D_575,CC(C)(C)OC(=O)N/N=C\c1nc2ccccc2[nH]1,0
ZINC00265009,DUD_er_agonist_D_576,CC(=O)c1c(C)[nH]c(C(=O)Nc2ccc(Cl)cc2)c1C,0
ZINC00265241,DUD_er_agonist_D_577,COc1ccccc1NC(=O)c1c(N)sc2c1CCC2,0
ZINC00265802,DUD_er_agonist_D_578,Cc1ccc(C(C)C)c(Oc2cc(N)cc([N+](=O)[O-])c2)c1,0
ZINC00265805,DUD_er_agonist_D_579,Nc1cc(Oc2ccc3c(c2)CCC3)cc([N+](=O)[O-])c1,0
ZINC00268518,DUD_er_agonist_D_580,Cc1cc(NC(=O)c2ccc(Br)cc2)c(C)cc1O,0
ZINC00268704,DUD_er_agonist_D_581,CC1(C)C[C@H]2C[C@@](C)(CN2C(=O)c2ccc(N)cc2)C1,0
ZINC00268708,DUD_er_agonist_D_582,CC1(C)C[C@H]2C[C@@](C)(CN2C(=O)c2ccc(N)cc2)C1,0
ZINC00269450,DUD_er_agonist_D_583,CCOC(=O)c1cnn(Cc2ccc(Cl)cc2)c1N,0
ZINC00269608,DUD_er_agonist_D_584,CC(C)c1ccc(CSc2nnc(N)s2)cc1,0
ZINC00270572,DUD_er_agonist_D_585,Cc1ccc(Nc2nc(Cl)nc(NC(C)(C)C)n2)cc1,0
ZINC00271435,DUD_er_agonist_D_586,O=C(NC1CCCCCC1)c1cccc([N+](=O)[O-])c1,0
ZINC00271538,DUD_er_agonist_D_587,Cc1ccc(NC(=O)c2ccc(C)c([N+](=O)[O-])c2)cc1C,0
ZINC00271772,DUD_er_agonist_D_588,O=C(CNc1ccc(F)cc1)NN=C1CCCCC1,0
ZINC00271980,DUD_er_agonist_D_589,Cc1cc(C)c(O)c(/N=C\c2cc(Br)ccc2O)c1,0
ZINC00272213,DUD_er_agonist_D_590,CCc1ccc(NC(=O)c2ccc(C)c([N+](=O)[O-])c2)cc1,0
ZINC00272299,DUD_er_agonist_D_591,C[C@](O)(C(=O)NN=C1CCCC1)c1ccccc1,0
ZINC00272602,DUD_er_agonist_D_592,Cc1cccc(NC(=O)c2cccc([N+](=O)[O-])c2C)c1C,0
ZINC00272668,DUD_er_agonist_D_593,Cc1cc(C)c(O)c(/N=C\c2cc(Cl)ccc2O)c1,0
ZINC00272680,DUD_er_agonist_D_594,CCc1cccc(C)c1NC(=O)c1cccc([N+](=O)[O-])c1C,0
ZINC00273511,DUD_er_agonist_D_595,CC[C@H](C)c1c(O)nc(SCc2ccccc2)[nH]c1=O,0
ZINC00275194,DUD_er_agonist_D_596,COC(C)(C)c1cc(-c2cccc3ccccc23)nc(N)n1,0
ZINC00277992,DUD_er_agonist_D_597,Cc1oc(C)c2c(=O)cc(-c3ccc(O)cc3)cc(O)c12,0
ZINC00279589,DUD_er_agonist_D_598,COc1ccc(NCc2ccc([N+](=O)[O-])s2)c(OC)c1,0
ZINC00279679,DUD_er_agonist_D_599,Cc1cc2nn(-c3ccc(C(C)C)cc3)nc2cc1N,0
ZINC00279792,DUD_er_agonist_D_600,CC1=C(C(=O)OC(C)(C)C)[C@H](c2ccc(O)cc2)NC(=O)N1,0
ZINC00279800,DUD_er_agonist_D_601,CC1=C(C(=O)OC(C)(C)C)[C@H](c2ccc(O)cc2)NC(=O)N1,0
ZINC00279868,DUD_er_agonist_D_602,Cc1ccc(C)c(CNc2ccc3n[nH]cc3c2)c1,0
ZINC00280009,DUD_er_agonist_D_603,COc1cccc(CNc2ccc3cn[nH]c3c2)c1OC,0
ZINC00280009,DUD_er_agonist_D_604,COc1cccc(CNc2ccc3c[nH]nc3c2)c1OC,0
ZINC00280240,DUD_er_agonist_D_605,COc1cc(CNc2ccccc2SC)ccc1O,0
ZINC00280313,DUD_er_agonist_D_606,Cc1ccc(C)c(CNc2ccc3c[nH]nc3c2)c1,0
ZINC00280320,DUD_er_agonist_D_607,O=[N+]([O-])c1cc2c(cc1CNc1ccc3c(c1)CCC3)OCO2,0
ZINC00280330,DUD_er_agonist_D_608,Cc1ccc(CNc2ccc3n[nH]cc3c2)c(C)c1,0
ZINC00280652,DUD_er_agonist_D_609,CCOC(=O)c1c(C)n(C)c2c1cc(O)c1ccccc12,0
ZINC00282372,DUD_er_agonist_D_610,Cc1ccc(NC(=O)c2c(N)sc3c2CCCCC3)cc1,0
ZINC00282386,DUD_er_agonist_D_611,COc1cc(Cc2nc3ccccc3[nH]2)c([N+](=O)[O-])cc1OC,0
ZINC00282386,DUD_er_agonist_D_612,COc1cc(Cc2[nH]c3ccccc3[nH+]2)c([N+](=O)[O-])cc1OC,0
ZINC00282477,DUD_er_agonist_D_613,O=C(N/N=C/c1cccc(O)c1)[C@H]1[C@@H]2CCCC[C@@H]21,0
ZINC00283151,DUD_er_agonist_D_614,Cc1ccc(C)c(NC(=O)c2ccc(F)cc2[N+](=O)[O-])c1,0
ZINC00283210,DUD_er_agonist_D_615,NC(=O)c1c(/N=C\c2ccco2)sc2c1CCCC2,0
ZINC00284075,DUD_er_agonist_D_616,COC(=O)C1=C(C)NC(=O)N[C@@H]1c1c(O)ccc2ccccc12,0
ZINC00284271,DUD_er_agonist_D_617,O=C(Nc1sc2c(c1CO)CCCC2)c1ccccc1,0
ZINC00285876,DUD_er_agonist_D_618,Cc1nnc(C)c2c(C)n(-c3ccccc3N)c(C)c12,0
ZINC00287361,DUD_er_agonist_D_619,CCOC(=O)c1c([C@@H]2COc3ccccc3O2)csc1N,0
ZINC00287363,DUD_er_agonist_D_620,CCOC(=O)c1c([C@H]2COc3ccccc3O2)csc1N,0
ZINC00288555,DUD_er_agonist_D_621,Cc1cc(C)c(/C=N\NC(=O)c2ccc(O)cc2)c(C)c1,0
ZINC00289653,DUD_er_agonist_D_622,Cc1cc(C)n(/N=C/c2ccc(F)cc2)c(=O)c1C(N)=O,0
ZINC00290540,DUD_er_agonist_D_623,O=C(NN=C1C2CC3CC(C2)CC1C3)c1cccnc1,0
ZINC00291349,DUD_er_agonist_D_624,Cc1ccc(Nc2nc(Cl)nc(NC(C)C)n2)cc1,0
ZINC00291625,DUD_er_agonist_D_625,O=C(NCCC1=CCCCC1)c1ccccc1[N+](=O)[O-],0
ZINC00292702,DUD_er_agonist_D_626,COc1ccc(-n2c(C)c([N+](=O)[O-])c3ccc(O)cc32)cc1,0
ZINC00293942,DUD_er_agonist_D_627,Cc1ccsc1[C@@H]1C(C#N)=C(N)OC2=C1CCCC2,0
ZINC00293945,DUD_er_agonist_D_628,Cc1ccsc1[C@H]1C(C#N)=C(N)OC2=C1CCCC2,0
ZINC00296603,DUD_er_agonist_D_629,CC(C)(C)c1ccc(O)c(/N=C\c2ccccc2O)c1,0
ZINC00297090,DUD_er_agonist_D_630,Cc1cc(C)c(/C=N\c2ccccc2C(N)=O)c(C)c1,0
ZINC00297106,DUD_er_agonist_D_631,CCOC(=O)C1=C(C)NC(=S)N[C@H]1c1cccc(O)c1,0
ZINC00297109,DUD_er_agonist_D_632,CCOC(=O)C1=C(C)NC(=S)N[C@@H]1c1cccc(O)c1,0
ZINC00297326,DUD_er_agonist_D_633,CC(C)c1ccc(/C=N/c2ccccc2C(N)=O)cc1,0
ZINC00297328,DUD_er_agonist_D_634,CC(C)c1ccc(/C=N\c2ccccc2C(N)=O)cc1,0
ZINC00297668,DUD_er_agonist_D_635,Cc1cc(C)c(/C=N\c2cccc(C(N)=O)c2)c(C)c1,0
ZINC00297690,DUD_er_agonist_D_636,Cc1cc(C)cc(/N=C\c2ccc(O)cc2O)c1,0
ZINC00300497,DUD_er_agonist_D_637,O=C(NN=C1C2CC3CC(C2)CC1C3)c1ccccn1,0
ZINC00300577,DUD_er_agonist_D_638,Cc1ccc(NC(=O)c2cccc([N+](=O)[O-])c2C)c(C)c1,0
ZINC00300674,DUD_er_agonist_D_639,CCc1cccc(C)c1NC(=O)c1ccc(C)c([N+](=O)[O-])c1,0
ZINC00300945,DUD_er_agonist_D_640,Cc1ccc(NC(=O)[C@@H]2C[C@H]2c2ccccc2)cc1[N+](=O)[O-],0
ZINC00300950,DUD_er_agonist_D_641,Cc1ccc(NC(=O)[C@@H]2C[C@H]2c2ccccc2)cc1[N+](=O)[O-],0
ZINC00302078,DUD_er_agonist_D_642,Cc1oc2c(C)c(O)ccc2c(=O)c1Oc1ccc(F)cc1,0
ZINC00305185,DUD_er_agonist_D_643,CCc1cccc(C)c1NC(=O)c1ccccc1[N+](=O)[O-],0
ZINC00305188,DUD_er_agonist_D_644,Cc1cc(C)cc(NC(=S)NCc2ccco2)c1,0
ZINC00305251,DUD_er_agonist_D_645,CC(C)(C)[C@H](O)CSc1nc2ccccc2[nH]1,0
ZINC00305251,DUD_er_agonist_D_646,CC(C)(C)[C@H](O)CSc1[nH]c2ccccc2[nH+]1,0
ZINC00307652,DUD_er_agonist_D_647,C=CCc1cc2c(oc(=O)c3ccccc32)c(C)c1O,0
ZINC00309284,DUD_er_agonist_D_648,CC(C)c1ccccc1NC(=O)c1ccccc1N,0
ZINC00309912,DUD_er_agonist_D_649,Nc1sc2c(c1C(=O)NCc1ccccc1)CCCC2,0
ZINC00310980,DUD_er_agonist_D_650,NC(=O)c1ccccc1NC(=O)CCC1CCCCC1,0
ZINC00311200,DUD_er_agonist_D_651,CCc1ccc(NC(=O)c2cccc([N+](=O)[O-])c2C)cc1,0
ZINC00311393,DUD_er_agonist_D_652,Cc1cccc(C)c1NC(=O)c1cccc([N+](=O)[O-])c1C,0
ZINC00311467,DUD_er_agonist_D_653,CCc1ccccc1NC(=O)c1ccc([N+](=O)[O-])c(C)c1,0
ZINC00311482,DUD_er_agonist_D_654,Cc1c(C(=O)Nc2ccccc2C(C)C)cccc1[N+](=O)[O-],0
ZINC00312965,DUD_er_agonist_D_655,CC1(c2ccccc2NC(=O)c2ccc([N+](=O)[O-])cc2)CC1,0
ZINC00313435,DUD_er_agonist_D_656,Cc1cc(N)n2nc(-c3ccc(C(C)(C)C)cc3)cc2n1,0
ZINC00314066,DUD_er_agonist_D_657,COc1ccc2c(c1)c(-c1csc(N)n1)c(C)n2C,0
ZINC00314940,DUD_er_agonist_D_658,CCc1cc2c(=O)c(-c3ccc(F)cc3)c(C)oc2cc1O,0
ZINC00315507,DUD_er_agonist_D_659,CC1=C(Cc2cc3ccc(=O)oc3cc2O)CC(C)(C)CC1,0
ZINC00316745,DUD_er_agonist_D_660,O=C(CC1CCCCC1)Nc1nc2ccccc2s1,0
ZINC00317099,DUD_er_agonist_D_661,Cc1cc(C)c(C(N)=O)c(Nc2cccc(Br)c2)n1,0
ZINC00317852,DUD_er_agonist_D_662,O=c1c2ccccc2[nH]c(=S)n1CCC1=CCCCC1,0
ZINC00318172,DUD_er_agonist_D_663,CC(C)(C)c1csc(NC(=O)c2ccccc2O)n1,0
ZINC00320812,DUD_er_agonist_D_664,CCOc1ccc(Cc2c(O)nc(SC)[nH]c2=O)cc1,0
ZINC00323862,DUD_er_agonist_D_665,N#Cc1c(/N=C\c2cccc(O)c2)sc2c1CCCC2,0
ZINC00330816,DUD_er_agonist_D_666,Cc1cc(O)c(NC(=O)c2ccccc2Br)cc1C,0
ZINC00330819,DUD_er_agonist_D_667,Cc1cc(O)c(NC(=O)c2ccc(Br)cc2)cc1C,0
ZINC00330864,DUD_er_agonist_D_668,Cc1cc(O)c(NC(=O)Cc2ccc(Cl)cc2)cc1C,0
ZINC00331447,DUD_er_agonist_D_669,CCOC(=O)c1nc(-c2ccc(C)cc2)c[n+]([O-])c1N,0
ZINC00331504,DUD_er_agonist_D_670,N#C/C(=C\c1cccs1)C(=O)NC1CCCCCC1,0
ZINC00331931,DUD_er_agonist_D_671,Cc1[nH]c2ccccc2c1C=C1C(=O)N(C)C(=S)N(C)C1=O,0
ZINC00335546,DUD_er_agonist_D_672,O=C(Nc1cccc2c1CCCC2)c1ccc([N+](=O)[O-])cc1,0
ZINC00336226,DUD_er_agonist_D_673,O=C(NN=C1CCCC1)c1cc(-c2ccccc2)n[nH]1,0
ZINC00336226,DUD_er_agonist_D_674,O=C(NN=C1CCCC1)c1cc(-c2ccccc2)[nH]n1,0
ZINC00336612,DUD_er_agonist_D_675,CCOC(=O)Cn1nc(C)c(-c2ccccc2)c1N,0
ZINC00337522,DUD_er_agonist_D_676,CCc1ccc(NC2=CC(=O)C[C@@H](c3ccco3)C2)cc1,0
ZINC00337860,DUD_er_agonist_D_677,O=C1Nc2ccccc2/C1=N\NC(=O)[C@H]1C[C@H]2CC[C@@H]1C2,0
ZINC00338073,DUD_er_agonist_D_678,O=C(Nc1ccccc1O)c1csc2c1CCCC2,0
ZINC00338118,DUD_er_agonist_D_679,COc1ccc2cc3[n+](cc2c1OC)CCc1cc(O)c(O)cc1-3,0
ZINC00338553,DUD_er_agonist_D_680,CC1(C)OC(C)(C)/C(=C/Nc2ccc(O)cc2)C1=O,0
ZINC00339976,DUD_er_agonist_D_681,CCOC(=O)C1=C(C)[C@@H](c2ccccc2Cl)NC(=O)N1,0
ZINC00339977,DUD_er_agonist_D_682,CCOC(=O)C1=C(C)[C@@H](c2ccccc2Cl)NC(=O)N1,0
ZINC00339978,DUD_er_agonist_D_683,CCOC(=O)C1=C(C)[C@H](c2ccccc2F)NC(=O)N1,0
ZINC00339979,DUD_er_agonist_D_684,CCOC(=O)C1=C(C)[C@H](c2ccccc2F)NC(=O)N1,0
ZINC00339980,DUD_er_agonist_D_685,CCOC(=O)C1=C(C)[C@@H](c2ccc(F)cc2)NC(=O)N1,0
ZINC00339983,DUD_er_agonist_D_686,CCOC(=O)C1=C(C)[C@H](c2ccc(F)cc2)NC(=O)N1,0
ZINC00341187,DUD_er_agonist_D_687,C[C@H]1CCc2c(sc(N)c2C(=O)Nc2ccccc2)C1,0
ZINC00341188,DUD_er_agonist_D_688,C[C@@H]1CCc2c(sc(N)c2C(=O)Nc2ccccc2)C1,0
ZINC00342010,DUD_er_agonist_D_689,CCCC(=O)NC(=S)Nc1ccc(C(=O)OC)cc1,0
ZINC00342061,DUD_er_agonist_D_690,CC(=O)c1ccc(NC(=S)NC(=O)CC(C)C)cc1,0
ZINC00342644,DUD_er_agonist_D_691,CC(C)(C)c1cc(C(=O)N/N=C\c2ccc(F)cc2)[nH]n1,0
ZINC00342721,DUD_er_agonist_D_692,CCOC(=O)C1=C(C)NC(=S)N[C@H]1c1ccccc1O,0
ZINC00342723,DUD_er_agonist_D_693,CCOC(=O)C1=C(C)NC(=S)N[C@@H]1c1ccccc1O,0
ZINC00344025,DUD_er_agonist_D_694,CC1(C)CC(=O)C(Sc2ccccc2[N+](=O)[O-])=C(O)C1,0
ZINC00344025,DUD_er_agonist_D_695,CC1(C)CC(=O)C(Sc2ccccc2[N+](=O)[O-])C(=O)C1,0
ZINC00344401,DUD_er_agonist_D_696,CC(C)C[C@H](Br)C(=O)Nc1ccccc1C(N)=O,0
ZINC00346288,DUD_er_agonist_D_697,COc1ccc(Sc2ccccc2C(N)=O)c(OC)c1,0
ZINC00346712,DUD_er_agonist_D_698,CN(C)c1ccc(-c2nc3cc(N)ccc3n2C)cc1,0
ZINC00346712,DUD_er_agonist_D_699,CN(C)c1ccc(-c2[nH+]c3cc(N)ccc3n2C)cc1,0
ZINC00347452,DUD_er_agonist_D_700,CC(C)c1ccc2c(c1)C(=O)Cc1cc(N)ccc1S2,0
ZINC00349381,DUD_er_agonist_D_701,COc1cccc(/C=N\n2c(=O)[nH]c3ccccc32)c1OC,0
ZINC00351100,DUD_er_agonist_D_702,Cc1nc2scc(-c3ccc(C(C)C)cc3)c2c(=O)n1N,0
ZINC00354239,DUD_er_agonist_D_703,CC1(C)C[C@@](C)(c2ccc(N)cc2)c2cc(N)ccc21,0
ZINC00354622,DUD_er_agonist_D_704,CCOC(=O)C1=C(N)Oc2n[nH]c(C)c2[C@H]1c1ccccc1,0
ZINC00354625,DUD_er_agonist_D_705,CCOC(=O)C1=C(N)Oc2n[nH]c(C)c2[C@H]1c1ccccc1,0
ZINC00357998,DUD_er_agonist_D_706,Cc1ccc(/C=N/c2sc3c(c2C(N)=O)CCCC3)s1,0
ZINC00358181,DUD_er_agonist_D_707,NC(=O)c1c(/N=C/c2ccccc2)sc2c1CCCC2,0
ZINC00358184,DUD_er_agonist_D_708,NC(=O)c1c(/N=C/c2ccccc2)sc2c1CCCC2,0
ZINC00360098,DUD_er_agonist_D_709,Nc1ncnc2c1C1(CCCCC1)Cc1ccccc1-2,0
ZINC00362700,DUD_er_agonist_D_710,CC(C)(C)c1ccc(C(=O)Nc2ccccc2O)cc1,0
ZINC00363836,DUD_er_agonist_D_711,CC(C)(C)c1ccc(C(=O)Nc2cccc(O)c2)cc1,0
ZINC00364397,DUD_er_agonist_D_712,Cc1ccc(NC(=O)c2ccc(C(C)(C)C)cc2)cc1O,0
ZINC00364511,DUD_er_agonist_D_713,CC(C)(C)c1cnc(NC(=O)c2ccccc2O)s1,0
ZINC00365219,DUD_er_agonist_D_714,O=C(Oc1ccc2ccc(O)cc2c1)C1CCCCC1,0
ZINC00365445,DUD_er_agonist_D_715,CC[C@@H](C(=O)Nc1ccc(C)c(O)c1)c1ccccc1,0
ZINC00365447,DUD_er_agonist_D_716,CC[C@@H](C(=O)Nc1ccc(C)c(O)c1)c1ccccc1,0
ZINC00366655,DUD_er_agonist_D_717,CC(=O)[C@H]1[C@H](c2ccccc2)c2c(n[nH]c2C)C[C@@]1(C)O,0
ZINC00367769,DUD_er_agonist_D_718,CC[C@H](C(=O)Nc1cc(C)ccc1O)c1ccccc1,0
ZINC00367771,DUD_er_agonist_D_719,CC[C@@H](C(=O)Nc1cc(C)ccc1O)c1ccccc1,0
ZINC00367848,DUD_er_agonist_D_720,COc1ccc(C(=O)Nc2cc(C)ccc2O)cc1Cl,0
ZINC00368040,DUD_er_agonist_D_721,CC(C)COc1ccc(-c2csc(N)n2)cc1,0
ZINC00370585,DUD_er_agonist_D_722,O=C(N/N=C/c1ccc(O)cc1)C1CCCCC1,0
ZINC00370586,DUD_er_agonist_D_723,O=C(N/N=C/c1ccc(O)cc1)C1CCCCC1,0
ZINC00373926,DUD_er_agonist_D_724,Cc1cc(C(=O)N/N=C\c2c[nH]c3ccccc23)cs1,0
ZINC00373968,DUD_er_agonist_D_725,CC(C)c1cc(C(=O)N/N=C/c2ccncc2)cs1,0
ZINC00373971,DUD_er_agonist_D_726,CC(C)c1cc(C(=O)N/N=C/c2cccnc2)cs1,0
ZINC00374072,DUD_er_agonist_D_727,Cc1cc(C)cc(Oc2cc(N)cc([N+](=O)[O-])c2)c1,0
ZINC00374472,DUD_er_agonist_D_728,Nc1sc2c(c1C(=O)NCc1cccnc1)CCCC2,0
ZINC00374521,DUD_er_agonist_D_729,CCc1c(C)sc(N)c1C(=O)NCc1cccnc1,0
ZINC00375044,DUD_er_agonist_D_730,Cc1ccc(C(=O)N[C@@H](C)c2ccc3c(c2)OCO3)s1,0
ZINC00380387,DUD_er_agonist_D_731,COc1cccc(Nc2nc(C)cc(C)c2C(N)=O)c1,0
ZINC00381509,DUD_er_agonist_D_732,Cc1cc(C(=O)N/N=C/c2c[nH]c3ccccc23)c(C)o1,0
ZINC00381510,DUD_er_agonist_D_733,Cc1cc(C(=O)N/N=C\c2c[nH]c3ccccc23)c(C)o1,0
ZINC00383790,DUD_er_agonist_D_734,Cc1ccc(NC(=O)c2ccc(C(C)(C)C)cc2)c(O)c1,0
ZINC00383791,DUD_er_agonist_D_735,Cc1ccc(O)c(NC(=O)c2ccc(C(C)(C)C)cc2)c1,0
ZINC00383792,DUD_er_agonist_D_736,Cc1cc(O)ccc1NC(=O)c1ccc(C(C)(C)C)cc1,0
ZINC00385818,DUD_er_agonist_D_737,Cc1ccc(C(=O)c2nnc3c(C)ccc(C)c3c2N)cc1,0
ZINC00385818,DUD_er_agonist_D_738,Cc1ccc(C(=O)c2n[nH+]c3c(C)ccc(C)c3c2N)cc1,0
ZINC00386224,DUD_er_agonist_D_739,CCOC(=O)c1cc(O)n(-c2ccc(Cl)cc2C)n1,0
ZINC00386458,DUD_er_agonist_D_740,Cc1cc(C)c(CSc2ncnc3nc[nH]c23)c(C)c1,0
ZINC00386528,DUD_er_agonist_D_741,CCc1ccc(N[C@H]2Nc3cc(C)nn3S2)cc1,0
ZINC00386529,DUD_er_agonist_D_742,CCc1ccc(N[C@H]2Nc3cc(C)nn3S2)cc1,0
ZINC00386540,DUD_er_agonist_D_743,Cc1cccc(C(=O)c2c[nH]nc2-c2ccc(C)cc2O)c1,0
ZINC00386540,DUD_er_agonist_D_744,Cc1cccc(C(=O)c2cn[nH]c2-c2ccc(C)cc2O)c1,0
ZINC00387281,DUD_er_agonist_D_745,O=C(Nc1ccc2[nH]c3c(c2c1)CCCC3)c1ccco1,0
ZINC00387351,DUD_er_agonist_D_746,Cn1cc[n+](C)c1COc1ccc(C(N)=O)cc1,0
ZINC00387810,DUD_er_agonist_D_747,CN(C)C(=O)N1CC(O)(c2ccc3ccccc3c2)C1,0
ZINC00387859,DUD_er_agonist_D_748,CC(C)[C@@H]1CC[C@H](C)c2c1n[nH]c2-c1ccccc1O,0
ZINC00387860,DUD_er_agonist_D_749,CC(C)[C@@H]1CC[C@@H](C)c2c1n[nH]c2-c1ccccc1O,0
ZINC00387861,DUD_er_agonist_D_750,CC(C)[C@H]1CC[C@H](C)c2c1n[nH]c2-c1ccccc1O,0
ZINC00387862,DUD_er_agonist_D_751,CC(C)[C@H]1CC[C@H](C)c2c1n[nH]c2-c1ccccc1O,0
ZINC00389470,DUD_er_agonist_D_752,COc1ccc(-c2c(-c3ccccc3)noc2N)cc1OC,0
ZINC00389943,DUD_er_agonist_D_753,Cc1ccc(O)c(-c2nn(C)c(=O)c3ccccc23)c1,0
ZINC00390200,DUD_er_agonist_D_754,C=CCc1c(C)c(C#N)c2nc3ccccc3n2c1O,0
ZINC00390200,DUD_er_agonist_D_755,C=CCc1c(C)c(C#N)c2[nH+]c3ccccc3n2c1O,0
ZINC00390202,DUD_er_agonist_D_756,C=C(C)Cc1c(C)c(C#N)c2nc3ccccc3n2c1O,0
ZINC00390202,DUD_er_agonist_D_757,C=C(C)Cc1c(C)c(C#N)c2[nH+]c3ccccc3n2c1O,0
ZINC00390238,DUD_er_agonist_D_758,CC[C@H](C)n1c(N)c(C#N)c2nc3ccccc3nc21,0
ZINC00390280,DUD_er_agonist_D_759,Cc1ccccc1-c1c(C)oc2c(C)c(O)ccc2c1=O,0
ZINC00390350,DUD_er_agonist_D_760,Cc1oc2c(C)c(O)ccc2c(=O)c1Oc1ccccc1F,0
ZINC00390467,DUD_er_agonist_D_761,COc1cccc([C@H]2NC(=O)NC3=C2C(=O)CC(C)(C)C3)c1,0
ZINC00390822,DUD_er_agonist_D_762,O=C1CCC[C@@H]2[C@@H]1CCC[C@@]2(O)CCc1ccccc1,0
ZINC00392237,DUD_er_agonist_D_763,Nc1nc(-c2ccc(C3CCCCC3)cc2)cs1,0
ZINC00392507,DUD_er_agonist_D_764,Cc1cccc(C)c1NC(=O)OCc1ccc[n+]([O-])c1,0
ZINC00392984,DUD_er_agonist_D_765,Cc1c(/C=C/c2cccc(CO)c2C)cccc1CO,0
ZINC00393543,DUD_er_agonist_D_766,Cc1ccc(NC(=O)c2ccc(C)c(N)c2)c(C)c1,0
ZINC00393907,DUD_er_agonist_D_767,Cc1cc2nc([C@@H](O)c3ccccc3)[nH]c2cc1C,0
ZINC00398505,DUD_er_agonist_D_768,CN1C(=O)c2ccc(-c3ccccc3)cc2[C@]1(O)C(C)(C)C,0
ZINC00398617,DUD_er_agonist_D_769,COc1cccc(CNc2ccc(C)c(C)c2)c1O,0
ZINC00399189,DUD_er_agonist_D_770,COc1ccc(C)cc1NC(=O)Sc1ccc(O)cc1,0
ZINC00399905,DUD_er_agonist_D_771,Cc1[nH]c(C(=O)OCc2ccccc2)c(C)c1CCO,0
ZINC00400425,DUD_er_agonist_D_772,Cc1ccc(NC(=O)Sc2ccccc2O)cc1C,0
ZINC00403003,DUD_er_agonist_D_773,C[C@]12C=Cc3occc3[C@@H]1CC[C@@]13C[C@@H](CC[C@@H]12)[C@](O)(CO)C3,0
ZINC00405331,DUD_er_agonist_D_774,C[C@H]1C[C@H](OC(=O)[C@@H](O)c2ccccc2)CC(C)(C)C1,0
ZINC00407239,DUD_er_agonist_D_775,Cc1cc2c(=O)c(Oc3ccc(F)cc3)c(C)oc2cc1O,0
ZINC00408148,DUD_er_agonist_D_776,COc1ccc(Oc2c3ccccc3nc3[nH]nc(C)c23)cc1,0
ZINC00408148,DUD_er_agonist_D_777,COc1ccc(Oc2c3ccccc3nc3n[nH]c(C)c23)cc1,0
ZINC00411147,DUD_er_agonist_D_778,CC(C)Nc1c(-c2ccccc2O)nc2ccc(Cl)cn12,0
ZINC00413675,DUD_er_agonist_D_779,CC(C)Nc1c(-c2ccc(O)cc2)nc2ccccn12,0
ZINC00413675,DUD_er_agonist_D_780,CC(C)Nc1c(-c2ccc(O)cc2)[nH+]c2ccccn12,0
ZINC00413684,DUD_er_agonist_D_781,Cc1cccn2c(NC(C)C)c(-c3ccccc3O)nc12,0
ZINC00413684,DUD_er_agonist_D_782,Cc1cccn2c(NC(C)C)c(-c3ccccc3O)[nH+]c12,0
ZINC00413697,DUD_er_agonist_D_783,Cc1ccn2c(NC(C)C)c(-c3ccccc3O)nc2c1,0
ZINC00413697,DUD_er_agonist_D_784,Cc1ccn2c(NC(C)C)c(-c3ccccc3O)[nH+]c2c1,0
ZINC00413699,DUD_er_agonist_D_785,Cc1ccn2c(NC(C)C)c(-c3ccc(O)cc3)nc2c1,0
ZINC00413699,DUD_er_agonist_D_786,Cc1ccn2c(NC(C)C)c(-c3ccc(O)cc3)[nH+]c2c1,0
ZINC00413712,DUD_er_agonist_D_787,Cc1ccc2nc(-c3ccccc3O)c(NC(C)C)n2c1,0
ZINC00413712,DUD_er_agonist_D_788,Cc1ccc2[nH+]c(-c3ccccc3O)c(NC(C)C)n2c1,0
ZINC00413717,DUD_er_agonist_D_789,CCC(C)(C)Nc1c(-c2ccc(O)cc2)nc2cccc(C)n12,0
ZINC00413717,DUD_er_agonist_D_790,CCC(C)(C)Nc1c(-c2ccc(O)cc2)[nH+]c2cccc(C)n12,0
ZINC00414588,DUD_er_agonist_D_791,COc1ccccc1C(=O)c1c(N)sc2c1CCC2,0
ZINC00415535,DUD_er_agonist_D_792,COc1ccccc1C(=O)c1c(N)sc2c1CCCC2,0
ZINC00416281,DUD_er_agonist_D_793,Cc1cccc2nc(-c3ccc(O)cc3)c(NC(C)(C)C)n12,0
ZINC00416281,DUD_er_agonist_D_794,Cc1cccc2[nH+]c(-c3ccc(O)cc3)c(NC(C)(C)C)n12,0
ZINC00416283,DUD_er_agonist_D_795,Cc1ccn2c(NC(C)(C)C)c(-c3ccc(O)cc3)nc2c1,0
ZINC00416283,DUD_er_agonist_D_796,Cc1ccn2c(NC(C)(C)C)c(-c3ccc(O)cc3)[nH+]c2c1,0
ZINC00416285,DUD_er_agonist_D_797,Cc1cccn2c(NC(C)(C)C)c(-c3ccccc3O)nc12,0
ZINC00416285,DUD_er_agonist_D_798,Cc1cccn2c(NC(C)(C)C)c(-c3ccccc3O)[nH+]c12,0
ZINC00416286,DUD_er_agonist_D_799,Cc1cccn2c(NC(C)(C)C)c(-c3ccc(O)cc3)nc12,0
ZINC00416286,DUD_er_agonist_D_800,Cc1cccn2c(NC(C)(C)C)c(-c3ccc(O)cc3)[nH+]c12,0
ZINC00416658,DUD_er_agonist_D_801,COc1ccccc1C(=O)c1c(N)sc2c1CCCCC2,0
ZINC00417878,DUD_er_agonist_D_802,Oc1ccccc1-c1nc2ccccn2c1NC1CCCC1,0
ZINC00417878,DUD_er_agonist_D_803,Oc1ccccc1-c1[nH+]c2ccccn2c1NC1CCCC1,0
ZINC00418205,DUD_er_agonist_D_804,CCOc1ccc(Cc2c(N)n3ccsc3nc2=O)cc1,0
ZINC00419082,DUD_er_agonist_D_805,CCc1cc2c(s1)NC(=O)CN=C2c1ccccc1C,0
ZINC00420811,DUD_er_agonist_D_806,Nc1nc(-c2ccncc2)nc2sc3c(c12)CCCC3,0
ZINC00420824,DUD_er_agonist_D_807,COc1ccc(-c2nc(N)c3c4c(sc3n2)CCCC4)cc1,0
ZINC00422990,DUD_er_agonist_D_808,O=c1[nH]c2sc3c(c2c(=O)n1Cc1ccccc1)CCCC3,0
ZINC00423030,DUD_er_agonist_D_809,Cc1sc2[nH]c(=O)n(CCc3ccccc3)c(=O)c2c1C,0
ZINC00423349,DUD_er_agonist_D_810,COc1cccc(CNc2ccc3c(c2)ncn3C)c1O,0
ZINC00424540,DUD_er_agonist_D_811,O=c1c2cccnc2[nH]c(=S)n1CCC1=CCCCC1,0
ZINC00427639,DUD_er_agonist_D_812,COC(=O)c1[nH]c2c(c1C)C(=O)C[C@H](c1ccccc1)C2,0
ZINC00428762,DUD_er_agonist_D_813,c1csc(-c2nc3ncccn3c2NC2CCCC2)c1,0
ZINC00428763,DUD_er_agonist_D_814,c1cnc2nc(-c3ccsc3)c(NC3CCCC3)n2c1,0
ZINC00428764,DUD_er_agonist_D_815,Cc1ccc(-c2nc3ncccn3c2NC2CCCC2)o1,0
ZINC00429463,DUD_er_agonist_D_816,CC(=O)c1c(C)[nH]c(C(=O)Nc2cccc(F)c2)c1C,0
ZINC00429497,DUD_er_agonist_D_817,CC(=O)c1c(C)[nH]c(C(=O)NCc2ccc(F)cc2)c1C,0
ZINC00429523,DUD_er_agonist_D_818,CC(=O)c1c(C)[nH]c(C(=O)NCc2ccccc2)c1C,0
ZINC00431557,DUD_er_agonist_D_819,Cn1nc(O)c2c(-c3ccccc3)c3c(O)nn(C)c3nc21,0
ZINC00431803,DUD_er_agonist_D_820,O=C(NC1C2CC3CC(C2)CC1C3)c1cccc([N+](=O)[O-])c1,0
ZINC00432422,DUD_er_agonist_D_821,CC(C)(C)C(=O)C[C@@]1(C)NN=C(c2ccccc2O)S1,0
ZINC00432423,DUD_er_agonist_D_822,CC(C)(C)C(=O)C[C@]1(C)NN=C(c2ccccc2O)S1,0
ZINC00432636,DUD_er_agonist_D_823,Cc1ccc(NC(=O)c2c(N)sc3c2CCCC3)cc1,0
ZINC00432670,DUD_er_agonist_D_824,CC(=O)Nc1cc(Oc2cccc(C)c2)cc([N+](=O)[O-])c1,0
ZINC00433585,DUD_er_agonist_D_825,Cc1cc(O)c(/N=C\c2cccc(C)c2O)cc1C,0
ZINC00433606,DUD_er_agonist_D_826,CCc1ccc(O)c(/N=C\c2cccc(C)c2O)c1,0
ZINC00433715,DUD_er_agonist_D_827,CCc1c(C)sc(NC(=O)c2ccccc2C)c1C(N)=O,0
ZINC00434183,DUD_er_agonist_D_828,Cc1cc(C(=O)N/N=C/c2ccccc2O)c(C)o1,0
ZINC00435701,DUD_er_agonist_D_829,Cc1cc(C)c(NC(=O)c2ccccc2[N+](=O)[O-])c(C)c1,0
ZINC00436013,DUD_er_agonist_D_830,CC(C)c1ccc(/C=N/c2ccc3[nH]c(=O)[nH]c3c2)cc1,0
ZINC00436303,DUD_er_agonist_D_831,OC1(CSc2nc3ccccc3[nH]2)C2CC3CC(C2)CC1C3,0
ZINC00436303,DUD_er_agonist_D_832,OC1(CSc2[nH]c3ccccc3[nH+]2)C2CC3CC(C2)CC1C3,0
ZINC00436528,DUD_er_agonist_D_833,Cc1cccc2c1[nH]c1nc(SCC(C)C)nnc12,0
ZINC00437295,DUD_er_agonist_D_834,Cc1cc(C(=O)Nc2cccc(C)c2C)ccc1[N+](=O)[O-],0
ZINC00437528,DUD_er_agonist_D_835,Cc1cc(C)cc(NCc2cc3c(cc2[N+](=O)[O-])OCO3)c1,0
ZINC00437597,DUD_er_agonist_D_836,Cc1cc(C(=O)Nc2c(C)cccc2C)ccc1[N+](=O)[O-],0
ZINC00437811,DUD_er_agonist_D_837,Cc1ccc(C)c(NC(=O)c2ccc([N+](=O)[O-])c(C)c2)c1,0
ZINC00438899,DUD_er_agonist_D_838,CC(C)(C)c1ccc(Cn2c(N)nc3ccccc32)cc1,0
ZINC00438899,DUD_er_agonist_D_839,CC(C)(C)c1ccc(Cn2c(N)[nH+]c3ccccc32)cc1,0
ZINC00439137,DUD_er_agonist_D_840,Oc1ccccc1/N=C/c1c(O)ccc2oc3c(c12)CCCC3,0
ZINC00440469,DUD_er_agonist_D_841,COc1ccc(C(=O)Nc2c(C)cccc2C)cc1[N+](=O)[O-],0
ZINC00441501,DUD_er_agonist_D_842,O=C(Nc1cc([N+](=O)[O-])ccc1Cl)[C@@H]1C[C@@H]2CC[C@H]1C2,0
ZINC00441601,DUD_er_agonist_D_843,Cc1ccc(C(=O)Nc2cccc([N+](=O)[O-])c2C)cc1C,0
ZINC00442718,DUD_er_agonist_D_844,COC(=O)c1c(-c2ccc(OC)c(OC)c2)csc1N,0
ZINC00442789,DUD_er_agonist_D_845,COC(=O)c1c(N)sc(C)c1-c1ccc(OC)cc1,0
ZINC00443255,DUD_er_agonist_D_846,O=C(Nc1cccc([N+](=O)[O-])c1)c1csc2c1CCCC2,0
ZINC00443411,DUD_er_agonist_D_847,CC1(C)Cc2ccccc2C(Sc2ccc(N)cc2)=N1,0
ZINC00443515,DUD_er_agonist_D_848,Cc1cc(/C=C2/NC(=O)NC2=O)c(C)n1-c1ccc(F)cc1,0
ZINC00445513,DUD_er_agonist_D_849,CCc1ccc(/C=N\NC(=O)c2cc(C)n[nH]2)cc1,0
ZINC00445541,DUD_er_agonist_D_850,CNC(=O)C(NC(=O)c1ccccc1)=C1CCCCC1,0
ZINC00447748,DUD_er_agonist_D_851,COc1ccc(C)cc1NC(=O)c1cccc([N+](=O)[O-])c1C,0
ZINC00448984,DUD_er_agonist_D_852,Nc1nc(-c2ccccc2)cc(N2CCCCC2)n1,0
ZINC00451771,DUD_er_agonist_D_853,O=C(NC1CCCCCCC1)c1cc([N+](=O)[O-])ccc1Cl,0
ZINC00452022,DUD_er_agonist_D_854,S=C(NCc1ccccn1)NC1CCCCC1,0
ZINC00452350,DUD_er_agonist_D_855,Cc1c(C(=O)NC(C(C)C)C(C)C)cccc1[N+](=O)[O-],0
ZINC00452606,DUD_er_agonist_D_856,CC(C)C(NC(=O)c1ccc(Cl)c([N+](=O)[O-])c1)C(C)C,0
ZINC00452607,DUD_er_agonist_D_857,O=S(=O)(NN=C1CCCCCCC1)c1ccccc1,0
ZINC00452658,DUD_er_agonist_D_858,COc1ccc(-c2nc3cc([N+](=O)[O-])ccc3[nH]2)cc1OC,0
ZINC00452658,DUD_er_agonist_D_859,COc1ccc(-c2[nH]c3ccc([N+](=O)[O-])cc3[nH+]2)cc1OC,0
ZINC00452658,DUD_er_agonist_D_860,COc1ccc(-c2nc3ccc([N+](=O)[O-])cc3[nH]2)cc1OC,0
ZINC00454156,DUD_er_agonist_D_861,Cc1c(C(=O)N[C@H]2C[C@@H]3CC[C@@H]2C3)cccc1[N+](=O)[O-],0
ZINC00456090,DUD_er_agonist_D_862,C=C1c2ccc(C)cc2NC(=O)N1c1ccc(OC)cc1,0
ZINC00461058,DUD_er_agonist_D_863,O=C(CCC1CCCCC1)Nc1ccccc1O,0
ZINC00463113,DUD_er_agonist_D_864,Cc1cccc(C(=O)NC2CCCCCC2)c1[N+](=O)[O-],0
ZINC00463525,DUD_er_agonist_D_865,Cc1n[nH]c(C)c1NC(=S)NC(=O)c1ccccc1,0
ZINC00463755,DUD_er_agonist_D_866,CCN1C(=O)/C(=C/N2CCc3ccccc32)C(=O)NC1=S,0
ZINC00464164,DUD_er_agonist_D_867,Cc1ccc(CC(=O)Nc2cccc([N+](=O)[O-])c2C)cc1,0
ZINC00464494,DUD_er_agonist_D_868,Cc1cccc(C)c1NC(=O)c1cccc(C)c1[N+](=O)[O-],0
ZINC00466494,DUD_er_agonist_D_869,Cc1ccc(NC(=O)c2cccc(C)c2[N+](=O)[O-])cc1C,0
ZINC00466508,DUD_er_agonist_D_870,O=C(/C=C\c1ccccc1[N+](=O)[O-])NC1CCCCCC1,0
ZINC00469488,DUD_er_agonist_D_871,COc1cc([N+](=O)[O-])ccc1-n1c(C)cc(CO)c1C,0
ZINC00474273,DUD_er_agonist_D_872,C[C@H](NC(=O)c1ccccc1[N+](=O)[O-])[C@H]1C[C@@H]2CC[C@H]1C2,0
ZINC00476230,DUD_er_agonist_D_873,C=CCn1c(Cc2c(C)[nH]c3ccccc23)n[nH]c1=S,0
ZINC00476754,DUD_er_agonist_D_874,Cc1cccc(C(C)C)c1NC(=O)c1ccccc1[N+](=O)[O-],0
ZINC00477411,DUD_er_agonist_D_875,O=C(Nc1ccc(Cl)c([N+](=O)[O-])c1)C1CCCCC1,0
ZINC00477507,DUD_er_agonist_D_876,CCC1(CC)Cc2ccccc2-c2[nH]c(=S)[nH]c(=O)c21,0
ZINC00478414,DUD_er_agonist_D_877,COc1cc([N+](=O)[O-])c2[nH]c(C)c(-c3ccccc3)c2c1,0
ZINC00482797,DUD_er_agonist_D_878,CCc1ccccc1NC(=O)c1cccc([N+](=O)[O-])c1C,0
ZINC00482802,DUD_er_agonist_D_879,Cc1ccc(NC(=O)c2ccc([N+](=O)[O-])c(C)c2)cc1C,0
ZINC00482806,DUD_er_agonist_D_880,Cc1cc(C)cc(NC(=O)c2cccc([N+](=O)[O-])c2C)c1,0
ZINC00483921,DUD_er_agonist_D_881,N#CC1=C(N)OC2=C(CCCC2)[C@@H]1c1ccccc1Cl,0
ZINC00483922,DUD_er_agonist_D_882,N#CC1=C(N)OC2=C(CCCC2)[C@@H]1c1ccccc1Cl,0
ZINC00484450,DUD_er_agonist_D_883,Cc1c(C(=O)Nc2ccc3c(c2)CCC3)cccc1[N+](=O)[O-],0
ZINC00484452,DUD_er_agonist_D_884,Cc1cc(C(=O)Nc2ccc3c(c2)CCC3)ccc1[N+](=O)[O-],0
ZINC00485045,DUD_er_agonist_D_885,Nc1ccccc1Sc1ncnc2sc3c(c12)CCCC3,0
ZINC00485084,DUD_er_agonist_D_886,Cc1cc(C)c(NC(=O)c2cccc([N+](=O)[O-])c2)c(C)c1,0
ZINC00485402,DUD_er_agonist_D_887,Cc1cc(C)c(NC(=O)c2ccc([N+](=O)[O-])cc2)c(C)c1,0
ZINC00485689,DUD_er_agonist_D_888,CCCN1C(=O)[C@@H]2Cc3c([nH]c4ccccc34)CN2C1=O,0
ZINC00486064,DUD_er_agonist_D_889,C=CCN1C(=O)[C@@H]2Cc3c([nH]c4ccccc34)CN2C1=S,0
ZINC00486129,DUD_er_agonist_D_890,CCOC(=O)c1c(C)n(C)c2c1cc(O)c1occ(C)c12,0
ZINC00486185,DUD_er_agonist_D_891,CCN1C(=O)[C@H]2Cc3c([nH]c4ccccc34)CN2C1=S,0
ZINC00487022,DUD_er_agonist_D_892,COc1cccc(-c2c(N)n(C)c3ccccc3c2=O)c1,0
ZINC00487312,DUD_er_agonist_D_893,Oc1ccc(/C=N\c2ccc(N3CCCC3)cc2)cc1,0
ZINC00487650,DUD_er_agonist_D_894,CC[n+]1cscc1-c1c(C)oc2cc(O)ccc2c1=O,0
ZINC00487938,DUD_er_agonist_D_895,COc1ccc2c(=O)c(-c3ccc(N)cc3)c(C)oc2c1,0
ZINC00491454,DUD_er_agonist_D_896,CC(C)(O)C#C[C@](C)(O)c1cccc2ccccc12,0
ZINC00492807,DUD_er_agonist_D_897,CCn1nc(C)c2c1OC(N)=C(C#N)[C@@H]2c1ccccc1,0
ZINC00495239,DUD_er_agonist_D_898,Nc1ncnc2c1sc1nc3c(cc12)CCCCCC3,0
ZINC00495265,DUD_er_agonist_D_899,O=c1[nH]c2sc3c(c2c(=O)n1Cc1ccccc1)CCC3,0
ZINC00495351,DUD_er_agonist_D_900,CC(C)=NNc1nc(-c2c[nH]c3ccccc23)cs1,0
ZINC00497884,DUD_er_agonist_D_901,Oc1ccc(/C=N\c2ccc(N3CCCCC3)cc2)cc1,0
ZINC00500205,DUD_er_agonist_D_902,CCOC(=O)C1=C(C)NC(O)=N[C@H]1c1ccc(O)cc1,0
ZINC00501131,DUD_er_agonist_D_903,CCOC(=O)C1=C(C)NC(O)=N[C@H]1c1ccc(OC)cc1,0
ZINC00501132,DUD_er_agonist_D_904,CCOC(=O)C1=C(C)NC(O)=N[C@H]1c1ccc(OC)cc1,0
ZINC00501370,DUD_er_agonist_D_905,COc1cc(Sc2ccc(C)cc2)c(OC)cc1N,0
ZINC00501522,DUD_er_agonist_D_906,C=CCN1C(=O)NC(=O)/C(=C\c2cn(C)c3ccccc23)C1=O,0
ZINC00501667,DUD_er_agonist_D_907,NC(=O)c1c(/N=C\c2cccs2)sc2c1CCCC2,0
ZINC00501750,DUD_er_agonist_D_908,C[C@H]1CCc2c(sc(/N=C\c3ccco3)c2C(N)=O)C1,0
ZINC00501752,DUD_er_agonist_D_909,C[C@@H]1CCc2c(sc(/N=C\c3ccco3)c2C(N)=O)C1,0
ZINC00501945,DUD_er_agonist_D_910,Nn1c(Cc2ccccc2)nc2sc3c(c2c1=O)CCC3,0
ZINC00502312,DUD_er_agonist_D_911,Cc1nc2cc(Oc3ccc4nc(C)[nH]c4c3)ccc2[nH]1,0
ZINC00502312,DUD_er_agonist_D_912,Cc1[nH]c2cc(Oc3ccc4[nH+]c(C)[nH]c4c3)ccc2[nH+]1,0
ZINC00502312,DUD_er_agonist_D_913,Cc1nc2ccc(Oc3ccc4[nH+]c(C)[nH]c4c3)cc2[nH]1,0
ZINC00502653,DUD_er_agonist_D_914,C[C@H]1CCc2c(sc(/N=C\c3cccs3)c2C(N)=O)C1,0
ZINC00502655,DUD_er_agonist_D_915,C[C@@H]1CCc2c(sc(/N=C/c3cccs3)c2C(N)=O)C1,0
ZINC00502932,DUD_er_agonist_D_916,CCCC(=O)NC(=S)Nc1cc([N+](=O)[O-])ccc1C,0
ZINC00503073,DUD_er_agonist_D_917,O=C(NC(=S)Nc1ccc(O)cc1)C1CCCCC1,0
ZINC00503181,DUD_er_agonist_D_918,CC(C)(C)NC(=S)NC(=O)c1cccc([N+](=O)[O-])c1,0
ZINC00503365,DUD_er_agonist_D_919,CC1(C)C[C@@](C)(O)N(CCc2ccccc2)C(=S)N1,0
ZINC00503366,DUD_er_agonist_D_920,CC1(C)C[C@](C)(O)N(CCc2ccccc2)C(=S)N1,0
ZINC00504692,DUD_er_agonist_D_921,Cc1ccc(/C=N\NC(=O)c2cc(C)n[nH]2)c(C)c1,0
ZINC00505704,DUD_er_agonist_D_922,Cc1cc(C)cc(C(=O)Nc2cc([N+](=O)[O-])ccc2C)c1,0
ZINC00505712,DUD_er_agonist_D_923,Cc1cc(C)cc(C(=O)Nc2cc([N+](=O)[O-])ccc2F)c1,0
ZINC00505728,DUD_er_agonist_D_924,Cc1cc(C)cc(C(=O)Nc2ccc(F)c([N+](=O)[O-])c2)c1,0
ZINC00507019,DUD_er_agonist_D_925,O=c1[nH]c(S)nc2c1[C@H](C1CCCC1)Cc1ccccc1-2,0
ZINC00507019,DUD_er_agonist_D_926,Oc1nc(S)nc2c1[C@@H](C1CCCC1)Cc1ccccc1-2,0
ZINC00507019,DUD_er_agonist_D_927,O=c1nc(S)[nH]c2c1[C@H](C1CCCC1)Cc1ccccc1-2,0
ZINC00508501,DUD_er_agonist_D_928,Cc1cc(C)c(NC(=S)NC(=O)c2ccco2)c(C)c1,0
ZINC00509885,DUD_er_agonist_D_929,O=C1[C@@H](Cc2ccc(O)cc2)NC(=S)N1C1CCCCC1,0
ZINC00510125,DUD_er_agonist_D_930,Cc1ccc(-c2n[nH]cc2C(=O)c2ccccc2C)c(O)c1,0
ZINC00510125,DUD_er_agonist_D_931,Cc1ccc(-c2[nH]ncc2C(=O)c2ccccc2C)c(O)c1,0
ZINC00510393,DUD_er_agonist_D_932,O=C(N/N=C\c1ccc(O)cc1)c1csc2c1CCCC2,0
ZINC00510906,DUD_er_agonist_D_933,COC(=O)C1=C(N)OC(C)=C(C(C)=O)[C@@H]1c1sccc1C,0
ZINC00510907,DUD_er_agonist_D_934,COC(=O)C1=C(N)OC(C)=C(C(C)=O)[C@@H]1c1sccc1C,0
ZINC00510990,DUD_er_agonist_D_935,O=C(N/N=C\c1cc(Br)ccc1O)C1CCCCC1,0
ZINC00511107,DUD_er_agonist_D_936,O=C1Nc2ccccc2/C1=N/NC(=O)C1CCCCC1,0
ZINC00512594,DUD_er_agonist_D_937,CC(C)(C)c1ccc(C(=O)N/N=C\c2ccc[nH]2)cc1,0
ZINC00513277,DUD_er_agonist_D_938,CC(C)(C)NC(=S)NC(=O)c1ccc([N+](=O)[O-])cc1,0
ZINC00513288,DUD_er_agonist_D_939,CCN(CC)C(=S)NC(=O)c1ccc([N+](=O)[O-])cc1,0
ZINC00513294,DUD_er_agonist_D_940,O=C(NC(=S)N1CCCCC1)c1ccccc1[N+](=O)[O-],0
ZINC00513296,DUD_er_agonist_D_941,CCN(CC)C(=S)NC(=O)c1ccccc1[N+](=O)[O-],0
ZINC00513297,DUD_er_agonist_D_942,CC(C)(C)NC(=S)NC(=O)c1ccccc1[N+](=O)[O-],0
ZINC00513684,DUD_er_agonist_D_943,CCc1cccc(C)c1NC(=O)c1ccc([N+](=O)[O-])c(C)c1,0
ZINC00513685,DUD_er_agonist_D_944,CCc1cccc(C)c1NC(=O)c1ccc([N+](=O)[O-])cc1,0
ZINC00514644,DUD_er_agonist_D_945,Cc1ccc(C)c(C(=O)Nc2cc([N+](=O)[O-])ccc2C)c1,0
ZINC00518961,DUD_er_agonist_D_946,COc1cc2cc(-c3ccc(O)cc3O)nc(C)c2cc1OC,0
ZINC00519450,DUD_er_agonist_D_947,CC1=C[C@H](C)[C@@]2(CO)CO[C@@H](c3ccc(O)cc3)[C@@H]1[C@@H]2C,0
ZINC00519451,DUD_er_agonist_D_948,CC1=C[C@@H](C)[C@]2(CO)CO[C@@H](c3ccc(O)cc3)[C@@H]1[C@H]2C,0
ZINC00519490,DUD_er_agonist_D_949,CC1=C[C@H](C)[C@@]2(CO)CO[C@@H](c3ccccc3O)[C@@H]1[C@H]2C,0
ZINC00519491,DUD_er_agonist_D_950,CC1=C[C@H](C)[C@]2(CO)CO[C@H](c3ccccc3O)[C@H]1[C@@H]2C,0
ZINC00519579,DUD_er_agonist_D_951,Cc1cc2c3c(c1)c(=O)c(-c1ccccc1)c(O)n3CCC2,0
ZINC00519667,DUD_er_agonist_D_952,COc1ccc(-c2cc(O)c3c(C)oc(C)c3c(=O)c2)cc1,0
ZINC00519960,DUD_er_agonist_D_953,Cc1nc2cc(NCc3ccccc3O)ccc2n1C,0
ZINC00520032,DUD_er_agonist_D_954,Cc1cc(N2CCCCCC2)nc(-c2ccccc2O)n1,0
ZINC00520224,DUD_er_agonist_D_955,CC1(C)Cc2c(c(-c3ccccc3)nc3[nH]nc(O)c23)CO1,0
ZINC00520762,DUD_er_agonist_D_956,Cc1cc(C(C)C)cc(O)c1NC(=O)c1cccs1,0
ZINC00523239,DUD_er_agonist_D_957,C=CCN1C(=O)NC(=O)/C(=C(/C)Nc2ccc(F)cc2)C1=O,0
ZINC00523352,DUD_er_agonist_D_958,CCOC(=O)c1[nH]c2ccc(F)cc2c1NC(=S)NC,0
ZINC00523596,DUD_er_agonist_D_959,CC[C@@]1(C)Cc2ccccc2-c2nc(SC)[nH]c(=O)c21,0
ZINC00523596,DUD_er_agonist_D_960,CC[C@@]1(C)Cc2ccccc2-c2nc(SC)nc(O)c21,0
ZINC00523596,DUD_er_agonist_D_961,CC[C@@]1(C)Cc2ccccc2-c2nc(SC)nc(O)c21,0
ZINC00523597,DUD_er_agonist_D_962,CC[C@@]1(C)Cc2ccccc2-c2nc(SC)[nH]c(=O)c21,0
ZINC00523597,DUD_er_agonist_D_963,CC[C@]1(C)Cc2ccccc2-c2nc(SC)nc(O)c21,0
ZINC00523597,DUD_er_agonist_D_964,CC[C@@]1(C)Cc2ccccc2-c2nc(SC)nc(O)c21,0
ZINC00524370,DUD_er_agonist_D_965,NC(=O)c1c(/N=C\c2ccc(F)cc2)sc2c1CCCC2,0
ZINC00524371,DUD_er_agonist_D_966,NC(=O)c1c(/N=C/c2ccc(F)cc2)sc2c1CCCC2,0
ZINC00527709,DUD_er_agonist_D_967,O=C(CCC1CCCCC1)Nc1cccc(O)c1,0
ZINC00527767,DUD_er_agonist_D_968,O=C(CCC1CCCCC1)Nc1ccc(O)cc1,0
ZINC00528832,DUD_er_agonist_D_969,O=C(NC(=S)Nc1cccc([N+](=O)[O-])c1)C1CCCC1,0
ZINC00528897,DUD_er_agonist_D_970,COc1cccc(/C=N\NC(=O)c2n[nH]c3c2CCC3)c1,0
ZINC00533817,DUD_er_agonist_D_971,Cc1ccc2nc(C)cc(Nc3cccc(O)c3)c2c1,0
ZINC00534256,DUD_er_agonist_D_972,COc1cccc2c(Nc3ccccc3O)cc(C)nc12,0
ZINC00534618,DUD_er_agonist_D_973,COc1ccc2nc(C)cc(Nc3ccccc3O)c2c1,0
ZINC00534925,DUD_er_agonist_D_974,Cc1ccc2nc(C)cc(Nc3ccccc3O)c2c1,0
ZINC00536277,DUD_er_agonist_D_975,Cc1cc(-n2c(C)c3c(C)nnc(C)c3c2C)ccc1N,0
ZINC00536291,DUD_er_agonist_D_976,COC(=O)C1=C(N)OC2=C(C(=O)CCC2)[C@@H]1c1ccccc1,0
ZINC00536292,DUD_er_agonist_D_977,COC(=O)C1=C(N)OC2=C(C(=O)CCC2)[C@H]1c1ccccc1,0
ZINC00536542,DUD_er_agonist_D_978,Cc1ccc2[nH]c(SCC(=O)N3CCNC3=O)nc2c1,0
ZINC00537955,DUD_er_agonist_D_979,Cc1nnc(SCC(=O)c2c(C)[nH]c3ccccc23)[nH]1,0
ZINC00538311,DUD_er_agonist_D_980,COc1ccc2[nH]c3c(NCCC(C)C)ncnc3c2c1,0
ZINC00538840,DUD_er_agonist_D_981,Fc1ccc2[nH]c3c(NC[C@@H]4CCCO4)ncnc3c2c1,0
ZINC00538861,DUD_er_agonist_D_982,CC(C)CCNc1ncnc2c1[nH]c1ccc(F)cc12,0
ZINC00539308,DUD_er_agonist_D_983,CCOc1ccc(-c2cc(O)cc3sc(=O)oc23)cc1,0
ZINC00539994,DUD_er_agonist_D_984,Cc1nc(Nc2ccccc2)[nH]c(=O)c1CCC(C)C,0
ZINC00539994,DUD_er_agonist_D_985,Cc1nc(Nc2ccccc2)nc(O)c1CCC(C)C,0
ZINC00539994,DUD_er_agonist_D_986,Cc1nc(Nc2ccccc2)nc(O)c1CCC(C)C,0
ZINC00541301,DUD_er_agonist_D_987,CC[C@@H](C)Nc1ncnc2c1[nH]c1ccc(OC)cc12,0
ZINC00542835,DUD_er_agonist_D_988,COc1ccc2[nH]c3c(NCC(C)C)ncnc3c2c1,0
ZINC00542920,DUD_er_agonist_D_989,CC(C)CNc1ncnc2c1[nH]c1ccc(Cl)cc12,0
ZINC00543192,DUD_er_agonist_D_990,CC(C)CNc1ncnc2c1[nH]c1ccc(F)cc12,0
ZINC00543381,DUD_er_agonist_D_991,Cc1nc(Nc2ccc(F)cc2)[nH]c(=O)c1CCC(C)C,0
ZINC00543381,DUD_er_agonist_D_992,Cc1nc(Nc2ccc(F)cc2)nc(O)c1CCC(C)C,0
ZINC00543381,DUD_er_agonist_D_993,Cc1[nH]c(Nc2ccc(F)cc2)nc(=O)c1CCC(C)C,0
ZINC00543767,DUD_er_agonist_D_994,Cc1ccc2nc(C)n3c4ccccc4c(NC=O)c3c2c1,0
ZINC00544238,DUD_er_agonist_D_995,CCCc1c(C)c(C#N)c2nc3ccccc3n2c1O,0
ZINC00544238,DUD_er_agonist_D_996,CCCc1c(C)c(C#N)c2[nH+]c3ccccc3n2c1O,0
ZINC00544530,DUD_er_agonist_D_997,CNc1nc(-c2c(C)[nH]c3ccc(OC)cc23)cs1,0
ZINC00546444,DUD_er_agonist_D_998,CCNC(=S)Nc1c(C(=O)OCC)[nH]c2ccccc12,0
ZINC00549762,DUD_er_agonist_D_999,CNC(=S)Nc1c(C(=O)OC)[nH]c2ccc(C)cc12,0
ZINC00550351,DUD_er_agonist_D_1000,CC(C)(C)OC(=O)N/N=C\c1c(Cl)[nH]c2ccccc12,0
ZINC00551476,DUD_er_agonist_D_1001,Cc1nc(NC(=O)c2ccccc2O)sc1C(C)(C)C,0
ZINC00554965,DUD_er_agonist_D_1002,Cc1nc(Nc2cccc(O)c2)c2c3c(sc2n1)CCCC3,0
ZINC00555999,DUD_er_agonist_D_1003,C[C@@H]1CCc2c(sc3c2C(O)=N[C@H](c2ccccn2)N3)C1,0
ZINC00556000,DUD_er_agonist_D_1004,C[C@H]1CCc2c(sc3c2C(O)=N[C@@H](c2ccccn2)N3)C1,0
ZINC00556001,DUD_er_agonist_D_1005,C[C@H]1CCc2c(sc3c2C(O)=N[C@@H](c2ccccn2)N3)C1,0
ZINC00556002,DUD_er_agonist_D_1006,C[C@H]1CCc2c(sc3c2C(O)=N[C@@H](c2ccccn2)N3)C1,0
ZINC00556007,DUD_er_agonist_D_1007,C[C@@H]1CCc2c(sc3c2C(O)=N[C@H](c2ccncc2)N3)C1,0
ZINC00556008,DUD_er_agonist_D_1008,C[C@H]1CCc2c(sc3c2C(O)=N[C@@H](c2ccncc2)N3)C1,0
ZINC00556009,DUD_er_agonist_D_1009,C[C@@H]1CCc2c(sc3c2C(O)=N[C@H](c2ccncc2)N3)C1,0
ZINC00556010,DUD_er_agonist_D_1010,C[C@H]1CCc2c(sc3c2C(O)=N[C@@H](c2ccncc2)N3)C1,0
ZINC00556030,DUD_er_agonist_D_1011,C[C@@H]1CCc2c(sc3c2C(O)=N[C@@H](c2ccco2)N3)C1,0
ZINC00556031,DUD_er_agonist_D_1012,C[C@@H]1CCc2c(sc3c2C(O)=N[C@@H](c2ccco2)N3)C1,0
ZINC00556032,DUD_er_agonist_D_1013,C[C@H]1CCc2c(sc3c2C(O)=N[C@@H](c2ccco2)N3)C1,0
ZINC00556033,DUD_er_agonist_D_1014,C[C@H]1CCc2c(sc3c2C(O)=N[C@H](c2ccco2)N3)C1,0
ZINC00558003,DUD_er_agonist_D_1015,Cc1ccc(C(=O)Nc2cc([N+](=O)[O-])ccc2F)c(C)c1,0
ZINC00558005,DUD_er_agonist_D_1016,Cc1ccc(C(=O)Nc2ccc(F)c([N+](=O)[O-])c2)c(C)c1,0
ZINC00558661,DUD_er_agonist_D_1017,Cc1ccc(O)c(NC(=S)NC(=O)C(C)(C)C)c1,0
ZINC00561163,DUD_er_agonist_D_1018,CC(=O)N/N=C/c1cc(C)n(-c2ccc(O)cc2)c1C,0
ZINC00561361,DUD_er_agonist_D_1019,CC(C)c1ccc(/C=N\c2cccc(C(N)=O)c2)cc1,0
ZINC00561810,DUD_er_agonist_D_1020,Cc1cc(/C=N/NC(=O)c2cccc(O)c2)c(C)o1,0
ZINC00561955,DUD_er_agonist_D_1021,Cc1cc(/C=N\NC(=O)c2ccc(O)cc2)c(C)o1,0
ZINC00562947,DUD_er_agonist_D_1022,N#Cc1c(NCc2ccc(O)cc2)sc2c1CCCC2,0
ZINC00562967,DUD_er_agonist_D_1023,N#Cc1c(NCc2ccccc2O)sc2c1CCCC2,0
ZINC00562973,DUD_er_agonist_D_1024,Cc1cccc(C(C)C)c1NC(=O)c1cccc([N+](=O)[O-])c1,0
ZINC00563049,DUD_er_agonist_D_1025,CCc1cccc2c(/C=C3\NC(=S)N(C)C3=O)c[nH]c12,0
ZINC00563784,DUD_er_agonist_D_1026,CC(=O)N/N=C/c1cc(C)n(-c2ccc3c(c2)OCO3)c1C,0
ZINC00565333,DUD_er_agonist_D_1027,Cc1cc(C)c2c(c1)NC(=O)[C@]2(O)CC(=O)c1cccs1,0
ZINC00565335,DUD_er_agonist_D_1028,Cc1cc(C)c2c(c1)NC(=O)[C@@]2(O)CC(=O)c1cccs1,0
ZINC00565630,DUD_er_agonist_D_1029,COc1ccc([C@@H]2N=C(O)c3c(sc4c3CCCC4)N2)cc1,0
ZINC00565631,DUD_er_agonist_D_1030,COc1ccc([C@@H]2N=C(O)c3c(sc4c3CCCC4)N2)cc1,0
ZINC00565638,DUD_er_agonist_D_1031,OC1=N[C@H](c2ccccc2O)Nc2sc3c(c21)CCCC3,0
ZINC00565639,DUD_er_agonist_D_1032,OC1=N[C@@H](c2ccccc2O)Nc2sc3c(c21)CCCC3,0
ZINC00565640,DUD_er_agonist_D_1033,OC1=N[C@@H](c2ccc(O)cc2)Nc2sc3c(c21)CCCC3,0
ZINC00565650,DUD_er_agonist_D_1034,OC1=N[C@H](c2ccc3c(c2)OCO3)Nc2sc3c(c21)CCCC3,0
ZINC00565651,DUD_er_agonist_D_1035,OC1=N[C@@H](c2ccc3c(c2)OCO3)Nc2sc3c(c21)CCCC3,0
ZINC00565682,DUD_er_agonist_D_1036,OC1=N[C@@H](c2cccnc2)Nc2sc3c(c21)CCCC3,0
ZINC00565683,DUD_er_agonist_D_1037,OC1=N[C@@H](c2cccnc2)Nc2sc3c(c21)CCCC3,0
ZINC00565700,DUD_er_agonist_D_1038,Cn1cccc1[C@@H]1N=C(O)c2c(sc3c2CCCC3)N1,0
ZINC00565704,DUD_er_agonist_D_1039,COc1cccc([C@@H]2N=C(O)c3c(sc4c3CCCC4)N2)c1,0
ZINC00565705,DUD_er_agonist_D_1040,COc1cccc([C@@H]2N=C(O)c3c(sc4c3CCCC4)N2)c1,0
ZINC00565715,DUD_er_agonist_D_1041,COc1ccccc1[C@H]1N=C(O)c2c(sc3c2CCCC3)N1,0
ZINC00565716,DUD_er_agonist_D_1042,OC1=N[C@@H](c2ccncc2)Nc2sc3c(c21)CCCC3,0
ZINC00565717,DUD_er_agonist_D_1043,OC1=N[C@@H](c2ccncc2)Nc2sc3c(c21)CCCC3,0
ZINC00565722,DUD_er_agonist_D_1044,OC1=N[C@H](c2ccccn2)Nc2sc3c(c21)CCCC3,0
ZINC00565723,DUD_er_agonist_D_1045,OC1=N[C@H](c2ccccn2)Nc2sc3c(c21)CCCC3,0
ZINC00565733,DUD_er_agonist_D_1046,OC1=N[C@@H](/C=C\c2ccco2)Nc2sc3c(c21)CCCC3,0
ZINC00565735,DUD_er_agonist_D_1047,OC1=N[C@@H](/C=C/c2ccco2)Nc2sc3c(c21)CCCC3,0
ZINC00565745,DUD_er_agonist_D_1048,OC1=N[C@@H](c2cccc(O)c2)Nc2sc3c(c21)CCCC3,0
ZINC00565750,DUD_er_agonist_D_1049,Cc1ccc([C@H]2N=C(O)c3c(sc4c3CCCC4)N2)o1,0
ZINC00566642,DUD_er_agonist_D_1050,CC(C)n1cc(C=C2C(=O)NC(=S)NC2=O)c2ccccc21,0
ZINC00568773,DUD_er_agonist_D_1051,O=C(NC1C2CC3CC(C2)CC1C3)c1ccc([N+](=O)[O-])cc1,0
ZINC00569081,DUD_er_agonist_D_1052,O=C(NC1C2CC3CC(C2)CC1C3)c1ccccc1[N+](=O)[O-],0
ZINC00571929,DUD_er_agonist_D_1053,Cc1ccc(SCc2ccc(C(N)=O)cc2)cc1,0
ZINC00572493,DUD_er_agonist_D_1054,Cc1ccc(C)c(Cn2c([C@H](C)O)nc3ccccc32)c1,0
ZINC00572493,DUD_er_agonist_D_1055,Cc1ccc(C)c(Cn2c([C@@H](C)O)[nH+]c3ccccc32)c1,0
ZINC00572494,DUD_er_agonist_D_1056,Cc1ccc(C)c(Cn2c([C@H](C)O)nc3ccccc32)c1,0
ZINC00572494,DUD_er_agonist_D_1057,Cc1ccc(C)c(Cn2c([C@H](C)O)[nH+]c3ccccc32)c1,0
ZINC00573338,DUD_er_agonist_D_1058,CN(C)c1ccc(/C=C2\C(=O)Nc3cc(Cl)ccc32)cc1,0
ZINC00573451,DUD_er_agonist_D_1059,Cc1cc(/C=C2\C(=O)Nc3cc(Cl)ccc32)c(C)n1C,0
ZINC00574856,DUD_er_agonist_D_1060,COc1cc2c(cc1/C=C1\C(=O)Nc3ccccc31)CCCC2,0
ZINC00575206,DUD_er_agonist_D_1061,CN(C)c1ccc(NCc2ccc([N+](=O)[O-])cc2)cc1,0
ZINC00575206,DUD_er_agonist_D_1062,C[NH+](C)c1ccc(NCc2ccc([N+](=O)[O-])cc2)cc1,0
ZINC00575206,DUD_er_agonist_D_1063,CN(C)c1ccc([NH2+]Cc2ccc([N+](=O)[O-])cc2)cc1,0
ZINC00575206,DUD_er_agonist_D_1064,C[NH+](C)c1ccc([NH2+]Cc2ccc([N+](=O)[O-])cc2)cc1,0
ZINC00575575,DUD_er_agonist_D_1065,Oc1cccc(/C=N\c2ccc(N3CCCC3)cc2)c1,0
ZINC00578005,DUD_er_agonist_D_1066,Cc1ccc(CC(=O)Nc2cc([N+](=O)[O-])ccc2C)cc1,0
ZINC00579979,DUD_er_agonist_D_1067,Cc1cccc(C)c1NC(=O)[C@@H](C)c1ccc([N+](=O)[O-])cc1,0
ZINC00580091,DUD_er_agonist_D_1068,Cc1ccc(Nc2nc3c(s2)C(=O)CC(C)(C)C3)cc1,0
ZINC00580369,DUD_er_agonist_D_1069,Cc1[nH]c2ccccc2c1/C=N\NC(=O)c1ccoc1C,0
ZINC00580874,DUD_er_agonist_D_1070,CCc1cccc(C)c1NC(=O)c1cccc([N+](=O)[O-])c1,0
ZINC00580984,DUD_er_agonist_D_1071,O=C(N/N=C/c1cccc(O)c1)C1CCCCC1,0
ZINC00581215,DUD_er_agonist_D_1072,Cc1ccc(C(C)C)c(Oc2ccccc2NC=O)c1,0
ZINC00583021,DUD_er_agonist_D_1073,Cc1ccc(O)c(/C=N/NC(=O)c2ccc(C)o2)c1,0
ZINC00583042,DUD_er_agonist_D_1074,C/C(=N/NC(=O)c1ccc(C)o1)c1ccc(O)cc1,0
ZINC00583790,DUD_er_agonist_D_1075,O=C(CNc1ccccc1Cl)NN=C1CCCCC1,0
ZINC00586211,DUD_er_agonist_D_1076,O=C(CNc1ccccc1Cl)NN=C1CCCC1,0
ZINC00586216,DUD_er_agonist_D_1077,CC(C)=NNC(=O)CNc1cccc(Cl)c1C,0
ZINC00588445,DUD_er_agonist_D_1078,Cc1ccc(C(=O)Nc2cc([N+](=O)[O-])ccc2C)c(C)c1,0
ZINC00596101,DUD_er_agonist_D_1079,Cc1[nH]cnc1C[C@H]1CCc2sc3ccccc3c2C1=O,0
ZINC00608581,DUD_er_agonist_D_1080,CSc1nc2c(c(-c3ccc(O)cc3)c1C#N)CCC2,0
ZINC00610972,DUD_er_agonist_D_1081,C[C@@H](NC(=S)NC1CCCCC1)c1ccncc1,0
ZINC00611491,DUD_er_agonist_D_1082,S=C(NCc1ccco1)Nc1ccc2c(c1)CCC2,0
ZINC00611730,DUD_er_agonist_D_1083,C=CCN(CC=C)C(=S)Nc1cccc([N+](=O)[O-])c1,0
ZINC00613470,DUD_er_agonist_D_1084,CCOC(=O)c1c(N)n(C)c2nc3ccccc3nc12,0
ZINC00613887,DUD_er_agonist_D_1085,Cc1ccc(SCCN2C(=O)NC(C)(C)C2=O)cc1,0
ZINC00614468,DUD_er_agonist_D_1086,CC(C)(C)C(=O)c1sc(Nc2ccccc2)nc1N,0
ZINC00618816,DUD_er_agonist_D_1087,COC(=O)N[C@H]1c2ccccc2Oc2ccc(OC)cc21,0
ZINC00620798,DUD_er_agonist_D_1088,CCOC(=O)C1=C(C)N=C(O)N[C@@H]1c1ccccc1Cl,0
ZINC00621386,DUD_er_agonist_D_1089,COc1cc2c(cc1OC)[C@H](c1ccccc1C)CC(=O)N2,0
ZINC00621387,DUD_er_agonist_D_1090,COc1cc2c(cc1OC)[C@H](c1ccccc1C)CC(=O)N2,0
ZINC00621552,DUD_er_agonist_D_1091,Cc1cc(C)nc(NC(=S)NCc2ccco2)c1,0
ZINC00809344,DUD_er_agonist_D_1092,CCNc1nc(N)c(C(=O)c2ccc(C)cc2)s1,0
ZINC00817982,DUD_er_agonist_D_1093,Nc1[nH+]c2c3cc4c(nc3sc2c2ccccc12)CCCC4,0
ZINC00831904,DUD_er_agonist_D_1094,Cc1cn(-c2ccccc2)c(C)c1/C=C1\NC(=S)NC1=O,0
ZINC00858539,DUD_er_agonist_D_1095,O=C(CC1CCCCC1)Nc1cccc([N+](=O)[O-])c1,0
ZINC00868863,DUD_er_agonist_D_1096,CCOC(=O)Cn1nc(-c2ccc(C)cc2)cc1N,0
ZINC00868864,DUD_er_agonist_D_1097,CCOC(=O)Cn1nc(-c2ccc(Cl)cc2)cc1N,0
ZINC00898027,DUD_er_agonist_D_1098,C[C@]12CCc3occc3[C@@H]1CC[C@@]13C[C@@H](CC[C@H]12)[C@](O)(CO)C3,0
ZINC00903783,DUD_er_agonist_D_1099,Cc1ccc(C(=O)N/N=C/c2ccc3c(c2)OCCO3)cc1,0
ZINC00935709,DUD_er_agonist_D_1100,CCCc1cc(=O)[nH]c(Nc2ccc(Cl)cc2C)n1,0
ZINC00935709,DUD_er_agonist_D_1101,CCCc1cc(O)nc(Nc2ccc(Cl)cc2C)n1,0
ZINC00935709,DUD_er_agonist_D_1102,CCCc1cc(O)nc(Nc2ccc(Cl)cc2C)n1,0
ZINC00968262,DUD_er_agonist_D_1103,C[C@@H]1C[C@H](OC(=O)[C@H](O)c2ccccc2)CC(C)(C)C1,0
ZINC00974831,DUD_er_agonist_D_1104,COC(=O)C1=C(C)N=C(O)N[C@H]1c1c(OC)ccc2ccccc12,0
ZINC00974832,DUD_er_agonist_D_1105,COC(=O)C1=C(C)N=C(O)N[C@H]1c1c(OC)ccc2ccccc12,0
ZINC00983278,DUD_er_agonist_D_1106,COc1ccc(C2(c3csc(N)n3)CCCC2)cc1OC,0
ZINC00985077,DUD_er_agonist_D_1107,O=C1Nc2ccccc2/C1=N\NC(=O)[C@H]1C[C@H]2CC[C@@H]1C2,0
ZINC00991276,DUD_er_agonist_D_1108,CC(C)(C)c1ccc(OC(=O)c2cccc(N)c2)cc1,0
ZINC00994227,DUD_er_agonist_D_1109,Cc1cc(C)n(/N=C\c2ccccc2)c(=O)c1C(N)=O,0
ZINC01016455,DUD_er_agonist_D_1110,c1cncc(CNc2ncnc3sc4c(c23)CCC4)c1,0
ZINC01017493,DUD_er_agonist_D_1111,Cc1cc2nc(Cc3cccc(CO)n3)[nH]c2cc1C,0
ZINC01027997,DUD_er_agonist_D_1112,CC(C)c1ccc(/C=N\c2ccc(C(N)=O)cc2)cc1,0
ZINC01036277,DUD_er_agonist_D_1113,Cc1ccc(Sc2ccc(CO)cc2[N+](=O)[O-])cc1,0
ZINC01040987,DUD_er_agonist_D_1114,CC(C)C[C@H]1NC(=O)N(c2cccc3ccccc23)C1=O,0
ZINC01040988,DUD_er_agonist_D_1115,CC(C)C[C@H]1NC(=O)N(c2cccc3ccccc23)C1=O,0
ZINC01041069,DUD_er_agonist_D_1116,CC[C@H](C)c1cc(N)nc2nc3cc(C)c(C)cc3n12,0
ZINC01041069,DUD_er_agonist_D_1117,CC[C@@H](C)c1cc(N)nc2[nH+]c3cc(C)c(C)cc3n12,0
ZINC01041070,DUD_er_agonist_D_1118,CC[C@@H](C)c1cc(N)nc2nc3cc(C)c(C)cc3n12,0
ZINC01041070,DUD_er_agonist_D_1119,CC[C@@H](C)c1cc(N)nc2[nH+]c3cc(C)c(C)cc3n12,0
ZINC01041207,DUD_er_agonist_D_1120,Cc1cc(O)cc2c1[C@@H]1CC[C@]3(C)C(=O)CC[C@@H]3[C@H]1C=C2,0
ZINC01042169,DUD_er_agonist_D_1121,CC1(C)[C@@H]2CC[C@@](C)(C2)[C@@H]1NC(=O)c1cccc([N+](=O)[O-])c1,0
ZINC01042172,DUD_er_agonist_D_1122,CC1(C)[C@H]2CC[C@@](C)(C2)[C@H]1NC(=O)c1ccc([N+](=O)[O-])cc1,0
ZINC01052190,DUD_er_agonist_D_1123,CC(=O)Nc1scc(-c2ccc(C)c(C)c2)c1C(N)=O,0
ZINC01052591,DUD_er_agonist_D_1124,O=c1[nH]c2sc3c(c2c(=O)n1Cc1ccco1)CCCC3,0
ZINC01053687,DUD_er_agonist_D_1125,COC(=O)Nc1c(C)nn(Cc2ccccc2C)c1C,0
ZINC01054102,DUD_er_agonist_D_1126,CCc1c(C(=O)Nc2ccccc2C(N)=O)csc1C,0
ZINC01054990,DUD_er_agonist_D_1127,CC1=C[C@@H](C)[C@@]2(CO)CO[C@H](c3ccccc3O)[C@H]1[C@@H]2C,0
ZINC01055022,DUD_er_agonist_D_1128,O=C(NCc1ccco1)c1cc2c(s1)CCCCC2,0
ZINC01055040,DUD_er_agonist_D_1129,Cc1sc(NC(=O)Cc2cccs2)c(C(N)=O)c1C,0
ZINC01056452,DUD_er_agonist_D_1130,O=C(Nc1cccnc1)c1cc2c(s1)CCCCCC2,0
ZINC01069200,DUD_er_agonist_D_1131,COc1cc2c(cc1OC)[C@H](c1sccc1C)CC(=O)N2,0
ZINC01070713,DUD_er_agonist_D_1132,Cc1c(NC(=S)NC(=O)C(C)(C)C)cccc1[N+](=O)[O-],0
ZINC01076057,DUD_er_agonist_D_1133,Nc1ccc(C(=O)NC2C3CC4CC(C3)CC2C4)cc1,0
ZINC01077308,DUD_er_agonist_D_1134,Cc1ccc(C(=O)Nc2cc(C)c(O)c(Br)c2C)cc1,0
ZINC01077309,DUD_er_agonist_D_1135,COc1ccc(C(=O)Nc2c(C)cc(O)c(Cl)c2C)cc1,0
ZINC01094836,DUD_er_agonist_D_1136,Cc1cc(N)n(-c2ncnc3sc4c(c23)CCCCC4)n1,0
ZINC01100919,DUD_er_agonist_D_1137,CC[C@@H](C)c1ccc(Oc2cc(F)nc(N)n2)cc1,0
ZINC01100920,DUD_er_agonist_D_1138,CC[C@@H](C)c1ccc(Oc2cc(F)nc(N)n2)cc1,0
ZINC01126443,DUD_er_agonist_D_1139,CC(C)(C)c1cc(N)n(-c2ccc([N+](=O)[O-])cc2)n1,0
ZINC01140399,DUD_er_agonist_D_1140,C[C@@H](NC(=O)c1ccccc1[N+](=O)[O-])[C@H]1C[C@@H]2CC[C@H]1C2,0
ZINC01150238,DUD_er_agonist_D_1141,COc1cc(C)nc(NC(=S)NC(=O)c2ccccc2)n1,0
ZINC01181126,DUD_er_agonist_D_1142,Cc1cc(O)c(NC(=S)NC(=O)c2ccco2)cc1C,0
ZINC01196454,DUD_er_agonist_D_1143,Cc1cccc(NC(=O)c2c(N)sc3c2CCCC3)c1,0
ZINC01247845,DUD_er_agonist_D_1144,Cc1ccc(-c2[nH]ncc2C(=O)c2ccccc2C)c(O)c1,0
ZINC01252115,DUD_er_agonist_D_1145,CC1(C)C[C@](C)(O)N(CCc2ccccc2)C(S)=N1,0
ZINC01269839,DUD_er_agonist_D_1146,Cc1ccc2nc(C)cc(Nc3ccc(O)cc3)c2c1,0
ZINC01275347,DUD_er_agonist_D_1147,COc1cccc(/N=c2\nc[nH]c3sc4c(c23)CCCC4)c1,0
ZINC01279320,DUD_er_agonist_D_1148,CCC(=O)/N=c1/[nH]nc(Cc2c[nH]c3ccccc23)s1,0
ZINC01279623,DUD_er_agonist_D_1149,COc1cccc2c(Nc3ccc(O)cc3)cc(C)nc12,0
ZINC01280904,DUD_er_agonist_D_1150,CC(C)c1cccc(C(C)C)c1Nc1nccc(O)n1,0
ZINC01280904,DUD_er_agonist_D_1151,CC(C)c1cccc(C(C)C)c1Nc1nc(=O)cc[nH]1,0
ZINC01280904,DUD_er_agonist_D_1152,CC(C)c1cccc(C(C)C)c1Nc1nccc(O)n1,0
ZINC01280939,DUD_er_agonist_D_1153,CCCc1cc(=O)[nH]c(Nc2ccc(C)c(Cl)c2)n1,0
ZINC01280939,DUD_er_agonist_D_1154,CCCc1cc(O)nc(Nc2ccc(C)c(Cl)c2)n1,0
ZINC01280939,DUD_er_agonist_D_1155,CCCc1cc(O)nc(Nc2ccc(C)c(Cl)c2)n1,0
ZINC01281434,DUD_er_agonist_D_1156,CCCc1cc(=O)[nH]c(NCc2ccccc2Cl)n1,0
ZINC01281434,DUD_er_agonist_D_1157,CCCc1cc(O)nc(NCc2ccccc2Cl)n1,0
ZINC01281434,DUD_er_agonist_D_1158,CCCc1cc(=O)nc(NCc2ccccc2Cl)[nH]1,0
ZINC01281434,DUD_er_agonist_D_1159,CCCc1cc(O)nc(NCc2ccccc2Cl)n1,0
ZINC01281436,DUD_er_agonist_D_1160,CCCc1cc(=O)[nH]c(N[C@@H](C)c2ccccc2)n1,0
ZINC01281436,DUD_er_agonist_D_1161,CCCc1cc(O)nc(N[C@H](C)c2ccccc2)n1,0
ZINC01281436,DUD_er_agonist_D_1162,CCCc1cc(O)nc(N[C@@H](C)c2ccccc2)n1,0
ZINC01281436,DUD_er_agonist_D_1163,CCCc1cc(=O)nc(N[C@H](C)c2ccccc2)[nH]1,0
ZINC01281437,DUD_er_agonist_D_1164,CCCc1cc(=O)[nH]c(N[C@H](C)c2ccccc2)n1,0
ZINC01281437,DUD_er_agonist_D_1165,CCCc1cc(O)nc(N[C@@H](C)c2ccccc2)n1,0
ZINC01281437,DUD_er_agonist_D_1166,CCCc1cc(=O)nc(N[C@@H](C)c2ccccc2)[nH]1,0
ZINC01281437,DUD_er_agonist_D_1167,CCCc1cc(O)nc(N[C@@H](C)c2ccccc2)n1,0
ZINC01281445,DUD_er_agonist_D_1168,CCCc1cc(=O)[nH]c(Nc2c(C)cccc2C)n1,0
ZINC01281445,DUD_er_agonist_D_1169,CCCc1cc(O)nc(Nc2c(C)cccc2C)n1,0
ZINC01281445,DUD_er_agonist_D_1170,CCCc1cc(O)nc(Nc2c(C)cccc2C)n1,0
ZINC01291411,DUD_er_agonist_D_1171,CCc1cc2c(Nc3ccc(O)cc3)ncnc2s1,0
ZINC01291412,DUD_er_agonist_D_1172,CCc1cc2c(Nc3cccc(O)c3)ncnc2s1,0
ZINC01292227,DUD_er_agonist_D_1173,COc1ccc(-c2oc3cc(C)cc(C)c3c(=O)c2O)cc1,0
ZINC01312064,DUD_er_agonist_D_1174,Cc1n[nH]c(SCC(=O)c2c(C)[nH]c3ccccc23)n1,0
ZINC01318904,DUD_er_agonist_D_1175,O=C1CCC[C@H]2[C@@H]1CCC[C@]2(O)CCc1ccccc1,0
ZINC01319998,DUD_er_agonist_D_1176,C[C@@]12C=Cc3occc3[C@H]1CC[C@@]13C[C@@H](CC[C@@H]12)[C@](O)(CO)C3,0
ZINC01320283,DUD_er_agonist_D_1177,Cc1ccc2c(c1)[C@](O)(CC(=O)c1ccc(C)s1)C(=O)N2,0
ZINC01325325,DUD_er_agonist_D_1178,NC(=O)c1ccccc1NC(=O)C1C2CC3CC(C2)CC1C3,0
ZINC01366260,DUD_er_agonist_D_1179,COc1ccc2[nH]c3nc(SCC(C)C)nnc3c2c1,0
ZINC01384938,DUD_er_agonist_D_1180,O=C1NC2(NN1c1ccccc1)C1CC3CC(C1)CC2C3,0
ZINC01384954,DUD_er_agonist_D_1181,Cc1cc(-c2c(C)nn(-c3ccc(Cl)cc3)c2O)[nH]n1,0
ZINC01384954,DUD_er_agonist_D_1182,Cc1cc(-c2c(C)nn(-c3ccc(Cl)cc3)c2O)n[nH]1,0
ZINC01394939,DUD_er_agonist_D_1183,COc1ccc(-c2c(C)nc3cc(C)nn3c2N)cc1,0
ZINC01398321,DUD_er_agonist_D_1184,Nc1nc(Sc2ccc(F)cc2)cc(N2CCCC2)n1,0
ZINC01398627,DUD_er_agonist_D_1185,Cc1ccc(C(=O)c2sc(NC(C)(C)C)nc2N)cc1,0
ZINC01398629,DUD_er_agonist_D_1186,CC(C)(C)Nc1nc(N)c(C(=O)c2ccccc2)s1,0
ZINC01399032,DUD_er_agonist_D_1187,CCc1cc(=O)[nH]c(SCc2ccc(C)cc2)n1,0
ZINC01399032,DUD_er_agonist_D_1188,CCc1cc(O)nc(SCc2ccc(C)cc2)n1,0
ZINC01399032,DUD_er_agonist_D_1189,CCc1cc(O)nc(SCc2ccc(C)cc2)n1,0
ZINC01399719,DUD_er_agonist_D_1190,Cc1c(S(C)(=O)=O)c(N)n(Cc2ccccc2)c1C,0
ZINC01402582,DUD_er_agonist_D_1191,CC(C)(C)Nc1nc(N)c(C(=O)c2ccc(F)cc2)s1,0
ZINC01404530,DUD_er_agonist_D_1192,CC(C)(C)n1nc(-c2ccc(F)cc2)c2c(N)ncnc21,0
ZINC01410002,DUD_er_agonist_D_1193,CC1=C(C(=O)OC(C)(C)C)[C@H](c2ccccc2)SC(N)=N1,0
ZINC01410003,DUD_er_agonist_D_1194,CC1=C(C(=O)OC(C)(C)C)[C@H](c2ccccc2)SC(N)=N1,0
ZINC01410464,DUD_er_agonist_D_1195,CCc1nnc(-c2ccc(C)cc2)c(-c2ccc[nH]2)n1,0
ZINC01420471,DUD_er_agonist_D_1196,CC(C)(C)OC(=O)Nc1nc(-c2ccccc2)c[nH]1,0
ZINC01420471,DUD_er_agonist_D_1197,CC(C)(C)OC(=O)Nc1ncc(-c2ccccc2)[nH]1,0
ZINC01422182,DUD_er_agonist_D_1198,Cc1ccccc1OCCc1c(C)[nH]c(=S)[nH]c1=O,0
ZINC01422183,DUD_er_agonist_D_1199,Cc1cccc(OCCc2c(C)[nH]c(=S)[nH]c2=O)c1,0
ZINC01428555,DUD_er_agonist_D_1200,CC(C)c1ccc2[nH]c(=O)c(-c3ccccc3)c(O)c2c1,0
ZINC01428555,DUD_er_agonist_D_1201,CC(C)c1ccc2nc(O)c(-c3ccccc3)c(O)c2c1,0
ZINC01428555,DUD_er_agonist_D_1202,CC(C)c1ccc2nc(O)c(-c3ccccc3)c(O)c2c1,0
ZINC01433169,DUD_er_agonist_D_1203,CC[C@@H]1C[C@H]2c3[nH]c4ccccc4c3CCN2C=C1C=O,0
ZINC01446484,DUD_er_agonist_D_1204,C[C@@H]1CCCC[C@H]1NC(=O)c1nc2ccccc2[nH]1,0
ZINC01446484,DUD_er_agonist_D_1205,C[C@@H]1CCCC[C@@H]1NC(=O)c1[nH]c2ccccc2[nH+]1,0
ZINC01446485,DUD_er_agonist_D_1206,C[C@H]1CCCC[C@H]1NC(=O)c1nc2ccccc2[nH]1,0
ZINC01446485,DUD_er_agonist_D_1207,C[C@@H]1CCCC[C@H]1NC(=O)c1[nH]c2ccccc2[nH+]1,0
ZINC01446486,DUD_er_agonist_D_1208,C[C@@H]1CCCC[C@@H]1NC(=O)c1nc2ccccc2[nH]1,0
ZINC01446486,DUD_er_agonist_D_1209,C[C@H]1CCCC[C@H]1NC(=O)c1[nH]c2ccccc2[nH+]1,0
ZINC01446487,DUD_er_agonist_D_1210,C[C@H]1CCCC[C@@H]1NC(=O)c1nc2ccccc2[nH]1,0
ZINC01446487,DUD_er_agonist_D_1211,C[C@@H]1CCCC[C@@H]1NC(=O)c1[nH]c2ccccc2[nH+]1,0
ZINC01456181,DUD_er_agonist_D_1212,O=[N+]([O-])c1ccc2[nH]c(CCC3CCCCC3)nc2c1,0
ZINC01456701,DUD_er_agonist_D_1213,Cc1[nH]c2ccccc2c1/C=C(\C#N)C(=O)NC1CC1,0
ZINC01459881,DUD_er_agonist_D_1214,O[C@@H]1CCCN(C(=S)NCCc2ccccc2)C1,0
ZINC01459882,DUD_er_agonist_D_1215,O[C@@H]1CCCN(C(=S)NCCc2ccccc2)C1,0
ZINC01464919,DUD_er_agonist_D_1216,C[C@H](NC(=O)c1ccc([N+](=O)[O-])cc1)[C@H]1C[C@H]2CC[C@H]1C2,0
ZINC01470617,DUD_er_agonist_D_1217,CC(C)(C)c1ccc(-n2c(CO)nc3ccccc32)cc1,0
ZINC01470617,DUD_er_agonist_D_1218,CC(C)(C)c1ccc(-n2c(CO)[nH+]c3ccccc32)cc1,0
ZINC01472305,DUD_er_agonist_D_1219,Cc1ccc(S(=O)(=O)Nc2ccc3c(c2)CCC3)cc1,0
ZINC01476740,DUD_er_agonist_D_1220,C/C(=N/NC(=O)c1cc(C)oc1C)c1ccc(N)cc1,0
ZINC01495311,DUD_er_agonist_D_1221,Cn1c(=O)cc(NC2CC2)n(Cc2ccccc2)c1=O,0
ZINC01500903,DUD_er_agonist_D_1222,CN(C)c1ccc(/C=N\c2ccc(N)c(Br)c2)cc1,0
ZINC01501442,DUD_er_agonist_D_1223,COc1cc(OC)nc(CSc2ccc(N)cc2)n1,0
ZINC01504755,DUD_er_agonist_D_1224,Cc1nc(-c2cc(-c3cc(C)c(C)cc3O)n[nH]2)cs1,0
ZINC01504755,DUD_er_agonist_D_1225,Cc1nc(-c2cc(-c3cc(C)c(C)cc3O)[nH]n2)cs1,0
ZINC01506209,DUD_er_agonist_D_1226,Nc1cccc(Oc2ncnc3sc4c(c23)CCCC4)c1,0
ZINC01507653,DUD_er_agonist_D_1227,O=C1c2ccccc2C(=O)N1CC12C[C@@H]3C[C@H](CC(O)(C3)C1)C2,0
ZINC01507835,DUD_er_agonist_D_1228,Cc1cccc(C)c1NC(=O)CNc1cccc(F)c1,0
ZINC01513590,DUD_er_agonist_D_1229,O=C(NN=C1[C@H]2CC3C[C@H]1CC(O)(C3)C2)c1cccs1,0
ZINC01514781,DUD_er_agonist_D_1230,CC(C)CCOc1ccc2c(c1)C(=O)c1cc(O)ccc1-2,0
ZINC01516515,DUD_er_agonist_D_1231,CC(C)c1cc(C(=O)Cc2ccc(F)cc2)c(O)cc1O,0
ZINC01518999,DUD_er_agonist_D_1232,COc1ccc(-c2cc3cc([N+](=O)[O-])ccc3[nH]2)cc1OC,0
ZINC01519000,DUD_er_agonist_D_1233,COc1ccc(OC)c(-c2cc3cc([N+](=O)[O-])ccc3[nH]2)c1,0
ZINC01536668,DUD_er_agonist_D_1234,C#CCOC(=O)c1c(C)[nH+]c2sc3c(c2c1N)CCC3,0
ZINC01536948,DUD_er_agonist_D_1235,C=CCNc1cc(C)nc2c(-c3ccccc3)[nH]nc12,0
ZINC01542529,DUD_er_agonist_D_1236,O=C(Cc1c[nH]c2ccccc12)C(=O)OC1CCCCC1,0
ZINC01542777,DUD_er_agonist_D_1237,CC(C)Oc1ccc2ccc(C(N)=O)c(OC(C)C)c2c1,0
ZINC01554458,DUD_er_agonist_D_1238,C#CCOC(=O)c1c(C)[nH+]c2sc3c(c2c1N)CCCC3,0
ZINC01569660,DUD_er_agonist_D_1239,COC(=O)/C(=C\c1cccc(N)c1)c1ccc(Cl)cc1,0
ZINC01575059,DUD_er_agonist_D_1240,CNc1ccc2c(c1)C(=O)c1c(C)n(C)c3cccc-2c13,0
ZINC01576843,DUD_er_agonist_D_1241,CCc1cccc(CC)c1Nc1ncnc2c1cnn2C,0
ZINC01580673,DUD_er_agonist_D_1242,CC1(C)C(=O)/C(=C/c2ccccc2N)Cc2ccccc21,0
ZINC01580906,DUD_er_agonist_D_1243,C[C@@]12CC[C@@H]3c4ccc(N)cc4CC[C@@H]3[C@H]1CC[C@H]2O,0
ZINC01585780,DUD_er_agonist_D_1244,COc1cc(CSc2ccccc2)cc(OC)c1N,0
ZINC01586846,DUD_er_agonist_D_1245,Cc1ccc(-n2c(N)c(C#N)c3c(c2=S)CCC3)cc1,0
ZINC01595661,DUD_er_agonist_D_1246,C=CCN(CC=C)c1nc(N)c2cc(Cl)ccc2n1,0
ZINC01598745,DUD_er_agonist_D_1247,O[C@H]1c2ccccc2-c2ccc(NC3CCCC3)cc21,0
ZINC01612041,DUD_er_agonist_D_1248,O=c1cc(CC2(O)CCCCC2)c2ccccc2[nH]1,0
ZINC01612041,DUD_er_agonist_D_1249,Oc1cc(CC2(O)CCCCC2)c2ccccc2n1,0
ZINC01613570,DUD_er_agonist_D_1250,CC#C[C@H]1[C@@H]2CCC[C@]1(CSc1ccccc1)NC(=O)O2,0
ZINC01616861,DUD_er_agonist_D_1251,COc1ccc2c3c(cc(OC)c2c1)-c1n[nH]cc1CCC3,0
ZINC01620100,DUD_er_agonist_D_1252,COc1ccc(-c2cc(Cc3cccs3)c(=O)[nH]n2)cc1,0
ZINC01620100,DUD_er_agonist_D_1253,COc1ccc(-c2cc(Cc3cccs3)c(O)nn2)cc1,0
ZINC01620388,DUD_er_agonist_D_1254,CCN(C1=CC(=O)N[C@@H]2CCCCN12)c1ccccc1,0
ZINC01621240,DUD_er_agonist_D_1255,COc1cc(NC(=S)NC(C)C)c2ncccc2c1,0
ZINC01626331,DUD_er_agonist_D_1256,CC1=CC(C)(C)N=C2SC(c3ccc(N)cc3)=NN12,0
ZINC01627515,DUD_er_agonist_D_1257,C#CC1(OC(=O)Nc2cc3ccccc3o2)CCCCC1,0
ZINC01629654,DUD_er_agonist_D_1258,CN(C)c1ccc(-c2nc(N)nc3c2CCCC3)cc1,0
ZINC01630593,DUD_er_agonist_D_1259,CCOC(=O)c1cc2c([nH+]c1N)-c1ncccc1CC2,0
ZINC01636366,DUD_er_agonist_D_1260,COc1ccc2c(c1)[nH]c1c3ccc(OC)cc3oc(=O)c21,0
ZINC01639322,DUD_er_agonist_D_1261,CNc1cccc2c1[C@H](C)C[C@@]1(C)C(=O)Nc3ccccc3[C@H]21,0
ZINC01647451,DUD_er_agonist_D_1262,O=c1cc(N2CCCC2)[nH]c(=O)n1Cc1ccccc1,0
ZINC01650980,DUD_er_agonist_D_1263,COc1cccc(NC(=O)c2c(SC)n[nH]c2N)c1,0
ZINC01650980,DUD_er_agonist_D_1264,COc1cccc(NC(=O)c2c(N)n[nH]c2SC)c1,0
ZINC01650989,DUD_er_agonist_D_1265,CSc1n[nH]c(N)c1C(=O)Nc1ccc(C)cc1,0
ZINC01650989,DUD_er_agonist_D_1266,CSc1[nH]nc(N)c1C(=O)Nc1ccc(C)cc1,0
ZINC01654061,DUD_er_agonist_D_1267,CC1=C2c3c(C)ccc4ccc(C)c(c34)[C@]2(O)[C@H](C)C1=O,0
ZINC01658350,DUD_er_agonist_D_1268,CCOC(=O)NC(=S)c1ccc(O)c2ccccc12,0
ZINC01663678,DUD_er_agonist_D_1269,COc1cccc(-n2c(N)c(C#N)c3c2CCCC3)c1,0
ZINC01663679,DUD_er_agonist_D_1270,COc1cc(OC)cc(-n2c(N)c(C#N)c3c2CCCC3)c1,0
ZINC01666289,DUD_er_agonist_D_1271,CCC[C@H]1c2ccc(O)cc2C[C@@H]1c1ccc(O)cc1,0
ZINC01666820,DUD_er_agonist_D_1272,Cc1cc(Cc2cc(C)c(N)cc2C)c(C)cc1N,0
ZINC01670243,DUD_er_agonist_D_1273,Cc1cc(O)cc(C(C)C)c1[C@H]1Nc2ccccc2S1,0
ZINC01676880,DUD_er_agonist_D_1274,Nc1nc(N2CC2)c2ncn(Cc3ccccc3)c2n1,0
ZINC01677173,DUD_er_agonist_D_1275,CSc1nc(N)nc(SC)c1-c1ccccc1,0
ZINC01678820,DUD_er_agonist_D_1276,C[C@H](c1ccc(N(C)C)cc1)c1ccc(N)cc1[N+](=O)[O-],0
ZINC01682044,DUD_er_agonist_D_1277,CCc1c(Cl)nc(N)nc1Nc1ccc(C)c(C)c1,0
ZINC01683226,DUD_er_agonist_D_1278,O=c1[nH]c2ccccc2c(O)c1CCCC1CCCCC1,0
ZINC01683226,DUD_er_agonist_D_1279,Oc1nc2ccccc2c(O)c1CCCC1CCCCC1,0
ZINC01690791,DUD_er_agonist_D_1280,Cc1cc(C2(c3ccc(O)c(C)c3)CCCC2)ccc1O,0
ZINC01696129,DUD_er_agonist_D_1281,COc1ccc(N[C@]2(c3ccccc3)CCCCC2=O)cc1,0
ZINC01699583,DUD_er_agonist_D_1282,COC(=O)c1cc(C)cc(Oc2ccccc2N)c1C,0
ZINC01704165,DUD_er_agonist_D_1283,CCOC(=O)c1ccc2c(c1)Cc1cc(N)ccc1-2,0
ZINC01708605,DUD_er_agonist_D_1284,C[C@@H]1C=C(N/N=c2/ccc3ccccc3[nH]2)CCC1,0
ZINC01716556,DUD_er_agonist_D_1285,O=C(N/N=C\c1ccc2c(c1)CCN2)c1cccs1,0
ZINC01739317,DUD_er_agonist_D_1286,CNc1ccccc1C(=O)NNC=C1CCCCC1,0
ZINC01742864,DUD_er_agonist_D_1287,Cc1[nH]c2c(NC(=O)c3cccs3)cccc2c1C,0
ZINC01744290,DUD_er_agonist_D_1288,CS(=O)(=O)OC[C@@H]1CCc2[nH]c3ccccc3c2C1,0
ZINC01754793,DUD_er_agonist_D_1289,CC1CCC2(CC1)NC(=O)N(CNc1ccccc1)C2=O,0
ZINC01757351,DUD_er_agonist_D_1290,CSc1ccccc1/N=C/c1c(N)ccc(C)c1C,0
ZINC01792360,DUD_er_agonist_D_1291,CCCCNc1ncnc2c1[nH]c1ccc(F)cc12,0
ZINC01815001,DUD_er_agonist_D_1292,C=CCNc1nc(-c2ccc(O)c(OC)c2)cs1,0
ZINC01840706,DUD_er_agonist_D_1293,Cc1ccc(-c2csc3ncnc(NCCO)c23)cc1,0
ZINC01857883,DUD_er_agonist_D_1294,CC(C)(C)OC(=O)N1C[C@H](CCl)c2ccc(N)cc21,0
ZINC01859746,DUD_er_agonist_D_1295,CC(C)(C)OC(=O)NCC[C@@H]1CNc2ccccc21,0
ZINC01876582,DUD_er_agonist_D_1296,CCCCCn1c(=O)c2c(O)n[nH]c2c2ccccc21,0
ZINC01880250,DUD_er_agonist_D_1297,C=C(NNC(=O)OCC)c1cc2ccccc2s1,0
ZINC01881588,DUD_er_agonist_D_1298,C=C(CC)NNC(=O)c1cc2ccccc2cc1O,0
ZINC01883728,DUD_er_agonist_D_1299,CC(C)N(C(=O)C[n+]1ccsc1N)c1ccccc1,0
ZINC01883733,DUD_er_agonist_D_1300,COc1ccc(C(=O)C[n+]2c(N)sc3c2CCCC3)cc1,0
ZINC01911903,DUD_er_agonist_D_1301,CC(=O)Nc1ccc2c(c1)c1ccccc1n2C(C)C,0
ZINC01922532,DUD_er_agonist_D_1302,CCSc1nnc(N)n1Cc1cccc2ccccc12,0
ZINC01922552,DUD_er_agonist_D_1303,CCSc1nnc(N)n1Cc1cc2ccccn2c1,0
ZINC01924071,DUD_er_agonist_D_1304,CCOc1ccc(-c2cc3cc(C)[nH]c(=O)n3c2)cc1,0
ZINC01924075,DUD_er_agonist_D_1305,COc1ccc(-c2cc3cc(C)[nH]c(=O)n3c2)cc1OC,0
ZINC01961565,DUD_er_agonist_D_1306,COc1cccc(-c2oc3c(C)cc(C)cc3c(=O)c2O)c1,0
ZINC01961566,DUD_er_agonist_D_1307,COc1ccc(-c2oc3c(C)cc(C)cc3c(=O)c2O)cc1,0
ZINC01993830,DUD_er_agonist_D_1308,Cc1ccc(-c2c/c(=N/O)c3cc(C)cc(C)c3o2)cc1,0
ZINC01993844,DUD_er_agonist_D_1309,Cc1ccc(-c2c/c(=N\O)c3cc(C)c(C)cc3o2)cc1,0
ZINC01998241,DUD_er_agonist_D_1310,C[N+](C)(C)c1cccc(OC(=O)c2ccc(N)cc2)c1,0
ZINC02009400,DUD_er_agonist_D_1311,CCCCc1nc2c(N)[nH+]c3ccccc3c2s1,0
ZINC02022163,DUD_er_agonist_D_1312,CC(=O)Nc1cc2c(cc1N(C)C)[nH]c1ccccc12,0
ZINC02022863,DUD_er_agonist_D_1313,CCCCCc1ccc(-c2nnc(N)s2)cc1,0
ZINC02023791,DUD_er_agonist_D_1314,CCCNC(=O)c1cc(-c2ccccc2)c[n+]([O-])c1N,0
ZINC02026515,DUD_er_agonist_D_1315,C[C@H](Cc1c[nH]c2ccccc12)NC(=O)OCCCl,0
ZINC02026520,DUD_er_agonist_D_1316,C[C@@H](Cc1c[nH]c2ccccc12)NC(=O)OCCCl,0
ZINC02035552,DUD_er_agonist_D_1317,CCCC[C@@H]1C(=O)NC(=S)N(c2ccccc2)C1=O,0
ZINC02079715,DUD_er_agonist_D_1318,Cc1cc(C)cc(/N=C2/C(=O)Nc3ccc(C)cc32)c1,0
ZINC02079717,DUD_er_agonist_D_1319,Cc1ccc2c(c1)/C(=N\c1ccc(C)c(C)c1)C(=O)N2,0
ZINC02099412,DUD_er_agonist_D_1320,Cc1cc(/C=C2/NC(=O)N(c3ccccc3)C2=O)c(C)n1C,0
ZINC02104894,DUD_er_agonist_D_1321,CCCCc1ccc(-c2csc(N)c2C#N)cc1,0
ZINC02130508,DUD_er_agonist_D_1322,COc1ccc(/C=C2/Oc3cc(O)cc(C)c3C2=O)cc1,0
ZINC02130571,DUD_er_agonist_D_1323,CCCCn1cc([C@H]2CC(=O)NC2=O)c2ccccc21,0
ZINC02131344,DUD_er_agonist_D_1324,O=[N+]([O-])c1ccc(C[N@+]23CCCC[C@H]2[C@@H](CO)CCC3)cc1,0
ZINC02134976,DUD_er_agonist_D_1325,Cc1ccc(O)c(NC(=S)NC(=O)CC(C)C)c1,0
ZINC02136055,DUD_er_agonist_D_1326,COc1ccc(/C=C2/Oc3c(ccc(O)c3C)C2=O)cc1,0
ZINC02136356,DUD_er_agonist_D_1327,COC(=O)c1ccc(NC(=S)NC(=O)C2CCC2)cc1,0
ZINC02146356,DUD_er_agonist_D_1328,CC1(C)[C@H]2CC[C@@]1(C)[C@H](OC(=O)c1ccc(O)cc1)C2,0
ZINC02146360,DUD_er_agonist_D_1329,CC1(C)[C@@H]2CC[C@@]1(C)[C@@H](OC(=O)c1ccc(O)cc1)C2,0
ZINC02148553,DUD_er_agonist_D_1330,C=C(NOC(=O)NC)c1sc2ccccc2c1C,0
ZINC02156127,DUD_er_agonist_D_1331,COc1cccc(CNc2ccc(C)c([N+](=O)[O-])c2)c1O,0
ZINC02157878,DUD_er_agonist_D_1332,C#CCSc1nnc(-c2ccc(C(C)(C)C)cc2)[nH]1,0
ZINC02159149,DUD_er_agonist_D_1333,CCCCSc1nnc(-c2ccc(N)cc2)n1C,0
ZINC02161451,DUD_er_agonist_D_1334,C#C[C@](C)(CC)OC(=O)NC(=O)c1ccccc1Cl,0
ZINC02161454,DUD_er_agonist_D_1335,C#C[C@](C)(CC)OC(=O)NC(=O)c1ccccc1F,0
ZINC02162373,DUD_er_agonist_D_1336,Cc1ccc(NC(=O)ONC2=CCCCC2)cc1Cl,0
ZINC02169638,DUD_er_agonist_D_1337,CCCOc1ccc2ccccc2c1/C=C1\SC(=O)NC1=O,0
ZINC02171329,DUD_er_agonist_D_1338,C[C@@H]1CCCC[C@@H]1OC(=O)Nc1cccc([N+](=O)[O-])c1,0
ZINC02173032,DUD_er_agonist_D_1339,CCCCCCc1ccsc1-c1c[nH]c(=O)[nH]c1=O,0
ZINC02179591,DUD_er_agonist_D_1340,C=C1NC(=O)N[C@H](c2ccccc2O)[C@H]1C(=O)OCCC,0
ZINC02179592,DUD_er_agonist_D_1341,C=C1NC(=O)N[C@@H](c2ccccc2O)[C@H]1C(=O)OCCC,0
ZINC02200057,DUD_er_agonist_D_1342,C=CCNC(=S)N1CCc2[nH]c3ccccc3c2C1,0
ZINC02202278,DUD_er_agonist_D_1343,CNc1nc(-c2c[nH]c3cc(OC)c(OC)cc23)cs1,0
ZINC02210173,DUD_er_agonist_D_1344,C=CCNc1nc(-c2c[nH]c3cc(OC)ccc23)cs1,0
ZINC02213867,DUD_er_agonist_D_1345,CCCCCn1cnc2c([nH]c3cccc(Cl)c32)c1=O,0
ZINC02217534,DUD_er_agonist_D_1346,CC1=CC(C)(C)C=C2NC(O)=C(Cc3ccccc3)C(=O)N12,0
ZINC02223055,DUD_er_agonist_D_1347,CNc1nc(-c2c(C)[nH]c3ccc(OC)cc23)c(C)s1,0
ZINC02223200,DUD_er_agonist_D_1348,CCNc1nc(-c2c[nH]c3cc(OC)cc(OC)c23)cs1,0
ZINC02231288,DUD_er_agonist_D_1349,CNc1nc(-c2c[nH]c3ccc(OC)cc23)c(C)s1,0
ZINC02236712,DUD_er_agonist_D_1350,CCOc1ccc2[nH]c(C)c(-c3csc(NC)n3)c2c1,0
ZINC02263982,DUD_er_agonist_D_1351,C=CCN1C(=O)NC(=O)[C@@H](C(=C)Nc2ccc(F)cc2)C1=O,0
ZINC02267756,DUD_er_agonist_D_1352,O=C(NNC1=C2C[C@@H]3C[C@H](C2)C[C@@H]1C3)c1ccccc1O,0
ZINC02273184,DUD_er_agonist_D_1353,CCCCNc1ncnc2c1[nH]c1ccc(OC)cc12,0
ZINC02292290,DUD_er_agonist_D_1354,C=C(CCc1oc2ccccc2c1-c1ccc(C)o1)NO,0
ZINC02294557,DUD_er_agonist_D_1355,CCCSC1=C(C#N)[C@H](c2ccccc2)CC(=O)N1,0
ZINC02294558,DUD_er_agonist_D_1356,CCCSC1=C(C#N)[C@H](c2ccccc2)CC(=O)N1,0
ZINC02306420,DUD_er_agonist_D_1357,Cc1cc(/C=C2/NC(=S)NC2=O)c(C)n1-c1ccccc1,0
ZINC02315488,DUD_er_agonist_D_1358,C=CCOC(=O)Nc1c(C(=O)OC)[nH]c2ccccc12,0
ZINC02327096,DUD_er_agonist_D_1359,CCOc1ccc2[nH]cc(-c3nc(NC)sc3C)c2c1,0
ZINC02327583,DUD_er_agonist_D_1360,CCNc1nc(-c2c[nH]c3ccc(OC)cc23)cs1,0
ZINC02330094,DUD_er_agonist_D_1361,CCNc1nc(-c2c[nH]c3ccc(C)cc23)cs1,0
ZINC02330112,DUD_er_agonist_D_1362,CCOc1ccc2[nH]cc(-c3csc(NC)n3)c2c1,0
ZINC02333569,DUD_er_agonist_D_1363,CCCCNc1ncnc2c1[nH]c1ccc(Cl)cc12,0
ZINC02336994,DUD_er_agonist_D_1364,CC(C)CCn1cnc2c([nH]c3cccc(Cl)c32)c1=O,0
ZINC02342321,DUD_er_agonist_D_1365,O=c1[nH]c(NCc2ccccc2)nc2c1CCCC2,0
ZINC02342321,DUD_er_agonist_D_1366,Oc1nc(NCc2ccccc2)nc2c1CCCC2,0
ZINC02342321,DUD_er_agonist_D_1367,Oc1nc(NCc2ccccc2)nc2c1CCCC2,0
ZINC02342321,DUD_er_agonist_D_1368,O=c1nc(NCc2ccccc2)[nH]c2c1CCCC2,0
ZINC02342407,DUD_er_agonist_D_1369,CNc1nc(-c2c[nH]c3cc(OC)cc(OC)c23)cs1,0
ZINC02345165,DUD_er_agonist_D_1370,CC(C)CCn1cnc2c([nH]c3ccc(Cl)cc32)c1=O,0
ZINC02347439,DUD_er_agonist_D_1371,CCNc1nc(-c2c[nH]c3cc(OC)ccc23)cs1,0
ZINC02354761,DUD_er_agonist_D_1372,CCNc1nc(-c2c(C)[nH]c3ccc(OC)cc23)cs1,0
ZINC02359546,DUD_er_agonist_D_1373,C=CCNc1nc(-c2c(C)[nH]c3ccccc23)cs1,0
ZINC02360726,DUD_er_agonist_D_1374,N#CC1=C(N)OC2=C(CCCC2)[C@@H]1c1cccc(F)c1,0
ZINC02360727,DUD_er_agonist_D_1375,N#CC1=C(N)OC2=C(CCCC2)[C@H]1c1cccc(F)c1,0
ZINC02362916,DUD_er_agonist_D_1376,CCNc1nc(-c2c[nH]c3cc(OC)c(OC)cc23)cs1,0
ZINC02364744,DUD_er_agonist_D_1377,C=CCNc1nc(-c2c[nH]c3ccc(C)cc23)cs1,0
ZINC02385470,DUD_er_agonist_D_1378,CC(C)c1ccc(/N=C2/C(=O)Nc3ccccc32)cc1,0
ZINC02387600,DUD_er_agonist_D_1379,O=C(N/N=C/c1ccccc1F)c1[nH]nc2c1CCC2,0
ZINC02400223,DUD_er_agonist_D_1380,C=CCNc1ncnc2c1[nH]c1ccc(OCC)cc12,0
ZINC02419495,DUD_er_agonist_D_1381,C[C@H]1CCc2[nH+]c(N)c(C#N)c(-c3cccn3C)c2C1,0
ZINC02419496,DUD_er_agonist_D_1382,C[C@@H]1CCc2[nH+]c(N)c(C#N)c(-c3cccn3C)c2C1,0
ZINC02423385,DUD_er_agonist_D_1383,Cc1ccc(-c2c(C#N)c(N)[nH+]c3c2C[C@@H](C)CC3)o1,0
ZINC02431617,DUD_er_agonist_D_1384,C=CCNc1nc(-c2c[nH]c3cc(C)ccc23)cs1,0
ZINC02432839,DUD_er_agonist_D_1385,Cc1ccc2[nH]cc(CCNC(=O)c3ccco3)c2c1,0
ZINC02434806,DUD_er_agonist_D_1386,C=CCNc1ncnc2c1[nH]c1ccc(OC)cc12,0
ZINC02435371,DUD_er_agonist_D_1387,CCNc1nc(-c2c[nH]c3cc(C)ccc23)cs1,0
ZINC02438608,DUD_er_agonist_D_1388,CCNc1nc(-c2c[nH]c3ccc(OCC)cc23)cs1,0
ZINC02439757,DUD_er_agonist_D_1389,OCCSc1nc(-c2ccccc2)nc2c1CCC2,0
ZINC02452061,DUD_er_agonist_D_1390,Cc1ccc(-c2c(C#N)c(N)[nH+]c3c2CCCCC3)o1,0
ZINC02452858,DUD_er_agonist_D_1391,O=C(N/N=C\c1ccccc1Cl)c1[nH]nc2c1CCC2,0
ZINC02452888,DUD_er_agonist_D_1392,O=C(c1ccccc1Cl)N1CC[C@@]2(O)CCCC[C@H]2C1,0
ZINC02453043,DUD_er_agonist_D_1393,C=C(NNC(=O)c1n[nH]c2c1CCC2)c1ccc(F)cc1,0
ZINC02453724,DUD_er_agonist_D_1394,Cc1ccccc1/C=N\NC(=O)c1[nH]nc2c1CCC2,0
ZINC02455152,DUD_er_agonist_D_1395,Cc1nn(C(C)(C)C)c(O)c1Sc1ccccc1[N+](=O)[O-],0
ZINC02464434,DUD_er_agonist_D_1396,CCCCCc1ccc(C2=CCC(=O)NN2)cc1,0
ZINC02464572,DUD_er_agonist_D_1397,C=C1Nc2ncnn2[C@H](c2ccc(C)cc2)/C1=C(\O)OCC,0
ZINC02469681,DUD_er_agonist_D_1398,CCOC(=O)C1=C(N)OC2=C(C(=O)CCC2)[C@H]1c1ccccc1,0
ZINC02473887,DUD_er_agonist_D_1399,COC(=O)C1=C(C)N=C(S)N[C@@H]1c1ccc(O)cc1,0
ZINC02474999,DUD_er_agonist_D_1400,C=C1Nc2ncnn2[C@H](c2ccc(Cl)cc2)/C1=C(\O)OC,0
ZINC02481049,DUD_er_agonist_D_1401,CC1(C)CC(=O)c2c(nc3[nH]c4ccccc4[n+]3c2N)C1,0
ZINC02481994,DUD_er_agonist_D_1402,C=CCSc1nnc2c(n1)[nH]c1ccc(CC)cc12,0
ZINC02482877,DUD_er_agonist_D_1403,C=C1Nc2ncnn2[C@H](c2sccc2C)/C1=C(/O)OC,0
ZINC02484772,DUD_er_agonist_D_1404,Nc1nc(S)nc2c1C1(CCCCC1)Cc1ccccc1-2,0
ZINC02490261,DUD_er_agonist_D_1405,Cc1ccc(NC2=C([N+](=O)[O-])C(=O)c3ccccc32)c(C)c1,0
ZINC02490270,DUD_er_agonist_D_1406,Cc1ccc(NC2=C([N+](=O)[O-])C(=O)c3ccccc32)cc1C,0
ZINC02496572,DUD_er_agonist_D_1407,C=CCN1C(=O)/C(=C\c2c[nH]c3ccccc23)C(=O)NC1=S,0
ZINC02502234,DUD_er_agonist_D_1408,O=C1[C@@H]2CCCC[C@H]2C(=O)N1CCc1c[nH]c2ccccc12,0
ZINC02502582,DUD_er_agonist_D_1409,C=C1Nc2ncnn2[C@H](c2cccc(F)c2)/C1=C(/O)OC(C)C,0
ZINC02504446,DUD_er_agonist_D_1410,CC1(C)C=C(Nc2ccccc2O)[C@H](Br)C(=O)C1,0
ZINC02506006,DUD_er_agonist_D_1411,COc1ccccc1NC(=O)c1c(N)sc(C)c1C,0
ZINC02506009,DUD_er_agonist_D_1412,CCc1c(C)sc(N)c1C(=O)Nc1ccccc1OC,0
ZINC02509821,DUD_er_agonist_D_1413,CC(C)(C)OC(=O)N1CCC[C@@H]1c1ccc(N)cc1,0
ZINC02510611,DUD_er_agonist_D_1414,CC(C)(C)OC(=O)[N@]1C(=O)[C@H]1Cc1c[nH]c2ccccc12,0
ZINC02512657,DUD_er_agonist_D_1415,Cc1cc(O)ccc1NC(=O)C1(c2ccccc2)CCCC1,0
ZINC02518248,DUD_er_agonist_D_1416,O=C(N[C@H]1CCCC[C@H]1CO)OCc1ccccc1,0
ZINC02518947,DUD_er_agonist_D_1417,[NH2+]=c1n(Cc2ccccc2)nnn1CC1CCCCC1,0
ZINC02524319,DUD_er_agonist_D_1418,O=S1(=O)NCCN1Cc1ccc(-c2ccccc2)cc1,0
ZINC02524786,DUD_er_agonist_D_1419,CC1(C)CN(Cc2ccc([N+](=O)[O-])cc2)c2ccc(O)cc21,0
ZINC02527121,DUD_er_agonist_D_1420,CC(C)(C)OC(=O)Nc1ccc(O)c2ccccc12,0
ZINC02528970,DUD_er_agonist_D_1421,CC(C)OC(=O)c1cccc(-c2ccc(N)cc2)c1,0
ZINC02529411,DUD_er_agonist_D_1422,Cc1ccc2c(c1)[C@@H](CO)c1ccccc1[C@H]2CO,0
ZINC02534829,DUD_er_agonist_D_1423,CCC(C)(C)c1ccc(OCn2ccc(N)n2)cc1,0
ZINC02534843,DUD_er_agonist_D_1424,Cc1cc(OCn2ccc(N)n2)ccc1C(C)C,0
ZINC02534899,DUD_er_agonist_D_1425,Cc1cc(OCn2cc(Cl)c(N)n2)ccc1C(C)C,0
ZINC02534916,DUD_er_agonist_D_1426,Nc1nn(COc2ccc3c(c2)CCC3)cc1Cl,0
ZINC02534941,DUD_er_agonist_D_1427,CCC(C)(C)c1ccc(OCn2nc(N)cc2C)cc1,0
ZINC02534952,DUD_er_agonist_D_1428,Cc1cc(OCn2nc(N)cc2C)cc(C)c1Cl,0
ZINC02534955,DUD_er_agonist_D_1429,Cc1cc(OCn2nc(N)cc2C)ccc1C(C)C,0
ZINC02534956,DUD_er_agonist_D_1430,Cc1cc(N)nn1COc1ccc(C(C)(C)C)cc1,0
ZINC02534972,DUD_er_agonist_D_1431,Cc1cc(N)nn1COc1ccc2c(c1)CCC2,0
ZINC02535329,DUD_er_agonist_D_1432,CC1=CC[C@H](C(=O)/C=C\[n+]2cc(Cl)ccc2N)C(C)=C1,0
ZINC02535865,DUD_er_agonist_D_1433,C[C@@]12CC[C@](O)(C#Cc3ccccc3)[C@@]1(C)CCC2=O,0
ZINC02541427,DUD_er_agonist_D_1434,CCOC(=O)c1cc(-c2ccc(OC)cc2)sc1N,0
ZINC02541465,DUD_er_agonist_D_1435,CC(C)(C)OC(=O)Nc1cccc2[nH]cc(C=O)c12,0
ZINC02543369,DUD_er_agonist_D_1436,CC1(C)C=C(Nc2cccc3cccnc23)CC(=O)C1,0
ZINC02543468,DUD_er_agonist_D_1437,CC[C@H]1Nc2ccccc2NC2=CC(C)(C)CC(=O)[C@H]21,0
ZINC02545374,DUD_er_agonist_D_1438,COC(=O)N[C@@H](Cc1c[nH]c2ccccc12)C(=O)OC,0
ZINC02546668,DUD_er_agonist_D_1439,C=C1NN=C2CCCCCN2[C@H]1c1ccc([N+](=O)[O-])cc1,0
ZINC02549466,DUD_er_agonist_D_1440,Cc1cc(C)c(C)c(Oc2cc(N)cc([N+](=O)[O-])c2)c1,0
ZINC02550132,DUD_er_agonist_D_1441,CC(C)(C)C1CCC2(CC1)NC(=O)c1ccccc1N2,0
ZINC02550491,DUD_er_agonist_D_1442,COc1ccc([C@@H]2NC(=O)NC3=CC(C)(C)CC(=O)[C@@H]32)cc1,0
ZINC02558495,DUD_er_agonist_D_1443,Nc1sc2c(c1C(=O)NCc1ccccc1)CCC2,0
ZINC02558500,DUD_er_agonist_D_1444,Cc1ccc(CNC(=O)c2c(N)sc3c2CCC3)cc1,0
ZINC02558512,DUD_er_agonist_D_1445,Nc1sc2c(c1C(=O)Nc1ccccc1)CCCCCC2,0
ZINC02558527,DUD_er_agonist_D_1446,C[C@H]1CCc2c(sc(N)c2C(=O)NCc2ccco2)C1,0
ZINC02558529,DUD_er_agonist_D_1447,CC[C@@H]1CCc2c(sc(N)c2C(=O)NCc2ccco2)C1,0
ZINC02558530,DUD_er_agonist_D_1448,Nc1sc2c(c1C(=O)NCc1ccco1)CCCCC2,0
ZINC02558531,DUD_er_agonist_D_1449,Nc1sc2c(c1C(=O)NCc1ccco1)CCCCCC2,0
ZINC02561669,DUD_er_agonist_D_1450,Cc1cc2c(n1-c1ccc(N)cc1)CC(C)(C)CC2=O,0
ZINC02561986,DUD_er_agonist_D_1451,Cc1cc(C2=CC3=C(C[C@@H](C)CC3=O)NN2)ccc1Cl,0
ZINC02562057,DUD_er_agonist_D_1452,Cc1cc(Oc2cccc3c2OC(C)(C)C3)nc(N)n1,0
ZINC02567739,DUD_er_agonist_D_1453,CC(C)(C)OC(=O)N[C@H](C=O)Cc1c[nH]c2ccccc12,0
ZINC02569321,DUD_er_agonist_D_1454,O=C1N[C@@](O)(SC2CCCCC2)c2ccccc21,0
ZINC02573410,DUD_er_agonist_D_1455,COc1ccccc1NC(=O)c1c(N)sc2c1CCCC2,0
ZINC02573673,DUD_er_agonist_D_1456,CC1(C)C[C@@](C)(c2ccc(O)cc2)c2cc(O)ccc21,0
ZINC02575559,DUD_er_agonist_D_1457,CCOC(=O)c1c(SC)nn(-c2ccccc2)c1N,0
ZINC02576980,DUD_er_agonist_D_1458,Oc1ccc2c(c1-c1c(O)ccc3c1CCCC3)CCCC2,0
ZINC02578733,DUD_er_agonist_D_1459,COc1cc2c(cc1OC)[C@@H](C)OC(c1ccc(O)cc1)=C2,0
ZINC02580949,DUD_er_agonist_D_1460,OCCCC1(c2cccc3ccccc23)SCCCS1,0
ZINC02581494,DUD_er_agonist_D_1461,Nc1sc2c(c1C(=O)NCc1ccco1)CCCC2,0
ZINC02584871,DUD_er_agonist_D_1462,CC[C@H](C)c1ccc(-c2c(C)sc(N)c2C#N)cc1,0
ZINC02584877,DUD_er_agonist_D_1463,Cc1sc(N)c(C(N)=O)c1-c1ccc(CC(C)C)cc1,0
ZINC02584887,DUD_er_agonist_D_1464,CC(C)(C)c1ccc(-c2csc(N)c2C(N)=O)cc1,0
ZINC02590937,DUD_er_agonist_D_1465,O=C(/N=c1/[nH]c2ccccc2s1)NC1CCCCC1,0
ZINC02593207,DUD_er_agonist_D_1466,NC(=O)c1cc2ccccc2o/c1=N/C1CCCCC1,0
ZINC02597429,DUD_er_agonist_D_1467,CCCCc1ccc(-c2csc(N)c2C(N)=O)cc1,0
ZINC02597436,DUD_er_agonist_D_1468,Cc1sc(N)c(C(N)=O)c1-c1ccc(C(C)C)cc1,0
ZINC02606577,DUD_er_agonist_D_1469,CCCCc1ccc(Nc2nc(C)cc(O)n2)cc1,0
ZINC02627803,DUD_er_agonist_D_1470,Cc1c(-c2ccccc2)sc(N)c1C(=O)N1CCCCC1,0
ZINC02628036,DUD_er_agonist_D_1471,c1ccc2c(-c3csc(NC4CCCC4)n3)c[nH]c2c1,0
ZINC02628040,DUD_er_agonist_D_1472,COCCNc1nc(-c2c[nH]c3ccccc23)cs1,0
ZINC02630798,DUD_er_agonist_D_1473,O=C(NCC1CCCCC1)c1ccc2ncsc2c1,0
ZINC02641117,DUD_er_agonist_D_1474,Cc1c(C)c(O)c(Cc2nc3ccccc3s2)c(C)c1O,0
ZINC02645085,DUD_er_agonist_D_1475,Cc1ccc(CN2C(=O)N[C@@H](c3ccc(F)cc3)C2=O)cc1,0
ZINC02645358,DUD_er_agonist_D_1476,Cc1ccc(C)c(NC(=S)N(C)c2ccc(O)cc2)c1,0
ZINC02650600,DUD_er_agonist_D_1477,Cc1ccc(F)cc1NC(=O)[C@@]12C[C@@H]3C[C@@H](C[C@@](O)(C3)C1)C2,0
ZINC02651581,DUD_er_agonist_D_1478,CC(=O)c1c(C)[nH]c(C(=O)NCc2ccccc2F)c1C,0
ZINC02659985,DUD_er_agonist_D_1479,CSc1cccc(-n2c(C)cc(C(N)=O)c2C)c1,0
ZINC02660376,DUD_er_agonist_D_1480,CC1=CC(NNC(=O)c2cc3c(s2)CCCC3)=CC1,0
ZINC02665136,DUD_er_agonist_D_1481,C1=C(c2ccc3c(c2)OCCO3)NN=C(NC2CC2)S1,0
ZINC02685704,DUD_er_agonist_D_1482,Clc1nnc(NNC2=CCCCC2)c2ccccc12,0
ZINC02685706,DUD_er_agonist_D_1483,C=C(CC(C)C)NNc1nnc(Cl)c2ccccc12,0
ZINC02685796,DUD_er_agonist_D_1484,O=C(N/N=C\c1ccccc1)c1[nH]nc2c1CCCC2,0
ZINC02689941,DUD_er_agonist_D_1485,CCCCC[C@H]1C(=O)NC(=S)N(c2ccccc2)C1=O,0
ZINC02689943,DUD_er_agonist_D_1486,CCCCC[C@H]1C(=O)NC(=S)N(c2ccccc2)C1=O,0
ZINC02701585,DUD_er_agonist_D_1487,CN1C(=O)N[C@@H](c2ccc(O)cc2)C2=C1CC(C)(C)CC2=O,0
ZINC02720594,DUD_er_agonist_D_1488,CCCCSc1nc2c([nH]c3ccccc32)c(=O)n1C,0
ZINC02720595,DUD_er_agonist_D_1489,CC[C@@H](C)Sc1nc2c([nH]c3ccccc32)c(=O)n1C,0
ZINC02720596,DUD_er_agonist_D_1490,CC[C@H](C)Sc1nc2c([nH]c3ccccc32)c(=O)n1C,0
ZINC02729603,DUD_er_agonist_D_1491,CC[C@@H]1CC=C(NNC(=O)c2ccc(F)cc2)CC1,0
ZINC02730552,DUD_er_agonist_D_1492,CC(C)c1cc2c(s1)N[C@@H](c1ccccc1)NC2=O,0
ZINC02730553,DUD_er_agonist_D_1493,CC(C)c1cc2c(s1)N[C@@H](c1ccccc1)NC2=O,0
ZINC02737933,DUD_er_agonist_D_1494,CCCc1cc2c(s1)N[C@H](c1ccccc1)NC2=O,0
ZINC02737934,DUD_er_agonist_D_1495,CCCc1cc2c(s1)N[C@@H](c1ccccc1)NC2=O,0
ZINC02737954,DUD_er_agonist_D_1496,Cc1ccc([C@H]2NC(=O)c3cc(C(C)C)sc3N2)cc1,0
ZINC02738012,DUD_er_agonist_D_1497,CCCc1cc2c(s1)N[C@@H](c1ccc(C)cc1)NC2=O,0
ZINC02738013,DUD_er_agonist_D_1498,CCCc1cc2c(s1)N[C@H](c1ccc(C)cc1)NC2=O,0
ZINC02739080,DUD_er_agonist_D_1499,Cc1ccc(C(=O)NNC2=C3CC=C[C@@H]3C2)cc1C,0
ZINC02741472,DUD_er_agonist_D_1500,Cc1n[nH]c(C)c1/N=C/c1c(O)ccc2ccccc12,0
ZINC02742536,DUD_er_agonist_D_1501,CC[C@H]1CC=C(NNC(=O)c2ccccc2Cl)CC1,0
ZINC02743869,DUD_er_agonist_D_1502,CC(C)c1cc(C(=O)N/N=C\c2ccc[nH]2)cs1,0
ZINC02746880,DUD_er_agonist_D_1503,CC(NNC(=O)c1cc2ccccc2cc1O)=C1CC1,0
ZINC02748690,DUD_er_agonist_D_1504,O=C(NN/C=C1\CC=CCC1)c1ccccc1Br,0
ZINC02750522,DUD_er_agonist_D_1505,C[C@H]1C=C(NNC(=O)c2cc(Cl)ccc2O)CCC1,0
ZINC02750523,DUD_er_agonist_D_1506,C[C@@H]1C=C(NNC(=O)c2cc(Cl)ccc2O)CCC1,0
ZINC02753858,DUD_er_agonist_D_1507,C[C@@H]1CCCC=C1NNC(=O)c1ccccc1Cl,0
ZINC02753859,DUD_er_agonist_D_1508,C[C@H]1CCCC=C1NNC(=O)c1ccccc1Cl,0
ZINC02754011,DUD_er_agonist_D_1509,C=C(NNC(=O)C1CCCCC1)c1ccc(F)cc1,0
ZINC02755323,DUD_er_agonist_D_1510,O=C(NN/C=C1/C[C@@H]2C=C[C@H]1C2)c1ccccc1F,0
ZINC02755350,DUD_er_agonist_D_1511,C=C(NNC(=O)c1ccoc1C)c1ccc(CC)s1,0
ZINC02760792,DUD_er_agonist_D_1512,CCc1c(C)sc(NC(=O)c2ccccc2F)c1C(N)=O,0
ZINC02763750,DUD_er_agonist_D_1513,Cc1cccc(C(C)C)c1NC(=O)c1n[nH]cc1Cl,0
ZINC02764567,DUD_er_agonist_D_1514,NC(=O)c1ccccc1NC(=O)c1csc2c1CCCC2,0
ZINC02767146,DUD_er_agonist_D_1515,CC(C)=C(NNC(=O)c1ccccc1Cl)C(C)C,0
ZINC02777395,DUD_er_agonist_D_1516,C=C(NNC(=O)c1ccccc1Cl)c1cc(C)oc1C,0
ZINC02777400,DUD_er_agonist_D_1517,C=C(NNC(=O)c1cccs1)c1cc(C)oc1C,0
ZINC02782960,DUD_er_agonist_D_1518,C/C=C(/NNC(=O)c1cccs1)c1ccc(C)o1,0
ZINC02783103,DUD_er_agonist_D_1519,C=C(NNC(=O)c1ccccc1O)c1cc(C)oc1C,0
ZINC02785278,DUD_er_agonist_D_1520,C[C@@H]1CCc2c(C(=O)N/N=C\c3ccoc3)csc2C1,0
ZINC02789187,DUD_er_agonist_D_1521,CC(=O)Nc1scc(-c2ccc(C)cc2C)c1C(N)=O,0
ZINC02790570,DUD_er_agonist_D_1522,Cc1ccc(NC(=O)Cc2ccc([N+](=O)[O-])cc2)c(C)c1,0
ZINC02790608,DUD_er_agonist_D_1523,C[C@H]1CCCC=C1NNC(=O)c1ccccc1O,0
ZINC02790609,DUD_er_agonist_D_1524,C[C@H]1CCCC=C1NNC(=O)c1ccccc1O,0
ZINC02790623,DUD_er_agonist_D_1525,O=C(NNC1=CCCCC1)c1cccc2ccccc12,0
ZINC02790737,DUD_er_agonist_D_1526,O=C(NNC1=CCCCCC1)c1ccc(Cl)cc1,0
ZINC02796081,DUD_er_agonist_D_1527,C=C(NNC(=O)c1cccc(C)c1)c1ccc(C)s1,0
ZINC02806599,DUD_er_agonist_D_1528,Cc1ccc(NC(=S)NC(=O)c2ccn(C)n2)cc1,0
ZINC02811176,DUD_er_agonist_D_1529,C=C(CCCC)NNC(=O)c1cccc(Br)c1,0
ZINC02813806,DUD_er_agonist_D_1530,Cc1cccc(OCCSc2cc(C)nc(N)n2)c1,0
ZINC02818370,DUD_er_agonist_D_1531,Cc1ccc(OCCSc2cc(C)nc(N)n2)cc1,0
ZINC02819819,DUD_er_agonist_D_1532,Cc1[nH]c2ccccc2c1C=C1C(=O)N(C)C(=O)N(C)C1=O,0
ZINC02833281,DUD_er_agonist_D_1533,Cc1ccc(-c2nc(N)c3c4c(sc3n2)CCCC4)cc1,0
ZINC02843193,DUD_er_agonist_D_1534,Nc1cccc2c(NC(=O)[C@H]3CC34CCC4)cccc12,0
ZINC02843196,DUD_er_agonist_D_1535,Nc1cccc2c(NC(=O)[C@H]3CC34CCC4)cccc12,0
ZINC02854968,DUD_er_agonist_D_1536,C=C(CC(=O)c1ccc(C)o1)Nc1cc(C)ccc1O,0
ZINC02865841,DUD_er_agonist_D_1537,CCCCOc1ccc2c(c1)C(=O)c1cc(O)ccc1-2,0
ZINC02875050,DUD_er_agonist_D_1538,Cc1ccc(C(=O)Nc2c(C)cccc2C)cc1[N+](=O)[O-],0
ZINC02877819,DUD_er_agonist_D_1539,O=C(NCCCCO)c1ccc2c3c(cccc13)CC2,0
ZINC02879866,DUD_er_agonist_D_1540,Cc1ccc(SCC(=O)Nc2cc(C)ccc2O)cc1,0
ZINC02883628,DUD_er_agonist_D_1541,CC(C)[C@@H]1Nc2c([O-])cc(Cl)c([N+](=O)[O-])c2[C@H]2C=CC[C@@H]21,0
ZINC02887707,DUD_er_agonist_D_1542,CNC(=S)Nc1ccc(Oc2ccccc2OC)cc1,0
ZINC02889052,DUD_er_agonist_D_1543,Cc1ccc(-c2csc3ncnc(NCCO)c23)cc1C,0
ZINC02891262,DUD_er_agonist_D_1544,O=C(NNC1=CCCCC1)c1ccc(Cl)cc1O,0
ZINC02891271,DUD_er_agonist_D_1545,C=C(CC(C)C)NNC(=O)c1ccc(Cl)cc1O,0
ZINC02892001,DUD_er_agonist_D_1546,CC(C)CNC(=S)NC(=O)c1cccc([N+](=O)[O-])c1,0
ZINC02903255,DUD_er_agonist_D_1547,Cc1nc(NC(=O)c2ccccc2O)sc1C(C)C,0
ZINC02904129,DUD_er_agonist_D_1548,C=CCN1C(=O)/C(=C\c2ccc(CC)cc2)C(=O)NC1=S,0
ZINC02916128,DUD_er_agonist_D_1549,COC(=O)C[n+]1c2n(c3ccccc31)C[C@H](O)CS2,0
ZINC02916614,DUD_er_agonist_D_1550,CCOC(=O)C[n+]1c2n(c3ccccc31)C[C@@H](O)CS2,0
ZINC02916615,DUD_er_agonist_D_1551,CCOC(=O)C[n+]1c2n(c3ccccc31)C[C@H](O)CS2,0
ZINC02918209,DUD_er_agonist_D_1552,CCc1cc2c(=O)c(-c3ccccc3)c(C)oc2cc1O,0
ZINC02939083,DUD_er_agonist_D_1553,COc1ccc(/C=C2\C(=O)Nc3ccc(C)cc32)cc1OC,0
ZINC02950611,DUD_er_agonist_D_1554,COc1ccc2[nH]c3nc4cc(C)c(C)cc4nc3c2c1,0
ZINC02999401,DUD_er_agonist_D_1555,COc1ccc(-c2c(C)oc3c(C)c(O)ccc3c2=O)cc1,0
ZINC03016439,DUD_er_agonist_D_1556,Cc1nn(C)c(/C=C/Nc2ccc(F)cc2)c1[N+](=O)[O-],0
ZINC03030641,DUD_er_agonist_D_1557,O=c1[nH]c(SCc2ccccc2F)nc2c1CCCC2,0
ZINC03030641,DUD_er_agonist_D_1558,Oc1nc(SCc2ccccc2F)nc2c1CCCC2,0
ZINC03030641,DUD_er_agonist_D_1559,Oc1nc(SCc2ccccc2F)nc2c1CCCC2,0
ZINC03033062,DUD_er_agonist_D_1560,CC(C)(C)c1ccccc1Oc1ccccc1NC=O,0
ZINC03043061,DUD_er_agonist_D_1561,C=CCNc1cc(C)c(C#N)c2[nH]c3ccccc3[n+]12,0
ZINC03043069,DUD_er_agonist_D_1562,CN(CCO)c1c2c(c(C#N)c3[nH]c4ccccc4[n+]13)CCC2,0
ZINC03057133,DUD_er_agonist_D_1563,CCOc1ccc(-c2c(C#N)c(N)[nH+]c3c2CCC3)cc1,0
ZINC03061497,DUD_er_agonist_D_1564,CC1=C[C@](O)(C(C)(C)C)N(C(=O)c2ccccc2O)N1,0
ZINC03070606,DUD_er_agonist_D_1565,O=C(NC(=S)NC1CCCC1)c1ccc([N+](=O)[O-])cc1,0
ZINC03073069,DUD_er_agonist_D_1566,CCOc1ccc(-c2cc(C)[nH+]c(N)c2C#N)cc1,0
ZINC03075209,DUD_er_agonist_D_1567,O=C(NNC=C1CCCCC1)c1ccc(Br)cc1,0
ZINC03075213,DUD_er_agonist_D_1568,O=C(NNC=C1CCCCC1)c1ccccc1O,0
ZINC03078614,DUD_er_agonist_D_1569,CCCc1sc(NC(=O)c2ccccc2O)nc1C,0
ZINC03084404,DUD_er_agonist_D_1570,O=C(NN/C=C1/C[C@H]2C=C[C@@H]1C2)c1ccc(Cl)cc1,0
ZINC03093817,DUD_er_agonist_D_1571,O=C(NC1CCCCCCC1)c1cccc([N+](=O)[O-])c1,0
ZINC03101851,DUD_er_agonist_D_1572,CC(C)(C)c1csc(Nc2ccc3cccc(O)c3n2)n1,0
ZINC03102059,DUD_er_agonist_D_1573,Cc1nc(NC(=O)c2ccccc2)sc1C(C)(C)C,0
ZINC03110836,DUD_er_agonist_D_1574,O=C(NC[C@@H]1C[C@H]2C=C[C@@H]1C2)c1ccccc1[N+](=O)[O-],0
ZINC03124536,DUD_er_agonist_D_1575,CCCCNC(=S)Nc1nc2ccccc2s1,0
ZINC03145349,DUD_er_agonist_D_1576,C=C(CC(C)C)NNC(=O)c1ccc(Br)cc1,0
ZINC03151515,DUD_er_agonist_D_1577,Cc1ccccc1-c1nc2sc3c(c2c(=O)n1N)CCCC3,0
ZINC03152757,DUD_er_agonist_D_1578,Cc1ccc(NC(=O)C[n+]2ccccc2C)cc1[N+](=O)[O-],0
ZINC03156920,DUD_er_agonist_D_1579,N#Cc1c(N)[nH+]c2c(c1-c1cccc(F)c1)CCCC2,0
ZINC03157856,DUD_er_agonist_D_1580,Oc1ccccc1C1=NNC2(CCCCCCC2)S1,0
ZINC03158100,DUD_er_agonist_D_1581,O=C(NN/C=C1\C[C@@H]2CC[C@@H]1C2)c1ccc(Cl)cc1,0
ZINC03164452,DUD_er_agonist_D_1582,Cc1[nH]c2ccccc2c1/C=N\NC1=[NH+]CCCCC1,0
ZINC03165963,DUD_er_agonist_D_1583,COc1ccc([C@@H](C[N+](=O)[O-])c2c(C)[nH]c3ccccc23)cc1,0
ZINC03166448,DUD_er_agonist_D_1584,CC1(C)[C@H]2CC[C@]1(C)c1c2c(CO)nn1-c1ccccc1,0
ZINC03166450,DUD_er_agonist_D_1585,CC1(C)[C@@H]2CC[C@@]1(C)c1c2c(CO)nn1-c1ccccc1,0
ZINC03178797,DUD_er_agonist_D_1586,C(=N\NC1=[NH+]CCCCC1)\c1c[nH]c2ccccc12,0
ZINC03182193,DUD_er_agonist_D_1587,Cc1cc(O)c(C(C)C)cc1NC(=O)c1ccco1,0
ZINC03182484,DUD_er_agonist_D_1588,C1=C(NNc2nc3ccccc3s2)CCCCC1,0
ZINC03185136,DUD_er_agonist_D_1589,CC(C)CCOc1ccc([C@@]2(C)CC(=O)NC2=O)cc1,0
ZINC03185350,DUD_er_agonist_D_1590,CCOc1ccc2nc(-c3ccc(N)cc3)sc2c1,0
ZINC03188821,DUD_er_agonist_D_1591,CC(C)(C)c1ccc(/N=C2/C(=O)Nc3ccccc32)cc1,0
ZINC03189156,DUD_er_agonist_D_1592,C1=C(Nc2nc(Nc3ccccc3)cs2)CCCC1,0
ZINC03194076,DUD_er_agonist_D_1593,O=C(Nc1ccc(F)c([N+](=O)[O-])c1)[C@@H]1C[C@H]1c1ccccc1,0
ZINC03194246,DUD_er_agonist_D_1594,CCOC(=O)C1=C(C)N=C(O)N[C@@H]1c1ccc(O)cc1,0
ZINC03194249,DUD_er_agonist_D_1595,CCOC(=O)C1=C(C)N=C(O)N[C@@H]1c1ccc(O)cc1,0
ZINC03194363,DUD_er_agonist_D_1596,C[C@H]1C=C(NNC(=O)c2cccc(Br)c2)CCC1,0
ZINC03196581,DUD_er_agonist_D_1597,CC(=O)Nc1c(C)n(-c2ccccc2)c2cc(O)ccc12,0
ZINC03198588,DUD_er_agonist_D_1598,Cc1ccc(-c2c(O)on[n+]2-c2ccc(C)cc2)cc1,0
ZINC03198657,DUD_er_agonist_D_1599,Cc1ccc(-n2nc(O)n[n+]2-c2ccc(C)cc2)cc1,0
ZINC03199353,DUD_er_agonist_D_1600,COc1ccc(-c2nsc(O)c2-c2ccc(OC)cc2)cc1,0
ZINC03199964,DUD_er_agonist_D_1601,Cc1ccc(-c2ccc(C)c([N+](=O)[O-])c2C)c(C)c1N,0
ZINC03201406,DUD_er_agonist_D_1602,CC1(C)[C@H]2C=C(NO)[C@@](C)(/[N+]([O-])=C/c3ccccc3F)C[C@@H]21,0
ZINC03201888,DUD_er_agonist_D_1603,Cc1cc(/C=C2/C(=O)Nc3ccccc32)c(C)n1C1CC1,0
ZINC03205476,DUD_er_agonist_D_1604,Nc1ccc(Oc2ncnc3sc4c(c23)CCCC4)cc1,0
ZINC03209521,DUD_er_agonist_D_1605,Cc1cc(N)n(-c2ncnc3sc4c(c23)CC[C@@H](C)C4)n1,0
ZINC03209699,DUD_er_agonist_D_1606,CC(C)c1ccc2c(c1)[C@](O)(C(C)C)c1ccccc1C2=O,0
ZINC03213384,DUD_er_agonist_D_1607,CCCCCN1CC(=O)C(c2ccccc2)=C1N,0
ZINC03218569,DUD_er_agonist_D_1608,O=[N+]([O-])c1ccc(/C(O)=N/c2nc3c(s2)CCCC3)cc1,0
ZINC03220572,DUD_er_agonist_D_1609,C[C@]12CC3(O)CC(C(=O)c4ccccc4)(C1)C[C@](C)(C3)C2,0
ZINC03227931,DUD_er_agonist_D_1610,CCCCNC(=S)Nc1cc([N+](=O)[O-])ccc1C,0
ZINC03230700,DUD_er_agonist_D_1611,Nc1scc[n+]1CC(=O)N1CCCc2ccccc21,0
ZINC03231603,DUD_er_agonist_D_1612,O=[N+]([O-])c1cc(NC(=S)NC2CCCCC2)ccc1F,0
ZINC03233024,DUD_er_agonist_D_1613,C[C@H]1CC(NNC(=O)c2ccccc2O)=CC(C)(C)C1,0
ZINC03233025,DUD_er_agonist_D_1614,C[C@H]1CC(NNC(=O)c2ccccc2O)=CC(C)(C)C1,0
ZINC03233620,DUD_er_agonist_D_1615,C[C@H]1C=C(NNc2nc3ccccc3s2)CCC1,0
ZINC03233621,DUD_er_agonist_D_1616,C[C@H]1C=C(NNc2nc3ccccc3s2)CCC1,0
ZINC03233624,DUD_er_agonist_D_1617,C=C(CCC(C)C)NNC(=O)c1ccccc1Cl,0
ZINC03233625,DUD_er_agonist_D_1618,C[C@@H]1C=C(NNC(=O)c2ccccc2Br)CCC1,0
ZINC03233626,DUD_er_agonist_D_1619,C[C@@H]1C=C(NNC(=O)c2ccccc2Br)CCC1,0
ZINC03233630,DUD_er_agonist_D_1620,C=C(CCCC)NNC(=O)c1ccccc1Br,0
ZINC03233702,DUD_er_agonist_D_1621,C[C@@H]1C=C(NNC(=O)c2ccc(Cl)cc2)CCC1,0
ZINC03233703,DUD_er_agonist_D_1622,C[C@H]1C=C(NNC(=O)c2ccc(Cl)cc2)CCC1,0
ZINC03236879,DUD_er_agonist_D_1623,CC(=O)c1c(-c2nc3ccccc3s2)c(N)n(C)c1O,0
ZINC03239531,DUD_er_agonist_D_1624,C[C@@H]1CC(NNC(=O)c2ccccc2)=CC(C)(C)C1,0
ZINC03239532,DUD_er_agonist_D_1625,C[C@@H]1CC(NNC(=O)c2ccccc2)=CC(C)(C)C1,0
ZINC03241272,DUD_er_agonist_D_1626,C[C@@H]1CC(NNc2cccc([N+](=O)[O-])c2)=CC(C)(C)C1,0
ZINC03241273,DUD_er_agonist_D_1627,C[C@H]1CC(NNc2cccc([N+](=O)[O-])c2)=CC(C)(C)C1,0
ZINC03243823,DUD_er_agonist_D_1628,CC(C)(C)[C@H]1CC=C(NNc2cccc([N+](=O)[O-])c2)CC1,0
ZINC03243939,DUD_er_agonist_D_1629,C=C(NNC(=O)OC)c1ccc2ccccc2c1OC(F)F,0
ZINC03246319,DUD_er_agonist_D_1630,Cc1ccc(/C=N\c2sc3c(c2C(N)=O)CCC3)s1,0
ZINC03249699,DUD_er_agonist_D_1631,CC(C)(C)c1ccc(Cc2n[nH]c(=S)[nH]c2=O)cc1,0
ZINC03250408,DUD_er_agonist_D_1632,C=CCNC1=NNC(c2ccc(OC)cc2)=CS1,0
ZINC03250410,DUD_er_agonist_D_1633,COc1ccc(C2=CSC(NC3CC3)=NN2)cc1,0
ZINC03253049,DUD_er_agonist_D_1634,C[C@@H]1CCCC=C1NNC(=O)c1ccc(Br)cc1,0
ZINC03253052,DUD_er_agonist_D_1635,C[C@H]1CCCC=C1NNC(=O)c1ccc(Br)cc1,0
ZINC03257738,DUD_er_agonist_D_1636,O=C1NC2(CCCCCC2)C(=O)N1Cc1ccccc1Cl,0
ZINC03257891,DUD_er_agonist_D_1637,C=C(NNC(C)=O)c1ccc2ccccc2c1OC(F)F,0
ZINC03261355,DUD_er_agonist_D_1638,CCCCNC(=S)Nc1cccc2cnccc12,0
ZINC03262357,DUD_er_agonist_D_1639,COC(=O)NNC(=C1CCCCC1)c1ccccc1,0
ZINC03265816,DUD_er_agonist_D_1640,C[C@H]1CCCC=C1NNC(=O)c1ccccc1Br,0
ZINC03265819,DUD_er_agonist_D_1641,C[C@@H]1CCCC=C1NNC(=O)c1ccccc1Br,0
ZINC03268059,DUD_er_agonist_D_1642,CCOC(=O)C1=C(CC)Nc2ccccc2N=C1N,0
ZINC03268080,DUD_er_agonist_D_1643,Cc1ccc(-c2nc(N)oc2-c2ccc(C)cc2)cc1,0
ZINC03270427,DUD_er_agonist_D_1644,C=C(NNC(=O)OC(C)(C)C)c1ccccc1Br,0
ZINC03270568,DUD_er_agonist_D_1645,CC1(C)[C@H]2CC=C(/C=N\Nc3cccc([N+](=O)[O-])c3)[C@H]1C2,0
ZINC03273246,DUD_er_agonist_D_1646,Cc1ccc(-c2csc(/C=C3/NC(=O)CS3)n2)cc1,0
ZINC03274387,DUD_er_agonist_D_1647,CN(C(=S)NC1CCCCC1)c1ccc(O)cc1,0
ZINC03280829,DUD_er_agonist_D_1648,COc1ccc(-c2nc(N)oc2-c2ccc(OC)cc2)cc1,0
ZINC03288034,DUD_er_agonist_D_1649,C=C(NNC(=O)OC(C)(C)C)c1ccccc1Cl,0
ZINC03289680,DUD_er_agonist_D_1650,Cc1ccc([C@H](C[N+](=O)[O-])c2c[nH]c3ccccc23)o1,0
ZINC03292822,DUD_er_agonist_D_1651,CN(C(=S)NC(=O)C1CCCCC1)c1ccc(O)cc1,0
ZINC03300932,DUD_er_agonist_D_1652,CCc1n[n+](CC(=O)c2c[nH]c3ccccc23)c(N)s1,0
ZINC03304260,DUD_er_agonist_D_1653,C[C@@H]1CC(NNC(=O)c2ccccc2F)=CC(C)(C)C1,0
ZINC03304263,DUD_er_agonist_D_1654,C[C@H]1CC(NNC(=O)c2ccccc2F)=CC(C)(C)C1,0
ZINC03305073,DUD_er_agonist_D_1655,O=C(NC(=S)Nc1ccccc1O)C1CCCCC1,0
ZINC03305074,DUD_er_agonist_D_1656,O=C(NC(=S)Nc1cccc(O)c1)C1CCCCC1,0
ZINC03305078,DUD_er_agonist_D_1657,O=C(NC(=S)Nc1ccccc1CO)C1CCCCC1,0
ZINC03305469,DUD_er_agonist_D_1658,O=C(NC(=S)Nc1cccc2c(O)cccc12)C1CC1,0
ZINC03311200,DUD_er_agonist_D_1659,CC1(C)[C@H]2CC=C(/C=N\NC(=O)c3ccc(O)cc3)[C@@H]1C2,0
ZINC03313643,DUD_er_agonist_D_1660,O=C1NC2(CCCCCC2)C(=O)N1Cc1ccccc1,0
ZINC03313978,DUD_er_agonist_D_1661,O=C(NC(=S)Nc1ccc(O)cc1)C1CCCC1,0
ZINC03318814,DUD_er_agonist_D_1662,O=C1NC2(CCCCCC2)C(=O)N1Cc1ccccc1F,0
ZINC03319694,DUD_er_agonist_D_1663,COc1cc(Cl)c(C)cc1NC(=O)c1ccccc1N,0
ZINC03322345,DUD_er_agonist_D_1664,COc1ccc(C2=CSC(NC(C)C)=NN2)cc1,0
ZINC03329605,DUD_er_agonist_D_1665,O=C1NC2(CCCC2)C(=O)N1CCOc1ccc(F)cc1,0
ZINC03330631,DUD_er_agonist_D_1666,CC(=O)c1c(C)[nH]c(C(=O)Nc2ccccc2Cl)c1C,0
ZINC03333669,DUD_er_agonist_D_1667,CC(C)(C)c1ccc(/N=C\c2cccc(O)c2O)cc1,0
ZINC03335616,DUD_er_agonist_D_1668,CC(C)(C)c1ccc(NS(=O)(=O)c2cccs2)cc1,0
ZINC03340227,DUD_er_agonist_D_1669,C=CCNC1=NNC(c2ccc3c(c2)OCCO3)=CS1,0
ZINC03340262,DUD_er_agonist_D_1670,Cc1ccc(C)c(/C=N/NC(=O)c2ccc(O)cc2)c1,0
ZINC03343072,DUD_er_agonist_D_1671,CC(C)(C)NC1=NNC(c2cc3ccccc3o2)=CS1,0
ZINC03345294,DUD_er_agonist_D_1672,Cc1cnc(NC(=O)c2ccc3[nH]c(C)c(C)c3c2)s1,0
ZINC03349880,DUD_er_agonist_D_1673,C1=C(c2c[nH]c3ccccc23)NN=C(NC2CC2)S1,0
ZINC03351615,DUD_er_agonist_D_1674,CC[C@H](C)Nc1nc(-c2c[nH]c3ccccc23)cs1,0
ZINC03351617,DUD_er_agonist_D_1675,CC[C@H](C)Nc1nc(-c2c[nH]c3ccccc23)cs1,0
ZINC03352358,DUD_er_agonist_D_1676,C[C@H]1CCCC[C@@H]1NC(=O)c1nnc(O)c2ccccc12,0
ZINC03352358,DUD_er_agonist_D_1677,C[C@H]1CCCC[C@H]1NC(=O)c1nnc(O)c2ccccc12,0
ZINC03352363,DUD_er_agonist_D_1678,C[C@@H]1CCCC[C@H]1NC(=O)c1nnc(O)c2ccccc12,0
ZINC03352363,DUD_er_agonist_D_1679,C[C@H]1CCCC[C@H]1NC(=O)c1nnc(O)c2ccccc12,0
ZINC03355399,DUD_er_agonist_D_1680,C[C@H]1CCCC[C@]12NC(=O)N(Cc1ccccc1F)C2=O,0
ZINC03355400,DUD_er_agonist_D_1681,C[C@H]1CCCC[C@@]12NC(=O)N(Cc1ccccc1F)C2=O,0
ZINC03355401,DUD_er_agonist_D_1682,C[C@@H]1CCCC[C@@]12NC(=O)N(Cc1ccccc1F)C2=O,0
ZINC03355404,DUD_er_agonist_D_1683,C[C@@H]1CCCC[C@@]12NC(=O)N(Cc1ccccc1F)C2=O,0
ZINC03356061,DUD_er_agonist_D_1684,Cc1ccc(C(=O)NNC2=C3C=CC[C@@H]3C2)c(C)c1,0
ZINC03362560,DUD_er_agonist_D_1685,O=C(NCc1ccco1)c1ccc2[nH]c3c(c2c1)CCCC3,0
ZINC03364389,DUD_er_agonist_D_1686,Cc1ccc(CNC(=O)c2ccc(O)c(Cl)c2)cc1,0
ZINC03372384,DUD_er_agonist_D_1687,O=[N+]([O-])c1cccc(NNC2=C3C[C@@H]4C[C@H](C3)C[C@H]2C4)c1,0
ZINC03379538,DUD_er_agonist_D_1688,Cc1[nH]c2ccccc2c1/C=N/NC(=O)C1CC1,0
ZINC03382325,DUD_er_agonist_D_1689,O=[N+]([O-])c1ccc(F)c(NC(=S)N[C@H]2C[C@H]3CC[C@H]2C3)c1,0
ZINC03388867,DUD_er_agonist_D_1690,Cc1ccc(/C=N/NC(=O)c2ccc(O)cc2)c(C)c1,0
ZINC03394127,DUD_er_agonist_D_1691,CCN(CC)C(=O)c1c(N)sc(-c2ccccc2)c1C,0
ZINC03396406,DUD_er_agonist_D_1692,O=C(N/N=C/c1c[nH]c2ccc(Br)cc12)C1CC1,0
ZINC03396901,DUD_er_agonist_D_1693,C[C@H]1CCCC[C@@]12NC(=O)N(Cc1ccccc1Cl)C2=O,0
ZINC03396904,DUD_er_agonist_D_1694,C[C@H]1CCCC[C@@]12NC(=O)N(Cc1ccccc1Cl)C2=O,0
ZINC03396907,DUD_er_agonist_D_1695,C[C@@H]1CCCC[C@]12NC(=O)N(Cc1ccccc1Cl)C2=O,0
ZINC03396910,DUD_er_agonist_D_1696,C[C@@H]1CCCC[C@]12NC(=O)N(Cc1ccccc1Cl)C2=O,0
ZINC03418718,DUD_er_agonist_D_1697,Cc1nc(Nc2cccc(O)c2)c2c3c(sc2n1)CCC3,0
ZINC03434681,DUD_er_agonist_D_1698,COc1ccc(C(=O)c2c(N)sc3c2CC[C@H](C)C3)cc1,0
ZINC03440753,DUD_er_agonist_D_1699,C[C@]1(C2CC2)NC(=O)N(CCOc2ccccc2F)C1=O,0
ZINC03440755,DUD_er_agonist_D_1700,C[C@]1(C2CC2)NC(=O)N(CCOc2ccccc2F)C1=O,0
ZINC03446655,DUD_er_agonist_D_1701,COC(=O)c1c(C)[nH]c(C(=O)NCc2ccco2)c1C,0
ZINC03452729,DUD_er_agonist_D_1702,Cc1ccc(NC(=O)c2ccc([N+](=O)[O-])c(C)c2)c(C)c1,0
ZINC03463306,DUD_er_agonist_D_1703,O=C1NC2(CCCCCCC2)C(=O)N1Cc1ccccc1F,0
ZINC03468792,DUD_er_agonist_D_1704,O=C(NNC1=CCCCCC1)c1ccc(Br)cc1,0
ZINC03468913,DUD_er_agonist_D_1705,C[C@@H]1CC(NNC(=O)c2ccc(F)cc2)=CC(C)(C)C1,0
ZINC03468921,DUD_er_agonist_D_1706,C[C@@H]1CC(NNC(=O)c2ccc(F)cc2)=CC(C)(C)C1,0
ZINC03471464,DUD_er_agonist_D_1707,Clc1ccc2c(NNC3=CCCCC3)ccnc2c1,0
ZINC03471543,DUD_er_agonist_D_1708,O=[N+]([O-])c1cccc(NNC2=CCCCCC2)c1,0
ZINC03473372,DUD_er_agonist_D_1709,CCc1cccc(NC(=O)c2cccc([N+](=O)[O-])c2C)c1,0
ZINC03476460,DUD_er_agonist_D_1710,C=C(NNC(=O)c1cc(C)oc1C)c1ccccc1F,0
ZINC03479014,DUD_er_agonist_D_1711,Cc1ccc(C)c(NC(=O)c2cccc([N+](=O)[O-])c2C)c1,0
ZINC03482000,DUD_er_agonist_D_1712,Cc1ccc(C(=O)Nc2cccc(C)c2C)cc1[N+](=O)[O-],0
ZINC03487539,DUD_er_agonist_D_1713,CC(C)C[C@H]1NC(=O)N(Cc2ccc(Cl)cc2)C1=O,0
ZINC03487542,DUD_er_agonist_D_1714,CC(C)C[C@H]1NC(=O)N(Cc2ccc(Cl)cc2)C1=O,0
ZINC03487565,DUD_er_agonist_D_1715,CC(C)C[C@@H]1NC(=O)N(Cc2ccccc2Cl)C1=O,0
ZINC03487567,DUD_er_agonist_D_1716,CC(C)C[C@@H]1NC(=O)N(Cc2ccccc2Cl)C1=O,0
ZINC03504111,DUD_er_agonist_D_1717,CCCCNC(=S)Nc1cccc2ncccc12,0
ZINC03505438,DUD_er_agonist_D_1718,O=C1NC2(CCCCC2)C(=O)N1Cc1ccccc1F,0
ZINC03505450,DUD_er_agonist_D_1719,O=C1NC2(CCCCC2)C(=O)N1Cc1ccccc1Cl,0
ZINC03526474,DUD_er_agonist_D_1720,CC(C)(C)OC(=O)N/N=C\c1cc(Br)ccc1O,0
ZINC03532440,DUD_er_agonist_D_1721,COc1cccc(C2=CSC(NC(C)C)=NN2)c1,0
ZINC03532447,DUD_er_agonist_D_1722,CCc1ccc(C2=CSC(NC3CC3)=NN2)cc1,0
ZINC03546588,DUD_er_agonist_D_1723,COC(=O)N/N=C\c1cc(C)n(Cc2ccco2)c1C,0
ZINC03546810,DUD_er_agonist_D_1724,C=C(NNC(=O)c1cc2c(s1)CCCC2)c1ccco1,0
ZINC03546824,DUD_er_agonist_D_1725,O=C(N/N=C/c1ccc[nH]1)c1cc2c(s1)CCCC2,0
ZINC03547621,DUD_er_agonist_D_1726,COc1cccc(C2=CSC(NC(C)(C)C)=NN2)c1,0
ZINC03547661,DUD_er_agonist_D_1727,CC(C)CNc1nc(-c2c[nH]c3ccccc23)cs1,0
ZINC03549771,DUD_er_agonist_D_1728,O=C(NCC1CCCCC1)c1ccc([N+](=O)[O-])cc1,0
ZINC03558988,DUD_er_agonist_D_1729,Cc1cc(F)ccc1NC(=O)c1ccc(C)c([N+](=O)[O-])c1,0
ZINC03559027,DUD_er_agonist_D_1730,Cc1cc(F)ccc1NC(=O)c1ccc([N+](=O)[O-])c(C)c1,0
ZINC03566417,DUD_er_agonist_D_1731,Cc1ccc(F)cc1NC(=O)c1cccc([N+](=O)[O-])c1C,0
ZINC03569979,DUD_er_agonist_D_1732,COc1ccc(Cl)cc1C(=O)Nc1ccc(C)cc1O,0
ZINC03572257,DUD_er_agonist_D_1733,O=C(NNC1=CCCCC1)c1ccccc1Br,0
ZINC03572281,DUD_er_agonist_D_1734,O=C(NNC=C1CCCCC1)c1ccccc1Br,0
ZINC03572943,DUD_er_agonist_D_1735,O=C1N[C@H](C2CCCCC2)C(=O)N1Cc1ccccc1F,0
ZINC03572944,DUD_er_agonist_D_1736,O=C1N[C@H](C2CCCCC2)C(=O)N1Cc1ccccc1F,0
ZINC03573684,DUD_er_agonist_D_1737,O=C(NN/C=C1/CC=CCC1)c1ccc(Cl)cc1,0
ZINC03573733,DUD_er_agonist_D_1738,O=C(NNC=C1CCCCC1)c1ccc(Cl)cc1,0
ZINC03574645,DUD_er_agonist_D_1739,CC(C)(C)OC(=O)N/N=C/c1ccc(O)c(Br)c1,0
ZINC03574662,DUD_er_agonist_D_1740,CC(C)(C)OC(=O)N/N=C\c1c(O)ccc2ccccc12,0
ZINC03574681,DUD_er_agonist_D_1741,C=C(NNC(=O)OC(C)(C)C)c1ccc(Cl)cc1,0
ZINC03574730,DUD_er_agonist_D_1742,CC(C)(C)OC(=O)NNC1=CCc2ccccc21,0
ZINC03580539,DUD_er_agonist_D_1743,Cc1cc(C)c(/C=N/NC(=O)c2cccc(O)c2)c(C)c1,0
ZINC03580562,DUD_er_agonist_D_1744,Cc1ccc(/C=N/NC(=O)c2cccc(O)c2)c(C)c1,0
ZINC03580564,DUD_er_agonist_D_1745,Cc1ccc(C)c(/C=N/NC(=O)c2cccc(O)c2)c1,0
ZINC03581786,DUD_er_agonist_D_1746,COc1cc(/C=C2\Cc3ccccc3C2=O)cc(Cl)c1O,0
ZINC03584608,DUD_er_agonist_D_1747,CCOc1ncccc1C(=O)Nc1cc(C)ccc1O,0
ZINC03585126,DUD_er_agonist_D_1748,CCCc1cc(=O)oc2cc(O)c3c(c12)OC(C)(C)C=C3,0
ZINC03588493,DUD_er_agonist_D_1749,CC(C)CCn1[nH]c(=[NH2+])c2nc3ccccc3nc21,0
ZINC03590134,DUD_er_agonist_D_1750,CCNC1=NC(=O)[C@@H]([C@@H](C)c2c[nH]c3ccccc23)S1,0
ZINC03590135,DUD_er_agonist_D_1751,C[C@H](c1c[nH]c2ccccc12)[C@H]1SC(N(C)C)=NC1=O,0
ZINC03591896,DUD_er_agonist_D_1752,COc1cccc(C2=CSC(NC3CC3)=NN2)c1,0
ZINC03597007,DUD_er_agonist_D_1753,CC(C)C[C@@H]1NC(=O)N(Cc2cccc3ccccc23)C1=O,0
ZINC03598522,DUD_er_agonist_D_1754,C#C[C@H](OC(N)=O)C1CCC(c2ccccc2)CC1,0
ZINC03600247,DUD_er_agonist_D_1755,C[C@H](O)c1ccc2c(c1)Sc1cc([C@@H](C)O)ccc1O2,0
ZINC03609376,DUD_er_agonist_D_1756,CCc1cccc2c(/C=N/NC(=O)OC)c[nH]c12,0
ZINC03609924,DUD_er_agonist_D_1757,Cc1ccc([C@H]2N=C(N)O[C@@H]3c4ccccc4C[C@@H]23)cc1,0
ZINC03610252,DUD_er_agonist_D_1758,CC1CCC2(CC1)NC(=O)N(Cc1ccccc1F)C2=O,0
ZINC03612965,DUD_er_agonist_D_1759,Cc1ccc(C(CO)(CO)c2ccc(C)cc2)cc1,0
ZINC03613804,DUD_er_agonist_D_1760,CCC[C@@]1(c2ccccc2)O[C@H](COC(N)=O)CS1,0
ZINC03616230,DUD_er_agonist_D_1761,COc1ccc2[nH]c(C)c/c(=N/c3ccccc3O)c2c1,0
ZINC03619635,DUD_er_agonist_D_1762,C=C(NNC(=O)c1ccoc1C)c1ccc(C)c(C)c1,0
ZINC03619722,DUD_er_agonist_D_1763,Cc1cc(C)c2c(c1)/C(=N\NC(=O)c1ccoc1C)C(O)=N2,0
ZINC03619825,DUD_er_agonist_D_1764,C=C(NNC(=O)c1cccs1)c1ccc(C)c(C)c1,0
ZINC03631036,DUD_er_agonist_D_1765,Cc1ccc(CCNc2[nH+]cccc2N)cc1C,0
ZINC03641076,DUD_er_agonist_D_1766,C=CC(C)(C)c1c2c(c(O)c3ccc(=O)oc13)C=CC(C)(C)O2,0
ZINC03643624,DUD_er_agonist_D_1767,CC1=C2c3cc(O)ccc3N[C@H]2C(C)=C2C=CN(C)C=C12,0
ZINC03646570,DUD_er_agonist_D_1768,CCCCC[C@]1(c2ccccc2)C(=O)NC(=O)N(C)C1=O,0
ZINC03648115,DUD_er_agonist_D_1769,CC(C)Nc1nc([C@@H](C)c2c(F)cccc2F)cc(=O)[nH]1,0
ZINC03648115,DUD_er_agonist_D_1770,CC(C)Nc1nc(=O)cc([C@H](C)c2c(F)cccc2F)[nH]1,0
ZINC03648115,DUD_er_agonist_D_1771,CC(C)Nc1nc(O)cc([C@@H](C)c2c(F)cccc2F)n1,0
ZINC03648119,DUD_er_agonist_D_1772,CCCNc1nc([C@@H](C)c2c(F)cccc2F)cc(=O)[nH]1,0
ZINC03648119,DUD_er_agonist_D_1773,CCCNc1nc(O)cc([C@@H](C)c2c(F)cccc2F)n1,0
ZINC03648119,DUD_er_agonist_D_1774,CCCNc1nc(=O)cc([C@@H](C)c2c(F)cccc2F)[nH]1,0
ZINC03648127,DUD_er_agonist_D_1775,CCCNc1nc(Cc2c(F)cccc2F)c(C)c(=O)[nH]1,0
ZINC03648127,DUD_er_agonist_D_1776,CCCNc1nc(=O)c(C)c(Cc2c(F)cccc2F)[nH]1,0
ZINC03648127,DUD_er_agonist_D_1777,CCCNc1nc(O)c(C)c(Cc2c(F)cccc2F)n1,0
ZINC03648136,DUD_er_agonist_D_1778,CC[C@H](C)Nc1nc(Cc2c(F)cccc2F)c(C)c(=O)[nH]1,0
ZINC03648136,DUD_er_agonist_D_1779,CC[C@@H](C)Nc1nc(=O)c(C)c(Cc2c(F)cccc2F)[nH]1,0
ZINC03648136,DUD_er_agonist_D_1780,CC[C@H](C)Nc1nc(O)c(C)c(Cc2c(F)cccc2F)n1,0
ZINC03648139,DUD_er_agonist_D_1781,Cc1c(Cc2c(F)cccc2F)nc(NC(C)C)[nH]c1=O,0
ZINC03648139,DUD_er_agonist_D_1782,Cc1c(Cc2c(F)cccc2F)[nH]c(NC(C)C)nc1=O,0
ZINC03648139,DUD_er_agonist_D_1783,Cc1c(O)nc(NC(C)C)nc1Cc1c(F)cccc1F,0
ZINC03648153,DUD_er_agonist_D_1784,CC(C)Nc1nc(Cc2c(F)cccc2F)cc(=O)[nH]1,0
ZINC03648153,DUD_er_agonist_D_1785,CC(C)Nc1nc(=O)cc(Cc2c(F)cccc2F)[nH]1,0
ZINC03648153,DUD_er_agonist_D_1786,CC(C)Nc1nc(O)cc(Cc2c(F)cccc2F)n1,0
ZINC03648155,DUD_er_agonist_D_1787,CCCNc1nc(Cc2c(F)cccc2F)cc(=O)[nH]1,0
ZINC03648155,DUD_er_agonist_D_1788,CCCNc1nc(=O)cc(Cc2c(F)cccc2F)[nH]1,0
ZINC03648155,DUD_er_agonist_D_1789,CCCNc1nc(O)cc(Cc2c(F)cccc2F)n1,0
ZINC03652769,DUD_er_agonist_D_1790,C[C@]12CCc3c(ccc4cc(N)ccc34)[C@@H]1CCC2=O,0
ZINC03661716,DUD_er_agonist_D_1791,ONC1=CCc2c1[nH]c1ccc(C3CCCCC3)cc21,0
ZINC03668721,DUD_er_agonist_D_1792,Cc1ccc(O)c(SC(C)(C)Sc2cc(C)ccc2O)c1,0
ZINC03695689,DUD_er_agonist_D_1793,CCc1nn(-c2ccc([N+](=O)[O-])cc2)c2c1CCCCN2,0
ZINC03698226,DUD_er_agonist_D_1794,CN(C)c1ccc(-c2[nH]nc3c2CCCCN3)cc1,0
ZINC03698250,DUD_er_agonist_D_1795,COc1ccc(Cc2n[nH]c3c2CCCCN3)cc1,0
ZINC03698273,DUD_er_agonist_D_1796,COc1cccc(OC)c1-c1n[nH]c2c1CCCCN2,0
ZINC03698280,DUD_er_agonist_D_1797,COc1ccccc1Cc1n[nH]c2c1CCCCN2,0
ZINC03698281,DUD_er_agonist_D_1798,COc1ccc(CCc2n[nH]c3c2CCCCN3)cc1,0
ZINC03698282,DUD_er_agonist_D_1799,COc1cccc(Cc2n[nH]c3c2CCCCN3)c1,0
ZINC03701017,DUD_er_agonist_D_1800,CCCc1nn(-c2ccc([N+](=O)[O-])cc2)c2c1CCN2,0
ZINC03701019,DUD_er_agonist_D_1801,CSCc1nn(-c2ccc([N+](=O)[O-])cc2)c2c1CCN2,0
ZINC03701028,DUD_er_agonist_D_1802,CC(C)(C)c1nn(-c2ccc([N+](=O)[O-])cc2)c2c1CCN2,0
ZINC03701034,DUD_er_agonist_D_1803,CC(C)Cc1nn(-c2ccc([N+](=O)[O-])cc2)c2c1CCN2,0
ZINC03701036,DUD_er_agonist_D_1804,CC(C)c1nn(-c2ccc([N+](=O)[O-])cc2)c2c1CCN2,0
ZINC03701869,DUD_er_agonist_D_1805,O=[N+]([O-])c1ccc(-n2nc(C3CCC3)c3c2NCC3)cc1,0
ZINC03704041,DUD_er_agonist_D_1806,COc1ccc(CCc2noc3c2CCCCN3)cc1,0
ZINC03704548,DUD_er_agonist_D_1807,CCOc1ccc(C(C)(C)C)cc1-c1cc(N)on1,0
ZINC03704559,DUD_er_agonist_D_1808,CCOc1ccc(-c2cc(N)on2)cc1C(C)(C)C,0
ZINC03704568,DUD_er_agonist_D_1809,CCOc1ccc([C@@H](C)CC)cc1-c1cc(N)on1,0
ZINC03704569,DUD_er_agonist_D_1810,CCOc1ccc([C@H](C)CC)cc1-c1cc(N)on1,0
ZINC03704574,DUD_er_agonist_D_1811,CCOc1ccc(-c2cc(N)on2)cc1[C@@H](C)CC,0
ZINC03704575,DUD_er_agonist_D_1812,CCOc1ccc(-c2cc(N)on2)cc1[C@@H](C)CC,0
ZINC03704590,DUD_er_agonist_D_1813,CCOc1ccc(C(C)(C)CC)cc1-c1cc(N)on1,0
ZINC03704661,DUD_er_agonist_D_1814,CCOc1cc(OCC)c2ccccc2c1-c1cc(N)on1,0
ZINC03705708,DUD_er_agonist_D_1815,CN(C)c1ccc(-c2nc(S)nc3c2CCN3)cc1,0
ZINC03706039,DUD_er_agonist_D_1816,CN(C)c1cccc(-c2nc(S)nc3c2CCN3)c1,0
ZINC03706060,DUD_er_agonist_D_1817,COc1ccc(CCc2nc(S)nc3c2CCN3)cc1,0
ZINC03706340,DUD_er_agonist_D_1818,CC(C)Cc1nn(-c2ccccc2C#N)c2c1CCN2,0
ZINC03711133,DUD_er_agonist_D_1819,COc1ccccc1-c1nc(S)nc2c1CCCCN2,0
ZINC03711154,DUD_er_agonist_D_1820,COc1ccc(-c2nc(S)nc3c2CCCCN3)cc1,0
ZINC03711229,DUD_er_agonist_D_1821,COc1cccc(-c2nc(S)nc3c2CCCCN3)c1,0
ZINC03711302,DUD_er_agonist_D_1822,CSc1ccccc1-c1nc(N)nc2c1CCCCN2,0
ZINC03711330,DUD_er_agonist_D_1823,O=c1nc2c(c(Cc3ccccc3Cl)[nH]1)CCCCN2,0
ZINC03711332,DUD_er_agonist_D_1824,Nc1nc(Cc2ccccc2Cl)c2c(n1)NCCCC2,0
ZINC03715970,DUD_er_agonist_D_1825,CCOc1ccc(-c2cc(N)[nH]n2)cc1C(C)(C)C,0
ZINC03778001,DUD_er_agonist_D_1826,C[C@H]1CCc2[nH+]c3c(c(N)c2C1=O)c1ccccc1n3C,0
ZINC03778005,DUD_er_agonist_D_1827,CCn1c2ccccc2c2c(N)c3c([nH+]c21)CCCC3=O,0
ZINC03778009,DUD_er_agonist_D_1828,Cn1c2ccccc2c2c(N)c3c([nH+]c21)CCC(C)(C)C3=O,0
ZINC03778012,DUD_er_agonist_D_1829,C#CC[C@@H]1CCc2[nH+]c3c(c(N)c2C1=O)c1ccccc1n3C,0
ZINC03779780,DUD_er_agonist_D_1830,COC(=O)c1c(C)[nH+]c2c(c1N)c1ccccc1n2C,0
ZINC03787862,DUD_er_agonist_D_1831,CC(C)c1[nH]nc(O)c1Cc1ccc2ccccc2c1,0
ZINC03796900,DUD_er_agonist_D_1832,C[NH+]1CC(c2c[nH]c3ccc(Cn4cncn4)cc23)C1,0
ZINC03802111,DUD_er_agonist_D_1833,c1ncn(-c2ccc3[nH]cc(CC[NH+]4CCC4)c3c2)n1,0
ZINC03802112,DUD_er_agonist_D_1834,C[NH+]1CC(Cc2c[nH]c3ccc(Cn4cncn4)cc23)C1,0
ZINC03802119,DUD_er_agonist_D_1835,c1cc2[nH]cc(CC[NH+]3CCC3)c2cc1-n1cnnc1,0
ZINC03805109,DUD_er_agonist_D_1836,CC(C)CCN1CCc2c1[nH+]c1cccc(F)c1c2N,0
ZINC03806773,DUD_er_agonist_D_1837,Cc1cc(O)c2c(C)c3[nH]c4ccccc4c3c(C)c2n1,0
ZINC03809953,DUD_er_agonist_D_1838,Cc1[nH+]c(N)c2nc(C)n(CCc3ccccc3)c2c1C,0
ZINC03813975,DUD_er_agonist_D_1839,COc1ccc2c(c1)CCCc1c-2[nH+]c2ccccc2c1N,0
ZINC03817440,DUD_er_agonist_D_1840,CC(C)c1sc(N)nc1-c1cccc2ccccc12,0
ZINC03817444,DUD_er_agonist_D_1841,CC(C)c1nc(N)oc1-c1cccc2ccccc12,0
ZINC03817448,DUD_er_agonist_D_1842,CC(C)c1nc(N)oc1-c1ccc(F)c2ccccc12,0
ZINC03819167,DUD_er_agonist_D_1843,CCCc1cc(-c2noc3cc(O)ccc23)ccc1O,0
ZINC03820698,DUD_er_agonist_D_1844,CC(=O)Nc1cc(C2(c3ccccc3Cl)CCC2)n[nH]1,0
ZINC03820698,DUD_er_agonist_D_1845,CC(=O)Nc1cc(C2(c3ccccc3Cl)CCC2)[nH]n1,0
ZINC03820700,DUD_er_agonist_D_1846,CCNc1cc(C2(c3ccccc3Cl)CCC2)n[nH]1,0
ZINC03820700,DUD_er_agonist_D_1847,CCNc1cc(C2(c3ccccc3Cl)CCC2)[nH]n1,0
ZINC03833048,DUD_er_agonist_D_1848,Cc1n[nH]c(Nc2ccc(C(C)C)cc2)c1[N+](=O)[O-],0
ZINC03833048,DUD_er_agonist_D_1849,Cc1[nH]nc(Nc2ccc(C(C)C)cc2)c1[N+](=O)[O-],0
ZINC03833048,DUD_er_agonist_D_1850,Cc1[nH]nc(Nc2ccc(C(C)C)cc2)c1[N+](=O)[O-],0
ZINC03836286,DUD_er_agonist_D_1851,C(=C/c1c[nH]c2ccccc12)\c1nc2c(s1)NCCC2,0
ZINC03845596,DUD_er_agonist_D_1852,C[C@@H]1CC[C@](C)(C(=O)NNc2ccccc2)C1(C)C,0
ZINC03846131,DUD_er_agonist_D_1853,C[C@@H]1CC[C@@](C)(COC(=O)c2ccc(N)cc2)C1(C)C,0
ZINC03846353,DUD_er_agonist_D_1854,CC1(C)[C@H]2CC[C@]1(C)C[C@@H]2COC(=O)c1ccc(N)cc1,0
ZINC03848076,DUD_er_agonist_D_1855,Cc1sc2nc(-c3ccccc3O)nc(O)c2c1C,0
ZINC03848552,DUD_er_agonist_D_1856,CC(C)Sc1nc(O)c(Cc2ccccc2)c(=O)[nH]1,0
ZINC03848643,DUD_er_agonist_D_1857,Cc1cc(O)nc(Sc2nnc(C)c3ccccc23)n1,0
ZINC03848978,DUD_er_agonist_D_1858,O=C1Nc2ccccc2[C@@H]1/C=N\C1CCCCCCC1,0
ZINC03848978,DUD_er_agonist_D_1859,O=C1Nc2ccccc2[C@@H]1/C=[NH+]/C1CCCCCCC1,0
ZINC03849549,DUD_er_agonist_D_1860,CC(C)Cc1nc2sc3c(O)ncnc3c2c2c1CCC2,0
ZINC03849556,DUD_er_agonist_D_1861,C=C([NH2+]C1CC1)[C@@H]1C(=O)NC(=O)N(c2ccccc2C)C1=O,0
ZINC03849897,DUD_er_agonist_D_1862,C=C([NH2+]C1CC1)[C@@H]1C(=O)NC(=O)N(Cc2ccccc2)C1=O,0
ZINC03849900,DUD_er_agonist_D_1863,C=C([NH2+]C1CC1)[C@@H]1C(=O)NC(=O)N(Cc2ccccc2)C1=O,0
ZINC03850583,DUD_er_agonist_D_1864,Cc1ccc(C(c2ccc(C)o2)c2cc3c(cc2N)OCO3)o1,0
ZINC03850676,DUD_er_agonist_D_1865,COc1ccc2c(c1)c(-c1nc(N)sc1C)c(C)n2C,0
ZINC03850705,DUD_er_agonist_D_1866,COc1ccc2c(c1)c(-c1nc(N)sc1C)cn2C,0
ZINC03850712,DUD_er_agonist_D_1867,CCOc1ccc2[nH]cc(-c3nc(N)sc3C)c2c1,0
ZINC03850792,DUD_er_agonist_D_1868,COc1cc2c(-c3csc(N)n3)cn(C)c2cc1OC,0
ZINC03851020,DUD_er_agonist_D_1869,C[C@@H](n1c(=O)[nH]c2ccccc2c1=[NH2+])C12CC3CC(CC(C3)C1)C2,0
ZINC03851063,DUD_er_agonist_D_1870,CC(C)(C)c1cn2c3ccccc3nc2n1CCCO,0
ZINC03851063,DUD_er_agonist_D_1871,CC(C)(C)c1cn2c3ccccc3[nH+]c2n1CCCO,0
ZINC03851155,DUD_er_agonist_D_1872,CCCSc1[nH]c(=O)c(CC)c(O)[n+]1-c1ccccc1,0
ZINC03851187,DUD_er_agonist_D_1873,CCCSc1[nH]c(=O)cc(O)[n+]1-c1ccccc1,0
ZINC03851218,DUD_er_agonist_D_1874,CC[C@H](C)c1ccc(OC)c(-c2csc(N)n2)c1,0
ZINC03851251,DUD_er_agonist_D_1875,CC(C)c1ccc(/C=C2/C(=O)Nc3ccccc32)cc1,0
ZINC03851252,DUD_er_agonist_D_1876,COc1ccc(C(C)(C)C)cc1-c1csc(N)n1,0
ZINC03851837,DUD_er_agonist_D_1877,Cc1c(C)c(O)c(Cc2ccc3ccccc3n2)c(C)c1O,0
ZINC03852165,DUD_er_agonist_D_1878,O=C1N=C2CCCCCN2/C1=C\c1c(O)ccc2ccccc12,0
ZINC03852213,DUD_er_agonist_D_1879,COc1c2occc2c(/C=C\C(C)(C)O)c2ccc(=O)oc12,0
ZINC03852765,DUD_er_agonist_D_1880,Cc1ccc(/C=C\C(=O)Nc2ccc(C)c([N+](=O)[O-])c2)o1,0
ZINC03852771,DUD_er_agonist_D_1881,CCCCCc1sc(N)nc1-c1ccccc1,0
ZINC03852815,DUD_er_agonist_D_1882,Cc1sc(NC(=O)/C=C/c2cccs2)c(C(N)=O)c1C,0
ZINC03852826,DUD_er_agonist_D_1883,C/C(=C\c1ccccc1)NNC(=O)C1CCCCC1,0
ZINC03852836,DUD_er_agonist_D_1884,C/C(NNC(=O)c1ccccc1O)=C1\C[C@H]2CC[C@H]1C2,0
ZINC03852854,DUD_er_agonist_D_1885,CC/C=C(\NNC(=O)c1ccoc1C)c1cccs1,0
ZINC03852898,DUD_er_agonist_D_1886,O=C(Cc1ccccc1)NN/C=C1/C[C@H]2CC[C@@H]1C2,0
ZINC03852923,DUD_er_agonist_D_1887,COc1ccc(/C=C2/C(=O)Nc3ccccc32)cc1OC,0
ZINC03853328,DUD_er_agonist_D_1888,Cc1ccc(C)c(N/C=C2/C(=O)NC(=S)N(C)C2=O)c1,0
ZINC03853398,DUD_er_agonist_D_1889,CCN1C(=O)/C(=C/Nc2ccc(C)cc2)C(=O)NC1=S,0
ZINC03853405,DUD_er_agonist_D_1890,Cc1cccc(N/C=C2/C(=O)NC(=S)N(C)C2=O)c1C,0
ZINC03853430,DUD_er_agonist_D_1891,O=C(/C=C\c1ccccc1[N+](=O)[O-])NC1CCCCCC1,0
ZINC03853446,DUD_er_agonist_D_1892,C=CCN1C(=O)/C(=C\c2ccc(C)cc2)C(=O)NC1=S,0
ZINC03853447,DUD_er_agonist_D_1893,C=CCN1C(=O)/C(=C\c2ccc(C)cc2)C(=O)NC1=S,0
ZINC03853524,DUD_er_agonist_D_1894,O=C(Nc1cccc([N+](=O)[O-])c1)[C@@H]1[C@H]2C=CCCCC[C@H]21,0
ZINC03853525,DUD_er_agonist_D_1895,CN1/C(=C\[C@H]2CC(=O)NC2=O)C(C)(C)c2ccccc21,0
ZINC03853575,DUD_er_agonist_D_1896,S=C(Nc1cnc2ccccc2c1)NC1CCCC1,0
ZINC03853619,DUD_er_agonist_D_1897,O=C(NN/C=C1/CC=CCC1)c1cc(Br)ccc1O,0
ZINC03853624,DUD_er_agonist_D_1898,O=C(NN/C=C1/CC=CCC1)c1ccc(Cl)cc1O,0
ZINC03853736,DUD_er_agonist_D_1899,C=CCN1C(=O)/C(=C\c2ccccc2C)C(=O)NC1=S,0
ZINC03853737,DUD_er_agonist_D_1900,C=CCN1C(=O)/C(=C\c2ccccc2C)C(=O)NC1=S,0
ZINC03853942,DUD_er_agonist_D_1901,CC(C)(C)c1ccc(/C=C2/C(=O)Nc3ccccc32)cc1,0
ZINC03853943,DUD_er_agonist_D_1902,COc1ccc(/C=C2\C(=O)Nc3ccc(C)cc32)cc1OC,0
ZINC03853944,DUD_er_agonist_D_1903,COc1ccc(/C=C2\C(=O)Nc3ccc(C)cc32)cc1,0
ZINC03853945,DUD_er_agonist_D_1904,Cc1ccc2c(c1)/C(=C\c1ccc(C(C)C)cc1)C(=O)N2,0
ZINC03853947,DUD_er_agonist_D_1905,COc1ccccc1/C=C1\C(=O)Nc2ccc(C)cc21,0
ZINC03853948,DUD_er_agonist_D_1906,CCOc1ccc(/C=C2\C(=O)Nc3ccc(C)cc32)cc1,0
ZINC03853949,DUD_er_agonist_D_1907,CCOc1ccc(/C=C2\C(=O)Nc3ccc(C)cc32)cc1,0
ZINC03853950,DUD_er_agonist_D_1908,CCOc1ccccc1/C=C1\C(=O)Nc2ccc(C)cc21,0
ZINC03854328,DUD_er_agonist_D_1909,O=C1NC(=O)N(C2CCCCC2)C(=O)/C1=C\c1cccs1,0
ZINC03854329,DUD_er_agonist_D_1910,O=C1NC(=O)N(C2CCCCC2)C(=O)/C1=C\c1cccs1,0
ZINC03854572,DUD_er_agonist_D_1911,C#CCN1C(=O)S/C(=C/c2c(C)[nH]c3ccccc23)C1=O,0
ZINC03854573,DUD_er_agonist_D_1912,C#CCN1C(=O)S/C(=C/c2c(C)[nH]c3ccccc23)C1=O,0
ZINC03854914,DUD_er_agonist_D_1913,O=C(/C=C\c1cccc([N+](=O)[O-])c1)NC1CCCCCC1,0
ZINC03854982,DUD_er_agonist_D_1914,O=C(NN/C=C1/C[C@H]2C=C[C@H]1C2)c1ccccc1O,0
ZINC03855047,DUD_er_agonist_D_1915,O=C(NNC1=CCCCCCC1)c1ccc(Br)cc1,0
ZINC03855064,DUD_er_agonist_D_1916,COc1ccc(/C=C2\C(=O)Nc3ccc(Cl)cc32)cc1OC,0
ZINC03855970,DUD_er_agonist_D_1917,CC(C)(C)c1cc(-c2ccccc2Cl)c(C#N)c(N)[nH+]1,0
ZINC03855990,DUD_er_agonist_D_1918,COc1cc(/C=C2/C(=O)Nc3ccccc32)cc(C)c1O,0
ZINC03855991,DUD_er_agonist_D_1919,COc1cc(/C=C2/C(=O)Nc3ccccc32)cc(C)c1O,0
ZINC03856290,DUD_er_agonist_D_1920,Cn1cccc1-c1c(C#N)c(N)[nH+]c2c1CCCCC2,0
ZINC03857060,DUD_er_agonist_D_1921,CCc1cc(/C=C2\OC(=O)c3ccccc32)cc(CC)c1O,0
ZINC03857437,DUD_er_agonist_D_1922,Cc1ccc(/C=C/C(=O)Nc2cc([N+](=O)[O-])ccc2C)o1,0
ZINC03857826,DUD_er_agonist_D_1923,Cc1cc(C)[nH]/c(=N\C(N)=[N+]2/CCc3ccccc32)n1,0
ZINC03857827,DUD_er_agonist_D_1924,Cc1cc(C)[nH]/c(=N/C(N)=[N+]2\CCc3ccccc32)n1,0
ZINC03857921,DUD_er_agonist_D_1925,COc1ccc(/N=c2/nc[nH]c3sc4c(c23)CCCC4)cc1,0
ZINC03858024,DUD_er_agonist_D_1926,CCCCc1c(C)c(C#N)c2nc3ccccc3n2c1O,0
ZINC03858024,DUD_er_agonist_D_1927,CCCCc1c(C)c(C#N)c2[nH+]c3ccccc3n2c1O,0
ZINC03858227,DUD_er_agonist_D_1928,Cc1ccc(-c2c/c(=N\O)c3cc(C)cc(C)c3o2)cc1,0
ZINC03858228,DUD_er_agonist_D_1929,COc1ccc(-c2c/c(=N/O)c3cc(C)cc(C)c3o2)cc1,0
ZINC03858229,DUD_er_agonist_D_1930,COc1ccc(-c2c/c(=N\O)c3cc(C)c(C)cc3o2)cc1,0
ZINC03858231,DUD_er_agonist_D_1931,COc1ccc(-c2c/c(=N\O)c3c(C)cc(C)cc3o2)cc1,0
ZINC03858386,DUD_er_agonist_D_1932,CCN1C(=O)N/C(=C\c2c(OC)ccc3ccccc23)C1=O,0
ZINC03858425,DUD_er_agonist_D_1933,Cc1c(/C(=C\C(C)C)NO)c2ccccc2n1C,0
ZINC03858620,DUD_er_agonist_D_1934,C/C=C(\NNC(=O)c1csc(C)c1C)c1cccs1,0
ZINC03858879,DUD_er_agonist_D_1935,CC(C)n1cc(/C=C2\SC(=O)NC2=O)c2ccccc21,0
ZINC03859198,DUD_er_agonist_D_1936,CCOc1ccc2c(c1)c(-c1csc(N)n1)c(C)n2C,0
ZINC03859217,DUD_er_agonist_D_1937,CN1C(=O)/C(=C/c2cn(C)c3ccccc23)C(=O)NC1=S,0
ZINC03859218,DUD_er_agonist_D_1938,CN1C(=O)/C(=C/c2cn(C)c3ccccc23)C(=O)NC1=S,0
ZINC03859315,DUD_er_agonist_D_1939,CCOc1ccc2[nH]c(C)c(-c3csc(N)n3)c2c1,0
ZINC03859494,DUD_er_agonist_D_1940,CC(C)(C)N1C(=O)NC(=O)/C(=C\Nc2ccc(F)cc2)C1=O,0
ZINC03859539,DUD_er_agonist_D_1941,O=C1NC(=O)N(C2CCCCC2)C(=O)/C1=C/c1ccc(F)cc1,0
ZINC03859894,DUD_er_agonist_D_1942,COc1ccc([N+](=O)[O-])cc1Nc1nc2ccccc2n1C,0
ZINC03859894,DUD_er_agonist_D_1943,COc1ccc([N+](=O)[O-])cc1Nc1[nH+]c2ccccc2n1C,0
ZINC03860040,DUD_er_agonist_D_1944,COc1ccc(/C=C2/C(=O)Nc3ccccc32)c(OC)c1,0
ZINC03860056,DUD_er_agonist_D_1945,C/C=C(/[NH2+]C1CC1)[C@@H]1C(=O)NC(=O)N(c2ccccc2)C1=O,0
ZINC03861812,DUD_er_agonist_D_1946,CN(C)c1ccc(/C=C2\C(=O)Nc3ccccc32)cc1,0
ZINC03861813,DUD_er_agonist_D_1947,O=C(Nc1cccc([N+](=O)[O-])c1)C1[C@H]2CCC=CCC[C@H]12,0
ZINC03861814,DUD_er_agonist_D_1948,O=C(Nc1cccc([N+](=O)[O-])c1)C1[C@@H]2CCC=CCC[C@@H]12,0
ZINC03861816,DUD_er_agonist_D_1949,O=C(Nc1cccc([N+](=O)[O-])c1)C1[C@@H]2CCC=CCC[C@@H]12,0
ZINC03861829,DUD_er_agonist_D_1950,N#Cc1c(-c2ccccc2Cl)cc(C2CC2)[nH+]c1N,0
ZINC03861830,DUD_er_agonist_D_1951,CC(C)Cc1cc(-c2ccccc2)c(C#N)c(N)[nH+]1,0
ZINC03861869,DUD_er_agonist_D_1952,CS/C(=C\[N+](=O)[O-])Nc1cccc2c1[C@@H](C)CC2(C)C,0
ZINC03861870,DUD_er_agonist_D_1953,CS/C(=C\[N+](=O)[O-])Nc1cccc2c1[C@@H](C)CC2(C)C,0
ZINC03861873,DUD_er_agonist_D_1954,Cc1ccc(-c2c(C#N)c(N)[nH+]c3c2CCC3)cc1,0
ZINC03861874,DUD_er_agonist_D_1955,COc1ccc(-c2c(C#N)c(N)[nH+]c3c2CCC3)cc1,0
ZINC03861875,DUD_er_agonist_D_1956,Cc1ccc(O)c(C2=NCCN=C(c3ccco3)C2)c1,0
ZINC03861876,DUD_er_agonist_D_1957,N#Cc1c(N)[nH+]c2c(c1-c1cccs1)CCCCCC2,0
ZINC03861881,DUD_er_agonist_D_1958,N#Cc1c(N)[nH+]c2c(c1-c1ccc(F)cc1)CCCCC2,0
ZINC03861882,DUD_er_agonist_D_1959,N#Cc1c(N)[nH+]c2c(c1-c1ccc(F)cc1)CCCCCC2,0
ZINC03861883,DUD_er_agonist_D_1960,Cc1ccc(-c2c(C#N)c(N)[nH+]c3c2CCCCC3)s1,0
ZINC03861885,DUD_er_agonist_D_1961,Cc1ccc(-c2cc(C(C)(C)C)[nH+]c(N)c2C#N)cc1,0
ZINC03861910,DUD_er_agonist_D_1962,N#Cc1c(N)[nH+]c2c(c1-c1cccs1)CCCCC2,0
ZINC03861911,DUD_er_agonist_D_1963,N#Cc1c(N)[nH+]c2c(c1-c1ccsc1)CCCCCC2,0
ZINC03861912,DUD_er_agonist_D_1964,N#Cc1c(N)[nH+]c2c(c1-c1ccccc1)CCCCC2,0
ZINC03861933,DUD_er_agonist_D_1965,Cc1ccc(-c2cc(C3CC3)[nH+]c(N)c2C#N)cc1,0
ZINC03861936,DUD_er_agonist_D_1966,Cc1cc(-c2ccc(C(C)C)cc2)c(C#N)c(N)[nH+]1,0
ZINC03861937,DUD_er_agonist_D_1967,Cn1cccc1-c1c(C#N)c(N)[nH+]c2c1CCCCCC2,0
ZINC03862019,DUD_er_agonist_D_1968,Cc1c(CC(C)C)[nH+]c(N)c(C#N)c1-c1ccccc1Cl,0
ZINC03862064,DUD_er_agonist_D_1969,CC(C)Cc1cc(-c2ccccc2Cl)c(C#N)c(N)[nH+]1,0
ZINC03862065,DUD_er_agonist_D_1970,COc1ccc(-c2c(C#N)c(N)[nH+]c3c2CCCCC3)cc1,0
ZINC03862142,DUD_er_agonist_D_1971,COc1ccc(/C=C2\NC(=O)c3ccccc32)cc1OC,0
ZINC03862151,DUD_er_agonist_D_1972,N#Cc1c(N)[nH+]c2c(c1-c1ccccc1Cl)CCCC2,0
ZINC03862171,DUD_er_agonist_D_1973,CN(C)c1ccc(/C=C2\C(=O)Nc3ccccc32)c(Cl)c1,0
ZINC03862230,DUD_er_agonist_D_1974,CN1CCOc2cc(/C=C3/C(=O)Nc4ccccc43)ccc21,0
ZINC03862237,DUD_er_agonist_D_1975,CC(C)(C)c1ccc(COc2ccc[nH+]c2N)cc1,0
ZINC03862253,DUD_er_agonist_D_1976,COc1ccc(OC)c(/C=C2\C(=O)Nc3ccccc32)c1,0
ZINC03862256,DUD_er_agonist_D_1977,O=[N+]([O-])c1cccnc1Sc1ccccc1C1=[NH+]CCCN1,0
ZINC03862293,DUD_er_agonist_D_1978,N#Cc1c(N)[nH+]c2c(c1-c1ccc(Cl)cc1)CCCC2,0
ZINC03862360,DUD_er_agonist_D_1979,[NH2+]=c1c2c3c(sc2ncn1Cc1ccco1)CCCCC3,0
ZINC03862391,DUD_er_agonist_D_1980,Cc1c(CC(C)C)[nH+]c(N)c(C#N)c1-c1ccc(F)cc1,0
ZINC03862416,DUD_er_agonist_D_1981,N#Cc1c(N)[nH+]c2c(c1-c1ccccc1Cl)CCCCC2,0
ZINC03862417,DUD_er_agonist_D_1982,COc1ccc(-c2cc(C3CC3)[nH+]c(N)c2C#N)cc1,0
ZINC03862418,DUD_er_agonist_D_1983,CCCc1[nH+]c(N)c(C#N)c(-c2ccccc2)c1CC,0
ZINC03862419,DUD_er_agonist_D_1984,Cc1c(CC(C)C)[nH+]c(N)c(C#N)c1-c1ccccc1,0
ZINC03862420,DUD_er_agonist_D_1985,CCCc1[nH+]c(N)c(C#N)c(-c2ccco2)c1CC,0
ZINC03862432,DUD_er_agonist_D_1986,CC(C)(C)N1C(=O)NC(=O)/C(=C/c2ccccc2Cl)C1=O,0
ZINC03862452,DUD_er_agonist_D_1987,Cc1ccccc1Cn1c(=[NH2+])n(CCO)c2ccccc21,0
ZINC03862520,DUD_er_agonist_D_1988,CCOc1ccc(/C=C2/C(=O)Nc3ccc(F)cc32)cc1,0
ZINC03862521,DUD_er_agonist_D_1989,COc1ccc(/C=C2/C(=O)Nc3ccc(F)cc32)cc1OC,0
ZINC03862640,DUD_er_agonist_D_1990,CCOC(=O)c1c(Nc2ccccc2N)cc(C)nc1C,0
ZINC03862703,DUD_er_agonist_D_1991,Cc1ccc(Cn2c(=[NH2+])n(CCO)c3ccccc32)cc1,0
ZINC03862796,DUD_er_agonist_D_1992,COc1ccccc1-c1c(C#N)c(N)[nH+]c2c1CCC2,0
ZINC03862797,DUD_er_agonist_D_1993,COc1ccccc1-c1c(C#N)c(N)[nH+]c2c1CCCCC2,0
ZINC03862803,DUD_er_agonist_D_1994,COc1ccccc1-c1cc(C2CC2)[nH+]c(N)c1C#N,0
ZINC03862842,DUD_er_agonist_D_1995,Nc1[nH+]c2c3cc4c(nc3sc2c2ccccc12)CCC4,0
ZINC03862848,DUD_er_agonist_D_1996,Cc1ccc(-c2c(C#N)c(N)[nH+]c3c2CCCC3)s1,0
ZINC03862849,DUD_er_agonist_D_1997,CCc1ccc(-c2c(C#N)c(N)[nH+]c3c2CCCC3)s1,0
ZINC03862990,DUD_er_agonist_D_1998,CCOC(=O)c1c(C)[nH+]c(N)c(Cc2ccccc2)c1O,0
ZINC03863011,DUD_er_agonist_D_1999,CCc1c(C)n[n+]2cnn(Cc3ccccc3Cl)c2c1O,0
ZINC03863071,DUD_er_agonist_D_2000,Cc1sc2[nH+]c(N)c(C#N)c(-c3ccccc3)c2c1C,0
ZINC03863221,DUD_er_agonist_D_2001,CCCc1c(C)[nH+]c(N)c(C#N)c1-c1ccccc1,0
ZINC03863289,DUD_er_agonist_D_2002,Cc1cc(C)c(N/C=C2\C(=O)Nc3ccccc32)c(C)c1,0
ZINC03863290,DUD_er_agonist_D_2003,COc1ccc(C)cc1N/C=C1/C(=O)Nc2ccccc21,0
ZINC03863323,DUD_er_agonist_D_2004,Cc1ccc(-c2c(C#N)c(N)[nH+]c3c2CCCCC3)cc1,0
ZINC03863327,DUD_er_agonist_D_2005,Cn1cccc1/C=C1/C(=O)NC(=O)N(C2CCCCC2)C1=O,0
ZINC03863352,DUD_er_agonist_D_2006,N#Cc1c2c([nH+]c(N)c1-c1ccccc1)CCCCC2,0
ZINC03863357,DUD_er_agonist_D_2007,CC(C)(C)c1cc(-c2ccc(F)cc2)c(C#N)c(N)[nH+]1,0
ZINC03863381,DUD_er_agonist_D_2008,CCOC(=O)c1cc2c3ccccc3n(CC)c2[nH+]c1N,0
ZINC03863395,DUD_er_agonist_D_2009,CCc1[nH+]c(N)c(C#N)c(-c2ccccc2Cl)c1C,0
ZINC03863536,DUD_er_agonist_D_2010,CCN1C(=O)N/C(=C\c2c(OC)ccc3ccccc23)C1=O,0
ZINC03863665,DUD_er_agonist_D_2011,O=C1NC(=S)N(C2CCCCC2)C(=O)/C1=C\c1ccc[nH]1,0
ZINC03863700,DUD_er_agonist_D_2012,C=CC[C@]1(O)C=C2c3ccccc3CC(C)(C)N2C1=O,0
ZINC03863701,DUD_er_agonist_D_2013,C=CC[C@@]1(O)C=C2c3ccccc3CC(C)(C)N2C1=O,0
ZINC03863745,DUD_er_agonist_D_2014,COc1cccc(-c2c(C#N)c(N)[nH+]c3c2CCCCC3)c1,0
ZINC03863763,DUD_er_agonist_D_2015,N#Cc1c(N)[nH+]c2c(c1-c1ccccc1F)CCCCC2,0
ZINC03863843,DUD_er_agonist_D_2016,Nc1c2c([nH+]c3ccn(Cc4ccccc4)c(=O)c13)CCC2,0
ZINC03863893,DUD_er_agonist_D_2017,Cc1cc(/C=C2/NC(=O)N(Cc3ccccc3)C2=O)c(C)o1,0
ZINC03863904,DUD_er_agonist_D_2018,OC1=N[C@@H](/C=C\c2ccco2)Nc2sc3c(c21)CCCC3,0
ZINC03863905,DUD_er_agonist_D_2019,OC1=N[C@H](/C=C/c2ccco2)Nc2sc3c(c21)CCCC3,0
ZINC03863906,DUD_er_agonist_D_2020,O=C(/C=C/c1ccc([N+](=O)[O-])cc1)N[C@H]1C[C@H]2CC[C@@H]1C2,0
ZINC03863907,DUD_er_agonist_D_2021,O=C(/C=C\c1cccc([N+](=O)[O-])c1)N[C@H]1C[C@H]2CC[C@H]1C2,0
ZINC03863941,DUD_er_agonist_D_2022,COc1ccc(/C=C2\C(=O)Nc3cc(Cl)ccc32)cc1C,0
ZINC03863965,DUD_er_agonist_D_2023,COc1ccc(/C=C2\C(=O)Nc3ccccc32)cc1C,0
ZINC03863986,DUD_er_agonist_D_2024,Cn1c(=O)n(Cc2ccco2)c(=[NH2+])c2c3c(sc21)CCC3,0
ZINC03866672,DUD_er_agonist_D_2025,CCC[C@@]1(c2ccccc2)NC(=O)N(C/C=C\Cl)C1=O,0
ZINC03866673,DUD_er_agonist_D_2026,CCC[C@]1(c2ccccc2)NC(=O)N(C/C=C/Cl)C1=O,0
ZINC03866716,DUD_er_agonist_D_2027,O=C(NNC1=CCCCCCC1)c1ccc(F)cc1,0
ZINC03866910,DUD_er_agonist_D_2028,COc1cc(/C=C2/Cc3ccccc3C2=O)cc(OC)c1O,0
ZINC03866924,DUD_er_agonist_D_2029,COc1ccc(NC(=S)Nc2cc(C)ccc2C)cn1,0
ZINC03866931,DUD_er_agonist_D_2030,Cc1cc(/C=C2/C(=O)Nc3ccc(Cl)cc32)cc(C)c1O,0
ZINC03866974,DUD_er_agonist_D_2031,Cc1cc(-c2csc(N)n2)c(C)n1Cc1ccccc1,0
ZINC03867001,DUD_er_agonist_D_2032,CC1(C)[C@@H]2CC=C(/C=C3/C(=O)Nc4ccccc43)[C@H]1C2,0
ZINC03867154,DUD_er_agonist_D_2033,CC(C)(C)c1ccc(/N=C\c2cccc(O)c2O)cc1,0
ZINC03867158,DUD_er_agonist_D_2034,CC(C)c1ccc(/N=C\c2cccc(O)c2O)cc1,0
ZINC03867187,DUD_er_agonist_D_2035,COc1ccc(-n2c(C)cc(-c3csc(N)n3)c2C)cc1,0
ZINC03867188,DUD_er_agonist_D_2036,Cc1cc(-c2csc(N)n2)c(C)n1-c1ccc2c(c1)OCO2,0
ZINC03867208,DUD_er_agonist_D_2037,C[C@@H](NC(=S)Nc1cccnc1)[C@H]1C[C@H]2CC[C@H]1C2,0
ZINC03867211,DUD_er_agonist_D_2038,Cc1ccc(C)c(/C=N/NC(=O)c2ccc(O)cc2)c1,0
ZINC03867215,DUD_er_agonist_D_2039,COc1ccc(NC(=S)Nc2ccc(C)c(C)c2)cn1,0
ZINC03867252,DUD_er_agonist_D_2040,C=C([NH3+])[C@@H](C(=O)OC)C(=S)NC(=O)Oc1ccccc1,0
ZINC03867316,DUD_er_agonist_D_2041,O=C(Nc1nc2ccccc2[nH]1)c1cc2c(s1)CCC2,0
ZINC03867316,DUD_er_agonist_D_2042,O=C(Nc1[nH]c2ccccc2[nH+]1)c1cc2c(s1)CCC2,0
ZINC03867424,DUD_er_agonist_D_2043,Cc1ccc(/C=N\NC(=O)c2ccc(O)cc2)c(C)c1,0
ZINC03867425,DUD_er_agonist_D_2044,C[C@@H]1CCc2sc(C(=O)N/N=C/c3ccncc3)cc2C1,0
ZINC03867426,DUD_er_agonist_D_2045,C[C@H]1CCc2sc(C(=O)N/N=C\c3ccncc3)cc2C1,0
ZINC03867453,DUD_er_agonist_D_2046,O=C(N/N=C\c1c[nH]c2ccc(Br)cc12)C1CC1,0
ZINC03867544,DUD_er_agonist_D_2047,CC1CCC(NC(=O)c2ccc3[nH]cnc3c2)CC1,0
ZINC03867544,DUD_er_agonist_D_2048,CC1CCC(NC(=O)c2ccc3[nH]c[nH+]c3c2)CC1,0
ZINC03867654,DUD_er_agonist_D_2049,Cc1cc(-c2csc(N)n2)c(C)n1Cc1ccco1,0
ZINC03867760,DUD_er_agonist_D_2050,Cc1ccc(/C=N/NC(=O)c2ccc3c(c2)OCO3)c(C)c1,0
ZINC03867761,DUD_er_agonist_D_2051,Cc1ccc(C)c(/C=N\NC(=O)c2ccc3c(c2)OCO3)c1,0
ZINC03867897,DUD_er_agonist_D_2052,CC(C)(C)OC(=O)N/N=C/c1cc(Br)ccc1O,0
ZINC03868035,DUD_er_agonist_D_2053,O=C(N/N=C/c1cccnc1)c1cc2c(s1)CCCC2,0
ZINC03868036,DUD_er_agonist_D_2054,O=C(N/N=C\c1ccc(O)cc1)c1cc2c(s1)CCCC2,0
ZINC03868037,DUD_er_agonist_D_2055,O=C(N/N=C\c1ccccc1O)c1cc2c(s1)CCCC2,0
ZINC03868038,DUD_er_agonist_D_2056,O=C(N/N=C/c1ccncc1)c1cc2c(s1)CCCC2,0
ZINC03868039,DUD_er_agonist_D_2057,O=C(N/N=C\c1ccc[nH]1)c1cc2c(s1)CCCC2,0
ZINC03868067,DUD_er_agonist_D_2058,C[C@H]1CCc2sc(C(=O)N/N=C\c3ccc[nH]3)cc2C1,0
ZINC03868068,DUD_er_agonist_D_2059,C[C@H]1CCc2sc(C(=O)N/N=C/c3ccc[nH]3)cc2C1,0
ZINC03868185,DUD_er_agonist_D_2060,CC(C)(C)OC(=O)N/N=C/c1ccc(O)c(Br)c1,0
ZINC03868186,DUD_er_agonist_D_2061,CC(C)(C)OC(=O)N/N=C/c1c(O)ccc2ccccc12,0
ZINC03868187,DUD_er_agonist_D_2062,Cc1cccc2c1N=C(O)/C2=N/NC(=O)OC(C)(C)C,0
ZINC03868222,DUD_er_agonist_D_2063,Cc1cc(C(=O)N/N=C2/C(O)=Nc3c(C)cccc32)c(C)o1,0
ZINC03868321,DUD_er_agonist_D_2064,Cc1cc(C)c(/C=N\NC(=O)c2cccc(O)c2)c(C)c1,0
ZINC03868322,DUD_er_agonist_D_2065,Cc1ccc(/C=N\NC(=O)c2cccc(O)c2)c(C)c1,0
ZINC03868323,DUD_er_agonist_D_2066,Cc1ccc(C)c(/C=N/NC(=O)c2cccc(O)c2)c1,0
ZINC03868328,DUD_er_agonist_D_2067,Cc1ccc(/C=N/NC(=O)c2cc3c(s2)CCCC3)o1,0
ZINC03868329,DUD_er_agonist_D_2068,O=C(N/N=C\c1cccc(O)c1)c1cc2c(s1)CCCC2,0
ZINC03868350,DUD_er_agonist_D_2069,C[C@H]1CCc2sc(C(=O)N/N=C/c3cccnc3)cc2C1,0
ZINC03868351,DUD_er_agonist_D_2070,C[C@H]1CCc2sc(C(=O)N/N=C\c3cccnc3)cc2C1,0
ZINC03868413,DUD_er_agonist_D_2071,Cc1cc(-c2csc(N)n2)c(C)n1Cc1cccs1,0
ZINC03868452,DUD_er_agonist_D_2072,CCc1cccc2c(/C=N\NC(=O)OC)c[nH]c12,0
ZINC03868474,DUD_er_agonist_D_2073,COc1ccc2[nH]c(C)c/c(=N/c3ccccc3O)c2c1,0
ZINC03868495,DUD_er_agonist_D_2074,Cc1cccc2c1N=C(O)/C2=N/NC(=O)c1ccoc1C,0
ZINC03868497,DUD_er_agonist_D_2075,CCc1cccc2c(/C=N/NC(=O)c3ccoc3C)c[nH]c12,0
ZINC03868498,DUD_er_agonist_D_2076,Cc1cc(C)c2c(c1)/C(=N/NC(=O)c1ccoc1C)C(O)=N2,0
ZINC03868512,DUD_er_agonist_D_2077,CO/C(=N\C1CCCCC1)[C@H](O)c1c[nH]c2ccccc12,0
ZINC03868596,DUD_er_agonist_D_2078,COc1ccc(N/N=C2/Nc3ccc(C)cc3C2=O)cc1,0
ZINC03868607,DUD_er_agonist_D_2079,COc1cc(C)c(/C=C2/C(=O)Nc3ccccc32)cc1C,0
ZINC03868608,DUD_er_agonist_D_2080,COc1cc(C)c(/C=C2\C(=O)Nc3ccccc32)cc1C,0
ZINC03868874,DUD_er_agonist_D_2081,Sc1nc(Cc2ccccn2)c2c(n1)NCCCC2,0
ZINC03868875,DUD_er_agonist_D_2082,CCOc1ccc(OCC)c(-c2csc(N)n2)c1,0
ZINC03868876,DUD_er_agonist_D_2083,CCOc1ccc(C(C)(C)C)cc1-c1csc(N)n1,0
ZINC03868877,DUD_er_agonist_D_2084,COc1ccc(-c2csc(N)n2)cc1C(C)(C)C,0
ZINC03868878,DUD_er_agonist_D_2085,CCOc1ccc(-c2csc(N)n2)cc1C(C)(C)C,0
ZINC03868879,DUD_er_agonist_D_2086,CCOc1ccc([C@H](C)CC)cc1-c1csc(N)n1,0
ZINC03868880,DUD_er_agonist_D_2087,CCOc1ccc([C@H](C)CC)cc1-c1csc(N)n1,0
ZINC03868881,DUD_er_agonist_D_2088,CC[C@@H](C)c1ccc(OC)c(-c2csc(N)n2)c1,0
ZINC03868882,DUD_er_agonist_D_2089,CC[C@H](C)c1cc(-c2csc(N)n2)ccc1OC,0
ZINC03868883,DUD_er_agonist_D_2090,CC[C@@H](C)c1cc(-c2csc(N)n2)ccc1OC,0
ZINC03868884,DUD_er_agonist_D_2091,CCOc1ccc(-c2csc(N)n2)cc1[C@@H](C)CC,0
ZINC03868885,DUD_er_agonist_D_2092,CCOc1ccc(-c2csc(N)n2)cc1[C@H](C)CC,0
ZINC03868886,DUD_er_agonist_D_2093,CCOc1ccc(-c2csc(N)n2)cc1C(C)C,0
ZINC03868887,DUD_er_agonist_D_2094,CCCc1ccc(OCC)c(-c2csc(N)n2)c1,0
ZINC03868889,DUD_er_agonist_D_2095,CCOc1ccc(-c2csc(N)n2)cc1OCC,0
ZINC03868890,DUD_er_agonist_D_2096,CCOc1ccc(C(C)C)cc1-c1csc(N)n1,0
ZINC03868891,DUD_er_agonist_D_2097,CCOc1ccc(-c2csc(N)n2)c2ccccc12,0
ZINC03868892,DUD_er_agonist_D_2098,CCOc1ccc2ccccc2c1-c1csc(N)n1,0
ZINC03868893,DUD_er_agonist_D_2099,COc1cc(OC)c2ccccc2c1-c1csc(N)n1,0
ZINC03868894,DUD_er_agonist_D_2100,COc1cc(C(C)(C)C)c(OC)cc1-c1csc(N)n1,0
ZINC03874005,DUD_er_agonist_D_2101,Cc1cc2nc3ccc(=[N+](C)C)cc-3sc2cc1N,0
ZINC03874293,DUD_er_agonist_D_2102,CCOC(=O)C1=C(C)NC(S)=N[C@H]1c1cccc(O)c1,0
ZINC03877847,DUD_er_agonist_D_2103,O=[N+]([O-])c1ccc(NC2CCCCC2)c2ncccc12,0
ZINC03878190,DUD_er_agonist_D_2104,Nc1ccccc1NC(=O)C12CC3CC(CC(C3)C1)C2,0
ZINC03878696,DUD_er_agonist_D_2105,CCOC(=O)Nc1ccc2c(c1)Nc1ccccc1CC2,0
ZINC03880449,DUD_er_agonist_D_2106,CC(=O)c1ccc(N2Cc3ccccc3CC2=[NH2+])cc1,0
ZINC03882740,DUD_er_agonist_D_2107,Cc1nn2c(N)c3c(nc2c1-c1ccccc1)CCC3,0
ZINC03883435,DUD_er_agonist_D_2108,COC(=O)c1nc(N)sc1-c1ccc(C(C)(C)C)cc1,0
ZINC03883463,DUD_er_agonist_D_2109,Cc1ccc(-c2nn(C(C)(C)C)c(N)c2C#N)cc1,0
ZINC03885633,DUD_er_agonist_D_2110,Cc1ccc(-c2nc(N)sc2-c2ccc(C)cc2)cc1,0
ZINC03886022,DUD_er_agonist_D_2111,Nc1sc2c(c1-c1nc3ccccc3[nH]1)CCCC2,0
ZINC03886022,DUD_er_agonist_D_2112,Nc1sc2c(c1-c1[nH]c3ccccc3[nH+]1)CCCC2,0
ZINC03887063,DUD_er_agonist_D_2113,Cc1ccc(-n2c(C)cc(-c3csc(N)n3)c2C)cc1,0
ZINC03887961,DUD_er_agonist_D_2114,Cc1cc(-c2csc(N)n2)c(C)n1C[C@H]1CCCO1,0
ZINC03888352,DUD_er_agonist_D_2115,Nc1ccc2[nH]c(C34CC5CC(CC(C5)C3)C4)nc2c1,0
ZINC03888352,DUD_er_agonist_D_2116,Nc1ccc2[nH]c(C34CC5CC(CC(C5)C3)C4)nc2c1,0
ZINC03889080,DUD_er_agonist_D_2117,O=C(N/N=C/c1cc2c(s1)CCCCC2)c1ccncc1,0
ZINC03889103,DUD_er_agonist_D_2118,Cc1ccc(/C=N\NC(=O)c2ccccc2N)c(C)c1,0
ZINC03889189,DUD_er_agonist_D_2119,Cc1n[nH]c(C)c1CCC(=O)N/N=C\c1cccs1,0
ZINC03889197,DUD_er_agonist_D_2120,O=C(N/N=C\c1ccccc1Cl)c1n[nH]c2c1CCCC2,0
ZINC03889373,DUD_er_agonist_D_2121,Cc1[nH]c2ccccc2c1/C=N/NC(=O)CC1(C)OCCO1,0
ZINC03889479,DUD_er_agonist_D_2122,Cc1ccc(/N=C/c2c(O)cc(C)c(Cl)c2C)c(O)c1,0
ZINC03889530,DUD_er_agonist_D_2123,Cc1ccc(/N=C/c2c(C)c(Cl)c(C)c([N+](=O)[O-])c2[O-])cc1,0
ZINC03889532,DUD_er_agonist_D_2124,Cc1cccc(/N=C\c2c(C)c(Cl)c(C)c([N+](=O)[O-])c2[O-])c1,0
ZINC03889557,DUD_er_agonist_D_2125,Cc1[nH]c2ccccc2c1/C=N/NC(=O)C1[C@@H]2CCCC[C@@H]12,0
ZINC03889602,DUD_er_agonist_D_2126,Oc1ccc2ccccc2c1/C=N/c1nc2c(s1)CCCC2,0
ZINC03889697,DUD_er_agonist_D_2127,O=C(N/N=C/c1ccccc1O)C1CCCCC1,0
ZINC03889731,DUD_er_agonist_D_2128,Cc1[nH]c2ccccc2c1/C=N\c1oc(C)c(C)c1C#N,0
ZINC03889768,DUD_er_agonist_D_2129,O=C(N/N=C/c1ccccc1F)c1n[nH]c2c1CCCC2,0
ZINC03890018,DUD_er_agonist_D_2130,NC(=O)c1c(/N=C/c2ccccc2Cl)sc2c1CCCC2,0
ZINC03890022,DUD_er_agonist_D_2131,C/C(CCc1oc2ccccc2c1-c1ccc(C)o1)=N\O,0
ZINC03890024,DUD_er_agonist_D_2132,C/C(CCc1oc2ccccc2c1-c1ccc(C)o1)=N/O,0
ZINC03890042,DUD_er_agonist_D_2133,CCOc1ccc(/N=C2\NC(=[NH2+])c3ccccc32)cc1,0
ZINC03890043,DUD_er_agonist_D_2134,Cc1ccc(/N=C2/NC(=[NH2+])c3ccccc32)c(C)c1,0
ZINC03890045,DUD_er_agonist_D_2135,Cc1ccc(/N=C2\NC(=[NH2+])c3ccccc32)c(C)c1,0
ZINC03890049,DUD_er_agonist_D_2136,Cc1ccc(/N=C2/NC(=[NH2+])c3ccccc32)cc1C,0
ZINC03890095,DUD_er_agonist_D_2137,Cc1cc(C)c(/N=C2\C(=O)Nc3ccccc32)c(C)c1,0
ZINC03890097,DUD_er_agonist_D_2138,Cc1cc(C)cc(N/C=C2/Oc3cc(O)ccc3C2=O)c1,0
ZINC03890259,DUD_er_agonist_D_2139,C[N@@+]1(Cc2ccccc2)CCC[C@H]1c1ccc(N)[nH+]c1,0
ZINC03890261,DUD_er_agonist_D_2140,C[N@@+]1(Cc2ccccc2)CCC[C@H]1c1ccc(N)[nH+]c1,0
ZINC03890263,DUD_er_agonist_D_2141,Cc1ccc2nc(C)c(C(=O)N/N=C/c3cccs3)n2c1,0
ZINC03890335,DUD_er_agonist_D_2142,CC(C)(C)c1cc(C(=O)N/N=C\c2ccccc2F)n[nH]1,0
ZINC03890444,DUD_er_agonist_D_2143,CC(C)(C)c1cc(C(=O)N/N=C/c2cccc(F)c2)n[nH]1,0
ZINC03890549,DUD_er_agonist_D_2144,Cc1ccc(/C=N\NC(=O)c2[nH]nc3c2CCC3)cc1,0
ZINC03890563,DUD_er_agonist_D_2145,CC(C)(C)c1ccc(O)c(/C(=N/O)c2ccccc2)c1,0
ZINC03890604,DUD_er_agonist_D_2146,Cc1ccccc1/C=N/NC(=O)c1[nH]nc2c1CCC2,0
ZINC03890623,DUD_er_agonist_D_2147,Cc1ccsc1/C=N\NC(=O)c1n[nH]c2c1CCCC2,0
ZINC03890725,DUD_er_agonist_D_2148,Cc1ccc(/N=C\c2cc(C)c(C)cc2O)c(O)c1,0
ZINC03890726,DUD_er_agonist_D_2149,Cc1cc(O)c(/C=N/c2cc(Cl)ccc2O)cc1C,0
ZINC03890733,DUD_er_agonist_D_2150,CO/C(=N/C1CCCC1)[C@H](O)c1c[nH]c2ccccc12,0
ZINC03890734,DUD_er_agonist_D_2151,CO/C(=N\C1CCCC1)[C@@H](O)c1c[nH]c2ccccc12,0
ZINC03890798,DUD_er_agonist_D_2152,Cc1ccc(C(=O)N/N=C\c2c(C)nn(C)c2Cl)cc1,0
ZINC03890985,DUD_er_agonist_D_2153,COC(=O)N/N=C\c1c(C)nn(-c2ccccc2)c1Cl,0
ZINC03890986,DUD_er_agonist_D_2154,COC(=O)N/N=C/c1c(C)nn(-c2ccccc2)c1O,0
ZINC03891002,DUD_er_agonist_D_2155,CCn1c2ccccc2c2cnc(/N=C/N(C)C)c(C#N)c21,0
ZINC03891014,DUD_er_agonist_D_2156,COC(=O)N/N=C/c1cc(C)n(-c2ccccc2)c1C,0
ZINC03891550,DUD_er_agonist_D_2157,O=C(N/N=C\c1ccc(N2CCCCC2)o1)c1ccccc1,0
ZINC03891594,DUD_er_agonist_D_2158,CCc1ccc(O)c(/N=C\c2c(O)cc(C)c(Cl)c2C)c1,0
ZINC03891595,DUD_er_agonist_D_2159,Cc1ccc(O)c(/N=C\c2c(O)cc(C)c(Cl)c2C)c1,0
ZINC03891603,DUD_er_agonist_D_2160,Cc1ccc(O)c(/N=C\c2cc(C)c(C)c(Br)c2O)c1,0
ZINC03891604,DUD_er_agonist_D_2161,Cc1ccc(/N=C\c2cc(C)c(C)c(Br)c2O)c(O)c1,0
ZINC03891611,DUD_er_agonist_D_2162,CC(=O)c1ccc(/N=C/c2c(O)cc(C)c(Cl)c2C)cc1,0
ZINC03891627,DUD_er_agonist_D_2163,O=C(N/N=C/c1ccccc1Cl)c1cc(C2CC2)n[nH]1,0
ZINC03891773,DUD_er_agonist_D_2164,Cc1cc(C)c(O)c(/N=C/c2c(O)ccc3ccccc23)c1,0
ZINC03891774,DUD_er_agonist_D_2165,COc1cccc(/C=N/c2cc(C)cc(C)c2O)c1O,0
ZINC03891776,DUD_er_agonist_D_2166,Cc1sc(/N=C\c2c(O)ccc3ccccc23)c(C#N)c1C,0
ZINC03891789,DUD_er_agonist_D_2167,CC(C)(C)c1ccc(O)c(/N=C/c2ccccc2[N+](=O)[O-])c1,0
ZINC03891790,DUD_er_agonist_D_2168,O=C(N/N=C1\CCCCCN1)c1ccc(Br)cc1,0
ZINC03891791,DUD_er_agonist_D_2169,O=C(N/N=C1\CCCCCN1)c1ccc(Br)cc1,0
ZINC03891889,DUD_er_agonist_D_2170,Cc1nc2cc(/N=C/c3ccccc3O)ccc2n1C,0
ZINC03891997,DUD_er_agonist_D_2171,Cc1[nH]c2ccccc2c1/C=N\NC(=O)OC(C)(C)C,0
ZINC03891998,DUD_er_agonist_D_2172,CC(C)(C)OC(=O)N/N=C/c1nc2ccccc2[nH]1,0
ZINC03891998,DUD_er_agonist_D_2173,CC(C)(C)OC(=O)N/N=C/c1[nH]c2ccccc2[nH+]1,0
ZINC03892041,DUD_er_agonist_D_2174,Cc1cc(C)c(O)c(/N=C/c2cc(Br)ccc2O)c1,0
ZINC03892042,DUD_er_agonist_D_2175,Cc1cc(C)c(O)c(/N=C\c2cc(Cl)ccc2O)c1,0
ZINC03892093,DUD_er_agonist_D_2176,Cc1cc(C)c(/C=N/NC(=O)c2ccc(O)cc2)c(C)c1,0
ZINC03892156,DUD_er_agonist_D_2177,COc1ccc(/C=C2/CCc3ccccc3C2=O)cc1O,0
ZINC03892157,DUD_er_agonist_D_2178,COc1ccc(/C=C2\CCc3ccccc3C2=O)cc1O,0
ZINC03892170,DUD_er_agonist_D_2179,Cc1[nH]c2ccccc2c1/C=N/NC(=O)c1ccoc1C,0
ZINC03892890,DUD_er_agonist_D_2180,Cc1cc(C(=O)N/N=C/c2c(C)[nH]c3ccccc23)c(C)o1,0
ZINC03895516,DUD_er_agonist_D_2181,O=C(NC12CC3CC(CC(C3)C1)C2)c1ccc([N+](=O)[O-])cc1,0
ZINC03896497,DUD_er_agonist_D_2182,c1cn2c(NC3CCCC3)c(-c3ccsc3)[nH+]c2cn1,0
ZINC03896497,DUD_er_agonist_D_2183,c1cn2c(NC3CCCC3)c(-c3ccsc3)nc2cn1,0
ZINC03896507,DUD_er_agonist_D_2184,c1csc(-c2[nH+]c3cnccn3c2NC2CCCC2)c1,0
ZINC03896507,DUD_er_agonist_D_2185,c1csc(-c2nc3cnccn3c2NC2CCCC2)c1,0
ZINC03898183,DUD_er_agonist_D_2186,CCOc1ccc2[nH+]c3cc([N+](=O)[O-])ccc3c(NC)c2c1,0
ZINC03899187,DUD_er_agonist_D_2187,Cc1cccc([N+](=O)[O-])c1NCc1ccc(N(C)C)cc1,0
ZINC03902335,DUD_er_agonist_D_2188,COc1ccc(-c2c(C#N)c(N)[nH+]c3c2C[C@H](C)CC3)cc1,0
ZINC03902340,DUD_er_agonist_D_2189,CC(C)Cc1cc2c(c(N)[nH+]1)c(=O)oc1ccccc12,0
ZINC03902342,DUD_er_agonist_D_2190,COc1cccc2c1oc(=O)c1c(N)[nH+]c3c(c12)CCCC3,0
ZINC03902359,DUD_er_agonist_D_2191,Cc1ccc(-c2cc(CC(C)C)[nH+]c(N)c2C#N)cc1,0
ZINC03903640,DUD_er_agonist_D_2192,C[C@H]1CCC[C@H](/N=C/[C@@H]2C(=O)Nc3ccccc32)[C@@H]1C,0
ZINC03903640,DUD_er_agonist_D_2193,C[C@H]1CCC[C@H](/[NH+]=C\[C@@H]2C(=O)Nc3ccccc32)[C@@H]1C,0
ZINC03905729,DUD_er_agonist_D_2194,O=C(Nc1ncccc1O)C12CC3CC(CC(C3)C1)C2,0
ZINC03905742,DUD_er_agonist_D_2195,OCC/N=C1/CCCc2c1[nH]c1ccc(Br)cc21,0
ZINC03912081,DUD_er_agonist_D_2196,CC(C)(C)c1ccc(O)c(/N=C\c2cc(Cl)ccc2O)c1,0
ZINC03912082,DUD_er_agonist_D_2197,N#Cc1c(/N=C\c2ccccc2O)sc2c1CCCC2,0
ZINC03912090,DUD_er_agonist_D_2198,CC(C)(C)c1ccc(O)c(/N=C/c2ccccc2O)c1,0
ZINC03912094,DUD_er_agonist_D_2199,Cc1cc(C)c(/C=N\c2ccccc2C(N)=O)c(C)c1,0
ZINC03912100,DUD_er_agonist_D_2200,Cc1cc(C)c(/C=N\c2cccc(C(N)=O)c2)c(C)c1,0
ZINC03912122,DUD_er_agonist_D_2201,C[C@H]1CCc2c(sc(/N=C\c3ccccc3O)c2C#N)C1,0
ZINC03912123,DUD_er_agonist_D_2202,C[C@@H]1CCc2c(sc(/N=C/c3ccccc3O)c2C#N)C1,0
ZINC03912352,DUD_er_agonist_D_2203,O=C(N/N=C/c1ccccc1)c1n[nH]c2c1CCCC2,0
ZINC03912414,DUD_er_agonist_D_2204,COc1cccc(/C=N\n2c(=O)[nH]c3ccccc32)c1OC,0
ZINC03912567,DUD_er_agonist_D_2205,O=C1Nc2ccccc2/C1=N/NC(=O)C1[C@@H]2CCCC[C@@H]12,0
ZINC03912587,DUD_er_agonist_D_2206,Cc1cc(C)c(/N=C/c2ccc(O)cc2O)c(C)c1,0
ZINC03912645,DUD_er_agonist_D_2207,Cc1cc(C)n(/N=C\c2c(O)ccc3ccccc23)c(=O)c1,0
ZINC03912819,DUD_er_agonist_D_2208,CC(=O)N/N=C\c1cc(C)n(-c2ccccc2F)c1C,0
ZINC03915640,DUD_er_agonist_D_2209,CSC1=NC(=O)/C(=C/c2c(C)[nH]c3ccccc23)S1,0
ZINC03917600,DUD_er_agonist_D_2210,CN(C)/C(N)=N\c1ccccc1N1CCSCC1,0
ZINC03917924,DUD_er_agonist_D_2211,C[C@H](N/C(=N/C#N)Nc1ccc(F)cc1)C(C)(C)C,0
ZINC03922122,DUD_er_agonist_D_2212,CC/C(=N/NC(=O)C(C)(C)O)c1ccccc1Cl,0
ZINC03927944,DUD_er_agonist_D_2213,C[C@@]12CC[C@@H]3c4ccc5[nH]ccc5c4CC[C@@H]3[C@@H]1CC[C@@H]2O,0
ZINC03938273,DUD_er_agonist_D_2214,Cc1cnc(C(=O)N[C@@H]2C[C@H]2c2ccccc2)c(N)n1,0
ZINC03943315,DUD_er_agonist_D_2215,O=[N+]([O-])c1ccc(Nc2cc(C3CCC3)[nH]n2)cc1,0
ZINC03943315,DUD_er_agonist_D_2216,O=[N+]([O-])c1ccc(Nc2cc(C3CCC3)n[nH]2)cc1,0
ZINC03944815,DUD_er_agonist_D_2217,O=c1[nH]c2c(c(O)c1Cc1ccccc1)CCCC2,0
ZINC03944815,DUD_er_agonist_D_2218,Oc1nc2c(c(O)c1Cc1ccccc1)CCCC2,0
ZINC03944975,DUD_er_agonist_D_2219,CCOc1ccc2nc3cc(N)ccc3c(OC)c2c1,0
ZINC03944975,DUD_er_agonist_D_2220,CCOc1ccc2[nH+]c3cc(N)ccc3c(OC)c2c1,0
ZINC03949689,DUD_er_agonist_D_2221,CC/C(=C\c1c(Cl)n(C)c2ccccc12)C(=O)N=C(N)N,0
ZINC03949691,DUD_er_agonist_D_2222,CC/C(=C\c1cn(C)c2c(Cl)cccc12)C(=O)N=C(N)N,0
ZINC03950321,DUD_er_agonist_D_2223,CC[C@@H]1Oc2cc(O)cc(C)c2N=C1c1ccc(O)cc1,0
ZINC03952329,DUD_er_agonist_D_2224,CC/C(=C\c1cc2ccccc2cc1C)C(=O)N=C(N)N,0
ZINC03952974,DUD_er_agonist_D_2225,Cc1c([C@@H](C)O)cc(C(C)C)c(-c2ccc(O)cc2)c1Cl,0
ZINC03955270,DUD_er_agonist_D_2226,O=C1Nc2ncccc2/C1=C\c1cc2c([nH]1)CCCC2,0
ZINC03955272,DUD_er_agonist_D_2227,Cc1c(/C=C2\C(=O)Nc3ncccc32)[nH]c2c1CCCC2,0
ZINC03956414,DUD_er_agonist_D_2228,CCc1c(C)nc(S/C=C\c2ccccc2)[nH]c1=O,0
ZINC03956441,DUD_er_agonist_D_2229,Cc1cc(O)c(/N=C/c2cccc(C)c2O)cc1C,0
ZINC03956453,DUD_er_agonist_D_2230,O=C(N/N=C/c1ccc(N2CCCCC2)o1)c1ccco1,0
ZINC03956474,DUD_er_agonist_D_2231,Cc1cccc(/C=N\c2cc(C(C)(C)C)ccc2O)c1O,0
ZINC03956502,DUD_er_agonist_D_2232,Oc1ccccc1/N=C\c1c(O)ccc2oc3c(c12)CCCC3,0
ZINC03957527,DUD_er_agonist_D_2233,CCOc1ccc2ccccc2c1/C=N\NC(=O)OC,0
ZINC03957585,DUD_er_agonist_D_2234,CCc1c(O)c2cccc3c4c(n(c1=O)c23)CC[C@@H](C)C4,0
ZINC03958082,DUD_er_agonist_D_2235,CCc1c(O)c2c(n(-c3ccccc3)c1=O)CCCC2,0
ZINC03958184,DUD_er_agonist_D_2236,CCc1c(O)[n+]2c(n(-c3ccccc3)c1=O)CCCC2,0
ZINC03958189,DUD_er_agonist_D_2237,O=c1c(Cc2ccccc2)c(O)[n+]2c3n1CCC[C@@H]3CC2,0
ZINC03958220,DUD_er_agonist_D_2238,CC1(C)Cc2cc(O)c(Cc3ccccc3)c(=O)n2C1,0
ZINC03958436,DUD_er_agonist_D_2239,COc1ccc(/N=C/c2c(O)[nH]c3ccccc23)cc1OC,0
ZINC03959122,DUD_er_agonist_D_2240,Cc1ccc(/N=C\c2cc([N+](=O)[O-])cc(C)c2[O-])c(C)c1,0
ZINC03959140,DUD_er_agonist_D_2241,Cc1ccc(/N=C/c2cc([N+](=O)[O-])cc(C)c2[O-])cc1C,0
ZINC03960801,DUD_er_agonist_D_2242,CC(C)Oc1ccc2ccccc2c1C(=O)N=C(N)N,0
ZINC03961119,DUD_er_agonist_D_2243,CC(C)c1ccc(/C=C2\Oc3cc(O)ccc3C2=O)cc1,0
ZINC03961129,DUD_er_agonist_D_2244,CC(C)c1ccc(/C=C2\Oc3cc(O)ccc3C2=O)cc1,0
ZINC03962055,DUD_er_agonist_D_2245,Cc1ccc(/N=C/c2c(O)ccc3oc4c(c23)CCCC4)nc1,0
ZINC03962070,DUD_er_agonist_D_2246,Cc1cccc(/N=C/c2c(O)ccc3oc4c(c23)CCCC4)n1,0
ZINC03962117,DUD_er_agonist_D_2247,Cc1ccnc(/N=C/c2c(O)ccc3oc4c(c23)CCCC4)c1,0
ZINC03962400,DUD_er_agonist_D_2248,NC(=O)c1c(/N=C\c2cccs2)sc2c1CCCC2,0
ZINC03962425,DUD_er_agonist_D_2249,C[C@H]1CCc2c(sc(/N=C/c3ccco3)c2C(N)=O)C1,0
ZINC03962434,DUD_er_agonist_D_2250,C[C@@H]1CCc2c(sc(/N=C\c3ccco3)c2C(N)=O)C1,0
ZINC03962648,DUD_er_agonist_D_2251,C[C@H]1CCc2c(sc(/N=C/c3cccs3)c2C(N)=O)C1,0
ZINC03962706,DUD_er_agonist_D_2252,C[C@@H]1CCc2c(sc(/N=C/c3cccs3)c2C(N)=O)C1,0
ZINC03963037,DUD_er_agonist_D_2253,Cc1ccc(/C=N/NC(=O)c2cc(C)n[nH]2)c(C)c1,0
ZINC03963228,DUD_er_agonist_D_2254,Cc1ccsc1/C=N\NC(=O)c1ccc2c(c1)OCCO2,0
ZINC03963552,DUD_er_agonist_D_2255,O=C(N/N=C/c1cc(Br)ccc1O)C1CCCCC1,0
ZINC03963666,DUD_er_agonist_D_2256,O=C1Nc2ccccc2/C1=N\NC(=O)C1CCCCC1,0
ZINC03963684,DUD_er_agonist_D_2257,O=C(N/N=C\c1ccccc1[N+](=O)[O-])C1CCCCC1,0
ZINC03963807,DUD_er_agonist_D_2258,C/C(Nc1ccccc1N)=C1/C(=O)C[C@H]2[C@H]1C2(C)C,0
ZINC03963873,DUD_er_agonist_D_2259,Cc1ccc(/N=C\c2cc3cccc(C)c3[nH]c2=O)cc1,0
ZINC03963876,DUD_er_agonist_D_2260,Cc1ccc(C)c(/N=C\c2cc3ccccc3[nH]c2=O)c1,0
ZINC03963895,DUD_er_agonist_D_2261,Cc1ccc2[nH]c(=O)c(/C=N\c3ccccc3C)cc2c1,0
ZINC03963904,DUD_er_agonist_D_2262,Cc1ccccc1/N=C/c1cc2cccc(C)c2[nH]c1=O,0
ZINC03963905,DUD_er_agonist_D_2263,Cc1cccc(/N=C/c2cc3cccc(C)c3[nH]c2=O)c1,0
ZINC03963908,DUD_er_agonist_D_2264,Cc1cccc(/N=C/c2cc3ccc(C)cc3[nH]c2=O)c1,0
ZINC03963912,DUD_er_agonist_D_2265,Cc1ccc2[nH]c(=O)c(/C=N\c3cccc(C)c3C)cc2c1,0
ZINC03963923,DUD_er_agonist_D_2266,Cc1ccc2[nH]c(=O)c(/C=N/c3ccc(C)c(C)c3)cc2c1,0
ZINC03963929,DUD_er_agonist_D_2267,Cc1ccc(C)c(/N=C/c2cc3cccc(C)c3[nH]c2=O)c1,0
ZINC03963934,DUD_er_agonist_D_2268,Cc1ccc(/N=C/c2cc3ccccc3[nH]c2=O)c(C)c1,0
ZINC03963936,DUD_er_agonist_D_2269,Cc1ccc(/N=C\c2cc3ccccc3[nH]c2=O)cc1C,0
ZINC03963938,DUD_er_agonist_D_2270,Cc1ccc(/N=C\c2cc3ccc(C)cc3[nH]c2=O)cc1,0
ZINC03963939,DUD_er_agonist_D_2271,Cc1ccc(/N=C/c2cc3cc(C)ccc3[nH]c2=O)c(C)c1,0
ZINC03963941,DUD_er_agonist_D_2272,Cc1nn(-c2ccccc2)c2c1/C(=N\O)CC(C)(C)C2,0
ZINC03963950,DUD_er_agonist_D_2273,Cc1ccc(/N=C\c2cc3cc(C)ccc3[nH]c2=O)cc1,0
ZINC03963954,DUD_er_agonist_D_2274,CC(C)(C)c1ccc(/C=C2/Oc3cc(O)ccc3C2=O)cc1,0
ZINC03963957,DUD_er_agonist_D_2275,Cc1cc(C)cc(N/C=C2/Oc3cc(O)ccc3C2=O)c1,0
ZINC03964214,DUD_er_agonist_D_2276,CC1(C)[C@@H](C(=O)N=C(N)N)[C@H]1c1cccc2c1CCO2,0
ZINC03967002,DUD_er_agonist_D_2277,O=C(N/N=C\c1ccccc1O)[C@@H]1[C@@H]2CCCC[C@@H]21,0
ZINC03967617,DUD_er_agonist_D_2278,Cc1cccc2c1N=C(O)/C2=N/NC(=O)OC(C)(C)C,0
ZINC03967620,DUD_er_agonist_D_2279,Cc1cc(C(=O)N/N=C2\C(O)=Nc3c(C)cccc32)c(C)o1,0
ZINC03967658,DUD_er_agonist_D_2280,Cc1cccc2c1N=C(O)/C2=N/NC(=O)c1ccoc1C,0
ZINC03967912,DUD_er_agonist_D_2281,C/C(=N/NC(=O)c1cc(C2CC2)n[nH]1)c1ccccc1,0
ZINC03968433,DUD_er_agonist_D_2282,C[C@@H]1CCc2c(C(=O)N/N=C\c3ccccn3)csc2C1,0
ZINC03968434,DUD_er_agonist_D_2283,C[C@H]1CCc2c(C(=O)N/N=C/c3ccccn3)csc2C1,0
ZINC03968512,DUD_er_agonist_D_2284,CC(C)c1cc(C(=O)N/N=C\c2ccc[nH]2)cs1,0
ZINC03968545,DUD_er_agonist_D_2285,O=C(N/N=C/c1c(O)ccc2ccccc12)C1CCCCC1,0
ZINC03968549,DUD_er_agonist_D_2286,CC(C)c1cc(C(=O)N/N=C/c2ccccn2)cs1,0
ZINC03968602,DUD_er_agonist_D_2287,Cc1cc(C(=O)N/N=C/c2c(C)[nH]c3ccccc23)cs1,0
ZINC03968609,DUD_er_agonist_D_2288,Cc1ccc(C(=O)N/N=C/c2c(C)[nH]c3ccccc23)o1,0
ZINC03968652,DUD_er_agonist_D_2289,O=C(N/N=C/c1cccnc1)c1csc2c1CCCC2,0
ZINC03968673,DUD_er_agonist_D_2290,O=C(N/N=C\c1ccccn1)c1csc2c1CCCC2,0
ZINC03968674,DUD_er_agonist_D_2291,O=C(N/N=C/c1ccncc1)c1csc2c1CCCC2,0
ZINC03968753,DUD_er_agonist_D_2292,Cc1ccsc1/C=N\NC(=O)c1cc(C2CC2)[nH]n1,0
ZINC03968753,DUD_er_agonist_D_2293,Cc1ccsc1/C=N/NC(=O)c1cc(C2CC2)n[nH]1,0
ZINC03968761,DUD_er_agonist_D_2294,C[C@@H]1CCc2c(C(=O)N/N=C\c3ccoc3)csc2C1,0
ZINC03968762,DUD_er_agonist_D_2295,C[C@@H]1CCc2c(C(=O)N/N=C\c3ccoc3)csc2C1,0
ZINC03969325,DUD_er_agonist_D_2296,C[C@H](/N=C/c1ccccc1O)C12C[C@@H]3C[C@H](CC(O)(C3)C1)C2,0
ZINC03969763,DUD_er_agonist_D_2297,CCCc1[nH+]c(N)c(C#N)c(-c2ccccc2)c1C,0
ZINC03970837,DUD_er_agonist_D_2298,CN1/C(=C\C=N/c2nnc[nH]2)C(C)(C)c2ccccc21,0
ZINC03970838,DUD_er_agonist_D_2299,CN1/C(=C/C=N/c2nnc[nH]2)C(C)(C)c2ccccc21,0
ZINC03970911,DUD_er_agonist_D_2300,Cn1/c(=N\NC2=CCCCC2=O)sc2ccccc21,0
ZINC03970916,DUD_er_agonist_D_2301,Oc1cccc(/C=N/c2ccc(N3CCCCC3)cc2)c1O,0
ZINC03971344,DUD_er_agonist_D_2302,COc1ccc(C(=O)N/N=C2\CCCCCN2)cc1,0
ZINC03971345,DUD_er_agonist_D_2303,COc1ccc(C(=O)N/N=C2\CCCCCN2)cc1,0
ZINC03971488,DUD_er_agonist_D_2304,CCc1ccc(/C=N/NC(=O)c2cc(C)[nH]n2)cc1,0
ZINC03971624,DUD_er_agonist_D_2305,O=C(N/N=C\c1ccc(F)cc1)c1[nH]nc2c1CCCC2,0
ZINC03972165,DUD_er_agonist_D_2306,Cc1ccc(/N=C2/C(=O)Nc3ccc(C)cc32)c(C)c1,0
ZINC03972166,DUD_er_agonist_D_2307,Cc1ccc(/N=C2\C(=O)Nc3ccc(C)cc32)c(C)c1,0
ZINC03972174,DUD_er_agonist_D_2308,Cc1ccc2c(c1)/C(=N\c1c(C)cccc1C)C(=O)N2,0
ZINC03972183,DUD_er_agonist_D_2309,Cc1ccc2c(c1)/C(=N\c1ccc(C)c(C)c1)C(=O)N2,0
ZINC03973577,DUD_er_agonist_D_2310,Cc1ccsc1/C=N/NC(=O)c1cc(C(C)(C)C)n[nH]1,0
ZINC03973862,DUD_er_agonist_D_2311,Cc1oc(/N=C\c2c(O)ccc3ccccc23)c(C#N)c1C,0
ZINC03974487,DUD_er_agonist_D_2312,Cc1cccc(N2CCC(/N=C/c3ccccc3O)=N2)c1,0
ZINC03974922,DUD_er_agonist_D_2313,O=C(N/N=C\c1ccccc1Cl)c1[nH]nc2c1CCCC2,0
ZINC03974923,DUD_er_agonist_D_2314,Cc1ccc(/C=N/NC(=O)c2[nH]nc3c2CCCC3)cc1,0
ZINC03974925,DUD_er_agonist_D_2315,O=C(N/N=C/c1ccc(Cl)cc1)c1[nH]nc2c1CCCC2,0
ZINC03974999,DUD_er_agonist_D_2316,O=C(N/N=C/c1ccccc1F)c1[nH]nc2c1CCCC2,0
ZINC03975000,DUD_er_agonist_D_2317,Cc1ccsc1/C=N/NC(=O)c1[nH]nc2c1CCCC2,0
ZINC03975208,DUD_er_agonist_D_2318,COc1ccc(/C=C2\Oc3c(ccc(O)c3C)C2=O)cc1,0
ZINC03975965,DUD_er_agonist_D_2319,C/C=C1/C[N@@+]2(C)CC[C@@]34c5ccccc5N[C@H]3[C@H](CO)[C@@H]1C[C@H]42,0
ZINC03975967,DUD_er_agonist_D_2320,C/C=C1/C[N@+]2(C)CC[C@@]34c5ccccc5N[C@H]3[C@H](CO)[C@H]1C[C@@H]42,0
ZINC03977594,DUD_er_agonist_D_2321,Cc1[nH]c2ccccc2c1/C=N/NC1=[NH+]CCCCC1,0
ZINC03977633,DUD_er_agonist_D_2322,Cc1ccccc1C(=O)N/N=C1\CCCCCN1,0
ZINC03977634,DUD_er_agonist_D_2323,OC1=Nc2ccccc2/C1=N/N=C1\CCCCCN1,0
ZINC03977636,DUD_er_agonist_D_2324,OC1=Nc2ccccc2/C1=N/N=C1\CCCCCN1,0
ZINC03977652,DUD_er_agonist_D_2325,CC(C)c1ccc(/N=C2/N=C(N)c3ccccc32)cc1,0
ZINC03977653,DUD_er_agonist_D_2326,CC(C)c1ccc(/N=C2\N=C(N)c3ccccc32)cc1,0
ZINC03977660,DUD_er_agonist_D_2327,C(=N\NC1=[NH+]CCCCC1)\c1c[nH]c2ccccc12,0
ZINC03977692,DUD_er_agonist_D_2328,O=C(N/N=C1\CCCCCN1)c1ccccc1Cl,0
ZINC03977693,DUD_er_agonist_D_2329,O=C(N/N=C1/CCCCCN1)c1ccccc1Cl,0
ZINC03977698,DUD_er_agonist_D_2330,CC(C)(C)c1ccc(/N=C2\C(=O)Nc3ccccc32)cc1,0
ZINC03980039,DUD_er_agonist_D_2331,CC(C)CCN1CC(=O)C(c2nc3ccccc3[nH]2)=C1N,0
ZINC03980039,DUD_er_agonist_D_2332,CC(C)CCN1CC(=O)C(c2[nH]c3ccccc3[nH+]2)=C1N,0
ZINC03980300,DUD_er_agonist_D_2333,COc1ccc(/N=C/c2cc3cc(C)ccc3[nH]c2=O)cc1,0
ZINC03980300,DUD_er_agonist_D_2334,COc1ccc(/N=C\c2cc3cc(C)ccc3nc2O)cc1,0
ZINC03980304,DUD_er_agonist_D_2335,Cc1cccc(/N=C\c2cc3ccccc3[nH]c2=O)c1C,0
ZINC03980304,DUD_er_agonist_D_2336,Cc1cccc(/N=C/c2cc3ccccc3nc2O)c1C,0
ZINC03987446,DUD_er_agonist_D_2337,Cc1ccc(/C=N/NC(=O)c2ccc3c(c2)OCCO3)s1,0
ZINC03987653,DUD_er_agonist_D_2338,CC(C)(C)OC(=O)N/N=C/c1c(Cl)[nH]c2ccccc12,0
ZINC03990121,DUD_er_agonist_D_2339,N#C[C@@H]1C(=N)SC2(CCCCC2)S[C@@H]1c1ccccc1,0
ZINC03990121,DUD_er_agonist_D_2340,N#C[C@H]1C(=N)SC2(CCCCC2)S[C@H]1c1ccccc1,0
ZINC03990124,DUD_er_agonist_D_2341,C/C(=N\NC(=O)c1cc(C2CC2)n[nH]1)c1ccc(F)cc1,0
ZINC03990124,DUD_er_agonist_D_2342,C/C(=N/NC(=O)c1cc(C2CC2)[nH]n1)c1ccc(F)cc1,0
ZINC03993180,DUD_er_agonist_D_2343,CCCCN1CC(=O)C(c2nc3ccccc3[nH]2)=C1N,0
ZINC03993180,DUD_er_agonist_D_2344,CCCCN1CC(=O)C(c2[nH]c3ccccc3[nH+]2)=C1N,0
ZINC03993213,DUD_er_agonist_D_2345,CC(C)(C)c1cc(Cl)c(O)c(/N=C/c2ccccc2O)c1,0
ZINC03995276,DUD_er_agonist_D_2346,O=C(Nc1cccc([N+](=O)[O-])c1)C12CC3CC(CC(C3)C1)C2,0
ZINC03995667,DUD_er_agonist_D_2347,O=c1[nH]c(S)nc2c1C1(CCCCC1)Cc1ccccc1-2,0
ZINC03995667,DUD_er_agonist_D_2348,Oc1nc(S)nc2c1C1(CCCCC1)Cc1ccccc1-2,0
ZINC03995667,DUD_er_agonist_D_2349,O=c1nc(S)[nH]c2c1C1(CCCCC1)Cc1ccccc1-2,0
ZINC03997271,DUD_er_agonist_D_2350,CC(=O)N/N=C/c1cc(C)n(-c2ccc(O)cc2)c1C,0
ZINC03997278,DUD_er_agonist_D_2351,Cc1cc(/C=N\NC(=O)c2cc3ccccc3o2)c(C)o1,0
ZINC03997291,DUD_er_agonist_D_2352,CC(=O)N/N=C\c1cc(C)n(-c2ccc3c(c2)OCO3)c1C,0
ZINC03997329,DUD_er_agonist_D_2353,CC(=O)N/N=C/c1cccn1-c1ccc(N(C)C)cc1,0
ZINC03997420,DUD_er_agonist_D_2354,Cc1ccc(O)c(/C=N/NC(=O)c2ccc(C)o2)c1,0
ZINC03998675,DUD_er_agonist_D_2355,COc1cc([N+](=O)[O-])cc2c1N[C@@H](C(C)C)[C@H]1CC=C[C@H]21,0
ZINC03998897,DUD_er_agonist_D_2356,COc1ccc(/N=C/c2ccc(SC)cc2)cc1N,0
ZINC04000726,DUD_er_agonist_D_2357,Cc1ccc(C(=O)N/N=C\c2ccc3c(c2)OCO3)c(C)c1,0
ZINC04001281,DUD_er_agonist_D_2358,Cc1ccc(/N=c2/c([N+](=O)[O-])c(O)oc3ccccc23)cc1C,0
ZINC04001309,DUD_er_agonist_D_2359,Cc1ccc(/N=c2/c([N+](=O)[O-])c(O)oc3ccccc23)c(C)c1,0
ZINC04001310,DUD_er_agonist_D_2360,Cc1ccc(/N=c2/c([N+](=O)[O-])c(O)oc3ccccc23)c(C)c1,0
ZINC04003655,DUD_er_agonist_D_2361,Cc1nn(C)c(/C=C\Nc2ccc(F)cc2)c1[N+](=O)[O-],0
ZINC04003811,DUD_er_agonist_D_2362,CCOC(=O)[C@@H]1Nc2ccc([N+](=O)[O-])cc2[C@@H]2C=CC[C@@H]12,0
ZINC04007242,DUD_er_agonist_D_2363,N#Cc1c(N)[nH+]c2c(c1-c1ccccc1)CCCCCC2,0
ZINC04010331,DUD_er_agonist_D_2364,Cc1[nH]c2ccccc2c1CC/N=C1\CC(=O)CC(C)(C)C1,0
ZINC04010331,DUD_er_agonist_D_2365,Cc1[nH]c2ccccc2c1CC/[NH+]=C1\CC(=O)CC(C)(C)C1,0
ZINC04011518,DUD_er_agonist_D_2366,CC(C)c1ccc(-c2c(C#N)c(N)[nH+]c3c2CCC3)cc1,0
ZINC04011561,DUD_er_agonist_D_2367,Cc1ccc(-c2c(C#N)c(N)[nH+]c3c2CCCCCC3)cc1,0
ZINC04012477,DUD_er_agonist_D_2368,Cc1ccc([N+](=O)[O-])c2c3c([nH]c12)/C(=N\CCO)CCC3,0
ZINC04015227,DUD_er_agonist_D_2369,CNc1ccccc1C(C)(C)c1cc(-c2ccco2)[nH]n1,0
ZINC04021979,DUD_er_agonist_D_2370,N#Cc1c(N)[nH+]c2c(c1-c1ccccc1Cl)CCC2,0
ZINC04023848,DUD_er_agonist_D_2371,COc1ccc(-c2c[nH]nc2-c2ccc(OC)cc2)cc1,0
ZINC04023848,DUD_er_agonist_D_2372,COc1ccc(-c2cn[nH]c2-c2ccc(OC)cc2)cc1,0
ZINC04024702,DUD_er_agonist_D_2373,CC(C)(C)c1cc(=O)[nH]c(SCc2ccccc2)n1,0
ZINC04024702,DUD_er_agonist_D_2374,CC(C)(C)c1cc(O)nc(SCc2ccccc2)n1,0
ZINC04024702,DUD_er_agonist_D_2375,CC(C)(C)c1cc(=O)nc(SCc2ccccc2)[nH]1,0
ZINC04025542,DUD_er_agonist_D_2376,Nc1ccc(-c2cn3c4c(sc3n2)CCCC4)cc1,0
ZINC04025542,DUD_er_agonist_D_2377,Nc1ccc(-c2cn3c4c(sc3[nH+]2)CCCC4)cc1,0
ZINC04030205,DUD_er_agonist_D_2378,CCN(CC)c1ccc(-n2cnc3cc(N)ccc32)cc1,0
ZINC04030688,DUD_er_agonist_D_2379,O=[N+]([O-])c1ccc(N[C@H]2CCCc3ccccc32)[nH+]c1,0
ZINC04031442,DUD_er_agonist_D_2380,Cc1ccc(-c2c(C#N)c(N)[nH+]c3c2CCCCCC3)o1,0
ZINC04036395,DUD_er_agonist_D_2381,Cc1nc(N/N=C\c2c[nH]c3ccccc23)sc1C,0
ZINC04039942,DUD_er_agonist_D_2382,CN/C(S)=N/N=C\c1c(OC)ccc2ccccc12,0
ZINC04045166,DUD_er_agonist_D_2383,Nc1cccc(NC(=O)C2C3CC4CC(C3)CC2C4)c1,0
ZINC04045945,DUD_er_agonist_D_2384,COc1cccc2c1oc(=O)c1c(N)[nH+]c3c(c12)C[C@H](C)CC3,0
ZINC04045947,DUD_er_agonist_D_2385,COc1cccc2c1oc(=O)c1c(N)[nH+]c3c(c12)C[C@@H](C)CC3,0
ZINC04046285,DUD_er_agonist_D_2386,Nc1cccc(-n2nncc2C23CC4CC(CC(C4)C2)C3)c1,0
ZINC04052857,DUD_er_agonist_D_2387,CCOC(=O)C[C@@H](c1ccc(N)cc1)n1c(C)ccc1C,0
ZINC04053914,DUD_er_agonist_D_2388,Cc1nn(C)c(/C=C\Nc2ccccc2)c1[N+](=O)[O-],0
ZINC04054541,DUD_er_agonist_D_2389,Cc1cc(Nc2ncc([N+](=O)[O-])s2)ccc1C(C)C,0
ZINC04059952,DUD_er_agonist_D_2390,O=C(N/N=C/c1nc2ccccc2[nH]1)C1[C@@H]2CCCC[C@@H]12,0
ZINC04059952,DUD_er_agonist_D_2391,O=C(N/N=C\c1[nH]c2ccccc2[nH+]1)C1[C@H]2CCCC[C@H]12,0
ZINC04066451,DUD_er_agonist_D_2392,O=C(N/N=C\c1c[nH]c2ccccc12)C1[C@@H]2CCCC[C@@H]12,0
ZINC04073094,DUD_er_agonist_D_2393,CC(C)(C)C(=O)/C(=C/c1ccccc1)c1nc(O)cs1,0
ZINC04091645,DUD_er_agonist_D_2394,CC(C)CC(=O)NC(=S)Nc1ccc([N+](=O)[O-])cc1,0
ZINC04093701,DUD_er_agonist_D_2395,CC(C)COc1ccc(/C=C2\NC(=S)NC2=O)cc1,0
ZINC04093831,DUD_er_agonist_D_2396,Nc1c2c([nH+]c3ccccc13)N(C1CCCCC1)CC2,0
ZINC04094697,DUD_er_agonist_D_2397,C/C(=N\NC(=O)c1n[nH]c2c1CCC2)c1cccc(O)c1,0
ZINC04094697,DUD_er_agonist_D_2398,C/C(=N\NC(=O)c1[nH]nc2c1CCC2)c1cccc(O)c1,0
ZINC04094698,DUD_er_agonist_D_2399,C/C(=N/NC(=O)c1n[nH]c2c1CCCC2)c1ccco1,0
ZINC04094698,DUD_er_agonist_D_2400,C/C(=N\NC(=O)c1[nH]nc2c1CCCC2)c1ccco1,0
ZINC04095457,DUD_er_agonist_D_2401,OCCC/N=C1\CCCc2c1[nH]c1ccc(Cl)cc21,0
ZINC04104318,DUD_er_agonist_D_2402,O=[N+]([O-])c1ccc(N2CCCC2)cc1NCc1ccco1,0
ZINC04104321,DUD_er_agonist_D_2403,O=[N+]([O-])c1ccc(N2CCCCC2)cc1NCc1ccco1,0
ZINC04104394,DUD_er_agonist_D_2404,COc1ccc(-c2c(C#N)c(N)[nH+]c3c2CCCCCC3)cc1,0
ZINC04107371,DUD_er_agonist_D_2405,O=[N+]([O-])/C=C1/NCCCN1CCCc1ccccc1,0
ZINC04111124,DUD_er_agonist_D_2406,[NH2+]=c1c2c3c(sc2ncn1Cc1ccco1)CCCC3,0
ZINC04111523,DUD_er_agonist_D_2407,CO/C(O)=C1\C(C)=Nc2ncnn2[C@@H]1c1sccc1C,0
ZINC04114008,DUD_er_agonist_D_2408,CN(C)c1ccc(/N=N/c2ccc(N)cc2Cl)cc1,0
ZINC04114861,DUD_er_agonist_D_2409,C/C(=N/NC(=O)c1ccc(=O)[nH]n1)c1ccc(C)cc1,0
ZINC04114861,DUD_er_agonist_D_2410,C/C(=N/NC(=O)c1ccc(O)nn1)c1ccc(C)cc1,0
ZINC04116089,DUD_er_agonist_D_2411,Cc1cc(C(=O)N/N=C2/CCCc3ccccc32)[nH]n1,0
ZINC04116089,DUD_er_agonist_D_2412,Cc1cc(C(=O)N/N=C2/CCCc3ccccc32)n[nH]1,0
ZINC04117622,DUD_er_agonist_D_2413,N#Cc1c(-c2cccc(Br)c2)cc(C2CC2)[nH+]c1N,0
ZINC04118124,DUD_er_agonist_D_2414,COc1ccc(Cl)cc1Nc1nc(C)cc(C)c1C(N)=O,0
ZINC04121849,DUD_er_agonist_D_2415,CC1(C)NC(=O)N(CNc2cccc3ccccc23)C1=O,0
ZINC04125148,DUD_er_agonist_D_2416,Cc1cc[n+](CC(=O)C23CC4CC(CC(C4)C2)C3)c(N)c1,0
ZINC04125498,DUD_er_agonist_D_2417,Cc1ccc2nc3[nH+]c4c(C)cccc4c(N)c3cc2c1,0
ZINC04129069,DUD_er_agonist_D_2418,C[C@@H]1CCCc2c1[nH+]c(N)c(C#N)c2-c1ccccc1,0
ZINC04131904,DUD_er_agonist_D_2419,O=[N+]([O-])c1ccc(NC23CC4CC(CC(C4)C2)C3)c2ncccc12,0
ZINC04132179,DUD_er_agonist_D_2420,[NH2+]=c1c2c3c(sc2ncn1Cc1ccccc1)CCCC3,0
ZINC04135833,DUD_er_agonist_D_2421,C/C(=N/NC(=O)c1[nH]nc2c1CCC2)c1cccs1,0
ZINC04135874,DUD_er_agonist_D_2422,C/C(=N/NC(=O)c1cc(C)n[nH]1)c1ccc(C)cc1,0
ZINC04135874,DUD_er_agonist_D_2423,C/C(=N\NC(=O)c1cc(C)[nH]n1)c1ccc(C)cc1,0
ZINC04136953,DUD_er_agonist_D_2424,Cc1oc2ccc(O)cc2c1C(=O)NC1CCCCC1,0
ZINC04136967,DUD_er_agonist_D_2425,COc1ccc(-c2c(C#N)c(N)[nH+]c3c2CCCC3)cc1,0
ZINC04138128,DUD_er_agonist_D_2426,Cc1cc2cc(CNC(=O)c3cccs3)ccc2[nH]1,0
ZINC04138328,DUD_er_agonist_D_2427,CCCSc1nnc(-c2c[nH]c3ccccc23)n1C,0
ZINC04139348,DUD_er_agonist_D_2428,Cc1cc(C)c2nc(-n3nc(C)cc3N)cc(C)c2c1,0
ZINC04139377,DUD_er_agonist_D_2429,C=C1N=C2CCCC(=O)[C@H]2[C@@H](c2cccs2)/C1=C(\O)OC,0
ZINC04139377,DUD_er_agonist_D_2430,CO/C(O)=C1\C(C)=NC2=C(C(=O)CCC2)[C@@H]1c1cccs1,0
ZINC04139377,DUD_er_agonist_D_2431,CO/C(O)=C1\C(C)=NC2=CCCC(=O)[C@H]2[C@H]1c1cccs1,0
ZINC04147175,DUD_er_agonist_D_2432,CCc1cc(-c2n[nH]cc2-c2ccc(F)cc2)c(O)cc1OC,0
ZINC04166104,DUD_er_agonist_D_2433,S=C(NCc1ccco1)NC12CC3CC(CC(C3)C1)C2,0
ZINC04177102,DUD_er_agonist_D_2434,Cc1cccc(Nc2[nH]c3cc(C)ccc3c2[N+](=O)[O-])c1,0
ZINC04177114,DUD_er_agonist_D_2435,COc1cccc(Nc2c([N+](=O)[O-])[nH]c3cc(OC)ccc23)c1,0
ZINC04183653,DUD_er_agonist_D_2436,N#Cc1c(Nc2ccccc2[N+](=O)[O-])sc2c1CCCC2,0
ZINC04193893,DUD_er_agonist_D_2437,O=C(NC1CCCCC1)c1n[nH]c(=O)c2ccccc12,0
ZINC04193893,DUD_er_agonist_D_2438,O=C(NC1CCCCC1)c1nnc(O)c2ccccc12,0
ZINC04217587,DUD_er_agonist_D_2439,Cc1cc2nc3ccc(N(C)C)cc3[s+]c2cc1N,0
ZINC04227359,DUD_er_agonist_D_2440,COc1ccc(Oc2ccc(N)cc2)c(C(C)(C)C)c1,0
ZINC04234725,DUD_er_agonist_D_2441,CCC(C)(C)c1ccc(O)c(-c2csc(N)n2)c1,0
ZINC04235099,DUD_er_agonist_D_2442,CCOc1cc2[nH]c(C(=O)OC)cc2c2ccccc12,0
ZINC04235328,DUD_er_agonist_D_2443,CC1(C)[C@H]2CC[C@]1(C)C(=O)/C2=C/Nc1ccc(O)cc1,0
ZINC04235376,DUD_er_agonist_D_2444,CC1(C)[C@@H]2CC[C@@]1(C)C(=O)/C2=C/Nc1ccc(N)cc1,0
ZINC04245274,DUD_er_agonist_D_2445,CCN(CC)c1ccc(-c2csc(N)n2)cc1,0
ZINC04245307,DUD_er_agonist_D_2446,Cc1cc(-c2csc(-c3cccc(N)c3)n2)c(C)o1,0
ZINC04251127,DUD_er_agonist_D_2447,O=c1[nH]c(CSC2CCCCC2)nc2ccccc12,0
ZINC04251127,DUD_er_agonist_D_2448,O=c1nc(CSC2CCCCC2)[nH]c2ccccc12,0
ZINC04251127,DUD_er_agonist_D_2449,Oc1nc(CSC2CCCCC2)nc2ccccc12,0
ZINC04266959,DUD_er_agonist_D_2450,CC1(C)[C@@H]2CC[C@@]1(C)/C(=N/Nc1ccccc1)CC2=O,0
ZINC04268527,DUD_er_agonist_D_2451,c1ccc2c(c1)[nH]c1nnc(SCC3CCCCC3)n12,0
ZINC04275810,DUD_er_agonist_D_2452,CNC(=O)c1ccsc1NC(=O)c1ccc(C)c(C)c1,0
ZINC04277133,DUD_er_agonist_D_2453,Cc1nn(-c2ccccc2)c(NCCCl)c1[N+](=O)[O-],0
ZINC04288772,DUD_er_agonist_D_2454,Cc1ccc(C)c(COc2ccc(C)[nH+]c2N)c1,0
ZINC04293333,DUD_er_agonist_D_2455,N#CC1=C(N)OC2=C(CCCC2)[C@H]1c1ccccc1,0
ZINC04294191,DUD_er_agonist_D_2456,CCOC(=O)c1sc(-c2c[nH]c3ccccc23)nc1C,0
ZINC04299240,DUD_er_agonist_D_2457,CCOC(=O)Cc1csc(-c2c[nH]c3ccccc23)n1,0
ZINC04300899,DUD_er_agonist_D_2458,CCCCN1C(=O)c2cccc3c(N)ccc(c23)C1=O,0
ZINC04302682,DUD_er_agonist_D_2459,CCCCc1nc(/C=C2\C(=O)Nc3ccccc32)c[nH]1,0
ZINC04302682,DUD_er_agonist_D_2460,CCCCc1ncc(/C=C2/C(=O)Nc3ccccc32)[nH]1,0
ZINC04312943,DUD_er_agonist_D_2461,CSc1ccc(-c2c(C#N)c(N)[nH+]c3c2CCCC3)cc1,0
ZINC04316909,DUD_er_agonist_D_2462,Cc1cccc(CSc2nc(=O)[nH]c3c2CCC3)c1,0
ZINC04316909,DUD_er_agonist_D_2463,Cc1cccc(CSc2nc(O)nc3c2CCC3)c1,0
ZINC04316910,DUD_er_agonist_D_2464,O=c1nc(SCc2ccccc2F)c2c([nH]1)CCC2,0
ZINC04316910,DUD_er_agonist_D_2465,Oc1nc2c(c(SCc3ccccc3F)n1)CCC2,0
ZINC04317092,DUD_er_agonist_D_2466,O=c1nc(SCc2ccccc2)c2c([nH]1)CCCC2,0
ZINC04317092,DUD_er_agonist_D_2467,Oc1nc2c(c(SCc3ccccc3)n1)CCCC2,0
ZINC04317093,DUD_er_agonist_D_2468,O=c1nc(SCc2ccccc2F)c2c([nH]1)CCCC2,0
ZINC04317093,DUD_er_agonist_D_2469,Oc1nc2c(c(SCc3ccccc3F)n1)CCCC2,0
ZINC04317099,DUD_er_agonist_D_2470,Cc1ccccc1CSc1nc(=O)[nH]c2c1CCCC2,0
ZINC04317099,DUD_er_agonist_D_2471,Cc1ccccc1CSc1nc(O)nc2c1CCCC2,0
ZINC04323933,DUD_er_agonist_D_2472,COc1ccc2c(c1)CCC/C2=N\N=C(/N)SC,0
ZINC04327825,DUD_er_agonist_D_2473,N#C/C(=C(/O)N1CCCCC1)c1nc2ccccc2s1,0
ZINC04333021,DUD_er_agonist_D_2474,CSC1=NNC(c2ccc(C(C)(C)C)cc2)=NN1,0
ZINC04338732,DUD_er_agonist_D_2475,COC(=O)c1ccc(N2Cc3ccccc3CC2=[NH2+])cc1,0
ZINC04350837,DUD_er_agonist_D_2476,CC[C@@H](CO)/N=C1/CCCc2c1[nH]c1ccc(C)cc21,0
ZINC04350837,DUD_er_agonist_D_2477,CC[C@@H](CO)/N=C1/CCCc2c1[nH]c1ccc(C)cc21,0
ZINC04352527,DUD_er_agonist_D_2478,COc1ccc2c([N+](=O)[O-])c(Nc3ccc(F)cc3)[nH]c2c1,0
ZINC04360485,DUD_er_agonist_D_2479,Cc1ccc(/N=C/c2c(O)cc(C)c(Cl)c2C)c(N)c1,0
ZINC04364903,DUD_er_agonist_D_2480,C=CCN1C(=O)N/C(=C/c2ccc(C(C)C)cc2)C1=O,0
ZINC04365089,DUD_er_agonist_D_2481,CCCCNC(=O)c1cc2cccc([N+](=O)[O-])c2[nH]1,0
ZINC04366879,DUD_er_agonist_D_2482,CN(C)c1cc2c(cc1[N+](=O)[O-])-c1ccccc1[C@@H]2O,0
ZINC04367667,DUD_er_agonist_D_2483,CC(C)(C)CC(=O)NC(=S)Nc1ccccc1[N+](=O)[O-],0
ZINC04368351,DUD_er_agonist_D_2484,Cc1cc(C)c(O)c(C2=NN[C@@H](c3cccs3)C2)c1,0
ZINC04370986,DUD_er_agonist_D_2485,CC(C)CCn1c(=S)[nH]c2c(oc3ccccc32)c1=O,0
ZINC04380742,DUD_er_agonist_D_2486,O=C(CC1CCC1)Nc1cccc2c([N+](=O)[O-])cccc12,0
ZINC04381925,DUD_er_agonist_D_2487,CCCCNc1nc(-c2ccc([N+](=O)[O-])cc2)cs1,0
ZINC04386723,DUD_er_agonist_D_2488,O=C(NC[C@@H]1C[C@H]2CC[C@H]1C2)c1n[nH]c(=O)c2ccccc12,0
ZINC04386723,DUD_er_agonist_D_2489,O=C(NC[C@H]1C[C@@H]2CC[C@@H]1C2)c1nnc(O)c2ccccc12,0
ZINC04390362,DUD_er_agonist_D_2490,Cc1cc(C)c(/C=N/Nc2ccc([N+](=O)[O-])cc2)[nH]1,0
ZINC04392005,DUD_er_agonist_D_2491,O=C1Nc2ccc(Cl)cc2/C1=C/c1cc2c([nH]1)CCCC2,0
ZINC04405328,DUD_er_agonist_D_2492,CCn1c(=[NH2+])n(C[C@H](O)c2cccs2)c2ccccc21,0
ZINC04413327,DUD_er_agonist_D_2493,CCc1cc2c(Nc3ccc(O)cc3)nc(C)nc2s1,0
ZINC04414705,DUD_er_agonist_D_2494,Nc1cccc(C(=O)NC23CC4CC(CC(C4)C2)C3)c1,0
ZINC04416664,DUD_er_agonist_D_2495,Cc1cc(N=C2C=CC(=O)C=C2)c(C(C)C)cc1O,0
ZINC04418194,DUD_er_agonist_D_2496,CCCC[C@@](C)(O)c1cc(=N)sc2nc3ccccc3n12,0
ZINC04419755,DUD_er_agonist_D_2497,Cc1cccc([C@H](C)Nc2ccc([N+](=O)[O-])c[nH+]2)c1,0
ZINC04420150,DUD_er_agonist_D_2498,CC12CC3(C)CC(C)(C1)CC(c1ccc(O)c(N)c1)(C2)C3,0
ZINC04426130,DUD_er_agonist_D_2499,Cc1oc2ccc(O)cc2c1C(=O)NC1CCCC1,0
ZINC04426137,DUD_er_agonist_D_2500,Cc1ccccc1NC(=O)c1c(C)oc2ccc(O)cc12,0
ZINC04437446,DUD_er_agonist_D_2501,COc1ccc(/C(=C/C2C3CC4CC(C3)CC2C4)NO)cc1,0
ZINC04439727,DUD_er_agonist_D_2502,Cc1c(/C=C2/C(=O)NC(=S)N(C)C2=O)c2ccccc2n1C,0
ZINC04441320,DUD_er_agonist_D_2503,CCn1cc(/C=C2\C(=O)N(C)C(=O)N=C2O)c2ccccc21,0
ZINC04441339,DUD_er_agonist_D_2504,CCn1cc(/C=C2\C(=O)N(C)C(=O)N=C2O)c2ccccc21,0
ZINC04441609,DUD_er_agonist_D_2505,CC(C)n1cc(/C=C2/SC(=O)NC2=O)c2ccccc21,0
ZINC04443288,DUD_er_agonist_D_2506,Cc1cc(C)c(/N=C2\C(=O)Nc3ccccc32)c(C)c1,0
ZINC04443599,DUD_er_agonist_D_2507,N#C/C(=C\c1ccc[nH]1)C(=O)NC1CCCCCC1,0
ZINC04443600,DUD_er_agonist_D_2508,N#C/C(=C\c1ccc[nH]1)C(=O)NC1CCCCCC1,0
ZINC04443785,DUD_er_agonist_D_2509,Cc1cc(/C=C2\C(=O)Nc3ccc(Cl)cc32)cc(C)c1O,0
ZINC04444273,DUD_er_agonist_D_2510,N=c1sccn1CC(=O)Nc1ccc2c(c1)CCC2,0
ZINC04445616,DUD_er_agonist_D_2511,Cc1ccc(C)c(N/C=C2\C(=O)NC(=S)N(C)C2=O)c1,0
ZINC04459057,DUD_er_agonist_D_2512,C(=N\NC1=[NH+]CCCCC1)\c1c[nH]c2ccccc12,0
ZINC04460084,DUD_er_agonist_D_2513,N#Cc1ccc(NC(=O)C23CC4CC(CC(C4)C2)C3)cc1,0
ZINC04464011,DUD_er_agonist_D_2514,O=C(Nc1cccc([N+](=O)[O-])c1)C1[C@H]2CCC=CCC[C@H]12,0
ZINC04464518,DUD_er_agonist_D_2515,CC(C)=c1[nH]n2c(=N)/c(=C/c3ccccc3)c(=O)nc-2s1,0
ZINC04464569,DUD_er_agonist_D_2516,COc1ccc(/N=C\c2cc3cc(C)ccc3[nH]c2=O)cc1,0
ZINC04464569,DUD_er_agonist_D_2517,COc1ccc(/N=C\c2cc3cc(C)ccc3nc2O)cc1,0
ZINC04464598,DUD_er_agonist_D_2518,Cc1cc(C)[nH]/c(=N\C(N)=[N+]2\CCc3ccccc32)n1,0
ZINC04465063,DUD_er_agonist_D_2519,Cc1ccccc1/C=N/NC(=O)c1[nH]nc2c1CCC2,0
ZINC04465270,DUD_er_agonist_D_2520,Cc1[nH]c2ccccc2c1/C=N\NC(=O)c1ccoc1C,0
ZINC04465458,DUD_er_agonist_D_2521,CC(C)(C)c1ccc(/N=C/c2cccc(O)c2O)cc1,0
ZINC04465462,DUD_er_agonist_D_2522,CC(C)c1ccc(/N=C/c2cccc(O)c2O)cc1,0
ZINC04465735,DUD_er_agonist_D_2523,Cc1ccc(C)c(/C=N\NC(=O)c2ccc3c(c2)OCO3)c1,0
ZINC04465874,DUD_er_agonist_D_2524,O=[N+]([O-])c1ccc(-c2nc([S-])c3c(n2)CCCC3)cc1,0
ZINC04465906,DUD_er_agonist_D_2525,O=C(N/N=C/c1ccccc1O)c1cc2c(s1)CCCC2,0
ZINC04465936,DUD_er_agonist_D_2526,CC(C)(C)OC(=O)N/N=C/c1c(O)ccc2ccccc12,0
ZINC04465937,DUD_er_agonist_D_2527,Cc1cccc2c1N=C(O)/C2=N/NC(=O)OC(C)(C)C,0
ZINC04465946,DUD_er_agonist_D_2528,Cc1cc(C(=O)N/N=C2/C(O)=Nc3c(C)cccc32)c(C)o1,0
ZINC04465985,DUD_er_agonist_D_2529,Cc1ccc(/C=N/NC(=O)c2cc3c(s2)CCCC3)o1,0
ZINC04466091,DUD_er_agonist_D_2530,COc1ccc2[nH]c(C)c/c(=N/c3ccccc3O)c2c1,0
ZINC04466101,DUD_er_agonist_D_2531,Cc1cccc2c1N=C(O)/C2=N\NC(=O)c1ccoc1C,0
ZINC04466104,DUD_er_agonist_D_2532,Cc1cc(C)c2c(c1)/C(=N\NC(=O)c1ccoc1C)C(O)=N2,0
ZINC04466167,DUD_er_agonist_D_2533,COc1ccc(N/N=C2\Nc3ccc(C)cc3C2=O)cc1,0
ZINC04467865,DUD_er_agonist_D_2534,Cn1/c(=N\NC2=CCCCC2=O)sc2ccccc21,0
ZINC04467866,DUD_er_agonist_D_2535,Oc1cccc(/C=N/c2ccc(N3CCCCC3)cc2)c1O,0
ZINC04468290,DUD_er_agonist_D_2536,Cc1c(/C(=C\C(C)C)NO)c2ccccc2n1C,0
ZINC04469500,DUD_er_agonist_D_2537,O=C1NC2(CCCCCC2)C(=O)N1Cc1ccc(F)cc1,0
ZINC04469517,DUD_er_agonist_D_2538,Cc1cccc(N2CCC(/N=C\c3ccccc3O)=N2)c1,0
ZINC04469584,DUD_er_agonist_D_2539,N#Cc1c(/N=C/c2ccccc2O)sc2c1CCCC2,0
ZINC04469606,DUD_er_agonist_D_2540,CC(C)(C)c1cc(C(=O)N/N=C\c2cccs2)n[nH]1,0
ZINC04469972,DUD_er_agonist_D_2541,CC(C)(C)c1cc(Cl)c(O)c(/N=C/c2ccccc2O)c1,0
ZINC04470117,DUD_er_agonist_D_2542,COc1ccc(-c2c/c(=N/O)c3cc(C)c(C)cc3o2)cc1,0
ZINC04470133,DUD_er_agonist_D_2543,Cc1ccc(C)c(/N=C/c2cc3cc(C)ccc3[nH]c2=O)c1,0
ZINC04470133,DUD_er_agonist_D_2544,Cc1ccc(C)c(/N=C/c2cc3cc(C)ccc3nc2O)c1,0
ZINC04470253,DUD_er_agonist_D_2545,Cc1ccc(/N=C\c2cc([N+](=O)[O-])cc(C)c2[O-])c(C)c1,0
ZINC04470350,DUD_er_agonist_D_2546,Cc1ccc2c(c1)/C(=N\c1ccc(C)c(C)c1)C(=O)N2,0
ZINC04484684,DUD_er_agonist_D_2547,COc1ccc2nc(SCc3c(C)noc3C)[nH]c2c1,0
ZINC04485868,DUD_er_agonist_D_2548,Cc1ccc2[nH]c(SCC(=O)c3ccc[nH]3)nc2c1,0
ZINC04488647,DUD_er_agonist_D_2549,COc1ccc(-c2cnc3cc(C)nn3c2N)cc1OC,0
ZINC04490978,DUD_er_agonist_D_2550,CC(C)C(=O)N/N=C/c1cc2ccccc2nc1Cl,0
ZINC04498807,DUD_er_agonist_D_2551,CCC1(CC)O[C@@H](c2ccc([N+](=O)[O-])o2)Nc2ccccc21,0
ZINC04501924,DUD_er_agonist_D_2552,Cc1sc2c(c1C)C(=O)N[C@@H](/C=C\c1ccccc1)N2,0
ZINC04503707,DUD_er_agonist_D_2553,CC(C)C(=NNC(=O)c1ccccc1[N+](=O)[O-])C(C)C,0
ZINC04512252,DUD_er_agonist_D_2554,O=[N+]([O-])c1ccc[nH+]c1NCC12CC3CC(CC(C3)C1)C2,0
ZINC04528708,DUD_er_agonist_D_2555,CNc1ccc2nc3ccc(N(C)C)cc3[s+]c2c1,0
ZINC04555693,DUD_er_agonist_D_2556,CCOC(=O)[C@H]1[C@H](c2ccco2)c2c(O)n[nH]c2C[C@]1(C)O,0
ZINC04576942,DUD_er_agonist_D_2557,C[C@@H]1CCc2[nH+]c(N)c(C#N)c(-c3ccc(F)cc3)c2C1,0
ZINC04594809,DUD_er_agonist_D_2558,C[C@@H]1CCc2[nH+]c3c(c(N)c2C1=O)c1ccccc1n3C,0
ZINC04596987,DUD_er_agonist_D_2559,CC(C)(C)c1cc(C(=O)N/N=C/c2cccs2)[nH]n1,0
ZINC04607984,DUD_er_agonist_D_2560,COc1ccc(C)cc1NC(=O)Cn1ccsc1=N,0
ZINC04622791,DUD_er_agonist_D_2561,O=C(Nc1nc2ccccc2[nH]1)c1cc2c(s1)CCCC2,0
ZINC04627845,DUD_er_agonist_D_2562,CC(C)(C)c1ccc(O)c([C@H](O)c2ccccn2)c1,0
ZINC04627846,DUD_er_agonist_D_2563,CC(C)(C)c1ccc(O)c([C@H](O)c2cccnc2)c1,0
ZINC04627852,DUD_er_agonist_D_2564,Nc1ccc(SCc2nc3cccc4c3n2CCC4)cc1,0
ZINC04632807,DUD_er_agonist_D_2565,CC1(C)O[C@](C)(c2nc3ccccc3[nH]2)CC[C@H]1CO,0
ZINC04633682,DUD_er_agonist_D_2566,c1ccc2[nH]c(SNC3CCCCC3)nc2c1,0
ZINC04633728,DUD_er_agonist_D_2567,Cc1cc(C)c(C(=O)c2nnc3ccccc3c2N)c(C)c1,0
ZINC04639931,DUD_er_agonist_D_2568,C/C(=N\NC(=O)c1cc(C2CC2)n[nH]1)c1cccs1,0
