name,id,smiles,active
ZINC03833831,DUD_gr_A_1,C=C1CCC[C@@H](C)[C@@H]1Cc1cc(OC)c(Br)cc1O,1
ZINC03833829,DUD_gr_A_2,C=C1CCCC(C)(C)[C@@H]1Cc1cc(OC)c(Br)cc1O,1
ZINC03833836,DUD_gr_A_3,C=C1C=CCC(C)(C)[C@@H]1Cc1cc(OC)c(Br)cc1O,1
ZINC03833841,DUD_gr_A_4,C=C1C=C(C)CC(C)(C)[C@H]1Cc1ccc([N+](=O)[O-])cc1,1
ZINC03833835,DUD_gr_A_5,C=C1C=C(C)[C@H](Cc2cc(OC)c(Br)cc2O)C(C)(C)C1,1
ZINC03833827,DUD_gr_A_6,C=C1C=C(C)CC(C)(C)[C@H]1Cc1cc(OC)c(Br)cc1O,1
ZINC03833832,DUD_gr_A_7,C=C1C=C(C)C[C@H](C)[C@@H]1Cc1cc(OC)c(Br)cc1OC(C)=O,1
ZINC03833830,DUD_gr_A_8,C=C1C=C(C)CC(C)(C)[C@@H]1Cc1cc(OC)c(Br)cc1OC(C)=O,1
ZINC03833838,DUD_gr_A_9,C=C1C(C)=CCC(C)(C)[C@H]1Cc1cc(OC)c(Br)cc1OC(C)=O,1
ZINC03833840,DUD_gr_A_10,C=C1CCC(C)(C)[C@@H]1Cc1cc(OC)c(Br)cc1O,1
ZINC03814383,DUD_gr_A_11,CC(=O)C1CCC2C3CCC4=CC(=O)CCC4(C)C3CCC12C,1
ZINC03833823,DUD_gr_A_12,C[C@]12CC[C@H]3[C@@H](CCC4=CC(=O)CC[C@@]43C)[C@@H]1CC[C@@H]2C(=O)CO,1
ZINC03833824,DUD_gr_A_13,C[C@]12CCC(=O)C=C1CC[C@@H]1[C@@H]2[C@@H](O)C[C@]2(C=O)[C@@H](C(=O)CO)CC[C@@H]12,1
ZINC03833822,DUD_gr_A_14,CC12CC(O)C3C(CCC4=CC(=O)CCC43C)C1CCC2(O)C(=O)CO,1
ZINC03833821,DUD_gr_A_15,C[C@]12C[C@H](O)[C@H]3[C@@H](CCC4=CC(=O)C=C[C@@]43C)[C@@H]1CC[C@]2(O)C(=O)CO,1
ZINC03833819,DUD_gr_A_16,CCC(=O)[C@]1(O)CC[C@H]2[C@@H]3C=C(C)C4=CC(=O)C=C[C@]4(C)[C@H]3[C@@H](O)C[C@@]21C,1
ZINC03833820,DUD_gr_A_17,CCC(=O)[C@@]1(O)[C@H](C)C[C@H]2[C@@H]3CCC4=CC(=O)C=C[C@]4(C)[C@@]3(F)[C@H](O)C[C@@]21C,1
ZINC03814371,DUD_gr_A_18,CC(=O)OC1(C(C)=O)CCC2C3CC(C)C4=CC(=O)CCC4(C)C3CCC21C,1
ZINC03831982,DUD_gr_A_19,CC1=CC(C)(C)Nc2ccc3c(c21)[C@@H](C)Oc1ccc(Cl)cc1-3,1
ZINC03831986,DUD_gr_A_20,CC1=CC(C)(C)Nc2ccc3c(c21)[C@H](C)Oc1ccc(F)cc1-3,1
ZINC03831990,DUD_gr_A_21,C=CC[C@@H]1Oc2ccccc2-c2ccc3c(c21)C(C)=CC(C)(C)N3,1
ZINC03831944,DUD_gr_A_22,C=C1/C(=C\C)O[C@@H](c2ccccc2)c2c1ccc1c2C(C)=CC(C)(C)N1,1
ZINC04628814,DUD_gr_A_23,C=C1/C(=C\COC)O[C@H](c2ccccc2)c2c1ccc1c2C(C)=CC(C)(C)N1,1
ZINC03831934,DUD_gr_A_24,C/C=C1/O[C@H](c2ccccc2)c2c(ccc3c2C(C)=CC(C)(C)N3)/C1=C\OC,1
ZINC03831933,DUD_gr_A_25,C/C=C1/O[C@H](c2cccc(OCSC)c2)c2c(ccc3c2C(C)=CC(C)(C)N3)/C1=C\OC,1
ZINC03831973,DUD_gr_A_26,C[C@@H]1C(=O)C(C)(C)Nc2ccc3c(c21)[C@@H](c1ccccc1)Oc1ccccc1-3,1
ZINC03831989,DUD_gr_A_27,C[C@H]1C(=O)C(C)(C)Nc2ccc3c(c21)[C@H](c1cccc(F)c1)Oc1ccccc1-3,1
ZINC03831971,DUD_gr_A_28,C[C@H]1C(=O)C(C)(C)Nc2ccc3c(c21)[C@@H](c1cccc(F)c1)Oc1ccccc1-3,1
ZINC03833825,DUD_gr_A_29,CC(=O)S[C@@H]1CC2=CC(=O)CC[C@@]2(C)[C@H]2CC[C@]3(C)[C@@H](CC[C@@]34CCC(=O)O4)[C@H]21,1
ZINC03831985,DUD_gr_A_30,C[C@@H]1C(=O)C(C)(C)Nc2ccc3c(c21)C(=Cc1ccccc1)Oc1ccccc1-3,1
ZINC03831993,DUD_gr_A_31,C[C@H]1C(=O)C(C)(C)Nc2ccc3c(c21)/C(=C/c1cccc(F)c1)Oc1ccccc1-3,1
ZINC03831947,DUD_gr_A_32,CN(C)c1ccc([C@H]2C[C@]3(C)[C@@H](CC[C@]3(O)CCCO)[C@@H]3CCC4=CC(=O)CCC4=C32)cc1,1
ZINC00001238,DUD_gr_D_1,[O-][N+]1=C(c2ccccc2)c2cc(Cl)ccc2N=C(NCC2CC2)C1,0
ZINC00006625,DUD_gr_D_2,Cc1nc(N2CCc3ccccc3C2)nc(Nc2ccc(F)cc2)c1C,0
ZINC00008536,DUD_gr_D_3,C[C@H]1CCC[C@@H](Nc2nnc(-c3cccs3)c3ccccc23)[C@H]1C,0
ZINC00032014,DUD_gr_D_4,Cc1ccc2sc(-c3ccc(NC(=O)C(C)(C)C)cc3)nc2c1,0
ZINC00037775,DUD_gr_D_5,Cc1cc(Cl)ccc1OCC(=O)Nc1ccc(N2CCCC2)cc1,0
ZINC00046857,DUD_gr_D_6,Cc1ccc2c(Cl)c(C(=O)Nc3ccc(N(C)C)cc3)sc2c1,0
ZINC00048691,DUD_gr_D_7,Cc1ccc(C(=O)Nc2ccsc2C(=O)NC2CCCCC2)cc1,0
ZINC00082230,DUD_gr_D_8,CCCc1c(C(=O)NC2CCCCC2)cnn1-c1ccc(Cl)cc1,0
ZINC00083289,DUD_gr_D_9,COc1ccccc1C1CCN(C(=S)Nc2cccc(C)c2)CC1,0
ZINC00083291,DUD_gr_D_10,COc1ccccc1C1CCN(C(=S)Nc2ccc(F)cc2)CC1,0
ZINC00085114,DUD_gr_D_11,O=C(Cc1ccc(F)cc1)Nc1ccc2c(c1)OC1(CCCCC1)O2,0
ZINC00085743,DUD_gr_D_12,C[C@H]1CCc2sc3ncnc(Nc4ccc(N(C)C)cc4)c3c2C1,0
ZINC00085750,DUD_gr_D_13,C[C@@H]1CCc2sc3ncnc(Nc4ccc(N(C)C)cc4)c3c2C1,0
ZINC00098211,DUD_gr_D_14,Cc1ccc(-c2nc(NC(=O)c3ccc(C)c(C)c3)sc2C)cc1,0
ZINC00113716,DUD_gr_D_15,Cc1cc(C)cc(NC(=O)c2cc(C)n(Cc3cccs3)c2C)c1,0
ZINC00114894,DUD_gr_D_16,O=C(NC(=S)Nc1ccc(N2CCCCC2)cc1)c1cccs1,0
ZINC00118510,DUD_gr_D_17,C=CCn1c(=S)[nH]c2c(c1=O)C1(CCCCC1)Cc1ccccc1-2,0
ZINC00119080,DUD_gr_D_18,C=C(C)Cn1c(=S)[nH]c2c(c1=O)C1(CCCC1)Cc1ccccc1-2,0
ZINC00122785,DUD_gr_D_19,CCOC(=O)C1=C(NC(=S)Nc2ccccc2)CC2=C1CCCC2,0
ZINC00130391,DUD_gr_D_20,Cc1ccc(NC(=O)Oc2ccccc2N2CCCCC2)cc1Cl,0
ZINC00139519,DUD_gr_D_21,Cc1c(C)c(C)c(COC(=O)Nc2ccc(Cl)cc2)c(C)c1C,0
ZINC00144071,DUD_gr_D_22,COC(=O)c1ccc2nc(C)cc(Nc3cccc(Cl)c3C)c2c1,0
ZINC00144092,DUD_gr_D_23,COC(=O)c1ccc2nc(C)cc(Nc3ccc(C)c(Cl)c3)c2c1,0
ZINC00144095,DUD_gr_D_24,COC(=O)c1ccc2nc(C)cc(Nc3ccc(Cl)cc3C)c2c1,0
ZINC00144692,DUD_gr_D_25,Cc1sc2ncnc(Nc3ccc(N4CCCCC4)cc3)c2c1C,0
ZINC00146349,DUD_gr_D_26,O=c1[nH]c(Cc2cccc3ccccc23)nc2sc3c(c12)CCCC3,0
ZINC00146349,DUD_gr_D_27,O=c1nc(Cc2cccc3ccccc23)[nH]c2sc3c(c12)CCCC3,0
ZINC00153700,DUD_gr_D_28,Cc1ccc(C(=O)Nc2ccc(-c3cn4c(n3)SCC4)cc2)cc1C,0
ZINC00153700,DUD_gr_D_29,Cc1ccc(C(=O)Nc2ccc(-c3cn4c([nH+]3)SCC4)cc2)cc1C,0
ZINC00172744,DUD_gr_D_30,CC(=O)O[C@@H]1c2cc(C)ccc2N[C@@H](c2ccc(Cl)cc2)C1(C)C,0
ZINC00172747,DUD_gr_D_31,CC(=O)O[C@H]1c2cc(C)ccc2N[C@H](c2ccc(Cl)cc2)C1(C)C,0
ZINC00178321,DUD_gr_D_32,CCOc1cccc(C(=O)Nc2ccc(N3CCCC3)c(Cl)c2)c1,0
ZINC00180520,DUD_gr_D_33,CC1=C(C(=O)Nc2ccccc2C)[C@@H](c2ccc(C)o2)NC(=S)N1,0
ZINC00190301,DUD_gr_D_34,Cc1ccc(-n2nc3c(c2NC(=O)c2cccc(C)c2)CSC3)cc1,0
ZINC00190304,DUD_gr_D_35,Cc1ccc(C(=O)Nc2c3c(nn2-c2ccc(C)cc2)CSC3)cc1,0
ZINC00191063,DUD_gr_D_36,Cc1ccc(C2(c3ccc(C)cc3)C[C@@H]2C(=O)Nc2nccs2)cc1,0
ZINC00203427,DUD_gr_D_37,COc1ccccc1-n1c(-c2ccc(C(C)(C)C)cc2)n[nH]c1=S,0
ZINC00211855,DUD_gr_D_38,COc1ccc(Cl)cc1C(=O)Nc1ccccc1N1CCCCC1,0
ZINC00214029,DUD_gr_D_39,CCSc1nc2c([nH]c3ccccc32)c(=O)n1-c1cc(C)cc(C)c1,0
ZINC00217357,DUD_gr_D_40,COC(=O)c1cnn2c(NC3CCCC3)c(-c3ccc(F)cc3)[nH]c12,0
ZINC00222500,DUD_gr_D_41,CCc1ccc(C2=C[C@H](c3ccc(SC)cc3)n3ncnc3N2)cc1,0
ZINC00223942,DUD_gr_D_42,Cc1nc2cc(C(=O)NC3CCCC3)ccc2n1-c1cccc(F)c1,0
ZINC00223942,DUD_gr_D_43,Cc1[nH+]c2cc(C(=O)NC3CCCC3)ccc2n1-c1cccc(F)c1,0
ZINC00225963,DUD_gr_D_44,CC1(C)[C@@H]2CC[C@@]1(C)/C(=N/N=c1\[nH]c(-c3ccccc3)cs1)C2,0
ZINC00228809,DUD_gr_D_45,CN1/C(=C/C(=O)Nc2ccc(Cl)cc2)c2ccccc2CC1(C)C,0
ZINC00233414,DUD_gr_D_46,COC(=O)c1c(NC(=S)Nc2ccccc2)sc2c1CCCC2,0
ZINC00234190,DUD_gr_D_47,COc1cc2c(cc1OC)[C@H](C)N(C(=S)Nc1ccccc1)CC2,0
ZINC00239051,DUD_gr_D_48,Cc1ccccc1-n1c(S)nnc1-c1ccc(C(C)(C)C)cc1,0
ZINC00239059,DUD_gr_D_49,COc1ccc(NC(=S)N2CCN(c3ccc(C)cc3)CC2)cc1,0
ZINC00250268,DUD_gr_D_50,Cc1ccc([C@]23C[C@@H]4C[C@@H](C[C@@](C(=O)Nc5ccccn5)(C4)C2)C3)cc1,0
ZINC00250861,DUD_gr_D_51,COc1ccc2cc3cc(C(=O)NC4CCCCC4)sc3nc2c1,0
ZINC00251393,DUD_gr_D_52,Cc1c(C(=O)NC2CCCC2)sc2nc(-c3ccc(F)cc3)cn12,0
ZINC00251393,DUD_gr_D_53,Cc1c(C(=O)NC2CCCC2)sc2[nH+]c(-c3ccc(F)cc3)cn12,0
ZINC00268281,DUD_gr_D_54,Cc1ccc([C@H]2C[C@@H](C(F)F)n3ncc(C(=O)NC(C)C)c3N2)cc1,0
ZINC00268431,DUD_gr_D_55,Cc1cc(N2CCOCC2)c(F)cc1[C@@](C)(O)C#Cc1ccccc1,0
ZINC00299381,DUD_gr_D_56,COc1ccccc1N1CCN(C(=S)Nc2cccc(C)c2)CC1,0
ZINC00299382,DUD_gr_D_57,COc1ccccc1N1CCN(C(=S)Nc2ccc(C)cc2)CC1,0
ZINC00301731,DUD_gr_D_58,COc1ccc(N2CCN(C(=S)Nc3cccc(C)c3)CC2)cc1,0
ZINC00302096,DUD_gr_D_59,COc1ccccc1N1CCN(C(=S)Nc2ccccc2C)CC1,0
ZINC00305884,DUD_gr_D_60,Cc1cc(C)cc(NC(=S)N2CCN(c3ccccc3)CC2)c1,0
ZINC00314466,DUD_gr_D_61,Cc1ccc(C(=O)NC(=S)Nc2cccc3c(C)cc(C)nc23)cc1,0
ZINC00315323,DUD_gr_D_62,Cc1ccc(NC(=S)N2CCN(c3cc(C)ccc3C)CC2)cc1,0
ZINC00317721,DUD_gr_D_63,CC(C)c1ccc(C(=O)Nc2ccc(N3CCCC3)c(Cl)c2)cc1,0
ZINC00319518,DUD_gr_D_64,CCOC(=O)CNc1c(-c2ccc(F)cc2)nc2cc(C)cc(C)n12,0
ZINC00319885,DUD_gr_D_65,Cc1cccc2nc(-c3cccc(Cl)c3)c(NC3CCCCC3)n12,0
ZINC00319885,DUD_gr_D_66,Cc1cccc2[nH+]c(-c3cccc(Cl)c3)c(NC3CCCCC3)n12,0
ZINC00319905,DUD_gr_D_67,Cc1ccn2c(NC3CCCCC3)c(-c3ccc(Cl)cc3)nc2c1,0
ZINC00319905,DUD_gr_D_68,Cc1ccn2c(NC3CCCCC3)c(-c3ccc(Cl)cc3)[nH+]c2c1,0
ZINC00319945,DUD_gr_D_69,Cc1ccn2c(NC3CCCCC3)c(-c3cccc(Cl)c3)nc2c1,0
ZINC00319945,DUD_gr_D_70,Cc1ccn2c(NC3CCCCC3)c(-c3cccc(Cl)c3)[nH+]c2c1,0
ZINC00319965,DUD_gr_D_71,Cc1ccc(-c2nc3ccc(Cl)cn3c2NC2CCCCC2)cc1,0
ZINC00319965,DUD_gr_D_72,Cc1ccc(-c2[nH+]c3ccc(Cl)cn3c2NC2CCCCC2)cc1,0
ZINC00319987,DUD_gr_D_73,Cc1cccc(-c2nc3ccc(Cl)cn3c2NC2CCCCC2)c1,0
ZINC00319987,DUD_gr_D_74,Cc1cccc(-c2[nH+]c3ccc(Cl)cn3c2NC2CCCCC2)c1,0
ZINC00319993,DUD_gr_D_75,Cc1cc(C)n2c(NC3CCCCC3)c(-c3ccc(F)cc3)nc2c1,0
ZINC00319993,DUD_gr_D_76,Cc1cc(C)n2c(NC3CCCCC3)c(-c3ccc(F)cc3)[nH+]c2c1,0
ZINC00319997,DUD_gr_D_77,Cc1cc(C)n2c(NC3CCCCC3)c(-c3cccc(F)c3)nc2c1,0
ZINC00319997,DUD_gr_D_78,Cc1cc(C)n2c(NC3CCCCC3)c(-c3cccc(F)c3)[nH+]c2c1,0
ZINC00320002,DUD_gr_D_79,Cc1cccn2c(NC3CCCCC3)c(-c3ccc(Cl)cc3)nc12,0
ZINC00320002,DUD_gr_D_80,Cc1cccn2c(NC3CCCCC3)c(-c3ccc(Cl)cc3)[nH+]c12,0
ZINC00320012,DUD_gr_D_81,Cc1cccn2c(NC3CCCCC3)c(-c3ccccc3Cl)nc12,0
ZINC00320012,DUD_gr_D_82,Cc1cccn2c(NC3CCCCC3)c(-c3ccccc3Cl)[nH+]c12,0
ZINC00320033,DUD_gr_D_83,Cc1ccc2nc(-c3ccc(Cl)cc3)c(NC3CCCCC3)n2c1,0
ZINC00320033,DUD_gr_D_84,Cc1ccc2[nH+]c(-c3ccc(Cl)cc3)c(NC3CCCCC3)n2c1,0
ZINC00320048,DUD_gr_D_85,Cc1ccc2nc(-c3ccccc3Cl)c(NC3CCCCC3)n2c1,0
ZINC00320048,DUD_gr_D_86,Cc1ccc2[nH+]c(-c3ccccc3Cl)c(NC3CCCCC3)n2c1,0
ZINC00320088,DUD_gr_D_87,Cc1ccc2nc(-c3cccc(Cl)c3)c(NC3CCCCC3)n2c1,0
ZINC00320088,DUD_gr_D_88,Cc1ccc2[nH+]c(-c3cccc(Cl)c3)c(NC3CCCCC3)n2c1,0
ZINC00320237,DUD_gr_D_89,CN(C)c1ccc(-c2nc3ccc(Cl)cn3c2NC(C)(C)C)cc1,0
ZINC00320237,DUD_gr_D_90,CN(C)c1ccc(-c2[nH+]c3ccc(Cl)cn3c2NC(C)(C)C)cc1,0
ZINC00320247,DUD_gr_D_91,CCOc1ccc(-c2[nH+]c3ccc(Cl)cn3c2NC(C)(C)C)cc1,0
ZINC00320566,DUD_gr_D_92,Cc1cc(C)n2c(NC3CCCCC3)c(-c3ccc(F)cc3)nc2n1,0
ZINC00320566,DUD_gr_D_93,Cc1cc(C)n2c(NC3CCCCC3)c(-c3ccc(F)cc3)[nH+]c2n1,0
ZINC00321739,DUD_gr_D_94,O=C(Nc1ccc(-c2csc(N3CCCC3)n2)cc1)C1CCCC1,0
ZINC00323669,DUD_gr_D_95,CC[C@H](C)NC(=O)c1cc(-c2ccc(F)cc2)nc2ccc(C)cc12,0
ZINC00323671,DUD_gr_D_96,CC[C@@H](C)NC(=O)c1cc(-c2ccc(F)cc2)nc2ccc(C)cc12,0
ZINC00324005,DUD_gr_D_97,Cc1ccc(C)c(-n2nc(-c3ccccc3F)cc2C(=O)NC2CC2)c1,0
ZINC00324017,DUD_gr_D_98,Cc1ccc(-c2cc(C(=O)NC3CC3)n(-c3ccc(F)cc3)n2)cc1C,0
ZINC00324030,DUD_gr_D_99,Cc1ccc(C)c(-n2nc(-c3ccc(F)cc3)cc2C(=O)NC2CC2)c1,0
ZINC00324266,DUD_gr_D_100,CC(C)NC(=O)c1cc(-c2cccn2C)nn1-c1ccc(Cl)cc1,0
ZINC00324267,DUD_gr_D_101,CC(C)CNC(=O)c1cc(-c2cccn2C)nn1-c1ccc(F)cc1,0
ZINC00324276,DUD_gr_D_102,Cn1cccc1-c1cc(C(=O)NC2CC2)n(-c2cccc(Cl)c2)n1,0
ZINC00324287,DUD_gr_D_103,CC(C)NC(=O)c1cc(-c2cccn2C)nn1-c1ccccc1Cl,0
ZINC00324860,DUD_gr_D_104,Cc1ccc(-n2nc(-c3cccs3)cc2C(=O)NC2CC2)c(C)c1,0
ZINC00324862,DUD_gr_D_105,Cc1cccc(-n2nc(-c3cccs3)cc2C(=O)NC(C)(C)C)c1,0
ZINC00324878,DUD_gr_D_106,Cc1ccc(-c2cc(C(=O)NC(C)C)n(-c3ccccc3Cl)n2)o1,0
ZINC00324896,DUD_gr_D_107,Cc1ccc(C)c(-n2nc(-c3cccs3)cc2C(=O)NC(C)C)c1,0
ZINC00324897,DUD_gr_D_108,Cc1ccc(C)c(-n2nc(-c3cccs3)cc2C(=O)NC2CC2)c1,0
ZINC00324898,DUD_gr_D_109,Cc1ccc(-n2nc(-c3cccs3)cc2C(=O)NCC(C)C)cc1,0
ZINC00324902,DUD_gr_D_110,Cc1ccc(-n2nc(-c3cccs3)cc2C(=O)NC(C)C)c(C)c1,0
ZINC00328753,DUD_gr_D_111,Cc1ccc(C(=O)NC(=S)Nc2ccc(N(C)C)cc2)cc1C,0
ZINC00341876,DUD_gr_D_112,Cc1cc(C)c2nc(NC(=O)c3ccc(C)c4ccccc34)sc2c1,0
ZINC00342090,DUD_gr_D_113,Cc1cccc(C)c1NC(=S)NC(=O)c1ccc(OC(C)C)cc1,0
ZINC00342104,DUD_gr_D_114,Cc1ccc(C)c(NC(=S)NC(=O)c2cccc(OC(C)C)c2)c1,0
ZINC00342123,DUD_gr_D_115,Cc1cccc(C)c1NC(=S)NC(=O)c1cccc(OC(C)C)c1,0
ZINC00342217,DUD_gr_D_116,CCc1ccc(C(=O)NC(=S)Nc2ccc3c(c2)OCCO3)cc1,0
ZINC00347586,DUD_gr_D_117,O=C(N[C@H]1c2ccccc2CSc2ccccc21)OC1CCCC1,0
ZINC00356116,DUD_gr_D_118,CC[C@H](C)NC(=O)c1cc(-c2ccc(C)s2)nc2ccccc12,0
ZINC00358810,DUD_gr_D_119,COc1ccc(NC(=S)NC(=O)c2ccc(C(C)(C)C)cc2)cc1,0
ZINC00358811,DUD_gr_D_120,Cc1ccc(NC(=S)NC(=O)c2ccc(C(C)(C)C)cc2)cc1,0
ZINC00358883,DUD_gr_D_121,Cc1cccc(OCC(=O)NC(=S)N2CCCc3ccccc32)c1,0
ZINC00358886,DUD_gr_D_122,COc1ccc(CC(=O)NC(=S)N2CCCc3ccccc32)cc1,0
ZINC00359038,DUD_gr_D_123,CCN(C(=S)NC(=O)c1ccc(C(C)(C)C)cc1)c1ccccc1,0
ZINC00371691,DUD_gr_D_124,Cc1ccc([C@@H](C)NC(=O)c2sc3cc(C)ccc3c2Cl)cc1,0
ZINC00371693,DUD_gr_D_125,Cc1ccc([C@H](C)NC(=O)c2sc3cc(C)ccc3c2Cl)cc1,0
ZINC00373559,DUD_gr_D_126,CCc1ccc(-c2cc(C(=O)NCC(C)C)c3ccccc3n2)s1,0
ZINC00374199,DUD_gr_D_127,COc1ccc(-n2c(S)nnc2[C@H]2C[C@@H]2c2ccc(C)cc2)cc1,0
ZINC00374202,DUD_gr_D_128,COc1ccc(-n2c(S)nnc2[C@@H]2C[C@H]2c2ccc(C)cc2)cc1,0
ZINC00374325,DUD_gr_D_129,COc1cccc(-n2c(S)nnc2[C@H]2C[C@@H]2c2ccc(C)cc2)c1,0
ZINC00407759,DUD_gr_D_130,Cc1nc2n(n1)[C@@H](c1ccc(F)cc1)C=C(c1ccc(C)c(C)c1)N2,0
ZINC00411207,DUD_gr_D_131,Cc1ccc(CSc2nnc3c(n2)[nH]c2c(C)cc(C)cc23)cc1,0
ZINC00412424,DUD_gr_D_132,Cc1ccc(C2=NNC(c3cccs3)=Nc3ccc(C(C)C)cc32)o1,0
ZINC00412453,DUD_gr_D_133,Cc1ccc(-c2nc3ccc(Cl)cn3c2NC[C@@H]2CCCO2)cc1,0
ZINC00412453,DUD_gr_D_134,Cc1ccc(-c2[nH+]c3ccc(Cl)cn3c2NC[C@@H]2CCCO2)cc1,0
ZINC00412732,DUD_gr_D_135,CCCC(=O)Nc1ccccc1N1CCN(c2ccc(F)cc2)CC1,0
ZINC00414642,DUD_gr_D_136,COc1ccc(N2CCN(C(=S)Nc3ccc(C)cc3)CC2)cc1,0
ZINC00414643,DUD_gr_D_137,COc1cccc(N2CCN(C(=S)Nc3cccc(C)c3)CC2)c1,0
ZINC00414904,DUD_gr_D_138,Cc1cc(C)cc(NC(=S)N2CCN(c3ccccc3F)CC2)c1,0
ZINC00414915,DUD_gr_D_139,CCc1ccc(NC(=S)N2CCN(c3ccccc3F)CC2)cc1,0
ZINC00414916,DUD_gr_D_140,CCOc1ccccc1NC(=S)N1CCN(c2ccccc2)CC1,0
ZINC00417119,DUD_gr_D_141,COc1ccc(-c2nc3ccc(Cl)cn3c2NC2CCCC2)cc1,0
ZINC00417119,DUD_gr_D_142,COc1ccc(-c2[nH+]c3ccc(Cl)cn3c2NC2CCCC2)cc1,0
ZINC00417331,DUD_gr_D_143,Cc1ccn2c(NC[C@H]3CCCO3)c(-c3ccc(Cl)cc3)nc2c1,0
ZINC00417331,DUD_gr_D_144,Cc1ccn2c(NC[C@H]3CCCO3)c(-c3ccc(Cl)cc3)[nH+]c2c1,0
ZINC00417332,DUD_gr_D_145,Cc1ccn2c(NC[C@H]3CCCO3)c(-c3ccc(Cl)cc3)nc2c1,0
ZINC00417332,DUD_gr_D_146,Cc1ccn2c(NC[C@H]3CCCO3)c(-c3ccc(Cl)cc3)[nH+]c2c1,0
ZINC00417512,DUD_gr_D_147,Cc1ccc2nc(-c3ccc(Cl)cc3)c(NC[C@@H]3CCCO3)n2c1,0
ZINC00417512,DUD_gr_D_148,Cc1ccc2[nH+]c(-c3ccc(Cl)cc3)c(NC[C@@H]3CCCO3)n2c1,0
ZINC00419867,DUD_gr_D_149,Cc1ccc2cc3cc(C(=O)NC4CCCCC4)sc3nc2c1,0
ZINC00422999,DUD_gr_D_150,COc1cc(OC)c(-n2cc(-c3ccc(C)cc3)[nH]c2=O)cc1Cl,0
ZINC00423009,DUD_gr_D_151,CCOc1ccc(-c2cn(-c3cc(C)cc(C)c3)c(=O)[nH]2)cc1Cl,0
ZINC00423011,DUD_gr_D_152,CCOc1ccc(-c2cn(-c3cccc(CC)c3)c(=O)[nH]2)cc1Cl,0
ZINC00423014,DUD_gr_D_153,CCOc1ccc(-c2cn(-c3cccc(C)c3C)c(=O)[nH]2)cc1Cl,0
ZINC00423015,DUD_gr_D_154,CCOc1ccc(-c2cn(-c3cc(C)ccc3C)c(=O)[nH]2)cc1Cl,0
ZINC00424436,DUD_gr_D_155,CCOc1ccc(-c2cn(-c3cccc(C)c3C)c(=S)[nH]2)cc1,0
ZINC00424827,DUD_gr_D_156,CCc1ccc(N2C(=S)N[C@H]3C[C@@]2(C)Oc2ccc(C)cc23)cc1,0
ZINC00424828,DUD_gr_D_157,CCc1ccc(N2C(=S)N[C@@H]3C[C@]2(C)Oc2ccc(C)cc23)cc1,0
ZINC00425066,DUD_gr_D_158,O=c1c2cc3ccccc3cc2[nH]c(=S)n1CCC1=CCCCC1,0
ZINC00425923,DUD_gr_D_159,COc1ccc([C@@H]2c3cccn3CCN2C(=S)NC(C)(C)C)cc1,0
ZINC00425924,DUD_gr_D_160,COc1ccc([C@H]2c3cccn3CCN2C(=S)NC(C)(C)C)cc1,0
ZINC00425935,DUD_gr_D_161,CCNC(=S)N1CCn2cccc2[C@H]1c1ccc(OCC)cc1,0
ZINC00425939,DUD_gr_D_162,S=C(NC1CCCCC1)N1CCn2cccc2[C@H]1c1cccs1,0
ZINC00425945,DUD_gr_D_163,S=C(NC1CCCCC1)N1CCn2cccc2[C@@H]1c1ccncc1,0
ZINC00425946,DUD_gr_D_164,S=C(NC1CCCCC1)N1CCn2cccc2[C@@H]1c1ccncc1,0
ZINC00425957,DUD_gr_D_165,S=C(NC1CCCCC1)N1CCn2cccc2[C@@H]1c1cccnc1,0
ZINC00425958,DUD_gr_D_166,S=C(NC1CCCCC1)N1CCn2cccc2[C@@H]1c1cccnc1,0
ZINC00426485,DUD_gr_D_167,Clc1ccc(-n2ncc3c(NC4CCCCCC4)ncnc32)cc1,0
ZINC00426796,DUD_gr_D_168,CSc1ccc(-c2nc3ccccn3c2NC2CCCCC2)cc1,0
ZINC00426796,DUD_gr_D_169,CSc1ccc(-c2[nH+]c3ccccn3c2NC2CCCCC2)cc1,0
ZINC00427504,DUD_gr_D_170,Cc1ccn2c(Nc3ccc(C(C)C)cc3)c(-c3ccsc3)[nH+]c2c1,0
ZINC00428317,DUD_gr_D_171,Cc1ccc2cc3cc(C(=O)NC4CCCCCC4)sc3nc2c1,0
ZINC00428784,DUD_gr_D_172,Cc1cc(C)n2c(Nc3c(C)cccc3C)c(-c3cccs3)nc2n1,0
ZINC00428784,DUD_gr_D_173,Cc1cc(C)n2c(Nc3c(C)cccc3C)c(-c3cccs3)[nH+]c2n1,0
ZINC00428787,DUD_gr_D_174,CSc1ccc(-c2nc3ncccn3c2NC2CCCCC2)cc1,0
ZINC00428787,DUD_gr_D_175,CSc1ccc(-c2[nH+]c3ncccn3c2NC2CCCCC2)cc1,0
ZINC00429170,DUD_gr_D_176,O=C(NC1CCCCCC1)c1cc2cc3ccc(Cl)cc3nc2o1,0
ZINC00429200,DUD_gr_D_177,Cc1ccc(C)c(NC(=S)N(C)Cc2cn(C)c3ccccc23)c1,0
ZINC00429205,DUD_gr_D_178,Cc1cccc(C)c1NC(=S)N(C)Cc1cn(C)c2ccccc12,0
ZINC00429206,DUD_gr_D_179,Cc1cc(C)cc(NC(=S)N(C)Cc2cn(C)c3ccccc23)c1,0
ZINC00440509,DUD_gr_D_180,Cc1cc(C)c2nc(NC(=O)c3ccc(C(C)(C)C)cc3)sc2c1,0
ZINC00445152,DUD_gr_D_181,COc1ccc([C@@]2(O)CN(c3ccccc3)C3=[N+]2CCCS3)cc1,0
ZINC00445681,DUD_gr_D_182,Cc1nc2ccc(NC(=S)N3c4ccccc4C[C@H]3C)cc2nc1C,0
ZINC00445682,DUD_gr_D_183,Cc1nc2ccc(NC(=S)N3c4ccccc4C[C@@H]3C)cc2nc1C,0
ZINC00450436,DUD_gr_D_184,Cc1ccc(NC(=S)NC(=O)c2oc3ccccc3c2C)cc1C,0
ZINC00452919,DUD_gr_D_185,Cc1cccc(NC(=S)NC(=O)c2ccc(C(C)(C)C)cc2)c1,0
ZINC00454559,DUD_gr_D_186,Cc1ccc(C)c(NC(=S)NC(=O)c2ccc(OC(C)C)cc2)c1,0
ZINC00454673,DUD_gr_D_187,Cc1ccccc1NC(=S)NC(=O)c1ccc(C(C)(C)C)cc1,0
ZINC00456622,DUD_gr_D_188,Cc1ccccc1C(=O)NC(=S)Nc1ccc(N2CCCC2)cc1,0
ZINC00457171,DUD_gr_D_189,Cc1cccc(C(=O)NC(=S)Nc2ccc(N3CCCC3)cc2)c1,0
ZINC00458818,DUD_gr_D_190,Cc1cccc(NC(=S)N2CCN(c3cc(C)ccc3C)CC2)c1,0
ZINC00459120,DUD_gr_D_191,Cc1ccc(C)c(N2CCN(C(=S)Nc3ccccc3C)CC2)c1,0
ZINC00462948,DUD_gr_D_192,Cc1ccccc1C(=O)NC(=S)Nc1ccccc1N1CCCC1,0
ZINC00464460,DUD_gr_D_193,CCOc1ccc(C(=O)Nc2ccccc2N2CCCC2)cc1Cl,0
ZINC00467338,DUD_gr_D_194,Cc1cc(C)cc(NC(=S)N2CCC(Cc3ccccc3)CC2)c1,0
ZINC00467355,DUD_gr_D_195,Cc1ccc(NC(=S)N2CCC(Cc3ccccc3)CC2)c(C)c1,0
ZINC00467668,DUD_gr_D_196,Cc1ccc(C)c(NC(=S)N2CCC(Cc3ccccc3)CC2)c1,0
ZINC00467747,DUD_gr_D_197,CCOc1ccc(NC(=O)C2(c3ccc(Cl)cc3)CCCC2)cc1,0
ZINC00496187,DUD_gr_D_198,CC1(C)Cc2ccccc2-c2[nH]c(=S)n(Cc3ccccc3)c(=O)c21,0
ZINC00502910,DUD_gr_D_199,O=C(/C=C\c1cccc2ccccc12)NC(=S)N1CCCCCC1,0
ZINC00502918,DUD_gr_D_200,CC1CCN(C(=S)NC(=O)/C=C/c2cccc3ccccc23)CC1,0
ZINC00502969,DUD_gr_D_201,Cc1ccc(C)c(NC(=S)NC(=O)c2ccc(C(C)(C)C)cc2)c1,0
ZINC00502970,DUD_gr_D_202,Cc1ccc(NC(=S)NC(=O)c2ccc(C(C)(C)C)cc2)c(C)c1,0
ZINC00503015,DUD_gr_D_203,CC(C)(C)c1ccc(C(=O)NC(=S)N2CCc3ccccc32)cc1,0
ZINC00503016,DUD_gr_D_204,COc1cccc(NC(=S)NC(=O)c2ccc(C(C)(C)C)cc2)c1,0
ZINC00503019,DUD_gr_D_205,O=C(COc1cccc2ccccc12)NC(=S)NC1CCCCC1,0
ZINC00503023,DUD_gr_D_206,CC1CCN(C(=S)NC(=O)COc2cccc3ccccc23)CC1,0
ZINC00503027,DUD_gr_D_207,O=C(COc1cccc2ccccc12)NC(=S)N1CCCCCC1,0
ZINC00505384,DUD_gr_D_208,Cc1ccc(-c2nc([C@H](C)Oc3ccc(Cl)cc3C)n[nH]2)cc1,0
ZINC00505882,DUD_gr_D_209,Cc1cc(C)cc(C(=O)NC(=S)Nc2ccc(N(C)C)cc2)c1,0
ZINC00508412,DUD_gr_D_210,Cc1cc(C)c(NC(=S)NC(=O)COc2ccccc2C)c(C)c1,0
ZINC00508443,DUD_gr_D_211,Cc1ccc(OCC(=O)NC(=S)N2CCCc3ccccc32)cc1,0
ZINC00508491,DUD_gr_D_212,Cc1ccccc1OCC(=O)NC(=S)N1CCCc2ccccc21,0
ZINC00508511,DUD_gr_D_213,CC1CCN(C(=S)NC(=O)COc2ccc3ccccc3c2)CC1,0
ZINC00508649,DUD_gr_D_214,CC1CCN(C(=S)NC(=O)Cc2cccc3ccccc23)CC1,0
ZINC00508673,DUD_gr_D_215,Cc1ccc(C)c(OCC(=O)NC(=S)N2CCc3ccccc32)c1,0
ZINC00511950,DUD_gr_D_216,CN(Cc1ccccc1)C(=S)NC(=O)c1ccc(C(C)(C)C)cc1,0
ZINC00513650,DUD_gr_D_217,Cc1ccc(-c2ccc(C(=O)Nc3cccc(C)c3C)o2)cc1Cl,0
ZINC00521268,DUD_gr_D_218,Clc1ccc(Cn2ncc3c(NC4CCCCC4)ncnc32)cc1,0
ZINC00521995,DUD_gr_D_219,CC(C)Cn1c(=S)[nH]c2c(c1=O)C1(CCCC1)Cc1ccccc1-2,0
ZINC00525361,DUD_gr_D_220,O=C(NC(=S)N1CCCCCC1)c1ccc(-c2ccccc2)cc1,0
ZINC00536506,DUD_gr_D_221,Cc1ccccc1-n1nc(C)c2cc(C(=O)NC3CCCC3)sc21,0
ZINC00537713,DUD_gr_D_222,Cc1ccc2[nH]c3c(c2c1)SC(C)(C)C/C3=N\N=C/c1ccccc1,0
ZINC00556115,DUD_gr_D_223,COc1ccccc1C(=O)NC(=S)Nc1c(C)cc(C)cc1C,0
ZINC00558378,DUD_gr_D_224,CC1CCN(c2ccccc2NC(=S)NC(=O)c2ccco2)CC1,0
ZINC00559835,DUD_gr_D_225,COc1cccc(OC)c1C(=O)NC(=S)Nc1cccc(C)c1C,0
ZINC00559836,DUD_gr_D_226,COc1cccc(OC)c1C(=O)NC(=S)Nc1ccc(C)cc1C,0
ZINC00564014,DUD_gr_D_227,Cc1cc(N2CCCC2)ccc1/C=N\NC(=O)c1cccc(Cl)c1,0
ZINC00564018,DUD_gr_D_228,Cc1cc(N2CCCC2)ccc1/C=N\NC(=O)c1ccccc1Cl,0
ZINC00567856,DUD_gr_D_229,Cc1ccc(-c2csc(NC(=O)c3ccc(C)c(C)c3)n2)c(C)c1,0
ZINC00567871,DUD_gr_D_230,CCc1ccc(-c2csc(NC(=O)c3ccc(C)c(C)c3)n2)cc1,0
ZINC00568746,DUD_gr_D_231,COc1ccccc1C(=O)NC(=S)NC1C2CC3CC(C2)CC1C3,0
ZINC00568840,DUD_gr_D_232,O=C(COc1ccccc1)NC(=S)NC1C2CC3CC(C2)CC1C3,0
ZINC00569667,DUD_gr_D_233,Cc1ccc(C(=O)NC(=S)Nc2ccccc2N2CCCC2)cc1,0
ZINC00569761,DUD_gr_D_234,Cc1cc(Cl)ccc1OCC(=O)Nc1ccccc1N1CCCC1,0
ZINC00570427,DUD_gr_D_235,Cc1ccc(C(=O)NC(=S)Nc2ccc(N(C)C)cc2)c(C)c1,0
ZINC00570447,DUD_gr_D_236,Cc1ccc(C(=O)NC(=S)Nc2ccc(C(C)(C)C)cc2)c(C)c1,0
ZINC00572054,DUD_gr_D_237,Cc1ccc(C(=O)NC(=S)Nc2ccc3c(c2)OCCO3)c(C)c1,0
ZINC00572855,DUD_gr_D_238,Cc1nc(SCc2nc3ccccc3[nH]2)c2c(C)c(C)sc2n1,0
ZINC00572855,DUD_gr_D_239,Cc1nc(SCc2[nH]c3ccccc3[nH+]2)c2c(C)c(C)sc2n1,0
ZINC00581344,DUD_gr_D_240,CCCN1C(=O)N2CCC[NH+]=C2c2[nH]c(-c3ccc(Br)cc3)nc21,0
ZINC00588395,DUD_gr_D_241,Cc1cc(C)cc(C(=O)NC(=S)Nc2ccc3c(c2)OCCO3)c1,0
ZINC00588725,DUD_gr_D_242,Cc1nc(Nc2ccc(F)cc2)nc(N2CCc3ccc(F)cc3[C@H]2C)c1C,0
ZINC00588726,DUD_gr_D_243,Cc1nc(Nc2ccccc2)nc(N2CCc3ccc(F)cc3[C@H]2C)c1C,0
ZINC00591110,DUD_gr_D_244,CCc1cc(N2CCC(c3[nH]cnc3C)CC2)n(-c2cccc(Cl)c2)n1,0
ZINC00591110,DUD_gr_D_245,CCc1cc(N2CCC(c3[nH]c[nH+]c3C)CC2)n(-c2cccc(Cl)c2)n1,0
ZINC00595170,DUD_gr_D_246,Fc1ccc(-n2cc(-c3ccnc(NC4CCCCC4)n3)cn2)c(F)c1,0
ZINC00604220,DUD_gr_D_247,CNC(=S)[C@@]1(c2cccnc2)CCCC/C1=C\CSc1ccccc1,0
ZINC00604222,DUD_gr_D_248,CNC(=S)[C@@]1(c2cccnc2)CCCC/C1=C/C=C/c1ccc(F)cc1,0
ZINC00608356,DUD_gr_D_249,CC(=O)Oc1ccc2c(c1)CC=C1[C@H]2CC[C@]2(C)[C@@H]1CC[C@]2(O)c1ccoc1,0
ZINC00611052,DUD_gr_D_250,C[C@@]12CC3CC(C(=O)Nc4nc5ccccc5s4)(C1)C[C@@](C)(C3)C2,0
ZINC00611744,DUD_gr_D_251,Cc1ccc(N2CCN(C(=S)Nc3ccccc3F)C[C@H]2C)cc1,0
ZINC00612484,DUD_gr_D_252,CC(C)c1ccc(NC(=S)N2CCN(c3ccccc3)CC2)cc1,0
ZINC00612618,DUD_gr_D_253,Cc1ccc(NC(=S)N2CCC(Cc3ccccc3)CC2)cc1C,0
ZINC00613218,DUD_gr_D_254,Cc1cc(C)c(C)c(-c2csc(CC(=O)Nc3ccccc3)n2)c1,0
ZINC00617158,DUD_gr_D_255,COc1ccc(NC(=O)c2oc3cc(C)c(C)cc3c2C)cc1Cl,0
ZINC00619618,DUD_gr_D_256,CC1CCN(c2ccc(NC(=S)NC(=O)c3ccco3)cc2)CC1,0
ZINC00621630,DUD_gr_D_257,CCc1ccccc1-n1c(-c2ccc(C(C)(C)C)cc2)n[nH]c1=S,0
ZINC00622040,DUD_gr_D_258,CCc1ccc(C(=O)NC(=S)Nc2ccc(N3CCOCC3)cc2)cc1,0
ZINC00622750,DUD_gr_D_259,COc1ccc([N+]2=C3CCCCN3C[C@]2(O)c2ccc(Cl)cc2)cc1,0
ZINC00622753,DUD_gr_D_260,COc1ccc([N+]2=C3CCCCN3C[C@@]2(O)c2ccc(Cl)cc2)cc1,0
ZINC00622756,DUD_gr_D_261,COc1ccc([C@]2(O)CN3CCCCCC3=[N+]2c2ccccc2OC)cc1,0
ZINC00622759,DUD_gr_D_262,COc1ccc([C@@]2(O)CN3CCCCCC3=[N+]2c2ccccc2OC)cc1,0
ZINC00622762,DUD_gr_D_263,COc1ccccc1[N+]1=C2CCCCCN2C[C@@]1(O)c1ccc(Br)cc1,0
ZINC00622764,DUD_gr_D_264,COc1ccccc1[N+]1=C2CCCCCN2C[C@@]1(O)c1ccc(Br)cc1,0
ZINC00622824,DUD_gr_D_265,COc1ccc([N+]2=C3CCCCCN3C[C@]2(O)c2ccc(OC)cc2F)cc1,0
ZINC00622827,DUD_gr_D_266,COc1ccc([N+]2=C3CCCCCN3C[C@]2(O)c2ccc(OC)cc2F)cc1,0
ZINC00622956,DUD_gr_D_267,O[C@@]1(c2ccc3c(c2)OCO3)CN2CCCCCC2=[N+]1c1ccc(Cl)cc1,0
ZINC00622958,DUD_gr_D_268,O[C@@]1(c2ccc3c(c2)OCO3)CN2CCCCCC2=[N+]1c1ccc(Cl)cc1,0
ZINC00622960,DUD_gr_D_269,O[C@@]1(c2ccc(Br)cc2)CN2CCCCCC2=[N+]1c1ccc2c(c1)OCO2,0
ZINC00622962,DUD_gr_D_270,O[C@]1(c2ccc(Br)cc2)CN2CCCCCC2=[N+]1c1ccc2c(c1)OCO2,0
ZINC00623114,DUD_gr_D_271,CC[C@@H]1CSC2=[N+](c3ccccc3)[C@](O)(c3ccc(OC)cc3)CN21,0
ZINC00623116,DUD_gr_D_272,CC[C@H]1CSC2=[N+](c3ccccc3)[C@@](O)(c3ccc(OC)cc3)CN21,0
ZINC00623119,DUD_gr_D_273,CC[C@@H]1CSC2=[N+](c3ccccc3)[C@](O)(c3ccc(OC)cc3)CN21,0
ZINC00623121,DUD_gr_D_274,CC[C@H]1CSC2=[N+](c3ccccc3)[C@](O)(c3ccc(OC)cc3)CN21,0
ZINC00623174,DUD_gr_D_275,O[C@]1(c2ccc(F)cc2)CN2CCCCCC2=[N+]1c1ccc2c(c1)OCCO2,0
ZINC00623175,DUD_gr_D_276,O[C@@]1(c2ccc(F)cc2)CN2CCCCCC2=[N+]1c1ccc2c(c1)OCCO2,0
ZINC00623184,DUD_gr_D_277,COc1ccc([N+]2=C3CCCCCN3C[C@]2(O)c2ccc(Cl)cc2)cc1,0
ZINC00623186,DUD_gr_D_278,COc1ccc([N+]2=C3CCCCCN3C[C@]2(O)c2ccc(Cl)cc2)cc1,0
ZINC00623360,DUD_gr_D_279,O[C@]1(c2ccc(Br)cc2)CN2CCCCCC2=[N+]1c1ccc2c(c1)OCCO2,0
ZINC00623361,DUD_gr_D_280,O[C@]1(c2ccc(Br)cc2)CN2CCCCCC2=[N+]1c1ccc2c(c1)OCCO2,0
ZINC00623619,DUD_gr_D_281,Cc1ccc(C(=O)NC(=S)Nc2ccc(N3CCCCC3)cc2)cc1,0
ZINC00624123,DUD_gr_D_282,COc1ccc([C@]2(O)C[N+]3=C(SCCC3)N2c2ccc(Br)cc2)cc1,0
ZINC00624136,DUD_gr_D_283,CCOc1ccc([N+]2=C3CCCCCN3[C@](O)(c3ccc(F)cc3)C2)cc1,0
ZINC00624138,DUD_gr_D_284,CCOc1ccc([N+]2=C3CCCCCN3[C@](O)(c3ccc(F)cc3)C2)cc1,0
ZINC00624672,DUD_gr_D_285,O[C@@]1(c2ccc3c(c2)OCCO3)CN2CCCSC2=[N+]1c1ccccc1,0
ZINC00624674,DUD_gr_D_286,O[C@]1(c2ccc3c(c2)OCCO3)CN2CCCSC2=[N+]1c1ccccc1,0
ZINC00624745,DUD_gr_D_287,O[C@]1(c2ccc(Cl)cc2)CN2CCCCCC2=[N+]1c1ccc2c(c1)OCCO2,0
ZINC00624747,DUD_gr_D_288,O[C@]1(c2ccc(Cl)cc2)CN2CCCCCC2=[N+]1c1ccc2c(c1)OCCO2,0
ZINC00625683,DUD_gr_D_289,Cc1cc(C)c(NC(=O)[C@H](C)Sc2nc3ccccc3s2)c(C)c1,0
ZINC00625685,DUD_gr_D_290,Cc1cc(C)c(NC(=O)[C@@H](C)Sc2nc3ccccc3s2)c(C)c1,0
ZINC00627834,DUD_gr_D_291,COc1ccc(Br)cc1[C@H]1Nc2ccc(C)cc2-c2cc(C)nn21,0
ZINC00627835,DUD_gr_D_292,COc1ccc(Br)cc1[C@H]1Nc2ccc(C)cc2-c2cc(C)nn21,0
ZINC00628296,DUD_gr_D_293,Cc1ccc2cccc(Oc3ncnc4sc5c(c34)CCCCC5)c2n1,0
ZINC00630071,DUD_gr_D_294,CCOc1ccccc1[C@H]1Nc2ccccc2NC2=C1C(=O)CC(C)(C)C2,0
ZINC00630134,DUD_gr_D_295,COc1ccc([C@@H]2Nc3ccccc3NC3=C2C(=O)CC(C)(C)C3)c(OC)c1,0
ZINC00630138,DUD_gr_D_296,COc1ccc([C@@H]2Nc3ccccc3NC3=C2C(=O)CC(C)(C)C3)c(OC)c1,0
ZINC00632025,DUD_gr_D_297,Cc1ccc(-c2csc3ncnc(Nc4ccc5c(c4)OCCO5)c23)cc1,0
ZINC00632121,DUD_gr_D_298,COc1ccc(N2C3=[N+](CCCCC3)C[C@]2(O)c2ccc(F)cc2)cc1,0
ZINC00632124,DUD_gr_D_299,COc1ccc(N2C3=[N+](CCCCC3)C[C@]2(O)c2ccc(F)cc2)cc1,0
ZINC00632127,DUD_gr_D_300,COc1ccc(N2C3=[N+](CCCCC3)C[C@@]2(O)c2ccc(Cl)cc2)cc1,0
ZINC00632129,DUD_gr_D_301,COc1ccc(N2C3=[N+](CCCCC3)C[C@]2(O)c2ccc(Cl)cc2)cc1,0
ZINC00632144,DUD_gr_D_302,Cc1ccc([C@]2(O)C[N+]3=C(CCCCC3)N2c2ccc(Br)cc2)cc1,0
ZINC00632179,DUD_gr_D_303,COc1ccc(N2C3=[N+](CCCCC3)C[C@]2(O)c2ccc(Br)cc2)cc1,0
ZINC00632181,DUD_gr_D_304,COc1ccc(N2C3=[N+](CCCCC3)C[C@@]2(O)c2ccc(Br)cc2)cc1,0
ZINC00633157,DUD_gr_D_305,COc1ccc2nc3c(c(NC(=O)c4cccc(Br)c4)c2c1)CCCC3,0
ZINC00633711,DUD_gr_D_306,Cc1ccc([C@H]2C=C(c3ccc(Br)cc3)Nc3nc(C)nn32)cc1,0
ZINC00633719,DUD_gr_D_307,COc1ccc([C@H]2C=C(c3ccc(Br)cc3)Nc3nc(C)nn32)cc1,0
ZINC00633723,DUD_gr_D_308,COc1ccc([C@H]2C=C(c3ccc(Cl)cc3)Nc3nc(C)nn32)cc1,0
ZINC00633750,DUD_gr_D_309,Cc1nc2n(n1)[C@H](c1ccc(Cl)cc1)C=C(c1ccc(N(C)C)cc1)N2,0
ZINC00633752,DUD_gr_D_310,Cc1nc2n(n1)[C@H](c1ccc(Cl)cc1)C=C(c1ccc(N(C)C)cc1)N2,0
ZINC00633753,DUD_gr_D_311,Cc1nc2n(n1)[C@H](c1ccc(N(C)C)cc1)C=C(c1ccc(Cl)cc1)N2,0
ZINC00633755,DUD_gr_D_312,Cc1nc2n(n1)[C@H](c1ccc(N(C)C)cc1)C=C(c1ccc(Cl)cc1)N2,0
ZINC00634785,DUD_gr_D_313,Cc1ccc(N2C3=[N+](CCCCC3)C[C@@]2(O)c2ccc(Cl)cc2)cc1,0
ZINC00634790,DUD_gr_D_314,Cc1ccc(N2C3=[N+](CCCCC3)C[C@@]2(O)c2ccc(Br)cc2)cc1,0
ZINC00634792,DUD_gr_D_315,Cc1ccc(N2C3=[N+](CCCCC3)C[C@]2(O)c2ccc(Br)cc2)cc1,0
ZINC00634804,DUD_gr_D_316,CCOc1ccc(N2C3=[N+](CCCCC3)C[C@]2(O)c2ccc(F)cc2)cc1,0
ZINC00634806,DUD_gr_D_317,CCOc1ccc(N2C3=[N+](CCCCC3)C[C@@]2(O)c2ccc(F)cc2)cc1,0
ZINC00634815,DUD_gr_D_318,COc1ccc([C@@]2(O)C[N+]3=C(CCCCC3)N2c2ccc(Br)cc2)cc1,0
ZINC00634817,DUD_gr_D_319,COc1ccc([C@]2(O)C[N+]3=C(CCCCC3)N2c2ccc(Br)cc2)cc1,0
ZINC00636636,DUD_gr_D_320,CSc1cc(-c2c(O)ccc3ccccc23)n2nc(C(C)(C)C)nc2n1,0
ZINC00637291,DUD_gr_D_321,O[C@]1(c2ccc3c(c2)OCCO3)C[N+]2=C(CCCCC2)N1c1ccc(Cl)cc1,0
ZINC00637293,DUD_gr_D_322,O[C@@]1(c2ccc3c(c2)OCCO3)C[N+]2=C(CCCCC2)N1c1ccc(Cl)cc1,0
ZINC00637295,DUD_gr_D_323,O[C@]1(c2ccc(Br)cc2)C[N+]2=C(CCCCC2)N1c1ccc2c(c1)OCO2,0
ZINC00637308,DUD_gr_D_324,O[C@@]1(c2ccc(Cl)cc2)C[N+]2=C(CCCCC2)N1c1ccc2c(c1)OCO2,0
ZINC00637311,DUD_gr_D_325,O[C@@]1(c2ccc(Cl)cc2)C[N+]2=C(CCCCC2)N1c1ccc2c(c1)OCO2,0
ZINC00637355,DUD_gr_D_326,O[C@@]1(c2ccc3c(c2)OCCO3)C[N+]2=C(SCCC2)N1c1ccccc1,0
ZINC00637358,DUD_gr_D_327,O[C@@]1(c2ccc3c(c2)OCCO3)C[N+]2=C(SCCC2)N1c1ccccc1,0
ZINC00637885,DUD_gr_D_328,CCOc1ccc([C@@H]2NC(=S)NC(C)=C2C(=O)NC)c2ccccc12,0
ZINC00637887,DUD_gr_D_329,CCOc1ccc([C@@H]2NC(=S)NC(C)=C2C(=O)NC)c2ccccc12,0
ZINC00639246,DUD_gr_D_330,CCOc1ccc(N2C3=[N+](CCCCC3)C[C@]2(O)c2ccc(Cl)cc2)cc1,0
ZINC00639249,DUD_gr_D_331,CCOc1ccc(N2C3=[N+](CCCCC3)C[C@@]2(O)c2ccc(Cl)cc2)cc1,0
ZINC00639522,DUD_gr_D_332,COc1ccc([C@@]2(O)C[N+]3=C(CSCC3)N2c2ccc(C)cc2)cc1,0
ZINC00639524,DUD_gr_D_333,COc1ccc([C@]2(O)C[N+]3=C(CSCC3)N2c2ccc(C)cc2)cc1,0
ZINC00639529,DUD_gr_D_334,COc1ccccc1[C@@]1(O)C[N+]2=C(CCCCC2)N1c1ccc(Br)cc1,0
ZINC00639531,DUD_gr_D_335,COc1ccccc1[C@@]1(O)C[N+]2=C(CCCCC2)N1c1ccc(Br)cc1,0
ZINC00639542,DUD_gr_D_336,O[C@]1(c2ccccc2)CN2CCSC2=[N+]1c1ccc2c(c1)OCCCO2,0
ZINC00639544,DUD_gr_D_337,O[C@]1(c2ccccc2)CN2CCSC2=[N+]1c1ccc2c(c1)OCCCO2,0
ZINC00641166,DUD_gr_D_338,CCOc1ccccc1NC(=O)C1=C(C)NC(=S)N[C@@H]1c1ccccc1F,0
ZINC00641255,DUD_gr_D_339,CC1=C(C(=O)Nc2cccc(C)c2C)[C@H](c2ccccc2F)NC(=S)N1,0
ZINC00641260,DUD_gr_D_340,CC1=C(C(=O)Nc2cccc(C)c2C)[C@@H](c2ccc(C(C)C)cc2)NC(=S)N1,0
ZINC00641261,DUD_gr_D_341,CC1=C(C(=O)Nc2cccc(C)c2C)[C@H](c2ccc(C(C)C)cc2)NC(=S)N1,0
ZINC00641270,DUD_gr_D_342,COc1cccc([C@H]2NC(=S)NC(C)=C2C(=O)Nc2cccc(C)c2C)c1,0
ZINC00641274,DUD_gr_D_343,COc1cccc([C@H]2NC(=S)NC(C)=C2C(=O)Nc2cccc(C)c2C)c1,0
ZINC00641287,DUD_gr_D_344,CC1=C(C(=O)Nc2cccc(C)c2C)[C@@H](c2ccccc2)NC(=S)N1,0
ZINC00641290,DUD_gr_D_345,CC1=C(C(=O)Nc2cccc(C)c2C)[C@@H](c2ccccc2)NC(=S)N1,0
ZINC00641298,DUD_gr_D_346,CC1=C(C(=O)Nc2cccc(C)c2C)[C@H](c2ccc(C)cc2)NC(=S)N1,0
ZINC00641301,DUD_gr_D_347,CC1=C(C(=O)Nc2cccc(C)c2C)[C@H](c2ccc(C)cc2)NC(=S)N1,0
ZINC00641354,DUD_gr_D_348,COc1ccc([C@H]2NC(=S)NC(C)=C2C(=O)Nc2cccc(C)c2C)cc1,0
ZINC00641355,DUD_gr_D_349,COc1ccc([C@@H]2NC(=S)NC(C)=C2C(=O)Nc2cccc(C)c2C)cc1,0
ZINC00641375,DUD_gr_D_350,COc1ccccc1[C@H]1NC(=S)NC(C)=C1C(=O)Nc1cccc(C)c1C,0
ZINC00641379,DUD_gr_D_351,COc1ccccc1[C@@H]1NC(=S)NC(C)=C1C(=O)Nc1cccc(C)c1C,0
ZINC00641401,DUD_gr_D_352,COc1cccc(NC(=O)C2=C(C)NC(=S)N[C@H]2c2cccc(OC)c2)c1,0
ZINC00641419,DUD_gr_D_353,COc1cccc(NC(=O)C2=C(C)NC(=S)N[C@H]2c2ccccc2OC)c1,0
ZINC00641422,DUD_gr_D_354,COc1cccc(NC(=O)C2=C(C)NC(=S)N[C@@H]2c2ccccc2OC)c1,0
ZINC00642025,DUD_gr_D_355,Cc1cc(/C=C2\C(=O)NC(=S)N(c3cccc(F)c3)C2=O)c(C)n1C(C)C,0
ZINC00642269,DUD_gr_D_356,COc1ccc(N2C(=O)/C(=C\c3cccn3C(C)(C)C)C(=O)NC2=S)cc1,0
ZINC00643747,DUD_gr_D_357,CCOc1ccccc1Nc1nc(-c2c(C)nc3cc(C)ccn23)cs1,0
ZINC00643747,DUD_gr_D_358,CCOc1ccccc1Nc1nc(-c2c(C)[nH+]c3cc(C)ccn23)cs1,0
ZINC00643802,DUD_gr_D_359,COc1ccc([C@]2(O)C[N+]3=C(COCC3)N2c2ccc(Br)cc2)cc1,0
ZINC00643890,DUD_gr_D_360,CNC(=O)c1c(NC(=O)c2ccccc2F)sc2c1CC[C@@H](C(C)(C)C)C2,0
ZINC00643892,DUD_gr_D_361,CNC(=O)c1c(NC(=O)c2ccccc2F)sc2c1CC[C@@H](C(C)(C)C)C2,0
ZINC00647648,DUD_gr_D_362,COc1ccc(-n2sc3c(c2=S)-c2ccc(C)cc2NC3(C)C)cc1OC,0
ZINC00647989,DUD_gr_D_363,Cc1ccc(-c2cc(C(=O)NC3CC3)c3cc(Br)ccc3n2)cc1C,0
ZINC00648458,DUD_gr_D_364,Cc1ccc(-c2cc(C(=O)NC(C)C)c3cc(Br)ccc3n2)cc1C,0
ZINC00650525,DUD_gr_D_365,Cc1cccc(-c2cc(C(=O)NC3CCCC3)c3cc(Br)ccc3n2)c1,0
ZINC00651947,DUD_gr_D_366,Cc1ccc(-c2cc(C(=O)NCC(C)C)c3cc(Br)ccc3n2)cc1,0
ZINC00653061,DUD_gr_D_367,C[C@@H](NC(=O)c1c(I)cnn1C)c1ccc(C(C)(C)C)cc1,0
ZINC00653433,DUD_gr_D_368,CCn1c(S)nnc1-c1cc(-c2ccc(C)c(C)c2)nc2ccccc12,0
ZINC00653710,DUD_gr_D_369,CCn1c(S)nnc1-c1cc(-c2cc(C)ccc2C)nc2ccccc12,0
ZINC00653847,DUD_gr_D_370,CCc1ccc(-c2nc(NC(=S)NC(=O)c3ccco3)sc2C)cc1,0
ZINC00655300,DUD_gr_D_371,COc1cccc(-n2sc3c(c2=S)-c2cc(OC)ccc2NC3(C)C)c1,0
ZINC00655569,DUD_gr_D_372,CCOC(=O)c1ccc2c(c1)[C@H]1C=CC[C@@H]1[C@H](c1ccc(Br)cc1)N2,0
ZINC00661270,DUD_gr_D_373,CSc1ccccc1C(=O)Nc1ccc2c(c1)OC1(CCCCC1)O2,0
ZINC00664579,DUD_gr_D_374,CCOc1ccc(/C=C2/C(=O)NC(=S)N(c3cccc(C)c3C)C2=O)cc1,0
ZINC00665038,DUD_gr_D_375,O=C(NC1C2CC3CC(C2)CC1C3)c1cccc2c(Br)cccc12,0
ZINC00666693,DUD_gr_D_376,COc1ccccc1[C@H]1NC(=S)NC(C)=C1C(=O)Nc1ccccc1C,0
ZINC00666695,DUD_gr_D_377,COc1ccccc1[C@@H]1NC(=S)NC(C)=C1C(=O)Nc1ccccc1C,0
ZINC00666871,DUD_gr_D_378,Cc1ccccc1C(=O)NC(=S)Nc1ccc(N2CCCC2)c(Cl)c1,0
ZINC00667948,DUD_gr_D_379,Cc1nc2sc3c(NCc4ccccc4)ncnc3c2c2c1CCCC2,0
ZINC00668660,DUD_gr_D_380,C=C(C)Cn1c(=S)[nH]c2c(c1=O)C1(CCCCC1)Cc1ccccc1-2,0
ZINC00669601,DUD_gr_D_381,Cc1ccc(-c2cc(C(=O)NC3CCCCCC3)c3ccccc3n2)s1,0
ZINC00671252,DUD_gr_D_382,Cc1cc(C)c(NC(=O)COc2ccc3ccccc3c2Br)c(C)c1,0
ZINC00672360,DUD_gr_D_383,C=C(C)[C@H]1CC=C(C)/C(=N/NC(=O)c2sc3ccccc3c2Cl)C1,0
ZINC00672446,DUD_gr_D_384,Cc1ccc2c(c1)N[C@@H](c1ccccc1Cl)C1=C(CC(C)(C)CC1=O)N2,0
ZINC00672448,DUD_gr_D_385,Cc1ccc2c(c1)N[C@H](c1ccccc1Cl)C1=C(CC(C)(C)CC1=O)N2,0
ZINC00672942,DUD_gr_D_386,Cc1ccc(C)c(-c2cc(C(=O)NC3CC3)c3cc(Br)ccc3n2)c1,0
ZINC00674579,DUD_gr_D_387,COc1ccc(OC)c([C@H]2NC(=S)NC(C)=C2C(=O)Nc2ccccc2)c1,0
ZINC00675691,DUD_gr_D_388,COc1ccc(-n2sc3c(c2=S)-c2cc(C)ccc2NC3(C)C)cc1,0
ZINC00676442,DUD_gr_D_389,O=C(NC(=S)Nc1ccc(Oc2ccccc2)cc1)C1CCCCC1,0
ZINC00677459,DUD_gr_D_390,COc1ccc2c(c1)-c1c(sn(-c3cccc(C)c3)c1=S)C(C)(C)N2,0
ZINC00678110,DUD_gr_D_391,CCOc1ccc2c(c1)[C@H](OC(C)=O)C(C)(C)[C@H](c1ccc(F)cc1)N2,0
ZINC00678112,DUD_gr_D_392,CCOc1ccc2c(c1)[C@H](OC(C)=O)C(C)(C)[C@@H](c1ccc(F)cc1)N2,0
ZINC00678113,DUD_gr_D_393,CCOc1ccc2c(c1)[C@H](OC(C)=O)C(C)(C)[C@@H](c1ccc(F)cc1)N2,0
ZINC00678115,DUD_gr_D_394,CCOc1ccc2c(c1)[C@@H](OC(C)=O)C(C)(C)[C@@H](c1ccc(F)cc1)N2,0
ZINC00678246,DUD_gr_D_395,Cc1cc(-c2nc3cc(NC(=O)C(C)C)ccc3o2)ccc1Br,0
ZINC00678545,DUD_gr_D_396,Cc1ccc(C(=O)NC(=S)Nc2ccc(N3CCCC3)cc2)cc1C,0
ZINC00679035,DUD_gr_D_397,Cc1ccc(C(=O)NC(=S)Nc2ccccc2N2CCOCC2)cc1C,0
ZINC00679119,DUD_gr_D_398,COc1ccc(Br)cc1C(=O)Nc1ccccc1N1CCCC1,0
ZINC00679120,DUD_gr_D_399,COc1ccc(C(=O)NC(=S)Nc2ccccc2N2CCCC2)cc1Cl,0
ZINC00679873,DUD_gr_D_400,Cc1cccc(C(=O)Nc2c(C)nn(Cc3c(Cl)cccc3Cl)c2C)c1,0
ZINC00680119,DUD_gr_D_401,CC(C)c1ccc(C(=O)Nc2cccc(Cl)c2N2CCOCC2)cc1,0
ZINC00680895,DUD_gr_D_402,COc1cccc(C(=O)NC(=S)Nc2ccc3c4c(cccc24)CC3)c1,0
ZINC00680907,DUD_gr_D_403,Cc1cccc(C(=O)NC(=S)Nc2ccc(N3CCOCC3)cc2)c1,0
ZINC00682600,DUD_gr_D_404,Cc1ccc(C)c(NC(=O)c2ccc(Cn3nc(C)c(Cl)c3C)o2)c1,0
ZINC00686900,DUD_gr_D_405,COc1ccc2c(c1)NC(C)(C)c1sn(-c3ccc(C)cc3)c(=S)c1-2,0
ZINC00686901,DUD_gr_D_406,COc1ccc(-n2sc3c(c2=S)-c2ccc(OC)cc2NC3(C)C)cc1,0
ZINC00689089,DUD_gr_D_407,Cc1c(C)n(Cc2ccccc2)c2ccc(C(=O)N3CCSCC3)cc12,0
ZINC00702017,DUD_gr_D_408,CC(C)(C)NC(=O)O[C@@H]1Cc2ccccc2Sc2ccc(Cl)cc21,0
ZINC00702401,DUD_gr_D_409,Cc1ccc(NC(=O)[C@H]2[C@@H]3NC(=S)N[C@]2(C)Oc2ccccc23)c(C)c1,0
ZINC00702403,DUD_gr_D_410,Cc1ccc(NC(=O)[C@H]2[C@@H]3NC(=S)N(C)[C@]2(C)Oc2ccccc23)c(C)c1,0
ZINC00702408,DUD_gr_D_411,COc1ccc2c(c1)[C@@H]1NC(=S)N[C@](C)(O2)[C@H]1C(=O)Nc1ccccc1C,0
ZINC00705011,DUD_gr_D_412,O=C(Nc1cc2c3c(c1)[C@@H]1CCC[C@@H]1CN3C[C@H]1CCC[C@H]21)c1ccccc1,0
ZINC00707612,DUD_gr_D_413,COc1cc(Br)c([C@H]2CC(=O)Nc3c2ccc2ccccc32)cc1OC,0
ZINC00708982,DUD_gr_D_414,CC1=C(C(=O)Nc2ccccc2C)[C@H](c2ccc(C)cc2)NC(=S)N1,0
ZINC00708983,DUD_gr_D_415,CC1=C(C(=O)Nc2ccccc2C)[C@@H](c2ccc(C)cc2)NC(=S)N1,0
ZINC00709198,DUD_gr_D_416,COc1ccc(/N=c2/ssc3c2-c2ccccc2NC3(C)C)c(OC)c1,0
ZINC00711617,DUD_gr_D_417,COc1ccc(/N=C2\NC(=S)N(c3ccccc3)C23CCCCC3)cc1,0
ZINC00718934,DUD_gr_D_418,CC(C)COC(=O)c1ccc2c(c1)[C@H]1C=CC[C@@H]1[C@H](c1ccc(F)cc1)N2,0
ZINC00720711,DUD_gr_D_419,Cc1cc2c(cc1C)N[C@H](c1ccc(F)cc1)C1=C(CC(C)(C)CC1=O)N2,0
ZINC00720860,DUD_gr_D_420,Cc1cc2c(cc1C)N[C@@H](c1ccc(Cl)cc1)C1=C(CC(C)(C)CC1=O)N2,0
ZINC00720861,DUD_gr_D_421,Cc1cc2c(cc1C)N[C@H](c1ccc(Cl)cc1)C1=C(CC(C)(C)CC1=O)N2,0
ZINC00722328,DUD_gr_D_422,CC(=O)Nc1sc2c(c1C(=O)Nc1cccc3ccccc13)CCCC2,0
ZINC00722759,DUD_gr_D_423,O=C(Nc1ccc(N2CCCCC2)c(Cl)c1)c1cc2ccccc2o1,0
ZINC00723835,DUD_gr_D_424,Cc1sc2nc3c4ccccc4c(NC[C@@H]4CCCO4)nn3c(=O)c2c1C,0
ZINC00724367,DUD_gr_D_425,Cc1ccccc1-c1nc2cc(NC(=S)NC(=O)CC(C)C)ccc2o1,0
ZINC00729994,DUD_gr_D_426,O=C(COc1cccc(Br)c1)Nc1ccc(N2CCCCC2)cc1,0
ZINC00732705,DUD_gr_D_427,CC(C)(C)c1cc(NC(=O)C2CCCCC2)n(-c2ccccc2Cl)n1,0
ZINC00745209,DUD_gr_D_428,CC(C)(C)c1cc(NC(=O)c2cccc(Br)c2)n(C(C)(C)C)n1,0
ZINC00752748,DUD_gr_D_429,CCCc1nc2c(c3c1[nH]c1ccc(Br)cc13)C(=O)CC(C)(C)C2,0
ZINC00753699,DUD_gr_D_430,O=c1c2c([nH]c(=S)n1Cc1ccccc1)-c1ccccc1CC21CCCC1,0
ZINC00753704,DUD_gr_D_431,Cc1nc2sccn2c1-c1csc(Nc2ccc(N(C)C)cc2)n1,0
ZINC00753704,DUD_gr_D_432,Cc1[nH+]c2sccn2c1-c1csc(Nc2ccc(N(C)C)cc2)n1,0
ZINC00753721,DUD_gr_D_433,Cc1ccn2c(-c3csc(Nc4ccc(N(C)C)cc4)n3)c(C)nc2c1,0
ZINC00753721,DUD_gr_D_434,Cc1ccn2c(-c3csc(Nc4ccc(N(C)C)cc4)n3)c(C)[nH+]c2c1,0
ZINC00753856,DUD_gr_D_435,Cc1nc(NC[C@@H]2COc3ccccc3O2)c2c3c(sc2n1)CCCC3,0
ZINC00754676,DUD_gr_D_436,COc1ccc([C@@H]2NC(S)=NC3=C2CCc2ccc(OC)cc23)cc1,0
ZINC00755170,DUD_gr_D_437,COc1ccc(-n2c(=S)[nH]c3c(c2=O)C2(CCCC2)Cc2ccccc2-3)cc1,0
ZINC00755411,DUD_gr_D_438,CC1(C)Cc2nc3sc4c(NCc5ccccc5)ncnc4c3cc2CO1,0
ZINC00756446,DUD_gr_D_439,Cc1cc(OCC(=O)Nc2cccc3c2CCCC3)ccc1Br,0
ZINC00756754,DUD_gr_D_440,Cc1cc(C)c(Nc2ncnc3c2cnn3-c2ccc(Cl)cc2)c(C)c1,0
ZINC00778027,DUD_gr_D_441,Cc1sc(NC(=O)c2ccccc2)c(C(=O)NC2CCCCC2)c1C,0
ZINC00780362,DUD_gr_D_442,COc1cc2c(cc1OC)CN(C(=S)NC(=O)c1ccccc1)CC2,0
ZINC00784644,DUD_gr_D_443,COc1ccc(N2CCN(C(=S)Nc3cc(C)ccc3C)CC2)cc1,0
ZINC00784645,DUD_gr_D_444,COc1cccc(N2CCN(C(=S)Nc3ccc(C)cc3C)CC2)c1,0
ZINC00784650,DUD_gr_D_445,COc1cccc(N2CCN(C(=S)Nc3ccccc3OC)CC2)c1,0
ZINC00786036,DUD_gr_D_446,COc1ccc(N2CCN(C(=S)Nc3ccc(C)cc3C)CC2)cc1,0
ZINC00786038,DUD_gr_D_447,COc1ccc(N2CCN(C(=S)Nc3ccccc3OC)CC2)cc1,0
ZINC00786040,DUD_gr_D_448,COc1cccc(N2CCN(C(=S)Nc3cc(C)cc(C)c3)CC2)c1,0
ZINC00786041,DUD_gr_D_449,COc1ccc(N2CCN(C(=S)Nc3cccc(C)c3C)CC2)cc1,0
ZINC00786043,DUD_gr_D_450,COc1ccc(N2CCN(C(=S)Nc3cc(C)cc(C)c3)CC2)cc1,0
ZINC00787595,DUD_gr_D_451,CC[C@@]1(C)/C(=N\c2c(C)cccc2C)NC(=S)N1c1cccc(C)c1,0
ZINC00787600,DUD_gr_D_452,CC[C@@]1(C)/C(=N\c2c(C)cccc2C)NC(=S)N1c1cccc(C)c1,0
ZINC00797608,DUD_gr_D_453,COc1ccc(C2(CNC(=O)c3ccccc3Cl)CCCC2)cc1OC,0
ZINC00799867,DUD_gr_D_454,O=c1c2c([nH]c(=S)n1C1CCCC1)-c1ccccc1CC21CCCCC1,0
ZINC00804361,DUD_gr_D_455,CCOc1cc([C@@H]2CC(=O)Nc3ccc4ccccc4c32)c(Cl)cc1OC,0
ZINC00804363,DUD_gr_D_456,CCOc1cc([C@H]2CC(=O)Nc3ccc4ccccc4c32)c(Cl)cc1OC,0
ZINC00811068,DUD_gr_D_457,CSc1ccc([C@H]2Nc3ccccc3NC3=C2C(=O)CC(C)(C)C3)cc1,0
ZINC00811069,DUD_gr_D_458,CSc1ccc([C@H]2Nc3ccccc3NC3=C2C(=O)CC(C)(C)C3)cc1,0
ZINC00812924,DUD_gr_D_459,CCOc1cc([C@@H]2CC(=O)Nc3c2ccc2ccccc32)cc(Br)c1OC,0
ZINC00812925,DUD_gr_D_460,CCOc1cc([C@@H]2CC(=O)Nc3c2ccc2ccccc32)cc(Br)c1OC,0
ZINC00813331,DUD_gr_D_461,CN1/C(=C\C(=O)Nc2ccc(Br)cc2)c2ccccc2CC1(C)C,0
ZINC00813335,DUD_gr_D_462,CN1/C(=C\C(=O)Nc2ccccc2Br)c2ccccc2CC1(C)C,0
ZINC00816090,DUD_gr_D_463,COc1cc2c(cc1OC)[C@@H](c1ccc(Cl)cc1)C1=C(CC(C)(C)CC1=O)N2,0
ZINC00816091,DUD_gr_D_464,COc1cc2c(cc1OC)[C@@H](c1ccc(Cl)cc1)C1=C(CC(C)(C)CC1=O)N2,0
ZINC00816098,DUD_gr_D_465,CSc1ccc([C@H]2C3=C(CC(C)(C)CC3=O)Nc3cc4c(cc32)OCO4)cc1,0
ZINC00816099,DUD_gr_D_466,CSc1ccc([C@@H]2C3=C(CC(C)(C)CC3=O)Nc3cc4c(cc32)OCO4)cc1,0
ZINC00816104,DUD_gr_D_467,COc1cc2c(cc1OC)[C@H](c1ccc(F)cc1)C1=C(CC(C)(C)CC1=O)N2,0
ZINC00816105,DUD_gr_D_468,COc1cc2c(cc1OC)[C@H](c1ccc(F)cc1)C1=C(CC(C)(C)CC1=O)N2,0
ZINC00816652,DUD_gr_D_469,O=C(NN=C1C2CC3CC(C2)CC1C3)c1sc2ccccc2c1Cl,0
ZINC00820038,DUD_gr_D_470,O=c1c2c([nH]c(=S)n1Cc1ccccc1)-c1ccccc1CC21CCCCC1,0
ZINC00826610,DUD_gr_D_471,COc1ccc2c(c1)-c1c(sn(-c3ccccc3C)c1=S)C(C)(C)N2,0
ZINC00828829,DUD_gr_D_472,COc1ccc([C@H]2NC(=S)NC(C)=C2C(=O)Nc2ccc(C)cc2)cc1,0
ZINC00828830,DUD_gr_D_473,COc1ccc([C@@H]2NC(=S)NC(C)=C2C(=O)Nc2ccc(C)cc2)cc1,0
ZINC00828850,DUD_gr_D_474,CC1=C(C(=O)Nc2ccc(C)cc2)[C@H](c2ccc(N(C)C)cc2)NC(=S)N1,0
ZINC00829562,DUD_gr_D_475,CCOC(=O)c1ccc2c(c1)[C@H]1C=CC[C@@H]1[C@H](c1ccccc1Cl)N2,0
ZINC00832691,DUD_gr_D_476,COc1ccc(-n2sc3c(c2=S)-c2ccccc2NC3(C)C)cc1OC,0
ZINC00832692,DUD_gr_D_477,COc1ccc(-n2sc3c(c2=S)-c2cc(C)ccc2NC3(C)C)cc1OC,0
ZINC00834275,DUD_gr_D_478,CCOC(=O)c1ccc2c(c1)[C@H]1C=CC[C@@H]1[C@H](c1ccc(Cl)cc1)N2,0
ZINC00835424,DUD_gr_D_479,O=C(Nc1ccc2c(c1)OCO2)[C@H]1SCCc2cc(C3CCCCC3)ccc21,0
ZINC00836833,DUD_gr_D_480,COc1ccc(C(=O)Nc2c(Cl)cccc2Cl)c2c1OC1(CCCC1)C2,0
ZINC00841253,DUD_gr_D_481,CC(C)(C)c1ccc(C(=O)N2CCN(c3cccc(Cl)c3)CC2)cc1,0
ZINC00845660,DUD_gr_D_482,COc1ccc(NC(=O)C2=C(C)NC(=S)N[C@H]2c2ccc(C)cc2)cc1,0
ZINC00845661,DUD_gr_D_483,COc1ccc(NC(=O)C2=C(C)NC(=S)N[C@H]2c2ccc(C)cc2)cc1,0
ZINC00845672,DUD_gr_D_484,CC1=C(C(=O)Nc2ccc(C)cc2)[C@H](c2ccc(C)cc2)NC(=S)N1,0
ZINC00845673,DUD_gr_D_485,CC1=C(C(=O)Nc2ccc(C)cc2)[C@@H](c2ccc(C)cc2)NC(=S)N1,0
ZINC00845833,DUD_gr_D_486,COC(=O)c1ccc(Nc2nc(-c3ccc(C)cc3C)c(C)s2)cc1,0
ZINC00845834,DUD_gr_D_487,COC(=O)c1ccc(Nc2nc(-c3cc(C)ccc3C)c(C)s2)cc1,0
ZINC00849849,DUD_gr_D_488,COc1ccc(OC)c([C@H]2Nc3ccccc3NC3=C2C(=O)CC(C)(C)C3)c1,0
ZINC00850503,DUD_gr_D_489,COc1ccc(NC(=S)N2CCn3c4c(c5cc(C)ccc53)CCC[C@@H]42)cc1,0
ZINC00851081,DUD_gr_D_490,Cc1ccc(NC(=O)c2c3c(nc4ccccc24)CCCCC3)c(C)c1,0
ZINC00853040,DUD_gr_D_491,COc1ccc(/N=c2/ssc3c2-c2cc(OC)ccc2NC3(C)C)cc1,0
ZINC00853330,DUD_gr_D_492,COc1ccccc1Nc1nc(-c2c(C)nc3cc(C)ccn23)cs1,0
ZINC00853330,DUD_gr_D_493,COc1ccccc1Nc1nc(-c2c(C)[nH+]c3cc(C)ccn23)cs1,0
ZINC00853648,DUD_gr_D_494,Cc1ccc(NC(=O)[C@@H](C)Sc2ncnc3sc4c(c23)CCCC4)cc1,0
ZINC00853649,DUD_gr_D_495,Cc1ccc(NC(=O)[C@@H](C)Sc2ncnc3sc4c(c23)CCCC4)cc1,0
ZINC00853653,DUD_gr_D_496,Cc1cccc(C)c1NC(=O)CSc1ncnc2sc3c(c12)CCCC3,0
ZINC00855430,DUD_gr_D_497,COc1ccc(-n2sc3c(c2=S)-c2cc(C)c(C)cc2NC3(C)C)cc1,0
ZINC00855965,DUD_gr_D_498,COc1cccc(-n2sc3c(c2=S)-c2cc(C)ccc2NC3(C)C)c1,0
ZINC00857613,DUD_gr_D_499,COc1cccc([C@@H]2Nc3ccccc3NC3=C2C(=O)CC(C)(C)C3)c1OC,0
ZINC00857614,DUD_gr_D_500,COc1cccc([C@H]2Nc3ccccc3NC3=C2C(=O)CC(C)(C)C3)c1OC,0
ZINC00858399,DUD_gr_D_501,CCNC(=O)c1c(NC(=O)c2ccccc2Cl)sc2c1CCCC2,0
ZINC00858400,DUD_gr_D_502,CCNC(=O)c1c(NC(=O)c2ccccc2Br)sc2c1CCCC2,0
ZINC00858949,DUD_gr_D_503,O=C(NC(=S)NC1CCCCCCCCCCC1)c1cccnc1,0
ZINC00861340,DUD_gr_D_504,COc1ccc(Br)cc1[C@H]1Nc2ccccc2NC2=C1C(=O)CC(C)(C)C2,0
ZINC00861341,DUD_gr_D_505,COc1ccc(Br)cc1[C@@H]1Nc2ccccc2NC2=C1C(=O)CC(C)(C)C2,0
ZINC00862477,DUD_gr_D_506,COc1cccc([C@H]2NC(=S)NC(C)=C2C(=O)Nc2ccc(C)cc2)c1,0
ZINC00862478,DUD_gr_D_507,COc1cccc([C@@H]2NC(=S)NC(C)=C2C(=O)Nc2ccc(C)cc2)c1,0
ZINC00862523,DUD_gr_D_508,COc1cccc([C@H]2NC(=S)NC(C)=C2C(=O)Nc2ccccc2C)c1,0
ZINC00862524,DUD_gr_D_509,COc1cccc([C@@H]2NC(=S)NC(C)=C2C(=O)Nc2ccccc2C)c1,0
ZINC00862545,DUD_gr_D_510,COc1ccc(NC(=O)C2=C(C)NC(=S)N[C@@H]2c2cccc(OC)c2)cc1,0
ZINC00862825,DUD_gr_D_511,COc1cc2c(C(=O)N3CCCC3)c(C)n(-c3ccccc3)c2cc1Br,0
ZINC00865982,DUD_gr_D_512,O=C(NC1CCCCC1)c1cnn2c1N[C@H](c1ccccc1)C[C@@H]2C(F)(F)F,0
ZINC00865983,DUD_gr_D_513,O=C(NC1CCCCC1)c1cnn2c1N[C@@H](c1ccccc1)C[C@H]2C(F)(F)F,0
ZINC00868696,DUD_gr_D_514,CCc1cccc(CC)c1NC(=O)c1c(C)nn(-c2ccccc2)c1Cl,0
ZINC00871789,DUD_gr_D_515,COc1cc([C@H]2Nc3c(Cl)cccc3[C@@H]3C=CC[C@@H]32)cc(OC)c1OC,0
ZINC00871798,DUD_gr_D_516,COc1ccc(OC)c([C@H]2Nc3ccc(I)cc3[C@H]3C=CC[C@H]32)c1,0
ZINC00871810,DUD_gr_D_517,COc1cc(OC)c2c(c1)[C@H]1C=CC[C@H]1[C@@H](c1cc([N+](=O)[O-])ccc1Cl)N2,0
ZINC00871815,DUD_gr_D_518,COc1ccc([C@@H]2Nc3c(OC)ccc(Cl)c3[C@@H]3C=CC[C@@H]32)cc1[N+](=O)[O-],0
ZINC00871825,DUD_gr_D_519,COC(=O)c1ccc([C@H]2Nc3c(OC)ccc(Cl)c3[C@H]3C=CC[C@@H]32)cc1,0
ZINC00871831,DUD_gr_D_520,COc1ccc(Br)cc1[C@H]1Nc2ccc(C(C)=O)cc2[C@@H]2C=CC[C@@H]21,0
ZINC00871832,DUD_gr_D_521,COc1cc(OC)c2c(c1)[C@@H]1C=CC[C@H]1[C@H](c1ccc(Br)cc1)N2,0
ZINC00873787,DUD_gr_D_522,Cc1cccc(NC(=O)[C@H](C)Sc2ncnc3sc4c(c23)CCCC4)c1,0
ZINC00877881,DUD_gr_D_523,COc1ccc(C2=NNC(c3cccs3)=Nc3ccc(C)cc32)cc1OC,0
ZINC00888743,DUD_gr_D_524,COc1ccc(Cl)cc1Nc1nc(-c2c(C)nc3cc(C)ccn23)cs1,0
ZINC00888761,DUD_gr_D_525,Cc1ccn2c(-c3csc(Nc4cccc(Cl)c4C)n3)c(C)nc2c1,0
ZINC00888761,DUD_gr_D_526,Cc1ccn2c(-c3csc(Nc4cccc(Cl)c4C)n3)c(C)[nH+]c2c1,0
ZINC00888775,DUD_gr_D_527,CN(C)c1ccc(-c2nc3ccc(Cl)cn3c2NC2CCCC2)cc1,0
ZINC00888775,DUD_gr_D_528,CN(C)c1ccc(-c2[nH+]c3ccc(Cl)cn3c2NC2CCCC2)cc1,0
ZINC00888780,DUD_gr_D_529,COc1ccc(-c2nc3ccc(Cl)cn3c2NC[C@H]2CCCO2)cc1,0
ZINC00888780,DUD_gr_D_530,COc1ccc(-c2[nH+]c3ccc(Cl)cn3c2NC[C@H]2CCCO2)cc1,0
ZINC00888786,DUD_gr_D_531,CN(C)c1ccc(-c2nc3ccc(Cl)cn3c2NC[C@@H]2CCCO2)cc1,0
ZINC00888786,DUD_gr_D_532,CN(C)c1ccc(-c2[nH+]c3ccc(Cl)cn3c2NC[C@@H]2CCCO2)cc1,0
ZINC00888787,DUD_gr_D_533,CN(C)c1ccc(-c2nc3ccc(Cl)cn3c2NC[C@H]2CCCO2)cc1,0
ZINC00888787,DUD_gr_D_534,CN(C)c1ccc(-c2[nH+]c3ccc(Cl)cn3c2NC[C@@H]2CCCO2)cc1,0
ZINC00898928,DUD_gr_D_535,COc1cccc(-n2sc3c(c2=S)-c2cc(C)c(C)cc2NC3(C)C)c1,0
ZINC00900576,DUD_gr_D_536,Cc1ccc([C@@H]2C[C@H](C(F)F)n3ncc(C(=O)NC(C)(C)C)c3N2)cc1,0
ZINC00900578,DUD_gr_D_537,Cc1ccc([C@H]2C[C@@H](C(F)F)n3ncc(C(=O)NC(C)(C)C)c3N2)cc1,0
ZINC00900581,DUD_gr_D_538,Cc1ccc([C@H]2C[C@@H](C(F)F)n3ncc(C(=O)NC(C)(C)C)c3N2)cc1,0
ZINC00900583,DUD_gr_D_539,Cc1ccc([C@H]2C[C@H](C(F)F)n3ncc(C(=O)NC(C)(C)C)c3N2)cc1,0
ZINC00904165,DUD_gr_D_540,Cc1cccn2c(NC[C@H]3CCCO3)c(-c3ccc(Cl)cc3)nc12,0
ZINC00904165,DUD_gr_D_541,Cc1cccn2c(NC[C@H]3CCCO3)c(-c3ccc(Cl)cc3)[nH+]c12,0
ZINC00904166,DUD_gr_D_542,Cc1cccn2c(NC[C@H]3CCCO3)c(-c3ccc(Cl)cc3)nc12,0
ZINC00904166,DUD_gr_D_543,Cc1cccn2c(NC[C@H]3CCCO3)c(-c3ccc(Cl)cc3)[nH+]c12,0
ZINC00904182,DUD_gr_D_544,COc1ccc(-c2nc3ccc(Cl)cn3c2NC2CCCCC2)cc1,0
ZINC00904182,DUD_gr_D_545,COc1ccc(-c2[nH+]c3ccc(Cl)cn3c2NC2CCCCC2)cc1,0
ZINC00904196,DUD_gr_D_546,CN(C)c1ccc(-c2[nH+]c3ccc(Cl)cn3c2NC2CCCCC2)cc1,0
ZINC00904204,DUD_gr_D_547,Cc1ccc(-c2nc3ccc(Br)cn3c2NC2CCCC2)cc1,0
ZINC00904204,DUD_gr_D_548,Cc1ccc(-c2[nH+]c3ccc(Br)cn3c2NC2CCCC2)cc1,0
ZINC00904205,DUD_gr_D_549,Cc1ccc(-c2nc3ccc(Br)cn3c2NC[C@@H]2CCCO2)cc1,0
ZINC00904205,DUD_gr_D_550,Cc1ccc(-c2[nH+]c3ccc(Br)cn3c2NC[C@@H]2CCCO2)cc1,0
ZINC00904206,DUD_gr_D_551,Cc1ccc(-c2nc3ccc(Br)cn3c2NC[C@@H]2CCCO2)cc1,0
ZINC00904206,DUD_gr_D_552,Cc1ccc(-c2[nH+]c3ccc(Br)cn3c2NC[C@H]2CCCO2)cc1,0
ZINC00904239,DUD_gr_D_553,COc1ccc(-c2nc3ccc(Br)cn3c2NC(C)(C)C)cc1,0
ZINC00904239,DUD_gr_D_554,COc1ccc(-c2[nH+]c3ccc(Br)cn3c2NC(C)(C)C)cc1,0
ZINC00904241,DUD_gr_D_555,COc1ccc(-c2nc3ccc(Br)cn3c2NC2CCCC2)cc1,0
ZINC00904241,DUD_gr_D_556,COc1ccc(-c2[nH+]c3ccc(Br)cn3c2NC2CCCC2)cc1,0
ZINC00904244,DUD_gr_D_557,COc1ccc(-c2nc3ccc(Br)cn3c2NC2CCCCC2)cc1,0
ZINC00904244,DUD_gr_D_558,COc1ccc(-c2[nH+]c3ccc(Br)cn3c2NC2CCCCC2)cc1,0
ZINC00904246,DUD_gr_D_559,COc1ccc(-c2nc3ccc(Br)cn3c2NC[C@@H]2CCCO2)cc1,0
ZINC00904246,DUD_gr_D_560,COc1ccc(-c2[nH+]c3ccc(Br)cn3c2NC[C@@H]2CCCO2)cc1,0
ZINC00904277,DUD_gr_D_561,CN(C)c1ccc(-c2nc3ccc(Br)cn3c2NC(C)(C)C)cc1,0
ZINC00904277,DUD_gr_D_562,CN(C)c1ccc(-c2[nH+]c3ccc(Br)cn3c2NC(C)(C)C)cc1,0
ZINC00904279,DUD_gr_D_563,CN(C)c1ccc(-c2[nH+]c3ccc(Br)cn3c2NC2CCCC2)cc1,0
ZINC00904281,DUD_gr_D_564,CN(C)c1ccc(-c2nc3ccc(Br)cn3c2NC[C@H]2CCCO2)cc1,0
ZINC00904281,DUD_gr_D_565,CN(C)c1ccc(-c2[nH+]c3ccc(Br)cn3c2NC[C@H]2CCCO2)cc1,0
ZINC00911494,DUD_gr_D_566,O=C(Nc1ccc(N2CCCCC2)c(Cl)c1)c1ccc2c(c1)OCCO2,0
ZINC00920302,DUD_gr_D_567,Cc1ccc(NC(=O)c2cc(C)nc3ccc(C)cc23)c(Br)c1,0
ZINC00920319,DUD_gr_D_568,Cc1cc(C)c2nc(C)cc(C(=O)Nc3ccc(C)c(Cl)c3)c2c1,0
ZINC00924392,DUD_gr_D_569,Cc1cc2c(C)ccc(C)c2nc1SCC(=O)Nc1ccccc1F,0
ZINC00924408,DUD_gr_D_570,Cc1cc(C)c2cc(C)c(SCC(=O)Nc3cccc(F)c3)nc2c1,0
ZINC00924409,DUD_gr_D_571,Cc1cc(C)c2cc(C)c(SCC(=O)Nc3ccccc3F)nc2c1,0
ZINC00930368,DUD_gr_D_572,Cc1cccc(C2=NCC(=O)N(Cc3ccc(F)cc3)c3sc4c(c32)CCC4)c1,0
ZINC00934421,DUD_gr_D_573,c1nc(NCCc2ccc3c(c2)OCCO3)c2c3c(sc2n1)CCC3,0
ZINC00941064,DUD_gr_D_574,O=C(NC(=S)Nc1ccc(N2CCCCC2)cc1)c1ccccc1Cl,0
ZINC00943660,DUD_gr_D_575,O=C(COc1ccccc1Br)Nc1ccc(N2CCCCC2)cc1,0
ZINC00944676,DUD_gr_D_576,Cc1sc2nc3c4ccccc4c(NC4CCCCC4)nn3c(=O)c2c1C,0
ZINC00945240,DUD_gr_D_577,CCOc1ccccc1NC1=C(Cl)C(=O)N(c2ccc(C)cc2C)C1=O,0
ZINC00945309,DUD_gr_D_578,O=C(Cc1ccccc1)NC(=S)Nc1ccc(N2CCCCC2)cc1,0
ZINC00947319,DUD_gr_D_579,Cc1ccc(-c2nc(NC(=O)c3c(C)cc(C)cc3C)sc2C)cc1,0
ZINC00948643,DUD_gr_D_580,Cc1cc(Nc2ccc(N3CCOCC3)cc2)c2cc(Cl)ccc2n1,0
ZINC00948660,DUD_gr_D_581,COc1ccc(-c2nc(-c3c(C)[nH]c4ccccc34)cs2)cc1OC,0
ZINC00948662,DUD_gr_D_582,COc1ccc(-c2nc(-c3c[nH]c4ccccc34)c(C)s2)cc1OC,0
ZINC00952837,DUD_gr_D_583,CCOC(=O)c1ccc2nc(C)cc(Nc3ccc(Br)cc3)c2c1,0
ZINC00954176,DUD_gr_D_584,c1nc(Nc2ccc(N3CCOCC3)cc2)c2c3c(sc2n1)CCCC3,0
ZINC00955792,DUD_gr_D_585,O=C(Nc1ccc(N2CCCCC2)cc1)/C(Br)=C/c1ccccc1,0
ZINC00960144,DUD_gr_D_586,CC(=O)Oc1ccccc1-c1nc2ccc(Br)cn2c1NC1CCCCC1,0
ZINC00960144,DUD_gr_D_587,CC(=O)Oc1ccccc1-c1[nH+]c2ccc(Br)cn2c1NC1CCCCC1,0
ZINC00970889,DUD_gr_D_588,Cc1ccc(C)n1-c1sc2c(c1C(=O)Nc1ccccc1)CCCC2,0
ZINC00970890,DUD_gr_D_589,Cc1ccc(NC(=O)c2c(-n3c(C)ccc3C)sc3c2CCCC3)cc1,0
ZINC00971087,DUD_gr_D_590,COc1ccc([C@@H]2NC(=S)NC(C)=C2C(=O)Nc2ccccc2C)c(OC)c1,0
ZINC00971088,DUD_gr_D_591,COc1ccc([C@@H]2NC(=S)NC(C)=C2C(=O)Nc2ccccc2C)c(OC)c1,0
ZINC00971197,DUD_gr_D_592,COc1ccc([C@@]2(O)CN(Cc3ccc(Br)cc3)C3=CCCCN32)cc1,0
ZINC00980690,DUD_gr_D_593,CCc1cccc2c(/C=N\n3cnc4sc5c(c4c3=O)CCCC5)c[nH]c12,0
ZINC00984870,DUD_gr_D_594,CC[C@]1(C)Cc2c(sc3[nH]c(=S)n(Cc4ccccc4)c(=O)c23)CO1,0
ZINC00984871,DUD_gr_D_595,CC[C@@]1(C)Cc2c(sc3[nH]c(=S)n(Cc4ccccc4)c(=O)c23)CO1,0
ZINC00984977,DUD_gr_D_596,CCOc1cccc2c1NC(C)(C)c1sn(-c3ccc(F)cc3)c(=S)c1-2,0
ZINC00984993,DUD_gr_D_597,COc1ccccc1-n1sc2c(c1=S)-c1cc(C)ccc1NC2(C)C,0
ZINC00984994,DUD_gr_D_598,COc1ccccc1-n1sc2c(c1=S)-c1cc(C)c(C)cc1NC2(C)C,0
ZINC00984995,DUD_gr_D_599,COc1ccccc1-n1sc2c(c1=S)-c1ccc(C)cc1NC2(C)C,0
ZINC00984996,DUD_gr_D_600,COc1ccc2c(c1)-c1c(sn(-c3ccccc3OC)c1=S)C(C)(C)N2,0
ZINC00984997,DUD_gr_D_601,CCOc1cccc2c1NC(C)(C)c1sn(-c3ccccc3)c(=S)c1-2,0
ZINC00985230,DUD_gr_D_602,COc1ccc2c(c1)NC(C)(C)c1sn(-c3ccccc3C)c(=S)c1-2,0
ZINC00985746,DUD_gr_D_603,O=c1c2c([nH]c(=S)n1CC1CCCC1)-c1ccccc1CC21CCCC1,0
ZINC00986066,DUD_gr_D_604,CCOC(=O)c1c(NC(=S)Nc2ccccc2)sc2c1[C@H](C)CCC2,0
ZINC00986067,DUD_gr_D_605,CCOC(=O)c1c(NC(=S)Nc2ccccc2)sc2c1[C@@H](C)CCC2,0
ZINC00987023,DUD_gr_D_606,CCN1c2ccccc2NC2=C(C(=O)CC(C)(C)C2)[C@@H]1c1ccc(OC)cc1,0
ZINC00987025,DUD_gr_D_607,CCN1c2ccccc2NC2=C(C(=O)CC(C)(C)C2)[C@@H]1c1ccc(OC)cc1,0
ZINC00987284,DUD_gr_D_608,CC1(C)Cc2nc3sc4c(NCc5ccco5)ncnc4c3cc2CO1,0
ZINC00991102,DUD_gr_D_609,Cc1ccc2nc(-c3ccc(Cl)cc3)cc(C(=O)N3CCCCC3)c2c1,0
ZINC00991825,DUD_gr_D_610,COc1ccc(Cl)cc1NC(=O)c1cccc(-n2c(C)ccc2C)c1,0
ZINC00993768,DUD_gr_D_611,COc1cccc(-n2sc3c(c2=S)-c2ccc(OC)cc2NC3(C)C)c1,0
ZINC00994697,DUD_gr_D_612,COc1ccc2c(c1)NC(C)(C)c1ss/c(=N/Cc3ccccc3)c1-2,0
ZINC00994906,DUD_gr_D_613,O=C(Nc1ccc(C23C[C@@H]4C[C@H](CC(Br)(C4)C2)C3)cc1)c1cccnc1,0
ZINC00996988,DUD_gr_D_614,CCOc1ccc(NC(=O)C2(c3ccc(Br)cc3)CCCC2)cc1,0
ZINC00997364,DUD_gr_D_615,CC1=C(C(=O)Nc2ccccc2)[C@@H](c2ccc(N(C)C)cc2)NC(=S)N1,0
ZINC00997365,DUD_gr_D_616,CC1=C(C(=O)Nc2ccccc2)[C@H](c2ccc(N(C)C)cc2)NC(=S)N1,0
ZINC00998641,DUD_gr_D_617,Cc1ccc2c(c1)N[C@H](c1ccc(Cl)cc1)C1=C(CC(C)(C)CC1=O)N2,0
ZINC00998642,DUD_gr_D_618,Cc1ccc2c(c1)N[C@@H](c1ccc(Cl)cc1)C1=C(CC(C)(C)CC1=O)N2,0
ZINC01000099,DUD_gr_D_619,COc1cccc(-c2cc(C(=O)NC3CC3)c3cc(Br)ccc3n2)c1,0
ZINC01001073,DUD_gr_D_620,CCSc1nnc2c(n1)O[C@H]([C@H]1CC=C(C)C[C@@H]1C)Nc1ccccc1-2,0
ZINC01002871,DUD_gr_D_621,COc1ccc(-c2cc(C(=O)NC(C)C)c3cc(Br)ccc3n2)cc1,0
ZINC01003667,DUD_gr_D_622,Cc1cccc(NC(=S)NC(=O)c2ccc(C(C)(C)C)cc2)c1C,0
ZINC01004659,DUD_gr_D_623,CC(C)Oc1ccc(C(=O)Nc2ccc(N3CCCC3)c(Cl)c2)cc1,0
ZINC01009282,DUD_gr_D_624,Cc1ccc(NC(=O)c2cnn3c2N[C@H](C2CC2)C[C@H]3C(F)F)cc1,0
ZINC01015459,DUD_gr_D_625,CCOc1ccc2ccccc2c1[C@@H]1NC(=S)NC(C)=C1C(=O)NC,0
ZINC01015460,DUD_gr_D_626,CCOc1ccc2ccccc2c1[C@H]1NC(=S)NC(C)=C1C(=O)NC,0
ZINC01015520,DUD_gr_D_627,O=C1c2ccccc2N[C@@H](c2ccccc2Cl)N1N=C1CCCCC1,0
ZINC01020369,DUD_gr_D_628,CC1(C)[C@]2(C)CC[C@@]1(C(=O)Nc1ccc(F)cc1)c1nc3ccccc3nc12,0
ZINC01020675,DUD_gr_D_629,COc1ccc([C@@]2(O)C[N+](c3ccc(OC(F)F)cc3)=C3CCCCCN32)cc1,0
ZINC01020676,DUD_gr_D_630,COc1ccc([C@@]2(O)C[N+](c3ccc(OC(F)F)cc3)=C3CCCCCN32)cc1,0
ZINC01024493,DUD_gr_D_631,C[C@H]1c2ccsc2CCN1C(=S)NC(=O)c1ccc(C(C)(C)C)cc1,0
ZINC01024803,DUD_gr_D_632,Cc1ccc([C@@H](C)NC(=O)c2c(-c3ccccc3Cl)noc2C)c(C)c1,0
ZINC01024804,DUD_gr_D_633,Cc1ccc([C@@H](C)NC(=O)c2c(-c3ccccc3Cl)noc2C)c(C)c1,0
ZINC01025699,DUD_gr_D_634,CC1(C)Cc2cccc(C(=O)N3CCC(O)(c4ccc(Cl)cc4)CC3)c2O1,0
ZINC01025805,DUD_gr_D_635,Cc1ccc(Nc2nc(-c3c(C)nc4cc(C)ccn34)cs2)c(C)c1,0
ZINC01025805,DUD_gr_D_636,Cc1ccc(Nc2nc(-c3c(C)[nH+]c4cc(C)ccn34)cs2)c(C)c1,0
ZINC01029064,DUD_gr_D_637,Cc1ccc(C(=O)Nc2nc(-c3ccc(C)c(Cl)c3)c(C)s2)cc1,0
ZINC01032686,DUD_gr_D_638,Cc1oc(C(C)(C)C)cc1C(=O)N1CCC(O)(c2ccc(Cl)cc2)CC1,0
ZINC01035512,DUD_gr_D_639,CCNC(=S)N1N=C2c3ccccc3CC[C@@H]2[C@@H]1c1ccc(F)cc1,0
ZINC01036743,DUD_gr_D_640,Cc1c(OCC(=O)Nc2ccccc2Cl)ccc2c1OC(C)(C)C=C2,0
ZINC01040240,DUD_gr_D_641,Cc1occ(-c2cc(F)ccc2Cl)c1C(=O)NC1Cc2ccccc2C1,0
ZINC01040797,DUD_gr_D_642,CC(C)c1cccc(C(C)C)c1OC(=O)NC(=O)c1c(F)cccc1F,0
ZINC01041246,DUD_gr_D_643,C[C@@]12C/C(=C/c3ccccc3)C(=O)C[C@@H]1CC[C@H]1[C@@H]2CC[C@]2(C)[C@H]1CC[C@@]2(C)O,0
ZINC01043305,DUD_gr_D_644,COc1ccc(NC(=S)N2CCC(c3ccccc3OC)CC2)cc1,0
ZINC01043401,DUD_gr_D_645,Cc1ccc(-n2c(S)nnc2-c2ccc(-n3c(C)ccc3C)cc2)cc1,0
ZINC01046418,DUD_gr_D_646,CC(C)c1ccc(NC(=S)N2CCCC(c3ccc(F)cc3)=N2)cc1,0
ZINC01050535,DUD_gr_D_647,O=C(NC(=S)N1CCOCC1)[C@@]12C[C@H]3C[C@@H](C1)C[C@@](c1ccccc1)(C3)C2,0
ZINC01050608,DUD_gr_D_648,COc1ccc(C2=CSC3=NNC(c4ccc(OC)c(OC)c4)=CN23)cc1,0
ZINC01051081,DUD_gr_D_649,CN(C)C(=S)NC(=O)[C@@]12C[C@H]3C[C@@H](C1)C[C@](c1ccccc1)(C3)C2,0
ZINC01051518,DUD_gr_D_650,COc1ccc(OC)c([C@@H]2C[C@H](c3ccccc3OC(F)F)Nc3ncnn32)c1,0
ZINC01052480,DUD_gr_D_651,Cc1cc(C)n(-c2ccc(C(=O)Nc3ccc(I)cc3C)cc2)n1,0
ZINC01052482,DUD_gr_D_652,Cc1cc(C)n(-c2ccc(C(=O)Nc3cccc(Cl)c3C)cc2)n1,0
ZINC01055557,DUD_gr_D_653,Cc1sc(NC(=O)c2cccs2)c(C(=O)NC2CCCCC2)c1C,0
ZINC01056821,DUD_gr_D_654,Cc1c(C(=O)O[C@@H]2CCC[C@@H]2C)[nH]c2c1C(=O)C[C@@H](c1ccc(F)cc1)C2,0
ZINC01057490,DUD_gr_D_655,Cc1ccc(N2CCN(C(=S)NC(=O)c3ccccc3)CC2)c(C)c1,0
ZINC01059092,DUD_gr_D_656,CC1CCN(c2ccc(NC(=S)NC(=O)c3cccc(F)c3)cc2)CC1,0
ZINC01061145,DUD_gr_D_657,O=c1c2c3c(sc2[nH]c(=S)n1C/C=C\[C@H]1C=CC=CC1)CCCC3,0
ZINC01061147,DUD_gr_D_658,O=c1c2c3c(sc2[nH]c(=S)n1C/C=C\[C@H]1C=CC=CC1)CCCC3,0
ZINC01062187,DUD_gr_D_659,Cc1c(C(=O)OC2CCCC2)[nH]c2c1C(=O)C[C@H](c1ccccc1Cl)C2,0
ZINC01062189,DUD_gr_D_660,Cc1c(C(=O)OC2CCCC2)[nH]c2c1C(=O)C[C@H](c1ccccc1Cl)C2,0
ZINC01067835,DUD_gr_D_661,COc1ccc(OC)c(NC(=S)N2CCN(c3ccccc3F)CC2)c1,0
ZINC01067846,DUD_gr_D_662,CCOC(=O)c1ccc2c(c1)[C@@H]1C=CC[C@H]1[C@H](c1cccc(Br)c1)N2,0
ZINC01068207,DUD_gr_D_663,CSc1nc(NCc2ccccc2)c2c3c(sc2n1)COC(C)(C)C3,0
ZINC01068604,DUD_gr_D_664,Cc1ccc(C(=O)NC(=S)Nc2cccc(Cl)c2N2CCCC2)cc1,0
ZINC01068690,DUD_gr_D_665,CNC(=O)C1=C(C)Nc2nc3ccccc3n2[C@@H]1c1ccc(C(C)C)cc1,0
ZINC01068695,DUD_gr_D_666,COc1ccc(C)cc1-n1sc2c(c1=S)-c1ccccc1NC2(C)C,0
ZINC01069210,DUD_gr_D_667,Cc1cccc(C)c1NC(=O)c1cccc(Cn2nc(C)c(Cl)c2C)c1,0
ZINC01069267,DUD_gr_D_668,Cc1cccc(NC(=O)c2cccc(Cn3nc(C)c(Cl)c3C)c2)c1C,0
ZINC01069548,DUD_gr_D_669,CSc1ccc([C@@H]2C3=C(CCCC3=O)Nc3ccc4ncccc4c32)cc1,0
ZINC01069553,DUD_gr_D_670,CSc1ccc([C@H]2C3=C(CCCC3=O)Nc3ccc4ncccc4c32)cc1,0
ZINC01069800,DUD_gr_D_671,CSc1ccc([C@H]2C3=C(CCCC3=O)Nc3ccc4nc(C)ccc4c32)cc1,0
ZINC01069803,DUD_gr_D_672,CSc1ccc([C@@H]2C3=C(CCCC3=O)Nc3ccc4nc(C)ccc4c32)cc1,0
ZINC01073434,DUD_gr_D_673,Cc1ccc2nc(-c3ccccc3Cl)cc(C(=O)NC3CC3)c2c1,0
ZINC01074035,DUD_gr_D_674,C[C@@H](NC(=O)c1cc(-c2cccs2)nc2ccccc12)C(C)(C)C,0
ZINC01074036,DUD_gr_D_675,C[C@@H](NC(=O)c1cc(-c2cccs2)nc2ccccc12)C(C)(C)C,0
ZINC01078886,DUD_gr_D_676,Cc1cc(C)cc(OCC(=O)Nc2cccc(Cl)c2N2CCCC2)c1,0
ZINC01084468,DUD_gr_D_677,CC(C)(C)[C@H]1CCc2c(sc3[nH]c(=S)n(Cc4ccccc4)c(=O)c23)C1,0
ZINC01084469,DUD_gr_D_678,CC(C)(C)[C@@H]1CCc2c(sc3[nH]c(=S)n(Cc4ccccc4)c(=O)c23)C1,0
ZINC01094363,DUD_gr_D_679,CC(C)Oc1cccc(C(=O)Nc2ccc(N3CCCC3)c(Cl)c2)c1,0
ZINC01095004,DUD_gr_D_680,COc1ccc2nc3c(c(NC(=O)c4cccs4)c2c1)CCC[C@H]3C,0
ZINC01095248,DUD_gr_D_681,CCOc1ccc(C(=O)Nc2ccc(N3CCCC3)cc2)cc1Cl,0
ZINC01096139,DUD_gr_D_682,CCOC(=O)c1ccc2c(c1)[C@H]1C=CC[C@@H]1[C@H](c1ccccc1C(F)(F)F)N2,0
ZINC01098898,DUD_gr_D_683,CC(C)(C)[C@H]1CCc2nc(NC(=O)c3ccccc3Br)sc2C1,0
ZINC01099705,DUD_gr_D_684,COc1cc(OC)cc([C@H]2Nc3ccccc3NC3=C2C(=O)CC(C)(C)C3)c1,0
ZINC01100089,DUD_gr_D_685,O=C(NC1C2CC3CC(C2)CC1C3)c1ccc(-c2ccc(Cl)cc2)o1,0
ZINC01102865,DUD_gr_D_686,Cc1cc(/C=N\NC(=O)c2cccc(Br)c2)c(C)n1C1CCCCC1,0
ZINC01106050,DUD_gr_D_687,N#Cc1c2c(c3c(c1NC(=O)c1ccc(Cl)cc1)CCCC3)CCCC2,0
ZINC01106086,DUD_gr_D_688,Cc1cc(/C=N\NC(=O)c2ccccc2Br)c(C)n1C1CCCCC1,0
ZINC01108056,DUD_gr_D_689,O=C(Nc1cc2c3c(c1)[C@H]1CCC[C@H]1CN3C[C@@H]1CCC[C@H]21)c1ccccc1F,0
ZINC01108842,DUD_gr_D_690,Cc1ccc(C(=O)NC(=S)Nc2ccc(N3CCOCC3)cc2)c(C)c1,0
ZINC01108999,DUD_gr_D_691,COc1cc2c(cc1OC)[C@@H](C)N(C(=S)NC(=O)c1ccccc1)CC2,0
ZINC01109000,DUD_gr_D_692,COc1cc2c(cc1OC)[C@H](C)N(C(=S)NC(=O)c1ccccc1)CC2,0
ZINC01109043,DUD_gr_D_693,COc1cccc(-n2c(=S)[nH]c3c(c2=O)C2(CCCC2)Cc2ccccc2-3)c1,0
ZINC01109048,DUD_gr_D_694,CC[C@]1(C)Cc2ccccc2-c2[nH]c(=S)n(Cc3ccccc3)c(=O)c21,0
ZINC01109049,DUD_gr_D_695,CC[C@]1(C)Cc2ccccc2-c2[nH]c(=S)n(Cc3ccccc3)c(=O)c21,0
ZINC01109144,DUD_gr_D_696,Cc1ccc(C(=O)NC(=S)Nc2ccc3c4c(cccc24)CC3)c(C)c1,0
ZINC01109850,DUD_gr_D_697,Cc1ccc(C(=O)NC(=S)NCC2(c3ccccc3)CCCC2)cc1,0
ZINC01111796,DUD_gr_D_698,CCOC(=O)C1=C(c2ccccc2)N=C(S)N[C@H]1c1ccc2c(c1)OCO2,0
ZINC01112393,DUD_gr_D_699,O=c1c2c([nH]c(=S)n1Cc1ccco1)-c1ccccc1CC21CCCCC1,0
ZINC01113128,DUD_gr_D_700,CC1CCN(c2ccc(NC(=O)c3ccccc3Br)cc2)CC1,0
ZINC01114453,DUD_gr_D_701,COc1ccccc1[C@@H]1NC(=S)NC(C)=C1C(=O)Nc1cc(C)cc(C)c1,0
ZINC01114456,DUD_gr_D_702,COc1ccccc1[C@H]1NC(=S)NC(C)=C1C(=O)Nc1cc(C)cc(C)c1,0
ZINC01114521,DUD_gr_D_703,O=C1N(Nc2ccccc2)[C@@H](c2ccc(Br)cc2)C12CCCCC2,0
ZINC01114523,DUD_gr_D_704,O=C1N(Nc2ccccc2)[C@H](c2ccc(Br)cc2)C12CCCCC2,0
ZINC01115516,DUD_gr_D_705,CC1CCN(c2ccc(NC(=O)c3ccccc3I)cc2)CC1,0
ZINC01116045,DUD_gr_D_706,CC1CCN(c2ccccc2NC(=O)c2ccccc2Br)CC1,0
ZINC01116223,DUD_gr_D_707,C[C@@H](Oc1ccc(Br)cc1)C(=O)Nc1cccc2c1CCCC2,0
ZINC01116670,DUD_gr_D_708,Cc1onc(-c2ccccc2Cl)c1C(=O)N[C@H](C)[C@@H]1C[C@H]2CC[C@H]1C2,0
ZINC01116853,DUD_gr_D_709,CC1CCN(c2ccccc2NC(=O)COc2ccc(Br)cc2)CC1,0
ZINC01117546,DUD_gr_D_710,COc1ccc(NC(=S)N2CCN(c3ccccc3)CC2)cc1OC,0
ZINC01119183,DUD_gr_D_711,COc1ccc(C)cc1NC(=S)N1CCN(c2ccc(F)cc2)CC1,0
ZINC01120822,DUD_gr_D_712,Cc1cccc(OCC(=O)NC(=S)Nc2ccc3c(c2)OCCO3)c1C,0
ZINC01121054,DUD_gr_D_713,CN(Cc1ccccc1)C(=S)NC(=O)c1ccc(C(C)(C)C)c(Br)c1,0
ZINC01121971,DUD_gr_D_714,CC(C)c1ccc(NC(=S)N2CCN(c3ccc(F)cc3)CC2)cc1,0
ZINC01122143,DUD_gr_D_715,COc1ccccc1[C@H]1NC(=S)NC(C)=C1C(=O)Nc1cc(C)ccc1C,0
ZINC01122146,DUD_gr_D_716,COc1ccccc1[C@H]1NC(=S)NC(C)=C1C(=O)Nc1cc(C)ccc1C,0
ZINC01123746,DUD_gr_D_717,COc1c(C)cc(Br)cc1C(=O)Nc1ccccc1N1CCCC1,0
ZINC01123859,DUD_gr_D_718,C[C@H](NC(=O)c1ccccc1Br)c1ccc2c(c1)CCCC2,0
ZINC01127211,DUD_gr_D_719,COc1cc2ccccc2cc1C(=O)NC(=S)NC1C2CC3CC(C2)CC1C3,0
ZINC01128621,DUD_gr_D_720,COc1cccc(C(=O)NC(=S)Nc2ccccc2N2CCCC2)c1,0
ZINC01128850,DUD_gr_D_721,CC(C)c1ccc([C@H]2C[C@@H](c3ccc(Br)cc3)Nc3ncnn32)cc1,0
ZINC01129265,DUD_gr_D_722,COc1ccccc1C(=O)NC(=S)Nc1ccccc1N1CCCC1,0
ZINC01129987,DUD_gr_D_723,CC1=C(C(=O)Nc2ccc(C)cc2C)[C@@H](c2ccc(F)cc2)NC(=S)N1C,0
ZINC01129988,DUD_gr_D_724,CC1=C(C(=O)Nc2ccc(C)cc2C)[C@H](c2ccc(F)cc2)NC(=S)N1C,0
ZINC01130324,DUD_gr_D_725,Cc1ccc(C(=O)NC(=S)Nc2ccccc2N2CCCC2)c(Cl)c1,0
ZINC01130333,DUD_gr_D_726,CC[C@]1(C)Cc2ccccc2-c2[nH]c(=S)n(-c3ccccc3OC)c(=O)c21,0
ZINC01130335,DUD_gr_D_727,CC[C@]1(C)Cc2ccccc2-c2[nH]c(=S)n(-c3ccccc3OC)c(=O)c21,0
ZINC01131205,DUD_gr_D_728,O=C(Nc1ccc(N2CCCCCC2)cc1)c1ccc(Br)cc1,0
ZINC01131213,DUD_gr_D_729,CC1=C(C(=O)Nc2ccc(C)cc2C)[C@@H](c2ccc(C)o2)NC(=S)N1,0
ZINC01131214,DUD_gr_D_730,CC1=C(C(=O)Nc2ccc(C)cc2C)[C@H](c2ccc(C)o2)NC(=S)N1,0
ZINC01133152,DUD_gr_D_731,CCOc1ccc(C(=O)Nc2ccccc2N2CCCC2)cc1Br,0
ZINC01133290,DUD_gr_D_732,CCn1c(C)cc(/C=C2/C(=O)NC(=S)N(c3ccccc3F)C2=O)c1C,0
ZINC01133907,DUD_gr_D_733,Cc1ccc(C(=O)NC(=S)Nc2ccccc2N2CCCCC2)cc1C,0
ZINC01134375,DUD_gr_D_734,Cc1ccc(C(=O)NC(=S)Nc2ccccc2N2CCCC2)cc1C,0
ZINC01138970,DUD_gr_D_735,Cn1cc(/C=C2/C(=O)NC(=S)N(C3CCCCC3)C2=O)c2ccccc21,0
ZINC01139503,DUD_gr_D_736,O=C(NC1C2CC3CC(C2)CC1C3)c1ccc(-c2ccc(Br)cc2)o1,0
ZINC01140652,DUD_gr_D_737,O=C(Nc1ccc(N2CCOCC2)c(Cl)c1)c1ccc2c3c(cccc13)CC2,0
ZINC01141030,DUD_gr_D_738,Cc1cc(C)c(NC(=O)COc2ccc3cc(Br)ccc3c2)c(C)c1,0
ZINC01142201,DUD_gr_D_739,CCc1ccc(C(=O)NC(=S)Nc2ccccc2N2CCOCC2)cc1,0
ZINC01143886,DUD_gr_D_740,CCOc1ccc(C(=O)Nc2ccc(N3CCCC3)cc2)cc1Br,0
ZINC01145289,DUD_gr_D_741,COc1c(C)cccc1C(=O)NC(=S)Nc1ccccc1N1CCCC1,0
ZINC01145513,DUD_gr_D_742,O=C(Nc1ccc(N2CCCC2)cc1)c1cccc2c(Br)cccc12,0
ZINC01146251,DUD_gr_D_743,COc1cc2ccccc2cc1C(=O)Nc1ccc(N2CCCC2)c(Cl)c1,0
ZINC01152163,DUD_gr_D_744,Cc1cc(C)c2[nH]c(-c3ccccc3)c(/C=C3\SC(=S)N(C)C3=O)c2c1,0
ZINC01152324,DUD_gr_D_745,CC1=C(C(=O)Nc2ccc(C)cc2C)[C@H](c2ccc(C)cc2)NC(=S)N1,0
ZINC01152325,DUD_gr_D_746,CC1=C(C(=O)Nc2ccc(C)cc2C)[C@@H](c2ccc(C)cc2)NC(=S)N1,0
ZINC01153909,DUD_gr_D_747,COc1ccc(OC)c(NC(=S)N2CCN(c3ccccc3)CC2)c1,0
ZINC01154325,DUD_gr_D_748,CC1=C(C(=O)Nc2ccc(C)cc2C)[C@H](c2ccccc2F)NC(=S)N1,0
ZINC01154326,DUD_gr_D_749,CC1=C(C(=O)Nc2ccc(C)cc2C)[C@@H](c2ccccc2F)NC(=S)N1,0
ZINC01154389,DUD_gr_D_750,COc1ccc(C2(C(=O)Nc3c(Cl)cccc3Cl)CCCC2)cc1OC,0
ZINC01154451,DUD_gr_D_751,COc1ccc(NC(=S)N2CCN(c3ccccc3OC)CC2)cc1,0
ZINC01154527,DUD_gr_D_752,COc1cccc(N2CCN(C(=S)Nc3cccc(C)c3C)CC2)c1,0
ZINC01156254,DUD_gr_D_753,Cc1ccc(-c2ccc(C(=O)Nc3ccccc3C(C)C)o2)cc1Cl,0
ZINC01157430,DUD_gr_D_754,COc1cc2ccccc2cc1C(=O)Nc1c(C)cc(Br)cc1C,0
ZINC01157455,DUD_gr_D_755,COc1ccccc1NC(=O)C1=C(C)NC(=S)N[C@@H]1c1ccccc1C,0
ZINC01157456,DUD_gr_D_756,COc1ccccc1NC(=O)C1=C(C)NC(=S)N[C@H]1c1ccccc1C,0
ZINC01158068,DUD_gr_D_757,CC1=C(C(=O)Nc2ccccc2C)[C@@H](c2ccccc2C)NC(=S)N1,0
ZINC01158069,DUD_gr_D_758,CC1=C(C(=O)Nc2ccccc2C)[C@H](c2ccccc2C)NC(=S)N1,0
ZINC01158736,DUD_gr_D_759,COc1ccc(NC(=O)C2=C(C)NC(=S)N[C@@H]2c2ccccc2C)c(OC)c1,0
ZINC01159209,DUD_gr_D_760,Cc1cc(OCC(=O)Nc2ccccc2C(C)(C)C)cc(C)c1Br,0
ZINC01161101,DUD_gr_D_761,Cc1cc(/C=C2\C(=O)NC(=S)N(c3ccc(F)cc3)C2=O)c(C)n1C1CC1,0
ZINC01161706,DUD_gr_D_762,Cc1cc(Br)cc(C)c1NC(=O)COc1ccc2c(c1)CCCC2,0
ZINC01162614,DUD_gr_D_763,COc1cccc([C@@H]2NC(=S)NC(C)=C2C(=O)Nc2ccc(C)cc2C)c1,0
ZINC01162615,DUD_gr_D_764,COc1cccc([C@H]2NC(=S)NC(C)=C2C(=O)Nc2ccc(C)cc2C)c1,0
ZINC01163652,DUD_gr_D_765,COc1cccc(N2C(=O)/C(=C\c3cc(C)n(C4CC4)c3C)C(=O)NC2=S)c1,0
ZINC01164710,DUD_gr_D_766,COc1ccc(Br)cc1C(=O)Nc1ccc(N2CCCC2)cc1,0
ZINC01166102,DUD_gr_D_767,CCOc1ccc(C(=O)Nc2ccc3c4c(cccc24)CC3)cc1Cl,0
ZINC01166701,DUD_gr_D_768,COc1ccc(C2(C(=O)Nc3ccc(Br)cc3)CCCC2)cc1OC,0
ZINC01166717,DUD_gr_D_769,Cc1ccc(OCC(=O)Nc2ccc(N3CCCC3)c(Cl)c2)cc1C,0
ZINC01167553,DUD_gr_D_770,COc1ccc(C(=O)Nc2ccc(N3CCCC3)cc2)cc1Br,0
ZINC01171053,DUD_gr_D_771,COc1ccc2c(c1)[C@H](OC(C)=O)C(C)(C)[C@H](c1cccc(Br)c1)N2,0
ZINC01171054,DUD_gr_D_772,COc1ccc2c(c1)[C@@H](OC(C)=O)C(C)(C)[C@H](c1cccc(Br)c1)N2,0
ZINC01171055,DUD_gr_D_773,COc1ccc2c(c1)[C@@H](OC(C)=O)C(C)(C)[C@@H](c1cccc(Br)c1)N2,0
ZINC01171056,DUD_gr_D_774,COc1ccc2c(c1)[C@H](OC(C)=O)C(C)(C)[C@H](c1cccc(Br)c1)N2,0
ZINC01171753,DUD_gr_D_775,COc1ccccc1[C@@H]1NC(=S)NC(C)=C1C(=O)Nc1ccc(C)cc1C,0
ZINC01171754,DUD_gr_D_776,COc1ccccc1[C@H]1NC(=S)NC(C)=C1C(=O)Nc1ccc(C)cc1C,0
ZINC01172071,DUD_gr_D_777,COc1ccc(NC(=S)N2CCN(c3cccc(C)c3C)CC2)cc1,0
ZINC01172680,DUD_gr_D_778,COc1ccccc1[C@@H]1NC(=S)NC(C)=C1C(=O)Nc1ccc(C)c(C)c1,0
ZINC01172681,DUD_gr_D_779,COc1ccccc1[C@H]1NC(=S)NC(C)=C1C(=O)Nc1ccc(C)c(C)c1,0
ZINC01173791,DUD_gr_D_780,COc1ccc(N2C(=O)/C(=C/c3cc(C)n(C)c3C)C(=O)NC2=S)cc1,0
ZINC01175370,DUD_gr_D_781,COc1ccc(NC(=S)NC(=O)c2oc3ccccc3c2C)c(OC)c1,0
ZINC01177678,DUD_gr_D_782,COc1ccc([C@H]2CC(=O)C=C(Nc3ccc(Br)cc3)C2)cc1OC,0
ZINC01177679,DUD_gr_D_783,COc1ccc([C@H]2CC(=O)C=C(Nc3ccc(Br)cc3)C2)cc1OC,0
ZINC01179338,DUD_gr_D_784,Cc1onc(-c2c(F)cccc2Cl)c1C(=O)Nc1ccc(C(C)C)cc1,0
ZINC01180111,DUD_gr_D_785,COc1cccc(C(=O)NC(=S)Nc2ccc(N3CCCC3)cc2)c1,0
ZINC01180201,DUD_gr_D_786,CC(C)(C)c1ccc(C(=O)Nc2ccc(N3CCOCC3)c(Cl)c2)cc1,0
ZINC01180363,DUD_gr_D_787,CCCc1sc(NC(=O)c2cccs2)nc1-c1cc(C)ccc1C,0
ZINC01181430,DUD_gr_D_788,COc1ccc(C(=O)NC(=S)Nc2ccc(N3CCCC3)cc2)cc1,0
ZINC01181996,DUD_gr_D_789,CC(C)Oc1ccccc1[C@H]1CC(=O)Nc2c1cc(Br)c1ccccc21,0
ZINC01182635,DUD_gr_D_790,COc1ccccc1C(=O)NC(=S)Nc1ccc(N2CCCC2)cc1,0
ZINC01183810,DUD_gr_D_791,COc1cc2c(cc1OC)[C@H](C)N(C(=S)NCc1ccccc1)CC2,0
ZINC01183811,DUD_gr_D_792,COc1cc2c(cc1OC)[C@@H](C)N(C(=S)NCc1ccccc1)CC2,0
ZINC01186196,DUD_gr_D_793,CCCc1sc(NC(=O)c2cccc(F)c2)nc1-c1cc(C)ccc1C,0
ZINC01186571,DUD_gr_D_794,CCCc1sc(NC(=O)c2ccc(F)cc2)nc1-c1cc(C)ccc1C,0
ZINC01187280,DUD_gr_D_795,COc1ccc(/N=c2/ssc3c2-c2ccc(OC)cc2NC3(C)C)cc1,0
ZINC01187281,DUD_gr_D_796,COc1ccc(/N=c2/ssc3c2-c2ccc(OC)cc2NC3(C)C)cc1,0
ZINC01188194,DUD_gr_D_797,CC(=O)Nc1cc2c3c(c1)[C@H]1C=CC[C@@H]1[C@@H](c1ccc(F)cc1)N3C[C@H]1CC=C[C@@H]21,0
ZINC01188539,DUD_gr_D_798,CCOc1cccc2c1NC(C)(C)c1sn(-c3ccccc3OC)c(=S)c1-2,0
ZINC01189941,DUD_gr_D_799,COc1ccc([C@]2(O)CN(c3ccccc3)C3=[N+]2CCCS3)cc1OC,0
ZINC01189943,DUD_gr_D_800,COc1ccc([C@]2(O)CN(c3ccccc3)C3=[N+]2CCCS3)cc1OC,0
ZINC01195810,DUD_gr_D_801,O=C(Nc1nc(C23C[C@@H]4C[C@H](CC(Cl)(C4)C2)C3)cs1)c1ccccc1,0
ZINC01196057,DUD_gr_D_802,CC[C@]1(C)Cc2c(sc3nc(SCc4ccccc4)[nH]c(=O)c23)CO1,0
ZINC01196057,DUD_gr_D_803,CC[C@@]1(C)Cc2c(sc3nc(SCc4ccccc4)nc(O)c23)CO1,0
ZINC01196057,DUD_gr_D_804,CC[C@@]1(C)Cc2c(sc3[nH]c(SCc4ccccc4)nc(=O)c23)CO1,0
ZINC01198632,DUD_gr_D_805,COc1cccc(/N=c2\ssc3c2-c2ccc(OC)cc2NC3(C)C)c1,0
ZINC01198906,DUD_gr_D_806,COc1ccc([C@H]2NC(=S)NC(C)=C2C(=O)Nc2ccccc2)cc1OC,0
ZINC01199496,DUD_gr_D_807,COc1ccc([C@H]2NC(=S)NC(C)=C2C(=O)Nc2ccccc2)c(OC)c1,0
ZINC01200073,DUD_gr_D_808,CC1=CC(C)(C)N(C(=S)NC(=O)c2ccccc2)c2ccc(C)cc21,0
ZINC01200832,DUD_gr_D_809,CC1=CC(C)(C)N(C(=S)NC(=O)c2ccc(F)cc2)c2ccc(C)cc21,0
ZINC01201666,DUD_gr_D_810,CC1=C(C(=O)Nc2ccccc2)[C@H](c2ccc(C(C)C)cc2)NC(=S)N1,0
ZINC01202665,DUD_gr_D_811,COc1ccccc1NC(=O)C1=C(C)NC(=S)N[C@H]1c1ccc(C)cc1,0
ZINC01202668,DUD_gr_D_812,COc1ccccc1NC(=O)C1=C(C)NC(=S)N[C@H]1c1ccc(C)cc1,0
ZINC01204844,DUD_gr_D_813,CCOC(=O)C1=C(C)N(c2ccccc2)C(=S)N[C@@H]1c1ccc(OC)cc1,0
ZINC01205149,DUD_gr_D_814,COc1ccc2c(c1)c1c3n2CCN(C(=S)Nc2ccccc2)[C@@H]3CCC1,0
ZINC01205150,DUD_gr_D_815,COc1ccc2c(c1)c1c3n2CCN(C(=S)Nc2ccccc2)[C@H]3CCC1,0
ZINC01211968,DUD_gr_D_816,O=C(NC1CCCC1)c1cc(-c2ccc(Cl)cc2)nc2ccccc12,0
ZINC01212362,DUD_gr_D_817,CC(C)NC(=O)c1c(NC(=O)c2ccccc2Cl)sc2c1CCCC2,0
ZINC01216311,DUD_gr_D_818,CCOC1=N[C@H]2Nc3cc4ccccc4cc3N(C)[C@@H]2[C@H]1c1ccccc1,0
ZINC01237326,DUD_gr_D_819,COc1cccc(NC(=O)Cn2cc(-c3ccc(F)cc3)[n+]3c2CCC3)c1,0
ZINC01238689,DUD_gr_D_820,COc1ccccc1NC(=O)Cn1cc(-c2ccc(F)cc2)[n+]2c1CCC2,0
ZINC01238880,DUD_gr_D_821,Cc1cccc(C)c1NC(=O)Cn1cc(-c2ccc(F)cc2)[n+]2c1CCC2,0
ZINC01241058,DUD_gr_D_822,CCOC(=O)C1=C(C)N=C(S)N[C@@H]1c1ccc(OC)c2ccccc12,0
ZINC01244087,DUD_gr_D_823,Cc1nc(SCC(=O)Nc2ccccc2C)c2c3c(sc2n1)CCCC3,0
ZINC01245641,DUD_gr_D_824,COc1cccc(-n2c(S)nc3c(c2=O)C2(CCCC2)Cc2ccccc2-3)c1,0
ZINC01247244,DUD_gr_D_825,O[C@]1(c2ccc(OC(F)F)cc2)C[N+]2=C(CCCCC2)N1c1ccccc1,0
ZINC01248540,DUD_gr_D_826,C=C(C)Cn1c(S)nc2c(c1=O)C1(CCCCC1)Cc1ccccc1-2,0
ZINC01252902,DUD_gr_D_827,Cc1ccc(C)c(NC(=O)Cn2cc(-c3ccc(F)cc3)[n+]3c2CCC3)c1,0
ZINC01253406,DUD_gr_D_828,COc1ccc(OC)c(/N=c2\ssc3c2-c2ccccc2NC3(C)C)c1,0
ZINC01253407,DUD_gr_D_829,COc1ccc(OC)c(/N=c2/ssc3c2-c2ccccc2NC3(C)C)c1,0
ZINC01255446,DUD_gr_D_830,COc1ccc(N2C3=[N+](CCCC3)C[C@]2(O)c2ccc(OC(F)F)cc2)cc1,0
ZINC01255447,DUD_gr_D_831,COc1ccc(N2C3=[N+](CCCC3)C[C@]2(O)c2ccc(OC(F)F)cc2)cc1,0
ZINC01268535,DUD_gr_D_832,CC[C@@]1(C)Cc2ccccc2-c2nc(S)n(-c3ccccc3OC)c(=O)c21,0
ZINC01268536,DUD_gr_D_833,CC[C@@]1(C)Cc2ccccc2-c2nc(S)n(-c3ccccc3OC)c(=O)c21,0
ZINC01272555,DUD_gr_D_834,CCc1cc(-c2c(-c3csc(C)n3)cnn2-c2ccccc2)c(O)cc1OC,0
ZINC01274156,DUD_gr_D_835,OC1(CSc2ncc(-c3ccccc3)s2)C2CC3CC(C2)CC1C3,0
ZINC01276292,DUD_gr_D_836,Cc1ccc(-c2cn(CC(=O)Nc3ccccc3F)c3[n+]2CCC3)cc1,0
ZINC01277978,DUD_gr_D_837,COc1ccc(-c2cn(CC(=O)Nc3ccc(F)cc3)c3[n+]2CCC3)cc1,0
ZINC01279783,DUD_gr_D_838,Cc1ccc(NC(=O)Cn2cc(-c3ccc(F)cc3)[n+]3c2CCC3)cc1,0
ZINC01282800,DUD_gr_D_839,Cc1ccc(C(C)C)cc1NC(=O)c1ccc(-c2ccccc2C(F)(F)F)o1,0
ZINC01283143,DUD_gr_D_840,Cc1ccc(NC(=O)Cn2cc(-c3ccc(F)cc3)[n+]3c2CCC3)cc1C,0
ZINC01284164,DUD_gr_D_841,Cc1ccc(-c2nc(NC(=O)c3ccc(C(C)C)cc3)sc2C)cc1,0
ZINC01284193,DUD_gr_D_842,Cc1ccc(-c2csc(NC(=O)c3ccc(C(C)C)cc3)n2)cc1C,0
ZINC01284263,DUD_gr_D_843,Cc1sc(NC(=O)c2ccc(C(C)C)cc2)nc1-c1ccc(F)cc1,0
ZINC01306110,DUD_gr_D_844,O=c1c2c(nc(S)n1Cc1ccco1)-c1ccccc1CC21CCCCC1,0
ZINC01308306,DUD_gr_D_845,COc1ccc(N2C3=[N+](CCCC3)C[C@@]2(O)c2ccc(Cl)cc2)cc1,0
ZINC01308307,DUD_gr_D_846,COc1ccc(N2C3=[N+](CCCC3)C[C@@]2(O)c2ccc(Cl)cc2)cc1,0
ZINC01309910,DUD_gr_D_847,COc1cccc(N2C(S)=N/C(=N/c3ccccc3)[C@]23CCOC(C)(C)C3)c1,0
ZINC01309911,DUD_gr_D_848,COc1cccc(N2C(S)=N/C(=N\c3ccccc3)[C@]23CCOC(C)(C)C3)c1,0
ZINC01309912,DUD_gr_D_849,COc1cccc(N2C(S)=N/C(=N\c3ccccc3)[C@@]23CCOC(C)(C)C3)c1,0
ZINC01321276,DUD_gr_D_850,CCCN1C(=O)[C@@H]2Cc3c([nH]c4ccccc34)[C@H](c3ccc(OC)cc3)N2C1=S,0
ZINC01321279,DUD_gr_D_851,CCCN1C(=O)[C@H]2Cc3c([nH]c4ccccc34)[C@H](c3ccc(OC)cc3)N2C1=S,0
ZINC01323660,DUD_gr_D_852,CC1(C)CCc2ccc(OCC(=O)Nc3ccccc3Br)cc2O1,0
ZINC01324381,DUD_gr_D_853,O=C(NC1CCCCCC1)c1cc2sccc2n1Cc1ccc(F)cc1,0
ZINC01325579,DUD_gr_D_854,S=C(NC1CCCCC1)N1CCN(c2nc3ccccc3s2)CC1,0
ZINC01325639,DUD_gr_D_855,CCOc1ccccc1NC(=S)N1CCN(c2cccc(C)c2C)CC1,0
ZINC01325652,DUD_gr_D_856,CCc1ccccc1NC(=S)N1CCN(c2cccc(OC)c2)CC1,0
ZINC01326630,DUD_gr_D_857,CC(C)CNC(=S)N1CCC(c2nc3ccccc3s2)CC1,0
ZINC01326665,DUD_gr_D_858,S=C(NC1CCCCC1)N1CCC(c2nc3ccccc3s2)CC1,0
ZINC01332051,DUD_gr_D_859,Cc1ccc(-c2cc3nc(C)c(C)c(NCc4cccs4)n3n2)cc1,0
ZINC01332101,DUD_gr_D_860,Fc1ccc(-c2cc3nc4c(c(NC[C@@H]5CCCO5)n3n2)CCC4)cc1,0
ZINC01332147,DUD_gr_D_861,Cc1nc2cc(-c3cccs3)nn2c(NCc2ccc3c(c2)OCO3)c1C,0
ZINC01341451,DUD_gr_D_862,Fc1ccc(-c2cc3nc4c(c(NCc5ccco5)n3n2)CCCC4)cc1,0
ZINC01341472,DUD_gr_D_863,Fc1ccc(-c2cc3nc4c(c(NC[C@H]5CCCO5)n3n2)CCCC4)cc1,0
ZINC01341475,DUD_gr_D_864,Fc1ccc(-c2cc3nc4c(c(NC[C@H]5CCCO5)n3n2)CCCC4)cc1,0
ZINC01341517,DUD_gr_D_865,Clc1ccc(-c2cc3nc4c(c(NCC5CC5)n3n2)CCCC4)cc1,0
ZINC01341715,DUD_gr_D_866,Clc1cccc(-c2cc3nc4c(c(NCC5CC5)n3n2)CCCC4)c1,0
ZINC01344035,DUD_gr_D_867,COc1cc(C)nc(N2CCC[C@@H](C(=O)Nc3ccccc3Br)C2)n1,0
ZINC01344039,DUD_gr_D_868,COc1cc(C)nc(N2CCC[C@H](C(=O)Nc3ccccc3Br)C2)n1,0
ZINC01344049,DUD_gr_D_869,COc1cc(C)nc(N2CCC[C@H](C(=O)Nc3cccc(Cl)c3)C2)n1,0
ZINC01344052,DUD_gr_D_870,COc1cc(C)nc(N2CCC[C@@H](C(=O)Nc3cccc(Cl)c3)C2)n1,0
ZINC01344065,DUD_gr_D_871,COc1cc(C)nc(N2CCC[C@@H](C(=O)Nc3ccc(Br)cc3)C2)n1,0
ZINC01344069,DUD_gr_D_872,COc1cc(C)nc(N2CCC[C@H](C(=O)Nc3ccc(Br)cc3)C2)n1,0
ZINC01344088,DUD_gr_D_873,COc1cc(C)nc(N2CCC[C@H](C(=O)Nc3cccc(Cl)c3C)C2)n1,0
ZINC01344092,DUD_gr_D_874,COc1cc(C)nc(N2CCC[C@H](C(=O)Nc3cccc(Cl)c3C)C2)n1,0
ZINC01351046,DUD_gr_D_875,CCc1ccc(NC(=S)N2CCN(c3cccc(OC)c3)CC2)cc1,0
ZINC01351056,DUD_gr_D_876,CCc1ccc(NC(=S)N2CCN(c3ccc(OC)cc3)CC2)cc1,0
ZINC01362847,DUD_gr_D_877,O=C(Nc1ccccc1N1CCN(c2ccc(F)cc2)CC1)C1CCCCC1,0
ZINC01362857,DUD_gr_D_878,CC(C)(C)C(=O)Nc1ccccc1N1CCN(c2ccc(F)cc2)CC1,0
ZINC01377366,DUD_gr_D_879,Cc1sc2nc(C3CC3)nc(SCC(=O)Nc3ccccc3)c2c1C,0
ZINC01382159,DUD_gr_D_880,COc1ccc(Cn2c(-c3cccnc3Cl)nc3cc(C)c(C)cc32)cc1,0
ZINC01398194,DUD_gr_D_881,CNc1cnn(-c2ccc(C)cc2)c(=O)c1Sc1ccc(C)cc1,0
ZINC01403695,DUD_gr_D_882,CSc1nc(NC2CCCCC2)c2cnn(-c3ccccc3)c2n1,0
ZINC01406959,DUD_gr_D_883,CCSC1=N[C@H](c2ccc(C)cc2)C2=C(N1)c1ccccc1C2=O,0
ZINC01410277,DUD_gr_D_884,Cc1cccc(C)c1NC(=O)C1(NC(=O)c2ccccc2F)CCCCC1,0
ZINC01411895,DUD_gr_D_885,CC(C)c1ccc([C@@H]2C3=C(N=C4SCC(=O)N42)c2ccccc2CC3)cc1,0
ZINC01418659,DUD_gr_D_886,COc1ccc2c(c1)-c1c(sn(Cc3ccccc3)c1=S)C(C)(C)N2,0
ZINC01421028,DUD_gr_D_887,CCOC(=O)c1ccc2c(c1)[C@@H]1C=CC[C@H]1[C@H](c1ccccc1C(F)(F)F)N2,0
ZINC01421215,DUD_gr_D_888,COc1ccc(NC(=S)N2CCN(c3ccc(OC)cc3)CC2)cc1,0
ZINC01422670,DUD_gr_D_889,Cc1cc(C)c(NC(=O)CSc2ccnc3cc(Cl)ccc23)c(C)c1,0
ZINC01425293,DUD_gr_D_890,Cc1cccc(Oc2nc(Nc3ccc(F)cc3)nc(N3CCCC3)n2)c1,0
ZINC01428685,DUD_gr_D_891,COc1ccc([C@H]2Nc3ccccc3NC3=C2C(=O)CC(C)(C)C3)cc1Cl,0
ZINC01428686,DUD_gr_D_892,COc1ccc([C@H]2Nc3ccccc3NC3=C2C(=O)CC(C)(C)C3)cc1Cl,0
ZINC01429200,DUD_gr_D_893,Cc1cccc(Cn2nc(C)c(NC(=O)c3ccc(F)cc3)c2C)c1,0
ZINC01431201,DUD_gr_D_894,Cc1cc(C)c2c(-n3cccc3)c(C(=O)NC3CCCCC3)sc2n1,0
ZINC01431405,DUD_gr_D_895,CNC(=O)C1=C(C)Nc2nc3ccccc3n2[C@H]1c1ccc(SC)cc1,0
ZINC01431861,DUD_gr_D_896,Cc1cc(C)n(-c2nc3ccccc3nc2Nc2ccc(C)c(F)c2)n1,0
ZINC01432317,DUD_gr_D_897,COc1cc(SC)ccc1C(=O)Nc1ccc2oc3c(c2c1)CCCC3,0
ZINC01438368,DUD_gr_D_898,COc1cc2c(cc1OC)/C(=N\c1ccc(Br)cc1)NC1(CCCC1)C2,0
ZINC01438369,DUD_gr_D_899,COc1cc2c(cc1OC)/C(=N/c1ccc(Br)cc1)NC1(CCCC1)C2,0
ZINC01442649,DUD_gr_D_900,CC1(C)CC2(C[C@H](c3ccc(Cl)cc3)[C@@H]1NC(=O)c1ccccc1)OCCO2,0
ZINC01442650,DUD_gr_D_901,CC1(C)CC2(C[C@H](c3ccc(Cl)cc3)[C@@H]1NC(=O)c1ccccc1)OCCO2,0
ZINC01442651,DUD_gr_D_902,CC1(C)CC2(C[C@H](c3ccc(Cl)cc3)[C@H]1NC(=O)c1ccccc1)OCCO2,0
ZINC01442652,DUD_gr_D_903,CC1(C)CC2(C[C@H](c3ccc(Cl)cc3)[C@H]1NC(=O)c1ccccc1)OCCO2,0
ZINC01443407,DUD_gr_D_904,CCOc1ccc([C@H]2Nc3ccccc3NC3=C2C(=O)CC(C)(C)C3)cc1Cl,0
ZINC01452006,DUD_gr_D_905,Cc1ccccc1NC(=S)NC(=O)C12CC3C[C@](C)(C1)C[C@](C)(C3)C2,0
ZINC01456634,DUD_gr_D_906,CCOc1ccc2c3c1C(C)(C)C[C@H]3N(c1ccc(F)cc1)C(=O)N2,0
ZINC01459709,DUD_gr_D_907,Cc1ccccc1-c1cc(C(=O)N2CCC(C)CC2)c2cccc(Cl)c2n1,0
ZINC01459711,DUD_gr_D_908,Cc1ccccc1-c1cc(C(=O)N2CCC[C@H](C)C2)c2cccc(Cl)c2n1,0
ZINC01461857,DUD_gr_D_909,CCOC(=O)c1ccc2c(c1)[C@@H]1C=CC[C@@H]1[C@H](c1cccc(Cl)c1)N2,0
ZINC01461860,DUD_gr_D_910,CCOC(=O)c1ccc2c(c1)[C@H]1C=CC[C@H]1[C@H](c1ccccc1Br)N2,0
ZINC01461861,DUD_gr_D_911,CCOC(=O)c1ccc2c(c1)[C@H]1C=CC[C@@H]1[C@@H](c1cccc(Br)c1)N2,0
ZINC01461866,DUD_gr_D_912,COc1ccc([C@H]2Nc3c(OC)ccc(Cl)c3[C@@H]3C=CC[C@@H]32)cc1[N+](=O)[O-],0
ZINC01461888,DUD_gr_D_913,COc1cc([C@@H]2Nc3c(Cl)cccc3[C@@H]3C=CC[C@H]32)cc(OC)c1OC,0
ZINC01465510,DUD_gr_D_914,Cc1sc2ncnc(NN=C3CCC(c4ccccc4)CC3)c2c1C,0
ZINC01468110,DUD_gr_D_915,COc1ccc([C@@]2(O)CN(c3ccc(C)cc3)C3=[N+]2CCCS3)cc1OC,0
ZINC01468111,DUD_gr_D_916,COc1ccc([C@@]2(O)CN(c3ccc(C)cc3)C3=[N+]2CCCS3)cc1OC,0
ZINC01468112,DUD_gr_D_917,COc1ccc([C@]2(O)CN(c3cccc(C)c3)C3=[N+]2CCCS3)cc1OC,0
ZINC01468113,DUD_gr_D_918,COc1ccc([C@]2(O)CN(c3cccc(C)c3)C3=[N+]2CCCS3)cc1OC,0
ZINC01468116,DUD_gr_D_919,CCOc1ccc([C@]2(O)CN(c3cccc(C)c3)C3=[N+]2CCCS3)cc1,0
ZINC01468117,DUD_gr_D_920,CCOc1ccc([C@]2(O)CN(c3cccc(C)c3)C3=[N+]2CCCS3)cc1,0
ZINC01468142,DUD_gr_D_921,CCOc1ccccc1N1C[C@@](O)(c2ccccc2)[N+]2=C1SCCC2,0
ZINC01468143,DUD_gr_D_922,CCOc1ccccc1N1C[C@@](O)(c2ccccc2)[N+]2=C1SCCC2,0
ZINC01468144,DUD_gr_D_923,CCOc1ccccc1N1C[C@@](O)(c2ccc(C)cc2)[N+]2=C1SCCC2,0
ZINC01468145,DUD_gr_D_924,CCOc1ccccc1N1C[C@@](O)(c2ccc(C)cc2)[N+]2=C1SCCC2,0
ZINC01485535,DUD_gr_D_925,Cc1cc(N2CCc3cscc3[C@H]2C)nc(Nc2ccc(F)cc2C)n1,0
ZINC01488741,DUD_gr_D_926,CCNC(=O)c1sc(SC)c2c1CCc1sc(-c3ccccc3)nc1-2,0
ZINC01497975,DUD_gr_D_927,COc1ccc([C@]2(O)CN3CCCCCC3=[N+]2c2ccc(Br)cc2)cc1,0
ZINC01500696,DUD_gr_D_928,O=C(NN=C1CCCCC1)c1cc(-c2cccs2)nc2ccccc12,0
ZINC01508008,DUD_gr_D_929,Clc1ccc(Cn2ncc3c(NC4CCCCC4)ncnc32)c(Cl)c1,0
ZINC01511302,DUD_gr_D_930,Cc1cc(C)c(C)c(-c2csc(NC(=O)c3ccccc3)n2)c1C,0
ZINC01512042,DUD_gr_D_931,Cc1cccc(C(=O)Nc2nc(-c3c(C)cc(C)cc3C)cs2)c1,0
ZINC01512070,DUD_gr_D_932,CCc1ccc(-c2csc(NC(=O)c3cc(C)cc(C)c3)n2)cc1,0
ZINC01519405,DUD_gr_D_933,CCc1ccc(-c2cc3cc(S(=O)(=O)N4CCCCC4)ccc3[nH]2)s1,0
ZINC01519407,DUD_gr_D_934,Cc1cc(-c2cc3cc(S(=O)(=O)N4CCCCC4)ccc3[nH]2)c(C)s1,0
ZINC01519489,DUD_gr_D_935,O=S(=O)(c1ccc2[nH]c(-c3ccccc3Cl)cc2c1)N1CCCCCC1,0
ZINC01519516,DUD_gr_D_936,Cc1ccc(-c2cc3cc(S(=O)(=O)N4CCCCCC4)ccc3[nH]2)s1,0
ZINC01519517,DUD_gr_D_937,CCc1ccc(-c2cc3cc(S(=O)(=O)N4CCCCCC4)ccc3[nH]2)s1,0
ZINC01519519,DUD_gr_D_938,Cc1cc(-c2cc3cc(S(=O)(=O)N4CCCCCC4)ccc3[nH]2)c(C)s1,0
ZINC01692582,DUD_gr_D_939,Cc1cc2oc(/C=N/N=c3\[nH]c4ccccc4s3)c(C)c2cc1C,0
ZINC01726041,DUD_gr_D_940,COC(=O)c1ccccc1Nc1c2ccc(Cl)cc2nc2c1c(C)nn2C,0
ZINC01744568,DUD_gr_D_941,O[C@@]1(c2ccccc2)CN2CCCCCC2=[N+]1c1ccc(OC(F)F)cc1,0
ZINC01744572,DUD_gr_D_942,COc1ccc([C@]2(O)CN3CCCCCC3=[N+]2c2ccc(OC(F)F)cc2)cc1,0
ZINC01744575,DUD_gr_D_943,COc1ccc([C@@]2(O)CN3CCCCCC3=[N+]2c2ccc(OC(F)F)cc2)cc1,0
ZINC01746114,DUD_gr_D_944,CC(C)C(=O)Nc1sc2c(c1-c1nc3ccccc3s1)CCCC2,0
ZINC01748217,DUD_gr_D_945,Cc1cccc(-n2c(S)nc3c(c2=O)C2(CCCC2)Cc2ccccc2-3)c1,0
ZINC01753249,DUD_gr_D_946,COc1ccc(C2=C[C@@H](c3ccc(Cl)cc3)N3N=CNC3=N2)cc1OC,0
ZINC01753792,DUD_gr_D_947,Cc1cccc(N2C(S)=N/C(=N\c3c(C)cccc3C)[C@@]23CCOC(C)(C)C3)c1,0
ZINC01761799,DUD_gr_D_948,COc1ccc([C@H]2C=C(c3ccc(Br)cc3)N=C3NC=NN32)cc1OC,0
ZINC01778620,DUD_gr_D_949,CC1CCN(c2ccc(Nc3ncnc4ccc(Br)cc34)cc2)CC1,0
ZINC01786936,DUD_gr_D_950,Cc1ccc([N+]2=C3CCCCCN3C[C@]2(O)c2ccc(Cl)cc2)cc1,0
ZINC01800414,DUD_gr_D_951,CCOc1ccc([N+]2=C3CCCCCN3C[C@]2(O)c2ccc(F)cc2)cc1,0
ZINC01800416,DUD_gr_D_952,CCOc1ccc([N+]2=C3CCCCCN3C[C@@]2(O)c2ccc(F)cc2)cc1,0
ZINC01803471,DUD_gr_D_953,C=CCNC(=S)N1CCc2cc(OC)c(OC)cc2[C@H]1c1ccccc1,0
ZINC01803472,DUD_gr_D_954,C=CCNC(=S)N1CCc2cc(OC)c(OC)cc2[C@H]1c1ccccc1,0
ZINC01805395,DUD_gr_D_955,CC(=O)c1c(N2CCCCC2)[nH+]c2ccc(Cl)cc2c1-c1ccccc1,0
ZINC01814324,DUD_gr_D_956,Cc1ccc(-n2c(S)nc3c(c2=O)C2(CCCCC2)Cc2ccccc2-3)cc1,0
ZINC01814809,DUD_gr_D_957,CCOc1cccc2c1NC(C)(C)c1sn(-c3ccc(C)cc3)c(=S)c1-2,0
ZINC01818548,DUD_gr_D_958,CC(C)(C)C(=O)Nc1ccccc1Sc1ncnc2sc3c(c12)CCCC3,0
ZINC01822344,DUD_gr_D_959,Cc1cccc(N2C(S)=N/C(=N\c3ccccc3C)[C@]23CCOC(C)(C)C3)c1,0
ZINC01824913,DUD_gr_D_960,Cc1ccccc1-n1c(S)nc2c(c1=O)C1(CCCCC1)Cc1ccccc1-2,0
ZINC01826748,DUD_gr_D_961,C=C(C)CSc1nc2c(c(=O)[nH]1)[C@](C)(C1CCCCC1)Cc1ccccc1-2,0
ZINC01826749,DUD_gr_D_962,C=C(C)CSc1nc2c(c(=O)[nH]1)[C@@](C)(C1CCCCC1)Cc1ccccc1-2,0
ZINC01827251,DUD_gr_D_963,COc1ccc(-n2c(S)nc3c(c2=O)C2(CCCCC2)Cc2ccccc2-3)cc1,0
ZINC01828965,DUD_gr_D_964,Cc1ccc(-n2c(S)nc3c(c2=O)C2(CCCC2)Cc2ccccc2-3)cc1,0
ZINC01831140,DUD_gr_D_965,O=c1c2c(nc(S)n1CC1CCCC1)-c1ccccc1CC21CCCCC1,0
ZINC01833001,DUD_gr_D_966,CCOc1ccccc1-n1sc2c(c1=S)-c1cc(C)ccc1NC2(C)C,0
ZINC01835771,DUD_gr_D_967,COc1ccc2c(c1)-c1c(sn(-c3ccc(C(C)C)cc3)c1=S)C(C)(C)N2,0
ZINC01836769,DUD_gr_D_968,CC(C)Cn1c(S)nc2c(c1=O)C1(CCCCC1)Cc1ccccc1-2,0
ZINC01837408,DUD_gr_D_969,Cc1cccc(-n2c(S)nc3c(c2=O)C2(CCCCC2)Cc2ccccc2-3)c1,0
ZINC01843353,DUD_gr_D_970,CCc1ccc(-n2sc3c(c2=S)-c2cc(OC)ccc2NC3(C)C)cc1,0
ZINC01863421,DUD_gr_D_971,Cc1cc2nc3c(C#N)c4c(c(Nc5ccc(F)cc5)n3c2cc1C)CCC4,0
ZINC01867502,DUD_gr_D_972,O=c1c2c(nc(S)n1CC1CCCC1)-c1ccccc1CC21CCCC1,0
ZINC01883514,DUD_gr_D_973,C[C@@]12C[C@H]3C[C@@](C)(C1)C[C@@](C(=O)N/N=C\c1ccc(Br)cc1)(C3)C2,0
ZINC01896408,DUD_gr_D_974,Cc1cccc(N2C(S)=N/C(=N/c3ccccc3)[C@]23CCOC(C)(C)C3)c1,0
ZINC01909246,DUD_gr_D_975,COc1ccc([N+]2=C3CCCCN3C[C@]2(O)c2ccc(Br)cc2)cc1,0
ZINC01909250,DUD_gr_D_976,COc1ccc([N+]2=C3CCCCN3C[C@@]2(O)c2ccc(Br)cc2)cc1,0
ZINC01909452,DUD_gr_D_977,COc1ccc([N+]2=C3CCCCCN3C[C@@]2(O)c2ccc(F)cc2)cc1,0
ZINC01909460,DUD_gr_D_978,Cc1ccc([N+]2=C3CCCCCN3C[C@@]2(O)c2ccc(Br)cc2)cc1,0
ZINC01909462,DUD_gr_D_979,Cc1ccc([N+]2=C3CCCCCN3C[C@@]2(O)c2ccc(Br)cc2)cc1,0
ZINC01909489,DUD_gr_D_980,Cc1ccc([C@]2(O)CN3CCCCCC3=[N+]2c2ccc(Br)cc2)cc1,0
ZINC01909505,DUD_gr_D_981,CCOc1ccc([C@@]2(O)CN3CCCCCC3=[N+]2c2ccc(Br)cc2)cc1,0
ZINC01921287,DUD_gr_D_982,CC[C@H]1N2CCCCCC2=[N+](c2ccccc2)[C@@]1(O)c1ccc(Cl)cc1,0
ZINC01921289,DUD_gr_D_983,CC[C@@H]1N2CCCCCC2=[N+](c2ccccc2)[C@@]1(O)c1ccc(Cl)cc1,0
ZINC01921291,DUD_gr_D_984,CC[C@H]1N2CCCCCC2=[N+](c2ccccc2)[C@]1(O)c1ccc(Cl)cc1,0
ZINC01921293,DUD_gr_D_985,CC[C@@H]1N2CCCCCC2=[N+](c2ccccc2)[C@]1(O)c1ccc(Cl)cc1,0
ZINC01928194,DUD_gr_D_986,COc1ccc(C)cc1NC1=C(Cl)C(=O)N(c2cc(C)cc(C)c2)C1=O,0
ZINC01935514,DUD_gr_D_987,COc1ccccc1NC1=C(Cl)C(=O)N(c2cc(C)cc(C)c2)C1=O,0
ZINC01942451,DUD_gr_D_988,Cc1sc2ncnc(Nc3ccc(N(C)C)cc3)c2c1-c1ccccc1,0
ZINC01942453,DUD_gr_D_989,COc1ccc(Nc2ncnc3sc(C)c(-c4ccccc4)c23)cc1OC,0
ZINC01942454,DUD_gr_D_990,Cc1sc2ncnc(Nc3ccc4c(c3)OCCO4)c2c1-c1ccccc1,0
ZINC01948165,DUD_gr_D_991,CCN(C1=C(Cl)C(=O)N(c2cccc(C)c2C)C1=O)c1cccc(C)c1,0
ZINC01948413,DUD_gr_D_992,CCN(C1=C(Cl)C(=O)N(c2cc(C)ccc2C)C1=O)c1cccc(C)c1,0
ZINC01954308,DUD_gr_D_993,Cc1cccc(N2C(=O)C(Cl)=C(Nc3ccc(C(C)C)cc3)C2=O)c1C,0
ZINC01954311,DUD_gr_D_994,Cc1ccc(N2C(=O)C(Cl)=C(Nc3ccc(C(C)C)cc3)C2=O)c(C)c1,0
ZINC01954321,DUD_gr_D_995,Cc1ccc(C)c(N2C(=O)C(Cl)=C(Nc3ccc(C(C)C)cc3)C2=O)c1,0
ZINC01954338,DUD_gr_D_996,Cc1cccc(N2C(=O)C(Cl)=C(Nc3ccc(C(C)C)cc3)C2=O)c1,0
ZINC01954341,DUD_gr_D_997,Cc1ccccc1N1C(=O)C(Cl)=C(Nc2ccc(C(C)C)cc2)C1=O,0
ZINC01954362,DUD_gr_D_998,CCc1ccccc1N1C(=O)C(Cl)=C(Nc2ccc(C(C)C)cc2)C1=O,0
ZINC01954692,DUD_gr_D_999,Cc1ccc(N2C(=O)C(Cl)=C(Nc3ccc(C(C)C)cc3)C2=O)cc1C,0
ZINC01954733,DUD_gr_D_1000,Cc1ccccc1NC1=C(Cl)C(=O)N(c2ccc(C(C)C)cc2)C1=O,0
ZINC01954740,DUD_gr_D_1001,Cc1cccc(NC2=C(Cl)C(=O)N(c3ccc(C(C)C)cc3)C2=O)c1,0
ZINC01954767,DUD_gr_D_1002,Cc1ccc(NC2=C(Cl)C(=O)N(c3ccc(C(C)C)cc3)C2=O)cc1C,0
ZINC01954770,DUD_gr_D_1003,Cc1cc(C)cc(NC2=C(Cl)C(=O)N(c3ccc(C(C)C)cc3)C2=O)c1,0
ZINC01954771,DUD_gr_D_1004,Cc1cccc(NC2=C(Cl)C(=O)N(c3ccc(C(C)C)cc3)C2=O)c1C,0
ZINC01954773,DUD_gr_D_1005,Cc1ccc(C)c(NC2=C(Cl)C(=O)N(c3ccc(C(C)C)cc3)C2=O)c1,0
ZINC01954776,DUD_gr_D_1006,Cc1ccc(NC2=C(Cl)C(=O)N(c3ccc(C(C)C)cc3)C2=O)c(C)c1,0
ZINC01954797,DUD_gr_D_1007,CCc1ccccc1NC1=C(Cl)C(=O)N(c2ccc(C(C)C)cc2)C1=O,0
ZINC01956682,DUD_gr_D_1008,Sc1nnc(CCn2c3ccccc3c3ccccc32)n1C1CCCCC1,0
ZINC01971228,DUD_gr_D_1009,Cc1ccccc1NC(=O)[C@@H](C)Sc1ncnc2sc3c(c12)CC[C@H](C)C3,0
ZINC01971230,DUD_gr_D_1010,Cc1ccccc1NC(=O)[C@H](C)Sc1ncnc2sc3c(c12)CC[C@H](C)C3,0
ZINC01971250,DUD_gr_D_1011,Cc1ccccc1NC(=O)[C@H](C)Sc1ncnc2sc3c(c12)CCCC3,0
ZINC01971251,DUD_gr_D_1012,Cc1ccccc1NC(=O)[C@@H](C)Sc1ncnc2sc3c(c12)CCCC3,0
ZINC01977110,DUD_gr_D_1013,CCOc1ccc(N2C(=O)C(Cl)=C(Nc3cccc(C)c3C)C2=O)cc1,0
ZINC01977111,DUD_gr_D_1014,CCOc1ccc(N2C(=O)C(Cl)=C(Nc3ccc(C)cc3C)C2=O)cc1,0
ZINC01977112,DUD_gr_D_1015,CCOc1ccc(N2C(=O)C(Cl)=C(Nc3cc(C)ccc3C)C2=O)cc1,0
ZINC01977113,DUD_gr_D_1016,CCOc1ccc(N2C(=O)C(Cl)=C(Nc3cc(C)cc(C)c3)C2=O)cc1,0
ZINC01979338,DUD_gr_D_1017,COc1ccc(C)cc1NC1=C(Cl)C(=O)N(c2cccc(C)c2)C1=O,0
ZINC01979339,DUD_gr_D_1018,COc1ccc(C)cc1NC1=C(Cl)C(=O)N(c2cccc(C)c2C)C1=O,0
ZINC01979340,DUD_gr_D_1019,COc1ccc(C)cc1NC1=C(Cl)C(=O)N(c2ccc(C)cc2C)C1=O,0
ZINC01979341,DUD_gr_D_1020,CCc1ccc(N2C(=O)C(Cl)=C(Nc3cc(C)ccc3OC)C2=O)cc1,0
ZINC01982001,DUD_gr_D_1021,Cc1cc(C)c(NC(=O)[C@@H](C)OC(=O)c2cccc(Br)c2)c(C)c1,0
ZINC01982002,DUD_gr_D_1022,Cc1cc(C)c(NC(=O)[C@@H](C)OC(=O)c2cccc(Br)c2)c(C)c1,0
ZINC02005348,DUD_gr_D_1023,Cc1csc(Nc2nc(C)c(C)c(N3CCc4ccccc4C3)n2)n1,0
ZINC02051934,DUD_gr_D_1024,CC(C)(C)c1ccc(C(=O)N2NC(c3ccccc3)=C[C@]2(O)C(F)(F)F)cc1,0
ZINC02054768,DUD_gr_D_1025,O=c1c2c([nH]c(=S)n1CC1CCCCC1)-c1ccccc1CC21CCCCC1,0
ZINC02054795,DUD_gr_D_1026,COc1ccc2c(c1)-c1c(sn(-c3ccc(C)c(C)c3)c1=S)C(C)(C)N2,0
ZINC02055935,DUD_gr_D_1027,CCOc1ccc2c(c1)-c1c(sn(-c3ccc(OC)cc3)c1=S)C(C)(C)N2,0
ZINC02058095,DUD_gr_D_1028,CCOc1ccc(-n2sc3c(c2=S)-c2ccccc2NC3(C)C)cc1,0
ZINC02058096,DUD_gr_D_1029,CCOc1ccc(-n2sc3c(c2=S)-c2cc(C)ccc2NC3(C)C)cc1,0
ZINC02059045,DUD_gr_D_1030,CCC1=C[C@@](O)(c2ccc(Br)cc2)N(C(=O)c2cccc(C)c2)N1,0
ZINC02059046,DUD_gr_D_1031,CCC1=C[C@@](O)(c2ccc(Br)cc2)N(C(=O)c2cccc(C)c2)N1,0
ZINC02059721,DUD_gr_D_1032,CC1=CC(C)(C)Nc2ccc(OC(=O)COc3ccc(Cl)cc3)cc21,0
ZINC02060211,DUD_gr_D_1033,Cc1cc2c(cc1C)CSC(c1c(O)ccc3ccccc13)SC2,0
ZINC02061598,DUD_gr_D_1034,Cc1ccc(N2C(=O)/C(=C/c3ccc(N(C)C)o3)C(=O)NC2=S)c(C)c1,0
ZINC02063126,DUD_gr_D_1035,COc1ccc(-n2sc3c(c2=S)-c2cc(C)cc(C)c2NC3(C)C)cc1,0
ZINC02065967,DUD_gr_D_1036,Cc1cccc(N2C(=S)N/C(=N/c3c(C)cccc3C)C23CCCCC3)c1,0
ZINC02069133,DUD_gr_D_1037,O=c1c2c([nH]c(=S)n1CC1CCCC1)-c1ccccc1CC21CCCCC1,0
ZINC02070246,DUD_gr_D_1038,CCc1ccc(-n2sc3c(c2=S)-c2cccc(C)c2NC3(C)C)cc1,0
ZINC02072640,DUD_gr_D_1039,Cc1cc([C@@]2(C(F)(F)F)C=C3c4ccccc4CC(C)(C)N3C2=O)cc(C)c1O,0
ZINC02072641,DUD_gr_D_1040,Cc1cc([C@@]2(C(F)(F)F)C=C3c4ccccc4CC(C)(C)N3C2=O)cc(C)c1O,0
ZINC02075919,DUD_gr_D_1041,Cc1ccc(N2C(=O)/C(=C\c3cc(C)n(C)c3C)C(=O)NC2=S)cc1,0
ZINC02085914,DUD_gr_D_1042,O=C(NC1CCCCC1)c1cc(-c2ccc(Cl)cc2)nc2ccccc12,0
ZINC02087660,DUD_gr_D_1043,CCOc1ccccc1N1C(=O)[C@H]2Cc3c([nH]c4ccccc34)[C@@H](C)N2C1=S,0
ZINC02088462,DUD_gr_D_1044,Cc1ccc2sc(-c3ccc(NC4=CC(C)(C)CC(=O)C4)cc3)nc2c1,0
ZINC02092173,DUD_gr_D_1045,COc1ccc2c(c1)-c1c(sn(-c3cc(C)cc(C)c3)c1=S)C(C)(C)N2,0
ZINC02095550,DUD_gr_D_1046,COc1ccc(/N=c2/ssc3c2-c2ccccc2NC3(C)C)cc1OC,0
ZINC02096914,DUD_gr_D_1047,COc1ccc(N2C(=O)[C@H]3Cc4c([nH]c5ccccc45)[C@H](C)N3C2=S)cc1,0
ZINC02096916,DUD_gr_D_1048,COc1ccc(N2C(=O)[C@H]3Cc4c([nH]c5ccccc45)[C@@H](C)N3C2=S)cc1,0
ZINC02096917,DUD_gr_D_1049,COc1ccc(N2C(=O)[C@H]3Cc4c([nH]c5ccccc45)[C@H](C)N3C2=S)cc1,0
ZINC02096918,DUD_gr_D_1050,COc1ccc(N2C(=O)[C@@H]3Cc4c([nH]c5ccccc45)[C@@H](C)N3C2=S)cc1,0
ZINC02105642,DUD_gr_D_1051,Cc1c(-c2cccc(Cl)c2)nc2ccccc2c1C(=O)NC1CCCC1,0
ZINC02110199,DUD_gr_D_1052,C[C@@]12CC[C@@H]3c4ccc(OCc5ccccc5F)cc4CC[C@@H]3[C@@H]1CCC2=O,0
ZINC02110667,DUD_gr_D_1053,COc1ccc2[nH]c3c(c2c1)CCN1C(=O)N(c2ccc(SC)cc2)C(=O)[C@@]31C,0
ZINC02113959,DUD_gr_D_1054,COc1cc2c(cc1OC)[C@H](C)N(c1ncnc3c1[nH]c1ccc(C)cc13)CC2,0
ZINC02115961,DUD_gr_D_1055,CCN1C(=O)[C@@H]2Cc3c([nH]c4ccccc34)[C@@H](c3ccc(OC)cc3)N2C1=S,0
ZINC02115962,DUD_gr_D_1056,CCN1C(=O)[C@H]2Cc3c([nH]c4ccccc34)[C@@H](c3ccc(OC)cc3)N2C1=S,0
ZINC02124241,DUD_gr_D_1057,C=CCN1C(=O)[C@H]2Cc3c([nH]c4ccccc34)[C@H](c3ccc(F)cc3)N2C1=S,0
ZINC02129102,DUD_gr_D_1058,C[C@]12CC[C@H]3[C@@H](CC=C4C[C@@H](O)CC[C@]43C)[C@H]1C/C(=C\c1cccs1)C2=O,0
ZINC02133908,DUD_gr_D_1059,CC1(C)C[C@@H]2C[C@@](C)(CN2c2ncnc3c2[nH]c2ccc(Br)cc23)C1,0
ZINC02136814,DUD_gr_D_1060,CN(C(=S)NC(=O)/C=C\c1cccc2ccccc12)C1CCCCC1,0
ZINC02138057,DUD_gr_D_1061,CCOc1ccc(-c2nc3sc4c(c3c(=O)[nH]2)CCCCCC4)c2ccccc12,0
ZINC02138057,DUD_gr_D_1062,CCOc1ccc(-c2nc(=O)c3c4c(sc3[nH]2)CCCCCC4)c2ccccc12,0
ZINC02171853,DUD_gr_D_1063,COc1ccc2c(c1)CCC1=C2NN(C(C)=O)[C@H]1c1ccc(Br)cc1,0
ZINC02171856,DUD_gr_D_1064,COc1ccc2c(c1)CCC1=C2NN(/C(C)=C\C(C)=O)[C@H]1c1ccc(Br)cc1,0
ZINC02172565,DUD_gr_D_1065,CC1(C)[C@]2(C)CC[C@@]1(C(=O)Nc1cccc3ccccc13)[C@@H](Br)C2=O,0
ZINC02183037,DUD_gr_D_1066,COc1ccc(Cn2c(=S)[nH]c3c(c2=O)C2(CCCCC2)Cc2ccccc2-3)cc1,0
ZINC02183189,DUD_gr_D_1067,CCOc1ccc2c(c1)-c1c(sn(-c3ccccc3OC)c1=S)C(C)(C)N2,0
ZINC02183583,DUD_gr_D_1068,CCc1ccc2c(c1)-c1c(sn(-c3ccc(OC)cc3)c1=S)C(C)(C)N2,0
ZINC02193191,DUD_gr_D_1069,CC(C)(C)NC(=O)O[C@@H]1Cc2ccccc2Sc2ccc(Cl)cc21,0
ZINC02197149,DUD_gr_D_1070,CCOc1ccc(-n2sc3c(c2=S)-c2ccc(OC)cc2NC3(C)C)cc1,0
ZINC02201709,DUD_gr_D_1071,C[C@H]1CCCc2sc3nc(NCc4ccccc4)n4ncnc4c3c21,0
ZINC02203192,DUD_gr_D_1072,CCOc1ccc2c3c1C(C)(C)C[C@]3(C)N(c1ccc(F)cc1)C(=O)N2,0
ZINC02203194,DUD_gr_D_1073,CCOc1ccc2c3c1C(C)(C)C[C@]3(C)N(c1ccc(F)cc1)C(=O)N2,0
ZINC02208284,DUD_gr_D_1074,S=c1[nH]c(Cc2ccccc2)nc2c1C1(CCCCC1)Cc1ccccc1-2,0
ZINC02212759,DUD_gr_D_1075,CCOC(=O)C1CCN(c2ncnc3c2[nH]c2ccc(Cl)cc23)CC1,0
ZINC02212760,DUD_gr_D_1076,Cc1cc(NC2CCCCC2)n2ncc(-c3ccc(Cl)cc3)c2n1,0
ZINC02214173,DUD_gr_D_1077,CCOC(=O)C1CCN(c2ncnc3c2[nH]c2ccc(Br)cc23)CC1,0
ZINC02217330,DUD_gr_D_1078,Cc1ccccc1N1C(=S)N/C(=N/c2c(C)cccc2C)C12CCCCC2,0
ZINC02217540,DUD_gr_D_1079,O=c1c2c3c(sc2[nH]c(=S)n1Cc1ccccc1)CC1(CCCCC1)CC3,0
ZINC02217706,DUD_gr_D_1080,C=CCSc1nc2c(c(=O)[nH]1)C1(CCCCC1)Cc1ccccc1-2,0
ZINC02217706,DUD_gr_D_1081,C=CCSc1nc(O)c2c(n1)-c1ccccc1CC21CCCCC1,0
ZINC02217706,DUD_gr_D_1082,C=CCSc1nc(O)c2c(n1)-c1ccccc1CC21CCCCC1,0
ZINC02219635,DUD_gr_D_1083,Cc1nn2c(Nc3ccc(F)cc3)cc(C(C)C)nc2c1-c1ccccc1,0
ZINC02219810,DUD_gr_D_1084,COc1ccc([C@@H]2Sc3ccccc3NC3=CC(C)(C)CC(=O)[C@H]32)cc1OC,0
ZINC02219812,DUD_gr_D_1085,COc1ccc([C@H]2Sc3ccccc3NC3=CC(C)(C)CC(=O)[C@H]32)cc1OC,0
ZINC02220092,DUD_gr_D_1086,Cc1ccc(C(=O)NC(=S)Nc2ccccc2N2CCOCC2)cc1,0
ZINC02223441,DUD_gr_D_1087,CC(C)(C)C(=O)NC(=S)Nc1ccc2oc(-c3ccccc3F)nc2c1,0
ZINC02224565,DUD_gr_D_1088,Cc1nc2c([nH]c3ccc(Br)cc32)c(=O)n1/N=C/C1=CC[C@H]2C[C@@H]1C2(C)C,0
ZINC02228521,DUD_gr_D_1089,Cc1ccccc1NC(=O)C[n+]1cc(-c2ccc(F)cc2)n2c1CCC2,0
ZINC02231021,DUD_gr_D_1090,Cc1cc(NC2CCCC2)n2ncc(-c3ccc(Cl)cc3)c2n1,0
ZINC02231332,DUD_gr_D_1091,COc1ccc2c(c1)-c1c(sn(-c3cc(C)ccc3OC)c1=S)C(C)(C)N2,0
ZINC02231478,DUD_gr_D_1092,Cc1ccc(-c2c[n+](CC(=O)Nc3ccc4c(c3)OCO4)c3n2CCC3)cc1,0
ZINC02232381,DUD_gr_D_1093,CC(C)c1ccc(C(=O)NC(=S)Nc2ccccc2N2CCCC2)cc1,0
ZINC02236427,DUD_gr_D_1094,COc1ccc(-c2c[n+](CC(=O)Nc3cccc(F)c3)c3n2CCC3)cc1,0
ZINC02236674,DUD_gr_D_1095,O=C(C[n+]1cc(-c2ccc(F)cc2)n2c1CCC2)Nc1ccc2c(c1)OCCO2,0
ZINC02239979,DUD_gr_D_1096,C#CCSc1nc2sc3c(c2c(=O)n1-c1ccccc1)CCCC3,0
ZINC02240031,DUD_gr_D_1097,COc1cccc(/N=c2/ssc3c2-c2ccc(C)cc2NC3(C)C)c1,0
ZINC02240762,DUD_gr_D_1098,Cc1ccccc1N1C(=O)/C(=C/c2ccc(N3CCCC3)o2)C(=O)NC1=S,0
ZINC02241948,DUD_gr_D_1099,CCOc1cc2c3c(c1)[C@]1(Nc4ccccc4S1)C(=O)N3C(C)(C)C[C@@H]2C,0
ZINC02241949,DUD_gr_D_1100,CCOc1cc2c3c(c1)[C@]1(Nc4ccccc4S1)C(=O)N3C(C)(C)C[C@@H]2C,0
ZINC02241950,DUD_gr_D_1101,CCOc1cc2c3c(c1)[C@@]1(Nc4ccccc4S1)C(=O)N3C(C)(C)C[C@H]2C,0
ZINC02241951,DUD_gr_D_1102,CCOc1cc2c3c(c1)[C@@]1(Nc4ccccc4S1)C(=O)N3C(C)(C)C[C@H]2C,0
ZINC02242885,DUD_gr_D_1103,CCOC(=O)N1NC2=C(CCc3ccc(OC)cc32)[C@H]1c1ccc(F)cc1,0
ZINC02247881,DUD_gr_D_1104,O=c1c2c([nH]c(=S)n1Cc1ccco1)-c1ccccc1CC21CCCC1,0
ZINC02250774,DUD_gr_D_1105,Cc1ccc2c(c1)c1c3n2CCN(C(=S)Nc2ccccc2)[C@@H]3CCC1,0
ZINC02251139,DUD_gr_D_1106,Cc1cc(Br)c(O)c(/C=N\c2ccccc2N2CCCCC2)c1,0
ZINC02252801,DUD_gr_D_1107,CC(C)Cn1c(=S)[nH]c2c(c1=O)C1(CCCCC1)Cc1ccccc1-2,0
ZINC02259360,DUD_gr_D_1108,COC(=O)c1[nH]c2ccc(Br)cc2c1NC(=O)[C@H]1C[C@@H]1c1ccccc1,0
ZINC02271735,DUD_gr_D_1109,CCOc1ccc(C2=CSC3=NNC(c4ccc(OC)cc4)=CN23)cc1,0
ZINC02272617,DUD_gr_D_1110,CCOc1ccc(C2=CN3C(=NN2)SC(C)=C3c2ccc(OC)cc2)cc1,0
ZINC02273958,DUD_gr_D_1111,COc1ccc([C@@]2(O)C[N+](c3ccccc3OC)=C3CCCCN32)cc1,0
ZINC02275241,DUD_gr_D_1112,Cc1nc2sc3c(NCCc4ccccc4)ncnc3c2c2c1CCCC2,0
ZINC02275563,DUD_gr_D_1113,Cc1ccc(N2C(=S)N/C(=N\c3c(C)cccc3C)C23CCCCC3)cc1,0
ZINC02278608,DUD_gr_D_1114,Cc1cccc(N2C(=S)N/C(=N/c3ccccc3C)[C@@]23CCOC(C)(C)C3)c1,0
ZINC02280124,DUD_gr_D_1115,CCc1ccccc1-n1sc2c(c1=S)-c1cccc(C)c1NC2(C)C,0
ZINC02280677,DUD_gr_D_1116,COc1ccc([N+]2=C3CCCCN3C[C@@]2(O)c2ccc(OC(F)F)cc2)cc1,0
ZINC02280678,DUD_gr_D_1117,COc1ccc([N+]2=C3CCCCN3C[C@]2(O)c2ccc(OC(F)F)cc2)cc1,0
ZINC02281690,DUD_gr_D_1118,O[C@]1(c2ccc(Cl)cc2)CN2CCCCCC2=[N+]1c1ccc2c(c1)OCO2,0
ZINC02281691,DUD_gr_D_1119,O[C@]1(c2ccc(Cl)cc2)CN2CCCCCC2=[N+]1c1ccc2c(c1)OCO2,0
ZINC02283251,DUD_gr_D_1120,CCOc1ccc([N+]2=C3CCCCCN3C[C@@]2(O)c2ccc(Cl)cc2)cc1,0
ZINC02283252,DUD_gr_D_1121,CCOc1ccc([N+]2=C3CCCCCN3C[C@]2(O)c2ccc(Cl)cc2)cc1,0
ZINC02286054,DUD_gr_D_1122,Cc1cccc(-n2sc3c(c2=S)-c2cccc(C)c2NC3(C)C)c1C,0
ZINC02286619,DUD_gr_D_1123,Cc1cccc(N2C(=S)N/C(=N/c3ccccc3)[C@]23CCOC(C)(C)C3)c1,0
ZINC02288462,DUD_gr_D_1124,CCOc1ccc2c(c1)-c1c(sn(-c3ccccc3CC)c1=S)C(C)(C)N2,0
ZINC02290773,DUD_gr_D_1125,CCc1ccccc1-n1sc2c(c1=S)-c1cc(C)ccc1NC2(C)C,0
ZINC02291460,DUD_gr_D_1126,CCc1ccccc1-n1sc2c(c1=S)-c1ccc(C)cc1NC2(C)C,0
ZINC02292141,DUD_gr_D_1127,CCCSc1nc2c(c(=O)[nH]1)[C@](C)(C1CCCCC1)Cc1ccccc1-2,0
ZINC02292142,DUD_gr_D_1128,CCCSc1nc2c(c(=O)[nH]1)[C@@](C)(C1CCCCC1)Cc1ccccc1-2,0
ZINC02292488,DUD_gr_D_1129,C#CCSc1nc2sc3c(c2c(=O)n1-c1ccc(OC)cc1)CCCC3,0
ZINC02292584,DUD_gr_D_1130,CCSc1nc2c(c(=O)[nH]1)[C@@](C)(C1CCCCC1)Cc1ccccc1-2,0
ZINC02292585,DUD_gr_D_1131,CCSc1nc2c(c(=O)[nH]1)[C@](C)(C1CCCCC1)Cc1ccccc1-2,0
ZINC02294223,DUD_gr_D_1132,O=c1c2c3c(sc2[nH]c(=S)n1CC1CCCCC1)-c1ccccc1CC3,0
ZINC02295120,DUD_gr_D_1133,CCOc1ccc2c(c1)C(C)=CC(C)(C)N2C(=S)Nc1ccccc1,0
ZINC02295169,DUD_gr_D_1134,C=CCSc1nc(=O)c2c([nH]1)-c1ccccc1C[C@]2(C)C1CCCCC1,0
ZINC02295170,DUD_gr_D_1135,C=CCSc1nc(=O)c2c([nH]1)-c1ccccc1C[C@@]2(C)C1CCCCC1,0
ZINC02297455,DUD_gr_D_1136,CC(C)Sc1nc2c(c(=O)[nH]1)[C@](C)(C1CCCCC1)Cc1ccccc1-2,0
ZINC02297456,DUD_gr_D_1137,CC(C)Sc1nc2c(c(=O)[nH]1)[C@@](C)(C1CCCCC1)Cc1ccccc1-2,0
ZINC02299593,DUD_gr_D_1138,C#CCSc1nc2sc3c(c2c(=O)n1-c1ccc(C)cc1)CCCC3,0
ZINC02299890,DUD_gr_D_1139,Cc1nc2sc3c(NCc4ccccc4)ncnc3c2c2c1COC(C)(C)C2,0
ZINC02301162,DUD_gr_D_1140,CC(C)c1nc2sc3c(NCc4ccco4)ncnc3c2c2c1CCCC2,0
ZINC02301814,DUD_gr_D_1141,CCC(=O)N1NC(c2ccccc2OC)=C[C@@H]1c1ccc(Br)cc1,0
ZINC02303343,DUD_gr_D_1142,CCc1ccccc1N1C(=O)/C(=C\c2cc(C)n(C)c2C)C(=O)NC1=S,0
ZINC02308443,DUD_gr_D_1143,c1ccc2c(c1)CCO[C@H]2CNc1ncnc2sc3c(c12)CCCC3,0
ZINC02308444,DUD_gr_D_1144,c1ccc2c(c1)CCO[C@@H]2CNc1ncnc2sc3c(c12)CCCC3,0
ZINC02308623,DUD_gr_D_1145,Cc1cccc(N2C(=O)/C(=C\c3cc(C)n(C)c3C)C(=O)NC2=S)c1C,0
ZINC02316306,DUD_gr_D_1146,COc1ccc(C(=O)NC(=S)N2c3ccc(C)cc3C(C)=CC2(C)C)cc1,0
ZINC02316413,DUD_gr_D_1147,CC1=CC(C)(C)N(C(=S)NC(=O)c2ccc(C)cc2)c2ccccc21,0
ZINC02316659,DUD_gr_D_1148,COc1ccc(C(=O)NC(=S)N2c3ccccc3C(C)=CC2(C)C)cc1,0
ZINC02317000,DUD_gr_D_1149,CC1=CC(C)(C)Nc2ccc(OC(=O)COc3ccccc3Cl)cc21,0
ZINC02318764,DUD_gr_D_1150,COc1ccc([C@]2(O)C[N+](c3ccccc3)=C3SCCCN32)cc1OC,0
ZINC02318765,DUD_gr_D_1151,COc1ccc([C@@]2(O)C[N+](c3ccccc3)=C3SCCCN32)cc1OC,0
ZINC02320797,DUD_gr_D_1152,COC(=O)c1[nH]c2ccccc2c1NC(=O)[C@@]12C[C@@H]3C[C@@H](C[C@](Br)(C3)C1)C2,0
ZINC02321502,DUD_gr_D_1153,CCCCn1c(=S)[nH]c2c(c1=O)C1(CCCCC1)Cc1ccccc1-2,0
ZINC02323102,DUD_gr_D_1154,Cc1cc(/C=C2/C(=O)NC(=S)N(C)C2=O)c(C)n1-c1cccc2ccccc12,0
ZINC02324027,DUD_gr_D_1155,Cc1nc2sc3c(NCc4ccco4)ncnc3c2c2c1COC(C)(C)C2,0
ZINC02325347,DUD_gr_D_1156,Cc1nn2c(Nc3ccc(F)cc3)c3c(nc2c1-c1ccccc1)CCC3,0
ZINC02328852,DUD_gr_D_1157,COc1ccccc1[C@H]1[C@H]2CCCC[C@@]2(O)CCN1C(=O)c1ccccc1Cl,0
ZINC02330594,DUD_gr_D_1158,CCOC(=O)C1=C(C)N=C2Sc3ccccc3N2[C@@H]1c1ccccc1OC,0
ZINC02333789,DUD_gr_D_1159,COc1ccccc1[C@H]1[C@@H]2CCCC[C@]2(O)CCN1C(=O)c1ccccc1F,0
ZINC02340485,DUD_gr_D_1160,Cc1ccc(-c2c[n+](CC(=O)Nc3cccc(F)c3)c3n2CCC3)cc1,0
ZINC02343044,DUD_gr_D_1161,Cc1nn2c(Nc3ccc(F)cc3)c3c(nc2c1-c1ccccc1)CCCC3,0
ZINC02343375,DUD_gr_D_1162,Cc1cc(/C=C2\C(=O)NC(=O)N(C(C)(C)C)C2=O)c(C)n1-c1ccc(F)cc1,0
ZINC02343782,DUD_gr_D_1163,O=C(COc1ccc2oc3c(c2c1)CCCC3)Nc1ccccc1Br,0
ZINC02344098,DUD_gr_D_1164,Cc1cc(C)n(-c2nc(NCc3ccco3)c3c4c(sc3n2)CCCC4)n1,0
ZINC02345405,DUD_gr_D_1165,COc1ccc(C(=O)C[N@+]2(C)CCc3[nH]c4ccccc4c3C2)cc1F,0
ZINC02345756,DUD_gr_D_1166,COc1ccccc1[C@@H]1[C@H]2CCCC[C@]2(O)CCN1C(=O)c1cccc(F)c1,0
ZINC02350293,DUD_gr_D_1167,Cc1ccc(-c2c[n+](CC(=O)Nc3ccc(F)cc3)c3n2CCC3)cc1,0
ZINC02353459,DUD_gr_D_1168,Cc1cccc(NC(=O)C[n+]2cc(-c3ccc(F)cc3)n3c2CCC3)c1,0
ZINC02353947,DUD_gr_D_1169,Cc1cc(NC[C@@H]2CCCO2)n2ncc(-c3ccc(Cl)cc3)c2n1,0
ZINC02362584,DUD_gr_D_1170,COC(=O)c1[nH]c2ccc(Cl)cc2c1NC(=O)c1cc(C)c(C)cc1C,0
ZINC02363228,DUD_gr_D_1171,COc1ccc(C)cc1-n1sc2c(c1=S)-c1cc(C)ccc1NC2(C)C,0
ZINC02372254,DUD_gr_D_1172,CCOc1ccc2c(c1)-c1c(sn(-c3ccc(C)cc3)c1=S)C(C)(C)N2,0
ZINC02372295,DUD_gr_D_1173,COc1ccc(/N=c2/ssc3c2-c2ccc(C)cc2NC3(C)C)cc1,0
ZINC02378291,DUD_gr_D_1174,CNc1nc(-c2c(C)n(Cc3ccccc3)c3ccc(OC)cc23)cs1,0
ZINC02395579,DUD_gr_D_1175,Cc1ccc(N2C(=S)N/C(=N/c3ccccc3C)[C@]23CCOC(C)(C)C3)cc1,0
ZINC02397772,DUD_gr_D_1176,Cc1ccc(NC(=O)C[n+]2cc(-c3ccc(F)cc3)n3c2CCC3)cc1C,0
ZINC02399819,DUD_gr_D_1177,C[C@@H]1C[C@H](C)CN(c2ncnc3c2ncn3Cc2c(Cl)cccc2Cl)C1,0
ZINC02400869,DUD_gr_D_1178,Cc1cccc(C)c1NC(=O)C[n+]1cc(-c2ccc(F)cc2)n2c1CCC2,0
ZINC02402213,DUD_gr_D_1179,Cc1ccc(C)c(NC(=O)C[n+]2cc(-c3ccc(F)cc3)n3c2CCC3)c1,0
ZINC02402761,DUD_gr_D_1180,Cc1ccccc1-n1nc(C)c2cc(C(=O)NC3CCCCCC3)sc21,0
ZINC02402882,DUD_gr_D_1181,Cc1nn(-c2ccc(Br)cc2)c2sc(C(=O)NC3CCCC3)cc12,0
ZINC02406653,DUD_gr_D_1182,Cc1ccc(NC(=O)C[n+]2cc(-c3ccc(F)cc3)n3c2CCC3)cc1,0
ZINC02409772,DUD_gr_D_1183,Cc1ccc(NC(=O)C[n+]2cc(-c3ccc(F)cc3)n3c2CCC3)c(C)c1,0
ZINC02410624,DUD_gr_D_1184,COc1ccccc1[C@@H]1[C@H]2CCCC[C@@]2(O)CCN1C(=O)c1ccc(F)cc1,0
ZINC02413369,DUD_gr_D_1185,COc1cccc(NC(=O)C[n+]2cc(-c3ccc(F)cc3)n3c2CCC3)c1,0
ZINC02417055,DUD_gr_D_1186,COc1ccc(C2(C(=O)Nc3cccc(Cl)c3)CCCC2)cc1OC,0
ZINC02417166,DUD_gr_D_1187,COc1ccc([C@@H]2[C@@H]3CCCC[C@]3(O)CCN2C(=O)c2cccc(F)c2)cc1,0
ZINC02419191,DUD_gr_D_1188,COc1ccc([C@@H]2[C@H]3CCCC[C@]3(O)CCN2C(=O)c2ccccc2F)cc1,0
ZINC02420345,DUD_gr_D_1189,COc1ccccc1C(=O)N1CC[C@]2(O)CCCC[C@H]2[C@H]1c1ccc(F)cc1,0
ZINC02424539,DUD_gr_D_1190,Cc1ccc(-c2c[n+](CC(=O)Nc3ccccc3F)c3n2CCC3)cc1,0
ZINC02425408,DUD_gr_D_1191,Cc1nn(-c2ccc(Cl)cc2)c2sc(C(=O)NC3CCCC3)cc12,0
ZINC02427251,DUD_gr_D_1192,COc1ccc(-c2c[n+](CC(=O)Nc3ccc(F)cc3)c3n2CCC3)cc1,0
ZINC02428085,DUD_gr_D_1193,Cc1nn(-c2ccccc2)c2sc(C(=O)NC3CCCCCC3)cc12,0
ZINC02429714,DUD_gr_D_1194,CC(C)c1nc2sc3c(NCc4ccco4)ncnc3c2c2c1CCC2,0
ZINC02429975,DUD_gr_D_1195,COc1cccc(Nc2cc(C)nc3c(-c4ccc(Cl)cc4)c(C)nn23)c1,0
ZINC02432194,DUD_gr_D_1196,Cc1ccccc1-n1nc(C)c2cc(C(=O)NC3CCCCCCC3)sc21,0
ZINC02432968,DUD_gr_D_1197,CCn1c(NC(=O)C2CCCCC2)c(-c2cccs2)c(=O)c2ccccc21,0
ZINC02438065,DUD_gr_D_1198,Cc1cc(C)c2c(n1)nn1c(Nc3ccc(Br)cc3)cc(C)nc21,0
ZINC02438675,DUD_gr_D_1199,CCOC(=O)C1=C(C)N=C2Sc3cc(C)ccc3N2[C@H]1c1ccccc1,0
ZINC02438678,DUD_gr_D_1200,CCOC(=O)C1=C(C)N=C2Sc3cc(C)ccc3N2[C@@H]1c1ccccc1,0
ZINC02446489,DUD_gr_D_1201,COc1ccc([C@@H]2[C@H]3CCCC[C@]3(O)CCN2C(=O)c2cccs2)cc1,0
ZINC02449039,DUD_gr_D_1202,COc1ccc([C@H]2[C@@H]3CCCC[C@@]3(O)CCN2C(=O)c2ccc(F)cc2)cc1,0
ZINC02449960,DUD_gr_D_1203,Cc1cc(NCC(C)C)n2nc(C)c(-c3ccc(Cl)cc3)c2n1,0
ZINC02450387,DUD_gr_D_1204,CC1(C)Cc2c(sc3nc(NCc4ccccc4)nc(Cl)c23)CO1,0
ZINC02452572,DUD_gr_D_1205,CC(=O)c1c(N2CCCCC2)[nH+]c2ccc(Br)cc2c1-c1ccccc1,0
ZINC02455906,DUD_gr_D_1206,Cc1cc(N2CCCCC2)[nH+]c2ccc(NC(=O)c3ccc(Br)o3)cc12,0
ZINC02461652,DUD_gr_D_1207,Cc1cc[n+]2c(NC(=O)CC(C)(C)C)c(-c3ccc(F)cc3)[nH]c2c1,0
ZINC02461848,DUD_gr_D_1208,COc1ccc(N2C(=O)N[C@H]3C[C@]2(C)Oc2ccc(Br)cc23)c(OC)c1,0
ZINC02461867,DUD_gr_D_1209,COc1cc(OC)c(-n2cc(-c3ccc(C)cc3)nc2O)cc1Cl,0
ZINC02461907,DUD_gr_D_1210,C[C@H]1[C@@H]2NC(=O)N(CCc3ccccc3)[C@@]1(C)Oc1ccc(Br)cc12,0
ZINC02473097,DUD_gr_D_1211,COc1ccccc1[C@@H]1NC(S)=NC(C)=C1C(=O)O[C@H]1CCC[C@@H]1C,0
ZINC02490072,DUD_gr_D_1212,O=c1c2c([nH]c(=S)n1C1CCCCC1)-c1ccccc1CC21CCCCC1,0
ZINC02496402,DUD_gr_D_1213,CCCCN1C(=O)[C@H]2Cc3c([nH]c4ccccc34)[C@H](c3cccc(F)c3)N2C1=O,0
ZINC02499908,DUD_gr_D_1214,CC[C@@H]1CCCCN1c1ccc2[nH]c(=O)c(Cc3ccc(F)cc3)nc2n1,0
ZINC02499908,DUD_gr_D_1215,CC[C@@H]1CCCCN1c1ccc2nc(O)c(Cc3ccc(F)cc3)nc2[nH+]1,0
ZINC02499908,DUD_gr_D_1216,CC[C@H]1CCCCN1c1ccc2[nH]c(=O)c(Cc3ccc(F)cc3)nc2[nH+]1,0
ZINC02499908,DUD_gr_D_1217,CC[C@H]1CCCCN1c1ccc2nc(O)c(Cc3ccc(F)cc3)nc2n1,0
ZINC02512687,DUD_gr_D_1218,Cc1cc(C)c(NC(=O)C2(c3ccccc3)CCCC2)c(C)c1Br,0
ZINC02543353,DUD_gr_D_1219,Cc1ccc2c(c1)N[C@H](c1ccc(OC(F)F)cc1)[C@@H]1C(=O)CC(C)(C)C=C1N2,0
ZINC02551893,DUD_gr_D_1220,C[C@H]1CCc2c(c3cc(Cl)cc4c(O)c(-c5ccccc5)c(=O)n2c43)C1,0
ZINC02566628,DUD_gr_D_1221,COc1ccc2c(c1)CCC1=C2NN(/C(C)=C/C(C)=O)[C@H]1c1cccc(F)c1,0
ZINC02569233,DUD_gr_D_1222,COc1ccc([N+]2=C3CCCCCN3C[C@]2(O)c2ccc(OC(F)F)cc2)cc1,0
ZINC02587571,DUD_gr_D_1223,O=c1c2c(nc(S)n1CC1CCCCC1)-c1ccccc1CC21CCCCC1,0
ZINC02590566,DUD_gr_D_1224,O=c1c2c(nc(S)n1C1CCCCC1)-c1ccccc1CC21CCCCC1,0
ZINC02594348,DUD_gr_D_1225,Cc1ccc(N2C(S)=N/C(=N\c3ccccc3C)[C@@]23CCOC(C)(C)C3)cc1,0
ZINC02597965,DUD_gr_D_1226,O[C@]1(c2ccc(OC(F)F)cc2)CN2CCCCCC2=[N+]1c1ccc2c(c1)OCCO2,0
ZINC02619540,DUD_gr_D_1227,Cc1nn(Cc2ccccc2Cl)c2sc(C(=O)NC(C)(C)C)cc12,0
ZINC02620156,DUD_gr_D_1228,Cc1cc(C)n(-c2ccc(Cl)c(C(=O)Nc3ccc4c(c3)CCC4)n2)n1,0
ZINC02621176,DUD_gr_D_1229,COc1ccc(Cl)cc1NC(=O)c1ccc(-n2nc(C)cc2C)cc1,0
ZINC02624839,DUD_gr_D_1230,O=C(OC1c2ccccc2-c2ccccc21)C12C[C@H]3C[C@@H](CC(O)(C3)C1)C2,0
ZINC02629099,DUD_gr_D_1231,CSc1ncccc1C(=O)Nc1nc(-c2c(C)cc(C)cc2C)cs1,0
ZINC02632866,DUD_gr_D_1232,C=C1NC(=S)N[C@H](c2ccc3c(c2)OCCO3)[C@H]1C(=O)Nc1ccc(C)cc1,0
ZINC02632867,DUD_gr_D_1233,C=C1NC(=S)N[C@H](c2ccc3c(c2)OCCO3)[C@H]1C(=O)Nc1ccc(C)cc1,0
ZINC02638703,DUD_gr_D_1234,CCc1cccc(CC)c1NC(=O)c1oc2ccc(Br)cc2c1C,0
ZINC02638841,DUD_gr_D_1235,Cc1ccc(-c2nc(C)sc2CC(=O)Nc2cccc(C)c2C)cc1,0
ZINC02639479,DUD_gr_D_1236,Cc1nn(Cc2ccccc2Cl)c(C)c1C(=O)NC1CCCCCC1,0
ZINC02644547,DUD_gr_D_1237,Cc1cc(C)c(NC(=O)c2oc3ccc(Br)cc3c2C)c(C)c1,0
ZINC02647242,DUD_gr_D_1238,c1ccc2c(c1)Cc1ccc(-c3csc(NC[C@H]4CCCO4)n3)cc1-2,0
ZINC02647243,DUD_gr_D_1239,c1ccc2c(c1)Cc1ccc(-c3csc(NC[C@@H]4CCCO4)n3)cc1-2,0
ZINC02652967,DUD_gr_D_1240,Cc1nn(-c2ccc(F)cc2)c(Cl)c1/C=N/NC1=C[C@H]2CC[C@@]1(C)C2(C)C,0
ZINC02659669,DUD_gr_D_1241,CC[C@@H](C)c1ccc(NC(=S)NC(=O)c2ccc3c(c2)OCO3)cc1,0
ZINC02659670,DUD_gr_D_1242,CC[C@H](C)c1ccc(NC(=S)NC(=O)c2ccc3c(c2)OCO3)cc1,0
ZINC02663726,DUD_gr_D_1243,Cc1cccc(NC(=S)N(Cc2c(C)noc2C)c2ccccc2)c1C,0
ZINC02666645,DUD_gr_D_1244,CC1(C)[C@@]2(C)CC[C@]1(C(=O)Nc1cccc3ccccc13)[C@H]2Br,0
ZINC02684385,DUD_gr_D_1245,COc1ccc([C@]2(O)CN(c3ccccc3C)C3=[N+]2CCCS3)cc1OC,0
ZINC02684387,DUD_gr_D_1246,COc1ccc([C@@]2(O)CN(c3ccccc3C)C3=[N+]2CCCS3)cc1OC,0
ZINC02684408,DUD_gr_D_1247,COc1ccc(OC)c(N2C[C@](O)(c3ccccc3)[N+]3=C2SCCC3)c1,0
ZINC02684410,DUD_gr_D_1248,COc1ccc(OC)c(N2C[C@](O)(c3ccccc3)[N+]3=C2SCCC3)c1,0
ZINC02684416,DUD_gr_D_1249,COc1ccc([C@@]2(O)CN(c3ccc(Cl)cc3)C3=[N+]2CCCS3)cc1,0
ZINC02684418,DUD_gr_D_1250,COc1ccc([C@@]2(O)CN(c3ccc(Cl)cc3)C3=[N+]2CCCS3)cc1,0
ZINC02684421,DUD_gr_D_1251,CCc1ccc(N2C[C@](O)(c3ccc(F)cc3)[N+]3=C2SCCC3)cc1,0
ZINC02684423,DUD_gr_D_1252,CCc1ccc(N2C[C@](O)(c3ccc(F)cc3)[N+]3=C2SCCC3)cc1,0
ZINC02684684,DUD_gr_D_1253,COc1ccc(OC)c(N2C[C@@](O)(c3ccc(C)cc3)[N+]3=C2SCCC3)c1,0
ZINC02684685,DUD_gr_D_1254,COc1ccc(OC)c(N2C[C@@](O)(c3ccc(C)cc3)[N+]3=C2SCCC3)c1,0
ZINC02687296,DUD_gr_D_1255,CCOC(=O)[C@H]1[C@@H]2NC(=S)N(c3ccc(C)cc3)[C@]1(C)Oc1ccccc12,0
ZINC02687304,DUD_gr_D_1256,COc1cccc2c1O[C@]1(C)NC(=S)N[C@H]2[C@@H]1C(=O)Nc1ccc(C)cc1C,0
ZINC02689229,DUD_gr_D_1257,COc1ccc(-c2cn(-c3ccc(C(C)C)cc3)c(=S)[nH]2)cc1OC,0
ZINC02691559,DUD_gr_D_1258,COc1cccc2c1Oc1nc(-c3ccc(C(C)C)cc3)[nH]c(=S)c1C2,0
ZINC02691561,DUD_gr_D_1259,CCc1ccc(-c2nc3c(c(=S)[nH]2)Cc2cccc(OC)c2O3)cc1,0
ZINC02691569,DUD_gr_D_1260,COc1cccc(-c2nc3c(c(=S)[nH]2)Cc2cc(C)ccc2O3)c1OC,0
ZINC02691575,DUD_gr_D_1261,COc1ccc(-c2nc3c(c(=S)[nH]2)Cc2cc(C)ccc2O3)cc1OC,0
ZINC02693956,DUD_gr_D_1262,CCOc1ccc(-c2nc3c(c(=S)[nH]2)Cc2cccc(C)c2O3)cc1,0
ZINC02693962,DUD_gr_D_1263,COc1ccc(-c2nc3c(c(=S)[nH]2)Cc2cccc(C)c2O3)cc1OC,0
ZINC02716043,DUD_gr_D_1264,CCc1ccc(-c2nc3c(c(=S)[nH]2)Cc2cc(C)ccc2O3)cc1,0
ZINC02722085,DUD_gr_D_1265,Cc1cc[n+]2c(NC(=O)C3CCCCC3)c(-c3ccc(F)cc3)[nH]c2c1,0
ZINC02737966,DUD_gr_D_1266,CCCc1cc(C(=O)Nc2nc(-c3ccc(C)cc3)c(C)s2)cs1,0
ZINC02738198,DUD_gr_D_1267,CCc1cc(C(=O)Nc2nc(-c3ccc(C)c(C)c3)c(C)s2)cs1,0
ZINC02743958,DUD_gr_D_1268,COc1ccc(CNC(=O)c2cnn3c2N[C@@H](C2CC2)C[C@H]3C(F)F)cc1,0
ZINC02743959,DUD_gr_D_1269,COc1ccc(CNC(=O)c2cnn3c2N[C@@H](C2CC2)C[C@H]3C(F)F)cc1,0
ZINC02748483,DUD_gr_D_1270,CC(C)(C)NC(=O)c1cc(-c2ccc(Br)cc2)nc2ccccc12,0
ZINC02750023,DUD_gr_D_1271,Cc1cccc(C(=O)Nc2c(C)nn(Cc3ccc(Cl)cc3)c2C)c1,0
ZINC02751953,DUD_gr_D_1272,Cc1ccc(NC(=O)c2cccc(Cn3nc(C)c(Br)c3C)c2)c(C)c1,0
ZINC02753678,DUD_gr_D_1273,CCCOc1ccccc1[C@H]1Nc2ccccc2NC2=CC(C)(C)CC(=O)[C@H]21,0
ZINC02755062,DUD_gr_D_1274,Cc1ccc(C)c(-c2nc(NC(=O)c3csc(C)c3)sc2C)c1,0
ZINC02763046,DUD_gr_D_1275,Cc1ccc2c(Cl)c(C(=O)N[C@H]3CCCc4ccccc43)sc2c1,0
ZINC02763047,DUD_gr_D_1276,Cc1ccc2c(Cl)c(C(=O)N[C@H]3CCCc4ccccc43)sc2c1,0
ZINC02764098,DUD_gr_D_1277,O=C(NC1C2CC3CC(C2)CC1C3)c1cccc(Cn2cc(Cl)cn2)c1,0
ZINC02764504,DUD_gr_D_1278,Cc1nn(Cc2c(F)cccc2Cl)c(C)c1NC(=O)[C@H]1C[C@H]1c1ccccc1,0
ZINC02764518,DUD_gr_D_1279,CCc1ccc(-c2cc(C(=O)NC3CC3)c3cc(Br)ccc3n2)cc1,0
ZINC02764693,DUD_gr_D_1280,Cc1c(-c2cccc(Cl)c2)nc2ccccc2c1C(=O)N1CCCCCC1,0
ZINC02765884,DUD_gr_D_1281,CCCNC(=O)c1cc(-c2ccc(C)c(C)c2)nc2ccc(Br)cc12,0
ZINC02769167,DUD_gr_D_1282,c1ccc(C2(CNc3ncnc4sc5c(c34)CCCCC5)CCOCC2)cc1,0
ZINC02769189,DUD_gr_D_1283,Cc1sc2ncnc(NCC3(c4ccccc4)CCCC3)c2c1C,0
ZINC02769320,DUD_gr_D_1284,c1ccc(C2(CNc3ncnc4sc5c(c34)CCCC5)CCOCC2)cc1,0
ZINC02777619,DUD_gr_D_1285,O=C(N[C@H]1CCCc2ccccc21)c1cnn2c(C(F)F)cc(C3CC3)nc12,0
ZINC02777620,DUD_gr_D_1286,O=C(N[C@@H]1CCCc2ccccc21)c1cnn2c(C(F)F)cc(C3CC3)nc12,0
ZINC02783363,DUD_gr_D_1287,COc1cc(NC(=S)N2CCN(c3ccccc3)CC2)cc(OC)c1,0
ZINC02784500,DUD_gr_D_1288,COc1cccc(N2CCN(C(=S)Nc3cc(C)ccc3C)CC2)c1,0
ZINC02784869,DUD_gr_D_1289,CCc1cc(C(=O)Nc2nc(-c3ccc(C)cc3)c(C)s2)cs1,0
ZINC02785966,DUD_gr_D_1290,Cc1nn(C)c(C(=O)N[C@H](C)c2cccc(-n3cccc3)c2)c1Cl,0
ZINC02791253,DUD_gr_D_1291,CCc1ccccc1-n1c(S)nnc1[C@H]1C[C@@H]1c1ccc(C)cc1,0
ZINC02791254,DUD_gr_D_1292,CCc1ccccc1-n1c(S)nnc1[C@H]1C[C@H]1c1ccc(C)cc1,0
ZINC02796565,DUD_gr_D_1293,Cc1ccc(C(=O)Nc2c(C)nn(Cc3cccc(Cl)c3)c2C)cc1,0
ZINC02798411,DUD_gr_D_1294,Cc1nn(C)cc1NC(=S)N1CCC(Cc2ccccc2)CC1,0
ZINC02803087,DUD_gr_D_1295,Cc1ccccc1Cn1nc(C)c(NC(=S)N2CCCCCC2)c1C,0
ZINC02808568,DUD_gr_D_1296,Cc1sc2ncn3nc(Cn4c5c(c6ccccc64)CCCC5)nc3c2c1C,0
ZINC02813102,DUD_gr_D_1297,C=C1NC(=O)N[C@H](c2ccc(Cl)cc2)[C@@H]1C(=O)Nc1cc(C)ccc1C,0
ZINC02815835,DUD_gr_D_1298,Cc1cc(C)cc(N2C(=O)/C(=C/c3cccn3C(C)(C)C)C(=O)NC2=S)c1,0
ZINC02818446,DUD_gr_D_1299,CSc1ccc(-c2nc(=O)c3c4c(sc3[nH]2)C[C@@H](C(C)(C)C)CC4)cc1,0
ZINC02818447,DUD_gr_D_1300,CSc1ccc(-c2nc(=O)c3c4c(sc3[nH]2)C[C@H](C(C)(C)C)CC4)cc1,0
ZINC02818642,DUD_gr_D_1301,CCOC(=O)C1=C(c2ccccc2)N=C(S)N[C@H]1c1ccc(C)cc1,0
ZINC02818920,DUD_gr_D_1302,C[C@@H]1CCCCN1c1c(-c2ccccc2)c2cc(Cl)ccc2[nH]c1=O,0
ZINC02827113,DUD_gr_D_1303,Cc1cc(OCC(=O)Nc2ccccc2N2CCCC2)ccc1Cl,0
ZINC02827778,DUD_gr_D_1304,CCc1ccccc1N1C(=O)/C(=C/c2cc(C)n(CC)c2C)C(=O)NC1=S,0
ZINC02846318,DUD_gr_D_1305,COc1ccc(C(=O)NC(=S)N2CCCc3ccccc32)cc1OC,0
ZINC02849158,DUD_gr_D_1306,C=C1NC(=S)N[C@@H](c2ccccc2F)[C@@H]1C(=O)Nc1cc(C)cc(C)c1,0
ZINC02850609,DUD_gr_D_1307,O=C(CC12C[C@@H]3C[C@@H](C1)CC(c1ccccc1)(C3)C2)Nc1nccs1,0
ZINC02852516,DUD_gr_D_1308,CC[C@@H](C)c1ccc(NC(=S)N2CCN(c3cccc[nH+]3)CC2)cc1,0
ZINC02852517,DUD_gr_D_1309,CC[C@@H](C)c1ccc(NC(=S)N2CCN(c3cccc[nH+]3)CC2)cc1,0
ZINC02852825,DUD_gr_D_1310,Cc1cc(C)cc(C(=O)NC(=S)Nc2ccc3c4c(cccc24)CC3)c1,0
ZINC02856095,DUD_gr_D_1311,Cc1cc(C)cc(C(=O)NC(=S)Nc2ccc(N3CCCC3)cc2)c1,0
ZINC02857852,DUD_gr_D_1312,COc1ccc(N2CCN(C(=S)NCc3ccc(C)cc3)CC2)cc1,0
ZINC02858372,DUD_gr_D_1313,CCOc1ccc(NC(=S)N2CCN(c3ccccc3F)CC2)cc1,0
ZINC02859400,DUD_gr_D_1314,O=C(NC(=S)Nc1ccc2c3c(cccc13)CC2)c1ccc2c(c1)OCO2,0
ZINC02860896,DUD_gr_D_1315,COc1c(C)cc(Br)cc1C(=O)Nc1ccc2c3c(cccc13)CC2,0
ZINC02867486,DUD_gr_D_1316,Cc1ccc2nc(-c3cccc(Br)c3)cc(C(=O)NC3CC3)c2c1,0
ZINC02867672,DUD_gr_D_1317,Cc1ccc(-c2cc(C(=O)NC3CC3)c3cc(Br)ccc3n2)cc1,0
ZINC02873530,DUD_gr_D_1318,COc1ccc(N2C(=O)/C(=C\c3ccc(C(C)C)cc3)C(=O)NC2=S)cc1,0
ZINC02873580,DUD_gr_D_1319,COc1ccccc1C(=O)NC(=S)Nc1cccc(Cl)c1N1CCCC1,0
ZINC02873776,DUD_gr_D_1320,CSc1ccc([C@@H]2c3cc4c(cc3NC3=CC(C)(C)CC(=O)[C@@H]32)OCCO4)cc1,0
ZINC02876799,DUD_gr_D_1321,Cc1ccc(Nc2nc(N3CCOCC3)c3ccccc3n2)cc1Cl,0
ZINC02877241,DUD_gr_D_1322,COc1cc2ccccc2cc1C(=O)Nc1cccc(Cl)c1N1CCCC1,0
ZINC02878141,DUD_gr_D_1323,COc1ccc([C@H]2Nc3c(OC)ccc(Cl)c3[C@H]3C=CC[C@@H]32)cc1[N+](=O)[O-],0
ZINC02881117,DUD_gr_D_1324,Cc1cc2c(cc1C)N[C@H](c1cccc(Cl)c1)[C@H]1C(=O)CC(C)(C)C=C1N2,0
ZINC02887485,DUD_gr_D_1325,CC1CCN(c2ccccc2NC(=O)c2cccc(I)c2)CC1,0
ZINC02888655,DUD_gr_D_1326,Cc1cccc(NC(=O)[C@@H](C)Sc2ncnc3sc4c(c23)CCCC4)c1C,0
ZINC02896090,DUD_gr_D_1327,COc1ccc(-n2sc3c(c2=S)-c2cc(OC)ccc2NC3(C)C)cc1,0
ZINC02900732,DUD_gr_D_1328,Cc1ccc(N2C(=S)N/C(=N\c3c(C)cccc3C)C23CCCC3)cc1,0
ZINC02904962,DUD_gr_D_1329,COc1ccc2c(c1)C1=C(CC2)[C@@H](c2ccc(Br)cc2)N(/C(C)=C/C(C)=O)N1,0
ZINC02915364,DUD_gr_D_1330,CCOc1ccc([C@H]2C[C@H](c3ccc(Cl)cc3)Nc3ncnn32)cc1OC,0
ZINC02919113,DUD_gr_D_1331,CC(C)c1ccc(C2=C[C@H](c3c(F)cccc3Cl)n3ncnc3N2)cc1,0
ZINC02919124,DUD_gr_D_1332,CC(C)c1ccc(C2=C[C@@H](c3ccc(Br)cc3)n3ncnc3N2)cc1,0
ZINC02919344,DUD_gr_D_1333,CC(C)c1ccc([C@H]2C[C@@H](c3c(F)cccc3Cl)n3ncnc3N2)cc1,0
ZINC02919348,DUD_gr_D_1334,CC(C)c1ccc([C@H]2C[C@H](c3c(F)cccc3Cl)n3ncnc3N2)cc1,0
ZINC02919359,DUD_gr_D_1335,CC(C)c1ccc(C2=C[C@H](c3ccccc3OC(F)F)n3ncnc3N2)cc1,0
ZINC02921916,DUD_gr_D_1336,CC(C)(C)c1ccc([C@@]2(O)C[N+](c3ccccc3)=C3SCCCN32)cc1,0
ZINC02921925,DUD_gr_D_1337,COc1ccc([C@@]2(O)[C@H](C)[N+](c3ccccc3)=C3SCCCN32)c(F)c1,0
ZINC02921926,DUD_gr_D_1338,COc1ccc([C@@]2(O)[C@@H](C)[N+](c3ccccc3)=C3SCCCN32)c(F)c1,0
ZINC02921927,DUD_gr_D_1339,COc1ccc([C@@]2(O)[C@H](C)[N+](c3ccccc3)=C3SCCCN32)c(F)c1,0
ZINC02921928,DUD_gr_D_1340,COc1ccc([C@]2(O)[C@H](C)[N+](c3ccccc3)=C3SCCCN32)c(F)c1,0
ZINC02921933,DUD_gr_D_1341,COc1ccc([N+]2=C3SCCCN3[C@](O)(c3ccc(Br)cc3)C2)cc1,0
ZINC02924073,DUD_gr_D_1342,Cc1nc(N2CCCCC2)c2c(C)c(C(=O)Nc3ccccc3F)sc2n1,0
ZINC02924210,DUD_gr_D_1343,Cc1c(C(=O)Nc2ccccc2F)sc2ncnc(N3CCCC[C@H]3C)c12,0
ZINC02924213,DUD_gr_D_1344,Cc1c(C(=O)Nc2ccccc2F)sc2ncnc(N3CCCC[C@@H]3C)c12,0
ZINC02926137,DUD_gr_D_1345,O=C(NC1CCCCCC1)c1ccc2c(c1)ncn2-c1ccc(F)cc1F,0
ZINC02926183,DUD_gr_D_1346,COc1ccc(Cl)cc1-n1cnc2cc(C(=O)NC3CCCC3)ccc21,0
ZINC02931509,DUD_gr_D_1347,C=c1[nH]n(-c2ccc(C)c(C)c2)c(=O)/c1=C/c1ccc(OC)c(Br)c1,0
ZINC02950430,DUD_gr_D_1348,Cc1onc(-c2ccccc2Cl)c1C(=O)NCC12CC3C[C@H](CC[C@@H](C3)C1)C2,0
ZINC02950432,DUD_gr_D_1349,Cc1onc(-c2ccccc2Cl)c1C(=O)NCC12CC3C[C@H](CC[C@@H](C3)C1)C2,0
ZINC02960335,DUD_gr_D_1350,CC(C)(C)c1ccc(C(=O)Nc2ccc(N3CCCC3)c(Cl)c2)cc1,0
ZINC02962915,DUD_gr_D_1351,COc1ccc2c(c1)[C@H]1NC(=S)N[C@@](C)(O2)[C@@H]1C(=O)Nc1ccc(C)cc1C,0
ZINC02962974,DUD_gr_D_1352,Cc1ccc(NC(=O)[C@H]2[C@H]3NC(=S)N[C@]2(C)Oc2ccc(C)cc23)c(C)c1,0
ZINC02963224,DUD_gr_D_1353,CCN1C(=S)N[C@@H]2c3ccccc3O[C@@]1(C)[C@@H]2C(=O)Nc1ccc(C)cc1C,0
ZINC02963320,DUD_gr_D_1354,CCc1ccc(N2C(=S)N[C@@H]3C[C@@]2(C)Oc2c(OC)cccc23)cc1,0
ZINC02963322,DUD_gr_D_1355,CCc1ccc(N2C(=S)N[C@@H]3C[C@]2(C)Oc2c(OC)cccc23)cc1,0
ZINC02963348,DUD_gr_D_1356,CCOc1ccc(N2C(=S)N[C@@H]3C[C@@]2(C)Oc2c(OC)cccc23)cc1,0
ZINC02963351,DUD_gr_D_1357,CCOc1ccc(N2C(=S)N[C@H]3C[C@]2(C)Oc2c(OC)cccc23)cc1,0
ZINC02963374,DUD_gr_D_1358,CCOc1cccc2c1O[C@]1(C)C[C@H]2NC(=S)N1c1ccccc1C,0
ZINC02963376,DUD_gr_D_1359,CCOc1cccc2c1O[C@@]1(C)C[C@@H]2NC(=S)N1c1ccccc1C,0
ZINC02963381,DUD_gr_D_1360,CCOc1cccc2c1O[C@@]1(C)C[C@H]2NC(=S)N1c1cccc(C)c1,0
ZINC02963383,DUD_gr_D_1361,CCOc1cccc2c1O[C@@]1(C)C[C@H]2NC(=S)N1c1cccc(C)c1,0
ZINC02963388,DUD_gr_D_1362,CCOc1cccc2c1O[C@@]1(C)C[C@@H]2NC(=S)N1c1ccc(C)cc1,0
ZINC02963389,DUD_gr_D_1363,CCOc1cccc2c1O[C@]1(C)C[C@H]2NC(=S)N1c1ccc(C)cc1,0
ZINC02963391,DUD_gr_D_1364,CCOc1cccc2c1O[C@@]1(C)C[C@H]2NC(=S)N1c1ccccc1OC,0
ZINC02963395,DUD_gr_D_1365,CCOc1cccc2c1O[C@@]1(C)C[C@H]2NC(=S)N1c1ccc(CC)cc1,0
ZINC02963397,DUD_gr_D_1366,CCOc1cccc2c1O[C@@]1(C)C[C@H]2NC(=S)N1c1ccc(CC)cc1,0
ZINC02963424,DUD_gr_D_1367,CCOc1ccc(N2C(=S)N[C@H]3C[C@]2(C)Oc2c(OCC)cccc23)cc1,0
ZINC02963706,DUD_gr_D_1368,CCOc1cccc2c1O[C@@]1(C)C[C@@H]2NC(=S)N1c1cccc(C)c1C,0
ZINC02963707,DUD_gr_D_1369,CCOc1cccc2c1O[C@@]1(C)C[C@@H]2NC(=S)N1c1cccc(C)c1C,0
ZINC02963709,DUD_gr_D_1370,CCOc1cccc2c1O[C@]1(C)C[C@@H]2NC(=S)N1c1c(C)cccc1C,0
ZINC02963710,DUD_gr_D_1371,CCOc1cccc2c1O[C@@]1(C)C[C@H]2NC(=S)N1c1c(C)cccc1C,0
ZINC02963713,DUD_gr_D_1372,CCOc1cccc2c1O[C@@]1(C)C[C@H]2NC(=S)N1c1cccc(SC)c1,0
ZINC02963714,DUD_gr_D_1373,CCOc1cccc2c1O[C@]1(C)C[C@@H]2NC(=S)N1c1cccc(SC)c1,0
ZINC02965851,DUD_gr_D_1374,COc1ccc([C@@]2(O)C[N+](c3cc(C)ccc3C)=C3SCCCN32)c(F)c1,0
ZINC02965853,DUD_gr_D_1375,COc1ccc([C@@]2(O)C[N+](c3cc(C)ccc3C)=C3SCCCN32)c(F)c1,0
ZINC02965855,DUD_gr_D_1376,Cc1ccc(C)c([N+]2=C3SCCCN3[C@@](O)(c3ccc4c(c3)OCCO4)C2)c1,0
ZINC02965856,DUD_gr_D_1377,Cc1ccc(C)c([N+]2=C3SCCCN3[C@](O)(c3ccc4c(c3)OCCO4)C2)c1,0
ZINC02965860,DUD_gr_D_1378,COc1ccc(OC)c([N+]2=C3SCCCN3[C@@](O)(c3ccc(C)cc3)C2)c1,0
ZINC02965863,DUD_gr_D_1379,COc1ccc(OC)c([N+]2=C3SCCCN3[C@@](O)(c3ccc(C)cc3)C2)c1,0
ZINC02965865,DUD_gr_D_1380,COc1ccc(OC)c([N+]2=C3SCCCN3[C@](O)(c3ccc(F)cc3)C2)c1,0
ZINC02965867,DUD_gr_D_1381,COc1ccc(OC)c([N+]2=C3SCCCN3[C@](O)(c3ccc(F)cc3)C2)c1,0
ZINC02965869,DUD_gr_D_1382,COc1ccc([C@@]2(O)C[N+](c3cc(OC)ccc3OC)=C3SCCCN32)cc1,0
ZINC02965872,DUD_gr_D_1383,COc1ccc(OC)c([N+]2=C3SCCCN3[C@](O)(c3ccccc3)C2)c1,0
ZINC02965873,DUD_gr_D_1384,COc1ccc(OC)c([N+]2=C3SCCCN3[C@@](O)(c3ccccc3)C2)c1,0
ZINC02965878,DUD_gr_D_1385,COc1ccc(OC)c([N+]2=C3SCCCN3[C@@](O)(c3ccc(Cl)cc3)C2)c1,0
ZINC02965880,DUD_gr_D_1386,COc1ccc(OC)c([N+]2=C3SCCCN3[C@](O)(c3ccc(Cl)cc3)C2)c1,0
ZINC02965898,DUD_gr_D_1387,COc1ccc([C@@]2(O)C[N+](c3cc(OC)ccc3OC)=C3SCCCN32)c(F)c1,0
ZINC02965902,DUD_gr_D_1388,COc1ccc(OC)c([N+]2=C3SCCCN3[C@](O)(c3cccs3)C2)c1,0
ZINC02965904,DUD_gr_D_1389,COc1ccc(OC)c([N+]2=C3SCCCN3[C@](O)(c3cccs3)C2)c1,0
ZINC02965905,DUD_gr_D_1390,CCc1ccc([N+]2=C3SCCCN3[C@](O)(c3ccc(F)cc3)C2)cc1,0
ZINC02965920,DUD_gr_D_1391,CCc1ccc([N+]2=C3SCCCN3[C@](O)(c3ccc(OC)cc3F)C2)cc1,0
ZINC02965923,DUD_gr_D_1392,CCc1ccc([N+]2=C3SCCCN3[C@](O)(c3ccc(OC)cc3F)C2)cc1,0
ZINC02965928,DUD_gr_D_1393,COc1ccc([N+]2=C3SCCCN3[C@@](O)(c3ccc(C)cc3)C2)cc1,0
ZINC02965931,DUD_gr_D_1394,COc1ccc([N+]2=C3SCCCN3[C@@](O)(c3ccc(C)cc3)C2)cc1,0
ZINC02965932,DUD_gr_D_1395,CCc1ccc([C@]2(O)C[N+](c3ccc(OC)cc3)=C3SCCCN32)cc1,0
ZINC02965934,DUD_gr_D_1396,CCc1ccc([C@@]2(O)C[N+](c3ccc(OC)cc3)=C3SCCCN32)cc1,0
ZINC02965935,DUD_gr_D_1397,COc1ccc([N+]2=C3SCCCN3[C@](O)(c3ccc(Cl)cc3)C2)cc1,0
ZINC02965938,DUD_gr_D_1398,COc1ccc([N+]2=C3SCCCN3[C@@](O)(c3ccc(Cl)cc3)C2)cc1,0
ZINC02965940,DUD_gr_D_1399,COc1ccc([N+]2=C3SCCCN3[C@](O)(c3ccc(OC(F)F)cc3)C2)cc1,0
ZINC02965954,DUD_gr_D_1400,COc1ccc([N+]2=C3SCCCN3[C@](O)(c3ccc(OC)c(OC)c3)C2)cc1,0
ZINC02965957,DUD_gr_D_1401,COc1ccc([N+]2=C3SCCCN3[C@](O)(c3ccc4c(c3)OCCO4)C2)cc1,0
ZINC02965959,DUD_gr_D_1402,COc1ccc([N+]2=C3SCCCN3[C@@](O)(c3ccc4c(c3)OCCO4)C2)cc1,0
ZINC02965960,DUD_gr_D_1403,CCOc1ccc([N+]2=C3SCCCN3[C@](O)(c3ccc(C)cc3)C2)cc1,0
ZINC02965963,DUD_gr_D_1404,CCOc1ccc([N+]2=C3SCCCN3[C@@](O)(c3ccc(C)cc3)C2)cc1,0
ZINC02965965,DUD_gr_D_1405,CCOc1ccc([N+]2=C3SCCCN3[C@@](O)(c3ccc(F)cc3)C2)cc1,0
ZINC02965967,DUD_gr_D_1406,CCOc1ccc([N+]2=C3SCCCN3[C@@](O)(c3ccc(F)cc3)C2)cc1,0
ZINC02965969,DUD_gr_D_1407,CCOc1ccc([N+]2=C3SCCCN3[C@@](O)(c3ccc(OC)cc3)C2)cc1,0
ZINC02965971,DUD_gr_D_1408,CCOc1ccc([N+]2=C3SCCCN3[C@@](O)(c3ccc(OC)cc3)C2)cc1,0
ZINC02965972,DUD_gr_D_1409,CCOc1ccc([N+]2=C3SCCCN3[C@@](O)(c3ccccc3)C2)cc1,0
ZINC02965975,DUD_gr_D_1410,CCOc1ccc([N+]2=C3SCCCN3[C@](O)(c3ccccc3)C2)cc1,0
ZINC02965977,DUD_gr_D_1411,CCOc1ccc([N+]2=C3SCCCN3[C@@](O)(c3ccc(Cl)cc3)C2)cc1,0
ZINC02965993,DUD_gr_D_1412,CCOc1ccc([N+]2=C3SCCCN3[C@](O)(c3ccc(OC)cc3F)C2)cc1,0
ZINC02965995,DUD_gr_D_1413,CCOc1ccc([N+]2=C3SCCCN3[C@@](O)(c3ccc(OC)cc3F)C2)cc1,0
ZINC02966003,DUD_gr_D_1414,COc1ccc([C@]2(O)C[N+](c3ccc(Cl)cc3)=C3SCCCN32)cc1,0
ZINC02966005,DUD_gr_D_1415,COc1ccc([C@@]2(O)C[N+](c3ccc(Cl)cc3)=C3SCCCN32)cc1,0
ZINC02966011,DUD_gr_D_1416,CCOc1ccc([C@@]2(O)C[N+](c3ccc(Cl)cc3)=C3SCCCN32)cc1,0
ZINC02966026,DUD_gr_D_1417,COc1ccc([C@@]2(O)C[N+](c3ccc(Cl)cc3)=C3SCCCN32)cc1OC,0
ZINC02966028,DUD_gr_D_1418,COc1ccc([C@@]2(O)C[N+](c3ccc(Cl)cc3)=C3SCCCN32)cc1OC,0
ZINC02966030,DUD_gr_D_1419,COc1ccc([C@]2(O)C[N+](c3ccc(Cl)cc3)=C3SCCCN32)c(F)c1,0
ZINC02966060,DUD_gr_D_1420,COc1ccc([C@@]2(O)C[N+](c3ccccc3C)=C3SCCCN32)cc1,0
ZINC02966062,DUD_gr_D_1421,COc1ccc([C@]2(O)C[N+](c3ccccc3C)=C3SCCCN32)cc1,0
ZINC02966072,DUD_gr_D_1422,CCOc1ccc([C@@]2(O)C[N+](c3ccccc3C)=C3SCCCN32)cc1,0
ZINC02966090,DUD_gr_D_1423,COc1ccc([C@@]2(O)C[N+](c3ccccc3C)=C3SCCCN32)cc1OC,0
ZINC02966092,DUD_gr_D_1424,COc1ccc([C@]2(O)C[N+](c3ccccc3C)=C3SCCCN32)cc1OC,0
ZINC02966095,DUD_gr_D_1425,Cc1ccccc1[N+]1=C2SCCCN2[C@@](O)(c2ccc3c(c2)OCCO3)C1,0
ZINC02966097,DUD_gr_D_1426,Cc1ccccc1[N+]1=C2SCCCN2[C@](O)(c2ccc3c(c2)OCCO3)C1,0
ZINC02966108,DUD_gr_D_1427,CCOc1ccc([C@@]2(O)C[N+](c3cccc(C)c3)=C3SCCCN32)cc1,0
ZINC02966109,DUD_gr_D_1428,CCOc1ccc([C@@]2(O)C[N+](c3cccc(C)c3)=C3SCCCN32)cc1,0
ZINC02966133,DUD_gr_D_1429,COc1ccc([C@]2(O)C[N+](c3cccc(C)c3)=C3SCCCN32)cc1OC,0
ZINC02966135,DUD_gr_D_1430,COc1ccc([C@@]2(O)C[N+](c3cccc(C)c3)=C3SCCCN32)cc1OC,0
ZINC02966137,DUD_gr_D_1431,COc1ccc([C@@]2(O)C[N+](c3cccc(C)c3)=C3SCCCN32)c(F)c1,0
ZINC02966138,DUD_gr_D_1432,COc1ccc([C@@]2(O)C[N+](c3cccc(C)c3)=C3SCCCN32)c(F)c1,0
ZINC02966140,DUD_gr_D_1433,Cc1cccc([N+]2=C3SCCCN3[C@](O)(c3ccc4c(c3)OCCO4)C2)c1,0
ZINC02966141,DUD_gr_D_1434,Cc1cccc([N+]2=C3SCCCN3[C@](O)(c3ccc4c(c3)OCCO4)C2)c1,0
ZINC02966171,DUD_gr_D_1435,COc1ccc([C@@]2(O)C[N+](c3ccc(Br)cc3)=C3CCCCN32)cc1,0
ZINC02966173,DUD_gr_D_1436,COc1ccc([C@@]2(O)C[N+](c3ccc(Br)cc3)=C3CCCCN32)cc1,0
ZINC02966232,DUD_gr_D_1437,COc1ccccc1[N+]1=C2CCCCN2[C@@](O)(c2ccc(Cl)cc2)C1,0
ZINC02966234,DUD_gr_D_1438,COc1ccccc1[N+]1=C2CCCCN2[C@@](O)(c2ccc(Cl)cc2)C1,0
ZINC02966235,DUD_gr_D_1439,COc1ccccc1[N+]1=C2CCCCN2[C@](O)(c2ccc(Br)cc2)C1,0
ZINC02966236,DUD_gr_D_1440,COc1ccccc1[N+]1=C2CCCCN2[C@@](O)(c2ccc(Br)cc2)C1,0
ZINC02966238,DUD_gr_D_1441,COc1ccccc1[N+]1=C2CCCCN2[C@@](O)(c2ccc(OC(F)F)cc2)C1,0
ZINC02966239,DUD_gr_D_1442,COc1ccccc1[N+]1=C2CCCCN2[C@](O)(c2ccc(OC(F)F)cc2)C1,0
ZINC02966240,DUD_gr_D_1443,COc1ccccc1[N+]1=C2CCCCN2[C@@](O)(c2ccc3c(c2)OCCO3)C1,0
ZINC02966242,DUD_gr_D_1444,COc1ccccc1[N+]1=C2CCCCN2[C@](O)(c2ccc3c(c2)OCCO3)C1,0
ZINC02966333,DUD_gr_D_1445,COc1ccc([N+]2=C3CCCCN3[C@@](O)(c3ccc(Cl)cc3)C2)cc1,0
ZINC02966335,DUD_gr_D_1446,COc1ccc([N+]2=C3CCCCN3[C@](O)(c3ccc(Cl)cc3)C2)cc1,0
ZINC02966337,DUD_gr_D_1447,COc1ccc([N+]2=C3CCCCN3[C@@](O)(c3ccc(Br)cc3)C2)cc1,0
ZINC02966340,DUD_gr_D_1448,COc1ccc([N+]2=C3CCCCN3[C@@](O)(c3ccc(Br)cc3)C2)cc1,0
ZINC02966342,DUD_gr_D_1449,COc1ccc([N+]2=C3CCCCN3[C@](O)(c3ccc(OC(F)F)cc3)C2)cc1,0
ZINC02966346,DUD_gr_D_1450,COc1ccc([N+]2=C3CCCCN3[C@@](O)(c3ccc(OC(F)F)cc3)C2)cc1,0
ZINC02966360,DUD_gr_D_1451,COc1ccc([N+]2=C3CCCCN3[C@](O)(c3ccc(OC)cc3F)C2)cc1,0
ZINC02966362,DUD_gr_D_1452,COc1ccc([N+]2=C3CCCCN3[C@@](O)(c3ccc(OC)cc3F)C2)cc1,0
ZINC02966364,DUD_gr_D_1453,COc1ccc([N+]2=C3CCCCN3[C@](O)(c3ccc4c(c3)OCCO4)C2)cc1,0
ZINC02966367,DUD_gr_D_1454,COc1ccc([N+]2=C3CCCCN3[C@@](O)(c3ccc4c(c3)OCCO4)C2)cc1,0
ZINC02966369,DUD_gr_D_1455,CCOc1ccc([N+]2=C3CCCCN3[C@@](O)(c3ccc(F)cc3)C2)cc1,0
ZINC02966371,DUD_gr_D_1456,CCOc1ccc([N+]2=C3CCCCN3[C@@](O)(c3ccc(F)cc3)C2)cc1,0
ZINC02966387,DUD_gr_D_1457,CCOc1ccc([N+]2=C3CCCCN3[C@](O)(c3ccc(Cl)cc3)C2)cc1,0
ZINC02966389,DUD_gr_D_1458,CCOc1ccc([N+]2=C3CCCCN3[C@](O)(c3ccc(Cl)cc3)C2)cc1,0
ZINC02966401,DUD_gr_D_1459,CCOc1ccc([N+]2=C3CCCCN3[C@@](O)(c3cccs3)C2)cc1,0
ZINC02966413,DUD_gr_D_1460,COc1ccc([C@]2(O)C[N+](c3ccc(Cl)cc3)=C3CCCCN32)cc1,0
ZINC02966414,DUD_gr_D_1461,COc1ccc([C@@]2(O)C[N+](c3ccc(Cl)cc3)=C3CCCCN32)cc1,0
ZINC02966422,DUD_gr_D_1462,COc1ccc([C@@]2(O)C[N+](c3ccc(Cl)cc3)=C3CCCCN32)cc1OC,0
ZINC02966424,DUD_gr_D_1463,COc1ccc([C@]2(O)C[N+](c3ccc(Cl)cc3)=C3CCCCN32)cc1OC,0
ZINC02966426,DUD_gr_D_1464,O[C@]1(c2ccc3c(c2)OCCO3)C[N+](c2ccc(Cl)cc2)=C2CCCCN21,0
ZINC02966427,DUD_gr_D_1465,O[C@]1(c2ccc3c(c2)OCCO3)C[N+](c2ccc(Cl)cc2)=C2CCCCN21,0
ZINC02966497,DUD_gr_D_1466,COc1ccc([C@]2(O)C[N+](c3ccccc3)=C3CCCCCN32)cc1OC,0
ZINC02966498,DUD_gr_D_1467,COc1ccc([C@@]2(O)C[N+](c3ccccc3)=C3CCCCCN32)cc1OC,0
ZINC02966502,DUD_gr_D_1468,COc1ccc([C@@]2(O)C[N+](c3ccccc3)=C3CCCCCN32)c(F)c1,0
ZINC02970073,DUD_gr_D_1469,O=C(Nc1ccc2oc(-c3ccc(Cl)cc3)nc2c1)C1CCCCC1,0
ZINC02974254,DUD_gr_D_1470,COc1cc2[nH]c(=S)n([C@H]3CCCc4ccccc43)c(=O)c2cc1OC,0
ZINC02974260,DUD_gr_D_1471,COc1cc2[nH]c(=S)n([C@H]3CCCc4ccccc43)c(=O)c2cc1OC,0
ZINC02974492,DUD_gr_D_1472,COc1ccccc1[N+]1=C2CCCCCN2[C@@](O)(c2ccc(F)cc2)C1,0
ZINC02974493,DUD_gr_D_1473,COc1ccccc1[N+]1=C2CCCCCN2[C@](O)(c2ccc(F)cc2)C1,0
ZINC02974500,DUD_gr_D_1474,COc1ccccc1[N+]1=C2CCCCCN2[C@@](O)(c2ccc3c(c2)OCCO3)C1,0
ZINC02974530,DUD_gr_D_1475,COc1ccc(OC)c([N+]2=C3CCCCCN3[C@@](O)(c3ccc(F)cc3)C2)c1,0
ZINC02974536,DUD_gr_D_1476,COc1ccc(OC)c([N+]2=C3CCCCCN3[C@](O)(c3ccccc3)C2)c1,0
ZINC02974543,DUD_gr_D_1477,COc1ccc(OC)c([N+]2=C3CCCCCN3[C@](O)(c3ccc(Cl)cc3)C2)c1,0
ZINC02974561,DUD_gr_D_1478,COc1ccc(OC)c([N+]2=C3CCCCCN3[C@](O)(c3cccs3)C2)c1,0
ZINC02974564,DUD_gr_D_1479,COc1ccc(OC)c([N+]2=C3CCCCCN3[C@@](O)(c3cccs3)C2)c1,0
ZINC02974577,DUD_gr_D_1480,COc1ccc([N+]2=C3CCCCCN3[C@@](O)(c3ccc(F)cc3)C2)cc1,0
ZINC02974579,DUD_gr_D_1481,COc1ccc([N+]2=C3CCCCCN3[C@@](O)(c3ccc(F)cc3)C2)cc1,0
ZINC02974581,DUD_gr_D_1482,COc1ccc([N+]2=C3CCCCCN3[C@@](O)(c3ccc(OC)cc3)C2)cc1,0
ZINC02974582,DUD_gr_D_1483,COc1ccc([N+]2=C3CCCCCN3[C@@](O)(c3ccc(OC)cc3)C2)cc1,0
ZINC02974589,DUD_gr_D_1484,COc1ccc([N+]2=C3CCCCCN3[C@@](O)(c3ccc(OC(F)F)cc3)C2)cc1,0
ZINC02974590,DUD_gr_D_1485,COc1ccc([N+]2=C3CCCCCN3[C@@](O)(c3ccc(OC(F)F)cc3)C2)cc1,0
ZINC02974599,DUD_gr_D_1486,COc1ccc([N+]2=C3CCCCCN3[C@](O)(c3ccc(OC)cc3F)C2)cc1,0
ZINC02974600,DUD_gr_D_1487,COc1ccc([N+]2=C3CCCCCN3[C@](O)(c3ccc(OC)cc3F)C2)cc1,0
ZINC02974616,DUD_gr_D_1488,CCOc1ccc([N+]2=C3CCCCCN3[C@@](O)(c3cccs3)C2)cc1,0
ZINC02974618,DUD_gr_D_1489,CCOc1ccc([N+]2=C3CCCCCN3[C@@](O)(c3cccs3)C2)cc1,0
ZINC02974637,DUD_gr_D_1490,Cc1ccccc1[N+]1=C2CCCCCN2[C@](O)(c2ccc3c(c2)OCCO3)C1,0
ZINC02978346,DUD_gr_D_1491,CCSc1nnc2c(n1)O[C@@H](c1c(C)cc(C)cc1C)Nc1ccccc1-2,0
ZINC02979146,DUD_gr_D_1492,Cc1ccc(C(=O)NC(=S)Nc2ccc(N3CCOCC3)cc2)cc1C,0
ZINC02982339,DUD_gr_D_1493,Cc1ccc(C(=O)NC(=S)Nc2ccc3c4c(cccc24)CC3)cc1C,0
ZINC02987405,DUD_gr_D_1494,CCN(CC)c1ccc([C@@H]2NN=C(c3ccc(C)cc3)S2)cc1,0
ZINC02987406,DUD_gr_D_1495,CCN(CC)c1ccc([C@H]2NN=C(c3ccc(C)cc3)S2)cc1,0
ZINC02998870,DUD_gr_D_1496,C=C1NC(=S)N[C@@H](c2ccccc2C)[C@@H]1C(=O)Nc1ccc(C)cc1,0
ZINC02998871,DUD_gr_D_1497,C=C1NC(=S)N[C@@H](c2ccccc2C)[C@@H]1C(=O)Nc1ccc(C)cc1,0
ZINC03002799,DUD_gr_D_1498,Cc1ccc(NC(=S)NC(=O)c2ccc(C(C)(C)C)cc2)cc1C,0
ZINC03008139,DUD_gr_D_1499,Cc1cc(C)cc(C(=O)Nc2c3c(nn2-c2ccc(F)cc2)CSC3)c1,0
ZINC03008305,DUD_gr_D_1500,Cc1ccccc1C(=O)Nc1c2c(nn1-c1cccc(C)c1C)CSC2,0
ZINC03008306,DUD_gr_D_1501,Cc1cccc(C(=O)Nc2c3c(nn2-c2cccc(C)c2C)CSC3)c1,0
ZINC03008307,DUD_gr_D_1502,Cc1ccc(C(=O)Nc2c3c(nn2-c2cccc(C)c2C)CSC3)cc1,0
ZINC03008315,DUD_gr_D_1503,Cc1cccc(-n2nc3c(c2NC(=O)c2ccccc2F)CSC3)c1C,0
ZINC03008319,DUD_gr_D_1504,COc1cccc(C(=O)Nc2c3c(nn2-c2cccc(C)c2C)CSC3)c1,0
ZINC03008320,DUD_gr_D_1505,COc1ccc(C(=O)Nc2c3c(nn2-c2cccc(C)c2C)CSC3)cc1,0
ZINC03008332,DUD_gr_D_1506,Cc1ccc(C(=O)Nc2c3c(nn2-c2cccc(C)c2C)CSC3)cc1C,0
ZINC03008342,DUD_gr_D_1507,Cc1cc(C)cc(C(=O)Nc2c3c(nn2-c2cccc(C)c2C)CSC3)c1,0
ZINC03025688,DUD_gr_D_1508,Cc1ccc(-n2cnc3cc(C(=O)NC4CCCC4)ccc32)cc1Cl,0
ZINC03025700,DUD_gr_D_1509,Cc1ccc(-n2cnc3cc(C(=O)NC4CCCCCC4)ccc32)cc1Cl,0
ZINC03030924,DUD_gr_D_1510,Cc1ccc(Cn2c(C(=O)Nc3ccc(F)cc3C)cc3oc(C)cc32)cc1,0
ZINC03038535,DUD_gr_D_1511,COC(=O)c1cnn2c(NC3CCC(C)CC3)c(-c3ccc(Cl)cc3)[nH]c12,0
ZINC03039540,DUD_gr_D_1512,COC(=O)c1cnn2c(NC3CCCC3)c(-c3cccc(Br)c3)[nH]c12,0
ZINC03039579,DUD_gr_D_1513,COC(=O)c1cnn2c(NC3CCCCCC3)c(-c3ccc(Cl)cc3)[nH]c12,0
ZINC03039584,DUD_gr_D_1514,COC(=O)c1cnn2c(NC3CCCCCC3)c(-c3ccc(F)cc3)[nH]c12,0
ZINC03039746,DUD_gr_D_1515,COC(=O)c1cnn2c(NC3CCCCC3)c(-c3cccc(Br)c3)[nH]c12,0
ZINC03039753,DUD_gr_D_1516,COC(=O)c1cnn2c(NC3CCCCC3)c(-c3ccc(F)cc3)[nH]c12,0
ZINC03058671,DUD_gr_D_1517,CCC1=C[C@](O)(c2ccc(C)cc2)N(C(=O)c2ccc(Cl)cc2)N1,0
ZINC03087669,DUD_gr_D_1518,Cc1cccc(C)c1/N=C1\NC(=S)N(Cc2ccccc2)C12CCCC2,0
ZINC03092953,DUD_gr_D_1519,COc1ccc([N+]2=C3CCCCN3[C@H](C)[C@@]2(O)c2ccc(Cl)cc2)cc1,0
ZINC03092954,DUD_gr_D_1520,COc1ccc([N+]2=C3CCCCN3[C@@H](C)[C@@]2(O)c2ccc(Cl)cc2)cc1,0
ZINC03092955,DUD_gr_D_1521,COc1ccc([N+]2=C3CCCCN3[C@H](C)[C@]2(O)c2ccc(Cl)cc2)cc1,0
ZINC03092956,DUD_gr_D_1522,COc1ccc([N+]2=C3CCCCN3[C@@H](C)[C@]2(O)c2ccc(Cl)cc2)cc1,0
ZINC03104150,DUD_gr_D_1523,COc1ccc([N+]2=C3CCCCCN3C[C@]2(O)c2ccc(OC(F)F)cc2)cc1,0
ZINC03107010,DUD_gr_D_1524,Cc1cccc(N2CCc3c2nc2ccccc2c3NC(=O)CCl)c1,0
ZINC03131997,DUD_gr_D_1525,COc1cc2c(cc1C)C(NOC(=O)c1ccccc1I)=CCC2,0
ZINC03139009,DUD_gr_D_1526,C=C1NC(=S)N[C@@H](c2c(O)ccc3ccccc23)[C@H]1C(=O)OC(C)C,0
ZINC03165014,DUD_gr_D_1527,CCOc1ccc([N+]2=C3CCCN3C[C@]2(O)c2ccc(Cl)cc2)cc1,0
ZINC03165016,DUD_gr_D_1528,CCOc1ccc([N+]2=C3CCCN3C[C@]2(O)c2ccc(Cl)cc2)cc1,0
ZINC03165222,DUD_gr_D_1529,COc1ccc([C@@]2(O)C[N+](Cc3ccc(Br)cc3)=C3CCCCN32)cc1,0
ZINC03165224,DUD_gr_D_1530,COc1ccc([C@@]2(O)C[N+](Cc3ccc(Br)cc3)=C3CCCCN32)cc1,0
ZINC03166688,DUD_gr_D_1531,Cc1ccc(C(=O)NCSc2ncnc3sc4c(c23)CCCC4)cc1,0
ZINC03169954,DUD_gr_D_1532,Cc1c(C)c(C)c(C(=O)c2ccccc2C(=O)Nc2c(F)cccc2F)c(C)c1C,0
ZINC03171449,DUD_gr_D_1533,O=C(C[n+]1cccc2c3c([nH]c21)CCCC3)c1ccc(Br)cc1,0
ZINC03173510,DUD_gr_D_1534,Cc1ccc(C23C[C@@H]4C[C@H](CC(C(=O)Nc5nccs5)(C4)C2)C3)cc1,0
ZINC03177307,DUD_gr_D_1535,S=[P@]1(OCCCl)C2=C([NH+]3CCCC3)CCC=C2NN1c1ccccc1,0
ZINC03177458,DUD_gr_D_1536,CC(C)O[P@@]1(=S)C2=C([NH+]3CCCC3)CCC=C2NN1c1ccccc1,0
ZINC03177459,DUD_gr_D_1537,CC(C)O[P@@]1(=S)C2=C([NH+]3CCCC3)CCC=C2NN1c1ccccc1,0
ZINC03177778,DUD_gr_D_1538,CCO[P@@]1(=S)C2=C([NH+]3CCOCC3)CC(C)(C)C=C2NN1c1ccccc1,0
ZINC03177780,DUD_gr_D_1539,CCO[P@]1(=S)C2=C([NH+]3CCOCC3)CC(C)(C)C=C2NN1c1ccccc1,0
ZINC03178860,DUD_gr_D_1540,CC[N@+]1(C)CC[C@H]2[C@H](C1)c1cc(C)ccc1N2C(=O)c1ccccc1Cl,0
ZINC03183031,DUD_gr_D_1541,CC(=O)N1NC2=C(CCC/C2=C\c2ccc(F)cc2)[C@@H]1c1ccc(F)cc1,0
ZINC03184895,DUD_gr_D_1542,CN(C)[P@]1(=S)C2=C([NH+]3CCCCC3)CC(C)(C)C=C2NN1c1ccccc1,0
ZINC03201551,DUD_gr_D_1543,CC1=CC2(C[C@H](c3ccccc3)[C@@H]1NC(=O)OC(C)(C)C)SCCS2,0
ZINC03203065,DUD_gr_D_1544,Cc1ccc(C23C[C@H]4C[C@@H](CC(C(=O)Nc5ccc(OC(F)F)cc5)(C4)C2)C3)cc1,0
ZINC03203836,DUD_gr_D_1545,COc1cccc(/N=c2/ssc3c2-c2cc(OC)ccc2NC3(C)C)c1,0
ZINC03213287,DUD_gr_D_1546,C[C@H](NC(=O)c1cc(-c2cccs2)nc2ccccc12)[C@@H]1C[C@@H]2CC[C@H]1C2,0
ZINC03214818,DUD_gr_D_1547,C=c1[nH]n(-c2ccc(Cl)cc2)c(=O)/c1=C\c1cc(C)n(C2CC2)c1C,0
ZINC03218921,DUD_gr_D_1548,Cc1ccc(NC(=O)c2c3c(nc4ccccc24)CCCC3)cc1Cl,0
ZINC03221605,DUD_gr_D_1549,C[C@H]1CCc2c(C(=O)Nc3nc(-c4ccccc4)cs3)csc2C1,0
ZINC03223741,DUD_gr_D_1550,Cc1ccc2sc(-c3ccc(NC4=NCCCS4)cc3)nc2c1,0
ZINC03225955,DUD_gr_D_1551,CCC[C@@H]1c2c(C)nn(-c3ccc(F)cc3)c2NC2=CC(C)(C)CC(=O)[C@@H]21,0
ZINC03225956,DUD_gr_D_1552,CCC[C@H]1c2c(C)nn(-c3ccc(F)cc3)c2NC2=CC(C)(C)CC(=O)[C@@H]21,0
ZINC03226345,DUD_gr_D_1553,Cc1nn(C(C)(C)C)c2c1[C@H](c1ccc(Cl)cc1)[C@H]1C(=O)CCC=C1N2,0
ZINC03226592,DUD_gr_D_1554,O=C(CSC1=NC2=C(CCCC2)C2(CCCCC2)N1)c1ccccc1,0
ZINC03227151,DUD_gr_D_1555,COc1ccc(C)cc1[N+]1=C2SCCCN2C[C@@]1(O)c1ccc(Cl)cc1,0
ZINC03227152,DUD_gr_D_1556,COc1ccc(C)cc1[N+]1=C2SCCCN2C[C@@]1(O)c1ccc(Cl)cc1,0
ZINC03234094,DUD_gr_D_1557,COc1ccc(NC(=S)N(C)[C@]2(c3ccccc3Cl)CCCCC2=O)cc1,0
ZINC03236033,DUD_gr_D_1558,COc1ccc(OC)c(NC(=O)C2(c3ccc(Cl)cc3)CCCC2)c1,0
ZINC03236224,DUD_gr_D_1559,COc1cc(Cl)c(C)cc1NC(=O)c1ccc(-n2nc(C)cc2C)cc1,0
ZINC03236319,DUD_gr_D_1560,CC(C)(Oc1ccc(Cl)cc1)C(=O)Nc1ccccc1N1CCCCC1,0
ZINC03236341,DUD_gr_D_1561,Cc1cc(C)n(-c2ccc(C(=O)Nc3cc(Cl)ccc3C)cc2)n1,0
ZINC03236390,DUD_gr_D_1562,Cc1ccc(NC(=O)c2ccc(-n3nc(C)cc3C)cc2)c(Cl)c1,0
ZINC03238959,DUD_gr_D_1563,Cc1c(Cl)cccc1NC(=O)COC(=O)C1(c2ccccc2F)CCCC1,0
ZINC03241476,DUD_gr_D_1564,CSc1ccc([C@H]2c3c(C)nn(C(C)(C)C)c3NC3=CCCC(=O)[C@H]32)cc1,0
ZINC03250134,DUD_gr_D_1565,Cc1ccccc1NC(=S)N(C)[C@@]1(c2ccccc2Cl)CCCCC1=O,0
ZINC03250136,DUD_gr_D_1566,Cc1ccccc1NC(=S)N(C)[C@]1(c2ccccc2Cl)CCCCC1=O,0
ZINC03251964,DUD_gr_D_1567,O[C@]1(c2ccc3c(c2)OCCO3)C[N+](c2ccccc2)=C2SCCCN21,0
ZINC03251966,DUD_gr_D_1568,O[C@]1(c2ccc3c(c2)OCCO3)C[N+](c2ccccc2)=C2SCCCN21,0
ZINC03252103,DUD_gr_D_1569,CC(=O)Nc1ccc(-c2cn3c4ccc(F)c(F)c4n4c3c2CCCC4)cc1,0
ZINC03256377,DUD_gr_D_1570,Cc1nn(-c2ccc(F)cc2)c2sc(C(=O)N[C@@H]3CCCC[C@@H]3C)cc12,0
ZINC03256379,DUD_gr_D_1571,Cc1nn(-c2ccc(F)cc2)c2sc(C(=O)N[C@H]3CCCC[C@@H]3C)cc12,0
ZINC03256381,DUD_gr_D_1572,Cc1nn(-c2ccc(F)cc2)c2sc(C(=O)N[C@@H]3CCCC[C@@H]3C)cc12,0
ZINC03256382,DUD_gr_D_1573,Cc1nn(-c2ccc(F)cc2)c2sc(C(=O)N[C@H]3CCCC[C@H]3C)cc12,0
ZINC03257397,DUD_gr_D_1574,Cc1ccccc1C(=O)NC(=S)Nc1ccc(N2CCOCC2)cc1,0
ZINC03259404,DUD_gr_D_1575,Cc1ccc2nc(-c3ccc(NC4=NCCCS4)cc3)sc2c1,0
ZINC03261940,DUD_gr_D_1576,C=C1NC(=S)N[C@@H](c2ccccc2)[C@H]1C(=O)Nc1ccc(C)cc1C,0
ZINC03261944,DUD_gr_D_1577,C=C1NC(=S)N[C@@H](c2ccccc2)[C@@H]1C(=O)Nc1ccc(C)cc1C,0
ZINC03265300,DUD_gr_D_1578,Cc1cccc(C)c1NC(=O)COC(=O)C1(c2ccc(F)cc2)CCCC1,0
ZINC03265867,DUD_gr_D_1579,COc1ccc([C@@]2(O)C[N+](c3ccccc3)=C3SCCN32)cc1OC,0
ZINC03265869,DUD_gr_D_1580,COc1ccc([C@]2(O)C[N+](c3ccccc3)=C3SCCN32)cc1OC,0
ZINC03266683,DUD_gr_D_1581,C=C1NC(=S)N[C@H](c2ccccc2F)[C@@H]1C(=O)Nc1ccc(C)c(C)c1,0
ZINC03268527,DUD_gr_D_1582,COc1ccc(-c2c(-c3csc(C)n3)c(C)nn2-c2ccccc2C)c(O)c1,0
ZINC03276408,DUD_gr_D_1583,COc1ccc2c(c1)CCC[C@]21NC(=O)N(Cc2c(F)cccc2Cl)C1=O,0
ZINC03277857,DUD_gr_D_1584,Cc1nc(N2CCN(c3ccccc3O)CC2)c2c3c(sc2n1)CCCC3,0
ZINC03281264,DUD_gr_D_1585,COc1cccc(C(=O)NC(=S)N2c3ccccc3C[C@@H]2C)c1OC,0
ZINC03281265,DUD_gr_D_1586,COc1cccc(C(=O)NC(=S)N2c3ccccc3C[C@@H]2C)c1OC,0
ZINC03284216,DUD_gr_D_1587,Cc1nc(Nc2ccc3c(c2)OCCO3)c2c3c(sc2n1)C[C@H](C)CC3,0
ZINC03287225,DUD_gr_D_1588,Cc1cccc(NC(=S)N(C)[C@]2(c3ccccc3Cl)CCCCC2=O)c1,0
ZINC03287228,DUD_gr_D_1589,Cc1cccc(NC(=S)N(C)[C@]2(c3ccccc3Cl)CCCCC2=O)c1,0
ZINC03287992,DUD_gr_D_1590,CCc1ccc(NC(=S)N(C)[C@]2(c3ccccc3Cl)CCCCC2=O)cc1,0
ZINC03287994,DUD_gr_D_1591,CCc1ccc(NC(=S)N(C)[C@@]2(c3ccccc3Cl)CCCCC2=O)cc1,0
ZINC03290509,DUD_gr_D_1592,COc1ccc(-c2nc(NC(=O)c3cc4c(s3)CCCC4)sc2C)cc1,0
ZINC03293259,DUD_gr_D_1593,CCN(C(=S)NC(=O)C1CCCCC1)c1cccc2ccccc12,0
ZINC03305142,DUD_gr_D_1594,O=C(CC12C[C@H]3C[C@@H](CC(Br)(C3)C1)C2)Nc1nc2ccccc2s1,0
ZINC03305400,DUD_gr_D_1595,CCOC(=O)Nc1nc(-c2ccc(C)cc2)c(-c2ccc(C)cc2)s1,0
ZINC03306406,DUD_gr_D_1596,Cc1ccc(NC(=O)Cc2coc3cc(C)c(C(C)C)cc23)c(Br)c1,0
ZINC03314288,DUD_gr_D_1597,C=C1NC(=O)N[C@H](c2c(F)cccc2Cl)[C@H]1C(=O)Nc1ccc(C)cc1C,0
ZINC03314291,DUD_gr_D_1598,C=C1NC(=O)N[C@@H](c2c(F)cccc2Cl)[C@H]1C(=O)Nc1ccc(C)cc1C,0
ZINC03314334,DUD_gr_D_1599,Cc1ccc(NC(=O)c2ccc(-n3nc(C)cc3C)cc2)c(Br)c1,0
ZINC03323205,DUD_gr_D_1600,CCc1sc(C(=O)Nc2cc(Cl)ccc2N2CCCCC2)cc1C,0
ZINC03323251,DUD_gr_D_1601,Cc1cc(C)c2nc(NC(=O)Cc3coc4cc(C)c(C)cc34)sc2c1,0
ZINC03323575,DUD_gr_D_1602,CC(C)(C)c1ccc([C@]2(C)NC(=O)N(Cc3ccccc3F)C2=O)cc1,0
ZINC03324469,DUD_gr_D_1603,COCCNc1nc(-c2cc(C)n(-c3ccccc3F)c2C)cs1,0
ZINC03324574,DUD_gr_D_1604,Cc1ccc(C)c(OCCN2C(=O)N[C@@]3(CCCc4sccc43)C2=O)c1,0
ZINC03328486,DUD_gr_D_1605,C=C1NC(=S)N[C@@H](c2ccc(C)o2)[C@H]1C(=O)Nc1ccccc1OC,0
ZINC03328487,DUD_gr_D_1606,C=C1NC(=S)N[C@H](c2ccc(C)o2)[C@@H]1C(=O)Nc1ccccc1OC,0
ZINC03331101,DUD_gr_D_1607,CC1(C)C[C@H]2C[C@](C)(CN2C(=S)Nc2ccc(Oc3ccccc3)cc2)C1,0
ZINC03331885,DUD_gr_D_1608,O=C(Nc1ccccc1N1CCCCC1)c1ccc(OC(F)F)cc1,0
ZINC03331971,DUD_gr_D_1609,Cc1cc(NC(=O)COc2cccc3c2OC(C)(C)C3)ccc1Br,0
ZINC03337396,DUD_gr_D_1610,Cc1cc(C)c(-c2cc(NC(=O)CCl)n(-c3ccccc3)n2)cc1C,0
ZINC03340453,DUD_gr_D_1611,Cc1ccc(C)c(-c2nc(NC(=O)Cc3ccccc3)sc2C)c1,0
ZINC03342293,DUD_gr_D_1612,Cc1nc(NC[C@@H]2COc3ccccc3O2)c2c3c(sc2n1)C[C@H](C)CC3,0
ZINC03342294,DUD_gr_D_1613,Cc1nc(NC[C@@H]2COc3ccccc3O2)c2c3c(sc2n1)C[C@@H](C)CC3,0
ZINC03342295,DUD_gr_D_1614,Cc1nc(NC[C@H]2COc3ccccc3O2)c2c3c(sc2n1)C[C@@H](C)CC3,0
ZINC03342297,DUD_gr_D_1615,Cc1nc(NC[C@H]2COc3ccccc3O2)c2c3c(sc2n1)C[C@@H](C)CC3,0
ZINC03342400,DUD_gr_D_1616,C[C@H]1CCc2c(sc3ncnc(NC[C@H]4COc5ccccc5O4)c23)C1,0
ZINC03342402,DUD_gr_D_1617,C[C@@H]1CCc2c(sc3ncnc(NC[C@H]4COc5ccccc5O4)c23)C1,0
ZINC03342403,DUD_gr_D_1618,C[C@@H]1CCc2c(sc3ncnc(NC[C@@H]4COc5ccccc5O4)c23)C1,0
ZINC03342405,DUD_gr_D_1619,C[C@H]1CCc2c(sc3ncnc(NC[C@H]4COc5ccccc5O4)c23)C1,0
ZINC03344357,DUD_gr_D_1620,Cc1nn(-c2ccccc2)c(Cl)c1C(=O)Nc1ccc2c(c1)CCC2,0
ZINC03345185,DUD_gr_D_1621,Cc1nn(Cc2ccccc2)c(Cl)c1C(=O)N[C@@H]1C[C@@H]2CC[C@@]1(C)C2(C)C,0
ZINC03351255,DUD_gr_D_1622,C[C@H]1CCc2[nH]c3ccc(C(=O)N(C)Cc4cccs4)cc3c2C1,0
ZINC03351257,DUD_gr_D_1623,C[C@H]1CCc2[nH]c3ccc(C(=O)N(C)Cc4cccs4)cc3c2C1,0
ZINC03355127,DUD_gr_D_1624,CCNC(=S)N1CCc2cc(OC)c(OC)cc2[C@@H]1c1ccccc1,0
ZINC03355129,DUD_gr_D_1625,CCNC(=S)N1CCc2cc(OC)c(OC)cc2[C@H]1c1ccccc1,0
ZINC03356513,DUD_gr_D_1626,Cc1ccsc1C(=O)Nc1cc(C(C)(C)C)nn1-c1ccccc1,0
ZINC03356568,DUD_gr_D_1627,Cc1ccc(F)cc1NC(=O)c1ccc(-n2nc(C)c(Cl)c2C)cc1,0
ZINC03358652,DUD_gr_D_1628,Cc1c(C)c(C)c(C(=O)Nc2nc(-c3cccs3)cs2)c(C)c1C,0
ZINC03359620,DUD_gr_D_1629,Cc1ccc(-n2c(C)cc(-c3csc(NC(=O)C(C)C)n3)c2C)cc1,0
ZINC03365391,DUD_gr_D_1630,COc1cc2c(cc1OC)CN(c1ncnc3scc(-c4ccccc4)c13)CC2,0
ZINC03365496,DUD_gr_D_1631,Cc1nn(-c2ccccc2)c(Cl)c1/C=N\NC1=C[C@H]2CC[C@]1(C)C2(C)C,0
ZINC03378266,DUD_gr_D_1632,COc1cc2c(cc1OC)[C@H](c1cccs1)N(C(=S)NC(C)C)CC2,0
ZINC03387803,DUD_gr_D_1633,CSCc1c(C(=O)N[C@H]2CCCc3ccccc32)oc2ccccc12,0
ZINC03388133,DUD_gr_D_1634,Brc1ccc2[nH]cc(/C=N/c3ccc(N4CCOCC4)cc3)c2c1,0
ZINC03393131,DUD_gr_D_1635,O=C(Nc1sc2c(c1-c1nc3ccccc3s1)CCCC2)C1CC1,0
ZINC03402929,DUD_gr_D_1636,O=C(Nc1ccccc1N1CCOCC1)C1(c2ccc(Cl)cc2)CCC1,0
ZINC03404503,DUD_gr_D_1637,O=C(Nc1ccc(N2CCOCC2)cc1)C1(c2ccc(Cl)cc2)CCCC1,0
ZINC03417643,DUD_gr_D_1638,Cc1cccc(C(C)C)c1NC(=O)c1ccc(-n2nc(C)c(Cl)c2C)cc1,0
ZINC03422942,DUD_gr_D_1639,COc1cc(OC)c(NC(=O)C2(c3ccccc3)CCCC2)cc1Cl,0
ZINC03425107,DUD_gr_D_1640,O=C(NC1CCCCCC1)c1cccnc1Sc1ccc(Cl)cc1,0
ZINC03440115,DUD_gr_D_1641,c1cncc(-c2nc(NC3CCCCC3)c3c4c(sc3n2)CCC4)c1,0
ZINC03441203,DUD_gr_D_1642,O=C(Nc1ccc(N2CCOCC2)cc1)C1(c2ccc(Cl)cc2)CCC1,0
ZINC03446895,DUD_gr_D_1643,Cc1nn(-c2ccc(F)cc2)c(Cl)c1C(=O)N[C@@H]1CCCc2ccccc21,0
ZINC03446897,DUD_gr_D_1644,Cc1nn(-c2ccc(F)cc2)c(Cl)c1C(=O)N[C@@H]1CCCc2ccccc21,0
ZINC03447004,DUD_gr_D_1645,Cc1nn(-c2ccccc2)c(Cl)c1C(=O)N[C@@H]1CCCc2ccccc21,0
ZINC03455978,DUD_gr_D_1646,Cc1nn(-c2ccccc2)c(Cl)c1C(=O)N[C@@H](C)[C@H]1C[C@H]2CC[C@H]1C2,0
ZINC03456866,DUD_gr_D_1647,C[C@H]1CCc2sc(C(=O)NC[C@H]3COc4ccccc4O3)cc2C1,0
ZINC03456869,DUD_gr_D_1648,C[C@H]1CCc2sc(C(=O)NC[C@@H]3COc4ccccc4O3)cc2C1,0
ZINC03456871,DUD_gr_D_1649,C[C@@H]1CCc2sc(C(=O)NC[C@@H]3COc4ccccc4O3)cc2C1,0
ZINC03456874,DUD_gr_D_1650,C[C@H]1CCc2sc(C(=O)NC[C@H]3COc4ccccc4O3)cc2C1,0
ZINC03458923,DUD_gr_D_1651,Cc1nn(-c2ccccc2)c(Cl)c1C(=O)NC1CCCCCCC1,0
ZINC03459226,DUD_gr_D_1652,Cc1ccc(C)c(-c2nc(NC(=O)c3ccccc3Br)sc2C)c1,0
ZINC03463737,DUD_gr_D_1653,Cc1cc(C)cc(CN2C(=O)N[C@@](C)(c3ccccc3Br)C2=O)c1,0
ZINC03463743,DUD_gr_D_1654,Cc1cc(C)cc(CN2C(=O)N[C@](C)(c3ccccc3Br)C2=O)c1,0
ZINC03465666,DUD_gr_D_1655,Cc1cc(Br)c(NC(=O)COc2ccc3c(c2)CCCC3)cc1C,0
ZINC03485942,DUD_gr_D_1656,Cc1ccccc1NC(=O)[C@@H](C)Sc1ncnc2sc3c(c12)CCC3,0
ZINC03485944,DUD_gr_D_1657,Cc1ccccc1NC(=O)[C@H](C)Sc1ncnc2sc3c(c12)CCC3,0
ZINC03516245,DUD_gr_D_1658,Cc1nc(S[C@@H](C)C(=O)Nc2ccccc2)c2c3c(sc2n1)CCC3,0
ZINC03516246,DUD_gr_D_1659,Cc1nc(S[C@H](C)C(=O)Nc2ccccc2)c2c3c(sc2n1)CCC3,0
ZINC03529937,DUD_gr_D_1660,COc1ccc(OC)c([N+]2=C3SCCCN3C[C@]2(O)c2ccc(Cl)cc2)c1,0
ZINC03529939,DUD_gr_D_1661,COc1ccc(OC)c([N+]2=C3SCCCN3C[C@]2(O)c2ccc(Cl)cc2)c1,0
ZINC03559245,DUD_gr_D_1662,CSc1ccc(CN2C(=O)N[C@@]3(CCCc4ccccc43)C2=O)cc1,0
ZINC03582413,DUD_gr_D_1663,Fc1ccc([C@@H]2c3cccn3CCN2C(=S)NC2CCCCC2)cc1,0
ZINC03582472,DUD_gr_D_1664,COc1ccc([C@H]2c3cccn3CCN2C(=S)NC2CCCCC2)cc1,0
ZINC03582476,DUD_gr_D_1665,COc1ccc([C@H]2c3cccn3CCN2C(=S)NC2CCCCC2)cc1,0
ZINC03582530,DUD_gr_D_1666,Fc1ccccc1[C@@H]1c2cccn2CCN1C(=S)NC1CCCCC1,0
ZINC03582533,DUD_gr_D_1667,Fc1ccccc1[C@@H]1c2cccn2CCN1C(=S)NC1CCCCC1,0
ZINC03582581,DUD_gr_D_1668,COc1ccc(OC)c(NC(=S)N2CCn3cccc3[C@@H]2c2ccccc2F)c1,0
ZINC03582584,DUD_gr_D_1669,COc1ccc(OC)c(NC(=S)N2CCn3cccc3[C@@H]2c2ccccc2F)c1,0
ZINC03582606,DUD_gr_D_1670,COc1ccc(OC)c([C@@H]2c3cccn3CCN2C(=S)NC(C)(C)C)c1,0
ZINC03582608,DUD_gr_D_1671,COc1ccc(OC)c([C@@H]2c3cccn3CCN2C(=S)NC(C)(C)C)c1,0
ZINC03582683,DUD_gr_D_1672,CCOc1ccc([C@H]2c3cccn3CCN2C(=S)NC(C)(C)C)cc1,0
ZINC03582686,DUD_gr_D_1673,CCOc1ccc([C@@H]2c3cccn3CCN2C(=S)NC(C)(C)C)cc1,0
ZINC03582816,DUD_gr_D_1674,Cc1ccc(NC(=O)c2cc(N3CCC[C@@H](C)C3)[nH+]c3ccccc23)cc1F,0
ZINC03582857,DUD_gr_D_1675,O=C(Nc1ccc(F)cc1)c1cc(N2CCCCCC2)[nH+]c2ccccc12,0
ZINC03588489,DUD_gr_D_1676,CSc1cccc(NC(=S)N2CC[C@H](c3ccc(C)cc3)C2)c1,0
ZINC03588492,DUD_gr_D_1677,CSc1cccc(NC(=S)N2CC[C@H](c3ccc(C)cc3)C2)c1,0
ZINC03588541,DUD_gr_D_1678,CCOc1ccc(NC(=S)N2CC[C@@H](c3ccc(C)cc3)C2)cc1,0
ZINC03588545,DUD_gr_D_1679,CCOc1ccc(NC(=S)N2CC[C@H](c3ccc(C)cc3)C2)cc1,0
ZINC03588560,DUD_gr_D_1680,COc1cccc(NC(=S)N2CC[C@@H](c3ccc(C)cc3)C2)c1,0
ZINC03588566,DUD_gr_D_1681,COc1cccc(NC(=S)N2CC[C@H](c3ccc(C)cc3)C2)c1,0
ZINC03588581,DUD_gr_D_1682,COc1ccc(NC(=S)N2CC[C@H](c3ccc(C)cc3)C2)cc1,0
ZINC03588584,DUD_gr_D_1683,COc1ccc(NC(=S)N2CC[C@H](c3ccc(C)cc3)C2)cc1,0
ZINC03588828,DUD_gr_D_1684,COc1ccc([C@H]2CCCN2C(=S)Nc2cccc(Cl)c2)cc1OC,0
ZINC03588834,DUD_gr_D_1685,COc1ccc([C@@H]2CCCN2C(=S)Nc2ccc(C)cc2Cl)cc1OC,0
ZINC03588836,DUD_gr_D_1686,COc1ccc([C@H]2CCCN2C(=S)Nc2ccc(C)cc2Cl)cc1OC,0
ZINC03588888,DUD_gr_D_1687,COc1ccc([C@@H]2CCCN2C(=S)Nc2ccccc2C)cc1OC,0
ZINC03588892,DUD_gr_D_1688,COc1ccc([C@@H]2CCCN2C(=S)Nc2ccccc2C)cc1OC,0
ZINC03588893,DUD_gr_D_1689,COc1ccc([C@@H]2CCCN2C(=S)Nc2cccc(C)c2)cc1OC,0
ZINC03588896,DUD_gr_D_1690,COc1ccc([C@@H]2CCCN2C(=S)Nc2cccc(C)c2)cc1OC,0
ZINC03589016,DUD_gr_D_1691,CCc1ccccc1NC(=S)N1CC[C@H](c2ccc(C)cc2)C1,0
ZINC03589019,DUD_gr_D_1692,CCc1ccccc1NC(=S)N1CC[C@H](c2ccc(C)cc2)C1,0
ZINC03606160,DUD_gr_D_1693,COc1ccc2c(c1)CCC[C@@]21NC(=O)N(Cc2ccc(Br)cc2)C1=O,0
ZINC03606163,DUD_gr_D_1694,COc1ccc2c(c1)CCC[C@@]21NC(=O)N(Cc2c(Cl)cccc2Cl)C1=O,0
ZINC03626308,DUD_gr_D_1695,Cc1cc(N2CCCCC2)[nH+]c2ccc(NC(=O)Cc3cccs3)cc12,0
ZINC03628009,DUD_gr_D_1696,Cc1ccc(N2C(=O)/C(=C\c3c(C)[nH]c4ccccc34)SC2=S)cc1C,0
ZINC03628324,DUD_gr_D_1697,O=C(ONC1=CCCc2oc3c(c21)CCCC3)c1ccc(Cl)cc1,0
ZINC03628444,DUD_gr_D_1698,COCCCNC1=Nc2ccccc2CC[C@@H]1c1ccc(Cl)cc1,0
ZINC03633449,DUD_gr_D_1699,CCOC(=O)c1ccc2c(c1)[C@H]1[C@H]3CC[C@H](C3)[C@@H]1[C@@H](c1ccccc1)N2,0
ZINC03636040,DUD_gr_D_1700,CCOc1ccc(-n2c(-c3ccc(C(C)(C)C)cc3)n[nH]c2=S)cc1,0
ZINC03648701,DUD_gr_D_1701,Cc1cc(N2CCCCC2)[nH+]c2ccc(NC(=O)c3c(F)cccc3F)cc12,0
ZINC03648780,DUD_gr_D_1702,Cc1cc(N2CCCCC2)[nH+]c2ccc(NC(=O)c3cccc(F)c3)cc12,0
ZINC03662932,DUD_gr_D_1703,COc1ccc2ccc(OC)c(/C=C3/NC(=S)N(C4CCCCC4)C3=O)c2c1,0
ZINC03663089,DUD_gr_D_1704,Cc1ccc(N2C(=S)N/C(=N\c3cccc(C)c3)C23CCCC3)cc1,0
ZINC03663091,DUD_gr_D_1705,Cc1ccc(N2C(=S)N/C(=N\c3cccc(C)c3)C23CCCCC3)cc1,0
ZINC03663414,DUD_gr_D_1706,O=C(NC1CCCCC1)c1cc(-c2ccccc2)nc2c(Cl)cccc12,0
ZINC03670909,DUD_gr_D_1707,CCC1=C[C@](O)(c2ccc(Br)cc2)N(C(=O)Cc2ccc(C)cc2)N1,0
ZINC03689413,DUD_gr_D_1708,COc1ccc(Br)cc1-c1nn(-c2ccc(C)c(C)c2)c2c1CCN2,0
ZINC03689420,DUD_gr_D_1709,Cc1ccc(-n2nc(Cc3ccccc3Cl)c3c2NCC3)cc1C,0
ZINC03689607,DUD_gr_D_1710,CCOc1ccccc1-n1nc(-c2ccc(Cl)cc2)c2c1NCC2,0
ZINC03689610,DUD_gr_D_1711,CCOc1ccccc1-n1nc(-c2ccc(I)cc2)c2c1NCC2,0
ZINC03689611,DUD_gr_D_1712,CCOc1ccccc1-n1nc(-c2ccc(Br)cc2)c2c1NCC2,0
ZINC03689620,DUD_gr_D_1713,CCOc1ccccc1-n1nc(-c2cccc(Cl)c2Cl)c2c1NCC2,0
ZINC03689625,DUD_gr_D_1714,CCOc1ccccc1-n1nc(-c2cc(Cl)ccc2OC)c2c1NCC2,0
ZINC03689646,DUD_gr_D_1715,CCOc1ccccc1-n1nc(-c2cc(Br)ccc2OC)c2c1NCC2,0
ZINC03689655,DUD_gr_D_1716,CCOc1ccccc1-n1nc(-c2cncc(Br)c2)c2c1NCC2,0
ZINC03689663,DUD_gr_D_1717,CCOc1ccccc1-n1nc(-c2ccc(F)cc2Cl)c2c1NCC2,0
ZINC03689913,DUD_gr_D_1718,COc1cc(-c2nn(-c3ccc(F)cc3)c3c2CCN3)cc(OC)c1OC,0
ZINC03690067,DUD_gr_D_1719,COc1ccc(Cl)cc1-c1nn(-c2ccccc2OC)c2c1CCN2,0
ZINC03690088,DUD_gr_D_1720,COc1ccc(Br)cc1-c1nn(-c2ccccc2OC)c2c1CCN2,0
ZINC03690302,DUD_gr_D_1721,COc1ccccc1-c1nn(-c2ccc(C)c(Cl)c2)c2c1CCCCN2,0
ZINC03690307,DUD_gr_D_1722,Cc1ccc(-n2nc(Cc3ccccc3)c3c2NCCCC3)cc1Cl,0
ZINC03690309,DUD_gr_D_1723,COc1ccc(-c2nn(-c3ccc(C)c(Cl)c3)c3c2CCCCN3)cc1,0
ZINC03690314,DUD_gr_D_1724,COc1cc(OC)cc(-c2nn(-c3ccc(C)c(Cl)c3)c3c2CCCCN3)c1,0
ZINC03690321,DUD_gr_D_1725,COc1ccc(Cc2nn(-c3ccc(C)c(Cl)c3)c3c2CCCCN3)cc1,0
ZINC03690334,DUD_gr_D_1726,COc1cccc(-c2nn(-c3ccc(C)c(Cl)c3)c3c2CCCCN3)c1,0
ZINC03690843,DUD_gr_D_1727,COc1cccc(-c2nn(-c3ccc(C)c(Cl)c3)c3c2CCCCN3)c1OC,0
ZINC03690851,DUD_gr_D_1728,COc1ccccc1Cc1nn(-c2ccc(C)c(Cl)c2)c2c1CCCCN2,0
ZINC03690853,DUD_gr_D_1729,COc1cccc(Cc2nn(-c3ccc(C)c(Cl)c3)c3c2CCCCN3)c1,0
ZINC03690855,DUD_gr_D_1730,Cc1ccc(-n2nc(-c3ccc4c(c3)OCO4)c3c2NCCCC3)cc1Cl,0
ZINC03690858,DUD_gr_D_1731,CSc1ccccc1-c1nn(-c2ccc(C)c(Cl)c2)c2c1CCCCN2,0
ZINC03690864,DUD_gr_D_1732,COc1ccc(OC)c(-c2nn(-c3ccc(C)c(Cl)c3)c3c2CCCCN3)c1,0
ZINC03690869,DUD_gr_D_1733,Cc1ccc(-n2nc(Cc3ccccc3F)c3c2NCCCC3)cc1Cl,0
ZINC03690957,DUD_gr_D_1734,COc1ccc(Cl)cc1-c1nn(-c2ccc(C)cc2)c2c1CCCCN2,0
ZINC03690967,DUD_gr_D_1735,Cc1ccc(-n2nc(Cc3ccc(F)cc3)c3c2NCCCC3)cc1,0
ZINC03690975,DUD_gr_D_1736,CSc1ccccc1-c1nn(-c2ccc(C)cc2)c2c1CCCCN2,0
ZINC03690978,DUD_gr_D_1737,COc1ccc(Br)cc1-c1nn(-c2ccc(C)cc2)c2c1CCCCN2,0
ZINC03690985,DUD_gr_D_1738,Cc1ccc(-n2nc(Cc3ccccc3Cl)c3c2NCCCC3)cc1,0
ZINC03690987,DUD_gr_D_1739,Cc1ccc(-n2nc(-c3cncc(Br)c3)c3c2NCCCC3)cc1,0
ZINC03691028,DUD_gr_D_1740,CN(C)c1ccc(-c2nn(-c3ccc(Cl)cc3)c3c2CCCCN3)cc1,0
ZINC03691033,DUD_gr_D_1741,COc1ccc(-c2nn(-c3ccc(Cl)cc3)c3c2CCCCN3)c(OC)c1,0
ZINC03691036,DUD_gr_D_1742,COc1ccccc1-c1nn(-c2ccc(Cl)cc2)c2c1CCCCN2,0
ZINC03691043,DUD_gr_D_1743,COc1ccc(-c2nn(-c3ccc(Cl)cc3)c3c2CCCCN3)cc1,0
ZINC03691048,DUD_gr_D_1744,COc1cc(OC)cc(-c2nn(-c3ccc(Cl)cc3)c3c2CCCCN3)c1,0
ZINC03691050,DUD_gr_D_1745,COc1ccc(-c2nn(-c3ccc(Cl)cc3)c3c2CCCCN3)cc1OC,0
ZINC03691055,DUD_gr_D_1746,COc1ccc(Cc2nn(-c3ccc(Cl)cc3)c3c2CCCCN3)cc1,0
ZINC03691068,DUD_gr_D_1747,COc1cccc(-c2nn(-c3ccc(Cl)cc3)c3c2CCCCN3)c1,0
ZINC03691077,DUD_gr_D_1748,COc1cccc(-c2nn(-c3ccc(Cl)cc3)c3c2CCCCN3)c1OC,0
ZINC03691078,DUD_gr_D_1749,COc1cccc(OC)c1-c1nn(-c2ccc(Cl)cc2)c2c1CCCCN2,0
ZINC03691079,DUD_gr_D_1750,CN(C)c1cccc(-c2nn(-c3ccc(Cl)cc3)c3c2CCCCN3)c1,0
ZINC03691085,DUD_gr_D_1751,COc1ccccc1Cc1nn(-c2ccc(Cl)cc2)c2c1CCCCN2,0
ZINC03691087,DUD_gr_D_1752,COc1cccc(Cc2nn(-c3ccc(Cl)cc3)c3c2CCCCN3)c1,0
ZINC03691098,DUD_gr_D_1753,COc1ccc(OC)c(-c2nn(-c3ccc(Cl)cc3)c3c2CCCCN3)c1,0
ZINC03691145,DUD_gr_D_1754,CN(C)c1ccc(-c2nn(-c3cccc(Cl)c3)c3c2CCCCN3)cc1,0
ZINC03691150,DUD_gr_D_1755,COc1ccc(-c2nn(-c3cccc(Cl)c3)c3c2CCCCN3)c(OC)c1,0
ZINC03691153,DUD_gr_D_1756,COc1ccccc1-c1nn(-c2cccc(Cl)c2)c2c1CCCCN2,0
ZINC03691160,DUD_gr_D_1757,COc1ccc(-c2nn(-c3cccc(Cl)c3)c3c2CCCCN3)cc1,0
ZINC03691165,DUD_gr_D_1758,COc1cc(OC)cc(-c2nn(-c3cccc(Cl)c3)c3c2CCCCN3)c1,0
ZINC03691167,DUD_gr_D_1759,COc1ccc(-c2nn(-c3cccc(Cl)c3)c3c2CCCCN3)cc1OC,0
ZINC03691172,DUD_gr_D_1760,COc1ccc(Cc2nn(-c3cccc(Cl)c3)c3c2CCCCN3)cc1,0
ZINC03691185,DUD_gr_D_1761,COc1cccc(-c2nn(-c3cccc(Cl)c3)c3c2CCCCN3)c1,0
ZINC03691194,DUD_gr_D_1762,COc1cccc(-c2nn(-c3cccc(Cl)c3)c3c2CCCCN3)c1OC,0
ZINC03691195,DUD_gr_D_1763,COc1cccc(OC)c1-c1nn(-c2cccc(Cl)c2)c2c1CCCCN2,0
ZINC03691196,DUD_gr_D_1764,CN(C)c1cccc(-c2nn(-c3cccc(Cl)c3)c3c2CCCCN3)c1,0
ZINC03691202,DUD_gr_D_1765,COc1ccccc1Cc1nn(-c2cccc(Cl)c2)c2c1CCCCN2,0
ZINC03691204,DUD_gr_D_1766,COc1cccc(Cc2nn(-c3cccc(Cl)c3)c3c2CCCCN3)c1,0
ZINC03691215,DUD_gr_D_1767,COc1ccc(OC)c(-c2nn(-c3cccc(Cl)c3)c3c2CCCCN3)c1,0
ZINC03691308,DUD_gr_D_1768,COc1ccc(Cl)cc1-c1nn(-c2ccccc2C)c2c1CCCCN2,0
ZINC03691311,DUD_gr_D_1769,COc1cccc(-c2nn(-c3ccccc3C)c3c2CCCCN3)c1OC,0
ZINC03691326,DUD_gr_D_1770,CSc1ccccc1-c1nn(-c2ccccc2C)c2c1CCCCN2,0
ZINC03691329,DUD_gr_D_1771,COc1ccc(Br)cc1-c1nn(-c2ccccc2C)c2c1CCCCN2,0
ZINC03691336,DUD_gr_D_1772,Cc1ccccc1-n1nc(Cc2ccccc2Cl)c2c1NCCCC2,0
ZINC03691624,DUD_gr_D_1773,CC(C)c1ccccc1-n1nc(-c2ccc(F)cc2)c2c1NCCCC2,0
ZINC03691628,DUD_gr_D_1774,COc1ccc(-c2nn(-c3ccccc3C(C)C)c3c2CCCCN3)cc1,0
ZINC03691659,DUD_gr_D_1775,COc1ccc(Cl)cc1-c1nn(-c2ccccc2C(C)C)c2c1CCCCN2,0
ZINC03691667,DUD_gr_D_1776,CC(C)c1ccccc1-n1nc(-c2ccccc2F)c2c1NCCCC2,0
ZINC03691668,DUD_gr_D_1777,CC(C)c1ccccc1-n1nc(-c2cccc(F)c2)c2c1NCCCC2,0
ZINC03691669,DUD_gr_D_1778,CC(C)c1ccccc1-n1nc(Cc2ccc(F)cc2)c2c1NCCCC2,0
ZINC03691688,DUD_gr_D_1779,CC(C)c1ccccc1-n1nc(Cc2ccccc2F)c2c1NCCCC2,0
ZINC03691689,DUD_gr_D_1780,CC(C)c1ccccc1-n1nc(-c2cncc(Br)c2)c2c1NCCCC2,0
ZINC03691694,DUD_gr_D_1781,CC(C)c1ccccc1-n1nc(-c2ccc(F)cc2F)c2c1NCCCC2,0
ZINC03691730,DUD_gr_D_1782,CN(C)c1ccc(-c2nn(-c3ccc(F)cc3F)c3c2CCCCN3)cc1,0
ZINC03691735,DUD_gr_D_1783,COc1ccc(-c2nn(-c3ccc(F)cc3F)c3c2CCCCN3)c(OC)c1,0
ZINC03691750,DUD_gr_D_1784,COc1cc(OC)cc(-c2nn(-c3ccc(F)cc3F)c3c2CCCCN3)c1,0
ZINC03691752,DUD_gr_D_1785,COc1ccc(-c2nn(-c3ccc(F)cc3F)c3c2CCCCN3)cc1OC,0
ZINC03691757,DUD_gr_D_1786,COc1ccc(Cc2nn(-c3ccc(F)cc3F)c3c2CCCCN3)cc1,0
ZINC03691779,DUD_gr_D_1787,COc1cccc(-c2nn(-c3ccc(F)cc3F)c3c2CCCCN3)c1OC,0
ZINC03691780,DUD_gr_D_1788,COc1cccc(OC)c1-c1nn(-c2ccc(F)cc2F)c2c1CCCCN2,0
ZINC03691781,DUD_gr_D_1789,CN(C)c1cccc(-c2nn(-c3ccc(F)cc3F)c3c2CCCCN3)c1,0
ZINC03691787,DUD_gr_D_1790,COc1ccccc1Cc1nn(-c2ccc(F)cc2F)c2c1CCCCN2,0
ZINC03691789,DUD_gr_D_1791,COc1cccc(Cc2nn(-c3ccc(F)cc3F)c3c2CCCCN3)c1,0
ZINC03691800,DUD_gr_D_1792,COc1ccc(OC)c(-c2nn(-c3ccc(F)cc3F)c3c2CCCCN3)c1,0
ZINC03691847,DUD_gr_D_1793,CN(C)c1ccc(-c2nn(-c3ccccc3Cl)c3c2CCCCN3)cc1,0
ZINC03691852,DUD_gr_D_1794,COc1ccc(-c2nn(-c3ccccc3Cl)c3c2CCCCN3)c(OC)c1,0
ZINC03691855,DUD_gr_D_1795,COc1ccccc1-c1nn(-c2ccccc2Cl)c2c1CCCCN2,0
ZINC03691862,DUD_gr_D_1796,COc1ccc(-c2nn(-c3ccccc3Cl)c3c2CCCCN3)cc1,0
ZINC03691867,DUD_gr_D_1797,COc1cc(OC)cc(-c2nn(-c3ccccc3Cl)c3c2CCCCN3)c1,0
ZINC03691869,DUD_gr_D_1798,COc1ccc(-c2nn(-c3ccccc3Cl)c3c2CCCCN3)cc1OC,0
ZINC03691872,DUD_gr_D_1799,COc1ccc(Cc2nn(-c3ccccc3Cl)c3c2CCCCN3)cc1,0
ZINC03691885,DUD_gr_D_1800,COc1cccc(-c2nn(-c3ccccc3Cl)c3c2CCCCN3)c1,0
ZINC03691894,DUD_gr_D_1801,COc1cccc(-c2nn(-c3ccccc3Cl)c3c2CCCCN3)c1OC,0
ZINC03691895,DUD_gr_D_1802,COc1cccc(OC)c1-c1nn(-c2ccccc2Cl)c2c1CCCCN2,0
ZINC03691896,DUD_gr_D_1803,CN(C)c1cccc(-c2nn(-c3ccccc3Cl)c3c2CCCCN3)c1,0
ZINC03691902,DUD_gr_D_1804,COc1ccccc1Cc1nn(-c2ccccc2Cl)c2c1CCCCN2,0
ZINC03691904,DUD_gr_D_1805,COc1cccc(Cc2nn(-c3ccccc3Cl)c3c2CCCCN3)c1,0
ZINC03691909,DUD_gr_D_1806,CSc1ccccc1-c1nn(-c2ccccc2Cl)c2c1CCCCN2,0
ZINC03691915,DUD_gr_D_1807,COc1ccc(OC)c(-c2nn(-c3ccccc3Cl)c3c2CCCCN3)c1,0
ZINC03692107,DUD_gr_D_1808,CCc1ccccc1-n1nc(-c2cccc(Cl)c2)c2c1NCCCC2,0
ZINC03692110,DUD_gr_D_1809,CCc1ccccc1-n1nc(-c2ccc(Br)cc2)c2c1NCCCC2,0
ZINC03692124,DUD_gr_D_1810,CCc1ccccc1-n1nc(-c2cc(Cl)ccc2OC)c2c1NCCCC2,0
ZINC03692134,DUD_gr_D_1811,CCc1ccccc1-n1nc(Cc2ccc(F)cc2)c2c1NCCCC2,0
ZINC03692142,DUD_gr_D_1812,CCc1ccccc1-n1nc(-c2ccccc2SC)c2c1NCCCC2,0
ZINC03692145,DUD_gr_D_1813,CCc1ccccc1-n1nc(-c2cc(Br)ccc2OC)c2c1NCCCC2,0
ZINC03692150,DUD_gr_D_1814,CCc1ccccc1-n1nc(-c2cccc(Br)c2)c2c1NCCCC2,0
ZINC03692154,DUD_gr_D_1815,CCc1ccccc1-n1nc(-c2cncc(Br)c2)c2c1NCCCC2,0
ZINC03692251,DUD_gr_D_1816,Cc1cccc(-n2nc(Cc3ccc(F)cc3)c3c2NCCCC3)c1C,0
ZINC03692252,DUD_gr_D_1817,COc1ccccc1Cc1nn(-c2cccc(C)c2C)c2c1CCCCN2,0
ZINC03692259,DUD_gr_D_1818,CSc1ccccc1-c1nn(-c2cccc(C)c2C)c2c1CCCCN2,0
ZINC03692270,DUD_gr_D_1819,Cc1cccc(-n2nc(Cc3ccccc3F)c3c2NCCCC3)c1C,0
ZINC03692271,DUD_gr_D_1820,Cc1cccc(-n2nc(-c3cncc(Br)c3)c3c2NCCCC3)c1C,0
ZINC03692434,DUD_gr_D_1821,COc1ccc(-c2nn(-c3ccc(Br)cc3)c3c2CCCCN3)c(OC)c1,0
ZINC03692437,DUD_gr_D_1822,COc1ccccc1-c1nn(-c2ccc(Br)cc2)c2c1CCCCN2,0
ZINC03692444,DUD_gr_D_1823,COc1ccc(-c2nn(-c3ccc(Br)cc3)c3c2CCCCN3)cc1,0
ZINC03692449,DUD_gr_D_1824,COc1cc(OC)cc(-c2nn(-c3ccc(Br)cc3)c3c2CCCCN3)c1,0
ZINC03692451,DUD_gr_D_1825,COc1ccc(-c2nn(-c3ccc(Br)cc3)c3c2CCCCN3)cc1OC,0
ZINC03692456,DUD_gr_D_1826,COc1ccc(Cc2nn(-c3ccc(Br)cc3)c3c2CCCCN3)cc1,0
ZINC03692469,DUD_gr_D_1827,COc1cccc(-c2nn(-c3ccc(Br)cc3)c3c2CCCCN3)c1,0
ZINC03692478,DUD_gr_D_1828,COc1cccc(-c2nn(-c3ccc(Br)cc3)c3c2CCCCN3)c1OC,0
ZINC03692479,DUD_gr_D_1829,COc1cccc(OC)c1-c1nn(-c2ccc(Br)cc2)c2c1CCCCN2,0
ZINC03692486,DUD_gr_D_1830,COc1ccccc1Cc1nn(-c2ccc(Br)cc2)c2c1CCCCN2,0
ZINC03692488,DUD_gr_D_1831,COc1cccc(Cc2nn(-c3ccc(Br)cc3)c3c2CCCCN3)c1,0
ZINC03692499,DUD_gr_D_1832,COc1ccc(OC)c(-c2nn(-c3ccc(Br)cc3)c3c2CCCCN3)c1,0
ZINC03692551,DUD_gr_D_1833,COc1ccc(-c2nn(-c3ccccc3Br)c3c2CCCCN3)c(OC)c1,0
ZINC03693046,DUD_gr_D_1834,COc1ccccc1-c1nn(-c2ccccc2Br)c2c1CCCCN2,0
ZINC03693053,DUD_gr_D_1835,COc1ccc(-c2nn(-c3ccccc3Br)c3c2CCCCN3)cc1,0
ZINC03693058,DUD_gr_D_1836,COc1cc(OC)cc(-c2nn(-c3ccccc3Br)c3c2CCCCN3)c1,0
ZINC03693060,DUD_gr_D_1837,COc1ccc(-c2nn(-c3ccccc3Br)c3c2CCCCN3)cc1OC,0
ZINC03693064,DUD_gr_D_1838,COc1ccc(Cc2nn(-c3ccccc3Br)c3c2CCCCN3)cc1,0
ZINC03693077,DUD_gr_D_1839,COc1cccc(-c2nn(-c3ccccc3Br)c3c2CCCCN3)c1,0
ZINC03693086,DUD_gr_D_1840,COc1cccc(-c2nn(-c3ccccc3Br)c3c2CCCCN3)c1OC,0
ZINC03693087,DUD_gr_D_1841,COc1cccc(OC)c1-c1nn(-c2ccccc2Br)c2c1CCCCN2,0
ZINC03693094,DUD_gr_D_1842,COc1ccccc1Cc1nn(-c2ccccc2Br)c2c1CCCCN2,0
ZINC03693096,DUD_gr_D_1843,COc1cccc(Cc2nn(-c3ccccc3Br)c3c2CCCCN3)c1,0
ZINC03693101,DUD_gr_D_1844,CSc1ccccc1-c1nn(-c2ccccc2Br)c2c1CCCCN2,0
ZINC03693107,DUD_gr_D_1845,COc1ccc(OC)c(-c2nn(-c3ccccc3Br)c3c2CCCCN3)c1,0
ZINC03693162,DUD_gr_D_1846,COc1ccccc1-c1nn(-c2cc(Cl)ccc2C)c2c1CCCCN2,0
ZINC03693167,DUD_gr_D_1847,Cc1ccc(Cl)cc1-n1nc(Cc2ccccc2)c2c1NCCCC2,0
ZINC03693169,DUD_gr_D_1848,COc1ccc(-c2nn(-c3cc(Cl)ccc3C)c3c2CCCCN3)cc1,0
ZINC03693174,DUD_gr_D_1849,COc1cc(OC)cc(-c2nn(-c3cc(Cl)ccc3C)c3c2CCCCN3)c1,0
ZINC03693176,DUD_gr_D_1850,COc1ccc(-c2nn(-c3cc(Cl)ccc3C)c3c2CCCCN3)cc1OC,0
ZINC03693181,DUD_gr_D_1851,COc1ccc(Cc2nn(-c3cc(Cl)ccc3C)c3c2CCCCN3)cc1,0
ZINC03693194,DUD_gr_D_1852,COc1cccc(-c2nn(-c3cc(Cl)ccc3C)c3c2CCCCN3)c1,0
ZINC03693203,DUD_gr_D_1853,COc1cccc(-c2nn(-c3cc(Cl)ccc3C)c3c2CCCCN3)c1OC,0
ZINC03693204,DUD_gr_D_1854,COc1cccc(OC)c1-c1nn(-c2cc(Cl)ccc2C)c2c1CCCCN2,0
ZINC03693211,DUD_gr_D_1855,COc1ccccc1Cc1nn(-c2cc(Cl)ccc2C)c2c1CCCCN2,0
ZINC03693213,DUD_gr_D_1856,COc1cccc(Cc2nn(-c3cc(Cl)ccc3C)c3c2CCCCN3)c1,0
ZINC03693215,DUD_gr_D_1857,Cc1ccc(Cl)cc1-n1nc(-c2ccc3c(c2)OCO3)c2c1NCCCC2,0
ZINC03693229,DUD_gr_D_1858,Cc1ccc(Cl)cc1-n1nc(Cc2ccccc2F)c2c1NCCCC2,0
ZINC03693276,DUD_gr_D_1859,COc1ccc(-c2nn(-c3cccc(Cl)c3C)c3c2CCCCN3)c(OC)c1,0
ZINC03693279,DUD_gr_D_1860,COc1ccccc1-c1nn(-c2cccc(Cl)c2C)c2c1CCCCN2,0
ZINC03693284,DUD_gr_D_1861,Cc1c(Cl)cccc1-n1nc(Cc2ccccc2)c2c1NCCCC2,0
ZINC03693286,DUD_gr_D_1862,COc1ccc(-c2nn(-c3cccc(Cl)c3C)c3c2CCCCN3)cc1,0
ZINC03693291,DUD_gr_D_1863,COc1cc(OC)cc(-c2nn(-c3cccc(Cl)c3C)c3c2CCCCN3)c1,0
ZINC03693293,DUD_gr_D_1864,COc1ccc(-c2nn(-c3cccc(Cl)c3C)c3c2CCCCN3)cc1OC,0
ZINC03693298,DUD_gr_D_1865,COc1ccc(Cc2nn(-c3cccc(Cl)c3C)c3c2CCCCN3)cc1,0
ZINC03693311,DUD_gr_D_1866,COc1cccc(-c2nn(-c3cccc(Cl)c3C)c3c2CCCCN3)c1,0
ZINC03693320,DUD_gr_D_1867,COc1cccc(-c2nn(-c3cccc(Cl)c3C)c3c2CCCCN3)c1OC,0
ZINC03693328,DUD_gr_D_1868,COc1ccccc1Cc1nn(-c2cccc(Cl)c2C)c2c1CCCCN2,0
ZINC03693330,DUD_gr_D_1869,COc1cccc(Cc2nn(-c3cccc(Cl)c3C)c3c2CCCCN3)c1,0
ZINC03693335,DUD_gr_D_1870,CSc1ccccc1-c1nn(-c2cccc(Cl)c2C)c2c1CCCCN2,0
ZINC03693341,DUD_gr_D_1871,COc1ccc(OC)c(-c2nn(-c3cccc(Cl)c3C)c3c2CCCCN3)c1,0
ZINC03693346,DUD_gr_D_1872,Cc1c(Cl)cccc1-n1nc(Cc2ccccc2F)c2c1NCCCC2,0
ZINC03693426,DUD_gr_D_1873,Cc1ccc([N+](=O)[O-])cc1-n1nc(Cc2cccs2)c2c1NCCCC2,0
ZINC03693518,DUD_gr_D_1874,c1ccc(Cc2nn(-c3ccc4c(c3)OCCO4)c3c2CCCCN3)cc1,0
ZINC03693533,DUD_gr_D_1875,Clc1ccc(-c2nn(-c3ccc4c(c3)OCCO4)c3c2CCCCN3)cc1,0
ZINC03693534,DUD_gr_D_1876,Clc1cccc(-c2nn(-c3ccc4c(c3)OCCO4)c3c2CCCCN3)c1,0
ZINC03693543,DUD_gr_D_1877,c1csc(Cc2nn(-c3ccc4c(c3)OCCO4)c3c2CCCCN3)c1,0
ZINC03693551,DUD_gr_D_1878,COc1ccc(Cl)cc1-c1nn(-c2ccc3c(c2)OCCO3)c2c1CCCCN2,0
ZINC03693561,DUD_gr_D_1879,Fc1ccc(Cc2nn(-c3ccc4c(c3)OCCO4)c3c2CCCCN3)cc1,0
ZINC03693569,DUD_gr_D_1880,CSc1ccccc1-c1nn(-c2ccc3c(c2)OCCO3)c2c1CCCCN2,0
ZINC03693579,DUD_gr_D_1881,Clc1ccccc1Cc1nn(-c2ccc3c(c2)OCCO3)c2c1CCCCN2,0
ZINC03693580,DUD_gr_D_1882,Fc1ccccc1Cc1nn(-c2ccc3c(c2)OCCO3)c2c1CCCCN2,0
ZINC03693660,DUD_gr_D_1883,Cc1ccc(-n2nc(Cc3cccs3)c3c2NCCCC3)c(C)c1,0
ZINC03693678,DUD_gr_D_1884,Cc1ccc(-n2nc(Cc3ccc(F)cc3)c3c2NCCCC3)c(C)c1,0
ZINC03693697,DUD_gr_D_1885,Cc1ccc(-n2nc(Cc3ccccc3F)c3c2NCCCC3)c(C)c1,0
ZINC03693698,DUD_gr_D_1886,Cc1ccc(-n2nc(-c3cncc(Br)c3)c3c2NCCCC3)c(C)c1,0
ZINC03693777,DUD_gr_D_1887,Cc1ccc(-n2nc(Cc3cccs3)c3c2NCCCC3)cc1C,0
ZINC03693795,DUD_gr_D_1888,Cc1ccc(-n2nc(Cc3ccc(F)cc3)c3c2NCCCC3)cc1C,0
ZINC03693814,DUD_gr_D_1889,Cc1ccc(-n2nc(Cc3ccccc3F)c3c2NCCCC3)cc1C,0
ZINC03693815,DUD_gr_D_1890,Cc1ccc(-n2nc(-c3cncc(Br)c3)c3c2NCCCC3)cc1C,0
ZINC03693976,DUD_gr_D_1891,CCOc1ccccc1-n1nc(-c2cccs2)c2c1NCCCC2,0
ZINC03693984,DUD_gr_D_1892,CCOc1ccccc1-n1nc(-c2ccc(F)cc2)c2c1NCCCC2,0
ZINC03693988,DUD_gr_D_1893,CCOc1ccccc1-n1nc(-c2ccc(OC)cc2)c2c1NCCCC2,0
ZINC03694001,DUD_gr_D_1894,CCOc1ccccc1-n1nc(-c2ccc(Cl)cc2)c2c1NCCCC2,0
ZINC03694002,DUD_gr_D_1895,CCOc1ccccc1-n1nc(-c2cccc(Cl)c2)c2c1NCCCC2,0
ZINC03694005,DUD_gr_D_1896,CCOc1ccccc1-n1nc(-c2ccc(Br)cc2)c2c1NCCCC2,0
ZINC03694006,DUD_gr_D_1897,CCOc1ccccc1-n1nc(-c2ccccc2Br)c2c1NCCCC2,0
ZINC03694011,DUD_gr_D_1898,CCOc1ccccc1-n1nc(Cc2cccs2)c2c1NCCCC2,0
ZINC03694013,DUD_gr_D_1899,CCOc1ccccc1-n1nc(-c2cccc(OC)c2)c2c1NCCCC2,0
ZINC03694019,DUD_gr_D_1900,CCOc1ccccc1-n1nc(-c2cc(Cl)ccc2OC)c2c1NCCCC2,0
ZINC03694027,DUD_gr_D_1901,CCOc1ccccc1-n1nc(-c2ccccc2F)c2c1NCCCC2,0
ZINC03694028,DUD_gr_D_1902,CCOc1ccccc1-n1nc(-c2cccc(F)c2)c2c1NCCCC2,0
ZINC03694029,DUD_gr_D_1903,CCOc1ccccc1-n1nc(Cc2ccc(F)cc2)c2c1NCCCC2,0
ZINC03694037,DUD_gr_D_1904,CCOc1ccccc1-n1nc(-c2ccccc2SC)c2c1NCCCC2,0
ZINC03694045,DUD_gr_D_1905,CCOc1ccccc1-n1nc(-c2cccc(Br)c2)c2c1NCCCC2,0
ZINC03694049,DUD_gr_D_1906,CCOc1ccccc1-n1nc(-c2cncc(Br)c2)c2c1NCCCC2,0
ZINC03694052,DUD_gr_D_1907,CCOc1ccccc1-n1nc(-c2ccccc2C(F)(F)F)c2c1NCCCC2,0
ZINC03694054,DUD_gr_D_1908,CCOc1ccccc1-n1nc(-c2ccc(F)cc2F)c2c1NCCCC2,0
ZINC03694057,DUD_gr_D_1909,CCOc1ccccc1-n1nc(-c2ccc(F)cc2Cl)c2c1NCCCC2,0
ZINC03694082,DUD_gr_D_1910,CCOc1ccccc1-n1nc(-c2ccc(C)s2)c2c1NCCCC2,0
ZINC03694087,DUD_gr_D_1911,CCOc1ccccc1-n1nc(-c2ccsc2)c2c1NCCCC2,0
ZINC03694088,DUD_gr_D_1912,CCOc1ccccc1-n1nc(-c2cc(C)cs2)c2c1NCCCC2,0
ZINC03694090,DUD_gr_D_1913,CN(C)c1ccc(-c2nn(-c3ccc(F)cc3)c3c2CCCCN3)cc1,0
ZINC03694095,DUD_gr_D_1914,COc1ccc(-c2nn(-c3ccc(F)cc3)c3c2CCCCN3)c(OC)c1,0
ZINC03694099,DUD_gr_D_1915,COc1cc(-c2nn(-c3ccc(F)cc3)c3c2CCCCN3)cc(OC)c1OC,0
ZINC03694110,DUD_gr_D_1916,COc1cc(OC)cc(-c2nn(-c3ccc(F)cc3)c3c2CCCCN3)c1,0
ZINC03694112,DUD_gr_D_1917,COc1ccc(-c2nn(-c3ccc(F)cc3)c3c2CCCCN3)cc1OC,0
ZINC03694117,DUD_gr_D_1918,COc1ccc(Cc2nn(-c3ccc(F)cc3)c3c2CCCCN3)cc1,0
ZINC03694139,DUD_gr_D_1919,COc1cccc(-c2nn(-c3ccc(F)cc3)c3c2CCCCN3)c1OC,0
ZINC03694140,DUD_gr_D_1920,COc1cccc(OC)c1-c1nn(-c2ccc(F)cc2)c2c1CCCCN2,0
ZINC03694141,DUD_gr_D_1921,CN(C)c1cccc(-c2nn(-c3ccc(F)cc3)c3c2CCCCN3)c1,0
ZINC03694147,DUD_gr_D_1922,COc1ccccc1Cc1nn(-c2ccc(F)cc2)c2c1CCCCN2,0
ZINC03694148,DUD_gr_D_1923,COc1ccc(CCc2nn(-c3ccc(F)cc3)c3c2CCCCN3)cc1,0
ZINC03694149,DUD_gr_D_1924,COc1cccc(Cc2nn(-c3ccc(F)cc3)c3c2CCCCN3)c1,0
ZINC03694154,DUD_gr_D_1925,CSc1ccccc1-c1nn(-c2ccc(F)cc2)c2c1CCCCN2,0
ZINC03694160,DUD_gr_D_1926,COc1ccc(OC)c(-c2nn(-c3ccc(F)cc3)c3c2CCCCN3)c1,0
ZINC03694235,DUD_gr_D_1927,COc1ccccc1-n1nc(-c2ccc(Cl)cc2)c2c1NCCCC2,0
ZINC03694236,DUD_gr_D_1928,COc1ccccc1-n1nc(-c2cccc(Cl)c2)c2c1NCCCC2,0
ZINC03694239,DUD_gr_D_1929,COc1ccccc1-n1nc(-c2ccc(Br)cc2)c2c1NCCCC2,0
ZINC03694240,DUD_gr_D_1930,COc1ccccc1-n1nc(-c2ccccc2Br)c2c1NCCCC2,0
ZINC03694253,DUD_gr_D_1931,COc1ccc(Cl)cc1-c1nn(-c2ccccc2OC)c2c1CCCCN2,0
ZINC03694263,DUD_gr_D_1932,COc1ccccc1-n1nc(Cc2ccc(F)cc2)c2c1NCCCC2,0
ZINC03694271,DUD_gr_D_1933,COc1ccccc1-n1nc(-c2ccccc2SC)c2c1NCCCC2,0
ZINC03694274,DUD_gr_D_1934,COc1ccc(Br)cc1-c1nn(-c2ccccc2OC)c2c1CCCCN2,0
ZINC03694279,DUD_gr_D_1935,COc1ccccc1-n1nc(-c2cccc(Br)c2)c2c1NCCCC2,0
ZINC03694281,DUD_gr_D_1936,COc1ccccc1-n1nc(Cc2ccccc2Cl)c2c1NCCCC2,0
ZINC03694283,DUD_gr_D_1937,COc1ccccc1-n1nc(-c2cncc(Br)c2)c2c1NCCCC2,0
ZINC03694370,DUD_gr_D_1938,COc1ccc(Cl)cc1-c1nn(-c2cccc(C)c2)c2c1CCCCN2,0
ZINC03694380,DUD_gr_D_1939,Cc1cccc(-n2nc(Cc3ccc(F)cc3)c3c2NCCCC3)c1,0
ZINC03694388,DUD_gr_D_1940,CSc1ccccc1-c1nn(-c2cccc(C)c2)c2c1CCCCN2,0
ZINC03694391,DUD_gr_D_1941,COc1ccc(Br)cc1-c1nn(-c2cccc(C)c2)c2c1CCCCN2,0
ZINC03694398,DUD_gr_D_1942,Cc1cccc(-n2nc(Cc3ccccc3Cl)c3c2NCCCC3)c1,0
ZINC03694497,DUD_gr_D_1943,Cc1ccc(C)c(-n2nc(Cc3ccc(F)cc3)c3c2NCCCC3)c1,0
ZINC03694516,DUD_gr_D_1944,Cc1ccc(C)c(-n2nc(Cc3ccccc3F)c3c2NCCCC3)c1,0
ZINC03694517,DUD_gr_D_1945,Cc1ccc(C)c(-n2nc(-c3cncc(Br)c3)c3c2NCCCC3)c1,0
ZINC03694814,DUD_gr_D_1946,COc1ccc(Cc2nn(-c3cccc(Cl)c3Cl)c3c2CCCCN3)cc1,0
ZINC03694827,DUD_gr_D_1947,COc1cccc(-c2nn(-c3cccc(Cl)c3Cl)c3c2CCCCN3)c1,0
ZINC03694857,DUD_gr_D_1948,COc1ccc(OC)c(-c2nn(-c3cccc(Cl)c3Cl)c3c2CCCCN3)c1,0
ZINC03694932,DUD_gr_D_1949,COc1ccc(-n2nc(-c3ccc(Cl)cc3)c3c2NCCCC3)cc1,0
ZINC03694933,DUD_gr_D_1950,COc1ccc(-n2nc(-c3cccc(Cl)c3)c3c2NCCCC3)cc1,0
ZINC03694936,DUD_gr_D_1951,COc1ccc(-n2nc(-c3ccc(Br)cc3)c3c2NCCCC3)cc1,0
ZINC03694937,DUD_gr_D_1952,COc1ccc(-n2nc(-c3ccccc3Br)c3c2NCCCC3)cc1,0
ZINC03694938,DUD_gr_D_1953,COc1ccc(-n2nc(-c3ccccc3I)c3c2NCCCC3)cc1,0
ZINC03694942,DUD_gr_D_1954,COc1ccc(-n2nc(Cc3cccs3)c3c2NCCCC3)cc1,0
ZINC03694950,DUD_gr_D_1955,COc1ccc(-n2nc(-c3cc(Cl)ccc3OC)c3c2NCCCC3)cc1,0
ZINC03694960,DUD_gr_D_1956,COc1ccc(-n2nc(Cc3ccc(F)cc3)c3c2NCCCC3)cc1,0
ZINC03694968,DUD_gr_D_1957,COc1ccc(-n2nc(-c3ccccc3SC)c3c2NCCCC3)cc1,0
ZINC03694971,DUD_gr_D_1958,COc1ccc(-n2nc(-c3cc(Br)ccc3OC)c3c2NCCCC3)cc1,0
ZINC03694976,DUD_gr_D_1959,COc1ccc(-n2nc(-c3cccc(Br)c3)c3c2NCCCC3)cc1,0
ZINC03694978,DUD_gr_D_1960,COc1ccc(-n2nc(Cc3ccccc3Cl)c3c2NCCCC3)cc1,0
ZINC03694980,DUD_gr_D_1961,COc1ccc(-n2nc(-c3cncc(Br)c3)c3c2NCCCC3)cc1,0
ZINC03694988,DUD_gr_D_1962,COc1ccc(-n2nc(-c3ccc(F)cc3Cl)c3c2NCCCC3)cc1,0
ZINC03695049,DUD_gr_D_1963,CCc1ccc(-n2nc(-c3ccc(Cl)cc3)c3c2NCCCC3)cc1,0
ZINC03695050,DUD_gr_D_1964,CCc1ccc(-n2nc(-c3cccc(Cl)c3)c3c2NCCCC3)cc1,0
ZINC03695077,DUD_gr_D_1965,CCc1ccc(-n2nc(Cc3ccc(F)cc3)c3c2NCCCC3)cc1,0
ZINC03695096,DUD_gr_D_1966,CCc1ccc(-n2nc(Cc3ccccc3F)c3c2NCCCC3)cc1,0
ZINC03695097,DUD_gr_D_1967,CCc1ccc(-n2nc(-c3cncc(Br)c3)c3c2NCCCC3)cc1,0
ZINC03695146,DUD_gr_D_1968,COc1ccccc1-c1nn(-c2ccc(Cl)cc2C)c2c1CCCCN2,0
ZINC03695151,DUD_gr_D_1969,Cc1cc(Cl)ccc1-n1nc(Cc2ccccc2)c2c1NCCCC2,0
ZINC03695153,DUD_gr_D_1970,COc1ccc(-c2nn(-c3ccc(Cl)cc3C)c3c2CCCCN3)cc1,0
ZINC03695158,DUD_gr_D_1971,COc1cc(OC)cc(-c2nn(-c3ccc(Cl)cc3C)c3c2CCCCN3)c1,0
ZINC03695160,DUD_gr_D_1972,COc1ccc(-c2nn(-c3ccc(Cl)cc3C)c3c2CCCCN3)cc1OC,0
ZINC03695165,DUD_gr_D_1973,COc1ccc(Cc2nn(-c3ccc(Cl)cc3C)c3c2CCCCN3)cc1,0
ZINC03695178,DUD_gr_D_1974,COc1cccc(-c2nn(-c3ccc(Cl)cc3C)c3c2CCCCN3)c1,0
ZINC03695187,DUD_gr_D_1975,COc1cccc(-c2nn(-c3ccc(Cl)cc3C)c3c2CCCCN3)c1OC,0
ZINC03695188,DUD_gr_D_1976,COc1cccc(OC)c1-c1nn(-c2ccc(Cl)cc2C)c2c1CCCCN2,0
ZINC03695195,DUD_gr_D_1977,COc1ccccc1Cc1nn(-c2ccc(Cl)cc2C)c2c1CCCCN2,0
ZINC03695197,DUD_gr_D_1978,COc1cccc(Cc2nn(-c3ccc(Cl)cc3C)c3c2CCCCN3)c1,0
ZINC03695208,DUD_gr_D_1979,COc1ccc(OC)c(-c2nn(-c3ccc(Cl)cc3C)c3c2CCCCN3)c1,0
ZINC03695260,DUD_gr_D_1980,COc1ccc(-c2nn(-c3ccccc3C(F)(F)F)c3c2CCCCN3)c(OC)c1,0
ZINC03695356,DUD_gr_D_1981,COc1ccc(Br)cc1-c1nn(-c2cccc(C)c2)c2c1CCN2,0
ZINC03695451,DUD_gr_D_1982,COc1ccc(Cl)cc1-c1nn(-c2cc(C)ccc2C)c2c1CCN2,0
ZINC03695472,DUD_gr_D_1983,COc1ccc(Br)cc1-c1nn(-c2cc(C)ccc2C)c2c1CCN2,0
ZINC03695479,DUD_gr_D_1984,Cc1ccc(C)c(-n2nc(Cc3ccccc3Cl)c3c2NCC3)c1,0
ZINC03695522,DUD_gr_D_1985,CN(C)c1ccc(-c2nn(-c3ccc(I)cc3)c3c2CCN3)cc1,0
ZINC03695527,DUD_gr_D_1986,COc1ccc(-c2nn(-c3ccc(I)cc3)c3c2CCN3)c(OC)c1,0
ZINC03695542,DUD_gr_D_1987,COc1cc(OC)cc(-c2nn(-c3ccc(I)cc3)c3c2CCN3)c1,0
ZINC03695544,DUD_gr_D_1988,COc1ccc(-c2nn(-c3ccc(I)cc3)c3c2CCN3)cc1OC,0
ZINC03695578,DUD_gr_D_1989,COc1cc(OC)cc(-c2nn(-c3ccccc3C(F)(F)F)c3c2CCCCN3)c1,0
ZINC03695585,DUD_gr_D_1990,COc1ccc(Cc2nn(-c3ccccc3C(F)(F)F)c3c2CCCCN3)cc1,0
ZINC03695607,DUD_gr_D_1991,COc1cccc(-c2nn(-c3ccccc3C(F)(F)F)c3c2CCCCN3)c1OC,0
ZINC03695608,DUD_gr_D_1992,COc1cccc(OC)c1-c1nn(-c2ccccc2C(F)(F)F)c2c1CCCCN2,0
ZINC03695615,DUD_gr_D_1993,COc1ccccc1Cc1nn(-c2ccccc2C(F)(F)F)c2c1CCCCN2,0
ZINC03695617,DUD_gr_D_1994,COc1cccc(Cc2nn(-c3ccccc3C(F)(F)F)c3c2CCCCN3)c1,0
ZINC03695628,DUD_gr_D_1995,COc1ccc(OC)c(-c2nn(-c3ccccc3C(F)(F)F)c3c2CCCCN3)c1,0
ZINC03696260,DUD_gr_D_1996,COc1cccc(-c2nn(-c3ccc(I)cc3)c3c2CCN3)c1OC,0
ZINC03696261,DUD_gr_D_1997,COc1cccc(OC)c1-c1nn(-c2ccc(I)cc2)c2c1CCN2,0
ZINC03696262,DUD_gr_D_1998,CN(C)c1cccc(-c2nn(-c3ccc(I)cc3)c3c2CCN3)c1,0
ZINC03696281,DUD_gr_D_1999,COc1ccc(OC)c(-c2nn(-c3ccc(I)cc3)c3c2CCN3)c1,0
ZINC03696486,DUD_gr_D_2000,COc1ccc(Cl)cc1-n1nc(-c2ccccn2)c2c1NCCCC2,0
ZINC03696488,DUD_gr_D_2001,COc1ccc(Cl)cc1-n1nc(-c2ccccc2)c2c1NCCCC2,0
ZINC03696490,DUD_gr_D_2002,COc1ccc(Cl)cc1-n1nc(-c2ccncc2)c2c1NCCCC2,0
ZINC03696491,DUD_gr_D_2003,COc1ccc(Cl)cc1-n1nc(-c2cccnc2)c2c1NCCCC2,0
ZINC03696492,DUD_gr_D_2004,COc1ccccc1-c1nn(-c2cc(Cl)ccc2OC)c2c1CCCCN2,0
ZINC03696497,DUD_gr_D_2005,COc1ccc(Cl)cc1-n1nc(Cc2ccccc2)c2c1NCCCC2,0
ZINC03696499,DUD_gr_D_2006,COc1ccc(-c2nn(-c3cc(Cl)ccc3OC)c3c2CCCCN3)cc1,0
ZINC03696511,DUD_gr_D_2007,COc1ccc(Cc2nn(-c3cc(Cl)ccc3OC)c3c2CCCCN3)cc1,0
ZINC03696523,DUD_gr_D_2008,COc1ccc(Cl)cc1-n1nc(-c2cccc(C)c2)c2c1NCCCC2,0
ZINC03696524,DUD_gr_D_2009,COc1cccc(-c2nn(-c3cc(Cl)ccc3OC)c3c2CCCCN3)c1,0
ZINC03696527,DUD_gr_D_2010,COc1ccc(Cl)cc1-n1nc(-c2ccccc2C)c2c1NCCCC2,0
ZINC03696528,DUD_gr_D_2011,COc1ccc(Cl)cc1-n1nc(-c2ccc(C)cc2)c2c1NCCCC2,0
ZINC03696534,DUD_gr_D_2012,COc1ccc(Cl)cc1-n1nc(-c2c(OC)cccc2OC)c2c1NCCCC2,0
ZINC03696541,DUD_gr_D_2013,COc1ccccc1Cc1nn(-c2cc(Cl)ccc2OC)c2c1CCCCN2,0
ZINC03696543,DUD_gr_D_2014,COc1cccc(Cc2nn(-c3cc(Cl)ccc3OC)c3c2CCCCN3)c1,0
ZINC03696545,DUD_gr_D_2015,COc1ccc(Cl)cc1-n1nc(-c2ccc3c(c2)OCO3)c2c1NCCCC2,0
ZINC03696548,DUD_gr_D_2016,COc1ccc(Cl)cc1-n1nc(-c2ccccc2SC)c2c1NCCCC2,0
ZINC03696559,DUD_gr_D_2017,COc1ccc(Cl)cc1-n1nc(Cc2ccccc2F)c2c1NCCCC2,0
ZINC03696593,DUD_gr_D_2018,COc1ccc(Cl)cc1-n1nc(-c2ccc(C)s2)c2c1NCCCC2,0
ZINC03696834,DUD_gr_D_2019,CN(C)c1ccc(-c2nn(-c3ccccc3F)c3c2CCCCN3)cc1,0
ZINC03696839,DUD_gr_D_2020,COc1ccc(-c2nn(-c3ccccc3F)c3c2CCCCN3)c(OC)c1,0
ZINC03696843,DUD_gr_D_2021,COc1cc(-c2nn(-c3ccccc3F)c3c2CCCCN3)cc(OC)c1OC,0
ZINC03696854,DUD_gr_D_2022,COc1cc(OC)cc(-c2nn(-c3ccccc3F)c3c2CCCCN3)c1,0
ZINC03696856,DUD_gr_D_2023,COc1ccc(-c2nn(-c3ccccc3F)c3c2CCCCN3)cc1OC,0
ZINC03696860,DUD_gr_D_2024,COc1ccc(Cc2nn(-c3ccccc3F)c3c2CCCCN3)cc1,0
ZINC03696882,DUD_gr_D_2025,COc1cccc(-c2nn(-c3ccccc3F)c3c2CCCCN3)c1OC,0
ZINC03696883,DUD_gr_D_2026,COc1cccc(OC)c1-c1nn(-c2ccccc2F)c2c1CCCCN2,0
ZINC03696884,DUD_gr_D_2027,CN(C)c1cccc(-c2nn(-c3ccccc3F)c3c2CCCCN3)c1,0
ZINC03696890,DUD_gr_D_2028,COc1ccccc1Cc1nn(-c2ccccc2F)c2c1CCCCN2,0
ZINC03696892,DUD_gr_D_2029,COc1cccc(Cc2nn(-c3ccccc3F)c3c2CCCCN3)c1,0
ZINC03696897,DUD_gr_D_2030,CSc1ccccc1-c1nn(-c2ccccc2F)c2c1CCCCN2,0
ZINC03696903,DUD_gr_D_2031,COc1ccc(OC)c(-c2nn(-c3ccccc3F)c3c2CCCCN3)c1,0
ZINC03696996,DUD_gr_D_2032,COc1ccc(Cl)cc1-c1nn(-c2ccccc2C#N)c2c1CCCCN2,0
ZINC03697014,DUD_gr_D_2033,CSc1ccccc1-c1nn(-c2ccccc2C#N)c2c1CCCCN2,0
ZINC03697017,DUD_gr_D_2034,COc1ccc(Br)cc1-c1nn(-c2ccccc2C#N)c2c1CCCCN2,0
ZINC03697072,DUD_gr_D_2035,COc1ccc(-c2nn(-c3cccc(Br)c3)c3c2CCCCN3)c(OC)c1,0
ZINC03697075,DUD_gr_D_2036,COc1ccccc1-c1nn(-c2cccc(Br)c2)c2c1CCCCN2,0
ZINC03697082,DUD_gr_D_2037,COc1ccc(-c2nn(-c3cccc(Br)c3)c3c2CCCCN3)cc1,0
ZINC03697087,DUD_gr_D_2038,COc1cc(OC)cc(-c2nn(-c3cccc(Br)c3)c3c2CCCCN3)c1,0
ZINC03697089,DUD_gr_D_2039,COc1ccc(-c2nn(-c3cccc(Br)c3)c3c2CCCCN3)cc1OC,0
ZINC03697094,DUD_gr_D_2040,COc1ccc(Cc2nn(-c3cccc(Br)c3)c3c2CCCCN3)cc1,0
ZINC03697107,DUD_gr_D_2041,COc1cccc(-c2nn(-c3cccc(Br)c3)c3c2CCCCN3)c1,0
ZINC03697116,DUD_gr_D_2042,COc1cccc(-c2nn(-c3cccc(Br)c3)c3c2CCCCN3)c1OC,0
ZINC03697117,DUD_gr_D_2043,COc1cccc(OC)c1-c1nn(-c2cccc(Br)c2)c2c1CCCCN2,0
ZINC03697124,DUD_gr_D_2044,COc1ccccc1Cc1nn(-c2cccc(Br)c2)c2c1CCCCN2,0
ZINC03697126,DUD_gr_D_2045,COc1cccc(Cc2nn(-c3cccc(Br)c3)c3c2CCCCN3)c1,0
ZINC03697137,DUD_gr_D_2046,COc1ccc(OC)c(-c2nn(-c3cccc(Br)c3)c3c2CCCCN3)c1,0
ZINC03701901,DUD_gr_D_2047,COc1ccc(Cl)cc1-n1nc(-c2ccc(N(C)C)cc2)c2c1NCC2,0
ZINC03701906,DUD_gr_D_2048,COc1ccc(-c2nn(-c3cc(Cl)ccc3OC)c3c2CCN3)c(OC)c1,0
ZINC03701909,DUD_gr_D_2049,COc1ccccc1-c1nn(-c2cc(Cl)ccc2OC)c2c1CCN2,0
ZINC03701916,DUD_gr_D_2050,COc1ccc(-c2nn(-c3cc(Cl)ccc3OC)c3c2CCN3)cc1,0
ZINC03701921,DUD_gr_D_2051,COc1cc(OC)cc(-c2nn(-c3cc(Cl)ccc3OC)c3c2CCN3)c1,0
ZINC03701923,DUD_gr_D_2052,COc1ccc(-c2nn(-c3cc(Cl)ccc3OC)c3c2CCN3)cc1OC,0
ZINC03701928,DUD_gr_D_2053,COc1ccc(Cc2nn(-c3cc(Cl)ccc3OC)c3c2CCN3)cc1,0
ZINC03701941,DUD_gr_D_2054,COc1cccc(-c2nn(-c3cc(Cl)ccc3OC)c3c2CCN3)c1,0
ZINC03701950,DUD_gr_D_2055,COc1ccc(Cl)cc1-n1nc(-c2cccc(OC)c2OC)c2c1NCC2,0
ZINC03701951,DUD_gr_D_2056,COc1ccc(Cl)cc1-n1nc(-c2c(OC)cccc2OC)c2c1NCC2,0
ZINC03701952,DUD_gr_D_2057,COc1ccc(Cl)cc1-n1nc(-c2cccc(N(C)C)c2)c2c1NCC2,0
ZINC03701953,DUD_gr_D_2058,COc1ccc(Cl)cc1-n1nc(-c2cc(C)cc(C)c2)c2c1NCC2,0
ZINC03701958,DUD_gr_D_2059,COc1ccccc1Cc1nn(-c2cc(Cl)ccc2OC)c2c1CCN2,0
ZINC03701960,DUD_gr_D_2060,COc1cccc(Cc2nn(-c3cc(Cl)ccc3OC)c3c2CCN3)c1,0
ZINC03701965,DUD_gr_D_2061,COc1ccc(Cl)cc1-n1nc(-c2ccccc2SC)c2c1NCC2,0
ZINC03701971,DUD_gr_D_2062,COc1ccc(OC)c(-c2nn(-c3cc(Cl)ccc3OC)c3c2CCN3)c1,0
ZINC03704672,DUD_gr_D_2063,COc1ccc(-c2nn(-c3cccc(Cl)c3Cl)c3c2CCN3)c(OC)c1,0
ZINC03704687,DUD_gr_D_2064,COc1cc(OC)cc(-c2nn(-c3cccc(Cl)c3Cl)c3c2CCN3)c1,0
ZINC03704689,DUD_gr_D_2065,COc1ccc(-c2nn(-c3cccc(Cl)c3Cl)c3c2CCN3)cc1OC,0
ZINC03704716,DUD_gr_D_2066,COc1cccc(-c2nn(-c3cccc(Cl)c3Cl)c3c2CCN3)c1OC,0
ZINC03704717,DUD_gr_D_2067,COc1cccc(OC)c1-c1nn(-c2cccc(Cl)c2Cl)c2c1CCN2,0
ZINC03704737,DUD_gr_D_2068,COc1ccc(OC)c(-c2nn(-c3cccc(Cl)c3Cl)c3c2CCN3)c1,0
ZINC03704830,DUD_gr_D_2069,COc1ccc(-n2nc(-c3cc(Cl)ccc3OC)c3c2NCC3)cc1,0
ZINC03704851,DUD_gr_D_2070,COc1ccc(-n2nc(-c3cc(Br)ccc3OC)c3c2NCC3)cc1,0
ZINC03705902,DUD_gr_D_2071,COc1cc(-c2nn(-c3ccccc3F)c3c2CCN3)cc(OC)c1OC,0
ZINC03706288,DUD_gr_D_2072,Cc1ccc(-n2nc(-c3ccc(N(C)C)cc3)c3c2NCC3)cc1Cl,0
ZINC03706293,DUD_gr_D_2073,COc1ccc(-c2nn(-c3ccc(C)c(Cl)c3)c3c2CCN3)c(OC)c1,0
ZINC03706308,DUD_gr_D_2074,COc1cc(OC)cc(-c2nn(-c3ccc(C)c(Cl)c3)c3c2CCN3)c1,0
ZINC03706310,DUD_gr_D_2075,COc1ccc(-c2nn(-c3ccc(C)c(Cl)c3)c3c2CCN3)cc1OC,0
ZINC03706315,DUD_gr_D_2076,COc1ccc(Cc2nn(-c3ccc(C)c(Cl)c3)c3c2CCN3)cc1,0
ZINC03706441,DUD_gr_D_2077,CN(C)c1ccc(-c2nn(-c3cccc(Br)c3)c3c2CCN3)cc1,0
ZINC03706446,DUD_gr_D_2078,COc1ccc(-c2nn(-c3cccc(Br)c3)c3c2CCN3)c(OC)c1,0
ZINC03706450,DUD_gr_D_2079,COc1cc(-c2nn(-c3cccc(Br)c3)c3c2CCN3)cc(OC)c1OC,0
ZINC03706461,DUD_gr_D_2080,COc1cc(OC)cc(-c2nn(-c3cccc(Br)c3)c3c2CCN3)c1,0
ZINC03706463,DUD_gr_D_2081,COc1ccc(-c2nn(-c3cccc(Br)c3)c3c2CCN3)cc1OC,0
ZINC03706490,DUD_gr_D_2082,COc1cccc(-c2nn(-c3cccc(Br)c3)c3c2CCN3)c1OC,0
ZINC03706491,DUD_gr_D_2083,COc1cccc(OC)c1-c1nn(-c2cccc(Br)c2)c2c1CCN2,0
ZINC03706492,DUD_gr_D_2084,CN(C)c1cccc(-c2nn(-c3cccc(Br)c3)c3c2CCN3)c1,0
ZINC03706499,DUD_gr_D_2085,COc1ccc(CCc2nn(-c3cccc(Br)c3)c3c2CCN3)cc1,0
ZINC03706511,DUD_gr_D_2086,COc1ccc(OC)c(-c2nn(-c3cccc(Br)c3)c3c2CCN3)c1,0
ZINC03709697,DUD_gr_D_2087,CCc1ccc(-n2nc(-c3cc(Cl)ccc3OC)c3c2NCC3)cc1,0
ZINC03709715,DUD_gr_D_2088,CCc1ccc(-n2nc(-c3ccccc3SC)c3c2NCC3)cc1,0
ZINC03709718,DUD_gr_D_2089,CCc1ccc(-n2nc(-c3cc(Br)ccc3OC)c3c2NCC3)cc1,0
ZINC03709725,DUD_gr_D_2090,CCc1ccc(-n2nc(Cc3ccccc3Cl)c3c2NCC3)cc1,0
ZINC03709768,DUD_gr_D_2091,Cc1cc(Cl)ccc1-n1nc(-c2ccc(N(C)C)cc2)c2c1NCC2,0
ZINC03709773,DUD_gr_D_2092,COc1ccc(-c2nn(-c3ccc(Cl)cc3C)c3c2CCN3)c(OC)c1,0
ZINC03709777,DUD_gr_D_2093,COc1cc(-c2nn(-c3ccc(Cl)cc3C)c3c2CCN3)cc(OC)c1OC,0
ZINC03709788,DUD_gr_D_2094,COc1cc(OC)cc(-c2nn(-c3ccc(Cl)cc3C)c3c2CCN3)c1,0
ZINC03709790,DUD_gr_D_2095,COc1ccc(-c2nn(-c3ccc(Cl)cc3C)c3c2CCN3)cc1OC,0
ZINC03709795,DUD_gr_D_2096,COc1ccc(Cc2nn(-c3ccc(Cl)cc3C)c3c2CCN3)cc1,0
ZINC03709817,DUD_gr_D_2097,COc1cccc(-c2nn(-c3ccc(Cl)cc3C)c3c2CCN3)c1OC,0
ZINC03709818,DUD_gr_D_2098,COc1cccc(OC)c1-c1nn(-c2ccc(Cl)cc2C)c2c1CCN2,0
ZINC03709819,DUD_gr_D_2099,Cc1cc(Cl)ccc1-n1nc(-c2cccc(N(C)C)c2)c2c1NCC2,0
ZINC03709825,DUD_gr_D_2100,COc1ccccc1Cc1nn(-c2ccc(Cl)cc2C)c2c1CCN2,0
ZINC03709826,DUD_gr_D_2101,COc1ccc(CCc2nn(-c3ccc(Cl)cc3C)c3c2CCN3)cc1,0
ZINC03709827,DUD_gr_D_2102,COc1cccc(Cc2nn(-c3ccc(Cl)cc3C)c3c2CCN3)c1,0
ZINC03709832,DUD_gr_D_2103,CSc1ccccc1-c1nn(-c2ccc(Cl)cc2C)c2c1CCN2,0
ZINC03709838,DUD_gr_D_2104,COc1ccc(OC)c(-c2nn(-c3ccc(Cl)cc3C)c3c2CCN3)c1,0
ZINC03716003,DUD_gr_D_2105,COc1cccc(-c2nn(-c3ccc(C)c(Cl)c3)c3c2CCN3)c1OC,0
ZINC03716004,DUD_gr_D_2106,COc1cccc(OC)c1-c1nn(-c2ccc(C)c(Cl)c2)c2c1CCN2,0
ZINC03716005,DUD_gr_D_2107,Cc1ccc(-n2nc(-c3cccc(N(C)C)c3)c3c2NCC3)cc1Cl,0
ZINC03716278,DUD_gr_D_2108,COc1ccccc1Cc1nn(-c2ccc(C)c(Cl)c2)c2c1CCN2,0
ZINC03716279,DUD_gr_D_2109,COc1ccc(CCc2nn(-c3ccc(C)c(Cl)c3)c3c2CCN3)cc1,0
ZINC03716280,DUD_gr_D_2110,COc1cccc(Cc2nn(-c3ccc(C)c(Cl)c3)c3c2CCN3)c1,0
ZINC03716285,DUD_gr_D_2111,CSc1ccccc1-c1nn(-c2ccc(C)c(Cl)c2)c2c1CCN2,0
ZINC03716291,DUD_gr_D_2112,COc1ccc(OC)c(-c2nn(-c3ccc(C)c(Cl)c3)c3c2CCN3)c1,0
ZINC03716460,DUD_gr_D_2113,COc1ccc(-c2nn(-c3ccc(Cl)cc3)c3c2CCN3)c(OC)c1,0
ZINC03716464,DUD_gr_D_2114,COc1cc(-c2nn(-c3ccc(Cl)cc3)c3c2CCN3)cc(OC)c1OC,0
ZINC03716475,DUD_gr_D_2115,COc1cc(OC)cc(-c2nn(-c3ccc(Cl)cc3)c3c2CCN3)c1,0
ZINC03716477,DUD_gr_D_2116,COc1ccc(-c2nn(-c3ccc(Cl)cc3)c3c2CCN3)cc1OC,0
ZINC03716504,DUD_gr_D_2117,COc1cccc(-c2nn(-c3ccc(Cl)cc3)c3c2CCN3)c1OC,0
ZINC03716505,DUD_gr_D_2118,COc1cccc(OC)c1-c1nn(-c2ccc(Cl)cc2)c2c1CCN2,0
ZINC03716525,DUD_gr_D_2119,COc1ccc(OC)c(-c2nn(-c3ccc(Cl)cc3)c3c2CCN3)c1,0
ZINC03716577,DUD_gr_D_2120,COc1ccc(-c2nn(-c3cccc(Cl)c3)c3c2CCN3)c(OC)c1,0
ZINC03716581,DUD_gr_D_2121,COc1cc(-c2nn(-c3cccc(Cl)c3)c3c2CCN3)cc(OC)c1OC,0
ZINC03716592,DUD_gr_D_2122,COc1cc(OC)cc(-c2nn(-c3cccc(Cl)c3)c3c2CCN3)c1,0
ZINC03716594,DUD_gr_D_2123,COc1ccc(-c2nn(-c3cccc(Cl)c3)c3c2CCN3)cc1OC,0
ZINC03716621,DUD_gr_D_2124,COc1cccc(-c2nn(-c3cccc(Cl)c3)c3c2CCN3)c1OC,0
ZINC03716622,DUD_gr_D_2125,COc1cccc(OC)c1-c1nn(-c2cccc(Cl)c2)c2c1CCN2,0
ZINC03716642,DUD_gr_D_2126,COc1ccc(OC)c(-c2nn(-c3cccc(Cl)c3)c3c2CCN3)c1,0
ZINC03722214,DUD_gr_D_2127,CC(C)c1ccccc1-n1nc(-c2ccc(N(C)C)cc2)c2c1NCC2,0
ZINC03722234,DUD_gr_D_2128,COc1cc(OC)cc(-c2nn(-c3ccccc3C(C)C)c3c2CCN3)c1,0
ZINC03722246,DUD_gr_D_2129,CC(C)c1ccccc1-n1nc(-c2ccc(Br)cc2)c2c1NCC2,0
ZINC03722260,DUD_gr_D_2130,COc1ccc(Cl)cc1-c1nn(-c2ccccc2C(C)C)c2c1CCN2,0
ZINC03722263,DUD_gr_D_2131,COc1cccc(-c2nn(-c3ccccc3C(C)C)c3c2CCN3)c1OC,0
ZINC03722270,DUD_gr_D_2132,CC(C)c1ccccc1-n1nc(Cc2ccc(F)cc2)c2c1NCC2,0
ZINC03722281,DUD_gr_D_2133,COc1ccc(Br)cc1-c1nn(-c2ccccc2C(C)C)c2c1CCN2,0
ZINC03722286,DUD_gr_D_2134,CC(C)c1ccccc1-n1nc(-c2cccc(Br)c2)c2c1NCC2,0
ZINC03722288,DUD_gr_D_2135,CC(C)c1ccccc1-n1nc(Cc2ccccc2Cl)c2c1NCC2,0
ZINC03722290,DUD_gr_D_2136,CC(C)c1ccccc1-n1nc(-c2cncc(Br)c2)c2c1NCC2,0
ZINC03722398,DUD_gr_D_2137,COc1cc(-c2nn(-c3ccc(F)cc3F)c3c2CCN3)cc(OC)c1OC,0
ZINC03728093,DUD_gr_D_2138,COc1ccc(-c2nn(-c3ccccc3Cl)c3c2CCN3)c(OC)c1,0
ZINC03728097,DUD_gr_D_2139,COc1cc(-c2nn(-c3ccccc3Cl)c3c2CCN3)cc(OC)c1OC,0
ZINC03728108,DUD_gr_D_2140,COc1cc(OC)cc(-c2nn(-c3ccccc3Cl)c3c2CCN3)c1,0
ZINC03728110,DUD_gr_D_2141,COc1ccc(-c2nn(-c3ccccc3Cl)c3c2CCN3)cc1OC,0
ZINC03728137,DUD_gr_D_2142,COc1cccc(-c2nn(-c3ccccc3Cl)c3c2CCN3)c1OC,0
ZINC03728536,DUD_gr_D_2143,COc1ccc(OC)c(-c2nn(-c3ccccc3Cl)c3c2CCN3)c1,0
ZINC03728744,DUD_gr_D_2144,CCc1ccccc1-n1nc(-c2cc(Cl)ccc2OC)c2c1NCC2,0
ZINC03728765,DUD_gr_D_2145,CCc1ccccc1-n1nc(-c2cc(Br)ccc2OC)c2c1NCC2,0
ZINC03728861,DUD_gr_D_2146,COc1ccc(Cl)cc1-c1nn(-c2cccc(C)c2C)c2c1CCN2,0
ZINC03728882,DUD_gr_D_2147,COc1ccc(Br)cc1-c1nn(-c2cccc(C)c2C)c2c1CCN2,0
ZINC03734114,DUD_gr_D_2148,CN(C)c1ccc(-c2nn(-c3ccc(Br)cc3)c3c2CCN3)cc1,0
ZINC03734119,DUD_gr_D_2149,COc1ccc(-c2nn(-c3ccc(Br)cc3)c3c2CCN3)c(OC)c1,0
ZINC03734123,DUD_gr_D_2150,COc1cc(-c2nn(-c3ccc(Br)cc3)c3c2CCN3)cc(OC)c1OC,0
ZINC03734134,DUD_gr_D_2151,COc1cc(OC)cc(-c2nn(-c3ccc(Br)cc3)c3c2CCN3)c1,0
ZINC03734136,DUD_gr_D_2152,COc1ccc(-c2nn(-c3ccc(Br)cc3)c3c2CCN3)cc1OC,0
ZINC03734163,DUD_gr_D_2153,COc1cccc(-c2nn(-c3ccc(Br)cc3)c3c2CCN3)c1OC,0
ZINC03734164,DUD_gr_D_2154,COc1cccc(OC)c1-c1nn(-c2ccc(Br)cc2)c2c1CCN2,0
ZINC03734165,DUD_gr_D_2155,CN(C)c1cccc(-c2nn(-c3ccc(Br)cc3)c3c2CCN3)c1,0
ZINC03734172,DUD_gr_D_2156,COc1ccc(CCc2nn(-c3ccc(Br)cc3)c3c2CCN3)cc1,0
ZINC03734184,DUD_gr_D_2157,COc1ccc(OC)c(-c2nn(-c3ccc(Br)cc3)c3c2CCN3)c1,0
ZINC03734231,DUD_gr_D_2158,CN(C)c1ccc(-c2nn(-c3ccccc3Br)c3c2CCN3)cc1,0
ZINC03734236,DUD_gr_D_2159,COc1ccc(-c2nn(-c3ccccc3Br)c3c2CCN3)c(OC)c1,0
ZINC03734240,DUD_gr_D_2160,COc1cc(-c2nn(-c3ccccc3Br)c3c2CCN3)cc(OC)c1OC,0
ZINC03734251,DUD_gr_D_2161,COc1cc(OC)cc(-c2nn(-c3ccccc3Br)c3c2CCN3)c1,0
ZINC03734253,DUD_gr_D_2162,COc1ccc(-c2nn(-c3ccccc3Br)c3c2CCN3)cc1OC,0
ZINC03734280,DUD_gr_D_2163,COc1cccc(-c2nn(-c3ccccc3Br)c3c2CCN3)c1OC,0
ZINC03734281,DUD_gr_D_2164,COc1cccc(OC)c1-c1nn(-c2ccccc2Br)c2c1CCN2,0
ZINC03734282,DUD_gr_D_2165,CN(C)c1cccc(-c2nn(-c3ccccc3Br)c3c2CCN3)c1,0
ZINC03734289,DUD_gr_D_2166,COc1ccc(CCc2nn(-c3ccccc3Br)c3c2CCN3)cc1,0
ZINC03734301,DUD_gr_D_2167,COc1ccc(OC)c(-c2nn(-c3ccccc3Br)c3c2CCN3)c1,0
ZINC03734348,DUD_gr_D_2168,Cc1ccc(Cl)cc1-n1nc(-c2ccc(N(C)C)cc2)c2c1NCC2,0
ZINC03734353,DUD_gr_D_2169,COc1ccc(-c2nn(-c3cc(Cl)ccc3C)c3c2CCN3)c(OC)c1,0
ZINC03734357,DUD_gr_D_2170,COc1cc(-c2nn(-c3cc(Cl)ccc3C)c3c2CCN3)cc(OC)c1OC,0
ZINC03734368,DUD_gr_D_2171,COc1cc(OC)cc(-c2nn(-c3cc(Cl)ccc3C)c3c2CCN3)c1,0
ZINC03734464,DUD_gr_D_2172,COc1ccc(-c2nn(-c3cc(Cl)ccc3C)c3c2CCN3)cc1OC,0
ZINC03734469,DUD_gr_D_2173,COc1ccc(Cc2nn(-c3cc(Cl)ccc3C)c3c2CCN3)cc1,0
ZINC03734491,DUD_gr_D_2174,COc1cccc(-c2nn(-c3cc(Cl)ccc3C)c3c2CCN3)c1OC,0
ZINC03734492,DUD_gr_D_2175,COc1cccc(OC)c1-c1nn(-c2cc(Cl)ccc2C)c2c1CCN2,0
ZINC03734493,DUD_gr_D_2176,Cc1ccc(Cl)cc1-n1nc(-c2cccc(N(C)C)c2)c2c1NCC2,0
ZINC03734499,DUD_gr_D_2177,COc1ccccc1Cc1nn(-c2cc(Cl)ccc2C)c2c1CCN2,0
ZINC03734500,DUD_gr_D_2178,COc1ccc(CCc2nn(-c3cc(Cl)ccc3C)c3c2CCN3)cc1,0
ZINC03734501,DUD_gr_D_2179,COc1cccc(Cc2nn(-c3cc(Cl)ccc3C)c3c2CCN3)c1,0
ZINC03734512,DUD_gr_D_2180,COc1ccc(OC)c(-c2nn(-c3cc(Cl)ccc3C)c3c2CCN3)c1,0
ZINC03734558,DUD_gr_D_2181,Cc1c(Cl)cccc1-n1nc(-c2ccc(N(C)C)cc2)c2c1NCC2,0
ZINC03734563,DUD_gr_D_2182,COc1ccc(-c2nn(-c3cccc(Cl)c3C)c3c2CCN3)c(OC)c1,0
ZINC03734567,DUD_gr_D_2183,COc1cc(-c2nn(-c3cccc(Cl)c3C)c3c2CCN3)cc(OC)c1OC,0
ZINC03734578,DUD_gr_D_2184,COc1cc(OC)cc(-c2nn(-c3cccc(Cl)c3C)c3c2CCN3)c1,0
ZINC03734580,DUD_gr_D_2185,COc1ccc(-c2nn(-c3cccc(Cl)c3C)c3c2CCN3)cc1OC,0
ZINC03734585,DUD_gr_D_2186,COc1ccc(Cc2nn(-c3cccc(Cl)c3C)c3c2CCN3)cc1,0
ZINC03739968,DUD_gr_D_2187,COc1cccc(-c2nn(-c3cccc(Cl)c3C)c3c2CCN3)c1OC,0
ZINC03739969,DUD_gr_D_2188,COc1cccc(OC)c1-c1nn(-c2cccc(Cl)c2C)c2c1CCN2,0
ZINC03739970,DUD_gr_D_2189,Cc1c(Cl)cccc1-n1nc(-c2cccc(N(C)C)c2)c2c1NCC2,0
ZINC03739976,DUD_gr_D_2190,COc1ccccc1Cc1nn(-c2cccc(Cl)c2C)c2c1CCN2,0
ZINC03739977,DUD_gr_D_2191,COc1ccc(CCc2nn(-c3cccc(Cl)c3C)c3c2CCN3)cc1,0
ZINC03739978,DUD_gr_D_2192,COc1cccc(Cc2nn(-c3cccc(Cl)c3C)c3c2CCN3)c1,0
ZINC03739983,DUD_gr_D_2193,CSc1ccccc1-c1nn(-c2cccc(Cl)c2C)c2c1CCN2,0
ZINC03739989,DUD_gr_D_2194,COc1ccc(OC)c(-c2nn(-c3cccc(Cl)c3C)c3c2CCN3)c1,0
ZINC03740198,DUD_gr_D_2195,COc1ccc(Cl)cc1-c1nn(-c2ccc3c(c2)OCCO3)c2c1CCN2,0
ZINC03740215,DUD_gr_D_2196,Clc1ccc(Cc2nn(-c3ccc4c(c3)OCCO4)c3c2CCN3)c(Cl)c1,0
ZINC03740216,DUD_gr_D_2197,CSc1ccccc1-c1nn(-c2ccc3c(c2)OCCO3)c2c1CCN2,0
ZINC03740219,DUD_gr_D_2198,COc1ccc(Br)cc1-c1nn(-c2ccc3c(c2)OCCO3)c2c1CCN2,0
ZINC03740226,DUD_gr_D_2199,Clc1ccccc1Cc1nn(-c2ccc3c(c2)OCCO3)c2c1CCN2,0
ZINC03740314,DUD_gr_D_2200,COc1ccc(Cl)cc1-c1nn(-c2ccc(C)cc2C)c2c1CCN2,0
ZINC03740335,DUD_gr_D_2201,COc1ccc(Br)cc1-c1nn(-c2ccc(C)cc2C)c2c1CCN2,0
ZINC03740342,DUD_gr_D_2202,Cc1ccc(-n2nc(Cc3ccccc3Cl)c3c2NCC3)c(C)c1,0
ZINC03740461,DUD_gr_D_2203,COc1ccc(Cl)cc1-c1nn(-c2ccc(C)c(C)c2)c2c1CCN2,0
ZINC03778380,DUD_gr_D_2204,Cc1c[nH+]c(CSc2cc3ccccc3[nH]2)cc1N1CCCCC1,0
ZINC03800545,DUD_gr_D_2205,CC(=O)Nc1cc2c3cccc4c3n(c2c(-c2ccc(C)cc2)n1)CCC4,0
ZINC03806776,DUD_gr_D_2206,CCOC(=O)c1cnc2c(C)c3c([nH]c4ccc(Br)cc43)c(C)c2c1O,0
ZINC03816995,DUD_gr_D_2207,C[C@@]12Cc3cnn(-c4ccc(F)cc4)c3C=C1CCC[C@@H]2[C@H](O)c1ccsc1,0
ZINC03817366,DUD_gr_D_2208,C[N+]1(C)[C@H]2C[C@H](OC(=O)C3(O)c4ccccc4Oc4ccccc43)C[C@@H]1[C@@H]1C[C@H]12,0
ZINC03817369,DUD_gr_D_2209,C[N+]1(C)[C@@H]2CC(OC(=O)C3(O)c4ccccc4-c4ccccc43)C[C@@H]1[C@H]1C[C@@H]12,0
ZINC03818925,DUD_gr_D_2210,C[N+]1(C)[C@H]2CCC[C@H]1[C@@H](OC(=O)C1(O)c3ccccc3-c3ccccc31)C2,0
ZINC03818926,DUD_gr_D_2211,C[N+]1(C)[C@@H]2CCC[C@H]1[C@H](OC(=O)C(O)(c1cccs1)c1cccs1)C2,0
ZINC03820035,DUD_gr_D_2212,CSc1nc(-c2ccc(F)cc2)c(-c2ccnc(OC(C)C)c2)[nH]1,0
ZINC03820035,DUD_gr_D_2213,CSc1[nH]c(-c2ccnc(OC(C)C)c2)c(-c2ccc(F)cc2)[nH+]1,0
ZINC03820035,DUD_gr_D_2214,CSc1nc(-c2ccnc(OC(C)C)c2)c(-c2ccc(F)cc2)[nH]1,0
ZINC03849402,DUD_gr_D_2215,COc1ccc(/N=c2/ssc3c2-c2ccc(C)cc2NC3(C)C)cc1,0
ZINC03850850,DUD_gr_D_2216,C[C@H](Nc1ncnc2c1sc1nc3c(cc12)COC(C)(C)C3)c1ccccc1,0
ZINC03850852,DUD_gr_D_2217,C[C@H](Nc1ncnc2c1sc1nc3c(cc12)COC(C)(C)C3)c1ccccc1,0
ZINC03851253,DUD_gr_D_2218,Cc1ccc(C(=O)NC(=S)/C=C2/N(C)c3ccccc3C2(C)C)cc1,0
ZINC03851709,DUD_gr_D_2219,COc1ccc2cc3cc(C(=O)Nc4c(C)cc(C)cc4C)sc3nc2c1,0
ZINC03852111,DUD_gr_D_2220,Cc1ccc(-n2c(-c3ccccc3)cs/c2=N/NC2=CCCCC2)cc1,0
ZINC03852174,DUD_gr_D_2221,Cc1ccc2[nH]c(SCc3nc4nc(C)cc(C)n4c3Br)nc2c1,0
ZINC03852174,DUD_gr_D_2222,Cc1ccc2[nH]c(SCc3[nH+]c4nc(C)cc(C)n4c3Br)[nH+]c2c1,0
ZINC03852174,DUD_gr_D_2223,Cc1ccc2[nH]c(SCc3[nH+]c4nc(C)cc(C)n4c3Br)nc2c1,0
ZINC03852174,DUD_gr_D_2224,Cc1ccc2[nH]c(SCc3nc4nc(C)cc(C)n4c3Br)[nH+]c2c1,0
ZINC03852831,DUD_gr_D_2225,C[C@@H](NC(=O)c1csc2c1CC[C@H](C(C)(C)C)C2)c1ccncc1,0
ZINC03852832,DUD_gr_D_2226,C[C@@H](NC(=O)c1csc2c1CC[C@H](C(C)(C)C)C2)c1ccncc1,0
ZINC03852833,DUD_gr_D_2227,C[C@@H](NC(=O)c1csc2c1CC[C@@H](C(C)(C)C)C2)c1ccncc1,0
ZINC03852834,DUD_gr_D_2228,C[C@H](NC(=O)c1csc2c1CC[C@H](C(C)(C)C)C2)c1ccncc1,0
ZINC03852874,DUD_gr_D_2229,Cc1ccc(Cl)cc1NC(=O)/C=C\c1c(C)nn(-c2ccccc2)c1C,0
ZINC03853322,DUD_gr_D_2230,CCn1c(C)cc(/C=C2/C(=O)NC(=S)N(c3ccccc3C)C2=O)c1C,0
ZINC03853323,DUD_gr_D_2231,CCn1c(C)cc(/C=C2/C(=O)NC(=S)N(c3ccccc3C)C2=O)c1C,0
ZINC03853324,DUD_gr_D_2232,CCc1ccccc1N1C(=O)/C(=C/c2cc(C)n(CC)c2C)C(=O)NC1=S,0
ZINC03853416,DUD_gr_D_2233,CCn1c(C)cc(/C=C2/C(=O)NC(=S)N(c3cccc(C)c3C)C2=O)c1C,0
ZINC03853417,DUD_gr_D_2234,CCn1c(C)cc(/C=C2/C(=O)NC(=S)N(c3cccc(C)c3C)C2=O)c1C,0
ZINC03853562,DUD_gr_D_2235,O=c1c2c3c(sc2[nH]c(=S)n1C/C=C/[C@@H]1C=CC=CC1)CCCC3,0
ZINC03853577,DUD_gr_D_2236,CC(C)(C)c1ccc(/C=C2\NC(=S)N(c3ccccc3)C2=O)cc1,0
ZINC03853815,DUD_gr_D_2237,O=C(NCc1ccccc1Cl)c1ccc2c(c1)ncn2C1CCCC1,0
ZINC03853815,DUD_gr_D_2238,O=C(NCc1ccccc1Cl)c1ccc2c(c1)[nH+]cn2C1CCCC1,0
ZINC03853833,DUD_gr_D_2239,CC[C@H](C)NC(=O)c1ccc2c(c1)nc(C)n2-c1ccc(Br)cc1,0
ZINC03853833,DUD_gr_D_2240,CC[C@H](C)NC(=O)c1ccc2c(c1)[nH+]c(C)n2-c1ccc(Br)cc1,0
ZINC03853834,DUD_gr_D_2241,CC[C@H](C)NC(=O)c1ccc2c(c1)nc(C)n2-c1ccc(Br)cc1,0
ZINC03853834,DUD_gr_D_2242,CC[C@H](C)NC(=O)c1ccc2c(c1)[nH+]c(C)n2-c1ccc(Br)cc1,0
ZINC03853835,DUD_gr_D_2243,Cc1nc2cc(C(=O)NC3CCCC3)ccc2n1-c1ccc(Br)cc1,0
ZINC03853835,DUD_gr_D_2244,Cc1[nH+]c2cc(C(=O)NC3CCCC3)ccc2n1-c1ccc(Br)cc1,0
ZINC03853899,DUD_gr_D_2245,C=c1[nH]n(-c2ccc(C)c(C)c2)c(=O)/c1=C/c1ccc(OC)c(Br)c1,0
ZINC03854602,DUD_gr_D_2246,Cc1cc(C)c2[nH]c(-c3ccccc3)c(/C=C3\SC(=S)N(C)C3=O)c2c1,0
ZINC03854653,DUD_gr_D_2247,Cc1ccc2[nH]c(C)c(/C=C3/SC(=S)N(c4ccccc4C)C3=O)c2c1,0
ZINC03854654,DUD_gr_D_2248,Cc1ccc2[nH]c(C)c(/C=C3/SC(=S)N(c4ccccc4C)C3=O)c2c1,0
ZINC03854678,DUD_gr_D_2249,Cc1cccc(N2C(=O)/C(=C\c3c(C)[nH]c4ccc(C)cc34)SC2=S)c1,0
ZINC03854693,DUD_gr_D_2250,CCN1C(=O)/C(=C\c2cc(C)n(-c3cccc(C)c3C)c2C)NC1=S,0
ZINC03854724,DUD_gr_D_2251,Cc1cccc(-n2nc3c(c2NC(=O)/C=C\c2ccccc2)CSC3)c1C,0
ZINC03854729,DUD_gr_D_2252,Cc1nc2cc(C(=O)NC3CCCCCC3)ccc2n1-c1cccc(F)c1,0
ZINC03854729,DUD_gr_D_2253,Cc1[nH+]c2cc(C(=O)NC3CCCCCC3)ccc2n1-c1cccc(F)c1,0
ZINC03854730,DUD_gr_D_2254,Cc1nc2cc(C(=O)N[C@H]3CCCC[C@H]3C)ccc2n1-c1cccc(F)c1,0
ZINC03854730,DUD_gr_D_2255,Cc1[nH+]c2cc(C(=O)N[C@@H]3CCCC[C@@H]3C)ccc2n1-c1cccc(F)c1,0
ZINC03854731,DUD_gr_D_2256,Cc1nc2cc(C(=O)N[C@@H]3CCCC[C@H]3C)ccc2n1-c1cccc(F)c1,0
ZINC03854731,DUD_gr_D_2257,Cc1[nH+]c2cc(C(=O)N[C@H]3CCCC[C@@H]3C)ccc2n1-c1cccc(F)c1,0
ZINC03854732,DUD_gr_D_2258,Cc1nc2cc(C(=O)N[C@@H]3CCCC[C@@H]3C)ccc2n1-c1cccc(F)c1,0
ZINC03854732,DUD_gr_D_2259,Cc1[nH+]c2cc(C(=O)N[C@@H]3CCCC[C@H]3C)ccc2n1-c1cccc(F)c1,0
ZINC03854733,DUD_gr_D_2260,Cc1nc2cc(C(=O)N[C@@H]3CCCC[C@H]3C)ccc2n1-c1cccc(F)c1,0
ZINC03854733,DUD_gr_D_2261,Cc1[nH+]c2cc(C(=O)N[C@@H]3CCCC[C@@H]3C)ccc2n1-c1cccc(F)c1,0
ZINC03854828,DUD_gr_D_2262,Cc1ccc(C)c(NC(=S)N(C2CCCCC2)[C@@H](C)c2cccnc2)c1,0
ZINC03854829,DUD_gr_D_2263,Cc1ccc(C)c(NC(=S)N(C2CCCCC2)[C@H](C)c2cccnc2)c1,0
ZINC03854966,DUD_gr_D_2264,Cc1ccc(C23C[C@H]4C[C@@H](CC(C(=O)Nc5ccc(Br)cn5)(C4)C2)C3)cc1,0
ZINC03855003,DUD_gr_D_2265,COc1cccc(/N=c2/ssc3c2-c2cc(C)ccc2NC3(C)C)c1,0
ZINC03855189,DUD_gr_D_2266,Cc1ccc(N2C(=O)/C(=C/c3ccc(C(C)C)cc3)NC2=S)cc1,0
ZINC03855204,DUD_gr_D_2267,COc1cccc(N2C(=O)/C(=C/c3ccc(C(C)C)cc3)NC2=S)c1,0
ZINC03855548,DUD_gr_D_2268,CCOc1ccc(-c2nc(O)c3c(C)c(C)sc3n2)c2ccccc12,0
ZINC03855999,DUD_gr_D_2269,COc1ccc(N2C(=O)/C(=C\c3ccc(C(C)C)cc3)NC2=S)cc1,0
ZINC03856000,DUD_gr_D_2270,COc1ccc(N2C(=O)/C(=C\c3ccc(C(C)C)cc3)NC2=S)cc1,0
ZINC03856128,DUD_gr_D_2271,Cc1ccc(N2C(=O)/C(=C/c3c(C)[nH]c4ccccc34)SC2=S)cc1C,0
ZINC03856281,DUD_gr_D_2272,CCn1c(-c2ccc(C)cc2)cs/c1=N\c1ccc(NC(C)=O)cc1,0
ZINC03857245,DUD_gr_D_2273,CCOC(=O)/C=C(\C)N1NC(c2cccs2)=C[C@H]1c1ccc(F)cc1,0
ZINC03857334,DUD_gr_D_2274,COc1ccc(OC)c(/N=c2\ssc3c2-c2cc(C)ccc2NC3(C)C)c1,0
ZINC03857466,DUD_gr_D_2275,COc1ccc2c(c1)-c1c(ss/c1=N/c1ccccc1C)C(C)(C)N2,0
ZINC03857477,DUD_gr_D_2276,O=C(Nc1ccc(N2CCCCC2)cc1)/C(Br)=C/c1ccccc1,0
ZINC03858026,DUD_gr_D_2277,COc1ccc2c(c1)NC(C)(C)c1ss/c(=N/c3ccccc3C)c1-2,0
ZINC03858266,DUD_gr_D_2278,CC(=O)N1NC2=C(C[C@H](C)C/C2=C\c2cccs2)[C@H]1c1cccs1,0
ZINC03858456,DUD_gr_D_2279,Cc1ccc(N2C(=O)/C(=C\c3cc(C)n(C)c3C)C(=O)NC2=S)cc1,0
ZINC03858754,DUD_gr_D_2280,CN(C(=S)NC(=O)/C=C\c1cccc2ccccc12)C1CCCCC1,0
ZINC03858834,DUD_gr_D_2281,Cc1ccc(N2C(=O)/C(=C/c3ccc(N(C)C)cc3)NC2=S)cc1,0
ZINC03858860,DUD_gr_D_2282,COc1cc(C)c(/C=C2/NC(=S)N(c3ccccc3)C2=O)cc1C(C)C,0
ZINC03858862,DUD_gr_D_2283,COc1ccc(/C=C2\NC(=S)N(c3ccc(C)c(C)c3)C2=O)cc1,0
ZINC03859259,DUD_gr_D_2284,Brc1ccc(CNc2ccc3c(c2)ncn3C2CCCCC2)cc1,0
ZINC03859259,DUD_gr_D_2285,Brc1ccc(CNc2ccc3c(c2)[nH+]cn3C2CCCCC2)cc1,0
ZINC03859331,DUD_gr_D_2286,COc1cccc(/N=c2/ssc3c2-c2ccc(C)cc2NC3(C)C)c1,0
ZINC03859386,DUD_gr_D_2287,Cc1ccc2c(c1)-c1c(ss/c1=N/c1cccc(C)n1)C(C)(C)N2,0
ZINC03859399,DUD_gr_D_2288,Cc1ccc2c(c1)-c1c(ss/c1=N\c1ccc3c(c1)OCO3)C(C)(C)N2,0
ZINC03859428,DUD_gr_D_2289,CCOc1ccc2c(c1)-c1c(ss/c1=N\c1cccc(C)n1)C(C)(C)N2,0
ZINC03859670,DUD_gr_D_2290,CCc1ccccc1N1C(=O)/C(=C/c2cc(C)n(C)c2C)C(=O)NC1=S,0
ZINC03859720,DUD_gr_D_2291,Cc1cccc(N2C(=O)/C(=C/c3cc(C)n(C)c3C)C(=O)NC2=S)c1C,0
ZINC03859883,DUD_gr_D_2292,COc1ccc2c(c1)-c1c(ss/c1=N\c1cccc(C)c1)C(C)(C)N2,0
ZINC03863332,DUD_gr_D_2293,CC(C)(C)c1ccc(/C=C2/NC(=S)N(c3ccccc3)C2=O)cc1,0
ZINC03863662,DUD_gr_D_2294,O=C(/C=C\c1cccc2ccccc12)NC(=S)N1CCCCCC1,0
ZINC03863663,DUD_gr_D_2295,CC1CCN(C(=S)NC(=O)/C=C/c2cccc3ccccc23)CC1,0
ZINC03863946,DUD_gr_D_2296,Cc1cc(/C=C2\C(=O)Nc3cc(Cl)ccc32)c(C)n1C1CCCC1,0
ZINC03863983,DUD_gr_D_2297,COc1ccc(C)cc1NC(=S)N1CCN(c2cccc[nH+]2)CC1,0
ZINC03864190,DUD_gr_D_2298,Cc1ccc(N2C(=O)/C(=C/c3ccc(N(C)C)o3)C(=O)NC2=S)c(C)c1,0
ZINC03864287,DUD_gr_D_2299,COc1cc(C)c(/C=C2\NC(=S)N(c3ccccc3)C2=O)cc1C(C)C,0
ZINC03866779,DUD_gr_D_2300,Cc1nc(SCc2nc3ccccc3[nH]2)c2c3c(sc2n1)CCCC3,0
ZINC03866779,DUD_gr_D_2301,Cc1nc(SCc2[nH]c3ccccc3[nH+]2)c2c3c(sc2n1)CCCC3,0
ZINC03866821,DUD_gr_D_2302,Cn1/c(=N/NC(=O)Cc2coc3cc4c(cc23)CCC4)sc2ccccc21,0
ZINC03866822,DUD_gr_D_2303,Cn1/c(=N\NC(=O)Cc2coc3cc4c(cc23)CCC4)sc2ccccc21,0
ZINC03866899,DUD_gr_D_2304,Cc1cc(/N=c2\cccc(N3CCCCC3)[nH]2)n(-c2ccc(Cl)cc2)n1,0
ZINC03867038,DUD_gr_D_2305,COc1ccccc1C(=O)NC(=S)/C=C1/N(C)c2ccccc2C1(C)C,0
ZINC03867699,DUD_gr_D_2306,CC(=O)CSc1nc(-c2ccc(C)cc2)c(-c2ccc(C)cc2)[nH]1,0
ZINC03867699,DUD_gr_D_2307,CC(=O)CSc1[nH]c(-c2ccc(C)cc2)c(-c2ccc(C)cc2)[nH+]1,0
ZINC03867707,DUD_gr_D_2308,Cc1sc2ncnc(N[C@H](C)c3ccc(-n4ccnc4)cc3)c2c1C,0
ZINC03867707,DUD_gr_D_2309,Cc1sc2ncnc(N[C@H](C)c3ccc(-n4cc[nH+]c4)cc3)c2c1C,0
ZINC03868502,DUD_gr_D_2310,COc1ccc(NC(=S)/N=C2\CCCN2c2cccc(C)c2C)cc1,0
ZINC03868749,DUD_gr_D_2311,Cc1cccc(/N=C2/NC(=S)N(c3ccccc3C)C23CCCC3)c1,0
ZINC03868750,DUD_gr_D_2312,Cc1cccc(/N=C2/NC(=S)N(c3ccccc3C)C23CCCC3)c1,0
ZINC03868751,DUD_gr_D_2313,Cc1ccc(N2C(=S)N/C(=N\c3cccc(C)c3)C23CCCC3)cc1,0
ZINC03868752,DUD_gr_D_2314,Cc1ccc(N2C(=S)N/C(=N\c3cccc(C)c3)C23CCCCC3)cc1,0
ZINC03868753,DUD_gr_D_2315,Cc1cccc(/N=C2/NC(=S)N(c3ccccc3)C23CCCCC3)c1,0
ZINC03868755,DUD_gr_D_2316,Cc1cccc(/N=C2/NC(=S)N(c3cccc(C)c3)C23CCCCC3)c1,0
ZINC03868761,DUD_gr_D_2317,Cc1cccc(/N=C2/NC(=S)N(c3ccccc3C)C23CCCCC3)c1,0
ZINC03868762,DUD_gr_D_2318,Cc1cccc(/N=C2/NC(=S)N(c3ccccc3C)C23CCCCC3)c1,0
ZINC03868763,DUD_gr_D_2319,Cc1cccc(/N=C2\NC(=S)N(c3cccc(C)c3)C23CCCC3)c1,0
ZINC03868764,DUD_gr_D_2320,Cc1cccc(/N=C2\NC(=S)N(c3cccc(C)c3)C23CCCC3)c1,0
ZINC03868866,DUD_gr_D_2321,CC(C)c1ccccc1-n1nc(Cc2ccccn2)c2c1NCCCC2,0
ZINC03868871,DUD_gr_D_2322,Cc1cc(Cl)ccc1-n1nc(Cc2ccccn2)c2c1NCCCC2,0
ZINC03868872,DUD_gr_D_2323,COc1ccc(Cl)cc1-n1nc(Cc2ccccn2)c2c1NCCCC2,0
ZINC03868873,DUD_gr_D_2324,Brc1cccc(-n2nc(Cc3ccccn3)c3c2NCCCC3)c1,0
ZINC03869031,DUD_gr_D_2325,C=c1[nH]n(-c2ccc(C)c(C)c2)c(=O)/c1=C\c1cc(Br)ccc1OC,0
ZINC03873669,DUD_gr_D_2326,CCN1C(=O)/C(=C/c2cc(C)n(-c3c(C)cccc3C)c2C)NC1=S,0
ZINC03873670,DUD_gr_D_2327,CCN1C(=O)/C(=C\c2cc(C)n(-c3c(C)cccc3C)c2C)NC1=S,0
ZINC03873703,DUD_gr_D_2328,C#CCN1C(=O)S/C(=C/c2cc(C)n(-c3c(C)cccc3C)c2C)C1=O,0
ZINC03886774,DUD_gr_D_2329,COc1ccc(-n2c(S)nnc2-c2ccc(C(C)(C)C)cc2)cc1,0
ZINC03887226,DUD_gr_D_2330,Cc1ccc(N2C(=O)/C(=C/c3ccc(C(C)C)cc3)NC2=S)cc1,0
ZINC03889459,DUD_gr_D_2331,COc1ccc2c(c1)C1=NN(/C(C)=C\C(C)=O)[C@@H](c3ccc(F)cc3)[C@H]1CC2,0
ZINC03889566,DUD_gr_D_2332,Cc1cccc(/N=C2\NC(=S)N(c3ccccc3)C23CCCC3)c1,0
ZINC03889756,DUD_gr_D_2333,Cc1ccc(N2C(=S)N/C(=N\c3ccccc3C)[C@@]23CCOC(C)(C)C3)cc1,0
ZINC03889758,DUD_gr_D_2334,Cc1ccc(N2C(=S)N/C(=N\c3ccccc3C)[C@]23CCOC(C)(C)C3)cc1,0
ZINC03889862,DUD_gr_D_2335,Cc1cc(/C=N/NC(=O)c2cccc(Br)c2)c(C)n1C1CCCCC1,0
ZINC03889934,DUD_gr_D_2336,Cc1cc(/C=N\NC(=O)c2ccccc2Br)c(C)n1C1CCCCC1,0
ZINC03890205,DUD_gr_D_2337,COc1ccc([C@H]2NC(SC)=NC(C)=C2C(=O)Nc2ccccc2)cc1,0
ZINC03890917,DUD_gr_D_2338,Cc1ccc(N2C(S)=N/C(=N\c3ccccc3C)[C@@]23CCOC(C)(C)C3)cc1,0
ZINC03890919,DUD_gr_D_2339,Cc1ccc(N2C(S)=N/C(=N\c3ccccc3C)[C@]23CCOC(C)(C)C3)cc1,0
ZINC03892350,DUD_gr_D_2340,CC(C)(C)n1nc2c(c1NC(=O)c1ccc3ccccc3c1)CSC2,0
ZINC03892879,DUD_gr_D_2341,C[C@@]12CC[C@@H]3[C@@H](CC=C4C[C@H](O)CC[C@]43C)[C@@H]1C/C(=C/c1ccccc1F)C2=O,0
ZINC03893219,DUD_gr_D_2342,Cc1ccc(-n2nc3c(c2NC(=O)c2ccccc2F)CSC3)c(C)c1,0
ZINC03893223,DUD_gr_D_2343,COc1cccc(C(=O)Nc2c3c(nn2-c2ccc(C)cc2)CSC3)c1,0
ZINC03893241,DUD_gr_D_2344,Cc1ccc(-n2nc3c(c2NC(=O)c2cccs2)CSC3)c(C)c1,0
ZINC03894486,DUD_gr_D_2345,Cc1cc(N2CCC(C)CC2)[nH+]c2ccc(NC(=O)c3cccs3)cc12,0
ZINC03894769,DUD_gr_D_2346,CC1CCN(C(=O)c2cnc(Nc3ccc(F)cc3)c3ccccc23)CC1,0
ZINC03896330,DUD_gr_D_2347,C[C@@H]1CCC[C@@H](NC(=O)c2cc(-c3cccs3)nc3ccccc23)[C@@H]1C,0
ZINC03896550,DUD_gr_D_2348,CCc1cccc(C)c1Nc1c(-c2ccc(C)s2)nc2cnccn12,0
ZINC03896550,DUD_gr_D_2349,CCc1cccc(C)c1Nc1c(-c2ccc(C)s2)[nH+]c2cnccn12,0
ZINC03897028,DUD_gr_D_2350,COc1ccccc1-c1csc(NC(=O)C23CC4CC(CC(C4)C2)C3)n1,0
ZINC03906255,DUD_gr_D_2351,COc1ccc(Nc2c(-c3ccc(C)o3)nc3ccc(Cl)cn23)cc1,0
ZINC03906255,DUD_gr_D_2352,COc1ccc(Nc2c(-c3ccc(C)o3)[nH+]c3ccc(Cl)cn23)cc1,0
ZINC03906256,DUD_gr_D_2353,Cc1ccc(-c2nc3ccc(Cl)cn3c2Nc2c(C)cccc2C)o1,0
ZINC03906256,DUD_gr_D_2354,Cc1ccc(-c2[nH+]c3ccc(Cl)cn3c2Nc2c(C)cccc2C)o1,0
ZINC03906494,DUD_gr_D_2355,Cc1ccn2c(NC(=O)C3CCCCC3)c(-c3ccc(F)cc3)nc2c1,0
ZINC03906882,DUD_gr_D_2356,COc1cccc2c1O[C@]1(C)[C@H](C)[C@H]2NC(=S)N1c1c(C)cccc1C,0
ZINC03906927,DUD_gr_D_2357,COc1ccc(-c2cn(-c3ccc(C)cc3C)c(=S)[nH]2)cc1OC,0
ZINC03909863,DUD_gr_D_2358,Cc1ccc(-c2nc3sccn3c2Nc2ccc3c(c2)OCCO3)cc1,0
ZINC03909863,DUD_gr_D_2359,Cc1ccc(-c2[nH+]c3sccn3c2Nc2ccc3c(c2)OCCO3)cc1,0
ZINC03909868,DUD_gr_D_2360,COc1ccc(-c2nc3sccn3c2Nc2c(C)cccc2C)cc1,0
ZINC03909868,DUD_gr_D_2361,COc1ccc(-c2[nH+]c3sccn3c2Nc2c(C)cccc2C)cc1,0
ZINC03909911,DUD_gr_D_2362,CSc1ccc(-c2nc3ccc(C)cn3c2NC2CCCCC2)cc1,0
ZINC03909911,DUD_gr_D_2363,CSc1ccc(-c2[nH+]c3ccc(C)cn3c2NC2CCCCC2)cc1,0
ZINC03909914,DUD_gr_D_2364,CSc1ccc(-c2[nH+]c3ccc(Cl)cn3c2NC2CCCCC2)cc1,0
ZINC03909915,DUD_gr_D_2365,CSc1ccc(-c2nc3cccc(C)n3c2NC2CCCCC2)cc1,0
ZINC03909915,DUD_gr_D_2366,CSc1ccc(-c2[nH+]c3cccc(C)n3c2NC2CCCCC2)cc1,0
ZINC03909943,DUD_gr_D_2367,Cc1ccc(-c2nc3nc(C)cc(C)n3c2Nc2ccc(Cl)cc2)cc1,0
ZINC03909943,DUD_gr_D_2368,Cc1ccc(-c2[nH+]c3nc(C)cc(C)n3c2Nc2ccc(Cl)cc2)cc1,0
ZINC03909996,DUD_gr_D_2369,CSc1ccc(-c2nc3sccn3c2Nc2c(C)cccc2C)cc1,0
ZINC03909996,DUD_gr_D_2370,CSc1ccc(-c2[nH+]c3sccn3c2Nc2c(C)cccc2C)cc1,0
ZINC03911499,DUD_gr_D_2371,Cc1cccn2c(Nc3ccc4c(c3)OCCO4)c(-c3ccsc3)nc12,0
ZINC03911499,DUD_gr_D_2372,Cc1cccn2c(Nc3ccc4c(c3)OCCO4)c(-c3ccsc3)[nH+]c12,0
ZINC03911615,DUD_gr_D_2373,CSc1ccc(-c2nc3cccc(C)n3c2Nc2ccc(C)cc2)cc1,0
ZINC03911615,DUD_gr_D_2374,CSc1ccc(-c2[nH+]c3cccc(C)n3c2Nc2ccc(C)cc2)cc1,0
ZINC03911639,DUD_gr_D_2375,Cc1ccc(-c2nc3ccccn3c2Nc2ccc3c(c2)OCCO3)s1,0
ZINC03911639,DUD_gr_D_2376,Cc1ccc(-c2[nH+]c3ccccn3c2Nc2ccc3c(c2)OCCO3)s1,0
ZINC03912415,DUD_gr_D_2377,Cc1ccccc1/N=C1\NC(=S)N(c2ccccc2)C12CCCCC2,0
ZINC03928428,DUD_gr_D_2378,Cc1ncc2c(n1)N(C)CC[C@@H]2Nc1ccccc1Sc1ccccc1,0
ZINC03940427,DUD_gr_D_2379,O=C(NCC12CC3CC(CC(C3)C1)C2)C(=S)Nc1cccc2ccccc12,0
ZINC03943021,DUD_gr_D_2380,Cc1ccc(NC(=O)c2cn(C(C)C)c3cc(Cl)ccc23)nc1,0
ZINC03962578,DUD_gr_D_2381,COc1ccc([C@@]2(C(=O)Nc3nccs3)C[C@@H]2C2CCCCC2)cc1,0
ZINC03969057,DUD_gr_D_2382,C[C@]12CC[C@@H]3[C@H](CC=C4C[C@@H](O)CC[C@]43C)[C@@H]1C/C(=C/c1ccc(F)cc1)C2=O,0
ZINC03969464,DUD_gr_D_2383,Cc1ccc(N2C(=S)N/C(=N\c3c(C)cccc3C)C23CCCCC3)cc1,0
ZINC03969465,DUD_gr_D_2384,Cc1ccc(N2C(=S)N/C(=N\c3c(C)cccc3C)C23CCCC3)cc1,0
ZINC03969609,DUD_gr_D_2385,CSc1nc2sc3c(c2c(=N)n1-c1ccccc1)CC(C)(C)OC3,0
ZINC03969818,DUD_gr_D_2386,Cc1cccc(N2C(=S)N/C(=N\c3c(C)cccc3C)C23CCCCC3)c1,0
ZINC03969819,DUD_gr_D_2387,COc1ccc(N2C(=S)N/C(=N\c3c(C)cccc3C)C23CCCCC3)cc1,0
ZINC03969820,DUD_gr_D_2388,COc1ccc(N2C(=S)N/C(=N\c3c(C)cccc3C)C23CCCCC3)cc1,0
ZINC03969821,DUD_gr_D_2389,COc1ccc(N2C(=S)N/C(=N\c3c(C)cccc3C)C2(C)C)cc1,0
ZINC03969822,DUD_gr_D_2390,COc1ccc(N2C(=S)N/C(=N\c3c(C)cccc3C)C2(C)C)cc1,0
ZINC03969823,DUD_gr_D_2391,CC[C@]1(C)/C(=N/c2c(C)cccc2C)NC(=S)N1c1cccc(C)c1,0
ZINC03969824,DUD_gr_D_2392,CC[C@@]1(C)/C(=N\c2c(C)cccc2C)NC(=S)N1c1cccc(C)c1,0
ZINC03969825,DUD_gr_D_2393,Cc1cccc(N2C(=S)N/C(=N\c3c(C)cccc3C)C23CCCC3)c1,0
ZINC03970434,DUD_gr_D_2394,Cc1cccc(C)c1/N=C1\NC(=S)N(c2ccc(N(C)C)cc2)C1(C)C,0
ZINC03970435,DUD_gr_D_2395,Cc1cccc(C)c1/N=C1\NC(=S)N(c2ccc(N(C)C)cc2)C1(C)C,0
ZINC03970862,DUD_gr_D_2396,COc1ccc(N2C(=S)N/C(=N/c3ccccc3)C23CCCCC3)cc1,0
ZINC03971995,DUD_gr_D_2397,COc1ccc(N2C(=S)N/C(=N\c3cccc(C)c3)C23CCCC3)cc1,0
ZINC03971997,DUD_gr_D_2398,COc1ccc(N2C(=S)N/C(=N/c3cccc(C)c3)C23CCCC3)cc1,0
ZINC03972426,DUD_gr_D_2399,C[C@]12CC[C@@H]3[C@H](CC=C4C[C@H](O)CC[C@@]43C)[C@H]1C/C(=C\c1cccs1)C2=O,0
ZINC03972428,DUD_gr_D_2400,C[C@@]12CC[C@@H]3[C@H](CC[C@H]4C[C@@H](O)CC[C@]43C)[C@@H]1C/C(=C\c1cccs1)C2=O,0
ZINC03973497,DUD_gr_D_2401,Cc1nn(-c2ccccc2)c(C)c1/C=N/NC(=O)c1csc2c1CCCC2,0
ZINC03974144,DUD_gr_D_2402,COc1ccc2c(c1)C1=C(CC2)[C@H](c2ccccc2)N(/C(C)=C/C(C)=O)N1,0
ZINC03974145,DUD_gr_D_2403,COc1ccc2c(c1)CCC1=C2NN(/C(C)=C\C(C)=O)[C@@H]1c1ccccc1F,0
ZINC03974719,DUD_gr_D_2404,C[C@@]12CC[C@H]3[C@@H](CC=C4C[C@@H](O)CC[C@@]43C)[C@@H]1C/C(=C\c1cccs1)C2=O,0
ZINC03975136,DUD_gr_D_2405,Cc1cccc(N2C(S)=N/C(=N/c3c(C)cccc3C)[C@@]23CCOC(C)(C)C3)c1,0
ZINC03976247,DUD_gr_D_2406,COc1ccc2c(c1)C1=C(CC2)[C@@H](c2cccc(F)c2)N(/C(C)=C\C(C)=O)N1,0
ZINC03976834,DUD_gr_D_2407,COc1ccc(N2C(=S)N/C(=N\c3cccc(C)c3)C23CCCCC3)cc1,0
ZINC03977021,DUD_gr_D_2408,CCc1cccc(C)c1/N=C1/NC(=S)N(c2ccc(C)cc2)C12CCCC2,0
ZINC03977022,DUD_gr_D_2409,CCc1cccc(C)c1/N=C1/NC(=S)N(c2ccc(C)cc2)C12CCCC2,0
ZINC03977025,DUD_gr_D_2410,CSC1=N/C(=N\c2c(C)cccc2C)C2(CCCC2)N1c1cccc(O)c1,0
ZINC03977191,DUD_gr_D_2411,CCc1cccc(C)c1/N=C1/NC(=S)N(c2ccccc2C)C12CCCC2,0
ZINC03977192,DUD_gr_D_2412,Cc1cccc(C)c1/N=C1/NC(=S)N(c2ccccc2)C12CCCC2,0
ZINC03982921,DUD_gr_D_2413,CSC1=NC(C)=C(C(=O)Nc2ccccc2C)[C@H](c2ccc(F)cc2)N1,0
ZINC03982922,DUD_gr_D_2414,CSC1=NC(C)=C(C(=O)Nc2ccccc2C)[C@H](c2ccc(F)cc2)N1,0
ZINC03982923,DUD_gr_D_2415,CSC1=NC(C)=C(C(=O)Nc2ccccc2C)[C@H](c2ccccc2)N1,0
ZINC03982924,DUD_gr_D_2416,CSC1=NC(C)=C(C(=O)Nc2ccccc2C)[C@H](c2ccccc2)N1,0
ZINC03983056,DUD_gr_D_2417,COc1ccc2c(c1)C1=NN(/C(C)=C\C(C)=O)[C@@H](c3cccc(F)c3)[C@H]1CC2,0
ZINC03983240,DUD_gr_D_2418,C[C@]12CC[C@@H]3[C@H](CC=C4C[C@@H](O)CC[C@@]43C)[C@@H]1C/C(=C\c1cccs1)C2=O,0
ZINC03984391,DUD_gr_D_2419,COc1ccccc1N1C(=S)N/C(=N/c2c(C)cccc2C)C12CCCCC2,0
ZINC03984392,DUD_gr_D_2420,COc1ccccc1N1C(=S)N/C(=N/c2c(C)cccc2C)C12CCCCC2,0
ZINC03984407,DUD_gr_D_2421,CCc1cccc(C)c1/N=C1/NC(=S)N(c2ccccc2)C12CCCC2,0
ZINC03984431,DUD_gr_D_2422,Cc1cccc(N2C(=S)N/C(=N\c3ccccc3C)[C@]23CCOC(C)(C)C3)c1,0
ZINC03984433,DUD_gr_D_2423,Cc1cccc(N2C(=S)N/C(=N/c3ccccc3C)[C@]23CCOC(C)(C)C3)c1,0
ZINC03984444,DUD_gr_D_2424,Cc1cccc(N2C(=S)N/C(=N/c3ccccc3)[C@@]23CCOC(C)(C)C3)c1,0
ZINC03984446,DUD_gr_D_2425,Cc1cccc(N2C(=S)N/C(=N/c3ccccc3)[C@]23CCOC(C)(C)C3)c1,0
ZINC03984450,DUD_gr_D_2426,Cc1cccc(C)c1/N=C1/NC(=S)N(c2ccccc2)[C@@]12CCOC(C)(C)C2,0
ZINC03984452,DUD_gr_D_2427,Cc1cccc(C)c1/N=C1/NC(=S)N(c2ccccc2)[C@]12CCOC(C)(C)C2,0
ZINC03984454,DUD_gr_D_2428,Cc1cccc(C)c1/N=C1/NC(=S)N(c2ccccc2)[C@]12CCOC(C)(C)C2,0
ZINC03984456,DUD_gr_D_2429,COc1cccc(N2C(=S)N/C(=N/c3ccccc3C)[C@@]23CCOC(C)(C)C3)c1,0
ZINC03984524,DUD_gr_D_2430,Cc1cccc(C)c1/N=C1\NC(=S)N(c2ccccc2)C12CCCCC2,0
ZINC03984525,DUD_gr_D_2431,Cc1cccc(C)c1/N=C1/NC(=S)N(c2ccccc2)C12CCCCC2,0
ZINC03984695,DUD_gr_D_2432,COc1ccccc1N1C(=S)N/C(=N\c2c(C)cccc2C)C12CCCC2,0
ZINC03986789,DUD_gr_D_2433,Cc1cccc(C)c1/N=C1\NC(=S)N(Cc2ccccc2)C12CCCCC2,0
ZINC03986790,DUD_gr_D_2434,Cc1cccc(C)c1/N=C1/NC(=S)N(Cc2ccccc2)C12CCCCC2,0
ZINC03987243,DUD_gr_D_2435,CC(C)[C@H]1CCCN1c1nc(-c2ccccc2O)nc2ccc(F)cc12,0
ZINC03991037,DUD_gr_D_2436,Cc1cccc(C)c1/N=C1/N=C(S)N(c2ccccc2)[C@]12CCOC(C)(C)C2,0
ZINC03991038,DUD_gr_D_2437,Cc1cccc(C)c1/N=C1\N=C(S)N(c2ccccc2)[C@@]12CCOC(C)(C)C2,0
ZINC03991039,DUD_gr_D_2438,Cc1cccc(C)c1/N=C1/N=C(S)N(c2ccccc2)[C@]12CCOC(C)(C)C2,0
ZINC03991040,DUD_gr_D_2439,Cc1cccc(C)c1/N=C1/N=C(S)N(c2ccccc2)[C@@]12CCOC(C)(C)C2,0
ZINC03991086,DUD_gr_D_2440,Cc1cccc(N2C(S)=N/C(=N\c3ccccc3C)[C@@]23CCOC(C)(C)C3)c1,0
ZINC03991087,DUD_gr_D_2441,Cc1cccc(N2C(S)=N/C(=N/c3ccccc3C)[C@@]23CCOC(C)(C)C3)c1,0
ZINC03991156,DUD_gr_D_2442,Cc1ccccc1/N=C1\N=C(S)N(c2ccccc2)[C@@]12CCOC(C)(C)C2,0
ZINC03991157,DUD_gr_D_2443,Cc1ccccc1/N=C1\N=C(S)N(c2ccccc2)[C@@]12CCOC(C)(C)C2,0
ZINC03991158,DUD_gr_D_2444,Cc1ccccc1/N=C1/N=C(S)N(c2ccccc2)[C@@]12CCOC(C)(C)C2,0
ZINC03991159,DUD_gr_D_2445,Cc1ccccc1/N=C1/N=C(S)N(c2ccccc2)[C@]12CCOC(C)(C)C2,0
ZINC03991290,DUD_gr_D_2446,Cc1cccc(N2C(S)=N/C(=N/c3ccccc3)[C@]23CCOC(C)(C)C3)c1,0
ZINC03991291,DUD_gr_D_2447,Cc1cccc(N2C(S)=N/C(=N/c3ccccc3)[C@]23CCOC(C)(C)C3)c1,0
ZINC03997293,DUD_gr_D_2448,Cc1cc(N2CCCC2)ccc1/C=N/NC(=O)c1ccccc1Cl,0
ZINC03997916,DUD_gr_D_2449,COc1ccc(/N=C2\NC(=S)N(c3ccccc3)C23CCCCC3)cc1,0
ZINC03997994,DUD_gr_D_2450,COc1ccc(/N=C2\NC(=S)N(c3ccc(C)cc3)C23CCCCC3)cc1,0
ZINC03997996,DUD_gr_D_2451,COc1ccc(/N=C2\NC(=S)N(c3cccc(C)c3)C23CCCCC3)cc1,0
ZINC03998153,DUD_gr_D_2452,C=C1N=C2CC(C)(C)CC(=O)[C@@H]2[C@H](c2ccccc2Cl)/C1=C(/O)OC,0
ZINC03998153,DUD_gr_D_2453,CO/C(O)=C1\C(C)=NC2=CC(C)(C)CC(=O)[C@@H]2[C@H]1c1ccccc1Cl,0
ZINC03998153,DUD_gr_D_2454,CO/C(O)=C1/C(C)=NC2=C(C(=O)CC(C)(C)C2)[C@H]1c1ccccc1Cl,0
ZINC04004405,DUD_gr_D_2455,C[C@@]12CC[C@H]3[C@H](CC=C4C[C@H](O)CC[C@@]43C)[C@H]1C/C(=C\c1cccs1)C2=O,0
ZINC04004819,DUD_gr_D_2456,COc1ccc2c(c1)C1=NN(/C(C)=C\C(C)=O)[C@@H](c3cccc(F)c3)[C@H]1CC2,0
ZINC04008150,DUD_gr_D_2457,CCO/C(O)=C1/C(C)=NC2=C(C(=O)C[C@H](c3cccs3)C2)[C@H]1c1cccs1,0
ZINC04008150,DUD_gr_D_2458,C=C1N=C2C[C@@H](c3cccs3)CC(=O)[C@@H]2[C@@H](c2cccs2)/C1=C(/O)OCC,0
ZINC04008150,DUD_gr_D_2459,CCO/C(O)=C1/C(C)=NC2=C[C@H](c3cccs3)CC(=O)[C@@H]2[C@H]1c1cccs1,0
ZINC04008205,DUD_gr_D_2460,CCO/C(O)=C1/C(C)=NC2=C(C(=O)C[C@H](c3cccs3)C2)[C@H]1c1ccsc1,0
ZINC04008205,DUD_gr_D_2461,C=C1N=C2C[C@H](c3cccs3)CC(=O)[C@@H]2[C@H](c2ccsc2)/C1=C(\O)OCC,0
ZINC04008205,DUD_gr_D_2462,CCO/C(O)=C1/C(C)=NC2=C[C@@H](c3cccs3)CC(=O)[C@@H]2[C@@H]1c1ccsc1,0
ZINC04018683,DUD_gr_D_2463,CCOc1ccc(N2CCc3c2[nH+]c2ccc(Br)cc2c3N)cc1,0
ZINC04025544,DUD_gr_D_2464,CC(C)C(=O)Nc1ccc(-c2cn3c4c(sc3n2)CCCC4)cc1,0
ZINC04025544,DUD_gr_D_2465,CC(C)C(=O)Nc1ccc(-c2cn3c4c(sc3[nH+]2)CCCC4)cc1,0
ZINC04030886,DUD_gr_D_2466,COc1cccc2c(C)cc(N3CCC(O)(c4ccc(Br)cc4)CC3)[nH+]c12,0
ZINC04031048,DUD_gr_D_2467,Cc1sc(NC(=O)c2ccc(F)cc2)nc1C12CC3CC(CC(C3)C1)C2,0
ZINC04046803,DUD_gr_D_2468,CCOC(=O)C1=CS/C(=C2\C(=S)C(C)(C)Nc3ccc(C)cc32)S1,0
ZINC04050558,DUD_gr_D_2469,O=C(Nc1ccccc1)O[C@H]1/C(=C\c2c(F)cccc2Cl)[NH+]2CCC1CC2,0
ZINC04058748,DUD_gr_D_2470,CN(C)c1ccc(-n2c(-c3ccccc3)nc(=S)c3c2CCCC3)cc1,0
ZINC04061631,DUD_gr_D_2471,COc1ccc(OC)c(-n2c(SC)nnc2-c2c[nH]c3ccccc23)c1,0
ZINC04061633,DUD_gr_D_2472,CCOc1ccc(-n2c(SC)nnc2-c2c[nH]c3ccccc23)cc1,0
ZINC04071291,DUD_gr_D_2473,O=C(Nc1nc(-c2ccc(F)cc2)cs1)C12CC3CC(CC(C3)C1)C2,0
ZINC04077244,DUD_gr_D_2474,O=C(Nc1c2c(nn1-c1ccccc1)CSC2)C12CC3CC(CC(C3)C1)C2,0
ZINC04085460,DUD_gr_D_2475,COc1cc2c(cc1OC)[C@@H](C)N(C(=O)c1cc3cc(F)ccc3[nH]1)CC2,0
ZINC04085582,DUD_gr_D_2476,COc1cc2c(cc1OC)[C@H](C)N(C(=O)c1cc3cc(Cl)ccc3[nH]1)CC2,0
ZINC04086799,DUD_gr_D_2477,O[C@]1(c2ccc3c(c2)OCCO3)C[N+](c2ccc(Cl)cc2)=C2SCCCN21,0
ZINC04086838,DUD_gr_D_2478,Cc1cccc([N+]2=C3CCCCN3[C@](O)(c3ccc(Br)cc3)C2)c1,0
ZINC04088783,DUD_gr_D_2479,O=C(Nc1c2c(nn1-c1ccc(F)cc1)CSC2)C12CC3CC(CC(C3)C1)C2,0
ZINC04091848,DUD_gr_D_2480,COc1ccc(NC(=O)c2cc3c(s2)-c2cc(C)ccc2SC3)cc1,0
ZINC04091854,DUD_gr_D_2481,Cc1cc(C)cc(NC(=O)c2cc3c(s2)-c2cc(C)ccc2SC3)c1,0
ZINC04095181,DUD_gr_D_2482,CC(C)(C)[C@H]1CCc2c(sc3nc(Cc4ccccc4)[nH]c(=O)c23)C1,0
ZINC04095181,DUD_gr_D_2483,CC(C)(C)[C@@H]1CCc2c(sc3[nH]c(Cc4ccccc4)nc(=O)c23)C1,0
ZINC04108717,DUD_gr_D_2484,CCCCN1C(=O)[C@](O)(c2ccc(C)cc2)c2cc(Br)ccc21,0
ZINC04113112,DUD_gr_D_2485,CC(C)c1ccc(CNc2ccc(N3CCOCC3)c(Cl)c2)cc1,0
ZINC04113112,DUD_gr_D_2486,CC(C)c1ccc(C[NH2+]c2ccc(N3CCOCC3)c(Cl)c2)cc1,0
ZINC04113112,DUD_gr_D_2487,CC(C)c1ccc(CNc2ccc([NH+]3CCOCC3)c(Cl)c2)cc1,0
ZINC04113112,DUD_gr_D_2488,CC(C)c1ccc(C[NH2+]c2ccc([NH+]3CCOCC3)c(Cl)c2)cc1,0
ZINC04117383,DUD_gr_D_2489,O=C1c2ccccc2N[C@H](c2cccc(Cl)c2)N1N=C1CCCCCC1,0
ZINC04118765,DUD_gr_D_2490,Cc1nc2sc3c(c2c(=O)n1/N=C\c1c[nH]c2ccccc12)CCCC3,0
ZINC04132389,DUD_gr_D_2491,CCOc1cc2c(c([N+](=O)[O-])c1)N[C@@H](c1ccc(F)cc1)[C@H]1CC=C[C@@H]21,0
ZINC04135113,DUD_gr_D_2492,Cc1ccc(C(=O)NC(=S)/N=c2/sc3cc(C)ccc3n2C)cc1,0
ZINC04136434,DUD_gr_D_2493,Cc1ccc2[nH]c(SCc3nc4cccc(C)n4c3Br)nc2c1,0
ZINC04136434,DUD_gr_D_2494,Cc1ccc2nc(SCc3nc4cccc(C)n4c3Br)[nH]c2c1,0
ZINC04136434,DUD_gr_D_2495,Cc1ccc2[nH]c(SCc3nc4cccc(C)n4c3Br)[nH+]c2c1,0
ZINC04136434,DUD_gr_D_2496,Cc1ccc2[nH]c(SCc3[nH+]c4cccc(C)n4c3Br)nc2c1,0
ZINC04136434,DUD_gr_D_2497,Cc1ccc2nc(SCc3[nH+]c4cccc(C)n4c3Br)[nH]c2c1,0
ZINC04136434,DUD_gr_D_2498,Cc1ccc2[nH]c(SCc3[nH+]c4cccc(C)n4c3Br)[nH+]c2c1,0
ZINC04139131,DUD_gr_D_2499,C=C1N=C2C[C@@H](c3cccs3)CC(=O)[C@@H]2[C@@H](c2cccs2)/C1=C(/O)OC,0
ZINC04139131,DUD_gr_D_2500,CO/C(O)=C1/C(C)=NC2=C(C(=O)C[C@H](c3cccs3)C2)[C@@H]1c1cccs1,0
ZINC04139131,DUD_gr_D_2501,CO/C(O)=C1/C(C)=NC2=C[C@@H](c3cccs3)CC(=O)[C@@H]2[C@@H]1c1cccs1,0
ZINC04146005,DUD_gr_D_2502,CCN1C(=O)/C(=C\c2cc(C)n(-c3ccc4c(c3)OCO4)c2C)NC1=S,0
ZINC04146290,DUD_gr_D_2503,Cc1cc2c(cc(C(=O)NC3CCCCC3)n2Cc2ccccc2Cl)o1,0
ZINC04148265,DUD_gr_D_2504,CC1=Nc2ncnn2[C@@H](c2ccc(Cl)cc2)/C1=C(\O)OC1CCCCC1,0
ZINC04148328,DUD_gr_D_2505,CC1=Nc2ncnn2[C@H](c2ccc(Br)cc2)/C1=C(\O)OC1CCCCC1,0
ZINC04148996,DUD_gr_D_2506,CC1=Nc2cc(C(=O)NC(C)C)ccc2Sc2c(C)ccc(C)c21,0
ZINC04155285,DUD_gr_D_2507,CCOC(=O)CNc1c(-c2ccccc2C)nc2ccc(Br)cn12,0
ZINC04155285,DUD_gr_D_2508,CCOC(=O)CNc1c(-c2ccccc2C)[nH+]c2ccc(Br)cn12,0
ZINC04155297,DUD_gr_D_2509,Brc1ccc2nc(-c3ccc4c(c3)OCO4)c(NC3CCCCC3)n2c1,0
ZINC04155297,DUD_gr_D_2510,Brc1ccc2[nH+]c(-c3ccc4c(c3)OCO4)c(NC3CCCCC3)n2c1,0
ZINC04155301,DUD_gr_D_2511,COc1ccc(-c2nc3ccc(Br)cn3c2NC2CCCCC2)cc1OC,0
ZINC04155301,DUD_gr_D_2512,COc1ccc(-c2[nH+]c3ccc(Br)cn3c2NC2CCCCC2)cc1OC,0
ZINC04155309,DUD_gr_D_2513,CCOc1ccc(-c2[nH+]c3ccc(Br)cn3c2NC2CCCCC2)cc1,0
ZINC04155317,DUD_gr_D_2514,Cc1cccc(C)c1Nc1c(C2CCCCC2)[nH+]c2ccc(Br)cn12,0
ZINC04155354,DUD_gr_D_2515,CN(C)c1ccc(-c2[nH+]c3ccc(Br)cn3c2NC2CCCCC2)cc1,0
ZINC04155358,DUD_gr_D_2516,Brc1ccc2nc(C3CCCCC3)c(NCc3ccccc3)n2c1,0
ZINC04155358,DUD_gr_D_2517,Brc1ccc2[nH+]c(C3CCCCC3)c(NCc3ccccc3)n2c1,0
ZINC04157041,DUD_gr_D_2518,Cc1cc(C)n2c(NC(C)(C)CC(C)(C)C)c(-c3cccs3)[nH+]c2c1,0
ZINC04157771,DUD_gr_D_2519,Cc1cc(C)n2c(NC3CCCCC3)c(-c3ccc(Cl)cc3)[nH+]c2n1,0
ZINC04158096,DUD_gr_D_2520,CC(C)(C)CC(C)(C)Nc1c(-c2ccc3c(c2)OCO3)[nH+]c2ccc(Cl)cn12,0
ZINC04172497,DUD_gr_D_2521,COc1cccc(-c2[nH+]c3cccc(C)n3c2NC(C)(C)CC(C)(C)C)c1,0
ZINC04172782,DUD_gr_D_2522,Cc1cc(C)n2c(Nc3c(C)cccc3C)c(-c3ccc(F)cc3)nc2n1,0
ZINC04172782,DUD_gr_D_2523,Cc1cc(C)n2c(Nc3c(C)cccc3C)c(-c3ccc(F)cc3)[nH+]c2n1,0
ZINC04176947,DUD_gr_D_2524,COc1ccc([N+]2=C3SCCCN3[C@@](O)(c3ccc(OC)cc3)C2)cc1,0
ZINC04181499,DUD_gr_D_2525,O=C(Nc1cc(Br)cc2cccnc12)C12CC3CC(CC(C3)C1)C2,0
ZINC04182723,DUD_gr_D_2526,C[C@@H](NC(=S)N1CCc2ccccc2C1)C12CC3CC(CC(C3)C1)C2,0
ZINC04184333,DUD_gr_D_2527,O=C(NC(=S)Nc1nc(-c2ccccc2)cs1)C12CC3CC(CC(C3)C1)C2,0
ZINC04184670,DUD_gr_D_2528,O=C(NC(=S)N1CCc2ccccc2C1)C12CC3CC(CC(C3)C1)C2,0
ZINC04185906,DUD_gr_D_2529,O=C(CC1=NC2(CCCC2)Cc2ccccc21)Nc1ccccc1Cl,0
ZINC04249066,DUD_gr_D_2530,Cc1csc2nc(-c3cccc(NC(=O)C4CCCCC4)c3)cn12,0
ZINC04281712,DUD_gr_D_2531,COc1ccc2c(c1)Cc1sc(NC(=O)C34CC5CC(CC(C5)C3)C4)nc1-2,0
ZINC04284934,DUD_gr_D_2532,CC(C)(C)c1ccc(CN2C(=O)N[C@]3(CCCc4ccccc43)C2=O)cc1,0
ZINC04299795,DUD_gr_D_2533,Cc1c(NC(=O)c2c(F)cccc2F)cc2c(c1[N+](=O)[O-])C(C)(C)CC2(C)C,0
ZINC04303657,DUD_gr_D_2534,Fc1ccc(-c2cn3nc(CNc4ccc5c(c4)OCO5)n4c3c2CCCC4)cc1,0
ZINC04303699,DUD_gr_D_2535,CC(C)(C)c1ccc(CN2C(=O)N[C@](C)(c3cccc(Br)c3)C2=O)cc1,0
ZINC04305209,DUD_gr_D_2536,CSc1ccc(CN2C(=O)N[C@](C)(c3ccc(C)cc3)C2=O)cc1,0
ZINC04308663,DUD_gr_D_2537,CC(C)c1ccc(CN2C(=O)N[C@@](C)(c3ccc(OC(F)F)cc3)C2=O)cc1,0
ZINC04334955,DUD_gr_D_2538,C=CCNC(=S)N1N=C2c3ccccc3CC[C@H]2[C@H]1c1cccs1,0
ZINC04345677,DUD_gr_D_2539,Cc1cc2c(cc(C(=O)NC3CCCCC3)n2Cc2ccccc2F)o1,0
ZINC04346104,DUD_gr_D_2540,Cc1cccc(-n2nc(-c3cccs3)cc2C(=O)N[C@H](C)C(C)C)c1,0
ZINC04350430,DUD_gr_D_2541,CSc1scc2c1/C(=N\OC(=O)Nc1ccccc1)CC(C)(C)C2,0
ZINC04354697,DUD_gr_D_2542,Cc1ccc(-n2ncc3c(NC4CCCCCC4)ncnc32)cc1Cl,0
ZINC04354735,DUD_gr_D_2543,Cc1ccc(Cl)cc1-n1ncc2c(NC3CCCCC3)ncnc21,0
ZINC04356482,DUD_gr_D_2544,Cc1ccc2nc(-c3ccc(F)cc3)cc(C(=O)N3CCC(C)CC3)c2c1,0
ZINC04366096,DUD_gr_D_2545,Cc1cc(C)c(Nc2ncc(-c3ccc4c(c3)OCCCO4)s2)c(C)c1,0
ZINC04366941,DUD_gr_D_2546,CCCNC(=O)c1cc(-c2ccc(Cl)cc2)n(-c2ccc3c(c2)OCO3)c1C,0
ZINC04368318,DUD_gr_D_2547,Cc1c(C(=O)NC(C)C)cc(-c2ccccc2)n1-c1ccc(F)cc1F,0
ZINC04372192,DUD_gr_D_2548,CSC1=NC2(CCN(C(=O)OC(C)(C)C)CC2)Nc2ccccc21,0
ZINC04372229,DUD_gr_D_2549,Cc1c(C(=O)NC2CC2)cc(-c2ccccc2)n1-c1ccc2c(c1)OCO2,0
ZINC04374898,DUD_gr_D_2550,Cc1cc(Cl)ccc1Nc1nc(N2C[C@H](C)C[C@H](C)C2)nc2c1cnn2C,0
ZINC04375542,DUD_gr_D_2551,Cc1cc(N2[C@H]3CC[C@H]2CC(O)(c2ccc(F)cc2)C3)nc(-c2ccccc2)n1,0
ZINC04382035,DUD_gr_D_2552,COc1ccc(OC)c(-c2nc3ccc(Cl)cn3c2NC2CCCCC2)c1,0
ZINC04382126,DUD_gr_D_2553,COc1ccc(OC)c(-c2nc3ccc(Br)cn3c2NC(C)(C)C)c1,0
ZINC04382747,DUD_gr_D_2554,Cc1cc(C)n2c(Nc3c(C)cccc3C)c(-c3ccc4c(c3)OCO4)nc2c1,0
ZINC04398294,DUD_gr_D_2555,O=C(NC(=S)N(Cc1ccccc1)c1ccccn1)C1CCCCC1,0
ZINC04419972,DUD_gr_D_2556,Cc1ccc(-n2c(-c3ccc(F)cc3)cc(C(=O)NC3CC3)c2C)cc1,0
ZINC04419981,DUD_gr_D_2557,COc1cccc(-c2cc(C(=O)NC3CC3)c(C)n2-c2ccc(F)cc2)c1,0
ZINC04420008,DUD_gr_D_2558,Cc1c(C(=O)NC(C)C)cc(-c2ccccc2)n1-c1ccc2c(c1)OCO2,0
ZINC04420131,DUD_gr_D_2559,COc1ccc(-c2cc(C(=O)NC(C)C)c(C)n2-c2ccc(F)cc2F)cc1,0
ZINC04422830,DUD_gr_D_2560,Cc1ccc(-c2cc(C(=O)NC(C)(C)C)n(-c3cccc(Cl)c3)n2)o1,0
ZINC04427549,DUD_gr_D_2561,O=C(Nc1nc(C23CC4CC(CC(C4)C2)C3)cs1)c1ccccc1,0
ZINC04462074,DUD_gr_D_2562,CC(C)[C@H](C)NC(=O)c1cc(-c2cccn2C)nn1-c1ccc(Cl)cc1,0
ZINC04464938,DUD_gr_D_2563,Cn1/c(=N\NC(=O)Cc2coc3cc4c(cc23)CCC4)sc2ccccc21,0
ZINC04465185,DUD_gr_D_2564,Cc1ccc(N2C(S)=N/C(=N/c3ccccc3C)[C@]23CCOC(C)(C)C3)cc1,0
ZINC04466108,DUD_gr_D_2565,COc1ccc(NC(=S)/N=C2/CCCN2c2cccc(C)c2C)cc1,0
ZINC04466355,DUD_gr_D_2566,C=c1[nH]n(-c2ccc(C)c(C)c2)c(=O)/c1=C\c1cc(Br)ccc1OC,0
ZINC04467859,DUD_gr_D_2567,COc1cccc(/N=c2/ssc3c2-c2cc(C)ccc2NC3(C)C)c1,0
ZINC04468562,DUD_gr_D_2568,Cc1cccc(N2C(=S)N/C(=N/c3ccccc3)[C@@]23CCOC(C)(C)C3)c1,0
ZINC04469953,DUD_gr_D_2569,Cc1cc(C)c2nc3s/c(=C\c4c(C)[nH]c5ccccc45)c(=O)n3c2c1,0
ZINC04470171,DUD_gr_D_2570,CC(=O)N1NC2=C(C[C@@H](C)C/C2=C/c2cccs2)[C@@H]1c1cccs1,0
ZINC04470333,DUD_gr_D_2571,Cc1ccc(N2C(=O)/C(=C\c3cc(C)n(C)c3C)C(=O)NC2=S)cc1,0
ZINC04470508,DUD_gr_D_2572,Cc1nn(-c2ccccc2)c(C)c1/C=N\NC(=O)c1csc2c1CCCC2,0
ZINC04490582,DUD_gr_D_2573,O=C(N[C@H]1C[C@@H]2CC[C@H]1C2)c1cc2ccsc2n1Cc1ccccc1F,0
ZINC04506918,DUD_gr_D_2574,O=C(NC(=S)N(C1CCCCC1)C1CCCCC1)c1ccccc1,0
ZINC04507330,DUD_gr_D_2575,COc1ccc(-c2cc(C(=O)NC(C)(C)C)n(-c3ccc(F)cc3)n2)cc1,0
ZINC04507554,DUD_gr_D_2576,Cn1cccc1-c1cc(C(=O)NC2CCCCC2)n(-c2ccc(F)cc2)n1,0
ZINC04513715,DUD_gr_D_2577,Cc1ccc(-c2cc(C(=O)N[C@@H](C)C(C)C)n(-c3cccc(Cl)c3)n2)o1,0
ZINC04586935,DUD_gr_D_2578,COc1ccc(/C=C2/CCC[C@H]3C2=NC(=S)N[C@H]3c2ccc(OC)cc2)cc1,0
ZINC04618080,DUD_gr_D_2579,CCOC(=O)/C=C1\CCCC[C@]1(C(=S)NC)c1cnc2ccccc2c1,0
ZINC04620103,DUD_gr_D_2580,COc1ccc(Cl)cc1-n1nc(Cc2ccccn2)c2c1NCC2,0
ZINC04627473,DUD_gr_D_2581,CCO/C(O)=C1\C(C)=NC2=C(C(=O)CC(C)(C)C2)[C@H]1c1ccccc1Br,0
ZINC04627473,DUD_gr_D_2582,CCO/C(O)=C1\C(C)=NC2=CC(C)(C)CC(=O)[C@@H]2[C@@H]1c1ccccc1Br,0
ZINC04627722,DUD_gr_D_2583,COc1ccc2[nH]c3c(C4SCCCS4)c4ccncc4c(C)c3c2c1,0
ZINC04628219,DUD_gr_D_2584,COc1ccc2c(c1)CC[C@H]1[C@H]2CC[C@@]2(C)[C@H](O)/C(=C\c3ccncc3)C[C@@H]12,0
ZINC04638713,DUD_gr_D_2585,C/C(=N/NC(=O)c1cc(C2CC2)nc2ccccc12)c1ccc(Cl)s1,0
