name,id,smiles,active
ZINC03861213,DUD_gpb_A_1,OC[C@H]1O[C@H](O)[C@H](O)[C@@H](O)[C@@H]1O,1
ZINC03815614,DUD_gpb_A_2,OC[C@H]1O[C@@H](S)[C@H](O)[C@@H](O)[C@@H]1O,1
ZINC03833800,DUD_gpb_A_3,OC[C@H]1O[C@@H](O)[C@H](O)[C@@H](O)[C@@H]1O,1
ZINC04134459,DUD_gpb_A_4,OC[C@H]1S[C@H](O)[C@H](O)[C@@H](O)[C@@H]1O,1
ZINC04134465,DUD_gpb_A_5,OC[C@H]1O[C@H](F)[C@H](F)[C@@H](O)[C@@H]1O,1
ZINC04134461,DUD_gpb_A_6,OC[C@H]1O[C@H](CO)[C@H](O)C(O)[C@@H]1O,1
ZINC04134448,DUD_gpb_A_7,N#CC[C@@H]1O[C@H](CO)[C@@H](O)[C@H](O)[C@H]1O,1
ZINC04134453,DUD_gpb_A_8,NCC[C@@H]1O[C@H](CO)[C@@H](O)[C@H](O)[C@H]1O,1
ZINC03833807,DUD_gpb_A_9,NC(=O)[C@@H]1O[C@H](CO)[C@@H](O)[C@H](O)[C@H]1O,1
ZINC04134464,DUD_gpb_A_10,NC(=O)[C@H]1O[C@H](CO)[C@@H](O)[C@H](O)[C@H]1O,1
ZINC04134470,DUD_gpb_A_11,CC(=O)N[C@@H]1O[C@H](CO)[C@@H](O)[C@H](O)[C@H]1O,1
ZINC04134449,DUD_gpb_A_12,N#CC[C@]1(O)O[C@H](CO)[C@@H](O)[C@H](O)[C@H]1O,1
ZINC04134456,DUD_gpb_A_13,NNC(=O)[C@H]1O[C@H](CO)[C@@H](O)[C@H](O)[C@H]1O,1
ZINC03833811,DUD_gpb_A_14,NC(=O)N[C@@H]1O[C@H](CO)[C@@H](O)[C@H](O)[C@H]1O,1
ZINC04134457,DUD_gpb_A_15,COC(=O)[C@@H]1O[C@H](CO)[C@@H](O)[C@H](O)[C@H]1O,1
ZINC03833808,DUD_gpb_A_16,NNC(=O)[C@@H]1O[C@H](CO)[C@@H](O)[C@H](O)[C@H]1O,1
ZINC04134466,DUD_gpb_A_17,CNC(=O)[C@@H]1O[C@H](CO)[C@@H](O)[C@H](O)[C@H]1O,1
ZINC04134460,DUD_gpb_A_18,CNNC(=O)[C@@H]1O[C@H](CO)[C@@H](O)[C@H](O)[C@H]1O,1
ZINC04134468,DUD_gpb_A_19,COC(=O)N[C@@H]1O[C@H](CO)[C@@H](O)[C@H](O)[C@H]1O,1
ZINC04134469,DUD_gpb_A_20,CCC(=O)N[C@@H]1O[C@H](CO)[C@@H](O)[C@H](O)[C@H]1O,1
ZINC03833815,DUD_gpb_A_21,O=C(CBr)N[C@@H]1O[C@H](CO)[C@@H](O)[C@H](O)[C@H]1O,1
ZINC03833809,DUD_gpb_A_22,NCC(=O)N[C@@H]1O[C@H](CO)[C@@H](O)[C@H](O)[C@H]1O,1
ZINC03833814,DUD_gpb_A_23,O=C(CCl)N[C@@H]1O[C@H](CO)[C@@H](O)[C@H](O)[C@H]1O,1
ZINC04134458,DUD_gpb_A_24,O=C(NCCO)[C@@H]1O[C@H](CO)[C@@H](O)[C@H](O)[C@H]1O,1
ZINC04134452,DUD_gpb_A_25,CS(=O)(=O)OC[C@@H]1O[C@H](CO)[C@@H](O)[C@H](O)[C@H]1O,1
ZINC04134467,DUD_gpb_A_26,CCCC(=O)N[C@@H]1O[C@H](CO)[C@@H](O)[C@H](O)[C@H]1O,1
ZINC04134454,DUD_gpb_A_27,CS(=O)(=O)OC[C@]1(O)O[C@H](CO)[C@@H](O)[C@H](O)[C@H]1O,1
ZINC04134471,DUD_gpb_A_28,COC(=O)N[C@]1(C(N)=O)O[C@H](CO)[C@@H](O)[C@H](O)[C@H]1O,1
ZINC03833799,DUD_gpb_A_29,O=C(NCC(F)(F)F)[C@@H]1O[C@H](CO)[C@@H](O)[C@H](O)[C@H]1O,1
ZINC04134463,DUD_gpb_A_30,CC(=O)NCC(=O)N[C@@H]1O[C@H](CO)[C@@H](O)[C@H](O)[C@H]1O,1
ZINC04134450,DUD_gpb_A_31,O=C(NCCC(F)(F)F)[C@@H]1O[C@H](CO)[C@@H](O)[C@H](O)[C@H]1O,1
ZINC03833817,DUD_gpb_A_32,O=C1NC(=O)[C@@]2(N1)O[C@H](CO)[C@@H](O)[C@H](O)[C@H]2O,1
ZINC03833818,DUD_gpb_A_33,NN1C(=O)N[C@@]2(O[C@H](CO)[C@@H](O)[C@H](O)[C@H]2O)C1=O,1
ZINC03833816,DUD_gpb_A_34,O=C1N[C@@]2(O[C@H](CO)[C@@H](O)[C@H](O)[C@H]2O)C(=O)N1O,1
ZINC03833806,DUD_gpb_A_35,CC(=O)NN1C(=O)N[C@@]2(O[C@H](CO)[C@@H](O)[C@H](O)[C@H]2O)C1=O,1
ZINC04134462,DUD_gpb_A_36,O=C(NC1CC1)[C@@H]1O[C@H](CO)[C@@H](O)[C@H](O)[C@H]1O,1
ZINC03833813,DUD_gpb_A_37,O=C1CNC(=O)[C@@]2(N1)O[C@H](CO)[C@@H](O)[C@H](O)[C@H]2O,1
ZINC03833812,DUD_gpb_A_38,O=C(N[C@@H]1O[C@H](CO)[C@@H](O)[C@H](O)[C@H]1O)c1ccccc1,1
ZINC03833802,DUD_gpb_A_39,O=C(Nc1ccccc1)[C@@H]1O[C@H](CO)[C@@H](O)[C@H](O)[C@H]1O,1
ZINC03833803,DUD_gpb_A_40,O=C(Nc1ccc(O)cc1)[C@@H]1O[C@H](CO)[C@@H](O)[C@H](O)[C@H]1O,1
ZINC03833801,DUD_gpb_A_41,O=C(Nc1ccc(O)cc1)[C@H]1O[C@H](CO)[C@@H](O)[C@H](O)[C@H]1O,1
ZINC03833798,DUD_gpb_A_42,OCc1ccccc1O[C@H]1O[C@H](CO)[C@@H](O)[C@H](O)[C@H]1O,1
ZINC03833805,DUD_gpb_A_43,OC[C@H]1O[C@@H](Oc2cc3ccccc3[nH]2)[C@H](O)[C@@H](O)[C@@H]1O,1
ZINC03833804,DUD_gpb_A_44,OC[C@H]1O[C@H](Oc2cc3ccccc3[nH]2)[C@H](O)[C@@H](O)[C@@H]1O,1
ZINC03833810,DUD_gpb_A_45,O=C(N[C@@H]1O[C@H](CO)[C@@H](O)[C@H](O)[C@H]1O)OCc1ccccc1,1
ZINC04134455,DUD_gpb_A_46,O=C(CS[C@@H]1O[C@H](CO)[C@@H](O)[C@H](O)[C@H]1O)Nc1ccccc1,1
ZINC04642456,DUD_gpb_A_47,CC[NH+]1C(C)C(C(=O)OC(C)C)C(c2ccccc2Cl)C(C(=O)[O-])C1C(=O)[O-],1
ZINC03993547,DUD_gpb_A_48,CCN1C(C)=C(C(=O)OC(C)C)[C@@H](c2ccccc2Cl)C(C(=O)O)=C1C(=O)O,1
ZINC02046793,DUD_gpb_A_49,O=C(N[C@@H](Cc1ccccc1)C(=O)N1CC(C(=O)O)C1)c1cc2cc(Cl)ccc2[nH]1,1
ZINC00000079,DUD_gpb_D_1,COc1c(O)cc2c(c1O)[C@H]1O[C@@H](CO)[C@H](O)[C@@H](O)[C@@H]1OC2=O,0
ZINC00000686,DUD_gpb_D_2,CC[C@@H]1NC(=O)c2cc(S(N)(=O)=O)c(Cl)cc2N1,0
ZINC00000884,DUD_gpb_D_3,COc1cc(Cc2cnc(N)nc2N)cc(OC)c1N,0
ZINC00000884,DUD_gpb_D_4,COc1cc(Cc2c[nH+]c(N)nc2N)cc(OC)c1N,0
ZINC00000897,DUD_gpb_D_5,O=c1[nH]cnc2c1cnn2[C@@H]1O[C@H](CO)[C@H](O)[C@H]1O,0
ZINC00000897,DUD_gpb_D_6,O=c1nc[nH]c2c1cnn2[C@H]1O[C@@H](CO)[C@@H](O)[C@H]1O,0
ZINC00000897,DUD_gpb_D_7,OC[C@@H]1O[C@H](n2ncc3c(O)ncnc32)[C@@H](O)[C@@H]1O,0
ZINC00001253,DUD_gpb_D_8,Nc1ncn([C@H]2C[C@@H](O)[C@@H](CO)O2)c(=O)n1,0
ZINC00001368,DUD_gpb_D_9,O=c1ccc2cc(O[C@H]3O[C@H](CO)[C@H](O)[C@H](O)[C@@H]3O)c(O)cc2o1,0
ZINC00001510,DUD_gpb_D_10,O=C(N/N=C/[C@H](O)[C@H]1OC(=O)[C@H](O)[C@@H]1O)c1ccncc1,0
ZINC00003281,DUD_gpb_D_11,Nc1ncnc2c1ncn2[C@@H]1CC[C@@H](C(=O)NO)C1,0
ZINC00003283,DUD_gpb_D_12,Nc1ncnc2c1ncn2[C@H]1C=C[C@H](C(=O)NO)C1,0
ZINC00003739,DUD_gpb_D_13,CCNC(=O)[C@H]1C[C@H](n2cnc3c(N)ncnc32)[C@H](O)[C@H]1O,0
ZINC00004050,DUD_gpb_D_14,COc1ncnc2c1ncn2[C@H]1O[C@H](CO)[C@H](O)[C@H]1O,0
ZINC00004093,DUD_gpb_D_15,Nc1nc2c(ncn2[C@H]2C=C[C@H](CO)C2)c(=O)[nH]1,0
ZINC00004189,DUD_gpb_D_16,Nc1nc2c(nnn2[C@@H]2C[C@@H](CO)[C@@H](F)[C@H]2O)c(=O)[nH]1,0
ZINC00004189,DUD_gpb_D_17,Nc1nc(=O)c2nnn([C@H]3C[C@H](CO)[C@H](F)[C@H]3O)c2[nH]1,0
ZINC00004189,DUD_gpb_D_18,Nc1nc(O)c2nnn([C@@H]3C[C@@H](CO)[C@H](F)[C@@H]3O)c2n1,0
ZINC00004244,DUD_gpb_D_19,Nc1nc2c(ncn2[C@@H]2C[C@H](CO)[C@H]2O)c(=O)[nH]1,0
ZINC00004253,DUD_gpb_D_20,Nc1ccn([C@@H]2C[C@H](O)[C@H](CO)O2)c(=O)n1,0
ZINC00004373,DUD_gpb_D_21,CNc1nc2c(ncn2[C@@H]2C[C@H](O)[C@@H](CO)C2)c(=O)[nH]1,0
ZINC00004489,DUD_gpb_D_22,C=C1[C@H](O)[C@@H](CO)O[C@@H]1n1cc(F)c(N)nc1=O,0
ZINC00004564,DUD_gpb_D_23,Nc1ccn([C@H]2O[C@@H](CO)[C@H](O)C2=C(F)F)c(=O)n1,0
ZINC00004565,DUD_gpb_D_24,Nc1ncnc2c1ncn2[C@@H]1O[C@@H](CO)[C@H](O)C1=C(F)F,0
ZINC00004740,DUD_gpb_D_25,Cn1c(Cl)c([C@@H]2O[C@H](CO)[C@H](O)[C@H]2O)c2nc(N)[nH]c(=O)c21,0
ZINC00004740,DUD_gpb_D_26,Cn1c(Cl)c([C@H]2O[C@@H](CO)[C@@H](O)[C@@H]2O)c2[nH]c(N)nc(=O)c21,0
ZINC00004740,DUD_gpb_D_27,Cn1c(Cl)c([C@@H]2O[C@@H](CO)[C@H](O)[C@@H]2O)c2nc(N)nc(O)c21,0
ZINC00004775,DUD_gpb_D_28,Nc1nc(=O)n([C@H]2C[C@@H](O)[C@@H](CO)O2)cc1/C=C/Cl,0
ZINC00004835,DUD_gpb_D_29,CO[C@H]1O[C@H]2CO[C@H](c3ccc(O)c(O)c3)O[C@H]2[C@@H](O)[C@H]1O,0
ZINC00004857,DUD_gpb_D_30,Nc1nc2c(ncn2[C@@H]2C[C@@H](CO)[C@@H](O)[C@@H]2F)c(=O)[nH]1,0
ZINC00004914,DUD_gpb_D_31,COc1nc(N)nc2c1ncn2[C@H]1O[C@H](CO)[C@H](O)[C@@H]1F,0
ZINC00004965,DUD_gpb_D_32,Nc1ncnc2c1ncn2[C@H]1C[C@H](CO)[C@@H]1CO,0
ZINC00005008,DUD_gpb_D_33,COc1ncnc2c(N[C@H]3O[C@H](CO)[C@H](O)[C@@H]3O)ncnc12,0
ZINC00005081,DUD_gpb_D_34,Cc1cn2c(=O)c3ncn(COC(CO)CO)c3nc2[nH]1,0
ZINC00005166,DUD_gpb_D_35,CC1(C)CS(=O)(=O)c2oc(S(N)(=O)=O)cc2[C@H]1O,0
ZINC00005231,DUD_gpb_D_36,CC#Cc1cn([C@@H]2O[C@H](CO)[C@H](O)[C@H]2F)c(=O)nc1N,0
ZINC00005235,DUD_gpb_D_37,C=C1[C@H](CO)[C@@H](O)C[C@H]1n1cnc2c(=O)[nH]c(N)nc21,0
ZINC00005285,DUD_gpb_D_38,Nc1nc(=O)n([C@H]2C[C@H](O)[C@H](CO)O2)cc1Cl,0
ZINC00005751,DUD_gpb_D_39,CNc1nc(N)nc2c1ncn2[C@H]1O[C@@H](CO)[C@H](O)C1(F)F,0
ZINC00005868,DUD_gpb_D_40,COC(=O)c1ccc(O)c(O[C@H]2O[C@H](CO)[C@H](O)[C@H](O)[C@@H]2O)c1,0
ZINC00005960,DUD_gpb_D_41,C[C@@H]1O[C@@H](c2n[nH]c(C(N)=O)c2O)[C@H](O)[C@H]1O,0
ZINC00005960,DUD_gpb_D_42,C[C@H]1O[C@@H](c2[nH]nc(C(N)=O)c2O)[C@H](O)[C@H]1O,0
ZINC00006044,DUD_gpb_D_43,Nc1ccn([C@@H]2CO[C@@H](CO)[C@@H](O)C2)c(=O)n1,0
ZINC00006098,DUD_gpb_D_44,Nc1c2ncn([C@@H]3O[C@H](CO)[C@H](O)[C@@H]3O)c2nc(=O)n1C1CC1,0
ZINC00006272,DUD_gpb_D_45,Nc1ncnc2c1ncn2[C@H]1C[C@@](F)(CO)[C@@H]1CO,0
ZINC00006470,DUD_gpb_D_46,C=CCn1c(=O)n([C@H]2C=C[C@H](CO)O2)c2nc(N)[nH]c(=O)c21,0
ZINC00006470,DUD_gpb_D_47,C=CCn1c(=O)n([C@@H]2C=C[C@H](CO)O2)c2[nH]c(N)nc(=O)c21,0
ZINC00006470,DUD_gpb_D_48,C=CCn1c(=O)n([C@@H]2C=C[C@H](CO)O2)c2nc(N)nc(O)c21,0
ZINC00006477,DUD_gpb_D_49,CC(=O)Nc1ccc(S(=O)(=O)N[C@@H]2COCOC[C@H]2O)cc1,0
ZINC00006532,DUD_gpb_D_50,Nc1ccn([C@@H]2O[C@@H](CO)[C@@H](O)C2(F)F)c(=O)n1,0
ZINC00006571,DUD_gpb_D_51,O=CNc1nc(Cl)c(NC=O)c(NC[C@]2(CO)C[C@@H]2CO)n1,0
ZINC00006628,DUD_gpb_D_52,Nc1nc2c(nc(N)n2C[C@@H]2CCCCO2)c(=O)[nH]1,0
ZINC00006861,DUD_gpb_D_53,CC(C)(C)CCn1c(N)nc2c(=O)[nH]c(N)nc21,0
ZINC00006979,DUD_gpb_D_54,Nc1ncnc2c1ncn2CCN1C(=O)CS[C@@H]1CO,0
ZINC00007233,DUD_gpb_D_55,Nc1ccn([C@H]2S[C@H](CO)[C@@H](O)[C@@H]2F)c(=O)n1,0
ZINC00007441,DUD_gpb_D_56,COc1ccc(S(=O)(=O)[C@@H]2[C@@H]3CC[C@@H](O3)[C@H]2C(=O)NO)cc1,0
ZINC00007502,DUD_gpb_D_57,OC[C@H](O)Cc1cnc([C@@H](O)[C@@H](O)CO)cn1,0
ZINC00007572,DUD_gpb_D_58,Nc1ccn([C@@H]2S[C@H](CO)[C@@H](O)[C@@H]2O)c(=O)n1,0
ZINC00007605,DUD_gpb_D_59,Nc1nc(N)c2ncn([C@@H]3CO[C@H](CO)O3)c2n1,0
ZINC00008156,DUD_gpb_D_60,CC(=O)N[C@@H]1[C@@H](O)O[C@H](CO)[C@H](O)C1(C)C,0
ZINC00008340,DUD_gpb_D_61,Nc1ncnc2c1ncn2[C@H]1CC1(CO)CO,0
ZINC00008624,DUD_gpb_D_62,Nc1nc2c(ncn2[C@@H]2C=C[C@@H](CO)[C@H](O)C2)c(=O)[nH]1,0
ZINC00008686,DUD_gpb_D_63,Nc1ncnc2c1nc(Cl)n2[C@H]1O[C@H](CO)[C@H](O)[C@H]1O,0
ZINC00008777,DUD_gpb_D_64,Nc1nc(NC2CC2)c2ncn([C@H]3CO[C@@H](CO)O3)c2n1,0
ZINC00008846,DUD_gpb_D_65,C#C[C@@]1(CO)O[C@@H](n2cc(F)c(N)nc2=O)C[C@@H]1O,0
ZINC00009025,DUD_gpb_D_66,CCc1cn([C@@H]2O[C@@H](CO)[C@H](O)[C@H]2O)c(=S)[nH]c1=O,0
ZINC00010141,DUD_gpb_D_67,Nc1ccn([C@H]2C[C@H](CO)[C@H](F)[C@H]2O)c(=O)n1,0
ZINC00010146,DUD_gpb_D_68,Nc1ccn([C@H]2C[C@@](F)(CO)C[C@H]2O)c(=O)n1,0
ZINC00010553,DUD_gpb_D_69,Nc1nc(N)c2nnn([C@H]3C=C[C@H](CO)C3)c2n1,0
ZINC00010588,DUD_gpb_D_70,Nc1nc(N)c2ncn([C@H]3O[C@H](CO)CC3(F)F)c2n1,0
ZINC00010935,DUD_gpb_D_71,Cc1nc2c(ncn2[C@@H]2O[C@@H](CO)[C@H](O)[C@H]2F)c(N)[n+]1[O-],0
ZINC00011177,DUD_gpb_D_72,Cc1cn([C@H]2O[C@@H](CO)C[C@@H]2O)c(=O)nc1N,0
ZINC00011271,DUD_gpb_D_73,Cc1cn([C@H]2C[C@@H](n3ccnn3)[C@H](CO)O2)c(=O)[nH]c1=O,0
ZINC00011699,DUD_gpb_D_74,Cc1cn([C@H]2C[C@H](F)[C@H](CO)O2)c(=O)nc1NO,0
ZINC00011703,DUD_gpb_D_75,O=c1nc(NO)ccn1[C@@H]1C[C@@H](F)[C@@H](CO)O1,0
ZINC00011837,DUD_gpb_D_76,COCc1cn([C@H]2C[C@@H](O)[C@H](CO)O2)c(=O)nc1N,0
ZINC00011953,DUD_gpb_D_77,OCC(CO)OCn1cc(Br)c2c(NO)ncnc21,0
ZINC00012038,DUD_gpb_D_78,Nc1ncnc2c1nnn2[C@@H]1CC[C@@H](O)[C@H]1O,0
ZINC00012206,DUD_gpb_D_79,Nc1nc2c(ncn2[C@@H]2O[C@H](CO)[C@@H](O)C2=C(F)F)c(=O)[nH]1,0
ZINC00012209,DUD_gpb_D_80,C#C[C@@H]1[C@@H](O)[C@H](CO)O[C@@H]1n1ccc(N)nc1=O,0
ZINC00012213,DUD_gpb_D_81,C#C[C@@H]1[C@H](O)[C@H](CO)O[C@H]1n1cnc2c(=O)[nH]c(N)nc21,0
ZINC00012222,DUD_gpb_D_82,C#C[C@@H]1[C@H](O)[C@H](CO)C[C@@H]1n1cnc2c(N)ncnc21,0
ZINC00012296,DUD_gpb_D_83,Cc1cn([C@H]2C[C@H](N(C#N)C#N)[C@H](CO)O2)c(=O)[nH]c1=O,0
ZINC00012861,DUD_gpb_D_84,Cc1nc2c(=O)[nH]c(N)nc2n1[C@H]1C[C@@H](CO)[C@@H]1O,0
ZINC00012862,DUD_gpb_D_85,Nc1nc2c(nc(Br)n2[C@H]2C[C@H](CO)[C@H]2O)c(=O)[nH]1,0
ZINC00012868,DUD_gpb_D_86,Nc1ccn([C@@H]2C[C@@H](CO)[C@H](CO)O2)c(=O)n1,0
ZINC00013240,DUD_gpb_D_87,Cc1cn([C@H]2CO[C@@H](CO)[C@@H]2CO)c(=O)nc1N,0
ZINC00013840,DUD_gpb_D_88,COCc1ccc([C@@]2(O)C(=O)O[C@@H]([C@@H](O)CO)C2=O)o1,0
ZINC00014295,DUD_gpb_D_89,C=Cc1nc(OC)c2ncn([C@H]3O[C@@H](CO)[C@@H](O)[C@H]3O)c2n1,0
ZINC00014312,DUD_gpb_D_90,Nc1nc2c(ncn2[C@@H]2C[C@H]2[C@H](O)CO)c(=O)[nH]1,0
ZINC00014435,DUD_gpb_D_91,Nc1nnnc2c1ncn2[C@H]1O[C@H](CO)[C@@H]1CO,0
ZINC00014578,DUD_gpb_D_92,O=c1[nH]cnc2c1ncn2[C@@H]1C[C@@H](O)[C@H](CO)S1,0
ZINC00014578,DUD_gpb_D_93,O=c1nc[nH]c2c1ncn2[C@H]1C[C@@H](O)[C@H](CO)S1,0
ZINC00014578,DUD_gpb_D_94,OC[C@H]1S[C@@H](n2cnc3c(O)ncnc32)C[C@H]1O,0
ZINC00014754,DUD_gpb_D_95,Nc1nnnc2c1ncn2[C@H]1CC[C@@H](CO)O1,0
ZINC00015056,DUD_gpb_D_96,CCOC(=O)Nc1ccn([C@H]2O[C@@H](CO)[C@@H](O)[C@H]2F)c(=O)n1,0
ZINC00015174,DUD_gpb_D_97,CC(=O)Nc1cc2[nH]c(=O)c(=O)[nH]c2cc1NC(C)=O,0
ZINC00015238,DUD_gpb_D_98,C#Cc1cn([C@H]2O[C@H](CO)[C@@H](O)[C@H]2F)c(=O)nc1N,0
ZINC00015260,DUD_gpb_D_99,Nc1nc2c(ncn2[C@@H]2[C@@H](F)[C@@H](CO)[C@H]2CO)c(=O)[nH]1,0
ZINC00015264,DUD_gpb_D_100,Nc1ccn([C@@H]2[C@H](F)[C@H](CO)[C@H]2CO)c(=O)n1,0
ZINC00016618,DUD_gpb_D_101,CC(=O)OC[C@@H]1O[C@H](n2ccc(N)nc2=O)[C@H](O)[C@@H]1O,0
ZINC00017141,DUD_gpb_D_102,CCOC(=O)Nc1ccn([C@H]2O[C@@H](CO)[C@@H](O)C2(F)F)c(=O)n1,0
ZINC00017142,DUD_gpb_D_103,O=c1nc(NCO)ccn1[C@H]1O[C@@H](CO)[C@H](O)C1(F)F,0
ZINC00017143,DUD_gpb_D_104,CNNc1ccn([C@@H]2O[C@H](CO)[C@H](O)C2(F)F)c(=O)n1,0
ZINC00017592,DUD_gpb_D_105,Cc1ncc([C@H](O)[C@H](O)[C@@H](O)CO)nc1C,0
ZINC00017654,DUD_gpb_D_106,OC[C@H](O)/C=C/c1cnc([C@H](O)[C@@H](O)[C@@H](O)CO)cn1,0
ZINC00018094,DUD_gpb_D_107,Nc1ccn([C@]23C[C@H](O)[C@H](CO)[C@H]2C3)c(=O)n1,0
ZINC00018095,DUD_gpb_D_108,Nc1ncnc2c1ncn2[C@]12C[C@@H](O)[C@@H](CO)[C@@H]1C2,0
ZINC00018096,DUD_gpb_D_109,Nc1nc2c(ncn2[C@@]23C[C@@H](O)[C@@H](CO)[C@H]2C3)c(=O)[nH]1,0
ZINC00018399,DUD_gpb_D_110,CCO[P@@](N)(=O)Cc1ccnc2nc(C(N)=O)cn12,0
ZINC00019563,DUD_gpb_D_111,Nc1ncnc2c1ncn2[C@H]1C[C@H]2CC[C@H](O)[C@H]2[C@@H]1O,0
ZINC00019685,DUD_gpb_D_112,CC(C)=C(F)c1cn([C@H]2O[C@@H](CO)[C@@H](O)[C@@H]2O)c(=O)[nH]c1=O,0
ZINC00019958,DUD_gpb_D_113,Nc1nc2c(cc(Cl)n2[C@@H]2O[C@@H](CO)[C@@H](O)[C@@H]2O)c(=O)[nH]1,0
ZINC00019958,DUD_gpb_D_114,Nc1nc(=O)c2cc(Cl)n([C@@H]3O[C@H](CO)[C@@H](O)[C@@H]3O)c2[nH]1,0
ZINC00019958,DUD_gpb_D_115,Nc1nc(O)c2cc(Cl)n([C@H]3O[C@H](CO)[C@H](O)[C@@H]3O)c2n1,0
ZINC00020219,DUD_gpb_D_116,C=C1[C@H](O)[C@H](CO)S[C@@H]1n1ccc(N)nc1=O,0
ZINC00020406,DUD_gpb_D_117,CC(=O)Nc1ccc(OCc2no[n+]([O-])c2C(N)=O)cc1,0
ZINC00020531,DUD_gpb_D_118,Nc1ccc(S(=O)(=O)N[C@H]2COCOC[C@H]2O)cc1,0
ZINC00020947,DUD_gpb_D_119,Nc1nc(Cl)c(N)c(NC[C@]2(CO)C[C@H]2CO)n1,0
ZINC00021178,DUD_gpb_D_120,Nc1nc2c(nc(N)n2C[C@@H]2CCCO2)c(=O)[nH]1,0
ZINC00021948,DUD_gpb_D_121,O=c1[nH]c(=O)n([C@H]2C[C@@H](O)[C@@H](O)[C@H](CO)O2)cc1F,0
ZINC00022171,DUD_gpb_D_122,CC(C)CCn1c(N)nc2c(=O)[nH]c(N)nc21,0
ZINC00022172,DUD_gpb_D_123,Nc1nc2c(nc(N)n2CC2CCC(=O)CC2)c(=O)[nH]1,0
ZINC00022193,DUD_gpb_D_124,Cc1cn([C@@H]2O[C@@H](CO)[C@H](O)[C@@H]2C#N)c(=O)[nH]c1=O,0
ZINC00022748,DUD_gpb_D_125,CCOC(=O)CCc1nnc(N)n(N)c1=O,0
ZINC00022751,DUD_gpb_D_126,Nc1ccn(CCN2C(=O)CS[C@@H]2CO)c(=O)n1,0
ZINC00022952,DUD_gpb_D_127,Nc1nc2c(ncn2/C=C2/C[C@@H]2CO)c(=O)[nH]1,0
ZINC00023132,DUD_gpb_D_128,Cc1c(NC[C@@H](O)CO)[nH]c(=O)[nH]c1=O,0
ZINC00023158,DUD_gpb_D_129,Nc1ccn([C@H]2C[C@@H](O)[C@@](CO)(CF)O2)c(=O)n1,0
ZINC00023263,DUD_gpb_D_130,Nc1nc(NCC2(CO)CC2)c(N)c(=O)[nH]1,0
ZINC00023263,DUD_gpb_D_131,Nc1nc(O)c(N)c(NCC2(CO)CC2)n1,0
ZINC00023368,DUD_gpb_D_132,COc1ccc(S(=O)(=O)N2C[C@@H](O)C[C@@H]2C(=O)NO)cc1,0
ZINC00023374,DUD_gpb_D_133,COc1ccc(S(=O)(=O)N2C[C@@H](O)C(C)(C)[C@@H]2C(=O)NO)cc1,0
ZINC00024789,DUD_gpb_D_134,CCOc1nc(N)nc2c1ncn2[C@@H]1O[C@@H](CO)[C@@H](O)[C@H]1F,0
ZINC00026217,DUD_gpb_D_135,C#C[C@]1(CO)O[C@@H](n2ccc(N)nc2=O)C[C@H]1O,0
ZINC00026220,DUD_gpb_D_136,C#C[C@]1(CO)O[C@H](n2cnc3c(=O)[nH]c(N)nc32)C[C@@H]1O,0
ZINC00026980,DUD_gpb_D_137,Cc1cn([C@H]2O[C@H](CO)[C@H](O)[C@H]2O)c(=S)[nH]c1=O,0
ZINC00027959,DUD_gpb_D_138,O=C1c2ccccc2C(=O)C1/C=N\C(CO)(CO)CO,0
ZINC00033887,DUD_gpb_D_139,Cc1ccc(C2=NN[C@@H]([C@H](O)[C@H](O)[C@@H](O)CO)S2)cc1,0
ZINC00036940,DUD_gpb_D_140,Cc1cccc2c(O)c(C=C3C(=O)NNC3=O)c(=O)[nH]c12,0
ZINC00036967,DUD_gpb_D_141,Cc1ccc2[nH]c(=O)c(/C=N\C(CO)(CO)CO)c(O)c2c1,0
ZINC00036968,DUD_gpb_D_142,Cc1ccc2[nH]c(=O)c(/C=N\C(CO)(CO)CO)c(O)c2c1,0
ZINC00036968,DUD_gpb_D_143,Cc1ccc2nc(O)c(/C=N/C(CO)(CO)CO)c(O)c2c1,0
ZINC00037880,DUD_gpb_D_144,Nc1ncnc2c1nc(Br)n2[C@@H]1C[C@@H](O)[C@@H](CO)O1,0
ZINC00039097,DUD_gpb_D_145,O=c1[nH]cnc2c1nc(Br)n2[C@H]1O[C@H](CO)[C@@H](O)[C@@H]1O,0
ZINC00040152,DUD_gpb_D_146,CCn1c(SCC(N)=O)nc2c1c(=O)[nH]c(=O)n2C,0
ZINC00040152,DUD_gpb_D_147,CCn1c(SCC(N)=O)[nH+]c2c1c(=O)[nH]c(=O)n2C,0
ZINC00040153,DUD_gpb_D_148,OC[C@H]1O[C@@H](n2cnc3c(NO)ncnc32)[C@H](O)[C@H]1O,0
ZINC00040188,DUD_gpb_D_149,Cn1c(=O)[nH]c(=O)c2nc(N(CCO)CCO)[nH]c21,0
ZINC00040188,DUD_gpb_D_150,Cn1c(=O)[nH]c(=O)c2[nH]c(N(CCO)CCO)[nH+]c21,0
ZINC00040762,DUD_gpb_D_151,OC[C@@H](O)[C@@H](O)[C@@H](O)[C@@H]1NN=C(c2ccccc2)S1,0
ZINC00040788,DUD_gpb_D_152,OC[C@@H]1O[C@@H](Nc2ccccc2)[C@@H](O)[C@@H](O)[C@H]1O,0
ZINC00040789,DUD_gpb_D_153,OC[C@@]1(Nc2ccccc2)OC[C@@H](O)[C@@H](O)[C@@H]1O,0
ZINC00041059,DUD_gpb_D_154,Cc1ccc(S(=O)(=O)N[C@H]2[C@@H]3OC[C@H](O3)[C@@H](O)[C@H]2O)cc1,0
ZINC00041606,DUD_gpb_D_155,NNC(=O)CC12CC3CC(C1)CC(CC(=O)NN)(C3)C2,0
ZINC00046810,DUD_gpb_D_156,Cc1ccc(NC[C@]2(O)OC[C@@H](O)[C@H](O)[C@H]2O)cc1,0
ZINC00046827,DUD_gpb_D_157,CCS(=O)(=O)c1ccc(O)c(NC(=O)Cn2cnnn2)c1,0
ZINC00050943,DUD_gpb_D_158,Cc1cc(C)c(S(N)(=O)=O)cc1S(N)(=O)=O,0
ZINC00051582,DUD_gpb_D_159,NNC(=O)c1ccc(OC[C@H](O)CO)cc1O,0
ZINC00051802,DUD_gpb_D_160,Nc1nc(=O)n([C@@H]2O[C@@H](CO)[C@H](O)[C@@H]2O)cc1Br,0
ZINC00051928,DUD_gpb_D_161,Cc1c(C(=O)N2CCOCC2)nnn1-c1nonc1N,0
ZINC00053379,DUD_gpb_D_162,CCNC(=O)[C@@H]1O[C@@H](n2cnc3c(N)ncnc32)[C@H](O)[C@@H]1O,0
ZINC00053531,DUD_gpb_D_163,CC1(C)OC(=O)C([C@H](c2ccco2)[C@H](C#N)C(N)=O)=C(O)O1,0
ZINC00053532,DUD_gpb_D_164,CC1(C)OC(=O)C([C@H](c2ccco2)[C@@H](C#N)C(N)=O)=C(O)O1,0
ZINC00053533,DUD_gpb_D_165,CC1(C)OC(=O)C([C@@H](c2ccco2)[C@H](C#N)C(N)=O)=C(O)O1,0
ZINC00053534,DUD_gpb_D_166,CC1(C)OC(=O)C([C@H](c2ccco2)[C@H](C#N)C(N)=O)=C(O)O1,0
ZINC00054575,DUD_gpb_D_167,O=C(NN[C@H]1O[C@H](CO)[C@H](O)[C@H]1O)c1ccccc1O,0
ZINC00056325,DUD_gpb_D_168,CC(=O)N[C@H]1[C@@H](OC(C)(C)C)O[C@@H](CO)[C@@H](O)[C@@H]1O,0
ZINC00056426,DUD_gpb_D_169,Nc1ncnc2c1nc(Br)n2[C@@H]1O[C@H](CO)[C@@H](O)[C@@H]1O,0
ZINC00057180,DUD_gpb_D_170,Nc1ccc(S[C@H]2OC[C@@H](O)[C@H](O)[C@@H]2O)cc1,0
ZINC00057182,DUD_gpb_D_171,Nc1ccc(O[C@H]2OC[C@H](O)[C@@H](O)[C@H]2O)cc1,0
ZINC00057187,DUD_gpb_D_172,CC(=O)O[C@@H]1C[C@@H](n2ccc(N)nc2=O)O[C@@H]1CO,0
ZINC00057188,DUD_gpb_D_173,Nc1ncn([C@@H]2C[C@H](O)[C@H](CO)O2)c(=O)n1,0
ZINC00057191,DUD_gpb_D_174,CC(=O)O[C@@H]1C[C@H](n2cnc3c(N)ncnc32)O[C@H]1CO,0
ZINC00057265,DUD_gpb_D_175,Nc1ncnc2c1ncn2[C@@H]1O[C@@H](C(=O)NC2CC2)[C@@H](O)[C@@H]1O,0
ZINC00057331,DUD_gpb_D_176,Nc1ccn([C@H]2O[C@H](CO)[C@H](O)[C@H]2F)c(=O)n1,0
ZINC00057393,DUD_gpb_D_177,CO[C@@H]1[C@H](O)[C@@H](CO)O[C@@H]1n1ccc(N)nc1=O,0
ZINC00057394,DUD_gpb_D_178,Cc1ncnc2c1ncn2[C@@H]1O[C@H](CO)[C@H](O)[C@H]1O,0
ZINC00057398,DUD_gpb_D_179,Cc1cc(=O)oc2cc(O[C@@H]3OC[C@@H](O)[C@@H](O)[C@H]3O)ccc12,0
ZINC00057415,DUD_gpb_D_180,Cc1cc(=O)oc2cc(O[C@@H]3O[C@@H](CO)[C@@H](O)[C@@H]3O)ccc12,0
ZINC00057518,DUD_gpb_D_181,C[C@H](O)[C@H](O)[C@@H]1CNc2nc(N)[nH]c(=O)c2N1,0
ZINC00057631,DUD_gpb_D_182,Cc1ccc(NC[C@H](O)[C@H](O)[C@H](O)CO)cc1C,0
ZINC00058108,DUD_gpb_D_183,O=c1ccc2cc(O[C@H]3O[C@@H](O)[C@@H](O)[C@@H](O)[C@@H]3O)c(O)cc2o1,0
ZINC00058676,DUD_gpb_D_184,Cc1ccc([N+](=O)[O-])cc1N[C@H]1OC[C@H](O)[C@@H](O)[C@@H]1O,0
ZINC00061647,DUD_gpb_D_185,N#Cc1c(-c2ccc3c(c2)OCO3)c(C#N)c(=O)n(N)c1N,0
ZINC00062214,DUD_gpb_D_186,NS(=O)(=O)c1ccc(NC(=O)CN2C(=O)CCC2=O)cc1,0
ZINC00062254,DUD_gpb_D_187,C[C@@H](C(=O)Nc1ccc(S(N)(=O)=O)cc1)N1C(=O)CCC1=O,0
ZINC00062255,DUD_gpb_D_188,C[C@H](C(=O)Nc1ccc(S(N)(=O)=O)cc1)N1C(=O)CCC1=O,0
ZINC00062388,DUD_gpb_D_189,O=[N+]([O-])c1cccc(N[C@@H]2O[C@@H](CO)[C@H](O)[C@H](O)[C@H]2O)c1,0
ZINC00071457,DUD_gpb_D_190,CC(=O)Nc1ccc(C(=O)NN)cc1NC(C)=O,0
ZINC00072975,DUD_gpb_D_191,NC(=O)COc1ccc(/C=C2\NC(=O)NC2=O)cc1,0
ZINC00075497,DUD_gpb_D_192,CNC(=O)NNc1cc(C)c2c(N)n[nH]c2n1,0
ZINC00077954,DUD_gpb_D_193,CC(=O)N[C@H](CO)/C(=N\O)c1ccc([N+](=O)[O-])cc1,0
ZINC00077960,DUD_gpb_D_194,CC(=O)N[C@H](CO)/C(=N\O)c1ccc([N+](=O)[O-])cc1,0
ZINC00078285,DUD_gpb_D_195,CC1(C)CC(=O)C(=CNNc2n[nH]c(=O)[nH]c2=O)C(=O)C1,0
ZINC00082050,DUD_gpb_D_196,NC(=O)CSc1ncnc2c1cnn2CCO,0
ZINC00087601,DUD_gpb_D_197,O=[N+]([O-])c1cccc(N[C@H]2O[C@@H](CO)[C@H](O)[C@@H](O)[C@H]2O)c1,0
ZINC00087603,DUD_gpb_D_198,O=[N+]([O-])c1cccc(N[C@H]2O[C@@H](CO)[C@@H](O)[C@H](O)[C@@H]2O)c1,0
ZINC00092675,DUD_gpb_D_199,O=[N+]([O-])c1ccccc1O[C@H]1O[C@@H](CO)[C@H](O)[C@@H](O)[C@H]1O,0
ZINC00093090,DUD_gpb_D_200,CNc1nc2c(c(=O)[nH]c(=O)n2C)n1C[C@H](O)CO,0
ZINC00093090,DUD_gpb_D_201,CNc1[nH+]c2c(c(=O)[nH]c(=O)n2C)n1C[C@@H](O)CO,0
ZINC00093095,DUD_gpb_D_202,CNc1nc2c(c(=O)[nH]c(=O)n2C)n1C[C@@H](O)CO,0
ZINC00093095,DUD_gpb_D_203,CNc1[nH+]c2c(c(=O)[nH]c(=O)n2C)n1C[C@H](O)CO,0
ZINC00104951,DUD_gpb_D_204,CC(=O)N[C@H]1[C@H](Oc2ccc(C=O)cc2)O[C@H](CO)[C@H](O)[C@@H]1O,0
ZINC00104975,DUD_gpb_D_205,COc1cc(C=O)ccc1O[C@@H]1O[C@H](CO)[C@@H](O)[C@H](O)[C@@H]1O,0
ZINC00105321,DUD_gpb_D_206,NNC(=O)c1ccc(Cn2cnc(N)n2)o1,0
ZINC00112982,DUD_gpb_D_207,CC(=O)c1ccc(N[C@@H]2O[C@@H](CO)[C@@H](O)[C@@H](O)[C@H]2O)cc1,0
ZINC00114428,DUD_gpb_D_208,Cc1nnc(O)nc1Nc1ccc(S(N)(=O)=O)cc1,0
ZINC00115943,DUD_gpb_D_209,CC(=O)OCC(=O)Nc1ccc(S(N)(=O)=O)cc1,0
ZINC00116764,DUD_gpb_D_210,CC(=O)c1ccc(N[C@H]2O[C@@H](C)[C@H](O)[C@@H](O)[C@H]2O)cc1,0
ZINC00118623,DUD_gpb_D_211,CC(=O)c1ccc(N[C@H]2OC[C@H](O)[C@@H](O)[C@H]2O)cc1,0
ZINC00125019,DUD_gpb_D_212,Cc1cc(=O)oc2cc(O[C@H]3O[C@@H](CO)[C@@H](O)[C@H](O)[C@@H]3O)ccc12,0
ZINC00125022,DUD_gpb_D_213,O=[N+]([O-])c1ccc(O[C@H]2O[C@H](CO)[C@@H](O)[C@H](O)[C@H]2O)cc1,0
ZINC00125232,DUD_gpb_D_214,COC(=O)CCC(=O)Nc1ccc(S(N)(=O)=O)cc1,0
ZINC00133809,DUD_gpb_D_215,COc1ccc2c(c1)nnc1nnc(SCC(=O)NN)n12,0
ZINC00134093,DUD_gpb_D_216,COC(=O)c1cc(=O)nc2n1[C@H]1O[C@@H](CO)[C@H](O)[C@H]1O2,0
ZINC00134307,DUD_gpb_D_217,O=[N+]([O-])c1ccc(O[C@@H]2O[C@@H](CO)[C@@H](O)[C@H](O)[C@@H]2O)cc1,0
ZINC00134310,DUD_gpb_D_218,O=[N+]([O-])c1ccc(O[C@@H]2O[C@@H](CO)[C@H](O)[C@@H](O)[C@H]2O)cc1,0
ZINC00134312,DUD_gpb_D_219,O=[N+]([O-])c1ccccc1O[C@@H]1O[C@@H](CO)[C@H](O)[C@@H](O)[C@H]1O,0
ZINC00134320,DUD_gpb_D_220,CC(C)S[C@@H]1O[C@H](CO)[C@H](O)[C@H](O)[C@H]1O,0
ZINC00134323,DUD_gpb_D_221,OC[C@H]1O[C@H](Sc2ccccc2)[C@H](O)[C@@H](O)[C@@H]1O,0
ZINC00134325,DUD_gpb_D_222,O=[N+]([O-])c1ccc(O[C@H]2O[C@@H](CO)[C@H](O)[C@@H](O)[C@H]2O)cc1,0
ZINC00134422,DUD_gpb_D_223,O=c1c2cc3c(=O)n(CCO)c(=O)c3cc2c(=O)n1CCO,0
ZINC00134868,DUD_gpb_D_224,O=C1Nc2ccc(S(=O)(=O)N(CCO)CCO)c3cccc1c23,0
ZINC00135497,DUD_gpb_D_225,O=[N+]([O-])c1cccc(N[C@@H]2O[C@@H](CO)[C@@H](O)[C@H]2O)c1,0
ZINC00136666,DUD_gpb_D_226,COC(=O)/C=C/c1cn([C@H]2OC[C@H](CO)[C@H]2O)c(=O)[nH]c1=O,0
ZINC00139190,DUD_gpb_D_227,Nc1ncnc2c1nc1n2[C@H]2O[C@H](CO)[C@@H](O)[C@H]2O1,0
ZINC00139343,DUD_gpb_D_228,COc1cccc(C(=O)NN[C@@H]2O[C@@H](CO)[C@@H](O)[C@@H]2O)c1,0
ZINC00140682,DUD_gpb_D_229,NNC(=O)C1CCN(c2nonc2N)CC1,0
ZINC00141458,DUD_gpb_D_230,CC1(C)C(C#N)=C(SCC(N)=O)NC(=O)[C@H]1C#N,0
ZINC00146133,DUD_gpb_D_231,CC(=O)Nc1cccc(-n2nnc(SCC(N)=O)n2)c1,0
ZINC00146512,DUD_gpb_D_232,O=C1NCCN1CCNS(=O)(=O)c1cccc2nonc12,0
ZINC00148297,DUD_gpb_D_233,NS(=O)(=O)c1ccc(NNC(=O)C2CCC2)cc1,0
ZINC00150399,DUD_gpb_D_234,CC(=O)O[C@@H]1[C@@H](CO)O[C@H](n2ccc(=O)[nH]c2=O)[C@H]1OC(C)=O,0
ZINC00150647,DUD_gpb_D_235,Cc1nnc(Nc2ccc(S(N)(=O)=O)cc2)nc1O,0
ZINC00154187,DUD_gpb_D_236,CS(=O)(=O)c1cc(C(N)=O)cc(S(C)(=O)=O)c1,0
ZINC00154645,DUD_gpb_D_237,O=[N+]([O-])c1ccccc1O[C@@H]1O[C@H](CO)[C@H](O)[C@H](O)[C@@H]1O,0
ZINC00156947,DUD_gpb_D_238,O=[N+]([O-])c1ccc(O[C@H]2O[C@@H](CO)[C@H](O)[C@@H](O)[C@@H]2O)cc1,0
ZINC00158458,DUD_gpb_D_239,O=C([O-])/C=C/c1cn([C@H]2OC[C@H](CO)[C@@H]2O)c(=O)[nH]c1=O,0
ZINC00161584,DUD_gpb_D_240,OC[C@H](O)[C@@H](O)[C@H](O)[C@H]1Nc2ccccc2S1,0
ZINC00161586,DUD_gpb_D_241,OC[C@@H](O)[C@H](O)[C@@H](O)[C@H]1Nc2ccccc2S1,0
ZINC00162357,DUD_gpb_D_242,CC(=O)NCc1ccc(S(=O)(=O)NN)cc1,0
ZINC00174037,DUD_gpb_D_243,CC(=O)N[C@@H](CO)[C@H](O)c1ccc([N+](=O)[O-])cc1,0
ZINC00175502,DUD_gpb_D_244,Nc1ccc(C(=O)NN[C@H]2O[C@H](CO)[C@H](O)[C@@H]2O)cc1,0
ZINC00178012,DUD_gpb_D_245,Cc1cc(S(N)(=O)=O)c(C)c2c1N=CNS2(=O)=O,0
ZINC00180718,DUD_gpb_D_246,CC(C)n1c(SCC(N)=O)nc2c1c(=O)[nH]c(=O)n2C,0
ZINC00180718,DUD_gpb_D_247,CC(C)n1c(SCC(N)=O)[nH+]c2c1c(=O)[nH]c(=O)n2C,0
ZINC00184153,DUD_gpb_D_248,Cc1c(C(=O)N2CCC(C(N)=O)CC2)sc(N)c1C#N,0
ZINC00186848,DUD_gpb_D_249,CC(=O)Nc1ccc(S(=O)(=O)Nc2nc[nH]n2)cc1,0
ZINC00189168,DUD_gpb_D_250,Nc1cccc2c1nnn2[C@H]1O[C@H](CO)[C@H](O)[C@@H](O)[C@H]1O,0
ZINC00191837,DUD_gpb_D_251,C[C@@H]1O[C@H](Nc2cccc(O)c2)[C@@H](O)[C@H](O)[C@@H]1O,0
ZINC00193044,DUD_gpb_D_252,Cc1ccc([N+](=O)[O-])cc1N[C@H]1O[C@H](C)[C@@H](O)[C@@H](O)[C@@H]1O,0
ZINC00202270,DUD_gpb_D_253,CNS(=O)(=O)c1ccc2c(O)cc(S(=O)(=O)NC)cc2c1,0
ZINC00208972,DUD_gpb_D_254,COc1ccc(/C=N\NC(=O)Nc2nonc2N)cc1,0
ZINC00218143,DUD_gpb_D_255,C[C@@H]1O[C@H](NNC(=O)c2cccnc2)[C@@H](O)[C@@H](O)[C@@H]1O,0
ZINC00219576,DUD_gpb_D_256,OC[C@H]1O[C@H](O)[C@H](/N=C/c2ccccc2O)[C@H](O)[C@H]1O,0
ZINC00221613,DUD_gpb_D_257,COc1ccc(/C=N/NC(=O)COc2nonc2N)cc1O,0
ZINC00221736,DUD_gpb_D_258,Cc1ccc(N[C@H]2O[C@@H](CO)[C@@H](O)[C@H]2O)cc1[N+](=O)[O-],0
ZINC00236576,DUD_gpb_D_259,O=[N+]([O-])c1cc(N[C@@H]2OC[C@@H](O)[C@H](O)[C@@H]2O)ccc1Cl,0
ZINC00236578,DUD_gpb_D_260,O=[N+]([O-])c1cccc(N[C@H]2O[C@@H]([C@@H](O)CO)[C@H](O)[C@H]2O)c1,0
ZINC00236579,DUD_gpb_D_261,Cc1ccc([N+](=O)[O-])cc1N[C@@H]1O[C@H](CO)[C@@H](O)[C@H]1O,0
ZINC00236587,DUD_gpb_D_262,Cc1ccc([N+](=O)[O-])cc1N[C@@H]1O[C@@H](CO)[C@@H](O)[C@@H](O)[C@@H]1O,0
ZINC00236589,DUD_gpb_D_263,C[C@@H]1O[C@@H](Nc2ccc(Cl)c([N+](=O)[O-])c2)[C@H](O)[C@H](O)[C@@H]1O,0
ZINC00236594,DUD_gpb_D_264,O=[N+]([O-])c1cccc(N[C@@H]2OC[C@H](O)[C@H](O)[C@@H]2O)c1,0
ZINC00241233,DUD_gpb_D_265,COc1ccc(N[C@@H]2O[C@@H]([C@H](O)CO)[C@H](O)[C@@H]2O)cc1,0
ZINC00243722,DUD_gpb_D_266,Cc1ccc(N[C@@H]2O[C@H](CO)[C@H](O)[C@@H](O)[C@@H]2O)cc1C,0
ZINC00243920,DUD_gpb_D_267,Cc1ccc(N[C@@H]2OC[C@H](O)[C@@H](O)[C@@H]2O)cc1[N+](=O)[O-],0
ZINC00243922,DUD_gpb_D_268,Cc1ccc(N[C@H]2O[C@H]([C@@H](O)CO)[C@H](O)[C@@H]2O)cc1[N+](=O)[O-],0
ZINC00246231,DUD_gpb_D_269,Cc1ccc(N[C@H]2O[C@@H](CO)[C@H](O)[C@@H](O)[C@@H]2O)cc1,0
ZINC00246238,DUD_gpb_D_270,C[C@H]1O[C@H](Nc2cccc([N+](=O)[O-])c2)[C@@H](O)[C@H](O)[C@@H]1O,0
ZINC00248269,DUD_gpb_D_271,COc1ccc(/C=N/NC(=[NH2+])N[N+](=O)[O-])cc1OC,0
ZINC00252893,DUD_gpb_D_272,CNS(=O)(=O)c1ccc2[nH]c(=O)c(=O)[nH]c2c1,0
ZINC00252932,DUD_gpb_D_273,O=c1[nH]c2ccc(S(=O)(=O)N3CCOCC3)cc2[nH]c1=O,0
ZINC00274473,DUD_gpb_D_274,CC[C@](C)(O)c1nnn(-c2nonc2N)c1[C@@](C)(O)CC,0
ZINC00281085,DUD_gpb_D_275,Nc1nonc1O[C@@H]1CCCC[C@H]1Oc1nonc1N,0
ZINC00281088,DUD_gpb_D_276,Nc1nonc1O[C@@H]1CCCC[C@H]1Oc1nonc1N,0
ZINC00281092,DUD_gpb_D_277,Nc1nonc1O[C@@H]1CCCC[C@@H]1Oc1nonc1N,0
ZINC00281095,DUD_gpb_D_278,Nc1nonc1O[C@@H]1CCCC[C@@H]1Oc1nonc1N,0
ZINC00285127,DUD_gpb_D_279,COC(=O)Nc1ccc(S(=O)(=O)N(CCO)CCO)cc1,0
ZINC00286890,DUD_gpb_D_280,NS(=O)(=O)c1ccc(S(=O)(=O)N2CCOCC2)cc1,0
ZINC00286970,DUD_gpb_D_281,OC[C@@H](O)[C@H](O)[C@@H](O)[C@@H](O)c1nc2ccccc2[nH]1,0
ZINC00286970,DUD_gpb_D_282,OC[C@@H](O)[C@H](O)[C@@H](O)[C@@H](O)c1[nH]c2ccccc2[nH+]1,0
ZINC00287837,DUD_gpb_D_283,O=C(CO)Nc1cccc(NC(=O)CO)n1,0
ZINC00297510,DUD_gpb_D_284,Cc1nc(C)c(C(=O)NN)cc1C(=O)NN,0
ZINC00303160,DUD_gpb_D_285,COCC(=O)NCCc1ccc(S(N)(=O)=O)cc1,0
ZINC00307398,DUD_gpb_D_286,Cc1ccc(NC(=O)Cn2nnnc2-c2nonc2N)c(C)c1,0
ZINC00313211,DUD_gpb_D_287,COc1ccccc1NS(=O)(=O)c1[nH]c(=O)[nH]c(=O)c1C,0
ZINC00330483,DUD_gpb_D_288,CNc1nc(N)nc(O)c1N(C=O)CC#N,0
ZINC00331210,DUD_gpb_D_289,NNC(=O)CSc1nnnn1-c1ccc2c(c1)OCO2,0
ZINC00338049,DUD_gpb_D_290,O=c1[nH]c(=O)n([C@@H]2C[C@H](O)[C@H](CO)O2)c2nccnc12,0
ZINC00338236,DUD_gpb_D_291,COc1c(O)cc2c(c1O)[C@H]1O[C@@H](CO)[C@@H](O)[C@H](O)[C@H]1OC2=O,0
ZINC00340333,DUD_gpb_D_292,NS(=O)(=O)c1ccc(NC(=O)N2CCOCC2)cc1,0
ZINC00344344,DUD_gpb_D_293,Cc1cc(C(=O)NO)c(C)cc1C(=O)NO,0
ZINC00346374,DUD_gpb_D_294,CCNc1nc(NCC)nc(C(=O)NN)n1,0
ZINC00349973,DUD_gpb_D_295,COc1ccc(-n2nnnc2SCC(=O)NN)cc1,0
ZINC00356377,DUD_gpb_D_296,NS(=O)(=O)c1ccc(S(=O)(=O)NC[C@H]2CCCO2)cc1,0
ZINC00356380,DUD_gpb_D_297,NS(=O)(=O)c1ccc(S(=O)(=O)NC[C@H]2CCCO2)cc1,0
ZINC00362134,DUD_gpb_D_298,Cc1ccc([N+](=O)[O-])cc1N[C@@H]1O[C@@H]([C@@H](O)CO)[C@@H](O)[C@@H]1O,0
ZINC00362136,DUD_gpb_D_299,Cc1ccc(N[C@H]2O[C@H]([C@H](O)CO)[C@@H](O)[C@@H]2O)cc1C,0
ZINC00367948,DUD_gpb_D_300,CC(=O)N[C@@H]1[C@H](Oc2ccccc2C=O)O[C@@H](CO)[C@H](O)[C@@H]1O,0
ZINC00368004,DUD_gpb_D_301,CC(C)OC[C@H](O)Cn1c(N)nc2c1c(=O)[nH]c(=O)n2C,0
ZINC00368004,DUD_gpb_D_302,CC(C)OC[C@@H](O)Cn1c(N)[nH+]c2c1c(=O)[nH]c(=O)n2C,0
ZINC00369110,DUD_gpb_D_303,OC[C@@H]1O[C@H](Nc2ccc(O)cc2)[C@H](O)[C@H](O)[C@@H]1O,0
ZINC00371441,DUD_gpb_D_304,NS(=O)(=O)c1ccc(S(=O)(=O)NC2CCCC2)cc1,0
ZINC00372337,DUD_gpb_D_305,OC[C@H]1O[C@H](n2nnc3ccccc32)[C@H](O)[C@H](O)[C@@H]1O,0
ZINC00377359,DUD_gpb_D_306,CSc1ncnc2nn([C@H]3O[C@@H](CO)[C@@H](O)[C@H]3O)cc12,0
ZINC00386189,DUD_gpb_D_307,Cc1cc(Cl)c(S(N)(=O)=O)cc1OCC(N)=O,0
ZINC00386190,DUD_gpb_D_308,CNS(=O)(=O)c1cc(OCC(N)=O)c(C)cc1Cl,0
ZINC00386192,DUD_gpb_D_309,CCNS(=O)(=O)c1cc(OCC(N)=O)c(C)cc1Cl,0
ZINC00386582,DUD_gpb_D_310,Cc1ccc(S[C@H]2O[C@@H](CO)[C@@H](O)[C@H](O)[C@@H]2O)cc1,0
ZINC00389665,DUD_gpb_D_311,COc1c(O)cc2c(c1O)[C@@H]1O[C@@H](CO)[C@H](O)[C@@H](O)[C@@H]1OC2=O,0
ZINC00390628,DUD_gpb_D_312,CC1=NC(C)=C(C(=O)NN)C[C@H]1C(=O)NN,0
ZINC00390999,DUD_gpb_D_313,OCc1c(CO)c(CO)c(CO)c(CO)c1CO,0
ZINC00391439,DUD_gpb_D_314,CCOC(=O)N[C@H]1[C@@H](OC)O[C@@H](CO)[C@H](O)[C@H]1O,0
ZINC00392135,DUD_gpb_D_315,NNC(=O)Cc1csc(CC(N)=O)n1,0
ZINC00395029,DUD_gpb_D_316,Cc1cc(N)c(NC[C@@H](O)[C@@H](O)[C@@H](O)CO)cc1C,0
ZINC00397696,DUD_gpb_D_317,NS(=O)(=O)c1ccc(NC[C@@H](O)CO)cc1,0
ZINC00397697,DUD_gpb_D_318,NS(=O)(=O)c1ccc(NC[C@@H](O)CO)cc1,0
ZINC00399506,DUD_gpb_D_319,Nc1ccccc1O[C@H]1O[C@H](CO)[C@H](O)[C@@H](O)[C@H]1O,0
ZINC00402453,DUD_gpb_D_320,O=C(O[C@H]1O[C@H](CO)[C@H](O)[C@@H](O)[C@@H]1O)c1ccccc1,0
ZINC00402621,DUD_gpb_D_321,Nc1ccc(S[C@@H]2O[C@H](CO)[C@@H](O)[C@H](O)[C@@H]2O)cc1,0
ZINC00402622,DUD_gpb_D_322,Nc1ccc(O[C@@H]2O[C@H](CO)[C@H](O)[C@H](O)[C@H]2O)cc1,0
ZINC00402647,DUD_gpb_D_323,Nc1nc(Cl)c2ncn([C@H]3O[C@H](CO)[C@@H](O)[C@@H]3O)c2n1,0
ZINC00402738,DUD_gpb_D_324,C[C@@H](O)[C@@H](O)c1c[nH]c2nc(N)nc(=O)c-2n1,0
ZINC00402739,DUD_gpb_D_325,C[C@@H](O)[C@@H](O)c1c[nH]c2nc(N)nc(=O)c-2n1,0
ZINC00402740,DUD_gpb_D_326,C[C@@H](O)[C@H](O)c1c[nH]c2nc(N)nc(=O)c-2n1,0
ZINC00402741,DUD_gpb_D_327,C[C@H](O)[C@H](O)c1c[nH]c2nc(N)nc(=O)c-2n1,0
ZINC00402811,DUD_gpb_D_328,Nc1nc(=O)n([C@H]2O[C@H](CO)[C@H](O)[C@@H]2O)cc1Cl,0
ZINC00403021,DUD_gpb_D_329,N#C[C@H](O[C@@H]1O[C@H](CO)[C@H](O)[C@@H](O)[C@@H]1O)c1ccccc1,0
ZINC00404261,DUD_gpb_D_330,O=c1cc(O)ccn1[C@@H]1O[C@H](CO)[C@@H](O)[C@H]1O,0
ZINC00405435,DUD_gpb_D_331,CC(=O)Nc1ccc(S(=O)(=O)NN2CCS(=O)CC2)cc1,0
ZINC00406219,DUD_gpb_D_332,O=c1ccc2cc(O[C@H]3O[C@H](CO)[C@@H](O)[C@H]3O)c(O)cc2o1,0
ZINC00406547,DUD_gpb_D_333,Nc1ccc(S(=O)(=O)NN2CCS(=O)(=O)CC2)cc1,0
ZINC00413966,DUD_gpb_D_334,CCCC(=O)Nc1ccccc1-c1nnn(CC(N)=O)n1,0
ZINC00413967,DUD_gpb_D_335,CCC(=O)Nc1ccccc1-c1nnn(CC(N)=O)n1,0
ZINC00413968,DUD_gpb_D_336,CC(=O)Nc1ccccc1-c1nnn(CC(N)=O)n1,0
ZINC00413969,DUD_gpb_D_337,NC(=O)Cn1nnc(-c2ccccc2NC(=O)C2CC2)n1,0
ZINC00417606,DUD_gpb_D_338,Cc1nc2ccc(-c3nnn(CC(N)=O)n3)cc2[nH]1,0
ZINC00417740,DUD_gpb_D_339,CC(C)(C)NC(=O)CSc1nc(N)cc(N)n1,0
ZINC00418002,DUD_gpb_D_340,Nc1cc(N)nc(SCC(=O)N2CCOCC2)n1,0
ZINC00420140,DUD_gpb_D_341,Nc1cc(N)nc(SCC(=O)NC[C@@H]2CCCO2)n1,0
ZINC00420141,DUD_gpb_D_342,Nc1cc(N)nc(SCC(=O)NC[C@H]2CCCO2)n1,0
ZINC00420169,DUD_gpb_D_343,NNC(=O)c1ccc(S(=O)(=O)NC[C@H]2CCCO2)cc1,0
ZINC00420170,DUD_gpb_D_344,NNC(=O)c1ccc(S(=O)(=O)NC[C@@H]2CCCO2)cc1,0
ZINC00420809,DUD_gpb_D_345,NNC(=O)c1ccc(S(=O)(=O)N2CCOCC2)cc1,0
ZINC00420817,DUD_gpb_D_346,Cn1c(=O)c2[nH]c(SCC(N)=O)nc2n(C)c1=O,0
ZINC00423430,DUD_gpb_D_347,O=c1[nH]c2ccc(S(=O)(=O)NC3CCCC3)cc2[nH]c1=O,0
ZINC00423468,DUD_gpb_D_348,CC(C)NS(=O)(=O)c1ccc2[nH]c(=O)c(=O)[nH]c2c1,0
ZINC00424630,DUD_gpb_D_349,NC(=O)CCCC1=Nc2ccccc2S(=O)(=O)N1,0
ZINC00424632,DUD_gpb_D_350,CC(C)(CC(N)=O)CC1=Nc2ccccc2S(=O)(=O)N1,0
ZINC00424641,DUD_gpb_D_351,N#Cc1c(N)c(C#N)c(=S)n(C[C@H]2CCCO2)c1N,0
ZINC00429086,DUD_gpb_D_352,COc1ccc(NC(=O)Cn2nnc(C(N)=O)c2N)c(OC)c1,0
ZINC00436278,DUD_gpb_D_353,O=[N+]([O-])c1cc(N[C@@H]2O[C@@H](CO)[C@@H](O)[C@@H](O)[C@@H]2O)ccc1Cl,0
ZINC00437794,DUD_gpb_D_354,COC(=O)Nc1ccc(S(=O)(=O)Nn2cnnc2)cc1,0
ZINC00439168,DUD_gpb_D_355,Cc1c(C(=O)NN)c2cc(O)ccc2n1CCO,0
ZINC00446156,DUD_gpb_D_356,NNC(=O)c1cccc(S(=O)(=O)N2CCOCC2)c1,0
ZINC00452875,DUD_gpb_D_357,COc1cc(/C=N\n2nnnc2N)ccc1OCC(N)=O,0
ZINC00457034,DUD_gpb_D_358,CS(=O)(=O)NCCc1ccc(S(N)(=O)=O)cc1,0
ZINC00469715,DUD_gpb_D_359,CC(C)NS(=O)(=O)c1ccc(OCC(N)=O)cc1,0
ZINC00477244,DUD_gpb_D_360,Cc1nc(SCC(N)=O)c(C(N)=O)c(C)c1C,0
ZINC00485026,DUD_gpb_D_361,NC(=O)COc1cccc(/C=N\n2nnnc2N)c1,0
ZINC00485468,DUD_gpb_D_362,O=[N+]([O-])c1ccccc1O[C@H]1O[C@H](CO)[C@@H](O)[C@@H](O)[C@@H]1O,0
ZINC00485469,DUD_gpb_D_363,O=[N+]([O-])c1ccccc1O[C@H]1O[C@@H](CO)[C@H](O)[C@@H](O)[C@H]1O,0
ZINC00487539,DUD_gpb_D_364,CSc1nc2c(N)ncn(C[C@H](O)CO)c-2n1,0
ZINC00487636,DUD_gpb_D_365,CC1(C)O[C@@H]2[C@H](CO)O[C@@H](n3ncc(N)nc3=O)[C@H]2O1,0
ZINC00488434,DUD_gpb_D_366,CC(=O)N[C@H]1[C@@H](Oc2ccc(C)cc2)O[C@H](CO)[C@H](O)[C@@H]1O,0
ZINC00488531,DUD_gpb_D_367,CC(=O)N[C@@H]1[C@H](Oc2ccc(C=O)cc2)O[C@H](CO)[C@H](O)[C@@H]1O,0
ZINC00492592,DUD_gpb_D_368,O=[N+]([O-])c1cccc2c1nnn2[C@@H]1OC[C@H](O)[C@@H](O)[C@@H]1O,0
ZINC00494248,DUD_gpb_D_369,C[C@@H](C(=O)NN)n1cnc2c1c(=O)[nH]c(=O)n2C,0
ZINC00494248,DUD_gpb_D_370,C[C@@H](C(=O)NN)n1c[nH+]c2c1c(=O)[nH]c(=O)n2C,0
ZINC00498902,DUD_gpb_D_371,NC(=O)COc1ccc(/C=N/n2nnnc2N)cc1,0
ZINC00507709,DUD_gpb_D_372,COc1ccc(/C=N/NC(=O)Nc2nonc2N)cc1OC,0
ZINC00507710,DUD_gpb_D_373,COc1ccc(/C=N/NC(=O)Nc2nonc2N)cc1OC,0
ZINC00517421,DUD_gpb_D_374,Nc1ncnc2[nH]c(SC[C@H](O)CO)nc12,0
ZINC00517738,DUD_gpb_D_375,CC(=O)Nc1ccc(N[C@H]2O[C@H](CO)[C@@H](O)[C@@H]2O)cc1,0
ZINC00518041,DUD_gpb_D_376,O=c1[nH]cnc2c1nc(N1CCCC1)n2[C@@H]1O[C@H](CO)[C@H](O)[C@@H]1O,0
ZINC00518041,DUD_gpb_D_377,OC[C@H]1O[C@@H](n2c(N3CCCC3)nc3c(O)ncnc32)[C@H](O)[C@@H]1O,0
ZINC00518041,DUD_gpb_D_378,O=c1nc[nH]c2c1nc(N1CCCC1)n2[C@H]1O[C@@H](CO)[C@H](O)[C@H]1O,0
ZINC00518172,DUD_gpb_D_379,OC[C@@H]1O[C@@H](n2nnc3ccccc32)[C@@H](O)[C@H](O)[C@@H]1O,0
ZINC00519019,DUD_gpb_D_380,Nc1cccc2c1nnn2[C@@H]1O[C@@H](CO)[C@@H](O)[C@@H](O)[C@@H]1O,0
ZINC00519404,DUD_gpb_D_381,Cc1cc(=O)oc2cc(O[C@H]3O[C@H](CO)[C@H](O)[C@H](O)[C@@H]3O)ccc12,0
ZINC00519405,DUD_gpb_D_382,Cc1cc(=O)oc2cc(O[C@H]3O[C@@H](CO)[C@H](O)[C@@H](O)[C@H]3O)ccc12,0
ZINC00519741,DUD_gpb_D_383,O=[N+]([O-])c1cccc(N[C@@H]2O[C@H](CO)[C@H](O)[C@H]2O)c1,0
ZINC00519742,DUD_gpb_D_384,O=[N+]([O-])c1cccc(N[C@H]2O[C@H](CO)[C@@H](O)[C@H]2O)c1,0
ZINC00519784,DUD_gpb_D_385,COc1ccc(/C=N\[C@H]2[C@@H](O)O[C@H](CO)[C@H](O)[C@@H]2O)cc1,0
ZINC00519785,DUD_gpb_D_386,COc1ccc(/C=N\[C@@H]2[C@H](O)O[C@@H](CO)[C@@H](O)[C@H]2O)cc1,0
ZINC00525548,DUD_gpb_D_387,OC[C@H]1O[C@@H](O)[C@H](/N=C/c2ccc(O)cc2)[C@H](O)[C@H]1O,0
ZINC00525549,DUD_gpb_D_388,OC[C@H]1O[C@@H](O)[C@H](/N=C/c2ccc(O)cc2)[C@H](O)[C@H]1O,0
ZINC00526389,DUD_gpb_D_389,Oc1ccc(N[C@@H]2OC[C@H](O)[C@H](O)[C@H]2O)cc1,0
ZINC00527027,DUD_gpb_D_390,C=CCN1C(=O)NC(=O)/C(=C(/C)NNC(N)=O)C1=O,0
ZINC00529241,DUD_gpb_D_391,NS(=O)(=O)c1ccc(NC(=O)[C@@H]2CCC(=O)O2)cc1,0
ZINC00529243,DUD_gpb_D_392,NS(=O)(=O)c1ccc(NC(=O)[C@H]2CCC(=O)O2)cc1,0
ZINC00539232,DUD_gpb_D_393,COC(=O)[C@H](C)NC(=O)Nc1ccc(S(N)(=O)=O)cc1,0
ZINC00540745,DUD_gpb_D_394,O=C(NC(CO)(CO)CO)c1ccc(=O)oc1,0
ZINC00541648,DUD_gpb_D_395,O=C(CCC(=O)N1CCOCC1)Nc1ccc2[nH]c(=O)[nH]c2n1,0
ZINC00543645,DUD_gpb_D_396,COC(CNC(=S)Nc1ccc(S(N)(=O)=O)cc1)OC,0
ZINC00544355,DUD_gpb_D_397,O=C(CCC(=O)NC1CC1)Nc1ccc2[nH]c(=O)[nH]c2n1,0
ZINC00545407,DUD_gpb_D_398,Cc1cc(C)nc(Nc2nc(N)nc(N)n2)n1,0
ZINC00547117,DUD_gpb_D_399,Nc1nnn(CC(=O)N/N=C\c2ccncc2)n1,0
ZINC00547334,DUD_gpb_D_400,Nc1nnn(CC(=O)N/N=C/c2cccnc2)n1,0
ZINC00547373,DUD_gpb_D_401,Nc1nnn(CC(=O)N/N=C/c2cccc(O)c2)n1,0
ZINC00547374,DUD_gpb_D_402,Nc1nnn(CC(=O)N/N=C/c2cccc(O)c2)n1,0
ZINC00547445,DUD_gpb_D_403,Nc1nnnn1CC(=O)N/N=C\c1cccc(O)c1,0
ZINC00547469,DUD_gpb_D_404,COc1cc(/C=N\NC(=O)Cn2nnnc2N)ccc1O,0
ZINC00547470,DUD_gpb_D_405,COc1cc(/C=N\NC(=O)Cn2nnnc2N)ccc1O,0
ZINC00547566,DUD_gpb_D_406,COc1cccc(/C=N\NC(=O)Cn2nnnc2N)c1O,0
ZINC00547567,DUD_gpb_D_407,COc1cccc(/C=N\NC(=O)Cn2nnnc2N)c1O,0
ZINC00547581,DUD_gpb_D_408,Nc1nnn(CC(=O)N/N=C\c2ccc3c(c2)OCO3)n1,0
ZINC00547582,DUD_gpb_D_409,Nc1nnn(CC(=O)N/N=C/c2ccc3c(c2)OCO3)n1,0
ZINC00547673,DUD_gpb_D_410,Cc1ccc(/C=N/NC(=O)Cn2nnc(N)n2)o1,0
ZINC00547835,DUD_gpb_D_411,COc1cccc(/C=N/NC(=O)Cn2nnc(N)n2)c1O,0
ZINC00547875,DUD_gpb_D_412,CCOc1ccc(/C=N/NC(=O)Cn2nnnc2N)cc1O,0
ZINC00547952,DUD_gpb_D_413,CCOc1ccc(/C=N/NC(=O)Cn2nnc(N)n2)cc1O,0
ZINC00547981,DUD_gpb_D_414,COc1cc(/C=N/NC(=O)Cn2nnc(N)n2)ccc1O,0
ZINC00547982,DUD_gpb_D_415,COc1cc(/C=N/NC(=O)Cn2nnc(N)n2)ccc1O,0
ZINC00548385,DUD_gpb_D_416,Nc1nnn(CC(=O)N/N=C/c2ccc(O)cc2)n1,0
ZINC00548386,DUD_gpb_D_417,Nc1nnn(CC(=O)N/N=C\c2ccc(O)cc2)n1,0
ZINC00550973,DUD_gpb_D_418,CC(C)NC(=O)CSc1nc(N)cc(N)n1,0
ZINC00551407,DUD_gpb_D_419,Nc1ccc(S(=O)(=O)NC(=O)[C@H]2CCC(=O)O2)cc1,0
ZINC00555117,DUD_gpb_D_420,Cc1ccc([N+](=O)[O-])cc1N(CC(N)=O)S(C)(=O)=O,0
ZINC00575784,DUD_gpb_D_421,COc1cccc(/C=N\n2nnnc2N)c1OCC(N)=O,0
ZINC00575785,DUD_gpb_D_422,NC(=O)COc1ccccc1/C=N\n1nnnc1N,0
ZINC00575786,DUD_gpb_D_423,NC(=O)COc1ccccc1/C=N/n1nnnc1N,0
ZINC00578248,DUD_gpb_D_424,COc1ccc(S(=O)(=O)N2Cc3nc[nH]c3C[C@H]2C(=O)NO)cc1,0
ZINC00592031,DUD_gpb_D_425,Cn1c(Br)c([C@H]2O[C@H](CO)[C@H](O)[C@H]2O)c2nc(N)[nH]c(=O)c21,0
ZINC00592031,DUD_gpb_D_426,Cn1c(Br)c([C@@H]2O[C@H](CO)[C@H](O)[C@H]2O)c2[nH]c(N)nc(=O)c21,0
ZINC00592031,DUD_gpb_D_427,Cn1c(Br)c([C@H]2O[C@@H](CO)[C@@H](O)[C@H]2O)c2nc(N)nc(O)c21,0
ZINC00595862,DUD_gpb_D_428,N#Cc1cc(NC(=O)CO)c(Cl)c(NC(=O)CO)c1,0
ZINC00615610,DUD_gpb_D_429,CC(C)CNS(=O)(=O)c1ccc(NC(N)=O)cc1,0
ZINC00617790,DUD_gpb_D_430,CC(=O)c1cccc(-n2nnnc2SCC(N)=O)c1,0
ZINC00619536,DUD_gpb_D_431,Cc1ccc(N[C@H](C(N)=O)c2c(C)[nH]c(=O)[nH]c2=O)cc1,0
ZINC00619711,DUD_gpb_D_432,Nc1nc(SCC(=O)NCc2ccc3c(c2)OCO3)n[nH]1,0
ZINC00712182,DUD_gpb_D_433,NS(=O)(=O)c1ccc(NCc2cc(=O)[nH]c(=O)[nH]2)cc1,0
ZINC00804620,DUD_gpb_D_434,NS(=O)(=O)c1ccc(CNC(=O)[C@H]2CCCO2)cc1,0
ZINC00804621,DUD_gpb_D_435,NS(=O)(=O)c1ccc(CNC(=O)[C@@H]2CCCO2)cc1,0
ZINC00806176,DUD_gpb_D_436,Cc1cc(NC(=O)c2cc(S(N)(=O)=O)ccc2C)no1,0
ZINC00812231,DUD_gpb_D_437,CC(=O)c1ccc(N[C@H]2O[C@@H](O)[C@@H](O)[C@H](O)[C@H]2O)cc1,0
ZINC00850233,DUD_gpb_D_438,C=C(C)Cn1c(SCC(N)=O)nc2c1c(=O)[nH]c(=O)n2C,0
ZINC00850233,DUD_gpb_D_439,C=C(C)Cn1c(SCC(N)=O)[nH+]c2c1c(=O)[nH]c(=O)n2C,0
ZINC00895152,DUD_gpb_D_440,C[C@@H](O)[C@H](O)[C@H]1CNC2=NC(N)=NC(=O)C2=N1,0
ZINC00895402,DUD_gpb_D_441,C[C@H](O)C(=O)C1=Nc2c(nc(N)[nH]c2=O)NC1,0
ZINC00895402,DUD_gpb_D_442,C[C@@H](O)C(=O)C1=Nc2c(O)nc(N)nc2NC1,0
ZINC00895585,DUD_gpb_D_443,N#C[C@@H](O[C@@H]1O[C@H](CO)[C@H](O)[C@@H](O)[C@@H]1O)c1ccc(O)cc1,0
ZINC00895925,DUD_gpb_D_444,O=C([O-])c1ccc[n+]([C@@H]2O[C@H](CO)[C@@H](O)[C@H]2O)c1,0
ZINC00896017,DUD_gpb_D_445,CC1=C[C@@H]2O[C@H]3[C@@H](O)[C@@H](O)[C@@](C)([C@]34CO4)[C@@]2(CO)[C@@H](O)C1=O,0
ZINC00896201,DUD_gpb_D_446,C[C@@H](O)[C@H](O)[C@@H]1CNc2nc[nH]c(=O)c2N1,0
ZINC00896749,DUD_gpb_D_447,NC(=O)c1ncn([C@@H]2O[C@@H](CO)[C@H](O)[C@H]2O)n1,0
ZINC00897135,DUD_gpb_D_448,C/[N+]([O-])=N/CO[C@@H]1O[C@@H](CO)[C@H](O)[C@H](O)[C@@H]1O,0
ZINC00897470,DUD_gpb_D_449,C=C(CO)[C@@H](C#N)O[C@H]1O[C@H](CO)[C@@H](O)[C@@H](O)[C@H]1O,0
ZINC00897471,DUD_gpb_D_450,N#C[C@]1(O[C@@H]2O[C@H](CO)[C@@H](O)[C@@H](O)[C@H]2O)C=CCC1,0
ZINC00897474,DUD_gpb_D_451,CC(C)[C@H](C#N)O[C@@H]1O[C@@H](CO)[C@@H](O)[C@@H](O)[C@H]1O,0
ZINC00897476,DUD_gpb_D_452,CC[C@@](C)(C#N)O[C@@H]1O[C@@H](CO)[C@@H](O)[C@@H](O)[C@H]1O,0
ZINC00897478,DUD_gpb_D_453,C=C(C)[C@H](C#N)O[C@H]1O[C@H](CO)[C@@H](O)[C@H](O)[C@H]1O,0
ZINC00897535,DUD_gpb_D_454,O=C1C=C[C@@H](CO[C@H]2O[C@@H](CO)[C@H](O)[C@@H](O)[C@@H]2O)O1,0
ZINC00897590,DUD_gpb_D_455,O=C1N[C@@H]2C(=C[C@H](O)[C@@H](O)[C@H]2O)c2cc3c(cc21)OCO3,0
ZINC00897597,DUD_gpb_D_456,O=C1N[C@@H]2[C@@H](O)[C@H](O)[C@@H](O)[C@H](O)[C@H]2c2cc3c(c(O)c21)OCO3,0
ZINC00897606,DUD_gpb_D_457,C=C(CCO)C(=O)O[C@H]1O[C@@H](CO)[C@@H](O)[C@H](O)[C@@H]1O,0
ZINC00898995,DUD_gpb_D_458,O=C(OC[C@H]1O[C@@H](O)[C@H](O)[C@@H](O)[C@@H]1O)c1cccnc1,0
ZINC00900071,DUD_gpb_D_459,CO[C@H]1C(=O)C[C@@](O)(CO)C/C1=N\C(CO)CO,0
ZINC00900241,DUD_gpb_D_460,COc1ccc(C(C)=O)c(O[C@H]2O[C@@H](CO)[C@H](O)[C@H](O)[C@@H]2O)c1,0
ZINC00900790,DUD_gpb_D_461,Cc1cc(O[C@@H]2O[C@H](CO)[C@@H](O)[C@H](O)[C@@H]2O)no1,0
ZINC00900794,DUD_gpb_D_462,Cc1cc(=O)n([C@@H]2O[C@H](CO)[C@H](O)[C@H](O)[C@@H]2O)o1,0
ZINC00900995,DUD_gpb_D_463,O=C1N[C@@H]2[C@H](O)[C@@H](O)[C@H](O)[C@@H](O)[C@@H]2c2cc3c(cc21)OCO3,0
ZINC00901014,DUD_gpb_D_464,COc1cc2ccc(=O)oc2cc1O[C@@H]1O[C@H](CO)[C@@H](O)[C@@H](O)[C@@H]1O,0
ZINC00901322,DUD_gpb_D_465,O=C1Cc2ncn([C@H]3O[C@H](CO)[C@@H](O)[C@H]3O)c2N=CN1,0
ZINC00901580,DUD_gpb_D_466,C[C@H](O)[C@@H](O)C1=Nc2c(nc(N)[nH]c2=O)NC1,0
ZINC00901580,DUD_gpb_D_467,C[C@H](O)[C@@H](O)C1=Nc2c(O)nc(N)nc2NC1,0
ZINC00901659,DUD_gpb_D_468,NC(=O)c1ccc[n+]([C@H]2O[C@@H](CO)[C@H](O)[C@@H]2O)c1,0
ZINC00901746,DUD_gpb_D_469,O=C(CO)N[C@H]1[C@@H](O)O[C@@H](CO)[C@H](O)[C@@H]1O,0
ZINC00901892,DUD_gpb_D_470,O=C1[C@@H](O)[C@@H](CO)C[C@@H](Nc2ccc([N+](=O)O)cc2)[C@H]1O,0
ZINC00901911,DUD_gpb_D_471,OC[C@@H](O)CO[C@@H]1O[C@@H](CO)[C@@H](O)[C@H](O)[C@@H]1O,0
ZINC00901945,DUD_gpb_D_472,CC(=O)c1cn(O[C@H]2O[C@@H](CO)[C@@H](O)[C@H](O)[C@H]2O)c2ccccc12,0
ZINC00901992,DUD_gpb_D_473,C[C@H](O)C(=O)[C@H]1CNc2nc(N)[nH]c(=O)c2N1,0
ZINC00901992,DUD_gpb_D_474,C[C@@H](O)C(=O)[C@H]1CNc2[nH]c(N)nc(=O)c2N1,0
ZINC00901992,DUD_gpb_D_475,C[C@@H](O)C(=O)[C@H]1CNc2nc(N)nc(O)c2N1,0
ZINC00966788,DUD_gpb_D_476,CC(=O)N[C@@H]1[C@@H](Oc2ccccc2C=O)O[C@H](CO)[C@@H](O)[C@@H]1O,0
ZINC00967433,DUD_gpb_D_477,COCc1c(C(N)=O)nnn1-c1nonc1N,0
ZINC00967852,DUD_gpb_D_478,Nc1ncnc2c1ncn2[C@H]1O[C@@H](C=O)[C@H](O)[C@@H]1O,0
ZINC00972752,DUD_gpb_D_479,COC(=O)c1nnn(-c2nonc2N)c1C(=O)OC,0
ZINC00975021,DUD_gpb_D_480,C[C@H](COc1nonc1N)Oc1nonc1N,0
ZINC00976085,DUD_gpb_D_481,Cn1c(=O)c2c(nc([N+](=O)[O-])n2C[C@H](O)CO)n(C)c1=O,0
ZINC00976085,DUD_gpb_D_482,Cn1c(=O)c2c([nH+]c([N+](=O)[O-])n2C[C@H](O)CO)n(C)c1=O,0
ZINC00978258,DUD_gpb_D_483,CCOC(=O)c1nc(N)n2nc(C(=O)NC)ncc12,0
ZINC00978258,DUD_gpb_D_484,CCOC(=O)c1[nH+]c(N)n2nc(C(=O)NC)ncc12,0
ZINC00993856,DUD_gpb_D_485,CC(=O)O[C@@H](C(=O)Nn1nnnc1N)c1ccccc1,0
ZINC00997138,DUD_gpb_D_486,Nc1ncn(C[C@@H](O)CO)c2nc(N3CCOCC3)nc1-2,0
ZINC01005033,DUD_gpb_D_487,CSc1ncnc2nn([C@H]3O[C@H](CO)[C@@H](O)[C@H]3O)cc12,0
ZINC01010118,DUD_gpb_D_488,Cc1cc(NC(=O)C[C@H]2SC(N)=NC2=O)no1,0
ZINC01022306,DUD_gpb_D_489,Cc1ccc(N[C@@H]2O[C@H]([C@@H](O)CO)[C@H](O)[C@H]2O)cc1[N+](=O)[O-],0
ZINC01027326,DUD_gpb_D_490,CN(NO[C@H]1O[C@@H](CO)[C@H](O)[C@H](O)[C@H]1O)c1ccccc1,0
ZINC01030727,DUD_gpb_D_491,CC(=O)OCc1nnn(-c2nonc2N)c1COC(C)=O,0
ZINC01035331,DUD_gpb_D_492,NC(=O)c1ncn([C@H]2O[C@@H](CO)[C@@H](O)[C@H]2O)n1,0
ZINC01041275,DUD_gpb_D_493,O=C(NN[C@H]1OC[C@H](O)[C@H](O)[C@H]1O)c1cccnc1,0
ZINC01041276,DUD_gpb_D_494,O=C(NN[C@H]1OC[C@@H](O)[C@H](O)[C@@H]1O)c1cccnc1,0
ZINC01042107,DUD_gpb_D_495,CC(=O)Nc1ccn([C@@H]2O[C@H](CO)[C@H](O)[C@H]2O)c(=O)n1,0
ZINC01042131,DUD_gpb_D_496,Nc1cnn([C@@H]2O[C@H](CO)[C@@H](O)[C@H]2O)c(=O)n1,0
ZINC01051629,DUD_gpb_D_497,Cc1ccc([N+](=O)[O-])cc1N[C@@H]1OC[C@@H](O)[C@H](O)[C@@H]1O,0
ZINC01052452,DUD_gpb_D_498,NNC(=O)Cn1c(=O)n(CC(=O)NN)c2ccccc21,0
ZINC01059717,DUD_gpb_D_499,Nc1nc(=O)n([C@H]2O[C@@H](CO)[C@@H](O)[C@@H]2O)cc1Br,0
ZINC01061693,DUD_gpb_D_500,NC(=O)COc1ccc(S(=O)(=O)N2CCOCC2)cc1,0
ZINC01067415,DUD_gpb_D_501,Nc1nonc1-c1nnnn1CC(=O)N1CCOCC1,0
ZINC01069478,DUD_gpb_D_502,COC(=O)c1nnn(-c2nonc2N)c1COC(C)=O,0
ZINC01070096,DUD_gpb_D_503,Cc1cc(=O)oc2cc(O[C@H]3O[C@H](CO)[C@@H](O)[C@@H](O)[C@H]3O)ccc12,0
ZINC01070097,DUD_gpb_D_504,O=[N+]([O-])c1ccc(O[C@H]2O[C@H](CO)[C@@H](O)[C@@H](O)[C@H]2O)cc1,0
ZINC01070450,DUD_gpb_D_505,O=[N+]([O-])c1ccccc1O[C@H]1O[C@@H](CO)[C@H](O)[C@H](O)[C@H]1O,0
ZINC01074246,DUD_gpb_D_506,CC(=O)N[C@@H]1[C@H](Oc2ccc(C=O)cc2)O[C@H](CO)[C@@H](O)[C@@H]1O,0
ZINC01075999,DUD_gpb_D_507,COc1ccc([N+](=O)[O-])cc1N(CC(N)=O)S(C)(=O)=O,0
ZINC01078595,DUD_gpb_D_508,O=c1cnn([C@@H]2O[C@H](CO)[C@@H](O)[C@H]2O)c(=O)[nH]1,0
ZINC01078605,DUD_gpb_D_509,NNc1ccn([C@H]2O[C@@H](CO)[C@@H](O)[C@@H]2O)c(=O)n1,0
ZINC01078622,DUD_gpb_D_510,Nc1ncn([C@@H]2O[C@@H](CO)[C@@H](O)[C@@H]2O)c(=O)n1,0
ZINC01080968,DUD_gpb_D_511,O=c1ccc2cc(O[C@H]3O[C@H](O)[C@H](O)[C@@H](O)[C@@H]3O)c(O)cc2o1,0
ZINC01081583,DUD_gpb_D_512,O=[N+]([O-])c1cccc(N[C@H]2O[C@H]([C@H](O)CO)[C@@H](O)[C@H]2O)c1,0
ZINC01085040,DUD_gpb_D_513,O=[N+]([O-])c1cccc(N[C@H]2O[C@H](CO)[C@H](O)[C@H]2O)c1,0
ZINC01086099,DUD_gpb_D_514,Cc1ccc2c(c1)nnc1nnc(SCC(=O)NN)n12,0
ZINC01091444,DUD_gpb_D_515,NC(=O)c1ncn([C@H]2O[C@H](CO)[C@H](O)[C@@H]2O)n1,0
ZINC01092285,DUD_gpb_D_516,Cc1ccc(C2=NN[C@H]([C@@H](O)[C@@H](O)[C@H](O)CO)S2)cc1,0
ZINC01095799,DUD_gpb_D_517,OC[C@H]1COC[C@H](O)[C@H](O)[C@@H](O)[C@H]1O,0
ZINC01106192,DUD_gpb_D_518,NNC(=O)c1nnn(Cc2ccccc2F)c1C(=O)NN,0
ZINC01106862,DUD_gpb_D_519,CCCc1nn(CC(=O)NN)c(=O)n1N,0
ZINC01140171,DUD_gpb_D_520,O=C(CCCC(=O)Nc1nc[nH]n1)Nc1nc[nH]n1,0
ZINC01199529,DUD_gpb_D_521,C[C@H]1O[C@@H](Nc2cccc([N+](=O)[O-])c2)[C@H](O)[C@H](O)[C@@H]1O,0
ZINC01199551,DUD_gpb_D_522,Cc1ccc([N+](=O)[O-])cc1N[C@H]1O[C@H](CO)[C@@H](O)[C@H]1O,0
ZINC01199628,DUD_gpb_D_523,Cc1ccc([N+](=O)[O-])cc1N[C@@H]1O[C@@H]([C@H](O)CO)[C@H](O)[C@H]1O,0
ZINC01199730,DUD_gpb_D_524,O=[N+]([O-])c1cc(N[C@H]2O[C@@H](CO)[C@H](O)[C@H](O)[C@H]2O)ccc1Cl,0
ZINC01203468,DUD_gpb_D_525,Cc1ccc(N[C@H]2O[C@@H](CO)[C@@H](O)[C@H]2O)cc1[N+](=O)[O-],0
ZINC01203477,DUD_gpb_D_526,Cc1ccc(N[C@H]2OC[C@@H](O)[C@@H](O)[C@H]2O)cc1[N+](=O)[O-],0
ZINC01203554,DUD_gpb_D_527,Cc1ccc(N[C@@H]2O[C@@H](CO)[C@H](O)[C@H](O)[C@H]2O)cc1,0
ZINC01203595,DUD_gpb_D_528,Cc1ccc([N+](=O)[O-])cc1N[C@@H]1O[C@@H](CO)[C@H](O)[C@@H](O)[C@H]1O,0
ZINC01203682,DUD_gpb_D_529,O=[N+]([O-])c1cccc(N[C@@H]2OC[C@@H](O)[C@H](O)[C@@H]2O)c1,0
ZINC01204694,DUD_gpb_D_530,C[C@@H]1O[C@H](Nc2ccc(C(=O)[O-])cc2)[C@H](O)[C@H](O)[C@@H]1O,0
ZINC01233816,DUD_gpb_D_531,Cc1ccc([N+](=O)[O-])cc1N[C@@H]1O[C@H](C)[C@@H](O)[C@H](O)[C@@H]1O,0
ZINC01236368,DUD_gpb_D_532,O=c1cnn([C@H]2OC[C@@H](O)[C@@H](O)[C@H]2O)c(=O)[nH]1,0
ZINC01236371,DUD_gpb_D_533,O=c1cnn([C@H]2O[C@@H](O)[C@@H](O)C[C@@H]2O)c(=O)[nH]1,0
ZINC01238591,DUD_gpb_D_534,CC(C)(O)c1nnn(-c2nonc2N)c1C(C)(C)O,0
ZINC01245602,DUD_gpb_D_535,Cc1nn(C)cc1/C=N\NC(=O)Cn1nnc(N)n1,0
ZINC01279960,DUD_gpb_D_536,CC(=O)Nc1nc(NC(C)=O)n2c(NC(C)=O)nnc2n1,0
ZINC01281152,DUD_gpb_D_537,CCCc1cc(=O)[nH]c(NNc2nc(=O)[nH]nc2C)n1,0
ZINC01281152,DUD_gpb_D_538,CCCc1cc(O)nc(NNc2nc(=O)[nH]nc2C)n1,0
ZINC01281152,DUD_gpb_D_539,CCCc1cc(=O)nc(NNc2nc(=O)[nH]nc2C)[nH]1,0
ZINC01282797,DUD_gpb_D_540,Cc1nnc(SCC(=O)Nn2cnnc2)[nH]c1=O,0
ZINC01282797,DUD_gpb_D_541,Cc1nnc(SCC(=O)Nn2cnnc2)nc1O,0
ZINC01282797,DUD_gpb_D_542,Cc1nnc(SCC(=O)Nn2cnnc2)nc1O,0
ZINC01292908,DUD_gpb_D_543,OC[C@H]1O[C@H](O)[C@@H](Nc2ncnc3ccccc23)[C@@H](O)[C@H]1O,0
ZINC01303449,DUD_gpb_D_544,COc1c(O)cc2c(c1O)[C@H]1O[C@@H](CO)[C@H](O)[C@H](O)[C@@H]1OC2=O,0
ZINC01318743,DUD_gpb_D_545,O=c1ccc2cc(O[C@H]3O[C@H](CO)[C@H](O)[C@H]3O)c(O)cc2o1,0
ZINC01319657,DUD_gpb_D_546,OC[C@@H](O)[C@H]1O[C@H](Sc2ccccc2)[C@@H](O)[C@H]1O,0
ZINC01319731,DUD_gpb_D_547,CC(=O)O[C@H]1C[C@H](n2ccc(N)nc2=O)O[C@@H]1CO,0
ZINC01319803,DUD_gpb_D_548,Nc1nc(=O)n([C@@H]2O[C@H](CO)[C@H](O)[C@@H]2O)cc1Cl,0
ZINC01320046,DUD_gpb_D_549,Cc1cc(=O)oc2cc(O[C@H]3O[C@@H](CO)[C@@H](O)[C@@H]3O)ccc12,0
ZINC01320120,DUD_gpb_D_550,CNc1ccc(S[C@@H]2O[C@H](CO)[C@H](O)[C@H](O)[C@@H]2O)cc1,0
ZINC01320127,DUD_gpb_D_551,CC(C)(C)OC(=O)N[C@@H]1[C@@H](O)O[C@@H](CO)[C@H](O)[C@H]1O,0
ZINC01388964,DUD_gpb_D_552,Cn1c(=O)c(C#N)cn(C[C@@H]2CC(C(=O)NN)=NO2)c1=O,0
ZINC01388965,DUD_gpb_D_553,Cn1c(=O)c(C#N)cn(C[C@@H]2CC(C(=O)NN)=NO2)c1=O,0
ZINC01395855,DUD_gpb_D_554,Nc1n[nH]c(N2CCN(c3nc(N)n[nH]3)CC2)n1,0
ZINC01407252,DUD_gpb_D_555,Cc1cc(=O)n(N)c(SCC(=O)NN)n1,0
ZINC01408870,DUD_gpb_D_556,CNC(=O)c1cnn2c(N)c(C(N)=O)nnc12,0
ZINC01414905,DUD_gpb_D_557,CC(=O)Nc1ccc(Nc2c(N)oc(=O)n2N)cc1,0
ZINC01418557,DUD_gpb_D_558,CNC(=O)NNc1nc(N)cc2ncnn12,0
ZINC01422321,DUD_gpb_D_559,O=c1cnn([C@H]2O[C@H](CO)[C@@H](O)[C@H]2O)c(=O)[nH]1,0
ZINC01422322,DUD_gpb_D_560,O=c1cnn([C@H]2O[C@H](CO)[C@@H](O)[C@H]2O)c(=O)[nH]1,0
ZINC01422323,DUD_gpb_D_561,O=c1cnn([C@H]2O[C@H](CO)[C@@H](O)[C@@H]2O)c(=O)[nH]1,0
ZINC01422324,DUD_gpb_D_562,O=c1cnn([C@@H]2O[C@H](CO)[C@H](O)[C@H]2O)c(=O)[nH]1,0
ZINC01427433,DUD_gpb_D_563,CC(=O)NC(C)(C)c1cnnn1-c1nonc1N,0
ZINC01430235,DUD_gpb_D_564,Cc1cn([C@@H]2C[C@@H](NS(C)(=O)=O)[C@H](CO)O2)c(=O)[nH]c1=O,0
ZINC01431206,DUD_gpb_D_565,Cc1cn([C@@H]2O[C@H](CO)[C@H](O)[C@H](O)[C@H]2O)c(=O)[nH]c1=O,0
ZINC01435750,DUD_gpb_D_566,O=[N+]([O-])c1cccc(N[C@H]2O[C@H](CO)[C@@H](O)[C@H](O)[C@@H]2O)c1,0
ZINC01437736,DUD_gpb_D_567,C[C@H]1O[C@H](NNC(=O)c2ccc(O)cc2)[C@H](O)[C@@H](O)[C@H]1O,0
ZINC01438251,DUD_gpb_D_568,OCNc1nc(NCO)nc(NCO)n1,0
ZINC01440898,DUD_gpb_D_569,CC(=O)c1ccc(N[C@H]2O[C@H](CO)[C@@H](O)[C@H](O)[C@H]2O)cc1,0
ZINC01444144,DUD_gpb_D_570,Cc1ccc([N+](=O)[O-])cc1N[C@H]1OC[C@H](O)[C@H](O)[C@H]1O,0
ZINC01444219,DUD_gpb_D_571,CC(=O)c1ccc(N[C@@H]2O[C@H](C)[C@@H](O)[C@@H](O)[C@H]2O)cc1,0
ZINC01445818,DUD_gpb_D_572,CC(=O)c1ccc(N[C@H]2OC[C@H](O)[C@H](O)[C@@H]2O)cc1,0
ZINC01448962,DUD_gpb_D_573,CC(=O)N[C@H]1[C@@H](Sc2ccccc2)O[C@H](CO)[C@H](O)[C@@H]1O,0
ZINC01448964,DUD_gpb_D_574,CC(=O)N[C@H]1[C@@H](Oc2ccc(C(C)=O)cc2)O[C@H](CO)[C@@H](O)[C@@H]1O,0
ZINC01458718,DUD_gpb_D_575,OC[C@@H]1O[C@H](Nc2ccc(Cl)cc2)[C@H](O)[C@H](O)[C@H]1O,0
ZINC01462242,DUD_gpb_D_576,NNC(=O)COc1ccccc1OCC(=O)NN,0
ZINC01464264,DUD_gpb_D_577,CC(=O)N[C@@H]1[C@@H](Oc2ccc(C=O)cc2)O[C@H](CO)[C@@H](O)[C@@H]1O,0
ZINC01481792,DUD_gpb_D_578,Nc1ncnc2c1ncn2O[C@@H]1O[C@H](CO)[C@H](O)[C@H]1O,0
ZINC01481884,DUD_gpb_D_579,Nc1ncnc2c1ncn2[C@@H]1[C@H](O)[C@H](O)[C@@]2(CO)O[C@H]12,0
ZINC01482003,DUD_gpb_D_580,CNS(=O)(=O)c1cc(S(=O)(=O)NC)c(Cl)cc1N,0
ZINC01482022,DUD_gpb_D_581,O=C1C=CN([C@H]2O[C@H](CO)[C@@H](O)[C@H]2O)C(=O)C1,0
ZINC01482043,DUD_gpb_D_582,Cc1cc(Cl)c(S(N)(=O)=O)cc1S(N)(=O)=O,0
ZINC01482132,DUD_gpb_D_583,O=c1[nH]c(=O)c([C@@H]2O[C@@H](CO)[C@@H](O)[C@H]2O)co1,0
ZINC01482170,DUD_gpb_D_584,O=C1C=C([C@@H]2O[C@H](CO)[C@@H](O)[C@H]2O)C(=O)N1,0
ZINC01482377,DUD_gpb_D_585,OCC1=C[C@@H](n2cnc3c2N=CNC[C@H]3O)[C@H](O)[C@H]1O,0
ZINC01482800,DUD_gpb_D_586,NC(=O)c1ncn([C@H]2O[C@H](CO)[C@H]2CO)c1N,0
ZINC01483488,DUD_gpb_D_587,O=c1nc(NO)ccn1[C@H]1O[C@H](CO)[C@H](O)C1(F)F,0
ZINC01484724,DUD_gpb_D_588,O[C@H]1[C@@H](O)[C@H](O)[C@@H]2[C@@H]3CC[C@H]([C@@H](O)[C@@H]3O)[C@@H]2[C@@H]1O,0
ZINC01484989,DUD_gpb_D_589,C/C(C#N)=C\CO[C@@H]1O[C@H](CO)[C@@H](O)[C@@H](O)[C@H]1O,0
ZINC01486228,DUD_gpb_D_590,CC(=O)N[C@H]1c2nccn2[C@H](CO)[C@@H](O)[C@@H]1O,0
ZINC01486558,DUD_gpb_D_591,Nc1ncc2ncn(OC[C@@H](O)CO)c2n1,0
ZINC01489728,DUD_gpb_D_592,OC[C@@H](O)[C@@H](F)Cc1cnc([C@@H](O)[C@@H](O)[C@H](O)CO)cn1,0
ZINC01491022,DUD_gpb_D_593,Nc1ncn([C@@H]2O[C@@H](CO)C[C@@H]2O)c2nnnc1-2,0
ZINC01491853,DUD_gpb_D_594,Cc1c(N)n[nH]c1NC(=O)N[C@@H](CO)Cc1cnc[nH]1,0
ZINC01491853,DUD_gpb_D_595,Cc1c(NC(=O)N[C@@H](CO)Cc2c[nH+]c[nH]2)n[nH]c1N,0
ZINC01491853,DUD_gpb_D_596,Cc1c(N)n[nH]c1NC(=O)N[C@@H](CO)Cc1c[nH+]c[nH]1,0
ZINC01491853,DUD_gpb_D_597,Cc1c(NC(=O)N[C@H](CO)Cc2c[nH]cn2)n[nH]c1N,0
ZINC01491853,DUD_gpb_D_598,Cc1c(NC(=O)N[C@@H](CO)Cc2cnc[nH]2)n[nH]c1N,0
ZINC01491853,DUD_gpb_D_599,Cc1c(N)n[nH]c1NC(=O)N[C@H](CO)Cc1c[nH]cn1,0
ZINC01492923,DUD_gpb_D_600,NC(=O)c1coc([C@@H]2O[C@H](CO)[C@@H](O)[C@H]2O)n1,0
ZINC01493034,DUD_gpb_D_601,Nc1nc2c(ccn2[C@@H]2O[C@@H](CO)[C@H](O)[C@@H]2O)c(=O)[nH]1,0
ZINC01493034,DUD_gpb_D_602,Nc1nc(=O)c2ccn([C@H]3O[C@@H](CO)[C@@H](O)[C@@H]3O)c2[nH]1,0
ZINC01493034,DUD_gpb_D_603,Nc1nc(O)c2ccn([C@@H]3O[C@@H](CO)[C@H](O)[C@H]3O)c2n1,0
ZINC01493148,DUD_gpb_D_604,OC[C@@H]1O[C@@H](O[C@@H]2OC=C[C@H]3[C@@H](O)[C@H]4O[C@@]4(CO)[C@H]23)[C@@H](O)[C@H]1O,0
ZINC01493422,DUD_gpb_D_605,O=[N+]([O-])c1nccn1CO[C@H](CO)[C@H](O)CO,0
ZINC01493422,DUD_gpb_D_606,O=[N+]([O-])c1[nH+]ccn1CO[C@@H](CO)[C@H](O)CO,0
ZINC01494873,DUD_gpb_D_607,O=c1[nH]ccc2c([C@@H]3[NH2+][C@H](CO)[C@@H](O)[C@@H]3O)c[nH]c12,0
ZINC01498437,DUD_gpb_D_608,Cn1c(=O)[nH]c(=O)c2c1nc(NN)n2CCO,0
ZINC01498443,DUD_gpb_D_609,COc1cc(/C=N\NC(=O)Nc2nonc2N)ccc1O,0
ZINC01498445,DUD_gpb_D_610,COc1cc(/C=N\NC(=O)Nc2nonc2N)ccc1O,0
ZINC01504913,DUD_gpb_D_611,O=[N+]([O-])c1cccc(N[C@H]2OC[C@@H](O)[C@@H](O)[C@@H]2O)c1,0
ZINC01504917,DUD_gpb_D_612,O=[N+]([O-])c1cccc(N[C@H]2OC[C@@H](O)[C@@H](O)[C@@H]2O)c1,0
ZINC01505980,DUD_gpb_D_613,COc1cc(N[C@@H]2O[C@@H](CO)[C@@H](O)[C@@H](O)[C@@H]2O)ccc1C,0
ZINC01509765,DUD_gpb_D_614,Cn1c(=O)[nH]c(=O)c2c1ncn2CC(=O)NN,0
ZINC01509765,DUD_gpb_D_615,Cn1c(=O)[nH]c(=O)c2c1[nH+]cn2CC(=O)NN,0
ZINC01510515,DUD_gpb_D_616,OC[C@H]1[C@@H](O)[C@@H](O)O[C@@H]1N1N=CC(O)=N[C@H]1O,0
ZINC01511116,DUD_gpb_D_617,C[C@H]1O[C@@H](Nc2ccc(Cl)c([N+](=O)[O-])c2)[C@H](O)[C@@H](O)[C@@H]1O,0
ZINC01511130,DUD_gpb_D_618,Cc1ccc(N[C@H]2O[C@@H](CO)[C@@H](O)[C@H](O)[C@@H]2O)cc1C,0
ZINC01511133,DUD_gpb_D_619,Cc1ccc(N[C@@H]2O[C@H](CO)[C@H](O)[C@H](O)[C@@H]2O)cc1C,0
ZINC01512341,DUD_gpb_D_620,O=[N+]([O-])c1cc(N[C@@H]2O[C@@H](CO)[C@@H](O)[C@@H]2O)ccc1Cl,0
ZINC01514638,DUD_gpb_D_621,O=[N+]([O-])c1cc(N[C@@H]2OC[C@H](O)[C@@H](O)[C@H]2O)ccc1Cl,0
ZINC01514640,DUD_gpb_D_622,Cc1ccc([N+](=O)[O-])cc1N[C@@H]1OC[C@@H](O)[C@H](O)[C@H]1O,0
ZINC01514651,DUD_gpb_D_623,O=[N+]([O-])c1cc(N[C@H]2O[C@@H](CO)[C@H](O)[C@@H](O)[C@H]2O)ccc1Cl,0
ZINC01514653,DUD_gpb_D_624,O=[N+]([O-])c1cc(N[C@H]2O[C@H](CO)[C@@H](O)[C@@H](O)[C@H]2O)ccc1Cl,0
ZINC01514757,DUD_gpb_D_625,CCCC(=O)OC[C@@H]1O[C@H](n2cnc(C(N)=O)n2)[C@H](O)[C@@H]1O,0
ZINC01515368,DUD_gpb_D_626,O=[N+]([O-])c1cccc2c1nnn2[C@@H]1O[C@H](CO)[C@@H](O)[C@H]1O,0
ZINC01529416,DUD_gpb_D_627,Nc1ccn([C@@H]2O[C@H](CO)[C@H]3O[P@@](=O)([O-])O[C@@H]32)c(=O)n1,0
ZINC01529923,DUD_gpb_D_628,Cc1nc2c(=O)[nH]c(=O)nc-2n(C[C@@H](O)[C@@H](O)[C@@H](O)CO)c1C,0
ZINC01530075,DUD_gpb_D_629,Nc1nc2c(c(=O)[nH]1)N[C@@H](C(=O)[C@@H](O)CO)CN2,0
ZINC01530126,DUD_gpb_D_630,CC(=O)C(=O)C1=C(O)N(O)c2nc(N)[nH]c(=O)c2N1,0
ZINC01530126,DUD_gpb_D_631,CC(=O)C(=O)C1=C(O)N(O)c2[nH]c(N)nc(=O)c2N1,0
ZINC01530126,DUD_gpb_D_632,CC(=O)C(=O)C1=C(O)N(O)c2nc(N)nc(O)c2N1,0
ZINC01531158,DUD_gpb_D_633,O=[N+]([O-])CCCO[C@@H]1O[C@@H](CO)[C@@H](O)[C@H](O)[C@@H]1O,0
ZINC01532206,DUD_gpb_D_634,Nc1ncnc2c1nnn2[C@@H]1O[C@H](CO)[C@@H](O)[C@@H]1O,0
ZINC01536012,DUD_gpb_D_635,Nc1nc2c(ncn2C2[C@H](CO)C(CO)[C@H]2CO)c(=O)[nH]1,0
ZINC01536316,DUD_gpb_D_636,Nc1ncnc2c1ncn2[C@@H]1O[C@H](CO)[C@H](O[N+](=O)[O-])[C@H]1O,0
ZINC01539080,DUD_gpb_D_637,Nc1ncnc2c1ncn2C[C@H]1O[C@@H](CO)[C@H]1CO,0
ZINC01539266,DUD_gpb_D_638,Nc1ncnc2c(N[C@H]3O[C@H](CO)[C@@H](O)[C@H]3O)ncnc12,0
ZINC01542389,DUD_gpb_D_639,Nc1nc2c(sc(=O)n2[C@@H]2O[C@@H](CO)[C@@H](O)[C@H]2O)c(=O)[nH]1,0
ZINC01542389,DUD_gpb_D_640,Nc1nc(=O)c2sc(=O)n([C@@H]3O[C@@H](CO)[C@@H](O)[C@@H]3O)c2[nH]1,0
ZINC01542389,DUD_gpb_D_641,Nc1nc(O)c2sc(=O)n([C@H]3O[C@H](CO)[C@@H](O)[C@H]3O)c2n1,0
ZINC01543212,DUD_gpb_D_642,COCCOCn1c(N)c(C#N)c2c(N)ncnc21,0
ZINC01544250,DUD_gpb_D_643,CN1Cc2cc(S(N)(=O)=O)sc2S(=O)(=O)N1,0
ZINC01545060,DUD_gpb_D_644,Nc1nc(Cl)nc2c1ncn2[C@@H]1C[C@H](O)[C@@H](CO)O1,0
ZINC01547705,DUD_gpb_D_645,Nc1nc2c(ncn2CCC2(F)COP(=O)([O-])OC2)c(=O)[nH]1,0
ZINC01547708,DUD_gpb_D_646,Nc1ccn(COC2COP(=O)([O-])OC2)c(=O)n1,0
ZINC01548002,DUD_gpb_D_647,N#Cc1cn(COC(CO)CO)c2nc(N)[nH]c(=O)c12,0
ZINC01548003,DUD_gpb_D_648,CSc1c(C#N)c2c(N)ncnc2n1COC(CO)CO,0
ZINC01548095,DUD_gpb_D_649,Cn1c(=S)n([C@H]2O[C@@H](CO)[C@H](O)[C@H]2O)c2nc(N)[nH]c(=O)c21,0
ZINC01548095,DUD_gpb_D_650,Cn1c(=S)n([C@H]2O[C@H](CO)[C@@H](O)[C@@H]2O)c2[nH]c(N)nc(=O)c21,0
ZINC01548095,DUD_gpb_D_651,Cn1c(=S)n([C@H]2O[C@@H](CO)[C@H](O)[C@@H]2O)c2nc(N)nc(O)c21,0
ZINC01548096,DUD_gpb_D_652,Cn1c(=O)n([C@@H]2O[C@H](CO)[C@H](O)[C@@H]2O)c2nc(N)[nH]c(=O)c21,0
ZINC01548096,DUD_gpb_D_653,Cn1c(=O)n([C@@H]2O[C@H](CO)[C@H](O)[C@H]2O)c2[nH]c(N)nc(=O)c21,0
ZINC01548096,DUD_gpb_D_654,Cn1c(=O)n([C@H]2O[C@H](CO)[C@H](O)[C@H]2O)c2nc(N)nc(O)c21,0
ZINC01549004,DUD_gpb_D_655,Cc1c([N+](=O)[O-])cc2[nH]c(=O)c(=O)[nH]c2c1CN(C)S(C)(=O)=O,0
ZINC01551187,DUD_gpb_D_656,Nc1nc2c(ncn2COC2COP(=O)([O-])OC2)c(=O)[nH]1,0
ZINC01551887,DUD_gpb_D_657,Nc1ncnc2c1ncn2OC[C@@H]1CO[P@@](=O)([O-])CS1,0
ZINC01552746,DUD_gpb_D_658,Nc1ncnc2c1ncn2CCCCCCC(=O)N[O-],0
ZINC01554804,DUD_gpb_D_659,Nc1cc(CC(=O)N[C@@H]2CCC(=O)NC2=O)ccc1O,0
ZINC01556941,DUD_gpb_D_660,Nc1ncnc2c1ncn2[C@H]1O[C@@H](C(=O)OCCO)[C@H](O)[C@@H]1O,0
ZINC01557187,DUD_gpb_D_661,CC(=O)/C=N\NC(=O)[C@H](O)[C@H](O)[C@H](O)[C@H](O)CO,0
ZINC01558057,DUD_gpb_D_662,N#Cc1nnn([C@@H]2O[C@H](CO)[C@@H](O)[C@H]2O)c1C#N,0
ZINC01558128,DUD_gpb_D_663,O=S(=O)(OC[C@H](O)[C@@H]1OC[C@@H](O)[C@@H]1O)c1ccccc1,0
ZINC01558254,DUD_gpb_D_664,CSc1cc(N)[nH+]c2c1nnn2[C@H]1O[C@@H](CO)[C@@H](O)[C@H]1O,0
ZINC01558834,DUD_gpb_D_665,CC1=C[C@@H](O)[C@H](O)[C@]2(C)[C@H]1CC(=O)[C@]13CO[C@H]4O[C@H](C[C@H]1C4=O)[C@@H](O)[C@H]32,0
ZINC01558856,DUD_gpb_D_666,Nc1ncnc2c1ncn2[C@H]1C[C@H](CO)[C@@H](O)O[C@H]1O,0
ZINC01558857,DUD_gpb_D_667,O=c1[nH]cnc2c1ncn2[C@H]1C[C@H](CO)[C@H](O)O[C@H]1O,0
ZINC01558857,DUD_gpb_D_668,O=c1nc[nH]c2c1ncn2[C@@H]1C[C@@H](CO)[C@@H](O)O[C@@H]1O,0
ZINC01558857,DUD_gpb_D_669,OC[C@@H]1C[C@H](n2cnc3c(O)ncnc32)[C@@H](O)O[C@@H]1O,0
ZINC01560461,DUD_gpb_D_670,CSc1nc(N)c2c(C(N)=O)cc(=O)[nH]c2n1,0
ZINC01560461,DUD_gpb_D_671,CSc1nc(N)c2c(C(N)=O)cc(O)nc2n1,0
ZINC01561562,DUD_gpb_D_672,OC[C@@H](O)[C@@H](O)[C@H](O)[C@H](O)c1nc2ccc(Cl)cc2[nH]1,0
ZINC01561562,DUD_gpb_D_673,OC[C@H](O)[C@H](O)[C@@H](O)[C@H](O)c1nc2cc(Cl)ccc2[nH]1,0
ZINC01561900,DUD_gpb_D_674,CC(=O)Nc1ccc(S(=O)(=O)Nc2nnn[n-]2)cc1,0
ZINC01562170,DUD_gpb_D_675,O=C(NCCO)c1ccc(C(=O)NCCO)cc1,0
ZINC01562639,DUD_gpb_D_676,O=c1cc(O)cnn1[C@@H]1O[C@H](CO)[C@H](O)[C@H]1O,0
ZINC01562957,DUD_gpb_D_677,[NH2+]=c1ccn([C@@H]2C[C@H](CO)[C@H](O)[C@@H]2O)c(=O)[nH]1,0
ZINC01563362,DUD_gpb_D_678,O=c1[nH]c(=O)n2c3c1nnn3C[C@@H]1O[C@H]2[C@@H](O)[C@H]1O,0
ZINC01563755,DUD_gpb_D_679,NNS(=O)(=O)c1cccc(S(=O)(=O)NN)c1,0
ZINC01564768,DUD_gpb_D_680,CO[P@@]1(=O)OC[C@H]2O[C@@H](n3cnc4c(N)ncnc43)[C@H](O)[C@H]2O1,0
ZINC01565124,DUD_gpb_D_681,O=c1ccn([C@@H]2O[C@H](CO)[C@@H](O)[C@H]2C[N+](=O)[O-])c(=O)[nH]1,0
ZINC01565211,DUD_gpb_D_682,CCOc1c(C#N)c2c(N)ncnc2n1[C@@H]1O[C@H](CO)[C@@H](O)[C@@H]1O,0
ZINC01565267,DUD_gpb_D_683,Nc1ncnc2c1ncn2[C@@H]1O[C@@H](CO)[C@@H](O)[C@@H]1Br,0
ZINC01565754,DUD_gpb_D_684,NC(=O)c1cn([C@@H]2O[C@@H](CO)[C@@H]3O[C@H]32)c2ncnc(N)c12,0
ZINC01565916,DUD_gpb_D_685,C[C@H]1O[C@@H](n2ncc(=O)[nH]c2=O)[C@H](O)[C@@H](O)[C@H]1O,0
ZINC01566227,DUD_gpb_D_686,Nc1ncnc2c1[nH]c(=O)n2[C@H]1O[C@@H](CO)[C@@H]2O[C@@H]21,0
ZINC01566260,DUD_gpb_D_687,CN(N)c1nc2c(=O)[nH]cnc2n1[C@@H]1O[C@H](CO)[C@@H](O)[C@@H]1O,0
ZINC01566260,DUD_gpb_D_688,CN(N)c1nc2c(=O)nc[nH]c2n1[C@@H]1O[C@@H](CO)[C@H](O)[C@H]1O,0
ZINC01566260,DUD_gpb_D_689,CN(N)c1nc2c(O)ncnc2n1[C@H]1O[C@@H](CO)[C@H](O)[C@H]1O,0
ZINC01566271,DUD_gpb_D_690,CCOc1nc(=O)n([C@H]2O[C@H](CO)[C@@H](O)[C@@H]2O)s1,0
ZINC01567929,DUD_gpb_D_691,O=C1OC[C@]23CC(=O)[C@@](O)(c4oc(CO)cc(=O)c4O)[C@H](C[C@H]12)O3,0
ZINC01568456,DUD_gpb_D_692,CSc1nn([C@@H]2O[C@H](CO)[C@@H](O)[C@H]2O)c(=O)[nH]c1=O,0
ZINC01569094,DUD_gpb_D_693,Nc1ncnc2c1c1cncnc1n2[C@H]1O[C@@H](CO)[C@H](O)[C@@H]1O,0
ZINC01570214,DUD_gpb_D_694,CCOC(=O)[C@H](Cc1cc(N)c(O)c(N)c1)NC(C)=O,0
ZINC01570227,DUD_gpb_D_695,Nc1ccccc1O[C@H]1O[C@@H](C(=O)[O-])[C@@H](O)[C@@H](O)[C@@H]1O,0
ZINC01570539,DUD_gpb_D_696,OC[C@@H](O)[C@H](O)[C@H](O)[C@@H](O)c1nnn[n-]1,0
ZINC01570819,DUD_gpb_D_697,NC(=O)C[C@@H](C1SCCCS1)N1C(=O)O[C@H]2[C@H](O)[C@H](CO)O[C@H]21,0
ZINC01571393,DUD_gpb_D_698,Nc1cc2c(nnn2[C@H]2O[C@H](CO)[C@@H](O)[C@@H]2O)c(=O)[nH]1,0
ZINC01571393,DUD_gpb_D_699,Nc1cc2c(nnn2[C@@H]2O[C@H](CO)[C@@H](O)[C@@H]2O)c(O)n1,0
ZINC01571705,DUD_gpb_D_700,OC[C@H]1O[C@H](Nc2ccccc2/C=N/O)[C@@H](O)[C@@H]1O,0
ZINC01571792,DUD_gpb_D_701,N#CC[C@@H]1O[C@@H](n2cnc3c(N)ncnc32)[C@H](O)[C@@H]1O,0
ZINC01572131,DUD_gpb_D_702,CSc1nc(N)c2nnn([C@H]3O[C@H](CO)[C@@H](O)[C@@H]3O)c2n1,0
ZINC01574758,DUD_gpb_D_703,NS(=O)(=O)OCCCCCCCOS(N)(=O)=O,0
ZINC01574785,DUD_gpb_D_704,CC(=O)OC[C@@H]1O[C@H](n2ccc(O)cc2=O)[C@H](O)[C@H]1O,0
ZINC01575020,DUD_gpb_D_705,CC1(C)N=C(N)N=C(N)N1c1ccc(C(N)=O)cc1,0
ZINC01575341,DUD_gpb_D_706,Nc1ncnc2c1cnn2[C@H]1O[C@H](CO)[C@@H](O)[C@H]1O,0
ZINC01575830,DUD_gpb_D_707,O=c1[nH]c(=O)n([C@@H]2O[C@@H](CO)[C@H](O)[C@H]2O)o1,0
ZINC01576496,DUD_gpb_D_708,NC(=O)c1nc([C@H]2O[C@@H](CO)[C@H](O)[C@@H]2O)no1,0
ZINC01576869,DUD_gpb_D_709,CC(=O)Nc1ccc(/C=N/NC(=[NH2+])N[N+](=O)[O-])cc1,0
ZINC01576877,DUD_gpb_D_710,[NH2+]=C(N/N=C\c1cc([N+](=O)[O-])ccc1[O-])N[N+](=O)[O-],0
ZINC01578890,DUD_gpb_D_711,O=c1[nH][nH]c(=O)c2c([C@@H]3O[C@H](CO)[C@@H](O)[C@@H]3O)[nH]nc12,0
ZINC01579078,DUD_gpb_D_712,COC(=O)NC[C@H]1O[C@@H](n2cnc3c(N)ncnc32)[C@@H](O)[C@H]1O,0
ZINC01579648,DUD_gpb_D_713,Cc1ccc(S(=O)(=O)N[C@@H](CCC(N)=O)C(=O)[O-])cc1,0
ZINC01579774,DUD_gpb_D_714,O=c1n([C@H]2O[C@H](CO)[C@@H](O)[C@H]2O)ccc2nnnn12,0
ZINC01580810,DUD_gpb_D_715,Nc1ncnc2c1nc(S)n2[C@@H]1O[C@H](CO)[C@H](O)[C@@H]1O,0
ZINC01580811,DUD_gpb_D_716,Nc1ncnc2c1[nH]c(=O)n2[C@@H]1O[C@@H](CO)[C@H](O)[C@@H]1O,0
ZINC01582331,DUD_gpb_D_717,Nc1ncnc2c([C@@H]3O[C@H](CO)[C@H](O)[C@@H]3O)c[nH]c12,0
ZINC01584088,DUD_gpb_D_718,NC(=O)CNS(=O)(=O)CC[C@H]1NC(=O)NC1=O,0
ZINC01584272,DUD_gpb_D_719,O=c1[nH]cnc2nc([C@H]3O[C@@H](CO)[C@@H](O)[C@H]3O)[nH]c12,0
ZINC01584272,DUD_gpb_D_720,O=c1[nH]cnc2[nH]c([C@@H]3O[C@@H](CO)[C@@H](O)[C@@H]3O)nc12,0
ZINC01584272,DUD_gpb_D_721,O=c1nc[nH]c2nc([C@H]3O[C@H](CO)[C@@H](O)[C@H]3O)[nH]c12,0
ZINC01584272,DUD_gpb_D_722,OC[C@@H]1O[C@@H](c2nc3ncnc(O)c3[nH]2)[C@@H](O)[C@H]1O,0
ZINC01584272,DUD_gpb_D_723,O=c1[nH]cnc2[nH+]c([C@H]3O[C@H](CO)[C@H](O)[C@@H]3O)[nH]c12,0
ZINC01584272,DUD_gpb_D_724,O=c1nc[nH]c2[nH+]c([C@@H]3O[C@@H](CO)[C@@H](O)[C@@H]3O)[nH]c12,0
ZINC01584273,DUD_gpb_D_725,O=c1[nH]ncc2c([C@@H]3O[C@@H](CO)[C@H](O)[C@H]3O)cnn12,0
ZINC01587046,DUD_gpb_D_726,O=C([O-])[C@H]1O[C@H](Sc2ncnc3nc[nH]c23)[C@@H](O)[C@H](O)[C@@H]1O,0
ZINC01587336,DUD_gpb_D_727,N#Cc1n[nH]c([C@H]2O[C@H](CO)[C@@H](O)[C@@H]2O)c1O,0
ZINC01587353,DUD_gpb_D_728,Cc1nc([C@H](Cl)[C@H]2O[C@@H](CO)[C@H](O)[C@@H]2O)cc(=O)[nH]1,0
ZINC01587353,DUD_gpb_D_729,Cc1nc(=O)cc([C@H](Cl)[C@@H]2O[C@@H](CO)[C@@H](O)[C@H]2O)[nH]1,0
ZINC01587353,DUD_gpb_D_730,Cc1nc(O)cc([C@H](Cl)[C@H]2O[C@H](CO)[C@@H](O)[C@@H]2O)n1,0
ZINC01587354,DUD_gpb_D_731,O=c1cc([C@H](Cl)[C@@H]2O[C@@H](CO)[C@@H](O)[C@@H]2O)nc[nH]1,0
ZINC01587354,DUD_gpb_D_732,O=c1cc([C@@H](Cl)[C@@H]2O[C@@H](CO)[C@H](O)[C@H]2O)[nH]cn1,0
ZINC01587354,DUD_gpb_D_733,OC[C@H]1O[C@H]([C@@H](Cl)c2cc(O)ncn2)[C@@H](O)[C@H]1O,0
ZINC01588283,DUD_gpb_D_734,CCOC(=O)c1cnn([C@@H]2O[C@H](CO)[C@H](O)[C@@H]2O)c1O,0
ZINC01588620,DUD_gpb_D_735,O=c1[nH]cnc2nn([C@@H]3O[C@H](CO)[C@H](O)[C@H]3O)nc12,0
ZINC01589650,DUD_gpb_D_736,CN1C(=O)N(C)C(=O)C(O)(NNC(N)=O)C1=O,0
ZINC01590997,DUD_gpb_D_737,Nc1nc2c(ccn2COCCO)c(=O)[nH]1,0
ZINC01590997,DUD_gpb_D_738,Nc1nc(=O)c2ccn(COCCO)c2[nH]1,0
ZINC01590997,DUD_gpb_D_739,Nc1nc(O)c2ccn(COCCO)c2n1,0
ZINC01591020,DUD_gpb_D_740,Nc1ncnc2c1nnn2C[C@H](O)CO,0
ZINC01591621,DUD_gpb_D_741,CCOC1=C(C#N)C(=O)N[C@@H]2O[C@@H](CO)[C@H](O)[C@@H]2O1,0
ZINC01591626,DUD_gpb_D_742,Nc1ncncc1[C@@H]([C@@H]1C(=O)COC1=O)[C@H]1C(=O)COC1=O,0
ZINC01592578,DUD_gpb_D_743,COc1ccc(C(=O)Cc2nc3nnc(N)n3[nH]c2=O)cc1,0
ZINC01592585,DUD_gpb_D_744,Nc1nnc(CCCCCCCc2nnc(N)o2)o1,0
ZINC01592790,DUD_gpb_D_745,Nc1nnc(CCCCc2nnc(N)[nH]2)[nH]1,0
ZINC01595764,DUD_gpb_D_746,C/C(=C\CC(=O)[O-])NNS(=O)(=O)c1ccc(N)cc1,0
ZINC01596753,DUD_gpb_D_747,C[C@H](O)CN(C[C@@H](C)O)S(=O)(=O)c1ccc(N)cc1,0
ZINC01598455,DUD_gpb_D_748,CC(=O)N1[C@H](CO)[C@@H](O)[C@@H](O)[C@@H]1n1cnc2c(N)ncnc21,0
ZINC01602400,DUD_gpb_D_749,CCC[C@@]1(/C=N\NC(N)=O)NC(=O)NC1=O,0
ZINC01602420,DUD_gpb_D_750,CCCCC[C@@]1(/C=N\NC(N)=O)NC(=O)NC1=O,0
ZINC01603680,DUD_gpb_D_751,OC[C@H]1O[C@@H](Sc2ncnc3[nH]cnc23)[C@@H](O)[C@@H](O)[C@H]1O,0
ZINC01603680,DUD_gpb_D_752,OC[C@@H]1O[C@H](Sc2ncnc3nc[nH]c23)[C@H](O)[C@@H](O)[C@H]1O,0
ZINC01604407,DUD_gpb_D_753,Nc1nc(N(CCO)CCO)nc2c(N)ncnc12,0
ZINC01605206,DUD_gpb_D_754,O=c1nc2[nH]cnc2cn1[C@H]1O[C@@H](CO)[C@@H](O)[C@H]1O,0
ZINC01605206,DUD_gpb_D_755,O=c1nc2nc[nH]c2cn1[C@@H]1O[C@H](CO)[C@@H](O)[C@@H]1O,0
ZINC01605705,DUD_gpb_D_756,CC(=O)c1ccc(Nc2nc(N)nc(N)n2)cc1,0
ZINC01605995,DUD_gpb_D_757,NS(=O)(=O)c1ccc(N[C@H]2OC[C@H](O)[C@@H](O)[C@@H]2O)cc1,0
ZINC01606015,DUD_gpb_D_758,O=C1O[C@H]2[C@@H](O)[C@@H](CO)O[C@@H]2n2c1cc(=O)[nH]c2=O,0
ZINC01606864,DUD_gpb_D_759,Nc1nc(N)nc([C@@H]2CC[C@@H]2c2nc(N)nc(N)n2)n1,0
ZINC01607393,DUD_gpb_D_760,NC(=O)N1[C@H]([C@H](F)C(=O)[O-])O[C@H]2[C@@H](O)[C@H](CO)O[C@@H]21,0
ZINC01608878,DUD_gpb_D_761,C[C@@H](S[C@H](C)C(=O)NN)C(=O)NN,0
ZINC01609079,DUD_gpb_D_762,O=C1O[C@H]2[C@@H]3CO[C@H](O)[C@](O)(O3)[C@H]2/C1=C/c1ccc(O)cc1,0
ZINC01609152,DUD_gpb_D_763,COc1nc(N[C@H]2O[C@@H](CO)[C@H](O)[C@@H](O)[C@@H]2O)cc(=O)[nH]1,0
ZINC01609152,DUD_gpb_D_764,COc1nc(=O)cc(N[C@H]2O[C@H](CO)[C@@H](O)[C@H](O)[C@@H]2O)[nH]1,0
ZINC01609152,DUD_gpb_D_765,COc1nc(O)cc(N[C@@H]2O[C@H](CO)[C@@H](O)[C@@H](O)[C@@H]2O)n1,0
ZINC01609155,DUD_gpb_D_766,CSc1nc(N[C@H]2OC[C@@H](O)[C@H](O)[C@H]2O)cc(=O)[nH]1,0
ZINC01609155,DUD_gpb_D_767,CSc1nc(=O)cc(N[C@H]2OC[C@@H](O)[C@H](O)[C@H]2O)[nH]1,0
ZINC01609155,DUD_gpb_D_768,CSc1nc(O)cc(N[C@@H]2OC[C@H](O)[C@@H](O)[C@H]2O)n1,0
ZINC01609156,DUD_gpb_D_769,CSc1nc(N[C@@H]2O[C@@H](CO)[C@H](O)[C@@H](O)[C@H]2O)cc(=O)[nH]1,0
ZINC01609156,DUD_gpb_D_770,CSc1nc(=O)cc(N[C@H]2O[C@@H](CO)[C@@H](O)[C@@H](O)[C@@H]2O)[nH]1,0
ZINC01609156,DUD_gpb_D_771,CSc1nc(O)cc(N[C@@H]2O[C@@H](CO)[C@@H](O)[C@H](O)[C@@H]2O)n1,0
ZINC01609206,DUD_gpb_D_772,COc1nc(N[C@H]2O[C@H](CO)[C@@H](O)[C@@H](O)[C@@H]2O)c(C(C)=O)c(=O)[nH]1,0
ZINC01609206,DUD_gpb_D_773,COc1nc(=O)c(C(C)=O)c(N[C@H]2O[C@@H](CO)[C@@H](O)[C@H](O)[C@H]2O)[nH]1,0
ZINC01609206,DUD_gpb_D_774,COc1nc(O)c(C(C)=O)c(N[C@@H]2O[C@H](CO)[C@H](O)[C@H](O)[C@H]2O)n1,0
ZINC01609313,DUD_gpb_D_775,C=C1C[C@@](C)(Cn2c(N)nc3nc[nH]c3c2=O)OC1=O,0
ZINC01609415,DUD_gpb_D_776,O=C1Nc2cc3c(cc2C(=O)N2C=C(NO)C[C@@H]12)OCO3,0
ZINC01610019,DUD_gpb_D_777,COc1nc2c(nnn2[C@@H]2O[C@H](CO)[C@H](O)[C@H](O)[C@H]2O)c(=O)[nH]1,0
ZINC01610019,DUD_gpb_D_778,COc1nc(=O)c2nnn([C@@H]3O[C@H](CO)[C@@H](O)[C@@H](O)[C@@H]3O)c2[nH]1,0
ZINC01610019,DUD_gpb_D_779,COc1nc(O)c2nnn([C@@H]3O[C@H](CO)[C@@H](O)[C@H](O)[C@H]3O)c2n1,0
ZINC01610020,DUD_gpb_D_780,CSc1nc2c(nnn2[C@H]2OC[C@H](O)[C@H](O)[C@H]2O)c(=O)[nH]1,0
ZINC01610020,DUD_gpb_D_781,CSc1nc(=O)c2nnn([C@H]3OC[C@@H](O)[C@H](O)[C@H]3O)c2[nH]1,0
ZINC01610020,DUD_gpb_D_782,CSc1nc(O)c2nnn([C@H]3OC[C@@H](O)[C@H](O)[C@@H]3O)c2n1,0
ZINC01610027,DUD_gpb_D_783,Cn1c(=O)cc(N[C@H]2O[C@@H](CO)[C@@H](O)[C@H](O)[C@@H]2O)[nH]c1=O,0
ZINC01611117,DUD_gpb_D_784,COc1nc(N[C@H]2O[C@H](CO)[C@H](O)[C@H](O)[C@@H]2O)c(Cl)c(=O)[nH]1,0
ZINC01611117,DUD_gpb_D_785,COc1nc(=O)c(Cl)c(N[C@@H]2O[C@@H](CO)[C@H](O)[C@H](O)[C@@H]2O)[nH]1,0
ZINC01611117,DUD_gpb_D_786,COc1nc(O)c(Cl)c(N[C@@H]2O[C@H](CO)[C@H](O)[C@@H](O)[C@H]2O)n1,0
ZINC01611210,DUD_gpb_D_787,CSc1nc(N[C@@H]2OC[C@H](O)[C@@H](O)[C@H]2O)c(C=O)c(=O)[nH]1,0
ZINC01611210,DUD_gpb_D_788,CSc1nc(=O)c(C=O)c(N[C@@H]2OC[C@@H](O)[C@@H](O)[C@H]2O)[nH]1,0
ZINC01611210,DUD_gpb_D_789,CSc1nc(O)c(C=O)c(N[C@@H]2OC[C@@H](O)[C@@H](O)[C@@H]2O)n1,0
ZINC01611211,DUD_gpb_D_790,CSc1nc(N[C@@H]2O[C@H](CO)[C@@H](O)[C@@H](O)[C@H]2O)c(C=O)c(=O)[nH]1,0
ZINC01611211,DUD_gpb_D_791,CSc1nc(=O)c(C=O)c(N[C@@H]2O[C@H](CO)[C@@H](O)[C@@H](O)[C@H]2O)[nH]1,0
ZINC01611211,DUD_gpb_D_792,CSc1nc(O)c(C=O)c(N[C@H]2O[C@H](CO)[C@@H](O)[C@@H](O)[C@H]2O)n1,0
ZINC01611405,DUD_gpb_D_793,CSc1nc(N)c2cnn([C@H]3O[C@@H](CO)[C@H](O)[C@@H]3O)c2n1,0
ZINC01611706,DUD_gpb_D_794,C=C1NS(=O)(=O)NC(C)=C1CC1=C(C)NS(=O)(=O)NC1=C,0
ZINC01612352,DUD_gpb_D_795,Nc1ncnc2c1nnn2[C@@H]1C[C@H](CO)[C@@H]([NH3+])[C@@H]1O,0
ZINC01612607,DUD_gpb_D_796,[NH3+][C@@H]1[C@H](CO)C[C@H](n2nnc3c(=O)[nH]cnc32)[C@@H]1O,0
ZINC01612607,DUD_gpb_D_797,[NH3+][C@H]1[C@H](CO)C[C@@H](n2nnc3c(=O)nc[nH]c32)[C@H]1O,0
ZINC01612607,DUD_gpb_D_798,[NH3+][C@@H]1[C@@H](CO)C[C@H](n2nnc3c(O)ncnc32)[C@H]1O,0
ZINC01612702,DUD_gpb_D_799,O=c1[nH]cnc2c1ncn2[C@@H]1C=C(CO)[C@@H](O)[C@@H]1O,0
ZINC01612702,DUD_gpb_D_800,O=c1nc[nH]c2c1ncn2[C@H]1C=C(CO)[C@@H](O)[C@@H]1O,0
ZINC01612702,DUD_gpb_D_801,OCC1=C[C@@H](n2cnc3c(O)ncnc32)[C@H](O)[C@H]1O,0
ZINC01612912,DUD_gpb_D_802,Nc1nc2c(nnn2[C@@H]2CC[C@H](CO)C2)c(=O)[nH]1,0
ZINC01612912,DUD_gpb_D_803,Nc1nc(=O)c2nnn([C@@H]3CC[C@H](CO)C3)c2[nH]1,0
ZINC01612912,DUD_gpb_D_804,Nc1nc(O)c2nnn([C@H]3CC[C@@H](CO)C3)c2n1,0
ZINC01612928,DUD_gpb_D_805,Nc1nc2c(nnn2[C@@H]2C=C[C@H](CO)C2)c(=O)[nH]1,0
ZINC01613614,DUD_gpb_D_806,CN1CN([C@H]2O[C@H](CO)[C@H](O)[C@H]2O)c2nc(N)[nH]c(=O)c21,0
ZINC01613660,DUD_gpb_D_807,Nc1ncnc2c1ncn2[C@@H]1O[C@H](CO)[C@H](O)[C@H]1CO,0
ZINC01614193,DUD_gpb_D_808,Nc1nc2c(cnn2COCCO)c(=O)[nH]1,0
ZINC01614193,DUD_gpb_D_809,Nc1nc(=O)c2cnn(COCCO)c2[nH]1,0
ZINC01614193,DUD_gpb_D_810,Nc1nc(O)c2cnn(COCCO)c2n1,0
ZINC01614195,DUD_gpb_D_811,CSc1nc2c(cnn2[C@H]2O[C@@H](CO)[C@@H](O)[C@@H]2O)c(=O)[nH]1,0
ZINC01614195,DUD_gpb_D_812,CSc1nc(=O)c2cnn([C@@H]3O[C@H](CO)[C@H](O)[C@@H]3O)c2[nH]1,0
ZINC01614195,DUD_gpb_D_813,CSc1nc(O)c2cnn([C@@H]3O[C@H](CO)[C@@H](O)[C@@H]3O)c2n1,0
ZINC01614360,DUD_gpb_D_814,Cc1nc2c(N)c3nc(C)n(N)c(=O)c3cc2c(=O)n1N,0
ZINC01615551,DUD_gpb_D_815,O=c1[nH]cc(CS(=O)(=O)Cc2c[nH]c(=O)[nH]c2=O)c(=O)[nH]1,0
ZINC01616462,DUD_gpb_D_816,C[n+]1c2n(c3nc(N)[nH]c(=O)c31)[C@@H]1O[C@H](C2)[C@@H](O)[C@@H]1O,0
ZINC01616462,DUD_gpb_D_817,C[n+]1c2n(c3[nH]c(N)nc(=O)c31)[C@H]1O[C@H](C2)[C@H](O)[C@@H]1O,0
ZINC01616462,DUD_gpb_D_818,C[n+]1c2n(c3nc(N)nc(O)c31)[C@@H]1O[C@@H](C2)[C@@H](O)[C@H]1O,0
ZINC01617063,DUD_gpb_D_819,C[C@]1(O)[C@@H](CO)O[C@H](n2cnc3c(N)ncnc32)[C@H]1O,0
ZINC01617064,DUD_gpb_D_820,CSC[C@@H]1C[C@H](n2cnc3c(N)ncnc32)[C@H](O)[C@H]1O,0
ZINC01617092,DUD_gpb_D_821,O=c1[nH]cnc2c(N[C@@H]3O[C@@H](CO)[C@@H](O)[C@@H]3O)cccc12,0
ZINC01617783,DUD_gpb_D_822,CSc1nc(N[C@H]2OC[C@@H](O)[C@H](O)[C@H]2O)c(N)c(=O)[nH]1,0
ZINC01617783,DUD_gpb_D_823,CSc1nc(=O)c(N)c(N[C@H]2OC[C@H](O)[C@H](O)[C@@H]2O)[nH]1,0
ZINC01617783,DUD_gpb_D_824,CSc1nc(O)c(N)c(N[C@@H]2OC[C@@H](O)[C@@H](O)[C@@H]2O)n1,0
ZINC01617786,DUD_gpb_D_825,CSc1nc2c(ncn2[C@@H]2OC[C@H](O)[C@@H](O)[C@H]2O)c(=O)[nH]1,0
ZINC01617786,DUD_gpb_D_826,CSc1nc(=O)c2ncn([C@@H]3OC[C@@H](O)[C@@H](O)[C@@H]3O)c2[nH]1,0
ZINC01617786,DUD_gpb_D_827,CSc1nc(O)c2ncn([C@H]3OC[C@@H](O)[C@@H](O)[C@@H]3O)c2n1,0
ZINC01617787,DUD_gpb_D_828,CSc1nc2c(ncn2[C@H]2O[C@@H](CO)[C@@H](O)[C@@H](O)[C@@H]2O)c(=O)[nH]1,0
ZINC01617787,DUD_gpb_D_829,CSc1nc(=O)c2ncn([C@H]3O[C@@H](CO)[C@H](O)[C@H](O)[C@H]3O)c2[nH]1,0
ZINC01617787,DUD_gpb_D_830,CSc1nc(O)c2ncn([C@@H]3O[C@H](CO)[C@H](O)[C@@H](O)[C@@H]3O)c2n1,0
ZINC01618656,DUD_gpb_D_831,C=CCO[C@H]1O[C@@H](CS(=O)(=O)[O-])[C@@H](O)[C@@H](O)[C@@H]1O,0
ZINC01619201,DUD_gpb_D_832,CCCc1nc2c(=O)n([C@@H]3O[C@@H](CO)[C@@H](O)[C@@H]3O)cnc2o1,0
ZINC01619707,DUD_gpb_D_833,O=c1cc(O)ccn1[C@@H]1C=C(CO)[C@@H](O)[C@@H]1O,0
ZINC01620106,DUD_gpb_D_834,CSc1nc2c(nc(N)n2[C@H]2OC[C@@H](O)[C@@H](O)[C@@H]2O)c(=O)[nH]1,0
ZINC01620106,DUD_gpb_D_835,CSc1nc(=O)c2nc(N)n([C@@H]3OC[C@@H](O)[C@H](O)[C@H]3O)c2[nH]1,0
ZINC01620106,DUD_gpb_D_836,CSc1nc(O)c2nc(N)n([C@@H]3OC[C@@H](O)[C@@H](O)[C@H]3O)c2n1,0
ZINC01620900,DUD_gpb_D_837,CS(=O)(=O)Oc1cccc(/C=N\NC(=[NH2+])NO)c1,0
ZINC01621858,DUD_gpb_D_838,Cc1ccc(NCC(=O)[C@@H](O)[C@H](O)[C@@H](O)CO)cc1,0
ZINC01621863,DUD_gpb_D_839,O=[N+]([O-])C[C@H](O)[C@H](O)[C@H](O)[C@H](O)CO,0
ZINC01622582,DUD_gpb_D_840,Nc1ncn([C@H]2C=C(CO)[C@@H](O)[C@H]2O)c(=O)n1,0
ZINC01628084,DUD_gpb_D_841,Cc1c(N)c(S(N)(=O)=O)cc(S(N)(=O)=O)c1Cl,0
ZINC01628087,DUD_gpb_D_842,Cc1c(Cl)c(S(N)(=O)=O)cc2c1N=CNS2(=O)=O,0
ZINC01628620,DUD_gpb_D_843,O=c1[nH]cnc2c1nnn2[C@@H]1C=C(CO)[C@@H](O)[C@H]1O,0
ZINC01628620,DUD_gpb_D_844,O=c1nc[nH]c2c1nnn2[C@@H]1C=C(CO)[C@H](O)[C@H]1O,0
ZINC01628620,DUD_gpb_D_845,OCC1=C[C@H](n2nnc3c(O)ncnc32)[C@H](O)[C@@H]1O,0
ZINC01629394,DUD_gpb_D_846,Nc1nc2c(nnn2[C@@H]2C=C(CO)[C@@H](O)[C@H]2O)c(=O)[nH]1,0
ZINC01629394,DUD_gpb_D_847,Nc1nc(=O)c2nnn([C@@H]3C=C(CO)[C@H](O)[C@@H]3O)c2[nH]1,0
ZINC01629394,DUD_gpb_D_848,Nc1nc(O)c2nnn([C@@H]3C=C(CO)[C@@H](O)[C@H]3O)c2n1,0
ZINC01629754,DUD_gpb_D_849,CSc1nc2nc([C@@H](O)[C@@H](O)[C@@H](O)CO)cnc2c(=O)[nH]1,0
ZINC01631144,DUD_gpb_D_850,CS(=O)(=O)O[C@@H]1[C@@H]2OC[C@@H]2O[C@H]1n1cnc2c(N)ncnc21,0
ZINC01632558,DUD_gpb_D_851,Nc1ncnc2c([C@H]3O[C@@H](CO)[C@H](O)[C@@H]3O)scc12,0
ZINC01633651,DUD_gpb_D_852,Nc1ncnc2c1ncn2C[C@H]1OC[C@@H](CO)O1,0
ZINC01634883,DUD_gpb_D_853,Nc1ncnc2c1ncn2[C@H]1C(=O)[C@@H](CO)[C@@H]1CO,0
ZINC01635268,DUD_gpb_D_854,Nc1ncnc2c1ncn2C[C@@H]1O[C@H](CO)[C@H](CO)O1,0
ZINC01635702,DUD_gpb_D_855,CC1(C)O[C@H]2[C@@H](CO)O[C@H](n3nnc4c(N)ncnc43)[C@H]2O1,0
ZINC01635780,DUD_gpb_D_856,Cc1cc(S(N)(=O)=O)c(N)c(S(N)(=O)=O)c1,0
ZINC01635793,DUD_gpb_D_857,O=c1nnnc2[nH]n([C@@H]3O[C@H](CO)[C@@H](O)[C@@H]3O)cc1-2,0
ZINC01636843,DUD_gpb_D_858,N#Cc1nc(CCc2nc(C#N)c(N)o2)oc1N,0
ZINC01637718,DUD_gpb_D_859,Cc1nc(-n2[nH]c(C)c(CCO)c2=O)[nH]c(=O)c1CCO,0
ZINC01637718,DUD_gpb_D_860,Cc1[nH]c(-n2[nH]c(C)c(CCO)c2=O)nc(=O)c1CCO,0
ZINC01638995,DUD_gpb_D_861,Nc1ccn(CC(=O)NCCO)c(=O)n1,0
ZINC01638996,DUD_gpb_D_862,Nc1ccn(CC(=O)NCCCO)c(=O)n1,0
ZINC01638998,DUD_gpb_D_863,Nc1ncnc2c1ncn2CC(=O)NCCO,0
ZINC01639000,DUD_gpb_D_864,Nc1ncnc2c1ncn2CC(=O)NCCCCO,0
ZINC01639373,DUD_gpb_D_865,Cc1nn(-c2ncc(C#N)c(=O)[nH]2)c(O)c1CCO,0
ZINC01639373,DUD_gpb_D_866,Cc1nn(-c2nc(=O)c(C#N)c[nH]2)c(O)c1CCO,0
ZINC01639373,DUD_gpb_D_867,Cc1nn(-c2ncc(C#N)c(O)n2)c(O)c1CCO,0
ZINC01639446,DUD_gpb_D_868,Nc1ncnc2c1ncn2[C@H]1CC[C@H](COS(N)(=O)=O)C1,0
ZINC01639450,DUD_gpb_D_869,NS(=O)(=O)OC[C@@H]1C=C[C@@H](n2nnc3c(=[NH2+])[nH]cnc32)C1,0
ZINC01640051,DUD_gpb_D_870,O=c1[nH]c(=O)c2n[nH]c([C@H]3O[C@H](CO)[C@H](O)[C@@H]3O)c2[nH]1,0
ZINC01642233,DUD_gpb_D_871,O=c1[nH]c(=S)c2cncnc2n1[C@H]1O[C@H](CO)[C@H](O)[C@@H]1O,0
ZINC01645563,DUD_gpb_D_872,Nc1ncnc2c([C@H]3O[C@@H](CO)[C@@H](O)[C@H]3O)nsc12,0
ZINC01645778,DUD_gpb_D_873,Nc1nc(NCC2(CO)CCC2)cc(=O)[nH]1,0
ZINC01645973,DUD_gpb_D_874,Cc1csc2c(=O)n([C@H]3O[C@H](CO)[C@H](O)[C@H]3O)c(=O)[nH]c12,0
ZINC01648706,DUD_gpb_D_875,Nc1nc(N)c(NC(=O)CCCO)c(=O)[nH]1,0
ZINC01649515,DUD_gpb_D_876,CC(=O)N[C@H]1[C@H](O)[C@@H](O)[C@H](CO)O[C@@H]1n1ncc(=O)[nH]c1=O,0
ZINC01650174,DUD_gpb_D_877,Cc1nn([C@@H]2O[C@H](CO)[C@@H](O)[C@H](F)[C@H]2O)c(=O)[nH]c1=O,0
ZINC01650175,DUD_gpb_D_878,O=c1cnn([C@H]2O[C@H](CO)[C@@H](O)[C@H](F)[C@H]2O)c(=O)[nH]1,0
ZINC01650295,DUD_gpb_D_879,CC(=O)Nc1ccc(Nc2nc(=O)[nH]c(=O)[nH]2)cc1,0
ZINC01652209,DUD_gpb_D_880,Cc1c(C(=O)NN)sc(C(=O)NN)c1C,0
ZINC01654247,DUD_gpb_D_881,O=c1[nH]cnc2c1ccn2[C@@H]1O[C@@H](CO)[C@@H](O)[C@H]1O,0
ZINC01654247,DUD_gpb_D_882,O=c1nc[nH]c2c1ccn2[C@@H]1O[C@H](CO)[C@H](O)[C@H]1O,0
ZINC01654247,DUD_gpb_D_883,OC[C@@H]1O[C@@H](n2ccc3c(O)ncnc32)[C@H](O)[C@H]1O,0
ZINC01654331,DUD_gpb_D_884,COc1nc(N)c(N[C@H]2O[C@H](CO)[C@H](O)[C@@H]2O)c(=O)[nH]1,0
ZINC01654331,DUD_gpb_D_885,COc1nc(=O)c(N[C@@H]2O[C@H](CO)[C@@H](O)[C@H]2O)c(N)[nH]1,0
ZINC01654331,DUD_gpb_D_886,COc1nc(N)c(N[C@@H]2O[C@H](CO)[C@@H](O)[C@H]2O)c(O)n1,0
ZINC01654332,DUD_gpb_D_887,CSc1nc(N)c(N[C@H]2O[C@@H](CO)[C@@H](O)[C@H]2O)c(=O)[nH]1,0
ZINC01654332,DUD_gpb_D_888,CSc1nc(=O)c(N[C@H]2O[C@@H](CO)[C@H](O)[C@H]2O)c(N)[nH]1,0
ZINC01654332,DUD_gpb_D_889,CSc1nc(N)c(N[C@H]2O[C@H](CO)[C@H](O)[C@H]2O)c(O)n1,0
ZINC01654336,DUD_gpb_D_890,COc1nc2ncc([C@H](O)[C@H](O)CO)nc2c(=O)[nH]1,0
ZINC01654558,DUD_gpb_D_891,CN(C)c1c([C@H]2O[C@H](CO)[C@@H](O)[C@@H]2O)c(=O)c1=O,0
ZINC01654719,DUD_gpb_D_892,COC(OC)[C@@H](O)[C@H]1OC=C[C@@H]1n1cnc2c(N)ncnc21,0
ZINC01655126,DUD_gpb_D_893,Nc1ncnc2c1cnn2COC[C@H](O)CO,0
ZINC01655535,DUD_gpb_D_894,Nc1ncnc2c1nnn2[C@H]1O[C@H](CCl)[C@@H](O)[C@@H]1O,0
ZINC01656344,DUD_gpb_D_895,COc1ccc(C(CC(=O)NN)CC(=O)NN)cc1,0
ZINC01656919,DUD_gpb_D_896,O=c1[nH]cnc2c1cnn2Cc1cn(COC[C@@H](O)CO)nn1,0
ZINC01656919,DUD_gpb_D_897,O=c1nc[nH]c2c1cnn2Cc1cn(COC[C@@H](O)CO)nn1,0
ZINC01656919,DUD_gpb_D_898,OC[C@H](O)COCn1cc(Cn2ncc3c(O)ncnc32)nn1,0
ZINC01657406,DUD_gpb_D_899,Nc1ncnc2c1nc1n2[C@H]2O[C@H](CO)[C@H](O)[C@@H]2S1,0
ZINC01658541,DUD_gpb_D_900,Nc1ncnc2c1cnn2Cc1cn(COCCO)nn1,0
ZINC01658544,DUD_gpb_D_901,O=c1[nH]cnc2c1cnn2Cc1cn(COCCO)nn1,0
ZINC01658544,DUD_gpb_D_902,O=c1nc[nH]c2c1cnn2Cc1cn(COCCO)nn1,0
ZINC01658544,DUD_gpb_D_903,OCCOCn1cc(Cn2ncc3c(O)ncnc32)nn1,0
ZINC01659767,DUD_gpb_D_904,OC[C@H]1O[C@@H](c2[nH]nc3cncnc23)[C@H](O)[C@@H]1O,0
ZINC01659767,DUD_gpb_D_905,OC[C@@H]1O[C@@H](c2n[nH]c3cncnc23)[C@H](O)[C@H]1O,0
ZINC01660424,DUD_gpb_D_906,Nc1nc([N+](=O)[O-])nc2c1ncn2[C@H]1O[C@H](CO)[C@@H](O)[C@@H]1O,0
ZINC01660425,DUD_gpb_D_907,O=c1nc([N+](=O)[O-])[nH]c2c1ncn2[C@H]1O[C@H](CO)[C@@H](O)[C@H]1O,0
ZINC01660425,DUD_gpb_D_908,O=[N+]([O-])c1nc(O)c2ncn([C@@H]3O[C@H](CO)[C@H](O)[C@H]3O)c2n1,0
ZINC01660428,DUD_gpb_D_909,O=c1cc([N+](=O)[O-])[nH]c2c1ncn2[C@H]1O[C@H](CO)[C@@H](O)[C@@H]1O,0
ZINC01660459,DUD_gpb_D_910,O=c1[nH]cnc2ccc(NC[C@]3(O)OC[C@@H](O)[C@H](O)[C@H]3O)cc12,0
ZINC01662918,DUD_gpb_D_911,NC(=O)CNc1cnn([C@H]2O[C@@H](CO)[C@H](O)[C@H]2O)c(=O)n1,0
ZINC01663007,DUD_gpb_D_912,Nn1c(=O)[nH]nc([C@@H](O)[C@@H](O)[C@@H](O)CO)c1=O,0
ZINC01663356,DUD_gpb_D_913,CCOC(=O)Cc1nnc(NC(=O)c2nnc[nH]2)s1,0
ZINC01665848,DUD_gpb_D_914,CCOC(=O)/C=c1/[nH]c2c(nc1=O)NC(N)=NC=2N,0
ZINC01666241,DUD_gpb_D_915,COC(=O)c1ccc(O)c(NC(=O)CSC(N)=O)c1,0
ZINC01666499,DUD_gpb_D_916,Cn1ncc2c(=[NH2+])n(C[C@@H](O)[C@H](O)[C@@H](O)[C@H](O)CO)cnc21,0
ZINC01666500,DUD_gpb_D_917,Cn1ncc2c(NC[C@H](O)[C@H](O)[C@@H](O)[C@@H](O)CO)ncnc21,0
ZINC01668825,DUD_gpb_D_918,CCOC(=O)Cc1nc2c(=O)[nH]c(N)nc2[nH]c1=O,0
ZINC01671011,DUD_gpb_D_919,Nc1ncnc2c1ncn2[C@]1(CO)OC[C@H](O)[C@H](O)[C@H]1O,0
ZINC01672346,DUD_gpb_D_920,CCn1nnc2c(NCCO)nc(N)nc21,0
ZINC01672827,DUD_gpb_D_921,NS(=O)(=O)c1ccc(/N=N/N(CCO)CCO)cc1,0
ZINC01679068,DUD_gpb_D_922,CC(=O)N[C@@H]1CCC[C@H](C(C(=O)NN)C(=O)NN)C1,0
ZINC01680550,DUD_gpb_D_923,Cc1nn([C@@H]2C[C@@H](O)[C@@H](O)[C@@H](CO)O2)c(=O)[nH]c1=O,0
ZINC01680588,DUD_gpb_D_924,Nc1ncnc2c1c(Br)cn2[C@H]1O[C@@H](CO)[C@H](O)[C@@H]1O,0
ZINC01681570,DUD_gpb_D_925,O=C(c1cc(=O)[nH]c(=O)[nH]1)N(CCO)CCO,0
ZINC01681595,DUD_gpb_D_926,Cc1ccc(S(N)(=O)=O)cc1S(N)(=O)=O,0
ZINC01681686,DUD_gpb_D_927,Nc1ncnc2c1ncn2[C@@H](C=O)O[C@H](C=O)CO,0
ZINC01683110,DUD_gpb_D_928,CNC(=O)[C@H]1O[C@@H](n2cnc3c(N)ncnc32)[C@@H](O)[C@H]1O,0
ZINC01684694,DUD_gpb_D_929,Cc1cc(N)c(N[C@@H]2O[C@H](CO)[C@H](O)[C@H]2O)cc1C,0
ZINC01685069,DUD_gpb_D_930,C[n+]1cn([C@H]2O[C@H](CO)[C@@H](O)[C@H]2O)c2[n-]c(=O)[nH]c(=O)c21,0
ZINC01687805,DUD_gpb_D_931,N#Cc1cn(N(CCO)CCO)c(=O)[nH]c1=O,0
ZINC01688107,DUD_gpb_D_932,Nc1nc(N)nc(N(CCO)CCO)n1,0
ZINC01688113,DUD_gpb_D_933,OCCNc1nc(NCCO)nc(NCCO)n1,0
ZINC01692108,DUD_gpb_D_934,OCCNc1nnc(NCCO)c2[nH]cnc12,0
ZINC01693058,DUD_gpb_D_935,OCC(CO)(CO)COCC(CO)(CO)CO,0
ZINC01694487,DUD_gpb_D_936,CCNS(=O)(=O)c1ccc(S(N)(=O)=O)cc1,0
ZINC01694488,DUD_gpb_D_937,C=C(C)CNS(=O)(=O)c1ccc(S(N)(=O)=O)cc1,0
ZINC01695859,DUD_gpb_D_938,O=c1[nH]c(=O)n([C@@H]2O[C@@H](CO)[C@@H](O)[C@H]2O)cc1[N+](=O)[O-],0
ZINC01696766,DUD_gpb_D_939,Nc1ncnc2c1ncn2[C@@](C=O)(CO)O[C@@H](C=O)CO,0
ZINC01697892,DUD_gpb_D_940,C[C@@]1(O)O[C@H](n2c(Br)nc3c(N)ncnc32)[C@@H](O)[C@@H]1O,0
ZINC01699577,DUD_gpb_D_941,Nc1ncnc2c1[nH]c(=S)n2[C@H]1O[C@@H](CO)[C@@H](O)[C@H]1O,0
ZINC01699579,DUD_gpb_D_942,CS(=O)(=O)O[C@H]1[C@H](O)[C@@H](CO)S[C@H]1n1cnc2c(N)ncnc21,0
ZINC01700250,DUD_gpb_D_943,NNC(=O)CCSCCC(=O)NN,0
ZINC01700824,DUD_gpb_D_944,O=c1[nH]c(=S)c2ncn([C@@H]3O[C@@H](CO)[C@H](O)[C@H]3O)c2[nH]1,0
ZINC01701355,DUD_gpb_D_945,N#Cc1cn([C@@H]2O[C@H](CO)[C@@H](O)[C@@H]2O)c2nc[nH]c(=O)c12,0
ZINC01701355,DUD_gpb_D_946,N#Cc1cn([C@H]2O[C@H](CO)[C@@H](O)[C@H]2O)c2[nH]cnc(=O)c12,0
ZINC01701355,DUD_gpb_D_947,N#Cc1cn([C@@H]2O[C@@H](CO)[C@H](O)[C@H]2O)c2ncnc(O)c12,0
ZINC01701372,DUD_gpb_D_948,CC(=O)Nc1cc(NC(C)=O)c2ccc(=O)[nH]c2c1O,0
ZINC01703682,DUD_gpb_D_949,CSc1cc(=O)n([C@@H]2O[C@H](CO)[C@@H](O)[C@@H]2O)c(=O)[nH]1,0
ZINC01705659,DUD_gpb_D_950,COC(=O)c1cn([C@@H]2O[C@H](CO)[C@@H](O)[C@H]2O)c2ncnc(N)c12,0
ZINC01705663,DUD_gpb_D_951,NC(=O)c1cn([C@H]2O[C@H](CO)[C@H](O)[C@H]2O)c2nc[nH]c(=O)c12,0
ZINC01705663,DUD_gpb_D_952,NC(=O)c1cn([C@H]2O[C@@H](CO)[C@@H](O)[C@@H]2O)c2[nH]cnc(=O)c12,0
ZINC01705663,DUD_gpb_D_953,NC(=O)c1cn([C@@H]2O[C@@H](CO)[C@@H](O)[C@@H]2O)c2ncnc(O)c12,0
ZINC01708089,DUD_gpb_D_954,Nc1ncnc2c1ncn2[C@H]1C[C@@H](O)OC[C@@H]1O,0
ZINC01708945,DUD_gpb_D_955,COC(=O)[C@@H](CON)NS(=O)(=O)c1ccc(N)cc1,0
ZINC01709090,DUD_gpb_D_956,NNC(=O)C1CC2=C(C1)CC(C(=O)NN)C2,0
ZINC01711069,DUD_gpb_D_957,Nc1ncn([C@H]2C[C@H](O)[C@H](CO)O2)c2ncnc1-2,0
ZINC01711734,DUD_gpb_D_958,OC[C@H]1O[C@H](c2[nH]nc3c(=S)nc[nH]c23)[C@H](O)[C@@H]1O,0
ZINC01712403,DUD_gpb_D_959,Nc1ncnc2c1nnn2[C@@H]1C[C@H](CO)[C@@H](O)[C@H]1O,0
ZINC01713362,DUD_gpb_D_960,Cc1cc2nc(N)n([C@H]3O[C@@H](CO)[C@H](O)[C@@H]3O)c2cc1C,0
ZINC01713374,DUD_gpb_D_961,CSc1ncnc2c([C@@H]3O[C@H](CO)[C@@H](O)[C@@H]3O)[nH]nc12,0
ZINC01713374,DUD_gpb_D_962,CSc1ncnc2c([C@@H]3O[C@H](CO)[C@@H](O)[C@H]3O)n[nH]c12,0
ZINC01715855,DUD_gpb_D_963,Cn1c(=O)[nH]c(=O)n([C@@H]2O[C@H](CO)[C@H](O)[C@@H]2O)c1=O,0
ZINC01715865,DUD_gpb_D_964,Cn1c(=O)n([C@@H]2O[C@@H](CO)[C@@H](O)[C@@H]2O)c2ncnc(N)c21,0
ZINC01716251,DUD_gpb_D_965,N#Cc1c(N)n([C@H]2O[C@H](CO)[C@H](O)[C@H]2O)c2ncnc(N)c12,0
ZINC01716590,DUD_gpb_D_966,Nc1ncnc2c1ncn2[C@@H]1O[C@@H]([C@H](O)CO)[C@@H](CO)[C@@H]1O,0
ZINC01718427,DUD_gpb_D_967,OCCNc1nc(NCCO)c2c[nH]nc2n1,0
ZINC01719169,DUD_gpb_D_968,NC(=S)c1cn([C@H]2O[C@H](CO)[C@@H](O)[C@@H]2O)c2nc[nH]c(=O)c12,0
ZINC01719169,DUD_gpb_D_969,NC(=S)c1cn([C@@H]2O[C@@H](CO)[C@@H](O)[C@H]2O)c2[nH]cnc(=O)c12,0
ZINC01719169,DUD_gpb_D_970,NC(=S)c1cn([C@H]2O[C@@H](CO)[C@H](O)[C@@H]2O)c2ncnc(O)c12,0
ZINC01719424,DUD_gpb_D_971,N#Cc1nn([C@@H]2O[C@H](CO)[C@H](O)[C@@H]2O)c2ncnc(N)c12,0
ZINC01719435,DUD_gpb_D_972,C=CCSc1ncnc2c([C@@H]3O[C@@H](CO)[C@@H](O)[C@@H]3O)[nH]nc12,0
ZINC01719435,DUD_gpb_D_973,C=CCSc1ncnc2c([C@H]3O[C@@H](CO)[C@H](O)[C@H]3O)n[nH]c12,0
ZINC01720017,DUD_gpb_D_974,CS(=O)(=O)c1ncn([C@@H]2O[C@H](CO)[C@H](O)[C@H]2O)n1,0
ZINC01720799,DUD_gpb_D_975,CO[C@@H]1O[C@@H]2[C@@H](CO)O[C@H](n3nnc4c(N)ncnc43)[C@H]2O1,0
ZINC01721811,DUD_gpb_D_976,CC1(C)O[C@@H]2CO[C@@H](c3[nH]nc(C(N)=O)c3C(N)=O)[C@H]2O1,0
ZINC01722126,DUD_gpb_D_977,O=c1c(=O)n(CCO)n(CCO)c(=O)n1CCO,0
ZINC01723428,DUD_gpb_D_978,OC[C@H]1O[C@H](c2[nH]nc3c(Cl)ncnc23)[C@@H](O)[C@@H]1O,0
ZINC01723969,DUD_gpb_D_979,O=c1[nH]c(=O)c2nc(Br)n([C@@H]3O[C@@H](CO)[C@@H](O)[C@@H]3O)c2[nH]1,0
ZINC01724573,DUD_gpb_D_980,NNS(=O)(=O)c1ccc(Cl)c(S(=O)(=O)NN)c1,0
ZINC01724890,DUD_gpb_D_981,O=c1n[n+]([O-])ccn1[C@H]1O[C@@H](CO)[C@H](O)[C@H]1O,0
ZINC01727069,DUD_gpb_D_982,Nc1ncnc2c1ncn2[C@H]1O[C@H](C2CC2)[C@@H](O)[C@H]1O,0
ZINC01727089,DUD_gpb_D_983,NC(=O)c1n[nH]c([C@H]2O[C@@H](CO)[C@H](O)[C@@H]2O)c1O,0
ZINC01727110,DUD_gpb_D_984,NC(=O)c1c[nH]nc1/N=N/N1CCC[C@H]1C(=O)[O-],0
ZINC01727422,DUD_gpb_D_985,CC1(C)O[C@H]2[C@@H](C(N)=O)O[C@H](n3cnc4c(N)ncnc43)[C@@H]2O1,0
ZINC01728667,DUD_gpb_D_986,O=c1cnn([C@H]2O[C@H](CO)[C@@H](O)[C@@H]2O)c(=S)[nH]1,0
ZINC01728677,DUD_gpb_D_987,Nc1ncnc2c1nnn2[C@@H]1CO[C@@H](CO)[C@@H]1O,0
ZINC01728678,DUD_gpb_D_988,Nc1ncnc2c1nnn2[C@@H]1C[C@@H](O)[C@@H](CO)O1,0
ZINC01728774,DUD_gpb_D_989,CC1(C)O[C@H]2[C@H](C(=O)N[O-])O[C@H](n3cnc4c(N)ncnc43)[C@H]2O1,0
ZINC01728891,DUD_gpb_D_990,CC(=O)N[C@@H](CO)[C@H](O)c1ccc(N)cc1,0
ZINC01729001,DUD_gpb_D_991,Nc1ncnc2c1ncn2[C@@H]1O[C@@H](C(=O)N[O-])[C@@H](O)[C@@H]1O,0
ZINC01729546,DUD_gpb_D_992,NC(=O)SCC(=O)Nc1ccc(S(N)(=O)=O)cc1,0
ZINC01730497,DUD_gpb_D_993,Nc1ncn([C@H]2O[C@@H](CO)[C@@H](O)[C@H]2O)c2ncnc1-2,0
ZINC01732875,DUD_gpb_D_994,CC(=O)N1C[C@@H](n2nnc3c(N)ncnc32)C[C@H]1CO,0
ZINC01732884,DUD_gpb_D_995,CC(=O)N1C[C@H](n2cnc3c(N)ncnc32)C[C@@H]1CO,0
ZINC01736614,DUD_gpb_D_996,CSc1nc(N)c2nc(C(N)=O)c(N)nc2n1,0
ZINC01740210,DUD_gpb_D_997,CS(=O)(=O)C[C@H]1O[C@H](n2nnc3c(N)ncnc32)[C@@H](O)[C@H]1O,0
ZINC01747397,DUD_gpb_D_998,NNC(=O)CCCCCNc1n[nH]c(=O)[nH]c1=O,0
ZINC01747719,DUD_gpb_D_999,Nc1nc2c(c(=O)[nH]1)Cc1nc(N)[nH]c(=O)c1C2,0
ZINC01751787,DUD_gpb_D_1000,O=S(=O)(Cc1ccccc1)N[C@@H]1[C@@H](O)OC[C@H](O)[C@@H]1O,0
ZINC01755094,DUD_gpb_D_1001,CO[C@H]1O[C@@H](CO)[C@@H](O)[C@@H]1n1cnc2c(N)ncnc21,0
ZINC01755805,DUD_gpb_D_1002,N#Cc1ccccc1N[C@@H]1OC[C@@H](O)[C@@H](O)[C@H]1O,0
ZINC01758409,DUD_gpb_D_1003,NNC(=O)[C@H]1CCc2nc(N)[nH]c(=O)c2C1,0
ZINC01760050,DUD_gpb_D_1004,CC(=O)N[C@@H](C[C@@H](O)[C@H](O)[C@@H](O)CO)[N+](=O)[O-],0
ZINC01761041,DUD_gpb_D_1005,O=c1[nH]nnc2c1cnn2[C@@H]1O[C@@H](CO)[C@@H](O)[C@H]1O,0
ZINC01761041,DUD_gpb_D_1006,O=c1nn[nH]c2c1cnn2[C@H]1O[C@@H](CO)[C@@H](O)[C@@H]1O,0
ZINC01761041,DUD_gpb_D_1007,OC[C@H]1O[C@H](n2ncc3c(O)nnnc32)[C@@H](O)[C@H]1O,0
ZINC01762194,DUD_gpb_D_1008,Nc1ncnc2c1ncn2[C@@H]1CCN(CCO)C1=O,0
ZINC01762420,DUD_gpb_D_1009,Nc1ncnc(N2C(=S)O[C@H]3[C@H](O)[C@@H](CO)O[C@@H]32)c1N,0
ZINC01766240,DUD_gpb_D_1010,OC[C@@H](O)[C@H](O)[C@H](O)c1nnc2nnc(S)n2n1,0
ZINC01769576,DUD_gpb_D_1011,Nc1nc(NNC(=O)CCCO)c2nonc2n1,0
ZINC01769595,DUD_gpb_D_1012,Nc1nc2c(nc([C@H](O)[C@@H](O)CO)c[n+]2[O-])c(=O)[nH]1,0
ZINC01773284,DUD_gpb_D_1013,N#CCc1c(C#N)c(N)[nH+]c(NCCCO)c1C#N,0
ZINC01786834,DUD_gpb_D_1014,COC(=O)CS(=O)(=O)c1ccc(C(N)=O)cc1[N+](=O)[O-],0
ZINC01797750,DUD_gpb_D_1015,Cc1oc2cc3c(C(=O)NN)c(C)oc3cc2c1C(=O)NN,0
ZINC01799007,DUD_gpb_D_1016,NS(=O)(=O)c1ccc(NC(=O)C[C@@H]2SC(=O)NC2=O)cc1,0
ZINC01799008,DUD_gpb_D_1017,NS(=O)(=O)c1ccc(NC(=O)C[C@@H]2SC(=O)NC2=O)cc1,0
ZINC01799347,DUD_gpb_D_1018,CC[C@H](Sc1n[nH]c(=O)[nH]c1=O)C(=O)NN,0
ZINC01818846,DUD_gpb_D_1019,Nc1nonc1C(=[NH2+])NNC(=O)CCCCCO,0
ZINC01827215,DUD_gpb_D_1020,Nc1nonc1C(=[NH2+])N/N=C\c1ccc(O)c(O)c1,0
ZINC01833369,DUD_gpb_D_1021,C=C(CC)NNC(=O)c1nnn(-c2nonc2N)c1C,0
ZINC01845643,DUD_gpb_D_1022,CC1(C)N=C(N)N=C(N)N1c1ccc(S(N)(=O)=O)cc1,0
ZINC01851216,DUD_gpb_D_1023,C=CCn1c(=O)n([C@H]2O[C@H](CO)[C@H](O)[C@@H]2O)c2nc(N)[nH]c(=O)c21,0
ZINC01851216,DUD_gpb_D_1024,C=CCn1c(=O)n([C@@H]2O[C@@H](CO)[C@@H](O)[C@@H]2O)c2[nH]c(N)nc(=O)c21,0
ZINC01851216,DUD_gpb_D_1025,C=CCn1c(=O)n([C@@H]2O[C@H](CO)[C@H](O)[C@@H]2O)c2nc(N)nc(O)c21,0
ZINC01856856,DUD_gpb_D_1026,Nc1ncnc2c1ncn2[C@@H]1C[C@H](O)[C@@]2(CO)C[C@H]12,0
ZINC01857650,DUD_gpb_D_1027,Nc1ncnc2c1ncc(=O)n2[C@H]1C[C@@H](O)[C@H](CO)O1,0
ZINC01858627,DUD_gpb_D_1028,O=c1[nH][nH]c(=O)n1CCCCCCn1c(=O)[nH][nH]c1=O,0
ZINC01859288,DUD_gpb_D_1029,CS(=O)(=O)OC[C@H]1O[C@H](n2ncc(=O)[nH]c2=O)[C@H](O)[C@@H]1O,0
ZINC01860554,DUD_gpb_D_1030,Nc1nonc1OCCOc1nonc1N,0
ZINC01862480,DUD_gpb_D_1031,CC(=O)N([O-])[C@@H]1CC[C@H](n2cnc3c(N)ncnc32)C1,0
ZINC01864227,DUD_gpb_D_1032,CC1(C)OC[C@@H]([C@]2(O)C(=O)O[C@@H](CO)[C@]2(O)/C=N\O)O1,0
ZINC01865660,DUD_gpb_D_1033,NC(=O)c1c2n(c3ncnc(N)c13)[C@@H]1O[C@@H](CO)[C@@H](O)[C@H]1S2,0
ZINC01865752,DUD_gpb_D_1034,O=c1[nH]c(=S)cnn1[C@@H]1O[C@@H](CO)[C@H](O)[C@@H]1O,0
ZINC01866106,DUD_gpb_D_1035,Nc1ncnc2cc3c(cc12)ncn3[C@H]1O[C@H](CO)[C@@H](O)[C@H]1O,0
ZINC01866460,DUD_gpb_D_1036,[O-][n+]1cc([C@H](O)[C@@H](O)[C@H](O)CO)[n+]([O-])c2ccccc21,0
ZINC01868252,DUD_gpb_D_1037,O=c1[nH]cnc2c1[nH]/c(=N\O)n2[C@@H]1O[C@@H](CO)[C@@H](O)[C@@H]1O,0
ZINC01878897,DUD_gpb_D_1038,NNC(=O)c1nnn(-c2nonc2N)c1C[NH+]1CCOCC1,0
ZINC01878899,DUD_gpb_D_1039,CC[NH+](CC)Cc1c(C(=O)NN)nnn1-c1nonc1N,0
ZINC01882523,DUD_gpb_D_1040,O=C1NC(=O)C(=NNC(=S)N(CCO)CCO)C(=O)N1,0
ZINC01882859,DUD_gpb_D_1041,OC[C@H]1O[C@@H](Sc2ncnc3[nH]cnc23)[C@@H](O)[C@@H](O)[C@@H]1O,0
ZINC01886380,DUD_gpb_D_1042,C=CCn1c(=O)n([C@@H]2O[C@@H](CO)[C@H]3OC(=O)O[C@@H]32)c2nc(N)[nH]c(=O)c21,0
ZINC01886380,DUD_gpb_D_1043,C=CCn1c(=O)n([C@@H]2O[C@@H](CO)[C@@H]3OC(=O)O[C@H]32)c2[nH]c(N)nc(=O)c21,0
ZINC01886380,DUD_gpb_D_1044,C=CCn1c(=O)n([C@H]2O[C@H](CO)[C@H]3OC(=O)O[C@@H]32)c2nc(N)nc(O)c21,0
ZINC01886505,DUD_gpb_D_1045,Nc1ncc2c(nnn2COC(CO)CO)n1,0
ZINC01886507,DUD_gpb_D_1046,CC(=O)Nc1ncc2c(nnn2COC(CO)CO)n1,0
ZINC01888953,DUD_gpb_D_1047,NC(=S)c1nn(COCCO)c2ncnc(N)c12,0
ZINC01891325,DUD_gpb_D_1048,COC(=O)c1c(N)ncnc1N[C@H]1O[C@H](C[NH3+])[C@H](O)[C@H]1O,0
ZINC01893719,DUD_gpb_D_1049,Nc1nc(O)c2sc(=O)n(C/C=C/CO)c2n1,0
ZINC01911762,DUD_gpb_D_1050,NNC(=O)c1nnn(-c2nonc2N)c1C[NH+]1CCCCC1,0
ZINC01913406,DUD_gpb_D_1051,COCCn1c(NC(=O)CSc2nnc[nH]2)cc(=O)[nH]c1=O,0
ZINC01922655,DUD_gpb_D_1052,Cc1c(C(=O)NN)nnn1-c1nonc1N,0
ZINC01996390,DUD_gpb_D_1053,CN(CCO)S(=O)(=O)c1ccc2c(c1)C(=O)C(=O)N2,0
ZINC02004499,DUD_gpb_D_1054,CC1=Nc2cc(Cl)c(S(N)(=O)=O)cc2S(=O)(=O)N1,0
ZINC02014616,DUD_gpb_D_1055,CCCCOc1nc(N)[n+](OS(=O)(=O)[O-])c(N)n1,0
ZINC02019938,DUD_gpb_D_1056,O=C([O-])c1ccc(N[C@@H]2OC[C@H](O)[C@H](O)[C@@H]2O)cc1,0
ZINC02020170,DUD_gpb_D_1057,C[C@H](O)C(=O)C1=CNc2nc(N)[nH]c(=O)c2N1,0
ZINC02022816,DUD_gpb_D_1058,C[C@H](O)CC1=CN(C)c2nc(N)[nH]c(=O)c2N1,0
ZINC02022816,DUD_gpb_D_1059,C[C@@H](O)CC1=CN(C)c2[nH]c(N)nc(=O)c2N1,0
ZINC02022816,DUD_gpb_D_1060,C[C@H](O)CC1=CN(C)c2nc(N)nc(O)c2N1,0
ZINC02025026,DUD_gpb_D_1061,NC(=O)c1nnn(-c2nonc2N)c1C[NH+]1CCOCC1,0
ZINC02025366,DUD_gpb_D_1062,CCOC(=O)c1nnn(-c2nonc2N)c1CSC#N,0
ZINC02026477,DUD_gpb_D_1063,Nc1c2nnn([C@H]3O[C@@H](CO)[C@H](O)[C@@H]3O)c2nc[n+]1[O-],0
ZINC02029048,DUD_gpb_D_1064,Nc1ncn(C[C@H](O)CO)c2nc(NCCO)nc1-2,0
ZINC02031266,DUD_gpb_D_1065,COC(=O)Nc1ccc(S(=O)(=O)NCCO)cc1,0
ZINC02040108,DUD_gpb_D_1066,CCCCC1(CCOC(N)=O)C(=O)NC(=O)NC1=O,0
ZINC02046933,DUD_gpb_D_1067,CC(=O)NC[C@H](O)[C@@H](OS(=O)(=O)[O-])[C@H](O)CO,0
ZINC02047845,DUD_gpb_D_1068,Nc1ncnc2c1ncn2[C@@H]1O[C@H](CO)C(=O)[C@H]1O,0
ZINC02048846,DUD_gpb_D_1069,O=c1[nH]c(=O)n([C@@H]2O[C@@H](CO)[C@@H](O)[C@H]2O)c2nccnc12,0
ZINC02048952,DUD_gpb_D_1070,COc1c(O)cc2c(c1O)[C@H]1O[C@H](CO)[C@H](O)[C@H](O)[C@@H]1OC2=O,0
ZINC02053084,DUD_gpb_D_1071,Nc1nnnn1CC(=O)N/N=C\c1cc2c(cc1[N+](=O)[O-])OCO2,0
ZINC02054173,DUD_gpb_D_1072,COc1nc(OC)nc(-n2cnc(S(N)(=O)=O)n2)n1,0
ZINC02055507,DUD_gpb_D_1073,Nc1nonc1OCCCCOc1nonc1N,0
ZINC02056531,DUD_gpb_D_1074,COc1cc(OC)c(OC)cc1/C=N\NC(=[NH2+])c1nonc1N,0
ZINC02077969,DUD_gpb_D_1075,CSc1nc2ncc([C@H](O)[C@H](O)CO)nc2c(=O)[nH]1,0
ZINC02077970,DUD_gpb_D_1076,CSc1nc2ncc([C@H](O)[C@H](O)CO)nc2c(=O)[nH]1,0
ZINC02077971,DUD_gpb_D_1077,CSc1nc2ncc([C@H](O)[C@H](O)CO)nc2c(=O)[nH]1,0
ZINC02077972,DUD_gpb_D_1078,CSc1nc2ncc([C@H](O)[C@@H](O)CO)nc2c(=O)[nH]1,0
ZINC02090379,DUD_gpb_D_1079,O=c1[nH]nc(S[C@@H]2O[C@H](CO)[C@@H](O)[C@@H](O)[C@@H]2O)c(=O)[nH]1,0
ZINC02090717,DUD_gpb_D_1080,O=c1[nH]nc(S[C@H]2O[C@@H](CO)[C@H](O)[C@H]2O)c(=O)[nH]1,0
ZINC02104398,DUD_gpb_D_1081,O=C(OC[C@H](O)[C@H](O)[C@@H](O)[C@H](O)CO)c1ccccc1O,0
ZINC02105930,DUD_gpb_D_1082,Nc1ncn(CCCO)c2nc(NCCO)nc1-2,0
ZINC02106202,DUD_gpb_D_1083,O=c1[nH]nc(S[C@H]2OC[C@@H](O)[C@H](O)[C@@H]2O)c(=O)[nH]1,0
ZINC02115536,DUD_gpb_D_1084,O=C([O-])c1ccc(N[C@H]2OC[C@@H](O)[C@@H](O)[C@H]2O)cc1,0
ZINC02115537,DUD_gpb_D_1085,O=C([O-])c1ccc(N[C@@H]2OC[C@H](O)[C@@H](O)[C@H]2O)cc1,0
ZINC02115539,DUD_gpb_D_1086,O=C([O-])c1ccc(N[C@@H]2OC[C@@H](O)[C@H](O)[C@@H]2O)cc1,0
ZINC02128547,DUD_gpb_D_1087,CCOC(=O)c1[nH]c[n+]([C@H]2O[C@H](CO)[C@H](O)[C@H]2O)c1N,0
ZINC02128716,DUD_gpb_D_1088,O=C([O-])c1cccc(N[C@H]2OC[C@@H](O)[C@@H](O)[C@H]2O)c1,0
ZINC02133555,DUD_gpb_D_1089,Cc1cc(=O)oc2cc(O[C@@H]3O[C@@H](CO)[C@@H](O)[C@@H](O)[C@H]3O)ccc12,0
ZINC02135914,DUD_gpb_D_1090,O=c1cnn([C@H]2O[C@H](O)[C@H](O)C[C@@H]2O)c(=O)[nH]1,0
ZINC02145392,DUD_gpb_D_1091,CC(=O)N[C@H]1[C@@H](Oc2cccc([N+](=O)[O-])c2)O[C@H](CO)[C@@H](O)[C@H]1O,0
ZINC02150875,DUD_gpb_D_1092,CC(=O)N[C@H]1[C@@H](Oc2ccc([N+](=O)[O-])cc2)O[C@H](CO)[C@H](O)[C@@H]1O,0
ZINC02163804,DUD_gpb_D_1093,CS(=O)(=O)c1ccc(N2N=C(N)CC2=O)c(N)c1,0
ZINC02167956,DUD_gpb_D_1094,CC(CO)(CO)NC(=O)C(=O)NC(C)(CO)CO,0
ZINC02188339,DUD_gpb_D_1095,COc1ccc(CONC(=[NH2+])c2nonc2N)cc1[N+](=O)[O-],0
ZINC02189807,DUD_gpb_D_1096,CCOC(=O)c1nnn(-c2nonc2N)c1CSc1nc[nH]n1,0
ZINC02190568,DUD_gpb_D_1097,C=C(NNC(N)=O)c1nnn(-c2nonc2N)c1C,0
ZINC02192463,DUD_gpb_D_1098,Nc1n[nH]c(SCC(=O)Nc2nonc2N)n1,0
ZINC02197161,DUD_gpb_D_1099,CSc1c(C#N)c(N)[nH+]c(SCC(N)=O)c1C#N,0
ZINC02199789,DUD_gpb_D_1100,COc1cc(/C=N\NC(=[NH2+])c2nonc2N)cc(OC)c1O,0
ZINC02199966,DUD_gpb_D_1101,O=c1[nH]c2ccc(S(=O)(=O)NCCO)cc2o1,0
ZINC02212478,DUD_gpb_D_1102,Cc1cc(C)nc(Nc2nc(N)[nH]c(=O)n2)n1,0
ZINC02212478,DUD_gpb_D_1103,Cc1cc(C)nc(Nc2nc(N)nc(O)n2)n1,0
ZINC02212478,DUD_gpb_D_1104,Cc1cc(C)nc(Nc2nc(=O)nc(N)[nH]2)n1,0
ZINC02212478,DUD_gpb_D_1105,Cc1cc(C)nc(Nc2nc(N)nc(O)n2)n1,0
ZINC02213136,DUD_gpb_D_1106,CCOC(=O)Cn1nc(-c2nonc2N)nc1-c1nonc1N,0
ZINC02215126,DUD_gpb_D_1107,O=c1[nH]c2ccc(S(=O)(=O)NN3CCOCC3)cc2o1,0
ZINC02225744,DUD_gpb_D_1108,C=C(C[C@H](C)N([O-])C(=O)Nc1cccc([N+](=O)[O-])c1)NO,0
ZINC02225750,DUD_gpb_D_1109,C=C(C[C@H](C)N([O-])C(=O)Nc1cccc([N+](=O)[O-])c1)NO,0
ZINC02243452,DUD_gpb_D_1110,Nc1ccc(O[C@H]2S[C@H](CO)[C@H](O)[C@@H](O)[C@H]2O)cc1,0
ZINC02250638,DUD_gpb_D_1111,CCOC(=O)/C(=C/Nc1nonc1C(N)=O)C(C)=O,0
ZINC02262896,DUD_gpb_D_1112,Nc1n[nH]c(CCCCc2nc(N)n[nH]2)n1,0
ZINC02271797,DUD_gpb_D_1113,O=C(CNc1n[nH]c(=O)[nH]c1=O)NCCO,0
ZINC02272114,DUD_gpb_D_1114,Nc1nonc1C(=[NH2+])NNC1=CCCCC1,0
ZINC02278806,DUD_gpb_D_1115,C[C@@H]1N(NC(N)=O)C(N)=C(C#N)C1(C#N)C#N,0
ZINC02279273,DUD_gpb_D_1116,CC1(C)[N+]([O-])=c2c(NO)ccc(NO)c2=[N+]1[O-],0
ZINC02279346,DUD_gpb_D_1117,CCOC(=O)/C(=C\Nc1nonc1C(=[NH2+])NO)C(C)=O,0
ZINC02284065,DUD_gpb_D_1118,CCCCn1nc(-c2nonc2N)nc1-c1nonc1N,0
ZINC02285051,DUD_gpb_D_1119,CCCn1nc(-c2nonc2N)nc1-c1nonc1N,0
ZINC02294655,DUD_gpb_D_1120,COC(=O)ONC(=[NH2+])C(=[NH2+])NOC(=O)OC,0
ZINC02296700,DUD_gpb_D_1121,O=C(N/N=C/c1ccco1)[C@@H](O)[C@@H](O)[C@H](O)[C@H](O)CO,0
ZINC02303324,DUD_gpb_D_1122,COCC(=O)NNC(=[NH2+])c1nonc1N,0
ZINC02303827,DUD_gpb_D_1123,CCn1nc(-c2nonc2N)nc1-c1nonc1N,0
ZINC02316514,DUD_gpb_D_1124,O=C(NC(CO)(CO)CO)c1ccc(O)nn1,0
ZINC02316514,DUD_gpb_D_1125,O=C(NC(CO)(CO)CO)c1ccc(O)nn1,0
ZINC02320721,DUD_gpb_D_1126,Nc1nnn(CC(=O)N/N=C\c2ccc(O)cc2O)n1,0
ZINC02326660,DUD_gpb_D_1127,CCCCNC(=O)CSc1nc(N)cc(=O)[nH]1,0
ZINC02326660,DUD_gpb_D_1128,CCCCNC(=O)CSc1nc(N)cc(O)n1,0
ZINC02326660,DUD_gpb_D_1129,CCCCNC(=O)CSc1nc(N)cc(O)n1,0
ZINC02330864,DUD_gpb_D_1130,C=C(NO)C(=N/O)/C(=N\O)C(=C)NO,0
ZINC02339373,DUD_gpb_D_1131,CCn1c(N)c(Sc2nnnn2C)c(=O)[nH]c1=O,0
ZINC02379093,DUD_gpb_D_1132,C=CCO[C@@H]1O[C@@H](CO)[C@H](O)[C@H](O)[C@H]1O,0
ZINC02379568,DUD_gpb_D_1133,CN(CC(=O)NN)c1ccc(S(=O)(=O)N(C)C)c2nonc12,0
ZINC02379569,DUD_gpb_D_1134,CN(C)S(=O)(=O)c1ccc(NCC[NH3+])c2nonc12,0
ZINC02380004,DUD_gpb_D_1135,NNC(=O)c1nnn(-c2nonc2N)c1C[NH+]1CCCC1,0
ZINC02380207,DUD_gpb_D_1136,COC(=O)c1nnn(-c2nonc2N)c1CSc1nncn1C,0
ZINC02381478,DUD_gpb_D_1137,C=CCOc1nc2c(=O)[nH]c(N)nc2n1[C@@H]1C[C@H](O)[C@H](CO)O1,0
ZINC02381502,DUD_gpb_D_1138,Nc1ncnc2c1nc1n2[C@@H]2O[C@@H]([C@@H]1O)[C@H](O)[C@@H]2O,0
ZINC02381503,DUD_gpb_D_1139,Nc1ncnc2c1nc1n2[C@H]2C[C@H](O)[C@@H](O2)[C@@H]1O,0
ZINC02381521,DUD_gpb_D_1140,Nc1ncnc2c1nc1n2[C@H]2O[C@H](C1=O)[C@@H](O)[C@@H]2O,0
ZINC02381527,DUD_gpb_D_1141,O=c1[nH]c(=O)c2ccn([C@H]3C[C@H](O)[C@H](CO)O3)c2[nH]1,0
ZINC02381542,DUD_gpb_D_1142,COC(=O)/C=C\c1cn([C@@H]2C[C@@H](O)[C@H](CO)O2)c(=O)[nH]c1=O,0
ZINC02381551,DUD_gpb_D_1143,O=C1NC2=NOCCC2=CN1[C@H]1C[C@H](O)[C@H](CO)O1,0
ZINC02384685,DUD_gpb_D_1144,O=C1CCN(C[C@@H](O)[C@@H](O)[C@@H](O)CO)C(=O)N1,0
ZINC02384871,DUD_gpb_D_1145,O=[N+]([O-])c1ccc(O[C@@H]2O[C@@H](CO)[C@H](O)[C@@H](O)[C@@H]2O)c(Cl)c1,0
ZINC02385416,DUD_gpb_D_1146,CC1(C)NS(=O)(=O)N(c2ccc(S(N)(=O)=O)cc2)C1=O,0
ZINC02387113,DUD_gpb_D_1147,CC(=O)N[C@H]1C(=O)O[C@@H]([C@H](O)CO)[C@H]1O,0
ZINC02387125,DUD_gpb_D_1148,CS(=O)(=O)SCCNc1ccc(S(N)(=O)=O)c2nonc12,0
ZINC02388311,DUD_gpb_D_1149,Nc1nc(=O)n([C@H]2C[C@H](O)[C@@H](CO)O2)cc1O,0
ZINC02388375,DUD_gpb_D_1150,NC1=c2ncn([C@H]3O[C@H](CO)[C@H](O)C3=O)c2=[NH+]CN1,0
ZINC02390420,DUD_gpb_D_1151,NS(=O)(=O)c1ccc(NC(=O)C(=[NH2+])NO)cc1,0
ZINC02430349,DUD_gpb_D_1152,Cn1nnc(NC(=O)CSc2nc[nH]n2)n1,0
ZINC02431548,DUD_gpb_D_1153,COc1ccc2c(c1OC)C(=O)O[C@@H]2NNC(=O)c1nonc1N,0
ZINC02431551,DUD_gpb_D_1154,COc1ccc2c(c1OC)C(=O)O[C@H]2NNC(=O)c1nonc1N,0
ZINC02451333,DUD_gpb_D_1155,CN(C)S(=O)(=O)c1ccc(C(=O)NCC(=O)NN)cc1,0
ZINC02451337,DUD_gpb_D_1156,NNC(=O)CNC(=O)c1ccc(S(=O)(=O)N2CCOCC2)cc1,0
ZINC02455512,DUD_gpb_D_1157,Cc1cc(NC(=O)CSc2nnc(C)c(=O)n2N)no1,0
ZINC02461434,DUD_gpb_D_1158,Nc1cccc2c1nnn2[C@H]1O[C@H](CO)[C@H](O)[C@H](O)[C@@H]1O,0
ZINC02465183,DUD_gpb_D_1159,CC(C)NS(=O)(=O)c1ccc2[nH]c(=O)c(O)nc2c1,0
ZINC02470105,DUD_gpb_D_1160,CS(=O)(=O)NCCNC(=O)c1nonc1N,0
ZINC02489358,DUD_gpb_D_1161,CCCCNC(=O)CN1C(=O)N[C@@H]2NC(=O)N[C@@H]21,0
ZINC02494262,DUD_gpb_D_1162,COc1ccc(OC)c(S(=O)(=O)Nc2nn[n-]n2)c1,0
ZINC02506543,DUD_gpb_D_1163,Cc1ncc(CO[C@@H]2O[C@H](CO)[C@@H](O)[C@H](O)[C@H]2O)c(C=O)c1O,0
ZINC02508294,DUD_gpb_D_1164,OC[C@@H]1O[C@H](n2cnc3c(Cl)ncnc32)[C@H](O)[C@@H](O)[C@@H]1O,0
ZINC02510170,DUD_gpb_D_1165,CN(C)S(=O)(=O)Oc1ccc(C(=[NH2+])NO)cc1,0
ZINC02511795,DUD_gpb_D_1166,NC(=O)[C@@H](CO)O[C@H]1O[C@@H](CO)[C@@H](O)[C@H](O)[C@H]1O,0
ZINC02521327,DUD_gpb_D_1167,Cn1ncc([N+](=O)[O-])c1-c1nnc(SCC(=O)NN)n1C,0
ZINC02522523,DUD_gpb_D_1168,O=C([O-])c1cc(=O)[nH]c(=O)n1[C@@H]1O[C@@H](CO)[C@H](O)[C@@H]1O,0
ZINC02522542,DUD_gpb_D_1169,Nc1ccc(CS[C@@H]2O[C@H](CO)[C@H](O)[C@H](O)[C@H]2O)cc1,0
ZINC02522543,DUD_gpb_D_1170,CC(=O)N[C@@H]1[C@H](Oc2ccc(N)cc2)S[C@@H](CO)[C@@H](O)[C@H]1O,0
ZINC02525706,DUD_gpb_D_1171,CS(=O)(=O)c1ccc(S(=O)(=O)NCC[NH3+])c([N+](=O)[O-])c1,0
ZINC02525832,DUD_gpb_D_1172,Cc1nc(N)c2nc(C)c(=O)n([C@H]3C[C@@H](O)[C@@H](CO)O3)c2n1,0
ZINC02525834,DUD_gpb_D_1173,Cc1nc2c(N)ncnc2n([C@H]2C[C@H](O)[C@H](CO)O2)c1=O,0
ZINC02526381,DUD_gpb_D_1174,CSc1nc2ncc([C@@H](O)[C@H](C)O)nc2c(=O)[nH]1,0
ZINC02526381,DUD_gpb_D_1175,CSc1nc(O)c2nc([C@H](O)[C@@H](C)O)cnc2n1,0
ZINC02526381,DUD_gpb_D_1176,CSc1nc(=O)c2nc([C@@H](O)[C@H](C)O)cnc2[nH]1,0
ZINC02526694,DUD_gpb_D_1177,NNC(=O)CS[C@@H]1CS(=O)(=O)c2cc([N+](=O)[O-])ccc21,0
ZINC02529259,DUD_gpb_D_1178,Nc1nc2c(nc(Cl)n2[C@H]2C[C@@H](O)[C@H](CO)O2)c(=O)[nH]1,0
ZINC02536991,DUD_gpb_D_1179,NNC(=O)c1ccn(Cn2cnc([N+](=O)[O-])n2)n1,0
ZINC02537711,DUD_gpb_D_1180,Cn1cc(S(=O)(=O)N2CCC[C@@H](C(=O)NN)C2)cn1,0
ZINC02541278,DUD_gpb_D_1181,Nc1nc2ccn([C@@H]3C[C@H](O)[C@@H](CO)O3)c2c(=O)[nH]1,0
ZINC02541278,DUD_gpb_D_1182,Nc1nc(O)c2c(ccn2[C@@H]2C[C@H](O)[C@@H](CO)O2)n1,0
ZINC02541278,DUD_gpb_D_1183,Nc1nc(=O)c2c(ccn2[C@@H]2C[C@H](O)[C@H](CO)O2)[nH]1,0
ZINC02541281,DUD_gpb_D_1184,O=C([O-])/C=C\c1cn([C@@H]2O[C@H](CO)[C@@H](O)[C@H]2O)c(=O)[nH]c1=O,0
ZINC02541283,DUD_gpb_D_1185,Cc1cn([C@H]2C[C@H](O)[C@H](CO)O2)c(N)nc1=O,0
ZINC02541286,DUD_gpb_D_1186,COc1nc(=O)c(F)cn1[C@H]1O[C@H](CO)[C@H](O)[C@@H]1O,0
ZINC02541296,DUD_gpb_D_1187,CC#Cc1cn([C@H]2O[C@H](CO)[C@@H](O)[C@H]2OC)c(=O)nc1N,0
ZINC02541304,DUD_gpb_D_1188,Nc1nc(N)c([C@@H]2C[C@@H](O)[C@H](CO)O2)nc1Cl,0
ZINC02541310,DUD_gpb_D_1189,Cc1[nH]c(=O)[nH]c(=O)c1[C@@H]1C[C@H](O)[C@H](CO)O1,0
ZINC02541965,DUD_gpb_D_1190,Cc1nnn(-c2nonc2N)c1C(=O)NNC1=CCCC1,0
ZINC02541966,DUD_gpb_D_1191,Cc1nnn(-c2nonc2N)c1C(=O)NNC1=CCCCC1,0
ZINC02545755,DUD_gpb_D_1192,C=C(NO)c1nnn(-c2nonc2N)c1C,0
ZINC02558156,DUD_gpb_D_1193,COc1cc(OC)cc(O[C@H]2O[C@@H](CO)[C@@H](O)[C@@H](O)[C@H]2O)c1,0
ZINC02558164,DUD_gpb_D_1194,CC(=O)O[C@H]1C[C@H](n2cnc3c(=O)[nH]c(N)nc32)O[C@H]1CO,0
ZINC02558183,DUD_gpb_D_1195,C=C1O[C@@H](On2cnc3c(N)ncnc32)[C@H](O)[C@@H]1O,0
ZINC02558588,DUD_gpb_D_1196,CN1CN([C@@H]2O[C@H](CO)[C@@H](O)[C@@H]2O)c2nc[nH]c(=O)c21,0
ZINC02558588,DUD_gpb_D_1197,CN1CN([C@@H]2O[C@@H](CO)[C@@H](O)[C@H]2O)c2ncnc(O)c21,0
ZINC02558588,DUD_gpb_D_1198,CN1CN([C@@H]2O[C@H](CO)[C@H](O)[C@@H]2O)c2[nH]cnc(=O)c21,0
ZINC02558684,DUD_gpb_D_1199,COP(=O)(OC)SCc1nc(N)nc(N)n1,0
ZINC02565538,DUD_gpb_D_1200,Nc1nonc1-n1nnc(CO)c1CO,0
ZINC02566691,DUD_gpb_D_1201,CC(=O)Nc1ccc(S(=O)(=O)NCCO)cc1,0
ZINC02567883,DUD_gpb_D_1202,Nc1ccn([C@H]2O[C@@H](CO)[C@@H](O)[C@H]2O)c(=S)n1,0
ZINC02568872,DUD_gpb_D_1203,Nc1nonc1OCCOCCOc1nonc1N,0
ZINC02569716,DUD_gpb_D_1204,OC[C@H]1O[C@H](Oc2c[nH]c3cc(F)ccc23)[C@H](O)[C@@H](O)[C@@H]1O,0
ZINC02570137,DUD_gpb_D_1205,O=C(CCl)N[C@@H]1[C@H](O)O[C@@H](CO)[C@H](O)[C@@H]1O,0
ZINC02570858,DUD_gpb_D_1206,Nc1ncc2ncn(CCC(CO)CO)c2n1,0
ZINC02572012,DUD_gpb_D_1207,C=CC(=O)OC[C@@H](O)[C@@H](O)[C@@H](O)[C@@H](O)CO,0
ZINC02573838,DUD_gpb_D_1208,Cc1c(F)n([C@H]2O[C@@H](CO)[C@H](O)[C@H](O)[C@H]2O)c(=O)[nH]c1=O,0
ZINC02575210,DUD_gpb_D_1209,C=C(C)C(=O)OCCO[C@H]1O[C@H](CO)[C@H](O)[C@@H](O)[C@@H]1O,0
ZINC02576270,DUD_gpb_D_1210,Nc1ccc(S(=O)(=O)NCCOCCO)cc1,0
ZINC02576991,DUD_gpb_D_1211,C=CCO[C@@H]1O[C@@H](CO)[C@H](O)[C@H](O)[C@@H]1NC(C)=O,0
ZINC02583575,DUD_gpb_D_1212,O=[N+]([O-])c1ccc(CS[C@H]2O[C@@H](CO)[C@H](O)[C@H](O)[C@@H]2O)cc1,0
ZINC02583764,DUD_gpb_D_1213,Cc1cc(=O)oc2cc(O[C@@H]3[C@@H](O)[C@H](O)[C@@H](O)[C@H](O)[C@H]3O)ccc12,0
ZINC02585056,DUD_gpb_D_1214,CC(=O)Nc1nonc1NC(=O)CSc1nc(N)n[nH]1,0
ZINC02585434,DUD_gpb_D_1215,Cn1c(N)nc2c(ncc(=O)n2[C@@H]2C[C@H](O)[C@@H](CO)O2)c1=O,0
ZINC02585822,DUD_gpb_D_1216,CC(=O)CCC(=O)N[C@H]1[C@@H](O)O[C@H](CO)[C@@H](O)[C@H]1O,0
ZINC02585824,DUD_gpb_D_1217,O[C@H]1O[C@@H](CNc2cccc3nonc23)[C@@H](O)[C@@H](O)[C@@H]1O,0
ZINC02586464,DUD_gpb_D_1218,C=CCNC(=O)CSc1nc(N)cc(=O)[nH]1,0
ZINC02586464,DUD_gpb_D_1219,C=CCNC(=O)CSc1nc(=O)cc(N)[nH]1,0
ZINC02586464,DUD_gpb_D_1220,C=CCNC(=O)CSc1nc(N)cc(O)n1,0
ZINC02588666,DUD_gpb_D_1221,Cc1nonc1C(=O)NNC(=[NH2+])c1nonc1N,0
ZINC02597793,DUD_gpb_D_1222,NNC(=O)Cc1csc(CC(=O)NN)n1,0
ZINC02619161,DUD_gpb_D_1223,NNC(=O)CCc1cccc(S(=O)(=O)N2CCOCC2)c1,0
ZINC02625800,DUD_gpb_D_1224,CCNC(=O)CSc1nc(N)cc(=O)[nH]1,0
ZINC02625800,DUD_gpb_D_1225,CCNC(=O)CSc1nc(=O)cc(N)[nH]1,0
ZINC02625800,DUD_gpb_D_1226,CCNC(=O)CSc1nc(N)cc(O)n1,0
ZINC02626477,DUD_gpb_D_1227,CN(CCO)c1[nH+]c(N)c(C#N)c(CC#N)c1C#N,0
ZINC02641636,DUD_gpb_D_1228,Cc1ccc(S(=O)(=O)N2C[C@@H](O)C[C@@H]2C(N)=O)cc1,0
ZINC02659555,DUD_gpb_D_1229,CCS(=O)(=O)NCc1ccc(S(N)(=O)=O)cc1,0
ZINC02662364,DUD_gpb_D_1230,Cn1c(N)c(C(=O)CSc2nnc(N)[nH]2)c(=O)n(C)c1=O,0
ZINC02685292,DUD_gpb_D_1231,O=C1NC(=O)c2cc(S(=O)(=O)NCCO)cc3cccc1c23,0
ZINC02686102,DUD_gpb_D_1232,OC[C@H]1O[C@@H](n2nnc3ccccc32)[C@@H](O)[C@H](O)[C@H]1O,0
ZINC02690607,DUD_gpb_D_1233,CC(=O)N[C@H]1[C@H](Oc2cccc([N+](=O)[O-])c2)O[C@@H](CO)[C@@H](O)[C@H]1O,0
ZINC02697717,DUD_gpb_D_1234,CC(=O)N[C@H]1[C@@H](Sc2ccccc2)O[C@H](CO)[C@@H](O)[C@@H]1O,0
ZINC02699289,DUD_gpb_D_1235,C[C@H](C(=O)Nc1ccc(S(N)(=O)=O)cc1)[C@H]1SC(=O)NC1=O,0
ZINC02699290,DUD_gpb_D_1236,C[C@H](C(=O)Nc1ccc(S(N)(=O)=O)cc1)[C@H]1SC(=O)NC1=O,0
ZINC02699291,DUD_gpb_D_1237,C[C@@H](C(=O)Nc1ccc(S(N)(=O)=O)cc1)[C@@H]1SC(=O)NC1=O,0
ZINC02699293,DUD_gpb_D_1238,C[C@@H](C(=O)Nc1ccc(S(N)(=O)=O)cc1)[C@@H]1SC(=O)NC1=O,0
ZINC02712788,DUD_gpb_D_1239,CC(CO)(CO)NC(=O)Cc1cc(=O)[nH]c(=O)[nH]1,0
ZINC02718752,DUD_gpb_D_1240,Cc1ccc(S(=O)(=O)NNc2nnc(C)c(=O)[nH]2)cc1,0
ZINC02718752,DUD_gpb_D_1241,Cc1ccc(S(=O)(=O)NNc2nnc(C)c(O)n2)cc1,0
ZINC02718752,DUD_gpb_D_1242,Cc1ccc(S(=O)(=O)NNc2nnc(C)c(O)n2)cc1,0
ZINC02731888,DUD_gpb_D_1243,Cn1cc(S(=O)(=O)N2CCC[C@@H](C(=O)NN)C2)cn1,0
ZINC02738354,DUD_gpb_D_1244,NS(=O)(=O)c1ccc(NC(=O)Cn2cnnn2)cc1,0
ZINC02741087,DUD_gpb_D_1245,Cn1nnnc1SCC(=O)Nc1ccc(S(N)(=O)=O)cc1,0
ZINC02751720,DUD_gpb_D_1246,N#CCC(=O)NCc1ccc(S(N)(=O)=O)cc1,0
ZINC02759095,DUD_gpb_D_1247,Cc1cc(NC(=O)CSc2nc(N)cc(=O)[nH]2)no1,0
ZINC02759095,DUD_gpb_D_1248,Cc1cc(NC(=O)CSc2nc(N)cc(O)n2)no1,0
ZINC02759095,DUD_gpb_D_1249,Cc1cc(NC(=O)CSc2nc(=O)cc(N)[nH]2)no1,0
ZINC02759095,DUD_gpb_D_1250,Cc1cc(NC(=O)CSc2nc(N)cc(O)n2)no1,0
ZINC02761122,DUD_gpb_D_1251,CC(=O)ONC(=[NH2+])C(=[NH2+])NOC(C)=O,0
ZINC02769116,DUD_gpb_D_1252,Cc1cc(NC(=O)CSc2nc(N)cc(N)n2)no1,0
ZINC02785074,DUD_gpb_D_1253,Cc1ncc(CSc2nc(N)cc(=O)[nH]2)c(N)n1,0
ZINC02785074,DUD_gpb_D_1254,Cc1ncc(CSc2nc(N)cc(O)n2)c(N)n1,0
ZINC02785074,DUD_gpb_D_1255,Cc1ncc(CSc2nc(N)cc(O)n2)c(N)n1,0
ZINC02788971,DUD_gpb_D_1256,NC(=O)C1CCN(C(=O)c2[nH]ncc2[N+](=O)[O-])CC1,0
ZINC02788971,DUD_gpb_D_1257,NC(=O)C1CCN(C(=O)c2n[nH]cc2[N+](=O)[O-])CC1,0
ZINC02799267,DUD_gpb_D_1258,COc1cc(/C=N/O)ccc1OCC(=O)NN,0
ZINC02799599,DUD_gpb_D_1259,COc1cc(/C=N\O)c(Br)cc1OCC(=O)NN,0
ZINC02803647,DUD_gpb_D_1260,NC(=O)COc1ccc(C(=[NH2+])NOC(=O)C2CC2)cc1,0
ZINC02812043,DUD_gpb_D_1261,COc1cccc(NC(=O)C(=O)NC(CO)(CO)CO)c1,0
ZINC02826323,DUD_gpb_D_1262,CCOC(=O)Cc1nnc(NC(=O)c2ncn[nH]2)s1,0
ZINC02833426,DUD_gpb_D_1263,COc1cc(C=C2C(=O)NC(=O)NC2=O)ccc1OCC(N)=O,0
ZINC02836866,DUD_gpb_D_1264,Cc1cc(NC(=O)CSc2nc(N)n[nH]2)no1,0
ZINC02842319,DUD_gpb_D_1265,NC(=O)[C@H]1CCCN(S(=O)(=O)c2ccc(S(N)(=O)=O)cc2)C1,0
ZINC02842320,DUD_gpb_D_1266,NC(=O)[C@H]1CCCN(S(=O)(=O)c2ccc(S(N)(=O)=O)cc2)C1,0
ZINC02842757,DUD_gpb_D_1267,CCCNS(=O)(=O)c1ccc(S(N)(=O)=O)cc1,0
ZINC02846230,DUD_gpb_D_1268,Nc1nc(SCC(=O)NC[C@H]2CCCO2)n[nH]1,0
ZINC02847079,DUD_gpb_D_1269,CCOC(=O)c1nnn(-c2nonc2N)c1CSc1nnc[nH]1,0
ZINC02869384,DUD_gpb_D_1270,CCc1c(C)nc(N)nc1[N@@]1N=C1SCC(N)=O,0
ZINC02869575,DUD_gpb_D_1271,Cc1cccc(C(=O)Nc2nnc(CC(=[NH2+])NO)s2)c1,0
ZINC02881763,DUD_gpb_D_1272,COC(=O)c1nnn(-c2nonc2N)c1CSC#N,0
ZINC02897216,DUD_gpb_D_1273,O=C([O-])c1ccc(N[C@H]2OC[C@@H](O)[C@@H](O)[C@H]2O)cc1[N+](=O)[O-],0
ZINC02904854,DUD_gpb_D_1274,Nc1nonc1C(=[NH2+])N/N=C\c1ccc(O)cc1O,0
ZINC02922855,DUD_gpb_D_1275,Cn1c(=O)[nH]c(=O)c2c1nc(SCC(=O)[O-])n2CC(N)=O,0
ZINC02951890,DUD_gpb_D_1276,Cc1ccc2nc(NCCO)c(/C=N\O)c(=O)n2c1,0
ZINC02961211,DUD_gpb_D_1277,C=C1NNC(=O)/C1=N/Nc1ccc(S(N)(=O)=O)cc1,0
ZINC02999673,DUD_gpb_D_1278,O=C(CCn1[nH]c(=O)c2ccccc2c1=O)NCCO,0
ZINC03002916,DUD_gpb_D_1279,O=c1[nH]c2ccc(S(=O)(=O)NCCO)cc2[nH]1,0
ZINC03014805,DUD_gpb_D_1280,Cc1ccc(S(=O)(=O)O[C@@H](C=O)[C@@H](O)[C@H](O)CO)cc1,0
ZINC03016755,DUD_gpb_D_1281,CCOC(=O)CONC(=[NH2+])c1nonc1N,0
ZINC03032847,DUD_gpb_D_1282,Cc1cc(NC(=O)CSc2n[nH]c(N)n2)no1,0
ZINC03032878,DUD_gpb_D_1283,[NH3+]CCNc1ccn([C@@H]2O[C@@H](CO)[C@H](O)[C@H]2O)c(=O)n1,0
ZINC03033041,DUD_gpb_D_1284,NC(=O)Cc1ccc(S(=O)(=O)N2CC(=O)NC(=O)C2)cc1,0
ZINC03061443,DUD_gpb_D_1285,NNC(=O)CNC(=O)CNS(=O)(=O)c1ccccc1,0
ZINC03061444,DUD_gpb_D_1286,C[C@H](NS(=O)(=O)c1ccc([N+](=O)[O-])cc1)C(=O)NN,0
ZINC03065885,DUD_gpb_D_1287,OC[C@@H]1O[C@@H](n2nc3ccccc3n2)[C@@H](O)[C@H](O)[C@H]1O,0
ZINC03066147,DUD_gpb_D_1288,O=S1(=O)CC[C@@H](S(=O)(=O)N(CCO)CCO)C1,0
ZINC03069013,DUD_gpb_D_1289,OC[C@H]1O[C@@H](n2cnc3c(-n4cnnc4)ncnc32)[C@H](O)[C@H]1O,0
ZINC03069031,DUD_gpb_D_1290,COC(=O)/C=C\n1c(=O)ccn([C@H]2O[C@@H](CO)[C@H](O)[C@H]2O)c1=O,0
ZINC03071668,DUD_gpb_D_1291,Cc1cn([C@@H]2C[C@@H](OCS(C)(=O)=O)[C@@H](CO)O2)c(=O)[nH]c1=O,0
ZINC03073256,DUD_gpb_D_1292,C[C@H]1O[C@@H](NNC(=O)c2cccnc2)[C@H](O)[C@@H](O)[C@@H]1O,0
ZINC03075430,DUD_gpb_D_1293,NNC(=O)C(C(=O)NN)[C@H]1CCS(=O)(=O)C1,0
ZINC03075908,DUD_gpb_D_1294,C=C(C)NNc1nnc2c(=O)[nH]c(=O)[nH]c2n1,0
ZINC03079486,DUD_gpb_D_1295,O=C(NN[C@H]1O[C@@H](CO)[C@H](O)[C@H]1O)c1ccccc1O,0
ZINC03086382,DUD_gpb_D_1296,CC(=O)Nc1ccc(S(=O)(=O)NNC(N)=O)cc1,0
ZINC03090745,DUD_gpb_D_1297,Cc1cc(Oc2nonc2N)cc(Oc2nonc2N)c1,0
ZINC03092974,DUD_gpb_D_1298,C=C(CC)NNC(=O)Nc1nonc1N,0
ZINC03094512,DUD_gpb_D_1299,Nc1nonc1OCCCOc1nonc1N,0
ZINC03096191,DUD_gpb_D_1300,Nc1nonc1OCCSc1nonc1N,0
ZINC03098614,DUD_gpb_D_1301,C=c1[nH][nH]c(=O)/c1=C\c1c(C)c(C#N)c(=O)n(C)c1O,0
ZINC03098695,DUD_gpb_D_1302,CS(=O)(=O)Nc1cc(Cl)c(O)c(NS(C)(=O)=O)c1,0
ZINC03110497,DUD_gpb_D_1303,O=C([O-])c1ccc(N[C@H]2OC[C@@H](O)[C@H](O)[C@H]2O)cc1,0
ZINC03115839,DUD_gpb_D_1304,Nc1nnn(CCOc2nonc2N)n1,0
ZINC03117163,DUD_gpb_D_1305,COc1c(C(=O)NN)nnn1-c1nonc1N,0
ZINC03121506,DUD_gpb_D_1306,Cc1cc(NNS(C)(=O)=O)nc(NNS(C)(=O)=O)n1,0
ZINC03124924,DUD_gpb_D_1307,CS(=O)(=O)Nc1ccc(O)c(NS(C)(=O)=O)c1,0
ZINC03130252,DUD_gpb_D_1308,CC(=O)ONC(=[NH2+])c1nonc1C(=[NH2+])NOC(C)=O,0
ZINC03137950,DUD_gpb_D_1309,NC(=S)N[C@@H]1O[C@@H](CO)[C@@H](O)[C@@H](O)[C@H]1O,0
ZINC03145696,DUD_gpb_D_1310,CC(=O)OC[C@H]1O[C@@H](n2cnc(C(N)=O)n2)[C@@H](O)[C@@H]1O,0
ZINC03147397,DUD_gpb_D_1311,CCCCOC(=S)N[C@@H]1O[C@H](CO)[C@H](O)[C@@H](O)[C@@H]1O,0
ZINC03147921,DUD_gpb_D_1312,O=[N+]([O-])c1ccc([O-])c(/C=N\[C@@H]2[C@@H](O)O[C@@H](CO)[C@H](O)[C@H]2O)c1,0
ZINC03148516,DUD_gpb_D_1313,CNC(=S)N(C)N[C@H]1O[C@@H](CO)[C@@H](O)[C@@H](O)[C@@H]1O,0
ZINC03148519,DUD_gpb_D_1314,O=C(NN[C@@H]1O[C@H](CO)[C@@H](O)[C@@H]1O)c1cccnc1,0
ZINC03155337,DUD_gpb_D_1315,Cc1ccc(N[C@H]2O[C@H]([C@H](O)CO)[C@@H](O)[C@@H]2O)cc1C,0
ZINC03156073,DUD_gpb_D_1316,Cc1ccc(S(=O)(=O)O[C@@H](C(N)=O)C(C)(C)CO)cc1,0
ZINC03156411,DUD_gpb_D_1317,CC(C)c1c(C#N)c(N)[nH+]c(SCC(N)=O)c1C#N,0
ZINC03156709,DUD_gpb_D_1318,OCCCNc1nc(-c2noc(NCCCO)n2)no1,0
ZINC03157501,DUD_gpb_D_1319,Cc1ccc(S(=O)(=O)Nc2nc(N)nc(N)n2)cc1,0
ZINC03158777,DUD_gpb_D_1320,OCCNc1nc2nonc2nc1NCCO,0
ZINC03158778,DUD_gpb_D_1321,OCNc1nc(NCO)n2c(NCO)nnc2n1,0
ZINC03158940,DUD_gpb_D_1322,Cc1c(C#N)c(N)[nH+]c(SCC(N)=O)c1C#N,0
ZINC03159915,DUD_gpb_D_1323,OCCNc1nc(-c2noc(NCCO)n2)no1,0
ZINC03160910,DUD_gpb_D_1324,Cc1sc(C(=O)NN)cc1CC(=O)NN,0
ZINC03161082,DUD_gpb_D_1325,CC(C)P(=O)(CC(C(=O)NN)C(=O)NN)C(C)C,0
ZINC03162859,DUD_gpb_D_1326,C=c1cc(O)[nH]c2nnc(NC(C)=O)n2[nH]1,0
ZINC03162900,DUD_gpb_D_1327,C=C(NNC(=[NH2+])N[N+](=O)[O-])c1nonc1C,0
ZINC03165289,DUD_gpb_D_1328,Cn1c(=O)[nH]c(=O)c2c1[nH]/c(=N\N)n2CC(=O)NN,0
ZINC03185436,DUD_gpb_D_1329,CC(=O)Nc1nc(NC(C)=O)nc(NC(C)=O)n1,0
ZINC03191330,DUD_gpb_D_1330,C[C@@H]1C(C#N)=C(SCC(N)=O)NC(=O)[C@@H]1C#N,0
ZINC03233341,DUD_gpb_D_1331,Cn1c(N)c(C(=O)CSc2nc(N)cc(=O)[nH]2)c(=O)n(C)c1=O,0
ZINC03233341,DUD_gpb_D_1332,Cn1c(N)c(C(=O)CSc2nc(N)cc(O)n2)c(=O)n(C)c1=O,0
ZINC03233341,DUD_gpb_D_1333,Cn1c(N)c(C(=O)CSc2nc(=O)cc(N)[nH]2)c(=O)n(C)c1=O,0
ZINC03235760,DUD_gpb_D_1334,Cn1nnnc1SCC(=O)Nc1ccc(C(N)=O)cc1,0
ZINC03273519,DUD_gpb_D_1335,CN(C)S(=O)(=O)c1ccc(C(=O)OCC(N)=O)cc1,0
ZINC03275836,DUD_gpb_D_1336,CNS(=O)(=O)c1cccc(C(=O)OCC(N)=O)c1,0
ZINC03281615,DUD_gpb_D_1337,N#CCc1c(C#N)c(N)[nH+]c(N(CCO)CCO)c1C#N,0
ZINC03281617,DUD_gpb_D_1338,N#CCc1c(C#N)c(N)[nH+]c(N2CCN(C=O)CC2)c1C#N,0
ZINC03288666,DUD_gpb_D_1339,Nc1nnc(NC(=S)N[C@@H]2CCS(=O)(=O)C2)[nH]1,0
ZINC03299639,DUD_gpb_D_1340,C[C@@]1(c2ccc(OCC(N)=O)cc2)NC(=O)NC1=O,0
ZINC03309122,DUD_gpb_D_1341,O=C(Nc1cc([N+](=O)[O-])ccc1[O-])N[C@@H]1CCS(=O)(=O)C1,0
ZINC03310466,DUD_gpb_D_1342,COc1ccc(S(=O)(=O)N[C@H](CCC(N)=O)C(=O)[O-])cc1,0
ZINC03310776,DUD_gpb_D_1343,Nc1nnc(SCC(=O)NC[C@H]2CCCO2)[nH]1,0
ZINC03320848,DUD_gpb_D_1344,CNC(=O)COC(=O)c1cccc(S(=O)(=O)NC)c1,0
ZINC03323386,DUD_gpb_D_1345,C[C@@]1(NC(=S)Nc2nc(N)n[nH]2)CCS(=O)(=O)C1,0
ZINC03325748,DUD_gpb_D_1346,NC(=O)COC(=O)c1ccc(S(=O)(=O)N2CCOCC2)cc1,0
ZINC03325751,DUD_gpb_D_1347,COC(=O)CNC(=O)CSc1nc(N)cc(=O)[nH]1,0
ZINC03325751,DUD_gpb_D_1348,COC(=O)CNC(=O)CSc1nc(N)cc(O)n1,0
ZINC03327354,DUD_gpb_D_1349,Cc1c(C(=O)NN)sc2c1C(=O)NNS2(=O)=O,0
ZINC03335453,DUD_gpb_D_1350,CNC(=O)COC(=O)c1ccc(Cl)c(S(N)(=O)=O)c1,0
ZINC03351338,DUD_gpb_D_1351,CC(C)(C)NC(=O)CSc1nc(N)cc(=O)[nH]1,0
ZINC03351338,DUD_gpb_D_1352,CC(C)(C)NC(=O)CSc1nc(=O)cc(N)[nH]1,0
ZINC03351338,DUD_gpb_D_1353,CC(C)(C)NC(=O)CSc1nc(N)cc(O)n1,0
ZINC03361123,DUD_gpb_D_1354,CCOC(=O)c1ccc(S(=O)(=O)NNC(N)=O)cc1,0
ZINC03409634,DUD_gpb_D_1355,CS(=O)(=O)c1cccc(C(=O)OCC(=O)NC(N)=O)c1,0
ZINC03409750,DUD_gpb_D_1356,C[C@@H](OC(=O)c1cccc(S(C)(=O)=O)c1)C(N)=O,0
ZINC03409817,DUD_gpb_D_1357,CS(=O)(=O)c1cccc(C(=O)OCC(N)=O)c1,0
ZINC03414991,DUD_gpb_D_1358,CC(=O)c1ccc(NC(=S)N2C[C@H](O)C[C@H]2C(N)=O)cc1,0
ZINC03414994,DUD_gpb_D_1359,CC(=O)c1ccc(NC(=S)N2C[C@@H](O)C[C@@H]2C(N)=O)cc1,0
ZINC03415000,DUD_gpb_D_1360,CC(=O)c1ccc(NC(=S)N2C[C@@H](O)C[C@@H]2C(N)=O)cc1,0
ZINC03429254,DUD_gpb_D_1361,N#CCC(=O)Nc1ccc(C(=O)OCC(N)=O)cc1,0
ZINC03449520,DUD_gpb_D_1362,COCCNC(=O)CSc1nc(N)cc(=O)[nH]1,0
ZINC03449520,DUD_gpb_D_1363,COCCNC(=O)CSc1nc(N)cc(O)n1,0
ZINC03470268,DUD_gpb_D_1364,COC(CC(=O)NNC(=[NH2+])Cn1cncn1)OC,0
ZINC03486517,DUD_gpb_D_1365,Cc1nnc(SCC(=O)Nc2ccc(C(N)=O)cc2)n1N,0
ZINC03488482,DUD_gpb_D_1366,CNS(=O)(=O)c1cccc(C(=O)OCC(=O)NC(N)=O)c1,0
ZINC03490270,DUD_gpb_D_1367,CNS(=O)(=O)c1cccc(C(=O)O[C@H](C)C(=O)NC(N)=O)c1,0
ZINC03490273,DUD_gpb_D_1368,CNS(=O)(=O)c1cccc(C(=O)O[C@H](C)C(N)=O)c1,0
ZINC03490275,DUD_gpb_D_1369,CNS(=O)(=O)c1cccc(C(=O)O[C@H](C)C(N)=O)c1,0
ZINC03498085,DUD_gpb_D_1370,CCNC(=O)COC(=O)c1ccc(Cl)c(S(N)(=O)=O)c1,0
ZINC03498135,DUD_gpb_D_1371,NC(=O)COC(=O)c1ccc(Cl)c(S(N)(=O)=O)c1,0
ZINC03503335,DUD_gpb_D_1372,C[C@@H](OC(=O)c1ccc(S(C)(=O)=O)c([N+](=O)[O-])c1)C(N)=O,0
ZINC03503337,DUD_gpb_D_1373,C[C@H](OC(=O)c1ccc(S(C)(=O)=O)c([N+](=O)[O-])c1)C(N)=O,0
ZINC03503393,DUD_gpb_D_1374,CS(=O)(=O)c1ccc(C(=O)OCC(N)=O)cc1[N+](=O)[O-],0
ZINC03511566,DUD_gpb_D_1375,C=CCNC(=O)NC(=O)CSc1nnc(N)[nH]1,0
ZINC03513018,DUD_gpb_D_1376,Nc1nnc(SCC(=O)c2ccc3c(c2)NC(=O)CO3)[nH]1,0
ZINC03513019,DUD_gpb_D_1377,CC(C)(C)NC(=O)NC(=O)CSc1nnc(N)[nH]1,0
ZINC03513023,DUD_gpb_D_1378,CC(C)NC(=O)NC(=O)CSc1nnc(N)[nH]1,0
ZINC03524592,DUD_gpb_D_1379,CNC(=O)NC(=O)CSc1nc(N)cc(N)n1,0
ZINC03524594,DUD_gpb_D_1380,CCOC(=O)NC(=O)CSc1nc(N)cc(N)n1,0
ZINC03524595,DUD_gpb_D_1381,C=CCNC(=O)NC(=O)CSc1nc(N)cc(N)n1,0
ZINC03524596,DUD_gpb_D_1382,CCNC(=O)NC(=O)CSc1nc(N)cc(N)n1,0
ZINC03524853,DUD_gpb_D_1383,Nc1cc(N)nc(SCC(=O)NC2CC2)n1,0
ZINC03524858,DUD_gpb_D_1384,CCNC(=O)CSc1nc(N)cc(N)n1,0
ZINC03524859,DUD_gpb_D_1385,C=CCNC(=O)CSc1nc(N)cc(N)n1,0
ZINC03524860,DUD_gpb_D_1386,CC(C)CNC(=O)CSc1nc(N)cc(N)n1,0
ZINC03531497,DUD_gpb_D_1387,Nc1cc(N)nc(SCC(=O)N[C@@H]2CCS(=O)(=O)C2)n1,0
ZINC03535236,DUD_gpb_D_1388,CC(C)[C@](C)(C#N)NC(=O)CSc1nnc(N)[nH]1,0
ZINC03535504,DUD_gpb_D_1389,CC(C)[C@](C)(C#N)NC(=O)CSc1nc(N)cc(N)n1,0
ZINC03543226,DUD_gpb_D_1390,Cc1[nH]c(C(=O)OCC(N)=O)c(C)c1[C@@H](C)O,0
ZINC03545890,DUD_gpb_D_1391,Cc1[nH]c(C(=O)OCC(=O)NC(N)=O)c(C)c1[C@H](C)O,0
ZINC03581079,DUD_gpb_D_1392,O=C1NCC[C@@H](O[C@H]2OC[C@H](O)[C@@H](O)[C@@H]2O)[C@H]1O,0
ZINC03581672,DUD_gpb_D_1393,CCc1cn([C@@H]2C[C@@H](O)[C@@H](CO)O2)c(N)nc1=O,0
ZINC03581820,DUD_gpb_D_1394,NC(=S)c1cn(COCCO)c2ncnc(N)c12,0
ZINC03581822,DUD_gpb_D_1395,Nc1nc2c(sc(=O)n2[C@@H](CO)OC(CO)CO)c(=O)[nH]1,0
ZINC03581822,DUD_gpb_D_1396,Nc1nc(O)c2sc(=O)n([C@@H](CO)OC(CO)CO)c2n1,0
ZINC03581822,DUD_gpb_D_1397,Nc1nc(=O)c2sc(=O)n([C@H](CO)OC(CO)CO)c2[nH]1,0
ZINC03581826,DUD_gpb_D_1398,C[C@H]1O[C@@H](n2c(=O)sc3c(=O)[nH]c(N)nc32)[C@@H](O)[C@@H]1O,0
ZINC03581826,DUD_gpb_D_1399,C[C@H]1O[C@H](n2c(=O)sc3c(=O)nc(N)[nH]c32)[C@H](O)[C@@H]1O,0
ZINC03581826,DUD_gpb_D_1400,C[C@@H]1O[C@H](n2c(=O)sc3c(O)nc(N)nc32)[C@H](O)[C@H]1O,0
ZINC03581849,DUD_gpb_D_1401,CC(=O)OCCOC[n+]1c[nH]c2c1NS(=O)(=O)N=C2N,0
ZINC03581893,DUD_gpb_D_1402,CC(=O)C1=CN([C@@H]2O[C@@H](CO)[C@@H](O)[C@H]2O)C(=O)SC1,0
ZINC03581896,DUD_gpb_D_1403,COC(=O)c1cc(=O)n([C@@H]2O[C@H](CO)[C@H](O)[C@H]2O)c(=O)s1,0
ZINC03582996,DUD_gpb_D_1404,O=c1[nH]c(=S)n([C@H]2O[C@H](CO)[C@@H](O)[C@@H]2O)cc1CCO,0
ZINC03583018,DUD_gpb_D_1405,C[C@H](O)c1cn([C@@H]2O[C@H](CO)[C@@H](O)[C@H]2O)c(=S)nc1N,0
ZINC03583023,DUD_gpb_D_1406,Nc1nc(=S)n([C@H]2O[C@H](CO)[C@H](O)[C@H]2O)cc1CO,0
ZINC03583025,DUD_gpb_D_1407,C=Cc1cn([C@H]2O[C@H](CO)[C@H](O)[C@H]2O)c(=S)nc1N,0
ZINC03583036,DUD_gpb_D_1408,Cc1cn([C@H]2O[C@@H](CO)[C@@H](O)[C@@H]2O)c(=S)nc1N,0
ZINC03583042,DUD_gpb_D_1409,Cc1cn([C@H]2C[C@H](O)[C@@H](CO)O2)c(=S)nc1N,0
ZINC03584087,DUD_gpb_D_1410,C[C@H]1O[C@H](CO)O[C@H]1n1ccc2c(=O)[nH]c(N)nc21,0
ZINC03584087,DUD_gpb_D_1411,C[C@@H]1O[C@@H](CO)O[C@H]1n1ccc2c(=O)nc(N)[nH]c21,0
ZINC03584087,DUD_gpb_D_1412,C[C@H]1O[C@H](CO)O[C@H]1n1ccc2c(O)nc(N)nc21,0
ZINC03584090,DUD_gpb_D_1413,Nc1nc2c(ccn2[C@@H]2CO[C@H](CO)O2)c(=O)[nH]1,0
ZINC03584090,DUD_gpb_D_1414,Nc1nc(=O)c2ccn([C@H]3CO[C@H](CO)O3)c2[nH]1,0
ZINC03584090,DUD_gpb_D_1415,Nc1nc(O)c2ccn([C@H]3CO[C@H](CO)O3)c2n1,0
ZINC03589677,DUD_gpb_D_1416,Nc1nc2c(ncn2[C@@H]2C=C(F)[C@@H](CO)O2)c(=O)[nH]1,0
ZINC03589996,DUD_gpb_D_1417,O=C([O-])Cc1cn([C@H]2C[C@H](O)[C@H](CO)O2)c(=O)[nH]c1=O,0
ZINC03590163,DUD_gpb_D_1418,Nc1nc2c(ncn2O[C@@H](CO)CCO)c(=O)[nH]1,0
ZINC03590174,DUD_gpb_D_1419,N#Cc1nn(COCCO)c2ncnc(N)c12,0
ZINC03590175,DUD_gpb_D_1420,NC(=O)c1nn(COCCO)c2ncnc(N)c12,0
ZINC03590177,DUD_gpb_D_1421,CC(=O)Nc1nn(COCCO)c2ncnc(N)c12,0
ZINC03590822,DUD_gpb_D_1422,NC(=S)c1ncnn1[C@@H]1O[C@@H](CO)[C@H](O)[C@@H]1O,0
ZINC03590827,DUD_gpb_D_1423,[NH2+]=C(NO)c1ncn([C@@H]2O[C@H](CO)[C@H](O)[C@H]2O)n1,0
ZINC03594365,DUD_gpb_D_1424,Nc1nnn([C@@H]2O[C@@H](CO)[C@H](O)[C@H]2O)n1,0
ZINC03594366,DUD_gpb_D_1425,Nc1nnnn1[C@H]1O[C@@H](CO)[C@@H](O)[C@H]1O,0
ZINC03595126,DUD_gpb_D_1426,N#C[C@@H]1[C@@H](CO)O[C@@H](n2cnc3c(=O)[nH]cnc32)[C@@H]1O,0
ZINC03595126,DUD_gpb_D_1427,N#C[C@H]1[C@@H](CO)O[C@@H](n2cnc3c(=O)nc[nH]c32)[C@@H]1O,0
ZINC03595126,DUD_gpb_D_1428,N#C[C@H]1[C@H](CO)O[C@H](n2cnc3c(O)ncnc32)[C@H]1O,0
ZINC03595130,DUD_gpb_D_1429,N#C[C@H]1[C@H](CO)O[C@H](n2cnc3c(N)ncnc32)[C@H]1O,0
ZINC03595405,DUD_gpb_D_1430,Nc1nc(=O)[nH]c2c1ncn2C[C@@]1(F)CC1(CO)CO,0
ZINC03595407,DUD_gpb_D_1431,Nc1nc2ncnc-2c(Cl)n1C[C@]1(F)CC1(CO)CO,0
ZINC03595409,DUD_gpb_D_1432,Nc1c2ncnc-2ncn1C[C@]1(F)CC1(CO)CO,0
ZINC03595411,DUD_gpb_D_1433,Nc1nc(=O)[nH]c2c1ncn2C[C@@]1(F)C[C@H]1CO,0
ZINC03595416,DUD_gpb_D_1434,Cc1cn([C@@H]2O[C@@H](CO)[C@@H](CO)[C@H]2F)c(=O)[nH]c1=O,0
ZINC03595418,DUD_gpb_D_1435,Nc1nc(=O)n([C@H]2O[C@@H](CO)[C@@H](CO)[C@H]2F)cc1F,0
ZINC03595419,DUD_gpb_D_1436,Nc1ccn([C@H]2O[C@H](CO)[C@H](CO)[C@@H]2F)c(=O)n1,0
ZINC03595436,DUD_gpb_D_1437,Cc1cn([C@H]2C=C[C@H](CO)[C@@H](O)C2)c(=O)nc1N,0
ZINC03595437,DUD_gpb_D_1438,Nc1nc(=O)n([C@H]2C=C[C@@H](CO)[C@@H](O)C2)cc1F,0
ZINC03595439,DUD_gpb_D_1439,Nc1ccn([C@H]2C=C[C@@H](CO)[C@@H](O)C2)c(=O)n1,0
ZINC03595445,DUD_gpb_D_1440,C[C@@]1(CO)O[C@@H](n2cc(F)c(N)nc2=O)[C@@H](O)[C@@H]1O,0
ZINC03595448,DUD_gpb_D_1441,C[C@]1(CO)O[C@H](n2cc(F)c(=O)[nH]c2=O)[C@@H](O)[C@H]1O,0
ZINC03596126,DUD_gpb_D_1442,Nc1ccn([C@@H]2C[C@@](O)(CO)CO2)c(=O)n1,0
ZINC03597562,DUD_gpb_D_1443,C=C(C)C1=C[C@H]([NH3+])[C@@H](NC=O)[C@@H]([C@H](O)[C@@H](O)CO)O1,0
ZINC03597564,DUD_gpb_D_1444,C=C(C)C1=C[C@@H](O)[C@@H](NC(C)=O)[C@H]([C@@H](O)[C@H](O)CO)O1,0
ZINC03599476,DUD_gpb_D_1445,CC(=O)O[C@@H]1C(=O)N=C(NNC(N)=O)NC1=O,0
ZINC03600174,DUD_gpb_D_1446,O=c1[nH]c(=O)n([C@@H]2C[C@H](O)[C@@H](CO)O2)cc1-c1ccno1,0
ZINC03600183,DUD_gpb_D_1447,O=c1[nH]c(=O)n([C@H]2C[C@@H](O)[C@H](CO)O2)cc1-c1ccns1,0
ZINC03600246,DUD_gpb_D_1448,Nc1nc2c(ncn2[C@@H]2C[C@H](CO)[C@@H]2CO)c(=O)[nH]1,0
ZINC03600460,DUD_gpb_D_1449,Cc1cn([C@H]2C[C@H](O[N+](=O)[O-])[C@@H](CO)O2)c(=O)[nH]c1=O,0
ZINC03600466,DUD_gpb_D_1450,Nc1ncnc2c1ncn2COC1COP(=O)([O-])OC1,0
ZINC03602024,DUD_gpb_D_1451,CN(C)C(=O)[C@H]1O[C@@H](n2cnc3c(N)ncnc32)[C@@H](O)[C@H]1O,0
ZINC03603942,DUD_gpb_D_1452,C=CC[C@]1(/C=C(\C)NNC(=[NH2+])N[N+](=O)[O-])C(=O)NC(=O)N(C)C1=O,0
ZINC03604429,DUD_gpb_D_1453,C=CCC1(/C=C(\C)NNC(=[NH2+])N[N+](=O)[O-])C(=O)NC(=O)NC1=O,0
ZINC03605693,DUD_gpb_D_1454,COCCNC(=O)CSc1nc(N)cc(N)n1,0
ZINC03605712,DUD_gpb_D_1455,CCN(C(=O)CSc1nc(N)cc(N)n1)[C@H]1CCS(=O)(=O)C1,0
ZINC03605788,DUD_gpb_D_1456,Nc1cc(N)nc(SCC(=O)N2CCCC2)n1,0
ZINC03606161,DUD_gpb_D_1457,CN1C(=O)N[C@]2(O[C@@H](CO)[C@@H](O)[C@H](O)[C@@H]2O)C1=O,0
ZINC03606260,DUD_gpb_D_1458,NC(=O)O[C@H]1[C@H](O)[C@@H](O)O[C@@H](CO)[C@@H]1O,0
ZINC03606288,DUD_gpb_D_1459,C[C@H]1O[C@@H](c2nc(C(N)=O)cs2)[C@H](O)[C@@H]1O,0
ZINC03607196,DUD_gpb_D_1460,Nc1ncnc2c1ncn2[C@H]1O[C@@H](C(=O)NCCO)[C@@H](O)[C@H]1O,0
ZINC03607198,DUD_gpb_D_1461,C=CCNC(=O)[C@H]1O[C@H](n2cnc3c(N)ncnc32)[C@H](O)[C@H]1O,0
ZINC03611815,DUD_gpb_D_1462,Nc1nc2c(ccn2[C@H]2C[C@H](CO)[C@@H](O)[C@@H]2O)c(=O)[nH]1,0
ZINC03611815,DUD_gpb_D_1463,Nc1nc(=O)c2ccn([C@H]3C[C@@H](CO)[C@H](O)[C@H]3O)c2[nH]1,0
ZINC03611815,DUD_gpb_D_1464,Nc1nc(O)c2ccn([C@H]3C[C@@H](CO)[C@H](O)[C@@H]3O)c2n1,0
ZINC03611849,DUD_gpb_D_1465,Cc1cn([C@H]2O[C@H](CO)[C@H](O)[C@@H]2F)c(=O)[nH]c1=[NH2+],0
ZINC03611851,DUD_gpb_D_1466,C#Cc1cn([C@@H]2O[C@H](CO)[C@H](O)[C@H]2F)c(=O)[nH]c1=[NH2+],0
ZINC03611854,DUD_gpb_D_1467,CCc1cn([C@H]2O[C@H](CO)[C@H](O)[C@H]2F)c(=O)[nH]c1=[NH2+],0
ZINC03611855,DUD_gpb_D_1468,C=Cc1cn([C@@H]2O[C@H](CO)[C@H](O)[C@@H]2F)c(=O)[nH]c1=[NH2+],0
ZINC03611865,DUD_gpb_D_1469,[NH2+]=c1[nH]c(=O)n([C@H]2O[C@H](CO)[C@@H](O)[C@H]2F)cc1/C=C/C(=O)[O-],0
ZINC03612439,DUD_gpb_D_1470,Nc1nc2c(ncn2C[C@@]2(CO)CC[C@@H]2CO)c(=O)[nH]1,0
ZINC03612517,DUD_gpb_D_1471,CC(C)[C@H](OC(=O)N[N+](=O)[O-])[C@@H](C)COC(=O)N[N+](=O)[O-],0
ZINC03614016,DUD_gpb_D_1472,C=C(NNC(N)=O)[C@@]1(C)C[C@@]2(CC(C)(C)OC2=O)C(=O)O1,0
ZINC03614146,DUD_gpb_D_1473,NC1=[NH+][C@@H]2[C@@H](C=C[N@H+]2C[C@H](CO)CCO)C(=O)N1,0
ZINC03615358,DUD_gpb_D_1474,Cc1nn([C@H]2O[C@H](CO)[C@@H](O)[C@@H]2O)c(=O)nc1N,0
ZINC03617887,DUD_gpb_D_1475,CC(=O)NC[C@@H]1CN(c2ccc(C(N)=O)c(F)c2)C(=O)O1,0
ZINC03619420,DUD_gpb_D_1476,COCc1c(C(=O)NN)nnn1-c1nonc1N,0
ZINC03620588,DUD_gpb_D_1477,COC(=O)c1ccc(CONC(=[NH2+])c2nonc2N)cc1,0
ZINC03621640,DUD_gpb_D_1478,OC[C@H](O)[C@H](O)[C@H](O)[C@H](O)[C@H]1[NH2+]CCS1,0
ZINC03623793,DUD_gpb_D_1479,CC(=O)Nc1nonc1NC(=O)CSc1nccc(=O)[nH]1,0
ZINC03623793,DUD_gpb_D_1480,CC(=O)Nc1nonc1NC(=O)CSc1nccc(O)n1,0
ZINC03624359,DUD_gpb_D_1481,CC(=O)Nc1nonc1NC(=O)CSc1nc[nH]n1,0
ZINC03625443,DUD_gpb_D_1482,O=c1[nH]c(/C=C/F)nc2c1ncn2[C@@H]1O[C@@H](CO)[C@@H](O)[C@@H]1O,0
ZINC03625447,DUD_gpb_D_1483,O=c1[nH]c(C#CCF)nc2c1ncn2[C@@H]1O[C@H](CO)[C@@H](O)[C@@H]1O,0
ZINC03625447,DUD_gpb_D_1484,O=c1nc(C#CCF)[nH]c2c1ncn2[C@@H]1O[C@@H](CO)[C@@H](O)[C@@H]1O,0
ZINC03625447,DUD_gpb_D_1485,OC[C@H]1O[C@H](n2cnc3c(O)nc(C#CCF)nc32)[C@H](O)[C@H]1O,0
ZINC03625448,DUD_gpb_D_1486,O=c1[nH]c(C2CC2)nc2c1ncn2[C@H]1O[C@H](CO)[C@H](O)[C@H]1O,0
ZINC03625448,DUD_gpb_D_1487,O=c1nc(C2CC2)[nH]c2c1ncn2[C@@H]1O[C@@H](CO)[C@@H](O)[C@@H]1O,0
ZINC03625448,DUD_gpb_D_1488,OC[C@H]1O[C@H](n2cnc3c(O)nc(C4CC4)nc32)[C@H](O)[C@@H]1O,0
ZINC03625478,DUD_gpb_D_1489,O=C[C@H]1NC(=O)c2ncn([C@@H]3O[C@H](CO)[C@H](O)[C@H]3O)c2N1,0
ZINC03625481,DUD_gpb_D_1490,O=C1N[C@H](CCO)Nc2c1ncn2[C@H]1O[C@H](CO)[C@H](O)[C@@H]1O,0
ZINC03625484,DUD_gpb_D_1491,C=C[C@@H]1NC(=O)c2ncn([C@H]3O[C@@H](CO)[C@@H](O)[C@H]3O)c2N1,0
ZINC03625488,DUD_gpb_D_1492,C[C@H](O)C[C@H]1NC(=O)c2ncn([C@H]3O[C@@H](CO)[C@@H](O)[C@@H]3O)c2N1,0
ZINC03625493,DUD_gpb_D_1493,CC(=O)C[C@H]1NC(=O)c2ncn([C@@H]3O[C@H](CO)[C@@H](O)[C@H]3O)c2N1,0
ZINC03626327,DUD_gpb_D_1494,CO[C@@H]1[C@H](O)[C@@H](CO)OC[C@@H]1n1cnc(C(C)=O)n1,0
ZINC03626329,DUD_gpb_D_1495,CC(=O)c1ncn([C@H]2CO[C@@H](CO)[C@H](O)[C@@H]2O)n1,0
ZINC03626630,DUD_gpb_D_1496,Nc1nc2c(ncn2C[C@H]2CO[P@](=O)([O-])CO2)c(=O)[nH]1,0
ZINC03626660,DUD_gpb_D_1497,Nc1[nH+]ccc2c1ncn2C[C@H]1CO[P@@](=O)([O-])CO1,0
ZINC03626721,DUD_gpb_D_1498,[NH2+]=c1cnn([C@H]2O[C@H](CO)[C@H](O)[C@H]2O)c(=S)[nH]1,0
ZINC03626986,DUD_gpb_D_1499,CC(=O)NCC(=O)Nc1ccc(S(N)(=O)=O)cc1,0
ZINC03627026,DUD_gpb_D_1500,CC(=O)Nc1nonc1NC(=O)CSc1nncn1C,0
ZINC03627633,DUD_gpb_D_1501,C[NH+](C)Cc1c(C(=O)NN)nnn1-c1nonc1N,0
ZINC03629276,DUD_gpb_D_1502,Nc1nc2c(ncn2[C@@H]2CC(F)(F)[C@@H](CO)O2)c(=O)[nH]1,0
ZINC03633245,DUD_gpb_D_1503,CC(=O)ONc1ccc(S(=O)(=O)NCCO)cc1,0
ZINC03635318,DUD_gpb_D_1504,Cc1cnc([C@@H](O)[C@@H](O)[C@H](O)CO)cn1,0
ZINC03640942,DUD_gpb_D_1505,Nc1nc(NCCO)c2ncn(/C=C3/C[C@@H]3CO)c2n1,0
ZINC03642174,DUD_gpb_D_1506,C[C@H](Nc1ccc(S(N)(=O)=O)cc1)S(=O)(=O)[O-],0
ZINC03644264,DUD_gpb_D_1507,CC[C@]1(Cl)C(=O)NC(=O)N([C@H]2C[C@@H](O)[C@@H](CO)O2)[C@@H]1OC,0
ZINC03645390,DUD_gpb_D_1508,O=C[C@@H](O)[C@@H](O)[C@@H](CO)S[C@@H]1OC[C@@H](O)[C@H](O)[C@H]1O,0
ZINC03645553,DUD_gpb_D_1509,O=C1C=CC(=O)N1CCO[C@@H]1O[C@H](CO)[C@@H](O)[C@H](O)[C@@H]1O,0
ZINC03645555,DUD_gpb_D_1510,O=C1CCC(=O)N1CCO[C@H]1O[C@H](CO)[C@H](O)[C@@H](O)[C@@H]1O,0
ZINC03645680,DUD_gpb_D_1511,C=CC[C@H](OCC)O[C@H]1O[C@@H](CO)[C@@H](O)[C@@H](O)[C@@H]1O,0
ZINC03645806,DUD_gpb_D_1512,O[C@@H]1[C@H]2CO[C@@H]1[C@@H](O)[C@@H](O[C@H]1O[C@H]3CO[C@@H]([C@H]3O)[C@H]1O)O2,0
ZINC03646219,DUD_gpb_D_1513,C[C@@H]1C[C@@H](O)[C@H](O)[C@@H](O[C@]2(CO)O[C@@H](CO)[C@H](O)[C@H]2O)O1,0
ZINC03646320,DUD_gpb_D_1514,NNC(=O)CCS[C@H]1O[C@@H](CO)[C@H](O)[C@@H](O)[C@H]1O,0
ZINC03646662,DUD_gpb_D_1515,CO[C@@H]([C@@H](O)CC(=O)C(=O)[O-])[C@H](O)[C@H](O)CO,0
ZINC03646713,DUD_gpb_D_1516,NC(=O)c1nnn([C@@H]2C[C@@H](CO)C[C@@H]2O)c1N,0
ZINC03646715,DUD_gpb_D_1517,NC(=O)c1cn([C@@H]2C[C@@H](CO)C[C@@H]2O)nn1,0
ZINC03646852,DUD_gpb_D_1518,Nc1ncnc2c([C@@H]3O[C@@H](CCl)[C@@H](O)[C@H]3O)[nH]nc12,0
ZINC03646864,DUD_gpb_D_1519,Nc1ncnc2c1CCN2[C@H]1O[C@@H](CO)C[C@@H]1O,0
ZINC03646900,DUD_gpb_D_1520,COC(=O)/C=C/c1nn([C@H]2C[C@H](O)[C@H](CO)O2)c(=O)[nH]c1=O,0
ZINC03646903,DUD_gpb_D_1521,O=C([O-])/C=C\c1nn([C@@H]2C[C@@H](O)[C@H](CO)O2)c(=O)[nH]c1=O,0
ZINC03646905,DUD_gpb_D_1522,O=c1[nH]c(=O)n([C@@H]2C[C@H](O)[C@H](CO)O2)nc1-c1ccoc1,0
ZINC03646944,DUD_gpb_D_1523,CC#Cc1cn([C@H]2CO[C@@H](CO)[C@H](O)C2)c(=O)[nH]c1=O,0
ZINC03646945,DUD_gpb_D_1524,C#Cc1cn([C@H]2CO[C@@H](CO)[C@@H](O)C2)c(=O)[nH]c1=O,0
ZINC03646948,DUD_gpb_D_1525,C=Cc1cn([C@H]2CO[C@H](CO)[C@@H](O)C2)c(=O)[nH]c1=O,0
ZINC03646969,DUD_gpb_D_1526,CCc1cn([C@H]2O[C@H]3CO[P@](=O)([O-])O[C@@H]3[C@@H]2O)c(=O)nc1N,0
ZINC03647771,DUD_gpb_D_1527,CCCNC(=O)CN1C(=O)N[C@H]2NC(=O)N[C@H]21,0
ZINC03647966,DUD_gpb_D_1528,COc1cccc(NC(=O)c2nnn[n-]2)c1C(N)=O,0
ZINC03648517,DUD_gpb_D_1529,COc1nc(N)nc2c1ncn2/C=C1\CC1(CO)CO,0
ZINC03648520,DUD_gpb_D_1530,Nc1nc2c(ncn2/C=C2\CC2(CO)CO)c(=O)[nH]1,0
ZINC03648524,DUD_gpb_D_1531,Nc1ccn(/C=C2/CC2(CO)CO)c(=O)n1,0
ZINC03648551,DUD_gpb_D_1532,Nc1ncnc2c1ncn2/C=C1/CC1(CO)CO,0
ZINC03648719,DUD_gpb_D_1533,CO[C@@H](CO)[C@@H](O)CCn1ccc(N)nc1=O,0
ZINC03648724,DUD_gpb_D_1534,Nc1ccn(CC[C@@H](O)CCO)c(=O)n1,0
ZINC03649309,DUD_gpb_D_1535,Nc1nc2c(ncn2[C@@H]2O[C@@H](CO)[C@H](O)[C@@H]2F)c(=O)[nH]1,0
ZINC03649991,DUD_gpb_D_1536,OC[C@H]1O[C@@H](OC[C@H]2CO2)[C@H](O)[C@H](O)[C@H]1O,0
ZINC03650201,DUD_gpb_D_1537,C=CO[C@@H]1O[C@H](CO)[C@@H](O)[C@H](O)[C@@H]1O,0
ZINC03650324,DUD_gpb_D_1538,OC[C@]12OC[C@H]3O[C@](CO)(OC[C@@H](O1)[C@@H](O)[C@@H]2O)[C@@H](O)[C@H]3O,0
ZINC03650429,DUD_gpb_D_1539,N#C[C@@H](Cl)CS[C@H]1O[C@@H](CO)[C@@H](O)[C@@H](O)[C@@H]1O,0
ZINC03650515,DUD_gpb_D_1540,Nc1ncnc2c1ncn2[C@@H]1OC[C@@](O)(CO)[C@H]1O,0
ZINC03650572,DUD_gpb_D_1541,O=C(CBr)N[C@H]1[C@H](O)O[C@H](CO)[C@@H](O)[C@@H]1O,0
ZINC03650810,DUD_gpb_D_1542,Nc1ccn([C@H]2O[C@H]3CO[P@@](=O)([O-])O[C@H]2[C@H]3O)c(=O)n1,0
ZINC03651311,DUD_gpb_D_1543,Cc1cn([C@]2(C#N)O[C@H](CO)[C@@H](O)[C@@H]2O)c(=O)[nH]c1=O,0
ZINC03651488,DUD_gpb_D_1544,OC[C@@H]1O[C@@](CO)(Oc2ccc(O)cc2)[C@@H](O)[C@@H]1O,0
ZINC03651524,DUD_gpb_D_1545,Cc1ccc(S(=O)(=O)OC[C@@H]2O[C@@H](CO)[C@H](O)[C@@H]2O)cc1,0
ZINC03651920,DUD_gpb_D_1546,Nc1ccn([C@H]2O[C@@H](CO)[C@H](O)[C@H]2[NH3+])c(=O)n1,0
ZINC03651939,DUD_gpb_D_1547,COC(=O)COc1cn([C@@H]2O[C@H](CO)[C@H](O)[C@H]2O)c(=O)[nH]c1=O,0
ZINC03651947,DUD_gpb_D_1548,NC1=CCN([C@@H]2O[C@@H](CO)[C@H](O)[C@H]2O)C(=O)N1CCF,0
ZINC03652044,DUD_gpb_D_1549,Cc1ccccc1C(=O)N[C@@H](C=O)[C@H](O)[C@@H](O)[C@@H](O)CO,0
ZINC03652132,DUD_gpb_D_1550,Nc1ccn([C@H]2O[C@@H](CO)[C@@H]3O[P@](=O)(O)S[C@@H]32)c(=O)n1,0
ZINC03652297,DUD_gpb_D_1551,O=C([O-])Cc1cn([C@@H]2O[C@@H](CO)[C@@H](O)[C@@H]2O)c(=S)[nH]c1=O,0
ZINC03652751,DUD_gpb_D_1552,O=C([O-])c1cccn([C@@H]2O[C@@H](CO)[C@H](O)[C@@H]2O)c1=O,0
ZINC03653278,DUD_gpb_D_1553,Cc1c(NS(=O)(=O)c2ccc(N)cc2)noc1CO,0
ZINC03653348,DUD_gpb_D_1554,O=c1[nH]c(=O)n([C@@H]2C[C@@H](O)[C@H](CO)O2)cc1-c1nccs1,0
ZINC03653420,DUD_gpb_D_1555,NC(=O)c1cn([C@H]2O[C@H](CO)[C@H](O)[C@H]2F)c2ncnc(N)c12,0
ZINC03653614,DUD_gpb_D_1556,O=C1N=CN=c2c1n[nH]/c2=C1\O[C@@H](CO)[C@H](O)[C@H]1O,0
ZINC03653615,DUD_gpb_D_1557,O=c1ncnc2n([C@H]3O[C@H](CO)[C@@H](O)[C@@H]3O)[nH]cc1-2,0
ZINC03653618,DUD_gpb_D_1558,CC(=O)c1ncn([C@@H]2O[C@H](CO)[C@@H](O)[C@@H]2O)n1,0
ZINC03653620,DUD_gpb_D_1559,NC(=O)c1ncnc2c([C@@H]3O[C@H](CO)[C@@H](O)[C@H]3O)[nH]nc12,0
ZINC03653624,DUD_gpb_D_1560,NC(=O)c1ncnc2c1cnn2[C@H]1O[C@@H](CO)[C@@H](O)[C@H]1O,0
ZINC03653625,DUD_gpb_D_1561,NC(=O)c1ncnc2c1ccn2[C@H]1O[C@@H](CO)[C@@H](O)[C@@H]1O,0
ZINC03653630,DUD_gpb_D_1562,OC[C@@H]1O/C(=c2/[nH]nc3c2=NC=NC3=S)[C@@H](O)[C@@H]1O,0
ZINC03653632,DUD_gpb_D_1563,OC[C@H]1O[C@@H](n2[nH]cc3c(=S)ncnc2-3)[C@@H](O)[C@@H]1O,0
ZINC03654614,DUD_gpb_D_1564,OC[C@@H]1O[C@H](Oc2ccc(F)cc2)[C@@H](O)[C@@H](O)[C@@H]1O,0
ZINC03654696,DUD_gpb_D_1565,Nc1ccn([C@@H]2O[C@@H](CO)[C@H](O)[C@H]2[S-])c(=O)n1,0
ZINC03654697,DUD_gpb_D_1566,CSS[C@@H]1[C@H](O)[C@H](CO)O[C@H]1n1ccc(N)nc1=O,0
ZINC03654698,DUD_gpb_D_1567,CSS[C@@H]1[C@@H](O)[C@@H](CO)O[C@@H]1n1ccc(=O)[nH]c1=O,0
ZINC03663179,DUD_gpb_D_1568,[NH2+]=C(N/N=C\c1cc2c(cc1[N+](=O)[O-])OCO2)N[N+](=O)[O-],0
ZINC03670033,DUD_gpb_D_1569,CC(C)(C)NC(=O)ONC(=[NH2+])c1nonc1N,0
ZINC03671776,DUD_gpb_D_1570,CC(C)(C)c1c(C(=O)NN)nnn1-c1nonc1N,0
ZINC03672242,DUD_gpb_D_1571,Cc1ccc(-c2c(C(=O)NN)nnn2-c2nonc2N)cc1,0
ZINC03775763,DUD_gpb_D_1572,Nc1cc2c(ncn2[C@H]2O[C@H](CO)[C@H](O)[C@@H]2O)c(=S)[nH]1,0
ZINC03775763,DUD_gpb_D_1573,Nc1cc2c([nH+]cn2[C@H]2O[C@@H](CO)[C@@H](O)[C@@H]2O)c(=S)[nH]1,0
ZINC03775933,DUD_gpb_D_1574,Nc1nc(N)c2nnn([C@H]3C[C@@H](CO)[C@@H](O)[C@@H]3O)c2n1,0
ZINC03775933,DUD_gpb_D_1575,Nc1nc(N)c2nnn([C@@H]3C[C@@H](CO)[C@H](O)[C@@H]3O)c2[nH+]1,0
ZINC03776959,DUD_gpb_D_1576,O=[N+]([O-])c1cccc(S(=O)(=O)NC(CO)(CO)CO)c1,0
ZINC03777834,DUD_gpb_D_1577,Nc1nc2c(ncn2[C@H]2O[C@H](CO)[C@@H](O)/C2=C/F)c(=O)[nH]1,0
ZINC03777889,DUD_gpb_D_1578,Nc1[nH+]ccc2c1ncn2[C@H]1O[C@@H](CO)[C@H](O)/C1=C/F,0
ZINC03777895,DUD_gpb_D_1579,C#C[C@H]1[C@@H](O)[C@H](CO)O[C@H]1n1cnc2c(N)[nH+]ccc21,0
ZINC03778156,DUD_gpb_D_1580,COc1ccc(C(=O)N2C[C@H](O)C[C@@H]2C(N)=O)cc1OC,0
ZINC03778208,DUD_gpb_D_1581,Cc1cn([C@H]2C[C@@H](O)[C@](CO)(N=[N+]=[N-])O2)c(=O)[nH]c1=O,0
ZINC03778213,DUD_gpb_D_1582,[N-]=[N+]=N[C@@]1(CO)O[C@H](n2ccc(N)nc2=O)C[C@@H]1O,0
ZINC03778217,DUD_gpb_D_1583,[N-]=[N+]=N[C@@]1(CO)CC[C@H](n2cnc3c(N)ncnc32)O1,0
ZINC03778222,DUD_gpb_D_1584,[N-]=[N+]=N[C@]1(CO)CC[C@H](n2ccc(N)nc2=O)O1,0
ZINC03779179,DUD_gpb_D_1585,NS(=O)(=O)c1cc2cc(C(=O)N(CCO)CCO)sc2s1,0
ZINC03779715,DUD_gpb_D_1586,CC(=O)N[C@H]1c2nc(CC(=O)[O-])cn2[C@H](CO)[C@@H](O)[C@H]1O,0
ZINC03782498,DUD_gpb_D_1587,Cc1cn([C@H]2C[C@@H](CN=[N+]=[N-])[C@H](CO)O2)c(=O)[nH]c1=O,0
ZINC03782850,DUD_gpb_D_1588,CN(N=O)C(=O)N[C@@H]1OC[C@@H](O)[C@@H](O)[C@@H]1O,0
ZINC03783794,DUD_gpb_D_1589,Cc1cn([C@@H](OCCO)c2cn[nH]n2)c(=O)[nH]c1=O,0
ZINC03786416,DUD_gpb_D_1590,Nc1nc2c(ncn2COCCO)c(=O)o1,0
ZINC03786416,DUD_gpb_D_1591,Nc1nc2c([nH+]cn2COCCO)c(=O)o1,0
ZINC03787622,DUD_gpb_D_1592,Cc1cn([C@H]2C[C@H](N=[N+]=[N-])[C@H](CO)O2)c(=O)nc1N,0
ZINC03787624,DUD_gpb_D_1593,[N-]=[N+]=N[C@H]1C[C@H](n2ccc(N)nc2=O)O[C@@H]1CO,0
ZINC03788349,DUD_gpb_D_1594,C[C@H](O)C[NH2+][C@H]1CCS(=O)(=O)c2sc(S(N)(=O)=O)cc21,0
ZINC03792367,DUD_gpb_D_1595,Nc1nc2c(ncn2[C@@H]2O[C@H](CO)[C@@H](O)C2(F)F)c(=O)[nH]1,0
ZINC03792919,DUD_gpb_D_1596,Cc1ccc2[nH]c(-c3nnn[n-]3)nc2c1Cc1nnn[n-]1,0
ZINC03792929,DUD_gpb_D_1597,Cc1ccc2[nH]c(-c3nnn[n-]3)nc2c1CP(N)(N)=O,0
ZINC03794628,DUD_gpb_D_1598,NC(=O)c1nn([C@@H]2O[C@H](CO)[C@H](O)[C@H]2O)c[p@]1,0
ZINC03795350,DUD_gpb_D_1599,Nc1nc(N)c2nnn([C@@H]3C=C[C@@H](CO)C3)c2n1,0
ZINC03795350,DUD_gpb_D_1600,Nc1nc(N)c2nnn([C@H]3C=C[C@@H](CO)C3)c2[nH+]1,0
ZINC03796224,DUD_gpb_D_1601,Cc1cn([C@@H]2C[C@@H](N=[N+]=[N-])[C@@H](CO)O2)c(=O)n(N)c1=O,0
ZINC03797021,DUD_gpb_D_1602,Cc1cn([C@H]2C[C@H](N=[N+]=[N-])[C@H](CO)O2)c(=O)n(CCO)c1=O,0
ZINC03798319,DUD_gpb_D_1603,CN1Cc2cc(O)c(O)c(O)c2-c2c(cc(O)c(O)c2O)C1=O,0
ZINC03798672,DUD_gpb_D_1604,[N-]=[N+]=N[C@@H]1[C@@H](CO)O[C@H]1n1cnc2c(N)ncnc21,0
ZINC03799165,DUD_gpb_D_1605,NNc1ccn([C@@H]2O[C@@H](CO)[C@H](O)C2(F)F)c(=O)n1,0
ZINC03799187,DUD_gpb_D_1606,Cc1cn([C@@H]2O[C@@H](CO)[C@@H](O)C2(F)F)c(=O)n2nnnc12,0
ZINC03800020,DUD_gpb_D_1607,Oc1cc2c(c(O)c1O)-c1c(cc(O)c(O)c1O)COC2,0
ZINC03801053,DUD_gpb_D_1608,C[C@@H]([NH3+])C(=O)Nc1nnc(S(N)(=O)=O)s1,0
ZINC03801492,DUD_gpb_D_1609,Nc1cc[nH+]c2c1ncn2[C@@H]1C(Cl)=C(CO)[C@@H](O)[C@@H]1O,0
ZINC03801492,DUD_gpb_D_1610,Nc1cc[nH+]c2c1[nH+]cn2[C@@H]1C(Cl)=C(CO)[C@@H](O)[C@H]1O,0
ZINC03801495,DUD_gpb_D_1611,Nc1cc[nH+]c2c1ncn2[C@@H]1C(F)=C(CO)[C@H](O)[C@H]1O,0
ZINC03801495,DUD_gpb_D_1612,Nc1cc[nH+]c2c1[nH+]cn2[C@@H]1C(F)=C(CO)[C@@H](O)[C@H]1O,0
ZINC03804364,DUD_gpb_D_1613,[N-]=[N+]=N[C@@]1(CO)O[C@@H](n2cc(Cl)c(=O)[nH]c2=O)C[C@@H]1O,0
ZINC03806494,DUD_gpb_D_1614,NS(=O)(=O)c1cc2c(s1)S(=O)(=O)[C@@H](CCO)CN2,0
ZINC03806734,DUD_gpb_D_1615,NC(=O)c1ncn([C@H]2O[C@H](C[NH3+])[C@@H](O)[C@@H]2O)c1N,0
ZINC03806734,DUD_gpb_D_1616,NC(=O)c1[nH+]cn([C@@H]2O[C@H](C[NH3+])[C@@H](O)[C@@H]2O)c1N,0
ZINC03806736,DUD_gpb_D_1617,NC(=O)c1nc(S)n([C@H]2O[C@H](CO)[C@@H](O)[C@@H]2O)c1N,0
ZINC03806736,DUD_gpb_D_1618,NC(=O)c1[nH+]c(S)n([C@H]2O[C@@H](CO)[C@@H](O)[C@@H]2O)c1N,0
ZINC03807070,DUD_gpb_D_1619,C/C=C1\[C@H](O)[C@H](CO)O[C@H]1n1cnc2c(N)[nH+]ccc21,0
ZINC03808642,DUD_gpb_D_1620,CCOC(=O)/C=C1/[C@@H](O)[C@@H](CO)C[C@@H]1n1ccc(N)nc1=O,0
ZINC03812020,DUD_gpb_D_1621,O[C@@H]1C=C[C@H](O)[C@H]2[C@@H](O)[C@H](O)[C@H](O)[C@H](O)[C@H]12,0
ZINC03812255,DUD_gpb_D_1622,Nc1nc2c(ncn2C[C@@H]2CC[C@@H](O)C2)c(=O)[nH]1,0
ZINC03813318,DUD_gpb_D_1623,CSc1cc(O)cc([S@@](C)=O)c1/N=N/C(N)=O,0
ZINC03813319,DUD_gpb_D_1624,CSc1cc(O)cc(S(C)(=O)=O)c1/N=N/C(N)=O,0
ZINC03816984,DUD_gpb_D_1625,COc1ncnc2c1ncn2[C@H]1O[C@H](CO)[C@@H](O)[C@@]1(C)O,0
ZINC03816989,DUD_gpb_D_1626,CONc1ncnc2c1ncn2[C@@H]1O[C@@H](CO)[C@@H](O)[C@@]1(C)O,0
ZINC03817916,DUD_gpb_D_1627,Nc1ncnc2c1ncn2CCCCCCC(=O)NO,0
ZINC03819693,DUD_gpb_D_1628,C=C1[C@H](CO)[C@@H](O)[C@@](C)(O)[C@@H]1n1ccc2c(=O)[nH]c(N)nc21,0
ZINC03819693,DUD_gpb_D_1629,C=C1[C@H](CO)[C@H](O)[C@@](C)(O)[C@H]1n1ccc2c(O)nc(N)nc21,0
ZINC03819693,DUD_gpb_D_1630,C=C1[C@H](CO)[C@@H](O)[C@](C)(O)[C@H]1n1ccc2c(O)nc(N)nc21,0
ZINC03830541,DUD_gpb_D_1631,O=NN(CCCl)C(=O)N[C@H]1[C@@H](O)O[C@H](CO)[C@H](O)[C@@H]1O,0
ZINC03831470,DUD_gpb_D_1632,CN(N=O)C(=O)N[C@@H]1[C@H](O)O[C@H](CO)[C@H](O)[C@H]1O,0
ZINC03839685,DUD_gpb_D_1633,NC(=O)CCNC(=O)C1=C[C@H]([NH3+])[C@@H](O)[C@@H](O)C1,0
ZINC03842246,DUD_gpb_D_1634,C=C1[C@@H](CO)[C@@H](O)[C@](C)(O)[C@H]1n1cnc2c(=O)[nH]c(N)nc21,0
ZINC03842248,DUD_gpb_D_1635,C[C@@]1(O)[C@@H](O)[C@H](CO)C[C@@H]1n1cnc2c(=O)[nH]c(N)nc21,0
ZINC03842249,DUD_gpb_D_1636,Nc1nc2c(ncn2[C@@H]2O[C@@H](CO)[C@H](O)[C@]2(O)CF)c(=O)[nH]1,0
ZINC03842746,DUD_gpb_D_1637,C=C(N=[N+]=[N-])c1cn(CCC(CO)CO)c(=O)[nH]c1=O,0
ZINC03842747,DUD_gpb_D_1638,C=C(N=[N+]=[N-])c1cn(COCCO)c(=O)[nH]c1=O,0
ZINC03842748,DUD_gpb_D_1639,C=C(N=[N+]=[N-])c1cn(COC(CO)CO)c(=O)[nH]c1=O,0
ZINC03842992,DUD_gpb_D_1640,Cc1cn([C@@H]2C[C@@H](N=[N+]=[N-])[C@@H](CO[P@H](=O)O)O2)c(=O)[nH]c1=O,0
ZINC03848812,DUD_gpb_D_1641,CCN(CC)C(=O)CSc1nc2nc(N)[nH]c(=O)c2[nH]1,0
ZINC03848878,DUD_gpb_D_1642,Nc1cc(O)nc(SCC(=O)NC[C@@H]2CCCO2)n1,0
ZINC03848883,DUD_gpb_D_1643,Nc1cc(O)nc(SCC(=O)NC[C@@H]2CCCO2)n1,0
ZINC03848980,DUD_gpb_D_1644,COc1ccc(C(C)=O)cc1Cc1c(O)nc(N)[nH]c1=O,0
ZINC03849511,DUD_gpb_D_1645,C=CCN1C(=O)NC(=O)[C@@H](/C(=C\C)NNC(N)=O)C1=O,0
ZINC03850176,DUD_gpb_D_1646,Cn1c(=O)[nH]c(=O)c2c1nc(NCCCO)n2CCO,0
ZINC03850176,DUD_gpb_D_1647,Cn1c(=O)[nH]c(=O)c2c1[nH+]c(NCCCO)n2CCO,0
ZINC03850656,DUD_gpb_D_1648,C=c1[nH][nH]c(=O)/c1=C\Nc1sc(C(=O)OC)c(C)c1C(N)=O,0
ZINC03852506,DUD_gpb_D_1649,O=C1C=C[C@H]2NN=N[C@@H]2N1[C@H]1O[C@H](CO)[C@H](O)[C@H]1O,0
ZINC03852535,DUD_gpb_D_1650,O=c1ccc2n[nH]nc2n1[C@@H]1O[C@H](CO)[C@@H](O)[C@H]1O,0
ZINC03852580,DUD_gpb_D_1651,Nc1ncnc2c1ncn2CCC(=O)NCC[NH3+],0
ZINC03852652,DUD_gpb_D_1652,Nc1nn([C@@H]2O[C@@H](CO)[C@H](O)[C@H]2O)c2ncccc12,0
ZINC03852659,DUD_gpb_D_1653,Cn1nnc2c1ccc(=O)n2[C@H]1O[C@@H](CO)[C@@H](O)[C@H]1O,0
ZINC03853997,DUD_gpb_D_1654,COc1cc(/C=C2/NC(=O)NC2=O)ccc1OCC(N)=O,0
ZINC03854581,DUD_gpb_D_1655,C=c1[nH][nH]c(=O)/c1=C(/C)C/C(C)=c1\c(=C)[nH][nH]c1=O,0
ZINC03854582,DUD_gpb_D_1656,C=c1[nH][nH]c(=O)/c1=C(/C)C/C(C)=c1/c(=C)[nH][nH]c1=O,0
ZINC03854583,DUD_gpb_D_1657,C=c1[nH][nH]c(=O)/c1=C(/C)C/C(C)=c1/c(=C)[nH][nH]c1=O,0
ZINC03854584,DUD_gpb_D_1658,C=c1[nH][nH]c(=O)/c1=C(/C)C/C(C)=c1\c(=C)[nH][nH]c1=O,0
ZINC03855162,DUD_gpb_D_1659,Cn1c(=O)c2[nH]c(SCC(=O)NN)nc2n(C)c1=O,0
ZINC03855162,DUD_gpb_D_1660,Cn1c(=O)c2[nH]c(SCC(=O)NN)[nH+]c2n(C)c1=O,0
ZINC03855406,DUD_gpb_D_1661,CC(=O)NNc1nc2c(c(O)c1N)c(=O)n(C)c(=O)n2C,0
ZINC03855428,DUD_gpb_D_1662,Nc1nc(OC[C@H](O)CO)c2[nH]nnc2n1,0
ZINC03855460,DUD_gpb_D_1663,O=C1NC(=O)C(/C=N/C(CO)(CO)CO)C(=O)N1,0
ZINC03855460,DUD_gpb_D_1664,O=C1NC(=O)C(/C=[NH+]\C(CO)(CO)CO)C(=O)N1,0
ZINC03855465,DUD_gpb_D_1665,CS(=O)(=O)Nc1cc(NS(C)(=O)=O)cc(C(=O)[O-])c1,0
ZINC03856019,DUD_gpb_D_1666,Cn1c(=O)c2cc(C(=O)NN)c(N)[nH+]c2n(C)c1=O,0
ZINC03857067,DUD_gpb_D_1667,OC[C@@H](O)[C@@H](O)[C@H](O)[C@H](O)c1nc2ccccc2[nH]1,0
ZINC03857067,DUD_gpb_D_1668,OC[C@H](O)[C@H](O)[C@H](O)[C@@H](O)c1[nH]c2ccccc2[nH+]1,0
ZINC03857147,DUD_gpb_D_1669,CC(=O)N/C(CO)=C(/NNC(N)=O)c1ccc([N+](=O)[O-])cc1,0
ZINC03857917,DUD_gpb_D_1670,Cn1c(=O)[nH]c(=O)c2c1nc(NCCO)n2CCO,0
ZINC03857917,DUD_gpb_D_1671,Cn1c(=O)[nH]c(=O)c2c1[nH+]c(NCCO)n2CCO,0
ZINC03858246,DUD_gpb_D_1672,O=C(NCCO)c1nc[nH]c1C(=O)NCCO,0
ZINC03858246,DUD_gpb_D_1673,O=C(NCCO)c1[nH]c[nH+]c1C(=O)NCCO,0
ZINC03858253,DUD_gpb_D_1674,CCCCS(=O)(=O)c1ccc(S(N)(=O)=O)cn1,0
ZINC03858259,DUD_gpb_D_1675,CC1(C)OC(=O)C(/C=N/[C@H](CCC(N)=O)C(=O)[O-])C(=O)O1,0
ZINC03858259,DUD_gpb_D_1676,CC1(C)OC(=O)C(/C=[NH+]/[C@@H](CCC(N)=O)C(=O)[O-])C(=O)O1,0
ZINC03858260,DUD_gpb_D_1677,CC1(C)OC(=O)C(/C=N\[C@H](CCC(N)=O)C(=O)[O-])C(=O)O1,0
ZINC03858260,DUD_gpb_D_1678,CC1(C)OC(=O)C(/C=[NH+]\[C@H](CCC(N)=O)C(=O)[O-])C(=O)O1,0
ZINC03859392,DUD_gpb_D_1679,COCCn1c(SCC(N)=O)nc2c1c(=O)[nH]c(=O)n2C,0
ZINC03859392,DUD_gpb_D_1680,COCCn1c(SCC(N)=O)[nH+]c2c1c(=O)[nH]c(=O)n2C,0
ZINC03859394,DUD_gpb_D_1681,C/C(=C/[C@@]1(O)C(NO)=CCc2nonc21)NO,0
ZINC03859593,DUD_gpb_D_1682,CC(C)Cn1c(NNC=O)nc2c1c(=O)[nH]c(=O)n2C,0
ZINC03859593,DUD_gpb_D_1683,CC(C)Cn1c(NNC=O)[nH+]c2c1c(=O)[nH]c(=O)n2C,0
ZINC03859809,DUD_gpb_D_1684,Cn1c(=O)[nH]c(=O)c2c1nc(NCCO)n2CC(=O)[O-],0
ZINC03859809,DUD_gpb_D_1685,Cn1c(=O)[nH]c(=O)c2c1[nH+]c(NCCO)n2CC(=O)[O-],0
ZINC03861863,DUD_gpb_D_1686,O=C([O-])c1ccc(N[C@@H]2OC[C@@H](O)[C@@H](O)[C@H]2O)cc1,0
ZINC03861948,DUD_gpb_D_1687,O=[N+]([O-])c1ccc(O[C@@H]2OC[C@@H](O)[C@H](O)[C@@H]2O)cc1,0
ZINC03861950,DUD_gpb_D_1688,O=[N+]([O-])c1ccc(O[C@H]2O[C@H](CO)[C@@H](O)[C@H]2O)cc1,0
ZINC03861996,DUD_gpb_D_1689,CCOc1cc(/C=C2\NC(=O)NC2=O)ccc1OCC(N)=O,0
ZINC03861997,DUD_gpb_D_1690,CCOc1cc(/C=C2/NC(=O)NC2=O)ccc1OCC(N)=O,0
ZINC03861999,DUD_gpb_D_1691,COc1cc(/C=C2\NC(=O)NC2=O)ccc1OCC(N)=O,0
ZINC03862097,DUD_gpb_D_1692,NC(=O)c1nnn(-c2nonc2N)c1C[NH+]1CCCCC1,0
ZINC03862153,DUD_gpb_D_1693,OC[C@H]1O[C@@H](Nc2cccc[nH+]2)[C@@H](O)[C@@H](O)[C@H]1O,0
ZINC03862278,DUD_gpb_D_1694,NS(=O)(=O)c1ccc(NC(=O)COCC(=O)[O-])cc1,0
ZINC03862613,DUD_gpb_D_1695,O=C([O-])c1ccc(N[C@@H]2O[C@@H](CO)[C@H](O)[C@@H]2O)cc1,0
ZINC03863077,DUD_gpb_D_1696,O=C([O-])c1cccc(S(=O)(=O)N(CCO)CCO)c1,0
ZINC03863081,DUD_gpb_D_1697,NS(=O)(=O)c1ccc(CC[NH2+][C@@H]2CC(=O)NC2=O)cc1,0
ZINC03863082,DUD_gpb_D_1698,NS(=O)(=O)c1ccc(CC[NH2+][C@@H]2CC(=O)NC2=O)cc1,0
ZINC03863212,DUD_gpb_D_1699,N=C1O[C@@H](c2ccc([C@H]3OC(=N)[C@@H](O)C3=O)cc2)C(=O)[C@@H]1O,0
ZINC03863251,DUD_gpb_D_1700,COc1cccc(-c2nnn(Cc3nnn[n-]3)n2)c1O,0
ZINC03863586,DUD_gpb_D_1701,COc1ccc2c(c1OC)C(=O)O[C@H]2c1c(O)[nH]c(=O)[nH]c1=O,0
ZINC03863667,DUD_gpb_D_1702,CN1C(=[NH2+])N(C)C(=O)C(=Cc2ccc(O)c(O)c2O)C1=O,0
ZINC03863743,DUD_gpb_D_1703,O=C([O-])c1ccc(N[C@H]2OC[C@@H](O)[C@H](O)[C@@H]2O)cc1,0
ZINC03863744,DUD_gpb_D_1704,O=C([O-])c1ccc(N[C@@H]2OC[C@H](O)[C@H](O)[C@@H]2O)cc1,0
ZINC03863923,DUD_gpb_D_1705,COc1cc(CNc2nn[n-]n2)ccc1OCC(N)=O,0
ZINC03864917,DUD_gpb_D_1706,O=[N+]([O-])c1ccc(N/N=C/[C@H](O)[C@H](O)[C@@H](O)CO)cc1,0
ZINC03866170,DUD_gpb_D_1707,O=S1(=O)CC=C(NC(=S)N(CCO)CCO)C1,0
ZINC03866885,DUD_gpb_D_1708,C=C([NH3+])[C@H](C#N)C(=O)CSc1nc(=O)cc(N)[nH]1,0
ZINC03867111,DUD_gpb_D_1709,COC(=O)CNC(=O)CSc1nc(=O)cc(N)[nH]1,0
ZINC03867677,DUD_gpb_D_1710,COCCNC(=O)CSc1nc(=O)cc(N)[nH]1,0
ZINC03868503,DUD_gpb_D_1711,CC(=O)Nc1nonc1NC(=O)CSc1nc(=O)cc[nH]1,0
ZINC03868575,DUD_gpb_D_1712,Nc1nonc1C(=[NH2+])N/N=C/c1ccc(O)cc1,0
ZINC03868577,DUD_gpb_D_1713,COc1ccc(/C=N\NC(=[NH2+])c2nonc2N)cc1OC,0
ZINC03868578,DUD_gpb_D_1714,CCOc1cc(/C=N\NC(=[NH2+])c2nonc2N)ccc1O,0
ZINC03868621,DUD_gpb_D_1715,Cn1c(=O)n(C)c2cc(/C=N/NC(=[NH2+])c3nonc3N)ccc21,0
ZINC03868774,DUD_gpb_D_1716,CC/C=C/NNC(=O)c1nnn(-c2nonc2N)c1COC,0
ZINC03869003,DUD_gpb_D_1717,C=C1NNC(=O)/C1=N/Nc1nc[nH]c1C(N)=O,0
ZINC03869005,DUD_gpb_D_1718,CCOC(=O)c1[nH]cnc1N/N=C1\C(=O)N(C)N=C1N,0
ZINC03869005,DUD_gpb_D_1719,CCOC(=O)c1[nH]c[nH+]c1N/N=C1/C(=O)N(C)N=C1N,0
ZINC03869083,DUD_gpb_D_1720,CN1N=C(N)/C(=N\Nc2ccc(S(N)(=O)=O)cc2)C1=O,0
ZINC03869084,DUD_gpb_D_1721,CN1N=C(N)/C(=N/Nc2ccc(S(N)(=O)=O)cc2)C1=O,0
ZINC03869111,DUD_gpb_D_1722,CNC(=O)c1csc(NNCC(=O)[C@@H](O)[C@@H](O)CO)n1,0
ZINC03869205,DUD_gpb_D_1723,CC(=O)C(=O)C1=N[C@H]2C(=O)NC(N)=[NH+][C@@H]2N(O)[C@@H]1O,0
ZINC03869699,DUD_gpb_D_1724,O=S(=O)(O)N[C@H]1[C@@H](O)O[C@@H](CO)[C@H](O)[C@@H]1O,0
ZINC03869857,DUD_gpb_D_1725,Nc1nc(=O)c2c([nH]1)NCC([C@@H](O)[C@H](O)CO)=N2,0
ZINC03870190,DUD_gpb_D_1726,NC1=NC(=O)C2=C(C[NH2+][C@H]3C=C[C@H](O)[C@@H]3O)C=NC2=N1,0
ZINC03870528,DUD_gpb_D_1727,Cn1c(N)c2ncn([C@H]3O[C@H](CO)[C@@H](O)[C@H]3O)c2nc1=O,0
ZINC03871205,DUD_gpb_D_1728,OC[C@H]1O[C@H](n2cnc3c([S-])ncnc32)[C@H](O)[C@H]1O,0
ZINC03871421,DUD_gpb_D_1729,O=c1cc2oc(O)ccc-2cc1O[C@@H]1O[C@H](CO)[C@@H](O)[C@H](O)[C@@H]1O,0
ZINC03871728,DUD_gpb_D_1730,C[C@@H](O)[C@@H](O)c1cnc2[nH]c(N)nc(=O)c2n1,0
ZINC03871875,DUD_gpb_D_1731,CN1C[C@@H](O)c2cc(/N=N\C(N)=O)c(O)cc21,0
ZINC03871877,DUD_gpb_D_1732,CN1C2=CC(=O)/C(=N\C(N)=O)C=C2C[C@@H]1S(=O)(=O)[O-],0
ZINC03872996,DUD_gpb_D_1733,O=C1N[C@H]2[C@H](O)[C@H](O)[C@@H](O)[C@@H](CO)N2C1=O,0
ZINC03873266,DUD_gpb_D_1734,NC(=O)c1ncn([C@@H]2O[C@@H](CO)[C@@H](O)[C@@H]2O)c1O,0
ZINC03873266,DUD_gpb_D_1735,NC(=O)c1[nH+]cn([C@H]2O[C@H](CO)[C@@H](O)[C@@H]2O)c1O,0
ZINC03873279,DUD_gpb_D_1736,Nc1nc2ncc([C@H](O)[C@@H](O)CO)nc2c(=O)[nH]1,0
ZINC03873795,DUD_gpb_D_1737,Nc1cccc(S(=O)(=O)N(CCO)CCO)c1,0
ZINC03874610,DUD_gpb_D_1738,OC[C@@H]1O[C@@H](Sc2ccc(N(O)O)cc2)[C@@H](O)[C@H](O)[C@H]1O,0
ZINC03875018,DUD_gpb_D_1739,CN(N=O)C(=O)N[C@H](C=O)[C@H](O)[C@H](O)[C@H](O)CO,0
ZINC03875977,DUD_gpb_D_1740,Nc1nc(F)nc2c1ncn2[C@@H]1O[C@H](CO)[C@@H](O)[C@H]1O,0
ZINC03877238,DUD_gpb_D_1741,O=c1[nH]cnc2c1nc(S)n2[C@@H]1O[C@@H](CO)[C@H](O)[C@H]1O,0
ZINC03877238,DUD_gpb_D_1742,OC[C@H]1O[C@H](n2c(S)nc3c(O)ncnc32)[C@H](O)[C@@H]1O,0
ZINC03877238,DUD_gpb_D_1743,O=c1nc[nH]c2c1nc(S)n2[C@@H]1O[C@@H](CO)[C@H](O)[C@@H]1O,0
ZINC03877238,DUD_gpb_D_1744,OC[C@H]1O[C@H](n2c(S)nc3c(O)ncnc32)[C@@H](O)[C@H]1O,0
ZINC03878460,DUD_gpb_D_1745,CCOc1ccc(N[C@@H]2O[C@H](CO)[C@@H](O)[C@@H]2O)c([N+](=O)[O-])c1,0
ZINC03878827,DUD_gpb_D_1746,O=[N+]([O-])c1cc(S(=O)(=O)NCCO)ccc1NCCO,0
ZINC03880166,DUD_gpb_D_1747,Nc1nc(=O)n([C@@H]2O[C@@H](CO)[C@H](O)[C@H]2O)cc1F,0
ZINC03887981,DUD_gpb_D_1748,NC(=O)CC[C@H](NS(=O)(=O)c1ccc2c(c1)OCCO2)C(=O)[O-],0
ZINC03888663,DUD_gpb_D_1749,CCCNc1ccc(S(N)(=O)=O)cc1N,0
ZINC03888782,DUD_gpb_D_1750,Nc1ccc(S(=O)(=O)N[C@H]2CCS(=O)(=O)C2)cc1,0
ZINC03889170,DUD_gpb_D_1751,Nc1nnnn1CC(=O)N/N=C\c1ccccc1O,0
ZINC03889312,DUD_gpb_D_1752,O=c1[nH]cnc2c1cnn2[C@@H]1O[C@H](CO)[C@@H](O)[C@H]1O,0
ZINC03889328,DUD_gpb_D_1753,CC(C)c1c(C(=O)N/N=C/c2ccoc2)nnn1-c1nonc1N,0
ZINC03889588,DUD_gpb_D_1754,CC/C(C)=N/NC(=O)c1nnn(-c2nonc2N)c1C,0
ZINC03889864,DUD_gpb_D_1755,CC(=O)N[C@@H](CO)/C(=N/O)c1ccc([N+](=O)[O-])cc1,0
ZINC03889866,DUD_gpb_D_1756,CC(=O)N[C@@H](CO)/C(=N\O)c1ccc([N+](=O)[O-])cc1,0
ZINC03890013,DUD_gpb_D_1757,CC(=O)Nc1ccc(N/N=C2\C(=O)N=C(N)NC2=O)cc1,0
ZINC03890014,DUD_gpb_D_1758,CC(=O)Nc1ccc(N/N=C2\C(=O)N=C(N)NC2=O)cc1,0
ZINC03890114,DUD_gpb_D_1759,NC1=NC(=O)/C(=N/Nc2ccc3c(c2)COC3=O)C(=O)N1,0
ZINC03890115,DUD_gpb_D_1760,NC1=NC(=O)/C(=N/Nc2ccc3c(c2)COC3=O)C(=O)N1,0
ZINC03890166,DUD_gpb_D_1761,NC1=NC(=O)NC(=O)/C1=N\Nc1ccc2c(c1)COC2=O,0
ZINC03890779,DUD_gpb_D_1762,NC(=O)NC(=O)C[C@@H]1S/C(=N\NC2=CCCCC2)NC1=O,0
ZINC03890966,DUD_gpb_D_1763,Cn1c(N/N=C2\C(=O)N=C(O)N=C2O)nc2c1c(=O)[nH]c(=O)n2C,0
ZINC03891146,DUD_gpb_D_1764,[NH2+]=C(N/N=C\c1cc2c(cc1[N+](=O)[O-])OCO2)N[N+](=O)[O-],0
ZINC03891167,DUD_gpb_D_1765,CN1NC(=[NH2+])/C(=N\Nc2nc[nH]c2C(N)=O)C1=[NH2+],0
ZINC03891779,DUD_gpb_D_1766,Cc1cc(=O)c2n(CC(=O)NN)nc[n+]2[nH]1,0
ZINC03893627,DUD_gpb_D_1767,COc1ccc(/C=N\Nc2nnc3c(=O)[nH]c(=O)[nH]c3n2)cc1,0
ZINC03893897,DUD_gpb_D_1768,COc1cc(C)c(S(N)(=O)=O)c(S(N)(=O)=O)c1,0
ZINC03897450,DUD_gpb_D_1769,Cc1ccc(NC(=O)[C@@H](O)[C@H](O)[C@H](O)CO)cc1C,0
ZINC03898180,DUD_gpb_D_1770,CCSc1nc2c(=O)[nH]cnc2n1[C@@H]1O[C@@H](CO)[C@@H](O)[C@@H]1O,0
ZINC03898322,DUD_gpb_D_1771,CCCN(/N=N/c1nonc1N)c1nonc1N,0
ZINC03898625,DUD_gpb_D_1772,CCOc1ccc(N[C@H]2O[C@H](CO)[C@H](O)[C@@H](O)[C@@H]2O)c([N+](=O)[O-])c1,0
ZINC03898651,DUD_gpb_D_1773,CCOc1ccc(N[C@H]2OC[C@H](O)[C@H](O)[C@H]2O)c([N+](=O)[O-])c1,0
ZINC03901901,DUD_gpb_D_1774,Nc1nc2c([nH]c(=O)n2[C@@H]2O[C@H](CO)[C@H](O)[C@H]2O)c(=O)[nH]1,0
ZINC03901901,DUD_gpb_D_1775,Nc1nc(=O)c2[nH]c(=O)n([C@H]3O[C@@H](CO)[C@H](O)[C@H]3O)c2[nH]1,0
ZINC03901901,DUD_gpb_D_1776,Nc1nc(O)c2[nH]c(=O)n([C@H]3O[C@@H](CO)[C@@H](O)[C@@H]3O)c2n1,0
ZINC03901915,DUD_gpb_D_1777,COc1cc(/C=N\Nc2nncc(=O)[nH]2)ccc1O,0
ZINC03901915,DUD_gpb_D_1778,COc1cc(/C=N\Nc2nc(=O)cn[nH]2)ccc1O,0
ZINC03901915,DUD_gpb_D_1779,COc1cc(/C=N\Nc2nc(=O)cn[nH]2)ccc1O,0
ZINC03901915,DUD_gpb_D_1780,COc1cc(/C=N\Nc2nncc(O)n2)ccc1O,0
ZINC03901993,DUD_gpb_D_1781,Cc1nnc(N/N=C/c2cc([N+](=O)[O-])ccc2[O-])[nH]c1=O,0
ZINC03901993,DUD_gpb_D_1782,Cc1n[nH]c(N/N=C\c2cc([N+](=O)[O-])ccc2[O-])nc1=O,0
ZINC03901993,DUD_gpb_D_1783,Cc1n[nH]c(N/N=C\c2cc([N+](=O)[O-])ccc2[O-])nc1=O,0
ZINC03901993,DUD_gpb_D_1784,Cc1nnc(N/N=C\c2cc([N+](=O)[O-])ccc2[O-])nc1O,0
ZINC03903325,DUD_gpb_D_1785,Cn1c(=O)[nH]c(=O)c2c1nc(SC[C@@H](O)CO)n2CC(N)=O,0
ZINC03903325,DUD_gpb_D_1786,Cn1c(=O)[nH]c(=O)c2c1[nH+]c(SC[C@@H](O)CO)n2CC(N)=O,0
ZINC03903326,DUD_gpb_D_1787,CC(=O)CSc1nc2c(c(=O)[nH]c(=O)n2C)n1CC(N)=O,0
ZINC03903326,DUD_gpb_D_1788,CC(=O)CSc1[nH+]c2c(c(=O)[nH]c(=O)n2C)n1CC(N)=O,0
ZINC03905024,DUD_gpb_D_1789,CC(=O)Nc1ccc(S(=O)(=O)Nc2c(C)[nH]c(=O)[nH]c2=O)cc1,0
ZINC03911215,DUD_gpb_D_1790,O=C(CCC1=Nc2ccccc2S(=O)(=O)N1)NCCO,0
ZINC03912657,DUD_gpb_D_1791,NC(=O)C1CCN(c2ncnc(N)c2[N+](=O)[O-])CC1,0
ZINC03912726,DUD_gpb_D_1792,Nc1ncnc(N[C@@H]2CCS(=O)(=O)C2)c1[N+](=O)[O-],0
ZINC03914938,DUD_gpb_D_1793,[N-]=[N+]=N[C@@]1(CO)O[C@H](n2cnc3c(N)ncnc32)C[C@@H]1O,0
ZINC03921678,DUD_gpb_D_1794,Nc1ccn([C@H]2C[C@@]3(C[NH2+]3)[C@H](CO)O2)c(=O)n1,0
ZINC03923029,DUD_gpb_D_1795,[N-]=[N+]=N[C@H]1C[C@@H](n2cnc3c(N)nc(N)nc32)O[C@H]1CO,0
ZINC03923029,DUD_gpb_D_1796,[N-]=[N+]=N[C@H]1C[C@@H](n2cnc3c(N)nc(N)[nH+]c32)O[C@H]1CO,0
ZINC03925303,DUD_gpb_D_1797,COc1nc(N)nc2c1ncn2[C@H]1C[C@@H](N=[N+]=[N-])[C@@H](CO)O1,0
ZINC03927785,DUD_gpb_D_1798,CCOC(=O)C(=O)Nc1nnc(S(N)(=O)=O)s1,0
ZINC03927787,DUD_gpb_D_1799,CCOC(=O)CCC(=O)Nc1nnc(S(N)(=O)=O)s1,0
ZINC03929749,DUD_gpb_D_1800,CCC[C@H]1[C@@H](N=[N+]=[N-])c2cc(S(N)(=O)=O)sc2S1(=O)=O,0
ZINC03930936,DUD_gpb_D_1801,Nc1ncnc2c1ncn2[C@@H]1O[C@H](CO)[C@H](O)[C@]1(O)CF,0
ZINC03931534,DUD_gpb_D_1802,CC(=O)OCC(=O)/N=c1\sc(S(N)(=O)=O)nn1C,0
ZINC03932424,DUD_gpb_D_1803,Cc1cc(C(=O)N=C(N)N)cc(S(N)(=O)=O)c1C,0
ZINC03936924,DUD_gpb_D_1804,COc1ccc(S(N)(=O)=O)cc1[C@@H](O)C[NH3+],0
ZINC03939534,DUD_gpb_D_1805,NC(=O)c1nc(F)cn([C@@H]2O[C@H](CO)[C@H](O)[C@H]2O)c1=O,0
ZINC03939535,DUD_gpb_D_1806,NC(=O)c1nc(Cl)cn([C@H]2O[C@H](CO)[C@H](O)[C@H]2O)c1=O,0
ZINC03939537,DUD_gpb_D_1807,NC(=O)c1nccn([C@@H]2CO[C@H](CO)[C@@H](O)C2)c1=O,0
ZINC03943512,DUD_gpb_D_1808,O=c1[nH]ccc2c([C@@H]3[NH2+][C@H](CO)[C@@H](O)[C@@H]3O)c[nH]c12,0
ZINC03943512,DUD_gpb_D_1809,OC[C@@H]1[NH2+][C@H](c2c[nH]c3c(O)nccc23)[C@@H](O)[C@H]1O,0
ZINC03945084,DUD_gpb_D_1810,COc1cc(/C=N\Nc2nncc(=O)[nH]2)cc(OC)c1O,0
ZINC03945084,DUD_gpb_D_1811,COc1cc(/C=N/Nc2nc(=O)cn[nH]2)cc(OC)c1O,0
ZINC03945084,DUD_gpb_D_1812,COc1cc(/C=N/Nc2nncc(O)n2)cc(OC)c1O,0
ZINC03945803,DUD_gpb_D_1813,O=C1NNC(=O)c2ncn([C@H]3O[C@H](CO)[C@@H](O)[C@H]3O)c2N1,0
ZINC03945803,DUD_gpb_D_1814,O=C1NNC(=O)c2[nH+]cn([C@H]3O[C@H](CO)[C@H](O)[C@H]3O)c2N1,0
ZINC03947557,DUD_gpb_D_1815,C[C@@H](O)[C@@H](O)[C@H](O)c1cnc2nc(N)[nH]c(=O)c2n1,0
ZINC03947557,DUD_gpb_D_1816,C[C@H](O)[C@H](O)[C@@H](O)c1cnc2nc(N)nc(O)c2n1,0
ZINC03947557,DUD_gpb_D_1817,C[C@@H](O)[C@H](O)[C@H](O)c1cnc2[nH]c(N)nc(=O)c2n1,0
ZINC03949849,DUD_gpb_D_1818,C[C@H]1O[C@H](Nc2ccc(S(N)(=O)=O)cc2)[C@@H](O)[C@@H](O)[C@@H]1O,0
ZINC03951217,DUD_gpb_D_1819,Cc1cc(S(C)(=O)=O)c(S(C)(=O)=O)cc1C(=O)N=C(N)N,0
ZINC03954369,DUD_gpb_D_1820,[N-]=[N+]=NC[C@@H]1O[C@@H](n2cnc3c(N)ncnc32)[C@H]2O[C@H]12,0
ZINC03954395,DUD_gpb_D_1821,[NH2+]=c1[nH]cnc2nn([C@@H]3O[C@@H](CO)[C@@H](O)[C@@H]3O)nc12,0
ZINC03954446,DUD_gpb_D_1822,CN1NC(=[NH2+])c2cn([C@@H]3O[C@@H](CO)[C@H](O)[C@H]3O)c3ncnc1c23,0
ZINC03960903,DUD_gpb_D_1823,O=C(N/N=C\c1ccccc1O)N[C@H]1OC[C@H](O)[C@H](O)[C@@H]1O,0
ZINC03963235,DUD_gpb_D_1824,CC(=O)NCc1cc([N+](=O)[O-])cc2c1N[C@@H](CO)C(=O)N2,0
ZINC03963237,DUD_gpb_D_1825,CNC(=O)NCc1cc([N+](=O)[O-])cc2c1NCC(=O)N2,0
ZINC03967035,DUD_gpb_D_1826,C/C(C[C@]1(O)/C(=N/O)CCc2c1no[n+]2[O-])=N/O,0
ZINC03967043,DUD_gpb_D_1827,CC1=NNC(=O)/C1=N/Nc1ccc(S(N)(=O)=O)cc1,0
ZINC03968800,DUD_gpb_D_1828,COc1cc(/C=C(/C#N)C(N)=O)ccc1OCC(N)=O,0
ZINC03968801,DUD_gpb_D_1829,COc1cc(/C=C(/C#N)C(N)=O)ccc1OCC(N)=O,0
ZINC03969391,DUD_gpb_D_1830,C/C(C[C@]1(O)/C(=N/O)CCc2nonc21)=N\O,0
ZINC03970535,DUD_gpb_D_1831,CN(C)c1ccc(/C=N/NC(=[NH2+])c2nonc2N)cc1,0
ZINC03970889,DUD_gpb_D_1832,[NH2+]=C(N/N=C/c1ccc(N2CCOCC2)cc1)N[N+](=O)[O-],0
ZINC03971062,DUD_gpb_D_1833,Cc1[nH]n(-c2ccc([N+](=O)[O-])cc2)c(=O)c1/C=N\C(CO)(CO)CO,0
ZINC03971425,DUD_gpb_D_1834,CC(=O)O/N=c1/[nH]c2nonc2[nH]/c1=N/OC(C)=O,0
ZINC03971427,DUD_gpb_D_1835,CC(=O)O/N=c1/[nH]c2nonc2[nH]/c1=N/OC(C)=O,0
ZINC03971515,DUD_gpb_D_1836,COc1ccc(/C=N\NC(=[NH2+])c2nonc2N)cc1,0
ZINC03971604,DUD_gpb_D_1837,Nc1nnnn1CC(=O)N/N=C/c1cc2c(cc1[N+](=O)[O-])OCO2,0
ZINC03971686,DUD_gpb_D_1838,COc1ccccc1/C=N\NC(=[NH2+])c1nonc1N,0
ZINC03971801,DUD_gpb_D_1839,Nc1nonc1C(=[NH2+])N/N=C\c1cccc(O)c1,0
ZINC03971825,DUD_gpb_D_1840,Nc1nonc1C(=[NH2+])N/N=C\c1ccc2c(c1)OCO2,0
ZINC03972354,DUD_gpb_D_1841,CCOC(=O)c1[nH]cnc1NN=C1C(=O)NC(=O)NC1=O,0
ZINC03972354,DUD_gpb_D_1842,CCOC(=O)c1[nH]c[nH+]c1NN=C1C(=O)NC(=O)NC1=O,0
ZINC03972354,DUD_gpb_D_1843,CCOC(=O)c1nc[nH]c1NN=C1C(=O)NC(=O)NC1=O,0
ZINC03973859,DUD_gpb_D_1844,Nc1nnnn1CC(=O)N/N=C\c1cc([N+](=O)[O-])ccc1[O-],0
ZINC03974100,DUD_gpb_D_1845,COc1cccc(/C=N/NC(=[NH2+])c2nonc2N)c1O,0
ZINC03974138,DUD_gpb_D_1846,Nc1nonc1C(=[NH2+])N/N=C\c1ccc(O)cc1O,0
ZINC03974142,DUD_gpb_D_1847,COc1cc(/C=N\NC(=[NH2+])c2nonc2N)ccc1O,0
ZINC03974355,DUD_gpb_D_1848,COc1cc(/C=N\n2nnnc2N)c([N+](=O)[O-])cc1OC,0
ZINC03974592,DUD_gpb_D_1849,Cn1nnc([C@@H](O)C/N=C/c2cc([N+](=O)[O-])ccc2[O-])n1,0
ZINC03974596,DUD_gpb_D_1850,Cn1nnc([C@H](O)C/N=C\c2cc([N+](=O)[O-])ccc2[O-])n1,0
ZINC03975057,DUD_gpb_D_1851,CN1C(=O)NC(=O)[C@@H](/C=[NH+]\[C@H]2[C@@H](O)O[C@H](CO)[C@@H](O)[C@H]2O)C1=O,0
ZINC03975057,DUD_gpb_D_1852,CN1C(=O)NC(=O)[C@H](/C=N\[C@@H]2[C@H](O)O[C@H](CO)[C@H](O)[C@H]2O)C1=O,0
ZINC03976226,DUD_gpb_D_1853,Cc1ccc2nc(NCCO)c(/C=N\O)c(=O)n2c1,0
ZINC03976813,DUD_gpb_D_1854,C/C(=C\n1nnc([N+](=O)[O-])n1)NNC(=O)Cc1nn[n-]n1,0
ZINC03976829,DUD_gpb_D_1855,C=C1NNC(=O)/C1=N\Nc1ccc(S(N)(=O)=O)cc1,0
ZINC03977050,DUD_gpb_D_1856,COc1cc(/C=N/NC(=[NH2+])c2nonc2N)cc(OC)c1O,0
ZINC03977109,DUD_gpb_D_1857,COC(=O)c1ccc(/C=N\NC(=[NH2+])c2nonc2N)cc1,0
ZINC03977496,DUD_gpb_D_1858,COc1ccc(/C=N\NC(=[NH2+])N[N+](=O)[O-])cc1O,0
ZINC03977556,DUD_gpb_D_1859,Cn1c(=O)n(C)c2cc(/C=N\NC(=[NH2+])N[N+](=O)[O-])ccc21,0
ZINC03978648,DUD_gpb_D_1860,N=C1C(=O)c2[nH]cc([C@H](O)CO)c2C(=N)[C@@H]1Cl,0
ZINC03978648,DUD_gpb_D_1861,N=C1C(=O)c2[nH]cc([C@H](O)CO)c2C(=N)[C@@H]1Cl,0
ZINC03979003,DUD_gpb_D_1862,OC[C@H](O)[C@H](O)[C@@H](O)[C@@H](O)[C@H](O)CO,0
ZINC03979372,DUD_gpb_D_1863,CC1=NN(c2ccc(C)c(S(N)(=O)=O)c2)C(=O)C(=O)C1=O,0
ZINC03983516,DUD_gpb_D_1864,NC(=O)C1CCN(C(=O)c2nccnc2C(=O)[O-])CC1,0
ZINC03983760,DUD_gpb_D_1865,CNC(=O)O/N=C(\c1nonc1N)N1CCOCC1,0
ZINC03985065,DUD_gpb_D_1866,CCOC(=O)c1ncn([C@H]2O[C@H](CO)[C@H](O)[C@@H]2O)c1N,0
ZINC03985065,DUD_gpb_D_1867,CCOC(=O)c1[nH+]cn([C@@H]2O[C@H](CO)[C@@H](O)[C@@H]2O)c1N,0
ZINC03986802,DUD_gpb_D_1868,O=c1nc2[nH]ccc2cn1[C@H]1O[C@H](CO)[C@H](O)[C@H]1O,0
ZINC03987699,DUD_gpb_D_1869,Nc1nnn(CC(=O)N/N=C/c2ccc([N+](=O)[O-])s2)n1,0
ZINC03987737,DUD_gpb_D_1870,Nc1nnn(CC(=O)N/N=C/c2ccccc2O)n1,0
ZINC03987738,DUD_gpb_D_1871,Nc1nnn(CC(=O)N/N=C/c2ccc(O)cc2O)n1,0
ZINC03992583,DUD_gpb_D_1872,CC1(C)C(=O)N=C2c3c(OCC(N)=O)cccc3C(=O)C(=O)[C@@H]21,0
ZINC03992770,DUD_gpb_D_1873,Cc1nn(C)cc1/C=N\NC(=O)Cn1nnnc1N,0
ZINC03992772,DUD_gpb_D_1874,COc1cccc(/C=N\NC(=O)Cn2nnc(N)n2)c1O,0
ZINC03992774,DUD_gpb_D_1875,Cc1nn(C)cc1/C=N\NC(=O)Cn1nnc(N)n1,0
ZINC03992790,DUD_gpb_D_1876,Nc1nnn(CC(=O)N/N=C\c2cc([N+](=O)[O-])ccc2[O-])n1,0
ZINC03992802,DUD_gpb_D_1877,COc1cc([N+](=O)[O-])cc(/C=N/NC(=O)Cn2nnnc2N)c1[O-],0
ZINC03992808,DUD_gpb_D_1878,Nc1nonc1C(=[NH2+])N/N=C\c1ccc(O)c(O)c1,0
ZINC03993019,DUD_gpb_D_1879,COc1ccc(/C=N\NC(=[NH2+])c2nonc2N)c(OC)c1,0
ZINC03993147,DUD_gpb_D_1880,O=C(C[n+]1cccc(/C=N/O)c1)Nc1c[nH]c(=O)[nH]c1=O,0
ZINC03993203,DUD_gpb_D_1881,Cc1nnsc1C(=O)N/N=C\c1ccc(O)c(O)c1O,0
ZINC03993214,DUD_gpb_D_1882,Cc1nnn(-c2nonc2N)c1C(=O)N/N=C/c1ccc([N+](=O)[O-])o1,0
ZINC03993932,DUD_gpb_D_1883,COC(CNC(=O)Nc1ccc([N+](=O)[O-])cc1O)OC,0
ZINC03997191,DUD_gpb_D_1884,NC(N)=Nc1nc2cc(S(=O)(=O)N3CCOCC3)ccc2[nH]1,0
ZINC03997191,DUD_gpb_D_1885,NC(N)=Nc1nc2ccc(S(=O)(=O)N3CCOCC3)cc2[nH]1,0
ZINC03997350,DUD_gpb_D_1886,COc1cccc(/C=N\n2nnnc2N)c1OCC(N)=O,0
ZINC04004135,DUD_gpb_D_1887,CC1(C)CC(=O)C(/C=[NH+]/[C@H](CCC(N)=O)C(=O)[O-])=C(O)C1,0
ZINC04004135,DUD_gpb_D_1888,CC1(C)CC(=O)C(/C=N/[C@@H](CCC(N)=O)C(=O)[O-])C(=O)C1,0
ZINC04004135,DUD_gpb_D_1889,CC1(C)CC(=O)C(/C=[NH+]\[C@H](CCC(N)=O)C(=O)[O-])C(=O)C1,0
ZINC04006044,DUD_gpb_D_1890,N#CC1=C(SCC(N)=O)NC(=O)[C@@H](C#N)C12CCCCC2,0
ZINC04013414,DUD_gpb_D_1891,CCP(=O)(CC(=O)NN)CC(=O)NN,0
ZINC04016889,DUD_gpb_D_1892,C/C(=N/N/C(N)=N\[N+](=O)[O-])c1nonc1C,0
ZINC04018057,DUD_gpb_D_1893,O=C(N/N=C\[C@H](O)[C@H](O)[C@@H](O)CO)c1ccccc1O,0
ZINC04023117,DUD_gpb_D_1894,Cc1ccc(N(C[C@H](O)[C@H](O)[C@@H](O)CO)N=O)cc1C,0
ZINC04023374,DUD_gpb_D_1895,[N-]=[N+]=N[C@H]1[C@H](CO)O[C@H](n2cc(F)c(=O)[nH]c2=O)[C@H]1O,0
ZINC04024171,DUD_gpb_D_1896,N#Cc1cn([C@@H]2O[C@H](CO)[C@H](O)[C@@H]2O)c(=O)nc1N,0
ZINC04043675,DUD_gpb_D_1897,O=[N+]([O-])c1ccc(NC(CO)(CO)CO)c([N+](=O)[O-])c1,0
ZINC04045805,DUD_gpb_D_1898,CCN(CC)c1ccc(/C=N\Nc2nnn[n-]2)c(O)c1,0
ZINC04046598,DUD_gpb_D_1899,O=[N+]([O-])c1cc(/C=N/Nc2nnn[n-]2)ccc1N1CCOCC1,0
ZINC04093567,DUD_gpb_D_1900,CCOC(=O)CNC(=O)CSc1nc(N)cc(N)n1,0
ZINC04094911,DUD_gpb_D_1901,Cn1c(=O)[nH]c(=O)c2c1nc(NN)n2C[C@H](O)CO,0
ZINC04094911,DUD_gpb_D_1902,Cn1c(=O)[nH]c(=O)c2c1[nH+]c(NN)n2C[C@H](O)CO,0
ZINC04095252,DUD_gpb_D_1903,C=CCNc1nc2c(c(=O)[nH]c(=O)n2C)n1C[C@H](O)CO,0
ZINC04095252,DUD_gpb_D_1904,C=CCNc1[nH+]c2c(c(=O)[nH]c(=O)n2C)n1C[C@@H](O)CO,0
ZINC04096666,DUD_gpb_D_1905,CC(=O)C(=O)C1=Nc2c(nc(N)[nH]c2=O)N(O)[C@H]1O,0
ZINC04096666,DUD_gpb_D_1906,CC(=O)C(=O)C1=Nc2c([nH]c(N)nc2=O)N(O)[C@@H]1O,0
ZINC04096666,DUD_gpb_D_1907,CC(=O)C(=O)C1=Nc2c(O)nc(N)nc2N(O)[C@H]1O,0
ZINC04097168,DUD_gpb_D_1908,C[C@H](O)[C@@H](O)[C@H]1CNc2nc[nH]c(=O)c2N1,0
ZINC04097168,DUD_gpb_D_1909,C[C@@H](O)[C@H](O)[C@H]1CNc2[nH]cnc(=O)c2N1,0
ZINC04097168,DUD_gpb_D_1910,C[C@H](O)[C@@H](O)[C@H]1CNc2ncnc(O)c2N1,0
ZINC04097533,DUD_gpb_D_1911,N#C/C(=C\CO[C@H]1O[C@@H](CO)[C@H](O)[C@H](O)[C@H]1O)CO,0
ZINC04098793,DUD_gpb_D_1912,CO[C@@H]1C(=O)C[C@](O)(CO)C/C1=N\C(CO)CO,0
ZINC04098793,DUD_gpb_D_1913,CO[C@@H]1C(=O)C[C@@](O)(CO)C/C1=[NH+]/C(CO)CO,0
ZINC04109524,DUD_gpb_D_1914,CCOc1cc(/C=N/Nc2nonc2N)ccc1O,0
ZINC04123859,DUD_gpb_D_1915,COC(=O)Nc1ccc(N/C(N)=N/[N+](=O)[O-])cc1,0
ZINC04123868,DUD_gpb_D_1916,CC(=O)Nc1cc(N/C(N)=N\[N+](=O)[O-])ccc1C,0
ZINC04123870,DUD_gpb_D_1917,COC(=O)Nc1cc(N/C(N)=N\[N+](=O)[O-])ccc1C,0
ZINC04126697,DUD_gpb_D_1918,Cn1c(=O)c2c(ncn2C[C@@H](O)CNC=O)n(C)c1=O,0
ZINC04126697,DUD_gpb_D_1919,Cn1c(=O)c2c([nH+]cn2C[C@H](O)CNC=O)n(C)c1=O,0
ZINC04133982,DUD_gpb_D_1920,Nc1nc2[nH]c(SCC(=O)N3CCOCC3)nc2c(=O)[nH]1,0
ZINC04133982,DUD_gpb_D_1921,Nc1nc2nc(SCC(=O)N3CCOCC3)[nH]c2c(=O)[nH]1,0
ZINC04141952,DUD_gpb_D_1922,COc1cc(OC)c(OC)cc1/C=N/N=C(/N)c1nonc1N,0
ZINC04147869,DUD_gpb_D_1923,CNC(=O)N(O)[C@H]1N(C)C(=O)N(CCC(=O)NN)C1(C)C,0
ZINC04147871,DUD_gpb_D_1924,CNC(=O)N([O-])[C@H]1N(C)C(=O)N(CCC(=O)NN)C1(C)C,0
ZINC04148008,DUD_gpb_D_1925,Cc1ccc(S(N)(=O)=O)c(C)c1NS(C)(=O)=O,0
ZINC04150948,DUD_gpb_D_1926,COc1cc(/C=N\Nc2nnn[n-]2)c([N+](=O)[O-])cc1OC,0
ZINC04154883,DUD_gpb_D_1927,CCOc1cc(O)ccc1/C=N/Nc1nnn[n-]1,0
ZINC04164448,DUD_gpb_D_1928,Cc1cn([C@@H]2C[C@H]([N-][N+]#N)[C@@H](CO)O2)c(=O)[nH]c1=O,0
ZINC04177171,DUD_gpb_D_1929,CC1(C)OC(=O)C(/C=N\[C@H](CCC(N)=O)C(=O)[O-])=C(O)O1,0
ZINC04179596,DUD_gpb_D_1930,Cc1ccc(S(N)(=O)=O)cc1NC(=O)CCCC(=O)[O-],0
ZINC04181151,DUD_gpb_D_1931,NNC(=O)C(CCc1nnc(N)s1)C(=O)NN,0
ZINC04181336,DUD_gpb_D_1932,CCOC(=O)O/N=C(\N)c1nonc1N,0
ZINC04182568,DUD_gpb_D_1933,CCOc1cc(/C=N/N=C(/N)c2nonc2N)ccc1O,0
ZINC04182570,DUD_gpb_D_1934,COc1cccc(/C=N\N=C(\N)c2nonc2N)c1O,0
ZINC04190772,DUD_gpb_D_1935,Nc1nonc1COCc1nonc1N,0
ZINC04195643,DUD_gpb_D_1936,COC(=O)c1nnn(-c2nonc2N)c1CSCCO,0
ZINC04206965,DUD_gpb_D_1937,Cc1oc([C@H](O)[C@H](O)[C@@H](O)CO)cc1C(=O)[O-],0
ZINC04214162,DUD_gpb_D_1938,Cc1ncc(CO[C@H](O)C(=O)[O-])c(CO)c1O,0
ZINC04214253,DUD_gpb_D_1939,CCCCC(=O)O[C@@H]1C(C=O)=C[C@@H](O)[C@@H](O)[C@H]1O,0
ZINC04216952,DUD_gpb_D_1940,N=c1cc(N2CCCCC2)nc(N)n1OS(=O)(=O)[O-],0
ZINC04217364,DUD_gpb_D_1941,CCC(=O)Nc1nnc(S(N)(=O)=O)s1,0
ZINC04217485,DUD_gpb_D_1942,NS(=O)(=O)c1ccc(NC(=O)OCCO)cc1,0
ZINC04218470,DUD_gpb_D_1943,NNC(=O)c1cc(S(=O)(=O)N2CCOCC2)c[nH]1,0
ZINC04222734,DUD_gpb_D_1944,NC(=O)CO[C@H]1CO[C@@H]2[C@@H](NC(=O)c3ccco3)CO[C@@H]12,0
ZINC04222761,DUD_gpb_D_1945,NC(=O)CO[C@@H]1CO[C@@H]2[C@@H](NS(=O)(=O)c3cccs3)CO[C@@H]12,0
ZINC04225132,DUD_gpb_D_1946,Cc1ccc(S(=O)(=O)NNc2nncc(=O)[nH]2)cc1,0
ZINC04225132,DUD_gpb_D_1947,Cc1ccc(S(=O)(=O)NNc2nc(=O)cn[nH]2)cc1,0
ZINC04225132,DUD_gpb_D_1948,Cc1ccc(S(=O)(=O)NNc2nncc(O)n2)cc1,0
ZINC04248247,DUD_gpb_D_1949,Nc1cc(=O)[nH]c(SCC(=O)N2CCOCC2)n1,0
ZINC04248247,DUD_gpb_D_1950,Nc1cc(=O)nc(SCC(=O)N2CCOCC2)[nH]1,0
ZINC04248247,DUD_gpb_D_1951,Nc1cc(O)nc(SCC(=O)N2CCOCC2)n1,0
ZINC04249547,DUD_gpb_D_1952,O=C(CSc1nc2[nH]ncc2c(=O)[nH]1)N1CCOCC1,0
ZINC04249547,DUD_gpb_D_1953,O=C(CSc1nc2n[nH]cc2c(=O)[nH]1)N1CCOCC1,0
ZINC04249547,DUD_gpb_D_1954,O=C(CSc1nc(=O)c2cn[nH]c2[nH]1)N1CCOCC1,0
ZINC04249547,DUD_gpb_D_1955,O=C(CSc1nc(O)c2cn[nH]c2n1)N1CCOCC1,0
ZINC04249663,DUD_gpb_D_1956,O=C(CSc1nc2[nH]ncc2c(=O)[nH]1)NC[C@@H]1CCCO1,0
ZINC04249663,DUD_gpb_D_1957,O=C(CSc1nc2n[nH]cc2c(=O)[nH]1)NC[C@@H]1CCCO1,0
ZINC04249663,DUD_gpb_D_1958,O=C(CSc1nc(=O)c2cn[nH]c2[nH]1)NC[C@@H]1CCCO1,0
ZINC04249663,DUD_gpb_D_1959,O=C(CSc1nc(O)c2cn[nH]c2n1)NC[C@H]1CCCO1,0
ZINC04249683,DUD_gpb_D_1960,Cc1cc(NC(=O)CSc2nc3[nH]ncc3c(=O)[nH]2)no1,0
ZINC04249683,DUD_gpb_D_1961,Cc1cc(NC(=O)CSc2nc3n[nH]cc3c(=O)[nH]2)no1,0
ZINC04249683,DUD_gpb_D_1962,Cc1cc(NC(=O)CSc2nc(=O)c3cn[nH]c3[nH]2)no1,0
ZINC04249683,DUD_gpb_D_1963,Cc1cc(NC(=O)CSc2nc(O)c3cn[nH]c3n2)no1,0
ZINC04249738,DUD_gpb_D_1964,CC(C)NC(=O)CSc1nc2[nH]ncc2c(=O)[nH]1,0
ZINC04249738,DUD_gpb_D_1965,CC(C)NC(=O)CSc1nc2n[nH]cc2c(=O)[nH]1,0
ZINC04249738,DUD_gpb_D_1966,CC(C)NC(=O)CSc1nc(=O)c2cn[nH]c2[nH]1,0
ZINC04249738,DUD_gpb_D_1967,CC(C)NC(=O)CSc1nc(O)c2cn[nH]c2n1,0
ZINC04249741,DUD_gpb_D_1968,COCCNC(=O)CSc1nc2[nH]ncc2c(=O)[nH]1,0
ZINC04249741,DUD_gpb_D_1969,COCCNC(=O)CSc1nc2n[nH]cc2c(=O)[nH]1,0
ZINC04249741,DUD_gpb_D_1970,COCCNC(=O)CSc1nc(=O)c2cn[nH]c2[nH]1,0
ZINC04249741,DUD_gpb_D_1971,COCCNC(=O)CSc1nc(O)c2cn[nH]c2n1,0
ZINC04249859,DUD_gpb_D_1972,Cc1cc(=O)[nH]c2nnc(SCC(N)=O)n12,0
ZINC04250371,DUD_gpb_D_1973,Cc1c(C)n2c(SCC(N)=O)nnc2[nH]c1=O,0
ZINC04268733,DUD_gpb_D_1974,CN(C)/N=C\c1ccc(C2(O)C(=O)NC(=O)NC2=O)o1,0
ZINC04281098,DUD_gpb_D_1975,Cc1cc(C(=O)NN)c(C)cc1C(=O)NN,0
ZINC04285384,DUD_gpb_D_1976,Cc1ccc([C@H](NN=C(N)N)[P@H](=O)O)cc1,0
ZINC04293820,DUD_gpb_D_1977,O=c1c2c(ncn1[C@H]1O[C@@H](CO)[C@@H](O)[C@@H]1O)no[n+]2[O-],0
ZINC04295833,DUD_gpb_D_1978,Cn1c(O)c(/C=N\[C@H](CC(N)=O)C(=O)[O-])c(=O)n(C)c1=O,0
ZINC04297077,DUD_gpb_D_1979,Cc1noc(C)c1S(=O)(=O)Nc1cccc(S(N)(=O)=O)c1,0
ZINC04306233,DUD_gpb_D_1980,CNc1nc(N)c([N+](=O)[O-])c(NCCO)n1,0
ZINC04306234,DUD_gpb_D_1981,Nc1nc(NCCO)nc(NCCO)c1[N+](=O)[O-],0
ZINC04306241,DUD_gpb_D_1982,Nc1nc(N2CCOCC2)nc(NCCO)c1[N+](=O)[O-],0
ZINC04306526,DUD_gpb_D_1983,N#Cc1c(NCCO)ccc([N+](=O)[O-])c1NCCO,0
ZINC04307354,DUD_gpb_D_1984,C[C@]1(c2ccc([N+](=O)[O-])cc2)NC(=O)N(CC(N)=O)C1=O,0
ZINC04317926,DUD_gpb_D_1985,C=CCOC[C@@H](O)Cn1c(N)nc2c1c(=O)[nH]c(=O)n2C,0
ZINC04323176,DUD_gpb_D_1986,Nc1nonc1C(=[NH2+])N/N=C\c1ccc2c(c1)OCO2,0
ZINC04325115,DUD_gpb_D_1987,Cc1nnsc1C(=O)Nc1cccc(S(N)(=O)=O)c1,0
ZINC04336571,DUD_gpb_D_1988,N#CC(=N)[C@@H](C#N)N[C@@H]1OC[C@H](O)[C@H](O)[C@H]1O,0
ZINC04336571,DUD_gpb_D_1989,N#CC(=N)[C@H](C#N)[NH2+][C@@H]1OC[C@@H](O)[C@@H](O)[C@@H]1O,0
ZINC04336571,DUD_gpb_D_1990,N#CC(=N)[C@@H](C#N)[NH2+][C@@H]1OC[C@@H](O)[C@@H](O)[C@H]1O,0
ZINC04336678,DUD_gpb_D_1991,CN1C[C@H]([C@@H](O)[C@@H](O)[C@@H](O)CO)OC1=C(C#N)C#N,0
ZINC04336680,DUD_gpb_D_1992,CN(C=C(C#N)C#N)C[C@H](O)[C@H](O)[C@@H](O)[C@H](O)CO,0
ZINC04338193,DUD_gpb_D_1993,Cc1cc(NC(=O)CSc2nncc(=O)n2N)no1,0
ZINC04341243,DUD_gpb_D_1994,NC(=O)c1ccccc1OCC(=O)N[C@@H]1CCS(=O)(=O)C1,0
ZINC04342509,DUD_gpb_D_1995,C/C(=N\O)c1nnn(-c2nonc2N)c1C,0
ZINC04349472,DUD_gpb_D_1996,N/C(=N/OC(=O)C1CC1)c1nonc1N,0
ZINC04353166,DUD_gpb_D_1997,O=C[C@H](O)[C@@H](O)[C@H](O)[C@@H](O)[C@H](O)[C@@H](O)CO,0
ZINC04369529,DUD_gpb_D_1998,Nc1cc(S(N)(=O)=O)ccc1N1CCOCC1,0
ZINC04387058,DUD_gpb_D_1999,Nc1nc2c(c(=O)[nH]1)[C@H](c1ccc3c(c1)OCO3)CC(=O)N2,0
ZINC04387058,DUD_gpb_D_2000,Nc1nc(=O)c2c([nH]1)NC(=O)C[C@H]2c1ccc2c(c1)OCO2,0
ZINC04387058,DUD_gpb_D_2001,Nc1nc(O)c2c(n1)NC(=O)C[C@H]2c1ccc2c(c1)OCO2,0
ZINC04387066,DUD_gpb_D_2002,COc1cc([C@@H]2CC(=O)Nc3nc(N)[nH]c(=O)c32)ccc1O,0
ZINC04387066,DUD_gpb_D_2003,COc1cc([C@H]2CC(=O)Nc3[nH]c(N)nc(=O)c32)ccc1O,0
ZINC04387066,DUD_gpb_D_2004,COc1cc([C@@H]2CC(=O)Nc3nc(N)nc(O)c32)ccc1O,0
ZINC04389412,DUD_gpb_D_2005,Cc1noc(C)c1NC(=O)Nc1cccc(S(N)(=O)=O)c1,0
ZINC04389476,DUD_gpb_D_2006,CS(=O)(=O)c1nsc(S(C)(=O)=O)c1C(N)=O,0
ZINC04390881,DUD_gpb_D_2007,COc1ccc(/C(C)=N\N)cc1Cc1c(O)nc(N)[nH]c1=O,0
ZINC04391225,DUD_gpb_D_2008,CC1(C)CC(=O)C(/C=[NH+]/C(CO)(CO)CO)=C(O)C1,0
ZINC04391225,DUD_gpb_D_2009,CC1(C)CC(=O)C(/C=N/C(CO)(CO)CO)C(=O)C1,0
ZINC04391225,DUD_gpb_D_2010,CC1(C)CC(=O)C(/C=[NH+]\C(CO)(CO)CO)C(=O)C1,0
ZINC04392635,DUD_gpb_D_2011,[N-]=[N+]=N[C@@H]1[C@@H](O)[C@H](CO)S[C@H]1n1ccc(N)nc1=O,0
ZINC04392746,DUD_gpb_D_2012,NS(=O)(=O)c1ccc(NC(=O)C[C@@H]2CCS(=O)(=O)C2)cc1,0
ZINC04402322,DUD_gpb_D_2013,CC1=NNC(=O)/C1=N/Nc1cc(C(N)=O)cc(C(N)=O)c1,0
ZINC04410545,DUD_gpb_D_2014,CC(=O)O/C=C(NO)/C(COC(C)=O)=N/O,0
ZINC04413092,DUD_gpb_D_2015,C/C(=N\N)c1nnn(-c2nonc2N)c1C,0
ZINC04419831,DUD_gpb_D_2016,CC(=O)N1[C@H](CO)CS[C@@H]1[C@@H](O)[C@@H](O)[C@H](O)[C@H](O)CO,0
ZINC04429361,DUD_gpb_D_2017,OC[C@H]1O[C@H](n2cnc3c2ncn2nnnc32)[C@H](O)[C@H]1O,0
ZINC04430255,DUD_gpb_D_2018,Cn1c(=O)c2[nH]c(N(CCO)N=O)nc2n(C)c1=O,0
ZINC04430436,DUD_gpb_D_2019,CCOC(=O)Cc1nc2c(N)nc(N)[nH]c-2nc1=O,0
ZINC04430487,DUD_gpb_D_2020,NNC(=O)c1ncn([C@H]2O[C@@H](CO)[C@@H](O)[C@@H]2O)c1N,0
ZINC04430906,DUD_gpb_D_2021,CC1(C)O[C@@H]2[C@@H](CO)O[C@H](n3nnc4c(=O)[nH]c(N)nc43)[C@@H]2O1,0
ZINC04430906,DUD_gpb_D_2022,CC1(C)O[C@H]2[C@@H](CO)O[C@H](n3nnc4c(=O)nc(N)[nH]c43)[C@@H]2O1,0
ZINC04430906,DUD_gpb_D_2023,CC1(C)O[C@@H]2[C@H](CO)O[C@@H](n3nnc4c(O)nc(N)nc43)[C@@H]2O1,0
ZINC04440651,DUD_gpb_D_2024,O=C1C(/C=[NH+]\C(CO)(CO)CO)=C(O)c2ccccc21,0
ZINC04440651,DUD_gpb_D_2025,O=C1c2ccccc2C(=O)C1/C=[NH+]/C(CO)(CO)CO,0
ZINC04457342,DUD_gpb_D_2026,NS(=O)(=O)c1ccc(NC(=S)NCCO)cc1,0
ZINC04462716,DUD_gpb_D_2027,C[C@@H](OC(=O)c1ccc2c(c1)NC(=O)CS2)C(N)=O,0
ZINC04464467,DUD_gpb_D_2028,Cc1nn(C)cc1/C=N/NC(=O)Cn1nnc(N)n1,0
ZINC04464485,DUD_gpb_D_2029,Nc1nnn(CC(=O)N/N=C/c2cc([N+](=O)[O-])ccc2[O-])n1,0
ZINC04466283,DUD_gpb_D_2030,CC/C=C\NNC(=O)c1nnn(-c2nonc2N)c1COC,0
ZINC04466803,DUD_gpb_D_2031,CC(C)(/C=N/O)N([O-])/C=C\[N+](=O)C(C)(C)/C=N\O,0
ZINC04467488,DUD_gpb_D_2032,C[C@@H]1/C(=C\NNC(N)=O)C(=N)[C@H](C#N)C1(C#N)C#N,0
ZINC04469004,DUD_gpb_D_2033,CNC(=O)c1ncn2c(N)c(C(N)=O)nnc12,0
ZINC04469553,DUD_gpb_D_2034,Cn1nnc([C@@H](O)C/N=C/c2cc([N+](=O)[O-])ccc2[O-])n1,0
ZINC04469929,DUD_gpb_D_2035,Cc1nnsc1C(=O)N/N=C\c1ccc(O)c(O)c1O,0
ZINC04469957,DUD_gpb_D_2036,Cn1c(=O)c2[nH]c(/C=N/NC(N)=S)nc2n(C)c1=O,0
ZINC04469975,DUD_gpb_D_2037,Cc1nnn(-c2nonc2N)c1C(=O)N/N=C\c1ccc([N+](=O)[O-])o1,0
ZINC04470149,DUD_gpb_D_2038,C/C=C/Cn1c(SCC(N)=O)nc2c1c(=O)[nH]c(=O)n2C,0
ZINC04470161,DUD_gpb_D_2039,CC(=O)O/N=c1/[nH]c2nonc2[nH]/c1=N/OC(C)=O,0
ZINC04470227,DUD_gpb_D_2040,Nc1nnnn1CC(=O)N/N=C\c1cc2c(cc1[N+](=O)[O-])OCO2,0
ZINC04471000,DUD_gpb_D_2041,COc1ccccc1/N=C(/NOC(C)=O)c1nonc1N,0
ZINC04475363,DUD_gpb_D_2042,C[C@H](O)[C@@H](O)[C@H]1CNc2nc(N)[nH]c(=O)c2N1,0
ZINC04475363,DUD_gpb_D_2043,C[C@@H](O)[C@@H](O)[C@@H]1CNc2[nH]c(N)nc(=O)c2N1,0
ZINC04475363,DUD_gpb_D_2044,C[C@H](O)[C@H](O)[C@H]1CNc2nc(N)nc(O)c2N1,0
ZINC04475366,DUD_gpb_D_2045,CNC(=O)c1csc(N/N=C\[C@H](O)[C@H](O)[C@@H](O)CO)n1,0
ZINC04494194,DUD_gpb_D_2046,CCN(CC)S(=O)(=O)c1ccc(=O)n(CC(=O)NC(N)=O)c1,0
ZINC04494200,DUD_gpb_D_2047,CCN(CC)S(=O)(=O)c1ccc(=O)n(CC(N)=O)c1,0
ZINC04501862,DUD_gpb_D_2048,O=c1[nH]c2ccc(S(=O)(=O)NCCCO)cc2[nH]1,0
ZINC04509264,DUD_gpb_D_2049,CNc1ccc(C(=O)O[C@H](C)C(N)=O)cc1[N+](=O)[O-],0
ZINC04510620,DUD_gpb_D_2050,COCCNS(=O)(=O)c1ccc2[nH]c(=O)[nH]c2c1,0
ZINC04511120,DUD_gpb_D_2051,CCn1c(SCC(N)=O)nnc1-c1nonc1N,0
ZINC04516971,DUD_gpb_D_2052,CC(C)(C)C(=O)NCCNC(=O)c1nonc1N,0
ZINC04516972,DUD_gpb_D_2053,CC(C)C(=O)NCCNC(=O)c1nonc1N,0
ZINC04530571,DUD_gpb_D_2054,Cc1ncc(CO)c(C=C2C(=O)NC(=O)NC2=O)c1O,0
ZINC04533229,DUD_gpb_D_2055,Cn1c(SCC(=O)NN)nc2c1c(=O)[nH]c(=O)n2C,0
ZINC04578575,DUD_gpb_D_2056,Nc1nonc1/C(=N\O)N1CC[NH+](CCO)CC1,0
ZINC04586790,DUD_gpb_D_2057,NC1=C2N=CN([C@@H]3O[C@@H](CO)[C@H](O)C3=O)[C@H]2[NH+]=CN1,0
ZINC04605507,DUD_gpb_D_2058,Cc1cn([C@H]2C/C(=N/O)[C@@H](CO)O2)c(=O)[nH]c1=O,0
ZINC04621316,DUD_gpb_D_2059,Nc1nc(N)c2ncn([C@H]3C[C@@H](CO)[C@@H](O)[C@@H]3O)c2n1,0
ZINC04621319,DUD_gpb_D_2060,Nc1cc2c(ncn2[C@@H]2O[C@H](CO)[C@H](O)[C@@H]2O)c(=S)[nH]1,0
ZINC04621320,DUD_gpb_D_2061,Nc1nc(N)c2nnn([C@@H]3C[C@@H](CO)[C@H](O)[C@@H]3O)c2n1,0
ZINC04621404,DUD_gpb_D_2062,NC(=O)c1ncn([C@@H]2O[C@H](CO)[C@H](O)[C@@H]2O)c1O,0
ZINC04623875,DUD_gpb_D_2063,C=C1NN(C)C(=O)/C1=N/Nc1nc[nH]c1C(N)=O,0
ZINC04626004,DUD_gpb_D_2064,Cc1ccc(Nc2nc(N/C=N/O)n[nH]2)cc1C,0
ZINC04626375,DUD_gpb_D_2065,C(=C\NNc1nnn[n-]1)\C/C=C\NNc1nnn[n-]1,0
ZINC04627783,DUD_gpb_D_2066,Nc1nncc2c1c(Br)cn2[C@H]1O[C@H](CO)[C@H](O)[C@H]1O,0
ZINC04627798,DUD_gpb_D_2067,CSc1ccnc2c1ncn2[C@@H]1O[C@@H](CO)[C@H](O)[C@H]1O,0
ZINC04627814,DUD_gpb_D_2068,O=C1Cc2nc(CO)c(CO)c(CO)c2CO1,0
ZINC04628066,DUD_gpb_D_2069,C[S@@](=O)C[C@@H]1O[C@@H](n2nnc3c(N)ncnc32)[C@H](O)[C@@H]1O,0
ZINC04628113,DUD_gpb_D_2070,CSc1nccc2c1nnn2[C@H]1O[C@H](CO)[C@@H](O)[C@@H]1O,0
ZINC04628170,DUD_gpb_D_2071,Cc1ncc(CO)c(CO)c1O[C@H](O)C(=O)[O-],0
ZINC04628215,DUD_gpb_D_2072,CO[C@@H]1C(=O)C[C@](O)(CO)C/C1=[NH+]/C(CO)CO,0
ZINC04628401,DUD_gpb_D_2073,Nc1nc(N)c2ncn([C@H]3CC[C@H](CO)C3)c2n1,0
ZINC04628402,DUD_gpb_D_2074,Nc1nc(N)c2nnn([C@@H]3CC[C@H](CO)C3)c2n1,0
ZINC04628404,DUD_gpb_D_2075,C[C@@H]1O[C@H](Sc2ncc[nH]2)[C@H](O)[C@@H](O)[C@@H]1O,0
ZINC04628406,DUD_gpb_D_2076,NC(=O)c1cncn1[C@@H]1OC[C@@H](O)[C@H](O)[C@@H]1O,0
ZINC04628472,DUD_gpb_D_2077,O=C1CNC(=O)c2c(ncn2[C@H]2O[C@@H](CO)C[C@@H]2O)N1,0
ZINC04628484,DUD_gpb_D_2078,Nc1nc2ncn(C[C@H](O)CO)c2c(=S)[nH]1,0
ZINC04628614,DUD_gpb_D_2079,OC[C@H]1O[C@H](Sc2ncc3cnccn23)[C@H](O)[C@@H](O)[C@H]1O,0
ZINC04632690,DUD_gpb_D_2080,Cc1cn([C@H]2C[C@@H](Sc3cn[nH]n3)[C@@H](CO)O2)c(=O)[nH]c1=O,0
ZINC04632795,DUD_gpb_D_2081,NC(=O)c1c(NC=O)ncn1[C@H]1OC[C@H](O)[C@@H](O)[C@@H]1O,0
ZINC04632862,DUD_gpb_D_2082,NC(=O)c1c([N+](=O)[O-])ncn1[C@@H]1O[C@@H](CO)[C@H](F)[C@@H]1O,0
ZINC04632863,DUD_gpb_D_2083,CC(=O)N[C@@H]1[C@H](CO)O[C@@H](n2cnc([N+](=O)[O-])c2C(N)=O)[C@H]1O,0
ZINC04632895,DUD_gpb_D_2084,Cc1cn(CC(=O)NCCc2c[nH]cn2)c(=O)[nH]c1=O,0
ZINC04632901,DUD_gpb_D_2085,CC1(C)[C@@H](CCCO)C[C@H]1n1nnc2c(N)nc(N)nc21,0
ZINC04632917,DUD_gpb_D_2086,CCCCN(C)/N=N/c1nc[nH]c1C(=O)NN,0
ZINC04632922,DUD_gpb_D_2087,O=C1C(SCCO)=C(SCCO)C(=O)c2[nH]cnc21,0
ZINC04633084,DUD_gpb_D_2088,O=c1[nH]/c(=N\O)cnn1[C@H]1O[C@H](CO)[C@@H](O)[C@@H]1O,0
ZINC04633154,DUD_gpb_D_2089,Nc1c(-c2ncc[nH]2)[nH]c[n+]1[C@H]1O[C@@H](CO)[C@@H](O)[C@@H]1O,0
ZINC04633512,DUD_gpb_D_2090,N#C/N=c1/scnn1[C@H]1O[C@@H](CO)[C@H](O)[C@@H]1O,0
ZINC04633681,DUD_gpb_D_2091,Nc1nc(N)c2ncn([C@H]3O[C@@H](CO)[C@@H]3CO)c2n1,0
ZINC04633698,DUD_gpb_D_2092,Cn1c(=O)c2c(nc(N)n2[C@H]2O[C@H](CO)[C@@H](O)[C@@H]2O)n(C)c1=O,0
ZINC04633700,DUD_gpb_D_2093,Nc1nc(N)c2ncn([C@H]3C=C[C@@H](CO)CC3)c2n1,0
ZINC04633720,DUD_gpb_D_2094,Nc1nc(N)c2nnn(C[C@H]3CC[C@@H](CO)C3)c2n1,0
ZINC04633723,DUD_gpb_D_2095,CO[C@@H]1O[C@@H](Cn2cc([N+](=O)[O-])nc2C)[C@H](O)[C@@H](O)[C@H]1O,0
ZINC04633727,DUD_gpb_D_2096,Nc1nc(N)c2ncn(C[C@H]3CC[C@H](CO)C3)c2n1,0
ZINC04633743,DUD_gpb_D_2097,O=[N+]([O-])c1ncn([C@@H]2O[C@@H](CO)[C@@H](O)[C@@H]2O)c1Br,0
ZINC04633746,DUD_gpb_D_2098,O=[N+]([O-])c1nccn1[C@@H]1O[C@@H](CO)[C@H](O)[C@H]1O,0
ZINC04633812,DUD_gpb_D_2099,CCNc1nc(=O)c2c(ncn2[C@@H]2O[C@H](CO)[C@@H](O)[C@H]2O)c(=O)[nH]1,0
ZINC04633936,DUD_gpb_D_2100,C[C@@H](O)[C@@H](O)c1cnc2nc(N)nc(N)c2n1,0
ZINC03889008,DUD_gpb_D_2101,COC(=O)c1ccc(/C=N/N/C(N)=N/[N+](=O)[O-])cc1,0
ZINC03889017,DUD_gpb_D_2102,Cc1ccsc1/C=N\N=C(\N)c1nonc1N,0
ZINC03889045,DUD_gpb_D_2103,COc1cc(C)ccc1CO/N=C(\N)c1nonc1N,0
ZINC03889047,DUD_gpb_D_2104,COc1ccc(/C=N\N/C(N)=N\[N+](=O)[O-])cc1O,0
ZINC03889058,DUD_gpb_D_2105,Cc1ccc(/C=N/N=C(\N)c2nonc2N)o1,0
ZINC03889069,DUD_gpb_D_2106,N/C(=N\OC(=O)C[NH+]1CCCCC1)c1nonc1N,0
ZINC03889135,DUD_gpb_D_2107,COc1cc(/C=N\N=C(/N)c2nonc2N)ccc1O,0
ZINC03889149,DUD_gpb_D_2108,COc1ccccc1N/C(=N/O)c1nonc1N,0
ZINC03889171,DUD_gpb_D_2109,Cc1ccc(CO/N=C(\N)c2nonc2N)c(C)c1,0
ZINC03889172,DUD_gpb_D_2110,N/C(=N\O)c1nonc1NCn1nnc2ccccc21,0
ZINC03889176,DUD_gpb_D_2111,CNC(=O)O/N=C(\Nc1ccccc1C)c1nonc1N,0
ZINC03889179,DUD_gpb_D_2112,COc1ccc(/C=N/N=C(\N)c2nonc2N)c(OC)c1,0
ZINC03889307,DUD_gpb_D_2113,N/C(=N/[N+](=O)[O-])N/N=C\c1ccc(N2CCOCC2)cc1,0
ZINC03889419,DUD_gpb_D_2114,N/C(=N\OCC(=O)N1CCOCC1)c1nonc1N,0
ZINC03889641,DUD_gpb_D_2115,Cc1cccc(C)c1NC(=O)CO/N=C(/N)c1nonc1N,0
ZINC03890001,DUD_gpb_D_2116,COc1cc(OC)c(OC)cc1/C=N\N=C(\N)c1nonc1N,0
ZINC03890311,DUD_gpb_D_2117,Cc1cc(C)n2nc(SC/C(N)=N\O)nc2n1,0
ZINC03890603,DUD_gpb_D_2118,N/C(=N/OCC(=O)N1CCCCC1)c1nonc1N,0
ZINC03890931,DUD_gpb_D_2119,CC(=O)O/N=C(/Nc1ccccc1C)c1nonc1N,0
ZINC03891061,DUD_gpb_D_2120,N/C(=N\OC(=O)c1ccc2c(c1)OCO2)c1nonc1N,0
ZINC03891516,DUD_gpb_D_2121,CN(C)c1ccc(/C=N\N=C(/N)c2nonc2N)cc1,0
ZINC03891522,DUD_gpb_D_2122,COc1ccc(/C=N\N=C(/N)c2nonc2N)cc1OC,0
ZINC03891526,DUD_gpb_D_2123,COc1cccc(/C=N\N=C(\N)c2nonc2N)c1O,0
ZINC03891783,DUD_gpb_D_2124,Cn1c(=O)n(C)c2cc(/C=N\N/C(N)=N\[N+](=O)[O-])ccc21,0
ZINC03891994,DUD_gpb_D_2125,COc1ccccc1N/C(=N/OC(C)=O)c1nonc1N,0
ZINC03912409,DUD_gpb_D_2126,Cc1ccc(N/C(=N\O)c2nonc2N)cc1,0
ZINC03963863,DUD_gpb_D_2127,COc1ccc(OC)c(/C=N/N=C(\N)c2nonc2N)c1,0
ZINC03971704,DUD_gpb_D_2128,Cc1cc2c(c(SC/C(N)=N\O)n1)C(=O)OC2,0
ZINC03997231,DUD_gpb_D_2129,COc1ccc(/C(C)=N\N=C(\N)c2nonc2N)cc1OC,0
ZINC03997240,DUD_gpb_D_2130,C/C(=N\N=C(/N)c1nonc1N)c1ccc2c(c1)OCO2,0
ZINC04402625,DUD_gpb_D_2131,N#CCC(=O)N1CCN(/C(N)=N\[N+](=O)[O-])CC1,0
ZINC04404011,DUD_gpb_D_2132,COC(=O)Nc1cc(N/C(N)=N/[N+](=O)[O-])ccc1C,0
