name,id,smiles,active
ZINC03776439,DUD_sahh_A_1,Nc1ncnc2c1ncn2[C@@H]1CC[C@@H](O)[C@H]1O,1
ZINC03778256,DUD_sahh_A_2,Nc1ncnc2c1ncn2[C@@H]1C=C[C@@H](O)[C@H]1O,1
ZINC03778257,DUD_sahh_A_3,NC1NCCC2C1N=CN2C1C=CC(O)C1O,1
ZINC03834079,DUD_sahh_A_4,NC1NCCC2C1N=CN2C1CCC(O)C1O,1
ZINC03832329,DUD_sahh_A_5,Nc1ncnc2c1ccn2[C@@H]1CC[C@@H](O)[C@H]1O,1
ZINC01483030,DUD_sahh_A_6,Nc1ncnc2c1ncn2[C@H]1C[C@@H](O)[C@H](O)[C@@H]1O,1
ZINC03600042,DUD_sahh_A_7,Nc1ncnc2c1ncn2[C@@H]1C[C@@H](O)[C@@H](O)[C@H]1O,1
ZINC03788179,DUD_sahh_A_8,Nc1ncnc2c1ncn2[C@@H]1C[C@H](O)[C@@H](O)[C@H]1O,1
ZINC03834085,DUD_sahh_A_9,CC1CC(N2C=NC3C2CCNC3N)C(O)C1O,1
ZINC03600044,DUD_sahh_A_10,CO[C@H]1C[C@@H](N2CNc3c(N)ncnc32)[C@H](O)[C@@H]1O,1
ZINC03782812,DUD_sahh_A_11,Nc1ncnc2c1ncn2[C@@H]1C=C(CF)[C@@H](O)[C@H]1O,1
ZINC03832327,DUD_sahh_A_12,Nc1ncnc2c1ncn2[C@@H]1C[C@H](CO)[C@@H](O)[C@H]1O,1
ZINC03832328,DUD_sahh_A_13,Nc1ncnc2c1ncn2[C@@H]1C=C(CO)[C@@H](O)[C@H]1O,1
ZINC03832334,DUD_sahh_A_14,Nc1ncnc2c1nnn2[C@@H]1C=C(CO)[C@@H](O)[C@H]1O,1
ZINC03834078,DUD_sahh_A_15,NC1NCCC2C1N=CN2C1C=C(CO)C(O)C1O,1
ZINC03834077,DUD_sahh_A_16,NC1NCCC2C1N=CN2C1CC(CO)C(O)C1O,1
ZINC03834082,DUD_sahh_A_17,NC1NCCC2C1N=CN2C1C=C(CCO)C(O)C1O,1
ZINC03834081,DUD_sahh_A_18,NC1NCC(F)C2C1N=CN2C1OC(CO)C(O)C1O,1
ZINC03834080,DUD_sahh_A_19,NC1NCC(Cl)C2C1N=CN2C1OC(CO)C(O)C1O,1
ZINC04628821,DUD_sahh_A_20,Nc1ncnc2c1ncn2C1OC(C=CF)C(O)C1O,1
ZINC03832338,DUD_sahh_A_21,Nc1ncnc2c1ncn2C1OC(C=CF)C(O)C1O,1
ZINC03832336,DUD_sahh_A_22,Nc1ncnc2c1ncn2C1OC(C=CF)C(O)C1O,1
ZINC03826694,DUD_sahh_A_23,Nc1ncnc2c1ncn2[C@@H]1C=C(CCO)[C@@H](O)[C@H]1O,1
ZINC03802230,DUD_sahh_A_24,C[C@@H](O)C1=C[C@@H](n2cnc3c(N)ncnc32)[C@H](O)[C@@H]1O,1
ZINC03832330,DUD_sahh_A_25,C#C[C@@H](O)C1=C[C@@H](n2cnc3c(N)ncnc32)[C@H](O)[C@@H]1O,1
ZINC03832331,DUD_sahh_A_26,C=C[C@@H](O)C1=C[C@@H](n2cnc3c(N)ncnc32)[C@H](O)[C@@H]1O,1
ZINC03832332,DUD_sahh_A_27,CC[C@@H](O)C1=C[C@@H](n2cnc3c(N)ncnc32)[C@H](O)[C@@H]1O,1
ZINC03832333,DUD_sahh_A_28,C#C[C@H](O)C1=C[C@@H](n2cnc3c(N)ncnc32)[C@H](O)[C@@H]1O,1
ZINC03832340,DUD_sahh_A_29,C=C=CSC[C@H]1O[C@@H](n2cnc3c(N)ncnc32)[C@H](O)[C@@H]1O,1
ZINC03832339,DUD_sahh_A_30,C#CCSC[C@H]1O[C@@H](n2cnc3c(N)ncnc32)[C@H](O)[C@@H]1O,1
ZINC03832341,DUD_sahh_A_31,CC#CSC[C@H]1O[C@@H](n2cnc3c(N)ncnc32)[C@H](O)[C@@H]1O,1
ZINC03834084,DUD_sahh_A_32,Nc1ccn([C@@H]2C=C(CCO)[C@@H](O)[C@H]2O)c(=O)n1,1
ZINC03834083,DUD_sahh_A_33,Cc1cn([C@@H]2C=C(CCO)[C@@H](O)[C@H]2O)c(=O)[nH]c1=O,1
ZINC00000897,DUD_sahh_D_1,O=c1[nH]cnc2c1cnn2[C@H]1O[C@@H](CO)[C@@H](O)[C@@H]1O,0
ZINC00000897,DUD_sahh_D_2,O=c1nc[nH]c2c1cnn2[C@@H]1O[C@H](CO)[C@@H](O)[C@@H]1O,0
ZINC00000897,DUD_sahh_D_3,OC[C@H]1O[C@@H](n2ncc3c(O)ncnc32)[C@H](O)[C@H]1O,0
ZINC00002092,DUD_sahh_D_4,CCn1ccc(NS(=O)(=O)c2ccc(N)cc2)nc1=O,0
ZINC00003467,DUD_sahh_D_5,COc1cccc(Sc2c(N)nc(N)[nH]c2=O)c1,0
ZINC00003467,DUD_sahh_D_6,COc1cccc(Sc2c(N)[nH]c(N)nc2=O)c1,0
ZINC00003467,DUD_sahh_D_7,COc1cccc(Sc2c(N)nc(N)nc2O)c1,0
ZINC00004050,DUD_sahh_D_8,COc1ncnc2c1ncn2[C@H]1O[C@H](CO)[C@H](O)[C@@H]1O,0
ZINC00004093,DUD_sahh_D_9,Nc1nc2c(ncn2[C@@H]2C=C[C@@H](CO)C2)c(=O)[nH]1,0
ZINC00004189,DUD_sahh_D_10,Nc1nc2c(nnn2[C@H]2C[C@H](CO)[C@@H](F)[C@H]2O)c(=O)[nH]1,0
ZINC00004189,DUD_sahh_D_11,Nc1nc(=O)c2nnn([C@H]3C[C@H](CO)[C@H](F)[C@@H]3O)c2[nH]1,0
ZINC00004189,DUD_sahh_D_12,Nc1nc(O)c2nnn([C@@H]3C[C@@H](CO)[C@@H](F)[C@H]3O)c2n1,0
ZINC00004244,DUD_sahh_D_13,Nc1nc2c(ncn2[C@@H]2C[C@@H](CO)[C@H]2O)c(=O)[nH]1,0
ZINC00004253,DUD_sahh_D_14,Nc1ccn([C@@H]2C[C@H](O)[C@H](CO)O2)c(=O)n1,0
ZINC00004373,DUD_sahh_D_15,CNc1nc2c(ncn2[C@H]2C[C@@H](O)[C@@H](CO)C2)c(=O)[nH]1,0
ZINC00004392,DUD_sahh_D_16,Nc1nc(-c2ccccc2)c([C@@H](O)CO)c2ncnn12,0
ZINC00004489,DUD_sahh_D_17,C=C1[C@H](O)[C@H](CO)O[C@H]1n1cc(F)c(N)nc1=O,0
ZINC00004565,DUD_sahh_D_18,Nc1ncnc2c1ncn2[C@H]1O[C@@H](CO)[C@@H](O)C1=C(F)F,0
ZINC00004835,DUD_sahh_D_19,CO[C@@H]1O[C@@H]2CO[C@@H](c3ccc(O)c(O)c3)O[C@H]2[C@H](O)[C@H]1O,0
ZINC00004857,DUD_sahh_D_20,Nc1nc2c(ncn2[C@H]2C[C@@H](CO)[C@H](O)[C@@H]2F)c(=O)[nH]1,0
ZINC00004914,DUD_sahh_D_21,COc1nc(N)nc2c1ncn2[C@@H]1O[C@H](CO)[C@H](O)[C@H]1F,0
ZINC00004965,DUD_sahh_D_22,Nc1ncnc2c1ncn2[C@H]1C[C@H](CO)[C@H]1CO,0
ZINC00005008,DUD_sahh_D_23,COc1ncnc2c(N[C@H]3O[C@@H](CO)[C@H](O)[C@@H]3O)ncnc12,0
ZINC00005231,DUD_sahh_D_24,CC#Cc1cn([C@@H]2O[C@@H](CO)[C@H](O)[C@H]2F)c(=O)nc1N,0
ZINC00005235,DUD_sahh_D_25,C=C1[C@H](CO)[C@H](O)C[C@@H]1n1cnc2c(=O)[nH]c(N)nc21,0
ZINC00006044,DUD_sahh_D_26,Nc1ccn([C@H]2CO[C@H](CO)[C@@H](O)C2)c(=O)n1,0
ZINC00006272,DUD_sahh_D_27,Nc1ncnc2c1ncn2[C@H]1C[C@](F)(CO)[C@H]1CO,0
ZINC00006470,DUD_sahh_D_28,C=CCn1c(=O)n([C@H]2C=C[C@@H](CO)O2)c2nc(N)[nH]c(=O)c21,0
ZINC00006470,DUD_sahh_D_29,C=CCn1c(=O)n([C@H]2C=C[C@H](CO)O2)c2[nH]c(N)nc(=O)c21,0
ZINC00006470,DUD_sahh_D_30,C=CCn1c(=O)n([C@@H]2C=C[C@@H](CO)O2)c2nc(N)nc(O)c21,0
ZINC00006628,DUD_sahh_D_31,Nc1nc2c(nc(N)n2C[C@@H]2CCCCO2)c(=O)[nH]1,0
ZINC00007572,DUD_sahh_D_32,Nc1ccn([C@H]2S[C@@H](CO)[C@@H](O)[C@H]2O)c(=O)n1,0
ZINC00007605,DUD_sahh_D_33,Nc1nc(N)c2ncn([C@H]3CO[C@@H](CO)O3)c2n1,0
ZINC00008624,DUD_sahh_D_34,Nc1nc2c(ncn2[C@H]2C=C[C@H](CO)[C@@H](O)C2)c(=O)[nH]1,0
ZINC00008686,DUD_sahh_D_35,Nc1ncnc2c1nc(Cl)n2[C@@H]1O[C@H](CO)[C@@H](O)[C@H]1O,0
ZINC00008846,DUD_sahh_D_36,C#C[C@]1(CO)O[C@H](n2cc(F)c(N)nc2=O)C[C@@H]1O,0
ZINC00009634,DUD_sahh_D_37,NC1=Nc2ccccc2Nc2nc(=O)n(CCO)cc21,0
ZINC00010553,DUD_sahh_D_38,Nc1nc(N)c2nnn([C@H]3C=C[C@H](CO)C3)c2n1,0
ZINC00010935,DUD_sahh_D_39,Cc1nc2c(ncn2[C@H]2O[C@H](CO)[C@H](O)[C@@H]2F)c(N)[n+]1[O-],0
ZINC00011837,DUD_sahh_D_40,COCc1cn([C@H]2C[C@@H](O)[C@@H](CO)O2)c(=O)nc1N,0
ZINC00012038,DUD_sahh_D_41,Nc1ncnc2c1nnn2[C@H]1CC[C@H](O)[C@@H]1O,0
ZINC00012209,DUD_sahh_D_42,C#C[C@H]1[C@@H](O)[C@H](CO)O[C@H]1n1ccc(N)nc1=O,0
ZINC00012213,DUD_sahh_D_43,C#C[C@@H]1[C@H](O)[C@@H](CO)O[C@H]1n1cnc2c(=O)[nH]c(N)nc21,0
ZINC00012222,DUD_sahh_D_44,C#C[C@H]1[C@@H](O)[C@H](CO)C[C@H]1n1cnc2c(N)ncnc21,0
ZINC00012861,DUD_sahh_D_45,Cc1nc2c(=O)[nH]c(N)nc2n1[C@@H]1C[C@H](CO)[C@@H]1O,0
ZINC00012868,DUD_sahh_D_46,Nc1ccn([C@@H]2C[C@H](CO)[C@H](CO)O2)c(=O)n1,0
ZINC00013014,DUD_sahh_D_47,Cn1nc(N)nc1N[C@H]1c2cnccc2OC(C)(C)[C@@H]1O,0
ZINC00014312,DUD_sahh_D_48,Nc1nc2c(ncn2[C@H]2C[C@H]2[C@H](O)CO)c(=O)[nH]1,0
ZINC00014578,DUD_sahh_D_49,O=c1[nH]cnc2c1ncn2[C@@H]1C[C@@H](O)[C@H](CO)S1,0
ZINC00014578,DUD_sahh_D_50,O=c1nc[nH]c2c1ncn2[C@@H]1C[C@H](O)[C@@H](CO)S1,0
ZINC00014578,DUD_sahh_D_51,OC[C@H]1S[C@@H](n2cnc3c(O)ncnc32)C[C@@H]1O,0
ZINC00015174,DUD_sahh_D_52,CC(=O)Nc1cc2[nH]c(=O)c(=O)[nH]c2cc1NC(C)=O,0
ZINC00015238,DUD_sahh_D_53,C#Cc1cn([C@@H]2O[C@H](CO)[C@H](O)[C@@H]2F)c(=O)nc1N,0
ZINC00015260,DUD_sahh_D_54,Nc1nc2c(ncn2[C@@H]2[C@@H](F)[C@H](CO)[C@H]2CO)c(=O)[nH]1,0
ZINC00016618,DUD_sahh_D_55,CC(=O)OC[C@H]1O[C@@H](n2ccc(N)nc2=O)[C@H](O)[C@H]1O,0
ZINC00017142,DUD_sahh_D_56,O=c1nc(NCO)ccn1[C@H]1O[C@@H](CO)[C@H](O)C1(F)F,0
ZINC00018095,DUD_sahh_D_57,Nc1ncnc2c1ncn2[C@]12C[C@@H](O)[C@@H](CO)[C@H]1C2,0
ZINC00018096,DUD_sahh_D_58,Nc1nc2c(ncn2[C@@]23C[C@H](O)[C@H](CO)[C@@H]2C3)c(=O)[nH]1,0
ZINC00018399,DUD_sahh_D_59,CCO[P@](N)(=O)Cc1ccnc2nc(C(N)=O)cn12,0
ZINC00019563,DUD_sahh_D_60,Nc1ncnc2c1ncn2[C@H]1C[C@@H]2CC[C@H](O)[C@@H]2[C@H]1O,0
ZINC00020083,DUD_sahh_D_61,C[C@@H]1C(=O)c2cc(O)c3c(c2[C@H](O)[C@H]1O)C(=O)c1cccc(O)c1-3,0
ZINC00020219,DUD_sahh_D_62,C=C1[C@H](O)[C@H](CO)S[C@H]1n1ccc(N)nc1=O,0
ZINC00020406,DUD_sahh_D_63,CC(=O)Nc1ccc(OCc2no[n+]([O-])c2C(N)=O)cc1,0
ZINC00020531,DUD_sahh_D_64,Nc1ccc(S(=O)(=O)N[C@@H]2COCOC[C@@H]2O)cc1,0
ZINC00020535,DUD_sahh_D_65,CC1(C)OC[C@H](O)[C@H](NS(=O)(=O)c2ccc(N)cc2)CO1,0
ZINC00021178,DUD_sahh_D_66,Nc1nc2c(nc(N)n2C[C@H]2CCCO2)c(=O)[nH]1,0
ZINC00022172,DUD_sahh_D_67,Nc1nc2c(nc(N)n2CC2CCC(=O)CC2)c(=O)[nH]1,0
ZINC00022747,DUD_sahh_D_68,Nc1nnc(Cc2ccccc2[N+](=O)[O-])c(=O)n1N,0
ZINC00023158,DUD_sahh_D_69,Nc1ccn([C@@H]2C[C@H](O)[C@](CO)(CF)O2)c(=O)n1,0
ZINC00023472,DUD_sahh_D_70,CNc1cc(NS(=O)(=O)c2ccc(N)cc2)nc(NC)n1,0
ZINC00024545,DUD_sahh_D_71,Nc1cc(N2CCN(C(=O)c3ccco3)CC2)nc(N)n1,0
ZINC00024545,DUD_sahh_D_72,Nc1cc(N2CCN(C(=O)c3ccco3)CC2)nc(N)[nH+]1,0
ZINC00026217,DUD_sahh_D_73,C#C[C@@]1(CO)O[C@@H](n2ccc(N)nc2=O)C[C@H]1O,0
ZINC00026220,DUD_sahh_D_74,C#C[C@]1(CO)O[C@@H](n2cnc3c(=O)[nH]c(N)nc32)C[C@@H]1O,0
ZINC00027959,DUD_sahh_D_75,O=C1c2ccccc2C(=O)C1/C=N\C(CO)(CO)CO,0
ZINC00033647,DUD_sahh_D_76,NNC(=O)Cn1c(-c2nonc2N)nc2ccccc21,0
ZINC00033647,DUD_sahh_D_77,NNC(=O)Cn1c(-c2nonc2N)[nH+]c2ccccc21,0
ZINC00033887,DUD_sahh_D_78,Cc1ccc(C2=NN[C@@H]([C@@H](O)[C@@H](O)[C@@H](O)CO)S2)cc1,0
ZINC00034763,DUD_sahh_D_79,COCc1n[nH]c2c1[C@H](c1cccc(O)c1)C(C#N)=C(N)O2,0
ZINC00034764,DUD_sahh_D_80,COCc1n[nH]c2c1[C@@H](c1cccc(O)c1)C(C#N)=C(N)O2,0
ZINC00036432,DUD_sahh_D_81,Nc1cc(S(=O)(=O)c2ccc(O)c(N)c2)ccc1O,0
ZINC00036751,DUD_sahh_D_82,COc1ccccc1[C@@H]1C(C#N)=C(N)Oc2[nH]c(=O)[nH]c(=O)c21,0
ZINC00036905,DUD_sahh_D_83,Nc1nnnn1CC(=O)OCC(=O)Nc1ccccc1,0
ZINC00036940,DUD_sahh_D_84,Cc1cccc2c(O)c(C=C3C(=O)NNC3=O)c(=O)[nH]c12,0
ZINC00037347,DUD_sahh_D_85,CC(=O)Nc1ccc(Nc2c(O)[nH]c(=O)n2N)cc1,0
ZINC00040762,DUD_sahh_D_86,OC[C@@H](O)[C@H](O)[C@H](O)[C@@H]1NN=C(c2ccccc2)S1,0
ZINC00040788,DUD_sahh_D_87,OC[C@H]1O[C@H](Nc2ccccc2)[C@H](O)[C@H](O)[C@@H]1O,0
ZINC00040789,DUD_sahh_D_88,OC[C@]1(Nc2ccccc2)OC[C@@H](O)[C@@H](O)[C@@H]1O,0
ZINC00041059,DUD_sahh_D_89,Cc1ccc(S(=O)(=O)N[C@@H]2[C@@H]3OC[C@@H](O3)[C@H](O)[C@@H]2O)cc1,0
ZINC00042634,DUD_sahh_D_90,N#CC1=C(N)OC2=C(C(=O)CCC2)[C@H]1c1ccc(O)c(O)c1,0
ZINC00046810,DUD_sahh_D_91,Cc1ccc(NC[C@@]2(O)OC[C@H](O)[C@H](O)[C@H]2O)cc1,0
ZINC00046935,DUD_sahh_D_92,OC[C@H](O)[C@H](O)[C@@H](O)c1cnn(-c2ccccc2)n1,0
ZINC00048545,DUD_sahh_D_93,COc1ccc(/C=N\NC(=O)c2nc(N)n[nH]2)cc1,0
ZINC00048546,DUD_sahh_D_94,COc1ccc(/C=N/NC(=O)c2nc(N)n[nH]2)cc1,0
ZINC00050943,DUD_sahh_D_95,Cc1cc(C)c(S(N)(=O)=O)cc1S(N)(=O)=O,0
ZINC00051916,DUD_sahh_D_96,Nc1nnnn1CC(=O)N/N=C\c1ccccc1O,0
ZINC00054575,DUD_sahh_D_97,O=C(NN[C@H]1O[C@@H](CO)[C@@H](O)[C@@H]1O)c1ccccc1O,0
ZINC00055822,DUD_sahh_D_98,O=C(Cc1n[nH]c(=O)[nH]c1=O)N/N=C/c1cccc(O)c1,0
ZINC00056027,DUD_sahh_D_99,C[C@@H](Nc1n[nH]c(=O)[nH]c1=O)C(=O)N/N=C/c1cccnc1,0
ZINC00056035,DUD_sahh_D_100,O=C(Cc1n[nH]c(=O)[nH]c1=O)N/N=C/c1ccncc1,0
ZINC00056465,DUD_sahh_D_101,Nc1nccc(Nc2ccc(S(N)(=O)=O)cc2)n1,0
ZINC00057180,DUD_sahh_D_102,Nc1ccc(S[C@@H]2OC[C@@H](O)[C@H](O)[C@@H]2O)cc1,0
ZINC00057182,DUD_sahh_D_103,Nc1ccc(O[C@@H]2OC[C@H](O)[C@@H](O)[C@@H]2O)cc1,0
ZINC00057187,DUD_sahh_D_104,CC(=O)O[C@@H]1C[C@@H](n2ccc(N)nc2=O)O[C@H]1CO,0
ZINC00057191,DUD_sahh_D_105,CC(=O)O[C@@H]1C[C@@H](n2cnc3c(N)ncnc32)O[C@@H]1CO,0
ZINC00057393,DUD_sahh_D_106,CO[C@H]1[C@H](O)[C@@H](CO)O[C@@H]1n1ccc(N)nc1=O,0
ZINC00057394,DUD_sahh_D_107,Cc1ncnc2c1ncn2[C@H]1O[C@H](CO)[C@H](O)[C@@H]1O,0
ZINC00057398,DUD_sahh_D_108,Cc1cc(=O)oc2cc(O[C@H]3OC[C@H](O)[C@H](O)[C@@H]3O)ccc12,0
ZINC00057415,DUD_sahh_D_109,Cc1cc(=O)oc2cc(O[C@@H]3O[C@H](CO)[C@H](O)[C@@H]3O)ccc12,0
ZINC00058676,DUD_sahh_D_110,Cc1ccc([N+](=O)[O-])cc1N[C@@H]1OC[C@@H](O)[C@H](O)[C@@H]1O,0
ZINC00061647,DUD_sahh_D_111,N#Cc1c(-c2ccc3c(c2)OCO3)c(C#N)c(=O)n(N)c1N,0
ZINC00062214,DUD_sahh_D_112,NS(=O)(=O)c1ccc(NC(=O)CN2C(=O)CCC2=O)cc1,0
ZINC00062254,DUD_sahh_D_113,C[C@@H](C(=O)Nc1ccc(S(N)(=O)=O)cc1)N1C(=O)CCC1=O,0
ZINC00062255,DUD_sahh_D_114,C[C@@H](C(=O)Nc1ccc(S(N)(=O)=O)cc1)N1C(=O)CCC1=O,0
ZINC00062388,DUD_sahh_D_115,O=[N+]([O-])c1cccc(N[C@@H]2O[C@@H](CO)[C@H](O)[C@H](O)[C@@H]2O)c1,0
ZINC00062568,DUD_sahh_D_116,Cc1c(C(=O)N/N=C\c2ccncc2)nnn1-c1nonc1N,0
ZINC00064574,DUD_sahh_D_117,Nc1n[nH]c(C(=O)N/N=C/c2cccc3c2OCO3)n1,0
ZINC00070144,DUD_sahh_D_118,CCC(=O)Nc1ccc(C(=O)Nc2c[nH]c(=O)[nH]c2=O)cc1,0
ZINC00071457,DUD_sahh_D_119,CC(=O)Nc1ccc(C(=O)NN)cc1NC(C)=O,0
ZINC00071618,DUD_sahh_D_120,CC1=C(C(N)=O)[C@H](c2ccc(O)cc2)n2nnnc2N1,0
ZINC00071622,DUD_sahh_D_121,CC1=C(C(N)=O)[C@H](c2ccc(O)cc2)n2nnnc2N1,0
ZINC00086706,DUD_sahh_D_122,Cc1n[nH]c2c1[C@H](c1ccc(O)c(O)c1)C(C#N)=C(N)O2,0
ZINC00086710,DUD_sahh_D_123,Cc1n[nH]c2c1[C@@H](c1ccc(O)c(O)c1)C(C#N)=C(N)O2,0
ZINC00087550,DUD_sahh_D_124,NNC(=O)[C@H]1C(c2ccccc2)[C@@H]1C(=O)NN,0
ZINC00087553,DUD_sahh_D_125,NNC(=O)[C@@H]1C(c2ccccc2)[C@H]1C(=O)NN,0
ZINC00087557,DUD_sahh_D_126,NNC(=O)[C@@H]1[C@H](C(=O)NN)[C@H]1c1ccccc1,0
ZINC00087559,DUD_sahh_D_127,NNC(=O)[C@H]1C(c2ccccc2)[C@@H]1C(=O)NN,0
ZINC00087601,DUD_sahh_D_128,O=[N+]([O-])c1cccc(N[C@H]2O[C@@H](CO)[C@H](O)[C@H](O)[C@H]2O)c1,0
ZINC00087603,DUD_sahh_D_129,O=[N+]([O-])c1cccc(N[C@H]2O[C@@H](CO)[C@H](O)[C@@H](O)[C@H]2O)c1,0
ZINC00092675,DUD_sahh_D_130,O=[N+]([O-])c1ccccc1O[C@H]1O[C@H](CO)[C@H](O)[C@H](O)[C@@H]1O,0
ZINC00094254,DUD_sahh_D_131,Nc1nonc1C(=O)N/N=C\c1ccc(O)cc1O,0
ZINC00096440,DUD_sahh_D_132,C[C@H](Nc1n[nH]c(=O)[nH]c1=O)C(=O)N/N=C\c1ccncc1,0
ZINC00096619,DUD_sahh_D_133,OC[C@H]1O[C@@H](Oc2cccc3cccnc23)[C@@H](O)[C@@H](O)[C@H]1O,0
ZINC00105321,DUD_sahh_D_134,NNC(=O)c1ccc(Cn2cnc(N)n2)o1,0
ZINC00112771,DUD_sahh_D_135,N#CC1=C(N)Oc2c(oc(CO)cc2=O)[C@@H]1c1ccncc1,0
ZINC00112774,DUD_sahh_D_136,N#CC1=C(N)Oc2c(oc(CO)cc2=O)[C@H]1c1ccncc1,0
ZINC00112982,DUD_sahh_D_137,CC(=O)c1ccc(N[C@@H]2O[C@H](CO)[C@H](O)[C@@H](O)[C@@H]2O)cc1,0
ZINC00114428,DUD_sahh_D_138,Cc1nnc(O)nc1Nc1ccc(S(N)(=O)=O)cc1,0
ZINC00115943,DUD_sahh_D_139,CC(=O)OCC(=O)Nc1ccc(S(N)(=O)=O)cc1,0
ZINC00116764,DUD_sahh_D_140,CC(=O)c1ccc(N[C@H]2O[C@H](C)[C@@H](O)[C@@H](O)[C@@H]2O)cc1,0
ZINC00118623,DUD_sahh_D_141,CC(=O)c1ccc(N[C@H]2OC[C@@H](O)[C@@H](O)[C@H]2O)cc1,0
ZINC00120218,DUD_sahh_D_142,NNC(=O)c1nc(Cc2ccc([N+](=O)[O-])cc2)no1,0
ZINC00120746,DUD_sahh_D_143,Cc1[nH]nc2c1[C@]1(C(=O)Nc3ccccc31)C(C#N)=C(N)O2,0
ZINC00120750,DUD_sahh_D_144,Cc1[nH]nc2c1[C@@]1(C(=O)Nc3ccccc31)C(C#N)=C(N)O2,0
ZINC00125022,DUD_sahh_D_145,O=[N+]([O-])c1ccc(O[C@@H]2O[C@@H](CO)[C@H](O)[C@H](O)[C@H]2O)cc1,0
ZINC00125232,DUD_sahh_D_146,COC(=O)CCC(=O)Nc1ccc(S(N)(=O)=O)cc1,0
ZINC00133804,DUD_sahh_D_147,COC(=O)CSc1nnnn1-c1ccc(C(N)=O)cc1,0
ZINC00133809,DUD_sahh_D_148,COc1ccc2c(c1)nnc1nnc(SCC(=O)NN)n12,0
ZINC00133818,DUD_sahh_D_149,NNC(=O)CSc1nnc2nnc3ccccc3n12,0
ZINC00134278,DUD_sahh_D_150,NS(=O)(=O)c1ccc2c(c1)Cc1cc(S(N)(=O)=O)ccc1-2,0
ZINC00134307,DUD_sahh_D_151,O=[N+]([O-])c1ccc(O[C@@H]2O[C@H](CO)[C@@H](O)[C@H](O)[C@H]2O)cc1,0
ZINC00134310,DUD_sahh_D_152,O=[N+]([O-])c1ccc(O[C@@H]2O[C@H](CO)[C@H](O)[C@H](O)[C@H]2O)cc1,0
ZINC00134312,DUD_sahh_D_153,O=[N+]([O-])c1ccccc1O[C@@H]1O[C@@H](CO)[C@@H](O)[C@@H](O)[C@@H]1O,0
ZINC00134323,DUD_sahh_D_154,OC[C@H]1O[C@@H](Sc2ccccc2)[C@H](O)[C@@H](O)[C@@H]1O,0
ZINC00134325,DUD_sahh_D_155,O=[N+]([O-])c1ccc(O[C@H]2O[C@@H](CO)[C@H](O)[C@H](O)[C@@H]2O)cc1,0
ZINC00135497,DUD_sahh_D_156,O=[N+]([O-])c1cccc(N[C@@H]2O[C@H](CO)[C@@H](O)[C@H]2O)c1,0
ZINC00138319,DUD_sahh_D_157,NC1=C(c2nc3ccccc3c(=O)[nH]2)C(=O)CN1CCO,0
ZINC00139190,DUD_sahh_D_158,Nc1ncnc2c1nc1n2[C@H]2O[C@H](CO)[C@H](O)[C@H]2O1,0
ZINC00139343,DUD_sahh_D_159,COc1cccc(C(=O)NN[C@H]2O[C@@H](CO)[C@H](O)[C@H]2O)c1,0
ZINC00139787,DUD_sahh_D_160,CCOC(=O)c1nnn(-c2nonc2N)c1-c1ccncc1,0
ZINC00141885,DUD_sahh_D_161,N#CC1=C(N)Oc2c(oc(CO)cc2=O)[C@@H]1c1cccnc1,0
ZINC00141889,DUD_sahh_D_162,N#CC1=C(N)Oc2c(oc(CO)cc2=O)[C@H]1c1cccnc1,0
ZINC00146512,DUD_sahh_D_163,O=C1NCCN1CCNS(=O)(=O)c1cccc2nonc12,0
ZINC00148297,DUD_sahh_D_164,NS(=O)(=O)c1ccc(NNC(=O)C2CCC2)cc1,0
ZINC00150647,DUD_sahh_D_165,Cc1nnc(Nc2ccc(S(N)(=O)=O)cc2)nc1O,0
ZINC00154645,DUD_sahh_D_166,O=[N+]([O-])c1ccccc1O[C@H]1O[C@H](CO)[C@@H](O)[C@H](O)[C@@H]1O,0
ZINC00155310,DUD_sahh_D_167,Cc1cc(C(=O)Nc2ccc(S(N)(=O)=O)cc2)no1,0
ZINC00156947,DUD_sahh_D_168,O=[N+]([O-])c1ccc(O[C@@H]2O[C@H](CO)[C@H](O)[C@H](O)[C@@H]2O)cc1,0
ZINC00161584,DUD_sahh_D_169,OC[C@@H](O)[C@H](O)[C@@H](O)[C@@H]1Nc2ccccc2S1,0
ZINC00161586,DUD_sahh_D_170,OC[C@H](O)[C@@H](O)[C@H](O)[C@@H]1Nc2ccccc2S1,0
ZINC00164294,DUD_sahh_D_171,COc1ccc(-c2c(C#N)c(N)n(N)c(=O)c2C#N)cc1OC,0
ZINC00168414,DUD_sahh_D_172,NNC(=O)C1CCN(S(=O)(=O)c2ccccc2)CC1,0
ZINC00183763,DUD_sahh_D_173,COCc1[nH]nc2c1[C@@H](c1cccnc1)C(C#N)=C(N)O2,0
ZINC00183768,DUD_sahh_D_174,COCc1[nH]nc2c1[C@H](c1cccnc1)C(C#N)=C(N)O2,0
ZINC00186848,DUD_sahh_D_175,CC(=O)Nc1ccc(S(=O)(=O)Nc2nc[nH]n2)cc1,0
ZINC00189388,DUD_sahh_D_176,Nc1cccc(S(=O)(=O)c2ccc(N)c(N)c2)c1,0
ZINC00189392,DUD_sahh_D_177,Nc1ccc(S(=O)(=O)c2ccc(N)c(N)c2)cc1,0
ZINC00191837,DUD_sahh_D_178,C[C@@H]1O[C@H](Nc2cccc(O)c2)[C@@H](O)[C@H](O)[C@H]1O,0
ZINC00192506,DUD_sahh_D_179,O=[N+]([O-])c1ccc2ccn([C@H]3OC[C@H](O)[C@@H](O)[C@H]3O)c2c1,0
ZINC00192864,DUD_sahh_D_180,Cc1nnn(-c2nonc2N)c1C(=O)N/N=C\c1ccccc1,0
ZINC00193044,DUD_sahh_D_181,Cc1ccc([N+](=O)[O-])cc1N[C@H]1O[C@H](C)[C@H](O)[C@@H](O)[C@H]1O,0
ZINC00202270,DUD_sahh_D_182,CNS(=O)(=O)c1ccc2c(O)cc(S(=O)(=O)NC)cc2c1,0
ZINC00207283,DUD_sahh_D_183,COc1ccc(C(=O)Nc2nnc(CC(=O)NN)s2)cc1,0
ZINC00213082,DUD_sahh_D_184,N/N=C1\CCCc2c1[nH]c1ccc(C(=O)NN)cc21,0
ZINC00218037,DUD_sahh_D_185,Nc1nonc1OCC(=O)N/N=C/c1cccc(O)c1,0
ZINC00218143,DUD_sahh_D_186,C[C@H]1O[C@@H](NNC(=O)c2cccnc2)[C@@H](O)[C@H](O)[C@@H]1O,0
ZINC00218497,DUD_sahh_D_187,Cc1nonc1C(=O)N/N=C/c1ccc(O)cc1O,0
ZINC00219576,DUD_sahh_D_188,OC[C@@H]1O[C@H](O)[C@@H](/N=C\c2ccccc2O)[C@H](O)[C@@H]1O,0
ZINC00221736,DUD_sahh_D_189,Cc1ccc(N[C@@H]2O[C@H](CO)[C@@H](O)[C@@H]2O)cc1[N+](=O)[O-],0
ZINC00225944,DUD_sahh_D_190,Cc1cc(N)cc(N)c1NC(=O)c1ccc(N)cc1,0
ZINC00236147,DUD_sahh_D_191,CNS(=O)(=O)c1cc(O)c2c(S(=O)(=O)NC)cccc2c1,0
ZINC00236576,DUD_sahh_D_192,O=[N+]([O-])c1cc(N[C@@H]2OC[C@H](O)[C@H](O)[C@H]2O)ccc1Cl,0
ZINC00236578,DUD_sahh_D_193,O=[N+]([O-])c1cccc(N[C@@H]2O[C@H]([C@H](O)CO)[C@H](O)[C@@H]2O)c1,0
ZINC00236579,DUD_sahh_D_194,Cc1ccc([N+](=O)[O-])cc1N[C@H]1O[C@H](CO)[C@@H](O)[C@H]1O,0
ZINC00236587,DUD_sahh_D_195,Cc1ccc([N+](=O)[O-])cc1N[C@H]1O[C@@H](CO)[C@@H](O)[C@H](O)[C@H]1O,0
ZINC00236594,DUD_sahh_D_196,O=[N+]([O-])c1cccc(N[C@@H]2OC[C@H](O)[C@@H](O)[C@H]2O)c1,0
ZINC00241233,DUD_sahh_D_197,COc1ccc(N[C@H]2O[C@@H]([C@@H](O)CO)[C@@H](O)[C@@H]2O)cc1,0
ZINC00243722,DUD_sahh_D_198,Cc1ccc(N[C@@H]2O[C@H](CO)[C@H](O)[C@H](O)[C@H]2O)cc1C,0
ZINC00243920,DUD_sahh_D_199,Cc1ccc(N[C@@H]2OC[C@H](O)[C@H](O)[C@@H]2O)cc1[N+](=O)[O-],0
ZINC00246231,DUD_sahh_D_200,Cc1ccc(N[C@H]2O[C@@H](CO)[C@@H](O)[C@H](O)[C@H]2O)cc1,0
ZINC00246238,DUD_sahh_D_201,C[C@H]1O[C@H](Nc2cccc([N+](=O)[O-])c2)[C@@H](O)[C@H](O)[C@H]1O,0
ZINC00264038,DUD_sahh_D_202,Nc1nonc1CC(=O)N/N=C\c1ccc2c(c1)OCO2,0
ZINC00264039,DUD_sahh_D_203,Nc1nonc1CC(=O)N/N=C/c1ccc2c(c1)OCO2,0
ZINC00267152,DUD_sahh_D_204,Cc1ccc(/C=N\NC(=O)Cn2nnnc2N)cc1,0
ZINC00273487,DUD_sahh_D_205,CC(=O)Nc1ccc(-c2cn(CC(=O)NN)cn2)cc1,0
ZINC00273487,DUD_sahh_D_206,CC(=O)Nc1ccc(-c2cn(CC(=O)NN)c[nH+]2)cc1,0
ZINC00281085,DUD_sahh_D_207,Nc1nonc1O[C@@H]1CCCC[C@@H]1Oc1nonc1N,0
ZINC00281088,DUD_sahh_D_208,Nc1nonc1O[C@@H]1CCCC[C@H]1Oc1nonc1N,0
ZINC00281092,DUD_sahh_D_209,Nc1nonc1O[C@H]1CCCC[C@@H]1Oc1nonc1N,0
ZINC00281095,DUD_sahh_D_210,Nc1nonc1O[C@@H]1CCCC[C@@H]1Oc1nonc1N,0
ZINC00285978,DUD_sahh_D_211,Cc1ccc(-c2c(C#N)c(N)n(N)c(=O)c2C#N)c(C)c1,0
ZINC00286068,DUD_sahh_D_212,NNC(=O)c1ccc(S(=O)(=O)N2CCCCC2)cc1,0
ZINC00286070,DUD_sahh_D_213,NNC(=O)c1ccc(S(=O)(=O)NC2CCCCC2)cc1,0
ZINC00295064,DUD_sahh_D_214,NNC(=O)c1ccc(OC[C@@H](O)CO)cc1,0
ZINC00295066,DUD_sahh_D_215,NNC(=O)c1ccc(OC[C@H](O)CO)cc1,0
ZINC00299777,DUD_sahh_D_216,CC(=O)Nc1ccc(NC(=O)[C@@H]2CC(=O)N=C(N)S2)cc1,0
ZINC00299779,DUD_sahh_D_217,CC(=O)Nc1ccc(NC(=O)[C@@H]2CC(=O)N=C(N)S2)cc1,0
ZINC00303433,DUD_sahh_D_218,CCOC(=O)c1ccc(Nc2nc3nonc3nc2N)cc1,0
ZINC00313211,DUD_sahh_D_219,COc1ccccc1NS(=O)(=O)c1[nH]c(=O)[nH]c(=O)c1C,0
ZINC00329920,DUD_sahh_D_220,O=C1O[C@@H]2[C@H](O)CO[C@@]2(O)[C@@]1(O)Cc1c[nH]c2ccccc12,0
ZINC00329933,DUD_sahh_D_221,O=[N+]([O-])c1ccc2c(ccn2[C@H]2OC[C@H](O)[C@H](O)[C@@H]2O)c1,0
ZINC00331210,DUD_sahh_D_222,NNC(=O)CSc1nnnn1-c1ccc2c(c1)OCO2,0
ZINC00332570,DUD_sahh_D_223,NNC(=O)CCn1c(=O)[nH]c(=O)c2ccccc21,0
ZINC00333072,DUD_sahh_D_224,COc1ccc(NN=C2C(N)=NN=C2N)cc1,0
ZINC00338049,DUD_sahh_D_225,O=c1[nH]c(=O)n([C@H]2C[C@@H](O)[C@@H](CO)O2)c2nccnc12,0
ZINC00339390,DUD_sahh_D_226,CC(=O)N(Cc1ccccc1)c1c(N)nc(N)nc1O,0
ZINC00339412,DUD_sahh_D_227,COc1nc(N)nc(N)c1NS(=O)(=O)c1ccc(C)cc1,0
ZINC00339412,DUD_sahh_D_228,COc1[nH+]c(N)nc(N)c1NS(=O)(=O)c1ccc(C)cc1,0
ZINC00339509,DUD_sahh_D_229,C[C@H]1Nc2nc(N)nc(O)c2N(C(=O)c2cccnc2)[C@H]1C,0
ZINC00341647,DUD_sahh_D_230,Cc1ccc(NC(=O)c2[nH]cnc2C(=O)NN)cc1,0
ZINC00341647,DUD_sahh_D_231,Cc1ccc(NC(=O)c2[nH+]c[nH]c2C(=O)NN)cc1,0
ZINC00342017,DUD_sahh_D_232,Cc1oc(C(N)=O)cc1COc1ccccc1C(N)=O,0
ZINC00342020,DUD_sahh_D_233,Cc1oc(C(N)=O)cc1COc1ccc(C(N)=O)cc1,0
ZINC00342526,DUD_sahh_D_234,COc1ccc(N[C@@H]2O[C@@H](CO)[C@H](O)[C@H]2O)cc1,0
ZINC00349973,DUD_sahh_D_235,COc1ccc(-n2nnnc2SCC(=O)NN)cc1,0
ZINC00350598,DUD_sahh_D_236,C[C@@H](Sc1nnnn1-c1ccccc1)C(=O)NN,0
ZINC00350599,DUD_sahh_D_237,C[C@H](Sc1nnnn1-c1ccccc1)C(=O)NN,0
ZINC00354257,DUD_sahh_D_238,CCc1n[nH]c2c1[C@@]1(C(=O)Nc3ccccc31)C(C#N)=C(N)O2,0
ZINC00354260,DUD_sahh_D_239,CCc1n[nH]c2c1[C@@]1(C(=O)Nc3ccccc31)C(C#N)=C(N)O2,0
ZINC00355810,DUD_sahh_D_240,CCn1cc([N+](=O)[O-])c(C(=O)Nc2ccc(C(N)=O)cc2)n1,0
ZINC00356377,DUD_sahh_D_241,NS(=O)(=O)c1ccc(S(=O)(=O)NC[C@@H]2CCCO2)cc1,0
ZINC00356380,DUD_sahh_D_242,NS(=O)(=O)c1ccc(S(=O)(=O)NC[C@@H]2CCCO2)cc1,0
ZINC00367016,DUD_sahh_D_243,NNC(=O)C1CCN(S(=O)(=O)c2ccccc2N)CC1,0
ZINC00369110,DUD_sahh_D_244,OC[C@@H]1O[C@H](Nc2ccc(O)cc2)[C@H](O)[C@@H](O)[C@@H]1O,0
ZINC00370041,DUD_sahh_D_245,Cc1nonc1C(=O)N/N=C/c1ccc(O)c(O)c1,0
ZINC00370042,DUD_sahh_D_246,Cc1nonc1C(=O)N/N=C\c1ccc(O)c(O)c1,0
ZINC00371441,DUD_sahh_D_247,NS(=O)(=O)c1ccc(S(=O)(=O)NC2CCCC2)cc1,0
ZINC00372337,DUD_sahh_D_248,OC[C@@H]1O[C@H](n2nnc3ccccc32)[C@H](O)[C@H](O)[C@H]1O,0
ZINC00377359,DUD_sahh_D_249,CSc1ncnc2nn([C@@H]3O[C@H](CO)[C@H](O)[C@H]3O)cc12,0
ZINC00377473,DUD_sahh_D_250,COCc1n[nH]c2c1[C@@H](c1ccncc1)C(C#N)=C(N)O2,0
ZINC00377476,DUD_sahh_D_251,COCc1n[nH]c2c1[C@H](c1ccncc1)C(C#N)=C(N)O2,0
ZINC00383843,DUD_sahh_D_252,Cc1ccc(S(=O)(=O)n2cnc3c(=O)[nH]c(N)nc32)cc1,0
ZINC00386582,DUD_sahh_D_253,Cc1ccc(S[C@@H]2O[C@@H](CO)[C@@H](O)[C@H](O)[C@@H]2O)cc1,0
ZINC00387213,DUD_sahh_D_254,COc1ccc(NC(=O)CSc2n[nH]c(N)n2)cc1,0
ZINC00387216,DUD_sahh_D_255,Nc1nc(SCC(=O)Nc2ccc3c(c2)OCCO3)n[nH]1,0
ZINC00390600,DUD_sahh_D_256,Nc1nnc2[nH]c(=O)c(CC(=O)c3ccccc3)nn12,0
ZINC00391219,DUD_sahh_D_257,Cn1cc(O[C@H]2O[C@H](CO)[C@H](O)[C@H](O)[C@H]2O)c2ccccc21,0
ZINC00394592,DUD_sahh_D_258,Nc1cc(Nc2ccc(S(N)(=O)=O)cc2)ncn1,0
ZINC00397696,DUD_sahh_D_259,NS(=O)(=O)c1ccc(NC[C@H](O)CO)cc1,0
ZINC00397697,DUD_sahh_D_260,NS(=O)(=O)c1ccc(NC[C@@H](O)CO)cc1,0
ZINC00399506,DUD_sahh_D_261,Nc1ccccc1O[C@H]1O[C@@H](CO)[C@@H](O)[C@@H](O)[C@H]1O,0
ZINC00402170,DUD_sahh_D_262,O=C(O[C@@H]1O[C@H](CO)[C@@H](O)[C@H]1O)c1ccccc1,0
ZINC00402453,DUD_sahh_D_263,O=C(O[C@@H]1O[C@H](CO)[C@@H](O)[C@@H](O)[C@@H]1O)c1ccccc1,0
ZINC00402454,DUD_sahh_D_264,OC[C@@H](O)[C@@H]1O[C@H](Sc2ccccc2)[C@H](O)[C@H]1O,0
ZINC00402619,DUD_sahh_D_265,C[C@@H]1O[C@H](Oc2ccc(N)cc2)[C@@H](O)[C@@H](O)[C@@H]1O,0
ZINC00402621,DUD_sahh_D_266,Nc1ccc(S[C@H]2O[C@H](CO)[C@@H](O)[C@@H](O)[C@@H]2O)cc1,0
ZINC00402622,DUD_sahh_D_267,Nc1ccc(O[C@H]2O[C@H](CO)[C@H](O)[C@@H](O)[C@H]2O)cc1,0
ZINC00402738,DUD_sahh_D_268,C[C@@H](O)[C@H](O)c1c[nH]c2nc(N)nc(=O)c-2n1,0
ZINC00402739,DUD_sahh_D_269,C[C@@H](O)[C@H](O)c1c[nH]c2nc(N)nc(=O)c-2n1,0
ZINC00402740,DUD_sahh_D_270,C[C@H](O)[C@@H](O)c1c[nH]c2nc(N)nc(=O)c-2n1,0
ZINC00402741,DUD_sahh_D_271,C[C@H](O)[C@@H](O)c1c[nH]c2nc(N)nc(=O)c-2n1,0
ZINC00403021,DUD_sahh_D_272,N#C[C@@H](O[C@H]1O[C@H](CO)[C@H](O)[C@H](O)[C@H]1O)c1ccccc1,0
ZINC00404261,DUD_sahh_D_273,O=c1cc(O)ccn1[C@H]1O[C@@H](CO)[C@H](O)[C@H]1O,0
ZINC00405154,DUD_sahh_D_274,Cc1cc(=O)[nH]c(NS(=O)(=O)c2ccc(N)cc2)n1,0
ZINC00405154,DUD_sahh_D_275,Cc1cc(=O)nc(NS(=O)(=O)c2ccc(N)cc2)[nH]1,0
ZINC00405154,DUD_sahh_D_276,Cc1cc(O)nc(NS(=O)(=O)c2ccc(N)cc2)n1,0
ZINC00406219,DUD_sahh_D_277,O=c1ccc2cc(O[C@H]3O[C@@H](CO)[C@H](O)[C@H]3O)c(O)cc2o1,0
ZINC00406547,DUD_sahh_D_278,Nc1ccc(S(=O)(=O)NN2CCS(=O)(=O)CC2)cc1,0
ZINC00408343,DUD_sahh_D_279,COC(=O)c1cc(-c2ccc(N)cc2)n2c(N)nnc2n1,0
ZINC00420169,DUD_sahh_D_280,NNC(=O)c1ccc(S(=O)(=O)NC[C@H]2CCCO2)cc1,0
ZINC00420170,DUD_sahh_D_281,NNC(=O)c1ccc(S(=O)(=O)NC[C@@H]2CCCO2)cc1,0
ZINC00420809,DUD_sahh_D_282,NNC(=O)c1ccc(S(=O)(=O)N2CCOCC2)cc1,0
ZINC00423430,DUD_sahh_D_283,O=c1[nH]c2ccc(S(=O)(=O)NC3CCCC3)cc2[nH]c1=O,0
ZINC00423468,DUD_sahh_D_284,CC(C)NS(=O)(=O)c1ccc2[nH]c(=O)c(=O)[nH]c2c1,0
ZINC00429085,DUD_sahh_D_285,Cc1ccccc1NC(=O)Cn1nnc(C(N)=O)c1N,0
ZINC00437141,DUD_sahh_D_286,COc1ccc(/C=N/NC(=O)Cn2nnnc2N)cc1,0
ZINC00437142,DUD_sahh_D_287,COc1ccc(/C=N/NC(=O)Cn2nnnc2N)cc1,0
ZINC00439168,DUD_sahh_D_288,Cc1c(C(=O)NN)c2cc(O)ccc2n1CCO,0
ZINC00446156,DUD_sahh_D_289,NNC(=O)c1cccc(S(=O)(=O)N2CCOCC2)c1,0
ZINC00457034,DUD_sahh_D_290,CS(=O)(=O)NCCc1ccc(S(N)(=O)=O)cc1,0
ZINC00467891,DUD_sahh_D_291,Cc1ccnc(NC(=O)CSc2nc(N)cc(=O)[nH]2)c1,0
ZINC00468046,DUD_sahh_D_292,N#Cc1ccccc1NC(=O)CSc1nc(N)n[nH]1,0
ZINC00476286,DUD_sahh_D_293,NS(=O)(=O)c1ccc(NC(=O)[C@@H]2CCCO2)cc1,0
ZINC00476287,DUD_sahh_D_294,NS(=O)(=O)c1ccc(NC(=O)[C@@H]2CCCO2)cc1,0
ZINC00485468,DUD_sahh_D_295,O=[N+]([O-])c1ccccc1O[C@H]1O[C@@H](CO)[C@@H](O)[C@@H](O)[C@H]1O,0
ZINC00485469,DUD_sahh_D_296,O=[N+]([O-])c1ccccc1O[C@H]1O[C@@H](CO)[C@@H](O)[C@@H](O)[C@H]1O,0
ZINC00490705,DUD_sahh_D_297,CC(=O)Nc1ccc(N[C@@H]2C[C@H](O)[C@H](CO)O2)cc1,0
ZINC00492592,DUD_sahh_D_298,O=[N+]([O-])c1cccc2c1nnn2[C@H]1OC[C@@H](O)[C@@H](O)[C@H]1O,0
ZINC00500352,DUD_sahh_D_299,C[n+]1cccc([C@H]2C(C#N)=C(N)Oc3[nH]c(=O)[nH]c(=O)c32)c1,0
ZINC00507293,DUD_sahh_D_300,CC(=O)Nc1ccc(Nc2c[nH]c(=O)[nH]c2=O)cc1,0
ZINC00508136,DUD_sahh_D_301,CCc1n[nH]c2c1[C@@H](c1ccc(O)c(O)c1)C(C#N)=C(N)O2,0
ZINC00508137,DUD_sahh_D_302,CCc1n[nH]c2c1[C@H](c1ccc(O)c(O)c1)C(C#N)=C(N)O2,0
ZINC00517421,DUD_sahh_D_303,Nc1ncnc2[nH]c(SC[C@H](O)CO)nc12,0
ZINC00517738,DUD_sahh_D_304,CC(=O)Nc1ccc(N[C@@H]2O[C@H](CO)[C@H](O)[C@@H]2O)cc1,0
ZINC00518172,DUD_sahh_D_305,OC[C@H]1O[C@@H](n2nnc3ccccc32)[C@@H](O)[C@@H](O)[C@@H]1O,0
ZINC00519741,DUD_sahh_D_306,O=[N+]([O-])c1cccc(N[C@H]2O[C@H](CO)[C@H](O)[C@@H]2O)c1,0
ZINC00519742,DUD_sahh_D_307,O=[N+]([O-])c1cccc(N[C@@H]2O[C@H](CO)[C@@H](O)[C@H]2O)c1,0
ZINC00525548,DUD_sahh_D_308,OC[C@@H]1O[C@@H](O)[C@@H](/N=C\c2ccc(O)cc2)[C@@H](O)[C@@H]1O,0
ZINC00525549,DUD_sahh_D_309,OC[C@@H]1O[C@H](O)[C@@H](/N=C\c2ccc(O)cc2)[C@H](O)[C@H]1O,0
ZINC00525629,DUD_sahh_D_310,N#CC1=C(N)Oc2[nH]c(=O)[nH]c(=O)c2[C@@H]1c1ccc2c(c1)OCO2,0
ZINC00525631,DUD_sahh_D_311,N#CC1=C(N)Oc2[nH]c(=O)[nH]c(=O)c2[C@@H]1c1ccc2c(c1)OCO2,0
ZINC00526389,DUD_sahh_D_312,Oc1ccc(N[C@@H]2OC[C@@H](O)[C@H](O)[C@@H]2O)cc1,0
ZINC00528389,DUD_sahh_D_313,CC(=O)c1ccc(NC(=O)CSc2nc(N)n[nH]2)cc1,0
ZINC00529241,DUD_sahh_D_314,NS(=O)(=O)c1ccc(NC(=O)[C@@H]2CCC(=O)O2)cc1,0
ZINC00529243,DUD_sahh_D_315,NS(=O)(=O)c1ccc(NC(=O)[C@H]2CCC(=O)O2)cc1,0
ZINC00530323,DUD_sahh_D_316,Cc1[nH]c(=O)[nH]c(=O)c1/C=N\NC(=O)c1cccnc1,0
ZINC00538167,DUD_sahh_D_317,COCc1n[nH]c2c1[C@@H](c1ccc(O)cc1O)C(C#N)=C(N)O2,0
ZINC00538168,DUD_sahh_D_318,COCc1n[nH]c2c1[C@@H](c1ccc(O)cc1O)C(C#N)=C(N)O2,0
ZINC00540170,DUD_sahh_D_319,COCc1n[nH]c2c1[C@]1(C(=O)Nc3ccccc31)C(C#N)=C(N)O2,0
ZINC00540171,DUD_sahh_D_320,COCc1n[nH]c2c1[C@@]1(C(=O)Nc3ccccc31)C(C#N)=C(N)O2,0
ZINC00540852,DUD_sahh_D_321,NS(=O)(=O)c1ccc(NC(=S)N2CCC(O)CC2)cc1,0
ZINC00543993,DUD_sahh_D_322,COCc1n[nH]c2c1[C@H](c1ccc(O)cc1)C(C#N)=C(N)O2,0
ZINC00543994,DUD_sahh_D_323,COCc1n[nH]c2c1[C@@H](c1ccc(O)cc1)C(C#N)=C(N)O2,0
ZINC00545407,DUD_sahh_D_324,Cc1cc(C)nc(Nc2nc(N)nc(N)n2)n1,0
ZINC00546284,DUD_sahh_D_325,Nc1nonc1NC(=O)CSc1nc2ccccc2[nH]1,0
ZINC00546284,DUD_sahh_D_326,Nc1nonc1NC(=O)CSc1[nH]c2ccccc2[nH+]1,0
ZINC00547117,DUD_sahh_D_327,Nc1nnn(CC(=O)N/N=C/c2ccncc2)n1,0
ZINC00547118,DUD_sahh_D_328,Nc1nnn(CC(=O)N/N=C\c2ccncc2)n1,0
ZINC00547313,DUD_sahh_D_329,Nc1nnn(CC(=O)N/N=C/c2c[nH]c3ccccc23)n1,0
ZINC00547334,DUD_sahh_D_330,Nc1nnn(CC(=O)N/N=C/c2cccnc2)n1,0
ZINC00547335,DUD_sahh_D_331,Nc1nnn(CC(=O)N/N=C/c2cccnc2)n1,0
ZINC00547347,DUD_sahh_D_332,COc1ccc(/C=N\NC(=O)Cn2nnc(N)n2)cc1,0
ZINC00547348,DUD_sahh_D_333,COc1ccc(/C=N/NC(=O)Cn2nnc(N)n2)cc1,0
ZINC00547373,DUD_sahh_D_334,Nc1nnn(CC(=O)N/N=C/c2cccc(O)c2)n1,0
ZINC00547374,DUD_sahh_D_335,Nc1nnn(CC(=O)N/N=C/c2cccc(O)c2)n1,0
ZINC00547445,DUD_sahh_D_336,Nc1nnnn1CC(=O)N/N=C\c1cccc(O)c1,0
ZINC00547446,DUD_sahh_D_337,Nc1nnnn1CC(=O)N/N=C\c1cccc(O)c1,0
ZINC00547469,DUD_sahh_D_338,COc1cc(/C=N\NC(=O)Cn2nnnc2N)ccc1O,0
ZINC00547470,DUD_sahh_D_339,COc1cc(/C=N\NC(=O)Cn2nnnc2N)ccc1O,0
ZINC00547479,DUD_sahh_D_340,Cc1ccc(/C=N\NC(=O)Cn2nnnc2N)o1,0
ZINC00547566,DUD_sahh_D_341,COc1cccc(/C=N\NC(=O)Cn2nnnc2N)c1O,0
ZINC00547567,DUD_sahh_D_342,COc1cccc(/C=N\NC(=O)Cn2nnnc2N)c1O,0
ZINC00547581,DUD_sahh_D_343,Nc1nnn(CC(=O)N/N=C/c2ccc3c(c2)OCO3)n1,0
ZINC00547582,DUD_sahh_D_344,Nc1nnn(CC(=O)N/N=C\c2ccc3c(c2)OCO3)n1,0
ZINC00547673,DUD_sahh_D_345,Cc1ccc(/C=N/NC(=O)Cn2nnc(N)n2)o1,0
ZINC00547709,DUD_sahh_D_346,Nc1nnnn1CC(=O)N/N=C/c1cccnc1,0
ZINC00547710,DUD_sahh_D_347,Nc1nnnn1CC(=O)N/N=C\c1cccnc1,0
ZINC00547742,DUD_sahh_D_348,Nc1nnnn1CC(=O)N/N=C/c1ccncc1,0
ZINC00547743,DUD_sahh_D_349,Nc1nnnn1CC(=O)N/N=C/c1ccncc1,0
ZINC00547751,DUD_sahh_D_350,COc1cccc(/C=N\NC(=O)Cn2nnc(N)n2)c1,0
ZINC00547752,DUD_sahh_D_351,COc1cccc(/C=N/NC(=O)Cn2nnc(N)n2)c1,0
ZINC00547760,DUD_sahh_D_352,Cc1cccc(/C=N/NC(=O)Cn2nnnc2N)n1,0
ZINC00547787,DUD_sahh_D_353,Nc1nnnn1CC(=O)N/N=C/c1ccccn1,0
ZINC00547835,DUD_sahh_D_354,COc1cccc(/C=N/NC(=O)Cn2nnc(N)n2)c1O,0
ZINC00547849,DUD_sahh_D_355,Nc1nnn(CC(=O)N/N=C/c2ccccn2)n1,0
ZINC00547887,DUD_sahh_D_356,Cc1ccccc1/C=N/NC(=O)Cn1nnc(N)n1,0
ZINC00547918,DUD_sahh_D_357,COc1ccccc1/C=N/NC(=O)Cn1nnc(N)n1,0
ZINC00547969,DUD_sahh_D_358,Cc1ccc(/C=N\NC(=O)Cn2nnc(N)n2)cc1,0
ZINC00547970,DUD_sahh_D_359,Cc1ccc(/C=N/NC(=O)Cn2nnc(N)n2)cc1,0
ZINC00547981,DUD_sahh_D_360,COc1cc(/C=N\NC(=O)Cn2nnc(N)n2)ccc1O,0
ZINC00547982,DUD_sahh_D_361,COc1cc(/C=N\NC(=O)Cn2nnc(N)n2)ccc1O,0
ZINC00548385,DUD_sahh_D_362,Nc1nnn(CC(=O)N/N=C/c2ccc(O)cc2)n1,0
ZINC00548386,DUD_sahh_D_363,Nc1nnn(CC(=O)N/N=C\c2ccc(O)cc2)n1,0
ZINC00548459,DUD_sahh_D_364,Nc1nnn(CC(=O)N/N=C/c2ccccc2O)n1,0
ZINC00551407,DUD_sahh_D_365,Nc1ccc(S(=O)(=O)NC(=O)[C@@H]2CCC(=O)O2)cc1,0
ZINC00551408,DUD_sahh_D_366,Nc1ccc(S(=O)(=O)NC(=O)[C@H]2CCC(=O)O2)cc1,0
ZINC00561167,DUD_sahh_D_367,Cc1cc(/C=N/O)c(C)n1-c1ccc(S(N)(=O)=O)cc1,0
ZINC00570576,DUD_sahh_D_368,Cc1cccc(NC(=O)c2nc[nH]c2C(=O)NN)c1,0
ZINC00570576,DUD_sahh_D_369,Cc1cccc(NC(=O)c2[nH+]c[nH]c2C(=O)NN)c1,0
ZINC00570576,DUD_sahh_D_370,Cc1cccc(NC(=O)c2[nH]cnc2C(=O)NN)c1,0
ZINC00570578,DUD_sahh_D_371,COc1cccc(NC(=O)c2nc[nH]c2C(=O)NN)c1,0
ZINC00570578,DUD_sahh_D_372,COc1cccc(NC(=O)c2[nH+]c[nH]c2C(=O)NN)c1,0
ZINC00570578,DUD_sahh_D_373,COc1cccc(NC(=O)c2[nH]cnc2C(=O)NN)c1,0
ZINC00570579,DUD_sahh_D_374,COc1ccc(NC(=O)c2nc[nH]c2C(=O)NN)cc1,0
ZINC00570579,DUD_sahh_D_375,COc1ccc(NC(=O)c2[nH]cnc2C(=O)NN)cc1,0
ZINC00570579,DUD_sahh_D_376,COc1ccc(NC(=O)c2[nH+]c[nH]c2C(=O)NN)cc1,0
ZINC00570580,DUD_sahh_D_377,COc1ccccc1NC(=O)c1nc[nH]c1C(=O)NN,0
ZINC00570580,DUD_sahh_D_378,COc1ccccc1NC(=O)c1[nH+]c[nH]c1C(=O)NN,0
ZINC00570580,DUD_sahh_D_379,COc1ccccc1NC(=O)c1[nH]cnc1C(=O)NN,0
ZINC00572897,DUD_sahh_D_380,Cc1cc(C)n2c(Nc3ccc(S(N)(=O)=O)cc3)nnc2n1,0
ZINC00583620,DUD_sahh_D_381,Cc1ccc([C@H]2C(C#N)=C(N)Oc3[nH]c(=O)[nH]c(=O)c32)o1,0
ZINC00615134,DUD_sahh_D_382,Cc1cc(N)nc(CNc2ccc(S(N)(=O)=O)cc2)n1,0
ZINC00712182,DUD_sahh_D_383,NS(=O)(=O)c1ccc(NCc2cc(=O)[nH]c(=O)[nH]2)cc1,0
ZINC00806176,DUD_sahh_D_384,Cc1cc(NC(=O)c2cc(S(N)(=O)=O)ccc2C)no1,0
ZINC00806178,DUD_sahh_D_385,Cc1ccc(S(=O)(=O)Nc2cccnc2)cc1C(N)=O,0
ZINC00812231,DUD_sahh_D_386,CC(=O)c1ccc(N[C@@H]2O[C@@H](O)[C@H](O)[C@@H](O)[C@H]2O)cc1,0
ZINC00848754,DUD_sahh_D_387,COc1cc(C(N)=O)ccc1-c1ccc(C(N)=O)cc1,0
ZINC00895152,DUD_sahh_D_388,C[C@H](O)[C@H](O)[C@@H]1CNC2=NC(N)=NC(=O)C2=N1,0
ZINC00897471,DUD_sahh_D_389,N#C[C@@]1(O[C@H]2O[C@H](CO)[C@@H](O)[C@H](O)[C@@H]2O)C=CCC1,0
ZINC00897520,DUD_sahh_D_390,O=C(Oc1c[nH]c2ccccc12)[C@H]1O[C@](O)(CO)[C@@H](O)[C@H]1O,0
ZINC00897590,DUD_sahh_D_391,O=C1N[C@H]2C(=C[C@H](O)[C@H](O)[C@H]2O)c2cc3c(cc21)OCO3,0
ZINC00897597,DUD_sahh_D_392,O=C1N[C@@H]2[C@H](O)[C@@H](O)[C@H](O)[C@@H](O)[C@H]2c2cc3c(c(O)c21)OCO3,0
ZINC00898995,DUD_sahh_D_393,O=C(OC[C@@H]1O[C@@H](O)[C@H](O)[C@H](O)[C@H]1O)c1cccnc1,0
ZINC00899383,DUD_sahh_D_394,COc1c(O)cc2c(c1O)C(=O)[C@@H](O)[C@@H](c1ccc(O)c(O)c1)O2,0
ZINC00900790,DUD_sahh_D_395,Cc1cc(O[C@@H]2O[C@@H](CO)[C@@H](O)[C@H](O)[C@@H]2O)no1,0
ZINC00900794,DUD_sahh_D_396,Cc1cc(=O)n([C@@H]2O[C@H](CO)[C@@H](O)[C@@H](O)[C@H]2O)o1,0
ZINC00900995,DUD_sahh_D_397,O=C1N[C@@H]2[C@H](O)[C@H](O)[C@H](O)[C@@H](O)[C@H]2c2cc3c(cc21)OCO3,0
ZINC00901322,DUD_sahh_D_398,O=C1Cc2ncn([C@@H]3O[C@@H](CO)[C@H](O)[C@@H]3O)c2N=CN1,0
ZINC00901659,DUD_sahh_D_399,NC(=O)c1ccc[n+]([C@@H]2O[C@H](CO)[C@H](O)[C@@H]2O)c1,0
ZINC00901892,DUD_sahh_D_400,O=C1[C@@H](O)[C@@H](CO)C[C@H](Nc2ccc([N+](=O)O)cc2)[C@H]1O,0
ZINC00967852,DUD_sahh_D_401,Nc1ncnc2c1ncn2[C@H]1O[C@@H](C=O)[C@H](O)[C@@H]1O,0
ZINC00993855,DUD_sahh_D_402,CC(=O)O[C@@H](C(=O)Nn1nnnc1N)c1ccccc1,0
ZINC00993856,DUD_sahh_D_403,CC(=O)O[C@H](C(=O)Nn1nnnc1N)c1ccccc1,0
ZINC01036515,DUD_sahh_D_404,NNC(=O)Cn1c(-c2ccccc2)cc(=O)n2ncnc12,0
ZINC01041275,DUD_sahh_D_405,O=C(NN[C@@H]1OC[C@H](O)[C@H](O)[C@@H]1O)c1cccnc1,0
ZINC01041276,DUD_sahh_D_406,O=C(NN[C@H]1OC[C@@H](O)[C@@H](O)[C@H]1O)c1cccnc1,0
ZINC01042107,DUD_sahh_D_407,CC(=O)Nc1ccn([C@H]2O[C@@H](CO)[C@@H](O)[C@H]2O)c(=O)n1,0
ZINC01044818,DUD_sahh_D_408,NNC(=O)Cn1nnc(-c2cccc([N+](=O)[O-])c2)n1,0
ZINC01051629,DUD_sahh_D_409,Cc1ccc([N+](=O)[O-])cc1N[C@@H]1OC[C@H](O)[C@@H](O)[C@@H]1O,0
ZINC01052452,DUD_sahh_D_410,NNC(=O)Cn1c(=O)n(CC(=O)NN)c2ccccc21,0
ZINC01055538,DUD_sahh_D_411,Cc1c(C(N)=O)sc(NC(=O)c2cccnc2)c1C#N,0
ZINC01070097,DUD_sahh_D_412,O=[N+]([O-])c1ccc(O[C@H]2O[C@@H](CO)[C@@H](O)[C@@H](O)[C@@H]2O)cc1,0
ZINC01070450,DUD_sahh_D_413,O=[N+]([O-])c1ccccc1O[C@H]1O[C@@H](CO)[C@@H](O)[C@H](O)[C@@H]1O,0
ZINC01085040,DUD_sahh_D_414,O=[N+]([O-])c1cccc(N[C@H]2O[C@H](CO)[C@@H](O)[C@@H]2O)c1,0
ZINC01086099,DUD_sahh_D_415,Cc1ccc2c(c1)nnc1nnc(SCC(=O)NN)n12,0
ZINC01087346,DUD_sahh_D_416,OC[C@@H]1O[C@H](Oc2cccc3cccnc23)[C@@H](O)[C@H](O)[C@H]1O,0
ZINC01090610,DUD_sahh_D_417,OC[C@@H](O)[C@@H](O)[C@H](O)c1cnn(-c2ccccc2)n1,0
ZINC01092285,DUD_sahh_D_418,Cc1ccc(C2=NN[C@H]([C@@H](O)[C@@H](O)[C@@H](O)CO)S2)cc1,0
ZINC01106192,DUD_sahh_D_419,NNC(=O)c1nnn(Cc2ccccc2F)c1C(=O)NN,0
ZINC01106884,DUD_sahh_D_420,NNC(=O)Cn1nc(-c2ccccc2)n(N)c1=O,0
ZINC01106885,DUD_sahh_D_421,NNC(=O)Cn1nc(Cc2ccccc2)n(N)c1=O,0
ZINC01140171,DUD_sahh_D_422,O=C(CCCC(=O)Nc1nc[nH]n1)Nc1nc[nH]n1,0
ZINC01199529,DUD_sahh_D_423,C[C@@H]1O[C@@H](Nc2cccc([N+](=O)[O-])c2)[C@@H](O)[C@@H](O)[C@@H]1O,0
ZINC01199551,DUD_sahh_D_424,Cc1ccc([N+](=O)[O-])cc1N[C@H]1O[C@@H](CO)[C@H](O)[C@H]1O,0
ZINC01203468,DUD_sahh_D_425,Cc1ccc(N[C@H]2O[C@@H](CO)[C@H](O)[C@H]2O)cc1[N+](=O)[O-],0
ZINC01203477,DUD_sahh_D_426,Cc1ccc(N[C@@H]2OC[C@@H](O)[C@H](O)[C@H]2O)cc1[N+](=O)[O-],0
ZINC01203554,DUD_sahh_D_427,Cc1ccc(N[C@@H]2O[C@H](CO)[C@H](O)[C@@H](O)[C@@H]2O)cc1,0
ZINC01203682,DUD_sahh_D_428,O=[N+]([O-])c1cccc(N[C@@H]2OC[C@H](O)[C@@H](O)[C@@H]2O)c1,0
ZINC01233816,DUD_sahh_D_429,Cc1ccc([N+](=O)[O-])cc1N[C@H]1O[C@@H](C)[C@H](O)[C@@H](O)[C@H]1O,0
ZINC01238591,DUD_sahh_D_430,CC(C)(O)c1nnn(-c2nonc2N)c1C(C)(C)O,0
ZINC01245602,DUD_sahh_D_431,Cc1nn(C)cc1/C=N\NC(=O)Cn1nnc(N)n1,0
ZINC01281152,DUD_sahh_D_432,CCCc1cc(=O)[nH]c(NNc2nc(=O)[nH]nc2C)n1,0
ZINC01281152,DUD_sahh_D_433,CCCc1cc(O)nc(NNc2nc(=O)[nH]nc2C)n1,0
ZINC01281152,DUD_sahh_D_434,CCCc1cc(=O)nc(NNc2nc(=O)[nH]nc2C)[nH]1,0
ZINC01281463,DUD_sahh_D_435,CCCc1cc(=O)[nH]c(Nc2ccc(S(N)(=O)=O)cc2)n1,0
ZINC01281463,DUD_sahh_D_436,CCCc1cc(O)nc(Nc2ccc(S(N)(=O)=O)cc2)n1,0
ZINC01281463,DUD_sahh_D_437,CCCc1cc(O)nc(Nc2ccc(S(N)(=O)=O)cc2)n1,0
ZINC01292908,DUD_sahh_D_438,OC[C@@H]1O[C@@H](O)[C@H](Nc2ncnc3ccccc23)[C@H](O)[C@@H]1O,0
ZINC01318743,DUD_sahh_D_439,O=c1ccc2cc(O[C@H]3O[C@@H](CO)[C@@H](O)[C@H]3O)c(O)cc2o1,0
ZINC01319552,DUD_sahh_D_440,O=C(O[C@H]1O[C@H](CO)[C@H](O)[C@H]1O)c1ccccc1,0
ZINC01319657,DUD_sahh_D_441,OC[C@H](O)[C@@H]1O[C@H](Sc2ccccc2)[C@@H](O)[C@@H]1O,0
ZINC01319731,DUD_sahh_D_442,CC(=O)O[C@H]1C[C@@H](n2ccc(N)nc2=O)O[C@@H]1CO,0
ZINC01320046,DUD_sahh_D_443,Cc1cc(=O)oc2cc(O[C@H]3O[C@@H](CO)[C@H](O)[C@H]3O)ccc12,0
ZINC01395434,DUD_sahh_D_444,CCS(=O)(=O)c1ccc2c(c1)NC[C@H](C(=O)NN)O2,0
ZINC01414905,DUD_sahh_D_445,CC(=O)Nc1ccc(Nc2c(N)oc(=O)n2N)cc1,0
ZINC01423425,DUD_sahh_D_446,CC(=O)Nc1cccc(N[C@H]2CS(=O)(=O)C[C@@H]2O)c1,0
ZINC01435750,DUD_sahh_D_447,O=[N+]([O-])c1cccc(N[C@@H]2O[C@H](CO)[C@H](O)[C@@H](O)[C@@H]2O)c1,0
ZINC01439804,DUD_sahh_D_448,Cc1c(C(=O)Nc2ccccc2)nnn1-c1nonc1N,0
ZINC01444144,DUD_sahh_D_449,Cc1ccc([N+](=O)[O-])cc1N[C@H]1OC[C@H](O)[C@H](O)[C@H]1O,0
ZINC01444219,DUD_sahh_D_450,CC(=O)c1ccc(N[C@@H]2O[C@@H](C)[C@@H](O)[C@H](O)[C@@H]2O)cc1,0
ZINC01445818,DUD_sahh_D_451,CC(=O)c1ccc(N[C@@H]2OC[C@@H](O)[C@H](O)[C@@H]2O)cc1,0
ZINC01462242,DUD_sahh_D_452,NNC(=O)COc1ccccc1OCC(=O)NN,0
ZINC01481884,DUD_sahh_D_453,Nc1ncnc2c1ncn2[C@H]1[C@@H](O)[C@H](O)[C@@]2(CO)O[C@@H]12,0
ZINC01482377,DUD_sahh_D_454,OCC1=C[C@@H](n2cnc3c2N=CNC[C@H]3O)[C@H](O)[C@H]1O,0
ZINC01493034,DUD_sahh_D_455,Nc1nc2c(ccn2[C@@H]2O[C@@H](CO)[C@H](O)[C@H]2O)c(=O)[nH]1,0
ZINC01493034,DUD_sahh_D_456,Nc1nc(=O)c2ccn([C@H]3O[C@H](CO)[C@@H](O)[C@@H]3O)c2[nH]1,0
ZINC01493034,DUD_sahh_D_457,Nc1nc(O)c2ccn([C@@H]3O[C@@H](CO)[C@H](O)[C@@H]3O)c2n1,0
ZINC01504913,DUD_sahh_D_458,O=[N+]([O-])c1cccc(N[C@H]2OC[C@H](O)[C@@H](O)[C@H]2O)c1,0
ZINC01504917,DUD_sahh_D_459,O=[N+]([O-])c1cccc(N[C@@H]2OC[C@@H](O)[C@H](O)[C@H]2O)c1,0
ZINC01505976,DUD_sahh_D_460,COc1ccc(N[C@H]2O[C@@H](CO)[C@@H](O)[C@@H]2O)cc1,0
ZINC01508293,DUD_sahh_D_461,CC(=O)Nc1ccc(S(=O)(=O)c2ccc(N)cc2)cc1N,0
ZINC01511065,DUD_sahh_D_462,Cc1ccc(NCC(=O)c2[nH]cnc2C(=O)NN)cc1,0
ZINC01511065,DUD_sahh_D_463,Cc1ccc(NCC(=O)c2[nH+]c[nH]c2C(=O)NN)cc1,0
ZINC01511130,DUD_sahh_D_464,Cc1ccc(N[C@@H]2O[C@@H](CO)[C@H](O)[C@H](O)[C@@H]2O)cc1C,0
ZINC01511133,DUD_sahh_D_465,Cc1ccc(N[C@@H]2O[C@H](CO)[C@@H](O)[C@H](O)[C@@H]2O)cc1C,0
ZINC01512341,DUD_sahh_D_466,O=[N+]([O-])c1cc(N[C@H]2O[C@@H](CO)[C@@H](O)[C@H]2O)ccc1Cl,0
ZINC01513788,DUD_sahh_D_467,O=[N+]([O-])c1ccc2ccn([C@@H]3OC[C@H](O)[C@H](O)[C@@H]3O)c2c1,0
ZINC01514638,DUD_sahh_D_468,O=[N+]([O-])c1cc(N[C@@H]2OC[C@@H](O)[C@@H](O)[C@H]2O)ccc1Cl,0
ZINC01514640,DUD_sahh_D_469,Cc1ccc([N+](=O)[O-])cc1N[C@H]1OC[C@H](O)[C@@H](O)[C@@H]1O,0
ZINC01515368,DUD_sahh_D_470,O=[N+]([O-])c1cccc2c1nnn2[C@H]1O[C@@H](CO)[C@H](O)[C@H]1O,0
ZINC01539080,DUD_sahh_D_471,Nc1ncnc2c1ncn2C[C@H]1O[C@@H](CO)[C@H]1CO,0
ZINC01558128,DUD_sahh_D_472,O=S(=O)(OC[C@@H](O)[C@@H]1OC[C@H](O)[C@@H]1O)c1ccccc1,0
ZINC01558856,DUD_sahh_D_473,Nc1ncnc2c1ncn2[C@H]1C[C@H](CO)[C@@H](O)O[C@H]1O,0
ZINC01558857,DUD_sahh_D_474,O=c1[nH]cnc2c1ncn2[C@H]1C[C@@H](CO)[C@H](O)O[C@H]1O,0
ZINC01558857,DUD_sahh_D_475,O=c1nc[nH]c2c1ncn2[C@H]1C[C@@H](CO)[C@H](O)O[C@H]1O,0
ZINC01558857,DUD_sahh_D_476,OC[C@@H]1C[C@H](n2cnc3c(O)ncnc32)[C@H](O)O[C@@H]1O,0
ZINC01561876,DUD_sahh_D_477,CC[C@H]1SC(NS(=O)(=O)c2ccc(N)cc2)=NC1=O,0
ZINC01562170,DUD_sahh_D_478,O=C(NCCO)c1ccc(C(=O)NCCO)cc1,0
ZINC01562639,DUD_sahh_D_479,O=c1cc(O)cnn1[C@@H]1O[C@@H](CO)[C@@H](O)[C@@H]1O,0
ZINC01562957,DUD_sahh_D_480,[NH2+]=c1ccn([C@@H]2C[C@H](CO)[C@H](O)[C@@H]2O)c(=O)[nH]1,0
ZINC01565124,DUD_sahh_D_481,O=c1ccn([C@H]2O[C@@H](CO)[C@H](O)[C@H]2C[N+](=O)[O-])c(=O)[nH]1,0
ZINC01565267,DUD_sahh_D_482,Nc1ncnc2c1ncn2[C@H]1O[C@@H](CO)[C@H](O)[C@H]1Br,0
ZINC01565754,DUD_sahh_D_483,NC(=O)c1cn([C@@H]2O[C@@H](CO)[C@H]3O[C@@H]32)c2ncnc(N)c12,0
ZINC01568456,DUD_sahh_D_484,CSc1nn([C@@H]2O[C@H](CO)[C@H](O)[C@@H]2O)c(=O)[nH]c1=O,0
ZINC01569094,DUD_sahh_D_485,Nc1ncnc2c1c1cncnc1n2[C@H]1O[C@@H](CO)[C@@H](O)[C@@H]1O,0
ZINC01571705,DUD_sahh_D_486,OC[C@H]1O[C@H](Nc2ccccc2/C=N\O)[C@H](O)[C@@H]1O,0
ZINC01571792,DUD_sahh_D_487,N#CC[C@@H]1O[C@@H](n2cnc3c(N)ncnc32)[C@H](O)[C@H]1O,0
ZINC01574785,DUD_sahh_D_488,CC(=O)OC[C@@H]1O[C@@H](n2ccc(O)cc2=O)[C@@H](O)[C@@H]1O,0
ZINC01575020,DUD_sahh_D_489,CC1(C)N=C(N)N=C(N)N1c1ccc(C(N)=O)cc1,0
ZINC01575341,DUD_sahh_D_490,Nc1ncnc2c1cnn2[C@H]1O[C@@H](CO)[C@H](O)[C@H]1O,0
ZINC01576869,DUD_sahh_D_491,CC(=O)Nc1ccc(/C=N/NC(=[NH2+])N[N+](=O)[O-])cc1,0
ZINC01581176,DUD_sahh_D_492,OC[C@H](O)[C@H](O)[C@@H](O)c1cnc2ccccc2n1,0
ZINC01582331,DUD_sahh_D_493,Nc1ncnc2c([C@@H]3O[C@H](CO)[C@@H](O)[C@@H]3O)c[nH]c12,0
ZINC01584138,DUD_sahh_D_494,CS(=O)(=O)NNC1=CC2=CC(NNS(C)(=O)=O)=CC2=C1,0
ZINC01584273,DUD_sahh_D_495,O=c1[nH]ncc2c([C@@H]3O[C@@H](CO)[C@@H](O)[C@H]3O)cnn12,0
ZINC01584904,DUD_sahh_D_496,CC1(C)O[C@@H]2/C(=C\NO)O[C@@H](n3cnc4c(N)ncnc43)[C@H]2O1,0
ZINC01587353,DUD_sahh_D_497,Cc1nc([C@H](Cl)[C@H]2O[C@H](CO)[C@@H](O)[C@H]2O)cc(=O)[nH]1,0
ZINC01587353,DUD_sahh_D_498,Cc1nc(=O)cc([C@@H](Cl)[C@@H]2O[C@H](CO)[C@@H](O)[C@H]2O)[nH]1,0
ZINC01587353,DUD_sahh_D_499,Cc1nc(O)cc([C@@H](Cl)[C@H]2O[C@@H](CO)[C@@H](O)[C@@H]2O)n1,0
ZINC01587354,DUD_sahh_D_500,O=c1cc([C@@H](Cl)[C@@H]2O[C@H](CO)[C@H](O)[C@@H]2O)nc[nH]1,0
ZINC01587354,DUD_sahh_D_501,O=c1cc([C@H](Cl)[C@@H]2O[C@@H](CO)[C@@H](O)[C@@H]2O)[nH]cn1,0
ZINC01587354,DUD_sahh_D_502,OC[C@@H]1O[C@@H]([C@@H](Cl)c2cc(O)ncn2)[C@H](O)[C@H]1O,0
ZINC01588611,DUD_sahh_D_503,Cc1cn(CCCn2cnc3c(N)ncnc32)c(=O)[nH]c1=O,0
ZINC01588969,DUD_sahh_D_504,Cc1ccc(-c2cc(C(=O)NN)c(C#N)c(=O)[nH]2)cc1,0
ZINC01588969,DUD_sahh_D_505,Cc1ccc(-c2cc(C(=O)NN)c(C#N)c(O)n2)cc1,0
ZINC01588991,DUD_sahh_D_506,CSC[C@H]1O[C@H](n2ccc3c(N)ncnc32)[C@H](O)[C@H]1O,0
ZINC01591726,DUD_sahh_D_507,C[C@@H](C(=O)c1ccccc1)c1nc2nnc(N)n2[nH]c1=O,0
ZINC01591888,DUD_sahh_D_508,CC(=O)Nc1ccc(S(=O)(=O)Oc2nccnc2N)cc1,0
ZINC01592578,DUD_sahh_D_509,COc1ccc(C(=O)Cc2nc3nnc(N)n3[nH]c2=O)cc1,0
ZINC01603680,DUD_sahh_D_510,OC[C@@H]1O[C@H](Sc2ncnc3[nH]cnc23)[C@@H](O)[C@H](O)[C@@H]1O,0
ZINC01603680,DUD_sahh_D_511,OC[C@H]1O[C@H](Sc2ncnc3nc[nH]c23)[C@H](O)[C@H](O)[C@@H]1O,0
ZINC01604407,DUD_sahh_D_512,Nc1nc(N(CCO)CCO)nc2c(N)ncnc12,0
ZINC01604656,DUD_sahh_D_513,O=C1C=C(Nc2cccc(NC3=CC(=O)NC3=O)c2)C(=O)N1,0
ZINC01605206,DUD_sahh_D_514,O=c1nc2[nH]cnc2cn1[C@@H]1O[C@H](CO)[C@H](O)[C@@H]1O,0
ZINC01605206,DUD_sahh_D_515,O=c1nc2nc[nH]c2cn1[C@@H]1O[C@@H](CO)[C@@H](O)[C@@H]1O,0
ZINC01605705,DUD_sahh_D_516,CC(=O)c1ccc(Nc2nc(N)nc(N)n2)cc1,0
ZINC01608141,DUD_sahh_D_517,Nc1nc(N)c(NS(=O)(=O)c2ccccc2)c(=O)[nH]1,0
ZINC01608141,DUD_sahh_D_518,Nc1nc(=O)c(NS(=O)(=O)c2ccccc2)c(N)[nH]1,0
ZINC01608141,DUD_sahh_D_519,Nc1nc(N)c(NS(=O)(=O)c2ccccc2)c(O)n1,0
ZINC01609079,DUD_sahh_D_520,O=C1O[C@H]2[C@H]3CO[C@H](O)[C@](O)(O3)[C@@H]2/C1=C\c1ccc(O)cc1,0
ZINC01609155,DUD_sahh_D_521,CSc1nc(N[C@@H]2OC[C@H](O)[C@@H](O)[C@@H]2O)cc(=O)[nH]1,0
ZINC01609155,DUD_sahh_D_522,CSc1nc(=O)cc(N[C@@H]2OC[C@@H](O)[C@H](O)[C@H]2O)[nH]1,0
ZINC01609155,DUD_sahh_D_523,CSc1nc(O)cc(N[C@H]2OC[C@@H](O)[C@H](O)[C@@H]2O)n1,0
ZINC01609313,DUD_sahh_D_524,C=C1C[C@@](C)(Cn2c(N)nc3nc[nH]c3c2=O)OC1=O,0
ZINC01609415,DUD_sahh_D_525,O=C1Nc2cc3c(cc2C(=O)N2C=C(NO)C[C@@H]12)OCO3,0
ZINC01610566,DUD_sahh_D_526,C[C@H]1SC(Nc2ccc(S(N)(=O)=O)cc2)=NC1=O,0
ZINC01611250,DUD_sahh_D_527,O=C1O[C@@H]2[C@H](O)[C@H](N(O)c3ccccc3)O[C@H]2[C@@H]1O,0
ZINC01611706,DUD_sahh_D_528,C=C1NS(=O)(=O)NC(C)=C1CC1=C(C)NS(=O)(=O)NC1=C,0
ZINC01612443,DUD_sahh_D_529,Nc1nnc2nc(CC(=O)c3ccccc3)c(=O)[nH]n12,0
ZINC01612702,DUD_sahh_D_530,O=c1[nH]cnc2c1ncn2[C@@H]1C=C(CO)[C@H](O)[C@@H]1O,0
ZINC01612702,DUD_sahh_D_531,O=c1nc[nH]c2c1ncn2[C@@H]1C=C(CO)[C@@H](O)[C@H]1O,0
ZINC01612702,DUD_sahh_D_532,OCC1=C[C@H](n2cnc3c(O)ncnc32)[C@H](O)[C@H]1O,0
ZINC01612912,DUD_sahh_D_533,Nc1nc2c(nnn2[C@H]2CC[C@H](CO)C2)c(=O)[nH]1,0
ZINC01612912,DUD_sahh_D_534,Nc1nc(=O)c2nnn([C@H]3CC[C@H](CO)C3)c2[nH]1,0
ZINC01612912,DUD_sahh_D_535,Nc1nc(O)c2nnn([C@@H]3CC[C@@H](CO)C3)c2n1,0
ZINC01612928,DUD_sahh_D_536,Nc1nc2c(nnn2[C@H]2C=C[C@@H](CO)C2)c(=O)[nH]1,0
ZINC01613660,DUD_sahh_D_537,Nc1ncnc2c1ncn2[C@@H]1O[C@H](CO)[C@H](O)[C@@H]1CO,0
ZINC01614360,DUD_sahh_D_538,Cc1nc2c(N)c3nc(C)n(N)c(=O)c3cc2c(=O)n1N,0
ZINC01616462,DUD_sahh_D_539,C[n+]1c2n(c3nc(N)[nH]c(=O)c31)[C@@H]1O[C@H](C2)[C@@H](O)[C@@H]1O,0
ZINC01616462,DUD_sahh_D_540,C[n+]1c2n(c3[nH]c(N)nc(=O)c31)[C@@H]1O[C@@H](C2)[C@H](O)[C@H]1O,0
ZINC01616462,DUD_sahh_D_541,C[n+]1c2n(c3nc(N)nc(O)c31)[C@@H]1O[C@@H](C2)[C@@H](O)[C@H]1O,0
ZINC01617063,DUD_sahh_D_542,C[C@]1(O)[C@@H](CO)O[C@@H](n2cnc3c(N)ncnc32)[C@H]1O,0
ZINC01617064,DUD_sahh_D_543,CSC[C@H]1C[C@H](n2cnc3c(N)ncnc32)[C@H](O)[C@@H]1O,0
ZINC01617092,DUD_sahh_D_544,O=c1[nH]cnc2c(N[C@@H]3O[C@H](CO)[C@@H](O)[C@H]3O)cccc12,0
ZINC01619707,DUD_sahh_D_545,O=c1cc(O)ccn1[C@H]1C=C(CO)[C@H](O)[C@H]1O,0
ZINC01620900,DUD_sahh_D_546,CS(=O)(=O)Oc1cccc(/C=N/NC(=[NH2+])NO)c1,0
ZINC01621085,DUD_sahh_D_547,Nc1ccc(S(=O)(=O)NC2CCC(O)CC2)cc1,0
ZINC01628620,DUD_sahh_D_548,O=c1[nH]cnc2c1nnn2[C@@H]1C=C(CO)[C@H](O)[C@@H]1O,0
ZINC01628620,DUD_sahh_D_549,O=c1nc[nH]c2c1nnn2[C@@H]1C=C(CO)[C@H](O)[C@H]1O,0
ZINC01628620,DUD_sahh_D_550,OCC1=C[C@H](n2nnc3c(O)ncnc32)[C@H](O)[C@@H]1O,0
ZINC01631659,DUD_sahh_D_551,C[C@@H]1O[C@@H](n2ccc3ccc([N+](=O)[O-])cc32)[C@H](O)[C@@H](O)[C@@H]1O,0
ZINC01632558,DUD_sahh_D_552,Nc1ncnc2c([C@@H]3O[C@H](CO)[C@H](O)[C@@H]3O)scc12,0
ZINC01634883,DUD_sahh_D_553,Nc1ncnc2c1ncn2[C@@H]1C(=O)[C@H](CO)[C@H]1CO,0
ZINC01635268,DUD_sahh_D_554,Nc1ncnc2c1ncn2CC1O[C@H](CO)[C@@H](CO)O1,0
ZINC01635780,DUD_sahh_D_555,Cc1cc(S(N)(=O)=O)c(N)c(S(N)(=O)=O)c1,0
ZINC01636843,DUD_sahh_D_556,N#Cc1nc(CCc2nc(C#N)c(N)o2)oc1N,0
ZINC01639338,DUD_sahh_D_557,Cc1ccc(Nc2nc3[nH]cnc3c(=O)[nH]2)cc1CO,0
ZINC01639373,DUD_sahh_D_558,Cc1nn(-c2ncc(C#N)c(=O)[nH]2)c(O)c1CCO,0
ZINC01639373,DUD_sahh_D_559,Cc1nn(-c2nc(=O)c(C#N)c[nH]2)c(O)c1CCO,0
ZINC01639373,DUD_sahh_D_560,Cc1nn(-c2ncc(C#N)c(O)n2)c(O)c1CCO,0
ZINC01639430,DUD_sahh_D_561,Nc1ncnc2c1ncn2[C@@H]1C=C[C@H](COS(N)(=O)=O)C1,0
ZINC01639446,DUD_sahh_D_562,Nc1ncnc2c1ncn2[C@H]1CC[C@@H](COS(N)(=O)=O)C1,0
ZINC01639450,DUD_sahh_D_563,NS(=O)(=O)OC[C@H]1C=C[C@@H](n2nnc3c(=[NH2+])[nH]cnc32)C1,0
ZINC01640621,DUD_sahh_D_564,Cc1cc(NS(=O)(=O)c2ccc(NO)cc2)no1,0
ZINC01641947,DUD_sahh_D_565,Cc1ccc2[nH]c(=O)c(-c3c[nH]c(=O)nn3)c(O)c2c1,0
ZINC01641947,DUD_sahh_D_566,Cc1ccc2nc(O)c(-c3c[nH]c(=O)nn3)c(O)c2c1,0
ZINC01644041,DUD_sahh_D_567,Nc1ncnc2c1ncn2CCn1cnc2c(N)ncnc21,0
ZINC01645563,DUD_sahh_D_568,Nc1ncnc2c([C@@H]3O[C@H](CO)[C@H](O)[C@H]3O)nsc12,0
ZINC01645973,DUD_sahh_D_569,Cc1csc2c(=O)n([C@@H]3O[C@@H](CO)[C@H](O)[C@H]3O)c(=O)[nH]c12,0
ZINC01646766,DUD_sahh_D_570,CC(=O)Nc1ccc(Nc2cc(=O)[nH]c(=O)[nH]2)cc1,0
ZINC01648710,DUD_sahh_D_571,O=c1[nH]c(Nc2cccc(CO)c2)nc2[nH]cnc12,0
ZINC01650175,DUD_sahh_D_572,O=c1cnn([C@@H]2O[C@@H](CO)[C@H](O)[C@H](F)[C@H]2O)c(=O)[nH]1,0
ZINC01650295,DUD_sahh_D_573,CC(=O)Nc1ccc(Nc2nc(=O)[nH]c(=O)[nH]2)cc1,0
ZINC01650303,DUD_sahh_D_574,COC(=O)c1ccc(Nc2nc3[nH]cnc3c(=O)[nH]2)cc1,0
ZINC01654247,DUD_sahh_D_575,O=c1[nH]cnc2c1ccn2[C@H]1O[C@@H](CO)[C@H](O)[C@@H]1O,0
ZINC01654247,DUD_sahh_D_576,O=c1nc[nH]c2c1ccn2[C@@H]1O[C@H](CO)[C@@H](O)[C@@H]1O,0
ZINC01654247,DUD_sahh_D_577,OC[C@@H]1O[C@@H](n2ccc3c(O)ncnc32)[C@H](O)[C@H]1O,0
ZINC01654336,DUD_sahh_D_578,COc1nc2ncc([C@@H](O)[C@H](O)CO)nc2c(=O)[nH]1,0
ZINC01654719,DUD_sahh_D_579,COC(OC)[C@@H](O)[C@@H]1OC=C[C@@H]1n1cnc2c(N)ncnc21,0
ZINC01655126,DUD_sahh_D_580,Nc1ncnc2c1cnn2COC[C@H](O)CO,0
ZINC01656343,DUD_sahh_D_581,NNC(=O)CC(CC(=O)NN)c1ccccc1,0
ZINC01656344,DUD_sahh_D_582,COc1ccc(C(CC(=O)NN)CC(=O)NN)cc1,0
ZINC01657406,DUD_sahh_D_583,Nc1ncnc2c1nc1n2[C@H]2O[C@@H](CO)[C@@H](O)[C@@H]2S1,0
ZINC01658541,DUD_sahh_D_584,Nc1ncnc2c1cnn2Cc1cn(COCCO)nn1,0
ZINC01659767,DUD_sahh_D_585,OC[C@H]1O[C@@H](c2[nH]nc3cncnc23)[C@H](O)[C@@H]1O,0
ZINC01659767,DUD_sahh_D_586,OC[C@H]1O[C@@H](c2n[nH]c3cncnc23)[C@H](O)[C@H]1O,0
ZINC01665848,DUD_sahh_D_587,CCOC(=O)/C=c1\[nH]c2c(nc1=O)NC(N)=NC=2N,0
ZINC01666241,DUD_sahh_D_588,COC(=O)c1ccc(O)c(NC(=O)CSC(N)=O)c1,0
ZINC01667468,DUD_sahh_D_589,NC(=O)c1ccc(NS(=O)(=O)c2ccc(N)cc2)nc1,0
ZINC01668825,DUD_sahh_D_590,CCOC(=O)Cc1nc2c(=O)[nH]c(N)nc2[nH]c1=O,0
ZINC01680550,DUD_sahh_D_591,Cc1nn([C@@H]2C[C@@H](O)[C@H](O)[C@@H](CO)O2)c(=O)[nH]c1=O,0
ZINC01682530,DUD_sahh_D_592,Cc1ccc(Nc2ncc3c(=O)[nH][nH]c(=O)c3n2)cc1,0
ZINC01683533,DUD_sahh_D_593,Cc1nc(NS(=O)(=O)c2ccc(N)cc2)ncc1CCO,0
ZINC01684694,DUD_sahh_D_594,Cc1cc(N)c(N[C@@H]2O[C@H](CO)[C@@H](O)[C@@H]2O)cc1C,0
ZINC01685069,DUD_sahh_D_595,C[n+]1cn([C@@H]2O[C@H](CO)[C@H](O)[C@@H]2O)c2[n-]c(=O)[nH]c(=O)c21,0
ZINC01690617,DUD_sahh_D_596,NS(=O)(=O)c1cccc2c(S(N)(=O)=O)cccc12,0
ZINC01692108,DUD_sahh_D_597,OCCNc1nnc(NCCO)c2[nH]cnc12,0
ZINC01694487,DUD_sahh_D_598,CCNS(=O)(=O)c1ccc(S(N)(=O)=O)cc1,0
ZINC01694488,DUD_sahh_D_599,C=C(C)CNS(=O)(=O)c1ccc(S(N)(=O)=O)cc1,0
ZINC01701355,DUD_sahh_D_600,N#Cc1cn([C@@H]2O[C@@H](CO)[C@H](O)[C@@H]2O)c2nc[nH]c(=O)c12,0
ZINC01701355,DUD_sahh_D_601,N#Cc1cn([C@H]2O[C@@H](CO)[C@H](O)[C@@H]2O)c2[nH]cnc(=O)c12,0
ZINC01701355,DUD_sahh_D_602,N#Cc1cn([C@H]2O[C@H](CO)[C@@H](O)[C@@H]2O)c2ncnc(O)c12,0
ZINC01701372,DUD_sahh_D_603,CC(=O)Nc1cc(NC(C)=O)c2ccc(=O)[nH]c2c1O,0
ZINC01703013,DUD_sahh_D_604,Nc1ncnc2c1ncn2Cc1ccc(S(N)(=O)=O)cc1,0
ZINC01703682,DUD_sahh_D_605,CSc1cc(=O)n([C@@H]2O[C@H](CO)[C@@H](O)[C@H]2O)c(=O)[nH]1,0
ZINC01708089,DUD_sahh_D_606,Nc1ncnc2c1ncn2[C@@H]1C[C@@H](O)OC[C@@H]1O,0
ZINC01708945,DUD_sahh_D_607,COC(=O)[C@H](CON)NS(=O)(=O)c1ccc(N)cc1,0
ZINC01710675,DUD_sahh_D_608,CCOC(=O)c1ccc(NC/C(=C\[NH3+])NO)cc1,0
ZINC01711069,DUD_sahh_D_609,Nc1ncn([C@H]2C[C@@H](O)[C@@H](CO)O2)c2ncnc1-2,0
ZINC01712403,DUD_sahh_D_610,Nc1ncnc2c1nnn2[C@H]1C[C@@H](CO)[C@H](O)[C@@H]1O,0
ZINC01713362,DUD_sahh_D_611,Cc1cc2nc(N)n([C@H]3O[C@@H](CO)[C@@H](O)[C@@H]3O)c2cc1C,0
ZINC01713374,DUD_sahh_D_612,CSc1ncnc2c([C@H]3O[C@H](CO)[C@@H](O)[C@@H]3O)[nH]nc12,0
ZINC01713374,DUD_sahh_D_613,CSc1ncnc2c([C@H]3O[C@@H](CO)[C@@H](O)[C@H]3O)n[nH]c12,0
ZINC01715865,DUD_sahh_D_614,Cn1c(=O)n([C@H]2O[C@@H](CO)[C@H](O)[C@H]2O)c2ncnc(N)c21,0
ZINC01718427,DUD_sahh_D_615,OCCNc1nc(NCCO)c2c[nH]nc2n1,0
ZINC01720799,DUD_sahh_D_616,CO[C@@H]1O[C@H]2[C@@H](CO)O[C@@H](n3nnc4c(N)ncnc43)[C@H]2O1,0
ZINC01725905,DUD_sahh_D_617,NC(=S)c1c2ccccc2nn1[C@@H]1O[C@H](CO)[C@H](O)[C@@H]1O,0
ZINC01727069,DUD_sahh_D_618,Nc1ncnc2c1ncn2[C@@H]1O[C@@H](C2CC2)[C@H](O)[C@@H]1O,0
ZINC01728677,DUD_sahh_D_619,Nc1ncnc2c1nnn2[C@@H]1CO[C@@H](CO)[C@H]1O,0
ZINC01728678,DUD_sahh_D_620,Nc1ncnc2c1nnn2[C@H]1C[C@@H](O)[C@H](CO)O1,0
ZINC01729546,DUD_sahh_D_621,NC(=O)SCC(=O)Nc1ccc(S(N)(=O)=O)cc1,0
ZINC01730497,DUD_sahh_D_622,Nc1ncn([C@@H]2O[C@@H](CO)[C@H](O)[C@H]2O)c2ncnc1-2,0
ZINC01734395,DUD_sahh_D_623,Cc1nc(N)[nH]c(=O)c1NC(=O)c1ccc([N+](=O)[O-])cc1,0
ZINC01734396,DUD_sahh_D_624,Cc1nc(N)[nH]c(=O)c1NC(=O)c1ccc(N)cc1,0
ZINC01740736,DUD_sahh_D_625,CCc1nc(N[N+](=O)[O-])nc(N)c1-c1ccccc1O,0
ZINC01742092,DUD_sahh_D_626,NC(=O)c1nnn(Cc2ccccc2)c1C(N)=O,0
ZINC01744645,DUD_sahh_D_627,CC(=O)Nc1c(N)nc(N=c2[nH]c3ccccc3[nH]2)[nH]c1=O,0
ZINC01745956,DUD_sahh_D_628,Cc1nc(N)[nH]c(=O)c1CCCNc1cccnc1,0
ZINC01746163,DUD_sahh_D_629,Cc1ccc(C(=O)Nc2c(N)ncnc2N)cc1[N+](=O)[O-],0
ZINC01746803,DUD_sahh_D_630,N#Cc1ccc(C(=O)Nc2c(N)ncnc2N)cc1,0
ZINC01748342,DUD_sahh_D_631,Nc1ncnc(N)c1NC(=O)Cc1cccc([N+](=O)[O-])c1,0
ZINC01748570,DUD_sahh_D_632,NNC(=O)[C@@H](Sc1n[nH]c(=O)[nH]c1=O)c1ccccc1,0
ZINC01748573,DUD_sahh_D_633,NNC(=O)[C@@H](Sc1n[nH]c(=O)[nH]c1=O)c1ccccc1,0
ZINC01749385,DUD_sahh_D_634,Cc1ccc(C(=O)Nc2c(N)ncnc2N)cc1C,0
ZINC01749415,DUD_sahh_D_635,COc1ccc(C(=O)Nc2c(N)ncnc2N)cc1,0
ZINC01749433,DUD_sahh_D_636,COCc1ccc(C(=O)Nc2c(N)ncnc2N)cc1,0
ZINC01749916,DUD_sahh_D_637,CC1(C)N=C(N)N=C(N)N1c1cccc(CO)c1,0
ZINC01751787,DUD_sahh_D_638,O=S(=O)(Cc1ccccc1)N[C@@H]1[C@H](O)OC[C@@H](O)[C@@H]1O,0
ZINC01755094,DUD_sahh_D_639,CO[C@H]1O[C@@H](CO)[C@@H](O)[C@H]1n1cnc2c(N)ncnc21,0
ZINC01755805,DUD_sahh_D_640,N#Cc1ccccc1N[C@@H]1OC[C@H](O)[C@H](O)[C@@H]1O,0
ZINC01762424,DUD_sahh_D_641,NC(=O)c1ccc[n+](CCc2nc(N)c3nc[nH]c3n2)c1,0
ZINC01787620,DUD_sahh_D_642,O=C(CNc1n[nH]c(=O)[nH]c1=O)NN/C=C1/CC=CCC1,0
ZINC01797750,DUD_sahh_D_643,Cc1oc2cc3c(C(=O)NN)c(C)oc3cc2c1C(=O)NN,0
ZINC01818095,DUD_sahh_D_644,NC(=O)c1cc[n+](CC(=O)Nc2c[nH]c(=O)[nH]c2=O)cc1,0
ZINC01828869,DUD_sahh_D_645,CC(=O)O/N=C(/Nc1ccc(C)cc1)c1nonc1N,0
ZINC01833369,DUD_sahh_D_646,C=C(CC)NNC(=O)c1nnn(-c2nonc2N)c1C,0
ZINC01842836,DUD_sahh_D_647,CC1(C)N=C(N)N=C(N)N1c1ccc(S(C)(=O)=O)cc1,0
ZINC01842845,DUD_sahh_D_648,Nc1ncnc(Nc2ccc(S(N)(=O)=O)cc2)n1,0
ZINC01843209,DUD_sahh_D_649,O=C1NC(=O)[C@H](CCS(=O)(=O)Nc2ccccc2)N1,0
ZINC01845643,DUD_sahh_D_650,CC1(C)N=C(N)N=C(N)N1c1ccc(S(N)(=O)=O)cc1,0
ZINC01856856,DUD_sahh_D_651,Nc1ncnc2c1ncn2[C@H]1C[C@@H](O)[C@@]2(CO)C[C@@H]12,0
ZINC01857650,DUD_sahh_D_652,Nc1ncnc2c1ncc(=O)n2[C@@H]1C[C@@H](O)[C@@H](CO)O1,0
ZINC01866460,DUD_sahh_D_653,[O-][n+]1cc([C@@H](O)[C@H](O)[C@@H](O)CO)[n+]([O-])c2ccccc21,0
ZINC01873304,DUD_sahh_D_654,C/C(=C\c1ccc2c(c1)OCO2)NNc1nonc1N,0
ZINC01882859,DUD_sahh_D_655,OC[C@H]1O[C@H](Sc2ncnc3[nH]cnc23)[C@@H](O)[C@@H](O)[C@H]1O,0
ZINC01913098,DUD_sahh_D_656,Nc1cccc2c1C(=O)N([C@@H]1C[C@H](O)C(=O)NC1=O)C2=O,0
ZINC01920156,DUD_sahh_D_657,O=C(C[n+]1cccc(/C=N/O)c1)Nc1c[nH]c(=O)[nH]c1=O,0
ZINC01921096,DUD_sahh_D_658,Cc1cc(=O)[nH]c(SCC(=O)Nc2cc(=O)[nH]c(=O)[nH]2)n1,0
ZINC01921096,DUD_sahh_D_659,Cc1cc(=O)nc(SCC(=O)Nc2cc(=O)[nH]c(=O)[nH]2)[nH]1,0
ZINC01921096,DUD_sahh_D_660,Cc1cc(O)nc(SCC(=O)Nc2cc(=O)[nH]c(=O)[nH]2)n1,0
ZINC01921847,DUD_sahh_D_661,CSc1nnc(N)n1CC(=O)Nc1ccccc1C(N)=O,0
ZINC01952841,DUD_sahh_D_662,Cc1nnsc1C(=O)N/N=C/c1ccc(O)c(O)c1O,0
ZINC01986931,DUD_sahh_D_663,CSC(Nc1ccc(S(N)(=O)=O)cc1)=C(C#N)C#N,0
ZINC01994153,DUD_sahh_D_664,CC(=O)Nc1ccc(C(=O)CSc2nnc(N)[nH]2)cc1,0
ZINC02016759,DUD_sahh_D_665,NC(=O)OCCN(CCOC(N)=O)c1ccccc1,0
ZINC02031266,DUD_sahh_D_666,COC(=O)Nc1ccc(S(=O)(=O)NCCO)cc1,0
ZINC02039110,DUD_sahh_D_667,NC(=O)OCC1(COC(N)=O)COC(c2ccccc2)OC1,0
ZINC02047845,DUD_sahh_D_668,Nc1ncnc2c1ncn2[C@H]1O[C@@H](CO)C(=O)[C@H]1O,0
ZINC02050041,DUD_sahh_D_669,N#Cc1c(N)[n+]([O-])c2cc(NCCO)c(F)cc2[n+]1[O-],0
ZINC02077969,DUD_sahh_D_670,CSc1nc2ncc([C@@H](O)[C@H](O)CO)nc2c(=O)[nH]1,0
ZINC02077970,DUD_sahh_D_671,CSc1nc2ncc([C@H](O)[C@H](O)CO)nc2c(=O)[nH]1,0
ZINC02077971,DUD_sahh_D_672,CSc1nc2ncc([C@H](O)[C@@H](O)CO)nc2c(=O)[nH]1,0
ZINC02077972,DUD_sahh_D_673,CSc1nc2ncc([C@@H](O)[C@@H](O)CO)nc2c(=O)[nH]1,0
ZINC02105930,DUD_sahh_D_674,Nc1ncn(CCCO)c2nc(NCCO)nc1-2,0
ZINC02128547,DUD_sahh_D_675,CCOC(=O)c1[nH]c[n+]([C@@H]2O[C@@H](CO)[C@H](O)[C@H]2O)c1N,0
ZINC02138887,DUD_sahh_D_676,Nc1nonc1C(=O)NCCNC(=O)c1ccco1,0
ZINC02150956,DUD_sahh_D_677,NNC(=O)c1csc(CS(=O)(=O)Cc2ccco2)n1,0
ZINC02159441,DUD_sahh_D_678,CN(C)c1ccc(-c2c(C#N)c(N)n(N)c(=O)c2C#N)cc1,0
ZINC02163804,DUD_sahh_D_679,CS(=O)(=O)c1ccc(N2N=C(N)CC2=O)c(N)c1,0
ZINC02182322,DUD_sahh_D_680,Nc1cc(=O)[nH]c(SCC(=O)c2ccc(O)c(O)c2)n1,0
ZINC02182322,DUD_sahh_D_681,Nc1cc(O)nc(SCC(=O)c2ccc(O)c(O)c2)n1,0
ZINC02182322,DUD_sahh_D_682,Nc1cc(O)nc(SCC(=O)c2ccc(O)c(O)c2)n1,0
ZINC02188334,DUD_sahh_D_683,Nc1nonc1C(=[NH2+])NOCc1cccc([N+](=O)[O-])c1,0
ZINC02225547,DUD_sahh_D_684,CC(=O)c1ccc(NC(=O)[C@H]2CC(=O)N=C(N)S2)cc1,0
ZINC02225549,DUD_sahh_D_685,CC(=O)c1ccc(NC(=O)[C@@H]2CC(=O)N=C(N)S2)cc1,0
ZINC02243452,DUD_sahh_D_686,Nc1ccc(O[C@@H]2S[C@@H](CO)[C@H](O)[C@H](O)[C@@H]2O)cc1,0
ZINC02266170,DUD_sahh_D_687,Cc1nc(NS(=O)(=O)c2ccccc2)sc1C(=O)NN,0
ZINC02274788,DUD_sahh_D_688,NNC(=O)CCCNC(=O)c1cccnc1,0
ZINC02284065,DUD_sahh_D_689,CCCCn1nc(-c2nonc2N)nc1-c1nonc1N,0
ZINC02285051,DUD_sahh_D_690,CCCn1nc(-c2nonc2N)nc1-c1nonc1N,0
ZINC02320721,DUD_sahh_D_691,Nc1nnn(CC(=O)N/N=C\c2ccc(O)cc2O)n1,0
ZINC02325161,DUD_sahh_D_692,Cc1ccc(S(=O)(=O)Nc2nc(C)c(C(=O)NN)s2)cc1,0
ZINC02342648,DUD_sahh_D_693,C=c1[nH]n2/c(=C\c3ccc(O)c(O)c3)c(=O)nc-2nc1C,0
ZINC02347307,DUD_sahh_D_694,Cc1n[nH]c2c1[C@@]1(C(=O)N(CO)c3ccccc31)C(C#N)=C(N)O2,0
ZINC02347307,DUD_sahh_D_695,Cc1[nH]nc2c1[C@]1(C(=O)N(CO)c3ccccc31)C(C#N)=C(N)O2,0
ZINC02347308,DUD_sahh_D_696,Cc1n[nH]c2c1[C@@]1(C(=O)N(CO)c3ccccc31)C(C#N)=C(N)O2,0
ZINC02347308,DUD_sahh_D_697,Cc1[nH]nc2c1[C@@]1(C(=O)N(CO)c3ccccc31)C(C#N)=C(N)O2,0
ZINC02355230,DUD_sahh_D_698,C=C(NNC(=O)c1ccncc1)c1c(O)[nH]c(=O)[nH]c1=O,0
ZINC02381502,DUD_sahh_D_699,Nc1ncnc2c1nc1n2[C@H]2O[C@H]([C@H]1O)[C@H](O)[C@@H]2O,0
ZINC02381527,DUD_sahh_D_700,O=c1[nH]c(=O)c2ccn([C@@H]3C[C@H](O)[C@H](CO)O3)c2[nH]1,0
ZINC02385416,DUD_sahh_D_701,CC1(C)NS(=O)(=O)N(c2ccc(S(N)(=O)=O)cc2)C1=O,0
ZINC02388311,DUD_sahh_D_702,Nc1nc(=O)n([C@@H]2C[C@@H](O)[C@H](CO)O2)cc1O,0
ZINC02388375,DUD_sahh_D_703,NC1=c2ncn([C@@H]3O[C@H](CO)[C@H](O)C3=O)c2=[NH+]CN1,0
ZINC02392017,DUD_sahh_D_704,CC(C)(C)c1nnc(NNC(=O)c2ccncc2)n(N)c1=O,0
ZINC02434587,DUD_sahh_D_705,Cn1c(N)c(Sc2nnnn2-c2ccccc2)c(=O)[nH]c1=O,0
ZINC02451333,DUD_sahh_D_706,CN(C)S(=O)(=O)c1ccc(C(=O)NCC(=O)NN)cc1,0
ZINC02455512,DUD_sahh_D_707,Cc1cc(NC(=O)CSc2nnc(C)c(=O)n2N)no1,0
ZINC02465183,DUD_sahh_D_708,CC(C)NS(=O)(=O)c1ccc2[nH]c(=O)c(O)nc2c1,0
ZINC02473055,DUD_sahh_D_709,NS(=O)(=O)c1cc(O)c2c(S(N)(=O)=O)cccc2c1,0
ZINC02490449,DUD_sahh_D_710,Nc1cccc2ccc(S(=O)(=O)NCCO)cc12,0
ZINC02494770,DUD_sahh_D_711,O=C1Nc2ccc(S(=O)(=O)NCCO)c3cccc1c23,0
ZINC02506191,DUD_sahh_D_712,NNC(=O)CSCC(=O)Nc1cccc([N+](=O)[O-])c1,0
ZINC02508850,DUD_sahh_D_713,NC(=O)c1cc2c(=O)n3ccccc3nc2n(CCCO)c1=[NH2+],0
ZINC02521327,DUD_sahh_D_714,Cn1ncc([N+](=O)[O-])c1-c1nnc(SCC(=O)NN)n1C,0
ZINC02521331,DUD_sahh_D_715,Cn1c(Cn2cccn2)nnc1SCC(=O)NN,0
ZINC02523094,DUD_sahh_D_716,N#Cc1cnn(-c2ccc(S(N)(=O)=O)cc2)c1N,0
ZINC02525834,DUD_sahh_D_717,Cc1nc2c(N)ncnc2n([C@@H]2C[C@@H](O)[C@@H](CO)O2)c1=O,0
ZINC02526694,DUD_sahh_D_718,NNC(=O)CS[C@H]1CS(=O)(=O)c2cc([N+](=O)[O-])ccc21,0
ZINC02532399,DUD_sahh_D_719,CC(=O)N(c1ccccc1)[C@H]1C=C(NO)/C(=N/O)C1,0
ZINC02532896,DUD_sahh_D_720,NNC(=O)[C@H]1CCCN(S(=O)(=O)c2ccccc2)C1,0
ZINC02535154,DUD_sahh_D_721,NNC(=O)c1ccn(Cn2ccc([N+](=O)[O-])n2)n1,0
ZINC02536991,DUD_sahh_D_722,NNC(=O)c1ccn(Cn2cnc([N+](=O)[O-])n2)n1,0
ZINC02536992,DUD_sahh_D_723,Cc1nn(Cn2ccc(C(=O)NN)n2)c(C)c1[N+](=O)[O-],0
ZINC02537711,DUD_sahh_D_724,Cn1cc(S(=O)(=O)N2CCC[C@H](C(=O)NN)C2)cn1,0
ZINC02541278,DUD_sahh_D_725,Nc1nc2ccn([C@@H]3C[C@H](O)[C@@H](CO)O3)c2c(=O)[nH]1,0
ZINC02541278,DUD_sahh_D_726,Nc1nc(O)c2c(ccn2[C@@H]2C[C@H](O)[C@@H](CO)O2)n1,0
ZINC02541278,DUD_sahh_D_727,Nc1nc(=O)c2c(ccn2[C@H]2C[C@H](O)[C@H](CO)O2)[nH]1,0
ZINC02541965,DUD_sahh_D_728,Cc1nnn(-c2nonc2N)c1C(=O)NNC1=CCCC1,0
ZINC02555352,DUD_sahh_D_729,Cc1c(CC(=O)NN)c(=O)oc2cc(N)ccc12,0
ZINC02558183,DUD_sahh_D_730,C=C1O[C@H](On2cnc3c(N)ncnc32)[C@H](O)[C@H]1O,0
ZINC02558588,DUD_sahh_D_731,CN1CN([C@H]2O[C@H](CO)[C@@H](O)[C@H]2O)c2nc[nH]c(=O)c21,0
ZINC02558588,DUD_sahh_D_732,CN1CN([C@H]2O[C@@H](CO)[C@@H](O)[C@@H]2O)c2ncnc(O)c21,0
ZINC02558588,DUD_sahh_D_733,CN1CN([C@H]2O[C@@H](CO)[C@@H](O)[C@H]2O)c2[nH]cnc(=O)c21,0
ZINC02566691,DUD_sahh_D_734,CC(=O)Nc1ccc(S(=O)(=O)NCCO)cc1,0
ZINC02568615,DUD_sahh_D_735,NNC(=O)c1ccc(Cn2cnc([N+](=O)[O-])n2)cc1,0
ZINC02568954,DUD_sahh_D_736,Cn1c(SCC(=O)NN)nnc1-c1ccncc1,0
ZINC02569716,DUD_sahh_D_737,OC[C@H]1O[C@H](Oc2c[nH]c3cc(F)ccc23)[C@H](O)[C@@H](O)[C@H]1O,0
ZINC02604527,DUD_sahh_D_738,OCCNc1nc2nonc2nc1Nc1ccccc1,0
ZINC02605967,DUD_sahh_D_739,O=C1[C@@H]2[C@@H]3C[C@@H]([C@@H](O)[C@@H]3O)[C@@H]2C(=O)N1c1cccc(O)c1,0
ZINC02606552,DUD_sahh_D_740,O=c1ccnc(NCCNc2nccc(O)n2)[nH]1,0
ZINC02639305,DUD_sahh_D_741,O=C(COC(=O)C1=COCCO1)Nc1ccc2[nH]c(=O)[nH]c2c1,0
ZINC02648730,DUD_sahh_D_742,COc1ccc(NC(=O)CSc2nnc(N)[nH]2)cc1,0
ZINC02649699,DUD_sahh_D_743,Nc1nnc(SCC(=O)Nc2ccc3c(c2)OCO3)[nH]1,0
ZINC02659555,DUD_sahh_D_744,CCS(=O)(=O)NCc1ccc(S(N)(=O)=O)cc1,0
ZINC02661506,DUD_sahh_D_745,Cc1ccc2c(c1)-c1nc3nc(N)nc(O)c3cc1[C@@H](O)O2,0
ZINC02661507,DUD_sahh_D_746,Cc1ccc2c(c1)-c1nc3nc(N)nc(O)c3cc1[C@@H](O)O2,0
ZINC02662364,DUD_sahh_D_747,Cn1c(N)c(C(=O)CSc2nnc(N)[nH]2)c(=O)n(C)c1=O,0
ZINC02663682,DUD_sahh_D_748,Nc1nnc(SCc2cc(=O)oc3cc(O)ccc23)[nH]1,0
ZINC02665008,DUD_sahh_D_749,CN1CC(=O)N(CC(=O)Nc2ccc(C(N)=O)cc2)C1=O,0
ZINC02674908,DUD_sahh_D_750,CNc1nc2c(C)cccn2c(=O)c1C=C1C(=O)NC(=O)NC1=O,0
ZINC02685292,DUD_sahh_D_751,O=C1NC(=O)c2cc(S(=O)(=O)NCCO)cc3cccc1c23,0
ZINC02686102,DUD_sahh_D_752,OC[C@H]1O[C@@H](n2nnc3ccccc32)[C@H](O)[C@@H](O)[C@@H]1O,0
ZINC02694898,DUD_sahh_D_753,NNC(=O)[C@@H]1CCCN(S(=O)(=O)c2ccccc2)C1,0
ZINC02718752,DUD_sahh_D_754,Cc1ccc(S(=O)(=O)NNc2nnc(C)c(=O)[nH]2)cc1,0
ZINC02718752,DUD_sahh_D_755,Cc1ccc(S(=O)(=O)NNc2nnc(C)c(O)n2)cc1,0
ZINC02718752,DUD_sahh_D_756,Cc1ccc(S(=O)(=O)NNc2nnc(C)c(O)n2)cc1,0
ZINC02731888,DUD_sahh_D_757,Cn1cc(S(=O)(=O)N2CCC[C@H](C(=O)NN)C2)cn1,0
ZINC02738354,DUD_sahh_D_758,NS(=O)(=O)c1ccc(NC(=O)Cn2cnnn2)cc1,0
ZINC02754151,DUD_sahh_D_759,CC(=O)Nc1ccc(NC(=O)c2[nH]ncc2[N+](=O)[O-])cc1,0
ZINC02759095,DUD_sahh_D_760,Cc1cc(NC(=O)CSc2nc(N)cc(=O)[nH]2)no1,0
ZINC02759095,DUD_sahh_D_761,Cc1cc(NC(=O)CSc2nc(N)cc(O)n2)no1,0
ZINC02759095,DUD_sahh_D_762,Cc1cc(NC(=O)CSc2nc(=O)cc(N)[nH]2)no1,0
ZINC02759095,DUD_sahh_D_763,Cc1cc(NC(=O)CSc2nc(N)cc(O)n2)no1,0
ZINC02760211,DUD_sahh_D_764,CCn1ccc(C(=O)Nc2ccc(S(N)(=O)=O)cc2)n1,0
ZINC02761896,DUD_sahh_D_765,Cc1nn(C)c(C(=O)Nc2ccc(C(N)=O)cc2)c1[N+](=O)[O-],0
ZINC02764181,DUD_sahh_D_766,CNS(=O)(=O)c1ccc(NC(=O)c2[nH]ncc2[N+](=O)[O-])cc1,0
ZINC02765827,DUD_sahh_D_767,CCn1cc(C(=O)Nc2ccc(S(N)(=O)=O)cc2)cn1,0
ZINC02765998,DUD_sahh_D_768,CCn1nccc1C(=O)Nc1ccc(S(N)(=O)=O)cc1,0
ZINC02768349,DUD_sahh_D_769,CC[C@@H](Sc1nc(N)cc(=O)[nH]1)C(=O)Nc1cc(C)on1,0
ZINC02768349,DUD_sahh_D_770,CC[C@@H](Sc1nc(N)cc(O)n1)C(=O)Nc1cc(C)on1,0
ZINC02768349,DUD_sahh_D_771,CC[C@@H](Sc1nc(=O)cc(N)[nH]1)C(=O)Nc1cc(C)on1,0
ZINC02768349,DUD_sahh_D_772,CC[C@H](Sc1nc(N)cc(O)n1)C(=O)Nc1cc(C)on1,0
ZINC02768350,DUD_sahh_D_773,CC[C@@H](Sc1nc(N)cc(=O)[nH]1)C(=O)Nc1cc(C)on1,0
ZINC02768350,DUD_sahh_D_774,CC[C@@H](Sc1nc(N)cc(O)n1)C(=O)Nc1cc(C)on1,0
ZINC02768350,DUD_sahh_D_775,CC[C@@H](Sc1nc(=O)cc(N)[nH]1)C(=O)Nc1cc(C)on1,0
ZINC02768350,DUD_sahh_D_776,CC[C@H](Sc1nc(N)cc(O)n1)C(=O)Nc1cc(C)on1,0
ZINC02769116,DUD_sahh_D_777,Cc1cc(NC(=O)CSc2nc(N)cc(N)n2)no1,0
ZINC02769120,DUD_sahh_D_778,Nc1cc(N)nc(SCC(=O)Nc2ncccn2)n1,0
ZINC02785074,DUD_sahh_D_779,Cc1ncc(CSc2nc(N)cc(=O)[nH]2)c(N)n1,0
ZINC02785074,DUD_sahh_D_780,Cc1ncc(CSc2nc(N)cc(O)n2)c(N)n1,0
ZINC02785074,DUD_sahh_D_781,Cc1ncc(CSc2nc(N)cc(O)n2)c(N)n1,0
ZINC02836866,DUD_sahh_D_782,Cc1cc(NC(=O)CSc2nc(N)n[nH]2)no1,0
ZINC02842757,DUD_sahh_D_783,CCCNS(=O)(=O)c1ccc(S(N)(=O)=O)cc1,0
ZINC02869575,DUD_sahh_D_784,Cc1cccc(C(=O)Nc2nnc(CC(=[NH2+])NO)s2)c1,0
ZINC02896979,DUD_sahh_D_785,O=C1Nc2ccc(S(=O)(=O)NCCCO)c3cccc1c23,0
ZINC02906766,DUD_sahh_D_786,NS(=O)(=O)c1ccc(NC=C2C(=O)NC(=O)NC2=O)cc1,0
ZINC02906821,DUD_sahh_D_787,C/C(=C/n1nnc([N+](=O)[O-])n1)NNC(=O)c1ccoc1C,0
ZINC02951890,DUD_sahh_D_788,Cc1ccc2nc(NCCO)c(/C=N/O)c(=O)n2c1,0
ZINC02961211,DUD_sahh_D_789,C=C1NNC(=O)/C1=N/Nc1ccc(S(N)(=O)=O)cc1,0
ZINC03002916,DUD_sahh_D_790,O=c1[nH]c2ccc(S(=O)(=O)NCCO)cc2[nH]1,0
ZINC03032847,DUD_sahh_D_791,Cc1cc(NC(=O)CSc2n[nH]c(N)n2)no1,0
ZINC03042600,DUD_sahh_D_792,CCOc1ccc(-c2c(C#N)c(N)n(N)c(=O)c2C#N)cc1,0
ZINC03042640,DUD_sahh_D_793,Cc1ccc(-c2c(C#N)c(N)n(N)c(=O)c2C#N)o1,0
ZINC03061444,DUD_sahh_D_794,C[C@H](NS(=O)(=O)c1ccc([N+](=O)[O-])cc1)C(=O)NN,0
ZINC03065885,DUD_sahh_D_795,OC[C@@H]1O[C@H](n2nc3ccccc3n2)[C@@H](O)[C@H](O)[C@@H]1O,0
ZINC03073256,DUD_sahh_D_796,C[C@@H]1O[C@@H](NNC(=O)c2cccnc2)[C@H](O)[C@@H](O)[C@@H]1O,0
ZINC03074072,DUD_sahh_D_797,Cc1ccc(S(=O)(=O)NC(=O)CSC(N)=O)cc1,0
ZINC03079486,DUD_sahh_D_798,O=C(NN[C@H]1O[C@H](CO)[C@@H](O)[C@@H]1O)c1ccccc1O,0
ZINC03090745,DUD_sahh_D_799,Cc1cc(Oc2nonc2N)cc(Oc2nonc2N)c1,0
ZINC03098614,DUD_sahh_D_800,C=c1[nH][nH]c(=O)/c1=C\c1c(C)c(C#N)c(=O)n(C)c1O,0
ZINC03124924,DUD_sahh_D_801,CS(=O)(=O)Nc1ccc(O)c(NS(C)(=O)=O)c1,0
ZINC03148519,DUD_sahh_D_802,O=C(NN[C@@H]1O[C@H](CO)[C@@H](O)[C@H]1O)c1cccnc1,0
ZINC03156223,DUD_sahh_D_803,N#Cc1c(-c2ccc(O)cc2)c(C#N)c(=O)n(N)c1N,0
ZINC03156489,DUD_sahh_D_804,OCc1nnc(CO)n1NC(=S)Nc1ccccc1,0
ZINC03157501,DUD_sahh_D_805,Cc1ccc(S(=O)(=O)Nc2nc(N)nc(N)n2)cc1,0
ZINC03186056,DUD_sahh_D_806,NNC(=O)c1cccc(S(=O)(=O)N2CCCC2)c1,0
ZINC03221765,DUD_sahh_D_807,Cc1c(NC(=O)CSc2nnc(N)[nH]2)cccc1[N+](=O)[O-],0
ZINC03222437,DUD_sahh_D_808,CC(=O)c1ccc(NC(=O)[C@H](C)Sc2nnc(N)[nH]2)cc1,0
ZINC03222438,DUD_sahh_D_809,CC(=O)c1ccc(NC(=O)[C@@H](C)Sc2nnc(N)[nH]2)cc1,0
ZINC03225213,DUD_sahh_D_810,N#Cc1ccc(NC(=O)CSc2nnc(N)[nH]2)cc1,0
ZINC03232157,DUD_sahh_D_811,NC(=O)c1cc(-c2ccccc2)nc(NCCO)n1,0
ZINC03235760,DUD_sahh_D_812,Cn1nnnc1SCC(=O)Nc1ccc(C(N)=O)cc1,0
ZINC03240894,DUD_sahh_D_813,COc1ccccc1NC(=O)CSc1nnc(N)[nH]1,0
ZINC03309534,DUD_sahh_D_814,NS(=O)(=O)c1ccc(NC(=O)COC(=O)C2CC2)cc1,0
ZINC03318230,DUD_sahh_D_815,Nc1nnc(SCC(=O)N2CC(=O)Nc3ccccc32)[nH]1,0
ZINC03323386,DUD_sahh_D_816,C[C@@]1(NC(=S)Nc2nc(N)n[nH]2)CCS(=O)(=O)C1,0
ZINC03365204,DUD_sahh_D_817,Cn1nnnc1SCC(=O)Nc1ccc2[nH]c(=O)[nH]c2c1,0
ZINC03372114,DUD_sahh_D_818,Cc1nnc(NNC(=O)c2ccc(C#N)cc2)[nH]c1=O,0
ZINC03372114,DUD_sahh_D_819,Cc1nnc(NNC(=O)c2ccc(C#N)cc2)nc1O,0
ZINC03398938,DUD_sahh_D_820,Cc1n[nH]c(C)c1S(=O)(=O)Nc1ccc(C(N)=O)cc1,0
ZINC03411194,DUD_sahh_D_821,Cc1cc(NC(=O)COc2ccccc2C(N)=O)no1,0
ZINC03463685,DUD_sahh_D_822,NC(=O)c1ccc(NC(=O)COC(=O)C2=COCCO2)cc1,0
ZINC03513018,DUD_sahh_D_823,Nc1nnc(SCC(=O)c2ccc3c(c2)NC(=O)CO3)[nH]1,0
ZINC03524594,DUD_sahh_D_824,CCOC(=O)NC(=O)CSc1nc(N)cc(N)n1,0
ZINC03526320,DUD_sahh_D_825,Cn1cccc1C(=O)NC(=O)CSc1nnc(N)[nH]1,0
ZINC03583025,DUD_sahh_D_826,C=Cc1cn([C@@H]2O[C@@H](CO)[C@H](O)[C@@H]2O)c(=S)nc1N,0
ZINC03584087,DUD_sahh_D_827,C[C@H]1O[C@H](CO)O[C@H]1n1ccc2c(=O)[nH]c(N)nc21,0
ZINC03584087,DUD_sahh_D_828,C[C@@H]1O[C@@H](CO)O[C@H]1n1ccc2c(=O)nc(N)[nH]c21,0
ZINC03584087,DUD_sahh_D_829,C[C@@H]1O[C@H](CO)O[C@@H]1n1ccc2c(O)nc(N)nc21,0
ZINC03584090,DUD_sahh_D_830,Nc1nc2c(ccn2[C@H]2CO[C@@H](CO)O2)c(=O)[nH]1,0
ZINC03584090,DUD_sahh_D_831,Nc1nc(=O)c2ccn([C@@H]3CO[C@H](CO)O3)c2[nH]1,0
ZINC03584090,DUD_sahh_D_832,Nc1nc(O)c2ccn([C@H]3CO[C@H](CO)O3)c2n1,0
ZINC03590175,DUD_sahh_D_833,NC(=O)c1nn(COCCO)c2ncnc(N)c12,0
ZINC03590177,DUD_sahh_D_834,CC(=O)Nc1nn(COCCO)c2ncnc(N)c12,0
ZINC03595126,DUD_sahh_D_835,N#C[C@@H]1[C@@H](CO)O[C@@H](n2cnc3c(=O)[nH]cnc32)[C@H]1O,0
ZINC03595126,DUD_sahh_D_836,N#C[C@H]1[C@H](CO)O[C@@H](n2cnc3c(=O)nc[nH]c32)[C@H]1O,0
ZINC03595126,DUD_sahh_D_837,N#C[C@H]1[C@H](CO)O[C@@H](n2cnc3c(O)ncnc32)[C@H]1O,0
ZINC03595130,DUD_sahh_D_838,N#C[C@@H]1[C@H](CO)O[C@@H](n2cnc3c(N)ncnc32)[C@H]1O,0
ZINC03595405,DUD_sahh_D_839,Nc1nc(=O)[nH]c2c1ncn2C[C@]1(F)CC1(CO)CO,0
ZINC03595409,DUD_sahh_D_840,Nc1c2ncnc-2ncn1C[C@@]1(F)CC1(CO)CO,0
ZINC03595411,DUD_sahh_D_841,Nc1nc(=O)[nH]c2c1ncn2C[C@@]1(F)C[C@@H]1CO,0
ZINC03595419,DUD_sahh_D_842,Nc1ccn([C@H]2O[C@@H](CO)[C@@H](CO)[C@@H]2F)c(=O)n1,0
ZINC03595436,DUD_sahh_D_843,Cc1cn([C@H]2C=C[C@H](CO)[C@H](O)C2)c(=O)nc1N,0
ZINC03595437,DUD_sahh_D_844,Nc1nc(=O)n([C@H]2C=C[C@H](CO)[C@@H](O)C2)cc1F,0
ZINC03595439,DUD_sahh_D_845,Nc1ccn([C@H]2C=C[C@H](CO)[C@@H](O)C2)c(=O)n1,0
ZINC03595445,DUD_sahh_D_846,C[C@@]1(CO)O[C@H](n2cc(F)c(N)nc2=O)[C@@H](O)[C@H]1O,0
ZINC03599468,DUD_sahh_D_847,CC(=O)O[C@@H]1C(=O)N=C(NNC(=O)c2ccccc2)NC1=O,0
ZINC03599474,DUD_sahh_D_848,CC(=O)OC1C(=O)NC(=NNc2ccccc2)NC1=O,0
ZINC03600174,DUD_sahh_D_849,O=c1[nH]c(=O)n([C@H]2C[C@@H](O)[C@H](CO)O2)cc1-c1ccno1,0
ZINC03600176,DUD_sahh_D_850,O=c1[nH]c(=O)n([C@@H]2C[C@H](O)[C@@H](CO)O2)cc1-c1ccoc1,0
ZINC03600183,DUD_sahh_D_851,O=c1[nH]c(=O)n([C@H]2C[C@@H](O)[C@H](CO)O2)cc1-c1ccns1,0
ZINC03600246,DUD_sahh_D_852,Nc1nc2c(ncn2[C@@H]2C[C@@H](CO)[C@@H]2CO)c(=O)[nH]1,0
ZINC03604152,DUD_sahh_D_853,Cc1cc(=O)oc2cc(O[C@H]3SC[C@@H](O)[C@H](O)[C@H]3O)ccc12,0
ZINC03611815,DUD_sahh_D_854,Nc1nc2c(ccn2[C@@H]2C[C@H](CO)[C@H](O)[C@H]2O)c(=O)[nH]1,0
ZINC03611815,DUD_sahh_D_855,Nc1nc(=O)c2ccn([C@@H]3C[C@H](CO)[C@H](O)[C@@H]3O)c2[nH]1,0
ZINC03611815,DUD_sahh_D_856,Nc1nc(O)c2ccn([C@H]3C[C@H](CO)[C@H](O)[C@@H]3O)c2n1,0
ZINC03611851,DUD_sahh_D_857,C#Cc1cn([C@@H]2O[C@@H](CO)[C@@H](O)[C@@H]2F)c(=O)[nH]c1=[NH2+],0
ZINC03611855,DUD_sahh_D_858,C=Cc1cn([C@H]2O[C@H](CO)[C@H](O)[C@H]2F)c(=O)[nH]c1=[NH2+],0
ZINC03612439,DUD_sahh_D_859,Nc1nc2c(ncn2C[C@]2(CO)CC[C@@H]2CO)c(=O)[nH]1,0
ZINC03614146,DUD_sahh_D_860,NC1=[NH+][C@H]2[C@H](C=C[N@@H+]2C[C@@H](CO)CCO)C(=O)N1,0
ZINC03615358,DUD_sahh_D_861,Cc1nn([C@H]2O[C@@H](CO)[C@@H](O)[C@H]2O)c(=O)nc1N,0
ZINC03620588,DUD_sahh_D_862,COC(=O)c1ccc(CONC(=[NH2+])c2nonc2N)cc1,0
ZINC03624359,DUD_sahh_D_863,CC(=O)Nc1nonc1NC(=O)CSc1nc[nH]n1,0
ZINC03625484,DUD_sahh_D_864,C=C[C@@H]1NC(=O)c2ncn([C@H]3O[C@H](CO)[C@H](O)[C@@H]3O)c2N1,0
ZINC03633245,DUD_sahh_D_865,CC(=O)ONc1ccc(S(=O)(=O)NCCO)cc1,0
ZINC03640942,DUD_sahh_D_866,Nc1nc(NCCO)c2ncn(/C=C3/C[C@@H]3CO)c2n1,0
ZINC03646713,DUD_sahh_D_867,NC(=O)c1nnn([C@@H]2C[C@@H](CO)C[C@@H]2O)c1N,0
ZINC03646864,DUD_sahh_D_868,Nc1ncnc2c1CCN2[C@H]1O[C@H](CO)C[C@H]1O,0
ZINC03646905,DUD_sahh_D_869,O=c1[nH]c(=O)n([C@@H]2C[C@H](O)[C@@H](CO)O2)nc1-c1ccoc1,0
ZINC03646945,DUD_sahh_D_870,C#Cc1cn([C@H]2CO[C@@H](CO)[C@@H](O)C2)c(=O)[nH]c1=O,0
ZINC03647966,DUD_sahh_D_871,COc1cccc(NC(=O)c2nnn[n-]2)c1C(N)=O,0
ZINC03648520,DUD_sahh_D_872,Nc1nc2c(ncn2/C=C2\CC2(CO)CO)c(=O)[nH]1,0
ZINC03648551,DUD_sahh_D_873,Nc1ncnc2c1ncn2/C=C1\CC1(CO)CO,0
ZINC03649309,DUD_sahh_D_874,Nc1nc2c(ncn2[C@H]2O[C@@H](CO)[C@@H](O)[C@@H]2F)c(=O)[nH]1,0
ZINC03649616,DUD_sahh_D_875,N#Cc1c(-c2cccnc2)nc(NCCO)[nH]c1=O,0
ZINC03649616,DUD_sahh_D_876,N#Cc1c(-c2cccnc2)[nH]c(NCCO)nc1=O,0
ZINC03649616,DUD_sahh_D_877,N#Cc1c(O)nc(NCCO)nc1-c1cccnc1,0
ZINC03650515,DUD_sahh_D_878,Nc1ncnc2c1ncn2[C@H]1OC[C@@](O)(CO)[C@H]1O,0
ZINC03651311,DUD_sahh_D_879,Cc1cn([C@]2(C#N)O[C@H](CO)[C@@H](O)[C@@H]2O)c(=O)[nH]c1=O,0
ZINC03651488,DUD_sahh_D_880,OC[C@H]1O[C@](CO)(Oc2ccc(O)cc2)[C@@H](O)[C@H]1O,0
ZINC03653278,DUD_sahh_D_881,Cc1c(NS(=O)(=O)c2ccc(N)cc2)noc1CO,0
ZINC03653334,DUD_sahh_D_882,O=c1[nH]c(=O)n([C@@H]2C[C@H](O)[C@@H](CO)O2)cc1-c1ccco1,0
ZINC03653348,DUD_sahh_D_883,O=c1[nH]c(=O)n([C@H]2C[C@@H](O)[C@@H](CO)O2)cc1-c1nccs1,0
ZINC03653420,DUD_sahh_D_884,NC(=O)c1cn([C@@H]2O[C@H](CO)[C@@H](O)[C@H]2F)c2ncnc(N)c12,0
ZINC03653614,DUD_sahh_D_885,O=C1N=CN=c2c1n[nH]/c2=C1/O[C@@H](CO)[C@H](O)[C@@H]1O,0
ZINC03653615,DUD_sahh_D_886,O=c1ncnc2n([C@H]3O[C@H](CO)[C@H](O)[C@H]3O)[nH]cc1-2,0
ZINC03653625,DUD_sahh_D_887,NC(=O)c1ncnc2c1ccn2[C@H]1O[C@H](CO)[C@@H](O)[C@@H]1O,0
ZINC03654413,DUD_sahh_D_888,Cc1nc(N)nc(NS(=O)(=O)c2ccccc2)n1,0
ZINC03654614,DUD_sahh_D_889,OC[C@H]1O[C@H](Oc2ccc(F)cc2)[C@H](O)[C@@H](O)[C@@H]1O,0
ZINC03654696,DUD_sahh_D_890,Nc1ccn([C@@H]2O[C@H](CO)[C@H](O)[C@@H]2[S-])c(=O)n1,0
ZINC03662033,DUD_sahh_D_891,N#Cc1ccccc1-c1nnn(CC(=O)NN)n1,0
ZINC03663926,DUD_sahh_D_892,Nc1nnnn1CC(=O)Nc1cccc([N+](=O)[O-])c1,0
ZINC03670033,DUD_sahh_D_893,CC(C)(C)NC(=O)ONC(=[NH2+])c1nonc1N,0
ZINC03671776,DUD_sahh_D_894,CC(C)(C)c1c(C(=O)NN)nnn1-c1nonc1N,0
ZINC03672242,DUD_sahh_D_895,Cc1ccc(-c2c(C(=O)NN)nnn2-c2nonc2N)cc1,0
ZINC03772029,DUD_sahh_D_896,Cn1nc(Nc2ccc(S(N)(=O)=O)cc2)nc(N)c1=O,0
ZINC03772476,DUD_sahh_D_897,COc1ccc(/C=N/NC2=NNC(=[NH2+])Cc3ncnn32)cc1,0
ZINC03772477,DUD_sahh_D_898,Cc1cccc(/C=N/NC2=NNC(=[NH2+])Cc3ncnn32)c1,0
ZINC03777834,DUD_sahh_D_899,Nc1nc2c(ncn2[C@@H]2O[C@H](CO)[C@@H](O)/C2=C\F)c(=O)[nH]1,0
ZINC03777889,DUD_sahh_D_900,Nc1[nH+]ccc2c1ncn2[C@H]1O[C@H](CO)[C@@H](O)/C1=C\F,0
ZINC03777895,DUD_sahh_D_901,C#C[C@H]1[C@H](O)[C@H](CO)O[C@@H]1n1cnc2c(N)[nH+]ccc21,0
ZINC03778208,DUD_sahh_D_902,Cc1cn([C@@H]2C[C@@H](O)[C@@](CO)(N=[N+]=[N-])O2)c(=O)[nH]c1=O,0
ZINC03778213,DUD_sahh_D_903,[N-]=[N+]=N[C@]1(CO)O[C@H](n2ccc(N)nc2=O)C[C@@H]1O,0
ZINC03778217,DUD_sahh_D_904,[N-]=[N+]=N[C@@]1(CO)CC[C@H](n2cnc3c(N)ncnc32)O1,0
ZINC03778222,DUD_sahh_D_905,[N-]=[N+]=N[C@@]1(CO)CC[C@H](n2ccc(N)nc2=O)O1,0
ZINC03783794,DUD_sahh_D_906,Cc1cn([C@H](OCCO)c2cn[nH]n2)c(=O)[nH]c1=O,0
ZINC03787622,DUD_sahh_D_907,Cc1cn([C@@H]2C[C@H](N=[N+]=[N-])[C@@H](CO)O2)c(=O)nc1N,0
ZINC03787624,DUD_sahh_D_908,[N-]=[N+]=N[C@H]1C[C@@H](n2ccc(N)nc2=O)O[C@H]1CO,0
ZINC03792919,DUD_sahh_D_909,Cc1ccc2[nH]c(-c3nnn[n-]3)nc2c1Cc1nnn[n-]1,0
ZINC03795350,DUD_sahh_D_910,Nc1nc(N)c2nnn([C@@H]3C=C[C@@H](CO)C3)c2n1,0
ZINC03795350,DUD_sahh_D_911,Nc1nc(N)c2nnn([C@H]3C=C[C@H](CO)C3)c2[nH+]1,0
ZINC03796224,DUD_sahh_D_912,Cc1cn([C@@H]2C[C@@H](N=[N+]=[N-])[C@@H](CO)O2)c(=O)n(N)c1=O,0
ZINC03798319,DUD_sahh_D_913,CN1Cc2cc(O)c(O)c(O)c2-c2c(cc(O)c(O)c2O)C1=O,0
ZINC03798672,DUD_sahh_D_914,[N-]=[N+]=N[C@H]1[C@H](CO)O[C@H]1n1cnc2c(N)ncnc21,0
ZINC03800020,DUD_sahh_D_915,Oc1cc2c(c(O)c1O)-c1c(cc(O)c(O)c1O)COC2,0
ZINC03801492,DUD_sahh_D_916,Nc1cc[nH+]c2c1ncn2[C@@H]1C(Cl)=C(CO)[C@H](O)[C@H]1O,0
ZINC03801492,DUD_sahh_D_917,Nc1cc[nH+]c2c1[nH+]cn2[C@@H]1C(Cl)=C(CO)[C@@H](O)[C@@H]1O,0
ZINC03801495,DUD_sahh_D_918,Nc1cc[nH+]c2c1ncn2[C@@H]1C(F)=C(CO)[C@@H](O)[C@@H]1O,0
ZINC03801495,DUD_sahh_D_919,Nc1cc[nH+]c2c1[nH+]cn2[C@H]1C(F)=C(CO)[C@H](O)[C@@H]1O,0
ZINC03807070,DUD_sahh_D_920,C/C=C1\[C@@H](O)[C@@H](CO)O[C@@H]1n1cnc2c(N)[nH+]ccc21,0
ZINC03812255,DUD_sahh_D_921,Nc1nc2c(ncn2C[C@@H]2CC[C@H](O)C2)c(=O)[nH]1,0
ZINC03813319,DUD_sahh_D_922,CSc1cc(O)cc(S(C)(=O)=O)c1/N=N/C(N)=O,0
ZINC03816984,DUD_sahh_D_923,COc1ncnc2c1ncn2[C@H]1O[C@@H](CO)[C@H](O)[C@@]1(C)O,0
ZINC03819693,DUD_sahh_D_924,C=C1[C@H](CO)[C@H](O)[C@@](C)(O)[C@H]1n1ccc2c(=O)[nH]c(N)nc21,0
ZINC03819693,DUD_sahh_D_925,C=C1[C@@H](CO)[C@@H](O)[C@@](C)(O)[C@@H]1n1ccc2c(O)nc(N)nc21,0
ZINC03819693,DUD_sahh_D_926,C=C1[C@@H](CO)[C@H](O)[C@](C)(O)[C@H]1n1ccc2c(O)nc(N)nc21,0
ZINC03820066,DUD_sahh_D_927,CC(=O)Oc1ccccc1C(=O)OCc1cnc(N)nc1N,0
ZINC03820066,DUD_sahh_D_928,CC(=O)Oc1ccccc1C(=O)OCc1c[nH+]c(N)nc1N,0
ZINC03832444,DUD_sahh_D_929,Cc1n[nH]c(NNC(=O)c2ccncc2)c1[N+](=O)[O-],0
ZINC03832444,DUD_sahh_D_930,Cc1[nH]nc(NNC(=O)c2ccncc2)c1[N+](=O)[O-],0
ZINC03832444,DUD_sahh_D_931,Cc1[nH]nc(NNC(=O)c2ccncc2)c1[N+](=O)[O-],0
ZINC03843405,DUD_sahh_D_932,COC(=O)c1cc(C(=O)OC)cc(-c2nc(N)nc(N)n2)c1,0
ZINC03848050,DUD_sahh_D_933,CC1=NNC(=O)/C1=C/c1c(O)c2cccc(C)c2[nH]c1=O,0
ZINC03848091,DUD_sahh_D_934,Nc1nonc1-c1nc2ccccc2n1Cc1nnn[n-]1,0
ZINC03848091,DUD_sahh_D_935,Nc1nonc1-c1[nH+]c2ccccc2n1Cc1nnn[n-]1,0
ZINC03848262,DUD_sahh_D_936,Nc1nonc1-c1nc2ccccc2n1CCCc1nnn[n-]1,0
ZINC03848262,DUD_sahh_D_937,Nc1nonc1-c1[nH+]c2ccccc2n1CCCc1nnn[n-]1,0
ZINC03848625,DUD_sahh_D_938,CC(=O)NNc1nnc(-c2ccccc2NC(C)=O)c(O)n1,0
ZINC03848678,DUD_sahh_D_939,COc1cnc(NS(=O)(=O)c2ccc(N)cc2)nc1O,0
ZINC03848714,DUD_sahh_D_940,COC(=O)c1cc(-c2ccc(N)cc2)c2c(=O)[nH][nH]c2n1,0
ZINC03848980,DUD_sahh_D_941,COc1ccc(C(C)=O)cc1Cc1c(O)nc(N)[nH]c1=O,0
ZINC03849331,DUD_sahh_D_942,Cc1cc(=O)[nH]c2c(/N=N\c3ccc(O)cc3)c(N)nn12,0
ZINC03852652,DUD_sahh_D_943,Nc1nn([C@@H]2O[C@H](CO)[C@@H](O)[C@H]2O)c2ncccc12,0
ZINC03854342,DUD_sahh_D_944,Nc1nnc(Cn2c(-c3nonc3N)nc3ccccc32)s1,0
ZINC03854342,DUD_sahh_D_945,Nc1nnc(Cn2c(-c3nonc3N)[nH+]c3ccccc32)s1,0
ZINC03854581,DUD_sahh_D_946,C=c1[nH][nH]c(=O)/c1=C(/C)C/C(C)=c1/c(=C)[nH][nH]c1=O,0
ZINC03854582,DUD_sahh_D_947,C=c1[nH][nH]c(=O)/c1=C(/C)C/C(C)=c1/c(=C)[nH][nH]c1=O,0
ZINC03854583,DUD_sahh_D_948,C=c1[nH][nH]c(=O)/c1=C(/C)C/C(C)=c1\c(=C)[nH][nH]c1=O,0
ZINC03854584,DUD_sahh_D_949,C=c1[nH][nH]c(=O)/c1=C(\C)C/C(C)=c1\c(=C)[nH][nH]c1=O,0
ZINC03855149,DUD_sahh_D_950,C/C=C\C(=O)OCC(=O)Nc1ccc(S(N)(=O)=O)cc1,0
ZINC03855162,DUD_sahh_D_951,Cn1c(=O)c2[nH]c(SCC(=O)NN)nc2n(C)c1=O,0
ZINC03855162,DUD_sahh_D_952,Cn1c(=O)c2[nH]c(SCC(=O)NN)[nH+]c2n(C)c1=O,0
ZINC03855406,DUD_sahh_D_953,CC(=O)NNc1nc2c(c(O)c1N)c(=O)n(C)c(=O)n2C,0
ZINC03855445,DUD_sahh_D_954,CC(C)Nc1nc(N)nc(Oc2ccc(=O)[nH]n2)n1,0
ZINC03855445,DUD_sahh_D_955,CC(C)Nc1nc(N)nc(Oc2ccc(O)nn2)n1,0
ZINC03855445,DUD_sahh_D_956,CC(C)Nc1nc(N)nc(Oc2ccc(O)nn2)n1,0
ZINC03856019,DUD_sahh_D_957,Cn1c(=O)c2cc(C(=O)NN)c(N)[nH+]c2n(C)c1=O,0
ZINC03856044,DUD_sahh_D_958,CC(=O)Nc1ccc(Nc2nc(N)c(=[NH2+])n(C)n2)cc1,0
ZINC03857406,DUD_sahh_D_959,O=C(Cc1n[nH]c(=O)[nH]c1=O)NN/C=C1/CC=CCC1,0
ZINC03859011,DUD_sahh_D_960,Cn1c(=O)[nH]c(=O)c2c1nc(NNC=O)n2Cc1ccccc1,0
ZINC03859011,DUD_sahh_D_961,Cn1c(=O)[nH]c(=O)c2c1[nH+]c(NNC=O)n2Cc1ccccc1,0
ZINC03859191,DUD_sahh_D_962,NS(=O)(=O)c1ccc(/N=N\SCCO)cc1,0
ZINC03859788,DUD_sahh_D_963,C/C=C(/NNC(=O)Cn1nnc(N)n1)c1ccccc1,0
ZINC03859800,DUD_sahh_D_964,CC/C=C(/NNC(=O)Cn1nnnc1N)c1ccccc1,0
ZINC03859802,DUD_sahh_D_965,C=C(/C=C\c1ccccc1)NNC(=O)Cn1nnc(N)n1,0
ZINC03859933,DUD_sahh_D_966,C=c1[nH]n2/c(=C\c3ccc(O)c(O)c3)c(=O)nc-2nc1C,0
ZINC03861948,DUD_sahh_D_967,O=[N+]([O-])c1ccc(O[C@@H]2OC[C@@H](O)[C@H](O)[C@@H]2O)cc1,0
ZINC03861949,DUD_sahh_D_968,O=[N+]([O-])c1ccccc1O[C@H]1OC[C@@H](O)[C@H](O)[C@H]1O,0
ZINC03861950,DUD_sahh_D_969,O=[N+]([O-])c1ccc(O[C@H]2O[C@@H](CO)[C@@H](O)[C@@H]2O)cc1,0
ZINC03862153,DUD_sahh_D_970,OC[C@H]1O[C@@H](Nc2cccc[nH+]2)[C@@H](O)[C@H](O)[C@@H]1O,0
ZINC03863251,DUD_sahh_D_971,COc1cccc(-c2nnn(Cc3nnn[n-]3)n2)c1O,0
ZINC03863667,DUD_sahh_D_972,CN1C(=[NH2+])N(C)C(=O)C(=Cc2ccc(O)c(O)c2O)C1=O,0
ZINC03867368,DUD_sahh_D_973,Cc1n[nH]c(NNC(=O)c2ccc(C#N)cc2)nc1=O,0
ZINC03868557,DUD_sahh_D_974,O=C(CN1C(=O)N[C@@H]2NC(=O)N[C@@H]21)N/N=C/c1ccccc1O,0
ZINC03868573,DUD_sahh_D_975,CCc1c(C(=O)N/N=C/c2ccco2)nnn1-c1nonc1N,0
ZINC03868575,DUD_sahh_D_976,Nc1nonc1C(=[NH2+])N/N=C\c1ccc(O)cc1,0
ZINC03868576,DUD_sahh_D_977,CSc1ccc(/C=N/NC(=[NH2+])c2nonc2N)cc1,0
ZINC03868577,DUD_sahh_D_978,COc1ccc(/C=N\NC(=[NH2+])c2nonc2N)cc1OC,0
ZINC03868578,DUD_sahh_D_979,CCOc1cc(/C=N/NC(=[NH2+])c2nonc2N)ccc1O,0
ZINC03868621,DUD_sahh_D_980,Cn1c(=O)n(C)c2cc(/C=N\NC(=[NH2+])c3nonc3N)ccc21,0
ZINC03868711,DUD_sahh_D_981,Nc1nonc1OCC(=O)N/N=C\c1ccc(O)cc1,0
ZINC03869003,DUD_sahh_D_982,C=C1NNC(=O)/C1=N\Nc1nc[nH]c1C(N)=O,0
ZINC03869037,DUD_sahh_D_983,CC(=O)Nc1ccc(N/N=C2/C(=[NH2+])NN(C)C2=[NH2+])cc1,0
ZINC03869062,DUD_sahh_D_984,CCOC(=O)c1ccc(N/N=C2\C(=[NH2+])NN=C2N)cc1,0
ZINC03869077,DUD_sahh_D_985,CC(=O)Nc1ccc(N/N=C2/C(=O)N(C)N=C2N)cc1,0
ZINC03869078,DUD_sahh_D_986,CC(=O)Nc1ccc(N/N=C2\C(=O)N(C)N=C2N)cc1,0
ZINC03869083,DUD_sahh_D_987,CN1N=C(N)/C(=N/Nc2ccc(S(N)(=O)=O)cc2)C1=O,0
ZINC03869084,DUD_sahh_D_988,CN1N=C(N)/C(=N/Nc2ccc(S(N)(=O)=O)cc2)C1=O,0
ZINC03871728,DUD_sahh_D_989,C[C@@H](O)[C@H](O)c1cnc2[nH]c(N)nc(=O)c2n1,0
ZINC03871875,DUD_sahh_D_990,CN1C[C@@H](O)c2cc(/N=N/C(N)=O)c(O)cc21,0
ZINC03873266,DUD_sahh_D_991,NC(=O)c1ncn([C@@H]2O[C@H](CO)[C@@H](O)[C@@H]2O)c1O,0
ZINC03873266,DUD_sahh_D_992,NC(=O)c1[nH+]cn([C@@H]2O[C@H](CO)[C@@H](O)[C@H]2O)c1O,0
ZINC03874563,DUD_sahh_D_993,C[C@H]1O[C@H](Oc2ccccc2[N+](=O)[O-])[C@@H](O)[C@H](O)[C@H]1O,0
ZINC03875977,DUD_sahh_D_994,Nc1nc(F)nc2c1ncn2[C@@H]1O[C@@H](CO)[C@H](O)[C@H]1O,0
ZINC03881701,DUD_sahh_D_995,O=C1C=C2C[C@]3(O)COc4c(ccc(O)c4O)C3=C2CC1=O,0
ZINC03885583,DUD_sahh_D_996,COc1ccc(N2C(=O)Cc3c2[nH+]c(N)c(C#N)c3N)cc1,0
ZINC03885773,DUD_sahh_D_997,Nc1c(NCCO)c(=O)[nH]c(=O)n1Cc1ccccc1,0
ZINC03885869,DUD_sahh_D_998,Cn1ccnc1C(=O)c1cc(C(=O)NN)cc([N+](=O)[O-])c1,0
ZINC03885869,DUD_sahh_D_999,Cn1cc[nH+]c1C(=O)c1cc(C(=O)NN)cc([N+](=O)[O-])c1,0
ZINC03885877,DUD_sahh_D_1000,Cc1ccccc1-n1nnnc1SCC(=O)NN,0
ZINC03887264,DUD_sahh_D_1001,NNC(=O)c1ccc(S(=O)(=O)N2CCCC2)cc1,0
ZINC03888724,DUD_sahh_D_1002,Nc1ncc(Cc2ccc(S(N)(=O)=O)cc2)s1,0
ZINC03888782,DUD_sahh_D_1003,Nc1ccc(S(=O)(=O)N[C@H]2CCS(=O)(=O)C2)cc1,0
ZINC03889170,DUD_sahh_D_1004,Nc1nnnn1CC(=O)N/N=C/c1ccccc1O,0
ZINC03889207,DUD_sahh_D_1005,O=C(Cc1n[nH]c(=O)[nH]c1=O)N/N=C\c1ccccc1O,0
ZINC03889312,DUD_sahh_D_1006,O=c1[nH]cnc2c1cnn2[C@@H]1O[C@H](CO)[C@H](O)[C@@H]1O,0
ZINC03889328,DUD_sahh_D_1007,CC(C)c1c(C(=O)N/N=C/c2ccoc2)nnn1-c1nonc1N,0
ZINC03889593,DUD_sahh_D_1008,Cc1c(C(=O)N/N=C\c2ccccn2)nnn1-c1nonc1N,0
ZINC03889605,DUD_sahh_D_1009,Nc1n[nH]c(C(=O)N/N=C/c2cccc3c2OCO3)n1,0
ZINC03890013,DUD_sahh_D_1010,CC(=O)Nc1ccc(N/N=C2/C(=O)N=C(N)NC2=O)cc1,0
ZINC03890014,DUD_sahh_D_1011,CC(=O)Nc1ccc(N/N=C2/C(=O)N=C(N)NC2=O)cc1,0
ZINC03890114,DUD_sahh_D_1012,NC1=NC(=O)/C(=N/Nc2ccc3c(c2)COC3=O)C(=O)N1,0
ZINC03890115,DUD_sahh_D_1013,NC1=NC(=O)/C(=N\Nc2ccc3c(c2)COC3=O)C(=O)N1,0
ZINC03890165,DUD_sahh_D_1014,NC1=NC(=O)NC(=O)/C1=N\Nc1ccc2c(c1)COC2=O,0
ZINC03890166,DUD_sahh_D_1015,NC1=NC(=O)NC(=O)/C1=N/Nc1ccc2c(c1)COC2=O,0
ZINC03890689,DUD_sahh_D_1016,Cc1nc(N)sc1C(=O)N/N=C\c1ccc(O)cc1O,0
ZINC03890850,DUD_sahh_D_1017,CC(=O)Nc1ccc(N/N=C2/C(=O)N=C(N)N=C2O)cc1,0
ZINC03890851,DUD_sahh_D_1018,CC(=O)Nc1ccc(N/N=C2\C(=O)N=C(N)N=C2O)cc1,0
ZINC03891126,DUD_sahh_D_1019,CC(=O)ON/C(N)=C(\NNc1ccccc1)[N+](=O)[O-],0
ZINC03891167,DUD_sahh_D_1020,CN1NC(=[NH2+])/C(=N/Nc2nc[nH]c2C(N)=O)C1=[NH2+],0
ZINC03891168,DUD_sahh_D_1021,CN1NC(=[NH2+])/C(=N\Nc2nc[nH]c2C(N)=O)C1=[NH2+],0
ZINC03891442,DUD_sahh_D_1022,COC(=O)c1ccccc1N/N=C1\C(=O)NN=C1N,0
ZINC03891443,DUD_sahh_D_1023,COC(=O)c1ccccc1N/N=C1/C(=O)NN=C1N,0
ZINC03891544,DUD_sahh_D_1024,Cc1nonc1C(=O)N/N=C/c1ccc(O)cc1O,0
ZINC03892134,DUD_sahh_D_1025,Cc1c(O)n[nH]c1C(=O)N/N=C/c1ccc(O)cc1O,0
ZINC03892992,DUD_sahh_D_1026,O=C1Nc2ccccc2/C1=N\N=C1\NC(=O)[C@H](CCO)S1,0
ZINC03893627,DUD_sahh_D_1027,COc1ccc(/C=N/Nc2nnc3c(=O)[nH]c(=O)[nH]c3n2)cc1,0
ZINC03901320,DUD_sahh_D_1028,Cc1cc(=O)[nH]c(N/N=C\c2ccc(O)c(O)c2)n1,0
ZINC03901320,DUD_sahh_D_1029,Cc1cc(=O)nc(N/N=C\c2ccc(O)c(O)c2)[nH]1,0
ZINC03901320,DUD_sahh_D_1030,Cc1cc(=O)nc(N/N=C\c2ccc(O)c(O)c2)[nH]1,0
ZINC03901320,DUD_sahh_D_1031,Cc1cc(O)nc(N/N=C/c2ccc(O)c(O)c2)n1,0
ZINC03901915,DUD_sahh_D_1032,COc1cc(/C=N/Nc2nncc(=O)[nH]2)ccc1O,0
ZINC03901915,DUD_sahh_D_1033,COc1cc(/C=N\Nc2nc(=O)cn[nH]2)ccc1O,0
ZINC03901915,DUD_sahh_D_1034,COc1cc(/C=N\Nc2nc(=O)cn[nH]2)ccc1O,0
ZINC03901915,DUD_sahh_D_1035,COc1cc(/C=N/Nc2nncc(O)n2)ccc1O,0
ZINC03901988,DUD_sahh_D_1036,COc1cc(/C=N\Nc2nnc(C)c(=O)[nH]2)ccc1O,0
ZINC03901988,DUD_sahh_D_1037,COc1cc(/C=N\Nc2nc(=O)c(C)n[nH]2)ccc1O,0
ZINC03901988,DUD_sahh_D_1038,COc1cc(/C=N/Nc2nc(=O)c(C)n[nH]2)ccc1O,0
ZINC03901988,DUD_sahh_D_1039,COc1cc(/C=N\Nc2nnc(C)c(O)n2)ccc1O,0
ZINC03901991,DUD_sahh_D_1040,Cc1nnc(N/N=C\c2ccc(O)cc2)[nH]c1=O,0
ZINC03901991,DUD_sahh_D_1041,Cc1n[nH]c(N/N=C/c2ccc(O)cc2)nc1=O,0
ZINC03901991,DUD_sahh_D_1042,Cc1n[nH]c(N/N=C\c2ccc(O)cc2)nc1=O,0
ZINC03901991,DUD_sahh_D_1043,Cc1nnc(N/N=C/c2ccc(O)cc2)nc1O,0
ZINC03901993,DUD_sahh_D_1044,Cc1nnc(N/N=C/c2cc([N+](=O)[O-])ccc2[O-])[nH]c1=O,0
ZINC03901993,DUD_sahh_D_1045,Cc1n[nH]c(N/N=C\c2cc([N+](=O)[O-])ccc2[O-])nc1=O,0
ZINC03901993,DUD_sahh_D_1046,Cc1n[nH]c(N/N=C\c2cc([N+](=O)[O-])ccc2[O-])nc1=O,0
ZINC03901993,DUD_sahh_D_1047,Cc1nnc(N/N=C/c2cc([N+](=O)[O-])ccc2[O-])nc1O,0
ZINC03902027,DUD_sahh_D_1048,Cc1cc(=O)[nH]c(N/N=C\c2cc([N+](=O)[O-])ccc2[O-])n1,0
ZINC03902027,DUD_sahh_D_1049,Cc1cc(=O)nc(N/N=C\c2cc([N+](=O)[O-])ccc2[O-])[nH]1,0
ZINC03902027,DUD_sahh_D_1050,Cc1cc(=O)nc(N/N=C\c2cc([N+](=O)[O-])ccc2[O-])[nH]1,0
ZINC03902027,DUD_sahh_D_1051,Cc1cc(O)nc(N/N=C\c2cc([N+](=O)[O-])ccc2[O-])n1,0
ZINC03902574,DUD_sahh_D_1052,COc1cc(/C=N/Nc2cn[nH]c(=O)n2)ccc1O,0
ZINC03902574,DUD_sahh_D_1053,COc1cc(/C=N\Nc2cnnc(O)n2)ccc1O,0
ZINC03902574,DUD_sahh_D_1054,COc1cc(/C=N\Nc2cnnc(O)n2)ccc1O,0
ZINC03902884,DUD_sahh_D_1055,COc1cc(/C=C(\C#N)c2n[nH]c(N)c2C#N)ccc1O,0
ZINC03902884,DUD_sahh_D_1056,COc1cc(/C=C(/C#N)c2[nH]nc(N)c2C#N)ccc1O,0
ZINC03902884,DUD_sahh_D_1057,COc1cc(/C=C(/C#N)c2[nH]nc(N)c2C#N)ccc1O,0
ZINC03903103,DUD_sahh_D_1058,NNC(=O)c1[nH]cnc1C(=O)Nc1ccccc1[N+](=O)[O-],0
ZINC03903103,DUD_sahh_D_1059,NNC(=O)c1[nH]c[nH+]c1C(=O)Nc1ccccc1[N+](=O)[O-],0
ZINC03903103,DUD_sahh_D_1060,NNC(=O)c1nc[nH]c1C(=O)Nc1ccccc1[N+](=O)[O-],0
ZINC03904211,DUD_sahh_D_1061,Cn1c(=O)n(C)c2cc(/C=N\N=C(/N)c3nonc3N)ccc21,0
ZINC03905024,DUD_sahh_D_1062,CC(=O)Nc1ccc(S(=O)(=O)Nc2c(C)[nH]c(=O)[nH]c2=O)cc1,0
ZINC03909480,DUD_sahh_D_1063,O=c1[nH]c(=O)c2nnc(N/N=C/c3ccco3)nc2[nH]1,0
ZINC03912696,DUD_sahh_D_1064,Nc1ncnc(NNC(=O)c2ccncc2)c1[N+](=O)[O-],0
ZINC03912726,DUD_sahh_D_1065,Nc1ncnc(N[C@H]2CCS(=O)(=O)C2)c1[N+](=O)[O-],0
ZINC03913153,DUD_sahh_D_1066,O=C(N/N=C/c1cccnc1)c1[nH]nc(O)c1CCO,0
ZINC03914938,DUD_sahh_D_1067,[N-]=[N+]=N[C@@]1(CO)O[C@@H](n2cnc3c(N)ncnc32)C[C@H]1O,0
ZINC03923257,DUD_sahh_D_1068,COc1ccc(/C=N/Nc2nc(=O)[nH]c3[nH]ncc23)cc1,0
ZINC03923257,DUD_sahh_D_1069,COc1ccc(/C=N\Nc2nc(=O)[nH]c3n[nH]cc23)cc1,0
ZINC03923460,DUD_sahh_D_1070,Cn1cc(-c2nc(C(N)=O)cs2)c2c1C(=O)CC(=N)C2=O,0
ZINC03925303,DUD_sahh_D_1071,COc1nc(N)nc2c1ncn2[C@@H]1C[C@H](N=[N+]=[N-])[C@H](CO)O1,0
ZINC03930936,DUD_sahh_D_1072,Nc1ncnc2c1ncn2[C@@H]1O[C@@H](CO)[C@@H](O)[C@@]1(O)CF,0
ZINC03932424,DUD_sahh_D_1073,Cc1cc(C(=O)N=C(N)N)cc(S(N)(=O)=O)c1C,0
ZINC03937243,DUD_sahh_D_1074,O=c1nc(N/N=C\c2ccc3c(c2)OCO3)c2nc[nH]c2[nH]1,0
ZINC03937248,DUD_sahh_D_1075,CN(/N=C/c1ccc(O)cc1)c1nc(=O)[nH]c2[nH]cnc12,0
ZINC03939537,DUD_sahh_D_1076,NC(=O)c1nccn([C@@H]2CO[C@@H](CO)[C@H](O)C2)c1=O,0
ZINC03945077,DUD_sahh_D_1077,CCOc1cc(/C=N/Nc2nncc(=O)[nH]2)ccc1O,0
ZINC03945077,DUD_sahh_D_1078,CCOc1cc(/C=N\Nc2nc(=O)cn[nH]2)ccc1O,0
ZINC03945077,DUD_sahh_D_1079,CCOc1cc(/C=N\Nc2nncc(O)n2)ccc1O,0
ZINC03945084,DUD_sahh_D_1080,COc1cc(/C=N\Nc2nncc(=O)[nH]2)cc(OC)c1O,0
ZINC03945084,DUD_sahh_D_1081,COc1cc(/C=N\Nc2nc(=O)cn[nH]2)cc(OC)c1O,0
ZINC03945084,DUD_sahh_D_1082,COc1cc(/C=N/Nc2nncc(O)n2)cc(OC)c1O,0
ZINC03945143,DUD_sahh_D_1083,O=c1cnnc(N/N=C/c2ccc([O-])c([N+](=O)[O-])c2)[nH]1,0
ZINC03945143,DUD_sahh_D_1084,O=c1cn[nH]c(N/N=C\c2ccc([O-])c([N+](=O)[O-])c2)n1,0
ZINC03945143,DUD_sahh_D_1085,O=[N+]([O-])c1cc(/C=N\Nc2nncc(O)n2)ccc1[O-],0
ZINC03946754,DUD_sahh_D_1086,O=c1nc(N/N=C/c2ccc(O)cc2O)cn[nH]1,0
ZINC03946754,DUD_sahh_D_1087,Oc1ccc(/C=N/Nc2cnnc(O)n2)c(O)c1,0
ZINC03947091,DUD_sahh_D_1088,COc1cc(/C=N\Nc2cn[nH]c(=O)n2)cc(OC)c1O,0
ZINC03947091,DUD_sahh_D_1089,COc1cc(/C=N/Nc2cnnc(O)n2)cc(OC)c1O,0
ZINC03953957,DUD_sahh_D_1090,CNc1ncnc(Sc2nc(N)nc3[nH]cnc23)c1[N+](=O)[O-],0
ZINC03953957,DUD_sahh_D_1091,CNc1ncnc(Sc2nc(N)nc3nc[nH]c23)c1[N+](=O)[O-],0
ZINC03954400,DUD_sahh_D_1092,NS(=O)(=O)c1ccc(/N=N/c2c[nH]c(=O)c(O)c2)cc1,0
ZINC03954400,DUD_sahh_D_1093,NS(=O)(=O)c1ccc(/N=N/c2cnc(O)c(O)c2)cc1,0
ZINC03956689,DUD_sahh_D_1094,O=c1[nH]cc(/C=N\Nc2ncnc3[nH]cnc23)c(=O)[nH]1,0
ZINC03959101,DUD_sahh_D_1095,COc1ccc(/C=C\c2nnc(N)n(N)c2=O)cc1OC,0
ZINC03961128,DUD_sahh_D_1096,O=c1nc(N/N=C\c2ccc(O)cc2)c2nc[nH]c2[nH]1,0
ZINC03961385,DUD_sahh_D_1097,N#Cc1c(N)[nH+]c2c(c1N)Cc1cc(O)c(O)cc1O2,0
ZINC03961395,DUD_sahh_D_1098,CCNc1c(C#N)c(N)[nH+]c2c1Cc1cc(O)c(O)cc1O2,0
ZINC03963925,DUD_sahh_D_1099,Cc1[nH]c(=O)[nH]c(=O)c1/C=N/NC(=O)c1cccnc1,0
ZINC03967043,DUD_sahh_D_1100,CC1=NNC(=O)/C1=N/Nc1ccc(S(N)(=O)=O)cc1,0
ZINC03968528,DUD_sahh_D_1101,COCc1noc2c1[C@@H](c1cccnc1)C(C#N)=C(N)N2,0
ZINC03968529,DUD_sahh_D_1102,COCc1noc2c1[C@H](c1cccnc1)C(C#N)=C(N)N2,0
ZINC03968700,DUD_sahh_D_1103,Cc1c(/C=N\n2nnnc2N)nn(-c2ccccc2)c1O,0
ZINC03970535,DUD_sahh_D_1104,CN(C)c1ccc(/C=N\NC(=[NH2+])c2nonc2N)cc1,0
ZINC03970889,DUD_sahh_D_1105,[NH2+]=C(N/N=C\c1ccc(N2CCOCC2)cc1)N[N+](=O)[O-],0
ZINC03971515,DUD_sahh_D_1106,COc1ccc(/C=N\NC(=[NH2+])c2nonc2N)cc1,0
ZINC03971686,DUD_sahh_D_1107,COc1ccccc1/C=N/NC(=[NH2+])c1nonc1N,0
ZINC03971801,DUD_sahh_D_1108,Nc1nonc1C(=[NH2+])N/N=C\c1cccc(O)c1,0
ZINC03971825,DUD_sahh_D_1109,Nc1nonc1C(=[NH2+])N/N=C/c1ccc2c(c1)OCO2,0
ZINC03972354,DUD_sahh_D_1110,CCOC(=O)c1[nH]cnc1NN=C1C(=O)NC(=O)NC1=O,0
ZINC03972354,DUD_sahh_D_1111,CCOC(=O)c1[nH]c[nH+]c1NN=C1C(=O)NC(=O)NC1=O,0
ZINC03972354,DUD_sahh_D_1112,CCOC(=O)c1nc[nH]c1NN=C1C(=O)NC(=O)NC1=O,0
ZINC03973646,DUD_sahh_D_1113,Cc1[nH]c2ccccc2c1/C=N\NC(=[NH2+])N[N+](=O)[O-],0
ZINC03974100,DUD_sahh_D_1114,COc1cccc(/C=N\NC(=[NH2+])c2nonc2N)c1O,0
ZINC03974139,DUD_sahh_D_1115,Nc1nonc1C(=[NH2+])N/N=C\c1ccccc1O,0
ZINC03974142,DUD_sahh_D_1116,COc1cc(/C=N/NC(=[NH2+])c2nonc2N)ccc1O,0
ZINC03974349,DUD_sahh_D_1117,[NH2+]=C(N/N=C\c1cn[nH]c1-c1ccccc1)N[N+](=O)[O-],0
ZINC03974349,DUD_sahh_D_1118,[NH2+]=C(N/N=C\c1c[nH]nc1-c1ccccc1)N[N+](=O)[O-],0
ZINC03974841,DUD_sahh_D_1119,Cc1cc(=O)[nH]/c(=N/N=C\c2cc([N+](=O)[O-])ccc2[O-])[nH]1,0
ZINC03974843,DUD_sahh_D_1120,Cc1cc(=O)[nH]/c(=N\N=C/c2cc([N+](=O)[O-])ccc2[O-])[nH]1,0
ZINC03975605,DUD_sahh_D_1121,O=C(N/N=C1/C(NO)=CCc2nonc21)c1ccccc1,0
ZINC03976829,DUD_sahh_D_1122,C=C1NNC(=O)/C1=N\Nc1ccc(S(N)(=O)=O)cc1,0
ZINC03977109,DUD_sahh_D_1123,COC(=O)c1ccc(/C=N\NC(=[NH2+])c2nonc2N)cc1,0
ZINC03977556,DUD_sahh_D_1124,Cn1c(=O)n(C)c2cc(/C=N\NC(=[NH2+])N[N+](=O)[O-])ccc21,0
ZINC03978476,DUD_sahh_D_1125,O=C1Cc2c(O)cc(O)cc2O[C@]1(O)c1ccc(O)c(O)c1,0
ZINC03980397,DUD_sahh_D_1126,Cc1cc(=O)[nH]c(/N=C(\N)Nc2cccc([N+](=O)[O-])c2)n1,0
ZINC03980397,DUD_sahh_D_1127,Cc1cc(O)nc(/N=C(\N)Nc2cccc([N+](=O)[O-])c2)n1,0
ZINC03980397,DUD_sahh_D_1128,Cc1cc(=O)nc(/N=C(/N)Nc2cccc([N+](=O)[O-])c2)[nH]1,0
ZINC03984320,DUD_sahh_D_1129,Cc1cc2c(c(=O)n1O)[C@@H](c1cccnc1)C(C#N)=C(N)O2,0
ZINC03986802,DUD_sahh_D_1130,O=c1nc2[nH]ccc2cn1[C@H]1O[C@H](CO)[C@H](O)[C@@H]1O,0
ZINC03987453,DUD_sahh_D_1131,Cn1c(N)c(/C=N\NC(=O)c2ccncc2)c(=O)n(C)c1=O,0
ZINC03987688,DUD_sahh_D_1132,Nc1nnn(CC(=O)N/N=C/c2c[nH]c3ccccc23)n1,0
ZINC03987699,DUD_sahh_D_1133,Nc1nnn(CC(=O)N/N=C/c2ccc([N+](=O)[O-])s2)n1,0
ZINC03987708,DUD_sahh_D_1134,Cc1ccccc1/C=N\NC(=O)Cn1nnnc1N,0
ZINC03987715,DUD_sahh_D_1135,Cc1cccc(/C=N/NC(=O)Cn2nnnc2N)n1,0
ZINC03987717,DUD_sahh_D_1136,Nc1nnnn1CC(=O)N/N=C\c1ccccn1,0
ZINC03987723,DUD_sahh_D_1137,Cc1ccccc1/C=N/NC(=O)Cn1nnc(N)n1,0
ZINC03987730,DUD_sahh_D_1138,COc1ccccc1/C=N\NC(=O)Cn1nnc(N)n1,0
ZINC03987733,DUD_sahh_D_1139,COc1ccccc1/C=N\NC(=O)Cn1nnnc1N,0
ZINC03987737,DUD_sahh_D_1140,Nc1nnn(CC(=O)N/N=C/c2ccccc2O)n1,0
ZINC03987738,DUD_sahh_D_1141,Nc1nnn(CC(=O)N/N=C/c2ccc(O)cc2O)n1,0
ZINC03987801,DUD_sahh_D_1142,C/C(=C/n1nnc([N+](=O)[O-])n1)NNC(=O)c1ccc(O)cc1,0
ZINC03991962,DUD_sahh_D_1143,Nc1nnn(CC(=O)N/N=C/c2ccccn2)n1,0
ZINC03992718,DUD_sahh_D_1144,Nc1n[nH]c(C(=O)N/N=C/c2cccc([N+](=O)[O-])c2)n1,0
ZINC03992772,DUD_sahh_D_1145,COc1cccc(/C=N\NC(=O)Cn2nnc(N)n2)c1O,0
ZINC03992813,DUD_sahh_D_1146,Nc1nnn(CC(=O)N/N=C/c2ccc([N+](=O)[O-])cc2)n1,0
ZINC03992826,DUD_sahh_D_1147,Nc1nnnn1CC(=O)N/N=C\c1cccc([N+](=O)[O-])c1,0
ZINC03992836,DUD_sahh_D_1148,Nc1nnn(CC(=O)N/N=C\c2cccc([N+](=O)[O-])c2)n1,0
ZINC03992843,DUD_sahh_D_1149,Cc1c(C(=O)N/N=C\c2cccs2)nnn1-c1nonc1N,0
ZINC03992846,DUD_sahh_D_1150,Cc1ccc(/C=N\NC(=O)Cn2nnc(N)n2)o1,0
ZINC03992994,DUD_sahh_D_1151,Cc1ccc(/C=N/NC(=O)c2nnn(-c3nonc3N)c2C)o1,0
ZINC03993019,DUD_sahh_D_1152,COc1ccc(/C=N/NC(=[NH2+])c2nonc2N)c(OC)c1,0
ZINC03993147,DUD_sahh_D_1153,O=C(C[n+]1cccc(/C=N\O)c1)Nc1c[nH]c(=O)[nH]c1=O,0
ZINC03993203,DUD_sahh_D_1154,Cc1nnsc1C(=O)N/N=C/c1ccc(O)c(O)c1O,0
ZINC03997066,DUD_sahh_D_1155,COC(=O)c1ccc(N/N=C2\C(=O)N=C(N)NC2=O)cc1,0
ZINC03997067,DUD_sahh_D_1156,COC(=O)c1ccc(N/N=C2/C(=O)N=C(N)NC2=O)cc1,0
ZINC03997068,DUD_sahh_D_1157,COC(=O)c1ccc(N/N=C2/C(=O)NC(=O)N=C2N)cc1,0
ZINC03997069,DUD_sahh_D_1158,COC(=O)c1ccc(N/N=C2/C(=O)NC(=O)N=C2N)cc1,0
ZINC03997191,DUD_sahh_D_1159,NC(N)=Nc1nc2cc(S(=O)(=O)N3CCOCC3)ccc2[nH]1,0
ZINC03997191,DUD_sahh_D_1160,NC(N)=Nc1nc2ccc(S(=O)(=O)N3CCOCC3)cc2[nH]1,0
ZINC03997273,DUD_sahh_D_1161,Cc1cc(/C=N/O)c(C)n1-c1ccc(S(N)(=O)=O)cc1,0
ZINC03998201,DUD_sahh_D_1162,Cc1nc2c(c(=O)[nH]1)[C@H](c1cccnc1)C(C#N)=C(N)O2,0
ZINC03998201,DUD_sahh_D_1163,Cc1nc(O)c2c(n1)OC(N)=C(C#N)[C@@H]2c1cccnc1,0
ZINC03998201,DUD_sahh_D_1164,Cc1nc(=O)c2c([nH]1)OC(N)=C(C#N)[C@H]2c1cccnc1,0
ZINC04000934,DUD_sahh_D_1165,CC/C(NNC(=O)c1ccncc1)=C1/C(=O)N=C(O)N=C1O,0
ZINC04001125,DUD_sahh_D_1166,NC1=NC(=O)/C(=N\Nc2ccc3c(c2)COC3=O)C(O)=N1,0
ZINC04001126,DUD_sahh_D_1167,NC1=NC(=O)/C(=N\Nc2ccc3c(c2)COC3=O)C(O)=N1,0
ZINC04005797,DUD_sahh_D_1168,O=C1CC(=O)NC(NOCc2ccc([N+](=O)[O-])cc2)=N1,0
ZINC04030517,DUD_sahh_D_1169,Cc1cc(C)cc(NS(=O)(=O)c2coc(C(N)=O)c2)c1,0
ZINC04030518,DUD_sahh_D_1170,CCOc1ccc(NS(=O)(=O)c2coc(C(N)=O)c2)cc1,0
ZINC04073530,DUD_sahh_D_1171,Cc1cc2ncc(C(=[NH2+])NNC(=O)CC#N)cn2n1,0
ZINC04094585,DUD_sahh_D_1172,O=c1[nH]cnc(O)c1C(c1ccc2c(c1)OCO2)c1c(O)nc[nH]c1=O,0
ZINC04094834,DUD_sahh_D_1173,Cn1c(=O)c2[nH]c(/N=N\c3ccc(N)cc3N)nc2n(C)c1=O,0
ZINC04094834,DUD_sahh_D_1174,Cn1c(=O)c2nc(/N=N\c3ccc(N)cc3N)[nH]c2n(C)c1=O,0
ZINC04094834,DUD_sahh_D_1175,Cn1c(=O)c2[nH]c(/N=N\c3ccc(N)cc3N)[nH+]c2n(C)c1=O,0
ZINC04105466,DUD_sahh_D_1176,Nc1ccc2c3c(cccc13)C(=O)N(C[C@H](O)CO)C2=O,0
ZINC04109524,DUD_sahh_D_1177,CCOc1cc(/C=N/Nc2nonc2N)ccc1O,0
ZINC04114683,DUD_sahh_D_1178,COC(=O)c1ccc(/N=N\c2c(C(N)=O)cc(O)[nH]c2=O)cc1,0
ZINC04114683,DUD_sahh_D_1179,COC(=O)c1ccc(/N=N\c2c(C(N)=O)cc(O)nc2O)cc1,0
ZINC04114807,DUD_sahh_D_1180,O=c1[nH]cnc(O)c1C(c1cccnc1)c1c(O)nc[nH]c1=O,0
ZINC04117091,DUD_sahh_D_1181,CC(=O)Nc1ccc(Nc2ncnc(N)c2[N+](=O)[O-])cc1,0
ZINC04123858,DUD_sahh_D_1182,CC(C)OC(=O)Nc1ccc(N/C(N)=N\[N+](=O)[O-])cc1,0
ZINC04123859,DUD_sahh_D_1183,COC(=O)Nc1ccc(N/C(N)=N/[N+](=O)[O-])cc1,0
ZINC04123863,DUD_sahh_D_1184,Cc1ccc(N/C(N)=N/[N+](=O)[O-])cc1NC(=O)c1ccoc1,0
ZINC04123868,DUD_sahh_D_1185,CC(=O)Nc1cc(N/C(N)=N/[N+](=O)[O-])ccc1C,0
ZINC04123870,DUD_sahh_D_1186,COC(=O)Nc1cc(N/C(N)=N\[N+](=O)[O-])ccc1C,0
ZINC04131900,DUD_sahh_D_1187,COc1ccccc1/C=N\N=C(/N)c1nonc1N,0
ZINC04142006,DUD_sahh_D_1188,CC1=NC(C)=C(C(=O)NN)[C@@H](c2ccccc2)[C@@H]1C(=O)NN,0
ZINC04142006,DUD_sahh_D_1189,C=C1N=C(C)[C@H](C(=O)NN)[C@@H](c2ccccc2)[C@H]1C(=O)NN,0
ZINC04142006,DUD_sahh_D_1190,C=C1N=C(C)[C@@H](C(=O)NN)[C@H](c2ccccc2)[C@@H]1C(=O)NN,0
ZINC04142006,DUD_sahh_D_1191,CC1=NC(C)=C(C(=O)NN)[C@H](c2ccccc2)[C@@H]1C(=O)NN,0
ZINC04162689,DUD_sahh_D_1192,CN(C)c1ccc(/C=N/N=C(\N)c2nonc2N)cc1,0
ZINC04166426,DUD_sahh_D_1193,O=C1C=CC2=C3c4cc(O)c(O)cc4C[C@]3(O)CO[C@H]2C1=O,0
ZINC04171030,DUD_sahh_D_1194,Cc1ccc2[nH]c(SCC(=O)Nc3nonc3N)nc2c1,0
ZINC04171030,DUD_sahh_D_1195,Cc1ccc2nc(SCC(=O)Nc3nonc3N)[nH]c2c1,0
ZINC04171030,DUD_sahh_D_1196,Cc1ccc2[nH]c(SCC(=O)Nc3nonc3N)[nH+]c2c1,0
ZINC04182119,DUD_sahh_D_1197,NC(N)=N/N=C/c1ccc(N2CCOCC2)c([N+](=O)[O-])c1,0
ZINC04182559,DUD_sahh_D_1198,N/C(=N\N=C/c1cccc(O)c1)c1nonc1N,0
ZINC04182564,DUD_sahh_D_1199,COC(=O)c1ccc(/C=N\N=C(/N)c2nonc2N)cc1,0
ZINC04182565,DUD_sahh_D_1200,CSc1ccc(/C=N/N=C(/N)c2nonc2N)cc1,0
ZINC04182568,DUD_sahh_D_1201,CCOc1cc(/C=N/N=C(/N)c2nonc2N)ccc1O,0
ZINC04182570,DUD_sahh_D_1202,COc1cccc(/C=N\N=C(/N)c2nonc2N)c1O,0
ZINC04186804,DUD_sahh_D_1203,CNC(=O)/C(C#N)=N/Nc1cccc(C(N)=O)c1,0
ZINC04217485,DUD_sahh_D_1204,NS(=O)(=O)c1ccc(NC(=O)OCCO)cc1,0
ZINC04225132,DUD_sahh_D_1205,Cc1ccc(S(=O)(=O)NNc2nncc(=O)[nH]2)cc1,0
ZINC04225132,DUD_sahh_D_1206,Cc1ccc(S(=O)(=O)NNc2nc(=O)cn[nH]2)cc1,0
ZINC04225132,DUD_sahh_D_1207,Cc1ccc(S(=O)(=O)NNc2nncc(O)n2)cc1,0
ZINC04227410,DUD_sahh_D_1208,Cc1cc(=O)oc2cc(OCc3n[nH]c(N)n3)ccc12,0
ZINC04248914,DUD_sahh_D_1209,Nc1nc(SCCO)[nH]c(=O)c1NC(=O)c1ccco1,0
ZINC04248914,DUD_sahh_D_1210,Nc1[nH]c(SCCO)nc(=O)c1NC(=O)c1ccco1,0
ZINC04248914,DUD_sahh_D_1211,Nc1nc(SCCO)nc(O)c1NC(=O)c1ccco1,0
ZINC04249683,DUD_sahh_D_1212,Cc1cc(NC(=O)CSc2nc3[nH]ncc3c(=O)[nH]2)no1,0
ZINC04249683,DUD_sahh_D_1213,Cc1cc(NC(=O)CSc2nc3n[nH]cc3c(=O)[nH]2)no1,0
ZINC04249683,DUD_sahh_D_1214,Cc1cc(NC(=O)CSc2nc(=O)c3cn[nH]c3[nH]2)no1,0
ZINC04249683,DUD_sahh_D_1215,Cc1cc(NC(=O)CSc2nc(O)c3cn[nH]c3n2)no1,0
ZINC04268733,DUD_sahh_D_1216,CN(C)/N=C/c1ccc(C2(O)C(=O)NC(=O)NC2=O)o1,0
ZINC04275467,DUD_sahh_D_1217,NS(=O)(=O)c1ccc(NC(=O)C2=COCCO2)cc1,0
ZINC04278429,DUD_sahh_D_1218,COc1cccc(NC(=O)CSCc2nc(=O)[nH][nH]2)c1,0
ZINC04297077,DUD_sahh_D_1219,Cc1noc(C)c1S(=O)(=O)Nc1cccc(S(N)(=O)=O)c1,0
ZINC04315672,DUD_sahh_D_1220,COC(=O)c1ccccc1/N=N/c1c(N)n[nH]c1N,0
ZINC04320858,DUD_sahh_D_1221,Nc1nonc1N/N=C/c1ccc(O)cc1O,0
ZINC04323176,DUD_sahh_D_1222,Nc1nonc1C(=[NH2+])N/N=C\c1ccc2c(c1)OCO2,0
ZINC04325115,DUD_sahh_D_1223,Cc1nnsc1C(=O)Nc1cccc(S(N)(=O)=O)c1,0
ZINC04336363,DUD_sahh_D_1224,NC1=NNC(=O)/C1=C/c1cc([N+](=O)[O-])ccc1N1CCOCC1,0
ZINC04338131,DUD_sahh_D_1225,Nn1c(SCC(=O)Nc2ccc3c(c2)OCO3)nncc1=O,0
ZINC04338193,DUD_sahh_D_1226,Cc1cc(NC(=O)CSc2nncc(=O)n2N)no1,0
ZINC04350357,DUD_sahh_D_1227,Cc1ccc(/C=N\N=C(/N)c2nonc2N)cc1,0
ZINC04350368,DUD_sahh_D_1228,CC(C)c1ccc(/C=N/N=C(\N)c2nonc2N)cc1,0
ZINC04353324,DUD_sahh_D_1229,CCOC(=O)c1ccc(/N=N\c2c(N)nc(N)[nH]c2=O)cc1,0
ZINC04353324,DUD_sahh_D_1230,CCOC(=O)c1ccc(/N=N\c2c(N)[nH]c(N)nc2=O)cc1,0
ZINC04353324,DUD_sahh_D_1231,CCOC(=O)c1ccc(/N=N/c2c(N)nc(N)nc2O)cc1,0
ZINC04353736,DUD_sahh_D_1232,Cc1ccccc1-c1nc2c(N)nc(N)nc2nc1N,0
ZINC04354676,DUD_sahh_D_1233,C=CCNc1sc2c(N)nc(N)nc2c1C#N,0
ZINC04365128,DUD_sahh_D_1234,NNC(=O)c1csc(CS(=O)(=O)c2ccccn2)n1,0
ZINC04365149,DUD_sahh_D_1235,Cc1nc(CS(=O)(=O)c2ccccn2)sc1C(=O)NN,0
ZINC04386711,DUD_sahh_D_1236,NS(=O)(=O)c1ccc(Nc2nncc(=O)[nH]2)cc1,0
ZINC04386711,DUD_sahh_D_1237,NS(=O)(=O)c1ccc(Nc2nc(=O)cn[nH]2)cc1,0
ZINC04386711,DUD_sahh_D_1238,NS(=O)(=O)c1ccc(Nc2nncc(O)n2)cc1,0
ZINC04387048,DUD_sahh_D_1239,COc1ccc([C@H]2CC(=O)Nc3nc(N)[nH]c(=O)c32)cc1,0
ZINC04387048,DUD_sahh_D_1240,COc1ccc([C@@H]2CC(=O)Nc3[nH]c(N)nc(=O)c32)cc1,0
ZINC04387048,DUD_sahh_D_1241,COc1ccc([C@@H]2CC(=O)Nc3nc(N)nc(O)c32)cc1,0
ZINC04387052,DUD_sahh_D_1242,COc1cccc([C@H]2CC(=O)Nc3nc(N)[nH]c(=O)c32)c1OC,0
ZINC04387052,DUD_sahh_D_1243,COc1cccc([C@@H]2CC(=O)Nc3[nH]c(N)nc(=O)c32)c1OC,0
ZINC04387052,DUD_sahh_D_1244,COc1cccc([C@H]2CC(=O)Nc3nc(N)nc(O)c32)c1OC,0
ZINC04387058,DUD_sahh_D_1245,Nc1nc2c(c(=O)[nH]1)[C@H](c1ccc3c(c1)OCO3)CC(=O)N2,0
ZINC04387058,DUD_sahh_D_1246,Nc1nc(=O)c2c([nH]1)NC(=O)C[C@H]2c1ccc2c(c1)OCO2,0
ZINC04387058,DUD_sahh_D_1247,Nc1nc(O)c2c(n1)NC(=O)C[C@H]2c1ccc2c(c1)OCO2,0
ZINC04387060,DUD_sahh_D_1248,Nc1nc2c(c(=O)[nH]1)[C@H](c1ccc(O)cc1)CC(=O)N2,0
ZINC04387060,DUD_sahh_D_1249,Nc1nc(=O)c2c([nH]1)NC(=O)C[C@@H]2c1ccc(O)cc1,0
ZINC04387060,DUD_sahh_D_1250,Nc1nc(O)c2c(n1)NC(=O)C[C@H]2c1ccc(O)cc1,0
ZINC04387066,DUD_sahh_D_1251,COc1cc([C@@H]2CC(=O)Nc3nc(N)[nH]c(=O)c32)ccc1O,0
ZINC04387066,DUD_sahh_D_1252,COc1cc([C@H]2CC(=O)Nc3[nH]c(N)nc(=O)c32)ccc1O,0
ZINC04387066,DUD_sahh_D_1253,COc1cc([C@H]2CC(=O)Nc3nc(N)nc(O)c32)ccc1O,0
ZINC04392635,DUD_sahh_D_1254,[N-]=[N+]=N[C@H]1[C@@H](O)[C@@H](CO)S[C@H]1n1ccc(N)nc1=O,0
ZINC04401038,DUD_sahh_D_1255,C/C(=N/NC(=O)c1ccncc1)c1c(O)[nH]c(=O)[nH]c1=O,0
ZINC04409833,DUD_sahh_D_1256,CN(C)c1ccc(/C=N/Nc2nc(N)nc(N)n2)cc1,0
ZINC04416130,DUD_sahh_D_1257,CN(C)c1ccc2nc3c(C(N)=O)cc(O)c(O)c3[o+]c2c1,0
ZINC04426087,DUD_sahh_D_1258,N#Cc1c(N)[nH+]c2nc(N)[nH]c(=O)c2c1-c1ccccc1,0
ZINC04430436,DUD_sahh_D_1259,CCOC(=O)Cc1nc2c(N)nc(N)[nH]c-2nc1=O,0
ZINC04457342,DUD_sahh_D_1260,NS(=O)(=O)c1ccc(NC(=S)NCCO)cc1,0
ZINC04464069,DUD_sahh_D_1261,Cc1cc(=O)[nH]/c(=N/N=C/c2cc([N+](=O)[O-])ccc2[O-])[nH]1,0
ZINC04464367,DUD_sahh_D_1262,O=C(Cc1n[nH]c(=O)[nH]c1=O)NN/C=C1\CC=CCC1,0
ZINC04464545,DUD_sahh_D_1263,Cc1c(C(=O)N/N=C/c2cccs2)nnn1-c1nonc1N,0
ZINC04466160,DUD_sahh_D_1264,O=C(CN1C(=O)N[C@H]2NC(=O)N[C@@H]21)N/N=C/c1ccccc1O,0
ZINC04466163,DUD_sahh_D_1265,CCc1c(C(=O)N/N=C\c2ccco2)nnn1-c1nonc1N,0
ZINC04469799,DUD_sahh_D_1266,O=C(C[n+]1cccc(/C=N\O)c1)Nc1c[nH]c(=O)[nH]c1=O,0
ZINC04469929,DUD_sahh_D_1267,Cc1nnsc1C(=O)N/N=C/c1ccc(O)c(O)c1O,0
ZINC04471000,DUD_sahh_D_1268,COc1ccccc1/N=C(/NOC(C)=O)c1nonc1N,0
ZINC04475655,DUD_sahh_D_1269,O=C(COC(=O)CCc1c[nH]c(=O)[nH]1)Nc1ncccn1,0
ZINC04481684,DUD_sahh_D_1270,[NH2+]=C(CCN1C(=O)c2ccccc2C1=O)NNC=O,0
ZINC04501862,DUD_sahh_D_1271,O=c1[nH]c2ccc(S(=O)(=O)NCCCO)cc2[nH]1,0
ZINC04510620,DUD_sahh_D_1272,COCCNS(=O)(=O)c1ccc2[nH]c(=O)[nH]c2c1,0
ZINC04530571,DUD_sahh_D_1273,Cc1ncc(CO)c(C=C2C(=O)NC(=O)NC2=O)c1O,0
ZINC04533229,DUD_sahh_D_1274,Cn1c(SCC(=O)NN)nc2c1c(=O)[nH]c(=O)n2C,0
ZINC04586790,DUD_sahh_D_1275,NC1=C2N=CN([C@@H]3O[C@H](CO)[C@H](O)C3=O)[C@H]2[NH+]=CN1,0
ZINC04596625,DUD_sahh_D_1276,CC(=O)O/N=C(/Nc1ccccc1C)c1nonc1N,0
ZINC04605084,DUD_sahh_D_1277,Cn1cc(-c2nc(C(N)=O)cs2)c2c1C(=O)CC(=N)C2=O,0
ZINC04621404,DUD_sahh_D_1278,NC(=O)c1ncn([C@@H]2O[C@@H](CO)[C@@H](O)[C@H]2O)c1O,0
ZINC04623875,DUD_sahh_D_1279,C=C1NN(C)C(=O)/C1=N/Nc1nc[nH]c1C(N)=O,0
ZINC04626004,DUD_sahh_D_1280,Cc1ccc(Nc2nc(N/C=N\O)n[nH]2)cc1C,0
ZINC04627857,DUD_sahh_D_1281,COc1ccccc1Nc1nc(N)nc(N)c1N,0
ZINC04627858,DUD_sahh_D_1282,CCOc1ccc(Nc2nc(N)nc(N)c2N)cc1,0
ZINC04628113,DUD_sahh_D_1283,CSc1nccc2c1nnn2[C@@H]1O[C@H](CO)[C@H](O)[C@H]1O,0
ZINC04628401,DUD_sahh_D_1284,Nc1nc(N)c2ncn([C@H]3CC[C@H](CO)C3)c2n1,0
ZINC04628402,DUD_sahh_D_1285,Nc1nc(N)c2nnn([C@@H]3CC[C@H](CO)C3)c2n1,0
ZINC04628472,DUD_sahh_D_1286,O=C1CNC(=O)c2c(ncn2[C@@H]2O[C@@H](CO)C[C@H]2O)N1,0
ZINC04628614,DUD_sahh_D_1287,OC[C@@H]1O[C@H](Sc2ncc3cnccn23)[C@H](O)[C@H](O)[C@@H]1O,0
ZINC04632690,DUD_sahh_D_1288,Cc1cn([C@@H]2C[C@H](Sc3cn[nH]n3)[C@H](CO)O2)c(=O)[nH]c1=O,0
ZINC04632862,DUD_sahh_D_1289,NC(=O)c1c([N+](=O)[O-])ncn1[C@@H]1O[C@@H](CO)[C@H](F)[C@@H]1O,0
ZINC04633152,DUD_sahh_D_1290,Nc1ncc(Cn2nnc3ccccc3c2=O)c(N)n1,0
ZINC04633152,DUD_sahh_D_1291,Nc1nc(N)c(Cn2nnc3ccccc3c2=O)c[nH+]1,0
ZINC04633153,DUD_sahh_D_1292,OC[C@@H]1O[C@H](n2ccc3c2ncn2ccnc32)[C@H](O)[C@H]1O,0
ZINC04633154,DUD_sahh_D_1293,Nc1c(-c2ncc[nH]2)[nH]c[n+]1[C@H]1O[C@@H](CO)[C@H](O)[C@H]1O,0
ZINC04633197,DUD_sahh_D_1294,N#Cc1cn([C@H]2O[C@H](CO)[C@H](O)[C@H]2O)c2ncn3ccnc3c12,0
ZINC04633627,DUD_sahh_D_1295,Nc1cc(CSc2ncc[nH]2)c2nc(N)[nH]c(=O)c2c1,0
ZINC04633681,DUD_sahh_D_1296,Nc1nc(N)c2ncn([C@H]3O[C@@H](CO)[C@H]3CO)c2n1,0
ZINC04633700,DUD_sahh_D_1297,Nc1nc(N)c2ncn([C@H]3C=C[C@H](CO)CC3)c2n1,0
ZINC04633720,DUD_sahh_D_1298,Nc1nc(N)c2nnn(C[C@@H]3CC[C@H](CO)C3)c2n1,0
ZINC04633727,DUD_sahh_D_1299,Nc1nc(N)c2ncn(C[C@H]3CC[C@@H](CO)C3)c2n1,0
ZINC04633936,DUD_sahh_D_1300,C[C@@H](O)[C@@H](O)c1cnc2nc(N)nc(N)c2n1,0
ZINC04642045,DUD_sahh_D_1301,N/C(Cn1cncn1)=N\NC(=O)Cn1cncn1,0
ZINC03889008,DUD_sahh_D_1302,COC(=O)c1ccc(/C=N/N/C(N)=N\[N+](=O)[O-])cc1,0
ZINC03889017,DUD_sahh_D_1303,Cc1ccsc1/C=N\N=C(/N)c1nonc1N,0
ZINC03889045,DUD_sahh_D_1304,COc1cc(C)ccc1CO/N=C(/N)c1nonc1N,0
ZINC03889047,DUD_sahh_D_1305,COc1ccc(/C=N/N/C(N)=N\[N+](=O)[O-])cc1O,0
ZINC03889058,DUD_sahh_D_1306,Cc1ccc(/C=N/N=C(/N)c2nonc2N)o1,0
ZINC03889145,DUD_sahh_D_1307,CC(=O)O/N=C(/Nc1ccccc1)c1nonc1N,0
ZINC03889149,DUD_sahh_D_1308,COc1ccccc1N/C(=N/O)c1nonc1N,0
ZINC03889160,DUD_sahh_D_1309,N/C(=N\OC(=O)CCc1ccccc1)c1nonc1N,0
ZINC03889171,DUD_sahh_D_1310,Cc1ccc(CO/N=C(\N)c2nonc2N)c(C)c1,0
ZINC03889172,DUD_sahh_D_1311,N/C(=N\O)c1nonc1NCn1nnc2ccccc21,0
ZINC03889175,DUD_sahh_D_1312,N/C(=N\OC(=O)c1ccccc1F)c1nonc1N,0
ZINC03889176,DUD_sahh_D_1313,CNC(=O)O/N=C(/Nc1ccccc1C)c1nonc1N,0
ZINC03889179,DUD_sahh_D_1314,COc1ccc(/C=N/N=C(\N)c2nonc2N)c(OC)c1,0
ZINC03889307,DUD_sahh_D_1315,N/C(=N\[N+](=O)[O-])N/N=C/c1ccc(N2CCOCC2)cc1,0
ZINC03890396,DUD_sahh_D_1316,Cc1cc(C(=O)O/N=C(/N)c2ccc([N+](=O)[O-])o2)no1,0
ZINC03890683,DUD_sahh_D_1317,N#Cc1ccc(CO/N=C(\N)c2nonc2N)cc1,0
ZINC03890931,DUD_sahh_D_1318,CC(=O)O/N=C(/Nc1ccccc1C)c1nonc1N,0
ZINC03891061,DUD_sahh_D_1319,N/C(=N/OC(=O)c1ccc2c(c1)OCO2)c1nonc1N,0
ZINC03891479,DUD_sahh_D_1320,Cc1ccc(/C=N/N=C(/N)c2nonc2N)cc1,0
ZINC03891485,DUD_sahh_D_1321,COc1ccccc1/C=N\N=C(\N)c1nonc1N,0
ZINC03891489,DUD_sahh_D_1322,CC(C)c1ccc(/C=N/N=C(\N)c2nonc2N)cc1,0
ZINC03891516,DUD_sahh_D_1323,CN(C)c1ccc(/C=N/N=C(\N)c2nonc2N)cc1,0
ZINC03891518,DUD_sahh_D_1324,COC(=O)c1ccc(/C=N/N=C(/N)c2nonc2N)cc1,0
ZINC03891522,DUD_sahh_D_1325,COc1ccc(/C=N/N=C(\N)c2nonc2N)cc1OC,0
ZINC03891526,DUD_sahh_D_1326,COc1cccc(/C=N\N=C(\N)c2nonc2N)c1O,0
ZINC03891562,DUD_sahh_D_1327,CN(C)c1ccc(/C=N\N/C(N)=N\[N+](=O)[O-])cc1,0
ZINC03891783,DUD_sahh_D_1328,Cn1c(=O)n(C)c2cc(/C=N/N/C(N)=N\[N+](=O)[O-])ccc21,0
ZINC03891994,DUD_sahh_D_1329,COc1ccccc1N/C(=N/OC(C)=O)c1nonc1N,0
ZINC03892040,DUD_sahh_D_1330,COC(=O)c1ccc(CO/N=C(/N)c2nonc2N)cc1,0
ZINC03892047,DUD_sahh_D_1331,Cc1[nH]c2ccccc2c1/C=N/N/C(N)=N\[N+](=O)[O-],0
ZINC03912155,DUD_sahh_D_1332,Cc1cc(=O)[nH]c(N/C(N)=N\c2cccc([N+](=O)[O-])c2)n1,0
ZINC03912262,DUD_sahh_D_1333,N/C(=N/OCC(=O)Nc1ccccc1)c1nonc1N,0
ZINC03912409,DUD_sahh_D_1334,Cc1ccc(N/C(=N/O)c2nonc2N)cc1,0
ZINC03912870,DUD_sahh_D_1335,Cc1ccccc1N/C(=N\O)c1nonc1N,0
ZINC03912888,DUD_sahh_D_1336,CC(=O)O/N=C(/Nc1ccc(C)cc1)c1nonc1N,0
ZINC03913138,DUD_sahh_D_1337,Cc1ccccc1CO/N=C(/N)c1nonc1N,0
ZINC03963430,DUD_sahh_D_1338,Cc1cccc(N/C(=N/O)c2nonc2N)c1,0
ZINC03963863,DUD_sahh_D_1339,COc1ccc(OC)c(/C=N\N=C(/N)c2nonc2N)c1,0
ZINC03963917,DUD_sahh_D_1340,Cc1cccc(C(=O)Nc2nnc(C/C(N)=N/O)s2)c1,0
ZINC03997240,DUD_sahh_D_1341,C/C(=N\N=C(/N)c1nonc1N)c1ccc2c(c1)OCO2,0
ZINC04404011,DUD_sahh_D_1342,COC(=O)Nc1cc(N/C(N)=N/[N+](=O)[O-])ccc1C,0
ZINC04442942,DUD_sahh_D_1343,Cc1cc(/C(N)=N/OC(=O)c2ccno2)no1,0
ZINC04467264,DUD_sahh_D_1344,N/C(=N/[N+](=O)[O-])N1CCN(C(=O)c2ccccn2)CC1,0
