name,id,smiles,active
ZINC03833905,DUD_inha_A_1,O=C(Cc1ccccc1F)NCCO,1
ZINC03833924,DUD_inha_A_2,O=C(c1cccnc1)c1ccc2[nH]ccc2c1,1
ZINC03833926,DUD_inha_A_3,C[C@H]1CN(C(=O)c2ccc3[nH]ccc3c2)C[C@@H](C)O1,1
ZINC03833906,DUD_inha_A_4,O=C(Cc1ccccc1F)NCC1=CCCCC1,1
ZINC03565391,DUD_inha_A_5,O=C(Cc1ccccc1F)NCc1cccc(Cl)c1,1
ZINC03833907,DUD_inha_A_6,O=C(Cc1ccccc1F)NCCc1ccccc1,1
ZINC03833908,DUD_inha_A_7,O=C(Cc1ccccc1F)NCCc1cccc(Cl)c1,1
ZINC03833896,DUD_inha_A_8,O=C(Cc1ccccc1F)NCCc1ccc(Cl)cc1,1
ZINC03833909,DUD_inha_A_9,COc1ccc(CCNC(=O)Cc2ccccc2F)cc1,1
ZINC03832022,DUD_inha_A_10,FC(F)(F)c1ccnc(-n2cc(-c3cccnc3)cn2)n1,1
ZINC03833902,DUD_inha_A_11,FC(F)(F)c1ccnc(-n2cc(-c3ccncn3)cn2)n1,1
ZINC03833904,DUD_inha_A_12,FC(F)(F)c1ccnc(-n2cc(-c3cnccn3)cn2)n1,1
ZINC03591542,DUD_inha_A_13,FC(F)(F)c1ccnc(-n2cc(-c3ccc(Cl)cc3)cn2)n1,1
ZINC03833937,DUD_inha_A_14,O=[N+]([O-])c1ccc(C2=C[N+](c3cccc(O)c3)=NC2)c(Cl)c1,1
ZINC03833900,DUD_inha_A_15,COc1ccc(-c2cnn(-c3nccc(C(F)(F)F)n3)c2)cc1,1
ZINC03591544,DUD_inha_A_16,O=[N+]([O-])c1ccccc1-c1cnn(-c2nccc(C(F)(F)F)n2)c1,1
ZINC03833931,DUD_inha_A_17,O=[N+]([O-])c1ccc(C2=C[N+](c3nccc(C(F)F)n3)=NC2)c(Cl)c1,1
ZINC03591536,DUD_inha_A_18,COc1ccc(-c2cnn(-c3nccc(C(F)(F)F)n3)c2)cc1OC,1
ZINC03591546,DUD_inha_A_19,COc1ccc([N+](=O)[O-])c(-c2cnn(-c3nccc(C(F)(F)F)n3)c2)c1,1
ZINC03591540,DUD_inha_A_20,CS(=O)(=O)c1ccc(-c2cnn(-c3nccc(C(F)(F)F)n3)c2)c([N+](=O)[O-])c1,1
ZINC03833928,DUD_inha_A_21,O=C(c1ccc2[nH]ccc2c1)c1ccc2ccccc2n1,1
ZINC03833920,DUD_inha_A_22,O=C(c1ccc2[nH]ccc2c1)N1CCc2ccccc2C1,1
ZINC03833919,DUD_inha_A_23,COc1cc2c(cc1OC)CN(C(=O)c1ccc3[nH]ccc3c1)CC2,1
ZINC00162027,DUD_inha_A_24,O=C(Cc1ccccc1F)NCCc1c[nH]c2ccccc12,1
ZINC03833915,DUD_inha_A_25,CN(Cc1ccco1)C(=O)c1ccc(-c2ccccc2)cc1,1
ZINC03832027,DUD_inha_A_26,O=C(c1ccc2[nH]ccc2c1)N1CCN(c2ccccc2)CC1,1
ZINC03833923,DUD_inha_A_27,O=C(c1ccc2[nH]ccc2c1)N1CCN(c2ccccn2)CC1,1
ZINC03832030,DUD_inha_A_28,O=C(c1ccc2[nH]ccc2c1)N1CCN(c2ccc(Cl)cc2)CC1,1
ZINC03832029,DUD_inha_A_29,O=C(c1ccc2[nH]ccc2c1)N1CCN(c2ccc(F)cc2)CC1,1
ZINC03832033,DUD_inha_A_30,O=C(c1ccc2[nH]ccc2c1)N1CCN(c2cccc(Cl)c2)CC1,1
ZINC03832028,DUD_inha_A_31,COc1ccccc1N1CCN(C(=O)c2ccc3[nH]ccc3c2)CC1,1
ZINC03832031,DUD_inha_A_32,Cc1ccc(Cl)cc1N1CCN(C(=O)c2ccc3[nH]ccc3c2)CC1,1
ZINC03832034,DUD_inha_A_33,O=C(c1ccc2[nH]ccc2c1)N1CCN(c2cccc(C(F)(F)F)c2)CC1,1
ZINC03833917,DUD_inha_A_34,CCCC(=O)C1(c2ccccc2)CCN(C(=O)c2ccc3[nH]ccc3c2)CC1,1
ZINC03833914,DUD_inha_A_35,CN(Cc1ccccc1)C(=O)c1ccc(-c2ccccc2)cc1,1
ZINC03833913,DUD_inha_A_36,CC(C)C1[C@@H]2CC(NC(=O)CCc3c[nH]c4ccccc34)C[C@H]1C2,1
ZINC03833921,DUD_inha_A_37,O=C(c1ccc2[nH]ccc2c1)N1CC[NH+](Cc2ccccc2)CC1,1
ZINC03833929,DUD_inha_A_38,O=C(c1ccc(F)cc1)C1CCN(C(=O)c2ccc3[nH]ccc3c2)CC1,1
ZINC03833925,DUD_inha_A_39,O=C(c1ccc(Cl)cc1)C1CCN(C(=O)c2ccc3[nH]ccc3c2)CC1,1
ZINC03815670,DUD_inha_A_40,FC(F)(F)c1ccnc(-n2cc(-c3nc4ccccc4[nH]3)cn2)n1,1
ZINC03833911,DUD_inha_A_41,O=C(CCCc1c[nH]c2ccccc12)NCC1=C[C@H]2OCO[C@@H]2C=C1,1
ZINC03833932,DUD_inha_A_42,CC=CC(=C[N+]1=NCC(c2ccc([N+](=O)[O-])cc2Cl)=C1)C(=O)OCC,1
ZINC03832023,DUD_inha_A_43,FC(F)(F)c1ccnc(-n2cc(-c3ccc4ccccc4n3)cn2)n1,1
ZINC03833901,DUD_inha_A_44,FC(F)(F)c1ccnc(-n2cc(-c3cnc4ccccc4n3)cn2)n1,1
ZINC03832025,DUD_inha_A_45,FC(F)(F)c1ccnc(-n2cc(-c3ccnc4ccccc34)cn2)n1,1
ZINC03832026,DUD_inha_A_46,O=C(CCCc1c[nH]c2ccccc12)Nc1ccc(N2CCCC2)cc1,1
ZINC03833918,DUD_inha_A_47,O=C(c1ccc(-c2ccccc2)cc1)N1CC[NH+](Cc2ccccc2)CC1,1
ZINC03833910,DUD_inha_A_48,COc1cc(CCNC(=O)CCCc2c[nH]c3ccccc23)cc(OC)c1,1
ZINC03833927,DUD_inha_A_49,O=C(c1ccc2[nH]ccc2c1)N1CC[NH+](Cc2ccc3c(c2)OCO3)CC1,1
ZINC03833922,DUD_inha_A_50,O=C(c1ccc2[nH]ccc2c1)N1CC[NH+](C(c2ccccc2)c2ccccc2)CC1,1
ZINC03833947,DUD_inha_A_51,O=C(c1ccc2[nH]ccc2c1)N1CC[NH+](C2c3ccccc3-c3ccccc32)CC1,1
ZINC03833899,DUD_inha_A_52,COc1ccc2c(c1)C([NH+]1CCN(C(=O)c3ccc4[nH]ccc4c3)CC1)c1ccccc1-2,1
ZINC03591551,DUD_inha_A_53,COc1cccc2c1-c1ccccc1C2[NH+]1CCN(C(=O)c2ccc3[nH]ccc3c2)CC1,1
ZINC03833949,DUD_inha_A_54,O=C(c1ccc2[nH]ccc2c1)N1CC[NH+](C2c3ccccc3-c3cc([N+](=O)[O-])ccc32)CC1,1
ZINC03833948,DUD_inha_A_55,O=C(c1ccc2[nH]ccc2c1)N1CC[NH+](C2c3ccccc3-c3ccc([N+](=O)[O-])cc32)CC1,1
ZINC03591568,DUD_inha_A_56,O=CNc1ccc2c(c1)C([NH+]1CCN(C(=O)c3ccc4[nH]ccc4c3)CC1)c1ccccc1-2,1
ZINC03591572,DUD_inha_A_57,CN(C)c1ccc2c(c1)C([NH+]1CCN(C(=O)c3ccc4[nH]ccc4c3)CC1)c1ccccc1-2,1
ZINC00003289,DUD_inha_D_1,CC(C)(O)c1cnn2c(-c3ccc(F)c(-c4ccccn4)c3)cnc2n1,0
ZINC00003289,DUD_inha_D_2,CC(C)(O)c1cnn2c(-c3ccc(F)c(-c4ccccn4)c3)c[nH+]c2n1,0
ZINC00003613,DUD_inha_D_3,O=C(/C=C/c1ccccc1)N1CCn2ncc(-c3ccc(F)cc3)c2N1,0
ZINC00017742,DUD_inha_D_4,Cc1ccc(Cn2cnc3nc(-c4ccc(F)cc4)[nH]c(=O)c32)cc1,0
ZINC00017742,DUD_inha_D_5,Cc1ccc(Cn2c[nH+]c3nc(-c4ccc(F)cc4)[nH]c(=O)c32)cc1,0
ZINC00017742,DUD_inha_D_6,Cc1ccc(Cn2cnc3[nH]c(-c4ccc(F)cc4)nc(=O)c32)cc1,0
ZINC00017742,DUD_inha_D_7,Cc1ccc(Cn2c[nH+]c3nc(-c4ccc(F)cc4)[nH]c(=O)c32)cc1,0
ZINC00017742,DUD_inha_D_8,Cc1ccc(Cn2c[nH+]c3[nH]c(-c4ccc(F)cc4)nc(=O)c32)cc1,0
ZINC00033020,DUD_inha_D_9,CSc1nc(C)c(C(=O)Nc2ccccc2)c(-c2ccco2)c1C#N,0
ZINC00034428,DUD_inha_D_10,O=C1C[C@@H](c2ccc(F)cc2)Cc2nc(NCc3ccccc3)ncc21,0
ZINC00034429,DUD_inha_D_11,O=C1C[C@@H](c2ccc(F)cc2)Cc2nc(NCc3ccccc3)ncc21,0
ZINC00038066,DUD_inha_D_12,CC(=O)c1nn(-c2ccc(C)cc2)c(N)c1-c1nc2ccccc2s1,0
ZINC00044408,DUD_inha_D_13,Cc1c(NC(=S)Nc2ccccc2)c(=O)n(-c2ccccc2)n1C,0
ZINC00046988,DUD_inha_D_14,CC(=O)Nc1ccc(-c2cn3nc(-c4ccc(C)cc4)sc3n2)cc1,0
ZINC00046988,DUD_inha_D_15,CC(=O)Nc1ccc(-c2cn3nc(-c4ccc(C)cc4)sc3[nH+]2)cc1,0
ZINC00049734,DUD_inha_D_16,COc1ccccc1C(=O)Nc1ccc(C(=O)c2ccc(F)cc2)cc1,0
ZINC00062092,DUD_inha_D_17,Cc1c(/N=C\c2cc(Cl)ccc2O)c(=O)n(-c2ccccc2)n1C,0
ZINC00063384,DUD_inha_D_18,Cc1ccc2nc(-c3ccc(NC(=O)c4cccnc4)cc3)sc2c1,0
ZINC00066695,DUD_inha_D_19,CC1=C(C(=O)Nc2ccccc2)[C@@H](c2ccc(F)cc2)n2ncnc2N1,0
ZINC00067119,DUD_inha_D_20,Cc1nn(-c2ccccc2)c2sc(C(=O)NCc3cccnc3)cc12,0
ZINC00068411,DUD_inha_D_21,Cc1ccc(-n2nc3cc(C)c(NC(=O)c4ccccc4)cc3n2)cc1,0
ZINC00076804,DUD_inha_D_22,Cc1ccc(-n2nc3ccc(NC(=O)c4ccccc4F)cc3n2)cc1,0
ZINC00081340,DUD_inha_D_23,Cc1ccc2nc(NC(=O)c3c(-c4ccccc4)noc3C)sc2c1,0
ZINC00086034,DUD_inha_D_24,CSc1nnc2c(n1)O[C@@H](/C=C/c1ccco1)Nc1ccccc1-2,0
ZINC00096497,DUD_inha_D_25,Cc1ccc(NC(=O)c2cc3c(=O)oc4ccccc4c3s2)cc1C,0
ZINC00107241,DUD_inha_D_26,Cc1ccc(C)c(NC(=O)CSc2nnc(-c3ccccc3)o2)c1,0
ZINC00131122,DUD_inha_D_27,Cc1nccc(-c2cccc(NC(=O)c3nc4ccccc4s3)c2)n1,0
ZINC00141985,DUD_inha_D_28,CC(C)c1nnc(NC(=O)c2ccc(-c3ccccc3)cc2)s1,0
ZINC00146381,DUD_inha_D_29,COc1cccc2c1c(NC(=O)c1cc3ccccc3s1)nn2C,0
ZINC00148404,DUD_inha_D_30,Cc1ccc2nc(-c3ccc(NC(=O)c4cc(C)on4)cc3)sc2c1,0
ZINC00166137,DUD_inha_D_31,Cc1onc(-c2ccccc2Cl)c1C(=O)NCCc1ccncc1,0
ZINC00168916,DUD_inha_D_32,Cc1ccc(-n2nc3cc(C)c(NC(=O)c4cccs4)cc3n2)cc1,0
ZINC00184267,DUD_inha_D_33,CC[C@H](C(=O)Nc1nnc(-c2ccccc2F)s1)c1ccccc1,0
ZINC00184268,DUD_inha_D_34,CC[C@@H](C(=O)Nc1nnc(-c2ccccc2F)s1)c1ccccc1,0
ZINC00190483,DUD_inha_D_35,CC(C)OC(=O)c1cccc(C(=O)Nc2ccc3ccccc3c2)n1,0
ZINC00193874,DUD_inha_D_36,O=C1C[C@H](c2cccs2)Cc2nc(NCc3ccccc3)ncc21,0
ZINC00193877,DUD_inha_D_37,O=C1C[C@@H](c2cccs2)Cc2nc(NCc3ccccc3)ncc21,0
ZINC00197803,DUD_inha_D_38,Cc1ccc(SCC(=O)Nc2nnc(-c3ccccc3)s2)cc1,0
ZINC00198425,DUD_inha_D_39,Cc1nn(-c2ccccc2)c2sc(C(=O)NCc3ccco3)cc12,0
ZINC00223744,DUD_inha_D_40,O=C(Nc1ccc(F)cc1)[C@@H]1CCCN1C(=O)OCc1ccccc1,0
ZINC00223936,DUD_inha_D_41,Cc1nc2cc(C(=O)NCc3ccco3)ccc2n1-c1cccc(F)c1,0
ZINC00223936,DUD_inha_D_42,Cc1[nH+]c2cc(C(=O)NCc3ccco3)ccc2n1-c1cccc(F)c1,0
ZINC00235783,DUD_inha_D_43,C[C@H]1Nc2ccccc2-c2nnc(SCc3ccccc3)nc2O1,0
ZINC00235785,DUD_inha_D_44,C[C@@H]1Nc2ccccc2-c2nnc(SCc3ccccc3)nc2O1,0
ZINC00249681,DUD_inha_D_45,CC(C)c1nnc(NC(=O)c2ccccc2Oc2ccccc2)s1,0
ZINC00250205,DUD_inha_D_46,C=CCn1c(SCc2nc3ccccc3[nH]2)nc2ccccc2c1=O,0
ZINC00258285,DUD_inha_D_47,CC(=O)n1cc(/C=N\NC(=O)c2ccccc2Cl)c2ccccc21,0
ZINC00268443,DUD_inha_D_48,Cc1nn(Cc2ccc(C(=O)Nc3cccnc3)cc2)c(C)c1Cl,0
ZINC00279344,DUD_inha_D_49,Cc1ccc(NC(=O)CSc2nnc(-c3ccccc3)n2C)cc1,0
ZINC00279346,DUD_inha_D_50,Cn1c(SCC(=O)Nc2ccccc2F)nnc1-c1ccccc1,0
ZINC00290115,DUD_inha_D_51,O=C(Nc1ccc2ccccc2c1)[C@H]1CC(=O)N(c2ccc(F)cc2)C1,0
ZINC00290118,DUD_inha_D_52,O=C(Nc1ccc2ccccc2c1)[C@H]1CC(=O)N(c2ccc(F)cc2)C1,0
ZINC00303204,DUD_inha_D_53,Cc1ccc(NC(=O)CSc2nnc(C)n2-c2ccccc2)cc1,0
ZINC00304220,DUD_inha_D_54,Cc1onc(-c2ccccc2Cl)c1C(=O)NCCc1ccccc1,0
ZINC00305387,DUD_inha_D_55,Cc1ccccc1OCC(=O)Nc1nc(-c2ccccc2)c(C)s1,0
ZINC00310110,DUD_inha_D_56,O=C(Nc1ccc(F)cc1)C1CCN(C(=O)c2ccccc2)CC1,0
ZINC00310240,DUD_inha_D_57,O=C(Nc1ccccc1Cl)C1CCN(C(=O)c2ccccc2)CC1,0
ZINC00314249,DUD_inha_D_58,Cc1ccc(-c2nnc(NC(=O)CCc3ccccc3)s2)cc1,0
ZINC00317993,DUD_inha_D_59,Cc1cc(-c2ccccc2)nc2cc(C(=O)NCc3cccs3)nn12,0
ZINC00319304,DUD_inha_D_60,Cc1ccccc1-c1nnc(SCC(=O)Nc2ccccc2)n1C,0
ZINC00319463,DUD_inha_D_61,Cc1ccc(-c2nnc(CCNC(=O)c3ccccc3Cl)o2)cc1,0
ZINC00321735,DUD_inha_D_62,O=C(Nc1ccc(-c2csc(N3CCCC3)n2)cc1)c1ccco1,0
ZINC00321799,DUD_inha_D_63,CNc1nc(-c2cccc(NC(=O)[C@H]3C[C@@H]3c3ccccc3)c2)cs1,0
ZINC00341049,DUD_inha_D_64,C#CCN1N=C(c2ccc(NC(=O)c3ccccc3)cc2)CSC1=O,0
ZINC00341054,DUD_inha_D_65,CC(=O)Nc1ccc(C2=NN(Cc3ccccc3)C(=O)SC2)cc1,0
ZINC00342003,DUD_inha_D_66,CCCC(=O)NC(=S)Nc1ccc2nn(-c3ccccc3)nc2c1,0
ZINC00342521,DUD_inha_D_67,Cc1ccc(-c2ccc(/C=N\NC(=O)c3cccnc3)o2)cc1Cl,0
ZINC00342969,DUD_inha_D_68,O=C(N[C@H]1CSC[C@H]1OC(=O)c1ccccc1)c1ccccc1,0
ZINC00345003,DUD_inha_D_69,CSc1nnc2c(n1)O[C@H](/C=C\c1ccccc1)Nc1ccccc1-2,0
ZINC00345007,DUD_inha_D_70,CSc1nnc2c(n1)O[C@@H](/C=C/c1ccccc1)Nc1ccccc1-2,0
ZINC00352134,DUD_inha_D_71,C=CCn1c(SCc2nc3ccccc3[nH]2)nnc1-c1ccncc1,0
ZINC00352134,DUD_inha_D_72,C=CCn1c(SCc2[nH]c3ccccc3[nH+]2)nnc1-c1ccncc1,0
ZINC00352154,DUD_inha_D_73,CCn1c(SCc2nc3ccccc3[nH]2)nnc1-c1ccccn1,0
ZINC00352154,DUD_inha_D_74,CCn1c(SCc2[nH]c3ccccc3[nH+]2)nnc1-c1ccccn1,0
ZINC00360604,DUD_inha_D_75,Cc1ccccc1CNc1ccc(-c2nn3c(C)nnc3s2)cc1,0
ZINC00375397,DUD_inha_D_76,Cc1cccc(NC(=O)CSc2nnc(-c3ccccc3)n2C)c1,0
ZINC00379018,DUD_inha_D_77,Cc1ccccc1NC(=O)CSc1nnc(-c2ccccc2)n1C,0
ZINC00406384,DUD_inha_D_78,Cc1cccc(C)c1NC(=O)CSc1nnc(-c2ccccc2)o1,0
ZINC00408908,DUD_inha_D_79,COc1ccc(-c2onc(C)c2-c2cnn(-c3ccccc3)c2)c(O)c1,0
ZINC00411519,DUD_inha_D_80,Cc1cccc(NC(=O)CSc2nnc(-c3ccccc3C)o2)c1,0
ZINC00411605,DUD_inha_D_81,Cc1ccccc1NC(=O)CSc1nnc(-c2ccccc2C)o1,0
ZINC00412464,DUD_inha_D_82,CC(C)c1ccc2c(c1)C(c1ccncc1)=NNC(c1cccs1)=N2,0
ZINC00412475,DUD_inha_D_83,Cc1cc2ccccc2n2c(SCC(=O)Nc3ccccc3)nnc12,0
ZINC00414793,DUD_inha_D_84,Cc1ccc(C(=O)CSc2nnc(-c3c[nH]c4ccccc34)o2)cc1,0
ZINC00416665,DUD_inha_D_85,Cn1c(SCC(=O)Nc2cccc(F)c2)nnc1-c1ccccc1,0
ZINC00416866,DUD_inha_D_86,Cn1c(SCc2cccnc2)nnc1-c1cc2ccccc2cc1O,0
ZINC00417626,DUD_inha_D_87,COc1ccc2cc3cc(C(=O)NCc4ccccn4)sc3nc2c1,0
ZINC00417658,DUD_inha_D_88,Cn1c2ccccc2c2nnc(SCC(=O)Nc3ccccc3)nc21,0
ZINC00418191,DUD_inha_D_89,Cn1c(-c2ccccc2)cnc1SCc1nc2ccccc2c(=O)[nH]1,0
ZINC00418191,DUD_inha_D_90,Cn1c(-c2ccccc2)cnc1SCc1nc(=O)c2ccccc2[nH]1,0
ZINC00418191,DUD_inha_D_91,Cn1c(-c2ccccc2)cnc1SCc1nc(O)c2ccccc2n1,0
ZINC00418191,DUD_inha_D_92,Cn1c(-c2ccccc2)c[nH+]c1SCc1nc2ccccc2c(=O)[nH]1,0
ZINC00418191,DUD_inha_D_93,Cn1c(-c2ccccc2)c[nH+]c1SCc1nc(=O)c2ccccc2[nH]1,0
ZINC00418191,DUD_inha_D_94,Cn1c(-c2ccccc2)c[nH+]c1SCc1nc(O)c2ccccc2n1,0
ZINC00420005,DUD_inha_D_95,Cc1ccc(C(=O)Nc2ccc(Cn3nnc4ccccc43)cc2)cc1,0
ZINC00421213,DUD_inha_D_96,Cc1cc2nnc(SCC(=O)Nc3ccccc3)n2c2ccccc12,0
ZINC00421748,DUD_inha_D_97,Cc1ccc(-n2c(C)nnc2SCC(=O)Nc2ccccc2)cc1,0
ZINC00422534,DUD_inha_D_98,Cc1nnc(SCC(=O)Nc2ccc(F)cc2)n1-c1ccccc1,0
ZINC00422766,DUD_inha_D_99,CCOc1ccc2c(c1)C(c1cccnc1)=NNC(c1cccs1)=N2,0
ZINC00422818,DUD_inha_D_100,CCOc1ccc2c(c1)C(c1ccncc1)=NNC(c1cccs1)=N2,0
ZINC00422893,DUD_inha_D_101,Cc1ccc(-c2nnc(S[C@@H](C)C(=O)Nc3ccccc3)o2)cc1,0
ZINC00422894,DUD_inha_D_102,Cc1ccc(-c2nnc(S[C@@H](C)C(=O)Nc3ccccc3)o2)cc1,0
ZINC00423602,DUD_inha_D_103,COc1ccc(CNC(=O)c2cc(-c3ccc(Cl)cc3)on2)cc1,0
ZINC00423633,DUD_inha_D_104,COc1ccc(-c2cc(C(=O)NCc3ccc(Cl)cc3)no2)cc1,0
ZINC00423675,DUD_inha_D_105,COc1cccc(-c2cc(C(=O)NCc3ccc(Cl)cc3)no2)c1,0
ZINC00423727,DUD_inha_D_106,COc1ccccc1-c1cc(C(=O)Nc2cccc(Cl)c2C)no1,0
ZINC00423731,DUD_inha_D_107,COc1ccccc1-c1cc(C(=O)Nc2ccccc2SC)no1,0
ZINC00424484,DUD_inha_D_108,COc1cccc(C2=Nn3c(nnc3-c3ccccc3O)SC2)c1,0
ZINC00425654,DUD_inha_D_109,COc1ccc(CNC(=O)c2cc(-c3cccc(Cl)c3)on2)cc1,0
ZINC00426371,DUD_inha_D_110,CC(=O)c1cccc(Nc2ncnc3c2cnn3-c2cccc(C)c2)c1,0
ZINC00428148,DUD_inha_D_111,Cc1ccc(-c2noc(CCC(=O)Nc3cccc(Cl)c3)n2)cc1,0
ZINC00428318,DUD_inha_D_112,Cc1ccc2cc3cc(C(=O)NCc4ccccn4)sc3nc2c1,0
ZINC00428319,DUD_inha_D_113,Cc1ccc2cc3cc(C(=O)NCc4cccnc4)sc3nc2c1,0
ZINC00428349,DUD_inha_D_114,COc1ccc2nc3sc(C(=O)Nc4cccc(C)n4)cc3cc2c1,0
ZINC00428366,DUD_inha_D_115,COc1ccc2nc3sc(C(=O)NCc4ccccn4)cc3cc2c1,0
ZINC00428367,DUD_inha_D_116,COc1ccc2nc3sc(C(=O)NCc4cccnc4)cc3cc2c1,0
ZINC00429108,DUD_inha_D_117,COc1ccc2nc3oc(C(=O)NCc4cccs4)cc3cc2c1,0
ZINC00429800,DUD_inha_D_118,Cc1cccc(NC(=O)c2sc3nc(-c4ccccc4)cn3c2C)n1,0
ZINC00429800,DUD_inha_D_119,Cc1cccc(NC(=O)c2sc3[nH+]c(-c4ccccc4)cn3c2C)n1,0
ZINC00432942,DUD_inha_D_120,Cc1onc(-c2ccccc2)c1C(=O)NCCc1cccc(Cl)c1,0
ZINC00440118,DUD_inha_D_121,Cc1c(NC(=S)NCc2ccco2)c(=O)n(-c2ccccc2)n1C,0
ZINC00449678,DUD_inha_D_122,Cc1ccc(C(=O)c2cccc(NC(=O)c3cccs3)c2)cc1C,0
ZINC00461798,DUD_inha_D_123,Cc1ccc(-c2cc(C(=O)Nc3cccnc3)c3ccccc3n2)s1,0
ZINC00461938,DUD_inha_D_124,Cc1ccc(C(=O)c2cccc(NC(=O)c3cccc(F)c3)c2)cc1C,0
ZINC00470700,DUD_inha_D_125,CC(C)c1ccc(NC(=O)CN2C(=O)c3cccc4cccc2c34)cc1,0
ZINC00473854,DUD_inha_D_126,CC(C)c1ccc(-c2csc(NC(=O)c3ccncc3)n2)cc1,0
ZINC00525330,DUD_inha_D_127,CSc1cccc(NC(=O)CN2C(=O)c3cccc4cccc2c34)c1,0
ZINC00526887,DUD_inha_D_128,C=CCn1c(SCc2nc3ccccc3[nH]2)nnc1-c1ccccn1,0
ZINC00526887,DUD_inha_D_129,C=CCn1c(SCc2[nH]c3ccccc3[nH+]2)nnc1-c1ccccn1,0
ZINC00527238,DUD_inha_D_130,Cc1ccc(NC(=O)CSc2nnc(-c3cccs3)n2C)cc1,0
ZINC00529094,DUD_inha_D_131,Cn1c(SCC(=O)Nc2ccccc2)nnc1-c1ccccc1F,0
ZINC00529804,DUD_inha_D_132,CCCn1nc(NC(=O)c2cccs2)c2cc3ccccc3nc21,0
ZINC00530334,DUD_inha_D_133,CCCn1nc(NC(=O)c2ccccc2F)c2cc3ccccc3nc21,0
ZINC00530520,DUD_inha_D_134,CCCn1nc(NC(=O)c2ccc(F)cc2)c2cc3ccccc3nc21,0
ZINC00534079,DUD_inha_D_135,CCn1nc(NC(=O)c2ccc(F)cc2)c2cc3cccc(C)c3nc21,0
ZINC00534523,DUD_inha_D_136,O=C(NCc1ccccc1)C1=NN(c2ccc(Cl)cc2)C(=O)CC1,0
ZINC00536617,DUD_inha_D_137,O=C(NCc1ccc(F)cc1)C1=NN(c2ccccc2)C(=O)CC1,0
ZINC00536987,DUD_inha_D_138,O=C(NCc1ccccn1)C1=NN(c2ccc(Cl)cc2)C(=O)CC1,0
ZINC00539181,DUD_inha_D_139,CC(C)(C)c1cc(C(=O)Nc2nc(-c3ccccc3)cs2)ccn1,0
ZINC00540033,DUD_inha_D_140,Cc1cccc2cc3c(NC(=O)COc4ccccc4)nn(C)c3nc12,0
ZINC00541108,DUD_inha_D_141,COc1ccc(Nc2ncc3c(n2)C[C@H](c2ccccc2)CC3=O)cc1,0
ZINC00541109,DUD_inha_D_142,COc1ccc(Nc2ncc3c(n2)C[C@@H](c2ccccc2)CC3=O)cc1,0
ZINC00545046,DUD_inha_D_143,Cc1nn(-c2ccccc2)c2sc(C(=O)NCc3ccccn3)cc12,0
ZINC00546636,DUD_inha_D_144,Cc1ccc(-c2ccc(/C=N/NC(=O)c3ccncc3)o2)cc1Cl,0
ZINC00551078,DUD_inha_D_145,CC(=O)O[C@@H](C(=O)Nc1nc2ccc(C)cc2s1)c1ccccc1,0
ZINC00563590,DUD_inha_D_146,CC(=O)N1c2ccccc2[C@@]2(O)N=C(CCc3ccccc3)S[C@H]12,0
ZINC00567874,DUD_inha_D_147,O=C(COc1ccccc1)Nc1nc2c(s1)CCc1ccccc1-2,0
ZINC00577223,DUD_inha_D_148,COc1cccc(C(=O)Nc2ccc(-c3cn4ccsc4n3)cc2)c1,0
ZINC00577223,DUD_inha_D_149,COc1cccc(C(=O)Nc2ccc(-c3cn4ccsc4[nH+]3)cc2)c1,0
ZINC00580793,DUD_inha_D_150,O=C(Nc1ccc2ncnc(Nc3cccc(Br)c3)c2c1)[C@H]1C=CCC1,0
ZINC00583040,DUD_inha_D_151,Cc1n[nH]c(-c2ccc(C(=O)N3Cc4cccn4Cc4ccccc43)c(Cl)c2)n1,0
ZINC00585863,DUD_inha_D_152,CC(C)(O)Cn1nc(-c2c(-c3ccccc3)nn3ccccc23)ccc1=O,0
ZINC00587186,DUD_inha_D_153,COc1ccc([C@H]2SC=C(c3ccccc3)NC(=O)[C@H]2OC(C)=O)cc1,0
ZINC00587676,DUD_inha_D_154,C[C@H](O)c1ccc(Cc2cn(-c3ccc(F)cc3)c3ncccc3c2=O)cc1,0
ZINC00591295,DUD_inha_D_155,CC(=O)Nc1ccc2c(c1)nc(Nc1c(C)cccc1Cl)c1cncn12,0
ZINC00591295,DUD_inha_D_156,CC(=O)Nc1ccc2c(c1)nc(Nc1c(C)cccc1Cl)c1c[nH+]cn12,0
ZINC00592546,DUD_inha_D_157,Cc1c(C(=O)NCc2oc3ccccc3c2Br)nc2ccccc2[n+]1[O-],0
ZINC00592547,DUD_inha_D_158,Cc1c(C(=O)N[C@H](C)c2oc3ccccc3c2Br)nc2ccccc2[n+]1[O-],0
ZINC00593639,DUD_inha_D_159,COc1ccc(-c2ccccc2)c2sc(NC(=O)c3cccnc3)nc12,0
ZINC00593640,DUD_inha_D_160,COc1ccc(-c2cccnc2)c2sc(NC(=O)c3ccc(C)s3)nc12,0
ZINC00595551,DUD_inha_D_161,COc1ccc(-c2cc(-c3sc(N)nc3-c3ccccn3)ccn2)cc1,0
ZINC00595553,DUD_inha_D_162,CCOc1ccc(-c2cc(-c3sc(N)nc3-c3ccccn3)ccn2)cc1,0
ZINC00599731,DUD_inha_D_163,C[C@@H](C[C@@H]1NC(=O)c2ccsc2-n2cccc21)OC(=O)c1ccccc1,0
ZINC00600412,DUD_inha_D_164,c1csc(-c2cnc(-n3ccnc3)nc2NCc2ccc3c(c2)OCO3)c1,0
ZINC00600412,DUD_inha_D_165,c1csc(-c2cnc(-n3cc[nH+]c3)nc2NCc2ccc3c(c2)OCO3)c1,0
ZINC00600412,DUD_inha_D_166,c1csc(-c2cnc(-n3cc[nH+]c3)nc2NCc2ccc3c(c2)OCO3)c1,0
ZINC00604402,DUD_inha_D_167,Cc1nc2ncccc2n1-c1cc2c(s1)C[C@H](C(=O)Nc1ccccn1)C2,0
ZINC00607947,DUD_inha_D_168,CN1c2cc(F)ccc2C(c2ccccc2)=NC[C@@H]1CNC(=O)c1ccoc1,0
ZINC00609729,DUD_inha_D_169,CCn1c2ccccc2n2c(SCc3nc4ccccc4[nH]3)nnc12,0
ZINC00609729,DUD_inha_D_170,CCn1c2ccccc2n2c(SCc3[nH]c4ccccc4[nH+]3)nnc12,0
ZINC00611792,DUD_inha_D_171,CC(=O)N(C)c1ccc(NC(=S)Nc2cccc3ccccc23)cc1,0
ZINC00612175,DUD_inha_D_172,CSc1ccccc1NC(=O)CN1C(=O)c2cccc3cccc1c23,0
ZINC00615522,DUD_inha_D_173,O=C(Nc1cccc2ccccc12)[C@H]1CC(=O)N(c2ccc(F)cc2)C1,0
ZINC00615523,DUD_inha_D_174,O=C(Nc1cccc2ccccc12)[C@@H]1CC(=O)N(c2ccc(F)cc2)C1,0
ZINC00623775,DUD_inha_D_175,O=C(Nc1cc2nn(-c3ccccc3)nc2cc1Cl)c1ccc2c(c1)OCCO2,0
ZINC00624025,DUD_inha_D_176,Cc1ccc(NC(=O)CSc2nc3sc4ccccc4n3n2)cc1,0
ZINC00625891,DUD_inha_D_177,C[C@@H]1[C@H](NC(=S)NC(=O)c2ccccc2)C(=O)N(c2ccccc2)N1C,0
ZINC00626250,DUD_inha_D_178,c1ccc2c(c1)OC[C@H](CSc1nnc3c(n1)[nH]c1ccccc13)O2,0
ZINC00626453,DUD_inha_D_179,CC(C)[C@H](C(=O)Nc1ccc(Br)cc1)N1C(=O)c2ccccc2C1=O,0
ZINC00626454,DUD_inha_D_180,CC(C)[C@H](C(=O)Nc1ccc(Br)cc1)N1C(=O)c2ccccc2C1=O,0
ZINC00626464,DUD_inha_D_181,CC(C)[C@@H](C(=O)Nc1ccc(Cl)cc1)N1C(=O)c2ccccc2C1=O,0
ZINC00626467,DUD_inha_D_182,CC(C)[C@H](C(=O)Nc1ccc(Cl)cc1)N1C(=O)c2ccccc2C1=O,0
ZINC00626474,DUD_inha_D_183,CC(C)[C@H](C(=O)Nc1cccc2ccccc12)N1C(=O)c2ccccc2C1=O,0
ZINC00627119,DUD_inha_D_184,Cc1c(NC(=S)NC(=O)c2ccccc2)c(=O)n(-c2ccccc2)n1C,0
ZINC00628719,DUD_inha_D_185,Cc1cc2nnc(SCC(=O)Nc3ccccc3F)n2c2ccccc12,0
ZINC00629454,DUD_inha_D_186,Cn1c(=O)c2c(nc(NCc3ccccc3)n2Cc2ccc(F)cc2)n(C)c1=O,0
ZINC00629454,DUD_inha_D_187,Cn1c(=O)c2c([nH+]c(NCc3ccccc3)n2Cc2ccc(F)cc2)n(C)c1=O,0
ZINC00634482,DUD_inha_D_188,COc1cccc2cc(-c3cnc(Nc4ccccc4)s3)c(=O)oc12,0
ZINC00634781,DUD_inha_D_189,Cc1onc(-c2c(F)cccc2Cl)c1C(=O)NC[C@@H]1COc2ccccc2O1,0
ZINC00635354,DUD_inha_D_190,COc1ccc(N2C(=O)c3ccccc3N[C@@H]2c2ccc(SC)cc2)cc1,0
ZINC00635356,DUD_inha_D_191,COc1ccc(N2C(=O)c3ccccc3N[C@@H]2c2ccc(SC)cc2)cc1,0
ZINC00640050,DUD_inha_D_192,Cc1cc(Cl)ccc1NC(=O)CN1C(=O)c2cccc3cccc1c23,0
ZINC00640114,DUD_inha_D_193,Cc1cc(NC(=O)CN2C(=O)c3cccc4cccc2c34)ccc1Br,0
ZINC00641103,DUD_inha_D_194,Cc1cc2c(=O)n(-c3ccccc3)c(SCc3nc4ccccc4[nH]3)nc2s1,0
ZINC00641103,DUD_inha_D_195,Cc1cc2c(=O)n(-c3ccccc3)c(SCc3[nH]c4ccccc4[nH+]3)nc2s1,0
ZINC00641709,DUD_inha_D_196,Cc1c(NC(=S)NC(=O)COc2ccccc2)c(=O)n(-c2ccccc2)n1C,0
ZINC00642882,DUD_inha_D_197,COc1cc2c(-c3cccnc3)nc3[nH]nc(-c4ccccc4)c3c2cc1OC,0
ZINC00643362,DUD_inha_D_198,O=C(Nc1ccccc1Br)[C@H]1CC(=O)N(c2ccc3c4c(cccc24)CC3)C1,0
ZINC00643849,DUD_inha_D_199,Cc1nn(-c2ccccn2)c2c1C(Cl)=C(/C=N\Nc1ccccn1)CC2,0
ZINC00643857,DUD_inha_D_200,Cc1nn(-c2ccccn2)c2c1C(Cl)=C(/C=N/NC(=O)c1ccncc1)CC2,0
ZINC00644201,DUD_inha_D_201,COc1ccc(C(=O)Nc2ccc(Cl)cc2C(=O)Nc2ccncc2)cc1,0
ZINC00644742,DUD_inha_D_202,C=CCn1c(=O)c2ccccc2[n+]2c(CC(=O)Nc3ccccc3)csc12,0
ZINC00645317,DUD_inha_D_203,Cc1ccc(NC(=O)c2cc(S(=O)(=O)c3ccccc3)ccc2Cl)cc1,0
ZINC00645318,DUD_inha_D_204,Cc1cccc(NC(=O)c2cc(S(=O)(=O)c3ccccc3)ccc2Cl)c1,0
ZINC00645509,DUD_inha_D_205,COc1ccc(NC(=O)C2=C(C)Nc3ncnn3[C@H]2c2cccc(Br)c2)cc1,0
ZINC00645522,DUD_inha_D_206,CCOc1ccccc1[C@@H]1C(C(=O)Nc2ccc(F)cc2)=C(C)Nc2ncnn21,0
ZINC00645523,DUD_inha_D_207,CCOc1ccccc1[C@H]1C(C(=O)Nc2ccc(F)cc2)=C(C)Nc2ncnn21,0
ZINC00645827,DUD_inha_D_208,Cc1ccc(C(=O)Nc2ccccc2C(=O)Nc2ccccn2)cc1Cl,0
ZINC00646329,DUD_inha_D_209,O=C(Cn1nnc2sc3c(c2c1=O)CCCC3)Nc1cccc2ccccc12,0
ZINC00646418,DUD_inha_D_210,CC1=C(C(=O)Nc2ccccc2C)[C@@H](c2cccc(Br)c2)n2ncnc2N1,0
ZINC00646419,DUD_inha_D_211,CC1=C(C(=O)Nc2ccccc2C)[C@@H](c2cccc(Br)c2)n2ncnc2N1,0
ZINC00646422,DUD_inha_D_212,CC1=C(C(=O)Nc2ccccc2C)[C@@H](c2cccc(F)c2)n2ncnc2N1,0
ZINC00646423,DUD_inha_D_213,CC1=C(C(=O)Nc2ccccc2C)[C@@H](c2cccc(F)c2)n2ncnc2N1,0
ZINC00646424,DUD_inha_D_214,COc1ccc([C@H]2C(C(=O)Nc3ccc(Cl)cc3)=C(C)Nc3ncnn32)cc1,0
ZINC00646425,DUD_inha_D_215,COc1ccc([C@H]2C(C(=O)Nc3ccc(Cl)cc3)=C(C)Nc3ncnn32)cc1,0
ZINC00646438,DUD_inha_D_216,CC1=C(C(=O)Nc2ccccc2C)[C@@H](c2ccc(Cl)cc2)n2ncnc2N1,0
ZINC00646439,DUD_inha_D_217,CC1=C(C(=O)Nc2ccccc2C)[C@@H](c2ccc(Cl)cc2)n2ncnc2N1,0
ZINC00646801,DUD_inha_D_218,Clc1cccc(-n2ncc3c(Nc4ccc5c(c4)OCCO5)ncnc32)c1,0
ZINC00648326,DUD_inha_D_219,Cc1c(Cl)cccc1NC(=O)CSc1nnc(-c2ccccc2)n1C,0
ZINC00648589,DUD_inha_D_220,Cn1cc(CNC(=O)c2cc(-c3ccccc3)nc3ccc(Br)cc23)cn1,0
ZINC00652429,DUD_inha_D_221,Cc1ccc(-c2csc(NC(=O)/C=C\c3ccc4c(c3)OCO4)n2)cc1,0
ZINC00652560,DUD_inha_D_222,Cn1cc(Br)c(C(=O)Nc2ccn(Cc3cccc4ccccc34)n2)n1,0
ZINC00655013,DUD_inha_D_223,Cc1ccc(C(=O)N/N=C\c2coc3ccc(Cl)cc3c2=O)cc1C,0
ZINC00655465,DUD_inha_D_224,Cc1cc(-c2ccccc2)nc2cc(C(=O)Nc3ccc(Cl)cc3)nn12,0
ZINC00655729,DUD_inha_D_225,Cc1c(C(=O)NCc2ccnn2C)c(-c2ccccc2)nn1-c1ccccc1,0
ZINC00656865,DUD_inha_D_226,Cn1cc(Br)c(C(=O)Nc2nc3ccccc3n2Cc2ccccc2)n1,0
ZINC00656865,DUD_inha_D_227,Cn1cc(Br)c(C(=O)Nc2[nH+]c3ccccc3n2Cc2ccccc2)n1,0
ZINC00659430,DUD_inha_D_228,CC1=NN(c2ccccc2)C(=O)/C1=C/c1c(C)nn(-c2ccccc2C)c1O,0
ZINC00664950,DUD_inha_D_229,Cc1ccc(S(=O)(=O)CNC(=S)c2ccc3ccccc3c2)cc1,0
ZINC00665485,DUD_inha_D_230,Cc1c(Cl)cccc1NC(=O)CN1C(=O)c2cccc3cccc1c23,0
ZINC00667807,DUD_inha_D_231,Cc1ccc(-c2csc(NC(=O)CSc3nc4ccccc4o3)n2)cc1,0
ZINC00668113,DUD_inha_D_232,C[C@H](O)C12c3ccccc3C(c3ccccc31)[C@@H]1C(=O)N(c3ccc(Cl)cc3)C(=O)[C@H]12,0
ZINC00668116,DUD_inha_D_233,Cc1ccc(N2C(=O)[C@H]3C4c5ccccc5C([C@H](C)O)(c5ccccc54)[C@@H]3C2=O)cc1,0
ZINC00668940,DUD_inha_D_234,Cc1nn(-c2ccccc2)c(C)c1/C=N/NS(=O)(=O)c1ccc(Cl)cc1,0
ZINC00670654,DUD_inha_D_235,Cc1ccc(-c2cc(C(=O)Nc3nncs3)c3ccccc3n2)c(C)c1,0
ZINC00671250,DUD_inha_D_236,CC(=O)N(C)c1ccc(NC(=O)COc2ccc3ccccc3c2Br)cc1,0
ZINC00671274,DUD_inha_D_237,COC(=O)c1ccc(NC(=O)COc2ccc3ccccc3c2Br)cc1,0
ZINC00675663,DUD_inha_D_238,CSc1nnc2c(n1)O[C@@H](/C(C)=C/c1ccccc1)Nc1ccccc1-2,0
ZINC00675666,DUD_inha_D_239,CSc1nnc2c(n1)O[C@H](/C(C)=C/c1ccccc1)Nc1ccccc1-2,0
ZINC00677428,DUD_inha_D_240,COc1cc(OC)cc(C(=O)Nc2ccc3oc(-c4ccccc4F)nc3c2)c1,0
ZINC00678154,DUD_inha_D_241,COc1cc(OC)cc(C(=O)Nc2cc(-c3nc4ncccc4o3)ccc2Cl)c1,0
ZINC00678521,DUD_inha_D_242,COC(=O)c1ccccc1NC(=S)NC(=O)c1oc2ccccc2c1C,0
ZINC00679750,DUD_inha_D_243,Cc1ccc([C@@H]2Nc3cc(NC(=O)c4cccnc4Cl)ccc3O2)cc1C,0
ZINC00679906,DUD_inha_D_244,COc1ccc2nc(NC(=O)c3c(-c4ccccc4)noc3C)sc2c1,0
ZINC00680612,DUD_inha_D_245,CSc1nnc(-c2cccc(NC(=O)c3cccc4ccccc34)c2)n1C,0
ZINC00680653,DUD_inha_D_246,CSc1nnc(-c2cccc(NC(=O)/C=C\c3ccccc3)c2)n1C,0
ZINC00681083,DUD_inha_D_247,Cc1ccc(-c2ccc(/C=N\NC(=O)c3ccncc3)o2)c(Br)c1,0
ZINC00681778,DUD_inha_D_248,O=C1CCCC2=C1[C@@H](c1ccco1)Nc1cc(C(=O)c3ccccc3)ccc1N2,0
ZINC00682813,DUD_inha_D_249,Cc1onc(-c2ccccc2)c1C(=O)N/N=C\c1cc2c(cc1Cl)OCO2,0
ZINC00682879,DUD_inha_D_250,C[C@@H](C(=O)Nc1ccc(Cl)cn1)c1cccc(C(=O)c2ccccc2)c1,0
ZINC00683380,DUD_inha_D_251,CC1(C)Nc2ccccc2-c2nnc(SCc3ccccc3)nc2O1,0
ZINC00684616,DUD_inha_D_252,CCOc1c(O)ccc([C@@H]2Oc3ccccc3[C@H]3CC(c4cccs4)=NN32)c1[N+](=O)[O-],0
ZINC00684909,DUD_inha_D_253,COc1ccccc1-c1nnc(S[C@H]2CCc3ccccc3NC2=O)s1,0
ZINC00684910,DUD_inha_D_254,COc1ccccc1-c1nnc(S[C@H]2CCc3ccccc3NC2=O)s1,0
ZINC00684911,DUD_inha_D_255,COc1ccc(-c2nnc(S[C@H]3CCc4ccccc4NC3=O)s2)cc1,0
ZINC00684912,DUD_inha_D_256,COc1ccc(-c2nnc(S[C@H]3CCc4ccccc4NC3=O)s2)cc1,0
ZINC00687273,DUD_inha_D_257,Cc1sc(NC(=O)COC(=O)c2ccccc2)nc1-c1ccccc1,0
ZINC00689349,DUD_inha_D_258,Cc1ccc(-c2cc(C(=O)NCc3cccnc3)c3ccccc3n2)s1,0
ZINC00693018,DUD_inha_D_259,Cc1ccc(-c2nnc(-c3ccc(NC(=O)Cc4cccs4)cc3)o2)cc1,0
ZINC00693117,DUD_inha_D_260,Cc1cccc(-c2nnc(-c3cccc(NC(=O)Cc4cccs4)c3)o2)c1,0
ZINC00693414,DUD_inha_D_261,COc1nc(-c2ccc(C)cc2)n(-c2ccc(NC(=O)c3ccco3)cc2)n1,0
ZINC00694634,DUD_inha_D_262,O=C(Nc1cccc2ccccc12)C12C[C@@H]3C[C@@H](C1)CC(n1cncn1)(C3)C2,0
ZINC00696894,DUD_inha_D_263,COc1nc(-c2ccc3c(c2)OCO3)n(-c2ccc(NC(=O)c3cccc(F)c3)cc2)n1,0
ZINC00702611,DUD_inha_D_264,O=C(Nc1sc2c(c1C(=O)NCc1cccnc1)CCCC2)c1ccco1,0
ZINC00703557,DUD_inha_D_265,CC1=C(C(=O)Nc2ccccc2)[C@@H](c2ccccc2Cl)n2ncnc2N1,0
ZINC00703558,DUD_inha_D_266,CC1=C(C(=O)Nc2ccccc2)[C@H](c2ccccc2Cl)n2ncnc2N1,0
ZINC00703559,DUD_inha_D_267,CC1=C(C(=O)Nc2ccccc2)[C@H](c2ccc(Cl)cc2)n2ncnc2N1,0
ZINC00703560,DUD_inha_D_268,CC1=C(C(=O)Nc2ccccc2)[C@@H](c2ccc(Cl)cc2)n2ncnc2N1,0
ZINC00703561,DUD_inha_D_269,CC1=C(C(=O)Nc2ccccc2)[C@H](c2ccc(Br)cc2)n2ncnc2N1,0
ZINC00703562,DUD_inha_D_270,CC1=C(C(=O)Nc2ccccc2)[C@H](c2ccc(Br)cc2)n2ncnc2N1,0
ZINC00703564,DUD_inha_D_271,CC1=C(C(=O)Nc2ccccc2)[C@H](c2cccc(Br)c2)n2ncnc2N1,0
ZINC00704398,DUD_inha_D_272,C[C@]12CCCc3c(-c4ncn[nH]4)c(-c4ccccc4)c(=O)n(c31)-c1ccccc12,0
ZINC00704928,DUD_inha_D_273,COc1ccc(NC(=O)c2cc3c(C)nn(-c4ccccc4)c3s2)cc1,0
ZINC00705335,DUD_inha_D_274,Cc1cccc(NC(=O)c2cc(N3C(=O)c4ccccc4C3=O)ccc2Cl)c1C,0
ZINC00712308,DUD_inha_D_275,COc1cccc(NC(=O)c2cc3c(C)nn(-c4ccccc4)c3s2)c1,0
ZINC00714287,DUD_inha_D_276,Cc1cccc(NC(=O)CSc2ncnn2-c2ccccc2)c1C,0
ZINC00715346,DUD_inha_D_277,CC(C)[C@@H](C(=O)Nc1cccc(Cl)c1)N1C(=O)c2ccccc2C1=O,0
ZINC00715365,DUD_inha_D_278,Cc1c(NC(=S)N/N=C\c2ccccc2)c(=O)n(-c2ccccc2)n1C,0
ZINC00716250,DUD_inha_D_279,O=C(CSc1nnc2c(n1)[nH]c1ccccc12)N1CCCc2ccccc21,0
ZINC00716809,DUD_inha_D_280,Cc1ccccc1N1C[C@H](C(=O)N/N=C\c2ccc(Br)cc2)CC1=O,0
ZINC00716810,DUD_inha_D_281,Cc1ccccc1N1C[C@@H](C(=O)N/N=C\c2ccc(Br)cc2)CC1=O,0
ZINC00716811,DUD_inha_D_282,Cc1ccccc1N1C[C@@H](C(=O)N/N=C\c2ccc(Br)cc2)CC1=O,0
ZINC00716812,DUD_inha_D_283,Cc1ccccc1N1C[C@H](C(=O)N/N=C\c2ccc(Br)cc2)CC1=O,0
ZINC00718298,DUD_inha_D_284,Cn1c2ccccc2c2nnc(SCC(=O)Nc3cccc(F)c3)nc21,0
ZINC00721931,DUD_inha_D_285,C=CCN1N=C(c2ccc(NC(=O)c3ccccc3)cc2)CSC1=O,0
ZINC00722847,DUD_inha_D_286,Cc1ccc(S(=O)(=O)Nc2ccc3nc(-c4cccc(F)c4)oc3c2)cc1,0
ZINC00724310,DUD_inha_D_287,COC(=O)c1ccccc1NC(=S)NC(=O)c1cc2ccccc2cc1OC,0
ZINC00724353,DUD_inha_D_288,CC(C)CC(=O)NC(=S)Nc1ccc2oc(-c3cccnc3)nc2c1,0
ZINC00724736,DUD_inha_D_289,CCCC(=O)Nc1ccc(Cl)c(NC(=O)c2ccc3ccccc3c2)c1,0
ZINC00727188,DUD_inha_D_290,Cc1ccccc1NC(=O)c1c(NC(=O)c2cccnc2)sc2c1CCC2,0
ZINC00727198,DUD_inha_D_291,O=C(Nc1c(C(=O)NC2CCCCC2)cnn1-c1ccccc1)c1cccs1,0
ZINC00727262,DUD_inha_D_292,Cc1c(/N=C/c2sc3ccccc3c2O)c(=O)n(-c2ccccc2)n1C,0
ZINC00728342,DUD_inha_D_293,Cc1c(/N=C\c2cc(Br)ccc2O)c(=O)n(-c2ccccc2)n1C,0
ZINC00728428,DUD_inha_D_294,COc1ccccc1CNC(=O)c1c(-c2ccccc2Cl)noc1C,0
ZINC00738259,DUD_inha_D_295,C[C@H](NC(=O)c1ccc2ccccc2c1)c1nc2cc(Cl)ccc2c(=O)n1C,0
ZINC00738260,DUD_inha_D_296,C[C@@H](NC(=O)c1ccc2ccccc2c1)c1nc2cc(Cl)ccc2c(=O)n1C,0
ZINC00738293,DUD_inha_D_297,C[C@@H](NC(=O)c1cccc2ccccc12)c1nc2cc(Cl)ccc2c(=O)n1C,0
ZINC00738294,DUD_inha_D_298,C[C@@H](NC(=O)c1cccc2ccccc12)c1nc2cc(Cl)ccc2c(=O)n1C,0
ZINC00738415,DUD_inha_D_299,C[C@@H](Cl)C(=O)Nc1ccc(N2CCN(C(=O)c3ccccc3)CC2)cc1,0
ZINC00752639,DUD_inha_D_300,O=S(=O)(c1ccc(-c2csc(Nc3ccc(F)cc3)n2)cc1)N1CCCC1,0
ZINC00752647,DUD_inha_D_301,CC(=O)N1c2ccccc2CCc2ccc(NC(=O)c3ccccc3)cc21,0
ZINC00752953,DUD_inha_D_302,CC(C)(C)C(=O)Nc1ncnc2oc(-c3ccccc3)c(-c3ccccc3)c12,0
ZINC00754231,DUD_inha_D_303,Cc1cc(O)c(C2=Nc3ccccc3S[C@@H](c3ccc4c(c3)OCO4)C2)c(=O)o1,0
ZINC00754333,DUD_inha_D_304,Cc1cc(O)c(C2=Nc3ccccc3S[C@@H](c3ccccn3)C2)c(=O)o1,0
ZINC00755360,DUD_inha_D_305,COc1ccccc1NC(=O)CSc1nnc2c(n1)-c1cccc3cccc-2c13,0
ZINC00755694,DUD_inha_D_306,Cn1c(=O)c2c(-c3ccc(Cl)cc3)c3c(O)c4ccccc4c-3[nH]c2n(C)c1=O,0
ZINC00755712,DUD_inha_D_307,Cc1cc(O)c(C2=Nc3ccccc3S[C@H](c3cccs3)C2)c(=O)o1,0
ZINC00756245,DUD_inha_D_308,Cn1c(=O)c2c(-c3ccc(F)cc3)c3c(O)c4ccccc4c-3[nH]c2n(C)c1=O,0
ZINC00756261,DUD_inha_D_309,Cc1ccc(S(=O)(=O)N2c3ccccc3[C@@H](Nc3ccccc3)C[C@@H]2C)cc1,0
ZINC00756466,DUD_inha_D_310,Cc1cc(=O)n(-c2nc(-c3ccccc3)cc(-c3ccc(Br)cc3)n2)[nH]1,0
ZINC00758038,DUD_inha_D_311,CCN(CC)S(=O)(=O)N1C=Cc2ccccc2[C@@H]1c1c[nH]c2ccccc12,0
ZINC00766376,DUD_inha_D_312,c1ccc(CNc2nsc(N3CCN(c4ncccn4)CC3)n2)cc1,0
ZINC00773427,DUD_inha_D_313,O=C(NC1CCCCC1)c1c(-c2ccc(F)cc2)noc1-c1ccoc1,0
ZINC00773428,DUD_inha_D_314,O=C(NCC1CCCCC1)c1c(-c2ccc(F)cc2)noc1-c1ccoc1,0
ZINC00773581,DUD_inha_D_315,Cc1onc(-c2ccc(F)cc2)c1C(=O)NCCc1c[nH]c2ccccc12,0
ZINC00773599,DUD_inha_D_316,COc1cccc(CNC(=O)c2c(-c3ccc(F)cc3)noc2-c2ccoc2)c1OC,0
ZINC00773806,DUD_inha_D_317,CC(C)CNC(=O)c1c(-c2ccc(F)cc2)noc1-c1ccccc1,0
ZINC00778479,DUD_inha_D_318,Cc1cccc(-c2nnc(SCC(=O)Nc3ccccc3F)n2C)c1,0
ZINC00779150,DUD_inha_D_319,CCn1c(SCC(=O)Nc2cccc(F)c2)nnc1-c1ccccc1,0
ZINC00779162,DUD_inha_D_320,Cc1ccc(-c2nnc(SCC(=O)Nc3cccc(F)c3)n2C)cc1,0
ZINC00779328,DUD_inha_D_321,Cn1c(SCC(=O)Nc2cccc3ccccc23)nnc1-c1ccco1,0
ZINC00780403,DUD_inha_D_322,O=C(Nc1cccc2ccccc12)C1CCN(C(=O)c2ccccc2)CC1,0
ZINC00780466,DUD_inha_D_323,O=C(Nc1cccc2ccccc12)C1CCN(C(=O)c2ccc(Cl)cc2)CC1,0
ZINC00780474,DUD_inha_D_324,O=C(Nc1cccc2ccccc12)C1CCN(C(=O)c2ccccc2Cl)CC1,0
ZINC00780491,DUD_inha_D_325,O=C(Nc1cccc2ccccc12)C1CCN(C(=O)c2ccc(F)cc2)CC1,0
ZINC00780614,DUD_inha_D_326,Cn1c(=O)c2c(-c3ccccc3Cl)c3c(nc2n(C)c1=O)-c1ccccc1[C@H]3O,0
ZINC00780615,DUD_inha_D_327,Cn1c(=O)c2c(-c3ccccc3Cl)c3c(nc2n(C)c1=O)-c1ccccc1[C@H]3O,0
ZINC00780616,DUD_inha_D_328,Cn1c(=O)c2c(-c3cccc(F)c3)c3c(nc2n(C)c1=O)-c1ccccc1[C@H]3O,0
ZINC00780617,DUD_inha_D_329,Cn1c(=O)c2c(-c3cccc(F)c3)c3c(nc2n(C)c1=O)-c1ccccc1[C@@H]3O,0
ZINC00780618,DUD_inha_D_330,Cn1c(=O)c2c(-c3ccccc3F)c3c(nc2n(C)c1=O)-c1ccccc1[C@H]3O,0
ZINC00780619,DUD_inha_D_331,Cn1c(=O)c2c(-c3ccccc3F)c3c(nc2n(C)c1=O)-c1ccccc1[C@H]3O,0
ZINC00782909,DUD_inha_D_332,Cn1nc(CC(=O)Nc2nc(-c3ccccc3)cs2)c2ccccc2c1=O,0
ZINC00783170,DUD_inha_D_333,Cc1cc(O)c(C2=Nc3ccccc3S[C@@H](c3ccccc3Cl)C2)c(=O)o1,0
ZINC00783395,DUD_inha_D_334,Cc1cc2ccccc2n2c(SCC(=O)Nc3ccccc3F)nnc12,0
ZINC00784014,DUD_inha_D_335,O=C(Nc1cccc2ccccc12)C1CCN(C(=O)c2cccs2)CC1,0
ZINC00784163,DUD_inha_D_336,CSc1ccccc1C(=O)Nc1ccc2c(c1)N(C(C)=O)c1ccccc1CC2,0
ZINC00784654,DUD_inha_D_337,O=C(CSc1nnc(-c2c[nH]c3ccccc23)o1)N1CCc2ccccc21,0
ZINC00784656,DUD_inha_D_338,O=C(CSc1nnc(-c2c[nH]c3ccccc23)o1)N1CCCc2ccccc21,0
ZINC00788124,DUD_inha_D_339,O=C(Nc1cccc2ccccc12)[C@H]1CC(=O)N(c2ccc(Cl)cc2)C1,0
ZINC00788126,DUD_inha_D_340,O=C(Nc1cccc2ccccc12)[C@H]1CC(=O)N(c2ccc(Cl)cc2)C1,0
ZINC00790262,DUD_inha_D_341,Cc1cccc2cc(CN(Cc3ccccc3)C(=O)c3cccs3)c(=O)[nH]c12,0
ZINC00790386,DUD_inha_D_342,Cc1ccc2[nH]c(=O)c(CN(Cc3cccnc3)C(=O)c3cccs3)cc2c1,0
ZINC00790386,DUD_inha_D_343,Cc1ccc2nc(O)c(CN(Cc3cccnc3)C(=O)c3cccs3)cc2c1,0
ZINC00791091,DUD_inha_D_344,CCOc1ccc(N2CC(=O)C(c3nc4ccccc4s3)=C2N)cc1,0
ZINC00792969,DUD_inha_D_345,O=C(Nc1ccccc1)c1cc(S(=O)(=O)N2CCCc3ccccc32)cs1,0
ZINC00792984,DUD_inha_D_346,O=C(Nc1ccc(F)cc1)c1cccc(S(=O)(=O)N2CCCc3ccccc32)c1,0
ZINC00793961,DUD_inha_D_347,Cc1nn(-c2ccccc2)c2sc(C(=O)N/N=C/c3ccc4c(c3)OCO4)cc12,0
ZINC00793962,DUD_inha_D_348,Cc1nn(-c2ccccc2)c2sc(C(=O)N/N=C/c3ccc4c(c3)OCO4)cc12,0
ZINC00793967,DUD_inha_D_349,COc1ccccc1NC(=O)c1cc2c(C)nn(-c3ccccc3)c2s1,0
ZINC00793969,DUD_inha_D_350,Cc1nn(-c2ccccc2)c2sc(C(=O)N/N=C/c3cccnc3)cc12,0
ZINC00793970,DUD_inha_D_351,Cc1nn(-c2ccccc2)c2sc(C(=O)N/N=C/c3cccnc3)cc12,0
ZINC00794012,DUD_inha_D_352,Cc1ccc(NC(=O)[C@@H]2Cc3ccccc3CN2S(=O)(=O)c2cccs2)cc1,0
ZINC00794829,DUD_inha_D_353,COc1cccc(NC(=O)Cn2c(-c3cncs3)nc3ccccc32)c1,0
ZINC00794829,DUD_inha_D_354,COc1cccc(NC(=O)Cn2c(-c3cncs3)[nH+]c3ccccc32)c1,0
ZINC00794835,DUD_inha_D_355,Cc1cccc(C)c1NC(=O)Cn1c(-c2cncs2)nc2ccccc21,0
ZINC00794835,DUD_inha_D_356,Cc1cccc(C)c1NC(=O)Cn1c(-c2cncs2)[nH+]c2ccccc21,0
ZINC00794850,DUD_inha_D_357,Cc1ccc(NC(=O)Cn2c(-c3cncs3)nc3ccccc32)cc1,0
ZINC00794850,DUD_inha_D_358,Cc1ccc(NC(=O)Cn2c(-c3cncs3)[nH+]c3ccccc32)cc1,0
ZINC00795104,DUD_inha_D_359,Cc1cc2ccccc2n2c(SCC(=O)Nc3ccc(Cl)cc3)nnc12,0
ZINC00795841,DUD_inha_D_360,Cc1nn(-c2ccccc2)c2sc(C(=O)Nc3ccc4c(c3)OCCO4)cc12,0
ZINC00796555,DUD_inha_D_361,O=C(Nc1ccccc1)[C@@H]1CC(=O)N(c2ccc3c4c(cccc24)CC3)C1,0
ZINC00799092,DUD_inha_D_362,CCOc1ccc(Nc2c3c4c(cccc4n(C)c2=O)C(=O)c2ccccc2-3)cc1,0
ZINC00801899,DUD_inha_D_363,O=C(CSc1nnc2scc(-c3ccccc3)n12)Nc1ccc2c(c1)OCCO2,0
ZINC00802642,DUD_inha_D_364,CCOc1cc([C@@H]2Nc3ccccc3C(=O)N2c2ccccc2F)ccc1O,0
ZINC00802914,DUD_inha_D_365,COc1ccc(Cl)cc1NC(=O)CN1C(=O)c2cccc3cccc1c23,0
ZINC00802934,DUD_inha_D_366,COc1ccc(NC(=O)CN2C(=O)c3cccc4cccc2c34)cc1Cl,0
ZINC00803269,DUD_inha_D_367,Cc1ccc(NC(=O)CN2C(=O)c3cccc4cccc2c34)cc1Cl,0
ZINC00803271,DUD_inha_D_368,Cc1ccc(Cl)cc1NC(=O)CN1C(=O)c2cccc3cccc1c23,0
ZINC00804231,DUD_inha_D_369,Cc1nnc(SCC(=O)N2c3ccccc3CCc3ccccc32)[nH]1,0
ZINC00806855,DUD_inha_D_370,COc1ccc(N2C[C@@H](C(=O)Nc3ccc4ccccc4c3)CC2=O)cc1,0
ZINC00807625,DUD_inha_D_371,O=C(Nc1ccc(N2CCN(C(=O)c3ccco3)CC2)cc1)c1cccs1,0
ZINC00807631,DUD_inha_D_372,O=C(Nc1ccc(N2CCN(C(=O)c3ccco3)CC2)cc1)c1ccc(F)cc1,0
ZINC00807865,DUD_inha_D_373,COc1ccccc1NC(=O)C1=C(C)Nc2ncnn2[C@H]1c1ccccc1F,0
ZINC00807867,DUD_inha_D_374,COc1ccccc1NC(=O)C1=C(C)Nc2ncnn2[C@@H]1c1ccccc1F,0
ZINC00807869,DUD_inha_D_375,COc1ccccc1NC(=O)C1=C(C)Nc2ncnn2[C@@H]1c1cccc(F)c1,0
ZINC00807871,DUD_inha_D_376,COc1ccccc1NC(=O)C1=C(C)Nc2ncnn2[C@@H]1c1cccc(F)c1,0
ZINC00807885,DUD_inha_D_377,COc1ccccc1NC(=O)C1=C(C)Nc2ncnn2[C@H]1c1cccc2ccccc12,0
ZINC00808154,DUD_inha_D_378,Cc1nn(-c2ccccc2)c(Cl)c1C(=O)Nc1ccc(C)c2ncccc12,0
ZINC00808488,DUD_inha_D_379,Cn1c(=O)[nH]c(=O)c2c1nc(N1CCc3ccccc3C1)n2Cc1ccccc1Cl,0
ZINC00809558,DUD_inha_D_380,Cc1cc2nn(-c3ccc(F)cc3)nc2cc1NC(=O)c1ccc2c(c1)OCO2,0
ZINC00809784,DUD_inha_D_381,Cc1ccc(C(=O)Nc2ccc3oc(-c4cccnc4)nc3c2)c(Cl)c1,0
ZINC00811576,DUD_inha_D_382,CCOc1ccc2nc(NC(=O)c3c(-c4ccccc4)noc3C)sc2c1,0
ZINC00812118,DUD_inha_D_383,Cc1ccc(-c2nn3c(C)nnc3s2)cc1NC(=O)c1cccc2ccccc12,0
ZINC00812730,DUD_inha_D_384,COc1ccc(NC(=O)c2ccc(OC(=O)c3cccs3)cc2)cc1,0
ZINC00815344,DUD_inha_D_385,Cc1ccc(-c2cc(C(F)F)n3ncc(C(=O)NCc4cccnc4)c3n2)cc1,0
ZINC00815577,DUD_inha_D_386,CCCc1nnc(NC(=O)C2c3ccccc3Oc3ccccc32)s1,0
ZINC00818326,DUD_inha_D_387,O=C(Nc1ncc(Cc2ccccc2)s1)[C@@H]1COc2ccccc2O1,0
ZINC00818331,DUD_inha_D_388,Cc1cccc(Cc2cnc(NC(=O)[C@H]3COc4ccccc4O3)s2)c1,0
ZINC00818333,DUD_inha_D_389,Cc1cccc(Cc2cnc(NC(=O)[C@@H]3COc4ccccc4O3)s2)c1,0
ZINC00818335,DUD_inha_D_390,Cc1ccc(Cc2cnc(NC(=O)[C@@H]3COc4ccccc4O3)s2)cc1,0
ZINC00818336,DUD_inha_D_391,Cc1ccc(Cc2cnc(NC(=O)[C@H]3COc4ccccc4O3)s2)cc1,0
ZINC00818337,DUD_inha_D_392,O=C(Nc1ncc(Cc2ccccc2Cl)s1)[C@@H]1COc2ccccc2O1,0
ZINC00818338,DUD_inha_D_393,O=C(Nc1ncc(Cc2ccccc2Cl)s1)[C@@H]1COc2ccccc2O1,0
ZINC00818346,DUD_inha_D_394,O=C(Nc1ncc(Cc2ccc(F)cc2)s1)[C@H]1COc2ccccc2O1,0
ZINC00818354,DUD_inha_D_395,O=C(Nc1ncc(Cc2ccccc2F)s1)[C@H]1COc2ccccc2O1,0
ZINC00818355,DUD_inha_D_396,O=C(Nc1ncc(Cc2ccccc2F)s1)[C@H]1COc2ccccc2O1,0
ZINC00819397,DUD_inha_D_397,Cc1ccc(Nc2nc(C(=O)N3CCc4ccccc4C3)cs2)cc1,0
ZINC00819408,DUD_inha_D_398,COc1ccc(Nc2nc(C(=O)N3CCN(c4ccccc4)CC3)cs2)cc1,0
ZINC00819409,DUD_inha_D_399,COc1ccc(Nc2nc(C(=O)N3CCc4ccccc4C3)cs2)cc1,0
ZINC00822536,DUD_inha_D_400,COc1ccccc1[C@H]1Nc2ccccc2-c2nnc(SC)nc2O1,0
ZINC00822584,DUD_inha_D_401,Cc1nn(Cc2ccccc2)c(C)c1C(=O)NS(=O)(=O)c1ccccc1Cl,0
ZINC00825437,DUD_inha_D_402,CCOC(=O)c1ccc(NC(=O)c2c(C)nn(-c3ccccc3)c2Cl)cc1,0
ZINC00826018,DUD_inha_D_403,O=C(N/N=C/c1cccc(Br)c1)[C@H]1CC(=O)N(c2ccccc2)C1,0
ZINC00826020,DUD_inha_D_404,O=C(N/N=C\c1cccc(Br)c1)[C@@H]1CC(=O)N(c2ccccc2)C1,0
ZINC00828054,DUD_inha_D_405,COc1ccc(-n2nc3ccc(NC(=O)c4ccccc4F)cc3n2)cc1,0
ZINC00829533,DUD_inha_D_406,CSc1ccccc1NC(=O)c1cc2nc(-c3ccccc3)cc(C)n2n1,0
ZINC00834609,DUD_inha_D_407,O=c1[nH]c2cc(Cl)ccc2c(=O)cc1N1CCC(Oc2ccccc2)CC1,0
ZINC00840297,DUD_inha_D_408,CSc1ccccc1-n1c(=O)n(Cc2ccccc2F)c(=O)c2nc[nH]c21,0
ZINC00840297,DUD_inha_D_409,CSc1ccccc1-n1c(=O)n(Cc2ccccc2F)c(=O)c2[nH]c[nH+]c21,0
ZINC00840740,DUD_inha_D_410,O=C(N/N=C/c1c(-c2ccccc2)nc2sc3c(n12)CCCC3)c1cccnc1,0
ZINC00840740,DUD_inha_D_411,O=C(N/N=C\c1c(-c2ccccc2)[nH+]c2sc3c(n12)CCCC3)c1cccnc1,0
ZINC00840740,DUD_inha_D_412,O=C(N/N=C\c1c(-c2ccccc2)[nH+]c2sc3c(n12)CCCC3)c1cccnc1,0
ZINC00843792,DUD_inha_D_413,O=C(Nc1ccc2ccccc2c1)[C@H]1CC(=O)N(c2ccc(Cl)cc2)C1,0
ZINC00843793,DUD_inha_D_414,O=C(Nc1ccc2ccccc2c1)[C@H]1CC(=O)N(c2ccc(Cl)cc2)C1,0
ZINC00846529,DUD_inha_D_415,CC(C)C[C@@H](C(=O)Nc1ccc(Cl)cc1)N1C(=O)c2ccccc2C1=O,0
ZINC00846530,DUD_inha_D_416,CC(C)C[C@H](C(=O)Nc1cccc(Cl)c1)N1C(=O)c2ccccc2C1=O,0
ZINC00846531,DUD_inha_D_417,CC(C)C[C@H](C(=O)Nc1cccc(Cl)c1)N1C(=O)c2ccccc2C1=O,0
ZINC00846559,DUD_inha_D_418,CCN1C(=O)c2cccc3c(NC(=O)c4ccc(Br)cc4)ccc1c23,0
ZINC00847212,DUD_inha_D_419,COc1ccc(Cl)cc1C(=O)Nc1ccc2oc(-c3cccnc3)nc2c1,0
ZINC00849424,DUD_inha_D_420,O=C(Nc1ccc(N2CCOCC2)c(Cl)c1)c1ccc2ccccc2c1,0
ZINC00849886,DUD_inha_D_421,COc1ccccc1N1C(=O)[C@@H]2C3c4ccccc4C([C@@H](C)O)(c4ccccc43)[C@@H]2C1=O,0
ZINC00851893,DUD_inha_D_422,COc1ccc(C(=O)Nc2cc(-c3nc4ncccc4o3)ccc2C)cc1Cl,0
ZINC00852678,DUD_inha_D_423,CC1(C)C[C@](C)(c2ccccc2)c2ccccc2N1C(=O)CSc1nnc[nH]1,0
ZINC00852679,DUD_inha_D_424,CC1(C)C[C@](C)(c2ccccc2)c2ccccc2N1C(=O)CSc1nnc[nH]1,0
ZINC00854997,DUD_inha_D_425,COc1ccc2[nH]c3c(c2c1)CCn1c-3nc2scc(-c3ccccc3)c2c1=O,0
ZINC00856423,DUD_inha_D_426,Cc1cccc(-c2nnc(SCC(=O)Nc3cccc4ccccc34)o2)c1,0
ZINC00857339,DUD_inha_D_427,O=C(CSc1nc2c(c(=O)[nH]1)C1(CCCC1)Cc1ccccc1-2)c1ccccc1,0
ZINC00857577,DUD_inha_D_428,COc1ccc(C(=O)Nc2cccc([C@@H]3Nc4cc(Cl)ccc4O3)c2)cc1,0
ZINC00862017,DUD_inha_D_429,Cc1ccccc1NC(=O)[C@@H]1CSCN1C(=O)OCc1ccccc1,0
ZINC00862695,DUD_inha_D_430,O=C(Nc1ccccc1Cl)c1ccc(N2C(=O)[C@H]3[C@@H]4C=C[C@@H](C4)[C@@H]3C2=O)cc1,0
ZINC00864931,DUD_inha_D_431,O=C(Nc1cccc(Cl)c1)c1cccc(N2C(=O)[C@@H]3CC=CC[C@@H]3C2=O)c1,0
ZINC00864932,DUD_inha_D_432,O=C(Nc1cccc(Cl)c1)c1cccc(N2C(=O)[C@H]3CC=CC[C@@H]3C2=O)c1,0
ZINC00864933,DUD_inha_D_433,O=C(Nc1cccc(Cl)c1)c1cccc(N2C(=O)[C@@H]3CC=CC[C@H]3C2=O)c1,0
ZINC00864934,DUD_inha_D_434,O=C(Nc1cccc(Cl)c1)c1cccc(N2C(=O)[C@@H]3CC=CC[C@H]3C2=O)c1,0
ZINC00868438,DUD_inha_D_435,COc1ccc(-n2nc3cc(C)c(NC(=O)c4cccs4)cc3n2)cc1,0
ZINC00868698,DUD_inha_D_436,CC(=O)c1ccc(NC(=O)c2c(C)nn(-c3ccccc3)c2Cl)cc1,0
ZINC00868783,DUD_inha_D_437,COc1ccc(C2=NN3[C@H](C2)c2ccccc2O[C@H]3c2ccc(O)cc2)cc1,0
ZINC00869052,DUD_inha_D_438,Cc1ccccc1NC(=O)[C@H](C)Sc1nnc(-c2ccccc2C)o1,0
ZINC00869165,DUD_inha_D_439,Cc1cc(=O)[nH]c(SCC(=O)N2c3ccccc3CCc3ccccc32)n1,0
ZINC00869165,DUD_inha_D_440,Cc1cc(O)nc(SCC(=O)N2c3ccccc3CCc3ccccc32)n1,0
ZINC00870536,DUD_inha_D_441,CCn1c(SCC(=O)Nc2ccc(F)cc2)nnc1-c1ccccc1,0
ZINC00872909,DUD_inha_D_442,Cc1c(NC(=S)NCc2ccccc2)c(=O)n(-c2ccccc2)n1C,0
ZINC00873273,DUD_inha_D_443,O=C(Nc1ccc(N2CCOCC2)cc1)c1ccc(-c2ccc(F)cc2)o1,0
ZINC00875068,DUD_inha_D_444,Cc1cc(O)c(C2=Nc3ccccc3S[C@@H](c3ccccc3F)C2)c(=O)o1,0
ZINC00876297,DUD_inha_D_445,Cc1ccc(-c2nnc(SCC(=O)Nc3ccc(F)cc3)n2C)cc1,0
ZINC00877105,DUD_inha_D_446,Cc1ccc2c(c1)cc(C)c1nnc(SCC(=O)Nc3ccccc3F)n12,0
ZINC00877285,DUD_inha_D_447,COc1ccc2cc(C)c3nnc(SCC(=O)Nc4ccccc4F)n3c2c1,0
ZINC00877417,DUD_inha_D_448,COc1ccc(-n2nc3cc(C)c(NC(=S)NC(=O)c4ccco4)cc3n2)cc1,0
ZINC00877630,DUD_inha_D_449,COc1ccc(C2=NNC(c3cccnc3)=Nc3ccc(Cl)cc32)cc1,0
ZINC00877783,DUD_inha_D_450,CN(C)c1ccc(C2=NNC(c3ccncc3)=Nc3ccc(F)cc32)cc1,0
ZINC00877785,DUD_inha_D_451,CN(C)c1ccc(C2=NNC(c3cccnc3)=Nc3ccc(F)cc32)cc1,0
ZINC00877873,DUD_inha_D_452,CCOc1ccc2c(c1)C(c1ccncc1)=NNC(c1ccc(F)cc1)=N2,0
ZINC00877895,DUD_inha_D_453,COc1ccc(C2=NNC(c3ccncc3)=Nc3ccc(F)cc32)cc1OC,0
ZINC00877896,DUD_inha_D_454,COc1ccc(C2=NNC(c3ccncc3)=Nc3ccc(Cl)cc32)cc1OC,0
ZINC00877898,DUD_inha_D_455,COc1ccc(C2=NNC(c3cccnc3)=Nc3ccc(Cl)cc32)cc1OC,0
ZINC00877936,DUD_inha_D_456,CCOc1ccc(C2=NNC(c3ccncc3)=Nc3ccc(F)cc32)cc1,0
ZINC00877938,DUD_inha_D_457,CCOc1ccc(C2=NNC(c3cccnc3)=Nc3ccc(F)cc32)cc1,0
ZINC00882828,DUD_inha_D_458,Cc1cccc(NC(=O)CSc2ncnc3c2cnn3-c2ccccc2)c1,0
ZINC00882843,DUD_inha_D_459,Cc1ccc(NC(=O)CSc2ncnc3c2cnn3-c2ccccc2)cc1,0
ZINC00882846,DUD_inha_D_460,CC1(C)Cc2ccccc2-c2nnc(SCC(=O)Nc3ccccc3)n21,0
ZINC00882893,DUD_inha_D_461,CC1(C)Cc2ccccc2-c2nnc(SCC(=O)Nc3ccccc3Cl)n21,0
ZINC00882901,DUD_inha_D_462,CC1(C)Cc2ccccc2-c2nnc(SCC(=O)Nc3ccccc3Br)n21,0
ZINC00882903,DUD_inha_D_463,CC1(C)Cc2ccccc2-c2nnc(SCC(=O)Nc3ccccc3F)n21,0
ZINC00882904,DUD_inha_D_464,CC1(C)Cc2ccccc2-c2nnc(SCC(=O)Nc3ccc(F)cc3)n21,0
ZINC00884416,DUD_inha_D_465,COc1ccc(-n2nc3ccc(NC(=O)c4cccs4)cc3n2)cc1,0
ZINC00885425,DUD_inha_D_466,Cc1ccc(C(=O)N[C@H](c2ccc(F)cc2)n2nnc3ccccc32)cc1,0
ZINC00885428,DUD_inha_D_467,Cc1ccc(C(=O)N[C@@H](c2ccc(F)cc2)n2nnc3ccccc32)cc1,0
ZINC00885469,DUD_inha_D_468,Cc1ccc([C@H](NC(=O)c2ccc(F)cc2)n2nnc3ccccc32)cc1,0
ZINC00885471,DUD_inha_D_469,Cc1ccc([C@H](NC(=O)c2ccc(F)cc2)n2nnc3ccccc32)cc1,0
ZINC00885472,DUD_inha_D_470,COc1ccc([C@H](NC(=O)c2ccc(F)cc2)n2nnc3ccccc32)cc1,0
ZINC00885480,DUD_inha_D_471,COc1ccc([C@H](NC(=O)c2cccs2)n2nnc3ccccc32)cc1,0
ZINC00885951,DUD_inha_D_472,Cc1ccc(-n2nc3ccc(NC(=O)c4ccccc4F)cc3n2)cc1C,0
ZINC00887630,DUD_inha_D_473,Cc1cc2nnc(SCC(=O)Nc3ccccc3Br)n2c2ccccc12,0
ZINC00887730,DUD_inha_D_474,O=C(Nc1cc(-c2nc3ncccc3o2)ccc1Cl)c1ccc2c(c1)OCCO2,0
ZINC00892841,DUD_inha_D_475,CC(=O)N(C)c1ccc(NC(=O)C2c3ccccc3Oc3ccccc32)cc1,0
ZINC00896952,DUD_inha_D_476,Cc1cccc(-c2nnc(SCc3cc(=O)[nH]c4ccccc34)n2C)c1,0
ZINC00896955,DUD_inha_D_477,Cc1cccc(-c2nnc(SCC(=O)Nc3cccc(F)c3)n2C)c1,0
ZINC00897332,DUD_inha_D_478,Cc1nnc(SCC(=O)Nc2ccccc2Cl)n1-c1ccccc1,0
ZINC00902494,DUD_inha_D_479,O=C(CSc1nnc2c(n1)[nH]c1ccccc12)N1CCc2ccccc21,0
ZINC00902496,DUD_inha_D_480,C[C@@H]1Cc2ccccc2N1C(=O)CSc1nnc2c(n1)[nH]c1ccccc12,0
ZINC00902497,DUD_inha_D_481,C[C@H]1Cc2ccccc2N1C(=O)CSc1nnc2c(n1)[nH]c1ccccc12,0
ZINC00903059,DUD_inha_D_482,Cc1ccc2cc(C)c3nnc(SCC(=O)Nc4ccc(F)cc4)n3c2c1,0
ZINC00903075,DUD_inha_D_483,Cc1ccc2cc(C)c3nnc(SCC(=O)Nc4ccccc4F)n3c2c1,0
ZINC00904188,DUD_inha_D_484,COc1ccc(NC(=O)CSc2ncnc3scc(-c4ccccc4)c23)cc1,0
ZINC00904220,DUD_inha_D_485,COc1cccc(NC(=O)CSc2ncnc3scc(-c4ccccc4)c23)c1,0
ZINC00904230,DUD_inha_D_486,O=C(CSc1ncnc2scc(-c3ccccc3)c12)Nc1ccc2c(c1)OCCO2,0
ZINC00905423,DUD_inha_D_487,Cc1ccccc1NC(=O)CSc1nnc(-c2cccs2)n1C,0
ZINC00905562,DUD_inha_D_488,Cn1c(SCC(=O)Nc2cccc3ccccc23)nc2ccccc2c1=O,0
ZINC00905707,DUD_inha_D_489,CCOc1ccc2c(c1)C(c1cccnc1)=NNC(c1ccc(F)cc1)=N2,0
ZINC00905711,DUD_inha_D_490,CCOc1ccc2c(c1)C(c1cccs1)=NNC(c1ccncc1)=N2,0
ZINC00905712,DUD_inha_D_491,CCOc1ccc2c(c1)C(c1ccc(F)cc1)=NNC(c1cccnc1)=N2,0
ZINC00905713,DUD_inha_D_492,CCOc1ccc2c(c1)C(c1cccs1)=NNC(c1cccnc1)=N2,0
ZINC00905714,DUD_inha_D_493,CCOc1ccc(C2=Nc3ccc(F)cc3C(c3ccncc3)=NN2)cc1,0
ZINC00905715,DUD_inha_D_494,CCOc1ccc(C2=Nc3ccc(F)cc3C(c3cccnc3)=NN2)cc1,0
ZINC00906840,DUD_inha_D_495,Cc1ccccc1NC(=O)[C@@H](C)Sc1nnc(-c2ccccc2)n1C,0
ZINC00907303,DUD_inha_D_496,COc1ccccc1NC(=O)CSc1ncnc2scc(-c3ccccc3)c12,0
ZINC00907548,DUD_inha_D_497,Cc1c(Cl)cccc1NC(=O)CSc1nnc(C)n1-c1ccccc1,0
ZINC00907558,DUD_inha_D_498,Cc1ccccc1NC(=O)[C@H](C)Sc1nnc(C)n1-c1ccccc1,0
ZINC00912365,DUD_inha_D_499,Cc1ccc(-c2nnc(SCC(=O)Nc3ccccc3F)n2C)cc1,0
ZINC00912377,DUD_inha_D_500,Cc1cc2nnc(SCC(=O)Nc3cccc(F)c3)n2c2ccccc12,0
ZINC00915669,DUD_inha_D_501,Cc1ccc(NC(=O)c2ccc(N3C(=O)[C@H]4CC=C(Cl)C[C@H]4C3=O)cc2)cc1,0
ZINC00915695,DUD_inha_D_502,O=C(NCc1ccccc1)c1ccc(N2C(=O)[C@H]3CC=C(Cl)C[C@@H]3C2=O)cc1,0
ZINC00915700,DUD_inha_D_503,O=C(NCc1ccccc1)c1ccc(N2C(=O)[C@H]3CC=C(Cl)C[C@@H]3C2=O)cc1,0
ZINC00915720,DUD_inha_D_504,O=C(CCN1C(=O)[C@@H]2CC=C(Cl)C[C@@H]2C1=O)Nc1cccc2ccccc12,0
ZINC00915721,DUD_inha_D_505,O=C(CCN1C(=O)[C@@H]2CC=C(Cl)C[C@@H]2C1=O)Nc1cccc2ccccc12,0
ZINC00915724,DUD_inha_D_506,O=C(CCN1C(=O)[C@H]2CC=C(Cl)C[C@@H]2C1=O)Nc1cccc2ccccc12,0
ZINC00915726,DUD_inha_D_507,O=C(CCN1C(=O)[C@H]2CC=C(Cl)C[C@@H]2C1=O)Nc1cccc2ccccc12,0
ZINC00916526,DUD_inha_D_508,Cc1ccccc1NC(=O)CSc1nnc2cc(C)c3ccccc3n12,0
ZINC00917177,DUD_inha_D_509,Cc1cccc(NC(=O)CSc2nnc3c4ccccc4n(C)c3n2)c1,0
ZINC00917184,DUD_inha_D_510,Cc1cccc(C)c1NC(=O)CSc1nnc2c3ccccc3n(C)c2n1,0
ZINC00917190,DUD_inha_D_511,Cn1c2ccccc2c2nnc(SCC(=O)Nc3ccccc3F)nc21,0
ZINC00917456,DUD_inha_D_512,CC(C)(C)c1nnc(NC(=O)C2c3ccccc3Oc3ccccc32)s1,0
ZINC00924427,DUD_inha_D_513,O=C(CSc1ncnc2scc(-c3ccccc3)c12)Nc1ccc2c(c1)OCO2,0
ZINC00925058,DUD_inha_D_514,Cc1nnc(S[C@@H](C)C(=O)Nc2ccccc2)n1-c1cccc(Cl)c1,0
ZINC00925059,DUD_inha_D_515,Cc1nnc(S[C@@H](C)C(=O)Nc2ccccc2)n1-c1cccc(Cl)c1,0
ZINC00929791,DUD_inha_D_516,Nc1ccccc1SCC(=O)N1c2ccccc2CCc2ccccc21,0
ZINC00930029,DUD_inha_D_517,Cc1cc2cc3c(cc2nc1SCC(=O)Nc1nc2ccccc2s1)OCO3,0
ZINC00930733,DUD_inha_D_518,Cc1nc2ccc(N)cc2c(=O)n1Cc1ccc(-c2ccc(Cl)cc2)cc1,0
ZINC00930736,DUD_inha_D_519,Cc1nc2ccc(N)cc2c(=O)n1Cc1ccc(-c2cccc(Cl)c2)cc1,0
ZINC00930740,DUD_inha_D_520,Cc1nc2ccc(N)cc2c(=O)n1Cc1ccc(-c2ccccc2Cl)cc1,0
ZINC00934392,DUD_inha_D_521,CCN1C(=O)c2cccc3c(NC(=O)c4ccccc4Cl)ccc1c23,0
ZINC00935962,DUD_inha_D_522,Cc1ccc(C)c(NC(=O)Cn2cnc3sc(-c4ccccc4)cc3c2=O)c1,0
ZINC00936139,DUD_inha_D_523,Cc1cccn2cc(-c3ccc(NS(=O)(=O)c4ccc(Cl)cc4)cc3)nc12,0
ZINC00936139,DUD_inha_D_524,Cc1cccn2cc(-c3ccc(NS(=O)(=O)c4ccc(Cl)cc4)cc3)[nH+]c12,0
ZINC00937463,DUD_inha_D_525,Cc1ccc(NC(=O)CSc2nnc3c(C)cc4ccccc4n23)cc1,0
ZINC00937464,DUD_inha_D_526,Cc1cc2ccccc2n2c(SCC(=O)Nc3ccc(F)cc3)nnc12,0
ZINC00937467,DUD_inha_D_527,Cc1ccc(NC(=O)CSc2nnc3scc(-c4ccccc4)n23)cc1,0
ZINC00937561,DUD_inha_D_528,CC1=C(C(=O)Nc2ccccc2C)[C@H](c2cccc(Cl)c2)n2ncnc2N1,0
ZINC00937562,DUD_inha_D_529,CC1=C(C(=O)Nc2ccccc2C)[C@H](c2cccc(Cl)c2)n2ncnc2N1,0
ZINC00937575,DUD_inha_D_530,COc1cccc(-c2csc(NC(=O)[C@H]3COc4ccccc4O3)n2)c1,0
ZINC00937576,DUD_inha_D_531,COc1cccc(-c2csc(NC(=O)[C@H]3COc4ccccc4O3)n2)c1,0
ZINC00937577,DUD_inha_D_532,CCc1ccc(-c2csc(NC(=O)[C@@H]3COc4ccccc4O3)n2)cc1,0
ZINC00937578,DUD_inha_D_533,CCc1ccc(-c2csc(NC(=O)[C@H]3COc4ccccc4O3)n2)cc1,0
ZINC00937703,DUD_inha_D_534,Cc1sc2ncn([C@@H](C)C(=O)Nc3ccccc3)c(=O)c2c1-c1ccccc1,0
ZINC00937704,DUD_inha_D_535,Cc1sc2ncn([C@H](C)C(=O)Nc3ccccc3)c(=O)c2c1-c1ccccc1,0
ZINC00940449,DUD_inha_D_536,COc1ccccc1NC(=O)C1=C(C)Nc2ncnn2[C@@H]1c1ccc(Cl)cc1,0
ZINC00940450,DUD_inha_D_537,COc1ccccc1NC(=O)C1=C(C)Nc2ncnn2[C@H]1c1ccc(Cl)cc1,0
ZINC00940451,DUD_inha_D_538,COc1ccccc1NC(=O)C1=C(C)Nc2ncnn2[C@H]1c1cccc(Cl)c1,0
ZINC00940452,DUD_inha_D_539,COc1ccccc1NC(=O)C1=C(C)Nc2ncnn2[C@H]1c1cccc(Cl)c1,0
ZINC00940455,DUD_inha_D_540,COc1ccccc1NC(=O)C1=C(C)Nc2ncnn2[C@H]1c1ccccc1Cl,0
ZINC00940456,DUD_inha_D_541,COc1ccccc1NC(=O)C1=C(C)Nc2ncnn2[C@H]1c1ccccc1Cl,0
ZINC00941361,DUD_inha_D_542,CC(C)[C@@H](C(=O)Nc1ccccc1Br)N1C(=O)c2ccccc2C1=O,0
ZINC00941362,DUD_inha_D_543,CC(C)[C@@H](C(=O)Nc1ccccc1Br)N1C(=O)c2ccccc2C1=O,0
ZINC00944310,DUD_inha_D_544,Cc1cc2nnc(SCC(=O)Nc3ccc(F)cc3)n2c2ccccc12,0
ZINC00944356,DUD_inha_D_545,COc1ccc(NC(=O)C2=C(C)Nc3ncnn3[C@H]2c2ccccc2Cl)cc1,0
ZINC00944357,DUD_inha_D_546,COc1ccc(NC(=O)C2=C(C)Nc3ncnn3[C@H]2c2ccccc2Cl)cc1,0
ZINC00945352,DUD_inha_D_547,CCN1C(=O)c2cccc3c(NC(=O)c4cccc(Br)c4)ccc1c23,0
ZINC00947671,DUD_inha_D_548,Cc1sc2nc3c4ccccc4c(NCc4ccccn4)nn3c(=O)c2c1C,0
ZINC00947724,DUD_inha_D_549,COc1ccc(-c2csc3ncnc(Oc4cccc(NC(C)=O)c4)c23)cc1,0
ZINC00948020,DUD_inha_D_550,Clc1ccc(-n2ncc3c(NCc4ccc5c(c4)OCO5)ncnc32)cc1,0
ZINC00948477,DUD_inha_D_551,Cc1sc2ncnc(Oc3ccc(NC(=O)c4ccccc4)cc3)c2c1C,0
ZINC00948787,DUD_inha_D_552,O=C(CSc1ncnc2sc(-c3ccccc3)cc12)Nc1ccc2c(c1)OCO2,0
ZINC00948817,DUD_inha_D_553,Cc1sc2ncnc(SCC(=O)Nc3ccc4ccccc4c3)c2c1C,0
ZINC00950577,DUD_inha_D_554,COc1ccc([C@H]2C(C(=O)Nc3ccccc3)=C(C)Nc3ncnn32)cc1,0
ZINC00950578,DUD_inha_D_555,COc1ccc([C@@H]2C(C(=O)Nc3ccccc3)=C(C)Nc3ncnn32)cc1,0
ZINC00950595,DUD_inha_D_556,O=C1CCCC2=C1[C@@H](c1ccc(OCc3ccccc3)cc1)n1ncnc1N2,0
ZINC00951848,DUD_inha_D_557,COc1ccc(NC2=C(Cl)C(=O)N(c3cccc4ccccc34)C2=O)cc1,0
ZINC00952209,DUD_inha_D_558,COc1ccc(C2=C[C@@H](c3ccccc3Cl)n3ncnc3N2)cc1OC,0
ZINC00952210,DUD_inha_D_559,COc1ccc(C2=C[C@@H](c3ccccc3Cl)n3ncnc3N2)cc1OC,0
ZINC00952345,DUD_inha_D_560,Cc1ccc(-c2csc3ncn(CC(=O)Nc4ccccc4)c(=O)c23)cc1C,0
ZINC00954858,DUD_inha_D_561,CCN1C(=O)c2cccc3c(NC(=O)c4cccc(Cl)c4)ccc1c23,0
ZINC00954859,DUD_inha_D_562,CCN1C(=O)c2cccc3c(NC(=O)c4ccc(Cl)cc4)ccc1c23,0
ZINC00955006,DUD_inha_D_563,COc1ccc(N2C(=O)C(Cl)=C(Nc3cccc4ccccc34)C2=O)cc1,0
ZINC00955621,DUD_inha_D_564,Cc1ccc(NC(=O)Cn2cnc3scc(-c4ccccc4)c3c2=O)cc1,0
ZINC00955622,DUD_inha_D_565,Cc1cccc(NC(=O)Cn2cnc3scc(-c4ccccc4)c3c2=O)c1C,0
ZINC00955867,DUD_inha_D_566,COc1ccc([C@@H]2C(C(=O)Nc3ccccc3)=C(C)Nc3ncnn32)cc1Br,0
ZINC00955868,DUD_inha_D_567,COc1ccc([C@H]2C(C(=O)Nc3ccccc3)=C(C)Nc3ncnn32)cc1Br,0
ZINC00955871,DUD_inha_D_568,COc1cccc([C@@H]2C(C(=O)Nc3ccccc3)=C(C)Nc3ncnn32)c1,0
ZINC00955872,DUD_inha_D_569,COc1cccc([C@H]2C(C(=O)Nc3ccccc3)=C(C)Nc3ncnn32)c1,0
ZINC00956206,DUD_inha_D_570,COC(=O)c1ccccc1N1C(=O)C(Cl)=C(Nc2cccc(C)c2)C1=O,0
ZINC00956236,DUD_inha_D_571,CC1=C(C(=O)Nc2ccccc2)[C@@H](c2sccc2C)n2ncnc2N1,0
ZINC00956237,DUD_inha_D_572,CC1=C(C(=O)Nc2ccccc2)[C@@H](c2sccc2C)n2ncnc2N1,0
ZINC00956577,DUD_inha_D_573,Cc1cccc(NC(=O)Cn2cnc3sc(-c4ccccc4)cc3c2=O)c1,0
ZINC00956590,DUD_inha_D_574,Cc1cccc(NC(=O)Cn2cnc3sc(C)c(-c4ccccc4)c3c2=O)c1,0
ZINC00957829,DUD_inha_D_575,Cc1sc2ncn(CC(=O)Nc3cccc4ccccc34)c(=O)c2c1C,0
ZINC00957885,DUD_inha_D_576,Cc1ccc(N2C(=O)c3cccc4c(NC(=O)c5cccs5)ccc2c34)cc1,0
ZINC00959030,DUD_inha_D_577,COc1ccc(Br)cc1[C@H]1C(C(=O)Nc2ccccc2)=C(C)Nc2ncnn21,0
ZINC00959031,DUD_inha_D_578,COc1ccc(Br)cc1[C@H]1C(C(=O)Nc2ccccc2)=C(C)Nc2ncnn21,0
ZINC00970538,DUD_inha_D_579,Cc1ccc(NC(=O)c2c(NC(=O)c3cccnc3)sc3c2CCC3)cc1,0
ZINC00973910,DUD_inha_D_580,Cc1nn(CC(=O)Nc2ccc(Br)c3cccnc23)c(=O)c2ccccc12,0
ZINC00974721,DUD_inha_D_581,COC(=O)c1ccc(C(=O)Nc2nc3c(ccc4ccccc43)s2)cc1,0
ZINC00975418,DUD_inha_D_582,CCOc1ccccc1NC(=O)c1c(-c2ccccc2Cl)noc1C,0
ZINC00983415,DUD_inha_D_583,Cc1ccccc1NC(=O)c1cc(Cl)ccc1NC(=O)c1ccncc1,0
ZINC00988099,DUD_inha_D_584,COc1cc(Br)ccc1NC(=O)c1cccc2c1-c1ccccc1C2=O,0
ZINC00989986,DUD_inha_D_585,CCOc1ccc(-n2nc3ccc(NC(=O)c4ccccc4F)cc3n2)cc1,0
ZINC00990904,DUD_inha_D_586,C[C@@H]1C=CC[C@H]2C(=O)N(c3cccc(NC(=O)c4ccccc4)c3)C(=O)[C@H]12,0
ZINC00992648,DUD_inha_D_587,O=C(Nc1sc2c(c1C(=O)Nc1ccccc1)CCCC2)c1ccco1,0
ZINC00993634,DUD_inha_D_588,Cc1onc(-c2ccccc2)c1C(=O)N/N=C\c1cc2c(cc1Br)OCO2,0
ZINC00993658,DUD_inha_D_589,COc1ccc(Cl)cc1/C=N\NC(=O)c1c(-c2ccccc2)noc1C,0
ZINC00994840,DUD_inha_D_590,Cc1c(NC(=S)NC(=O)c2ccc(F)cc2)c(=O)n(-c2ccccc2)n1C,0
ZINC00998722,DUD_inha_D_591,COc1cccc(-c2cc(C(=O)Nc3nccs3)c3ccccc3n2)c1,0
ZINC01000647,DUD_inha_D_592,COc1cc2ccccc2cc1C(=O)NC(=S)Nc1cccc(C(C)=O)c1,0
ZINC01000665,DUD_inha_D_593,CC(C)CC(=O)NC(=S)Nc1ccc2nn(-c3ccccc3)nc2c1,0
ZINC01001808,DUD_inha_D_594,CC(=O)c1cccc(NC(=O)COc2ccc3ccccc3c2Br)c1,0
ZINC01005044,DUD_inha_D_595,O=C(N/N=C\c1ccc2c(c1)OCO2)[C@@H]1COc2cc3ccccc3cc2O1,0
ZINC01006919,DUD_inha_D_596,CCOC(=O)c1cnn(-c2ncnc3sc(-c4ccccc4)cc23)c1N,0
ZINC01006921,DUD_inha_D_597,CC(=O)Nc1cccc(Oc2ncnc3sc(-c4ccccc4)cc23)c1,0
ZINC01018649,DUD_inha_D_598,COC(=O)c1ccc([C@@H]2NC(S)=NC(C)=C2C(=O)Nc2ccccc2)cc1,0
ZINC01025792,DUD_inha_D_599,O=C(c1cnc2ccccc2n1)N1CCC(O)(c2ccc(Cl)cc2)CC1,0
ZINC01026532,DUD_inha_D_600,Cc1ccc(S(=O)(=O)Nc2ccccc2Sc2ncnc3c(C)csc23)cc1,0
ZINC01028471,DUD_inha_D_601,Cc1onc(-c2ccccc2)c1C(=O)N1CCC(O)(c2ccc(Cl)cc2)CC1,0
ZINC01029924,DUD_inha_D_602,Cc1ccccc1NC(=S)Nc1c(C)n(C)n(-c2ccccc2)c1=O,0
ZINC01030340,DUD_inha_D_603,Cc1cnc(C(=O)NCc2c(Cl)cccc2Oc2ccccc2)cn1,0
ZINC01030504,DUD_inha_D_604,COc1cccc2c1c(NC(=O)c1cnn(-c3ccc(F)cc3)c1C)nn2C,0
ZINC01030978,DUD_inha_D_605,O=C(NCc1cc(F)cc2c1OCOC2)c1ccc(-c2ccccn2)s1,0
ZINC01031574,DUD_inha_D_606,Cc1nc2ccccn2c1-c1ccnc(SCC(=O)Nc2ccccc2)n1,0
ZINC01032887,DUD_inha_D_607,CCCc1c(C(=O)NNc2cccc(Cl)c2)cnn1-c1ccccc1,0
ZINC01033298,DUD_inha_D_608,Cc1nc2ccccn2c1-c1ccnc(SCC(=O)Nc2ccc(F)cc2)n1,0
ZINC01033298,DUD_inha_D_609,Cc1[nH+]c2ccccn2c1-c1ccnc(SCC(=O)Nc2ccc(F)cc2)n1,0
ZINC01034353,DUD_inha_D_610,Cc1ccc(Oc2ncccc2NS(=O)(=O)c2ccc(F)cc2)c2c1CCC2,0
ZINC01034867,DUD_inha_D_611,CN1CCOc2cc(S(=O)(=O)NCc3ccc(-c4cccs4)cc3)ccc21,0
ZINC01034872,DUD_inha_D_612,O=S(=O)(NCc1ccc(-c2cccs2)cc1)c1ccc2c(c1)OCCCO2,0
ZINC01035140,DUD_inha_D_613,Cc1onc(-c2ccccc2)c1C(=O)NC[C@@H]1COc2ccccc2O1,0
ZINC01035725,DUD_inha_D_614,Cc1cc(NC(=O)CSc2nc3ccccc3[nH]2)n(-c2ccccc2)n1,0
ZINC01035725,DUD_inha_D_615,Cc1cc(NC(=O)CSc2[nH]c3ccccc3[nH+]2)n(-c2ccccc2)n1,0
ZINC01039194,DUD_inha_D_616,Cn1c(SCC(=O)Nc2ccccc2)nnc1[C@H]1COc2ccccc2O1,0
ZINC01039985,DUD_inha_D_617,Cc1ccc(NC(=O)c2c(-c3ccccc3)nnc3ccccc23)cc1F,0
ZINC01040027,DUD_inha_D_618,CSc1cccc(-n2c(=O)n(Cc3ccccc3)c(=O)c3nc[nH]c32)c1,0
ZINC01040027,DUD_inha_D_619,CSc1cccc(-n2c(=O)n(Cc3ccccc3)c(=O)c3[nH]c[nH+]c32)c1,0
ZINC01040046,DUD_inha_D_620,CSc1ccc(-n2c(=O)n(Cc3ccccc3)c(=O)c3nc[nH]c32)cc1,0
ZINC01040046,DUD_inha_D_621,CSc1ccc(-n2c(=O)n(Cc3ccccc3)c(=O)c3[nH]c[nH+]c32)cc1,0
ZINC01040130,DUD_inha_D_622,CSc1ccccc1Cn1c(=O)c2nc[nH]c2n(-c2ccccc2C)c1=O,0
ZINC01040130,DUD_inha_D_623,CSc1ccccc1Cn1c(=O)c2[nH]c[nH+]c2n(-c2ccccc2C)c1=O,0
ZINC01040137,DUD_inha_D_624,CC(C)(C)c1ccccc1-n1c(=O)n(Cc2ccccc2F)c(=O)c2nc[nH]c21,0
ZINC01040137,DUD_inha_D_625,CC(C)(C)c1ccccc1-n1c(=O)n(Cc2ccccc2F)c(=O)c2[nH]c[nH+]c21,0
ZINC01040190,DUD_inha_D_626,COc1ccc(Cn2c(=O)c3nc[nH]c3n(-c3cccc(SC)c3)c2=O)cc1,0
ZINC01040190,DUD_inha_D_627,COc1ccc(Cn2c(=O)c3[nH]c[nH+]c3n(-c3cccc(SC)c3)c2=O)cc1,0
ZINC01040197,DUD_inha_D_628,CSc1cccc(-n2c(=O)n(Cc3ccccc3)c(=O)c3nc[nH]c32)c1C,0
ZINC01040197,DUD_inha_D_629,CSc1cccc(-n2c(=O)n(Cc3ccccc3)c(=O)c3[nH]c[nH+]c32)c1C,0
ZINC01040199,DUD_inha_D_630,Cc1ccc2nc(-c3ccc(NS(=O)(=O)c4cccs4)cc3)sc2c1,0
ZINC01040279,DUD_inha_D_631,COc1ccc(Cn2c(=O)c3nc[nH]c3n(-c3ccccc3C(F)(F)F)c2=O)cc1,0
ZINC01040279,DUD_inha_D_632,COc1ccc(Cn2c(=O)c3[nH]c[nH+]c3n(-c3ccccc3C(F)(F)F)c2=O)cc1,0
ZINC01040284,DUD_inha_D_633,COc1ccc(Cn2c(=O)c3nc[nH]c3n(-c3ccccc3Cl)c2=O)cc1,0
ZINC01040284,DUD_inha_D_634,COc1ccc(Cn2c(=O)c3[nH]c[nH+]c3n(-c3ccccc3Cl)c2=O)cc1,0
ZINC01042161,DUD_inha_D_635,O=S(=O)(c1ccc(Cl)cc1)N1CCN(c2cccc3[nH]ccc23)CC1,0
ZINC01043465,DUD_inha_D_636,Cc1ccc(Sc2ncccc2NS(=O)(=O)c2ccc(C)cc2)cc1,0
ZINC01044210,DUD_inha_D_637,O=C(NC1CCN(C(=O)c2ccccc2Br)CC1)c1ccccc1,0
ZINC01047527,DUD_inha_D_638,Cc1nc(-c2cccnc2)sc1C(=O)N/N=C\c1ccccc1Cl,0
ZINC01048264,DUD_inha_D_639,Cc1onc(-c2ccccc2Cl)c1NC(=O)O[C@H](C)c1cccnc1,0
ZINC01049491,DUD_inha_D_640,CC(=O)Nc1ccc(C(=O)CSc2nc(-c3ccccc3)cs2)cc1,0
ZINC01049541,DUD_inha_D_641,C[C@@H](O)C12c3ccccc3C(c3ccccc31)[C@@H]1C(=O)N(c3ccccc3F)C(=O)[C@H]12,0
ZINC01050062,DUD_inha_D_642,O=C(NN1C(=O)c2ccccc2NC12CCCC2)c1ccc(Br)cc1,0
ZINC01050298,DUD_inha_D_643,Cc1cccc(NC(=O)CSc2nnc3n(C)c4ccccc4n23)c1,0
ZINC01051584,DUD_inha_D_644,O=C(Nc1ccc(-c2cc3ccccc3oc2=O)c(Cl)c1)c1ccc2c(c1)OCCO2,0
ZINC01052183,DUD_inha_D_645,Cc1sc(NC(=O)c2ccco2)c(C(=O)NCc2cccnc2)c1C,0
ZINC01052408,DUD_inha_D_646,Cc1sc(NC(=O)c2ccccc2)c(C(=O)NCc2cccnc2)c1C,0
ZINC01053467,DUD_inha_D_647,O=C(Nc1nnc(C2CC2)s1)[C@H](Sc1ccccc1)c1ccccc1,0
ZINC01053468,DUD_inha_D_648,O=C(Nc1nnc(C2CC2)s1)[C@@H](Sc1ccccc1)c1ccccc1,0
ZINC01054009,DUD_inha_D_649,COc1ccc(-n2nc3cc(C)c(NC(=O)c4ccc(F)cc4)cc3n2)cc1,0
ZINC01054797,DUD_inha_D_650,O=C(Nc1nc(-c2ccccc2)c(-c2ccccc2)s1)[C@H]1CCCO1,0
ZINC01054799,DUD_inha_D_651,O=C(Nc1nc(-c2ccccc2)c(-c2ccccc2)s1)[C@H]1CCCO1,0
ZINC01054862,DUD_inha_D_652,Cc1cc(C(=O)Nc2cccc(C(=O)NCc3ccccc3)c2)cs1,0
ZINC01055012,DUD_inha_D_653,Cc1onc(-c2ccccc2)c1C(=O)Nc1nc2c(C)cccc2s1,0
ZINC01055091,DUD_inha_D_654,O=C(Nc1nnc(C2CC2)s1)C1c2ccccc2Oc2ccccc21,0
ZINC01055529,DUD_inha_D_655,COC(=O)Nc1scc(-c2ccccc2)c1C(=O)NCc1ccco1,0
ZINC01055835,DUD_inha_D_656,O=C(Nc1ccc(S(=O)(=O)N2CCCC2)cc1)c1csc2ccccc12,0
ZINC01056405,DUD_inha_D_657,Cc1onc(-c2ccccc2)c1C(=O)Nc1cnn(Cc2ccc(Cl)cc2)c1,0
ZINC01056841,DUD_inha_D_658,Cc1nn(Cc2ccc(F)cc2)c(C)c1NC(=O)c1cnn2cccnc12,0
ZINC01056937,DUD_inha_D_659,Cn1c(=O)c2c(-c3ccccc3Cl)n(-c3ccccc3N)cc2n(C)c1=O,0
ZINC01058092,DUD_inha_D_660,Cc1ccc(-c2csc3ncnc(SCC(=O)Nc4ccc5c(c4)OCO5)c23)cc1,0
ZINC01058137,DUD_inha_D_661,Cn1c(SCC(=O)Nc2cccc3ccccc23)nnc1-c1ccc(F)cc1,0
ZINC01059138,DUD_inha_D_662,CC1=C(C(=O)NCc2ccccc2)[C@H](c2ccccc2C(F)(F)F)n2ncnc2N1,0
ZINC01059140,DUD_inha_D_663,CC1=C(C(=O)NCc2ccccc2)[C@H](c2ccccc2C(F)(F)F)n2ncnc2N1,0
ZINC01059163,DUD_inha_D_664,Oc1cc(N2CCOCC2)c2ccccc2c1Sc1nc2ccccc2[nH]1,0
ZINC01059163,DUD_inha_D_665,Oc1cc(N2CCOCC2)c2ccccc2c1Sc1[nH]c2ccccc2[nH+]1,0
ZINC01059278,DUD_inha_D_666,CCOC(=O)c1ccc(NC(=O)c2ccc(-c3ccc(F)cc3)o2)cc1,0
ZINC01059661,DUD_inha_D_667,COC(=O)c1ccccc1NC(=O)c1cccc(NC(=O)c2cccs2)c1C,0
ZINC01059747,DUD_inha_D_668,Cc1ccccc1-c1noc(CCC(=O)Nc2ccc(Cl)cc2)n1,0
ZINC01060755,DUD_inha_D_669,COc1cccc(N2C(=O)[C@@H]3C4c5ccccc5C(CO)(c5ccccc54)[C@@H]3C2=O)c1,0
ZINC01060761,DUD_inha_D_670,COc1cccc(N2C(=O)[C@@H]3C4c5ccccc5C(CO)(c5ccccc54)[C@H]3C2=O)c1,0
ZINC01060762,DUD_inha_D_671,COc1ccc(N2C(=O)[C@@H]3C4c5ccccc5C(CO)(c5ccccc54)[C@H]3C2=O)cc1,0
ZINC01060767,DUD_inha_D_672,COc1ccc(N2C(=O)[C@H]3C4c5ccccc5C(CO)(c5ccccc54)[C@@H]3C2=O)cc1,0
ZINC01060782,DUD_inha_D_673,Cc1ccc(N2C(=O)[C@H]3C4c5ccccc5C(CO)(c5ccccc54)[C@H]3C2=O)cc1Cl,0
ZINC01060787,DUD_inha_D_674,Cc1ccc(N2C(=O)[C@@H]3C4c5ccccc5C(CO)(c5ccccc54)[C@H]3C2=O)cc1Cl,0
ZINC01060797,DUD_inha_D_675,C[C@H]1S[C@@]2(C(=O)Nc3ccccc32)N(c2ccc(Oc3ccccc3)cc2)C1=O,0
ZINC01061841,DUD_inha_D_676,CSc1ccc([C@H]2C(C(=O)NCc3ccccc3)=C(C)Nc3ncnn32)cc1,0
ZINC01061844,DUD_inha_D_677,CSc1ccc([C@H]2C(C(=O)NCc3ccccc3)=C(C)Nc3ncnn32)cc1,0
ZINC01062043,DUD_inha_D_678,CC1=C(C(=O)NCc2ccccc2)[C@@H](c2cccc(Br)c2)n2ncnc2N1,0
ZINC01062046,DUD_inha_D_679,CC1=C(C(=O)NCc2ccccc2)[C@H](c2cccc(Br)c2)n2ncnc2N1,0
ZINC01063645,DUD_inha_D_680,COc1ccc(N2C(=O)c3ccccc3[C@@]2(O)c2ccccc2)cc1OC,0
ZINC01065253,DUD_inha_D_681,O=C(Nc1cccc(Cl)c1N1CCOCC1)c1ccc(-c2ccccc2[N+](=O)[O-])o1,0
ZINC01065350,DUD_inha_D_682,COc1ccc(-c2cc3ccccc3oc2=O)cc1NC(=O)c1cccs1,0
ZINC01065398,DUD_inha_D_683,COc1ccc(-c2cc3ccccc3oc2=O)cc1NC(=S)NC(=O)c1ccco1,0
ZINC01065410,DUD_inha_D_684,O=C(NC(=S)Nc1cccc2ncccc12)c1ccc2c(c1)OCCO2,0
ZINC01067713,DUD_inha_D_685,C=CCN1C(=O)N(c2cccc(C)c2)C(=O)[C@@H]1CC(=O)Nc1cccc(F)c1,0
ZINC01068231,DUD_inha_D_686,Cc1ccc(-c2cc(C(=O)Nc3cccnc3)c3cc(Br)ccc3n2)o1,0
ZINC01068233,DUD_inha_D_687,Cn1c2ccccc2c2nnc(SCC(=O)Nc3ccc(F)cc3)nc21,0
ZINC01068285,DUD_inha_D_688,Cc1ccc2nc(-c3ccncc3)cc(C(=O)Nc3ccc(F)cc3C)c2c1,0
ZINC01068326,DUD_inha_D_689,COc1ccc(NC(=O)c2cc(-c3ccncc3)nc3ccc(C)cc23)cc1Cl,0
ZINC01069115,DUD_inha_D_690,O=C1C[C@@H](c2ccccc2OCc2ccccc2)c2cc3c(cc2N1)OCO3,0
ZINC01069120,DUD_inha_D_691,COc1c(C(=O)Nc2ccc3oc(=O)ccc3c2)cc2ccccc2c1Br,0
ZINC01069602,DUD_inha_D_692,Cc1ccccc1Cn1nc(C)c(NC(=O)c2nn3cccnc3c2Cl)c1C,0
ZINC01069897,DUD_inha_D_693,Cc1sc2c(c1C)C(=O)N[C@]1(N2)C(=O)N(Cc2ccccc2F)c2ccccc21,0
ZINC01069899,DUD_inha_D_694,Cc1sc2c(c1C)C(=O)N[C@]1(N2)C(=O)N(Cc2ccccc2F)c2ccccc21,0
ZINC01070104,DUD_inha_D_695,Cc1ccc(-c2cc(C(F)F)n3ncc(C(=O)Nc4cccnc4)c3n2)cc1,0
ZINC01070382,DUD_inha_D_696,COC(=O)c1ccc(NC(=O)c2cc3ccccc3c(Br)c2OC)cc1,0
ZINC01071171,DUD_inha_D_697,Cc1ccc(-c2cc(C(F)F)n3ncc(C(=O)NCc4ccco4)c3n2)cc1,0
ZINC01072327,DUD_inha_D_698,O=C(Nc1cccc2ccccc12)[C@H]1CC(=O)N(c2cccc(Cl)c2)C1,0
ZINC01072328,DUD_inha_D_699,O=C(Nc1cccc2ccccc12)[C@H]1CC(=O)N(c2cccc(Cl)c2)C1,0
ZINC01073396,DUD_inha_D_700,O=C(NCc1ccc2c(c1)OCO2)c1cc(-c2cccnc2)nc2c(Cl)cccc12,0
ZINC01073541,DUD_inha_D_701,Cc1c(Cl)ccc2c(C(=O)Nc3ccncc3)cc(-c3ccccn3)nc12,0
ZINC01073558,DUD_inha_D_702,Cc1ccc2nc(-c3cccnc3)cc(C(=O)Nc3ccc(F)cc3C)c2c1,0
ZINC01073570,DUD_inha_D_703,Cc1ccc2nc(-c3ccncc3)cc(C(=O)NCc3ccccc3F)c2c1,0
ZINC01073640,DUD_inha_D_704,Cc1c(Cl)ccc2c(C(=O)N[C@@H](C)c3ccncc3)cc(-c3ccncc3)nc12,0
ZINC01073795,DUD_inha_D_705,Cc1ccc(C)c(-c2cc(C(=O)Nc3nncs3)c3ccccc3n2)c1,0
ZINC01073797,DUD_inha_D_706,Cc1cc(C)nc(NC(=O)c2cc(-c3ccncc3)nc3ccccc23)c1,0
ZINC01073867,DUD_inha_D_707,O=C(NCc1ccc2c(c1)OCO2)c1cc(-c2ccncc2)nc2c(Cl)cccc12,0
ZINC01073985,DUD_inha_D_708,COc1ccc(OC)c(-c2cc(C(=O)Nc3nccs3)c3ccccc3n2)c1,0
ZINC01074202,DUD_inha_D_709,Cc1cc(C)c2nc(-c3ccncc3)cc(C(=O)Nc3nccs3)c2c1,0
ZINC01074888,DUD_inha_D_710,Cn1c(SCC(=O)Nc2cccc(F)c2)nnc1-c1cc2ccccc2o1,0
ZINC01075193,DUD_inha_D_711,Cn1c(=O)c(NCCc2ccccc2)c2c3c(cccc31)C(=O)c1ccccc1-2,0
ZINC01076351,DUD_inha_D_712,O=C1OCc2cc(NC(=O)c3ccccc3SCc3ccc(F)cc3)ccc21,0
ZINC01076710,DUD_inha_D_713,O=C(Nc1ccc2c3c(cccc13)CC2)c1cc(-n2cnnc2)ccc1Cl,0
ZINC01077049,DUD_inha_D_714,COc1ccccc1-c1nnc(SCc2nc3ccccc3[nH]2)n1C,0
ZINC01077049,DUD_inha_D_715,COc1ccccc1-c1nnc(SCc2[nH]c3ccccc3[nH+]2)n1C,0
ZINC01078606,DUD_inha_D_716,CSc1ccc([C@H]2C(C(=O)Nc3ccccc3)=C(C)Nc3ncnn32)cc1,0
ZINC01078609,DUD_inha_D_717,CSc1ccc([C@@H]2C(C(=O)Nc3ccccc3)=C(C)Nc3ncnn32)cc1,0
ZINC01079316,DUD_inha_D_718,COc1ccc(-c2nc3ccccc3s2)cc1NC(=O)c1cccnc1,0
ZINC01079781,DUD_inha_D_719,CCOC(=O)[C@@H]1C(=O)C=C(Nc2ccccc2F)C[C@@H]1c1ccccc1,0
ZINC01079784,DUD_inha_D_720,CCOC(=O)[C@H]1C(=O)C=C(Nc2ccccc2F)C[C@H]1c1ccccc1,0
ZINC01079787,DUD_inha_D_721,CCOC(=O)[C@H]1C(=O)C=C(Nc2ccccc2F)C[C@H]1c1ccccc1,0
ZINC01079790,DUD_inha_D_722,CCOC(=O)[C@H]1C(=O)C=C(Nc2ccccc2F)C[C@H]1c1ccccc1,0
ZINC01079989,DUD_inha_D_723,COC(=O)[C@H]1C(=O)C=C(Nc2ccc(F)cc2)C[C@@H]1c1ccc(OC)cc1,0
ZINC01079996,DUD_inha_D_724,CCOC(=O)[C@@H]1C(=O)C=C(Nc2cccc(F)c2)C[C@H]1c1ccccc1,0
ZINC01079997,DUD_inha_D_725,CCOC(=O)[C@H]1C(=O)C=C(Nc2cccc(F)c2)C[C@@H]1c1ccccc1,0
ZINC01079998,DUD_inha_D_726,CCOC(=O)[C@H]1C(=O)C=C(Nc2cccc(F)c2)C[C@@H]1c1ccccc1,0
ZINC01079999,DUD_inha_D_727,CCOC(=O)[C@H]1C(=O)C=C(Nc2cccc(F)c2)C[C@H]1c1ccccc1,0
ZINC01080787,DUD_inha_D_728,Cc1ccc(-c2nn(C)c(=O)c3ccccc23)cc1CNC(=O)c1ccco1,0
ZINC01081028,DUD_inha_D_729,C[C@H]1CCc2c(sc(NC(=O)c3cccnc3)c2C(=O)Nc2ccccc2)C1,0
ZINC01081678,DUD_inha_D_730,O=C(Nc1sc2c(c1C(=O)Nc1ccccn1)CCCCC2)c1ccccc1,0
ZINC01084872,DUD_inha_D_731,CCSc1nnc2c(n1)O[C@@H](/C(C)=C\c1ccco1)Nc1ccccc1-2,0
ZINC01085154,DUD_inha_D_732,O=C(Nc1ccc(Cl)cc1)c1ccc(N2C(=O)[C@H]3[C@H]4C=C[C@@H](C4)[C@@H]3C2=O)cc1,0
ZINC01085388,DUD_inha_D_733,CC(=O)c1ccc(NC(=O)COc2ccc3ccccc3c2Br)cc1,0
ZINC01085428,DUD_inha_D_734,O=C(Nc1ccc(N2CCOCC2)cc1)c1ccc(-c2ccc(Cl)cc2)o1,0
ZINC01088343,DUD_inha_D_735,Cc1nn(-c2ccccc2)c(C)c1/C=N\n1c(S)nnc1-c1ccco1,0
ZINC01090884,DUD_inha_D_736,Cc1ccc(C(=O)NN2C(=O)CS[C@H]2c2c[nH]c3ccccc23)cc1,0
ZINC01090885,DUD_inha_D_737,Cc1ccc(C(=O)NN2C(=O)CS[C@H]2c2c[nH]c3ccccc23)cc1,0
ZINC01090886,DUD_inha_D_738,COc1ccc(C(=O)NN2C(=O)CS[C@@H]2c2c[nH]c3ccccc23)cc1,0
ZINC01090887,DUD_inha_D_739,COc1ccc(C(=O)NN2C(=O)CS[C@H]2c2c[nH]c3ccccc23)cc1,0
ZINC01090888,DUD_inha_D_740,O=C(COc1ccccc1)NN1C(=O)CS[C@H]1c1c[nH]c2ccccc12,0
ZINC01090889,DUD_inha_D_741,O=C(COc1ccccc1)NN1C(=O)CS[C@H]1c1c[nH]c2ccccc12,0
ZINC01090892,DUD_inha_D_742,Cc1ccc(OCC(=O)NN2C(=O)CS[C@@H]2c2c[nH]c3ccccc23)cc1,0
ZINC01090893,DUD_inha_D_743,Cc1ccc(OCC(=O)NN2C(=O)CS[C@@H]2c2c[nH]c3ccccc23)cc1,0
ZINC01092520,DUD_inha_D_744,Cc1ccc(-n2nc3cc(C)c(NC(=S)NC(=O)c4ccco4)cc3n2)cc1,0
ZINC01097090,DUD_inha_D_745,O=C(N/N=C\c1ccc(N2CCOCC2)cc1)c1cc2cc(Br)ccc2o1,0
ZINC01098788,DUD_inha_D_746,Cc1ccc(-c2nc3ncccc3o2)cc1NC(=S)NC(=O)c1ccco1,0
ZINC01100441,DUD_inha_D_747,Cc1cccc(NC(=O)CSc2nnc3c(C)cc4ccccc4n23)c1,0
ZINC01101095,DUD_inha_D_748,O=C(Nc1ccc2ccccc2c1)[C@@H]1CC(=O)N(c2ccc(Br)cc2)C1,0
ZINC01101096,DUD_inha_D_749,O=C(Nc1ccc2ccccc2c1)[C@H]1CC(=O)N(c2ccc(Br)cc2)C1,0
ZINC01101255,DUD_inha_D_750,O=C(N/N=C/c1cc(Br)c(N2CCOCC2)o1)c1cc2ccccc2o1,0
ZINC01101584,DUD_inha_D_751,S=C(Nc1ccc2nc(-c3ccco3)c(-c3ccco3)nc2c1)NC1CC1,0
ZINC01103823,DUD_inha_D_752,Cc1ccc(C(=O)Nc2c(-c3ccc(F)cc3)nc3ncccn23)cc1,0
ZINC01103823,DUD_inha_D_753,Cc1ccc(C(=O)Nc2c(-c3ccc(F)cc3)[nH+]c3ncccn23)cc1,0
ZINC01103953,DUD_inha_D_754,O=C(Nc1cccc2ccccc12)[C@@H]1CC(=O)N(c2ccc(Br)cc2)C1,0
ZINC01103954,DUD_inha_D_755,O=C(Nc1cccc2ccccc12)[C@@H]1CC(=O)N(c2ccc(Br)cc2)C1,0
ZINC01104457,DUD_inha_D_756,O=C(Nc1sc2c(c1C(=O)Nc1ccccc1)CCC2)c1cccnc1,0
ZINC01104461,DUD_inha_D_757,Cc1ccccc1NC(=O)c1c(NC(=O)c2ccncc2)sc2c1CCC2,0
ZINC01104464,DUD_inha_D_758,O=C(Nc1sc2c(c1C(=O)Nc1ccccc1)CCCCC2)c1ccco1,0
ZINC01104473,DUD_inha_D_759,O=C(Nc1sc2c(c1C(=O)Nc1ccccc1)CCC2)c1ccco1,0
ZINC01104475,DUD_inha_D_760,Cc1cccc(NC(=O)c2c(NC(=O)c3cccnc3)sc3c2CCC3)c1,0
ZINC01106045,DUD_inha_D_761,C[C@H](Cc1ccc2c(c1)OCO2)[C@@H]1Nc2ccccc2C(=O)N1c1ccc(F)cc1,0
ZINC01107360,DUD_inha_D_762,O=C(CSc1nnc(-c2ccccc2)[nH]1)n1c2c(c3ccccc31)CCCC2,0
ZINC01109344,DUD_inha_D_763,Cc1ccccc1NC(=O)c1ccccc1NC(=O)c1cncc(Br)c1,0
ZINC01111761,DUD_inha_D_764,COc1ccccc1NC(=O)C1=C(C)Nc2ncnn2[C@@H]1c1ccc(Br)cc1,0
ZINC01111764,DUD_inha_D_765,COc1ccccc1NC(=O)C1=C(C)Nc2ncnn2[C@@H]1c1ccc(Br)cc1,0
ZINC01113046,DUD_inha_D_766,CSc1cccc(NC(=O)CSc2ncn(-c3ccccc3)n2)c1,0
ZINC01113429,DUD_inha_D_767,Cn1c(SCC(=O)Nc2cccc3ccccc23)nnc1-c1cccs1,0
ZINC01113928,DUD_inha_D_768,Cc1ccc(F)c(NC(=O)CSc2nnc(-c3ccccc3)n2C)c1,0
ZINC01114129,DUD_inha_D_769,Cc1cccc(N2C(=O)C[C@H](SCc3nc4ccccc4[nH]3)C2=O)c1,0
ZINC01114129,DUD_inha_D_770,Cc1cccc(N2C(=O)C[C@@H](SCc3[nH]c4ccccc4[nH+]3)C2=O)c1,0
ZINC01114132,DUD_inha_D_771,Cc1cccc(N2C(=O)C[C@@H](SCc3nc4ccccc4[nH]3)C2=O)c1,0
ZINC01114132,DUD_inha_D_772,Cc1cccc(N2C(=O)C[C@H](SCc3[nH]c4ccccc4[nH+]3)C2=O)c1,0
ZINC01114605,DUD_inha_D_773,CCOC(=O)c1sc(NC(=O)C2c3ccccc3Oc3ccccc32)nc1C,0
ZINC01114737,DUD_inha_D_774,O=C1C[C@H](SCCc2nc3ccccc3[nH]2)C(=O)N1c1cccc(F)c1,0
ZINC01114737,DUD_inha_D_775,O=C1C[C@H](SCCc2[nH]c3ccccc3[nH+]2)C(=O)N1c1cccc(F)c1,0
ZINC01114740,DUD_inha_D_776,O=C1C[C@H](SCCc2nc3ccccc3[nH]2)C(=O)N1c1cccc(F)c1,0
ZINC01114740,DUD_inha_D_777,O=C1C[C@@H](SCCc2[nH]c3ccccc3[nH+]2)C(=O)N1c1cccc(F)c1,0
ZINC01115164,DUD_inha_D_778,O=C(NC(=S)Nc1ccccc1N1CCOCC1)c1cc2ccccc2o1,0
ZINC01115269,DUD_inha_D_779,C[C@H]1C=CC[C@@H]2C(=O)N(c3cccc(C(=O)Nc4ccc(Br)cc4)c3)C(=O)[C@H]12,0
ZINC01115435,DUD_inha_D_780,Cc1nnc(NC(=O)c2cc(-c3ccccc3C)nc3ccccc23)s1,0
ZINC01115438,DUD_inha_D_781,C[C@H]1C=CC[C@@H]2C(=O)N(c3cccc(C(=O)Nc4ccc(F)cc4)c3)C(=O)[C@H]12,0
ZINC01116239,DUD_inha_D_782,O=C(Nc1ccc(Br)cc1)c1ccc(N2C(=O)[C@@H]3CC=CC[C@H]3C2=O)cc1,0
ZINC01116244,DUD_inha_D_783,O=C(Nc1ccc(Br)cc1)c1ccc(N2C(=O)[C@H]3CC=CC[C@@H]3C2=O)cc1,0
ZINC01116433,DUD_inha_D_784,O=C(Nc1ccc(F)cc1)c1cccc(N2C(=O)[C@H]3[C@@H]4C=C[C@@H](C4)[C@H]3C2=O)c1,0
ZINC01116833,DUD_inha_D_785,O=C(Nc1ccc(Cl)cc1)c1cccc(N2C(=O)[C@H]3[C@H]4C=C[C@@H](C4)[C@H]3C2=O)c1,0
ZINC01117224,DUD_inha_D_786,Cc1cccc(N2C(=O)C[C@@H](Sc3nnc(-c4ccccc4)[nH]3)C2=O)c1,0
ZINC01117226,DUD_inha_D_787,Cc1cccc(N2C(=O)C[C@@H](Sc3nnc(-c4ccccc4)[nH]3)C2=O)c1,0
ZINC01118141,DUD_inha_D_788,CCOC(=O)c1cc(-c2ccccc2)sc1NC(=S)Nc1cnccn1,0
ZINC01120739,DUD_inha_D_789,CC(C)[C@@H](NC(=O)c1cccs1)C(=O)Nc1nc2ccccc2s1,0
ZINC01121395,DUD_inha_D_790,CC(C)C(=O)Nc1ccc(NC(=O)c2cccc3c(Br)cccc23)cc1,0
ZINC01121417,DUD_inha_D_791,COC(=O)c1cc(-c2ccccc2)sc1NC(=S)Nc1ccncc1,0
ZINC01123086,DUD_inha_D_792,Cc1ccccc1NC(=O)CS[C@@H]1CC(=O)N(c2ccc(F)cc2)C1=O,0
ZINC01123088,DUD_inha_D_793,Cc1ccccc1NC(=O)CS[C@@H]1CC(=O)N(c2ccc(F)cc2)C1=O,0
ZINC01123340,DUD_inha_D_794,CC1(C)Cc2ccccc2-c2c1c(=O)n(Cc1ccccc1)c1nnc(S)n21,0
ZINC01125185,DUD_inha_D_795,CCn1c(SCC(=O)Nc2ccccc2F)nnc1-c1ccccc1C,0
ZINC01126126,DUD_inha_D_796,CC(C)Cc1nnc(NC(=O)C2c3ccccc3Oc3ccccc32)s1,0
ZINC01126419,DUD_inha_D_797,Cc1nn(Cc2ccc(F)cc2)c(C)c1NC(=O)c1cc(-c2ccccc2)on1,0
ZINC01127627,DUD_inha_D_798,CC(=O)N1c2ccccc2CCc2ccc(NC(=O)c3cccc(Cl)c3)cc21,0
ZINC01127860,DUD_inha_D_799,Cn1c(=O)c2c(nc(NCc3ccccc3)n2Cc2cccc(F)c2)n(C)c1=O,0
ZINC01127860,DUD_inha_D_800,Cn1c(=O)c2c([nH+]c(NCc3ccccc3)n2Cc2cccc(F)c2)n(C)c1=O,0
ZINC01127912,DUD_inha_D_801,O=C1C[C@H](SCCc2nc3ccccc3[nH]2)C(=O)N1c1ccc(F)cc1,0
ZINC01127912,DUD_inha_D_802,O=C1C[C@@H](SCCc2[nH]c3ccccc3[nH+]2)C(=O)N1c1ccc(F)cc1,0
ZINC01127917,DUD_inha_D_803,O=C1C[C@@H](SCCc2nc3ccccc3[nH]2)C(=O)N1c1ccc(F)cc1,0
ZINC01127917,DUD_inha_D_804,O=C1C[C@H](SCCc2[nH]c3ccccc3[nH+]2)C(=O)N1c1ccc(F)cc1,0
ZINC01129826,DUD_inha_D_805,O=C1NC(=O)N(Cc2ccccc2Cl)C(=O)/C1=C\N1CCc2ccccc2C1,0
ZINC01130586,DUD_inha_D_806,COc1ccc2nc(NC(=O)CSc3cccc4cccnc34)sc2c1,0
ZINC01131401,DUD_inha_D_807,CC(=O)c1cccc(NC(=O)CSC2c3ccccc3-c3ccccc32)c1,0
ZINC01131650,DUD_inha_D_808,CC1=C(C(=O)Nc2ccccc2C)[C@@H](c2ccccc2F)n2ncnc2N1,0
ZINC01131652,DUD_inha_D_809,CC1=C(C(=O)Nc2ccccc2C)[C@@H](c2ccccc2F)n2ncnc2N1,0
ZINC01133921,DUD_inha_D_810,CCc1sc(NS(=O)(=O)Cc2ccccc2)nc1-c1ccccc1,0
ZINC01134162,DUD_inha_D_811,Cc1ccccc1-c1nnc(SCC(=O)Nc2ccccc2F)n1C,0
ZINC01136458,DUD_inha_D_812,Cc1ccc(S(=O)(=O)Cc2ccc(C(=O)Nc3ccc(F)cc3)cc2)cc1,0
ZINC01136855,DUD_inha_D_813,O=C(Nc1ccccc1)C1CCN(C(=O)c2ccc(Br)cc2)CC1,0
ZINC01139157,DUD_inha_D_814,COc1ccc(-c2csc(NC(=O)[C@H]3COc4ccccc4O3)n2)cc1,0
ZINC01139158,DUD_inha_D_815,COc1ccc(-c2csc(NC(=O)[C@H]3COc4ccccc4O3)n2)cc1,0
ZINC01140261,DUD_inha_D_816,CC(C)c1nnc(NC(=O)c2cc(-c3ccccc3)nc3ccccc23)s1,0
ZINC01141428,DUD_inha_D_817,Cc1cccc(-n2c(C)nnc2SCC(=O)Nc2ccc(F)cc2)c1,0
ZINC01142317,DUD_inha_D_818,CC(=O)Nc1nc(-c2ccccc2)nc2sc(C(=O)c3ccccc3)c(C)c12,0
ZINC01142505,DUD_inha_D_819,Cn1c(NC(=O)c2cccc(Cn3cc(Cl)cn3)c2)nc2ccccc21,0
ZINC01142505,DUD_inha_D_820,Cn1c(NC(=O)c2cccc(Cn3cc(Cl)cn3)c2)[nH+]c2ccccc21,0
ZINC01143107,DUD_inha_D_821,CC(=O)Nc1ccc(-c2nnc(SCc3ccc(F)cc3)n2C)cc1,0
ZINC01146509,DUD_inha_D_822,COc1ccc(-n2nc3cc(C)c(NC(=O)c4ccco4)cc3n2)cc1Cl,0
ZINC01147069,DUD_inha_D_823,CC(C)(C)c1nnc(NC(=O)c2ccccc2Oc2ccccc2)s1,0
ZINC01148395,DUD_inha_D_824,Cc1ccc(-n2c(C)nnc2SCC(=O)Nc2ccccc2F)cc1,0
ZINC01148991,DUD_inha_D_825,O=C(CSc1nc(-c2ccccc2)cc(=O)[nH]1)N1CCCc2ccccc21,0
ZINC01152153,DUD_inha_D_826,COc1ccc(C(=O)Nc2cccc(-c3nc4ncccc4o3)c2C)cc1Cl,0
ZINC01152393,DUD_inha_D_827,Cc1ccc(-c2csc(NC(=O)[C@H]3COc4ccccc4O3)n2)cc1,0
ZINC01152394,DUD_inha_D_828,Cc1ccc(-c2csc(NC(=O)[C@@H]3COc4ccccc4O3)n2)cc1,0
ZINC01153201,DUD_inha_D_829,COc1ccc(-n2cccc2/C=C2/C(=O)NC(=O)N(c3ccc(Cl)cc3)C2=O)cc1,0
ZINC01153552,DUD_inha_D_830,COc1ccc(-c2nc(Nc3nc4ccccc4s3)nc(C)c2C#N)cc1,0
ZINC01153888,DUD_inha_D_831,COc1ccc2ccc(OC)c(/C=C3/C(=O)NC(=O)N(c4ccc(Cl)cc4)C3=O)c2c1,0
ZINC01154159,DUD_inha_D_832,COC(=O)c1ccc(NC(=O)c2ccc(-c3ccc(Br)cc3)o2)cc1,0
ZINC01155329,DUD_inha_D_833,CC(=O)Nc1ccc(Nc2ncnc3scc(-c4ccccc4)c23)cc1,0
ZINC01158185,DUD_inha_D_834,O=C(Nc1ccc(I)cc1)C1CCN(C(=O)c2ccccc2)CC1,0
ZINC01158204,DUD_inha_D_835,CC1(C)Oc2ccc(NC(=O)c3ccc(C(=O)c4ccccc4)cc3)cc2O1,0
ZINC01159701,DUD_inha_D_836,CC[C@H]1Nc2ccccc2-c2nnc(SCc3ccccc3)nc2O1,0
ZINC01159702,DUD_inha_D_837,CC[C@@H]1Nc2ccccc2-c2nnc(SCc3ccccc3)nc2O1,0
ZINC01160737,DUD_inha_D_838,CN(C)C(=S)Nc1ccc2nc(-c3ccccn3)c(-c3ccccn3)nc2c1,0
ZINC01163400,DUD_inha_D_839,Cc1cccc(C(=O)c2cccc(NC(=O)c3cccc(F)c3)c2)c1C,0
ZINC01163459,DUD_inha_D_840,Cc1cc(C(=O)OCC(=O)Nc2ccc(Cl)cc2)c2ccccc2n1,0
ZINC01164752,DUD_inha_D_841,COc1ccc(Cl)cc1C(=O)Nc1cc(-c2nc3ncccc3o2)ccc1C,0
ZINC01166048,DUD_inha_D_842,COc1ccc(Cl)cc1C(=O)Nc1cccc(-c2nc3ncccc3o2)c1,0
ZINC01168533,DUD_inha_D_843,O=C(CSc1[nH]c2ccccc2[nH+]1)n1c2c(c3ccccc31)CCCC2,0
ZINC01170309,DUD_inha_D_844,O=C1CCCC2=C1[C@H](c1cccs1)N(C(=O)c1ccccc1)c1ccccc1N2,0
ZINC01171850,DUD_inha_D_845,COc1ccc2ccccc2c1/C=C1\C(=O)NC(=O)N(c2ccccc2F)C1=O,0
ZINC01175142,DUD_inha_D_846,CCOC(=O)c1ccc(NC(=S)NC(=O)c2cc3ccccc3o2)cc1,0
ZINC01175530,DUD_inha_D_847,O=C(NC(=S)Nc1ccc(N2CCOCC2)cc1)c1cc2ccccc2o1,0
ZINC01175910,DUD_inha_D_848,CC(=O)Nc1ccc2c(c1)[nH+]c1c3ccccc3c(-c3ccc(C)cc3)nn21,0
ZINC01175930,DUD_inha_D_849,CN(C)c1ccc(-n2cccc2/C=C2/C(=O)NC(=O)N(c3ccccc3F)C2=O)cc1,0
ZINC01176657,DUD_inha_D_850,O=C(Nc1ccc2oc(-c3ccc(F)cc3)nc2c1)c1ccc2c(c1)OCCO2,0
ZINC01177023,DUD_inha_D_851,Cc1cccc(NC(=S)Nc2c(C)n(C)n(-c3ccccc3)c2=O)c1,0
ZINC01177665,DUD_inha_D_852,COC(=O)c1ccccc1NC(=S)NC(=O)c1cc2ccccc2o1,0
ZINC01177675,DUD_inha_D_853,Cc1ccc(NC(=S)Nc2c(C)n(C)n(-c3ccccc3)c2=O)cc1,0
ZINC01178447,DUD_inha_D_854,CC(=O)Nc1ccc2c(c1)[nH+]c1c3ccccc3c(-c3ccc(Cl)cc3)nn21,0
ZINC01178512,DUD_inha_D_855,COc1cc2ccccc2cc1C(=O)NC(=S)NCc1cccnc1,0
ZINC01181709,DUD_inha_D_856,CC1=CC[C@H]2C(=O)N(c3cccc(C(=O)Nc4ccccc4Cl)c3)C(=O)[C@H]2C1,0
ZINC01181710,DUD_inha_D_857,CC1=CC[C@@H]2C(=O)N(c3cccc(C(=O)Nc4ccccc4Cl)c3)C(=O)[C@@H]2C1,0
ZINC01181711,DUD_inha_D_858,CC1=CC[C@@H]2C(=O)N(c3cccc(C(=O)Nc4ccccc4Cl)c3)C(=O)[C@@H]2C1,0
ZINC01182185,DUD_inha_D_859,Cc1cc(C)nc(NC(=O)c2cc(-c3ccccc3)nc3ccccc23)n1,0
ZINC01185390,DUD_inha_D_860,CCSc1nnc(-c2ccc(NC(=O)c3ccccc3F)cc2)n1C,0
ZINC01185429,DUD_inha_D_861,O=C(Nc1cccc(Cl)c1)c1cccc(N2C(=O)[C@H]3[C@@H]4C=C[C@H](C4)[C@@H]3C2=O)c1,0
ZINC01185524,DUD_inha_D_862,CC(=O)c1ccc(NC(=O)c2ccc(-c3cccc(Cl)c3C)o2)cc1,0
ZINC01185704,DUD_inha_D_863,O=C1NC(=O)N(c2ccc3c(c2)OCO3)C(=O)/C1=C\c1ccc(-c2ccc(F)cc2)o1,0
ZINC01185989,DUD_inha_D_864,O=C(Nc1ccc2oc(-c3cccc(F)c3)nc2c1)c1ccc2c(c1)OCCO2,0
ZINC01190563,DUD_inha_D_865,Cc1ccc2nc(-c3cccc(NC(=S)NC(=O)c4ccco4)c3)oc2c1,0
ZINC01190639,DUD_inha_D_866,CN(C)c1ccc(-c2nc3cc(NC(=S)NC(=O)c4ccco4)ccc3o2)cc1,0
ZINC01191124,DUD_inha_D_867,Cc1ccc(-n2nc3ccc(NC(=S)NC(=O)c4ccco4)cc3n2)cc1,0
ZINC01191129,DUD_inha_D_868,CCOc1ccc(-n2nc3ccc(NC(=S)NC(=O)c4ccco4)cc3n2)cc1,0
ZINC01192454,DUD_inha_D_869,Cc1c(NC(=S)NCCc2ccccc2)c(=O)n(-c2ccccc2)n1C,0
ZINC01195450,DUD_inha_D_870,CCc1ccccc1N1C(=O)[C@H]2C3c4ccccc4C(CO)(c4ccccc43)[C@H]2C1=O,0
ZINC01195739,DUD_inha_D_871,O=C1[C@H]2C3c4ccccc4C(CO)(c4ccccc43)[C@@H]2C(=O)N1c1ccc(F)cc1,0
ZINC01195741,DUD_inha_D_872,O=C1[C@@H]2C3c4ccccc4C(CO)(c4ccccc43)[C@@H]2C(=O)N1c1ccc(F)cc1,0
ZINC01197386,DUD_inha_D_873,COc1ccc2ccccc2c1/C=C1/C(=O)NC(=O)N(Cc2ccc(F)cc2)C1=O,0
ZINC01204186,DUD_inha_D_874,CCC(=O)Nc1ccc(NC(=O)c2cccc3c(Br)cccc23)cc1,0
ZINC01206883,DUD_inha_D_875,O=C(Nc1ccc2nn(-c3ccc(F)cc3)nc2c1)c1ccc2c(c1)OCCO2,0
ZINC01207341,DUD_inha_D_876,COc1ccc(C(=O)Nc2ccc3nn(-c4ccc(F)cc4)nc3c2)cc1,0
ZINC01207436,DUD_inha_D_877,Cc1cc(NC(=O)c2ccc(F)cc2)ccc1-c1cc2ccccc2oc1=O,0
ZINC01207877,DUD_inha_D_878,COc1cccc(C(=O)Nc2ccc3nn(-c4ccc(F)cc4)nc3c2)c1,0
ZINC01208457,DUD_inha_D_879,COc1ccccc1C(=O)Nc1ccc2nn(-c3ccc(F)cc3)nc2c1,0
ZINC01208529,DUD_inha_D_880,COc1ccc(Br)cc1C(=O)Nc1cccc(-c2nc3ncccc3o2)c1C,0
ZINC01208664,DUD_inha_D_881,CCOc1ccc(-n2nc3ccc(NC(=O)c4ccc(F)cc4)cc3n2)cc1,0
ZINC01210623,DUD_inha_D_882,Cc1ccc(/C=N/NC(=O)[C@H]2CC(=O)N(c3ccc(Cl)cc3)C2)cc1,0
ZINC01210625,DUD_inha_D_883,Cc1ccc(/C=N\NC(=O)[C@H]2CC(=O)N(c3ccc(Cl)cc3)C2)cc1,0
ZINC01211759,DUD_inha_D_884,COc1ccc(Cl)cc1C(=O)Nc1cccc(-c2nc3ncccc3o2)c1C,0
ZINC01212952,DUD_inha_D_885,CC(C)NC(=O)c1cnn(-c2ccccc2)c1NC(=O)c1ccccc1Cl,0
ZINC01214858,DUD_inha_D_886,COc1ccc(-c2ccc(/C=N/NC(=O)c3cccnc3)o2)cc1Cl,0
ZINC01223303,DUD_inha_D_887,Cc1[nH]c2ccc(-c3nnc(SCC(=O)c4ccccc4F)o3)cc2c1C,0
ZINC01225066,DUD_inha_D_888,Cc1ccccc1NC(=O)[C@H](C)Sc1nnc(-c2cccs2)n1C,0
ZINC01226656,DUD_inha_D_889,O=C(N/N=C\c1cc2ccccc2nc1Cl)[C@H]1COc2ccccc2O1,0
ZINC01226658,DUD_inha_D_890,O=C(N/N=C/c1cc2ccccc2nc1Cl)[C@@H]1COc2ccccc2O1,0
ZINC01230788,DUD_inha_D_891,COc1cccc([C@@H]2CC(c3c(O)cc(C)oc3=O)=Nc3ccccc3S2)c1,0
ZINC01232241,DUD_inha_D_892,COc1ccc(C(=O)NC(=S)Nc2c(C)n(C)n(-c3ccccc3)c2=O)cc1,0
ZINC01233311,DUD_inha_D_893,O=C(N/N=C/c1ccc(-c2cccc(Cl)c2)o1)c1ccc2c(c1)OCCO2,0
ZINC01240552,DUD_inha_D_894,CC(C)c1ccc(C(=O)Nc2ccc3oc(-c4cccnc4)nc3c2)cc1,0
ZINC01243741,DUD_inha_D_895,Cc1ccc(-c2n[nH]c(=S)n2/N=C/c2cccc3ccccc23)cc1,0
ZINC01249085,DUD_inha_D_896,Cc1c(C)n(C(=O)CSc2nc(-c3ccccc3)n[nH]2)c2ccccc12,0
ZINC01249661,DUD_inha_D_897,Cc1ccc([C@@H]2CC(=O)c3cn/c(=N/c4ccc(F)cc4)[nH]c3C2)cc1,0
ZINC01249663,DUD_inha_D_898,Cc1ccc([C@H]2CC(=O)c3cn/c(=N/c4ccc(F)cc4)[nH]c3C2)cc1,0
ZINC01252099,DUD_inha_D_899,Oc1c2c3c(noc3c3ccccc13)C(N1CCOCC1)=C/C2=N\c1ccccc1,0
ZINC01253254,DUD_inha_D_900,COc1ccc(-c2n[nH]c(=S)n2/N=C/c2cccc3ccccc23)cc1,0
ZINC01253327,DUD_inha_D_901,O=c1c2c(n3c(S)nnc3n1-c1ccccc1)-c1ccccc1CC21CCCC1,0
ZINC01255753,DUD_inha_D_902,CCc1ccc(N2C(=O)C[C@H](Sc3n[nH]c(-c4ccccc4)n3)C2=O)cc1,0
ZINC01255754,DUD_inha_D_903,CCc1ccc(N2C(=O)C[C@H](Sc3n[nH]c(-c4ccccc4)n3)C2=O)cc1,0
ZINC01258016,DUD_inha_D_904,Cc1cccc(N2C(=O)C[C@@H](Sc3nc(-c4ccccc4)n[nH]3)C2=O)c1,0
ZINC01269532,DUD_inha_D_905,COc1ccc([C@H]2CC(=O)c3cn/c(=N/c4ccc(F)cc4)[nH]c3C2)cc1,0
ZINC01269534,DUD_inha_D_906,COc1ccc([C@@H]2CC(=O)c3cn/c(=N/c4ccc(F)cc4)[nH]c3C2)cc1,0
ZINC01273384,DUD_inha_D_907,CCc1ccc(/N=c2\ncc3c([nH]2)C[C@H](c2cccs2)CC3=O)cc1,0
ZINC01276563,DUD_inha_D_908,Cc1nc(SCC(=O)N2c3ccccc3CCc3ccccc32)n[nH]1,0
ZINC01281205,DUD_inha_D_909,Cc1ccccc1NC(=O)Cn1cnc2scc(-c3ccccc3)c2c1=O,0
ZINC01283468,DUD_inha_D_910,O=C1CCCC2=C1[C@H](c1ccco1)n1nc(SCc3ccccc3Cl)nc1N2,0
ZINC01284982,DUD_inha_D_911,Cc1ccc(NC(=O)c2ccc(OC(=O)c3ccc(Br)o3)cc2)cc1,0
ZINC01292046,DUD_inha_D_912,Cc1cc(C)c2oc(-c3ccco3)c(OCC(=O)Nc3ccccc3F)c(=O)c2c1,0
ZINC01296651,DUD_inha_D_913,Cc1nn(-c2ccccc2)c(Cl)c1/C=N/NC(=O)[C@@H]1COc2ccccc2O1,0
ZINC01296653,DUD_inha_D_914,Cc1nn(-c2ccccc2)c(Cl)c1/C=N\NC(=O)[C@@H]1COc2ccccc2O1,0
ZINC01301403,DUD_inha_D_915,Cc1cccc2cc(CN(C(=O)c3ccccc3Cl)c3ccccc3)c(=O)[nH]c12,0
ZINC01303400,DUD_inha_D_916,CCn1c2ccccc2c2cc(/C=N/n3c(-c4ccco4)n[nH]c3=S)ccc21,0
ZINC01318607,DUD_inha_D_917,C[C@H]1[C@H](NC(=S)NC(=O)c2ccccc2)C(=O)N(c2ccccc2)N1C,0
ZINC01320989,DUD_inha_D_918,CCc1ccccc1NC(=O)Cn1nnc2sc(-c3ccccc3)cc2c1=O,0
ZINC01320994,DUD_inha_D_919,Cc1cccc(NC(=O)Cn2nnc3sc(-c4ccccc4)cc3c2=O)c1,0
ZINC01326393,DUD_inha_D_920,Cc1ccc(C(=O)Nc2nc3c(s2)C(=O)C[C@H](c2ccccc2)C3)cc1,0
ZINC01326394,DUD_inha_D_921,Cc1ccc(C(=O)Nc2nc3c(s2)C(=O)C[C@@H](c2ccccc2)C3)cc1,0
ZINC01326395,DUD_inha_D_922,Cc1ccccc1C(=O)Nc1nc2c(s1)C(=O)C[C@H](c1ccccc1)C2,0
ZINC01326396,DUD_inha_D_923,Cc1ccccc1C(=O)Nc1nc2c(s1)C(=O)C[C@@H](c1ccccc1)C2,0
ZINC01326416,DUD_inha_D_924,Cc1cccc(C(=O)Nc2nc3c(s2)C(=O)C[C@H](c2ccccc2)C3)c1,0
ZINC01326418,DUD_inha_D_925,Cc1cccc(C(=O)Nc2nc3c(s2)C(=O)C[C@@H](c2ccccc2)C3)c1,0
ZINC01331282,DUD_inha_D_926,Fc1cccc(Nc2nc(C3CC3)nc3c2nnn3Cc2ccccc2)c1,0
ZINC01331285,DUD_inha_D_927,Fc1ccccc1Nc1nc(C2CC2)nc2c1nnn2Cc1ccccc1,0
ZINC01332986,DUD_inha_D_928,COc1ccc2c(c1)CCc1sc(NC(=O)c3ccc4nccnc4c3)nc1-2,0
ZINC01341245,DUD_inha_D_929,OC1CCN(c2cc(-c3ccccc3)nc3cc(-c4ccc(F)cc4)nn23)CC1,0
ZINC01341260,DUD_inha_D_930,CN(CCO)c1cc(-c2ccccc2)nc2cc(-c3ccc(F)cc3)nn12,0
ZINC01342713,DUD_inha_D_931,COc1ccc(C2=Nc3ccc(F)cc3C(c3cccnc3)=NN2)cc1OC,0
ZINC01342953,DUD_inha_D_932,CC(C)c1nc(SCC(=O)Nc2nc3ccccc3s2)c2ccccc2n1,0
ZINC01345753,DUD_inha_D_933,O=C(Nc1cccc2ccccc12)C1CCN(S(=O)(=O)c2cccc(F)c2)CC1,0
ZINC01346752,DUD_inha_D_934,Cc1cccc2cc(CN(Cc3cccs3)C(=O)c3cccs3)c(=O)[nH]c12,0
ZINC01349238,DUD_inha_D_935,Cc1nc(NCc2ccccc2F)c2nnn(Cc3ccccc3F)c2n1,0
ZINC01357272,DUD_inha_D_936,CC(=O)c1ccc(NC(=O)c2cc3c(C)nn(-c4ccccc4)c3s2)cc1,0
ZINC01363079,DUD_inha_D_937,O=C(Nc1ccc2nc(C3CC3)n(Cc3ccccc3)c(=O)c2c1)c1cccs1,0
ZINC01363108,DUD_inha_D_938,O=C(Nc1ccc2nc(C3CC3)n(Cc3ccc(F)cc3)c(=O)c2c1)c1ccco1,0
ZINC01364754,DUD_inha_D_939,Cc1cccc(C)c1NC(=O)CSc1nnc2c(n1)-c1cccc3cccc-2c13,0
ZINC01365236,DUD_inha_D_940,Cc1ccc(-c2ccccc2NC(=O)Cc2nn(C)c(=O)c3ccccc23)o1,0
ZINC01366029,DUD_inha_D_941,C[C@@H]1CCc2cc(F)ccc2N1C(=O)CSc1nnc2c(n1)[nH]c1ccccc12,0
ZINC01366461,DUD_inha_D_942,Cc1ccc(C)c2[nH]c(=O)c(CN(Cc3ccco3)C(=O)c3cccs3)cc12,0
ZINC01366864,DUD_inha_D_943,Cc1cc(C)n(-c2nnc(SCC(=O)Nc3ccccc3)c3ccccc23)n1,0
ZINC01371516,DUD_inha_D_944,O=C(Cn1c(C2CC2)nc2ccccc2c1=O)Nc1ccc(Br)cc1,0
ZINC01384543,DUD_inha_D_945,Cc1ccc(-c2nc(CCNC(=O)c3cccnc3)cs2)cc1,0
ZINC01385336,DUD_inha_D_946,Cc1onc(-c2ccccc2)c1-c1nnc(COc2ccc(Cl)cc2)[nH]1,0
ZINC01386174,DUD_inha_D_947,COc1ccc(-c2csc(-n3ncc(-c4ccc(OC)cc4)c3N)n2)cc1,0
ZINC01386180,DUD_inha_D_948,COc1ccc(-c2cnn(-c3nc4c(s3)COc3ccccc3-4)c2N)cc1,0
ZINC01387355,DUD_inha_D_949,Cc1nc2oc3ccccc3c(=O)c2cc1C(=O)NCc1ccc(Cl)cc1,0
ZINC01387980,DUD_inha_D_950,Cc1ccccc1NC(=O)OCc1cn(-c2ccc(Cl)cc2)nn1,0
ZINC01388831,DUD_inha_D_951,Cc1ccc(SCC(=O)Nc2ncc3c(n2)-c2ccccc2CC3)cc1,0
ZINC01389438,DUD_inha_D_952,CCOC(=O)c1ccccc1-c1csc(NC(=O)c2ccc(F)cc2)n1,0
ZINC01389448,DUD_inha_D_953,CCOC(=O)c1ccccc1-c1csc(NC(=O)c2cccs2)n1,0
ZINC01390938,DUD_inha_D_954,Cc1ccc2oc3nc(C)c(C(=O)Nc4ccc(Cl)cc4)cc3c(=O)c2c1,0
ZINC01390941,DUD_inha_D_955,Cc1ccc2oc3nc(C)c(C(=O)NCc4ccc(Cl)cc4)cc3c(=O)c2c1,0
ZINC01393396,DUD_inha_D_956,COc1ccc(NC(=O)c2nn(-c3ccc(Cl)cc3)c(=O)c3ccccc23)cc1,0
ZINC01398195,DUD_inha_D_957,COc1ccc(NC(=O)c2cc3c(-c4ccccc4)nn(C)c3s2)cc1,0
ZINC01398862,DUD_inha_D_958,Cc1cccc(-n2cnc(C(=O)N/N=C\c3ccc(Br)cc3)c2)n1,0
ZINC01398862,DUD_inha_D_959,Cc1cccc(-n2c[nH+]c(C(=O)N/N=C\c3ccc(Br)cc3)c2)n1,0
ZINC01398863,DUD_inha_D_960,Cc1cccc(-n2cnc(C(=O)N/N=C\c3ccc(Br)cc3)c2)n1,0
ZINC01398863,DUD_inha_D_961,Cc1cccc(-n2c[nH+]c(C(=O)N/N=C/c3ccc(Br)cc3)c2)n1,0
ZINC01405043,DUD_inha_D_962,COc1ccc(-c2cc(NC=O)n(-c3nc(-c4ccccc4)cs3)n2)cc1,0
ZINC01405049,DUD_inha_D_963,COc1ccc(-c2cc(NC=O)n(-c3nc(-c4ccc(F)cc4)cs3)n2)cc1,0
ZINC01405053,DUD_inha_D_964,COc1ccc(-c2cc(NC=O)n(-c3nc(-c4ccc(C)cc4)cs3)n2)cc1,0
ZINC01405065,DUD_inha_D_965,Cc1ccc(-c2cc(NC=O)n(-c3nc(-c4ccccc4)cs3)n2)cc1,0
ZINC01405081,DUD_inha_D_966,COc1ccc(-c2csc(-n3nc(-c4ccc(C)cc4)cc3NC=O)n2)cc1,0
ZINC01407294,DUD_inha_D_967,O=C1C[C@H](c2ccccc2Cl)Cc2nc(NCc3ccccc3)ncc21,0
ZINC01407295,DUD_inha_D_968,O=C1C[C@@H](c2ccccc2Cl)Cc2nc(NCc3ccccc3)ncc21,0
ZINC01411721,DUD_inha_D_969,COc1ccc(-n2nc3ccc(NC(=S)NC(=O)c4ccco4)cc3n2)cc1,0
ZINC01412545,DUD_inha_D_970,COc1ccc(-c2nc3ccccc3o2)cc1NC(=O)c1cccs1,0
ZINC01415872,DUD_inha_D_971,COc1ccc(-c2csc(-n3nc(-c4ccc(OC)cc4)cc3N)n2)cc1,0
ZINC01417689,DUD_inha_D_972,CC(C)NC(=O)c1nc(-c2ccc(F)cc2)nnc1-c1ccccc1,0
ZINC01418480,DUD_inha_D_973,COc1ccc(-c2nnc(NC(=O)c3cccc4ccccc34)s2)cc1,0
ZINC01418481,DUD_inha_D_974,COc1ccc(-c2nnc(NC(=O)c3cccc4ccccc34)s2)cc1OC,0
ZINC01421460,DUD_inha_D_975,COCc1cc(C)nc2sc3c(c12)N[C@@H](c1ccco1)n1c-3[nH+]c2ccccc21,0
ZINC01425625,DUD_inha_D_976,Cc1cc(C)cc(NC(=O)Cn2c(-c3cncs3)nc3ccccc32)c1,0
ZINC01425625,DUD_inha_D_977,Cc1cc(C)cc(NC(=O)Cn2c(-c3cncs3)[nH+]c3ccccc32)c1,0
ZINC01426434,DUD_inha_D_978,COc1ccccc1NC(=O)C1=C(C)Nc2ncnn2[C@@H]1c1ccc(F)cc1,0
ZINC01426435,DUD_inha_D_979,COc1ccccc1NC(=O)C1=C(C)Nc2ncnn2[C@H]1c1ccc(F)cc1,0
ZINC01426486,DUD_inha_D_980,CCc1ccc(NC(=O)Cn2c(-c3cncs3)nc3ccccc32)cc1,0
ZINC01426486,DUD_inha_D_981,CCc1ccc(NC(=O)Cn2c(-c3cncs3)[nH+]c3ccccc32)cc1,0
ZINC01427125,DUD_inha_D_982,COc1ccc(Cl)cc1C(=O)Nc1ccc(-c2nc3ncccc3o2)cc1C,0
ZINC01427142,DUD_inha_D_983,O=C(Cn1c2ccccc2c2nc3n(c(=O)c21)CCS3)Nc1ccccc1F,0
ZINC01436440,DUD_inha_D_984,Cc1nn(-c2ccccc2)c(Cl)c1/C=N/NC(=O)c1ccc2c(c1)OCO2,0
ZINC01438262,DUD_inha_D_985,O=C(Nc1ccc(N2C(=O)[C@@H]3CC=CC[C@H]3C2=O)cc1Cl)c1ccccc1,0
ZINC01438263,DUD_inha_D_986,O=C(Nc1ccc(N2C(=O)[C@@H]3CC=CC[C@@H]3C2=O)cc1Cl)c1ccccc1,0
ZINC01438264,DUD_inha_D_987,O=C(Nc1ccc(N2C(=O)[C@H]3CC=CC[C@@H]3C2=O)cc1Cl)c1ccccc1,0
ZINC01438265,DUD_inha_D_988,O=C(Nc1ccc(N2C(=O)[C@@H]3CC=CC[C@H]3C2=O)cc1Cl)c1ccccc1,0
ZINC01440538,DUD_inha_D_989,Cc1nc2ccc(S(=O)(=O)NC(c3ccccc3)c3ccccc3)cc2s1,0
ZINC01441762,DUD_inha_D_990,O=C1C[C@H](SCc2nc3ccccc3[nH]2)C(=O)N1c1ccccc1Cl,0
ZINC01441762,DUD_inha_D_991,O=C1C[C@H](SCc2[nH]c3ccccc3[nH+]2)C(=O)N1c1ccccc1Cl,0
ZINC01441763,DUD_inha_D_992,COc1ccc(N2C(=O)C[C@H](SCc3nc4ccccc4[nH]3)C2=O)cc1,0
ZINC01441763,DUD_inha_D_993,COc1ccc(N2C(=O)C[C@H](SCc3[nH]c4ccccc4[nH+]3)C2=O)cc1,0
ZINC01441764,DUD_inha_D_994,COc1ccc(N2C(=O)C[C@@H](SCc3nc4ccccc4[nH]3)C2=O)cc1,0
ZINC01441764,DUD_inha_D_995,COc1ccc(N2C(=O)C[C@@H](SCc3[nH]c4ccccc4[nH+]3)C2=O)cc1,0
ZINC01444708,DUD_inha_D_996,CN(C)C(=S)Oc1ccc(C(=O)Nc2ccc3ccccc3c2)cc1,0
ZINC01454340,DUD_inha_D_997,CC(=O)c1ccc(NC(=S)N2CCN(c3ccccc3)CC2)cc1,0
ZINC01460048,DUD_inha_D_998,O=C1C[C@H](c2ccccc2OCc2ccccc2)c2cc3c(cc2N1)OCCO3,0
ZINC01462271,DUD_inha_D_999,Cc1c(NC(=S)NCc2ccccn2)c(=O)n(-c2ccccc2)n1C,0
ZINC01466556,DUD_inha_D_1000,CC(C)[C@@H](C(=O)Nc1ccccc1Cl)N1C(=O)c2ccccc2C1=O,0
ZINC01466557,DUD_inha_D_1001,CC(C)[C@@H](C(=O)Nc1ccccc1Cl)N1C(=O)c2ccccc2C1=O,0
ZINC01466635,DUD_inha_D_1002,Cc1c(Cl)cccc1NC(=O)[C@H](C(C)C)N1C(=O)c2ccccc2C1=O,0
ZINC01466636,DUD_inha_D_1003,Cc1c(Cl)cccc1NC(=O)[C@@H](C(C)C)N1C(=O)c2ccccc2C1=O,0
ZINC01467348,DUD_inha_D_1004,CC1=C(C(=O)Nc2ccc(C)cc2)[C@@H](c2ccc(Cl)cc2)n2ncnc2N1,0
ZINC01467349,DUD_inha_D_1005,CC1=C(C(=O)Nc2ccc(C)cc2)[C@@H](c2ccc(Cl)cc2)n2ncnc2N1,0
ZINC01467350,DUD_inha_D_1006,CC1=C(C(=O)Nc2ccc(C)cc2)[C@H](c2ccc(Br)cc2)n2ncnc2N1,0
ZINC01467351,DUD_inha_D_1007,CC1=C(C(=O)Nc2ccc(C)cc2)[C@H](c2ccc(Br)cc2)n2ncnc2N1,0
ZINC01468122,DUD_inha_D_1008,Cc1ccccc1NC(=O)CSc1nsc2nc3ccccc3n12,0
ZINC01468122,DUD_inha_D_1009,Cc1ccccc1NC(=O)CSc1nsc2[nH+]c3ccccc3n12,0
ZINC01468125,DUD_inha_D_1010,Cc1ccc(C)c(NC(=O)CSc2nsc3nc4ccccc4n23)c1,0
ZINC01468125,DUD_inha_D_1011,Cc1ccc(C)c(NC(=O)CSc2nsc3[nH+]c4ccccc4n23)c1,0
ZINC01468185,DUD_inha_D_1012,Cc1cccc(C)c1NC(=O)CSc1nsc2nc3ccccc3n12,0
ZINC01468185,DUD_inha_D_1013,Cc1cccc(C)c1NC(=O)CSc1nsc2[nH+]c3ccccc3n12,0
ZINC01471245,DUD_inha_D_1014,COC(=O)C1=C(N)Oc2cc(C)n(Cc3ccccc3)c(=O)c2[C@@H]1c1ccccc1,0
ZINC01487109,DUD_inha_D_1015,O=C(c1cccc2ccccc12)N1CCN(Cc2c[nH]cn2)c2cc(Cl)ccc2C1,0
ZINC01487109,DUD_inha_D_1016,O=C(c1cccc2ccccc12)N1CCN(Cc2c[nH]c[nH+]2)c2cc(Cl)ccc2C1,0
ZINC01487109,DUD_inha_D_1017,O=C(c1cccc2ccccc12)N1CCN(Cc2c[nH]c[nH+]2)c2cc(Cl)ccc2C1,0
ZINC01487109,DUD_inha_D_1018,O=C(c1cccc2ccccc12)N1CCN(Cc2cnc[nH]2)c2cc(Cl)ccc2C1,0
ZINC01491052,DUD_inha_D_1019,Cc1nc(C(=O)c2nc3cc(Cc4ccccc4)ccc3[nH]2)cs1,0
ZINC01491052,DUD_inha_D_1020,Cc1nc(C(=O)c2[nH]c3ccc(Cc4ccccc4)cc3[nH+]2)cs1,0
ZINC01491052,DUD_inha_D_1021,Cc1nc(C(=O)c2nc3ccc(Cc4ccccc4)cc3[nH]2)cs1,0
ZINC01491191,DUD_inha_D_1022,Oc1cccn2c(-c3ccnc(NC4CCCC4)n3)c(-c3ccc(F)cc3)[nH+]c12,0
ZINC01491987,DUD_inha_D_1023,COc1ccc(-c2ccccc2)n2nc(NC(=O)c3ccc(C)s3)nc12,0
ZINC01492047,DUD_inha_D_1024,CS(=O)(=O)c1ccc(-c2cc(CF)nc(NCc3ccccc3)n2)cc1,0
ZINC01493705,DUD_inha_D_1025,Fc1ccc(-c2[nH]nc(CCCc3cccnc3)c2-c2ccncc2)cc1,0
ZINC01495142,DUD_inha_D_1026,Cc1cnc(CNc2ncc(-c3cc4ccccc4s3)cn2)cn1,0
ZINC01495583,DUD_inha_D_1027,CCOc1ccc(NC(=O)c2cn3c(n2)sc2ccccc23)cc1,0
ZINC01495583,DUD_inha_D_1028,CCOc1ccc(NC(=O)c2cn3c([nH+]2)sc2ccccc23)cc1,0
ZINC01496596,DUD_inha_D_1029,Cc1c(/N=C/c2ccc(O)c(Br)c2)c(=O)n(-c2ccccc2)n1C,0
ZINC01496985,DUD_inha_D_1030,Cc1cnc(CNc2cc(-c3cncc(-c4cccs4)c3)nc(C)n2)cn1,0
ZINC01497039,DUD_inha_D_1031,Cc1nc(NCc2ccncc2)cc(-c2cncc(-c3cccs3)c2)n1,0
ZINC01497074,DUD_inha_D_1032,Cc1nc(Nc2ccncc2)cc(-c2cncc(-c3cccs3)c2)n1,0
ZINC01497081,DUD_inha_D_1033,Cc1nc(Nc2ccncc2)cc(-c2cncc(-c3ccc(F)cc3)c2)n1,0
ZINC01497193,DUD_inha_D_1034,Cc1nc(NCc2ccco2)cc(-c2cncc(-c3cccs3)c2)n1,0
ZINC01497220,DUD_inha_D_1035,Cc1nc(Nc2ncccn2)cc(-c2cncc(-c3cccs3)c2)n1,0
ZINC01497227,DUD_inha_D_1036,Cc1nc(Nc2ncccn2)cc(-c2cncc(-c3ccc(F)cc3)c2)n1,0
ZINC01498551,DUD_inha_D_1037,OC1CCN(c2cc(-c3ccc(F)cc3)nc(-c3ccccn3)n2)CC1,0
ZINC01498579,DUD_inha_D_1038,OC1CCN(c2cc(-c3ccc(F)cc3)nc(-c3cccnc3)n2)CC1,0
ZINC01498604,DUD_inha_D_1039,OC1CCN(c2cc(-c3ccc(F)cc3)nc(-c3ccncc3)n2)CC1,0
ZINC01498675,DUD_inha_D_1040,OC1CCN(c2cc(-c3ccccc3F)nc(-c3ccccn3)n2)CC1,0
ZINC01498703,DUD_inha_D_1041,OC1CCN(c2cc(-c3ccccc3F)nc(-c3cccnc3)n2)CC1,0
ZINC01498729,DUD_inha_D_1042,OC1CCN(c2cc(-c3ccccc3F)nc(-c3ccncc3)n2)CC1,0
ZINC01499136,DUD_inha_D_1043,COc1ccccc1CNC(=O)c1ccc2cncc(-c3ccsc3)c2n1,0
ZINC01499137,DUD_inha_D_1044,CN(C)c1ccc(CNC(=O)c2ccc3cncc(-c4ccsc4)c3n2)cc1,0
ZINC01499614,DUD_inha_D_1045,COc1ccc2c3c(c(=O)oc2c1)CN(C(=S)Nc1ccccc1)CC3,0
ZINC01502085,DUD_inha_D_1046,CC(C)n1cc(-c2ccc(C(=O)NCc3ccc(Cl)cc3)cn2)cn1,0
ZINC01502403,DUD_inha_D_1047,O=C(NC[C@@H]1CCCO1)c1ccc(-n2cc(-c3ccc(Cl)cc3)cn2)cc1,0
ZINC01502404,DUD_inha_D_1048,O=C(NC[C@H]1CCCO1)c1ccc(-n2cc(-c3ccc(Cl)cc3)cn2)cc1,0
ZINC01503491,DUD_inha_D_1049,Cn1cc(-c2ccc(C(=O)NCc3ccc(Cl)cc3)cn2)cn1,0
ZINC01503545,DUD_inha_D_1050,O=C(NC1CC1)c1ccc(-c2cnn(-c3ccc(Cl)cc3)c2)nc1,0
ZINC01504136,DUD_inha_D_1051,OC1CCN(c2cc(-c3cncc(Br)c3)nc(-c3ccccc3)n2)CC1,0
ZINC01508388,DUD_inha_D_1052,CCCC(=O)N1C(=O)[C@@]2(NN=C(c3ccccc3)S2)c2ccccc21,0
ZINC01508391,DUD_inha_D_1053,CCCC(=O)N1C(=O)[C@@]2(NN=C(c3ccccc3)S2)c2ccccc21,0
ZINC01509218,DUD_inha_D_1054,CCOC(=O)c1sc(NC(=O)c2ccc(C)cc2)nc1-c1ccccc1,0
ZINC01509452,DUD_inha_D_1055,CC(C)C(=O)Nc1nc(-c2ccccc2)c(C(=O)c2ccccc2)s1,0
ZINC01509721,DUD_inha_D_1056,Cc1ccc2c(c1)[C@H](c1ccccc1)N(C(=O)c1ccccc1Cl)CC(=O)N2,0
ZINC01509727,DUD_inha_D_1057,Cc1ccc2c(c1)[C@@H](c1ccccc1)N(C(=O)c1ccccc1Cl)CC(=O)N2,0
ZINC01510420,DUD_inha_D_1058,CCN1C(=O)c2cccc3c(NC(=O)c4ccccc4Br)ccc1c23,0
ZINC01510484,DUD_inha_D_1059,Cc1ccc2c(c1)[C@H](c1ccccc1)N(C(=O)c1ccc(F)cc1)CC(=O)N2,0
ZINC01510487,DUD_inha_D_1060,Cc1ccc2c(c1)[C@H](c1ccccc1)N(C(=O)c1ccc(F)cc1)CC(=O)N2,0
ZINC01513325,DUD_inha_D_1061,Cc1nnc(NC(=O)[C@@H](Sc2ccccc2)c2ccccc2)nc1C,0
ZINC01513329,DUD_inha_D_1062,Cc1nnc(NC(=O)[C@@H](Sc2ccccc2)c2ccccc2)nc1C,0
ZINC01514520,DUD_inha_D_1063,CCN1C(=O)c2cccc3c(NC(=O)c4ccccc4I)ccc1c23,0
ZINC01516335,DUD_inha_D_1064,COc1ccc(NC(=O)c2cccc3c2C(=O)c2ccccc2-3)c(Cl)c1,0
ZINC01518429,DUD_inha_D_1065,O=C(c1ccccc1)c1sc(NC(=O)C2CC2)nc1-c1ccccc1,0
ZINC01549947,DUD_inha_D_1066,C/C(=C\c1n[nH]c(-c2ccc(F)cc2)c1-c1ccncc1)Cc1cccnc1,0
ZINC01561287,DUD_inha_D_1067,CC1=C/C(=N/NC(=S)Nc2ccccc2C)c2ccccc2C1=O,0
ZINC01581698,DUD_inha_D_1068,C=C(NNC(=S)N1CCN(c2ccccc2)CC1)c1cccc[n+]1[O-],0
ZINC01613762,DUD_inha_D_1069,Cc1ccc(NC2=C([n+]3ccc(C)cc3)C(=O)c3ccccc3C2=O)cc1,0
ZINC01633779,DUD_inha_D_1070,COc1cccc(NC(=S)Nn2c(C)nc3ccccc3c2=O)c1,0
ZINC01651045,DUD_inha_D_1071,COc1ccc(-n2c(=O)c3[nH]cnc3n(-c3ccc(OC)cc3)c2=S)cc1,0
ZINC01721140,DUD_inha_D_1072,O=c1[nH]c2c(/N=C/c3ccc4c(c3)OCO4)cc(Br)cc2c2ccccc12,0
ZINC01737963,DUD_inha_D_1073,COCCNC(=O)c1ccc(-c2cnn(-c3ccc(Cl)cc3)c2)nc1,0
ZINC01737976,DUD_inha_D_1074,C=CCNC(=O)c1ccc(-c2cnn(-c3ccc(Cl)cc3)c2)nc1,0
ZINC01738113,DUD_inha_D_1075,COCCNC(=O)c1ccc(-c2cnn(-c3ccc(Br)cc3)c2)nc1,0
ZINC01738119,DUD_inha_D_1076,C=CCNC(=O)c1ccc(-c2cnn(-c3ccc(Br)cc3)c2)nc1,0
ZINC01741106,DUD_inha_D_1077,O=C(/C=C\c1cc2cccc3c2n(c1=O)CCC3)NCc1ccc(Cl)cc1,0
ZINC01743021,DUD_inha_D_1078,COCCNC(=O)c1ccc(-n2cc(-c3ccc(Cl)cc3)cn2)cc1,0
ZINC01743033,DUD_inha_D_1079,CCCNC(=O)c1ccc(-n2cc(-c3nc4ccccc4o3)cn2)cc1,0
ZINC01756057,DUD_inha_D_1080,CCOC(=S)c1ccc(S(=O)(=O)Nc2cccc3ccccc23)cc1,0
ZINC01782233,DUD_inha_D_1081,CC(C)C[C@@H](C(=O)Nc1ccc(Cl)cc1)N1C(=O)c2ccccc2C1=O,0
ZINC01784865,DUD_inha_D_1082,Cc1ccc(NC(=O)Cn2nnc3sc(-c4ccccc4)cc3c2=O)cc1,0
ZINC01784868,DUD_inha_D_1083,Cc1cccc(NC(=O)Cn2nnc3sc(-c4ccccc4)cc3c2=O)c1C,0
ZINC01784880,DUD_inha_D_1084,Cc1ccccc1NC(=O)Cn1nnc2sc(-c3ccccc3)cc2c1=O,0
ZINC01791415,DUD_inha_D_1085,CC(C)Oc1ccc(-c2csc(NC(=O)c3ccncc3)n2)cc1,0
ZINC01833495,DUD_inha_D_1086,CCOC(=O)[C@@]1(C)C=C(Nc2ccc(Cl)cc2)C(=O)N1c1ccccc1,0
ZINC01833496,DUD_inha_D_1087,CCOC(=O)[C@@]1(C)C=C(Nc2ccc(Cl)cc2)C(=O)N1c1ccccc1,0
ZINC01835312,DUD_inha_D_1088,Cc1ccc(-c2n[nH]c(=S)n2/N=C\c2ccc(-c3ccccc3)cc2)cc1,0
ZINC01860385,DUD_inha_D_1089,COc1cccc(/C=C\C(=O)N2C[C@@H](CCl)c3c2cc(N)c2ccccc32)c1,0
ZINC01899143,DUD_inha_D_1090,O=S(=O)(/N=c1/[nH]c2ccccc2nc1NC1CCCCC1)c1cccs1,0
ZINC01910871,DUD_inha_D_1091,Cc1ccc2c(=O)c(OCC(=O)Nc3ccc(F)cc3)c(-c3ccco3)oc2c1,0
ZINC01910873,DUD_inha_D_1092,Cc1ccc2c(=O)c(OCC(=O)Nc3ccccc3F)c(-c3ccco3)oc2c1,0
ZINC01914642,DUD_inha_D_1093,C=C1Nc2ncnn2[C@@H](c2cccc(Br)c2)[C@@H]1C(=O)Nc1ccccc1OC,0
ZINC01914648,DUD_inha_D_1094,C=C1Nc2ncnn2[C@H](c2cccc(Br)c2)[C@H]1C(=O)Nc1ccccc1OC,0
ZINC01923995,DUD_inha_D_1095,Cc1cc2oc(-c3ccco3)c(OCC(=O)Nc3ccc(F)cc3)c(=O)c2cc1C,0
ZINC01924270,DUD_inha_D_1096,Cc1ccc(NC(=O)CSc2nnc3ccc4ccccc4n23)c(C)c1,0
ZINC01924271,DUD_inha_D_1097,Cc1cc(C)cc(NC(=O)CSc2nnc3ccc4ccccc4n23)c1,0
ZINC01924311,DUD_inha_D_1098,C[C@@H](Sc1nnc2ccc3ccccc3n12)C(=O)Nc1ccc(F)cc1,0
ZINC01924312,DUD_inha_D_1099,C[C@H](Sc1nnc2ccc3ccccc3n12)C(=O)Nc1ccc(F)cc1,0
ZINC01924313,DUD_inha_D_1100,C[C@H](Sc1nnc2ccc3ccccc3n12)C(=O)Nc1ccccc1Cl,0
ZINC01924426,DUD_inha_D_1101,Cc1cc2nnc(S[C@@H](C)C(=O)Nc3ccccc3)n2c2ccccc12,0
ZINC01924427,DUD_inha_D_1102,Cc1cc2nnc(S[C@H](C)C(=O)Nc3ccccc3)n2c2ccccc12,0
ZINC01924436,DUD_inha_D_1103,Cc1cc2nnc(S[C@H](C)C(=O)Nc3ccc(F)cc3)n2c2ccccc12,0
ZINC01924437,DUD_inha_D_1104,Cc1cc2nnc(S[C@@H](C)C(=O)Nc3ccc(F)cc3)n2c2ccccc12,0
ZINC01927637,DUD_inha_D_1105,Cc1cc2nnc(SCC(=O)Nc3ccccc3Cl)n2c2ccccc12,0
ZINC01928003,DUD_inha_D_1106,COc1ccccc1NC1=C(Cl)C(=O)N(c2cccc3ccccc23)C1=O,0
ZINC01928004,DUD_inha_D_1107,COc1cccc(NC2=C(Cl)C(=O)N(c3cccc4ccccc34)C2=O)c1,0
ZINC01928006,DUD_inha_D_1108,COc1ccc(NC2=C(Cl)C(=O)N(c3cccc4ccccc34)C2=O)c(OC)c1,0
ZINC01928007,DUD_inha_D_1109,COc1ccc(OC)c(NC2=C(Cl)C(=O)N(c3cccc4ccccc34)C2=O)c1,0
ZINC01936709,DUD_inha_D_1110,C=C1Nc2ncnn2[C@@H](c2cccc(Cl)c2)[C@H]1C(=O)Nc1ccccc1,0
ZINC01936710,DUD_inha_D_1111,C=C1Nc2ncnn2[C@H](c2cccc(Cl)c2)[C@@H]1C(=O)Nc1ccccc1,0
ZINC01936718,DUD_inha_D_1112,C=C1Nc2ncnn2[C@H](c2ccc(CC)cc2)[C@H]1C(=O)Nc1ccccc1,0
ZINC01938087,DUD_inha_D_1113,COC(=O)c1ccccc1N1C(=O)C(Cl)=C(Nc2ccccc2C)C1=O,0
ZINC01938090,DUD_inha_D_1114,COC(=O)c1ccccc1N1C(=O)C(Cl)=C(Nc2ccc(C)cc2)C1=O,0
ZINC01938139,DUD_inha_D_1115,CCc1ccccc1NC1=C(Cl)C(=O)N(c2ccccc2C(=O)OC)C1=O,0
ZINC01938189,DUD_inha_D_1116,CCOC(=O)c1ccccc1N1C(=O)C(Cl)=C(Nc2ccccc2)C1=O,0
ZINC01938190,DUD_inha_D_1117,CCOC(=O)c1ccccc1N1C(=O)C(Cl)=C(Nc2ccccc2C)C1=O,0
ZINC01961440,DUD_inha_D_1118,Cc1ccc(C)c(NC(=O)Cn2cnc3scc(-c4ccccc4)c3c2=O)c1,0
ZINC01961446,DUD_inha_D_1119,Cc1ccc(NC(=O)Cn2cnc3scc(-c4ccccc4)c3c2=O)cc1C,0
ZINC01971188,DUD_inha_D_1120,Cc1ccccc1NC(=O)c1sc2ncn(Cc3ccc(F)cc3)c(=O)c2c1C,0
ZINC01971189,DUD_inha_D_1121,Cc1ccccc1NC(=O)c1sc2ncn(Cc3ccccc3F)c(=O)c2c1C,0
ZINC01971243,DUD_inha_D_1122,Cc1ccccc1NC(=O)c1sc2ncn(Cc3ccccc3)c(=O)c2c1C,0
ZINC01978995,DUD_inha_D_1123,Cc1ccc(NC(=O)COc2c(-c3ccco3)oc3ccccc3c2=O)cc1Cl,0
ZINC01980377,DUD_inha_D_1124,Cc1ccc(-c2csc3ncn([C@H](C)C(=O)Nc4ccccc4)c(=O)c23)cc1,0
ZINC01980451,DUD_inha_D_1125,Cc1ccc(NC(=O)[C@@H](C)n2cnc3scc(-c4ccccc4)c3c2=O)cc1,0
ZINC01980523,DUD_inha_D_1126,Cc1ccccc1NC(=O)[C@@H](C)n1cnc2scc(-c3ccccc3)c2c1=O,0
ZINC01986879,DUD_inha_D_1127,COc1ccc(-c2c/c(=N\c3nnc[nH]3)c3cc(Cl)ccc3o2)cc1OC,0
ZINC01986982,DUD_inha_D_1128,CSc1c(C#N)c(NC(=O)c2ccccc2C)nn1-c1ccccc1,0
ZINC02005456,DUD_inha_D_1129,COCc1cc(=O)n2ncc(-c3ccc(Sc4ccccc4)cc3)c2[nH]1,0
ZINC02057665,DUD_inha_D_1130,CCn1c2ccccc2c2cc(NS(=O)(=O)c3ccc(F)cc3)ccc21,0
ZINC02059597,DUD_inha_D_1131,C=c1[nH]n(-c2nc(-c3ccccc3)cs2)c(=O)/c1=C/c1ccc(N(C)C)cc1,0
ZINC02062109,DUD_inha_D_1132,CCCSc1nnc2c(n1)O[C@@H](c1ccccc1)Nc1ccccc1-2,0
ZINC02062110,DUD_inha_D_1133,CCCSc1nnc2c(n1)O[C@@H](c1ccccc1)Nc1ccccc1-2,0
ZINC02073583,DUD_inha_D_1134,C=CCSc1nnc2c(n1)O[C@@H](c1ccccc1F)Nc1ccccc1-2,0
ZINC02086821,DUD_inha_D_1135,CCCSc1nnc2c(n1)-c1ccccc1N[C@@H](c1ccccc1)O2,0
ZINC02086822,DUD_inha_D_1136,CCCSc1nnc2c(n1)-c1ccccc1N[C@@H](c1ccccc1)O2,0
ZINC02086824,DUD_inha_D_1137,CCCSc1nnc2c(n1)-c1ccccc1N[C@@H](/C=C\c1ccco1)O2,0
ZINC02087059,DUD_inha_D_1138,C=CCOc1cccc([C@H]2Nc3ccccc3-c3nnc(SC)nc3O2)c1,0
ZINC02099721,DUD_inha_D_1139,COc1ccccc1[C@@H]1C=C(c2c(O)cc(C)oc2=O)Nc2ccccc2S1,0
ZINC02099722,DUD_inha_D_1140,COc1ccccc1[C@@H]1C=C(c2c(O)cc(C)oc2=O)Nc2ccccc2S1,0
ZINC02099931,DUD_inha_D_1141,COc1ccc([C@H]2C=C(c3c(O)cc(C)oc3=O)Nc3ccccc3S2)cc1,0
ZINC02114322,DUD_inha_D_1142,O=C(c1cc2c([nH]c3ccccc32)c(-c2ccccc2Cl)n1)N1CCOCC1,0
ZINC02118904,DUD_inha_D_1143,O=C(c1cc2c([nH]c3ccccc32)c(-c2cccc(Cl)c2)n1)N1CCOCC1,0
ZINC02119981,DUD_inha_D_1144,O=C(c1cc2c([nH]c3ccccc32)c(-c2cccc(Br)c2)n1)N1CCOCC1,0
ZINC02119987,DUD_inha_D_1145,O=C(c1cc2c([nH]c3ccccc32)c(-c2ccc(F)cc2)n1)N1CCOCC1,0
ZINC02128517,DUD_inha_D_1146,O=C1NC(=O)[C@]2(Cc3ccccc3N3CCC[C@H]32)C(=O)N1CCc1ccccc1,0
ZINC02138375,DUD_inha_D_1147,Cc1ccc(N2NC(=O)/C(=C\c3ccc(-c4ccccc4F)o3)C2=O)cc1C,0
ZINC02138460,DUD_inha_D_1148,CCc1ccc(N2NC(=O)/C(=C/c3ccc(-c4ccccc4F)o3)C2=O)cc1,0
ZINC02139080,DUD_inha_D_1149,Cc1cc(O)c(C2=C[C@@H](c3ccc4c(c3)OCO4)Sc3ccccc3N2)c(=O)o1,0
ZINC02146444,DUD_inha_D_1150,C=CC[C@H]1C(=O)[C@@H]2Cc3c([nH]c4ccccc34)[C@H](c3ccc4c(c3)OCO4)N2C1=S,0
ZINC02168987,DUD_inha_D_1151,Cc1cccc(N2NC(=O)/C(=C/c3ccc(-c4ccccc4F)o3)C2=O)c1,0
ZINC02172280,DUD_inha_D_1152,CC1(C)COC(c2c(-c3ccccc3)noc2C[C@@H](O)c2ccccc2)=N1,0
ZINC02172757,DUD_inha_D_1153,CCn1c2ccccc2c2cc(NS(=O)(=O)c3ccc(Cl)nc3)ccc21,0
ZINC02184321,DUD_inha_D_1154,O=C(CSc1nc(-c2ccccc2)cs1)Nc1ccc2c(c1)OCCO2,0
ZINC02197016,DUD_inha_D_1155,COc1cccc(-c2c(NC(=O)c3cccs3)n(-c3ccccc3)nc(C)c2=O)c1,0
ZINC02197229,DUD_inha_D_1156,Cc1ccc(-n2nc(C)c(=O)c(-c3ccc(Cl)cc3)c2NC(=O)c2ccco2)cc1,0
ZINC02198913,DUD_inha_D_1157,O=C(c1ccco1)N1CCN(c2ncnc3c2[nH]c2ccc(Br)cc23)CC1,0
ZINC02200899,DUD_inha_D_1158,COc1ccc2nc3c(cc2c1)c(NC(=O)c1cccc(Cl)c1)nn3C,0
ZINC02201238,DUD_inha_D_1159,CCn1c(NC(=O)c2ccccc2F)c(-c2cccs2)c(=O)c2ccccc21,0
ZINC02201351,DUD_inha_D_1160,CC(=O)Nc1cccc(-c2nnc(SCc3ccccc3F)n2C)c1,0
ZINC02201803,DUD_inha_D_1161,O=C(N/N=C\c1cc2cc3c(cc2nc1Cl)OCCO3)c1ccccc1O,0
ZINC02203870,DUD_inha_D_1162,O=C1CCC=C2Nc3nc(SCc4ccccc4)nn3[C@H](c3ccccc3F)[C@@H]12,0
ZINC02203872,DUD_inha_D_1163,O=C1CCC=C2Nc3nc(SCc4ccccc4)nn3[C@H](c3ccccc3F)[C@H]12,0
ZINC02204697,DUD_inha_D_1164,CCn1c(NC(=O)c2cccs2)c(-c2ccccc2)c(=O)c2ccccc21,0
ZINC02206663,DUD_inha_D_1165,Cc1nn(-c2ccccc2)c(NC(=O)c2cccs2)c(-c2ccccc2)c1=O,0
ZINC02208624,DUD_inha_D_1166,COc1cccc([C@@H]2NC(=O)c3ccccc3O2)c1OCc1cccc(F)c1,0
ZINC02209360,DUD_inha_D_1167,Cc1cccc(NC(=O)CCc2nc(-c3ccccc3Cl)no2)c1,0
ZINC02209399,DUD_inha_D_1168,Cc1cccc(-c2noc(CCC(=O)Nc3cccc(Cl)c3)n2)c1,0
ZINC02209564,DUD_inha_D_1169,CCOc1ccc(-c2nnc3n2NC(c2ccccc2C)=CS3)cc1,0
ZINC02209755,DUD_inha_D_1170,COC(=O)C1=C(N)Oc2cc(C)n(Cc3ccco3)c(=O)c2[C@H]1c1ccccc1Cl,0
ZINC02209757,DUD_inha_D_1171,COC(=O)C1=C(N)Oc2cc(C)n(Cc3ccco3)c(=O)c2[C@H]1c1ccccc1Cl,0
ZINC02211311,DUD_inha_D_1172,Cc1cccc2cc3c(NC(=O)c4ccc(Cl)cc4)nn(C)c3nc12,0
ZINC02211340,DUD_inha_D_1173,CC(C)Cn1c(N)c(S(=O)(=O)c2ccc(Cl)cc2)c2nc3ccccc3nc21,0
ZINC02213915,DUD_inha_D_1174,O=C(Nc1nnc2c(n1)CCCC2)C(c1ccccc1)c1ccccc1,0
ZINC02221048,DUD_inha_D_1175,CSc1ccc([C@@H]2c3c(n[nH]c3-c3ccccc3O)C(=O)N2Cc2ccco2)cc1,0
ZINC02221048,DUD_inha_D_1176,CSc1ccc([C@@H]2c3c(-c4ccccc4O)n[nH]c3C(=O)N2Cc2ccco2)cc1,0
ZINC02221048,DUD_inha_D_1177,CSc1ccc([C@@H]2c3c(-c4ccccc4O)n[nH]c3C(=O)N2Cc2ccco2)cc1,0
ZINC02221378,DUD_inha_D_1178,COC(=O)C1=C(N)Oc2cc(C)n(Cc3ccco3)c(=O)c2[C@H]1c1cccc(Cl)c1,0
ZINC02223012,DUD_inha_D_1179,COc1ccc([C@H]2C=C3Nc4ncnn4[C@@H](c4ccc(F)cc4)[C@@H]3C(=O)C2)cc1,0
ZINC02224495,DUD_inha_D_1180,Cc1ccc(NC(=O)CCc2nc(-c3ccc(Cl)cc3)no2)cc1,0
ZINC02224692,DUD_inha_D_1181,COc1ccc(-c2c(NC(=O)c3ccccc3Cl)n(C)c3ccccc3c2=O)cc1,0
ZINC02227622,DUD_inha_D_1182,C[C@H]1C=C2Nc3ccccc3N(C(=O)c3ccc(F)cc3)[C@H](c3ccco3)[C@@H]2C(=O)C1,0
ZINC02234319,DUD_inha_D_1183,COc1ccc(-c2n[nH]c(=S)n2-c2ccc(Oc3ccccc3)cc2)cc1OC,0
ZINC02238633,DUD_inha_D_1184,Cc1cccc(NC(=O)CCc2nc(-c3ccc(Cl)cc3)no2)c1,0
ZINC02239711,DUD_inha_D_1185,CC(C)n1c(-c2nc(-c3ccccc3)cc(-c3ccccc3)n2)n[nH]c1=S,0
ZINC02239805,DUD_inha_D_1186,O=C(Nn1c(Nc2ccccc2)nc2sc3c(c2c1=O)CCC3)c1ccccc1,0
ZINC02239818,DUD_inha_D_1187,Nc1c(S(=O)(=O)c2ccccc2)c2nc3ccccc3nc2n1C1CCCCC1,0
ZINC02245861,DUD_inha_D_1188,O=C(CN1C(=O)[C@@H]2[C@H]3C=C[C@@H]([C@@H]4C[C@@H]34)[C@H]2C1=O)Nc1cccc2ccccc12,0
ZINC02250223,DUD_inha_D_1189,COc1ccc([C@H]2C=C(c3cccs3)NN2C(=O)c2ccco2)cc1OC,0
ZINC02255919,DUD_inha_D_1190,COc1cccc(C2=C[C@H](c3ccco3)N(C(=O)c3ccccc3Cl)N2)c1,0
ZINC02256387,DUD_inha_D_1191,COC(=O)C1=C(N)Oc2cc(C)n(Cc3ccccc3)c(=O)c2[C@H]1c1ccc(F)cc1,0
ZINC02263584,DUD_inha_D_1192,CCn1c(SCC(=O)Nc2cccc3ccccc23)nnc1-c1cccs1,0
ZINC02265465,DUD_inha_D_1193,COc1ccc(-n2cccc2/C=C2/NC(=O)N(c3cccc(Cl)c3)C2=O)cc1,0
ZINC02279829,DUD_inha_D_1194,COc1ccc(CCn2cnc3c([nH]c4ccc(Br)cc43)c2=O)cc1,0
ZINC02280221,DUD_inha_D_1195,C=CCOC(=O)c1c(N)n(-c2ccc3c(c2)OCO3)c2nc3ccccc3nc12,0
ZINC02283525,DUD_inha_D_1196,COc1ccccc1CCn1cnc2c([nH]c3ccc(Br)cc32)c1=O,0
ZINC02284824,DUD_inha_D_1197,COC(=O)c1ccc(NC(=O)c2c(C)nn(-c3ccccc3)c2Cl)cc1,0
ZINC02284905,DUD_inha_D_1198,Cc1ccc(-c2csc(/C(C#N)=C\Nc3ccc4c(c3)OCO4)n2)cc1,0
ZINC02308300,DUD_inha_D_1199,N#C/C(=C/Nc1ccc2c(c1)OCCO2)c1nc(-c2ccccc2)cs1,0
ZINC02308790,DUD_inha_D_1200,CCc1ccccc1N1C(=O)NC(=O)/C(=C/c2ccc(-c3ccc(F)cc3)o2)C1=O,0
ZINC02321913,DUD_inha_D_1201,COc1cc(OC)cc(-c2n[nH]c(=S)n2-c2cccc3ccccc23)c1,0
ZINC02325224,DUD_inha_D_1202,COc1ccccc1-c1c(NC(=O)c2cccs2)n(C)c2ccccc2c1=O,0
ZINC02326332,DUD_inha_D_1203,C=C1Nc2ncnn2[C@H](c2cccc(Cl)c2)[C@H]1C(=O)Nc1ccc(OC)cc1,0
ZINC02326335,DUD_inha_D_1204,C=C1Nc2ncnn2[C@H](c2cccc(Cl)c2)[C@@H]1C(=O)Nc1ccc(OC)cc1,0
ZINC02327554,DUD_inha_D_1205,O=C1C[C@H](c2cccs2)C=C2Nc3ncnn3[C@@H](/C=C/c3ccccc3)[C@H]12,0
ZINC02329763,DUD_inha_D_1206,C=C1Nc2ncnn2[C@H](c2cccs2)[C@@H]1C(=O)Nc1ccccc1OC,0
ZINC02329765,DUD_inha_D_1207,COc1ccccc1NC(=O)C1=C(C)Nc2ncnn2[C@@H]1c1cccs1,0
ZINC02331296,DUD_inha_D_1208,Cc1cccc(-c2nnc(SCC(=O)Nc3ccc(F)cc3)n2C)c1,0
ZINC02334868,DUD_inha_D_1209,CC1(C)C=C2Nc3nc(SCc4ccccc4)nn3[C@@H](c3ccco3)[C@H]2C(=O)C1,0
ZINC02337125,DUD_inha_D_1210,Cc1c(C)n(C(=O)CSc2nnc(-c3ccccc3)[nH]2)c2ccccc12,0
ZINC02338328,DUD_inha_D_1211,Cc1cc(C)c[n+](-c2nc3ccccc3nc2NS(=O)(=O)c2ccc(Cl)cc2)c1,0
ZINC02347531,DUD_inha_D_1212,O=C1C[C@H](C(=O)Nc2ccc(Cl)cc2)NC(N2CCc3ccccc32)=N1,0
ZINC02347533,DUD_inha_D_1213,O=C1C[C@H](C(=O)Nc2ccc(Cl)cc2)NC(N2CCc3ccccc32)=N1,0
ZINC02348536,DUD_inha_D_1214,Cc1nn(-c2ccc(F)cc2)c(NC(=O)c2ccco2)c(-c2ccccc2)c1=O,0
ZINC02348559,DUD_inha_D_1215,CC1(C)C=C2NC(Nc3nc4ccccc4o3)=[NH+][C@@H](c3cccc(F)c3)[C@@H]2C(=O)C1,0
ZINC02349139,DUD_inha_D_1216,CC[C@]1(C)Cc2ccccc2-c2c1c(=O)n(Cc1ccccc1)c1nnc(S)n21,0
ZINC02349141,DUD_inha_D_1217,CC[C@]1(C)Cc2ccccc2-c2c1c(=O)n(Cc1ccccc1)c1nnc(S)n21,0
ZINC02351896,DUD_inha_D_1218,COc1ccc(-c2nn(C)c(=O)c3ccccc23)cc1NC(=O)c1cccs1,0
ZINC02352828,DUD_inha_D_1219,Nc1c(S(=O)(=O)c2ccccc2)c2nc3ccccc3nc2n1C1CCCC1,0
ZINC02356688,DUD_inha_D_1220,CCOC(=O)[C@]1(C)C=C(Nc2ccc(Br)cc2)C(=O)N1c1ccccc1,0
ZINC02356690,DUD_inha_D_1221,CCOC(=O)[C@]1(C)C=C(Nc2ccc(Br)cc2)C(=O)N1c1ccccc1,0
ZINC02357978,DUD_inha_D_1222,CN1C[C@]2(Cc3c1ccc1ccccc31)C(=O)NC(=O)N(CCc1ccccc1)C2=O,0
ZINC02358421,DUD_inha_D_1223,CSc1nc2n(n1)[C@H](c1cccc(Oc3ccccc3)c1)[C@@H]1C(=O)CCC=C1N2,0
ZINC02358907,DUD_inha_D_1224,O=C(Nc1ccc(F)cc1)c1cccc(N2C(=O)[C@H]3[C@@H]4C=C[C@@H]([C@H]5C[C@@H]45)[C@@H]3C2=O)c1,0
ZINC02359878,DUD_inha_D_1225,C=C1Nc2nc(C)nn2[C@H](c2cccs2)[C@H]1C(=O)Nc1ccc(F)cc1,0
ZINC02359880,DUD_inha_D_1226,C=C1Nc2nc(C)nn2[C@@H](c2cccs2)[C@H]1C(=O)Nc1ccc(F)cc1,0
ZINC02359928,DUD_inha_D_1227,O=C(c1ccco1)N1CCN(c2ncnc3c2[nH]c2ccc(Cl)cc23)CC1,0
ZINC02360087,DUD_inha_D_1228,O=C1CCC=C2Nc3nc(SCc4ccccc4)nn3[C@@H](c3ccco3)[C@H]12,0
ZINC02360088,DUD_inha_D_1229,O=C1CCC=C2Nc3nc(SCc4ccccc4)nn3[C@H](c3ccco3)[C@H]12,0
ZINC02364001,DUD_inha_D_1230,CCn1c(NC(=O)c2cccs2)c(-c2cccs2)c(=O)c2ccccc21,0
ZINC02364979,DUD_inha_D_1231,COc1ccc(-c2c(NC(=O)c3cccs3)n(C)c3ccccc3c2=O)cc1,0
ZINC02366129,DUD_inha_D_1232,Cc1c(NC(=S)NC(=O)c2cccs2)c(=O)n(-c2ccccc2)n1C,0
ZINC02371326,DUD_inha_D_1233,CCn1nc(NC(=O)c2ccc(Cl)cc2)c2cc3ccccc3nc21,0
ZINC02372927,DUD_inha_D_1234,Cc1ccccc1NC(=O)CCc1nc(-c2ccccc2Cl)no1,0
ZINC02388169,DUD_inha_D_1235,O=C1C(Nc2ccc(Cl)cc2)=C([n+]2ccccc2)C(=O)N1c1ccc2c(c1)OCO2,0
ZINC02388183,DUD_inha_D_1236,COC(=O)c1sccc1N1C(=O)C(Nc2ccc(C)cc2)=C([n+]2ccccc2)C1=O,0
ZINC02395338,DUD_inha_D_1237,Cc1nc(Nc2ncc3c(n2)C[C@@H](c2ccc(F)cc2)CC3=O)nc2ccccc12,0
ZINC02397691,DUD_inha_D_1238,COc1ccccc1-c1nnc2n1NC(c1ccc3ccccc3c1)=CS2,0
ZINC02400123,DUD_inha_D_1239,Cc1ccc(C)c(NC(=O)CSc2ncnc3c2oc2ccccc23)c1,0
ZINC02401156,DUD_inha_D_1240,Cn1nc(-c2ccc(C(=O)Nc3ccc(F)cc3)cc2)c2ccccc2c1=O,0
ZINC02402475,DUD_inha_D_1241,COc1ccc(C2=CSc3nnc(-c4ccc(C)cc4)n3N2)cc1,0
ZINC02402547,DUD_inha_D_1242,Cc1cccc(Nc2ncc3c(n2)C[C@@H](c2ccc(F)cc2)CC3=O)c1,0
ZINC02402548,DUD_inha_D_1243,Cc1cccc(Nc2ncc3c(n2)C[C@@H](c2ccc(F)cc2)CC3=O)c1,0
ZINC02403521,DUD_inha_D_1244,CC(C)(C)c1ccc(-c2nnc3n2NC(c2ccccc2)=CS3)cc1,0
ZINC02404098,DUD_inha_D_1245,Cc1cccc2cc3c(NC(=O)c4ccccc4Br)nn(C)c3nc12,0
ZINC02404888,DUD_inha_D_1246,Cc1ccc(-c2noc(CCC(=O)Nc3ccccc3Cl)n2)cc1,0
ZINC02405475,DUD_inha_D_1247,Cc1nc(SCC(=O)Nc2ccc3c(c2)OCO3)c2oc3ccccc3c2n1,0
ZINC02406514,DUD_inha_D_1248,COc1ccc(NC(=O)CSc2nc(C)nc3c2oc2ccccc23)cc1,0
ZINC02407696,DUD_inha_D_1249,C=CCn1c(N)c(S(=O)(=O)c2ccc(Cl)cc2)c2nc3ccccc3nc21,0
ZINC02407922,DUD_inha_D_1250,Cc1ccccc1N(Cc1cc(=O)[nH]c2ccccc12)C(=O)c1ccc(Cl)cc1,0
ZINC02408212,DUD_inha_D_1251,CC(C)Cn1nc(NC(=O)c2cccs2)c2cc3ccccc3nc21,0
ZINC02410780,DUD_inha_D_1252,Cc1cc(C)cc(NC(=O)CSc2ncnc3c2oc2ccccc23)c1,0
ZINC02410947,DUD_inha_D_1253,Nc1c(S(=O)(=O)c2cccs2)c2nc3ccccc3nc2n1C1CCCCC1,0
ZINC02411280,DUD_inha_D_1254,CCc1ccc(N2C(=O)C[C@@H](Sc3nnc(-c4ccccc4)[nH]3)C2=O)cc1,0
ZINC02411281,DUD_inha_D_1255,CCc1ccc(N2C(=O)C[C@H](Sc3nnc(-c4ccccc4)[nH]3)C2=O)cc1,0
ZINC02413496,DUD_inha_D_1256,CC1(C)C=C2Nc3ncnn3[C@@H](c3cccc(Oc4ccccc4)c3)[C@H]2C(=O)C1,0
ZINC02414923,DUD_inha_D_1257,Nc1c(S(=O)(=O)c2ccc(F)cc2)c2nc3ccccc3nc2n1C1CCCCC1,0
ZINC02416638,DUD_inha_D_1258,CN(C)c1ccc(NC(=O)CSc2ncnc3c2oc2ccccc23)cc1,0
ZINC02419361,DUD_inha_D_1259,Cc1ccccc1NC(=O)CCc1nc(-c2ccc(Cl)cc2)no1,0
ZINC02419847,DUD_inha_D_1260,Cc1cccc2cc3c(NC(=O)c4ccccc4Cl)nn(C)c3nc12,0
ZINC02422469,DUD_inha_D_1261,CC(C)Cn1c(N)c(S(=O)(=O)c2cccs2)c2nc3ccccc3nc21,0
ZINC02423425,DUD_inha_D_1262,Cc1ccc([C@@H]2[NH+]=C(Nc3nc4ccccc4s3)NC3=CCCC(=O)[C@@H]32)cc1,0
ZINC02424007,DUD_inha_D_1263,Cc1ccccc1-n1nc(C)c2cc(C(=O)NCc3ccco3)sc21,0
ZINC02424511,DUD_inha_D_1264,O=C(Cc1ccccc1)Nc1ncc2c(n1)C[C@@H](c1cccs1)CC2=O,0
ZINC02425434,DUD_inha_D_1265,COc1ccccc1NC(=O)CSc1ncnc2c1oc1ccccc12,0
ZINC02426971,DUD_inha_D_1266,COc1ccc(Nc2ncc3c(n2)C[C@@H](c2ccc(F)cc2)CC3=O)cc1,0
ZINC02426972,DUD_inha_D_1267,COc1ccc(Nc2ncc3c(n2)C[C@H](c2ccc(F)cc2)CC3=O)cc1,0
ZINC02427110,DUD_inha_D_1268,CC(C)CNC(=O)c1ccccc1-c1nc(-c2ccccc2F)no1,0
ZINC02427742,DUD_inha_D_1269,Cc1ccc(S(=O)(=O)n2c3ccccc3c3[nH]c4ccc(C)cc4c32)cc1,0
ZINC02430229,DUD_inha_D_1270,C[C@@]1(C(=O)Nc2ncc(Cc3ccc(F)cc3)s2)Cc2ccccc2C(=O)O1,0
ZINC02432169,DUD_inha_D_1271,Cc1cccc(NC(=O)CSc2ncnc3c2oc2ccccc23)c1C,0
ZINC02432956,DUD_inha_D_1272,Cc1ccc([C@@H]2[NH+]=C(Nc3nc4ccccc4s3)Nc3c(C)coc(=O)c32)cc1,0
ZINC02434210,DUD_inha_D_1273,Cc1ccc(C(=O)Nc2c(-c3cccs3)c(=O)c3ccccc3n2C)cc1,0
ZINC02434241,DUD_inha_D_1274,CC(C)Cn1c(N)c(S(=O)(=O)c2ccc(F)cc2)c2nc3ccccc3nc21,0
ZINC02435024,DUD_inha_D_1275,Cc1ccc(NC(=O)CSc2ncnc3c2oc2ccccc23)c(C)c1,0
ZINC02435834,DUD_inha_D_1276,COc1ccc(C(=O)Nc2c(-c3cccs3)c(=O)c3ccccc3n2C)cc1,0
ZINC02438375,DUD_inha_D_1277,CC(C)Oc1cccc(-c2nnc3n2NC(c2ccccc2)=CS3)c1,0
ZINC02438431,DUD_inha_D_1278,Cc1[nH]n(-c2nc3ccccc3s2)c(=O)c1Cc1cccc2ccccc12,0
ZINC02439427,DUD_inha_D_1279,Cc1nc(SCC(=O)Nc2ccc(F)cc2)c2oc3ccccc3c2n1,0
ZINC02440957,DUD_inha_D_1280,COc1ccc(C(=O)Nc2c(-c3ccccc3Cl)c(=O)c3ccccc3n2C)cc1,0
ZINC02444554,DUD_inha_D_1281,Cc1ccccc1C(=O)Nc1c(-c2cccs2)c(=O)c2ccccc2n1C,0
ZINC02444576,DUD_inha_D_1282,Cc1ccc2nc3c(cc2c1)c(NC(=O)c1ccccc1Br)nn3C,0
ZINC02446347,DUD_inha_D_1283,Cc1ccc2cc3c(NC(=O)c4ccc(Cl)cc4)nn(C)c3nc2c1,0
ZINC02448711,DUD_inha_D_1284,Cc1sc(NC(=O)[C@@H]2CCCN2C(=O)c2cccs2)nc1-c1ccccc1,0
ZINC02449780,DUD_inha_D_1285,Cc1ccccc1NC(=O)Cn1c2c(sc1=O)[C@@H]1c3ccccc3OC[C@H]1CS2,0
ZINC02449781,DUD_inha_D_1286,Cc1ccccc1NC(=O)Cn1c2c(sc1=O)[C@@H]1c3ccccc3OC[C@@H]1CS2,0
ZINC02449782,DUD_inha_D_1287,Cc1ccccc1NC(=O)Cn1c2c(sc1=O)[C@@H]1c3ccccc3OC[C@@H]1CS2,0
ZINC02449783,DUD_inha_D_1288,Cc1ccccc1NC(=O)Cn1c2c(sc1=O)[C@H]1c3ccccc3OC[C@@H]1CS2,0
ZINC02451017,DUD_inha_D_1289,O=C1C[C@H](c2ccccc2Cl)Cc2nc(NCc3ccco3)ncc21,0
ZINC02451018,DUD_inha_D_1290,O=C1C[C@@H](c2ccccc2Cl)Cc2nc(NCc3ccco3)ncc21,0
ZINC02452275,DUD_inha_D_1291,C=CCNC(=O)c1cnn(-c2ccccc2)c1NC(=O)c1cccc(F)c1,0
ZINC02458015,DUD_inha_D_1292,O=C1CCCC2=Nc3nc(SCc4ccccc4)[nH]c(=O)c3[C@H](c3ccccc3)[C@H]12,0
ZINC02458015,DUD_inha_D_1293,O=C1CCCC2=Nc3nc(SCc4ccccc4)nc(O)c3[C@H](c3ccccc3)[C@@H]12,0
ZINC02458015,DUD_inha_D_1294,O=C1CCCC2=Nc3[nH]c(SCc4ccccc4)nc(=O)c3[C@H](c3ccccc3)[C@@H]12,0
ZINC02461832,DUD_inha_D_1295,Cc1sc2nc3c(C(=O)NCc4ccccc4)cccn3c(=O)c2c1C,0
ZINC02464029,DUD_inha_D_1296,O=C(Nc1ccccc1)C1CCN(c2nc3ccsc3c(=O)s2)CC1,0
ZINC02465636,DUD_inha_D_1297,Cc1nn(Cc2ccc(F)cc2)c(C)c1NC(=O)c1cc(-c2ccco2)on1,0
ZINC02465639,DUD_inha_D_1298,Cc1nn(Cc2ccc(Cl)cc2)c(C)c1NC(=O)c1cc(-c2ccco2)on1,0
ZINC02465678,DUD_inha_D_1299,Cc1cc(NC(=O)c2cc(-c3cccs3)on2)n(-c2ccccc2)n1,0
ZINC02465681,DUD_inha_D_1300,Cc1ccc(Cn2ccc(NC(=O)c3cc(-c4cccs4)on3)n2)cc1,0
ZINC02465994,DUD_inha_D_1301,Cc1cc(NC(=O)c2noc3c2CCc2ccccc2-3)n(-c2ccccc2)n1,0
ZINC02467175,DUD_inha_D_1302,O=C(CSc1ncnc2c1oc1ccccc12)Nc1ccc2c(c1)OCCO2,0
ZINC02481019,DUD_inha_D_1303,COCCCNC(=O)c1c(-c2ccccc2Cl)noc1-c1ccccc1,0
ZINC02483655,DUD_inha_D_1304,O=C(Nc1nc2ccc3ccccc3c2s1)c1ccc2c(c1)OCCO2,0
ZINC02487976,DUD_inha_D_1305,OCCCc1nc2n(n1)[C@H](c1ccccc1)C=C(c1ccc(F)cc1)N2,0
ZINC02494671,DUD_inha_D_1306,CSc1ccccc1NC(=O)c1cc2c(=O)oc3ccccc3c2s1,0
ZINC02500128,DUD_inha_D_1307,O=c1[nH]c2ccc(N3CCc4ccccc4C3)nc2nc1Cc1ccc(F)cc1,0
ZINC02500128,DUD_inha_D_1308,Oc1nc2ccc(N3CCc4ccccc4C3)[nH+]c2nc1Cc1ccc(F)cc1,0
ZINC02500128,DUD_inha_D_1309,O=c1[nH]c2ccc(N3CCc4ccccc4C3)[nH+]c2nc1Cc1ccc(F)cc1,0
ZINC02500128,DUD_inha_D_1310,Oc1nc2ccc(N3CCc4ccccc4C3)nc2nc1Cc1ccc(F)cc1,0
ZINC02500140,DUD_inha_D_1311,CN(Cc1ccccc1)c1ccc2[nH]c(=O)c(Cc3ccc(F)cc3)nc2n1,0
ZINC02500140,DUD_inha_D_1312,CN(Cc1ccccc1)c1ccc2nc(O)c(Cc3ccc(F)cc3)nc2[nH+]1,0
ZINC02500140,DUD_inha_D_1313,CN(Cc1ccccc1)c1ccc2[nH]c(=O)c(Cc3ccc(F)cc3)nc2[nH+]1,0
ZINC02500519,DUD_inha_D_1314,CC1(C)CC(=O)C2=C(C1)N=C(Nc1nc3ccccc3o1)N[C@@H]2c1ccccc1,0
ZINC02501965,DUD_inha_D_1315,Cc1sc(C(=O)Nc2ccccc2)c2c1C(=O)N[C@@](C)(c1cccs1)N2,0
ZINC02502470,DUD_inha_D_1316,O=C(Cn1c(=O)sc2ccccc21)Nc1ccc2c3c(cccc13)CC2,0
ZINC02503071,DUD_inha_D_1317,Cc1sc(NC(=O)C2c3ccccc3Oc3ccccc32)c(C#N)c1C,0
ZINC02503081,DUD_inha_D_1318,O=C(NCc1cccs1)c1cc(-c2ccc3c(c2)OCO3)nc2ccccc12,0
ZINC02503088,DUD_inha_D_1319,COC(=O)c1sc(NC(=O)C2c3ccccc3Oc3ccccc32)nc1C,0
ZINC02503188,DUD_inha_D_1320,Cc1cc(NC(=O)c2cc(-c3ccc(C)s3)nc3ccccc23)no1,0
ZINC02504173,DUD_inha_D_1321,Cc1nc(SCC(=O)N2c3ccccc3Sc3ccccc32)nc(O)c1C,0
ZINC02519867,DUD_inha_D_1322,COC(=O)c1c(C(=O)OC)c2c3ccccc3ccn2c1C(=O)Nc1cccc(F)c1,0
ZINC02523152,DUD_inha_D_1323,Cn1c(SCc2nnc(S)n2-c2ccccc2)nnc1-c1ccccc1,0
ZINC02524287,DUD_inha_D_1324,COc1ccc(NC(=O)COc2ncn(-c3ccccc3Br)n2)cc1,0
ZINC02532672,DUD_inha_D_1325,CC(=O)c1cc(C(=O)Nc2ccccc2)n2cnc(-c3cccs3)cc12,0
ZINC02544604,DUD_inha_D_1326,Cc1ccccc1-n1c(C)nnc1SCC(=O)Nc1ccccc1,0
ZINC02546642,DUD_inha_D_1327,Oc1ccc(/C=N/N=c2/[nH]c(-c3ccc4c(c3)OCCO4)cs2)cc1,0
ZINC02551016,DUD_inha_D_1328,CN(c1ccccc1)c1cc(O)[n+](-c2ccccc2)c2c1c(=O)n(C)c(=O)n2C,0
ZINC02593888,DUD_inha_D_1329,O=C(Nc1ccc(N2CCN(C(=O)c3cccs3)CC2)cc1)c1cccs1,0
ZINC02616515,DUD_inha_D_1330,Cc1onc(-c2ccccc2)c1C(=O)NCCc1ccc(Cl)cc1,0
ZINC02620015,DUD_inha_D_1331,O=C(COc1ncnc2scc(-c3ccc(F)cc3)c12)Nc1ccc2c(c1)OCCO2,0
ZINC02620257,DUD_inha_D_1332,Cc1cc(C)n2c(S[C@@H](C(=O)Nc3ccc(F)cc3)c3ccccc3)nnc2n1,0
ZINC02620533,DUD_inha_D_1333,Cc1nn(-c2ccccc2)c2sc(C(=O)NCc3ccc4c(c3)OCO4)cc12,0
ZINC02621627,DUD_inha_D_1334,Cc1ccc(F)cc1NC(=O)[C@@H]1Cc2ccccc2CN1C(=O)c1ccco1,0
ZINC02621628,DUD_inha_D_1335,Cc1ccc(F)cc1NC(=O)[C@@H]1Cc2ccccc2CN1C(=O)c1ccco1,0
ZINC02621637,DUD_inha_D_1336,COc1ccc(-n2c(SCC(=O)c3ccc[nH]3)nnc2-c2ccccc2)cc1,0
ZINC02622415,DUD_inha_D_1337,O=C(CN1C(=O)N[C@]2(CCCc3ccccc32)C1=O)c1ccc(Cl)cc1,0
ZINC02623094,DUD_inha_D_1338,COc1cc2c(cc1NC(=O)COc1ncnc3sccc13)oc1ccccc12,0
ZINC02623224,DUD_inha_D_1339,O=C(CSc1nc2sc3c(c2c(=O)n1-c1ccccc1)CCCC3)c1ccc[nH]1,0
ZINC02623373,DUD_inha_D_1340,Cc1ccc2nc(-c3ccc(NC(=O)c4ccc(=O)n(C)n4)cc3)sc2c1,0
ZINC02624740,DUD_inha_D_1341,C=CC(=O)OCC(=O)N1NC(c2ccc(Cl)cc2)=C[C@@H]1c1ccco1,0
ZINC02624741,DUD_inha_D_1342,C=CC(=O)OCC(=O)N1NC(c2ccc(Cl)cc2)=C[C@@H]1c1ccco1,0
ZINC02627417,DUD_inha_D_1343,Cc1cc(C)c2nc(NC(=O)c3ccc(=O)n(Cc4ccccc4)n3)sc2c1,0
ZINC02627475,DUD_inha_D_1344,Cc1cc(C(=O)OCC(=O)Nc2ccc(Br)c(C)c2)c2ccccc2n1,0
ZINC02627931,DUD_inha_D_1345,Cc1cccc(NC(=O)[C@H](C)OC(=O)c2ccc3ncsc3c2)c1,0
ZINC02630197,DUD_inha_D_1346,O=C(NC1CCC(O)CC1)c1cc(-c2cccs2)nc2ccccc12,0
ZINC02631220,DUD_inha_D_1347,Cc1nn(-c2ccc(F)cc2)c(C)c1NS(=O)(=O)c1ccc2ccccc2c1,0
ZINC02631824,DUD_inha_D_1348,Cc1ccc(C)c(S(=O)(=O)N/N=C\c2ccc(-c3ccc(F)cc3)o2)c1,0
ZINC02634868,DUD_inha_D_1349,Cc1ccc2nc(C)cc(C(=O)OCC(=O)Nc3ccccc3Cl)c2c1,0
ZINC02635116,DUD_inha_D_1350,CC(=O)Nc1cccc(OCC(=O)N2c3ccccc3Sc3ccccc32)c1,0
ZINC02635162,DUD_inha_D_1351,Cc1cc(C(=O)OCC(=O)Nc2ccc(Cl)cn2)c(C)n1-c1ccccc1,0
ZINC02635253,DUD_inha_D_1352,COc1cc2c(cc1NC(=O)[C@H](C)Sc1cccc[n+]1[O-])oc1ccccc12,0
ZINC02635285,DUD_inha_D_1353,Cc1cc(C(=O)OCC(=O)Nc2ccccc2F)c(C)n1-c1ccccc1,0
ZINC02636182,DUD_inha_D_1354,O=C(COC(=O)C1(c2ccccc2F)CCCC1)Nc1nc2ccccc2s1,0
ZINC02638776,DUD_inha_D_1355,CSc1cccc(NC(=O)[C@@H]2Cc3ccccc3CN2C(=O)c2ccco2)c1,0
ZINC02639548,DUD_inha_D_1356,Cc1cnc(NC(=O)c2cc3c(C)nn(-c4ccccc4)c3s2)s1,0
ZINC02639711,DUD_inha_D_1357,CCn1nc(C(=O)Nc2nc(-c3ccccc3)c(C)s2)c2ccccc2c1=O,0
ZINC02642192,DUD_inha_D_1358,Cc1onc(-c2ccccc2)c1C(=O)OCC(=O)Nc1cccc(Cl)c1C,0
ZINC02642779,DUD_inha_D_1359,C[C@@H](OC(=O)c1cccc2ccccc12)C(=O)Nc1ccc(Cl)cn1,0
ZINC02642780,DUD_inha_D_1360,C[C@H](OC(=O)c1cccc2ccccc12)C(=O)Nc1ccc(Cl)cn1,0
ZINC02642865,DUD_inha_D_1361,C[C@H](OC(=O)c1cccc(F)c1)C(=O)Nc1nc(-c2ccccc2)cs1,0
ZINC02643481,DUD_inha_D_1362,O=C(c1cccc(-c2ccc(O)cc2)c1)N1CCN(c2ccc(F)cc2)CC1,0
ZINC02646191,DUD_inha_D_1363,CCCN1C(N)=C(c2nc3ccccc3s2)C(=O)[C@@H]1c1ccccc1,0
ZINC02650396,DUD_inha_D_1364,CSc1ccccc1NC(=O)COC(=O)c1oc2ccccc2c1C,0
ZINC02651699,DUD_inha_D_1365,Cc1ccc(NC(=O)Cn2cnc3sc(C)c(-c4ccccc4)c3c2=O)cc1,0
ZINC02652540,DUD_inha_D_1366,Cc1nc2ccc(NC(=O)c3c(-c4ccccc4)noc3C)cc2s1,0
ZINC02654392,DUD_inha_D_1367,CCOC(=O)c1ccc(NC(=O)Cc2csc(-c3ccccc3)n2)cc1,0
ZINC02655281,DUD_inha_D_1368,CCc1nnc(NC(=O)c2cn(-c3ccccc3)nc2-c2ccccc2)s1,0
ZINC02657457,DUD_inha_D_1369,CC(C)N(C(=O)CSc1nnc(-c2ccccc2)[nH]1)c1ccccc1,0
ZINC02659071,DUD_inha_D_1370,CC(=O)Nc1ccc(C(=O)OCc2csc(-c3ccccc3)n2)cc1,0
ZINC02661816,DUD_inha_D_1371,Cc1cnc(NC(=O)[C@H]2Cc3ccccc3CN2C(=O)c2ccccc2)s1,0
ZINC02663874,DUD_inha_D_1372,CC[C@]1(c2ccccc2)NC(=O)N(Cc2csc(-c3ccccc3)n2)C1=O,0
ZINC02665236,DUD_inha_D_1373,CC1=C(c2ccccc2)Nn2c(Cc3cccc4ccccc34)nnc2S1,0
ZINC02679170,DUD_inha_D_1374,C=C1Nc2ncnn2[C@@H](c2cccc(Br)c2)[C@@H]1C(=O)Nc1ccccc1,0
ZINC02686316,DUD_inha_D_1375,COc1ccc(C2=C[C@@H](c3ccco3)N(C(=O)c3cccc(OC)c3)N2)cc1,0
ZINC02688967,DUD_inha_D_1376,Clc1ccc(-c2nnn3c2nc(NC[C@@H]2CCCO2)c2ccccc23)cc1,0
ZINC02688970,DUD_inha_D_1377,Clc1ccc(-c2nnn3c2nc(NC[C@H]2CCCO2)c2ccccc23)cc1,0
ZINC02700291,DUD_inha_D_1378,C=C1Nc2ncnn2[C@H](c2ccccc2Cl)[C@H]1C(=O)Nc1ccccc1C,0
ZINC02700295,DUD_inha_D_1379,C=C1Nc2ncnn2[C@@H](c2ccccc2Cl)[C@@H]1C(=O)Nc1ccccc1C,0
ZINC02700630,DUD_inha_D_1380,Cc1sc(NC(=O)c2ccco2)c(C2=CC(=O)N(c3ccccc3)C2=O)c1C,0
ZINC02707417,DUD_inha_D_1381,COc1ccc(OC)c([C@@H]2C3=C(Nc4ncnn42)c2ccccc2O[C@H]3c2cccs2)c1,0
ZINC02707666,DUD_inha_D_1382,Cc1ccc(NC(=O)Cn2c3c(sc2=O)[C@@H]2c4ccccc4OC[C@H]2CS3)cc1,0
ZINC02708025,DUD_inha_D_1383,O=C(Nc1ncc(Cc2ccc(F)cc2)s1)[C@H]1COc2ccccc2O1,0
ZINC02708303,DUD_inha_D_1384,Cc1cccc(Cc2cnc(NC(=O)c3cc4ccccc4o3)s2)c1,0
ZINC02713089,DUD_inha_D_1385,COCCCNc1nc2c(-c3cccc(Br)c3)nnn2c2ccccc12,0
ZINC02713098,DUD_inha_D_1386,Brc1cccc(-c2nnn3c2nc(NC[C@H]2CCCO2)c2ccccc23)c1,0
ZINC02717895,DUD_inha_D_1387,Cc1ccc(-n2ncc3c(=O)[nH]c(S[C@@H](C)c4ccccc4)nc32)cc1,0
ZINC02717895,DUD_inha_D_1388,Cc1ccc(-n2ncc3c(O)nc(S[C@H](C)c4ccccc4)nc32)cc1,0
ZINC02717895,DUD_inha_D_1389,Cc1ccc(-n2ncc3c(=O)nc(S[C@H](C)c4ccccc4)[nH]c32)cc1,0
ZINC02717895,DUD_inha_D_1390,Cc1ccc(-n2ncc3c(O)nc(S[C@H](C)c4ccccc4)nc32)cc1,0
ZINC02717896,DUD_inha_D_1391,Cc1ccc(-n2ncc3c(=O)[nH]c(S[C@H](C)c4ccccc4)nc32)cc1,0
ZINC02717896,DUD_inha_D_1392,Cc1ccc(-n2ncc3c(O)nc(S[C@@H](C)c4ccccc4)nc32)cc1,0
ZINC02717896,DUD_inha_D_1393,Cc1ccc(-n2ncc3c(=O)nc(S[C@H](C)c4ccccc4)[nH]c32)cc1,0
ZINC02717896,DUD_inha_D_1394,Cc1ccc(-n2ncc3c(O)nc(S[C@H](C)c4ccccc4)nc32)cc1,0
ZINC02717954,DUD_inha_D_1395,Cc1ccc(-n2ncc3c(=O)[nH]c(SCc4ccccc4F)nc32)cc1,0
ZINC02717954,DUD_inha_D_1396,Cc1ccc(-n2ncc3c(O)nc(SCc4ccccc4F)nc32)cc1,0
ZINC02717954,DUD_inha_D_1397,Cc1ccc(-n2ncc3c(=O)nc(SCc4ccccc4F)[nH]c32)cc1,0
ZINC02717954,DUD_inha_D_1398,Cc1ccc(-n2ncc3c(O)nc(SCc4ccccc4F)nc32)cc1,0
ZINC02717957,DUD_inha_D_1399,Cc1ccc(-n2ncc3c(=O)[nH]c(SCc4ccccc4C)nc32)cc1,0
ZINC02717957,DUD_inha_D_1400,Cc1ccc(-n2ncc3c(O)nc(SCc4ccccc4C)nc32)cc1,0
ZINC02717957,DUD_inha_D_1401,Cc1ccc(-n2ncc3c(=O)nc(SCc4ccccc4C)[nH]c32)cc1,0
ZINC02717957,DUD_inha_D_1402,Cc1ccc(-n2ncc3c(O)nc(SCc4ccccc4C)nc32)cc1,0
ZINC02717973,DUD_inha_D_1403,Cc1ccc(C)c(CSc2nc3c(cnn3-c3ccc(F)cc3)c(=O)[nH]2)c1,0
ZINC02717973,DUD_inha_D_1404,Cc1ccc(C)c(CSc2nc(=O)c3cnn(-c4ccc(F)cc4)c3[nH]2)c1,0
ZINC02717973,DUD_inha_D_1405,Cc1ccc(C)c(CSc2nc(O)c3cnn(-c4ccc(F)cc4)c3n2)c1,0
ZINC02718028,DUD_inha_D_1406,Cc1ccc(-n2ncc3c(=O)[nH]c(SCc4ccccc4)nc32)cc1C,0
ZINC02718028,DUD_inha_D_1407,Cc1ccc(-n2ncc3c(O)nc(SCc4ccccc4)nc32)cc1C,0
ZINC02718028,DUD_inha_D_1408,Cc1ccc(-n2ncc3c(=O)nc(SCc4ccccc4)[nH]c32)cc1C,0
ZINC02718028,DUD_inha_D_1409,Cc1ccc(-n2ncc3c(O)nc(SCc4ccccc4)nc32)cc1C,0
ZINC02718033,DUD_inha_D_1410,Cc1ccc(-n2ncc3c(=O)[nH]c(S[C@@H](C)c4ccccc4)nc32)cc1C,0
ZINC02718033,DUD_inha_D_1411,Cc1ccc(-n2ncc3c(=O)nc(S[C@@H](C)c4ccccc4)[nH]c32)cc1C,0
ZINC02718034,DUD_inha_D_1412,Cc1ccc(-n2ncc3c(=O)[nH]c(S[C@H](C)c4ccccc4)nc32)cc1C,0
ZINC02718034,DUD_inha_D_1413,Cc1ccc(-n2ncc3c(=O)nc(S[C@@H](C)c4ccccc4)[nH]c32)cc1C,0
ZINC02718364,DUD_inha_D_1414,O=C1CCC=C2Nc3nc(SCc4ccccc4F)nn3[C@@H](c3ccccc3)[C@@H]12,0
ZINC02719672,DUD_inha_D_1415,O=C(CSc1nc2c(c(=O)n1-c1ccccc1)SCC2)Nc1ccccc1,0
ZINC02720649,DUD_inha_D_1416,CCOC(=O)[C@@H](C)Sc1nc2c([nH]c3ccccc32)c(=O)n1-c1ccccc1,0
ZINC02720886,DUD_inha_D_1417,COC(=O)[C@H](C)Sc1nc2c([nH]c3ccccc32)c(=O)n1-c1ccc(F)cc1,0
ZINC02720887,DUD_inha_D_1418,COC(=O)[C@H](C)Sc1nc2c([nH]c3ccccc32)c(=O)n1-c1ccc(F)cc1,0
ZINC02722794,DUD_inha_D_1419,COc1ccc(NC(=O)CSc2ncnc3c2oc2ccccc23)cc1,0
ZINC02722795,DUD_inha_D_1420,Cc1ccc(NC(=O)CSc2ncnc3c2oc2ccccc23)cc1,0
ZINC02722797,DUD_inha_D_1421,Cc1ccc2nc(NC(=O)CSc3ncnc4c3oc3ccccc34)sc2c1,0
ZINC02722882,DUD_inha_D_1422,CC(C)c1ccc(NC(=O)c2cc3c(=O)n4ccccc4nc3s2)cc1,0
ZINC02722895,DUD_inha_D_1423,Cc1ccc(CNC(=O)c2cc3c(=O)n4cccc(C)c4nc3s2)cc1,0
ZINC02722942,DUD_inha_D_1424,Cc1cccn2c(=O)c3cc(C(=O)N[C@H](C)c4ccccc4)sc3nc12,0
ZINC02722943,DUD_inha_D_1425,Cc1cccn2c(=O)c3cc(C(=O)N[C@H](C)c4ccccc4)sc3nc12,0
ZINC02722946,DUD_inha_D_1426,Cc1cccn2c(=O)c3cc(C(=O)NCCc4ccccc4)sc3nc12,0
ZINC02724154,DUD_inha_D_1427,Cc1ccc2c(c1)[C@@H](c1ccc(F)cc1)N(C(=O)/C=C\c1ccccc1)CC(=O)N2,0
ZINC02724165,DUD_inha_D_1428,Cc1ccc2c(c1)[C@H](c1ccc(F)cc1)N(C(=O)c1ccccc1)CC(=O)N2,0
ZINC02724166,DUD_inha_D_1429,Cc1ccc2c(c1)[C@@H](c1ccc(F)cc1)N(C(=O)c1ccccc1)CC(=O)N2,0
ZINC02724167,DUD_inha_D_1430,Cc1ccc2c(c1)[C@@H](c1ccc(F)cc1)N(C(=O)c1ccccc1C)CC(=O)N2,0
ZINC02724168,DUD_inha_D_1431,Cc1ccc2c(c1)[C@H](c1ccc(F)cc1)N(C(=O)c1ccccc1C)CC(=O)N2,0
ZINC02724187,DUD_inha_D_1432,Cc1ccc2c(c1)[C@H](c1ccccc1)N(C(=O)c1cccc(F)c1)CC(=O)N2,0
ZINC02724188,DUD_inha_D_1433,Cc1ccc2c(c1)[C@H](c1ccccc1)N(C(=O)c1cccc(F)c1)CC(=O)N2,0
ZINC02724201,DUD_inha_D_1434,COc1ccccc1C(=O)N1CC(=O)Nc2ccc(C)cc2[C@@H]1c1ccc(F)cc1,0
ZINC02724202,DUD_inha_D_1435,COc1ccccc1C(=O)N1CC(=O)Nc2ccc(C)cc2[C@H]1c1ccc(F)cc1,0
ZINC02724205,DUD_inha_D_1436,COc1cccc(C(=O)N2CC(=O)Nc3ccc(C)cc3[C@@H]2c2ccc(F)cc2)c1,0
ZINC02724206,DUD_inha_D_1437,COc1cccc(C(=O)N2CC(=O)Nc3ccc(C)cc3[C@@H]2c2ccc(F)cc2)c1,0
ZINC02724209,DUD_inha_D_1438,COc1ccc(C(=O)N2CC(=O)Nc3ccc(C)cc3[C@@H]2c2ccc(F)cc2)cc1,0
ZINC02724210,DUD_inha_D_1439,COc1ccc(C(=O)N2CC(=O)Nc3ccc(C)cc3[C@H]2c2ccc(F)cc2)cc1,0
ZINC02724236,DUD_inha_D_1440,Cc1ccc2c(c1)[C@@H](c1ccccc1)N(C(=O)c1c(F)cccc1F)CC(=O)N2,0
ZINC02724239,DUD_inha_D_1441,Cc1ccc2c(c1)[C@@H](c1ccccc1)N(C(=O)c1c(F)cccc1Cl)CC(=O)N2,0
ZINC02724240,DUD_inha_D_1442,Cc1ccc2c(c1)[C@H](c1ccccc1)N(C(=O)c1c(F)cccc1Cl)CC(=O)N2,0
ZINC02724567,DUD_inha_D_1443,COc1ccccc1C(=O)N1CC(=O)Nc2ccc(Cl)cc2[C@@H]1c1ccccc1,0
ZINC02724568,DUD_inha_D_1444,COc1ccccc1C(=O)N1CC(=O)Nc2ccc(Cl)cc2[C@@H]1c1ccccc1,0
ZINC02724571,DUD_inha_D_1445,COc1cccc(C(=O)N2CC(=O)Nc3ccc(Cl)cc3[C@@H]2c2ccccc2)c1,0
ZINC02724572,DUD_inha_D_1446,COc1cccc(C(=O)N2CC(=O)Nc3ccc(Cl)cc3[C@H]2c2ccccc2)c1,0
ZINC02724575,DUD_inha_D_1447,COc1ccc(C(=O)N2CC(=O)Nc3ccc(Cl)cc3[C@@H]2c2ccccc2)cc1,0
ZINC02724576,DUD_inha_D_1448,COc1ccc(C(=O)N2CC(=O)Nc3ccc(Cl)cc3[C@@H]2c2ccccc2)cc1,0
ZINC02724674,DUD_inha_D_1449,CCOc1ccccc1C(=O)N1CC(=O)Nc2ccc(F)cc2[C@H]1c1ccccc1,0
ZINC02724675,DUD_inha_D_1450,CCOc1ccccc1C(=O)N1CC(=O)Nc2ccc(F)cc2[C@H]1c1ccc(F)cc1,0
ZINC02724723,DUD_inha_D_1451,Cc1cccc(C(=O)N2CC(=O)Nc3ccc(F)cc3[C@@H]2c2ccccc2)c1,0
ZINC02724724,DUD_inha_D_1452,Cc1cccc(C(=O)N2CC(=O)Nc3ccc(F)cc3[C@@H]2c2ccccc2)c1,0
ZINC02724727,DUD_inha_D_1453,Cc1ccc(C(=O)N2CC(=O)Nc3ccc(F)cc3[C@@H]2c2ccccc2)cc1,0
ZINC02724728,DUD_inha_D_1454,Cc1ccc(C(=O)N2CC(=O)Nc3ccc(F)cc3[C@@H]2c2ccccc2)cc1,0
ZINC02724747,DUD_inha_D_1455,COc1ccccc1C(=O)N1CC(=O)Nc2ccc(F)cc2[C@@H]1c1ccccc1,0
ZINC02724748,DUD_inha_D_1456,COc1ccccc1C(=O)N1CC(=O)Nc2ccc(F)cc2[C@@H]1c1ccccc1,0
ZINC02724751,DUD_inha_D_1457,COc1cccc(C(=O)N2CC(=O)Nc3ccc(F)cc3[C@H]2c2ccccc2)c1,0
ZINC02724752,DUD_inha_D_1458,COc1cccc(C(=O)N2CC(=O)Nc3ccc(F)cc3[C@H]2c2ccccc2)c1,0
ZINC02724755,DUD_inha_D_1459,COc1ccc(C(=O)N2CC(=O)Nc3ccc(F)cc3[C@H]2c2ccccc2)cc1,0
ZINC02724756,DUD_inha_D_1460,COc1ccc(C(=O)N2CC(=O)Nc3ccc(F)cc3[C@@H]2c2ccccc2)cc1,0
ZINC02724759,DUD_inha_D_1461,CCOc1ccc(C(=O)N2CC(=O)Nc3ccc(F)cc3[C@@H]2c2ccccc2)cc1,0
ZINC02724760,DUD_inha_D_1462,CCOc1ccc(C(=O)N2CC(=O)Nc3ccc(F)cc3[C@@H]2c2ccccc2)cc1,0
ZINC02724781,DUD_inha_D_1463,Cc1ccc(C(=O)N2CC(=O)Nc3ccc(F)cc3[C@@H]2c2ccccc2)cc1C,0
ZINC02724782,DUD_inha_D_1464,Cc1ccc(C(=O)N2CC(=O)Nc3ccc(F)cc3[C@H]2c2ccccc2)cc1C,0
ZINC02725790,DUD_inha_D_1465,Cc1ccc([C@@]2(C)NC(=O)N(Cc3csc(-c4ccccc4)n3)C2=O)cc1,0
ZINC02725791,DUD_inha_D_1466,Cc1ccc([C@@]2(C)NC(=O)N(Cc3csc(-c4ccccc4)n3)C2=O)cc1,0
ZINC02726718,DUD_inha_D_1467,COC(=O)C1=C(N)Oc2cc(C)n(Cc3ccco3)c(=O)c2[C@H]1c1ccccc1,0
ZINC02728560,DUD_inha_D_1468,C=CCN1C(=O)N(c2ccccc2)C(=O)[C@H]1CC(=O)Nc1ccc(Cl)cc1,0
ZINC02728561,DUD_inha_D_1469,C=CCN1C(=O)N(c2ccccc2)C(=O)[C@H]1CC(=O)Nc1ccc(Cl)cc1,0
ZINC02736755,DUD_inha_D_1470,CN(C)c1ccc(-n2nc3ccc(NC(=O)c4ccc(F)cc4)cc3n2)cc1,0
ZINC02737680,DUD_inha_D_1471,CN(C)c1ccc(-n2nc3ccc(NC(=O)c4cccc(F)c4)cc3n2)cc1,0
ZINC02738622,DUD_inha_D_1472,COc1ccc(/C=C\[C@@H]2Nc3ccccc3-c3nnc(SC)nc3O2)cc1,0
ZINC02738624,DUD_inha_D_1473,COc1ccc(/C=C\[C@H]2Nc3ccccc3-c3nnc(SC)nc3O2)cc1,0
ZINC02739717,DUD_inha_D_1474,CCc1nnc(NC(=O)c2cc(-c3ccccc3)nc3ccccc23)s1,0
ZINC02741003,DUD_inha_D_1475,CCn1cc(/C=C/C(=O)NC(=S)Nc2nccc(-c3ccco3)n2)cn1,0
ZINC02748762,DUD_inha_D_1476,Cc1ccc(-c2cc(C(=O)Nc3nnc(C)s3)c3ccccc3n2)cc1,0
ZINC02752758,DUD_inha_D_1477,Cc1sc(NC(=O)/C=C/c2ccc3c(c2)OCO3)nc1-c1ccccc1,0
ZINC02755834,DUD_inha_D_1478,O=C(Nc1sc2c(c1C(=O)Nc1ccccc1)CCCCC2)c1cccnc1,0
ZINC02762464,DUD_inha_D_1479,CCn1cc(C(=O)Nc2ccc(-c3nc4ccc(C)cc4s3)cc2)cn1,0
ZINC02763289,DUD_inha_D_1480,Cc1onc(-c2ccccc2)c1C(=O)Nc1ccn(Cc2ccc(F)cc2)n1,0
ZINC02768468,DUD_inha_D_1481,Cc1cc(C(F)F)n2nc(C(=O)Nc3ccccc3Cc3ccccc3)nc2n1,0
ZINC02768984,DUD_inha_D_1482,Cc1ccc2occ(/C=N/NC(=O)c3csc4ccccc34)c(=O)c2c1,0
ZINC02783453,DUD_inha_D_1483,O=C(c1ccco1)N1CCN(C(=S)NCCc2ccccc2)CC1,0
ZINC02787332,DUD_inha_D_1484,O=C(Nc1ccc2c(c1)OCCO2)c1ccn(COc2ccc(Cl)cc2)n1,0
ZINC02787786,DUD_inha_D_1485,O=C(Nc1ccc2c(c1)CCC2)c1ccn(COc2ccc(F)cc2)n1,0
ZINC02788841,DUD_inha_D_1486,O=C(Cn1c2c(c3ccccc31)CCCC2)Nn1c(S)nc2ccccc2c1=O,0
ZINC02789690,DUD_inha_D_1487,Cc1ccc([C@@H]2C[C@H]2C(=O)Nn2c(S)nc3ccccc3c2=O)cc1,0
ZINC02789691,DUD_inha_D_1488,Cc1ccc([C@@H]2C[C@@H]2C(=O)Nn2c(S)nc3ccccc3c2=O)cc1,0
ZINC02789692,DUD_inha_D_1489,Cc1ccc([C@@H]2C[C@@H]2C(=O)Nn2c(S)nc3ccccc3c2=O)cc1,0
ZINC02791752,DUD_inha_D_1490,O=C(NCc1ccc2c(c1)OCO2)c1cc2nccc(-c3ccc(F)cc3)n2n1,0
ZINC02792524,DUD_inha_D_1491,COc1cccc(Cn2cc(-n3c(S)nc4ccccc4c3=O)cn2)c1,0
ZINC02793572,DUD_inha_D_1492,CN(C)c1ccc(NC(=O)c2cc3nccc(-c4ccc(F)cc4)n3n2)cc1,0
ZINC02794659,DUD_inha_D_1493,COc1ccc(NC(=O)c2cc3nccc(-c4ccc(F)cc4)n3n2)cc1OC,0
ZINC02794695,DUD_inha_D_1494,COc1ccc(CNC(=O)c2cc3nccc(-c4ccc(F)cc4)n3n2)cc1,0
ZINC02794712,DUD_inha_D_1495,Cc1ccccc1NC(=O)c1cc2nccc(-c3ccc(F)cc3)n2n1,0
ZINC02794784,DUD_inha_D_1496,Cc1nn(Cc2ccccc2F)c(C)c1NC(=O)c1nn2cccnc2c1Cl,0
ZINC02795307,DUD_inha_D_1497,COc1ccccc1NC(=O)c1cc2nccc(-c3ccc(F)cc3)n2n1,0
ZINC02795344,DUD_inha_D_1498,CCn1ncc(CNC(=O)c2cc3nccc(-c4ccc(F)cc4)n3n2)c1C,0
ZINC02795355,DUD_inha_D_1499,Cc1c(CNC(=O)c2cc3nccc(-c4ccc(F)cc4)n3n2)cnn1C,0
ZINC02795443,DUD_inha_D_1500,COc1cccc(NC(=O)c2cc3nccc(-c4ccc(F)cc4)n3n2)c1,0
ZINC02795564,DUD_inha_D_1501,Cc1nn(Cc2cccc(F)c2)c(C)c1NC(=O)c1cc(-c2ccccc2)on1,0
ZINC02795590,DUD_inha_D_1502,COc1ccc(NC(=O)c2cc3nccc(-c4ccc(F)cc4)n3n2)c(C)c1,0
ZINC02795735,DUD_inha_D_1503,Cc1cc(C)n(Cc2cccc(NC(=O)c3nn4cccnc4c3Cl)c2)n1,0
ZINC02797588,DUD_inha_D_1504,Cc1ccc(-c2cc(C(=O)Nc3cnn(Cc4ccccc4F)c3)no2)cc1,0
ZINC02800106,DUD_inha_D_1505,CCOC(=O)C1=C(C)N=c2s/c(=C\c3ccc[nH]3)c(=O)n2[C@@H]1c1ccccc1,0
ZINC02800558,DUD_inha_D_1506,COC(=O)C1=C(C)N=c2s/c(=C\c3ccc[nH]3)c(=O)n2[C@H]1c1ccccc1,0
ZINC02800560,DUD_inha_D_1507,COC(=O)C1=C(C)N=c2s/c(=C/c3ccc[nH]3)c(=O)n2[C@@H]1c1ccccc1,0
ZINC02800619,DUD_inha_D_1508,COC(=O)[C@H]1[C@H]2c3ccccc3O[C@]1(C)N=c1s/c(=C\c3ccc[nH]3)c(=O)n12,0
ZINC02809238,DUD_inha_D_1509,Sc1nnc([C@@H]2C[C@H]2c2ccccc2)n1-c1cnn(Cc2ccccc2)c1,0
ZINC02818690,DUD_inha_D_1510,Cc1ccc(C(=O)Nc2nc(OC(=O)c3ccc(C)cc3)cs2)cc1,0
ZINC02820141,DUD_inha_D_1511,Cc1onc(-c2c(F)cccc2Cl)c1C(=O)NC[C@@H]1COc2ccccc2O1,0
ZINC02825770,DUD_inha_D_1512,Cc1cc(OCC(=O)Nc2ccc(F)cc2)c2c(-c3ccccc3)cc(=O)oc2c1,0
ZINC02830563,DUD_inha_D_1513,COc1ccc2ccccc2c1/C=C1\C(=O)NC(=O)N(Cc2ccccc2Cl)C1=O,0
ZINC02836719,DUD_inha_D_1514,CCn1c(SCC(=O)Nc2ccccc2F)nnc1-c1ccccc1,0
ZINC02843220,DUD_inha_D_1515,CCn1c(SCC(=O)Nc2cccc3ccccc23)nnc1-c1ccco1,0
ZINC02846695,DUD_inha_D_1516,Cc1ccc(F)c(NC(=O)CSc2ncn(-c3ccccc3)n2)c1,0
ZINC02849808,DUD_inha_D_1517,O=C(c1ccccc1)c1ccc(N2CCOCC2)c(NC(=O)c2cccs2)c1,0
ZINC02851591,DUD_inha_D_1518,Cc1cc(C(=O)NNC(=S)N[C@H](C)c2ccccc2)c2ccccc2n1,0
ZINC02852573,DUD_inha_D_1519,O=S(=O)(Nc1ccccc1Sc1ccccc1)c1ccc2c(c1)OCCO2,0
ZINC02857612,DUD_inha_D_1520,C[C@H](C(=O)Nc1cccc2ccccc12)N1C(=O)[C@H]2CC=C(Cl)C[C@H]2C1=O,0
ZINC02859451,DUD_inha_D_1521,Cn1c(SCC(=O)Nc2ccccc2F)nnc1-c1cc2ccccc2o1,0
ZINC02860724,DUD_inha_D_1522,COc1c(C)cc(Br)cc1C(=O)Nc1ccc2oc(-c3cccnc3)nc2c1,0
ZINC02860918,DUD_inha_D_1523,Cc1ccccc1NC(=O)CS[C@@H]1CC(=O)N(c2ccccc2)C1=O,0
ZINC02861711,DUD_inha_D_1524,COc1ccc2oc(-c3cccc(NC(=O)c4cccs4)c3)nc2c1,0
ZINC02861755,DUD_inha_D_1525,Cc1ccccc1N1C(=O)C[C@@H](SCC(=O)Nc2ccccc2)C1=O,0
ZINC02861756,DUD_inha_D_1526,Cc1ccccc1N1C(=O)C[C@H](SCC(=O)Nc2ccccc2)C1=O,0
ZINC02861976,DUD_inha_D_1527,Cc1cccc(N2C(=O)C[C@@H](SCC(=O)Nc3ccccc3)C2=O)c1,0
ZINC02862154,DUD_inha_D_1528,O=C(CSc1ncn(-c2ccccc2)n1)Nc1ccc2c(c1)OCCO2,0
ZINC02865355,DUD_inha_D_1529,Cc1ccc(N2C[C@@H](C(=O)Nc3nc(-c4ccccc4)cs3)CC2=O)cc1,0
ZINC02865835,DUD_inha_D_1530,COc1ccc(-c2csc(NC(=O)c3cc4ccccc4o3)n2)cc1,0
ZINC02867583,DUD_inha_D_1531,O=C(Nc1ccc2c(c1)OCCO2)c1cc(-c2cccnc2)nc2ccc(Cl)cc12,0
ZINC02868399,DUD_inha_D_1532,Cc1ccccc1-c1nnc(SCC(=O)Nc2cccc(F)c2)n1C,0
ZINC02868743,DUD_inha_D_1533,O=C(Nc1ccc(Oc2ccc(Cl)cc2)cc1)[C@@H]1[C@H]2C[C@@H]3OC(=O)[C@@H]1[C@H]3C2,0
ZINC02871747,DUD_inha_D_1534,O=C(CN1C(=O)[C@@H]2[C@@H]3C[C@H](c4ccccc4)[C@@H](C3)[C@H]2C1=O)Nc1ccc(F)cc1,0
ZINC02872102,DUD_inha_D_1535,O=C(CN1C(=O)[C@@H]2CC[C@@H](c3ccccc3)C[C@H]2C1=O)Nc1ccc(Br)cc1,0
ZINC02872246,DUD_inha_D_1536,COc1cccc(C2=C[C@H](c3ccc(SC)cc3)n3ncnc3N2)c1,0
ZINC02872247,DUD_inha_D_1537,COc1cccc(C2=C[C@H](c3ccc(SC)cc3)n3ncnc3N2)c1,0
ZINC02872636,DUD_inha_D_1538,Cc1cc(C(=O)Nc2ccc(S(=O)(=O)N3CCc4ccccc43)cc2)cs1,0
ZINC02873803,DUD_inha_D_1539,CC(=O)N1c2ccccc2CCc2ccc(NC(=O)c3cccs3)cc21,0
ZINC02874120,DUD_inha_D_1540,C=CCSc1nnc2c(n1)O[C@@H](c1ccc(C)cc1)Nc1ccccc1-2,0
ZINC02874121,DUD_inha_D_1541,C=CCSc1nnc2c(n1)O[C@@H](c1ccc(C)cc1)Nc1ccccc1-2,0
ZINC02874553,DUD_inha_D_1542,CCCNC(=O)c1ccccc1-c1nc(-c2ccc(Cl)cc2)no1,0
ZINC02874591,DUD_inha_D_1543,Cn1c(SCC(=O)N2CCCc3ccccc32)nnc1-c1c[nH]c2ccccc12,0
ZINC02878226,DUD_inha_D_1544,C=CCSc1nnc2c(n1)O[C@@H](c1ccc(C)o1)Nc1ccccc1-2,0
ZINC02882730,DUD_inha_D_1545,C=CCSc1nnc2c(n1)O[C@@H](c1ccc(OC)cc1)Nc1ccccc1-2,0
ZINC02887438,DUD_inha_D_1546,Cc1ccc(NC(=O)CSc2nnc3cc(C)c4ccccc4n23)cc1,0
ZINC02889241,DUD_inha_D_1547,Cc1cccc(NC(=O)CSc2nnc3scc(-c4ccccc4)n23)c1,0
ZINC02904111,DUD_inha_D_1548,C=CCNC(=O)c1cnn(-c2ccccc2)c1NC(=O)c1ccccc1Cl,0
ZINC02904376,DUD_inha_D_1549,C=CCNC(=O)c1cnn(-c2ccccc2)c1NC(=O)c1ccccc1Br,0
ZINC02909736,DUD_inha_D_1550,Cc1c(C(=O)Nc2ccc(Oc3ccccc3)cc2)sc2ncn(C)c(=O)c12,0
ZINC02909773,DUD_inha_D_1551,Cc1cccc(NC(=O)Cn2cnc3scc(-c4ccccc4)c3c2=O)c1,0
ZINC02910840,DUD_inha_D_1552,CCn1cnc2sc(C(=O)Nc3cccc4ccccc34)c(C)c2c1=O,0
ZINC02910920,DUD_inha_D_1553,CCCn1cnc2sc(C(=O)Nc3cccc4ccccc34)c(C)c2c1=O,0
ZINC02910975,DUD_inha_D_1554,Cc1c(C(=O)Nc2ccccc2)sc2ncn(Cc3ccccc3F)c(=O)c12,0
ZINC02910978,DUD_inha_D_1555,Cc1ccc(NC(=O)c2sc3ncn(Cc4ccccc4F)c(=O)c3c2C)cc1,0
ZINC02910993,DUD_inha_D_1556,Cc1cccc(NC(=O)c2sc3ncn(Cc4ccccc4F)c(=O)c3c2C)c1,0
ZINC02911043,DUD_inha_D_1557,Cc1c(C(=O)NCc2ccccc2)sc2ncn(Cc3ccccc3F)c(=O)c12,0
ZINC02914408,DUD_inha_D_1558,COc1cccc([C@H]2C=C(c3ccc(Cl)cc3)Nc3ncnn32)c1OC,0
ZINC02915792,DUD_inha_D_1559,C=C1Nc2ncnn2[C@H](c2ccccc2F)[C@@H]1C(=O)Nc1ccc(OC)cc1,0
ZINC02915795,DUD_inha_D_1560,COc1ccc(NC(=O)C2=C(C)Nc3ncnn3[C@@H]2c2ccccc2F)cc1,0
ZINC02915797,DUD_inha_D_1561,C=C1Nc2ncnn2[C@H](c2ccc(F)cc2)[C@@H]1C(=O)Nc1ccc(OC)cc1,0
ZINC02915800,DUD_inha_D_1562,C=C1Nc2ncnn2[C@H](c2ccc(F)cc2)[C@H]1C(=O)Nc1ccc(OC)cc1,0
ZINC02916081,DUD_inha_D_1563,C=C1Nc2ncnn2[C@@H](c2ccccc2OC)[C@H]1C(=O)Nc1ccc(Cl)cc1,0
ZINC02916084,DUD_inha_D_1564,C=C1Nc2ncnn2[C@@H](c2ccccc2OC)[C@@H]1C(=O)Nc1ccc(Cl)cc1,0
ZINC02917050,DUD_inha_D_1565,Cn1c(C(=O)NCc2ccccc2Cl)cc2c(=O)n3ccccc3nc21,0
ZINC02917051,DUD_inha_D_1566,Cn1c(C(=O)NCc2ccc(F)cc2)cc2c(=O)n3ccccc3nc21,0
ZINC02917165,DUD_inha_D_1567,Cc1ccc(NC(=O)c2cc3c(=O)n4ccccc4nc3n2C)cc1Cl,0
ZINC02917320,DUD_inha_D_1568,Cc1cccn2c(=O)c3cc(C(=O)NCc4ccc(F)cc4)n(C)c3nc12,0
ZINC02917336,DUD_inha_D_1569,Cc1cccn2c(=O)c3cc(C(=O)NCc4cccs4)n(C)c3nc12,0
ZINC02917498,DUD_inha_D_1570,Cc1cccc(-c2nsc(SCC(=O)Nc3ccccc3C)n2)c1,0
ZINC02918094,DUD_inha_D_1571,C=C1Nc2ncnn2[C@@H](c2ccc(F)cc2)[C@@H]1C(=O)Nc1ccc(C)cc1C,0
ZINC02918102,DUD_inha_D_1572,C=C1Nc2ncnn2[C@@H](c2cccs2)[C@@H]1C(=O)Nc1ccc(C)cc1C,0
ZINC02922839,DUD_inha_D_1573,Cc1cccc2sc(NC(=O)Cc3nn(C)c(=O)c4ccccc34)nc12,0
ZINC02926065,DUD_inha_D_1574,COc1ccccc1-n1cnc2cc(C(=O)NCc3ccc(F)cc3)ccc21,0
ZINC02926873,DUD_inha_D_1575,Cc1c(C(=O)NCc2ccco2)sc2ncnc(N(C)c3ccccc3)c12,0
ZINC02931587,DUD_inha_D_1576,Cc1c(C(=O)NCc2ccco2)sc2ncnc(N3CCc4ccccc4C3)c12,0
ZINC02937518,DUD_inha_D_1577,COc1ccc(-n2cc(C(=O)Nc3ccccc3F)c3ccccc3c2=O)cc1,0
ZINC02937967,DUD_inha_D_1578,CCCCNC(=O)c1cn(-c2ccc(Cl)cc2)c(=O)c2ccccc12,0
ZINC02938033,DUD_inha_D_1579,Cc1ccc(-n2cc(C(=O)Nc3ccc(F)cc3)c3ccccc3c2=O)cc1C,0
ZINC02938104,DUD_inha_D_1580,Cc1ccc(-n2cc(C(=O)NCc3ccco3)c3ccccc3c2=O)cc1C,0
ZINC02941679,DUD_inha_D_1581,COc1cccc(-n2nc(C(=O)Nc3ccc(F)cc3)c3ccccc3c2=O)c1,0
ZINC02941688,DUD_inha_D_1582,COc1cccc(-n2nc(C(=O)Nc3ccc(C)c(F)c3)c3ccccc3c2=O)c1,0
ZINC02941695,DUD_inha_D_1583,COc1cccc(-n2nc(C(=O)Nc3ccc(F)cc3F)c3ccccc3c2=O)c1,0
ZINC02941702,DUD_inha_D_1584,COc1cccc(-n2nc(C(=O)Nc3ccccc3F)c3ccccc3c2=O)c1,0
ZINC02941742,DUD_inha_D_1585,COc1cccc(-n2nc(C(=O)NCc3ccc(F)cc3)c3ccccc3c2=O)c1,0
ZINC02941746,DUD_inha_D_1586,COc1cccc(-n2nc(C(=O)NCc3ccco3)c3ccccc3c2=O)c1,0
ZINC02942716,DUD_inha_D_1587,COc1ccccc1-n1nc(C(=O)NCc2ccc(F)cc2)c2ccccc2c1=O,0
ZINC02942933,DUD_inha_D_1588,COc1ccc(-n2nc(C(=O)Nc3ccc(F)cc3)c3ccccc3c2=O)c(OC)c1,0
ZINC02942944,DUD_inha_D_1589,COc1ccc(-n2nc(C(=O)Nc3ccccc3F)c3ccccc3c2=O)c(OC)c1,0
ZINC02943147,DUD_inha_D_1590,COc1ccc(-n2nc(C(=O)Nc3ccc(F)cc3)c3ccccc3c2=O)cc1,0
ZINC02943158,DUD_inha_D_1591,COc1ccc(-n2nc(C(=O)Nc3ccc(C)c(F)c3)c3ccccc3c2=O)cc1,0
ZINC02943170,DUD_inha_D_1592,COc1ccc(-n2nc(C(=O)Nc3ccccc3F)c3ccccc3c2=O)cc1,0
ZINC02947610,DUD_inha_D_1593,Cc1cc(=O)nc2c3ccccc3n(CC(=O)Nc3ccccc3Br)n12,0
ZINC02947617,DUD_inha_D_1594,Cc1ccc(Cl)cc1NC(=O)Cn1c2ccccc2c2nc(=O)cc(C)n21,0
ZINC02947823,DUD_inha_D_1595,Cc1ccc(Cl)cc1NC(=O)[C@@H](C)n1c2ccccc2c2nc(=O)cc(C)n21,0
ZINC02947825,DUD_inha_D_1596,Cc1ccc(Cl)cc1NC(=O)[C@H](C)n1c2ccccc2c2nc(=O)cc(C)n21,0
ZINC02947855,DUD_inha_D_1597,Cc1cc(=O)nc2c3ccccc3n([C@@H](C)C(=O)Nc3ccc(F)cc3)n12,0
ZINC02947857,DUD_inha_D_1598,Cc1cc(=O)nc2c3ccccc3n([C@H](C)C(=O)Nc3ccc(F)cc3)n12,0
ZINC02947881,DUD_inha_D_1599,Cc1ccccc1NC(=O)[C@H](C)n1c2ccccc2c2nc(=O)cc(C)n21,0
ZINC02947885,DUD_inha_D_1600,Cc1c(Cl)cccc1NC(=O)[C@@H](C)n1c2ccccc2c2nc(=O)cc(C)n21,0
ZINC02947886,DUD_inha_D_1601,Cc1c(Cl)cccc1NC(=O)[C@H](C)n1c2ccccc2c2nc(=O)cc(C)n21,0
ZINC02947909,DUD_inha_D_1602,Cc1ccc(NC(=O)[C@@H](C)n2c3ccccc3c3nc(=O)cc(C)n32)c(Cl)c1,0
ZINC02947911,DUD_inha_D_1603,Cc1ccc(NC(=O)[C@H](C)n2c3ccccc3c3nc(=O)cc(C)n32)c(Cl)c1,0
ZINC02947939,DUD_inha_D_1604,Cc1cc(NC(=O)[C@H](C)n2c3ccccc3c3nc(=O)cc(C)n32)ccc1Br,0
ZINC02947940,DUD_inha_D_1605,Cc1cc(NC(=O)[C@H](C)n2c3ccccc3c3nc(=O)cc(C)n32)ccc1Br,0
ZINC02948006,DUD_inha_D_1606,Cc1cc(F)ccc1NC(=O)[C@H](C)n1c2ccccc2c2nc(=O)cc(C)n21,0
ZINC02948008,DUD_inha_D_1607,Cc1cc(F)ccc1NC(=O)[C@H](C)n1c2ccccc2c2nc(=O)cc(C)n21,0
ZINC02953137,DUD_inha_D_1608,COc1ccc(C2=N/C(=C/c3ccc(F)cc3)C(=O)N2c2ccc(O)cc2)cc1,0
ZINC02953658,DUD_inha_D_1609,COc1ccc(-n2nc3cc(C)c(NC(=O)c4ccccc4F)cc3n2)cc1,0
ZINC02957285,DUD_inha_D_1610,Cc1ccc(CNC(=O)c2cccn3c(=O)c4ccc(Cl)cc4nc23)cc1,0
ZINC02965687,DUD_inha_D_1611,Cc1ccc(CNC(=O)c2ccc3nc4ccc(Cl)cc4c(=O)n3c2)cc1,0
ZINC02965730,DUD_inha_D_1612,Cc1ccc(CNC(=O)c2ccc3nc4cc(Cl)ccc4c(=O)n3c2)cc1,0
ZINC02969391,DUD_inha_D_1613,Cc1nc2c3ccccc3nc(SCC(=O)Nc3ccccc3F)n2n1,0
ZINC02970281,DUD_inha_D_1614,COc1ccccc1O[C@H](C)C(=O)Nn1c(=S)[nH]c2ccccc2c1=O,0
ZINC02972103,DUD_inha_D_1615,O=C(CCCn1c(=S)[nH]c2ccccc2c1=O)N1CCc2ccccc21,0
ZINC02973111,DUD_inha_D_1616,COc1ccc(N2C(=O)NC(=O)/C(=C/c3cccn3-c3ccccc3)C2=O)cc1,0
ZINC02973225,DUD_inha_D_1617,Cc1ccc(N2NC(=O)/C(=C\c3ccc(-c4ccccc4)o3)C2=O)cc1Cl,0
ZINC02977415,DUD_inha_D_1618,C=CCSc1nnc2c(n1)O[C@H](c1ccc3c(c1)OCO3)Nc1ccccc1-2,0
ZINC02977640,DUD_inha_D_1619,O=C(Cc1ccccc1)Nc1cc(N2C(=O)[C@@H]3CC=CC[C@@H]3C2=O)ccc1Cl,0
ZINC02977641,DUD_inha_D_1620,O=C(Cc1ccccc1)Nc1cc(N2C(=O)[C@H]3CC=CC[C@@H]3C2=O)ccc1Cl,0
ZINC02977642,DUD_inha_D_1621,O=C(Cc1ccccc1)Nc1cc(N2C(=O)[C@@H]3CC=CC[C@@H]3C2=O)ccc1Cl,0
ZINC02977643,DUD_inha_D_1622,O=C(Cc1ccccc1)Nc1cc(N2C(=O)[C@H]3CC=CC[C@@H]3C2=O)ccc1Cl,0
ZINC02978026,DUD_inha_D_1623,O=C(Cc1ccccc1)Nc1cc(N2C(=O)[C@H]3[C@H]4C=C[C@@H](C4)[C@@H]3C2=O)ccc1Cl,0
ZINC02978734,DUD_inha_D_1624,Cc1cccc(N2C(=O)c3ccc(NC(=O)Cc4cccs4)cc3C2=O)c1C,0
ZINC02982441,DUD_inha_D_1625,COc1ccc(-c2nc3cc(NC(=O)c4cccs4)ccc3o2)cc1,0
ZINC02982548,DUD_inha_D_1626,CCOc1ccc(-n2nc3ccc(NC(=O)c4cccs4)cc3n2)cc1,0
ZINC02992967,DUD_inha_D_1627,COc1ccc([C@@H]2C=C(c3cccs3)NN2S(=O)(=O)c2ccc(C)cc2)cc1,0
ZINC03004551,DUD_inha_D_1628,O=C(Nc1ccc(F)cc1)[C@H](Cc1ccccc1)N1C(=O)[C@H]2[C@@H]3CC[C@H](C3)[C@@H]2C1=O,0
ZINC03008323,DUD_inha_D_1629,Cc1cccc(-n2nc3c(c2NC(=O)c2ccccc2[N+](=O)[O-])CSC3)c1C,0
ZINC03014856,DUD_inha_D_1630,O=C(NCc1cccs1)c1cccc(N2C(=O)[C@@H]3[C@H]4C=C[C@@H](C4)[C@H]3C2=O)c1,0
ZINC03016368,DUD_inha_D_1631,Cc1nc2oc3ccc(F)cc3c(=O)c2cc1C(=O)NCc1ccccc1,0
ZINC03018352,DUD_inha_D_1632,O=C1Nc2cc(C(=O)N3CCc4ccccc4C3)ccc2Sc2ccccc21,0
ZINC03022932,DUD_inha_D_1633,Cc1ccc(NC(=O)c2ccc(F)c(S(=O)(=O)N3CCc4ccccc43)c2)cc1F,0
ZINC03025477,DUD_inha_D_1634,Cc1cccc(-n2cnc3cc(C(=O)NCc4ccc5c(c4)OCO5)ccc32)c1,0
ZINC03025712,DUD_inha_D_1635,Cc1ccc(-n2cnc3cc(C(=O)NCc4ccco4)ccc32)cc1Cl,0
ZINC03029341,DUD_inha_D_1636,COC(=O)c1sccc1-c1ccc(C(=O)NCc2ccccc2)o1,0
ZINC03033008,DUD_inha_D_1637,COc1ccccc1NC(=O)CSc1ncnc2c1sc1ccccc12,0
ZINC03039898,DUD_inha_D_1638,CN1C(=O)c2ccccc2Sc2ccc(C(=O)NCc3ccco3)cc21,0
ZINC03039918,DUD_inha_D_1639,CN1C(=O)c2ccccc2Sc2ccc(C(=O)NCc3ccccc3)cc21,0
ZINC03040699,DUD_inha_D_1640,O=C(NCc1ccco1)c1ccc2c(c1)N(Cc1ccccc1)C(=O)CS2,0
ZINC03040723,DUD_inha_D_1641,C=CCN1C(=O)c2ccccc2Sc2ccc(C(=O)NCc3ccco3)cc21,0
ZINC03040821,DUD_inha_D_1642,O=C(NC1CC1)c1ccc2c(c1)N(Cc1ccccc1)C(=O)c1ccccc1S2,0
ZINC03040844,DUD_inha_D_1643,COc1ccc2ccccc2c1/C=C1\C(=O)NN(c2ccc(Br)cc2)C1=O,0
ZINC03043451,DUD_inha_D_1644,O=C(CCn1c(=S)[nH]c2ccccc2c1=O)N1CCc2ccccc21,0
ZINC03045002,DUD_inha_D_1645,CCOc1ccc2ccccc2c1/C=C1\C(=O)NN(c2ccc(Cl)cc2)C1=O,0
ZINC03045223,DUD_inha_D_1646,Cc1nc2c(C(=O)NCc3ccco3)cnn2c(C)c1Cc1ccc(F)cc1,0
ZINC03045303,DUD_inha_D_1647,Cc1nc2c(C(=O)NCc3ccco3)cnn2c(C)c1Cc1cccc(Cl)c1,0
ZINC03045371,DUD_inha_D_1648,Cc1nc2c(C(=O)NCc3ccco3)cnn2c(C)c1Cc1c(F)cccc1Cl,0
ZINC03049697,DUD_inha_D_1649,CNC(=O)c1ccc2c(c1)N(Cc1ccccc1Cl)C(=O)c1ccccc1S2,0
ZINC03049763,DUD_inha_D_1650,O=C1Nc2ccccc2S/C1=C/C(=O)N1CCN(c2ccc(F)cc2)CC1,0
ZINC03050069,DUD_inha_D_1651,CNC(=O)c1ccc2c(c1)N(Cc1ccccc1F)C(=O)c1ccccc1S2,0
ZINC03053542,DUD_inha_D_1652,Cc1ccc(NC(=O)CN2C(=O)CN=C(c3ccccc3)c3ccccc32)cc1F,0
ZINC03055666,DUD_inha_D_1653,COc1ccc(-c2ccc(=O)n(CC(=O)Nc3ccc(C)c(F)c3)n2)cc1,0
ZINC03055670,DUD_inha_D_1654,COc1ccc(-c2ccc(=O)n(CC(=O)Nc3ccccc3Cl)n2)cc1,0
ZINC03055672,DUD_inha_D_1655,COc1ccc(-c2ccc(=O)n(CC(=O)Nc3cccc(Cl)c3C)n2)cc1,0
ZINC03060389,DUD_inha_D_1656,Cc1cc(O)c(/C=N/c2ccc3oc(-c4cccnc4)nc3c2)cc1C,0
ZINC03060485,DUD_inha_D_1657,CCN1C(=O)c2ccccc2Sc2ccc(C(=O)NCc3cccs3)cc21,0
ZINC03061145,DUD_inha_D_1658,CCN1C(=O)c2ccccc2Sc2ccc(C(=O)NCc3ccco3)cc21,0
ZINC03077663,DUD_inha_D_1659,CC(C)NC(=O)c1c(-c2ccccc2)csc1NC(=O)c1ccccc1,0
ZINC03100236,DUD_inha_D_1660,O=C(Nc1sc2c(c1C(=O)Nc1ccccc1)CCCC2)c1cccnc1,0
ZINC03100320,DUD_inha_D_1661,C=CCNC(=O)c1cnn(-c2ccccc2)c1NC(=O)c1cccs1,0
ZINC03117237,DUD_inha_D_1662,CN(C)C(=S)Oc1ccc(C(=O)Nc2cccc3ccccc23)cc1,0
ZINC03171876,DUD_inha_D_1663,CCCCNP1(=O)C=C(c2ccccc2)SC(c2ccccc2)=C1,0
ZINC03174129,DUD_inha_D_1664,S=C(Nc1ccccc1)Nc1ccccc1-c1nnc2n1CCCCC2,0
ZINC03175189,DUD_inha_D_1665,O=C(Nc1cccc2ccccc12)[C@H]1CCCN1S(=O)(=O)c1ccc(Cl)cc1,0
ZINC03181444,DUD_inha_D_1666,O=C(CCl)Nc1ccc2c(c1)N(C(=O)c1ccccc1)c1ccccc1CC2,0
ZINC03181960,DUD_inha_D_1667,COc1ccc(/C=N\n2c(C)nc3scc(-c4ccccc4)c3c2=O)cc1O,0
ZINC03183831,DUD_inha_D_1668,Cc1cccc(C)c1NC(=O)[C@@H](NC(=O)c1ccccn1)c1ccc(F)cc1,0
ZINC03187627,DUD_inha_D_1669,O=C(NNC1=CCCC1)c1cc(-c2ccc(F)cc2)nc2ccccc12,0
ZINC03189508,DUD_inha_D_1670,Cc1ccc2nc(-c3ccc(NC(=O)c4ccncc4)cc3)sc2c1,0
ZINC03194344,DUD_inha_D_1671,Cc1cc(/C=N/NC(=O)c2cnccn2)c(C)n1-c1ccc(Br)cc1,0
ZINC03200462,DUD_inha_D_1672,CCN1C(=O)c2cccc3c(NC(=S)NC(=O)c4ccccc4)ccc1c23,0
ZINC03211069,DUD_inha_D_1673,O=C(Nc1nnc(C2CC2)s1)c1cc(-c2ccccc2)nc2ccccc12,0
ZINC03213326,DUD_inha_D_1674,Cc1ccc(NC(=O)c2ccccc2NS(=O)(=O)c2ccc(F)cc2)c(C)c1,0
ZINC03213811,DUD_inha_D_1675,Cc1ccc(C)c(NC(=O)c2ccccc2NS(=O)(=O)c2ccc(F)cc2)c1,0
ZINC03213853,DUD_inha_D_1676,Cc1cccc(NC(=O)c2ccccc2NS(=O)(=O)c2ccc(F)cc2)c1C,0
ZINC03215474,DUD_inha_D_1677,COc1ccccc1C(=O)Nc1cc(C)nn1-c1nc2ccccc2s1,0
ZINC03215593,DUD_inha_D_1678,Cc1ccc(NC(=O)c2ccccc2NS(=O)(=O)c2ccc(F)cc2)cc1C,0
ZINC03216069,DUD_inha_D_1679,Cn1c(=O)c2ccccc2n2c(C(=O)Nc3ccc(Cl)cc3)c3ccccc3c12,0
ZINC03216567,DUD_inha_D_1680,Cc1nc2ccccc2c(C(=O)OCC(=O)Nc2c(F)cccc2F)c1C,0
ZINC03216976,DUD_inha_D_1681,O=C(COC(=O)c1c2c(nc3ccccc13)CCCC2)Nc1ccc(F)cc1,0
ZINC03217400,DUD_inha_D_1682,Cc1csc(NC(=O)c2cn(-c3ccccc3)nc2-c2cccs2)n1,0
ZINC03219273,DUD_inha_D_1683,COc1cc2ccccc2cc1C(=O)OCC(=O)Nc1ccccc1Cl,0
ZINC03224841,DUD_inha_D_1684,COc1ccc(Cl)cc1NC(=O)COC(=O)c1ccc2ccccc2n1,0
ZINC03228150,DUD_inha_D_1685,O=C(COC(=O)c1c2c(nc3ccccc13)CCC2)Nc1ccccc1F,0
ZINC03229446,DUD_inha_D_1686,CC(=O)c1sc(NC(=O)CCc2ccccc2)nc1-c1ccccc1,0
ZINC03232031,DUD_inha_D_1687,Cc1cc(NC(=O)COc2ccccc2)n(-c2nc3ccccc3s2)n1,0
ZINC03233713,DUD_inha_D_1688,C=C(NNC(=O)c1cc2c(C)nn(-c3ccccc3)c2s1)c1ccco1,0
ZINC03234357,DUD_inha_D_1689,COc1ccc(C(=O)Nc2cc(C)nn2-c2nc3ccccc3s2)cc1,0
ZINC03235061,DUD_inha_D_1690,Cc1nn(-c2ccc(F)cc2)c2sc(C(=O)Nc3ccc4c(c3)OCO4)cc12,0
ZINC03235644,DUD_inha_D_1691,COc1cc2ccccc2cc1C(=O)OCC(=O)Nc1c(F)cccc1F,0
ZINC03236169,DUD_inha_D_1692,Cc1cc(C)n(-c2ccc(C(=O)Nc3nc4ccccc4s3)cc2)n1,0
ZINC03237324,DUD_inha_D_1693,O=C(N/N=C\c1ccc(N2CCOCC2)s1)c1cc2ccccc2cc1O,0
ZINC03238827,DUD_inha_D_1694,COc1ccc(Cl)cc1NC(=O)COC(=O)c1cccc2ccccc12,0
ZINC03242858,DUD_inha_D_1695,COc1cc2c(cc1NC(=O)COC(=O)c1cccs1)oc1ccccc12,0
ZINC03244705,DUD_inha_D_1696,O=C(OCc1ccc(Br)cc1)C1=CCC(=O)N(c2ccccc2)N1,0
ZINC03245294,DUD_inha_D_1697,O=C(COC(=O)c1c2c(nc3ccccc13)CCC2)Nc1ccccc1,0
ZINC03247274,DUD_inha_D_1698,Cc1nn(-c2ccccc2)c2sc(C(=O)Nc3ccc4c(c3)OCO4)cc12,0
ZINC03249270,DUD_inha_D_1699,O=C(/C=C\c1ccccc1Cl)N1CCN(c2ccc(O)cc2)CC1,0
ZINC03249913,DUD_inha_D_1700,COC(=O)c1ccc(CSc2nnc(-c3c[nH]c4ccccc34)o2)cc1,0
ZINC03252170,DUD_inha_D_1701,Cc1cc(C(=O)OCC(=O)Nc2ccc(F)cc2)c(C)n1-c1ccccc1,0
ZINC03252569,DUD_inha_D_1702,COc1cccc(NC(=O)COc2ncnc3scc(-c4ccccc4)c23)c1,0
ZINC03254196,DUD_inha_D_1703,Cc1ccc(C)c(NC(=O)[C@@H](OC(=O)c2cccnc2Cl)c2ccccc2)c1,0
ZINC03264059,DUD_inha_D_1704,COc1ccc(NC(=O)COc2ncnc3scc(-c4ccccc4)c23)cc1,0
ZINC03265213,DUD_inha_D_1705,CCc1cc(C(=O)OCC(=O)Nc2ccccc2F)c2ccccc2n1,0
ZINC03269003,DUD_inha_D_1706,CC(=O)c1cccc(NC(=O)c2cc3c(C)nn(-c4ccc(F)cc4)c3s2)c1,0
ZINC03269059,DUD_inha_D_1707,Cc1ccc2nc(-c3ccc(NC(=O)c4cnc(C)cn4)cc3)sc2c1,0
ZINC03272050,DUD_inha_D_1708,CCc1nnc(NC(=O)CCN2c3ccccc3Sc3ccccc32)s1,0
ZINC03283420,DUD_inha_D_1709,O=C(CSc1nnc(-c2ccccc2F)n1C1CC1)Nc1ccccc1,0
ZINC03287831,DUD_inha_D_1710,CCn1nc(C(=O)Nc2nc(-c3cccs3)cs2)c2ccccc2c1=O,0
ZINC03288419,DUD_inha_D_1711,CCC[C@@]1(c2ccccc2)NC(=O)N(Cc2nc3ccccc3s2)C1=O,0
ZINC03288587,DUD_inha_D_1712,O=C(Nc1nc(-c2ccc3c(c2)CCCC3)cs1)c1cccnc1,0
ZINC03290669,DUD_inha_D_1713,O=C(Nc1ccc(-c2nnc3n2CCCCC3)cc1)c1ccccc1Br,0
ZINC03291488,DUD_inha_D_1714,Cc1ccc(NC(=O)CSc2nncn2-c2ccccc2)c(Br)c1,0
ZINC03292663,DUD_inha_D_1715,O=C(Nc1nnc(C2CC2)s1)C(c1ccccc1)c1ccccc1,0
ZINC03292685,DUD_inha_D_1716,Cc1cccc(NC(=O)CSc2nncn2-c2ccccc2)c1C,0
ZINC03292906,DUD_inha_D_1717,CC(C)c1ccccc1NC(=O)CSc1nncn1-c1ccccc1,0
ZINC03296402,DUD_inha_D_1718,O=C(COC(=O)[C@H]1C[C@@H]2C=C[C@H]1C2)Nc1nc(-c2ccccc2)cs1,0
ZINC03296665,DUD_inha_D_1719,C[C@H]1Cc2ccccc2N1C(=O)/C=C\c1cn[nH]c1-c1cc2ccccc2o1,0
ZINC03296676,DUD_inha_D_1720,C[C@@H]1Cc2ccccc2N1C(=O)/C=C\c1cn[nH]c1-c1cc2ccccc2o1,0
ZINC03298149,DUD_inha_D_1721,CC(=O)Nc1ccc(Oc2ncnc3sc(-c4ccccc4)cc23)cc1,0
ZINC03300386,DUD_inha_D_1722,C[C@@]1(c2ccccc2)NC(=O)N(Cc2csc(-c3ccccc3)n2)C1=O,0
ZINC03301267,DUD_inha_D_1723,O=C(Cc1ccccc1F)Nc1ccc(-c2nnc3n2CCCCC3)cc1,0
ZINC03301359,DUD_inha_D_1724,Cc1cc(NC(=O)COC(=O)c2cccc3ccccc23)ccc1Br,0
ZINC03301499,DUD_inha_D_1725,O=C(CSC1=Nc2ccccc2[C@H]2C=CNN12)Nc1ccc2c(c1)OCO2,0
ZINC03303722,DUD_inha_D_1726,Cc1sc2ncnc(SCC(=O)Nc3cccc4ccccc34)c2c1C,0
ZINC03305320,DUD_inha_D_1727,CC(C)C[C@@H](C(=O)Nc1ccccc1Br)N1C(=O)c2ccccc2C1=O,0
ZINC03305322,DUD_inha_D_1728,CC(C)C[C@H](C(=O)Nc1ccccc1Br)N1C(=O)c2ccccc2C1=O,0
ZINC03305932,DUD_inha_D_1729,COc1ccc(-c2csc(NC(=O)OCc3ccccc3)n2)cc1,0
ZINC03309716,DUD_inha_D_1730,CC[C@]1(C)NC(=O)N(/N=C/c2cn(-c3ccccc3)nc2-c2cccs2)C1=O,0
ZINC03310985,DUD_inha_D_1731,CCc1nnc(NC(=O)c2cc(-c3ccccc3)nn2-c2ccccc2)s1,0
ZINC03310997,DUD_inha_D_1732,O=C(Nc1nnc(C2CC2)s1)c1cccc(Oc2ccccc2)c1,0
ZINC03313190,DUD_inha_D_1733,Cc1c(-c2ccccc2)nc2ccccc2c1C(=O)N1CCC[C@H](CO)C1,0
ZINC03313393,DUD_inha_D_1734,O=C1N[C@@]2(CCCc3ccccc32)C(=O)N1Cc1nc2ccccc2s1,0
ZINC03314416,DUD_inha_D_1735,COc1ccc([C@]2(C)NC(=O)N(Cc3csc(-c4ccccc4)n3)C2=O)cc1,0
ZINC03316389,DUD_inha_D_1736,Cn1nc(C(=O)Nc2nc(-c3ccccc3)cs2)c2ccccc2c1=O,0
ZINC03318225,DUD_inha_D_1737,Cc1ccc(NC(=O)COc2ncnc3c2cnn3-c2ccccc2)c(Br)c1,0
ZINC03322455,DUD_inha_D_1738,Cc1ccc(C)c(C2=CSc3nnc(C[C@H](C)c4ccccc4)n3N2)c1,0
ZINC03328129,DUD_inha_D_1739,O=S(=O)(c1ccccc1)N1CCN(C(=S)NCc2ccccc2)CC1,0
ZINC03329395,DUD_inha_D_1740,Cc1ccsc1C(=O)OCC(=O)Nc1ccccc1-c1ccccc1,0
ZINC03330282,DUD_inha_D_1741,Cc1cccc(C)c1NC(=O)CNC(=O)c1ccc2ccccc2n1,0
ZINC03332182,DUD_inha_D_1742,CC(C)c1ccccc1NC(=O)CSc1nnc2sc3ccccc3n12,0
ZINC03333254,DUD_inha_D_1743,CCN(C(=O)CN1C(=O)N[C@@](C)(c2ccccc2Cl)C1=O)c1ccccc1,0
ZINC03333257,DUD_inha_D_1744,CCN(C(=O)CN1C(=O)N[C@@](C)(c2ccccc2Cl)C1=O)c1ccccc1,0
ZINC03335803,DUD_inha_D_1745,COc1ccccc1C1=CSc2nnc(Cc3cccc4ccccc34)n2N1,0
ZINC03337498,DUD_inha_D_1746,C[C@]1(c2ccccc2Cl)NC(=O)N(CC(=O)N2CCCc3ccccc32)C1=O,0
ZINC03337500,DUD_inha_D_1747,C[C@]1(c2ccccc2Cl)NC(=O)N(CC(=O)N2CCCc3ccccc32)C1=O,0
ZINC03337612,DUD_inha_D_1748,O=C(Nc1ccccc1C(=O)Nc1ccc2c(c1)OCO2)c1cc2c(s1)CCC2,0
ZINC03337747,DUD_inha_D_1749,C[C@@]1(c2ccc3ccccc3c2)NC(=O)N(CCOc2ccc(F)cc2)C1=O,0
ZINC03337749,DUD_inha_D_1750,C[C@]1(c2ccc3ccccc3c2)NC(=O)N(CCOc2ccc(F)cc2)C1=O,0
ZINC03338223,DUD_inha_D_1751,C[C@H](OC(=O)c1cccs1)C(=O)Nc1nc(-c2ccccc2)cs1,0
ZINC03338787,DUD_inha_D_1752,O=C(CSc1nnc(-c2ccccc2F)n1C1CC1)Nc1ccc(F)cc1,0
ZINC03340835,DUD_inha_D_1753,Cc1cc(C(=O)N2CC(=O)Nc3ccccc32)c(C)n1-c1ccc(F)cc1,0
ZINC03341824,DUD_inha_D_1754,CC(=O)c1ccc(-c2ccc(C(=O)N[C@H]3CCCc4ccccc43)o2)cc1,0
ZINC03344550,DUD_inha_D_1755,C[C@@H](C(=O)c1ccc(Br)cc1)N1C(=O)N[C@@](C)(c2ccccc2)C1=O,0
ZINC03344553,DUD_inha_D_1756,C[C@H](C(=O)c1ccc(Br)cc1)N1C(=O)N[C@@](C)(c2ccccc2)C1=O,0
ZINC03346964,DUD_inha_D_1757,O=C(COC(=O)c1c2c(nc3ccccc13)CCC2)Nc1ccc(Cl)cc1,0
ZINC03347217,DUD_inha_D_1758,CSc1ncccc1C(=O)Nc1nc(-c2c[nH]c3ccccc23)cs1,0
ZINC03347349,DUD_inha_D_1759,CSc1ncccc1C(=O)OCC(=O)Nc1cccc2ccccc12,0
ZINC03347966,DUD_inha_D_1760,Cc1nn(-c2ccccc2)c(C)c1NC(=O)CSc1ncnc2sccc12,0
ZINC03348335,DUD_inha_D_1761,CCOC(=O)CSc1nnc(-c2c[nH]c3ccccc23)n1-c1ccccc1,0
ZINC03349987,DUD_inha_D_1762,O=C(/C=C/c1cccc(Br)c1)N1CCN(c2ccccc2O)CC1,0
ZINC03350252,DUD_inha_D_1763,Cc1cc(-c2csc(NC(=O)c3ccc4nccnc4c3)n2)c(C)n1C,0
ZINC03351248,DUD_inha_D_1764,Cc1cnc(NC(=O)c2cc(-c3ccccc3)nn2-c2ccccc2)s1,0
ZINC03351941,DUD_inha_D_1765,O=C(OCCOc1cccc(Br)c1)C1=CCC(=O)N(c2ccccc2)N1,0
ZINC03352292,DUD_inha_D_1766,N#Cc1ccccc1Sc1ccccc1C(=O)Nc1ccc2c(c1)OCCO2,0
ZINC03356527,DUD_inha_D_1767,CC(C)(C)c1cc(NC(=O)c2cncc(Br)c2)n(-c2ccccc2)n1,0
ZINC03356675,DUD_inha_D_1768,O=C(COc1ncnc2sc(-c3ccccc3)cc12)Nc1ccc2c(c1)OCO2,0
ZINC03357307,DUD_inha_D_1769,Cc1cccc(C(=O)Nc2ccccc2C(=O)Nc2nc(C)cs2)c1,0
ZINC03359426,DUD_inha_D_1770,O=C1N[C@H](Cc2ccccc2)C(=O)N1Cc1csc(-c2ccccc2)n1,0
ZINC03359428,DUD_inha_D_1771,O=C1N[C@@H](Cc2ccccc2)C(=O)N1Cc1csc(-c2ccccc2)n1,0
ZINC03359595,DUD_inha_D_1772,Cc1ccc2nc(NC(=O)c3nc(-c4ccccc4)oc3C)sc2c1,0
ZINC03364823,DUD_inha_D_1773,Cc1cc(C(=O)CSc2nc3ccccc3c(=O)[nH]2)c(C)n1-c1ccccc1F,0
ZINC03364823,DUD_inha_D_1774,Cc1cc(C(=O)CSc2nc(=O)c3ccccc3[nH]2)c(C)n1-c1ccccc1F,0
ZINC03364823,DUD_inha_D_1775,Cc1cc(C(=O)CSc2nc(O)c3ccccc3n2)c(C)n1-c1ccccc1F,0
ZINC03366580,DUD_inha_D_1776,O=C1N[C@]2(CCOc3ccccc32)C(=O)N1Cc1csc(-c2ccccc2)n1,0
ZINC03366583,DUD_inha_D_1777,O=C1N[C@]2(CCOc3ccccc32)C(=O)N1Cc1csc(-c2ccccc2)n1,0
ZINC03366632,DUD_inha_D_1778,Cc1cc(C(=O)OCC(=O)Nc2ccc(Cl)cc2C)c2ccccc2n1,0
ZINC03366714,DUD_inha_D_1779,Cc1cc(C(=O)O[C@H](C)C(=O)Nc2ccccc2F)c2ccccc2n1,0
ZINC03366717,DUD_inha_D_1780,Cc1cc(C(=O)O[C@H](C)C(=O)Nc2ccccc2F)c2ccccc2n1,0
ZINC03366786,DUD_inha_D_1781,Cc1cc(C(=O)O[C@@H](C)C(=O)Nc2ccc(Cl)cc2)c2ccccc2n1,0
ZINC03366788,DUD_inha_D_1782,Cc1cc(C(=O)O[C@@H](C)C(=O)Nc2ccc(Cl)cc2)c2ccccc2n1,0
ZINC03366797,DUD_inha_D_1783,Cc1cc(C(=O)O[C@@H](C)C(=O)Nc2ccc(Cl)cn2)c2ccccc2n1,0
ZINC03366878,DUD_inha_D_1784,Cc1cc(C(=O)OCC(=O)Nc2ccc(F)cc2)c2ccccc2n1,0
ZINC03366905,DUD_inha_D_1785,CSc1ccccc1NC(=O)COC(=O)c1cc(C)nc2ccccc12,0
ZINC03370469,DUD_inha_D_1786,Cc1ccccc1-c1nnc(SCC(=O)NC(=O)Cc2ccccc2)n1C,0
ZINC03372506,DUD_inha_D_1787,O=C(COc1nc2ccccc2nc1N1CCOCC1)Nc1ccc(F)cc1,0
ZINC03372928,DUD_inha_D_1788,Cc1ccc(NC(=O)CSc2nnc(-c3ccc(F)cc3)n2C)cc1,0
ZINC03376965,DUD_inha_D_1789,Cc1nn(-c2ccccc2)c(Cl)c1C(=O)NCc1ccc2c(c1)OCO2,0
ZINC03384035,DUD_inha_D_1790,CCn1c2ccccc2c2nnc(SCC(=O)Nc3ccccc3)nc21,0
ZINC03389077,DUD_inha_D_1791,O=C(COC(=O)c1ccc2ccccc2c1)Nc1ccc2c(c1)OCCO2,0
ZINC03389092,DUD_inha_D_1792,Cc1ccc(F)cc1NC(=O)COC(=O)c1ccc2ccccc2c1,0
ZINC03389094,DUD_inha_D_1793,Cc1ccc(NC(=O)COC(=O)c2ccc3ccccc3c2)cc1F,0
ZINC03389279,DUD_inha_D_1794,C[C@H](OC(=O)c1ccc2ccccc2c1)C(=O)Nc1ccc2c(c1)OCCO2,0
ZINC03389360,DUD_inha_D_1795,C[C@H](OC(=O)c1ccc2ccccc2c1)C(=O)Nc1ccc(Cl)cn1,0
ZINC03389363,DUD_inha_D_1796,C[C@@H](OC(=O)c1ccc2ccccc2c1)C(=O)Nc1ccc(Cl)cn1,0
ZINC03389538,DUD_inha_D_1797,COc1ccc(Cl)cc1NC(=O)COC(=O)c1ccc2ccccc2c1,0
ZINC03393033,DUD_inha_D_1798,COc1cc2c(cc1NC(=O)COC(=O)c1ccccc1F)oc1ccccc12,0
ZINC03393164,DUD_inha_D_1799,C[C@H](OC(=O)c1ccccc1F)C(=O)Nc1nc(-c2ccccc2)cs1,0
ZINC03393166,DUD_inha_D_1800,C[C@@H](OC(=O)c1ccccc1F)C(=O)Nc1nc(-c2ccccc2)cs1,0
ZINC03395141,DUD_inha_D_1801,Cc1ccc(NC(=O)[C@@H](Sc2nncn2C)c2ccccc2)cc1Cl,0
ZINC03397527,DUD_inha_D_1802,O=c1[nH]c(CN2CCCc3ccccc32)nc2scc(-c3ccccc3)c12,0
ZINC03398357,DUD_inha_D_1803,Cc1ccc(-c2csc(NC(=O)COC(=O)c3ccccc3)n2)cc1,0
ZINC03398454,DUD_inha_D_1804,C[C@H](OC(=O)c1ccccc1)C(=O)Nc1nc(-c2ccccc2)cs1,0
ZINC03399496,DUD_inha_D_1805,C[C@H](Sc1nc(-c2ccccc2)cs1)C(=O)Nc1ccc2c(c1)OCO2,0
ZINC03399571,DUD_inha_D_1806,c1cc(Nc2ncnc3sccc23)cc(-c2nnc3n2CCCCC3)c1,0
ZINC03400390,DUD_inha_D_1807,Cc1cccc(-c2nnc(S[C@@H](C)C(=O)Nc3ccccc3F)n2C)c1,0
ZINC03401446,DUD_inha_D_1808,O=C1N[C@@H](CCc2ccccc2)C(=O)N1Cc1nc2ccccc2s1,0
ZINC03404855,DUD_inha_D_1809,COc1cc2c(cc1NC(=O)COC(=O)c1cccc(F)c1)oc1ccccc12,0
ZINC03409543,DUD_inha_D_1810,COc1ccc2cc([C@@]3(C)NC(=O)N(Cc4ccc(F)cc4)C3=O)ccc2c1,0
ZINC03409545,DUD_inha_D_1811,COc1ccc2cc([C@]3(C)NC(=O)N(Cc4ccc(F)cc4)C3=O)ccc2c1,0
ZINC03409663,DUD_inha_D_1812,Cc1ccc(F)cc1NC(=O)CSc1nnc(C)n1-c1ccccc1,0
ZINC03409665,DUD_inha_D_1813,Cc1ccc(NC(=O)CSc2nnc(C)n2-c2ccccc2)cc1F,0
ZINC03409766,DUD_inha_D_1814,Cc1nnc(S[C@@H](C)C(=O)Nc2ccccc2F)n1-c1ccccc1,0
ZINC03409768,DUD_inha_D_1815,Cc1nnc(S[C@@H](C)C(=O)Nc2ccccc2F)n1-c1ccccc1,0
ZINC03409805,DUD_inha_D_1816,Cc1nnc(S[C@H](C)C(=O)Nc2ccccc2)n1-c1ccccc1,0
ZINC03409834,DUD_inha_D_1817,Cc1nnc(S[C@H](C)C(=O)Nc2ccc(Cl)cc2)n1-c1ccccc1,0
ZINC03409837,DUD_inha_D_1818,Cc1nnc(S[C@H](C)C(=O)Nc2ccc(Cl)cc2)n1-c1ccccc1,0
ZINC03409893,DUD_inha_D_1819,Cc1ccccc1NC(=O)CSc1nnc(C)n1-c1ccccc1,0
ZINC03410269,DUD_inha_D_1820,Cc1ccccc1NC(=O)CSc1nnc(-c2ccccc2F)n1C,0
ZINC03411944,DUD_inha_D_1821,COc1ccc(Br)c(C(=O)OCC(=O)Nc2cccc3ccccc23)c1,0
ZINC03412012,DUD_inha_D_1822,COc1ccc(Br)c(C(=O)OCC(=O)Nc2ccc3ccccc3c2)c1,0
ZINC03416218,DUD_inha_D_1823,Cc1ccccc1NC(=O)CSc1nnc(-c2ccc(F)cc2)n1C,0
ZINC03416342,DUD_inha_D_1824,O=C(Nc1ccc(-c2ccccc2)cc1)[C@H]1CCCN1C(=O)c1cccs1,0
ZINC03418144,DUD_inha_D_1825,C[C@H](C(=O)c1cccc(Cl)c1)N1C(=O)N[C@]2(CCCc3ccccc32)C1=O,0
ZINC03418146,DUD_inha_D_1826,C[C@@H](C(=O)c1cccc(Cl)c1)N1C(=O)N[C@]2(CCCc3ccccc32)C1=O,0
ZINC03418149,DUD_inha_D_1827,C[C@H](C(=O)c1cccc(Cl)c1)N1C(=O)N[C@@]2(CCCc3ccccc32)C1=O,0
ZINC03418151,DUD_inha_D_1828,C[C@@H](C(=O)c1cccc(Cl)c1)N1C(=O)N[C@@]2(CCCc3ccccc32)C1=O,0
ZINC03419990,DUD_inha_D_1829,Cc1nc(NC(=O)c2cc3ccccc3o2)sc1Cc1ccc2c(c1)OCO2,0
ZINC03424286,DUD_inha_D_1830,Cc1ccccc1-n1c(C)nnc1SCC(=O)Nc1cccc(F)c1,0
ZINC03424518,DUD_inha_D_1831,Cc1ccccc1-n1c(C)nnc1S[C@@H](C)C(=O)Nc1ccccc1F,0
ZINC03424521,DUD_inha_D_1832,Cc1ccccc1-n1c(C)nnc1S[C@@H](C)C(=O)Nc1ccccc1F,0
ZINC03424707,DUD_inha_D_1833,Cc1ccccc1-n1c(C)nnc1SCC(=O)Nc1ccccc1Cl,0
ZINC03424768,DUD_inha_D_1834,Cc1ccccc1-n1c(C)nnc1SCC(=O)Nc1ccc(F)cc1,0
ZINC03424828,DUD_inha_D_1835,Cc1ccccc1-n1c(C)nnc1SCC(=O)Nc1ccccc1F,0
ZINC03424849,DUD_inha_D_1836,Cc1ccccc1-n1c(C)nnc1SCC(=O)Nc1ccccc1Br,0
ZINC03430355,DUD_inha_D_1837,Cc1sc2nc(-c3cccnc3)nc(SCCO)c2c1-c1ccccc1,0
ZINC03431317,DUD_inha_D_1838,CC1(C)C(=O)Nc2ccccc2N1C(=O)CSc1nc(-c2ccccc2)cs1,0
ZINC03432920,DUD_inha_D_1839,COc1ccc2oc(C(=O)Nc3nc(-c4cccs4)cs3)c(C)c2c1,0
ZINC03433241,DUD_inha_D_1840,Cc1cc(NC(=O)c2ccc(=O)n(Cc3ccccc3)n2)ccc1Br,0
ZINC03437336,DUD_inha_D_1841,CC(=O)c1ccc(-c2ccc(C(=O)Nc3cc(F)ccc3C)o2)cc1,0
ZINC03438330,DUD_inha_D_1842,Cc1ccc(NC(=O)COC(=O)c2cccc3ccccc23)cc1F,0
ZINC03444448,DUD_inha_D_1843,Cc1ccccc1NC(=O)[C@@H](C)Sc1nnc2sc3ccccc3n12,0
ZINC03444451,DUD_inha_D_1844,Cc1ccccc1NC(=O)[C@@H](C)Sc1nnc2sc3ccccc3n12,0
ZINC03452619,DUD_inha_D_1845,Cc1ccc(NC(=O)CSc2nncn2-c2ccccc2)cc1F,0
ZINC03452649,DUD_inha_D_1846,Cc1ccc(NC(=O)[C@@H](C)Sc2nncn2-c2ccccc2)cc1,0
ZINC03452651,DUD_inha_D_1847,Cc1ccc(NC(=O)[C@@H](C)Sc2nncn2-c2ccccc2)cc1,0
ZINC03452875,DUD_inha_D_1848,Cc1ccccc1NC(=O)[C@H](C)Sc1nncn1-c1ccccc1,0
ZINC03452924,DUD_inha_D_1849,Cc1c(Cl)cccc1NC(=O)CSc1nncn1-c1ccccc1,0
ZINC03452927,DUD_inha_D_1850,Cc1ccc(NC(=O)CSc2nncn2-c2ccccc2)cc1C,0
ZINC03452949,DUD_inha_D_1851,Cc1cc(NC(=O)CSc2nncn2-c2ccccc2)ccc1Br,0
ZINC03452987,DUD_inha_D_1852,Cc1ccc(NC(=O)CSc2nncn2-c2ccccc2)c(Cl)c1,0
ZINC03453002,DUD_inha_D_1853,Cc1ccc(NC(=O)CSc2nncn2-c2ccccc2)c(C)c1,0
ZINC03453399,DUD_inha_D_1854,Cc1ccc(F)cc1NC(=O)COC(=O)C1c2ccccc2Oc2ccccc21,0
ZINC03455868,DUD_inha_D_1855,O=C(Nc1nc(-c2ccc(-c3ccccc3)cc2)cs1)[C@H]1CCCO1,0
ZINC03466203,DUD_inha_D_1856,CCn1c(S[C@H](C)C(=O)Nc2ccccc2)nnc1-c1cccs1,0
ZINC03466207,DUD_inha_D_1857,CCn1c(S[C@H](C)C(=O)Nc2ccccc2)nnc1-c1cccs1,0
ZINC03467318,DUD_inha_D_1858,Cc1cc(C)n2nc(SCC(=O)Nc3ccc4ccccc4c3)nc2n1,0
ZINC03467749,DUD_inha_D_1859,COc1cc2ccccc2cc1C(=O)OCC(=O)Nc1cccc(F)c1,0
ZINC03467752,DUD_inha_D_1860,COc1cc2ccccc2cc1C(=O)OCC(=O)Nc1ccc(Cl)cn1,0
ZINC03472498,DUD_inha_D_1861,COc1cc(OC)c2c(c1)O[C@@](O)(c1ccccc1)[C@H](c1ccccc1)C2=O,0
ZINC03475656,DUD_inha_D_1862,CCc1nc2ccccc2c(C(=O)OCC(=O)Nc2ccc(F)cc2)c1C,0
ZINC03475682,DUD_inha_D_1863,CCc1nc2ccccc2c(C(=O)OCC(=O)Nc2ccccc2F)c1C,0
ZINC03477329,DUD_inha_D_1864,COc1ccc(-c2nc(NC(=O)c3ccc4nccnc4c3)sc2C)cc1,0
ZINC03478956,DUD_inha_D_1865,CC(C)(C)c1ccccc1NC(=O)COC(=O)c1ccc2ncsc2c1,0
ZINC03480811,DUD_inha_D_1866,COc1ccc2c(CC(=O)Nc3nc(-c4ccccc4)cs3)coc2c1,0
ZINC03482111,DUD_inha_D_1867,O=C(COC(=O)c1c2c(nc3ccccc13)CCC2)Nc1cccc(F)c1,0
ZINC03482287,DUD_inha_D_1868,O=C(COC(=O)c1c2c(nc3ccccc13)CCC2)Nc1ccccc1Cl,0
ZINC03482312,DUD_inha_D_1869,O=C(COC(=O)c1c2c(nc3ccccc13)CCC2)Nc1c(F)cccc1F,0
ZINC03482322,DUD_inha_D_1870,O=C(COC(=O)c1c2c(nc3ccccc13)CCC2)Nc1ccc(F)cc1,0
ZINC03482324,DUD_inha_D_1871,O=C(COC(=O)c1c2c(nc3ccccc13)CCC2)Nc1cccc(Cl)c1,0
ZINC03482372,DUD_inha_D_1872,O=C(COC(=O)c1c2c(nc3ccccc13)CCC2)Nc1ccccc1Br,0
ZINC03487202,DUD_inha_D_1873,Cc1ccccc1C(=O)O[C@H](C)C(=O)Nc1nc(-c2ccccc2)cs1,0
ZINC03487204,DUD_inha_D_1874,Cc1ccccc1C(=O)O[C@@H](C)C(=O)Nc1nc(-c2ccccc2)cs1,0
ZINC03495554,DUD_inha_D_1875,Cc1ccc(NC(=O)[C@@H](C)Sc2nnc3sc4ccccc4n23)cc1,0
ZINC03495860,DUD_inha_D_1876,Cc1ccc(F)cc1NC(=O)CSc1nnc2cc(C)c3ccccc3n12,0
ZINC03495970,DUD_inha_D_1877,Cc1cc2nnc(S[C@H](C)C(=O)Nc3ccccc3F)n2c2ccccc12,0
ZINC03497229,DUD_inha_D_1878,Cc1cccc(NC(=O)CSc2nnc(-c3ccccc3)o2)c1C,0
ZINC03497632,DUD_inha_D_1879,C[C@@H](OC(=O)[C@H]1COc2ccccc2O1)C(=O)Nc1ccc(Cl)cc1,0
ZINC03497634,DUD_inha_D_1880,C[C@@H](OC(=O)[C@@H]1COc2ccccc2O1)C(=O)Nc1ccc(Cl)cc1,0
ZINC03497636,DUD_inha_D_1881,C[C@H](OC(=O)[C@@H]1COc2ccccc2O1)C(=O)Nc1ccc(Cl)cc1,0
ZINC03497685,DUD_inha_D_1882,Cc1c(Cl)cccc1NC(=O)COC(=O)[C@@H]1COc2ccccc2O1,0
ZINC03497686,DUD_inha_D_1883,Cc1c(Cl)cccc1NC(=O)COC(=O)[C@H]1COc2ccccc2O1,0
ZINC03497742,DUD_inha_D_1884,Cc1cc(NC(=O)COC(=O)[C@@H]2COc3ccccc3O2)ccc1Br,0
ZINC03497744,DUD_inha_D_1885,Cc1cc(NC(=O)COC(=O)[C@@H]2COc3ccccc3O2)ccc1Br,0
ZINC03506089,DUD_inha_D_1886,Cc1ccc(F)cc1NC(=O)CSc1nnc(-c2ccccc2)n1C,0
ZINC03506138,DUD_inha_D_1887,C[C@H](Sc1nnc(-c2ccccc2)n1C)C(=O)Nc1ccccc1F,0
ZINC03506140,DUD_inha_D_1888,C[C@H](Sc1nnc(-c2ccccc2)n1C)C(=O)Nc1ccccc1F,0
ZINC03509904,DUD_inha_D_1889,O=C(COC(=O)c1c2c(nc3ccccc13)CCCC2)Nc1cccc(F)c1,0
ZINC03509952,DUD_inha_D_1890,C[C@H](OC(=O)c1c2c(nc3ccccc13)CCCC2)C(=O)Nc1ccccc1F,0
ZINC03509954,DUD_inha_D_1891,C[C@H](OC(=O)c1c2c(nc3ccccc13)CCCC2)C(=O)Nc1ccccc1F,0
ZINC03510009,DUD_inha_D_1892,O=C(COC(=O)c1c2c(nc3ccccc13)CCCC2)Nc1ccccc1F,0
ZINC03510069,DUD_inha_D_1893,COc1cc2c(cc1NC(=O)COC(=O)c1ccc(F)cc1)oc1ccccc12,0
ZINC03513594,DUD_inha_D_1894,C[C@@H](OC(=O)c1ccc2ccccc2n1)C(=O)Nc1cccc(Cl)c1,0
ZINC03513595,DUD_inha_D_1895,C[C@H](OC(=O)c1ccc2ccccc2n1)C(=O)Nc1cccc(Cl)c1,0
ZINC03513605,DUD_inha_D_1896,Cc1cc(Cl)ccc1NC(=O)COC(=O)c1ccc2ccccc2n1,0
ZINC03513607,DUD_inha_D_1897,Cc1ccc(F)cc1NC(=O)COC(=O)c1ccc2ccccc2n1,0
ZINC03513609,DUD_inha_D_1898,Cc1ccc(NC(=O)COC(=O)c2ccc3ccccc3n2)cc1F,0
ZINC03513673,DUD_inha_D_1899,COc1ccc(Cl)cc1NC(=O)[C@H](C)OC(=O)c1ccc2ccccc2n1,0
ZINC03513717,DUD_inha_D_1900,C[C@H](OC(=O)c1ccc2ccccc2n1)C(=O)Nc1ccc(Cl)cc1,0
ZINC03513718,DUD_inha_D_1901,C[C@H](OC(=O)c1ccc2ccccc2n1)C(=O)Nc1ccc(Cl)cc1,0
ZINC03513744,DUD_inha_D_1902,Cc1c(Cl)cccc1NC(=O)COC(=O)c1ccc2ccccc2n1,0
ZINC03513753,DUD_inha_D_1903,Cc1ccc(Cl)cc1NC(=O)COC(=O)c1ccc2ccccc2n1,0
ZINC03516692,DUD_inha_D_1904,COc1ccc(CN2C(=O)N[C@@](C)(c3cccc4ccccc34)C2=O)cc1F,0
ZINC03516693,DUD_inha_D_1905,COc1ccc(CN2C(=O)N[C@](C)(c3cccc4ccccc34)C2=O)cc1F,0
ZINC03517228,DUD_inha_D_1906,C[C@@H]1Cc2ccccc2N1C(=O)CSc1nnc2[nH]c3ccccc3n12,0
ZINC03517229,DUD_inha_D_1907,C[C@H]1Cc2ccccc2N1C(=O)CSc1nnc2[nH]c3ccccc3n12,0
ZINC03517253,DUD_inha_D_1908,Cc1c(C(=O)OCC(=O)Nc2ccccc2Br)oc2ccccc12,0
ZINC03518709,DUD_inha_D_1909,Cc1ccc(NC(=O)c2ccc(=O)n(Cc3ccccc3)n2)cc1Cl,0
ZINC03518751,DUD_inha_D_1910,COc1ccc(NC(=O)c2ccc(=O)n(Cc3ccccc3)n2)cc1Cl,0
ZINC03518793,DUD_inha_D_1911,Cc1nn(Cc2ccc(F)cc2)c2sc(C(=O)Nc3ccc4c(c3)OCO4)cc12,0
ZINC03519341,DUD_inha_D_1912,Cc1ccc(F)cc1NC(=O)CN1C(=O)N[C@@](C)(c2cccc3ccccc23)C1=O,0
ZINC03519400,DUD_inha_D_1913,Cc1ccc(F)cc1NC(=O)CSc1ncnc2c1cnn2-c1ccccc1,0
ZINC03520146,DUD_inha_D_1914,O=C(CSc1nnc(C2CC2)n1-c1ccccc1)Nc1ccccc1,0
ZINC03522950,DUD_inha_D_1915,C[C@@H](Sc1nnc(-c2ccc(F)cc2)n1C)C(=O)Nc1ccccc1,0
ZINC03522951,DUD_inha_D_1916,C[C@H](Sc1nnc(-c2ccc(F)cc2)n1C)C(=O)Nc1ccccc1,0
ZINC03530962,DUD_inha_D_1917,Cc1cnc(C(=O)O[C@H](C(=O)Nc2ccc(F)cc2)c2ccccc2)cn1,0
ZINC03531049,DUD_inha_D_1918,O=C(O[C@@H](C(=O)Nc1ccc(F)cc1)c1ccccc1)c1ccc2c(c1)OCCO2,0
ZINC03531752,DUD_inha_D_1919,Cn1cccc1C(=O)NC(=O)CSc1nnc(-c2ccccc2)n1C,0
ZINC03533935,DUD_inha_D_1920,O=C(CN1C(=O)[C@@H]2CC=CC[C@H]2C1=O)Nc1ccccc1Sc1ccccc1,0
ZINC03537285,DUD_inha_D_1921,Cc1c(C(=O)OCC(=O)Nc2ccccc2Cl)oc2ccccc12,0
ZINC03543191,DUD_inha_D_1922,Cc1ccc(NC(=O)CSc2nncn2-c2ccccc2)cc1Cl,0
ZINC03544898,DUD_inha_D_1923,C[C@H](Sc1nnc2[nH]c3ccccc3n12)C(=O)N1CCc2ccccc21,0
ZINC03545413,DUD_inha_D_1924,Cc1nn(-c2ccccc2)c(C)c1NC(=O)COC(=O)c1cccs1,0
ZINC03545575,DUD_inha_D_1925,Cc1nn(-c2ccccc2)c(C)c1NC(=O)CSc1nnc2ccccn12,0
ZINC03545826,DUD_inha_D_1926,O=C(CSc1nncn1-c1ccccc1)Nc1ccc2c(c1)CCC2,0
ZINC03547603,DUD_inha_D_1927,Cc1cc(Br)ccc1NC(=O)CNC(=O)c1cc2ccccc2o1,0
ZINC03549108,DUD_inha_D_1928,O=C(Nc1cccc2ccccc12)c1ccc(Cl)c(S(=O)(=O)N2CCCCC2)c1,0
ZINC03549215,DUD_inha_D_1929,CCOc1ccccc1N1C[C@H](C(=O)Nc2ccc(Cl)cc2)CC1=O,0
ZINC03550516,DUD_inha_D_1930,CCN(C(=O)CSc1nnc(-c2ccccc2)[nH]1)c1ccccc1,0
ZINC03555555,DUD_inha_D_1931,CCCc1ccc(-c2csc(NC(=O)c3ccncc3)n2)cc1,0
ZINC03559292,DUD_inha_D_1932,COc1ccc(OC)c(-c2csc(NC(=O)c3cc4ccccc4o3)n2)c1,0
ZINC03559698,DUD_inha_D_1933,CC(C)n1nc(C(=O)Nc2nc3ccccc3s2)c2ccccc2c1=O,0
ZINC03560803,DUD_inha_D_1934,Cc1cnc(NC(=O)c2nn(Cc3ccccc3)c(=O)c3ccccc23)s1,0
ZINC03561872,DUD_inha_D_1935,O=C(Nc1cccc2ccccc12)c1ccc(Cl)c(S(=O)(=O)N2CCCC2)c1,0
ZINC03561894,DUD_inha_D_1936,COc1ccc(-c2cc(C(=O)Nc3nccs3)c3ccccc3n2)cc1,0
ZINC03561952,DUD_inha_D_1937,Cc1csc(NC(=O)c2nn(Cc3ccccc3)c(=O)c3ccccc23)n1,0
ZINC03564209,DUD_inha_D_1938,Cc1noc(C)c1C(=O)O[C@@H](C(=O)Nc1ccc(F)cc1)c1ccccc1,0
ZINC03566579,DUD_inha_D_1939,CC(=O)Nc1cccc(Oc2cnn(-c3ccccc3)c(=O)c2Cl)c1,0
ZINC03571165,DUD_inha_D_1940,COc1cc2ccccc2cc1C(=O)OCC(=O)Nc1cccnc1Cl,0
ZINC03578168,DUD_inha_D_1941,Cc1ccc(-c2csc3ncnc(OCC(=O)Nc4ccc5c(c4)OCO5)c23)cc1,0
ZINC03582272,DUD_inha_D_1942,COc1ccc(-c2cnnn2-c2ccc(NC(=O)c3ccccc3F)cc2)cc1,0
ZINC03582289,DUD_inha_D_1943,COc1ccc(-c2cnnn2-c2ccc(NC(=O)c3c(F)cccc3F)cc2)cc1,0
ZINC03582748,DUD_inha_D_1944,CN(Cc1nc2scc(-c3ccccc3)c2c(=O)[nH]1)c1ccccc1,0
ZINC03593611,DUD_inha_D_1945,CC(C)N(C(=O)CN1C(=O)N[C@@](C)(c2ccccc2Cl)C1=O)c1ccccc1,0
ZINC03593613,DUD_inha_D_1946,CN(C(=O)CN1C(=O)N[C@@](C)(c2ccccc2Cl)C1=O)c1ccccc1,0
ZINC03593614,DUD_inha_D_1947,CN(C(=O)CN1C(=O)N[C@](C)(c2ccccc2Cl)C1=O)c1ccccc1,0
ZINC03599923,DUD_inha_D_1948,Cc1sc2ncnc(OCC(=O)Nc3cccc4ccccc34)c2c1C,0
ZINC03600826,DUD_inha_D_1949,O=C(CN1C(=O)N[C@]2(CCCc3ccccc32)C1=O)c1ccc(Br)cc1,0
ZINC03602632,DUD_inha_D_1950,O=C(CSc1nnc(-c2ccccc2)o1)Nc1ccc2c(c1)CCC2,0
ZINC03604546,DUD_inha_D_1951,Cc1cccc(NC(=O)COc2ncnc3scc(-c4ccccc4)c23)c1,0
ZINC03604555,DUD_inha_D_1952,Cc1ccc(NC(=O)COc2ncnc3scc(-c4ccccc4)c23)cc1,0
ZINC03604565,DUD_inha_D_1953,O=C(COc1ncnc2scc(-c3ccccc3)c12)Nc1ccc2c(c1)OCO2,0
ZINC03604574,DUD_inha_D_1954,COc1ccccc1NC(=O)COc1ncnc2scc(-c3ccccc3)c12,0
ZINC03606020,DUD_inha_D_1955,C[C@@H](C(=O)N1CCc2ccccc21)N1C(=O)N[C@@](C)(c2ccccc2Cl)C1=O,0
ZINC03606022,DUD_inha_D_1956,C[C@@H](C(=O)N1CCc2ccccc21)N1C(=O)N[C@](C)(c2ccccc2Cl)C1=O,0
ZINC03606024,DUD_inha_D_1957,C[C@H](C(=O)N1CCc2ccccc21)N1C(=O)N[C@](C)(c2ccccc2Cl)C1=O,0
ZINC03606026,DUD_inha_D_1958,C[C@H](C(=O)N1CCc2ccccc21)N1C(=O)N[C@@](C)(c2ccccc2Cl)C1=O,0
ZINC03610559,DUD_inha_D_1959,C[C@]1(c2cccc3ccccc23)NC(=O)N(CC(=O)c2ccc(F)cc2)C1=O,0
ZINC03610561,DUD_inha_D_1960,C[C@@]1(c2cccc3ccccc23)NC(=O)N(CC(=O)c2ccc(F)cc2)C1=O,0
ZINC03616024,DUD_inha_D_1961,COC(=O)C1=NN(c2ccc(OC)cc2)[C@]2(Nc3ccccc3S2)S1,0
ZINC03616027,DUD_inha_D_1962,COC(=O)C1=NN(c2ccc(OC)cc2)[C@@]2(Nc3ccccc3S2)S1,0
ZINC03619457,DUD_inha_D_1963,Cc1ccc(NC(=O)COC(=O)c2ccc3ccccc3n2)cc1Cl,0
ZINC03621608,DUD_inha_D_1964,COc1cc2ccccc2cc1C(=O)OCC(=O)Nc1ccc(F)cc1,0
ZINC03621637,DUD_inha_D_1965,COc1cc2ccccc2cc1C(=O)OCC(=O)Nc1ccccc1F,0
ZINC03621759,DUD_inha_D_1966,COc1ccc(NC(=O)COC(=O)c2cccc3ccccc23)cc1Cl,0
ZINC03622691,DUD_inha_D_1967,O=C(Nc1ccc(-c2nnc3n2CCCCC3)cc1)c1ccccc1Cl,0
ZINC03625374,DUD_inha_D_1968,Cc1ccc(OCC(=O)Nc2ccc(F)cc2)c(-n2nc3ccccc3n2)c1,0
ZINC03635745,DUD_inha_D_1969,Cn1c(=O)c(Nc2ccc(Cl)cc2)c2c3c(cccc31)C(=O)c1ccccc1-2,0
ZINC03638359,DUD_inha_D_1970,Cc1ccccc1CN1C(=O)CSc2ccc(C(=O)NCc3ccco3)cc21,0
ZINC03651768,DUD_inha_D_1971,COc1ccc2cc(C(=O)Nc3cccc4ccccc34)sc(=O)c2c1OC,0
ZINC03657646,DUD_inha_D_1972,COc1ccc([C@H]2[C@H](C(=O)Nc3cccc(Cl)c3)c3ccccc3C(=O)N2C)cc1,0
ZINC03657694,DUD_inha_D_1973,COc1ccc([C@@H]2[C@@H](C(=O)Nc3ccccc3F)c3ccccc3C(=O)N2C)cc1,0
ZINC03657695,DUD_inha_D_1974,COc1ccc([C@@H]2[C@@H](C(=O)Nc3ccccc3F)c3ccccc3C(=O)N2C)cc1,0
ZINC03672617,DUD_inha_D_1975,Cc1ccc(NC(=O)CSc2nnc3c4ccccc4n(C)c3n2)cc1,0
ZINC03683915,DUD_inha_D_1976,C=C1CC(=O)N(c2nc(-c3ccccc3)cc(-c3ccc(C)cc3)n2)N1,0
ZINC03802693,DUD_inha_D_1977,O=C1C[C@@H](O)C[C@@H](CCn2c(-c3ccc(F)cc3)nc3ccccc32)O1,0
ZINC03802693,DUD_inha_D_1978,O=C1C[C@H](O)C[C@H](CCn2c(-c3ccc(F)cc3)[nH+]c3ccccc32)O1,0
ZINC03816039,DUD_inha_D_1979,COc1cccc(-c2ccc(OC)n3nc(NC(=O)c4ccc(F)cc4)nc23)c1,0
ZINC03816042,DUD_inha_D_1980,COc1cccc(-c2ccc(OC)n3nc(NC(=O)c4cccs4)nc23)c1,0
ZINC03817896,DUD_inha_D_1981,OC1CCC(Nc2ncc3cc(-c4ccccc4Cl)c4nccn4c3n2)CC1,0
ZINC03817896,DUD_inha_D_1982,OC1CCC(Nc2ncc3cc(-c4ccccc4Cl)c4[nH+]ccn4c3n2)CC1,0
ZINC03818696,DUD_inha_D_1983,CN(O)C(=O)c1cc2c3ccccc3n(Cc3ccc(F)cc3)c2cn1,0
ZINC03821151,DUD_inha_D_1984,CC(C)(O)c1cc(F)n2c(-c3cccc(-n4ccccc4=O)c3)cnc2c1F,0
ZINC03821151,DUD_inha_D_1985,CC(C)(O)c1cc(F)n2c(-c3cccc(-n4ccccc4=O)c3)c[nH+]c2c1F,0
ZINC03839458,DUD_inha_D_1986,O=C1Nc2ccc(-c3ccsc3)cc2C(=O)N2C[C@@H](SCc3ccco3)C[C@@H]12,0
ZINC03844459,DUD_inha_D_1987,CCn1s/c(=N/C(=O)NCc2ccccc2)n(-c2ccccc2)c1=S,0
ZINC03848478,DUD_inha_D_1988,CC1=NN(c2ccc(F)cc2)C(=O)/C1=C\Nc1ccc2[nH]c(C)nc2c1,0
ZINC03848478,DUD_inha_D_1989,CC1=NN(c2ccc(F)cc2)C(=O)/C1=C/Nc1ccc2[nH+]c(C)[nH]c2c1,0
ZINC03848547,DUD_inha_D_1990,CCc1cccc2c(/C=c3\sc4[nH+]c5ccccc5n4c3=O)c[nH]c12,0
ZINC03849127,DUD_inha_D_1991,CCOC(=O)c1nn(-c2ccccc2)c(=N)c(-c2nc3ccccc3s2)c1C,0
ZINC03849202,DUD_inha_D_1992,COc1ccc(-n2nc(C(=O)c3cccc4ccccc34)sc2=N)cc1,0
ZINC03849458,DUD_inha_D_1993,Clc1ccc(-n2ncc3c(NCCCn4ccnc4)ncnc32)cc1,0
ZINC03849458,DUD_inha_D_1994,Clc1ccc(-n2ncc3c(NCCCn4cc[nH+]c4)ncnc32)cc1,0
ZINC03850027,DUD_inha_D_1995,Cc1ccccc1-n1nc(C)c2cc(C(=O)NCc3ccccn3)sc21,0
ZINC03850109,DUD_inha_D_1996,Cc1cccc(-n2nc(C)c3cc(C(=O)NCc4ccccn4)sc32)c1,0
ZINC03850151,DUD_inha_D_1997,Cc1ccc(-n2nc(C)c3cc(C(=O)NCc4ccccn4)sc32)cc1,0
ZINC03850171,DUD_inha_D_1998,Cc1cc(/C=C2/C(=N)N3N=CSC3=NC2=O)c(C)n1-c1ccc2ccccc2c1,0
ZINC03850272,DUD_inha_D_1999,COc1ccc(-c2nn(-c3ccccc3)cc2/C=C2/NC(=S)NC2=O)cc1,0
ZINC03850358,DUD_inha_D_2000,Cc1ccccc1-n1nc(C)c2cc(C(=O)NCc3cccnc3)sc21,0
ZINC03850447,DUD_inha_D_2001,CCCn1c(-c2ccc(C(=O)Nc3nccs3)s2)nc2ccccc21,0
ZINC03850447,DUD_inha_D_2002,CCCn1c(-c2ccc(C(=O)Nc3nccs3)s2)[nH+]c2ccccc21,0
ZINC03850585,DUD_inha_D_2003,CCn1c(-c2ccc(C(=O)Nc3nccs3)s2)nc2ccccc21,0
ZINC03850585,DUD_inha_D_2004,CCn1c(-c2ccc(C(=O)Nc3nccs3)s2)[nH+]c2ccccc21,0
ZINC03850658,DUD_inha_D_2005,N=C1/C(=C\c2cn(Cc3ccc4c(c3)OCO4)c3ccccc23)C(=O)N=C2SC=CN12,0
ZINC03850665,DUD_inha_D_2006,O=C1CCC=C2Nc3nc(SCc4ccccc4)nn3[C@@H](c3ccccn3)[C@@H]12,0
ZINC03850667,DUD_inha_D_2007,O=C1CCC=C2Nc3nc(SCc4ccccc4)nn3[C@H](c3ccccn3)[C@@H]12,0
ZINC03850987,DUD_inha_D_2008,Cc1ccc(-n2ncc3c(SCc4nc5ccccc5[nH]4)ncnc32)cc1,0
ZINC03850987,DUD_inha_D_2009,Cc1ccc(-n2ncc3c(SCc4[nH]c5ccccc5[nH+]4)ncnc32)cc1,0
ZINC03851052,DUD_inha_D_2010,CN(C)c1ccc(/C=C2\C(=O)NC(=S)N(c3cccc4ccccc34)C2=O)cc1,0
ZINC03851057,DUD_inha_D_2011,COc1ccccc1/C=C1\C(=O)NC(=S)N(c2cccc3ccccc23)C1=O,0
ZINC03851060,DUD_inha_D_2012,COc1ccccc1/C=C1/C(=O)NC(=S)N(c2cccc3ccccc23)C1=O,0
ZINC03851071,DUD_inha_D_2013,O=C(CSc1nccn1-c1ccccc1)Nc1ccc2c(c1)OCCO2,0
ZINC03851071,DUD_inha_D_2014,O=C(CSc1[nH+]ccn1-c1ccccc1)Nc1ccc2c(c1)OCCO2,0
ZINC03851098,DUD_inha_D_2015,O=C(CSc1nccn1-c1ccc(F)cc1)Nc1ccc2c(c1)OCCO2,0
ZINC03851098,DUD_inha_D_2016,O=C(CSc1[nH+]ccn1-c1ccc(F)cc1)Nc1ccc2c(c1)OCCO2,0
ZINC03851283,DUD_inha_D_2017,COc1ccccc1N1C(=O)/C(=C\c2cn(C)c3ccccc23)C(=O)N=C1S,0
ZINC03851389,DUD_inha_D_2018,COc1ccc(/N=c2\ncc3c([nH]2)C[C@H](c2cccs2)CC3=O)cc1,0
ZINC03851392,DUD_inha_D_2019,COc1ccc(/N=c2/ncc3c([nH]2)C[C@H](c2cccs2)CC3=O)cc1,0
ZINC03851456,DUD_inha_D_2020,COc1ccc([C@H]2CC(=O)c3cn/c(=N/c4ccc(F)cc4)[nH]c3C2)cc1,0
ZINC03851458,DUD_inha_D_2021,COc1ccc([C@@H]2CC(=O)c3cn/c(=N/c4ccc(F)cc4)[nH]c3C2)cc1,0
ZINC03851512,DUD_inha_D_2022,Cc1cccc(/N=c2/ncc3c([nH]2)C[C@H](c2ccc(F)cc2)CC3=O)c1,0
ZINC03851515,DUD_inha_D_2023,Cc1cccc(/N=c2/ncc3c([nH]2)C[C@@H](c2ccc(F)cc2)CC3=O)c1,0
ZINC03851519,DUD_inha_D_2024,Cc1ccc(Cn2ccs/c2=N\C(=O)c2cc(=O)[nH]c3ccccc23)cc1,0
ZINC03851525,DUD_inha_D_2025,CCn1nc(C(=O)N/N=c2\sc3ccccc3n2C)c2ccccc2c1=O,0
ZINC03851572,DUD_inha_D_2026,Cc1cc(SCC(=O)NC(=O)[C@H]2COc3ccccc3O2)nc2ccccc12,0
ZINC03851579,DUD_inha_D_2027,Cc1cc(SCC(=O)NC(=O)[C@H]2COc3ccccc3O2)nc2ccccc12,0
ZINC03851585,DUD_inha_D_2028,Cc1ccc2[nH]c(SCc3nnc(-c4ccccc4)o3)nc2c1,0
ZINC03851585,DUD_inha_D_2029,Cc1ccc2[nH]c(SCc3nnc(-c4ccccc4)o3)[nH+]c2c1,0
ZINC03851638,DUD_inha_D_2030,COc1cc(OC)cc(C(=O)Nc2ccc(-c3cn4ccsc4n3)cc2)c1,0
ZINC03851638,DUD_inha_D_2031,COc1cc(OC)cc(C(=O)Nc2ccc(-c3cn4ccsc4[nH+]3)cc2)c1,0
ZINC03851671,DUD_inha_D_2032,CCCn1c(-c2cccc(F)c2)nc2c1c(=O)[nH]c(=O)n2Cc1ccccc1,0
ZINC03851671,DUD_inha_D_2033,CCCn1c(-c2cccc(F)c2)[nH+]c2c1c(=O)[nH]c(=O)n2Cc1ccccc1,0
ZINC03851712,DUD_inha_D_2034,COc1ccc(CNC(=O)c2cc3cc4ccc(OC)cc4nc3s2)cc1,0
ZINC03851819,DUD_inha_D_2035,CN(C)c1cccc(C(=O)Nc2ccc(-c3cn4ccsc4n3)cc2)c1,0
ZINC03851819,DUD_inha_D_2036,CN(C)c1cccc(C(=O)Nc2ccc(-c3cn4ccsc4[nH+]3)cc2)c1,0
ZINC03851869,DUD_inha_D_2037,CCOc1ncccc1C(=O)Nc1ccc(-c2cn3ccsc3n2)cc1,0
ZINC03851869,DUD_inha_D_2038,CCOc1ncccc1C(=O)Nc1ccc(-c2cn3ccsc3[nH+]2)cc1,0
ZINC03851944,DUD_inha_D_2039,Cc1ccc2[nH]c(SCc3cc(=O)oc4ccc5ccccc5c34)[nH+]c2c1,0
ZINC03852010,DUD_inha_D_2040,Cc1ccsc1-c1nc2c(c(=O)[nH]c(=O)n2Cc2ccccc2)n1Cc1ccco1,0
ZINC03852010,DUD_inha_D_2041,Cc1ccsc1-c1[nH+]c2c(c(=O)[nH]c(=O)n2Cc2ccccc2)n1Cc1ccco1,0
ZINC03852013,DUD_inha_D_2042,Cc1ccccc1/N=c1/scc(-c2ccc3c(c2)NC(=O)CO3)n1Cc1ccco1,0
ZINC03852105,DUD_inha_D_2043,CC(=O)Nc1ccc(-n2c(C)cs/c2=N\C(=O)c2ccccc2)cc1,0
ZINC03852570,DUD_inha_D_2044,Cc1ccc2nc(NC(=O)CSc3nccn3-c3ccccc3)sc2c1,0
ZINC03852570,DUD_inha_D_2045,Cc1ccc2nc(NC(=O)CSc3[nH+]ccn3-c3ccccc3)sc2c1,0
ZINC03852585,DUD_inha_D_2046,Cc1cccc(-n2ccnc2SCC(=O)Nc2ccc3c(c2)OCO3)c1,0
ZINC03852585,DUD_inha_D_2047,Cc1cccc(-n2cc[nH+]c2SCC(=O)Nc2ccc3c(c2)OCO3)c1,0
ZINC03852591,DUD_inha_D_2048,Cc1cccc(-n2ccnc2SCC(=O)Nc2nc3ccccc3s2)c1,0
ZINC03852591,DUD_inha_D_2049,Cc1cccc(-n2cc[nH+]c2SCC(=O)Nc2nc3ccccc3s2)c1,0
ZINC03852615,DUD_inha_D_2050,Cc1cccc(-n2cc[nH+]c2SCC(=O)Nc2nc3ccccc3s2)c1C,0
ZINC03852660,DUD_inha_D_2051,O=C(CSc1nccn1-c1ccc(F)cc1)Nc1ccc2c(c1)OCO2,0
ZINC03852660,DUD_inha_D_2052,O=C(CSc1[nH+]ccn1-c1ccc(F)cc1)Nc1ccc2c(c1)OCO2,0
ZINC03852698,DUD_inha_D_2053,Cc1ccc2c(c1)[C@H](c1ccc(F)cc1)N(C(=O)/C=C\c1ccccc1)CC(=O)N2,0
ZINC03852701,DUD_inha_D_2054,Cc1ccc2c(c1)[C@@H](c1ccc(F)cc1)N(C(=O)/C=C\c1ccccc1)CC(=O)N2,0
ZINC03852816,DUD_inha_D_2055,C=c1[nH]n(-c2ccc3ccccc3c2)c(=O)/c1=C/c1cc2c(cc1Cl)OCO2,0
ZINC03852841,DUD_inha_D_2056,Cc1nn(-c2ccccc2)c(C)c1/C=C1\NC(=S)N(c2ccccc2)C1=O,0
ZINC03852883,DUD_inha_D_2057,COc1ccccc1/N=c1\oc2ccc3ccccc3c2cc1C(=O)NC(C)=O,0
ZINC03852907,DUD_inha_D_2058,CN1N=C(c2ccccc2)/C(=C\c2c(-c3ccccc3)nn(C)c2O)C1=O,0
ZINC03852908,DUD_inha_D_2059,Cc1cc(OCc2ccc(C(=O)Nc3ccncc3)o2)ccc1Cl,0
ZINC03852952,DUD_inha_D_2060,Cc1cccc(N2C(=O)/C(=C/c3cnc4ccccc4n3)NC2=S)c1,0
ZINC03853038,DUD_inha_D_2061,Cc1ccc(NC(=O)c2cc3nccc(-c4ccc(F)cc4)n3n2)nc1,0
ZINC03853039,DUD_inha_D_2062,Cc1cccc(NC(=O)c2cc3nccc(-c4ccc(F)cc4)n3n2)n1,0
ZINC03853063,DUD_inha_D_2063,COc1ccc(N2C(=S)N(c3ccccc3)C(=O)/C2=C/c2ccccc2O)cc1,0
ZINC03853077,DUD_inha_D_2064,CCOC(=O)C1=C(C)N=c2s/c(=C/c3ccc[nH]3)c(=O)n2[C@H]1c1ccccc1,0
ZINC03853078,DUD_inha_D_2065,CCOC(=O)C1=C(C)N=c2s/c(=C\c3ccc[nH]3)c(=O)n2[C@@H]1c1ccccc1,0
ZINC03853079,DUD_inha_D_2066,COC(=O)C1=C(C)N=c2s/c(=C/c3ccc[nH]3)c(=O)n2[C@@H]1c1ccccc1,0
ZINC03853080,DUD_inha_D_2067,COC(=O)C1=C(C)N=c2s/c(=C\c3ccc[nH]3)c(=O)n2[C@H]1c1ccccc1,0
ZINC03853087,DUD_inha_D_2068,CCCn1c(NC(=O)c2cc(-c3cccs3)on2)nc2ccccc21,0
ZINC03853087,DUD_inha_D_2069,CCCn1c(NC(=O)c2cc(-c3cccs3)on2)[nH+]c2ccccc21,0
ZINC03853089,DUD_inha_D_2070,CCn1cc(-c2cc(C(=O)Nc3ccc(Br)cn3)c3ccccc3n2)cn1,0
ZINC03853090,DUD_inha_D_2071,CN(C)c1ccc(-n2cccc2/C=C2\C(=O)NC(=O)N(c3ccccc3F)C2=O)cc1,0
ZINC03853198,DUD_inha_D_2072,Cc1c(Cl)cccc1-c1ccc(/C=C2\C(=O)NN(c3ccccc3)C2=O)o1,0
ZINC03853212,DUD_inha_D_2073,COc1ccc2ccccc2c1/C=C1\C(=O)NC(=S)N(c2ccccc2)C1=O,0
ZINC03853213,DUD_inha_D_2074,COc1ccc2ccccc2c1/C=C1/C(=O)NC(=S)N(c2ccccc2)C1=O,0
ZINC03853220,DUD_inha_D_2075,COc1ccc2ccccc2c1/C=C1\C(=O)NC(=S)N(c2cccc(C)c2)C1=O,0
ZINC03853229,DUD_inha_D_2076,Cc1ccc(C2=NN3C(=N)/C(=C\c4cccc(C)c4)C(=O)N=C3S2)cc1,0
ZINC03853269,DUD_inha_D_2077,Cc1cccc(/C=C2/C(=N)N3N=C(c4ccccc4C)SC3=NC2=O)c1,0
ZINC03853466,DUD_inha_D_2078,CC1=NC2=CCCC(=O)[C@H]2[C@@H](c2ccc(F)cc2)[C@H]1C(=O)Nc1ccccc1,0
ZINC03853466,DUD_inha_D_2079,CC1=C(C(=O)Nc2ccccc2)[C@@H](c2ccc(F)cc2)[C@@H]2C(=O)CCCC2=N1,0
ZINC03853466,DUD_inha_D_2080,C=C1N=C2CCCC(=O)[C@H]2[C@@H](c2ccc(F)cc2)[C@@H]1C(=O)Nc1ccccc1,0
ZINC03853505,DUD_inha_D_2081,CCOc1ccc2ccccc2c1/C=C1\C(=O)NC(=S)N(c2ccccc2)C1=O,0
ZINC03853521,DUD_inha_D_2082,O=C(NC(=S)Nc1ccc(Cc2ccncc2)cc1)c1ccc2c(c1)OCO2,0
ZINC03853528,DUD_inha_D_2083,Cc1ccc2nc(-c3ccncc3)cc(C(=O)Nc3ccc(Br)cn3)c2c1,0
ZINC03853683,DUD_inha_D_2084,COc1ccc(-c2ccc(/C=C3/C(=O)NN(c4ccccc4)C3=O)o2)cc1Cl,0
ZINC03853789,DUD_inha_D_2085,CCCCSc1nnc2c(n1)O[C@H](c1ccccn1)Nc1ccccc1-2,0
ZINC03853822,DUD_inha_D_2086,CCN(CC)c1ncnc2sc(C(=O)Nc3cnc4ccccc4c3)c(C)c12,0
ZINC03853825,DUD_inha_D_2087,O=C(NCc1ccc2c(c1)OCO2)c1ccc2c(c1)ncn2-c1ccc(F)cc1F,0
ZINC03853825,DUD_inha_D_2088,O=C(NCc1ccc2c(c1)OCO2)c1ccc2c(c1)[nH+]cn2-c1ccc(F)cc1F,0
ZINC03853832,DUD_inha_D_2089,Cc1nc2cc(C(=O)NCc3ccco3)ccc2n1-c1ccc(Br)cc1,0
ZINC03853832,DUD_inha_D_2090,Cc1[nH+]c2cc(C(=O)NCc3ccco3)ccc2n1-c1ccc(Br)cc1,0
ZINC03853836,DUD_inha_D_2091,Cc1nc2cc(C(=O)NCc3cccnc3)ccc2n1-c1ccc(F)cc1F,0
ZINC03853836,DUD_inha_D_2092,Cc1[nH+]c2cc(C(=O)NCc3cccnc3)ccc2n1-c1ccc(F)cc1F,0
ZINC03853837,DUD_inha_D_2093,Cc1nc2cc(C(=O)NCc3ccc4c(c3)OCO4)ccc2n1-c1cccc(F)c1,0
ZINC03853837,DUD_inha_D_2094,Cc1[nH+]c2cc(C(=O)NCc3ccc4c(c3)OCO4)ccc2n1-c1cccc(F)c1,0
ZINC03853898,DUD_inha_D_2095,CC(=O)c1cc(-c2ccc(F)cc2)n(CCC(=O)Nc2cccnc2)c1C,0
ZINC03853981,DUD_inha_D_2096,C=CCOc1ccc(Cl)cc1/C=C1/C(=O)NN(c2ccccc2)C1=O,0
ZINC03854032,DUD_inha_D_2097,Cc1cccc(/N=c2\oc3ccccc3cc2C(=O)Nc2nccs2)c1,0
ZINC03854034,DUD_inha_D_2098,Cc1cccc(/N=c2\oc3ccccc3cc2C(=O)Nc2nccs2)c1C,0
ZINC03854036,DUD_inha_D_2099,Cc1ccc(/N=c2/oc3ccccc3cc2C(=O)Nc2nccs2)c(C)c1,0
ZINC03854038,DUD_inha_D_2100,Cc1ccc(C)c(/N=c2/oc3ccccc3cc2C(=O)Nc2nccs2)c1,0
ZINC03854039,DUD_inha_D_2101,Cc1ccc(/N=c2/oc3ccccc3cc2C(=O)Nc2nccs2)cc1C,0
ZINC03854099,DUD_inha_D_2102,COc1ccc(C2=N/C(=C/c3ccc(F)cc3)C(=O)N2c2ccc(O)cc2)cc1,0
ZINC03854272,DUD_inha_D_2103,COc1ccc(C(=O)Nc2ccc(-c3nc4cccnc4s3)cc2)cc1,0
ZINC03854274,DUD_inha_D_2104,COc1ccc(CC(=O)Nc2ccc(-c3nc4cccnc4s3)cc2)cc1,0
ZINC03854285,DUD_inha_D_2105,Cc1cccc(C(=O)Nc2ccc(-c3nc4cccnc4s3)cc2)c1,0
ZINC03854286,DUD_inha_D_2106,Cc1ccc(C(=O)Nc2ccc(-c3nc4cccnc4s3)cc2)cc1,0
ZINC03854287,DUD_inha_D_2107,COc1cccc(C(=O)Nc2ccc(-c3nc4cccnc4s3)cc2)c1,0
ZINC03854291,DUD_inha_D_2108,COc1ccc(C(=O)Nc2cccc(-c3nc4cccnc4s3)c2)cc1,0
ZINC03854301,DUD_inha_D_2109,Cc1cccc(C(=O)Nc2cccc(-c3nc4cccnc4s3)c2)c1,0
ZINC03854302,DUD_inha_D_2110,Cc1ccc(C(=O)Nc2cccc(-c3nc4cccnc4s3)c2)cc1,0
ZINC03854303,DUD_inha_D_2111,COc1cccc(C(=O)Nc2cccc(-c3nc4cccnc4s3)c2)c1,0
ZINC03854307,DUD_inha_D_2112,Cc1c(NC(=O)Cc2ccccc2)cccc1-c1nc2cccnc2s1,0
ZINC03854371,DUD_inha_D_2113,Cc1c(NC(=O)c2ccc3c(c2)OCO3)cccc1-c1nc2cccnc2s1,0
ZINC03854378,DUD_inha_D_2114,Cc1ccc(-c2nc3cccnc3s2)cc1NC(=O)Cc1ccccc1,0
ZINC03854380,DUD_inha_D_2115,Cc1ccc(-c2nc3cccnc3s2)cc1NC(=O)COc1ccccc1,0
ZINC03854381,DUD_inha_D_2116,Cc1ccc(-c2nc3cccnc3s2)cc1NC(=O)Cc1cccs1,0
ZINC03854394,DUD_inha_D_2117,Cc1ccc(-c2nc3cccnc3s2)cc1NC(=O)c1ccc2c(c1)OCO2,0
ZINC03854406,DUD_inha_D_2118,Cc1ccc(N2NC(=O)/C(=C/c3ccc(-c4ccccc4)o3)C2=O)cc1C,0
ZINC03854409,DUD_inha_D_2119,Cc1ccc(N2NC(=O)/C(=C\c3ccc(-c4ccccc4)o3)C2=O)cc1Cl,0
ZINC03854419,DUD_inha_D_2120,C=c1[nH]n(-c2ccc(F)cc2)c(=O)/c1=C/c1ccc(-c2cccc(C(C)=O)c2)o1,0
ZINC03854420,DUD_inha_D_2121,C=c1[nH]n(-c2ccc(F)cc2)c(=O)/c1=C/c1ccc(-c2cccc(C(C)=O)c2)o1,0
ZINC03854485,DUD_inha_D_2122,COc1ccc(N2C(=O)/C(=C\c3cccn3-c3ccccc3)C(=O)NC2=S)cc1,0
ZINC03854487,DUD_inha_D_2123,COc1ccc2ccccc2c1/C=C1/C(=O)NC(=O)N(c2ccccc2F)C1=O,0
ZINC03854492,DUD_inha_D_2124,Cc1cccc(NC(=O)CN2C(=O)S/C(=C\c3ccc(-c4ccccc4)o3)C2=O)c1,0
ZINC03854598,DUD_inha_D_2125,Cc1cc(=O)[nH]c(SCc2nc3ccccc3n2Cc2ccccc2)n1,0
ZINC03854598,DUD_inha_D_2126,Cc1cc(=O)[nH]c(SCc2[nH+]c3ccccc3n2Cc2ccccc2)n1,0
ZINC03854599,DUD_inha_D_2127,COc1ccc(C(=O)Nc2cccc(-c3nc4ncccc4o3)c2)cc1Cl,0
ZINC03854621,DUD_inha_D_2128,COc1ccc(-n2cccc2/C=C2/C(=O)NC(=O)N(c3ccc(F)cc3)C2=O)cc1,0
ZINC03854787,DUD_inha_D_2129,Cc1nc2c(C(=O)NCc3cccnc3)cnn2c(C)c1Cc1ccccc1Cl,0
ZINC03854881,DUD_inha_D_2130,CCN1C(=O)c2ccccc2Sc2ccc(C(=O)NCc3ccccn3)cc21,0
ZINC03855111,DUD_inha_D_2131,Cc1cccc2nc(CSc3nnc4c(n3)[nH]c3ccccc34)cn12,0
ZINC03855111,DUD_inha_D_2132,Cc1cccc2[nH+]c(CSc3nnc4c(n3)[nH]c3ccccc34)cn12,0
ZINC03855116,DUD_inha_D_2133,Cc1cc(NC(=O)Cc2cn3ccsc3n2)n(-c2ccccc2)n1,0
ZINC03855116,DUD_inha_D_2134,Cc1cc(NC(=O)Cc2cn3ccsc3[nH+]2)n(-c2ccccc2)n1,0
ZINC03855135,DUD_inha_D_2135,COCCn1c(-c2ccc3c(c2)NC(=O)CO3)cs/c1=N/c1ccccc1,0
ZINC03855136,DUD_inha_D_2136,COCCn1c(-c2ccc3c(c2)NC(=O)CO3)cs/c1=N/c1ccccc1,0
ZINC03855155,DUD_inha_D_2137,COc1ccc(NC(=O)c2cc3c(C)nn(-c4ccc(F)cc4)c3s2)cn1,0
ZINC03855160,DUD_inha_D_2138,O=C(Cc1cn2ccsc2n1)NNC1=CC[C@H](c2ccccc2)CC1,0
ZINC03855160,DUD_inha_D_2139,O=C(Cc1cn2ccsc2[nH+]1)NNC1=CC[C@H](c2ccccc2)CC1,0
ZINC03855188,DUD_inha_D_2140,Cc1nn(-c2ccccc2)c2sc(C(=O)NCCCn3ccnc3)cc12,0
ZINC03855188,DUD_inha_D_2141,Cc1nn(-c2ccccc2)c2sc(C(=O)NCCCn3cc[nH+]c3)cc12,0
ZINC03855192,DUD_inha_D_2142,CCOC(=O)c1ccc(-n2ccnc2)c(NC(=O)c2cccc(Br)c2)c1,0
ZINC03855192,DUD_inha_D_2143,CCOC(=O)c1ccc(-n2cc[nH+]c2)c(NC(=O)c2cccc(Br)c2)c1,0
ZINC03855699,DUD_inha_D_2144,O=C(CSc1nc2c(c(=O)[nH]1)CCC2)N(c1ccccc1)c1ccccc1,0
ZINC03855699,DUD_inha_D_2145,O=C(CSc1nc(O)c2c(n1)CCC2)N(c1ccccc1)c1ccccc1,0
ZINC03855699,DUD_inha_D_2146,O=C(CSc1nc(O)c2c(n1)CCC2)N(c1ccccc1)c1ccccc1,0
ZINC03855943,DUD_inha_D_2147,O=C1Nc2ccccc2/C1=C\c1cnc(N2CCN(c3ccccc3)CC2)s1,0
ZINC03855944,DUD_inha_D_2148,O=C1Nc2ccccc2/C1=C\c1cnc(N2CCN(c3ccccc3)CC2)s1,0
ZINC03856100,DUD_inha_D_2149,Cc1ccc(NC(=O)c2nc[nH]c2/N=c2\scc(C)n2-c2ccccc2)cc1,0
ZINC03856103,DUD_inha_D_2150,Oc1ccc(-c2cn3nc(N4CCN(c5cccc[nH+]5)CC4)sc3n2)cc1,0
ZINC03856103,DUD_inha_D_2151,Oc1ccc(-c2cn3nc(N4CCN(c5cccc[nH+]5)CC4)sc3[nH+]2)cc1,0
ZINC03856110,DUD_inha_D_2152,COc1ccc(C(=O)N/N=c2\scc(-c3ccccc3)n2C(C)=O)cc1,0
ZINC03856231,DUD_inha_D_2153,COc1ccc(/C=C2/N=C(c3ccccc3Cl)NC2=O)cc1OC,0
ZINC03856459,DUD_inha_D_2154,CC1=N/C(=C\c2c(O)ccc3ccccc23)C(=O)N(c2ccccc2)N1C,0
ZINC03857145,DUD_inha_D_2155,COc1ccc(/N=c2/ncc3c([nH]2)C[C@@H](c2ccc(Cl)cc2)CC3=O)cc1,0
ZINC03857146,DUD_inha_D_2156,COc1ccc(/N=c2\ncc3c([nH]2)C[C@H](c2ccc(Cl)cc2)CC3=O)cc1,0
ZINC03857164,DUD_inha_D_2157,CSc1ccccc1/N=c1/nc[nH]c2c1cnn2-c1cccc(C)c1,0
ZINC03857221,DUD_inha_D_2158,Cc1ccc(Nc2nc3ccccc3[nH]/c2=N\S(=O)(=O)c2cccs2)cc1C,0
ZINC03857320,DUD_inha_D_2159,COc1ccc(/N=c2/ncc3c([nH]2)C[C@H](c2cccc(Cl)c2)CC3=O)cc1,0
ZINC03857321,DUD_inha_D_2160,COc1ccc(/N=c2\ncc3c([nH]2)C[C@@H](c2cccc(Cl)c2)CC3=O)cc1,0
ZINC03857462,DUD_inha_D_2161,O=C1N=C(N2CCN(c3ccccc3)CC2)S/C1=C/c1ccc(O)cc1,0
ZINC03857630,DUD_inha_D_2162,COc1ccc(/N=c2/ncc3c([nH]2)C[C@H](c2ccccc2)CC3=O)cc1,0
ZINC03857631,DUD_inha_D_2163,COc1ccc(/N=c2/ncc3c([nH]2)C[C@@H](c2ccccc2)CC3=O)cc1,0
ZINC03857654,DUD_inha_D_2164,Cc1ccc([C@H]2CC(=O)c3cn/c(=N/c4ccc(F)cc4)[nH]c3C2)cc1,0
ZINC03857655,DUD_inha_D_2165,Cc1ccc([C@H]2CC(=O)c3cn/c(=N\c4ccc(F)cc4)[nH]c3C2)cc1,0
ZINC03857798,DUD_inha_D_2166,Cc1ccc(NC(=O)c2cnc(/N=c3\[nH]c4ccccc4s3)nc2C)cc1,0
ZINC03857814,DUD_inha_D_2167,COc1ccc(/N=c2/nc[nH]c3c2cnn3-c2cccc(C)c2)cc1Cl,0
ZINC03857856,DUD_inha_D_2168,Cc1nc(/N=c2\[nH]c3ccccc3o2)nc(C)c1C(=O)Nc1ccc(F)cc1,0
ZINC03857887,DUD_inha_D_2169,O=C1N=C(N2CCN(c3ccccc3F)CC2)S/C1=C/c1ccc(O)cc1,0
ZINC03857888,DUD_inha_D_2170,Cc1ccc(S(=O)(=O)/N=c2\[nH]c3ccccc3nc2Nc2ccc(F)cc2)cc1C,0
ZINC03857895,DUD_inha_D_2171,C=c1[nH]n(-c2ccccc2)c(=O)/c1=C/c1c(C)nn(-c2ccccc2)c1Cl,0
ZINC03857896,DUD_inha_D_2172,C=c1[nH]n(-c2ccccc2)c(=O)/c1=C/c1c(C)nn(-c2ccccc2)c1Cl,0
ZINC03857907,DUD_inha_D_2173,Cc1ccc(S(=O)(=O)/N=c2/[nH]c3ccccc3nc2Nc2cccc(F)c2)cc1C,0
ZINC03857954,DUD_inha_D_2174,COc1ccc(/N=c2/ncc3c([nH]2)C[C@H](c2ccc(F)cc2)CC3=O)cc1,0
ZINC03857955,DUD_inha_D_2175,COc1ccc(/N=c2/ncc3c([nH]2)C[C@H](c2ccc(F)cc2)CC3=O)cc1,0
ZINC03857959,DUD_inha_D_2176,COc1ccccc1/N=c1/ncc2c([nH]1)C[C@@H](c1ccccc1)CC2=O,0
ZINC03857960,DUD_inha_D_2177,COc1ccccc1/N=c1/ncc2c([nH]1)C[C@@H](c1ccccc1)CC2=O,0
ZINC03857972,DUD_inha_D_2178,CCc1ccc(/N=c2\ncc3c([nH]2)C[C@@H](c2cccs2)CC3=O)cc1,0
ZINC03857973,DUD_inha_D_2179,CCc1ccc(/N=c2/ncc3c([nH]2)C[C@@H](c2cccs2)CC3=O)cc1,0
ZINC03858001,DUD_inha_D_2180,Cc1ccc(/N=c2/ncc3c([nH]2)C[C@H](c2ccc(F)cc2)CC3=O)cc1,0
ZINC03858002,DUD_inha_D_2181,Cc1ccc(/N=c2/ncc3c([nH]2)C[C@H](c2ccc(F)cc2)CC3=O)cc1,0
ZINC03858016,DUD_inha_D_2182,O=C1N=C(N2CCN(c3ccccc3F)CC2)S/C1=C/c1cccc(O)c1,0
ZINC03858033,DUD_inha_D_2183,CCc1ccc(/N=c2\ncc3c([nH]2)C[C@@H](c2ccc(F)cc2)CC3=O)cc1,0
ZINC03858034,DUD_inha_D_2184,CCc1ccc(/N=c2\ncc3c([nH]2)C[C@H](c2ccc(F)cc2)CC3=O)cc1,0
ZINC03858197,DUD_inha_D_2185,COc1ccc(-c2c/c(=N/c3nc(C)cs3)c3cc(O)ccc3o2)cc1,0
ZINC03858200,DUD_inha_D_2186,COc1ccc(-c2c/c(=N\c3nnc(C)s3)c3cc(O)ccc3o2)cc1,0
ZINC03858203,DUD_inha_D_2187,CC(=O)c1sc(/N=c2\cc(-c3ccccc3)oc3ccc(O)cc23)nc1C,0
ZINC03858409,DUD_inha_D_2188,CSc1nnc2c(n1)O[C@@H](/C(C)=C\c1ccccc1)Nc1ccccc1-2,0
ZINC03858410,DUD_inha_D_2189,CSc1nnc2c(n1)O[C@@H](/C(C)=C/c1ccccc1)Nc1ccccc1-2,0
ZINC03858411,DUD_inha_D_2190,CSc1nnc2c(n1)O[C@@H](/C(C)=C\c1ccco1)Nc1ccccc1-2,0
ZINC03858452,DUD_inha_D_2191,C=CCSc1nnc2c(n1)O[C@H](c1cccc(C)n1)Nc1ccccc1-2,0
ZINC03858453,DUD_inha_D_2192,C=CCSc1nnc2c(n1)O[C@@H](c1cccc(C)n1)Nc1ccccc1-2,0
ZINC03858496,DUD_inha_D_2193,C=c1[nH]n(-c2ccc(F)cc2)c(=O)/c1=C\c1c(C)nn(-c2ccccc2C)c1O,0
ZINC03858528,DUD_inha_D_2194,COc1ccc(/N=c2\oc3ccc4ccccc4c3cc2C(=O)NC(C)=O)cc1,0
ZINC03858530,DUD_inha_D_2195,CC(=O)NC(=O)c1cc2c(ccc3ccccc32)o/c1=N/c1ccc(F)cc1F,0
ZINC03858552,DUD_inha_D_2196,O=C(/C=C\c1ccccc1)NC(=S)NN1CCCC[C@@H]1c1cccnc1,0
ZINC03858729,DUD_inha_D_2197,CN(C)c1ccc(/C=C2/C(=O)NN(c3ccc(Br)c4ccccc34)C2=O)cc1,0
ZINC03858730,DUD_inha_D_2198,CN(C)c1ccc(/C=C2/C(=O)NN(c3ccc(Br)c4ccccc34)C2=O)cc1,0
ZINC03858767,DUD_inha_D_2199,Cc1ccc(N2NC(=O)/C(=C\c3ccc(-c4ccccc4F)o3)C2=O)cc1C,0
ZINC03858768,DUD_inha_D_2200,CCc1ccc(N2NC(=O)/C(=C/c3ccc(-c4ccccc4F)o3)C2=O)cc1,0
ZINC03858863,DUD_inha_D_2201,Cc1cccc(N2NC(=O)/C(=C/c3ccc(-c4ccccc4F)o3)C2=O)c1,0
ZINC03858871,DUD_inha_D_2202,Cc1ccccc1NC(=O)CN1C(=O)S/C(=C/c2ccccc2)C1=O,0
ZINC03859085,DUD_inha_D_2203,O=C(COc1ccccc1)Nc1ccc2c(c1)nc1n2CCSC1,0
ZINC03859085,DUD_inha_D_2204,O=C(COc1ccccc1)Nc1ccc2c(c1)[nH+]c1n2CCSC1,0
ZINC03859086,DUD_inha_D_2205,Cc1cc(NCc2cccnc2)n2ncc(-c3ccc(Cl)cc3)c2n1,0
ZINC03859153,DUD_inha_D_2206,CCOc1ccc(N2C(=O)S/C(=C/c3nc4ccccc4[nH]3)C2=O)cc1,0
ZINC03859153,DUD_inha_D_2207,CCOc1ccc(N2C(=O)S/C(=C\c3[nH]c4ccccc4[nH+]3)C2=O)cc1,0
ZINC03859277,DUD_inha_D_2208,O=C(CSc1ncnc2c1oc1nc3c(cc12)CCCC3)Nc1ccccc1,0
ZINC03859471,DUD_inha_D_2209,O=c1oc2ccccc2cc1-c1csc(NN/C=C2/CC=CCC2)n1,0
ZINC03859630,DUD_inha_D_2210,O=C1N=C(N2CCN(c3ccccc3)CC2)S/C1=C\c1ccccc1O,0
ZINC03859724,DUD_inha_D_2211,CCc1ccccc1N1C(=O)NC(=O)/C(=C\c2ccc(-c3ccc(F)cc3)o2)C1=O,0
ZINC03859731,DUD_inha_D_2212,Cc1ccc(Sc2ccc(/C=C3/C(=O)NN(c4ccccc4)C3=O)o2)cc1,0
ZINC03859732,DUD_inha_D_2213,Cc1ccc(Sc2ccc(/C=C3/C(=O)NN(c4ccccc4)C3=O)o2)cc1,0
ZINC03859825,DUD_inha_D_2214,Cc1cc(=O)n2c(n1)N=C(NCc1ccccc1)N[C@@H]2c1ccccc1,0
ZINC03859856,DUD_inha_D_2215,Cc1ccc(-n2nc(C)c3cc(C(=O)NCc4cccnc4)sc32)cc1,0
ZINC03859863,DUD_inha_D_2216,Cc1ccc(NC2=Nc3nc(C)cc(=O)n3[C@H](c3ccc(Cl)cc3)N2)cc1,0
ZINC03859864,DUD_inha_D_2217,Cc1ccc(NC2=Nc3nc(C)cc(=O)n3[C@@H](c3ccc(Cl)cc3)N2)cc1,0
ZINC03859875,DUD_inha_D_2218,Cc1cc(/C=c2\sc3[nH+]c4ccccc4n3c2=O)c(C)n1-c1cccc(O)c1,0
ZINC03859893,DUD_inha_D_2219,Cc1ccc(N2CN=c3s/c(=C/c4ccccc4O)c(=O)n3C2)cc1,0
ZINC03859938,DUD_inha_D_2220,O=C(Nc1ccc2c(c1)nc1n2CCN(c2ccccc2)C1)c1cccs1,0
ZINC03859938,DUD_inha_D_2221,O=C(Nc1ccc2c(c1)[nH+]c1n2CCN(c2ccccc2)C1)c1cccs1,0
ZINC03860016,DUD_inha_D_2222,Cc1cc(/C=c2\sc3[nH+]c4ccccc4n3c2=O)c(C)n1-c1ccccc1O,0
ZINC03860035,DUD_inha_D_2223,CCc1ccc(N2CN=c3s/c(=C/c4ccccc4O)c(=O)n3C2)cc1,0
ZINC03860097,DUD_inha_D_2224,O=c1cc(CSc2ccccn2)nc(N2CCN(c3ccccc3)CC2)[nH]1,0
ZINC03862790,DUD_inha_D_2225,O=C(/C=C\c1ccco1)NC(=S)N1CCN(c2cccc[nH+]2)CC1,0
ZINC03864128,DUD_inha_D_2226,CC(=O)NC(=O)c1cc2c(ccc3ccccc32)o/c1=N/c1cccc(F)c1,0
ZINC03864134,DUD_inha_D_2227,COc1cccc2cc(C(=O)NC(C)=O)/c(=N/c3cccc4ccccc34)oc12,0
ZINC03864174,DUD_inha_D_2228,Cc1cc(/C=C2\NC(=O)N(Cc3ccccc3F)C2=O)c(C)n1-c1ccccn1,0
ZINC03864297,DUD_inha_D_2229,COc1ccc2o/c(=N\c3cccc4ccccc34)c(C(=O)NC(C)=O)cc2c1,0
ZINC03864300,DUD_inha_D_2230,COc1ccc(/N=c2\oc3ccc4ccccc4c3cc2C(=O)NC(C)=O)cc1,0
ZINC03864381,DUD_inha_D_2231,COc1ccc(/C=C2/C(=O)NC(=S)N(c3cccc4ccccc34)C2=O)cc1OC,0
ZINC03866726,DUD_inha_D_2232,CCOC(=O)c1ccc(-n2ccnc2)c(NC(=O)c2ccc(Cl)cc2)c1,0
ZINC03866726,DUD_inha_D_2233,CCOC(=O)c1ccc(-n2cc[nH+]c2)c(NC(=O)c2ccc(Cl)cc2)c1,0
ZINC03866853,DUD_inha_D_2234,CCCn1c(-c2ccc(Cl)cc2)nc2c1c(=O)[nH]c(=O)n2Cc1ccccc1,0
ZINC03866853,DUD_inha_D_2235,CCCn1c(-c2ccc(Cl)cc2)[nH+]c2c1c(=O)[nH]c(=O)n2Cc1ccccc1,0
ZINC03866856,DUD_inha_D_2236,O=C(N/N=C\c1sc(N2CCOCC2)nc1-c1ccccc1)c1ccccc1F,0
ZINC03866946,DUD_inha_D_2237,C[C@H]1Cc2ccccc2N1C(=O)/C=C\c1cn[nH]c1-c1cc2ccccc2o1,0
ZINC03867022,DUD_inha_D_2238,CC[C@]1(C)NC(=O)N(/N=C/c2cn(-c3ccccc3)nc2-c2cccs2)C1=O,0
ZINC03867097,DUD_inha_D_2239,Cc1nn(Cc2ccccc2Cl)c(C)c1C(=O)Nc1nc2ccccc2[nH]1,0
ZINC03867097,DUD_inha_D_2240,Cc1nn(Cc2ccccc2Cl)c(C)c1C(=O)Nc1[nH]c2ccccc2[nH+]1,0
ZINC03867098,DUD_inha_D_2241,CC(C)c1ccc(NC(=O)Cn2c(-c3cscn3)nc3ccccc32)cc1,0
ZINC03867098,DUD_inha_D_2242,CC(C)c1ccc(NC(=O)Cn2c(-c3cscn3)[nH+]c3ccccc32)cc1,0
ZINC03867164,DUD_inha_D_2243,CCn1c(SCc2nc(=O)c3ccccc3[nH]2)nc2ccccc21,0
ZINC03867164,DUD_inha_D_2244,CCn1c(SCc2nc(=O)c3ccccc3[nH]2)[nH+]c2ccccc21,0
ZINC03867192,DUD_inha_D_2245,Cc1nn(-c2ccccc2)c(Cl)c1C(=O)Nc1nc2ccccc2[nH]1,0
ZINC03867192,DUD_inha_D_2246,Cc1nn(-c2ccccc2)c(Cl)c1C(=O)Nc1[nH]c2ccccc2[nH+]1,0
ZINC03867226,DUD_inha_D_2247,Cc1cc(-c2csc(NC(=O)c3cn4ccccc4n3)n2)c(C)n1C,0
ZINC03867226,DUD_inha_D_2248,Cc1cc(-c2csc(NC(=O)c3cn4ccccc4[nH+]3)n2)c(C)n1C,0
ZINC03867234,DUD_inha_D_2249,O=C(Nc1nc2c(s1)CCCC2)c1cc(-c2ccncc2)nc2ccccc12,0
ZINC03867245,DUD_inha_D_2250,Cc1cc(SCC(=O)N2c3ccccc3NC(=O)C2(C)C)nc2ccccc12,0
ZINC03867249,DUD_inha_D_2251,CC(=O)Nc1ccc(/C=C2\C(=O)N(c3ccccc3)C(=S)N2C)cc1,0
ZINC03867250,DUD_inha_D_2252,CC(=O)Nc1ccc(/C=C2\C(=O)N(c3ccccc3)C(=S)N2C)cc1,0
ZINC03867326,DUD_inha_D_2253,Cc1ccc(-c2nnc(SCc3nc4ccccc4[nH]3)n2C)cc1,0
ZINC03867326,DUD_inha_D_2254,Cc1ccc(-c2nnc(SCc3[nH]c4ccccc4[nH+]3)n2C)cc1,0
ZINC03867351,DUD_inha_D_2255,Cc1cc(SCc2nc(=O)c3ccccc3[nH]2)nc2ccccc12,0
ZINC03867525,DUD_inha_D_2256,Cc1sc2nc(-c3cccnc3)nc(NCc3ccncc3)c2c1C,0
ZINC03867538,DUD_inha_D_2257,Cc1ccc(NC(=O)COc2ccc(-n3ccnc3)cc2)cc1Cl,0
ZINC03867538,DUD_inha_D_2258,Cc1ccc(NC(=O)COc2ccc(-n3cc[nH+]c3)cc2)cc1Cl,0
ZINC03867549,DUD_inha_D_2259,c1cncc(-c2nc(NCc3ccncc3)c3c4c(sc3n2)CCCC4)c1,0
ZINC03867570,DUD_inha_D_2260,COc1ccc(NC(=O)c2ccc(-c3nc4ccccc4s3)s2)cn1,0
ZINC03867571,DUD_inha_D_2261,CSCc1ccc(C(=O)Nc2nc(-c3ccccn3)cs2)cc1,0
ZINC03867574,DUD_inha_D_2262,Cc1ccc(N2C(=O)/C(=C\NNc3nc(C)cs3)c3ccccc3C2=O)cc1,0
ZINC03867614,DUD_inha_D_2263,COc1ccc2nc(SCc3cc(=O)n4c(n3)sc3ccccc34)[nH]c2c1,0
ZINC03867614,DUD_inha_D_2264,COc1ccc2[nH+]c(SCc3cc(=O)n4c(n3)sc3ccccc34)[nH]c2c1,0
ZINC03867626,DUD_inha_D_2265,CCOc1ncccc1C(=O)Nc1nn2cc(-c3ccccc3)nc2s1,0
ZINC03867626,DUD_inha_D_2266,CCOc1ncccc1C(=O)Nc1nn2cc(-c3ccccc3)[nH+]c2s1,0
ZINC03867646,DUD_inha_D_2267,COc1ccc(CNC(=O)c2cc3c(nc4ccccn43)s2)cc1,0
ZINC03867646,DUD_inha_D_2268,COc1ccc(CNC(=O)c2cc3c([nH+]c4ccccn43)s2)cc1,0
ZINC03867937,DUD_inha_D_2269,Cc1ccc2c(CC(=O)Nc3nc(-c4ccccn4)cs3)coc2c1,0
ZINC03867938,DUD_inha_D_2270,COc1ccc2c(CC(=O)Nc3nc(-c4ccccn4)cs3)coc2c1,0
ZINC03867945,DUD_inha_D_2271,CCOc1ccc2nc(SCc3nnc(-c4ccccc4)o3)[nH]c2c1,0
ZINC03867945,DUD_inha_D_2272,CCOc1ccc2[nH+]c(SCc3nnc(-c4ccccc4)o3)[nH]c2c1,0
ZINC03868019,DUD_inha_D_2273,COc1cc2ccccc2cc1C(=O)Nc1nc(-c2ccccn2)cs1,0
ZINC03868023,DUD_inha_D_2274,O=C(COc1ccc2c(c1)CCC2)Nc1nc(-c2ccccn2)cs1,0
ZINC03868024,DUD_inha_D_2275,COc1ccc2oc(C(=O)Nc3nc(-c4ccccn4)cs3)c(C)c2c1,0
ZINC03868054,DUD_inha_D_2276,O=C1Nc2ccc(Cl)cc2/C1=C/c1cc2ccccc2[nH+]c1N1CCOCC1,0
ZINC03868055,DUD_inha_D_2277,O=C1Nc2ccc(Cl)cc2/C1=C/c1cc2ccccc2[nH+]c1N1CCOCC1,0
ZINC03868056,DUD_inha_D_2278,O=C1Nc2cc(Cl)ccc2/C1=C/c1cc2ccccc2[nH+]c1N1CCOCC1,0
ZINC03868057,DUD_inha_D_2279,O=C1Nc2cc(Cl)ccc2/C1=C/c1cc2ccccc2[nH+]c1N1CCOCC1,0
ZINC03868356,DUD_inha_D_2280,CN(Cc1nc(=O)c2c(-c3ccccc3)csc2[nH]1)c1ccccc1,0
ZINC03868504,DUD_inha_D_2281,COc1ccc(Cl)cc1-c1ccc(/C=C2\C(=O)NN(c3ccccc3)C2=O)o1,0
ZINC03868505,DUD_inha_D_2282,COc1ccc(Cl)cc1-c1ccc(/C=C2\C(=O)NN(c3ccccc3)C2=O)o1,0
ZINC03868516,DUD_inha_D_2283,CCOc1ccc(/C=C2\N=C(c3ccccc3Cl)NC2=O)cc1,0
ZINC03868600,DUD_inha_D_2284,COC(=O)Cn1cc(/C=C2\NC(=S)N(c3ccccc3)C2=O)c2ccccc21,0
ZINC03868674,DUD_inha_D_2285,COc1ccc2ccccc2c1/C=C1\NC(=O)N(c2cccc(Cl)c2)C1=O,0
ZINC03868676,DUD_inha_D_2286,COc1ccc(/C=C2\NC(=O)N(c3cccc(Cl)c3)C2=O)c2ccccc12,0
ZINC03873666,DUD_inha_D_2287,O=C1NC(=O)N(c2ccc3c(c2)OCO3)C(=O)/C1=C\c1cccn1-c1ccc(F)cc1,0
ZINC03873718,DUD_inha_D_2288,COc1ccc(N2C(=O)NC(=O)/C(=C/c3cccn3-c3ccc(F)cc3)C2=O)cc1,0
ZINC03885569,DUD_inha_D_2289,COc1ccc(-c2csc(C3=C(N)N(c4ccccc4)CC3=O)n2)cc1OC,0
ZINC03889242,DUD_inha_D_2290,Cc1ccccc1-c1nnc(S)n1/N=C\c1c(C)nn(-c2ccccc2)c1C,0
ZINC03889498,DUD_inha_D_2291,Cn1cc(Br)c(C(=O)N/N=C\c2c3ccccc3cc3ccccc23)n1,0
ZINC03889517,DUD_inha_D_2292,COc1ccc(C2=N/C(=C\c3ccccc3F)C(=O)N2c2ccc(O)cc2)cc1,0
ZINC03889518,DUD_inha_D_2293,COc1ccc(C2=N/C(=C\c3ccccc3F)C(=O)N2c2ccc(O)cc2)cc1,0
ZINC03890125,DUD_inha_D_2294,CC1=NN(c2ccc3ccccc3c2)C(=O)/C1=C\c1ccc(O)c(Cl)c1,0
ZINC03890722,DUD_inha_D_2295,Cc1ccc(Sc2ccc(/C=C3\NC(=O)N(c4ccccc4)C3=O)o2)cc1,0
ZINC03890891,DUD_inha_D_2296,CC(C)(C)c1ccc(-c2n[nH]c(=S)n2/N=C/c2cccc3ccccc23)cc1,0
ZINC03891090,DUD_inha_D_2297,Cc1nn(-c2ccccc2)c(C)c1/C=N\n1c(S)nnc1-c1ccccc1,0
ZINC03893148,DUD_inha_D_2298,COC(=O)c1ccc(C(=O)Nc2nc3c(s2)CCc2ccccc2-3)cc1,0
ZINC03898151,DUD_inha_D_2299,CCn1c2ccccc2c2nnc(N/N=C\c3ccc(F)cc3)nc21,0
ZINC03899028,DUD_inha_D_2300,CSC1=C(C#N)[C@@H](c2ccccc2)[C@H](C(=O)Nc2ccccc2)C(C)=N1,0
ZINC03899028,DUD_inha_D_2301,CSC1=NC(C)=C(C(=O)Nc2ccccc2)[C@@H](c2ccccc2)[C@@H]1C#N,0
ZINC03899028,DUD_inha_D_2302,C=C1N=C(SC)[C@@H](C#N)[C@H](c2ccccc2)[C@@H]1C(=O)Nc1ccccc1,0
ZINC03899028,DUD_inha_D_2303,C=C1N=C(SC)[C@H](C#N)[C@@H](c2ccccc2)[C@H]1C(=O)Nc1ccccc1,0
ZINC03899115,DUD_inha_D_2304,CCN1C(=O)c2cccc3c(NC(=O)/C=C\c4ccc(F)cc4)ccc1c23,0
ZINC03902733,DUD_inha_D_2305,O=C(Cn1c2ccccc2c(=O)c2ccccc21)Nc1ccc2c(c1)CCC2,0
ZINC03904609,DUD_inha_D_2306,Cc1ccc2c(c1)c(=O)c1ccccc1n2CC(=O)Nc1ccc(F)cc1,0
ZINC03907161,DUD_inha_D_2307,O=C1CCCC2=C1[C@@H](c1cccs1)n1nc(Cc3ccccc3)nc1N2,0
ZINC03907650,DUD_inha_D_2308,Cc1cc(NC(=O)c2cc(-c3ccc(F)cc3)on2)n(-c2ccccc2)n1,0
ZINC03908001,DUD_inha_D_2309,COc1ccccc1-c1cc(C(=O)NCc2ccc(F)cc2)no1,0
ZINC03908021,DUD_inha_D_2310,COc1ccccc1-c1cc(C(=O)NCc2ccc(Cl)cc2)no1,0
ZINC03911582,DUD_inha_D_2311,Cc1nc2ccccc2n1CCc1nc2c3ccccc3[nH]c(=S)n2n1,0
ZINC03941646,DUD_inha_D_2312,c1ccc(-c2nnc3cc(C4CCC4)c(NCc4ccccn4)nn23)cc1,0
ZINC03942840,DUD_inha_D_2313,O=c1c(-c2ccc(F)cc2)c(-c2ccnc(Nc3ccccc3)n2)n2n1CCC2,0
ZINC03948698,DUD_inha_D_2314,CNC(=O)c1cc2c(ccc(=O)n2-c2ccccc2)n1Cc1cccc(Cl)c1,0
ZINC03955812,DUD_inha_D_2315,O=C(Nc1ccccc1)N1CC2(CCN(C(=O)c3cccc(F)c3)CC2)C1,0
ZINC03956139,DUD_inha_D_2316,O=C(Nc1cccc(F)c1)N1CC2(CCN(S(=O)(=O)c3ccccc3)CC2)C1,0
ZINC03956147,DUD_inha_D_2317,O=C(Nc1cccc(F)c1)N1CC2(CCN(C(=O)Oc3ccccc3)CC2)C1,0
ZINC03956282,DUD_inha_D_2318,O=C(Nc1cccc(F)c1)N1CC2(CCN(C(=O)c3ccco3)CC2)C1,0
ZINC03958803,DUD_inha_D_2319,Cc1ccc(N[C@H]2c3ncccc3C(=O)N2Cc2ccc(F)cc2)cc1,0
ZINC03959965,DUD_inha_D_2320,C[C@H](NC(=O)/C=C/c1ccccc1F)c1cccc(-n2cncn2)c1,0
ZINC03961480,DUD_inha_D_2321,O=C(Nc1ccc2c(c1)OCCCO2)c1ccc(-c2ccccc2F)nc1,0
ZINC03962417,DUD_inha_D_2322,COc1ccc(-c2ccc(F)cc2)c2oc(NC(=O)c3ccnc(C)c3)nc12,0
ZINC03967893,DUD_inha_D_2323,CC1=NN(c2cccc(Cl)c2)C(=O)/C1=C\c1c[nH]nc1-c1ccccc1,0
ZINC03967893,DUD_inha_D_2324,CC1=NN(c2cccc(Cl)c2)C(=O)/C1=C\c1cn[nH]c1-c1ccccc1,0
ZINC03968170,DUD_inha_D_2325,N=C1/C(=C/c2cn(Cc3ccc4c(c3)OCO4)c3ccccc23)C(=O)N=C2SC=CN12,0
ZINC03968684,DUD_inha_D_2326,Cc1ccc2occ(/C=N\NC(=O)c3csc4ccccc34)c(=O)c2c1,0
ZINC03968892,DUD_inha_D_2327,Cc1cccc(/C=C2/C(=N)N3N=C(c4ccccc4C)SC3=NC2=O)c1,0
ZINC03968926,DUD_inha_D_2328,COc1cccc(N/C=C(/C#N)c2nc(-c3ccc4c(c3)OCO4)cs2)c1,0
ZINC03968980,DUD_inha_D_2329,CC1=NNC(=O)/C1=C\c1cn(-c2ccccc2)nc1-c1ccc(Cl)cc1,0
ZINC03969213,DUD_inha_D_2330,Cn1c(=O)n(C)c2cc(/C=N\N=c3/[nH]c(-c4ccccc4)cs3)ccc21,0
ZINC03969214,DUD_inha_D_2331,Cn1c(=O)n(C)c2cc(/C=N/N=c3/[nH]c(-c4ccccc4)cs3)ccc21,0
ZINC03969216,DUD_inha_D_2332,Cn1c(=O)n(C)c2cc(/C=N\N=c3\[nH]c(-c4ccccc4)cs3)ccc21,0
ZINC03969317,DUD_inha_D_2333,Cc1ccccc1C(=O)N/N=C1\SCC(=O)N1Cc1ccccc1,0
ZINC03969365,DUD_inha_D_2334,O=C(N/N=C/c1cc2ccccc2nc1Cl)[C@@H]1COc2ccccc2O1,0
ZINC03969379,DUD_inha_D_2335,COc1ccc(-c2ccc(/C=N/NC(=O)[C@@H]3COc4ccccc4O3)o2)cc1Cl,0
ZINC03969380,DUD_inha_D_2336,COc1ccc(-c2ccc(/C=N/NC(=O)[C@H]3COc4ccccc4O3)o2)cc1Cl,0
ZINC03969497,DUD_inha_D_2337,COc1ccc(/N=c2/ncc3c([nH]2)C[C@@H](c2ccc(Cl)cc2)CC3=O)cc1,0
ZINC03969498,DUD_inha_D_2338,COc1ccc(/N=c2\ncc3c([nH]2)C[C@@H](c2ccc(Cl)cc2)CC3=O)cc1,0
ZINC03970406,DUD_inha_D_2339,COc1ccc2c(c1)N(C)/C(=C1\S/C(=N/c3ccc(O)cc3)N(C)C1=O)S2,0
ZINC03970412,DUD_inha_D_2340,CN1C(=O)/C(=C2/Sc3ccccc3N2C)S/C1=N\c1ccc(O)cc1,0
ZINC03970781,DUD_inha_D_2341,C=CCN1C(=O)/C(=N\NC(=S)Nc2cccc(C)c2)c2ccccc21,0
ZINC03970782,DUD_inha_D_2342,C=CCN1C(=O)/C(=N/NC(=S)Nc2cccc(C)c2)c2ccccc21,0
ZINC03970783,DUD_inha_D_2343,C=CCN1C(=O)/C(=N\NC(=S)Nc2ccccc2C)c2ccccc21,0
ZINC03970784,DUD_inha_D_2344,C=CCN1C(=O)/C(=N\NC(=S)Nc2ccccc2C)c2ccccc21,0
ZINC03970793,DUD_inha_D_2345,C=CCN1C(=O)/C(=N\NC(=S)Nc2ccc(C)cc2)c2ccccc21,0
ZINC03970794,DUD_inha_D_2346,C=CCN1C(=O)/C(=N/NC(=S)Nc2ccc(C)cc2)c2ccccc21,0
ZINC03970856,DUD_inha_D_2347,CC(=O)c1ccc(N2Cc3ccccc3/C2=N/C(=O)Nc2ccc(Cl)cc2)cc1,0
ZINC03970903,DUD_inha_D_2348,CN1/C(=C/C(=O)CSc2nnc3c(n2)[nH]c2ccccc23)C(C)(C)c2ccccc21,0
ZINC03971202,DUD_inha_D_2349,CCn1c(SCc2nc3ccccc3c(=O)[nH]2)nc2ccccc21,0
ZINC03971202,DUD_inha_D_2350,CCn1c(SCc2nc(O)c3ccccc3n2)[nH+]c2ccccc21,0
ZINC03971202,DUD_inha_D_2351,CCn1c(SCc2nc(=O)c3ccccc3[nH]2)[nH+]c2ccccc21,0
ZINC03971202,DUD_inha_D_2352,CCn1c(SCc2nc3ccccc3c(=O)[nH]2)[nH+]c2ccccc21,0
ZINC03971202,DUD_inha_D_2353,CCn1c(SCc2nc(O)c3ccccc3n2)nc2ccccc21,0
ZINC03971207,DUD_inha_D_2354,C/C(=N\OC(=O)Nc1ccc(Cl)cc1)c1ccc(-n2ccnc2)cc1,0
ZINC03971207,DUD_inha_D_2355,C/C(=N/OC(=O)Nc1ccc(Cl)cc1)c1ccc(-n2cc[nH+]c2)cc1,0
ZINC03971354,DUD_inha_D_2356,Cc1cc(SCc2nc3ccccc3c(=O)[nH]2)nc2ccccc12,0
ZINC03971354,DUD_inha_D_2357,Cc1cc(SCc2nc(O)c3ccccc3n2)nc2ccccc12,0
ZINC03971590,DUD_inha_D_2358,CN1C(=O)C[C@@H](C(=O)Nc2ccccc2Cl)S/C1=N\c1ccccc1,0
ZINC03971593,DUD_inha_D_2359,CN1C(=O)C[C@@H](C(=O)Nc2ccccc2Cl)S/C1=N/c1ccccc1,0
ZINC03971864,DUD_inha_D_2360,COc1ccc2ccccc2c1/C=C1\C(=O)NN(c2ccc(Cl)cc2)C1=O,0
ZINC03971866,DUD_inha_D_2361,COc1ccc2ccccc2c1/C=C1\C(=O)NN(c2ccc(Cl)cc2)C1=O,0
ZINC03974514,DUD_inha_D_2362,Cc1c(/N=C/c2c(O)ccc3cc(Br)ccc23)c(=O)n(-c2ccccc2)n1C,0
ZINC03975929,DUD_inha_D_2363,C[C@H]1S/C(=N/N=C\c2c3ccccc3cc3ccccc23)NC1=O,0
ZINC03975973,DUD_inha_D_2364,O=C(N/N=C\c1cccc2ccccc12)[C@@H]1CC(=O)N(c2ccc(F)cc2)C1,0
ZINC03975978,DUD_inha_D_2365,O=C(N/N=C/c1cccc2ccccc12)[C@H]1CC(=O)N(c2ccc(F)cc2)C1,0
ZINC03977203,DUD_inha_D_2366,CC(C)c1ccc(/C=C2\C(=N)N3N=C(c4ccccc4)SC3=NC2=O)cc1,0
ZINC03979397,DUD_inha_D_2367,C[N@@H+]1C=C[C@H](c2c(O)cc(O)c3c(=O)cc(-c4ccccc4Cl)oc23)CC1,0
ZINC03980816,DUD_inha_D_2368,Cc1nn(-c2ccccc2)c2sc(C(=O)N/N=C\c3cccs3)cc12,0
ZINC03981741,DUD_inha_D_2369,O[C@@H](c1ccccc1)c1nsc(N2CCN(c3cccc[nH+]3)CC2)n1,0
ZINC03982944,DUD_inha_D_2370,O=c1c(Br)c(N/N=C\[C@H]2CC=CCC2)cnn1-c1ccccc1,0
ZINC03982991,DUD_inha_D_2371,Cc1c2c(=O)n(-c3nc4ccccc4s3)nc-2cc(O)n1Cc1ccccc1,0
ZINC03983063,DUD_inha_D_2372,C/C(=N\C1CC1)c1c(-c2ccccc2)[nH]n(-c2nc3ccccc3s2)c1=O,0
ZINC03983097,DUD_inha_D_2373,Cc1c(Cl)cccc1NC(=O)c1cccc(N2C(=O)[C@@H]3[C@@H]4C=C[C@@H](C4)[C@@H]3C2=O)c1,0
ZINC03983168,DUD_inha_D_2374,CC1=NN(c2ccc(F)cc2)C(=O)/C1=C/c1c(C)nn(-c2ccccc2C)c1O,0
ZINC03983187,DUD_inha_D_2375,O=C1CS/C(=N/N=C\c2cn(-c3ccccc3)nc2-c2ccccc2)N1,0
ZINC03983389,DUD_inha_D_2376,COC(=O)c1ccc(/N=C2/S/C(=C/c3c[nH]c4ccccc34)C(=O)N2C)cc1,0
ZINC03984335,DUD_inha_D_2377,Cc1cc(/C=C2/C(=N)N3N=CSC3=NC2=O)c(C)n1-c1cccc2ccccc12,0
ZINC03984436,DUD_inha_D_2378,Cc1ccc(N/C=C(\C#N)c2nc(-c3ccc4c(c3)OCO4)cs2)cc1,0
ZINC03984437,DUD_inha_D_2379,Cc1ccccc1N/C=C(/C#N)c1nc(-c2ccc3c(c2)OCO3)cs1,0
ZINC03988832,DUD_inha_D_2380,Cc1cc2nc(Nc3ccc(Oc4ccccc4)cc3)oc(=O)c2s1,0
ZINC03991393,DUD_inha_D_2381,O=c1c(-c2ccc(F)cc2)c(-c2ccnc(NCc3ccccc3)n2)n2n1CCC2,0
ZINC03992727,DUD_inha_D_2382,C=C1NN(c2ccccc2)C(=O)/C1=N\Nc1ccc2nc(C)sc2c1,0
ZINC03992740,DUD_inha_D_2383,Cc1nc2ccccc2c(=O)n1/N=C\c1cc(Br)c2ccccc2c1O,0
ZINC03992945,DUD_inha_D_2384,Cn1c(=O)c2c([nH]/c(=N/N=C/c3cccs3)n2Cc2ccccc2F)n(C)c1=O,0
ZINC03993030,DUD_inha_D_2385,COC(=O)c1cccc2c(/C=N\N=c3/[nH]nc(Cl)c4ccccc34)c[nH]c12,0
ZINC03993104,DUD_inha_D_2386,Cc1nn(-c2ccccc2)c(Cl)c1/C=N\NC(=O)[C@H]1COc2ccccc2O1,0
ZINC03993105,DUD_inha_D_2387,Cc1nn(-c2ccccc2)c(Cl)c1/C=N/NC(=O)[C@H]1COc2ccccc2O1,0
ZINC03993111,DUD_inha_D_2388,Cc1nn(-c2ccccc2)c(Cl)c1/C=N\NC(=O)c1ccc2c(c1)OCCO2,0
ZINC03998900,DUD_inha_D_2389,COc1cccc(NC(=S)N/N=C2\C(=O)c3cccc4cccc2c34)c1,0
ZINC03998901,DUD_inha_D_2390,COc1cccc(NC(=S)N/N=C2/C(=O)c3cccc4cccc2c34)c1,0
ZINC04000933,DUD_inha_D_2391,COc1ccc(/N=c2/ncc3c([nH]2)C[C@@H](c2ccccc2)CC3=O)cc1,0
ZINC04001005,DUD_inha_D_2392,COc1ccc(/N=c2/ncc3c([nH]2)C[C@@H](c2cccc(Cl)c2)CC3=O)cc1,0
ZINC04001006,DUD_inha_D_2393,COc1ccc(/N=c2/ncc3c([nH]2)C[C@@H](c2cccc(Cl)c2)CC3=O)cc1,0
ZINC04001031,DUD_inha_D_2394,O=C1CCCC2=Nc3nn(-c4ccccc4)c(O)c3[C@H](c3ccc(F)cc3)[C@H]12,0
ZINC04001061,DUD_inha_D_2395,COc1ccc(/N=c2/ncc3c([nH]2)C[C@H](c2ccc(F)cc2)CC3=O)cc1,0
ZINC04001062,DUD_inha_D_2396,COc1ccc(/N=c2/ncc3c([nH]2)C[C@H](c2ccc(F)cc2)CC3=O)cc1,0
ZINC04001065,DUD_inha_D_2397,Cc1cccc(/N=c2/ncc3c([nH]2)C[C@H](c2ccc(F)cc2)CC3=O)c1,0
ZINC04001066,DUD_inha_D_2398,Cc1cccc(/N=c2\ncc3c([nH]2)C[C@@H](c2ccc(F)cc2)CC3=O)c1,0
ZINC04001067,DUD_inha_D_2399,COc1ccccc1/N=c1\ncc2c([nH]1)C[C@H](c1ccccc1)CC2=O,0
ZINC04001068,DUD_inha_D_2400,COc1ccccc1/N=c1\ncc2c([nH]1)C[C@H](c1ccccc1)CC2=O,0
ZINC04001084,DUD_inha_D_2401,Cc1ccc(/N=c2\ncc3c([nH]2)C[C@@H](c2ccc(F)cc2)CC3=O)cc1,0
ZINC04001085,DUD_inha_D_2402,Cc1ccc(/N=c2\ncc3c([nH]2)C[C@@H](c2ccc(F)cc2)CC3=O)cc1,0
ZINC04001132,DUD_inha_D_2403,COc1ccc(/N=c2/ncc3c([nH]2)C[C@H](c2cccs2)CC3=O)cc1,0
ZINC04001133,DUD_inha_D_2404,COc1ccc(/N=c2\ncc3c([nH]2)C[C@@H](c2cccs2)CC3=O)cc1,0
ZINC04001146,DUD_inha_D_2405,CCc1ccc(/N=c2\ncc3c([nH]2)C[C@H](c2ccc(F)cc2)CC3=O)cc1,0
ZINC04004675,DUD_inha_D_2406,Cc1c(C(=O)Nc2ccc3c(c2)OCCO3)sc2nc(-c3ccccc3)cn12,0
ZINC04004675,DUD_inha_D_2407,Cc1c(C(=O)Nc2ccc3c(c2)OCCO3)sc2[nH+]c(-c3ccccc3)cn12,0
ZINC04004936,DUD_inha_D_2408,COC(=O)c1ccc(NC(=O)c2sc3nc(-c4ccccc4)cn3c2C)cc1,0
ZINC04004936,DUD_inha_D_2409,COC(=O)c1ccc(NC(=O)c2sc3[nH+]c(-c4ccccc4)cn3c2C)cc1,0
ZINC04004981,DUD_inha_D_2410,Cc1c(C(=O)Nc2ccc3c(c2)OCO3)sc2nc(-c3ccccc3)cn12,0
ZINC04004981,DUD_inha_D_2411,Cc1c(C(=O)Nc2ccc3c(c2)OCO3)sc2[nH+]c(-c3ccccc3)cn12,0
ZINC04005336,DUD_inha_D_2412,Cn1nc(C(=O)Nc2c(-c3ccccc3)nc3sccn23)c2ccccc2c1=O,0
ZINC04005336,DUD_inha_D_2413,Cn1nc(C(=O)Nc2c(-c3ccccc3)[nH+]c3sccn23)c2ccccc2c1=O,0
ZINC04031736,DUD_inha_D_2414,CCOC(=O)c1sc(NC(=O)c2ccc(F)cc2)nc1-c1ccccc1,0
ZINC04032557,DUD_inha_D_2415,COc1cccc(-n2ccnc2SCC(=O)Nc2nc3ccccc3s2)c1,0
ZINC04032557,DUD_inha_D_2416,COc1cccc(-n2cc[nH+]c2SCC(=O)Nc2nc3ccccc3s2)c1,0
ZINC04032978,DUD_inha_D_2417,COc1ccc(NC(=O)c2sc3nc(-c4ccccc4)cn3c2C)cc1,0
ZINC04032978,DUD_inha_D_2418,COc1ccc(NC(=O)c2sc3[nH+]c(-c4ccccc4)cn3c2C)cc1,0
ZINC04033085,DUD_inha_D_2419,Cc1ccc(-c2cn3cccnc3n2)cc1NC(=O)c1ccccc1Cl,0
ZINC04033085,DUD_inha_D_2420,Cc1ccc(-c2cn3cccnc3[nH+]2)cc1NC(=O)c1ccccc1Cl,0
ZINC04033098,DUD_inha_D_2421,Cc1ccc(-c2cn3cccnc3n2)cc1NC(=O)COc1ccc(Cl)cc1,0
ZINC04033098,DUD_inha_D_2422,Cc1ccc(-c2cn3cccnc3[nH+]2)cc1NC(=O)COc1ccc(Cl)cc1,0
ZINC04033105,DUD_inha_D_2423,Cc1ccc(-c2cn3cccnc3n2)cc1NC(=O)Cc1ccc(Cl)cc1,0
ZINC04033105,DUD_inha_D_2424,Cc1ccc(-c2cn3cccnc3[nH+]2)cc1NC(=O)Cc1ccc(Cl)cc1,0
ZINC04033109,DUD_inha_D_2425,Cc1ccc(-c2cn3cccnc3n2)cc1NC(=O)Cc1cccs1,0
ZINC04033109,DUD_inha_D_2426,Cc1ccc(-c2cn3cccnc3[nH+]2)cc1NC(=O)Cc1cccs1,0
ZINC04033143,DUD_inha_D_2427,COc1ccc(-c2cn3cccnc3n2)cc1NC(=O)c1ccccc1F,0
ZINC04033143,DUD_inha_D_2428,COc1ccc(-c2cn3cccnc3[nH+]2)cc1NC(=O)c1ccccc1F,0
ZINC04033146,DUD_inha_D_2429,COc1ccc(-c2cn3cccnc3n2)cc1NC(=O)c1ccccc1Cl,0
ZINC04033146,DUD_inha_D_2430,COc1ccc(-c2cn3cccnc3[nH+]2)cc1NC(=O)c1ccccc1Cl,0
ZINC04033149,DUD_inha_D_2431,COc1ccc(-c2cn3cccnc3n2)cc1NC(=O)c1c(F)cccc1F,0
ZINC04033149,DUD_inha_D_2432,COc1ccc(-c2cn3cccnc3[nH+]2)cc1NC(=O)c1c(F)cccc1F,0
ZINC04033162,DUD_inha_D_2433,COc1ccc(-c2cn3cccnc3n2)cc1NC(=O)Cc1ccc(Cl)cc1,0
ZINC04033162,DUD_inha_D_2434,COc1ccc(-c2cn3cccnc3[nH+]2)cc1NC(=O)Cc1ccc(Cl)cc1,0
ZINC04033166,DUD_inha_D_2435,COc1ccc(-c2cn3cccnc3n2)cc1NC(=O)c1cccs1,0
ZINC04033166,DUD_inha_D_2436,COc1ccc(-c2cn3cccnc3[nH+]2)cc1NC(=O)c1cccs1,0
ZINC04033633,DUD_inha_D_2437,O=c1cc(N2CCN(c3ccccc3)CC2)[nH]c(=O)n1Cc1ccc(F)cc1,0
ZINC04033635,DUD_inha_D_2438,O=c1cc(N2CCN(c3ccccc3F)CC2)[nH]c(=O)n1Cc1ccc(F)cc1,0
ZINC04035124,DUD_inha_D_2439,COc1cccc(-c2nn(C)c3sc(C(=O)NCc4ccco4)cc23)c1,0
ZINC04036990,DUD_inha_D_2440,O=C(CSc1nc(-c2ccccc2)cc(=O)[nH]1)N1CCc2ccccc21,0
ZINC04036990,DUD_inha_D_2441,O=C(CSc1nc(=O)cc(-c2ccccc2)[nH]1)N1CCc2ccccc21,0
ZINC04036990,DUD_inha_D_2442,O=C(CSc1nc(O)cc(-c2ccccc2)n1)N1CCc2ccccc21,0
ZINC04056371,DUD_inha_D_2443,COc1ccc2cc3cc(C(=O)NC[C@H]4COc5ccccc5O4)oc3nc2c1,0
ZINC04057033,DUD_inha_D_2444,COc1cccc(-c2nn(C)c3sc(C(=O)NCc4ccccn4)cc23)c1,0
ZINC04058639,DUD_inha_D_2445,Cc1nn(Cc2ccccc2)c2sc(C(=O)NCc3cccnc3)cc12,0
ZINC04059309,DUD_inha_D_2446,CSc1nnc(CNC(=O)c2ccccc2)n1-c1ccccc1,0
ZINC04059313,DUD_inha_D_2447,COc1ccccc1-n1c(CNC(=O)c2ccccc2)nnc1SC,0
ZINC04059358,DUD_inha_D_2448,CSc1nnc(CNC(=O)c2cccc3ccccc23)n1-c1ccccc1,0
ZINC04059434,DUD_inha_D_2449,COc1ccccc1NC(=S)N1CCn2cccc2[C@H]1c1ccc([N+](=O)[O-])cc1,0
ZINC04061611,DUD_inha_D_2450,CCn1c(SCc2cccnc2)nnc1-c1c[nH]c2ccccc12,0
ZINC04061637,DUD_inha_D_2451,COC(=O)CSc1nnc(-c2c[nH]c3ccccc23)n1-c1ccc(F)cc1,0
ZINC04063013,DUD_inha_D_2452,CN(C)c1ccc(C(=O)Nc2ccc(-c3nc4cccnc4s3)cc2)cc1,0
ZINC04063069,DUD_inha_D_2453,CCOc1ncccc1C(=O)Nc1ccc(-c2nc3cccnc3s2)cc1C,0
ZINC04070804,DUD_inha_D_2454,Cc1onc(-c2ccccc2Cl)c1C(=O)NC[C@@H]1COc2ccccc2O1,0
ZINC04075768,DUD_inha_D_2455,CCN1C(=O)c2cccc3c(NC(=O)COc4ccc(Cl)cc4)ccc1c23,0
ZINC04077624,DUD_inha_D_2456,Cc1ccc(-c2csc(NC(=O)c3cc(=O)c4ccccc4o3)n2)c(C)c1,0
ZINC04088390,DUD_inha_D_2457,Cc1sc(NC(=O)[C@H]2COc3ccccc3O2)nc1-c1ccccc1,0
ZINC04088569,DUD_inha_D_2458,COc1ccc(OC)c(-c2ncc(NC(=O)c3ccc4ncsc4c3)s2)c1,0
ZINC04088571,DUD_inha_D_2459,O=C(Nc1nc2c(s1)CSc1ccccc1-2)[C@@H]1COc2ccccc2O1,0
ZINC04091495,DUD_inha_D_2460,O=C(N/N=C\c1ccc(N2CCOCC2)cc1)c1ccc2ccccc2n1,0
ZINC04091631,DUD_inha_D_2461,CC(C)CC(=O)NC(=S)Nc1ccc(-c2nc3ncccc3o2)cc1,0
ZINC04101736,DUD_inha_D_2462,O=C(Nc1c(C(=O)Nc2cccc(F)c2)oc2ccccc12)c1ccc2c(c1)OCO2,0
ZINC04103147,DUD_inha_D_2463,Cc1cc(NCCCn2ccnc2)n2nc(-c3ccc(F)cc3)cc2n1,0
ZINC04103147,DUD_inha_D_2464,Cc1cc(NCCCn2cc[nH+]c2)n2nc(-c3ccc(F)cc3)cc2n1,0
ZINC04104150,DUD_inha_D_2465,CCOc1ccc(N2C(=O)c3cccnc3[C@@H]2Nc2ccc(F)cc2)cc1,0
ZINC04106935,DUD_inha_D_2466,O=C(N/N=C\c1ccc(N2CCOCC2)cc1)c1cc2ccccc2o1,0
ZINC04107347,DUD_inha_D_2467,O=C(Nc1nnc(-c2ccc3c(c2)CCCC3)o1)c1ccccc1Br,0
ZINC04107409,DUD_inha_D_2468,O=C(Nc1nnc(-c2ccc3c(c2)CCCC3)o1)c1ccccc1Cl,0
ZINC04108167,DUD_inha_D_2469,Cc1cc(NC(=O)COc2ccc(Cl)cc2)nc2c1c(=O)oc1ccccc12,0
ZINC04108175,DUD_inha_D_2470,COc1ccc(Cl)cc1C(=O)Nc1cc(C)c2c(=O)oc3ccccc3c2n1,0
ZINC04111522,DUD_inha_D_2471,O=C(NCc1ccco1)c1cc(-c2ccccc2)c(N2CCOCC2)s1,0
ZINC04114308,DUD_inha_D_2472,Cc1ccc(S(=O)(=O)Oc2c(C)ccc3c2N[C@@H]2Cc4ccccc4[C@H]32)cc1,0
ZINC04116100,DUD_inha_D_2473,Cc1ccc(-c2noc(CSc3nc4ccccc4[nH]3)n2)cc1,0
ZINC04116100,DUD_inha_D_2474,Cc1ccc(-c2noc(CSc3[nH]c4ccccc4[nH+]3)n2)cc1,0
ZINC04119063,DUD_inha_D_2475,CCOc1ccc(N2C(=O)c3cccnc3[C@H]2Nc2ccc(Cl)cc2)cc1,0
ZINC04121826,DUD_inha_D_2476,CC(=O)Nc1cccc(Oc2ncnc3scc(-c4ccccc4)c23)c1,0
ZINC04123921,DUD_inha_D_2477,C=CCSc1nnc2c(n1)O[C@H](c1cccnc1)Nc1ccccc1-2,0
ZINC04123961,DUD_inha_D_2478,C=CCSc1nnc2c(n1)O[C@@H](c1ccccn1)Nc1ccccc1-2,0
ZINC04124493,DUD_inha_D_2479,CN(C)c1ccc(C2=NNC(c3cccnc3)=Nc3ccc(Cl)cc32)cc1,0
ZINC04126233,DUD_inha_D_2480,Clc1ccc2nc(-c3ccncc3)c(Nc3ccc4c(c3)OCCO4)n2c1,0
ZINC04126233,DUD_inha_D_2481,Clc1ccc2[nH+]c(-c3ccncc3)c(Nc3ccc4c(c3)OCCO4)n2c1,0
ZINC04129900,DUD_inha_D_2482,CCc1ccc2c(c1)C(c1cccnc1)=NNC(c1ccc(F)cc1)=N2,0
ZINC04135502,DUD_inha_D_2483,Cc1c(Cl)cccc1NC(=O)Cn1c2ccccc2c(=O)c2ccccc21,0
ZINC04146910,DUD_inha_D_2484,Cc1cccn2cc(-c3cccc(NS(=O)(=O)c4ccc(F)cc4)c3)nc12,0
ZINC04146910,DUD_inha_D_2485,Cc1cccn2cc(-c3cccc(NS(=O)(=O)c4ccc(F)cc4)c3)[nH+]c12,0
ZINC04148795,DUD_inha_D_2486,CCn1c(NC(=O)c2cccc(Cn3cc(Cl)cn3)c2)nc2ccccc21,0
ZINC04148795,DUD_inha_D_2487,CCn1c(NC(=O)c2cccc(Cn3cc(Cl)cn3)c2)[nH+]c2ccccc21,0
ZINC04155402,DUD_inha_D_2488,O=C(c1c[nH]cn1)N(Cc1c[nH]c2ccc(F)cc12)C[C@@H]1COc2ccccc2O1,0
ZINC04155402,DUD_inha_D_2489,O=C(c1cnc[nH]1)N(Cc1c[nH]c2ccc(F)cc12)C[C@H]1COc2ccccc2O1,0
ZINC04155402,DUD_inha_D_2490,O=C(c1c[nH]c[nH+]1)N(Cc1c[nH]c2ccc(F)cc12)C[C@H]1COc2ccccc2O1,0
ZINC04156217,DUD_inha_D_2491,Cc1cccc(-c2nc3c(c(=O)[nH]2)CN(C(=O)c2ccccc2Cl)CC3)c1,0
ZINC04156217,DUD_inha_D_2492,Cc1cccc(-c2nc(=O)c3c([nH]2)CCN(C(=O)c2ccccc2Cl)C3)c1,0
ZINC04156217,DUD_inha_D_2493,Cc1cccc(-c2nc(O)c3c(n2)CCN(C(=O)c2ccccc2Cl)C3)c1,0
ZINC04156760,DUD_inha_D_2494,Cc1ccccc1C(=O)N1CCc2nc(Cc3ccc(F)cc3)[nH]c(=O)c2C1,0
ZINC04156760,DUD_inha_D_2495,Cc1ccccc1C(=O)N1CCc2[nH]c(Cc3ccc(F)cc3)nc(=O)c2C1,0
ZINC04156760,DUD_inha_D_2496,Cc1ccccc1C(=O)N1CCc2nc(Cc3ccc(F)cc3)nc(O)c2C1,0
ZINC04157149,DUD_inha_D_2497,CC(=O)NC(=O)c1cc2cc(Cl)ccc2o/c1=N/c1cccc2ccccc12,0
ZINC04161027,DUD_inha_D_2498,Cc1cc2ccccc2nc1SCC(=O)Nc1nc2ccccc2s1,0
ZINC04162197,DUD_inha_D_2499,Cc1cc2cc3c(cc2nc1SCc1cc(=O)[nH]c2ccccc12)OCO3,0
ZINC04162974,DUD_inha_D_2500,Cc1ccc2nc(NC(=O)CSc3ncnc4ccccc34)sc2c1,0
ZINC04164065,DUD_inha_D_2501,Cc1ccccc1NC(=O)CSc1ccc2nnc(-c3ccccc3)n2n1,0
ZINC04164917,DUD_inha_D_2502,COc1cc([C@@H]2Oc3ccccc3[C@@H]3CC(c4cccs4)=NN32)cc(OC)c1O,0
ZINC04167555,DUD_inha_D_2503,O=C(CCSc1ccccc1)Nc1nc(-c2ccc3c(c2)OCO3)cs1,0
ZINC04169847,DUD_inha_D_2504,CCOc1ccc(-c2nc3c(c(=O)[nH]2)Cc2c(ccc4ccccc24)O3)cc1,0
ZINC04169847,DUD_inha_D_2505,CCOc1ccc(-c2nc(=O)c3c([nH]2)Oc2ccc4ccccc4c2C3)cc1,0
ZINC04176178,DUD_inha_D_2506,CC(=O)Nc1c2c(nn1-c1ccc(Oc3ccccc3)cc1)CSC2,0
ZINC04188163,DUD_inha_D_2507,COc1ccc(/C(C)=N\Nc2cnn(-c3ccccc3)c(=O)c2Cl)cc1,0
ZINC04192678,DUD_inha_D_2508,CCN1c2ccc(NC(=O)c3coc(=O)c4ccccc34)cc2[C@H]2C=CC=C[C@@H]21,0
ZINC04194204,DUD_inha_D_2509,O=C1CCCC2=C1[C@@H](c1cccnc1)n1nc(SCc3ccccc3)nc1N2,0
ZINC04209177,DUD_inha_D_2510,COc1ccc2ccccc2c1/C=C1/C(=O)NC(=O)N(c2ccc(Cl)cc2)C1=O,0
ZINC04223295,DUD_inha_D_2511,O=C(COc1ccccc1)Nc1c2c(nn1-c1ccccc1)CSC2,0
ZINC04224010,DUD_inha_D_2512,CCCCN1C(=O)c2cccc3c(NC(=O)c4cccs4)ccc1c23,0
ZINC04224025,DUD_inha_D_2513,CCOc1ccc(C(=O)Nc2nc3c(s2)COc2ccccc2-3)cc1,0
ZINC04224081,DUD_inha_D_2514,CCCCN1C(=O)c2cccc3c(NC(=O)c4c(F)cccc4F)ccc1c23,0
ZINC04224139,DUD_inha_D_2515,CC(C)Oc1ccc(C(=O)Nc2nc3c(s2)COc2ccccc2-3)cc1,0
ZINC04224144,DUD_inha_D_2516,COC(=O)c1ccc(C(=O)Nc2nc3c(s2)Cc2ccccc2-3)cc1,0
ZINC04224229,DUD_inha_D_2517,O=C(Nc1nc2c(s1)CCc1ccccc1-2)[C@H]1COc2ccccc2O1,0
ZINC04233401,DUD_inha_D_2518,C#CCn1/c(=N/C(=O)c2coc3ccccc3c2=O)sc2cc(C)ccc21,0
ZINC04239146,DUD_inha_D_2519,O=c1c(-c2ccc(Cl)cc2)nc2cnc(Nc3ccccc3)nc2n1C1CC1,0
ZINC04240084,DUD_inha_D_2520,Cc1nc(SCC(=O)NC(=O)c2ccccc2)c2ccccc2n1,0
ZINC04240240,DUD_inha_D_2521,Cc1nc(SCC(=O)NC(=O)[C@H]2COc3ccccc3O2)c2ccccc2n1,0
ZINC04241834,DUD_inha_D_2522,Cc1nc(S[C@@H](C)c2nc3ccccc3c(=O)[nH]2)c2ccccc2n1,0
ZINC04241834,DUD_inha_D_2523,Cc1nc(S[C@@H](C)c2nc(=O)c3ccccc3[nH]2)c2ccccc2n1,0
ZINC04241834,DUD_inha_D_2524,Cc1nc(S[C@@H](C)c2nc(O)c3ccccc3n2)c2ccccc2n1,0
ZINC04246552,DUD_inha_D_2525,CCOC(=O)NC(=O)CSc1nc2ccccc2c2nc3ccccc3n12,0
ZINC04247929,DUD_inha_D_2526,COC(=O)C1=C(N)Oc2cc(C)n(Cc3ccccn3)c(=O)c2[C@@H]1c1ccccc1,0
ZINC04249033,DUD_inha_D_2527,O=C(COc1ccccc1)Nc1cccc(-c2cn3c(n2)SCC3)c1,0
ZINC04249043,DUD_inha_D_2528,O=C(Nc1cccc(-c2cn3c(n2)SCC3)c1)c1ccc2ccccc2n1,0
ZINC04249114,DUD_inha_D_2529,O=S(=O)(Nc1cccc(-c2cn3c(n2)SCC3)c1)c1ccc2ccccc2c1,0
ZINC04251235,DUD_inha_D_2530,O=C(CSc1ccc2nc(-c3ccccc3)cn2n1)Nc1ccc2c(c1)OCO2,0
ZINC04251279,DUD_inha_D_2531,Cc1csc(NC(=O)CSc2ccc3nc(-c4ccccc4)cn3n2)n1,0
ZINC04256179,DUD_inha_D_2532,CSC1=C(C#N)[C@@H](c2ccco2)[C@H](C(=O)Nc2ccccc2)C(C)=N1,0
ZINC04256179,DUD_inha_D_2533,C=C1N=C(SC)[C@@H](C#N)[C@H](c2ccco2)[C@@H]1C(=O)Nc1ccccc1,0
ZINC04256180,DUD_inha_D_2534,CSC1=C(C#N)[C@H](c2ccco2)[C@H](C(=O)Nc2ccccc2)C(C)=N1,0
ZINC04256180,DUD_inha_D_2535,C=C1N=C(SC)[C@H](C#N)[C@H](c2ccco2)[C@@H]1C(=O)Nc1ccccc1,0
ZINC04266324,DUD_inha_D_2536,CN(C)C(=O)c1ccc(-c2ccc3ncnc(Nc4ccc(F)cc4)c3c2)cc1,0
ZINC04266561,DUD_inha_D_2537,C[C@@H]1CCN(C(=O)CSc2nnc3[nH]c4ccccc4n23)c2ccccc2S1,0
ZINC04268868,DUD_inha_D_2538,COc1cccc(-c2nc(CSc3nnc4[nH]c5ccccc5n34)cs2)c1,0
ZINC04274721,DUD_inha_D_2539,COc1ccc2nc(SCC(=O)N3CCC(c4ccccc4)=N3)[nH]c2c1,0
ZINC04274733,DUD_inha_D_2540,COc1ccc2nc(SCc3nc(-c4ccccc4)no3)[nH]c2c1,0
ZINC04275375,DUD_inha_D_2541,O=C(/C=C/c1ccccc1)Nc1nc(-c2ccc3c(c2)OCCO3)cs1,0
ZINC04275417,DUD_inha_D_2542,O=C(Nc1nc(-c2ccc(-c3ccccc3)cc2)cs1)C1=COCCO1,0
ZINC04275935,DUD_inha_D_2543,COc1cc2ccccc2cc1C(=O)Nc1nnc(-c2ccccc2Cl)o1,0
ZINC04276834,DUD_inha_D_2544,Cc1cccc(Oc2ccc(NC(=O)c3cccnc3Cl)cn2)c1C,0
ZINC04278474,DUD_inha_D_2545,O=c1[nH]c(CSc2nnc(-c3ccccc3F)n2C2CC2)nc2ccccc12,0
ZINC04278474,DUD_inha_D_2546,O=c1nc(CSc2nnc(-c3ccccc3F)n2C2CC2)[nH]c2ccccc12,0
ZINC04278474,DUD_inha_D_2547,Oc1nc(CSc2nnc(-c3ccccc3F)n2C2CC2)nc2ccccc12,0
ZINC04278475,DUD_inha_D_2548,C[C@@H](Sc1nnc(-c2ccccc2F)n1C1CC1)c1nc2ccccc2c(=O)[nH]1,0
ZINC04278475,DUD_inha_D_2549,C[C@@H](Sc1nnc(-c2ccccc2F)n1C1CC1)c1nc(=O)c2ccccc2[nH]1,0
ZINC04278475,DUD_inha_D_2550,C[C@H](Sc1nnc(-c2ccccc2F)n1C1CC1)c1nc(O)c2ccccc2n1,0
ZINC04281599,DUD_inha_D_2551,COC(=O)NC(=O)c1ccsc1NC(=O)Cc1cccc2ccccc12,0
ZINC04281708,DUD_inha_D_2552,CCOC(=O)NC(=O)c1ccsc1NC(=O)c1cccc2ccccc12,0
ZINC04281763,DUD_inha_D_2553,CNC(=O)c1ccsc1NC(=O)c1cc(-c2cccs2)nc2ccccc12,0
ZINC04282926,DUD_inha_D_2554,O=C1CCCC2=C1[C@@H](c1cccs1)n1nc(SCc3ccccc3)nc1N2,0
ZINC04292047,DUD_inha_D_2555,COc1ccc(C2=NN(C(=O)c3ccco3)[C@@H](c3ccccc3O)C2)cc1,0
ZINC04292049,DUD_inha_D_2556,Cc1ccc(C2=NN(C(=O)c3cccs3)[C@@H](c3ccccc3O)C2)cc1,0
ZINC04292051,DUD_inha_D_2557,COc1ccc(C2=NN(C(=O)c3cccs3)[C@H](c3ccccc3O)C2)cc1,0
ZINC04292236,DUD_inha_D_2558,Cc1ccc(Cl)cc1-n1ncc2c(NCCCn3ccnc3)ncnc21,0
ZINC04294654,DUD_inha_D_2559,CC1=C(C(=O)NCc2ccccc2)[C@@H](c2cccs2)n2ncnc2N1,0
ZINC04304117,DUD_inha_D_2560,Cc1ccccc1C(=O)N1CCN(c2ccc(Nc3ccccc3)nn2)CC1,0
ZINC04304123,DUD_inha_D_2561,O=C(c1ccccc1F)N1CCN(c2ccc(Nc3ccccc3)nn2)CC1,0
ZINC04304127,DUD_inha_D_2562,O=C(c1ccccc1Cl)N1CCN(c2ccc(Nc3ccccc3)nn2)CC1,0
ZINC04304144,DUD_inha_D_2563,O=C(c1cccs1)N1CCN(c2ccc(Nc3ccccc3)nn2)CC1,0
ZINC04304174,DUD_inha_D_2564,Cc1ccc(Nc2ccc(N3CCN(C(=O)c4ccccc4F)CC3)nn2)cc1,0
ZINC04304199,DUD_inha_D_2565,Cc1ccc(Nc2ccc(N3CCN(C(=O)c4cccs4)CC3)nn2)cc1,0
ZINC04306774,DUD_inha_D_2566,C[C@]1(c2cccc3ccccc23)NC(=O)N(CC(=O)c2ccccc2Cl)C1=O,0
ZINC04307090,DUD_inha_D_2567,CSc1ccc(CN2C(=O)N[C@](C)(c3cccc4ccccc34)C2=O)cc1,0
ZINC04308418,DUD_inha_D_2568,CC[C@]1(c2ccc(F)cc2)NC(=O)N(Cc2nc3ccccc3s2)C1=O,0
ZINC04308452,DUD_inha_D_2569,CC[C@@]1(c2ccc(F)cc2)NC(=O)N(Cc2csc(-c3ccccc3)n2)C1=O,0
ZINC04326576,DUD_inha_D_2570,Cc1ccccc1NC(=O)CSc1ccc2nnc(-c3cccs3)n2n1,0
ZINC04326594,DUD_inha_D_2571,Cc1cccc(NC(=O)CSc2ccc3nnc(-c4cccs4)n3n2)c1C,0
ZINC04326752,DUD_inha_D_2572,C[C@@H](OC(=O)c1ccc2ncsc2c1)C(=O)Nc1cccc2ccccc12,0
ZINC04334508,DUD_inha_D_2573,O=S(=O)(Nc1ccc(N2CCCCC2)cc1)c1ccc(-c2ccccn2)s1,0
ZINC04341978,DUD_inha_D_2574,O=C(Nc1cccc(Cl)c1)c1oc2ccccc2c1NC(=O)[C@H]1CCCO1,0
ZINC04342135,DUD_inha_D_2575,Cc1ccc(/C=N/Nc2cnn(-c3ccccc3)c(=O)c2Br)cc1,0
ZINC04342144,DUD_inha_D_2576,COc1ccc(/C=N/Nc2cnn(-c3ccccc3)c(=O)c2Br)cc1,0
ZINC04348480,DUD_inha_D_2577,CC(C)c1ccc2nc(NC(=O)c3cc(=O)c4ccccc4o3)sc2c1,0
ZINC04348627,DUD_inha_D_2578,O=C(Cc1cccc2ccccc12)Nc1nc2cc3c(cc2s1)OCCO3,0
ZINC04348691,DUD_inha_D_2579,COc1cc2ccccc2cc1C(=O)Nc1nc2cc3c(cc2s1)OCCO3,0
ZINC04354057,DUD_inha_D_2580,O=C(Nc1c(C(=O)Nc2ccc3c(c2)OCO3)oc2ccccc12)c1cccs1,0
ZINC04354833,DUD_inha_D_2581,Cc1ccc(Cl)cc1-n1ncc2c(NCc3ccc4c(c3)OCO4)ncnc21,0
ZINC04355349,DUD_inha_D_2582,O=C(CSc1ccc(-c2ccccc2)nn1)Nc1ccc2c(c1)OCCO2,0
ZINC04356020,DUD_inha_D_2583,Cc1ccc(-c2ccc(SCC(=O)Nc3ccc4c(c3)OCO4)nn2)cc1,0
ZINC04356388,DUD_inha_D_2584,O=C(CSc1ccc(-c2ccc(F)cc2)nn1)Nc1ccc2c(c1)OCCO2,0
ZINC04356680,DUD_inha_D_2585,Cc1ccc(NC(=O)CSc2ccc(-c3ccc4c(c3)OCO4)nn2)cc1F,0
ZINC04357741,DUD_inha_D_2586,Cc1cccc(NC(=O)CSc2ccc(-c3ccco3)nn2)c1C,0
ZINC04357879,DUD_inha_D_2587,Cc1ccc2nc(NC(=O)CSc3ccc(-c4ccco4)nn3)sc2c1,0
ZINC04357931,DUD_inha_D_2588,COc1ccc(C)cc1NC(=O)CSc1ccc(-c2ccco2)nn1,0
ZINC04357936,DUD_inha_D_2589,Cc1ccc(NC(=O)CSc2ccc(-c3ccco3)nn2)cc1F,0
ZINC04358041,DUD_inha_D_2590,Cc1ccc(NC(=O)CSc2ccc(-c3ccccn3)nn2)cc1,0
ZINC04360685,DUD_inha_D_2591,O=C(OCc1cc(Cl)cc2c1OCOC2)c1ccc(-c2ccc(O)cc2)cc1,0
ZINC04363624,DUD_inha_D_2592,COC(=O)c1ccc(/C=C2\C(=O)Nc3ccccc32)n1-c1ccc(F)cc1,0
ZINC04368855,DUD_inha_D_2593,Cc1ccc(-c2cc(C(=O)NCc3cccnc3)n(-c3ccc(F)cc3)n2)o1,0
ZINC04369511,DUD_inha_D_2594,Cc1ccc(-c2cc(C(=O)NCc3ccncc3)n(-c3cccc(Cl)c3)n2)o1,0
ZINC04370308,DUD_inha_D_2595,COc1ccc(-c2cc(-c3cccs3)n(-c3nc(C)cc(=O)[nH]3)n2)cc1,0
ZINC04370308,DUD_inha_D_2596,COc1ccc(-c2cc(-c3cccs3)n(-c3nc(=O)cc(C)[nH]3)n2)cc1,0
ZINC04370308,DUD_inha_D_2597,COc1ccc(-c2cc(-c3cccs3)n(-c3nc(C)cc(O)n3)n2)cc1,0
ZINC04371562,DUD_inha_D_2598,CCOC(=O)NC(=O)COC(=O)c1cc(-c2cccs2)nn1-c1ccccc1,0
ZINC04372136,DUD_inha_D_2599,Cc1ccc(-c2cc(C(=O)NCc3ccccn3)n(-c3ccc(F)cc3)n2)o1,0
ZINC04373647,DUD_inha_D_2600,O=C(Nc1ccccc1F)[C@H]1CCCN1c1nc(Cc2ccccc2)ns1,0
ZINC04374633,DUD_inha_D_2601,Cc1cccc(-c2nc3scc(CCNC(=O)c4ccccc4)n3n2)c1,0
ZINC04374706,DUD_inha_D_2602,Cc1cccc(-c2nc3scc(CCNC(=O)c4ccco4)n3n2)c1,0
ZINC04380242,DUD_inha_D_2603,COCc1c(C(=O)Nc2ccc(F)cc2)cnc2cc(-c3ccccc3)nn12,0
ZINC04384594,DUD_inha_D_2604,COc1ccc(-n2cnc3cc(NC(=O)c4cccs4)ccc32)cc1,0
ZINC04386454,DUD_inha_D_2605,Cc1ccnc(SCc2cc(=O)n3nc(C)c(-c4ccccc4)c3[nH]2)n1,0
ZINC04394745,DUD_inha_D_2606,COC(=O)c1cc(C)nc(Sc2ccccc2NC(=O)c2ccccc2)n1,0
ZINC04412507,DUD_inha_D_2607,C[C@H]1CC(=O)C2=C(C1)Nc1ccccc1N(C(=O)c1ccc(F)cc1)[C@H]2c1ccco1,0
ZINC04412851,DUD_inha_D_2608,O=C(Nc1ccc(Cl)c(-c2nc3ncccc3o2)c1)c1ccc2c(c1)OCCO2,0
ZINC04414352,DUD_inha_D_2609,Cc1ccccc1-n1c(S)nnc1CCn1ncc2ccccc2c1=O,0
ZINC04420125,DUD_inha_D_2610,Cc1ccc(-c2cc(C(=O)NCc3ccccn3)n(-c3cccc(Cl)c3)n2)o1,0
ZINC04422547,DUD_inha_D_2611,CCONC(=O)c1cc(-c2ccccc2)nn1-c1ccc(F)cc1,0
ZINC04427983,DUD_inha_D_2612,COc1cccc2cc(C(=O)NC(C)=O)/c(=N/c3ccccc3F)oc12,0
ZINC04434167,DUD_inha_D_2613,Cc1occc1-c1nnc(SCC(=O)Nc2ccc3ccccc3c2)o1,0
ZINC04435957,DUD_inha_D_2614,O=C1C[C@@H](c2cccs2)CC2=C1[C@H](/C=C\c1ccccc1)n1ncnc1N2,0
ZINC04437087,DUD_inha_D_2615,Cc1cc(NC(=O)COC(=O)c2ccc(OC(F)F)cc2)n(-c2ccccc2)n1,0
ZINC04437656,DUD_inha_D_2616,Cc1cc(/C=C2\NC(=O)N(Cc3ccccc3F)C2=O)c(C)n1-c1ccncc1,0
ZINC04437769,DUD_inha_D_2617,Cc1cc(/C=C2\NC(=O)N(Cc3ccccc3F)C2=O)c(C)n1-c1cccnc1,0
ZINC04442234,DUD_inha_D_2618,COc1ccc(-n2cccc2/C=C2\C(=O)NC(=O)N(c3ccc(F)cc3)C2=O)cc1,0
ZINC04442888,DUD_inha_D_2619,CC(=O)c1sc(/N=c2\cc(-c3ccccc3)oc3ccc(O)cc23)nc1C,0
ZINC04443112,DUD_inha_D_2620,COc1ccc(-c2c/c(=N\c3nc(C)cs3)c3cc(O)ccc3o2)cc1,0
ZINC04443157,DUD_inha_D_2621,COc1ccc(-c2c/c(=N\c3nnc(C)s3)c3cc(O)ccc3o2)cc1,0
ZINC04443409,DUD_inha_D_2622,COc1ccccc1N1C(=O)/C(=C\c2cn(C)c3ccccc23)C(=O)NC1=S,0
ZINC04443561,DUD_inha_D_2623,Cc1cc(/C=C2/C(=N)N3N=CSC3=NC2=O)c(C)n1-c1ccc2ccccc2c1,0
ZINC04448193,DUD_inha_D_2624,CSc1ccc([C@H]2c3c(nn(-c4ccccc4)c3O)N=C3CCCC(=O)[C@@H]32)cc1,0
ZINC04451875,DUD_inha_D_2625,CSc1c(C(=O)Nc2ccccc2C)ccc2c1C(=O)c1ccccc1C2=O,0
ZINC04459492,DUD_inha_D_2626,COc1ccc(/C=C2\C(=N)N3C(c4ccccc4)=CSC3=NC2=O)cc1OC,0
ZINC04460273,DUD_inha_D_2627,C/C(=N\C1CC1)c1c(-c2ccccc2)[nH]n(-c2nc3ccccc3s2)c1=O,0
ZINC04460379,DUD_inha_D_2628,COc1ccccc1/C=C1\C(=N)N2C(c3ccccc3)=CSC2=NC1=O,0
ZINC04461882,DUD_inha_D_2629,Cc1ccc2c(c1)N(Cc1cccc(C(=O)NCc3ccc(F)cc3)c1)C(=O)CO2,0
ZINC04462900,DUD_inha_D_2630,Cc1c(C(=O)O[C@@H](C)C(=O)Nc2ccc(Br)cc2)oc2ccccc12,0
ZINC04462930,DUD_inha_D_2631,Cc1c(C(=O)O[C@@H](C)C(=O)Nc2ccc(Cl)cc2)oc2ccccc12,0
ZINC04464289,DUD_inha_D_2632,Cc1sc2ncn(CC(=O)N/N=C\c3ccco3)c(=O)c2c1-c1ccccc1,0
ZINC04464324,DUD_inha_D_2633,CN1C(=O)C[C@H](C(=O)Nc2ccccc2F)S/C1=N\c1ccccc1,0
ZINC04464374,DUD_inha_D_2634,Cc1nc2ccccc2c(=O)n1/N=C\c1c[nH]nc1-c1ccc(Br)cc1,0
ZINC04464374,DUD_inha_D_2635,Cc1nc2ccccc2c(=O)n1/N=C/c1cn[nH]c1-c1ccc(Br)cc1,0
ZINC04464416,DUD_inha_D_2636,Cc1nc2ccccc2c(=O)n1/N=C\c1cc(Br)c2ccccc2c1O,0
ZINC04464594,DUD_inha_D_2637,COc1ccc(/N=c2/nc[nH]c3c2cnn3-c2cccc(C)c2)cc1Cl,0
ZINC04464961,DUD_inha_D_2638,CCOc1ccc2nc(N3C(=O)/C(=C/c4ccccc4)NC3=S)sc2c1,0
ZINC04465026,DUD_inha_D_2639,Cc1nn(-c2ccccc2)c(Cl)c1/C=N\NC(=O)c1ccc2ccccc2n1,0
ZINC04465175,DUD_inha_D_2640,CC(C)(C)c1ccc(-c2n[nH]c(=S)n2/N=C/c2cccc3ccccc23)cc1,0
ZINC04465178,DUD_inha_D_2641,Cc1cc(C)nc(N2Cc3ccccc3/C2=N/C(=O)Nc2ccc(F)cc2)n1,0
ZINC04465213,DUD_inha_D_2642,C[C@H]1Cc2ccccc2N1C(=O)/C=C\c1cn[nH]c1-c1cc2ccccc2o1,0
ZINC04465224,DUD_inha_D_2643,Cc1ccc(Cn2ccs/c2=N\C(=O)c2cc(=O)[nH]c3ccccc23)cc1,0
ZINC04465228,DUD_inha_D_2644,Cn1/c(=N/NC(=O)C2=CCC(=O)N(c3ccccc3)N2)sc2ccccc21,0
ZINC04465247,DUD_inha_D_2645,Cc1ccc(C)c(S(=O)(=O)N/N=C/c2ccc(-c3ccc(F)cc3)o2)c1,0
ZINC04465271,DUD_inha_D_2646,Cc1nc2ccccn2c1C(=O)N/N=C/c1ccc(-c2ccc(F)cc2)o1,0
ZINC04465360,DUD_inha_D_2647,C[C@]1(c2ccc(OC(F)F)cc2)NC(=O)N(/N=C\c2cccc3ccccc23)C1=O,0
ZINC04465370,DUD_inha_D_2648,CC[C@]1(C)NC(=O)N(/N=C\c2cn(-c3ccccc3)nc2-c2cccs2)C1=O,0
ZINC04465402,DUD_inha_D_2649,CC(=O)Nc1ccc(-n2c(C)cs/c2=N\C(=O)c2ccccc2)cc1,0
ZINC04467531,DUD_inha_D_2650,CN(C)c1ccc(/C=C2/C(=N)N3C(c4ccccc4)=CSC3=NC2=O)cc1,0
ZINC04467558,DUD_inha_D_2651,COc1ccc(/C=C2\C(=N)N3C(c4ccccc4)=CSC3=NC2=O)cc1,0
ZINC04467637,DUD_inha_D_2652,Cc1cc(/C=C2/S/C(=N\c3ccc(F)cc3)NC2=O)c(C)n1-c1ccncc1,0
ZINC04467718,DUD_inha_D_2653,CCSc1nnc2c(n1)O[C@H](/C=C/c1ccco1)Nc1ccccc1-2,0
ZINC04467812,DUD_inha_D_2654,C=CCSc1nnc2c(n1)O[C@@H](/C=C\c1ccco1)Nc1ccccc1-2,0
ZINC04468120,DUD_inha_D_2655,O=C1N=C(N2CCN(c3ccccc3F)CC2)S/C1=C\c1cccc(O)c1,0
ZINC04468235,DUD_inha_D_2656,C=CCN1C(=O)/C(=N\NC(=S)Nc2ccccc2)c2ccccc21,0
ZINC04468665,DUD_inha_D_2657,CCc1ccc(N2CN=c3s/c(=C\c4ccccc4O)c(=O)n3C2)cc1,0
ZINC04469529,DUD_inha_D_2658,Cc1c(/N=C\c2c(O)ccc3cc(Br)ccc23)c(=O)n(-c2ccccc2)n1C,0
ZINC04469703,DUD_inha_D_2659,Cc1nn(-c2ccccc2)c(Cl)c1/C=N/NC(=O)[C@H]1COc2ccccc2O1,0
ZINC04469707,DUD_inha_D_2660,Cc1nn(-c2ccccc2)c(Cl)c1/C=N\NC(=O)c1ccc2c(c1)OCCO2,0
ZINC04470069,DUD_inha_D_2661,Cc1ccc2oc(-c3ccc(Cl)cc3)c/c(=N\c3nnc(C)[nH]3)c2c1,0
ZINC04470165,DUD_inha_D_2662,CC1=N/C(=C\c2c(O)ccc3ccccc23)C(=O)N(c2ccccc2)N1C,0
ZINC04470367,DUD_inha_D_2663,CN/C(=N\c1ccccc1)S[C@H]1CC(=O)N(c2ccccc2)C1=O,0
ZINC04470429,DUD_inha_D_2664,CC(=O)NC(=O)c1cc2c(ccc3ccccc32)o/c1=N/c1ccc(F)cc1F,0
ZINC04470454,DUD_inha_D_2665,CC[C@H](C)/N=C/c1c(-c2ccccc2)[nH]n(-c2nc3ccccc3s2)c1=O,0
ZINC04471956,DUD_inha_D_2666,CC(C)c1ccc(/C=C2\C(=N)N3N=C(c4ccccc4)SC3=NC2=O)cc1,0
ZINC04475140,DUD_inha_D_2667,O=C(CCC[N@H+]1C=C[C@H](n2c(=O)[nH]c3ccccc32)CC1)c1ccc(F)cc1,0
ZINC04475736,DUD_inha_D_2668,O=C(CCC(=O)c1ccccc1)Nc1nc2c(s1)CCc1ccccc1-2,0
ZINC04477419,DUD_inha_D_2669,C[C@]1(c2cccc3ccccc23)NC(=O)N(Cc2nc3ccccc3s2)C1=O,0
ZINC04477750,DUD_inha_D_2670,C[C@]1(c2ccccc2Cl)NC(=O)N(Cc2csc(-c3ccccc3)n2)C1=O,0
ZINC04479457,DUD_inha_D_2671,Cc1ccc(-c2nnc(NC(=O)/C=C/c3ccccc3Cl)o2)c(C)c1,0
ZINC04479467,DUD_inha_D_2672,Cc1ccc(-c2nnc(NC(=O)Cc3cccc4ccccc34)o2)c(C)c1,0
ZINC04487103,DUD_inha_D_2673,CCc1sc(NC(=O)Cn2c(=O)oc3ccccc32)nc1-c1ccccc1,0
ZINC04488452,DUD_inha_D_2674,COc1cccc([C@H]2CC(c3cccs3)=NN2C(=O)c2ccco2)c1O,0
ZINC04492427,DUD_inha_D_2675,Cc1ccc2nc(CSc3nc(Cc4ccccc4)c(C)[nH]3)cc(=O)n2c1,0
ZINC04492722,DUD_inha_D_2676,CCn1c2ccccc2c2nnc(S[C@H](C)c3nc4ccccc4c(=O)[nH]3)nc21,0
ZINC04492722,DUD_inha_D_2677,CCn1c2ccccc2c2nnc(S[C@@H](C)c3nc(=O)c4ccccc4[nH]3)nc21,0
ZINC04492722,DUD_inha_D_2678,CCn1c2ccccc2c2nnc(S[C@H](C)c3nc(O)c4ccccc4n3)nc21,0
ZINC04492782,DUD_inha_D_2679,C=CCn1c(SCc2nc3ccccc3c(=O)[nH]2)nc2ccccc21,0
ZINC04492782,DUD_inha_D_2680,C=CCn1c(SCc2nc3ccccc3c(=O)[nH]2)[nH+]c2ccccc21,0
ZINC04492782,DUD_inha_D_2681,C=CCn1c(SCc2nc(=O)c3ccccc3[nH]2)[nH+]c2ccccc21,0
ZINC04494960,DUD_inha_D_2682,Cn1cccc1C(=O)NC(=O)COC(=O)c1cc2c(s1)-c1ccccc1OC2,0
ZINC04494997,DUD_inha_D_2683,C[C@H](OC(=O)c1cc2c(s1)-c1ccccc1OC2)C(=O)Nc1ccccc1F,0
ZINC04496457,DUD_inha_D_2684,Cc1ccc(SCC(=O)Nc2nc(-c3ccc4c(c3)OCO4)cs2)cc1,0
ZINC04497319,DUD_inha_D_2685,O=C(N[C@H]1CC(=O)N(c2cccc(F)c2)C1)c1cccc2ccccc12,0
ZINC04497523,DUD_inha_D_2686,O=C(N[C@H]1CC(=O)N(c2ccc(Cl)cc2)C1)c1cc2ccccc2o1,0
ZINC04501002,DUD_inha_D_2687,Cc1ccc(NC(=O)CSc2nncn2-c2ccccc2C)cc1F,0
ZINC04501197,DUD_inha_D_2688,CSc1ccccc1NC(=O)CSc1nncn1-c1ccccc1C,0
ZINC04501939,DUD_inha_D_2689,Cc1sc2c(c1C)C(=O)N[C@@H](c1ccc(OCc3ccccc3)cc1)N2,0
ZINC04510175,DUD_inha_D_2690,Cc1ccc(Nc2nc(CSc3nncn3-c3ccccc3C)cs2)cc1,0
ZINC04512162,DUD_inha_D_2691,COc1ccc(C(=O)Nc2ccc3sc4ccccc4c(=O)c3c2)cc1,0
ZINC04515786,DUD_inha_D_2692,COc1ccc(-n2nc(-c3ccc(C)o3)cc2C(=O)Nc2ccc(F)cc2)cc1,0
ZINC04517385,DUD_inha_D_2693,CSc1ccccc1C(=O)Nc1nc(-c2ccccc2)c(C(C)=O)s1,0
ZINC04518391,DUD_inha_D_2694,Cc1c(Cl)cccc1NC(=O)CSc1nnc(C)n1-n1cccc1,0
ZINC04595593,DUD_inha_D_2695,O=C(CSc1ccc2ccccc2n1)Nc1ccc(N2CCOCC2)cc1,0
ZINC04595871,DUD_inha_D_2696,c1ccc(CNc2nc(-c3cccnc3)nc3sc4c(c23)CCCC4)nc1,0
ZINC04596002,DUD_inha_D_2697,COc1ccc(-c2csc(NC(=O)c3cn4ccccc4n3)n2)cc1,0
ZINC04597916,DUD_inha_D_2698,CC1(C)Cc2ccccc2C(CSc2n[nH]c3c4ccccc4nc-3n2)=N1,0
ZINC04610752,DUD_inha_D_2699,CC1=NN(c2ccccc2)C(=O)/C1=C(\C)NNC(=O)c1cccc(Br)c1,0
ZINC04610757,DUD_inha_D_2700,CC1=NN(c2ccccc2)C(=O)/C1=C(/C)NNC(=O)c1ccc(Cl)cc1,0
ZINC04621470,DUD_inha_D_2701,C/C(=C/c1[nH]nc(-c2ccc(F)cc2)c1-c1ccncc1)Cc1cccnc1,0
ZINC04622925,DUD_inha_D_2702,Cc1cc(NC(=O)CSc2nc3ccccc3n2-c2ccccc2)no1,0
ZINC04628264,DUD_inha_D_2703,C=C(NOCC)c1ccc2c(c1)ncn2-c1cccc(-n2ccnc2)c1,0
ZINC04628595,DUD_inha_D_2704,O=C1C[C@@H](O)C[C@H](CCn2c(-c3ccc(F)cc3)nc3ccccc32)O1,0
ZINC04633453,DUD_inha_D_2705,Cc1cccc(O[C@H](C)C(=O)Nc2nc(-c3ccccn3)cs2)c1,0
ZINC04633485,DUD_inha_D_2706,Cc1cc(C)n(-c2ccc(Cl)c(C(=O)NCc3ccccn3)n2)n1,0
ZINC04633710,DUD_inha_D_2707,CCc1c(O)n(-c2ccccc2)c(=S)n(Cc2nc3ccccc3[nH]2)c1=O,0
