name,id,smiles,active
ZINC04631167,DUD_fxa_A_1,N=[CH+](N)c1cccc(Cn2c(C(N)=O)cc3ccccc32)c1,1
ZINC04631097,DUD_fxa_A_2,N=[CH+](N)c1cccc(Cn2c(C(N)=O)cc3c2cccc3O)c1,1
ZINC04631071,DUD_fxa_A_3,Cc1cccc2c1cc(C(N)=O)n2Cc1cccc([CH+](=N)N)c1,1
ZINC04631020,DUD_fxa_A_4,CCOC(=O)c1cc2ccccc2n1Cc1ccc([CH+](=N)N)cc1,1
ZINC04631021,DUD_fxa_A_5,CCOC(=O)c1cc2ccccc2n1Cc1cccc([CH+](=N)N)c1,1
ZINC04631063,DUD_fxa_A_6,COC(=O)c1c(C)c2ccccc2n1Cc1cccc([CH+](=N)N)c1,1
ZINC04631056,DUD_fxa_A_7,CSC(=O)c1cc2c(cccc2O)n1Cc1cccc([CH+](=N)N)c1,1
ZINC04631039,DUD_fxa_A_8,COC(=O)c1cc2cc(F)ccc2n1Cc1cccc([CH+](=N)N)c1,1
ZINC04631019,DUD_fxa_A_9,CCOC(=O)c1cc2c(cccc2C)n1Cc1cccc([CH+](=N)N)c1,1
ZINC04631035,DUD_fxa_A_10,COC(=O)c1c2ccccc2n(Cc2cccc([CH+](=N)N)c2)c1C(=O)OC,1
ZINC03815607,DUD_fxa_A_11,N=C(N)c1cccc(OCC(=O)Nc2ccc(C(=O)N3CC=CC3)cc2)c1,1
ZINC03815591,DUD_fxa_A_12,N=C(N)c1ccc(C(=O)N[C@@H](COc2cccc(C(=N)N)c2)C(=O)O)cc1,1
ZINC01490749,DUD_fxa_A_13,O=C1CN(S(=O)(=O)C=Cc2ccc(Cl)s2)CCN1Cc1cc2cnccc2[nH]1,1
ZINC03815610,DUD_fxa_A_14,C[C@@H](NC(=O)Nc1ccc(Cl)cc1)C(=O)Nc1ccc(N2CCOCC2=O)cc1,1
ZINC03815611,DUD_fxa_A_15,CCCN(NC(=O)Nc1ccc(Cl)cc1)C(=O)Nc1ccc(N2CCOCC2=O)cc1,1
ZINC03815598,DUD_fxa_A_16,Cc1c(F)c(Oc2cccc([CH+](=N)N)c2)nc(Oc2cccc([CH+](=N)N)c2)c1F,1
ZINC03815599,DUD_fxa_A_17,Cc1c(F)c(Oc2cccc(C(=O)N(C)C)c2)nc(Oc2cc(C(=N)N)ccc2N)c1F,1
ZINC04631143,DUD_fxa_A_18,N=[CH+](N)c1cccc(Cn2c(C(=O)NCc3ccccc3)cc3ccccc32)c1,1
ZINC04631140,DUD_fxa_A_19,N=[CH+](N)c1cccc(Cn2c(C(=O)NCc3ccccc3)cc3c2cccc3O)c1,1
ZINC04631205,DUD_fxa_A_20,N=[CH+](N)c1cccc(Cn2c(C(=O)NCc3ccccn3)cc3c2cccc3O)c1,1
ZINC04631098,DUD_fxa_A_21,N=[CH+](N)c1cccc(Cn2c(C(=O)NCC3CCCCC3)cc3c2cccc3O)c1,1
ZINC03831899,DUD_fxa_A_22,CN1C=CC(CNC(=O)c2cc3ccccc3n2Cc2cccc(C(=N)N)c2)=CC1,1
ZINC03815848,DUD_fxa_A_23,C[C@H](NC(=O)c1cc2ccccc2n1Cc1cccc(C(=N)N)c1)C1=CCN(C)C=C1,1
ZINC03815850,DUD_fxa_A_24,CN1C=CC(CNC(=O)c2cc3cc(F)ccc3n2Cc2cccc(C(=N)N)c2)=CC1,1
ZINC04631069,DUD_fxa_A_25,Cc1cccc(CNC(=O)c2cc3c(cccc3O)n2Cc2cccc([CH+](=N)N)c2)c1,1
ZINC04631077,DUD_fxa_A_26,Cc1cccc2c1cc(C(=O)NCc1ccc(O)cc1)n2Cc1cccc([CH+](=N)N)c1,1
ZINC04631137,DUD_fxa_A_27,N=[CH+](N)c1cccc(Cn2c(C(=O)NCc3ccccc3Cl)cc3c2cccc3O)c1,1
ZINC04631128,DUD_fxa_A_28,N=[CH+](N)c1cccc(Cn2c(C(=O)NCc3cccc(Cl)c3)cc3c2cccc3O)c1,1
ZINC04631129,DUD_fxa_A_29,N=[CH+](N)c1cccc(Cn2c(C(=O)NCc3cccc(F)c3)cc3c2cccc3O)c1,1
ZINC04631113,DUD_fxa_A_30,N=[CH+](N)c1cccc(Cn2c(C(=O)NCc3cc(F)cc(F)c3)cc3c2cccc3O)c1,1
ZINC04631054,DUD_fxa_A_31,COc1cccc2c1cc(C(=O)NCc1ccc(O)cc1)n2Cc1cccc([CH+](=N)N)c1,1
ZINC04631048,DUD_fxa_A_32,COc1cccc(CNC(=O)c2cc3c(cccc3O)n2Cc2cccc([CH+](=N)N)c2)c1,1
ZINC04631169,DUD_fxa_A_33,N=[CH+](N)c1ccc(CNC(=O)c2cc3ccccc3n2Cc2cccc([CH+](=N)N)c2)cc1,1
ZINC04631044,DUD_fxa_A_34,COc1ccc(CNC(=O)c2cc3c(cccc3O)n2Cc2cccc([CH+](=N)N)c2)cc1,1
ZINC04631018,DUD_fxa_A_35,CCN(CC1=CC[NH+](C)C=C1)C(=O)c1cc2ccccc2n1Cc1cccc([CH+](=N)N)c1,1
ZINC04631175,DUD_fxa_A_36,N=[CH+](N)c1cccc(Cn2c(C(=O)NCc3cccc(C(N)=O)c3)cc3ccccc32)c1,1
ZINC04631177,DUD_fxa_A_37,N=[CH+](N)c1cccc(CNC(=O)c2cc3ccccc3n2Cc2cccc([CH+](=N)N)c2)c1,1
ZINC03831927,DUD_fxa_A_38,[NH3+]C([NH3+])c1cccc(COC(=O)c2cc3ccccc3n2Cc2cccc(C([NH3+])[NH3+])c2)c1,1
ZINC02047781,DUD_fxa_A_39,N=C(N)c1cccc(COC(=O)c2cc3ccccc3n2Cc2cccc(C(=N)N)c2)c1,1
ZINC04631085,DUD_fxa_A_40,Cc1cccc2c1cc(C(=O)OCc1cccc(C(=N)N)c1)n2Cc1cccc(C(=N)N)c1,1
ZINC04631073,DUD_fxa_A_41,Cc1cccc2c1cc(C(=O)NCC1CCN([CH+](=N)N)CC1)n2Cc1cccc([CH+](=N)N)c1,1
ZINC04631072,DUD_fxa_A_42,Cc1cccc2c1cc(C(=O)NCC1CCC([CH+](=N)N)CC1)n2Cc1cccc([CH+](=N)N)c1,1
ZINC04631078,DUD_fxa_A_43,Cc1cccc2c1cc(C(=O)NCc1cccc([N+](=O)[O-])c1)n2Cc1cccc([CH+](=N)N)c1,1
ZINC04631092,DUD_fxa_A_44,N=C(N)c1cccc(CNC(=O)c2cc3cc(O)ccc3n2Cc2cccc(C(=N)N)c2)c1,1
ZINC04631119,DUD_fxa_A_45,N=[CH+](N)c1ccc(CNC(=O)c2cc3c(cccc3O)n2Cc2cccc([CH+](=N)N)c2)cc1,1
ZINC02007314,DUD_fxa_A_46,N=C(N)c1cccc(CNC(=O)c2cc3c(O)cccc3n2Cc2cccc(C(=N)N)c2)c1,1
ZINC03941406,DUD_fxa_A_47,Cc1cccc2c1cc(C(=O)NCc1cccc([CH+](=N)N)c1)n2Cc1cccc([CH+](=N)N)c1,1
ZINC04631047,DUD_fxa_A_48,COc1ccc2c(cc(C(=O)NCc3ccncc3)n2Cc2cccc([CH+](=N)N)c2)c1OC,1
ZINC03815573,DUD_fxa_A_49,O=C1[C@@H](NS(=O)(=O)c2cc3ncccc3s2)CCN1Cc1cc2ccncc2[nH]1,1
ZINC03815585,DUD_fxa_A_50,N=C(N)c1cccc(-c2cccc([C@H](CCCNc3ccncc3)C(=O)O)c2)c1,1
ZINC00587692,DUD_fxa_A_51,COc1ccc(C(=O)Nc2ccc(O)cc2NC(=O)c2ccc(N(C)C)cc2)cc1,1
ZINC03815580,DUD_fxa_A_52,CC(C)(C)c1ccc(C(=O)Nc2ccccc2NC(=O)c2cccc(C(=N)N)c2)cc1,1
ZINC03815604,DUD_fxa_A_53,N=C(N)c1cccc(OCCNC(=O)c2ccc(-c3ccccc3S(N)(=O)=O)cc2)c1,1
ZINC03831885,DUD_fxa_A_54,CN1C=CC(CCNC(=O)c2cc3ccccc3n2Cc2cccc(C(=N)N)c2)=CC1,1
ZINC04631051,DUD_fxa_A_55,COc1cccc2c1cc(C(=O)NCCc1ccc(O)cc1)n2Cc1cccc([CH+](=N)N)c1,1
ZINC04631158,DUD_fxa_A_56,N=C(N)c1ccc(CNC(=O)c2cn(Cc3cccc(C(=N)N)c3)c3ccccc23)cc1,1
ZINC04631162,DUD_fxa_A_57,N=[CH+](N)c1cccc(CNC(=O)c2cn(Cc3cccc([CH+](=N)N)c3)c3ccccc23)c1,1
ZINC03815608,DUD_fxa_A_58,N=C(N)c1ccc2ncn(CC(=O)Nc3ccc(-c4ccccc4S(N)(=O)=O)cc3)c2c1,1
ZINC03815612,DUD_fxa_A_59,Cn1c2ccc(C3(C(=O)N4CCCC4)CC3)cc2nc(Cc2ccc([CH+](=N)N)cc2)c1=O,1
ZINC03815594,DUD_fxa_A_60,Cc1nc2ccccc2n1Cc1ccc2c(c1)nc(CNc1ccc([CH+](=N)N)cc1)n2C,1
ZINC03815601,DUD_fxa_A_61,Cn1ccnc1-c1cccc(Oc2cc(C(=O)O)cc(Oc3cc(C(=N)N)ccc3O)n2)c1,1
ZINC03791107,DUD_fxa_A_62,CC(=N)N1CC[C@H](Oc2ccc([C@H](Cc3ccc4ccc(C(=N)N)cc4c3)C(=O)O)cc2)C1,1
ZINC04631156,DUD_fxa_A_63,N=[CH+](N)c1cccc(Cn2c(C(=O)NCc3ccnc4ccccc34)cc3c2cccc3O)c1,1
ZINC04631194,DUD_fxa_A_64,N=[CH+](N)c1cccc(Cn2c(C(=O)NCc3nccc4ccccc43)cc3c2cccc3O)c1,1
ZINC00538264,DUD_fxa_D_1,Cc1cc(Nc2ccc3c(c2)c(-c2ccc(N)cc2)[n+](C)c2cc(N)ccc32)nc(N)[n+]1C,0
ZINC00538490,DUD_fxa_D_2,CN(C)C(=O)c1cccc(COc2ccc(N3C(N)=NC(N)=NC3(C)C)cc2Cl)c1,0
ZINC00576547,DUD_fxa_D_3,OC[C@@H]1O[C@@H](n2cnc3c(NC[C@H](c4ccccc4)c4ccco4)ncnc32)[C@H](O)[C@H]1O,0
ZINC00587714,DUD_fxa_D_4,CC[NH+](CC)Cc1ccc2cc(CNNC(=O)c3ccc(C(=O)NO)cc3)ccc2c1,0
ZINC00588177,DUD_fxa_D_5,NS(=O)(=O)c1ccc(-c2ccc(OC[C@@H](O)CCc3cccnc3)cc2)cc1F,0
ZINC00588180,DUD_fxa_D_6,NS(=O)(=O)c1cc(F)c(-c2ccc(OC[C@@H](O)CCc3cccnc3)cc2)cc1F,0
ZINC00588191,DUD_fxa_D_7,NS(=O)(=O)c1ccc(-c2ccc(OC[C@H](O)CCc3cccnc3)cc2)cc1,0
ZINC00588651,DUD_fxa_D_8,Cc1cnc(NCCc2ccccc2)c(=O)n1CC(=O)NCc1ccc2c(N)noc2c1,0
ZINC00588653,DUD_fxa_D_9,Cc1cnc(NCCc2ccccc2)c(=O)n1CC(=O)NCc1ccc2c(N)n[nH]c2c1,0
ZINC00588653,DUD_fxa_D_10,Cc1cnc(NCCc2ccccc2)c(=O)n1CC(=O)NCc1ccc2c(N)[nH]nc2c1,0
ZINC00588653,DUD_fxa_D_11,Cc1cnc(NCCc2ccccc2)c(=O)n1CC(=O)NCc1ccc2c(N)[nH]nc2c1,0
ZINC00589946,DUD_fxa_D_12,COc1ccc(Cn2c(NC(=S)Nc3ccc(C[NH3+])cc3)nc3ccccc32)cc1,0
ZINC00591277,DUD_fxa_D_13,Cc1c(-c2ccncc2)[nH]c2ccc(C(=O)N[C@@H](SCc3ccccc3)C(N)=O)cc12,0
ZINC00593014,DUD_fxa_D_14,C[C@@H](O)CNC(=O)Cn1cc(-c2ccc(Oc3ccccc3)cc2)c2c(N)ncnc21,0
ZINC00593668,DUD_fxa_D_15,CCc1cc(C(=O)Nc2ccc(-n3ccnc3C)cc2)n(-c2ccc3onc(N)c3c2)n1,0
ZINC00593668,DUD_fxa_D_16,CCc1cc(C(=O)Nc2ccc(-n3cc[nH+]c3C)cc2)n(-c2ccc3onc(N)c3c2)n1,0
ZINC00598221,DUD_fxa_D_17,COc1ccc(S(=O)(=O)c2ccc(CN3CCCc4cc5nc(N)[nH]c5cc43)cc2)cc1,0
ZINC00598221,DUD_fxa_D_18,COc1ccc(S(=O)(=O)c2ccc(CN3CCCc4cc5[nH+]c(N)[nH]c5cc43)cc2)cc1,0
ZINC00599266,DUD_fxa_D_19,CCOC(=O)c1nccc2c(OC(=O)c3ccc(NC(N)=[NH2+])cc3)cccc12,0
ZINC00599267,DUD_fxa_D_20,CC(C)OC(=O)c1nccc2c(OC(=O)c3ccc(NC(N)=[NH2+])cc3)cccc12,0
ZINC00599268,DUD_fxa_D_21,NC(=[NH2+])Nc1ccc(C(=O)Oc2cccc3c(C(=O)OCc4ccccc4)nccc23)cc1,0
ZINC00599926,DUD_fxa_D_22,Nc1nc(OCCc2ccc3ccccc3c2)nc2c1ncn2[C@@H]1O[C@@H](CO)[C@H](O)[C@H]1O,0
ZINC00600179,DUD_fxa_D_23,CC(C)(C)C(=O)Oc1ccc(CCNc2nc(N)n3nc(-c4ccco4)nc3n2)cc1,0
ZINC00600823,DUD_fxa_D_24,Nc1nc(Cl)c(N)c(NC[C@@H](CO)C2CC(CCCc3ccccc3)C2)n1,0
ZINC00602537,DUD_fxa_D_25,NS(=O)(=O)c1ccc(-c2ccc(OC[C@H](O)CCc3cccnc3)cc2Cl)nc1,0
ZINC00605224,DUD_fxa_D_26,Nc1nc2cc3c(cc2[nH]1)N(Cc1ccc(S(=O)(=O)c2ccc(O)cc2)cc1)CCC3,0
ZINC00605224,DUD_fxa_D_27,Nc1[nH]c2cc3c(cc2[nH+]1)CCCN3Cc1ccc(S(=O)(=O)c2ccc(O)cc2)cc1,0
ZINC00605331,DUD_fxa_D_28,C[NH+](C)CCSc1ccc(OC(=O)c2ccc(NC(N)=[NH2+])cc2)cc1,0
ZINC00606347,DUD_fxa_D_29,NC(=O)N(O)CCOc1ccc2c(c1)CCN(Cc1ccc(-c3ccccc3)cc1)C2=O,0
ZINC00623136,DUD_fxa_D_30,CCc1c(-c2ccccc2)nc(NC#N)nc1-c1nc(NC#N)nc(-c2ccccc2)c1CC,0
ZINC00624198,DUD_fxa_D_31,COc1cc(CNc2ccc(S(N)(=O)=O)cc2)ccc1OCc1ccccc1F,0
ZINC00626019,DUD_fxa_D_32,Cn1c(=O)[nH]c(=O)c2c1nc(NCCc1ccccc1)n2C[C@@H](O)COc1ccccc1,0
ZINC00626019,DUD_fxa_D_33,Cn1c(=O)[nH]c(=O)c2c1[nH+]c(NCCc1ccccc1)n2C[C@@H](O)COc1ccccc1,0
ZINC00626022,DUD_fxa_D_34,Cn1c(=O)[nH]c(=O)c2c1nc(NCCc1ccccc1)n2C[C@@H](O)COc1ccccc1,0
ZINC00626022,DUD_fxa_D_35,Cn1c(=O)[nH]c(=O)c2c1[nH+]c(NCCc1ccccc1)n2C[C@@H](O)COc1ccccc1,0
ZINC00626142,DUD_fxa_D_36,Cc1ccccc1OC[C@H](O)Cn1c(NCCc2ccccc2)nc2c1c(=O)[nH]c(=O)n2C,0
ZINC00626144,DUD_fxa_D_37,Cc1ccccc1OC[C@H](O)Cn1c(NCCc2ccccc2)nc2c1c(=O)[nH]c(=O)n2C,0
ZINC00632459,DUD_fxa_D_38,Cn1c(=O)[nH]c(=O)c2c1nc(NCc1ccccc1)n2C[C@H](O)COc1ccccc1,0
ZINC00632459,DUD_fxa_D_39,Cn1c(=O)[nH]c(=O)c2c1[nH+]c(NCc1ccccc1)n2C[C@H](O)COc1ccccc1,0
ZINC00632464,DUD_fxa_D_40,Cn1c(=O)[nH]c(=O)c2c1nc(NCc1ccccc1)n2C[C@@H](O)COc1ccccc1,0
ZINC00632464,DUD_fxa_D_41,Cn1c(=O)[nH]c(=O)c2c1[nH+]c(NCc1ccccc1)n2C[C@H](O)COc1ccccc1,0
ZINC00634370,DUD_fxa_D_42,Cc1ccc(S(=O)(=O)N(CC(=O)Nc2ccc(C(N)=O)cc2)c2cccc(C)c2)cc1,0
ZINC00634454,DUD_fxa_D_43,Nc1nc(N)c(-c2nc3ccccc3s2)c(CCC(=O)Nc2ccc(Cl)cc2)n1,0
ZINC00634454,DUD_fxa_D_44,Nc1nc(N)c(-c2nc3ccccc3s2)c(CCC(=O)Nc2ccc(Cl)cc2)[nH+]1,0
ZINC00634454,DUD_fxa_D_45,Nc1nc(N)c(-c2nc3ccccc3s2)c(CCC(=O)Nc2ccc(Cl)cc2)[nH+]1,0
ZINC00637983,DUD_fxa_D_46,COc1ccc(OC[C@@H](O)Cn2c(Nc3ccccc3)nc3c2c(=O)[nH]c(=O)n3C)cc1,0
ZINC00637983,DUD_fxa_D_47,COc1ccc(OC[C@@H](O)Cn2c(Nc3ccccc3)[nH+]c3c2c(=O)[nH]c(=O)n3C)cc1,0
ZINC00638913,DUD_fxa_D_48,Cc1ccc(S(=O)(=O)NCc2cccc(CNS(=O)(=O)c3ccc(C)cc3)c2)cc1,0
ZINC00639322,DUD_fxa_D_49,Nc1ccc(Oc2ccc(S(=O)(=O)c3ccc(Oc4ccc(N)cc4)cc3)cc2)cc1,0
ZINC00639855,DUD_fxa_D_50,CC(=O)Nc1ccc(S(=O)(=O)Nc2ccccc2C(=O)NCCc2ccccc2)cc1,0
ZINC00640443,DUD_fxa_D_51,COc1ccc(OC)c(NC(=O)CSc2nc(N)c(-c3ccccc3)c(=O)[nH]2)c1,0
ZINC00640443,DUD_fxa_D_52,COc1ccc(OC)c(NC(=O)CSc2nc(N)c(-c3ccccc3)c(O)n2)c1,0
ZINC00640443,DUD_fxa_D_53,COc1ccc(OC)c(NC(=O)CSc2nc(N)c(-c3ccccc3)c(O)n2)c1,0
ZINC00642505,DUD_fxa_D_54,COc1ccc(NC(=S)NNc2nnc(-c3ccccc3)c(-c3ccccc3)n2)cc1,0
ZINC00644800,DUD_fxa_D_55,COc1ccc(NC(=O)CCc2cc(-c3ccc(O)c(OC)c3)nc(NC#N)n2)cc1,0
ZINC00654526,DUD_fxa_D_56,O=C(N/N=C/c1c[nH]c2ccccc12)c1ccc(C(=O)N/N=C/c2c[nH]c3ccccc23)o1,0
ZINC00654528,DUD_fxa_D_57,O=C(N/N=C\c1c[nH]c2ccccc12)c1ccc(C(=O)N/N=C\c2c[nH]c3ccccc23)o1,0
ZINC00654531,DUD_fxa_D_58,O=C(N/N=C\c1c[nH]c2ccccc12)c1ccc(C(=O)N/N=C/c2c[nH]c3ccccc23)o1,0
ZINC00654694,DUD_fxa_D_59,C=CCn1c(CNc2ccccc2)nnc1SCC(=O)N/N=C/c1cccc(O)c1,0
ZINC00654696,DUD_fxa_D_60,C=CCn1c(CNc2ccccc2)nnc1SCC(=O)N/N=C/c1cccc(O)c1,0
ZINC00655991,DUD_fxa_D_61,C=CCn1c(CNc2ccccc2)nnc1S[C@H](C)C(=O)N/N=C\c1cccc(O)c1,0
ZINC00655993,DUD_fxa_D_62,C=CCn1c(CNc2ccccc2)nnc1S[C@H](C)C(=O)N/N=C/c1cccc(O)c1,0
ZINC00655995,DUD_fxa_D_63,C=CCn1c(CNc2ccccc2)nnc1S[C@@H](C)C(=O)N/N=C\c1cccc(O)c1,0
ZINC00656978,DUD_fxa_D_64,Cc1ccc(-c2cc(C(=O)Nc3ccc(S(N)(=O)=O)cc3)c3ccccc3n2)cc1C,0
ZINC00660977,DUD_fxa_D_65,Cc1ccc(N(CC(=O)Nc2ccc(C(N)=O)cc2)S(=O)(=O)c2ccccc2)cc1C,0
ZINC00662964,DUD_fxa_D_66,Cn1c(=O)[nH]c(=O)c2c1nc(SCC(=O)Nc1ccccc1)n2CCCc1ccccc1,0
ZINC00663054,DUD_fxa_D_67,CC(C)c1ccc(/C=N\NC(=O)Cn2c(-c3nonc3N)nc3ccccc32)cc1,0
ZINC00663054,DUD_fxa_D_68,CC(C)c1ccc(/C=N\NC(=O)Cn2c(-c3nonc3N)[nH+]c3ccccc32)cc1,0
ZINC00670386,DUD_fxa_D_69,CC(=O)Nc1ccc(S(=O)(=O)Nc2cccc(C(=O)Nc3cccc(Cl)c3)c2)cc1,0
ZINC00678104,DUD_fxa_D_70,CC1(C)CC(=O)C2=C(C1)OC(N)=C(C#N)[C@H]2c1ccc(OCC(=O)Nc2ccccc2)cc1,0
ZINC00679624,DUD_fxa_D_71,NC(=O)c1ccc(-n2nnnc2SCC(=O)Nc2ccccc2-c2ccccc2)cc1,0
ZINC00687509,DUD_fxa_D_72,COc1cccc2cc(-c3nnc(SCC(=O)Nc4ccc5ccccc5c4)n3N)oc12,0
ZINC00687566,DUD_fxa_D_73,CC(C)OC(=O)c1cccc(NC(=O)CSc2nnc(COc3ccccc3)n2N)c1,0
ZINC00695486,DUD_fxa_D_74,C=CCn1c(CNc2ccccc2)nnc1SCC(=O)N/N=C\c1ccc(O)cc1O,0
ZINC00695551,DUD_fxa_D_75,C=CCn1c(CNc2ccc(C)cc2)nnc1SCC(=O)N/N=C\c1ccc(O)cc1,0
ZINC00695552,DUD_fxa_D_76,C=CCn1c(CNc2ccc(C)cc2)nnc1SCC(=O)N/N=C/c1ccc(O)cc1,0
ZINC00695582,DUD_fxa_D_77,C=CCn1c(CNc2ccccc2)nnc1SCC(=O)N/N=C\c1ccccc1O,0
ZINC00695583,DUD_fxa_D_78,C=CCn1c(Cn2nnc3ccccc32)nnc1SCC(=O)N/N=C/c1cccc(O)c1,0
ZINC00695584,DUD_fxa_D_79,C=CCn1c(Cn2nnc3ccccc32)nnc1SCC(=O)N/N=C\c1cccc(O)c1,0
ZINC00706758,DUD_fxa_D_80,CCCc1n[nH]c2c1[C@H](c1ccc(OC(=O)c3ccccc3)c(OC)c1)C(C#N)=C(N)O2,0
ZINC00706758,DUD_fxa_D_81,CCCc1[nH]nc2c1[C@H](c1ccc(OC(=O)c3ccccc3)c(OC)c1)C(C#N)=C(N)O2,0
ZINC00711777,DUD_fxa_D_82,CCOC(=O)c1cc(NC(=O)c2ccc(N)cc2)cc(NC(=O)c2ccc(N)cc2)c1,0
ZINC00722133,DUD_fxa_D_83,CCOc1cc(/C=N\NC(=O)c2ccccc2)c(O)c(/C=N\NC(=O)c2ccccc2)c1,0
ZINC00722137,DUD_fxa_D_84,COC(=O)c1cc(/C=N/NC(=O)c2ccccc2)c(O)c(/C=N/NC(=O)c2ccccc2)c1,0
ZINC00722141,DUD_fxa_D_85,COc1cc(/C=N/NC(=O)c2ccccc2)c(O)c(/C=N/NC(=O)c2ccccc2)c1,0
ZINC00726366,DUD_fxa_D_86,CC(=O)Nc1ccc(C(=O)N/N=C/c2ccccc2OC(=O)c2ccc([N+](=O)[O-])cc2)cc1,0
ZINC00726389,DUD_fxa_D_87,Cc1ccc(C(=O)Nc2nnc(CC(=O)N/N=C\c3ccccc3O)s2)cc1,0
ZINC00726391,DUD_fxa_D_88,Cc1ccc(C(=O)Nc2nnc(CC(=O)N/N=C/c3cccc(O)c3)s2)cc1,0
ZINC00726393,DUD_fxa_D_89,Cc1ccc(C(=O)Nc2nnc(CC(=O)N/N=C\c3ccc(O)cc3)s2)cc1,0
ZINC00730116,DUD_fxa_D_90,Cc1ccc(Cn2c(SCC(=O)N/N=C\c3ccc(O)cc3O)[nH+]c3ccccc32)cc1,0
ZINC00754362,DUD_fxa_D_91,Nc1ccc(S(=O)(=O)Nc2nc3ccccc3nc2Nc2ccc3ccccc3c2)cc1,0
ZINC00754363,DUD_fxa_D_92,Nc1ccc(S(=O)(=O)Nc2nc3ccccc3nc2NCCc2ccccc2)cc1,0
ZINC00754651,DUD_fxa_D_93,CC(=O)Nc1ccc(S(=O)(=O)Nc2nc3ccccc3nc2Nc2ccccc2)cc1,0
ZINC00754681,DUD_fxa_D_94,CC(=O)Nc1ccc(Nc2nc3ccccc3nc2NS(=O)(=O)c2ccc(C)cc2)cc1,0
ZINC00762021,DUD_fxa_D_95,Cc1c(C(=O)NC[C@H](O)CO)c2cc(OCc3ccccc3)ccc2n1Cc1ccco1,0
ZINC00762870,DUD_fxa_D_96,Cc1c(C(=O)NCCc2ccc(F)cc2)c2cc(OCC(N)=O)ccc2n1Cc1ccco1,0
ZINC00764212,DUD_fxa_D_97,Cc1c(C(=O)NCc2ccc(N)cc2)c2cc(OCC(N)=O)ccc2n1Cc1ccco1,0
ZINC00771138,DUD_fxa_D_98,CC1(C)C[C@@H]([NH2+]CCc2ccccc2F)c2cc(C(=O)NCc3ccccc3N)ccc2O1,0
ZINC00773814,DUD_fxa_D_99,O=C(NC[C@@H](O)CO)c1c(-c2ccc(F)cc2)noc1-c1ccc(-c2ccccc2)cc1,0
ZINC00774863,DUD_fxa_D_100,O=C(NC[C@@H](O)CO)c1c(-c2ccccc2Cl)noc1-c1ccc(-c2ccccc2)cc1,0
ZINC00774886,DUD_fxa_D_101,O=C(NC[C@@H](O)CO)c1c(-c2ccccc2Cl)noc1-c1cccc2ccccc12,0
ZINC00778467,DUD_fxa_D_102,CC(=O)Nc1ccc(NC(=O)CSc2nnc(-c3cccnc3)n2Cc2ccco2)cc1,0
ZINC00779665,DUD_fxa_D_103,O=C(N/N=C\c1ccc(/C=N\NC(=O)c2ccc(O)cc2)cc1)c1ccc(O)cc1,0
ZINC00779667,DUD_fxa_D_104,O=C(N/N=C\c1ccc(/C=N\NC(=O)c2ccc(O)cc2)cc1)c1ccc(O)cc1,0
ZINC00779668,DUD_fxa_D_105,O=C(N/N=C\c1ccc(/C=N/NC(=O)c2ccc(O)cc2)cc1)c1ccc(O)cc1,0
ZINC00786116,DUD_fxa_D_106,CC(=O)Nc1ccc(Nc2nnc(-c3ccc(C)c(S(N)(=O)=O)c3)c3ccccc23)cc1,0
ZINC00792116,DUD_fxa_D_107,COc1ccc(-n2ncc3c(NCCc4ccc(S(N)(=O)=O)cc4)ncnc32)cc1,0
ZINC00796571,DUD_fxa_D_108,Cc1cccc(-n2c(N)cc(=O)nc2SCC(=O)Nc2cccc3ccccc23)c1,0
ZINC00797117,DUD_fxa_D_109,Cc1ccc(S(=O)(=O)N[C@@H]2c3cccc4cccc(c34)[C@@H]2Sc2nnc(N)[nH]2)cc1,0
ZINC00797120,DUD_fxa_D_110,Cc1ccc(S(=O)(=O)N[C@H]2c3cccc4cccc(c34)[C@@H]2Sc2nnc(N)[nH]2)cc1,0
ZINC00798428,DUD_fxa_D_111,Cc1cccc(-n2c(N)cc(=O)nc2S[C@@H](C)C(=O)Nc2cccc3ccccc23)c1,0
ZINC00799919,DUD_fxa_D_112,O=C(COc1ccc(/C=N\NC(=O)c2ccc(O)cc2)cc1)Nc1cccc([N+](=O)[O-])c1,0
ZINC00799922,DUD_fxa_D_113,COc1cc(/C=N/NC(=O)c2ccncc2)ccc1OCC(=O)Nc1cccc([N+](=O)[O-])c1,0
ZINC00799923,DUD_fxa_D_114,COc1cc(/C=N\NC(=O)c2ccncc2)ccc1OCC(=O)Nc1cccc([N+](=O)[O-])c1,0
ZINC00801801,DUD_fxa_D_115,COc1ccc(NC(=O)CCn2nc(-c3ccccc3)c3ccccc3c2=O)cc1C(N)=O,0
ZINC00806045,DUD_fxa_D_116,Cc1[nH]c2ccccc2c1/C=N/NC(=O)Cc1nnc(NC(=O)c2ccccc2)s1,0
ZINC00806047,DUD_fxa_D_117,O=C(Cc1nnc(NC(=O)c2ccccc2)s1)N/N=C\c1c[nH]c2ccccc12,0
ZINC00806243,DUD_fxa_D_118,Cc1cccc(-n2c(N)cc(=O)nc2SCC(=O)Nc2ccc3ccccc3c2)c1,0
ZINC00808253,DUD_fxa_D_119,Cc1cc(SCC(=O)Nc2ccc(S(N)(=O)=O)cc2)nc(-c2ccccc2)n1,0
ZINC00818686,DUD_fxa_D_120,COc1ccc(NC(=O)COc2ccc([C@H]3C(C#N)=C(N)Oc4[nH]nc(C)c43)cc2)cc1,0
ZINC00818686,DUD_fxa_D_121,COc1ccc(NC(=O)COc2ccc([C@H]3C(C#N)=C(N)Oc4n[nH]c(C)c43)cc2)cc1,0
ZINC00818687,DUD_fxa_D_122,COc1ccc(NC(=O)COc2ccc([C@@H]3C(C#N)=C(N)Oc4[nH]nc(C)c43)cc2)cc1,0
ZINC00818687,DUD_fxa_D_123,COc1ccc(NC(=O)COc2ccc([C@@H]3C(C#N)=C(N)Oc4n[nH]c(C)c43)cc2)cc1,0
ZINC00818688,DUD_fxa_D_124,CCOc1ccc(NC(=O)COc2ccc([C@@H]3C(C#N)=C(N)Oc4[nH]nc(C)c43)cc2)cc1,0
ZINC00818688,DUD_fxa_D_125,CCOc1ccc(NC(=O)COc2ccc([C@H]3C(C#N)=C(N)Oc4n[nH]c(C)c43)cc2)cc1,0
ZINC00818689,DUD_fxa_D_126,CCOc1ccc(NC(=O)COc2ccc([C@@H]3C(C#N)=C(N)Oc4[nH]nc(C)c43)cc2)cc1,0
ZINC00818689,DUD_fxa_D_127,CCOc1ccc(NC(=O)COc2ccc([C@@H]3C(C#N)=C(N)Oc4n[nH]c(C)c43)cc2)cc1,0
ZINC00818690,DUD_fxa_D_128,COc1cccc(NC(=O)COc2ccc([C@@H]3C(C#N)=C(N)Oc4[nH]nc(C)c43)cc2)c1,0
ZINC00818690,DUD_fxa_D_129,COc1cccc(NC(=O)COc2ccc([C@H]3C(C#N)=C(N)Oc4n[nH]c(C)c43)cc2)c1,0
ZINC00818691,DUD_fxa_D_130,COc1cccc(NC(=O)COc2ccc([C@H]3C(C#N)=C(N)Oc4[nH]nc(C)c43)cc2)c1,0
ZINC00818691,DUD_fxa_D_131,COc1cccc(NC(=O)COc2ccc([C@H]3C(C#N)=C(N)Oc4n[nH]c(C)c43)cc2)c1,0
ZINC00818696,DUD_fxa_D_132,COc1cc([C@H]2C(C#N)=C(N)Oc3[nH]nc(C)c32)ccc1OCC(=O)Nc1ccccc1,0
ZINC00818696,DUD_fxa_D_133,COc1cc([C@H]2C(C#N)=C(N)Oc3n[nH]c(C)c32)ccc1OCC(=O)Nc1ccccc1,0
ZINC00818698,DUD_fxa_D_134,COc1cc([C@H]2C(C#N)=C(N)Oc3[nH]nc(C)c32)ccc1OCC(=O)Nc1ccccc1,0
ZINC00818698,DUD_fxa_D_135,COc1cc([C@@H]2C(C#N)=C(N)Oc3n[nH]c(C)c32)ccc1OCC(=O)Nc1ccccc1,0
ZINC00818699,DUD_fxa_D_136,COc1cc([C@H]2C(C#N)=C(N)Oc3[nH]nc(C)c32)ccc1OCC(=O)Nc1ccc(F)cc1,0
ZINC00818699,DUD_fxa_D_137,COc1cc([C@H]2C(C#N)=C(N)Oc3n[nH]c(C)c32)ccc1OCC(=O)Nc1ccc(F)cc1,0
ZINC00818700,DUD_fxa_D_138,COc1cc([C@@H]2C(C#N)=C(N)Oc3[nH]nc(C)c32)ccc1OCC(=O)Nc1ccc(F)cc1,0
ZINC00818700,DUD_fxa_D_139,COc1cc([C@@H]2C(C#N)=C(N)Oc3n[nH]c(C)c32)ccc1OCC(=O)Nc1ccc(F)cc1,0
ZINC00818701,DUD_fxa_D_140,COc1cc([C@@H]2C(C#N)=C(N)Oc3[nH]nc(C)c32)ccc1OCC(=O)Nc1ccccc1C,0
ZINC00818701,DUD_fxa_D_141,COc1cc([C@@H]2C(C#N)=C(N)Oc3n[nH]c(C)c32)ccc1OCC(=O)Nc1ccccc1C,0
ZINC00818702,DUD_fxa_D_142,COc1cc([C@H]2C(C#N)=C(N)Oc3[nH]nc(C)c32)ccc1OCC(=O)Nc1ccccc1C,0
ZINC00818702,DUD_fxa_D_143,COc1cc([C@H]2C(C#N)=C(N)Oc3n[nH]c(C)c32)ccc1OCC(=O)Nc1ccccc1C,0
ZINC00818703,DUD_fxa_D_144,COc1cc([C@@H]2C(C#N)=C(N)Oc3[nH]nc(C)c32)ccc1OCC(=O)Nc1ccc(C)cc1,0
ZINC00818703,DUD_fxa_D_145,COc1cc([C@H]2C(C#N)=C(N)Oc3n[nH]c(C)c32)ccc1OCC(=O)Nc1ccc(C)cc1,0
ZINC00818704,DUD_fxa_D_146,COc1cc([C@H]2C(C#N)=C(N)Oc3[nH]nc(C)c32)ccc1OCC(=O)Nc1ccc(C)cc1,0
ZINC00818704,DUD_fxa_D_147,COc1cc([C@@H]2C(C#N)=C(N)Oc3n[nH]c(C)c32)ccc1OCC(=O)Nc1ccc(C)cc1,0
ZINC00818707,DUD_fxa_D_148,COc1ccc(NC(=O)COc2ccccc2[C@H]2C(C#N)=C(N)Oc3[nH]nc(C)c32)cc1,0
ZINC00818707,DUD_fxa_D_149,COc1ccc(NC(=O)COc2ccccc2[C@H]2C(C#N)=C(N)Oc3n[nH]c(C)c32)cc1,0
ZINC00818708,DUD_fxa_D_150,COc1ccc(NC(=O)COc2ccccc2[C@H]2C(C#N)=C(N)Oc3[nH]nc(C)c32)cc1,0
ZINC00818708,DUD_fxa_D_151,COc1ccc(NC(=O)COc2ccccc2[C@@H]2C(C#N)=C(N)Oc3n[nH]c(C)c32)cc1,0
ZINC00818709,DUD_fxa_D_152,CCOc1ccc(NC(=O)COc2ccccc2[C@@H]2C(C#N)=C(N)Oc3[nH]nc(C)c32)cc1,0
ZINC00818709,DUD_fxa_D_153,CCOc1ccc(NC(=O)COc2ccccc2[C@H]2C(C#N)=C(N)Oc3n[nH]c(C)c32)cc1,0
ZINC00818710,DUD_fxa_D_154,CCOc1ccc(NC(=O)COc2ccccc2[C@H]2C(C#N)=C(N)Oc3[nH]nc(C)c32)cc1,0
ZINC00818710,DUD_fxa_D_155,CCOc1ccc(NC(=O)COc2ccccc2[C@H]2C(C#N)=C(N)Oc3n[nH]c(C)c32)cc1,0
ZINC00820222,DUD_fxa_D_156,Nc1ccc(C(=O)NN=C2CCC(=NNC(=O)c3ccc(N)cc3)CC2)cc1,0
ZINC00820481,DUD_fxa_D_157,Nc1cccc(Oc2ccc(S(=O)(=O)c3ccc(Oc4cccc(N)c4)cc3)cc2)c1,0
ZINC00820806,DUD_fxa_D_158,Cc1nc(C)c(C(=O)N/N=C\c2ccc(O)cc2)cc1C(=O)N/N=C\c1ccc(O)cc1,0
ZINC00820807,DUD_fxa_D_159,Cc1nc(C)c(C(=O)N/N=C\c2ccc(O)cc2)cc1C(=O)N/N=C\c1ccc(O)cc1,0
ZINC00820809,DUD_fxa_D_160,Cc1nc(C)c(C(=O)N/N=C/c2ccc(O)cc2)cc1C(=O)N/N=C\c1ccc(O)cc1,0
ZINC00820811,DUD_fxa_D_161,Cc1nc(C)c(C(=O)N/N=C/c2cccc(O)c2)cc1C(=O)N/N=C/c1cccc(O)c1,0
ZINC00820812,DUD_fxa_D_162,Cc1nc(C)c(C(=O)N/N=C\c2cccc(O)c2)cc1C(=O)N/N=C\c1cccc(O)c1,0
ZINC00820813,DUD_fxa_D_163,Cc1nc(C)c(C(=O)N/N=C\c2cccc(O)c2)cc1C(=O)N/N=C\c1cccc(O)c1,0
ZINC00822429,DUD_fxa_D_164,CC(=O)Nc1ccc(C(=O)Nc2ccc(NC(=O)c3ccc(NC(C)=O)cc3)cc2)cc1,0
ZINC00825491,DUD_fxa_D_165,COc1ccc(C(=O)Nc2nnc(CC(=O)N/N=C\c3c(C)[nH]c4ccccc34)s2)cc1,0
ZINC00827834,DUD_fxa_D_166,Nc1ccc(C(=O)Nc2ccc(Oc3ccc(NC(=O)c4ccc(N)cc4)cc3)cc2)cc1,0
ZINC00833294,DUD_fxa_D_167,COc1ccc(S(=O)(=O)c2ccc(CN(C)c3ccc4nc(N)nc(N)c4c3)cc2)cc1,0
ZINC00833300,DUD_fxa_D_168,CN(Cc1ccc(S(=O)(=O)c2ccc(F)cc2)cc1)c1ccc2nc(N)nc(N)c2c1,0
ZINC00833314,DUD_fxa_D_169,CCN(Cc1ccc(S(=O)(=O)c2ccccc2)cc1)c1ccc2nc(N)nc(N)c2c1,0
ZINC00834809,DUD_fxa_D_170,CCc1nc(N)nc(N)c1-c1ccc(Cl)c(/N=N\N(CCO)Cc2ccccc2)c1,0
ZINC00836645,DUD_fxa_D_171,CCOC(=O)c1ccc(NC(=O)c2ccc(OC(=O)c3ccc(NC(N)=[NH2+])cc3)cc2)cc1,0
ZINC00837459,DUD_fxa_D_172,CS(=O)(=O)Nc1ccc(CCNC(=O)c2ccc3[nH]c4c(c3c2)C[C@H]([NH3+])CC4)cc1,0
ZINC00837814,DUD_fxa_D_173,C[C@H](C(=O)OCc1ccccc1)c1ccc(OC(=O)c2ccc(NC(N)=[NH2+])cc2)cc1,0
ZINC00842746,DUD_fxa_D_174,S=C(NNc1nc(Nc2ccccc2)nc(Nc2ccccc2)n1)Nc1ccccc1,0
ZINC00850881,DUD_fxa_D_175,Cc1ccccc1OC[C@@H](O)Cn1c(NCc2ccccc2)nc2c1c(=O)[nH]c(=O)n2C,0
ZINC00850881,DUD_fxa_D_176,Cc1ccccc1OC[C@H](O)Cn1c(NCc2ccccc2)[nH+]c2c1c(=O)[nH]c(=O)n2C,0
ZINC00850882,DUD_fxa_D_177,Cc1ccccc1OC[C@H](O)Cn1c(NCc2ccccc2)nc2c1c(=O)[nH]c(=O)n2C,0
ZINC00850882,DUD_fxa_D_178,Cc1ccccc1OC[C@@H](O)Cn1c(NCc2ccccc2)[nH+]c2c1c(=O)[nH]c(=O)n2C,0
ZINC00852502,DUD_fxa_D_179,COC(=O)c1ccc(NC(=O)CSc2nc(CNc3ccc(C)cc3)n[nH]2)cc1,0
ZINC00856539,DUD_fxa_D_180,O=C(N/N=C\c1c[nH]c2ccccc12)[C@H]1C[C@H]1C(=O)N/N=C/c1c[nH]c2ccccc12,0
ZINC00860651,DUD_fxa_D_181,NC(=S)N/N=C\c1ccc(OC[C@H](O)Cn2c3ccccc3c3ccccc32)cc1,0
ZINC00860652,DUD_fxa_D_182,NC(=S)N/N=C\c1ccc(OC[C@@H](O)Cn2c3ccccc3c3ccccc32)cc1,0
ZINC00860653,DUD_fxa_D_183,NC(=S)N/N=C\c1ccc(OC[C@H](O)Cn2c3ccccc3c3ccccc32)cc1,0
ZINC00863804,DUD_fxa_D_184,O=C(CSc1nnc(-c2ccccc2)n1-c1ccccc1)N/N=C\c1ccc(O)c(O)c1,0
ZINC00863805,DUD_fxa_D_185,O=C(CSc1nnc(-c2ccccc2)n1-c1ccccc1)N/N=C\c1ccc(O)c(O)c1,0
ZINC00863828,DUD_fxa_D_186,O=C(CSc1[nH+]c2ccccc2n1Cc1ccccc1)N/N=C/c1ccc(O)c(O)c1,0
ZINC00863829,DUD_fxa_D_187,O=C(CSc1[nH+]c2ccccc2n1Cc1ccccc1)N/N=C\c1ccc(O)c(O)c1,0
ZINC00864037,DUD_fxa_D_188,CCn1c(SCC(=O)N/N=C\c2ccc(O)cc2O)nnc1-c1ccc(OC)cc1,0
ZINC00864077,DUD_fxa_D_189,CCn1c(SCC(=O)N/N=C\c2ccc(O)c(O)c2)nnc1-c1ccc(OC)cc1,0
ZINC00864923,DUD_fxa_D_190,Cc1ccc(C(=O)COC(=O)c2ccc(NC(=O)c3cc(=O)[nH]c4ccccc34)cc2)cc1,0
ZINC00870173,DUD_fxa_D_191,Cc1[nH]c2ccccc2c1/C=N\NC(=O)Cn1c(-c2nonc2N)nc2ccccc21,0
ZINC00870173,DUD_fxa_D_192,Cc1[nH]c2ccccc2c1/C=N/NC(=O)Cn1c(-c2nonc2N)[nH+]c2ccccc21,0
ZINC00876452,DUD_fxa_D_193,COc1ccccc1NC(=O)C1=C(C)OC(N)=C(C#N)[C@@H]1c1cc2ccc(C)cc2[nH]c1=O,0
ZINC00876452,DUD_fxa_D_194,COc1ccccc1NC(=O)C1=C(C)OC(N)=C(C#N)[C@H]1c1cc2ccc(C)cc2nc1O,0
ZINC00876454,DUD_fxa_D_195,COc1ccccc1NC(=O)C1=C(C)OC(N)=C(C#N)[C@@H]1c1cc2ccc(C)cc2[nH]c1=O,0
ZINC00876454,DUD_fxa_D_196,COc1ccccc1NC(=O)C1=C(C)OC(N)=C(C#N)[C@@H]1c1cc2ccc(C)cc2nc1O,0
ZINC00877027,DUD_fxa_D_197,CS(=O)(=O)N(CC(=O)Nc1ccc(C(N)=O)cc1)c1ccc(Oc2ccccc2)cc1,0
ZINC00879077,DUD_fxa_D_198,CCOc1ccc2[nH]c3nc(SCC(=O)Nc4ccc(NC(C)=O)cc4)nnc3c2c1,0
ZINC00882562,DUD_fxa_D_199,Cc1ccc(N(CC(=O)Nc2ccc(C(N)=O)cc2)S(=O)(=O)c2ccc(C)cc2)cc1,0
ZINC00884795,DUD_fxa_D_200,CNS(=O)(=O)c1cc(-c2nnc(Nc3ccc(C(N)=O)cc3)c3ccccc23)ccc1C,0
ZINC00890290,DUD_fxa_D_201,O=C(Nc1ccc(Cc2ccc(NC(=O)c3ccco3)c(O)c2)cc1O)c1ccco1,0
ZINC00891798,DUD_fxa_D_202,CNC(=O)c1ccc(Nc2nnc(-c3ccc(C(N)=O)cc3)c3ccccc23)cc1,0
ZINC00892429,DUD_fxa_D_203,CC(=O)c1ccc(NC(=O)CSc2nnc(-c3ccc(O)cc3)n2-c2ccccc2)cc1,0
ZINC00892792,DUD_fxa_D_204,NS(=O)(=O)c1ccc(CCNC(=O)c2cc(-c3ccccc3)nc3ccccc23)cc1,0
ZINC00902563,DUD_fxa_D_205,Cc1ccc(-c2n[nH]c(=O)c3ccccc23)cc1S(=O)(=O)NCc1nc2ccccc2[nH]1,0
ZINC00902563,DUD_fxa_D_206,Cc1ccc(-c2n[nH]c(=O)c3ccccc23)cc1S(=O)(=O)NCc1[nH]c2ccccc2[nH+]1,0
ZINC00911820,DUD_fxa_D_207,Nc1ccc(C(=O)Nc2ccc(Cc3ccc(NC(=O)c4ccc(N)cc4)cc3)cc2)cc1,0
ZINC00915711,DUD_fxa_D_208,CC(=O)c1ccc(NC(=O)CSc2nnc(-c3ccc(O)cc3)n2Cc2ccco2)cc1,0
ZINC00915739,DUD_fxa_D_209,CC(=O)c1cccc(NC(=O)CSc2nnc(-c3ccc(O)cc3)n2Cc2ccco2)c1,0
ZINC00915870,DUD_fxa_D_210,COc1ccccc1-n1c(SCC(=O)Nc2cccc(O)c2)nnc1-c1ccccc1O,0
ZINC00928795,DUD_fxa_D_211,CC(=O)Nc1ccc(C(=O)CSc2nnc(-c3ccc(O)cc3)n2Cc2ccco2)cc1,0
ZINC00930539,DUD_fxa_D_212,COc1ccc(-c2nnc(SCC(=O)Nc3ccc(N)cc3)n2-c2ccccc2)cc1,0
ZINC00930541,DUD_fxa_D_213,COc1ccc(-c2nnc(SCC(=O)Nc3ccc(C)c(N)c3)n2-c2ccccc2)cc1,0
ZINC00930567,DUD_fxa_D_214,Cc1ccc(NCc2nnc(SCC(=O)Nc3ccc(N)cc3)n2-c2ccccc2)cc1,0
ZINC00930579,DUD_fxa_D_215,Nc1ccc(NC(=O)CSc2nnc(CNc3ccc(F)cc3)n2-c2ccccc2)cc1,0
ZINC00930585,DUD_fxa_D_216,Cc1cccc(OCc2nnc(SCC(=O)Nc3ccc(N)cc3)n2-c2ccccc2)c1,0
ZINC00930590,DUD_fxa_D_217,Cc1cccc(C)c1NCc1nnc(SCC(=O)Nc2cccc(N)c2)n1C,0
ZINC00942814,DUD_fxa_D_218,COc1cc(/C=N\NC(=O)CCc2n[nH]c(=O)[nH]c2=O)ccc1OCc1ccccc1,0
ZINC00942820,DUD_fxa_D_219,O=C(CCNc1n[nH]c(=O)[nH]c1=O)N/N=C/c1cccc(OCc2ccccc2)c1,0
ZINC00943105,DUD_fxa_D_220,COc1cc(/C=N\NC(=O)Cc2n[nH]c(=O)[nH]c2=O)ccc1OCc1ccc(Cl)cc1,0
ZINC00943704,DUD_fxa_D_221,CC(C)(c1ccccc1)c1ccc(OCC(=O)Nc2ccc(S(N)(=O)=O)cc2)cc1,0
ZINC00945699,DUD_fxa_D_222,COc1ccc2ccccc2c1-c1cc(C(=O)N/N=C/c2ccc(O)cc2O)[nH]n1,0
ZINC00945699,DUD_fxa_D_223,COc1ccc2ccccc2c1-c1cc(C(=O)N/N=C\c2ccc(O)cc2O)n[nH]1,0
ZINC00948183,DUD_fxa_D_224,COc1cc(/C=N/NC(=O)CCc2n[nH]c(=O)[nH]c2=O)ccc1OCCc1ccccc1,0
ZINC00948184,DUD_fxa_D_225,COc1cc(/C=N/NC(=O)CCc2n[nH]c(=O)[nH]c2=O)ccc1OCCc1ccccc1,0
ZINC00948204,DUD_fxa_D_226,O=C(CCc1n[nH]c(=O)[nH]c1=O)N/N=C\c1c(OCc2ccccc2)ccc2ccccc12,0
ZINC00949961,DUD_fxa_D_227,Cc1ccc(-n2c(SCC(=O)Nc3ccc(C(N)=O)cc3)nnc2-c2ccncc2)cc1,0
ZINC00953846,DUD_fxa_D_228,COc1cc(/C=C/C(=O)Nc2ccc(S(N)(=O)=O)cc2)ccc1OCc1ccccc1,0
ZINC00955047,DUD_fxa_D_229,NS(=O)(=O)c1ccc(NC(=O)/C=C\c2ccc(OCc3ccccc3)cc2)cc1,0
ZINC00958352,DUD_fxa_D_230,CCOc1cc(/C=N/NC(=O)Cn2cnc3sc(-c4ccccc4)cc3c2=O)ccc1O,0
ZINC00958353,DUD_fxa_D_231,CCOc1cc(/C=N/NC(=O)Cn2cnc3sc(-c4ccccc4)cc3c2=O)ccc1O,0
ZINC00958391,DUD_fxa_D_232,O=C(Cn1cnc2scc(-c3ccccc3)c2c1=O)N/N=C\c1ccc(O)cc1O,0
ZINC00959978,DUD_fxa_D_233,O=C(Nc1cccc(O)c1)c1cccc(NC2=C(Cl)C(=O)N(Cc3ccccc3)C2=O)c1,0
ZINC00971866,DUD_fxa_D_234,CNC(=O)c1ccc(Nc2nnc(-c3ccc(C)c(S(N)(=O)=O)c3)c3ccccc23)cc1,0
ZINC00974320,DUD_fxa_D_235,Cc1cccc(C)c1NC(=O)[C@H](NC(=O)c1ccc(-n2cnnn2)cc1)c1ccc(O)cc1,0
ZINC00974321,DUD_fxa_D_236,Cc1cccc(C)c1NC(=O)[C@H](NC(=O)c1ccc(-n2cnnn2)cc1)c1ccc(O)cc1,0
ZINC00986521,DUD_fxa_D_237,NS(=O)(=O)c1ccc(CCNC(=S)Nc2ccc(Oc3ccccc3)cc2)cc1,0
ZINC00992971,DUD_fxa_D_238,C[C@H](NC(=O)c1cc(N)cc(C(=O)N[C@H](C)c2ccccc2)c1)c1ccccc1,0
ZINC00992972,DUD_fxa_D_239,C[C@@H](NC(=O)c1cc(N)cc(C(=O)N[C@H](C)c2ccccc2)c1)c1ccccc1,0
ZINC00992973,DUD_fxa_D_240,C[C@H](NC(=O)c1cc(N)cc(C(=O)N[C@@H](C)c2ccccc2)c1)c1ccccc1,0
ZINC00992974,DUD_fxa_D_241,C[C@H](NC(=O)c1cc(N)cc(C(=O)N[C@@H](C)c2ccccc2)c1)c1ccccc1,0
ZINC00998899,DUD_fxa_D_242,Cc1ccc(-c2cc(C(=O)NCc3ccc(S(N)(=O)=O)cc3)c3ccccc3n2)cc1,0
ZINC01001400,DUD_fxa_D_243,C=CCn1c(CNc2ccccc2)nnc1SCC(=O)N/N=C\c1ccc(O)cc1,0
ZINC01001401,DUD_fxa_D_244,C=CCn1c(CNc2ccccc2)nnc1SCC(=O)N/N=C/c1ccc(O)cc1,0
ZINC01002392,DUD_fxa_D_245,CCOc1cccc(-c2cc(C(=O)Nc3ccc(C(N)=O)cc3)c3ccccc3n2)c1,0
ZINC01006610,DUD_fxa_D_246,O=C(NC1CCCCC1)c1cc(NC(=O)c2ccco2)cc(NC(=O)c2ccco2)c1,0
ZINC01012525,DUD_fxa_D_247,Cc1ccc(S(=O)(=O)N(CC(=O)Nc2ccc(C(N)=O)cc2)Cc2ccccc2)cc1,0
ZINC01012527,DUD_fxa_D_248,NC(=O)c1ccc(NC(=O)CN(Cc2ccccc2)S(=O)(=O)c2ccc(F)cc2)cc1,0
ZINC01040941,DUD_fxa_D_249,COc1ccc(-c2cc(-c3ccccc3)nc(NS(=O)(=O)c3ccc(N)cc3)n2)cc1,0
ZINC01044295,DUD_fxa_D_250,CC(=O)Nc1ccc(S(=O)(=O)Nc2nc3ccccc3nc2Nc2ccc(C)cc2)cc1,0
ZINC01049548,DUD_fxa_D_251,COc1cccc(-c2cc(C(=O)Nc3ccc(S(N)(=O)=O)cc3)c3ccccc3n2)c1,0
ZINC01049693,DUD_fxa_D_252,Nn1c(SCC(=O)Nc2ccc(OCc3ccccc3)cc2)nnc1-c1ccncc1,0
ZINC01049705,DUD_fxa_D_253,Nn1c(SCC(=O)Nc2ccc(OCc3ccccc3)cc2)nnc1-c1cccnc1,0
ZINC01049718,DUD_fxa_D_254,Nn1c(SCC(=O)Nc2ccc(OCc3ccccc3)cc2)nnc1-c1ccco1,0
ZINC01049746,DUD_fxa_D_255,Nn1c(SCC(=O)Nc2ccc(OCc3ccccc3)cc2)nnc1-c1ccccn1,0
ZINC01049776,DUD_fxa_D_256,Nn1c(SCC(=O)Nc2ccc(OCc3ccccc3)cc2)nnc1-c1ccccc1,0
ZINC01052173,DUD_fxa_D_257,COc1ccc(C(=O)Oc2ccc(/C=N\NC(=O)c3ccc(O)cc3)cc2[N+](=O)[O-])cc1,0
ZINC01055103,DUD_fxa_D_258,COc1ccccc1/N=C/c1ccc(O)c2c1OC(N)=C(C#N)[C@@H]2c1cccc([N+](=O)[O-])c1,0
ZINC01055108,DUD_fxa_D_259,COc1ccccc1/N=C/c1ccc(O)c2c1OC(N)=C(C#N)[C@H]2c1cccc([N+](=O)[O-])c1,0
ZINC01055112,DUD_fxa_D_260,COc1cccc(/N=C/c2ccc(O)c3c2OC(N)=C(C#N)[C@H]3c2ccccc2[N+](=O)[O-])c1,0
ZINC01055117,DUD_fxa_D_261,COc1cccc(/N=C\c2ccc(O)c3c2OC(N)=C(C#N)[C@H]3c2ccccc2[N+](=O)[O-])c1,0
ZINC01055130,DUD_fxa_D_262,COc1ccc(/N=C/c2ccc(O)c3c2OC(N)=C(C#N)[C@H]3c2cccc([N+](=O)[O-])c2)cc1,0
ZINC01055134,DUD_fxa_D_263,COc1ccc(/N=C\c2ccc(O)c3c2OC(N)=C(C#N)[C@@H]3c2cccc([N+](=O)[O-])c2)cc1,0
ZINC01055322,DUD_fxa_D_264,Cc1ccccc1C(=O)Nc1ccc(C(=O)N/N=C/c2ccc(O)cc2O)cc1,0
ZINC01055592,DUD_fxa_D_265,O=C(N/N=C\c1ccc(O)c(O)c1O)c1nc(-c2ccccc2)n(-c2ccccc2)n1,0
ZINC01057244,DUD_fxa_D_266,C=C(NN=C(/C=C\c1ccccc1)/C=C\c1ccccc1)c1nnn(-c2nonc2N)c1C,0
ZINC01058449,DUD_fxa_D_267,COc1ccc(Nc2nc(NCc3cccnc3)nc(NCc3cccnc3)n2)c(OC)c1,0
ZINC01062738,DUD_fxa_D_268,C=CCn1c(SCc2nc(N)nc(Nc3ccccc3)n2)nnc1-c1cccc(OC)c1,0
ZINC01064381,DUD_fxa_D_269,N#CC1=C(N)OC(NCc2ccco2)=C(NC(=O)c2ccccc2)[C@H]1c1ccccc1,0
ZINC01064384,DUD_fxa_D_270,N#CC1=C(N)OC(NCc2ccco2)=C(NC(=O)c2ccccc2)[C@@H]1c1ccccc1,0
ZINC01070008,DUD_fxa_D_271,Nc1n[nH]c(CC(=O)N(c2ccccc2)C2(C(=O)Nc3ccccc3)CCCCC2)n1,0
ZINC01073882,DUD_fxa_D_272,NS(=O)(=O)c1ccc(CCNC(=O)c2cc(-c3cccs3)nc3ccccc23)cc1,0
ZINC01076718,DUD_fxa_D_273,Nc1cc(=O)nc(SCC(=O)Nc2ccc3ccccc3c2)n1CCc1ccccc1,0
ZINC01076725,DUD_fxa_D_274,COC(=O)c1ccccc1NC(=O)CSc1nc(=O)cc(N)n1CCc1ccccc1,0
ZINC01076729,DUD_fxa_D_275,COC(=O)c1ccc(NC(=O)CSc2nc(=O)cc(N)n2CCc2ccccc2)cc1,0
ZINC01076844,DUD_fxa_D_276,Nc1cc(=O)nc(SCC(=O)Nc2ccc(Cl)cn2)n1CCc1ccccc1,0
ZINC01076982,DUD_fxa_D_277,C=CCn1c(COc2ccccc2)nnc1SCC(=O)Nc1ccc(C(N)=O)cc1,0
ZINC01077069,DUD_fxa_D_278,C=CCn1c(SCC(=O)Nc2ccc(C(N)=O)cc2)nnc1-c1ccc(C(C)(C)C)cc1,0
ZINC01080478,DUD_fxa_D_279,Cc1noc(NS(=O)(=O)c2ccc(NC(=S)NCCc3ccccc3)cc2)c1C,0
ZINC01080767,DUD_fxa_D_280,CC[C@@H](Sc1nc(=O)cc(N)n1CCc1ccccc1)C(=O)Nc1ccccc1C#N,0
ZINC01080768,DUD_fxa_D_281,CC[C@@H](Sc1nc(=O)cc(N)n1CCc1ccccc1)C(=O)Nc1ccccc1C#N,0
ZINC01083514,DUD_fxa_D_282,Cc1ccc(NC(=O)c2ccc(CSc3nc(N)cc(N)n3)cc2)c(C)c1,0
ZINC01083524,DUD_fxa_D_283,COc1ccc(NC(=O)c2ccc(CSc3nc(N)cc(N)n3)cc2)cc1,0
ZINC01083718,DUD_fxa_D_284,O=C(CSc1ccccc1O)Nc1ccccc1NC(=O)CSc1ccccc1O,0
ZINC01085713,DUD_fxa_D_285,O=C(CSc1nnc(-c2ccccc2)n1-c1ccccc1)N/N=C/c1ccc(O)cc1O,0
ZINC01088867,DUD_fxa_D_286,Cc1ccc(-n2c(SCC(=O)Nc3ccc(C(N)=O)cc3)nc3ccccc3c2=O)cc1,0
ZINC01092149,DUD_fxa_D_287,COc1ccc(/C=N\NC(=O)[C@@H](C)Nc2ccc3ccccc3c2)cc1OCC(N)=O,0
ZINC01092150,DUD_fxa_D_288,COc1ccc(/C=N/NC(=O)[C@@H](C)Nc2ccc3ccccc3c2)cc1OCC(N)=O,0
ZINC01092152,DUD_fxa_D_289,COc1ccc(/C=N/NC(=O)[C@@H](C)Nc2ccc3ccccc3c2)cc1OCC(N)=O,0
ZINC01093294,DUD_fxa_D_290,NC(=O)COc1ccc(/C=N\NC(=O)CSC2c3ccccc3-c3ccccc32)cc1,0
ZINC01095488,DUD_fxa_D_291,Cc1cccc(NC(=O)/C(C#N)=C/c2cc(C)n(-c3ccc(S(N)(=O)=O)cc3)c2C)c1,0
ZINC01099387,DUD_fxa_D_292,Cc1ccc(S(=O)(=O)N(CC(=O)Nc2ccc(C(N)=O)cc2)c2ccccc2C)cc1,0
ZINC01099389,DUD_fxa_D_293,CCc1ccccc1N(CC(=O)Nc1ccc(C(N)=O)cc1)S(=O)(=O)c1ccccc1,0
ZINC01107378,DUD_fxa_D_294,Nc1nc(CSC(=S)N2CCN(c3ccccc3)CC2)nc(Nc2ccccc2)n1,0
ZINC01109822,DUD_fxa_D_295,O=C(COc1ccc(S(=O)(=O)NCc2ccccc2)cc1)Nc1cccc([N+](=O)[O-])c1,0
ZINC01110337,DUD_fxa_D_296,CC(=O)c1cccc(NC(=O)COc2ccc(S(=O)(=O)NCc3ccccc3)cc2)c1,0
ZINC01113805,DUD_fxa_D_297,O=C(NCc1ccco1)c1cc(C(=O)NCc2ccco2)cc(C(=O)NCc2ccco2)c1,0
ZINC01114802,DUD_fxa_D_298,COc1ccc(NC(=O)c2ccc(-c3nn(C)c(=O)c4ccccc34)cc2)cc1C(N)=O,0
ZINC01114903,DUD_fxa_D_299,CC(=O)c1ccc(NC(=O)c2ccc(CSc3nc(N)cc(N)n3)cc2)cc1,0
ZINC01119701,DUD_fxa_D_300,NS(=O)(=O)c1ccc(NC(=S)Nc2ccc(OCc3ccccc3)cc2)cc1,0
ZINC01120520,DUD_fxa_D_301,COc1ccc(NS(=O)(=O)c2ccc(NC(=S)NCCc3ccccc3)cc2)cc1,0
ZINC01121308,DUD_fxa_D_302,CCOC(=O)c1ccc(NC(=S)Nc2cccc(C(=O)NCc3ccccc3)c2)cc1,0
ZINC01124874,DUD_fxa_D_303,COc1ccc(NC(=O)c2ccc(NC(=O)c3ccco3)cc2)cc1NC(=O)c1ccco1,0
ZINC01126401,DUD_fxa_D_304,Cc1cccc(C(=O)Nc2ccc(S(=O)(=O)NCCc3ccccc3)cc2)c1[N+](=O)[O-],0
ZINC01126895,DUD_fxa_D_305,CC(=O)Oc1ccc(C(=O)Nc2ccc(S(=O)(=O)NCCc3ccccc3)cc2)cc1,0
ZINC01129605,DUD_fxa_D_306,CCOc1ccc(-c2nnc(Nc3ccc(S(N)(=O)=O)cc3)c3ccccc23)cc1,0
ZINC01132290,DUD_fxa_D_307,NS(=O)(=O)c1ccc(CNC(=S)Nc2ccc(Nc3ccccc3)cc2)cc1,0
ZINC01134715,DUD_fxa_D_308,CC(=O)Nc1ccc(C(=O)Nc2ccc(S(=O)(=O)NCCc3ccccc3)cc2)cc1,0
ZINC01135841,DUD_fxa_D_309,O=C(Cc1ccccc1[N+](=O)[O-])Nc1ccc(S(=O)(=O)NCCc2ccccc2)cc1,0
ZINC01139095,DUD_fxa_D_310,CCOc1ccc(-c2cc(C(=O)Nc3ccc(S(N)(=O)=O)cc3)c3ccccc3n2)cc1,0
ZINC01143142,DUD_fxa_D_311,Cc1ccc(C(=O)Nc2cccc([N+](=O)[O-])c2)cc1S(=O)(=O)NCCc1ccccc1,0
ZINC01154669,DUD_fxa_D_312,CCOc1ccc(NS(=O)(=O)c2ccc(NC(=S)Nc3ccccc3)cc2)cc1,0
ZINC01166509,DUD_fxa_D_313,Cc1cccc(NS(=O)(=O)c2ccc(NC(=O)/C=C\c3cccc([N+](=O)[O-])c3)cc2)c1,0
ZINC01170165,DUD_fxa_D_314,Cc1ccc(S(=O)(=O)N(CC(=O)Nc2ccc(C(N)=O)cc2)c2ccc(F)cc2)cc1,0
ZINC01172710,DUD_fxa_D_315,COC(=O)c1ccc(Nc2nnc(-c3ccc(C)c(S(N)(=O)=O)c3)c3ccccc23)cc1,0
ZINC01188080,DUD_fxa_D_316,CC(C)(O)C#Cc1ccc(C(=O)NCCc2ccc(S(N)(=O)=O)cc2)cc1,0
ZINC01220239,DUD_fxa_D_317,NS(=O)(=O)c1ccc(CCNC(=O)c2ccc(C#Cc3ccccc3)cc2)cc1,0
ZINC01221342,DUD_fxa_D_318,NS(=O)(=O)c1ccc(CCNC(=O)c2ccc(C#CC3(O)CCCCC3)cc2)cc1,0
ZINC01223750,DUD_fxa_D_319,O=C(CSc1nnc(-c2ccccc2O)n1Cc1ccccc1)Nc1cccc(O)c1,0
ZINC01225898,DUD_fxa_D_320,O=C(N/N=C/c1ccccc1O)c1cccc(C(=O)N/N=C/c2ccccc2O)n1,0
ZINC01225901,DUD_fxa_D_321,O=C(N/N=C\c1ccccc1O)c1cccc(C(=O)N/N=C\c2ccccc2O)n1,0
ZINC01226927,DUD_fxa_D_322,CC(=O)Nc1ccc(S(=O)(=O)Nc2nc3ccccc3nc2Nc2cccc(O)c2)cc1,0
ZINC01230061,DUD_fxa_D_323,O=C(N/N=C/c1ccccc1O)c1ccc(C(=O)N/N=C/c2ccccc2O)cc1,0
ZINC01233378,DUD_fxa_D_324,O=C(N/N=C\c1c[nH]c2ccccc12)[C@@H]1C[C@@H]1C(=O)N/N=C/c1c[nH]c2ccccc12,0
ZINC01242961,DUD_fxa_D_325,O=C(CSc1nc2ccccc2c(=O)n1-c1ccccc1)N/N=C/c1ccc(O)c(O)c1,0
ZINC01242962,DUD_fxa_D_326,O=C(CSc1nc2ccccc2c(=O)n1-c1ccccc1)N/N=C\c1ccc(O)c(O)c1,0
ZINC01256528,DUD_fxa_D_327,Nc1c(C(=O)NCc2cccs2)c2nc3ccccc3nc2n1/N=C\c1ccccc1O,0
ZINC01263600,DUD_fxa_D_328,CC(C)CCNC(=O)c1c(N)n(/N=C/c2ccccc2O)c2nc3ccccc3nc12,0
ZINC01270341,DUD_fxa_D_329,Cc1cccc(NC(=O)c2c(N)n(/N=C\c3ccccc3O)c3nc4ccccc4nc23)c1,0
ZINC01270342,DUD_fxa_D_330,Cc1cccc(NC(=O)c2c(N)n(/N=C\c3ccccc3O)c3nc4ccccc4nc23)c1,0
ZINC01270821,DUD_fxa_D_331,Nc1c(C(=O)NCc2cccs2)c2nc3ccccc3nc2n1/N=C\c1cccc(O)c1,0
ZINC01272857,DUD_fxa_D_332,CC[C@@H](C)NC(=O)c1c(N)n(/N=C\c2ccc(O)c(O)c2)c2nc3ccccc3nc12,0
ZINC01272859,DUD_fxa_D_333,CC[C@H](C)NC(=O)c1c(N)n(/N=C\c2ccc(O)c(O)c2)c2nc3ccccc3nc12,0
ZINC01274002,DUD_fxa_D_334,Cc1cccc(NC(=O)c2c(N)n(/N=C/c3cccc(O)c3)c3nc4ccccc4nc23)c1,0
ZINC01275092,DUD_fxa_D_335,Cc1ccc(NC(=O)c2c(N)n(/N=C/c3cccc(O)c3)c3nc4ccccc4nc23)cc1,0
ZINC01276170,DUD_fxa_D_336,Nc1c(C(=O)Nc2ccccc2)c2nc3ccccc3nc2n1/N=C\c1ccc(O)c(O)c1,0
ZINC01278054,DUD_fxa_D_337,Nc1c(C(=O)NC2CCCCC2)c2nc3ccccc3nc2n1/N=C/c1ccc(O)c(O)c1,0
ZINC01278886,DUD_fxa_D_338,Cc1cccc(C)c1NC(=O)CSc1nnc([C@H]([NH3+])Cc2c[nH]c3ccccc23)o1,0
ZINC01283335,DUD_fxa_D_339,Cc1ccc(C)c(NC(=O)CSc2nnc([C@H]([NH3+])Cc3c[nH]c4ccccc34)o2)c1,0
ZINC01287230,DUD_fxa_D_340,CCOC(=O)c1ccc(NCC(=O)Nc2cc(=O)[nH]c(=O)n2Cc2ccccc2)cc1,0
ZINC01287244,DUD_fxa_D_341,CC(=O)Nc1ccc(NCC(=O)Nc2cc(=O)[nH]c(=O)n2Cc2ccccc2)cc1,0
ZINC01287268,DUD_fxa_D_342,COC(=O)c1ccc(NCC(=O)Nc2cc(=O)[nH]c(=O)n2CCc2ccccc2)cc1,0
ZINC01287269,DUD_fxa_D_343,CCOC(=O)c1ccc(NCC(=O)Nc2cc(=O)[nH]c(=O)n2CCc2ccccc2)cc1,0
ZINC01287281,DUD_fxa_D_344,CC(=O)Nc1ccc(NCC(=O)Nc2cc(=O)[nH]c(=O)n2CCc2ccccc2)cc1,0
ZINC01287832,DUD_fxa_D_345,Cc1ccc(NC[C@H](O)Cn2c(Nc3ccc(C)cc3)nc3c2c(=O)[nH]c(=O)n3C)cc1,0
ZINC01287833,DUD_fxa_D_346,Cc1ccc(NC[C@H](O)Cn2c(Nc3ccc(C)cc3)nc3c2c(=O)[nH]c(=O)n3C)cc1,0
ZINC01294931,DUD_fxa_D_347,Cc1ccc(NC(=O)c2c(N)n(/N=C\c3ccccc3O)c3nc4ccccc4nc23)cc1,0
ZINC01294933,DUD_fxa_D_348,Cc1ccc(NC(=O)c2c(N)n(/N=C/c3ccccc3O)c3nc4ccccc4nc23)cc1,0
ZINC01302065,DUD_fxa_D_349,Cc1cc(C)c2n/c(=N\c3nc(CSc4nc5ccccc5[nH]4)cc(=O)[nH]3)[nH]c(C)c2c1,0
ZINC01303836,DUD_fxa_D_350,Cc1ccc(-n2c(SCC(=O)N/N=C/c3cccc(O)c3)nc3ccccc3c2=O)cc1,0
ZINC01305717,DUD_fxa_D_351,Nc1nnc(CC(=O)N/N=C\c2ccc(OCc3cccc4ccccc34)cc2)s1,0
ZINC01305718,DUD_fxa_D_352,Nc1nnc(CC(=O)N/N=C/c2ccc(OCc3cccc4ccccc34)cc2)s1,0
ZINC01329653,DUD_fxa_D_353,CC(=O)Nc1ccc(NC(=O)CSc2ccc(-c3nc4ccccc4[nH]3)cn2)cc1,0
ZINC01329653,DUD_fxa_D_354,CC(=O)Nc1ccc(NC(=O)CSc2ccc(-c3[nH]c4ccccc4[nH+]3)cn2)cc1,0
ZINC01331350,DUD_fxa_D_355,COc1ccc(OC)c(NC(=O)CSc2nnc3cc(-c4ccccc4)nc(N)n23)c1,0
ZINC01342445,DUD_fxa_D_356,CCn1c(SCC(=O)Nc2ccc(NC(=O)c3ccco3)cc2)nnc1-c1cccnc1,0
ZINC01410446,DUD_fxa_D_357,Cc1cc(/C=N/NC(=O)c2cccc(Cl)c2)c(C)n1-c1ccc(S(N)(=O)=O)cc1,0
ZINC01410928,DUD_fxa_D_358,NC(=O)c1ccc(NC(=O)CN(C2CCCCC2)S(=O)(=O)c2ccc(Cl)cc2)cc1,0
ZINC01420929,DUD_fxa_D_359,C[C@@H](Sc1nc(=O)cc(N)n1CCc1ccccc1)C(=O)Nc1cccc2ccccc12,0
ZINC01420930,DUD_fxa_D_360,C[C@H](Sc1nc(=O)cc(N)n1CCc1ccccc1)C(=O)Nc1cccc2ccccc12,0
ZINC01421671,DUD_fxa_D_361,COc1ccc(C(=O)Oc2ccc(/C=N/NC(=O)c3cccc(O)c3)cc2[N+](=O)[O-])cc1,0
ZINC01426269,DUD_fxa_D_362,CN(C)c1nc(N)nc(CSc2nnc(CCc3ccccc3O)n2-c2ccccc2)n1,0
ZINC01432407,DUD_fxa_D_363,CC[C@@H](Sc1nc(=O)cc(N)n1CCc1ccccc1)C(=O)Nc1ccc(Cl)cn1,0
ZINC01432408,DUD_fxa_D_364,CC[C@@H](Sc1nc(=O)cc(N)n1CCc1ccccc1)C(=O)Nc1ccc(Cl)cn1,0
ZINC01434171,DUD_fxa_D_365,O=C(N/N=C/c1ccc(O)cc1O)c1cccc(NC(=O)c2ccccc2F)c1,0
ZINC01435828,DUD_fxa_D_366,Nc1nonc1-n1nnc(C(=O)NN=C2CCC(c3ccccc3)CC2)c1-c1ccccc1,0
ZINC01440819,DUD_fxa_D_367,N#CC1=C(N)Oc2c(oc(CO)cc2=O)[C@@H]1c1ccccc1OCc1ccccc1Cl,0
ZINC01440822,DUD_fxa_D_368,N#CC1=C(N)Oc2c(oc(CO)cc2=O)[C@H]1c1ccccc1OCc1ccc(Cl)cc1,0
ZINC01444512,DUD_fxa_D_369,Nc1cc(=O)nc(SCC(=O)Nc2cccc3ccccc23)n1CCc1ccccc1,0
ZINC01444546,DUD_fxa_D_370,CNS(=O)(=O)c1cccc2c(NC(=O)[C@@H](C)NC(=O)OCc3ccccc3)cccc12,0
ZINC01444547,DUD_fxa_D_371,CNS(=O)(=O)c1cccc2c(NC(=O)[C@H](C)NC(=O)OCc3ccccc3)cccc12,0
ZINC01454743,DUD_fxa_D_372,Cc1ccc(-n2c(SCC(=O)N/N=C/c3cccc(O)c3)nnc2-c2ccncc2)cc1,0
ZINC01454744,DUD_fxa_D_373,Cc1ccc(-n2c(SCC(=O)N/N=C/c3cccc(O)c3)nnc2-c2ccncc2)cc1,0
ZINC01455400,DUD_fxa_D_374,COc1cc([C@@H]2C(C#N)=C(N)Oc3cc(C)n(CCc4ccccc4)c(=O)c32)ccc1O,0
ZINC01455401,DUD_fxa_D_375,COc1cc([C@H]2C(C#N)=C(N)Oc3cc(C)n(CCc4ccccc4)c(=O)c32)ccc1O,0
ZINC01458108,DUD_fxa_D_376,O=C(N/N=C\c1ccccc1O)c1cccc(C(=O)N/N=C\c2ccccc2O)c1,0
ZINC01458111,DUD_fxa_D_377,O=C(N/N=C\c1ccccc1O)c1cccc(C(=O)N/N=C/c2ccccc2O)c1,0
ZINC01462073,DUD_fxa_D_378,COc1ccc(C(=O)N[C@@H](Nc2ccc(S(N)(=O)=O)cc2)C(=O)c2ccccc2)cc1,0
ZINC01462074,DUD_fxa_D_379,COc1ccc(C(=O)N[C@@H](Nc2ccc(S(N)(=O)=O)cc2)C(=O)c2ccccc2)cc1,0
ZINC01464799,DUD_fxa_D_380,Cc1ccc(S(=O)(=O)N(C)c2ccc(OCC(=O)Nc3ccccc3O)cc2)cc1,0
ZINC01472045,DUD_fxa_D_381,Cc1cc2c(c(=O)n1CCc1ccccc1)[C@H](c1ccc(O)c(O)c1)C(C#N)=C(N)O2,0
ZINC01472046,DUD_fxa_D_382,Cc1cc2c(c(=O)n1CCc1ccccc1)[C@@H](c1ccc(O)c(O)c1)C(C#N)=C(N)O2,0
ZINC01473843,DUD_fxa_D_383,CCn1c(SCC(=O)N/N=C/c2ccc(O)c(O)c2)nnc1-c1ccc(Cl)cc1,0
ZINC01474117,DUD_fxa_D_384,O=C(CSc1nc2ccccc2c(=O)n1-c1ccccc1)N/N=C/c1ccc(O)cc1O,0
ZINC01474499,DUD_fxa_D_385,Cc1ccc(-n2c(SCC(=O)N/N=C\c3ccccc3O)nnc2-c2ccncc2)cc1,0
ZINC01479400,DUD_fxa_D_386,Cc1ccc(-n2c(SCC(=O)N/N=C/c3ccc(O)cc3)nnc2-c2ccncc2)cc1,0
ZINC01479401,DUD_fxa_D_387,Cc1ccc(-n2c(SCC(=O)N/N=C\c3ccc(O)cc3)nnc2-c2ccncc2)cc1,0
ZINC01485557,DUD_fxa_D_388,Oc1ccc(-c2oc3cc(O)ccc3c2[C@H](O)c2ccc(OCC[NH+]3CCCC3)cc2)cc1,0
ZINC01490201,DUD_fxa_D_389,COc1ccc(C(=O)Nc2ccccc2)cc1NC(=S)Nc1cccc([N+](=O)[O-])c1,0
ZINC01490687,DUD_fxa_D_390,COc1ccc(C(=O)Nc2ccccc2NC(=O)c2ccc(C(N)=S)cc2)cc1,0
ZINC01490939,DUD_fxa_D_391,Cc1[nH]nc(O[C@@H]2O[C@@H](CO)[C@@H](O)[C@H](O)[C@H]2O)c1Cc1ccc(-c2ccc(F)cc2)cc1,0
ZINC01492359,DUD_fxa_D_392,Nc1c(C(=O)c2cccc(OC[C@H](O)CO)c2)cc(-c2cccnc2)n1-c1ccc(F)cc1,0
ZINC01492501,DUD_fxa_D_393,NC(=O)c1ccc(NC(=O)[C@@H](Cc2ccccc2)SC(=O)c2ccccc2)nc1,0
ZINC01493707,DUD_fxa_D_394,Oc1cccc(Nc2nc(Nc3cccc(O)c3)nc(Nc3cccc(O)c3)n2)c1,0
ZINC01494284,DUD_fxa_D_395,COc1ccc(S(=O)(=O)Nc2ccc(-c3cc(N)n(-c4ccc(C)cc4)n3)cc2)cc1,0
ZINC01496604,DUD_fxa_D_396,CCOc1ccc(Nc2nnc(SCC(=O)NN)n2-c2ccc(OCC)cc2)cc1,0
ZINC01501737,DUD_fxa_D_397,Cc1cccc(C(=O)Nc2nnc(CC(=O)N/N=C\c3ccc(O)cc3)s2)c1,0
ZINC01501742,DUD_fxa_D_398,Cc1ccc(C(=O)Nc2nnc(CC(=O)N/N=C\c3c(C)[nH]c4ccccc34)s2)cc1,0
ZINC01501815,DUD_fxa_D_399,COc1ccc(S(=O)(=O)Nc2cccc3cc(C(=O)NCc4ccncc4)[nH]c23)cc1,0
ZINC01502380,DUD_fxa_D_400,Cc1ccc(C(=O)Nc2nnc(CC(=O)N/N=C\c3c[nH]c4ccccc34)s2)cc1,0
ZINC01507333,DUD_fxa_D_401,CC(C)(C)c1ccc(/C=N/NC(=O)c2nnn(-c3nonc3N)c2-c2ccccc2)cc1,0
ZINC01511304,DUD_fxa_D_402,CC(=O)Nc1ccc(S(=O)(=O)NNC(=O)C(O)(c2ccccc2)c2ccccc2)cc1,0
ZINC01512530,DUD_fxa_D_403,COc1ccc(-c2c(C(=O)Nc3ccccc3)c(C)nc3sc(C(N)=O)c(N)c23)cc1,0
ZINC01539417,DUD_fxa_D_404,O=S(=O)(Nc1ccc(CC[NH2+]C[C@H](O)COc2ccc(O)cc2)cc1)c1ccccc1,0
ZINC01539421,DUD_fxa_D_405,O=S(=O)(Nc1ccc(CC[NH2+]C[C@H](O)COc2ccc(F)cc2)cc1)c1ccccc1,0
ZINC01539449,DUD_fxa_D_406,CCOC(=O)COC(=O)[C@H](C)c1ccc(OC(=O)c2ccc(NC(N)=[NH2+])cc2)cc1,0
ZINC01539885,DUD_fxa_D_407,CCCCc1[nH]n(-c2ccccc2)c(=O)c1Cc1ccc(-c2ccccc2-c2nnn[n-]2)cc1,0
ZINC01542113,DUD_fxa_D_408,N#Cc1ccc2[nH]cc(CCCC[NH+]3CCN(c4ccc5oc(C(N)=O)cc5c4)CC3)c2c1,0
ZINC01542209,DUD_fxa_D_409,O=c1cc(-c2ccccc2)oc2cc(OC[C@H](O)C[NH2+]CCc3ccc(O)c(O)c3)ccc12,0
ZINC01544041,DUD_fxa_D_410,NC(=[NH2+])Nc1ccc(C(=O)Oc2ccc(C(=O)CCC(=O)Nc3nccs3)cc2)cc1,0
ZINC01544043,DUD_fxa_D_411,Cc1nc(NC(=O)c2ccc(OC(=O)c3ccc(NC(N)=[NH2+])cc3)cc2)sc1C,0
ZINC01544045,DUD_fxa_D_412,NC(=[NH2+])Nc1ccc(C(=O)Oc2ccc(CC(=O)Nc3nccs3)cc2)cc1,0
ZINC01546062,DUD_fxa_D_413,C[C@H](O)[C@@H](CCCCCCN1C(=O)c2ccccc2C1=O)n1cnc2c(N)ncnc21,0
ZINC01547296,DUD_fxa_D_414,C=C(Nc1ccc(C[N@@H+](C)Cc2ccccc2)cc1)[C@H]1C(=O)Nc2ccc(C(N)=O)cc21,0
ZINC01547302,DUD_fxa_D_415,C=C(Nc1ccc(C[NH2+]Cc2ccc(Cl)cc2)cc1)[C@H]1C(=O)Nc2ccc(C(N)=O)cc21,0
ZINC01547354,DUD_fxa_D_416,NC(=[NH2+])NCc1cccc(N(Cc2ccc(Cl)cc2)C(=O)c2ccc3ccccc3c2)c1,0
ZINC01548273,DUD_fxa_D_417,CC(C)(C)OC(=O)N[C@@H](Cc1cccnc1)C(=O)Nc1ccc(-c2csc(N)n2)cc1,0
ZINC01548683,DUD_fxa_D_418,[NH3+]CCCNc1ccc2c3c(cccc13)C(=O)N(c1cccc3ccc(O)cc13)C2=O,0
ZINC01548756,DUD_fxa_D_419,O=c1[nH]c2cc([C@H](O)C[NH2+]CCOc3ccc4c(c3)[nH]c3ccccc34)ccc2o1,0
ZINC01550309,DUD_fxa_D_420,Cc1cc(NC(=O)Cc2cc(C(N)=[NH2+])ccc2O)ccc1-c1ccccc1S(N)(=O)=O,0
ZINC01551242,DUD_fxa_D_421,NC(=[NH2+])Nc1ccc(C(=O)Oc2cc(Cl)cc(OS(=O)(=O)c3ccccc3)c2)cc1,0
ZINC01551476,DUD_fxa_D_422,OC[C@H](Cc1ccc(Oc2nncc3ccccc23)cc1)[NH2+]C[C@@H](O)COc1ccccc1,0
ZINC01552512,DUD_fxa_D_423,CC(C)(CNc1ccc(C2=CCC(=O)NN2)cc1)[NH2+]C[C@@H](O)COc1ccccc1C#N,0
ZINC01552516,DUD_fxa_D_424,CC(C)(CNc1ccc(C2=CCC(=O)NN2)cc1)[NH2+]C[C@@H](O)COc1ccccc1,0
ZINC01553056,DUD_fxa_D_425,NC(=O)c1ccc(Nc2nccc(-c3ccc(SCCCO)cc3)n2)cc1,0
ZINC01553076,DUD_fxa_D_426,Cc1cc(N)c2cc(Nc3ncnc(NCC4CCN(C(N)=[NH2+])CC4)n3)ccc2[nH+]1,0
ZINC01553599,DUD_fxa_D_427,N#Cc1c(NCCO)[nH+]c(SCc2ccccc2)c(C#N)c1-c1ccc(OCCO)cc1,0
ZINC01574129,DUD_fxa_D_428,C=C(NNC(=O)c1ccccc1O)c1cccc(C(=C)NNC(=O)c2ccccc2O)n1,0
ZINC01588368,DUD_fxa_D_429,Cc1[nH]c2ccccc2c1-c1cc(-c2cc(-c3c(C)[nH]c4ccccc34)nc(N)n2)nc(N)n1,0
ZINC01601692,DUD_fxa_D_430,COC(=O)c1ccc(N(C)Cc2cnc3nc(N)nc(SCc4ccccc4)c3n2)cc1,0
ZINC01604428,DUD_fxa_D_431,OCCN(CCO)c1nc(Nc2ccccc2)c2ncnc(Nc3ccccc3)c2n1,0
ZINC01612764,DUD_fxa_D_432,C=C(NNC(=O)c1ccccc1)c1cccc(C(=C)NNC(=O)c2ccccc2)n1,0
ZINC01614522,DUD_fxa_D_433,OCCNc1nc(NCCO)c2nc(-c3ccccc3)c(-c3ccccc3)nc2n1,0
ZINC01617699,DUD_fxa_D_434,Nc1ccc(C(=O)N/C(=C/C=C/c2ccco2)c2nc3c(=O)[nH]c(S)nc3[nH]2)cc1,0
ZINC01617699,DUD_fxa_D_435,Nc1ccc(C(=O)N/C(=C\C=C/c2ccco2)c2nc3nc(S)[nH]c(=O)c3[nH]2)cc1,0
ZINC01617699,DUD_fxa_D_436,Nc1ccc(C(=O)N/C(=C\C=C/c2ccco2)c2nc3c(=O)nc(S)[nH]c3[nH]2)cc1,0
ZINC01617699,DUD_fxa_D_437,Nc1ccc(C(=O)N/C(=C\C=C/c2ccco2)c2nc3c(O)nc(S)nc3[nH]2)cc1,0
ZINC01619259,DUD_fxa_D_438,C[C@]1(CCCc2ccc(NCCBr)cc2)N=C(N)N=C(N)N1c1ccccc1,0
ZINC01636084,DUD_fxa_D_439,Oc1ccc(-c2csc(N/N=C3/NC/C(=C/c4ccc5c(c4)OCO5)S3)n2)cc1O,0
ZINC01656014,DUD_fxa_D_440,O=C(CSCC(=O)N/N=C/c1ccccc1O)N/N=C\c1ccccc1O,0
ZINC01662942,DUD_fxa_D_441,Cc1nn(-c2ccccc2)c(C)c1/C=N\N=c1/sc(C(N)=O)c(N)n1-c1ccccc1,0
ZINC01681393,DUD_fxa_D_442,O=C(CCCCC(=O)N/N=C/c1ccccc1O)N/N=C/c1ccccc1O,0
ZINC01681708,DUD_fxa_D_443,Nc1nc2nc(-c3ccccc3)nc(N)c2nc1-c1ccc(N(CCO)CCO)cc1,0
ZINC01691837,DUD_fxa_D_444,O=C(CCCC(=O)N/N=C\c1cccc(O)c1)N/N=C\c1cccc(O)c1,0
ZINC01694535,DUD_fxa_D_445,O=C(NCC[NH2+]CCO)c1cccc(Nc2cc(O)c(O)c3ccccc23)c1,0
ZINC01694556,DUD_fxa_D_446,C=C(NNC(=O)[C@H](C)S[C@@H](C)C(=O)NNC(=C)c1ccncc1)c1ccncc1,0
ZINC01701929,DUD_fxa_D_447,CC1(C)N=C(N)N=C(N)N1c1cccc(OCCCOc2ccc(N)cc2)c1,0
ZINC01708141,DUD_fxa_D_448,CCOC(=O)Nc1cc2c(c(N)[nH+]1)NC(CNc1ccc(C(=O)OCC)cc1)=CN2,0
ZINC01713262,DUD_fxa_D_449,CCOC(=O)Nc1cc(NC(c2ccccc2)c2ccccc2)c2[nH]c(=O)cnc2[nH+]1,0
ZINC01713262,DUD_fxa_D_450,CCOC(=O)Nc1cc(NC(c2ccccc2)c2ccccc2)c2nc(O)cnc2[nH+]1,0
ZINC01719602,DUD_fxa_D_451,CC1(C)N=C(N)N=C(N)N1c1ccc(OCC(=O)Nc2ccccc2)c(Cl)c1,0
ZINC01723658,DUD_fxa_D_452,CN(C(=O)COc1ccc(N2C(N)=NC(N)=NC2(C)C)cc1Cl)c1ccccc1,0
ZINC01723937,DUD_fxa_D_453,CC1(C)N=C(N)N=C(N)N1c1ccc(OCc2cccc(C(=O)Nc3ccccc3)c2)cc1,0
ZINC01725900,DUD_fxa_D_454,CCOC(=O)c1ccc(NCc2nnc3nc(N)nc(SCc4ccccc4)c3n2)cc1,0
ZINC01730023,DUD_fxa_D_455,NC(=[NH2+])Nc1ccc(C(=O)Oc2ccc([N+](=O)[O-])cc2C[n+]2ccccc2)cc1,0
ZINC01730680,DUD_fxa_D_456,NC(=[NH2+])NCCC[C@@H](NC(=O)c1ccccc1)C(=O)Nc1ccc2ccccc2c1,0
ZINC01736151,DUD_fxa_D_457,Cc1ccc(S(=O)(=O)N(CCCc2c(C)nc(N)[nH]c2=O)c2ccccc2)cc1,0
ZINC01744142,DUD_fxa_D_458,O=C(N/N=C/c1ccccc1O)c1cc(C(=O)N/N=C/c2ccccc2O)cc([N+](=O)[O-])c1,0
ZINC01745795,DUD_fxa_D_459,Cc1nc(N)[nH]c(=O)c1CCCN(c1ccccc1)S(=O)(=O)c1ccc(N)cc1,0
ZINC01746446,DUD_fxa_D_460,Cc1ccc(S(=O)(=O)N(CCCc2c(C)nc(N)[nH]c2=O)Cc2ccccc2)cc1,0
ZINC01746566,DUD_fxa_D_461,Nc1nc(C(=O)NNS(=O)(=O)c2ccccc2)c(CCCCc2ccccc2)c(=O)[nH]1,0
ZINC01746566,DUD_fxa_D_462,Nc1nc(=O)c(CCCCc2ccccc2)c(C(=O)NNS(=O)(=O)c2ccccc2)[nH]1,0
ZINC01746566,DUD_fxa_D_463,Nc1nc(O)c(CCCCc2ccccc2)c(C(=O)NNS(=O)(=O)c2ccccc2)n1,0
ZINC01748262,DUD_fxa_D_464,CC(=O)c1ccc(C(=O)NCCCc2c(-c3ccccc3)nc(N)[nH]c2=O)cc1,0
ZINC01748444,DUD_fxa_D_465,Cc1ccc(S(=O)(=O)N(CCCc2c(O)cc(N)[nH+]c2C)Cc2cccc(N)c2)cc1,0
ZINC01748591,DUD_fxa_D_466,COc1cc(/C=N/NC(=O)CNc2n[nH]c(=O)[nH]c2=O)ccc1OCc1ccccc1,0
ZINC01748595,DUD_fxa_D_467,COc1cc(/C=N/NC(=O)CSc2n[nH]c(=O)[nH]c2=O)ccc1OCc1ccccc1,0
ZINC01748601,DUD_fxa_D_468,COc1cc(/C=N\NC(=O)CCNc2n[nH]c(=O)[nH]c2=O)ccc1OCc1ccccc1,0
ZINC01749388,DUD_fxa_D_469,Nc1ncnc(N)c1NC(=O)c1cc(OCc2ccccc2)cc(OCc2ccccc2)c1,0
ZINC01750110,DUD_fxa_D_470,Nc1nc(CN2C(=O)c3ccccc3C2=O)c(CCCCc2ccccc2)c(=O)[nH]1,0
ZINC01750110,DUD_fxa_D_471,Nc1nc(=O)c(CCCCc2ccccc2)c(CN2C(=O)c3ccccc3C2=O)[nH]1,0
ZINC01750110,DUD_fxa_D_472,Nc1nc(O)c(CCCCc2ccccc2)c(CN2C(=O)c3ccccc3C2=O)n1,0
ZINC01750301,DUD_fxa_D_473,CC(=O)NCCc1ccc(NCCCc2c(-c3ccccc3)nc(N)[nH]c2=O)cc1,0
ZINC01750343,DUD_fxa_D_474,Nc1nc(-c2ccccc2)c(CCCNc2ccc(C3(CCl)OCCO3)cc2)c(=O)[nH]1,0
ZINC01751172,DUD_fxa_D_475,CCOC(=O)c1cnc(SCc2nc(N)n/c(=N\c3ccccc3OC)[nH]2)nc1N,0
ZINC01752294,DUD_fxa_D_476,Nc1nnc(CC(=O)N/N=C/c2cccc(OCCOc3ccccc3)c2)s1,0
ZINC01752528,DUD_fxa_D_477,COc1ccc(Nc2nc(N)nc(CSc3nc(-c4ccccc4)n[nH]3)n2)cc1,0
ZINC01760219,DUD_fxa_D_478,CCc1nc(NS(=O)(=O)c2ccc(N)cc2)nc(-c2ccccc2)c1-c1ccccc1O,0
ZINC01770953,DUD_fxa_D_479,O=C(N[C@H](C(=O)N/N=C\c1ccccc1O)c1n[nH]c(=O)c2ccccc12)c1ccccc1,0
ZINC01770953,DUD_fxa_D_480,O=C(N[C@H](C(=O)N/N=C/c1ccccc1O)c1nnc(O)c2ccccc12)c1ccccc1,0
ZINC01770959,DUD_fxa_D_481,O=C(N[C@H](C(=O)N/N=C/c1ccccc1O)c1n[nH]c(=O)c2ccccc12)c1ccccc1,0
ZINC01770959,DUD_fxa_D_482,O=C(N[C@H](C(=O)N/N=C\c1ccccc1O)c1nnc(O)c2ccccc12)c1ccccc1,0
ZINC01771912,DUD_fxa_D_483,O=C(NCCO)c1ccc(/N=c2\nc3ccc(Cl)cc3c(-c3ccccc3)[nH]2)cc1,0
ZINC01783156,DUD_fxa_D_484,CCOC(=O)c1cnc(SCc2nc(N)[nH]/c(=N/c3ccc(F)cc3)n2)nc1N,0
ZINC01789886,DUD_fxa_D_485,COc1ccc(NC(=O)CSc2nnc(N)n2CC(=O)Nc2ccc(OC)cc2)cc1,0
ZINC01790855,DUD_fxa_D_486,Nc1c(C(=O)NC2CCCCC2)c2nc3ccccc3nc2n1/N=C/c1ccccc1O,0
ZINC01793460,DUD_fxa_D_487,O=C(N[C@@H](C(=O)N/N=C/c1ccc(O)cc1)c1n[nH]c(=O)c2ccccc12)c1ccccc1,0
ZINC01793460,DUD_fxa_D_488,O=C(N[C@@H](C(=O)N/N=C\c1ccc(O)cc1)c1nnc(O)c2ccccc12)c1ccccc1,0
ZINC01793463,DUD_fxa_D_489,O=C(N[C@H](C(=O)N/N=C/c1ccc(O)cc1)c1n[nH]c(=O)c2ccccc12)c1ccccc1,0
ZINC01793463,DUD_fxa_D_490,O=C(N[C@@H](C(=O)N/N=C/c1ccc(O)cc1)c1nnc(O)c2ccccc12)c1ccccc1,0
ZINC01794200,DUD_fxa_D_491,C=C(N/N=c1\[nH]c2c(c(=O)[nH]c(=O)n2C)n1CCc1ccccc1)c1ccc([N+](=O)[O-])cc1,0
ZINC01794409,DUD_fxa_D_492,C=C(NNC(=O)CCC(=O)NNC(=C)c1ccccc1O)c1ccccc1O,0
ZINC01795408,DUD_fxa_D_493,C=C1Nc2nc(CCCO)nn2[C@H](c2ccc(O)cc2)[C@H]1C(=O)Nc1ccccc1,0
ZINC01796674,DUD_fxa_D_494,C=CCNC(=O)c1c(N)n(/N=C/c2ccc(O)c(OCC)c2)c2nc3ccccc3nc12,0
ZINC01797129,DUD_fxa_D_495,O=C(N[C@H](C(=O)N/N=C/c1cccc(O)c1)c1n[nH]c(=O)c2ccccc12)c1ccccc1,0
ZINC01797129,DUD_fxa_D_496,O=C(N[C@@H](C(=O)N/N=C/c1cccc(O)c1)c1nnc(O)c2ccccc12)c1ccccc1,0
ZINC01797132,DUD_fxa_D_497,O=C(N[C@@H](C(=O)N/N=C\c1cccc(O)c1)c1n[nH]c(=O)c2ccccc12)c1ccccc1,0
ZINC01797132,DUD_fxa_D_498,O=C(N[C@H](C(=O)N/N=C/c1cccc(O)c1)c1nnc(O)c2ccccc12)c1ccccc1,0
ZINC01815895,DUD_fxa_D_499,O=C(NCCCO)/C(=C\c1ccc(-c2cccc([N+](=O)[O-])c2)o1)NC(=O)c1ccccc1,0
ZINC01824218,DUD_fxa_D_500,Cc1ccc(-c2nnc(NCc3ccccc3)c3ccccc23)cc1S(=O)(=O)NCCO,0
ZINC01836092,DUD_fxa_D_501,Nc1nnc(CC(=O)N/N=C\c2ccc(OCCOc3ccccc3)cc2)s1,0
ZINC01839599,DUD_fxa_D_502,Cc1nn(C)cc1/C=N\NC(=O)[C@H](NC(=O)c1ccccc1)c1n[nH]c(=O)c2ccccc12,0
ZINC01839599,DUD_fxa_D_503,Cc1nn(C)cc1/C=N\NC(=O)[C@H](NC(=O)c1ccccc1)c1nnc(O)c2ccccc12,0
ZINC01839601,DUD_fxa_D_504,Cc1nn(C)cc1/C=N\NC(=O)[C@H](NC(=O)c1ccccc1)c1n[nH]c(=O)c2ccccc12,0
ZINC01839601,DUD_fxa_D_505,Cc1nn(C)cc1/C=N/NC(=O)[C@H](NC(=O)c1ccccc1)c1nnc(O)c2ccccc12,0
ZINC01841355,DUD_fxa_D_506,Cc1ccc(OCCOc2ccc(/C=N\NC(=O)Cc3nnc(N)s3)cc2)cc1,0
ZINC01844216,DUD_fxa_D_507,Cc1ccc(-c2n[nH]/c(=N\c3cccc4ccccc34)c3ccccc23)cc1S(N)(=O)=O,0
ZINC01848326,DUD_fxa_D_508,Cc1cc(N)c2cc(NC(=O)CCCC(=O)Nc3ccc4[nH+]c(C)cc(N)c4c3)ccc2[nH+]1,0
ZINC01851708,DUD_fxa_D_509,C=C(NNC(=O)Cn1c2ccccc2c2nc3cc(Cl)ccc3nc21)c1ccc(N)cc1,0
ZINC01861200,DUD_fxa_D_510,CC[NH+](CC)CCNC(=O)c1cc2cc(NC(=O)c3cc4cc(N)ccc4[nH]3)ccc2[nH]1,0
ZINC01873986,DUD_fxa_D_511,C=CCNC(=O)c1c(N)n(/N=C\c2ccc(O)c(O)c2)c2nc3ccccc3nc12,0
ZINC01881663,DUD_fxa_D_512,CCCCCCc1cc2cc(C(N)=O)/c(=N/NC(=O)c3ccccc3OC)oc2cc1O,0
ZINC01885917,DUD_fxa_D_513,COc1cc(/C=N\NC(=O)Cc2nnc(NC(=O)c3ccc(C)cc3)s2)ccc1O,0
ZINC01885920,DUD_fxa_D_514,COc1cccc(/C=N/NC(=O)Cc2nnc(NC(=O)c3ccc(C)cc3)s2)c1O,0
ZINC01887234,DUD_fxa_D_515,CCOC(=O)c1cnc(SCc2nc(N)[nH]/c(=N\c3ccc(C)cc3)n2)nc1N,0
ZINC01890505,DUD_fxa_D_516,C=C1Nc2nc(CCCO)nn2[C@H](c2ccc(O)cc2)[C@@H]1C(=O)Nc1ccc(Cl)cc1,0
ZINC01890510,DUD_fxa_D_517,C=C1Nc2nc(CCCO)nn2[C@H](c2ccc(O)cc2)[C@H]1C(=O)Nc1ccc(Cl)cc1,0
ZINC01893811,DUD_fxa_D_518,COc1cc(NS(=O)(=O)c2ccc(NC(=S)Nc3ccccc3)cc2)nc(OC)n1,0
ZINC01894188,DUD_fxa_D_519,C#CCN(Cc1ccc2nc(C)[nH]c(=O)c2c1)c1ccc(C(=O)NCc2ccccn2)cc1,0
ZINC01894248,DUD_fxa_D_520,CC(C)(CNC(=O)c1ccccc1)[NH2+]C[C@H](O)COCc1cc(O)cc(O)c1,0
ZINC01895774,DUD_fxa_D_521,CC(=O)Nc1ccc(Nc2nc(-c3sc(NC(=O)c4ccccc4)nc3C)cs2)cc1,0
ZINC01895887,DUD_fxa_D_522,[NH3+]CCc1c[nH]c2ccc(OCCCCN3c4cccc5cccc(c45)S3(=O)=O)cc12,0
ZINC01896065,DUD_fxa_D_523,NC(=[NH2+])c1ccc(CO)c(-c2cccc(CCCNc3cc[nH+]cc3)c2)c1,0
ZINC01896070,DUD_fxa_D_524,CCOC(=O)[C@@H](C/C=C\c1ccc2c(c1)C[NH2+]C2)c1cccc(-c2cccc(C(N)=[NH2+])c2)c1,0
ZINC01896517,DUD_fxa_D_525,Nc1ncnc2c(-c3ccc(OCC[NH2+]CCO)cc3)cn(-c3cccc(O)c3)c12,0
ZINC01900413,DUD_fxa_D_526,N#Cc1c(NCCO)[nH+]c(NCc2ccccc2)c2c1CC[N@H+](Cc1ccccc1)C2,0
ZINC01902478,DUD_fxa_D_527,Cc1cc(OCCc2ccc(C(N)=[NH2+])cc2)cc(OS(=O)(=O)c2ccccc2)c1,0
ZINC01902490,DUD_fxa_D_528,O[C@@H](C[NH2+]CCc1ccc(NC(=S)Nc2ccccc2)cc1)COc1ccccc1,0
ZINC01904106,DUD_fxa_D_529,C[C@@H](Oc1ccc(-c2ccc(NC(N)=O)cc2)cc1)[C@H](O)CCc1cccnc1,0
ZINC01904230,DUD_fxa_D_530,COc1cc(C(=O)NCCc2ccc(NC(=[NH2+])c3cccs3)cc2)cc(OC)c1O,0
ZINC01911614,DUD_fxa_D_531,C/C(=C/c1ccc(Nc2ccc(S(=O)(=O)NCC[NH+](C)C)cc2)cc1)C(=O)NC(N)=[NH2+],0
ZINC01911622,DUD_fxa_D_532,O=C(Nc1ccc(C[C@H](CO)[NH2+]C[C@@H](O)COc2ccccc2)cc1)c1ccc[nH]1,0
ZINC01920704,DUD_fxa_D_533,Cc1ccc(NC(=O)CN2C(=O)/C(=N/NC(=O)c3ccc(N)cc3)c3ccccc32)cc1,0
ZINC01921049,DUD_fxa_D_534,O=C(CSc1nnc(-c2ccccc2)o1)Nc1cc(=O)[nH]c(=O)n1CCc1ccccc1,0
ZINC01922661,DUD_fxa_D_535,CC(=O)Nc1ccc(NC(=O)Cn2c(N)nnc2SCCc2ccccc2)cc1,0
ZINC01922662,DUD_fxa_D_536,Nc1nnc(SCCc2ccccc2)n1CC(=O)Nc1ccc(Nc2ccccc2)cc1,0
ZINC01922668,DUD_fxa_D_537,Nc1nnc(SCCc2ccccc2)n1CC(=O)Nc1ccc(Oc2ccccc2)cc1,0
ZINC01922673,DUD_fxa_D_538,CCOC(=O)c1ccc(NC(=O)Cn2c(N)nnc2SCCc2ccccc2)cc1,0
ZINC01922675,DUD_fxa_D_539,Cc1ccc2sc(NC(=O)Cn3c(N)nnc3SCCc3ccccc3)nc2c1,0
ZINC01922779,DUD_fxa_D_540,CN(C)S(=O)(=O)c1ccc(NC(=O)Cn2c(N)nnc2SCc2ccccc2)cc1,0
ZINC01922790,DUD_fxa_D_541,CC(=O)Nc1ccc(NC(=O)Cn2c(N)nnc2SCc2ccccc2)cc1,0
ZINC01922791,DUD_fxa_D_542,Nc1nnc(SCc2ccccc2)n1CC(=O)Nc1ccc(Nc2ccccc2)cc1,0
ZINC01922799,DUD_fxa_D_543,Nc1nnc(SCc2ccccc2)n1CC(=O)Nc1ccc(Oc2ccccc2)cc1,0
ZINC01922825,DUD_fxa_D_544,NC(=O)c1c(NC(=O)Cn2c(N)nnc2SCc2ccccc2)sc2c1CCCC2,0
ZINC01922832,DUD_fxa_D_545,Cc1c(NC(=O)Cn2c(N)nnc2SCc2ccccc2)c(=O)n(-c2ccccc2)n1C,0
ZINC01923297,DUD_fxa_D_546,CC(=O)Nc1ccc(NC(=O)Cn2c(N)nnc2SCc2ccccc2Cl)cc1,0
ZINC01923316,DUD_fxa_D_547,CCOC(=O)c1ccc(NC(=O)Cn2c(N)nnc2SCc2ccccc2Cl)cc1,0
ZINC01923474,DUD_fxa_D_548,COC(=O)CSc1nnc(N)n1CC(=O)Nc1ccc(Nc2ccccc2)cc1,0
ZINC01923479,DUD_fxa_D_549,COC(=O)CSc1nnc(N)n1CC(=O)Nc1ccc(Oc2ccccc2)cc1,0
ZINC01923553,DUD_fxa_D_550,CCOC(=O)CSc1nnc(N)n1CC(=O)Nc1ccc(Nc2ccccc2)cc1,0
ZINC01923563,DUD_fxa_D_551,CCOC(=O)CSc1nnc(N)n1CC(=O)Nc1ccc(Oc2ccccc2)cc1,0
ZINC01947018,DUD_fxa_D_552,C=C(NNC(=O)CCC(=O)Nc1ccc(Cl)cc1C)c1ccc(O)cc1O,0
ZINC01947869,DUD_fxa_D_553,CCN(CC)c1ccc2cc(C(N)=O)/c(=N/NC(=S)Nc3ccc(C)cc3)oc2c1,0
ZINC01952475,DUD_fxa_D_554,COc1cc(/C=N/NC(=O)Cc2nnc(NC(=O)c3cccc(C)c3)s2)ccc1O,0
ZINC01953649,DUD_fxa_D_555,COc1cc(/C=N\NC(=O)Cc2nnc(NC(=O)c3ccccc3)s2)ccc1O,0
ZINC01953668,DUD_fxa_D_556,Cc1ccc(C(=O)Nc2nnc(CC(=O)N/N=C\c3ccc(O)cc3O)s2)cc1,0
ZINC01953670,DUD_fxa_D_557,Cc1ccc(C(=O)Nc2nnc(CC(=O)N/N=C/c3ccc(O)c(O)c3)s2)cc1,0
ZINC01953699,DUD_fxa_D_558,COc1ccc(C(=O)Nc2nnc(CC(=O)N/N=C/c3ccc(O)cc3O)s2)cc1,0
ZINC01953702,DUD_fxa_D_559,COc1ccc(C(=O)Nc2nnc(CC(=O)N/N=C\c3ccc(O)c(O)c3)s2)cc1,0
ZINC01953706,DUD_fxa_D_560,COc1ccc(C(=O)Nc2nnc(CC(=O)N/N=C\c3cccc(OC)c3O)s2)cc1,0
ZINC01953714,DUD_fxa_D_561,COc1ccc(C(=O)Nc2nnc(CC(=O)N/N=C\c3cccc(O)c3)s2)cc1,0
ZINC01953717,DUD_fxa_D_562,COc1ccc(C(=O)Nc2nnc(CC(=O)N/N=C/c3ccc(O)cc3)s2)cc1,0
ZINC01955538,DUD_fxa_D_563,COc1cccc(/C=N/NC(=O)Cc2nnc(NC(=O)c3ccccc3)s2)c1O,0
ZINC01956045,DUD_fxa_D_564,O=C(CCCC(=O)N/N=C/c1ccc(O)cc1)N/N=C/c1ccc(O)cc1,0
ZINC01956052,DUD_fxa_D_565,O=C(CCCCC(=O)N/N=C/c1ccc(O)cc1)N/N=C\c1ccc(O)cc1,0
ZINC01958267,DUD_fxa_D_566,Cc1cccc(C(=O)Nc2nnc(CC(=O)N/N=C/c3ccccc3O)s2)c1,0
ZINC01989221,DUD_fxa_D_567,Cc1ccc(OC(=O)c2ccc(NC3=C(Cl)C(=O)N(c4ccccc4)C3=O)cc2)c(N)c1,0
ZINC01989484,DUD_fxa_D_568,Nc1ccc(OC(=O)c2ccc(NC3=C(Cl)C(=O)N(Cc4ccccc4)C3=O)cc2)cc1,0
ZINC01996750,DUD_fxa_D_569,NC(=[NH2+])c1ccc2[nH]c(=O)n(CC(=O)Nc3nc(-c4ccc(Cl)cc4)cs3)c2c1,0
ZINC01996788,DUD_fxa_D_570,Nc1cccc(CC(=O)Nc2ccc(CC[NH2+]C[C@@H](O)c3ccccc3)cc2)[nH+]1,0
ZINC02005158,DUD_fxa_D_571,Nc1ncnc2c1c(-c1ccc(NC(=O)c3ccc(Cl)cc3)c(O)c1)cn2C1CCCC1,0
ZINC02005162,DUD_fxa_D_572,CC(C)(C)C(=O)Nc1cc([N+](=O)[O-])ccc1Oc1ccc(-c2c[nH]c3ncnc(N)c23)cc1,0
ZINC02007110,DUD_fxa_D_573,CC(C)(CCc1ccc(Oc2ccc(C(N)=O)cc2)cc1)[NH2+]C[C@H](O)COc1cn[nH]c1,0
ZINC02008910,DUD_fxa_D_574,NC(=[NH2+])c1ccc(O)c(/C=C/CNC(=O)c2ccc(-c3ccnc(C(N)=O)c3)cc2)c1,0
ZINC02009651,DUD_fxa_D_575,Cc1cc(OCc2cccc(C(N)=[NH2+])c2)cc(OS(=O)(=O)c2ccccc2Cl)c1,0
ZINC02009860,DUD_fxa_D_576,C[C@@H](CC(c1ccc(O)cc1)c1ccc(O)cc1)[NH2+]C[C@@H](O)COc1ccccc1,0
ZINC02012433,DUD_fxa_D_577,C[C@H](CCCCC(=O)Nc1ccc(C(F)(F)F)cc1)[NH2+]C[C@@H](O)c1ccc(O)c(O)c1,0
ZINC02016004,DUD_fxa_D_578,NC(=[NH2+])Nc1ccc(C(=O)Oc2ccc(SCCN3C(=O)CCC3=O)cc2)cc1,0
ZINC02022312,DUD_fxa_D_579,O=C(Nc1ccccc1)OCC[C@@H](O)[C@@H](Cc1ccccc1)NC(=O)c1ccccc1,0
ZINC02028182,DUD_fxa_D_580,N#Cc1c(N)[nH+]c(SCC(=O)OCc2ccccc2)c(C#N)c1-c1ccc(O)cc1,0
ZINC02072205,DUD_fxa_D_581,Cc1ccc(NC(=O)CSc2nc(NS(=O)(=O)c3ccc(C)cc3)cc(=O)[nH]2)cc1,0
ZINC02072205,DUD_fxa_D_582,Cc1ccc(NC(=O)CSc2nc(=O)cc(NS(=O)(=O)c3ccc(C)cc3)[nH]2)cc1,0
ZINC02072205,DUD_fxa_D_583,Cc1ccc(NC(=O)CSc2nc(O)cc(NS(=O)(=O)c3ccc(C)cc3)n2)cc1,0
ZINC02098701,DUD_fxa_D_584,C=C(NNC(=O)c1ccccc1[N+](=O)[O-])c1ccc(NC(=O)c2ccc(Cl)cc2)cc1,0
ZINC02118568,DUD_fxa_D_585,CCOc1ccc(NC(=O)CSc2[nH+]c(N)c(C#N)c(-c3cccs3)c2C#N)cc1,0
ZINC02118601,DUD_fxa_D_586,CCOc1cccc(NC(=O)CSc2[nH+]c(N)c(C#N)c(-c3cccs3)c2C#N)c1,0
ZINC02118610,DUD_fxa_D_587,CC[C@H](C)c1ccc(NC(=O)CSc2[nH+]c(N)c(C#N)c(-c3cccs3)c2C#N)cc1,0
ZINC02118615,DUD_fxa_D_588,CC[C@@H](C)c1ccc(NC(=O)CSc2[nH+]c(N)c(C#N)c(-c3cccs3)c2C#N)cc1,0
ZINC02133697,DUD_fxa_D_589,C=C(NNC(=O)CCC(=O)Nc1ccc(OCC)cc1)c1ccc([N+](=O)[O-])cc1,0
ZINC02134132,DUD_fxa_D_590,COc1cc2c(cc1NC(=O)/C=C(\C)NNC(=O)c1cccc(O)c1)oc1ccccc12,0
ZINC02146209,DUD_fxa_D_591,Nn1c(COc2ccccc2)nnc1SCC(=O)Nc1nc(-c2ccccc2)cs1,0
ZINC02152138,DUD_fxa_D_592,Cc1[nH]n(-c2ccccc2)c(=O)c1Sc1[nH+]c(N)c(C#N)c(-c2ccccc2)c1C#N,0
ZINC02153612,DUD_fxa_D_593,CCCC(=O)Nc1cccc(C(=O)Nc2ccc(S(=O)(=O)Nc3nccs3)cc2)c1,0
ZINC02165990,DUD_fxa_D_594,C=C(C)NOC(=O)Nc1ccc(Cc2ccc(NC(=O)ONC(=C)C)cc2)cc1,0
ZINC02191046,DUD_fxa_D_595,COC(=O)Cc1ccc(NC(=S)NCCc2ccc(S(N)(=O)=O)cc2)cc1,0
ZINC02192594,DUD_fxa_D_596,Cc1ccc(NC(=O)CSc2nnc(SCC(=O)Nc3ccc(C)cc3)n2N)cc1,0
ZINC02193265,DUD_fxa_D_597,CCn1c2ccccc2c2cc(NC(=O)CSc3nnc(-c4ccncc4)n3N)ccc21,0
ZINC02198314,DUD_fxa_D_598,CCOc1cc(/C=N\NC(=O)Cc2nnc(N)s2)ccc1OCc1ccccc1,0
ZINC02200547,DUD_fxa_D_599,Cc1ccc(/C=N/NC(=O)c2nnn(-c3nonc3N)c2CNc2ccccc2)cc1,0
ZINC02201819,DUD_fxa_D_600,C=C(NNC(=[NH2+])c1nonc1N)c1ccc(OCc2cccc3ccccc23)cc1,0
ZINC02202741,DUD_fxa_D_601,CCc1ccc(/C=N\NC(=O)c2nnn(-c3nonc3N)c2CNc2ccccc2)cc1,0
ZINC02202833,DUD_fxa_D_602,COc1cc(/C=N/NC(=[NH2+])c2nonc2N)ccc1OCc1cccc2ccccc12,0
ZINC02203009,DUD_fxa_D_603,Cc1cccc(COc2ccc(/C=N/NC(=O)c3nnn(-c4nonc4N)c3C)cc2)c1,0
ZINC02203523,DUD_fxa_D_604,Cc1ccc(COc2cccc(/C=N\NC(=O)c3nnn(-c4nonc4N)c3C)c2)cc1,0
ZINC02203550,DUD_fxa_D_605,Cc1ccccc1COc1cccc(/C=N/NC(=O)c2nnn(-c3nonc3N)c2C)c1,0
ZINC02203732,DUD_fxa_D_606,COc1ccc(Nc2nc(N)nc(CSc3nnc(-c4ccccc4)[nH]3)n2)cc1,0
ZINC02203907,DUD_fxa_D_607,CCOC(=O)c1cnc(SCc2nc(N)nc(Nc3ccc(F)cc3)n2)nc1N,0
ZINC02204048,DUD_fxa_D_608,CCOC(=O)c1cnc(SCc2nc(N)nc(Nc3ccc(C)cc3)n2)nc1N,0
ZINC02206589,DUD_fxa_D_609,O=C(CCCC(=O)N/N=C/c1c[nH]c2ccccc12)N/N=C/c1c[nH]c2ccccc12,0
ZINC02207238,DUD_fxa_D_610,C=C(NNC(=O)c1nnn(-c2nonc2N)c1C(C)C)c1ccc(-c2ccccc2)cc1,0
ZINC02207298,DUD_fxa_D_611,Cc1ccc(-c2csc(/C(C#N)=C/Nc3ccc(S(=O)(=O)N=C(N)N)cc3)n2)cc1,0
ZINC02208076,DUD_fxa_D_612,COc1ccc(-c2noc(-c3ccccc3C(=O)Nc3ccc(C(N)=O)cc3)n2)cc1OC,0
ZINC02208401,DUD_fxa_D_613,Cc1cccc(C)c1NC(=O)CSc1nn2c([C@@H]([NH3+])Cc3ccccc3)nnc2s1,0
ZINC02208716,DUD_fxa_D_614,C=CCn1c(Cc2cccs2)nnc1SCC(=O)Nc1ccc(C(N)=O)cc1,0
ZINC02212538,DUD_fxa_D_615,Nc1nonc1C(=O)NCC[NH2+]Cc1c(OCc2ccc(F)cc2)ccc2ccccc12,0
ZINC02215594,DUD_fxa_D_616,Cc1cc2c(c(=O)n1CCc1ccc(O)c(O)c1)[C@@H](CCc1ccccc1)C(C#N)=C(N)O2,0
ZINC02215596,DUD_fxa_D_617,Cc1cc2c(c(=O)n1CCc1ccc(O)c(O)c1)[C@H](CCc1ccccc1)C(C#N)=C(N)O2,0
ZINC02215676,DUD_fxa_D_618,Cc1cc2c(c(=O)n1CCc1ccc(O)c(O)c1)[C@@H](Cc1ccccc1)C(C#N)=C(N)O2,0
ZINC02215677,DUD_fxa_D_619,Cc1cc2c(c(=O)n1CCc1ccc(O)c(O)c1)[C@@H](Cc1ccccc1)C(C#N)=C(N)O2,0
ZINC02216697,DUD_fxa_D_620,CCOC(=O)C1=C(N)n2c(s/c(=C\c3ccccc3)c2=O)=C(C(N)=O)[C@H]1c1ccccc1,0
ZINC02216701,DUD_fxa_D_621,CCOC(=O)C1=C(N)n2c(s/c(=C\c3ccccc3)c2=O)=C(C(N)=O)[C@@H]1c1ccccc1,0
ZINC02218120,DUD_fxa_D_622,Cc1ccc(NC(=O)CSc2nn3c([C@H]([NH3+])Cc4ccccc4)nnc3s2)c(C)c1,0
ZINC02218596,DUD_fxa_D_623,CCOC(=O)c1ccc(NC(=O)C[C@H]2S/C(=N\c3ccc(O)cc3)NC2=O)cc1,0
ZINC02218598,DUD_fxa_D_624,CCOC(=O)c1ccc(NC(=O)C[C@H]2S/C(=N/c3ccc(O)cc3)NC2=O)cc1,0
ZINC02221941,DUD_fxa_D_625,CCOC(=O)c1ccc(NC(=O)C[C@H]2S/C(=N/c3cccc(O)c3)NC2=O)cc1,0
ZINC02221945,DUD_fxa_D_626,CCOC(=O)c1ccc(NC(=O)C[C@H]2S/C(=N\c3cccc(O)c3)NC2=O)cc1,0
ZINC02224046,DUD_fxa_D_627,CCc1ccc(/C=N\NC(=O)c2nnn(-c3nonc3N)c2CN(C)c2ccccc2)cc1,0
ZINC02226905,DUD_fxa_D_628,C=C(NNC(=O)c1cc(-c2ccccc2O)nc2ccccc12)c1ccc(NC(C)=O)cc1,0
ZINC02228062,DUD_fxa_D_629,Nc1nonc1C(=O)NCC[NH2+]Cc1c(OCc2ccccc2F)ccc2ccccc12,0
ZINC02228281,DUD_fxa_D_630,COc1ccccc1[C@@H]1C(C#N)=C(N)Oc2cc(C)n(CCc3ccc(O)c(O)c3)c(=O)c21,0
ZINC02228284,DUD_fxa_D_631,COc1ccccc1[C@H]1C(C#N)=C(N)Oc2cc(C)n(CCc3ccc(O)c(O)c3)c(=O)c21,0
ZINC02236415,DUD_fxa_D_632,Cc1ccc(-n2c(SCC(=O)Nc3ccc(C(N)=O)cc3)nnc2-c2ccccn2)cc1,0
ZINC02238482,DUD_fxa_D_633,C=C(NNC(=O)c1nnn(-c2nonc2N)c1-c1ccc(OCCC)cc1)c1ccccc1,0
ZINC02241223,DUD_fxa_D_634,CC1(C)C=C2Nc3nc(SCc4ccccc4)nn3[C@H](c3ccc(O)c(O)c3)[C@H]2C(=O)C1,0
ZINC02241224,DUD_fxa_D_635,CC1(C)C=C2Nc3nc(SCc4ccccc4)nn3[C@@H](c3ccc(O)c(O)c3)[C@H]2C(=O)C1,0
ZINC02244828,DUD_fxa_D_636,CC(C)COc1ccc(C(=O)N[C@H](Cc2c[nH]c3ccccc23)C(=O)NN)cc1,0
ZINC02244829,DUD_fxa_D_637,CC(C)COc1ccc(C(=O)N[C@@H](Cc2c[nH]c3ccccc23)C(=O)NN)cc1,0
ZINC02245993,DUD_fxa_D_638,CC(C)COC(=O)c1c(N)n(-c2ccc(S(N)(=O)=O)cc2)c2nc3ccccc3nc12,0
ZINC02246013,DUD_fxa_D_639,CCCCCCNC(=O)c1c(N)n(/N=C/c2ccc(O)c(O)c2)c2nc3ccccc3nc12,0
ZINC02246224,DUD_fxa_D_640,Nc1c(C(=O)NC[C@@H]2CCCO2)c2nc3ccccc3nc2n1/N=C\c1ccc(O)c(O)c1,0
ZINC02246226,DUD_fxa_D_641,Nc1c(C(=O)NC[C@@H]2CCCO2)c2nc3ccccc3nc2n1/N=C\c1ccc(O)c(O)c1,0
ZINC02247104,DUD_fxa_D_642,Nc1c(C(=O)NCc2ccccc2)c2nc3ccccc3nc2n1/N=C\c1cccc(O)c1,0
ZINC02247353,DUD_fxa_D_643,CCCCCNC(=O)c1c(N)n(/N=C\c2ccc(O)c(O)c2)c2nc3ccccc3nc12,0
ZINC02255286,DUD_fxa_D_644,CCOc1ccc(CCNC(=O)c2c(N)n(N)c3nc4ccccc4nc23)cc1OCC,0
ZINC02255503,DUD_fxa_D_645,C=C(NNC(=O)c1sc(NS(=O)(=O)c2ccc(C)cc2)nc1C)c1ccccc1,0
ZINC02258830,DUD_fxa_D_646,C=CCn1c(=O)c(C(=O)NNC(=C)c2c(O)c3ccccc3[nH]c2=O)c(O)c2ccccc21,0
ZINC02258830,DUD_fxa_D_647,C=CCn1c(=O)c(C(=O)NNC(=C)c2c(O)nc3ccccc3c2O)c(O)c2ccccc21,0
ZINC02259893,DUD_fxa_D_648,CCOC(=O)c1ccc(NC(=O)[C@@H]2CC(=O)NC(Nc3nc4ccccc4s3)=[NH+]2)cc1,0
ZINC02265049,DUD_fxa_D_649,C=C(NNC(=O)c1nnn(-c2nonc2N)c1CSc1ccccc1)c1ccc(C)cc1,0
ZINC02265117,DUD_fxa_D_650,NC(=O)c1ccc(NC(=O)CSc2nnc(-c3cccs3)n2Cc2ccco2)cc1,0
ZINC02265260,DUD_fxa_D_651,Nn1c(SCC(=O)Nc2ccc(OCc3ccccc3)cc2)nnc1-c1ccc(F)cc1,0
ZINC02267663,DUD_fxa_D_652,C=C(NNC(=O)C[C@@H]1NC(Cc2ccccc2)=NNC1=O)c1ccc([N+](=O)[O-])cc1,0
ZINC02274943,DUD_fxa_D_653,CCCCc1ccc(C(=O)CSc2[nH+]c(N)c(C#N)c(-c3ccc(O)cc3)c2C#N)cc1,0
ZINC02275295,DUD_fxa_D_654,COc1ccc(NC(=O)c2ccc(-n3c(N)c(C#N)c4nc5ccccc5nc43)cc2)cc1,0
ZINC02278572,DUD_fxa_D_655,CCOC(=O)c1ccc(NC(=S)NCCc2ccc(S(N)(=O)=O)cc2)cc1,0
ZINC02279601,DUD_fxa_D_656,CCOc1ccc(-c2csc(/C(C#N)=C\Nc3ccc(S(N)(=O)=O)cc3)n2)cc1,0
ZINC02280955,DUD_fxa_D_657,CCc1ccc(-c2csc(/C(C#N)=C\Nc3ccc(S(N)(=O)=O)cc3)n2)cc1,0
ZINC02284709,DUD_fxa_D_658,Cc1cccc(/C=N\NC(=O)[C@@H](NC(=O)c2ccccc2)c2n[nH]c(=O)c3ccccc23)n1,0
ZINC02284709,DUD_fxa_D_659,Cc1cccc(/C=N\NC(=O)[C@@H](NC(=O)c2ccccc2)c2nnc(O)c3ccccc23)n1,0
ZINC02284711,DUD_fxa_D_660,Cc1cccc(/C=N\NC(=O)[C@H](NC(=O)c2ccccc2)c2n[nH]c(=O)c3ccccc23)n1,0
ZINC02284711,DUD_fxa_D_661,Cc1cccc(/C=N\NC(=O)[C@H](NC(=O)c2ccccc2)c2nnc(O)c3ccccc23)n1,0
ZINC02290847,DUD_fxa_D_662,COc1ccc(Nc2nnc(-c3ccc(C(=O)NCCO)cc3)c3ccccc23)cc1,0
ZINC02292186,DUD_fxa_D_663,CCC(=O)Nc1ccc(Nc2nc(Cl)nc(Nc3ccc(NC(=O)CC)cc3)n2)cc1,0
ZINC02293882,DUD_fxa_D_664,CCN(CC)C(=O)c1ccc(-c2nnc(Nc3ccc(C(N)=O)cc3)c3ccccc23)cc1,0
ZINC02295392,DUD_fxa_D_665,CCC(=O)Nc1cccc(Nc2nc(Cl)nc(Nc3cccc(NC(=O)CC)c3)n2)c1,0
ZINC02296577,DUD_fxa_D_666,C=CCNC(=O)c1c(N)n(-c2ccc(S(N)(=O)=O)cc2)c2nc3ccccc3nc12,0
ZINC02296787,DUD_fxa_D_667,O=C(NCCO)c1ccc(-c2nnc(Nc3ccc(O)cc3)c3ccccc23)cc1,0
ZINC02296845,DUD_fxa_D_668,Cc1ccc(-c2nnc(Nc3ccccc3)c3ccccc23)cc1S(=O)(=O)NCCO,0
ZINC02298450,DUD_fxa_D_669,COC(=O)c1ccc(Nc2nnc(-c3ccc(C(=O)NCCO)cc3)c3ccccc23)cc1,0
ZINC02299324,DUD_fxa_D_670,Cc1cccc(Nc2nnc(-c3ccc(C)c(S(=O)(=O)NCCO)c3)c3ccccc23)c1,0
ZINC02299368,DUD_fxa_D_671,Cc1ccc(Nc2nnc(-c3ccc(C)c(S(=O)(=O)NCCO)c3)c3ccccc23)cc1,0
ZINC02299450,DUD_fxa_D_672,Cc1ccccc1Nc1nnc(-c2ccc(C)c(S(=O)(=O)NCCO)c2)c2ccccc12,0
ZINC02305377,DUD_fxa_D_673,Cc1ccccc1OCCOc1cccc(/C=N\NC(=O)Cc2nnc(N)s2)c1,0
ZINC02308118,DUD_fxa_D_674,CCCOc1ccc(/C=N/NC(=O)c2nnn(-c3nonc3N)c2-c2ccccc2)cc1,0
ZINC02308373,DUD_fxa_D_675,COCCNC(=O)c1c(N)n(-c2ccc(S(N)(=O)=O)cc2)c2nc3ccccc3nc12,0
ZINC02308715,DUD_fxa_D_676,Cc1cccc(OCCOc2ccc(/C=N\NC(=O)Cc3nnc(N)s3)cc2)c1,0
ZINC02309709,DUD_fxa_D_677,COc1ccc(-c2c(C#N)c(N)[nH+]c3sc(C(=O)Nc4ccccc4)c(N)c23)cc1OC,0
ZINC02310876,DUD_fxa_D_678,NC(=S)N/N=C\c1ccc(OC[C@@H](O)Cn2c3ccccc3c3ccccc32)cc1,0
ZINC02316433,DUD_fxa_D_679,CCCOc1ccc(C(=O)NC(=S)Nc2ccc(S(=O)(=O)N=C(N)N)cc2)cc1,0
ZINC02318842,DUD_fxa_D_680,C=C(N/N=C1\NC(=O)C[C@@H](C(=O)Nc2ccccc2OC)S1)c1ccc(O)cc1,0
ZINC02320793,DUD_fxa_D_681,Cc1ccc(Nc2nc(N)nc(CC(=O)CSc3nc4ccccc4s3)n2)cc1,0
ZINC02323195,DUD_fxa_D_682,CC1=C(C#N)c2[nH+]c(N)c(C#N)c(C)c2/C1=C\c1ccc(OCC(=O)Nc2ccccc2)cc1,0
ZINC02323197,DUD_fxa_D_683,CC1=C(C#N)c2[nH+]c(N)c(C#N)c(C)c2/C1=C\c1ccc(OCC(=O)Nc2ccccc2)cc1,0
ZINC02326251,DUD_fxa_D_684,Cc1cc(C)nc(NC(=[NH2+])N(CCc2c[nH]c3ccccc23)C(=S)Nc2ccccc2)n1,0
ZINC02327425,DUD_fxa_D_685,COC(=O)c1c(N)n(CCc2ccc(S(N)(=O)=O)cc2)c2nc3ccccc3nc12,0
ZINC02331699,DUD_fxa_D_686,C/C=C(\NNC(=O)CSc1nnc(-c2ccc(Cl)cc2)n1CC)c1ccc(O)cc1,0
ZINC02332144,DUD_fxa_D_687,Cc1cc2c(c(=O)n1CCc1ccc(O)c(O)c1)[C@@H](c1ccc(F)cc1)C(C#N)=C(N)O2,0
ZINC02332145,DUD_fxa_D_688,Cc1cc2c(c(=O)n1CCc1ccc(O)c(O)c1)[C@@H](c1ccc(F)cc1)C(C#N)=C(N)O2,0
ZINC02336329,DUD_fxa_D_689,C=C(NNC(=O)CSc1nnc(-c2ccccc2)n1CC)c1ccc(O)c(OC)c1,0
ZINC02337131,DUD_fxa_D_690,Nc1nc(CSc2nnnn2-c2ccccc2)nc(Nc2ccc3ccccc3c2)n1,0
ZINC02337371,DUD_fxa_D_691,CC(=O)Nc1ccc(NC(=O)CSc2nnc(-c3ccncc3)n2Cc2ccco2)cc1,0
ZINC02345061,DUD_fxa_D_692,O=C(CCC(=O)N/N=C/c1c[nH]c2ccccc12)N/N=C/c1c[nH]c2ccccc12,0
ZINC02350356,DUD_fxa_D_693,CN(C)c1ccc(-c2cc[n+](-c3[n-]c(=O)sc3/C=N\NC(=O)c3ccncc3)cc2)cc1,0
ZINC02351433,DUD_fxa_D_694,Cc1cc2c(c(=O)n1CCc1ccc(O)c(O)c1)[C@H](c1ccccc1F)C(C#N)=C(N)O2,0
ZINC02351435,DUD_fxa_D_695,Cc1cc2c(c(=O)n1CCc1ccc(O)c(O)c1)[C@@H](c1ccccc1F)C(C#N)=C(N)O2,0
ZINC02354069,DUD_fxa_D_696,C=C(/C=C\c1ccc(OCc2ccc(C(=O)OC)cc2)cc1)NNC(N)=S,0
ZINC02354596,DUD_fxa_D_697,C=CCn1c(Cc2cccs2)nnc1SCC(=O)Nc1ccc(S(N)(=O)=O)cc1,0
ZINC02354607,DUD_fxa_D_698,Cc1cc2c(c(=O)n1CCc1ccc(O)c(O)c1)[C@@H](c1cccc(F)c1)C(C#N)=C(N)O2,0
ZINC02354609,DUD_fxa_D_699,Cc1cc2c(c(=O)n1CCc1ccc(O)c(O)c1)[C@@H](c1cccc(F)c1)C(C#N)=C(N)O2,0
ZINC02355250,DUD_fxa_D_700,C=CCn1c(SCC(=O)Nc2ccc(S(N)(=O)=O)cc2)nnc1-c1ccc(F)cc1,0
ZINC02356458,DUD_fxa_D_701,CCCCOc1ccc(/C=N\NC(=O)c2nnn(-c3nonc3N)c2-c2ccccc2)cc1,0
ZINC02358090,DUD_fxa_D_702,Cc1ccc(-c2cc(C(=O)NCCc3ccc(S(N)(=O)=O)cc3)n[nH]2)c(O)c1C,0
ZINC02358090,DUD_fxa_D_703,Cc1ccc(-c2cc(C(=O)NCCc3ccc(S(N)(=O)=O)cc3)[nH]n2)c(O)c1C,0
ZINC02361932,DUD_fxa_D_704,[NH3+][C@H](Cc1c[nH]c2ccccc12)c1nnc(SCC(=O)Nc2cccc(Cl)c2)o1,0
ZINC02363808,DUD_fxa_D_705,C#CCOc1ccc(-c2nnc(Nc3ccc(OC)c(C(N)=O)c3)c3ccccc23)cc1,0
ZINC02365763,DUD_fxa_D_706,Cc1cc2c(c(=O)n1CCc1ccc(O)c(O)c1)[C@@H](c1ccccc1)C(C#N)=C(N)O2,0
ZINC02365765,DUD_fxa_D_707,Cc1cc2c(c(=O)n1CCc1ccc(O)c(O)c1)[C@@H](c1ccccc1)C(C#N)=C(N)O2,0
ZINC02365854,DUD_fxa_D_708,CCCOc1ccc(-c2c(C(=O)N/N=C\c3ccccc3)nnn2-c2nonc2N)cc1,0
ZINC02366703,DUD_fxa_D_709,CC(/C=N\NC(=O)c1nnn(-c2nonc2N)c1-c1ccc(C)cc1)=C/c1ccccc1,0
ZINC02367730,DUD_fxa_D_710,CCc1ccccc1NC(=O)CSc1nnc([C@@H]([NH3+])Cc2c[nH]c3ccccc23)o1,0
ZINC02369549,DUD_fxa_D_711,Cc1cccc(NC(=O)CSc2nnc([C@@H]([NH3+])Cc3c[nH]c4ccccc34)o2)c1C,0
ZINC02369783,DUD_fxa_D_712,C#CCOc1ccc(-c2nnc(Nc3ccc(OCC(N)=O)cc3)c3ccccc23)cc1,0
ZINC02371216,DUD_fxa_D_713,COc1cccc(-c2nnc(SCC(=O)Nc3ccc(Oc4ccccc4)cc3)n2N)c1,0
ZINC02373299,DUD_fxa_D_714,O=C(COc1ccc(C(=O)N/N=C/c2ccccc2O)cc1)N/N=C\c1ccccc1O,0
ZINC02374118,DUD_fxa_D_715,C=CCn1c(SCC(=O)Nc2ccc(C(N)=O)cc2)nnc1-c1ccncc1,0
ZINC02374126,DUD_fxa_D_716,Nn1c(SCC(=O)Nc2ccc(OCc3ccccc3)cc2)nnc1-c1ccccc1F,0
ZINC02374376,DUD_fxa_D_717,Cc1ccc(-c2nnc(SCC(=O)Nc3ccc(OCc4ccccc4)cc3)n2N)cc1,0
ZINC02375454,DUD_fxa_D_718,Cc1ccccc1C(=O)Nc1nnc(CC(=O)N/N=C\c2ccc(O)cc2)s1,0
ZINC02375530,DUD_fxa_D_719,Cc1cccc(-c2nnc(SCC(=O)Nc3ccc(OCc4ccccc4)cc3)n2N)c1,0
ZINC02376542,DUD_fxa_D_720,CCOc1ccc(-c2c(C(=O)N/N=C\C=C\c3ccccc3)nnn2-c2nonc2N)cc1,0
ZINC02376733,DUD_fxa_D_721,C=C(NNC(=O)CCCCCNC(=O)c1ccccc1)c1ccccc1O,0
ZINC02377006,DUD_fxa_D_722,C=C(NNC(=O)c1cc(-c2c(C)nn(-c3ccccc3)c2C)n[nH]1)c1ccccc1O,0
ZINC02377770,DUD_fxa_D_723,C#CCOc1ccc(-c2nnc(Nc3ccc(S(N)(=O)=O)cc3)c3ccccc23)cc1,0
ZINC02379693,DUD_fxa_D_724,COc1ccccc1-c1nnc(SCC(=O)Nc2ccc(Oc3ccccc3)cc2)n1N,0
ZINC02381696,DUD_fxa_D_725,Cc1ccc(/C=N\NC(=O)c2nnn(-c3nonc3N)c2CSc2ccccc2)cc1,0
ZINC02381793,DUD_fxa_D_726,Cc1ccc(-c2nnc(SCC(=O)Nc3ccc(Oc4ccccc4)cc3)n2N)cc1,0
ZINC02385251,DUD_fxa_D_727,NC(=O)c1ccc(NC(=O)CSc2nnc(-c3ccncc3)n2Cc2ccco2)cc1,0
ZINC02385457,DUD_fxa_D_728,NC(=O)c1ccc(NC(=O)CSc2nnc(-c3ccccn3)n2Cc2ccco2)cc1,0
ZINC02386467,DUD_fxa_D_729,COc1ccc(-c2nnc(SCC(=O)Nc3ccccc3-c3ccccc3)n2N)cc1,0
ZINC02386966,DUD_fxa_D_730,CC(C)c1c(C(=O)N/N=C\c2ccc(-c3ccccc3)cc2)nnn1-c1nonc1N,0
ZINC02388065,DUD_fxa_D_731,CCOc1ccc(-c2nnc(SCC(=O)Nc3cccc4ccccc34)n2N)cc1,0
ZINC02388395,DUD_fxa_D_732,CCn1c2ccccc2c2cc(NC(=O)CSc3nnc(-c4ccco4)n3N)ccc21,0
ZINC02393449,DUD_fxa_D_733,CC(C)c1c(C(=O)N/N=C\c2cccc(OCc3ccccc3)c2)nnn1-c1nonc1N,0
ZINC02393714,DUD_fxa_D_734,NC(=O)c1ccc(NC(=O)CSc2nnc(-c3ccco3)n2Cc2ccco2)cc1,0
ZINC02394466,DUD_fxa_D_735,Nn1c(SCC(=O)Nc2ccc(Oc3ccccc3)cc2)nnc1C1CCCCC1,0
ZINC02395413,DUD_fxa_D_736,COc1ccccc1-c1cnc(N)nc1-c1ccc(OCc2ccc([N+](=O)[O-])cc2)cc1O,0
ZINC02400382,DUD_fxa_D_737,CC(=O)Nc1ccc(Nc2nc3ccccc3nc2NS(=O)(=O)c2cccs2)cc1,0
ZINC02403448,DUD_fxa_D_738,Cc1ccccc1-c1nnc(SCC(=O)Nc2ccc(OCc3ccccc3)cc2)n1N,0
ZINC02415107,DUD_fxa_D_739,Cc1ccc(-c2nnc(SCC(=O)Nc3ccccc3-c3ccccc3)n2N)cc1,0
ZINC02417433,DUD_fxa_D_740,CCOC(=O)c1cnc(SCc2nc(N)nc(Nc3ccc(OC)cc3)n2)nc1N,0
ZINC02417686,DUD_fxa_D_741,NS(=O)(=O)c1ccc(CCNC(=S)Nc2ccc(Nc3ccccc3)cc2)cc1,0
ZINC02418464,DUD_fxa_D_742,CCCOC(=O)c1ccc(Oc2c[nH]nc2-c2ccc(OCC(=O)NN)cc2O)cc1,0
ZINC02418660,DUD_fxa_D_743,CC(C)CCOc1ccc(C(=O)N[C@@H](Cc2c[nH]c3ccccc23)C(=O)NN)cc1,0
ZINC02418661,DUD_fxa_D_744,CC(C)CCOc1ccc(C(=O)N[C@@H](Cc2c[nH]c3ccccc23)C(=O)NN)cc1,0
ZINC02420872,DUD_fxa_D_745,CCOC(=O)c1ccc(Oc2c(C)n[nH]c2-c2ccc(OCC(=O)NN)cc2O)cc1,0
ZINC02427690,DUD_fxa_D_746,CCOc1cccc(-c2nnc(SCC(=O)Nc3cccc4ccccc34)n2N)c1,0
ZINC02427814,DUD_fxa_D_747,Cc1ccc(-c2csc3ncnc(SCC(=O)Nc4ccc(C(N)=O)cc4)c23)cc1,0
ZINC02428379,DUD_fxa_D_748,CCOC(=O)c1cnc(SCc2nc(N)nc(Nc3ccccc3OC)n2)nc1N,0
ZINC02433576,DUD_fxa_D_749,Cc1cc2c(c(=O)n1CCc1ccc(O)c(O)c1)[C@H](c1ccccc1Cl)C(C#N)=C(N)O2,0
ZINC02433578,DUD_fxa_D_750,Cc1cc2c(c(=O)n1CCc1ccc(O)c(O)c1)[C@@H](c1ccccc1Cl)C(C#N)=C(N)O2,0
ZINC02437870,DUD_fxa_D_751,NS(=O)(=O)c1ccc(-c2ccc(/C=N/NC(=O)[C@@H]3C[C@H]3c3ccccc3)o2)cc1,0
ZINC02438873,DUD_fxa_D_752,Nc1c(C(=O)NC2CCCCC2)c2nc3ccccc3nc2n1/N=C/c1cccc(O)c1,0
ZINC02439307,DUD_fxa_D_753,COc1cccc([C@@H]2C(C#N)=C(N)Oc3cc(C)n(CCc4ccc(O)c(O)c4)c(=O)c32)c1,0
ZINC02439308,DUD_fxa_D_754,COc1cccc([C@@H]2C(C#N)=C(N)Oc3cc(C)n(CCc4ccc(O)c(O)c4)c(=O)c32)c1,0
ZINC02441228,DUD_fxa_D_755,C=CCn1c(SCC(=O)Nc2ccc(S(N)(=O)=O)cc2)nnc1-c1ccccc1,0
ZINC02441881,DUD_fxa_D_756,Cc1cc2c(c(=O)n1CCc1ccc(O)c(O)c1)[C@H](c1ccc(Cl)cc1)C(C#N)=C(N)O2,0
ZINC02441883,DUD_fxa_D_757,Cc1cc2c(c(=O)n1CCc1ccc(O)c(O)c1)[C@H](c1ccc(Cl)cc1)C(C#N)=C(N)O2,0
ZINC02442404,DUD_fxa_D_758,Cc1ccc(C)c(NC(=O)CSc2nn3c([C@@H]([NH3+])Cc4ccccc4)nnc3s2)c1,0
ZINC02442664,DUD_fxa_D_759,Cc1cc2c(c(=O)n1CCc1ccc(O)c(O)c1)[C@@H](c1cccc(Cl)c1)C(C#N)=C(N)O2,0
ZINC02442665,DUD_fxa_D_760,Cc1cc2c(c(=O)n1CCc1ccc(O)c(O)c1)[C@@H](c1cccc(Cl)c1)C(C#N)=C(N)O2,0
ZINC02443297,DUD_fxa_D_761,C=CCn1c(SCC(=O)Nc2ccc(C(N)=O)cc2)nnc1-c1ccccc1Cl,0
ZINC02443879,DUD_fxa_D_762,C=CCn1c(SCC(=O)Nc2ccc(C(N)=O)cc2)nnc1-c1ccc(F)cc1,0
ZINC02443934,DUD_fxa_D_763,C=CCn1c(COc2ccc(C)cc2)nnc1SCC(=O)Nc1ccc(C(N)=O)cc1,0
ZINC02444357,DUD_fxa_D_764,C=CCn1c(SCC(=O)Nc2ccc(C(N)=O)cc2)nnc1-c1ccc(OC)cc1,0
ZINC02445362,DUD_fxa_D_765,Cc1cccc(-c2nnc(SCC(=O)Nc3ccccc3-c3ccccc3)n2N)c1,0
ZINC02446024,DUD_fxa_D_766,CCCOc1ccc(/C=N\NC(=O)c2nnn(-c3nonc3N)c2-c2cccs2)cc1,0
ZINC02447096,DUD_fxa_D_767,C=C(NNC(=O)c1nnn(-c2nonc2N)c1CSc1ccc(C)cc1)c1ccccc1,0
ZINC02447310,DUD_fxa_D_768,CCCc1c(C(=O)N/N=C/c2ccc(-c3ccccc3)cc2)nnn1-c1nonc1N,0
ZINC02447372,DUD_fxa_D_769,C=CCn1c(SCC(=O)Nc2ccc(C(N)=O)cc2)nnc1-c1ccc(Cl)cc1,0
ZINC02447475,DUD_fxa_D_770,CCn1c(COc2ccc(Cl)cc2)nnc1SCC(=O)Nc1ccc(C(N)=O)cc1,0
ZINC02448286,DUD_fxa_D_771,Cc1ccc(-n2c(SCC(=O)Nc3ccc(C(N)=O)cc3)nnc2-c2cccs2)cc1,0
ZINC02449164,DUD_fxa_D_772,COc1cccc(-c2c(C(=O)N/N=C\C(C)=C/c3ccccc3)nnn2-c2nonc2N)c1,0
ZINC02451833,DUD_fxa_D_773,Cc1ccc(/C=N/NC(=O)c2nnn(-c3nonc3N)c2CSc2ccc(C)cc2)cc1,0
ZINC02453154,DUD_fxa_D_774,C=CCn1c(SCC(=O)Nc2ccc(S(N)(=O)=O)cc2)nnc1-c1ccc(C)cc1,0
ZINC02484169,DUD_fxa_D_775,NS(=O)(=O)c1ccc(CCN2C(=O)c3ccccc3[C@@]2(O)Cc2ccccc2)cc1,0
ZINC02520026,DUD_fxa_D_776,COc1cccc(/C=N\NC(=O)C(=O)Nc2ccccc2C(=O)Nc2ccc(C)cc2)c1O,0
ZINC02520171,DUD_fxa_D_777,CCOc1ccc(NC(=O)c2ccccc2NC(=O)C(=O)N/N=C/c2ccccc2O)cc1,0
ZINC02522395,DUD_fxa_D_778,COc1ccc(-c2nnc(SCC(=O)Nc3ccc(Oc4ccccc4)cc3)n2N)cc1,0
ZINC02522628,DUD_fxa_D_779,COc1cc(NC(=O)[C@H](CCCNC(N)=[NH2+])NC(=O)c2ccccc2)cc2ccccc12,0
ZINC02541613,DUD_fxa_D_780,O=C(N[C@H](CO)[C@H](O)c1ccc([N+](=O)[O-])cc1)OCC1c2ccccc2-c2ccccc21,0
ZINC02546078,DUD_fxa_D_781,C=CC[N@H+]1CC[C@@]23c4c5ccc(O)c4O[C@@H]2C(NNC(=O)c2ccccc2)=CC[C@@]3(O)[C@H]1C5,0
ZINC02547237,DUD_fxa_D_782,CC(C)(c1ccccc1)c1ccc(Oc2ccc(C(=[NH2+])NO)c(C(=[NH2+])NO)c2)cc1,0
ZINC02579074,DUD_fxa_D_783,Cc1cc(=O)oc2cc(NC(=O)[C@H](CCCNC(N)=[NH2+])NC(=O)c3ccccc3)ccc12,0
ZINC02586764,DUD_fxa_D_784,Cc1ccc(-c2n[nH]/c(=N/c3ccccc3)c3ccccc23)cc1S(=O)(=O)NCCO,0
ZINC02592840,DUD_fxa_D_785,Nc1nc(CSc2nnnn2-c2ccccc2)[nH]/c(=N/c2ccc3ccccc3c2)n1,0
ZINC02594036,DUD_fxa_D_786,CCOC(=O)c1cnc(SCc2nc(N)n/c(=N/c3ccccc3)[nH]2)nc1N,0
ZINC02604001,DUD_fxa_D_787,CCOC(=O)c1cnc(SCc2nc(N)n/c(=N/c3ccc(OC)cc3)[nH]2)nc1N,0
ZINC02617304,DUD_fxa_D_788,Cc1cccc(C)c1Nc1nnc(SCC(=O)Nc2ccc(C(N)=O)cc2)s1,0
ZINC02617526,DUD_fxa_D_789,Cc1ccccc1NC(=O)CSCc1nc(N)nc(Nc2ccccc2C)n1,0
ZINC02618049,DUD_fxa_D_790,CCOc1ccccc1Nc1nnc(SCC(=O)Nc2ccc3[nH]c(=O)[nH]c3c2)s1,0
ZINC02618801,DUD_fxa_D_791,Cc1ccc(-c2cc(C(=O)NCCc3ccc(S(N)(=O)=O)cc3)c3ccccc3n2)cc1,0
ZINC02619398,DUD_fxa_D_792,O=C(CSc1nnc(NCc2ccccc2)s1)Nc1ccc2[nH]c(=O)[nH]c2c1,0
ZINC02622048,DUD_fxa_D_793,CCCc1ccc(-c2cc(NC(=O)CSc3nnc(N)[nH]3)n(-c3ccccc3)n2)cc1,0
ZINC02622179,DUD_fxa_D_794,COc1ccc(/C=C/C(=O)NC(=S)Nc2c(C(N)=O)cnn2-c2cccc(C)c2)cc1,0
ZINC02624838,DUD_fxa_D_795,NS(=O)(=O)c1ccc(NC(=O)CNC(=O)c2ccc(Oc3ccccc3)cc2)cc1,0
ZINC02627970,DUD_fxa_D_796,C=CCN(c1ccccc1)S(=O)(=O)c1cccc(C(=O)Nc2sccc2C(N)=O)c1,0
ZINC02628211,DUD_fxa_D_797,CCCCn1c(SCC(=O)Nc2ccc3[nH]c(=O)[nH]c3c2)nc2ccccc2c1=O,0
ZINC02629128,DUD_fxa_D_798,C=C(NNC(=O)c1cc2c3ccccc3n(C)c2s1)c1ccc(OCC(N)=O)cc1,0
ZINC02629853,DUD_fxa_D_799,COc1ccc(C)cc1NC(=O)[C@@H](Sc1nnc(-c2cccnc2)n1N)c1ccccc1,0
ZINC02629854,DUD_fxa_D_800,COc1ccc(C)cc1NC(=O)[C@H](Sc1nnc(-c2cccnc2)n1N)c1ccccc1,0
ZINC02631218,DUD_fxa_D_801,CCOC(=O)c1ccc(S(=O)(=O)NNC(=O)c2cc(-c3ccccc3)sc2N)cc1,0
ZINC02632162,DUD_fxa_D_802,COc1ccc(-c2nnc(SCC(=O)Nc3ccc(C(N)=O)cc3)n2CC(C)C)cc1,0
ZINC02632319,DUD_fxa_D_803,O=C(NCCc1c[nH]c2ccccc12)c1ccc(NS(=O)(=O)c2cccs2)cc1,0
ZINC02633561,DUD_fxa_D_804,Cc1ccccc1-n1c(SCC(=O)Nc2ccc(C(N)=O)cc2)nc2ccccc2c1=O,0
ZINC02634709,DUD_fxa_D_805,Cc1cccc(C(=O)NCC(=O)OCc2nc(N)nc(Nc3ccccc3C)n2)c1,0
ZINC02635796,DUD_fxa_D_806,NC(=O)c1ccc(NC(=O)CSc2nc3ccccc3c(=O)n2-c2ccccc2F)cc1,0
ZINC02636334,DUD_fxa_D_807,Cc1ccc(Nc2nnc(SCC(=O)Nc3ccc(C(N)=O)cc3)s2)c(C)c1,0
ZINC02637393,DUD_fxa_D_808,NC(=O)c1ccc(NC(=O)CSc2nc3ccccc3c(=O)n2Cc2ccccc2)cc1,0
ZINC02642231,DUD_fxa_D_809,NC(=O)c1ccc(NC(=O)COC(=O)[C@@H](Cc2ccccc2)NC(=O)c2ccccc2)cc1,0
ZINC02642233,DUD_fxa_D_810,NC(=O)c1ccc(NC(=O)COC(=O)[C@H](Cc2ccccc2)NC(=O)c2ccccc2)cc1,0
ZINC02643452,DUD_fxa_D_811,Cc1cc(C)c(-c2cc(NC(=O)CSc3nnc(N)[nH]3)n(-c3ccccc3)n2)cc1C,0
ZINC02645685,DUD_fxa_D_812,COCCn1c(SCc2nc(N)nc(Nc3ccccc3C)n2)nc2ccccc2c1=O,0
ZINC02649142,DUD_fxa_D_813,Cc1cc(C)cc(NC(=O)[C@H](OC(=O)CSc2nnc(N)s2)c2ccccc2)c1,0
ZINC02650028,DUD_fxa_D_814,COc1ccc(OCc2nnc(SCC(=O)Nc3ccc4ccccc4c3)n2N)cc1,0
ZINC02651068,DUD_fxa_D_815,NS(=O)(=O)c1ccc(CCNC(=O)c2nn(-c3ccccc3)c(=O)c3ccccc23)cc1,0
ZINC02652214,DUD_fxa_D_816,CC(C)CCn1nc(C(=O)NCCc2ccc(S(N)(=O)=O)cc2)c2ccccc2c1=O,0
ZINC02653373,DUD_fxa_D_817,COc1ccc(Nc2nnc(SCC(=O)Nc3ccc4[nH]c(=O)[nH]c4c3)s2)cc1,0
ZINC02653497,DUD_fxa_D_818,CCCCOC(=O)c1c(N)n(-c2ccc(S(N)(=O)=O)cc2)c2nc3ccccc3nc12,0
ZINC02654850,DUD_fxa_D_819,COc1ccc(-c2cc(C(=O)Nc3ccc(C(N)=O)cc3)c3ccccc3n2)cc1OC,0
ZINC02655243,DUD_fxa_D_820,COc1ccccc1NC(=O)c1ccc(NS(=O)(=O)c2ccc(NC(C)=O)cc2)cc1,0
ZINC02655351,DUD_fxa_D_821,CCOc1ccccc1Nc1nnc(SCC(=O)Nc2ccc(C(N)=O)cc2)s1,0
ZINC02655432,DUD_fxa_D_822,NC(=O)c1ccc(NC(=O)COC(=O)c2cc(-c3cccs3)nc3ccccc23)cc1,0
ZINC02655433,DUD_fxa_D_823,Cc1nn(-c2ccccc2)c2sc(C(=O)OCC(=O)Nc3ccc(C(N)=O)cc3)cc12,0
ZINC02655491,DUD_fxa_D_824,COCCn1c(SCC(=O)Nc2ccc(C(N)=O)cc2)nnc1-c1ccc(Cl)cc1,0
ZINC02655514,DUD_fxa_D_825,CCCCn1c(SCC(=O)Nc2ccc(C(N)=O)cc2)nc2ccccc2c1=O,0
ZINC02655554,DUD_fxa_D_826,NS(=O)(=O)c1ccc(NC(=O)COC(=O)Cc2ccc(-c3ccccc3)cc2)cc1,0
ZINC02655557,DUD_fxa_D_827,COc1ccc(Nc2nnc(SCC(=O)Nc3ccc(C(N)=O)cc3)s2)cc1,0
ZINC02657162,DUD_fxa_D_828,O=C(NCCc1c[nH]c2ccccc12)c1ccc(S(=O)(=O)NCc2ccco2)cc1,0
ZINC02658665,DUD_fxa_D_829,C=C(NNC(=S)NCc1ccccc1)c1ccc(S(=O)(=O)NCc2ccco2)cc1,0
ZINC02660197,DUD_fxa_D_830,C=C(NNC(=O)c1ccc(O)cc1)c1ccc(S(=O)(=O)NCc2ccco2)cc1,0
ZINC02660773,DUD_fxa_D_831,Cc1cc(C(=O)COC(=O)c2ccc(NC(N)=O)cc2)c(C)n1CCc1ccc(F)cc1,0
ZINC02660875,DUD_fxa_D_832,NS(=O)(=O)c1ccc(CCNC(=O)c2cn(-c3ccccc3)nc2-c2ccccc2)cc1,0
ZINC02661093,DUD_fxa_D_833,CCCCn1nc(C(=O)NCCc2ccc(S(N)(=O)=O)cc2)c2ccccc2c1=O,0
ZINC02663721,DUD_fxa_D_834,COC(=O)c1ccc(NC(=O)/C=C/c2ccc(S(=O)(=O)NCc3ccco3)cc2)cc1,0
ZINC02664906,DUD_fxa_D_835,NC(=O)c1ccc(NC(=O)CSc2nnc(-c3cccs3)n2Cc2ccccc2)cc1,0
ZINC02667127,DUD_fxa_D_836,CCc1cc(-c2n[nH]c(C)c2-c2nc3ccccc3s2)c(O)cc1OCC(=O)NN,0
ZINC02668766,DUD_fxa_D_837,Cc1ccc(NC(=O)C[C@@H]2S/C(=N/N=C/c3c[nH]c4ccccc34)NC2=O)cc1,0
ZINC02678922,DUD_fxa_D_838,COc1cc(/C=N\NC(=O)c2cc(O)c(O)c(O)c2)ccc1OC(=O)c1ccco1,0
ZINC02686535,DUD_fxa_D_839,COc1ccccc1NC(=O)Cn1nnc(C(=O)NCCc2ccccc2)c1N,0
ZINC02691771,DUD_fxa_D_840,O=C(CCCCC(=O)N/N=C/c1cccc(O)c1)N/N=C/c1cccc(O)c1,0
ZINC02694929,DUD_fxa_D_841,NS(=O)(=O)c1ccc(CCNc2ncnc3c2cnn3-c2ccc(Cl)cc2)cc1,0
ZINC02704934,DUD_fxa_D_842,C/C=C(/NNC(=O)CSc1nnc(-c2ccccc2)n1CC)c1ccc(O)cc1,0
ZINC02712421,DUD_fxa_D_843,Nc1nc(SCC(=O)N2CCCc3ccccc32)nc(O)c1NC(=O)c1cccs1,0
ZINC02712422,DUD_fxa_D_844,Nc1nc(SCC(=O)N2CCc3ccccc32)nc(O)c1NC(=O)c1cccs1,0
ZINC02712427,DUD_fxa_D_845,Cc1cccc(NC(=O)CSc2nc(N)c(NC(=O)c3cccs3)c(O)n2)c1,0
ZINC02712428,DUD_fxa_D_846,Cc1ccc(NC(=O)CSc2nc(N)c(NC(=O)c3cccs3)c(O)n2)cc1,0
ZINC02712430,DUD_fxa_D_847,Cc1cccc(NC(=O)CSc2nc(N)c(NC(=O)c3cccs3)c(O)n2)c1C,0
ZINC02712431,DUD_fxa_D_848,Cc1ccc(C)c(NC(=O)CSc2nc(N)c(NC(=O)c3cccs3)c(O)n2)c1,0
ZINC02712432,DUD_fxa_D_849,Cc1ccc(NC(=O)CSc2nc(N)c(NC(=O)c3cccs3)c(O)n2)c(C)c1,0
ZINC02712433,DUD_fxa_D_850,Cc1cc(C)cc(NC(=O)CSc2nc(N)c(NC(=O)c3cccs3)c(O)n2)c1,0
ZINC02712434,DUD_fxa_D_851,Cc1cc(C)c(NC(=O)CSc2nc(N)c(NC(=O)c3cccs3)c(O)n2)c(C)c1,0
ZINC02712436,DUD_fxa_D_852,CCc1ccc(NC(=O)CSc2nc(N)c(NC(=O)c3cccs3)c(O)n2)cc1,0
ZINC02712447,DUD_fxa_D_853,COc1ccccc1NC(=O)CSc1nc(N)c(NC(=O)c2cccs2)c(=O)[nH]1,0
ZINC02712448,DUD_fxa_D_854,COc1cccc(NC(=O)CSc2nc(N)c(NC(=O)c3cccs3)c(=O)[nH]2)c1,0
ZINC02712449,DUD_fxa_D_855,COc1ccc(NC(=O)CSc2nc(N)c(NC(=O)c3cccs3)c(=O)[nH]2)cc1,0
ZINC02712450,DUD_fxa_D_856,CCOc1ccccc1NC(=O)CSc1nc(N)c(NC(=O)c2cccs2)c(=O)[nH]1,0
ZINC02712484,DUD_fxa_D_857,Nc1nc(SCC(=O)N2CCCc3ccccc32)nc(O)c1NC(=O)c1ccco1,0
ZINC02712488,DUD_fxa_D_858,Nc1nc(SCC(=O)Nc2cccc3ccccc23)[nH]c(=O)c1NC(=O)c1ccco1,0
ZINC02712488,DUD_fxa_D_859,Nc1[nH]c(SCC(=O)Nc2cccc3ccccc23)nc(=O)c1NC(=O)c1ccco1,0
ZINC02712488,DUD_fxa_D_860,Nc1nc(SCC(=O)Nc2cccc3ccccc23)nc(O)c1NC(=O)c1ccco1,0
ZINC02712489,DUD_fxa_D_861,Cc1ccccc1NC(=O)CSc1nc(N)c(NC(=O)c2ccco2)c(O)n1,0
ZINC02712490,DUD_fxa_D_862,Cc1cccc(NC(=O)CSc2nc(N)c(NC(=O)c3ccco3)c(O)n2)c1,0
ZINC02712491,DUD_fxa_D_863,Cc1ccc(NC(=O)CSc2nc(N)c(NC(=O)c3ccco3)c(O)n2)cc1,0
ZINC02712492,DUD_fxa_D_864,Cc1cccc(NC(=O)CSc2nc(N)c(NC(=O)c3ccco3)c(O)n2)c1C,0
ZINC02712493,DUD_fxa_D_865,Cc1ccc(C)c(NC(=O)CSc2nc(N)c(NC(=O)c3ccco3)c(O)n2)c1,0
ZINC02712494,DUD_fxa_D_866,Cc1ccc(NC(=O)CSc2nc(N)c(NC(=O)c3ccco3)c(O)n2)c(C)c1,0
ZINC02712495,DUD_fxa_D_867,Cc1cc(C)cc(NC(=O)CSc2nc(N)c(NC(=O)c3ccco3)c(O)n2)c1,0
ZINC02712496,DUD_fxa_D_868,Cc1cc(C)c(NC(=O)CSc2nc(N)c(NC(=O)c3ccco3)c(O)n2)c(C)c1,0
ZINC02712500,DUD_fxa_D_869,CCc1ccc(NC(=O)CSc2nc(N)c(NC(=O)c3ccco3)c(O)n2)cc1,0
ZINC02712501,DUD_fxa_D_870,CCCCc1ccc(NC(=O)CSc2nc(N)c(NC(=O)c3ccco3)c(O)n2)cc1,0
ZINC02712513,DUD_fxa_D_871,Cc1ccc(NC(=O)CSc2nc(N)c(NC(=O)c3ccco3)c(O)n2)cc1Cl,0
ZINC02712515,DUD_fxa_D_872,COc1ccc(Cl)cc1NC(=O)CSc1nc(N)c(NC(=O)c2ccco2)c(=O)[nH]1,0
ZINC02712517,DUD_fxa_D_873,COc1ccccc1NC(=O)CSc1nc(N)c(NC(=O)c2ccco2)c(=O)[nH]1,0
ZINC02712518,DUD_fxa_D_874,COc1cccc(NC(=O)CSc2nc(N)c(NC(=O)c3ccco3)c(=O)[nH]2)c1,0
ZINC02712519,DUD_fxa_D_875,COc1ccc(NC(=O)CSc2nc(N)c(NC(=O)c3ccco3)c(=O)[nH]2)cc1,0
ZINC02712521,DUD_fxa_D_876,CCOc1ccccc1NC(=O)CSc1nc(N)c(NC(=O)c2ccco2)c(=O)[nH]1,0
ZINC02712522,DUD_fxa_D_877,CCOc1ccc(NC(=O)CSc2nc(N)c(NC(=O)c3ccco3)c(=O)[nH]2)cc1,0
ZINC02712524,DUD_fxa_D_878,COc1ccc(OC)c(NC(=O)CSc2nc(N)c(NC(=O)c3ccco3)c(=O)[nH]2)c1,0
ZINC02712574,DUD_fxa_D_879,Nc1nc(SCC(=O)OCc2ccccc2)nc(O)c1NC(=O)c1ccco1,0
ZINC02712636,DUD_fxa_D_880,COc1ccc(C(=O)Nc2c(N)nc(SCc3ccccc3)nc2O)cc1OC,0
ZINC02712639,DUD_fxa_D_881,COc1ccc(C(=O)Nc2c(N)nc(SCc3ccccc3C)nc2O)cc1OC,0
ZINC02717765,DUD_fxa_D_882,CCOC(=O)c1ccc(NC(=O)CSc2nc3c(cnn3-c3ccccc3)c(=O)[nH]2)cc1,0
ZINC02717765,DUD_fxa_D_883,CCOC(=O)c1ccc(NC(=O)CSc2nc(=O)c3cnn(-c4ccccc4)c3[nH]2)cc1,0
ZINC02717765,DUD_fxa_D_884,CCOC(=O)c1ccc(NC(=O)CSc2nc(O)c3cnn(-c4ccccc4)c3n2)cc1,0
ZINC02726270,DUD_fxa_D_885,Cc1nn(Cc2ccccc2Cl)c(C)c1C(=O)NCCc1ccc(S(N)(=O)=O)cc1,0
ZINC02726272,DUD_fxa_D_886,NS(=O)(=O)c1ccc(CCNC(=O)c2nc(-c3ccccc3)n(-c3ccccc3)n2)cc1,0
ZINC02740743,DUD_fxa_D_887,COc1ccc(-c2cc(C(=O)Nc3ccc(S(N)(=O)=O)cc3)c3ccccc3n2)cc1,0
ZINC02744823,DUD_fxa_D_888,C=CCn1c(CNc2ccccc2)nnc1SCC(=O)Nc1cccc(NC(C)=O)c1,0
ZINC02745900,DUD_fxa_D_889,CCn1c2ccccc2c2nnc(SCC(=O)Nc3ccc(S(N)(=O)=O)cc3)nc21,0
ZINC02745940,DUD_fxa_D_890,CC[C@@H](Sc1nnc2c(n1)[nH]c1ccccc12)C(=O)Nc1ccc(S(N)(=O)=O)cc1,0
ZINC02745941,DUD_fxa_D_891,CC[C@H](Sc1nnc2c(n1)[nH]c1ccccc12)C(=O)Nc1ccc(S(N)(=O)=O)cc1,0
ZINC02746374,DUD_fxa_D_892,CC[C@@H](Sc1nnc2c(n1)[nH]c1ccccc12)C(=O)Nc1ccc(NC(C)=O)cc1,0
ZINC02746375,DUD_fxa_D_893,CC[C@H](Sc1nnc2c(n1)[nH]c1ccccc12)C(=O)Nc1ccc(NC(C)=O)cc1,0
ZINC02748289,DUD_fxa_D_894,COc1ccc(-c2nc3ccccc3c(C(=O)Nc3ccc(S(N)(=O)=O)cc3)c2C)cc1,0
ZINC02748596,DUD_fxa_D_895,C=C(NNC(=O)c1cc(O)c(O)c(O)c1)c1cccc(NC(=O)c2ccc(Cl)cc2)c1,0
ZINC02749750,DUD_fxa_D_896,C=C(NNC(=O)CCCC(=O)NNC(=C)c1ccc(N)cc1)c1ccc(N)cc1,0
ZINC02750701,DUD_fxa_D_897,NC(=O)c1ccccc1NC(=O)CCSCCC(=O)Nc1ccccc1C(N)=O,0
ZINC02751526,DUD_fxa_D_898,C=C(/C=C\c1ccccc1)NNC(=O)CCC(=O)Nc1cccc([N+](=O)[O-])c1,0
ZINC02752483,DUD_fxa_D_899,O=C(N/N=C\c1cc(Cl)ccc1O)c1cccc(NC(=O)c2cccc([N+](=O)[O-])c2)c1,0
ZINC02752593,DUD_fxa_D_900,COc1cccc(/C=N\NC(=O)c2cccc(NC(=O)c3ccc([N+](=O)[O-])cc3)c2)c1O,0
ZINC02752615,DUD_fxa_D_901,C=C(NNC(=O)c1cc(O)c(O)c(O)c1)c1cccc(NC(=O)c2cccs2)c1,0
ZINC02753084,DUD_fxa_D_902,COc1cccc(-c2cc(C(=O)NCc3ccc(S(N)(=O)=O)cc3)c3ccccc3n2)c1,0
ZINC02753447,DUD_fxa_D_903,C=C(NNC(=O)c1ccc(C(=O)NNC(=C)c2ccc(F)cc2)cc1)c1ccc(F)cc1,0
ZINC02754594,DUD_fxa_D_904,C/C(=C\Cc1ccco1)NNC(=O)c1ccc(NC(=O)c2ccc([N+](=O)[O-])cc2)cc1,0
ZINC02759883,DUD_fxa_D_905,C=C(NNC(=O)c1ccc(C(=O)NNC(=C)c2cccc(O)c2)cc1)c1cccc(O)c1,0
ZINC02760054,DUD_fxa_D_906,Cc1ccc(C(C)C)c(OCc2ccc(C(=O)Nc3ccc(S(N)(=O)=O)cc3)o2)c1,0
ZINC02760205,DUD_fxa_D_907,C=C(NNC(=O)COc1ccc([N+](=O)[O-])cc1)c1ccc(NC(=O)c2ccoc2C)cc1,0
ZINC02762072,DUD_fxa_D_908,CCNS(=O)(=O)c1ccc(NC(=O)c2ccc(COc3ccccc3[N+](=O)[O-])o2)cc1,0
ZINC02762506,DUD_fxa_D_909,CCCc1ccc(OCc2ccc(C(=O)Nc3ccc(S(N)(=O)=O)cc3)o2)cc1,0
ZINC02762782,DUD_fxa_D_910,C=C(NNS(=O)(=O)c1ccccc1)c1ccc(NC(=O)c2ccc(OC)cc2)cc1,0
ZINC02762803,DUD_fxa_D_911,C=C(NNC(=O)c1ccc(Cn2cccn2)o1)c1cccc(NC(=O)c2ccc(F)cc2)c1,0
ZINC02762886,DUD_fxa_D_912,C=C(NNC(=O)c1ccc(Cn2cc(Cl)cn2)cc1)c1ccc(NC(=O)CC)cc1,0
ZINC02762931,DUD_fxa_D_913,CCc1ccc(OCc2ccc(C(=O)Nc3ccc(S(N)(=O)=O)cc3)cc2)cc1,0
ZINC02763523,DUD_fxa_D_914,C=C(NNC(=O)c1ccc(COc2ccccc2Cl)o1)c1ccc(NC(C)=O)cc1,0
ZINC02763609,DUD_fxa_D_915,C=C(NNC(=O)c1cccc([N+](=O)[O-])c1)c1cccc(NC(=O)c2cccc(C)c2)c1,0
ZINC02763761,DUD_fxa_D_916,C=C(NNC(=O)COc1ccc(Cl)cc1)c1ccc(NC(=O)c2cccnc2)cc1,0
ZINC02763773,DUD_fxa_D_917,CCOc1ccccc1-c1cc(C(=O)Nc2ccc(S(N)(=O)=O)cc2)c2ccccc2n1,0
ZINC02764048,DUD_fxa_D_918,C=C(NNS(=O)(=O)c1ccc(C)cc1)c1cccc(NC(=O)c2cccc(C)c2)c1,0
ZINC02764064,DUD_fxa_D_919,C=C(NNC(=O)c1c(Cl)cnn1C)c1cccc(NC(=O)COc2ccccc2)c1,0
ZINC02764114,DUD_fxa_D_920,Cc1cccc(-c2cc(C(=O)NCc3ccc(S(N)(=O)=O)cc3)c3ccccc3n2)c1,0
ZINC02764284,DUD_fxa_D_921,C=C(NNC(=O)COc1ccc([N+](=O)[O-])cc1)c1cccc(NC(=O)c2cccc(C)c2)c1,0
ZINC02764426,DUD_fxa_D_922,CCOc1cccc(-c2cc(C(=O)Nc3ccc(S(N)(=O)=O)cc3)c3ccccc3n2)c1,0
ZINC02764448,DUD_fxa_D_923,C=C(NNS(=O)(=O)c1ccccc1)c1cccc(NC(=O)COc2ccccc2)c1,0
ZINC02764528,DUD_fxa_D_924,C=C(NNC(=O)[C@@H](C)Oc1ccccc1[N+](=O)[O-])c1cccc(NC(=O)C(C)(C)C)c1,0
ZINC02764549,DUD_fxa_D_925,C=C(NNC(=O)c1cc([N+](=O)[O-])nn1Cc1ccccc1)c1ccc(O)cc1O,0
ZINC02767036,DUD_fxa_D_926,Cc1ccc(-c2nc3ccccc3c(C(=O)NCc3ccc(S(N)(=O)=O)cc3)c2C)cc1,0
ZINC02767416,DUD_fxa_D_927,C=C(NNC(=O)c1ccc(Cn2cc(Cl)cn2)cc1)c1ccc(NC(C)=O)cc1,0
ZINC02767755,DUD_fxa_D_928,Cc1ccc(-c2cc(C(=O)NCc3ccc(S(N)(=O)=O)cc3)c3ccccc3n2)cc1C,0
ZINC02769153,DUD_fxa_D_929,Nc1cc(=O)nc(SCC(=O)Nc2nc(-c3ccccc3)cs2)n1-c1ccccc1,0
ZINC02779752,DUD_fxa_D_930,O=C(N/N=C/c1ccccc1O)c1ccc(C(=O)N/N=C/c2ccccc2O)o1,0
ZINC02782079,DUD_fxa_D_931,O=C(CSc1nnc(NNC2=CCCCC2)[nH]1)Nc1cccc2ccccc12,0
ZINC02785426,DUD_fxa_D_932,COc1ccc2cc([C@@H](C)C(=O)OCC(=O)Nc3ccc(S(N)(=O)=O)cc3)ccc2c1,0
ZINC02785427,DUD_fxa_D_933,COc1ccc2cc([C@@H](C)C(=O)OCC(=O)Nc3ccc(S(N)(=O)=O)cc3)ccc2c1,0
ZINC02790774,DUD_fxa_D_934,C=C(NNC(=O)c1ccccc1C)c1ccc(C(=C)NNC(=O)c2ccccc2C)cc1,0
ZINC02800817,DUD_fxa_D_935,C=C(NNC(=O)c1c(-c2ccccc2)noc1C)c1cccc(NC(=O)c2ccnn2C)c1,0
ZINC02800940,DUD_fxa_D_936,C=C(NNC(=O)c1c(-c2ccccc2)noc1C)c1ccc(NC(=O)c2ccnn2C)cc1,0
ZINC02801784,DUD_fxa_D_937,CC[C@H](Sc1nc(C)cc(-c2ccccc2)n1)C(=O)Nc1ccc(S(N)(=O)=O)cc1,0
ZINC02801785,DUD_fxa_D_938,CC[C@H](Sc1nc(C)cc(-c2ccccc2)n1)C(=O)Nc1ccc(S(N)(=O)=O)cc1,0
ZINC02807609,DUD_fxa_D_939,C=C(NNC(=O)c1csc2ccccc12)c1ccc(NC(=O)c2cc(C)on2)cc1,0
ZINC02807643,DUD_fxa_D_940,Cc1cccc(-n2c(N)cc(=O)nc2SCC(=O)Nc2nc(-c3ccccc3)cs2)c1,0
ZINC02818880,DUD_fxa_D_941,Cc1ccccc1-c1cc(C(=O)NCc2ccc(S(N)(=O)=O)cc2)c2ccccc2n1,0
ZINC02835719,DUD_fxa_D_942,CCCCc1ccc(NC(=S)NCCc2ccc(S(N)(=O)=O)cc2)cc1,0
ZINC02836431,DUD_fxa_D_943,CC(C)CNC(=O)c1cccc(NC(=O)c2ccc(NC(=O)c3ccco3)cc2)c1,0
ZINC02836938,DUD_fxa_D_944,C=CCn1c(Cc2c[nH]c3ccccc23)nnc1SCC(=O)Nc1cccc([N+](=O)[O-])c1,0
ZINC02840393,DUD_fxa_D_945,COc1ccccc1NC(=O)c1cc(C(N)=O)c(SCC(=O)c2ccccc2)[nH+]c1N,0
ZINC02840823,DUD_fxa_D_946,CC(=O)Nc1ccc(NC(=O)c2ccc(NS(=O)(=O)c3ccc(C)cc3)cc2)cc1,0
ZINC02841581,DUD_fxa_D_947,C=CCSc1[nH+]c(N)c(C(=O)Nc2ccccc2OC)cc1C(=O)Nc1ccccc1,0
ZINC02846324,DUD_fxa_D_948,CCOC(=O)c1cnc(SCc2nc(N)nc(Nc3ccccc3)n2)nc1N,0
ZINC02847116,DUD_fxa_D_949,CCCC(=O)Nc1ccc(C(=O)Nc2ccc(S(=O)(=O)Nc3nccs3)cc2)cc1,0
ZINC02849294,DUD_fxa_D_950,CC(=O)Nc1ccc(C(=O)Nc2ccc(S(=O)(=O)Nc3ccc(C)cc3)cc2)cc1,0
ZINC02851676,DUD_fxa_D_951,NS(=O)(=O)c1ccc(NC(=S)NNC(=O)c2ccc(OC3CCCC3)cc2)cc1,0
ZINC02853364,DUD_fxa_D_952,NS(=O)(=O)c1ccc(NC(=S)Nc2ccn(Cc3cccc4ccccc34)n2)cc1,0
ZINC02853980,DUD_fxa_D_953,CC(=O)c1ccc(NC(=S)Nc2ccc(S(=O)(=O)Nc3ccccc3C)cc2)cc1,0
ZINC02854269,DUD_fxa_D_954,O=C(N/N=C/c1ccc(/C=N/NC(=O)c2ccc(O)cc2O)cc1)c1ccc(O)cc1O,0
ZINC02854536,DUD_fxa_D_955,NS(=O)(=O)c1ccc(NC(=S)NNC(=O)c2ccc(-c3ccccc3)cc2)cc1,0
ZINC02857742,DUD_fxa_D_956,CC(=O)c1cccc(NC(=S)Nc2ccc(NS(=O)(=O)c3ccc(C)cc3)cc2)c1,0
ZINC02858499,DUD_fxa_D_957,CCOc1ccc(NC(=S)Nc2ccc(NS(=O)(=O)c3ccc(C)cc3)cc2)cc1,0
ZINC02858500,DUD_fxa_D_958,C[C@H](Oc1ccc2c(c1)CCC2)C(=O)NNC(=S)Nc1ccc(S(N)(=O)=O)cc1,0
ZINC02859087,DUD_fxa_D_959,CCOc1ccccc1NC(=S)Nc1ccc(S(=O)(=O)Nc2ncccn2)cc1,0
ZINC02860838,DUD_fxa_D_960,Cc1ccc(NS(=O)(=O)c2ccc(CCC(=O)Nc3cccc([N+](=O)[O-])c3)cc2)cc1,0
ZINC02861072,DUD_fxa_D_961,CCOC(=O)c1ccc(NC(=O)[C@@H](C)Sc2nc(=O)cc(N)n2-c2ccccc2)cc1,0
ZINC02861073,DUD_fxa_D_962,CCOC(=O)c1ccc(NC(=O)[C@@H](C)Sc2nc(=O)cc(N)n2-c2ccccc2)cc1,0
ZINC02862166,DUD_fxa_D_963,C=CCn1c(N)cc(=O)nc1SCC(=O)Nc1nnc(SCc2ccccc2)s1,0
ZINC02864483,DUD_fxa_D_964,Cc1ccc(C2=CSC(NC(=O)CSc3nnc4c(n3)[nH]c3ccccc34)=NN2)cc1,0
ZINC02865535,DUD_fxa_D_965,Cn1c(COc2ccccc2)nnc1SCC(=O)Nc1ccc(S(N)(=O)=O)cc1,0
ZINC02867487,DUD_fxa_D_966,Cc1ccc(C)c(-c2cc(C(=O)NCc3ccc(S(N)(=O)=O)cc3)c3ccccc3n2)c1,0
ZINC02869165,DUD_fxa_D_967,COC(=O)c1ccc(NC(=O)CSc2nc(=O)cc(N)n2-c2cccc(C)c2)cc1,0
ZINC02871443,DUD_fxa_D_968,CCOc1cc(C[NH2+]CCc2ccc(S(N)(=O)=O)cc2)ccc1OCc1ccccc1,0
ZINC02871567,DUD_fxa_D_969,C=CCn1c(SCC(=O)Nc2ccccc2)nnc1[C@H](CO)NC(=O)c1ccccc1,0
ZINC02871568,DUD_fxa_D_970,C=CCn1c(SCC(=O)Nc2ccccc2)nnc1[C@H](CO)NC(=O)c1ccccc1,0
ZINC02871619,DUD_fxa_D_971,CC(C)C(=O)Nc1ccc(C(=O)NNC(=S)NC(=O)c2ccccc2[N+](=O)[O-])cc1,0
ZINC02876741,DUD_fxa_D_972,CCn1c(Cc2ccccc2)nnc1SCC(=O)Nc1ccc(S(N)(=O)=O)cc1,0
ZINC02879008,DUD_fxa_D_973,CS(=O)(=O)Nc1ccc(C(=O)Nc2ccccc2C(=O)NCCc2ccccc2)cc1,0
ZINC02880090,DUD_fxa_D_974,COc1ccc(-c2noc(CSc3nc(N)c(-c4ccccc4)c(=O)[nH]3)n2)cc1OC,0
ZINC02880090,DUD_fxa_D_975,COc1ccc(-c2noc(CSc3nc(N)c(-c4ccccc4)c(O)n3)n2)cc1OC,0
ZINC02880090,DUD_fxa_D_976,COc1ccc(-c2noc(CSc3nc(N)c(-c4ccccc4)c(O)n3)n2)cc1OC,0
ZINC02881332,DUD_fxa_D_977,NS(=O)(=O)c1ccc(NC(=S)NC(=O)c2ccc(OCc3ccccc3)cc2)cc1,0
ZINC02881381,DUD_fxa_D_978,CC(=O)Nc1ccc(NC(=O)c2ccc(C)c(S(=O)(=O)Nc3cccc(C)c3)c2)cc1,0
ZINC02891213,DUD_fxa_D_979,NS(=O)(=O)c1ccc(CC[NH2+]Cc2c(OCc3ccccc3)ccc3ccccc23)cc1,0
ZINC02901480,DUD_fxa_D_980,Nc1nnc(CC(=O)N/N=C/c2ccc(OCc3ccc([N+](=O)[O-])cc3)cc2)s1,0
ZINC02903420,DUD_fxa_D_981,C=C(NNC(=O)CN(c1ccc(C)cc1)S(=O)(=O)c1ccccc1)c1ccccc1O,0
ZINC02903572,DUD_fxa_D_982,Cc1ccccc1NCC(=O)N/N=C\C=N\NC(=O)CNc1ccccc1C,0
ZINC02907934,DUD_fxa_D_983,NS(=O)(=O)c1ccc(N[C@@H](CNS(=O)(=O)c2ccccc2)c2ccccc2)cc1,0
ZINC02907970,DUD_fxa_D_984,CC(=O)Nc1ccc(N[C@H](CNS(=O)(=O)c2ccc(Cl)cc2)c2ccccc2)cc1,0
ZINC02907972,DUD_fxa_D_985,CC(=O)Nc1ccc(N[C@H](CNS(=O)(=O)c2ccc(Cl)cc2)c2ccccc2)cc1,0
ZINC02912521,DUD_fxa_D_986,C=C(NNC(=O)CN(c1ccccc1)S(=O)(=O)c1ccccc1)c1ccccc1O,0
ZINC02935817,DUD_fxa_D_987,O=C(CSc1ncn[nH]1)N/N=C/c1cn(-c2ccccc2)nc1-c1ccc([N+](=O)[O-])cc1,0
ZINC02952249,DUD_fxa_D_988,O=C(NCCc1c[nH]c2ccccc12)c1ccc(Cn2c(=O)[nH]c3ccccc3c2=O)cc1,0
ZINC02956620,DUD_fxa_D_989,CC(=O)c1cccc(NC(=O)C[C@@H]2S/C(=N\N=C/C=C\c3ccccc3)N=C2O)c1,0
ZINC02957275,DUD_fxa_D_990,C=C(N/N=C1\N=C(O)[C@H](CC(=O)Nc2ccccc2OC)S1)c1ccc([N+](=O)[O-])cc1,0
ZINC02958707,DUD_fxa_D_991,CCN(CCCNC(=O)c1ccc2c(c1)NC(=O)c1ccccc1N2)c1ccccc1,0
ZINC02958769,DUD_fxa_D_992,C[N@@H+](CCCNC(=O)c1ccc2c(c1)NC(=O)c1ccccc1N2)Cc1ccccc1,0
ZINC02970238,DUD_fxa_D_993,O=C(NCc1ccco1)c1ccc2c(=O)n(CCc3c[nH]c4ccccc34)c(=S)[nH]c2c1,0
ZINC02979014,DUD_fxa_D_994,COc1ccc(S(=O)(=O)N(CC(=O)Nc2ccc(C(N)=O)cc2)c2ccccc2)cc1,0
ZINC03013017,DUD_fxa_D_995,COc1ccc(NC(=O)CSc2nc(N)c(C(=O)Nc3ccc(OC)cc3)s2)cc1,0
ZINC03017649,DUD_fxa_D_996,NS(=O)(=O)c1ccc(CC[NH2+]Cc2ccccc2OCc2ccc(Cl)cc2)cc1,0
ZINC03022605,DUD_fxa_D_997,NNC(=O)c1ccc(OCc2ccc(COc3ccc(C(=O)NN)cc3)cc2)cc1,0
ZINC03028082,DUD_fxa_D_998,CCN(CC)c1ccc2cc(C(N)=O)/c(=N\NC(=O)c3cnc4ccccc4c3)oc2c1,0
ZINC03045199,DUD_fxa_D_999,O=C1c2cccc3c(NC(CO)(CO)CO)ccc(c23)C(=O)N1c1cccc2ccccc12,0
ZINC03051789,DUD_fxa_D_1000,CCCn1c(=S)[nH]c2cc(C(=O)NCCc3ccc(S(N)(=O)=O)cc3)ccc2c1=O,0
ZINC03061541,DUD_fxa_D_1001,O=C(NNC1=CC=C(NNC(=O)c2ccccc2O)CC1)c1ccccc1O,0
ZINC03065889,DUD_fxa_D_1002,Cc1ccc(C(=O)N/C(=C/c2ccc(-c3ccc([N+](=O)[O-])cc3)o2)C(=O)NCCO)cc1,0
ZINC03069049,DUD_fxa_D_1003,O=C(OC[C@H]1O[C@@H](n2cc(Nc3ccccc3)c(=O)[nH]c2=O)C[C@H]1O)c1ccccc1,0
ZINC03072995,DUD_fxa_D_1004,O=C(NCCO)c1cc(-c2cc(C(=O)NCCO)c3ccccc3n2)nc2ccccc12,0
ZINC03088902,DUD_fxa_D_1005,COc1ccc(NC(=O)CSc2[nH+]c(N)c(C#N)c(-c3ccc(F)cc3)c2C#N)cc1,0
ZINC03100201,DUD_fxa_D_1006,Cc1ccc(S(=O)(=O)Nc2nc3ccc(NC(=O)c4ccc(N)cc4)cc3s2)cc1,0
ZINC03110756,DUD_fxa_D_1007,O[C@H](CNc1ncccn1)COc1ccc(OC[C@H](O)CNc2ncccn2)cc1,0
ZINC03112416,DUD_fxa_D_1008,Cc1ccc(S(=O)(=O)N[C@H](Cc2ccccc2)C(=O)N/N=C/c2ccc(O)cc2)cc1,0
ZINC03112743,DUD_fxa_D_1009,COC(=O)c1ccc(/C=N/NC(=O)c2cccc(NS(=O)(=O)c3ccccc3)c2)cc1,0
ZINC03130382,DUD_fxa_D_1010,CCSc1nc(C)cc(O/C=C(\NNC(=O)c2ccc(O)cc2)c2ccccc2)n1,0
ZINC03144880,DUD_fxa_D_1011,C=C(NNC(=O)CNC(=O)C(c1ccccc1)c1ccccc1)c1cc(O)ccc1O,0
ZINC03145874,DUD_fxa_D_1012,O=C(N/N=C\c1cc([N+](=O)[O-])ccc1[O-])/C(=C\c1ccccc1O)NC(=O)c1ccccc1,0
ZINC03147128,DUD_fxa_D_1013,O=C(N/N=C/c1cc(=O)[nH]c(=O)[nH]1)/C(=C/C=C/c1ccccc1)NC(=O)c1ccccc1,0
ZINC03154786,DUD_fxa_D_1014,Nc1cc(S(=O)(=O)c2ccc(Nc3ccccc3)c(N)c2)ccc1Nc1ccccc1,0
ZINC03169467,DUD_fxa_D_1015,COc1ccc(NS(=O)(=O)c2ccc(N3CC(=O)C(c4ccccc4)=C3N)cc2)cc1,0
ZINC03169682,DUD_fxa_D_1016,O[C@@H](CNc1cccc[nH+]1)COc1ccc(OC[C@@H](O)CNc2cccc[nH+]2)cc1,0
ZINC03169686,DUD_fxa_D_1017,O[C@@H](CNc1cccc[nH+]1)COc1ccc(OC[C@@H](O)CNc2cccc[nH+]2)cc1,0
ZINC03175833,DUD_fxa_D_1018,C=C(NNC(=O)c1ccccc1)c1ccc(NC(=O)CO/N=C\c2ccccc2O)cc1,0
ZINC03179194,DUD_fxa_D_1019,CC(=O)Nc1ccc(S(=O)(=O)Nc2nc3ccccc3nc2Nc2ccc(N)cc2)cc1,0
ZINC03185845,DUD_fxa_D_1020,Cc1ccc(-c2nnc(SCc3nc(N)nc(Nc4ccccc4C)n3)n2N)cc1,0
ZINC03190768,DUD_fxa_D_1021,O=C(Cc1ccccc1)NNC1=CC=C(NNC(=O)Cc2ccccc2)CC1,0
ZINC03193262,DUD_fxa_D_1022,[NH2+]=C1c2ccccc2CN1NC(=O)[C@H](Cc1c[nH]c2ccccc12)NC(=O)c1ccccc1,0
ZINC03194194,DUD_fxa_D_1023,Cc1nn(-c2ccccc2)c2sc(C(=O)NCCc3ccc(S(N)(=O)=O)cc3)cc12,0
ZINC03199483,DUD_fxa_D_1024,O=C(N[C@@H](CO)Cc1ccccc1)c1ccccc1C(=O)N[C@@H](CO)Cc1ccccc1,0
ZINC03199484,DUD_fxa_D_1025,O=C(N[C@@H](CO)Cc1ccccc1)c1ccccc1C(=O)N[C@@H](CO)Cc1ccccc1,0
ZINC03199485,DUD_fxa_D_1026,O=C(N[C@H](CO)Cc1ccccc1)c1ccccc1C(=O)N[C@@H](CO)Cc1ccccc1,0
ZINC03199486,DUD_fxa_D_1027,O=C(N[C@H](CO)Cc1ccccc1)c1ccccc1C(=O)N[C@@H](CO)Cc1ccccc1,0
ZINC03201013,DUD_fxa_D_1028,NS(=O)(=O)c1ccc2nc(NC(=O)c3ccc(Cc4ccccc4)cc3)sc2c1,0
ZINC03201118,DUD_fxa_D_1029,C=C(NNC(=O)c1cccc(S(=O)(=O)Nc2ccccc2OC)c1)c1ccc(C)cc1,0
ZINC03206567,DUD_fxa_D_1030,C=C(NNC(=O)c1ccc(OC)cc1)c1ccc(NC(=S)Nc2ccccc2)cc1,0
ZINC03209380,DUD_fxa_D_1031,Cc1ccc(NS(=O)(=O)c2cccc(C(=O)NNC3=CCc4ccccc43)c2)c(C)c1,0
ZINC03209777,DUD_fxa_D_1032,COc1ccc(NS(=O)(=O)c2cccc(C(=O)NNC3=CCc4ccccc43)c2)cc1,0
ZINC03212331,DUD_fxa_D_1033,C=C(NNC(=O)c1cccc(S(=O)(=O)Nc2ccccc2OC)c1)c1ccc(F)cc1,0
ZINC03213215,DUD_fxa_D_1034,C=C(NNC(=O)c1ccc(NS(=O)(=O)c2ccc(OCC)cc2)cc1)c1cccnc1,0
ZINC03213627,DUD_fxa_D_1035,Nc1ccc(C(=O)CNc2cc(NC(=O)c3ccc(N)cc3)cc(C(F)(F)F)c2)cc1,0
ZINC03213802,DUD_fxa_D_1036,C=C(NNC(=O)c1cccc(S(=O)(=O)Nc2ccc(OC)cc2)c1)c1ccc(F)cc1,0
ZINC03214347,DUD_fxa_D_1037,O=C(N/N=C/c1ccccc1O)c1cccc(S(=O)(=O)Nc2ccc(Cl)cc2)c1,0
ZINC03217141,DUD_fxa_D_1038,CC(=O)Oc1ccc(-c2ccc(C(=O)NCCc3ccc(S(N)(=O)=O)cc3)cc2)cc1,0
ZINC03217204,DUD_fxa_D_1039,NS(=O)(=O)c1ccc(CCNC(=O)c2cc(-c3ccco3)nc3ccccc23)cc1,0
ZINC03220038,DUD_fxa_D_1040,O=C(N/N=C/c1ccc(O)c(O)c1)c1cccc(S(=O)(=O)Nc2ccc(Cl)cc2)c1,0
ZINC03221552,DUD_fxa_D_1041,NNC(=O)C[NH2+][C@@H](c1ccccc1)c1cc(Cl)ccc1NC(=O)c1ccc(Cl)cc1,0
ZINC03221553,DUD_fxa_D_1042,NNC(=O)C[NH2+][C@H](c1ccccc1)c1cc(Cl)ccc1NC(=O)c1ccc(Cl)cc1,0
ZINC03222964,DUD_fxa_D_1043,CC(=O)Nc1ccc(C(=O)O[C@@H](C(=O)Nc2cccc(C(C)=O)c2)c2ccccc2)cc1,0
ZINC03222965,DUD_fxa_D_1044,CC(=O)Nc1ccc(C(=O)O[C@@H](C(=O)Nc2cccc(C(C)=O)c2)c2ccccc2)cc1,0
ZINC03225447,DUD_fxa_D_1045,Cc1ccc(NS(=O)(=O)c2ccc(C(=O)NCCc3c[nH]c4ccccc34)cc2)cc1,0
ZINC03229166,DUD_fxa_D_1046,C=C(NNC(=O)c1cccc(S(=O)(=O)Nc2ccc(C)cc2C)c1)c1ccccc1,0
ZINC03230138,DUD_fxa_D_1047,C=C(NNC(=O)c1ccc(NS(=O)(=O)c2cccs2)cc1)c1ccc(OC)cc1O,0
ZINC03230298,DUD_fxa_D_1048,C=C(NNC(=O)c1ccc(NS(=O)(=O)c2cccs2)cc1)c1cc2ccccc2o1,0
ZINC03230335,DUD_fxa_D_1049,C=C(NNC(=O)c1ccc(NS(=O)(=O)c2cccs2)cc1)c1cccc2ccccc12,0
ZINC03231963,DUD_fxa_D_1050,C=C(NNC(=O)c1cc([N+](=O)[O-])cc([N+](=O)[O-])c1)c1ccc2c(c1)Nc1ccccc1S2,0
ZINC03232415,DUD_fxa_D_1051,O=C(N/N=C/c1ccc(O)c(O)c1O)c1cn(-c2ccccc2)nc1-c1ccccc1,0
ZINC03232896,DUD_fxa_D_1052,NC(=O)c1ccc(NC(=O)COC(=O)c2cn(-c3ccccc3)nc2-c2cccs2)cc1,0
ZINC03232942,DUD_fxa_D_1053,O=C(N/N=C/c1ccc(O)c(O)c1O)c1ccc(CSc2nc3ccccc3o2)cc1,0
ZINC03234009,DUD_fxa_D_1054,O=C(N/N=C\c1ccc(O)cc1O)c1ccc(CN2C(=O)c3cccc4cccc2c34)cc1,0
ZINC03234088,DUD_fxa_D_1055,COc1ccc(NC(=O)c2ccc(NC(=O)CSc3nccc(O)n3)cc2)cc1,0
ZINC03234088,DUD_fxa_D_1056,COc1ccc(NC(=O)c2ccc(NC(=O)CSc3nc(=O)cc[nH]3)cc2)cc1,0
ZINC03234088,DUD_fxa_D_1057,COc1ccc(NC(=O)c2ccc(NC(=O)CSc3nccc(O)n3)cc2)cc1,0
ZINC03237714,DUD_fxa_D_1058,NC(=[NH2+])N/N=C\c1ccc(OCc2ccccc2)c(OCc2ccccc2)c1,0
ZINC03238143,DUD_fxa_D_1059,CC(=O)Nc1ccc(/C=N\NC(=O)c2ccc(NS(=O)(=O)c3cccs3)cc2)cc1,0
ZINC03238795,DUD_fxa_D_1060,NC(=O)c1ccc(NC(=O)COC(=O)CSc2ccc3ccccc3c2)cc1,0
ZINC03238798,DUD_fxa_D_1061,NC(=O)c1ccc(NC(=O)COC(=O)Cc2ccc(-c3ccccc3)cc2)cc1,0
ZINC03238821,DUD_fxa_D_1062,C=C(NNC(=O)c1cccc(S(=O)(=O)N2CCCC2)c1)c1ccc2ccccc2c1O,0
ZINC03239512,DUD_fxa_D_1063,C=C(NNC(=O)c1ccc(NS(=O)(=O)c2cccs2)cc1)c1ccc(OC)cc1,0
ZINC03240663,DUD_fxa_D_1064,Cc1ccc2nc(-c3ccc(NC(=O)CSc4nc(N)cc(=O)[nH]4)cc3)sc2c1,0
ZINC03240663,DUD_fxa_D_1065,Cc1ccc2nc(-c3ccc(NC(=O)CSc4nc(N)cc(O)n4)cc3)sc2c1,0
ZINC03240663,DUD_fxa_D_1066,Cc1ccc2nc(-c3ccc(NC(=O)CSc4nc(N)cc(O)n4)cc3)sc2c1,0
ZINC03241392,DUD_fxa_D_1067,CN(c1ccccc1)S(=O)(=O)c1cccc(C(=O)NCCc2ccc(O)c(O)c2)c1,0
ZINC03241970,DUD_fxa_D_1068,NC(=O)c1ccc(NC(=O)COC(=O)CC(c2ccccc2)c2ccccc2)cc1,0
ZINC03243026,DUD_fxa_D_1069,COc1ccc(NC(=O)c2ccc(NC(=O)CSc3nc(N)cc(=O)[nH]3)cc2)cc1,0
ZINC03243026,DUD_fxa_D_1070,COc1ccc(NC(=O)c2ccc(NC(=O)CSc3nc(N)cc(O)n3)cc2)cc1,0
ZINC03243026,DUD_fxa_D_1071,COc1ccc(NC(=O)c2ccc(NC(=O)CSc3nc(N)cc(O)n3)cc2)cc1,0
ZINC03243878,DUD_fxa_D_1072,COc1ccc(NS(=O)(=O)c2cccc(C(=O)N/N=C\c3ccc(O)cc3)c2)cc1,0
ZINC03244324,DUD_fxa_D_1073,C=C(NNC(=O)c1ccc(NS(=O)(=O)c2cccs2)cc1)c1ccc([N+](=O)[O-])cc1,0
ZINC03245790,DUD_fxa_D_1074,O=C(NNC1=CCCc2ccccc21)c1ccc(NS(=O)(=O)c2cccs2)cc1,0
ZINC03248801,DUD_fxa_D_1075,COc1ccccc1NC(=O)c1ccc(NC(=O)CSc2nnc(N)[nH]2)cc1,0
ZINC03249916,DUD_fxa_D_1076,NC(=O)c1ccc(NC(=O)COC(=O)/C(=C/c2cccs2)c2cccs2)cc1,0
ZINC03252521,DUD_fxa_D_1077,N#Cc1ccc(Cl)cc1NC(=O)CSc1nnc(Cc2cccc3ccccc23)n1N,0
ZINC03257604,DUD_fxa_D_1078,Cc1nn(-c2ccc(F)cc2)c2sc(C(=O)NCc3ccc(S(N)(=O)=O)cc3)cc12,0
ZINC03260156,DUD_fxa_D_1079,NS(=O)(=O)c1ccc(NC(=O)COC(=O)CCCc2nc3ccccc3s2)cc1,0
ZINC03269484,DUD_fxa_D_1080,NC(=O)c1ccc(NC(=O)COC(=O)c2cc(-c3ccccc3)nc3ccccc23)cc1,0
ZINC03269592,DUD_fxa_D_1081,CCCCCSc1[nH+]c(N)c(C(=O)Nc2cccc3ccccc23)cc1C(N)=O,0
ZINC03270510,DUD_fxa_D_1082,NC(=O)c1ccc(NC(=O)CSc2nnc(-c3ccc(F)cc3)n2-c2ccccc2)cc1,0
ZINC03270919,DUD_fxa_D_1083,CC(C)N(c1ccccc1)c1ccc(NC(=O)COC(=O)c2cc(O)nc(O)c2)cc1,0
ZINC03270919,DUD_fxa_D_1084,CC(C)N(c1ccccc1)c1ccc(NC(=O)COC(=O)c2cc(O)nc(O)c2)cc1,0
ZINC03270977,DUD_fxa_D_1085,CCOc1ccccc1NC(=O)c1sc(Nc2ccccc2OC)c(C(N)=O)c1N,0
ZINC03277403,DUD_fxa_D_1086,C=C(NNC(=O)c1cccc(S(=O)(=O)Nc2ccc(OC)cc2)c1)c1ccc(C#N)cc1,0
ZINC03282802,DUD_fxa_D_1087,C=C(NNC(=O)c1ccc(NS(=O)(=O)c2cccs2)cc1)c1ccc2ccccc2c1,0
ZINC03284643,DUD_fxa_D_1088,N#CCC(=O)Nc1ccc(C(=O)OCC(=O)Nc2ccccc2Sc2ccccc2)cc1,0
ZINC03288165,DUD_fxa_D_1089,COc1ccccc1-c1nnc(SCC(=O)Nc2cccc(Oc3ccccc3)c2)n1N,0
ZINC03288693,DUD_fxa_D_1090,[NH2+]=C1c2ccccc2CN1NC(=O)CCCCC(=O)NN1Cc2ccccc2C1=[NH2+],0
ZINC03289743,DUD_fxa_D_1091,CCC(C)(C)c1ccc(Oc2ccc(NC(=O)CSc3nc(N)cc(=O)[nH]3)cc2)cc1,0
ZINC03293077,DUD_fxa_D_1092,N#Cc1c(NC(=O)CSc2nnc(N)[nH]2)oc(-c2ccccc2)c1-c1ccccc1,0
ZINC03293722,DUD_fxa_D_1093,CC(=O)c1ccc(NC(=O)CSc2nnc(Cc3cccc4ccccc34)n2N)cc1,0
ZINC03294858,DUD_fxa_D_1094,COc1cccc(NC(=O)CSc2nnc(Cc3cccc4ccccc34)n2N)c1,0
ZINC03294998,DUD_fxa_D_1095,Cc1ccc(NC(=O)CSc2nnc(Cc3cccc4ccccc34)n2N)cc1C,0
ZINC03295003,DUD_fxa_D_1096,COc1ccc(NC(=O)CSc2nnc(Cc3cccc4ccccc34)n2N)c(OC)c1,0
ZINC03295016,DUD_fxa_D_1097,CC(=O)c1cccc(NC(=O)CSc2nnc(Cc3cccc4ccccc34)n2N)c1,0
ZINC03295660,DUD_fxa_D_1098,CC(=O)c1cccc(NC(=O)[C@@H](C)Sc2nnc(Cc3cccc4ccccc34)n2N)c1,0
ZINC03296142,DUD_fxa_D_1099,COc1ccc(NC(=O)CSc2nnc(Cc3cccc4ccccc34)n2N)cc1OC,0
ZINC03297441,DUD_fxa_D_1100,CC(=O)c1ccc(NC(=O)[C@@H](C)Sc2nnc(Cc3cccc4ccccc34)n2N)cc1,0
ZINC03301795,DUD_fxa_D_1101,Nc1nnc(SCC(=O)Nc2nc(-c3ccc(-c4ccccc4)cc3)cs2)[nH]1,0
ZINC03302224,DUD_fxa_D_1102,Cc1cccc(Nc2ccccc2C(=O)OCC(=O)Nc2ccc(C(N)=O)cc2)c1C,0
ZINC03302870,DUD_fxa_D_1103,C[C@H](C(=O)Nc1cccc([N+](=O)[O-])c1)N1C(=O)N[C@@H](Cc2c[nH]c3ccccc23)C1=O,0
ZINC03303016,DUD_fxa_D_1104,C=C(NNC(=O)c1cccc(S(=O)(=O)Nc2ccc(C)cc2C)c1)c1cccs1,0
ZINC03307417,DUD_fxa_D_1105,NC(=O)c1ccc(NC(=O)CSc2nnc(-c3ccccc3)c(-c3ccccc3)n2)cc1,0
ZINC03312252,DUD_fxa_D_1106,CC[C@@H](C)[C@@H](NC(=O)c1ccc(Cl)cc1)C(=O)OCC(=O)Nc1ccc(C(N)=O)cc1,0
ZINC03312254,DUD_fxa_D_1107,CC[C@@H](C)[C@H](NC(=O)c1ccc(Cl)cc1)C(=O)OCC(=O)Nc1ccc(C(N)=O)cc1,0
ZINC03314263,DUD_fxa_D_1108,NC(=O)c1ccc(NC(=O)CSc2nnc(Cc3cccc4ccccc34)n2N)cc1,0
ZINC03317313,DUD_fxa_D_1109,C=C(NNC(=O)c1ccc(NS(=O)(=O)c2cccs2)cc1)c1ccc(O)cc1O,0
ZINC03318384,DUD_fxa_D_1110,C=C(NNC(=O)c1cccc(S(=O)(=O)Nc2ccc(OC)cc2)c1)c1ccncc1,0
ZINC03320238,DUD_fxa_D_1111,Cc1ccc(NS(=O)(=O)c2cccc(C(=O)NCCc3c[nH]c4ccccc34)c2)c(C)c1,0
ZINC03320537,DUD_fxa_D_1112,COc1ccccc1NC(=O)CSc1nnc(Cc2cccc3ccccc23)n1N,0
ZINC03324854,DUD_fxa_D_1113,CCOc1ccc(NC(=O)c2ccc(NC(=O)Cc3nnc(O)c4ccccc34)cc2)cc1,0
ZINC03324854,DUD_fxa_D_1114,CCOc1ccc(NC(=O)c2ccc(NC(=O)Cc3nnc(O)c4ccccc34)cc2)cc1,0
ZINC03326284,DUD_fxa_D_1115,COc1ccccc1NS(=O)(=O)c1cccc(C(=O)Nc2cccc(NC(C)=O)c2)c1,0
ZINC03329775,DUD_fxa_D_1116,NS(=O)(=O)c1ccc(CCNC(=O)c2ccc(C(=O)c3ccccc3)cc2)cc1,0
ZINC03333314,DUD_fxa_D_1117,COc1ccc(OC)c(NC(=O)CSc2nnc(Cc3cccc4ccccc34)n2N)c1,0
ZINC03334198,DUD_fxa_D_1118,O=C(CCc1c[nH]c2ccccc12)Nc1ccc(S(=O)(=O)NCc2ccco2)cc1,0
ZINC03334594,DUD_fxa_D_1119,Cc1ccc(S(=O)(=O)NCC(=O)OCc2nc(N)nc(Nc3ccccc3C)n2)cc1,0
ZINC03335059,DUD_fxa_D_1120,C=C(NNC(=O)c1cccnc1)c1ccc(NS(=O)(=O)c2ccc(C)cc2)cc1,0
ZINC03339459,DUD_fxa_D_1121,CCOc1ccc(NC(=O)c2ccccc2NC(=O)CSc2nnc(N)[nH]2)cc1,0
ZINC03339525,DUD_fxa_D_1122,COc1cc(Cl)c(C)cc1NC(=O)c1ccccc1NC(=O)CSc1nnc(N)[nH]1,0
ZINC03339532,DUD_fxa_D_1123,Cc1ccc(-c2cc(NC(=O)CSc3nnc(N)[nH]3)n(-c3ccccc3)n2)cc1,0
ZINC03340040,DUD_fxa_D_1124,Cc1ccc(NC(=O)COC(=O)c2ccccc2SC[C@@]2(C)NC(=O)NC2=O)cc1,0
ZINC03340041,DUD_fxa_D_1125,Cc1ccc(NC(=O)COC(=O)c2ccccc2SC[C@@]2(C)NC(=O)NC2=O)cc1,0
ZINC03340161,DUD_fxa_D_1126,C[C@H](NC(=O)c1ccccc1NC(=O)CSc1nnc(N)[nH]1)c1ccccc1,0
ZINC03340164,DUD_fxa_D_1127,C[C@@H](NC(=O)c1ccccc1NC(=O)CSc1nnc(N)[nH]1)c1ccccc1,0
ZINC03343974,DUD_fxa_D_1128,CN(C(=O)C[N@@H+]1CC=C(c2ccccc2)CC1)c1c(N)n(Cc2ccccc2)c(=O)[nH]c1=O,0
ZINC03344024,DUD_fxa_D_1129,CCc1ccccc1Nc1nc(N)nc(CSc2nncn2-c2ccccc2)n1,0
ZINC03344351,DUD_fxa_D_1130,O=C(COC(=O)CCc1nc2ccccc2c(=O)[nH]1)Nc1cccc(Oc2ccccc2)c1,0
ZINC03344351,DUD_fxa_D_1131,O=C(COC(=O)CCc1nc(O)c2ccccc2n1)Nc1cccc(Oc2ccccc2)c1,0
ZINC03346785,DUD_fxa_D_1132,CCOc1ccc(NC(=O)c2ccc(NC(=O)c3cc(=O)[nH]c4ccccc34)cc2)cc1,0
ZINC03348655,DUD_fxa_D_1133,O=C(COC(=O)c1cccc(S(=O)(=O)NCc2ccccc2)c1)Nc1ccc(F)cc1,0
ZINC03348881,DUD_fxa_D_1134,COc1cc(C(=S)NCc2ccc(S(N)(=O)=O)cc2)ccc1OCc1ccccc1,0
ZINC03350493,DUD_fxa_D_1135,COCCn1c(SCc2nc(N)nc(Nc3ccccc3C)n2)nnc1-c1ccncc1,0
ZINC03351502,DUD_fxa_D_1136,C=C(NNC(=O)c1cccc(S(=O)(=O)NCc2ccccc2)c1)c1ccc(C)c(C)c1,0
ZINC03356669,DUD_fxa_D_1137,COc1ccc(-c2nnc(SCc3nc(N)nc(Nc4ccccc4C)n3)o2)cc1,0
ZINC03358727,DUD_fxa_D_1138,Cc1cc(C)nc(NS(=O)(=O)c2ccc(NC(=O)CCc3c[nH]c4ccccc34)cc2)n1,0
ZINC03358837,DUD_fxa_D_1139,O=C(COC(=O)/C(=C\c1cccs1)c1cccs1)Nc1ccc2[nH]c(=O)[nH]c2c1,0
ZINC03359797,DUD_fxa_D_1140,Cc1ccc(NS(=O)(=O)c2cccc(C(=O)NNC3=CCCc4ccccc43)c2)c(C)c1,0
ZINC03361130,DUD_fxa_D_1141,Nc1c(N(CCO)C(=O)COc2ccc(Cl)cc2)c(=O)[nH]c(=O)n1Cc1ccccc1,0
ZINC03361195,DUD_fxa_D_1142,Cc1c(C(=O)OCC(=O)Nc2ccc(S(N)(=O)=O)cc2)oc2c1ccc1ccccc12,0
ZINC03363998,DUD_fxa_D_1143,C=C(NNC(=O)c1cccc(S(=O)(=O)Nc2ccc(C)cc2C)c1)c1ccccn1,0
ZINC03365736,DUD_fxa_D_1144,Cc1ccc(-c2nnc(NCCc3ccc(S(N)(=O)=O)cc3)c3ccccc23)cc1,0
ZINC03368218,DUD_fxa_D_1145,COc1ccccc1-c1nnc(SCC(=O)Nc2ccc(-c3ccccc3)cc2)n1N,0
ZINC03368855,DUD_fxa_D_1146,Cc1ccccc1Nc1nc(N)nc(COC(=O)CCCN2C(=O)c3ccccc3C2=O)n1,0
ZINC03369257,DUD_fxa_D_1147,NC(=O)c1ccc(SCC(=O)Nc2cccc(Oc3ccccc3)c2)c([N+](=O)[O-])c1,0
ZINC03372587,DUD_fxa_D_1148,NC(=O)c1ccc(NC(=O)CSc2nc3ccccc3c(=O)n2Cc2ccco2)cc1,0
ZINC03378212,DUD_fxa_D_1149,COc1ccccc1NC(=O)c1ccc(NC(=O)CNc2cccc(C#N)c2)cc1,0
ZINC03380014,DUD_fxa_D_1150,NS(=O)(=O)c1ccc(NC(=O)COC(=O)c2ccccc2Oc2ccccc2)cc1,0
ZINC03380216,DUD_fxa_D_1151,Cc1ccccc1Nc1nc(N)nc(COC(=O)c2ccccc2Oc2ccccc2)n1,0
ZINC03380789,DUD_fxa_D_1152,NC(=O)c1ccc(NC(=O)COC(=O)CCCc2nc3ccccc3s2)cc1,0
ZINC03383043,DUD_fxa_D_1153,NS(=O)(=O)c1ccc(NC(=O)COC(=O)c2ccccc2Nc2ccccc2)cc1,0
ZINC03383837,DUD_fxa_D_1154,NC(=O)c1ccc(NC(=O)COC(=O)CSCC(=O)Nc2ccc(Cl)cc2)cc1,0
ZINC03384945,DUD_fxa_D_1155,NS(=O)(=O)c1ccc(NC(=O)COC(=O)c2ccc(Oc3ccccc3)cc2)cc1,0
ZINC03386625,DUD_fxa_D_1156,C[C@@H]([NH2+]Cc1ccc(S(N)(=O)=O)cc1)C(=O)Nc1ccccc1C(=O)c1ccccc1,0
ZINC03386630,DUD_fxa_D_1157,C[C@@H]([NH2+]Cc1ccc(S(N)(=O)=O)cc1)C(=O)Nc1ccccc1C(=O)c1ccccc1,0
ZINC03386721,DUD_fxa_D_1158,Cc1ccccc1Nc1nc(N)nc(CSc2nnc(C)n2Cc2ccccc2)n1,0
ZINC03399672,DUD_fxa_D_1159,C=CCn1c(COc2ccc(F)cc2)nnc1SCC(=O)Nc1ccc(C(N)=O)cc1,0
ZINC03400665,DUD_fxa_D_1160,C=CCn1c(SCC(=O)Nc2ccc(S(N)(=O)=O)cc2)nnc1-c1cccc(C)c1,0
ZINC03402179,DUD_fxa_D_1161,NS(=O)(=O)c1ccc(NC(=O)COC(=O)C(c2ccccc2)c2ccccc2)cc1,0
ZINC03402665,DUD_fxa_D_1162,Cc1ccc(C)c(OCc2nnc(SCC(=O)Nc3ccc(C(N)=O)cc3)[nH]2)c1,0
ZINC03402746,DUD_fxa_D_1163,COc1ccccc1NC(=O)c1ccc(NC(=O)CN2CC(=O)Nc3ccccc32)cc1,0
ZINC03403677,DUD_fxa_D_1164,COc1ccc(CCNC(=O)c2ccccc2NC(=O)CSc2nnc(N)s2)cc1,0
ZINC03404231,DUD_fxa_D_1165,Cn1nc(SCC(=O)Nc2ccc(S(N)(=O)=O)cc2)s/c1=N/Cc1ccccc1,0
ZINC03404695,DUD_fxa_D_1166,Cc1cc(NS(=O)(=O)c2ccc(NC(=O)CCCc3c[nH]c4ccccc34)cc2)no1,0
ZINC03405887,DUD_fxa_D_1167,COc1ccc(-c2nnc(SCC(=O)Nc3ccc(-c4ccccc4)cc3)n2N)cc1,0
ZINC03407051,DUD_fxa_D_1168,Cc1ccccc1Nc1nc(N)nc(CSc2nnc3cc(C)c4ccccc4n23)n1,0
ZINC03407396,DUD_fxa_D_1169,Cc1ccccc1Nc1nc(N)nc(CSc2nnc(C3CC3)n2Cc2ccccc2)n1,0
ZINC03407463,DUD_fxa_D_1170,NS(=O)(=O)c1ccc(CCNC(=O)c2ccccc2OCc2ccc(F)cc2)cc1,0
ZINC03408104,DUD_fxa_D_1171,Cc1ccc(C)c(NC(=O)[C@H](OC(=O)c2ccc(NC(N)=O)cc2)c2ccccc2)c1,0
ZINC03408107,DUD_fxa_D_1172,Cc1ccc(C)c(NC(=O)[C@H](OC(=O)c2ccc(NC(N)=O)cc2)c2ccccc2)c1,0
ZINC03408159,DUD_fxa_D_1173,Cc1cc(C)cc(NC(=O)[C@H](OC(=O)c2ccc(NC(N)=O)cc2)c2ccccc2)c1,0
ZINC03408162,DUD_fxa_D_1174,COc1ccc(C)cc1NC(=O)[C@H](OC(=O)c1ccc(NC(N)=O)cc1)c1ccccc1,0
ZINC03408539,DUD_fxa_D_1175,CCCn1c(O)nnc1SCC(=O)Nc1ccc(C(=O)Nc2ccccc2OC)cc1,0
ZINC03410240,DUD_fxa_D_1176,C=CCn1c(COc2ccccc2F)nnc1SCC(=O)Nc1ccc(C(N)=O)cc1,0
ZINC03410396,DUD_fxa_D_1177,Cc1ccc(C2=C[C@@H](c3ccco3)N(C(=O)CSc3nc(N)cc(N)n3)N2)cc1,0
ZINC03410399,DUD_fxa_D_1178,Cc1ccc(C2=C[C@@H](c3ccco3)N(C(=O)CSc3nc(N)cc(N)n3)N2)cc1,0
ZINC03411677,DUD_fxa_D_1179,Cc1occc1-c1nnc(SCC(=O)Nc2ccc(C(N)=O)cc2)n1Cc1ccccc1,0
ZINC03415673,DUD_fxa_D_1180,Cc1ccccc1Nc1nc(N)nc(COC(=O)c2nn(C(C)C)c(=O)c3ccccc23)n1,0
ZINC03418533,DUD_fxa_D_1181,Cc1sc2nc(-c3cccnc3)nc(NCCc3ccc(S(N)(=O)=O)cc3)c2c1C,0
ZINC03419462,DUD_fxa_D_1182,Cc1ccccc1Nc1nc(N)nc(COC(=O)[C@@H](NC(=O)c2ccco2)C(C)C)n1,0
ZINC03419467,DUD_fxa_D_1183,Cc1ccccc1Nc1nc(N)nc(COC(=O)CCS(=O)(=O)c2ccccc2)n1,0
ZINC03422577,DUD_fxa_D_1184,NS(=O)(=O)c1ccc(NC(=O)COC(=O)CSc2ccc3ccccc3c2)cc1,0
ZINC03426314,DUD_fxa_D_1185,CC(=O)Nc1ccc2c(COC(=O)C(O)(c3ccccc3)c3ccccc3)cc(=O)oc2c1,0
ZINC03430600,DUD_fxa_D_1186,Cc1ccccc1NC(=O)[C@@H](C)OC(=O)c1ccc(S(=O)(=O)NCc2ccco2)cc1,0
ZINC03431123,DUD_fxa_D_1187,Cc1ccc(OCc2nnc(SCC(=O)Nc3ccc(C(N)=O)cc3)[nH]2)cc1,0
ZINC03432515,DUD_fxa_D_1188,C=CCn1c(SCC(=O)Nc2ccc(C(N)=O)cc2)nnc1-c1ccccc1OC,0
ZINC03433125,DUD_fxa_D_1189,CC(C)CCn1nc(C(=O)OCC(=O)Nc2ccc(C(N)=O)cc2)c2ccccc2c1=O,0
ZINC03433760,DUD_fxa_D_1190,COCc1c(C(=O)OCc2nc(N)nc(Nc3ccccc3C)n2)oc2ccccc12,0
ZINC03435904,DUD_fxa_D_1191,Nc1c(N(Cc2ccccc2)C(=O)/C=C\c2ccco2)c(=O)[nH]c(=O)n1Cc1ccccc1,0
ZINC03437507,DUD_fxa_D_1192,C=CCn1c(S[C@H](C)C(=O)Nc2ccc(C(N)=O)cc2)nnc1-c1ccc(F)cc1,0
ZINC03437510,DUD_fxa_D_1193,C=CCn1c(S[C@@H](C)C(=O)Nc2ccc(C(N)=O)cc2)nnc1-c1ccc(F)cc1,0
ZINC03438737,DUD_fxa_D_1194,CCCCOC(=O)c1ccc(NC(=O)CSc2nnc(-c3ccccc3F)n2N)cc1,0
ZINC03438910,DUD_fxa_D_1195,COc1ccc(C)cc1NC(=O)[C@H]([NH2+]Cc1ccc(S(N)(=O)=O)cc1)c1ccccc1,0
ZINC03438914,DUD_fxa_D_1196,COc1ccc(C)cc1NC(=O)[C@H]([NH2+]Cc1ccc(S(N)(=O)=O)cc1)c1ccccc1,0
ZINC03439726,DUD_fxa_D_1197,COc1cccc(Nc2nnc(SCC(=O)Nc3ccc(C(N)=O)cc3)s2)c1,0
ZINC03441378,DUD_fxa_D_1198,COc1ccccc1NC(=O)c1ccc(NC(=O)Cc2nnc(O)c3ccccc23)cc1,0
ZINC03441378,DUD_fxa_D_1199,COc1ccccc1NC(=O)c1ccc(NC(=O)Cc2nnc(O)c3ccccc23)cc1,0
ZINC03441515,DUD_fxa_D_1200,CCCN(C(=O)c1cc(=O)[nH]c2ccccc12)c1c(N)n(Cc2ccccc2)c(=O)[nH]c1=O,0
ZINC03442506,DUD_fxa_D_1201,NC(=O)c1cc(NC(=O)COC(=O)c2ccccc2CCc2ccccc2)cc(C(N)=O)c1,0
ZINC03444798,DUD_fxa_D_1202,Cc1ccc(CNC(=O)c2ccccc2NC(=O)CSc2nnc(N)s2)cc1,0
ZINC03444901,DUD_fxa_D_1203,NS(=O)(=O)c1ccc(NC(=O)COC(=O)CC(c2ccccc2)c2ccccc2)cc1,0
ZINC03445325,DUD_fxa_D_1204,Cc1ccccc1Nc1nc(N)nc(CSc2nnc(Cc3ccccc3F)n2N)n1,0
ZINC03445346,DUD_fxa_D_1205,C[C@H](NC(=O)c1ccccc1NC(=O)CSc1nnc(N)s1)c1ccccc1,0
ZINC03445349,DUD_fxa_D_1206,C[C@@H](NC(=O)c1ccccc1NC(=O)CSc1nnc(N)s1)c1ccccc1,0
ZINC03445459,DUD_fxa_D_1207,CCc1ccccc1Nc1nc(N)nc(CSc2nnc(-c3ccc4c(c3)OCO4)o2)n1,0
ZINC03448483,DUD_fxa_D_1208,Cc1nn(-c2ccccc2)c(C)c1/C=C\C(=O)OCC(=O)Nc1ccc(C(N)=O)cc1,0
ZINC03451160,DUD_fxa_D_1209,Cc1ccc(-c2cc(C(=O)OCC(=O)Nc3ccc(C(N)=O)cc3)c3ccccc3n2)o1,0
ZINC03452235,DUD_fxa_D_1210,O=C(CSc1nnc(-c2ccccc2)n1-c1ccccc1)Nc1ccc2[nH]c(=O)[nH]c2c1,0
ZINC03452311,DUD_fxa_D_1211,CC(=O)Nc1ccc(NC(=O)c2ccc(S(=O)(=O)Nc3ccccc3Cl)cc2)cc1,0
ZINC03452380,DUD_fxa_D_1212,Cc1ccc(N(C)S(=O)(=O)c2cccc(C(=O)Nc3ccc(C(N)=O)cc3)c2)cc1,0
ZINC03454656,DUD_fxa_D_1213,CC(C)Cn1c(SCC(=O)Nc2ccc(C(N)=O)cc2)nc2cc(Cl)ccc2c1=O,0
ZINC03455080,DUD_fxa_D_1214,Cc1ccccc1Nc1nc(N)nc(CSc2nc3ccccc3c(=O)n2CCCO)n1,0
ZINC03456434,DUD_fxa_D_1215,C[C@H](Oc1ccc(C(=O)c2ccccc2)cc1)C(=O)Nc1ccc(S(N)(=O)=O)cc1,0
ZINC03456436,DUD_fxa_D_1216,C[C@@H](Oc1ccc(C(=O)c2ccccc2)cc1)C(=O)Nc1ccc(S(N)(=O)=O)cc1,0
ZINC03457664,DUD_fxa_D_1217,C=CCn1c(S[C@H](C)C(=O)Nc2ccc(C(N)=O)cc2)nnc1-c1ccc(Cl)cc1,0
ZINC03457667,DUD_fxa_D_1218,C=CCn1c(S[C@H](C)C(=O)Nc2ccc(C(N)=O)cc2)nnc1-c1ccc(Cl)cc1,0
ZINC03457753,DUD_fxa_D_1219,CC(C)Cn1c(SCC(=O)Nc2ccc(C(N)=O)cc2)nnc1-c1ccccc1F,0
ZINC03460552,DUD_fxa_D_1220,Cc1cc(C(=O)OCC(=O)Nc2ccc(S(N)(=O)=O)cc2)c(C)n1-c1ccccc1,0
ZINC03460731,DUD_fxa_D_1221,Cc1cc(C(=O)OCC(=O)Nc2ccc(S(N)(=O)=O)cc2)c(C)n1-c1ccc(F)cc1,0
ZINC03462540,DUD_fxa_D_1222,C=CCN(c1ccccc1)S(=O)(=O)c1cccc(C(=O)Nc2ccc(NC(C)=O)cc2)c1,0
ZINC03462558,DUD_fxa_D_1223,CC(C)[C@@H](NC(=O)c1ccccc1)C(=O)OCC(=O)Nc1ccc(C(N)=O)cc1,0
ZINC03462562,DUD_fxa_D_1224,CC(C)[C@H](NC(=O)c1ccccc1)C(=O)OCC(=O)Nc1ccc(C(N)=O)cc1,0
ZINC03463415,DUD_fxa_D_1225,Cc1cccc(Nc2nnc(SCC(=O)Nc3ccc(C(N)=O)cc3)s2)c1C,0
ZINC03464291,DUD_fxa_D_1226,Cc1ccc(Nc2nnc(SCC(=O)Nc3ccc(C(N)=O)cc3)s2)cc1C,0
ZINC03465045,DUD_fxa_D_1227,CCCc1nc2ccccc2c(C(=O)OCC(=O)Nc2ccc(C(N)=O)cc2)c1CC,0
ZINC03466431,DUD_fxa_D_1228,NS(=O)(=O)c1ccc(NC(=O)COC(=O)c2cccc(Oc3ccccc3)c2)cc1,0
ZINC03466482,DUD_fxa_D_1229,COc1ccc([C@H]2C=C(c3ccccc3)NN2C(=O)CSc2nnc(N)[nH]2)cc1,0
ZINC03466486,DUD_fxa_D_1230,COc1ccc([C@@H]2C=C(c3ccccc3)NN2C(=O)CSc2nnc(N)[nH]2)cc1,0
ZINC03467881,DUD_fxa_D_1231,NS(=O)(=O)c1ccc(NC(=O)COC(=O)c2ccccc2Cc2ccccc2)cc1,0
ZINC03468348,DUD_fxa_D_1232,COc1ccc(/C=N/NC(=O)c2ccc(NC(=O)Nc3ccccc3)cc2)cc1O,0
ZINC03469571,DUD_fxa_D_1233,C=C(NNC(=O)c1cccc(S(=O)(=O)Nc2ccccc2OC)c1)c1ccccc1,0
ZINC03470771,DUD_fxa_D_1234,C=C(NNC(=O)c1cccc(S(=O)(=O)Nc2ccc(C)cc2C)c1)c1ccncc1,0
ZINC03470785,DUD_fxa_D_1235,C=C(NNC(=O)c1cccc(S(=O)(=O)Nc2ccc(C)cc2C)c1)c1cccnc1,0
ZINC03476007,DUD_fxa_D_1236,Cc1ccc(S(=O)(=O)N(C)Cc2ccc(C(=O)N/N=C\c3ccc(O)cc3)cc2)cc1,0
ZINC03476762,DUD_fxa_D_1237,NC(=O)c1ccc(NC(=O)COC(=O)c2ccccc2OCc2ccccc2Cl)cc1,0
ZINC03478210,DUD_fxa_D_1238,Cc1ccc(-c2nnc(SCC(=O)Nc3ccccc3Oc3ccccc3)n2N)cc1,0
ZINC03479032,DUD_fxa_D_1239,NC(=O)c1ccc(NC(=O)COC(=O)COc2ccc(C(=O)c3ccccc3)cc2)cc1,0
ZINC03484163,DUD_fxa_D_1240,NS(=O)(=O)c1ccc(NC(=O)COC(=O)c2cccnc2Nc2ccccc2F)cc1,0
ZINC03486474,DUD_fxa_D_1241,COc1ccccc1NS(=O)(=O)c1cc(C(=O)Nc2ccc(C(N)=O)cc2)ccc1C,0
ZINC03486534,DUD_fxa_D_1242,Cc1ccc(C(=O)OCC(=O)Nc2sccc2C(N)=O)cc1NC(=O)c1ccco1,0
ZINC03486950,DUD_fxa_D_1243,CCCCn1c(SCc2nc(N)nc(Nc3ccccc3C)n2)nc2ccccc2c1=O,0
ZINC03488209,DUD_fxa_D_1244,Cc1ccc(C(=O)OCC(=O)Nc2ccc(C(N)=O)cc2)cc1NC(=O)c1ccco1,0
ZINC03488276,DUD_fxa_D_1245,Cc1ccc(C(=O)c2ccccc2C(=O)OCC(=O)Nc2ccc(C(N)=O)cc2)cc1,0
ZINC03488406,DUD_fxa_D_1246,NS(=O)(=O)c1ccc(NC(=O)COC(=O)c2ccccc2OCc2ccccc2)cc1,0
ZINC03490228,DUD_fxa_D_1247,NC(=O)c1ccc(NC(=O)COC(=O)C[C@@H](NC(=O)c2ccccc2)c2ccccc2)cc1,0
ZINC03490231,DUD_fxa_D_1248,NC(=O)c1ccc(NC(=O)COC(=O)C[C@@H](NC(=O)c2ccccc2)c2ccccc2)cc1,0
ZINC03490295,DUD_fxa_D_1249,NS(=O)(=O)c1ccc(NC(=O)COC(=O)c2ccc(OCc3ccccc3)cc2)cc1,0
ZINC03490508,DUD_fxa_D_1250,CNS(=O)(=O)c1cccc(C(=O)OCC(=O)Nc2ccc(Oc3ccccc3)cc2)c1,0
ZINC03490899,DUD_fxa_D_1251,NC(=O)c1ccc(NC(=O)CSc2nnc(NCc3ccccc3)s2)cc1,0
ZINC03492513,DUD_fxa_D_1252,NS(=O)(=O)c1ccc(NC(=O)COC(=O)c2ccccc2CCc2ccccc2)cc1,0
ZINC03494662,DUD_fxa_D_1253,COc1ccccc1Nc1nnc(SCC(=O)Nc2ccc(C(N)=O)cc2)s1,0
ZINC03494814,DUD_fxa_D_1254,NS(=O)(=O)c1ccc(NC(=O)COC(=O)c2ccccc2Nc2ccc(F)cc2)cc1,0
ZINC03496640,DUD_fxa_D_1255,NS(=O)(=O)c1ccc(NC(=O)COC(=O)c2ccccc2NCc2ccco2)cc1,0
ZINC03496934,DUD_fxa_D_1256,CCOc1ccccc1-n1nnnc1SCc1nc(N)nc(Nc2ccccc2C)n1,0
ZINC03498044,DUD_fxa_D_1257,NS(=O)(=O)c1cc(C(=O)OCC(=O)Nc2ccc(-c3ccccc3)cc2)ccc1Cl,0
ZINC03504575,DUD_fxa_D_1258,Cc1ccccc1Nc1nc(N)nc(COC(=O)c2ccccc2C(=O)c2ccccc2)n1,0
ZINC03513310,DUD_fxa_D_1259,NS(=O)(=O)c1ccc(NC(=O)COC(=O)c2c3ccccc3cc3ccccc23)cc1,0
ZINC03513575,DUD_fxa_D_1260,NC(=O)c1ccc(NC(=O)COC(=O)c2ccccc2C(=O)c2ccc(Cl)cc2)cc1,0
ZINC03519657,DUD_fxa_D_1261,Nn1c(Cc2ccccc2F)nnc1SCC(=O)Nc1ccc(-c2ccccc2)cc1,0
ZINC03519669,DUD_fxa_D_1262,Nn1c(Cc2ccccc2F)nnc1SCC(=O)Nc1ccccc1-c1ccccc1,0
ZINC03519670,DUD_fxa_D_1263,Nn1c(Cc2ccccc2F)nnc1SCC(=O)Nc1ccccc1Cc1ccccc1,0
ZINC03519807,DUD_fxa_D_1264,Nc1nnc(SCC(=O)N2NC(c3ccc4ccccc4c3)=C[C@@H]2c2ccccc2)[nH]1,0
ZINC03519808,DUD_fxa_D_1265,Nc1nnc(SCC(=O)N2NC(c3ccc4ccccc4c3)=C[C@H]2c2ccccc2)[nH]1,0
ZINC03520463,DUD_fxa_D_1266,Nn1c(Cc2ccccc2F)nnc1SCC(=O)Nc1ccccc1Oc1ccccc1,0
ZINC03520529,DUD_fxa_D_1267,Nn1c(Cc2ccccc2F)nnc1SCC(=O)Nc1ccc(Oc2ccccc2)cc1,0
ZINC03520785,DUD_fxa_D_1268,C[C@@H](OC(=O)c1ccccc1Nc1ccccc1)C(=O)Nc1ccc(S(N)(=O)=O)cc1,0
ZINC03520786,DUD_fxa_D_1269,C[C@H](OC(=O)c1ccccc1Nc1ccccc1)C(=O)Nc1ccc(S(N)(=O)=O)cc1,0
ZINC03520808,DUD_fxa_D_1270,C[C@@H](OC(=O)c1ccc(Oc2ccccc2)cc1)C(=O)Nc1ccc(S(N)(=O)=O)cc1,0
ZINC03520809,DUD_fxa_D_1271,C[C@H](OC(=O)c1ccc(Oc2ccccc2)cc1)C(=O)Nc1ccc(S(N)(=O)=O)cc1,0
ZINC03520903,DUD_fxa_D_1272,C[C@H](OC(=O)c1cccc(Oc2ccccc2)c1)C(=O)Nc1ccc(S(N)(=O)=O)cc1,0
ZINC03520904,DUD_fxa_D_1273,C[C@H](OC(=O)c1cccc(Oc2ccccc2)c1)C(=O)Nc1ccc(S(N)(=O)=O)cc1,0
ZINC03521027,DUD_fxa_D_1274,C[C@@H](OC(=O)c1ccc(-c2ccccc2)cc1)C(=O)Nc1ccc(S(N)(=O)=O)cc1,0
ZINC03521028,DUD_fxa_D_1275,C[C@H](OC(=O)c1ccc(-c2ccccc2)cc1)C(=O)Nc1ccc(S(N)(=O)=O)cc1,0
ZINC03521076,DUD_fxa_D_1276,C[C@@H](OC(=O)c1ccccc1Oc1ccccc1)C(=O)Nc1ccc(S(N)(=O)=O)cc1,0
ZINC03521077,DUD_fxa_D_1277,C[C@H](OC(=O)c1ccccc1Oc1ccccc1)C(=O)Nc1ccc(S(N)(=O)=O)cc1,0
ZINC03521176,DUD_fxa_D_1278,COc1cc2ccccc2cc1C(=O)O[C@@H](C)C(=O)Nc1ccc(S(N)(=O)=O)cc1,0
ZINC03521177,DUD_fxa_D_1279,COc1cc2ccccc2cc1C(=O)O[C@H](C)C(=O)Nc1ccc(S(N)(=O)=O)cc1,0
ZINC03521232,DUD_fxa_D_1280,C[C@H](OC(=O)c1ccccc1Cc1ccccc1)C(=O)Nc1ccc(S(N)(=O)=O)cc1,0
ZINC03521233,DUD_fxa_D_1281,C[C@@H](OC(=O)c1ccccc1Cc1ccccc1)C(=O)Nc1ccc(S(N)(=O)=O)cc1,0
ZINC03521356,DUD_fxa_D_1282,Cc1cc(C(=O)O[C@@H](C)C(=O)Nc2ccc(S(N)(=O)=O)cc2)c(C)n1-c1ccccc1,0
ZINC03521357,DUD_fxa_D_1283,Cc1cc(C(=O)O[C@@H](C)C(=O)Nc2ccc(S(N)(=O)=O)cc2)c(C)n1-c1ccccc1,0
ZINC03522125,DUD_fxa_D_1284,C=CCn1c(S[C@@H](C)C(=O)Nc2ccc(S(N)(=O)=O)cc2)nnc1-c1ccccc1,0
ZINC03522126,DUD_fxa_D_1285,C=CCn1c(S[C@H](C)C(=O)Nc2ccc(S(N)(=O)=O)cc2)nnc1-c1ccccc1,0
ZINC03522732,DUD_fxa_D_1286,C[C@@H](OC(=O)c1ccccc1NCc1ccco1)C(=O)Nc1ccc(S(N)(=O)=O)cc1,0
ZINC03522733,DUD_fxa_D_1287,C[C@H](OC(=O)c1ccccc1NCc1ccco1)C(=O)Nc1ccc(S(N)(=O)=O)cc1,0
ZINC03522926,DUD_fxa_D_1288,C[C@@H](Sc1nnc(C2CC2)n1-c1ccccc1)C(=O)Nc1ccc(S(N)(=O)=O)cc1,0
ZINC03522927,DUD_fxa_D_1289,C[C@H](Sc1nnc(C2CC2)n1-c1ccccc1)C(=O)Nc1ccc(S(N)(=O)=O)cc1,0
ZINC03526082,DUD_fxa_D_1290,COCCn1c(SCC(=O)Nc2ccc(C(N)=O)cc2)nnc1-c1ccccc1,0
ZINC03528566,DUD_fxa_D_1291,COCCN(C(=O)/C=C/c1ccc(F)cc1)c1c(N)n(Cc2ccccc2)c(=O)[nH]c1=O,0
ZINC03528944,DUD_fxa_D_1292,NC(=O)c1ccc(NC(=O)COC(=O)c2ccc(=O)n(Cc3ccccc3)n2)cc1,0
ZINC03531548,DUD_fxa_D_1293,Cc1ccc(NC(=O)[C@@H](Sc2nnc(Cc3ccccc3F)n2N)c2ccccc2)cc1,0
ZINC03531549,DUD_fxa_D_1294,Cc1ccc(NC(=O)[C@H](Sc2nnc(Cc3ccccc3F)n2N)c2ccccc2)cc1,0
ZINC03533294,DUD_fxa_D_1295,COc1ccc(-c2nnc(SCC(=O)Nc3ccccc3Cc3ccccc3)n2N)cc1,0
ZINC03533358,DUD_fxa_D_1296,C[C@@H]1CCc2[nH]c3ccc(C(=O)OCC(=O)Nc4ccc(S(N)(=O)=O)cc4)cc3c2C1,0
ZINC03533359,DUD_fxa_D_1297,C[C@@H]1CCc2[nH]c3ccc(C(=O)OCC(=O)Nc4ccc(S(N)(=O)=O)cc4)cc3c2C1,0
ZINC03533643,DUD_fxa_D_1298,Cc1ccccc1NC(=O)Cc1nc(COC(=O)c2ccc(NC(N)=O)cc2)cs1,0
ZINC03534520,DUD_fxa_D_1299,NC(=O)c1ccc(NC(=O)CSc2nnc(-c3ccccc3)n2Cc2ccco2)cc1,0
ZINC03538137,DUD_fxa_D_1300,Cc1cc(OCc2nnc(SCC(=O)Nc3ccc(C(N)=O)cc3)[nH]2)ccc1Cl,0
ZINC03538149,DUD_fxa_D_1301,COc1ccc(-c2nnc(SCC(=O)Nc3ccccc3Oc3ccccc3)n2N)cc1,0
ZINC03538399,DUD_fxa_D_1302,Cc1ncc(CO)c(/C=N\NC(=O)c2nn(Cc3ccccc3)c(=O)c3ccccc23)c1O,0
ZINC03543032,DUD_fxa_D_1303,Cc1cc(C(=O)CSc2nc(N)cc(N)n2)c(C)n1C[C@@H]1COc2ccccc2O1,0
ZINC03543033,DUD_fxa_D_1304,Cc1cc(C(=O)CSc2nc(N)cc(N)n2)c(C)n1C[C@H]1COc2ccccc2O1,0
ZINC03544167,DUD_fxa_D_1305,Cn1c(COc2ccc(Cl)cc2)nnc1SCC(=O)Nc1ccc(C(N)=O)cc1,0
ZINC03544340,DUD_fxa_D_1306,NC(=O)c1ccc(NC(=O)COC(=O)c2ccccc2NC(=O)c2ccccc2)cc1,0
ZINC03545076,DUD_fxa_D_1307,CCc1ccccc1Nc1nc(N)nc(COC(=O)c2ccc(NC(C)=O)cc2)n1,0
ZINC03545147,DUD_fxa_D_1308,CCc1ccccc1Nc1nc(N)nc(COC(=O)c2[nH]nc3ccccc23)n1,0
ZINC03545147,DUD_fxa_D_1309,CCc1ccccc1Nc1nc(N)nc(COC(=O)c2n[nH]c3ccccc23)n1,0
ZINC03545167,DUD_fxa_D_1310,CCc1ccccc1Nc1nc(N)nc(COC(=O)c2cc(=O)[nH]c3ccccc23)n1,0
ZINC03545191,DUD_fxa_D_1311,CCc1ccccc1Nc1nc(N)nc(CSc2nnc(-c3ccc(C)cc3)n2N)n1,0
ZINC03545363,DUD_fxa_D_1312,COc1ccc([C@@H]2C=C(c3cccs3)NN2C(=O)CSc2nnc(N)[nH]2)cc1OC,0
ZINC03545364,DUD_fxa_D_1313,COc1ccc([C@H]2C=C(c3cccs3)NN2C(=O)CSc2nnc(N)[nH]2)cc1OC,0
ZINC03546491,DUD_fxa_D_1314,Cc1ccc(C)n1-c1ccc(C(=O)O[C@H](C)C(=O)Nc2ccc(S(N)(=O)=O)cc2)cc1,0
ZINC03546492,DUD_fxa_D_1315,Cc1ccc(C)n1-c1ccc(C(=O)O[C@@H](C)C(=O)Nc2ccc(S(N)(=O)=O)cc2)cc1,0
ZINC03547907,DUD_fxa_D_1316,CCOc1ccc(Oc2ccc(NC(=O)CSc3nc(N)cc(N)n3)cc2)cc1,0
ZINC03552751,DUD_fxa_D_1317,CSCc1c(C(=O)O[C@H](C)C(=O)Nc2ccc(S(N)(=O)=O)cc2)oc2ccccc12,0
ZINC03552752,DUD_fxa_D_1318,CSCc1c(C(=O)O[C@@H](C)C(=O)Nc2ccc(S(N)(=O)=O)cc2)oc2ccccc12,0
ZINC03558174,DUD_fxa_D_1319,NC(=O)c1ccc(NC(=O)COC(=O)C(O)(c2ccccc2)c2ccccc2)cc1,0
ZINC03558520,DUD_fxa_D_1320,C=CCn1c(SCC(=O)Nc2ccc(C(N)=O)cc2)nnc1-c1ccc([N+](=O)[O-])cc1,0
ZINC03559070,DUD_fxa_D_1321,NS(=O)(=O)c1ccc(NC(=O)COC(=O)C(O)(c2ccccc2)c2ccccc2)cc1,0
ZINC03566923,DUD_fxa_D_1322,CCN(C(=O)C[NH2+][C@H](C)c1ccccc1)c1c(N)n(Cc2ccccc2)c(=O)[nH]c1=O,0
ZINC03566925,DUD_fxa_D_1323,CCN(C(=O)C[NH2+][C@H](C)c1ccccc1)c1c(N)n(Cc2ccccc2)c(=O)[nH]c1=O,0
ZINC03569784,DUD_fxa_D_1324,Cc1cccc(NC(=O)CNC(=O)c2ccc(S(=O)(=O)NCc3ccco3)cc2)c1C,0
ZINC03569785,DUD_fxa_D_1325,Cc1cccc(C)c1NC(=O)CNC(=O)c1ccc(S(=O)(=O)NCc2ccco2)cc1,0
ZINC03571241,DUD_fxa_D_1326,Cc1ccc(-c2nnc(SCC(=O)Nc3ccccc3Cc3ccccc3)n2N)cc1,0
ZINC03573765,DUD_fxa_D_1327,C=C(NNC(=O)c1cccc(S(=O)(=O)Nc2ccc(OC)cc2)c1)c1ccc(O)cc1,0
ZINC03573767,DUD_fxa_D_1328,C=C(NNC(=O)c1cccc(S(=O)(=O)Nc2ccc(OC)cc2)c1)c1ccccc1O,0
ZINC03573768,DUD_fxa_D_1329,C=C(NNC(=O)c1cccc(S(=O)(=O)Nc2ccc(OC)cc2)c1)c1ccccn1,0
ZINC03573783,DUD_fxa_D_1330,COc1ccc(NS(=O)(=O)c2cccc(C(=O)N/N=C/c3cccc(O)c3)c2)cc1,0
ZINC03573785,DUD_fxa_D_1331,COc1ccc(NS(=O)(=O)c2cccc(C(=O)N/N=C\c3ccc(O)c(O)c3)c2)cc1,0
ZINC03573798,DUD_fxa_D_1332,COc1ccccc1NS(=O)(=O)c1cccc(C(=O)N/N=C\c2ccc(O)cc2)c1,0
ZINC03573817,DUD_fxa_D_1333,C=C(NNC(=O)c1cccc(S(=O)(=O)Nc2ccccc2OC)c1)c1ccc(O)cc1,0
ZINC03573820,DUD_fxa_D_1334,C=C(NNC(=O)c1cccc(S(=O)(=O)Nc2ccccc2OC)c1)c1ccccc1O,0
ZINC03573821,DUD_fxa_D_1335,C=C(NNC(=O)c1cccc(S(=O)(=O)Nc2ccccc2OC)c1)c1ccccn1,0
ZINC03573822,DUD_fxa_D_1336,C=C(NNC(=O)c1cccc(S(=O)(=O)Nc2ccccc2OC)c1)c1ccncc1,0
ZINC03573823,DUD_fxa_D_1337,C=C(NNC(=O)c1cccc(S(=O)(=O)Nc2ccccc2OC)c1)c1cccnc1,0
ZINC03573840,DUD_fxa_D_1338,COc1ccccc1NS(=O)(=O)c1cccc(C(=O)N/N=C\c2cccc(O)c2)c1,0
ZINC03573844,DUD_fxa_D_1339,COc1ccccc1NS(=O)(=O)c1cccc(C(=O)N/N=C/c2ccc(O)c(O)c2)c1,0
ZINC03573896,DUD_fxa_D_1340,O=C(N/N=C/c1cccc(O)c1)c1cccc(S(=O)(=O)Nc2ccc(Cl)cc2)c1,0
ZINC03573898,DUD_fxa_D_1341,O=C(N/N=C\c1cccc(O)c1O)c1cccc(S(=O)(=O)Nc2ccc(Cl)cc2)c1,0
ZINC03574148,DUD_fxa_D_1342,Cc1ccc(NS(=O)(=O)c2cccc(C(=O)N/N=C\c3ccc(O)cc3)c2)c(C)c1,0
ZINC03574154,DUD_fxa_D_1343,Cc1ccc(NS(=O)(=O)c2cccc(C(=O)N/N=C/c3cccc(O)c3)c2)c(C)c1,0
ZINC03574156,DUD_fxa_D_1344,Cc1ccc(NS(=O)(=O)c2cccc(C(=O)N/N=C\c3ccc(O)c(O)c3)c2)c(C)c1,0
ZINC03574164,DUD_fxa_D_1345,COc1cc(/C=N\NC(=O)c2ccc(N)cc2)ccc1OS(=O)(=O)c1ccc(C)cc1,0
ZINC03577028,DUD_fxa_D_1346,C=C(NNC(=O)c1ccc(COc2ccccc2)cc1)c1ccc(OCC(N)=O)cc1,0
ZINC03578275,DUD_fxa_D_1347,C=C(NNC(=O)COc1ccc(-c2ccccc2)cc1)c1ccc(OCC(N)=O)cc1,0
ZINC03578625,DUD_fxa_D_1348,C=C(NNC(=O)[C@H]1CCCN(S(=O)(=O)c2ccc(C)cc2)C1)c1ccc(O)cc1,0
ZINC03580545,DUD_fxa_D_1349,O=C(N/N=C/c1ccc(/C=N/NC(=O)c2cccc(O)c2)cc1)c1cccc(O)c1,0
ZINC03586073,DUD_fxa_D_1350,O=c1c2ncn(COC(CO)CO)c2nc2[nH]c(-c3ccc(-c4ccc(F)cc4)cc3)cn12,0
ZINC03586075,DUD_fxa_D_1351,O=c1c2ncn(COCCO)c2nc2[nH]c(-c3ccc(-c4ccc(O)cc4)cc3)cn12,0
ZINC03586078,DUD_fxa_D_1352,O=c1c2ncn(COCCO)c2nc2[nH]c(-c3ccc(-c4ccc(CO)cc4)cc3)cn12,0
ZINC03588543,DUD_fxa_D_1353,C=C(N/N=C(/O)c1ccncc1)c1cccc(C(=C)N/N=C(/O)c2ccncc2)n1,0
ZINC03596383,DUD_fxa_D_1354,NC(=O)c1ccc(NC(=O)CSc2nnc(-c3ccco3)n2Cc2ccccc2)cc1,0
ZINC03599427,DUD_fxa_D_1355,NC(=O)c1ccc(NC(=O)CN2C(=O)N[C@](Cc3ccccc3)(c3ccccc3)C2=O)cc1,0
ZINC03599428,DUD_fxa_D_1356,NC(=O)c1ccc(NC(=O)CN2C(=O)N[C@@](Cc3ccccc3)(c3ccccc3)C2=O)cc1,0
ZINC03600294,DUD_fxa_D_1357,COc1ccccc1-c1nnc(SCC(=O)Nc2ccccc2Oc2ccccc2)n1N,0
ZINC03600330,DUD_fxa_D_1358,COc1ccccc1-c1nnc(SCC(=O)Nc2ccccc2Cc2ccccc2)n1N,0
ZINC03601759,DUD_fxa_D_1359,CCOc1ccc(NC(=O)c2ccc(NC(=O)CSc3nnc(N)s3)cc2)cc1,0
ZINC03605459,DUD_fxa_D_1360,Nn1c(COc2ccc(Cl)cc2)nnc1SCCCn1c(=O)[nH]c2ccccc21,0
ZINC03605686,DUD_fxa_D_1361,CCOC(=O)c1cc(-c2ccccc2)sc1NC(=O)CSc1nc(N)cc(N)n1,0
ZINC03605699,DUD_fxa_D_1362,COC(=O)c1ccc(-n2c(C)cc(C(=O)CSc3nc(N)cc(N)n3)c2C)cc1,0
ZINC03605727,DUD_fxa_D_1363,Nc1cc(N)nc(SCC(=O)Nc2ccc(OCc3ccccc3)cc2)n1,0
ZINC03605801,DUD_fxa_D_1364,Nc1cc(N)nc(SCC(=O)N2NC(c3ccc(Cl)cc3)=C[C@H]2c2ccco2)n1,0
ZINC03605804,DUD_fxa_D_1365,Nc1cc(N)nc(SCC(=O)N2NC(c3ccc(Cl)cc3)=C[C@H]2c2ccco2)n1,0
ZINC03605824,DUD_fxa_D_1366,CCc1ccc(Nc2nnc(SCC(=O)Nc3ccc(C(N)=O)cc3)s2)cc1,0
ZINC03605917,DUD_fxa_D_1367,N#Cc1ccc(Nc2nc(Cc3c(Cl)cccc3Cl)nc(NCCC[NH3+])n2)cc1,0
ZINC03605922,DUD_fxa_D_1368,N#Cc1ccc(Nc2nc(Cc3c(Cl)cccc3Cl)nc(NC[C@H](O)CO)n2)cc1,0
ZINC03605933,DUD_fxa_D_1369,N#Cc1ccc(Nc2nc(Cc3c(Cl)cccc3Cl)nc(NC(N)=[NH2+])n2)cc1,0
ZINC03608981,DUD_fxa_D_1370,CCCCN(C(=O)COc1cccc(F)c1)c1c(N)n(Cc2ccccc2)c(=O)[nH]c1=O,0
ZINC03609995,DUD_fxa_D_1371,CN(c1cccc(Cl)c1)S(=O)(=O)c1cccc(C(=O)Nc2ccc(C(N)=O)cc2)c1,0
ZINC03611340,DUD_fxa_D_1372,CCOC(=O)CC1C/C(=C\c2ccc(O)c(O)c2)C(=O)/C(=C/c2ccc(O)c(O)c2)C1,0
ZINC03611426,DUD_fxa_D_1373,O=C1/C(=C\c2ccc(O)c(O)c2)C[N@@H+](Cc2ccccc2)C/C1=C\c1ccc(O)c(O)c1,0
ZINC03614156,DUD_fxa_D_1374,COc1ccc(/C=N\OCc2nc3ccccc3c(=O)n2/N=C/c2ccc(O)cc2O)cc1,0
ZINC03618540,DUD_fxa_D_1375,O=C(Nc1nnc(NCCc2c[nH]c3ccccc23)s1)c1cccc([N+](=O)[O-])c1,0
ZINC03619889,DUD_fxa_D_1376,Cc1ccccc1NC(=O)C1(N(C(=O)Cc2nc(N)n[nH]2)c2ccccc2)CCCCC1,0
ZINC03629962,DUD_fxa_D_1377,CCOc1ccc2ccccc2c1C(=O)Nc1nnc(NCCNc2ccccc2)s1,0
ZINC03630413,DUD_fxa_D_1378,COc1ccc(C(N)=O)cc1NC(=O)c1ccc2c(=O)n(-c3ccccc3)c(=S)[nH]c2c1,0
ZINC03631187,DUD_fxa_D_1379,CCCCCn1c(=S)[nH]c2cc(C(=O)Nc3cc(C(N)=O)ccc3OC)ccc2c1=O,0
ZINC03639403,DUD_fxa_D_1380,Cc1ccc(NC(=O)ONC(=[NH2+])c2ccc(OC(=O)Nc3ccc(C)cc3)cc2)cc1,0
ZINC03662992,DUD_fxa_D_1381,C=C(NNC(=O)c1ccccc1F)c1ccc(C(=C)NNC(=O)c2ccccc2F)cc1,0
ZINC03663860,DUD_fxa_D_1382,C=C(NNC(=O)c1ccc(C[N@H+]2CCc3ccccc3C2)cc1)c1cccc(NC(C)=O)c1,0
ZINC03671841,DUD_fxa_D_1383,NS(=O)(=O)c1ccc(CCNC(=O)c2ccc(C#Cc3ccccc3)o2)cc1,0
ZINC03765104,DUD_fxa_D_1384,NS(=O)(=O)c1ccc(NC(=S)NNC(=O)C(c2ccccc2)c2ccccc2)cc1,0
ZINC03766467,DUD_fxa_D_1385,Cc1ccc2[nH]cc([C@@H]3C(C(=O)c4ccccc4)=C(O)C(=O)N3CC[NH2+]CCO)c2c1,0
ZINC03775169,DUD_fxa_D_1386,C[C@@H](CCc1ccc(C(N)=O)cc1)[N@H+](C[C@@H](O)c1ccccc1)C[C@H](O)c1ccccc1,0
ZINC03778808,DUD_fxa_D_1387,NC(=[NH2+])Nc1nc(CSCCNc2nc3ccccc3n2CC[NH+]2CCCC2)cs1,0
ZINC03784842,DUD_fxa_D_1388,CC(C)(CNc1ccc(C2=NNC(=O)CC2)cc1)[NH2+]C[C@@H](O)COc1ccccc1C#N,0
ZINC03788838,DUD_fxa_D_1389,CCc1cc(OCc2ccc(-c3ccccc3-c3nnn[n-]3)cc2)c2ccc(CO)cc2n1,0
ZINC03788838,DUD_fxa_D_1390,CCc1cc(OCc2ccc(-c3ccccc3-c3nnn[n-]3)cc2)c2ccc(CO)cc2[nH+]1,0
ZINC03788848,DUD_fxa_D_1391,CCc1cc(OCc2ccc(-c3ccccc3-c3nnn[n-]3)cc2)c2cc(C(N)=O)ccc2n1,0
ZINC03788857,DUD_fxa_D_1392,CCc1cc(OCc2ccc(-c3ccccc3-c3nnn[n-]3)cc2)c2cc(C[NH3+])ccc2n1,0
ZINC03788857,DUD_fxa_D_1393,CCc1cc(OCc2ccc(-c3ccccc3-c3nnn[n-]3)cc2)c2cc(C[NH3+])ccc2[nH+]1,0
ZINC03789716,DUD_fxa_D_1394,C[C@H]1CC(=O)NN=C1c1ccc(NC(=O)CCCNC(=[NH2+])NCCCc2c[nH]cn2)cc1,0
ZINC03797581,DUD_fxa_D_1395,NNC(=O)[C@@H](Cc1ccc(O)cc1)Nc1ccc(O)c2c1C(=O)c1ccccc1C2=O,0
ZINC03799481,DUD_fxa_D_1396,CC(=O)CCC(=O)Nc1cc(CO)cc(Nc2c3ccccc3nc3ccccc23)c1,0
ZINC03800048,DUD_fxa_D_1397,NC(=[NH2+])NCc1cccc(C(=O)Nc2nc3ccc(-c4ccccc4)cc3s2)c1,0
ZINC03802013,DUD_fxa_D_1398,NC(=[NH2+])c1ccc(CCCC[C@H]2C[C@H](CS(=O)(=O)c3ccccc3)CC(=O)O2)cc1,0
ZINC03807236,DUD_fxa_D_1399,CCc1nc(N)nc(N)c1-c1ccc(N(C)Cc2ccc(C(=O)NC)cc2)c([N+](=O)[O-])c1,0
ZINC03807236,DUD_fxa_D_1400,CCc1[nH+]c(N)nc(N)c1-c1ccc(N(C)Cc2ccc(C(=O)NC)cc2)c([N+](=O)[O-])c1,0
ZINC03808433,DUD_fxa_D_1401,CCOC(=O)C[C@H](NC(=O)c1cccc(NCc2ccc(C(N)=[NH2+])cc2)c1)c1cccnc1,0
ZINC03809836,DUD_fxa_D_1402,NC(=[NH2+])NCCC[C@@H](NC(=O)OCc1ccccc1)C(=O)OCc1ccccc1,0
ZINC03815892,DUD_fxa_D_1403,[NH3+]C(CO)(CO)CCCc1ccc(Oc2cccc(OCc3ccccc3)c2)cc1Cl,0
ZINC03816394,DUD_fxa_D_1404,C[C@H](COc1cc(Nc2nccc(C(N)=O)n2)ccc1C#N)Oc1ccc(F)cc1,0
ZINC03816461,DUD_fxa_D_1405,CCC[C@H](Oc1cccc(C(N)=[NH2+])c1)C(=O)Nc1ccc(N2CCCS2(=O)=O)cc1,0
ZINC03816860,DUD_fxa_D_1406,NC(=[NH2+])c1ccc2[nH]c(-c3cc([C@H]4CCOC4=O)cc(-c4cc(F)ccc4O)c3O)nc2c1,0
ZINC03816860,DUD_fxa_D_1407,NC(=[NH2+])c1ccc2nc(-c3cc([C@H]4CCOC4=O)cc(-c4cc(F)ccc4O)c3O)[nH]c2c1,0
ZINC03816957,DUD_fxa_D_1408,CCOc1ccc(-c2nc3c(CC[C@H]([C@H](C)O)n4cnc(C(N)=O)c4)cccc3o2)cc1,0
ZINC03816957,DUD_fxa_D_1409,CCOc1ccc(-c2nc3c(CC[C@@H]([C@H](C)O)n4c[nH+]c(C(N)=O)c4)cccc3o2)cc1,0
ZINC03817060,DUD_fxa_D_1410,[NH3+]CC[C@H](C(=O)Nc1ccc2[nH]ncc2c1)c1cccc(OCc2ccccc2)c1,0
ZINC03817060,DUD_fxa_D_1411,[NH3+]CC[C@@H](C(=O)Nc1ccc2n[nH]cc2c1)c1cccc(OCc2ccccc2)c1,0
ZINC03817217,DUD_fxa_D_1412,Nc1nc(Nc2ccc(Sc3ccncc3)c(F)c2)cc(N[C@H]2CCCC[C@@H]2[NH3+])n1,0
ZINC03817419,DUD_fxa_D_1413,O=C1O[C@@](CO)(CSc2nc3ccccc3[nH]2)[C@@H](Sc2nc3ccccc3[nH]2)C1=O,0
ZINC03817419,DUD_fxa_D_1414,O=C1O[C@](CO)(CSc2[nH]c3ccccc3[nH+]2)[C@H](Sc2[nH]c3ccccc3[nH+]2)C1=O,0
ZINC03817419,DUD_fxa_D_1415,O=C1O[C@](CO)(CSc2nc3ccccc3[nH]2)[C@@H](Sc2[nH]c3ccccc3[nH+]2)C1=O,0
ZINC03817419,DUD_fxa_D_1416,O=C1O[C@](CO)(CSc2[nH]c3ccccc3[nH+]2)[C@H](Sc2nc3ccccc3[nH]2)C1=O,0
ZINC03818166,DUD_fxa_D_1417,CCOC(=O)c1cn2ncc(C#N)c(Nc3ccc(Oc4ccccc4)cc3)c2c1C[NH3+],0
ZINC03818722,DUD_fxa_D_1418,[NH2+]=C1CCCN1c1ccc(NC(=O)[C@@H](Nc2cccc(C[NH3+])c2)c2ccccc2)cc1Cl,0
ZINC03819224,DUD_fxa_D_1419,COc1ccc(C(=O)Nc2nc(N[C@H]3CCCC[C@@H]3NC(N)=[NH2+])c3cc(C)ccc3n2)cc1,0
ZINC03819676,DUD_fxa_D_1420,COc1cc(-c2cncc(N[C@@H](C)c3cccc(NC(=O)c4cccnc4)c3)n2)ccc1O,0
ZINC03819838,DUD_fxa_D_1421,C[C@@H](CO)Nc1cc(NS(=O)(=O)c2ccccc2)nc(SCc2ccccc2)n1,0
ZINC03819902,DUD_fxa_D_1422,CCOC(=O)Nc1cc(CNc2ccccc2C(=O)Nc2ccc3n[nH]cc3c2)ccn1,0
ZINC03819914,DUD_fxa_D_1423,COc1ccccc1CNC(=O)c1cc2c(NC(=O)Cc3cccc(F)c3)n[nH]c2s1,0
ZINC03819914,DUD_fxa_D_1424,COc1ccccc1CNC(=O)c1cc2c(NC(=O)Cc3cccc(F)c3)[nH]nc2s1,0
ZINC03819945,DUD_fxa_D_1425,CNS(=O)(=O)Cc1ccc(NC(=O)c2[nH]nc3ccc(-c4ccccc4)cc23)cc1,0
ZINC03819945,DUD_fxa_D_1426,CNS(=O)(=O)Cc1ccc(NC(=O)c2[nH]nc3ccc(-c4ccccc4)cc23)cc1,0
ZINC03820063,DUD_fxa_D_1427,Nc1nc(N)c2cc(COC(=O)c3ccccc3OC(=O)c3ccccc3O)ccc2n1,0
ZINC03820063,DUD_fxa_D_1428,Nc1nc(N)c2cc(COC(=O)c3ccccc3OC(=O)c3ccccc3O)ccc2[nH+]1,0
ZINC03820064,DUD_fxa_D_1429,Cc1c(COC(=O)c2ccccc2OC(=O)c2ccccc2O)ccc2nc(N)nc(N)c12,0
ZINC03820064,DUD_fxa_D_1430,Cc1c(COC(=O)c2ccccc2OC(=O)c2ccccc2O)ccc2[nH+]c(N)nc(N)c12,0
ZINC03820532,DUD_fxa_D_1431,CCO[C@@H](C(=O)NCc1ccc(C(N)=[NH2+])cc1)c1c(F)cc(-c2ccc(N)cn2)cc1F,0
ZINC03820532,DUD_fxa_D_1432,CCO[C@H](C(=O)NCc1ccc(C(N)=[NH2+])cc1)c1c(F)cc(-c2ccc(N)c[nH+]2)cc1F,0
ZINC03820616,DUD_fxa_D_1433,CC[NH+](CC)Cc1ccc2cc(COC(=O)Nc3ccc(C(=O)NO)cc3)ccc2c1,0
ZINC03820748,DUD_fxa_D_1434,O=C(NCC#CCO)c1ccccc1Nc1ccc2c(/C=C\c3ccccn3)n[nH]c2c1,0
ZINC03820748,DUD_fxa_D_1435,O=C(NCC#CCO)c1ccccc1Nc1ccc2c(/C=C/c3ccccn3)[nH]nc2c1,0
ZINC03820748,DUD_fxa_D_1436,O=C(NCC#CCO)c1ccccc1Nc1ccc2c(/C=C\c3ccccn3)[nH]nc2c1,0
ZINC03820847,DUD_fxa_D_1437,CCOC(=O)Cc1cc(-c2nc3cc(C(N)=[NH2+])ccc3[nH]2)c(O)c(-c2cc(F)ccc2O)c1,0
ZINC03820847,DUD_fxa_D_1438,CCOC(=O)Cc1cc(-c2nc3ccc(C(N)=[NH2+])cc3[nH]2)c(O)c(-c2cc(F)ccc2O)c1,0
ZINC03820860,DUD_fxa_D_1439,O=c1[nH]c2cc3nc(-c4c(NC[C@@H](O)c5cccc(Cl)c5)cc[nH]c4=O)[nH]c3cc2[nH]1,0
ZINC03820860,DUD_fxa_D_1440,O=c1[nH]c2cc3[nH]c(-c4c(NC[C@@H](O)c5cccc(Cl)c5)cc[nH]c4=O)[nH+]c3cc2[nH]1,0
ZINC03820860,DUD_fxa_D_1441,O=c1[nH]c2cc3nc(-c4c(NC[C@H](O)c5cccc(Cl)c5)ccnc4O)[nH]c3cc2[nH]1,0
ZINC03820860,DUD_fxa_D_1442,O=c1[nH]c2cc3[nH]c(-c4c(NC[C@H](O)c5cccc(Cl)c5)cc[nH]c4=O)[nH+]c3cc2[nH]1,0
ZINC03820860,DUD_fxa_D_1443,O=c1[nH]c2cc3nc(-c4c(NC[C@@H](O)c5cccc(Cl)c5)ccnc4O)[nH]c3cc2[nH]1,0
ZINC03820864,DUD_fxa_D_1444,Cc1c2cn[nH]c2cc2[nH]c(-c3c(NC[C@H](O)c4cccc(Cl)c4)cc[nH]c3=O)nc12,0
ZINC03820864,DUD_fxa_D_1445,Cc1c2cn[nH]c2cc2nc(-c3c(NC[C@H](O)c4cccc(Cl)c4)cc[nH]c3=O)[nH]c12,0
ZINC03820982,DUD_fxa_D_1446,CSc1sc(C(N)=[NH2+])cc1S(=O)(=O)c1cccc(-c2cc3[nH]cnc3cc2C)c1,0
ZINC03821014,DUD_fxa_D_1447,COc1cc(Nc2nc(N[C@H](C[NH3+])c3ccccc3)n3ccnc3c2C(N)=O)cc(OC)c1,0
ZINC03821014,DUD_fxa_D_1448,COc1cc(Nc2nc(N[C@@H](C[NH3+])c3ccccc3)n3cc[nH+]c3c2C(N)=O)cc(OC)c1,0
ZINC03821226,DUD_fxa_D_1449,OCC[NH2+]Cc1ccc2c(c1)-c1[nH]nc(-c3ccc(-c4ccc(O)cc4)cc3)c1C2,0
ZINC03821226,DUD_fxa_D_1450,OCC[NH2+]Cc1ccc2c(c1)-c1n[nH]c(-c3ccc(-c4ccc(O)cc4)cc3)c1C2,0
ZINC03821226,DUD_fxa_D_1451,OCC[NH2+]Cc1ccc2c(c1)-c1n[nH]c(-c3ccc(-c4ccc(O)cc4)cc3)c1C2,0
ZINC03821227,DUD_fxa_D_1452,COc1cc2c(cc1C[NH2+]CCO)Cc1c(-c3ccc(-c4ccc(O)cc4)cc3)n[nH]c1-2,0
ZINC03821227,DUD_fxa_D_1453,COc1cc2c(cc1C[NH2+]CCO)Cc1c-2n[nH]c1-c1ccc(-c2ccc(O)cc2)cc1,0
ZINC03821227,DUD_fxa_D_1454,COc1cc2c(cc1C[NH2+]CCO)Cc1c-2n[nH]c1-c1ccc(-c2ccc(O)cc2)cc1,0
ZINC03821339,DUD_fxa_D_1455,O=C(N[C@H](Cc1ccccc1)c1ncc[nH]1)[C@H](S)CCCN1C(=O)c2ccccc2C1=O,0
ZINC03821339,DUD_fxa_D_1456,O=C(N[C@@H](Cc1ccccc1)c1[nH]cc[nH+]1)[C@@H](S)CCCN1C(=O)c2ccccc2C1=O,0
ZINC03822272,DUD_fxa_D_1457,CC(=[NH2+])N1CCC(Nc2ccc3ncn(Cc4ccc(C(N)=[NH2+])c5ccccc45)c3c2)CC1,0
ZINC03822272,DUD_fxa_D_1458,CC(=[NH2+])N1CCC(Nc2ccc3[nH+]cn(Cc4ccc(C(N)=[NH2+])c5ccccc45)c3c2)CC1,0
ZINC03822732,DUD_fxa_D_1459,NC(=[NH2+])c1ccc(CCOc2cccc(NS(=O)(=O)c3ccccc3)c2)cc1,0
ZINC03822733,DUD_fxa_D_1460,NC(=[NH2+])c1ccc(CCOc2cccc(NS(=O)(=O)c3ccccc3Cl)c2)cc1,0
ZINC03822734,DUD_fxa_D_1461,N#Cc1ccccc1S(=O)(=O)Nc1cccc(OCCc2ccc(C(N)=[NH2+])cc2)c1,0
ZINC03822735,DUD_fxa_D_1462,NC(=[NH2+])c1ccc(CCOc2cccc(NS(=O)(=O)c3ccccc3F)c2)cc1,0
ZINC03822738,DUD_fxa_D_1463,Cc1ccc(C)c(S(=O)(=O)Nc2cccc(OCCc3ccc(C(N)=[NH2+])cc3)c2)c1,0
ZINC03822954,DUD_fxa_D_1464,O=S(=O)(Nc1ccc(CC[NH2+]C[C@@H](O)c2ccccc2)cc1)c1ccc2ccccc2c1,0
ZINC03822956,DUD_fxa_D_1465,O=S(=O)(Nc1ccc(CC[NH2+]C[C@H](O)c2ccccc2)cc1)c1cnc2ccccc2c1,0
ZINC03822958,DUD_fxa_D_1466,Nc1ccc([C@H](O)C[NH2+]CCc2ccc(NS(=O)(=O)c3ccccc3)cc2)c[nH+]1,0
ZINC03823320,DUD_fxa_D_1467,[NH3+][C@@H](CNc1nc(-c2ccncc2)c(-c2ccc(F)cc2)c(=O)[nH]1)Cc1ccccc1,0
ZINC03823320,DUD_fxa_D_1468,[NH3+][C@@H](CNc1nc(O)c(-c2ccc(F)cc2)c(-c2ccncc2)n1)Cc1ccccc1,0
ZINC03823320,DUD_fxa_D_1469,[NH3+][C@@H](CNc1nc(=O)c(-c2ccc(F)cc2)c(-c2ccncc2)[nH]1)Cc1ccccc1,0
ZINC03823320,DUD_fxa_D_1470,[NH3+][C@@H](CNc1nc(O)c(-c2ccc(F)cc2)c(-c2ccncc2)n1)Cc1ccccc1,0
ZINC03823410,DUD_fxa_D_1471,O=S(=O)(CCCOc1ccc2nc(O)ccc2c1)c1nccn1-c1ccccc1CO,0
ZINC03823410,DUD_fxa_D_1472,O=c1ccc2cc(OCCCS(=O)(=O)c3[nH+]ccn3-c3ccccc3CO)ccc2[nH]1,0
ZINC03824679,DUD_fxa_D_1473,NC(=[NH2+])Nc1ccc(C(=O)Oc2ccc(C(=O)Nc3cc(Cl)cc(Cl)c3)cc2)cc1,0
ZINC03826112,DUD_fxa_D_1474,COc1ccc([C@@H](Cc2ccccc2)[NH2+]C[C@H](O)COc2ccc3n[nH]nc3c2)cc1OC,0
ZINC03827737,DUD_fxa_D_1475,COC(=O)CC[C@@H](Cc1ccc(NC(N)=[NH2+])cc1)c1cccc(C(N)=[NH2+])c1,0
ZINC03828137,DUD_fxa_D_1476,NC(=[NH2+])c1ccc2[nH]cc(CC(=O)CNc3ccc(C4CCCCC4)cc3)c2c1,0
ZINC03828707,DUD_fxa_D_1477,Cc1ccnc(CC(=O)Nc2ccc(CC[NH2+]C[C@@H](O)c3ccc(O)cc3)cc2)c1,0
ZINC03828708,DUD_fxa_D_1478,O=C(Cc1ccccn1)Nc1ccc(CC[NH2+]C[C@H](O)c2ccc(O)cc2)cc1,0
ZINC03828711,DUD_fxa_D_1479,Nc1nc(CC(=O)Nc2ccc(CC[NH2+]C[C@@H](O)c3ccc(O)cc3)cc2)cs1,0
ZINC03828712,DUD_fxa_D_1480,O=CNc1cc([C@@H](O)C[NH2+]CCc2ccc(NC(=O)Cc3ccccn3)cc2)ccc1O,0
ZINC03828845,DUD_fxa_D_1481,C[C@H](Oc1ccc(-c2ccc(S(N)(=O)=O)s2)cc1)[C@@H](O)CCc1cccnc1,0
ZINC03828849,DUD_fxa_D_1482,C[C@H](Oc1ccc(-c2csc(S(N)(=O)=O)c2)cc1)[C@@H](O)CCc1cccnc1,0
ZINC03829133,DUD_fxa_D_1483,OC[C@@H]1C[N@@H+](Cc2ccc(N(c3ccccc3)c3ccccc3)cc2)C[C@H](O)[C@@H]1O,0
ZINC03839234,DUD_fxa_D_1484,O=C(N[C@@H]1C[C@H]2C(=O)Nc3ccc(-c4ccc(CO)cc4)cc3C(=O)N2C1)c1cccs1,0
ZINC03845144,DUD_fxa_D_1485,CC(=O)Nc1ccc(/N=N\c2ccc(N(Nc3ccc(NC(C)=O)cc3)C(C)=O)cc2)cc1,0
ZINC03845572,DUD_fxa_D_1486,CC(=O)Nc1cc(CCNC(=O)c2ccccc2)c(N)cc1CCNC(=O)c1ccccc1,0
ZINC03849940,DUD_fxa_D_1487,Cn1c(=O)c2c(nc(NCCc3ccccc3)n2Cc2ccc(N([O-])O)cc2)n(C)c1=O,0
ZINC03849940,DUD_fxa_D_1488,Cn1c(=O)c2c([nH+]c(NCCc3ccccc3)n2Cc2ccc(N([O-])O)cc2)n(C)c1=O,0
ZINC03850279,DUD_fxa_D_1489,COc1ccc(/C=c2\[nH]n3c(=N)/c(=C/c4ccc(O)c(O)c4)c(=O)nc-3s2)cc1OC,0
ZINC03850462,DUD_fxa_D_1490,CCOc1ccccc1N1C(=O)NC(=O)/C(=C\NNC(=S)Nc2ccccc2)C1=O,0
ZINC03850835,DUD_fxa_D_1491,Cn1c(CCNC(=O)c2ccco2)nc2cc(NC(=O)c3ccc([N+](=O)[O-])cc3)ccc21,0
ZINC03850835,DUD_fxa_D_1492,Cn1c(CCNC(=O)c2ccco2)[nH+]c2cc(NC(=O)c3ccc([N+](=O)[O-])cc3)ccc21,0
ZINC03851254,DUD_fxa_D_1493,Cc1ccc(-c2n[nH]/c(=N/c3ccccc3)c3ccccc23)cc1S(=O)(=O)NCCO,0
ZINC03851366,DUD_fxa_D_1494,Nc1nc(CSc2nnnn2-c2ccccc2)[nH]/c(=N/c2ccc3ccccc3c2)n1,0
ZINC03851666,DUD_fxa_D_1495,O=C(CSc1nc2ccccc2n1CCc1ccccc1)Nc1ccc2[nH]c(=O)[nH]c2c1,0
ZINC03851666,DUD_fxa_D_1496,O=C(CSc1[nH+]c2ccccc2n1CCc1ccccc1)Nc1ccc2[nH]c(=O)[nH]c2c1,0
ZINC03851732,DUD_fxa_D_1497,CCCCn1c(S[C@H](C)C(=O)Nc2ccccc2)nc2cc(S(N)(=O)=O)ccc21,0
ZINC03851732,DUD_fxa_D_1498,CCCCn1c(S[C@H](C)C(=O)Nc2ccccc2)[nH+]c2cc(S(N)(=O)=O)ccc21,0
ZINC03851736,DUD_fxa_D_1499,CCCCn1c(S[C@@H](C)C(=O)Nc2ccccc2)nc2cc(S(N)(=O)=O)ccc21,0
ZINC03851736,DUD_fxa_D_1500,CCCCn1c(S[C@H](C)C(=O)Nc2ccccc2)[nH+]c2cc(S(N)(=O)=O)ccc21,0
ZINC03854152,DUD_fxa_D_1501,Cc1ncc(CO)c2cc(C(=O)Nc3cccc(F)c3)/c(=N\c3cccc(C(N)=O)c3)oc12,0
ZINC03854405,DUD_fxa_D_1502,C=c1[nH]n(-c2ccc(S(N)(=O)=O)cc2)c(=O)/c1=C\c1c(C)nn(-c2ccccc2)c1O,0
ZINC03854741,DUD_fxa_D_1503,CCN(CC)c1ccc2cc(C(N)=O)/c(=N\NC(=O)c3cnc4ccccc4c3)oc2c1,0
ZINC03854809,DUD_fxa_D_1504,Cc1cccc(C)c1NC(=S)NNC1=C[C@H]([C@@H](C)c2cccnc2)Oc2ccc(O)cc21,0
ZINC03854810,DUD_fxa_D_1505,COc1ccc(NC(=S)NNC2=C[C@](C)(c3cccnc3)Oc3ccc(O)cc32)cc1,0
ZINC03854811,DUD_fxa_D_1506,COc1ccc(NC(=S)NNC2=C[C@@](C)(c3cccnc3)Oc3ccc(O)cc32)cc1,0
ZINC03854920,DUD_fxa_D_1507,C/C(=C/C(=O)Nc1ccc(C(N)=O)cc1)NNC(=O)COc1ccc(C)cc1,0
ZINC03855090,DUD_fxa_D_1508,C=C(NNC(=O)c1cc(-c2ccncc2)nc2ccccc12)c1cccc(NC(C)=O)c1,0
ZINC03855096,DUD_fxa_D_1509,COc1ccc(NC(=O)c2ccc(NC(=O)CSc3nc4ccccc4[nH]3)cc2)cc1,0
ZINC03855096,DUD_fxa_D_1510,COc1ccc(NC(=O)c2ccc(NC(=O)CSc3[nH]c4ccccc4[nH+]3)cc2)cc1,0
ZINC03855100,DUD_fxa_D_1511,C/C(=C/NNC(=O)c1cccc(S(=O)(=O)Nc2cccc(Cl)c2)c1)c1ccccc1,0
ZINC03855114,DUD_fxa_D_1512,CCCCn1c(SCC(=O)Nc2ccccc2)nc2cc(S(N)(=O)=O)ccc21,0
ZINC03855114,DUD_fxa_D_1513,CCCCn1c(SCC(=O)Nc2ccccc2)[nH+]c2cc(S(N)(=O)=O)ccc21,0
ZINC03855117,DUD_fxa_D_1514,CCCCn1c(SCC(=O)Nc2ccccc2F)nc2cc(S(N)(=O)=O)ccc21,0
ZINC03855117,DUD_fxa_D_1515,CCCCn1c(SCC(=O)Nc2ccccc2F)[nH+]c2cc(S(N)(=O)=O)ccc21,0
ZINC03855154,DUD_fxa_D_1516,NC(=O)c1ccc(NC(=O)COC(=O)/C(=C/c2cccs2)c2cccs2)cc1,0
ZINC03856061,DUD_fxa_D_1517,CCCC(=O)/N=c1/sn(-c2ccc(C(N)=O)cc2)nc1C(=O)NCc1ccccc1,0
ZINC03856062,DUD_fxa_D_1518,CCCC(=O)/N=c1/sn(-c2ccc(C(N)=O)cc2)nc1C(=O)NCc1ccccc1,0
ZINC03857095,DUD_fxa_D_1519,Cc1ccc(/N=c2/nc(CC(=O)CSc3nc4ccccc4s3)nc(N)[nH]2)cc1,0
ZINC03857169,DUD_fxa_D_1520,C/C=C(\NNC(=O)CSc1[nH+]c2ccccc2n1Cc1ccccc1)c1ccc(O)cc1,0
ZINC03857219,DUD_fxa_D_1521,O=C(NCCO)c1ccc(/N=c2/nc3ccc(Cl)cc3c(-c3ccccc3)[nH]2)cc1,0
ZINC03857265,DUD_fxa_D_1522,NS(=O)(=O)c1ccc(NC(=O)/C=C\c2ccc(OCc3ccccc3)cc2)cc1,0
ZINC03857325,DUD_fxa_D_1523,Cc1ccc(/N=c2\[nH]nc(-c3ccc(C)c(S(=O)(=O)NCCO)c3)c3ccccc23)cc1,0
ZINC03857326,DUD_fxa_D_1524,Cc1ccc(/N=c2/[nH]nc(-c3ccc(C)c(S(=O)(=O)NCCO)c3)c3ccccc23)cc1,0
ZINC03857572,DUD_fxa_D_1525,Cc1ccc(/N=c2\[nH]nc(-c3ccc(C(=O)NCCO)cc3)c3ccccc23)c(C)c1,0
ZINC03857635,DUD_fxa_D_1526,CNS(=O)(=O)c1cc(-c2n[nH]/c(=N\c3cccc(O)c3)c3ccccc23)ccc1C,0
ZINC03857786,DUD_fxa_D_1527,Cc1ccc(-c2n[nH]/c(=N/c3cccc4ccccc34)c3ccccc23)cc1S(N)(=O)=O,0
ZINC03857822,DUD_fxa_D_1528,CCOC(=O)c1ccc(NC(=O)[C@@H]2CC(=O)NC(/N=c3/[nH]c4ccccc4s3)=N2)cc1,0
ZINC03857824,DUD_fxa_D_1529,CCOC(=O)c1ccc(NC(=O)[C@@H]2CC(=O)NC(/N=c3/[nH]c4ccccc4s3)=N2)cc1,0
ZINC03857911,DUD_fxa_D_1530,Cc1ccccc1/N=c1/[nH]nc(-c2ccc(C)c(S(=O)(=O)NCCO)c2)c2ccccc12,0
ZINC03857912,DUD_fxa_D_1531,Cc1ccccc1/N=c1/[nH]nc(-c2ccc(C)c(S(=O)(=O)NCCO)c2)c2ccccc12,0
ZINC03858027,DUD_fxa_D_1532,Cc1cccc(/N=c2\[nH]nc(-c3ccc(C)c(S(=O)(=O)NCCO)c3)c3ccccc23)c1,0
ZINC03858028,DUD_fxa_D_1533,Cc1cccc(/N=c2\[nH]nc(-c3ccc(C)c(S(=O)(=O)NCCO)c3)c3ccccc23)c1,0
ZINC03858082,DUD_fxa_D_1534,COc1cc(/C=C/C(=O)Nc2ccc(S(N)(=O)=O)cc2)ccc1OCc1ccccc1,0
ZINC03858437,DUD_fxa_D_1535,C/C(NNC(=O)[C@H](NC(=O)c1ccccc1)C(C)C)=C(/C)NC(=O)c1ccccc1,0
ZINC03858757,DUD_fxa_D_1536,C=c1[nH]n(-c2ccc(C)c(C)c2)c(=O)/c1=C/c1ccc(-c2ccc(S(N)(=O)=O)cc2)o1,0
ZINC03858896,DUD_fxa_D_1537,C=c1[nH]n(-c2ccccc2)c(=O)/c1=C/c1cc(C)n(-c2ccc(S(N)(=O)=O)cc2)c1C,0
ZINC03858973,DUD_fxa_D_1538,CC/C(=C/[C@@H](c1ccccc1)c1c(O)c2ccccc2oc1=O)NNC(N)=S,0
ZINC03859000,DUD_fxa_D_1539,CCCCCCOc1cccc(NC(=O)Cn2c(-c3nonc3N)nc3ccccc32)c1,0
ZINC03859000,DUD_fxa_D_1540,CCCCCCOc1cccc(NC(=O)Cn2c(-c3nonc3N)[nH+]c3ccccc32)c1,0
ZINC03859013,DUD_fxa_D_1541,Cc1cccc(OC[C@@H](O)Cn2c(NCc3cccnc3)nc3c2c(=O)[nH]c(=O)n3C)c1,0
ZINC03859013,DUD_fxa_D_1542,Cc1cccc(OC[C@@H](O)Cn2c(NCc3cccnc3)[nH+]c3c2c(=O)[nH]c(=O)n3C)c1,0
ZINC03859071,DUD_fxa_D_1543,Cn1c(CCNC(=O)c2ccco2)nc2cc(NC(=O)c3cccc([N+](=O)[O-])c3)ccc21,0
ZINC03859071,DUD_fxa_D_1544,Cn1c(CCNC(=O)c2ccco2)[nH+]c2cc(NC(=O)c3cccc([N+](=O)[O-])c3)ccc21,0
ZINC03859184,DUD_fxa_D_1545,CCOC(=O)C1=C(N)n2c(s/c(=C\c3ccccc3)c2=O)=C(C(N)=O)[C@H]1c1ccccc1,0
ZINC03859185,DUD_fxa_D_1546,CCOC(=O)C1=C(N)n2c(s/c(=C/c3ccccc3)c2=O)=C(C(N)=O)[C@@H]1c1ccccc1,0
ZINC03859255,DUD_fxa_D_1547,CC(=O)Nc1ccccc1NC(=O)/C=C(\C)NNC(=O)Cc1cccc2ccccc12,0
ZINC03859298,DUD_fxa_D_1548,O=C(CCC(=O)Nc1ccc2[nH]c(=O)[nH]c2n1)Nc1ccc(Oc2ccccc2)cc1,0
ZINC03859398,DUD_fxa_D_1549,Cn1c(=O)n(Cc2ccccc2)c(=O)c2c1nc(NC[C@H](O)CO)n2Cc1ccccc1,0
ZINC03859398,DUD_fxa_D_1550,Cn1c(=O)n(Cc2ccccc2)c(=O)c2c1[nH+]c(NC[C@@H](O)CO)n2Cc1ccccc1,0
ZINC03859679,DUD_fxa_D_1551,C/C(=C/C(=O)Nc1ccc2ccccc2c1)NNC(=O)Cc1csc(N)n1,0
ZINC03859813,DUD_fxa_D_1552,C=C(/C=C/c1ccccc1)NNc1nc2c(c(=O)[nH]c(=O)n2C)n1Cc1ccc(Cl)cc1,0
ZINC03860003,DUD_fxa_D_1553,Cc1ccc(S(=O)(=O)Oc2ccc(/C=C(\NC(=O)c3ccccc3)C(N)=O)cc2)cc1,0
ZINC03860049,DUD_fxa_D_1554,Cn1c(CCNC(=O)c2ccccc2)nc2cc(NC(=O)c3ccc([N+](=O)[O-])cc3)ccc21,0
ZINC03860049,DUD_fxa_D_1555,Cn1c(CCNC(=O)c2ccccc2)[nH+]c2cc(NC(=O)c3ccc([N+](=O)[O-])cc3)ccc21,0
ZINC03861792,DUD_fxa_D_1556,NC(=[NH2+])NCCC[C@@H](NC(=O)c1ccccc1)C(=O)Nc1ccc([N+](=O)[O-])cc1,0
ZINC03864386,DUD_fxa_D_1557,Cc1ccccc1NC(=O)c1sc2[nH+]c(N)c(C#N)c(-c3ccc(C(C)C)cc3)c2c1N,0
ZINC03866712,DUD_fxa_D_1558,NS(=O)(=O)c1ccc(NC(=O)COC(=O)/C(=C/c2cccs2)c2cccs2)cc1,0
ZINC03866713,DUD_fxa_D_1559,NS(=O)(=O)c1ccc(NC(=O)COC(=O)/C(=C/c2cccs2)c2cccs2)cc1,0
ZINC03866815,DUD_fxa_D_1560,CC(C)c1ccc(S(=O)(=O)/N=C2\C=C(Nc3ccc(O)cc3)C(=O)c3ccccc32)cc1,0
ZINC03866816,DUD_fxa_D_1561,CC(C)c1ccc(S(=O)(=O)/N=C2\C=C(Nc3ccc(O)cc3)C(=O)c3ccccc32)cc1,0
ZINC03866847,DUD_fxa_D_1562,Cc1ccc(NC(=O)C[C@@H]2S/C(=N\N=C/c3ccc(O)cc3O)NC2=O)c(C)c1,0
ZINC03866898,DUD_fxa_D_1563,CCC(C)(C)c1ccc(Oc2ccc(NC(=O)CSc3nc(=O)cc(N)[nH]3)cc2)cc1,0
ZINC03866902,DUD_fxa_D_1564,CCCCNS(=O)(=O)c1ccc2nc(SCC(=O)Nc3ccccc3)[nH]c2c1,0
ZINC03866902,DUD_fxa_D_1565,CCCCNS(=O)(=O)c1ccc2[nH+]c(SCC(=O)Nc3ccccc3)[nH]c2c1,0
ZINC03866962,DUD_fxa_D_1566,C=C(NNC(=O)c1cc(-c2ccccn2)nc2ccccc12)c1cccc(NC(C)=O)c1,0
ZINC03867144,DUD_fxa_D_1567,Nc1ccc(C(=O)OCC(=O)N2NC3=C(CCC/C3=C\c3ccco3)[C@@H]2c2ccco2)cc1,0
ZINC03867225,DUD_fxa_D_1568,O=C(COC(=O)CCc1nc(=O)c2ccccc2[nH]1)Nc1cccc(Oc2ccccc2)c1,0
ZINC03867242,DUD_fxa_D_1569,C[C@H](Sc1nc2ccccc2n1CCc1ccccc1)C(=O)Nc1ccc(C(N)=O)cc1,0
ZINC03867242,DUD_fxa_D_1570,C[C@H](Sc1[nH+]c2ccccc2n1CCc1ccccc1)C(=O)Nc1ccc(C(N)=O)cc1,0
ZINC03867243,DUD_fxa_D_1571,C[C@@H](Sc1nc2ccccc2n1CCc1ccccc1)C(=O)Nc1ccc(C(N)=O)cc1,0
ZINC03867243,DUD_fxa_D_1572,C[C@@H](Sc1[nH+]c2ccccc2n1CCc1ccccc1)C(=O)Nc1ccc(C(N)=O)cc1,0
ZINC03867347,DUD_fxa_D_1573,Cc1ccccc1Nc1nc(N)nc(COC(=O)CSc2cc(C)c3ccccc3n2)n1,0
ZINC03867397,DUD_fxa_D_1574,COc1ccc([C@H]2C(=O)[C@H](c3c[nH]c4ccccc34)NN2C(=O)Cn2ccsc2=N)cc1,0
ZINC03867488,DUD_fxa_D_1575,COc1ccccc1NC(=O)c1ccc(NC(=O)CSc2nc3cc(C)ccc3[nH]2)cc1,0
ZINC03867488,DUD_fxa_D_1576,COc1ccccc1NC(=O)c1ccc(NC(=O)CSc2[nH]c3ccc(C)cc3[nH+]2)cc1,0
ZINC03867492,DUD_fxa_D_1577,Cn1nc(SCC(=O)Nc2ccc(S(N)(=O)=O)cc2)s/c1=N\Cc1ccccc1,0
ZINC03867537,DUD_fxa_D_1578,C=C(NN1C(=O)[C@H](CC(=O)Nc2ccccc2)S/C1=N\C)c1ccc(O)cc1,0
ZINC03867563,DUD_fxa_D_1579,NS(=O)(=O)c1ccc(-c2ccc(/C=N/NC(=O)Cn3cnc4ccccc43)o2)cc1,0
ZINC03867563,DUD_fxa_D_1580,NS(=O)(=O)c1ccc(-c2ccc(/C=N\NC(=O)Cn3c[nH+]c4ccccc43)o2)cc1,0
ZINC03867606,DUD_fxa_D_1581,CCn1cnc2c1c(=O)n(CC(=O)Nc1ccc(C(N)=O)cc1)c(=O)n2Cc1ccccc1,0
ZINC03867606,DUD_fxa_D_1582,CCn1c[nH+]c2c1c(=O)n(CC(=O)Nc1ccc(C(N)=O)cc1)c(=O)n2Cc1ccccc1,0
ZINC03867649,DUD_fxa_D_1583,Cc1c(Nc2ccc(/C=N/NC(N)=[NH2+])cc2)c(=O)n(-c2ccccc2)n1C,0
ZINC03867670,DUD_fxa_D_1584,Cc1nn(-c2ccccc2)c(C)c1/C=C/C(=O)OCC(=O)Nc1ccc(C(N)=O)cc1,0
ZINC03867690,DUD_fxa_D_1585,CSCC[C@H](NC(=O)C1=CCC(=O)N(c2ccccc2)N1)c1nc2ccccc2[nH]1,0
ZINC03867690,DUD_fxa_D_1586,CSCC[C@H](NC(=O)C1=CCC(=O)N(c2ccccc2)N1)c1[nH]c2ccccc2[nH+]1,0
ZINC03867692,DUD_fxa_D_1587,CSCC[C@H](NC(=O)C1=CCC(=O)N(c2ccccc2)N1)c1nc2ccccc2[nH]1,0
ZINC03867692,DUD_fxa_D_1588,CSCC[C@@H](NC(=O)C1=CCC(=O)N(c2ccccc2)N1)c1[nH]c2ccccc2[nH+]1,0
ZINC03867776,DUD_fxa_D_1589,CCCCn1c(SCC(=O)Nc2cccc(F)c2)nc2cc(S(N)(=O)=O)ccc21,0
ZINC03867776,DUD_fxa_D_1590,CCCCn1c(SCC(=O)Nc2cccc(F)c2)[nH+]c2cc(S(N)(=O)=O)ccc21,0
ZINC03867785,DUD_fxa_D_1591,CCCCn1c(SCC(=O)Nc2ccc(F)cc2)nc2cc(S(N)(=O)=O)ccc21,0
ZINC03867785,DUD_fxa_D_1592,CCCCn1c(SCC(=O)Nc2ccc(F)cc2)[nH+]c2cc(S(N)(=O)=O)ccc21,0
ZINC03867870,DUD_fxa_D_1593,CCOc1ccc2nc(S[C@H](C)C(=O)Nc3ccc(S(N)(=O)=O)cc3)[nH]c2c1,0
ZINC03867870,DUD_fxa_D_1594,CCOc1ccc2[nH+]c(S[C@H](C)C(=O)Nc3ccc(S(N)(=O)=O)cc3)[nH]c2c1,0
ZINC03867871,DUD_fxa_D_1595,CCOc1ccc2nc(S[C@H](C)C(=O)Nc3ccc(S(N)(=O)=O)cc3)[nH]c2c1,0
ZINC03867871,DUD_fxa_D_1596,CCOc1ccc2[nH+]c(S[C@H](C)C(=O)Nc3ccc(S(N)(=O)=O)cc3)[nH]c2c1,0
ZINC03867989,DUD_fxa_D_1597,Cc1ncc(CO)c(/C=N/NC(=O)c2nn(Cc3ccccc3)c(=O)c3ccccc23)c1O,0
ZINC03868159,DUD_fxa_D_1598,O=C(N/N=C/c1cccc(O)c1O)c1cccc(S(=O)(=O)Nc2ccc(Cl)cc2)c1,0
ZINC03868465,DUD_fxa_D_1599,COc1ccc(/C=N/OCc2nc3ccccc3c(=O)n2/N=C/c2ccc(O)cc2O)cc1,0
ZINC03868466,DUD_fxa_D_1600,COc1ccc(/C=N/OCc2nc3ccccc3c(=O)n2/N=C/c2ccc(O)cc2O)cc1,0
ZINC03868581,DUD_fxa_D_1601,Nc1nonc1-c1nc2ccccc2n1CC(=O)N/N=C/c1ccc(-c2ccccc2F)o1,0
ZINC03868667,DUD_fxa_D_1602,O=C(N/N=C/c1cc([O-])c(O)cc1[N+](=O)[O-])/C(=C\c1ccccc1)NC(=O)c1ccccc1,0
ZINC03868668,DUD_fxa_D_1603,O=C(N/N=C\c1cc([O-])c(O)cc1[N+](=O)[O-])/C(=C\c1ccccc1)NC(=O)c1ccccc1,0
ZINC03868856,DUD_fxa_D_1604,N=C(N/N=C\c1c[nH]c2ccccc12)S[C@@H]1CC(=O)N(c2cccc([N+](=O)[O-])c2)C1=O,0
ZINC03868979,DUD_fxa_D_1605,CCOc1cc(/C=N/NC(N)=[NH2+])cc(Br)c1OCc1cccc2ccccc12,0
ZINC03871672,DUD_fxa_D_1606,NC(N)=[NH+]CC1CCC(C(=O)Oc2ccccc2C(=O)OCc2ccccc2)CC1,0
ZINC03872130,DUD_fxa_D_1607,O=C1N2CC(c3ccc(O)cc3)=N/C(=C/c3ccccc3)C2=N[C@]1(O)Cc1ccc(O)cc1,0
ZINC03872130,DUD_fxa_D_1608,O=C1N2C=C(c3ccc(O)cc3)N=C(Cc3ccccc3)C2=N[C@@]1(O)Cc1ccc(O)cc1,0
ZINC03872762,DUD_fxa_D_1609,O=S(=O)(Nc1ccccn1)c1ccc(/N=C\c2c(O)[nH]c3ccc4ncsc4c23)cc1,0
ZINC03875107,DUD_fxa_D_1610,C[NH2+]C[C@H](O)c1ccc(O)c([C@@]2(O)c3ccccc3-[n+]3ccc4c([nH]c5ccccc54)c32)c1,0
ZINC03876064,DUD_fxa_D_1611,NC(N)=[NH+]CCC[C@@H](NC(=O)c1ccccc1)C(=O)Nc1ccc2ccccc2c1,0
ZINC03880446,DUD_fxa_D_1612,CC(=O)Nc1ccc(/N=c2/[nH]c3ccccc3[nH]/c2=N/c2ccc(NC(C)=O)cc2)cc1,0
ZINC03880694,DUD_fxa_D_1613,O=C(NNC(=S)Nc1ccccc1)C1CC[NH+](C[C@@H](O)COCc2ccccc2)CC1,0
ZINC03889246,DUD_fxa_D_1614,O=C(COc1ccc(C(=O)N/N=C\c2ccccc2O)cc1)N/N=C\c1ccccc1O,0
ZINC03889247,DUD_fxa_D_1615,O=C(COc1ccc(C(=O)N/N=C/c2ccccc2O)cc1)N/N=C\c1ccccc1O,0
ZINC03889248,DUD_fxa_D_1616,O=C(COc1ccc(C(=O)N/N=C\c2ccccc2O)cc1)N/N=C/c1ccccc1O,0
ZINC03889290,DUD_fxa_D_1617,CCOc1ccc(-c2c(C(=O)N/N=C/C=C\c3ccccc3)nnn2-c2nonc2N)cc1,0
ZINC03889298,DUD_fxa_D_1618,C/C(=N/NC(=O)c1cc(-c2c(C)nn(-c3ccccc3)c2C)n[nH]1)c1ccc(N)cc1,0
ZINC03889417,DUD_fxa_D_1619,O=C(CSc1nnc(-c2ccccc2)n1-c1ccccc1)N/N=C\c1ccc(O)cc1O,0
ZINC03889522,DUD_fxa_D_1620,CC(=O)Nc1ccc(C(=O)NN2C(=O)/C(=C\c3ccc(O)cc3)N=C2c2ccccc2)cc1,0
ZINC03889647,DUD_fxa_D_1621,Cc1cccc(NC(=O)/C(C#N)=C/c2cc(C)n(-c3ccc(S(N)(=O)=O)cc3)c2C)c1,0
ZINC03889655,DUD_fxa_D_1622,COc1ccc(/C=N\NC(=O)CNc2ccc3ccccc3c2)cc1OCC(N)=O,0
ZINC03889701,DUD_fxa_D_1623,CC(C)c1c(C(=O)N/N=C/c2cccc(OCc3ccccc3)c2)nnn1-c1nonc1N,0
ZINC03889816,DUD_fxa_D_1624,COc1cccc(/C=N\NC(=O)c2ccc(C#N)cc2F)c1OCC(=O)Nc1ccccc1,0
ZINC03889928,DUD_fxa_D_1625,Cc1cccc(NC(=O)c2c(N)n(/N=C\c3cccc(O)c3)c3nc4ccccc4nc23)c1,0
ZINC03890146,DUD_fxa_D_1626,COc1ccccc1NC(=O)c1cc(C(N)=O)c(SCc2ccccc2)[nH+]c1N,0
ZINC03890317,DUD_fxa_D_1627,Cc1ccccc1/N=C1/NC(=O)/C(=C\c2cccn2-c2ccc(S(N)(=O)=O)cc2)S1,0
ZINC03890318,DUD_fxa_D_1628,Cc1ccccc1/N=C1\NC(=O)/C(=C/c2cccn2-c2ccc(S(N)(=O)=O)cc2)S1,0
ZINC03890319,DUD_fxa_D_1629,Cc1ccccc1/N=C1/NC(=O)/C(=C/c2cccn2-c2ccc(S(N)(=O)=O)cc2)S1,0
ZINC03890363,DUD_fxa_D_1630,CCOc1ccc(N/C(N)=N/c2nc(CSc3ccccn3)cc(=O)[nH]2)cc1,0
ZINC03890462,DUD_fxa_D_1631,CCCc1c(C(=O)N/N=C/c2ccc(-c3ccccc3)cc2)nnn1-c1nonc1N,0
ZINC03890499,DUD_fxa_D_1632,COc1cccc(-c2c(C(=O)N/N=C/C(C)=C/c3ccccc3)nnn2-c2nonc2N)c1,0
ZINC03890913,DUD_fxa_D_1633,CCOC(=O)c1cnc(SCc2nc(N)n/c(=N\c3ccccc3)[nH]2)nc1N,0
ZINC03890920,DUD_fxa_D_1634,COc1ccc(/N=C(N)\N=c2\[nH]c(CSc3nc4ccccc4s3)cc(=O)[nH]2)cc1,0
ZINC03891122,DUD_fxa_D_1635,O=C(N/N=C\c1ccc(/C=N/NC(=O)c2cccc(O)c2)cc1)c1cccc(O)c1,0
ZINC03891123,DUD_fxa_D_1636,O=C(N/N=C\c1ccc(/C=N\NC(=O)c2cccc(O)c2)cc1)c1cccc(O)c1,0
ZINC03891124,DUD_fxa_D_1637,O=C(N/N=C/c1ccc(/C=N/NC(=O)c2cccc(O)c2)cc1)c1cccc(O)c1,0
ZINC03892732,DUD_fxa_D_1638,O=C(CCCCCC(=O)N/N=C\c1ccccc1O)N/N=C\c1ccccc1O,0
ZINC03892733,DUD_fxa_D_1639,O=C(CCCCCC(=O)N/N=C/c1ccccc1O)N/N=C\c1ccccc1O,0
ZINC03892734,DUD_fxa_D_1640,O=C(CCCCCC(=O)N/N=C\c1ccccc1O)N/N=C\c1ccccc1O,0
ZINC03892735,DUD_fxa_D_1641,O=C(N/N=C\c1ccccc1O)c1cccc(C(=O)N/N=C/c2ccccc2O)c1,0
ZINC03892736,DUD_fxa_D_1642,O=C(N/N=C/c1ccccc1O)c1cccc(C(=O)N/N=C/c2ccccc2O)c1,0
ZINC03892815,DUD_fxa_D_1643,O=C(CCCCC(=O)N/N=C/c1cccc(O)c1)N/N=C/c1cccc(O)c1,0
ZINC03892816,DUD_fxa_D_1644,O=C(CCCCC(=O)N/N=C/c1cccc(O)c1)N/N=C\c1cccc(O)c1,0
ZINC03892861,DUD_fxa_D_1645,O=C(CSc1nc2ccccc2c(=O)n1-c1ccccc1)N/N=C\c1ccc(O)cc1O,0
ZINC03892869,DUD_fxa_D_1646,Cc1ccc(-n2c(SCC(=O)N/N=C/c3ccccc3O)nnc2-c2ccncc2)cc1,0
ZINC03914609,DUD_fxa_D_1647,O=C1CCC(c2ccc(/N=C(\Cc3ccc(O)cc3)c3ccc(O)cc3O)cc2)=NN1,0
ZINC03918325,DUD_fxa_D_1648,[O-][n+]1cc[nH]c1N/N=C\c1c2ccccc2c(/C=N/Nc2[nH]cc[n+]2[O-])c2ccccc12,0
ZINC03919816,DUD_fxa_D_1649,Cc1cc(OCC/C=N/NC(N)=[NH2+])cc(OS(=O)(=O)c2ccccc2Cl)c1,0
ZINC03922206,DUD_fxa_D_1650,NC(=S)N/N=C(/CCCOC(=O)NCc1ccccc1)c1ccccc1,0
ZINC03922212,DUD_fxa_D_1651,NC(=S)N/N=C(/CCCOC(=O)Nc1cccc2ccccc12)c1ccccc1,0
ZINC03922228,DUD_fxa_D_1652,CC(C)NC(=O)OC/C(=N/NC(N)=S)c1ccc(Oc2ccccc2)cc1,0
ZINC03922670,DUD_fxa_D_1653,COC(=O)c1ccc2nc(CCc3nc4cc(C(N)=[NH2+])ccc4[nH]3)n(C)c2c1,0
ZINC03922670,DUD_fxa_D_1654,COC(=O)c1ccc2[nH+]c(CCc3nc4cc(C(N)=[NH2+])ccc4[nH]3)n(C)c2c1,0
ZINC03922670,DUD_fxa_D_1655,COC(=O)c1ccc2nc(CCc3nc4ccc(C(N)=[NH2+])cc4[nH]3)n(C)c2c1,0
ZINC03922670,DUD_fxa_D_1656,COC(=O)c1ccc2nc(CCc3[nH]c4ccc(C(N)=[NH2+])cc4[nH+]3)n(C)c2c1,0
ZINC03922670,DUD_fxa_D_1657,COC(=O)c1ccc2[nH+]c(CCc3[nH]c4ccc(C(N)=[NH2+])cc4[nH+]3)n(C)c2c1,0
ZINC03922671,DUD_fxa_D_1658,NC(=[NH2+])c1ccc2[nH]c(CCc3nc4ccc(C(=O)NCc5ccccc5)cc4[nH]3)nc2c1,0
ZINC03922671,DUD_fxa_D_1659,NC(=[NH2+])c1ccc2[nH]c(CCc3nc4ccc(C(=O)NCc5ccccc5)cc4[nH]3)[nH+]c2c1,0
ZINC03922671,DUD_fxa_D_1660,NC(=[NH2+])c1ccc2[nH]c(CCc3[nH]c4cc(C(=O)NCc5ccccc5)ccc4[nH+]3)nc2c1,0
ZINC03922671,DUD_fxa_D_1661,NC(=[NH2+])c1ccc2[nH]c(CCc3nc4cc(C(=O)NCc5ccccc5)ccc4[nH]3)nc2c1,0
ZINC03922671,DUD_fxa_D_1662,NC(=[NH2+])c1ccc2[nH]c(CCc3[nH]c4cc(C(=O)NCc5ccccc5)ccc4[nH+]3)[nH+]c2c1,0
ZINC03922681,DUD_fxa_D_1663,NC(=[NH2+])c1ccc2[nH]c(CCc3nc4cc(-n5ccnc5)ccc4[nH]3)nc2c1,0
ZINC03922681,DUD_fxa_D_1664,NC(=[NH2+])c1ccc2[nH]c(CCc3[nH]c4ccc(-n5cc[nH+]c5)cc4[nH+]3)nc2c1,0
ZINC03922681,DUD_fxa_D_1665,NC(=[NH2+])c1ccc2[nH]c(CCc3[nH]c4ccc(-n5ccnc5)cc4[nH+]3)nc2c1,0
ZINC03922681,DUD_fxa_D_1666,NC(=[NH2+])c1ccc2nc(CCc3nc4cc(-n5ccnc5)ccc4[nH]3)[nH]c2c1,0
ZINC03923235,DUD_fxa_D_1667,Cn1c(Cc2ccc(C(N)=[NH2+])cc2)nc2cc(N(C3CCCC3)S(C)(=O)=O)ccc21,0
ZINC03923235,DUD_fxa_D_1668,Cn1c(Cc2ccc(C(N)=[NH2+])cc2)[nH+]c2cc(N(C3CCCC3)S(C)(=O)=O)ccc21,0
ZINC03926462,DUD_fxa_D_1669,CCC1=CS/C(=C(\C#N)c2ccnc(NCCc3ccc(S(N)(=O)=O)cc3)n2)N1,0
ZINC03926485,DUD_fxa_D_1670,N#C/C(=C1\NC(c2ccccc2)=CS1)c1ccnc(NCCNc2ccc(C#N)c[nH+]2)n1,0
ZINC03926836,DUD_fxa_D_1671,COc1ccc(C[NH2+][C@@H](C)c2ccc3ccccc3c2)cc1-c1cncc(C(N)=O)c1,0
ZINC03926871,DUD_fxa_D_1672,Cc1cc(C#CCN(Cc2ccccc2)c2cccc(C(N)=[NH2+])c2)ccc1C(=O)N1CC=CC1,0
ZINC03927481,DUD_fxa_D_1673,Nc1[nH+]ccc2ccc(N3CCC[C@@H]3C(=O)Nc3ccc(Cn4ccnc4N)cc3)cc12,0
ZINC03927481,DUD_fxa_D_1674,Nc1[nH+]ccc2ccc(N3CCC[C@H]3C(=O)Nc3ccc(Cn4cc[nH+]c4N)cc3)cc12,0
ZINC03928133,DUD_fxa_D_1675,C/C(=N\NC(N)=[NH2+])c1cn(C)c2ccc(NS(=O)(=O)c3ccc(N)cc3)cc12,0
ZINC03928139,DUD_fxa_D_1676,COc1ccc(S(=O)(=O)Nc2ccc3[nH]cc(/C(C)=N\NC(N)=[NH2+])c3c2)cc1,0
ZINC03928140,DUD_fxa_D_1677,COc1ccc(S(=O)(=O)Nc2ccc3c(c2)c(/C(C)=N/NC(N)=[NH2+])cn3C)cc1,0
ZINC03928151,DUD_fxa_D_1678,C/C(=N\NC(N)=[NH2+])c1cn(C)c2ccc(NS(=O)(=O)c3ccc(Cl)cc3)cc12,0
ZINC03930674,DUD_fxa_D_1679,CCOCc1nc2c(N)[nH+]c3ccccc3c2n1CCc1ccc(S(N)(=O)=O)cc1,0
ZINC03931879,DUD_fxa_D_1680,Nc1nc(CC(=O)Nc2ccc(CC[NH2+]C[C@H](O)c3ccccc3)cc2)cs1,0
ZINC03937181,DUD_fxa_D_1681,CC(=O)Nc1ccc([S@@+](c2ccc(O)cc2)c2c(O)c3ccccc3[nH]c2=O)cc1,0
ZINC03937577,DUD_fxa_D_1682,OCc1ccccc1-n1ccnc1[S@@+](O)CCCOc1ccc2nc(O)ccc2c1,0
ZINC03937577,DUD_fxa_D_1683,OCc1ccccc1-n1cc[nH+]c1[S@+](O)CCCOc1ccc2nc(O)ccc2c1,0
ZINC03937577,DUD_fxa_D_1684,OCc1ccccc1-n1ccnc1[S@+](O)CCCOc1ccc2nc(O)ccc2c1,0
ZINC03937577,DUD_fxa_D_1685,O=c1ccc2cc(OCCC[S@+](O)c3[nH+]ccn3-c3ccccc3CO)ccc2[nH]1,0
ZINC03937577,DUD_fxa_D_1686,O=c1ccc2cc(OCCC[S@@+](O)c3[nH+]ccn3-c3ccccc3CO)ccc2[nH]1,0
ZINC03938248,DUD_fxa_D_1687,N/C(=N\c1cccc(-c2c[nH]c(C/[NH+]=C(/N)c3cccs3)n2)c1)c1cccs1,0
ZINC03938248,DUD_fxa_D_1688,N/C(=N\c1cccc(-c2c[nH]c(C/[NH+]=C(/N)c3cccs3)[nH+]2)c1)c1cccs1,0
ZINC03938248,DUD_fxa_D_1689,N/C(=N\c1cccc(-c2cnc(C/[NH+]=C(/N)c3cccs3)[nH]2)c1)c1cccs1,0
ZINC03938248,DUD_fxa_D_1690,N/C(=[NH+]\Cc1[nH]cc(-c2cccc(/N=C(/N)c3cccs3)c2)[nH+]1)c1cccs1,0
ZINC03938550,DUD_fxa_D_1691,Cc1cc(C(=O)N[C@H](Cc2nnn[n-]2)c2cccc(C(N)=[NH2+])c2)ccc1C(=O)N1CC=CC1,0
ZINC03938557,DUD_fxa_D_1692,[NH3+]CCCNc1snc(C(=O)Nc2ccc(-c3cc4ccccc4o3)cc2)c1Cl,0
ZINC03938566,DUD_fxa_D_1693,Cc1cc(NC(=O)c2nsc(NCCC[NH3+])c2Cl)ccc1-c1cc2ccccc2o1,0
ZINC03939455,DUD_fxa_D_1694,NC(=O)c1[nH]c2ccc(Cl)cc2c1S(=O)(=O)NCCc1nc(-c2ccccc2)n[nH]1,0
ZINC03939601,DUD_fxa_D_1695,CC[C@@H](CO)Nc1nccc(-c2ccc(C(=O)N[C@@H](CO)c3cccc(Cl)c3)cc2)n1,0
ZINC03939674,DUD_fxa_D_1696,O=c1[nH]c2c(O)ccc([C@@H](O)C[NH2+][C@@H]3CCCC[C@@H]3OCc3ccccc3)c2s1,0
ZINC03939678,DUD_fxa_D_1697,O=c1[nH]c2c(O)ccc([C@@H](O)C[NH2+][C@@H]3CCC[C@@H]3OCc3ccccc3)c2s1,0
ZINC03940993,DUD_fxa_D_1698,N=C(N)SCCCn1cc(-c2c[nH]c(=O)n2-c2c[nH]c3ccccc23)c2ccccc21,0
ZINC03941148,DUD_fxa_D_1699,C[NH+](C)CCc1c(C(=O)NCc2ccccc2)[nH]c2ccc(CCN3C(=O)CNC3=O)cc12,0
ZINC03943251,DUD_fxa_D_1700,NC(=[NH2+])c1ccc2[nH]c(-c3cc(-c4cn[nH]n4)cc(-c4ccccc4)c3O)cc2c1,0
ZINC03943251,DUD_fxa_D_1701,NC(=[NH2+])c1ccc2[nH]c(-c3cc(-c4cnn[nH]4)cc(-c4ccccc4)c3O)cc2c1,0
ZINC03943251,DUD_fxa_D_1702,NC(=[NH2+])c1ccc2[nH]c(-c3cc(-c4c[nH]nn4)cc(-c4ccccc4)c3O)cc2c1,0
ZINC03943253,DUD_fxa_D_1703,NC(=[NH2+])c1cc2cc(-c3cc(-c4cn[nH]n4)cc(-c4ccccc4)c3O)[nH]c2cc1Cl,0
ZINC03943253,DUD_fxa_D_1704,NC(=[NH2+])c1cc2cc(-c3cc(-c4c[nH]nn4)cc(-c4ccccc4)c3O)[nH]c2cc1Cl,0
ZINC03943253,DUD_fxa_D_1705,NC(=[NH2+])c1cc2cc(-c3cc(-c4cnn[nH]4)cc(-c4ccccc4)c3O)[nH]c2cc1Cl,0
ZINC03943254,DUD_fxa_D_1706,NC(=[NH2+])c1cc2cc(-c3cc(-c4cn[nH]n4)cc(-c4ccccc4)c3O)[nH]c2cc1F,0
ZINC03943254,DUD_fxa_D_1707,NC(=[NH2+])c1cc2cc(-c3cc(-c4cnn[nH]4)cc(-c4ccccc4)c3O)[nH]c2cc1F,0
ZINC03943254,DUD_fxa_D_1708,NC(=[NH2+])c1cc2cc(-c3cc(-c4c[nH]nn4)cc(-c4ccccc4)c3O)[nH]c2cc1F,0
ZINC03943357,DUD_fxa_D_1709,O=[N+]([O-])c1ccc(NCCNc2ncc(-c3ncc[nH]3)c(-c3ccccc3Cl)n2)[nH+]c1,0
ZINC03943357,DUD_fxa_D_1710,O=[N+]([O-])c1ccc(NCCNc2ncc(-c3[nH]cc[nH+]3)c(-c3ccccc3Cl)n2)[nH+]c1,0
ZINC03944062,DUD_fxa_D_1711,CS(=O)(=O)Nc1cccc([C@H](O)C[NH2+]CCNc2ccc3c(c2)[nH]c2ccccc23)c1,0
ZINC03945466,DUD_fxa_D_1712,Cc1n[nH]c2cc(N(C)c3ccnc(Nc4ccc(Cl)c(S(N)(=O)=O)c4)n3)ccc12,0
ZINC03945466,DUD_fxa_D_1713,Cc1[nH]nc2cc(N(C)c3ccnc(Nc4ccc(Cl)c(S(N)(=O)=O)c4)n3)ccc12,0
ZINC03945915,DUD_fxa_D_1714,Cc1cc(NC(=O)Cc2cc(C(N)=[NH2+])ccc2O)ccc1-n1cnc2c1CCCC2,0
ZINC03945915,DUD_fxa_D_1715,Cc1cc(NC(=O)Cc2cc(C(N)=[NH2+])ccc2O)ccc1-n1c[nH+]c2c1CCCC2,0
ZINC03948910,DUD_fxa_D_1716,Cc1cc(COc2ccc(C(=O)NCCCc3n[nH]c(=S)[nH]3)cc2)c2ccccc2n1,0
ZINC03951088,DUD_fxa_D_1717,O=C1CCc2cc(OCCC[S@@+](O)c3nccn3-c3ccccc3CO)ccc2N1,0
ZINC03952937,DUD_fxa_D_1718,CCOC(=O)[C@H](Cc1cccc(C(N)=[NH2+])c1)OCc1ccc(C(N)=[NH2+])cc1,0
ZINC03954871,DUD_fxa_D_1719,Nc1nc2ccc(NC(=O)[C@H](NC(=O)c3cccc(C[NH3+])c3)c3ccccc3)cc2s1,0
ZINC03954961,DUD_fxa_D_1720,N#Cc1cccc([C@@H](O)C[NH2+]CCc2ccc(NC(=O)Cc3csc(N)n3)cc2)n1,0
ZINC03954962,DUD_fxa_D_1721,N#Cc1cccc([C@H](O)C[NH2+]CCc2ccc(NC(=O)Cc3ccccn3)cc2)n1,0
ZINC03954965,DUD_fxa_D_1722,N#Cc1cccc([C@H](O)C[NH2+]CCc2ccc(NC(=O)Cc3ccccn3)cc2)c1,0
ZINC03954966,DUD_fxa_D_1723,N#Cc1cccc([C@@H](O)C[NH2+]CCc2ccc(NC(=O)Cc3csc(N)n3)cc2)c1,0
ZINC03954968,DUD_fxa_D_1724,Cc1ncccc1[C@@H](O)C[NH2+]CCc1ccc(NC(=O)Cc2csc(N)n2)cc1,0
ZINC03954969,DUD_fxa_D_1725,Nc1ccc(CC(=O)Nc2ccc(CC[NH2+]C[C@H](O)c3cccnc3)cc2)cc1,0
ZINC03954971,DUD_fxa_D_1726,Nc1ccc([C@@H](O)C[NH2+]CCc2ccc(NC(=O)Cc3ccccn3)cc2)c[nH+]1,0
ZINC03954972,DUD_fxa_D_1727,Nc1ccc([C@H](O)C[NH2+]CCc2ccc(NC(=O)OCc3ccccn3)cc2)c[nH+]1,0
ZINC03959458,DUD_fxa_D_1728,CCO[C@@H](C(=O)NCc1ccc(C(N)=[NH2+])cc1)c1c(F)cc(-c2cccnc2)cc1F,0
ZINC03959464,DUD_fxa_D_1729,CCO[C@@H](C(=O)NCc1ccc(C(N)=[NH2+])cc1)c1c(F)cc(-c2ccc(N)[nH+]c2)cc1F,0
ZINC03960430,DUD_fxa_D_1730,Cc1cc(OCC/C=N/NC(N)=[NH2+])cc(OS(=O)(=O)c2ccccc2C(F)(F)F)c1,0
ZINC03960431,DUD_fxa_D_1731,COc1ccccc1S(=O)(=O)Oc1cc(C)cc(OCC/C=N/NC(N)=[NH2+])c1,0
ZINC03961311,DUD_fxa_D_1732,CC(C)CCNS(=O)(=O)c1ccc(-c2cnc(N)c(C(=O)Nc3cccnc3)n2)cc1,0
ZINC03961907,DUD_fxa_D_1733,CCNC(=O)c1ccc(S(=O)(=O)N2Cc3cc(C(N)=O)sc3-c3ccccc32)cc1,0
ZINC03962528,DUD_fxa_D_1734,[NH3+][C@@H](Cc1ccccc1)C(=O)Nc1cc2c3c(c(-c4ccccc4)[nH]c3c1)C=NNC2=O,0
ZINC03962721,DUD_fxa_D_1735,NC(=O)c1cnc(NCc2ccccc2Cl)nc1NCC1CCC(C[NH3+])CC1,0
ZINC03962723,DUD_fxa_D_1736,NC(=[NH2+])N1CCC(CNc2nc(NCc3ccccc3Cl)ncc2[N+](=O)[O-])CC1,0
ZINC03966468,DUD_fxa_D_1737,C[NH+](C)C[C@@H](O)COc1ccc(Nc2ncc([N+](=O)[O-])c(Nc3ccccc3F)n2)cc1,0
ZINC03968540,DUD_fxa_D_1738,C/C(=C/NNC(=O)c1ccc(C(=O)NN/C=C(\C)c2ccccc2)o1)c1ccccc1,0
ZINC03968570,DUD_fxa_D_1739,COc1cc([N+](=O)[O-])cc(/C=N\NC(=O)c2ccc(NC(=O)c3ccc(C)cc3)cc2)c1[O-],0
ZINC03968579,DUD_fxa_D_1740,O=C(N/N=C\c1cc(Cl)ccc1O)c1cccc(NC(=O)c2cccc([N+](=O)[O-])c2)c1,0
ZINC03968580,DUD_fxa_D_1741,COc1cccc(/C=N\NC(=O)c2cccc(NC(=O)c3ccc([N+](=O)[O-])cc3)c2)c1O,0
ZINC03968581,DUD_fxa_D_1742,C/C=C(\NNC(=O)CCCC(=O)NN/C(=C\C)c1ccc(O)cc1)c1ccc(O)cc1,0
ZINC03968582,DUD_fxa_D_1743,C/C=C(/NNC(=O)CCCC(=O)NN/C(=C/C)c1ccc(O)cc1)c1ccc(O)cc1,0
ZINC03968739,DUD_fxa_D_1744,O=C(N/N=C\c1ccccc1O)c1ccc(C(=O)N/N=C\c2ccccc2O)o1,0
ZINC03968740,DUD_fxa_D_1745,O=C(N/N=C/c1ccccc1O)c1ccc(C(=O)N/N=C/c2ccccc2O)o1,0
ZINC03969217,DUD_fxa_D_1746,CCOc1ccc(NC(=O)C[C@H]2S/C(=N/N=C\c3cccc(O)c3)N=C2O)cc1,0
ZINC03969348,DUD_fxa_D_1747,O=C(N/N=C\c1ccccc1O)c1cccc(C(=O)N/N=C/c2ccccc2O)n1,0
ZINC03969349,DUD_fxa_D_1748,O=C(N/N=C\c1ccccc1O)c1cccc(C(=O)N/N=C/c2ccccc2O)n1,0
ZINC03969446,DUD_fxa_D_1749,O=C(N/N=C\c1ccccc1O)c1ccc(C(=O)N/N=C\c2ccccc2O)cc1,0
ZINC03969447,DUD_fxa_D_1750,O=C(N/N=C\c1ccccc1O)c1ccc(C(=O)N/N=C\c2ccccc2O)cc1,0
ZINC03969448,DUD_fxa_D_1751,O=C(N/N=C/c1ccccc1O)c1ccc(C(=O)N/N=C/c2ccccc2O)cc1,0
ZINC03969680,DUD_fxa_D_1752,CC(=O)Nc1ccc(C(=O)N/N=C/c2ccccc2OC(=O)c2ccc([N+](=O)[O-])cc2)cc1,0
ZINC03969709,DUD_fxa_D_1753,Cc1ccc(Cn2c(SCC(=O)N/N=C\c3ccc(O)cc3O)[nH+]c3ccccc32)cc1,0
ZINC03969772,DUD_fxa_D_1754,N#C/C(=C/c1ccc(OCc2ccccc2)cc1)C(=O)Nc1ccc(S(N)(=O)=O)cc1,0
ZINC03969773,DUD_fxa_D_1755,N#C/C(=C/c1ccc(OCc2ccccc2)cc1)C(=O)Nc1ccc(S(N)(=O)=O)cc1,0
ZINC03969774,DUD_fxa_D_1756,N#C/C(=C\c1cccc(OCc2ccccc2)c1)C(=O)Nc1ccc(S(N)(=O)=O)cc1,0
ZINC03969775,DUD_fxa_D_1757,N#C/C(=C/c1cccc(OCc2ccccc2)c1)C(=O)Nc1ccc(S(N)(=O)=O)cc1,0
ZINC03969776,DUD_fxa_D_1758,N#C/C(=C\c1ccccc1OCc1ccccc1)C(=O)Nc1ccc(S(N)(=O)=O)cc1,0
ZINC03969876,DUD_fxa_D_1759,Cc1[nH]c2ccccc2c1/C=N/NC(=O)Cc1nnc(NC(=O)c2ccccc2)s1,0
ZINC03969877,DUD_fxa_D_1760,O=C(Cc1nnc(NC(=O)c2ccccc2)s1)N/N=C/c1c[nH]c2ccccc12,0
ZINC03969899,DUD_fxa_D_1761,CC(=O)Nc1ccc(NC(=O)/C(=C\c2ccc([N+](=O)[O-])cc2)NC(=O)c2ccccc2)cc1,0
ZINC03969927,DUD_fxa_D_1762,Cc1nc(C)c(C(=O)N/N=C\c2cccc(O)c2)cc1C(=O)N/N=C\c1cccc(O)c1,0
ZINC03969985,DUD_fxa_D_1763,COc1ccc(C(=O)Nc2nnc(CC(=O)N/N=C\c3c(C)[nH]c4ccccc34)s2)cc1,0
ZINC03970113,DUD_fxa_D_1764,NS(=O)(=O)c1ccc(NC(=O)/C(=C\c2ccccc2F)NC(=O)c2ccccc2)cc1,0
ZINC03970162,DUD_fxa_D_1765,O[C@@H](CNc1cc[nH+]cc1)COc1ccc(OC[C@H](O)CNc2cc[nH+]cc2)cc1,0
ZINC03970163,DUD_fxa_D_1766,O[C@@H](CNc1cc[nH+]cc1)COc1ccc(OC[C@H](O)CNc2cc[nH+]cc2)cc1,0
ZINC03970164,DUD_fxa_D_1767,O[C@H](CNc1cc[nH+]cc1)COc1ccc(OC[C@H](O)CNc2cc[nH+]cc2)cc1,0
ZINC03970165,DUD_fxa_D_1768,O[C@@H](CNc1cccc[nH+]1)COc1ccc(OC[C@H](O)CNc2cccc[nH+]2)cc1,0
ZINC03970166,DUD_fxa_D_1769,O[C@H](CNc1cccc[nH+]1)COc1ccc(OC[C@H](O)CNc2cccc[nH+]2)cc1,0
ZINC03970269,DUD_fxa_D_1770,O=C(CCc1n[nH]c(=O)[nH]c1=O)N/N=C/c1c(OCc2ccccc2)ccc2ccccc12,0
ZINC03970285,DUD_fxa_D_1771,COc1ccc([C@H]2C(=O)c3ccccc3/C2=N/CCc2ccc(S(N)(=O)=O)cc2)cc1,0
ZINC03970285,DUD_fxa_D_1772,COc1ccc([C@H]2C(=O)c3ccccc3/C2=N/CCc2ccc(S(N)(=O)=O)cc2)cc1,0
ZINC03970536,DUD_fxa_D_1773,COC(=O)Cc1cc(=O)[nH]c(/N=C(\N)Nc2ccc(Oc3ccccc3)cc2)n1,0
ZINC03970536,DUD_fxa_D_1774,COC(=O)Cc1cc(O)nc(/N=C(\N)Nc2ccc(Oc3ccccc3)cc2)n1,0
ZINC03970536,DUD_fxa_D_1775,COC(=O)Cc1cc(=O)nc(/N=C(\N)Nc2ccc(Oc3ccccc3)cc2)[nH]1,0
ZINC03970604,DUD_fxa_D_1776,Cc1ccccc1NCC(=O)N/N=C/C=N/NC(=O)CNc1ccccc1C,0
ZINC03970605,DUD_fxa_D_1777,Cc1ccccc1NCC(=O)N/N=C\C=N\NC(=O)CNc1ccccc1C,0
ZINC03971701,DUD_fxa_D_1778,O=C(CCCCC(=O)N/N=C/c1nc2ccccc2[nH]1)N/N=C\c1nc2ccccc2[nH]1,0
ZINC03971701,DUD_fxa_D_1779,O=C(CCCCC(=O)N/N=C\c1[nH]c2ccccc2[nH+]1)N/N=C\c1[nH]c2ccccc2[nH+]1,0
ZINC03971701,DUD_fxa_D_1780,O=C(CCCCC(=O)N/N=C\c1[nH]c2ccccc2[nH+]1)N/N=C\c1nc2ccccc2[nH]1,0
ZINC03971909,DUD_fxa_D_1781,CCOc1cc(/C=N\NC(=O)c2ccccc2)c(O)c(/C=N\NC(=O)c2ccccc2)c1,0
ZINC03971910,DUD_fxa_D_1782,CCOc1cc(/C=N/NC(=O)c2ccccc2)c(O)c(/C=N/NC(=O)c2ccccc2)c1,0
ZINC03971911,DUD_fxa_D_1783,COC(=O)c1cc(/C=N\NC(=O)c2ccccc2)c(O)c(/C=N\NC(=O)c2ccccc2)c1,0
ZINC03971912,DUD_fxa_D_1784,COC(=O)c1cc(/C=N/NC(=O)c2ccccc2)c(O)c(/C=N/NC(=O)c2ccccc2)c1,0
ZINC03971915,DUD_fxa_D_1785,COc1cc(/C=N/NC(=O)c2ccccc2)c(O)c(/C=N/NC(=O)c2ccccc2)c1,0
ZINC03971917,DUD_fxa_D_1786,COc1cc(/C=N\NC(=O)c2ccccc2)c(O)c(/C=N/NC(=O)c2ccccc2)c1,0
ZINC03971981,DUD_fxa_D_1787,O=C(N/N=C\c1ccc(/C=N\NC(=O)c2ccc(O)cc2O)cc1)c1ccc(O)cc1O,0
ZINC03972173,DUD_fxa_D_1788,Cc1ccc(NC(=O)C[C@H]2S/C(=N\N=C/c3c[nH]c4ccccc34)NC2=O)cc1,0
ZINC03972929,DUD_fxa_D_1789,CCOC(=O)c1ccc(NC(=O)C[C@@H]2S/C(=N\c3cccc(O)c3)NC2=O)cc1,0
ZINC03972931,DUD_fxa_D_1790,CCOC(=O)c1ccc(NC(=O)C[C@@H]2S/C(=N\c3cccc(O)c3)NC2=O)cc1,0
ZINC03972936,DUD_fxa_D_1791,CCOC(=O)c1ccc(NC(=O)C[C@H]2S/C(=N/c3ccc(O)cc3)NC2=O)cc1,0
ZINC03972942,DUD_fxa_D_1792,CCOC(=O)c1ccc(NC(=O)C[C@@H]2S/C(=N\c3ccc(O)cc3)NC2=O)cc1,0
ZINC03973108,DUD_fxa_D_1793,C=CCn1c(CNc2ccccc2)nnc1SCC(=O)N/N=C\c1ccc(O)cc1O,0
ZINC03973160,DUD_fxa_D_1794,C=CCn1c(CNc2ccccc2)nnc1SCC(=O)N/N=C/c1ccccc1O,0
ZINC03973231,DUD_fxa_D_1795,O=C(N/N=C\c1c[nH]c2ccccc12)c1ccc(C(=O)N/N=C\c2c[nH]c3ccccc23)o1,0
ZINC03973270,DUD_fxa_D_1796,C/C=C(\NNC(=O)c1ccc(C(=O)NN/C(=C\C)c2ccccc2)cc1)c1ccccc1,0
ZINC03973373,DUD_fxa_D_1797,O=C(COC[C@@H](O)N/N=C1\C(O)=Nc2ccccc21)N/N=C1\C(O)=Nc2ccccc21,0
ZINC03974415,DUD_fxa_D_1798,Cc1ccc(C(=O)Nc2nnc(CC(=O)N/N=C/c3c(C)[nH]c4ccccc34)s2)cc1,0
ZINC03974432,DUD_fxa_D_1799,Cc1ccc(C(=O)Nc2nnc(CC(=O)N/N=C\c3c[nH]c4ccccc34)s2)cc1,0
ZINC03974642,DUD_fxa_D_1800,COc1ccccc1-c1cc(Nc2ccc3[nH+]c(-c4ccccc4)cc(N)c3c2)nc(N)n1,0
ZINC03974850,DUD_fxa_D_1801,O=C(CSCC(=O)N/N=C\c1ccccc1O)N/N=C\c1ccccc1O,0
ZINC03974853,DUD_fxa_D_1802,O=C(CSCC(=O)N/N=C/c1ccccc1O)N/N=C/c1ccccc1O,0
ZINC03974857,DUD_fxa_D_1803,O=C(CCCCC(=O)N/N=C\c1ccccc1O)N/N=C\c1ccccc1O,0
ZINC03974860,DUD_fxa_D_1804,O=C(CCCCC(=O)N/N=C/c1ccccc1O)N/N=C/c1ccccc1O,0
ZINC03974864,DUD_fxa_D_1805,O=C(CCCCC(=O)N/N=C\c1ccccc1O)N/N=C\c1ccccc1O,0
ZINC03974975,DUD_fxa_D_1806,O=C(N/N=C\c1ccccc1O)c1cc(C(=O)N/N=C/c2ccccc2O)cc([N+](=O)[O-])c1,0
ZINC03974977,DUD_fxa_D_1807,O=C(N/N=C\c1ccccc1O)c1cc(C(=O)N/N=C\c2ccccc2O)cc([N+](=O)[O-])c1,0
ZINC03974978,DUD_fxa_D_1808,O=C(N/N=C/c1ccccc1O)c1cc(C(=O)N/N=C/c2ccccc2O)cc([N+](=O)[O-])c1,0
ZINC03975087,DUD_fxa_D_1809,COc1cc(/C=N/NC(=O)CCc2n[nH]c(=O)[nH]c2=O)ccc1OCc1ccccc1,0
ZINC03975088,DUD_fxa_D_1810,COc1cc(/C=N\NC(=O)CNc2n[nH]c(=O)[nH]c2=O)ccc1OCc1ccccc1,0
ZINC03975091,DUD_fxa_D_1811,COc1cc(/C=N\NC(=O)CSc2n[nH]c(=O)[nH]c2=O)ccc1OCc1ccccc1,0
ZINC03975093,DUD_fxa_D_1812,COc1cc(/C=N/NC(=O)CCNc2n[nH]c(=O)[nH]c2=O)ccc1OCc1ccccc1,0
ZINC03975126,DUD_fxa_D_1813,CCOC(=O)c1cnc(SCc2nc(N)n/c(=N\c3ccccc3OC)[nH]2)nc1N,0
ZINC03975161,DUD_fxa_D_1814,C=C(N/N=c1\[nH]c2c(c(=O)[nH]c(=O)n2C)n1Cc1ccc(C)cc1)c1ccc([N+](=O)[O-])cc1,0
ZINC03975190,DUD_fxa_D_1815,COc1cccc(C(=O)NN/C=C(/NNC(=O)c2cccc(OC)c2)c2ccccc2)c1,0
ZINC03975981,DUD_fxa_D_1816,Cn1c(=O)c([C@@H](c2ccc(O)cc2)c2[nH]c3ccccc3c2CCO)c(O)c2ccccc21,0
ZINC03976298,DUD_fxa_D_1817,C=C(N/N=C1\N=C(O)[C@H](CC(=O)Nc2ccccc2)S1)c1ccc([N+](=O)[O-])cc1,0
ZINC03976315,DUD_fxa_D_1818,C=C(N/N=C1/N=C(O)[C@@H](CC(=O)Nc2ccc(Cl)cc2)S1)c1ccc([N+](=O)[O-])cc1,0
ZINC03976317,DUD_fxa_D_1819,[NH3+]C1CCC(Nc2nc(Nc3ccc(C(=O)Nc4ccccc4)cc3)c3nc[nH]c3n2)CC1,0
ZINC03976369,DUD_fxa_D_1820,C=C(N/N=C1/N=C(O)[C@@H](CC(=O)Nc2cccc([N+](=O)[O-])c2)S1)c1ccc(OC)cc1,0
ZINC03976479,DUD_fxa_D_1821,C=C(N/N=C1\N=C(O)[C@@H](CC(=O)Nc2cccc(C(C)=O)c2)S1)c1ccccc1,0
ZINC03976639,DUD_fxa_D_1822,C=C(N/N=C1/N=C(O)[C@H](CC(=O)Nc2ccccc2C)S1)c1ccc([N+](=O)[O-])cc1,0
ZINC03977095,DUD_fxa_D_1823,COc1cc(/C=N\NC(=[NH2+])c2nonc2N)ccc1OCc1cccc2ccccc12,0
ZINC03977098,DUD_fxa_D_1824,Cc1cccc(COc2ccc(/C=N/NC(=O)c3nnn(-c4nonc4N)c3C)cc2)c1,0
ZINC03977110,DUD_fxa_D_1825,Cc1ccc(COc2cccc(/C=N/NC(=O)c3nnn(-c4nonc4N)c3C)c2)cc1,0
ZINC03977111,DUD_fxa_D_1826,Cc1ccccc1COc1cccc(/C=N\NC(=O)c2nnn(-c3nonc3N)c2C)c1,0
ZINC03977142,DUD_fxa_D_1827,Cc1cccn2c(=O)c(/C=C(/C#N)C(N)=O)c(N(Cc3ccccc3)Cc3ccccc3)nc12,0
ZINC03977143,DUD_fxa_D_1828,Cc1cccn2c(=O)c(/C=C(/C#N)C(N)=O)c(N(Cc3ccccc3)Cc3ccccc3)nc12,0
ZINC03977156,DUD_fxa_D_1829,O=C(CCCC(=O)N/N=C/c1c[nH]c2ccccc12)N/N=C/c1c[nH]c2ccccc12,0
ZINC03977158,DUD_fxa_D_1830,O=C(CCCC(=O)N/N=C/c1c[nH]c2ccccc12)N/N=C\c1c[nH]c2ccccc12,0
ZINC03977160,DUD_fxa_D_1831,O=C(CCCC(=O)N/N=C/c1c[nH]c2ccccc12)N/N=C/c1c[nH]c2ccccc12,0
ZINC03977188,DUD_fxa_D_1832,COC(=O)C1=c2s/c(=C/c3ccc(O)cc3)c(=O)n2C(N)=C(C#N)[C@H]1c1ccc(O)cc1,0
ZINC03977307,DUD_fxa_D_1833,COc1ccc(CNC(=O)/C(C#N)=C2\N=C(NC(=O)c3cccs3)c3ccccc32)cc1,0
ZINC03977403,DUD_fxa_D_1834,CCc1ccc(/C=N/NC(=O)c2nnn(-c3nonc3N)c2CN(C)c2ccccc2)cc1,0
ZINC03977508,DUD_fxa_D_1835,O=C(N/N=C/c1ccc(O)c(O)c1O)/C(=C/c1ccccc1)NC(=O)c1ccccc1,0
ZINC03977509,DUD_fxa_D_1836,O=C(N/N=C/c1ccc(O)c(O)c1O)/C(=C/c1ccccc1)NC(=O)c1ccccc1,0
ZINC03977535,DUD_fxa_D_1837,O=C(N/N=C/c1ccc(O)c(O)c1O)c1nc(-c2ccccc2)n(-c2ccccc2)n1,0
ZINC03977575,DUD_fxa_D_1838,O=C(N/N=C/c1cc([N+](=O)[O-])ccc1[O-])/C(=C/c1ccccc1O)NC(=O)c1ccccc1,0
ZINC03977647,DUD_fxa_D_1839,C=C(NNC(=O)c1ccccc1)c1ccc(NC(=O)CO/N=C\c2ccccc2O)cc1,0
ZINC03977702,DUD_fxa_D_1840,O=C(Cc1ccccc1)NN/C=C/C/C=C/NNC(=O)Cc1ccccc1,0
ZINC03977703,DUD_fxa_D_1841,O=C(Cc1ccccc1)NN/C=C/C/C=C/NNC(=O)Cc1ccccc1,0
ZINC03978834,DUD_fxa_D_1842,NC(=[NH2+])NCCc1ccc(OCC[NH+](Cc2ccccc2)Cc2ccccc2)cc1,0
ZINC03980050,DUD_fxa_D_1843,O=C(N[C@H](C(=O)N/N=C/c1ccccc1O)c1n[nH]c(=O)c2ccccc12)c1ccccc1,0
ZINC03980050,DUD_fxa_D_1844,O=C(N[C@H](C(=O)N/N=C/c1ccccc1O)c1nnc(O)c2ccccc12)c1ccccc1,0
ZINC03980053,DUD_fxa_D_1845,O=C(N[C@@H](C(=O)N/N=C/c1ccccc1O)c1n[nH]c(=O)c2ccccc12)c1ccccc1,0
ZINC03980053,DUD_fxa_D_1846,O=C(N[C@@H](C(=O)N/N=C\c1ccccc1O)c1nnc(O)c2ccccc12)c1ccccc1,0
ZINC03980159,DUD_fxa_D_1847,O=C(N[C@@H](C(=O)N/N=C\c1ccc(O)cc1)c1n[nH]c(=O)c2ccccc12)c1ccccc1,0
ZINC03980159,DUD_fxa_D_1848,O=C(N[C@H](C(=O)N/N=C/c1ccc(O)cc1)c1nnc(O)c2ccccc12)c1ccccc1,0
ZINC03980160,DUD_fxa_D_1849,O=C(N[C@H](C(=O)N/N=C/c1ccc(O)cc1)c1n[nH]c(=O)c2ccccc12)c1ccccc1,0
ZINC03980160,DUD_fxa_D_1850,O=C(N[C@H](C(=O)N/N=C/c1ccc(O)cc1)c1nnc(O)c2ccccc12)c1ccccc1,0
ZINC03980168,DUD_fxa_D_1851,O=C(N[C@H](C(=O)N/N=C/c1cccc(O)c1)c1n[nH]c(=O)c2ccccc12)c1ccccc1,0
ZINC03980168,DUD_fxa_D_1852,O=C(N[C@H](C(=O)N/N=C\c1cccc(O)c1)c1nnc(O)c2ccccc12)c1ccccc1,0
ZINC03980170,DUD_fxa_D_1853,O=C(N[C@H](C(=O)N/N=C\c1cccc(O)c1)c1n[nH]c(=O)c2ccccc12)c1ccccc1,0
ZINC03980170,DUD_fxa_D_1854,O=C(N[C@H](C(=O)N/N=C/c1cccc(O)c1)c1nnc(O)c2ccccc12)c1ccccc1,0
ZINC03980172,DUD_fxa_D_1855,Cc1ccccc1/C=N\NC(=O)[C@H](NC(=O)c1ccccc1)c1n[nH]c(=O)c2ccccc12,0
ZINC03980172,DUD_fxa_D_1856,Cc1ccccc1/C=N\NC(=O)[C@@H](NC(=O)c1ccccc1)c1nnc(O)c2ccccc12,0
ZINC03980290,DUD_fxa_D_1857,Cc1nn(C)cc1/C=N\NC(=O)[C@H](NC(=O)c1ccccc1)c1n[nH]c(=O)c2ccccc12,0
ZINC03980290,DUD_fxa_D_1858,Cc1nn(C)cc1/C=N\NC(=O)[C@@H](NC(=O)c1ccccc1)c1nnc(O)c2ccccc12,0
ZINC03980294,DUD_fxa_D_1859,Cc1nn(C)cc1/C=N/NC(=O)[C@H](NC(=O)c1ccccc1)c1n[nH]c(=O)c2ccccc12,0
ZINC03980294,DUD_fxa_D_1860,Cc1nn(C)cc1/C=N\NC(=O)[C@@H](NC(=O)c1ccccc1)c1nnc(O)c2ccccc12,0
ZINC03980795,DUD_fxa_D_1861,C[C@@H](NC(=O)/C(C#N)=C/c1ccc(CNS(=O)(=O)c2ccccc2)o1)c1ccccc1,0
ZINC03980825,DUD_fxa_D_1862,O=C(N/N=C\c1c[nH]c2ccccc12)c1cccc(C(=O)N/N=C/c2c[nH]c3ccccc23)c1,0
ZINC03980826,DUD_fxa_D_1863,O=C(N/N=C\c1c[nH]c2ccccc12)c1cccc(C(=O)N/N=C/c2c[nH]c3ccccc23)c1,0
ZINC03980827,DUD_fxa_D_1864,O=C(N/N=C\c1c[nH]c2ccccc12)c1cccc(C(=O)N/N=C/c2c[nH]c3ccccc23)c1,0
ZINC03982615,DUD_fxa_D_1865,NC(=[NH2+])NCc1ccc(CN(Cc2cccc(F)c2)C(=O)c2ccccc2)cc1,0
ZINC03982815,DUD_fxa_D_1866,NNC(=O)C[NH2+][C@H](c1ccccc1)c1cc(Cl)ccc1NC(=O)c1ccccc1,0
ZINC03982816,DUD_fxa_D_1867,NNC(=O)C[NH2+][C@H](c1ccccc1)c1cc(Cl)ccc1NC(=O)c1ccccc1,0
ZINC03982821,DUD_fxa_D_1868,COc1ccc(C(=O)Nc2ccc(Cl)cc2[C@H]([NH2+]CC(=O)NN)c2ccccc2)cc1,0
ZINC03982822,DUD_fxa_D_1869,COc1ccc(C(=O)Nc2ccc(Cl)cc2[C@H]([NH2+]CC(=O)NN)c2ccccc2)cc1,0
ZINC03982947,DUD_fxa_D_1870,O=C(Cn1cnc2scc(-c3ccccc3)c2c1=O)N/N=C/c1ccc(O)cc1O,0
ZINC03983333,DUD_fxa_D_1871,Cc1ccc(-c2c(C#N)c(N)[nH+]c(SCC(=O)Nc3ccccc3)c2C#N)cc1,0
ZINC03983691,DUD_fxa_D_1872,Cc1ccccc1C(=O)Nc1ccc(C(=O)N/N=C/c2ccc(O)cc2O)cc1,0
ZINC03986312,DUD_fxa_D_1873,N#Cc1ccc2[nH]cc(CCCC[NH2+]CC(=O)Nc3ccc4oc(CO)cc4c3)c2c1,0
ZINC03986314,DUD_fxa_D_1874,C[N@@H+](CCCCc1c[nH]c2ccc(C#N)cc12)CC(=O)Nc1ccc2oc(CO)cc2c1,0
ZINC03986315,DUD_fxa_D_1875,C[N@@H+](CCCCc1c[nH]c2ccc(C#N)cc12)CC(=O)Nc1ccc2oc(C(N)=O)cc2c1,0
ZINC03986329,DUD_fxa_D_1876,O=C(N[C@H](CO)c1ccc(Cl)cc1)c1cc(-c2cc(Nc3ccccc3)ncn2)c[nH]1,0
ZINC03986333,DUD_fxa_D_1877,CC[C@@H](CO)Nc1cc(-c2c[nH]c(C(=O)N[C@@H](CO)c3cccc(Cl)c3)c2)ncn1,0
ZINC03986594,DUD_fxa_D_1878,N#Cc1ccc2[nH]cc(CCCC[NH2+]CCOc3cccc4oc(C(N)=O)cc34)c2c1,0
ZINC03986891,DUD_fxa_D_1879,CCCCCCNC(=O)c1c(N)n(/N=C\c2ccc(O)c(O)c2)c2nc3ccccc3nc12,0
ZINC03986898,DUD_fxa_D_1880,Nc1c(C(=O)NC[C@@H]2CCCO2)c2nc3ccccc3nc2n1/N=C\c1ccc(O)c(O)c1,0
ZINC03986902,DUD_fxa_D_1881,Nc1c(C(=O)NC[C@H]2CCCO2)c2nc3ccccc3nc2n1/N=C\c1ccc(O)c(O)c1,0
ZINC03986939,DUD_fxa_D_1882,Nc1c(C(=O)NCc2ccccc2)c2nc3ccccc3nc2n1/N=C/c1cccc(O)c1,0
ZINC03986960,DUD_fxa_D_1883,CCCCCNC(=O)c1c(N)n(/N=C\c2ccc(O)c(O)c2)c2nc3ccccc3nc12,0
ZINC03987397,DUD_fxa_D_1884,NC(=[NH2+])c1ccc(O)c(CNc2ncnc3cc(C(=O)N4CC=CC4)ccc23)c1,0
ZINC03987402,DUD_fxa_D_1885,COc1cc2c(NCc3cc(C(N)=[NH2+])ccc3O)nccc2cc1C(=O)N1CCCC1,0
ZINC03987406,DUD_fxa_D_1886,Cc1cc2c(NCc3cc(C(N)=[NH2+])ccc3O)ncnc2cc1C(=O)N1CCCC1,0
ZINC03987407,DUD_fxa_D_1887,CC(=O)N(c1cc2ccnc(NCc3cc(C(N)=[NH2+])ccc3O)c2cc1C)C1CCCC1,0
ZINC03987409,DUD_fxa_D_1888,NC(=[NH2+])c1ccc(O)c(CNc2ncnc3cc(C(=O)N4CCCC4)c(Cl)cc23)c1,0
ZINC03987499,DUD_fxa_D_1889,Cc1ccccc1OCCOc1ccccc1/C=N\NC(=O)Cc1nnc(N)s1,0
ZINC03987562,DUD_fxa_D_1890,Cc1ccccc1OCCOc1cccc(/C=N/NC(=O)Cc2nnc(N)s2)c1,0
ZINC03987569,DUD_fxa_D_1891,COc1ccc([C@@H]2O[C@@H](CO)[C@@H](O)[C@@H](O)[C@@H]2O)cc1Cc1cc2ccccc2s1,0
ZINC03987700,DUD_fxa_D_1892,C=C(N/N=C1/NC(=O)C[C@H](C(=O)Nc2ccc(F)cc2)S1)c1ccc(O)cc1,0
ZINC03987782,DUD_fxa_D_1893,O=C(CCCCCC(=O)N/N=C/c1c[nH]c2ccccc12)N/N=C\c1c[nH]c2ccccc12,0
ZINC03987783,DUD_fxa_D_1894,O=C(CCCCCC(=O)N/N=C/c1c[nH]c2ccccc12)N/N=C/c1c[nH]c2ccccc12,0
ZINC03987856,DUD_fxa_D_1895,O=C(CCC(=O)N/N=C/c1c[nH]c2ccccc12)N/N=C/c1c[nH]c2ccccc12,0
ZINC03987857,DUD_fxa_D_1896,O=C(CCC(=O)N/N=C\c1c[nH]c2ccccc12)N/N=C\c1c[nH]c2ccccc12,0
ZINC03987858,DUD_fxa_D_1897,O=C(CCC(=O)N/N=C/c1c[nH]c2ccccc12)N/N=C/c1c[nH]c2ccccc12,0
ZINC03987900,DUD_fxa_D_1898,Nc1c(C(=O)NC2CCCC2)c2nc3ccccc3nc2n1/N=C/c1ccc(O)c(O)c1,0
ZINC03987956,DUD_fxa_D_1899,CC(/C=N\NC(=O)c1nnn(-c2nonc2N)c1-c1ccc(C)cc1)=C\c1ccccc1,0
ZINC03988592,DUD_fxa_D_1900,Cc1cc(C(=O)C(C)C)c(C)cc1NC(=O)CNc1ccc(C(N)=[NH2+])cc1,0
ZINC03990075,DUD_fxa_D_1901,[NH3+][C@H](Cc1ccc(O)cc1)C(=O)OCc1cc(O)c2c(c1)C(=O)c1cccc(O)c1C2=O,0
ZINC03990802,DUD_fxa_D_1902,N#Cc1c(-c2cccc(NC(=O)CC[NH+]3CCCCC3)c2)cc(-c2ccccc2O)[nH+]c1N,0
ZINC03991000,DUD_fxa_D_1903,CCOC(=O)c1cnc(SCc2nc(N)[nH]/c(=N\c3ccc(F)cc3)n2)nc1N,0
ZINC03991273,DUD_fxa_D_1904,CCOC(=O)c1cnc(SCc2nc(N)[nH]/c(=N/c3ccc(C)cc3)n2)nc1N,0
ZINC03991370,DUD_fxa_D_1905,Cc1ccc(NC(=O)CN2C(=O)/C(=N\NC(=O)c3ccc(N)cc3)c3ccccc32)cc1,0
ZINC03991438,DUD_fxa_D_1906,COc1cc(/C=N/NC(=O)c2sc(N)nc2C)ccc1OC(=O)c1ccccc1,0
ZINC03992027,DUD_fxa_D_1907,C=C(N/N=c1\[nH]c2c(c(=O)[nH]c(=O)n2C)n1CCc1ccccc1)c1ccc([N+](=O)[O-])cc1,0
ZINC03992691,DUD_fxa_D_1908,C=CCNC(=O)c1c(N)n(/N=C/c2ccc(O)c(OCC)c2)c2nc3ccccc3nc12,0
ZINC03992713,DUD_fxa_D_1909,C=CCN1C(=O)[C@@H](CC(=O)Nc2ccccc2)S/C1=N/c1ccc(S(N)(=O)=O)cc1,0
ZINC03992714,DUD_fxa_D_1910,C=CCN1C(=O)[C@H](CC(=O)Nc2ccccc2)S/C1=N/c1ccc(S(N)(=O)=O)cc1,0
ZINC03992768,DUD_fxa_D_1911,Cc1ccc(OCCOc2ccccc2/C=N/NC(=O)Cc2nnc(N)s2)cc1,0
ZINC03992927,DUD_fxa_D_1912,Cc1ccc(NC(=O)c2c(N)n(/N=C/c3cccc(O)c3)c3nc4ccccc4nc23)cc1,0
ZINC03992938,DUD_fxa_D_1913,C=CCNC(=O)c1c(N)n(/N=C\c2ccc(O)c(O)c2)c2nc3ccccc3nc12,0
ZINC03992985,DUD_fxa_D_1914,Nc1c(C(=O)NCc2cccs2)c2nc3ccccc3nc2n1/N=C\c1cccc(O)c1,0
ZINC03993040,DUD_fxa_D_1915,O=C(CCCCC(=O)N/N=C1/C(O)=Nc2ccccc21)N/N=C1\C(O)=Nc2ccccc21,0
ZINC03993041,DUD_fxa_D_1916,O=C(CCCCC(=O)N/N=C1/C(O)=Nc2ccccc21)N/N=C1/C(O)=Nc2ccccc21,0
ZINC03993043,DUD_fxa_D_1917,O=C(CCCCC(=O)N/N=C1/C(O)=Nc2ccccc21)N/N=C1\C(O)=Nc2ccccc21,0
ZINC03993044,DUD_fxa_D_1918,CC(C)CCNC(=O)c1c(N)n(/N=C\c2ccc(O)c(O)c2)c2nc3ccccc3nc12,0
ZINC03993108,DUD_fxa_D_1919,Nc1c(C(=O)Nc2ccccc2)c2nc3ccccc3nc2n1/N=C/c1ccc(O)c(O)c1,0
ZINC03993125,DUD_fxa_D_1920,Nc1c(C(=O)NC2CCCCC2)c2nc3ccccc3nc2n1/N=C/c1ccc(O)c(O)c1,0
ZINC03993161,DUD_fxa_D_1921,C=C1NN(c2nc(-c3ccc(OC)cc3)cs2)C(=O)/C1=N\Nc1ccc(C(N)=O)cc1,0
ZINC03993209,DUD_fxa_D_1922,Cc1ccc(C(=O)Nc2nnc(CC(=O)N/N=C\c3ccc(O)cc3O)s2)cc1,0
ZINC03993210,DUD_fxa_D_1923,Cc1ccc(C(=O)Nc2nnc(CC(=O)N/N=C\c3ccc(O)c(O)c3)s2)cc1,0
ZINC03993211,DUD_fxa_D_1924,COc1ccc(C(=O)Nc2nnc(CC(=O)N/N=C\c3ccc(O)cc3O)s2)cc1,0
ZINC03993222,DUD_fxa_D_1925,O=C(CCCCC(=O)N/N=C\c1ccc(O)cc1)N/N=C\c1ccc(O)cc1,0
ZINC03993223,DUD_fxa_D_1926,O=C(CCCCC(=O)N/N=C\c1ccc(O)cc1)N/N=C\c1ccc(O)cc1,0
ZINC03993224,DUD_fxa_D_1927,O=C(CCCCC(=O)N/N=C\c1ccc(O)cc1)N/N=C\c1ccc(O)cc1,0
ZINC03993229,DUD_fxa_D_1928,C=C1NN(c2nc(-c3ccc(C)cc3)cs2)C(=O)/C1=N\Nc1ccc(C(N)=O)cc1,0
ZINC03995177,DUD_fxa_D_1929,O=C(COCC(=O)N/N=C1/C(O)=Nc2ccccc21)N/N=C1\C(O)=Nc2ccccc21,0
ZINC03995178,DUD_fxa_D_1930,O=C(COCC(=O)N/N=C1/C(O)=Nc2ccccc21)N/N=C1\C(O)=Nc2ccccc21,0
ZINC03995179,DUD_fxa_D_1931,O=C(COCC(=O)N/N=C1\C(O)=Nc2ccccc21)N/N=C1\C(O)=Nc2ccccc21,0
ZINC03995180,DUD_fxa_D_1932,O=C(COCC(=O)N/N=C1/C(O)=Nc2ccccc21)N/N=C1/C(O)=Nc2ccccc21,0
ZINC03995292,DUD_fxa_D_1933,O=C(N/N=C\c1ccc(O)c(O)c1)c1cccc(S(=O)(=O)Nc2ccc(Cl)cc2)c1,0
ZINC03997178,DUD_fxa_D_1934,COc1cc(/C=N/NC(=O)c2ccc(CSc3[nH]c4ccccc4[nH+]3)cc2)ccc1O,0
ZINC04000547,DUD_fxa_D_1935,O=C(N/N=C\c1ccc(O)c(O)c1O)c1ccc(CSc2nc3ccccc3o2)cc1,0
ZINC04000559,DUD_fxa_D_1936,O=C(N/N=C\c1ccc(O)cc1O)c1ccc(CN2C(=O)c3cccc4cccc2c34)cc1,0
ZINC04000673,DUD_fxa_D_1937,NC1=N/C(=N/NC(=O)c2ccc(CN3C(=O)c4cccc5cccc3c45)cc2)c2ccccc21,0
ZINC04000674,DUD_fxa_D_1938,NC1=N/C(=N/NC(=O)c2ccc(CN3C(=O)c4cccc5cccc3c45)cc2)c2ccccc21,0
ZINC04000844,DUD_fxa_D_1939,C/C(=N\NC(=O)c1ccc(C(=O)N/N=C(\C)c2ccc(O)cc2)nc1)c1ccc(O)cc1,0
ZINC04000906,DUD_fxa_D_1940,N#Cc1cc2c(N)c(C(=O)NCC(c3ccccc3)c3ccccc3)sc2[nH+]c1N,0
ZINC04000921,DUD_fxa_D_1941,NNC(=O)C[NH2+][C@H](c1ccccc1)c1cc(Cl)ccc1NC(=O)c1cccc(Cl)c1,0
ZINC04000922,DUD_fxa_D_1942,NNC(=O)C[NH2+][C@@H](c1ccccc1)c1cc(Cl)ccc1NC(=O)c1cccc(Cl)c1,0
ZINC04000966,DUD_fxa_D_1943,CC(C)CCNC(=O)c1c(N)n(/N=C/c2cccc(O)c2)c2nc3ccccc3nc12,0
ZINC04001003,DUD_fxa_D_1944,Nc1c(C(=O)NCc2cccs2)c2nc3ccccc3nc2n1/N=C\c1ccccc1O,0
ZINC04001063,DUD_fxa_D_1945,CC[C@H](C)NC(=O)c1c(N)n(/N=C\c2ccc(O)c(O)c2)c2nc3ccccc3nc12,0
ZINC04001064,DUD_fxa_D_1946,CC[C@@H](C)NC(=O)c1c(N)n(/N=C\c2ccc(O)c(O)c2)c2nc3ccccc3nc12,0
ZINC04001323,DUD_fxa_D_1947,CCc1ccc(/N=c2/nc(N)nc(CSc3nnnn3-c3ccccc3)[nH]2)cc1,0
ZINC04003875,DUD_fxa_D_1948,C/C(=N/NC(=O)COc1ccccc1[N+](=O)[O-])c1cccc(NC(=O)c2ccncc2)c1,0
ZINC04004864,DUD_fxa_D_1949,NS(=O)(=O)c1ccc(CCNc2cc(=O)n(Cc3ccc(F)cc3)c(=O)[nH]2)cc1,0
ZINC04008344,DUD_fxa_D_1950,CCOc1ccc(NC(=O)CSC2=C(C#N)[C@@H](c3ccco3)[C@@H](C(N)=O)C(C)=N2)cc1,0
ZINC04008344,DUD_fxa_D_1951,CCOc1ccc(NC(=O)CSC2=NC(C)=C(C(N)=O)[C@H](c3ccco3)[C@H]2C#N)cc1,0
ZINC04008344,DUD_fxa_D_1952,CCOc1ccc(NC(=O)CSC2=C(C#N)[C@H](c3ccco3)[C@H](C(N)=O)C(C)=N2)cc1,0
ZINC04081432,DUD_fxa_D_1953,C=C(C)Cn1c(CCn2c3ccccc3c3ccccc32)nnc1SCC(=O)NN,0
ZINC04089467,DUD_fxa_D_1954,O=C(NNC(=S)Nc1ccccc1)[C@@H](O)[C@H](O)C(=O)NNC(=S)Nc1ccccc1,0
ZINC04090797,DUD_fxa_D_1955,N#C/C(=C\c1cn(CC(=O)Nc2ccccc2)c2ccccc12)C(=O)Nc1ccc(O)cc1,0
ZINC04096587,DUD_fxa_D_1956,O=C1NN2C=C(Cc3ccccc3)[NH2+][C@@]2(c2ccc(O)cc2)N=C1Cc1ccc(O)cc1,0
ZINC04101629,DUD_fxa_D_1957,COc1ccc(NC(=O)Cn2nnc(C(=O)NCc3ccccc3OC)c2N)cc1Cl,0
ZINC04107083,DUD_fxa_D_1958,Nc1cc(N)nc(SCc2nc(C(c3ccccc3)c3ccccc3)no2)n1,0
ZINC04147396,DUD_fxa_D_1959,O=C(CSc1nc2ccccc2[nH]1)Nc1ccc(S(=O)(=O)Nc2ccccn2)cc1,0
ZINC04147396,DUD_fxa_D_1960,O=C(CSc1[nH]c2ccccc2[nH+]1)Nc1ccc(S(=O)(=O)Nc2ccccn2)cc1,0
ZINC04148818,DUD_fxa_D_1961,CCOc1ccc(NC(=[NH2+])Nc2nc(CSc3ccc(C)cc3)cc(=O)[nH]2)cc1,0
ZINC04148818,DUD_fxa_D_1962,CCOc1ccc(NC(=[NH2+])Nc2nc(=O)cc(CSc3ccc(C)cc3)[nH]2)cc1,0
ZINC04148818,DUD_fxa_D_1963,CCOc1ccc(NC(=[NH2+])Nc2nc(O)cc(CSc3ccc(C)cc3)n2)cc1,0
ZINC04148820,DUD_fxa_D_1964,[NH2+]=C(Nc1ccc(Oc2ccccc2)cc1)Nc1nc2c(c(=O)[nH]1)CCCC2,0
ZINC04148820,DUD_fxa_D_1965,[NH2+]=C(Nc1ccc(Oc2ccccc2)cc1)Nc1nc(=O)c2c([nH]1)CCCC2,0
ZINC04148820,DUD_fxa_D_1966,[NH2+]=C(Nc1ccc(Oc2ccccc2)cc1)Nc1nc(O)c2c(n1)CCCC2,0
ZINC04156041,DUD_fxa_D_1967,COC(=O)c1cccc(CSc2ncc(CO)n2Cc2ccc(S(N)(=O)=O)cc2)c1,0
ZINC04156041,DUD_fxa_D_1968,COC(=O)c1cccc(CSc2[nH+]cc(CO)n2Cc2ccc(S(N)(=O)=O)cc2)c1,0
ZINC04157660,DUD_fxa_D_1969,C[C@@H](c1nc2ccccc2c(=O)[nH]1)N(CCCCCC[NH3+])C(=O)c1ccc2ccccc2c1,0
ZINC04157660,DUD_fxa_D_1970,C[C@@H](c1nc(=O)c2ccccc2[nH]1)N(CCCCCC[NH3+])C(=O)c1ccc2ccccc2c1,0
ZINC04157660,DUD_fxa_D_1971,C[C@H](c1nc(O)c2ccccc2n1)N(CCCCCC[NH3+])C(=O)c1ccc2ccccc2c1,0
ZINC04176099,DUD_fxa_D_1972,CCOc1cccc(-c2nc(C(N)=O)c3nc(O)n(-c4cccc(Cl)c4)c3n2)c1O,0
ZINC04176124,DUD_fxa_D_1973,NC(=O)c1nc(-c2ccc(OCc3ccccc3)cc2)nc2c1nc(O)n2-c1ccccc1,0
ZINC04179384,DUD_fxa_D_1974,Oc1ccc(/C=N/Nc2nc(Nc3ccccc3)nc(N3CCCC3)n2)c(O)c1,0
ZINC04231822,DUD_fxa_D_1975,COc1cccc(/C=N\NC(=O)c2ccc(NS(=O)(=O)c3ccc(C)cc3)cc2)c1O,0
ZINC04231913,DUD_fxa_D_1976,Cc1ccc(S(=O)(=O)Nc2ccc(C(=O)N/N=C\c3cc(Cl)ccc3O)cc2)cc1,0
ZINC04235411,DUD_fxa_D_1977,Cn1c(=O)c(C(=O)/C=C/C[C@@H](Nc2cccc(N)c2)c2ccccc2)c(O)c2ccccc21,0
ZINC04251762,DUD_fxa_D_1978,CC(C)OC(=O)c1ccc(NC(=O)CSc2nc(-c3ccccc3)cn2N)cc1,0
ZINC04252072,DUD_fxa_D_1979,CCOC(=O)c1ccc(NC(=O)CSc2nc(-c3ccccc3)cn2N)cc1,0
ZINC04254751,DUD_fxa_D_1980,CC(C)Cn1c(SCC(=O)Nc2ccc(S(N)(=O)=O)cc2)nc2ccccc21,0
ZINC04257389,DUD_fxa_D_1981,COc1ccc2[nH]cc(CCNc3ncncc3-c3cccc(NS(C)(=O)=O)c3)c2c1,0
ZINC04282770,DUD_fxa_D_1982,O=c1cc2oc3cc(O)c(-c4ccc(O)cc4O)cc3nc-2cc1-c1ccc(O)cc1O,0
ZINC04287530,DUD_fxa_D_1983,N#Cc1ccccc1NC(=O)CSc1nnc(Cc2cccc3ccccc23)n1N,0
ZINC04328901,DUD_fxa_D_1984,CC(=O)Nc1cccc(NC(=O)COC(=O)C(O)(c2ccccc2)c2ccccc2)c1,0
ZINC04336962,DUD_fxa_D_1985,COCc1cc(=O)[nH]c(NC(=[NH2+])Nc2ccc(Oc3ccc(Cl)cc3)cc2)n1,0
ZINC04336962,DUD_fxa_D_1986,COCc1cc(=O)nc(NC(=[NH2+])Nc2ccc(Oc3ccc(Cl)cc3)cc2)[nH]1,0
ZINC04336962,DUD_fxa_D_1987,COCc1cc(O)nc(NC(=[NH2+])Nc2ccc(Oc3ccc(Cl)cc3)cc2)n1,0
ZINC04342948,DUD_fxa_D_1988,O=C(N/N=C\C(C[C@H](O)[C@H](O)CO)=N/NC(=O)c1ccccc1)c1ccccc1,0
ZINC04365845,DUD_fxa_D_1989,Cc1cc(/N=N/c2ccc(C)c(/N=N/c3cc(C)c(N)cc3N)c2)c(N)cc1N,0
ZINC04400051,DUD_fxa_D_1990,Cc1ccccc1Nc1nc(N)nc(CSc2nc(-c3ccccc3)cn2N)n1,0
ZINC04400623,DUD_fxa_D_1991,Cc1ccccc1Nc1nc(N)nc(COC(=O)c2c(-c3ccccc3)noc2C)n1,0
ZINC04402529,DUD_fxa_D_1992,CCn1c(SCc2nc(N)nc(Nc3ccccc3C)n2)nnc1-c1ccncc1,0
ZINC04409405,DUD_fxa_D_1993,C/C(CC(=O)Nc1ccc(C(N)=O)cc1)=N\NC(=O)COc1ccc(C)cc1,0
ZINC04414120,DUD_fxa_D_1994,Cc1cc(O)cc(O)c1/C=N\NC(=O)CNC(=O)C(c1ccccc1)c1ccccc1,0
ZINC04424454,DUD_fxa_D_1995,C=CCNc1nc(-c2ccccc2)c(C(=O)Nc2ccc(S(N)(=O)=O)cc2)s1,0
ZINC04442057,DUD_fxa_D_1996,CCOC(=O)c1ccc(NC(=O)[C@@H]2CC(=O)NC(/N=c3/[nH]c4ccccc4s3)=N2)cc1,0
ZINC04442060,DUD_fxa_D_1997,CCOC(=O)c1ccc(NC(=O)[C@H]2CC(=O)NC(/N=c3/[nH]c4ccccc4s3)=N2)cc1,0
ZINC04442071,DUD_fxa_D_1998,CCOC(=O)c1cnc(SCc2nc(N)n/c(=N\c3ccc(OC)cc3)[nH]2)nc1N,0
ZINC04443535,DUD_fxa_D_1999,C=c1[nH]n(-c2ccccc2)c(=O)/c1=C/c1cc(C)n(-c2ccc(S(N)(=O)=O)cc2)c1C,0
ZINC04443603,DUD_fxa_D_2000,O=S(=O)(c1ccc(O)c(/N=C/c2ccc[nH]2)c1)c1ccc(O)c(/N=C/c2ccc[nH]2)c1,0
ZINC04443606,DUD_fxa_D_2001,O=S(=O)(c1ccc(O)c(/N=C/c2ccc[nH]2)c1)c1ccc(O)c(/N=C/c2ccc[nH]2)c1,0
ZINC04450543,DUD_fxa_D_2002,COc1ccc(NC(=[NH2+])Nc2nc(CSc3ccc(Cl)cc3)cc(=O)[nH]2)cc1,0
ZINC04450543,DUD_fxa_D_2003,COc1ccc(NC(=[NH2+])Nc2nc(=O)cc(CSc3ccc(Cl)cc3)[nH]2)cc1,0
ZINC04450543,DUD_fxa_D_2004,COc1ccc(NC(=[NH2+])Nc2nc(O)cc(CSc3ccc(Cl)cc3)n2)cc1,0
ZINC04451434,DUD_fxa_D_2005,CCOC(=O)Cc1cc(=O)[nH]c(NC(=[NH2+])Nc2ccc3ccccc3c2)n1,0
ZINC04451434,DUD_fxa_D_2006,CCOC(=O)Cc1cc(=O)nc(NC(=[NH2+])Nc2ccc3ccccc3c2)[nH]1,0
ZINC04451434,DUD_fxa_D_2007,CCOC(=O)Cc1cc(O)nc(NC(=[NH2+])Nc2ccc3ccccc3c2)n1,0
ZINC04455862,DUD_fxa_D_2008,N#C/C(=C\c1cn(Cc2ccccc2)c2ccccc12)c1nn(CCO)c(N)c1C#N,0
ZINC04459964,DUD_fxa_D_2009,NC1=N/C(=N/NC(=O)c2ccc(CN3C(=O)c4cccc5cccc3c45)cc2)c2ccccc21,0
ZINC04460532,DUD_fxa_D_2010,COc1ccccc1N/C(N)=N/c1nc(CSc2nc3ccccc3s2)cc(=O)[nH]1,0
ZINC04463416,DUD_fxa_D_2011,C[C@@H](OC(=O)c1ccc(COc2ccccc2)cc1)C(=O)Nc1ccc(C(N)=O)cc1,0
ZINC04464072,DUD_fxa_D_2012,O=C(CSCC(=O)N/N=C\c1ccccc1O)N/N=C\c1ccccc1O,0
ZINC04464117,DUD_fxa_D_2013,O=C(N/N=C\c1ccccc1O)c1cc(C(=O)N/N=C/c2ccccc2O)cc([N+](=O)[O-])c1,0
ZINC04464162,DUD_fxa_D_2014,C=C(N/N=c1\[nH]c2c(c(=O)[nH]c(=O)n2C)n1Cc1ccc(C)cc1)c1ccc([N+](=O)[O-])cc1,0
ZINC04464349,DUD_fxa_D_2015,Cc1ccccc1/C=N/NC(=O)[C@H](NC(=O)c1ccccc1)c1n[nH]c(=O)c2ccccc12,0
ZINC04464349,DUD_fxa_D_2016,Cc1ccccc1/C=N/NC(=O)[C@@H](NC(=O)c1ccccc1)c1nnc(O)c2ccccc12,0
ZINC04464393,DUD_fxa_D_2017,C=CCN1C(=O)[C@H](CC(=O)Nc2ccccc2)S/C1=N/c1ccc(S(N)(=O)=O)cc1,0
ZINC04464566,DUD_fxa_D_2018,Cc1nn(C)cc1/C=N\NC(=O)[C@H](NC(=O)c1ccccc1)c1n[nH]c(=O)c2ccccc12,0
ZINC04464566,DUD_fxa_D_2019,Cc1nn(C)cc1/C=N\NC(=O)[C@@H](NC(=O)c1ccccc1)c1nnc(O)c2ccccc12,0
ZINC04464575,DUD_fxa_D_2020,Cc1ccc(-c2n[nH]/c(=N/c3cccc4ccccc34)c3ccccc23)cc1S(N)(=O)=O,0
ZINC04464681,DUD_fxa_D_2021,O=C(COc1ccc(C(=O)N/N=C/c2ccccc2O)cc1)N/N=C/c1ccccc1O,0
ZINC04464901,DUD_fxa_D_2022,CCOc1ccccc1N1C(=O)NC(=O)/C(=C/NNC(=S)Nc2ccccc2)C1=O,0
ZINC04464983,DUD_fxa_D_2023,Cc1ccc(NC(=O)C[C@@H]2S/C(=N/N=C/c3ccc(O)cc3O)NC2=O)c(C)c1,0
ZINC04465030,DUD_fxa_D_2024,COc1cccc(-c2c(C(=O)N/N=C/C(C)=C\c3ccccc3)nnn2-c2nonc2N)c1,0
ZINC04465100,DUD_fxa_D_2025,O=S(=O)(c1ccc(O)c(/N=C\c2ccc[nH]2)c1)c1ccc(O)c(/N=C\c2ccc[nH]2)c1,0
ZINC04465595,DUD_fxa_D_2026,Cn1nc(SCC(=O)Nc2ccc(S(N)(=O)=O)cc2)s/c1=N\Cc1ccccc1,0
ZINC04465697,DUD_fxa_D_2027,Cc1nn(-c2ccccc2)c(C)c1/C=C\C(=O)OCC(=O)Nc1ccc(C(N)=O)cc1,0
ZINC04465905,DUD_fxa_D_2028,Cc1ncc(CO)c(/C=N\NC(=O)c2nn(Cc3ccccc3)c(=O)c3ccccc23)c1O,0
ZINC04465930,DUD_fxa_D_2029,O=C(N/N=C\c1cccc(O)c1O)c1cccc(S(=O)(=O)Nc2ccc(Cl)cc2)c1,0
ZINC04466084,DUD_fxa_D_2030,COc1ccc(/C=N/OCc2nc3ccccc3c(=O)n2/N=C/c2ccc(O)cc2O)cc1,0
ZINC04466195,DUD_fxa_D_2031,O=C(N/N=C/c1cc([O-])c(O)cc1[N+](=O)[O-])/C(=C/c1ccccc1)NC(=O)c1ccccc1,0
ZINC04466268,DUD_fxa_D_2032,COc1ccc(COC(=O)NN/C(C)=C\C(=O)Nc2ccc(C(N)=O)cc2)cc1,0
ZINC04467671,DUD_fxa_D_2033,Cc1ccccc1/N=C1\NC(=O)/C(=C\c2cccn2-c2ccc(S(N)(=O)=O)cc2)S1,0
ZINC04467708,DUD_fxa_D_2034,CC(C)c1ccc(/C=C/C(=O)NC(=S)Nc2ccc(S(=O)(=O)N=C(N)N)cc2)cc1,0
ZINC04467715,DUD_fxa_D_2035,Cc1ccccc1NCC(=O)N/N=C/C=N/NC(=O)CNc1ccccc1C,0
ZINC04467774,DUD_fxa_D_2036,Cc1ncc(CO)c2cc(C(=O)Nc3cccc(F)c3)/c(=N\c3cccc(C(N)=O)c3)oc12,0
ZINC04468188,DUD_fxa_D_2037,Cc1ccc(NC(=O)CN2C(=O)/C(=N\NC(=O)c3ccc(N)cc3)c3ccccc32)cc1,0
ZINC04468349,DUD_fxa_D_2038,NS(=O)(=O)c1ccc(-c2ccc(/C=N/NC(=O)Cn3cnc4ccccc43)o2)cc1,0
ZINC04468359,DUD_fxa_D_2039,C=CCn1c(CNc2ccccc2)nnc1SCC(=O)N/N=C\c1ccccc1O,0
ZINC04468366,DUD_fxa_D_2040,Cc1cccc(NC(=O)CN2C(=O)N/C(=C\c3cc(C)n(-c4ccc(O)cc4)c3C)C2=O)c1,0
ZINC04468475,DUD_fxa_D_2041,CCOc1ccc(N/C(N)=N\c2nc(CSc3ncccn3)cc(=O)[nH]2)cc1,0
ZINC04468475,DUD_fxa_D_2042,CCOc1ccc(N/C(N)=N\c2nc(O)cc(CSc3ncccn3)n2)cc1,0
ZINC04468475,DUD_fxa_D_2043,CCOc1ccc(N/C(N)=N\c2nc(=O)cc(CSc3ncccn3)[nH]2)cc1,0
ZINC04468659,DUD_fxa_D_2044,CN(C)c1ccc(-c2cc[n+](-c3[n-]c(=O)sc3/C=N\NC(=O)c3ccncc3)cc2)cc1,0
ZINC04469486,DUD_fxa_D_2045,C=CCNC(=O)c1c(N)n(/N=C\c2ccc(O)c(O)c2)c2nc3ccccc3nc12,0
ZINC04469547,DUD_fxa_D_2046,O=C(N/N=C/c1ccccc1O)c1ccc(C(=O)N/N=C/c2ccccc2O)cc1,0
ZINC04469601,DUD_fxa_D_2047,CC(C)CCNC(=O)c1c(N)n(/N=C/c2ccc(O)c(O)c2)c2nc3ccccc3nc12,0
ZINC04469791,DUD_fxa_D_2048,O=C(CCc1n[nH]c(=O)[nH]c1=O)N/N=C\c1c(OCc2ccccc2)ccc2ccccc12,0
ZINC04469925,DUD_fxa_D_2049,O=C(Cc1nnc(NC(=O)c2ccccc2)s1)N/N=C/c1c[nH]c2ccccc12,0
ZINC04469928,DUD_fxa_D_2050,Cc1ccc(C(=O)Nc2nnc(CC(=O)N/N=C\c3c(C)[nH]c4ccccc34)s2)cc1,0
ZINC04469961,DUD_fxa_D_2051,Cc1ccc(C(=O)Nc2nnc(CC(=O)N/N=C/c3c[nH]c4ccccc34)s2)cc1,0
ZINC04470245,DUD_fxa_D_2052,CC(=O)Nc1ccc(C(=O)N/N=C/c2ccccc2OC(=O)c2ccc([N+](=O)[O-])cc2)cc1,0
ZINC04470309,DUD_fxa_D_2053,COC(=O)c1cc(/C=N\NC(=O)c2ccccc2)c(O)c(/C=N/NC(=O)c2ccccc2)c1,0
ZINC04470311,DUD_fxa_D_2054,COc1cc(/C=N\NC(=O)c2ccccc2)c(O)c(/C=N/NC(=O)c2ccccc2)c1,0
ZINC04474122,DUD_fxa_D_2055,C/C(CC(=O)Nc1ccc(C(N)=O)cc1)=N/NC(=O)COc1ccc2ccccc2c1,0
ZINC04474260,DUD_fxa_D_2056,C[C@@H](Oc1ccc2ccccc2c1)C(=O)N/N=C(\c1ccccc1)c1nonc1N,0
ZINC04474647,DUD_fxa_D_2057,COc1ccc(COC(=O)N/N=C(/C)CC(=O)Nc2ccc(C(N)=O)cc2)cc1,0
ZINC04492406,DUD_fxa_D_2058,Cc1[nH]c(SCC(=O)Nc2ccc(S(N)(=O)=O)cc2)nc1Cc1ccccc1,0
ZINC04507228,DUD_fxa_D_2059,Cc1ccccc1Nc1nc(N)nc(CSc2nnc(-c3ccccc3F)[nH]2)n1,0
ZINC04520828,DUD_fxa_D_2060,Cc1ccc2c(c1)/C(=N\NC(=O)c1ccc(NS(=O)(=O)c3cccs3)cc1)C(O)=N2,0
ZINC04528761,DUD_fxa_D_2061,COc1ccc(NS(=O)(=O)c2cccc(C(=O)N/N=C\c3ccc(O)cc3O)c2)cc1,0
ZINC04528776,DUD_fxa_D_2062,COc1ccc(NS(=O)(=O)c2cccc(C(=O)N/N=C/c3cccc(O)c3O)c2)cc1,0
ZINC04528785,DUD_fxa_D_2063,COc1ccc(NS(=O)(=O)c2cccc(C(=O)N/N=C\c3ccccc3O)c2)cc1,0
ZINC04529062,DUD_fxa_D_2064,COc1ccccc1NS(=O)(=O)c1cccc(C(=O)N/N=C/c2ccc(O)cc2O)c1,0
ZINC04529075,DUD_fxa_D_2065,COc1ccccc1NS(=O)(=O)c1cccc(C(=O)N/N=C\c2cccc(O)c2O)c1,0
ZINC04529088,DUD_fxa_D_2066,COc1ccccc1NS(=O)(=O)c1cccc(C(=O)N/N=C\c2ccccc2O)c1,0
ZINC04529249,DUD_fxa_D_2067,Cc1ncc(CO)c(/C=N\NC(=O)c2ccccc2NS(=O)(=O)c2cccs2)c1O,0
ZINC04529342,DUD_fxa_D_2068,Cc1ccc(NS(=O)(=O)c2cccc(C(=O)N/N=C/c3ccc(O)cc3O)c2)c(C)c1,0
ZINC04529345,DUD_fxa_D_2069,Cc1ccc(NS(=O)(=O)c2cccc(C(=O)N/N=C\c3cccc(O)c3O)c2)c(C)c1,0
ZINC04529347,DUD_fxa_D_2070,Cc1ccc(NS(=O)(=O)c2cccc(C(=O)N/N=C\c3ccccc3O)c2)c(C)c1,0
ZINC04529382,DUD_fxa_D_2071,Cc1ccc(NC(=O)c2ccc(NS(=O)(=O)/C=C/c3ccccc3)cc2)c(O)c1,0
ZINC04622819,DUD_fxa_D_2072,COC(=O)c1cc(NC(=O)CSc2nc(-c3ccccc3)cn2N)cc(C(=O)OC)c1,0
ZINC04622927,DUD_fxa_D_2073,NS(=O)(=O)c1ccc(NC(=O)CSc2nc3ccccc3n2-c2ccccc2)cc1,0
ZINC04627811,DUD_fxa_D_2074,N#Cc1c(-c2ccco2)cc(-c2ccc(NCc3nc4ccccc4[nH]3)cc2)[nH+]c1N,0
ZINC04627912,DUD_fxa_D_2075,O=c1[nH]/c(=C/c2ccc([N+](=O)[O-])cc2)c(=O)[nH]/c1=C\c1ccc(OCc2ccccc2)cn1,0
ZINC04628221,DUD_fxa_D_2076,O=c1[nH]/c(=C\c2ccc(OCc3ccccc3)cn2)c(=O)[nH]/c1=C\c1ccc(O)cc1,0
ZINC04628531,DUD_fxa_D_2077,C[C@@H](NC(=O)c1ccc(NS(=O)(=O)c2ccc3[nH]c(=O)[nH]c3c2)cc1)c1ccccc1,0
ZINC04633207,DUD_fxa_D_2078,Nc1nc(N)c(NCc2ccc(NC(=O)CBr)cc2)c(-c2ccccc2)n1,0
ZINC04633226,DUD_fxa_D_2079,Nc1nc(N)c(-c2ccc(Cl)cc2)c(/C=C\CCN2C(=O)c3ccccc3C2=O)n1,0
ZINC04633339,DUD_fxa_D_2080,Nc1nonc1-c1nc2ccccc2n1CC(=O)N/N=C/c1cn[nH]c1-c1ccccc1,0
ZINC04633621,DUD_fxa_D_2081,Cn1c(Cc2ccc(C(N)=[NH2+])cc2)nc2cc(NS(=O)(=O)c3ccccc3)ccc21,0
ZINC04633762,DUD_fxa_D_2082,CCN(CC)C(=O)c1cccc(COc2ccc(-c3c(C)nc(N)nc3N)cc2Cl)c1,0
ZINC04633762,DUD_fxa_D_2083,CCN(CC)C(=O)c1cccc(COc2ccc(-c3c(N)nc(N)[nH+]c3C)cc2Cl)c1,0
ZINC04633763,DUD_fxa_D_2084,Cc1nc(N)nc(N)c1-c1ccc(OCc2cccc(C(=O)N(C)C)c2)c(Cl)c1,0
ZINC04640273,DUD_fxa_D_2085,Nc1[nH+]ccc2ccc(N3CCC[C@@H]3C(=O)Nc3ccc(Cn4ccnc4N)cc3)cc12,0
ZINC04641549,DUD_fxa_D_2086,Cc1ccc(S(=O)(=O)N/C(=N\c2ccc3[nH]c(=O)[nH]c3c2)c2ccccc2)cc1,0
ZINC00712846,DUD_fxa_D_2087,CCc1ccc(NC(=O)CO/N=C(/Nc2ccc(C)cc2)c2nonc2N)cc1,0
ZINC01494212,DUD_fxa_D_2088,COC(OC)[C@]1(C)Oc2ccc(N)cc2[C@H](N/C(=N\C#N)NCc2ccccc2)[C@H]1O,0
ZINC03889355,DUD_fxa_D_2089,COc1ccc(-c2cc(-c3ccccc3)nc(SC/C(N)=N\C#N)c2C#N)cc1,0
ZINC03970494,DUD_fxa_D_2090,N/C(=N\OC(=O)Nc1ccc(Cl)cc1)c1cccc(CS(=O)(=O)c2ccccn2)c1,0
ZINC04408720,DUD_fxa_D_2091,N/C(=N/OC(=O)Nc1ccccc1)c1ccc(Oc2ccc(F)cc2F)c([N+](=O)[O-])c1,0
ZINC04481598,DUD_fxa_D_2092,N/C(=N/OC(=O)Nc1ccc(Cl)cc1)c1cccc(CS(=O)(=O)c2cccs2)c1,0
