name,id,smiles,active
ZINC03815484,DUD_fgfr1_A_1,O=C(O)CCc1cc[nH]c1/C=C1\C(=O)Nc2ccccc21,1
ZINC03815485,DUD_fgfr1_A_2,Cc1c[nH]c(/C=C2\C(=O)Nc3ccccc32)c1CCC(=O)O,1
ZINC03815486,DUD_fgfr1_A_3,Cc1c[nH]c(/C=C2\C(=O)Nc3cccc(C)c32)c1CCC(=O)O,1
ZINC03815504,DUD_fgfr1_A_4,Cc1c[nH]c(/C=C2\C(=O)Nc3ccc(Br)cc32)c1CCC(=O)O,1
ZINC03815565,DUD_fgfr1_A_5,Cc1c(CCC(=O)O)c[nH]c1/C=C1\C(=O)Nc2ccc(C(=O)O)cc21,1
ZINC03815552,DUD_fgfr1_A_6,Cc1c(CCC(=O)O)c[nH]c1/C=C1\C(=O)Nc2ccc(S(N)(=O)=O)cc21,1
ZINC03815540,DUD_fgfr1_A_7,Cc1[nH]c(/C=C2\C(=O)Nc3ccc(C(=O)O)cc32)c(C)c1CCC(=O)O,1
ZINC03815541,DUD_fgfr1_A_8,Cc1[nH]c(/C=C2\C(=O)Nc3ccc(S(N)(=O)=O)cc32)c(C)c1CCC(=O)O,1
ZINC03815550,DUD_fgfr1_A_9,CN1C(=O)C(C2C(Cl)CCCC2Cl)=CC2CNC(N)CC21,1
ZINC03815557,DUD_fgfr1_A_10,CCn1c(=O)c(-c2c(Cl)cccc2Cl)cc2cnc(N)nc21,1
ZINC03815528,DUD_fgfr1_A_11,COC1CC(OC)CC(C2CC3CNC(N)CC3NC2N)C1,1
ZINC03815531,DUD_fgfr1_A_12,CNC1CC2C(C=C(C3C(Cl)CCCC3Cl)C(=O)N2C)CN1,1
ZINC03815516,DUD_fgfr1_A_13,COC1CC(OC)CC(C2=CC3CNC(N)CC3N(C)C2=O)C1,1
ZINC03815554,DUD_fgfr1_A_14,CCCn1c(=O)c(-c2c(Cl)cccc2Cl)cc2cnc(N)nc21,1
ZINC03815571,DUD_fgfr1_A_15,CCNc1ncc2cc(-c3c(Cl)cccc3Cl)c(=O)n(C)c2n1,1
ZINC03815563,DUD_fgfr1_A_16,CC(C)Nc1ncc2cc(-c3c(Cl)cccc3Cl)c(=O)n(C)c2n1,1
ZINC03815553,DUD_fgfr1_A_17,CC(C)Cn1c(=O)c(-c2c(Cl)cccc2Cl)cc2cnc(N)nc21,1
ZINC03815560,DUD_fgfr1_A_18,CCCCn1c(=O)c(-c2c(Cl)cccc2Cl)cc2cnc(N)nc21,1
ZINC03815548,DUD_fgfr1_A_19,Nc1ncc2cc(-c3c(Cl)cccc3Cl)c(=O)n(CCCO)c2n1,1
ZINC03815522,DUD_fgfr1_A_20,CCNC(=O)NC1NC2CC(N)NCC2CC1C1C(Cl)CCCC1Cl,1
ZINC03815510,DUD_fgfr1_A_21,CNC(=O)NC1NC2CC(N)NCC2CC1C1CC(OC)CC(OC)C1,1
ZINC03815567,DUD_fgfr1_A_22,CN(C)CCCn1c(=O)c(-c2c(Cl)cccc2Cl)cc2cnc(N)nc21,1
ZINC03815481,DUD_fgfr1_A_23,CCNC(=O)NC1NC2CC(N)NCC2CC1C1CC(OC)CC(OC)C1,1
ZINC03815368,DUD_fgfr1_A_24,Cc1cccc(C)c1-c1cc2cnc(N)nc2nc1NC(=O)NC(C)(C)C,1
ZINC03815345,DUD_fgfr1_A_25,CC(C)(C)NC(=O)Nc1nc2nc(N)ncc2cc1-c1c(Cl)cccc1Cl,1
ZINC03815526,DUD_fgfr1_A_26,CC(C)(C)NC(=O)Nc1nc2nc(N)ncc2cc1-c1c(Cl)cccc1Br,1
ZINC03815523,DUD_fgfr1_A_27,CC(C)(C)NC(=O)Nc1nc2nc(N)ncc2cc1-c1cccc(Cl)c1Cl,1
ZINC03815544,DUD_fgfr1_A_28,Cc1cccc(-c2cc3cnc(N)nc3nc2NC(=O)NC(C)(C)C)c1C,1
ZINC03815518,DUD_fgfr1_A_29,CCNC(=O)Nc1nc2nc(N)ncc2cc1-c1cc(OC)cc(OC)c1,1
ZINC03815515,DUD_fgfr1_A_30,CC(C)(C)NC(=O)NC1NC2CC(N)NCC2CC1C1C(Cl)CCCC1Cl,1
ZINC03815547,DUD_fgfr1_A_31,COc1cccc(-c2cc3cnc(N)nc3nc2NC(=O)NC(C)(C)C)c1,1
ZINC03815511,DUD_fgfr1_A_32,CC(C)(C)NC(=O)Nc1nc2nc(N)ncc2cc1-c1c(F)cccc1F,1
ZINC03815539,DUD_fgfr1_A_33,Cc1cc(C)c(-c2cc3cnc(N)nc3nc2NC(=O)NC(C)(C)C)c(C)c1,1
ZINC03815512,DUD_fgfr1_A_34,CC(C)(C)NC(=O)Nc1nc2nc(N)ncc2cc1-c1c(Cl)ccc(Cl)c1Cl,1
ZINC03815562,DUD_fgfr1_A_35,CCOc1cccc(-c2cc3cnc(N)nc3nc2NC(=O)NC(C)(C)C)c1,1
ZINC03815500,DUD_fgfr1_A_36,COC1CC(OC)CC(C2CC3CNC(NC(=O)C(F)(F)F)CC3NC2N)C1,1
ZINC03815566,DUD_fgfr1_A_37,Cc1cc(C)c(C)c(-c2cc3cnc(N)nc3nc2NC(=O)NC(C)(C)C)c1C,1
ZINC03815494,DUD_fgfr1_A_38,COC1CC(OC)CC(C2CC3CNC(N)CC3NC2NC(=O)NC(C)(C)C)C1,1
ZINC03815559,DUD_fgfr1_A_39,Cn1c(=O)c(-c2c(Cl)cccc2Cl)cc2cnc(NCCCCCC(=O)O)nc21,1
ZINC01546258,DUD_fgfr1_A_40,COc1cc(OC)cc(-c2cc3cnc(N)nc3nc2NC(=O)NC(C)(C)C)c1,1
ZINC02006382,DUD_fgfr1_A_41,CC[NH+](CC)CCCCNC1CC2NC(=O)C(C3C(Cl)CCCC3Cl)=CC2CN1,1
ZINC03815521,DUD_fgfr1_A_42,CC[NH+](CC)CCCNC1CC2C(C=C(C3C(Cl)CCCC3Cl)C(=O)N2C)CN1,1
ZINC03815479,DUD_fgfr1_A_43,COc1cc(OC)cc(-c2cc3cnc(NC(C)=O)cc3nc2NC(=O)NC(C)(C)C)c1,1
ZINC03815543,DUD_fgfr1_A_44,O=C1Nc2ccc(C(=O)O)cc2/C1=C/c1cc2c([nH]1)CCCC2,1
ZINC03815533,DUD_fgfr1_A_45,NS(=O)(=O)c1ccc2c(c1)/C(=C/c1cc3c([nH]1)CCCC3)C(=O)N2,1
ZINC03815538,DUD_fgfr1_A_46,O=C(O)CCc1c(/C=C2\C(=O)Nc3ccccc32)[nH]c2c1CCCC2,1
ZINC03815537,DUD_fgfr1_A_47,O=C(O)CCc1c(/C=C2\C(=O)Nc3ccc(Br)cc32)[nH]c2c1CCCC2,1
ZINC03815532,DUD_fgfr1_A_48,O=C(O)CCc1c(/C=C2\C(=O)Nc3ccc(C(=O)O)cc32)[nH]c2c1CCCC2,1
ZINC03815527,DUD_fgfr1_A_49,NS(=O)(=O)c1ccc2c(c1)/C(=C/c1[nH]c3c(c1CCC(=O)O)CCCC3)C(=O)N2,1
ZINC00601820,DUD_fgfr1_A_50,Cn1c(=O)c(-c2c(Cl)cccc2Cl)cc2cnc(Nc3ccncc3)nc21,1
ZINC03815354,DUD_fgfr1_A_51,Cn1c(=O)c(-c2c(Cl)cccc2Cl)cc2cnc(Nc3cccnc3)nc21,1
ZINC00838734,DUD_fgfr1_A_52,Cn1c(=O)c(-c2c(Cl)cccc2Cl)cc2cnc(Nc3ccccc3)nc21,1
ZINC03815288,DUD_fgfr1_A_53,Cn1c(=O)c(-c2c(Cl)cccc2Cl)cc2cnc(Nc3cccc(O)c3)nc21,1
ZINC03815520,DUD_fgfr1_A_54,Cn1c(=O)c(-c2c(Cl)cccc2Cl)cc2cnc(Nc3ccc(O)cc3)nc21,1
ZINC03815350,DUD_fgfr1_A_55,CCn1c(=O)c(-c2c(Cl)cccc2Cl)cc2cnc(Nc3ccncc3)nc21,1
ZINC03815223,DUD_fgfr1_A_56,COc1cccc(Nc2ncc3cc(-c4c(Cl)cccc4Cl)c(=O)n(C)c3n2)c1,1
ZINC02047503,DUD_fgfr1_A_57,Cn1c(=O)c(-c2c(Cl)cccc2Cl)cc2cnc(Nc3cccc(CO)c3)nc21,1
ZINC03815309,DUD_fgfr1_A_58,COc1ccc(Nc2ncc3cc(-c4c(Cl)cccc4Cl)c(=O)n(C)c3n2)cc1,1
ZINC03815556,DUD_fgfr1_A_59,COc1ccncc1Nc1ncc2cc(-c3c(Cl)cccc3Cl)c(=O)n(C)c2n1,1
ZINC03815299,DUD_fgfr1_A_60,Cn1c(=O)c(-c2c(Cl)cccc2Cl)cc2cnc(Nc3cccc(C(=O)O)c3)nc21,1
ZINC03815545,DUD_fgfr1_A_61,CC[NH+](CC)COc1ccc(Nc2ncc3cc(-c4ccccc4)c(=O)n(C)c3n2)cc1,1
ZINC03815509,DUD_fgfr1_A_62,CCn1c(=O)c(-c2ccccc2)cc2cnc(Nc3ccc(OC[NH+](CC)CC)cc3)nc21,1
ZINC03815564,DUD_fgfr1_A_63,Nc1ncc2cc(-c3c(Cl)cccc3Cl)c(=O)n(Cc3ccncc3)c2n1,1
ZINC03815502,DUD_fgfr1_A_64,CC(C)n1c(=O)ccc2cnc(Nc3ccc(N4CCN(C)CC4)cc3)nc21,1
ZINC03815530,DUD_fgfr1_A_65,CN1C(=O)C(C2C(Cl)CCCC2Cl)=CC2CNC(NCCCn3ccnc3)CC21,1
ZINC03815561,DUD_fgfr1_A_66,Cn1c(=O)c(-c2c(Cl)cccc2Cl)cc2cnc(NCCc3ccccn3)nc21,1
ZINC03815546,DUD_fgfr1_A_67,COc1cccc(-c2ccc3c(c2)NC(=O)/C3=C\c2[nH]cc(CCC(=O)O)c2C)c1,1
ZINC03815555,DUD_fgfr1_A_68,COc1cc(OC)cc(-c2cc3cnc(N)cc3nc2NC(=O)Nc2ccccc2)c1,1
ZINC03815498,DUD_fgfr1_A_69,CN1CCN(c2ccc(Nc3ncc4ccc(=O)n(C5CCCCC5)c4n3)cc2)CC1,1
ZINC04617837,DUD_fgfr1_A_70,COc1ccc(-c2ccc3c(c2)NC(=O)C3=Cc2[nH]c3c(c2CCC(=O)[O-])CCCC3)cc1,1
ZINC04617831,DUD_fgfr1_A_71,COc1ccccc1-c1ccc2c(c1)NC(=O)/C2=C\c1[nH]c2c(c1CCC(=O)O)CCCC2,1
ZINC00538658,DUD_fgfr1_D_1,Cc1ccccc1C(=O)Nc1ccc(C(=O)N2CCC[C@@H](O)c3cc(Cl)ccc32)c(C)c1,0
ZINC00578175,DUD_fgfr1_D_2,COc1cc(F)ccc1N1CC[NH+](CCc2cnn(CCO)c2-c2ccc(O)cc2)CC1,0
ZINC00578705,DUD_fgfr1_D_3,CNC(=O)/C=C(\c1cccc(F)c1)c1ccc2nc(N)n(S(=O)(=O)N3CCCC3)c2c1,0
ZINC00578711,DUD_fgfr1_D_4,CNC(=O)/C=C(/c1ccc(F)c(F)c1)c1ccc2nc(N)n(S(=O)(=O)C(C)C)c2c1,0
ZINC00578711,DUD_fgfr1_D_5,CNC(=O)/C=C(/c1ccc(F)c(F)c1)c1ccc2[nH+]c(N)n(S(=O)(=O)C(C)C)c2c1,0
ZINC00578711,DUD_fgfr1_D_6,CNC(=O)/C=C(/c1ccc(F)c(F)c1)c1ccc2[nH+]c(N)n(S(=O)(=O)C(C)C)c2c1,0
ZINC00581278,DUD_fgfr1_D_7,CSc1nc2ccc(Nc3nccc(-c4ccc(N5CC[NH2+]CC5)[nH+]c4)n3)cc2s1,0
ZINC00581910,DUD_fgfr1_D_8,O=C(c1ccc(F)c(Cl)c1)N1CCC(F)(C[NH2+]Cc2cccc(-c3cc[nH]n3)n2)CC1,0
ZINC00584948,DUD_fgfr1_D_9,COc1ccc(OC[C@H]2O[C@@H](CCn3cnc4ccccc43)[C@@H](O)[C@H]2O)c(Cl)c1,0
ZINC00587696,DUD_fgfr1_D_10,Cc1ccc(NC(=O)c2cccc(N(C)C)c2)cc1NC(=O)c1ccc(Cl)nc1,0
ZINC00589276,DUD_fgfr1_D_11,CC(C)c1cnc(NC(=O)Cc2ccc(NC(=O)Cc3ccsc3)cc2)s1,0
ZINC00591042,DUD_fgfr1_D_12,COC(=O)/C=C\c1cc2ccc3nc(Nc4c(Cl)cccc4Cl)n(C)c3c2c(=O)[nH]1,0
ZINC00591209,DUD_fgfr1_D_13,CC(C)Nc1ncc2c(n1)N(C[C@H](O)CO)C(=O)N(c1ccccc1Cl)C2,0
ZINC00591657,DUD_fgfr1_D_14,CC(C)(O)c1ccc(CNC(=O)c2cccnc2Oc2ccc3nsnc3c2)c(F)c1,0
ZINC00591658,DUD_fgfr1_D_15,CC(C)(O)c1ccc(CNC(=O)c2cncnc2Oc2ccc3c(c2)OCO3)c(F)c1,0
ZINC00593280,DUD_fgfr1_D_16,O=C(Nc1ccc([C@H](CC2CCCC2)C(=O)Nc2nccs2)cc1)c1ccncc1,0
ZINC00593415,DUD_fgfr1_D_17,CC(C)S(=O)(=O)NC[C@H](C)c1ccc(NC(=O)c2cc(F)cc(F)c2)cc1,0
ZINC00594040,DUD_fgfr1_D_18,CNS(=O)(=O)c1sc([C@H](C)C(=O)Nc2ccc(-c3ccccc3)cc2)nc1C,0
ZINC00594976,DUD_fgfr1_D_19,CN(C)C(=S)Oc1cnc(-c2nn(Cc3ccccc3F)c3ncccc23)nc1N,0
ZINC00595263,DUD_fgfr1_D_20,O=C(c1ccc(Nc2nccc(-c3ccc(Cl)cc3)n2)cc1)N1CCC(O)CC1,0
ZINC00595435,DUD_fgfr1_D_21,CC(C)(O)c1ccc(CNC(=O)c2scnc2Oc2ccc3c(c2)OCO3)c(F)c1,0
ZINC00597878,DUD_fgfr1_D_22,CNC(=S)[C@@]1(c2cccnc2)CCCC[C@@H]1CCNS(=O)(=O)c1ccccc1,0
ZINC00599332,DUD_fgfr1_D_23,CNC(=S)[C@]1(c2cccnc2)CCCC[C@@H]1CCNS(=O)(=O)c1ccc(F)cc1,0
ZINC00599333,DUD_fgfr1_D_24,CNC(=S)[C@@]1(c2cccnc2)CCCC[C@@H]1CCNS(=O)(=O)c1ccc(OC)cc1,0
ZINC00599334,DUD_fgfr1_D_25,CNC(=S)[C@@]1(c2cccnc2)CCCC[C@H]1CCNS(=O)(=O)c1cccs1,0
ZINC00602001,DUD_fgfr1_D_26,CC1(C)Oc2ccc(C#N)cc2[C@H](N(Cc2ncc[nH]2)c2ccc(Cl)cc2)[C@@H]1O,0
ZINC00602825,DUD_fgfr1_D_27,CS(=O)(=O)NCC1CCC(Nc2nc3c(s2)CCSc2ccccc2-3)CC1,0
ZINC00607281,DUD_fgfr1_D_28,CC(C)c1nn(-c2c[nH]cn2)c(-c2ccc(F)cc2)c1CC[C@H]1C[C@H](O)CC(=O)O1,0
ZINC00623553,DUD_fgfr1_D_29,COc1cc(NC(=S)NC(=O)c2cccc(C)c2OC)ccc1NC(=O)c1ccco1,0
ZINC00624133,DUD_fgfr1_D_30,Cc1ccc(NC(=O)CSc2nnc(-c3ccc(Br)cc3)n2N)c(C)c1,0
ZINC00624645,DUD_fgfr1_D_31,COc1ccc(OC)c(NC(=O)c2ccc(CSc3ncnc4[nH]cnc34)cc2)c1,0
ZINC00624645,DUD_fgfr1_D_32,COc1ccc(OC)c(NC(=O)c2ccc(CSc3ncnc4nc[nH]c34)cc2)c1,0
ZINC00624786,DUD_fgfr1_D_33,CCC(=O)Nc1nnc(SCc2ccc(C(=O)Nc3ccc(C)cc3)cc2)s1,0
ZINC00624819,DUD_fgfr1_D_34,CC(=O)Nc1nnc(SCc2ccc(C(=O)Nc3cc(C)cc(C)c3)cc2)s1,0
ZINC00624909,DUD_fgfr1_D_35,CCOc1ccc(NC(=O)c2ccc(CSc3nnc(NC(C)=O)s3)cc2)cc1,0
ZINC00625905,DUD_fgfr1_D_36,Cn1c(=O)[nH]c(=O)c2c1nc(NC1CCCCC1)n2C[C@H](O)COc1ccc(Cl)cc1,0
ZINC00625907,DUD_fgfr1_D_37,Cn1c(=O)[nH]c(=O)c2c1nc(N1CCCCCC1)n2C[C@@H](O)COc1ccc(Cl)cc1,0
ZINC00625907,DUD_fgfr1_D_38,Cn1c(=O)[nH]c(=O)c2c1[nH+]c(N1CCCCCC1)n2C[C@H](O)COc1ccc(Cl)cc1,0
ZINC00625914,DUD_fgfr1_D_39,CC(C)Sc1nc2c(c(=O)[nH]c(=O)n2C)n1C[C@@H](O)COc1ccc(Cl)cc1,0
ZINC00625914,DUD_fgfr1_D_40,CC(C)Sc1[nH+]c2c(c(=O)[nH]c(=O)n2C)n1C[C@@H](O)COc1ccc(Cl)cc1,0
ZINC00629377,DUD_fgfr1_D_41,Cn1c(=O)[nH]c(=O)c2c1nc(N1CCCC1)n2C[C@@H](O)COc1ccc(Cl)cc1,0
ZINC00629377,DUD_fgfr1_D_42,Cn1c(=O)[nH]c(=O)c2c1[nH+]c(N1CCCC1)n2C[C@@H](O)COc1ccc(Cl)cc1,0
ZINC00629379,DUD_fgfr1_D_43,Cn1c(=O)[nH]c(=O)c2c1nc(N1CCCC1)n2C[C@@H](O)COc1ccc(Cl)cc1,0
ZINC00629379,DUD_fgfr1_D_44,Cn1c(=O)[nH]c(=O)c2c1[nH+]c(N1CCCC1)n2C[C@H](O)COc1ccc(Cl)cc1,0
ZINC00630558,DUD_fgfr1_D_45,Cc1nc2cc(NC(=O)CNS(=O)(=O)c3ccc(C(C)(C)C)cc3)ccc2s1,0
ZINC00630900,DUD_fgfr1_D_46,O=C(NC[C@@H]1CCCO1)c1ccc(CNS(=O)(=O)c2cccc(Cl)c2)cc1,0
ZINC00630903,DUD_fgfr1_D_47,O=C(NC[C@@H]1CCCO1)c1ccc(CNS(=O)(=O)c2cccc(Cl)c2)cc1,0
ZINC00632451,DUD_fgfr1_D_48,Cn1c(=O)[nH]c(=O)c2c1nc(N1CCCCC1)n2C[C@@H](O)COc1ccc(Cl)cc1,0
ZINC00632451,DUD_fgfr1_D_49,Cn1c(=O)[nH]c(=O)c2c1[nH+]c(N1CCCCC1)n2C[C@@H](O)COc1ccc(Cl)cc1,0
ZINC00633991,DUD_fgfr1_D_50,Cn1c(CNC(=O)c2cccs2)nnc1SCC(=O)Nc1ccccc1,0
ZINC00636326,DUD_fgfr1_D_51,CCN(CC)S(=O)(=O)c1cc(C(=O)N[C@@H](C)c2nc3ccccc3[nH]2)ccc1Cl,0
ZINC00636996,DUD_fgfr1_D_52,CC(C)(C)c1ccc(C(=O)Nc2ccc(S(=O)(=O)Nc3nccs3)cc2)cc1,0
ZINC00638496,DUD_fgfr1_D_53,CCOC(=O)NS(=O)(=O)c1cc(C(=O)N[C@@H](C)c2ccccc2OC)ccc1Cl,0
ZINC00638499,DUD_fgfr1_D_54,CCOC(=O)NS(=O)(=O)c1cc(C(=O)N[C@@H](C)c2ccccc2OC)ccc1Cl,0
ZINC00639070,DUD_fgfr1_D_55,COc1cccc(NC(=O)CSC2=C(C#N)[C@@H](c3ccc(Cl)cc3)CC(=O)N2)c1,0
ZINC00639445,DUD_fgfr1_D_56,Cc1ccc(-c2nnc(SCC(=O)Nc3cc(C)c(C)cc3Br)n2N)cc1,0
ZINC00642121,DUD_fgfr1_D_57,COC(=O)c1ccc(O[C@H](C(=O)Nc2cc(N)ccc2Cl)C(=O)C(C)(C)C)cc1,0
ZINC00642316,DUD_fgfr1_D_58,COc1ccccc1NC(=O)CSc1nnc(CNC(=O)c2ccccc2F)n1C,0
ZINC00642320,DUD_fgfr1_D_59,COc1cccc(NC(=O)CSc2nnc(CNC(=O)c3ccccc3F)n2C)c1,0
ZINC00642500,DUD_fgfr1_D_60,S=C(NNc1nnc(-c2ccccc2)c(-c2ccccc2)n1)NC1CCCCC1,0
ZINC00642555,DUD_fgfr1_D_61,CCOC(=O)N1CCc2c(sc3nc(SCc4ccccc4)n(N)c(=O)c23)C1,0
ZINC00643256,DUD_fgfr1_D_62,COc1cc(C(=O)Nc2ccc(NC(=O)c3ccc(F)cc3)cc2)cc(OC)c1OC,0
ZINC00643598,DUD_fgfr1_D_63,COc1ccc(NC(=S)NNC(=O)COc2cccc3c2OC(C)(C)C3)cc1,0
ZINC00645864,DUD_fgfr1_D_64,C=CCn1c(SCC(=O)Nc2cccc(Cl)c2C)nnc1[C@H](O)c1ccccc1,0
ZINC00648757,DUD_fgfr1_D_65,CCOc1ccc(NC(=O)CSc2nnc3c(n2)[nH]c2ccc(F)cc23)cc1,0
ZINC00648775,DUD_fgfr1_D_66,CCn1c(SCC(=O)Nc2cc(Cl)ccc2C)nnc1-c1ccc(O)cc1,0
ZINC00650456,DUD_fgfr1_D_67,COC(=O)c1ccc(NC(=O)CSc2nnc(CNc3ccc(F)cc3)n2C)cc1,0
ZINC00651893,DUD_fgfr1_D_68,CCn1cc(C(=O)OCC(=O)Nc2ccc(Br)cc2)c(=O)c2ccc(C)nc21,0
ZINC00653495,DUD_fgfr1_D_69,Cc1ccc(S(=O)(=O)Nc2ccc(NC(=O)[C@H]3C[C@H]3c3ccc(Cl)cc3)cc2)cc1,0
ZINC00661171,DUD_fgfr1_D_70,COc1cc(NC(=O)c2sc3nc(-c4ccncc4)ccc3c2N)cc(OC)c1OC,0
ZINC00661389,DUD_fgfr1_D_71,COc1ccc(-c2ccc3c(N)c(C(=O)Nc4ccc5c(c4)OCO5)sc3n2)cc1OC,0
ZINC00661492,DUD_fgfr1_D_72,COc1ccc(-c2ccc3c(N)c(C(=O)Nc4cc(OC)ccc4OC)sc3n2)cc1,0
ZINC00661584,DUD_fgfr1_D_73,COc1ccc(-c2ccc3c(N)c(C(=O)Nc4ccc(C(C)=O)cc4)sc3n2)cc1,0
ZINC00662346,DUD_fgfr1_D_74,CCOc1ccc(NC(=O)C[C@@H]2C(=O)N(CC)C(=S)N2NC(=O)c2ccccc2)cc1,0
ZINC00664053,DUD_fgfr1_D_75,Cc1ccc(Cl)cc1NC(=O)COc1ccc(S(=O)(=O)NC(C)C)cc1,0
ZINC00664366,DUD_fgfr1_D_76,Cc1ccc(Cl)cc1NC(=O)COc1ccc(S(=O)(=O)NC2CCCCC2)cc1,0
ZINC00664481,DUD_fgfr1_D_77,CSc1ccc(NC(=O)c2sc3nc4c(c(-c5cccnc5)c3c2N)CCCC4)cc1,0
ZINC00665520,DUD_fgfr1_D_78,COc1cc(OC)cc(C(=O)Nc2ccc(S(=O)(=O)Nc3cccc(Cl)c3)cc2)c1,0
ZINC00665571,DUD_fgfr1_D_79,COc1ccc(Cl)cc1NC(=O)c1ccc(N(C)S(=O)(=O)c2ccc(C)cc2)cc1,0
ZINC00665924,DUD_fgfr1_D_80,COCc1cc(C)nc2sc(C(=O)Nc3ccc(Cl)c(C(=O)OC)c3)c(N)c12,0
ZINC00665927,DUD_fgfr1_D_81,CCOC(=O)c1cc(NC(=O)c2sc3nc(C)cc(COC)c3c2N)ccc1Cl,0
ZINC00667188,DUD_fgfr1_D_82,CC(C)(C)NS(=O)(=O)c1ccc(CCC(=O)Nc2ccc(Cl)cc2)cc1,0
ZINC00667259,DUD_fgfr1_D_83,CC(C)CNS(=O)(=O)c1ccc(OCC(=O)Nc2cccc3ccccc23)c(Cl)c1,0
ZINC00667262,DUD_fgfr1_D_84,Cc1c(Cl)cccc1NC(=O)CCc1ccc(S(=O)(=O)NC(C)(C)C)cc1,0
ZINC00667333,DUD_fgfr1_D_85,CC(C)(C)NS(=O)(=O)c1ccc(CCC(=O)Nc2cccc(C(F)(F)F)c2)cc1,0
ZINC00668920,DUD_fgfr1_D_86,C/C(=N/NC(=O)c1c(Cl)c(C)nn1C)c1ccc(NC(=O)c2ccncc2)cc1,0
ZINC00669183,DUD_fgfr1_D_87,Cc1ccc(C(=O)N[C@H](C)c2nnc(SCC(=O)Nc3ccccc3F)n2C)cc1,0
ZINC00669185,DUD_fgfr1_D_88,Cc1ccc(C(=O)N[C@@H](C)c2nnc(SCC(=O)Nc3ccccc3F)n2C)cc1,0
ZINC00670957,DUD_fgfr1_D_89,O=C(COc1ccc(Cl)cc1)Nc1ccc(S(=O)(=O)N2CCCCCC2)cc1,0
ZINC00671349,DUD_fgfr1_D_90,Cc1cc(Cl)ccc1OCC(=O)Nc1ccc(S(=O)(=O)N2CCCCCC2)cc1,0
ZINC00671354,DUD_fgfr1_D_91,Cc1cc(Cl)ccc1OCC(=O)Nc1ccc(S(=O)(=O)N2CCCCC2)cc1,0
ZINC00672667,DUD_fgfr1_D_92,Cc1ccc(NS(=O)(=O)c2ccc(NC(=O)COc3ccc(Cl)cc3)cc2)c(C)c1,0
ZINC00673584,DUD_fgfr1_D_93,CC(=O)Nc1cccc(/C(C)=N/NC(=O)c2c(-c3ccccc3Cl)noc2C)c1,0
ZINC00673757,DUD_fgfr1_D_94,Cc1cc(C)c(NS(=O)(=O)c2ccc(NC(=O)c3ccc(F)cc3)cc2)c(C)c1,0
ZINC00673765,DUD_fgfr1_D_95,Cc1cc(C)c(NS(=O)(=O)c2ccc(NC(=O)c3ccc(Cl)cc3)cc2)c(C)c1,0
ZINC00673771,DUD_fgfr1_D_96,Cc1cc(C)c(NS(=O)(=O)c2ccc(NC(=O)c3cccs3)cc2)c(C)c1,0
ZINC00674142,DUD_fgfr1_D_97,Cc1cc(C)cc(NS(=O)(=O)c2ccc(NC(=S)Nc3ccccc3)cc2)c1,0
ZINC00675232,DUD_fgfr1_D_98,O=C(COc1ccccc1Cl)Nc1ccc(S(=O)(=O)N2CCCCCC2)cc1,0
ZINC00675241,DUD_fgfr1_D_99,CC1CCN(S(=O)(=O)c2ccc(NC(=O)COc3ccccc3Cl)cc2)CC1,0
ZINC00675629,DUD_fgfr1_D_100,O=C(COc1ccccc1)NC(=S)Nc1ccc(S(=O)(=O)N2CCCCCC2)cc1,0
ZINC00675727,DUD_fgfr1_D_101,CCCC(=O)NC(=S)Nc1ccc(S(=O)(=O)Nc2ccc(OCC)cc2)cc1,0
ZINC00676451,DUD_fgfr1_D_102,O=C(COc1ccccc1Cl)Nc1ccc(S(=O)(=O)NC2CCCCC2)cc1,0
ZINC00676473,DUD_fgfr1_D_103,O=C(Nc1ccc(S(=O)(=O)NC2CCCCC2)cc1)c1sc2ccccc2c1Cl,0
ZINC00676584,DUD_fgfr1_D_104,COc1ccc(Cl)c2c1[nH]c1nc(SCC(=O)Nc3ccc(C)cc3C)nnc12,0
ZINC00676681,DUD_fgfr1_D_105,O=C(NC(=S)Nc1ccc(S(=O)(=O)NC2CCCCC2)cc1)c1ccccc1,0
ZINC00676682,DUD_fgfr1_D_106,O=C(NC(=S)Nc1ccc(S(=O)(=O)NC2CCCCC2)cc1)c1ccc(F)cc1,0
ZINC00677156,DUD_fgfr1_D_107,COc1ccc(CC(=O)NC(=S)Nc2ccc(S(=O)(=O)NC(C)(C)C)cc2)cc1,0
ZINC00677162,DUD_fgfr1_D_108,CC(C)(C)NS(=O)(=O)c1ccc(NC(=S)NC(=O)Cc2ccccc2)cc1,0
ZINC00677165,DUD_fgfr1_D_109,Cc1ccc(C(=O)NC(=S)Nc2ccc(S(=O)(=O)NC(C)(C)C)cc2)cc1,0
ZINC00677168,DUD_fgfr1_D_110,CC(C)(C)NS(=O)(=O)c1ccc(NC(=O)COc2ccccc2Cl)cc1,0
ZINC00677171,DUD_fgfr1_D_111,Cc1cc(OCC(=O)Nc2ccc(S(=O)(=O)NC(C)(C)C)cc2)ccc1Cl,0
ZINC00677186,DUD_fgfr1_D_112,Cc1cc(Cl)ccc1OCC(=O)Nc1ccc(S(=O)(=O)NC(C)(C)C)cc1,0
ZINC00677187,DUD_fgfr1_D_113,CC(C)(C)NS(=O)(=O)c1ccc(NC(=O)COc2ccc(Br)cc2)cc1,0
ZINC00678030,DUD_fgfr1_D_114,COc1cc(C(=O)Nc2ccc(NC(=O)c3cccs3)cc2)cc(OC)c1OC,0
ZINC00678327,DUD_fgfr1_D_115,Cc1ccc2nc(NS(=O)(=O)c3ccc(Cl)cc3)c(Nc3c(C)n[nH]c3C)nc2c1,0
ZINC00678977,DUD_fgfr1_D_116,CC(=O)NS(=O)(=O)c1ccc(NC(=S)NC(=O)c2ccc(C(C)C)cc2)cc1,0
ZINC00679139,DUD_fgfr1_D_117,Cc1cccc(NCc2n[nH]c(SCC(=O)Nc3ccc(Br)cc3)n2)c1,0
ZINC00679232,DUD_fgfr1_D_118,CCC(=O)Nc1ccc2nc(S[C@H](CC)C(=O)Nc3ccc(C(C)=O)cc3)sc2c1,0
ZINC00679234,DUD_fgfr1_D_119,CCC(=O)Nc1ccc2nc(S[C@@H](CC)C(=O)Nc3ccc(C(C)=O)cc3)sc2c1,0
ZINC00683237,DUD_fgfr1_D_120,Cc1cc(C)cc(NC(=O)c2ccc(Cl)c(NS(=O)(=O)c3ccccc3C)c2)c1,0
ZINC00683240,DUD_fgfr1_D_121,Cc1ccccc1S(=O)(=O)Nc1cc(C(=O)NC2CCCCC2)ccc1Cl,0
ZINC00683246,DUD_fgfr1_D_122,Cc1ccccc1S(=O)(=O)Nc1cc(C(=O)NCCC(C)C)ccc1Cl,0
ZINC00683280,DUD_fgfr1_D_123,Cc1ccc(S(=O)(=O)Nc2cc(C(=O)Nc3cc(C)cc(C)c3)ccc2Cl)cc1,0
ZINC00683281,DUD_fgfr1_D_124,Cc1ccc(S(=O)(=O)Nc2cc(C(=O)NCCC(C)C)ccc2Cl)cc1,0
ZINC00683284,DUD_fgfr1_D_125,Cc1ccc(S(=O)(=O)Nc2cc(C(=O)Nc3cc(C)ccn3)ccc2Cl)cc1,0
ZINC00683287,DUD_fgfr1_D_126,Cc1ccc(S(=O)(=O)Nc2cc(C(=O)NC3CCCCC3)ccc2Cl)cc1,0
ZINC00684929,DUD_fgfr1_D_127,CCOC(=O)CN1C(=O)[C@H](Sc2nnc(-c3ccc(O)cc3)[nH]2)CCc2ccccc21,0
ZINC00685048,DUD_fgfr1_D_128,CCOc1cc(C=C2C(=O)NC(=S)NC2=O)ccc1OC(=O)c1ccc(C)cc1,0
ZINC00686487,DUD_fgfr1_D_129,CCn1c(CNC(=O)c2ccccc2C)nnc1SCC(=O)Nc1ccc(F)cc1,0
ZINC00686805,DUD_fgfr1_D_130,Cc1cccc(-c2nnc(SCC(=O)Nc3ccc(Br)c(C)c3)n2N)c1,0
ZINC00686810,DUD_fgfr1_D_131,Cc1ccc(NC(=O)CSc2nnc(-c3ccccc3Cl)n2N)c(C)c1,0
ZINC00687333,DUD_fgfr1_D_132,CCn1c(CNC(=O)c2cccc(C)c2)nnc1SCC(=O)Nc1ccccc1Cl,0
ZINC00687416,DUD_fgfr1_D_133,CC(C)c1ccc(NC(=O)CSc2nnc(-c3ccc(Cl)cc3)n2N)cc1,0
ZINC00687490,DUD_fgfr1_D_134,COc1cccc(NC(=O)CSc2nnc(CNC(=O)c3ccccc3Cl)n2C)c1,0
ZINC00687810,DUD_fgfr1_D_135,COc1ccccc1NC(=O)c1ccc(Cl)c(S(=O)(=O)Nc2ccc(C)c(C)c2)c1,0
ZINC00687837,DUD_fgfr1_D_136,COc1ccc(NC(=O)c2ccc(Cl)c(S(=O)(=O)Nc3ccc(C)cc3)c2)cc1,0
ZINC00687841,DUD_fgfr1_D_137,COc1ccc(NC(=O)c2ccc(Cl)c(S(=O)(=O)Nc3cccc(C)c3)c2)cc1,0
ZINC00690913,DUD_fgfr1_D_138,CSc1ccc([C@@H]2C(C#N)=C(N)N(N(C)C)C3=C2C(=O)C[C@@H](c2ccccc2)C3)cc1,0
ZINC00690919,DUD_fgfr1_D_139,CSc1ccc([C@@H]2C(C#N)=C(N)N(N(C)C)C3=C2C(=O)C[C@@H](c2ccccc2)C3)cc1,0
ZINC00691913,DUD_fgfr1_D_140,O=C(Cc1ccc(Cl)cc1)Nc1ccc(S(=O)(=O)NC[C@@H]2CCCO2)cc1,0
ZINC00691915,DUD_fgfr1_D_141,O=C(Cc1ccc(Cl)cc1)Nc1ccc(S(=O)(=O)NC[C@H]2CCCO2)cc1,0
ZINC00692094,DUD_fgfr1_D_142,CC(C)(C)NS(=O)(=O)c1ccc(NC(=O)Cc2c(F)cccc2Cl)cc1,0
ZINC00705653,DUD_fgfr1_D_143,CCSc1nnc2c(n1)O[C@H](c1cc(OC)c(O)c(OC)c1)Nc1ccccc1-2,0
ZINC00706731,DUD_fgfr1_D_144,COc1ccc(C(=O)c2sc3nc(C)c(C(=O)Nc4ccccc4)c(C)c3c2N)cc1,0
ZINC00706858,DUD_fgfr1_D_145,CC(=O)Nc1ccc(NC(=O)CSc2ncnc3sc4c(c23)CCCC4)cc1,0
ZINC00711511,DUD_fgfr1_D_146,C=C(C)C(=O)Nc1ccc(O)c(-c2nc3ccc(NC(=O)C(=C)C)cc3s2)c1,0
ZINC00711822,DUD_fgfr1_D_147,CCOc1ccc2nc3sc(C(=O)Nc4ccc(C(C)=O)cc4)c(N)c3cc2c1,0
ZINC00712122,DUD_fgfr1_D_148,COc1ccc(-c2sc(NC(=O)CSc3nc4ccccc4[nH]3)nc2C)cc1,0
ZINC00712122,DUD_fgfr1_D_149,COc1ccc(-c2sc(NC(=O)CSc3[nH]c4ccccc4[nH+]3)nc2C)cc1,0
ZINC00715059,DUD_fgfr1_D_150,COc1ccccc1C(=O)Nc1ccc2nc(SCC(=O)NC3CC3)sc2c1,0
ZINC00715893,DUD_fgfr1_D_151,CCOc1ccc(NC(=O)CSC2=C(C#N)[C@H](c3cccs3)CC(=O)N2)cc1,0
ZINC00715895,DUD_fgfr1_D_152,CCOc1ccc(NC(=O)CSC2=C(C#N)[C@@H](c3cccs3)CC(=O)N2)cc1,0
ZINC00719256,DUD_fgfr1_D_153,COc1ccc(C(=O)Nc2cc(S(=O)(=O)c3ccc(Cl)cc3)c(O)c(C)c2C)cc1,0
ZINC00719528,DUD_fgfr1_D_154,O=C(Cn1cnc2sc3c(c2c1=O)CCCC3)N/N=C/c1c[nH]c2ccccc12,0
ZINC00722858,DUD_fgfr1_D_155,COc1ccccc1NC(=O)C[C@H]1S/C(=N\N=C(/C)c2ccc(F)cc2)N=C1O,0
ZINC00724194,DUD_fgfr1_D_156,CC(C)COC(=O)Nc1ccc(S(=O)(=O)Nc2c(Cl)cccc2Cl)cc1,0
ZINC00725742,DUD_fgfr1_D_157,CC(C)Cn1c(N/N=C/C(Br)=C\c2ccccc2)nc2c1c(=O)[nH]c(=O)n2C,0
ZINC00725742,DUD_fgfr1_D_158,CC(C)Cn1c(N/N=C\C(Br)=C/c2ccccc2)[nH+]c2c1c(=O)[nH]c(=O)n2C,0
ZINC00726398,DUD_fgfr1_D_159,Cc1ccc(C(=O)Nc2nnc(CC(=O)N/N=C/c3ccccc3Cl)s2)cc1,0
ZINC00726400,DUD_fgfr1_D_160,Cc1ccc(C(=O)Nc2nnc(CC(=O)N/N=C/c3ccc(Cl)cc3)s2)cc1,0
ZINC00734199,DUD_fgfr1_D_161,Cc1ccc(C(=O)N(Cc2ccc(Cl)cc2)Cc2ccc(S(N)(=O)=O)cc2)cc1,0
ZINC00735589,DUD_fgfr1_D_162,CC1CCN(c2ccc(NC(=O)[C@H](C)Cl)cc2C(=O)NCc2cccnc2)CC1,0
ZINC00735590,DUD_fgfr1_D_163,CC1CCN(c2ccc(NC(=O)[C@H](C)Cl)cc2C(=O)NCc2cccnc2)CC1,0
ZINC00736843,DUD_fgfr1_D_164,C[C@@H](Cl)C(=O)Nc1ccc(N2CCCCC2)c(C(=O)NCc2cccnc2)c1,0
ZINC00736844,DUD_fgfr1_D_165,C[C@@H](Cl)C(=O)Nc1ccc(N2CCCCC2)c(C(=O)NCc2cccnc2)c1,0
ZINC00746462,DUD_fgfr1_D_166,CC(C)CNC(=O)c1cc(NC(=O)c2ccc(Cl)c([N+](=O)[O-])c2)ccc1N(C)C,0
ZINC00749732,DUD_fgfr1_D_167,O=C(Nc1ccc(N2CCCCC2)c(C(=O)NC2CC2)c1)c1ccc([N+](=O)[O-])cc1Cl,0
ZINC00755633,DUD_fgfr1_D_168,COc1ccccc1[C@@H]1C(C#N)=C(N)OC(C)=C1C(=O)Nc1ccc(SC)cc1,0
ZINC00755634,DUD_fgfr1_D_169,COc1ccccc1[C@H]1C(C#N)=C(N)OC(C)=C1C(=O)Nc1ccc(SC)cc1,0
ZINC00758494,DUD_fgfr1_D_170,CC1(C)C[C@@H](N(C[C@@H]2CCCO2)C(=O)c2ccccc2F)c2cc(C(N)=O)ccc2O1,0
ZINC00758625,DUD_fgfr1_D_171,CNC(=S)N(CCc1ccccc1F)[C@@H]1CC(C)(C)Oc2ccc(C(N)=O)cc21,0
ZINC00763079,DUD_fgfr1_D_172,CNC(=S)N(Cc1ccc(OC)cc1)[C@H]1CC(C)(C)Oc2ccc(C(N)=O)cc21,0
ZINC00766055,DUD_fgfr1_D_173,OCc1ccccc1Sc1ccccc1CNc1nsc(N2CCC(O)CC2)n1,0
ZINC00766250,DUD_fgfr1_D_174,OCc1ccccc1Sc1ccccc1CNc1nsc(N2CCC[C@H]2CO)n1,0
ZINC00766400,DUD_fgfr1_D_175,OC[C@@H](Cc1ccccc1)Nc1nsc(N2CCN(c3ccc(F)cc3)CC2)n1,0
ZINC00766402,DUD_fgfr1_D_176,OC[C@H](Cc1ccccc1)Nc1nsc(N2CCN(c3ncccn3)CC2)n1,0
ZINC00766404,DUD_fgfr1_D_177,Cc1cccc(C)c1N1CCN(c2nc(N[C@@H](CO)Cc3ccccc3)ns2)CC1,0
ZINC00766618,DUD_fgfr1_D_178,O[C@@H](CNc1nsc(N2CCN(c3ccc(F)cc3)CC2)n1)c1ccccc1,0
ZINC00766622,DUD_fgfr1_D_179,Cc1cccc(C)c1N1CCN(c2nc(NC[C@H](O)c3ccccc3)ns2)CC1,0
ZINC00773347,DUD_fgfr1_D_180,CCOc1ccccc1-c1onc(-c2ccc(F)cc2)c1C(=O)N[C@@H]1CCCC[C@@H]1O,0
ZINC00773476,DUD_fgfr1_D_181,CCOc1ccccc1-c1onc(-c2ccc(F)cc2)c1C(=O)NC[C@@H](O)CC,0
ZINC00773504,DUD_fgfr1_D_182,CC[C@H](O)CNC(=O)c1c(-c2ccc(F)cc2)noc1-c1ccc(C(C)C)cc1,0
ZINC00773629,DUD_fgfr1_D_183,CC[C@@H](O)CNC(=O)c1c(-c2ccc(F)cc2)noc1-c1ccc(Cl)c([N+](=O)[O-])c1,0
ZINC00773643,DUD_fgfr1_D_184,CCOc1ccccc1-c1onc(-c2ccc(F)cc2)c1C(=O)NCC(C)(C)CO,0
ZINC00773703,DUD_fgfr1_D_185,CC(C)(CO)CNC(=O)c1c(-c2ccc(F)cc2)noc1-c1ccc(Cl)c([N+](=O)[O-])c1,0
ZINC00773823,DUD_fgfr1_D_186,CC(C)c1ccc(-c2onc(-c3ccc(F)cc3)c2C(=O)NC[C@@H](O)CO)cc1,0
ZINC00773963,DUD_fgfr1_D_187,COc1ccc(-c2noc(-c3ccsc3)c2C(=O)N[C@@H]2CCCC[C@H]2O)cc1,0
ZINC00773976,DUD_fgfr1_D_188,COc1ccc(-c2noc(-c3ccc(F)cc3Cl)c2C(=O)N[C@H]2CCCC[C@@H]2O)cc1,0
ZINC00774142,DUD_fgfr1_D_189,CC[C@@H](C)[C@@H](CO)NC(=O)c1c(-c2ccc(OC)cc2)noc1-c1ccc(F)cc1Cl,0
ZINC00774150,DUD_fgfr1_D_190,CC[C@H](O)CNC(=O)c1c(-c2ccc(OC)cc2)noc1-c1ccc(F)cc1Cl,0
ZINC00774191,DUD_fgfr1_D_191,CC[C@H](O)CNC(=O)c1c(-c2ccc(OC)cc2)noc1-c1ccc(Cl)c([N+](=O)[O-])c1,0
ZINC00774256,DUD_fgfr1_D_192,COc1ccc(-c2noc(-c3ccc(F)cc3Cl)c2C(=O)NCC(C)(C)CO)cc1,0
ZINC00774621,DUD_fgfr1_D_193,CCOc1ccccc1-c1onc(-c2ccccc2Cl)c1C(=O)NC[C@@H](O)CC,0
ZINC00774871,DUD_fgfr1_D_194,CC(C)c1ccc(-c2onc(-c3ccccc3Cl)c2C(=O)NC[C@H](O)CO)cc1,0
ZINC00780266,DUD_fgfr1_D_195,CCOc1ccc(NC(=O)[C@H](C)Sc2nc3ccc(NC(C)=O)cc3s2)cc1,0
ZINC00780267,DUD_fgfr1_D_196,CCOc1ccc(NC(=O)[C@@H](C)Sc2nc3ccc(NC(C)=O)cc3s2)cc1,0
ZINC00785004,DUD_fgfr1_D_197,COc1ccc(Nc2nc(N)nc(C[NH+]3CCN(c4ccc(F)cc4)CC3)n2)cc1,0
ZINC00786932,DUD_fgfr1_D_198,CCn1c(CNc2ccc(OC)cc2)nnc1SCC(=O)Nc1ccc(F)cc1,0
ZINC00787312,DUD_fgfr1_D_199,CC(=O)Nc1ccc2nc(SCC(=O)Nc3ccc(C(C)=O)cc3)sc2c1,0
ZINC00787314,DUD_fgfr1_D_200,COc1ccc(OC)c(NC(=O)CSc2nc3ccc(NC(C)=O)cc3s2)c1,0
ZINC00789862,DUD_fgfr1_D_201,Cc1onc(-c2ccccc2Cl)c1C(=O)Nc1ccc(S(=O)(=O)NC(C)(C)C)cc1,0
ZINC00794485,DUD_fgfr1_D_202,CCn1c(SCC(=O)Nc2ccc(NC(C)=O)cc2)nnc1-c1cccs1,0
ZINC00795192,DUD_fgfr1_D_203,COc1cccc(NC(=O)CSC2=C(C#N)[C@@H](c3ccc(F)cc3)CC(=O)N2)c1,0
ZINC00795197,DUD_fgfr1_D_204,COc1ccc(NC(=O)CSC2=C(C#N)[C@@H](c3ccc(F)cc3)CC(=O)N2)cc1,0
ZINC00795218,DUD_fgfr1_D_205,COc1ccc([C@H]2CC(=O)NC(SCC(=O)Nc3ccc(F)cc3)=C2C#N)cc1OC,0
ZINC00795219,DUD_fgfr1_D_206,COc1ccc([C@@H]2CC(=O)NC(SCC(=O)Nc3ccc(F)cc3)=C2C#N)cc1OC,0
ZINC00795388,DUD_fgfr1_D_207,CC(C)(C)NS(=O)(=O)c1ccc(NC(=O)c2sc3ccccc3c2Cl)cc1,0
ZINC00796604,DUD_fgfr1_D_208,Cn1c(=O)[nH]c(=O)c2c1nc(N1CCCCC1)n2CCSc1nc2ccccc2[nH]1,0
ZINC00800522,DUD_fgfr1_D_209,CC(C)Oc1ccc(N2C[C@@H](C(=O)OCC(=O)Nc3ccccc3Cl)CC2=O)cc1,0
ZINC00800733,DUD_fgfr1_D_210,NC(=O)c1c(NC(=O)c2ccc(Cn3cc(Cl)cn3)o2)sc2c1CCCCCC2,0
ZINC00802347,DUD_fgfr1_D_211,COc1ccc(CC(=O)Nc2ccc(C(=O)Nc3nccs3)cc2)cc1OC,0
ZINC00803875,DUD_fgfr1_D_212,COc1cc(CNC(=O)c2sc3nc(-c4ccncc4)ccc3c2N)cc(OC)c1,0
ZINC00803878,DUD_fgfr1_D_213,COc1ccc(CCNC(=O)c2sc3nc(-c4ccncc4)ccc3c2N)cc1OC,0
ZINC00804267,DUD_fgfr1_D_214,COc1ccc(Cl)cc1NC1=NC(=O)C[C@@H](C(=O)Nc2ccc(C)cc2)S1,0
ZINC00804271,DUD_fgfr1_D_215,COc1ccc(NC(=O)[C@@H]2CC(=O)N=C(Nc3cc(Cl)ccc3OC)S2)cc1,0
ZINC00804725,DUD_fgfr1_D_216,CC[C@@H](C)NS(=O)(=O)c1ccc(NC(=O)c2sc3ccccc3c2Cl)cc1,0
ZINC00804726,DUD_fgfr1_D_217,CC[C@H](C)NS(=O)(=O)c1ccc(NC(=O)c2sc3ccccc3c2Cl)cc1,0
ZINC00809862,DUD_fgfr1_D_218,Cc1nc(Nc2nc(CSc3ccc(Cl)cc3)cc(=O)[nH]2)nc2c(C)cccc12,0
ZINC00809862,DUD_fgfr1_D_219,Cc1nc(Nc2nc(=O)cc(CSc3ccc(Cl)cc3)[nH]2)nc2c(C)cccc12,0
ZINC00810892,DUD_fgfr1_D_220,C=CCn1c(SCC(=O)Nc2ncc(C)s2)nnc1-c1ccccc1O,0
ZINC00812087,DUD_fgfr1_D_221,COc1ccc(NC(=O)c2ccco2)cc1NC(=O)COc1cc(C)c(Cl)c(C)c1,0
ZINC00812976,DUD_fgfr1_D_222,CCOc1ccc2nc(NC(=O)CSc3nnc(-c4ccccc4)n3C)sc2c1,0
ZINC00813799,DUD_fgfr1_D_223,CCn1c(SCC(=O)Nc2nccs2)nnc1-c1cc2cccc(OC)c2o1,0
ZINC00815539,DUD_fgfr1_D_224,O=C(Cc1c(F)cccc1Cl)Nc1ccc(S(=O)(=O)NC[C@@H]2CCCO2)cc1,0
ZINC00815541,DUD_fgfr1_D_225,O=C(Cc1c(F)cccc1Cl)Nc1ccc(S(=O)(=O)NC[C@H]2CCCO2)cc1,0
ZINC00815647,DUD_fgfr1_D_226,CCOc1ccccc1NC(=O)CSc1nc2ccc(NC(C)=O)cc2s1,0
ZINC00815673,DUD_fgfr1_D_227,CCOC(=O)c1ccc(NC(=O)CSc2nc3ccc(N)cc3s2)cc1,0
ZINC00815674,DUD_fgfr1_D_228,CCC(=O)Nc1ccc2nc(SCC(=O)Nc3cccc(C(C)=O)c3)sc2c1,0
ZINC00816541,DUD_fgfr1_D_229,CC(=O)Nc1ccc(OC[C@@H](O)C[NH+]2CCN(c3ccc(C)c(Cl)c3)CC2)cc1,0
ZINC00816542,DUD_fgfr1_D_230,CC(=O)Nc1ccc(OC[C@@H](O)C[NH+]2CCN(c3ccc(C)c(Cl)c3)CC2)cc1,0
ZINC00816547,DUD_fgfr1_D_231,CC(=O)Nc1ccc(OC[C@H](O)C[NH+]2CCN(c3ccc(F)cc3)CC2)cc1,0
ZINC00816548,DUD_fgfr1_D_232,CC(=O)Nc1ccc(OC[C@H](O)C[NH+]2CCN(c3ccc(F)cc3)CC2)cc1,0
ZINC00816555,DUD_fgfr1_D_233,CC(=O)Nc1ccc(OC[C@H](O)C[NH+]2CCN(c3cc(Cl)ccc3C)CC2)cc1,0
ZINC00816556,DUD_fgfr1_D_234,CC(=O)Nc1ccc(OC[C@@H](O)C[NH+]2CCN(c3cc(Cl)ccc3C)CC2)cc1,0
ZINC00821801,DUD_fgfr1_D_235,CC[C@@H](C)NC(=O)c1ccc2nc(NC(=O)c3ccc([N+](=O)[O-])cc3)sc2c1,0
ZINC00826740,DUD_fgfr1_D_236,O=C(Nc1ccccc1)c1cc(S(=O)(=O)NC2CCCCC2)ccc1Br,0
ZINC00828753,DUD_fgfr1_D_237,Cn1c(=O)[nH]c(=O)c2c1nc(N1CCCCCC1)n2C[C@H](O)COc1ccc(Cl)cc1,0
ZINC00828753,DUD_fgfr1_D_238,Cn1c(=O)[nH]c(=O)c2c1[nH+]c(N1CCCCCC1)n2C[C@@H](O)COc1ccc(Cl)cc1,0
ZINC00828781,DUD_fgfr1_D_239,CC(C)Sc1nc2c(c(=O)[nH]c(=O)n2C)n1C[C@H](O)COc1ccc(Cl)cc1,0
ZINC00828781,DUD_fgfr1_D_240,CC(C)Sc1[nH+]c2c(c(=O)[nH]c(=O)n2C)n1C[C@H](O)COc1ccc(Cl)cc1,0
ZINC00830257,DUD_fgfr1_D_241,CC(C)COC(=O)Nc1ccc(S(=O)(=O)Nc2ccc(Br)cc2)cc1,0
ZINC00832271,DUD_fgfr1_D_242,COc1ccc(NS(=O)(=O)c2ccc(Cl)c(C(=O)Nc3cccc(C)c3)c2)cc1,0
ZINC00833654,DUD_fgfr1_D_243,CC(C)(O)CCC(=O)C[C@H]1c2ccccc2C(=O)N1c1ccc2ccc(Cl)nc2n1,0
ZINC00838074,DUD_fgfr1_D_244,COc1cc(OC)c(OC)cc1/C=N\NC(=O)c1cc(-c2ccc(Cl)cc2)n[nH]1,0
ZINC00838074,DUD_fgfr1_D_245,COc1cc(OC)c(OC)cc1/C=N/NC(=O)c1cc(-c2ccc(Cl)cc2)[nH]n1,0
ZINC00838369,DUD_fgfr1_D_246,COc1ccccc1NC(=O)c1sc(NC(=O)c2ccc(F)cc2)c(C#N)c1C,0
ZINC00838414,DUD_fgfr1_D_247,COc1ccccc1NC(=O)c1sc(NC(=O)Cc2cccs2)c(C#N)c1C,0
ZINC00839257,DUD_fgfr1_D_248,CCn1c(=S)[nH]c2cc3c(NCc4ccccc4C[N@@H+]4CC=CCC4)ncnc3cc21,0
ZINC00840526,DUD_fgfr1_D_249,O=C(N[C@@H](Cc1ccccc1)C(=O)N1CCC[C@@H](O)C1)c1cc2cc(Cl)ccc2[nH]1,0
ZINC00841659,DUD_fgfr1_D_250,Nc1ccc(CC2CC[NH+](C[C@@H]3CN(c4ccc(Cl)cc4)C(=O)O3)CC2)cc1,0
ZINC00847493,DUD_fgfr1_D_251,Cc1ccc(Nc2nc(Nc3ccc(C)cc3)nc(Sc3nnc[nH]3)n2)cc1,0
ZINC00847494,DUD_fgfr1_D_252,Cc1ccc(Nc2nc(Nc3ccc(C)cc3)nc(Sc3nncn3C)n2)cc1,0
ZINC00852501,DUD_fgfr1_D_253,Cc1ccc(NCc2n[nH]c(SCC(=O)Nc3ccc(Cl)cc3)n2)cc1,0
ZINC00852505,DUD_fgfr1_D_254,COc1ccc(Cl)cc1NC(=O)CSc1nc(CNc2cccc(C)c2)n[nH]1,0
ZINC00852557,DUD_fgfr1_D_255,CC(C)(C)c1ccc(OCC(=O)Nc2cccc(C(=O)Nc3nccs3)c2)cc1,0
ZINC00855890,DUD_fgfr1_D_256,O=C(Nc1ccc(S(=O)(=O)Nc2ccc(Br)cc2)cc1)C1CCCCC1,0
ZINC00856430,DUD_fgfr1_D_257,COc1ccc(OC)c(NC(=O)CSc2nc(-c3cccc(C)c3)n[nH]2)c1,0
ZINC00856738,DUD_fgfr1_D_258,Cc1ccc2c(c1)NC(C)(C)c1ss/c(=N/c3ccc(S(N)(=O)=O)cc3)c1-2,0
ZINC00857409,DUD_fgfr1_D_259,COc1ccc(-c2n[nH]c(S[C@@H](C)C(=O)Nc3ccc(C)c([N+](=O)[O-])c3)n2)cc1,0
ZINC00857410,DUD_fgfr1_D_260,COc1ccc(-c2n[nH]c(S[C@@H](C)C(=O)Nc3ccc(C)c([N+](=O)[O-])c3)n2)cc1,0
ZINC00858262,DUD_fgfr1_D_261,COc1ccc2nc(NC(=O)c3ccc(NC(=O)C4CCCCC4)cc3)sc2c1,0
ZINC00858354,DUD_fgfr1_D_262,Cc1ccc(C(=O)[C@H](NC(=O)c2ccco2)Nc2sc3c(c2C(N)=O)CCCC3)cc1,0
ZINC00859152,DUD_fgfr1_D_263,COc1ccccc1NC(=O)C1=C(C)Nc2sc(C#N)c(N)c2[C@H]1c1ccco1,0
ZINC00860683,DUD_fgfr1_D_264,CC(C)CC(=O)NS(=O)(=O)c1ccc(NC(=O)c2ccccc2Cl)cc1,0
ZINC00860688,DUD_fgfr1_D_265,CC(C)CC(=O)NS(=O)(=O)c1ccc(NC(=O)c2cccc(Br)c2)cc1,0
ZINC00861977,DUD_fgfr1_D_266,O=C(Nc1ccc(Br)cc1)[C@H]1C[C@H](O)CN1C(=O)OCc1ccccc1,0
ZINC00862123,DUD_fgfr1_D_267,COC(=O)c1ccc(NC(=O)c2sc3nc4ccc(OC)cc4cc3c2N)cc1,0
ZINC00862124,DUD_fgfr1_D_268,CCOC(=O)c1cccc(NC(=O)c2sc3nc4ccc(OC)cc4cc3c2N)c1,0
ZINC00862170,DUD_fgfr1_D_269,CCc1cccc(C)c1NC(=O)CSc1nnc(CNc2ccc(F)cc2)o1,0
ZINC00862291,DUD_fgfr1_D_270,COc1ccc(C(=O)Oc2cc(C=C3C(=O)NC(=S)NC3=O)ccc2OC)cc1,0
ZINC00862667,DUD_fgfr1_D_271,COc1ccc(CC(=O)NNC(=S)Nc2ccccc2)cc1C[NH+]1CCOCC1,0
ZINC00863304,DUD_fgfr1_D_272,Cc1ccccc1C(=O)Nc1sc2c(c1/C=N\NC(=O)c1cccnc1)CCCC2,0
ZINC00867268,DUD_fgfr1_D_273,COc1ccccc1NC(=O)CSc1nc2ccc(NC(C)=O)cc2s1,0
ZINC00867757,DUD_fgfr1_D_274,COc1cc(/C=N\NC(=O)c2cc(-c3ccccc3Cl)n[nH]2)cc(OC)c1OC,0
ZINC00867757,DUD_fgfr1_D_275,COc1cc(/C=N/NC(=O)c2cc(-c3ccccc3Cl)[nH]n2)cc(OC)c1OC,0
ZINC00867759,DUD_fgfr1_D_276,COc1cc(OC)c(OC)cc1/C=N/NC(=O)c1cc(-c2ccccc2Cl)n[nH]1,0
ZINC00867759,DUD_fgfr1_D_277,COc1cc(OC)c(OC)cc1/C=N/NC(=O)c1cc(-c2ccccc2Cl)[nH]n1,0
ZINC00868390,DUD_fgfr1_D_278,COc1cc(/C=N\NC(=O)c2cc(C)n[nH]2)ccc1OC(=O)c1ccccc1Cl,0
ZINC00868390,DUD_fgfr1_D_279,COc1cc(/C=N\NC(=O)c2cc(C)[nH]n2)ccc1OC(=O)c1ccccc1Cl,0
ZINC00868493,DUD_fgfr1_D_280,COC(=O)CN1C(=S)N(c2ccc(OC)cc2)C(=O)[C@@H]1CC(=O)Nc1ccc(F)cc1,0
ZINC00870232,DUD_fgfr1_D_281,CCN1C(=O)C[C@H](C(=O)Nc2ccc(F)cc2)S/C1=N\c1ccc(C(=O)OC)cc1,0
ZINC00870234,DUD_fgfr1_D_282,CCN1C(=O)C[C@@H](C(=O)Nc2ccc(F)cc2)S/C1=N\c1ccc(C(=O)OC)cc1,0
ZINC00870382,DUD_fgfr1_D_283,COc1ccc(NCc2nnc(SCC(=O)Nc3c(C)cccc3C)o2)cc1,0
ZINC00870436,DUD_fgfr1_D_284,Cc1ccc(NCc2nnc(SCC(=O)Nc3ccc(Cl)cc3)o2)c(C)c1,0
ZINC00870439,DUD_fgfr1_D_285,Cc1ccc(NCc2nnc(SCC(=O)Nc3ccc(Br)cc3)o2)c(C)c1,0
ZINC00870646,DUD_fgfr1_D_286,COc1ccc(NC(=O)[C@@H]2CC(=O)N/C(=N/N=C(\C)c3ccccc3)S2)cc1,0
ZINC00871671,DUD_fgfr1_D_287,Cc1cc(Br)ccc1NC(=O)[C@H]1C[C@H](O)CN1C(=O)OCc1ccccc1,0
ZINC00871672,DUD_fgfr1_D_288,Cc1cc(Br)ccc1NC(=O)[C@@H]1C[C@@H](O)CN1C(=O)OCc1ccccc1,0
ZINC00871673,DUD_fgfr1_D_289,Cc1cc(Br)ccc1NC(=O)[C@H]1C[C@@H](O)CN1C(=O)OCc1ccccc1,0
ZINC00871674,DUD_fgfr1_D_290,Cc1cc(Br)ccc1NC(=O)[C@@H]1C[C@H](O)CN1C(=O)OCc1ccccc1,0
ZINC00872279,DUD_fgfr1_D_291,COc1ccc2[nH]c(SCC(=O)Nc3nc4ccc(OC)cc4s3)nc2c1,0
ZINC00872279,DUD_fgfr1_D_292,COc1ccc2[nH]c(SCC(=O)Nc3nc4ccc(OC)cc4s3)[nH+]c2c1,0
ZINC00872279,DUD_fgfr1_D_293,COc1ccc2nc(SCC(=O)Nc3nc4ccc(OC)cc4s3)[nH]c2c1,0
ZINC00873585,DUD_fgfr1_D_294,COc1ccc(NC(=O)CSc2nc(CNc3cccc(C)c3)n[nH]2)cc1,0
ZINC00873957,DUD_fgfr1_D_295,CCn1c(CNc2ccc(F)cc2)nnc1SCC(=O)Nc1ncc(C)s1,0
ZINC00874002,DUD_fgfr1_D_296,Cc1ccc(NC(=O)CSc2nnc(CNc3ccc(F)cc3)n2C)cc1[N+](=O)[O-],0
ZINC00874005,DUD_fgfr1_D_297,CC(=O)c1ccc(NC(=O)CSc2nnc(CNc3ccc(F)cc3)n2C)cc1,0
ZINC00874007,DUD_fgfr1_D_298,COc1ccc(NC(=O)CSc2nnc(CNc3ccc(F)cc3)n2C)cc1,0
ZINC00874009,DUD_fgfr1_D_299,COc1ccccc1NC(=O)CSc1nnc(CNc2ccc(F)cc2)n1C,0
ZINC00874647,DUD_fgfr1_D_300,Cc1ccc2[nH]c(=O)c(CN(C[C@H]3CCCO3)C(=S)Nc3ccc(F)cc3)cc2c1,0
ZINC00874647,DUD_fgfr1_D_301,Cc1ccc2nc(O)c(CN(C[C@@H]3CCCO3)C(=S)Nc3ccc(F)cc3)cc2c1,0
ZINC00875815,DUD_fgfr1_D_302,Cc1ccc(OCC(=O)Nc2nc(CC(=O)Nc3ccc(C)cc3C)cs2)cc1,0
ZINC00876448,DUD_fgfr1_D_303,CCC(=O)Nc1ccc2nc(SCC(=O)Nc3ccc(C(C)=O)cc3)sc2c1,0
ZINC00877401,DUD_fgfr1_D_304,CCC(=O)Nc1ccc2nc(SCC(=O)Nc3ccccc3OC)sc2c1,0
ZINC00877518,DUD_fgfr1_D_305,CC[C@@H](Sc1nnc2c(n1)[nH]c1ccccc12)C(=O)Nc1nc2ccccc2s1,0
ZINC00878059,DUD_fgfr1_D_306,COc1ccc(OC)c(NC(=O)CSc2nnc3c(n2)[nH]c2ccc(C)cc23)c1,0
ZINC00878472,DUD_fgfr1_D_307,Cc1ccc(C)c2[nH]c(=O)c(CN(CCO)C(=S)Nc3cccc(Cl)c3)cc12,0
ZINC00878473,DUD_fgfr1_D_308,Cc1ccc(C)c2[nH]c(=O)c(CN(CCO)C(=S)Nc3ccc(F)cc3)cc12,0
ZINC00878477,DUD_fgfr1_D_309,Cc1ccc(C)c2[nH]c(=O)c(CN(CCO)C(=S)NCc3ccccc3)cc12,0
ZINC00878825,DUD_fgfr1_D_310,Cc1cc2cc(CN(CCO)C(=S)Nc3cccc(Cl)c3)c(=O)[nH]c2cc1C,0
ZINC00878827,DUD_fgfr1_D_311,Cc1cc2cc(CN(CCO)C(=S)Nc3ccc(F)cc3)c(=O)[nH]c2cc1C,0
ZINC00878834,DUD_fgfr1_D_312,Cc1cc2cc(CN(CCO)C(=S)NCc3ccccc3)c(=O)[nH]c2cc1C,0
ZINC00879074,DUD_fgfr1_D_313,CCOc1ccc2[nH]c3nc(SCC(=O)Nc4ccc(N(C)C)cc4)nnc3c2c1,0
ZINC00879353,DUD_fgfr1_D_314,CCOc1ccc2[nH]c(=O)c(CN(CCO)C(=S)Nc3cccc(Cl)c3)cc2c1,0
ZINC00879353,DUD_fgfr1_D_315,CCOc1ccc2nc(O)c(CN(CCO)C(=S)Nc3cccc(Cl)c3)cc2c1,0
ZINC00881131,DUD_fgfr1_D_316,COc1cc(/C=N\NC(=O)c2cc(C)n[nH]2)ccc1OC(=O)c1cccc(F)c1,0
ZINC00881131,DUD_fgfr1_D_317,COc1cc(/C=N/NC(=O)c2cc(C)[nH]n2)ccc1OC(=O)c1cccc(F)c1,0
ZINC00881272,DUD_fgfr1_D_318,COc1ccc2nc(C)cc(SCC(=O)Nc3ccc(NC(C)=O)cc3)c2c1,0
ZINC00882491,DUD_fgfr1_D_319,Cn1c(SCC(=O)Nc2nc3c(s2)CCCC3)nnc1-c1ccc(O)cc1,0
ZINC00884421,DUD_fgfr1_D_320,Cc1ccc2[nH]c(=O)c(CN(Cc3cccs3)C(=S)NC[C@@H]3CCCO3)cc2c1,0
ZINC00884421,DUD_fgfr1_D_321,Cc1ccc2nc(O)c(CN(Cc3cccs3)C(=S)NC[C@@H]3CCCO3)cc2c1,0
ZINC00885172,DUD_fgfr1_D_322,COC(=O)c1ccccc1NC(=S)N(CCO)Cc1cc2cc(C)c(C)cc2[nH]c1=O,0
ZINC00886706,DUD_fgfr1_D_323,CCn1c(SCC(=O)Nc2ccc(C)c(Cl)c2)nnc1-c1ccc(O)cc1,0
ZINC00886841,DUD_fgfr1_D_324,COc1ccc(OC)c(NC(=O)CSc2nnc3c(n2)[nH]c2ccc(F)cc23)c1,0
ZINC00886980,DUD_fgfr1_D_325,CCn1c(CNc2ccc(C)cc2)nnc1SCC(=O)Nc1ncc(C)s1,0
ZINC00891027,DUD_fgfr1_D_326,Cc1ccc(NC(=O)Cn2cc(F)c(=O)n(CC(=O)Nc3ccc(C)cc3)c2=O)cc1,0
ZINC00891062,DUD_fgfr1_D_327,CC(C)CNC(=S)N(Cc1ccccc1)Cc1cc2cc3c(cc2[nH]c1=O)OCCO3,0
ZINC00891062,DUD_fgfr1_D_328,CC(C)CNC(=S)N(Cc1ccccc1)Cc1cc2cc3c(cc2nc1O)OCCO3,0
ZINC00891117,DUD_fgfr1_D_329,CC(C)CNC(=S)N(Cc1cccnc1)Cc1cc2cc3c(cc2nc1O)OCCO3,0
ZINC00891117,DUD_fgfr1_D_330,CC(C)CNC(=S)N(Cc1cccnc1)Cc1cc2cc3c(cc2nc1O)OCCO3,0
ZINC00891135,DUD_fgfr1_D_331,Cc1ccc(NC(=S)N(CCO)Cc2cc3cc4c(cc3nc2O)OCCO4)cc1,0
ZINC00891135,DUD_fgfr1_D_332,Cc1ccc(NC(=S)N(CCO)Cc2cc3cc4c(cc3nc2O)OCCO4)cc1,0
ZINC00891136,DUD_fgfr1_D_333,OCCN(Cc1cc2cc3c(cc2nc1O)OCCO3)C(=S)Nc1cccc(Cl)c1,0
ZINC00891136,DUD_fgfr1_D_334,OCCN(Cc1cc2cc3c(cc2nc1O)OCCO3)C(=S)Nc1cccc(Cl)c1,0
ZINC00891138,DUD_fgfr1_D_335,OCCN(Cc1cc2cc3c(cc2nc1O)OCCO3)C(=S)Nc1ccc(F)cc1,0
ZINC00891138,DUD_fgfr1_D_336,OCCN(Cc1cc2cc3c(cc2nc1O)OCCO3)C(=S)Nc1ccc(F)cc1,0
ZINC00891139,DUD_fgfr1_D_337,COc1ccc(NC(=S)N(CCO)Cc2cc3cc4c(cc3nc2O)OCCO4)cc1,0
ZINC00891139,DUD_fgfr1_D_338,COc1ccc(NC(=S)N(CCO)Cc2cc3cc4c(cc3nc2O)OCCO4)cc1,0
ZINC00891140,DUD_fgfr1_D_339,COc1ccccc1NC(=S)N(CCO)Cc1cc2cc3c(cc2nc1O)OCCO3,0
ZINC00891140,DUD_fgfr1_D_340,COc1ccccc1NC(=S)N(CCO)Cc1cc2cc3c(cc2nc1O)OCCO3,0
ZINC00891142,DUD_fgfr1_D_341,Cc1cccc(NC(=S)N(CCO)Cc2cc3cc4c(cc3nc2O)OCCO4)c1,0
ZINC00891142,DUD_fgfr1_D_342,Cc1cccc(NC(=S)N(CCO)Cc2cc3cc4c(cc3nc2O)OCCO4)c1,0
ZINC00891144,DUD_fgfr1_D_343,Cc1ccc(NC(=S)N(CCO)Cc2cc3cc4c(cc3nc2O)OCCO4)c(C)c1,0
ZINC00891144,DUD_fgfr1_D_344,Cc1ccc(NC(=S)N(CCO)Cc2cc3cc4c(cc3nc2O)OCCO4)c(C)c1,0
ZINC00891615,DUD_fgfr1_D_345,CCOc1ccc2cc3c(N)c(C(=O)Nc4ccc(C(C)=O)cc4)sc3nc2c1,0
ZINC00891618,DUD_fgfr1_D_346,CCOc1ccc2cc3c(N)c(C(=O)Nc4cccc(C(=O)OC)c4)sc3nc2c1,0
ZINC00892161,DUD_fgfr1_D_347,Cn1c(CCc2nc3ccccc3[nH]2)nnc1SCC(=O)Nc1ccccc1Cl,0
ZINC00895315,DUD_fgfr1_D_348,COc1cc2cc(CN(CCO)C(=S)Nc3cccc(Cl)c3)c(=O)[nH]c2cc1OC,0
ZINC00895317,DUD_fgfr1_D_349,COc1cc2cc(CN(CCO)C(=S)Nc3ccc(F)cc3)c(=O)[nH]c2cc1OC,0
ZINC00898638,DUD_fgfr1_D_350,Cc1ccc(NCc2n[nH]c(SCC(=O)Nc3ccc(C)cc3Br)n2)cc1,0
ZINC00902685,DUD_fgfr1_D_351,COc1ccc(OC)c(NC2=NC(=O)C[C@@H](C(=O)Nc3ccc(F)cc3)S2)c1,0
ZINC00902686,DUD_fgfr1_D_352,COc1ccc(OC)c(NC2=NC(=O)C[C@@H](C(=O)Nc3ccc(F)cc3)S2)c1,0
ZINC00902688,DUD_fgfr1_D_353,CCc1ccccc1NC(=O)[C@H]1CC(=O)N=C(Nc2cc(OC)ccc2OC)S1,0
ZINC00902690,DUD_fgfr1_D_354,CCc1ccccc1NC(=O)[C@H]1CC(=O)N=C(Nc2cc(OC)ccc2OC)S1,0
ZINC00904559,DUD_fgfr1_D_355,O=C(CSc1nnc(-c2ccccc2O)n1C[C@H]1CCCO1)Nc1cccc(F)c1,0
ZINC00904560,DUD_fgfr1_D_356,O=C(CSc1nnc(-c2ccccc2O)n1C[C@@H]1CCCO1)Nc1cccc(F)c1,0
ZINC00905072,DUD_fgfr1_D_357,Cc1ccc(NCc2nnc(SCC(=O)Nc3nc(C)cs3)n2C)cc1,0
ZINC00905111,DUD_fgfr1_D_358,Cc1cc(NC(=O)CSc2nnc(CNc3ccc(F)cc3)n2C2CCCCC2)no1,0
ZINC00906787,DUD_fgfr1_D_359,CC(=O)c1cccc(NC(=O)CSc2nnc(CNc3ccc(Cl)cc3)n2C)c1,0
ZINC00907364,DUD_fgfr1_D_360,CCn1c(SCC(=O)Nc2cccc(Cl)c2C)nnc1-c1ccc(O)cc1,0
ZINC00907418,DUD_fgfr1_D_361,CCOC(=O)c1ccc(NC(=O)c2sc3nc4ccc(OCC)cc4cc3c2N)cc1,0
ZINC00908049,DUD_fgfr1_D_362,CCOc1ccc(NC(=O)CSc2nnc3c(n2)[nH]c2ccc(OC)cc23)cc1,0
ZINC00908052,DUD_fgfr1_D_363,COc1ccc(NC(=O)CSc2nnc3c(n2)[nH]c2ccc(OC)cc23)c(OC)c1,0
ZINC00908053,DUD_fgfr1_D_364,COc1ccc(OC)c(NC(=O)CSc2nnc3c(n2)[nH]c2ccc(OC)cc23)c1,0
ZINC00908054,DUD_fgfr1_D_365,COc1cc(NC(=O)CSc2nnc3c(n2)[nH]c2ccc(OC)cc23)cc(OC)c1,0
ZINC00908062,DUD_fgfr1_D_366,COc1ccc2[nH]c3nc(SCC(=O)Nc4cc(C)ccc4OC)nnc3c2c1,0
ZINC00908070,DUD_fgfr1_D_367,COc1ccc2[nH]c3nc(SCC(=O)Nc4cc(Cl)ccc4OC)nnc3c2c1,0
ZINC00910007,DUD_fgfr1_D_368,COc1ccc(Cl)cc1Nc1nc(NCc2ccco2)nc(N2CCOCC2)n1,0
ZINC00911841,DUD_fgfr1_D_369,CC[C@H](C)NC(=O)c1ccc2nc(NC(=O)c3ccc(C(=O)OC)cc3)sc2c1,0
ZINC00911843,DUD_fgfr1_D_370,CC[C@H](C)NC(=O)c1ccc2nc(NC(=O)c3ccc(C(=O)OC)cc3)sc2c1,0
ZINC00914748,DUD_fgfr1_D_371,Cc1ccc(Cl)cc1S(=O)(=O)N(CCO)Cc1cc2c(C)ccc(C)c2[nH]c1=O,0
ZINC00917686,DUD_fgfr1_D_372,Cc1ccc(NCc2nnc(SCC(=O)Nc3ncc(C)s3)n2C)cc1,0
ZINC00917727,DUD_fgfr1_D_373,COc1cc(C(=O)Nc2cccc(NC(=O)c3cccs3)c2)cc(OC)c1OC,0
ZINC00917732,DUD_fgfr1_D_374,COc1ccc(NC(=O)CSc2nnc3c(n2)[nH]c2c(OC)ccc(Cl)c23)cc1,0
ZINC00917823,DUD_fgfr1_D_375,CCC(=O)Nc1cc(NC(=O)CSc2ncnc3sc(C)c(C)c23)ccc1C,0
ZINC00917859,DUD_fgfr1_D_376,COc1ccc(NCc2nnc(SCC(=O)Nc3cccc(Cl)c3C)n2C)cc1,0
ZINC00917862,DUD_fgfr1_D_377,COc1ccc(NCc2nnc(SCC(=O)Nc3ccc(F)cc3)n2C)cc1,0
ZINC00920237,DUD_fgfr1_D_378,Cc1ccc(C)c(NC(=S)N(CCO)Cc2cc3cc4c(cc3nc2O)OCCO4)c1,0
ZINC00920237,DUD_fgfr1_D_379,Cc1ccc(C)c(NC(=S)N(CCO)Cc2cc3cc4c(cc3nc2O)OCCO4)c1,0
ZINC00920488,DUD_fgfr1_D_380,COc1ccc(C(=O)NNC(=O)CSc2ncc(-c3ccc(F)cc3)[nH]2)cc1OC,0
ZINC00925056,DUD_fgfr1_D_381,CC(=O)c1ccc(NC(=O)[C@@H](C)Sc2nnc(C)n2-c2cccc(Cl)c2)cc1,0
ZINC00928811,DUD_fgfr1_D_382,CCOc1cc(NC(=O)c2cccnc2)c(OCC)cc1NC(=O)c1ccc(F)cc1,0
ZINC00928895,DUD_fgfr1_D_383,CCC(=O)Nc1ccc(NC(=O)CSc2ncnc3sc4c(c23)CCCC4)cc1,0
ZINC00928940,DUD_fgfr1_D_384,CCC(=O)Nc1ccc(NC(=O)CSc2ncnc3sc(C)c(C)c23)cc1,0
ZINC00928944,DUD_fgfr1_D_385,CCC(=O)Nc1cccc(NC(=O)CSc2ncnc3sc(C)c(C)c23)c1,0
ZINC00929249,DUD_fgfr1_D_386,CCC(=O)Nc1ccc(NC(=O)CSc2ncnc3sc(C)c(C)c23)cc1OC,0
ZINC00929379,DUD_fgfr1_D_387,CCOc1cc(NC(=O)c2cccs2)c(OCC)cc1NC(=O)c1ccncc1,0
ZINC00929953,DUD_fgfr1_D_388,Cc1ccc(NC(=O)CSc2nnc(CCc3nc4ccccc4[nH]3)n2C)cc1Cl,0
ZINC00929953,DUD_fgfr1_D_389,Cc1ccc(NC(=O)CSc2nnc(CCc3[nH]c4ccccc4[nH+]3)n2C)cc1Cl,0
ZINC00929954,DUD_fgfr1_D_390,Cc1c(Cl)cccc1NC(=O)CSc1nnc(CCc2nc3ccccc3[nH]2)n1C,0
ZINC00929954,DUD_fgfr1_D_391,Cc1c(Cl)cccc1NC(=O)CSc1nnc(CCc2[nH]c3ccccc3[nH+]2)n1C,0
ZINC00930046,DUD_fgfr1_D_392,CCC(=O)Nc1ccc(NC(=O)CSc2nc3cc4c(cc3cc2C)OCO4)cc1,0
ZINC00930571,DUD_fgfr1_D_393,CCn1c(SCC(=O)Nc2ccc(C)c(N)c2)nnc1-c1ccc(Cl)cc1,0
ZINC00930572,DUD_fgfr1_D_394,CCn1c(SCC(=O)Nc2ccc(OC)cc2N)nnc1-c1ccc(Cl)cc1,0
ZINC00931572,DUD_fgfr1_D_395,Cc1cc2cc(CN(Cc3ccco3)C(=S)NC[C@@H]3CCCO3)c(=O)[nH]c2cc1Cl,0
ZINC00933931,DUD_fgfr1_D_396,Cc1ccc2[nH]c(=O)c(CN(Cc3cccnc3)C(=S)NC[C@@H]3CCCO3)cc2c1,0
ZINC00933931,DUD_fgfr1_D_397,Cc1ccc2nc(O)c(CN(Cc3cccnc3)C(=S)NC[C@@H]3CCCO3)cc2c1,0
ZINC00936861,DUD_fgfr1_D_398,COc1cc([C@H]2C(C(N)=O)=C(C)Nc3ncnn32)ccc1OCc1ccccc1F,0
ZINC00937615,DUD_fgfr1_D_399,Cc1ccccc1C(=O)Nc1nc2ccc(S(=O)(=O)NCC(C)C)cc2s1,0
ZINC00937616,DUD_fgfr1_D_400,CC(C)CNS(=O)(=O)c1ccc2nc(NC(=O)c3ccccc3Cl)sc2c1,0
ZINC00937639,DUD_fgfr1_D_401,O=C(Cc1ccc(Cl)cc1)Nc1ccc(S(=O)(=O)NC2CCCCC2)cc1,0
ZINC00944675,DUD_fgfr1_D_402,COC(=O)c1ccc(NC(=O)CSc2nnc3scc(-c4ccc(C)cc4)n23)cc1,0
ZINC00944969,DUD_fgfr1_D_403,CC(C)(C)c1cc(Br)ccc1OCC(=O)Nc1ccc(S(N)(=O)=O)cc1,0
ZINC00948540,DUD_fgfr1_D_404,C[C@@H]1CCc2c(sc3ncn(CC(=O)N/N=C\c4c[nH]c5ccccc45)c(=O)c23)C1,0
ZINC00954797,DUD_fgfr1_D_405,C[C@H](C(=O)N/N=C/c1ccc(O)cc1)n1cnc2sc3c(c2c1=O)CCCC3,0
ZINC00954799,DUD_fgfr1_D_406,C[C@@H](C(=O)N/N=C/c1ccc(O)cc1)n1cnc2sc3c(c2c1=O)CCCC3,0
ZINC00954828,DUD_fgfr1_D_407,C[C@H]1CCc2c(sc3ncn([C@H](C)C(=O)N/N=C\c4ccccc4O)c(=O)c23)C1,0
ZINC00955447,DUD_fgfr1_D_408,COc1cc(/C=N/NC(=S)Nc2c(C)n(C)n(-c3ccccc3)c2=O)ccc1O,0
ZINC00955448,DUD_fgfr1_D_409,COc1cc(/C=N/NC(=S)Nc2c(C)n(C)n(-c3ccccc3)c2=O)ccc1O,0
ZINC00958176,DUD_fgfr1_D_410,COc1cc(/C=N/NC(=O)[C@H](C)n2cnc3sc4c(c3c2=O)CCCC4)ccc1O,0
ZINC00958192,DUD_fgfr1_D_411,C[C@@H]1CCc2c(sc3ncn([C@H](C)C(=O)N/N=C\c4ccc(O)cc4)c(=O)c23)C1,0
ZINC00958208,DUD_fgfr1_D_412,Cc1sc2ncn(CC(=O)N/N=C\c3ccc(O)cc3)c(=O)c2c1-c1ccccc1,0
ZINC00958224,DUD_fgfr1_D_413,COc1cc(/C=N/NC(=O)Cn2cnc3sc(C)c(-c4ccccc4)c3c2=O)ccc1O,0
ZINC00959863,DUD_fgfr1_D_414,O=C1CCCC2=C1[C@H](c1cccc(O)c1)c1c(nc(SCc3ccccc3F)[nH]c1=O)N2,0
ZINC00959863,DUD_fgfr1_D_415,O=C1CCCC2=C1[C@@H](c1cccc(O)c1)c1c([nH]c(SCc3ccccc3F)nc1=O)N2,0
ZINC00959863,DUD_fgfr1_D_416,O=C1CCCC2=C1[C@@H](c1cccc(O)c1)c1c(O)nc(SCc3ccccc3F)nc1N2,0
ZINC00959968,DUD_fgfr1_D_417,O=C(NC1CCCC1)c1cccc(NC2=C(Cl)C(=O)N(Cc3ccccc3)C2=O)c1,0
ZINC00959969,DUD_fgfr1_D_418,O=C(NC[C@H]1CCCO1)c1cccc(NC2=C(Cl)C(=O)N(Cc3ccccc3)C2=O)c1,0
ZINC00959970,DUD_fgfr1_D_419,O=C(NC[C@@H]1CCCO1)c1cccc(NC2=C(Cl)C(=O)N(Cc3ccccc3)C2=O)c1,0
ZINC00960062,DUD_fgfr1_D_420,O=C(NC[C@H]1CCCO1)c1ccc(NC2=C(Cl)C(=O)N(Cc3ccccc3)C2=O)cc1,0
ZINC00960063,DUD_fgfr1_D_421,O=C(NC[C@@H]1CCCO1)c1ccc(NC2=C(Cl)C(=O)N(Cc3ccccc3)C2=O)cc1,0
ZINC00976452,DUD_fgfr1_D_422,COc1ccc(NCc2nnc(SCC(=O)Nc3ncc(C)s3)n2C)cc1,0
ZINC00977263,DUD_fgfr1_D_423,C=C(C)C(=O)Nc1ccc(O)c(-c2nc3cc(NC(=O)C(=C)C)ccc3s2)c1,0
ZINC00979660,DUD_fgfr1_D_424,CCOc1cc(/C=N\NC(N)=S)ccc1OC(=O)c1ccc(OC)cc1,0
ZINC00982626,DUD_fgfr1_D_425,O=C(COc1ccc(S(=O)(=O)NC2CCCCC2)cc1)Nc1cccc(F)c1,0
ZINC00982914,DUD_fgfr1_D_426,COc1ccc(Cl)cc1NC(=O)COc1ccc(S(=O)(=O)NC(C)C)cc1,0
ZINC00983229,DUD_fgfr1_D_427,CC(C)CNS(=O)(=O)c1ccc(CCC(=O)Nc2c(F)cccc2F)cc1,0
ZINC00983526,DUD_fgfr1_D_428,O=C(COc1ccc(S(=O)(=O)NC2CCCC2)cc1)Nc1ccc(C(F)(F)F)cc1,0
ZINC00983528,DUD_fgfr1_D_429,Cc1ccc(Cl)cc1NC(=O)COc1ccc(S(=O)(=O)NC(C)(C)C)cc1,0
ZINC00983529,DUD_fgfr1_D_430,COc1ccc(Cl)cc1NC(=O)COc1ccc(S(=O)(=O)NC2CCCC2)cc1,0
ZINC00983535,DUD_fgfr1_D_431,Cc1cc(Cl)ccc1NC(=O)COc1ccc(S(=O)(=O)NC2CCCC2)cc1,0
ZINC00983544,DUD_fgfr1_D_432,Cc1c(Cl)cccc1NC(=O)COc1ccc(S(=O)(=O)NC(C)(C)C)cc1,0
ZINC00983550,DUD_fgfr1_D_433,Cc1ccc(NC(=O)COc2ccc(S(=O)(=O)NC(C)(C)C)cc2)cc1Cl,0
ZINC00983559,DUD_fgfr1_D_434,Cc1ccc(NC(=O)COc2ccc(S(=O)(=O)NC3CCCC3)cc2)cc1Cl,0
ZINC00983579,DUD_fgfr1_D_435,O=C(CCc1ccc(S(=O)(=O)NC2CCCCC2)cc1)NCc1ccccc1Cl,0
ZINC00983596,DUD_fgfr1_D_436,CC(C)CNS(=O)(=O)c1ccc(OCC(=O)Nc2ccc(F)cc2F)cc1,0
ZINC00985648,DUD_fgfr1_D_437,CCOC(=O)c1ccc(NC(=O)[C@H]2CC(=O)N=C(Nc3ccc(C)cc3)S2)cc1,0
ZINC00985649,DUD_fgfr1_D_438,CCOC(=O)c1ccc(NC(=O)[C@@H]2CC(=O)N=C(Nc3ccc(C)cc3)S2)cc1,0
ZINC00986163,DUD_fgfr1_D_439,CC(C)[C@H]1Cc2c(sc3nc(SCC(=O)Nc4ccccc4)nc(N)c23)CO1,0
ZINC00986164,DUD_fgfr1_D_440,CC(C)[C@H]1Cc2c(sc3nc(SCC(=O)Nc4ccccc4)nc(N)c23)CO1,0
ZINC00986198,DUD_fgfr1_D_441,CC(C)[C@@H]1Cc2c(sc3nc(SCC(=O)c4ccccc4)nc(N)c23)CO1,0
ZINC00987298,DUD_fgfr1_D_442,COc1ccc(CNC2=NC(=O)C[C@@H](C(=O)Nc3ccc(Cl)cc3)S2)cc1,0
ZINC00987299,DUD_fgfr1_D_443,COc1ccc(CNC2=NC(=O)C[C@@H](C(=O)Nc3ccc(Cl)cc3)S2)cc1,0
ZINC00990970,DUD_fgfr1_D_444,O=C(Nc1ccc(S(=O)(=O)NC2CCCCCC2)cc1)c1ccc(Cl)cc1Cl,0
ZINC00992561,DUD_fgfr1_D_445,Cc1cc(C)nc(NS(=O)(=O)c2ccc(/N=C/c3cc(Cl)ccc3O)cc2)n1,0
ZINC00993681,DUD_fgfr1_D_446,CCOc1cc(/C=N\NC(=O)c2cc(C)n[nH]2)ccc1OC(=O)c1cccs1,0
ZINC00993681,DUD_fgfr1_D_447,CCOc1cc(/C=N\NC(=O)c2cc(C)[nH]n2)ccc1OC(=O)c1cccs1,0
ZINC01000556,DUD_fgfr1_D_448,CC(C)CCOC(=O)Nc1ccc(S(=O)(=O)Nc2ccc(Br)cc2)cc1,0
ZINC01002401,DUD_fgfr1_D_449,CC(=O)Nc1ccc(S(=O)(=O)Nc2c(C)nn(Cc3ccc(F)cc3)c2C)cc1,0
ZINC01005158,DUD_fgfr1_D_450,Cc1cccc(C(=O)Nc2ccc3nc(SCC(=O)NC4CC4)sc3c2)c1,0
ZINC01006523,DUD_fgfr1_D_451,COc1ccc(S(=O)(=O)Nc2cc(C(=O)NC3CCCCC3)ccc2Cl)cc1,0
ZINC01006524,DUD_fgfr1_D_452,COc1ccc(S(=O)(=O)Nc2cc(C(=O)Nc3ccccc3C)ccc2Cl)cc1,0
ZINC01006535,DUD_fgfr1_D_453,COc1ccc(S(=O)(=O)Nc2cc(C(=O)NCCC(C)C)ccc2Cl)cc1,0
ZINC01008279,DUD_fgfr1_D_454,CCOc1cc(/C=C2/SC(=O)N(CC(=O)Nc3ccc(C)cc3)C2=O)cc(Cl)c1O,0
ZINC01012736,DUD_fgfr1_D_455,COc1ccc(C(=O)Nc2ccc(NC(=O)c3ccco3)c(OC)c2)cc1Br,0
ZINC01019186,DUD_fgfr1_D_456,C=CCn1c(NNC(=S)Nc2ccccc2)nc2sc3c(c2c1=O)CCC3,0
ZINC01022087,DUD_fgfr1_D_457,CC(C)CC(=O)NS(=O)(=O)c1ccc(NC(=O)c2ccc(Cl)cc2)cc1,0
ZINC01022536,DUD_fgfr1_D_458,O=C(N/N=C\c1ccc2c(c1)OCO2)C1CCN(S(=O)(=O)c2ccc(Cl)cc2)CC1,0
ZINC01027837,DUD_fgfr1_D_459,Cc1cc(S(=O)(=O)NNc2ncnc3cc(C(C)(C)C)sc23)c(C)cc1Cl,0
ZINC01031441,DUD_fgfr1_D_460,CCOC(=O)c1cc(NS(=O)(=O)c2ccc(C)cc2)ccc1Oc1cncc(Cl)c1,0
ZINC01033768,DUD_fgfr1_D_461,COc1cc(/C=N/NC(=O)Cn2cnc3sc4c(c3c2=O)CC[C@@H](C)C4)ccc1O,0
ZINC01033872,DUD_fgfr1_D_462,CC(C)c1ccc(NC(=O)CSc2nnc(O)n2-c2ccc3c(c2)OCCO3)cc1,0
ZINC01035618,DUD_fgfr1_D_463,C=CCn1c(SCC(=O)c2ccccc2)nnc1-c1sc2nc(C)cc(C)c2c1N,0
ZINC01037237,DUD_fgfr1_D_464,CCOC(=O)c1ccc(N2CCOCC2)c(NC(=S)Nc2cccc(SC)c2)c1,0
ZINC01038159,DUD_fgfr1_D_465,Cc1cc(C)cc(NS(=O)(=O)c2ccc(CNC(=O)c3ccc(Cl)cc3)s2)c1,0
ZINC01040192,DUD_fgfr1_D_466,COC(=O)c1ccc(Cn2c(=O)cc(N)n(-c3cccc(SC)c3)c2=O)cc1,0
ZINC01040424,DUD_fgfr1_D_467,O=S(=O)(c1ccc(NC(=S)N/N=C\c2ccccc2)cc1)N1CCCCC1,0
ZINC01040425,DUD_fgfr1_D_468,O=S(=O)(c1ccc(NC(=S)N/N=C\c2ccccc2)cc1)N1CCCCC1,0
ZINC01040433,DUD_fgfr1_D_469,CCOC(=O)c1ccc(NC(=S)N/N=C\c2cc(OC)ccc2OC)cc1,0
ZINC01041819,DUD_fgfr1_D_470,O=[N+]([O-])c1ccc(-c2ccc(/C=N\NC(=S)NC[C@@H]3CCCO3)o2)cc1,0
ZINC01042820,DUD_fgfr1_D_471,CNC(=O)Oc1ccc(-c2nc(CSc3nnc(C(C)(C)C)[nH]3)cs2)cc1,0
ZINC01043811,DUD_fgfr1_D_472,CCOC(=O)c1c(C)nn(-c2ncccc2NC(=S)NCc2ccco2)c1C,0
ZINC01045468,DUD_fgfr1_D_473,Cc1ccc(NC(=S)Nc2ccc(S(=O)(=O)N3CCCCC3)cc2)cc1F,0
ZINC01045497,DUD_fgfr1_D_474,O=S(=O)(c1ccc(NC(=S)NCCc2ccccc2)cc1)N1CCCCC1,0
ZINC01045915,DUD_fgfr1_D_475,CC(C)(C)c1ccc(NC(=S)Nc2ccc(S(=O)(=O)N3CCCCC3)cc2)cc1,0
ZINC01049274,DUD_fgfr1_D_476,CCC[C@H](C)c1nnc(NC(=O)c2cccc(NC(=O)c3ccccc3)c2)s1,0
ZINC01049275,DUD_fgfr1_D_477,CCC[C@H](C)c1nnc(NC(=O)c2cccc(NC(=O)c3ccccc3)c2)s1,0
ZINC01049380,DUD_fgfr1_D_478,Cc1ccc(NS(=O)(=O)c2cc(C(=O)Nc3ccccc3Cl)ccc2C)cc1C,0
ZINC01049608,DUD_fgfr1_D_479,Cc1ccc(NS(=O)(=O)c2cc(C(=O)Nc3cc(Cl)ccc3C)ccc2C)cc1,0
ZINC01049685,DUD_fgfr1_D_480,COc1ccc(-c2nnc(SCC(=O)Nc3ccc(C)cc3Br)n2N)cc1,0
ZINC01050830,DUD_fgfr1_D_481,CC(C)NS(=O)(=O)c1ccc(NC(=O)COc2ccc(Br)cc2)cc1,0
ZINC01051120,DUD_fgfr1_D_482,Cc1cc(OCC(=O)Nc2ccc(S(=O)(=O)NC(C)C)cc2)ccc1Br,0
ZINC01051588,DUD_fgfr1_D_483,CSc1ccccc1NC(=O)c1ccc(Cl)c(S(=O)(=O)Nc2cccc(C)c2)c1,0
ZINC01051881,DUD_fgfr1_D_484,CSc1cccc(NC(=O)COc2ccc(S(=O)(=O)NC(C)C)cc2Cl)c1,0
ZINC01052308,DUD_fgfr1_D_485,COc1ccc(NS(=O)(=O)c2ccc(NC(=O)c3csc(C)c3)cc2)cc1,0
ZINC01052671,DUD_fgfr1_D_486,Cc1cc(N(C)C)nc(SCC(=O)NNC(=S)Nc2ccccc2)n1,0
ZINC01055473,DUD_fgfr1_D_487,CCc1ccc(C(=O)Nc2ccc(S(=O)(=O)Nc3ccccc3C)cc2)s1,0
ZINC01058332,DUD_fgfr1_D_488,CC(C)(C)c1ccc(OCc2nnc(SCc3nc4ccccc4[nH]3)n2N)cc1,0
ZINC01059693,DUD_fgfr1_D_489,Cc1ccc(NS(=O)(=O)c2cc(C(=O)NCc3ccccc3C)ccc2Cl)c(C)c1,0
ZINC01060387,DUD_fgfr1_D_490,CCn1c(SCC(=O)Nc2ccc(Cl)c(C(=O)OC)c2)nnc1-c1ccccc1O,0
ZINC01060428,DUD_fgfr1_D_491,C[C@H](NC(=O)c1ccccc1F)c1nnc(SCC(=O)Nc2ccccc2F)n1C,0
ZINC01060429,DUD_fgfr1_D_492,C[C@H](NC(=O)c1ccccc1F)c1nnc(SCC(=O)Nc2ccccc2F)n1C,0
ZINC01060934,DUD_fgfr1_D_493,CC(C)(C)Nc1nc(SCC(=O)Nc2ccccc2Cl)nc(N2CCOCC2)n1,0
ZINC01061308,DUD_fgfr1_D_494,O=C(Cc1ccc(F)cc1)Nc1ccc(S(=O)(=O)NC2CCCCC2)cc1,0
ZINC01061706,DUD_fgfr1_D_495,O=C(Cc1c(F)cccc1Cl)Nc1ccc(S(=O)(=O)NC2CCCCC2)cc1,0
ZINC01061757,DUD_fgfr1_D_496,O=C(Nc1ccccc1O)c1cc(S(=O)(=O)N2CCCCCC2)ccc1Cl,0
ZINC01062952,DUD_fgfr1_D_497,Cc1cc(Cl)ccc1OCC(=O)Nc1ccc(S(=O)(=O)NC(C)C)cc1,0
ZINC01063009,DUD_fgfr1_D_498,Cc1ccc(OCC(=O)Nc2ccc(S(=O)(=O)NC(C)C)cc2)c(Br)c1,0
ZINC01063066,DUD_fgfr1_D_499,COc1ccc(NC(=O)CSc2nc3ccc(NC(C)=O)cc3s2)cc1,0
ZINC01064754,DUD_fgfr1_D_500,Cc1ccc(NS(=O)(=O)c2cc(C(=O)NC[C@H]3CCCO3)ccc2Cl)cc1C,0
ZINC01065591,DUD_fgfr1_D_501,O=C(COc1ccc(S(=O)(=O)NC2CCCCC2)cc1Cl)Nc1ccccc1F,0
ZINC01065819,DUD_fgfr1_D_502,Cc1ccc(C)c(NS(=O)(=O)c2cc(C(=O)Nc3ccc(F)cc3F)ccc2C)c1,0
ZINC01066292,DUD_fgfr1_D_503,O=C(NCCC1=CCCCC1)c1ccc(Cl)c(S(=O)(=O)Nc2ccccc2)c1,0
ZINC01066387,DUD_fgfr1_D_504,CCOc1ccccc1-c1nnc(SCC(=O)Nc2cc(C(=O)OC)ccc2Cl)[nH]1,0
ZINC01067866,DUD_fgfr1_D_505,COc1cc(NC(=O)c2ccc3c(c2)OCCO3)ccc1NC(=O)c1ccccc1Cl,0
ZINC01068675,DUD_fgfr1_D_506,CCn1c(SCC(=O)Nc2cc(F)ccc2C)nnc1-c1ccccc1O,0
ZINC01069754,DUD_fgfr1_D_507,Cc1ccccc1NC(=O)CSc1nc(Nc2ccccc2)nc(N2CCOCC2)n1,0
ZINC01070196,DUD_fgfr1_D_508,COCc1nc2c([nH]1)OC(N)=C(C#N)[C@@H]2c1ccccc1COc1ccc(Cl)cc1,0
ZINC01070199,DUD_fgfr1_D_509,COc1ccc(NC(=O)c2ccco2)cc1NC(=O)C(C)(C)Oc1ccc(Cl)cc1,0
ZINC01070933,DUD_fgfr1_D_510,CCOc1ccccc1-c1nnc(SCC(=O)Nc2cccc(C(=O)OC)c2)[nH]1,0
ZINC01072973,DUD_fgfr1_D_511,Cc1ccc(NC(=O)COc2ccc(S(=O)(=O)NC(C)C)cc2Cl)c(C)c1,0
ZINC01073432,DUD_fgfr1_D_512,CCN1C(=O)[C@H](CC(=O)Nc2ccccc2)N(NC(=O)c2cccc(F)c2)C1=S,0
ZINC01074274,DUD_fgfr1_D_513,Cc1cccc(C(=O)NCc2nnc(SCC(=O)Nc3cccc(F)c3)n2C)c1,0
ZINC01075127,DUD_fgfr1_D_514,CCn1c(CC(=O)Nc2ccc(C)cc2)nnc1SCC(=O)Nc1cccc(F)c1,0
ZINC01075897,DUD_fgfr1_D_515,Cc1cc(S(=O)(=O)NC2CCCCC2)ccc1OCC(=O)Nc1ccccc1Cl,0
ZINC01076620,DUD_fgfr1_D_516,O=C(COc1ccc(S(=O)(=O)NC2CCCCC2)cc1Cl)Nc1cccc(F)c1,0
ZINC01078074,DUD_fgfr1_D_517,COc1ccccc1NC(=O)C[C@H]1C(=O)N(C)C(=S)N1NC(=O)c1cccc(F)c1,0
ZINC01078075,DUD_fgfr1_D_518,COc1ccccc1NC(=O)C[C@H]1C(=O)N(C)C(=S)N1NC(=O)c1cccc(F)c1,0
ZINC01078142,DUD_fgfr1_D_519,COc1ccc(NS(=O)(=O)c2ccc(NC(=S)NC(=O)C3CCCC3)cc2)cc1,0
ZINC01078585,DUD_fgfr1_D_520,COc1ccc(C(=O)NNC(=O)c2ccc(NC(=O)C(C)C)cc2)cc1Br,0
ZINC01078599,DUD_fgfr1_D_521,Cc1cc(S(=O)(=O)NCC(C)C)ccc1OCC(=O)Nc1cccc(F)c1,0
ZINC01079886,DUD_fgfr1_D_522,CCn1c(SCC(=O)Nc2ccc(OC)c(Cl)c2)nnc1-c1ccccc1O,0
ZINC01085620,DUD_fgfr1_D_523,CCOc1cc(/C=N\NC(=S)Nc2ccc(C(=O)OC)cc2)ccc1O,0
ZINC01094768,DUD_fgfr1_D_524,CC(=O)c1cccc(NC(=O)c2sc3nc4c(c(-c5cccnc5)c3c2N)CCCC4)c1,0
ZINC01095080,DUD_fgfr1_D_525,COc1cc(/C=N/NC(=O)C2CCN(C(=O)c3ccc(F)cc3)CC2)ccc1O,0
ZINC01095081,DUD_fgfr1_D_526,COc1cc(/C=N\NC(=O)C2CCN(C(=O)c3ccc(F)cc3)CC2)ccc1O,0
ZINC01095082,DUD_fgfr1_D_527,CCOc1cc(/C=N/NC(=O)C2CCN(C(=O)c3ccc(F)cc3)CC2)ccc1O,0
ZINC01099419,DUD_fgfr1_D_528,Cc1ccc(SCC(=O)Nc2ccc(S(=O)(=O)Nc3ccc(F)cc3)cc2)cc1,0
ZINC01099429,DUD_fgfr1_D_529,COc1ccc(C)cc1NS(=O)(=O)c1ccc(NC(=O)c2cccc(Cl)c2)cc1,0
ZINC01106291,DUD_fgfr1_D_530,CC1(C)CC(=O)c2c(nc3sc(C(=O)NC[C@@H]4CCCO4)c(N)c3c2-c2ccccc2)C1,0
ZINC01106947,DUD_fgfr1_D_531,CCC1=C(O)N[C@H](SCC(=O)Nc2cccc(Cl)c2C)N(c2ccccc2)C1=O,0
ZINC01106948,DUD_fgfr1_D_532,CCC1=C(O)N[C@@H](SCC(=O)Nc2cccc(Cl)c2C)N(c2ccccc2)C1=O,0
ZINC01107271,DUD_fgfr1_D_533,COc1ccc([C@H]2C(C#N)=C(N)O[C@H]3NN=C(C)[C@H]32)cc1COc1cccc(Cl)c1,0
ZINC01108740,DUD_fgfr1_D_534,CC[C@@H](C)NS(=O)(=O)c1ccc(OCC(=O)Nc2ccc(Br)cc2)cc1,0
ZINC01108741,DUD_fgfr1_D_535,CC[C@@H](C)NS(=O)(=O)c1ccc(OCC(=O)Nc2ccc(Br)cc2)cc1,0
ZINC01109220,DUD_fgfr1_D_536,CSc1cccc(NC(=O)COc2ccc(S(=O)(=O)NC(C)(C)C)cc2)c1,0
ZINC01109661,DUD_fgfr1_D_537,CCOC(=O)c1cc(NC(=O)CSc2nc3ccccc3c(=O)[nH]2)ccc1Cl,0
ZINC01109661,DUD_fgfr1_D_538,CCOC(=O)c1cc(NC(=O)CSc2nc(O)c3ccccc3n2)ccc1Cl,0
ZINC01109661,DUD_fgfr1_D_539,CCOC(=O)c1cc(NC(=O)CSc2nc(=O)c3ccccc3[nH]2)ccc1Cl,0
ZINC01109858,DUD_fgfr1_D_540,Cc1cc(Cl)ccc1NC(=O)CCc1ccc(S(=O)(=O)NC(C)C)cc1,0
ZINC01110104,DUD_fgfr1_D_541,CC(C)NS(=O)(=O)c1ccc(CCC(=O)Nc2cccc(Br)c2)cc1,0
ZINC01110259,DUD_fgfr1_D_542,CC(C)CNS(=O)(=O)c1ccc(CCC(=O)Nc2ccc(F)c(Cl)c2)cc1,0
ZINC01110702,DUD_fgfr1_D_543,Cc1cccc(NS(=O)(=O)c2cc(C(=O)Nc3cccc(C)c3C)ccc2Cl)c1,0
ZINC01111501,DUD_fgfr1_D_544,Cc1ccc(NS(=O)(=O)c2cc(C(=O)Nc3ccc(Cl)cc3)ccc2C)c(C)c1,0
ZINC01111588,DUD_fgfr1_D_545,CCOc1ccc2nc(SCC(=O)Nc3nc4c(C)cccc4s3)[nH]c2c1,0
ZINC01111588,DUD_fgfr1_D_546,CCOc1ccc2[nH]c(SCC(=O)Nc3nc4c(C)cccc4s3)[nH+]c2c1,0
ZINC01112016,DUD_fgfr1_D_547,CC(C)(C)NS(=O)(=O)c1ccc(OCC(=O)Nc2ccc(F)c(Cl)c2)cc1,0
ZINC01112515,DUD_fgfr1_D_548,COc1cc(SC)ccc1C(=O)Nc1ccc(S(=O)(=O)Nc2ccc(C)cc2)cc1,0
ZINC01115062,DUD_fgfr1_D_549,CCn1c(SCC(=O)Nc2ccc(Cl)cc2)nnc1-c1ccc(NC(C)=O)cc1,0
ZINC01115440,DUD_fgfr1_D_550,CC(=O)Nc1cccc(-c2nnc(SCC(=O)Nc3cccc(Cl)c3)n2C)c1,0
ZINC01116476,DUD_fgfr1_D_551,COc1ccccc1NC(=O)c1ccc(Cl)c(S(=O)(=O)Nc2ccc(C)cc2C)c1,0
ZINC01117638,DUD_fgfr1_D_552,CCN(CC)c1ccc(C(=O)NNC(=S)Nc2ccc3c(c2)OCO3)cc1,0
ZINC01117719,DUD_fgfr1_D_553,CCN(CC)c1ccc(C(=O)NNC(=S)Nc2cccc(C(C)=O)c2)cc1,0
ZINC01117746,DUD_fgfr1_D_554,COc1cc(OC)c(C(=O)NNC(=S)Nc2cccc3ccccc23)cc1OC,0
ZINC01117880,DUD_fgfr1_D_555,CCOc1ccc(CC(=O)NNC(=S)Nc2ccc3c(c2)OCO3)cc1OCC,0
ZINC01119055,DUD_fgfr1_D_556,CC(=O)c1ccc(NC(=S)NNC(=O)c2ccc(OC(C)C)cc2)cc1,0
ZINC01119064,DUD_fgfr1_D_557,COc1ccc(Cl)cc1NC(=S)Nc1ccc(S(=O)(=O)N2CCCC2)cc1,0
ZINC01119195,DUD_fgfr1_D_558,COc1ccc(NC(=O)COc2ccc(S(=O)(=O)NC(C)C)cc2)cc1Cl,0
ZINC01119383,DUD_fgfr1_D_559,CCOC(=O)c1ccc(NC(=S)Nc2ccc(C(=O)N3CCCC3)cc2)cc1,0
ZINC01119731,DUD_fgfr1_D_560,Cc1ccc(NC(=O)COc2ccc(S(=O)(=O)NC(C)C)cc2)cc1Cl,0
ZINC01121561,DUD_fgfr1_D_561,CCOC(=O)c1ccc(NC(=S)Nc2ccc(C(=O)N3CCCCC3)cc2)cc1,0
ZINC01122858,DUD_fgfr1_D_562,COC(=O)c1cc(NC(=S)NCCc2c[nH]c3ccccc23)cc(C(=O)OC)c1,0
ZINC01123001,DUD_fgfr1_D_563,Cc1cc(S(=O)(=O)NCC(C)C)ccc1OCC(=O)Nc1ccccc1Cl,0
ZINC01123198,DUD_fgfr1_D_564,COC(=O)c1sc2nc(C)c(C(=O)Nc3ccccc3C)c(-c3cccc(F)c3)c2c1N,0
ZINC01123214,DUD_fgfr1_D_565,COc1cccc(NC(=O)Cc2nnc(SCC(=O)Nc3cc(F)ccc3C)n2C)c1,0
ZINC01123658,DUD_fgfr1_D_566,CC1(C)Cc2nc3nc(SCC(=O)Nc4ccccc4)nc(N)c3cc2CO1,0
ZINC01124634,DUD_fgfr1_D_567,CC(C)(C)c1ccc(OC[C@H](O)CNS(=O)(=O)c2ccc(Br)cc2)cc1,0
ZINC01125122,DUD_fgfr1_D_568,CCOc1ccc(NC(=O)CSc2nnc(-c3cc(Cl)ccc3O)n2C)cc1,0
ZINC01125160,DUD_fgfr1_D_569,C=CCN1C(=O)[C@H](CC(=O)Nc2ccc(C)cc2)S/C1=N\c1cccc(O)c1,0
ZINC01125379,DUD_fgfr1_D_570,C[C@@H](O)Cc1nnc(SCC(=O)Nc2ccc(Cl)cc2)n1-c1ccccc1,0
ZINC01125381,DUD_fgfr1_D_571,C[C@H](O)Cc1nnc(SCC(=O)Nc2ccc(Cl)cc2)n1-c1ccccc1,0
ZINC01125543,DUD_fgfr1_D_572,CC(C)(C)NS(=O)(=O)c1ccc(NC(=O)/C=C/c2ccc(Cl)cc2)cc1,0
ZINC01126988,DUD_fgfr1_D_573,Cc1cc(Cl)ccc1NC(=O)COc1ccc(S(=O)(=O)NC(C)C)cc1,0
ZINC01127301,DUD_fgfr1_D_574,Cn1c(=O)c2c(nc(NC[C@@H](O)c3ccccc3)n2Cc2ccc(F)cc2)n(C)c1=O,0
ZINC01127301,DUD_fgfr1_D_575,Cn1c(=O)c2c([nH+]c(NC[C@H](O)c3ccccc3)n2Cc2ccc(F)cc2)n(C)c1=O,0
ZINC01127304,DUD_fgfr1_D_576,Cn1c(=O)c2c(nc(NC[C@H](O)c3ccccc3)n2Cc2ccc(F)cc2)n(C)c1=O,0
ZINC01127304,DUD_fgfr1_D_577,Cn1c(=O)c2c([nH+]c(NC[C@@H](O)c3ccccc3)n2Cc2ccc(F)cc2)n(C)c1=O,0
ZINC01128497,DUD_fgfr1_D_578,CC(C)C(=O)Nc1cccc(C(=O)Nc2nnc(Cc3ccc(Cl)cc3)s2)c1,0
ZINC01128566,DUD_fgfr1_D_579,COc1ccc(Cc2nnc(NC(=O)c3cccc(NC(=O)C(C)C)c3)s2)cc1,0
ZINC01129090,DUD_fgfr1_D_580,Cc1cc(C)cc(NC(=O)CSc2nnc(CNC(=O)c3ccccc3F)n2C)c1,0
ZINC01130402,DUD_fgfr1_D_581,CC(C)CNS(=O)(=O)c1ccc(CCC(=O)Nc2cccc(Br)c2)cc1,0
ZINC01130617,DUD_fgfr1_D_582,CC(=O)NS(=O)(=O)c1ccc(NC(=O)C(C)(C)Oc2ccc(Cl)cc2)cc1,0
ZINC01131376,DUD_fgfr1_D_583,Cc1cccc(C(=O)NCc2nnc(SCC(=O)Nc3cc(F)ccc3C)n2C)c1,0
ZINC01132348,DUD_fgfr1_D_584,CSc1nc2c(c(=O)[nH]1)[C@H](c1ccc(OCc3ccccc3)cc1)C1=C(CCCC1=O)N2,0
ZINC01132348,DUD_fgfr1_D_585,CSc1nc(=O)c2c([nH]1)NC1=C(C(=O)CCC1)[C@@H]2c1ccc(OCc2ccccc2)cc1,0
ZINC01132594,DUD_fgfr1_D_586,Cc1ccc(NC(=O)CSc2nc(CSc3ccc(C)cc3)cc(=O)[nH]2)cc1,0
ZINC01132594,DUD_fgfr1_D_587,Cc1ccc(NC(=O)CSc2nc(=O)cc(CSc3ccc(C)cc3)[nH]2)cc1,0
ZINC01133647,DUD_fgfr1_D_588,COc1ccccc1C(=O)Nc1nnc(SCC(=O)Nc2cc(C)ccc2C)s1,0
ZINC01137110,DUD_fgfr1_D_589,CC(C)(C)NS(=O)(=O)c1ccc(NC(=O)/C=C/c2ccccc2Cl)cc1,0
ZINC01137353,DUD_fgfr1_D_590,CC(C)(C)NS(=O)(=O)c1ccc(NC(=O)Cc2ccc(Br)cc2)cc1,0
ZINC01141483,DUD_fgfr1_D_591,CC(C)NS(=O)(=O)c1ccc(OCC(=O)Nc2cccc(Br)c2)cc1,0
ZINC01142273,DUD_fgfr1_D_592,CC(=O)Nc1cccc(-c2nnc(SCC(=O)Nc3cccc(C)c3C)n2C)c1,0
ZINC01142382,DUD_fgfr1_D_593,COc1ccccc1NC(=O)CSc1nnc(NC(=O)c2cccc(C)c2)s1,0
ZINC01142387,DUD_fgfr1_D_594,COc1ccccc1[C@H]1CC(=O)NC(SCC(=O)Nc2ccc(F)cc2)=C1C#N,0
ZINC01142388,DUD_fgfr1_D_595,COc1ccccc1[C@H]1CC(=O)NC(SCC(=O)Nc2ccc(F)cc2)=C1C#N,0
ZINC01142551,DUD_fgfr1_D_596,CC(=O)Nc1cccc(-c2nnc(SCC(=O)Nc3ccccc3F)n2C)c1,0
ZINC01143213,DUD_fgfr1_D_597,CC(=O)Nc1ccc(-c2nnc(SCC(=O)Nc3ccc(F)cc3)n2C)cc1,0
ZINC01143763,DUD_fgfr1_D_598,Cc1cccc(C(=O)N[C@H](C)c2nnc(SCC(=O)Nc3ccc(F)cc3)n2C)c1,0
ZINC01144364,DUD_fgfr1_D_599,O=C(COc1ccccc1Cl)Nc1ccc2c(c1)C(=O)N(C[C@H]1CCCO1)C2=O,0
ZINC01144373,DUD_fgfr1_D_600,C=CCn1c(N)cc(=O)nc1SCC(=O)N1c2ccccc2Sc2ccccc21,0
ZINC01144763,DUD_fgfr1_D_601,C[C@@H](NC(=O)c1ccccc1)c1nnc(SCC(=O)Nc2ccccc2F)n1C,0
ZINC01144765,DUD_fgfr1_D_602,C[C@H](NC(=O)c1ccccc1)c1nnc(SCC(=O)Nc2ccccc2F)n1C,0
ZINC01144981,DUD_fgfr1_D_603,CSc1cccc(NC(=O)COc2ccc(S(=O)(=O)NC3CCCCC3)cc2)c1,0
ZINC01145791,DUD_fgfr1_D_604,O=C(COc1ccc(S(=O)(=O)NC2CCCCC2)cc1)Nc1ccc(F)c(Cl)c1,0
ZINC01147918,DUD_fgfr1_D_605,Cc1ccc(NC(=O)COc2ccc(S(=O)(=O)NC3CCCCC3)cc2)cc1Cl,0
ZINC01147941,DUD_fgfr1_D_606,Cc1c(Cl)cccc1NC(=O)COc1ccc(S(=O)(=O)NC(C)C)cc1,0
ZINC01148579,DUD_fgfr1_D_607,CC[C@H](Sc1nnc(-c2cccc(N)c2)n1C)C(=O)Nc1ccc(Br)cc1,0
ZINC01148581,DUD_fgfr1_D_608,CC[C@@H](Sc1nnc(-c2cccc(N)c2)n1C)C(=O)Nc1ccc(Br)cc1,0
ZINC01148649,DUD_fgfr1_D_609,CC(C)NS(=O)(=O)c1ccc(OCC(=O)Nc2ccccc2Br)cc1,0
ZINC01148699,DUD_fgfr1_D_610,O=C(NCc1ccco1)c1ccc2c(=O)n(CCC3=CCCCC3)c(=S)[nH]c2c1,0
ZINC01152588,DUD_fgfr1_D_611,CCc1ccc(NC(=O)CSc2nnc(NC(=O)c3ccccc3OC)s2)cc1,0
ZINC01158010,DUD_fgfr1_D_612,CCc1cccc(C)c1NC(=O)CSc1nnc(NC(=O)c2ccccc2F)s1,0
ZINC01158045,DUD_fgfr1_D_613,COc1ccccc1NC(=O)CSc1nnc(NC(=O)c2ccccc2C)s1,0
ZINC01158153,DUD_fgfr1_D_614,Cc1cc(C)c(NC(=O)CSc2nnc(NC(=O)c3ccccc3)s2)c(C)c1,0
ZINC01158617,DUD_fgfr1_D_615,Cc1ccc(C)c(NC(=O)CSc2nnc(NC(=O)c3ccccc3F)s2)c1,0
ZINC01160334,DUD_fgfr1_D_616,CCc1ccc(NC(=O)CSc2nnc(-c3cc(Cl)ccc3O)n2C)cc1,0
ZINC01165459,DUD_fgfr1_D_617,COc1ccc(Cl)cc1Nc1nc(N)nc(CC(=O)CSc2ccc(C)cc2)n1,0
ZINC01166415,DUD_fgfr1_D_618,Cc1sc(NC(=O)CSCC(=O)Nc2ccccc2)nc1-c1ccccc1,0
ZINC01166605,DUD_fgfr1_D_619,Cc1cc(C)c(NS(=O)(=O)c2ccc(NC(=O)c3ccccc3Cl)cc2)c(C)c1,0
ZINC01169816,DUD_fgfr1_D_620,CNS(=O)(=O)c1cc(-c2nnc(Nc3ccc(Cl)cc3)c3ccccc23)ccc1C,0
ZINC01174894,DUD_fgfr1_D_621,Cc1ccc(OCC(=O)Nc2ccc(C(=O)Nc3nccs3)cc2)cc1C,0
ZINC01175656,DUD_fgfr1_D_622,COc1ccc(C(=O)Oc2ccc(C=C3C(=O)NC(=S)NC3=O)cc2OC)cc1,0
ZINC01178179,DUD_fgfr1_D_623,CCOc1cc(C=C2C(=O)NC(=O)NC2=O)cc(Cl)c1OC(=O)c1ccc(OC)cc1,0
ZINC01178296,DUD_fgfr1_D_624,COc1ccc(-c2nn(-c3ccccc3)cc2C=C2C(=O)NC(=S)NC2=O)cc1OC,0
ZINC01180004,DUD_fgfr1_D_625,CC(=O)Nc1cccc(-c2nnc(SCC(=O)Nc3ccc(F)cc3)n2C)c1,0
ZINC01184308,DUD_fgfr1_D_626,CCc1cccc(C)c1NC(=O)CSc1nc2ccc(NC(C)=O)cc2s1,0
ZINC01185174,DUD_fgfr1_D_627,COc1ccccc1OCC(=O)Nc1nc(-c2cccs2)c(NC(C)=O)s1,0
ZINC01185256,DUD_fgfr1_D_628,CCOc1ccc2nc(SCC(=O)Nc3ccc(NC(C)=O)cc3)sc2c1,0
ZINC01185346,DUD_fgfr1_D_629,CCOc1ccc(NC(=O)C[C@@H]2C(=O)N(C)C(=S)N2NC(=O)c2cccc(F)c2)cc1,0
ZINC01189372,DUD_fgfr1_D_630,O=C(Nc1ccc(S(=O)(=O)NC(=O)C2CCCCC2)cc1)c1ccccc1Cl,0
ZINC01196156,DUD_fgfr1_D_631,O=C(Nc1ccc(Br)cc1)c1cccc(S(=O)(=O)NC2CCCCC2)c1,0
ZINC01196750,DUD_fgfr1_D_632,O=C(Nc1ccc(Cl)cc1)c1cccc(S(=O)(=O)NC2CCCCC2)c1,0
ZINC01197021,DUD_fgfr1_D_633,O=C(Nc1ccccc1)c1cc(S(=O)(=O)NC2CCCCC2)c(Cl)cc1Cl,0
ZINC01198716,DUD_fgfr1_D_634,O=C(NNc1nc2sc3c(c2c(=O)n1Cc1ccccc1)CCCC3)c1ccccc1,0
ZINC01210222,DUD_fgfr1_D_635,Cc1nnc(SCC(=O)N/N=C\c2cc(Br)ccc2O)n1-c1ccccc1,0
ZINC01212925,DUD_fgfr1_D_636,COc1ccccc1/C=N/N=C1\N=C(O)[C@H](CC(=O)Nc2ccc(Cl)cc2)S1,0
ZINC01217291,DUD_fgfr1_D_637,COc1ccc(NC(=O)CSc2nc(CSc3ccc(C)cc3)cc(=O)[nH]2)cc1,0
ZINC01217291,DUD_fgfr1_D_638,COc1ccc(NC(=O)CSc2nc(=O)cc(CSc3ccc(C)cc3)[nH]2)cc1,0
ZINC01217376,DUD_fgfr1_D_639,COc1cc(NC(=O)COc2ccc(Cl)cc2C)ccc1NC(=O)c1ccco1,0
ZINC01218271,DUD_fgfr1_D_640,COc1cc(NC(=O)COc2ccc(Cl)c(C)c2)ccc1NC(=O)c1ccco1,0
ZINC01218456,DUD_fgfr1_D_641,COc1cc(NC(=O)COc2cc(C)c(Cl)c(C)c2)ccc1NC(=O)c1ccco1,0
ZINC01223617,DUD_fgfr1_D_642,CCOC(=O)c1ccc(NC(=O)c2sc3nc4cc(OC)ccc4cc3c2N)cc1,0
ZINC01223819,DUD_fgfr1_D_643,Cc1ccc2[nH]c(=O)c(CN(Cc3cccnc3)C(=S)NC[C@H]3CCCO3)cc2c1,0
ZINC01223819,DUD_fgfr1_D_644,Cc1ccc2nc(O)c(CN(Cc3cccnc3)C(=S)NC[C@H]3CCCO3)cc2c1,0
ZINC01223825,DUD_fgfr1_D_645,Cc1ccc2cc(CN(Cc3ccco3)C(=S)NC[C@@H]3CCCO3)c(=O)[nH]c2c1,0
ZINC01223825,DUD_fgfr1_D_646,Cc1ccc2cc(CN(Cc3ccco3)C(=S)NC[C@@H]3CCCO3)c(O)nc2c1,0
ZINC01225062,DUD_fgfr1_D_647,CC(=O)Nc1ccc(NC(=O)CSc2nnc(-c3cccs3)n2C)cc1,0
ZINC01233948,DUD_fgfr1_D_648,O=C(N/N=C/c1cc(Cl)ccc1O)c1ccc(S(=O)(=O)N2CCCCC2)cc1,0
ZINC01235238,DUD_fgfr1_D_649,COc1cc(/C=N/n2c(S)nnc2-c2cc(-c3ccccc3)[nH]n2)cc(OC)c1OC,0
ZINC01235238,DUD_fgfr1_D_650,COc1cc(/C=N\n2c(S)nnc2-c2cc(-c3ccccc3)n[nH]2)cc(OC)c1OC,0
ZINC01239130,DUD_fgfr1_D_651,C[C@H]1CCc2c(sc3ncn([C@@H](C)C(=O)N/N=C\c4ccc(O)cc4)c(=O)c23)C1,0
ZINC01243973,DUD_fgfr1_D_652,COc1cc(/C=N\n2c(-c3ccc(C(C)(C)C)cc3)n[nH]c2=S)ccc1O,0
ZINC01247169,DUD_fgfr1_D_653,CCc1ccc(NC(=O)[C@@H]2CC(=O)N=C(N/N=C/c3ccc(Cl)cc3)S2)cc1,0
ZINC01247415,DUD_fgfr1_D_654,Cc1ccc(-c2nnc(S)c3ccccc23)cc1S(=O)(=O)NC[C@@H]1CCCO1,0
ZINC01247416,DUD_fgfr1_D_655,Cc1ccc(-c2nnc(S)c3ccccc23)cc1S(=O)(=O)NC[C@@H]1CCCO1,0
ZINC01248619,DUD_fgfr1_D_656,CN(C)c1ccc(/C=N/NC2=NC(=O)C[C@H](C(=O)Nc3ccc(Cl)cc3)S2)cc1,0
ZINC01249121,DUD_fgfr1_D_657,CCOc1ccc(NC(=O)/N=c2/[nH]nc(CC(=O)Nc3cccc(C)c3)s2)cc1,0
ZINC01249650,DUD_fgfr1_D_658,COc1cc(OC)c(OC)cc1/C=N\n1c(S)nnc1-c1cc(-c2ccccc2)[nH]n1,0
ZINC01249650,DUD_fgfr1_D_659,COc1cc(OC)c(OC)cc1/C=N\n1c(S)nnc1-c1cc(-c2ccccc2)n[nH]1,0
ZINC01253062,DUD_fgfr1_D_660,COc1ccc(/C=N/n2c(S)nnc2-c2cc(-c3ccccc3)[nH]n2)c(OC)c1OC,0
ZINC01253062,DUD_fgfr1_D_661,COc1ccc(/C=N\n2c(S)nnc2-c2cc(-c3ccccc3)n[nH]2)c(OC)c1OC,0
ZINC01261642,DUD_fgfr1_D_662,CCOc1cc(/C=N\n2c(-c3ccc(C(C)(C)C)cc3)n[nH]c2=S)ccc1O,0
ZINC01263520,DUD_fgfr1_D_663,CCOc1cccc(-c2n[nH]c(=S)n2/N=C\c2ccc(O)c(OCC)c2)c1,0
ZINC01272984,DUD_fgfr1_D_664,COc1cc(/C=N\n2c(-c3cccc(OC(C)C)c3)n[nH]c2=S)ccc1O,0
ZINC01273147,DUD_fgfr1_D_665,COc1ccc(OC)c(/C=N\n2c(S)nnc2-c2cc(-c3ccccc3)[nH]n2)c1,0
ZINC01273147,DUD_fgfr1_D_666,COc1ccc(OC)c(/C=N/n2c(S)nnc2-c2cc(-c3ccccc3)n[nH]2)c1,0
ZINC01273893,DUD_fgfr1_D_667,CCOc1cc(/C=N/n2c(-c3cccc(OC(C)C)c3)n[nH]c2=S)ccc1O,0
ZINC01275431,DUD_fgfr1_D_668,CCOc1ccc(-c2n[nH]c(=S)n2/N=C\c2ccc(O)c(OCC)c2)cc1,0
ZINC01278588,DUD_fgfr1_D_669,CCN(CC)c1ccc(/C=N/n2c(-c3ccccc3OC)n[nH]c2=S)c(O)c1,0
ZINC01282193,DUD_fgfr1_D_670,CCc1cccc(CC)c1NC(=O)CSc1nnc(-c2ccccc2)c(=O)[nH]1,0
ZINC01282193,DUD_fgfr1_D_671,CCc1cccc(CC)c1NC(=O)CSc1nnc(-c2ccccc2)c(O)n1,0
ZINC01282193,DUD_fgfr1_D_672,CCc1cccc(CC)c1NC(=O)CSc1nnc(-c2ccccc2)c(O)n1,0
ZINC01282198,DUD_fgfr1_D_673,CC(C)(C)c1ccc(NC(=O)CSc2nnc(-c3ccccc3)c(=O)[nH]2)cc1,0
ZINC01282198,DUD_fgfr1_D_674,CC(C)(C)c1ccc(NC(=O)CSc2nnc(-c3ccccc3)c(O)n2)cc1,0
ZINC01282198,DUD_fgfr1_D_675,CC(C)(C)c1ccc(NC(=O)CSc2nnc(-c3ccccc3)c(O)n2)cc1,0
ZINC01282206,DUD_fgfr1_D_676,CC(C)Oc1ccc(NC(=O)CSc2nnc(-c3ccccc3)c(=O)[nH]2)cc1,0
ZINC01282206,DUD_fgfr1_D_677,CC(C)Oc1ccc(NC(=O)CSc2nnc(-c3ccccc3)c(O)n2)cc1,0
ZINC01282206,DUD_fgfr1_D_678,CC(C)Oc1ccc(NC(=O)CSc2nnc(-c3ccccc3)c(O)n2)cc1,0
ZINC01284956,DUD_fgfr1_D_679,COc1cc(NC(=O)c2ccc(Br)o2)c(OC)cc1NC(=O)c1ccccc1,0
ZINC01287234,DUD_fgfr1_D_680,COc1ccc(NCC(=O)Nc2cc(=O)[nH]c(=O)n2Cc2ccccc2)cc1Cl,0
ZINC01287236,DUD_fgfr1_D_681,Cc1cc(Cl)ccc1NCC(=O)Nc1cc(=O)[nH]c(=O)n1Cc1ccccc1,0
ZINC01289253,DUD_fgfr1_D_682,CC(C)(C)N1C(=O)c2ccc(C(=O)OCC(=O)Nc3cccc(Cl)c3)cc2C1=O,0
ZINC01290802,DUD_fgfr1_D_683,COc1ccc(NC(=O)CSCC(=O)Nc2nc(-c3ccccc3)cs2)cc1,0
ZINC01290804,DUD_fgfr1_D_684,Cc1ccc(NC(=O)CSCC(=O)Nc2nc(-c3ccccc3)cs2)cc1C,0
ZINC01292266,DUD_fgfr1_D_685,COc1cc(OC)c(/C=N/n2c(S)nnc2-c2cc(-c3ccccc3)[nH]n2)c(OC)c1,0
ZINC01292266,DUD_fgfr1_D_686,COc1cc(OC)c(/C=N\n2c(S)nnc2-c2cc(-c3ccccc3)n[nH]2)c(OC)c1,0
ZINC01294776,DUD_fgfr1_D_687,COc1cccc(/C=N/n2c(-c3cccc(OC(C)C)c3)n[nH]c2=S)c1O,0
ZINC01300475,DUD_fgfr1_D_688,CCOc1cccc(/C=N/n2c(-c3ccc(C(C)(C)C)cc3)n[nH]c2=S)c1O,0
ZINC01301818,DUD_fgfr1_D_689,COc1cc(/C=N/NC(=O)CSc2nc3ccccc3[nH]2)ccc1OC(C)=O,0
ZINC01310283,DUD_fgfr1_D_690,COc1ccc(/C=N/NC2=NC(=O)C[C@H](C(=O)Nc3ccc(Cl)cc3)S2)cc1,0
ZINC01311441,DUD_fgfr1_D_691,CC[C@@]1(C)Cc2ccccc2-c2nc(SCC(=O)Nc3nccs3)[nH]c(=O)c21,0
ZINC01311441,DUD_fgfr1_D_692,CC[C@@]1(C)Cc2ccccc2-c2nc(SCC(=O)Nc3nccs3)nc(O)c21,0
ZINC01311442,DUD_fgfr1_D_693,CC[C@@]1(C)Cc2ccccc2-c2nc(SCC(=O)Nc3nccs3)[nH]c(=O)c21,0
ZINC01311442,DUD_fgfr1_D_694,CC[C@]1(C)Cc2ccccc2-c2nc(SCC(=O)Nc3nccs3)nc(O)c21,0
ZINC01324757,DUD_fgfr1_D_695,Cc1ccc(Cl)cc1NC(=O)c1ccc(S(=O)(=O)NC[C@H]2CCCO2)cc1,0
ZINC01324759,DUD_fgfr1_D_696,Cc1ccc(Cl)cc1NC(=O)c1ccc(S(=O)(=O)NC[C@@H]2CCCO2)cc1,0
ZINC01324847,DUD_fgfr1_D_697,C[C@H]1CCCC[C@H]1NC(=O)c1ccc(S(=O)(=O)NCc2cccs2)cc1,0
ZINC01324849,DUD_fgfr1_D_698,C[C@H]1CCCC[C@@H]1NC(=O)c1ccc(S(=O)(=O)NCc2cccs2)cc1,0
ZINC01324850,DUD_fgfr1_D_699,C[C@H]1CCCC[C@@H]1NC(=O)c1ccc(S(=O)(=O)NCc2cccs2)cc1,0
ZINC01324852,DUD_fgfr1_D_700,C[C@H]1CCCC[C@H]1NC(=O)c1ccc(S(=O)(=O)NCc2cccs2)cc1,0
ZINC01329402,DUD_fgfr1_D_701,CCc1nnc(NC(=O)CSc2ncccc2-c2nc3cc(C)c(C)cc3[nH]2)s1,0
ZINC01329402,DUD_fgfr1_D_702,CCc1nnc(NC(=O)CSc2ncccc2-c2[nH]c3cc(C)c(C)cc3[nH+]2)s1,0
ZINC01329707,DUD_fgfr1_D_703,CCc1nnc(NC(=O)CSc2ccc(-c3nc4cc(C)c(C)cc4[nH]3)cn2)s1,0
ZINC01329707,DUD_fgfr1_D_704,CCc1nnc(NC(=O)CSc2ccc(-c3[nH]c4cc(C)c(C)cc4[nH+]3)cn2)s1,0
ZINC01329709,DUD_fgfr1_D_705,CCc1nnc(NC(=O)CSc2ccc(-c3nc4ccccc4[nH]3)cn2)s1,0
ZINC01329709,DUD_fgfr1_D_706,CCc1nnc(NC(=O)CSc2ccc(-c3[nH]c4ccccc4[nH+]3)cn2)s1,0
ZINC01330002,DUD_fgfr1_D_707,COc1cc(C(=O)Nc2cc(NC(=O)c3cccs3)ccc2C)cc(OC)c1OC,0
ZINC01330050,DUD_fgfr1_D_708,CCOC(=O)c1ccc(NC(=O)[C@H]2CCCN2C(=O)Nc2cccc(Cl)c2)cc1,0
ZINC01330163,DUD_fgfr1_D_709,O=C(CSc1nnc(-c2ccc(F)cc2)o1)Nc1ccc(C(=O)NC2CC2)cc1,0
ZINC01330175,DUD_fgfr1_D_710,Cc1ccc(-c2nnc(SCC(=O)Nc3ccc(C(=O)NC4CC4)cc3)o2)cc1,0
ZINC01331160,DUD_fgfr1_D_711,COc1ccc(CCNC(=O)CSc2nnc3c(n2)[nH]c2ccc(F)cc23)cc1OC,0
ZINC01331371,DUD_fgfr1_D_712,Cc1nc(N)n2c(SCC(=O)Nc3ccc(F)cc3)nnc2c1Cc1ccccc1,0
ZINC01331467,DUD_fgfr1_D_713,CCc1c(C)nc(N)n2c(SCC(=O)N3c4ccccc4CCc4ccccc43)nnc12,0
ZINC01331479,DUD_fgfr1_D_714,Cc1nc(N)n2c(SCC(=O)N3CCc4ccccc43)nnc2c1Cc1ccccc1,0
ZINC01331481,DUD_fgfr1_D_715,Cc1nc(N)n2c(SCC(=O)N3c4ccccc4C[C@@H]3C)nnc2c1Cc1ccccc1,0
ZINC01338862,DUD_fgfr1_D_716,CCC(=O)Nc1ccc(NC(=O)CSc2nnc(-c3cccs3)n2C)cc1,0
ZINC01338864,DUD_fgfr1_D_717,CCCC(=O)Nc1ccc(NC(=O)CSc2nnc(-c3cccs3)n2C)cc1,0
ZINC01338865,DUD_fgfr1_D_718,Cn1c(SCC(=O)Nc2ccc(NC(=O)C(C)(C)C)cc2)nnc1-c1cccs1,0
ZINC01338867,DUD_fgfr1_D_719,Cn1c(SCC(=O)Nc2ccc(NC(=O)C3CC3)cc2)nnc1-c1cccs1,0
ZINC01338892,DUD_fgfr1_D_720,CCC(=O)Nc1cccc(NC(=O)CSc2nnc(-c3cccs3)n2C)c1,0
ZINC01338895,DUD_fgfr1_D_721,CCCC(=O)Nc1cccc(NC(=O)CSc2nnc(-c3cccs3)n2C)c1,0
ZINC01338896,DUD_fgfr1_D_722,Cn1c(SCC(=O)Nc2cccc(NC(=O)C(C)(C)C)c2)nnc1-c1cccs1,0
ZINC01338914,DUD_fgfr1_D_723,CC(=O)Nc1ccc(NC(=O)CSc2nnc(-c3cccs3)n2C)c(C)c1,0
ZINC01338916,DUD_fgfr1_D_724,CCC(=O)Nc1ccc(NC(=O)CSc2nnc(-c3cccs3)n2C)c(C)c1,0
ZINC01338917,DUD_fgfr1_D_725,Cc1cc(NC(=O)C(C)(C)C)ccc1NC(=O)CSc1nnc(-c2cccs2)n1C,0
ZINC01338919,DUD_fgfr1_D_726,Cc1cc(NC(=O)C2CC2)ccc1NC(=O)CSc1nnc(-c2cccs2)n1C,0
ZINC01338947,DUD_fgfr1_D_727,CC(=O)Nc1ccc(C)c(NC(=O)CSc2nnc(-c3cccs3)n2C)c1,0
ZINC01338948,DUD_fgfr1_D_728,CCC(=O)Nc1ccc(C)c(NC(=O)CSc2nnc(-c3cccs3)n2C)c1,0
ZINC01340119,DUD_fgfr1_D_729,Cn1c(CNc2nc(-c3ccccc3)cs2)nnc1SCC(=O)NC(C)(C)C,0
ZINC01341153,DUD_fgfr1_D_730,CCOc1cc(NC(=O)c2cccs2)c(OCC)cc1NC(=O)c1ccccn1,0
ZINC01342467,DUD_fgfr1_D_731,CCC(=O)Nc1ccc(NC(=O)CSc2nnc(-c3cccs3)n2CC)cc1,0
ZINC01342469,DUD_fgfr1_D_732,CCn1c(SCC(=O)Nc2ccc(NC(=O)C(C)(C)C)cc2)nnc1-c1cccs1,0
ZINC01342470,DUD_fgfr1_D_733,CCn1c(SCC(=O)Nc2ccc(NC(=O)C3CC3)cc2)nnc1-c1cccs1,0
ZINC01342485,DUD_fgfr1_D_734,CCn1c(SCC(=O)Nc2cccc(NC(C)=O)c2)nnc1-c1cccs1,0
ZINC01342491,DUD_fgfr1_D_735,CCn1c(SCC(=O)Nc2cccc(NC(=O)C3CC3)c2)nnc1-c1cccs1,0
ZINC01342513,DUD_fgfr1_D_736,CCn1c(SCC(=O)Nc2ccc(NC(C)=O)cc2C)nnc1-c1cccs1,0
ZINC01342515,DUD_fgfr1_D_737,CCC(=O)Nc1ccc(NC(=O)CSc2nnc(-c3cccs3)n2CC)c(C)c1,0
ZINC01342520,DUD_fgfr1_D_738,CCn1c(SCC(=O)Nc2ccc(NC(=O)C3CC3)cc2C)nnc1-c1cccs1,0
ZINC01342987,DUD_fgfr1_D_739,CC(=O)Nc1cccc(NC(=O)CSc2nc(C(C)C)nc3ccccc23)c1,0
ZINC01343679,DUD_fgfr1_D_740,COc1ccc(Cl)cc1NC(=O)[C@@H]1CCCN1C(=O)Nc1cccc(C(C)=O)c1,0
ZINC01352428,DUD_fgfr1_D_741,Cc1ccc(-n2ncc(-c3nnc(SCC(=O)c4ccc(Cl)cc4)o3)c2N)cc1C,0
ZINC01353292,DUD_fgfr1_D_742,COc1cc(C(=O)Nc2ccc(NC(=O)c3ccccc3F)nc2)cc(OC)c1OC,0
ZINC01353312,DUD_fgfr1_D_743,COc1cc(C(=O)Nc2ccc(NC(=O)c3cccc(F)c3)nc2)cc(OC)c1OC,0
ZINC01353330,DUD_fgfr1_D_744,COc1cc(C(=O)Nc2ccc(NC(=O)c3ccc(F)cc3)nc2)cc(OC)c1OC,0
ZINC01355663,DUD_fgfr1_D_745,COc1ccc(-c2c[nH]c(SCC(=O)Nc3cccc(NC(C)=O)c3)n2)cc1,0
ZINC01355663,DUD_fgfr1_D_746,COc1ccc(-c2c[nH+]c(SCC(=O)Nc3cccc(NC(C)=O)c3)[nH]2)cc1,0
ZINC01357860,DUD_fgfr1_D_747,CCC(=O)Nc1ccc(NC(=O)CSc2nc(C)nc3sc(C)c(C)c23)cc1,0
ZINC01357933,DUD_fgfr1_D_748,CC(=O)Nc1cccc(NC(=O)CSc2nc(C)nc3sc4c(c23)CCCC4)c1,0
ZINC01364527,DUD_fgfr1_D_749,CCn1c(SCC(=O)Nc2ccc(N(C)C)cc2)nnc1-c1ccccc1N,0
ZINC01366449,DUD_fgfr1_D_750,Cc1ccc(C)c2[nH]c(=O)c(CN(CCO)C(=O)c3ccc(Cl)cc3)cc12,0
ZINC01366450,DUD_fgfr1_D_751,Cc1ccc(C)c2[nH]c(=O)c(CN(CCO)C(=O)c3ccc(Br)cc3)cc12,0
ZINC01368000,DUD_fgfr1_D_752,CCOc1ccccc1NC(=O)CSc1nc2sc3c(c2c(=O)[nH]1)CCCC3,0
ZINC01368000,DUD_fgfr1_D_753,CCOc1ccccc1NC(=O)CSc1nc(=O)c2c3c(sc2[nH]1)CCCC3,0
ZINC01368000,DUD_fgfr1_D_754,CCOc1ccccc1NC(=O)CSc1nc(O)c2c3c(sc2n1)CCCC3,0
ZINC01368106,DUD_fgfr1_D_755,COc1ccc(NC(=O)CSc2nc3sc4c(c3c(=O)[nH]2)CC[C@@H](C)C4)cc1,0
ZINC01368106,DUD_fgfr1_D_756,COc1ccc(NC(=O)CSc2nc(=O)c3c4c(sc3[nH]2)C[C@@H](C)CC4)cc1,0
ZINC01368350,DUD_fgfr1_D_757,Cc1sc(NC(=O)CN(C(=O)c2ccccc2Cl)C2CCCCC2)c(C(N)=O)c1C,0
ZINC01368353,DUD_fgfr1_D_758,Cc1sc(NC(=O)CN(CCc2ccccc2)C(=O)c2ccco2)c(C(N)=O)c1C,0
ZINC01368393,DUD_fgfr1_D_759,Cc1sc(NC(=O)CN(C(=O)c2ccccc2F)C2CCCCC2)c(C(N)=O)c1C,0
ZINC01371464,DUD_fgfr1_D_760,O=C(CSc1nnc(NC(=O)C2CCC2)s1)Nc1ccccc1-c1ccccc1,0
ZINC01371921,DUD_fgfr1_D_761,O=C(CSc1ncccn1)Nc1ccc(C(=O)NC2CCCCC2)cc1,0
ZINC01371923,DUD_fgfr1_D_762,O=C(CSc1ncccn1)Nc1ccc(C(=O)NCC2CCCCC2)cc1,0
ZINC01376047,DUD_fgfr1_D_763,COc1ccc(NC(=O)c2sc(NC(=O)c3ccc(Cl)cc3)nc2C)cc1,0
ZINC01376054,DUD_fgfr1_D_764,COc1ccc(NC(=O)c2sc(NC(=O)c3ccc(Br)cc3)nc2C)cc1,0
ZINC01379047,DUD_fgfr1_D_765,Cc1nc(NC(=O)c2ccc(Cl)cc2)sc1C(=O)Nc1ccc2c(c1)OCCO2,0
ZINC01379048,DUD_fgfr1_D_766,Cc1nc(NC(=O)c2ccccc2Cl)sc1C(=O)Nc1ccc2c(c1)OCCO2,0
ZINC01379058,DUD_fgfr1_D_767,Cc1nc(NC(=O)c2ccc(F)cc2)sc1C(=O)Nc1ccc2c(c1)OCCO2,0
ZINC01379089,DUD_fgfr1_D_768,Cc1nc(NC(=O)COc2ccccc2)sc1C(=O)Nc1ccc2c(c1)CCC2,0
ZINC01379090,DUD_fgfr1_D_769,COc1ccc(C(=O)Nc2nc(C)c(C(=O)Nc3ccc4c(c3)CCC4)s2)cc1,0
ZINC01381613,DUD_fgfr1_D_770,Cc1ccccc1NC(=O)CSc1nnc(NC(=O)C2CCCCC2)s1,0
ZINC01384015,DUD_fgfr1_D_771,Cc1ccc(S(=O)(=O)N2CCC(C(=O)N/N=C\c3cccc(Cl)c3)CC2)cc1,0
ZINC01384084,DUD_fgfr1_D_772,O=C(N/N=C/c1ccccc1O)C1CCN(S(=O)(=O)c2ccc(Cl)cc2)CC1,0
ZINC01386379,DUD_fgfr1_D_773,COc1ccc(CN2CCn3nc(C(=O)Nc4ccc(Cl)cc4C)cc3C2=O)cc1,0
ZINC01390164,DUD_fgfr1_D_774,COc1ccc(COC(=O)NC2CCN(S(=O)(=O)c3ccc(Cl)cc3)CC2)cc1,0
ZINC01404526,DUD_fgfr1_D_775,Cc1[nH]c2ccccc2c1[C@@H]1[C@H](CCNS(=O)(=O)c2cccc3nsnc23)C1(C)C,0
ZINC01404529,DUD_fgfr1_D_776,Cc1[nH]c2ccccc2c1[C@@H]1[C@@H](CCNS(=O)(=O)c2cccc3nsnc23)C1(C)C,0
ZINC01410446,DUD_fgfr1_D_777,Cc1cc(/C=N/NC(=O)c2cccc(Cl)c2)c(C)n1-c1ccc(S(N)(=O)=O)cc1,0
ZINC01410855,DUD_fgfr1_D_778,CCOC(=O)c1ccc(NC(=S)NNC(=O)c2cc(OC)cc(OC)c2)cc1,0
ZINC01414975,DUD_fgfr1_D_779,CCOc1ccc(-c2csc(NNS(=O)(=O)c3ccc(C)cc3)n2)cc1,0
ZINC01415070,DUD_fgfr1_D_780,COc1ccc(-c2csc(NNC(=O)c3cc(OC)c(OC)c(OC)c3)n2)cc1,0
ZINC01415088,DUD_fgfr1_D_781,COc1cc(C(=O)NNc2nc(-c3cccc(O)c3)cs2)cc(OC)c1OC,0
ZINC01415092,DUD_fgfr1_D_782,COc1cc(C(=O)NNc2nc(-c3ccc(Cl)cc3)cs2)cc(OC)c1OC,0
ZINC01425452,DUD_fgfr1_D_783,Cc1cc(N2CCCC2=O)c(NC(=O)c2cccs2)cc1NC(=O)c1cccs1,0
ZINC01425708,DUD_fgfr1_D_784,COc1ccc(OC)c(NC(=S)NNC(=O)Cn2ncc3ccccc3c2=O)c1,0
ZINC01429402,DUD_fgfr1_D_785,CCOc1ccc(CSc2nnc(N)s2)cc1-n1nc2ccccc2n1,0
ZINC01430202,DUD_fgfr1_D_786,O=C(NCCc1ccccc1)c1cc(S(=O)(=O)NC2CC2)c(Cl)cc1Cl,0
ZINC01431444,DUD_fgfr1_D_787,CN(c1ccccc1)c1nc(N)nc(CSc2nnc(-c3ccc(F)cc3)n2C)n1,0
ZINC01431918,DUD_fgfr1_D_788,C[C@H](NC(=O)c1cc(S(=O)(=O)NC2CC2)c(Cl)cc1Cl)c1ccccc1,0
ZINC01431919,DUD_fgfr1_D_789,C[C@H](NC(=O)c1cc(S(=O)(=O)NC2CC2)c(Cl)cc1Cl)c1ccccc1,0
ZINC01432698,DUD_fgfr1_D_790,Cc1nn(Cc2noc(C(=O)NCCc3c[nH]c4ccccc34)n2)c(C)c1Br,0
ZINC01436611,DUD_fgfr1_D_791,COc1cc(Br)cc(/C=N/NC(=O)c2c(-c3ccccc3)noc2C)c1O,0
ZINC01443428,DUD_fgfr1_D_792,Cc1cc(C)cc(C[C@H](CC(=O)Nc2nccs2)C(=O)Nc2nccs2)c1,0
ZINC01443429,DUD_fgfr1_D_793,Cc1cc(C)cc(C[C@H](CC(=O)Nc2nccs2)C(=O)Nc2nccs2)c1,0
ZINC01447212,DUD_fgfr1_D_794,C=CCn1c(SCc2ccc(C(=O)OC)cc2)nnc1-c1sc(N)nc1C,0
ZINC01470753,DUD_fgfr1_D_795,O=C(Nc1ccc(S(=O)(=O)NC(=O)C2CCCCC2)cc1)c1ccc(Cl)cc1,0
ZINC01470757,DUD_fgfr1_D_796,O=C(Nc1ccc(S(=O)(=O)NC(=O)C2CCCCC2)cc1)c1ccc(F)cc1,0
ZINC01471821,DUD_fgfr1_D_797,Cc1cc2c(c(=O)n1CCCn1ccnc1)[C@H](c1ccc(Cl)cc1)C(C#N)=C(N)O2,0
ZINC01476067,DUD_fgfr1_D_798,COc1cc(-c2nnc(S)n2/N=C\c2c(O)ccc3ccccc23)cc(OC)c1OC,0
ZINC01485419,DUD_fgfr1_D_799,COC(=O)Nc1cccc(Cl)c1CNc1cccn2c(CO)c(C)nc12,0
ZINC01485419,DUD_fgfr1_D_800,COC(=O)Nc1cccc(Cl)c1CNc1cccn2c(CO)c(C)[nH+]c12,0
ZINC01485419,DUD_fgfr1_D_801,COC(=O)Nc1cccc(Cl)c1CNc1cccn2c(CO)c(C)[nH+]c12,0
ZINC01485930,DUD_fgfr1_D_802,OCC[NH+]1CCN(c2ccc3nc(Nc4c(F)cccc4Cl)c4cncn4c3[nH+]2)CC1,0
ZINC01487314,DUD_fgfr1_D_803,COc1cc2c(Nc3cc(O)c(C)cc3F)cnnc2cc1OCc1csc(C)n1,0
ZINC01487530,DUD_fgfr1_D_804,O=c1[nH]c2cc(Cl)c([N+](=O)[O-])cc2c(OCC[C@H]2CCCC[NH2+]2)c1-c1cccs1,0
ZINC01488424,DUD_fgfr1_D_805,C[C@H](O)CNC(=O)c1ccc(N(C)[C@@H](C[N@H+]2CC[C@@H](Cl)C2)c2ccccc2)cc1,0
ZINC01489195,DUD_fgfr1_D_806,CCn1cnc2c(Nc3cccc(Cl)c3)nc(NC3CCC(O)CC3)nc21,0
ZINC01489242,DUD_fgfr1_D_807,Cc1c(-c2ccc(S(C)(=O)=O)cc2)nc(NCc2ccccc2O)nc1C(F)(F)F,0
ZINC01490946,DUD_fgfr1_D_808,NC(=O)c1cccc2[nH]c(C3CC[NH+](CCOc4ccc(F)cc4)CC3)nc12,0
ZINC01490958,DUD_fgfr1_D_809,COc1ccc(-c2cc(=O)c3cc(CC(=O)Nc4cc(C5CC5)[nH]n4)cc(F)c3o2)cc1,0
ZINC01490958,DUD_fgfr1_D_810,COc1ccc(-c2cc(=O)c3cc(CC(=O)Nc4cc(C5CC5)n[nH]4)cc(F)c3o2)cc1,0
ZINC01490959,DUD_fgfr1_D_811,COc1ccc(-c2cc(=O)c3cc(CC(=O)Nc4cc(C5CC5)[nH]n4)c(Cl)cc3o2)cc1,0
ZINC01490959,DUD_fgfr1_D_812,COc1ccc(-c2cc(=O)c3cc(CC(=O)Nc4cc(C5CC5)n[nH]4)c(Cl)cc3o2)cc1,0
ZINC01491591,DUD_fgfr1_D_813,CC(C)(C)c1ccc(CNC(=S)NCc2ccc(NS(C)(=O)=O)c(F)c2)cc1,0
ZINC01492164,DUD_fgfr1_D_814,O=C(NCc1ccc2c(c1)OCO2)c1ccc(C(=O)NCc2ccc3c(c2)OCO3)s1,0
ZINC01492166,DUD_fgfr1_D_815,O=C(NCc1ccc2c(c1)OCO2)c1csc(C(=O)NCc2ccc3c(c2)OCO3)c1,0
ZINC01492702,DUD_fgfr1_D_816,O=C(NCC[NH+]1CCN(c2cc(Cl)cc3c2OC[C@@H](CO)O3)CC1)c1cccs1,0
ZINC01492724,DUD_fgfr1_D_817,COC(=O)CNc1ccc2c(c1)C[C@H](NS(=O)(=O)c1ccc(Cl)cc1)C2,0
ZINC01494447,DUD_fgfr1_D_818,CCn1c(=S)[nH]c2cc3c(NCc4ccccc4N4CCC(CO)CC4)ncnc3cc21,0
ZINC01494662,DUD_fgfr1_D_819,CC(C)S(=O)(=O)NC[C@@H](C)c1ccc(-c2ccc3[nH]c(=O)sc3c2)cc1,0
ZINC01502701,DUD_fgfr1_D_820,O=C(NC[C@@H]1CCCO1)c1cc(=O)oc2cc(OCc3ccc(Cl)cc3)ccc12,0
ZINC01508700,DUD_fgfr1_D_821,O=C(Nc1ccc(S(=O)(=O)Nc2ccc(Cl)cc2)cc1)C1CCCCC1,0
ZINC01512715,DUD_fgfr1_D_822,Cc1cccc(C(=O)Nc2nnc(CC(=O)N/N=C\c3ccccc3Cl)s2)c1,0
ZINC01515797,DUD_fgfr1_D_823,CCOC(=O)c1ccc(CNc2ccc(F)cc2-c2nc3ccccc3[nH]c2=O)o1,0
ZINC01530670,DUD_fgfr1_D_824,CCCCc1nc(Cl)c(CO)n1Cc1ccc(-c2ccccc2-c2nnn[n-]2)cc1,0
ZINC01534818,DUD_fgfr1_D_825,CCCCc1nc(Cl)c(CO)n1Cc1ccc(-c2cscc2-c2nnn[n-]2)cc1,0
ZINC01534821,DUD_fgfr1_D_826,CCCCc1nc(Cl)c(CO)n1Cc1ccc(-c2ccoc2-c2nnn[n-]2)cc1,0
ZINC01535007,DUD_fgfr1_D_827,CNC(=O)c1ccnc(NCCC[NH+]2CCN(c3cccc(Cl)c3)CC2)n1,0
ZINC01535338,DUD_fgfr1_D_828,CCCCc1nc(Cl)c(C)c(CO)c1Cc1ccc(-c2ccccc2-c2nnn[n-]2)cc1,0
ZINC01535683,DUD_fgfr1_D_829,CCCCC[C@H](/C=C\C(=O)N1Cc2ccccc2Oc2ccc(Cl)cc21)OC(=O)C[NH3+],0
ZINC01536085,DUD_fgfr1_D_830,C[NH+](C)CCNC(=O)/C=C/C(=O)N1Cc2ccccc2Oc2ccc(Cl)cc21,0
ZINC01536199,DUD_fgfr1_D_831,CCCCc1nc(Cl)c(CO)n1Cc1ccc(-c2ccccc2-c2n[nH]c(=O)o2)cc1,0
ZINC01536255,DUD_fgfr1_D_832,O=C(Nc1ccc2c(c1)OCO2)OCCC[NH+]1CCC(c2noc3cc(F)ccc23)CC1,0
ZINC01537573,DUD_fgfr1_D_833,Nc1ccccc1C(=O)NCCCC[NH+]1CCN(c2nsc3ccccc23)CC1,0
ZINC01537577,DUD_fgfr1_D_834,Nc1ccccc1C(=O)NCCCC[NH+]1CCC(c2nsc3ccccc23)CC1,0
ZINC01539373,DUD_fgfr1_D_835,O=C(NCCCC[NH+]1CCN(c2nsc3ccccc23)CC1)c1cccnc1,0
ZINC01540197,DUD_fgfr1_D_836,COc1cc(N)c(Cl)cc1C(=O)N[C@@H]1C[C@@H]2COC[C@H](C1)[N@H+]2Cc1ccc(F)cc1,0
ZINC01540541,DUD_fgfr1_D_837,O=C(Nc1ccc2ncsc2c1)OCC[NH+]1CCC(C(=O)c2ccc(F)cc2)CC1,0
ZINC01541749,DUD_fgfr1_D_838,CN1CC=C(NO)c2ccn(CCCC[NH+]3CCN(c4ccc(F)cc4)CC3)c2C1=O,0
ZINC01541750,DUD_fgfr1_D_839,CN1CC=C(NO)c2ccn(CCCC[NH+]3CCN(c4cccc(Cl)c4)CC3)c2C1=O,0
ZINC01543998,DUD_fgfr1_D_840,Cc1cc(N2CC[NH+](CCCSc3nnc(N)n3C)CC2)nc(-n2cccc2)n1,0
ZINC01544548,DUD_fgfr1_D_841,O=C1NC(=O)[C@@H](Cc2ccc(OCCONC3=CCc4cc5c(cc43)OCO5)cc2)S1,0
ZINC01547018,DUD_fgfr1_D_842,Cc1ccc(Cc2cnc(NCCCNc3[nH+]cc(Cl)cc3C)[nH]c2=O)cn1,0
ZINC01547018,DUD_fgfr1_D_843,Cc1ccc(Cc2cnc(NCCCNc3[nH+]cc(Cl)cc3C)nc2O)cn1,0
ZINC01547315,DUD_fgfr1_D_844,CCN(c1ccccc1)S(=O)(=O)c1ccc(NC(=O)[C@](C)(O)C(F)(F)F)c(C)c1,0
ZINC01547319,DUD_fgfr1_D_845,COc1ccc(N(C)S(=O)(=O)c2ccc(NC(=O)[C@](C)(O)C(F)(F)F)c(C)c2)cc1,0
ZINC01549595,DUD_fgfr1_D_846,CCn1ccc2cc(S(=O)(=O)Nc3cccc(NC(=O)C(C)(C)CF)c3)ccc21,0
ZINC01549823,DUD_fgfr1_D_847,COc1ccc2c(c1)c(-c1n[nH]c(=O)n1-c1cn(CCC[NH3+])c3ccc(F)cc13)cn2C,0
ZINC01550060,DUD_fgfr1_D_848,O=C(c1cccs1)c1nc(NCCNC(=O)C2CCCCC2)nc2ccsc12,0
ZINC01553207,DUD_fgfr1_D_849,N#Cc1ccc(NCCC[NH+]2C[C@H]3CN(C(=O)Nc4ccc(F)c(F)c4)C[C@@H]3C2)cc1,0
ZINC01553289,DUD_fgfr1_D_850,O=C(NCc1ccc(Cl)cc1)c1cn2c3c(cc(C#CCO)cc3c1=S)OCC2,0
ZINC01553290,DUD_fgfr1_D_851,O=C(NCc1ccc(Cl)cc1)c1cn2c3c(cc(CCCO)cc3c1=S)OCC2,0
ZINC01553648,DUD_fgfr1_D_852,CC(C)(C)c1ccc(CNC(=S)NCc2ccc(NS(C)(=O)=O)cc2)cc1,0
ZINC01584627,DUD_fgfr1_D_853,CC1(C)O[C@H]2[C@@H](CO)O[C@H](n3nc(SCc4ccccc4)c(=S)[nH]c3=O)[C@H]2O1,0
ZINC01596779,DUD_fgfr1_D_854,CC(=O)Nc1ccc(SSc2ccc(NC(C)=O)c3cccnc23)c2ncccc12,0
ZINC01623955,DUD_fgfr1_D_855,CCOc1ccc(NC(=O)C[C@@H]2SC(Nc3ccc(C)cc3)=NC2=O)cc1,0
ZINC01631471,DUD_fgfr1_D_856,COC(=O)/C(=C(\NN)C(=O)Nc1ccc(C)c(C)c1)c1nc2ccc(Cl)cc2[nH]c1=O,0
ZINC01631471,DUD_fgfr1_D_857,COC(=O)/C(=C(/NN)C(=O)Nc1ccc(C)c(C)c1)c1nc2ccc(Cl)cc2nc1O,0
ZINC01637259,DUD_fgfr1_D_858,COc1ccc(CCNC(=S)N/C=C\c2nc3ccccc3[nH]c2=O)cc1OC,0
ZINC01637259,DUD_fgfr1_D_859,COc1ccc(CCNC(=S)N/C=C\c2nc3ccccc3nc2O)cc1OC,0
ZINC01637965,DUD_fgfr1_D_860,Cc1ccc(S(=O)(=O)N(CCCc2c(C)[nH]c(=S)[nH]c2=O)c2ccccc2)cc1,0
ZINC01639505,DUD_fgfr1_D_861,COc1ccccc1N1CC[NH+](CCCNC(=O)c2cc(Cl)c(N)c(Cl)c2)CC1,0
ZINC01645186,DUD_fgfr1_D_862,Cc1ccc(Nc2nc(NS(=O)(=O)c3cc(C)c(Cl)cc3[S-])n(C)n2)cc1,0
ZINC01645194,DUD_fgfr1_D_863,CCN(c1ccccc1)c1nc(N)nc(NS(=O)(=O)c2cc(C)c(Cl)cc2[S-])n1,0
ZINC01652782,DUD_fgfr1_D_864,CCn1c(SCC(=O)NNC(=S)Nc2ccc(C)cc2)nc2ccccc2c1=O,0
ZINC01652883,DUD_fgfr1_D_865,CCCC(=O)Nc1cc(/C=C\C(=O)N2C[C@@H](CCl)c3ccc(N)cc32)n(C)c1,0
ZINC01654937,DUD_fgfr1_D_866,CC(=O)Nc1cccc(/C=C\C(=O)N2C[C@@H](CCl)c3c2cc(N)c2ccccc32)c1,0
ZINC01654941,DUD_fgfr1_D_867,COc1cc2cc(C(=O)N3C[C@H](CCl)c4ccc(N)cc43)[nH]c2cc1OCC[NH+](C)C,0
ZINC01659726,DUD_fgfr1_D_868,CCOP(=O)(OCC)C1=C(c2ccccc2)OC(N)=C(C#N)[C@H]1c1ccc(Cl)cc1,0
ZINC01699148,DUD_fgfr1_D_869,CCOC(=S)Nc1ccc(S(=O)(=O)c2ccc(NC(=S)OCC)cc2)cc1,0
ZINC01753393,DUD_fgfr1_D_870,CCOc1ccc(NC(=O)c2sc3nc4c(cc3c2N)C(=O)CC(C)(C)C4)cc1,0
ZINC01755042,DUD_fgfr1_D_871,COc1ccc2c(c1)-c1c(ss/c1=N/c1ccc(S(N)(=O)=O)cc1)C(C)(C)N2,0
ZINC01767698,DUD_fgfr1_D_872,O=C(CCN1C(=O)/C(=C\c2ccc3c(c2)OCO3)SC1=S)Nc1ccc(O)cc1,0
ZINC01767702,DUD_fgfr1_D_873,O=C(CCN1C(=O)/C(=C/c2ccc3c(c2)OCO3)SC1=S)Nc1ccccc1O,0
ZINC01767707,DUD_fgfr1_D_874,O=C(CCN1C(=O)/C(=C/c2ccc3c(c2)OCO3)SC1=S)Nc1cccc(O)c1,0
ZINC01772011,DUD_fgfr1_D_875,CCNc1nc(NCC)n2c(S[C@@H](C)C(=O)c3ccc(Cl)cc3)nnc2n1,0
ZINC01784090,DUD_fgfr1_D_876,Cc1sc2ncn(CC(=O)N/N=C/c3c(O)ccc4ccccc34)c(=O)c2c1C,0
ZINC01786873,DUD_fgfr1_D_877,CCCCNc1nc2ccccc2nc1NS(=O)(=O)c1ccc(Br)cc1,0
ZINC01788960,DUD_fgfr1_D_878,COc1ccc(Cl)cc1/N=c1\nc(CC(=O)CSc2ccc(C)cc2)nc(N)[nH]1,0
ZINC01789738,DUD_fgfr1_D_879,COc1ccc(-c2nnc(SCc3ccc(C(=O)OC(C)C)cc3)n2N)cc1,0
ZINC01792435,DUD_fgfr1_D_880,Cc1sc2nc(SCc3ccc(C(=O)NCCO)cc3)[nH]c(=O)c2c1C,0
ZINC01792435,DUD_fgfr1_D_881,Cc1sc2nc(SCc3ccc(C(=O)NCCO)cc3)nc(O)c2c1C,0
ZINC01792435,DUD_fgfr1_D_882,Cc1sc2[nH]c(SCc3ccc(C(=O)NCCO)cc3)nc(=O)c2c1C,0
ZINC01802981,DUD_fgfr1_D_883,CCOC(=O)c1ccc(NC(=O)CSc2nc3sc4c(c3c(=O)[nH]2)CCC4)cc1,0
ZINC01802981,DUD_fgfr1_D_884,CCOC(=O)c1ccc(NC(=O)CSc2nc(=O)c3c4c(sc3[nH]2)CCC4)cc1,0
ZINC01802981,DUD_fgfr1_D_885,CCOC(=O)c1ccc(NC(=O)CSc2nc(O)c3c4c(sc3n2)CCC4)cc1,0
ZINC01805026,DUD_fgfr1_D_886,C=CCOc1ccc([C@H]2C3=C(CC(C)(C)CC3=O)Nc3nc(S)[nH]c(=O)c32)cc1OC,0
ZINC01805026,DUD_fgfr1_D_887,C=CCOc1ccc([C@@H]2C3=C(CC(C)(C)CC3=O)Nc3[nH]c(S)nc(=O)c32)cc1OC,0
ZINC01805026,DUD_fgfr1_D_888,C=CCOc1ccc([C@H]2C3=C(CC(C)(C)CC3=O)Nc3nc(S)nc(O)c32)cc1OC,0
ZINC01811193,DUD_fgfr1_D_889,COC(=O)c1ccc(-c2ccc(/C=c3\c(=O)nc4sc(=C(C)C)[nH]n-4c3=N)o2)cc1,0
ZINC01814769,DUD_fgfr1_D_890,COc1ccc(NC(=O)CSc2nc(N)c3c4c(sc3n2)CO[C@@H](C(C)C)C4)cc1,0
ZINC01814770,DUD_fgfr1_D_891,COc1ccc(NC(=O)CSc2nc(N)c3c4c(sc3n2)CO[C@H](C(C)C)C4)cc1,0
ZINC01821544,DUD_fgfr1_D_892,O=C(NCCO)c1ccc(CSc2nc3sc4c(c3c(=O)[nH]2)CCCC4)cc1,0
ZINC01821544,DUD_fgfr1_D_893,O=C(NCCO)c1ccc(CSc2nc(O)c3c4c(sc3n2)CCCC4)cc1,0
ZINC01821544,DUD_fgfr1_D_894,O=C(NCCO)c1ccc(CSc2nc(=O)c3c4c(sc3[nH]2)CCCC4)cc1,0
ZINC01828960,DUD_fgfr1_D_895,COc1ccc(NC(=O)CSc2nc(N)c3c4c(sc3n2)COC(C)(C)C4)cc1,0
ZINC01829854,DUD_fgfr1_D_896,COc1cccc(NC(=O)CSc2nc(N)c3c4c(sc3n2)COC(C)(C)C4)c1,0
ZINC01845924,DUD_fgfr1_D_897,COc1ccccc1/N=c1\nc(N)nc(CSC(=S)N2CCC(C)CC2)[nH]1,0
ZINC01854018,DUD_fgfr1_D_898,COc1ccccc1NC(=S)N[C@@H]1CCC[C@@H]1N(C)C(=O)c1ccc([N+](=O)[O-])cc1,0
ZINC01860662,DUD_fgfr1_D_899,CCNc1nnc(-c2ccccc2Nc2ccccc2-c2nnc(NCC)s2)s1,0
ZINC01862731,DUD_fgfr1_D_900,CC(=O)Nc1cc(/C=C\C(=O)N2C[C@H](CCl)c3c2cc(N)c2ccccc32)n(C)n1,0
ZINC01868097,DUD_fgfr1_D_901,CCc1n[nH]/c(=N/S(=O)(=O)c2ccc(NCc3cc(Cl)ccc3O)cc2)s1,0
ZINC01870766,DUD_fgfr1_D_902,COc1ccc(/N=c2\nc(N)nc(CSC(=S)N3CCCC[C@@H]3C)[nH]2)cc1,0
ZINC01870768,DUD_fgfr1_D_903,COc1ccc(/N=c2/nc(N)nc(CSC(=S)N3CCCC[C@@H]3C)[nH]2)cc1,0
ZINC01875135,DUD_fgfr1_D_904,COc1ccccc1NC(=O)CSc1nc(N)c2c3c(sc2n1)COC(C)(C)C3,0
ZINC01876305,DUD_fgfr1_D_905,COc1ccccc1/N=c1/nc(N)nc(CSC(=S)N2CCCC[C@@H]2C)[nH]1,0
ZINC01876307,DUD_fgfr1_D_906,COc1ccccc1/N=c1/nc(N)nc(CSC(=S)N2CCCC[C@H]2C)[nH]1,0
ZINC01881665,DUD_fgfr1_D_907,CCN(CC)c1ccc2cc(C(N)=O)/c(=N/NC(=O)c3ccccc3Cl)oc2c1,0
ZINC01884291,DUD_fgfr1_D_908,CC1CCN(C(=S)SCc2nc(N)n/c(=N\c3ccccc3)[nH]2)CC1,0
ZINC01889622,DUD_fgfr1_D_909,CC(=O)Nc1ccc(C(=O)CSc2nc3sc4c(c3c(=O)[nH]2)CCCC4)cc1,0
ZINC01889622,DUD_fgfr1_D_910,CC(=O)Nc1ccc(C(=O)CSc2nc(=O)c3c4c(sc3[nH]2)CCCC4)cc1,0
ZINC01889622,DUD_fgfr1_D_911,CC(=O)Nc1ccc(C(=O)CSc2nc(O)c3c4c(sc3n2)CCCC4)cc1,0
ZINC01889783,DUD_fgfr1_D_912,COc1ccc([C@H]2C=C(c3ccc(Br)cc3)Nc3nc(CCCO)nn32)cc1,0
ZINC01889786,DUD_fgfr1_D_913,COc1ccc([C@@H]2C=C(c3ccc(Br)cc3)Nc3nc(CCCO)nn32)cc1,0
ZINC01889802,DUD_fgfr1_D_914,CC(=O)Nc1ccc(C2=C[C@@H](c3ccc(Cl)cc3)n3nc(CCCO)nc3N2)cc1,0
ZINC01889804,DUD_fgfr1_D_915,CC(=O)Nc1ccc(C2=C[C@@H](c3ccc(Cl)cc3)n3nc(CCCO)nc3N2)cc1,0
ZINC01889810,DUD_fgfr1_D_916,COc1ccc(C2=C[C@H](c3ccc(Cl)cc3)n3nc(CCCO)nc3N2)cc1,0
ZINC01889842,DUD_fgfr1_D_917,COc1ccc(C2=C[C@@H](c3cccc(Br)c3)n3nc(CCCO)nc3N2)cc1,0
ZINC01889845,DUD_fgfr1_D_918,COc1ccc(C2=C[C@H](c3cccc(Br)c3)n3nc(CCCO)nc3N2)cc1,0
ZINC01890452,DUD_fgfr1_D_919,C=C1Nc2nc(CCCO)nn2[C@@H](c2ccc(Cl)cc2)[C@@H]1C(=O)Nc1ccccc1C,0
ZINC01890456,DUD_fgfr1_D_920,C=C1Nc2nc(CCCO)nn2[C@H](c2ccc(Cl)cc2)[C@H]1C(=O)Nc1ccccc1C,0
ZINC01890485,DUD_fgfr1_D_921,C=C1Nc2nc(CCCO)nn2[C@@H](c2cccc(F)c2)[C@@H]1C(=O)Nc1ccccc1C,0
ZINC01890491,DUD_fgfr1_D_922,C=C1Nc2nc(CCCO)nn2[C@@H](c2cccc(F)c2)[C@H]1C(=O)Nc1ccccc1C,0
ZINC01890498,DUD_fgfr1_D_923,COc1ccccc1NC(=O)C1=C(C)Nc2nc(CCCO)nn2[C@H]1c1cccc(F)c1,0
ZINC01890501,DUD_fgfr1_D_924,C=C1Nc2nc(CCCO)nn2[C@H](c2cccc(F)c2)[C@@H]1C(=O)Nc1ccccc1OC,0
ZINC01892136,DUD_fgfr1_D_925,C=CC[NH2+]Cc1c(CO)nc2n1-c1ccc(Cl)cc1C(c1ccccc1F)=NC2,0
ZINC01894878,DUD_fgfr1_D_926,O=C(CCCN1C(=O)/C(=C/c2ccc3c(c2)OCO3)SC1=S)Nc1ccccc1O,0
ZINC01894881,DUD_fgfr1_D_927,O=C(CCCN1C(=O)/C(=C/c2ccc3c(c2)OCO3)SC1=S)Nc1cccc(O)c1,0
ZINC01894884,DUD_fgfr1_D_928,O=C(CCCN1C(=O)/C(=C\c2ccc3c(c2)OCO3)SC1=S)Nc1ccc(O)cc1,0
ZINC01894981,DUD_fgfr1_D_929,Cc1ccc(NC(=O)CCC(=O)NNC(=S)Nc2ccc(F)cc2)c(C)c1,0
ZINC01896021,DUD_fgfr1_D_930,O=C(N[C@H](C(=O)Nc1n[nH]c(=S)s1)C1CCCCC1)OCc1ccccc1,0
ZINC01905098,DUD_fgfr1_D_931,O=C(NC[C@H]1CCCO1)c1cccc(NC2=C(Cl)C(=O)N(c3ccc(F)cc3)C2=O)c1,0
ZINC01905102,DUD_fgfr1_D_932,O=C(NC[C@H]1CCCO1)c1cccc(NC2=C(Cl)C(=O)N(c3ccc(F)cc3)C2=O)c1,0
ZINC01905502,DUD_fgfr1_D_933,O=C(NC[C@@H]1CCCO1)c1cccc(NC2=C(Cl)C(=O)N(c3ccccc3)C2=O)c1,0
ZINC01905506,DUD_fgfr1_D_934,O=C(NC[C@@H]1CCCO1)c1cccc(NC2=C(Cl)C(=O)N(c3ccccc3)C2=O)c1,0
ZINC01906145,DUD_fgfr1_D_935,COc1ccc(N2C(=O)C(Cl)=C(Nc3cccc(C(=O)NC4CCCC4)c3)C2=O)cc1,0
ZINC01906585,DUD_fgfr1_D_936,C=C(N/N=C1/NC(=O)C[C@@H](C(=O)Nc2ccccc2OC)S1)c1ccc(Cl)cc1,0
ZINC01911440,DUD_fgfr1_D_937,COC(=O)Nc1cccc(-c2nc(SC)nc3sc(C(=O)NC(C)(C)C)c(N)c23)c1,0
ZINC01913339,DUD_fgfr1_D_938,O=C(CSc1nc2ccccc2s1)Nc1cc(=O)[nH]c(=O)n1C1CCCCC1,0
ZINC01913580,DUD_fgfr1_D_939,O=C1CCc2cc([C@@H](O)C[NH+]3CCC(OCc4ccc(F)cc4)CC3)ccc2N1,0
ZINC01913583,DUD_fgfr1_D_940,C[C@@H]([C@H](O)c1ccc2c(c1)CCCC(=O)N2)[NH+]1CCC(Cc2ccc(F)cc2)CC1,0
ZINC01917048,DUD_fgfr1_D_941,COc1ccc(Cl)cc1NC(=O)COC(=O)[C@@H](C(C)C)N1C(=O)c2ccccc2C1=O,0
ZINC01917501,DUD_fgfr1_D_942,CCCCNS(=O)(=O)c1ccc2nc(NC(=O)c3ccccc3Cl)sc2c1,0
ZINC01921855,DUD_fgfr1_D_943,CCOC(=O)c1cc(-c2ccccc2)sc1NC(=O)Cn1c(N)nnc1SC,0
ZINC01922776,DUD_fgfr1_D_944,Cc1ccc(NC(=O)Cn2c(N)nnc2SCc2ccccc2)cc1Cl,0
ZINC01922810,DUD_fgfr1_D_945,COc1ccc(NC(=O)Cn2c(N)nnc2SCc2ccccc2)cc1Cl,0
ZINC01923310,DUD_fgfr1_D_946,CN(C)c1ccc(NC(=O)Cn2c(N)nnc2SCc2ccccc2Cl)cc1,0
ZINC01924589,DUD_fgfr1_D_947,CC(=O)Nc1ccc(NC(=O)CSc2nnc3cc(C)c4cc(Cl)ccc4n23)cc1,0
ZINC01926510,DUD_fgfr1_D_948,COc1ccccc1C(=O)NNC(=S)NC(=O)c1cc(OC)c(OC)c(OC)c1,0
ZINC01927636,DUD_fgfr1_D_949,O=C(/C=C\c1ccc(F)cc1)Nc1ccc(S(=O)(=O)NC2CCCCC2)cc1,0
ZINC01949708,DUD_fgfr1_D_950,C=C(NNC(=O)CCC(=O)Nc1ccc(I)cc1)c1ccc(C)cc1,0
ZINC01950224,DUD_fgfr1_D_951,Cc1ccccc1N1C(=O)C(Cl)=C(Nc2cccc(C(=O)NC[C@@H]3CCCO3)c2)C1=O,0
ZINC01950653,DUD_fgfr1_D_952,Cc1ccc(N2C(=O)C(Cl)=C(Nc3cccc(C(=O)NC[C@@H]4CCCO4)c3)C2=O)cc1,0
ZINC01950656,DUD_fgfr1_D_953,Cc1ccc(N2C(=O)C(Cl)=C(Nc3cccc(C(=O)NC[C@@H]4CCCO4)c3)C2=O)cc1,0
ZINC01952788,DUD_fgfr1_D_954,Cc1ccccc1N1C(=O)C(Cl)=C(Nc2ccc(C(=O)NC[C@H]3CCCO3)cc2)C1=O,0
ZINC01952792,DUD_fgfr1_D_955,Cc1ccccc1N1C(=O)C(Cl)=C(Nc2ccc(C(=O)NC[C@@H]3CCCO3)cc2)C1=O,0
ZINC01952939,DUD_fgfr1_D_956,Cc1ccc(NC(=O)CCC(=O)N/N=C/c2coc3ccc(Cl)cc3c2=O)cc1,0
ZINC01952988,DUD_fgfr1_D_957,Cc1ccc(N2C(=O)C(Cl)=C(Nc3ccc(C(=O)NC[C@@H]4CCCO4)cc3)C2=O)cc1,0
ZINC01952990,DUD_fgfr1_D_958,Cc1ccc(N2C(=O)C(Cl)=C(Nc3ccc(C(=O)NC[C@H]4CCCO4)cc3)C2=O)cc1,0
ZINC01953823,DUD_fgfr1_D_959,O=C(NCc1ccco1)c1ccc(NC2=C(Cl)C(=O)N(C3CCCCC3)C2=O)cc1,0
ZINC01953840,DUD_fgfr1_D_960,O=C(Nc1ccccc1O)c1ccc(NC2=C(Cl)C(=O)N(C3CCCCC3)C2=O)cc1,0
ZINC01953940,DUD_fgfr1_D_961,C=C(NNC(=O)CNC(=O)c1ccc(Br)cc1)c1ccc(OC)cc1OC,0
ZINC01960055,DUD_fgfr1_D_962,C=C(NNC(=O)CCC(=O)Nc1ccc(Br)cc1)c1ccc(OC)cc1OC,0
ZINC01960481,DUD_fgfr1_D_963,C=C(NNC(=O)CCC(=O)Nc1ccc(I)cc1C)c1ccccc1,0
ZINC01963450,DUD_fgfr1_D_964,COc1ccccc1N1C(=O)C(Cl)=C(Nc2cccc(C(=O)NC3CCCC3)c2)C1=O,0
ZINC01964530,DUD_fgfr1_D_965,O=C(NC[C@@H]1CCCO1)c1ccc(NC2=C(Cl)C(=O)N(c3ccccc3F)C2=O)cc1,0
ZINC01964531,DUD_fgfr1_D_966,O=C(NC[C@H]1CCCO1)c1ccc(NC2=C(Cl)C(=O)N(c3ccccc3F)C2=O)cc1,0
ZINC01966650,DUD_fgfr1_D_967,C[C@H]1CCc2c(sc3ncn(CC(=O)N/N=C/c4ccc(O)cc4)c(=O)c23)C1,0
ZINC01966651,DUD_fgfr1_D_968,C[C@H]1CCc2c(sc3ncn(CC(=O)N/N=C\c4ccc(O)cc4)c(=O)c23)C1,0
ZINC01966652,DUD_fgfr1_D_969,C[C@H]1CCc2c(sc3ncn(CC(=O)N/N=C\c4ccc(O)cc4)c(=O)c23)C1,0
ZINC01966653,DUD_fgfr1_D_970,C[C@@H]1CCc2c(sc3ncn(CC(=O)N/N=C/c4ccc(O)cc4)c(=O)c23)C1,0
ZINC01966681,DUD_fgfr1_D_971,COc1cccc(/C=N/NC(=O)Cn2cnc3sc4c(c3c2=O)CC[C@@H](C)C4)c1O,0
ZINC01966683,DUD_fgfr1_D_972,COc1cccc(/C=N/NC(=O)Cn2cnc3sc4c(c3c2=O)CC[C@H](C)C4)c1O,0
ZINC01967454,DUD_fgfr1_D_973,Cc1ccc(O)c(NC2=C(Cl)C(=O)N(c3ccc(C(=O)OC(C)C)cc3)C2=O)c1,0
ZINC01967543,DUD_fgfr1_D_974,CCCCOC(=O)c1ccc(N2C(=O)C(Cl)=C(Nc3ccccc3O)C2=O)cc1,0
ZINC01967871,DUD_fgfr1_D_975,CCCOC(=O)c1ccc(N2C(=O)C(Cl)=C(Nc3cc(C)ccc3O)C2=O)cc1,0
ZINC01970942,DUD_fgfr1_D_976,O=C(NC[C@@H]1CCCO1)c1cccc(NC2=C(Cl)C(=O)N(c3ccccc3F)C2=O)c1,0
ZINC01970943,DUD_fgfr1_D_977,O=C(NC[C@@H]1CCCO1)c1cccc(NC2=C(Cl)C(=O)N(c3ccccc3F)C2=O)c1,0
ZINC01989647,DUD_fgfr1_D_978,CCCCOC(=O)c1ccccc1N1C(=O)C(Cl)=C(Nc2ccc(C(C)=O)cc2)C1=O,0
ZINC01989717,DUD_fgfr1_D_979,O=C(NC[C@@H]1CCCO1)c1ccc(NC2=C(Cl)C(=O)N(c3ccc(F)cc3)C2=O)cc1,0
ZINC01989718,DUD_fgfr1_D_980,O=C(NC[C@@H]1CCCO1)c1ccc(NC2=C(Cl)C(=O)N(c3ccc(F)cc3)C2=O)cc1,0
ZINC01989796,DUD_fgfr1_D_981,O=C(NC[C@H]1CCCO1)c1ccc(NC2=C(Cl)C(=O)N(c3ccccc3)C2=O)cc1,0
ZINC01989797,DUD_fgfr1_D_982,O=C(NC[C@H]1CCCO1)c1ccc(NC2=C(Cl)C(=O)N(c3ccccc3)C2=O)cc1,0
ZINC01989878,DUD_fgfr1_D_983,COc1ccc(N2C(=O)C(Cl)=C(Nc3ccc(C(=O)NC4CCCC4)cc3)C2=O)cc1,0
ZINC02005039,DUD_fgfr1_D_984,O=c1cc(CC[NH+]2CCN(c3nccc4c(O)cccc34)CC2)c2ccc(F)cc2[nH]1,0
ZINC02007686,DUD_fgfr1_D_985,CC(C)(CCl)C(=O)Nc1ccc(NS(=O)(=O)c2cccc3ccccc23)cc1,0
ZINC02007690,DUD_fgfr1_D_986,O=c1ccc(Cl)ccc1Nc1ccc(OC[C@@H](O)C[NH2+]C2CCCCC2)cc1,0
ZINC02007708,DUD_fgfr1_D_987,CN(C)c1cccc2c(S(=O)(=O)Nc3ccc(NC(=O)C(C)(C)CF)cc3)cccc12,0
ZINC02047838,DUD_fgfr1_D_988,CCOc1cc2ncnc(Nc3cccc(-c4csc(CO)n4)c3)c2cc1OCC,0
ZINC02051657,DUD_fgfr1_D_989,COc1ccc(NC(=O)C[C@H]2S/C(=N\c3ccccc3Cl)NC2=O)c(OC)c1,0
ZINC02051659,DUD_fgfr1_D_990,COc1ccc(NC(=O)C[C@H]2S/C(=N/c3ccccc3Cl)NC2=O)c(OC)c1,0
ZINC02051828,DUD_fgfr1_D_991,COc1cc(NC(=O)/C=C(\C)NNC(=O)c2ccccc2N)c(OC)cc1Cl,0
ZINC02051995,DUD_fgfr1_D_992,CCCCOC(=O)Nc1ccc(S(=O)(=O)Nc2ccc(Br)cc2)cc1,0
ZINC02061584,DUD_fgfr1_D_993,Cc1ccccc1NC(=O)CN1C(=O)N/C(=C/c2ccc(N3CCOCC3)c(F)c2)C1=O,0
ZINC02066155,DUD_fgfr1_D_994,Cc1ccc(C(=O)N/C(=C/c2ccc(-c3ccc(Cl)cc3)o2)C(=O)NCCO)cc1,0
ZINC02070370,DUD_fgfr1_D_995,C=C(NNC(=O)CSCc1ccccc1Cl)c1ccc(NC(C)=O)cc1,0
ZINC02087870,DUD_fgfr1_D_996,CCNC(=S)NNC(=O)CSc1nc2ccccc2c(=O)n1-c1ccccc1C,0
ZINC02095992,DUD_fgfr1_D_997,CCCCCSc1nnc2c(n1)O[C@@]1(Nc3ccccc3-2)C(=O)Nc2ccc(F)cc21,0
ZINC02095996,DUD_fgfr1_D_998,CCCCCSc1nnc2c(n1)O[C@]1(Nc3ccccc3-2)C(=O)Nc2ccc(F)cc21,0
ZINC02100625,DUD_fgfr1_D_999,C=C(NNC(=O)[C@H](C)NC(=O)c1ccc(Br)cc1)c1ccc(OC)cc1OC,0
ZINC02100626,DUD_fgfr1_D_1000,C=C(NNC(=O)[C@H](C)NC(=O)c1ccc(Br)cc1)c1ccc(OC)cc1OC,0
ZINC02104300,DUD_fgfr1_D_1001,CCCCSc1nnc2c(n1)O[C@]1(Nc3ccccc3-2)C(=O)Nc2ccc(Cl)cc21,0
ZINC02110154,DUD_fgfr1_D_1002,C/C=C(/NNC(=O)c1csc2ccccc12)c1ccc(OCC[NH+]2CCOCC2)cc1,0
ZINC02112450,DUD_fgfr1_D_1003,CCNC(=S)NNC(=O)c1cc(-c2ccccc2OC(C)C)nc2ccccc12,0
ZINC02118903,DUD_fgfr1_D_1004,O=C(NCCC[NH+]1CCOCC1)c1cc2c([nH]c3ccccc32)c(-c2ccc(F)cc2)n1,0
ZINC02120427,DUD_fgfr1_D_1005,O=C(NCCC[NH+]1CCOCC1)c1cc2c([nH]c3ccccc32)c(-c2ccccc2Cl)n1,0
ZINC02120836,DUD_fgfr1_D_1006,CCC(=O)Nc1ccc2nc(SCC(=O)Nc3ccc(C(=O)OC)cc3)sc2c1,0
ZINC02123450,DUD_fgfr1_D_1007,Cc1ccc(NC(=O)CN2C(=O)S/C(=C/c3cc(Cl)ccc3O)C2=O)cc1C,0
ZINC02131421,DUD_fgfr1_D_1008,CCCC[N@@H+](C)Cc1c(O)ccc2c(-c3cc4cc(Cl)ccc4oc3=O)cc(=O)oc12,0
ZINC02134322,DUD_fgfr1_D_1009,Cc1ccc(NC(=O)CCC(=O)NNS(=O)(=O)c2ccc(Cl)cc2)cc1C,0
ZINC02135491,DUD_fgfr1_D_1010,COc1cc(C(=O)NNC(=S)NC(=O)c2ccccc2C)cc(OC)c1OC,0
ZINC02135563,DUD_fgfr1_D_1011,CCCC(=O)Nc1ccc(C(=O)NNC(=S)NC(=O)c2cccs2)cc1,0
ZINC02135637,DUD_fgfr1_D_1012,Cc1ccc(NS(=O)(=O)c2ccc(NC(=S)NC(=O)c3cccs3)cc2)c(C)c1,0
ZINC02135711,DUD_fgfr1_D_1013,COc1ccc(CC(=O)NC(=S)Nc2ccc(S(=O)(=O)NC(C)=O)cc2)cc1,0
ZINC02135867,DUD_fgfr1_D_1014,O=C(NC(=S)Nc1ccc(S(=O)(=O)NC2CCCCC2)cc1)c1cccs1,0
ZINC02136501,DUD_fgfr1_D_1015,CCOc1ccc(NS(=O)(=O)c2ccc(NC(=S)NC(=O)CC(C)C)cc2)cc1,0
ZINC02136633,DUD_fgfr1_D_1016,COc1ccc(NS(=O)(=O)c2ccc(NC(=S)NC(=O)CC(C)C)cc2)cc1,0
ZINC02137080,DUD_fgfr1_D_1017,CCOc1ccc(NS(=O)(=O)c2ccc(NC(=S)NC(=O)C(C)C)cc2)cc1,0
ZINC02137100,DUD_fgfr1_D_1018,COc1ccc(NS(=O)(=O)c2ccc(NC(=S)NC(=O)C(C)C)cc2)cc1,0
ZINC02141326,DUD_fgfr1_D_1019,O=C(CSC(=S)N1CCOCC1)Nc1nc(-c2c[nH]c3ccccc23)cs1,0
ZINC02141718,DUD_fgfr1_D_1020,COc1cc(/C=C2/SC(=O)N(CC(=O)Nc3ccc(C)cc3)C2=O)cc(Cl)c1O,0
ZINC02144095,DUD_fgfr1_D_1021,Cc1cccc(C)c1NC(=O)CN1C(=O)S/C(=C\c2cc(Cl)ccc2O)C1=O,0
ZINC02145502,DUD_fgfr1_D_1022,CC(=O)NS(=O)(=O)c1ccc(NC(=S)NC(=O)COc2ccccc2C)cc1,0
ZINC02150273,DUD_fgfr1_D_1023,CC(C)(C)c1ccc(C(=O)ONC(=[NH2+])Cc2ccc(-c3csnn3)cc2)cc1,0
ZINC02150635,DUD_fgfr1_D_1024,CCOC(=O)CSc1nnc(-c2sc3nc(-c4ccccc4)nc(C)c3c2N)o1,0
ZINC02181022,DUD_fgfr1_D_1025,CCOC(=O)N1CCc2c(sc3nc(SCC(=O)c4ccccc4)n(N)c(=O)c23)C1,0
ZINC02181050,DUD_fgfr1_D_1026,Cc1sc2nc(SCC(=O)c3ccc(-c4ccccc4)cc3)n(N)c(=O)c2c1C,0
ZINC02181092,DUD_fgfr1_D_1027,CCOC(=O)CC(=O)CSc1nnc(-c2cc(-c3ccccc3)sc2N)n1CC,0
ZINC02186478,DUD_fgfr1_D_1028,Oc1ccc(Cl)cc1/C=N\N=c1/nc(N2CCOCC2)nc(Nc2ccccc2)[nH]1,0
ZINC02192596,DUD_fgfr1_D_1029,C=CCn1c(SCc2nc(N)nc(N3CCCCC3)n2)nnc1-c1cccs1,0
ZINC02194953,DUD_fgfr1_D_1030,Nc1nc(C[NH+]2CCN(c3cccc[nH+]3)CC2)nc(Nc2ccc(Cl)cc2)n1,0
ZINC02196689,DUD_fgfr1_D_1031,COc1ccccc1C(=O)NNc1nc2sc3c(c2c(=O)n1Cc1ccccc1)CCC3,0
ZINC02198693,DUD_fgfr1_D_1032,COc1ccc(OC)c(NC(=O)C(=O)NN/C(C)=C/C(=O)Nc2ccc(Cl)cc2)c1,0
ZINC02199578,DUD_fgfr1_D_1033,COc1cccc(-c2nc3sc4c(c3c(=O)n2N)CC[N@@H+](Cc2ccccc2)C4)c1,0
ZINC02199827,DUD_fgfr1_D_1034,Cc1cc(C)nc(NS(=O)(=O)c2ccc(-c3nc(S)nc4ccccc34)cc2)n1,0
ZINC02199951,DUD_fgfr1_D_1035,C[C@@H]1CCC[C@@H](C)[NH+]1Cc1c(O)ccc2c(=O)c(-c3nc4ccccc4s3)c(N)oc12,0
ZINC02199953,DUD_fgfr1_D_1036,C[C@@H]1CCC[C@@H](C)[NH+]1Cc1c(O)ccc2c(=O)c(-c3nc4ccccc4s3)c(N)oc12,0
ZINC02200013,DUD_fgfr1_D_1037,COc1ccc(NC(=O)C[C@H]2S/C(=N\N=C\c3ccc(Cl)cc3)NC2=O)cc1,0
ZINC02201187,DUD_fgfr1_D_1038,COc1cccc(NC(=O)C[C@@H]2S/C(=N\N=C/c3ccc(Cl)cc3)NC2=O)c1,0
ZINC02203385,DUD_fgfr1_D_1039,COc1ccc(C(=O)Nc2n[nH]c(CSc3nc4ccccc4s3)n2)cc1,0
ZINC02204175,DUD_fgfr1_D_1040,Cc1ccc(NC2=NC(=O)C[C@H](C(=O)Nc3ccc(C(=O)OC(C)C)cc3)S2)cc1,0
ZINC02204794,DUD_fgfr1_D_1041,COc1ccc(Cn2c(C)cc3c(c2=O)[C@H](c2ccc(F)cc2)C(C#N)=C(N)O3)cc1OC,0
ZINC02204796,DUD_fgfr1_D_1042,COc1ccc(Cn2c(C)cc3c(c2=O)[C@H](c2ccc(F)cc2)C(C#N)=C(N)O3)cc1OC,0
ZINC02205861,DUD_fgfr1_D_1043,CCn1c(SCC(=O)Nc2ccc(Br)cc2)nnc1-c1ccc(N)cc1,0
ZINC02206583,DUD_fgfr1_D_1044,CCOC(=O)C1=C(C)OC(N)=C(C#N)[C@@]12C(=O)N(Cc1ccccc1Cl)c1ccccc12,0
ZINC02206585,DUD_fgfr1_D_1045,CCOC(=O)C1=C(C)OC(N)=C(C#N)[C@@]12C(=O)N(Cc1ccccc1Cl)c1ccccc12,0
ZINC02207555,DUD_fgfr1_D_1046,CCOc1cccc(-c2nnc(SCC(=O)Nc3c(C)cc(C)cc3Cl)n2N)c1,0
ZINC02207697,DUD_fgfr1_D_1047,Cc1cccc(-c2nnc(SCC(=O)Nc3ccc(Cl)cc3C)n2N)c1,0
ZINC02208401,DUD_fgfr1_D_1048,Cc1cccc(C)c1NC(=O)CSc1nn2c([C@@H]([NH3+])Cc3ccccc3)nnc2s1,0
ZINC02208914,DUD_fgfr1_D_1049,CCOc1ccc(Nc2nc(N)nc(C[NH+]3CCN(c4ccc(F)cc4)CC3)n2)cc1,0
ZINC02209576,DUD_fgfr1_D_1050,CCC[C@H]1Cc2c(sc3nc(SCC(=O)c4ccccc4)nc(N)c23)CO1,0
ZINC02211078,DUD_fgfr1_D_1051,COC(=O)c1[nH]c2cccc(OC)c2c1NC(=O)C[NH+]1CCN(c2ccc(F)cc2)CC1,0
ZINC02212123,DUD_fgfr1_D_1052,C=CCNC(=S)N/N=C\c1ccc(OC)c(CN2C(=O)c3ccccc3C2=O)c1,0
ZINC02216673,DUD_fgfr1_D_1053,COc1cc(C(=O)NC(=S)NNC(=O)[C@@H]2C[C@@H]2c2ccccc2)cc(OC)c1OC,0
ZINC02218120,DUD_fgfr1_D_1054,Cc1ccc(NC(=O)CSc2nn3c([C@@H]([NH3+])Cc4ccccc4)nnc3s2)c(C)c1,0
ZINC02221069,DUD_fgfr1_D_1055,CCC[C@@H]1Cc2c(sc3nc(SCC(=O)Nc4ccccc4)nc(N)c23)CO1,0
ZINC02221070,DUD_fgfr1_D_1056,CCC[C@@H]1Cc2c(sc3nc(SCC(=O)Nc4ccccc4)nc(N)c23)CO1,0
ZINC02222162,DUD_fgfr1_D_1057,COc1ccc([C@H]2CC(=O)NC(SCC(=O)Nc3ccccc3F)=C2C#N)cc1OC,0
ZINC02222164,DUD_fgfr1_D_1058,COc1ccc([C@H]2CC(=O)NC(SCC(=O)Nc3ccccc3F)=C2C#N)cc1OC,0
ZINC02225317,DUD_fgfr1_D_1059,CCCOc1ccc(N2C(=O)C[C@H](NNC(=O)c3cncc(Br)c3)C2=O)cc1,0
ZINC02225435,DUD_fgfr1_D_1060,CC(C)(C)c1csc(NC(=O)CSc2nnc3c(n2)[nH]c2ccccc23)n1,0
ZINC02225893,DUD_fgfr1_D_1061,Cc1ccc(Nc2nc(N)nc(C[NH+]3CCN(c4ccccc4F)CC3)n2)cc1Cl,0
ZINC02226835,DUD_fgfr1_D_1062,CC(C)(C)OC(=O)NCc1nnc2n1NC(c1ccc(-c3ccccc3)cc1)=CS2,0
ZINC02227082,DUD_fgfr1_D_1063,CC(C)C[C@@H](NC(=O)OC(C)(C)C)c1nnc2n1NC(c1ccccc1)=CS2,0
ZINC02227241,DUD_fgfr1_D_1064,COC(=O)c1ccc(NC(=O)CSc2nc3sc4c(c3c(=O)[nH]2)CCC4)cc1,0
ZINC02227241,DUD_fgfr1_D_1065,COC(=O)c1ccc(NC(=O)CSc2nc(=O)c3c4c(sc3[nH]2)CCC4)cc1,0
ZINC02227241,DUD_fgfr1_D_1066,COC(=O)c1ccc(NC(=O)CSc2nc(O)c3c4c(sc3n2)CCC4)cc1,0
ZINC02228623,DUD_fgfr1_D_1067,COc1cc(NC(=O)/C=C(\C)NNC(=O)c2cccc(O)c2)c(OC)cc1Cl,0
ZINC02229075,DUD_fgfr1_D_1068,CC(C)(C)OC(=O)NCCCCCc1nnc2n1NC(c1ccccc1)=CS2,0
ZINC02230644,DUD_fgfr1_D_1069,COc1cccc(OC)c1C(=O)NC(=S)Nc1nc2ccc(NC(C)=O)cc2s1,0
ZINC02233052,DUD_fgfr1_D_1070,Cc1ccc(Cl)cc1NC(=O)CSc1nnc(-c2cccc(OC(C)C)c2)n1N,0
ZINC02233412,DUD_fgfr1_D_1071,Cc1ccc(-c2nnc(SCC(=O)Nc3ccc(C)cc3Br)n2N)cc1,0
ZINC02234010,DUD_fgfr1_D_1072,Cc1cccc(NC(=O)CSc2nnc3c4c5c(sc4nc(N)n23)CCCC5)c1,0
ZINC02236258,DUD_fgfr1_D_1073,CC(C)[C@H](NC(=O)OC(C)(C)C)c1nnc2n1NC(c1ccc(F)cc1)=CS2,0
ZINC02239537,DUD_fgfr1_D_1074,Cc1ccc(Nc2nc(N)nc(C[NH+]3CCN(c4ccc(F)cc4)CC3)n2)cc1Cl,0
ZINC02239561,DUD_fgfr1_D_1075,Cc1ccc(Nc2nc(N)nc(C[NH+]3CCN(c4ccccc4)CC3)n2)cc1Cl,0
ZINC02241524,DUD_fgfr1_D_1076,COCCC[N@H+]1CNC(Nc2nc(-c3ccccc3)c3cc(Cl)ccc3n2)=[NH+]C1,0
ZINC02245495,DUD_fgfr1_D_1077,COCCNC(=O)c1c(N)n(/N=C\c2ccc(Cl)cc2)c2nc3ccccc3nc12,0
ZINC02246230,DUD_fgfr1_D_1078,Cc1cc2c(c(=O)n1CC[NH+](C)C)[C@H](c1ccc(Br)cc1)C(C#N)=C(N)O2,0
ZINC02249368,DUD_fgfr1_D_1079,CCC(=O)Nc1nc2n(n1)[C@H](c1ccc(OC)cc1)C=C(c1ccc(Cl)cc1)N2,0
ZINC02249901,DUD_fgfr1_D_1080,CCOC(=O)c1ccc(NC(=O)CSc2nc(N)c3c4c(sc3n2)CCC4)cc1,0
ZINC02258578,DUD_fgfr1_D_1081,COC(=O)c1[nH]c2ccc(F)cc2c1NC(=O)CC[NH+]1CCN(c2ccccc2F)CC1,0
ZINC02259562,DUD_fgfr1_D_1082,CCN(CCO)c1ccc(N/C=C2/C(=O)NC(=S)N(c3ccccc3C)C2=O)cc1,0
ZINC02260058,DUD_fgfr1_D_1083,CCN(CCO)c1ccc(N/C=C2/C(=O)NC(=S)N(c3ccccc3F)C2=O)cc1,0
ZINC02264087,DUD_fgfr1_D_1084,Cc1cc(C)c(NC(=O)CSc2nnc(-c3ccccc3F)n2N)c(Cl)c1,0
ZINC02264700,DUD_fgfr1_D_1085,O=C1NC(=S)N(CCC2=CCCCC2)C(=O)/C1=C\NNC(=S)Nc1ccccc1,0
ZINC02265002,DUD_fgfr1_D_1086,CCN(CC)c1ccc(NC(=O)CSc2nnc(-c3ccc(F)cc3)n2N)cc1,0
ZINC02265335,DUD_fgfr1_D_1087,CC(C)Oc1cccc(-c2nnc(SCC(=O)Nc3ccc(F)cc3)n2N)c1,0
ZINC02265764,DUD_fgfr1_D_1088,CC(C)Oc1cccc(-c2nnc(SCC(=O)Nc3ccc(F)cc3F)n2N)c1,0
ZINC02265922,DUD_fgfr1_D_1089,C=C(NNC(=O)c1ccccc1Cl)[C@@H]1C(=O)NC(=O)N(c2ccc(OC)cc2)C1=O,0
ZINC02268095,DUD_fgfr1_D_1090,COCCOC(=O)C1=C(N)Oc2c(c(=O)[nH]c3ccccc23)[C@H]1c1ccccc1Cl,0
ZINC02268095,DUD_fgfr1_D_1091,COCCOC(=O)C1=C(N)Oc2c(c(O)nc3ccccc23)[C@H]1c1ccccc1Cl,0
ZINC02268619,DUD_fgfr1_D_1092,CC(=O)Nc1ccc(N/C=C2\C(=O)NC(=S)N(c3ccc(C(C)C)cc3)C2=O)cc1,0
ZINC02269278,DUD_fgfr1_D_1093,COc1ccc(NC(=O)CSc2nc(N)c3c4c(sc3n2)C[C@H](C)CC4)cc1,0
ZINC02271542,DUD_fgfr1_D_1094,CC(C)(C)[C@H]1CCc2c(sc3nc(SCC(N)=O)n(Cc4ccccc4)c(=O)c23)C1,0
ZINC02275136,DUD_fgfr1_D_1095,CCC[N@H+]1CCc2c(sc3nc(SCC(=O)c4ccccc4)nc(N)c23)C1,0
ZINC02275654,DUD_fgfr1_D_1096,CC(C)(C)c1cc[n+](-c2[n-]c(=O)sc2/C=N\NC(=S)Nc2ccccc2)cc1,0
ZINC02278237,DUD_fgfr1_D_1097,COc1cccc2c1NC(C)(C)c1ss/c(=N/c3ccc(S(N)(=O)=O)cc3)c1-2,0
ZINC02278845,DUD_fgfr1_D_1098,COc1ccc(OC)c(N2C(=O)/C(=C\NNC(=O)c3ccccc3O)C(=O)NC2=S)c1,0
ZINC02283191,DUD_fgfr1_D_1099,C=C(NNC(=O)CNC(=O)c1ccc(OC)c(OC)c1)c1ccc(Cl)cc1,0
ZINC02286178,DUD_fgfr1_D_1100,CCCCC(=O)NS(=O)(=O)c1ccc(NC(=O)c2ccccc2Cl)cc1,0
ZINC02289681,DUD_fgfr1_D_1101,CC(C)[C@@H]1Cc2c(sc3nc(SCC(=O)N(C)c4ccccc4)nc(N)c23)CO1,0
ZINC02289682,DUD_fgfr1_D_1102,CC(C)[C@@H]1Cc2c(sc3nc(SCC(=O)N(C)c4ccccc4)nc(N)c23)CO1,0
ZINC02290388,DUD_fgfr1_D_1103,COc1ccc(/C=N/NC2=NC(=O)C[C@@H](C(=O)Nc3cc(Cl)ccc3C)S2)cc1,0
ZINC02291498,DUD_fgfr1_D_1104,CC(=O)NNc1nc2sc3c(c2c(=O)n1Cc1ccccc1)CC[C@@H](C(C)(C)C)C3,0
ZINC02291967,DUD_fgfr1_D_1105,Cc1ccc(/C=N/NC2=NC(=O)C[C@@H](C(=O)Nc3ccc(Cl)cc3)S2)cc1,0
ZINC02291969,DUD_fgfr1_D_1106,Cc1ccc(/C=N\NC2=NC(=O)C[C@H](C(=O)Nc3ccc(Cl)cc3)S2)cc1,0
ZINC02298314,DUD_fgfr1_D_1107,Cc1ccccc1N1C(=O)C(=CNNCCO)C(=O)N(c2ccccc2C)C1=S,0
ZINC02298666,DUD_fgfr1_D_1108,CN(C)c1ccc(/C=N/NC2=NC(=O)C[C@@H](C(=O)Nc3ccccc3Cl)S2)cc1,0
ZINC02299442,DUD_fgfr1_D_1109,COc1ccc(/C=N/NC2=NC(=O)C[C@@H](C(=O)Nc3ccccc3Cl)S2)cc1,0
ZINC02299444,DUD_fgfr1_D_1110,COc1ccc(/C=N/NC2=NC(=O)C[C@@H](C(=O)Nc3ccccc3Cl)S2)cc1,0
ZINC02301919,DUD_fgfr1_D_1111,Cc1ccc(/C=N\NC(=O)Cc2nnc(NC(=O)c3ccccc3C)s2)cc1,0
ZINC02302316,DUD_fgfr1_D_1112,COc1ccc(C(=O)NN/C(C)=C/C(=O)Nc2ccc(Cl)cn2)cc1OC,0
ZINC02303419,DUD_fgfr1_D_1113,Cc1ccccc1C(=O)Nc1nnc(CC(=O)N/N=C\c2ccc(F)cc2)s1,0
ZINC02315845,DUD_fgfr1_D_1114,CCCCOc1ccc(/C=N\n2c(=O)[nH]c3c([nH]c4ccc(Cl)cc43)c2=O)cc1,0
ZINC02316336,DUD_fgfr1_D_1115,CC[N@@H+]1CCc2c(sc(NC(=S)NC(=O)/C=C\c3ccc(OC)cc3)c2C(N)=O)C1,0
ZINC02316651,DUD_fgfr1_D_1116,CC[N@H+]1CCc2c(sc(NC(=S)NC(=O)/C=C/c3ccc(C)cc3)c2C(N)=O)C1,0
ZINC02316723,DUD_fgfr1_D_1117,COc1ccc(/C=C\C(=O)NC(=S)NNC(=O)c2cccnc2)cc1OC,0
ZINC02317726,DUD_fgfr1_D_1118,C=C(NNC(=O)CSc1nnc(-c2ccc(Cl)cc2)n1C)c1ccc(OC)cc1,0
ZINC02319275,DUD_fgfr1_D_1119,COc1cc(C(=O)Nc2ccc(C(=O)Nc3nccs3)cc2)cc(OC)c1OC,0
ZINC02319707,DUD_fgfr1_D_1120,C=C(N/N=C1\NC(=O)C[C@@H](C(=O)Nc2ccc(OCC)cc2)S1)c1cccs1,0
ZINC02320583,DUD_fgfr1_D_1121,COc1ccc(C(=O)N/C(=C\c2ccc(-c3cccc(Cl)c3)o2)C(=O)NCCO)cc1,0
ZINC02323580,DUD_fgfr1_D_1122,CC(C)c1ccc(N2C(=O)/C(=C\NNC(=O)c3ccccc3)C(=O)NC2=S)cc1,0
ZINC02324161,DUD_fgfr1_D_1123,C=C(NNC(=O)CSc1nnc(-c2ccc(OC)cc2)n1CC)c1ccc(F)cc1,0
ZINC02327074,DUD_fgfr1_D_1124,COc1cc(-c2c(C#N)c(N)[nH+]c3c2c(C)nn3-c2ccc(F)cc2)cc(OC)c1OC,0
ZINC02327396,DUD_fgfr1_D_1125,O=c1c2c3c(sc2nc(NCCOCCO)n1-c1ccc(F)cc1)CCCCC3,0
ZINC02327490,DUD_fgfr1_D_1126,CC(C)[C@@H](NC(=O)OC(C)(C)C)c1nnc(SCc2ccc(Cl)cc2)n1N,0
ZINC02328563,DUD_fgfr1_D_1127,COc1cc([C@@H]2[C@H]3C(=O)CCC=C3Nc3nc(SCc4ccccc4)nn32)ccc1O,0
ZINC02328568,DUD_fgfr1_D_1128,COc1cc([C@@H]2[C@@H]3C(=O)CCC=C3Nc3nc(SCc4ccccc4)nn32)ccc1O,0
ZINC02331058,DUD_fgfr1_D_1129,Nc1c(S(=O)(=O)c2ccc(Cl)cc2)c2nc3ccccc3nc2n1CCCO,0
ZINC02331687,DUD_fgfr1_D_1130,Cc1ccc2c(c1C)NC(=O)[C@@]21[NH2+][C@@H]([C@@H](C)O)[C@H]2C(=O)N(Cc3ccc(F)cc3)C(=O)[C@H]21,0
ZINC02333261,DUD_fgfr1_D_1131,C[N@H+]1CCc2c(sc3nc(SCC(=O)Nc4cccc5ccccc45)nc(N)c23)C1,0
ZINC02335245,DUD_fgfr1_D_1132,Cc1c(Cl)cccc1Nc1nc(N)nc(C[NH+]2CCN(c3ccccc3)CC2)n1,0
ZINC02335555,DUD_fgfr1_D_1133,CC(C)Oc1cccc(-c2nnc(SCC(=O)Nc3cccc(F)c3)n2N)c1,0
ZINC02335697,DUD_fgfr1_D_1134,CCCCc1ccc(NC(=O)CSc2nnc(-c3cccc(C)c3)n2N)cc1,0
ZINC02337181,DUD_fgfr1_D_1135,COc1ccc(NC(C)=O)cc1NC(=O)CSc1ncnc2sc3c(c12)CCCC3,0
ZINC02337357,DUD_fgfr1_D_1136,COc1ccc(NC(=O)CSc2nnc(-c3ccc(C)cc3)n2N)cc1Cl,0
ZINC02341861,DUD_fgfr1_D_1137,COc1ccccc1Cn1c(C)cc2c(c1=O)[C@@H](c1ccc(SC)cc1)C(C#N)=C(N)O2,0
ZINC02342050,DUD_fgfr1_D_1138,Cc1ccc(Nc2nc(N)nc(C[NH+]3CCN(c4cccc(Cl)c4)CC3)n2)c(C)c1,0
ZINC02343479,DUD_fgfr1_D_1139,Cc1cccc(-c2nnc(SCC(=O)Nc3ccc(C)cc3Br)n2N)c1,0
ZINC02348913,DUD_fgfr1_D_1140,COc1cc([C@H]2NC(=O)c3c(sc4c3CC[N@H+](C)C4)N2)ccc1OCc1ccccc1,0
ZINC02348917,DUD_fgfr1_D_1141,COc1cc([C@H]2NC(=O)c3c(sc4c3CC[N@H+](C)C4)N2)ccc1OCc1ccccc1,0
ZINC02349123,DUD_fgfr1_D_1142,Cc1cccc(-c2nnc(SCC(=O)Nc3ccc(C(C)C)cc3)n2N)c1,0
ZINC02350001,DUD_fgfr1_D_1143,CSCC[C@@H]([NH3+])c1nnc2n1NC(c1ccc(-c3ccccc3)cc1)=CS2,0
ZINC02350611,DUD_fgfr1_D_1144,O=C(NNc1nc2sc3c(c2c(=O)n1Cc1ccccc1)CCC3)c1ccccc1,0
ZINC02350774,DUD_fgfr1_D_1145,CC(C)[C@@H](NC(=O)OC(C)(C)C)c1nnc(SCc2ccccc2Cl)n1N,0
ZINC02354840,DUD_fgfr1_D_1146,COc1cccc(NC(=O)CSc2nc(N)c3c4c(sc3n2)CO[C@@H](C(C)C)C4)c1,0
ZINC02354841,DUD_fgfr1_D_1147,COc1cccc(NC(=O)CSc2nc(N)c3c4c(sc3n2)CO[C@H](C(C)C)C4)c1,0
ZINC02356479,DUD_fgfr1_D_1148,CCOc1ccc(-c2nnc(SCC(=O)Nc3c(C)cc(C)cc3Cl)n2N)cc1,0
ZINC02359789,DUD_fgfr1_D_1149,CC(C)OC(=O)c1ccc(NC(=O)[C@@H]2CC(=O)N=C(Nc3ccccc3)S2)cc1,0
ZINC02361594,DUD_fgfr1_D_1150,CCOc1ccc(NC(=O)CSc2nc(N)c3c4c(sc3n2)C[N@@H+](C)CC4)cc1,0
ZINC02362848,DUD_fgfr1_D_1151,Cc1ccc(Nc2nc(N)nc(C[NH+]3CCN(c4ccccc4F)CC3)n2)c(C)c1,0
ZINC02364907,DUD_fgfr1_D_1152,COc1cccc(OC)c1C(=O)NC(=S)NNC(=O)c1ccc2ccccc2n1,0
ZINC02365280,DUD_fgfr1_D_1153,COc1ccccc1NC(=O)CSc1nc(N)c2c3c(sc2n1)CO[C@@H](C(C)C)C3,0
ZINC02365282,DUD_fgfr1_D_1154,COc1ccccc1NC(=O)CSc1nc(N)c2c3c(sc2n1)CO[C@H](C(C)C)C3,0
ZINC02365350,DUD_fgfr1_D_1155,Cc1cccc(/C=N/NC(=O)Cc2nnc(NC(=O)c3ccccc3C)s2)c1,0
ZINC02366095,DUD_fgfr1_D_1156,CCc1cccc(C)c1NC(=O)CSc1nnc(-c2ccccc2F)n1N,0
ZINC02366194,DUD_fgfr1_D_1157,CCc1ccc(NC(=O)CSc2nnc(-c3ccccc3Cl)n2N)cc1,0
ZINC02366332,DUD_fgfr1_D_1158,COc1ccc(NC(=O)CSc2nnc(-c3cccc(C)c3)n2N)cc1Cl,0
ZINC02368888,DUD_fgfr1_D_1159,COc1ccc(NC(=O)CSc2nc(N)c3cc4c(nc3n2)CCCC4)cc1,0
ZINC02369394,DUD_fgfr1_D_1160,CCNS(=O)(=O)c1cc(-c2nnc(Nc3ccc(F)cc3)c3ccccc23)ccc1C,0
ZINC02370637,DUD_fgfr1_D_1161,COc1ccc(/C=C/C(=O)NC(=S)NNC(=O)c2ccnn2C)cc1OC,0
ZINC02370792,DUD_fgfr1_D_1162,COCCNC(=O)c1c(N)n(-c2ccc(OC)c(Cl)c2)c2nc3ccccc3nc12,0
ZINC02371119,DUD_fgfr1_D_1163,CC(C)Oc1cccc(-c2nnc(SCC(=O)Nc3ccccc3F)n2N)c1,0
ZINC02371252,DUD_fgfr1_D_1164,CCOc1ccc(-c2nnc(SCC(=O)Nc3cc(Cl)ccc3C)n2N)cc1,0
ZINC02371566,DUD_fgfr1_D_1165,COc1cc(Cl)c(C)cc1NC(=O)CSc1nnc(-c2ccc(C)cc2)n1N,0
ZINC02371915,DUD_fgfr1_D_1166,Cc1cc(Cl)ccc1NC(=O)CSc1nnc(-c2cccc(OC(C)C)c2)n1N,0
ZINC02371962,DUD_fgfr1_D_1167,COc1ccccc1-c1nnc(SCC(=O)Nc2ccc(C)cc2Br)n1N,0
ZINC02372042,DUD_fgfr1_D_1168,CCc1cccc(C)c1NC(=O)CSc1nnc(-c2ccc(F)cc2)n1N,0
ZINC02373400,DUD_fgfr1_D_1169,COc1ccc(NC(=O)COc2cc3oc(=O)c(C[C@@H](C)O)c(C)c3cc2Cl)cc1,0
ZINC02373402,DUD_fgfr1_D_1170,COc1ccc(NC(=O)COc2cc3oc(=O)c(C[C@@H](C)O)c(C)c3cc2Cl)cc1,0
ZINC02375203,DUD_fgfr1_D_1171,Cc1cc(Br)cc(/C=N/NC(=O)COn2c(C)nc3ccccc3c2=O)c1O,0
ZINC02377402,DUD_fgfr1_D_1172,COc1ccc(C(=O)CSc2nnc3c4c5c(sc4nc(N)n23)CCCC5)cc1,0
ZINC02379544,DUD_fgfr1_D_1173,CC(C)Oc1cccc(-c2nnc(SCC(=O)Nc3cccc(Cl)c3)n2N)c1,0
ZINC02382407,DUD_fgfr1_D_1174,CCOc1ccc(-c2nnc(SCC(=O)Nc3ccccc3Br)n2N)cc1,0
ZINC02382637,DUD_fgfr1_D_1175,Cc1cccc(-c2nnc(SCC(=O)Nc3ccc(Br)cc3C)n2N)c1,0
ZINC02385325,DUD_fgfr1_D_1176,CC(C)(C)c1ccc(-c2nnc(SCC(=O)Nc3ccc(F)c(F)c3)n2N)cc1,0
ZINC02385737,DUD_fgfr1_D_1177,CC(C)c1ccccc1NC(=O)CSc1nnc(-c2ccc(F)cc2)n1N,0
ZINC02387705,DUD_fgfr1_D_1178,Cc1ccc(-c2nnc(SCC(=O)Nc3cc(Cl)ccc3C)n2N)cc1,0
ZINC02387738,DUD_fgfr1_D_1179,CCOc1ccc(-c2nnc(SCC(=O)Nc3ccc(C)c(F)c3)n2N)cc1,0
ZINC02389375,DUD_fgfr1_D_1180,CCCCc1ccc(NC(=O)CSc2nnc(-c3ccc(F)cc3)n2N)cc1,0
ZINC02389676,DUD_fgfr1_D_1181,CCOc1cccc(-c2nnc(SCC(=O)Nc3cc(Cl)ccc3C)n2N)c1,0
ZINC02389720,DUD_fgfr1_D_1182,COc1ccc(-c2nnc(SCC(=O)Nc3c(C)cc(C)cc3Cl)n2N)cc1,0
ZINC02393511,DUD_fgfr1_D_1183,Cc1cccc(-c2nnc(SCC(=O)Nc3cc(Cl)ccc3C)n2N)c1,0
ZINC02393740,DUD_fgfr1_D_1184,C=C(NNC(=O)CSc1nnc(-c2cccc(Cl)c2)n1C)c1ccc(OC)cc1,0
ZINC02393817,DUD_fgfr1_D_1185,CCOc1cccc(-c2nnc(SCC(=O)Nc3ccc(Cl)cc3C)n2N)c1,0
ZINC02393865,DUD_fgfr1_D_1186,CC(C)Oc1cccc(-c2nnc(SCC(=O)Nc3ccc(F)c(F)c3)n2N)c1,0
ZINC02394179,DUD_fgfr1_D_1187,NC(=O)CSc1nnc2c3c4c(sc3nc(SCc3ccccc3)n12)CCC4,0
ZINC02394376,DUD_fgfr1_D_1188,CC(C)c1ccc(NC(=O)CSc2nnc(-c3ccc(F)cc3)n2N)cc1,0
ZINC02394466,DUD_fgfr1_D_1189,Nn1c(SCC(=O)Nc2ccc(Oc3ccccc3)cc2)nnc1C1CCCCC1,0
ZINC02394934,DUD_fgfr1_D_1190,CCN(CC)c1ccc(NC(=O)CSc2nnc(-c3ccccc3F)n2N)cc1,0
ZINC02396111,DUD_fgfr1_D_1191,Cc1c(Cl)cccc1NC(=O)CSc1nnc([C@@H]([NH3+])Cc2ccccc2)o1,0
ZINC02396704,DUD_fgfr1_D_1192,O=C1NC(=S)N(CCC2=CCCCC2)C(=O)/C1=C/NNC(=O)c1ccncc1,0
ZINC02397079,DUD_fgfr1_D_1193,CCCCc1ccc(NC(=O)CSc2nnc(-c3ccccc3F)n2N)cc1,0
ZINC02397166,DUD_fgfr1_D_1194,Cc1c(Cl)cccc1NC(=O)CSc1nnc(-c2cccc(OC(C)C)c2)n1N,0
ZINC02398453,DUD_fgfr1_D_1195,COc1cccc(-c2nnc(SCC(=O)Nc3c(C)cc(C)cc3Cl)n2N)c1,0
ZINC02398569,DUD_fgfr1_D_1196,Cc1ccc(-c2nnc(SCC(=O)Nc3c(C)cc(C)cc3Cl)n2N)cc1,0
ZINC02399802,DUD_fgfr1_D_1197,COc1ccc(C2=C[C@@H](CNC(=S)NCc3ccc4c(c3)OCO4)ON2)cc1,0
ZINC02399803,DUD_fgfr1_D_1198,COc1ccc(C2=C[C@@H](CNC(=S)NCc3ccc4c(c3)OCO4)ON2)cc1,0
ZINC02400243,DUD_fgfr1_D_1199,COCC(=O)Nc1nc2n(n1)[C@H](c1ccccc1Cl)C[C@H](c1ccc(OC)cc1)N2,0
ZINC02400245,DUD_fgfr1_D_1200,COCC(=O)Nc1nc2n(n1)[C@H](c1ccccc1Cl)C[C@H](c1ccc(OC)cc1)N2,0
ZINC02400246,DUD_fgfr1_D_1201,COCC(=O)Nc1nc2n(n1)[C@@H](c1ccccc1Cl)C[C@@H](c1ccc(OC)cc1)N2,0
ZINC02400852,DUD_fgfr1_D_1202,CC(C)Cc1nnc(NC(=O)CCC(=O)Nc2cccc3ccccc23)s1,0
ZINC02400855,DUD_fgfr1_D_1203,CCOC(=O)c1[nH]c2ccc(F)cc2c1NC(=O)C[NH+]1CCN(c2cccc[nH+]2)CC1,0
ZINC02403307,DUD_fgfr1_D_1204,COc1cc(/C=N\NC(=O)[C@@H]2CCCN2S(=O)(=O)c2ccc(Cl)cc2)ccc1O,0
ZINC02405405,DUD_fgfr1_D_1205,Cc1ccccc1NC(=O)CSc1nc(N)c2c3c(sc2n1)C[N@@H+](C)CC3,0
ZINC02405744,DUD_fgfr1_D_1206,CC(C)[C@@H]1Cc2c(sc3nc(S[C@@H](C)C(=O)Nc4ccccc4)nc(N)c23)CO1,0
ZINC02405745,DUD_fgfr1_D_1207,CC(C)[C@@H]1Cc2c(sc3nc(S[C@@H](C)C(=O)Nc4ccccc4)nc(N)c23)CO1,0
ZINC02405746,DUD_fgfr1_D_1208,CC(C)[C@@H]1Cc2c(sc3nc(S[C@@H](C)C(=O)Nc4ccccc4)nc(N)c23)CO1,0
ZINC02405747,DUD_fgfr1_D_1209,CC(C)[C@H]1Cc2c(sc3nc(S[C@H](C)C(=O)Nc4ccccc4)nc(N)c23)CO1,0
ZINC02406026,DUD_fgfr1_D_1210,CC[N@@H+]1CCc2c(sc3nc(COc4ccc(-c5ccccc5)cc4)n(N)c(=O)c23)C1,0
ZINC02408045,DUD_fgfr1_D_1211,Cc1ccccc1OCc1nc2sc3c(c2c(=O)n1N)CC[N@H+](Cc1ccccc1)C3,0
ZINC02408766,DUD_fgfr1_D_1212,Cc1ccc(NC[C@H](O)Cn2c3ccccc3n3c(=O)cc(C)c(C#N)c23)cc1Cl,0
ZINC02408767,DUD_fgfr1_D_1213,Cc1ccc(NC[C@@H](O)Cn2c3ccccc3n3c(=O)cc(C)c(C#N)c23)cc1Cl,0
ZINC02409086,DUD_fgfr1_D_1214,Nn1c(COc2ccccc2)nc2sc3c(c2c1=O)CC[N@@H+](Cc1ccccc1)C3,0
ZINC02409208,DUD_fgfr1_D_1215,COc1cc(Cl)c(C)cc1NC(=O)CSc1nnc(-c2ccccc2C)n1N,0
ZINC02409247,DUD_fgfr1_D_1216,CCc1ccc(Nc2nc(N)nc(CSC(=S)N3CC[NH+](C)CC3)n2)cc1,0
ZINC02409408,DUD_fgfr1_D_1217,Cc1cc(C)cc(NC(=O)CSc2nnc(-c3ccccc3Cl)n2N)c1,0
ZINC02409500,DUD_fgfr1_D_1218,CC(C)Oc1cccc(-c2nnc(SCC(=O)Nc3ccc(Cl)cc3)n2N)c1,0
ZINC02410838,DUD_fgfr1_D_1219,COc1ccc(NC(=O)C2=CCC(=O)N(c3ccc(Br)cc3)N2)c(OC)c1,0
ZINC02412779,DUD_fgfr1_D_1220,CCOC(=O)c1ccc(NC(=O)C2=CCC(=O)N(c3ccc(Cl)cc3)N2)cc1,0
ZINC02413212,DUD_fgfr1_D_1221,CCOC(=O)c1ccc(NC(=O)C2=CCC(=O)N(c3ccc(Br)cc3)N2)cc1,0
ZINC02415044,DUD_fgfr1_D_1222,CCOc1ccc(-c2nnc(SCC(=O)Nc3ccc(Cl)cc3C)n2N)cc1,0
ZINC02415148,DUD_fgfr1_D_1223,Cc1cccc(-c2nnc(SCC(=O)Nc3c(C)cc(C)cc3Cl)n2N)c1,0
ZINC02415183,DUD_fgfr1_D_1224,O=C1NC(=S)N(CCC2=CCCCC2)C(=O)/C1=C\NNC(=O)c1ccccc1,0
ZINC02415229,DUD_fgfr1_D_1225,Cc1cc(C)c(NC(=O)CSc2nnc(-c3ccccc3F)n2N)c(C)c1,0
ZINC02415400,DUD_fgfr1_D_1226,CC(C)(C)c1ccc(-c2nnc(SCC(=O)Nc3ccccc3F)n2N)cc1,0
ZINC02415433,DUD_fgfr1_D_1227,Cc1cc(C)c(NC(=O)CSc2nnc(-c3cccc(Cl)c3)n2N)c(C)c1,0
ZINC02415946,DUD_fgfr1_D_1228,OCCOCCNc1ncnc2c1sc1nc(-c3ccccc3)c3c(c12)CCC3,0
ZINC02419903,DUD_fgfr1_D_1229,Cc1ccc(NC(=O)CSc2nc(N)c3c4c(sc3n2)C[N@H+](C)CC4)cc1,0
ZINC02421968,DUD_fgfr1_D_1230,CC(C)(C)c1ccc(-c2nnc(SCC(=O)Nc3cccc(F)c3)n2N)cc1,0
ZINC02422137,DUD_fgfr1_D_1231,CCOc1ccc(-c2nnc(SCC(=O)Nc3cccc(Cl)c3C)n2N)cc1,0
ZINC02422854,DUD_fgfr1_D_1232,COCC(=O)Nc1nc2n(n1)[C@@H](c1ccc(OC)cc1)C[C@H](c1ccc(Cl)cc1)N2,0
ZINC02422855,DUD_fgfr1_D_1233,COCC(=O)Nc1nc2n(n1)[C@@H](c1ccc(OC)cc1)C[C@H](c1ccc(Cl)cc1)N2,0
ZINC02422856,DUD_fgfr1_D_1234,COCC(=O)Nc1nc2n(n1)[C@H](c1ccc(OC)cc1)C[C@@H](c1ccc(Cl)cc1)N2,0
ZINC02422857,DUD_fgfr1_D_1235,COCC(=O)Nc1nc2n(n1)[C@@H](c1ccc(OC)cc1)C[C@@H](c1ccc(Cl)cc1)N2,0
ZINC02423582,DUD_fgfr1_D_1236,COc1ccc(CCNC(=O)C2=CCC(=O)N(c3ccc(Cl)cc3)N2)cc1OC,0
ZINC02424333,DUD_fgfr1_D_1237,COc1ccccc1[C@H]1[C@@H]2CCCC[C@@]2(O)CC[N@@H+]1CC(=O)Nc1ccc(Cl)cc1,0
ZINC02424396,DUD_fgfr1_D_1238,COc1ccccc1NC(=O)CSc1nc(N)c2c3c(sc2n1)C[N@H+](C)CC3,0
ZINC02424782,DUD_fgfr1_D_1239,COc1ccccc1C(=O)CSc1nnc2c3c4c(sc3nc(N)n12)CCCC4,0
ZINC02425706,DUD_fgfr1_D_1240,Cc1ccnc(SCC(=O)Nc2sc3c(c2C#N)CC[N@H+](Cc2ccccc2)C3)n1,0
ZINC02427526,DUD_fgfr1_D_1241,O=C(CSc1nnc[nH]1)Nc1sc2c(c1C(=O)Nc1ccccc1)CCCC2,0
ZINC02427606,DUD_fgfr1_D_1242,CC(C)(C)c1nnc(NC(=O)CCC(=O)Nc2cccc3ccccc23)s1,0
ZINC02427644,DUD_fgfr1_D_1243,CC(C)(C)c1ccc(-c2nnc(SCC(=O)Nc3ccc(F)cc3)n2N)cc1,0
ZINC02429214,DUD_fgfr1_D_1244,Cc1cccc(NC(=O)CSc2nc(N)c3c4c(sc3n2)C[N@H+](C)CC4)c1,0
ZINC02430284,DUD_fgfr1_D_1245,Nc1nc(C[NH+]2CCN(c3ccccc3)CC2)nc(Nc2ccc(Cl)cc2)n1,0
ZINC02432170,DUD_fgfr1_D_1246,Cc1ccc(C(=O)CSc2nnc3c4c5c(sc4nc(N)n23)CCCC5)cc1,0
ZINC02432236,DUD_fgfr1_D_1247,Cc1ccc(OCc2nc3sc4c(c3c(=O)n2N)CC[N@H+](Cc2ccccc2)C4)cc1,0
ZINC02432603,DUD_fgfr1_D_1248,COc1ccc(Cn2c(C)cc3c(c2=O)[C@H](c2cccs2)C(C#N)=C(N)O3)cc1OC,0
ZINC02435277,DUD_fgfr1_D_1249,CCN(CC)c1ccc(NC(=O)C2=CCC(=O)N(c3ccc(Br)cc3)N2)cc1,0
ZINC02435993,DUD_fgfr1_D_1250,Cc1cccc(OCc2nc3sc4c(c3c(=O)n2N)CC[N@@H+](Cc2ccccc2)C4)c1,0
ZINC02438452,DUD_fgfr1_D_1251,COc1ccc(NC(=O)CSc2nnc(-c3ccccc3C)n2N)cc1Cl,0
ZINC02439430,DUD_fgfr1_D_1252,CCOc1ccc(-c2nc3sc4c(c3c(=O)n2N)CC[N@@H+](Cc2ccccc2)C4)cc1,0
ZINC02439656,DUD_fgfr1_D_1253,CSCC[C@H](NC(=O)OC(C)(C)C)c1nnc2n1NC(c1ccccc1)=CS2,0
ZINC02439799,DUD_fgfr1_D_1254,COc1ccc(Cn2c(C)cc3c(c2=O)[C@H](c2cccc(F)c2)C(C#N)=C(N)O3)cc1OC,0
ZINC02439801,DUD_fgfr1_D_1255,COc1ccc(Cn2c(C)cc3c(c2=O)[C@@H](c2cccc(F)c2)C(C#N)=C(N)O3)cc1OC,0
ZINC02440951,DUD_fgfr1_D_1256,CCN(CC)C(=S)SCC(=O)Nc1ncc2c(n1)C[C@@H](c1ccccc1)CC2=O,0
ZINC02441423,DUD_fgfr1_D_1257,CC(C)(C)OC(=O)N[C@H](Cc1ccccc1)c1nnc2n1NC(c1ccccc1)=CS2,0
ZINC02442404,DUD_fgfr1_D_1258,Cc1ccc(C)c(NC(=O)CSc2nn3c([C@@H]([NH3+])Cc4ccccc4)nnc3s2)c1,0
ZINC02445301,DUD_fgfr1_D_1259,CCOc1cccc(-c2nnc(SCC(=O)Nc3cccc(Cl)c3C)n2N)c1,0
ZINC02445660,DUD_fgfr1_D_1260,CC(C)c1ccc(NC(=O)CSc2nnc(-c3ccccc3F)n2N)cc1,0
ZINC02447830,DUD_fgfr1_D_1261,Cc1cc(C)c(NC(=O)CSc2nnc(-c3ccc(Cl)cc3)n2N)c(C)c1,0
ZINC02450448,DUD_fgfr1_D_1262,O=C(C[NH+]1CCCCC1)NNc1nc(-c2ccccc2)c2cc(Br)ccc2n1,0
ZINC02451973,DUD_fgfr1_D_1263,COc1cc(/C=C2/SC(=S)N(NS(=O)(=O)c3ccc(C)cc3)C2=O)ccc1O,0
ZINC02452662,DUD_fgfr1_D_1264,CCn1c(SCC(=O)Nc2ccc(NC(C)=O)cc2)nnc1-c1ccccc1Cl,0
ZINC02453083,DUD_fgfr1_D_1265,C=CCn1c(SCC(=O)Nc2ccc(NC(C)=O)cc2)nnc1-c1ccccc1Cl,0
ZINC02454209,DUD_fgfr1_D_1266,CSc1nc(N(CCO)CCO)c2sc3nc(-c4ccco4)c4c(c3c2n1)CCC4,0
ZINC02455394,DUD_fgfr1_D_1267,COc1ccc(N2CC[NH+]([C@@H](c3ccc(F)cc3)c3sc4ncnn4c3O)CC2)cc1,0
ZINC02457637,DUD_fgfr1_D_1268,CCOc1ccc(NC(=O)CSc2nc3c(cnn3-c3ccc(F)cc3)c(=O)[nH]2)cc1,0
ZINC02457637,DUD_fgfr1_D_1269,CCOc1ccc(NC(=O)CSc2nc(=O)c3cnn(-c4ccc(F)cc4)c3[nH]2)cc1,0
ZINC02457637,DUD_fgfr1_D_1270,CCOc1ccc(NC(=O)CSc2nc(O)c3cnn(-c4ccc(F)cc4)c3n2)cc1,0
ZINC02457643,DUD_fgfr1_D_1271,Cc1cc(C)cc(NC(=O)CSc2nc3c(cnn3-c3ccc(F)cc3)c(=O)[nH]2)c1,0
ZINC02457643,DUD_fgfr1_D_1272,Cc1cc(C)cc(NC(=O)CSc2nc(O)c3cnn(-c4ccc(F)cc4)c3n2)c1,0
ZINC02457643,DUD_fgfr1_D_1273,Cc1cc(C)cc(NC(=O)CSc2nc(=O)c3cnn(-c4ccc(F)cc4)c3[nH]2)c1,0
ZINC02458063,DUD_fgfr1_D_1274,O=C1CCCC2=Nc3nc(SCc4ccccc4F)[nH]c(=O)c3[C@H](c3cccc(O)c3)[C@@H]12,0
ZINC02458063,DUD_fgfr1_D_1275,O=C1CCCC2=Nc3nc(SCc4ccccc4F)nc(O)c3[C@H](c3cccc(O)c3)[C@H]12,0
ZINC02458063,DUD_fgfr1_D_1276,O=C1CCCC2=Nc3[nH]c(SCc4ccccc4F)nc(=O)c3[C@@H](c3cccc(O)c3)[C@@H]12,0
ZINC02459653,DUD_fgfr1_D_1277,O=C(N[C@@H]1CCCC[C@H]1O)C1=C(c2ccccc2)NO[C@H]1c1ccc(Cl)c([N+](=O)[O-])c1,0
ZINC02460177,DUD_fgfr1_D_1278,O=C(NCCSc1c[nH]c2ccccc12)c1ccc(S(=O)(=O)N2CCCC2)cc1,0
ZINC02460981,DUD_fgfr1_D_1279,CCOc1ccccc1[C@H]1ONC(c2ccc(Cl)cc2)=C1C(=O)NC[C@@H](O)CC,0
ZINC02461074,DUD_fgfr1_D_1280,CC[C@@H](O)CNC(=O)C1=C(c2ccc(Cl)cc2)NO[C@@H]1c1ccc(C(C)C)cc1,0
ZINC02461084,DUD_fgfr1_D_1281,CC(C)c1ccc([C@@H]2ONC(c3ccc(Cl)cc3)=C2C(=O)NCCOCCO)cc1,0
ZINC02461165,DUD_fgfr1_D_1282,CC[C@@H](O)CNC(=O)C1=C(c2ccc(Cl)cc2)NO[C@@H]1c1cccc2ccccc12,0
ZINC02461172,DUD_fgfr1_D_1283,O=C(NCCOCCO)C1=C(c2ccc(Cl)cc2)NO[C@H]1c1cccc2ccccc12,0
ZINC02462156,DUD_fgfr1_D_1284,CCOc1ccccc1[C@H]1ONC(c2ccc(Cl)cc2)=C1C(=O)N[C@@H]1CCCC[C@H]1O,0
ZINC02462234,DUD_fgfr1_D_1285,COc1ccc([C@H]2ONC(c3ccc(Cl)cc3)=C2C(=O)NCCC#N)c(OC)c1OC,0
ZINC02462665,DUD_fgfr1_D_1286,CCOc1ccccc1[C@@H]1ONC(c2ccc(Cl)cc2)=C1C(=O)N[C@@H](CO)[C@@H](C)CC,0
ZINC02464255,DUD_fgfr1_D_1287,CCCCCOC(=O)Nc1ccc(S(=O)(=O)Nc2ccc(Br)cc2)cc1,0
ZINC02465029,DUD_fgfr1_D_1288,CC[C@@H](O)CNC(=O)C1=C(c2ccc(N(C)C)cc2)NO[C@H]1c1ccc(F)cc1Cl,0
ZINC02466566,DUD_fgfr1_D_1289,CN(C)c1ccc(C2=C(C(=O)N[C@@H](CO)Cc3ccccc3)[C@@H](c3ccsc3)ON2)cc1,0
ZINC02467517,DUD_fgfr1_D_1290,CN(C)c1ccc(C2=C(C(=O)NC[C@H](O)c3ccccc3)[C@H](c3ccsc3)ON2)cc1,0
ZINC02467859,DUD_fgfr1_D_1291,CCOc1ccccc1C1=C(C(=O)NC[C@H](O)CC)[C@@H](c2ccc(F)cc2Cl)ON1,0
ZINC02468112,DUD_fgfr1_D_1292,CCOc1ccccc1C1=C(C(=O)N[C@@H]2CCCC[C@H]2O)[C@@H](c2ccsc2)ON1,0
ZINC02469093,DUD_fgfr1_D_1293,O=C(Nc1ccc(F)cc1)C1CCC(CNS(=O)(=O)c2cccs2)CC1,0
ZINC02469121,DUD_fgfr1_D_1294,CCOc1ccccc1C1=C(C(=O)NCC(C)(C)CO)[C@H](c2ccc(F)cc2Cl)ON1,0
ZINC02471771,DUD_fgfr1_D_1295,Cc1ccc(C2=CSC(NC(=O)CSc3nc(C)cc(C)n3)=NN2)cc1,0
ZINC02479671,DUD_fgfr1_D_1296,Cc1oc2nc(SCC(=O)Nc3nccs3)nc(NC(=O)c3ccccc3)c2c1C,0
ZINC02480250,DUD_fgfr1_D_1297,CC(C)c1ccc(-c2onc(-c3ccc(F)cc3)c2C(=O)NCCOCCO)cc1,0
ZINC02480280,DUD_fgfr1_D_1298,O=C(NCCOCCO)c1c(-c2ccc(F)cc2)noc1-c1cccc2ccccc12,0
ZINC02480983,DUD_fgfr1_D_1299,COc1ccc(-c2noc(-c3ccc(F)cc3Cl)c2C(=O)NCCOCCO)cc1,0
ZINC02482032,DUD_fgfr1_D_1300,CC(C)c1ccc(-c2onc(-c3ccccc3Cl)c2C(=O)NCCOCCO)cc1,0
ZINC02482034,DUD_fgfr1_D_1301,CC(C)c1ccc(-c2onc(-c3ccccc3Cl)c2C(=O)NCCO)cc1,0
ZINC02482085,DUD_fgfr1_D_1302,O=C(NCCOCCO)c1c(-c2ccccc2Cl)noc1-c1cccc2ccccc12,0
ZINC02488296,DUD_fgfr1_D_1303,CC1(C)C[C@@H]([NH2+]CCc2ccccc2F)c2cc(C(=O)N3CCC(O)CC3)ccc2O1,0
ZINC02491945,DUD_fgfr1_D_1304,COCCCN(C(=O)c1ccccc1F)[C@H]1CC(C)(C)Oc2ccc(C(N)=O)cc21,0
ZINC02492981,DUD_fgfr1_D_1305,COc1ccc([C@@H]2NC(=O)c3c(sc4c3CC[N@H+](Cc3ccccc3)C4)N2)c(OC)c1,0
ZINC02499517,DUD_fgfr1_D_1306,CSCCc1nc2[nH+]c(N3CCC(O)(Cc4ccccc4)CC3)ccc2[nH]c1=O,0
ZINC02499785,DUD_fgfr1_D_1307,O=c1[nH]c2ccc(N3CCCC[C@@H]3CCO)[nH+]c2nc1CSCc1ccccc1,0
ZINC02499785,DUD_fgfr1_D_1308,OCC[C@H]1CCCCN1c1ccc2nc(O)c(CSCc3ccccc3)nc2[nH+]1,0
ZINC02520820,DUD_fgfr1_D_1309,C=C(NNC(=O)[C@H](C)Oc1ccc(Cl)cc1C)c1ccc(-n2cnnn2)cc1,0
ZINC02521722,DUD_fgfr1_D_1310,CCNC(=S)N/N=C\c1ccc(OC(=O)c2ccc(OC)cc2)c(OC)c1,0
ZINC02532047,DUD_fgfr1_D_1311,COc1ccc(C(=O)NCC(=O)N/N=C\c2coc3ccc(Cl)cc3c2=O)cc1,0
ZINC02544389,DUD_fgfr1_D_1312,COc1ccc(C(=O)Oc2ccc3ccccc3c2/C=N\NC(N)=S)cc1OC,0
ZINC02551593,DUD_fgfr1_D_1313,O=C(NNC(=S)NC(=O)c1ccco1)c1ccc(NC(=O)C2CCCCC2)cc1,0
ZINC02589896,DUD_fgfr1_D_1314,Cc1cccc(NC(=O)CN2C(=O)S/C(=C/C(=O)Nc3ccc(F)cc3)C2=O)c1,0
ZINC02604693,DUD_fgfr1_D_1315,COc1ccc(/N=c2\nc(N)nc(CSC(=S)N3CCC(C)CC3)[nH]2)cc1,0
ZINC02614798,DUD_fgfr1_D_1316,CC(C)OC(=O)c1ccc(CSc2nnc(-c3ccc(F)cc3)n2N)cc1,0
ZINC02614812,DUD_fgfr1_D_1317,Cc1ccc(-c2nnc(SCc3ccc(C(=O)OC(C)C)cc3)n2N)cc1,0
ZINC02616355,DUD_fgfr1_D_1318,CCc1ccc(Nc2nnc(SCC(=O)Nc3ccc4c(c3)OCCO4)s2)cc1,0
ZINC02616427,DUD_fgfr1_D_1319,CCc1ccc(Nc2nnc(SCC(=O)N3CC(=O)Nc4ccccc43)s2)cc1,0
ZINC02616736,DUD_fgfr1_D_1320,COc1ccccc1NC(=O)CSc1nnc(Nc2ccc(C(C)C)cc2)s1,0
ZINC02616930,DUD_fgfr1_D_1321,O=C(CN1C(=O)NC2(CCCCCC2)C1=O)Nc1cc(Cl)ccc1Oc1ccccc1,0
ZINC02617208,DUD_fgfr1_D_1322,Cc1ccccc1Nc1nc(N)nc(COC(=O)C2(c3ccc(Cl)cc3)CC2)n1,0
ZINC02617527,DUD_fgfr1_D_1323,Cc1ccccc1Nc1nc(N)nc(CSCC(=O)N2CCc3ccccc32)n1,0
ZINC02618327,DUD_fgfr1_D_1324,Cc1ccc(C(=O)NCC(=O)O[C@@H](C)C(=O)Nc2ccc(Cl)cn2)cc1C,0
ZINC02618640,DUD_fgfr1_D_1325,CCc1cc2c(SCC(=O)Nc3ccc(NC(C)=O)cc3)ncnc2s1,0
ZINC02619411,DUD_fgfr1_D_1326,CC(=O)Nc1ccc(NC(=O)CCCSc2nc3ccccc3s2)cc1,0
ZINC02619809,DUD_fgfr1_D_1327,COc1ccc(Cl)cc1-c1nnc(SCC(=O)Nc2ccc3c(c2)OCO3)[nH]1,0
ZINC02620278,DUD_fgfr1_D_1328,CC(C)C[C@@]1(C)NC(=O)N(CC(=O)Nc2cc(Cl)ccc2Oc2ccccc2)C1=O,0
ZINC02620279,DUD_fgfr1_D_1329,CC(C)C[C@]1(C)NC(=O)N(CC(=O)Nc2cc(Cl)ccc2Oc2ccccc2)C1=O,0
ZINC02621366,DUD_fgfr1_D_1330,COc1ccc(NC(=O)Cc2cccs2)cc1NS(=O)(=O)c1ccc(F)cc1,0
ZINC02621749,DUD_fgfr1_D_1331,O=C(CSc1nnc(NCc2ccccc2)s1)Nc1ccc(N2CCOCC2)cc1,0
ZINC02621806,DUD_fgfr1_D_1332,CCOc1ccc(NC(=O)CN2C(=O)N[C@](C)(c3ccc(OC(F)F)cc3)C2=O)cc1,0
ZINC02621807,DUD_fgfr1_D_1333,CCOc1ccc(NC(=O)CN2C(=O)N[C@@](C)(c3ccc(OC(F)F)cc3)C2=O)cc1,0
ZINC02621864,DUD_fgfr1_D_1334,Cc1ccc(Nc2nnc(SCC(=O)N3CC(=O)Nc4ccccc43)s2)c(C)c1,0
ZINC02622099,DUD_fgfr1_D_1335,COc1ccc(NC(=O)CN2C(=O)N[C@](C)(c3ccc(OC(F)F)cc3)C2=O)cc1,0
ZINC02622100,DUD_fgfr1_D_1336,COc1ccc(NC(=O)CN2C(=O)N[C@@](C)(c3ccc(OC(F)F)cc3)C2=O)cc1,0
ZINC02622867,DUD_fgfr1_D_1337,COc1ccc(Cl)cc1-c1nnc(SCC(=O)Nc2ccc3c(c2)OCCO3)[nH]1,0
ZINC02625185,DUD_fgfr1_D_1338,O=C(Nc1ccc2c(c1)CCC2)c1ccc(NS(=O)(=O)c2ccc(F)c(F)c2)cc1,0
ZINC02626124,DUD_fgfr1_D_1339,Cc1ccc2nc(-c3ccc(NC(=O)CSc4nnc(C(C)C)[nH]4)cc3)sc2c1,0
ZINC02627184,DUD_fgfr1_D_1340,COc1ccc(-c2csc(NC(=O)COC(=O)c3cccnc3SC)n2)cc1,0
ZINC02627529,DUD_fgfr1_D_1341,O=C(CSc1nnc(Nc2ccccc2)s1)Nc1ccc(N2CCOCC2)cc1,0
ZINC02628237,DUD_fgfr1_D_1342,Cc1ccc(NC(=O)CN2C(=O)N[C@H](Cc3c[nH]c4ccccc34)C2=O)cc1Cl,0
ZINC02629046,DUD_fgfr1_D_1343,Cc1ccc2nc(-c3ccc(NC(=O)CSc4n[nH]c(=O)n4C4CC4)cc3)sc2c1,0
ZINC02629051,DUD_fgfr1_D_1344,COc1cc(NC(=O)CN2C(=O)N[C@](C)(c3ccc(Cl)cc3)C2=O)cc(OC)c1,0
ZINC02629052,DUD_fgfr1_D_1345,COc1cc(NC(=O)CN2C(=O)N[C@@](C)(c3ccc(Cl)cc3)C2=O)cc(OC)c1,0
ZINC02629622,DUD_fgfr1_D_1346,COc1cccc(-c2nnc(SCc3nc(N)nc(Nc4ccccc4C)n3)n2C)c1,0
ZINC02630395,DUD_fgfr1_D_1347,CC(=O)Nc1ccc(/C=N/N2C(=O)N[C@@](C)(c3ccc(OC(F)F)cc3)C2=O)cc1,0
ZINC02630397,DUD_fgfr1_D_1348,CC(=O)Nc1ccc(/C=N\N2C(=O)N[C@](C)(c3ccc(OC(F)F)cc3)C2=O)cc1,0
ZINC02630892,DUD_fgfr1_D_1349,COc1ccc(/C=N\N=C2/NC(=O)[C@@H](CC(=O)Nc3ccc(F)cc3F)S2)cc1,0
ZINC02632474,DUD_fgfr1_D_1350,CC(=O)c1cccc(NC(=O)[C@@H](C)Sc2nnc(NCc3ccccc3)s2)c1,0
ZINC02634768,DUD_fgfr1_D_1351,CC(=O)c1ccc(NC(=O)CSc2nnc(Nc3c(C)cccc3C)s2)cc1,0
ZINC02635121,DUD_fgfr1_D_1352,Cc1cc(C(=O)CSc2nnc(N)s2)c(C)n1C[C@H]1COc2ccccc2O1,0
ZINC02635122,DUD_fgfr1_D_1353,Cc1cc(C(=O)CSc2nnc(N)s2)c(C)n1C[C@@H]1COc2ccccc2O1,0
ZINC02635381,DUD_fgfr1_D_1354,CCCCn1nc(C(=O)NNS(=O)(=O)c2ccc(Cl)cc2)c2ccccc2c1=O,0
ZINC02635466,DUD_fgfr1_D_1355,COc1cc(Cl)c(C)cc1NC(=O)CN1C(=O)N[C@@](C)(CCc2ccccc2)C1=O,0
ZINC02635467,DUD_fgfr1_D_1356,COc1cc(Cl)c(C)cc1NC(=O)CN1C(=O)N[C@](C)(CCc2ccccc2)C1=O,0
ZINC02635930,DUD_fgfr1_D_1357,CC(=O)Nc1ccc(NC(=O)[C@@H](C)OC(=O)Cc2ccc(Br)cc2)cc1,0
ZINC02635931,DUD_fgfr1_D_1358,CC(=O)Nc1ccc(NC(=O)[C@@H](C)OC(=O)Cc2ccc(Br)cc2)cc1,0
ZINC02636605,DUD_fgfr1_D_1359,CC(=O)c1cccc(NC(=O)CSc2nnc(Nc3c(C)cccc3C)s2)c1,0
ZINC02636793,DUD_fgfr1_D_1360,C=C(C)CNC(=S)NNC(=O)c1ccccc1NS(=O)(=O)c1cccs1,0
ZINC02636940,DUD_fgfr1_D_1361,CC(C)(C)c1cc(NC(=O)CSc2nnc(N)s2)n(-c2ccccc2)n1,0
ZINC02637241,DUD_fgfr1_D_1362,COc1cccc(NC(=O)CSc2nnc(Nc3ccc(C)c(C)c3)s2)c1,0
ZINC02637465,DUD_fgfr1_D_1363,CC(=O)Nc1ccc(-c2csc(NC(=O)COc3c(C)cc(Cl)cc3C)n2)cc1,0
ZINC02638167,DUD_fgfr1_D_1364,CC(C)Cn1c(N)c(-c2nc(C(C)C)c(C(=O)c3ccccc3F)s2)c(=O)n(C)c1=O,0
ZINC02639380,DUD_fgfr1_D_1365,NC(=O)c1c(NC(=O)COc2ccc(C(=O)c3ccc(F)cc3)cc2)sc2c1CCC2,0
ZINC02643465,DUD_fgfr1_D_1366,Cc1ccc(Nc2nnc(S[C@@H](C)C(=O)Nc3ccc4c(c3)OCO4)s2)cc1C,0
ZINC02643466,DUD_fgfr1_D_1367,Cc1ccc(Nc2nnc(S[C@H](C)C(=O)Nc3ccc4c(c3)OCO4)s2)cc1C,0
ZINC02643832,DUD_fgfr1_D_1368,COc1ccc(NC(=O)CN2C(=O)N[C@]3(CCCc4ccccc43)C2=O)cc1Cl,0
ZINC02643833,DUD_fgfr1_D_1369,COc1ccc(NC(=O)CN2C(=O)N[C@@]3(CCCc4ccccc43)C2=O)cc1Cl,0
ZINC02645556,DUD_fgfr1_D_1370,Nc1ccc(C(=O)N/N=C/c2sc(N3CCOCC3)nc2-c2ccccc2)cc1,0
ZINC02645655,DUD_fgfr1_D_1371,O=C(NCCc1c[nH]c2ccccc12)c1cc(S(=O)(=O)N2CCCCC2)ccc1Cl,0
ZINC02645730,DUD_fgfr1_D_1372,CC1CCC2(CC1)NC(=O)N(CC(=O)Nc1cc(Cl)ccc1Oc1ccccc1)C2=O,0
ZINC02645785,DUD_fgfr1_D_1373,COc1ccc(-c2cc(C(=O)Nc3sccc3C(N)=O)c3ccccc3n2)cc1OC,0
ZINC02646628,DUD_fgfr1_D_1374,COc1ccc(Cl)cc1NC(=O)C[C@H]1S/C(=N\c2ccc3c(c2)OCCO3)NC1=O,0
ZINC02646630,DUD_fgfr1_D_1375,COc1ccc(Cl)cc1NC(=O)C[C@@H]1S/C(=N\c2ccc3c(c2)OCCO3)NC1=O,0
ZINC02647319,DUD_fgfr1_D_1376,COc1ccccc1NC(=O)c1ccc(NC(=O)CSC(=S)N(C)C)cc1,0
ZINC02649209,DUD_fgfr1_D_1377,COC(=O)c1c(NC(=O)CSc2nc(N)c3ccccc3n2)sc2c1CCC2,0
ZINC02650057,DUD_fgfr1_D_1378,CC(C)CC(=O)Nc1ccc(C2=CSc3nnc(Cc4ccccc4F)n3N2)cc1,0
ZINC02651463,DUD_fgfr1_D_1379,Cc1ccccc1Nc1nc(N)nc(CSc2nnc3sc4ccccc4n23)n1,0
ZINC02652059,DUD_fgfr1_D_1380,COc1ccc(Cl)cc1-c1nnc(SCC(=O)Nc2cccc([N+](=O)[O-])c2C)[nH]1,0
ZINC02652314,DUD_fgfr1_D_1381,Cc1ccccc1Nc1nnc(SCC(=O)Nc2ccc(N(C)C)cc2)s1,0
ZINC02652458,DUD_fgfr1_D_1382,Cn1c(SCC(=O)Nc2sc3c(c2C(N)=O)CCC3)nnc1-c1ccccc1,0
ZINC02653631,DUD_fgfr1_D_1383,O=C(CSc1nnc(Nc2ccccc2)s1)Nc1ccc2c(c1)OCCO2,0
ZINC02655994,DUD_fgfr1_D_1384,Cc1ccc(Nc2nc(CSc3nnc(Cc4ccccc4F)n3N)cs2)cc1,0
ZINC02656076,DUD_fgfr1_D_1385,CCC(=O)Nc1ccc(C2=CSC(NCc3ccc4c(c3)OCO4)=NN2)cc1,0
ZINC02657266,DUD_fgfr1_D_1386,Cc1ccc(Nc2nc(COC(=O)C[C@@H]3Sc4ccccc4NC3=O)cs2)cc1,0
ZINC02657267,DUD_fgfr1_D_1387,Cc1ccc(Nc2nc(COC(=O)C[C@@H]3Sc4ccccc4NC3=O)cs2)cc1,0
ZINC02657997,DUD_fgfr1_D_1388,CC(=O)Nc1ccc(NC(=O)[C@H](C)Sc2nnc(Nc3ccccc3)s2)cc1,0
ZINC02658201,DUD_fgfr1_D_1389,O=C(CN1C(=O)NC2(CCCC2)C1=O)Nc1ccc(Cl)cc1C(=O)c1ccccc1,0
ZINC02659396,DUD_fgfr1_D_1390,CCCn1c(N)c(-c2nc(C3CC3)c(C(=O)c3ccc(F)cc3)s2)c(=O)n(C)c1=O,0
ZINC02660440,DUD_fgfr1_D_1391,O=C(NNC1=CCSc2ccc(F)cc21)c1cccc(S(=O)(=O)N2CCCCC2)c1,0
ZINC02661308,DUD_fgfr1_D_1392,Cc1cc(C(=O)CSc2nnc(-c3ccco3)n2N)c(C)n1Cc1cccs1,0
ZINC02661801,DUD_fgfr1_D_1393,C[C@@H](Sc1nnc(NCc2ccccc2)s1)C(=O)Nc1ccc2c(c1)OCCO2,0
ZINC02661802,DUD_fgfr1_D_1394,C[C@H](Sc1nnc(NCc2ccccc2)s1)C(=O)Nc1ccc2c(c1)OCCO2,0
ZINC02662267,DUD_fgfr1_D_1395,O=C(CSc1n[nH]c(=O)n1C1CC1)Nc1cc(Cl)ccc1Oc1ccccc1,0
ZINC02664438,DUD_fgfr1_D_1396,COc1ccc(NS(=O)(=O)c2ccc3oc(Nc4ccc(C)c(F)c4)nc3c2)cc1,0
ZINC02667855,DUD_fgfr1_D_1397,COc1cccc([C@@H]2C=C(c3ccc(Br)cc3)Nc3nc(CCCO)nn32)c1,0
ZINC02667856,DUD_fgfr1_D_1398,COc1cccc([C@H]2C=C(c3ccc(Br)cc3)Nc3nc(CCCO)nn32)c1,0
ZINC02667859,DUD_fgfr1_D_1399,COc1cc([C@H]2C=C(c3cccs3)Nc3nc(CCCO)nn32)cc(OC)c1OC,0
ZINC02667867,DUD_fgfr1_D_1400,CC(=O)Nc1ccc(C2=C[C@@H](c3cccc(Cl)c3)n3nc(CCCO)nc3N2)cc1,0
ZINC02667868,DUD_fgfr1_D_1401,CC(=O)Nc1ccc(C2=C[C@H](c3cccc(Cl)c3)n3nc(CCCO)nc3N2)cc1,0
ZINC02667871,DUD_fgfr1_D_1402,CC(=O)Nc1ccc(C2=C[C@H](c3ccccc3Cl)n3nc(CCCO)nc3N2)cc1,0
ZINC02667872,DUD_fgfr1_D_1403,CC(=O)Nc1ccc(C2=C[C@@H](c3ccccc3Cl)n3nc(CCCO)nc3N2)cc1,0
ZINC02684307,DUD_fgfr1_D_1404,Cc1ccc(C)c(NC(=O)CSc2nnc(-c3cccc(Br)c3)n2N)c1,0
ZINC02684308,DUD_fgfr1_D_1405,Cc1cccc(NC(=O)CSc2nnc(-c3cccc(Br)c3)n2N)c1C,0
ZINC02684812,DUD_fgfr1_D_1406,Cn1c(SCc2ccc(C(=O)NCCO)cc2)nc2sc3c(c2c1=O)CCC3,0
ZINC02687360,DUD_fgfr1_D_1407,COc1ccc(Cl)cc1NC(=O)c1nnn(CC(=O)Nc2ccccc2C)c1N,0
ZINC02687369,DUD_fgfr1_D_1408,COc1ccc(Cl)cc1NC(=O)c1nnn(CC(=O)Nc2cccc(C)c2)c1N,0
ZINC02687903,DUD_fgfr1_D_1409,COc1ccc2[nH]c3c(=O)n(Cc4ccc(C(=O)NC5CC5)cc4)c(=S)[nH]c3c2c1,0
ZINC02688836,DUD_fgfr1_D_1410,Cc1ccc(C(=O)[C@H](NC(=O)c2ccco2)Nc2sc3c(c2C(N)=O)CCCC3)cc1,0
ZINC02689531,DUD_fgfr1_D_1411,CCCCC(=O)NS(=O)(=O)c1ccc(NC(=O)c2ccc(Cl)cc2)cc1,0
ZINC02692494,DUD_fgfr1_D_1412,O=C(CSc1nc2c(c(=O)[nH]1)C[N@H+](Cc1ccccc1)CC2)Nc1ccc(Cl)cc1,0
ZINC02693365,DUD_fgfr1_D_1413,Cc1ccc(S(=O)(=O)c2cnc(SCC(=O)Nc3ccccc3)nc2N)cc1C,0
ZINC02694949,DUD_fgfr1_D_1414,CCOC(=O)c1ccc(NC(=O)CSc2nc(O)c3c(C)c(C)sc3n2)cc1,0
ZINC02699016,DUD_fgfr1_D_1415,Cc1ccc(C[N@@H+]2CCc3nc(SCC(=O)Nc4ccc(F)cc4)[nH]c(=O)c3C2)cc1,0
ZINC02699031,DUD_fgfr1_D_1416,O=C(CSc1nc2c(c(=O)[nH]1)C[N@@H+](Cc1ccc(F)cc1)CC2)Nc1cccc(F)c1,0
ZINC02699031,DUD_fgfr1_D_1417,O=C(CSc1nc(=O)c2c([nH]1)CC[N@@H+](Cc1ccc(F)cc1)C2)Nc1cccc(F)c1,0
ZINC02699031,DUD_fgfr1_D_1418,O=C(CSc1nc(O)c2c(n1)CC[N@@H+](Cc1ccc(F)cc1)C2)Nc1cccc(F)c1,0
ZINC02699403,DUD_fgfr1_D_1419,COc1cccc(/C=C2/SC(=S)N(CCc3ccc(S(N)(=O)=O)cc3)C2=O)c1,0
ZINC02702134,DUD_fgfr1_D_1420,COc1cc(/C=C2/SC(=S)N(c3ccc(NC(C)=O)cc3)C2=O)ccc1O,0
ZINC02703740,DUD_fgfr1_D_1421,NC(=O)c1c(N[C@H](NC(=O)c2ccccc2)C(=O)c2cccs2)sc2c1CCCC2,0
ZINC02703742,DUD_fgfr1_D_1422,NC(=O)c1c(N[C@H](NC(=O)c2ccccc2)C(=O)c2cccs2)sc2c1CCCC2,0
ZINC02705125,DUD_fgfr1_D_1423,CC(C)(C)NS(=O)(=O)c1ccc(NC(=O)CSc2nc3ccccc3s2)cc1,0
ZINC02705715,DUD_fgfr1_D_1424,O=C(CSc1nc2c(c(=O)[nH]1)C[N@@H+](Cc1ccccc1)CC2)Nc1cccc(F)c1,0
ZINC02705718,DUD_fgfr1_D_1425,Cc1ccc(C[N@@H+]2CCc3nc(SCC(=O)Nc4cccc(C)c4C)[nH]c(=O)c3C2)cc1,0
ZINC02705718,DUD_fgfr1_D_1426,Cc1ccc(C[N@@H+]2CCc3[nH]c(SCC(=O)Nc4cccc(C)c4C)nc(=O)c3C2)cc1,0
ZINC02705718,DUD_fgfr1_D_1427,Cc1ccc(C[N@H+]2CCc3nc(SCC(=O)Nc4cccc(C)c4C)nc(O)c3C2)cc1,0
ZINC02705726,DUD_fgfr1_D_1428,CCc1ccc(NC(=O)CSc2nc3c(c(=O)[nH]2)C[N@@H+]([C@H](C)c2ccccc2)CC3)cc1,0
ZINC02705744,DUD_fgfr1_D_1429,CCCC[N@@H+]1CCc2nc(SCC(=O)Nc3ccc(C)c(Cl)c3)[nH]c(=O)c2C1,0
ZINC02705744,DUD_fgfr1_D_1430,CCCC[N@@H+]1CCc2[nH]c(SCC(=O)Nc3ccc(C)c(Cl)c3)nc(=O)c2C1,0
ZINC02705744,DUD_fgfr1_D_1431,CCCC[N@@H+]1CCc2nc(SCC(=O)Nc3ccc(C)c(Cl)c3)nc(O)c2C1,0
ZINC02711682,DUD_fgfr1_D_1432,CCOC(=O)c1ccc(NCN2C(=O)/C(=N\NC(N)=S)c3ccccc32)cc1,0
ZINC02713000,DUD_fgfr1_D_1433,Cc1ccc(C[N@H+]2CCc3nc(SCC(=O)Nc4cccc(C)c4)[nH]c(=O)c3C2)cc1,0
ZINC02713734,DUD_fgfr1_D_1434,CC(=O)Nc1cccc(NC(=O)CSc2nnc(Cc3cccn3C)n2C)c1,0
ZINC02720114,DUD_fgfr1_D_1435,CCOc1ccc(NC(=O)CSc2nc3c([nH]c4ccccc43)c(=O)n2C)cc1,0
ZINC02720119,DUD_fgfr1_D_1436,COc1ccc(NC(=O)CSc2nc3c([nH]c4ccccc43)c(=O)n2C)c(OC)c1,0
ZINC02720574,DUD_fgfr1_D_1437,Cc1ccc2nc(NC(=O)CSc3nc4c([nH]c5ccccc54)c(=O)n3C)sc2c1,0
ZINC02720587,DUD_fgfr1_D_1438,COc1ccc(OC)c(NC(=O)CSc2nc3c([nH]c4ccccc43)c(=O)n2C)c1,0
ZINC02720607,DUD_fgfr1_D_1439,Cc1ccc(NC(=O)CSc2nc3c([nH]c4ccccc43)c(=O)n2C)cc1Cl,0
ZINC02721043,DUD_fgfr1_D_1440,CN(C)S(=O)(=O)c1ccc(C(=O)NCCSc2c[nH]c3ccccc23)cc1,0
ZINC02721045,DUD_fgfr1_D_1441,O=C(NCCSc1c[nH]c2ccccc12)c1ccc(S(=O)(=O)N2CCCCC2)cc1,0
ZINC02721117,DUD_fgfr1_D_1442,Cc1[nH]c2ccccc2c1SCCNC(=O)c1ccc(S(=O)(=O)N(C)C)cc1,0
ZINC02723810,DUD_fgfr1_D_1443,CN(C1CCCCC1)S(=O)(=O)c1ccc(C(=O)Nc2nc3c(F)cccc3s2)cc1,0
ZINC02726019,DUD_fgfr1_D_1444,CC[C@H](c1nnc(SCC(=O)Nc2cccnc2Cl)n1-c1ccccc1)[NH+](C)C,0
ZINC02726020,DUD_fgfr1_D_1445,CC[C@@H](c1nnc(SCC(=O)Nc2cccnc2Cl)n1-c1ccccc1)[NH+](C)C,0
ZINC02726224,DUD_fgfr1_D_1446,CCC[C@@]1(c2ccccc2)NC(=O)N(CC(=O)Nc2ccc(C)cc2Br)C1=O,0
ZINC02728712,DUD_fgfr1_D_1447,O=C(C[C@H]1C(=O)N(Cc2ccccc2)C(=S)N1NC(=O)C1CC1)Nc1ccc(F)cc1,0
ZINC02728954,DUD_fgfr1_D_1448,CCN1C(=O)[C@@H](CC(=O)Nc2cccc(C)c2)N(NC(=O)c2ccccn2)C1=S,0
ZINC02729370,DUD_fgfr1_D_1449,CCN1C(=O)[C@@H](CC(=O)Nc2cccc(C)c2)N(NC(=O)c2ccco2)C1=S,0
ZINC02729748,DUD_fgfr1_D_1450,CC(=O)NN1C(=S)N(Cc2ccccc2)C(=O)[C@H]1CC(=O)Nc1ccc(F)cc1,0
ZINC02729749,DUD_fgfr1_D_1451,CC(=O)NN1C(=S)N(Cc2ccccc2)C(=O)[C@H]1CC(=O)Nc1ccc(F)cc1,0
ZINC02729786,DUD_fgfr1_D_1452,Cc1cccc(NC(=O)C[C@@H]2C(=O)N(C)C(=S)N2NC(=O)c2ccc(F)cc2)c1,0
ZINC02729787,DUD_fgfr1_D_1453,Cc1cccc(NC(=O)C[C@H]2C(=O)N(C)C(=S)N2NC(=O)c2ccc(F)cc2)c1,0
ZINC02729789,DUD_fgfr1_D_1454,CC(=O)NN1C(=S)N(Cc2ccccc2)C(=O)[C@@H]1CC(=O)Nc1cccc(C)c1,0
ZINC02729790,DUD_fgfr1_D_1455,CC(=O)NN1C(=S)N(Cc2ccccc2)C(=O)[C@H]1CC(=O)Nc1cccc(C)c1,0
ZINC02729834,DUD_fgfr1_D_1456,COc1ccc(NC(=O)C[C@@H]2C(=O)N(C)C(=S)N2NC(=O)c2ccc(F)cc2)cc1,0
ZINC02729835,DUD_fgfr1_D_1457,COc1ccc(NC(=O)C[C@@H]2C(=O)N(C)C(=S)N2NC(=O)c2ccc(F)cc2)cc1,0
ZINC02729855,DUD_fgfr1_D_1458,CCN1C(=O)[C@@H](CC(=O)Nc2cccc(C)c2)N(NC(=O)c2ccc(F)cc2)C1=S,0
ZINC02729856,DUD_fgfr1_D_1459,CCN1C(=O)[C@H](CC(=O)Nc2cccc(C)c2)N(NC(=O)c2ccc(F)cc2)C1=S,0
ZINC02730025,DUD_fgfr1_D_1460,CCN1C(=O)[C@H](CC(=O)Nc2ccc(OC)cc2)N(NC(=O)c2ccc(F)cc2)C1=S,0
ZINC02730026,DUD_fgfr1_D_1461,CCN1C(=O)[C@H](CC(=O)Nc2ccc(OC)cc2)N(NC(=O)c2ccc(F)cc2)C1=S,0
ZINC02730043,DUD_fgfr1_D_1462,CCOc1cccc(NC(=O)C[C@H]2C(=O)N(C)C(=S)N2NC(=O)c2ccc(F)cc2)c1,0
ZINC02730053,DUD_fgfr1_D_1463,COc1ccc(CC(=O)NN2C(=S)N(C)C(=O)[C@H]2CC(=O)Nc2cccc(C)c2)cc1,0
ZINC02730054,DUD_fgfr1_D_1464,COc1ccc(CC(=O)NN2C(=S)N(C)C(=O)[C@H]2CC(=O)Nc2cccc(C)c2)cc1,0
ZINC02730059,DUD_fgfr1_D_1465,COc1ccc(NC(=O)C[C@H]2C(=O)N(Cc3ccccc3)C(=S)N2NC(C)=O)cc1,0
ZINC02730060,DUD_fgfr1_D_1466,COc1ccc(NC(=O)C[C@@H]2C(=O)N(Cc3ccccc3)C(=S)N2NC(C)=O)cc1,0
ZINC02735160,DUD_fgfr1_D_1467,CCCCNS(=O)(=O)c1ccc(NC(=O)Cc2ccc(Br)cc2)cc1,0
ZINC02735868,DUD_fgfr1_D_1468,COc1ccc(NC2=NC(=O)C[C@@H](C(=O)Nc3ccc(C)c(Cl)c3)S2)c(OC)c1,0
ZINC02735869,DUD_fgfr1_D_1469,COc1ccc(NC2=NC(=O)C[C@H](C(=O)Nc3ccc(C)c(Cl)c3)S2)c(OC)c1,0
ZINC02738255,DUD_fgfr1_D_1470,COc1ccc(-c2[nH]ncc2/C=C(\C#N)C(=O)Nc2ccc(Cl)cc2)cc1OC,0
ZINC02740905,DUD_fgfr1_D_1471,Cc1cc(C(=O)NCCNC(=S)Nc2cccc3ccccc23)nn1C,0
ZINC02741017,DUD_fgfr1_D_1472,Cc1cc(C(=O)ONC(=[NH2+])Cn2nc(C)c(Br)c2C)c2ccccc2n1,0
ZINC02742832,DUD_fgfr1_D_1473,CCOc1ccc(C(=O)Nc2ccc(NC(=O)c3ccco3)c(Cl)c2)cc1[N+](=O)[O-],0
ZINC02744400,DUD_fgfr1_D_1474,CCOc1c(O)ccc([C@@H]2Nc3ccccc3-c3nnc(SC)nc3O2)c1[N+](=O)[O-],0
ZINC02744401,DUD_fgfr1_D_1475,CCOc1c(O)ccc([C@@H]2Nc3ccccc3-c3nnc(SC)nc3O2)c1[N+](=O)[O-],0
ZINC02746237,DUD_fgfr1_D_1476,CC[C@H](Sc1nnc2c(n1)[nH]c1ccccc12)C(=O)Nc1nc2c(s1)CCCC2,0
ZINC02746238,DUD_fgfr1_D_1477,CC[C@H](Sc1nnc2c(n1)[nH]c1ccccc12)C(=O)Nc1nc2c(s1)CCCC2,0
ZINC02746289,DUD_fgfr1_D_1478,COc1ccc(NC(=O)CSC2=N[C@H](c3ccccc3)CC(=O)N2)cc1Br,0
ZINC02746367,DUD_fgfr1_D_1479,O=C(CSc1nnc2c(n1)[nH]c1ccccc12)Nc1nc2c(s1)CCCC2,0
ZINC02747705,DUD_fgfr1_D_1480,CCn1ncc(NC(=O)c2ccc(COc3ccccc3Br)cc2)c1C(N)=O,0
ZINC02749379,DUD_fgfr1_D_1481,COc1ccc(Cl)cc1NC(=O)/C(C#N)=C\c1cn[nH]c1-c1ccc(OC)c(OC)c1,0
ZINC02749379,DUD_fgfr1_D_1482,COc1ccc(Cl)cc1NC(=O)/C(C#N)=C\c1c[nH]nc1-c1ccc(OC)c(OC)c1,0
ZINC02750818,DUD_fgfr1_D_1483,O=C(NNC1=CCCCC1)c1ccc(NC(=O)c2ccc(Br)cc2)cc1,0
ZINC02751103,DUD_fgfr1_D_1484,CCCCc1nnc(SCC(=O)Nc2nc(-c3ccccc3)cs2)[nH]1,0
ZINC02751483,DUD_fgfr1_D_1485,C=C(NNC(=O)COc1ccc(Cl)cc1C)c1ccc(NC(=O)C2CC2)cc1,0
ZINC02755791,DUD_fgfr1_D_1486,CC(=O)Nc1ccc(NC(=O)c2ccc(Cn3cc(Br)cn3)cc2)cc1,0
ZINC02758553,DUD_fgfr1_D_1487,CCC[N@H+]1CC=C(NNC(=O)c2cc(-c3ccc(C)s3)nc3ccccc23)CC1,0
ZINC02760015,DUD_fgfr1_D_1488,C=C(NNC(=O)c1ccc(Br)o1)c1ccc(NC(=O)C2CCC2)cc1,0
ZINC02760947,DUD_fgfr1_D_1489,C=C(NNC(=O)c1sccc1C)c1ccc(NC(=O)c2ccc(C)o2)cc1,0
ZINC02761615,DUD_fgfr1_D_1490,C=C(NNC(=O)c1ccc(C)s1)c1ccc(NC(=O)c2ccc(C)s2)cc1,0
ZINC02761803,DUD_fgfr1_D_1491,C=C(NNC(=O)c1c(Br)cnn1C)c1cccc(NC(=O)C(CC)CC)c1,0
ZINC02762100,DUD_fgfr1_D_1492,C=C(NNC(=O)c1c(Cl)c(C)nn1C)c1cccc(NC(=O)C(C)C)c1,0
ZINC02763126,DUD_fgfr1_D_1493,C=C(NNC(=O)c1sccc1C)c1ccc(NC(=O)c2ccc(C)s2)cc1,0
ZINC02763623,DUD_fgfr1_D_1494,C=C(NNC(=O)COc1ccc(Cl)c(C)c1)c1cccc(NC(C)=O)c1,0
ZINC02763934,DUD_fgfr1_D_1495,C=C(NNC(=O)COc1ccc(Cl)cc1)c1ccc(NC(=O)C2CCC2)cc1,0
ZINC02764105,DUD_fgfr1_D_1496,C=C(NNC(=O)c1nn(C)cc1Br)c1cccc(NC(=O)C2CCCC2)c1,0
ZINC02764135,DUD_fgfr1_D_1497,C=C(NNC(=O)c1nn(C)cc1Br)c1cccc(NC(=O)C2CCC2)c1,0
ZINC02764261,DUD_fgfr1_D_1498,CCn1ncc(C(=O)Nc2ccc(S(=O)(=O)Nc3ccc(Cl)cc3)cc2)c1C,0
ZINC02764599,DUD_fgfr1_D_1499,CNS(=O)(=O)c1ccc(NC(=O)c2ccc(COc3ccc(Cl)c(C)c3)o2)cc1,0
ZINC02764839,DUD_fgfr1_D_1500,CCn1ncc(Cl)c1C(=O)Nc1ccc(S(=O)(=O)Nc2ccccc2C)cc1,0
ZINC02767487,DUD_fgfr1_D_1501,Cc1ccccc1NS(=O)(=O)c1ccc(NC(=O)c2c(Cl)c(C)nn2C)cc1,0
ZINC02769784,DUD_fgfr1_D_1502,C[N@@H+]1CC=C(NNC(=O)c2cc(-c3ccc(Cl)cc3)nc3ccccc23)CC1,0
ZINC02772044,DUD_fgfr1_D_1503,CCNC(=S)NNC(=O)c1cc(-c2cc(OC)ccc2OC)nc2ccccc12,0
ZINC02773483,DUD_fgfr1_D_1504,CCOC(=O)C1=C(C)N=c2s/c(=C\c3ccc(O)c(O)c3)c(=O)n2[C@H]1c1ccccc1,0
ZINC02773485,DUD_fgfr1_D_1505,CCOC(=O)C1=C(C)N=c2s/c(=C/c3ccc(O)c(O)c3)c(=O)n2[C@H]1c1ccccc1,0
ZINC02773559,DUD_fgfr1_D_1506,CCOc1ccc2nc(SCC(=O)Nc3cccc(NC(C)=O)c3)sc2c1,0
ZINC02774711,DUD_fgfr1_D_1507,CCCc1nnc(NC(=O)[C@H](CC)Sc2nnc3c(n2)[nH]c2ccccc23)s1,0
ZINC02774712,DUD_fgfr1_D_1508,CCCc1nnc(NC(=O)[C@H](CC)Sc2nnc3c(n2)[nH]c2ccccc23)s1,0
ZINC02775567,DUD_fgfr1_D_1509,CC[C@@H](Sc1nnc2c(n1)[nH]c1ccccc12)C(=O)Nc1nnc(C(C)C)s1,0
ZINC02775568,DUD_fgfr1_D_1510,CC[C@@H](Sc1nnc2c(n1)[nH]c1ccccc12)C(=O)Nc1nnc(C(C)C)s1,0
ZINC02782835,DUD_fgfr1_D_1511,COc1cc(C(=O)NNC(=S)NCCc2ccccc2)cc(OC)c1OC,0
ZINC02785970,DUD_fgfr1_D_1512,COc1ccc(-c2ccnc(SCC(=O)Nc3sc4c(c3C(N)=O)CCC4)n2)cc1,0
ZINC02786274,DUD_fgfr1_D_1513,NC(=O)c1c(NC(=O)c2ccn(COc3ccccc3F)n2)sc2c1CCCC2,0
ZINC02789345,DUD_fgfr1_D_1514,C=C(NNC(=O)c1csc(C)c1C)c1cccc(NC(=O)c2ccc3c(c2)OCO3)c1,0
ZINC02789427,DUD_fgfr1_D_1515,C=C(NNC(=O)c1csc(C)c1C)c1ccc(NC(=O)c2ccc3c(c2)OCO3)cc1,0
ZINC02790704,DUD_fgfr1_D_1516,CC(=O)NS(=O)(=O)c1ccc(NC(=O)CCCOc2ccc(Cl)cc2C)cc1,0
ZINC02792260,DUD_fgfr1_D_1517,COc1ccc(C(=O)NNC2=C3CCCC[C@@H]3[NH2+]CC2)cc1COc1ccccc1Cl,0
ZINC02794943,DUD_fgfr1_D_1518,C=C(NNS(=O)(=O)c1ccc(Cl)cc1)c1cccc(NC(=O)C2CC2)c1,0
ZINC02795043,DUD_fgfr1_D_1519,C=C(NNC(=O)c1csc(C)c1C)c1cccc(NC(=O)c2ccnn2C)c1,0
ZINC02796194,DUD_fgfr1_D_1520,COc1ccc(OCc2ccc(C(=O)NNC(=S)Nc3cn(C)nc3C)o2)cc1,0
ZINC02796234,DUD_fgfr1_D_1521,COc1ccccc1OCc1ccc(C(=O)NNC(=S)Nc2cn(C)nc2C)o1,0
ZINC02797677,DUD_fgfr1_D_1522,C/C=C(/NNC(=O)[C@@H](C)n1cnc2sc(CCC)cc2c1=O)c1cccs1,0
ZINC02797678,DUD_fgfr1_D_1523,C/C=C(\NNC(=O)[C@H](C)n1cnc2sc(CCC)cc2c1=O)c1cccs1,0
ZINC02797718,DUD_fgfr1_D_1524,NC(=O)c1c(NC(=O)c2ccn(COc3ccccc3F)n2)sc2c1CCC2,0
ZINC02797813,DUD_fgfr1_D_1525,Cc1ccn(CC(=O)NNC(=S)Nc2cnn(Cc3ccccc3C)c2)n1,0
ZINC02798066,DUD_fgfr1_D_1526,C[C@@H]1CCc2c(sc(NC(=O)c3ccn(COc4ccccc4F)n3)c2C(N)=O)C1,0
ZINC02798067,DUD_fgfr1_D_1527,C[C@H]1CCc2c(sc(NC(=O)c3ccn(COc4ccccc4F)n3)c2C(N)=O)C1,0
ZINC02798196,DUD_fgfr1_D_1528,COc1cc(/C=N\c2cnn(C)c2C(=O)NCc2ccco2)cc(Br)c1O,0
ZINC02798238,DUD_fgfr1_D_1529,Cc1cnn(CCC(=O)NNC(=S)Nc2cnn(Cc3ccccc3C)c2)c1,0
ZINC02798272,DUD_fgfr1_D_1530,NC(=O)c1c(NC(=O)c2ccn(COc3ccccc3F)n2)sc2c1CCCCC2,0
ZINC02798384,DUD_fgfr1_D_1531,NC(=O)c1c(NC(=O)c2ccn(COc3ccccc3F)n2)sc2c1CCCCCC2,0
ZINC02798635,DUD_fgfr1_D_1532,Cc1cccc(OCc2ccc(C(=O)NNC(=S)Nc3cn(C)nc3C)o2)c1,0
ZINC02799058,DUD_fgfr1_D_1533,Cc1nn(C)cc1NC(=S)NNC(=O)c1ccc(COc2ccc(F)cc2)o1,0
ZINC02799701,DUD_fgfr1_D_1534,CC1(C)CC(NC(=O)c2ccn(COc3ccc([N+](=O)[O-])cc3Cl)n2)CC(C)(C)[NH2+]1,0
ZINC02801994,DUD_fgfr1_D_1535,O=C(Nc1ccc2nc(NC(=O)C3CCCCC3)sc2c1)c1ccc([N+](=O)[O-])cc1,0
ZINC02802718,DUD_fgfr1_D_1536,CCn1ncc(NC(=S)NNC(=O)c2ccc(Cn3nc(C)cc3C)o2)c1C,0
ZINC02803169,DUD_fgfr1_D_1537,O=C(NNC(=S)Nc1ccn(Cc2ccccc2F)n1)c1cc(C2CC2)n[nH]1,0
ZINC02803169,DUD_fgfr1_D_1538,O=C(NNC(=S)Nc1ccn(Cc2ccccc2F)n1)c1cc(C2CC2)[nH]n1,0
ZINC02805595,DUD_fgfr1_D_1539,CCCc1cc(=O)[nH]c(SCC(=O)Nc2nc3ccc(OCC)cc3s2)n1,0
ZINC02805595,DUD_fgfr1_D_1540,CCCc1cc(=O)nc(SCC(=O)Nc2nc3ccc(OCC)cc3s2)[nH]1,0
ZINC02805595,DUD_fgfr1_D_1541,CCCc1cc(O)nc(SCC(=O)Nc2nc3ccc(OCC)cc3s2)n1,0
ZINC02806786,DUD_fgfr1_D_1542,COc1ccc(NC(=O)c2ccccc2NC(=S)NC(=O)c2ccn(C)n2)cc1,0
ZINC02809051,DUD_fgfr1_D_1543,O=C(NCc1ccccc1)c1cccc(NC(=S)NC[C@H]2CCCO2)c1,0
ZINC02813240,DUD_fgfr1_D_1544,Cc1ccc(NC(=O)CSc2nc(N)c3c4c(sc3n2)CO[C@@H](C(C)C)C4)cc1,0
ZINC02825583,DUD_fgfr1_D_1545,Cc1cc(Cl)ccc1NC(=O)C[C@H]1S/C(=N/c2ccccc2)N(CCO)C1=O,0
ZINC02825585,DUD_fgfr1_D_1546,Cc1cc(Cl)ccc1NC(=O)C[C@@H]1S/C(=N/c2ccccc2)N(CCO)C1=O,0
ZINC02826687,DUD_fgfr1_D_1547,CCOc1ccc(N2C(=O)C[C@H]([NH2+]CCNC(=O)c3ccc(Cl)cc3)C2=O)cc1,0
ZINC02826688,DUD_fgfr1_D_1548,CCOc1ccc(N2C(=O)C[C@H]([NH2+]CCNC(=O)c3ccc(Cl)cc3)C2=O)cc1,0
ZINC02826927,DUD_fgfr1_D_1549,CCCCNS(=O)(=O)c1ccc(NC(=O)c2sc3ccccc3c2Cl)cc1,0
ZINC02827597,DUD_fgfr1_D_1550,CCCCNS(=O)(=O)c1ccc(NC(=O)c2cc(Cl)ccc2OC)cc1,0
ZINC02835320,DUD_fgfr1_D_1551,Cc1cccc(C(=O)Nc2nnc(SCC(=O)Nc3cccc(C)c3C)s2)c1,0
ZINC02835516,DUD_fgfr1_D_1552,CC(=O)Nc1cccc(-c2nnc(SCC(=O)Nc3cc(Cl)ccc3C)n2C)c1,0
ZINC02835549,DUD_fgfr1_D_1553,Cc1ccc(NC(=O)CSc2nnc(-c3ccc(N)cc3)n2C)cc1Cl,0
ZINC02836664,DUD_fgfr1_D_1554,CC[C@H](Sc1nnc(-c2ccc(NC(C)=O)cc2)n1C)C(=O)Nc1ccc(Cl)cc1,0
ZINC02836665,DUD_fgfr1_D_1555,CC[C@H](Sc1nnc(-c2ccc(NC(C)=O)cc2)n1C)C(=O)Nc1ccc(Cl)cc1,0
ZINC02836692,DUD_fgfr1_D_1556,CC[C@@H](Sc1nnc(-c2ccc(N)cc2)n1C)C(=O)Nc1ccc(Br)cc1,0
ZINC02836693,DUD_fgfr1_D_1557,CC[C@@H](Sc1nnc(-c2ccc(N)cc2)n1C)C(=O)Nc1ccc(Br)cc1,0
ZINC02836909,DUD_fgfr1_D_1558,CN(C)S(=O)(=O)c1cc(C(=O)NCCc2c[nH]c3ccccc23)c(Cl)cc1Cl,0
ZINC02838647,DUD_fgfr1_D_1559,O=C(CSc1nnc[nH]1)Nc1sc2c(c1C(=O)NCc1ccccc1)CCCC2,0
ZINC02841187,DUD_fgfr1_D_1560,Cc1cccc(C(=O)NCc2nnc(SCC(=O)Nc3ccccc3Cl)n2C)c1,0
ZINC02841541,DUD_fgfr1_D_1561,CC(C)CNS(=O)(=O)c1ccc(CCC(=O)Nc2ccc(Br)cc2)cc1,0
ZINC02841614,DUD_fgfr1_D_1562,Cc1cccc(-c2nnc(SCC(=O)Nc3cc(C)c(C)cc3Br)n2N)c1,0
ZINC02841630,DUD_fgfr1_D_1563,CC(C)Cc1nnc(SCC(=O)Nc2nc(-c3ccccc3)cs2)[nH]1,0
ZINC02842768,DUD_fgfr1_D_1564,CCOC(=O)c1ccc(NC(=O)CSc2nc3ccc(NC(C)=O)cc3s2)cc1,0
ZINC02842823,DUD_fgfr1_D_1565,CCCC(=O)Nc1ccc2nc(SCC(=O)Nc3cccc([N+](=O)[O-])c3)sc2c1,0
ZINC02842863,DUD_fgfr1_D_1566,Cc1ccc(S(=O)(=O)NCCSc2nnc(Nc3ccccc3)s2)cc1,0
ZINC02843317,DUD_fgfr1_D_1567,O=S(=O)(N[C@@H]1CCCC[C@H]1Sc1nnc(Nc2ccccc2)s1)c1ccccc1,0
ZINC02843319,DUD_fgfr1_D_1568,O=S(=O)(N[C@@H]1CCCC[C@H]1Sc1nnc(Nc2ccccc2)s1)c1ccccc1,0
ZINC02843635,DUD_fgfr1_D_1569,C=C(NNC(=O)c1c(Cl)c(C)nn1C)c1cccc(NC(=O)C2CCCC2)c1,0
ZINC02846614,DUD_fgfr1_D_1570,CCC(=O)Nc1ccc2nc(S[C@H](CC)C(=O)Nc3cccc([N+](=O)[O-])c3)sc2c1,0
ZINC02846615,DUD_fgfr1_D_1571,CCC(=O)Nc1ccc2nc(S[C@H](CC)C(=O)Nc3cccc([N+](=O)[O-])c3)sc2c1,0
ZINC02848081,DUD_fgfr1_D_1572,COc1ccc(Cl)cc1C(=O)Nc1ccc(S(=O)(=O)Nc2ccc(C)cc2)cc1,0
ZINC02850311,DUD_fgfr1_D_1573,Cc1ccc(NS(=O)(=O)c2ccc(NC(=O)c3ccc(Br)o3)cc2)c(C)c1,0
ZINC02850979,DUD_fgfr1_D_1574,COc1ccc(CCC(=O)NNC(=S)Nc2cccc(C(C)=O)c2)cc1,0
ZINC02851181,DUD_fgfr1_D_1575,C=CCn1c(SCC(=O)Nc2cc(Cl)ccc2OC)nnc1-c1ccccc1O,0
ZINC02851292,DUD_fgfr1_D_1576,CSc1cccc(NC(=O)CCc2ccc(S(=O)(=O)NC(C)(C)C)cc2)c1,0
ZINC02851402,DUD_fgfr1_D_1577,COc1ccc(OC)c(NC(=S)NNC(=O)[C@@H](C)Oc2ccc([N+](=O)[O-])cc2)c1,0
ZINC02851529,DUD_fgfr1_D_1578,C[C@@H](NC(=S)NNS(=O)(=O)c1ccc(C(C)(C)C)cc1)c1ccccc1,0
ZINC02851927,DUD_fgfr1_D_1579,CCOC(=O)c1ccc(NC(=S)NNC(=O)c2oc3ccccc3c2C)cc1,0
ZINC02852316,DUD_fgfr1_D_1580,Cc1ccc(S(=O)(=O)Nc2ccc(NC(=S)NC3CCCC3)cc2)cc1,0
ZINC02852485,DUD_fgfr1_D_1581,C=CCn1c(SCC(=O)Nc2cc(Cl)ccc2C)nnc1-c1ccccc1O,0
ZINC02852633,DUD_fgfr1_D_1582,CC(=O)c1ccc(NC(=S)NNC(=O)COc2ccc(C(C)(C)C)cc2)cc1,0
ZINC02852683,DUD_fgfr1_D_1583,CCCNS(=O)(=O)c1ccc(OCC(=O)Nc2ccccc2Br)cc1,0
ZINC02853216,DUD_fgfr1_D_1584,C=CCn1c(SCC(=O)Nc2cccc(SC)c2)nnc1-c1ccccc1O,0
ZINC02853897,DUD_fgfr1_D_1585,CCOc1ccccc1NC(=S)NNS(=O)(=O)c1c(C)cc(C)cc1C,0
ZINC02853898,DUD_fgfr1_D_1586,O=C(NC(=S)Nc1ccc(S(=O)(=O)NCCc2ccccc2)cc1)C1CC1,0
ZINC02855010,DUD_fgfr1_D_1587,COc1ccc(C)cc1NC(=S)NNC(=O)[C@@H](C)Oc1ccccc1OC,0
ZINC02855419,DUD_fgfr1_D_1588,C=CCn1c(SCC(=O)Nc2ccc3c(c2)OCCO3)nnc1-c1ccccc1O,0
ZINC02855448,DUD_fgfr1_D_1589,CC(=O)c1cccc(NC(=S)NNC(=O)[C@H]2C[C@@H]2c2ccc(C(C)(C)C)cc2)c1,0
ZINC02855484,DUD_fgfr1_D_1590,CC(C)(C)NS(=O)(=O)c1ccc(CCC(=O)Nc2ccc(F)c(Cl)c2)cc1,0
ZINC02855649,DUD_fgfr1_D_1591,COc1ccc(CCNC(=S)NNC(=O)c2ccc3c(c2)OCO3)cc1OC,0
ZINC02855752,DUD_fgfr1_D_1592,CCOc1ccc(C(=O)NNC(=S)Nc2cccc(C(C)=O)c2)cc1OCC,0
ZINC02855758,DUD_fgfr1_D_1593,Cc1ccc(-c2cc(C(=O)NNC(=S)NC[C@H]3CCCO3)c3ccccc3n2)o1,0
ZINC02855759,DUD_fgfr1_D_1594,Cc1ccc(-c2cc(C(=O)NNC(=S)NC[C@H]3CCCO3)c3ccccc3n2)o1,0
ZINC02855956,DUD_fgfr1_D_1595,COc1ccc(CCNC(=S)NNC(=O)c2oc3ccccc3c2C)cc1OC,0
ZINC02856900,DUD_fgfr1_D_1596,Cc1cc(=O)oc2cc(NC(=S)NNC(=O)[C@H](C)Oc3ccc4c(c3)CCC4)ccc12,0
ZINC02857624,DUD_fgfr1_D_1597,CCOC(=O)c1ccc(NC(=S)Nc2cnn(Cc3cccc(OC)c3)c2)cc1,0
ZINC02858034,DUD_fgfr1_D_1598,CCOC(=O)c1ccc(NC(=S)NNC(=O)c2ccc3c(c2)OCO3)cc1,0
ZINC02858593,DUD_fgfr1_D_1599,COc1ccc(NS(=O)(=O)c2ccc(NC(=S)NC3CCCCC3)cc2)cc1,0
ZINC02859232,DUD_fgfr1_D_1600,COc1ccc(-c2nnc(SCC(=O)Nc3nc(-c4ccccc4)c(C)s3)[nH]2)cc1,0
ZINC02859291,DUD_fgfr1_D_1601,C[C@@H](NC(=O)c1cccs1)c1nnc(SCC(=O)Nc2ccc(F)cc2)n1C,0
ZINC02866385,DUD_fgfr1_D_1602,COc1cc(OC)cc(-c2nnc(SCC(=O)Nc3cccc(Cl)c3)[nH]2)c1,0
ZINC02868208,DUD_fgfr1_D_1603,Cn1c(CC(=O)Nc2ccccc2)nnc1SCC(=O)Nc1cccc(F)c1,0
ZINC02868687,DUD_fgfr1_D_1604,COc1ccc(C(=O)NCc2nnc(SCC(=O)Nc3cccc(F)c3)n2C)cc1,0
ZINC02868733,DUD_fgfr1_D_1605,COc1cccc(NC(=O)Cc2nnc(SCC(=O)Nc3cccc(F)c3)n2C)c1,0
ZINC02868739,DUD_fgfr1_D_1606,O=C(Nc1ccccc1Cl)c1cccc(NC(=O)[C@H]2[C@@H]3C[C@H]4OC(=O)[C@H]2[C@@H]4C3)c1,0
ZINC02868962,DUD_fgfr1_D_1607,Cc1cc(S(=O)(=O)NC2CCCCC2)ccc1OCC(=O)Nc1ccccc1F,0
ZINC02871333,DUD_fgfr1_D_1608,C=CCn1c(SCC(=O)Nc2nc(C)cs2)nnc1-c1ccccc1O,0
ZINC02871597,DUD_fgfr1_D_1609,COc1ccc(C(=O)NC(=S)Nc2ccc(S(=O)(=O)NC(C)C)cc2)cc1,0
ZINC02872147,DUD_fgfr1_D_1610,COc1ccc(C(=O)NC(=S)NNC(=O)c2ccc(NC(=O)C(C)C)cc2)cc1,0
ZINC02872155,DUD_fgfr1_D_1611,CC(C)C(=O)Nc1ccc(C(=O)NNC(=S)NC(=O)c2cccs2)cc1,0
ZINC02872250,DUD_fgfr1_D_1612,COc1ccccc1NC(=O)CSc1nnc(CC(=O)Nc2ccc(F)cc2)n1C,0
ZINC02874490,DUD_fgfr1_D_1613,C=CCn1c(SCC(=O)Nc2ccc(OC)c(Cl)c2)nnc1-c1ccccc1O,0
ZINC02874501,DUD_fgfr1_D_1614,CSc1ccccc1NC(=O)c1ccc(C)c(S(=O)(=O)Nc2ccc(C)c(C)c2)c1,0
ZINC02874719,DUD_fgfr1_D_1615,COc1ccc(C)cc1NC(=O)c1ccc(Cl)c(S(=O)(=O)Nc2ccc(C)cc2)c1,0
ZINC02876332,DUD_fgfr1_D_1616,CCSc1ccccc1C(=O)Nc1ccc(S(=O)(=O)NC2CCCCC2)cc1,0
ZINC02876560,DUD_fgfr1_D_1617,O=C(Nc1ccc(S(=O)(=O)NC2CCCCC2)cc1)c1ccc(Br)cc1,0
ZINC02876637,DUD_fgfr1_D_1618,COc1cccc(NC(=O)c2ccc(Cl)c(S(=O)(=O)Nc3cccc(C)c3)c2)c1,0
ZINC02877194,DUD_fgfr1_D_1619,Cc1cc(S(=O)(=O)NC(C)C)ccc1OCC(=O)Nc1ccc(F)c(Cl)c1,0
ZINC02877221,DUD_fgfr1_D_1620,CCn1c(SCC(=O)Nc2ccc3c(c2)OCCO3)nnc1-c1ccccc1O,0
ZINC02877365,DUD_fgfr1_D_1621,O=C(CCSc1ccccc1)Nc1ccc(S(=O)(=O)NC2CCCCC2)cc1,0
ZINC02877526,DUD_fgfr1_D_1622,Cc1ccccc1NC(=O)Cc1nnc(SCC(=O)Nc2ccccc2F)n1C,0
ZINC02878116,DUD_fgfr1_D_1623,O=C(Nc1ccc(S(=O)(=O)NC2CCCCC2)cc1)c1cccc(Cl)c1,0
ZINC02878279,DUD_fgfr1_D_1624,Cc1ccc(NC(=O)c2cc(NC(=O)c3ccco3)ccc2N2CCOCC2)cc1Cl,0
ZINC02879253,DUD_fgfr1_D_1625,O=C(CSc1ccccc1)Nc1ccc(S(=O)(=O)NC2CCCCC2)cc1,0
ZINC02879625,DUD_fgfr1_D_1626,COc1ccc(NC(=O)c2ccc(C)c(S(=O)(=O)Nc3ccccc3C)c2)cc1Cl,0
ZINC02881064,DUD_fgfr1_D_1627,CSc1ccccc1NC(=O)c1ccc(C)c(S(=O)(=O)Nc2ccc(C)cc2C)c1,0
ZINC02881122,DUD_fgfr1_D_1628,Cc1cccc(NS(=O)(=O)c2cc(C(=O)Nc3cccc(Cl)c3C)ccc2C)c1,0
ZINC02881300,DUD_fgfr1_D_1629,CCn1c(CNC(=O)c2ccc(C)cc2)nnc1SCC(=O)Nc1cccc(F)c1,0
ZINC02881785,DUD_fgfr1_D_1630,CCOC(=O)c1cnc(SCC(=O)Nc2nc(-c3ccccc3)cs2)nc1N,0
ZINC02882870,DUD_fgfr1_D_1631,COC(=O)c1cc(NC(=O)CSc2nnc(-c3ccc(OC)cc3)[nH]2)ccc1Cl,0
ZINC02884292,DUD_fgfr1_D_1632,Cc1c(Cl)cccc1NC(=O)c1cccc(NC(=O)[C@@H]2[C@@H]3C[C@H]4OC(=O)[C@@H]2[C@@H]4C3)c1,0
ZINC02884650,DUD_fgfr1_D_1633,COc1ccc(C(=[NH2+])NOC(=O)c2c(-c3ccccc3Cl)noc2C)cc1OC,0
ZINC02884756,DUD_fgfr1_D_1634,CSc1ccccc1NC(=O)c1ccc(C)c(S(=O)(=O)Nc2cc(C)ccc2C)c1,0
ZINC02884948,DUD_fgfr1_D_1635,COc1cc(OC)cc(C(=O)Nc2ccc(NC(=O)c3cccs3)c(OC)c2)c1,0
ZINC02885161,DUD_fgfr1_D_1636,O=C(COc1ccc(S(=O)(=O)NC2CCCCC2)cc1Cl)Nc1ccc(F)cc1,0
ZINC02886293,DUD_fgfr1_D_1637,COc1ccc(NS(=O)(=O)c2ccc(NC(=S)NC(=O)C(C)(C)C)cc2)cc1,0
ZINC02886453,DUD_fgfr1_D_1638,CSc1cccc(NC(=O)COc2ccc(S(=O)(=O)Nc3ccc(C)cc3)cc2)c1,0
ZINC02886738,DUD_fgfr1_D_1639,CCOC(=O)c1cnc(SCC(=O)N2c3ccccc3S[C@H]3C=CC=C[C@H]32)nc1N,0
ZINC02887473,DUD_fgfr1_D_1640,Cc1cc(S(=O)(=O)NCC(C)C)ccc1OCC(=O)Nc1ccccc1C(F)(F)F,0
ZINC02887927,DUD_fgfr1_D_1641,C[C@H]1CCc2c(sc3ncn(CC(=O)N/N=C\c4c(O)ccc5ccccc45)c(=O)c23)C1,0
ZINC02887930,DUD_fgfr1_D_1642,C[C@H]1CCc2c(sc3ncn(CC(=O)N/N=C/c4c(O)ccc5ccccc45)c(=O)c23)C1,0
ZINC02888852,DUD_fgfr1_D_1643,Cc1cc(S(=O)(=O)NC2CCCCC2)ccc1OCC(=O)Nc1cccc(F)c1,0
ZINC02890504,DUD_fgfr1_D_1644,Cc1ccccc1NC(=O)COc1ccc(S(=O)(=O)NC(C)C)cc1Cl,0
ZINC02890712,DUD_fgfr1_D_1645,CCOc1ccccc1NC(=O)CSc1nnc(-c2cc(Br)ccc2O)[nH]1,0
ZINC02891039,DUD_fgfr1_D_1646,COc1ccc(-c2nnc(SCC(=O)Nc3cccc(SC)c3)[nH]2)cc1,0
ZINC02894573,DUD_fgfr1_D_1647,C[C@H](CCC(=O)Nc1nc2ccccc2s1)CC(=O)Nc1nc2ccccc2s1,0
ZINC02897891,DUD_fgfr1_D_1648,CCCCOC(=O)Nc1ccc(S(=O)(=O)Nc2cccc(Br)c2)cc1,0
ZINC02905647,DUD_fgfr1_D_1649,Cc1ccc(NC(=O)C[C@@H]2S/C(=N\N=C/c3sccc3C)NC2=O)cc1,0
ZINC02908683,DUD_fgfr1_D_1650,COc1ccc(Cn2c(SCC(=O)Nc3cc(C)n[nH]3)nc3ccsc3c2=O)cc1,0
ZINC02908683,DUD_fgfr1_D_1651,COc1ccc(Cn2c(SCC(=O)Nc3cc(C)[nH]n3)nc3ccsc3c2=O)cc1,0
ZINC02908683,DUD_fgfr1_D_1652,COc1ccc(Cn2c(SCC(=O)Nc3cc(C)[nH]n3)nc3ccsc3c2=O)cc1,0
ZINC02911948,DUD_fgfr1_D_1653,CCCSc1nnc2c(n1)O[C@H](c1cc(OC)c(O)c(OC)c1)Nc1ccccc1-2,0
ZINC02911950,DUD_fgfr1_D_1654,CCCSc1nnc2c(n1)O[C@H](c1cc(OC)c(O)c(OC)c1)Nc1ccccc1-2,0
ZINC02925593,DUD_fgfr1_D_1655,COc1ccc(CNC(=O)C2CCC(Cn3c(=S)[nH]c4ccsc4c3=O)CC2)cc1,0
ZINC02925597,DUD_fgfr1_D_1656,COc1ccc(NC(=O)C2CCC(Cn3c(=S)[nH]c4ccsc4c3=O)CC2)cc1,0
ZINC02928060,DUD_fgfr1_D_1657,Cc1ccc(NC(=O)C2CCC(CNS(=O)(=O)c3cccs3)CC2)c(C)c1,0
ZINC02932474,DUD_fgfr1_D_1658,O=C(NC[C@H]1CCCO1)c1ccc(Cn2c(=S)[nH]c3ccsc3c2=O)cc1,0
ZINC02938449,DUD_fgfr1_D_1659,O=C(NCCC1=CCCCC1)c1cccc(NS(=O)(=O)c2ccc(Cl)cc2)c1,0
ZINC02939431,DUD_fgfr1_D_1660,COc1ccc(NC(C)=O)cc1NC(=O)C[NH+]1CCN(c2ccc(Cl)cc2)CC1,0
ZINC02940208,DUD_fgfr1_D_1661,O=C(NC1CC1)c1ccc2c(c1)NC(=O)[C@H](CSCc1cccc(F)c1)N2,0
ZINC02940209,DUD_fgfr1_D_1662,O=C(NC1CC1)c1ccc2c(c1)NC(=O)[C@@H](CSCc1cccc(F)c1)N2,0
ZINC02940211,DUD_fgfr1_D_1663,O=C(NC1CC1)c1ccc2c(c1)NC(=O)[C@@H](CSCc1ccc(F)cc1)N2,0
ZINC02940212,DUD_fgfr1_D_1664,O=C(NC1CC1)c1ccc2c(c1)NC(=O)[C@H](CSCc1ccc(F)cc1)N2,0
ZINC02941798,DUD_fgfr1_D_1665,CC[NH+](CC)CCNC(=O)c1ccc(NC(=S)NC(=O)c2cccnc2)cc1,0
ZINC02948942,DUD_fgfr1_D_1666,COCCNC(=O)c1ccc(CNc2nc(=S)[nH]c3ccccc23)cc1,0
ZINC02948955,DUD_fgfr1_D_1667,O=C(NC[C@H]1CCCO1)c1ccc(CNc2nc(=S)[nH]c3ccccc23)cc1,0
ZINC02950155,DUD_fgfr1_D_1668,COc1cc(C(=O)N/N=C\c2c(Cl)[nH]c(=O)n2-c2ccccc2)cc(OC)c1OC,0
ZINC02953104,DUD_fgfr1_D_1669,CC(N/N=C1/N=C(O)[C@@H](CC(=O)Nc2ccccc2F)S1)=C1CCCCC1,0
ZINC02954675,DUD_fgfr1_D_1670,O=C(C[C@@H]1S/C(=N/NC2=CCCc3ccccc32)N=C1O)Nc1ccccc1F,0
ZINC02954970,DUD_fgfr1_D_1671,CC1(C)C(c2ccco2)=[N+]([O-])[C@@]2(CCCC=C2NNc2cccc(Cl)c2)N1O,0
ZINC02956746,DUD_fgfr1_D_1672,CC(N/N=C1/N=C(O)[C@@H](CC(=O)Nc2ccc(Cl)cc2)S1)=C1CCCCC1,0
ZINC02959583,DUD_fgfr1_D_1673,CC(C)OCCCNC(=O)c1ccc2c(c1)[nH]c(=S)n1c3ccccc3nc21,0
ZINC02959791,DUD_fgfr1_D_1674,COc1ccc(N2CC[NH+](CCCn3c(=S)[nH]c4ncccc4c3=O)CC2)cc1,0
ZINC02959858,DUD_fgfr1_D_1675,COC(=O)c1cccnc1NC(=S)NNC(=O)[C@@H](C)Oc1ccccc1OC,0
ZINC02960293,DUD_fgfr1_D_1676,CC(C)(CC(=O)OCc1cccc(Cl)c1)CC1=Nc2ccccc2S(=O)(=O)N1,0
ZINC02962018,DUD_fgfr1_D_1677,CCc1ccc(NC(=O)CSc2nc3c(sc4ccccc43)c(=O)n2CCO)cc1,0
ZINC02969737,DUD_fgfr1_D_1678,COCCn1c(=S)[nH]c2cc(C(=O)NCCc3c[nH]c4ccccc34)ccc2c1=O,0
ZINC02969738,DUD_fgfr1_D_1679,COCCNC(=O)c1ccc2c(=O)n(Cc3ccccc3Cl)c(=S)[nH]c2c1,0
ZINC02969739,DUD_fgfr1_D_1680,CC[NH+](CC)CCNC(=O)c1ccc2c(=O)n(Cc3ccccc3Cl)c(=S)[nH]c2c1,0
ZINC02969754,DUD_fgfr1_D_1681,COCCn1c(=S)[nH]c2cc(C(=O)NCCc3ccccc3)ccc2c1=O,0
ZINC02969760,DUD_fgfr1_D_1682,COCCn1c(=S)[nH]c2cc(C(=O)NCc3ccc4c(c3)OCO4)ccc2c1=O,0
ZINC02969819,DUD_fgfr1_D_1683,CC[NH+](CC)CCOC(=O)c1ccc(-n2c(=S)[nH]c3ccccc3c2=O)cc1,0
ZINC02970240,DUD_fgfr1_D_1684,O=C(NC[C@H]1CCCO1)c1ccc2c(=O)n(CCc3c[nH]c4ccccc34)c(=S)[nH]c2c1,0
ZINC02970351,DUD_fgfr1_D_1685,CC[NH+](CC)CCNC(=O)c1ccc2c(c1)[nH]c(=S)n1c3ccccc3nc21,0
ZINC02970841,DUD_fgfr1_D_1686,O=C(NCc1cccs1)c1ccc2c(=O)n(C[C@H]3CCCO3)c(=S)[nH]c2c1,0
ZINC02970854,DUD_fgfr1_D_1687,Cc1ccc(CNC(=O)c2ccc3c(=O)n(C[C@H]4CCCO4)c(=S)[nH]c3c2)cc1,0
ZINC02970856,DUD_fgfr1_D_1688,Cc1ccc(CNC(=O)c2ccc3c(=O)n(C[C@@H]4CCCO4)c(=S)[nH]c3c2)cc1,0
ZINC02970903,DUD_fgfr1_D_1689,CC[NH+](CC)CCNC(=O)c1ccc2c(=O)n(Cc3ccco3)c(=S)[nH]c2c1,0
ZINC02971113,DUD_fgfr1_D_1690,COc1ccc(NC(=O)C2CCC(Cn3c(=S)[nH]c4ccccc4c3=O)CC2)cc1,0
ZINC02971277,DUD_fgfr1_D_1691,CCOCCCNC(=O)c1ccc(-n2c(=S)[nH]c3ccccc3c2=O)cc1,0
ZINC02971412,DUD_fgfr1_D_1692,COc1ccc(NC(=O)CCCn2c(=S)[nH]c3ccccc3c2=O)cc1OC,0
ZINC02971796,DUD_fgfr1_D_1693,COc1ccc(OC)c(NC(=O)CCCn2c(=S)[nH]c3ccccc3c2=O)c1,0
ZINC02971801,DUD_fgfr1_D_1694,COc1cc(NC(=O)CCCn2c(=S)[nH]c3ccccc3c2=O)cc(OC)c1OC,0
ZINC02971846,DUD_fgfr1_D_1695,COc1ccccc1Cn1c(=S)[nH]c2cc(C(=O)NC3CCCC3)ccc2c1=O,0
ZINC02972148,DUD_fgfr1_D_1696,CCOCCCn1c(=S)[nH]c2cc(C(=O)NCc3ccc4c(c3)OCO4)ccc2c1=O,0
ZINC02972217,DUD_fgfr1_D_1697,CCOCCCn1c(=S)[nH]c2cc(C(=O)NCc3ccc(F)cc3)ccc2c1=O,0
ZINC02973491,DUD_fgfr1_D_1698,O=C(NCC[NH+]1CCCC1)c1ccc2c(=O)n(Cc3ccc(Cl)cc3)c(=S)[nH]c2c1,0
ZINC02973501,DUD_fgfr1_D_1699,COC(=O)c1ccc2c(=O)n(Cc3ccc(C(=O)NC(C)C)cc3)c(=S)[nH]c2c1,0
ZINC02973513,DUD_fgfr1_D_1700,COC(=O)c1ccc2c(=O)n(Cc3ccc(C(=O)NC4CCCC4)cc3)c(=S)[nH]c2c1,0
ZINC02975391,DUD_fgfr1_D_1701,CCCCNC(=O)c1ccc(Cn2c(=S)[nH]c3cc4c(cc3c2=O)OCO4)cc1,0
ZINC02975392,DUD_fgfr1_D_1702,CC(C)CCNC(=O)c1ccc(Cn2c(=S)[nH]c3cc4c(cc3c2=O)OCO4)cc1,0
ZINC02975448,DUD_fgfr1_D_1703,Cc1ccc(CNC(=O)c2ccc(Cn3c(=S)[nH]c4cc5c(cc4c3=O)OCO5)cc2)o1,0
ZINC02977953,DUD_fgfr1_D_1704,COc1ccc(NC(=O)Nc2nnc(Sc3ccc(N(C)C)cc3)s2)cc1,0
ZINC02986050,DUD_fgfr1_D_1705,COc1cc(Cl)cc(/C=C2/SC(=O)N(CC(=O)Nc3cccc(C)c3)C2=O)c1O,0
ZINC02997641,DUD_fgfr1_D_1706,CC(=O)Nc1ccc(S(=O)(=O)NCCOc2ccc(Cl)cc2C)cc1,0
ZINC02997982,DUD_fgfr1_D_1707,COc1ccccc1NC(=O)CSc1nnc(NC(=O)c2ccc(C)cc2)s1,0
ZINC03003725,DUD_fgfr1_D_1708,O=C(C[NH2+]CCO)Nc1sc2c(c1C(=O)Nc1ccc(Br)cc1)CCC2,0
ZINC03006199,DUD_fgfr1_D_1709,O=C(NCCc1ccc(Cl)cc1)c1ccc2c(c1)NC(=O)[C@@H]([NH+]1CCCCC1)S2,0
ZINC03006200,DUD_fgfr1_D_1710,O=C(NCCc1ccc(Cl)cc1)c1ccc2c(c1)NC(=O)[C@@H]([NH+]1CCCCC1)S2,0
ZINC03006212,DUD_fgfr1_D_1711,O=C(NCc1ccc(F)cc1)c1ccc2c(c1)NC(=O)[C@@H]([NH+]1CCCCC1)S2,0
ZINC03006214,DUD_fgfr1_D_1712,CCc1ccc(CNC(=O)c2ccc3c(c2)NC(=O)[C@@H]([NH+]2CCCCC2)S3)cc1,0
ZINC03008024,DUD_fgfr1_D_1713,CCN(CCNC(=O)c1ccc2c(c1)NC(=O)[C@H]([NH+]1CCCCC1)S2)c1ccccc1,0
ZINC03008025,DUD_fgfr1_D_1714,CCN(CCNC(=O)c1ccc2c(c1)NC(=O)[C@@H]([NH+]1CCCCC1)S2)c1ccccc1,0
ZINC03010211,DUD_fgfr1_D_1715,CC[NH+](CC)CCNC(=O)c1ccc(NC(=S)NC(=O)c2cccs2)cc1,0
ZINC03018658,DUD_fgfr1_D_1716,CCOC(=O)c1ccc(-n2c(N)c(C(=O)NCc3ccco3)sc2=S)cc1,0
ZINC03018709,DUD_fgfr1_D_1717,CCOC(=O)c1ccc(-n2c(N)c(C(=O)Nc3ccccc3OC)sc2=S)cc1,0
ZINC03021718,DUD_fgfr1_D_1718,CCN(CC)S(=O)(=O)c1ccc2[nH]c3nc(SCc4ccccc4F)nnc3c2c1,0
ZINC03022020,DUD_fgfr1_D_1719,O=C(Nc1ccccc1Cl)c1ccc(F)c(S(=O)(=O)NC2CCCCCC2)c1,0
ZINC03022137,DUD_fgfr1_D_1720,O=C(NC1CCCC1)c1ccc(CNS(=O)(=O)c2ccc(Cl)cc2)cc1,0
ZINC03022269,DUD_fgfr1_D_1721,C[C@H]1CCCC[C@@H]1NS(=O)(=O)c1cc(C(=O)Nc2cccc(Cl)c2)ccc1F,0
ZINC03022270,DUD_fgfr1_D_1722,C[C@H]1CCCC[C@@H]1NS(=O)(=O)c1cc(C(=O)Nc2cccc(Cl)c2)ccc1F,0
ZINC03022272,DUD_fgfr1_D_1723,C[C@H]1CCCC[C@H]1NS(=O)(=O)c1cc(C(=O)Nc2cccc(Cl)c2)ccc1F,0
ZINC03022273,DUD_fgfr1_D_1724,C[C@H]1CCCC[C@@H]1NS(=O)(=O)c1cc(C(=O)Nc2cccc(Cl)c2)ccc1F,0
ZINC03022277,DUD_fgfr1_D_1725,C[C@H]1CCC[C@H](NS(=O)(=O)c2cc(C(=O)Nc3cccc(Cl)c3)ccc2F)[C@@H]1C,0
ZINC03022428,DUD_fgfr1_D_1726,CCOc1ccccc1NC(=O)c1ccc(F)c(S(=O)(=O)NCc2cccs2)c1,0
ZINC03022585,DUD_fgfr1_D_1727,CCOc1ccc(NC(=O)c2ccc(F)c(S(=O)(=O)N[C@H]3CCCC[C@H]3C)c2)cc1,0
ZINC03022845,DUD_fgfr1_D_1728,COc1cccc(NC(=O)c2cc(S(=O)(=O)NC3CCCCCC3)ccc2F)c1,0
ZINC03022902,DUD_fgfr1_D_1729,O=C(NCC[NH+]1CCOCC1)c1ccc(CNC(=O)c2ccc(Br)cc2)cc1,0
ZINC03022917,DUD_fgfr1_D_1730,O=C(NCc1ccc(C(=O)NC[C@H]2CCCO2)cc1)c1ccc(Br)cc1,0
ZINC03022919,DUD_fgfr1_D_1731,O=C(NCc1ccc(C(=O)NC[C@@H]2CCCO2)cc1)c1ccc(Br)cc1,0
ZINC03022981,DUD_fgfr1_D_1732,Cc1ccc(NC(=O)c2ccc(F)c(S(=O)(=O)NC3CCCCCC3)c2)cc1F,0
ZINC03022989,DUD_fgfr1_D_1733,Cc1ccc(NC(=O)c2ccc(F)c(S(=O)(=O)N[C@@H]3CCCC[C@H]3C)c2)cc1F,0
ZINC03022992,DUD_fgfr1_D_1734,Cc1ccc(NC(=O)c2ccc(F)c(S(=O)(=O)N[C@@H]3CCCC[C@H]3C)c2)cc1F,0
ZINC03022993,DUD_fgfr1_D_1735,Cc1ccc(NC(=O)c2ccc(F)c(S(=O)(=O)N[C@H]3CCCC[C@H]3C)c2)cc1F,0
ZINC03022995,DUD_fgfr1_D_1736,Cc1ccc(NC(=O)c2ccc(F)c(S(=O)(=O)N[C@H]3CCCC[C@H]3C)c2)cc1F,0
ZINC03023148,DUD_fgfr1_D_1737,Cc1cccc(NC(=O)c2cc(S(=O)(=O)NCc3ccccc3Cl)ccc2F)c1C,0
ZINC03023159,DUD_fgfr1_D_1738,COc1ccccc1CNS(=O)(=O)c1ccc(F)c(C(=O)Nc2cccc(C)c2C)c1,0
ZINC03023388,DUD_fgfr1_D_1739,Cc1c(Cl)cccc1NC(=O)c1cc(S(=O)(=O)NC2CCCCC2)ccc1F,0
ZINC03023391,DUD_fgfr1_D_1740,Cc1c(Cl)cccc1NC(=O)c1cc(S(=O)(=O)N[C@H]2CCCC[C@@H]2C)ccc1F,0
ZINC03023393,DUD_fgfr1_D_1741,Cc1c(Cl)cccc1NC(=O)c1cc(S(=O)(=O)N[C@@H]2CCCC[C@H]2C)ccc1F,0
ZINC03023395,DUD_fgfr1_D_1742,Cc1c(Cl)cccc1NC(=O)c1cc(S(=O)(=O)N[C@H]2CCCC[C@H]2C)ccc1F,0
ZINC03023397,DUD_fgfr1_D_1743,Cc1c(Cl)cccc1NC(=O)c1cc(S(=O)(=O)N[C@H]2CCCC[C@H]2C)ccc1F,0
ZINC03023409,DUD_fgfr1_D_1744,Cc1c(Cl)cccc1NC(=O)c1cc(S(=O)(=O)NC2CCCCCC2)ccc1F,0
ZINC03023688,DUD_fgfr1_D_1745,Cc1ccc(NC(=O)c2cc(S(=O)(=O)NC3CCCCC3)ccc2F)cc1Cl,0
ZINC03023690,DUD_fgfr1_D_1746,Cc1ccc(NC(=O)c2cc(S(=O)(=O)NC3CCCC3)ccc2F)cc1Cl,0
ZINC03023700,DUD_fgfr1_D_1747,Cc1ccc(NC(=O)c2cc(S(=O)(=O)NC[C@H]3CCCO3)ccc2F)cc1Cl,0
ZINC03023702,DUD_fgfr1_D_1748,Cc1ccc(NC(=O)c2cc(S(=O)(=O)NC[C@H]3CCCO3)ccc2F)cc1Cl,0
ZINC03023706,DUD_fgfr1_D_1749,Cc1ccc(NC(=O)c2cc(S(=O)(=O)N[C@H]3CCCC[C@@H]3C)ccc2F)cc1Cl,0
ZINC03023708,DUD_fgfr1_D_1750,Cc1ccc(NC(=O)c2cc(S(=O)(=O)N[C@H]3CCCC[C@H]3C)ccc2F)cc1Cl,0
ZINC03023709,DUD_fgfr1_D_1751,Cc1ccc(NC(=O)c2cc(S(=O)(=O)N[C@@H]3CCCC[C@@H]3C)ccc2F)cc1Cl,0
ZINC03023712,DUD_fgfr1_D_1752,Cc1ccc(NC(=O)c2cc(S(=O)(=O)N[C@H]3CCCC[C@@H]3C)ccc2F)cc1Cl,0
ZINC03023777,DUD_fgfr1_D_1753,COc1ccccc1CNS(=O)(=O)c1ccc(F)c(C(=O)Nc2ccc(C)c(C)c2)c1,0
ZINC03023826,DUD_fgfr1_D_1754,C[C@H]1CCC[C@H](NS(=O)(=O)c2ccc(F)c(C(=O)Nc3cccc(Cl)c3)c2)[C@@H]1C,0
ZINC03023827,DUD_fgfr1_D_1755,O=C(Nc1cccc(Cl)c1)c1cc(S(=O)(=O)NCCC2=CCCCC2)ccc1F,0
ZINC03024188,DUD_fgfr1_D_1756,O=C(Nc1cccc(F)c1)c1cc(S(=O)(=O)NCCC2=CCCCC2)ccc1F,0
ZINC03024419,DUD_fgfr1_D_1757,O=C(Nc1ccccc1Cl)c1cc(S(=O)(=O)NC2CCCCCC2)ccc1F,0
ZINC03024428,DUD_fgfr1_D_1758,C[C@@H]1CCCC[C@H]1NS(=O)(=O)c1ccc(F)c(C(=O)Nc2ccccc2Cl)c1,0
ZINC03024429,DUD_fgfr1_D_1759,C[C@H]1CCCC[C@H]1NS(=O)(=O)c1ccc(F)c(C(=O)Nc2ccccc2Cl)c1,0
ZINC03024431,DUD_fgfr1_D_1760,C[C@@H]1CCCC[C@H]1NS(=O)(=O)c1ccc(F)c(C(=O)Nc2ccccc2Cl)c1,0
ZINC03024432,DUD_fgfr1_D_1761,C[C@@H]1CCCC[C@H]1NS(=O)(=O)c1ccc(F)c(C(=O)Nc2ccccc2Cl)c1,0
ZINC03024434,DUD_fgfr1_D_1762,C[C@H]1CCC[C@H](NS(=O)(=O)c2ccc(F)c(C(=O)Nc3ccccc3Cl)c2)[C@@H]1C,0
ZINC03024436,DUD_fgfr1_D_1763,O=C(Nc1ccccc1Cl)c1cc(S(=O)(=O)NCCC2=CCCCC2)ccc1F,0
ZINC03024523,DUD_fgfr1_D_1764,Cc1ccc(NC(=O)c2cc(S(=O)(=O)NCc3ccc(F)cc3)ccc2F)cc1C,0
ZINC03024593,DUD_fgfr1_D_1765,COc1ccccc1NC(=O)c1cc(S(=O)(=O)NC2CCCCCC2)ccc1F,0
ZINC03024611,DUD_fgfr1_D_1766,COc1ccccc1NC(=O)c1cc(S(=O)(=O)NCCC2=CCCCC2)ccc1F,0
ZINC03025144,DUD_fgfr1_D_1767,COc1ccc(CNS(=O)(=O)c2ccc(F)c(C(=O)Nc3ccc(C)c(F)c3)c2)cc1,0
ZINC03025149,DUD_fgfr1_D_1768,Cc1ccc(NC(=O)c2cc(S(=O)(=O)NCCC3=CCCCC3)ccc2F)cc1F,0
ZINC03025162,DUD_fgfr1_D_1769,Cc1ccc(NC(=O)c2cc(S(=O)(=O)NC3CCCCCC3)ccc2F)cc1F,0
ZINC03025283,DUD_fgfr1_D_1770,O=C(NC1CCCCCC1)c1ccc(CNS(=O)(=O)c2ccc(F)cc2)cc1,0
ZINC03025353,DUD_fgfr1_D_1771,O=C(NC1CCCC1)c1ccc(CNS(=O)(=O)c2ccc(Br)cc2)cc1,0
ZINC03025384,DUD_fgfr1_D_1772,CC(=O)Nc1cc(C(=O)N2CCC3(CC2)OCCO3)ccc1Nc1cccc(Cl)c1,0
ZINC03025417,DUD_fgfr1_D_1773,CC(=O)Nc1cc(C(=O)NC[C@@H]2CCCO2)ccc1Nc1cccc(Cl)c1,0
ZINC03025419,DUD_fgfr1_D_1774,CC(=O)Nc1cc(C(=O)NC[C@H]2CCCO2)ccc1Nc1cccc(Cl)c1,0
ZINC03028294,DUD_fgfr1_D_1775,C[NH+](C)CCCNS(=O)(=O)c1ccc(-n2ccc(-c3ccc(Cl)cc3)n2)cc1,0
ZINC03031143,DUD_fgfr1_D_1776,COc1ccc(CNS(=O)(=O)c2ccc(F)c(C(=O)Nc3cc(C)ccc3C)c2)cc1,0
ZINC03031204,DUD_fgfr1_D_1777,O=C(Nc1ccc(Cl)cc1)c1cc(S(=O)(=O)NC2CCCCCC2)ccc1F,0
ZINC03031214,DUD_fgfr1_D_1778,O=C(Nc1ccc(Cl)cc1)c1cc(S(=O)(=O)NCCC2=CCCCC2)ccc1F,0
ZINC03031237,DUD_fgfr1_D_1779,COc1ccc(CNS(=O)(=O)c2ccc(F)c(C(=O)Nc3c(C)cccc3C)c2)cc1,0
ZINC03031283,DUD_fgfr1_D_1780,CCc1cccc(C)c1NC(=O)c1cc(S(=O)(=O)NCc2ccc(C)cc2)ccc1F,0
ZINC03031287,DUD_fgfr1_D_1781,CCc1cccc(C)c1NC(=O)c1cc(S(=O)(=O)NCc2ccc(F)cc2)ccc1F,0
ZINC03031600,DUD_fgfr1_D_1782,Cc1cc(C)cc(NC(=O)c2cc(S(=O)(=O)NCc3ccc(F)cc3)ccc2F)c1,0
ZINC03031751,DUD_fgfr1_D_1783,COc1ccccc1CNS(=O)(=O)c1ccc(F)c(C(=O)Nc2cc(C)cc(C)c2)c1,0
ZINC03031778,DUD_fgfr1_D_1784,Cc1cc(C)c(NC(=O)c2cc(S(=O)(=O)NCc3ccc(F)cc3)ccc2F)c(C)c1,0
ZINC03032100,DUD_fgfr1_D_1785,Cc1cc(C)c(NC(=O)c2cc(S(=O)(=O)NCc3ccccc3)ccc2F)c(C)c1,0
ZINC03032339,DUD_fgfr1_D_1786,O=C(NCc1ccc(C(=O)NC[C@H]2CCCO2)cc1)c1cccc(Br)c1,0
ZINC03032341,DUD_fgfr1_D_1787,O=C(NCc1ccc(C(=O)NC[C@H]2CCCO2)cc1)c1cccc(Br)c1,0
ZINC03032343,DUD_fgfr1_D_1788,O=C(NCC[NH+]1CCOCC1)c1ccc(CNC(=O)c2cccc(Br)c2)cc1,0
ZINC03032345,DUD_fgfr1_D_1789,COC(CNC(=O)c1ccc(CNC(=O)c2cccc(Br)c2)cc1)OC,0
ZINC03032804,DUD_fgfr1_D_1790,C=CCNC(=O)c1ccc2c(c1)NC(=O)[C@@H](CSCc1ccc(F)cc1)N2,0
ZINC03032806,DUD_fgfr1_D_1791,C=CCNC(=O)c1ccc2c(c1)NC(=O)[C@H](CSCc1ccc(F)cc1)N2,0
ZINC03034371,DUD_fgfr1_D_1792,CCOC(=O)c1ccc(NC(=O)c2sc(=S)n(-c3cccc(OC)c3)c2N)cc1,0
ZINC03037062,DUD_fgfr1_D_1793,CCOc1ccc(CNC(=O)c2cc(=O)[nH]c3ccc(Br)cc23)cc1OC,0
ZINC03037064,DUD_fgfr1_D_1794,COc1ccc(CCNC(=O)c2cc(=O)[nH]c3ccc(Br)cc23)cc1OC,0
ZINC03042533,DUD_fgfr1_D_1795,O=C(NCC[NH+]1CCCCCC1)c1cc(=O)n(Cc2ccc(Cl)cc2)c2ccccc12,0
ZINC03043605,DUD_fgfr1_D_1796,COCCn1c(=S)[nH]c2cc(C(=O)NCc3ccc(C)cc3)ccc2c1=O,0
ZINC03043680,DUD_fgfr1_D_1797,CCCn1c(=S)[nH]c2cc(C(=O)N(CCO)Cc3ccccc3)ccc2c1=O,0
ZINC03043685,DUD_fgfr1_D_1798,COCCn1c(=S)[nH]c2cc(C(=O)NCc3ccc(OC)cc3)ccc2c1=O,0
ZINC03043687,DUD_fgfr1_D_1799,COCCn1c(=S)[nH]c2cc(C(=O)NCc3ccccc3OC)ccc2c1=O,0
ZINC03043737,DUD_fgfr1_D_1800,CC[N@@H+]1CCC[C@@H]1CNC(=O)c1ccc(-n2c(=S)[nH]c3ccccc3c2=O)cc1,0
ZINC03043740,DUD_fgfr1_D_1801,CC[N@@H+]1CCC[C@H]1CNC(=O)c1ccc(-n2c(=S)[nH]c3ccccc3c2=O)cc1,0
ZINC03043759,DUD_fgfr1_D_1802,CCCCNC(=O)c1ccc2c(=O)n(Cc3ccc4c(c3)OCO4)c(=S)[nH]c2c1,0
ZINC03043766,DUD_fgfr1_D_1803,COc1ccccc1Cn1c(=S)[nH]c2cc(C(=O)NCCC(C)C)ccc2c1=O,0
ZINC03043778,DUD_fgfr1_D_1804,COc1ccccc1Cn1c(=S)[nH]c2cc(C(=O)NCC[NH+](C)C)ccc2c1=O,0
ZINC03043783,DUD_fgfr1_D_1805,COCCCNC(=O)c1ccc2c(=O)n(Cc3ccccc3OC)c(=S)[nH]c2c1,0
ZINC03043801,DUD_fgfr1_D_1806,COc1cc(NC(=O)CCn2c(=S)[nH]c3ccccc3c2=O)cc(OC)c1OC,0
ZINC03043820,DUD_fgfr1_D_1807,C[NH+](C)CCNC(=O)c1ccc2c(=O)n(Cc3ccc(Cl)cc3)c(=S)[nH]c2c1,0
ZINC03043874,DUD_fgfr1_D_1808,CC(C)CCNC(=O)c1ccc2c(=O)n(Cc3ccc4c(c3)OCO4)c(=S)[nH]c2c1,0
ZINC03043876,DUD_fgfr1_D_1809,COc1ccccc1Cn1c(=S)[nH]c2cc(C(=O)NC[C@H]3CCCO3)ccc2c1=O,0
ZINC03043879,DUD_fgfr1_D_1810,COc1ccccc1Cn1c(=S)[nH]c2cc(C(=O)NC[C@H]3CCCO3)ccc2c1=O,0
ZINC03043916,DUD_fgfr1_D_1811,CC[NH+](CC)CCn1c(=S)[nH]c2cc(C(=O)NCc3ccc(F)cc3)ccc2c1=O,0
ZINC03045837,DUD_fgfr1_D_1812,Cc1c(C(=O)NCc2ccccc2Cl)oc2ccc(S(=O)(=O)N3CCCCC3)cc12,0
ZINC03045944,DUD_fgfr1_D_1813,CCCCNC(=O)c1ccc(NC(=S)N2C[C@@H]3C[C@@H](C2)c2cccc(=O)n2C3)cc1,0
ZINC03047711,DUD_fgfr1_D_1814,CC[C@@H](C)NC(=O)c1ccc(NC(=S)N2C[C@@H]3C[C@@H](C2)c2cccc(=O)n2C3)cc1,0
ZINC03047717,DUD_fgfr1_D_1815,CCN(CC)S(=O)(=O)c1ccc2oc(C(=O)Nc3cccc(Cl)c3)c(C)c2c1,0
ZINC03048581,DUD_fgfr1_D_1816,Cc1ccc(CNC(=O)c2sc3ccc(S(=O)(=O)N4CCCCC4)cc3c2N)cc1,0
ZINC03048801,DUD_fgfr1_D_1817,CC(=O)Nc1cc(C(=O)NCCC[NH+]2CCCCC2)ccc1Sc1ccc(F)cc1,0
ZINC03048868,DUD_fgfr1_D_1818,CC(=O)Nc1cc(C(=O)NCC[NH+]2CCCCCC2)ccc1Sc1ccc(F)cc1,0
ZINC03048874,DUD_fgfr1_D_1819,CC(=O)Nc1cc(C(=O)NCCC[NH+]2CCOCC2)ccc1Sc1ccc(F)cc1,0
ZINC03049102,DUD_fgfr1_D_1820,CC(=O)Nc1cc(C(=O)NC[C@@H]2CCCO2)ccc1Sc1ccc(F)cc1,0
ZINC03049110,DUD_fgfr1_D_1821,CC(=O)Nc1cc(C(=O)NCC[NH+](C)C)ccc1Sc1ccc(Cl)cc1,0
ZINC03049221,DUD_fgfr1_D_1822,CC(=O)Nc1cc(C(=O)NCc2ccc3c(c2)OCO3)ccc1Sc1ccc(C)cc1,0
ZINC03049441,DUD_fgfr1_D_1823,C=C1Nc2cc(C(=O)NCC[NH+]3CCOCC3)ccc2Sc2ccc(Cl)cc21,0
ZINC03049749,DUD_fgfr1_D_1824,O=C(/C=C1/Sc2ccccc2NC1=O)NCCC[NH+]1CCN(c2ccc(F)cc2)CC1,0
ZINC03051428,DUD_fgfr1_D_1825,O=C(NC1CCCCCCC1)c1ccc(CNS(=O)(=O)c2ccc(F)cc2)cc1,0
ZINC03051641,DUD_fgfr1_D_1826,O=C(NC[C@@H]1CCCO1)c1ccc2c(=O)n(Cc3ccc(Cl)cc3)c(=S)[nH]c2c1,0
ZINC03054074,DUD_fgfr1_D_1827,O=C1Nc2ccccc2S/C1=C\c1ccc(C(=O)NCC[NH+]2CCCCCC2)cc1,0
ZINC03054119,DUD_fgfr1_D_1828,CC1CC[NH+](CCCNC(=O)c2ccc(/C=C3\Sc4ccccc4NC3=O)cc2)CC1,0
ZINC03054204,DUD_fgfr1_D_1829,O=C1Nc2ccccc2S/C1=C/c1ccc(C(=O)NCC[NH+]2CCCC2)cc1,0
ZINC03063902,DUD_fgfr1_D_1830,C[C@H]1CCCC[N@@H+]1CCNC(=O)c1ccc2c(c1)NC(=O)/C(=C\c1ccccc1)S2,0
ZINC03065333,DUD_fgfr1_D_1831,CCCCNS(=O)(=O)c1ccc2nc(-c3cccs3)cc(C(=O)NC(C)C)c2c1,0
ZINC03065335,DUD_fgfr1_D_1832,CCCCNS(=O)(=O)c1ccc2nc(-c3cccs3)cc(C(=O)NC3CC3)c2c1,0
ZINC03071458,DUD_fgfr1_D_1833,C=C(NNC(=O)CC1(C)OCCO1)c1cccc(NC(=O)c2cccc(Cl)c2)c1,0
ZINC03080290,DUD_fgfr1_D_1834,CC(=O)Nc1ccc(NC(=O)CCC(=O)N/N=C/c2ccc(Cl)cc2)cc1,0
ZINC03082050,DUD_fgfr1_D_1835,C=C(CC(=O)Nc1cccc(Cl)c1C)NNC(=O)c1ccc(NC(C)=O)cc1,0
ZINC03084114,DUD_fgfr1_D_1836,COc1cccc(NC(=O)/C=C(\C)NNC(=O)c2ccc([N+](=O)[O-])c(Cl)c2)c1,0
ZINC03094177,DUD_fgfr1_D_1837,C/C(=C\C(=O)Nc1ccc2c(c1)OCCO2)NNC(=O)C(=O)Nc1ccc(C)c(Cl)c1,0
ZINC03095901,DUD_fgfr1_D_1838,C=C(CC(=O)Nc1ccc(Cl)cc1C)NNC(=O)[C@H](OC)c1ccccc1,0
ZINC03105061,DUD_fgfr1_D_1839,CCNS(=O)(=O)c1ccc(CCC(=O)Nc2cccc(Cl)c2C)cc1,0
ZINC03105559,DUD_fgfr1_D_1840,Cc1cc(OCC(=O)Nc2ccc(S(=O)(=O)NC(C)C)cc2)cc(C)c1Cl,0
ZINC03120508,DUD_fgfr1_D_1841,Cc1noc(-c2ccc(Cl)cc2)c1C(=O)ONC(=[NH2+])c1ccc(C(C)(C)C)cc1,0
ZINC03121438,DUD_fgfr1_D_1842,Nc1n(CC[NH+]2CCOCC2)c2ccccc2[n+]1CC(=O)c1ccc(Br)cc1,0
ZINC03135254,DUD_fgfr1_D_1843,Cc1onc(-c2c(F)cccc2Cl)c1C(=[NH2+])NOC(=O)c1ccc(C(C)(C)C)cc1,0
ZINC03178360,DUD_fgfr1_D_1844,O=C(Nc1ccc(Cl)cc1)C1=C(N2CCOCC2)/C(=C/c2ccc([N+](=O)[O-])cc2)CC1,0
ZINC03186069,DUD_fgfr1_D_1845,COc1ccc(OCC(=O)NN/C(C)=C\C(=O)Nc2ccc(Cl)cn2)cc1,0
ZINC03199719,DUD_fgfr1_D_1846,CCn1c(C)nc2cc(C(=O)NNC(=S)NC(=O)c3ccc(OC)cc3)ccc21,0
ZINC03207184,DUD_fgfr1_D_1847,CCn1c(C)nc2cc(C(=O)NNC(=S)Nc3ccc(OC)cc3)ccc21,0
ZINC03207191,DUD_fgfr1_D_1848,CCn1c(C)nc2cc(C(=O)NNC(=S)Nc3ccccc3OC)ccc21,0
ZINC03209029,DUD_fgfr1_D_1849,CCN(CC)S(=O)(=O)c1cccc(C(=O)NNC(=S)Nc2ccc(F)cc2)c1,0
ZINC03209956,DUD_fgfr1_D_1850,C=C(CCC(C)C)NNC(=O)c1cccc(S(=O)(=O)Nc2ccc(Cl)cc2)c1,0
ZINC03210740,DUD_fgfr1_D_1851,CC1=CC(NNC(=O)c2cccc(S(=O)(=O)Nc3ccc(Cl)cc3)c2)=CC1,0
ZINC03214861,DUD_fgfr1_D_1852,CC1(C)CC(NC(=O)c2ccccc2NS(=O)(=O)c2ccc(F)cc2)CC(C)(C)[NH2+]1,0
ZINC03215454,DUD_fgfr1_D_1853,CCOC(=O)CCn1cc(C=C2C(=O)NC(=S)NC2=O)c(-c2ccccc2)n1,0
ZINC03215978,DUD_fgfr1_D_1854,CCOC(=O)c1ccc(-c2csc(NC(=O)C[NH2+][C@H](C)c3ccccc3)n2)cc1,0
ZINC03218127,DUD_fgfr1_D_1855,COc1ccc(-c2nc(NC(=O)CSc3nc(C)cc(=O)[nH]3)sc2C)cc1,0
ZINC03218127,DUD_fgfr1_D_1856,COc1ccc(-c2nc(NC(=O)CSc3nc(C)cc(O)n3)sc2C)cc1,0
ZINC03218127,DUD_fgfr1_D_1857,COc1ccc(-c2nc(NC(=O)CSc3nc(=O)cc(C)[nH]3)sc2C)cc1,0
ZINC03218127,DUD_fgfr1_D_1858,COc1ccc(-c2nc(NC(=O)CSc3nc(C)cc(O)n3)sc2C)cc1,0
ZINC03220090,DUD_fgfr1_D_1859,COc1ccc(C(=O)Nc2nc3c(s2)C[N@H+](Cc2ccccc2)CC3)cc1[N+](=O)[O-],0
ZINC03220873,DUD_fgfr1_D_1860,COc1ccccc1-c1nnc(SCC(=O)Nc2cc(Cl)ccc2C)n1N,0
ZINC03221398,DUD_fgfr1_D_1861,Cc1cc(C)nc(NC(=O)CSc2nnc(Nc3cccc(C)c3C)s2)n1,0
ZINC03224626,DUD_fgfr1_D_1862,COc1cc(N)c(Cl)cc1C(=O)OCC(=O)Nc1nc(-c2ccccc2)cs1,0
ZINC03227128,DUD_fgfr1_D_1863,Cc1ccc(S(=O)(=O)NC(C)(C)CSc2nnc(Nc3ccccc3)s2)cc1,0
ZINC03228268,DUD_fgfr1_D_1864,CCCn1c(SCC(=O)Nc2ccccc2C(F)(F)F)nc2ccc(O)cc2c1=O,0
ZINC03228667,DUD_fgfr1_D_1865,Cc1ccc2nc(NC(=O)COC(=O)[C@H](NC(=O)c3ccc(F)cc3)C(C)C)sc2c1,0
ZINC03228795,DUD_fgfr1_D_1866,C=C(NNC(=S)Nc1ccc(S(=O)(=O)N(C)C)cc1)c1ccc(OC)cc1,0
ZINC03229416,DUD_fgfr1_D_1867,CCNC(=S)NNC(=O)c1ccccc1NS(=O)(=O)c1ccc(OCC)cc1,0
ZINC03229502,DUD_fgfr1_D_1868,NC1=C(c2nc(-c3ccc(Cl)cc3)cs2)C(=O)CN1CCC[NH+]1CCOCC1,0
ZINC03230819,DUD_fgfr1_D_1869,COc1ccccc1NS(=O)(=O)c1ccc(NC(=O)c2cc3c(s2)CCC3)cc1,0
ZINC03231073,DUD_fgfr1_D_1870,NC1=C(c2nc(-c3ccc(F)cc3)cs2)C(=O)CN1CCC[NH+]1CCOCC1,0
ZINC03231887,DUD_fgfr1_D_1871,O=C(NNC=C1CCCCC1)c1cccc(S(=O)(=O)Nc2ccc(Cl)cc2)c1,0
ZINC03232029,DUD_fgfr1_D_1872,CCN(CC)S(=O)(=O)c1ccc(Cl)c(C(=O)Nc2cc(C)nn2-c2ccccc2)c1,0
ZINC03232424,DUD_fgfr1_D_1873,C=C(NNC(=O)CSc1cc(C)c(Br)cc1C)c1cccc(NC(C)=O)c1,0
ZINC03234293,DUD_fgfr1_D_1874,C=C(NNC(=O)c1ccc(CSc2nncn2C)cc1)c1ccc2c(c1)OCCO2,0
ZINC03234868,DUD_fgfr1_D_1875,CC(=O)c1cccc(NC(=O)CSc2nnc(Nc3ccc(C)cc3)s2)c1,0
ZINC03234936,DUD_fgfr1_D_1876,COc1ccccc1NC(=O)CSc1nnc(Nc2ccc(C)c(C)c2)s1,0
ZINC03235161,DUD_fgfr1_D_1877,Cc1ccc(Nc2nnc(SCC(=O)Nc3ccc(N4CCOCC4)cc3)s2)cc1,0
ZINC03235179,DUD_fgfr1_D_1878,COc1ccc(NC(=O)CSc2nnc(Nc3ccc(C)cc3)s2)cc1OC,0
ZINC03235379,DUD_fgfr1_D_1879,COc1ccc(NS(=O)(=O)c2ccc(NC(=O)c3ccc(C)s3)cc2)cc1,0
ZINC03235802,DUD_fgfr1_D_1880,NC(=O)c1ccc(NC(=O)COC(=O)C2(c3ccc(Cl)cc3)CCCC2)cc1,0
ZINC03237908,DUD_fgfr1_D_1881,Cc1cccc(NC(=O)[C@H]2CC(=O)N=C(N/N=C/c3ccc(Cl)cc3)S2)c1,0
ZINC03239909,DUD_fgfr1_D_1882,O=C(N[C@@H](Cc1c[nH]c2ccccc12)C(=O)O[C@@H]1CCOC1=O)c1ccc(Cl)cc1,0
ZINC03240203,DUD_fgfr1_D_1883,CC1=CC(NNC(=O)c2ccc(NS(=O)(=O)c3cccs3)cc2)=CC(C)(C)C1,0
ZINC03240299,DUD_fgfr1_D_1884,C=C(NNC(=O)c1cccc(S(=O)(=O)N2CCCC2)c1)c1ccc(Cl)cc1,0
ZINC03240494,DUD_fgfr1_D_1885,CC(=O)Nc1ccc(NC(=O)[C@H](C)OC(=O)C2(c3ccc(Cl)cc3)CCCC2)cc1,0
ZINC03240835,DUD_fgfr1_D_1886,COc1ccccc1NC(=O)CSc1nnc(Nc2ccccc2OC)s1,0
ZINC03241582,DUD_fgfr1_D_1887,O=C(NCC1CCCCC1)c1ccc(NS(=O)(=O)c2ccc(F)c(F)c2)cc1,0
ZINC03243156,DUD_fgfr1_D_1888,Cc1nc2ccc(NC(=O)/C=C/C(=O)Nc3ccc4nc(C)sc4c3)cc2s1,0
ZINC03245626,DUD_fgfr1_D_1889,CC(=O)Nc1ccc(NC(=O)[C@@H](C)OC(=O)CCc2nc3ccccc3s2)cc1,0
ZINC03246824,DUD_fgfr1_D_1890,COc1cc(N)c(Cl)cc1C(=O)OCC(=O)Nc1ccc(N2CCOCC2)cc1,0
ZINC03247299,DUD_fgfr1_D_1891,O=C(CC[NH+]1CCN(c2ccccc2)CC1)N/N=C\c1cc(Br)ccc1O,0
ZINC03247334,DUD_fgfr1_D_1892,C=C(NNC(=O)c1cccc(S(=O)(=O)N2CCCC2)c1)c1ccc(Cl)cc1Cl,0
ZINC03248482,DUD_fgfr1_D_1893,COc1ccccc1[C@H]1CC(=O)NC(SCC(=O)Nc2cccc(Cl)c2C)=C1C#N,0
ZINC03248484,DUD_fgfr1_D_1894,COc1ccccc1[C@H]1CC(=O)NC(SCC(=O)Nc2cccc(Cl)c2C)=C1C#N,0
ZINC03248531,DUD_fgfr1_D_1895,Cc1ccc(Nc2nnc(SCC(=O)Nc3ccc4c(c3)OCCO4)s2)cc1,0
ZINC03249953,DUD_fgfr1_D_1896,CC(=O)Nc1ccc(NC(=O)COC(=O)c2sc3ccccc3c2Cl)cc1,0
ZINC03250581,DUD_fgfr1_D_1897,CC(=O)Nc1ccc(NC(=O)[C@@H](C)OC(=O)C2(c3ccc(F)cc3)CCCC2)cc1,0
ZINC03250618,DUD_fgfr1_D_1898,S=C(NCC[NH+]1CCOCC1)N/N=C\c1c2ccccc2cc2ccccc12,0
ZINC03251977,DUD_fgfr1_D_1899,CC(C)N(C(=O)CSc1nc2sc3c(c2c(=O)n1N)CCCC3)c1ccccc1,0
ZINC03252463,DUD_fgfr1_D_1900,CC(C)(C)c1ccc(-c2nnc(SCC(=O)N3CCCc4ccccc43)n2N)cc1,0
ZINC03255191,DUD_fgfr1_D_1901,Cc1ccc(F)cc1S(=O)(=O)Nc1cccc(C(=O)NCCC2=CCCCC2)c1,0
ZINC03256777,DUD_fgfr1_D_1902,O=S(=O)(c1ccc(NC(=S)NCCCc2ccccc2)cc1)N1CCOCC1,0
ZINC03257386,DUD_fgfr1_D_1903,O=C(NC1CCCCCC1)c1ccc(NS(=O)(=O)c2ccc(F)c(F)c2)cc1,0
ZINC03258704,DUD_fgfr1_D_1904,CCCc1cc(=O)[nH]c(SCC(=O)Nc2nc(-c3ccccc3)cs2)n1,0
ZINC03258704,DUD_fgfr1_D_1905,CCCc1cc(O)nc(SCC(=O)Nc2nc(-c3ccccc3)cs2)n1,0
ZINC03258704,DUD_fgfr1_D_1906,CCCc1cc(=O)nc(SCC(=O)Nc2nc(-c3ccccc3)cs2)[nH]1,0
ZINC03258704,DUD_fgfr1_D_1907,CCCc1cc(O)nc(SCC(=O)Nc2nc(-c3ccccc3)cs2)n1,0
ZINC03259020,DUD_fgfr1_D_1908,CC(=O)Nc1ccc(NC(=O)COC(=O)C2(c3ccc(Cl)cc3)CCCC2)cc1,0
ZINC03259637,DUD_fgfr1_D_1909,C=C(NNC(=O)c1cccc(S(=O)(=O)N2CCCC2)c1)c1ccc(Cl)s1,0
ZINC03263275,DUD_fgfr1_D_1910,COc1cccc(NC(=O)CSc2nnc(Nc3c(C)cccc3C)s2)c1,0
ZINC03263689,DUD_fgfr1_D_1911,COc1cc(N)c(Cl)cc1C(=O)OCC(=O)Nc1ccc(C(C)(C)C)cc1,0
ZINC03263983,DUD_fgfr1_D_1912,Cc1ccccc1Nc1nnc(SCC(=O)Nc2ccc3c(c2)OCCO3)s1,0
ZINC03265475,DUD_fgfr1_D_1913,NS(=O)(=O)c1ccc(CCn2c(-c3ccccc3)nc(=S)c3c2CCCC3)cc1,0
ZINC03270100,DUD_fgfr1_D_1914,C[C@@H]1Cc2ccccc2N1C(=O)CSc1nnc(-c2ccc(C(C)(C)C)cc2)n1N,0
ZINC03270102,DUD_fgfr1_D_1915,C[C@@H]1Cc2ccccc2N1C(=O)CSc1nnc(-c2ccc(C(C)(C)C)cc2)n1N,0
ZINC03270534,DUD_fgfr1_D_1916,COc1cc(SC)ccc1C(=O)O[C@@H](C)C(=O)Nc1ccc(NC(C)=O)cc1,0
ZINC03271146,DUD_fgfr1_D_1917,CC(C)C[C@H](C(=O)OCC(=O)Nc1cccc(Cl)c1)N1C(=O)[C@H]2CC=CC[C@@H]2C1=O,0
ZINC03271177,DUD_fgfr1_D_1918,Cc1ccc(-c2nnc(SCC(=O)Nc3ccc(C)cc3Cl)n2N)cc1,0
ZINC03272447,DUD_fgfr1_D_1919,Cc1ccc(-c2nnc(SCC(=O)Nc3ccc(C(C)C)cc3)n2N)cc1,0
ZINC03272482,DUD_fgfr1_D_1920,Cc1ccc(-c2nnc(SCC(=O)Nc3ccc(C)c(Cl)c3)n2N)cc1,0
ZINC03275928,DUD_fgfr1_D_1921,CSc1ccc(Cl)c(C(=O)O[C@@H](C)C(=O)Nc2ccc(NC(C)=O)cc2)c1,0
ZINC03275931,DUD_fgfr1_D_1922,CSc1ccc(Cl)c(C(=O)O[C@H](C)C(=O)Nc2ccc(NC(C)=O)cc2)c1,0
ZINC03276664,DUD_fgfr1_D_1923,CCOC(=O)N1CC=C(NNC(=O)CSc2nc3ccccc3s2)CC1,0
ZINC03278711,DUD_fgfr1_D_1924,Cc1ccc(NS(=O)(=O)c2ccc(Cl)c(C(=O)NCc3ccco3)c2)cc1C,0
ZINC03279755,DUD_fgfr1_D_1925,Cc1ccc(-n2c(=O)/c(=C\c3ccccc3OC(F)F)s/c2=C(\C#N)C(N)=O)c(C)c1,0
ZINC03282296,DUD_fgfr1_D_1926,CCc1cccc(CC)c1NC(=O)CSc1nnc(-c2ccc(C)cc2)n1N,0
ZINC03282575,DUD_fgfr1_D_1927,CCOC(=O)c1cc(-c2ccccc2)sc1NC(=O)[C@@H](C)Sc1nnc(N)[nH]1,0
ZINC03283140,DUD_fgfr1_D_1928,COc1ccccc1-c1nnc(SCC(=O)Nc2ccc(Br)c(C)c2)n1N,0
ZINC03283143,DUD_fgfr1_D_1929,COc1ccccc1-c1nnc(SCC(=O)Nc2ccc(C)cc2Cl)n1N,0
ZINC03283942,DUD_fgfr1_D_1930,C=C(NNC(=O)c1cccc(S(=O)(=O)N(CC)CC)c1)c1ccc(Cl)s1,0
ZINC03285104,DUD_fgfr1_D_1931,CCNc1nc(NCC)nc(-n2cc(C(=O)c3cc(Cl)ccc3O)cn2)n1,0
ZINC03285674,DUD_fgfr1_D_1932,C=C(NNC(=O)c1cccc(S(=O)(=O)N(CC)CC)c1)c1ccccc1OC(F)F,0
ZINC03287372,DUD_fgfr1_D_1933,C[C@@]1(CCc2ccccc2)NC(=O)N(CC(=O)Nc2ccc3c(c2)OC(F)(F)O3)C1=O,0
ZINC03292475,DUD_fgfr1_D_1934,CSc1nc2ccc(N[C@H](C)C(=O)Nc3cccc(C(C)=O)c3)cc2s1,0
ZINC03292477,DUD_fgfr1_D_1935,CSc1nc2ccc(N[C@@H](C)C(=O)Nc3cccc(C(C)=O)c3)cc2s1,0
ZINC03292912,DUD_fgfr1_D_1936,Cc1cc(C)nc(SCc2ccc(C(=O)NNC3=CC(=O)CCC3)cc2)n1,0
ZINC03292972,DUD_fgfr1_D_1937,O=C1C=C(NNC(=O)c2ccc(CSc3nc4ccccc4s3)cc2)CCC1,0
ZINC03293265,DUD_fgfr1_D_1938,CCOC(=O)c1c(C)[nH]c(C)c1C(=O)CSc1nnc(-c2cccs2)n1N,0
ZINC03294896,DUD_fgfr1_D_1939,Cc1ccc(NC(=O)CSc2nnc(Cc3cccc4ccccc34)n2N)cc1F,0
ZINC03295779,DUD_fgfr1_D_1940,CCc1cccc(C)c1NC(=O)CSc1nnc(-c2ccc(Cl)cc2)n1N,0
ZINC03295782,DUD_fgfr1_D_1941,CCOC(=O)c1c(C)[nH]c(C)c1C(=O)CSc1nnc(-c2ccc(Cl)cc2)n1N,0
ZINC03296295,DUD_fgfr1_D_1942,CC(C)N(C(=O)CSc1nc2scc(-c3ccccc3)c2c(=O)n1N)C(C)C,0
ZINC03297675,DUD_fgfr1_D_1943,Nc1cc(C(=O)OCC(=O)Nc2ccc(N3CCCCC3)cc2)ccc1Cl,0
ZINC03298028,DUD_fgfr1_D_1944,O=[N+]([O-])c1cc(/C=N/NC(=S)NC[C@@H]2CCCO2)ccc1Sc1ncccn1,0
ZINC03299828,DUD_fgfr1_D_1945,Cc1cc(NS(=O)(=O)c2ccc(NC(=O)c3cccc(OC(F)F)c3)cc2)nc(C)n1,0
ZINC03302159,DUD_fgfr1_D_1946,Cc1ccc(NS(=O)(=O)c2ccc(C(=O)Nc3nc(C(C)(C)C)cs3)cc2)cc1,0
ZINC03302782,DUD_fgfr1_D_1947,CC(=O)Nc1ccc(NC(=O)[C@@H](C)OC(=O)COc2ccccc2Cl)cc1,0
ZINC03302784,DUD_fgfr1_D_1948,CC(=O)Nc1ccc(NC(=O)[C@@H](C)OC(=O)COc2ccccc2Cl)cc1,0
ZINC03303016,DUD_fgfr1_D_1949,C=C(NNC(=O)c1cccc(S(=O)(=O)Nc2ccc(C)cc2C)c1)c1cccs1,0
ZINC03303039,DUD_fgfr1_D_1950,COc1ccc(Cl)cc1NC(=O)CN1C(=O)N[C@H](Cc2c[nH]c3ccccc23)C1=O,0
ZINC03303041,DUD_fgfr1_D_1951,COc1ccc(Cl)cc1NC(=O)CN1C(=O)N[C@H](Cc2c[nH]c3ccccc23)C1=O,0
ZINC03303652,DUD_fgfr1_D_1952,CC(=O)Nc1ccc(NC(=O)[C@H](C)OC(=O)COc2ccc(Cl)cc2)cc1,0
ZINC03303654,DUD_fgfr1_D_1953,CC(=O)Nc1ccc(NC(=O)[C@@H](C)OC(=O)COc2ccc(Cl)cc2)cc1,0
ZINC03304307,DUD_fgfr1_D_1954,CC(=O)c1ccc(NC(=O)CSc2nnc(NC3CCCCC3)s2)cc1,0
ZINC03305752,DUD_fgfr1_D_1955,Cc1ccc(Cl)cc1NC(=O)CNc1ccc(S(=O)(=O)N2CCCCC2)cc1,0
ZINC03309290,DUD_fgfr1_D_1956,CCOC(=O)c1cc(-c2ccccc2)sc1NC(=O)[C@H](C)Sc1nnc(N)s1,0
ZINC03309291,DUD_fgfr1_D_1957,CCOC(=O)c1cc(-c2ccccc2)sc1NC(=O)[C@@H](C)Sc1nnc(N)s1,0
ZINC03309315,DUD_fgfr1_D_1958,COc1cc(Cl)c(C)cc1NC(=O)COC(=O)C1=CCC(=O)N(c2ccccc2)N1,0
ZINC03309787,DUD_fgfr1_D_1959,CCC1(CC)NC(=O)N(CC(=O)N2NC(c3ccc(Cl)cc3)=C[C@H]2c2ccco2)C1=O,0
ZINC03309788,DUD_fgfr1_D_1960,CCC1(CC)NC(=O)N(CC(=O)N2NC(c3ccc(Cl)cc3)=C[C@H]2c2ccco2)C1=O,0
ZINC03311798,DUD_fgfr1_D_1961,CC1=CC(NNC(=O)c2cccc(S(=O)(=O)Nc3ccc(Cl)cc3)c2)=CC(C)(C)C1,0
ZINC03313875,DUD_fgfr1_D_1962,O=C(NNC1=CCCCC1)c1cccc(S(=O)(=O)Nc2cccc(Cl)c2)c1,0
ZINC03315768,DUD_fgfr1_D_1963,O=C(COC(=O)C1=CCC(=O)N(c2ccccc2)N1)Nc1ccc(OC(F)F)cc1,0
ZINC03316599,DUD_fgfr1_D_1964,Cc1ccc(NC(=O)COC(=O)CCc2nc3ccccc3c(=O)[nH]2)c(Br)c1,0
ZINC03316599,DUD_fgfr1_D_1965,Cc1ccc(NC(=O)COC(=O)CCc2nc(O)c3ccccc3n2)c(Br)c1,0
ZINC03319237,DUD_fgfr1_D_1966,COc1ccc(Nc2nnc(SCC(=O)Nc3ccc4c(c3)OCCO4)s2)cc1,0
ZINC03321975,DUD_fgfr1_D_1967,Nc1c(C(=O)NCC[NH+]2CCOCC2)c2nc3ccccc3nc2n1-c1cccc(F)c1,0
ZINC03325283,DUD_fgfr1_D_1968,Nn1c(SCC(=O)Nc2ccccc2Sc2ccc(Cl)cc2)nnc1C1CC1,0
ZINC03325662,DUD_fgfr1_D_1969,Cc1nc(NCCc2ccc(S(N)(=O)=O)cc2)c2c3c(sc2n1)C[C@@H](C)CC3,0
ZINC03327693,DUD_fgfr1_D_1970,Cc1cccc(Nc2nnc(SCc3cccc(S(=O)(=O)N(C)C)c3)s2)c1C,0
ZINC03332527,DUD_fgfr1_D_1971,Cc1cc(C)n2nc(SCc3nc(N)nc(Nc4ccccc4C)n3)nc2n1,0
ZINC03332903,DUD_fgfr1_D_1972,CCC(=O)Nc1ccc(C(=O)CSc2nnc(-c3ccccc3F)[nH]2)cc1,0
ZINC03333093,DUD_fgfr1_D_1973,CN(C)c1ccc([C@H]2[NH2+]C[C@H](CSc3nnc(Nc4ccccc4F)s3)O2)cc1,0
ZINC03333096,DUD_fgfr1_D_1974,CN(C)c1ccc([C@@H]2[NH2+]C[C@H](CSc3nnc(Nc4ccccc4F)s3)O2)cc1,0
ZINC03333098,DUD_fgfr1_D_1975,CN(C)c1ccc([C@@H]2[NH2+]C[C@@H](CSc3nnc(Nc4ccccc4F)s3)O2)cc1,0
ZINC03333100,DUD_fgfr1_D_1976,CN(C)c1ccc([C@H]2[NH2+]C[C@H](CSc3nnc(Nc4ccccc4F)s3)O2)cc1,0
ZINC03334123,DUD_fgfr1_D_1977,Cc1ccc(N/N=C2/C(=O)C(c3nc4ccccc4s3)=C(N)N2C[C@@H](C)O)cc1,0
ZINC03336919,DUD_fgfr1_D_1978,Cc1nnc(SCC(=O)c2cc(C)n(-c3ccc(Br)cc3)c2C)n(N)c1=O,0
ZINC03337144,DUD_fgfr1_D_1979,CC(=O)Nc1ccc(-c2csc(NC(=O)CCCc3cccs3)n2)cc1,0
ZINC03338269,DUD_fgfr1_D_1980,CCOC(=O)c1ccccc1NC(=O)CSc1nnc(-c2ccc(Cl)cc2)n1N,0
ZINC03340663,DUD_fgfr1_D_1981,CC(=O)c1ccc(NC(=O)CSc2nnc(Nc3ccccc3C)s2)cc1,0
ZINC03340863,DUD_fgfr1_D_1982,Cc1cccc(C)c1Nc1nnc(SCC(=O)c2ccc3c(c2)NC(=O)CO3)s1,0
ZINC03341312,DUD_fgfr1_D_1983,O=C(COC(=O)CCc1nc2ccccc2c(=O)[nH]1)Nc1ccccc1OC(F)F,0
ZINC03341312,DUD_fgfr1_D_1984,O=C(COC(=O)CCc1nc(=O)c2ccccc2[nH]1)Nc1ccccc1OC(F)F,0
ZINC03341312,DUD_fgfr1_D_1985,O=C(COC(=O)CCc1nc(O)c2ccccc2n1)Nc1ccccc1OC(F)F,0
ZINC03343041,DUD_fgfr1_D_1986,COc1ccc(Br)c(C(=O)OCC(=O)Nc2ccc(NC(C)=O)cc2)c1,0
ZINC03343924,DUD_fgfr1_D_1987,O=C(CNc1ccc(Cl)cc1F)Nc1ccc(S(=O)(=O)N2CCCC2)cc1,0
ZINC03344386,DUD_fgfr1_D_1988,CC(C)(C)c1ccc(-c2nnc(SCC(=O)Nc3ccc(OC(F)F)cc3)n2N)cc1,0
ZINC03344720,DUD_fgfr1_D_1989,Cc1ccc(NC(=O)COC(=O)C2=CCC(=O)N(c3ccccc3)N2)c(Br)c1,0
ZINC03345254,DUD_fgfr1_D_1990,COc1ccc(OC)c(NC(=O)CSc2nnc(Nc3cccc(C)c3)s2)c1,0
ZINC03346298,DUD_fgfr1_D_1991,COc1ccc(Cl)cc1N1C(=O)C[C@H](NNC(=O)Cc2c[nH]c3ccccc23)C1=O,0
ZINC03346300,DUD_fgfr1_D_1992,COc1ccc(Cl)cc1N1C(=O)C[C@@H](NNC(=O)Cc2c[nH]c3ccccc23)C1=O,0
ZINC03346361,DUD_fgfr1_D_1993,Nn1c(SCC(=O)Nc2cc(Cl)ccc2Oc2ccccc2)nnc1C1CC1,0
ZINC03346764,DUD_fgfr1_D_1994,Cc1ccc(NC(=O)CN2C(=O)N[C@@](C)(CCc3ccccc3)C2=O)cc1Cl,0
ZINC03346766,DUD_fgfr1_D_1995,Cc1ccc(NC(=O)CN2C(=O)N[C@@](C)(CCc3ccccc3)C2=O)cc1Cl,0
ZINC03346835,DUD_fgfr1_D_1996,COc1ccc(NS(=O)(=O)c2cc(C(=O)Nc3ccc(Cl)cc3)ccc2C)cc1,0
ZINC03347212,DUD_fgfr1_D_1997,COc1ccc(NC(=O)CSc2nnc(Nc3c(C)cccc3C)s2)c(OC)c1,0
ZINC03347666,DUD_fgfr1_D_1998,CC1(C)C(=O)Nc2ccccc2N1C(=O)COC(=O)CCSc1ccc(Cl)cc1,0
ZINC03347687,DUD_fgfr1_D_1999,COc1ccccc1-c1nnc(SCC(=O)c2cc(C)n(-c3ccc(C)cc3)c2C)n1N,0
ZINC03347834,DUD_fgfr1_D_2000,CCn1c(SCc2nc(N)nc(Nc3ccccc3C)n2)nnc1-c1cccs1,0
ZINC03348037,DUD_fgfr1_D_2001,COc1ccccc1Nc1nnc(SCC(=O)c2ccc(NC(C)=O)cc2)s1,0
ZINC03348395,DUD_fgfr1_D_2002,COc1ccc(Cl)cc1NC(=O)C[N@H+](C)CC(=O)Nc1cccc2ccccc12,0
ZINC03348945,DUD_fgfr1_D_2003,CC(C)(C)c1ccc(C(=S)NCCc2ccc(S(N)(=O)=O)cc2)cc1,0
ZINC03349489,DUD_fgfr1_D_2004,COc1cc(S(=O)(=O)Nc2ccc(Cl)cc2)ccc1NC(=O)CC(C)(C)C,0
ZINC03356656,DUD_fgfr1_D_2005,Cc1cc(NC(=O)COc2ccc3c(=O)c(-c4c(F)cccc4Cl)c(C)oc3c2)no1,0
ZINC03357918,DUD_fgfr1_D_2006,COc1ccc(NC(=O)c2ccc(C)s2)cc1NS(=O)(=O)c1ccc(F)cc1,0
ZINC03358574,DUD_fgfr1_D_2007,CCc1ccc2nc(NC(=O)c3ccc(CSc4nnc[nH]4)cc3)sc2c1,0
ZINC03358843,DUD_fgfr1_D_2008,Cc1ccc(Nc2nnc(SCc3nc4ccccc4c(=O)[nH]3)s2)cc1C,0
ZINC03359362,DUD_fgfr1_D_2009,Cc1cc(C)cc(-n2c(SCC[NH2+]CCO)nnc2-c2ccc(Br)cc2)c1,0
ZINC03359496,DUD_fgfr1_D_2010,Cc1csc(NC(=O)c2cccc(S(=O)(=O)N[C@H]3CCCc4ccccc43)c2)n1,0
ZINC03359498,DUD_fgfr1_D_2011,Cc1csc(NC(=O)c2cccc(S(=O)(=O)N[C@H]3CCCc4ccccc43)c2)n1,0
ZINC03361085,DUD_fgfr1_D_2012,CC(C)(C)NS(=O)(=O)c1cc(C(=O)N[C@H]2CCCc3ccccc32)ccc1Cl,0
ZINC03361087,DUD_fgfr1_D_2013,CC(C)(C)NS(=O)(=O)c1cc(C(=O)N[C@H]2CCCc3ccccc32)ccc1Cl,0
ZINC03361462,DUD_fgfr1_D_2014,Cc1cccc(C)c1Nc1nnc(SCC(=O)NC(=O)c2cccn2C)s1,0
ZINC03362789,DUD_fgfr1_D_2015,COc1ccccc1NC(=O)CSc1nnc(Nc2c(C)cccc2C)s1,0
ZINC03365233,DUD_fgfr1_D_2016,COc1ccc(-n2cnnc2SCC(=O)Nc2sc3c(c2C(N)=O)CCC3)cc1,0
ZINC03366330,DUD_fgfr1_D_2017,Cc1cccc(-n2c(-c3c[nH]c4ccccc34)nn(C[N@H+](C)CCC#N)c2=S)c1,0
ZINC03366680,DUD_fgfr1_D_2018,O=C(CN1C(=O)NC2(CCCCC2)C1=O)Nc1cc(Cl)ccc1Oc1ccccc1,0
ZINC03367862,DUD_fgfr1_D_2019,O=C1/C(=C/Nc2nnc(CCCO)[nH]2)c2ccccc2C(=O)N1c1ccccc1Cl,0
ZINC03368264,DUD_fgfr1_D_2020,COc1ccccc1-c1nnc(SCC(=O)Nc2c(C)cc(C)cc2Cl)n1N,0
ZINC03368330,DUD_fgfr1_D_2021,COc1ccccc1-c1nnc(SCC(=O)Nc2ccc(Br)cc2C)n1N,0
ZINC03368542,DUD_fgfr1_D_2022,CC(C)NS(=O)(=O)c1ccc(NC(=O)[C@@H](C)Sc2ccccc2F)cc1,0
ZINC03368546,DUD_fgfr1_D_2023,CC(C)NS(=O)(=O)c1ccc(NC(=O)[C@H](C)Sc2ccccc2F)cc1,0
ZINC03368924,DUD_fgfr1_D_2024,C=CCn1c(SCC(=O)Nc2sc3c(c2C(N)=O)CCC3)nc2ccccc2c1=O,0
ZINC03369537,DUD_fgfr1_D_2025,CCOc1ccccc1Nc1nnc(SCC(=O)NC(=O)c2cccn2C)s1,0
ZINC03369794,DUD_fgfr1_D_2026,C=CCn1c(SCC(=O)Nc2ccc3c(c2)OCCO3)nc2ccc(Cl)cc2c1=O,0
ZINC03370721,DUD_fgfr1_D_2027,CC(=O)Nc1ccc(NC(=O)[C@H](C)OC(=O)/C=C/c2ccccc2Cl)cc1,0
ZINC03370725,DUD_fgfr1_D_2028,CC(=O)Nc1ccc(NC(=O)[C@@H](C)OC(=O)/C=C/c2ccccc2Cl)cc1,0
ZINC03371258,DUD_fgfr1_D_2029,Cc1cc(C)cc(NC(=O)[C@H](Sc2nnc(C)c(=O)n2N)c2ccccc2)c1,0
ZINC03371479,DUD_fgfr1_D_2030,CC(C)(C)c1ccc(Cc2nnc(SCC(=O)Nc3ccccc3F)[nH]c2=O)cc1,0
ZINC03372883,DUD_fgfr1_D_2031,COc1ccccc1-n1cnnc1SCC(=O)Nc1sc2c(c1C(N)=O)CCC2,0
ZINC03373639,DUD_fgfr1_D_2032,COc1ccccc1-c1nnc(SCC(=O)Nc2ccc(C)c(Cl)c2)n1N,0
ZINC03373854,DUD_fgfr1_D_2033,COc1ccc(-c2nnc(SCC(=O)c3c(C)[nH]c4ccccc34)n2N)cc1OC,0
ZINC03374537,DUD_fgfr1_D_2034,CCOc1ccc(S(=O)(=O)NN/C(C)=C\C(=O)Nc2cc(Cl)ccc2C)cc1,0
ZINC03374545,DUD_fgfr1_D_2035,COc1ccc(Cl)cc1NC(=O)C[C@@H]1S/C(=N/c2cc(C)cc(C)c2)NC1=O,0
ZINC03374638,DUD_fgfr1_D_2036,O=C(C[C@@H]1S/C(=N\c2ccc3c(c2)OCCO3)NC1=O)Nc1ccccc1Cl,0
ZINC03374645,DUD_fgfr1_D_2037,O=C(C[C@H]1S/C(=N/c2ccc3c(c2)OCCO3)NC1=O)Nc1ccccc1Cl,0
ZINC03375278,DUD_fgfr1_D_2038,CCCn1c(=O)c2ccccc2n2c(SCC(=O)Nc3cc(F)ccc3C)nnc12,0
ZINC03376442,DUD_fgfr1_D_2039,CC(=O)Nc1ccc(NC(=O)[C@@H](C)OC(=O)/C=C\c2ccc(OC(F)F)cc2)cc1,0
ZINC03376612,DUD_fgfr1_D_2040,Cc1cccc(NC(=O)CSc2nnc([C@H](C)[NH+](C)C)n2-c2ccc(Cl)cc2)c1,0
ZINC03376939,DUD_fgfr1_D_2041,O=C(CNc1ccc(S(=O)(=O)N2CCCCCC2)cc1)Nc1ccc(Cl)cc1F,0
ZINC03378392,DUD_fgfr1_D_2042,COc1ccc(-c2nnc(SCC(=O)Nc3sccc3C(N)=O)n2C(C)C)cc1,0
ZINC03379053,DUD_fgfr1_D_2043,C[C@H](Sc1nnc(-c2ccc(OC(F)F)cc2)n1N)C(=O)N1CCCc2ccccc21,0
ZINC03379057,DUD_fgfr1_D_2044,C[C@H](Sc1nnc(-c2ccc(OC(F)F)cc2)n1N)C(=O)N1CCCc2ccccc21,0
ZINC03381471,DUD_fgfr1_D_2045,COc1cc(C(=O)OCC(=O)Nc2ccc(NC(C)=O)cc2)cc(Cl)c1OC,0
ZINC03389793,DUD_fgfr1_D_2046,CCc1cccc2c(C(=O)CSc3nnc(-c4ccc(OC(F)F)cc4)n3N)c[nH]c12,0
ZINC03390120,DUD_fgfr1_D_2047,C[C@@H](C(=O)Nc1cc([N+](=O)[O-])ccc1Cl)[NH+]1CCN(c2ccccc2O)CC1,0
ZINC03390124,DUD_fgfr1_D_2048,C[C@@H](C(=O)Nc1cc([N+](=O)[O-])ccc1Cl)[NH+]1CCN(c2ccccc2O)CC1,0
ZINC03390579,DUD_fgfr1_D_2049,Cc1ccc(-c2csc(NC(=O)COC(=O)c3ccc(N(C)C)cc3)n2)c(O)c1,0
ZINC03391239,DUD_fgfr1_D_2050,CC(C)CN1C(=O)C(=O)N(CC(=O)Nc2cc(Cl)ccc2Oc2ccccc2)C1=O,0
ZINC03392901,DUD_fgfr1_D_2051,Cc1ccccc1Nc1nc(N)nc(CSc2nnc(-c3ccc(Cl)cc3)n2C)n1,0
ZINC03395680,DUD_fgfr1_D_2052,CC(=O)Nc1ccc(NC(=O)c2cc3c(C)nn(Cc4ccc(F)cc4)c3s2)cc1,0
ZINC03400031,DUD_fgfr1_D_2053,COc1ccc(Cl)cc1NC(=O)[C@H](C)N1C(=O)N[C@H](Cc2c[nH]c3ccccc23)C1=O,0
ZINC03400034,DUD_fgfr1_D_2054,COc1ccc(Cl)cc1NC(=O)[C@@H](C)N1C(=O)N[C@H](Cc2c[nH]c3ccccc23)C1=O,0
ZINC03400037,DUD_fgfr1_D_2055,COc1ccc(Cl)cc1NC(=O)[C@@H](C)N1C(=O)N[C@H](Cc2c[nH]c3ccccc23)C1=O,0
ZINC03400040,DUD_fgfr1_D_2056,COc1ccc(Cl)cc1NC(=O)[C@H](C)N1C(=O)N[C@H](Cc2c[nH]c3ccccc23)C1=O,0
ZINC03401139,DUD_fgfr1_D_2057,CCn1c(SCC(=O)Nc2sccc2C(N)=O)nnc1-c1ccccc1OC,0
ZINC03402640,DUD_fgfr1_D_2058,CC(=O)Nc1ccc(NC(=O)COC(=O)COc2ccc(Cl)cc2)cc1,0
ZINC03402641,DUD_fgfr1_D_2059,Cc1ccc(C)c(OCc2nnc(SCC(=O)Nc3ccc4c(c3)OCO4)[nH]2)c1,0
ZINC03402738,DUD_fgfr1_D_2060,C[C@H](OC(=O)CCC(=O)c1ccc(Cl)cc1)C(=O)Nc1ccc2c(c1)OCCO2,0
ZINC03405046,DUD_fgfr1_D_2061,CCCn1c(O)nnc1SCC(=O)Nc1ccc(-c2nc3ccc(C)cc3s2)cc1,0
ZINC03405350,DUD_fgfr1_D_2062,CC(=O)Nc1ccc(-c2csc(NC(=O)COc3ccc4c(c3)CCC4)n2)cc1,0
ZINC03406176,DUD_fgfr1_D_2063,COc1ccc(-c2nnc(SCC(=O)Nc3ccc(Br)c(C)c3)n2N)cc1,0
ZINC03411829,DUD_fgfr1_D_2064,COc1ccc(Br)c(C(=O)OCc2nc(N)nc(Nc3ccccc3C)n2)c1,0
ZINC03413484,DUD_fgfr1_D_2065,C[N@H+](Cc1ccccc1NCC(=O)Nc1ccc(C#N)c(Cl)c1)C1CCCCC1,0
ZINC03415778,DUD_fgfr1_D_2066,COc1ccc(Cl)cc1NC(=O)COC(=O)c1nn(C(C)C)c(=O)c2ccccc12,0
ZINC03417215,DUD_fgfr1_D_2067,CC(=O)Nc1ccc(SCC(=O)NC(=O)CCSc2ccccc2)cc1,0
ZINC03421431,DUD_fgfr1_D_2068,Cc1cc(C)c(NC(=O)CN2C(=O)N[C@@](C)(CCc3ccccc3)C2=O)c(Cl)c1,0
ZINC03421434,DUD_fgfr1_D_2069,Cc1cc(C)c(NC(=O)CN2C(=O)N[C@](C)(CCc3ccccc3)C2=O)c(Cl)c1,0
ZINC03422325,DUD_fgfr1_D_2070,CC(=O)Nc1ccc(SCC(=O)OCC(=O)Nc2ccccc2OC(F)F)cc1,0
ZINC03425444,DUD_fgfr1_D_2071,CC(=O)Nc1cccc(NC(=O)c2c(C)nn(Cc3ccccc3Cl)c2C)c1,0
ZINC03425611,DUD_fgfr1_D_2072,O=C(C[C@@H]1S/C(=N/c2ccc3c(c2)OCCO3)NC1=O)Nc1ccc(Cl)cc1,0
ZINC03425617,DUD_fgfr1_D_2073,O=C(C[C@H]1S/C(=N\c2ccc3c(c2)OCCO3)NC1=O)Nc1ccc(Cl)cc1,0
ZINC03427718,DUD_fgfr1_D_2074,O=C(CSc1nnc(COc2ccc(Cl)cc2)[nH]1)Nc1ccc2c(c1)OCCO2,0
ZINC03428253,DUD_fgfr1_D_2075,CCCN(C(=O)c1cccc(C(F)(F)F)c1)c1c(N)n(Cc2ccccc2)c(=O)[nH]c1=O,0
ZINC03428544,DUD_fgfr1_D_2076,COc1ccc(Nc2nnc(SCC(=O)NC(=O)c3cccn3C)s2)cc1,0
ZINC03428696,DUD_fgfr1_D_2077,Cc1nc(NCCc2ccc(S(N)(=O)=O)cc2)c2c(-c3cccs3)csc2n1,0
ZINC03429327,DUD_fgfr1_D_2078,CCc1ccc(Nc2nnc(SCC(=O)NC(=O)c3cccn3C)s2)cc1,0
ZINC03431276,DUD_fgfr1_D_2079,CC1(C)C(=O)Nc2ccccc2N1C(=O)COC(=O)CCSc1ccc(F)cc1,0
ZINC03432082,DUD_fgfr1_D_2080,COc1ccc(NC(=O)C[C@H]2S/C(=N\N=C/c3ccc(F)cc3)NC2=O)c(OC)c1,0
ZINC03435545,DUD_fgfr1_D_2081,CCc1c(C)sc2nc(-c3ccc(C(=O)Nc4nc(C)cs4)cc3)[nH]c(=O)c12,0
ZINC03435545,DUD_fgfr1_D_2082,CCc1c(C)sc2nc(-c3ccc(C(=O)Nc4nc(C)cs4)cc3)nc(O)c12,0
ZINC03437820,DUD_fgfr1_D_2083,COc1ccc(Cl)cc1NC(=O)[C@@H](C)Oc1ccc(NC(=O)c2ccco2)cc1,0
ZINC03438293,DUD_fgfr1_D_2084,Cc1ccccc1Nc1nc(N)nc(C[NH+]2CCC(c3nc4ccccc4s3)CC2)n1,0
ZINC03438585,DUD_fgfr1_D_2085,CCOC(=O)c1c(C)[nH]c(C(=O)CSc2nnc(-c3ccccc3F)n2N)c1C,0
ZINC03438648,DUD_fgfr1_D_2086,CC(C)(C)c1ccccc1NC(=O)CSc1nnc(-c2ccccc2F)n1N,0
ZINC03438695,DUD_fgfr1_D_2087,CCOC(=O)c1c(NC(=O)CSc2nnc(-c3ccccc3F)n2N)sc(C)c1C,0
ZINC03438813,DUD_fgfr1_D_2088,Cc1cc2oc(=O)cc(CSc3nnc(-c4ccccc4F)n3N)c2cc1C(C)C,0
ZINC03438989,DUD_fgfr1_D_2089,CCc1cccc(CC)c1NC(=O)CSc1nnc(-c2ccccc2F)n1N,0
ZINC03439033,DUD_fgfr1_D_2090,CC[C@@H](C)c1ccc(NC(=O)CSc2nnc(-c3ccccc3F)n2N)cc1,0
ZINC03439036,DUD_fgfr1_D_2091,CC[C@H](C)c1ccc(NC(=O)CSc2nnc(-c3ccccc3F)n2N)cc1,0
ZINC03439089,DUD_fgfr1_D_2092,Cc1cccc(C(C)C)c1NC(=O)CSc1nnc(-c2ccccc2F)n1N,0
ZINC03439103,DUD_fgfr1_D_2093,CC[C@H](C)c1ccccc1NC(=O)CSc1nnc(-c2ccccc2F)n1N,0
ZINC03439267,DUD_fgfr1_D_2094,COc1cccc(Nc2nnc(S[C@H](C)C(=O)Nc3cccc(C(C)=O)c3)s2)c1,0
ZINC03439272,DUD_fgfr1_D_2095,COc1cccc(Nc2nnc(SCC(=O)Nc3ccc(OC)cc3OC)s2)c1,0
ZINC03439331,DUD_fgfr1_D_2096,COc1cccc(Nc2nnc(SCC(=O)Nc3cccc([N+](=O)[O-])c3C)s2)c1,0
ZINC03439477,DUD_fgfr1_D_2097,COc1cccc(Nc2nnc(S[C@H](C)C(=O)Nc3ccc4c(c3)OCCO4)s2)c1,0
ZINC03439480,DUD_fgfr1_D_2098,COc1cccc(Nc2nnc(S[C@H](C)C(=O)Nc3ccc4c(c3)OCCO4)s2)c1,0
ZINC03439483,DUD_fgfr1_D_2099,COc1cccc(Nc2nnc(S[C@@H](C)C(=O)Nc3ccc4c(c3)OCO4)s2)c1,0
ZINC03439486,DUD_fgfr1_D_2100,COc1cccc(Nc2nnc(S[C@H](C)C(=O)Nc3ccc4c(c3)OCO4)s2)c1,0
ZINC03439516,DUD_fgfr1_D_2101,COc1cccc(Nc2nnc(SCC(=O)NC(=O)c3ccccc3OC)s2)c1,0
ZINC03439629,DUD_fgfr1_D_2102,COc1cccc(NC(=O)CSc2nnc(Nc3cccc(OC)c3)s2)c1,0
ZINC03439635,DUD_fgfr1_D_2103,COc1cccc(Nc2nnc(SCC(=O)Nc3cc(OC)ccc3OC)s2)c1,0
ZINC03439723,DUD_fgfr1_D_2104,COc1cccc(Nc2nnc(SCC(=O)Nc3ccccc3OC)s2)c1,0
ZINC03439735,DUD_fgfr1_D_2105,COc1cccc(Nc2nnc(SCC(=O)Nc3ccc(OC)c(OC)c3)s2)c1,0
ZINC03439742,DUD_fgfr1_D_2106,COc1cccc(Nc2nnc(SCC(=O)Nc3ccc(C(C)=O)cc3)s2)c1,0
ZINC03439758,DUD_fgfr1_D_2107,COc1cccc(Nc2nnc(SCC(=O)Nc3ccc(C)c([N+](=O)[O-])c3)s2)c1,0
ZINC03439766,DUD_fgfr1_D_2108,COc1cccc(Nc2nnc(SCC(=O)Nc3cc(OC)cc(OC)c3)s2)c1,0
ZINC03442625,DUD_fgfr1_D_2109,C[C@@H](Sc1nc2ccccc2s1)C(=O)Nc1ccc(S(=O)(=O)N2CCCC2)cc1,0
ZINC03443567,DUD_fgfr1_D_2110,O=C(CC1CCCCC1)NNC(=O)c1cccc(S(=O)(=O)Nc2ccc(Cl)cc2)c1,0
ZINC03443786,DUD_fgfr1_D_2111,CCc1ccc(Nc2nnc(SCC(=O)Nc3c(C)n[nH]c3C)s2)cc1,0
ZINC03444045,DUD_fgfr1_D_2112,Cc1ccc(NC(=O)c2ccc(Cl)c(S(=O)(=O)N3CCc4ccccc43)c2)c(O)c1,0
ZINC03444557,DUD_fgfr1_D_2113,C=CCn1c(SCc2nc3ccccc3c(=O)[nH]2)nc2scc(C3CC3)c2c1=O,0
ZINC03444557,DUD_fgfr1_D_2114,C=CCn1c(SCc2nc(=O)c3ccccc3[nH]2)nc2scc(C3CC3)c2c1=O,0
ZINC03444557,DUD_fgfr1_D_2115,C=CCn1c(SCc2nc(O)c3ccccc3n2)nc2scc(C3CC3)c2c1=O,0
ZINC03444623,DUD_fgfr1_D_2116,CCOC(=O)CCCN1CC(=O)C(c2nc(-c3ccc(Cl)cc3)cs2)=C1N,0
ZINC03445134,DUD_fgfr1_D_2117,Cc1ccc(Nc2nnc(S[C@H](C)C(=O)Nc3ccc4c(c3)OCCO4)s2)cc1C,0
ZINC03445136,DUD_fgfr1_D_2118,Cc1ccc(Nc2nnc(S[C@@H](C)C(=O)Nc3ccc4c(c3)OCCO4)s2)cc1C,0
ZINC03445354,DUD_fgfr1_D_2119,Cc1ccc(-c2nc(CSc3nnc(Cc4ccccc4F)n3N)cs2)cc1,0
ZINC03446832,DUD_fgfr1_D_2120,CCC(=O)Nc1ccc(C(=O)CN2C(=O)N[C@](CC)(c3ccc(Cl)cc3)C2=O)cc1,0
ZINC03446835,DUD_fgfr1_D_2121,CCC(=O)Nc1ccc(C(=O)CN2C(=O)N[C@@](CC)(c3ccc(Cl)cc3)C2=O)cc1,0
ZINC03449183,DUD_fgfr1_D_2122,Cc1cc(C(=O)CSc2nnc(-c3cccc(F)c3)n2N)c(C)n1C[C@@H]1CCCO1,0
ZINC03449185,DUD_fgfr1_D_2123,Cc1cc(C(=O)CSc2nnc(-c3cccc(F)c3)n2N)c(C)n1C[C@@H]1CCCO1,0
ZINC03449793,DUD_fgfr1_D_2124,CC(=O)Nc1ccc(NC(=O)COC(=O)Cc2ccc(Br)cc2)cc1,0
ZINC03450244,DUD_fgfr1_D_2125,COc1cc(N)c(Cl)cc1C(=O)OCC(=O)Nc1ccccc1C(C)(C)C,0
ZINC03451328,DUD_fgfr1_D_2126,COc1ccc2cc([C@@]3(C)NC(=O)N(CC(=O)Nc4cccc(Cl)c4)C3=O)ccc2c1,0
ZINC03451447,DUD_fgfr1_D_2127,CCN(c1ccc(NC(=O)COC(=O)c2ccc(Cl)c(N)c2)cc1)C(C)C,0
ZINC03451468,DUD_fgfr1_D_2128,Cc1ccc(Nc2nnc(S[C@@H](C)C(=O)Nc3ccc4c(c3)OCCO4)s2)c(C)c1,0
ZINC03451472,DUD_fgfr1_D_2129,Cc1ccc(Nc2nnc(S[C@H](C)C(=O)Nc3ccc4c(c3)OCCO4)s2)c(C)c1,0
ZINC03454933,DUD_fgfr1_D_2130,Cc1cc(Cl)ccc1NC(=O)CSc1nc2ccccc2c(=O)n1CCCO,0
ZINC03454944,DUD_fgfr1_D_2131,Cc1ccc(F)cc1NC(=O)CSc1nc2ccccc2c(=O)n1CCCO,0
ZINC03454947,DUD_fgfr1_D_2132,Cc1ccc(NC(=O)CSc2nc3ccccc3c(=O)n2CCCO)cc1F,0
ZINC03454999,DUD_fgfr1_D_2133,C[C@@H](NC(=O)c1ccc(Cl)c(S(=O)(=O)NC(C)(C)C)c1)c1ccccc1,0
ZINC03455002,DUD_fgfr1_D_2134,C[C@@H](NC(=O)c1ccc(Cl)c(S(=O)(=O)NC(C)(C)C)c1)c1ccccc1,0
ZINC03455091,DUD_fgfr1_D_2135,C[C@H](Sc1nc2ccccc2c(=O)n1CCCO)C(=O)Nc1ccc(Cl)cc1,0
ZINC03455093,DUD_fgfr1_D_2136,C[C@@H](Sc1nc2ccccc2c(=O)n1CCCO)C(=O)Nc1ccc(Cl)cc1,0
ZINC03455124,DUD_fgfr1_D_2137,Cc1c(Cl)cccc1NC(=O)CSc1nc2ccccc2c(=O)n1CCCO,0
ZINC03455145,DUD_fgfr1_D_2138,Cc1ccc(Cl)cc1NC(=O)CSc1nc2ccccc2c(=O)n1CCCO,0
ZINC03455179,DUD_fgfr1_D_2139,C[C@H]1CCc2c(sc(NC(=O)CSc3nncn3-c3ccccc3)c2C(N)=O)C1,0
ZINC03455183,DUD_fgfr1_D_2140,C[C@@H]1CCc2c(sc(NC(=O)CSc3nncn3-c3ccccc3)c2C(N)=O)C1,0
ZINC03455486,DUD_fgfr1_D_2141,CCc1cccc(NC(=O)CSc2nnc(-c3cccc(Cl)c3)n2N)c1,0
ZINC03455495,DUD_fgfr1_D_2142,CCOC(=O)c1c(C)[nH]c(C(=O)CSc2nnc(-c3cccc(Cl)c3)n2N)c1C,0
ZINC03455688,DUD_fgfr1_D_2143,Cc1ccc2c(CSc3nnc(-c4cccc(Cl)c4)n3N)cc(=O)oc2c1C,0
ZINC03456200,DUD_fgfr1_D_2144,O=C(COc1ccccc1C(=O)NC[C@H]1CCCO1)Nc1ccc(Br)cc1,0
ZINC03456202,DUD_fgfr1_D_2145,O=C(COc1ccccc1C(=O)NC[C@H]1CCCO1)Nc1ccc(Br)cc1,0
ZINC03456652,DUD_fgfr1_D_2146,COc1ccc(NC(=O)CN2C(=O)N[C@](C)(c3ccc(Cl)cc3)C2=O)c(OC)c1,0
ZINC03456654,DUD_fgfr1_D_2147,COc1ccc(NC(=O)CN2C(=O)N[C@@](C)(c3ccc(Cl)cc3)C2=O)c(OC)c1,0
ZINC03456664,DUD_fgfr1_D_2148,COc1cc(NC(=O)CN2C(=O)N[C@@](C)(c3ccc(Cl)cc3)C2=O)cc(OC)c1OC,0
ZINC03456668,DUD_fgfr1_D_2149,COc1cc(NC(=O)CN2C(=O)N[C@@](C)(c3ccc(Cl)cc3)C2=O)cc(OC)c1OC,0
ZINC03456831,DUD_fgfr1_D_2150,COc1ccc(OC)c(NC(=O)CN2C(=O)N[C@@](C)(c3ccc(Cl)cc3)C2=O)c1,0
ZINC03456834,DUD_fgfr1_D_2151,COc1ccc(OC)c(NC(=O)CN2C(=O)N[C@@](C)(c3ccc(Cl)cc3)C2=O)c1,0
ZINC03456877,DUD_fgfr1_D_2152,COc1ccc(NC(=O)CN2C(=O)N[C@](C)(c3ccc(Cl)cc3)C2=O)cc1OC,0
ZINC03456879,DUD_fgfr1_D_2153,COc1ccc(NC(=O)CN2C(=O)N[C@](C)(c3ccc(Cl)cc3)C2=O)cc1OC,0
ZINC03458735,DUD_fgfr1_D_2154,CCCn1c(N)c(C(=O)CSc2nnc(-c3ccccc3F)[nH]2)c(=O)n(C)c1=O,0
ZINC03461342,DUD_fgfr1_D_2155,CCc1ccc(Nc2nnc(S[C@@H](C)C(=O)Nc3ccc4c(c3)OCO4)s2)cc1,0
ZINC03461348,DUD_fgfr1_D_2156,CCc1ccc(Nc2nnc(S[C@@H](C)C(=O)Nc3ccc4c(c3)OCO4)s2)cc1,0
ZINC03462229,DUD_fgfr1_D_2157,COc1cc(C(=O)Nc2ccc3c(c2)OCO3)ccc1OCC(=O)Nc1ccc(F)cc1,0
ZINC03462545,DUD_fgfr1_D_2158,COc1cc(NC(=O)CN2C(=O)N[C@@](C)(c3ccccc3Cl)C2=O)cc(OC)c1OC,0
ZINC03462547,DUD_fgfr1_D_2159,COc1cc(NC(=O)CN2C(=O)N[C@@](C)(c3ccccc3Cl)C2=O)cc(OC)c1OC,0
ZINC03462697,DUD_fgfr1_D_2160,CSCC[C@H](C(=O)Nc1ccc(NC(C)=O)cc1)N1C(=O)c2ccccc2C1=O,0
ZINC03462701,DUD_fgfr1_D_2161,CSCC[C@H](C(=O)Nc1ccc(NC(C)=O)cc1)N1C(=O)c2ccccc2C1=O,0
ZINC03462814,DUD_fgfr1_D_2162,CCOC(=O)c1ccc(NC(=O)CN2C(=O)N[C@](C)(c3ccccc3Cl)C2=O)cc1,0
ZINC03462840,DUD_fgfr1_D_2163,COc1ccc(NC(=O)CN2C(=O)N[C@](C)(c3ccccc3Cl)C2=O)cc1OC,0
ZINC03462844,DUD_fgfr1_D_2164,COc1ccc(NC(=O)CN2C(=O)N[C@@](C)(c3ccccc3Cl)C2=O)cc1OC,0
ZINC03463332,DUD_fgfr1_D_2165,Cc1cccc(Nc2nnc(S[C@H](C)C(=O)Nc3ccc4c(c3)OCO4)s2)c1C,0
ZINC03463338,DUD_fgfr1_D_2166,Cc1cccc(Nc2nnc(S[C@H](C)C(=O)Nc3ccc4c(c3)OCO4)s2)c1C,0
ZINC03463763,DUD_fgfr1_D_2167,CCN(C(=O)COC(=O)c1cc(Cl)c(N)cc1OC)c1cccc2ccccc12,0
ZINC03464065,DUD_fgfr1_D_2168,Cc1cccc(Nc2nnc(SCC(=O)Nc3ccc4c(c3)OCO4)s2)c1C,0
ZINC03464085,DUD_fgfr1_D_2169,CC[C@@]1(c2ccc(Cl)cc2)NC(=O)N(CC(=O)Nc2ccc3c(c2)OCCO3)C1=O,0
ZINC03464087,DUD_fgfr1_D_2170,CC[C@@]1(c2ccc(Cl)cc2)NC(=O)N(CC(=O)Nc2ccc3c(c2)OCCO3)C1=O,0
ZINC03464263,DUD_fgfr1_D_2171,Cc1ccc(Nc2nnc(SCC(=O)Nc3ccc4c(c3)OCO4)s2)cc1C,0
ZINC03464294,DUD_fgfr1_D_2172,CC[C@@]1(c2ccc(Cl)cc2)NC(=O)N(CC(=O)Nc2ccc(OC)cc2)C1=O,0
ZINC03464400,DUD_fgfr1_D_2173,CC[C@]1(c2ccc(Cl)cc2)NC(=O)N(CC(=O)Nc2ccccc2OC)C1=O,0
ZINC03464402,DUD_fgfr1_D_2174,CC[C@@]1(c2ccc(Cl)cc2)NC(=O)N(CC(=O)Nc2ccccc2OC)C1=O,0
ZINC03464406,DUD_fgfr1_D_2175,CC[C@@]1(c2ccc(Cl)cc2)NC(=O)N(CC(=O)Nc2ccc(OC)c(OC)c2)C1=O,0
ZINC03464409,DUD_fgfr1_D_2176,CC[C@@]1(c2ccc(Cl)cc2)NC(=O)N(CC(=O)Nc2ccc(OC)c(OC)c2)C1=O,0
ZINC03464412,DUD_fgfr1_D_2177,CC[C@]1(c2ccc(Cl)cc2)NC(=O)N(CC(=O)Nc2ccc(C(C)=O)cc2)C1=O,0
ZINC03464416,DUD_fgfr1_D_2178,CC[C@@]1(c2ccc(Cl)cc2)NC(=O)N(CC(=O)Nc2ccc(C(C)=O)cc2)C1=O,0
ZINC03464655,DUD_fgfr1_D_2179,COc1ccccc1NC(=O)CN1C(=O)N[C@](C)(c2ccc(OC(F)F)cc2)C1=O,0
ZINC03465282,DUD_fgfr1_D_2180,COc1ccc([N+](=O)[O-])cc1NC(=O)[C@H](C)Sc1nnc(Nc2ccccc2C)s1,0
ZINC03465286,DUD_fgfr1_D_2181,COc1ccc([N+](=O)[O-])cc1NC(=O)[C@H](C)Sc1nnc(Nc2ccccc2C)s1,0
ZINC03465290,DUD_fgfr1_D_2182,CC(=O)c1ccc(NC(=O)[C@@H](C)Sc2nnc(Nc3ccccc3C)s2)cc1,0
ZINC03465293,DUD_fgfr1_D_2183,CC(=O)c1ccc(NC(=O)[C@@H](C)Sc2nnc(Nc3ccccc3C)s2)cc1,0
ZINC03465441,DUD_fgfr1_D_2184,Cc1ccccc1Nc1nnc(S[C@H](C)C(=O)Nc2ccc3c(c2)OCO3)s1,0
ZINC03465444,DUD_fgfr1_D_2185,Cc1ccccc1Nc1nnc(S[C@@H](C)C(=O)Nc2ccc3c(c2)OCO3)s1,0
ZINC03465469,DUD_fgfr1_D_2186,COc1ccccc1C(=O)NC(=O)CSc1nnc(Nc2ccccc2C)s1,0
ZINC03465539,DUD_fgfr1_D_2187,CC(=O)c1cccc(NC(=O)CSc2nnc(Nc3ccccc3C)s2)c1,0
ZINC03466665,DUD_fgfr1_D_2188,Cc1cccc(OC(=O)NCCOC(=O)N(O)c2ccc(Br)cc2)c1,0
ZINC03468219,DUD_fgfr1_D_2189,Cc1cccc(Nc2nnc(SCC(=O)c3ccc4c(c3)NC(=O)CO4)s2)c1C,0
ZINC03468281,DUD_fgfr1_D_2190,Cc1ccc(Nc2nnc(SCC(=O)c3ccc4c(c3)NC(=O)CO4)s2)cc1C,0
ZINC03469232,DUD_fgfr1_D_2191,C[C@H](Sc1nnc(Nc2ccccc2F)s1)C(=O)Nc1ccc2c(c1)OCCO2,0
ZINC03469829,DUD_fgfr1_D_2192,Cc1ccc(Nc2nnc(S[C@@H](C)C(=O)Nc3ccc4c(c3)OCO4)s2)cc1,0
ZINC03469833,DUD_fgfr1_D_2193,Cc1ccc(Nc2nnc(S[C@@H](C)C(=O)Nc3ccc4c(c3)OCO4)s2)cc1,0
ZINC03469858,DUD_fgfr1_D_2194,COc1ccccc1C(=O)NC(=O)CSc1nnc(Nc2ccc(C)cc2)s1,0
ZINC03469939,DUD_fgfr1_D_2195,COc1ccc(OC)c(NC(=O)CSc2nnc(Nc3ccc(C)cc3)s2)c1,0
ZINC03470105,DUD_fgfr1_D_2196,CCOc1ccccc1Nc1nnc(S[C@@H](C)C(=O)Nc2ccc3c(c2)OCO3)s1,0
ZINC03470110,DUD_fgfr1_D_2197,CCOc1ccccc1Nc1nnc(S[C@@H](C)C(=O)Nc2ccc3c(c2)OCO3)s1,0
ZINC03470579,DUD_fgfr1_D_2198,C=C(NNC(=O)c1cccc(S(=O)(=O)N2CCCCC2)c1)c1ccccc1F,0
ZINC03471596,DUD_fgfr1_D_2199,CC(=O)c1ccc(NC(=O)CSc2nnc(Nc3ccc(C)cc3)s2)cc1,0
ZINC03472254,DUD_fgfr1_D_2200,CC(C)c1ccc(NC(=O)CSc2nnc(-c3cccc(Cl)c3)n2N)cc1,0
ZINC03472276,DUD_fgfr1_D_2201,CCN(c1ccc(NC(=O)CSc2nnc(-c3cccc(Cl)c3)n2N)cc1)C(C)C,0
ZINC03472435,DUD_fgfr1_D_2202,CCc1ccc(NC(=O)CSc2nnc(-c3cccc(Cl)c3)n2N)cc1,0
ZINC03472443,DUD_fgfr1_D_2203,CC(C)c1ccccc1NC(=O)CSc1nnc(-c2cccc(Cl)c2)n1N,0
ZINC03472501,DUD_fgfr1_D_2204,Cc1cccc(C(C)C)c1NC(=O)CSc1nnc(-c2cccc(Cl)c2)n1N,0
ZINC03472553,DUD_fgfr1_D_2205,CCOC(=O)c1ccccc1NC(=O)CSc1nnc(-c2cccc(Cl)c2)n1N,0
ZINC03474942,DUD_fgfr1_D_2206,Cc1ccccc1Nc1nc(N)nc(CSc2nnc(-c3cccs3)o2)n1,0
ZINC03478214,DUD_fgfr1_D_2207,Cc1ccc(-c2nnc(SCC(=O)Nc3ccc(Br)c(C)c3)n2N)cc1,0
ZINC03478251,DUD_fgfr1_D_2208,CC[C@H](C)c1ccc(NC(=O)CSc2nnc(-c3ccc(C)cc3)n2N)cc1,0
ZINC03478254,DUD_fgfr1_D_2209,CC[C@@H](C)c1ccc(NC(=O)CSc2nnc(-c3ccc(C)cc3)n2N)cc1,0
ZINC03478273,DUD_fgfr1_D_2210,Cc1ccc(-c2nnc(SCC(=O)Nc3c(C)cccc3C(C)C)n2N)cc1,0
ZINC03478339,DUD_fgfr1_D_2211,COc1ccc(Nc2nnc(SCC(=O)Nc3cc(OC)ccc3OC)s2)cc1,0
ZINC03478342,DUD_fgfr1_D_2212,COc1ccc(NC(=O)CSc2nnc(Nc3ccc(OC)cc3)s2)cc1,0
ZINC03478369,DUD_fgfr1_D_2213,COc1ccc(Nc2nnc(SCC(=O)Nc3ccc(OC)c(OC)c3)s2)cc1,0
ZINC03479619,DUD_fgfr1_D_2214,COc1ccc(Cl)cc1NC(=O)[C@@H](C)OC(=O)[C@H](C)N1C(=O)c2ccccc2C1=O,0
ZINC03479622,DUD_fgfr1_D_2215,COc1ccc(Cl)cc1NC(=O)[C@@H](C)OC(=O)[C@@H](C)N1C(=O)c2ccccc2C1=O,0
ZINC03479626,DUD_fgfr1_D_2216,COc1ccc(Cl)cc1NC(=O)[C@@H](C)OC(=O)[C@@H](C)N1C(=O)c2ccccc2C1=O,0
ZINC03479629,DUD_fgfr1_D_2217,COc1ccc(Cl)cc1NC(=O)[C@@H](C)OC(=O)[C@H](C)N1C(=O)c2ccccc2C1=O,0
ZINC03483541,DUD_fgfr1_D_2218,CCN(CC)S(=O)(=O)c1cccc(C(=O)Nc2nc(-c3ccc(F)cc3)cs2)c1,0
ZINC03484090,DUD_fgfr1_D_2219,O=C(COC(=O)COc1ccc(Br)cc1)Nc1ccc(N2CCOCC2)cc1,0
ZINC03484130,DUD_fgfr1_D_2220,CC(=O)Nc1ccc(NC(=O)COC(=O)COc2ccc(Br)cc2)cc1,0
ZINC03484407,DUD_fgfr1_D_2221,Nn1c(SCC(=O)Nc2ccc(Cl)cc2C(=O)c2ccccc2)nnc1C1CC1,0
ZINC03484470,DUD_fgfr1_D_2222,Nn1c(SCC(=O)Nc2ccccc2Sc2ccccc2)nnc1C1CC1,0
ZINC03486405,DUD_fgfr1_D_2223,CCOC(=O)c1cc(-c2ccccc2)sc1NC(=O)CSc1nnc(C)n1N,0
ZINC03487829,DUD_fgfr1_D_2224,COc1ccc(NC(=O)[C@@H](OC(=O)C2=CCC(=O)NN2)c2ccccc2)cc1Cl,0
ZINC03487831,DUD_fgfr1_D_2225,COc1ccc(NC(=O)[C@@H](OC(=O)C2=CCC(=O)NN2)c2ccccc2)cc1Cl,0
ZINC03488874,DUD_fgfr1_D_2226,Cc1cc(Cl)ccc1NC(=O)COC(=O)[C@H](NS(=O)(=O)c1ccccc1)C(C)C,0
ZINC03488876,DUD_fgfr1_D_2227,Cc1cc(Cl)ccc1NC(=O)COC(=O)[C@@H](NS(=O)(=O)c1ccccc1)C(C)C,0
ZINC03488998,DUD_fgfr1_D_2228,CC(C)[C@H](NS(=O)(=O)c1ccccc1)C(=O)O[C@@H](C)C(=O)Nc1ccc(Cl)cc1,0
ZINC03489044,DUD_fgfr1_D_2229,Cc1ccc(Cl)cc1NC(=O)COC(=O)[C@H](NS(=O)(=O)c1ccccc1)C(C)C,0
ZINC03489872,DUD_fgfr1_D_2230,COc1cc(C(=O)OCC(=O)Nc2ccc(NC(C)=O)cc2)ccc1OC(F)F,0
ZINC03490799,DUD_fgfr1_D_2231,CC(=O)c1ccc(NC(=O)[C@@H](C)Sc2nnc(NCc3ccccc3)s2)cc1,0
ZINC03490801,DUD_fgfr1_D_2232,CC(=O)c1ccc(NC(=O)[C@H](C)Sc2nnc(NCc3ccccc3)s2)cc1,0
ZINC03494260,DUD_fgfr1_D_2233,COc1ccccc1Nc1nnc(S[C@H](C)C(=O)Nc2ccc(C(C)=O)cc2)s1,0
ZINC03494264,DUD_fgfr1_D_2234,COc1ccccc1Nc1nnc(S[C@H](C)C(=O)Nc2cccc([N+](=O)[O-])c2)s1,0
ZINC03494274,DUD_fgfr1_D_2235,COc1ccccc1Nc1nnc(S[C@@H](C)C(=O)Nc2cccc(C(C)=O)c2)s1,0
ZINC03494346,DUD_fgfr1_D_2236,COc1ccccc1Nc1nnc(SCC(=O)Nc2cccc([N+](=O)[O-])c2C)s1,0
ZINC03494472,DUD_fgfr1_D_2237,COc1ccccc1Nc1nnc(S[C@@H](C)C(=O)Nc2ccc3c(c2)OCCO3)s1,0
ZINC03494473,DUD_fgfr1_D_2238,COc1ccccc1Nc1nnc(S[C@@H](C)C(=O)Nc2ccc3c(c2)OCCO3)s1,0
ZINC03494509,DUD_fgfr1_D_2239,COc1ccccc1Nc1nnc(SCC(=O)NC(=O)c2ccccc2OC)s1,0
ZINC03494586,DUD_fgfr1_D_2240,COc1ccccc1Nc1nnc(SCC(=O)Nc2cccc(C(C)=O)c2)s1,0
ZINC03494634,DUD_fgfr1_D_2241,COc1ccccc1Nc1nnc(SCC(=O)Nc2ccc3c(c2)OCO3)s1,0
ZINC03494671,DUD_fgfr1_D_2242,COc1ccccc1Nc1nnc(SCC(=O)Nc2ccc(C(C)=O)cc2)s1,0
ZINC03494681,DUD_fgfr1_D_2243,COc1ccccc1Nc1nnc(SCC(=O)Nc2ccc(C)c([N+](=O)[O-])c2)s1,0
ZINC03494688,DUD_fgfr1_D_2244,COc1cc(NC(=O)CSc2nnc(Nc3ccccc3OC)s2)cc(OC)c1,0
ZINC03497055,DUD_fgfr1_D_2245,CCOc1ccccc1-n1nnnc1SCC(=O)Nc1ccc(Br)c(C)c1,0
ZINC03497818,DUD_fgfr1_D_2246,COc1ccc(Cl)cc1C(=O)OCc1nc(N)nc(Nc2ccccc2C)n1,0
ZINC03500108,DUD_fgfr1_D_2247,Cc1ccc(-c2nnc(SCC(=O)Nc3ccc(Br)cc3C)n2N)cc1,0
ZINC03500125,DUD_fgfr1_D_2248,Cc1ccc(-c2nnc(SCC(=O)Nc3cccc(Cl)c3C)n2N)cc1,0
ZINC03500344,DUD_fgfr1_D_2249,COc1ccc(Nc2nnc(S[C@@H](C)C(=O)Nc3ccc(C(C)=O)cc3)s2)cc1,0
ZINC03500372,DUD_fgfr1_D_2250,COc1ccc(Nc2nnc(SCC(=O)Nc3cccc([N+](=O)[O-])c3C)s2)cc1,0
ZINC03500433,DUD_fgfr1_D_2251,COc1ccc(Nc2nnc(S[C@@H](C)C(=O)Nc3ccc4c(c3)OCCO4)s2)cc1,0
ZINC03500436,DUD_fgfr1_D_2252,COc1ccc(Nc2nnc(S[C@@H](C)C(=O)Nc3ccc4c(c3)OCCO4)s2)cc1,0
ZINC03500458,DUD_fgfr1_D_2253,COc1ccc(Nc2nnc(SCC(=O)NC(=O)c3ccccc3OC)s2)cc1,0
ZINC03500478,DUD_fgfr1_D_2254,COc1ccc(Nc2nnc(S[C@@H](C)C(=O)Nc3ccc(N(C)C)cc3)s2)cc1,0
ZINC03500516,DUD_fgfr1_D_2255,COc1ccc(Nc2nnc(SCC(=O)Nc3cccc(OC)c3)s2)cc1,0
ZINC03500557,DUD_fgfr1_D_2256,COc1ccc(Nc2nnc(SCC(=O)Nc3ccccc3OC)s2)cc1,0
ZINC03500569,DUD_fgfr1_D_2257,COc1ccc(Nc2nnc(SCC(=O)Nc3ccc(C(C)=O)cc3)s2)cc1,0
ZINC03500587,DUD_fgfr1_D_2258,COc1ccc(Nc2nnc(SCC(=O)Nc3ccc(C)c([N+](=O)[O-])c3)s2)cc1,0
ZINC03502729,DUD_fgfr1_D_2259,CN(C(=O)CSc1nc2scc(-c3ccccc3)c2c(=O)n1N)C1CCCCC1,0
ZINC03503081,DUD_fgfr1_D_2260,COc1ccc([C@@]2(C)NC(=O)N(CC(=O)Nc3ccc(F)c(Cl)c3)C2=O)cc1OC,0
ZINC03503118,DUD_fgfr1_D_2261,COc1ccc([C@@]2(C)NC(=O)N(CC(=O)Nc3cccc(Cl)c3)C2=O)cc1OC,0
ZINC03504157,DUD_fgfr1_D_2262,CC(=O)c1c(C)[nH]c(C(=O)Nc2ccc(S(=O)(=O)Nc3ccc(Cl)cc3)cc2)c1C,0
ZINC03504651,DUD_fgfr1_D_2263,Cc1cc(C)c(NC(=O)COC(=O)C[C@@H]2Sc3ccccc3NC2=O)c(Cl)c1,0
ZINC03504652,DUD_fgfr1_D_2264,Cc1cc(C)c(NC(=O)COC(=O)C[C@@H]2Sc3ccccc3NC2=O)c(Cl)c1,0
ZINC03504765,DUD_fgfr1_D_2265,C[C@H](OC(=O)C[C@@H]1Sc2ccccc2NC1=O)C(=O)Nc1ccc(Cl)cc1,0
ZINC03504838,DUD_fgfr1_D_2266,Cc1ccc(Cl)cc1NC(=O)COC(=O)C[C@@H]1Sc2ccccc2NC1=O,0
ZINC03504869,DUD_fgfr1_D_2267,Cc1cc(NC(=O)COC(=O)C[C@@H]2Sc3ccccc3NC2=O)ccc1Br,0
ZINC03504871,DUD_fgfr1_D_2268,Cc1cc(NC(=O)COC(=O)C[C@H]2Sc3ccccc3NC2=O)ccc1Br,0
ZINC03504921,DUD_fgfr1_D_2269,CCc1cccc(CC)c1NC(=O)COC(=O)C[C@H]1Sc2ccccc2NC1=O,0
ZINC03504923,DUD_fgfr1_D_2270,CCc1cccc(CC)c1NC(=O)COC(=O)C[C@H]1Sc2ccccc2NC1=O,0
ZINC03504926,DUD_fgfr1_D_2271,Cc1ccc(NC(=O)COC(=O)C[C@@H]2Sc3ccccc3NC2=O)c(Cl)c1,0
ZINC03504928,DUD_fgfr1_D_2272,Cc1ccc(NC(=O)COC(=O)C[C@H]2Sc3ccccc3NC2=O)c(Cl)c1,0
ZINC03504967,DUD_fgfr1_D_2273,CC(C)c1ccccc1NC(=O)COC(=O)C[C@H]1Sc2ccccc2NC1=O,0
ZINC03504969,DUD_fgfr1_D_2274,CC(C)c1ccccc1NC(=O)COC(=O)C[C@H]1Sc2ccccc2NC1=O,0
ZINC03505022,DUD_fgfr1_D_2275,Cc1cc(C)c(NC(=O)COC(=O)C[C@@H]2Sc3ccccc3NC2=O)c(C)c1,0
ZINC03505024,DUD_fgfr1_D_2276,Cc1cc(C)c(NC(=O)COC(=O)C[C@H]2Sc3ccccc3NC2=O)c(C)c1,0
ZINC03505049,DUD_fgfr1_D_2277,COc1ccc(Cl)cc1NC(=O)COC(=O)C[C@H]1Sc2ccccc2NC1=O,0
ZINC03505051,DUD_fgfr1_D_2278,COc1ccc(Cl)cc1NC(=O)COC(=O)C[C@H]1Sc2ccccc2NC1=O,0
ZINC03508634,DUD_fgfr1_D_2279,Cc1ccc(C)c(NC(=O)CSc2nnc(COc3ccc(Cl)cc3)n2N)c1,0
ZINC03514267,DUD_fgfr1_D_2280,COc1ccc(Cl)cc1NC(=O)[C@@H](C)OC(=O)c1cc(=O)[nH]c2ccccc12,0
ZINC03514603,DUD_fgfr1_D_2281,COc1ccccc1NC(=O)[C@@H](C)Sc1nnc(Nc2ccc(C)c(C)c2)s1,0
ZINC03514606,DUD_fgfr1_D_2282,COc1ccccc1NC(=O)[C@@H](C)Sc1nnc(Nc2ccc(C)c(C)c2)s1,0
ZINC03515220,DUD_fgfr1_D_2283,Cc1ccc(C(=O)O[C@@H](C)C(=O)Nc2ccc(F)cc2Cl)cc1NC(=O)c1ccco1,0
ZINC03515884,DUD_fgfr1_D_2284,C[C@@H](NC(=O)c1cccc(S(=O)(=O)Nc2cccc(Cl)c2)c1)[C@H]1C[C@H]2CC[C@@H]1C2,0
ZINC03516087,DUD_fgfr1_D_2285,Cc1ccc(-c2nnc(SCc3cc(=O)oc4cc(C)c(C(C)C)cc34)n2N)cc1,0
ZINC03516131,DUD_fgfr1_D_2286,COc1ccc(Nc2nnc(S[C@@H](C)C(=O)Nc3ccccc3OC)s2)cc1,0
ZINC03516833,DUD_fgfr1_D_2287,CCOc1ccc(C(C)=O)cc1CSc1nnc(-c2ccccc2Cl)n1N,0
ZINC03516837,DUD_fgfr1_D_2288,Nn1c(SCc2cc(=O)oc3cc4c(cc23)CCC4)nnc1-c1ccccc1Cl,0
ZINC03517639,DUD_fgfr1_D_2289,COc1ccc(NS(=O)(=O)c2cc(C(=O)Nc3ccc(F)cc3F)ccc2C)cc1,0
ZINC03519256,DUD_fgfr1_D_2290,COc1ccc(NC(=O)CSc2nnc(-c3c[nH]c4ccccc34)o2)c(OC)c1,0
ZINC03519410,DUD_fgfr1_D_2291,COc1ccc2c(c1)CCC[C@]21NC(=O)N(CC(=O)NCc2cccc(Cl)c2)C1=O,0
ZINC03519665,DUD_fgfr1_D_2292,CC(C)(C)c1ccccc1NC(=O)CSc1nnc(Cc2ccccc2F)n1N,0
ZINC03519680,DUD_fgfr1_D_2293,COC(=O)c1c(NC(=O)CSc2nnc(Cc3ccccc3F)n2N)sc(C)c1C,0
ZINC03519717,DUD_fgfr1_D_2294,CCc1cccc(C)c1NC(=O)CSc1nnc(Cc2ccccc2F)n1N,0
ZINC03519914,DUD_fgfr1_D_2295,COc1cc(Cl)c(C)cc1NC(=O)COC(=O)c1cccc(NC(C)=O)c1,0
ZINC03519997,DUD_fgfr1_D_2296,COc1ccc(NC(=O)CSc2nnc(-c3c[nH]c4ccccc34)o2)cc1OC,0
ZINC03520004,DUD_fgfr1_D_2297,COc1cc(NC(=O)CSc2nnc(-c3c[nH]c4ccccc34)o2)cc(OC)c1,0
ZINC03520443,DUD_fgfr1_D_2298,CC(C)c1ccc(NC(=O)CSc2nnc(Cc3ccccc3F)n2N)cc1,0
ZINC03520459,DUD_fgfr1_D_2299,COc1cc(Cl)c(C)cc1NC(=O)CSc1nnc(Cc2ccccc2F)n1N,0
ZINC03520479,DUD_fgfr1_D_2300,C[C@H]1Cc2ccccc2N1C(=O)CSc1nnc(Cc2ccccc2F)n1N,0
ZINC03520482,DUD_fgfr1_D_2301,Cc1cc(C)cc(NC(=O)CSc2nnc(Cc3ccccc3F)n2N)c1,0
ZINC03520483,DUD_fgfr1_D_2302,CCc1cccc(CC)c1NC(=O)CSc1nnc(Cc2ccccc2F)n1N,0
ZINC03520492,DUD_fgfr1_D_2303,CC[C@@H](C)c1ccc(NC(=O)CSc2nnc(Cc3ccccc3F)n2N)cc1,0
ZINC03520493,DUD_fgfr1_D_2304,CC[C@H](C)c1ccc(NC(=O)CSc2nnc(Cc3ccccc3F)n2N)cc1,0
ZINC03520506,DUD_fgfr1_D_2305,Cc1cccc(C(C)C)c1NC(=O)CSc1nnc(Cc2ccccc2F)n1N,0
ZINC03520509,DUD_fgfr1_D_2306,Cc1cc(C)c(NC(=O)CSc2nnc(Cc3ccccc3F)n2N)c(C)c1,0
ZINC03521378,DUD_fgfr1_D_2307,COc1ccc(Cl)cc1NC(=O)[C@H](C)OC(=O)c1cccc(NC(C)=O)c1,0
ZINC03521379,DUD_fgfr1_D_2308,COc1ccc(Cl)cc1NC(=O)[C@@H](C)OC(=O)c1cccc(NC(C)=O)c1,0
ZINC03523247,DUD_fgfr1_D_2309,Nn1c(Cc2ccccc2F)nnc1SCC(=O)Nc1ccc2c(c1)CCC2,0
ZINC03523250,DUD_fgfr1_D_2310,Cc1cc(C)c(NC(=O)CSc2nnc(Cc3ccccc3F)n2N)c(Cl)c1,0
ZINC03523275,DUD_fgfr1_D_2311,Cc1cc2oc(=O)cc(CSc3nnc(Cc4ccccc4F)n3N)c2cc1C(C)C,0
ZINC03523279,DUD_fgfr1_D_2312,Nn1c(Cc2ccccc2F)nnc1SCc1cc(=O)oc2cc3c(cc12)CCC3,0
ZINC03523937,DUD_fgfr1_D_2313,COc1ccc(NS(=O)(=O)c2cc(C(=O)Nc3ccc(F)cc3C)ccc2C)cc1,0
ZINC03523959,DUD_fgfr1_D_2314,CCSc1nnc(NC(=O)c2ccc(C)c(NC(=O)c3ccco3)c2)s1,0
ZINC03525924,DUD_fgfr1_D_2315,Cc1cccc(NC(=O)CSc2nnc(COc3ccc(Cl)cc3)n2N)c1C,0
ZINC03528384,DUD_fgfr1_D_2316,CC[C@]1(C)NC(=O)N(/N=C/c2ccc(OC(=O)c3ccccc3Cl)c(OC)c2)C1=O,0
ZINC03528774,DUD_fgfr1_D_2317,CC(C)(C)c1ccc(-c2nnc(SCCN3C(=O)c4ccccc4C3=O)n2N)cc1,0
ZINC03528776,DUD_fgfr1_D_2318,CN(C(=O)CSc1nnc(-c2ccc(C(C)(C)C)cc2)n1N)c1ccccc1,0
ZINC03528797,DUD_fgfr1_D_2319,CC(C)(C)c1ccc(-c2nnc(SCC(=O)N3CCc4ccccc43)n2N)cc1,0
ZINC03528826,DUD_fgfr1_D_2320,CCN(C(=O)CSc1nnc(-c2ccc(C(C)(C)C)cc2)n1N)c1ccccc1,0
ZINC03529231,DUD_fgfr1_D_2321,CC(C)(C)c1ccc(-c2nnc(SCC(=O)Nc3cc(F)ccc3F)n2N)cc1,0
ZINC03529238,DUD_fgfr1_D_2322,CC(C)(C)c1ccc(-c2nnc(SCC(=O)Nc3ccccc3OC(F)F)n2N)cc1,0
ZINC03529745,DUD_fgfr1_D_2323,COc1ccc(C)cc1NC(=O)CSc1nnc(Nc2ccc(C)cc2)s1,0
ZINC03533815,DUD_fgfr1_D_2324,Cc1ccccc1NC(=O)Cc1nc(COC(=O)c2ccc(CO)cc2)cs1,0
ZINC03533886,DUD_fgfr1_D_2325,CCc1ccc(Nc2nnc(SCC(=O)Nc3ccc4c(c3)OCO4)s2)cc1,0
ZINC03533916,DUD_fgfr1_D_2326,Nn1c(SCC(=O)Nc2ccc3c(c2)CCC3)nnc1-c1ccc(OC(F)F)cc1,0
ZINC03534582,DUD_fgfr1_D_2327,CCCn1c(O)nnc1SCC(=O)N1NC(c2ccc(Cl)cc2)=C[C@H]1c1ccco1,0
ZINC03534583,DUD_fgfr1_D_2328,CCCn1c(O)nnc1SCC(=O)N1NC(c2ccc(Cl)cc2)=C[C@H]1c1ccco1,0
ZINC03534651,DUD_fgfr1_D_2329,Nn1c(SCC(=O)N2CCc3ccccc32)nnc1-c1ccc(OC(F)F)cc1,0
ZINC03534968,DUD_fgfr1_D_2330,Nn1c(SCC(=O)N2CCCc3ccccc32)nnc1-c1ccc(OC(F)F)cc1,0
ZINC03534972,DUD_fgfr1_D_2331,CC(C)(C)c1ccccc1NC(=O)CSc1nnc(-c2ccc(OC(F)F)cc2)n1N,0
ZINC03534975,DUD_fgfr1_D_2332,CCc1cccc(C)c1NC(=O)CSc1nnc(-c2ccc(OC(F)F)cc2)n1N,0
ZINC03534981,DUD_fgfr1_D_2333,CCOc1ccc(C(C)=O)cc1CSc1nnc(-c2ccc(OC(F)F)cc2)n1N,0
ZINC03535597,DUD_fgfr1_D_2334,COc1ccc(C(C)=O)cc1CSc1nnc(-c2ccc(OC(F)F)cc2)n1N,0
ZINC03536270,DUD_fgfr1_D_2335,C[C@H]1Cc2ccccc2N1C(=O)CSc1nnc(-c2ccc(OC(F)F)cc2)n1N,0
ZINC03536273,DUD_fgfr1_D_2336,CC[C@H](C)c1ccc(NC(=O)CSc2nnc(-c3ccc(OC(F)F)cc3)n2N)cc1,0
ZINC03536275,DUD_fgfr1_D_2337,Cc1cccc(C(C)C)c1NC(=O)CSc1nnc(-c2ccc(OC(F)F)cc2)n1N,0
ZINC03537457,DUD_fgfr1_D_2338,COc1ccc(NC(=O)CN2C(=O)N[C@]3(CCOc4ccccc43)C2=O)cc1Cl,0
ZINC03538131,DUD_fgfr1_D_2339,Cc1cc(OCc2nnc(SCC(=O)Nc3ccc4c(c3)OCO4)[nH]2)ccc1Cl,0
ZINC03538481,DUD_fgfr1_D_2340,O=C(CSc1ccc([N+](=O)[O-])cc1)Nc1nc2c(s1)C[N@H+](Cc1ccccc1)CC2,0
ZINC03538587,DUD_fgfr1_D_2341,COc1cc(Cl)c(C)cc1NC(=O)C[NH+]1CCN(c2ccccc2O)CC1,0
ZINC03541348,DUD_fgfr1_D_2342,COc1ccc(Cl)cc1NC(=O)C[N@H+](C)CC(=O)Nc1ccccc1C(C)C,0
ZINC03541402,DUD_fgfr1_D_2343,COc1ccc(Cl)cc1NC(=O)C[N@@H+](C)CC(=O)Nc1ccc2c(c1)CCC2,0
ZINC03541816,DUD_fgfr1_D_2344,C[N@@H+](CC(=O)Nc1cccc(F)c1)Cc1nc2sc3c(c2c(=O)[nH]1)CCCC3,0
ZINC03541816,DUD_fgfr1_D_2345,C[N@H+](CC(=O)Nc1cccc(F)c1)Cc1nc(=O)c2c3c(sc2[nH]1)CCCC3,0
ZINC03541816,DUD_fgfr1_D_2346,C[N@@H+](CC(=O)Nc1cccc(F)c1)Cc1nc(O)c2c3c(sc2n1)CCCC3,0
ZINC03541824,DUD_fgfr1_D_2347,C[C@H]1CCc2c(sc(NC(=O)C[N@H+](C)CC(=O)Nc3cccc(F)c3)c2C#N)C1,0
ZINC03541825,DUD_fgfr1_D_2348,C[C@H]1CCc2c(sc(NC(=O)C[N@H+](C)CC(=O)Nc3cccc(F)c3)c2C#N)C1,0
ZINC03542619,DUD_fgfr1_D_2349,COC(=O)c1ccc(-n2c(C)cc(C(=O)CSc3nnc(N)s3)c2C)cc1,0
ZINC03544410,DUD_fgfr1_D_2350,Cc1ccc(NC(=O)CSc2nnc(-c3cccc(Cl)c3)n2N)c(C)c1,0
ZINC03545057,DUD_fgfr1_D_2351,CCc1ccccc1Nc1nc(N)nc(COC(=O)c2c(F)cccc2Cl)n1,0
ZINC03545072,DUD_fgfr1_D_2352,CCc1ccccc1Nc1nc(N)nc(COC(=O)c2cccnc2Cl)n1,0
ZINC03545242,DUD_fgfr1_D_2353,CCc1ccccc1Nc1nc(N)nc(COC(=O)c2ccccc2OC(F)F)n1,0
ZINC03546018,DUD_fgfr1_D_2354,CCc1cccc(C)c1NC(=O)CSc1nnc(-c2cccc(Cl)c2)n1N,0
ZINC03546020,DUD_fgfr1_D_2355,Nn1c(SCC(=O)Nc2ccc3c(c2)CCC3)nnc1-c1cccc(Cl)c1,0
ZINC03546489,DUD_fgfr1_D_2356,Nn1c(SCc2cc(=O)oc3cc4c(cc23)CCC4)nnc1-c1cccc(Cl)c1,0
ZINC03546671,DUD_fgfr1_D_2357,CCN(CC)c1ccc(C(=O)NNC2=CCS(=O)(=O)c3ccc(F)cc32)cc1,0
ZINC03548288,DUD_fgfr1_D_2358,Nc1nc(SCC(=O)Nc2ccc3c(c2)OCO3)nc2sc3c(c12)CCCC3,0
ZINC03549813,DUD_fgfr1_D_2359,O=C(NCC1CCCCC1)c1ccc(S(=O)(=O)Nc2ccc(F)cc2)cc1,0
ZINC03550660,DUD_fgfr1_D_2360,COc1ccccc1OCC(=O)Nc1nc(-c2ccc(NC(C)=O)cc2)cs1,0
ZINC03552981,DUD_fgfr1_D_2361,C[NH+]1CCN(c2ccc(Cl)cc2NC(=O)CCN2C(=O)c3ccccc3C2=O)CC1,0
ZINC03553852,DUD_fgfr1_D_2362,CSc1ccc(C(=O)Nc2nc3c(s2)C[N@@H+](Cc2ccccc2)CC3)cc1[N+](=O)[O-],0
ZINC03557090,DUD_fgfr1_D_2363,Cc1cc(C)c(NC(=O)[C@H](C)Sc2nnc(Cc3ccccc3F)n2N)c(C)c1,0
ZINC03557092,DUD_fgfr1_D_2364,Cc1cc(C)c(NC(=O)[C@H](C)Sc2nnc(Cc3ccccc3F)n2N)c(C)c1,0
ZINC03558079,DUD_fgfr1_D_2365,CSc1ccccc1C(=O)NCCN1C(=O)S/C(=C/c2ccc3c(c2)OCO3)C1=O,0
ZINC03559204,DUD_fgfr1_D_2366,COc1cccc(Nc2nnc(SCC(=O)NC(=O)c3cccn3C)s2)c1,0
ZINC03559697,DUD_fgfr1_D_2367,CN(c1cccc(Cl)c1)S(=O)(=O)c1cccc(C(=O)NC2CCC(O)CC2)c1,0
ZINC03562675,DUD_fgfr1_D_2368,CCOc1ccccc1Nc1nnc(SCC(=O)Nc2ccc3c(c2)OCO3)s1,0
ZINC03562791,DUD_fgfr1_D_2369,CCC(=O)c1ccc(OCC(=O)Nc2cc(Cl)ccc2N2CC[NH+](C)CC2)cc1,0
ZINC03563005,DUD_fgfr1_D_2370,COc1ccc(NC(=O)CN2C(=O)N[C@@H](Cc3ccccc3)C2=O)cc1Cl,0
ZINC03563007,DUD_fgfr1_D_2371,COc1ccc(NC(=O)CN2C(=O)N[C@@H](Cc3ccccc3)C2=O)cc1Cl,0
ZINC03563162,DUD_fgfr1_D_2372,COc1ccc(Nc2nnc(SCC(=O)Nc3cc(OC)cc(OC)c3)s2)cc1,0
ZINC03565327,DUD_fgfr1_D_2373,Cc1ccc(NC(=O)[C@H](C)Sc2nnc(-c3ccc(OC(F)F)cc3)n2N)cc1,0
ZINC03567484,DUD_fgfr1_D_2374,CSc1cccc(NC(=O)CSc2nnc(-c3ccc(C)cc3)n2N)c1,0
ZINC03567611,DUD_fgfr1_D_2375,Cc1cc(C)c(NC(=O)CSc2nnc(COc3ccc(Cl)cc3)n2N)c(C)c1,0
ZINC03567659,DUD_fgfr1_D_2376,O=C(C[NH+]1CCN(c2ccccc2O)CC1)NNC(=O)c1ccc(Cl)cc1,0
ZINC03567812,DUD_fgfr1_D_2377,CC(=O)Nc1ccc(NC(=O)C[NH+]2CCN(c3cccc(C(F)(F)F)c3)CC2)cc1,0
ZINC03568172,DUD_fgfr1_D_2378,COc1ccc(Nc2nnc(SCCCn3c(=O)[nH]c4ccccc43)s2)cc1,0
ZINC03568262,DUD_fgfr1_D_2379,Cc1ccc(NC(=O)CSc2nnc(COc3ccc(Cl)cc3)n2N)cc1C,0
ZINC03568274,DUD_fgfr1_D_2380,Cc1ccc2c(CSc3nnc(COc4ccc(Cl)cc4)n3N)cc(=O)oc2c1,0
ZINC03568872,DUD_fgfr1_D_2381,Nn1c(COc2ccc(Cl)cc2)nnc1SCC(=O)Nc1ccc2c(c1)CCC2,0
ZINC03569087,DUD_fgfr1_D_2382,Cc1cccc(C)c1NC(=O)CSc1nnc(COc2ccc(Cl)cc2)n1N,0
ZINC03569093,DUD_fgfr1_D_2383,Cc1ccc(NC(=O)CSc2nnc(COc3ccc(Cl)cc3)n2N)c(C)c1,0
ZINC03569771,DUD_fgfr1_D_2384,O=C(NCC1CCCCC1)c1cccc(S(=O)(=O)Nc2ccc(F)cc2)c1,0
ZINC03569797,DUD_fgfr1_D_2385,COc1ccccc1NS(=O)(=O)c1cc(C(=O)Nc2ccc(F)cc2F)ccc1C,0
ZINC03569927,DUD_fgfr1_D_2386,COc1ccc(NS(=O)(=O)c2cccc(C(=O)Nc3ccc(OC)c(Cl)c3)c2)cc1,0
ZINC03570039,DUD_fgfr1_D_2387,COc1ccccc1NS(=O)(=O)c1cc(C(=O)Nc2ccc(F)cc2C)ccc1C,0
ZINC03570780,DUD_fgfr1_D_2388,COC(=O)c1ccc(COc2ccc(/C=C3\NC(=S)NC3=O)cc2OC)cc1,0
ZINC03570858,DUD_fgfr1_D_2389,C[N@@H+](CC(=O)Nc1ccccc1Cl)Cc1nc2sc3c(c2c(=O)[nH]1)CCCC3,0
ZINC03570858,DUD_fgfr1_D_2390,C[N@@H+](CC(=O)Nc1ccccc1Cl)Cc1nc(=O)c2c3c(sc2[nH]1)CCCC3,0
ZINC03570858,DUD_fgfr1_D_2391,C[N@@H+](CC(=O)Nc1ccccc1Cl)Cc1nc(O)c2c3c(sc2n1)CCCC3,0
ZINC03571243,DUD_fgfr1_D_2392,COc1ccc(Nc2nnc(SCC(=O)Nc3ccc(OC)cc3OC)s2)cc1,0
ZINC03571765,DUD_fgfr1_D_2393,Cc1cccc(C)c1NC(=O)C[N@@H+](C)Cc1nc2scc(-c3ccccc3)c2c(=O)[nH]1,0
ZINC03573187,DUD_fgfr1_D_2394,Cc1cccc(NC(=O)CSc2nnc(-c3ccc(OC(F)F)cc3)n2N)c1C,0
ZINC03573189,DUD_fgfr1_D_2395,Cc1ccc(NC(=O)CSc2nnc(-c3ccc(OC(F)F)cc3)n2N)cc1C,0
ZINC03573190,DUD_fgfr1_D_2396,CC(C)c1ccc(NC(=O)CSc2nnc(-c3ccc(OC(F)F)cc3)n2N)cc1,0
ZINC03573194,DUD_fgfr1_D_2397,COc1ccc(C)cc1NC(=O)CSc1nnc(-c2ccc(OC(F)F)cc2)n1N,0
ZINC03573195,DUD_fgfr1_D_2398,Cc1cccc(C)c1NC(=O)CSc1nnc(-c2ccc(OC(F)F)cc2)n1N,0
ZINC03573214,DUD_fgfr1_D_2399,Cc1cc(C)cc(NC(=O)CSc2nnc(-c3ccc(OC(F)F)cc3)n2N)c1,0
ZINC03573215,DUD_fgfr1_D_2400,CCc1cccc(CC)c1NC(=O)CSc1nnc(-c2ccc(OC(F)F)cc2)n1N,0
ZINC03573223,DUD_fgfr1_D_2401,CCc1ccc(NC(=O)CSc2nnc(-c3ccc(OC(F)F)cc3)n2N)cc1,0
ZINC03573224,DUD_fgfr1_D_2402,Cc1ccc(C)c(NC(=O)CSc2nnc(-c3ccc(OC(F)F)cc3)n2N)c1,0
ZINC03573225,DUD_fgfr1_D_2403,Cc1ccc(NC(=O)CSc2nnc(-c3ccc(OC(F)F)cc3)n2N)c(C)c1,0
ZINC03573232,DUD_fgfr1_D_2404,Cc1cc(C)c(NC(=O)CSc2nnc(-c3ccc(OC(F)F)cc3)n2N)c(C)c1,0
ZINC03575234,DUD_fgfr1_D_2405,O=C(CC[NH+]1CCN(c2ccccc2)CC1)N/N=C\c1ccc(O)c(Br)c1,0
ZINC03575275,DUD_fgfr1_D_2406,O=C(CC[NH+]1CCN(c2ccccc2)CC1)N/N=C\c1cc(Cl)cc([N+](=O)[O-])c1[O-],0
ZINC03577096,DUD_fgfr1_D_2407,Cc1ccc(C(C)C)c(OCC(=O)NNC2=CCS(=O)(=O)c3ccc(F)cc32)c1,0
ZINC03578636,DUD_fgfr1_D_2408,C=C(NNC(=O)[C@@H]1CCCN(S(=O)(=O)c2ccc(C)cc2)C1)c1cccs1,0
ZINC03578643,DUD_fgfr1_D_2409,C=C(NNC(=O)[C@H]1CCCN(S(=O)(=O)c2ccc(C)cc2)C1)c1ccccc1F,0
ZINC03579686,DUD_fgfr1_D_2410,COc1ccc([C@]2(C)NC(=O)N(/N=C/c3cc(Br)c(O)c(OC)c3)C2=O)cc1,0
ZINC03579688,DUD_fgfr1_D_2411,COc1ccc([C@]2(C)NC(=O)N(/N=C\c3cc(Br)c(O)c(OC)c3)C2=O)cc1,0
ZINC03579838,DUD_fgfr1_D_2412,COc1cc(/C=N/N2C(=O)N[C@](C)(c3ccc(OC(F)F)cc3)C2=O)cc(OC)c1O,0
ZINC03579840,DUD_fgfr1_D_2413,COc1cc(/C=N/N2C(=O)N[C@](C)(c3ccc(OC(F)F)cc3)C2=O)cc(OC)c1O,0
ZINC03580247,DUD_fgfr1_D_2414,COCCNC(=O)CSc1nnc(-c2c[nH]c3ccccc23)n1-c1ccc(Cl)cc1,0
ZINC03584755,DUD_fgfr1_D_2415,C[C@H]1CCc2c(sc(NC(=O)C[N@@H+](C)CC(=O)Nc3ccccc3Cl)c2C#N)C1,0
ZINC03584758,DUD_fgfr1_D_2416,C[C@@H]1CCc2c(sc(NC(=O)C[N@@H+](C)CC(=O)Nc3ccccc3Cl)c2C#N)C1,0
ZINC03584768,DUD_fgfr1_D_2417,C[N@@H+](CC(=O)Nc1ccccc1Cl)CC(=O)Nc1sc2c(c1C#N)CCCCC2,0
ZINC03584807,DUD_fgfr1_D_2418,Cc1cn([C@H]2C=C[C@H](COC(=O)NCCc3ccc(Cl)cc3)O2)c(=O)[nH]c1=O,0
ZINC03588018,DUD_fgfr1_D_2419,C[NH+](C)CCNC(=O)c1ccc2c(c1)NC(=O)/C(=C\c1ccccc1F)S2,0
ZINC03588038,DUD_fgfr1_D_2420,COC(CNC(=O)c1ccc2c(c1)NC(=O)/C(=C/c1ccccc1F)S2)OC,0
ZINC03588086,DUD_fgfr1_D_2421,CC[NH+](CC)CCNC(=O)c1ccc2c(c1)NC(=O)/C(=C\c1ccccc1F)S2,0
ZINC03588154,DUD_fgfr1_D_2422,O=C1Nc2cc(C(=O)NCCC[NH+]3CCCC3)ccc2S/C1=C/c1ccccc1F,0
ZINC03588156,DUD_fgfr1_D_2423,O=C1Nc2cc(C(=O)NCCC[NH+]3CCCC3)ccc2S/C1=C\c1ccccc1F,0
ZINC03589155,DUD_fgfr1_D_2424,COCCCNC(=O)c1ccc2c(c1)NC(=O)/C(=C/c1ccccc1Cl)S2,0
ZINC03589268,DUD_fgfr1_D_2425,CC[NH+](CC)CCNC(=O)c1ccc2c(c1)NC(=O)/C(=C\c1cccc(Cl)c1)S2,0
ZINC03589273,DUD_fgfr1_D_2426,COCCCNC(=O)c1ccc2c(c1)NC(=O)/C(=C\c1cccc(Cl)c1)S2,0
ZINC03589360,DUD_fgfr1_D_2427,O=C1Nc2cc(C(=O)NCCC[NH+]3CCCC3)ccc2S/C1=C\c1cccc(Cl)c1,0
ZINC03589363,DUD_fgfr1_D_2428,O=C1Nc2cc(C(=O)NCCC[NH+]3CCCC3)ccc2S/C1=C\c1cccc(Cl)c1,0
ZINC03589423,DUD_fgfr1_D_2429,COC(CNC(=O)c1ccc2c(c1)NC(=O)/C(=C/c1cccc(Cl)c1)S2)OC,0
ZINC03589460,DUD_fgfr1_D_2430,C[NH+](C)CCNC(=O)c1ccc2c(c1)NC(=O)/C(=C/c1cccc(Cl)c1)S2,0
ZINC03589636,DUD_fgfr1_D_2431,CC[NH+](CC)CCNC(=O)c1ccc2c(c1)NC(=O)/C(=C\c1ccccc1Cl)S2,0
ZINC03592487,DUD_fgfr1_D_2432,CC(C)(C)c1ccc(-c2nnc(SCC(=O)Nc3ccc(F)cc3F)n2N)cc1,0
ZINC03593294,DUD_fgfr1_D_2433,COc1ccc(C)cc1NC(=O)CN1C(=O)N[C@](C)(c2cccc(Br)c2)C1=O,0
ZINC03593296,DUD_fgfr1_D_2434,COc1ccc(C)cc1NC(=O)CN1C(=O)N[C@](C)(c2cccc(Br)c2)C1=O,0
ZINC03593335,DUD_fgfr1_D_2435,CCOc1ccccc1NC(=O)CN1C(=O)N[C@](C)(c2cccc(Br)c2)C1=O,0
ZINC03593337,DUD_fgfr1_D_2436,CCOc1ccccc1NC(=O)CN1C(=O)N[C@@](C)(c2cccc(Br)c2)C1=O,0
ZINC03593448,DUD_fgfr1_D_2437,COc1ccc(NC(=O)CN2C(=O)N[C@@](C)(c3ccccc3Cl)C2=O)c(OC)c1,0
ZINC03593660,DUD_fgfr1_D_2438,COc1ccc(OC)c(NC(=O)CN2C(=O)N[C@](C)(c3ccccc3Cl)C2=O)c1,0
ZINC03593662,DUD_fgfr1_D_2439,COc1ccc(OC)c(NC(=O)CN2C(=O)N[C@](C)(c3ccccc3Cl)C2=O)c1,0
ZINC03593681,DUD_fgfr1_D_2440,CCOc1ccccc1NC(=O)CN1C(=O)N[C@](C)(c2ccccc2Cl)C1=O,0
ZINC03593682,DUD_fgfr1_D_2441,CCOc1ccccc1NC(=O)CN1C(=O)N[C@@](C)(c2ccccc2Cl)C1=O,0
ZINC03593776,DUD_fgfr1_D_2442,COc1cc(NC(=O)CN2C(=O)N[C@@](C)(c3ccccc3Cl)C2=O)cc(OC)c1,0
ZINC03594020,DUD_fgfr1_D_2443,CC(C)C[C@]1(C)NC(=O)N(CC(=O)Nc2ccc(Cl)cc2C(=O)c2ccccc2)C1=O,0
ZINC03594460,DUD_fgfr1_D_2444,CCOc1ccccc1NC(=O)CN1C(=O)N[C@](C)(c2ccccc2Br)C1=O,0
ZINC03594462,DUD_fgfr1_D_2445,CCOc1ccccc1NC(=O)CN1C(=O)N[C@@](C)(c2ccccc2Br)C1=O,0
ZINC03595146,DUD_fgfr1_D_2446,CCOc1ccccc1NC(=O)CN1C(=O)N[C@@](C)(c2ccc(Cl)cc2Cl)C1=O,0
ZINC03595229,DUD_fgfr1_D_2447,CC[C@@]1(c2ccc(Cl)cc2)NC(=O)N(CC(=O)Nc2ccc(OC)cc2OC)C1=O,0
ZINC03595230,DUD_fgfr1_D_2448,CC[C@@]1(c2ccc(Cl)cc2)NC(=O)N(CC(=O)Nc2ccc(OC)cc2OC)C1=O,0
ZINC03595241,DUD_fgfr1_D_2449,CC[C@@]1(c2ccc(Cl)cc2)NC(=O)N(CC(=O)Nc2cccc([N+](=O)[O-])c2C)C1=O,0
ZINC03595243,DUD_fgfr1_D_2450,CC[C@]1(c2ccc(Cl)cc2)NC(=O)N(CC(=O)Nc2cccc([N+](=O)[O-])c2C)C1=O,0
ZINC03595335,DUD_fgfr1_D_2451,CC[C@]1(c2ccc(Cl)cc2)NC(=O)N(CC(=O)Nc2cccc(C(C)=O)c2)C1=O,0
ZINC03595336,DUD_fgfr1_D_2452,CC[C@]1(c2ccc(Cl)cc2)NC(=O)N(CC(=O)Nc2cccc(C(C)=O)c2)C1=O,0
ZINC03595351,DUD_fgfr1_D_2453,CC[C@]1(c2ccc(Cl)cc2)NC(=O)N(CC(=O)Nc2cccc(OC)c2)C1=O,0
ZINC03595353,DUD_fgfr1_D_2454,CC[C@]1(c2ccc(Cl)cc2)NC(=O)N(CC(=O)Nc2cccc(OC)c2)C1=O,0
ZINC03595358,DUD_fgfr1_D_2455,CC[C@]1(c2ccc(Cl)cc2)NC(=O)N(CC(=O)Nc2cc(OC)ccc2OC)C1=O,0
ZINC03595359,DUD_fgfr1_D_2456,CC[C@]1(c2ccc(Cl)cc2)NC(=O)N(CC(=O)Nc2cc(OC)ccc2OC)C1=O,0
ZINC03595368,DUD_fgfr1_D_2457,CCOc1ccccc1NC(=O)CN1C(=O)N[C@@](CC)(c2ccc(Cl)cc2)C1=O,0
ZINC03595388,DUD_fgfr1_D_2458,CC[C@@]1(c2ccc(Cl)cc2)NC(=O)N(CC(=O)Nc2cc([N+](=O)[O-])ccc2OC)C1=O,0
ZINC03595389,DUD_fgfr1_D_2459,CC[C@]1(c2ccc(Cl)cc2)NC(=O)N(CC(=O)Nc2cc([N+](=O)[O-])ccc2OC)C1=O,0
ZINC03595424,DUD_fgfr1_D_2460,COc1ccc(NC(=O)CN2C(=O)N[C@@](C)(c3ccc(OC(F)F)cc3)C2=O)c(OC)c1,0
ZINC03595426,DUD_fgfr1_D_2461,COc1ccc(NC(=O)CN2C(=O)N[C@@](C)(c3ccc(OC(F)F)cc3)C2=O)c(OC)c1,0
ZINC03595435,DUD_fgfr1_D_2462,CC(C)(C)c1ccccc1NC(=O)CN1C(=O)N[C@](C)(c2ccc(OC(F)F)cc2)C1=O,0
ZINC03595532,DUD_fgfr1_D_2463,CC(=O)c1cccc(NC(=O)CN2C(=O)N[C@@](C)(c3ccc(OC(F)F)cc3)C2=O)c1,0
ZINC03595535,DUD_fgfr1_D_2464,CC(=O)c1cccc(NC(=O)CN2C(=O)N[C@@](C)(c3ccc(OC(F)F)cc3)C2=O)c1,0
ZINC03595580,DUD_fgfr1_D_2465,CCOc1ccccc1NC(=O)CN1C(=O)N[C@@](C)(c2ccc(OC(F)F)cc2)C1=O,0
ZINC03595582,DUD_fgfr1_D_2466,CCOc1ccccc1NC(=O)CN1C(=O)N[C@](C)(c2ccc(OC(F)F)cc2)C1=O,0
ZINC03596189,DUD_fgfr1_D_2467,CCC[C@@]1(c2ccccc2)NC(=O)N(CC(=O)Nc2ccc(OC)c(Cl)c2)C1=O,0
ZINC03596191,DUD_fgfr1_D_2468,CCC[C@@]1(c2ccccc2)NC(=O)N(CC(=O)Nc2ccc(OC)c(Cl)c2)C1=O,0
ZINC03596257,DUD_fgfr1_D_2469,CCC[C@@]1(c2ccccc2)NC(=O)N(CC(=O)Nc2cc([N+](=O)[O-])ccc2Cl)C1=O,0
ZINC03596258,DUD_fgfr1_D_2470,CCC[C@]1(c2ccccc2)NC(=O)N(CC(=O)Nc2cc([N+](=O)[O-])ccc2Cl)C1=O,0
ZINC03596842,DUD_fgfr1_D_2471,CSc1cccc(NC(=O)CN2C(=O)N[C@H](CCc3ccccc3)C2=O)c1,0
ZINC03596920,DUD_fgfr1_D_2472,CC(C)C[C@@H]1NC(=O)N(CC(=O)Nc2ccccc2Sc2ccc(Cl)cc2)C1=O,0
ZINC03601419,DUD_fgfr1_D_2473,COc1cccc(Nc2nnc(S[C@@H](C)C(=O)Nc3ccccc3OC)s2)c1,0
ZINC03601428,DUD_fgfr1_D_2474,COc1cccc(Nc2nnc(SCC(=O)Nc3cccc(C)c3C)s2)c1,0
ZINC03601430,DUD_fgfr1_D_2475,COc1cccc(Nc2nnc(SCC(=O)Nc3c(C)cccc3C)s2)c1,0
ZINC03605461,DUD_fgfr1_D_2476,COC(=O)c1ccc(CSc2nnc(COc3ccc(Cl)cc3)n2N)cc1,0
ZINC03605853,DUD_fgfr1_D_2477,Nn1c(SCCCn2c(=O)[nH]c3ccccc32)nnc1-c1ccc(OC(F)F)cc1,0
ZINC03606728,DUD_fgfr1_D_2478,Cc1cc(C)cc(S(=O)(=O)c2c(C(=O)NNCCO)[nH]c3ccc(Cl)cc23)c1,0
ZINC03613452,DUD_fgfr1_D_2479,COc1ccc2c(Cl)c(C(=O)NCCc3ccc(S(N)(=O)=O)cc3)sc2c1,0
ZINC03618798,DUD_fgfr1_D_2480,CCOC(=O)N1CCC(Nc2nnc(NC(=O)c3cc4ccccc4s3)s2)CC1,0
ZINC03621402,DUD_fgfr1_D_2481,COc1ccc2c(CC(=O)Nc3nc(-c4ccc(NC(C)=O)cc4)cs3)coc2c1,0
ZINC03621453,DUD_fgfr1_D_2482,COc1cc(C(=O)Nc2nc(-c3ccc(NC(C)=O)cc3)cs2)cc(OC)c1OC,0
ZINC03626452,DUD_fgfr1_D_2483,CCOC(=O)c1c(C)nc(-c2sc3nc(-c4ccccc4)nc(N)c3c2C)nc1N,0
ZINC03629968,DUD_fgfr1_D_2484,O=C(Nc1nnc(NCCC[NH2+]C2CCCCC2)s1)c1cc2ccccc2s1,0
ZINC03630104,DUD_fgfr1_D_2485,C=CCn1c(=S)[nH]c2cc(C(=O)Nc3ccc(OC)c(OC)c3)ccc2c1=O,0
ZINC03630187,DUD_fgfr1_D_2486,COc1ccc(NC(=O)c2ccc3c(=O)n(Cc4ccco4)c(=S)[nH]c3c2)cc1OC,0
ZINC03630196,DUD_fgfr1_D_2487,O=C(NCc1ccccc1)c1ccc2c(=O)n(C[C@@H]3CCCO3)c(=S)[nH]c2c1,0
ZINC03630198,DUD_fgfr1_D_2488,O=C(NCc1ccccc1)c1ccc2c(=O)n(C[C@@H]3CCCO3)c(=S)[nH]c2c1,0
ZINC03630218,DUD_fgfr1_D_2489,O=C(NCc1ccccc1Cl)c1ccc2c(=O)n(C[C@@H]3CCCO3)c(=S)[nH]c2c1,0
ZINC03630220,DUD_fgfr1_D_2490,O=C(NCc1ccccc1Cl)c1ccc2c(=O)n(C[C@H]3CCCO3)c(=S)[nH]c2c1,0
ZINC03630375,DUD_fgfr1_D_2491,CC[N@H+]1CCC[C@H]1CNC(=O)c1ccc2c(=O)n(-c3ccccc3)c(=S)[nH]c2c1,0
ZINC03630378,DUD_fgfr1_D_2492,CC[N@H+]1CCC[C@@H]1CNC(=O)c1ccc2c(=O)n(-c3ccccc3)c(=S)[nH]c2c1,0
ZINC03630418,DUD_fgfr1_D_2493,O=C(NC[C@@H]1CCCO1)c1ccc2c(=O)n(Cc3ccccc3)c(=S)[nH]c2c1,0
ZINC03630420,DUD_fgfr1_D_2494,O=C(NC[C@H]1CCCO1)c1ccc2c(=O)n(Cc3ccccc3)c(=S)[nH]c2c1,0
ZINC03630438,DUD_fgfr1_D_2495,CC[N@@H+]1CCC[C@@H]1CNC(=O)c1ccc2c(=O)n(Cc3ccccc3)c(=S)[nH]c2c1,0
ZINC03630546,DUD_fgfr1_D_2496,Cc1ccc(C[N@H+]2CC[C@H](NC(=O)CNC(=O)c3cc(Cl)ccc3N)C2)cc1,0
ZINC03631161,DUD_fgfr1_D_2497,CCCCCn1c(=S)[nH]c2cc(C(=O)NCc3ccc4c(c3)OCO4)ccc2c1=O,0
ZINC03631215,DUD_fgfr1_D_2498,CC[N@@H+]1CCC[C@@H]1CNC(=O)c1ccc2c(=O)n(CCc3ccccc3)c(=S)[nH]c2c1,0
ZINC03631289,DUD_fgfr1_D_2499,C=CCn1c(=S)[nH]c2cc(C(=O)Nc3cc(OC)ccc3OC)ccc2c1=O,0
ZINC03631303,DUD_fgfr1_D_2500,COc1ccc(OC)c(-n2c(=S)[nH]c3cc(C(=O)NCc4ccco4)ccc3c2=O)c1,0
ZINC03631880,DUD_fgfr1_D_2501,COc1ccc(NC(=O)c2ccc3c(=O)n(Cc4ccco4)c(=S)[nH]c3c2)c(OC)c1,0
ZINC03631882,DUD_fgfr1_D_2502,COc1ccc(OC)c(NC(=O)c2ccc3c(=O)n(Cc4ccco4)c(=S)[nH]c3c2)c1,0
ZINC03631930,DUD_fgfr1_D_2503,O=C(NCCc1ccccc1)c1ccc2c(=O)n(C[C@H]3CCCO3)c(=S)[nH]c2c1,0
ZINC03631932,DUD_fgfr1_D_2504,O=C(NCCc1ccccc1)c1ccc2c(=O)n(C[C@@H]3CCCO3)c(=S)[nH]c2c1,0
ZINC03631933,DUD_fgfr1_D_2505,COc1ccc(NC(=O)c2ccc3c(=O)n(C[C@H]4CCCO4)c(=S)[nH]c3c2)cc1,0
ZINC03631936,DUD_fgfr1_D_2506,COc1ccc(NC(=O)c2ccc3c(=O)n(C[C@@H]4CCCO4)c(=S)[nH]c3c2)cc1,0
ZINC03631940,DUD_fgfr1_D_2507,Cc1ccc(NC(=O)c2ccc3c(=O)n(C[C@@H]4CCCO4)c(=S)[nH]c3c2)cc1F,0
ZINC03631944,DUD_fgfr1_D_2508,O=C(NCc1ccc(F)cc1)c1ccc2c(=O)n(C[C@@H]3CCCO3)c(=S)[nH]c2c1,0
ZINC03631946,DUD_fgfr1_D_2509,O=C(NCc1ccc(F)cc1)c1ccc2c(=O)n(C[C@H]3CCCO3)c(=S)[nH]c2c1,0
ZINC03631949,DUD_fgfr1_D_2510,O=C(Nc1ccc2c(c1)CCC2)c1ccc2c(=O)n(C[C@H]3CCCO3)c(=S)[nH]c2c1,0
ZINC03631955,DUD_fgfr1_D_2511,COc1ccccc1CNC(=O)c1ccc2c(=O)n(C[C@@H]3CCCO3)c(=S)[nH]c2c1,0
ZINC03631957,DUD_fgfr1_D_2512,COc1ccccc1CNC(=O)c1ccc2c(=O)n(C[C@H]3CCCO3)c(=S)[nH]c2c1,0
ZINC03631967,DUD_fgfr1_D_2513,O=C(NCc1ccc2c(c1)OCO2)c1ccc2c(=O)n(C[C@H]3CCCO3)c(=S)[nH]c2c1,0
ZINC03631969,DUD_fgfr1_D_2514,O=C(NCc1ccc2c(c1)OCO2)c1ccc2c(=O)n(C[C@H]3CCCO3)c(=S)[nH]c2c1,0
ZINC03631971,DUD_fgfr1_D_2515,COc1ccc(NC(=O)c2ccc3c(=O)n(C[C@H]4CCCO4)c(=S)[nH]c3c2)c(OC)c1,0
ZINC03631973,DUD_fgfr1_D_2516,COc1ccc(NC(=O)c2ccc3c(=O)n(C[C@@H]4CCCO4)c(=S)[nH]c3c2)c(OC)c1,0
ZINC03632016,DUD_fgfr1_D_2517,O=C(NCCC[NH+]1CCOCC1)c1ccc2c(=O)n(-c3ccc(F)cc3)c(=S)[nH]c2c1,0
ZINC03632089,DUD_fgfr1_D_2518,COc1ccc(-n2c(=S)[nH]c3cc(C(=O)NCc4ccco4)ccc3c2=O)cc1OC,0
ZINC03632262,DUD_fgfr1_D_2519,COc1ccc(Cn2c(=S)[nH]c3cc(C(=O)NC[C@H]4CCCO4)ccc3c2=O)cc1,0
ZINC03632263,DUD_fgfr1_D_2520,COc1ccc(Cn2c(=S)[nH]c3cc(C(=O)NC[C@@H]4CCCO4)ccc3c2=O)cc1,0
ZINC03632323,DUD_fgfr1_D_2521,COc1ccc(-n2c(=S)[nH]c3cc(C(=O)NC[C@@H]4CCCO4)ccc3c2=O)cc1,0
ZINC03632326,DUD_fgfr1_D_2522,COc1ccc(-n2c(=S)[nH]c3cc(C(=O)NC[C@H]4CCCO4)ccc3c2=O)cc1,0
ZINC03635005,DUD_fgfr1_D_2523,C=C1Nc2nc(CCCO)nn2[C@@H](c2ccccc2OC)[C@@H]1C(=O)Nc1ccc(F)cc1,0
ZINC03635010,DUD_fgfr1_D_2524,C=C1Nc2nc(CCCO)nn2[C@@H](c2ccccc2OC)[C@@H]1C(=O)Nc1ccc(F)cc1,0
ZINC03636566,DUD_fgfr1_D_2525,Nc1nc(CC[NH+]2CCN(c3ccc(Cl)cc3)CC2)nc(NC2CCCCC2)n1,0
ZINC03641390,DUD_fgfr1_D_2526,CCN1C(=O)N/C(=C/c2cn(CC(=O)Nc3ccc(Cl)cc3)c3ccccc23)C1=O,0
ZINC03642914,DUD_fgfr1_D_2527,COc1ccc(NC(=O)[C@H]2CC(=O)N=C(Nc3cc(Cl)ccc3OC)S2)cc1,0
ZINC03643071,DUD_fgfr1_D_2528,CCNC(=S)N/N=C\c1cn(CC(=O)Nc2ccc3c(c2)OCO3)c2ccccc12,0
ZINC03645881,DUD_fgfr1_D_2529,COc1ccc(CNC(=S)Nc2ccc3nc4n(c(=O)c3c2)CCCCC4)cc1,0
ZINC03646330,DUD_fgfr1_D_2530,COCCn1c2c(c(=O)[nH]c1=O)[C@@H](c1ccc(SC)cc1)C1=C(N2)c2ccccc2C1=O,0
ZINC03646368,DUD_fgfr1_D_2531,COCCCn1c2c(c(=O)[nH]c1=O)[C@H](c1ccc(F)cc1)C1=C(N2)c2ccccc2C1=O,0
ZINC03646370,DUD_fgfr1_D_2532,COCCCn1c2c(c(=O)[nH]c1=O)[C@@H](c1ccc(F)cc1)C1=C(N2)c2ccccc2C1=O,0
ZINC03646372,DUD_fgfr1_D_2533,COCCCn1c2c(c(=O)[nH]c1=O)[C@@H](c1ccc(Cl)cc1)C1=C(N2)c2ccccc2C1=O,0
ZINC03646375,DUD_fgfr1_D_2534,COCCCn1c2c(c(=O)[nH]c1=O)[C@H](c1ccc(Cl)cc1)C1=C(N2)c2ccccc2C1=O,0
ZINC03648606,DUD_fgfr1_D_2535,O=C(Cn1cc(/C=C2\C(=O)Nc3cc(Cl)ccc32)c2ccccc21)NC[C@H]1CCCO1,0
ZINC03652560,DUD_fgfr1_D_2536,Cc1cccc(NC(=O)CN2C(=O)N/C(=C/c3ccc(N4CCCC4)c(F)c3)C2=O)c1,0
ZINC03653100,DUD_fgfr1_D_2537,CC1(C)CCC[N@H+](Cc2c(O)ccc3c(=O)c(-c4nc5ccccc5s4)c(N)oc23)C1,0
ZINC03657466,DUD_fgfr1_D_2538,C=C(NNC(=O)CNC(=O)c1ccc(Cl)cc1)c1ccc2c(c1)OCCO2,0
ZINC03659511,DUD_fgfr1_D_2539,Cc1cc(Cl)ccc1N(CC(=O)NNC1=CCCCCC1)S(=O)(=O)c1ccccc1,0
ZINC03659893,DUD_fgfr1_D_2540,C=C(NNC(=O)CSCc1ccccc1Cl)c1cccc(NC(C)=O)c1,0
ZINC03661185,DUD_fgfr1_D_2541,O=C(NNC1=CCCCC1)[C@H](Cc1ccccc1)NS(=O)(=O)c1ccc(Cl)cc1,0
ZINC03661186,DUD_fgfr1_D_2542,O=C(NNC1=CCCCC1)[C@@H](Cc1ccccc1)NS(=O)(=O)c1ccc(Cl)cc1,0
ZINC03664251,DUD_fgfr1_D_2543,C[C@@H](O)CN1C(=O)[C@H](CC(=O)Nc2ccc(Cl)cc2)S/C1=N/c1ccccc1,0
ZINC03668981,DUD_fgfr1_D_2544,C=C(NNC(=O)C1CCN(S(=O)(=O)c2ccc(Cl)cc2)CC1)c1ccccc1,0
ZINC03680662,DUD_fgfr1_D_2545,CC[C@@H](C)[C@H](CO)NC(=O)C1=C(c2ccc(N(C)C)cc2)NO[C@H]1c1ccsc1,0
ZINC03680739,DUD_fgfr1_D_2546,CN(C)c1ccc(C2=C(C(=O)NCC(C)(C)CO)[C@H](c3ccsc3)ON2)cc1,0
ZINC03680749,DUD_fgfr1_D_2547,CN(C)c1ccc(C2=C(C(=O)NCC(C)(C)CO)[C@@H](c3ccc(F)cc3Cl)ON2)cc1,0
ZINC03681482,DUD_fgfr1_D_2548,CCOc1ccccc1C1=C(C(=O)NCc2ccccc2N)[C@H](c2ccsc2)ON1,0
ZINC03681490,DUD_fgfr1_D_2549,CCOc1ccccc1C1=C(C(=O)NC[C@@H](O)c2ccccc2)[C@@H](c2ccsc2)ON1,0
ZINC03681692,DUD_fgfr1_D_2550,CCOc1ccccc1[C@H]1ONC(c2cccc(Cl)c2)=C1C(=O)NCC(C)(C)CO,0
ZINC03681706,DUD_fgfr1_D_2551,CC(C)c1ccc([C@@H]2ONC(c3cccc(Cl)c3)=C2C(=O)NCC(C)(C)CO)cc1,0
ZINC03681738,DUD_fgfr1_D_2552,CC(C)(CO)CNC(=O)C1=C(c2cccc(Cl)c2)NO[C@H]1c1cccc2ccccc12,0
ZINC03684830,DUD_fgfr1_D_2553,O=c1[nH]c2ccc(N3CCC[C@H](CO)C3)[nH+]c2nc1CSCc1ccccc1,0
ZINC03684830,DUD_fgfr1_D_2554,OC[C@@H]1CCCN(c2ccc3nc(O)c(CSCc4ccccc4)nc3[nH+]2)C1,0
ZINC03765295,DUD_fgfr1_D_2555,COc1ccc(N2CC[NH+](Cc3nc(N)nc(Nc4ccccc4Cl)n3)CC2)cc1,0
ZINC03765299,DUD_fgfr1_D_2556,Nc1nc(C[NH+]2CCN(c3ccccc3F)CC2)nc(Nc2ccccc2Cl)n1,0
ZINC03765393,DUD_fgfr1_D_2557,COc1ccc(C)cc1Nc1nc(N)nc(C[NH+]2CCN(c3ccccc3F)CC2)n1,0
ZINC03765395,DUD_fgfr1_D_2558,CCOc1ccccc1Nc1nc(N)nc(C[NH+]2CCN(c3ccccc3F)CC2)n1,0
ZINC03765397,DUD_fgfr1_D_2559,CCOc1ccccc1Nc1nc(N)nc(C[NH+]2CCN(c3ccc(F)cc3)CC2)n1,0
ZINC03768015,DUD_fgfr1_D_2560,COc1cc(C(=O)NNc2nc(-c3ccc([N+](=O)[O-])cc3)cs2)cc(OC)c1OC,0
ZINC03771450,DUD_fgfr1_D_2561,COc1cc(/C=C2/C(=O)NC(=S)N(C)C2=O)ccc1OCC(=O)Nc1ccc(F)cc1,0
ZINC03779125,DUD_fgfr1_D_2562,Cc1cc(NCc2ccc(-c3ccccc3-c3nnn[n-]3)cc2)c(Cl)c(C)[nH+]1,0
ZINC03781210,DUD_fgfr1_D_2563,COc1ccc([C@@H]([NH2+]Cc2ccccc2)c2csc(S(N)(=O)=O)c2)cc1C,0
ZINC03786584,DUD_fgfr1_D_2564,CCCc1nc(C)n2c(S)nnc2c1Cc1ccc(-c2ccccc2-c2nnn[n-]2)cc1,0
ZINC03786653,DUD_fgfr1_D_2565,CCOC(=O)C1=C(COCC[NH3+])Nc2c(C#N)cnn2[C@@H]1c1cccc(Cl)c1Cl,0
ZINC03786861,DUD_fgfr1_D_2566,O=c1ncc(NCC[NH+]2CCC(C(c3ccc(F)cc3)c3ccc(F)cc3)CC2)c[nH]1,0
ZINC03786863,DUD_fgfr1_D_2567,CN(CC[NH+]1CCC(=C(c2ccc(F)cc2)c2ccc(F)cc2)CC1)c1cnc(=O)[nH]c1,0
ZINC03797832,DUD_fgfr1_D_2568,Nc1ccc(N2CC[NH+](CCCCNC(=O)c3ccccc3)CC2)cc1C(F)(F)F,0
ZINC03797843,DUD_fgfr1_D_2569,Nc1cc(N2CC[NH+](CCCCCNC(=O)c3ccco3)CC2)ccc1Cl,0
ZINC03799604,DUD_fgfr1_D_2570,C#CCN(Cc1ccc2nc(C)[nH]c(=O)c2c1)c1ccc(C(=O)NCCCCl)cc1,0
ZINC03802737,DUD_fgfr1_D_2571,NC(=O)c1ccc[nH+]c1N1CC[NH+](CCCN(c2ccncc2)c2ccc(F)cc2)CC1,0
ZINC03803179,DUD_fgfr1_D_2572,CCCc1nc(C)nc([S-])c1Cc1ccc(-c2ccccc2-c2nnn[n-]2)cc1,0
ZINC03805362,DUD_fgfr1_D_2573,CCCCNC(=S)NC1CCN(C(=O)c2ccc(-n3ccnc3)cc2)CC1,0
ZINC03805362,DUD_fgfr1_D_2574,CCCCNC(=S)NC1CCN(C(=O)c2ccc(-n3cc[nH+]c3)cc2)CC1,0
ZINC03805687,DUD_fgfr1_D_2575,C[C@@H]([C@@H](O)c1ccc2c(c1)CCC(=O)N2)[NH+]1CCC(O)(c2ccc(C(F)(F)F)cc2)CC1,0
ZINC03805846,DUD_fgfr1_D_2576,Nc1c(Cl)cc(C(=O)OCC2CC[NH+](Cc3cccnc3)CC2)c2c1OCCO2,0
ZINC03807021,DUD_fgfr1_D_2577,CNC(=O)Oc1cccc([C@H]2CCC[N@@H+]2CCNC(=O)c2ccc(Cl)cc2)c1,0
ZINC03809765,DUD_fgfr1_D_2578,O=C(Nc1ccc2c(c1)OCCO2)OCCC[NH+]1CCC(C(=O)c2ccc(F)cc2)CC1,0
ZINC03816564,DUD_fgfr1_D_2579,O=C(NCCn1c(=O)cc(Nc2ccc3c(c2)CCC3)[nH]c1=O)c1cccnc1F,0
ZINC03817142,DUD_fgfr1_D_2580,O=S(=O)(Nc1ccc2c(c1)CC[NH2+]CC2)c1ccc(-c2ccc(Cl)cc2)cc1,0
ZINC03817147,DUD_fgfr1_D_2581,CC(C)Oc1cc2c(cc1NS(=O)(=O)c1ccc(-c3cccs3)cc1)CC[NH2+]CC2,0
ZINC03817331,DUD_fgfr1_D_2582,O=C(CC[NH+]1CCC(Cc2ccc(F)cc2)CC1)Nc1ccc2[nH]c(=O)oc2c1,0
ZINC03817333,DUD_fgfr1_D_2583,C[C@H](C(=O)Nc1ccc2[nH]c(=O)oc2c1)[NH+]1CCC(Cc2ccc(F)cc2)CC1,0
ZINC03818920,DUD_fgfr1_D_2584,Nc1ccccc1NC(=O)c1ccc(-c2ncc(C[NH+]3CCCCC3)s2)cc1,0
ZINC03818960,DUD_fgfr1_D_2585,C[N@@H+]1CCc2ccc(NS(=O)(=O)c3cccc(OCc4ccc(F)cc4)c3)cc2CC1,0
ZINC03819003,DUD_fgfr1_D_2586,O=c1[nH]c(NCC2CC[NH+](Cc3cc(Cl)ccc3O)CC2)nc2ccccc12,0
ZINC03819003,DUD_fgfr1_D_2587,Oc1ccc(Cl)cc1C[NH+]1CCC(CNc2nc(O)c3ccccc3n2)CC1,0
ZINC03819003,DUD_fgfr1_D_2588,O=c1nc(NCC2CC[NH+](Cc3cc(Cl)ccc3O)CC2)[nH]c2ccccc12,0
ZINC03819006,DUD_fgfr1_D_2589,Cc1cccc2nc(NCC3CC[NH+](Cc4cc(Cl)cc(F)c4O)CC3)[nH]c(=O)c12,0
ZINC03819007,DUD_fgfr1_D_2590,COc1cc(Cl)cc(C[NH+]2CCC(CNc3nc4ccc(C)cc4c(=O)[nH]3)CC2)c1O,0
ZINC03819007,DUD_fgfr1_D_2591,COc1cc(Cl)cc(C[NH+]2CCC(CNc3nc(O)c4cc(C)ccc4n3)CC2)c1O,0
ZINC03819007,DUD_fgfr1_D_2592,COc1cc(Cl)cc(C[NH+]2CCC(CNc3nc(=O)c4cc(C)ccc4[nH]3)CC2)c1O,0
ZINC03819153,DUD_fgfr1_D_2593,CNC(=O)c1ccc(C)c(Nc2ncnn3cc(C(=O)c4ccc(F)cc4)c(C)c23)c1,0
ZINC03819523,DUD_fgfr1_D_2594,Nc1nc(Nc2ccc(Sc3ccncc3)c(F)c2)cc(N2C[C@@H]3CCC[NH2+][C@@H]3C2)n1,0
ZINC03819799,DUD_fgfr1_D_2595,C[NH+](C)CCOc1ccc(Nc2nccc(-c3c[nH]nc3-c3ccc(Cl)cc3)n2)cc1,0
ZINC03819799,DUD_fgfr1_D_2596,C[NH+](C)CCOc1ccc(Nc2nccc(-c3cn[nH]c3-c3ccc(Cl)cc3)n2)cc1,0
ZINC03820441,DUD_fgfr1_D_2597,CC[NH+]1CCC(Nc2ccc3c(c2)/C(=C(\c2cccc(F)c2)c2ncc[nH]2)C(=O)N3)CC1,0
ZINC03820441,DUD_fgfr1_D_2598,CC[NH+]1CCC(Nc2ccc3c(c2)/C(=C(\c2cccc(F)c2)c2[nH]cc[nH+]2)C(=O)N3)CC1,0
ZINC03820566,DUD_fgfr1_D_2599,Brc1cnc(Nc2cccc(C[NH+]3CC=CC3)c2)nc1NCCc1c[nH]cn1,0
ZINC03820566,DUD_fgfr1_D_2600,Brc1cnc(Nc2cccc(C[NH+]3CC=CC3)c2)nc1NCCc1c[nH]c[nH+]1,0
ZINC03820566,DUD_fgfr1_D_2601,Brc1cnc(Nc2cccc(C[NH+]3CC=CC3)c2)nc1NCCc1cnc[nH]1,0
ZINC03820708,DUD_fgfr1_D_2602,Cc1cc(C(=O)N[C@@H](C)c2nc3cc(Cl)ccc3[nH]2)ccc1C(=O)N1CC=CC1,0
ZINC03820708,DUD_fgfr1_D_2603,Cc1cc(C(=O)N[C@@H](C)c2[nH]c3ccc(Cl)cc3[nH+]2)ccc1C(=O)N1CC=CC1,0
ZINC03820708,DUD_fgfr1_D_2604,Cc1cc(C(=O)N[C@@H](C)c2nc3ccc(Cl)cc3[nH]2)ccc1C(=O)N1CC=CC1,0
ZINC03820724,DUD_fgfr1_D_2605,COc1cc(C(=O)N[C@H](C)c2nc3cc(Cl)ccc3[nH]2)ccc1CN1CCCC1=O,0
ZINC03820724,DUD_fgfr1_D_2606,COc1cc(C(=O)N[C@@H](C)c2[nH]c3ccc(Cl)cc3[nH+]2)ccc1CN1CCCC1=O,0
ZINC03820724,DUD_fgfr1_D_2607,COc1cc(C(=O)N[C@H](C)c2nc3ccc(Cl)cc3[nH]2)ccc1CN1CCCC1=O,0
ZINC03820769,DUD_fgfr1_D_2608,O=C(c1ccc2c(NCc3nc4cc(Cl)ccc4[nH]3)ccnc2c1)N1CCCC1,0
ZINC03820769,DUD_fgfr1_D_2609,O=C(c1ccc2c(NCc3nc4ccc(Cl)cc4[nH]3)ccnc2c1)N1CCCC1,0
ZINC03820769,DUD_fgfr1_D_2610,O=C(c1ccc2c(NCc3[nH]c4ccc(Cl)cc4[nH+]3)ccnc2c1)N1CCCC1,0
ZINC03820769,DUD_fgfr1_D_2611,O=C(c1ccc2c(NCc3nc4ccc(Cl)cc4[nH]3)ccnc2c1)N1CCCC1,0
ZINC03827409,DUD_fgfr1_D_2612,Nc1ccc(CC2CC[NH+](C[C@H]3CN(c4ccc(Cl)cc4)C(=O)O3)CC2)cc1,0
ZINC03827726,DUD_fgfr1_D_2613,O=C(OCCNC(=S)Nc1ccccc1)[C@@H]1CCCN1C(=O)c1ccccc1,0
ZINC03828837,DUD_fgfr1_D_2614,COCC#CC(=O)Nc1ccc2ncc(C#N)c(Nc3cccc(Br)c3)c2c1,0
ZINC03828838,DUD_fgfr1_D_2615,C[NH+](C)C/C=C\C(=O)Nc1ccc2ncc(C#N)c(Nc3ccc(F)c(Cl)c3)c2c1,0
ZINC03841046,DUD_fgfr1_D_2616,Cc1nc2c(s1)C[C@H]1[C@](C)(CO)[C@H](O)CC[C@]1(C)[C@H]2CC(=O)Nc1ccccc1,0
ZINC03843265,DUD_fgfr1_D_2617,CCCCOc1ccc(-c2nnc3n2N[C@@H](c2ccc(O)c(OC)c2)S3)cc1,0
ZINC03849422,DUD_fgfr1_D_2618,Cn1c(=O)c2c(nc(NC[C@H](O)c3ccccc3)n2Cc2ccc(Cl)cc2)n(C)c1=O,0
ZINC03849422,DUD_fgfr1_D_2619,Cn1c(=O)c2c([nH+]c(NC[C@@H](O)c3ccccc3)n2Cc2ccc(Cl)cc2)n(C)c1=O,0
ZINC03849424,DUD_fgfr1_D_2620,Cn1c(=O)c2c(nc(NC[C@H](O)c3ccccc3)n2Cc2ccc(Cl)cc2)n(C)c1=O,0
ZINC03849424,DUD_fgfr1_D_2621,Cn1c(=O)c2c([nH+]c(NC[C@H](O)c3ccccc3)n2Cc2ccc(Cl)cc2)n(C)c1=O,0
ZINC03849449,DUD_fgfr1_D_2622,C/C=C(\NNC(=O)c1ccccc1Cl)[C@@H]1C(=O)NC(=O)N(c2ccc(C)cc2)C1=O,0
ZINC03849703,DUD_fgfr1_D_2623,C/C(Cl)=C\CSc1nc2c(c(=O)[nH]c(=O)n2C)n1C[C@@H](O)COc1ccccc1,0
ZINC03849703,DUD_fgfr1_D_2624,C/C(Cl)=C\CSc1[nH+]c2c(c(=O)[nH]c(=O)n2C)n1C[C@H](O)COc1ccccc1,0
ZINC03849771,DUD_fgfr1_D_2625,CCn1c(=O)n(CC)c2nc(NC(=O)CCC(=O)Nc3cccc(Cl)c3)ccc21,0
ZINC03849888,DUD_fgfr1_D_2626,COC(=O)[C@@H](Cc1c[nH]c2ccccc12)/N=C\[C@H]1C(=O)NC(=S)N(C2CC2)C1=O,0
ZINC03849888,DUD_fgfr1_D_2627,COC(=O)[C@H](Cc1c[nH]c2ccccc12)/[NH+]=C\[C@H]1C(=O)NC(=S)N(C2CC2)C1=O,0
ZINC03849893,DUD_fgfr1_D_2628,COC(=O)[C@H](Cc1c[nH]c2ccccc12)/N=C\[C@H]1C(=O)NC(=S)N(C2CC2)C1=O,0
ZINC03849893,DUD_fgfr1_D_2629,COC(=O)[C@@H](Cc1c[nH]c2ccccc12)/[NH+]=C\[C@@H]1C(=O)NC(=S)N(C2CC2)C1=O,0
ZINC03850028,DUD_fgfr1_D_2630,Cn1c(=O)n(C)c2nc(NC(=O)CCC(=O)Nc3cccc(Br)c3)ccc21,0
ZINC03850034,DUD_fgfr1_D_2631,Cc1ccc(NC(=O)CCC(=O)Nc2ccc3c(n2)n(C)c(=O)n3C)cc1Cl,0
ZINC03850105,DUD_fgfr1_D_2632,Cn1c(=O)n(C)c2nc(NC(=O)CCC(=O)Nc3ccc(Br)cc3)ccc21,0
ZINC03850157,DUD_fgfr1_D_2633,Cn1c(=O)n(C)c2nc(NC(=O)CCC(=O)Nc3ccccc3Cl)ccc21,0
ZINC03850182,DUD_fgfr1_D_2634,Cn1c(=O)n(C)c2nc(NC(=O)CCC(=O)Nc3ccccc3Br)ccc21,0
ZINC03850231,DUD_fgfr1_D_2635,COc1ccccc1/C=C\C(=O)Nc1nc2n(n1)[C@H](c1ccc(Cl)cc1)CC(=O)N2,0
ZINC03850233,DUD_fgfr1_D_2636,COc1ccccc1/C=C/C(=O)Nc1nc2n(n1)[C@H](c1ccc(Cl)cc1)CC(=O)N2,0
ZINC03850308,DUD_fgfr1_D_2637,CCn1c(=O)n(CC)c2nc(NC(=O)CCC(=O)Nc3ccc(F)cc3)ccc21,0
ZINC03850410,DUD_fgfr1_D_2638,Cc1c(Cl)cccc1NC(=O)CCC(=O)Nc1ccc2c(n1)n(C)c(=O)n2C,0
ZINC03850419,DUD_fgfr1_D_2639,CCn1c(=O)n(CC)c2nc(NC(=O)CCC(=O)Nc3ccc(Cl)cc3)ccc21,0
ZINC03850436,DUD_fgfr1_D_2640,C=C/C=C(\C=C1\C(=O)NN=C1c1c(O)c2ccccc2n(C)c1=O)C(/Cl)=C/C,0
ZINC03850458,DUD_fgfr1_D_2641,CCn1c(=O)n(CC)c2nc(NC(=O)CCC(=O)Nc3ccccc3F)ccc21,0
ZINC03850515,DUD_fgfr1_D_2642,CCn1c(=O)n(CC)c2nc(NC(=O)CCC(=O)Nc3cccc(Cl)c3C)ccc21,0
ZINC03850526,DUD_fgfr1_D_2643,COc1ccc(Cl)cc1NC(=O)CCC(=O)Nc1ccc2c(n1)n(C)c(=O)n2C,0
ZINC03850592,DUD_fgfr1_D_2644,CCn1c(=O)n(CC)c2nc(NC(=O)CCC(=O)Nc3ccccc3Cl)ccc21,0
ZINC03850679,DUD_fgfr1_D_2645,Cc1cc(NC(=O)CCC(=O)Nc2ccc3c(n2)n(C)c(=O)n3C)ccc1Br,0
ZINC03850713,DUD_fgfr1_D_2646,Cc1ccc(Cl)cc1NC(=O)CCC(=O)Nc1ccc2c(n1)n(C)c(=O)n2C,0
ZINC03850951,DUD_fgfr1_D_2647,COc1ccc(CCNC(=O)c2sc3nc(-c4cccnc4)ccc3c2N)cc1OC,0
ZINC03851033,DUD_fgfr1_D_2648,CCOC(=O)c1sc(NC(=O)[C@H](CC)Sc2nc3ccccc3[nH]2)nc1C,0
ZINC03851033,DUD_fgfr1_D_2649,CCOC(=O)c1sc(NC(=O)[C@H](CC)Sc2[nH]c3ccccc3[nH+]2)nc1C,0
ZINC03851037,DUD_fgfr1_D_2650,CCOC(=O)c1sc(NC(=O)[C@@H](CC)Sc2nc3ccccc3[nH]2)nc1C,0
ZINC03851037,DUD_fgfr1_D_2651,CCOC(=O)c1sc(NC(=O)[C@@H](CC)Sc2[nH]c3ccccc3[nH+]2)nc1C,0
ZINC03851318,DUD_fgfr1_D_2652,COc1ccc(NC(=O)/N=c2\[nH]nc(CC(=O)Nc3ccc(C)cc3)s2)cc1,0
ZINC03851327,DUD_fgfr1_D_2653,Cc1cccc(NC(=O)CN2C(=O)S/C(=C\C(=O)Nc3ccc(F)cc3)C2=O)c1,0
ZINC03851352,DUD_fgfr1_D_2654,COc1ccc(NC(=O)/N=c2/[nH]nc(CC(=O)Nc3ccccc3C)s2)cc1,0
ZINC03851568,DUD_fgfr1_D_2655,COc1ccc(/C=C\C(=O)NC(=S)Nc2c(C(N)=O)cnn2-c2cccc(C)c2)cc1,0
ZINC03851591,DUD_fgfr1_D_2656,CN(C)S(=O)(=O)c1ccc(NC(=O)CSc2nc3ccc(Cl)cc3[nH]2)cc1,0
ZINC03851591,DUD_fgfr1_D_2657,CN(C)S(=O)(=O)c1ccc(NC(=O)CSc2[nH]c3cc(Cl)ccc3[nH+]2)cc1,0
ZINC03851623,DUD_fgfr1_D_2658,CSCC[C@@H](NC(=O)c1ccc(N2CCCC2=O)cc1)c1nc2ccccc2[nH]1,0
ZINC03851623,DUD_fgfr1_D_2659,CSCC[C@@H](NC(=O)c1ccc(N2CCCC2=O)cc1)c1[nH]c2ccccc2[nH+]1,0
ZINC03851627,DUD_fgfr1_D_2660,CSCC[C@H](NC(=O)c1ccc(N2CCCC2=O)cc1)c1nc2ccccc2[nH]1,0
ZINC03851627,DUD_fgfr1_D_2661,CSCC[C@H](NC(=O)c1ccc(N2CCCC2=O)cc1)c1[nH]c2ccccc2[nH+]1,0
ZINC03851645,DUD_fgfr1_D_2662,CCOC(=O)c1c(C)[nH]c(C)c1C(=O)CSc1nc(-c2ccccc2)cn1N,0
ZINC03851645,DUD_fgfr1_D_2663,CCOC(=O)c1c(C)[nH]c(C)c1C(=O)CSc1[nH+]c(-c2ccccc2)cn1N,0
ZINC03851659,DUD_fgfr1_D_2664,CSCC[C@H](NC(=O)c1ccc(NC(C)=O)cc1)c1nc2ccccc2[nH]1,0
ZINC03851659,DUD_fgfr1_D_2665,CSCC[C@@H](NC(=O)c1ccc(NC(C)=O)cc1)c1[nH]c2ccccc2[nH+]1,0
ZINC03851662,DUD_fgfr1_D_2666,CSCC[C@@H](NC(=O)c1ccc(NC(C)=O)cc1)c1nc2ccccc2[nH]1,0
ZINC03851662,DUD_fgfr1_D_2667,CSCC[C@H](NC(=O)c1ccc(NC(C)=O)cc1)c1[nH]c2ccccc2[nH+]1,0
ZINC03851728,DUD_fgfr1_D_2668,Cc1ccc(-c2nc(N)sc2CC(=O)OCC(=O)N2CCc3ccccc32)cc1,0
ZINC03851766,DUD_fgfr1_D_2669,C[C@H](NC(=O)c1ccc(Cl)c(S(=O)(=O)N2CCCC2)c1)c1nc2ccccc2[nH]1,0
ZINC03851766,DUD_fgfr1_D_2670,C[C@@H](NC(=O)c1ccc(Cl)c(S(=O)(=O)N2CCCC2)c1)c1[nH]c2ccccc2[nH+]1,0
ZINC03851893,DUD_fgfr1_D_2671,S=C(NCCC[NH+]1CCOCC1)Nc1ccc(-c2nc3ccccc3[nH]2)cc1,0
ZINC03851893,DUD_fgfr1_D_2672,S=C(NCCC[NH+]1CCOCC1)Nc1ccc(-c2[nH]c3ccccc3[nH+]2)cc1,0
ZINC03851955,DUD_fgfr1_D_2673,Cn1c(CC(=O)NNC(=S)NCc2ccc3c(c2)OCO3)nc2ccccc21,0
ZINC03851955,DUD_fgfr1_D_2674,Cn1c(CC(=O)NNC(=S)NCc2ccc3c(c2)OCO3)[nH+]c2ccccc21,0
ZINC03852396,DUD_fgfr1_D_2675,CCOc1cc(/C=C2\SC(=S)N(c3ccc(NC(C)=O)cc3)C2=O)ccc1O,0
ZINC03852397,DUD_fgfr1_D_2676,CCOc1cc(/C=C2/SC(=S)N(c3ccc(NC(C)=O)cc3)C2=O)ccc1O,0
ZINC03852719,DUD_fgfr1_D_2677,CCCCOc1ccc(C(=O)Nc2c3c(nn2-c2ccc(F)cc2)C[S@@](=O)C3)cc1,0
ZINC03852930,DUD_fgfr1_D_2678,CCOC(=O)C1=C(C)N=c2s/c(=C/c3ccc(O)c(O)c3)c(=O)n2[C@H]1c1ccccc1,0
ZINC03852931,DUD_fgfr1_D_2679,CCOC(=O)C1=C(C)N=c2s/c(=C\c3ccc(O)c(O)c3)c(=O)n2[C@@H]1c1ccccc1,0
ZINC03853014,DUD_fgfr1_D_2680,CCOc1ccc2[nH]c(SCC(=O)Nc3nc4ccc(OC)cc4s3)nc2c1,0
ZINC03853014,DUD_fgfr1_D_2681,CCOc1ccc2[nH]c(SCC(=O)Nc3nc4ccc(OC)cc4s3)[nH+]c2c1,0
ZINC03853055,DUD_fgfr1_D_2682,C/C=C(/NNC(=O)c1ccc(Cl)cc1)c1ccc(OCC[NH+]2CCOCC2)cc1,0
ZINC03853058,DUD_fgfr1_D_2683,C/C=C(/NNC(=O)Cn1cnc2sc(CCC)cc2c1=O)c1cccs1,0
ZINC03853068,DUD_fgfr1_D_2684,CCN1C(=O)/C(=C\c2ccc(OCC(=O)Nc3ccccc3)c(OC)c2)NC1=S,0
ZINC03853086,DUD_fgfr1_D_2685,C/C=C(\NNC(=O)c1cccc(Cl)c1)c1ccc(OCC[NH+]2CCOCC2)cc1,0
ZINC03853126,DUD_fgfr1_D_2686,C=c1[nH]n(-c2nc(-c3ccc(F)cc3)cs2)c(=O)/c1=C\c1ccc(O)c(OC)c1,0
ZINC03853140,DUD_fgfr1_D_2687,CCOc1ccc(NC(=O)CSc2[nH]c(=O)c(C)c(O)[n+]2-c2ccc(F)cc2)cc1,0
ZINC03853259,DUD_fgfr1_D_2688,CCOc1cc(/C=C2/C(=N)N3N=C(c4ccccc4C)SC3=NC2=O)ccc1O,0
ZINC03853366,DUD_fgfr1_D_2689,Cc1cc(N2CCOCC2)ccc1/C=C1/NC(=O)N(CC(=O)Nc2ccc(F)cc2)C1=O,0
ZINC03853653,DUD_fgfr1_D_2690,CCN(CC)c1ccc(/C=C2/C(=O)NN(c3ccc(Br)cc3)C2=O)c(O)c1,0
ZINC03853654,DUD_fgfr1_D_2691,CCN(CC)c1ccc(/C=C2/C(=O)NN(c3ccc(Br)cc3)C2=O)c(O)c1,0
ZINC03853663,DUD_fgfr1_D_2692,CCN(CC)c1ccc(/C=C2/C(=O)NN(c3cccc(Cl)c3)C2=O)c(O)c1,0
ZINC03853664,DUD_fgfr1_D_2693,CCN(CC)c1ccc(/C=C2\C(=O)NN(c3cccc(Cl)c3)C2=O)c(O)c1,0
ZINC03853863,DUD_fgfr1_D_2694,Cc1cccc(NC(=O)CSc2nc3n[nH]c(C)c3c(=N)n2-c2cccc(Cl)c2)c1,0
ZINC03853871,DUD_fgfr1_D_2695,Cc1ccc(NC(=O)CSc2nc3n[nH]c(C)c3c(=N)n2-c2ccccc2Cl)cc1,0
ZINC03853886,DUD_fgfr1_D_2696,CCOc1cccc(/C=C2/SC(=O)N(CC(=O)Nc3ccc(C)cc3)C2=O)c1O,0
ZINC03853922,DUD_fgfr1_D_2697,C=C(NNC(=N)S[C@@H]1CC(=O)N(c2ccccc2)C1=O)c1ccc(OC)c(F)c1,0
ZINC03853923,DUD_fgfr1_D_2698,C=C(NNC(=N)S[C@H]1CC(=O)N(c2ccccc2)C1=O)c1ccc(OC)c(F)c1,0
ZINC03854101,DUD_fgfr1_D_2699,Cc1cc(C)cc(/N=c2/oc3c(C)ncc(CO)c3cc2C(=O)Nc2ccccc2F)c1,0
ZINC03854104,DUD_fgfr1_D_2700,CCc1ccc(/N=c2/oc3c(C)ncc(CO)c3cc2C(=O)Nc2ccccc2F)cc1,0
ZINC03854112,DUD_fgfr1_D_2701,COc1ccc(/C=C2/SC(=O)N(CC(=O)Nc3cccc(C)c3)C2=O)cc1O,0
ZINC03854119,DUD_fgfr1_D_2702,Cc1ccc(/N=c2\oc3c(C)ncc(CO)c3cc2C(=O)Nc2ccccc2F)cc1F,0
ZINC03854155,DUD_fgfr1_D_2703,CCOc1ccc(/N=c2/oc3c(C)ncc(CO)c3cc2C(=O)Nc2cccc(F)c2)cc1,0
ZINC03854156,DUD_fgfr1_D_2704,COc1cccc(/N=c2/oc3c(C)ncc(CO)c3cc2C(=O)Nc2cccc(F)c2)c1,0
ZINC03854164,DUD_fgfr1_D_2705,CCc1cccc(/N=c2\oc3c(C)ncc(CO)c3cc2C(=O)Nc2ccccc2Cl)c1,0
ZINC03854171,DUD_fgfr1_D_2706,Cc1ccccc1/N=c1/oc2c(C)ncc(CO)c2cc1C(=O)Nc1ccccc1Cl,0
ZINC03854193,DUD_fgfr1_D_2707,CCc1ccc(/N=c2/oc3c(C)ncc(CO)c3cc2C(=O)Nc2ccccc2Cl)cc1,0
ZINC03854239,DUD_fgfr1_D_2708,O=C(NCCC[NH+]1CCCC1)c1ccc2c(c1)[nH]c(=S)n1c3ccccc3nc21,0
ZINC03854239,DUD_fgfr1_D_2709,O=C(NCCC[NH+]1CCCC1)c1ccc2c(c1)[nH]c(=S)n1c3ccccc3[nH+]c21,0
ZINC03854352,DUD_fgfr1_D_2710,O=C(NCc1ccccn1)c1ccc2c(=O)n(C[C@@H]3CCCO3)c(=S)[nH]c2c1,0
ZINC03854353,DUD_fgfr1_D_2711,O=C(NCc1ccccn1)c1ccc2c(=O)n(C[C@H]3CCCO3)c(=S)[nH]c2c1,0
ZINC03854366,DUD_fgfr1_D_2712,CCOCCCn1c(=S)[nH]c2cc(C(=O)NCc3ccccn3)ccc2c1=O,0
ZINC03854512,DUD_fgfr1_D_2713,COc1cc(Cl)cc(/C=C2\SC(=O)N(CC(=O)Nc3cccc(C)c3)C2=O)c1O,0
ZINC03854683,DUD_fgfr1_D_2714,COC(=O)C1=C(C)N(C)C(=O)/C1=C\c1ccc(OCC(=O)Nc2ccccc2Cl)cc1,0
ZINC03854701,DUD_fgfr1_D_2715,C=CCc1cc(/C=C2/C(=N)N3N=C(c4cccc(C)c4)SC3=NC2=O)cc(OC)c1O,0
ZINC03854796,DUD_fgfr1_D_2716,CC[NH+](CC)CCn1c(=S)[nH]c2cc(C(=O)NCc3ccccn3)ccc2c1=O,0
ZINC03854812,DUD_fgfr1_D_2717,O=C(/C=C1\Sc2ccccc2NC1=O)NCCC[NH+]1CCN(c2ccc(F)cc2)CC1,0
ZINC03854833,DUD_fgfr1_D_2718,O=C1Nc2ccccc2S/C1=C/c1ccc(C(=O)NCC[NH+]2CCCCCC2)cc1,0
ZINC03854840,DUD_fgfr1_D_2719,O=C1Nc2ccccc2S/C1=C\c1ccc(C(=O)NCC[NH+]2CCCC2)cc1,0
ZINC03854844,DUD_fgfr1_D_2720,CC[N@H+]1CCC[C@@H]1CNC(=O)c1ccc(/C=C2/Sc3ccccc3NC2=O)cc1,0
ZINC03854857,DUD_fgfr1_D_2721,O=C1Nc2cc(C(=O)NCC[NH+]3CCCC3)ccc2S/C1=C/c1ccccc1,0
ZINC03854858,DUD_fgfr1_D_2722,O=C1Nc2cc(C(=O)NCC[NH+]3CCCC3)ccc2S/C1=C/c1ccccc1,0
ZINC03854865,DUD_fgfr1_D_2723,COc1ccc(/C=C2/Sc3ccc(C(=O)NCC[NH+]4CCCC4)cc3NC2=O)cc1,0
ZINC03854866,DUD_fgfr1_D_2724,COc1ccc(/C=C2/Sc3ccc(C(=O)NCC[NH+]4CCCC4)cc3NC2=O)cc1,0
ZINC03854867,DUD_fgfr1_D_2725,COc1ccc(/C=C2/Sc3ccc(C(=O)NC[C@@H]4CCCO4)cc3NC2=O)cc1,0
ZINC03854868,DUD_fgfr1_D_2726,COc1ccc(/C=C2\Sc3ccc(C(=O)NC[C@@H]4CCCO4)cc3NC2=O)cc1,0
ZINC03854869,DUD_fgfr1_D_2727,COc1ccc(/C=C2/Sc3ccc(C(=O)NC[C@@H]4CCCO4)cc3NC2=O)cc1,0
ZINC03854870,DUD_fgfr1_D_2728,COc1ccc(/C=C2\Sc3ccc(C(=O)NCC[NH+](C)C)cc3NC2=O)cc1,0
ZINC03854872,DUD_fgfr1_D_2729,COc1cccc(/C=C2/Sc3ccc(C(=O)NCC[NH+](C)C)cc3NC2=O)c1,0
ZINC03854873,DUD_fgfr1_D_2730,COc1cccc(/C=C2/Sc3ccc(C(=O)NCC[NH+]4CCCC4)cc3NC2=O)c1,0
ZINC03854874,DUD_fgfr1_D_2731,COc1cccc(/C=C2\Sc3ccc(C(=O)NCC[NH+]4CCCC4)cc3NC2=O)c1,0
ZINC03854877,DUD_fgfr1_D_2732,COc1cccc(/C=C2\Sc3ccc(C(=O)NC[C@H]4CCCO4)cc3NC2=O)c1,0
ZINC03854878,DUD_fgfr1_D_2733,COc1cccc(/C=C2/Sc3ccc(C(=O)NC[C@H]4CCCO4)cc3NC2=O)c1,0
ZINC03854879,DUD_fgfr1_D_2734,COc1cccc(/C=C2/Sc3ccc(C(=O)NC[C@H]4CCCO4)cc3NC2=O)c1,0
ZINC03854880,DUD_fgfr1_D_2735,COc1cccc(/C=C2\Sc3ccc(C(=O)NC[C@@H]4CCCO4)cc3NC2=O)c1,0
ZINC03854884,DUD_fgfr1_D_2736,O=C1Nc2cc(C(=O)NCC[NH+]3CCOCC3)ccc2S/C1=C\c1ccccc1Cl,0
ZINC03854885,DUD_fgfr1_D_2737,O=C1Nc2cc(C(=O)NCC[NH+]3CCOCC3)ccc2S/C1=C\c1ccccc1Cl,0
ZINC03854894,DUD_fgfr1_D_2738,O=C1Nc2cc(C(=O)NCCC[NH+]3CCCC3)ccc2S/C1=C/c1ccccc1,0
ZINC03854895,DUD_fgfr1_D_2739,O=C1Nc2cc(C(=O)NCCC[NH+]3CCCC3)ccc2S/C1=C/c1ccccc1,0
ZINC03854897,DUD_fgfr1_D_2740,O=C1Nc2cc(C(=O)NCC[NH+]3CCCCCC3)ccc2S/C1=C/c1ccccc1,0
ZINC03854898,DUD_fgfr1_D_2741,O=C1Nc2cc(C(=O)NCC[NH+]3CCCCCC3)ccc2S/C1=C\c1ccccc1,0
ZINC03854901,DUD_fgfr1_D_2742,CC[C@H]1CCC[N@@H+]1CNC(=O)c1ccc2c(c1)NC(=O)/C(=C/c1ccccc1)S2,0
ZINC03854923,DUD_fgfr1_D_2743,C=C(CC(=O)Nc1ccc(C)cn1)NNC(=O)C(=O)Nc1cccc(Cl)c1C,0
ZINC03854934,DUD_fgfr1_D_2744,C/C(=C/C(=O)Nc1cccnc1)NNC(=O)COc1ccc(C)cc1Br,0
ZINC03855112,DUD_fgfr1_D_2745,C=C(NNC(=O)Cc1cn2ccsc2n1)c1ccc(N2CCOCC2)cc1,0
ZINC03855112,DUD_fgfr1_D_2746,C=C(NNC(=O)Cc1cn2ccsc2[nH+]1)c1ccc(N2CCOCC2)cc1,0
ZINC03855122,DUD_fgfr1_D_2747,Cc1nc2ccc(NC(=O)/C=C/C(=O)Nc3ccc4nc(C)sc4c3)cc2s1,0
ZINC03855132,DUD_fgfr1_D_2748,C=CC/N=c1\scc(-c2ccc3c(c2)NC(=O)CO3)n1NC(=C)c1ccccn1,0
ZINC03855161,DUD_fgfr1_D_2749,O=C(CSc1nc2ccccc2[nH]1)Nc1ccc(S(=O)(=O)N2CCCC2)cc1,0
ZINC03855161,DUD_fgfr1_D_2750,O=C(CSc1[nH]c2ccccc2[nH+]1)Nc1ccc(S(=O)(=O)N2CCCC2)cc1,0
ZINC03855177,DUD_fgfr1_D_2751,CCCCn1c(SCc2nc3ccccc3s2)[nH+]c2cc(S(N)(=O)=O)ccc21,0
ZINC03855329,DUD_fgfr1_D_2752,Cc1cccc2cc(CN(CC[NH+](C)C)C(=S)Nc3cccc(Cl)c3)c(=O)[nH]c12,0
ZINC03855330,DUD_fgfr1_D_2753,Cc1cccc2cc(CN(CC[NH+](C)C)C(=S)Nc3ccc(F)cc3)c(=O)[nH]c12,0
ZINC03855334,DUD_fgfr1_D_2754,Cc1ccc(C)c2[nH]c(=O)c(CN(CC[NH+](C)C)C(=S)Nc3ccc(F)cc3)cc12,0
ZINC03855338,DUD_fgfr1_D_2755,Cc1cc2cc(CN(CC[NH+](C)C)C(=S)Nc3ccc(F)cc3)c(=O)[nH]c2cc1C,0
ZINC03855340,DUD_fgfr1_D_2756,COc1ccc2nc(O)c(CN(CC[NH+](C)C)C(=S)Nc3cccc(Cl)c3)cc2c1,0
ZINC03855341,DUD_fgfr1_D_2757,COc1ccc2nc(O)c(CN(CC[NH+](C)C)C(=S)Nc3ccc(F)cc3)cc2c1,0
ZINC03855345,DUD_fgfr1_D_2758,COc1ccc2cc(CN(CC[NH+](C)C)C(=S)Nc3cccc(Cl)c3)c(O)nc2c1,0
ZINC03855346,DUD_fgfr1_D_2759,COc1ccc2cc(CN(CC[NH+](C)C)C(=S)Nc3ccc(F)cc3)c(O)nc2c1,0
ZINC03855565,DUD_fgfr1_D_2760,COCc1cc(=O)[nH]c(Sc2c(-c3ccccc3)c3ccc(Cl)cc3[nH]c2=O)n1,0
ZINC03855582,DUD_fgfr1_D_2761,COc1ccc(NC(=O)CSc2nc(-c3ccc(OC)cc3)cc(=O)[nH]2)cc1,0
ZINC03855582,DUD_fgfr1_D_2762,COc1ccc(NC(=O)CSc2nc(O)cc(-c3ccc(OC)cc3)n2)cc1,0
ZINC03856076,DUD_fgfr1_D_2763,COc1ccc(Cl)cc1Nc1nc(N)nc(C[NH+]2CCN(c3cccc[nH+]3)CC2)n1,0
ZINC03856149,DUD_fgfr1_D_2764,Nc1nc(C[NH+]2CCN(c3cccc(Cl)c3)CC2)nc(N2CCCc3ccccc32)n1,0
ZINC03856273,DUD_fgfr1_D_2765,Cc1cc(NS(=O)(=O)c2ccc(NC(=O)/C=C/c3ccccc3Cl)cc2)nc(C)n1,0
ZINC03856332,DUD_fgfr1_D_2766,C[C@@H]1CCCC[N@@H+]1Cc1c(O)ccc2c(=O)c(-c3nc4ccccc4s3)c(N)oc12,0
ZINC03856464,DUD_fgfr1_D_2767,CCN(CC)c1ccc2cc(C(N)=O)/c(=N\NC(=O)c3ccccc3Cl)oc2c1,0
ZINC03857080,DUD_fgfr1_D_2768,C=C(N/N=c1\[nH]c2c(c(=O)n(C)c(=O)n2C)n1C/C=C(/C)Cl)c1ccccc1O,0
ZINC03857151,DUD_fgfr1_D_2769,CC(C)c1ccc(N2C(=O)/C(=C/NNC(=O)c3ccccc3)C(=O)N=C2S)cc1,0
ZINC03857193,DUD_fgfr1_D_2770,O=C(CCN1C(=O)/C(=C\c2ccc3c(c2)OCO3)SC1=S)Nc1ccc(O)cc1,0
ZINC03857194,DUD_fgfr1_D_2771,O=C(CCN1C(=O)/C(=C/c2ccc3c(c2)OCO3)SC1=S)Nc1ccccc1O,0
ZINC03857195,DUD_fgfr1_D_2772,O=C(CCN1C(=O)/C(=C/c2ccc3c(c2)OCO3)SC1=S)Nc1cccc(O)c1,0
ZINC03857238,DUD_fgfr1_D_2773,COc1ccc(/C=C2/SC(=S)N(CC(=O)Nc3ccc(O)cc3)C2=O)cc1OC,0
ZINC03857239,DUD_fgfr1_D_2774,COc1ccc(/C=C2/SC(=S)N(CC(=O)Nc3ccc(O)cc3)C2=O)cc1OC,0
ZINC03857240,DUD_fgfr1_D_2775,COc1ccc(/C=C2\SC(=S)N(CC(=O)Nc3cccc(O)c3)C2=O)cc1OC,0
ZINC03857241,DUD_fgfr1_D_2776,COc1ccc(/C=C2\SC(=S)N(CC(=O)Nc3cccc(O)c3)C2=O)cc1OC,0
ZINC03857308,DUD_fgfr1_D_2777,NC(=O)c1c(NC(=O)CN2C(=O)S/C(=C/c3ccccc3)C2=O)sc2c1CCCC2,0
ZINC03857358,DUD_fgfr1_D_2778,C=C1Nc2nc(CCCO)nn2[C@@H](c2ccc(Cl)cc2)[C@H]1C(=O)Nc1cccnc1,0
ZINC03857359,DUD_fgfr1_D_2779,C=C1Nc2nc(CCCO)nn2[C@H](c2ccc(Cl)cc2)[C@@H]1C(=O)Nc1cccnc1,0
ZINC03857389,DUD_fgfr1_D_2780,COc1ccc2n/c(=N/c3nc(=O)cc(CSc4ccc(Cl)cc4)[nH]3)[nH]c(C)c2c1,0
ZINC03857489,DUD_fgfr1_D_2781,O=C1/C(=C\c2c(NCCCO)nc3ccccn3c2=O)SC(=S)N1C1CCCCC1,0
ZINC03857546,DUD_fgfr1_D_2782,COc1cccc(NC(=O)/N=c2\[nH]nc(CC(=O)Nc3ccccc3C)s2)c1,0
ZINC03857557,DUD_fgfr1_D_2783,COc1ccccc1NC(=O)/N=c1/[nH]nc(CC(=O)Nc2cccc(C)c2)s1,0
ZINC03857582,DUD_fgfr1_D_2784,COc1cccc(NC(=O)/N=c2/[nH]nc(CC(=O)Nc3cccc(C)c3)s2)c1,0
ZINC03857649,DUD_fgfr1_D_2785,CNS(=O)(=O)c1cc(-c2n[nH]/c(=N/c3cccc(Cl)c3)c3ccccc23)ccc1C,0
ZINC03857681,DUD_fgfr1_D_2786,CC(C)[C@H]1Cc2c(sc3nc(SCC(=O)Nc4ccccn4)nc(N)c23)CO1,0
ZINC03857682,DUD_fgfr1_D_2787,CC(C)[C@H]1Cc2c(sc3nc(SCC(=O)Nc4ccccn4)nc(N)c23)CO1,0
ZINC03857727,DUD_fgfr1_D_2788,CC[C@]1(C)Cc2c(sc3nc(SCC(=O)Nc4ccccn4)nc(N)c23)CO1,0
ZINC03857728,DUD_fgfr1_D_2789,CC[C@@]1(C)Cc2c(sc3nc(SCC(=O)Nc4ccccn4)nc(N)c23)CO1,0
ZINC03857750,DUD_fgfr1_D_2790,CC(=O)Nc1ccc(N/C=C2\C(=O)N=C(S)N(c3ccc(C(C)C)cc3)C2=O)cc1,0
ZINC03857892,DUD_fgfr1_D_2791,C=C(N/N=c1/[nH]c2c(c(=O)n(C)c(=O)n2C)n1C/C=C(\C)Cl)c1ccc(O)cc1,0
ZINC03857956,DUD_fgfr1_D_2792,CNS(=O)(=O)c1cc(-c2n[nH]/c(=N/c3ccc(Cl)cc3)c3ccccc23)ccc1C,0
ZINC03857966,DUD_fgfr1_D_2793,C=C1Nc2nc(CCCO)nn2[C@H](c2ccncc2)[C@H]1C(=O)Nc1ccc(Cl)cc1,0
ZINC03857967,DUD_fgfr1_D_2794,CC1=C(C(=O)Nc2ccc(Cl)cc2)[C@H](c2ccncc2)n2nc(CCCO)nc2N1,0
ZINC03857976,DUD_fgfr1_D_2795,Cc1ccc(NC(=O)/C=C2/SC(=O)N(CC(=O)Nc3cccc(C)c3)C2=O)cc1,0
ZINC03857977,DUD_fgfr1_D_2796,Cc1ccc(NC(=O)/C=C2\SC(=O)N(CC(=O)Nc3cccc(C)c3)C2=O)cc1,0
ZINC03857991,DUD_fgfr1_D_2797,O=C(CCCN1C(=O)/C(=C\c2ccc3c(c2)OCO3)SC1=S)Nc1ccccc1O,0
ZINC03857992,DUD_fgfr1_D_2798,O=C(CCCN1C(=O)/C(=C\c2ccc3c(c2)OCO3)SC1=S)Nc1cccc(O)c1,0
ZINC03857993,DUD_fgfr1_D_2799,O=C(CCCN1C(=O)/C(=C/c2ccc3c(c2)OCO3)SC1=S)Nc1ccc(O)cc1,0
ZINC03858096,DUD_fgfr1_D_2800,COC(=O)c1sc(N/N=c2/cc(-c3ccc(O)c(OC)c3)oc3ccccc23)nc1C,0
ZINC03858097,DUD_fgfr1_D_2801,COC(=O)c1sc(N/N=c2\cc(-c3ccc(O)c(OC)c3)oc3ccccc23)nc1C,0
ZINC03858104,DUD_fgfr1_D_2802,CCOC(=O)c1ccc2sc(NC(=O)c3sc4nc(C)cc(C)c4c3N)nc2c1,0
ZINC03858118,DUD_fgfr1_D_2803,O=C(/C=C/c1ccc(F)cc1)Nc1ccc(S(=O)(=O)NC2CCCCC2)cc1,0
ZINC03858330,DUD_fgfr1_D_2804,CCOc1cc2c(cc1/C=C1/NC(=O)N(CC(=O)Nc3ccc(F)cc3)C1=O)OCO2,0
ZINC03858786,DUD_fgfr1_D_2805,COc1cc(/C=C2/SC(=O)N(CC(=O)Nc3ccc(C)cc3)C2=O)cc(Cl)c1O,0
ZINC03858788,DUD_fgfr1_D_2806,COc1cccc(/C=C2/SC(=O)N(CC(=O)Nc3ccc(C)cc3)C2=O)c1O,0
ZINC03858789,DUD_fgfr1_D_2807,COc1cc(/C=C2/SC(=O)N(CC(=O)Nc3ccc(C)cc3)C2=O)ccc1O,0
ZINC03858801,DUD_fgfr1_D_2808,COc1ccc(NC(=O)CN2C(=O)S/C(=C/c3ccc(OC)c(O)c3)C2=O)cc1,0
ZINC03858806,DUD_fgfr1_D_2809,Cc1[nH]c2ccccc2c1/C=C1\SC(=O)N(CC(=O)Nc2ccc3c(c2)OCO3)C1=O,0
ZINC03858859,DUD_fgfr1_D_2810,C/C=C/NNC(=O)CN(c1ccc(C)c(Cl)c1)S(=O)(=O)c1ccccc1,0
ZINC03858865,DUD_fgfr1_D_2811,COc1ccc(/C=C2/SC(=O)N(CC(=O)Nc3ccccc3C)C2=O)cc1O,0
ZINC03858870,DUD_fgfr1_D_2812,COc1cc(/C=C2/SC(=O)N(CC(=O)Nc3ccccc3C)C2=O)ccc1O,0
ZINC03858883,DUD_fgfr1_D_2813,COc1cc(/C=C2\SC(=O)N(CC(=O)Nc3ccc(C)c(C)c3)C2=O)ccc1O,0
ZINC03858886,DUD_fgfr1_D_2814,CCOc1cc(/C=C2\SC(=O)N(CC(=O)Nc3cccc(C)c3)C2=O)ccc1O,0
ZINC03858959,DUD_fgfr1_D_2815,COc1cc(/C=C2\NC(=O)N(CC(=O)Nc3ccc(C)cc3)C2=O)cc(Cl)c1O,0
ZINC03859127,DUD_fgfr1_D_2816,COc1cc(/C=C2/C(=N)N3N=C(c4ccc(O)cc4)SC3=NC2=O)ccc1OC(C)C,0
ZINC03859137,DUD_fgfr1_D_2817,Cc1cc(C)c(NC(=O)CSc2nnc(NC(=O)/C=C/c3ccccc3)s2)c(C)c1,0
ZINC03859314,DUD_fgfr1_D_2818,COc1ccc(N2C(=O)/C(=C/Nc3ccc(NC(C)=O)cc3)C(=O)NC2=S)cc1,0
ZINC03859353,DUD_fgfr1_D_2819,O=C1/C(=C/c2c(NCCO)nc3ccccn3c2=O)SC(=S)N1C1CCCCC1,0
ZINC03859354,DUD_fgfr1_D_2820,O=C1/C(=C\c2c(NCCO)nc3ccccn3c2=O)SC(=S)N1C1CCCCC1,0
ZINC03859503,DUD_fgfr1_D_2821,CCOc1ccc(N2C(=O)/C(=C\Nc3ccc(NC(C)=O)cc3)C(=O)NC2=S)cc1,0
ZINC03859568,DUD_fgfr1_D_2822,COc1cccc(N2C(=O)/C(=C\Nc3ccc(NC(C)=O)cc3)C(=O)NC2=S)c1,0
ZINC03859569,DUD_fgfr1_D_2823,COc1cccc(N2C(=O)/C(=C\Nc3ccc(NC(C)=O)cc3)C(=O)NC2=S)c1,0
ZINC03859635,DUD_fgfr1_D_2824,C=C(NNC(=O)Cn1cnc(-c2ccc(Cl)cc2)c1)c1ccc(O)c(OC)c1,0
ZINC03859635,DUD_fgfr1_D_2825,C=C(NNC(=O)Cn1c[nH+]c(-c2ccc(Cl)cc2)c1)c1ccc(O)c(OC)c1,0
ZINC03859644,DUD_fgfr1_D_2826,COc1ccccc1N1C(=O)/C(=C\Nc2ccc(NC(C)=O)cc2)C(=O)NC1=S,0
ZINC03859649,DUD_fgfr1_D_2827,Cc1ccccc1N1C(=O)C(/C=N\C(C)(CO)CO)C(=O)N(c2ccccc2C)C1=S,0
ZINC03859649,DUD_fgfr1_D_2828,Cc1ccccc1N1C(=O)C(/C=[NH+]\C(C)(CO)CO)C(=O)N(c2ccccc2C)C1=S,0
ZINC03859656,DUD_fgfr1_D_2829,COc1ccc(OC)c(N2C(=O)/C(=C/NNC(=O)c3ccccc3)C(=O)NC2=S)c1,0
ZINC03859683,DUD_fgfr1_D_2830,COc1ccc(OC)c(N2C(=O)/C(=C\Nc3ccc(NC(C)=O)cc3)C(=O)NC2=S)c1,0
ZINC03859713,DUD_fgfr1_D_2831,CCN(CC)c1ccc(/C=C2\C(=O)NN(c3cccc(Br)c3)C2=O)c(O)c1,0
ZINC03859714,DUD_fgfr1_D_2832,CCN(CC)c1ccc(/C=C2/C(=O)NN(c3cccc(Br)c3)C2=O)c(O)c1,0
ZINC03859783,DUD_fgfr1_D_2833,COc1ccc(/C=C\C(=O)NC(=S)NNC(=O)c2cccnc2)cc1OC,0
ZINC03859786,DUD_fgfr1_D_2834,Cn1c(NC[C@@H](O)c2ccccc2)nc2c1c(=O)n(Cc1ccc(Cl)cc1)c(=O)n2C,0
ZINC03859786,DUD_fgfr1_D_2835,Cn1c(NC[C@@H](O)c2ccccc2)[nH+]c2c1c(=O)n(Cc1ccc(Cl)cc1)c(=O)n2C,0
ZINC03859855,DUD_fgfr1_D_2836,COc1ccc(NC(=O)CCC(=O)Nc2ccc3c(n2)n(C)c(=O)n3C)cc1Cl,0
ZINC03860010,DUD_fgfr1_D_2837,C[C@@H]1CCc2c(sc3nc(SCC(=O)Nc4ccccn4)nc(N)c23)C1,0
ZINC03860011,DUD_fgfr1_D_2838,C[C@@H]1CCc2c(sc3nc(SCC(=O)Nc4ccccn4)nc(N)c23)C1,0
ZINC03864343,DUD_fgfr1_D_2839,CC(=O)Nc1ccc(OC[C@H](O)C[NH+]2CCN(c3cccc(C(F)(F)F)c3)CC2)cc1,0
ZINC03864344,DUD_fgfr1_D_2840,CC(=O)Nc1ccc(OC[C@H](O)C[NH+]2CCN(c3cccc(C(F)(F)F)c3)CC2)cc1,0
ZINC03866687,DUD_fgfr1_D_2841,C=C(C)C/N=c1/scc(-c2ccc3c(c2)NC(=O)CO3)n1NC(=C)c1cccc(OC)c1,0
ZINC03866688,DUD_fgfr1_D_2842,C=C(C)C/N=c1\scc(-c2ccc3c(c2)NC(=O)CO3)n1NC(=C)c1cccc(OC)c1,0
ZINC03866731,DUD_fgfr1_D_2843,COc1ccc(NC(=O)c2ccc(C)c(S(=O)(=O)Nc3cccc(Cl)c3)c2)cn1,0
ZINC03866738,DUD_fgfr1_D_2844,Cc1ccc(-c2nnc(SCC(=O)/C=C3\N(C)c4ccccc4C3(C)C)n2N)cc1,0
ZINC03866739,DUD_fgfr1_D_2845,Cc1ccc(-c2nnc(SCC(=O)/C=C3/N(C)c4ccccc4C3(C)C)n2N)cc1,0
ZINC03867064,DUD_fgfr1_D_2846,Cc1ccc(NC(=O)COC(=O)CCc2nc(=O)c3ccccc3[nH]2)c(Br)c1,0
ZINC03867142,DUD_fgfr1_D_2847,O=C(CCCSc1nc2ccccc2[nH]1)Nc1ccc(N2CCOCC2)cc1,0
ZINC03867142,DUD_fgfr1_D_2848,O=C(CCCSc1[nH]c2ccccc2[nH+]1)Nc1ccc(N2CCOCC2)cc1,0
ZINC03867203,DUD_fgfr1_D_2849,Cc1ccc(/N=c2\scc(-c3ccc4c(c3)NC(=O)CO4)n2NC2=CSCC2)cc1,0
ZINC03867293,DUD_fgfr1_D_2850,OCCNc1nc2ccccc2n1C[NH+]1CCN(c2cccc(Cl)c2)CC1,0
ZINC03867293,DUD_fgfr1_D_2851,OCCNc1[nH+]c2ccccc2n1C[NH+]1CCN(c2cccc(Cl)c2)CC1,0
ZINC03867299,DUD_fgfr1_D_2852,Cc1ccc(Nc2nnc(SCc3nc(=O)c4ccccc4[nH]3)s2)cc1C,0
ZINC03867366,DUD_fgfr1_D_2853,CC(C)(C)c1ccc(Cc2n[nH]c(SCC(=O)Nc3ccccc3F)nc2=O)cc1,0
ZINC03867383,DUD_fgfr1_D_2854,COc1ccc(NC(=O)C[C@@H]2S/C(=N/c3ccc4c(c3)OCCO4)NC2=O)cc1,0
ZINC03867384,DUD_fgfr1_D_2855,COc1ccc(NC(=O)C[C@H]2S/C(=N/c3ccc4c(c3)OCCO4)NC2=O)cc1,0
ZINC03867386,DUD_fgfr1_D_2856,Cc1ccc(NC(=O)/C=C2/NC(=O)[C@@H](CC(=O)Nc3ccccc3C)S2)cc1,0
ZINC03867387,DUD_fgfr1_D_2857,O=C(C[C@H]1S/C(=N/c2ccc3c(c2)OCCO3)NC1=O)Nc1ccccc1Cl,0
ZINC03867388,DUD_fgfr1_D_2858,O=C(C[C@H]1S/C(=N\c2ccc3c(c2)OCCO3)NC1=O)Nc1ccccc1Cl,0
ZINC03867395,DUD_fgfr1_D_2859,CC(=O)Nc1ccc(NC(=O)[C@H](C)OC(=O)/C=C/c2ccc(OC(F)F)cc2)cc1,0
ZINC03867460,DUD_fgfr1_D_2860,CCOc1ccc2nc(SCC(=O)Nc3ccc(NC(C)=O)cc3)[nH]c2c1,0
ZINC03867460,DUD_fgfr1_D_2861,CCOc1ccc2[nH+]c(SCC(=O)Nc3ccc(NC(C)=O)cc3)[nH]c2c1,0
ZINC03867491,DUD_fgfr1_D_2862,Cc1ccc2[nH]c(SCC(=O)Nc3ccc(S(=O)(=O)N(C)C)cc3)nc2c1,0
ZINC03867491,DUD_fgfr1_D_2863,Cc1ccc2[nH]c(SCC(=O)Nc3ccc(S(=O)(=O)N(C)C)cc3)[nH+]c2c1,0
ZINC03867523,DUD_fgfr1_D_2864,CCOc1ccc(NC(=O)C[C@@H]2S/C(=N/N=C/c3cccs3)NC2=O)cc1,0
ZINC03867540,DUD_fgfr1_D_2865,CSCC[C@@H](NC(=O)c1nn(C)c(=O)c2ccccc12)c1nc2ccccc2[nH]1,0
ZINC03867540,DUD_fgfr1_D_2866,CSCC[C@H](NC(=O)c1nn(C)c(=O)c2ccccc12)c1[nH]c2ccccc2[nH+]1,0
ZINC03867541,DUD_fgfr1_D_2867,CSCC[C@H](NC(=O)c1nn(C)c(=O)c2ccccc12)c1nc2ccccc2[nH]1,0
ZINC03867541,DUD_fgfr1_D_2868,CSCC[C@H](NC(=O)c1nn(C)c(=O)c2ccccc12)c1[nH]c2ccccc2[nH+]1,0
ZINC03867587,DUD_fgfr1_D_2869,Cc1cccc2c(=O)c(/C=C3\SC(=S)NC3=O)c(NCCCn3ccnc3)[nH]c12,0
ZINC03867587,DUD_fgfr1_D_2870,Cc1cccc2c(=O)c(/C=C3\SC(=S)NC3=O)c(NCCCn3cc[nH+]c3)[nH]c12,0
ZINC03867625,DUD_fgfr1_D_2871,CCc1c(C)sc2[nH]c(-c3ccc(C(=O)Nc4nc(C)cs4)cc3)nc(=O)c12,0
ZINC03867799,DUD_fgfr1_D_2872,COc1ccc2nc(SCC(=O)Nc3ccc(N4CCOCC4)cc3)[nH]c2c1,0
ZINC03867799,DUD_fgfr1_D_2873,COc1ccc2[nH+]c(SCC(=O)Nc3ccc(N4CCOCC4)cc3)[nH]c2c1,0
ZINC03867841,DUD_fgfr1_D_2874,O=C(CSc1nc2ccccc2[nH]1)Nc1ccc(S(=O)(=O)N2CCCCC2)cc1,0
ZINC03867841,DUD_fgfr1_D_2875,O=C(CSc1[nH]c2ccccc2[nH+]1)Nc1ccc(S(=O)(=O)N2CCCCC2)cc1,0
ZINC03867859,DUD_fgfr1_D_2876,CN1/C(=C\C(=O)CSc2nnc(Cc3ccccc3F)n2N)C(C)(C)c2ccccc21,0
ZINC03867860,DUD_fgfr1_D_2877,CN1/C(=C/C(=O)CSc2nnc(Cc3ccccc3F)n2N)C(C)(C)c2ccccc21,0
ZINC03867968,DUD_fgfr1_D_2878,CCOc1ccc2nc(SCC(=O)N3c4ccccc4NC(=O)C3(C)C)[nH]c2c1,0
ZINC03867968,DUD_fgfr1_D_2879,CCOc1ccc2[nH+]c(SCC(=O)N3c4ccccc4NC(=O)C3(C)C)[nH]c2c1,0
ZINC03868030,DUD_fgfr1_D_2880,CCOc1ccc2nc(SCC(=O)Nc3cc(S(C)(=O)=O)ccc3Cl)[nH]c2c1,0
ZINC03868030,DUD_fgfr1_D_2881,CCOc1ccc2[nH+]c(SCC(=O)Nc3cc(S(C)(=O)=O)ccc3Cl)[nH]c2c1,0
ZINC03868031,DUD_fgfr1_D_2882,Cc1ccc2[nH]c(SCC(=O)Nc3cc(S(C)(=O)=O)ccc3Cl)nc2c1,0
ZINC03868031,DUD_fgfr1_D_2883,Cc1ccc2[nH]c(SCC(=O)Nc3cc(S(C)(=O)=O)ccc3Cl)[nH+]c2c1,0
ZINC03868109,DUD_fgfr1_D_2884,COC(=O)c1ccc(COc2ccc(/C=C3/NC(=S)NC3=O)cc2OC)cc1,0
ZINC03868192,DUD_fgfr1_D_2885,O=C(CC[NH+]1CCN(c2ccccc2)CC1)N/N=C/c1ccc(O)c(Br)c1,0
ZINC03868196,DUD_fgfr1_D_2886,O=C(CC[NH+]1CCN(c2ccccc2)CC1)N/N=C\c1cc(Cl)cc([N+](=O)[O-])c1[O-],0
ZINC03868362,DUD_fgfr1_D_2887,O=C1Nc2cc(C(=O)NC[C@H]3CCCO3)ccc2S/C1=C/c1ccccc1F,0
ZINC03868363,DUD_fgfr1_D_2888,O=C1Nc2cc(C(=O)NC[C@H]3CCCO3)ccc2S/C1=C\c1ccccc1F,0
ZINC03868364,DUD_fgfr1_D_2889,O=C1Nc2cc(C(=O)NC[C@@H]3CCCO3)ccc2S/C1=C/c1ccccc1F,0
ZINC03868367,DUD_fgfr1_D_2890,O=C1Nc2cc(C(=O)NCC[NH+]3CCCC3)ccc2S/C1=C/c1ccccc1F,0
ZINC03868368,DUD_fgfr1_D_2891,O=C1Nc2cc(C(=O)NCC[NH+]3CCCC3)ccc2S/C1=C\c1ccccc1F,0
ZINC03868369,DUD_fgfr1_D_2892,C[NH+](C)CCNC(=O)c1ccc2c(c1)NC(=O)/C(=C\c1ccccc1F)S2,0
ZINC03868370,DUD_fgfr1_D_2893,COC(CNC(=O)c1ccc2c(c1)NC(=O)/C(=C\c1ccccc1F)S2)OC,0
ZINC03868373,DUD_fgfr1_D_2894,CC[N@@H+]1CCC[C@@H]1CNC(=O)c1ccc2c(c1)NC(=O)/C(=C\c1ccccc1F)S2,0
ZINC03868374,DUD_fgfr1_D_2895,CC[NH+](CC)CCNC(=O)c1ccc2c(c1)NC(=O)/C(=C\c1ccccc1F)S2,0
ZINC03868378,DUD_fgfr1_D_2896,O=C1Nc2cc(C(=O)NCCC[NH+]3CCOCC3)ccc2S/C1=C\c1ccccc1F,0
ZINC03868379,DUD_fgfr1_D_2897,O=C1Nc2cc(C(=O)NCCC[NH+]3CCOCC3)ccc2S/C1=C\c1ccccc1F,0
ZINC03868380,DUD_fgfr1_D_2898,O=C1Nc2cc(C(=O)NCC[NH+]3CCCCCC3)ccc2S/C1=C/c1ccccc1F,0
ZINC03868381,DUD_fgfr1_D_2899,COCCCNC(=O)c1ccc2c(c1)NC(=O)/C(=C\c1ccccc1Cl)S2,0
ZINC03868384,DUD_fgfr1_D_2900,CC[NH+](CC)CCNC(=O)c1ccc2c(c1)NC(=O)/C(=C\c1cccc(Cl)c1)S2,0
ZINC03868391,DUD_fgfr1_D_2901,O=C1Nc2cc(C(=O)NCC[NH+]3CCCC3)ccc2S/C1=C\c1cccc(Cl)c1,0
ZINC03868392,DUD_fgfr1_D_2902,O=C1Nc2cc(C(=O)NCC[NH+]3CCCC3)ccc2S/C1=C\c1cccc(Cl)c1,0
ZINC03868397,DUD_fgfr1_D_2903,O=C1Nc2cc(C(=O)NCC[NH+]3CCOCC3)ccc2S/C1=C\c1cccc(Cl)c1,0
ZINC03868398,DUD_fgfr1_D_2904,O=C1Nc2cc(C(=O)NCC[NH+]3CCOCC3)ccc2S/C1=C/c1cccc(Cl)c1,0
ZINC03868399,DUD_fgfr1_D_2905,COC(CNC(=O)c1ccc2c(c1)NC(=O)/C(=C/c1cccc(Cl)c1)S2)OC,0
ZINC03868400,DUD_fgfr1_D_2906,C[NH+](C)CCNC(=O)c1ccc2c(c1)NC(=O)/C(=C/c1cccc(Cl)c1)S2,0
ZINC03868403,DUD_fgfr1_D_2907,CC[N@@H+]1CCC[C@@H]1CNC(=O)c1ccc2c(c1)NC(=O)/C(=C\c1ccccc1Cl)S2,0
ZINC03868405,DUD_fgfr1_D_2908,CC[NH+](CC)CCNC(=O)c1ccc2c(c1)NC(=O)/C(=C/c1ccccc1Cl)S2,0
ZINC03868425,DUD_fgfr1_D_2909,COc1ccc(NC(=O)C[C@@H]2S/C(=C/C(=O)Nc3ccc(C)cc3)NC2=O)cc1,0
ZINC03868427,DUD_fgfr1_D_2910,Cc1ccc(NC(=O)/C=C2\NC(=O)[C@@H](CC(=O)Nc3ccc(F)cc3)S2)cc1,0
ZINC03868430,DUD_fgfr1_D_2911,Cc1ccc(NC(=O)/C=C2\NC(=O)[C@H](CC(=O)Nc3ccccc3Cl)S2)cc1,0
ZINC03868435,DUD_fgfr1_D_2912,COc1ccc(/C=N/N=C2/NC(=O)[C@H](CC(=O)Nc3ccccc3Cl)S2)cc1,0
ZINC03868554,DUD_fgfr1_D_2913,CCCCCn1c(=S)[nH]c2cc(C(=O)NCc3cccnc3)ccc2c1=O,0
ZINC03868601,DUD_fgfr1_D_2914,CCNC(=S)N/N=C/c1cn(CC(=O)Nc2ccc3c(c2)OCO3)c2ccccc12,0
ZINC03868609,DUD_fgfr1_D_2915,O=C(Cn1cc(/C=C2/C(=O)Nc3cc(Cl)ccc32)c2ccccc21)NC[C@@H]1CCCO1,0
ZINC03868610,DUD_fgfr1_D_2916,O=C(Cn1cc(/C=C2/C(=O)Nc3cc(Cl)ccc32)c2ccccc21)NC[C@H]1CCCO1,0
ZINC03868626,DUD_fgfr1_D_2917,O=C(CN1C(=O)N/C(=C\c2ccc(N3CCCC3)c(F)c2)C1=O)Nc1ccccc1F,0
ZINC03868685,DUD_fgfr1_D_2918,CCOc1cc2c(cc1/C=C1/NC(=O)N(CC(=O)Nc3ccccc3F)C1=O)OCO2,0
ZINC03868686,DUD_fgfr1_D_2919,CCOc1cc2c(cc1/C=C1\NC(=O)N(CC(=O)Nc3ccc(Cl)cc3)C1=O)OCO2,0
ZINC03868687,DUD_fgfr1_D_2920,CCOc1ccc(Cl)cc1/C=C1\NC(=O)N(CC(=O)Nc2ccccc2)C1=O,0
ZINC03868688,DUD_fgfr1_D_2921,CCOc1ccc(Cl)cc1/C=C1/NC(=O)N(CC(=O)Nc2ccccc2C)C1=O,0
ZINC03868691,DUD_fgfr1_D_2922,COc1ccc(Br)cc1/C=C1/NC(=O)N(CC(=O)Nc2cccc(C)c2)C1=O,0
ZINC03868692,DUD_fgfr1_D_2923,Cc1cccc(NC(=O)CN2C(=O)N/C(=C/c3cc4c(cc3Cl)OCO4)C2=O)c1,0
ZINC03868693,DUD_fgfr1_D_2924,CCOc1cc(/C=C2\NC(=O)N(CC(=O)Nc3cccc(C)c3)C2=O)cc(Cl)c1O,0
ZINC03868694,DUD_fgfr1_D_2925,COc1cc(Cl)c(/C=C2/NC(=O)N(CC(=O)Nc3cccc(C)c3)C2=O)cc1OC,0
ZINC03868698,DUD_fgfr1_D_2926,COc1ccc(/C=C2\NC(=O)N(CC(=O)Nc3cccc(C)c3)C2=O)cc1Br,0
ZINC03868699,DUD_fgfr1_D_2927,CCOc1cc(/C=C2/NC(=O)N(CC(=O)Nc3cccc(C)c3)C2=O)cc(Cl)c1OC,0
ZINC03868702,DUD_fgfr1_D_2928,COc1cc(/C=C2/NC(=O)N(CC(=O)Nc3cccc(C)c3)C2=O)cc(Cl)c1O,0
ZINC03868703,DUD_fgfr1_D_2929,COc1ccc(/C=C2/NC(=O)N(CC(=O)Nc3cccc(C)c3)C2=O)cc1Cl,0
ZINC03868806,DUD_fgfr1_D_2930,COC(=O)c1ccc2nc(NC(=O)CSc3nc4ccccc4[nH]3)sc2c1,0
ZINC03868806,DUD_fgfr1_D_2931,COC(=O)c1ccc2nc(NC(=O)CSc3[nH]c4ccccc4[nH+]3)sc2c1,0
ZINC03868822,DUD_fgfr1_D_2932,O=C(NN/C=C\Cc1ccccc1)C1CCN(S(=O)(=O)c2ccc(Cl)cc2)CC1,0
ZINC03869019,DUD_fgfr1_D_2933,CC1(C)CC(NC(=O)c2nnn(/N=C/c3ccc(Cl)cc3)c2O)CC(C)(C)[NH2+]1,0
ZINC03869021,DUD_fgfr1_D_2934,CC1(C)CC(NC(=O)c2nnn(/N=C\c3ccccc3Cl)c2O)CC(C)(C)[NH2+]1,0
ZINC03869134,DUD_fgfr1_D_2935,CC/C=C1\NN(c2nc3ccccc3s2)C(=O)[C@H]1/C(C)=N\CCc1c[nH]cn1,0
ZINC03869134,DUD_fgfr1_D_2936,CC/C=C1/NN(c2nc3ccccc3s2)C(=O)[C@@H]1/C(C)=[NH+]\CCc1c[nH]c[nH+]1,0
ZINC03869134,DUD_fgfr1_D_2937,CC/C=C1\NN(c2nc3ccccc3s2)C(=O)[C@@H]1/C(C)=[NH+]/CCc1c[nH]cn1,0
ZINC03869135,DUD_fgfr1_D_2938,CC/C=C1\NN(c2nc3ccccc3s2)C(=O)[C@@H]1/C(C)=N/CCc1c[nH]cn1,0
ZINC03869135,DUD_fgfr1_D_2939,CC/C=C1/NN(c2nc3ccccc3s2)C(=O)[C@@H]1/C(C)=[NH+]\CCc1c[nH]c[nH+]1,0
ZINC03869135,DUD_fgfr1_D_2940,CC/C=C1/NN(c2nc3ccccc3s2)C(=O)[C@H]1/C(C)=[NH+]/CCc1c[nH]cn1,0
ZINC03869142,DUD_fgfr1_D_2941,COc1cc(/C=C2\C(=O)NC(=S)N(C)C2=O)ccc1OCC(=O)Nc1ccc(F)cc1,0
ZINC03873225,DUD_fgfr1_D_2942,CCOC(=O)CSc1nc(N)c2c3c(sc2n1)C[N@@H+](Cc1ccccc1)CC3,0
ZINC03873756,DUD_fgfr1_D_2943,COC(=O)CSc1nc(N)c2c3c(sc2n1)C[N@@H+](Cc1ccccc1)CC3,0
ZINC03873847,DUD_fgfr1_D_2944,COc1cccc(N2CC[NH+](Cc3nc(N)n/c(=N\c4ccc(C)c(Cl)c4)[nH]3)CC2)c1,0
ZINC03873903,DUD_fgfr1_D_2945,Cc1ccc(/N=c2\nc(N)nc(C[NH+]3CCN(c4ccc(F)cc4)CC3)[nH]2)cc1,0
ZINC03874048,DUD_fgfr1_D_2946,COc1ccc(/N=c2/nc(C[NH+]3CCN(c4ccc(F)cc4)CC3)nc(N)[nH]2)cc1,0
ZINC03889259,DUD_fgfr1_D_2947,Cc1ccc2nc(Nc3nc(CSc4ccc(Cl)cc4)cc(=O)[nH]3)nc(C)c2c1,0
ZINC03889276,DUD_fgfr1_D_2948,CC(C)c1ccc(/C=N\NC(=O)Cc2nnc(NC(=O)c3ccccc3)s2)cc1,0
ZINC03889315,DUD_fgfr1_D_2949,COc1ccc(/C=N\n2c(S)nnc2-c2cc(-c3ccccc3)[nH]n2)c(OC)c1OC,0
ZINC03889431,DUD_fgfr1_D_2950,COc1cccc(/C=N/NC(=O)C2CC[NH+](Cc3ccc(Br)cc3)CC2)c1O,0
ZINC03889452,DUD_fgfr1_D_2951,COc1cccc(/C=N/NC(=O)C2CC[NH+](Cc3ccc(Cl)cc3)CC2)c1O,0
ZINC03889621,DUD_fgfr1_D_2952,COc1cccc(N2C(=O)[C@H](Cc3ccc(C)c(Cl)c3)S/C2=C(\C#N)C(N)=O)c1,0
ZINC03889623,DUD_fgfr1_D_2953,COc1cccc(N2C(=O)[C@@H](Cc3ccc(C)c(Cl)c3)S/C2=C(\C#N)C(N)=O)c1,0
ZINC03889624,DUD_fgfr1_D_2954,COc1cccc(N2C(=O)[C@H](Cc3ccc(C)c(Cl)c3)S/C2=C(\C#N)C(N)=O)c1,0
ZINC03889626,DUD_fgfr1_D_2955,COc1cccc(N2C(=O)[C@H](Cc3ccc(C)c(Cl)c3)S/C2=C(\C#N)C(N)=O)c1,0
ZINC03890082,DUD_fgfr1_D_2956,COc1cc(/C=N/n2c(S)nnc2-c2cc(-c3ccccc3)[nH]n2)cc(OC)c1OC,0
ZINC03890084,DUD_fgfr1_D_2957,CC(C)C1=NN2C(=N)/C(=C\c3ccc(OC(=O)c4cccs4)cc3)C(=O)N=C2S1,0
ZINC03890180,DUD_fgfr1_D_2958,O=C(COc1ccc(Cl)cc1)Nc1ccc2c(c1)nc1n2CC[N@H+](C[C@@H]2CCCO2)C1,0
ZINC03890181,DUD_fgfr1_D_2959,O=C(COc1ccc(Cl)cc1)Nc1ccc2c(c1)nc1n2CC[N@@H+](C[C@@H]2CCCO2)C1,0
ZINC03890240,DUD_fgfr1_D_2960,CCOc1ccc(/N=C2/NC(=O)[C@H](CC(=O)Nc3ccc(Br)cc3)S2)cc1,0
ZINC03890241,DUD_fgfr1_D_2961,CCOc1ccc(/N=C2/NC(=O)[C@@H](CC(=O)Nc3ccc(Br)cc3)S2)cc1,0
ZINC03890646,DUD_fgfr1_D_2962,Cc1ccc(NC(=O)C[C@H]2S/C(=N/N=C/c3ccc(Br)cc3)NC2=O)cc1,0
ZINC03890647,DUD_fgfr1_D_2963,Cc1ccc(NC(=O)C[C@H]2S/C(=N/N=C/c3ccc(Br)cc3)NC2=O)cc1,0
ZINC03890922,DUD_fgfr1_D_2964,CCc1ccc(/N=c2/nc(N)nc(CSC(=S)N3CC[NH+](C)CC3)[nH]2)cc1,0
ZINC03890923,DUD_fgfr1_D_2965,CCc1ccc(/N=c2/nc(N)nc(CSC(=S)N3CC[NH+](C)CC3)[nH]2)cc1,0
ZINC03890962,DUD_fgfr1_D_2966,COc1ccccc1/N=c1\nc(N)nc(CSC(=S)N2C[C@H](C)C[C@H](C)C2)[nH]1,0
ZINC03890963,DUD_fgfr1_D_2967,COc1ccc(/C=N\n2c(S)nnc2-c2cc(C)n[nH]2)cc1OCc1ccccc1,0
ZINC03892144,DUD_fgfr1_D_2968,COc1ccc(/C=N/N=C2/NC(=O)[C@H](CC(=O)Nc3ccccc3F)S2)cc1,0
ZINC03892182,DUD_fgfr1_D_2969,COc1ccc(Cl)cc1NC(=O)C[C@H]1S/C(=N\c2ccc3c(c2)OCCO3)NC1=O,0
ZINC03892183,DUD_fgfr1_D_2970,COc1ccc(Cl)cc1NC(=O)C[C@H]1S/C(=N/c2ccc3c(c2)OCCO3)NC1=O,0
ZINC03892190,DUD_fgfr1_D_2971,C=C(N/N=C1/NC(=O)[C@H](CC(=O)Nc2c(C)cccc2C)S1)c1ccc(F)cc1F,0
ZINC03892663,DUD_fgfr1_D_2972,C/C(N/N=C1\NC(=O)[C@@H](Cc2ccccc2Cl)S1)=C1\Cc2ccccc2C(=O)O1,0
ZINC03919855,DUD_fgfr1_D_2973,CCc1c(C(=O)OC)cc2c(c1O)C(=N)c1c(O)cc3cc(C)c(Cl)c(C)c3c1C2=O,0
ZINC03920778,DUD_fgfr1_D_2974,C[NH+](C)CC#CC(=O)Nc1ccc2ncnc(Nc3cccc(Br)c3)c2c1,0
ZINC03923282,DUD_fgfr1_D_2975,O=C1O[C@@H](C[NH+]2CCC(CCO)CC2)CN1/N=C\c1ccc(-c2ccc(Cl)cc2)o1,0
ZINC03923515,DUD_fgfr1_D_2976,C[NH2+]CCN(C)c1ccc2nc(Nc3c(C)cccc3Cl)c3cncn3c2[nH+]1,0
ZINC03923515,DUD_fgfr1_D_2977,C[NH2+]CCN(C)c1ccc2nc(Nc3c(C)cccc3Cl)c3c[nH+]cn3c2[nH+]1,0
ZINC03926991,DUD_fgfr1_D_2978,O=C(CCCCC(=O)c1ccccc1)Nc1cc(C2CC[NH2+]CC2)ccc1F,0
ZINC03928460,DUD_fgfr1_D_2979,CCc1cc(NCc2ccc(-c3ccccc3-c3nnn[n-]3)cc2)n2ncc(Cl)c2n1,0
ZINC03929505,DUD_fgfr1_D_2980,Nc1[nH+]cccc1C(=O)NCC1CC[NH+](C[C@H]2COc3ccc(F)c(F)c3O2)CC1,0
ZINC03931115,DUD_fgfr1_D_2981,C[NH+]1CCN(c2ccc(Nc3nc(N)c(C(=O)c4c(F)cccc4F)s3)cc2)CC1,0
ZINC03931116,DUD_fgfr1_D_2982,Nc1nc(Nc2ccc(N3CC[NH2+]CC3)cc2)sc1C(=O)c1c(F)cccc1F,0
ZINC03933386,DUD_fgfr1_D_2983,CC[C@@H](Cc1sccc1Cl)Nc1ncnc2c1ncn2[C@@H]1C[C@H](CF)[C@H](O)[C@@H]1O,0
ZINC03935891,DUD_fgfr1_D_2984,CC(=O)Nc1cc2c(cc1[N+](=O)[O-])OC(C)(C)[C@H](O)[C@H]2[NH2+]CCc1ccc(Cl)cc1,0
ZINC03936536,DUD_fgfr1_D_2985,O=C1Nc2cccc3c2[C@@]1(CCCC[NH+]1CCN(c2nc4cc(F)ccc4[nH]2)CC1)CCC3,0
ZINC03936536,DUD_fgfr1_D_2986,O=C1Nc2cccc3c2[C@@]1(CCCC[NH+]1CCN(c2[nH]c4ccc(F)cc4[nH+]2)CC1)CCC3,0
ZINC03938325,DUD_fgfr1_D_2987,NC(=O)c1c2n(c3c(N4CC[NH+](CCc5ccc(F)c(F)c5)CC4)ncnc13)CCCC2,0
ZINC03938328,DUD_fgfr1_D_2988,NC(=O)c1cccc2[nH]c3c(N4CC[NH+](CCc5ccc(F)c(F)c5)CC4)ncnc3c12,0
ZINC03938620,DUD_fgfr1_D_2989,CN(C)S(=O)(=O)c1cc(C(=O)N[C@@H](c2ccccc2)[C@@H]2CCCC[NH2+]2)ccc1Cl,0
ZINC03938623,DUD_fgfr1_D_2990,C[N@@H+]1CCCC[C@@H]1[C@H](NC(=O)c1cc(Cl)c(C(N)=O)c(Cl)c1)c1ccccc1,0
ZINC03939399,DUD_fgfr1_D_2991,C[NH+]1CCN(c2ccc(Nc3nc(N)c(C(=O)c4c(F)cccc4F)s3)nc2)CC1,0
ZINC03939616,DUD_fgfr1_D_2992,CN(CCC[NH+](C)C)c1ccc(-c2[nH]c3ncc(Cl)cc3c2-c2cncnc2)c[nH+]1,0
ZINC03940602,DUD_fgfr1_D_2993,C[NH+](C)C/C=C\C(=O)Nc1ccc2ncnc(Nc3cccc(Br)c3)c2c1,0
ZINC03943428,DUD_fgfr1_D_2994,COCCO[C@@H]1c2ccn3c(Br)c(C)nc3c2N[C@H](c2ccccc2)[C@@H]1O,0
ZINC03943428,DUD_fgfr1_D_2995,COCCO[C@H]1c2ccn3c(Br)c(C)[nH+]c3c2N[C@H](c2ccccc2)[C@H]1O,0
ZINC03945142,DUD_fgfr1_D_2996,COc1cc(/C=N/Nc2nnc(C)c(=O)[nH]2)ccc1OCc1ccc(Cl)cc1,0
ZINC03945142,DUD_fgfr1_D_2997,COc1cc(/C=N/Nc2nnc(C)c(O)n2)ccc1OCc1ccc(Cl)cc1,0
ZINC03945142,DUD_fgfr1_D_2998,COc1cc(/C=N\Nc2nc(=O)c(C)n[nH]2)ccc1OCc1ccc(Cl)cc1,0
ZINC03947716,DUD_fgfr1_D_2999,CC(=O)c1ccc(-c2ccc(-c3csc(C(=O)NCC[NH+]4CCOCC4)c3)cc2)cc1,0
ZINC03947974,DUD_fgfr1_D_3000,CCc1c(C#N)cc2ccccc2c1C(=O)NCC1(c2ccc(F)cc2)CC[NH2+]CC1,0
ZINC03949080,DUD_fgfr1_D_3001,COc1ccccc1N1CC[NH+](CCOc2ccc3[nH]c(=S)[nH]c3c2)CC1,0
ZINC03949103,DUD_fgfr1_D_3002,[NH3+][C@@H]1CCN(C(=O)Oc2c3c(c(O)c4ncccc24)C(=O)N(Cc2ccc(F)cc2)C3)C1,0
ZINC03949676,DUD_fgfr1_D_3003,Cn1ncc(/C=C/C(=O)Nc2ccc(C[NH+]3CCOCC3)cc2)c1-c1ccc(F)cc1,0
ZINC03950017,DUD_fgfr1_D_3004,COc1ccc(S(=O)(=O)N2CCCC[C@@H]2CNc2cnc3cc(F)c(F)cc3n2)cc1,0
ZINC03951759,DUD_fgfr1_D_3005,COc1cc(N)c(Cl)cc1-c1nn(C2CC[NH+](CCc3ccccc3)CC2)c(=O)o1,0
ZINC03952064,DUD_fgfr1_D_3006,CC(C)(C)C(=O)Oc1ccc2c(c1)OC[C@@H]([NH+]1CCC(O)(c3ccc(F)cc3)CC1)[C@@H]2O,0
ZINC03952179,DUD_fgfr1_D_3007,CS(=O)(=O)N1CC[NH+](Cc2cccc3[nH]c(-c4n[nH]c5cc(Cl)ccc45)cc23)CC1,0
ZINC03952179,DUD_fgfr1_D_3008,CS(=O)(=O)N1CC[NH+](Cc2cccc3[nH]c(-c4[nH]nc5cc(Cl)ccc45)cc23)CC1,0
ZINC03952669,DUD_fgfr1_D_3009,Cc1cccc(NC(=O)OCC[S@](C)=O)c1CNc1cccn2c(Cl)c(C)nc12,0
ZINC03953173,DUD_fgfr1_D_3010,COC(=O)N1CCC(Nc2ncc3ncnc(Nc4ccc(F)c(Cl)c4)c3n2)CC1,0
ZINC03959667,DUD_fgfr1_D_3011,O=C(NCCC[NH+]1CCCC1)c1ccc(-n2nc3c4cccc(F)c4[nH]cc-3c2=O)cc1,0
ZINC03961962,DUD_fgfr1_D_3012,CCc1ccc(Nc2c(-c3nnc(NCC[NH+]4CCOCC4)o3)ccc(F)c2F)c(F)c1,0
ZINC03963097,DUD_fgfr1_D_3013,C[NH+]1CCN(c2ccc(Nc3ncc(C(=O)c4cccc(F)c4)c(N)n3)cc2)CC1,0
ZINC03963098,DUD_fgfr1_D_3014,CC(C)[NH+]1CCN(c2ccc(Nc3ncc(C(=O)c4ccccc4F)c(N)n3)cc2)CC1,0
ZINC03964343,DUD_fgfr1_D_3015,CC(=O)Nc1cc(Cl)ccc1OC[C@@H](O)C[N@H+]1CCc2[nH]c3ccc(Cl)cc3c2C1,0
ZINC03967922,DUD_fgfr1_D_3016,COc1cc(OC)c(OC)cc1/C=N/n1c(S)nnc1-c1cc(-c2ccccc2)[nH]n1,0
ZINC03967922,DUD_fgfr1_D_3017,COc1cc(OC)c(OC)cc1/C=N\n1c(S)nnc1-c1cc(-c2ccccc2)n[nH]1,0
ZINC03968010,DUD_fgfr1_D_3018,COc1cc(OC)c(/C=N/n2c(S)nnc2-c2cc(-c3ccccc3)[nH]n2)c(OC)c1,0
ZINC03968010,DUD_fgfr1_D_3019,COc1cc(OC)c(/C=N\n2c(S)nnc2-c2cc(-c3ccccc3)n[nH]2)c(OC)c1,0
ZINC03968462,DUD_fgfr1_D_3020,COc1ccc(-c2[nH]ncc2/C=C(\C#N)C(=O)Nc2ccc(Cl)cc2)cc1OC,0
ZINC03968462,DUD_fgfr1_D_3021,COc1ccc(-c2n[nH]cc2/C=C(\C#N)C(=O)Nc2ccc(Cl)cc2)cc1OC,0
ZINC03968547,DUD_fgfr1_D_3022,COc1ccc(-c2[nH]ncc2/C=C(\C#N)C(=O)Nc2cc(Cl)ccc2OC)cc1,0
ZINC03968547,DUD_fgfr1_D_3023,COc1ccc(-c2n[nH]cc2/C=C(/C#N)C(=O)Nc2cc(Cl)ccc2OC)cc1,0
ZINC03968551,DUD_fgfr1_D_3024,COc1ccc(Cl)cc1NC(=O)/C(C#N)=C/c1cn[nH]c1-c1ccc(OC)c(OC)c1,0
ZINC03968551,DUD_fgfr1_D_3025,COc1ccc(Cl)cc1NC(=O)/C(C#N)=C\c1c[nH]nc1-c1ccc(OC)c(OC)c1,0
ZINC03968614,DUD_fgfr1_D_3026,COc1ccc(-c2[nH]ncc2/C=N\NC(=O)c2cc(Cl)ccc2OC)cc1OC,0
ZINC03968614,DUD_fgfr1_D_3027,COc1ccc(-c2n[nH]cc2/C=N/NC(=O)c2cc(Cl)ccc2OC)cc1OC,0
ZINC03968891,DUD_fgfr1_D_3028,CCOc1cc(/C=C2\C(=N)N3N=C(c4ccccc4C)SC3=NC2=O)ccc1O,0
ZINC03968919,DUD_fgfr1_D_3029,Cc1ccc(/C=N\N=C2/N=C(O)[C@H](CC(=O)Nc3ccc(C)c(Cl)c3)S2)o1,0
ZINC03969072,DUD_fgfr1_D_3030,Cc1ccc(/C=N\N=C2\N=C(O)[C@H](CC(=O)Nc3ccc(Cl)cc3)S2)o1,0
ZINC03969278,DUD_fgfr1_D_3031,C/C(=N/NS(=O)(=O)c1ccc(Br)cc1)c1ccc(NC(=O)C2CC2)cc1,0
ZINC03969667,DUD_fgfr1_D_3032,CC(C)Cn1c(N/N=C/C(Br)=C\c2ccccc2)nc2c1c(=O)[nH]c(=O)n2C,0
ZINC03969667,DUD_fgfr1_D_3033,CC(C)Cn1c(N/N=C/C(Br)=C/c2ccccc2)[nH+]c2c1c(=O)[nH]c(=O)n2C,0
ZINC03969668,DUD_fgfr1_D_3034,CC(C)Cn1c(N/N=C\C(Br)=C/c2ccccc2)nc2c1c(=O)[nH]c(=O)n2C,0
ZINC03969668,DUD_fgfr1_D_3035,CC(C)Cn1c(N/N=C/C(Br)=C\c2ccccc2)[nH+]c2c1c(=O)[nH]c(=O)n2C,0
ZINC03969670,DUD_fgfr1_D_3036,C/C(Cl)=C/Cn1c(N/N=C(C)\C=C/c2ccccc2)nc2c1c(=O)[nH]c(=O)n2C,0
ZINC03969670,DUD_fgfr1_D_3037,CC(/C=C/c1ccccc1)=N/Nc1[nH+]c2c(c(=O)[nH]c(=O)n2C)n1C/C=C(\C)Cl,0
ZINC03969937,DUD_fgfr1_D_3038,O=C(C[NH+]1CCCCC1)NNc1nc(-c2ccccc2)c2cc(Cl)ccc2n1,0
ZINC03970177,DUD_fgfr1_D_3039,C=C(C)Cn1c(N/N=C/C(Br)=C\c2ccccc2)nc2c1c(=O)[nH]c(=O)n2C,0
ZINC03970177,DUD_fgfr1_D_3040,C=C(C)Cn1c(N/N=C\C(Br)=C\c2ccccc2)[nH+]c2c1c(=O)[nH]c(=O)n2C,0
ZINC03970184,DUD_fgfr1_D_3041,C=C(C)Cn1c(N/N=C(C)\C=C\c2ccccc2Cl)nc2c1c(=O)[nH]c(=O)n2C,0
ZINC03970184,DUD_fgfr1_D_3042,C=C(C)Cn1c(N/N=C(C)/C=C\c2ccccc2Cl)[nH+]c2c1c(=O)[nH]c(=O)n2C,0
ZINC03970234,DUD_fgfr1_D_3043,COc1ccc2nc(Nc3nc(CSc4ccc(Cl)cc4)cc(=O)[nH]3)nc(C)c2c1,0
ZINC03970235,DUD_fgfr1_D_3044,Cc1ccc2c(C)nc(Nc3nc(CSc4nc5ccccc5s4)cc(=O)[nH]3)nc2c1,0
ZINC03970350,DUD_fgfr1_D_3045,Cc1ccc2c(c1)-c1c(ss/c1=N/c1ccc(S(N)(=O)=O)cc1)C(C)(C)N2,0
ZINC03970501,DUD_fgfr1_D_3046,O=C(C[C@@H]1S/C(=N\c2ccccc2Cl)NC1=O)Nc1ccc(N2CCOCC2)cc1,0
ZINC03970502,DUD_fgfr1_D_3047,O=C(C[C@@H]1S/C(=N/c2ccccc2Cl)NC1=O)Nc1ccc(N2CCOCC2)cc1,0
ZINC03970503,DUD_fgfr1_D_3048,O=C(C[C@@H]1S/C(=N/c2ccccc2Cl)NC1=O)Nc1ccc(N2CCOCC2)cc1,0
ZINC03970504,DUD_fgfr1_D_3049,O=C(C[C@H]1S/C(=N\c2ccccc2Cl)NC1=O)Nc1ccc(N2CCOCC2)cc1,0
ZINC03970505,DUD_fgfr1_D_3050,O=C(C[C@H]1S/C(=N\c2cccc(Cl)c2)NC1=O)Nc1ccc(N2CCOCC2)cc1,0
ZINC03970506,DUD_fgfr1_D_3051,O=C(C[C@@H]1S/C(=N/c2cccc(Cl)c2)NC1=O)Nc1ccc(N2CCOCC2)cc1,0
ZINC03970507,DUD_fgfr1_D_3052,O=C(C[C@H]1S/C(=N/c2cccc(Cl)c2)NC1=O)Nc1ccc(N2CCOCC2)cc1,0
ZINC03970508,DUD_fgfr1_D_3053,O=C(C[C@H]1S/C(=N\c2cccc(Cl)c2)NC1=O)Nc1ccc(N2CCOCC2)cc1,0
ZINC03970893,DUD_fgfr1_D_3054,COc1ccc(N/C(S)=C(/C#N)c2nnc(N3CCOCC3)n2-c2ccccc2)cc1,0
ZINC03971012,DUD_fgfr1_D_3055,Cc1cc(=O)oc2cc(OC[C@@H](O)C[NH2+]Cc3cn4c(C)csc4n3)ccc12,0
ZINC03971012,DUD_fgfr1_D_3056,Cc1cc(=O)oc2cc(OC[C@H](O)C[NH2+]Cc3cn4c(C)csc4[nH+]3)ccc12,0
ZINC03971013,DUD_fgfr1_D_3057,Cc1cc(=O)oc2cc(OC[C@@H](O)C[NH2+]Cc3cn4c(C)csc4n3)ccc12,0
ZINC03971013,DUD_fgfr1_D_3058,Cc1cc(=O)oc2cc(OC[C@@H](O)C[NH2+]Cc3cn4c(C)csc4[nH+]3)ccc12,0
ZINC03971391,DUD_fgfr1_D_3059,Cc1cc(Cl)ccc1NC(=O)C[C@@H]1S/C(=N\c2ccccc2)N(CCO)C1=O,0
ZINC03971392,DUD_fgfr1_D_3060,Cc1cc(Cl)ccc1NC(=O)C[C@@H]1S/C(=N\c2ccccc2)N(CCO)C1=O,0
ZINC03971564,DUD_fgfr1_D_3061,COc1ccc(NC(=O)C[C@H]2S/C(=N\c3ccccc3Cl)NC2=O)c(OC)c1,0
ZINC03971569,DUD_fgfr1_D_3062,COc1ccc(NC(=O)C[C@H]2S/C(=N/c3ccccc3Cl)NC2=O)c(OC)c1,0
ZINC03972027,DUD_fgfr1_D_3063,CCN1C(=O)/C(=C/N/N=C\c2ccc(Cl)cc2)c2ccc(C3=CCC(=O)NN3)cc21,0
ZINC03972033,DUD_fgfr1_D_3064,CCN1C(=O)/C(=C/N/N=C/c2ccc(Cl)cc2)c2ccc(C3=CCC(=O)NN3)cc21,0
ZINC03972905,DUD_fgfr1_D_3065,Cc1cc2c(c(=O)n1CCC[NH+](C)C)[C@@H](c1cccc(Cl)c1)C(C#N)=C(N)O2,0
ZINC03972906,DUD_fgfr1_D_3066,Cc1cc2c(c(=O)n1CCC[NH+](C)C)[C@@H](c1cccc(Cl)c1)C(C#N)=C(N)O2,0
ZINC03973484,DUD_fgfr1_D_3067,C[C@H]1CCc2c(sc3ncn(CC(=O)N/N=C/c4c(O)ccc5ccccc45)c(=O)c23)C1,0
ZINC03973492,DUD_fgfr1_D_3068,CCc1cc2c(=O)n(CC(=O)N/N=C\c3c(O)ccc4ccccc34)cnc2s1,0
ZINC03973531,DUD_fgfr1_D_3069,CC(=O)/C(C(=O)OC(C)C)=C1\N=C(NC(=O)c2cccc(Cl)c2)c2ccccc21,0
ZINC03975052,DUD_fgfr1_D_3070,C=C1NN(c2nc(-c3ccc(OC)cc3)cs2)C(=O)/C1=N/Nc1ccc(C)cc1O,0
ZINC03975053,DUD_fgfr1_D_3071,C=C1NN(c2nc(-c3ccc(OC)cc3)cs2)C(=O)/C1=N/Nc1ccc(C)cc1O,0
ZINC03975148,DUD_fgfr1_D_3072,CCc1ccc(/N=C2/NC(=O)C[C@@H](C(=O)Nc3ccc(OC)cc3)S2)cc1,0
ZINC03975191,DUD_fgfr1_D_3073,C=C(N/N=C1\NC(=O)C[C@@H](C(=O)Nc2ccc(OC)cc2)S1)c1ccc(Cl)cc1,0
ZINC03976363,DUD_fgfr1_D_3074,CC1=CC(N/N=C2/N=C(O)[C@H](CC(=O)Nc3ccccc3F)S2)=CC(C)(C)C1,0
ZINC03976374,DUD_fgfr1_D_3075,Cc1cccc(NC(=O)C[C@@H]2S/C(=N/N=C/c3cccs3)N=C2O)c1C,0
ZINC03976406,DUD_fgfr1_D_3076,COc1ccccc1/C=N\N=C1\N=C(O)[C@H](CC(=O)Nc2ccc(C)c(Cl)c2)S1,0
ZINC03976807,DUD_fgfr1_D_3077,Oc1ccc(Cl)cc1/C=N\N=c1\nc(N2CCOCC2)nc(Nc2ccccc2)[nH]1,0
ZINC03976808,DUD_fgfr1_D_3078,Oc1ccc(Cl)cc1/C=N\N=c1\nc(N2CCOCC2)nc(Nc2ccccc2)[nH]1,0
ZINC03976853,DUD_fgfr1_D_3079,Cn1cc(C2=CC[N@H+](CC[C@H]3OCCc4cc(C(N)=O)ccc43)CC2)c2ccc(F)cc21,0
ZINC03977257,DUD_fgfr1_D_3080,C=CCNC(=S)N/N=C/c1ccc(OC)c(CN2C(=O)c3ccccc3C2=O)c1,0
ZINC03979767,DUD_fgfr1_D_3081,CCCOc1ccc(/C=C2/SC(=O)NC2=O)cc1C(=O)N[C@H](C)c1ccccc1,0
ZINC03980071,DUD_fgfr1_D_3082,Cc1ccc2c(C)[nH]/c(=N\c3nc(CSc4nc5ccccc5s4)cc(=O)[nH]3)nc2c1,0
ZINC03980071,DUD_fgfr1_D_3083,Cc1ccc2c(C)[nH]/c(=N\c3nc(=O)cc(CSc4nc5ccccc5s4)[nH]3)nc2c1,0
ZINC03980173,DUD_fgfr1_D_3084,COc1ccc2n/c(=N\c3nc(CSc4ccc(Cl)cc4)cc(=O)[nH]3)[nH]c(C)c2c1,0
ZINC03980173,DUD_fgfr1_D_3085,COc1ccc2n/c(=N\c3nc(O)cc(CSc4ccc(Cl)cc4)n3)[nH]c(C)c2c1,0
ZINC03980173,DUD_fgfr1_D_3086,COc1ccc2n/c(=N/c3nc(=O)cc(CSc4ccc(Cl)cc4)[nH]3)[nH]c(C)c2c1,0
ZINC03980686,DUD_fgfr1_D_3087,Cc1ccccc1C(=O)Nc1sc2c(c1/C=N\NC(=O)c1cccnc1)CCCC2,0
ZINC03980845,DUD_fgfr1_D_3088,CC[N@@H+]1CCc2c(sc(NC(=S)NC(=O)/C=C\c3ccccc3)c2C(N)=O)C1,0
ZINC03980846,DUD_fgfr1_D_3089,CC[N@@H+]1CCc2c(sc(NC(=S)NC(=O)/C=C/c3ccccc3)c2C(N)=O)C1,0
ZINC03982079,DUD_fgfr1_D_3090,Cc1[nH]c2ccc(F)cc2c1CC1CC[NH+](CC(=O)Nc2ccccc2[N+](=O)[O-])CC1,0
ZINC03982819,DUD_fgfr1_D_3091,COC(=O)C[NH2+][C@@H](c1ccccc1)c1cc(Cl)ccc1NC(=O)c1ccc(OC)cc1,0
ZINC03982820,DUD_fgfr1_D_3092,COC(=O)C[NH2+][C@@H](c1ccccc1)c1cc(Cl)ccc1NC(=O)c1ccc(OC)cc1,0
ZINC03982906,DUD_fgfr1_D_3093,C[C@@H]1CCc2c(sc3ncn(CC(=O)N/N=C\c4c[nH]c5ccccc45)c(=O)c23)C1,0
ZINC03982907,DUD_fgfr1_D_3094,C[C@@H]1CCc2c(sc3ncn(CC(=O)N/N=C/c4c[nH]c5ccccc45)c(=O)c23)C1,0
ZINC03983070,DUD_fgfr1_D_3095,COC(=O)c1[nH]c2ccccc2c1/C=C1/C(=O)NC(=S)N(c2ccc(OC)cc2)C1=O,0
ZINC03983188,DUD_fgfr1_D_3096,CCOc1ccc(/N=C2\NC(=O)[C@@H](CC(=O)Nc3ccccc3F)S2)cc1,0
ZINC03983314,DUD_fgfr1_D_3097,COc1cc(Cl)cc(/C=C2/SC(=O)N(CC(=O)Nc3ccc(C)cc3)C2=O)c1O,0
ZINC03983617,DUD_fgfr1_D_3098,CSc1cccc(/N=C2\NC(=O)[C@@H](CC(=O)Nc3cccc(SC)c3)S2)c1,0
ZINC03983619,DUD_fgfr1_D_3099,CSc1cccc(/N=C2\NC(=O)[C@H](CC(=O)Nc3cccc(SC)c3)S2)c1,0
ZINC03984404,DUD_fgfr1_D_3100,CC(C)(C)c1cc[n+](-c2[n-]c(=O)sc2/C=N\NC(=S)Nc2ccccc2)cc1,0
ZINC03984474,DUD_fgfr1_D_3101,CN(C)c1ccc(/C=N\NC2=NC(=O)C[C@H](C(=O)Nc3ccccc3Cl)S2)cc1,0
ZINC03984475,DUD_fgfr1_D_3102,CN(C)c1ccc(/C=N\NC2=NC(=O)C[C@H](C(=O)Nc3ccccc3Cl)S2)cc1,0
ZINC03985898,DUD_fgfr1_D_3103,NC(=O)c1nc(-c2ccc(F)cc2)c(CC[NH+]2CCC(=Cc3ccccc3)CC2)s1,0
ZINC03986122,DUD_fgfr1_D_3104,Cc1ccc(C(=O)NC2CC2)cc1NC(=O)c1cnc(NCc2ccccc2)s1,0
ZINC03987102,DUD_fgfr1_D_3105,COc1ccc(OC)c(N2C(=O)/C(=C\NNC(=O)c3ccccc3O)C(=O)NC2=S)c1,0
ZINC03987309,DUD_fgfr1_D_3106,COc1ccc(/C=N\NC2=NC(=O)C[C@H](C(=O)Nc3cc(Cl)ccc3C)S2)cc1,0
ZINC03987391,DUD_fgfr1_D_3107,Cc1ccc(/C=N/NC2=NC(=O)C[C@@H](C(=O)Nc3ccc(Cl)cc3)S2)cc1,0
ZINC03987395,DUD_fgfr1_D_3108,Cc1ccc(/C=N/NC2=NC(=O)C[C@@H](C(=O)Nc3ccc(Cl)cc3)S2)cc1,0
ZINC03987494,DUD_fgfr1_D_3109,COc1ccc(/C=N/NC2=NC(=O)C[C@H](C(=O)Nc3ccccc3Cl)S2)cc1,0
ZINC03987495,DUD_fgfr1_D_3110,COc1ccc(/C=N/NC2=NC(=O)C[C@@H](C(=O)Nc3ccccc3Cl)S2)cc1,0
ZINC03987506,DUD_fgfr1_D_3111,Cc1ccc(/C=N/NC(=O)Cc2nnc(NC(=O)c3ccccc3C)s2)cc1,0
ZINC03987679,DUD_fgfr1_D_3112,COc1cc(/C=N/NC(=O)CSc2nnc(-c3ccc(Cl)cc3)n2C)ccc1O,0
ZINC03987684,DUD_fgfr1_D_3113,CC[N@H+]1CCc2c(sc(NC(=S)NC(=O)/C=C\c3ccc(OC)cc3)c2C(N)=O)C1,0
ZINC03987686,DUD_fgfr1_D_3114,CC[N@H+]1CCc2c(sc(NC(=S)NC(=O)/C=C\c3ccc(C)cc3)c2C(N)=O)C1,0
ZINC03987691,DUD_fgfr1_D_3115,C=C(N/N=C1\NC(=O)C[C@@H](C(=O)Nc2cccc(OC)c2)S1)c1ccc(F)cc1,0
ZINC03987693,DUD_fgfr1_D_3116,COc1cccc(/C=N\NC(=O)CSc2nnc(-c3ccc(Cl)cc3)n2C)c1O,0
ZINC03987949,DUD_fgfr1_D_3117,Cc1cccc(/C=N\NC(=O)Cc2nnc(NC(=O)c3ccccc3C)s2)c1,0
ZINC03987980,DUD_fgfr1_D_3118,COc1cccc(/C=N/NC(=O)CSc2nnc(-c3cccc(Cl)c3)n2C)c1O,0
ZINC03988261,DUD_fgfr1_D_3119,CSc1nc(Nc2ccc3[nH+]c(C)cc(N)c3c2)nc(OC2CC[NH+](C)CC2)n1,0
ZINC03988263,DUD_fgfr1_D_3120,CSc1nc(Nc2ccc3[nH+]c(C)cc(N)c3c2)nc(SCC[NH+](C)C)n1,0
ZINC03988694,DUD_fgfr1_D_3121,Cc1nn(CCC[NH+]2CCN(c3cccc(Cl)c3)CC2)c(=O)c(N)c1[C@@H](C)O,0
ZINC03988871,DUD_fgfr1_D_3122,CN(CC[NH+](C)C)C(=O)c1cc(-c2ccc(Cl)c(O)c2)c(-c2ccncc2)o1,0
ZINC03989159,DUD_fgfr1_D_3123,CC[NH+](CC)CCn1c(=O)n(Cc2ccccc2C)c2c(C(F)(F)F)cc(C(N)=O)cc21,0
ZINC03990977,DUD_fgfr1_D_3124,NC(=O)c1cc(Cl)ccc1OC[C@H]1CCC[N@@H+](CCCC(=O)c2ccc(F)cc2)C1,0
ZINC03991289,DUD_fgfr1_D_3125,CS(=O)(=O)c1ccc(C(=O)N[C@@H]2CCC[C@@H]2[NH2+]CCCc2ccc(Cl)cc2)cc1,0
ZINC03991911,DUD_fgfr1_D_3126,CCOC(=O)c1ccc(/N=C2\S[C@H](C(=O)Nc3ccccc3F)CC(=O)N2C)cc1,0
ZINC03991930,DUD_fgfr1_D_3127,O=C(Cn1cnc2sc3c(c2c1=O)CCCC3)N/N=C/c1c[nH]c2ccccc12,0
ZINC03991976,DUD_fgfr1_D_3128,Cc1sc2ncn(CC(=O)N/N=C/c3c(O)ccc4ccccc34)c(=O)c2c1C,0
ZINC03992015,DUD_fgfr1_D_3129,COc1ccc(NC(=O)[C@@H]2CC(=O)N/C(=N/c3ccc(C)cc3)S2)c(OC)c1,0
ZINC03992016,DUD_fgfr1_D_3130,COc1ccc(NC(=O)[C@@H]2CC(=O)N/C(=N\c3ccc(C)cc3)S2)c(OC)c1,0
ZINC03992747,DUD_fgfr1_D_3131,C=C(N/N=C1\NC(=O)C[C@@H](C(=O)Nc2ccccc2)S1)c1ccc(OC)c(F)c1,0
ZINC03992797,DUD_fgfr1_D_3132,C/C(Cl)=C/Cn1/c(=N\N=C/c2ccccc2O)[nH]c2c1c(=O)n(C)c(=O)n2C,0
ZINC03992838,DUD_fgfr1_D_3133,COc1ccc(OC)c(/N=C2/NC(=O)C[C@@H](C(=O)Nc3ccc(F)cc3)S2)c1,0
ZINC03992839,DUD_fgfr1_D_3134,COc1ccc(OC)c(/N=C2\NC(=O)C[C@H](C(=O)Nc3ccc(F)cc3)S2)c1,0
ZINC03992840,DUD_fgfr1_D_3135,COc1ccc(OC)c(/N=C2/NC(=O)C[C@@H](C(=O)Nc3ccc(F)cc3)S2)c1,0
ZINC03992841,DUD_fgfr1_D_3136,COc1ccc(OC)c(/N=C2/NC(=O)C[C@H](C(=O)Nc3ccc(F)cc3)S2)c1,0
ZINC03993003,DUD_fgfr1_D_3137,COc1ccccc1/N=c1/nc(N)nc(CSC(=S)N2CCCCC2)[nH]1,0
ZINC03993052,DUD_fgfr1_D_3138,CC(=O)/C(C(=O)OC(C)(C)C)=C1/N=C(NC(=O)c2ccc(Cl)cc2)c2ccccc21,0
ZINC03993053,DUD_fgfr1_D_3139,CC(=O)/C(C(=O)OC(C)(C)C)=C1/N=C(NC(=O)c2ccc(Cl)cc2)c2ccccc21,0
ZINC03993054,DUD_fgfr1_D_3140,CC(=O)/C(C(=O)OC(C)(C)C)=C1\N=C(NC(=O)c2cccc(Cl)c2)c2ccccc21,0
ZINC03993055,DUD_fgfr1_D_3141,CC(=O)/C(C(=O)OC(C)(C)C)=C1\N=C(NC(=O)c2cccc(Cl)c2)c2ccccc21,0
ZINC03993207,DUD_fgfr1_D_3142,Cc1ccc(NC(=O)CCC(=O)N/N=C/c2coc3ccc(Cl)cc3c2=O)cc1,0
ZINC03993768,DUD_fgfr1_D_3143,COC(=O)C[NH+]1CCC(Nc2ncc3ncnc(Nc4cccc(Cl)c4)c3n2)CC1,0
ZINC03994431,DUD_fgfr1_D_3144,CC(=O)Oc1ccccc1C(=O)OCC[S@@+](C)c1c(O)c2ccc(Cl)cc2oc1=O,0
ZINC03995502,DUD_fgfr1_D_3145,C/C(=N\NC(=O)c1csc(C)c1C)c1cccc(NS(=O)(=O)c2ccccc2)c1,0
ZINC03996200,DUD_fgfr1_D_3146,C[NH+](C)CCCNS(=O)(=O)c1ccc(N2CCC(c3ccc(Cl)cc3)=N2)cc1,0
ZINC03997181,DUD_fgfr1_D_3147,Cc1cc(=O)[nH]c(N/N=C/C2=C(N3CCOCC3)/C(=C/c3ccc(Cl)cc3)CC2)n1,0
ZINC03997181,DUD_fgfr1_D_3148,Cc1cc(O)nc(N/N=C/C2=C(N3CCOCC3)/C(=C\c3ccc(Cl)cc3)CC2)n1,0
ZINC03997181,DUD_fgfr1_D_3149,Cc1cc(=O)nc(N/N=C\C2=C(N3CCOCC3)/C(=C/c3ccc(Cl)cc3)CC2)[nH]1,0
ZINC03998909,DUD_fgfr1_D_3150,O=C(CC[NH+]1CCN(c2ccccc2)CC1)N/N=C/c1cc(Br)ccc1O,0
ZINC04000606,DUD_fgfr1_D_3151,Cc1cccc(NC(=O)[C@@H]2CC(=O)N=C(N/N=C\c3ccc(Cl)cc3)S2)c1,0
ZINC04000755,DUD_fgfr1_D_3152,CCC(=O)Nc1ccc(/C(C)=N\NC(=O)c2c(-c3ccccc3Cl)noc2C)cc1,0
ZINC04000821,DUD_fgfr1_D_3153,C/C(=N/NS(=O)(=O)c1ccc(F)cc1)c1ccc(NC(=O)c2ccc(C)o2)cc1,0
ZINC04000923,DUD_fgfr1_D_3154,COc1ccc(/C(C)=N\N=C2\NC(=O)C[C@@H](C(=O)Nc3ccccc3)S2)cc1F,0
ZINC04000924,DUD_fgfr1_D_3155,COc1ccc(/C(C)=N\N=C2\NC(=O)C[C@@H](C(=O)Nc3ccccc3)S2)cc1F,0
ZINC04000956,DUD_fgfr1_D_3156,CCCC1=NN2C(=N)/C(=C\c3ccc(-c4ccccc4C(=O)OC)o3)C(=O)N=C2S1,0
ZINC04000968,DUD_fgfr1_D_3157,COc1ccccc1/N=c1\nc(N)nc(CSC(=S)N2CCC(C)CC2)[nH]1,0
ZINC04001035,DUD_fgfr1_D_3158,COc1ccccc1/N=c1\nc(N)nc(CSC(=S)N2CCCC[C@H]2C)[nH]1,0
ZINC04001036,DUD_fgfr1_D_3159,COc1ccccc1/N=c1/nc(N)nc(CSC(=S)N2CCCC[C@@H]2C)[nH]1,0
ZINC04001055,DUD_fgfr1_D_3160,COc1ccc(/N=c2/nc(N)nc(CSC(=S)N3CCC(C)CC3)[nH]2)cc1,0
ZINC04001087,DUD_fgfr1_D_3161,COc1ccc(/N=c2/nc(N)nc(CSC(=S)N3CCCC[C@@H]3C)[nH]2)cc1,0
ZINC04001088,DUD_fgfr1_D_3162,COc1ccc(/N=c2/nc(N)nc(CSC(=S)N3CCCC[C@@H]3C)[nH]2)cc1,0
ZINC04001193,DUD_fgfr1_D_3163,C/C(Cl)=C\Cn1/c(=N/N=C(\C)c2ccccc2O)[nH]c2c1c(=O)n(C)c(=O)n2C,0
ZINC04001226,DUD_fgfr1_D_3164,COc1ccccc1NC(=O)[C@H]1CC(=O)N/C(=N\N=C(/C)c2ccc(Cl)cc2)S1,0
ZINC04001240,DUD_fgfr1_D_3165,COc1ccc(NC(=O)[C@@H]2CC(=O)N/C(=N/N=C(\C)c3ccc(Cl)cc3)S2)cc1,0
ZINC04003614,DUD_fgfr1_D_3166,COc1ccc(-c2cn3c(C)c(C(=O)Nc4cccc(NC(C)=O)c4)sc3n2)cc1,0
ZINC04003614,DUD_fgfr1_D_3167,COc1ccc(-c2cn3c(C)c(C(=O)Nc4cccc(NC(C)=O)c4)sc3[nH+]2)cc1,0
ZINC04003645,DUD_fgfr1_D_3168,O=C(N/N=C\c1ccccc1O)C1CCN(S(=O)(=O)c2ccc(Cl)cc2)CC1,0
ZINC04003693,DUD_fgfr1_D_3169,COc1ccc(OC)c2[nH]c(=O)c(CCNS(=O)(=O)c3ccc(Cl)cc3)cc12,0
ZINC04003844,DUD_fgfr1_D_3170,C/C(=N\NS(=O)(=O)c1ccc(Cl)cc1)c1ccc(NC(=O)C2CC2)cc1,0
ZINC04003921,DUD_fgfr1_D_3171,C/C(=N/NS(=O)(=O)c1ccc(F)cc1)c1ccc(NC(=O)C2CCCC2)cc1,0
ZINC04005073,DUD_fgfr1_D_3172,CC(=O)c1cccc(NC(=O)C[C@H]2S/C(=N/N=C(\C)c3ccc(F)cc3)N=C2O)c1,0
ZINC04019949,DUD_fgfr1_D_3173,CC1=C(C(N)=O)[C@@H](c2ccco2)[C@@H](C#N)C(SCC(=O)Nc2cccc(Cl)c2C)=N1,0
ZINC04019949,DUD_fgfr1_D_3174,CC1=NC(SCC(=O)Nc2cccc(Cl)c2C)=C(C#N)[C@@H](c2ccco2)[C@@H]1C(N)=O,0
ZINC04019949,DUD_fgfr1_D_3175,CC1=NC(SCC(=O)Nc2cccc(Cl)c2C)=C(C#N)[C@H](c2ccco2)[C@H]1C(N)=O,0
ZINC04033721,DUD_fgfr1_D_3176,COc1ccc(OC)c(NC(=S)NCCc2cc3ccc(OC)cc3[nH]c2=O)c1,0
ZINC04033721,DUD_fgfr1_D_3177,COc1ccc(OC)c(NC(=S)NCCc2cc3ccc(OC)cc3nc2O)c1,0
ZINC04034898,DUD_fgfr1_D_3178,CCc1nnc(NC(=O)CSc2nnc(-c3c[nH]c4ccccc34)n2C)s1,0
ZINC04037393,DUD_fgfr1_D_3179,Cn1c(CC[NH+]2CCCCC2)nc2cc(NS(=O)(=O)c3ccc(Cl)cc3)ccc21,0
ZINC04037393,DUD_fgfr1_D_3180,Cn1c(CC[NH+]2CCCCC2)[nH+]c2cc(NS(=O)(=O)c3ccc(Cl)cc3)ccc21,0
ZINC04037910,DUD_fgfr1_D_3181,CC1CC[NH+](CCc2nc3cc(NS(=O)(=O)c4ccc(F)cc4)ccc3n2C)CC1,0
ZINC04037910,DUD_fgfr1_D_3182,CC1CC[NH+](CCc2[nH+]c3cc(NS(=O)(=O)c4ccc(F)cc4)ccc3n2C)CC1,0
ZINC04038249,DUD_fgfr1_D_3183,Cn1c(=O)[nH]c(=O)c2c1nc(NCCCn1ccnc1)n2Cc1ccc(F)cc1,0
ZINC04038249,DUD_fgfr1_D_3184,Cn1c(=O)[nH]c(=O)c2c1[nH+]c(NCCCn1cc[nH+]c1)n2Cc1ccc(F)cc1,0
ZINC04038249,DUD_fgfr1_D_3185,Cn1c(=O)[nH]c(=O)c2c1[nH+]c(NCCCn1ccnc1)n2Cc1ccc(F)cc1,0
ZINC04038249,DUD_fgfr1_D_3186,Cn1c(=O)[nH]c(=O)c2c1nc(NCCCn1cc[nH+]c1)n2Cc1ccc(F)cc1,0
ZINC04039467,DUD_fgfr1_D_3187,Cn1c(=O)[nH]c(=O)c2c1nc(N1CCCCCC1)n2CCSc1nc2ccccc2[nH]1,0
ZINC04039467,DUD_fgfr1_D_3188,Cn1c(=O)[nH]c(=O)c2c1[nH+]c(N1CCCCCC1)n2CCSc1[nH]c2ccccc2[nH+]1,0
ZINC04039467,DUD_fgfr1_D_3189,Cn1c(=O)[nH]c(=O)c2c1nc(N1CCCCCC1)n2CCSc1[nH]c2ccccc2[nH+]1,0
ZINC04039467,DUD_fgfr1_D_3190,Cn1c(=O)[nH]c(=O)c2c1[nH+]c(N1CCCCCC1)n2CCSc1nc2ccccc2[nH]1,0
ZINC04046678,DUD_fgfr1_D_3191,O=[N+]([O-])c1ccc(N2CC[NH+](CCO)CC2)cc1NCc1ccc(Cl)cc1,0
ZINC04053420,DUD_fgfr1_D_3192,CCOC(=O)c1c2ccc(OCC(=O)NNC(=S)NC)cc2n2ccccc12,0
ZINC04053560,DUD_fgfr1_D_3193,COc1ccccc1NC(=S)NNC(=O)C1CC[NH+](Cc2ccccc2)CC1,0
ZINC04057197,DUD_fgfr1_D_3194,CC[C@H](Sc1nc(=O)cc(N)n1-c1ccccc1)C(=O)Nc1ccc(Cl)cn1,0
ZINC04058984,DUD_fgfr1_D_3195,CC(C)(C)c1ccc(C(=O)NCC(=O)NNC(=S)Nc2ccccc2)cc1,0
ZINC04059268,DUD_fgfr1_D_3196,CCCCOc1ccc(C(=O)NCc2n[nH]c(=S)n2-c2ccccc2Cl)cc1,0
ZINC04077727,DUD_fgfr1_D_3197,O=C(CSc1nnc(NC(=O)C2CCCCC2)s1)Nc1ccccc1,0
ZINC04079860,DUD_fgfr1_D_3198,Nc1nc(C[NH+]2CCN(c3ccc(F)cc3)CC2)nc(N2CCCc3ccccc32)n1,0
ZINC04083323,DUD_fgfr1_D_3199,CC(=O)Nc1ccc(OC[C@@H](O)C[NH+]2CCN(c3cccc(Cl)c3)CC2)cc1,0
ZINC04087023,DUD_fgfr1_D_3200,NC(=O)c1c(NC(=O)c2ccc(F)cc2)sc2c1CC[N@@H+](Cc1ccccc1)C2,0
ZINC04087028,DUD_fgfr1_D_3201,Cc1ccc(C(=O)Nc2sc3c(c2C(N)=O)CC[N@@H+](Cc2ccccc2)C3)cc1,0
ZINC04087042,DUD_fgfr1_D_3202,COc1ccc(C(=O)Nc2sc3c(c2C(N)=O)CC[N@@H+](Cc2ccccc2)C3)cc1,0
ZINC04087056,DUD_fgfr1_D_3203,CC(C)[N@H+]1CCc2c(sc(NC(=O)c3ccc(-c4ccccc4)cc3)c2C(N)=O)C1,0
ZINC04087093,DUD_fgfr1_D_3204,CC[N@@H+]1CCc2c(sc(NC(=O)c3ccc(Oc4ccccc4)cc3)c2C(N)=O)C1,0
ZINC04087107,DUD_fgfr1_D_3205,CC[N@H+]1CCc2c(sc(NC(=O)c3cc4ccccc4cc3OC)c2C(N)=O)C1,0
ZINC04087110,DUD_fgfr1_D_3206,COc1cc2ccccc2cc1C(=O)Nc1sc2c(c1C(N)=O)CC[N@@H+](C(C)C)C2,0
ZINC04087246,DUD_fgfr1_D_3207,CC(C)[N@@H+]1CCc2c(sc(NC(=O)COc3ccc(Cl)cc3)c2C(N)=O)C1,0
ZINC04090652,DUD_fgfr1_D_3208,COc1ccc(NC(=O)[C@H]2C[C@@H](CCSC)[NH2+][C@]23C(=O)Nc2ccccc23)cc1,0
ZINC04111185,DUD_fgfr1_D_3209,Cc1cc(C)cc(NC(=O)CSc2nnc(CNC(=O)c3cccs3)o2)c1,0
ZINC04115636,DUD_fgfr1_D_3210,COc1ccc(CC[NH+]2CCC(NC(=S)Nc3ccccc3N)CC2)cc1,0
ZINC04125417,DUD_fgfr1_D_3211,CCOc1ccc2nc3sc(C(=O)Nc4nnc(CC)s4)c(N)c3cc2c1,0
ZINC04126853,DUD_fgfr1_D_3212,COc1ccccc1NC(=O)Cc1csc(NC(=S)Nc2ccc(C)cc2)n1,0
ZINC04131943,DUD_fgfr1_D_3213,O=[N+]([O-])c1ccc(N2CC[NH+](CCO)CC2)cc1NCCOc1ccc(Cl)cc1,0
ZINC04132561,DUD_fgfr1_D_3214,COCCNC(=S)N(Cc1ccc(F)cc1)Cc1cc2cc(C)ccc2[nH]c1=O,0
ZINC04132561,DUD_fgfr1_D_3215,COCCNC(=S)N(Cc1ccc(F)cc1)Cc1cc2cc(C)ccc2nc1O,0
ZINC04133209,DUD_fgfr1_D_3216,COc1ccc2[nH]c(=O)c(CN(CCO)C(=S)N[C@@H](C)c3ccccc3)cc2c1,0
ZINC04133209,DUD_fgfr1_D_3217,COc1ccc2nc(O)c(CN(CCO)C(=S)N[C@@H](C)c3ccccc3)cc2c1,0
ZINC04133450,DUD_fgfr1_D_3218,Cc1ccc2cc(CN(CC[NH+](C)C)C(=S)N[C@H](C)c3ccccc3)c(=O)[nH]c2c1,0
ZINC04133450,DUD_fgfr1_D_3219,Cc1ccc2cc(CN(CC[NH+](C)C)C(=S)N[C@@H](C)c3ccccc3)c(O)nc2c1,0
ZINC04137655,DUD_fgfr1_D_3220,CCOc1cccc2sc(Nc3nc4ccc(NC(C)=O)cc4s3)nc12,0
ZINC04156340,DUD_fgfr1_D_3221,C/C(=N/NC(=O)c1ccc2c(c1)OCO2)c1ccc(NC(=O)c2ccc(Cl)cc2)cc1,0
ZINC04161308,DUD_fgfr1_D_3222,COCCn1c(SCC(=O)Nc2ccccc2Cl)nnc1-c1ccccc1O,0
ZINC04167540,DUD_fgfr1_D_3223,COC(=O)c1ccc(NC(=O)CSc2nc(-c3ccc(OC)cc3)ns2)cc1,0
ZINC04167542,DUD_fgfr1_D_3224,COc1ccc(-c2nsc(SCC(=O)Nc3ccc(NC(C)=O)cc3)n2)cc1,0
ZINC04171436,DUD_fgfr1_D_3225,CCCc1cc(=O)[nH]c(SCC(=O)Nc2c(-c3ccccc3)nc3ccccn23)n1,0
ZINC04171436,DUD_fgfr1_D_3226,CCCc1cc(=O)nc(SCC(=O)Nc2c(-c3ccccc3)nc3ccccn23)[nH]1,0
ZINC04171436,DUD_fgfr1_D_3227,CCCc1cc(O)nc(SCC(=O)Nc2c(-c3ccccc3)nc3ccccn23)n1,0
ZINC04171436,DUD_fgfr1_D_3228,CCCc1cc(=O)[nH]c(SCC(=O)Nc2c(-c3ccccc3)[nH+]c3ccccn23)n1,0
ZINC04171436,DUD_fgfr1_D_3229,CCCc1cc(=O)nc(SCC(=O)Nc2c(-c3ccccc3)[nH+]c3ccccn23)[nH]1,0
ZINC04171436,DUD_fgfr1_D_3230,CCCc1cc(O)nc(SCC(=O)Nc2c(-c3ccccc3)[nH+]c3ccccn23)n1,0
ZINC04175809,DUD_fgfr1_D_3231,COc1ccccc1Nc1nc(N)nc(CSC(=S)N(C)C2CCCCC2)n1,0
ZINC04175824,DUD_fgfr1_D_3232,COc1ccccc1Nc1nc(N)nc(CSC(=S)N2C[C@@H](C)C[C@H](C)C2)n1,0
ZINC04176147,DUD_fgfr1_D_3233,COc1ccc(-c2nc(C(N)=O)c3nc(O)n(-c4cccc(Cl)c4)c3n2)c(OC)c1,0
ZINC04176705,DUD_fgfr1_D_3234,COc1ccc([C@H]2C(C(N)=O)=C(C)Nc3nc(SCc4ccccc4)nn32)cc1OC,0
ZINC04179054,DUD_fgfr1_D_3235,CSc1ccc([C@@H]2C(C#N)=C(N)Oc3cc(C)n(Cc4ccccn4)c(=O)c32)cc1,0
ZINC04181700,DUD_fgfr1_D_3236,CCOC(=O)[C@H]1CCC[N@H+](Cc2nc(N)nc(Nc3ccc(Cl)cc3)n2)C1,0
ZINC04188312,DUD_fgfr1_D_3237,COCCNC(=O)c1cc(NC(=O)c2cccc(Br)c2)ccc1N1CCCC1,0
ZINC04189313,DUD_fgfr1_D_3238,C[NH+](C)CCCNC(=O)c1cc(NC(=O)c2cccc(Cl)c2)ccc1N1CCCC1,0
ZINC04191403,DUD_fgfr1_D_3239,C#CCn1/c(=N/C(=O)c2nc3ccccc3s2)sc2cc(NC(C)=O)ccc21,0
ZINC04191411,DUD_fgfr1_D_3240,C#CCn1/c(=N/C(=O)c2ccc(C(=O)OC)cc2)sc2cc(NC(C)=O)ccc21,0
ZINC04216448,DUD_fgfr1_D_3241,O=C(NCC[NH+]1CCC(n2c(=O)[nH]c3cc(Cl)ccc32)CC1)c1ccc(F)cc1,0
ZINC04217705,DUD_fgfr1_D_3242,COc1cccc2c1CC[C@@H]1C[N@@H+](CCn3c(=O)[nH]c4c(sc5cccnc54)c3=O)C[C@@H]21,0
ZINC04223613,DUD_fgfr1_D_3243,CC(C)[N@H+]1CCc2c(sc(NC(=O)CCSc3ccccc3)c2C(N)=O)C1,0
ZINC04225151,DUD_fgfr1_D_3244,CCOC(=O)c1ccc(Nc2nnc(Cc3ccccc3Cl)c(=O)[nH]2)cc1,0
ZINC04225151,DUD_fgfr1_D_3245,CCOC(=O)c1ccc(Nc2nc(=O)c(Cc3ccccc3Cl)n[nH]2)cc1,0
ZINC04225151,DUD_fgfr1_D_3246,CCOC(=O)c1ccc(Nc2nnc(Cc3ccccc3Cl)c(O)n2)cc1,0
ZINC04225313,DUD_fgfr1_D_3247,CCOC(=O)c1ccc(NC(=S)NCCc2cc3ccc(C)cc3[nH]c2=O)cc1,0
ZINC04225313,DUD_fgfr1_D_3248,CCOC(=O)c1ccc(NC(=S)NCCc2cc3ccc(C)cc3nc2O)cc1,0
ZINC04225449,DUD_fgfr1_D_3249,COc1ccc(OC)c2[nH]c(=O)c(CCNC(=S)NCc3ccc(F)cc3)cc12,0
ZINC04225465,DUD_fgfr1_D_3250,COc1ccc(OC)c2[nH]c(=O)c(CCNC(=S)Nc3ccccc3Cl)cc12,0
ZINC04233657,DUD_fgfr1_D_3251,C#CCn1/c(=N/C(=O)c2ccc3ncsc3c2)sc2cc(NC(C)=O)ccc21,0
ZINC04235556,DUD_fgfr1_D_3252,CCn1c(=O)c(/C(C)=N/NC(=S)Nc2ccccc2)c(O)c2ccccc21,0
ZINC04235557,DUD_fgfr1_D_3253,CCn1c(=O)c(/C(C)=N/NC(=S)Nc2ccc(OC)cc2)c(O)c2ccccc21,0
ZINC04235668,DUD_fgfr1_D_3254,CC(C)c1ccc(NC(=O)O[C@H]2CO[C@H]3[C@H](NC(=O)c4cccs4)CO[C@@H]23)cc1,0
ZINC04239558,DUD_fgfr1_D_3255,C[C@@H]1CN(C(=O)c2ccc(CSc3ccc(-c4ccc(F)cc4)nn3)o2)CC[NH2+]1,0
ZINC04240267,DUD_fgfr1_D_3256,CCOC(=O)c1c(N)sc(C(=O)NC)c1CSc1nc(C)nc2ccccc12,0
ZINC04241433,DUD_fgfr1_D_3257,O=S(=O)(NCCNc1ncnc2sc3c(c12)CCCC3)c1ccc(F)cc1,0
ZINC04246881,DUD_fgfr1_D_3258,Cc1cc(C(=O)CSc2ccc(F)cc2)c(C)n1-c1ccc(S(N)(=O)=O)cc1,0
ZINC04246921,DUD_fgfr1_D_3259,Nn1cc(-c2ccccc2)nc1SCC(=O)Nc1ccc(N2CCCCC2)cc1,0
ZINC04248749,DUD_fgfr1_D_3260,CC(=O)Nc1ccc(NC(=O)CSc2nccn2Cc2ccc(F)cc2)cc1,0
ZINC04248924,DUD_fgfr1_D_3261,CC(=O)Nc1nc(SCc2ccccc2C)[nH]c(=O)c1NC(=O)c1cccs1,0
ZINC04248924,DUD_fgfr1_D_3262,CC(=O)Nc1[nH]c(SCc2ccccc2C)nc(=O)c1NC(=O)c1cccs1,0
ZINC04248924,DUD_fgfr1_D_3263,CC(=O)Nc1nc(SCc2ccccc2C)nc(O)c1NC(=O)c1cccs1,0
ZINC04249903,DUD_fgfr1_D_3264,O=C(COC(=O)CCc1nc2sc3c(c2c(=O)[nH]1)CCCC3)Nc1ccccc1,0
ZINC04249903,DUD_fgfr1_D_3265,O=C(COC(=O)CCc1nc(=O)c2c3c(sc2[nH]1)CCCC3)Nc1ccccc1,0
ZINC04249903,DUD_fgfr1_D_3266,O=C(COC(=O)CCc1nc(O)c2c3c(sc2n1)CCCC3)Nc1ccccc1,0
ZINC04250015,DUD_fgfr1_D_3267,C[C@@H](OC(=O)CCc1nc2ccccc2c(=O)[nH]1)C(=O)Nc1cccc(Cl)c1,0
ZINC04250015,DUD_fgfr1_D_3268,C[C@@H](OC(=O)CCc1nc(=O)c2ccccc2[nH]1)C(=O)Nc1cccc(Cl)c1,0
ZINC04250015,DUD_fgfr1_D_3269,C[C@H](OC(=O)CCc1nc(O)c2ccccc2n1)C(=O)Nc1cccc(Cl)c1,0
ZINC04250031,DUD_fgfr1_D_3270,Cc1cc(Cl)ccc1NC(=O)COC(=O)CCc1nc2ccccc2c(=O)[nH]1,0
ZINC04250031,DUD_fgfr1_D_3271,Cc1cc(Cl)ccc1NC(=O)COC(=O)CCc1nc(=O)c2ccccc2[nH]1,0
ZINC04250031,DUD_fgfr1_D_3272,Cc1cc(Cl)ccc1NC(=O)COC(=O)CCc1nc(O)c2ccccc2n1,0
ZINC04251367,DUD_fgfr1_D_3273,COc1ccc(NC(=O)COC(=O)CCc2nc3ccccc3c(=O)[nH]2)cc1Cl,0
ZINC04251367,DUD_fgfr1_D_3274,COc1ccc(NC(=O)COC(=O)CCc2nc(=O)c3ccccc3[nH]2)cc1Cl,0
ZINC04251367,DUD_fgfr1_D_3275,COc1ccc(NC(=O)COC(=O)CCc2nc(O)c3ccccc3n2)cc1Cl,0
ZINC04251772,DUD_fgfr1_D_3276,C[C@H]1CCN(C(=O)CSc2nc(-c3ccccc3)cn2N)c2ccccc2S1,0
ZINC04251813,DUD_fgfr1_D_3277,COC(=O)c1c(NC(=O)CSc2nc(-c3ccccc3)cn2N)sc(C)c1C,0
ZINC04251814,DUD_fgfr1_D_3278,N#Cc1c(NC(=O)CSc2nc(-c3ccccc3)cn2N)sc2c1CCCC2,0
ZINC04251863,DUD_fgfr1_D_3279,COc1ccc(Cl)cc1NC(=O)[C@H](C)Sc1nc(-c2ccccc2)cn1N,0
ZINC04251969,DUD_fgfr1_D_3280,Cc1cc(SC#N)cc(C)c1NC(=O)CSc1nc(-c2ccccc2)cn1N,0
ZINC04251975,DUD_fgfr1_D_3281,Cc1sc2nc([C@H](C)Sc3nc(-c4ccccc4)cn3N)[nH]c(=O)c2c1C,0
ZINC04251975,DUD_fgfr1_D_3282,Cc1sc2[nH]c([C@@H](C)Sc3nc(-c4ccccc4)cn3N)nc(=O)c2c1C,0
ZINC04251975,DUD_fgfr1_D_3283,Cc1sc2nc([C@@H](C)Sc3[nH+]c(-c4ccccc4)cn3N)[nH]c(=O)c2c1C,0
ZINC04251975,DUD_fgfr1_D_3284,Cc1sc2[nH]c([C@@H](C)Sc3[nH+]c(-c4ccccc4)cn3N)nc(=O)c2c1C,0
ZINC04252239,DUD_fgfr1_D_3285,COc1ccc2nc(SCC(=O)Nc3ccc(C(=O)OC(C)C)cc3)[nH]c2c1,0
ZINC04265810,DUD_fgfr1_D_3286,CCCC[C@]1(c2ccc(F)cc2)NC(=O)N(CC(=O)Nc2ccc(N(C)C)cc2)C1=O,0
ZINC04268949,DUD_fgfr1_D_3287,COc1ccc2nc(NC(=O)CSc3nnc4[nH]c5ccccc5n34)sc2c1,0
ZINC04271810,DUD_fgfr1_D_3288,Nc1cc(=O)nc(SCC(=O)N2CCCc3ccccc32)n1-c1ccc(F)cc1,0
ZINC04273460,DUD_fgfr1_D_3289,CCn1c(=O)c(/C(C)=N/N=C2/C(=O)Nc3cc(Cl)ccc32)c(O)c2ccccc21,0
ZINC04275269,DUD_fgfr1_D_3290,CC1(C)Cc2c(sc(NC(=O)COc3ccc(Cl)cc3)c2C(N)=O)C(C)(C)[NH2+]1,0
ZINC04280257,DUD_fgfr1_D_3291,CC(C)(C)c1nn2c(=S)[nH]nc2n(/N=C\c2c(O)ccc3ccccc23)c1=O,0
ZINC04292235,DUD_fgfr1_D_3292,CCOc1ccc(C(=O)Nc2c(N)nc(SCc3ccc(F)cc3)[nH]c2=O)cc1,0
ZINC04292235,DUD_fgfr1_D_3293,CCOc1ccc(C(=O)Nc2c(N)[nH]c(SCc3ccc(F)cc3)nc2=O)cc1,0
ZINC04292235,DUD_fgfr1_D_3294,CCOc1ccc(C(=O)Nc2c(N)nc(SCc3ccc(F)cc3)nc2O)cc1,0
ZINC04294240,DUD_fgfr1_D_3295,CC1=C(C(=O)Nc2ccccc2)[C@H](c2cccs2)n2nc(CCCO)nc2N1,0
ZINC04308566,DUD_fgfr1_D_3296,CCOc1ccc(NC(=O)CN2C(=O)N[C@@](CC)(c3ccc(F)cc3)C2=O)cc1,0
ZINC04308585,DUD_fgfr1_D_3297,CC[C@@]1(c2ccc(F)cc2)NC(=O)N(CC(=O)Nc2cccc(SC)c2)C1=O,0
ZINC04309724,DUD_fgfr1_D_3298,COc1cc(NC(=O)C/C(C)=N/NC(=O)c2ccncc2)c(OC)cc1Cl,0
ZINC04313359,DUD_fgfr1_D_3299,Cc1ccc(NC(=O)Cn2nnc(C(=O)NCc3ccccc3Cl)c2N)c(C)c1,0
ZINC04317264,DUD_fgfr1_D_3300,COc1ccc(CCNc2nnc(Cc3ccc(Cl)cc3)c(=O)[nH]2)cc1OC,0
ZINC04317264,DUD_fgfr1_D_3301,COc1ccc(CCNc2nnc(Cc3ccc(Cl)cc3)c(O)n2)cc1OC,0
ZINC04317264,DUD_fgfr1_D_3302,COc1ccc(CCNc2nc(=O)c(Cc3ccc(Cl)cc3)n[nH]2)cc1OC,0
ZINC04317320,DUD_fgfr1_D_3303,COc1ccc(Cc2nnc(SCC(=O)Nc3cccc(F)c3)[nH]c2=O)cc1,0
ZINC04317320,DUD_fgfr1_D_3304,COc1ccc(Cc2n[nH]c(SCC(=O)Nc3cccc(F)c3)nc2=O)cc1,0
ZINC04317320,DUD_fgfr1_D_3305,COc1ccc(Cc2nnc(SCC(=O)Nc3cccc(F)c3)nc2O)cc1,0
ZINC04317324,DUD_fgfr1_D_3306,Cc1ccc(Cc2nnc(SCC(=O)Nc3ccccc3F)[nH]c2=O)cc1,0
ZINC04317324,DUD_fgfr1_D_3307,Cc1ccc(Cc2n[nH]c(SCC(=O)Nc3ccccc3F)nc2=O)cc1,0
ZINC04317324,DUD_fgfr1_D_3308,Cc1ccc(Cc2nnc(SCC(=O)Nc3ccccc3F)nc2O)cc1,0
ZINC04317329,DUD_fgfr1_D_3309,CCOc1ccc(Cc2nnc(SCC(=O)Nc3ccccc3F)[nH]c2=O)cc1,0
ZINC04317329,DUD_fgfr1_D_3310,CCOc1ccc(Cc2n[nH]c(SCC(=O)Nc3ccccc3F)nc2=O)cc1,0
ZINC04317329,DUD_fgfr1_D_3311,CCOc1ccc(Cc2nnc(SCC(=O)Nc3ccccc3F)nc2O)cc1,0
ZINC04321412,DUD_fgfr1_D_3312,CN(C)c1ccc(NC(=O)CSc2nnc3c(n2)[nH]c2ccc(F)cc23)cc1,0
ZINC04329708,DUD_fgfr1_D_3313,CCOc1ccc(Nc2nc(Nc3ccc(F)cc3)nc(N3CCOCC3)n2)cc1,0
ZINC04331700,DUD_fgfr1_D_3314,CC(C)Oc1ccc(C(=O)OCC(=O)Nc2cc(Cl)ccc2-n2cncn2)cc1,0
ZINC04333604,DUD_fgfr1_D_3315,C=CCNC(=S)NNC(=O)CSc1nnc(-c2ccccc2)n1C,0
ZINC04346353,DUD_fgfr1_D_3316,COCc1nn(-c2ccc(Cl)cc2)c(O)c1/C=C1\NC(=O)N(CC=C(C)C)C1=O,0
ZINC04355754,DUD_fgfr1_D_3317,COc1ccc(-c2ccc(SCC(=O)Nc3cccc(NC(C)=O)c3)nn2)cc1,0
ZINC04356248,DUD_fgfr1_D_3318,CCn1c(SCC(=O)Nc2nc3ccc(OC)cc3s2)nnc1-c1ccoc1C,0
ZINC04357698,DUD_fgfr1_D_3319,CC(=O)Nc1ccc(Nc2nc(Nc3cccc(Cl)c3)nc(C)c2[N+](=O)[O-])cc1,0
ZINC04358330,DUD_fgfr1_D_3320,CC(=O)Nc1ccc(NC(=O)CSc2ccc(-c3sc(C)nc3C)nn2)cc1,0
ZINC04361071,DUD_fgfr1_D_3321,CC1(C)NC(=O)N(CC(=O)O[C@@H](C(=O)Nc2ccc(F)cc2)c2ccccc2)C1=O,0
ZINC04362967,DUD_fgfr1_D_3322,C=CCn1c(SCC(=O)Nc2nc(C)cs2)nc2c([nH]c3ccccc32)c1=O,0
ZINC04364218,DUD_fgfr1_D_3323,CCn1c(C)cc(/C=C2/NC(=O)N(CC(=O)Nc3ccc(Cl)cc3)C2=O)c1C,0
ZINC04383957,DUD_fgfr1_D_3324,CC(=O)NCCc1nc2cc(NC(=O)COc3ccc(Cl)cc3)ccc2n1C,0
ZINC04384552,DUD_fgfr1_D_3325,Cc1cc(=O)n2c3ccccc3n(C[C@H](O)CNc3ccc(Cl)cc3)c2c1C#N,0
ZINC04384948,DUD_fgfr1_D_3326,Cc1cc(C)nc(NS(=O)(=O)c2ccc(NCc3cc(Cl)ccc3O)cc2)n1,0
ZINC04386424,DUD_fgfr1_D_3327,Cc1ccc2nc(Nc3nc(CSc4nccc(C)n4)cc(=O)[nH]3)nc(C)c2c1,0
ZINC04386424,DUD_fgfr1_D_3328,Cc1ccc2nc(Nc3nc(=O)cc(CSc4nccc(C)n4)[nH]3)nc(C)c2c1,0
ZINC04386424,DUD_fgfr1_D_3329,Cc1ccc2nc(Nc3nc(O)cc(CSc4nccc(C)n4)n3)nc(C)c2c1,0
ZINC04387658,DUD_fgfr1_D_3330,CC1=C(C(=O)Nc2ccccc2C)[C@@H](c2cccc(F)c2)n2nc(CCCO)nc2N1,0
ZINC04388666,DUD_fgfr1_D_3331,COc1cccc(-c2csc3nnc(SCC(=O)c4ccc(NC(C)=O)cc4)n23)c1,0
ZINC04390324,DUD_fgfr1_D_3332,COc1ccc(NC(=O)c2nc(C)c(C(=O)Nc3ccc(OC)cc3)s2)cc1,0
ZINC04398328,DUD_fgfr1_D_3333,Nc1nc(SCC(=O)c2ccccc2)nc2sc3c(c12)CC[N@@H+](Cc1ccccc1)C3,0
ZINC04400708,DUD_fgfr1_D_3334,O=C(C[N@@H+]1[C@H]2CCC[C@@H]1C[C@H](NC(=O)c1ccco1)C2)Nc1ccccc1C(F)(F)F,0
ZINC04400976,DUD_fgfr1_D_3335,Cc1ccc(Nc2nc(COC(=O)c3ccc4c(c3)NC(=O)CS4)cs2)cc1,0
ZINC04404344,DUD_fgfr1_D_3336,Cc1cc(C)c2c(N)c(C(=O)Nc3ccc(S(=O)(=O)N4CCCCC4)cc3)sc2n1,0
ZINC04404750,DUD_fgfr1_D_3337,Nn1c(SCC(=O)Nc2ccc(N3CCCCC3)cc2)nnc1-c1cccs1,0
ZINC04405041,DUD_fgfr1_D_3338,Cc1ccccc1Nc1nc(N)nc(COC(=O)CSc2ccccc2F)n1,0
ZINC04406190,DUD_fgfr1_D_3339,CC(=O)N/C(=C/c1ccccc1)C(=O)O[C@@H](C)c1nc2sc(C)c(C)c2c(=O)[nH]1,0
ZINC04406190,DUD_fgfr1_D_3340,CC(=O)N/C(=C\c1ccccc1)C(=O)O[C@H](C)c1nc(=O)c2c(C)c(C)sc2[nH]1,0
ZINC04406190,DUD_fgfr1_D_3341,CC(=O)N/C(=C\c1ccccc1)C(=O)O[C@H](C)c1nc(O)c2c(C)c(C)sc2n1,0
ZINC04417798,DUD_fgfr1_D_3342,COCCNC(=O)c1cc(NC(=O)c2ccc(Br)cc2)ccc1N(C)C,0
ZINC04417810,DUD_fgfr1_D_3343,COCCNC(=O)c1cc(NC(=O)[C@@H](Cl)c2ccccc2)ccc1N1CCCC1,0
ZINC04420065,DUD_fgfr1_D_3344,CCCNC(=O)c1cc(NC(=O)c2ccc(Cl)c([N+](=O)[O-])c2)ccc1N(C)C,0
ZINC04420829,DUD_fgfr1_D_3345,COCCCNC(=O)c1cc(NC(=O)c2ccc(Cl)cc2)ccc1N1CCCC1,0
ZINC04422763,DUD_fgfr1_D_3346,COc1cccc(/C=N\Nc2nc(=O)[nH]nc2C)c1OCc1ccccc1Cl,0
ZINC04422763,DUD_fgfr1_D_3347,COc1cccc(/C=N/Nc2nc(O)nnc2C)c1OCc1ccccc1Cl,0
ZINC04422811,DUD_fgfr1_D_3348,COc1cc(/C=N/Nc2nc(C)cc(=O)[nH]2)ccc1OCc1cccc(Cl)c1,0
ZINC04422811,DUD_fgfr1_D_3349,COc1cc(/C=N/Nc2nc(=O)cc(C)[nH]2)ccc1OCc1cccc(Cl)c1,0
ZINC04428154,DUD_fgfr1_D_3350,O=C(CC12CC3CC(C1)CC(CC(=O)Nc1nccs1)(C3)C2)Nc1nccs1,0
ZINC04433539,DUD_fgfr1_D_3351,CC(=O)Nc1ccc(NC(=O)CCCc2nc(-c3ccccc3Cl)no2)cc1,0
ZINC04438699,DUD_fgfr1_D_3352,CC(=O)Nc1ccc(NC(=O)[C@H](C)OC(=O)COc2cc(C)ccc2Cl)cc1,0
ZINC04439741,DUD_fgfr1_D_3353,Cc1c(Cl)cccc1/N=c1\nc(C[NH+]2CCN(c3ccccc3)CC2)nc(N)[nH]1,0
ZINC04443926,DUD_fgfr1_D_3354,Sc1nnc(-c2[nH]nc3c2CCC3)n1/N=C/c1cccc(OCc2ccccc2)c1,0
ZINC04445643,DUD_fgfr1_D_3355,Cc1ccc(/N=c2/nc(N)nc(C[NH+]3CCN(c4ccc(F)cc4)CC3)[nH]2)cc1,0
ZINC04454363,DUD_fgfr1_D_3356,CCc1ccc(OCC(=O)NC2=C[C@H]3NN(c4ccc(C)c(Cl)c4)N=C3C=C2)cc1,0
ZINC04459132,DUD_fgfr1_D_3357,Cc1cccc(-c2nnc(NC(=O)[C@H](NC(=O)c3cccc(F)c3)C(C)C)s2)c1,0
ZINC04460112,DUD_fgfr1_D_3358,C=C(N/N=C1\NC(=O)C[C@H](C(=O)Nc2cccc(OC)c2)S1)c1ccc(F)cc1,0
ZINC04460357,DUD_fgfr1_D_3359,Cc1ccc(S(=O)(=O)N/C(=N\C(=S)NC2CCCCC2)c2ccccc2)cc1,0
ZINC04462776,DUD_fgfr1_D_3360,Cc1cccc(C(C)C)c1NC(=O)COC(=O)c1ccc2c(c1)NC(=O)CS2,0
ZINC04463918,DUD_fgfr1_D_3361,CCC[C@@H](C)NC(=O)CSc1nc2scc(-c3ccccc3)c2c(=O)n1N,0
ZINC04463922,DUD_fgfr1_D_3362,C=C(C)CN(CC)C(=O)CSc1nc2scc(-c3ccccc3)c2c(=O)n1N,0
ZINC04463925,DUD_fgfr1_D_3363,COC(=O)c1ccc(CSc2nc3scc(-c4ccccc4)c3c(=O)n2N)o1,0
ZINC04464154,DUD_fgfr1_D_3364,CC(C)c1ccc(N2C(=O)/C(=C/NNC(=O)c3ccccc3)C(=O)N=C2S)cc1,0
ZINC04464258,DUD_fgfr1_D_3365,CNS(=O)(=O)c1cc(-c2n[nH]/c(=N\c3ccc(F)cc3)c3ccccc23)ccc1C,0
ZINC04464293,DUD_fgfr1_D_3366,Cc1sc2ncn(CC(=O)N/N=C/c3c(O)ccc4ccccc34)c(=O)c2c1C,0
ZINC04464351,DUD_fgfr1_D_3367,COc1ccc2n/c(=N\c3nc(CSc4ccc(Cl)cc4)cc(=O)[nH]3)[nH]c(C)c2c1,0
ZINC04464351,DUD_fgfr1_D_3368,COc1ccc2n/c(=N\c3nc(O)cc(CSc4ccc(Cl)cc4)n3)[nH]c(C)c2c1,0
ZINC04464351,DUD_fgfr1_D_3369,COc1ccc2n/c(=N\c3nc(=O)cc(CSc4ccc(Cl)cc4)[nH]3)[nH]c(C)c2c1,0
ZINC04464510,DUD_fgfr1_D_3370,CCOc1ccc(NC(=O)[C@@H]2CC(=O)N/C(=N\c3ccc(C)cc3)S2)cc1,0
ZINC04464528,DUD_fgfr1_D_3371,Cc1ccc(NC(=O)Cc2n[nH]/c(=N\C(=O)Nc3ccccc3C)s2)cc1,0
ZINC04464555,DUD_fgfr1_D_3372,CC(=O)Nc1ccc(N/C=C2/C(=O)N=C(S)N(c3ccc(C(C)C)cc3)C2=O)cc1,0
ZINC04465095,DUD_fgfr1_D_3373,C=CCN1C(=O)[C@H](CC(=O)Nc2ccc(F)cc2)S/C1=N\c1ccc(O)cc1,0
ZINC04465119,DUD_fgfr1_D_3374,CCCC(=O)Nc1ccc(C(=O)NNC(=S)NC(=O)/C=C\c2ccco2)cc1,0
ZINC04465156,DUD_fgfr1_D_3375,Cc1cccc(NC(=O)CN2C(=O)S/C(=C/C(=O)Nc3ccc(F)cc3)C2=O)c1,0
ZINC04465167,DUD_fgfr1_D_3376,COc1ccc(NC(=O)/N=c2/[nH]nc(CC(=O)Nc3ccccc3C)s2)cc1,0
ZINC04465210,DUD_fgfr1_D_3377,COc1ccccc1/N=c1/nc(N)nc(CSC(=S)N2C[C@@H](C)C[C@H](C)C2)[nH]1,0
ZINC04465212,DUD_fgfr1_D_3378,COc1ccc(/C=N/n2c(S)nnc2-c2cc(C)n[nH]2)cc1OCc1ccccc1,0
ZINC04465212,DUD_fgfr1_D_3379,COc1ccc(/C=N\n2c(S)nnc2-c2cc(C)[nH]n2)cc1OCc1ccccc1,0
ZINC04465295,DUD_fgfr1_D_3380,C=C(N/N=C1/NC(=O)[C@H](CC(=O)Nc2c(C)cccc2C)S1)c1ccc(F)cc1F,0
ZINC04465535,DUD_fgfr1_D_3381,Cc1ccc(NC(=O)C[C@H]2S/C(=N/c3ccc4c(c3)OCCO4)NC2=O)cc1,0
ZINC04465614,DUD_fgfr1_D_3382,CCOc1ccc(NC(=O)C[C@@H]2S/C(=N\N=C/c3cccs3)NC2=O)cc1,0
ZINC04465634,DUD_fgfr1_D_3383,O=C(C[C@@H]1S/C(=N\c2ccc3c(c2)OCCO3)NC1=O)Nc1ccc(Cl)cc1,0
ZINC04466016,DUD_fgfr1_D_3384,COC(CNC(=O)c1ccc2c(c1)NC(=O)/C(=C\c1ccccc1F)S2)OC,0
ZINC04466023,DUD_fgfr1_D_3385,CC[N@H+]1CCC[C@H]1CNC(=O)c1ccc2c(c1)NC(=O)/C(=C/c1ccccc1F)S2,0
ZINC04466027,DUD_fgfr1_D_3386,CC[NH+](CC)CCNC(=O)c1ccc2c(c1)NC(=O)/C(=C/c1ccccc1F)S2,0
ZINC04466045,DUD_fgfr1_D_3387,COC(CNC(=O)c1ccc2c(c1)NC(=O)/C(=C\c1cccc(Cl)c1)S2)OC,0
ZINC04466049,DUD_fgfr1_D_3388,C[NH+](C)CCNC(=O)c1ccc2c(c1)NC(=O)/C(=C/c1cccc(Cl)c1)S2,0
ZINC04466051,DUD_fgfr1_D_3389,CC[N@@H+]1CCC[C@@H]1CNC(=O)c1ccc2c(c1)NC(=O)/C(=C/c1ccccc1Cl)S2,0
ZINC04466214,DUD_fgfr1_D_3390,COc1ccc(/C=C2\NC(=O)N(CC(=O)Nc3cccc(C)c3)C2=O)cc1Br,0
ZINC04466220,DUD_fgfr1_D_3391,COc1cc(/C=C2\NC(=O)N(CC(=O)Nc3cccc(C)c3)C2=O)cc(Cl)c1O,0
ZINC04466222,DUD_fgfr1_D_3392,COc1ccc(/C=C2\NC(=O)N(CC(=O)Nc3cccc(C)c3)C2=O)cc1Cl,0
ZINC04466318,DUD_fgfr1_D_3393,O=C(NN/C=C\Cc1ccccc1)C1CCN(S(=O)(=O)c2ccc(Cl)cc2)CC1,0
ZINC04466368,DUD_fgfr1_D_3394,COc1cc(/C=C2\C(=O)NC(=S)N(C)C2=O)ccc1OCC(=O)Nc1ccc(F)cc1,0
ZINC04467756,DUD_fgfr1_D_3395,Cc1cccc(NC(=O)c2cc3c(CO)cnc(C)c3o/c2=N/c2ccc(F)cc2)c1,0
ZINC04467765,DUD_fgfr1_D_3396,Cc1ncc(CO)c2cc(C(=O)Nc3ccc(F)c(Cl)c3)/c(=N\c3ccccc3)oc12,0
ZINC04467787,DUD_fgfr1_D_3397,COc1ccc(C)cc1NC(=O)c1cc2c(CO)cnc(C)c2o/c1=N/c1ccc(F)cc1,0
ZINC04468450,DUD_fgfr1_D_3398,CCC(=O)Nc1ccc(C(=O)CN2C(=O)N[C@](C)(c3ccc(Cl)cc3)C2=O)cc1,0
ZINC04468490,DUD_fgfr1_D_3399,CCOc1ccccc1NC(=O)CN1C(=O)N[C@](C)(c2ccc(Cl)cc2)C1=O,0
ZINC04468495,DUD_fgfr1_D_3400,CCc1cccc(CC)c1NC(=O)CN1C(=O)N[C@@](C)(c2ccc(Cl)cc2)C1=O,0
ZINC04468536,DUD_fgfr1_D_3401,CC(C)(C)c1cc[n+](-c2[n-]c(=O)sc2/C=N\NC(=S)Nc2ccccc2)cc1,0
ZINC04468537,DUD_fgfr1_D_3402,CC[C@H](C)c1ccccc1NC(=O)CN1C(=O)N[C@](C)(c2ccc(Cl)cc2)C1=O,0
ZINC04468557,DUD_fgfr1_D_3403,CCOc1ccc(N2C(=O)/C(=C\Nc3ccc(NC(C)=O)cc3)C(=O)NC2=S)cc1,0
ZINC04469470,DUD_fgfr1_D_3404,C=C(N/N=c1/[nH]c2c(c(=O)n(C)c(=O)n2C)n1C/C=C(\C)Cl)c1ccc(O)cc1,0
ZINC04469618,DUD_fgfr1_D_3405,CNS(=O)(=O)c1cc(-c2n[nH]/c(=N\c3ccc(Cl)cc3)c3ccccc23)ccc1C,0
ZINC04469663,DUD_fgfr1_D_3406,O=C(CCCN1C(=O)/C(=C/c2ccc3c(c2)OCO3)SC1=S)Nc1ccc(O)cc1,0
ZINC04469696,DUD_fgfr1_D_3407,Nn1c(SCC(=O)Nc2ccc3c(c2)CCC3)nnc1-c1ccc(Cl)cc1,0
ZINC04469770,DUD_fgfr1_D_3408,Cc1cc(C)c(NC(=O)[C@@H](C)Sc2nnc(-c3ccc(Cl)cc3)n2N)c(C)c1,0
ZINC04469827,DUD_fgfr1_D_3409,O=C(/C=C\c1ccc(F)cc1)Nc1ccc(S(=O)(=O)NC2CCCCC2)cc1,0
ZINC04469857,DUD_fgfr1_D_3410,Cc1nn(-c2ccccc2)c(Cl)c1/C=N\NC(=O)CNC(=O)c1ccc2c(c1)OCO2,0
ZINC04469924,DUD_fgfr1_D_3411,CC(C)Cn1c(N/N=C/C(Br)=C\c2ccccc2)nc2c1c(=O)[nH]c(=O)n2C,0
ZINC04469933,DUD_fgfr1_D_3412,Cc1ccc(NC(=O)CCC(=O)N/N=C/c2coc3ccc(Cl)cc3c2=O)cc1,0
ZINC04469935,DUD_fgfr1_D_3413,C/C(Cl)=C/CSc1nc2c(c(=O)[nH]c(=O)n2C)n1C[C@@H](O)COc1ccccc1,0
ZINC04470041,DUD_fgfr1_D_3414,COc1cc(N2C(=O)/C(=C/c3nc4ccccc4[nH]3)C(=O)NC2=S)cc(OC)c1OC,0
ZINC04470205,DUD_fgfr1_D_3415,COc1ccc(NC(=O)C[C@H]2S/C(=N/c3ccccc3Cl)NC2=O)c(OC)c1,0
ZINC04470300,DUD_fgfr1_D_3416,CCOc1ccc(N2C(=O)C[C@H](S/C(N)=N/N=C/c3cccs3)C2=O)cc1,0
ZINC04478201,DUD_fgfr1_D_3417,CCOC(=O)c1ccc(N/N=C2/C(=[NH2+])N(C)N=C2c2ccc(Cl)cc2)cc1,0
ZINC04484718,DUD_fgfr1_D_3418,COCCn1c(SCc2nc3ccsc3c(=O)[nH]2)nnc1-c1cccc(C)c1,0
ZINC04484718,DUD_fgfr1_D_3419,COCCn1c(SCc2nc(=O)c3sccc3[nH]2)nnc1-c1cccc(C)c1,0
ZINC04484718,DUD_fgfr1_D_3420,COCCn1c(SCc2nc(O)c3sccc3n2)nnc1-c1cccc(C)c1,0
ZINC04484894,DUD_fgfr1_D_3421,CC(=O)Nc1ccc(NC(=O)[C@@H](C)Sc2nc3ccc(Cl)cc3[nH]2)cc1,0
ZINC04485042,DUD_fgfr1_D_3422,CN(C)C(=O)c1ccc(NC(=O)CSc2nc3ccc(Cl)cc3[nH]2)cc1,0
ZINC04485485,DUD_fgfr1_D_3423,COc1cccc(NC(=O)CSCc2nc3sc(C)c(C)c3c(=O)[nH]2)c1,0
ZINC04485485,DUD_fgfr1_D_3424,COc1cccc(NC(=O)CSCc2nc(=O)c3c(C)c(C)sc3[nH]2)c1,0
ZINC04485485,DUD_fgfr1_D_3425,COc1cccc(NC(=O)CSCc2nc(O)c3c(C)c(C)sc3n2)c1,0
ZINC04487830,DUD_fgfr1_D_3426,COc1cc(NC(=O)c2ccc3c(c2)OCCO3)ccc1NC(=O)c1cccs1,0
ZINC04491497,DUD_fgfr1_D_3427,Cc1sc2nc(CSCC(=O)Nc3ccc4c(c3)OCCO4)[nH]c(=O)c2c1C,0
ZINC04491497,DUD_fgfr1_D_3428,Cc1sc2[nH]c(CSCC(=O)Nc3ccc4c(c3)OCCO4)nc(=O)c2c1C,0
ZINC04491497,DUD_fgfr1_D_3429,Cc1sc2nc(CSCC(=O)Nc3ccc4c(c3)OCCO4)nc(O)c2c1C,0
ZINC04491636,DUD_fgfr1_D_3430,Cc1sc2nc(CSCC(=O)NC(=O)c3ccccc3)[nH]c(=O)c2c1C,0
ZINC04491636,DUD_fgfr1_D_3431,Cc1sc2[nH]c(CSCC(=O)NC(=O)c3ccccc3)nc(=O)c2c1C,0
ZINC04491636,DUD_fgfr1_D_3432,Cc1sc2nc(CSCC(=O)NC(=O)c3ccccc3)nc(O)c2c1C,0
ZINC04491838,DUD_fgfr1_D_3433,Cc1sc2nc(CSCC(=O)Nc3ccc4ccccc4c3)[nH]c(=O)c2c1C,0
ZINC04491838,DUD_fgfr1_D_3434,Cc1sc2[nH]c(CSCC(=O)Nc3ccc4ccccc4c3)nc(=O)c2c1C,0
ZINC04491838,DUD_fgfr1_D_3435,Cc1sc2nc(CSCC(=O)Nc3ccc4ccccc4c3)nc(O)c2c1C,0
ZINC04492558,DUD_fgfr1_D_3436,Cc1[nH]c(SCC(=O)N2c3ccccc3NC(=O)C2(C)C)nc1Cc1ccccc1,0
ZINC04492635,DUD_fgfr1_D_3437,Cc1[nH]c(SCC(=O)Nc2ccc(C(=O)N(C)C)cc2)nc1Cc1ccccc1,0
ZINC04493080,DUD_fgfr1_D_3438,COc1ccc(Cl)cc1NC(=O)[C@@H](C)OC(=O)Cc1n[nH]c(=O)c2ccccc12,0
ZINC04493080,DUD_fgfr1_D_3439,COc1ccc(Cl)cc1NC(=O)[C@H](C)OC(=O)Cc1nnc(O)c2ccccc12,0
ZINC04500316,DUD_fgfr1_D_3440,CN1/C(=C/C(=O)CSc2nnc(-c3cccs3)n2N)C(C)(C)c2ccccc21,0
ZINC04511418,DUD_fgfr1_D_3441,Cc1ccccc1C(=O)Nc1nnc(CC(=O)N/N=C/c2cccs2)s1,0
ZINC04514411,DUD_fgfr1_D_3442,CC[C@]1(c2ccc(F)cc2)NC(=O)N(CC(=O)Nc2ccc(C(=O)OC)cc2)C1=O,0
ZINC04514805,DUD_fgfr1_D_3443,C[C@]12CC3CC(C(=O)Nc4ccc(S(=O)(=O)Nc5nccs5)cc4)(C1)C[C@](C)(C3)C2,0
ZINC04515546,DUD_fgfr1_D_3444,O=C(NNC1=C2C[C@H]3CC1C[C@H](C2)C3)c1ccccc1NS(=O)(=O)c1cccs1,0
ZINC04529232,DUD_fgfr1_D_3445,C[C@H]1CC(NNC(=O)c2ccc(NS(=O)(=O)c3cccs3)cc2)=CC(C)(C)C1,0
ZINC04529233,DUD_fgfr1_D_3446,C[C@@H]1CC(NNC(=O)c2ccccc2NS(=O)(=O)c2cccs2)=CC(C)(C)C1,0
ZINC04529241,DUD_fgfr1_D_3447,C=C(NNC(=O)c1csc2c1CC[C@@H](C)C2)c1ccc(NS(C)(=O)=O)cc1,0
ZINC04529474,DUD_fgfr1_D_3448,COc1cc(NS(=O)(=O)c2ccc(C)cc2)c([C@@H](O)c2ccccc2Cl)cc1OC,0
ZINC04586689,DUD_fgfr1_D_3449,O=C(c1cccc(NC2=C(Cl)C(=O)N(Cc3ccccc3)C2=O)c1)N1CC[NH2+]CC1,0
ZINC04596071,DUD_fgfr1_D_3450,Cc1cc(S[C@@H](C)C(=O)Nc2ccc(S(=O)(=O)NC(C)C)cc2)nc2ccccc12,0
ZINC04598434,DUD_fgfr1_D_3451,O=C(NCCC1=CCCCC1)c1ccc2c(c1)[nH]c(=S)n1c3ccccc3nc21,0
ZINC04606838,DUD_fgfr1_D_3452,COc1ccc(NC(=O)Cn2c(NC[C@H](C)O)nc3ccccc32)cc1Cl,0
ZINC04620309,DUD_fgfr1_D_3453,Nc1nc(-c2ccc(F)cc2)c([C@H]2CC[N@H+](CCCC(=O)c3ccc(F)cc3)C2)s1,0
ZINC04622781,DUD_fgfr1_D_3454,Cc1cccc2c(=O)c(/C=C3\SC(=S)NC3=O)c(NCCCn3ccnc3)[nH]c12,0
ZINC04627746,DUD_fgfr1_D_3455,COc1cccc2c1CC[C@@H]1C[NH2+][C@@H](CCn3c(=O)[nH]c4c(sc5ccccc54)c3=O)[C@@H]21,0
ZINC04628236,DUD_fgfr1_D_3456,O=C1N=C(S)N(C2CCCCC2)C(=O)/C1=C\Nc1ccc(Cc2ccncc2)cc1,0
ZINC04628608,DUD_fgfr1_D_3457,CCN(CC)S(=O)(=O)c1ccc(NC(=O)c2sc3nc(C)cc(C)c3c2N)cc1,0
ZINC04633671,DUD_fgfr1_D_3458,Cc1ccccc1N1C(=O)[C@H](/C=[NH+]/CCc2c[nH]c3ccccc23)C(=O)N=C1S,0
ZINC04633735,DUD_fgfr1_D_3459,Cc1nc2sccn2c1C(=O)NCCCCNC(=O)c1c(C)nc2sccn12,0
ZINC04633811,DUD_fgfr1_D_3460,COCCO[C@@H]1c2ccn3c(Br)c(C)nc3c2N[C@@H](c2ccccc2)[C@@H]1O,0
ZINC04638655,DUD_fgfr1_D_3461,CC(=O)Oc1ccccc1NC(=O)C[C@@H]1S/C(=N/c2ccc(Cl)cc2)NC1=O,0
ZINC04638699,DUD_fgfr1_D_3462,C/C(=N\NS(=O)(=O)c1ccc(Cl)cc1)c1cccc(NC(=O)c2ccoc2C)c1,0
