name,id,smiles,active
ZINC00007582,DUD_vegfr2_A_1,CCCN1CCN(C(=O)c2nnn(-c3ccccc3OCC)c2-c2ccccn2)CC1,1
ZINC04617989,DUD_vegfr2_A_2,c1ccc(Nc2cc(-c3cccs3)n[nH]2)cc1,1
ZINC03834201,DUD_vegfr2_A_3,Cc1cc(C)c(/C=C2/C(=O)Nc3ccccc32)[nH]1,1
ZINC03834195,DUD_vegfr2_A_4,Cc1[nH]c(C=C2C(=O)Nc3ccccc32)c(C)c1CCC(=O)[O-],1
ZINC00008576,DUD_vegfr2_A_5,c1ccc2c(c1)SCc1c(-c3ccncc3)n[nH]c1-2,1
ZINC00023575,DUD_vegfr2_A_6,CN1CCC(N2CCCC[C@@H]2[C@@H](C#N)c2ccccc2)CC1,1
ZINC02549646,DUD_vegfr2_A_7,O=C1c2ccccc2-c2n[nH]c(-c3ccccc3)c21,1
ZINC03815833,DUD_vegfr2_A_8,COc1ccc(-c2[nH]nc3c2C(=O)c2ccccc2-3)cc1,1
ZINC01907301,DUD_vegfr2_A_9,Cc1cc(C)c(C=C2C(=O)NN=C2c2cnccn2)[nH]1,1
ZINC03832396,DUD_vegfr2_A_10,c1cc(-c2cnc3c(-c4ccncc4)cnn3c2)ccn1,1
ZINC03832388,DUD_vegfr2_A_11,Cc1ccc(Nc2c(C#N)cnc3cnc(F)cc23)cc1O,1
ZINC01895097,DUD_vegfr2_A_12,COCCOc1cc2ncnc(Nc3ccc(Cl)cc3F)c2cc1OC,1
ZINC03832397,DUD_vegfr2_A_13,CCOc1cc2c(Nc3ccc(C)c(O)c3)c(C#N)cnc2cc1OC,1
ZINC03834189,DUD_vegfr2_A_14,COCCOc1cc2nncc(Nc3ccc(Cl)cc3F)c2cc1OC,1
ZINC03834190,DUD_vegfr2_A_15,COCCOc1cc2nccc(Nc3ccc(Cl)cc3F)c2cc1OC,1
ZINC03834194,DUD_vegfr2_A_16,COCCOc1cc2nccc(Nc3cc(O)c(Cl)cc3F)c2cc1OC,1
ZINC01895417,DUD_vegfr2_A_17,COCCOc1cc2nncc(Nc3cc(O)c(Cl)cc3F)c2cc1OC,1
ZINC01895146,DUD_vegfr2_A_18,COCCOc1cc2ncnc(Nc3cc(O)c(Cl)cc3F)c2cc1OC,1
ZINC03832402,DUD_vegfr2_A_19,CC(C)(C)CNC(=O)c1ccccc1NCc1ccncc1,1
ZINC00026943,DUD_vegfr2_A_20,COc1ccc(-c2cnc3c(-c4ccsc4)cnn3c2)cc1,1
ZINC03832412,DUD_vegfr2_A_21,Cc1ccc2[nH]c3c4ccncc4c4c(c3c2c1)C(=O)NC4=O,1
ZINC03832387,DUD_vegfr2_A_22,Cc1ccc(Nc2c(C#N)cnc3c2oc2ccccc23)cc1O,1
ZINC03832404,DUD_vegfr2_A_23,COc1ccc(O)c(-c2nc(-c3cccnc3)c(NC(C)=O)o2)c1,1
ZINC00008981,DUD_vegfr2_A_24,O=C1NC(=O)c2c1c1c(c3[nH]c4ccccc4c23)-c2ccccc2C1,1
ZINC01493965,DUD_vegfr2_A_25,Clc1ccc(Nc2nnc(OCc3ccncc3)c3sccc23)cc1,1
ZINC03832389,DUD_vegfr2_A_26,Clc1ccc(Nc2nnc(Cc3ccncc3)c3ncccc23)cc1,1
ZINC00007460,DUD_vegfr2_A_27,Clc1ccc(Nc2nnc(Cc3ccncc3)c3ccccc23)cc1,1
ZINC03832385,DUD_vegfr2_A_28,Nc1ccc2c(Cc3ccncc3)nnc(Nc3ccc(Cl)cc3)c2c1,1
ZINC03832399,DUD_vegfr2_A_29,Cc1ccc(Nc2nnc(Cc3ccncc3)c3ccccc23)cc1O,1
ZINC03832386,DUD_vegfr2_A_30,NC(=O)c1cc(Cc2cnc(Nc3ccc(Cl)cc3)c3ccccc23)ccn1,1
ZINC01493842,DUD_vegfr2_A_31,NC(=O)c1cc(Cc2nnc(Nc3ccc(Cl)cc3)c3ccccc23)ccn1,1
ZINC03832393,DUD_vegfr2_A_32,COc1cc(Nc2ncnc(-c3ccccc3)n2)cc(OC)c1OC,1
ZINC03832401,DUD_vegfr2_A_33,COc1cc2ncc(C#N)c(Nc3ccc4[nH]ccc4c3)c2cc1OC,1
ZINC03832394,DUD_vegfr2_A_34,O=C(Nc1cccc(C(F)(F)F)c1)c1cncnc1NCc1ccncc1,1
ZINC03832403,DUD_vegfr2_A_35,O=C(Nc1cc2ccccc2cn1)c1ccccc1NCC1CCOCC1,1
ZINC01494208,DUD_vegfr2_A_36,O=C(NCc1ccncc1)c1cc(-c2n[nH]cc2-c2cc(Cl)cc(Cl)c2)c[nH]1,1
ZINC03815841,DUD_vegfr2_A_37,O=C(NCc1ccncc1)c1cc(-c2[nH]ncc2-c2cc(Cl)cc(Cl)c2)c[nH]1,1
ZINC04617988,DUD_vegfr2_A_38,O=C(Nc1cc(-c2ccccc2)[nH]n1)c1ccccc1NCc1ccncc1,1
ZINC04617984,DUD_vegfr2_A_39,CC(=O)Nc1cccc(C(=O)c2ccc3c(/C=C/c4ccccc4)n[nH]c3c2)c1,1
ZINC03834197,DUD_vegfr2_A_40,c1cc(-c2cnn3cc(-c4ccc(OCCN5CCCCC5)cc4)cnc23)cs1,1
ZINC03834202,DUD_vegfr2_A_41,C[NH+]1CC[NH+](CCCn2ccc(-c3cnc4c(-c5ccsc5)cnn4c3)cc2=O)CC1,1
ZINC04617990,DUD_vegfr2_A_42,COc1cc(Nc2nccc(Nc3ccc4c(C)[nH]nc4c3)n2)cc(OC)c1OC,1
ZINC03832406,DUD_vegfr2_A_43,O=C1NCc2c1c1c3ccccc3n([C@@H]3CC[C@H](O)O3)c1c1[nH]c3ccccc3c21,1
ZINC01494651,DUD_vegfr2_A_44,CCn1c(=O)c(-c2cc(OC)cc(OC)c2)cc2cnc(Nc3ccncc3)nc21,1
ZINC03832409,DUD_vegfr2_A_45,C[NH+]1CC[NH+](CCCn2cc(-c3cncc(-c4ccsc4)c3)c3ccccc32)CC1,1
ZINC03815839,DUD_vegfr2_A_46,O=C1Nc2ccc3ncsc3c2C1=CNc1ccc(S(=O)(=O)Nc2ccccn2)cc1,1
ZINC03816601,DUD_vegfr2_A_47,O=c1cc(-c2ccc3c(c2)ncn3-c2ccccc2)ccn1CCCN1CCCCC1,1
ZINC04617981,DUD_vegfr2_A_48,Cn1ccnc1C(=O)Nc1cccc(Oc2ccc3c(/C=C/c4ccccn4)n[nH]c3c2)c1,1
ZINC00053161,DUD_vegfr2_D_1,CN(C)c1cccc(OCC(=O)NNC(=S)Nc2ccccc2)c1,0
ZINC00054044,DUD_vegfr2_D_2,COc1ccccc1/C=N\NC(=O)c1cc(-c2ccc(F)cc2)n[nH]1,0
ZINC00054087,DUD_vegfr2_D_3,COc1ccc(/C=N\NC(=O)c2cc(-c3ccc(C)s3)n[nH]2)cc1,0
ZINC00054087,DUD_vegfr2_D_4,COc1ccc(/C=N/NC(=O)c2cc(-c3ccc(C)s3)[nH]n2)cc1,0
ZINC00056188,DUD_vegfr2_D_5,CCOc1cccc(-c2cc(C(=O)N/N=C/c3cccs3)[nH]n2)c1,0
ZINC00064202,DUD_vegfr2_D_6,CC(/C=N\Nc1nnc2c(n1)[nH]c1c(C)cccc12)=C\c1ccccc1,0
ZINC00072031,DUD_vegfr2_D_7,COc1ccc(-c2cc(C(=O)N/N=C(/C)c3cccs3)[nH]n2)cc1,0
ZINC00072074,DUD_vegfr2_D_8,CN(C)c1ccc(/C=N/NC(=O)c2cc(-c3cccs3)n[nH]2)cc1,0
ZINC00072084,DUD_vegfr2_D_9,CN(C)c1ccc(/C=N\NC(=O)c2cc(-c3cccs3)n[nH]2)cc1,0
ZINC00072273,DUD_vegfr2_D_10,CCOc1ccc(/C=N\NC(=O)c2cc(-c3cccs3)n[nH]2)cc1,0
ZINC00072280,DUD_vegfr2_D_11,CCOc1ccc(/C=N/NC(=O)c2cc(-c3cccs3)n[nH]2)cc1,0
ZINC00072606,DUD_vegfr2_D_12,CC(C)(C)NC(=S)N/N=C/c1ccc(-c2ccc([N+](=O)[O-])cc2)o1,0
ZINC00108890,DUD_vegfr2_D_13,CCOc1ccc(NC(=O)C[C@@H]2Sc3ccccc3NC2=O)cc1,0
ZINC00112875,DUD_vegfr2_D_14,CCC(=O)Nc1ccc(C(=O)NNC(=O)c2ccc(Cl)cc2)cc1,0
ZINC00122218,DUD_vegfr2_D_15,Cc1ccc(OCC(=O)NNC(=S)Nc2ccccc2)cc1C,0
ZINC00124397,DUD_vegfr2_D_16,CCOc1ccccc1NC(=O)C[C@@H]1Sc2ccccc2NC1=O,0
ZINC00131038,DUD_vegfr2_D_17,CCc1ccc(NC(=O)CSc2nc(O)c3ccccc3n2)cc1,0
ZINC00136309,DUD_vegfr2_D_18,COC(=O)c1cccc(NC(=S)N/N=C/c2ccc(C)cc2)c1,0
ZINC00172924,DUD_vegfr2_D_19,CCOC(=O)c1ccc(NC(=O)C(=S)NCc2ccccc2)cc1,0
ZINC00223729,DUD_vegfr2_D_20,O=C(Nc1cccc(O)c1)[C@H]1CCCN1C(=O)OCc1ccccc1,0
ZINC00226812,DUD_vegfr2_D_21,C[C@H]1SC(N/N=C\c2ccc(N(C)c3ccccc3)cc2)=NC1=O,0
ZINC00232874,DUD_vegfr2_D_22,COc1cccc(/C=N\NC(=O)c2cc(-c3ccc(C)s3)n[nH]2)c1,0
ZINC00232895,DUD_vegfr2_D_23,COc1ccccc1/C=N\NC(=O)c1cc(-c2ccc(C)s2)n[nH]1,0
ZINC00253747,DUD_vegfr2_D_24,CC[C@H](C)c1ccc(NC(=O)CSc2nc3ncccc3[nH]2)cc1,0
ZINC00264567,DUD_vegfr2_D_25,COc1ccccc1-c1cc(C(=O)N/N=C/c2ccc(F)cc2)[nH]n1,0
ZINC00264567,DUD_vegfr2_D_26,COc1ccccc1-c1cc(C(=O)N/N=C\c2ccc(F)cc2)n[nH]1,0
ZINC00269549,DUD_vegfr2_D_27,Cc1cccc(C(=O)Nc2nnc(Cc3c[nH]c4ccccc34)s2)c1,0
ZINC00318670,DUD_vegfr2_D_28,CC(C)Cc1nnc(SCC(=O)Nc2ccc3ccccc3c2)[nH]1,0
ZINC00321790,DUD_vegfr2_D_29,CNc1nc(-c2ccc(NC(=O)c3ccc(OC)cc3)cc2)cs1,0
ZINC00321802,DUD_vegfr2_D_30,CNc1nc(-c2cccc(NC(=O)c3ccccc3OC)c2)cs1,0
ZINC00328347,DUD_vegfr2_D_31,CC(C)(C)C(=O)Nc1ccc(C(=O)NNC(=O)c2ccccc2)cc1,0
ZINC00341049,DUD_vegfr2_D_32,C#CCN1N=C(c2ccc(NC(=O)c3ccccc3)cc2)CSC1=O,0
ZINC00341936,DUD_vegfr2_D_33,CCCC(=O)NC(=S)Nc1cccc(NC(=O)c2ccccc2)c1,0
ZINC00341937,DUD_vegfr2_D_34,CCCC(=O)NC(=S)Nc1ccc(NC(=O)c2ccccc2)cc1,0
ZINC00350666,DUD_vegfr2_D_35,COc1ccc(-c2n[nH]c(C(=O)N/N=C\c3cccs3)c2C)cc1,0
ZINC00358612,DUD_vegfr2_D_36,O=C(NNC(=O)c1ccc(NC(=O)C2CC2)cc1)c1ccc(F)cc1,0
ZINC00360012,DUD_vegfr2_D_37,CC(C)C(=O)Nc1ccc(NC(=O)COc2ccccc2Cl)cc1,0
ZINC00365484,DUD_vegfr2_D_38,O=C(Nc1ccccc1Cl)c1cccc(NC(=O)C2CCCC2)c1,0
ZINC00374447,DUD_vegfr2_D_39,Cc1nn(C)cc1/C=N\NC(=O)C1(O)c2ccccc2-c2ccccc21,0
ZINC00389406,DUD_vegfr2_D_40,Cc1ccc(C)c(-c2nnc(NC[C@@H](O)c3ccccc3)s2)c1,0
ZINC00389407,DUD_vegfr2_D_41,Cc1ccc(C)c(-c2nnc(NC[C@@H](O)c3ccccc3)s2)c1,0
ZINC00400248,DUD_vegfr2_D_42,CC(=O)Nc1ccc(NC(=S)NC(=O)COc2ccccc2)cc1,0
ZINC00411491,DUD_vegfr2_D_43,Cc1cccc2c1[nH]c1nc(SCC(=O)Nc3ccccc3)nnc12,0
ZINC00411636,DUD_vegfr2_D_44,Cc1cccc(NC(=O)CSc2nc(-c3cccc(C)c3)n[nH]2)c1,0
ZINC00411654,DUD_vegfr2_D_45,CCc1ccccc1NC(=O)CSc1nc(-c2ccccc2)n[nH]1,0
ZINC00411871,DUD_vegfr2_D_46,Cc1cccc(C)c1NC(=O)CSc1nc(-c2ccccc2)n[nH]1,0
ZINC00425042,DUD_vegfr2_D_47,Cc1cccc(NC(=O)CCn2c(=S)[nH]c3ccccc3c2=O)c1,0
ZINC00435476,DUD_vegfr2_D_48,CSc1ccc(/C=N/NC(=O)c2cc(-c3ccccc3)n[nH]2)cc1,0
ZINC00435645,DUD_vegfr2_D_49,CCOc1ccc(-c2cc(C(=O)N/N=C\c3cccs3)[nH]n2)cc1,0
ZINC00451131,DUD_vegfr2_D_50,CCCC(=O)Nc1ccc(NC(=S)NC(=O)c2ccccc2)cc1,0
ZINC00455893,DUD_vegfr2_D_51,CCC(=O)Nc1cccc(NC(=S)NC(=O)Cc2ccccc2)c1,0
ZINC00456202,DUD_vegfr2_D_52,CCC(=O)Nc1ccc(NC(=S)NC(=O)/C=C/c2ccco2)cc1,0
ZINC00456647,DUD_vegfr2_D_53,CCC(=O)Nc1ccc(NC(=S)NC(=O)Cc2ccccc2)cc1,0
ZINC00469605,DUD_vegfr2_D_54,CC(C)C(=O)Nc1ccc(NC(=S)NC(=O)c2ccccc2)cc1,0
ZINC00470104,DUD_vegfr2_D_55,CC(=O)Nc1ccc(NC(=O)[C@H](C)SCc2ccccc2)cc1,0
ZINC00470106,DUD_vegfr2_D_56,CC(=O)Nc1ccc(NC(=O)[C@H](C)SCc2ccccc2)cc1,0
ZINC00477815,DUD_vegfr2_D_57,OC[C@@H]1CCCN(C(=S)Nc2ccc(Oc3ccccc3)cc2)C1,0
ZINC00477816,DUD_vegfr2_D_58,OC[C@H]1CCCN(C(=S)Nc2ccc(Oc3ccccc3)cc2)C1,0
ZINC00486481,DUD_vegfr2_D_59,CCc1ccc(OCC(=O)NNC(=S)Nc2ccccc2)cc1,0
ZINC00492231,DUD_vegfr2_D_60,CCCC(=O)Nc1ccc(C(=O)NNC(=O)c2ccc(F)cc2)cc1,0
ZINC00500813,DUD_vegfr2_D_61,O=C(Cc1ccccc1)NNc1ncnc2sc3c(c12)CCCC3,0
ZINC00502939,DUD_vegfr2_D_62,CCCC(=O)NC(=S)Nc1ccccc1C(=O)Nc1ccccc1,0
ZINC00503268,DUD_vegfr2_D_63,CC(=O)Nc1ccc(NC(=S)NC(=O)CCc2ccccc2)cc1,0
ZINC00508913,DUD_vegfr2_D_64,O=C(N/N=C/c1ccccc1Cl)c1ccc(NC(=O)C2CC2)cc1,0
ZINC00508931,DUD_vegfr2_D_65,O=C(N/N=C\c1cccc(Cl)c1)c1ccc(NC(=O)C2CC2)cc1,0
ZINC00511420,DUD_vegfr2_D_66,CC(C)c1ccccc1OCC(=O)NNC(=S)Nc1ccccc1,0
ZINC00514831,DUD_vegfr2_D_67,CCC(=O)NC(=S)Nc1ccc(NC(=O)/C=C\c2ccco2)cc1,0
ZINC00523316,DUD_vegfr2_D_68,CCOc1ccc(C(=O)NNC(=S)NCc2ccccc2)cc1,0
ZINC00533815,DUD_vegfr2_D_69,Cn1cc(/C=C2/SC(Nc3ccc(O)cc3)=NC2=O)c2ccccc21,0
ZINC00540456,DUD_vegfr2_D_70,COC(=O)Cc1ccc(NC(=S)NNC(=O)c2ccccc2)cc1,0
ZINC00543398,DUD_vegfr2_D_71,COc1ccc(C2=NO[C@H](CNC(=S)NCc3ccco3)C2)cc1,0
ZINC00552452,DUD_vegfr2_D_72,CC(C)Oc1ccc(CC(=O)NNC(=S)Nc2ccccc2)cc1,0
ZINC00563200,DUD_vegfr2_D_73,Cc1ccc2[nH]c3nc(SCC(=O)Nc4ccccc4)nnc3c2c1,0
ZINC00568574,DUD_vegfr2_D_74,Cc1ccc(C)c(NC(=O)CSc2nnc(-c3ccccc3)[nH]2)c1,0
ZINC00568587,DUD_vegfr2_D_75,CCC(=O)Nc1cccc(NC(=S)NC(=O)/C=C/c2ccco2)c1,0
ZINC00569308,DUD_vegfr2_D_76,CCCC(=O)Nc1ccc(Cl)c(NC(=O)COc2ccccc2)c1,0
ZINC00570334,DUD_vegfr2_D_77,CC(=O)NC(=S)Nc1ccc(NC(=O)/C=C/c2ccccc2)cc1,0
ZINC00570337,DUD_vegfr2_D_78,CC(=O)NC(=S)Nc1ccc(NC(=O)COc2ccccc2)cc1,0
ZINC00570339,DUD_vegfr2_D_79,CC(C)C(=O)Nc1cccc(NC(=O)COc2ccccc2Cl)c1,0
ZINC00574050,DUD_vegfr2_D_80,Cc1cccc(NC(=O)CSCC(=O)Nc2ccccc2)c1C,0
ZINC00577062,DUD_vegfr2_D_81,CO[C@@H]1C[C@H](O)C[C@@H](CSc2nc(-c3ccccc3)c(-c3ccccc3)[nH]2)O1,0
ZINC00586964,DUD_vegfr2_D_82,CC(=O)Nc1ccc(NC(=S)NC(=O)/C=C/c2ccccc2)cc1,0
ZINC00587651,DUD_vegfr2_D_83,COC[C@@H]1Cc2c(C3=C(Nc4ccccc4)C(=O)NC3=O)c3ccccc3n2C1,0
ZINC00589662,DUD_vegfr2_D_84,C[C@@]12C[C@@H](O)c3c(ccc4cc(OC(=O)c5ccccc5)ccc34)[C@]13C[C@@H]3C[C@@H]2O,0
ZINC00591295,DUD_vegfr2_D_85,CC(=O)Nc1ccc2c(c1)nc(Nc1c(C)cccc1Cl)c1cncn12,0
ZINC00591295,DUD_vegfr2_D_86,CC(=O)Nc1ccc2c(c1)nc(Nc1c(C)cccc1Cl)c1c[nH+]cn12,0
ZINC00593640,DUD_vegfr2_D_87,COc1ccc(-c2cccnc2)c2sc(NC(=O)c3ccc(C)s3)nc12,0
ZINC00595258,DUD_vegfr2_D_88,CS(=O)(=O)c1ccc(-c2nc3ccc(O)cc3n2CCc2cccs2)cc1,0
ZINC00595258,DUD_vegfr2_D_89,CS(=O)(=O)c1ccc(-c2[nH+]c3ccc(O)cc3n2CCc2cccs2)cc1,0
ZINC00595553,DUD_vegfr2_D_90,CCOc1ccc(-c2cc(-c3sc(N)nc3-c3ccccn3)ccn2)cc1,0
ZINC00597796,DUD_vegfr2_D_91,COc1cc(OC)c(-c2csc(NC(=O)c3cc4ccccc4[nH]3)n2)c(OC)c1,0
ZINC00602001,DUD_vegfr2_D_92,CC1(C)Oc2ccc(C#N)cc2[C@H](N(Cc2ncc[nH]2)c2ccc(Cl)cc2)[C@H]1O,0
ZINC00602841,DUD_vegfr2_D_93,COc1ccc(/C=C2/C(=O)Nc3cccc(CCO)c32)cc1-c1cccs1,0
ZINC00603168,DUD_vegfr2_D_94,COc1ccc(-c2ccccc2)c2sc(NC(=O)c3ccc(CO)cc3)nc12,0
ZINC00612151,DUD_vegfr2_D_95,O=C(NNC(=S)NC[C@@H]1CCCO1)c1ccc(-n2cccc2)cc1,0
ZINC00613247,DUD_vegfr2_D_96,CC(=O)Nc1ccc(-c2csc(N(C)c3ccc(O)cc3)n2)cc1,0
ZINC00613441,DUD_vegfr2_D_97,CC(C)c1ccc(NC(=O)C[C@H]2Sc3ccccc3NC2=O)cc1,0
ZINC00613694,DUD_vegfr2_D_98,CC(=O)Nc1cccc(-c2csc(N(C)c3ccc(O)cc3)n2)c1,0
ZINC00615827,DUD_vegfr2_D_99,CC(C)Oc1ccc(C(=O)NNC(=S)NCc2ccccc2)cc1,0
ZINC00618651,DUD_vegfr2_D_100,CC(C)(C)NC(=O)c1ccc(NC(=O)CSc2ccccc2)cc1,0
ZINC00618654,DUD_vegfr2_D_101,CC(C)CNC(=O)c1cccc(NC(=O)CSc2ccccc2)c1,0
ZINC00619794,DUD_vegfr2_D_102,CC(C)(C)NC(=O)c1cccc(NC(=O)CSc2ccccc2)c1,0
ZINC00622650,DUD_vegfr2_D_103,Cc1onc(-c2ccccc2Cl)c1C(=O)NCCc1nc2ccccc2[nH]1,0
ZINC00622650,DUD_vegfr2_D_104,Cc1onc(-c2ccccc2Cl)c1C(=O)NCCc1[nH]c2ccccc2[nH+]1,0
ZINC00624642,DUD_vegfr2_D_105,Cc1ccc(NC(=O)c2ccc(CSc3ncnc4[nH]cnc34)cc2)cc1,0
ZINC00624642,DUD_vegfr2_D_106,Cc1ccc(NC(=O)c2ccc(CSc3ncnc4nc[nH]c34)cc2)cc1,0
ZINC00624644,DUD_vegfr2_D_107,Cc1ccc(NC(=O)c2ccc(CSc3ncnc4[nH]cnc34)cc2)c(C)c1,0
ZINC00624644,DUD_vegfr2_D_108,Cc1ccc(NC(=O)c2ccc(CSc3ncnc4nc[nH]c34)cc2)c(C)c1,0
ZINC00627951,DUD_vegfr2_D_109,Cn1c(=O)[nH]c(=O)c2c1nc(NCc1ccccc1)n2Cc1ccccc1Cl,0
ZINC00627951,DUD_vegfr2_D_110,Cn1c(=O)[nH]c(=O)c2c1[nH+]c(NCc1ccccc1)n2Cc1ccccc1Cl,0
ZINC00628551,DUD_vegfr2_D_111,CCOc1ccccc1NC(=O)CSc1nnc2sc3ccccc3n12,0
ZINC00629304,DUD_vegfr2_D_112,CCOc1ccc(S(=O)(=O)Nc2cccc(-c3cn4ccsc4n3)c2)cc1,0
ZINC00629304,DUD_vegfr2_D_113,CCOc1ccc(S(=O)(=O)Nc2cccc(-c3cn4ccsc4[nH+]3)c2)cc1,0
ZINC00630200,DUD_vegfr2_D_114,COc1ccc(NC(=O)CCSc2nnc3scc(-c4ccccc4)n23)cc1,0
ZINC00630206,DUD_vegfr2_D_115,COc1cccc(NC(=O)CSc2nnc3c(C)cc4ccccc4n23)c1,0
ZINC00630605,DUD_vegfr2_D_116,COc1ccc([C@@H](O)CNc2nnc(-c3ccc4ccccc4c3)s2)cc1,0
ZINC00630607,DUD_vegfr2_D_117,COc1ccc([C@H](O)CNc2nnc(-c3ccc4ccccc4c3)s2)cc1,0
ZINC00631080,DUD_vegfr2_D_118,Cc1ccc(C)c(S(=O)(=O)Nc2ccc(C(=O)Nc3ccccc3F)cc2)c1,0
ZINC00632567,DUD_vegfr2_D_119,CCOC(=O)c1cnn(-c2cc(Oc3ccccc3)nc(SC)n2)c1N,0
ZINC00632882,DUD_vegfr2_D_120,CCOC(=O)c1ccc(NC(=O)CSc2nc3ccccc3o2)cc1,0
ZINC00634517,DUD_vegfr2_D_121,Cn1c(=O)[nH]c(=O)c2c1nc(NCCc1ccccc1)n2Cc1ccccc1Cl,0
ZINC00634517,DUD_vegfr2_D_122,Cn1c(=O)[nH]c(=O)c2c1[nH+]c(NCCc1ccccc1)n2Cc1ccccc1Cl,0
ZINC00637248,DUD_vegfr2_D_123,Cn1c(=O)[nH]c(=O)c2c1nc(NCc1ccccc1)n2Cc1ccc(F)cc1,0
ZINC00637248,DUD_vegfr2_D_124,Cn1c(=O)[nH]c(=O)c2c1[nH+]c(NCc1ccccc1)n2Cc1ccc(F)cc1,0
ZINC00637502,DUD_vegfr2_D_125,Cc1[nH+]c2ccc(Cl)cn2c1C(=O)N/N=C\c1c(O)ccc2ccccc12,0
ZINC00637627,DUD_vegfr2_D_126,Cc1ccc(CNc2nc3c(c(=O)[nH]c(=O)n3C)n2Cc2ccc(F)cc2)cc1,0
ZINC00637627,DUD_vegfr2_D_127,Cc1ccc(CNc2[nH+]c3c(c(=O)[nH]c(=O)n3C)n2Cc2ccc(F)cc2)cc1,0
ZINC00637802,DUD_vegfr2_D_128,Cn1c(=O)[nH]c(=O)c2c1nc(NCCc1ccccc1)n2Cc1ccc(F)cc1,0
ZINC00637802,DUD_vegfr2_D_129,Cn1c(=O)[nH]c(=O)c2c1[nH+]c(NCCc1ccccc1)n2Cc1ccc(F)cc1,0
ZINC00639042,DUD_vegfr2_D_130,CC(=O)Nc1ccc(Oc2ccc(Oc3ccc(NC(C)=O)cc3)cc2)cc1,0
ZINC00640347,DUD_vegfr2_D_131,Cc1ccccc1NS(=O)(=O)c1cc(C(=O)Nc2ccccc2Cl)ccc1C,0
ZINC00640745,DUD_vegfr2_D_132,Cc1ccc(NC(=O)OCc2ccco2)cc1NC(=O)OCc1ccco1,0
ZINC00641539,DUD_vegfr2_D_133,CC(=O)N(C)c1ccc(NC(=S)NC(=O)COc2ccccc2)cc1,0
ZINC00642560,DUD_vegfr2_D_134,C=CCn1c(SCC(C)=O)nnc1-c1cc(-c2ccccc2)sc1N,0
ZINC00643857,DUD_vegfr2_D_135,Cc1nn(-c2ccccn2)c2c1C(Cl)=C(/C=N/NC(=O)c1ccncc1)CC2,0
ZINC00643860,DUD_vegfr2_D_136,Cc1nn(-c2ccccn2)c2c1C(Cl)=C(/C=N\NC(=O)c1ccncc1)CC2,0
ZINC00644104,DUD_vegfr2_D_137,N#CC1=C(N)OC2=C(C(=O)CCC2)[C@@H]1c1ccccc1OCc1ccccc1Cl,0
ZINC00645522,DUD_vegfr2_D_138,CCOc1ccccc1[C@H]1C(C(=O)Nc2ccc(F)cc2)=C(C)Nc2ncnn21,0
ZINC00645523,DUD_vegfr2_D_139,CCOc1ccccc1[C@@H]1C(C(=O)Nc2ccc(F)cc2)=C(C)Nc2ncnn21,0
ZINC00647233,DUD_vegfr2_D_140,CC(=O)Nc1ccc(NC(=O)c2ccc(Cn3cc(Cl)cn3)cc2)cc1,0
ZINC00648128,DUD_vegfr2_D_141,Cc1cc(C)cc(NC(=O)CSc2nnc(-c3cccc(O)c3)o2)c1,0
ZINC00648270,DUD_vegfr2_D_142,COc1ccc(C(=O)Nc2sc(Cc3ccccc3)cc2C(N)=O)cc1,0
ZINC00648757,DUD_vegfr2_D_143,CCOc1ccc(NC(=O)CSc2nnc3c(n2)[nH]c2ccc(F)cc23)cc1,0
ZINC00649450,DUD_vegfr2_D_144,CCOc1ccc2nc(NS(=O)(=O)c3ccc4ccccc4c3)sc2c1,0
ZINC00649733,DUD_vegfr2_D_145,CCc1cccc(C)c1NC(=O)CSc1nnc(-c2ccccc2O)o1,0
ZINC00650590,DUD_vegfr2_D_146,COc1ccc([C@@H]2Nc3ccccc3C(=O)N2O)cc1COc1ccc(F)cc1,0
ZINC00651274,DUD_vegfr2_D_147,Cc1ccccc1C(=O)Nc1sc(Cc2ccccc2)c(C)c1C(N)=O,0
ZINC00651621,DUD_vegfr2_D_148,CCn1c(SCC(=O)Nc2ccc(OC)cc2)nnc1-c1cccs1,0
ZINC00651955,DUD_vegfr2_D_149,CCOC(=O)c1ccc(/N=c2\oc3ccc4ccccc4c3cc2C(N)=O)cc1,0
ZINC00655429,DUD_vegfr2_D_150,COc1ccc([C@H]2Nc3ccccc3C(=O)N2O)cc1COc1ccccc1C,0
ZINC00656401,DUD_vegfr2_D_151,Cc1ccc(Cl)cc1NC(=O)CN(c1cccc2ccccc12)S(C)(=O)=O,0
ZINC00660150,DUD_vegfr2_D_152,CSc1cccc(NC(=O)C2CCN(S(=O)(=O)c3ccccc3)CC2)c1,0
ZINC00668896,DUD_vegfr2_D_153,C/C(=N/NC(=O)c1ccoc1C)c1ccc(NC(=O)c2ccccc2F)cc1,0
ZINC00668940,DUD_vegfr2_D_154,Cc1nn(-c2ccccc2)c(C)c1/C=N\NS(=O)(=O)c1ccc(Cl)cc1,0
ZINC00670597,DUD_vegfr2_D_155,COc1ccc(C(=O)Nc2sc(Cc3ccccc3)c(C)c2C(N)=O)cc1,0
ZINC00670629,DUD_vegfr2_D_156,CCC(=O)Nc1ccc(C(=O)NNC(=O)c2ccccc2I)cc1,0
ZINC00671237,DUD_vegfr2_D_157,CC(=O)Nc1ccc(NC(=O)COc2ccc3ccccc3c2Br)cc1,0
ZINC00671250,DUD_vegfr2_D_158,CC(=O)N(C)c1ccc(NC(=O)COc2ccc3ccccc3c2Br)cc1,0
ZINC00671698,DUD_vegfr2_D_159,CCOc1ccc(N/N=C2/C(=O)N(C(N)=S)N=C2c2ccccc2)cc1,0
ZINC00672495,DUD_vegfr2_D_160,CCCC(=O)Nc1ccc(C(=O)NNC(=O)c2ccccc2Br)cc1,0
ZINC00673757,DUD_vegfr2_D_161,Cc1cc(C)c(NS(=O)(=O)c2ccc(NC(=O)c3ccc(F)cc3)cc2)c(C)c1,0
ZINC00673771,DUD_vegfr2_D_162,Cc1cc(C)c(NS(=O)(=O)c2ccc(NC(=O)c3cccs3)cc2)c(C)c1,0
ZINC00674145,DUD_vegfr2_D_163,Cc1cc(C)cc(NS(=O)(=O)c2ccc(NC(=O)c3ccc(F)cc3)cc2)c1,0
ZINC00674166,DUD_vegfr2_D_164,Cc1cc(C)cc(NS(=O)(=O)c2ccc(NC(=O)c3cccs3)cc2)c1,0
ZINC00674330,DUD_vegfr2_D_165,CC(=O)Nc1cccc(NC(=O)c2cccc(Cn3cc(Cl)cn3)c2)c1,0
ZINC00674503,DUD_vegfr2_D_166,O=C(NNC(=O)c1cccs1)c1ccc(NC(=O)C2CCCCC2)cc1,0
ZINC00675575,DUD_vegfr2_D_167,O=C(NC(=S)Nc1ccc(S(=O)(=O)N2CCCCC2)cc1)c1ccccc1,0
ZINC00675768,DUD_vegfr2_D_168,COc1ccc(C(=O)N/N=C\c2c[nH]nc2-c2ccc(Cl)cc2)cc1OC,0
ZINC00675768,DUD_vegfr2_D_169,COc1ccc(C(=O)N/N=C/c2cn[nH]c2-c2ccc(Cl)cc2)cc1OC,0
ZINC00676345,DUD_vegfr2_D_170,CCc1ccc(-c2n[nH]cc2/C=N\NC(=O)c2ccc(Cl)cc2)cc1,0
ZINC00676345,DUD_vegfr2_D_171,CCc1ccc(-c2[nH]ncc2/C=N/NC(=O)c2ccc(Cl)cc2)cc1,0
ZINC00677159,DUD_vegfr2_D_172,CC(C)(C)NS(=O)(=O)c1ccc(NC(=S)NC(=O)c2ccccc2)cc1,0
ZINC00677379,DUD_vegfr2_D_173,COc1ccc(Br)cc1C(=O)Nc1ccc(NC(=O)c2ccco2)cc1,0
ZINC00678041,DUD_vegfr2_D_174,Cc1cccc(C(=O)Nc2sc(Cc3ccccc3)c(C)c2C(N)=O)c1,0
ZINC00678086,DUD_vegfr2_D_175,CC(C)c1ccc(C(=O)Nc2ccc(NC(=O)c3cccs3)cc2)cc1,0
ZINC00678091,DUD_vegfr2_D_176,CCOc1cccc(C(=O)Nc2ccc(NC(=O)c3cccs3)cc2)c1,0
ZINC00678154,DUD_vegfr2_D_177,COc1cc(OC)cc(C(=O)Nc2cc(-c3nc4ncccc4o3)ccc2Cl)c1,0
ZINC00679743,DUD_vegfr2_D_178,COc1ccc(NC(=O)c2ccco2)cc1NC(=O)Cc1ccc(Cl)cc1,0
ZINC00683219,DUD_vegfr2_D_179,O=C(NC1CCCCC1)c1ccc(Cl)c(NS(=O)(=O)c2ccccc2)c1,0
ZINC00684905,DUD_vegfr2_D_180,COc1ccc(-c2nnc(S[C@@H]3CCc4ccccc4NC3=O)[nH]2)cc1,0
ZINC00685820,DUD_vegfr2_D_181,CCc1ccc(-c2n[nH]cc2/C=N\NC(=O)c2cccc(Br)c2)cc1,0
ZINC00685820,DUD_vegfr2_D_182,CCc1ccc(-c2[nH]ncc2/C=N\NC(=O)c2cccc(Br)c2)cc1,0
ZINC00687417,DUD_vegfr2_D_183,CC(C)c1ccc(NC(=O)CSc2nnc(-c3ccccc3)o2)cc1,0
ZINC00693063,DUD_vegfr2_D_184,COc1ccc(Br)cc1C(=O)Nc1cc(C)ccc1NC(=O)c1ccco1,0
ZINC00693065,DUD_vegfr2_D_185,COc1ccc(Cl)cc1C(=O)Nc1cc(C)ccc1NC(=O)c1ccco1,0
ZINC00694868,DUD_vegfr2_D_186,Cc1nnc(SCC(=O)N/N=C/c2ccc3c(c2)OCO3)n1-c1ccccc1,0
ZINC00695984,DUD_vegfr2_D_187,Cc1c([N+](=O)[O-])c(C(=O)Nc2ccccc2Sc2ccccc2)nn1C,0
ZINC00702611,DUD_vegfr2_D_188,O=C(Nc1sc2c(c1C(=O)NCc1cccnc1)CCCC2)c1ccco1,0
ZINC00702822,DUD_vegfr2_D_189,CC(=O)Nc1ccc(Nc2ncnc3c2cnn3Cc2ccc(Cl)cc2)cc1,0
ZINC00704022,DUD_vegfr2_D_190,Cc1ccccc1Cc1cnc(NC(=O)[C@]2(C)Cc3ccccc3C(=O)O2)s1,0
ZINC00704023,DUD_vegfr2_D_191,Cc1ccccc1Cc1cnc(NC(=O)[C@@]2(C)Cc3ccccc3C(=O)O2)s1,0
ZINC00706280,DUD_vegfr2_D_192,CCOC(=O)c1ccc(NC(=O)CSc2nc3ccccc3[nH]2)cc1,0
ZINC00706280,DUD_vegfr2_D_193,CCOC(=O)c1ccc(NC(=O)CSc2[nH]c3ccccc3[nH+]2)cc1,0
ZINC00707394,DUD_vegfr2_D_194,COc1ccc(C(=O)Nc2nnc(Cc3c[nH]c4ccccc34)s2)cc1,0
ZINC00707444,DUD_vegfr2_D_195,Cc1ccc(NC(=O)CSC2=N[C@@H](c3ccccc3)CC(=O)N2)cc1,0
ZINC00707616,DUD_vegfr2_D_196,COc1ccc2nc(NC(=O)COC(=O)c3cc4ccccc4o3)sc2c1,0
ZINC00709345,DUD_vegfr2_D_197,Cc1ccc2[nH]c(SCC(=O)Nc3nc4ccccc4s3)nc2c1,0
ZINC00709345,DUD_vegfr2_D_198,Cc1ccc2[nH]c(SCC(=O)Nc3nc4ccccc4s3)[nH+]c2c1,0
ZINC00709345,DUD_vegfr2_D_199,Cc1ccc2nc(SCC(=O)Nc3nc4ccccc4s3)[nH]c2c1,0
ZINC00712483,DUD_vegfr2_D_200,Cc1cccc(NC(=O)CSc2nnnn2-c2cccc3ccccc23)c1C,0
ZINC00715365,DUD_vegfr2_D_201,Cc1c(NC(=S)N/N=C\c2ccccc2)c(=O)n(-c2ccccc2)n1C,0
ZINC00716554,DUD_vegfr2_D_202,COc1ccccc1NC(=O)CSc1nnc2c3ccccc3n(C)c2n1,0
ZINC00717862,DUD_vegfr2_D_203,CCOc1cccc(N2C(=O)C[C@H](NNC(=O)c3cccc(F)c3)C2=O)c1,0
ZINC00719224,DUD_vegfr2_D_204,Cc1c(NC(=O)c2ccccc2)cc(S(=O)(=O)c2ccc(Cl)cc2)c(O)c1C,0
ZINC00719528,DUD_vegfr2_D_205,O=C(Cn1cnc2sc3c(c2c1=O)CCCC3)N/N=C\c1c[nH]c2ccccc12,0
ZINC00719743,DUD_vegfr2_D_206,C=CCn1c(SCC(=O)Nc2ccc(C)c(F)c2)nnc1-c1ccco1,0
ZINC00722932,DUD_vegfr2_D_207,COc1cc(NC(=O)Cc2ccc(Cl)cc2)ccc1NC(=O)c1ccco1,0
ZINC00724736,DUD_vegfr2_D_208,CCCC(=O)Nc1ccc(Cl)c(NC(=O)c2ccc3ccccc3c2)c1,0
ZINC00725075,DUD_vegfr2_D_209,Cc1cc(Br)cc(C)c1OCC(=O)N/N=C/c1c[nH]nc1-c1ccccc1,0
ZINC00725075,DUD_vegfr2_D_210,Cc1cc(Br)cc(C)c1OCC(=O)N/N=C\c1cn[nH]c1-c1ccccc1,0
ZINC00727262,DUD_vegfr2_D_211,Cc1c(/N=C\c2sc3ccccc3c2O)c(=O)n(-c2ccccc2)n1C,0
ZINC00728326,DUD_vegfr2_D_212,Cc1c(NC(=O)CSc2nc3ccccc3[nH]2)c(=O)n(-c2ccccc2)n1C,0
ZINC00728326,DUD_vegfr2_D_213,Cc1c(NC(=O)CSc2[nH]c3ccccc3[nH+]2)c(=O)n(-c2ccccc2)n1C,0
ZINC00731903,DUD_vegfr2_D_214,CCOc1cccc(-c2nnc(S)n2/N=C\c2c[nH]c3ccccc23)c1,0
ZINC00734257,DUD_vegfr2_D_215,COc1cc(NC(=O)c2cccs2)c(OC)cc1NC(=O)c1ccccc1,0
ZINC00738302,DUD_vegfr2_D_216,C[C@H](NC(=O)/C=C/c1ccccc1)c1nc2cc(Cl)ccc2c(=O)n1C,0
ZINC00738304,DUD_vegfr2_D_217,C[C@@H](NC(=O)/C=C/c1ccccc1)c1nc2cc(Cl)ccc2c(=O)n1C,0
ZINC00740852,DUD_vegfr2_D_218,CC(C)CN(CC(=O)Nc1nc(-c2ccccc2)cs1)C(=O)c1cccs1,0
ZINC00756377,DUD_vegfr2_D_219,CCN(CC)S(=O)(=O)c1ccc(-c2csc(Nc3ccc(F)cc3)n2)cc1,0
ZINC00758432,DUD_vegfr2_D_220,CC1(C)C[C@@H](N(Cc2ccccc2)C(=O)c2ccccc2F)c2cc(C(N)=O)ccc2O1,0
ZINC00761998,DUD_vegfr2_D_221,Cc1c(C(=O)NCc2cccnc2)c2cc(O)ccc2n1Cc1cccs1,0
ZINC00762767,DUD_vegfr2_D_222,Cc1c(C(=O)NCc2ccc3c(c2)OCO3)c2cc(O)ccc2n1Cc1ccco1,0
ZINC00762931,DUD_vegfr2_D_223,Cc1c(C(=O)NCc2ccc3c(c2)OCO3)c2cc(O)ccc2n1Cc1cccs1,0
ZINC00773340,DUD_vegfr2_D_224,O=C(N[C@H]1CCCC[C@H]1O)c1c(-c2ccc(F)cc2)noc1-c1ccccc1,0
ZINC00773458,DUD_vegfr2_D_225,CC[C@H](C)[C@H](CO)NC(=O)c1c(-c2ccc(F)cc2)noc1-c1ccccc1,0
ZINC00773466,DUD_vegfr2_D_226,CC[C@H](O)CNC(=O)c1c(-c2ccc(F)cc2)noc1-c1ccccc1,0
ZINC00773552,DUD_vegfr2_D_227,CC[C@@H](O)CNC(=O)c1c(-c2ccc(F)cc2)noc1-c1cccc2ccccc12,0
ZINC00773581,DUD_vegfr2_D_228,Cc1onc(-c2ccc(F)cc2)c1C(=O)NCCc1c[nH]c2ccccc12,0
ZINC00773599,DUD_vegfr2_D_229,COc1cccc(CNC(=O)c2c(-c3ccc(F)cc3)noc2-c2ccoc2)c1OC,0
ZINC00773639,DUD_vegfr2_D_230,CC(C)(CO)CNC(=O)c1c(-c2ccc(F)cc2)noc1-c1ccccc1,0
ZINC00774503,DUD_vegfr2_D_231,O=C(N[C@H]1CCCC[C@@H]1O)c1c(-c2ccccc2Cl)noc1-c1ccccc1,0
ZINC00774612,DUD_vegfr2_D_232,CC[C@@H](O)CNC(=O)c1c(-c2ccccc2Cl)noc1-c1ccccc1,0
ZINC00774706,DUD_vegfr2_D_233,CC[C@H](C)[C@@H](CO)NC(=O)c1c(-c2ccccc2Cl)noc1-c1ccoc1,0
ZINC00774743,DUD_vegfr2_D_234,CC(C)(CO)CNC(=O)c1c(-c2ccccc2Cl)noc1-c1ccccc1,0
ZINC00775736,DUD_vegfr2_D_235,CC(C)(C)c1noc(-c2ccsc2)c1C(=O)N[C@@H](CO)Cc1ccccc1,0
ZINC00778820,DUD_vegfr2_D_236,Cc1sc(NC(=O)COc2ccc3ccccc3c2)c(C(N)=O)c1C,0
ZINC00778821,DUD_vegfr2_D_237,Cc1sc(NC(=O)C(c2ccccc2)c2ccccc2)c(C(N)=O)c1C,0
ZINC00778835,DUD_vegfr2_D_238,Cc1ccc(NS(=O)(=O)c2ccc(NC(=O)c3cccs3)cc2)c(C)c1,0
ZINC00779137,DUD_vegfr2_D_239,COc1cccc(NC(=O)CSc2nnc(-c3ccccc3)n2C)c1,0
ZINC00779200,DUD_vegfr2_D_240,CCn1c(SCC(=O)Nc2ccccc2Cl)nnc1-c1ccccc1O,0
ZINC00779330,DUD_vegfr2_D_241,CCn1c(SCC(=O)Nc2nc3ccccc3s2)nnc1-c1ccco1,0
ZINC00780705,DUD_vegfr2_D_242,COc1ccc(C(=O)Nc2cccc(NC(=O)c3cccs3)c2)cc1,0
ZINC00781739,DUD_vegfr2_D_243,COc1ccccc1NC(=O)CSC1=NC(=O)C[C@H](c2ccccc2)N1,0
ZINC00781740,DUD_vegfr2_D_244,COc1ccccc1NC(=O)CSC1=NC(=O)C[C@H](c2ccccc2)N1,0
ZINC00783258,DUD_vegfr2_D_245,COc1ccc(NC(=O)CSc2nnc3c(C)cc4ccccc4n23)cc1,0
ZINC00783413,DUD_vegfr2_D_246,CC(C)Cn1c(SCC(=O)Nc2ccc(F)cc2)nc2ccccc2c1=O,0
ZINC00783414,DUD_vegfr2_D_247,CC(C)Cn1c(SCC(=O)Nc2ccccc2Cl)nc2ccccc2c1=O,0
ZINC00787007,DUD_vegfr2_D_248,Cc1cccc(NC(=O)CSc2nnc(-c3ccc(O)cc3)n2C)c1,0
ZINC00787024,DUD_vegfr2_D_249,Cc1ccc(NC(=O)CSc2nnc(-c3ccc(O)cc3)n2C)cc1,0
ZINC00787036,DUD_vegfr2_D_250,Cc1ccc(NC(=O)[C@H](C)Sc2nnc(-c3ccc(O)cc3)n2C)cc1,0
ZINC00787039,DUD_vegfr2_D_251,Cc1ccc(NC(=O)[C@H](C)Sc2nnc(-c3ccc(O)cc3)n2C)cc1,0
ZINC00790386,DUD_vegfr2_D_252,Cc1ccc2[nH]c(=O)c(CN(Cc3cccnc3)C(=O)c3cccs3)cc2c1,0
ZINC00790386,DUD_vegfr2_D_253,Cc1ccc2nc(O)c(CN(Cc3cccnc3)C(=O)c3cccs3)cc2c1,0
ZINC00790742,DUD_vegfr2_D_254,O=C(Nc1sc2c(c1C(=O)Nc1ccc(O)cc1)CCCC2)c1ccco1,0
ZINC00790748,DUD_vegfr2_D_255,Cc1sc(NC(=O)c2ccccc2)c(C(=O)Nc2ccc(O)cc2)c1C,0
ZINC00791091,DUD_vegfr2_D_256,CCOc1ccc(N2CC(=O)C(c3nc4ccccc4s3)=C2N)cc1,0
ZINC00791094,DUD_vegfr2_D_257,COc1ccc(CCN2CC(=O)C(c3nc4ccccc4s3)=C2N)cc1OC,0
ZINC00792519,DUD_vegfr2_D_258,COc1ccc(C(=O)Nc2cccc(NC(=O)c3cccs3)c2)cc1OC,0
ZINC00792969,DUD_vegfr2_D_259,O=C(Nc1ccccc1)c1cc(S(=O)(=O)N2CCCc3ccccc32)cs1,0
ZINC00793014,DUD_vegfr2_D_260,O=C(NCc1ccccc1)c1ccc(Cl)c(S(=O)(=O)N2CCCCCC2)c1,0
ZINC00793961,DUD_vegfr2_D_261,Cc1nn(-c2ccccc2)c2sc(C(=O)N/N=C\c3ccc4c(c3)OCO4)cc12,0
ZINC00793973,DUD_vegfr2_D_262,CC(=O)Nc1ccc(NC(=O)c2c(C)nn(-c3ccccc3)c2Cl)cc1,0
ZINC00794467,DUD_vegfr2_D_263,Cc1cccc(NC(=O)CSc2nc(-c3ccccc3)cc(=O)[nH]2)c1C,0
ZINC00794467,DUD_vegfr2_D_264,Cc1cccc(NC(=O)CSc2nc(O)cc(-c3ccccc3)n2)c1C,0
ZINC00795363,DUD_vegfr2_D_265,Cc1ccc2nc(NC(=O)c3cccc(NC(=O)C(C)C)c3)sc2c1,0
ZINC00795609,DUD_vegfr2_D_266,CSc1ccc(S(=O)(=O)Nc2cccc(CCc3ccccn3)c2)cc1,0
ZINC00796184,DUD_vegfr2_D_267,Cc1ccc(C(=O)Nc2ccc(NC(=O)c3ccco3)c(C)c2)c(Cl)c1,0
ZINC00796584,DUD_vegfr2_D_268,CC[C@H](Sc1nnc2c(n1)[nH]c1ccccc12)C(=O)Nc1ccccc1OC,0
ZINC00796585,DUD_vegfr2_D_269,CC[C@@H](Sc1nnc2c(n1)[nH]c1ccccc12)C(=O)Nc1ccccc1OC,0
ZINC00798358,DUD_vegfr2_D_270,Cc1ccccc1NC(=O)c1c(C)nc(Nc2nc3ccccc3s2)nc1C,0
ZINC00798359,DUD_vegfr2_D_271,Cc1ccccc1NC(=O)c1cnc(Nc2nc3ccccc3s2)nc1C,0
ZINC00798601,DUD_vegfr2_D_272,CCCC(=O)Nc1ccc(Cl)c(NC(=O)c2cc3ccccc3o2)c1,0
ZINC00798779,DUD_vegfr2_D_273,CC(=O)Nc1ccc(C(=O)CSc2cc(C)c3ccccc3n2)cc1,0
ZINC00801899,DUD_vegfr2_D_274,O=C(CSc1nnc2scc(-c3ccccc3)n12)Nc1ccc2c(c1)OCCO2,0
ZINC00801901,DUD_vegfr2_D_275,Cc1ccc(-c2csc3nnc(SCC(=O)Nc4ccc5c(c4)OCO5)n23)cc1,0
ZINC00802332,DUD_vegfr2_D_276,COc1ccc(NC(=O)Cc2ccc(Cl)cc2)cc1NC(=O)c1ccco1,0
ZINC00802342,DUD_vegfr2_D_277,Cc1cc(NC(=O)c2ccco2)ccc1NC(=O)Cc1cccs1,0
ZINC00802642,DUD_vegfr2_D_278,CCOc1cc([C@@H]2Nc3ccccc3C(=O)N2c2ccccc2F)ccc1O,0
ZINC00803512,DUD_vegfr2_D_279,COc1cc(OC)cc(C(=O)Nc2ccc(NC(=O)c3ccco3)c(Cl)c2)c1,0
ZINC00805898,DUD_vegfr2_D_280,COc1ccc(N2C(=O)C[C@@H](SCC(=O)Nc3cccc(F)c3)C2=O)cc1,0
ZINC00806550,DUD_vegfr2_D_281,Cc1nc(Nc2nc3ccccc3o2)nc(C)c1C(=O)Nc1ccc(F)cc1,0
ZINC00806551,DUD_vegfr2_D_282,COc1ccccc1NC(=O)c1cnc(Nc2nc3ccccc3s2)nc1C,0
ZINC00806556,DUD_vegfr2_D_283,Cc1ccc(NC(=O)c2cnc(Nc3nc4ccccc4s3)nc2C)cc1,0
ZINC00806650,DUD_vegfr2_D_284,CCc1ccc(C(=O)Nc2ccc(NC(=O)c3ccccc3F)cc2)o1,0
ZINC00806937,DUD_vegfr2_D_285,Cc1ccc(C(=O)Nc2cccc(NC(=O)c3cccs3)c2)c(C)c1,0
ZINC00806997,DUD_vegfr2_D_286,COc1cccc(OC)c1C(=O)Nc1ccc(NC(=O)c2cccs2)cc1,0
ZINC00806998,DUD_vegfr2_D_287,COc1cccc(OC)c1C(=O)Nc1cccc(NC(=O)c2cccs2)c1,0
ZINC00809582,DUD_vegfr2_D_288,COc1cc(NC(=O)c2ccc3c(c2)OCO3)ccc1NC(=O)c1cccs1,0
ZINC00809586,DUD_vegfr2_D_289,COc1cc(NC(=O)c2ccc3c(c2)OCO3)ccc1NC(=O)c1ccccc1Cl,0
ZINC00809712,DUD_vegfr2_D_290,Cc1ccc(NS(=O)(=O)c2ccc(NC(=O)c3cccs3)cc2)cc1C,0
ZINC00810635,DUD_vegfr2_D_291,Cc1nnc(SCC(=O)Nc2ccc(OCc3ccccc3)cc2)[nH]1,0
ZINC00811576,DUD_vegfr2_D_292,CCOc1ccc2nc(NC(=O)c3c(-c4ccccc4)noc3C)sc2c1,0
ZINC00812069,DUD_vegfr2_D_293,COc1ccc(C(=O)Nc2cc(NC(=O)c3ccco3)ccc2OC)cc1Cl,0
ZINC00812071,DUD_vegfr2_D_294,COc1ccc(NC(=O)c2ccco2)cc1NC(=O)c1cc(Cl)ccc1OC,0
ZINC00812081,DUD_vegfr2_D_295,COc1ccc(NC(=O)c2ccco2)cc1NC(=O)c1ccc(C)c(Cl)c1,0
ZINC00813305,DUD_vegfr2_D_296,O=C(Nc1ccccc1)c1ccc2nc(NC(=O)C3CCCCC3)sc2c1,0
ZINC00813373,DUD_vegfr2_D_297,CC(=O)Nc1ccc(Nc2nc(-c3ccc(OC(C)=O)cc3)cs2)cc1,0
ZINC00817318,DUD_vegfr2_D_298,Cc1c(Cl)cccc1N(CC(=O)Nc1ccc2ccccc2c1)S(C)(=O)=O,0
ZINC00819393,DUD_vegfr2_D_299,Cc1ccc(Nc2nc(C(=O)NCc3ccc4c(c3)OCO4)cs2)cc1,0
ZINC00819404,DUD_vegfr2_D_300,COc1ccc(Nc2nc(C(=O)NCc3ccc4c(c3)OCO4)cs2)cc1,0
ZINC00819408,DUD_vegfr2_D_301,COc1ccc(Nc2nc(C(=O)N3CCN(c4ccccc4)CC3)cs2)cc1,0
ZINC00819411,DUD_vegfr2_D_302,O=C(NC[C@H]1CCCO1)c1csc(Nc2cccc3ccccc23)n1,0
ZINC00819412,DUD_vegfr2_D_303,O=C(NC[C@@H]1CCCO1)c1csc(Nc2cccc3ccccc23)n1,0
ZINC00819480,DUD_vegfr2_D_304,COc1ccc(CNC(=O)c2csc(Nc3ccc(OC)cc3)n2)cc1,0
ZINC00822556,DUD_vegfr2_D_305,CCOc1cc([C@@H]2Nc3ccccc3-c3nnc(SC)nc3O2)ccc1O,0
ZINC00822557,DUD_vegfr2_D_306,CCOc1cc([C@@H]2Nc3ccccc3-c3nnc(SC)nc3O2)ccc1O,0
ZINC00822584,DUD_vegfr2_D_307,Cc1nn(Cc2ccccc2)c(C)c1C(=O)NS(=O)(=O)c1ccccc1Cl,0
ZINC00822799,DUD_vegfr2_D_308,CC(C)(C)C(=O)Nc1ccc(C(=O)Nc2nc3ccccc3s2)cc1,0
ZINC00824339,DUD_vegfr2_D_309,Cc1ccc(S(=O)(=O)N(CC(=O)Nc2ccccc2C)c2ccc(F)cc2)cc1,0
ZINC00825380,DUD_vegfr2_D_310,CC(C)(C)C(=O)Nc1ccc(C(=O)NNC(=O)c2ccc(Cl)cc2)cc1,0
ZINC00825606,DUD_vegfr2_D_311,C=C(C)C(=O)Nc1ccc(C(=O)Nc2nc3ccc(OC)cc3s2)cc1,0
ZINC00826740,DUD_vegfr2_D_312,O=C(Nc1ccccc1)c1cc(S(=O)(=O)NC2CCCCC2)ccc1Br,0
ZINC00832412,DUD_vegfr2_D_313,Cc1c(Cl)cccc1N(CC(=O)Nc1cccc2ccccc12)S(C)(=O)=O,0
ZINC00835193,DUD_vegfr2_D_314,CC1(C)Oc2ccc(C#N)cc2[C@@H](NC(=O)c2cscc2-n2cccc2)[C@@H]1O,0
ZINC00838046,DUD_vegfr2_D_315,CCOc1ccc(-c2cc(C(=O)N/N=C\c3ccccc3Cl)[nH]n2)cc1,0
ZINC00838046,DUD_vegfr2_D_316,CCOc1ccc(-c2cc(C(=O)N/N=C\c3ccccc3Cl)n[nH]2)cc1,0
ZINC00840375,DUD_vegfr2_D_317,C[C@@H](c1ccc(-c2ccnn2C)cc1)[C@@](O)(Cn1cncn1)c1ccc(F)cc1F,0
ZINC00840970,DUD_vegfr2_D_318,Cc1ccc(C(=O)Nc2sc(Cc3ccccc3)c(C)c2C(N)=O)cc1,0
ZINC00841571,DUD_vegfr2_D_319,CCOc1ccc(C(=O)Nc2nc(-c3ccccc3)cs2)cc1[N+](=O)[O-],0
ZINC00847527,DUD_vegfr2_D_320,COC(=O)c1sc(NC(=O)c2cccc(OCc3ccccc3)c2)nc1C,0
ZINC00849001,DUD_vegfr2_D_321,CC(C)Oc1ccc(C(=O)Nc2ccc(NC(=O)c3ccco3)c(Cl)c2)cc1,0
ZINC00849509,DUD_vegfr2_D_322,Cc1ccc(NC(=O)CSc2nc(Cc3ccccc3)n[nH]2)cc1C,0
ZINC00850376,DUD_vegfr2_D_323,Cc1ccc(NC(=O)[C@H](C)Sc2nc(-c3ccccc3)c[nH]2)cc1[N+](=O)[O-],0
ZINC00850376,DUD_vegfr2_D_324,Cc1ccc(NC(=O)[C@@H](C)Sc2[nH]cc(-c3ccccc3)[nH+]2)cc1[N+](=O)[O-],0
ZINC00850376,DUD_vegfr2_D_325,Cc1ccc(NC(=O)[C@H](C)Sc2ncc(-c3ccccc3)[nH]2)cc1[N+](=O)[O-],0
ZINC00850376,DUD_vegfr2_D_326,Cc1ccc(NC(=O)[C@@H](C)Sc2ncc(-c3ccccc3)[nH]2)cc1[N+](=O)[O-],0
ZINC00852452,DUD_vegfr2_D_327,Cc1cccc(C)c1NC(=O)[C@H](C)Sc1nnc(-c2ccccc2O)o1,0
ZINC00852453,DUD_vegfr2_D_328,Cc1cccc(C)c1NC(=O)[C@H](C)Sc1nnc(-c2ccccc2O)o1,0
ZINC00852462,DUD_vegfr2_D_329,Cc1ccc(NC(=O)[C@@H](C)Sc2nnc(-c3ccccc3O)o2)cc1C,0
ZINC00853353,DUD_vegfr2_D_330,CC(=O)Nc1ccc(Nc2nc(-c3c(C)nc4ccccn34)cs2)cc1,0
ZINC00853353,DUD_vegfr2_D_331,CC(=O)Nc1ccc(Nc2nc(-c3c(C)[nH+]c4ccccn34)cs2)cc1,0
ZINC00853570,DUD_vegfr2_D_332,COc1ccc(NC(=O)CSc2nnc3c(n2)[nH]c2ccccc23)cc1,0
ZINC00853571,DUD_vegfr2_D_333,Cc1ccc(C)c(NC(=O)CSc2nnc3c(n2)[nH]c2ccccc23)c1,0
ZINC00856123,DUD_vegfr2_D_334,COc1ccccc1NC(=O)CSc1nnc2c(n1)[nH]c1ccccc12,0
ZINC00856126,DUD_vegfr2_D_335,Cc1ccc(NC(=O)CSc2nnc3c(n2)[nH]c2ccccc23)cc1C,0
ZINC00856127,DUD_vegfr2_D_336,Cc1cccc(NC(=O)CSc2nnc3c(n2)[nH]c2ccccc23)c1C,0
ZINC00856291,DUD_vegfr2_D_337,CCOc1ccc2cc(-c3nnc(Nc4ccc(C)cc4)s3)c(=O)oc2c1,0
ZINC00856390,DUD_vegfr2_D_338,Cc1ccc(S(=O)(=O)N(Cc2cccc(N)c2)c2cccc(Cl)c2)cc1,0
ZINC00856921,DUD_vegfr2_D_339,Cc1ccnc(NC(=O)CSc2nnc3c4ccccc4n(C)c3n2)c1,0
ZINC00857339,DUD_vegfr2_D_340,O=C(CSc1nc2c(c(=O)[nH]1)C1(CCCC1)Cc1ccccc1-2)c1ccccc1,0
ZINC00857408,DUD_vegfr2_D_341,COc1ccc(-c2n[nH]c(SCC(=O)Nc3ccccc3OC)n2)cc1,0
ZINC00857411,DUD_vegfr2_D_342,COc1ccc(-c2n[nH]c(SCC(=O)Nc3cccc(C)c3)n2)cc1,0
ZINC00857412,DUD_vegfr2_D_343,COc1ccc(NC(=O)CSc2nc(-c3ccc(OC)cc3)n[nH]2)cc1,0
ZINC00858263,DUD_vegfr2_D_344,O=C(Nc1nc2ccc(NC(=O)C3CCCCC3)cc2s1)c1ccccc1,0
ZINC00859243,DUD_vegfr2_D_345,CC(=O)NC1=NN(C(C)=O)[C@H](c2cccc(OCc3ccccc3)c2)S1,0
ZINC00860568,DUD_vegfr2_D_346,CCOc1ccc(NC(=O)CSc2nnc3c(n2)[nH]c2ccccc23)cc1,0
ZINC00860963,DUD_vegfr2_D_347,COC(=O)c1ccc(NC(=O)CSc2nnc(C)c3ccccc23)cc1,0
ZINC00861977,DUD_vegfr2_D_348,O=C(Nc1ccc(Br)cc1)[C@@H]1C[C@@H](O)CN1C(=O)OCc1ccccc1,0
ZINC00862434,DUD_vegfr2_D_349,Cc1ccc(NC(=O)CSc2nnc3c(n2)[nH]c2ccccc23)c(C)c1,0
ZINC00862854,DUD_vegfr2_D_350,COc1ccc(C(=O)NNc2nc(-c3ccc(OC)cc3)cs2)cc1,0
ZINC00863265,DUD_vegfr2_D_351,Cc1cccc(C)c1NC(=O)CSc1nnc2c(n1)[nH]c1ccccc12,0
ZINC00863266,DUD_vegfr2_D_352,Cc1ccc(NC(=O)[C@@H](C)Sc2nnc3c(n2)[nH]c2ccccc23)cc1C,0
ZINC00863267,DUD_vegfr2_D_353,Cc1ccc(NC(=O)[C@@H](C)Sc2nnc3c(n2)[nH]c2ccccc23)cc1C,0
ZINC00867701,DUD_vegfr2_D_354,COc1ccc(OC)c(/C=N/NC(=O)c2cc(-c3ccc(F)cc3)n[nH]2)c1,0
ZINC00867701,DUD_vegfr2_D_355,COc1ccc(OC)c(/C=N/NC(=O)c2cc(-c3ccc(F)cc3)[nH]n2)c1,0
ZINC00867705,DUD_vegfr2_D_356,CCOc1ccc(/C=N/NC(=O)c2cc(-c3ccc(F)cc3)n[nH]2)cc1,0
ZINC00867705,DUD_vegfr2_D_357,CCOc1ccc(/C=N/NC(=O)c2cc(-c3ccc(F)cc3)[nH]n2)cc1,0
ZINC00867713,DUD_vegfr2_D_358,CN(C)c1ccc(/C=N\NC(=O)c2cc(-c3ccc(F)cc3)[nH]n2)cc1,0
ZINC00867713,DUD_vegfr2_D_359,CN(C)c1ccc(/C=N/NC(=O)c2cc(-c3ccc(F)cc3)n[nH]2)cc1,0
ZINC00867738,DUD_vegfr2_D_360,CCOc1ccccc1/C=N/NC(=O)c1cc(-c2ccccc2Cl)n[nH]1,0
ZINC00867738,DUD_vegfr2_D_361,CCOc1ccccc1/C=N/NC(=O)c1cc(-c2ccccc2Cl)[nH]n1,0
ZINC00867739,DUD_vegfr2_D_362,CCOc1ccccc1/C=N/NC(=O)c1cc(-c2ccccc2Cl)n[nH]1,0
ZINC00867739,DUD_vegfr2_D_363,CCOc1ccccc1/C=N/NC(=O)c1cc(-c2ccccc2Cl)[nH]n1,0
ZINC00867749,DUD_vegfr2_D_364,COc1ccc(OC)c(/C=N\NC(=O)c2cc(-c3ccccc3Cl)n[nH]2)c1,0
ZINC00867749,DUD_vegfr2_D_365,COc1ccc(OC)c(/C=N\NC(=O)c2cc(-c3ccccc3Cl)[nH]n2)c1,0
ZINC00867750,DUD_vegfr2_D_366,COC(=O)c1ccc(/C=N/NC(=O)c2cc(-c3ccccc3Cl)n[nH]2)cc1,0
ZINC00867750,DUD_vegfr2_D_367,COC(=O)c1ccc(/C=N/NC(=O)c2cc(-c3ccccc3Cl)[nH]n2)cc1,0
ZINC00867760,DUD_vegfr2_D_368,COc1ccc(/C=N\NC(=O)c2cc(-c3ccccc3Cl)n[nH]2)cc1,0
ZINC00867760,DUD_vegfr2_D_369,COc1ccc(/C=N/NC(=O)c2cc(-c3ccccc3Cl)[nH]n2)cc1,0
ZINC00867761,DUD_vegfr2_D_370,COc1ccc(/C=N/NC(=O)c2cc(-c3ccccc3Cl)n[nH]2)cc1,0
ZINC00867761,DUD_vegfr2_D_371,COc1ccc(/C=N/NC(=O)c2cc(-c3ccccc3Cl)[nH]n2)cc1,0
ZINC00867762,DUD_vegfr2_D_372,CN(C)c1ccc(/C=N\NC(=O)c2cc(-c3ccccc3Cl)n[nH]2)cc1,0
ZINC00867762,DUD_vegfr2_D_373,CN(C)c1ccc(/C=N/NC(=O)c2cc(-c3ccccc3Cl)[nH]n2)cc1,0
ZINC00867763,DUD_vegfr2_D_374,CN(C)c1ccc(/C=N/NC(=O)c2cc(-c3ccccc3Cl)n[nH]2)cc1,0
ZINC00867777,DUD_vegfr2_D_375,COc1ccccc1/C=N/NC(=O)c1cc(-c2ccccc2Cl)n[nH]1,0
ZINC00867777,DUD_vegfr2_D_376,COc1ccccc1/C=N/NC(=O)c1cc(-c2ccccc2Cl)[nH]n1,0
ZINC00867781,DUD_vegfr2_D_377,COc1ccc(/C=N\NC(=O)c2cc(-c3ccccc3Cl)n[nH]2)cc1OC,0
ZINC00867781,DUD_vegfr2_D_378,COc1ccc(/C=N\NC(=O)c2cc(-c3ccccc3Cl)[nH]n2)cc1OC,0
ZINC00867793,DUD_vegfr2_D_379,COc1cccc(/C=N\NC(=O)c2cc(-c3ccccc3Cl)n[nH]2)c1,0
ZINC00867793,DUD_vegfr2_D_380,COc1cccc(/C=N\NC(=O)c2cc(-c3ccccc3Cl)[nH]n2)c1,0
ZINC00867883,DUD_vegfr2_D_381,CCOc1ccccc1/C=N\NC(=O)c1cc(-c2ccc(F)cc2)n[nH]1,0
ZINC00867883,DUD_vegfr2_D_382,CCOc1ccccc1/C=N/NC(=O)c1cc(-c2ccc(F)cc2)[nH]n1,0
ZINC00867953,DUD_vegfr2_D_383,CCOc1ccccc1/C=N/NC(=O)c1cc(-c2ccc(C)s2)n[nH]1,0
ZINC00867953,DUD_vegfr2_D_384,CCOc1ccccc1/C=N/NC(=O)c1cc(-c2ccc(C)s2)[nH]n1,0
ZINC00868082,DUD_vegfr2_D_385,CCOc1ccccc1-c1cc(C(=O)N/N=C\c2ccc(F)cc2)[nH]n1,0
ZINC00868082,DUD_vegfr2_D_386,CCOc1ccccc1-c1cc(C(=O)N/N=C\c2ccc(F)cc2)n[nH]1,0
ZINC00868083,DUD_vegfr2_D_387,CCOc1ccccc1-c1cc(C(=O)N/N=C\c2ccc(F)cc2)[nH]n1,0
ZINC00868096,DUD_vegfr2_D_388,CCOc1ccccc1-c1cc(C(=O)N/N=C\c2ccc(Br)cc2)[nH]n1,0
ZINC00868096,DUD_vegfr2_D_389,CCOc1ccccc1-c1cc(C(=O)N/N=C\c2ccc(Br)cc2)n[nH]1,0
ZINC00868174,DUD_vegfr2_D_390,CCOc1ccccc1-c1cc(C(=O)N/N=C\c2cccc(Br)c2)[nH]n1,0
ZINC00868174,DUD_vegfr2_D_391,CCOc1ccccc1-c1cc(C(=O)N/N=C/c2cccc(Br)c2)n[nH]1,0
ZINC00868545,DUD_vegfr2_D_392,CCN1C(=O)C[C@H](C(=O)Nc2ccccc2)S/C1=N/c1cccc(F)c1,0
ZINC00868547,DUD_vegfr2_D_393,CCN1C(=O)C[C@@H](C(=O)Nc2ccccc2)S/C1=N/c1cccc(F)c1,0
ZINC00868635,DUD_vegfr2_D_394,CCN1C(=O)C[C@H](C(=O)Nc2ccccc2)S/C1=N\c1ccc(F)cc1,0
ZINC00868638,DUD_vegfr2_D_395,CCN1C(=O)C[C@@H](C(=O)Nc2ccccc2)S/C1=N/c1ccc(F)cc1,0
ZINC00868824,DUD_vegfr2_D_396,Cc1cc(C(=O)N/N=C\c2ccc(OC(=O)c3ccccc3Br)cc2)[nH]n1,0
ZINC00868824,DUD_vegfr2_D_397,Cc1cc(C(=O)N/N=C/c2ccc(OC(=O)c3ccccc3Br)cc2)n[nH]1,0
ZINC00870224,DUD_vegfr2_D_398,CCN1C(=O)C[C@@H](C(=O)Nc2ccc(F)cc2)S/C1=N/c1ccccc1,0
ZINC00870721,DUD_vegfr2_D_399,COC(=O)c1c(NC(=O)c2ccco2)sc(C(=O)Nc2ccccc2)c1C,0
ZINC00871399,DUD_vegfr2_D_400,COC(=O)c1c(NC(=O)c2ccco2)sc(C(=O)Nc2ccccc2F)c1C,0
ZINC00871671,DUD_vegfr2_D_401,Cc1cc(Br)ccc1NC(=O)[C@@H]1C[C@H](O)CN1C(=O)OCc1ccccc1,0
ZINC00871707,DUD_vegfr2_D_402,Cc1cccc(NC(=O)[C@H]2C[C@@H](O)CN2C(=O)Oc2ccccc2)c1Cl,0
ZINC00871709,DUD_vegfr2_D_403,Cc1cccc(NC(=O)[C@H]2C[C@@H](O)CN2C(=O)Oc2ccccc2)c1Cl,0
ZINC00873444,DUD_vegfr2_D_404,Cc1cccc(NC(=O)CSc2nc(Cc3ccccc3)n[nH]2)c1C,0
ZINC00873554,DUD_vegfr2_D_405,Cc1ccc(NC(=O)[C@@H](C)Sc2nnc(-c3ccccc3O)o2)cc1,0
ZINC00873605,DUD_vegfr2_D_406,O=C(CSc1nc(-c2ccccc2O)n[nH]1)N1CCCc2ccccc21,0
ZINC00873771,DUD_vegfr2_D_407,CCc1ccccc1NC(=O)CSc1nc(-c2cccc(C)c2)n[nH]1,0
ZINC00874165,DUD_vegfr2_D_408,C#CCn1cc(/C=C2/C(=O)NC(=O)N(c3ccc4c(c3)OCO4)C2=O)c2ccccc21,0
ZINC00877140,DUD_vegfr2_D_409,Cc1ccc(NC(=O)CN(c2cccc3ccccc23)S(C)(=O)=O)cc1Cl,0
ZINC00877285,DUD_vegfr2_D_410,COc1ccc2cc(C)c3nnc(SCC(=O)Nc4ccccc4F)n3c2c1,0
ZINC00877608,DUD_vegfr2_D_411,Cc1cc(C)c2[nH]c3nc(SCC(=O)Nc4ccccc4)nnc3c2c1,0
ZINC00877632,DUD_vegfr2_D_412,Cc1cc(=O)[nH]c(SCC(=O)Nc2ccccc2-c2ccccc2)n1,0
ZINC00877632,DUD_vegfr2_D_413,Cc1cc(O)nc(SCC(=O)Nc2ccccc2-c2ccccc2)n1,0
ZINC00878065,DUD_vegfr2_D_414,Cc1ccc2[nH]c3nc(SCC(=O)Nc4ccccc4C)nnc3c2c1,0
ZINC00878071,DUD_vegfr2_D_415,COc1ccc(NC(=O)CSc2nnc3c(n2)[nH]c2ccc(C)cc23)cc1,0
ZINC00878072,DUD_vegfr2_D_416,COc1ccccc1NC(=O)CSc1nnc2c(n1)[nH]c1ccc(C)cc12,0
ZINC00878078,DUD_vegfr2_D_417,Cc1ccc(NC(=O)CSc2nnc3c(n2)[nH]c2ccc(C)cc23)cc1,0
ZINC00879104,DUD_vegfr2_D_418,CCOc1ccc2[nH]c3nc(SCC(=O)c4ccccc4F)nnc3c2c1,0
ZINC00879307,DUD_vegfr2_D_419,CCOc1ccc2[nH]c(=O)c(CN(Cc3ccccc3)C(=S)NC)cc2c1,0
ZINC00879307,DUD_vegfr2_D_420,CCOc1ccc2nc(O)c(CN(Cc3ccccc3)C(=S)NC)cc2c1,0
ZINC00879617,DUD_vegfr2_D_421,CCNC(=S)N(Cc1ccccc1)Cc1cc2ccc(OC)cc2[nH]c1=O,0
ZINC00879617,DUD_vegfr2_D_422,CCNC(=S)N(Cc1ccccc1)Cc1cc2ccc(OC)cc2nc1O,0
ZINC00880322,DUD_vegfr2_D_423,Cc1ccc(S(=O)(=O)N(CC(=O)Nc2ccc(F)cc2)c2ccccc2C)cc1,0
ZINC00881690,DUD_vegfr2_D_424,COc1ccc(-c2cnc(SCC(=O)Nc3cccc(O)c3)n2C)cc1,0
ZINC00881690,DUD_vegfr2_D_425,COc1ccc(-c2c[nH+]c(SCC(=O)Nc3cccc(O)c3)n2C)cc1,0
ZINC00882070,DUD_vegfr2_D_426,CCC(=O)Nc1cccc(NC(=S)NC(=O)c2ccc(OC)cc2)c1,0
ZINC00882078,DUD_vegfr2_D_427,CCC(=O)Nc1ccc(NC(=S)NC(=O)c2ccc(OC)cc2)cc1,0
ZINC00882903,DUD_vegfr2_D_428,CC1(C)Cc2ccccc2-c2nnc(SCC(=O)Nc3ccccc3F)n21,0
ZINC00882908,DUD_vegfr2_D_429,CC1(C)Cc2ccccc2-c2nnc(SCC(=O)Nc3ccccc3O)n21,0
ZINC00882910,DUD_vegfr2_D_430,CC1(C)Cc2ccccc2-c2nnc(SCC(=O)Nc3ccc(O)cc3)n21,0
ZINC00883459,DUD_vegfr2_D_431,Cc1cc(C)c(OCC(=O)Nc2ccc(NC(=O)c3ccco3)cc2)c(Cl)c1,0
ZINC00886110,DUD_vegfr2_D_432,COc1ccc(/C=N\NC(=O)c2cc(-c3ccc(Cl)cc3)n[nH]2)cc1OC,0
ZINC00886110,DUD_vegfr2_D_433,COc1ccc(/C=N/NC(=O)c2cc(-c3ccc(Cl)cc3)[nH]n2)cc1OC,0
ZINC00886113,DUD_vegfr2_D_434,COc1ccc(/C=N\NC(=O)c2cc(-c3ccc(Cl)cc3)n[nH]2)cc1OC,0
ZINC00886824,DUD_vegfr2_D_435,Cc1cccc(C)c1NC(=O)CSc1nnc2c(n1)[nH]c1ccc(F)cc12,0
ZINC00886832,DUD_vegfr2_D_436,Cc1ccc(NC(=O)CSc2nnc3c(n2)[nH]c2ccc(F)cc23)cc1,0
ZINC00886835,DUD_vegfr2_D_437,COc1ccccc1NC(=O)CSc1nnc2c(n1)[nH]c1ccc(F)cc12,0
ZINC00886860,DUD_vegfr2_D_438,Cc1ccccc1NC(=O)[C@@H](C)Sc1nnc2c(n1)[nH]c1ccc(F)cc12,0
ZINC00886862,DUD_vegfr2_D_439,Cc1ccccc1NC(=O)[C@H](C)Sc1nnc2c(n1)[nH]c1ccc(F)cc12,0
ZINC00887338,DUD_vegfr2_D_440,COc1ccc(CNC(=S)NNC(=O)c2cc3ccccc3o2)cc1,0
ZINC00891059,DUD_vegfr2_D_441,CNC(=S)N(Cc1ccccc1)Cc1cc2cc3c(cc2nc1O)OCCO3,0
ZINC00891059,DUD_vegfr2_D_442,CNC(=S)N(Cc1ccccc1)Cc1cc2cc3c(cc2nc1O)OCCO3,0
ZINC00891412,DUD_vegfr2_D_443,COc1ccc(OC)c(NC(=O)CSc2nnc3c(n2)[nH]c2ccccc23)c1,0
ZINC00891418,DUD_vegfr2_D_444,CCc1cccc(C)c1NC(=O)CSc1nnc2c(n1)[nH]c1ccccc12,0
ZINC00892292,DUD_vegfr2_D_445,Cc1ccc(NC(=O)CSc2nnc3c(n2)[nH]c2c(C)cccc23)cc1,0
ZINC00892346,DUD_vegfr2_D_446,Cc1ccccc1NC(=O)[C@H](C)Sc1nnc2c(n1)[nH]c1ccccc12,0
ZINC00892347,DUD_vegfr2_D_447,Cc1ccccc1NC(=O)[C@H](C)Sc1nnc2c(n1)[nH]c1ccccc12,0
ZINC00893688,DUD_vegfr2_D_448,COc1ccc(-c2cc(=O)[nH]c(SCC(=O)Nc3ccc(C)cc3)n2)cc1,0
ZINC00893688,DUD_vegfr2_D_449,COc1ccc(-c2cc(O)nc(SCC(=O)Nc3ccc(C)cc3)n2)cc1,0
ZINC00893688,DUD_vegfr2_D_450,COc1ccc(-c2cc(O)nc(SCC(=O)Nc3ccc(C)cc3)n2)cc1,0
ZINC00899306,DUD_vegfr2_D_451,Cc1cccc(C)c1NC(=O)CSc1nnc(-c2ccc(O)cc2)n1C,0
ZINC00899313,DUD_vegfr2_D_452,Cc1cccc(NC(=O)CSc2nnc(-c3ccc(O)cc3)n2C)c1C,0
ZINC00899377,DUD_vegfr2_D_453,COc1ccccc1-c1nnc(SCC(=O)Nc2ccccc2)n1C,0
ZINC00900698,DUD_vegfr2_D_454,C[C@H]1C[C@@H](C(F)F)n2nc(C(=O)Nc3ccccc3Cc3ccccc3)nc2N1,0
ZINC00902691,DUD_vegfr2_D_455,Cc1ccc(NC(=O)[C@H]2CC(=O)N=C(Nc3ccc(C)cc3)S2)cc1,0
ZINC00902694,DUD_vegfr2_D_456,Cc1ccc(NC(=O)[C@H]2CC(=O)N=C(Nc3ccc(C)cc3)S2)cc1,0
ZINC00902711,DUD_vegfr2_D_457,Cc1ccc(NC2=NC(=O)C[C@@H](C(=O)Nc3cccc4ccccc34)S2)cc1,0
ZINC00902889,DUD_vegfr2_D_458,CC(=O)Nc1ccc(NC(=O)CSc2nc3ccccc3cc2C)cc1,0
ZINC00903569,DUD_vegfr2_D_459,COc1cccc(NC(=O)CSc2nnc3cc(C)c4ccccc4n23)c1,0
ZINC00904305,DUD_vegfr2_D_460,CCC(=O)NC(=S)Nc1ccc(NC(=O)c2cc3ccccc3o2)c(OC)c1,0
ZINC00905471,DUD_vegfr2_D_461,O=C(CSc1nnc(CNc2ccccc2)o1)N1CCCc2ccccc21,0
ZINC00905525,DUD_vegfr2_D_462,COc1cccc(NC(=O)CSc2nc(-c3ccccc3)c[nH]2)c1,0
ZINC00905525,DUD_vegfr2_D_463,COc1cccc(NC(=O)CSc2[nH]c(-c3ccccc3)c[nH+]2)c1,0
ZINC00905526,DUD_vegfr2_D_464,CN(C)c1ccc(NC(=O)CSc2nc(-c3ccccc3)c[nH]2)cc1,0
ZINC00905526,DUD_vegfr2_D_465,CN(C)c1ccc(NC(=O)CSc2[nH]c(-c3ccccc3)c[nH+]2)cc1,0
ZINC00907366,DUD_vegfr2_D_466,CCn1c(S[C@H](C)C(=O)Nc2ccccc2)nnc1-c1ccc(O)cc1,0
ZINC00907368,DUD_vegfr2_D_467,CCn1c(S[C@H](C)C(=O)Nc2ccccc2)nnc1-c1ccc(O)cc1,0
ZINC00908046,DUD_vegfr2_D_468,COc1ccc2[nH]c3nc(SCC(=O)Nc4ccccc4OC)nnc3c2c1,0
ZINC00908047,DUD_vegfr2_D_469,COc1cccc(NC(=O)CSc2nnc3c(n2)[nH]c2ccc(OC)cc23)c1,0
ZINC00908071,DUD_vegfr2_D_470,COc1ccc2[nH]c3nc(SCC(=O)Nc4ccccc4F)nnc3c2c1,0
ZINC00908101,DUD_vegfr2_D_471,COC(=O)c1ccc(CSc2nnc3c(n2)[nH]c2ccc(OC)cc23)cc1,0
ZINC00908106,DUD_vegfr2_D_472,COc1ccc2[nH]c3nc(SCC(=O)OCc4ccccc4)nnc3c2c1,0
ZINC00908398,DUD_vegfr2_D_473,COc1ccc(C(=O)Nc2ccc(NC(=O)c3ccco3)c(OC)c2)cc1Cl,0
ZINC00908411,DUD_vegfr2_D_474,O=C(Nc1ccc(NC(=O)c2cccs2)cc1)c1ccc2c(c1)OCCO2,0
ZINC00909540,DUD_vegfr2_D_475,CCOc1ccc2[nH]c3nc(SCC(=O)Nc4ccccc4F)nnc3c2c1,0
ZINC00912287,DUD_vegfr2_D_476,COc1ccc(-c2nnc(SCC(=O)Nc3ccccc3F)n2C)cc1,0
ZINC00912367,DUD_vegfr2_D_477,CC(=O)Nc1ccc(NC(=O)CSc2cc(C)c3ccccc3n2)cc1,0
ZINC00915720,DUD_vegfr2_D_478,O=C(CCN1C(=O)[C@@H]2CC=C(Cl)C[C@@H]2C1=O)Nc1cccc2ccccc12,0
ZINC00917002,DUD_vegfr2_D_479,CCOC(=O)c1ccccc1NC(=O)C[C@@H]1Sc2ccccc2NC1=O,0
ZINC00917004,DUD_vegfr2_D_480,CCOC(=O)c1ccccc1NC(=O)C[C@H]1Sc2ccccc2NC1=O,0
ZINC00917188,DUD_vegfr2_D_481,COc1cccc(NC(=O)CSc2nnc3c4ccccc4n(C)c3n2)c1,0
ZINC00917695,DUD_vegfr2_D_482,O=C(Nc1ccc(NC(=O)c2ccco2)c(Cl)c1)c1ccc2c(c1)OCCO2,0
ZINC00917699,DUD_vegfr2_D_483,COc1cc(NC(=O)c2ccc(C)c(Cl)c2)ccc1NC(=O)c1ccco1,0
ZINC00917722,DUD_vegfr2_D_484,O=C(Nc1cccc(NC(=O)c2cccs2)c1)c1ccc2c(c1)OCCO2,0
ZINC00917733,DUD_vegfr2_D_485,COc1cc(OC)cc(C(=O)Nc2cccc(NC(=O)c3cccs3)c2)c1,0
ZINC00921115,DUD_vegfr2_D_486,CC(C)c1nnc(NC(=O)COc2ccc(-c3ccccc3)cc2)s1,0
ZINC00923706,DUD_vegfr2_D_487,Cc1cccc(C)c1NC(=O)[C@H](C)Sc1nnc2c(n1)[nH]c1ccccc12,0
ZINC00923707,DUD_vegfr2_D_488,Cc1cccc(C)c1NC(=O)[C@H](C)Sc1nnc2c(n1)[nH]c1ccccc12,0
ZINC00924305,DUD_vegfr2_D_489,CCc1ccc2[nH]c3nc(SCC(=O)Nc4ccccc4F)nnc3c2c1,0
ZINC00928499,DUD_vegfr2_D_490,COc1ccc2c(c1)cc(C)c1nnc(SCC(=O)Nc3ccccc3F)n12,0
ZINC00929921,DUD_vegfr2_D_491,CN(C)c1ccc(NC(=O)CSc2nnc3c(n2)[nH]c2ccccc23)cc1,0
ZINC00929937,DUD_vegfr2_D_492,COc1ccc(NC(=O)[C@H](C)Sc2nnc3c(n2)[nH]c2ccccc23)cc1,0
ZINC00929938,DUD_vegfr2_D_493,COc1ccc(NC(=O)[C@@H](C)Sc2nnc3c(n2)[nH]c2ccccc23)cc1,0
ZINC00929939,DUD_vegfr2_D_494,COc1ccc(NC(=O)[C@@H](C)Sc2nnc3c(n2)[nH]c2ccc(F)cc23)cc1,0
ZINC00929940,DUD_vegfr2_D_495,COc1ccc(NC(=O)[C@H](C)Sc2nnc3c(n2)[nH]c2ccc(F)cc23)cc1,0
ZINC00930029,DUD_vegfr2_D_496,Cc1cc2cc3c(cc2nc1SCC(=O)Nc1nc2ccccc2s1)OCO3,0
ZINC00930733,DUD_vegfr2_D_497,Cc1nc2ccc(N)cc2c(=O)n1Cc1ccc(-c2ccc(Cl)cc2)cc1,0
ZINC00930740,DUD_vegfr2_D_498,Cc1nc2ccc(N)cc2c(=O)n1Cc1ccc(-c2ccccc2Cl)cc1,0
ZINC00933347,DUD_vegfr2_D_499,COc1cc(NC(=O)c2ccco2)c(OC)cc1NC(=O)c1ccc(Cl)cc1,0
ZINC00933542,DUD_vegfr2_D_500,COc1ccccc1NC(=O)Cc1csc(NC(=O)c2ccc(F)cc2)n1,0
ZINC00935945,DUD_vegfr2_D_501,Cc1sc2ncn(CC(=O)Nc3ccc(Oc4ccccc4)cc3)c(=O)c2c1C,0
ZINC00936567,DUD_vegfr2_D_502,Cc1cc(NC2=C(Cl)C(=O)N(CCc3ccccc3)C2=O)ccc1O,0
ZINC00936861,DUD_vegfr2_D_503,COc1cc([C@@H]2C(C(N)=O)=C(C)Nc3ncnn32)ccc1OCc1ccccc1F,0
ZINC00936862,DUD_vegfr2_D_504,COc1cc([C@H]2C(C(N)=O)=C(C)Nc3ncnn32)ccc1OCc1ccccc1F,0
ZINC00940717,DUD_vegfr2_D_505,CCOc1ccccc1[C@@H]1C(C(N)=O)=C(C)Nc2nc(-c3ccccc3Cl)nn21,0
ZINC00940718,DUD_vegfr2_D_506,CCOc1ccccc1[C@@H]1C(C(N)=O)=C(C)Nc2nc(-c3ccccc3Cl)nn21,0
ZINC00940765,DUD_vegfr2_D_507,CCOc1ccccc1[C@H]1C(C(N)=O)=C(C)Nc2nc(-c3cccs3)nn21,0
ZINC00940766,DUD_vegfr2_D_508,CCOc1ccccc1[C@H]1C(C(N)=O)=C(C)Nc2nc(-c3cccs3)nn21,0
ZINC00941369,DUD_vegfr2_D_509,COc1ccc(-c2cc(C(=O)N/N=C/c3c(F)cccc3Cl)[nH]n2)cc1,0
ZINC00941369,DUD_vegfr2_D_510,COc1ccc(-c2cc(C(=O)N/N=C\c3c(F)cccc3Cl)n[nH]2)cc1,0
ZINC00941371,DUD_vegfr2_D_511,O=C(COc1ccc(C(=O)NC2CCCCC2)cc1)Nc1ccccc1F,0
ZINC00942214,DUD_vegfr2_D_512,COc1ccccc1NC(=O)CSc1nnc2cc(C)c3ccccc3n12,0
ZINC00945629,DUD_vegfr2_D_513,CCOc1ccc(-c2cc(C(=O)N/N=C/c3ccc(F)cc3)[nH]n2)cc1,0
ZINC00945693,DUD_vegfr2_D_514,COc1ccccc1/C=N\NC(=O)c1cc(-c2ccc(Cl)cc2)n[nH]1,0
ZINC00945693,DUD_vegfr2_D_515,COc1ccccc1/C=N\NC(=O)c1cc(-c2ccc(Cl)cc2)[nH]n1,0
ZINC00945703,DUD_vegfr2_D_516,COc1ccc2ccccc2c1-c1cc(C(=O)N/N=C/c2cccs2)[nH]n1,0
ZINC00945703,DUD_vegfr2_D_517,COc1ccc2ccccc2c1-c1cc(C(=O)N/N=C/c2cccs2)n[nH]1,0
ZINC00945799,DUD_vegfr2_D_518,COc1ccccc1-c1cc(C(=O)N/N=C\c2ccccc2Cl)[nH]n1,0
ZINC00945799,DUD_vegfr2_D_519,COc1ccccc1-c1cc(C(=O)N/N=C/c2ccccc2Cl)n[nH]1,0
ZINC00945819,DUD_vegfr2_D_520,COc1ccc(/C=N/NC(=O)c2cc(-c3cccs3)n[nH]2)cc1OC,0
ZINC00945831,DUD_vegfr2_D_521,COc1ccc(OC)c(/C=N/NC(=O)c2cc(-c3cccs3)n[nH]2)c1,0
ZINC00946205,DUD_vegfr2_D_522,CCOc1cccc(-c2cc(C(=O)N/N=C/c3ccc(F)cc3)[nH]n2)c1,0
ZINC00946205,DUD_vegfr2_D_523,CCOc1cccc(-c2cc(C(=O)N/N=C/c3ccc(F)cc3)n[nH]2)c1,0
ZINC00946594,DUD_vegfr2_D_524,Cn1cccc1-c1cc(C(=O)N/N=C/C(Br)=C/c2ccccc2)[nH]n1,0
ZINC00947724,DUD_vegfr2_D_525,COc1ccc(-c2csc3ncnc(Oc4cccc(NC(C)=O)c4)c23)cc1,0
ZINC00947859,DUD_vegfr2_D_526,NC(=O)c1c(NC(=O)c2cccc(Oc3ccccc3)c2)sc2c1CCC2,0
ZINC00949887,DUD_vegfr2_D_527,Cc1ccc(NCC(=O)Nc2ncc(Cc3ccccc3Cl)s2)cc1,0
ZINC00949888,DUD_vegfr2_D_528,COc1ccccc1NCC(=O)Nc1ncc(Cc2ccccc2Cl)s1,0
ZINC00953584,DUD_vegfr2_D_529,Cc1ccc2occ(/C=N\NC(=O)COc3ccccc3Cl)c(=O)c2c1,0
ZINC00955316,DUD_vegfr2_D_530,NC(=O)c1c(NC(=O)COc2cccc3ccccc23)sc2c1CCCC2,0
ZINC00956409,DUD_vegfr2_D_531,Cc1csc(NC(=O)[C@H](Cc2ccccc2)N2C(=O)c3ccccc3C2=O)n1,0
ZINC00961052,DUD_vegfr2_D_532,COc1cccc(Nc2nc(-c3cccc(NC(=O)C(C)C)c3)cs2)c1,0
ZINC00969310,DUD_vegfr2_D_533,O=C(CSc1nc2ccccc2[nH]1)Nc1ccc(N2CCOCC2)c(Cl)c1,0
ZINC00969310,DUD_vegfr2_D_534,O=C(CSc1[nH]c2ccccc2[nH+]1)Nc1ccc(N2CCOCC2)c(Cl)c1,0
ZINC00970759,DUD_vegfr2_D_535,CCOc1ccc2nc(N/C=C3/C(=O)NC(=O)N(c4ccccc4)C3=O)sc2c1,0
ZINC00971036,DUD_vegfr2_D_536,COc1ccccc1NC(=O)CSc1nc(-c2cccc(C)c2)n[nH]1,0
ZINC00976134,DUD_vegfr2_D_537,Cc1ccccc1NC(=O)[C@H](C)Sc1nnc(-c2cccc(O)c2)o1,0
ZINC00976207,DUD_vegfr2_D_538,COc1ccccc1NC(=O)CSc1nnc(-c2ccccc2)n1C,0
ZINC00976399,DUD_vegfr2_D_539,Cc1ccccc1OCc1nnc(SCc2cc(=O)[nH]c3ccccc23)o1,0
ZINC00977961,DUD_vegfr2_D_540,Cn1c(=O)cc(SCC(=O)N/N=C\c2ccccc2Cl)c2ccccc21,0
ZINC00978699,DUD_vegfr2_D_541,Cn1c(Oc2ccccc2/N=C\c2cc(Cl)ccc2O)cc(=O)n(C)c1=O,0
ZINC00980695,DUD_vegfr2_D_542,Cn1c(=O)n(C)c2cc(/C=N\NC(=S)NCc3ccccc3)ccc21,0
ZINC00983564,DUD_vegfr2_D_543,COC(=O)c1ccccc1NC(=O)CSc1nnc(-c2ccccc2)[nH]1,0
ZINC00985293,DUD_vegfr2_D_544,CCc1ccc(NC(=O)CSc2nc(-c3ccccc3)cc(=O)[nH]2)cc1,0
ZINC00985293,DUD_vegfr2_D_545,CCc1ccc(NC(=O)CSc2nc(O)cc(-c3ccccc3)n2)cc1,0
ZINC00985293,DUD_vegfr2_D_546,CCc1ccc(NC(=O)CSc2nc(O)cc(-c3ccccc3)n2)cc1,0
ZINC00985736,DUD_vegfr2_D_547,CC1(C)Cc2c(sc3nc(N)nc(SCC(=O)c4ccccc4)c23)CO1,0
ZINC00987725,DUD_vegfr2_D_548,CCOc1ccc(NC2=NC(=O)C[C@@H](C(=O)Nc3ccc(F)cc3)N2)cc1,0
ZINC00987726,DUD_vegfr2_D_549,CCOc1ccc(NC2=NC(=O)C[C@H](C(=O)Nc3ccc(F)cc3)N2)cc1,0
ZINC00991015,DUD_vegfr2_D_550,O=C(NC[C@H]1CCCO1)c1ccc(NC(=O)c2ccc(Br)cc2)cc1,0
ZINC00993084,DUD_vegfr2_D_551,CC(C)(C)C(=O)COC(=O)c1ccc(NC(=O)c2ccc(Cl)cc2)cc1,0
ZINC00994794,DUD_vegfr2_D_552,CCOc1ccc(-c2cc(C(=O)Nc3nnc(C)s3)c3ccccc3n2)cc1,0
ZINC00995924,DUD_vegfr2_D_553,CCc1nnc(NC(=O)[C@H](Sc2ccccc2)c2ccccc2)s1,0
ZINC00996178,DUD_vegfr2_D_554,CCc1c(C)sc(NC(=O)C2c3ccccc3Oc3ccccc32)c1C(N)=O,0
ZINC01000564,DUD_vegfr2_D_555,CCOC(=O)C1=NN(CC(=O)c2ccccc2)[C@@](O)(c2ccc(Cl)cc2)C1,0
ZINC01000674,DUD_vegfr2_D_556,CC(C)CC(=O)NC(=S)Nc1ccc(-c2nc3ccccc3o2)c(O)c1,0
ZINC01001189,DUD_vegfr2_D_557,Cc1ccc(O)c(NC(=O)c2cc3nc(-c4ccc(F)cc4)cc(C)n3n2)c1,0
ZINC01001372,DUD_vegfr2_D_558,O=C(N/N=C\c1ccc2c(c1)OCO2)c1ccn(Cc2ccc(Cl)cc2)n1,0
ZINC01003784,DUD_vegfr2_D_559,CC(=O)NC(=S)Nc1ccc(S(=O)(=O)NCCc2ccccc2)cc1,0
ZINC01004449,DUD_vegfr2_D_560,CCC(=O)Nc1ccc(NC(=S)NC(=O)COc2ccccc2)cc1,0
ZINC01005078,DUD_vegfr2_D_561,Cn1c(=O)[nH]c(=O)c2c1nc(NCCc1ccc(F)cc1)n2Cc1ccccc1,0
ZINC01005078,DUD_vegfr2_D_562,Cn1c(=O)[nH]c(=O)c2c1[nH+]c(NCCc1ccc(F)cc1)n2Cc1ccccc1,0
ZINC01005391,DUD_vegfr2_D_563,CCC(=O)Nc1cccc(NC(=S)NC(=O)c2ccccc2OC)c1,0
ZINC01005392,DUD_vegfr2_D_564,CCC(=O)Nc1ccc(NC(=S)NC(=O)c2ccccc2OC)cc1,0
ZINC01005393,DUD_vegfr2_D_565,CCC(=O)Nc1ccc(NC(=S)NC(=O)c2cccc(OC)c2)cc1,0
ZINC01005678,DUD_vegfr2_D_566,COc1ccc(-c2n[nH]cc2/C=N\NC(=O)c2csc3ccccc23)cc1OC,0
ZINC01005678,DUD_vegfr2_D_567,COc1ccc(-c2[nH]ncc2/C=N/NC(=O)c2csc3ccccc23)cc1OC,0
ZINC01006605,DUD_vegfr2_D_568,Cc1cc(C)cc(NC(=O)c2ccc(Cl)c(NC(=O)c3ccco3)c2)c1,0
ZINC01006607,DUD_vegfr2_D_569,Cc1cccc(NC(=O)c2ccc(Cl)c(NC(=O)c3ccco3)c2)c1C,0
ZINC01006621,DUD_vegfr2_D_570,CCOc1ccc(NC(=O)c2ccc(Cl)c(NC(=O)c3ccco3)c2)cc1,0
ZINC01008575,DUD_vegfr2_D_571,CCn1c(SCC(=O)Nc2ncccc2C)nnc1-c1ccccc1,0
ZINC01008679,DUD_vegfr2_D_572,Cn1cc(/C=C2\SC(=O)N(CC(=O)Nc3ccc4c(c3)OCO4)C2=O)c2ccccc21,0
ZINC01012570,DUD_vegfr2_D_573,O=C(CN(C1CCCCC1)S(=O)(=O)c1ccccc1)Nc1cccc(F)c1,0
ZINC01018649,DUD_vegfr2_D_574,COC(=O)c1ccc([C@H]2NC(S)=NC(C)=C2C(=O)Nc2ccccc2)cc1,0
ZINC01026532,DUD_vegfr2_D_575,Cc1ccc(S(=O)(=O)Nc2ccccc2Sc2ncnc3c(C)csc23)cc1,0
ZINC01027772,DUD_vegfr2_D_576,CC(C)(C)c1ccc(-c2cc(NS(=O)(=O)c3ccccc3)c(C(N)=O)s2)cc1,0
ZINC01027887,DUD_vegfr2_D_577,COc1ccc(C(=O)Nc2cc(-c3ccccc3)sc2C(N)=O)cc1OC,0
ZINC01029732,DUD_vegfr2_D_578,Fc1ccc(Nc2nc(NCc3ccccc3)nc(N3CCOCC3)n2)cc1,0
ZINC01032887,DUD_vegfr2_D_579,CCCc1c(C(=O)NNc2cccc(Cl)c2)cnn1-c1ccccc1,0
ZINC01032891,DUD_vegfr2_D_580,CCCc1c(C(=O)NNc2ccccc2OC)cnn1-c1ccccc1,0
ZINC01033105,DUD_vegfr2_D_581,COc1cccc(/C=N\NC(=O)c2cc(C)nc3ccc(Br)cc23)c1O,0
ZINC01033633,DUD_vegfr2_D_582,Cn1c(SCC(=O)N/N=C/c2ccc3c(c2)OCO3)nnc1-c1ccccc1,0
ZINC01033869,DUD_vegfr2_D_583,CC(C)c1ccc(NC(=O)CSc2nnc(O)n2-c2ccccc2)cc1,0
ZINC01033993,DUD_vegfr2_D_584,O=C(CSc1nnc(O)n1C1Cc2ccccc2C1)c1ccc2c(c1)OCCO2,0
ZINC01034353,DUD_vegfr2_D_585,Cc1ccc(Oc2ncccc2NS(=O)(=O)c2ccc(F)cc2)c2c1CCC2,0
ZINC01034365,DUD_vegfr2_D_586,COc1ccc(C(=O)CSc2nnc(O)n2C2Cc3ccccc3C2)cc1,0
ZINC01034367,DUD_vegfr2_D_587,O=C(CSc1nnc(O)n1-c1ccc2c(c1)OCCO2)c1csc2ccccc12,0
ZINC01034867,DUD_vegfr2_D_588,CN1CCOc2cc(S(=O)(=O)NCc3ccc(-c4cccs4)cc3)ccc21,0
ZINC01034872,DUD_vegfr2_D_589,O=S(=O)(NCc1ccc(-c2cccs2)cc1)c1ccc2c(c1)OCCCO2,0
ZINC01035725,DUD_vegfr2_D_590,Cc1cc(NC(=O)CSc2nc3ccccc3[nH]2)n(-c2ccccc2)n1,0
ZINC01035725,DUD_vegfr2_D_591,Cc1cc(NC(=O)CSc2[nH]c3ccccc3[nH+]2)n(-c2ccccc2)n1,0
ZINC01037606,DUD_vegfr2_D_592,CC(C)S(=O)(=O)c1csc(C(=O)N/N=C\c2ccccc2)c1-n1cccc1,0
ZINC01037607,DUD_vegfr2_D_593,CC(C)S(=O)(=O)c1csc(C(=O)N/N=C\c2ccccc2)c1-n1cccc1,0
ZINC01040189,DUD_vegfr2_D_594,COc1ccc(Cn2c(=O)cc(N)n(-c3cccc(SC)c3)c2=O)cc1,0
ZINC01040190,DUD_vegfr2_D_595,COc1ccc(Cn2c(=O)c3nc[nH]c3n(-c3cccc(SC)c3)c2=O)cc1,0
ZINC01040190,DUD_vegfr2_D_596,COc1ccc(Cn2c(=O)c3[nH]c[nH+]c3n(-c3cccc(SC)c3)c2=O)cc1,0
ZINC01040192,DUD_vegfr2_D_597,COC(=O)c1ccc(Cn2c(=O)cc(N)n(-c3cccc(SC)c3)c2=O)cc1,0
ZINC01043345,DUD_vegfr2_D_598,COC(=O)[C@@H](Cc1c[nH]c2ccccc12)NC(=O)c1cncc(Br)c1,0
ZINC01043409,DUD_vegfr2_D_599,Cc1ccc(C)n1-c1ccc(C(=O)NNS(=O)(=O)c2ccc(Cl)cc2)cc1,0
ZINC01043410,DUD_vegfr2_D_600,Cc1ccc(C)n1-c1ccc(C(=O)NNS(=O)(=O)c2ccc(F)cc2F)cc1,0
ZINC01043432,DUD_vegfr2_D_601,CC(C)c1ccc(S(=O)(=O)Nc2cccnc2Oc2ccc(Cl)cc2)cc1,0
ZINC01044099,DUD_vegfr2_D_602,Cc1csc(-c2c(N)n(Cc3ccccc3)c(=O)c3cc([N+](=O)[O-])ccc23)n1,0
ZINC01045751,DUD_vegfr2_D_603,CNC(=S)Nc1ccc(Oc2ccc(/N=C\c3ccncc3)cc2)cc1,0
ZINC01046646,DUD_vegfr2_D_604,COc1ccc(-c2n[nH]cc2/C=N\NC(=O)c2ccc(Cl)cc2)cc1,0
ZINC01046646,DUD_vegfr2_D_605,COc1ccc(-c2[nH]ncc2/C=N\NC(=O)c2ccc(Cl)cc2)cc1,0
ZINC01049491,DUD_vegfr2_D_606,CC(=O)Nc1ccc(C(=O)CSc2nc(-c3ccccc3)cs2)cc1,0
ZINC01049577,DUD_vegfr2_D_607,Cc1ccc(NC(=O)c2ccccc2NC(=S)NC(=O)c2ccn(C)n2)cc1,0
ZINC01049617,DUD_vegfr2_D_608,Cc1cccc(NS(=O)(=O)c2cc(C(=O)Nc3ccccc3F)ccc2C)c1,0
ZINC01050157,DUD_vegfr2_D_609,COc1ccc(NC(=O)[C@@H]2CC=CC[C@@H]2C(=O)Nc2ccccc2Cl)cc1,0
ZINC01050162,DUD_vegfr2_D_610,COc1ccc(NC(=O)[C@@H]2CC=CC[C@@H]2C(=O)Nc2ccccc2Cl)cc1,0
ZINC01051042,DUD_vegfr2_D_611,CCOc1ccccc1/C=N/NC(=O)c1cc(-c2ccc(Cl)cc2)n[nH]1,0
ZINC01051042,DUD_vegfr2_D_612,CCOc1ccccc1/C=N/NC(=O)c1cc(-c2ccc(Cl)cc2)[nH]n1,0
ZINC01051756,DUD_vegfr2_D_613,CCc1ccccc1NC(=O)CS[C@@H]1CC(=O)N(c2ccccc2)C1=O,0
ZINC01051758,DUD_vegfr2_D_614,CCc1ccccc1NC(=O)CS[C@H]1CC(=O)N(c2ccccc2)C1=O,0
ZINC01051829,DUD_vegfr2_D_615,COc1ccc(N2C(=O)C[C@@H](SCC(=O)Nc3ccccc3F)C2=O)cc1,0
ZINC01051831,DUD_vegfr2_D_616,COc1ccc(N2C(=O)C[C@H](SCC(=O)Nc3ccccc3F)C2=O)cc1,0
ZINC01052183,DUD_vegfr2_D_617,Cc1sc(NC(=O)c2ccco2)c(C(=O)NCc2cccnc2)c1C,0
ZINC01052408,DUD_vegfr2_D_618,Cc1sc(NC(=O)c2ccccc2)c(C(=O)NCc2cccnc2)c1C,0
ZINC01053425,DUD_vegfr2_D_619,COc1cccc(NC(=O)c2c(NC(=O)c3cccnc3)sc3c2CCC3)c1,0
ZINC01053467,DUD_vegfr2_D_620,O=C(Nc1nnc(C2CC2)s1)[C@@H](Sc1ccccc1)c1ccccc1,0
ZINC01053468,DUD_vegfr2_D_621,O=C(Nc1nnc(C2CC2)s1)[C@@H](Sc1ccccc1)c1ccccc1,0
ZINC01054862,DUD_vegfr2_D_622,Cc1cc(C(=O)Nc2cccc(C(=O)NCc3ccccc3)c2)cs1,0
ZINC01055473,DUD_vegfr2_D_623,CCc1ccc(C(=O)Nc2ccc(S(=O)(=O)Nc3ccccc3C)cc2)s1,0
ZINC01055576,DUD_vegfr2_D_624,Cc1sc(NC(=O)COc2ccccc2)c(C(N)=O)c1-c1ccccc1,0
ZINC01055835,DUD_vegfr2_D_625,O=C(Nc1ccc(S(=O)(=O)N2CCCC2)cc1)c1csc2ccccc12,0
ZINC01055875,DUD_vegfr2_D_626,NC(=O)c1cc(Cc2ccccc2)sc1NC(=O)c1ccc2c(c1)OCO2,0
ZINC01055894,DUD_vegfr2_D_627,COc1ccccc1NC(=O)c1c(NC(=O)c2cccnc2)sc(C)c1C,0
ZINC01056841,DUD_vegfr2_D_628,Cc1nn(Cc2ccc(F)cc2)c(C)c1NC(=O)c1cnn2cccnc12,0
ZINC01058307,DUD_vegfr2_D_629,Cc1c(Cl)cccc1NC(=O)[C@@H]1CCCN(S(=O)(=O)c2ccccc2)C1,0
ZINC01058309,DUD_vegfr2_D_630,Cc1c(Cl)cccc1NC(=O)[C@H]1CCCN(S(=O)(=O)c2ccccc2)C1,0
ZINC01059021,DUD_vegfr2_D_631,CCn1c(Cc2ccccc2)nnc1SCc1nc2ccccc2c(=O)[nH]1,0
ZINC01059021,DUD_vegfr2_D_632,CCn1c(Cc2ccccc2)nnc1SCc1nc(O)c2ccccc2n1,0
ZINC01059021,DUD_vegfr2_D_633,CCn1c(Cc2ccccc2)nnc1SCc1nc(O)c2ccccc2n1,0
ZINC01059163,DUD_vegfr2_D_634,Oc1cc(N2CCOCC2)c2ccccc2c1Sc1nc2ccccc2[nH]1,0
ZINC01059163,DUD_vegfr2_D_635,Oc1cc(N2CCOCC2)c2ccccc2c1Sc1[nH]c2ccccc2[nH+]1,0
ZINC01059661,DUD_vegfr2_D_636,COC(=O)c1ccccc1NC(=O)c1cccc(NC(=O)c2cccs2)c1C,0
ZINC01059823,DUD_vegfr2_D_637,Cc1ccc2nc(NC(=O)CSc3nc4ccccc4[nH]3)sc2c1,0
ZINC01059823,DUD_vegfr2_D_638,Cc1ccc2nc(NC(=O)CSc3[nH]c4ccccc4[nH+]3)sc2c1,0
ZINC01061229,DUD_vegfr2_D_639,COc1ccc(CNC(=O)c2cc3c(=O)n4cccc(C)c4nc3s2)cc1,0
ZINC01061841,DUD_vegfr2_D_640,CSc1ccc([C@H]2C(C(=O)NCc3ccccc3)=C(C)Nc3ncnn32)cc1,0
ZINC01067405,DUD_vegfr2_D_641,CCC(=O)Nc1cccc(NC(=O)c2cc3ccccc3c(Br)c2OC)c1,0
ZINC01067713,DUD_vegfr2_D_642,C=CCN1C(=O)N(c2cccc(C)c2)C(=O)[C@@H]1CC(=O)Nc1cccc(F)c1,0
ZINC01068675,DUD_vegfr2_D_643,CCn1c(SCC(=O)Nc2cc(F)ccc2C)nnc1-c1ccccc1O,0
ZINC01069602,DUD_vegfr2_D_644,Cc1ccccc1Cn1nc(C)c(NC(=O)c2nn3cccnc3c2Cl)c1C,0
ZINC01070768,DUD_vegfr2_D_645,COc1ccc(Cl)cc1S(=O)(=O)NCCc1c(C)[nH]c2ccccc12,0
ZINC01072701,DUD_vegfr2_D_646,O=C(NC1CCCCC1)c1ccc(Cl)c(S(=O)(=O)Nc2ccccc2)c1,0
ZINC01073985,DUD_vegfr2_D_647,COc1ccc(OC)c(-c2cc(C(=O)Nc3nccs3)c3ccccc3n2)c1,0
ZINC01074660,DUD_vegfr2_D_648,COc1ccc(Cc2nnc(SCC(=O)Nc3cccc(F)c3)[nH]2)cc1,0
ZINC01074723,DUD_vegfr2_D_649,COc1ccc(-c2nnc(SCC(=O)Nc3cccc(F)c3)[nH]2)cc1,0
ZINC01075502,DUD_vegfr2_D_650,COc1ccccc1NC(=O)CSc1nc2cc3ccccc3cc2[nH]1,0
ZINC01075502,DUD_vegfr2_D_651,COc1ccccc1NC(=O)CSc1[nH]c2cc3ccccc3cc2[nH+]1,0
ZINC01077650,DUD_vegfr2_D_652,Cc1ccc(NS(=O)(=O)c2cc(C(=O)Nc3cccc(F)c3)ccc2C)c(C)c1,0
ZINC01079302,DUD_vegfr2_D_653,COc1cccc(C(=O)Nc2cc3c(cc2[C@H](O)c2ccccc2Cl)OCCO3)c1,0
ZINC01080563,DUD_vegfr2_D_654,COc1ccc(S(=O)(=O)NCCc2c(C)[nH]c3c(Cl)cccc23)cc1,0
ZINC01086626,DUD_vegfr2_D_655,CCOc1ccccc1C(=O)NC(=O)C[C@@H]1Sc2ccccc2NC1=O,0
ZINC01086627,DUD_vegfr2_D_656,CCOc1ccccc1C(=O)NC(=O)C[C@H]1Sc2ccccc2NC1=O,0
ZINC01088475,DUD_vegfr2_D_657,Cc1cc(OCC(=O)Nc2cccc(NC(=O)c3ccco3)c2)cc(C)c1Cl,0
ZINC01088554,DUD_vegfr2_D_658,CN(C)c1ccc([C@H](Nc2nccs2)c2ccc3cccnc3c2O)cc1,0
ZINC01088555,DUD_vegfr2_D_659,CN(C)c1ccc([C@@H](Nc2nccs2)c2ccc3cccnc3c2O)cc1,0
ZINC01089482,DUD_vegfr2_D_660,COCc1cc(C)nc2sc(-c3ccc([N+](=O)[O-])cc3)c(NC(=O)c3ccco3)c12,0
ZINC01090886,DUD_vegfr2_D_661,COc1ccc(C(=O)NN2C(=O)CS[C@@H]2c2c[nH]c3ccccc23)cc1,0
ZINC01090887,DUD_vegfr2_D_662,COc1ccc(C(=O)NN2C(=O)CS[C@H]2c2c[nH]c3ccccc23)cc1,0
ZINC01090888,DUD_vegfr2_D_663,O=C(COc1ccccc1)NN1C(=O)CS[C@H]1c1c[nH]c2ccccc12,0
ZINC01090892,DUD_vegfr2_D_664,Cc1ccc(OCC(=O)NN2C(=O)CS[C@H]2c2c[nH]c3ccccc23)cc1,0
ZINC01090893,DUD_vegfr2_D_665,Cc1ccc(OCC(=O)NN2C(=O)CS[C@@H]2c2c[nH]c3ccccc23)cc1,0
ZINC01095089,DUD_vegfr2_D_666,O=C(N/N=C/c1ccccn1)C1CCN(C(=O)c2ccc(F)cc2)CC1,0
ZINC01095414,DUD_vegfr2_D_667,CCCN(Cc1ccccc1)C(=S)Nc1ccc2ncnc(O)c2c1,0
ZINC01098104,DUD_vegfr2_D_668,CC(=O)c1cccc(NC(=O)CSc2cc(C)c3ccccc3n2)c1,0
ZINC01099524,DUD_vegfr2_D_669,Cc1ccc(NC(=S)[C@@H](C#N)c2nnc(Cc3ccccc3)[nH]2)cc1,0
ZINC01099525,DUD_vegfr2_D_670,Cc1ccc(NC(=S)[C@H](C#N)c2nnc(Cc3ccccc3)[nH]2)cc1,0
ZINC01102351,DUD_vegfr2_D_671,O=C(NC1(C(=O)Nc2ccc(Br)cc2)CCCCC1)c1ccc(O)cc1,0
ZINC01104457,DUD_vegfr2_D_672,O=C(Nc1sc2c(c1C(=O)Nc1ccccc1)CCC2)c1cccnc1,0
ZINC01104461,DUD_vegfr2_D_673,Cc1ccccc1NC(=O)c1c(NC(=O)c2ccncc2)sc2c1CCC2,0
ZINC01107092,DUD_vegfr2_D_674,O=C(COc1ccccc1C(=O)Nc1nccs1)c1ccc2c(c1)CCCC2,0
ZINC01107389,DUD_vegfr2_D_675,COc1ccc(CNC2=NC(=O)C[C@@H](C(=O)Nc3ccc(F)cc3)S2)cc1,0
ZINC01107390,DUD_vegfr2_D_676,COc1ccc(CNC2=NC(=O)C[C@@H](C(=O)Nc3ccc(F)cc3)S2)cc1,0
ZINC01107643,DUD_vegfr2_D_677,COc1cc(OC)cc(-c2nnc(SCC(=O)Nc3ccccc3)[nH]2)c1,0
ZINC01108515,DUD_vegfr2_D_678,CCn1c(SCC(=O)Nc2nc3ccccc3s2)nnc1-c1ccccc1C,0
ZINC01109951,DUD_vegfr2_D_679,Cn1c(=O)c2c(nc(NCc3cccnc3)n2Cc2c(F)cccc2Cl)n(C)c1=O,0
ZINC01110236,DUD_vegfr2_D_680,COC(=O)c1cc(NC(=O)Cn2c(C)c(C=O)c3ccccc32)ccc1Cl,0
ZINC01111800,DUD_vegfr2_D_681,CCOc1ccc2nc(NC(=O)CSc3nc4ccccc4[nH]3)sc2c1,0
ZINC01111800,DUD_vegfr2_D_682,CCOc1ccc2nc(NC(=O)CSc3[nH]c4ccccc4[nH+]3)sc2c1,0
ZINC01113129,DUD_vegfr2_D_683,O=C(COc1ccccc1[N+](=O)[O-])NC(=S)Nc1ccccc1N1CCOCC1,0
ZINC01114130,DUD_vegfr2_D_684,COc1ccc(-c2cc(C(=O)Nc3nccs3)c3ccccc3n2)c(OC)c1,0
ZINC01114387,DUD_vegfr2_D_685,Cc1c(Cl)cccc1NC(=O)CN(C)S(=O)(=O)c1ccc2ccccc2c1,0
ZINC01115810,DUD_vegfr2_D_686,Cc1ccc(SCC(=O)Nc2cccc(NC(=O)c3ccco3)c2)cc1,0
ZINC01115889,DUD_vegfr2_D_687,Cc1ccc(NC(=O)c2cc(S(=O)(=O)Nc3ccc(C)cc3)cs2)cc1,0
ZINC01115906,DUD_vegfr2_D_688,COc1ccccc1CC(=O)Nc1ccc(NC(=O)c2cccs2)cc1,0
ZINC01117746,DUD_vegfr2_D_689,COc1cc(OC)c(C(=O)NNC(=S)Nc2cccc3ccccc23)cc1OC,0
ZINC01120339,DUD_vegfr2_D_690,Cc1cc(C)cc(C(=O)Nc2ccc(NC(=O)c3cccs3)cc2)c1,0
ZINC01120404,DUD_vegfr2_D_691,O=C(NNC(=S)NC[C@H]1CCCO1)C1c2ccccc2Oc2ccccc21,0
ZINC01120405,DUD_vegfr2_D_692,O=C(NNC(=S)NC[C@@H]1CCCO1)C1c2ccccc2Oc2ccccc21,0
ZINC01120739,DUD_vegfr2_D_693,CC(C)[C@@H](NC(=O)c1cccs1)C(=O)Nc1nc2ccccc2s1,0
ZINC01120740,DUD_vegfr2_D_694,CC(C)[C@H](NC(=O)c1cccs1)C(=O)Nc1nc2ccccc2s1,0
ZINC01121201,DUD_vegfr2_D_695,CC(C)C(=O)Nc1ccc(NC(=S)NC(=O)/C=C\c2ccco2)cc1,0
ZINC01121202,DUD_vegfr2_D_696,CC(C)C(=O)Nc1ccc(NC(=S)NC(=O)/C=C\c2ccco2)cc1,0
ZINC01121395,DUD_vegfr2_D_697,CC(C)C(=O)Nc1ccc(NC(=O)c2cccc3c(Br)cccc23)cc1,0
ZINC01122336,DUD_vegfr2_D_698,COc1cc(NC(=O)c2cccs2)ccc1NC(=O)Cc1ccccc1,0
ZINC01123136,DUD_vegfr2_D_699,CCOC(=O)c1ccc(NC(=O)[C@@H](C)Sc2nc3ccccc3[nH]2)cc1,0
ZINC01123136,DUD_vegfr2_D_700,CCOC(=O)c1ccc(NC(=O)[C@H](C)Sc2[nH]c3ccccc3[nH+]2)cc1,0
ZINC01123138,DUD_vegfr2_D_701,CCOC(=O)c1ccc(NC(=O)[C@@H](C)Sc2nc3ccccc3[nH]2)cc1,0
ZINC01123138,DUD_vegfr2_D_702,CCOC(=O)c1ccc(NC(=O)[C@@H](C)Sc2[nH]c3ccccc3[nH+]2)cc1,0
ZINC01123600,DUD_vegfr2_D_703,COc1ccc(N2C(=O)C[C@@H](SCCc3nc4ccccc4[nH]3)C2=O)cc1,0
ZINC01123600,DUD_vegfr2_D_704,COc1ccc(N2C(=O)C[C@H](SCCc3[nH]c4ccccc4[nH+]3)C2=O)cc1,0
ZINC01123601,DUD_vegfr2_D_705,COc1ccc(N2C(=O)C[C@H](SCCc3nc4ccccc4[nH]3)C2=O)cc1,0
ZINC01123601,DUD_vegfr2_D_706,COc1ccc(N2C(=O)C[C@@H](SCCc3[nH]c4ccccc4[nH+]3)C2=O)cc1,0
ZINC01123742,DUD_vegfr2_D_707,O=C(NC[C@H]1CCCO1)c1cccc(NC(=O)c2ccc(Cl)cc2)c1,0
ZINC01123744,DUD_vegfr2_D_708,O=C(NC[C@@H]1CCCO1)c1cccc(NC(=O)c2ccc(Cl)cc2)c1,0
ZINC01124113,DUD_vegfr2_D_709,CC(=O)Nc1ccccc1NC(=O)COc1ccc2ccccc2c1Br,0
ZINC01125894,DUD_vegfr2_D_710,CCC(=O)NC(=S)Nc1ccc(NC(=O)c2ccc(OC)cc2)cc1,0
ZINC01126999,DUD_vegfr2_D_711,N#CC1=C(N)Oc2cc3c(cc2[C@@H]1c1ccccc1OCc1ccccc1F)OCO3,0
ZINC01127559,DUD_vegfr2_D_712,CCOC(=O)c1cc(NC(=O)Cn2cc(C=O)c3ccccc32)ccc1Cl,0
ZINC01128125,DUD_vegfr2_D_713,O=C(CCc1ccccc1)Nc1nnc(Cc2c[nH]c3ccccc23)s1,0
ZINC01129826,DUD_vegfr2_D_714,O=C1NC(=O)N(Cc2ccccc2Cl)C(=O)/C1=C/N1CCc2ccccc2C1,0
ZINC01130586,DUD_vegfr2_D_715,COc1ccc2nc(NC(=O)CSc3cccc4cccnc34)sc2c1,0
ZINC01130928,DUD_vegfr2_D_716,Cc1ccc2nc(SCC(=O)Nc3nc4c(C)cccc4s3)[nH]c2c1,0
ZINC01130928,DUD_vegfr2_D_717,Cc1ccc2[nH]c(SCC(=O)Nc3nc4c(C)cccc4s3)[nH+]c2c1,0
ZINC01131779,DUD_vegfr2_D_718,CC1=C(C(N)=O)[C@@H](c2cccs2)n2nc(SCc3ccccc3)nc2N1,0
ZINC01131781,DUD_vegfr2_D_719,CC1=C(C(N)=O)[C@H](c2cccs2)n2nc(SCc3ccccc3)nc2N1,0
ZINC01132618,DUD_vegfr2_D_720,CCc1cccc(C)c1NC(=O)CSc1nnc(-c2ccccc2)o1,0
ZINC01133461,DUD_vegfr2_D_721,CCC(=O)NC(=S)Nc1ccc(NC(=O)COc2ccccc2)cc1,0
ZINC01136458,DUD_vegfr2_D_722,Cc1ccc(S(=O)(=O)Cc2ccc(C(=O)Nc3ccc(F)cc3)cc2)cc1,0
ZINC01138992,DUD_vegfr2_D_723,CCc1nnc(NC(=O)c2cc(-c3cccc(OC)c3)nc3ccccc23)s1,0
ZINC01140627,DUD_vegfr2_D_724,CCC(=O)Nc1ccc(Cl)c(NC(=O)COc2cccc3ccccc23)c1,0
ZINC01142249,DUD_vegfr2_D_725,Cn1c(SCC(=O)c2ccc3ccccc3c2)nnc1-c1ccc(N)cc1,0
ZINC01142257,DUD_vegfr2_D_726,NC(=O)c1c(NC(=O)c2ccc(-c3ccccc3)cc2)sc2c1CCC2,0
ZINC01142317,DUD_vegfr2_D_727,CC(=O)Nc1nc(-c2ccccc2)nc2sc(C(=O)c3ccccc3)c(C)c12,0
ZINC01144059,DUD_vegfr2_D_728,Cc1ccc(C(=O)Nc2cccc(NC(=O)c3cccs3)c2)cc1C,0
ZINC01145175,DUD_vegfr2_D_729,N#CC1=C(N)OC2=C(C(=O)CCC2)[C@H]1c1ccc(OCc2ccccc2F)cc1,0
ZINC01145246,DUD_vegfr2_D_730,COC(=O)c1c(C)oc2c1cc(NS(=O)(=O)c1ccc(F)cc1)c1ccccc12,0
ZINC01145506,DUD_vegfr2_D_731,O=S(=O)(N[C@@H]1CCCC[C@H]1Nc1ccccc1)c1ccc(Cl)cc1,0
ZINC01145511,DUD_vegfr2_D_732,O=S(=O)(N[C@H]1CCCC[C@@H]1Nc1ccccc1)c1ccc(Cl)cc1,0
ZINC01146878,DUD_vegfr2_D_733,O=S(=O)(Nc1ccc(CSc2ccccc2)cc1)c1ccc2c(c1)OCCO2,0
ZINC01148046,DUD_vegfr2_D_734,CC(C)C(=O)Nc1cccc(NC(=S)NC(=O)/C=C/c2ccco2)c1,0
ZINC01148531,DUD_vegfr2_D_735,CCOc1ccccc1N1C(=O)C[C@H](Sc2nnc(-c3ccccc3)[nH]2)C1=O,0
ZINC01148533,DUD_vegfr2_D_736,CCOc1ccccc1N1C(=O)C[C@@H](Sc2nnc(-c3ccccc3)[nH]2)C1=O,0
ZINC01148991,DUD_vegfr2_D_737,O=C(CSc1nc(-c2ccccc2)cc(=O)[nH]1)N1CCCc2ccccc21,0
ZINC01151433,DUD_vegfr2_D_738,Cc1cc(OCC(=O)Nc2ccc(NC(=O)c3ccco3)cc2)cc(C)c1Cl,0
ZINC01151652,DUD_vegfr2_D_739,CCOc1ccc(NC(=O)CSc2nc(-c3ccccc3)cc(=O)[nH]2)cc1,0
ZINC01151652,DUD_vegfr2_D_740,CCOc1ccc(NC(=O)CSc2nc(O)cc(-c3ccccc3)n2)cc1,0
ZINC01151652,DUD_vegfr2_D_741,CCOc1ccc(NC(=O)CSc2nc(=O)cc(-c3ccccc3)[nH]2)cc1,0
ZINC01152016,DUD_vegfr2_D_742,Cc1ccc(C)c(NC(=O)CSc2nc(O)cc(-c3ccccc3)n2)c1,0
ZINC01152231,DUD_vegfr2_D_743,Cc1ccc(NC(=O)CSc2nc(O)cc(-c3ccccc3)n2)c(C)c1,0
ZINC01152411,DUD_vegfr2_D_744,Cc1cccc(NC(=O)c2ccc(F)c(S(=O)(=O)Nc3cccc(C)c3)c2)c1,0
ZINC01153552,DUD_vegfr2_D_745,COc1ccc(-c2nc(Nc3nc4ccccc4s3)nc(C)c2C#N)cc1,0
ZINC01153627,DUD_vegfr2_D_746,Cc1sc(NC(=O)/C=C\c2cccc3ccccc23)c(C(N)=O)c1C,0
ZINC01154513,DUD_vegfr2_D_747,CN(C)c1ccc(/C=C\C=C2/C(=O)NC(=O)N(c3ccc(F)cc3)C2=O)cc1,0
ZINC01156937,DUD_vegfr2_D_748,O=C(/C=C\c1cccc(N2C(=O)[C@H]3[C@H]4C=C[C@@H](C4)[C@H]3C2=O)c1)Nc1nccs1,0
ZINC01161864,DUD_vegfr2_D_749,O=C(NC[C@@H]1CCCO1)c1cccc(NC(=O)c2cccc(Cl)c2)c1,0
ZINC01162682,DUD_vegfr2_D_750,COc1ccc(C(=O)Oc2cccc(NC(=O)c3cccs3)c2)cc1OC,0
ZINC01163515,DUD_vegfr2_D_751,CC(C)CNC(=O)c1ccc(NC(=O)c2ccccc2I)cc1,0
ZINC01168265,DUD_vegfr2_D_752,COc1cc(C=C2C(=O)NC(=O)NC2=O)cc(Cl)c1OCc1cccc2ccccc12,0
ZINC01172309,DUD_vegfr2_D_753,Cc1ccc(N(CC(=O)Nc2ccc(F)cc2)S(=O)(=O)c2ccc(C)cc2)cc1,0
ZINC01172818,DUD_vegfr2_D_754,COc1ccccc1NC(=O)[C@H]1CC(=O)N=C(Nc2ccc(C)cc2)S1,0
ZINC01172819,DUD_vegfr2_D_755,COc1ccccc1NC(=O)[C@H]1CC(=O)N=C(Nc2ccc(C)cc2)S1,0
ZINC01172904,DUD_vegfr2_D_756,Cc1ccc(NC2=NC(=O)C[C@@H](C(=O)Nc3ccccc3)S2)cc1C,0
ZINC01172905,DUD_vegfr2_D_757,Cc1ccc(NC2=NC(=O)C[C@H](C(=O)Nc3ccccc3)S2)cc1C,0
ZINC01173832,DUD_vegfr2_D_758,COc1ccc(-c2csc(NC(=O)[C@H](OC(C)=O)c3ccccc3)n2)cc1,0
ZINC01173833,DUD_vegfr2_D_759,COc1ccc(-c2csc(NC(=O)[C@@H](OC(C)=O)c3ccccc3)n2)cc1,0
ZINC01174894,DUD_vegfr2_D_760,Cc1ccc(OCC(=O)Nc2ccc(C(=O)Nc3nccs3)cc2)cc1C,0
ZINC01175406,DUD_vegfr2_D_761,CCC(=O)Nc1ccc(NC(=S)NC(=O)c2cc3ccccc3o2)cc1,0
ZINC01175721,DUD_vegfr2_D_762,CCC(=O)Nc1cccc(NC(=S)NC(=O)c2cc3ccccc3o2)c1,0
ZINC01176107,DUD_vegfr2_D_763,CCOC(=O)c1ccc(NC(=S)NCc2ccc3c(c2)OCO3)cc1,0
ZINC01180183,DUD_vegfr2_D_764,Cc1ccc(C(=O)Nc2ccc(NC(=O)c3cccs3)cc2)cc1C,0
ZINC01180518,DUD_vegfr2_D_765,CC(=O)Nc1ccc(NC(=S)NC(=O)COc2ccc(C)cc2)cc1,0
ZINC01184848,DUD_vegfr2_D_766,CCOc1cccc2cc(-c3nnc(NCc4ccccc4)s3)c(=O)oc12,0
ZINC01185829,DUD_vegfr2_D_767,CCOc1cccc(C(=O)Nc2ccc(NC(=O)c3ccco3)c(Cl)c2)c1,0
ZINC01185836,DUD_vegfr2_D_768,COc1cc(OC)cc(C(=O)Nc2ccc(NC(=O)c3cccs3)cc2)c1,0
ZINC01186750,DUD_vegfr2_D_769,COc1ccc(NC(=O)[C@@H]2CC(=O)N=C(Nc3ccc(C)cc3)S2)cc1,0
ZINC01188443,DUD_vegfr2_D_770,COc1ccc(NC(=O)c2c(NC(=O)c3cccnc3)sc3c2CCC3)cc1,0
ZINC01188689,DUD_vegfr2_D_771,COc1ccccc1NC(=O)c1c(NC(=O)c2cccnc2)sc2c1CCC2,0
ZINC01189803,DUD_vegfr2_D_772,CC(=O)Nc1ccc(/C=N\NC(=O)c2sc3ccccc3c2Cl)cc1,0
ZINC01190152,DUD_vegfr2_D_773,COc1ccc(/C=N/NC(=O)c2cc(-c3ccc(Cl)cc3)n[nH]2)cc1,0
ZINC01190152,DUD_vegfr2_D_774,COc1ccc(/C=N/NC(=O)c2cc(-c3ccc(Cl)cc3)[nH]n2)cc1,0
ZINC01190154,DUD_vegfr2_D_775,COc1ccc(/C=N\NC(=O)c2cc(-c3ccc(Cl)cc3)n[nH]2)cc1,0
ZINC01190154,DUD_vegfr2_D_776,COc1ccc(/C=N\NC(=O)c2cc(-c3ccc(Cl)cc3)[nH]n2)cc1,0
ZINC01192507,DUD_vegfr2_D_777,COc1cc(NC(=O)c2cccs2)c(OC)cc1NC(=O)c1cccs1,0
ZINC01192800,DUD_vegfr2_D_778,COc1ccc(-c2n[nH]cc2/C=N\NC(=O)c2ccc(Br)cc2)c(OC)c1,0
ZINC01192800,DUD_vegfr2_D_779,COc1ccc(-c2[nH]ncc2/C=N\NC(=O)c2ccc(Br)cc2)c(OC)c1,0
ZINC01194472,DUD_vegfr2_D_780,NC(=O)c1c(NC(=O)c2cccc(Oc3ccccc3)c2)sc2c1CCCC2,0
ZINC01196456,DUD_vegfr2_D_781,Cc1ccccc1NC(=O)c1ccc(C)c(S(=O)(=O)Nc2cccc(F)c2)c1,0
ZINC01196750,DUD_vegfr2_D_782,O=C(Nc1ccc(Cl)cc1)c1cccc(S(=O)(=O)NC2CCCCC2)c1,0
ZINC01196857,DUD_vegfr2_D_783,Cc1ccccc1NC(=O)c1ccc(C)c(S(=O)(=O)Nc2ccc(F)cc2)c1,0
ZINC01200403,DUD_vegfr2_D_784,Cc1sc(NC(=O)C2c3ccccc3Oc3ccccc32)c(C(N)=O)c1C,0
ZINC01204186,DUD_vegfr2_D_785,CCC(=O)Nc1ccc(NC(=O)c2cccc3c(Br)cccc23)cc1,0
ZINC01208255,DUD_vegfr2_D_786,COc1cc(Cl)cc(/C=N\NC(=O)[C@H]2COc3cc4ccccc4cc3O2)c1O,0
ZINC01208258,DUD_vegfr2_D_787,COc1cc(Cl)cc(/C=N/NC(=O)[C@H]2COc3cc4ccccc4cc3O2)c1O,0
ZINC01208558,DUD_vegfr2_D_788,CCOc1ccc(C(=O)Nc2cccc(NC(=O)c3ccco3)c2)cc1Cl,0
ZINC01209383,DUD_vegfr2_D_789,CC1CCN(S(=O)(=O)c2ccc(NC(=S)Nc3ccccc3)cc2)CC1,0
ZINC01209811,DUD_vegfr2_D_790,Cc1ccc(C(=O)Nc2ccc(NC(=O)c3ccco3)c(Cl)c2)cc1C,0
ZINC01211758,DUD_vegfr2_D_791,O=C(N/N=C/c1ccccc1O)[C@@H]1CC(=O)N(c2ccc(Br)cc2)C1,0
ZINC01212023,DUD_vegfr2_D_792,O=C(N/N=C\c1ccccc1O)[C@H]1CC(=O)N(c2ccc(Cl)cc2)C1,0
ZINC01212952,DUD_vegfr2_D_793,CC(C)NC(=O)c1cnn(-c2ccccc2)c1NC(=O)c1ccccc1Cl,0
ZINC01216797,DUD_vegfr2_D_794,Cc1cc(NC(=O)Cc2cccs2)ccc1NC(=O)c1cccs1,0
ZINC01216866,DUD_vegfr2_D_795,Cc1cc(NC(=O)c2ccccc2C)ccc1NC(=O)c1cccs1,0
ZINC01219313,DUD_vegfr2_D_796,Cc1ccc(N(CC(=O)Nc2ccc3ccccc3c2)S(C)(=O)=O)cc1Cl,0
ZINC01221477,DUD_vegfr2_D_797,Cc1ccc(OCc2nnc(SCc3cc(=O)[nH]c4ccccc34)o2)cc1,0
ZINC01223969,DUD_vegfr2_D_798,Cc1cccc(C)c1NC(=O)[C@@H](C)Sc1nnc2c(n1)[nH]c1ccc(F)cc12,0
ZINC01224354,DUD_vegfr2_D_799,Cc1ccc(NC(=O)[C@@H](C)Sc2nnc(-c3ccc(O)cc3)o2)cc1,0
ZINC01224437,DUD_vegfr2_D_800,Cc1cccc(C)c1NC(=O)[C@H](C)Sc1nnc(-c2ccc(O)cc2)o1,0
ZINC01228118,DUD_vegfr2_D_801,Cc1ccc(NCC(=O)N/N=C\c2cc3ccccc3nc2Cl)cc1,0
ZINC01240351,DUD_vegfr2_D_802,COc1ccccc1N1C(=O)C[C@H](NNC(=O)c2ccccc2Br)C1=O,0
ZINC01243388,DUD_vegfr2_D_803,Cc1nn(-c2ccccc2)c(Cl)c1/C=N/NC(=O)[C@H](O)c1ccccc1,0
ZINC01243390,DUD_vegfr2_D_804,Cc1nn(-c2ccccc2)c(Cl)c1/C=N\NC(=O)[C@@H](O)c1ccccc1,0
ZINC01245651,DUD_vegfr2_D_805,CCOc1ccccc1N1C(=O)C[C@@H](Sc2nc(-c3ccccc3)n[nH]2)C1=O,0
ZINC01245652,DUD_vegfr2_D_806,CCOc1ccccc1N1C(=O)C[C@H](Sc2nc(-c3ccccc3)n[nH]2)C1=O,0
ZINC01247695,DUD_vegfr2_D_807,COc1ccc(/C=N/NC(=O)c2cc(-c3ccc(F)cc3)n[nH]2)cc1OC,0
ZINC01249196,DUD_vegfr2_D_808,C=CCc1cccc(/C=N\n2c(-c3ccc(C)cc3)n[nH]c2=S)c1O,0
ZINC01260444,DUD_vegfr2_D_809,CC(C)(C)c1ccc(-c2n[nH]c(=S)n2/N=C\c2ccccc2O)cc1,0
ZINC01262959,DUD_vegfr2_D_810,COc1ccccc1[C@@H]1C(C#N)=C(N)Oc2cc(C)n(Cc3cccs3)c(=O)c21,0
ZINC01262960,DUD_vegfr2_D_811,COc1ccccc1[C@@H]1C(C#N)=C(N)Oc2cc(C)n(Cc3cccs3)c(=O)c21,0
ZINC01265041,DUD_vegfr2_D_812,Cc1n[nH]c(SCC(=O)Nc2ccc(Oc3ccccc3)cc2)n1,0
ZINC01265654,DUD_vegfr2_D_813,C[C@H](Nc1nc2c(c(=O)[nH]c(=O)n2C)n1Cc1ccccc1)c1ccccc1,0
ZINC01269879,DUD_vegfr2_D_814,C=CCc1cccc(/C=N/n2c(-c3cccc(C)c3)n[nH]c2=S)c1O,0
ZINC01273147,DUD_vegfr2_D_815,COc1ccc(OC)c(/C=N/n2c(S)nnc2-c2cc(-c3ccccc3)[nH]n2)c1,0
ZINC01273147,DUD_vegfr2_D_816,COc1ccc(OC)c(/C=N/n2c(S)nnc2-c2cc(-c3ccccc3)n[nH]2)c1,0
ZINC01282190,DUD_vegfr2_D_817,CCc1cccc(C)c1NC(=O)CSc1nnc(-c2ccccc2)c(=O)[nH]1,0
ZINC01282190,DUD_vegfr2_D_818,CCc1cccc(C)c1NC(=O)CSc1nnc(-c2ccccc2)c(O)n1,0
ZINC01282190,DUD_vegfr2_D_819,CCc1cccc(C)c1NC(=O)CSc1nnc(-c2ccccc2)c(O)n1,0
ZINC01282192,DUD_vegfr2_D_820,CC(C)c1ccccc1NC(=O)CSc1nnc(-c2ccccc2)c(=O)[nH]1,0
ZINC01282192,DUD_vegfr2_D_821,CC(C)c1ccccc1NC(=O)CSc1nnc(-c2ccccc2)c(O)n1,0
ZINC01282192,DUD_vegfr2_D_822,CC(C)c1ccccc1NC(=O)CSc1nnc(-c2ccccc2)c(O)n1,0
ZINC01282194,DUD_vegfr2_D_823,CCc1ccccc1NC(=O)CSc1nnc(-c2ccccc2)c(=O)[nH]1,0
ZINC01282194,DUD_vegfr2_D_824,CCc1ccccc1NC(=O)CSc1nnc(-c2ccccc2)c(O)n1,0
ZINC01282194,DUD_vegfr2_D_825,CCc1ccccc1NC(=O)CSc1nnc(-c2ccccc2)c(O)n1,0
ZINC01287037,DUD_vegfr2_D_826,Cc1ccc(SCC(=O)Nc2cc(=O)[nH]c(=O)n2Cc2ccccc2)cc1,0
ZINC01290218,DUD_vegfr2_D_827,C[C@@H](OC(=O)[C@@H](C)N1C(=O)c2ccccc2C1=O)C(=O)Nc1ccc(F)cc1,0
ZINC01294960,DUD_vegfr2_D_828,Cc1ccc(/N=C2/NC(=O)C[C@@H](C(=O)Nc3cccc4ccccc34)S2)cc1,0
ZINC01299353,DUD_vegfr2_D_829,CN(C)c1ccc(/C=N/NC(=O)CSc2nc3ccccc3[nH]2)cc1,0
ZINC01299353,DUD_vegfr2_D_830,CN(C)c1ccc(/C=N/NC(=O)CSc2[nH]c3ccccc3[nH+]2)cc1,0
ZINC01299354,DUD_vegfr2_D_831,CN(C)c1ccc(/C=N\NC(=O)CSc2nc3ccccc3[nH]2)cc1,0
ZINC01299354,DUD_vegfr2_D_832,CN(C)c1ccc(/C=N\NC(=O)CSc2[nH]c3ccccc3[nH+]2)cc1,0
ZINC01301130,DUD_vegfr2_D_833,COc1ccc2c(c1)-c1c(ss/c1=N\NC(=O)c1ccncc1)C(C)(C)N2,0
ZINC01315428,DUD_vegfr2_D_834,Cc1ccccc1Cn1c(NCc2ccccc2Cl)nc2c1c(=O)[nH]c(=O)n2C,0
ZINC01320997,DUD_vegfr2_D_835,COc1ccc(NC(=O)Cn2nnc3sc(-c4ccccc4)cc3c2=O)cc1,0
ZINC01329966,DUD_vegfr2_D_836,Cc1ccc(C(=O)Nc2cc(NC(=O)c3cccs3)ccc2C)cc1,0
ZINC01329968,DUD_vegfr2_D_837,Cc1ccc(NC(=O)c2cccs2)cc1NC(=O)c1ccccc1C,0
ZINC01329981,DUD_vegfr2_D_838,COc1ccc(C(=O)Nc2cc(NC(=O)c3cccs3)ccc2C)cc1,0
ZINC01330008,DUD_vegfr2_D_839,Cc1cccc(C(=O)Nc2cc(NC(=O)c3cccs3)ccc2C)c1,0
ZINC01330030,DUD_vegfr2_D_840,COc1ccccc1C(=O)Nc1cc(NC(=O)c2cccs2)ccc1C,0
ZINC01330033,DUD_vegfr2_D_841,COc1cccc(C(=O)Nc2cc(NC(=O)c3cccs3)ccc2C)c1,0
ZINC01330056,DUD_vegfr2_D_842,COc1cccc(C(=O)Nc2cc(NC(=O)c3cccs3)ccc2C)c1OC,0
ZINC01330057,DUD_vegfr2_D_843,COc1cc(OC)cc(C(=O)Nc2cc(NC(=O)c3cccs3)ccc2C)c1,0
ZINC01331319,DUD_vegfr2_D_844,Cc1nc(N)n2c(SCc3ccccc3)nnc2c1Cc1ccccc1,0
ZINC01331325,DUD_vegfr2_D_845,COc1ccc(CSc2nnc3c(Cc4ccccc4)c(C)nc(N)n23)cc1,0
ZINC01331509,DUD_vegfr2_D_846,Cc1nc(N)n2c(SCC(=O)c3ccccc3F)nnc2c1Cc1ccccc1,0
ZINC01332561,DUD_vegfr2_D_847,CCc1nc(SCC(=O)Nc2cccc(O)c2)c2ccccc2n1,0
ZINC01332678,DUD_vegfr2_D_848,O=C(CSc1nc(C2CC2)nc2ccccc12)Nc1cccc(O)c1,0
ZINC01332840,DUD_vegfr2_D_849,COc1ccc(OC)c(C(=O)CSc2nnc(-c3c[nH]c4ccccc34)o2)c1,0
ZINC01349171,DUD_vegfr2_D_850,COc1ccccc1CNc1ncnc2c1nnn2Cc1ccc(F)cc1,0
ZINC01350943,DUD_vegfr2_D_851,COC(=O)c1ccc(NC(=S)NC[C@H]2OCCc3ccccc32)cc1,0
ZINC01350961,DUD_vegfr2_D_852,COC(=O)c1ccc(NC(=S)NCc2nc3ccccc3n2C)cc1,0
ZINC01355612,DUD_vegfr2_D_853,CC(C)(C)c1csc(NC(=O)CSc2ncc(-c3ccccc3)[nH]2)n1,0
ZINC01355612,DUD_vegfr2_D_854,CC(C)(C)c1csc(NC(=O)CSc2[nH]c(-c3ccccc3)c[nH+]2)n1,0
ZINC01355619,DUD_vegfr2_D_855,COC(=O)c1cccc(NC(=O)CSc2nc(-c3ccccc3)c[nH]2)c1,0
ZINC01355619,DUD_vegfr2_D_856,COC(=O)c1cccc(NC(=O)CSc2[nH]c(-c3ccccc3)c[nH+]2)c1,0
ZINC01355620,DUD_vegfr2_D_857,CC(=O)c1cccc(NC(=O)CSc2nc(-c3ccccc3)c[nH]2)c1,0
ZINC01355620,DUD_vegfr2_D_858,CC(=O)c1cccc(NC(=O)CSc2[nH]c(-c3ccccc3)c[nH+]2)c1,0
ZINC01362675,DUD_vegfr2_D_859,CCCn1c(SCC(=O)Nc2cccc(F)c2)nnc1-c1ccccn1,0
ZINC01363108,DUD_vegfr2_D_860,O=C(Nc1ccc2nc(C3CC3)n(Cc3ccc(F)cc3)c(=O)c2c1)c1ccco1,0
ZINC01363210,DUD_vegfr2_D_861,COc1cccc(Cn2c(C)nc3ccc(NC(=O)c4cccs4)cc3c2=O)c1,0
ZINC01364495,DUD_vegfr2_D_862,CCn1c(SCC(=O)c2ccc(C)cc2)nnc1-c1ccccc1N,0
ZINC01366461,DUD_vegfr2_D_863,Cc1ccc(C)c2[nH]c(=O)c(CN(Cc3ccco3)C(=O)c3cccs3)cc12,0
ZINC01366553,DUD_vegfr2_D_864,Cc1cc2cc(CN(Cc3ccco3)C(=O)c3cccs3)c(=O)[nH]c2cc1C,0
ZINC01376048,DUD_vegfr2_D_865,COc1ccc(NC(=O)c2sc(NC(=O)c3ccccc3)nc2C)cc1,0
ZINC01376050,DUD_vegfr2_D_866,COc1ccc(NC(=O)c2sc(NC(=O)c3ccccc3C)nc2C)cc1,0
ZINC01376058,DUD_vegfr2_D_867,COc1ccc(NC(=O)c2sc(NC(=O)c3ccc(F)cc3)nc2C)cc1,0
ZINC01376061,DUD_vegfr2_D_868,COc1ccc(NC(=O)c2sc(NC(=O)c3ccccc3F)nc2C)cc1,0
ZINC01376062,DUD_vegfr2_D_869,COc1ccc(NC(=O)c2sc(NC(=O)c3cccc(F)c3)nc2C)cc1,0
ZINC01378892,DUD_vegfr2_D_870,Cc1ccc(C(=O)Nc2nc(C)c(C(=O)Nc3ccccc3)s2)cc1,0
ZINC01378898,DUD_vegfr2_D_871,COc1ccc(C(=O)Nc2nc(C)c(C(=O)Nc3ccccc3)s2)cc1,0
ZINC01378903,DUD_vegfr2_D_872,Cc1cccc(C(=O)Nc2nc(C)c(C(=O)Nc3ccccc3)s2)c1,0
ZINC01378907,DUD_vegfr2_D_873,COc1cccc(C(=O)Nc2nc(C)c(C(=O)Nc3ccccc3)s2)c1,0
ZINC01378909,DUD_vegfr2_D_874,Cc1ccccc1NC(=O)c1sc(NC(=O)c2ccc(Cl)cc2)nc1C,0
ZINC01378911,DUD_vegfr2_D_875,Cc1ccccc1NC(=O)c1sc(NC(=O)c2ccccc2)nc1C,0
ZINC01378912,DUD_vegfr2_D_876,Cc1ccc(C(=O)Nc2nc(C)c(C(=O)Nc3ccccc3C)s2)cc1,0
ZINC01378913,DUD_vegfr2_D_877,Cc1ccccc1NC(=O)c1sc(NC(=O)c2ccccc2C)nc1C,0
ZINC01378916,DUD_vegfr2_D_878,Cc1ccccc1NC(=O)c1sc(NC(=O)/C=C/c2ccccc2)nc1C,0
ZINC01378918,DUD_vegfr2_D_879,Cc1ccccc1NC(=O)c1sc(NC(=O)COc2ccccc2)nc1C,0
ZINC01378919,DUD_vegfr2_D_880,Cc1ccccc1NC(=O)c1sc(NC(=O)c2cccs2)nc1C,0
ZINC01378921,DUD_vegfr2_D_881,Cc1ccccc1NC(=O)c1sc(NC(=O)c2ccc(F)cc2)nc1C,0
ZINC01378925,DUD_vegfr2_D_882,Cc1cccc(C(=O)Nc2nc(C)c(C(=O)Nc3ccccc3C)s2)c1,0
ZINC01378927,DUD_vegfr2_D_883,Cc1ccccc1NC(=O)c1sc(NC(=O)c2ccccc2F)nc1C,0
ZINC01378928,DUD_vegfr2_D_884,Cc1ccccc1NC(=O)c1sc(NC(=O)c2cccc(F)c2)nc1C,0
ZINC01378929,DUD_vegfr2_D_885,COc1cccc(C(=O)Nc2nc(C)c(C(=O)Nc3ccccc3C)s2)c1,0
ZINC01379007,DUD_vegfr2_D_886,Cc1ccc(C(=O)Nc2nc(C)c(C(=O)Nc3ccccc3Cl)s2)cc1,0
ZINC01379008,DUD_vegfr2_D_887,Cc1ccccc1C(=O)Nc1nc(C)c(C(=O)Nc2ccccc2Cl)s1,0
ZINC01379020,DUD_vegfr2_D_888,Cc1cccc(C(=O)Nc2nc(C)c(C(=O)Nc3ccccc3Cl)s2)c1,0
ZINC01379024,DUD_vegfr2_D_889,COc1cccc(C(=O)Nc2nc(C)c(C(=O)Nc3ccccc3Cl)s2)c1,0
ZINC01379029,DUD_vegfr2_D_890,COc1cccc(NC(=O)c2sc(NC(=O)c3ccccc3)nc2C)c1,0
ZINC01379038,DUD_vegfr2_D_891,COc1cccc(NC(=O)c2sc(NC(=O)c3ccc(F)cc3)nc2C)c1,0
ZINC01379042,DUD_vegfr2_D_892,COc1cccc(NC(=O)c2sc(NC(=O)c3ccccc3F)nc2C)c1,0
ZINC01379043,DUD_vegfr2_D_893,COc1cccc(NC(=O)c2sc(NC(=O)c3cccc(F)c3)nc2C)c1,0
ZINC01379066,DUD_vegfr2_D_894,Cc1ccc(C(=O)Nc2nc(C)c(C(=O)NCc3ccccc3)s2)cc1,0
ZINC01379067,DUD_vegfr2_D_895,Cc1ccccc1C(=O)Nc1nc(C)c(C(=O)NCc2ccccc2)s1,0
ZINC01379073,DUD_vegfr2_D_896,Cc1nc(NC(=O)c2cccs2)sc1C(=O)NCc1ccccc1,0
ZINC01379075,DUD_vegfr2_D_897,Cc1nc(NC(=O)c2ccc(F)cc2)sc1C(=O)NCc1ccccc1,0
ZINC01379078,DUD_vegfr2_D_898,Cc1nc(NC(=O)c2ccccc2F)sc1C(=O)NCc1ccccc1,0
ZINC01379079,DUD_vegfr2_D_899,Cc1nc(NC(=O)c2cccc(F)c2)sc1C(=O)NCc1ccccc1,0
ZINC01379082,DUD_vegfr2_D_900,Cc1nc(NC(=O)c2ccccc2)sc1C(=O)Nc1ccc2c(c1)CCC2,0
ZINC01379091,DUD_vegfr2_D_901,Cc1nc(NC(=O)c2cccs2)sc1C(=O)Nc1ccc2c(c1)CCC2,0
ZINC01384063,DUD_vegfr2_D_902,O=C(N/N=C/c1ccc(Cl)cc1)C1CCN(S(=O)(=O)c2ccccc2)CC1,0
ZINC01403810,DUD_vegfr2_D_903,O=C(NN=C1CCN(S(=O)(=O)c2ccccc2)CC1)c1ccc(Cl)cc1,0
ZINC01405781,DUD_vegfr2_D_904,COc1ccc(NC(=O)c2ccccc2Sc2ccc(NC(C)=O)nc2)cc1,0
ZINC01408768,DUD_vegfr2_D_905,Cc1ccc(C(=O)Nc2nc(Nc3cccc(Cl)c3)nn(C)c2=O)cc1,0
ZINC01411754,DUD_vegfr2_D_906,COc1cc(NC(=O)c2ccc(C)cc2Cl)ccc1NC(=O)c1ccco1,0
ZINC01414975,DUD_vegfr2_D_907,CCOc1ccc(-c2csc(NNS(=O)(=O)c3ccc(C)cc3)n2)cc1,0
ZINC01415045,DUD_vegfr2_D_908,CCOc1ccc(-c2csc(NNC(=O)c3ccc(OC)cc3)n2)cc1,0
ZINC01415068,DUD_vegfr2_D_909,COc1ccc(-c2csc(NNC(=O)c3ccc(C)cc3)n2)cc1,0
ZINC01415152,DUD_vegfr2_D_910,COc1ccc(NC(=O)Cc2nc(-c3ccc(O)cc3)cs2)cc1,0
ZINC01418481,DUD_vegfr2_D_911,COc1ccc(-c2nnc(NC(=O)c3cccc4ccccc34)s2)cc1OC,0
ZINC01421514,DUD_vegfr2_D_912,COc1ccc(N2C[C@H](C(=O)N/N=C\c3ccc(Cl)cc3)CC2=O)cc1,0
ZINC01421673,DUD_vegfr2_D_913,CC(C)(C)C(=O)Nc1ccc(C(=O)N/N=C\c2ccc(Cl)cc2)cc1,0
ZINC01424106,DUD_vegfr2_D_914,Cc1ccc(OCC(=O)N/N=C\c2c[nH]nc2-c2ccccc2)cc1C,0
ZINC01424106,DUD_vegfr2_D_915,Cc1ccc(OCC(=O)N/N=C\c2cn[nH]c2-c2ccccc2)cc1C,0
ZINC01425147,DUD_vegfr2_D_916,C=CCN1C(=O)N(c2cccc(OC)c2)C(=O)[C@H]1CC(=O)Nc1ccc(F)cc1,0
ZINC01426562,DUD_vegfr2_D_917,COCc1cc(C)nc2sc(-c3ccc([N+](=O)[O-])o3)c(NC(=O)c3ccccc3)c12,0
ZINC01427968,DUD_vegfr2_D_918,Cc1cc(C)c2c(NC(=O)c3ccccc3)c([C@@H](O)c3ccccc3)sc2n1,0
ZINC01427969,DUD_vegfr2_D_919,Cc1cc(C)c2c(NC(=O)c3ccccc3)c([C@@H](O)c3ccccc3)sc2n1,0
ZINC01432376,DUD_vegfr2_D_920,COC(=O)c1[nH]c2cccc(OC)c2c1NC(=O)Cn1c(=O)sc2ccccc21,0
ZINC01435958,DUD_vegfr2_D_921,COC(=O)c1csc(NC(=O)OCC2c3ccccc3-c3ccccc32)n1,0
ZINC01436611,DUD_vegfr2_D_922,COc1cc(Br)cc(/C=N/NC(=O)c2c(-c3ccccc3)noc2C)c1O,0
ZINC01436953,DUD_vegfr2_D_923,O=C(N/N=C\c1ccc(F)cc1)C1CCN(S(=O)(=O)c2ccccc2)CC1,0
ZINC01436954,DUD_vegfr2_D_924,O=C(N/N=C/c1ccc(F)cc1)C1CCN(S(=O)(=O)c2ccccc2)CC1,0
ZINC01438819,DUD_vegfr2_D_925,CC1(C)CC(=O)C=C(Nc2ccc(C(=O)NCc3ccccc3)cc2)C1,0
ZINC01439655,DUD_vegfr2_D_926,CS(=O)(=O)N(CC(=O)Nc1ccc(F)cc1)c1ccc2c3c(cccc13)CC2,0
ZINC01441110,DUD_vegfr2_D_927,Cc1cc(C)cc(NC(=O)CSc2nc(-c3ccccc3)cc(=O)[nH]2)c1,0
ZINC01441110,DUD_vegfr2_D_928,Cc1cc(C)cc(NC(=O)CSc2nc(O)cc(-c3ccccc3)n2)c1,0
ZINC01441110,DUD_vegfr2_D_929,Cc1cc(C)cc(NC(=O)CSc2nc(O)cc(-c3ccccc3)n2)c1,0
ZINC01441523,DUD_vegfr2_D_930,COc1ccc(CC(=O)NN[C@H]2CC(=O)N(c3ccc(F)cc3)C2=O)cc1,0
ZINC01442534,DUD_vegfr2_D_931,CCN1C(=O)[C@@H](CC(=O)Nc2ccccc2)N(Cc2ccccn2)C1=S,0
ZINC01443735,DUD_vegfr2_D_932,O=C(CCc1ccccc1)NN[C@@H]1CC(=O)N(c2ccc(F)cc2)C1=O,0
ZINC01445048,DUD_vegfr2_D_933,O=C(CNc1ccc2ccccc2c1)N/N=C\c1cc2c(cc1Br)OCO2,0
ZINC01445049,DUD_vegfr2_D_934,O=C(CNc1ccc2ccccc2c1)N/N=C/c1cc2c(cc1Br)OCO2,0
ZINC01445403,DUD_vegfr2_D_935,O=C(NC[C@@]12C=C[C@H](O1)[C@@H]1C(=O)N(Cc3ccccc3)C(=O)[C@H]12)c1cccs1,0
ZINC01445507,DUD_vegfr2_D_936,COc1ccc(C(=O)N/N=C/c2ccc(Sc3nc4ccccc4[nH]3)o2)cc1,0
ZINC01445507,DUD_vegfr2_D_937,COc1ccc(C(=O)N/N=C\c2ccc(Sc3[nH]c4ccccc4[nH+]3)o2)cc1,0
ZINC01462271,DUD_vegfr2_D_938,Cc1c(NC(=S)NCc2ccccn2)c(=O)n(-c2ccccc2)n1C,0
ZINC01465461,DUD_vegfr2_D_939,COc1ccc(CC(=O)Nc2sc(-c3ccccc3)cc2C(N)=O)cc1OC,0
ZINC01466020,DUD_vegfr2_D_940,Cc1nc2scc(-c3ccccc3)c2c(=O)n1/N=C\c1ccc(O)cc1O,0
ZINC01468128,DUD_vegfr2_D_941,CCOc1ccccc1NC(=O)CSc1nsc2nc3ccccc3n12,0
ZINC01473181,DUD_vegfr2_D_942,CCOC(=O)c1csc(NC(=O)COc2cccc3ccccc23)n1,0
ZINC01478113,DUD_vegfr2_D_943,COc1ccc(-c2nnc(S)n2/N=C/c2c(O)ccc3ccccc23)cc1,0
ZINC01486458,DUD_vegfr2_D_944,O=C1NC(=O)[C@@H](Cc2ccc(OC[C@@H]3CNc4ccccc4S3)cc2)S1,0
ZINC01486459,DUD_vegfr2_D_945,O=C1NC(=O)[C@H](Cc2ccc(OC[C@H]3CNc4ccccc4O3)cc2)S1,0
ZINC01491191,DUD_vegfr2_D_946,Oc1cccn2c(-c3ccnc(NC4CCCC4)n3)c(-c3ccc(F)cc3)[nH+]c12,0
ZINC01491987,DUD_vegfr2_D_947,COc1ccc(-c2ccccc2)n2nc(NC(=O)c3ccc(C)s3)nc12,0
ZINC01492047,DUD_vegfr2_D_948,CS(=O)(=O)c1ccc(-c2cc(CF)nc(NCc3ccccc3)n2)cc1,0
ZINC01492171,DUD_vegfr2_D_949,Cc1sc(C(=O)NCc2ccc3c(c2)OCO3)cc1NC(=O)Cc1ccccc1,0
ZINC01496654,DUD_vegfr2_D_950,COc1cc(OC)nc(Oc2ccccc2C(=O)NNc2ccccc2Cl)n1,0
ZINC01496657,DUD_vegfr2_D_951,COc1cc(OC)nc(Oc2ccccc2C(=O)NNc2cccc(Cl)c2)n1,0
ZINC01496659,DUD_vegfr2_D_952,COc1cc(OC)nc(Oc2ccccc2C(=O)NNc2ccc(Cl)cc2)n1,0
ZINC01498232,DUD_vegfr2_D_953,CC(C)C(=O)NNc1nc(-c2ccccc2)c2cc(Cl)ccc2n1,0
ZINC01501540,DUD_vegfr2_D_954,COc1ccc(S(=O)(=O)N2CCc3ccc(NC(=O)c4cccs4)cc32)cc1,0
ZINC01501835,DUD_vegfr2_D_955,Cn1c(SCC(=O)NNC2=Nc3ccccc3CC2)nc2ccccc21,0
ZINC01501835,DUD_vegfr2_D_956,Cn1c(SCC(=O)NNC2=Nc3ccccc3CC2)[nH+]c2ccccc21,0
ZINC01505884,DUD_vegfr2_D_957,Cc1ccccc1NC(=O)c1ccc(S(=O)(=O)Nc2ccc(F)cc2)c(C)c1,0
ZINC01506689,DUD_vegfr2_D_958,Cc1ccccc1NC(=O)c1ccc(S(=O)(=O)Nc2cccc(F)c2)c(C)c1,0
ZINC01513026,DUD_vegfr2_D_959,CCSc1nnc2c(n1)O[C@H](c1ccc(O)c(OC)c1)Nc1ccccc1-2,0
ZINC01513325,DUD_vegfr2_D_960,Cc1nnc(NC(=O)[C@H](Sc2ccccc2)c2ccccc2)nc1C,0
ZINC01513329,DUD_vegfr2_D_961,Cc1nnc(NC(=O)[C@@H](Sc2ccccc2)c2ccccc2)nc1C,0
ZINC01514847,DUD_vegfr2_D_962,NC(=O)c1c(NC(=O)c2ccc(Oc3ccccc3)cc2)sc2c1CCC2,0
ZINC01516487,DUD_vegfr2_D_963,Cc1ccc(NC(=O)c2nc[nH]c2C(=O)Nc2ccc(Br)cc2)c(C)c1,0
ZINC01516487,DUD_vegfr2_D_964,Cc1ccc(NC(=O)c2[nH]c[nH+]c2C(=O)Nc2ccc(Br)cc2)c(C)c1,0
ZINC01589621,DUD_vegfr2_D_965,CC(=O)Nc1ccc(S(=O)(=O)N/N=c2/sc3ccccc3n2C)cc1,0
ZINC01614672,DUD_vegfr2_D_966,Cc1ccc(-c2nc(SCc3ccccc3)[nH]c(=O)c2CCO)cc1,0
ZINC01642494,DUD_vegfr2_D_967,CCN(CC)C(=S)Nc1ccc(-c2cc3ccc(O)cc3oc2=O)cc1,0
ZINC01650469,DUD_vegfr2_D_968,CCn1c(SCc2nnc(Nc3ccccc3)s2)nc2ccccc2c1=O,0
ZINC01658527,DUD_vegfr2_D_969,COc1ccc(-c2c(O)nn3c(=S)[nH]c(-c4ccccc4)nc23)cc1OC,0
ZINC01736686,DUD_vegfr2_D_970,Cc1nc(NCCCO)cc(-c2cncc(-c3cc4ccccc4s3)c2)n1,0
ZINC01737643,DUD_vegfr2_D_971,OCCCNc1cc(-c2cncc(Br)c2)nc(-c2ccccc2)n1,0
ZINC01737968,DUD_vegfr2_D_972,O=C(NCCCO)c1ccc(-c2cnn(-c3ccc(Cl)cc3)c2)nc1,0
ZINC01738116,DUD_vegfr2_D_973,O=C(NCCCO)c1ccc(-c2cnn(-c3ccc(Br)cc3)c2)nc1,0
ZINC01742485,DUD_vegfr2_D_974,C=C(NNC(=O)c1cc(-c2ccc(OCC)cc2)[nH]n1)c1cccs1,0
ZINC01742485,DUD_vegfr2_D_975,C=C(NNC(=O)c1cc(-c2ccc(OCC)cc2)n[nH]1)c1cccs1,0
ZINC01744551,DUD_vegfr2_D_976,Cc1cccc(NC2=NC(=O)/C(=C\c3c[nH]c4ccccc34)S2)c1C,0
ZINC01746685,DUD_vegfr2_D_977,Cc1ccccc1NC(=O)CCN1C(=O)S/C(=C\c2ccccc2)C1=O,0
ZINC01751899,DUD_vegfr2_D_978,CCCOc1ccccc1NC(=O)C[C@@H]1Sc2ccccc2NC1=O,0
ZINC01751902,DUD_vegfr2_D_979,CCCOc1ccccc1NC(=O)C[C@H]1Sc2ccccc2NC1=O,0
ZINC01756057,DUD_vegfr2_D_980,CCOC(=S)c1ccc(S(=O)(=O)Nc2cccc3ccccc23)cc1,0
ZINC01779587,DUD_vegfr2_D_981,OCCNc1ncnc2c1sc1nc(-c3ccccc3)c3c(c12)CCC3,0
ZINC01780152,DUD_vegfr2_D_982,Cc1cccc(C[C@@H]2CN=C(NNC(=O)c3ccccc3)S2)c1,0
ZINC01780153,DUD_vegfr2_D_983,Cc1cccc(C[C@@H]2CN=C(NNC(=O)c3ccccc3)S2)c1,0
ZINC01784640,DUD_vegfr2_D_984,Cc1ccc(-c2csc3ncn(CC(=O)N/N=C/c4ccco4)c(=O)c23)cc1,0
ZINC01786843,DUD_vegfr2_D_985,C=CCNc1nc(-c2ccc([N+](=O)[O-])cc2)c(C(=O)Nc2ccccc2)s1,0
ZINC01791404,DUD_vegfr2_D_986,CCCCOc1ccc(-c2csc(NC(=O)c3cccnc3)n2)cc1,0
ZINC01796042,DUD_vegfr2_D_987,Cc1ccc(/N=C2\NC(=O)[C@H](CC(=O)Nc3ccc(C)cc3)S2)cc1,0
ZINC01796046,DUD_vegfr2_D_988,Cc1ccc(/N=C2/NC(=O)[C@@H](CC(=O)Nc3ccc(C)cc3)S2)cc1,0
ZINC01799704,DUD_vegfr2_D_989,C=C(N/N=C1/NC(=O)[C@H](Cc2ccccc2C)S1)c1ccc(F)cc1,0
ZINC01799730,DUD_vegfr2_D_990,C=C(N/N=C1\NC(=O)[C@H](Cc2cccc(C)c2)S1)c1ccccc1,0
ZINC01801668,DUD_vegfr2_D_991,O=c1c2c(-c3ccccc3)csc2nc2c3ccccc3c(NCCO)nn12,0
ZINC01802726,DUD_vegfr2_D_992,C=CCNc1nc(-c2ccccc2)c(C(=O)Nc2ccc3c(c2)OCCO3)s1,0
ZINC01834624,DUD_vegfr2_D_993,OCCCNc1ncnc2c1sc1nc(-c3ccccc3)c3c(c12)CCC3,0
ZINC01837707,DUD_vegfr2_D_994,Cc1ccc(NC(=O)[C@@H]2CC(=O)N/C(=N\c3ccccc3)S2)cc1C,0
ZINC01837709,DUD_vegfr2_D_995,Cc1ccc(NC(=O)[C@H]2CC(=O)N/C(=N\c3ccccc3)S2)cc1C,0
ZINC01858922,DUD_vegfr2_D_996,Cc1ccc(NC(=O)c2c(C)nc(/N=c3/[nH]c4ccccc4o3)nc2C)cc1,0
ZINC01860385,DUD_vegfr2_D_997,COc1cccc(/C=C\C(=O)N2C[C@@H](CCl)c3c2cc(N)c2ccccc32)c1,0
ZINC01862815,DUD_vegfr2_D_998,COc1ccc(OC)c(/C=N/n2c(=O)[nH]c3c([nH]c4ccc(Cl)cc43)c2=O)c1,0
ZINC01865263,DUD_vegfr2_D_999,CCOC(=O)C(=O)Nc1ccc(-c2csc(Nc3ccccc3)n2)cc1,0
ZINC01868726,DUD_vegfr2_D_1000,CN(C)c1ccc(/C=N/NC(=S)Nc2cccc3cccnc23)cc1,0
ZINC01868735,DUD_vegfr2_D_1001,COc1ccc(/C=N\NC(=S)Nc2cccc3cccnc23)cc1OC,0
ZINC01871019,DUD_vegfr2_D_1002,O=C(Nc1scc(-c2ccccc2)c1C(=O)NCCO)c1ccccc1,0
ZINC01889764,DUD_vegfr2_D_1003,COc1ccc(C2=C[C@@H](c3ccccc3)n3nc(CCCO)nc3N2)cc1,0
ZINC01889768,DUD_vegfr2_D_1004,OCCCc1nc2n(n1)[C@@H](c1ccccc1)C=C(c1ccc(Cl)cc1)N2,0
ZINC01889770,DUD_vegfr2_D_1005,OCCCc1nc2n(n1)[C@H](c1ccccc1)C=C(c1ccc(Cl)cc1)N2,0
ZINC01889772,DUD_vegfr2_D_1006,OCCCc1nc2n(n1)[C@H](c1ccccc1)C=C(c1ccc(Br)cc1)N2,0
ZINC01889774,DUD_vegfr2_D_1007,OCCCc1nc2n(n1)[C@@H](c1ccccc1)C=C(c1ccc(Br)cc1)N2,0
ZINC01889791,DUD_vegfr2_D_1008,COc1ccc([C@H]2C=C(c3ccc(F)cc3)Nc3nc(CCCO)nn32)cc1,0
ZINC01889793,DUD_vegfr2_D_1009,COc1ccc([C@@H]2C=C(c3ccc(F)cc3)Nc3nc(CCCO)nn32)cc1,0
ZINC01889797,DUD_vegfr2_D_1010,COc1ccc([C@@H]2C=C(c3cccs3)Nc3nc(CCCO)nn32)cc1,0
ZINC01889799,DUD_vegfr2_D_1011,COc1ccc([C@@H]2C=C(c3cccs3)Nc3nc(CCCO)nn32)cc1,0
ZINC01889810,DUD_vegfr2_D_1012,COc1ccc(C2=C[C@@H](c3ccc(Cl)cc3)n3nc(CCCO)nc3N2)cc1,0
ZINC01889832,DUD_vegfr2_D_1013,OCCCc1nc2n(n1)[C@H](c1cccc(Br)c1)C=C(c1ccccc1)N2,0
ZINC01889835,DUD_vegfr2_D_1014,OCCCc1nc2n(n1)[C@@H](c1cccc(Br)c1)C=C(c1ccccc1)N2,0
ZINC01889881,DUD_vegfr2_D_1015,COc1ccc(C2=C[C@H](c3ccccc3Cl)n3nc(CCCO)nc3N2)cc1,0
ZINC01889882,DUD_vegfr2_D_1016,COc1ccc(C2=C[C@@H](c3ccccc3Cl)n3nc(CCCO)nc3N2)cc1,0
ZINC01889885,DUD_vegfr2_D_1017,Cc1ccc(C2=C[C@@H](c3ccccc3Cl)n3nc(CCCO)nc3N2)cc1,0
ZINC01889888,DUD_vegfr2_D_1018,OCCCc1nc2n(n1)[C@H](c1ccccc1Cl)C=C(c1ccccc1)N2,0
ZINC01889889,DUD_vegfr2_D_1019,OCCCc1nc2n(n1)[C@H](c1ccccc1Cl)C=C(c1ccccc1)N2,0
ZINC01889895,DUD_vegfr2_D_1020,OCCCc1nc2n(n1)[C@@H](c1ccco1)C=C(c1ccc(F)cc1)N2,0
ZINC01889903,DUD_vegfr2_D_1021,OCCCc1nc2n(n1)[C@@H](c1ccco1)C=C(c1ccc(Br)cc1)N2,0
ZINC01889906,DUD_vegfr2_D_1022,OCCCc1nc2n(n1)[C@H](c1ccco1)C=C(c1ccc(Br)cc1)N2,0
ZINC01889910,DUD_vegfr2_D_1023,OCCCc1nc2n(n1)[C@@H](c1ccco1)C=C(c1ccc(Cl)cc1)N2,0
ZINC01889913,DUD_vegfr2_D_1024,OCCCc1nc2n(n1)[C@@H](c1ccco1)C=C(c1ccc(Cl)cc1)N2,0
ZINC01889916,DUD_vegfr2_D_1025,OCCCc1nc2n(n1)[C@H](c1cccs1)C=C(c1ccccc1)N2,0
ZINC01889920,DUD_vegfr2_D_1026,OCCCc1nc2n(n1)[C@H](c1cccs1)C=C(c1ccccc1)N2,0
ZINC01897911,DUD_vegfr2_D_1027,O=S(=O)(/N=c1/[nH]c2ccccc2nc1NC1CCCCC1)c1ccc(F)cc1,0
ZINC01899143,DUD_vegfr2_D_1028,O=S(=O)(/N=c1/[nH]c2ccccc2nc1NC1CCCCC1)c1cccs1,0
ZINC01903711,DUD_vegfr2_D_1029,CCOC(=O)c1ccc(NC2=C(Cl)C(=O)N(Cc3ccccc3)C2=O)cc1,0
ZINC01906775,DUD_vegfr2_D_1030,Cc1ccc(NCC(=O)Nc2ncc(Cc3ccc(F)cc3)s2)cc1,0
ZINC01910791,DUD_vegfr2_D_1031,CC(C)[C@H](C(=O)OCC(=O)Nc1ccc(F)cc1)N1C(=O)c2ccccc2C1=O,0
ZINC01910795,DUD_vegfr2_D_1032,CC(C)[C@@H](C(=O)OCC(=O)Nc1ccc(F)cc1)N1C(=O)c2ccccc2C1=O,0
ZINC01922043,DUD_vegfr2_D_1033,O=C(CNC(=O)c1ccc2c(c1)OCCO2)N/N=C/c1cccc(Cl)c1,0
ZINC01922748,DUD_vegfr2_D_1034,Nc1nnc(SCc2ccccc2)n1Cc1cc(Cl)cc2c1OCOC2,0
ZINC01923109,DUD_vegfr2_D_1035,C[C@H](OC(=O)CNC(=O)c1ccccc1)C(=O)Nc1ccc(Cl)cc1,0
ZINC01923111,DUD_vegfr2_D_1036,C[C@H](OC(=O)CNC(=O)c1ccccc1)C(=O)Nc1ccc(Cl)cc1,0
ZINC01924284,DUD_vegfr2_D_1037,CN(C)c1ccc(NC(=O)CSc2nnc3ccc4ccccc4n23)cc1,0
ZINC01924416,DUD_vegfr2_D_1038,COc1ccc(NC(=O)CSc2nnc3cc(C)c4ccccc4n23)cc1,0
ZINC01927697,DUD_vegfr2_D_1039,CCOc1ccc(NC(=O)CSc2nnc3ccc4ccccc4n23)cc1,0
ZINC01933518,DUD_vegfr2_D_1040,O=C(Nc1sc2c(c1C(=O)Nc1ccccc1O)CCCC2)c1ccccc1,0
ZINC01934424,DUD_vegfr2_D_1041,Cc1c(Cl)cccc1NC(=O)COC(=O)CNC(=O)c1ccccc1,0
ZINC01938191,DUD_vegfr2_D_1042,CCOC(=O)c1ccccc1N1C(=O)C(Cl)=C(Nc2ccccc2O)C1=O,0
ZINC01946460,DUD_vegfr2_D_1043,Cc1nn(-c2ccccc2)c(Cl)c1/C=N\NC(=O)CNC(=O)c1ccco1,0
ZINC01957523,DUD_vegfr2_D_1044,COc1cccc(/C=N/NC(=O)c2cnn(-c3ccccc3)c2C(F)(F)F)c1O,0
ZINC01960308,DUD_vegfr2_D_1045,Cc1ccccc1NC(=O)CCC(=O)N/N=C\c1ccccc1Cl,0
ZINC01960632,DUD_vegfr2_D_1046,Cc1ccccc1NC(=O)COC(=O)CNC(=O)c1ccc(Cl)cc1,0
ZINC01966590,DUD_vegfr2_D_1047,Cc1sc2ncn(CC(=O)N/N=C\c3c[nH]c4ccccc34)c(=O)c2c1C,0
ZINC01972002,DUD_vegfr2_D_1048,COc1ccc(-c2c/c(=N/c3nc(C)c(C(C)=O)s3)c3cc(O)ccc3o2)cc1,0
ZINC01972524,DUD_vegfr2_D_1049,Cc1ccc(NC(=O)COC(=O)CNC(=O)c2ccccc2)cc1Cl,0
ZINC01980254,DUD_vegfr2_D_1050,Cc1ccc(NC(=O)[C@H](C)SCC(=O)Nc2ccc(F)cc2)cc1,0
ZINC01980255,DUD_vegfr2_D_1051,Cc1ccc(NC(=O)[C@@H](C)SCC(=O)Nc2ccc(F)cc2)cc1,0
ZINC01980271,DUD_vegfr2_D_1052,Cc1ccc(NC(=O)CS[C@@H](C)C(=O)Nc2ccccc2Cl)cc1,0
ZINC01981253,DUD_vegfr2_D_1053,C[C@@H](OC(=O)CNC(=O)c1ccccc1)C(=O)Nc1ccc(F)cc1,0
ZINC01981254,DUD_vegfr2_D_1054,C[C@@H](OC(=O)CNC(=O)c1ccccc1)C(=O)Nc1ccc(F)cc1,0
ZINC01981521,DUD_vegfr2_D_1055,Cc1ccc(NC(=O)[C@H](C)OC(=O)CNC(=O)c2ccccc2)cc1Cl,0
ZINC01981522,DUD_vegfr2_D_1056,Cc1ccc(NC(=O)[C@@H](C)OC(=O)CNC(=O)c2ccccc2)cc1Cl,0
ZINC01981891,DUD_vegfr2_D_1057,C[C@@H](OC(=O)CNC(=O)c1ccccc1)C(=O)Nc1ccccc1Cl,0
ZINC01981892,DUD_vegfr2_D_1058,C[C@@H](OC(=O)CNC(=O)c1ccccc1)C(=O)Nc1ccccc1Cl,0
ZINC01982709,DUD_vegfr2_D_1059,Cc1c(Cl)cccc1NC(=O)[C@H](C)OC(=O)CNC(=O)c1ccccc1,0
ZINC01982710,DUD_vegfr2_D_1060,Cc1c(Cl)cccc1NC(=O)[C@H](C)OC(=O)CNC(=O)c1ccccc1,0
ZINC01986714,DUD_vegfr2_D_1061,COc1ccc(-c2c/c(=N\c3ccccc3C(N)=O)c3cc(Cl)ccc3o2)cc1,0
ZINC01986879,DUD_vegfr2_D_1062,COc1ccc(-c2c/c(=N\c3nnc[nH]3)c3cc(Cl)ccc3o2)cc1OC,0
ZINC02005456,DUD_vegfr2_D_1063,COCc1cc(=O)n2ncc(-c3ccc(Sc4ccccc4)cc3)c2[nH]1,0
ZINC02007686,DUD_vegfr2_D_1064,CC(C)(CCl)C(=O)Nc1ccc(NS(=O)(=O)c2cccc3ccccc23)cc1,0
ZINC02007691,DUD_vegfr2_D_1065,CC(C)(CF)C(=O)Nc1ccc(NS(=O)(=O)c2cccc3ccccc23)cc1,0
ZINC02048783,DUD_vegfr2_D_1066,COc1ccc(C(=O)NC(=S)NNC(=O)COc2ccccc2)cc1,0
ZINC02051667,DUD_vegfr2_D_1067,Cc1cccc(C)c1NC(=O)C[C@@H]1S/C(=N/c2ccc(Cl)cc2)NC1=O,0
ZINC02052162,DUD_vegfr2_D_1068,CCCCC(=O)NC(=S)Nc1cccc(NC(=O)c2ccco2)c1,0
ZINC02057032,DUD_vegfr2_D_1069,CCCCSc1nnc2c(n1)O[C@H](c1ccccc1O)Nc1ccccc1-2,0
ZINC02064445,DUD_vegfr2_D_1070,CCC(=O)NC(=S)NNC(=O)c1ccccc1OCc1ccccc1,0
ZINC02064448,DUD_vegfr2_D_1071,CCC(=O)NC(=S)NNC(=O)c1ccc(OCc2ccccc2)cc1,0
ZINC02064486,DUD_vegfr2_D_1072,CC(=O)NC(=S)NNC(=O)c1ccccc1OCc1ccccc1,0
ZINC02064489,DUD_vegfr2_D_1073,CC(=O)NC(=S)NNC(=O)c1ccc(OCc2ccccc2)cc1,0
ZINC02064574,DUD_vegfr2_D_1074,CCCC[C@@H](C(=O)Nc1ccc(F)cc1)N1C(=O)c2ccccc2C1=O,0
ZINC02064702,DUD_vegfr2_D_1075,CSCC[C@@H](C(=O)Nc1ccccc1)N1C(=O)c2ccccc2C1=O,0
ZINC02073548,DUD_vegfr2_D_1076,Cc1cccc(NC(=O)c2cccc(NC(=O)Cc3cccs3)c2)c1,0
ZINC02082172,DUD_vegfr2_D_1077,C=c1[nH]n(-c2ccc(Br)cc2)c(=O)/c1=C\Nc1ccc(C(=O)OC)cc1,0
ZINC02101095,DUD_vegfr2_D_1078,O=C(N[C@@]12CC[C@@H](OC(=O)c3ccccc3)[C@H](SC1)[C@H]2O)c1ccccc1,0
ZINC02101098,DUD_vegfr2_D_1079,O=C(N[C@]12CC[C@H](OC(=O)c3ccccc3)[C@H](SC1)[C@@H]2O)c1ccccc1,0
ZINC02101875,DUD_vegfr2_D_1080,Cc1ccc(-c2[nH]ncc2/C=N\NC(=O)Cc2ccc(Br)cc2)cc1,0
ZINC02101875,DUD_vegfr2_D_1081,Cc1ccc(-c2n[nH]cc2/C=N\NC(=O)Cc2ccc(Br)cc2)cc1,0
ZINC02112465,DUD_vegfr2_D_1082,CCNC(=S)NNC(=O)c1cc(-c2cccc(OC)c2)nc2ccccc12,0
ZINC02112839,DUD_vegfr2_D_1083,CCNC(=S)NNC(=O)c1cc(-c2ccc(OC)cc2)nc2ccccc12,0
ZINC02113153,DUD_vegfr2_D_1084,CCNC(=S)NNC(=O)c1cc(-c2ccc3c(c2)OCO3)nc2ccccc12,0
ZINC02130688,DUD_vegfr2_D_1085,COC(=O)c1ccc2c(=O)n(CCc3c[nH]c4ccc(OC)cc34)c(=S)[nH]c2c1,0
ZINC02133823,DUD_vegfr2_D_1086,COc1ccc(C(=O)NC(=S)NNC(=O)c2ccc(C)cc2)cc1,0
ZINC02135527,DUD_vegfr2_D_1087,Cc1ccccc1C(=O)NNC(=S)NC(=O)COc1ccccc1,0
ZINC02135532,DUD_vegfr2_D_1088,Cc1ccc(C(=O)NNC(=S)NC(=O)COc2ccccc2)cc1,0
ZINC02135572,DUD_vegfr2_D_1089,COc1ccc(C(=O)NC(=S)NNC(=O)c2cccc(C)c2)cc1,0
ZINC02135577,DUD_vegfr2_D_1090,COc1ccc(C(=O)NC(=S)NNC(=O)CCc2ccccc2)cc1,0
ZINC02135582,DUD_vegfr2_D_1091,COc1ccc(C(=O)NC(=S)NNC(=O)c2ccccc2C)cc1,0
ZINC02135934,DUD_vegfr2_D_1092,COC(=O)c1ccc2c(=O)n(CCc3c[nH]c4ccccc34)c(=S)[nH]c2c1,0
ZINC02136384,DUD_vegfr2_D_1093,O=C(NC(=S)Nc1ccc(S(=O)(=O)Nc2ccccc2)cc1)C1CCC1,0
ZINC02136400,DUD_vegfr2_D_1094,CC(C)CC(=O)NC(=S)Nc1ccc(S(=O)(=O)Nc2ccccc2)cc1,0
ZINC02136721,DUD_vegfr2_D_1095,CN(c1ccccc1)S(=O)(=O)c1ccc(NC(=S)NC(=O)C2CC2)cc1,0
ZINC02155030,DUD_vegfr2_D_1096,CCCc1c(C(=O)ONC(=[NH2+])c2ccc(Cl)cc2)cnn1-c1ccccc1,0
ZINC02179962,DUD_vegfr2_D_1097,CC(C)=c1[nH]n2c(=N)/c(=C/c3ccc(-c4ccccc4)o3)c(=O)nc-2s1,0
ZINC02181819,DUD_vegfr2_D_1098,Cc1cccc(OCCNC(=O)c2cc(-n3cnnc3)ccc2Cl)c1,0
ZINC02182887,DUD_vegfr2_D_1099,Cc1cc(Cl)ccc1Oc1cc(NNC=O)nc(-c2ccccc2)n1,0
ZINC02194662,DUD_vegfr2_D_1100,CCOc1ccc(CC(=O)NNC(=S)NC(=O)c2ccccc2)cc1,0
ZINC02196431,DUD_vegfr2_D_1101,COCCNC(=O)c1c(N)n(Cc2ccccc2Cl)c2nc3ccccc3nc12,0
ZINC02196877,DUD_vegfr2_D_1102,CC(C)(C)c1cc[n+](-c2[n-]c(=O)sc2/C=N/NC(=O)c2ccccc2)cc1,0
ZINC02197073,DUD_vegfr2_D_1103,Cc1cc(C)c[n+](-c2[n-]c(=O)sc2/C=N\NC(=O)c2ccccc2)c1,0
ZINC02201265,DUD_vegfr2_D_1104,Cc1cc2c(c(=O)n1Cc1ccco1)[C@H](c1ccccc1Cl)C(C#N)=C(N)O2,0
ZINC02205509,DUD_vegfr2_D_1105,COc1ccc2nc(NC(=O)c3cc(-c4cc(C)ccc4O)[nH]n3)sc2c1,0
ZINC02205509,DUD_vegfr2_D_1106,COc1ccc2nc(NC(=O)c3cc(-c4cc(C)ccc4O)n[nH]3)sc2c1,0
ZINC02206016,DUD_vegfr2_D_1107,Cc1[nH]c2nc(NCc3ccccc3F)nn2c(=O)c1Cc1ccccc1,0
ZINC02206232,DUD_vegfr2_D_1108,CCOc1ccc2nc(NC(=O)c3cc(-c4ccccc4O)[nH]n3)sc2c1,0
ZINC02206232,DUD_vegfr2_D_1109,CCOc1ccc2nc(NC(=O)c3cc(-c4ccccc4O)n[nH]3)sc2c1,0
ZINC02207269,DUD_vegfr2_D_1110,COc1ccc(-c2cc(-c3nnc(S)n3-c3ccccc3OC)n[nH]2)cc1,0
ZINC02207269,DUD_vegfr2_D_1111,COc1ccc(-c2cc(-c3nnc(S)n3-c3ccccc3OC)[nH]n2)cc1,0
ZINC02209755,DUD_vegfr2_D_1112,COC(=O)C1=C(N)Oc2cc(C)n(Cc3ccco3)c(=O)c2[C@H]1c1ccccc1Cl,0
ZINC02211340,DUD_vegfr2_D_1113,CC(C)Cn1c(N)c(S(=O)(=O)c2ccc(Cl)cc2)c2nc3ccccc3nc21,0
ZINC02215879,DUD_vegfr2_D_1114,CCOc1ccc(NC(=O)[C@H]2CC(=O)N/C(=N\c3ccccc3)S2)cc1,0
ZINC02215882,DUD_vegfr2_D_1115,CCOc1ccc(NC(=O)[C@H]2CC(=O)N/C(=N\c3ccccc3)S2)cc1,0
ZINC02219753,DUD_vegfr2_D_1116,COc1ccc(-c2cc(C(F)F)n3ncc(C(=O)Nc4ccc(O)cc4)c3n2)cc1,0
ZINC02221048,DUD_vegfr2_D_1117,CSc1ccc([C@@H]2c3c(n[nH]c3-c3ccccc3O)C(=O)N2Cc2ccco2)cc1,0
ZINC02221048,DUD_vegfr2_D_1118,CSc1ccc([C@@H]2c3c(-c4ccccc4O)n[nH]c3C(=O)N2Cc2ccco2)cc1,0
ZINC02221048,DUD_vegfr2_D_1119,CSc1ccc([C@@H]2c3c(-c4ccccc4O)n[nH]c3C(=O)N2Cc2ccco2)cc1,0
ZINC02223050,DUD_vegfr2_D_1120,COc1ccc(NC2=NC(=O)C[C@@H](C(=O)Nc3ccc(Cl)cc3)N2)cc1,0
ZINC02224635,DUD_vegfr2_D_1121,CCOc1ccc(NC(=O)CCc2nc(-c3ccc(F)cc3)no2)cc1,0
ZINC02232900,DUD_vegfr2_D_1122,COc1cc2[nH]c(=S)n(CCc3c[nH]c4ccccc34)c(=O)c2cc1OC,0
ZINC02235357,DUD_vegfr2_D_1123,COc1ccc(CNC(=O)C2=CCC(=O)N(c3ccc(Cl)cc3)N2)cc1,0
ZINC02236714,DUD_vegfr2_D_1124,Cc1cc(/C=C2\C(=O)NC(=O)N(Cc3ccco3)C2=O)c(C)n1-c1ccccc1O,0
ZINC02237515,DUD_vegfr2_D_1125,CCc1ccc(NC2=NC(=O)C[C@H](C(=O)Nc3ccc(F)cc3)N2)cc1,0
ZINC02237517,DUD_vegfr2_D_1126,CCc1ccc(NC2=NC(=O)C[C@H](C(=O)Nc3ccc(F)cc3)N2)cc1,0
ZINC02244620,DUD_vegfr2_D_1127,Cc1ccccc1N1NC(C(=O)NCCc2ccc(Cl)cc2)=CCC1=O,0
ZINC02247862,DUD_vegfr2_D_1128,CCCCn1c(N)c(S(=O)(=O)c2ccc(F)cc2)c2nc3ccccc3nc21,0
ZINC02253600,DUD_vegfr2_D_1129,Nc1c(S(=O)(=O)c2ccc(F)cc2)c2nc3ccccc3nc2n1C[C@@H]1CCCO1,0
ZINC02268095,DUD_vegfr2_D_1130,COCCOC(=O)C1=C(N)Oc2c(c(=O)[nH]c3ccccc23)[C@@H]1c1ccccc1Cl,0
ZINC02268095,DUD_vegfr2_D_1131,COCCOC(=O)C1=C(N)Oc2c(c(O)nc3ccccc23)[C@@H]1c1ccccc1Cl,0
ZINC02279900,DUD_vegfr2_D_1132,CCOC(=O)c1[nH]c2ccccc2c1/C=C1/C(=O)NC(=O)N(c2ccccc2F)C1=O,0
ZINC02280507,DUD_vegfr2_D_1133,CCOc1ccc(N2CN=c3s/c(=C/c4ccccc4O)c(=O)n3C2)cc1,0
ZINC02290383,DUD_vegfr2_D_1134,COP(=O)(OC)[C@@H](Nc1ccc(Br)cc1)c1c[nH]c2ccccc12,0
ZINC02290745,DUD_vegfr2_D_1135,C=CCNC(=O)c1c(N)n(Cc2ccc3c(c2)OCO3)c2nc3ccccc3nc12,0
ZINC02291474,DUD_vegfr2_D_1136,C=CCn1c(N)c(C(=O)NCc2ccc3c(c2)OCO3)c2nc3ccccc3nc21,0
ZINC02293706,DUD_vegfr2_D_1137,COC(=O)Cc1nnc(SCC(=O)Nc2ccccc2)c2ccccc12,0
ZINC02294364,DUD_vegfr2_D_1138,CCCOc1ccc(C(=O)NNC(=S)NC(=O)c2ccccc2)cc1,0
ZINC02300318,DUD_vegfr2_D_1139,Cn1c(Oc2ccccc2NCc2cc(Br)ccc2O)cc(=O)n(C)c1=O,0
ZINC02303655,DUD_vegfr2_D_1140,COCCNC(=O)c1c(N)n(-c2ccccc2F)c2nc3ccccc3nc12,0
ZINC02303754,DUD_vegfr2_D_1141,COCCNC(=O)c1c(N)n(-c2cccc(F)c2)c2nc3ccccc3nc12,0
ZINC02310612,DUD_vegfr2_D_1142,C=CCOc1ccc(/C=N/n2c(=O)[nH]c3c([nH]c4ccc(F)cc43)c2=O)cc1,0
ZINC02314106,DUD_vegfr2_D_1143,C=CCOc1ccc(/C=N\n2c(=O)[nH]c3c([nH]c4ccc(Cl)cc43)c2=O)cc1,0
ZINC02315954,DUD_vegfr2_D_1144,CNS(=O)(=O)c1cc(-c2nnc(Nc3ccc(F)cc3)c3ccccc23)ccc1C,0
ZINC02316308,DUD_vegfr2_D_1145,COc1ccc(C(=O)NNC(=S)NC(=O)c2ccc(OC)cc2)cc1,0
ZINC02316585,DUD_vegfr2_D_1146,CCCOc1ccc(C(=O)NNC(=S)NC(=O)c2ccco2)cc1,0
ZINC02318059,DUD_vegfr2_D_1147,CCOC(=O)N[C@H](Cc1c[nH]c2ccccc12)C(=O)Nc1ccc(F)cc1,0
ZINC02319238,DUD_vegfr2_D_1148,COc1cc(/C=N\NC(=O)c2cc(C)nc3ccccc23)cc(Br)c1O,0
ZINC02319780,DUD_vegfr2_D_1149,CCOc1cccc(NC(=O)[C@H]2CC(=O)N/C(=N/c3ccccc3)S2)c1,0
ZINC02319782,DUD_vegfr2_D_1150,CCOc1cccc(NC(=O)[C@@H]2CC(=O)N/C(=N/c3ccccc3)S2)c1,0
ZINC02323222,DUD_vegfr2_D_1151,C=CCNC(=O)c1cc2c(=O)n3ccccc3nc2n(Cc2ccc(F)cc2)c1=[NH2+],0
ZINC02326246,DUD_vegfr2_D_1152,O=C1CCC=C2Nc3nc(SCc4ccccc4)nn3[C@H](c3ccccc3O)[C@@H]12,0
ZINC02326247,DUD_vegfr2_D_1153,O=C1CCC=C2Nc3nc(SCc4ccccc4)nn3[C@@H](c3ccccc3O)[C@H]12,0
ZINC02326332,DUD_vegfr2_D_1154,C=C1Nc2ncnn2[C@H](c2cccc(Cl)c2)[C@H]1C(=O)Nc1ccc(OC)cc1,0
ZINC02326519,DUD_vegfr2_D_1155,COc1cc(/C=N\c2c[nH]c(=O)[nH]c2=O)ccc1OCc1ccccc1Cl,0
ZINC02328536,DUD_vegfr2_D_1156,CSc1ccc([C@H]2C(C#N)=C(N)Oc3cc(C)n(Cc4ccco4)c(=O)c32)cc1,0
ZINC02331659,DUD_vegfr2_D_1157,COc1ccc(CNn2cnc3c([nH]c4ccc(Br)cc43)c2=O)cc1OC,0
ZINC02333423,DUD_vegfr2_D_1158,COCCNC(=O)c1c(N)n(-c2cccc(Cl)c2)c2nc3ccccc3nc12,0
ZINC02335645,DUD_vegfr2_D_1159,COCCn1c(N)c(C(=O)NCc2cccs2)c2nc3ccccc3nc21,0
ZINC02337503,DUD_vegfr2_D_1160,COc1cccc(NC(=O)CCSc2nnc3c(n2)[nH]c2ccccc23)c1,0
ZINC02338312,DUD_vegfr2_D_1161,COc1ccccc1N1C(=O)C=C(SCC(=O)Nc2ccc(C)cc2)C1=O,0
ZINC02349798,DUD_vegfr2_D_1162,Cc1[nH]c2nc(NCc3ccc(F)cc3)nn2c(=O)c1Cc1ccccc1,0
ZINC02352617,DUD_vegfr2_D_1163,NC(=O)c1c(NC(=O)COc2ccc3ccccc3c2)sc2c1CCC2,0
ZINC02353759,DUD_vegfr2_D_1164,Cc1ccc(NC(=O)[C@@H]2CC(=O)N=C(Nc3ccccc3)S2)cc1C,0
ZINC02353762,DUD_vegfr2_D_1165,Cc1ccc(NC(=O)[C@@H]2CC(=O)N=C(Nc3ccccc3)S2)cc1C,0
ZINC02354612,DUD_vegfr2_D_1166,COC(=O)c1cccc(CN2C(=O)S[C@@H](Nc3cccc4ccccc34)C2=O)c1,0
ZINC02356901,DUD_vegfr2_D_1167,Cc1[nH]c2nc(NCc3cccs3)nn2c(=O)c1Cc1ccccc1,0
ZINC02357165,DUD_vegfr2_D_1168,COc1ccc(OC)c(-n2c(S)nnc2-c2cc(-c3ccccc3)[nH]n2)c1,0
ZINC02357165,DUD_vegfr2_D_1169,COc1ccc(OC)c(-n2c(S)nnc2-c2cc(-c3ccccc3)n[nH]2)c1,0
ZINC02365789,DUD_vegfr2_D_1170,O=C1CCC=C2Nc3nc(SCc4ccccc4)nn3[C@H](c3cccc(O)c3)[C@H]12,0
ZINC02365791,DUD_vegfr2_D_1171,O=C1CCC=C2Nc3nc(SCc4ccccc4)nn3[C@@H](c3cccc(O)c3)[C@H]12,0
ZINC02367700,DUD_vegfr2_D_1172,C=CCn1c(SCC(=O)Nc2ccc(F)cc2)nnc1-c1ccccn1,0
ZINC02379167,DUD_vegfr2_D_1173,CS(=O)(=O)SCCC(=O)Nc1ccc2ccc3cccc4ccc1c2c34,0
ZINC02389708,DUD_vegfr2_D_1174,CC(C)CCNc1nc2ccccc2nc1NS(=O)(=O)c1ccc(F)cc1,0
ZINC02400330,DUD_vegfr2_D_1175,Cc1cccn2c(=O)c3cc(C(=O)NCc4ccc(F)cc4)c(=[NH2+])n(C)c3nc12,0
ZINC02401120,DUD_vegfr2_D_1176,OCCNc1ncnc2c1sc1nc(-c3ccccc3)c3c(c12)CCCC3,0
ZINC02403271,DUD_vegfr2_D_1177,CCCn1nnc(NC(=S)NC(=O)C(c2ccccc2)c2ccccc2)n1,0
ZINC02405214,DUD_vegfr2_D_1178,CCCCNc1nc2ccccc2nc1NS(=O)(=O)c1cccc(Cl)c1,0
ZINC02405397,DUD_vegfr2_D_1179,CCOc1ccc(NC(=O)C2=CCC(=O)N(c3ccc(Br)cc3)N2)cc1,0
ZINC02405475,DUD_vegfr2_D_1180,Cc1nc(SCC(=O)Nc2ccc3c(c2)OCO3)c2oc3ccccc3c2n1,0
ZINC02405525,DUD_vegfr2_D_1181,CCCCn1c(N)c(S(=O)(=O)c2cccs2)c2nc3ccccc3nc21,0
ZINC02407696,DUD_vegfr2_D_1182,C=CCn1c(N)c(S(=O)(=O)c2ccc(Cl)cc2)c2nc3ccccc3nc21,0
ZINC02412138,DUD_vegfr2_D_1183,Nc1c(S(=O)(=O)c2cccs2)c2nc3ccccc3nc2n1C[C@@H]1CCCO1,0
ZINC02414350,DUD_vegfr2_D_1184,Cc1nc(SCC(=O)Nc2cccc(O)c2)c2oc3ccccc3c2n1,0
ZINC02416360,DUD_vegfr2_D_1185,COc1ccc(CNC(=O)C2=CCC(=O)N(c3ccc(Br)cc3)N2)cc1,0
ZINC02416638,DUD_vegfr2_D_1186,CN(C)c1ccc(NC(=O)CSc2ncnc3c2oc2ccccc23)cc1,0
ZINC02416852,DUD_vegfr2_D_1187,O=S(=O)(Nc1nc2ccccc2nc1NC1CCCCC1)c1cccs1,0
ZINC02417667,DUD_vegfr2_D_1188,CCOc1ccc(NC(=O)C2=CCC(=O)N(c3ccc(Cl)cc3)N2)cc1,0
ZINC02418334,DUD_vegfr2_D_1189,C=C(NNC(=O)CSc1nnc(C)s1)c1ccc(-n2cccc2)cc1,0
ZINC02419883,DUD_vegfr2_D_1190,COc1cccc(OC)c1C(=O)NC(=S)Nc1ccc2oc(=O)ccc2c1,0
ZINC02420180,DUD_vegfr2_D_1191,CCn1c(=[NH2+])c(C(=O)NCc2ccccc2Cl)cc2c(=O)n3ccccc3nc21,0
ZINC02422469,DUD_vegfr2_D_1192,CC(C)Cn1c(N)c(S(=O)(=O)c2cccs2)c2nc3ccccc3nc21,0
ZINC02424127,DUD_vegfr2_D_1193,CCn1c(=[NH2+])c(C(=O)NCc2ccc(F)cc2)cc2c(=O)n3ccccc3nc21,0
ZINC02429573,DUD_vegfr2_D_1194,COc1ccc(NC(=O)CSc2ncnc3c2oc2ccccc23)c(OC)c1,0
ZINC02431815,DUD_vegfr2_D_1195,COc1ccccc1NC(=O)CCSc1nnc2c(n1)[nH]c1ccccc12,0
ZINC02433036,DUD_vegfr2_D_1196,COc1ccc(OC)c(NC(=O)CSc2ncnc3c2oc2ccccc23)c1,0
ZINC02434235,DUD_vegfr2_D_1197,O=C(CSc1nnc2c(n1)[nH]c1ccccc12)Nc1ccc2c(c1)OCCO2,0
ZINC02434241,DUD_vegfr2_D_1198,CC(C)Cn1c(N)c(S(=O)(=O)c2ccc(F)cc2)c2nc3ccccc3nc21,0
ZINC02436101,DUD_vegfr2_D_1199,CC(C)(C)NC(=O)c1sc2c(NC(=O)c3cccnc3)cccc2c1Cl,0
ZINC02437680,DUD_vegfr2_D_1200,CCNC(=O)c1cc2c(=O)n3ccccc3nc2n(Cc2ccccc2Cl)c1=[NH2+],0
ZINC02438247,DUD_vegfr2_D_1201,O=C(/C=C/c1ccc2c(c1)OCO2)NC(=S)NNC(=O)[C@H]1C[C@@H]1c1ccccc1,0
ZINC02439883,DUD_vegfr2_D_1202,O=C1CCC=C2Nc3nc(SCc4ccccc4)nn3[C@@H](c3cc[nH]c3)[C@@H]12,0
ZINC02439885,DUD_vegfr2_D_1203,O=C1CCC=C2Nc3nc(SCc4ccccc4)nn3[C@H](c3cc[nH]c3)[C@H]12,0
ZINC02440806,DUD_vegfr2_D_1204,O=C1CCC=C2Nc3nc(SCc4ccccc4)nn3[C@@H](c3ccc(O)cc3)[C@H]12,0
ZINC02440807,DUD_vegfr2_D_1205,O=C1CCC=C2Nc3nc(SCc4ccccc4)nn3[C@H](c3ccc(O)cc3)[C@@H]12,0
ZINC02441995,DUD_vegfr2_D_1206,CCCn1c(=[NH2+])c(C(=O)NCc2ccc(F)cc2)cc2c(=O)n3ccccc3nc21,0
ZINC02446761,DUD_vegfr2_D_1207,C=C(NNC(=O)c1cc(-c2ccc(F)cc2)[nH]n1)c1ccc(OC(C)=O)cc1,0
ZINC02446761,DUD_vegfr2_D_1208,C=C(NNC(=O)c1cc(-c2ccc(F)cc2)n[nH]1)c1ccc(OC(C)=O)cc1,0
ZINC02449774,DUD_vegfr2_D_1209,O=C(N/N=C/c1cc2cc3c(cc2[nH]c1=O)OCCO3)c1ccc(Br)cc1,0
ZINC02450498,DUD_vegfr2_D_1210,CCc1nc(SCC(=O)Nc2cccc(O)c2)c2oc3ccccc3c2n1,0
ZINC02465636,DUD_vegfr2_D_1211,Cc1nn(Cc2ccc(F)cc2)c(C)c1NC(=O)c1cc(-c2ccco2)on1,0
ZINC02465639,DUD_vegfr2_D_1212,Cc1nn(Cc2ccc(Cl)cc2)c(C)c1NC(=O)c1cc(-c2ccco2)on1,0
ZINC02465681,DUD_vegfr2_D_1213,Cc1ccc(Cn2ccc(NC(=O)c3cc(-c4cccs4)on3)n2)cc1,0
ZINC02467175,DUD_vegfr2_D_1214,O=C(CSc1ncnc2c1oc1ccccc12)Nc1ccc2c(c1)OCCO2,0
ZINC02469093,DUD_vegfr2_D_1215,O=C(Nc1ccc(F)cc1)C1CCC(CNS(=O)(=O)c2cccs2)CC1,0
ZINC02471399,DUD_vegfr2_D_1216,CCN(CC)c1ccc2cc(C(N)=O)/c(=N/c3ccccc3F)oc2c1,0
ZINC02480281,DUD_vegfr2_D_1217,O=C(NCCO)c1c(-c2ccc(F)cc2)noc1-c1cccc2ccccc12,0
ZINC02482034,DUD_vegfr2_D_1218,CC(C)c1ccc(-c2onc(-c3ccccc3Cl)c2C(=O)NCCO)cc1,0
ZINC02482087,DUD_vegfr2_D_1219,O=C(NCCO)c1c(-c2ccccc2Cl)noc1-c1cccc2ccccc12,0
ZINC02487972,DUD_vegfr2_D_1220,Cc1ccc(C2=C[C@H](c3ccccc3)n3nc(CCCO)nc3N2)cc1,0
ZINC02487976,DUD_vegfr2_D_1221,OCCCc1nc2n(n1)[C@@H](c1ccccc1)C=C(c1ccc(F)cc1)N2,0
ZINC02487980,DUD_vegfr2_D_1222,Cc1ccc([C@@H]2C=C(c3ccc(F)cc3)Nc3nc(CCCO)nn32)cc1,0
ZINC02487981,DUD_vegfr2_D_1223,Cc1ccc([C@@H]2C=C(c3ccc(F)cc3)Nc3nc(CCCO)nn32)cc1,0
ZINC02488017,DUD_vegfr2_D_1224,OCCCc1nc2n(n1)[C@H](c1cccc(Cl)c1)C=C(c1ccccc1)N2,0
ZINC02488020,DUD_vegfr2_D_1225,OCCCc1nc2n(n1)[C@H](c1cccc(Cl)c1)C=C(c1ccccc1)N2,0
ZINC02497236,DUD_vegfr2_D_1226,CCOC(=O)c1c(C)oc2c1cc(NS(=O)(=O)c1ccc(F)cc1)c1ccccc12,0
ZINC02503233,DUD_vegfr2_D_1227,NC(=O)c1c(NC(=O)C2c3ccccc3Oc3ccccc32)sc2c1CCC2,0
ZINC02520405,DUD_vegfr2_D_1228,Cc1c(Cl)cccc1NC(=O)C(=O)N/N=C/c1cc2ccccc2[nH]c1=O,0
ZINC02520405,DUD_vegfr2_D_1229,Cc1c(Cl)cccc1NC(=O)C(=O)N/N=C/c1cc2ccccc2nc1O,0
ZINC02521698,DUD_vegfr2_D_1230,CCNC(=S)N/N=C/c1ccc(OC(=O)c2ccccc2C)cc1,0
ZINC02523379,DUD_vegfr2_D_1231,Nc1sc(-c2ccccc2)cc1C(=O)N/N=C/c1ccc2c(c1)OCO2,0
ZINC02524287,DUD_vegfr2_D_1232,COc1ccc(NC(=O)COc2ncn(-c3ccccc3Br)n2)cc1,0
ZINC02539561,DUD_vegfr2_D_1233,CC(=O)Nc1ccc(OCc2c(Br)c(=O)n(-c3ccccc3)n2C)cc1,0
ZINC02541701,DUD_vegfr2_D_1234,Cc1ccc(-c2nc(C(=O)NCc3ccc(F)cc3)c(O)c(=O)[nH]2)cc1,0
ZINC02541701,DUD_vegfr2_D_1235,Cc1ccc(-c2nc(O)c(O)c(C(=O)NCc3ccc(F)cc3)n2)cc1,0
ZINC02541701,DUD_vegfr2_D_1236,Cc1ccc(-c2nc(=O)c(O)c(C(=O)NCc3ccc(F)cc3)[nH]2)cc1,0
ZINC02541703,DUD_vegfr2_D_1237,Cc1ccc(-c2nc(C(=O)NCc3ccc(F)cc3)c(O)c(=O)n2C)cc1,0
ZINC02546642,DUD_vegfr2_D_1238,Oc1ccc(/C=N/N=c2/[nH]c(-c3ccc4c(c3)OCCO4)cs2)cc1,0
ZINC02548670,DUD_vegfr2_D_1239,OCCNc1nc(CSc2nc3ccccc3s2)nc2ccccc12,0
ZINC02551611,DUD_vegfr2_D_1240,Cc1ccccc1OCC(=O)NNC(=S)NC(=O)/C=C\c1ccco1,0
ZINC02554769,DUD_vegfr2_D_1241,COc1cc(CO)cc(Br)c1OCC(=O)Nc1cccc2ccccc12,0
ZINC02568745,DUD_vegfr2_D_1242,Cc1ccc(S(=O)(=O)NC[C@H](OC(=O)CCl)c2ccccc2)cc1,0
ZINC02577724,DUD_vegfr2_D_1243,CC(C)(C)/C(=C/Sc1cccc[n+]1[O-])NOC(=O)Nc1ccccc1,0
ZINC02590342,DUD_vegfr2_D_1244,CCCc1cc(=O)[nH]/c(=N/c2nc(-c3ccccc3)c3cc(Cl)ccc3n2)[nH]1,0
ZINC02594986,DUD_vegfr2_D_1245,Cc1ccc(C(=O)Nc2ccc(NC(=O)c3cccs3)cc2)c(C)c1,0
ZINC02616274,DUD_vegfr2_D_1246,CCC[C@]1(c2ccccc2)NC(=O)N(CC(=O)Nc2ccc(C)cc2)C1=O,0
ZINC02617520,DUD_vegfr2_D_1247,Cc1ccccc1NC(=O)CSCCCn1c(=O)[nH]c2ccccc21,0
ZINC02617525,DUD_vegfr2_D_1248,O=C(CSCCCn1c(=O)[nH]c2ccccc21)N1CCc2ccccc21,0
ZINC02618314,DUD_vegfr2_D_1249,COc1ccc(-c2csc(NC(=O)COC(=O)c3cccn3C)n2)cc1,0
ZINC02620257,DUD_vegfr2_D_1250,Cc1cc(C)n2c(S[C@@H](C(=O)Nc3ccc(F)cc3)c3ccccc3)nnc2n1,0
ZINC02620258,DUD_vegfr2_D_1251,Cc1cc(C)n2c(S[C@@H](C(=O)Nc3ccc(F)cc3)c3ccccc3)nnc2n1,0
ZINC02620860,DUD_vegfr2_D_1252,CCC[C@@]1(c2ccccc2)NC(=O)N(CC(=O)Nc2ccc(F)cc2)C1=O,0
ZINC02620861,DUD_vegfr2_D_1253,CCC[C@@]1(c2ccccc2)NC(=O)N(CC(=O)Nc2ccc(F)cc2)C1=O,0
ZINC02620969,DUD_vegfr2_D_1254,Cc1ccc(F)cc1NC(=O)c1cccc(S(=O)(=O)N(C)c2ccccc2)c1,0
ZINC02622930,DUD_vegfr2_D_1255,COc1ccc(-c2nnc(SCC(=O)NC(=O)Cc3ccccc3)o2)cc1,0
ZINC02623412,DUD_vegfr2_D_1256,Cc1ccc(OCc2nnc(SCn3nnc4ccccc4c3=O)[nH]2)cc1,0
ZINC02624930,DUD_vegfr2_D_1257,Cc1cccc(NC(=O)c2ccc(Cl)c(S(=O)(=O)NCc3ccco3)c2)c1C,0
ZINC02625016,DUD_vegfr2_D_1258,Cc1cnc(NC(=O)[C@H](Cc2ccccc2)NC(=O)c2ccccc2)s1,0
ZINC02625017,DUD_vegfr2_D_1259,Cc1cnc(NC(=O)[C@@H](Cc2ccccc2)NC(=O)c2ccccc2)s1,0
ZINC02625410,DUD_vegfr2_D_1260,C=CCn1c(SCC(=O)Nc2ccc3c(c2)OCO3)nnc1-c1ccccc1F,0
ZINC02627559,DUD_vegfr2_D_1261,Cc1ccc(NC(=O)CN2C(=O)N[C@@H](Cc3ccccc3)C2=O)cc1Cl,0
ZINC02627560,DUD_vegfr2_D_1262,Cc1ccc(NC(=O)CN2C(=O)N[C@@H](Cc3ccccc3)C2=O)cc1Cl,0
ZINC02627665,DUD_vegfr2_D_1263,C[C@H](C(=O)Nc1ccc(Cl)cc1)N1C(=O)N[C@@](C)(c2ccccc2)C1=O,0
ZINC02627899,DUD_vegfr2_D_1264,Cc1cccc(C)c1NC(=O)CCCOC(=O)c1ccc2ncsc2c1,0
ZINC02628034,DUD_vegfr2_D_1265,Cc1ccc(NC(=O)CN2C(=O)N[C@@H](Cc3ccccc3)C2=O)c(Br)c1,0
ZINC02628515,DUD_vegfr2_D_1266,COc1ccc(-c2csc(NC(=O)Cc3c[nH]c4ccccc34)n2)cc1,0
ZINC02629558,DUD_vegfr2_D_1267,O=C(COC(=O)Cc1c[nH]c2ccccc12)Nc1ccc(OC(F)F)cc1,0
ZINC02630197,DUD_vegfr2_D_1268,O=C(NC1CCC(O)CC1)c1cc(-c2cccs2)nc2ccccc12,0
ZINC02631176,DUD_vegfr2_D_1269,CCc1nc2ccccc2c(C(=O)OCC(=O)Nc2cccnc2Cl)c1C,0
ZINC02632149,DUD_vegfr2_D_1270,S=C(NCCc1ccccc1)N/N=C\c1ccc2c(c1)OCCO2,0
ZINC02633375,DUD_vegfr2_D_1271,C[C@]1(CCc2ccccc2)NC(=O)N(CC(=O)Nc2c(F)cccc2F)C1=O,0
ZINC02633376,DUD_vegfr2_D_1272,C[C@]1(CCc2ccccc2)NC(=O)N(CC(=O)Nc2c(F)cccc2F)C1=O,0
ZINC02633765,DUD_vegfr2_D_1273,CCC[C@]1(c2ccccc2)NC(=O)N(CC(=O)Nc2ccc(C)c(F)c2)C1=O,0
ZINC02633766,DUD_vegfr2_D_1274,CCC[C@@]1(c2ccccc2)NC(=O)N(CC(=O)Nc2ccc(C)c(F)c2)C1=O,0
ZINC02636182,DUD_vegfr2_D_1275,O=C(COC(=O)C1(c2ccccc2F)CCCC1)Nc1nc2ccccc2s1,0
ZINC02636377,DUD_vegfr2_D_1276,CSCC[C@H]1NC(=O)N(CC(=O)Nc2cccc3ccccc23)C1=O,0
ZINC02637602,DUD_vegfr2_D_1277,O=C1N[C@@H](Cc2c[nH]c3ccccc23)C(=O)N1CCOc1ccc(F)cc1,0
ZINC02641332,DUD_vegfr2_D_1278,CC(C)n1nc(C(=O)OCC(=O)Nc2ccccc2Cl)c2ccccc2c1=O,0
ZINC02642192,DUD_vegfr2_D_1279,Cc1onc(-c2ccccc2)c1C(=O)OCC(=O)Nc1cccc(Cl)c1C,0
ZINC02643081,DUD_vegfr2_D_1280,O=C(CN1C(=O)N[C@H](CCc2ccccc2)C1=O)Nc1cccc(Br)c1,0
ZINC02643083,DUD_vegfr2_D_1281,O=C(CN1C(=O)N[C@]2(CCc3ccccc3C2)C1=O)Nc1ccccc1OC(F)F,0
ZINC02643084,DUD_vegfr2_D_1282,O=C(CN1C(=O)N[C@@]2(CCc3ccccc3C2)C1=O)Nc1ccccc1OC(F)F,0
ZINC02643383,DUD_vegfr2_D_1283,O=C(CSc1nnc(-c2ccccc2)[nH]1)Nc1ccc2c(c1)CCC2,0
ZINC02648227,DUD_vegfr2_D_1284,Cc1c(Cl)cccc1NC(=O)C1CCN(S(=O)(=O)c2ccccc2)CC1,0
ZINC02650816,DUD_vegfr2_D_1285,CC(=O)Nc1ccc(-c2csc(NC(=O)Cc3ccccc3F)n2)cc1,0
ZINC02651091,DUD_vegfr2_D_1286,Cc1ccc(-c2csc(NC(=O)CCNC(=O)c3ccco3)n2)cc1,0
ZINC02653631,DUD_vegfr2_D_1287,O=C(CSc1nnc(Nc2ccccc2)s1)Nc1ccc2c(c1)OCCO2,0
ZINC02653785,DUD_vegfr2_D_1288,CC(=O)Nc1ccc(NC(=O)c2c(C)nn(Cc3ccccc3)c2Cl)cc1,0
ZINC02654465,DUD_vegfr2_D_1289,CC(=O)c1cccc(NC(=O)[C@H](NC(=O)c2ccc(F)cc2)C(C)C)c1,0
ZINC02657852,DUD_vegfr2_D_1290,Cc1cccc(NC(=O)CSC2=NC3=Nc4ccccc4SC3=NN2)c1C,0
ZINC02658402,DUD_vegfr2_D_1291,COC(=O)c1ccc(/C=N/NC(=S)NCc2ccccc2)cc1,0
ZINC02660903,DUD_vegfr2_D_1292,CCOc1ccc(C(C)=O)cc1CSc1nnc(-c2c[nH]c3ccccc23)o1,0
ZINC02661085,DUD_vegfr2_D_1293,COc1ccc(-c2csc(NC(=O)Cc3c[nH]c4ccccc34)n2)cc1OC,0
ZINC02661352,DUD_vegfr2_D_1294,Cc1cccc(C(=O)N[C@@H](C(=O)Nc2nc3ccccc3s2)C(C)C)c1,0
ZINC02661353,DUD_vegfr2_D_1295,Cc1cccc(C(=O)N[C@@H](C(=O)Nc2nc3ccccc3s2)C(C)C)c1,0
ZINC02661890,DUD_vegfr2_D_1296,Cc1ccc(Nc2nc(CSc3nnnn3-c3ccccc3)cs2)cc1,0
ZINC02662042,DUD_vegfr2_D_1297,Cc1ccc(Nc2nc(CSc3nnc(-c4ccncc4)n3C)cs2)cc1,0
ZINC02662770,DUD_vegfr2_D_1298,O=C(NC1CCC(O)CC1)c1nn(Cc2ccccc2)c(=O)c2ccccc12,0
ZINC02662872,DUD_vegfr2_D_1299,CC(C)[C@@H](NC(=O)c1ccco1)C(=O)OCC(=O)Nc1cccc(Cl)c1,0
ZINC02663138,DUD_vegfr2_D_1300,O=C(CSc1nnc(-c2c[nH]c3ccccc23)o1)Nc1ccc2c(c1)CCC2,0
ZINC02664702,DUD_vegfr2_D_1301,COC(=O)c1ccccc1NC(=O)CN1C(=O)N[C@@](C)(c2ccccc2Cl)C1=O,0
ZINC02665248,DUD_vegfr2_D_1302,Cc1cc(C(=O)COc2ccccc2C(N)=O)c(C)n1Cc1cccs1,0
ZINC02667849,DUD_vegfr2_D_1303,OCCCc1nc2n(n1)[C@H](c1ccccc1)C=C(c1cccs1)N2,0
ZINC02667850,DUD_vegfr2_D_1304,OCCCc1nc2n(n1)[C@@H](c1ccccc1)C=C(c1cccs1)N2,0
ZINC02667851,DUD_vegfr2_D_1305,Cc1ccc([C@H]2C=C(c3cccs3)Nc3nc(CCCO)nn32)cc1,0
ZINC02667852,DUD_vegfr2_D_1306,Cc1ccc([C@H]2C=C(c3cccs3)Nc3nc(CCCO)nn32)cc1,0
ZINC02667883,DUD_vegfr2_D_1307,Cc1ccc(C2=C[C@H](c3cccs3)n3nc(CCCO)nc3N2)cc1,0
ZINC02667884,DUD_vegfr2_D_1308,Cc1ccc(C2=C[C@H](c3cccs3)n3nc(CCCO)nc3N2)cc1,0
ZINC02669095,DUD_vegfr2_D_1309,C=C(N/N=C1/NC(=O)[C@H](Cc2ccc(C)cc2)S1)c1ccccc1,0
ZINC02680255,DUD_vegfr2_D_1310,C=C1NN(c2ccccc2)C(=O)/C1=N/Nc1nc2ccc(OCC)cc2s1,0
ZINC02686628,DUD_vegfr2_D_1311,Cc1ccc(CNC(=O)c2nnn(Cc3cccc(F)c3)c2N)cc1,0
ZINC02689563,DUD_vegfr2_D_1312,COc1ccc(Cl)cc1NC(=O)c1nnn(CCc2ccccc2)c1N,0
ZINC02699200,DUD_vegfr2_D_1313,Cc1ccc(NC(=O)CSc2nc3c(oc4ccccc43)c(=O)[nH]2)cc1,0
ZINC02699200,DUD_vegfr2_D_1314,Cc1ccc(NC(=O)CSc2nc(O)c3oc4ccccc4c3n2)cc1,0
ZINC02699200,DUD_vegfr2_D_1315,Cc1ccc(NC(=O)CSc2nc(=O)c3oc4ccccc4c3[nH]2)cc1,0
ZINC02699205,DUD_vegfr2_D_1316,COc1cccc(NC(=O)CSc2nc(O)c3oc4ccccc4c3n2)c1,0
ZINC02699207,DUD_vegfr2_D_1317,CCOc1cccc2c1Oc1nc(-c3cccc(OC)c3O)[nH]c(=S)c1C2,0
ZINC02701592,DUD_vegfr2_D_1318,C=C1Nc2[nH]c(=S)[nH]c(=O)c2[C@@H](c2cccc(Oc3ccccc3)c2)[C@H]1C(=O)OC,0
ZINC02702356,DUD_vegfr2_D_1319,CCNC(=S)NNC(=O)c1cc(-c2ccccc2)nc2ccccc12,0
ZINC02708446,DUD_vegfr2_D_1320,CC(=O)Nc1ccc(NC(=O)c2ccc(CSc3ccccc3)o2)cc1,0
ZINC02711708,DUD_vegfr2_D_1321,CCc1ccccc1NCN1C(=O)/C(=N\NC(N)=S)c2ccccc21,0
ZINC02713089,DUD_vegfr2_D_1322,COCCCNc1nc2c(-c3cccc(Br)c3)nnn2c2ccccc12,0
ZINC02713491,DUD_vegfr2_D_1323,CC(C)n1c(SCC(=O)Nc2ccccc2F)nc2c(oc3ccccc32)c1=O,0
ZINC02713762,DUD_vegfr2_D_1324,Cn1cccc1Cc1nnc(SCC(=O)Nc2nc3ccccc3s2)n1C,0
ZINC02718349,DUD_vegfr2_D_1325,Cc1nnc(NC(=O)CSc2c(-c3ccccc3)[nH]c3ccccc23)s1,0
ZINC02718359,DUD_vegfr2_D_1326,Cc1cc(NC(=O)CSc2c(-c3ccccc3)[nH]c3ccccc23)no1,0
ZINC02718812,DUD_vegfr2_D_1327,CCc1ccc(Nc2nnc(Cc3ccc(Cl)cc3)c(=O)[nH]2)cc1,0
ZINC02718815,DUD_vegfr2_D_1328,CCOc1ccccc1Nc1nnc(Cc2ccc(Cl)cc2)c(=O)[nH]1,0
ZINC02718971,DUD_vegfr2_D_1329,CC(C)c1ccc(Nc2nnc(Cc3ccc(Cl)cc3)c(=O)[nH]2)cc1,0
ZINC02718979,DUD_vegfr2_D_1330,CCc1ccc(Nc2nnc(Cc3ccccc3Cl)c(=O)[nH]2)cc1,0
ZINC02718984,DUD_vegfr2_D_1331,CCOc1ccccc1Nc1nnc(Cc2ccccc2Cl)c(=O)[nH]1,0
ZINC02718989,DUD_vegfr2_D_1332,CCOc1ccc(Nc2nnc(Cc3ccccc3Cl)c(=O)[nH]2)cc1,0
ZINC02719004,DUD_vegfr2_D_1333,CC(C)c1ccc(Nc2nnc(Cc3ccccc3Cl)c(=O)[nH]2)cc1,0
ZINC02720110,DUD_vegfr2_D_1334,COc1ccc(NC(=O)CSc2nc3c([nH]c4ccccc43)c(=O)n2C)cc1,0
ZINC02720111,DUD_vegfr2_D_1335,Cn1c(SCC(=O)Nc2ccccc2F)nc2c([nH]c3ccccc32)c1=O,0
ZINC02720588,DUD_vegfr2_D_1336,COc1cccc(NC(=O)CSc2nc3c([nH]c4ccccc43)c(=O)n2C)c1,0
ZINC02720998,DUD_vegfr2_D_1337,Cc1c(C(=O)NCCSc2c[nH]c3ccccc23)cccc1[N+](=O)[O-],0
ZINC02721003,DUD_vegfr2_D_1338,O=C(/C=C\c1ccc2c(c1)OCO2)NCCSc1c[nH]c2ccccc12,0
ZINC02721888,DUD_vegfr2_D_1339,CCOC(=O)c1[nH]c2ccccc2c1NC(=S)Nc1ccccc1OC,0
ZINC02721889,DUD_vegfr2_D_1340,CCOC(=O)c1[nH]c2ccccc2c1NC(=S)Nc1ccc(OC)cc1,0
ZINC02722946,DUD_vegfr2_D_1341,Cc1cccn2c(=O)c3cc(C(=O)NCCc4ccccc4)sc3nc12,0
ZINC02726530,DUD_vegfr2_D_1342,CCOc1ccc2nc(NC(=O)Cc3c[nH]c4ccccc34)sc2c1,0
ZINC02730110,DUD_vegfr2_D_1343,Cc1ccnn1[C@H](C)c1nnc(Nc2ccn(Cc3ccccc3)n2)s1,0
ZINC02730501,DUD_vegfr2_D_1344,CC(C)Cc1nnc(SCC(=O)Nc2cccc3ccccc23)[nH]1,0
ZINC02730723,DUD_vegfr2_D_1345,Cc1cnn([C@H](C)c2nnc(Nc3ccn(Cc4ccccc4)n3)s2)c1,0
ZINC02736052,DUD_vegfr2_D_1346,C#CCOc1ccc(/C=C2/C(=O)NC(=O)N(c3cccc(Br)c3)C2=O)cc1,0
ZINC02739749,DUD_vegfr2_D_1347,CCc1c(C)sc(NC(=O)COc2ccc3ccccc3c2)c1C(N)=O,0
ZINC02741003,DUD_vegfr2_D_1348,CCn1cc(/C=C/C(=O)NC(=S)Nc2nccc(-c3ccco3)n2)cn1,0
ZINC02744402,DUD_vegfr2_D_1349,CCOc1ccc(C(=O)Nc2ccc(NC(=O)c3ccco3)c(Cl)c2)cc1,0
ZINC02750316,DUD_vegfr2_D_1350,COc1ccc(C(=O)N/N=C\c2cn[nH]c2-c2ccc(Cl)cc2)cc1,0
ZINC02750316,DUD_vegfr2_D_1351,COc1ccc(C(=O)N/N=C\c2c[nH]nc2-c2ccc(Cl)cc2)cc1,0
ZINC02751865,DUD_vegfr2_D_1352,CC(C)c1ccc(OCC(=O)NNC(=S)NC(=O)c2ccco2)cc1,0
ZINC02752324,DUD_vegfr2_D_1353,COc1ccc(-c2cc(C(=O)Nc3nccs3)c3ccccc3n2)cc1OC,0
ZINC02755576,DUD_vegfr2_D_1354,CC(C)c1ccc(C(=O)N/N=C/c2[nH]ncc2-c2ccc(F)cc2)cc1,0
ZINC02755576,DUD_vegfr2_D_1355,CC(C)c1ccc(C(=O)N/N=C/c2n[nH]cc2-c2ccc(F)cc2)cc1,0
ZINC02755791,DUD_vegfr2_D_1356,CC(=O)Nc1ccc(NC(=O)c2ccc(Cn3cc(Br)cn3)cc2)cc1,0
ZINC02757954,DUD_vegfr2_D_1357,COc1ccc(-c2[nH]ncc2/C=N/NC(=O)c2ccc(Br)cc2)cc1,0
ZINC02757954,DUD_vegfr2_D_1358,COc1ccc(-c2n[nH]cc2/C=N\NC(=O)c2ccc(Br)cc2)cc1,0
ZINC02760890,DUD_vegfr2_D_1359,COc1cc(OC)cc(C(=O)Nc2sc(C)c(-c3ccccc3)c2C(N)=O)c1,0
ZINC02761401,DUD_vegfr2_D_1360,CCc1ccc(-c2[nH]ncc2/C=N\NS(=O)(=O)c2ccc(Cl)cc2)cc1,0
ZINC02761401,DUD_vegfr2_D_1361,CCc1ccc(-c2n[nH]cc2/C=N/NS(=O)(=O)c2ccc(Cl)cc2)cc1,0
ZINC02762087,DUD_vegfr2_D_1362,COc1ccc(C(=O)N/N=C\c2c[nH]nc2-c2ccc(F)cc2)cc1OC,0
ZINC02762087,DUD_vegfr2_D_1363,COc1ccc(C(=O)N/N=C\c2cn[nH]c2-c2ccc(F)cc2)cc1OC,0
ZINC02762830,DUD_vegfr2_D_1364,COc1ccc(CC(=O)Nc2scc(-c3cccs3)c2C(N)=O)cc1OC,0
ZINC02763289,DUD_vegfr2_D_1365,Cc1onc(-c2ccccc2)c1C(=O)Nc1ccn(Cc2ccc(F)cc2)n1,0
ZINC02768468,DUD_vegfr2_D_1366,Cc1cc(C(F)F)n2nc(C(=O)Nc3ccccc3Cc3ccccc3)nc2n1,0
ZINC02771690,DUD_vegfr2_D_1367,CCCSc1nnc2c(n1)O[C@H](C(=O)c1ccccc1)Nc1ccccc1-2,0
ZINC02771948,DUD_vegfr2_D_1368,CCNC(=S)NNC(=O)c1cc(-c2ccccc2OC)nc2ccccc12,0
ZINC02773030,DUD_vegfr2_D_1369,CCCc1cc(=O)[nH]c(SCC(=O)Nc2cccc3ccccc23)n1,0
ZINC02773030,DUD_vegfr2_D_1370,CCCc1cc(O)nc(SCC(=O)Nc2cccc3ccccc23)n1,0
ZINC02773030,DUD_vegfr2_D_1371,CCCc1cc(O)nc(SCC(=O)Nc2cccc3ccccc23)n1,0
ZINC02773087,DUD_vegfr2_D_1372,CCCc1cc(=O)[nH]c(SCC(=O)Nc2ccc3ccccc3c2)n1,0
ZINC02773087,DUD_vegfr2_D_1373,CCCc1cc(O)nc(SCC(=O)Nc2ccc3ccccc3c2)n1,0
ZINC02773087,DUD_vegfr2_D_1374,CCCc1cc(O)nc(SCC(=O)Nc2ccc3ccccc3c2)n1,0
ZINC02777689,DUD_vegfr2_D_1375,O=[N+]([O-])c1ccccc1-c1ccc(NC(=S)NC[C@@H]2CCCO2)cc1,0
ZINC02777690,DUD_vegfr2_D_1376,O=[N+]([O-])c1ccccc1-c1ccc(NC(=S)NC[C@@H]2CCCO2)cc1,0
ZINC02784094,DUD_vegfr2_D_1377,CCOC(=O)c1ccc(NC(=S)NNC(=O)c2ccccc2)cc1,0
ZINC02787332,DUD_vegfr2_D_1378,O=C(Nc1ccc2c(c1)OCCO2)c1ccn(COc2ccc(Cl)cc2)n1,0
ZINC02788841,DUD_vegfr2_D_1379,O=C(Cn1c2c(c3ccccc31)CCCC2)Nn1c(S)nc2ccccc2c1=O,0
ZINC02789496,DUD_vegfr2_D_1380,COc1ccc2cc(OCC(=O)Nn3c(S)nc4ccccc4c3=O)ccc2c1,0
ZINC02792281,DUD_vegfr2_D_1381,Cc1cc(C)n(Cc2ccc(C(=O)Nn3c(S)nc4ccccc4c3=O)o2)n1,0
ZINC02793918,DUD_vegfr2_D_1382,Cc1cc(C)n(Cc2cccc(C(=O)Nn3c(S)nc4ccccc4c3=O)c2)n1,0
ZINC02794659,DUD_vegfr2_D_1383,COc1ccc(NC(=O)c2cc3nccc(-c4ccc(F)cc4)n3n2)cc1OC,0
ZINC02794695,DUD_vegfr2_D_1384,COc1ccc(CNC(=O)c2cc3nccc(-c4ccc(F)cc4)n3n2)cc1,0
ZINC02795344,DUD_vegfr2_D_1385,CCn1ncc(CNC(=O)c2cc3nccc(-c4ccc(F)cc4)n3n2)c1C,0
ZINC02795355,DUD_vegfr2_D_1386,Cc1c(CNC(=O)c2cc3nccc(-c4ccc(F)cc4)n3n2)cnn1C,0
ZINC02795735,DUD_vegfr2_D_1387,Cc1cc(C)n(Cc2cccc(NC(=O)c3nn4cccnc4c3Cl)c2)n1,0
ZINC02797935,DUD_vegfr2_D_1388,CCn1cc(NC(=O)c2ccc(Cl)cc2)c(C(=O)NCc2ccco2)n1,0
ZINC02798494,DUD_vegfr2_D_1389,Cc1ccccc1Cn1cc(NC(=S)Nc2ccc3c(c2)OCCO3)cn1,0
ZINC02798801,DUD_vegfr2_D_1390,Cc1ccccc1Cn1cc(NC(=S)NNC(=O)c2ccoc2C)cn1,0
ZINC02799788,DUD_vegfr2_D_1391,CCn1nccc1C(=O)Nc1cccc(NC(=O)c2ccc(Cl)cc2)c1,0
ZINC02802440,DUD_vegfr2_D_1392,Cn1nccc1CNC(=S)Nc1cnn(Cc2ccccc2Cl)c1,0
ZINC02802646,DUD_vegfr2_D_1393,CCn1nccc1CNC(=S)Nc1cnn(Cc2ccccc2F)c1,0
ZINC02803793,DUD_vegfr2_D_1394,CS(=O)(=O)N1CCC(C(=O)Nc2ccccc2Sc2ccccc2)CC1,0
ZINC02806900,DUD_vegfr2_D_1395,CS(=O)(=O)N1CCC[C@H](C(=O)Nc2ccccc2Sc2ccccc2)C1,0
ZINC02806901,DUD_vegfr2_D_1396,CS(=O)(=O)N1CCC[C@H](C(=O)Nc2ccccc2Sc2ccccc2)C1,0
ZINC02825783,DUD_vegfr2_D_1397,CCn1c(SCC(=O)c2ccc3ccccc3c2)nnc1-c1ccc(N)cc1,0
ZINC02829446,DUD_vegfr2_D_1398,C=CCOC(=O)c1cccc(-c2ccc(C=C3C(=O)NC(=S)NC3=O)o2)c1,0
ZINC02849808,DUD_vegfr2_D_1399,O=C(c1ccccc1)c1ccc(N2CCOCC2)c(NC(=O)c2cccs2)c1,0
ZINC02849817,DUD_vegfr2_D_1400,CCC(=O)Nc1ccccc1-c1nnc(SCc2ccccc2)[nH]c1=O,0
ZINC02849817,DUD_vegfr2_D_1401,CCC(=O)Nc1ccccc1-c1nnc(SCc2ccccc2)nc1O,0
ZINC02849817,DUD_vegfr2_D_1402,CCC(=O)Nc1ccccc1-c1n[nH]c(SCc2ccccc2)nc1=O,0
ZINC02849817,DUD_vegfr2_D_1403,CCC(=O)Nc1ccccc1-c1nnc(SCc2ccccc2)nc1O,0
ZINC02851082,DUD_vegfr2_D_1404,C[C@@H](NC(=S)NNC(=O)c1cccc(N(C)C)c1)c1ccccc1,0
ZINC02851225,DUD_vegfr2_D_1405,COC(=O)c1cc(NC(=S)Nc2cccc3ccccc23)cc(C(=O)OC)c1,0
ZINC02851293,DUD_vegfr2_D_1406,Cc1c(C(=O)NNC(=S)N[C@@H](C)c2ccccc2)cccc1[N+](=O)[O-],0
ZINC02851591,DUD_vegfr2_D_1407,Cc1cc(C(=O)NNC(=S)N[C@H](C)c2ccccc2)c2ccccc2n1,0
ZINC02851904,DUD_vegfr2_D_1408,COc1ccc(CC(=O)NNC(=S)N[C@@H](C)c2ccccc2)cc1,0
ZINC02851905,DUD_vegfr2_D_1409,COc1ccc(CC(=O)NNC(=S)N[C@@H](C)c2ccccc2)cc1,0
ZINC02853145,DUD_vegfr2_D_1410,C=CCn1c(SCC(=O)Nc2cccc(C)c2)nnc1-c1ccccc1O,0
ZINC02853883,DUD_vegfr2_D_1411,COc1ccc(NC(=S)NNC(=O)c2oc3ccccc3c2C)cc1OC,0
ZINC02856006,DUD_vegfr2_D_1412,CCCCC(=O)Nc1ccc(C(=O)Nc2nc3ccccc3s2)cc1,0
ZINC02858479,DUD_vegfr2_D_1413,CCOc1ccc(NC(=S)Nc2ccn(Cc3ccccc3C)n2)cc1,0
ZINC02859293,DUD_vegfr2_D_1414,CC(C)C(=O)Nc1cccc(NC(=S)NC(=O)c2ccc3c(c2)OCO3)c1,0
ZINC02859372,DUD_vegfr2_D_1415,COc1ccccc1C(=O)NC(=S)NNC(=O)c1ccccc1C,0
ZINC02860926,DUD_vegfr2_D_1416,CC(=O)Nc1cccc(-c2csc(Nc3ccc(C(C)=O)cc3)n2)c1,0
ZINC02861135,DUD_vegfr2_D_1417,COc1ccccc1N1C(=O)C[C@H](SCC(=O)Nc2ccc(F)cc2)C1=O,0
ZINC02861136,DUD_vegfr2_D_1418,COc1ccccc1N1C(=O)C[C@H](SCC(=O)Nc2ccc(F)cc2)C1=O,0
ZINC02861173,DUD_vegfr2_D_1419,COc1c(C)cc(Br)cc1C(=O)Nc1cccc(NC(=O)c2ccco2)c1,0
ZINC02861394,DUD_vegfr2_D_1420,CN(C)S(=O)(=O)c1ccc(NC(=S)NC(=O)Cc2ccccc2)cc1,0
ZINC02861718,DUD_vegfr2_D_1421,CC(=O)Nc1ccc(-c2csc(NCCc3ccccc3)n2)cc1,0
ZINC02862024,DUD_vegfr2_D_1422,COc1ccc(NC(=O)c2ccco2)cc1NC(=S)NC(=O)c1cccs1,0
ZINC02862043,DUD_vegfr2_D_1423,COc1ccccc1N1C(=O)C[C@H](SCC(=O)Nc2ccccc2)C1=O,0
ZINC02862044,DUD_vegfr2_D_1424,COc1ccccc1N1C(=O)C[C@H](SCC(=O)Nc2ccccc2)C1=O,0
ZINC02862163,DUD_vegfr2_D_1425,CC(C)c1ccc(NC(=O)C[C@@H]2Sc3ccccc3NC2=O)cc1,0
ZINC02866780,DUD_vegfr2_D_1426,O=C(NC(=S)Nc1ccccc1C(=O)NC1CCCCC1)c1ccco1,0
ZINC02871777,DUD_vegfr2_D_1427,CC(C)c1ccccc1OCCNC(=O)c1cc(-n2cnnc2)ccc1Cl,0
ZINC02872636,DUD_vegfr2_D_1428,Cc1cc(C(=O)Nc2ccc(S(=O)(=O)N3CCc4ccccc43)cc2)cs1,0
ZINC02873100,DUD_vegfr2_D_1429,CC(=O)Nc1ccc(NC(=O)CSc2ccc3ccccc3c2)cc1,0
ZINC02873656,DUD_vegfr2_D_1430,CCn1c(SCc2nc3ccccc3c(=O)[nH]2)nnc1-c1ccccc1F,0
ZINC02873656,DUD_vegfr2_D_1431,CCn1c(SCc2nc(O)c3ccccc3n2)nnc1-c1ccccc1F,0
ZINC02873656,DUD_vegfr2_D_1432,CCn1c(SCc2nc(O)c3ccccc3n2)nnc1-c1ccccc1F,0
ZINC02874593,DUD_vegfr2_D_1433,CCn1c(SCC(=O)Nc2ccccc2C)nnc1-c1ccccc1O,0
ZINC02876647,DUD_vegfr2_D_1434,Cc1ccccc1NS(=O)(=O)c1cc(C(=O)Nc2cccc(F)c2)ccc1C,0
ZINC02877834,DUD_vegfr2_D_1435,COc1ccc(C(=O)NC(=S)Nc2cccc3cc(O)ccc23)cc1OC,0
ZINC02878116,DUD_vegfr2_D_1436,O=C(Nc1ccc(S(=O)(=O)NC2CCCCC2)cc1)c1cccc(Cl)c1,0
ZINC02882526,DUD_vegfr2_D_1437,C=CCSc1nnc2c(n1)O[C@@H](c1cccc(O)c1)Nc1ccccc1-2,0
ZINC02882527,DUD_vegfr2_D_1438,C=CCSc1nnc2c(n1)O[C@H](c1cccc(O)c1)Nc1ccccc1-2,0
ZINC02883223,DUD_vegfr2_D_1439,CN(C)c1nc(Nc2ccccc2)nc(SCC(=O)Nc2ccccc2)n1,0
ZINC02883937,DUD_vegfr2_D_1440,C#CCOc1ccc(/C=C2\C(=O)NC(=O)N(c3ccc(C)cc3)C2=O)cc1Br,0
ZINC02884196,DUD_vegfr2_D_1441,COc1ccc(-c2nnc(SCC(=O)Nc3ccccc3OC)[nH]2)cc1,0
ZINC02885154,DUD_vegfr2_D_1442,CCOc1ccccc1-c1nnc(SCC(=O)Nc2ccccc2)[nH]1,0
ZINC02887494,DUD_vegfr2_D_1443,Cc1ccccc1NCC(=O)Nc1ncc(Cc2ccccc2Cl)s1,0
ZINC02887496,DUD_vegfr2_D_1444,Cc1cccc(NCC(=O)Nc2ncc(Cc3ccccc3Cl)s2)c1,0
ZINC02887690,DUD_vegfr2_D_1445,Cc1ccccc1NCC(=O)Nc1ncc(Cc2ccccc2F)s1,0
ZINC02887692,DUD_vegfr2_D_1446,Cc1cccc(NCC(=O)Nc2ncc(Cc3ccccc3F)s2)c1,0
ZINC02887693,DUD_vegfr2_D_1447,Cc1ccc(NCC(=O)Nc2ncc(Cc3ccccc3F)s2)cc1,0
ZINC02887699,DUD_vegfr2_D_1448,Cc1cccc(C)c1NCC(=O)Nc1ncc(Cc2ccccc2F)s1,0
ZINC02887700,DUD_vegfr2_D_1449,Cc1ccc(NCC(=O)Nc2ncc(Cc3ccccc3F)s2)cc1C,0
ZINC02887701,DUD_vegfr2_D_1450,COc1ccccc1NCC(=O)Nc1ncc(Cc2ccccc2F)s1,0
ZINC02887703,DUD_vegfr2_D_1451,COc1ccc(NCC(=O)Nc2ncc(Cc3ccccc3F)s2)cc1,0
ZINC02887786,DUD_vegfr2_D_1452,Cc1ccc(Cc2cnc(NC(=O)CNc3ccccc3)s2)cc1,0
ZINC02887810,DUD_vegfr2_D_1453,Cc1ccccc1NCC(=O)Nc1ncc(Cc2ccccc2)s1,0
ZINC02887813,DUD_vegfr2_D_1454,Cc1ccc(NCC(=O)Nc2ncc(Cc3ccccc3)s2)cc1,0
ZINC02887815,DUD_vegfr2_D_1455,Cc1ccc(C)c(NCC(=O)Nc2ncc(Cc3ccccc3)s2)c1,0
ZINC02887818,DUD_vegfr2_D_1456,Cc1cccc(C)c1NCC(=O)Nc1ncc(Cc2ccccc2)s1,0
ZINC02887819,DUD_vegfr2_D_1457,Cc1ccc(NCC(=O)Nc2ncc(Cc3ccccc3)s2)cc1C,0
ZINC02887823,DUD_vegfr2_D_1458,COc1ccccc1NCC(=O)Nc1ncc(Cc2ccccc2)s1,0
ZINC02887824,DUD_vegfr2_D_1459,COc1ccc(NCC(=O)Nc2ncc(Cc3ccccc3)s2)cc1,0
ZINC02889871,DUD_vegfr2_D_1460,CCOc1ccc(NC(=O)C[C@H]2Nc3cccc4cccc(c34)NC2=O)cc1,0
ZINC02889872,DUD_vegfr2_D_1461,CCOc1ccc(NC(=O)C[C@@H]2Nc3cccc4cccc(c34)NC2=O)cc1,0
ZINC02891039,DUD_vegfr2_D_1462,COc1ccc(-c2nnc(SCC(=O)Nc3cccc(SC)c3)[nH]2)cc1,0
ZINC02907986,DUD_vegfr2_D_1463,O=S(=O)(N[C@@H]1CCCC[C@@H]1Nc1ccc(Cl)cc1)c1ccccc1,0
ZINC02907988,DUD_vegfr2_D_1464,O=S(=O)(N[C@H]1CCCC[C@@H]1Nc1ccc(Cl)cc1)c1ccccc1,0
ZINC02907995,DUD_vegfr2_D_1465,O=S(=O)(N[C@@H]1CCCC[C@H]1Nc1ccc(Br)cc1)c1ccccc1,0
ZINC02907996,DUD_vegfr2_D_1466,O=S(=O)(N[C@@H]1CCCC[C@@H]1Nc1ccc(Br)cc1)c1ccccc1,0
ZINC02908017,DUD_vegfr2_D_1467,CCN(CC)c1ccc2cc(C(N)=O)/c(=N/c3ccc(F)cc3)oc2c1,0
ZINC02909736,DUD_vegfr2_D_1468,Cc1c(C(=O)Nc2ccc(Oc3ccccc3)cc2)sc2ncn(C)c(=O)c12,0
ZINC02910057,DUD_vegfr2_D_1469,CCCSc1nnc2c(n1)O[C@@H](c1ccc(O)cc1)Nc1ccccc1-2,0
ZINC02910059,DUD_vegfr2_D_1470,CCCSc1nnc2c(n1)O[C@@H](c1ccc(O)cc1)Nc1ccccc1-2,0
ZINC02910920,DUD_vegfr2_D_1471,CCCn1cnc2sc(C(=O)Nc3cccc4ccccc34)c(C)c2c1=O,0
ZINC02913034,DUD_vegfr2_D_1472,CCCSc1nnc2c(n1)O[C@H](c1ccccc1[N+](=O)[O-])Nc1ccccc1-2,0
ZINC02915859,DUD_vegfr2_D_1473,CCCCSc1nnc2c(n1)O[C@H](c1ccc(O)cc1)Nc1ccccc1-2,0
ZINC02926873,DUD_vegfr2_D_1474,Cc1c(C(=O)NCc2ccco2)sc2ncnc(N(C)c3ccccc3)c12,0
ZINC02940959,DUD_vegfr2_D_1475,C=C(NNC(=O)[C@H](C)n1nnc2ccccc21)c1ccc(Br)cc1,0
ZINC02942430,DUD_vegfr2_D_1476,CCOC(=O)/C=C/C(=O)Nc1nc(-c2ccc3ccccc3c2)cs1,0
ZINC02957693,DUD_vegfr2_D_1477,COc1ccccc1-n1nnc(C(=O)NCc2ccccc2Cl)c1N,0
ZINC02957695,DUD_vegfr2_D_1478,COc1ccccc1-n1nnc(C(=O)NCc2ccc(Cl)cc2)c1N,0
ZINC02957700,DUD_vegfr2_D_1479,COc1ccccc1-n1nnc(C(=O)NCCc2ccc(Cl)cc2)c1N,0
ZINC02957713,DUD_vegfr2_D_1480,Nc1c(C(=O)NCc2ccccc2Cl)nnn1-c1ccc2c(c1)OCCO2,0
ZINC02957719,DUD_vegfr2_D_1481,Nc1c(C(=O)NCCc2ccc(Cl)cc2)nnn1-c1ccc2c(c1)OCCO2,0
ZINC02962039,DUD_vegfr2_D_1482,Cc1ccccc1CSc1nc2c(sc3ccccc32)c(=O)n1CCO,0
ZINC02966876,DUD_vegfr2_D_1483,COc1cccc(NC(=O)CC[C@@H]2N=C3c4ccccc4NC(=S)N3C2=O)c1,0
ZINC02966878,DUD_vegfr2_D_1484,COc1cccc(NC(=O)CC[C@@H]2N=C3c4ccccc4NC(=S)N3C2=O)c1,0
ZINC02968924,DUD_vegfr2_D_1485,COc1cccc(NC(=O)CSc2nc3ccccc3c3nc(C)nn23)c1,0
ZINC02969395,DUD_vegfr2_D_1486,CC[C@H](Sc1nc2ccccc2c2nc(C)nn12)C(=O)Nc1ccc(F)cc1,0
ZINC02970281,DUD_vegfr2_D_1487,COc1ccccc1O[C@@H](C)C(=O)Nn1c(=S)[nH]c2ccccc2c1=O,0
ZINC02970282,DUD_vegfr2_D_1488,COc1ccccc1O[C@H](C)C(=O)Nn1c(=S)[nH]c2ccccc2c1=O,0
ZINC02970347,DUD_vegfr2_D_1489,CCCCCNC(=O)c1ccc2c(c1)[nH]c(=S)n1c3ccccc3nc21,0
ZINC02970891,DUD_vegfr2_D_1490,CC(C)CCNC(=O)c1ccc2c(=O)n(Cc3ccco3)c(=S)[nH]c2c1,0
ZINC02971421,DUD_vegfr2_D_1491,COc1ccccc1NC(=O)CCCn1c(=S)[nH]c2ccccc2c1=O,0
ZINC02971422,DUD_vegfr2_D_1492,COc1ccc(NC(=O)CCCn2c(=S)[nH]c3ccccc3c2=O)cc1,0
ZINC02971474,DUD_vegfr2_D_1493,CCOc1ccc(NC(=O)CCn2c(=S)[nH]c3ccccc3c2=O)cc1,0
ZINC02971480,DUD_vegfr2_D_1494,COc1ccc(NC(=O)CCn2c(=S)[nH]c3ccccc3c2=O)cc1,0
ZINC02971807,DUD_vegfr2_D_1495,COc1ccccc1NC(=O)CCn1c(=S)[nH]c2ccccc2c1=O,0
ZINC02971873,DUD_vegfr2_D_1496,O=C(CCn1c(=S)[nH]c2ccccc2c1=O)Nc1ccc2c(c1)CCC2,0
ZINC02971881,DUD_vegfr2_D_1497,COc1ccc(OC)c(NC(=O)CCn2c(=S)[nH]c3ccccc3c2=O)c1,0
ZINC02972035,DUD_vegfr2_D_1498,COc1cccc(NC(=O)CCn2c(=S)[nH]c3ccccc3c2=O)c1,0
ZINC02972089,DUD_vegfr2_D_1499,COc1cccc(NC(=O)CCCn2c(=S)[nH]c3ccccc3c2=O)c1,0
ZINC02972103,DUD_vegfr2_D_1500,O=C(CCCn1c(=S)[nH]c2ccccc2c1=O)N1CCc2ccccc21,0
ZINC02973370,DUD_vegfr2_D_1501,CC(C)CCNC(=O)c1ccc(Cn2c(=S)[nH]c3ccccc3c2=O)cc1,0
ZINC02984356,DUD_vegfr2_D_1502,C#CCOc1ccc(/C=C2/C(=O)NC(=O)N(c3ccccc3F)C2=O)cc1OCC,0
ZINC02990052,DUD_vegfr2_D_1503,C#CCOc1cccc(/C=C2\C(=O)NC(=O)N(c3ccc(C)c(Cl)c3)C2=O)c1,0
ZINC02992933,DUD_vegfr2_D_1504,CCOc1ccc(C(=O)Nc2ccc(NC(=O)c3ccco3)cc2)cc1Cl,0
ZINC02994596,DUD_vegfr2_D_1505,O=C1NC(=S)NC(=O)C1=Cc1cn(CCOc2ccc3c(c2)OCO3)c2ccccc12,0
ZINC03005257,DUD_vegfr2_D_1506,COCCNC(=S)Nc1ccc2nc(-c3ccco3)c(-c3ccco3)nc2c1,0
ZINC03008088,DUD_vegfr2_D_1507,O=C(/C=C/c1ccco1)Nc1c2c(nn1-c1ccc([N+](=O)[O-])cc1)CSC2,0
ZINC03017126,DUD_vegfr2_D_1508,COc1ccc(C(=O)CSc2nc(-c3ccccc3)cc(=O)[nH]2)cc1C,0
ZINC03017126,DUD_vegfr2_D_1509,COc1ccc(C(=O)CSc2nc(O)cc(-c3ccccc3)n2)cc1C,0
ZINC03017126,DUD_vegfr2_D_1510,COc1ccc(C(=O)CSc2nc(O)cc(-c3ccccc3)n2)cc1C,0
ZINC03020942,DUD_vegfr2_D_1511,Cc1ccc(CNC(=O)c2cc(S(=O)(=O)N3CCc4ccccc43)ccc2F)cc1,0
ZINC03022932,DUD_vegfr2_D_1512,Cc1ccc(NC(=O)c2ccc(F)c(S(=O)(=O)N3CCc4ccccc43)c2)cc1F,0
ZINC03030277,DUD_vegfr2_D_1513,Cc1ccc(S(=O)(=O)N2CC=C(C(=O)NCc3ccc(Cl)cc3)CC2)cc1,0
ZINC03030281,DUD_vegfr2_D_1514,Cc1ccc(S(=O)(=O)N2CC=C(C(=O)NCc3ccc(F)cc3)CC2)cc1,0
ZINC03030417,DUD_vegfr2_D_1515,Cc1ccc(S(=O)(=O)N2CC=C(C(=O)NCc3cccs3)CC2)cc1,0
ZINC03031861,DUD_vegfr2_D_1516,Cc1cccc(C)c1NC(=O)c1cc(S(=O)(=O)NCc2ccco2)ccc1F,0
ZINC03040681,DUD_vegfr2_D_1517,C[C@@]1(NNC(=S)c2ccccc2)CC(=O)N(Cc2ccccc2)O1,0
ZINC03040699,DUD_vegfr2_D_1518,O=C(NCc1ccco1)c1ccc2c(c1)N(Cc1ccccc1)C(=O)CS2,0
ZINC03041824,DUD_vegfr2_D_1519,C=CCNC(=S)NNC(=O)c1cccn(Cc2ccccc2)c1=O,0
ZINC03043520,DUD_vegfr2_D_1520,COCCCNC(=O)c1ccc(-n2c(=S)[nH]c3ccccc3c2=O)cc1,0
ZINC03043522,DUD_vegfr2_D_1521,COCCn1c(=S)[nH]c2cc(C(=O)NCc3ccccc3)ccc2c1=O,0
ZINC03045223,DUD_vegfr2_D_1522,Cc1nc2c(C(=O)NCc3ccco3)cnn2c(C)c1Cc1ccc(F)cc1,0
ZINC03048846,DUD_vegfr2_D_1523,CC(=O)Nc1cc(C(=O)NCc2ccco2)ccc1Sc1ccc(F)cc1,0
ZINC03049200,DUD_vegfr2_D_1524,CC(=O)Nc1cc(C(=O)NCc2ccco2)ccc1Sc1ccc(C)cc1,0
ZINC03054129,DUD_vegfr2_D_1525,O=C1Nc2ccccc2S/C1=C/c1ccc(C(=O)NC[C@@H]2CCCO2)cc1,0
ZINC03054133,DUD_vegfr2_D_1526,O=C1Nc2ccccc2S/C1=C\c1ccc(C(=O)NC[C@H]2CCCO2)cc1,0
ZINC03054141,DUD_vegfr2_D_1527,O=C1Nc2ccccc2S/C1=C/c1ccc(C(=O)NC2CCCC2)cc1,0
ZINC03054167,DUD_vegfr2_D_1528,CC(C)CCNC(=O)c1ccc(/C=C2/Sc3ccccc3NC2=O)cc1,0
ZINC03055686,DUD_vegfr2_D_1529,COc1ccc(-c2ccc(=O)n(CC(=O)Nc3cccc(SC)c3)n2)cc1,0
ZINC03059525,DUD_vegfr2_D_1530,CC[C@H](C)NC(=O)c1ccc2c(c1)NC(=O)/C(=C\c1ccccc1)S2,0
ZINC03059528,DUD_vegfr2_D_1531,CC[C@H](C)NC(=O)c1ccc2c(c1)NC(=O)/C(=C\c1ccccc1)S2,0
ZINC03063993,DUD_vegfr2_D_1532,CC(C)NC(=O)c1ccc2c(c1)NC(=O)/C(=C\c1ccccc1)S2,0
ZINC03064184,DUD_vegfr2_D_1533,CCCCNC(=O)c1ccc2c(c1)NC(=O)/C(=C/c1ccccc1)S2,0
ZINC03064200,DUD_vegfr2_D_1534,CCCNC(=O)c1ccc2c(c1)NC(=O)/C(=C\c1ccccc1)S2,0
ZINC03066998,DUD_vegfr2_D_1535,C=c1[nH]n(-c2ccc(Cl)cc2)c(=O)/c1=C/NNC(=O)Cc1ccccc1,0
ZINC03073562,DUD_vegfr2_D_1536,Cc1ccc(NC(=O)C[C@@H]2S/C(=N/c3ccccc3)NC2=O)c(C)c1,0
ZINC03073564,DUD_vegfr2_D_1537,Cc1ccc(NC(=O)C[C@@H]2S/C(=N\c3ccccc3)NC2=O)c(C)c1,0
ZINC03083799,DUD_vegfr2_D_1538,Fc1cccc(/C=N\N=c2\nc(N3CCOCC3)nc(Nc3ccccc3)[nH]2)c1,0
ZINC03087802,DUD_vegfr2_D_1539,C=C(NNC(=O)CNC(=O)c1cccc(F)c1)c1ccc(N(C)C)cc1,0
ZINC03088717,DUD_vegfr2_D_1540,C=C(NNC(=O)COc1ccc(Cl)cc1)c1ccc2c(c1)OCCO2,0
ZINC03095908,DUD_vegfr2_D_1541,C=C(CC(=O)Nc1ccc(Cl)cc1C)NNC(=O)c1ccccn1,0
ZINC03100236,DUD_vegfr2_D_1542,O=C(Nc1sc2c(c1C(=O)Nc1ccccc1)CCCC2)c1cccnc1,0
ZINC03106997,DUD_vegfr2_D_1543,C/C(=C\C(=O)NCc1ccc(F)cc1)NNC(=O)c1ccccc1F,0
ZINC03107282,DUD_vegfr2_D_1544,C=c1[nH]n(-c2ccc(C)cc2)c(=S)/c1=C/Nc1cccc([N+](=O)[O-])c1,0
ZINC03131364,DUD_vegfr2_D_1545,O=C1c2cccc3c(NC[C@@H](O)CCl)ccc(c23)C(=O)N1c1ccccc1,0
ZINC03131365,DUD_vegfr2_D_1546,O=C1c2cccc3c(NC[C@@H](O)CCl)ccc(c23)C(=O)N1c1ccccc1,0
ZINC03145170,DUD_vegfr2_D_1547,Cc1cccc(OC(=O)NCCOC(=O)Nc2cccc(Cl)c2)c1,0
ZINC03147658,DUD_vegfr2_D_1548,O=C(Nc1ccc(Cl)cc1)OCCCNC(=O)Oc1ccccc1,0
ZINC03170274,DUD_vegfr2_D_1549,CC(=O)Nc1nn(-c2ccccc2)c(O)c1/N=C\c1ccccc1Br,0
ZINC03170743,DUD_vegfr2_D_1550,Cc1cccc(Nc2nc3ccccc3nc2NS(=O)(=O)c2cccs2)c1C,0
ZINC03173972,DUD_vegfr2_D_1551,O=C(NCCCO)c1cn(-c2ccccc2)nc1-c1ccc(F)cc1,0
ZINC03175432,DUD_vegfr2_D_1552,CC[C@H](CO)NC(=O)c1cn(-c2ccccc2)nc1-c1cccs1,0
ZINC03175435,DUD_vegfr2_D_1553,CC[C@@H](CO)NC(=O)c1cn(-c2ccccc2)nc1-c1cccs1,0
ZINC03176180,DUD_vegfr2_D_1554,Cc1cccc(OC(=O)NC[C@@H](C)OC(=O)Nc2ccc(Cl)cc2)c1,0
ZINC03176341,DUD_vegfr2_D_1555,O=C(COc1ccccc1[N+](=O)[O-])Nc1nc2c(s1)CCc1ccccc1-2,0
ZINC03186105,DUD_vegfr2_D_1556,C/C(=C\C(=O)Nc1ccc(Cl)cn1)NNC(=O)c1ccc2ccccc2c1,0
ZINC03187627,DUD_vegfr2_D_1557,O=C(NNC1=CCCC1)c1cc(-c2ccc(F)cc2)nc2ccccc12,0
ZINC03189744,DUD_vegfr2_D_1558,O=C(N[C@@H](Cc1c[nH]c2ccccc12)c1nnc2n1CCC2)c1ccccc1Cl,0
ZINC03189745,DUD_vegfr2_D_1559,O=C(N[C@@H](Cc1c[nH]c2ccccc12)c1nnc2n1CCC2)c1ccccc1Cl,0
ZINC03192060,DUD_vegfr2_D_1560,O=C(N[C@@H](Cc1c[nH]c2ccccc12)c1nnc2n1CCC2)c1ccc(Cl)cc1,0
ZINC03192063,DUD_vegfr2_D_1561,O=C(N[C@@H](Cc1c[nH]c2ccccc12)c1nnc2n1CCCCC2)c1cccs1,0
ZINC03192065,DUD_vegfr2_D_1562,O=C(N[C@H](Cc1c[nH]c2ccccc12)c1nnc2n1CCCCC2)c1cccs1,0
ZINC03192066,DUD_vegfr2_D_1563,O=C(N[C@H](Cc1c[nH]c2ccccc12)c1nnc2n1CCC2)c1ccccc1,0
ZINC03195907,DUD_vegfr2_D_1564,O=C(NC(=S)NCCO)c1cn(-c2ccccc2)nc1-c1ccccc1,0
ZINC03199718,DUD_vegfr2_D_1565,CCn1c(C)nc2cc(C(=O)NNC(=S)Nc3ccccc3)ccc21,0
ZINC03204482,DUD_vegfr2_D_1566,O=C(CNc1ccc(F)cc1)N/N=C/c1ccc(N2CCOCC2)cc1,0
ZINC03213326,DUD_vegfr2_D_1567,Cc1ccc(NC(=O)c2ccccc2NS(=O)(=O)c2ccc(F)cc2)c(C)c1,0
ZINC03213811,DUD_vegfr2_D_1568,Cc1ccc(C)c(NC(=O)c2ccccc2NS(=O)(=O)c2ccc(F)cc2)c1,0
ZINC03215090,DUD_vegfr2_D_1569,CCN(CC)c1ccc2cc(C(N)=O)/c(=N/c3ccc(Cl)cc3)oc2c1,0
ZINC03216782,DUD_vegfr2_D_1570,O=C(N/N=C\C1=C(Sc2nc3ccccc3o2)CCCC1)c1ccncc1,0
ZINC03222102,DUD_vegfr2_D_1571,COc1cccc(C(=O)OCC(=O)Nc2nc(-c3ccc(F)cc3)cs2)c1,0
ZINC03222146,DUD_vegfr2_D_1572,C=C(NNC(=O)c1ccccc1Br)c1ccc(N2CCOCC2)cc1,0
ZINC03222224,DUD_vegfr2_D_1573,COCCNC(=O)c1c(N)n(-c2ccc(F)cc2)c2nc3ccccc3nc12,0
ZINC03222633,DUD_vegfr2_D_1574,Cc1ccc2nc(NC(=O)[C@H](NC(=O)c3ccccc3)C(C)C)sc2c1,0
ZINC03222634,DUD_vegfr2_D_1575,Cc1ccc2nc(NC(=O)[C@@H](NC(=O)c3ccccc3)C(C)C)sc2c1,0
ZINC03223759,DUD_vegfr2_D_1576,CCOc1ccc(N2C(=O)CC(c3nc4ccccc4s3)=C2N)cc1,0
ZINC03224841,DUD_vegfr2_D_1577,COc1ccc(Cl)cc1NC(=O)COC(=O)c1ccc2ccccc2n1,0
ZINC03225603,DUD_vegfr2_D_1578,CCn1c2ccccc2c2cc(NC(=O)CSc3nnc[nH]3)ccc21,0
ZINC03227354,DUD_vegfr2_D_1579,COc1ccc(CCN2C(=O)CC(c3nc4ccccc4s3)=C2N)cc1OC,0
ZINC03227894,DUD_vegfr2_D_1580,COc1ccccc1NC(=O)c1cc(Sc2nncn2C)nc2ccccc12,0
ZINC03228150,DUD_vegfr2_D_1581,O=C(COC(=O)c1c2c(nc3ccccc13)CCC2)Nc1ccccc1F,0
ZINC03229173,DUD_vegfr2_D_1582,COc1cc2c(cc1NC(=O)COC(=O)Cc1cccs1)oc1ccccc12,0
ZINC03229899,DUD_vegfr2_D_1583,Cc1cc(C)cc(NC(=O)CSc2nnc(-c3c[nH]c4ccccc34)o2)c1,0
ZINC03230184,DUD_vegfr2_D_1584,COc1cc(/C=N/NC(=O)c2ccc3ccccc3n2)cc(Br)c1O,0
ZINC03230801,DUD_vegfr2_D_1585,O=C(Nc1ccccc1NS(=O)(=O)c1cccs1)c1cc2c(s1)CCC2,0
ZINC03231140,DUD_vegfr2_D_1586,COc1ccc(C(=O)OCCNC(=O)c2c(Cl)nc3ccccn23)cc1,0
ZINC03232102,DUD_vegfr2_D_1587,CN(C)c1ccc(NC(=O)CSc2nnc(-c3c[nH]c4ccccc34)o2)cc1,0
ZINC03234904,DUD_vegfr2_D_1588,Cc1ccc(Nc2nnc(SCC(=O)Nc3ccccc3C)s2)cc1,0
ZINC03234912,DUD_vegfr2_D_1589,Cc1cccc(Nc2nnc(SCC(=O)Nc3ccccc3)s2)c1C,0
ZINC03236073,DUD_vegfr2_D_1590,O=C(Nc1nnc(C2CC2)s1)c1ccccc1OCc1ccccc1,0
ZINC03236290,DUD_vegfr2_D_1591,COC(=O)c1sc(NC(=O)c2ccc(Oc3ccccc3)cc2)nc1C,0
ZINC03237207,DUD_vegfr2_D_1592,Cn1cc(O)nc1NC(=O)c1cc(-c2ccc(F)cc2)nc2ccccc12,0
ZINC03239779,DUD_vegfr2_D_1593,O=C(COC(=O)CSc1ccc2ccccc2c1)Nc1ccc2c(c1)OCO2,0
ZINC03239909,DUD_vegfr2_D_1594,O=C(N[C@@H](Cc1c[nH]c2ccccc12)C(=O)O[C@@H]1CCOC1=O)c1ccc(Cl)cc1,0
ZINC03242200,DUD_vegfr2_D_1595,COC(=O)c1ccc(-c2csc(NC(=O)c3ccc(OC)cc3)n2)cc1,0
ZINC03242858,DUD_vegfr2_D_1596,COc1cc2c(cc1NC(=O)COC(=O)c1cccs1)oc1ccccc12,0
ZINC03243444,DUD_vegfr2_D_1597,O=C(N/N=C\c1sc(N2CCOCC2)nc1-c1ccccc1)c1ccc(O)cc1,0
ZINC03244712,DUD_vegfr2_D_1598,CCn1c2ccccc2c2cc(NC(=O)CSc3nccc(O)n3)ccc21,0
ZINC03244712,DUD_vegfr2_D_1599,CCn1c2ccccc2c2cc(NC(=O)CSc3nc(=O)cc[nH]3)ccc21,0
ZINC03244712,DUD_vegfr2_D_1600,CCn1c2ccccc2c2cc(NC(=O)CSc3nccc(O)n3)ccc21,0
ZINC03245623,DUD_vegfr2_D_1601,CC(=O)Nc1ccc(NC(=O)[C@@H](C)Sc2ncnc3ccccc23)cc1,0
ZINC03249913,DUD_vegfr2_D_1602,COC(=O)c1ccc(CSc2nnc(-c3c[nH]c4ccccc34)o2)cc1,0
ZINC03250822,DUD_vegfr2_D_1603,Cc1ccc(Nc2nnc(SCC(=O)Nc3ccccc3)s2)cc1C,0
ZINC03252730,DUD_vegfr2_D_1604,C[C@@H](CCc1ccccc1)N1CC(=O)C(c2nc3ccccc3s2)=C1N,0
ZINC03252733,DUD_vegfr2_D_1605,C[C@H](CCc1ccccc1)N1CC(=O)C(c2nc3ccccc3s2)=C1N,0
ZINC03254679,DUD_vegfr2_D_1606,CN(C)c1ccc(NC(=O)c2ccccc2NS(=O)(=O)c2ccc(F)cc2)cc1,0
ZINC03265213,DUD_vegfr2_D_1607,CCc1cc(C(=O)OCC(=O)Nc2ccccc2F)c2ccccc2n1,0
ZINC03266648,DUD_vegfr2_D_1608,CN(C)c1ccc(/C=N/N2CC(=O)C(c3nc4ccccc4s3)=C2N)cc1,0
ZINC03270135,DUD_vegfr2_D_1609,CSc1ccccc1NC(=O)COC(=O)c1cc2ccccc2cc1N,0
ZINC03272046,DUD_vegfr2_D_1610,O=C(N[C@@H](Cc1ccccc1)C(=O)Nc1nnc(C2CC2)s1)c1cccs1,0
ZINC03272050,DUD_vegfr2_D_1611,CCc1nnc(NC(=O)CCN2c3ccccc3Sc3ccccc32)s1,0
ZINC03274713,DUD_vegfr2_D_1612,O=C1CN(C(=O)CCCSc2nc3ccccc3s2)c2ccccc2N1,0
ZINC03274828,DUD_vegfr2_D_1613,CN1C(=O)C(=Cc2cccc(NC(=O)c3ccccc3Cl)c2)C(=O)N(C)C1=O,0
ZINC03277000,DUD_vegfr2_D_1614,Cc1cc(=O)[nH]c(SCC(=O)NN(c2ccccc2)c2ccccc2)n1,0
ZINC03277000,DUD_vegfr2_D_1615,Cc1cc(O)nc(SCC(=O)NN(c2ccccc2)c2ccccc2)n1,0
ZINC03277071,DUD_vegfr2_D_1616,C=C1Nc2[nH]c(=O)[nH]c(=O)c2[C@H](c2cccc(F)c2)[C@H]1C(=O)OCc1ccccc1,0
ZINC03278676,DUD_vegfr2_D_1617,COc1ccc(-c2csc(NC(=O)COC(=O)c3ccccc3O)n2)cc1,0
ZINC03279949,DUD_vegfr2_D_1618,Cc1ccc(NC(=O)COC(=O)Cn2cnc3ccccc32)c(Br)c1,0
ZINC03280167,DUD_vegfr2_D_1619,CSc1ccccc1NC(=O)COC(=O)Cn1cnc2ccccc21,0
ZINC03283420,DUD_vegfr2_D_1620,O=C(CSc1nnc(-c2ccccc2F)n1C1CC1)Nc1ccccc1,0
ZINC03283509,DUD_vegfr2_D_1621,COc1ccc(C)cc1NC(=O)CSc1nnc2[nH]c3ccccc3n12,0
ZINC03284339,DUD_vegfr2_D_1622,CC(C)c1nnc(S[C@H](C)C(=O)Nc2ccc(Oc3ccccc3)cc2)[nH]1,0
ZINC03285770,DUD_vegfr2_D_1623,O=C(NCc1ccco1)c1cc(S(=O)(=O)N2CCCc3ccccc32)ccc1Cl,0
ZINC03287929,DUD_vegfr2_D_1624,Cc1cccc(Nc2nnc(SCC(=O)Nc3ccccc3C)s2)c1,0
ZINC03288608,DUD_vegfr2_D_1625,CSc1ncccc1C(=O)OCC(=O)Nc1nc(-c2ccccc2)cs1,0
ZINC03292906,DUD_vegfr2_D_1626,CC(C)c1ccccc1NC(=O)CSc1nncn1-c1ccccc1,0
ZINC03293219,DUD_vegfr2_D_1627,Cc1cc(NC(=O)COC(=O)Cn2cnc3ccccc32)ccc1Br,0
ZINC03294623,DUD_vegfr2_D_1628,CCc1ccc2nc(NC(=O)CNC(=O)c3ccccc3)sc2c1,0
ZINC03295151,DUD_vegfr2_D_1629,O=C(CN1C(=O)N[C@@]2(CCc3ccccc32)C1=O)Nc1ccc(OC(F)F)cc1,0
ZINC03295189,DUD_vegfr2_D_1630,Cc1ccc(-c2csc(NC(=O)COC(=O)c3ccc(O)cc3)n2)cc1C,0
ZINC03296402,DUD_vegfr2_D_1631,O=C(COC(=O)[C@H]1C[C@H]2C=C[C@H]1C2)Nc1nc(-c2ccccc2)cs1,0
ZINC03301499,DUD_vegfr2_D_1632,O=C(CSC1=Nc2ccccc2[C@H]2C=CNN12)Nc1ccc2c(c1)OCO2,0
ZINC03304632,DUD_vegfr2_D_1633,Cc1ccc2nc(NC(=O)CSCC(=O)Nc3ccccc3)sc2c1,0
ZINC03305322,DUD_vegfr2_D_1634,CC(C)C[C@@H](C(=O)Nc1ccccc1Br)N1C(=O)c2ccccc2C1=O,0
ZINC03306934,DUD_vegfr2_D_1635,Cc1cccc(C)c1NC(=S)NNC(=O)CSc1nc2ccccc2o1,0
ZINC03307535,DUD_vegfr2_D_1636,Cc1ccccc1NC(=O)COC(=O)CNC(=O)c1cccc(F)c1,0
ZINC03308256,DUD_vegfr2_D_1637,COc1ccc(NC(=S)N/N=C/c2ccc3ncccc3c2)cc1,0
ZINC03313149,DUD_vegfr2_D_1638,Cc1csc(NC(=O)[C@@H](Cc2ccccc2)NC(=O)c2cccs2)n1,0
ZINC03313152,DUD_vegfr2_D_1639,Cc1csc(NC(=O)[C@H](Cc2ccccc2)NC(=O)c2cccs2)n1,0
ZINC03313887,DUD_vegfr2_D_1640,CC[C@]1(c2ccc(F)cc2)NC(=O)N(CC(=O)Nc2ccccc2C)C1=O,0
ZINC03313889,DUD_vegfr2_D_1641,CC[C@@]1(c2ccc(F)cc2)NC(=O)N(CC(=O)Nc2ccccc2C)C1=O,0
ZINC03319985,DUD_vegfr2_D_1642,COc1ccccc1NC(=O)CN1C(=O)N[C@](C)(c2ccccc2Cl)C1=O,0
ZINC03319987,DUD_vegfr2_D_1643,COc1ccccc1NC(=O)CN1C(=O)N[C@](C)(c2ccccc2Cl)C1=O,0
ZINC03325067,DUD_vegfr2_D_1644,NC(=O)c1c(NC(=O)COc2cccc3ccccc23)sc2c1CCC2,0
ZINC03327629,DUD_vegfr2_D_1645,O=C(Cc1ccc(S(=O)(=O)N2CCCC2)s1)Nc1ccc2ccccc2c1,0
ZINC03327736,DUD_vegfr2_D_1646,O=C(CN1C(=O)N[C@@]2(CCc3ccccc3C2)C1=O)Nc1ccc(F)cc1,0
ZINC03328129,DUD_vegfr2_D_1647,O=S(=O)(c1ccccc1)N1CCN(C(=S)NCc2ccccc2)CC1,0
ZINC03330395,DUD_vegfr2_D_1648,COc1cc2c(cc1NC(=O)COC(=O)c1cccnc1Cl)oc1ccccc12,0
ZINC03331398,DUD_vegfr2_D_1649,CCc1cc2c(=O)[nH]c(-c3ccc(-c4ccc(O)cc4)cc3)nc2s1,0
ZINC03332488,DUD_vegfr2_D_1650,C[C@@H](OC(=O)CCc1c[nH]c2ccccc12)C(=O)Nc1ccc(Cl)cn1,0
ZINC03332490,DUD_vegfr2_D_1651,C[C@@H](OC(=O)CCc1c[nH]c2ccccc12)C(=O)Nc1ccc(Cl)cn1,0
ZINC03332797,DUD_vegfr2_D_1652,CCc1nnc(NC(=O)[C@@H](Cc2ccccc2)NC(=O)c2ccccc2)s1,0
ZINC03333254,DUD_vegfr2_D_1653,CCN(C(=O)CN1C(=O)N[C@](C)(c2ccccc2Cl)C1=O)c1ccccc1,0
ZINC03333257,DUD_vegfr2_D_1654,CCN(C(=O)CN1C(=O)N[C@](C)(c2ccccc2Cl)C1=O)c1ccccc1,0
ZINC03339315,DUD_vegfr2_D_1655,CCOc1ccc(NC(=O)c2ccc(NC(=O)c3cccs3)cc2)cc1,0
ZINC03340322,DUD_vegfr2_D_1656,COc1ccccc1CNc1nc(-c2ccc3c(c2)NC(=O)CO3)cs1,0
ZINC03341460,DUD_vegfr2_D_1657,CCc1ccc(-c2csc(NC(=O)c3ccc(NC(C)=O)cc3)n2)cc1,0
ZINC03342312,DUD_vegfr2_D_1658,Cc1cc(-c2csc(NC(=O)c3ccc(=O)[nH]c3)n2)c(C)n1Cc1ccco1,0
ZINC03342312,DUD_vegfr2_D_1659,Cc1cc(-c2csc(NC(=O)c3ccc(O)nc3)n2)c(C)n1Cc1ccco1,0
ZINC03342312,DUD_vegfr2_D_1660,Cc1cc(-c2csc(NC(=O)c3ccc(O)nc3)n2)c(C)n1Cc1ccco1,0
ZINC03343677,DUD_vegfr2_D_1661,CSCc1c(C(=O)Nc2ccc(NC(C)=O)cc2)oc2ccccc12,0
ZINC03344716,DUD_vegfr2_D_1662,Cc1c(Cl)cccc1NC(=O)COC(=O)c1nn(C)c(=O)c2ccccc12,0
ZINC03346842,DUD_vegfr2_D_1663,O=C(CSc1nnc2c(n1)[nH]c1ccccc12)Nc1ccc2c(c1)CCC2,0
ZINC03347220,DUD_vegfr2_D_1664,Cc1cccc(Nc2nnc(SCC(=O)Nc3ccccc3)s2)c1,0
ZINC03348840,DUD_vegfr2_D_1665,COc1ccc(C(=O)CSc2nnc(-c3c[nH]c4ccccc34)o2)cc1OC,0
ZINC03350628,DUD_vegfr2_D_1666,CCC(=O)Nc1ccc(-c2csc(NCc3ccco3)n2)cc1,0
ZINC03351273,DUD_vegfr2_D_1667,O=C1COc2ccc(-c3csc(NCCc4ccccc4)n3)cc2N1,0
ZINC03352810,DUD_vegfr2_D_1668,Cc1ccc(C)c(S(=O)(=O)Oc2ccc(C(=O)NCc3cccs3)cc2)c1,0
ZINC03353174,DUD_vegfr2_D_1669,C[C@@]1(NC(=O)c2ccccc2OCc2ccccc2Cl)CCS(=O)(=O)C1,0
ZINC03354947,DUD_vegfr2_D_1670,Cc1ccccc1NC(=O)Cc1nc(C)c(C(=O)Nc2ccccc2)s1,0
ZINC03354960,DUD_vegfr2_D_1671,CC(=O)Nc1ccc(C2=CS/C(=N\Cc3ccccc3)N(C)N2)cc1,0
ZINC03355028,DUD_vegfr2_D_1672,Cc1cc(C(=O)COc2ccccc2C(N)=O)c(C)n1Cc1ccccc1Cl,0
ZINC03355694,DUD_vegfr2_D_1673,COc1ccc(OC)c(-c2csc(NC(=O)Cc3c[nH]c4ccccc34)n2)c1,0
ZINC03356618,DUD_vegfr2_D_1674,CCOC(=O)c1cc(-c2ccc(F)cc2)nc2c1c(=O)[nH]c(=O)n2Cc1ccccc1,0
ZINC03356628,DUD_vegfr2_D_1675,O=C1C=C(NNC(=O)c2cc(-c3ccc(Cl)cc3)nc3ccccc23)CCC1,0
ZINC03357088,DUD_vegfr2_D_1676,Cc1ccc(-c2csc(NC(=O)CCC(=O)c3cccs3)n2)cc1,0
ZINC03357121,DUD_vegfr2_D_1677,COc1ccc(-c2csc(NC(=O)[C@@H](C)NC(=O)c3ccco3)n2)cc1,0
ZINC03357123,DUD_vegfr2_D_1678,COc1ccc(-c2csc(NC(=O)[C@H](C)NC(=O)c3ccco3)n2)cc1,0
ZINC03357251,DUD_vegfr2_D_1679,Cc1cc(C(=O)COc2ccccc2C(N)=O)c(C)n1-c1ccc(F)cc1,0
ZINC03359632,DUD_vegfr2_D_1680,C[C@H]1Sc2ccc(C(=O)NCCCc3ccccc3)cc2NC1=O,0
ZINC03359633,DUD_vegfr2_D_1681,C[C@@H]1Sc2ccc(C(=O)NCCCc3ccccc3)cc2NC1=O,0
ZINC03361273,DUD_vegfr2_D_1682,C[C@H](NC(=O)c1ccc(CSc2nnc[nH]2)cc1)c1ccc(F)cc1,0
ZINC03363374,DUD_vegfr2_D_1683,O=C(CSCCO)Nc1nc(-c2ccccc2)c(-c2ccccc2)s1,0
ZINC03363841,DUD_vegfr2_D_1684,CCc1cccc(C)c1NC(=O)CSc1nnc2[nH]c3ccccc3n12,0
ZINC03365178,DUD_vegfr2_D_1685,Cc1nnc(SCC(=O)c2c(-c3ccccc3)n(C)c3ccccc23)n(N)c1=O,0
ZINC03365936,DUD_vegfr2_D_1686,Cn1c(SCC(=O)NC(=O)Cc2ccccc2)nnc1-c1ccc(F)cc1,0
ZINC03366797,DUD_vegfr2_D_1687,Cc1cc(C(=O)O[C@@H](C)C(=O)Nc2ccc(Cl)cn2)c2ccccc2n1,0
ZINC03366905,DUD_vegfr2_D_1688,CSc1ccccc1NC(=O)COC(=O)c1cc(C)nc2ccccc12,0
ZINC03368464,DUD_vegfr2_D_1689,C[C@@H](OC(=O)c1nn(C)c(=O)c2ccccc12)C(=O)Nc1cccc(Cl)c1,0
ZINC03368559,DUD_vegfr2_D_1690,C[C@H](OC(=O)c1nn(C)c(=O)c2ccccc12)C(=O)Nc1ccccc1F,0
ZINC03368785,DUD_vegfr2_D_1691,CSc1ccccc1NC(=O)COC(=O)c1nn(C)c(=O)c2ccccc12,0
ZINC03370117,DUD_vegfr2_D_1692,COc1ccc([N+](=O)[O-])cc1NC(=O)COc1ncnc2scc(-c3ccccc3)c12,0
ZINC03370469,DUD_vegfr2_D_1693,Cc1ccccc1-c1nnc(SCC(=O)NC(=O)Cc2ccccc2)n1C,0
ZINC03370856,DUD_vegfr2_D_1694,C=C(NNC(=O)COc1ccccc1F)c1ccc(N2CCOCC2)cc1,0
ZINC03371295,DUD_vegfr2_D_1695,Cc1nc2sc(C(=O)Nc3ccccc3Cc3ccccc3)c(C)c2c(=O)[nH]1,0
ZINC03371295,DUD_vegfr2_D_1696,Cc1nc(O)c2c(C)c(C(=O)Nc3ccccc3Cc3ccccc3)sc2n1,0
ZINC03371725,DUD_vegfr2_D_1697,Cc1ccc2nc(NC(=O)c3ccc(C)c(NC(=O)c4ccco4)c3)sc2c1,0
ZINC03372030,DUD_vegfr2_D_1698,Cc1c(NC(=O)CNc2cccc(Br)c2)c(=O)n(-c2ccccc2)n1C,0
ZINC03374631,DUD_vegfr2_D_1699,COc1cccc(NC2=NNC(C)=C(C(=O)Nc3ccccc3)S2)c1,0
ZINC03383553,DUD_vegfr2_D_1700,CC(C)Nc1nnc(SCC(=O)Nc2cccc3ccccc23)s1,0
ZINC03384023,DUD_vegfr2_D_1701,CCn1c2ccccc2c2nnc(SCC(=O)Nc3ccc4c(c3)OCO4)nc21,0
ZINC03384035,DUD_vegfr2_D_1702,CCn1c2ccccc2c2nnc(SCC(=O)Nc3ccccc3)nc21,0
ZINC03386279,DUD_vegfr2_D_1703,O=C(CSc1nnc(C2CC2)n1Cc1ccccc1)Nc1cccnc1Cl,0
ZINC03392136,DUD_vegfr2_D_1704,COc1ccc(C(=O)O[C@@H](C)C(=O)Nc2nc(-c3ccccc3)cs2)cc1,0
ZINC03392139,DUD_vegfr2_D_1705,COc1ccc(C(=O)O[C@@H](C)C(=O)Nc2nc(-c3ccccc3)cs2)cc1,0
ZINC03395124,DUD_vegfr2_D_1706,O=C(COC(=O)CSc1cccc2cccc(Cl)c12)Nc1ccc2c(c1)OCO2,0
ZINC03400125,DUD_vegfr2_D_1707,COc1ccc2nc(NC(=O)CCCc3c[nH]c4ccccc34)sc2c1,0
ZINC03402653,DUD_vegfr2_D_1708,Cc1cc(NC(=O)c2ccc(C)c(NC(=O)c3ccco3)c2)ccc1Br,0
ZINC03405354,DUD_vegfr2_D_1709,COCc1c(C(=O)Nc2nc(-c3ccc(OC)cc3)cs2)oc2ccccc12,0
ZINC03410558,DUD_vegfr2_D_1710,CC[C@@H](C)n1c(SCC(=O)Nc2ccc(F)cc2)nc2ccccc2c1=O,0
ZINC03410559,DUD_vegfr2_D_1711,CC[C@@H](C)n1c(SCC(=O)Nc2ccc(F)cc2)nc2ccccc2c1=O,0
ZINC03413016,DUD_vegfr2_D_1712,CCN(C(=O)CSc1nnc(-c2ccc(OC)cc2)[nH]1)c1ccccc1,0
ZINC03414316,DUD_vegfr2_D_1713,CC(C)n1nc(C(=O)OCC(=O)Nc2cccc(F)c2)c2ccccc2c1=O,0
ZINC03415725,DUD_vegfr2_D_1714,CC(C)n1nc(C(=O)OCC(=O)Nc2c(F)cccc2F)c2ccccc2c1=O,0
ZINC03415738,DUD_vegfr2_D_1715,CC(C)n1nc(C(=O)OCC(=O)Nc2ccc(F)cc2)c2ccccc2c1=O,0
ZINC03415773,DUD_vegfr2_D_1716,CC(C)n1nc(C(=O)OCC(=O)Nc2ccccc2F)c2ccccc2c1=O,0
ZINC03417910,DUD_vegfr2_D_1717,O=C(COc1ccc2oc3ccccc3c2c1)Nc1nnc(C2CC2)s1,0
ZINC03425444,DUD_vegfr2_D_1718,CC(=O)Nc1cccc(NC(=O)c2c(C)nn(Cc3ccccc3Cl)c2C)c1,0
ZINC03425936,DUD_vegfr2_D_1719,Cc1cccc(C)c1NC(=O)CCCSc1nc2ccccc2c(=O)[nH]1,0
ZINC03425936,DUD_vegfr2_D_1720,Cc1cccc(C)c1NC(=O)CCCSc1nc(O)c2ccccc2n1,0
ZINC03428166,DUD_vegfr2_D_1721,CC(=O)Oc1ccc(-c2cccc(C(=O)Nc3ncc(C)s3)c2)cc1,0
ZINC03428937,DUD_vegfr2_D_1722,C[C@@H](OC(=O)CNC(=O)c1cccc(F)c1)C(=O)Nc1ccccc1,0
ZINC03428939,DUD_vegfr2_D_1723,C[C@H](OC(=O)CNC(=O)c1cccc(F)c1)C(=O)Nc1ccccc1,0
ZINC03430355,DUD_vegfr2_D_1724,Cc1sc2nc(-c3cccnc3)nc(SCCO)c2c1-c1ccccc1,0
ZINC03431966,DUD_vegfr2_D_1725,CC(=O)Nc1ccc(NC(=O)c2c(C)nn(Cc3ccccc3Cl)c2C)cc1,0
ZINC03432882,DUD_vegfr2_D_1726,Cc1ccc(-c2csc(NC(=O)CCCn3c(=O)oc4ccccc43)n2)cc1,0
ZINC03433174,DUD_vegfr2_D_1727,COC(=O)c1ccc(NC(=O)CSC2=Nc3ccccc3[C@@H]3C=CNN23)cc1,0
ZINC03433176,DUD_vegfr2_D_1728,COC(=O)c1ccc(NC(=O)CSC2=Nc3ccccc3[C@@H]3C=CNN23)cc1,0
ZINC03434089,DUD_vegfr2_D_1729,COc1cccc(NC(=O)CSc2nnc(-c3c[nH]c4ccccc34)o2)c1,0
ZINC03439641,DUD_vegfr2_D_1730,Cn1c(=O)c(C(=O)CN2CCSc3ccccc32)c(N)n(Cc2ccccc2)c1=O,0
ZINC03451029,DUD_vegfr2_D_1731,COc1cc(C(=O)NCc2ccco2)cc(NC(=O)c2cccs2)c1OC,0
ZINC03451480,DUD_vegfr2_D_1732,CCN(C(=O)COC(=O)c1ccc(Cl)c(N)c1)c1cccc2ccccc12,0
ZINC03454186,DUD_vegfr2_D_1733,CCCCc1ccc2nc(NC(=O)c3cc(=O)[nH]c4ccccc34)sc2c1,0
ZINC03454999,DUD_vegfr2_D_1734,C[C@H](NC(=O)c1ccc(Cl)c(S(=O)(=O)NC(C)(C)C)c1)c1ccccc1,0
ZINC03455412,DUD_vegfr2_D_1735,CCOC(=O)Nc1cccc(OCC(=O)Nc2cccc(Br)c2)c1,0
ZINC03455982,DUD_vegfr2_D_1736,O=C(CSc1nnc(Nc2ccccc2)s1)N1CCCc2ccccc21,0
ZINC03457516,DUD_vegfr2_D_1737,C[C@]1(C2CC2)NC(=O)N(CC(=O)Nc2ccccc2-c2ccccc2)C1=O,0
ZINC03457590,DUD_vegfr2_D_1738,COc1ccc(CC(=O)Nc2nc(-c3c[nH]c4ccccc34)cs2)cc1,0
ZINC03458404,DUD_vegfr2_D_1739,Cc1ccc(C(=O)NCC(=O)O[C@H](C)C(=O)Nc2ccccc2)s1,0
ZINC03458848,DUD_vegfr2_D_1740,Cc1nc(Nc2ccc3c(c2)OCCO3)sc1C(=O)Nc1ccccc1,0
ZINC03460577,DUD_vegfr2_D_1741,CSc1ccccc1NC(=O)CN1C(=O)N[C@@](C)(c2ccccc2)C1=O,0
ZINC03461499,DUD_vegfr2_D_1742,CCc1ccc(Nc2nnc(SCC(=O)Nc3ccccc3)s2)cc1,0
ZINC03461920,DUD_vegfr2_D_1743,CC[C@]1(c2ccccc2)NC(=O)N(CC(=O)Nc2cccc(F)c2)C1=O,0
ZINC03461923,DUD_vegfr2_D_1744,CC[C@]1(c2ccccc2)NC(=O)N(CC(=O)Nc2cccc(F)c2)C1=O,0
ZINC03462199,DUD_vegfr2_D_1745,CC(C)[C@@H](NC(=O)c1ccccc1)C(=O)OCC(=O)Nc1cccc(F)c1,0
ZINC03462202,DUD_vegfr2_D_1746,CC(C)[C@@H](NC(=O)c1ccccc1)C(=O)OCC(=O)Nc1cccc(F)c1,0
ZINC03462204,DUD_vegfr2_D_1747,CC(C)[C@@H](NC(=O)c1ccccc1)C(=O)OCC(=O)Nc1ccc(Cl)cn1,0
ZINC03462284,DUD_vegfr2_D_1748,CC[C@@]1(c2ccccc2)NC(=O)N(CC(=O)Nc2ccc(C)cc2Cl)C1=O,0
ZINC03462289,DUD_vegfr2_D_1749,CC[C@@]1(c2ccccc2)NC(=O)N(CC(=O)Nc2ccc(C)cc2Cl)C1=O,0
ZINC03462302,DUD_vegfr2_D_1750,CC[C@@]1(c2ccccc2)NC(=O)N(CC(=O)Nc2ccc(F)cc2)C1=O,0
ZINC03462532,DUD_vegfr2_D_1751,CC(C)[C@H](NC(=O)c1ccccc1)C(=O)OCC(=O)Nc1ccc(F)cc1,0
ZINC03462534,DUD_vegfr2_D_1752,CC(C)[C@@H](NC(=O)c1ccccc1)C(=O)OCC(=O)Nc1ccc(F)cc1,0
ZINC03462587,DUD_vegfr2_D_1753,CC(C)[C@@H](NC(=O)c1ccccc1)C(=O)OCC(=O)Nc1ccccc1F,0
ZINC03462589,DUD_vegfr2_D_1754,CC(C)[C@@H](NC(=O)c1ccccc1)C(=O)OCC(=O)Nc1ccccc1F,0
ZINC03462686,DUD_vegfr2_D_1755,Cc1cccc(NC(=O)CN2C(=O)N[C@@](C)(c3ccccc3Cl)C2=O)c1,0
ZINC03462690,DUD_vegfr2_D_1756,Cc1cccc(NC(=O)CN2C(=O)N[C@@](C)(c3ccccc3Cl)C2=O)c1,0
ZINC03462703,DUD_vegfr2_D_1757,Cc1ccc(NC(=O)CN2C(=O)N[C@@](C)(c3ccccc3Cl)C2=O)cc1,0
ZINC03462706,DUD_vegfr2_D_1758,Cc1ccc(NC(=O)CN2C(=O)N[C@](C)(c3ccccc3Cl)C2=O)cc1,0
ZINC03462721,DUD_vegfr2_D_1759,COc1ccc(NC(=O)CN2C(=O)N[C@@](C)(c3ccccc3Cl)C2=O)cc1,0
ZINC03462726,DUD_vegfr2_D_1760,COc1ccc(NC(=O)CN2C(=O)N[C@](C)(c3ccccc3Cl)C2=O)cc1,0
ZINC03464350,DUD_vegfr2_D_1761,CC[C@@]1(c2ccc(Cl)cc2)NC(=O)N(CC(=O)Nc2ccccc2)C1=O,0
ZINC03464354,DUD_vegfr2_D_1762,CC[C@@]1(c2ccc(Cl)cc2)NC(=O)N(CC(=O)Nc2ccccc2)C1=O,0
ZINC03464934,DUD_vegfr2_D_1763,CCC[C@]1(c2ccccc2)NC(=O)N(CC(=O)Nc2cccc(F)c2)C1=O,0
ZINC03464941,DUD_vegfr2_D_1764,CCC[C@]1(c2ccccc2)NC(=O)N(CC(=O)Nc2cccc(F)c2)C1=O,0
ZINC03464947,DUD_vegfr2_D_1765,CCC[C@]1(c2ccccc2)NC(=O)N(CC(=O)Nc2cc(F)ccc2F)C1=O,0
ZINC03465187,DUD_vegfr2_D_1766,CCC[C@]1(c2ccccc2)NC(=O)N(CC(=O)Nc2ccc(F)cc2F)C1=O,0
ZINC03465191,DUD_vegfr2_D_1767,CCC[C@@]1(c2ccccc2)NC(=O)N(CC(=O)Nc2ccc(F)cc2F)C1=O,0
ZINC03465207,DUD_vegfr2_D_1768,CCC[C@@]1(c2ccccc2)NC(=O)N(CC(=O)Nc2c(F)cccc2F)C1=O,0
ZINC03465210,DUD_vegfr2_D_1769,CCC[C@@]1(c2ccccc2)NC(=O)N(CC(=O)Nc2c(F)cccc2F)C1=O,0
ZINC03465244,DUD_vegfr2_D_1770,CCC[C@@]1(c2ccccc2)NC(=O)N(CC(=O)Nc2cccc(Cl)c2)C1=O,0
ZINC03465246,DUD_vegfr2_D_1771,CCC[C@@]1(c2ccccc2)NC(=O)N(CC(=O)Nc2cccc(Cl)c2)C1=O,0
ZINC03465285,DUD_vegfr2_D_1772,CCC[C@]1(c2ccccc2)NC(=O)N(CC(=O)Nc2ccccc2F)C1=O,0
ZINC03465462,DUD_vegfr2_D_1773,Cc1ccccc1Nc1nnc(S[C@H](C)C(=O)Nc2ccccc2)s1,0
ZINC03465465,DUD_vegfr2_D_1774,Cc1ccccc1Nc1nnc(S[C@@H](C)C(=O)Nc2ccccc2)s1,0
ZINC03465555,DUD_vegfr2_D_1775,Cc1ccccc1NC(=O)CSc1nnc(Nc2ccccc2C)s1,0
ZINC03465581,DUD_vegfr2_D_1776,Cc1ccccc1Nc1nnc(SCC(=O)Nc2ccccc2)s1,0
ZINC03467318,DUD_vegfr2_D_1777,Cc1cc(C)n2nc(SCC(=O)Nc3ccc4ccccc4c3)nc2n1,0
ZINC03467752,DUD_vegfr2_D_1778,COc1cc2ccccc2cc1C(=O)OCC(=O)Nc1ccc(Cl)cn1,0
ZINC03468021,DUD_vegfr2_D_1779,Cc1ccc(NC(=O)[C@@H](OC(=O)C2=COCCO2)c2ccccc2)cc1Cl,0
ZINC03468026,DUD_vegfr2_D_1780,Cc1ccc(NC(=O)[C@@H](OC(=O)C2=COCCO2)c2ccccc2)cc1Cl,0
ZINC03469849,DUD_vegfr2_D_1781,Cc1ccc(Nc2nnc(S[C@@H](C)C(=O)Nc3ccccc3)s2)cc1,0
ZINC03469853,DUD_vegfr2_D_1782,Cc1ccc(Nc2nnc(S[C@H](C)C(=O)Nc3ccccc3)s2)cc1,0
ZINC03470453,DUD_vegfr2_D_1783,O=C(N/N=C\c1ccccc1Cl)c1cccc(S(=O)(=O)N2CCCCC2)c1,0
ZINC03470489,DUD_vegfr2_D_1784,O=C(N/N=C/c1ccc(F)cc1)c1cccc(S(=O)(=O)N2CCCCC2)c1,0
ZINC03474548,DUD_vegfr2_D_1785,CCc1nc2ccccc2c(C(=O)OCC(=O)Nc2ccc(Cl)cn2)c1C,0
ZINC03475788,DUD_vegfr2_D_1786,C[C@H](NC(=O)c1ccccc1)C(=O)OCC(=O)Nc1cccc(F)c1,0
ZINC03475790,DUD_vegfr2_D_1787,C[C@H](NC(=O)c1ccccc1)C(=O)OCC(=O)Nc1cccc(F)c1,0
ZINC03475807,DUD_vegfr2_D_1788,Cc1ccc(F)cc1NC(=O)COC(=O)[C@H](C)NC(=O)c1ccccc1,0
ZINC03475809,DUD_vegfr2_D_1789,Cc1ccc(F)cc1NC(=O)COC(=O)[C@H](C)NC(=O)c1ccccc1,0
ZINC03475811,DUD_vegfr2_D_1790,Cc1ccc(NC(=O)COC(=O)[C@@H](C)NC(=O)c2ccccc2)cc1F,0
ZINC03475815,DUD_vegfr2_D_1791,Cc1ccc(NC(=O)COC(=O)[C@@H](C)NC(=O)c2ccccc2)cc1F,0
ZINC03476046,DUD_vegfr2_D_1792,C[C@H](NC(=O)c1ccccc1)C(=O)OCC(=O)Nc1ccc(Br)cc1,0
ZINC03476114,DUD_vegfr2_D_1793,C[C@H](NC(=O)c1ccccc1)C(=O)OCC(=O)Nc1ccccc1Cl,0
ZINC03476182,DUD_vegfr2_D_1794,C[C@@H](NC(=O)c1ccccc1)C(=O)OCC(=O)Nc1ccc(F)cc1,0
ZINC03476184,DUD_vegfr2_D_1795,C[C@H](NC(=O)c1ccccc1)C(=O)OCC(=O)Nc1ccc(F)cc1,0
ZINC03476186,DUD_vegfr2_D_1796,C[C@@H](NC(=O)c1ccccc1)C(=O)OCC(=O)Nc1cccc(Cl)c1,0
ZINC03476188,DUD_vegfr2_D_1797,C[C@H](NC(=O)c1ccccc1)C(=O)OCC(=O)Nc1cccc(Cl)c1,0
ZINC03476231,DUD_vegfr2_D_1798,C[C@H](NC(=O)c1ccccc1)C(=O)OCC(=O)Nc1ccc(Cl)cc1,0
ZINC03476233,DUD_vegfr2_D_1799,C[C@@H](NC(=O)c1ccccc1)C(=O)OCC(=O)Nc1ccc(Cl)cc1,0
ZINC03477020,DUD_vegfr2_D_1800,CC(=O)Nc1cccc(NC(=O)COc2ccc3cc(Br)ccc3c2)c1,0
ZINC03478956,DUD_vegfr2_D_1801,CC(C)(C)c1ccccc1NC(=O)COC(=O)c1ccc2ncsc2c1,0
ZINC03479207,DUD_vegfr2_D_1802,C[C@@H](OC(=O)c1ccc2ncsc2c1)C(=O)Nc1ccc(N(C)C)cc1,0
ZINC03479287,DUD_vegfr2_D_1803,CCCn1nc(C(=O)Nc2nc3ccc(OC)cc3s2)c2ccccc2c1=O,0
ZINC03479459,DUD_vegfr2_D_1804,CC(C)c1ccccc1NC(=O)COC(=O)c1ccc2ncsc2c1,0
ZINC03479519,DUD_vegfr2_D_1805,CC[C@@H](C)c1ccccc1NC(=O)COC(=O)c1ccc2ncsc2c1,0
ZINC03479521,DUD_vegfr2_D_1806,CC[C@@H](C)c1ccccc1NC(=O)COC(=O)c1ccc2ncsc2c1,0
ZINC03480255,DUD_vegfr2_D_1807,O=C(CN1C(=O)N[C@@H](CCc2ccccc2)C1=O)Nc1cccc(F)c1,0
ZINC03480259,DUD_vegfr2_D_1808,O=C(CN1C(=O)N[C@H](CCc2ccccc2)C1=O)Nc1cccc(F)c1,0
ZINC03480276,DUD_vegfr2_D_1809,Cc1ccc(NC(=O)CN2C(=O)N[C@H](CCc3ccccc3)C2=O)cc1F,0
ZINC03480278,DUD_vegfr2_D_1810,Cc1ccc(NC(=O)CN2C(=O)N[C@@H](CCc3ccccc3)C2=O)cc1F,0
ZINC03480514,DUD_vegfr2_D_1811,Cc1ccc(Cl)cc1NC(=O)CN1C(=O)N[C@H](CCc2ccccc2)C1=O,0
ZINC03480517,DUD_vegfr2_D_1812,Cc1ccc(Cl)cc1NC(=O)CN1C(=O)N[C@H](CCc2ccccc2)C1=O,0
ZINC03480556,DUD_vegfr2_D_1813,O=C(CN1C(=O)N[C@H](CCc2ccccc2)C1=O)Nc1c(F)cccc1F,0
ZINC03480558,DUD_vegfr2_D_1814,O=C(CN1C(=O)N[C@@H](CCc2ccccc2)C1=O)Nc1c(F)cccc1F,0
ZINC03480589,DUD_vegfr2_D_1815,O=C(CN1C(=O)N[C@H](CCc2ccccc2)C1=O)Nc1ccc(F)cc1,0
ZINC03480592,DUD_vegfr2_D_1816,O=C(CN1C(=O)N[C@@H](CCc2ccccc2)C1=O)Nc1ccc(F)cc1,0
ZINC03480603,DUD_vegfr2_D_1817,O=C(CN1C(=O)N[C@H](CCc2ccccc2)C1=O)Nc1cccc(Cl)c1,0
ZINC03480607,DUD_vegfr2_D_1818,O=C(CN1C(=O)N[C@@H](CCc2ccccc2)C1=O)Nc1cccc(Cl)c1,0
ZINC03480639,DUD_vegfr2_D_1819,O=C(CN1C(=O)N[C@H](CCc2ccccc2)C1=O)Nc1ccccc1F,0
ZINC03480642,DUD_vegfr2_D_1820,O=C(CN1C(=O)N[C@H](CCc2ccccc2)C1=O)Nc1ccccc1F,0
ZINC03481652,DUD_vegfr2_D_1821,CSCC[C@@H](C(=O)Nc1ccccc1C)N1C(=O)c2ccccc2C1=O,0
ZINC03484528,DUD_vegfr2_D_1822,Cc1ccc(NC(=O)[C@@H](C)OC(=O)CNC(=O)c2ccccc2F)cc1,0
ZINC03484530,DUD_vegfr2_D_1823,Cc1ccc(NC(=O)[C@@H](C)OC(=O)CNC(=O)c2ccccc2F)cc1,0
ZINC03484681,DUD_vegfr2_D_1824,Cc1cccc(C)c1NC(=O)COC(=O)CNC(=O)c1ccccc1F,0
ZINC03485369,DUD_vegfr2_D_1825,CCCn1nc(C(=O)OCC(=O)Nc2cccc(F)c2)c2ccccc2c1=O,0
ZINC03485498,DUD_vegfr2_D_1826,CCCn1nc(C(=O)OCC(=O)Nc2ccc(F)cc2)c2ccccc2c1=O,0
ZINC03485518,DUD_vegfr2_D_1827,CCCn1nc(C(=O)OCC(=O)Nc2ccccc2F)c2ccccc2c1=O,0
ZINC03490788,DUD_vegfr2_D_1828,O=C(CSc1ncnc2ccccc12)Nc1ccccc1C(=O)NC1CC1,0
ZINC03492575,DUD_vegfr2_D_1829,CC(=O)N/C(=C\c1ccccc1)C(=O)OCC(=O)Nc1cccc(F)c1,0
ZINC03493019,DUD_vegfr2_D_1830,CC(=O)N/C(=C\c1ccccc1)C(=O)OCC(=O)Nc1ccccc1Cl,0
ZINC03493172,DUD_vegfr2_D_1831,CC(=O)N/C(=C\c1ccccc1)C(=O)OCC(=O)Nc1ccc(F)cc1,0
ZINC03494810,DUD_vegfr2_D_1832,Cc1cc(NC(=O)COC(=O)c2ccccc2Nc2ccc(F)cc2)no1,0
ZINC03495741,DUD_vegfr2_D_1833,CN(C)c1ccc(NC(=O)CSc2nnc3sc4ccccc4n23)cc1,0
ZINC03497224,DUD_vegfr2_D_1834,Cc1ccc(F)cc1NC(=O)COC(=O)c1c(-c2ccccc2)noc1C,0
ZINC03497226,DUD_vegfr2_D_1835,Cc1ccc(NC(=O)COC(=O)c2c(-c3ccccc3)noc2C)cc1F,0
ZINC03497484,DUD_vegfr2_D_1836,CSc1ccccc1NC(=O)COC(=O)c1c(-c2ccccc2)noc1C,0
ZINC03500627,DUD_vegfr2_D_1837,CC(C)(C)c1ccccc1NC(=O)CSc1nnc2[nH]c3ccccc3n12,0
ZINC03500629,DUD_vegfr2_D_1838,Cc1ccc(NC(=O)[C@H](C)Sc2nnc3[nH]c4ccccc4n23)cc1,0
ZINC03500631,DUD_vegfr2_D_1839,Cc1ccc(NC(=O)[C@H](C)Sc2nnc3[nH]c4ccccc4n23)cc1,0
ZINC03500660,DUD_vegfr2_D_1840,COc1ccc(Cl)cc1NC(=O)[C@H](C)Sc1nnc2[nH]c3ccccc3n12,0
ZINC03500662,DUD_vegfr2_D_1841,COc1ccc(Cl)cc1NC(=O)[C@@H](C)Sc1nnc2[nH]c3ccccc3n12,0
ZINC03500712,DUD_vegfr2_D_1842,C[C@@H](Sc1nnc2[nH]c3ccccc3n12)C(=O)Nc1ccc(N(C)C)cc1,0
ZINC03500714,DUD_vegfr2_D_1843,C[C@H](Sc1nnc2[nH]c3ccccc3n12)C(=O)Nc1ccc(N(C)C)cc1,0
ZINC03500751,DUD_vegfr2_D_1844,CSc1ccccc1NC(=O)CSc1nnc2[nH]c3ccccc3n12,0
ZINC03507382,DUD_vegfr2_D_1845,CC[C@H](C)n1c(SCC(=O)Nc2ccccc2F)nc2ccccc2c1=O,0
ZINC03507384,DUD_vegfr2_D_1846,CC[C@@H](C)n1c(SCC(=O)Nc2ccccc2F)nc2ccccc2c1=O,0
ZINC03507441,DUD_vegfr2_D_1847,CC[C@@H](C)n1c(SCC(=O)Nc2cccc(F)c2)nc2ccccc2c1=O,0
ZINC03507443,DUD_vegfr2_D_1848,CC[C@@H](C)n1c(SCC(=O)Nc2cccc(F)c2)nc2ccccc2c1=O,0
ZINC03507454,DUD_vegfr2_D_1849,O=C(COC(=O)c1ccccc1Cl)Nc1ccccc1C(=O)NC1CC1,0
ZINC03507605,DUD_vegfr2_D_1850,CC(C)n1c(SCC(=O)Nc2cccc(F)c2)nc2ccccc2c1=O,0
ZINC03508197,DUD_vegfr2_D_1851,CC(C)n1c(SCC(=O)Nc2ccc(F)cc2)nc2ccccc2c1=O,0
ZINC03508335,DUD_vegfr2_D_1852,C[C@@H](OC(=O)CNC(=O)c1ccccc1)C(=O)Nc1cccc(Cl)c1,0
ZINC03508337,DUD_vegfr2_D_1853,C[C@@H](OC(=O)CNC(=O)c1ccccc1)C(=O)Nc1cccc(Cl)c1,0
ZINC03513673,DUD_vegfr2_D_1854,COc1ccc(Cl)cc1NC(=O)[C@H](C)OC(=O)c1ccc2ccccc2n1,0
ZINC03513675,DUD_vegfr2_D_1855,COc1ccc(Cl)cc1NC(=O)[C@H](C)OC(=O)c1ccc2ccccc2n1,0
ZINC03514211,DUD_vegfr2_D_1856,COc1cc(N)c(Cl)cc1C(=O)OCc1cc(=O)oc2ccc3ccccc3c12,0
ZINC03517232,DUD_vegfr2_D_1857,CC(C)c1ccccc1NC(=O)CSc1nnc2[nH]c3ccccc3n12,0
ZINC03517235,DUD_vegfr2_D_1858,Cc1cccc(C(C)C)c1NC(=O)CSc1nnc2[nH]c3ccccc3n12,0
ZINC03518261,DUD_vegfr2_D_1859,COc1ccccc1NC(=O)[C@@H](C)Sc1nnc2[nH]c3ccccc3n12,0
ZINC03518262,DUD_vegfr2_D_1860,COc1ccccc1NC(=O)[C@H](C)Sc1nnc2[nH]c3ccccc3n12,0
ZINC03519259,DUD_vegfr2_D_1861,Cc1ccc(F)cc1NC(=O)CSc1nnc(-c2c[nH]c3ccccc23)o1,0
ZINC03519265,DUD_vegfr2_D_1862,COc1ccc(C(C)=O)cc1CSc1nnc(-c2c[nH]c3ccccc23)o1,0
ZINC03519292,DUD_vegfr2_D_1863,C=CCn1c(SCC(=O)Nc2cc(F)ccc2C)nc2ccccc2c1=O,0
ZINC03519341,DUD_vegfr2_D_1864,Cc1ccc(F)cc1NC(=O)CN1C(=O)N[C@@](C)(c2cccc3ccccc23)C1=O,0
ZINC03519978,DUD_vegfr2_D_1865,Cc1cccc(NC(=O)CSc2nnc(-c3c[nH]c4ccccc34)o2)c1,0
ZINC03519981,DUD_vegfr2_D_1866,Cc1ccccc1NC(=O)CSc1nnc(-c2c[nH]c3ccccc23)o1,0
ZINC03519982,DUD_vegfr2_D_1867,Cc1ccc(NC(=O)CSc2nnc(-c3c[nH]c4ccccc34)o2)cc1,0
ZINC03519985,DUD_vegfr2_D_1868,COc1ccc(NC(=O)CSc2nnc(-c3c[nH]c4ccccc34)o2)cc1,0
ZINC03519994,DUD_vegfr2_D_1869,COc1ccccc1NC(=O)CSc1nnc(-c2c[nH]c3ccccc23)o1,0
ZINC03526137,DUD_vegfr2_D_1870,C=CCNc1nc(C(=O)OCC(=O)Nc2cccc3ccccc23)cs1,0
ZINC03529403,DUD_vegfr2_D_1871,Cc1ccc(F)cc1NC(=O)COC(=O)c1ccc(=O)n(Cc2ccccc2)n1,0
ZINC03531752,DUD_vegfr2_D_1872,Cn1cccc1C(=O)NC(=O)CSc1nnc(-c2ccccc2)n1C,0
ZINC03532772,DUD_vegfr2_D_1873,Cc1ccccc1NC(=O)Cc1nc(COC(=O)c2ccc(O)cc2)cs1,0
ZINC03533602,DUD_vegfr2_D_1874,Cc1ccccc1NC(=O)Cc1nc(COC(=O)c2cccn2C)cs1,0
ZINC03538339,DUD_vegfr2_D_1875,Cc1nn(Cc2ccccc2)c(Cl)c1/C=N/NC(=O)c1ccc(O)cc1,0
ZINC03538404,DUD_vegfr2_D_1876,COc1ccc2nc(NC(=O)CCc3c[nH]c4ccccc34)sc2c1,0
ZINC03542643,DUD_vegfr2_D_1877,Cc1cc(C(=O)COC(=O)c2ccc(Cl)c(N)c2)c(C)n1Cc1ccco1,0
ZINC03545413,DUD_vegfr2_D_1878,Cc1nn(-c2ccccc2)c(C)c1NC(=O)COC(=O)c1cccs1,0
ZINC03545575,DUD_vegfr2_D_1879,Cc1nn(-c2ccccc2)c(C)c1NC(=O)CSc1nnc2ccccn12,0
ZINC03548495,DUD_vegfr2_D_1880,CCN(c1ccccc1)S(=O)(=O)c1cc(C(=O)Nc2cccc(F)c2)ccc1C,0
ZINC03548854,DUD_vegfr2_D_1881,CSc1cccc(NC(=O)CCCN2C(=O)c3ccccc3C2=O)c1,0
ZINC03549101,DUD_vegfr2_D_1882,CCN(CC)S(=O)(=O)c1ccc(Cl)c(C(=O)Nc2cccc3ccccc23)c1,0
ZINC03549104,DUD_vegfr2_D_1883,CCN(CC)S(=O)(=O)c1cc(C(=O)Nc2cccc3ccccc23)ccc1Cl,0
ZINC03549108,DUD_vegfr2_D_1884,O=C(Nc1cccc2ccccc12)c1ccc(Cl)c(S(=O)(=O)N2CCCCC2)c1,0
ZINC03549431,DUD_vegfr2_D_1885,Cc1ccc(NC(=O)c2ccc(C)c(NC(=O)c3ccco3)c2)cc1Cl,0
ZINC03550391,DUD_vegfr2_D_1886,Cc1cccc(NC(=O)CSc2nnc(-c3ccccc3)[nH]2)c1C,0
ZINC03550393,DUD_vegfr2_D_1887,Cc1ccc(NC(=O)CSc2nnc(-c3ccccc3)[nH]2)cc1C,0
ZINC03550400,DUD_vegfr2_D_1888,COc1ccc(C)cc1NC(=O)CSc1nnc(-c2ccccc2)[nH]1,0
ZINC03550402,DUD_vegfr2_D_1889,Cc1cccc(C)c1NC(=O)CSc1nnc(-c2ccccc2)[nH]1,0
ZINC03550429,DUD_vegfr2_D_1890,CCOc1ccccc1NC(=O)CSc1nnc(-c2ccccc2)[nH]1,0
ZINC03550452,DUD_vegfr2_D_1891,CCc1ccc(NC(=O)CSc2nnc(-c3ccccc3)[nH]2)cc1,0
ZINC03550455,DUD_vegfr2_D_1892,CC(C)c1ccccc1NC(=O)CSc1nnc(-c2ccccc2)[nH]1,0
ZINC03550477,DUD_vegfr2_D_1893,CSc1ccccc1NC(=O)CSc1nnc(-c2ccccc2)[nH]1,0
ZINC03550485,DUD_vegfr2_D_1894,CCOc1ccc(NC(=O)CSc2nnc(-c3ccccc3)[nH]2)cc1,0
ZINC03551274,DUD_vegfr2_D_1895,CCc1ccc(-c2nnc(SCC(=O)Nc3ccccc3)[nH]2)cc1,0
ZINC03555318,DUD_vegfr2_D_1896,Cc1ccc(C(=O)NCCN2C(=O)S/C(=C/c3ccccc3)C2=O)cc1,0
ZINC03559292,DUD_vegfr2_D_1897,COc1ccc(OC)c(-c2csc(NC(=O)c3cc4ccccc4o3)n2)c1,0
ZINC03559804,DUD_vegfr2_D_1898,COc1ccc(NC(=O)c2ccc(C)c(NC(=O)c3ccco3)c2)cc1Cl,0
ZINC03560779,DUD_vegfr2_D_1899,Cc1cnc(NC(=O)[C@H](Cc2ccccc2)N2C(=O)c3ccccc3C2=O)s1,0
ZINC03561872,DUD_vegfr2_D_1900,O=C(Nc1cccc2ccccc12)c1ccc(Cl)c(S(=O)(=O)N2CCCC2)c1,0
ZINC03561952,DUD_vegfr2_D_1901,Cc1csc(NC(=O)c2nn(Cc3ccccc3)c(=O)c3ccccc23)n1,0
ZINC03563005,DUD_vegfr2_D_1902,COc1ccc(NC(=O)CN2C(=O)N[C@@H](Cc3ccccc3)C2=O)cc1Cl,0
ZINC03563007,DUD_vegfr2_D_1903,COc1ccc(NC(=O)CN2C(=O)N[C@H](Cc3ccccc3)C2=O)cc1Cl,0
ZINC03564209,DUD_vegfr2_D_1904,Cc1noc(C)c1C(=O)O[C@H](C(=O)Nc1ccc(F)cc1)c1ccccc1,0
ZINC03564210,DUD_vegfr2_D_1905,Cc1noc(C)c1C(=O)O[C@H](C(=O)Nc1ccc(F)cc1)c1ccccc1,0
ZINC03566443,DUD_vegfr2_D_1906,Cc1ccc(F)cc1NC(=O)c1ccc(S(=O)(=O)N(C)c2ccccc2)cc1,0
ZINC03567311,DUD_vegfr2_D_1907,CSc1cccc(NC(=O)COC(=O)c2ccc3ccccc3n2)c1,0
ZINC03567522,DUD_vegfr2_D_1908,CSc1cccc(NC(=O)COC(=O)c2c(-c3ccccc3)noc2C)c1,0
ZINC03567527,DUD_vegfr2_D_1909,CSc1cccc(NC(=O)CSc2nnc3[nH]c4ccccc4n23)c1,0
ZINC03567536,DUD_vegfr2_D_1910,CSc1cccc(NC(=O)CSc2nc3ccccc3c(=O)n2C)c1,0
ZINC03568160,DUD_vegfr2_D_1911,O=c1[nH]c2ccccc2n1CCCSc1nnc(-c2ccc3c(c2)OCO3)o1,0
ZINC03568184,DUD_vegfr2_D_1912,Cn1c(SCCCn2c(=O)[nH]c3ccccc32)nnc1-c1ccncc1,0
ZINC03568202,DUD_vegfr2_D_1913,COc1ccc(-c2nnc(SCCCn3c(=O)[nH]c4ccccc43)o2)cc1,0
ZINC03568236,DUD_vegfr2_D_1914,Cn1c(SCCCn2c(=O)[nH]c3ccccc32)nc2ccccc2c1=O,0
ZINC03568405,DUD_vegfr2_D_1915,Cn1c(SCCCn2c(=O)[nH]c3ccccc32)nnc1-c1ccco1,0
ZINC03568508,DUD_vegfr2_D_1916,CC(C)n1c(SCC(=O)Nc2ccccc2F)nc2ccccc2c1=O,0
ZINC03569021,DUD_vegfr2_D_1917,C=CCNc1nc(C(=O)OCc2cc(=O)oc3ccc4ccccc4c23)cs1,0
ZINC03569727,DUD_vegfr2_D_1918,Cc1cccc(NC(=O)c2cccc(S(=O)(=O)Nc3ccc(F)cc3)c2)c1C,0
ZINC03569893,DUD_vegfr2_D_1919,O=C(NC1CCCCCC1)c1cccc(S(=O)(=O)Nc2ccc(F)cc2)c1,0
ZINC03571165,DUD_vegfr2_D_1920,COc1cc2ccccc2cc1C(=O)OCC(=O)Nc1cccnc1Cl,0
ZINC03571197,DUD_vegfr2_D_1921,O=C(COC(=O)c1c2c(nc3ccccc13)CCC2)Nc1cccnc1Cl,0
ZINC03571228,DUD_vegfr2_D_1922,C=CCn1c(SCC(=O)Nc2ccc(C)c(F)c2)nc2ccccc2c1=O,0
ZINC03577527,DUD_vegfr2_D_1923,COC(=O)c1ccc(/C=N/NC(=S)Nc2ccccc2OC)cc1,0
ZINC03578168,DUD_vegfr2_D_1924,Cc1ccc(-c2csc3ncnc(OCC(=O)Nc4ccc5c(c4)OCO5)c23)cc1,0
ZINC03580583,DUD_vegfr2_D_1925,O=C(N/N=C\c1sc(N2CCOCC2)nc1-c1ccccc1)c1cccc(O)c1,0
ZINC03580635,DUD_vegfr2_D_1926,Cc1nn(Cc2ccccc2)c(Cl)c1/C=N/NC(=O)c1cccc(O)c1,0
ZINC03581551,DUD_vegfr2_D_1927,C=C(NNC(=S)N(C)c1ccc(OC)cc1)c1ccc2ccccc2n1,0
ZINC03582081,DUD_vegfr2_D_1928,CCOC(=O)c1ccc(NC(=O)CSc2c[nH]c3ccccc23)cc1,0
ZINC03582383,DUD_vegfr2_D_1929,COc1ccc(-c2cnnn2-c2ccc(NC(=O)c3cccs3)cc2)cc1OC,0
ZINC03587951,DUD_vegfr2_D_1930,COCCNC(=O)c1ccc2c(c1)NC(=O)/C(=C\c1ccccc1F)S2,0
ZINC03588111,DUD_vegfr2_D_1931,CC[C@@H](C)NC(=O)c1ccc2c(c1)NC(=O)/C(=C/c1ccccc1F)S2,0
ZINC03588115,DUD_vegfr2_D_1932,CC[C@@H](C)NC(=O)c1ccc2c(c1)NC(=O)/C(=C/c1ccccc1F)S2,0
ZINC03588120,DUD_vegfr2_D_1933,CCCCNC(=O)c1ccc2c(c1)NC(=O)/C(=C\c1ccccc1F)S2,0
ZINC03589734,DUD_vegfr2_D_1934,CCCNC(=O)c1ccc2c(c1)NC(=O)/C(=C\c1ccccc1Cl)S2,0
ZINC03591853,DUD_vegfr2_D_1935,COc1ccccc1CNc1nc(C)c(C(=O)Nc2ccccc2)s1,0
ZINC03593047,DUD_vegfr2_D_1936,CSc1cccc(NC(=O)CN2C(=O)N[C@@](C)(c3ccccc3)C2=O)c1,0
ZINC03593050,DUD_vegfr2_D_1937,CSc1cccc(NC(=O)CN2C(=O)N[C@@](C)(c3ccccc3)C2=O)c1,0
ZINC03593495,DUD_vegfr2_D_1938,CC(C)(C)c1ccccc1NC(=O)CN1C(=O)N[C@@](C)(c2ccccc2Cl)C1=O,0
ZINC03593611,DUD_vegfr2_D_1939,CC(C)N(C(=O)CN1C(=O)N[C@@](C)(c2ccccc2Cl)C1=O)c1ccccc1,0
ZINC03593612,DUD_vegfr2_D_1940,CC(C)N(C(=O)CN1C(=O)N[C@](C)(c2ccccc2Cl)C1=O)c1ccccc1,0
ZINC03593640,DUD_vegfr2_D_1941,COc1cccc(NC(=O)CN2C(=O)N[C@@](C)(c3ccccc3Cl)C2=O)c1,0
ZINC03593642,DUD_vegfr2_D_1942,COc1cccc(NC(=O)CN2C(=O)N[C@@](C)(c3ccccc3Cl)C2=O)c1,0
ZINC03593681,DUD_vegfr2_D_1943,CCOc1ccccc1NC(=O)CN1C(=O)N[C@](C)(c2ccccc2Cl)C1=O,0
ZINC03593682,DUD_vegfr2_D_1944,CCOc1ccccc1NC(=O)CN1C(=O)N[C@@](C)(c2ccccc2Cl)C1=O,0
ZINC03593707,DUD_vegfr2_D_1945,CCc1ccc(NC(=O)CN2C(=O)N[C@](C)(c3ccccc3Cl)C2=O)cc1,0
ZINC03593708,DUD_vegfr2_D_1946,CCc1ccc(NC(=O)CN2C(=O)N[C@](C)(c3ccccc3Cl)C2=O)cc1,0
ZINC03594371,DUD_vegfr2_D_1947,COc1cccc(NC(=O)CN2C(=O)N[C@](C)(c3ccccc3Br)C2=O)c1,0
ZINC03594438,DUD_vegfr2_D_1948,COc1ccc(NC(=O)CN2C(=O)N[C@](C)(c3ccccc3Br)C2=O)cc1,0
ZINC03594523,DUD_vegfr2_D_1949,COc1ccccc1NC(=O)CN1C(=O)N[C@@](C)(c2ccccc2Br)C1=O,0
ZINC03594525,DUD_vegfr2_D_1950,COc1ccccc1NC(=O)CN1C(=O)N[C@](C)(c2ccccc2Br)C1=O,0
ZINC03594999,DUD_vegfr2_D_1951,CSc1cccc(NC(=O)CN2C(=O)N[C@]3(CCc4ccccc43)C2=O)c1,0
ZINC03595000,DUD_vegfr2_D_1952,CSc1cccc(NC(=O)CN2C(=O)N[C@@]3(CCc4ccccc43)C2=O)c1,0
ZINC03595364,DUD_vegfr2_D_1953,CC[C@]1(c2ccc(Cl)cc2)NC(=O)N(CC(=O)Nc2ccccc2C)C1=O,0
ZINC03595365,DUD_vegfr2_D_1954,CC[C@]1(c2ccc(Cl)cc2)NC(=O)N(CC(=O)Nc2ccccc2C)C1=O,0
ZINC03595996,DUD_vegfr2_D_1955,CCC[C@@]1(c2ccccc2)NC(=O)N(CC(=O)Nc2cc(F)ccc2C)C1=O,0
ZINC03595998,DUD_vegfr2_D_1956,CCC[C@@]1(c2ccccc2)NC(=O)N(CC(=O)Nc2cc(F)ccc2C)C1=O,0
ZINC03596143,DUD_vegfr2_D_1957,CCC[C@@]1(c2ccccc2)NC(=O)N(CC(=O)Nc2cccc(Cl)c2C)C1=O,0
ZINC03596173,DUD_vegfr2_D_1958,CCC[C@@]1(c2ccccc2)NC(=O)N(CC(=O)Nc2ccccc2Cl)C1=O,0
ZINC03596175,DUD_vegfr2_D_1959,CCC[C@@]1(c2ccccc2)NC(=O)N(CC(=O)Nc2ccccc2Cl)C1=O,0
ZINC03596545,DUD_vegfr2_D_1960,Cc1cc(Cl)ccc1NC(=O)CN1C(=O)N[C@@H](CCc2ccccc2)C1=O,0
ZINC03596546,DUD_vegfr2_D_1961,Cc1cc(Cl)ccc1NC(=O)CN1C(=O)N[C@@H](CCc2ccccc2)C1=O,0
ZINC03596547,DUD_vegfr2_D_1962,Cc1ccc(F)cc1NC(=O)CN1C(=O)N[C@H](CCc2ccccc2)C1=O,0
ZINC03596548,DUD_vegfr2_D_1963,Cc1ccc(F)cc1NC(=O)CN1C(=O)N[C@H](CCc2ccccc2)C1=O,0
ZINC03596698,DUD_vegfr2_D_1964,Cc1c(Cl)cccc1NC(=O)CN1C(=O)N[C@H](CCc2ccccc2)C1=O,0
ZINC03596700,DUD_vegfr2_D_1965,Cc1c(Cl)cccc1NC(=O)CN1C(=O)N[C@H](CCc2ccccc2)C1=O,0
ZINC03596726,DUD_vegfr2_D_1966,O=C(CN1C(=O)N[C@@H](CCc2ccccc2)C1=O)Nc1ccccc1Cl,0
ZINC03596728,DUD_vegfr2_D_1967,O=C(CN1C(=O)N[C@@H](CCc2ccccc2)C1=O)Nc1ccccc1Cl,0
ZINC03596789,DUD_vegfr2_D_1968,O=C(CN1C(=O)N[C@@H](CCc2ccccc2)C1=O)Nc1ccc(Cl)cc1,0
ZINC03596791,DUD_vegfr2_D_1969,O=C(CN1C(=O)N[C@H](CCc2ccccc2)C1=O)Nc1ccc(Cl)cc1,0
ZINC03596842,DUD_vegfr2_D_1970,CSc1cccc(NC(=O)CN2C(=O)N[C@H](CCc3ccccc3)C2=O)c1,0
ZINC03597366,DUD_vegfr2_D_1971,CC(C)C[C@@H]1NC(=O)N(CC(=O)Nc2ccccc2Sc2ccccc2)C1=O,0
ZINC03598500,DUD_vegfr2_D_1972,CCN(c1ccccc1)S(=O)(=O)c1cc(C(=O)Nc2ccc(F)cc2)ccc1C,0
ZINC03599175,DUD_vegfr2_D_1973,Cc1cccc(NC(=O)CSc2nnc3[nH]c4ccccc4n23)c1C,0
ZINC03599178,DUD_vegfr2_D_1974,Cc1ccc(NC(=O)CSc2nnc3[nH]c4ccccc4n23)cc1C,0
ZINC03599180,DUD_vegfr2_D_1975,CC(C)c1ccc(NC(=O)CSc2nnc3[nH]c4ccccc4n23)cc1,0
ZINC03599267,DUD_vegfr2_D_1976,CCc1ccc(NC(=O)CSc2nnc3[nH]c4ccccc4n23)cc1,0
ZINC03599269,DUD_vegfr2_D_1977,Cc1ccc(C)c(NC(=O)CSc2nnc3[nH]c4ccccc4n23)c1,0
ZINC03599271,DUD_vegfr2_D_1978,Cc1ccc(NC(=O)CSc2nnc3[nH]c4ccccc4n23)c(C)c1,0
ZINC03599292,DUD_vegfr2_D_1979,CCOc1ccc(NC(=O)CSc2nnc3[nH]c4ccccc4n23)cc1,0
ZINC03600644,DUD_vegfr2_D_1980,O=C(CN1C(=O)N[C@@]2(CCCc3ccccc32)C1=O)Nc1ccccc1Cl,0
ZINC03600737,DUD_vegfr2_D_1981,O=C(CN1C(=O)N[C@@]2(CCCc3ccccc32)C1=O)Nc1ccc(F)cc1,0
ZINC03602632,DUD_vegfr2_D_1982,O=C(CSc1nnc(-c2ccccc2)o1)Nc1ccc2c(c1)CCC2,0
ZINC03604532,DUD_vegfr2_D_1983,CC(=O)c1cccc(NC(=O)COc2ncnc3scc(-c4ccccc4)c23)c1,0
ZINC03604588,DUD_vegfr2_D_1984,CC(=O)c1ccc(NC(=O)COc2ncnc3scc(-c4ccccc4)c23)cc1,0
ZINC03617957,DUD_vegfr2_D_1985,COc1ccccc1C(=O)Nc1nnc(N[C@@H]2CCCc3ccccc32)s1,0
ZINC03618829,DUD_vegfr2_D_1986,Cc1ccc(C(=O)Nc2nnc(NCCc3ccccc3)s2)cc1,0
ZINC03619465,DUD_vegfr2_D_1987,COc1ccc(NC(=O)COC(=O)c2ccc3ccccc3n2)cc1Cl,0
ZINC03621437,DUD_vegfr2_D_1988,CC(=O)Nc1ccc(-c2csc(NC(=O)Cc3ccccc3)n2)cc1,0
ZINC03623971,DUD_vegfr2_D_1989,O=C(CSc1nc(-c2ccccc2)cc(=O)[nH]1)N1CCCc2ccccc21,0
ZINC03623971,DUD_vegfr2_D_1990,O=C(CSc1nc(O)cc(-c2ccccc2)n1)N1CCCc2ccccc21,0
ZINC03630196,DUD_vegfr2_D_1991,O=C(NCc1ccccc1)c1ccc2c(=O)n(C[C@H]3CCCO3)c(=S)[nH]c2c1,0
ZINC03630198,DUD_vegfr2_D_1992,O=C(NCc1ccccc1)c1ccc2c(=O)n(C[C@@H]3CCCO3)c(=S)[nH]c2c1,0
ZINC03630418,DUD_vegfr2_D_1993,O=C(NC[C@@H]1CCCO1)c1ccc2c(=O)n(Cc3ccccc3)c(=S)[nH]c2c1,0
ZINC03631283,DUD_vegfr2_D_1994,C=CCn1c(=S)[nH]c2cc(C(=O)NCc3ccccc3OC)ccc2c1=O,0
ZINC03631285,DUD_vegfr2_D_1995,C=CCn1c(=S)[nH]c2cc(C(=O)Nc3ccc(OCC)cc3)ccc2c1=O,0
ZINC03631853,DUD_vegfr2_D_1996,COc1ccccc1NC(=O)c1ccc2c(=O)n(Cc3ccco3)c(=S)[nH]c2c1,0
ZINC03631859,DUD_vegfr2_D_1997,COc1ccc(NC(=O)c2ccc3c(=O)n(Cc4ccco4)c(=S)[nH]c3c2)cc1,0
ZINC03633117,DUD_vegfr2_D_1998,CC(C)[C@@H](NC(=O)OCc1ccccc1)c1nc2ccsc2c(=O)o1,0
ZINC03638359,DUD_vegfr2_D_1999,Cc1ccccc1CN1C(=O)CSc2ccc(C(=O)NCc3ccco3)cc21,0
ZINC03638445,DUD_vegfr2_D_2000,Cc1cccc(CN2C(=O)CSc3ccc(C(=O)NCc4ccco4)cc32)c1,0
ZINC03638508,DUD_vegfr2_D_2001,Cc1ccc(CN2C(=O)CSc3ccc(C(=O)NCc4ccco4)cc32)cc1,0
ZINC03641415,DUD_vegfr2_D_2002,CCN1C(=O)N/C(=C\c2cn(CC(=O)Nc3ccc(F)cc3)c3ccccc23)C1=O,0
ZINC03651768,DUD_vegfr2_D_2003,COc1ccc2cc(C(=O)Nc3cccc4ccccc34)sc(=O)c2c1OC,0
ZINC03657466,DUD_vegfr2_D_2004,C=C(NNC(=O)CNC(=O)c1ccc(Cl)cc1)c1ccc2c(c1)OCCO2,0
ZINC03664222,DUD_vegfr2_D_2005,O=C(CSc1cccc2cccnc12)NN/C=C1\C[C@@H]2C=C[C@@H]1C2,0
ZINC03672618,DUD_vegfr2_D_2006,COc1ccc(NC(=O)CSc2nnc3c4ccccc4n(C)c3n2)cc1,0
ZINC03765621,DUD_vegfr2_D_2007,Cc1[nH]c2ccccc2c1[C@@H]1[C@H](CCNS(=O)(=O)c2cccs2)C1(C)C,0
ZINC03765623,DUD_vegfr2_D_2008,Cc1[nH]c2ccccc2c1[C@H]1[C@H](CCNS(=O)(=O)c2cccs2)C1(C)C,0
ZINC03779125,DUD_vegfr2_D_2009,Cc1cc(NCc2ccc(-c3ccccc3-c3nnn[n-]3)cc2)c(Cl)c(C)[nH+]1,0
ZINC03802693,DUD_vegfr2_D_2010,O=C1C[C@@H](O)C[C@H](CCn2c(-c3ccc(F)cc3)nc3ccccc32)O1,0
ZINC03802693,DUD_vegfr2_D_2011,O=C1C[C@@H](O)C[C@H](CCn2c(-c3ccc(F)cc3)[nH+]c3ccccc32)O1,0
ZINC03816006,DUD_vegfr2_D_2012,CC(C)c1n[nH]c2c(=O)[nH]c(Cc3ccccc3Oc3ccccc3)nc12,0
ZINC03816039,DUD_vegfr2_D_2013,COc1cccc(-c2ccc(OC)n3nc(NC(=O)c4ccc(F)cc4)nc23)c1,0
ZINC03816042,DUD_vegfr2_D_2014,COc1cccc(-c2ccc(OC)n3nc(NC(=O)c4cccs4)nc23)c1,0
ZINC03816156,DUD_vegfr2_D_2015,Cc1ccc(-n2ncc(=O)[nH]c2=O)cc1C(=O)NCCc1ccccc1Cl,0
ZINC03817896,DUD_vegfr2_D_2016,OC1CCC(Nc2ncc3cc(-c4ccccc4Cl)c4nccn4c3n2)CC1,0
ZINC03817896,DUD_vegfr2_D_2017,OC1CCC(Nc2ncc3cc(-c4ccccc4Cl)c4[nH+]ccn4c3n2)CC1,0
ZINC03817900,DUD_vegfr2_D_2018,CC(C)(CO)Nc1ncc2cc(-c3ccccc3Cl)c3nccn3c2n1,0
ZINC03817900,DUD_vegfr2_D_2019,CC(C)(CO)Nc1ncc2cc(-c3ccccc3Cl)c3[nH+]ccn3c2n1,0
ZINC03820184,DUD_vegfr2_D_2020,CCN(Cc1ccccc1)c1nc(Nc2ccc3ncsc3c2)[nH]c(=O)n1,0
ZINC03849517,DUD_vegfr2_D_2021,Cc1ccccc1NN/C=C1\C(=O)NC(=O)N(Cc2ccc(F)cc2)C1=O,0
ZINC03849694,DUD_vegfr2_D_2022,Cn1c(=O)c2c(nc(Sc3ccccc3N)n2Cc2ccccc2)n(C)c1=O,0
ZINC03849694,DUD_vegfr2_D_2023,Cn1c(=O)c2c([nH+]c(Sc3ccccc3N)n2Cc2ccccc2)n(C)c1=O,0
ZINC03849701,DUD_vegfr2_D_2024,Cc1cccc(Cn2c(NCc3ccccc3Cl)nc3c2c(=O)[nH]c(=O)n3C)c1,0
ZINC03849701,DUD_vegfr2_D_2025,Cc1cccc(Cn2c(NCc3ccccc3Cl)[nH+]c3c2c(=O)[nH]c(=O)n3C)c1,0
ZINC03850008,DUD_vegfr2_D_2026,C/C=C(\NNc1ccccc1)[C@@H]1C(=O)NC(=O)N(c2ccc(OC)cc2)C1=O,0
ZINC03850577,DUD_vegfr2_D_2027,COc1ccc(/C=c2/[nH]n3c(=N)/c(=C/c4ccco4)c(=O)nc-3s2)cc1OC,0
ZINC03850658,DUD_vegfr2_D_2028,N=C1/C(=C\c2cn(Cc3ccc4c(c3)OCO4)c3ccccc23)C(=O)N=C2SC=CN12,0
ZINC03850795,DUD_vegfr2_D_2029,C[C@H](O)CNc1ncnc2c1sc1nc(-c3ccccc3)c3c(c12)CCC3,0
ZINC03850797,DUD_vegfr2_D_2030,C[C@H](O)CNc1ncnc2c1sc1nc(-c3ccccc3)c3c(c12)CCC3,0
ZINC03850824,DUD_vegfr2_D_2031,Cn1c(=O)c2c(nc(Sc3ccccc3N)n2Cc2ccc(F)cc2)n(C)c1=O,0
ZINC03850824,DUD_vegfr2_D_2032,Cn1c(=O)c2c([nH+]c(Sc3ccccc3N)n2Cc2ccc(F)cc2)n(C)c1=O,0
ZINC03850858,DUD_vegfr2_D_2033,CCOc1ccc2c(c1)SC1=NC(=O)/C(=C\c3c[nH]c4ccccc34)C(=N)N12,0
ZINC03851229,DUD_vegfr2_D_2034,Cc1ccccc1OCC(=O)NNC(=S)NC(=O)/C=C\c1ccco1,0
ZINC03851238,DUD_vegfr2_D_2035,COc1ccc(/C=C\C(=O)NC(=S)NNC(=O)Cc2ccccc2)cc1,0
ZINC03851519,DUD_vegfr2_D_2036,Cc1ccc(Cn2ccs/c2=N/C(=O)c2cc(=O)[nH]c3ccccc23)cc1,0
ZINC03851522,DUD_vegfr2_D_2037,Cc1ccc(Cn2ccs/c2=N/C(=O)c2cc(=O)[nH]c3ccccc23)cc1,0
ZINC03851651,DUD_vegfr2_D_2038,Cc1c(C)c(OC(=O)c2cccs2)c(Cc2[nH]c3ccccc3[nH+]2)c(C)c1O,0
ZINC03851705,DUD_vegfr2_D_2039,CC(=O)Nc1ccc(-c2csc(NC(=O)/C=C/c3cccc(F)c3)n2)cc1,0
ZINC03851861,DUD_vegfr2_D_2040,CSCC[C@@H](NC(=O)c1ccc2c(c1)OCCO2)c1nc2ccccc2[nH]1,0
ZINC03851861,DUD_vegfr2_D_2041,CSCC[C@H](NC(=O)c1ccc2c(c1)OCCO2)c1[nH]c2ccccc2[nH+]1,0
ZINC03851900,DUD_vegfr2_D_2042,CCCn1c(SCC(=O)N2CC(=O)Nc3ccccc32)nc2ccccc21,0
ZINC03851900,DUD_vegfr2_D_2043,CCCn1c(SCC(=O)N2CC(=O)Nc3ccccc32)[nH+]c2ccccc21,0
ZINC03851955,DUD_vegfr2_D_2044,Cn1c(CC(=O)NNC(=S)NCc2ccc3c(c2)OCO3)nc2ccccc21,0
ZINC03851955,DUD_vegfr2_D_2045,Cn1c(CC(=O)NNC(=S)NCc2ccc3c(c2)OCO3)[nH+]c2ccccc21,0
ZINC03852016,DUD_vegfr2_D_2046,O=C(CCCSc1nc2ccccc2[nH]1)Nc1nc2ccccc2s1,0
ZINC03852016,DUD_vegfr2_D_2047,O=C(CCCSc1[nH]c2ccccc2[nH+]1)Nc1nc2ccccc2s1,0
ZINC03852330,DUD_vegfr2_D_2048,Cc1c(NC(=S)NCCCn2ccnc2)c(=O)n(-c2ccccc2)n1C,0
ZINC03852330,DUD_vegfr2_D_2049,Cc1c(NC(=S)NCCCn2cc[nH+]c2)c(=O)n(-c2ccccc2)n1C,0
ZINC03852536,DUD_vegfr2_D_2050,CC1=C(C(N)=O)[C@H](c2ccccn2)n2nc(SCc3ccccc3)nc2N1,0
ZINC03852773,DUD_vegfr2_D_2051,C=c1[nH]n(-c2cccc(Cl)c2)c(=O)/c1=C/Nc1ccc(C(=O)OC)cc1,0
ZINC03852781,DUD_vegfr2_D_2052,C=c1[nH]n(-c2ccccc2Cl)c(=O)/c1=C/c1ccc(O)c(OCC)c1,0
ZINC03852782,DUD_vegfr2_D_2053,C=c1[nH]n(-c2ccccc2Cl)c(=O)/c1=C\c1ccc(O)c(OCC)c1,0
ZINC03852784,DUD_vegfr2_D_2054,C=c1[nH]n(-c2ccc(Cl)cc2)c(=O)/c1=C\Nc1cccc(NC(C)=O)c1,0
ZINC03852787,DUD_vegfr2_D_2055,C=c1[nH]n(-c2cccc(Cl)c2)c(=O)/c1=C/Nc1cccc(NC(C)=O)c1,0
ZINC03852791,DUD_vegfr2_D_2056,C=c1[nH]n(-c2ccc(F)cc2)c(=O)/c1=C\Nc1cccc(NC(C)=O)c1,0
ZINC03852803,DUD_vegfr2_D_2057,C=c1[nH]n(-c2ccccc2)c(=O)/c1=C/c1cc(Br)c(O)c(OCC)c1,0
ZINC03852804,DUD_vegfr2_D_2058,C=c1[nH]n(-c2ccccc2)c(=O)/c1=C/c1cc(Br)c(O)c(OCC)c1,0
ZINC03853020,DUD_vegfr2_D_2059,CCOc1ccc2[nH]c(SCC(=O)Nc3nc4ccccc4s3)nc2c1,0
ZINC03853020,DUD_vegfr2_D_2060,CCOc1ccc2[nH]c(SCC(=O)Nc3nc4ccccc4s3)[nH+]c2c1,0
ZINC03853029,DUD_vegfr2_D_2061,Cc1ccc(NC(=O)CN2C(=O)S/C(=C/c3ccccc3O)C2=O)cc1,0
ZINC03853061,DUD_vegfr2_D_2062,Cc1cc(OCn2ccc(C(=O)Nc3ccncc3)n2)cc(C)c1Cl,0
ZINC03853067,DUD_vegfr2_D_2063,Cc1ccc(NC(=S)Nc2cnn(Cc3ccccc3C)c2)nc1,0
ZINC03853087,DUD_vegfr2_D_2064,CCCn1c(NC(=O)c2cc(-c3cccs3)on2)nc2ccccc21,0
ZINC03853087,DUD_vegfr2_D_2065,CCCn1c(NC(=O)c2cc(-c3cccs3)on2)[nH+]c2ccccc21,0
ZINC03853126,DUD_vegfr2_D_2066,C=c1[nH]n(-c2nc(-c3ccc(F)cc3)cs2)c(=O)/c1=C/c1ccc(O)c(OC)c1,0
ZINC03853461,DUD_vegfr2_D_2067,O=C(Nc1ccc(S(=O)(=O)N2CCCCCC2)cc1)/C(Cl)=C/c1ccccc1,0
ZINC03853495,DUD_vegfr2_D_2068,O=C(CSc1nc2ccccc2[nH]1)Nc1ccccc1N1CCOCC1,0
ZINC03853495,DUD_vegfr2_D_2069,O=C(CSc1[nH]c2ccccc2[nH+]1)Nc1ccccc1N1CCOCC1,0
ZINC03853554,DUD_vegfr2_D_2070,C=c1[nH]n(-c2ccc3ccccc3c2)c(=O)/c1=C\c1cc(Cl)c(O)c(OC)c1,0
ZINC03853555,DUD_vegfr2_D_2071,C=c1[nH]n(-c2ccc3ccccc3c2)c(=O)/c1=C\c1cc(Cl)c(O)c(OC)c1,0
ZINC03853565,DUD_vegfr2_D_2072,C=c1[nH]n(-c2ccccc2)c(=O)/c1=C\c1cc(Cl)c(O)c(OCC)c1,0
ZINC03853580,DUD_vegfr2_D_2073,Cn1c(=O)n(C)c2cc(NC(=O)CSc3nc4ccccc4[nH]3)ccc21,0
ZINC03853580,DUD_vegfr2_D_2074,Cn1c(=O)n(C)c2cc(NC(=O)CSc3[nH]c4ccccc4[nH+]3)ccc21,0
ZINC03853634,DUD_vegfr2_D_2075,Cc1cccc(NC(=O)CN2C(=O)S/C(=C/c3ccc(O)cc3)C2=O)c1,0
ZINC03853714,DUD_vegfr2_D_2076,C=c1[nH]n(-c2ccc(C)c(C)c2)c(=O)/c1=C/Nc1cc(Cl)ccc1O,0
ZINC03853789,DUD_vegfr2_D_2077,CCCCSc1nnc2c(n1)O[C@@H](c1ccccn1)Nc1ccccc1-2,0
ZINC03853821,DUD_vegfr2_D_2078,Cc1ccc(NC(=O)CN2C(=O)S/C(=C\c3ccc(O)cc3)C2=O)cc1,0
ZINC03853822,DUD_vegfr2_D_2079,CCN(CC)c1ncnc2sc(C(=O)Nc3cnc4ccccc4c3)c(C)c12,0
ZINC03853842,DUD_vegfr2_D_2080,Cc1ccccc1-n1c(SCc2ccccn2)nc2n[nH]c(C)c2c1=N,0
ZINC03853898,DUD_vegfr2_D_2081,CC(=O)c1cc(-c2ccc(F)cc2)n(CCC(=O)Nc2cccnc2)c1C,0
ZINC03853968,DUD_vegfr2_D_2082,CCOC(=O)/C=C\C(=O)Nc1nc(-c2ccc3ccccc3c2)cs1,0
ZINC03853999,DUD_vegfr2_D_2083,C#CCOc1ccc(/C=C2\C(=O)NC(=O)N(c3ccc(Cl)cc3)C2=O)cc1,0
ZINC03854000,DUD_vegfr2_D_2084,C#CCOc1ccc(/C=C2\C(=O)NC(=O)N(c3ccc(Cl)cc3)C2=O)cc1,0
ZINC03854171,DUD_vegfr2_D_2085,Cc1ccccc1/N=c1/oc2c(C)ncc(CO)c2cc1C(=O)Nc1ccccc1Cl,0
ZINC03854351,DUD_vegfr2_D_2086,COc1ccc2[nH]c(SCC(=O)Nc3ccc4ccccc4c3)nc2c1,0
ZINC03854351,DUD_vegfr2_D_2087,COc1ccc2[nH]c(SCC(=O)Nc3ccc4ccccc4c3)[nH+]c2c1,0
ZINC03854361,DUD_vegfr2_D_2088,CCn1c2ccccc2c2nnc(SCC(=O)Nc3ccc(C)cn3)nc21,0
ZINC03854421,DUD_vegfr2_D_2089,Cc1cccc(NC(=O)CN2C(=O)S/C(=C/c3ccccc3C)C2=O)c1,0
ZINC03854444,DUD_vegfr2_D_2090,COc1ccc(/C=C2\C(=N)N3N=C(c4ccccc4)SC3=NC2=O)cc1OC,0
ZINC03854496,DUD_vegfr2_D_2091,C=c1[nH]n(-c2ccccc2)c(=O)/c1=C/c1cc(Br)cc(OCC)c1O,0
ZINC03854497,DUD_vegfr2_D_2092,C=c1[nH]n(-c2ccccc2)c(=O)/c1=C/c1cc(Br)cc(OCC)c1O,0
ZINC03854547,DUD_vegfr2_D_2093,C#CCOc1cccc(/C=C2\C(=O)NC(=O)N(c3ccc(C)c(Cl)c3)C2=O)c1,0
ZINC03854635,DUD_vegfr2_D_2094,C#CCOc1ccc(/C=C2\C(=O)NN(c3ccc(F)cc3)C2=O)cc1OCC,0
ZINC03854636,DUD_vegfr2_D_2095,C#CCOc1ccc(/C=C2\C(=O)NN(c3ccc(F)cc3)C2=O)cc1OCC,0
ZINC03854657,DUD_vegfr2_D_2096,C=CCSc1nnc2c(n1)O[C@H](/C=C\c1ccc([N+](=O)[O-])o1)Nc1ccccc1-2,0
ZINC03854787,DUD_vegfr2_D_2097,Cc1nc2c(C(=O)NCc3cccnc3)cnn2c(C)c1Cc1ccccc1Cl,0
ZINC03854795,DUD_vegfr2_D_2098,CCCn1c(=S)[nH]c2cc(C(=O)NCc3ccccn3)ccc2c1=O,0
ZINC03854799,DUD_vegfr2_D_2099,Cc1cccc(CCNC(=O)/C=C2\Sc3ccccc3NC2=O)c1,0
ZINC03854800,DUD_vegfr2_D_2100,Cc1cccc(CCNC(=O)/C=C2/Sc3ccccc3NC2=O)c1,0
ZINC03854801,DUD_vegfr2_D_2101,C[C@@H](NC(=O)/C=C1\Sc2ccccc2NC1=O)c1ccc2c(c1)OCCO2,0
ZINC03854802,DUD_vegfr2_D_2102,C[C@@H](NC(=O)/C=C1\Sc2ccccc2NC1=O)c1ccc2c(c1)OCCO2,0
ZINC03854803,DUD_vegfr2_D_2103,C[C@@H](NC(=O)/C=C1\Sc2ccccc2NC1=O)c1ccc2c(c1)OCCO2,0
ZINC03854804,DUD_vegfr2_D_2104,C[C@@H](NC(=O)/C=C1/Sc2ccccc2NC1=O)c1ccc2c(c1)OCCO2,0
ZINC03854813,DUD_vegfr2_D_2105,CN(CCCNC(=O)/C=C1/Sc2ccccc2NC1=O)c1ccccc1,0
ZINC03854814,DUD_vegfr2_D_2106,CN(CCCNC(=O)/C=C1\Sc2ccccc2NC1=O)c1ccccc1,0
ZINC03854834,DUD_vegfr2_D_2107,O=C1Nc2ccccc2S/C1=C/c1ccc(C(=O)NC[C@@H]2CCCO2)cc1,0
ZINC03854836,DUD_vegfr2_D_2108,O=C1Nc2ccccc2S/C1=C/c1ccc(C(=O)NC2CCCC2)cc1,0
ZINC03854837,DUD_vegfr2_D_2109,COCCNC(=O)c1ccc(/C=C2\Sc3ccccc3NC2=O)cc1,0
ZINC03854841,DUD_vegfr2_D_2110,COCCCNC(=O)c1ccc(/C=C2\Sc3ccccc3NC2=O)cc1,0
ZINC03854848,DUD_vegfr2_D_2111,CC[C@@H](C)NC(=O)c1ccc(/C=C2\Sc3ccccc3NC2=O)cc1,0
ZINC03854849,DUD_vegfr2_D_2112,CC[C@@H](C)NC(=O)c1ccc(/C=C2\Sc3ccccc3NC2=O)cc1,0
ZINC03854850,DUD_vegfr2_D_2113,CC[C@@H](C)NC(=O)c1ccc(/C=C2/Sc3ccccc3NC2=O)cc1,0
ZINC03854851,DUD_vegfr2_D_2114,CC[C@@H](C)NC(=O)c1ccc(/C=C2/Sc3ccccc3NC2=O)cc1,0
ZINC03854854,DUD_vegfr2_D_2115,COCCNC(=O)c1ccc2c(c1)NC(=O)/C(=C\c1ccccc1)S2,0
ZINC03854855,DUD_vegfr2_D_2116,COCCCNC(=O)c1ccc2c(c1)NC(=O)/C(=C/c1ccccc1)S2,0
ZINC03854859,DUD_vegfr2_D_2117,O=C1Nc2cc(C(=O)NC[C@@H]3CCCO3)ccc2S/C1=C/c1ccccc1,0
ZINC03854860,DUD_vegfr2_D_2118,O=C1Nc2cc(C(=O)NC[C@@H]3CCCO3)ccc2S/C1=C/c1ccccc1,0
ZINC03854861,DUD_vegfr2_D_2119,O=C1Nc2cc(C(=O)NC[C@H]3CCCO3)ccc2S/C1=C\c1ccccc1,0
ZINC03854862,DUD_vegfr2_D_2120,O=C1Nc2cc(C(=O)NC[C@H]3CCCO3)ccc2S/C1=C\c1ccccc1,0
ZINC03854863,DUD_vegfr2_D_2121,CC[C@H](C)NC(=O)c1ccc2c(c1)NC(=O)/C(=C/c1ccccc1)S2,0
ZINC03854864,DUD_vegfr2_D_2122,CC[C@@H](C)NC(=O)c1ccc2c(c1)NC(=O)/C(=C\c1ccccc1)S2,0
ZINC03854875,DUD_vegfr2_D_2123,COc1cccc(/C=C2/Sc3ccc(C(=O)NCc4ccco4)cc3NC2=O)c1,0
ZINC03854896,DUD_vegfr2_D_2124,CC(C)NC(=O)c1ccc2c(c1)NC(=O)/C(=C\c1ccccc1)S2,0
ZINC03854902,DUD_vegfr2_D_2125,CCCCNC(=O)c1ccc2c(c1)NC(=O)/C(=C\c1ccccc1)S2,0
ZINC03854903,DUD_vegfr2_D_2126,CCCNC(=O)c1ccc2c(c1)NC(=O)/C(=C/c1ccccc1)S2,0
ZINC03854904,DUD_vegfr2_D_2127,O=C1Nc2cc(C(=O)NC3CCCC3)ccc2S/C1=C/c1ccccc1,0
ZINC03854905,DUD_vegfr2_D_2128,O=C1Nc2cc(C(=O)NC3CCCC3)ccc2S/C1=C\c1ccccc1,0
ZINC03854911,DUD_vegfr2_D_2129,C=c1[nH]n(-c2ccc(C)cc2)c(=O)/c1=C\NNC(=O)c1ccc(Br)cc1,0
ZINC03854919,DUD_vegfr2_D_2130,CC/C=C(\NNC(=O)CNC(=O)c1cccc(F)c1)c1ccccc1,0
ZINC03854932,DUD_vegfr2_D_2131,CCOC(=O)c1cccc(NC(=O)CSc2nc3ccccc3[nH]2)c1,0
ZINC03854967,DUD_vegfr2_D_2132,O=C(N/N=c1/[nH]c2ccccc2s1)c1ccc(S(=O)(=O)N2CCCC2)cc1,0
ZINC03855017,DUD_vegfr2_D_2133,C=C(NNC(=O)c1ccc(OC)c(OC)c1)c1ccc(-n2ccnc2)cc1,0
ZINC03855017,DUD_vegfr2_D_2134,C=C(NNC(=O)c1ccc(OC)c(OC)c1)c1ccc(-n2cc[nH+]c2)cc1,0
ZINC03855073,DUD_vegfr2_D_2135,O=C(CSc1nc2ccccc2[nH]1)Nc1ccc(N2CCOCC2)cc1,0
ZINC03855073,DUD_vegfr2_D_2136,O=C(CSc1[nH]c2ccccc2[nH+]1)Nc1ccc(N2CCOCC2)cc1,0
ZINC03855126,DUD_vegfr2_D_2137,C=c1[nH][nH]c(=O)/c1=C/c1cn(-c2ccccc2)nc1-c1ccc(CC)cc1,0
ZINC03855135,DUD_vegfr2_D_2138,COCCn1c(-c2ccc3c(c2)NC(=O)CO3)cs/c1=N\c1ccccc1,0
ZINC03855136,DUD_vegfr2_D_2139,COCCn1c(-c2ccc3c(c2)NC(=O)CO3)cs/c1=N\c1ccccc1,0
ZINC03855147,DUD_vegfr2_D_2140,COCCCn1c(-c2ccc3c(c2)NC(=O)CO3)cs/c1=N/c1ccccc1,0
ZINC03855160,DUD_vegfr2_D_2141,O=C(Cc1cn2ccsc2n1)NNC1=CC[C@H](c2ccccc2)CC1,0
ZINC03855160,DUD_vegfr2_D_2142,O=C(Cc1cn2ccsc2[nH+]1)NNC1=CC[C@H](c2ccccc2)CC1,0
ZINC03855192,DUD_vegfr2_D_2143,CCOC(=O)c1ccc(-n2ccnc2)c(NC(=O)c2cccc(Br)c2)c1,0
ZINC03855192,DUD_vegfr2_D_2144,CCOC(=O)c1ccc(-n2cc[nH+]c2)c(NC(=O)c2cccc(Br)c2)c1,0
ZINC03855236,DUD_vegfr2_D_2145,Cc1cc(O)nc(SCC(=O)Nc2ccc(Oc3ccccc3)cc2)n1,0
ZINC03855377,DUD_vegfr2_D_2146,CN(C)c1ccc(NC(=O)CSc2nc3ccccc3c(=O)[nH]2)cc1,0
ZINC03855377,DUD_vegfr2_D_2147,CN(C)c1ccc(NC(=O)CSc2nc(O)c3ccccc3n2)cc1,0
ZINC03855611,DUD_vegfr2_D_2148,Cc1ccc(Nc2nc(CSc3nc4ccccc4s3)cc(=O)[nH]2)cc1,0
ZINC03855699,DUD_vegfr2_D_2149,O=C(CSc1nc2c(c(=O)[nH]1)CCC2)N(c1ccccc1)c1ccccc1,0
ZINC03855699,DUD_vegfr2_D_2150,O=C(CSc1nc(O)c2c(n1)CCC2)N(c1ccccc1)c1ccccc1,0
ZINC03855699,DUD_vegfr2_D_2151,O=C(CSc1nc(O)c2c(n1)CCC2)N(c1ccccc1)c1ccccc1,0
ZINC03856110,DUD_vegfr2_D_2152,COc1ccc(C(=O)N/N=c2/scc(-c3ccccc3)n2C(C)=O)cc1,0
ZINC03856255,DUD_vegfr2_D_2153,Cc1ccc(NC(=O)CSc2nc(-c3ccccc3)cc(=O)[nH]2)cc1,0
ZINC03857111,DUD_vegfr2_D_2154,Cc1ccc(NC(=O)CCN2C(=O)S/C(=C\c3ccccc3)C2=O)cc1,0
ZINC03857112,DUD_vegfr2_D_2155,Cc1cccc(NC(=O)CCN2C(=O)S/C(=C/c3ccccc3)C2=O)c1,0
ZINC03857113,DUD_vegfr2_D_2156,Cc1ccccc1NC(=O)CCN1C(=O)S/C(=C\c2ccccc2)C1=O,0
ZINC03857132,DUD_vegfr2_D_2157,COc1cc(/C=C2/C(=N)N3C(c4ccccc4)=CSC3=NC2=O)ccc1O,0
ZINC03857221,DUD_vegfr2_D_2158,Cc1ccc(Nc2nc3ccccc3[nH]/c2=N\S(=O)(=O)c2cccs2)cc1C,0
ZINC03857228,DUD_vegfr2_D_2159,Cc1cccc(NC(=O)Cc2n[nH]/c(=N/C(=O)Nc3ccccc3C)s2)c1,0
ZINC03857410,DUD_vegfr2_D_2160,Cc1ccc(/C=C2/SC(=O)N(CCC(=O)Nc3ccccc3)C2=O)cc1,0
ZINC03857505,DUD_vegfr2_D_2161,Cc1ccc(NC(=O)/N=c2/[nH]nc(CC(=O)Nc3ccccc3)s2)cc1,0
ZINC03857695,DUD_vegfr2_D_2162,Cc1ccc(NC(=O)Cc2n[nH]/c(=N\C(=O)Nc3ccccc3C)s2)cc1,0
ZINC03857791,DUD_vegfr2_D_2163,COc1ccccc1NC(=O)c1cnc(/N=c2\[nH]c3ccccc3s2)nc1C,0
ZINC03857792,DUD_vegfr2_D_2164,COc1ccccc1NC(=O)c1cnc(/N=c2\[nH]c3ccccc3s2)nc1C,0
ZINC03857798,DUD_vegfr2_D_2165,Cc1ccc(NC(=O)c2cnc(/N=c3/[nH]c4ccccc4s3)nc2C)cc1,0
ZINC03857799,DUD_vegfr2_D_2166,Cc1ccc(NC(=O)c2cnc(/N=c3/[nH]c4ccccc4s3)nc2C)cc1,0
ZINC03857856,DUD_vegfr2_D_2167,Cc1nc(/N=c2/[nH]c3ccccc3o2)nc(C)c1C(=O)Nc1ccc(F)cc1,0
ZINC03858010,DUD_vegfr2_D_2168,Cc1cc(/C=C2\C(=O)N=C(S)N=C2O)c(C)n1-c1ccc2ncccc2c1,0
ZINC03858018,DUD_vegfr2_D_2169,C=C(N/N=c1\[nH]c2c(c(=O)n(C)c(=O)n2C)n1Cc1ccccc1Cl)c1ccco1,0
ZINC03858019,DUD_vegfr2_D_2170,O=S(=O)(/N=c1\[nH]c2ccccc2nc1NC1CCCCC1)c1cccs1,0
ZINC03858111,DUD_vegfr2_D_2171,COc1ccccc1/C=C\C(=O)Nc1nc(-c2ccc([N+](=O)[O-])cc2)cs1,0
ZINC03858177,DUD_vegfr2_D_2172,CN(C)S(=O)(=O)c1ccc(C(=O)N/N=c2/sc3ccccc3n2C)cc1,0
ZINC03858203,DUD_vegfr2_D_2173,CC(=O)c1sc(/N=c2\cc(-c3ccccc3)oc3ccc(O)cc23)nc1C,0
ZINC03858293,DUD_vegfr2_D_2174,C=c1[nH]n(-c2ccc(C)cc2C)c(=O)/c1=C/Nc1cc(Cl)ccc1O,0
ZINC03858359,DUD_vegfr2_D_2175,C=c1[nH]n(-c2ccccc2)c(=O)/c1=C\c1c(C)nn(-c2ccc(Cl)cc2)c1O,0
ZINC03858397,DUD_vegfr2_D_2176,C=c1[nH]n(-c2ccc(Br)cc2)c(=O)/c1=C/Nc1ccc(NC(C)=O)cc1,0
ZINC03858485,DUD_vegfr2_D_2177,C=c1[nH]n(-c2ccc(F)cc2)c(=O)/c1=C/Nc1ccc2nc(C)[nH]c2c1,0
ZINC03858485,DUD_vegfr2_D_2178,C=c1[nH]n(-c2ccc(F)cc2)c(=O)/c1=C\Nc1ccc2[nH+]c(C)[nH]c2c1,0
ZINC03858496,DUD_vegfr2_D_2179,C=c1[nH]n(-c2ccc(F)cc2)c(=O)/c1=C/c1c(C)nn(-c2ccccc2C)c1O,0
ZINC03858537,DUD_vegfr2_D_2180,CCOC(=O)c1ccc(/N=c2\oc3ccc(Cl)cc3cc2C(N)=O)cc1,0
ZINC03858773,DUD_vegfr2_D_2181,C#CCOc1ccc(/C=C2\C(=O)NN(c3cccc(Cl)c3)C2=O)cc1OC,0
ZINC03858774,DUD_vegfr2_D_2182,C#CCOc1ccc(/C=C2/C(=O)NN(c3cccc(Cl)c3)C2=O)cc1OC,0
ZINC03858775,DUD_vegfr2_D_2183,C#CCOc1ccc(/C=C2\C(=O)NN(c3ccc(F)cc3)C2=O)cc1OC,0
ZINC03858776,DUD_vegfr2_D_2184,C#CCOc1ccc(/C=C2/C(=O)NN(c3ccc(F)cc3)C2=O)cc1OC,0
ZINC03858777,DUD_vegfr2_D_2185,C#CCOc1ccc(/C=C2/C(=O)NN(c3ccc(Br)cc3)C2=O)cc1OC,0
ZINC03858778,DUD_vegfr2_D_2186,C#CCOc1ccc(/C=C2/C(=O)NN(c3ccc(Br)cc3)C2=O)cc1OC,0
ZINC03858779,DUD_vegfr2_D_2187,C#CCOc1ccc(/C=C2\C(=O)NN(c3cccc(Br)c3)C2=O)cc1OC,0
ZINC03858780,DUD_vegfr2_D_2188,C#CCOc1ccc(/C=C2/C(=O)NN(c3cccc(Br)c3)C2=O)cc1OC,0
ZINC03858785,DUD_vegfr2_D_2189,Cc1ccc(NC(=O)CN2C(=O)S/C(=C/c3cccc(O)c3)C2=O)cc1,0
ZINC03858787,DUD_vegfr2_D_2190,Cc1ccc(NC(=O)CN2C(=O)S/C(=C/c3ccccc3C)C2=O)cc1,0
ZINC03858804,DUD_vegfr2_D_2191,O=C(CN1C(=O)S/C(=C\c2c[nH]c3ccccc23)C1=O)Nc1ccc2c(c1)OCO2,0
ZINC03858805,DUD_vegfr2_D_2192,Cn1cc(/C=C2\SC(=O)N(CC(=O)Nc3ccc4c(c3)OCO4)C2=O)c2ccccc21,0
ZINC03858806,DUD_vegfr2_D_2193,Cc1[nH]c2ccccc2c1/C=C1/SC(=O)N(CC(=O)Nc2ccc3c(c2)OCO3)C1=O,0
ZINC03858864,DUD_vegfr2_D_2194,Cc1ccccc1NC(=O)CN1C(=O)S/C(=C/c2cccc(O)c2)C1=O,0
ZINC03858868,DUD_vegfr2_D_2195,Cc1ccccc1NC(=O)CN1C(=O)S/C(=C/c2ccc(O)cc2)C1=O,0
ZINC03859068,DUD_vegfr2_D_2196,CC(=O)Nc1ccc2nc(SCc3nc4ccccc4[nH]3)sc2c1,0
ZINC03859068,DUD_vegfr2_D_2197,CC(=O)Nc1ccc2nc(SCc3[nH]c4ccccc4[nH+]3)sc2c1,0
ZINC03859153,DUD_vegfr2_D_2198,CCOc1ccc(N2C(=O)S/C(=C\c3nc4ccccc4[nH]3)C2=O)cc1,0
ZINC03859153,DUD_vegfr2_D_2199,CCOc1ccc(N2C(=O)S/C(=C/c3[nH]c4ccccc4[nH+]3)C2=O)cc1,0
ZINC03859176,DUD_vegfr2_D_2200,CC(C)C(=O)Nc1cccc(NC(=S)NC(=O)/C=C/c2ccco2)c1,0
ZINC03859402,DUD_vegfr2_D_2201,C=c1[nH]n(-c2ccccc2)c(=S)/c1=C\Nc1cc([N+](=O)[O-])ccc1OC,0
ZINC03859443,DUD_vegfr2_D_2202,CCOc1ccc(N2CN=c3s/c(=C/c4ccccc4O)c(=O)n3C2)cc1,0
ZINC03859471,DUD_vegfr2_D_2203,O=c1oc2ccccc2cc1-c1csc(NN/C=C2/CC=CCC2)n1,0
ZINC03859621,DUD_vegfr2_D_2204,C#CCn1cc(/C=C2\C(=O)NC(=O)N(c3ccc4c(c3)OCO4)C2=O)c2ccccc21,0
ZINC03859721,DUD_vegfr2_D_2205,COC(=O)C1=C(C)N=c2s/c(=C\c3cccc(O)c3)c(=O)n2[C@H]1c1ccccc1,0
ZINC03859722,DUD_vegfr2_D_2206,COC(=O)C1=C(C)N=c2s/c(=C\c3cccc(O)c3)c(=O)n2[C@H]1c1ccccc1,0
ZINC03859816,DUD_vegfr2_D_2207,COc1cc(/C=C2\C(=N)N3C(c4ccccc4)=CSC3=NC2=O)cc(OC)c1O,0
ZINC03859877,DUD_vegfr2_D_2208,C=C(NNC(=O)CSc1nc2ccccc2n1C)c1ccccc1,0
ZINC03859877,DUD_vegfr2_D_2209,C=C(NNC(=O)CSc1[nH+]c2ccccc2n1C)c1ccccc1,0
ZINC03860125,DUD_vegfr2_D_2210,CC[C@@H](C)N1C(=O)/C(=C\NNc2cccc3ccccc23)C(=O)NC1=S,0
ZINC03860126,DUD_vegfr2_D_2211,CC[C@H](C)N1C(=O)/C(=C/NNc2cccc3ccccc23)C(=O)NC1=S,0
ZINC03862689,DUD_vegfr2_D_2212,Cc1ccc(CCNC(=O)/C=C2/Sc3ccccc3NC2=O)cc1,0
ZINC03862690,DUD_vegfr2_D_2213,Cc1ccc(CCNC(=O)/C=C2/Sc3ccccc3NC2=O)cc1,0
ZINC03866686,DUD_vegfr2_D_2214,CN(C)c1ccc(/C=N\N2CC(=O)C(c3nc4ccccc4s3)=C2N)cc1,0
ZINC03866726,DUD_vegfr2_D_2215,CCOC(=O)c1ccc(-n2ccnc2)c(NC(=O)c2ccc(Cl)cc2)c1,0
ZINC03866726,DUD_vegfr2_D_2216,CCOC(=O)c1ccc(-n2cc[nH+]c2)c(NC(=O)c2ccc(Cl)cc2)c1,0
ZINC03866771,DUD_vegfr2_D_2217,COc1cccc(/C=N/NC(=O)c2cc3c(C)nn(-c4ccccc4)c3s2)c1O,0
ZINC03866781,DUD_vegfr2_D_2218,O=C(N/N=C/c1sc(N2CCOCC2)nc1-c1ccccc1)c1ccccc1O,0
ZINC03866787,DUD_vegfr2_D_2219,Cc1cc(=O)nc(SCC(=O)NN(c2ccccc2)c2ccccc2)[nH]1,0
ZINC03866848,DUD_vegfr2_D_2220,Cc1ccc(-c2csc(C3=C(N)N(CCCn4ccnc4)CC3=O)n2)cc1,0
ZINC03866848,DUD_vegfr2_D_2221,Cc1ccc(-c2csc(C3=C(N)N(CCCn4cc[nH+]c4)CC3=O)n2)cc1,0
ZINC03866930,DUD_vegfr2_D_2222,O=C(/C=C/c1cn(-c2ccccc2)nc1-c1cccs1)NC1CCC(O)CC1,0
ZINC03867010,DUD_vegfr2_D_2223,Cc1ccc(NC(=S)N/N=C\c2ccc3ncccc3c2)c(C)c1,0
ZINC03867011,DUD_vegfr2_D_2224,Cc1ccc(NC(=S)N/N=C\c2ccc3ncccc3c2)c(C)c1,0
ZINC03867022,DUD_vegfr2_D_2225,CC[C@]1(C)NC(=O)N(/N=C/c2cn(-c3ccccc3)nc2-c2cccs2)C1=O,0
ZINC03867052,DUD_vegfr2_D_2226,Cc1ccccc1Nc1nnc(SCc2nc(=O)c3ccccc3[nH]2)s1,0
ZINC03867143,DUD_vegfr2_D_2227,CCc1cc2c(=O)nc(-c3ccc(-c4ccc(O)cc4)cc3)[nH]c2s1,0
ZINC03867248,DUD_vegfr2_D_2228,Cc1noc(C)c1CSc1ccccc1C(=O)Nc1nc2ccccc2[nH]1,0
ZINC03867248,DUD_vegfr2_D_2229,Cc1noc(C)c1CSc1ccccc1C(=O)Nc1[nH]c2ccccc2[nH+]1,0
ZINC03867256,DUD_vegfr2_D_2230,CC(=O)Nc1ccc(NC(=O)CSc2ccc3ccccc3n2)cc1,0
ZINC03867271,DUD_vegfr2_D_2231,CC(=O)Nc1ccc(C2=CS/C(=N\Cc3ccccc3)N(C)N2)cc1,0
ZINC03867309,DUD_vegfr2_D_2232,CSCC[C@@H](NC(=O)c1ccccc1[N+](=O)[O-])c1nc2ccccc2[nH]1,0
ZINC03867309,DUD_vegfr2_D_2233,CSCC[C@@H](NC(=O)c1ccccc1[N+](=O)[O-])c1[nH]c2ccccc2[nH+]1,0
ZINC03867310,DUD_vegfr2_D_2234,CSCC[C@@H](NC(=O)c1ccccc1[N+](=O)[O-])c1nc2ccccc2[nH]1,0
ZINC03867310,DUD_vegfr2_D_2235,CSCC[C@@H](NC(=O)c1ccccc1[N+](=O)[O-])c1[nH]c2ccccc2[nH+]1,0
ZINC03867313,DUD_vegfr2_D_2236,CSCC[C@@H](NC(=O)c1cccc([N+](=O)[O-])c1C)c1nc2ccccc2[nH]1,0
ZINC03867313,DUD_vegfr2_D_2237,CSCC[C@H](NC(=O)c1cccc([N+](=O)[O-])c1C)c1[nH]c2ccccc2[nH+]1,0
ZINC03867314,DUD_vegfr2_D_2238,CSCC[C@@H](NC(=O)c1cccc([N+](=O)[O-])c1C)c1nc2ccccc2[nH]1,0
ZINC03867314,DUD_vegfr2_D_2239,CSCC[C@@H](NC(=O)c1cccc([N+](=O)[O-])c1C)c1[nH]c2ccccc2[nH+]1,0
ZINC03867365,DUD_vegfr2_D_2240,Cc1nc(=O)c2c(C)c(C(=O)Nc3ccccc3Cc3ccccc3)sc2[nH]1,0
ZINC03867400,DUD_vegfr2_D_2241,COc1ccc(C(=O)NC(=O)CSc2nc3cc(C)ccc3[nH]2)cc1,0
ZINC03867400,DUD_vegfr2_D_2242,COc1ccc(C(=O)NC(=O)CSc2[nH]c3ccc(C)cc3[nH+]2)cc1,0
ZINC03867401,DUD_vegfr2_D_2243,COc1ccccc1C(=O)NC(=O)CSc1nc2cc(C)ccc2[nH]1,0
ZINC03867401,DUD_vegfr2_D_2244,COc1ccccc1C(=O)NC(=O)CSc1[nH]c2ccc(C)cc2[nH+]1,0
ZINC03867547,DUD_vegfr2_D_2245,CCCn1c(NC(=O)CSc2nc3ccccc3o2)nc2ccccc21,0
ZINC03867547,DUD_vegfr2_D_2246,CCCn1c(NC(=O)CSc2nc3ccccc3o2)[nH+]c2ccccc21,0
ZINC03867574,DUD_vegfr2_D_2247,Cc1ccc(N2C(=O)/C(=C/NNc3nc(C)cs3)c3ccccc3C2=O)cc1,0
ZINC03867617,DUD_vegfr2_D_2248,CC(=O)Nc1ccc(NC(=O)CSc2nc3ccccc3n2C)cc1,0
ZINC03867617,DUD_vegfr2_D_2249,CC(=O)Nc1ccc(NC(=O)CSc2[nH+]c3ccccc3n2C)cc1,0
ZINC03867626,DUD_vegfr2_D_2250,CCOc1ncccc1C(=O)Nc1nn2cc(-c3ccccc3)nc2s1,0
ZINC03867626,DUD_vegfr2_D_2251,CCOc1ncccc1C(=O)Nc1nn2cc(-c3ccccc3)[nH+]c2s1,0
ZINC03867772,DUD_vegfr2_D_2252,CSCC[C@H](C(=O)Nc1nc2ccccc2[nH]1)N1C(=O)c2ccccc2C1=O,0
ZINC03867772,DUD_vegfr2_D_2253,CSCC[C@@H](C(=O)Nc1[nH]c2ccccc2[nH+]1)N1C(=O)c2ccccc2C1=O,0
ZINC03867773,DUD_vegfr2_D_2254,CSCC[C@H](C(=O)Nc1nc2ccccc2[nH]1)N1C(=O)c2ccccc2C1=O,0
ZINC03867773,DUD_vegfr2_D_2255,CSCC[C@H](C(=O)Nc1[nH]c2ccccc2[nH+]1)N1C(=O)c2ccccc2C1=O,0
ZINC03867820,DUD_vegfr2_D_2256,CC(=O)c1cccc(NC(=O)[C@@H](C)Sc2nc3ccccc3[nH]2)c1,0
ZINC03867820,DUD_vegfr2_D_2257,CC(=O)c1cccc(NC(=O)[C@H](C)Sc2[nH]c3ccccc3[nH+]2)c1,0
ZINC03867830,DUD_vegfr2_D_2258,C[C@H](Sc1nc2ccccc2[nH]1)C(=O)Nc1ccc(N(C)C)cc1,0
ZINC03867830,DUD_vegfr2_D_2259,C[C@@H](Sc1[nH]c2ccccc2[nH+]1)C(=O)Nc1ccc(N(C)C)cc1,0
ZINC03867845,DUD_vegfr2_D_2260,CN(C)C(=O)c1ccc(NC(=O)CSc2nc3ccccc3[nH]2)cc1,0
ZINC03867845,DUD_vegfr2_D_2261,CN(C)C(=O)c1ccc(NC(=O)CSc2[nH]c3ccccc3[nH+]2)cc1,0
ZINC03867849,DUD_vegfr2_D_2262,CC(=O)c1ccc(NC(=O)CSc2cc(C)c3ccccc3n2)cc1,0
ZINC03867945,DUD_vegfr2_D_2263,CCOc1ccc2nc(SCc3nnc(-c4ccccc4)o3)[nH]c2c1,0
ZINC03867945,DUD_vegfr2_D_2264,CCOc1ccc2[nH+]c(SCc3nnc(-c4ccccc4)o3)[nH]c2c1,0
ZINC03867981,DUD_vegfr2_D_2265,Cc1nn(Cc2ccccc2)c(Cl)c1/C=N/NC(=O)c1ccc(O)cc1,0
ZINC03868069,DUD_vegfr2_D_2266,Cc1ccc(C(=O)NCCN2C(=O)S/C(=C/c3ccccc3)C2=O)cc1,0
ZINC03868085,DUD_vegfr2_D_2267,Cc1ccc(/C=C2\SC(=O)N(CCNC(=O)c3ccccn3)C2=O)cc1,0
ZINC03868225,DUD_vegfr2_D_2268,CCNC(=S)N/N=C\c1cn(-c2ccccc2)nc1-c1cccnc1,0
ZINC03868251,DUD_vegfr2_D_2269,Cn1c(CC(=O)N/N=C\c2ccc(O)c(Br)c2)nc2ccccc21,0
ZINC03868260,DUD_vegfr2_D_2270,C=C(NNC(=O)Cc1nc2ccccc2n1C)c1ccc(Cl)cc1,0
ZINC03868260,DUD_vegfr2_D_2271,C=C(NNC(=O)Cc1[nH+]c2ccccc2n1C)c1ccc(Cl)cc1,0
ZINC03868326,DUD_vegfr2_D_2272,Cc1nn(Cc2ccccc2)c(Cl)c1/C=N/NC(=O)c1cccc(O)c1,0
ZINC03868361,DUD_vegfr2_D_2273,O=C1Nc2cc(C(=O)NC[C@H]3CCCO3)ccc2S/C1=C\c1ccccc1F,0
ZINC03868362,DUD_vegfr2_D_2274,O=C1Nc2cc(C(=O)NC[C@@H]3CCCO3)ccc2S/C1=C/c1ccccc1F,0
ZINC03868363,DUD_vegfr2_D_2275,O=C1Nc2cc(C(=O)NC[C@@H]3CCCO3)ccc2S/C1=C/c1ccccc1F,0
ZINC03868364,DUD_vegfr2_D_2276,O=C1Nc2cc(C(=O)NC[C@@H]3CCCO3)ccc2S/C1=C/c1ccccc1F,0
ZINC03868442,DUD_vegfr2_D_2277,COc1ccc2nc(SCCCn3c(=O)[nH]c4ccccc43)[nH]c2c1,0
ZINC03868442,DUD_vegfr2_D_2278,COc1ccc2[nH+]c(SCCCn3c(=O)[nH]c4ccccc43)[nH]c2c1,0
ZINC03868500,DUD_vegfr2_D_2279,CC(=O)Nc1ccc(-c2csc(NC(=O)/C=C/c3ccccc3)n2)cc1,0
ZINC03868513,DUD_vegfr2_D_2280,CCOc1cc(/C=C2/N=C(c3ccccc3)NC2=O)cc(Cl)c1O,0
ZINC03868614,DUD_vegfr2_D_2281,O=S(=O)(N[C@@H]1CCCC[C@H]1Sc1nc2ccccc2[nH]1)c1ccc(Cl)cc1,0
ZINC03868614,DUD_vegfr2_D_2282,O=S(=O)(N[C@@H]1CCCC[C@@H]1Sc1[nH]c2ccccc2[nH+]1)c1ccc(Cl)cc1,0
ZINC03868687,DUD_vegfr2_D_2283,CCOc1ccc(Cl)cc1/C=C1\NC(=O)N(CC(=O)Nc2ccccc2)C1=O,0
ZINC03868696,DUD_vegfr2_D_2284,Cc1cccc(NC(=O)CN2C(=O)N/C(=C/c3ccc(F)cc3)C2=O)c1,0
ZINC03868765,DUD_vegfr2_D_2285,CCN1C(=O)[C@@H](CC(=O)Nc2ccccc2C)S/C1=N/c1ccccc1,0
ZINC03868816,DUD_vegfr2_D_2286,O=C(CSc1cccc2cccnc12)NN/C=C1\CC=CCC1,0
ZINC03868993,DUD_vegfr2_D_2287,Cc1ccc(NC(=O)c2nc[nH]c2/N=C2/SC[C@@](C)(O)N2c2ccccc2)cc1,0
ZINC03868994,DUD_vegfr2_D_2288,Cc1ccc(NC(=O)c2nc[nH]c2/N=C2\SC[C@](C)(O)N2c2ccccc2)cc1,0
ZINC03868994,DUD_vegfr2_D_2289,Cc1ccc(NC(=O)c2[nH+]c[nH]c2/N=C2\SC[C@](C)(O)N2c2ccccc2)cc1,0
ZINC03873542,DUD_vegfr2_D_2290,Cc1ccc(NC(=O)CN2C(=O)S/C(=C\c3ccccn3)C2=O)cc1C,0
ZINC03873723,DUD_vegfr2_D_2291,CN(C)c1ccc(/C=C2/C(=N)N3N=C(Cc4ccccc4)SC3=NC2=O)cc1,0
ZINC03873875,DUD_vegfr2_D_2292,Cc1cc(/C=C2\C(=O)N=C([S-])N=C2O)c(C)n1-c1ccc2ncccc2c1,0
ZINC03885569,DUD_vegfr2_D_2293,COc1ccc(-c2csc(C3=C(N)N(c4ccccc4)CC3=O)n2)cc1OC,0
ZINC03889043,DUD_vegfr2_D_2294,Cc1cccc(NC(=O)[C@H]2CC(=O)N/C(=N\c3ccccc3)S2)c1,0
ZINC03889044,DUD_vegfr2_D_2295,Cc1cccc(NC(=O)[C@@H]2CC(=O)N/C(=N/c3ccccc3)S2)c1,0
ZINC03889445,DUD_vegfr2_D_2296,Cc1cccc(C)c1NC(=O)CSc1nc(-c2ccccc2)cc(=O)[nH]1,0
ZINC03889607,DUD_vegfr2_D_2297,COc1ccc2c(c1)[nH]c1c(=O)n(/N=C/c3cccc(Br)c3O)cnc12,0
ZINC03889620,DUD_vegfr2_D_2298,O=C(N/N=C\c1ccccn1)C1CCN(C(=O)c2ccc(F)cc2)CC1,0
ZINC03889674,DUD_vegfr2_D_2299,Cc1cccc(NC(=O)C[C@H]2S/C(=N/c3ccc(Br)cc3)NC2=O)c1C,0
ZINC03890070,DUD_vegfr2_D_2300,Cc1ccc(C)c(N2C(N)=CS/C2=C(\C#N)S(=O)(=O)c2ccccc2)c1,0
ZINC03890071,DUD_vegfr2_D_2301,Cc1ccc(C)c(N2C(N)=CS/C2=C(/C#N)S(=O)(=O)c2ccccc2)c1,0
ZINC03890127,DUD_vegfr2_D_2302,CCCc1cc(=O)[nH]c(Nc2nc(-c3ccccc3)c3cc(Cl)ccc3n2)n1,0
ZINC03890127,DUD_vegfr2_D_2303,CCCc1cc(=O)nc(Nc2nc(-c3ccccc3)c3cc(Cl)ccc3n2)[nH]1,0
ZINC03890174,DUD_vegfr2_D_2304,Cc1cccc(OCC2=NN3C(=N)/C(=C/c4ccc(C)o4)C(=O)N=C3S2)c1,0
ZINC03890218,DUD_vegfr2_D_2305,Cc1ccc(/N=C2\NC(=O)[C@H](CC(=O)Nc3ccccc3C)S2)cc1,0
ZINC03890219,DUD_vegfr2_D_2306,Cc1ccc(/N=C2/NC(=O)[C@H](CC(=O)Nc3ccccc3C)S2)cc1,0
ZINC03890220,DUD_vegfr2_D_2307,Cc1ccc(/N=C2\NC(=O)[C@@H](CC(=O)Nc3ccccc3C)S2)cc1,0
ZINC03890221,DUD_vegfr2_D_2308,Cc1ccc(/N=C2\NC(=O)[C@H](CC(=O)Nc3ccccc3C)S2)cc1,0
ZINC03890807,DUD_vegfr2_D_2309,COc1ccc(-c2nnc(S)n2/N=C\c2c[nH]c3ccccc23)cc1,0
ZINC03890815,DUD_vegfr2_D_2310,Cc1ccc(/N=C2\NC(=O)C[C@@H](C(=O)Nc3ccc(C)cc3)S2)cc1,0
ZINC03890816,DUD_vegfr2_D_2311,Cc1ccc(/N=C2/NC(=O)C[C@H](C(=O)Nc3ccc(C)cc3)S2)cc1,0
ZINC03890844,DUD_vegfr2_D_2312,COc1ccc(C[C@@H]2S/C(=N\N=C/c3c[nH]c4ccccc34)NC2=O)cc1,0
ZINC03891053,DUD_vegfr2_D_2313,COc1ccc(/C=C2/C(=N)N3N=C(Cc4ccccc4)SC3=NC2=O)cc1,0
ZINC03892189,DUD_vegfr2_D_2314,O=C(NNC(=O)C1CC1)c1ccc(CSc2nc3ccccc3[nH]2)cc1,0
ZINC03892376,DUD_vegfr2_D_2315,CC(C)(C)c1ccc(C(=O)NCc2n[nH]c(=S)n2-c2ccccc2)cc1,0
ZINC03892413,DUD_vegfr2_D_2316,COC(=O)c1ccc(/C=N\NC(=S)NCc2ccccc2)cc1,0
ZINC03892659,DUD_vegfr2_D_2317,C=C(N/N=C1\NC(=O)[C@H](Cc2ccccc2)S1)c1ccc(C)cc1,0
ZINC03892745,DUD_vegfr2_D_2318,CC(C)/C=C(\NNc1nc2ccccc2s1)C1=C(O)c2ccccc2C1=O,0
ZINC03892805,DUD_vegfr2_D_2319,CCOc1ccc(/N=C2/NC(=O)[C@@H](CC(=O)Nc3ccccc3)S2)cc1,0
ZINC03892807,DUD_vegfr2_D_2320,CCOc1ccc(/N=C2/NC(=O)[C@H](CC(=O)Nc3ccccc3)S2)cc1,0
ZINC03892981,DUD_vegfr2_D_2321,COc1ccc(/N=C2\NC(=O)[C@H](CC(=O)Nc3ccc(C)cc3)S2)cc1,0
ZINC03892982,DUD_vegfr2_D_2322,COc1ccc(/N=C2\NC(=O)[C@@H](CC(=O)Nc3ccc(C)cc3)S2)cc1,0
ZINC03892986,DUD_vegfr2_D_2323,CCc1ccccc1NCN1C(=O)/C(=N\NC(N)=S)c2ccccc21,0
ZINC03899115,DUD_vegfr2_D_2324,CCN1C(=O)c2cccc3c(NC(=O)/C=C/c4ccc(F)cc4)ccc1c23,0
ZINC03903175,DUD_vegfr2_D_2325,CSc1ccc(/C=N/NC(=O)c2cc(-c3ccc(C)cc3)n[nH]2)cc1,0
ZINC03906626,DUD_vegfr2_D_2326,CCCCCn1c(=O)[nH]c2cc(C(=O)Nc3cccc(F)c3)ccc2c1=O,0
ZINC03907212,DUD_vegfr2_D_2327,O=C(CCCCCn1c(=O)[nH]c2ccsc2c1=O)Nc1ccccc1,0
ZINC03933818,DUD_vegfr2_D_2328,CCCCC1(Oc2ccc(Oc3ccc(F)cc3)cc2)C(=O)NC(=O)NC1=O,0
ZINC03938641,DUD_vegfr2_D_2329,CCOC(=O)c1sc2c(ccc(=O)n2-c2ccccc2)c1[C@H](O)c1ccccc1,0
ZINC03949102,DUD_vegfr2_D_2330,CCNC(=O)Oc1c2c(c(O)c3ncccc13)C(=O)N(Cc1ccc(F)cc1)C2,0
ZINC03956139,DUD_vegfr2_D_2331,O=C(Nc1cccc(F)c1)N1CC2(CCN(S(=O)(=O)c3ccccc3)CC2)C1,0
ZINC03957479,DUD_vegfr2_D_2332,C/C(=N\Nc1cccc(Cl)c1)c1c(O)c2cccc3c2n(c1=O)CCC3,0
ZINC03962417,DUD_vegfr2_D_2333,COc1ccc(-c2ccc(F)cc2)c2oc(NC(=O)c3ccnc(C)c3)nc12,0
ZINC03968408,DUD_vegfr2_D_2334,COc1cccc(NC(=O)[C@H]2CC(=O)N/C(=N/c3ccccc3)S2)c1,0
ZINC03968430,DUD_vegfr2_D_2335,CC(C)(Oc1ccc(Cl)cc1)C(=O)N/N=C/c1cn[nH]c1-c1ccccc1,0
ZINC03968496,DUD_vegfr2_D_2336,CC(=O)Nc1cccc(/N=C2\SCC(=O)N2CCc2ccccc2)c1,0
ZINC03968651,DUD_vegfr2_D_2337,COc1ccc(C(=O)N/N=C/c2cn[nH]c2-c2ccc(F)cc2)cc1OC,0
ZINC03968889,DUD_vegfr2_D_2338,COc1ccc(/C=C2\C(=N)N3N=C(c4ccccc4)SC3=NC2=O)cc1OC,0
ZINC03968926,DUD_vegfr2_D_2339,COc1cccc(N/C=C(/C#N)c2nc(-c3ccc4c(c3)OCO4)cs2)c1,0
ZINC03969029,DUD_vegfr2_D_2340,C/C(=N\NC(=O)c1ccccc1Br)c1cccc(NC(=O)C2CC2)c1,0
ZINC03969092,DUD_vegfr2_D_2341,Cc1cccc(NC(=O)C[C@H]2S/C(=N\N=C\c3ccccc3)N=C2O)c1C,0
ZINC03969111,DUD_vegfr2_D_2342,COc1cc(Cl)cc(/C=N/NC(=O)[C@H]2COc3cc4ccccc4cc3O2)c1O,0
ZINC03969112,DUD_vegfr2_D_2343,COc1cc(Cl)cc(/C=N/NC(=O)[C@@H]2COc3cc4ccccc4cc3O2)c1O,0
ZINC03969137,DUD_vegfr2_D_2344,COc1cccc(/C=N\NC(=O)[C@H]2COc3cc4ccccc4cc3O2)c1O,0
ZINC03969175,DUD_vegfr2_D_2345,COc1ccc(/C=N/NC(=O)[C@@H]2COc3cc4ccccc4cc3O2)c(O)c1,0
ZINC03969176,DUD_vegfr2_D_2346,COc1ccc(/C=N\NC(=O)[C@H]2COc3cc4ccccc4cc3O2)c(O)c1,0
ZINC03969381,DUD_vegfr2_D_2347,Cc1nn(-c2ccccc2)c(O)c1/C=N/NC(=O)[C@H]1COc2ccccc2O1,0
ZINC03969555,DUD_vegfr2_D_2348,Cc1ccc(/N=C2\NC(=O)C[C@H](C(=O)Nc3ccc(F)cc3)S2)cc1,0
ZINC03969556,DUD_vegfr2_D_2349,Cc1ccc(/N=C2/NC(=O)C[C@H](C(=O)Nc3ccc(F)cc3)S2)cc1,0
ZINC03969557,DUD_vegfr2_D_2350,Cc1ccc(/N=C2/NC(=O)C[C@@H](C(=O)Nc3ccc(F)cc3)S2)cc1,0
ZINC03969566,DUD_vegfr2_D_2351,COc1ccccc1NC(=O)[C@H]1CC(=O)N/C(=N/c2ccc(C)cc2)S1,0
ZINC03969734,DUD_vegfr2_D_2352,C[C@H](NC(=O)/C=C/c1ccccc1)c1nc2cc(Cl)ccc2c(=O)n1C,0
ZINC03969832,DUD_vegfr2_D_2353,COc1ccc(-c2ccc(/C=N/NC(=O)[C@H](O)c3ccccc3)o2)cc1Cl,0
ZINC03969833,DUD_vegfr2_D_2354,COc1ccc(-c2ccc(/C=N/NC(=O)[C@H](O)c3ccccc3)o2)cc1Cl,0
ZINC03969836,DUD_vegfr2_D_2355,Cc1nn(-c2ccccc2)c2sc(C(=O)N/N=C/c3ccccc3O)cc12,0
ZINC03970104,DUD_vegfr2_D_2356,CCOc1ccc(-c2cc(C(=O)N/N=C/c3ccccc3Cl)[nH]n2)cc1,0
ZINC03970104,DUD_vegfr2_D_2357,CCOc1ccc(-c2cc(C(=O)N/N=C\c3ccccc3Cl)n[nH]2)cc1,0
ZINC03970248,DUD_vegfr2_D_2358,COc1ccc2ccccc2c1-c1cc(C(=O)N/N=C\c2cccs2)[nH]n1,0
ZINC03970248,DUD_vegfr2_D_2359,COc1ccc2ccccc2c1-c1cc(C(=O)N/N=C/c2cccs2)n[nH]1,0
ZINC03970259,DUD_vegfr2_D_2360,CC(/C=N/NC(=O)c1cc(-c2ccc(C)s2)n[nH]1)=C\c1ccccc1,0
ZINC03970259,DUD_vegfr2_D_2361,CC(/C=N\NC(=O)c1cc(-c2ccc(C)s2)[nH]n1)=C\c1ccccc1,0
ZINC03970353,DUD_vegfr2_D_2362,COc1ccc([N+](=O)[O-])cc1N/C=C1/C(=S)N(c2ccccc2)N=C1C,0
ZINC03970443,DUD_vegfr2_D_2363,CC(=O)Nc1cccc(N/C=C2/C(=O)N(c3ccc(Cl)cc3)N=C2C)c1,0
ZINC03970634,DUD_vegfr2_D_2364,Cc1ccccc1-n1c(SCc2ccccn2)nc2[nH]nc(C)c2c1=N,0
ZINC03970668,DUD_vegfr2_D_2365,Cc1cccc(NCC(=O)N/N=C/c2cc3ccccc3nc2Cl)c1,0
ZINC03970785,DUD_vegfr2_D_2366,C=CCN1C(=O)/C(=N\NC(=S)Nc2ccccc2OC)c2ccccc21,0
ZINC03970786,DUD_vegfr2_D_2367,C=CCN1C(=O)/C(=N/NC(=S)Nc2ccccc2OC)c2ccccc21,0
ZINC03970787,DUD_vegfr2_D_2368,C=CCN1C(=O)/C(=N\NC(=S)Nc2ccc(OC)cc2)c2ccccc21,0
ZINC03970788,DUD_vegfr2_D_2369,C=CCN1C(=O)/C(=N\NC(=S)Nc2ccc(OC)cc2)c2ccccc21,0
ZINC03970789,DUD_vegfr2_D_2370,C=CCN1C(=O)/C(=N\NC(=S)Nc2cccc(OC)c2)c2ccccc21,0
ZINC03970790,DUD_vegfr2_D_2371,C=CCN1C(=O)/C(=N/NC(=S)Nc2cccc(OC)c2)c2ccccc21,0
ZINC03970885,DUD_vegfr2_D_2372,O=C(CNc1ccc(F)cc1)N/N=C/c1ccc(N2CCOCC2)cc1,0
ZINC03970892,DUD_vegfr2_D_2373,N#C/C(=C(\S)Nc1ccccc1)c1nnc(N2CCOCC2)n1-c1ccccc1,0
ZINC03970915,DUD_vegfr2_D_2374,CCOc1ccc(NC(=S)N/N=C2/C(=O)Nc3ccccc32)cc1,0
ZINC03971536,DUD_vegfr2_D_2375,Cc1ccc(/N=C2/NC(=O)[C@H](CC(=O)Nc3ccccc3)S2)cc1Cl,0
ZINC03971537,DUD_vegfr2_D_2376,Cc1ccc(/N=C2\NC(=O)[C@H](CC(=O)Nc3ccccc3)S2)cc1Cl,0
ZINC03971538,DUD_vegfr2_D_2377,CCc1ccc(/N=C2/NC(=O)[C@@H](CC(=O)Nc3ccccc3)S2)cc1,0
ZINC03971539,DUD_vegfr2_D_2378,CCc1ccc(/N=C2/NC(=O)[C@H](CC(=O)Nc3ccccc3)S2)cc1,0
ZINC03971540,DUD_vegfr2_D_2379,CCc1ccc(/N=C2\NC(=O)[C@@H](CC(=O)Nc3ccccc3)S2)cc1,0
ZINC03971541,DUD_vegfr2_D_2380,CCc1ccc(/N=C2/NC(=O)[C@@H](CC(=O)Nc3ccccc3)S2)cc1,0
ZINC03971578,DUD_vegfr2_D_2381,Cc1cccc(C)c1NC(=O)C[C@@H]1S/C(=N/c2ccc(Cl)cc2)NC1=O,0
ZINC03971610,DUD_vegfr2_D_2382,Cc1ccc(-c2ccc(/C=N/NC(=O)[C@H](O)c3ccccc3)o2)cc1Cl,0
ZINC03971615,DUD_vegfr2_D_2383,Cc1ccc2[nH]c(SCC(=O)NNC(=O)c3ccccc3)nc2c1,0
ZINC03971615,DUD_vegfr2_D_2384,Cc1ccc2[nH]c(SCC(=O)NNC(=O)c3ccccc3)[nH+]c2c1,0
ZINC03971615,DUD_vegfr2_D_2385,Cc1ccc2nc(SCC(=O)NNC(=O)c3ccccc3)[nH]c2c1,0
ZINC03972737,DUD_vegfr2_D_2386,CC[C@H](C)/N=C\c1c(-c2ccccc2)[nH]n(-c2nc3ccccc3s2)c1=O,0
ZINC03972742,DUD_vegfr2_D_2387,CC[C@H](C)/N=C/c1c(-c2ccccc2)[nH]n(-c2nc3ccccc3s2)c1=O,0
ZINC03973292,DUD_vegfr2_D_2388,Cc1nn(-c2ccccc2)c(C)c1/C=N/NS(=O)(=O)c1ccc(Cl)cc1,0
ZINC03973304,DUD_vegfr2_D_2389,COc1ccc(C(=O)N/N=C/c2cn[nH]c2-c2ccc(Cl)cc2)cc1OC,0
ZINC03974208,DUD_vegfr2_D_2390,Cc1nc(NCCO)c2c(-c3ccc(F)cc3)c(-c3ccncc3)sc2n1,0
ZINC03974265,DUD_vegfr2_D_2391,COc1ccccc1/N=C1\NC(=O)[C@H](CC(=O)Nc2ccccc2)S1,0
ZINC03974266,DUD_vegfr2_D_2392,COc1ccccc1/N=C1/NC(=O)[C@@H](CC(=O)Nc2ccccc2)S1,0
ZINC03974411,DUD_vegfr2_D_2393,O=C1Nc2ccccc2/C1=N/c1sc2c(c1C(=O)Nc1ccccc1)CCCC2,0
ZINC03974413,DUD_vegfr2_D_2394,O=C1Nc2ccccc2/C1=N/c1sc2c(c1C(=O)Nc1ccccc1)CCCC2,0
ZINC03974933,DUD_vegfr2_D_2395,COc1ccccc1/C=N\NC(=O)c1cc(-c2ccc(Cl)cc2)n[nH]1,0
ZINC03975148,DUD_vegfr2_D_2396,CCc1ccc(/N=C2/NC(=O)C[C@@H](C(=O)Nc3ccc(OC)cc3)S2)cc1,0
ZINC03976374,DUD_vegfr2_D_2397,Cc1cccc(NC(=O)C[C@H]2S/C(=N\N=C/c3cccs3)N=C2O)c1C,0
ZINC03976497,DUD_vegfr2_D_2398,COC(=O)c1ccc(/N=C2\S/C(=C\c3c[nH]c4ccccc34)C(=O)N2C)cc1,0
ZINC03976500,DUD_vegfr2_D_2399,COC(=O)c1ccc(/N=C2/S/C(=C\c3c[nH]c4ccccc34)C(=O)N2C)cc1,0
ZINC03976503,DUD_vegfr2_D_2400,Cc1[nH+]c2ccc(Cl)cn2c1C(=O)N/N=C/c1c(O)ccc2ccccc12,0
ZINC03976686,DUD_vegfr2_D_2401,Cc1ccccc1NC(=O)C[C@H]1S/C(=N\c2ccccc2)NC1=O,0
ZINC03976688,DUD_vegfr2_D_2402,Cc1ccccc1NC(=O)C[C@H]1S/C(=N/c2ccccc2)NC1=O,0
ZINC03977315,DUD_vegfr2_D_2403,CCOc1ccc(NC(=O)[C@@H]2CC(=O)N/C(=N/c3ccccc3)S2)cc1,0
ZINC03977316,DUD_vegfr2_D_2404,CCOc1ccc(NC(=O)[C@@H]2CC(=O)N/C(=N/c3ccccc3)S2)cc1,0
ZINC03977442,DUD_vegfr2_D_2405,Cc1cccc(NC(=O)C[C@@H]2S/C(=N/c3ccccc3)NC2=O)c1,0
ZINC03977443,DUD_vegfr2_D_2406,Cc1cccc(NC(=O)C[C@H]2S/C(=N\c3ccccc3)NC2=O)c1,0
ZINC03977444,DUD_vegfr2_D_2407,Cc1ccc(NC(=O)C[C@@H]2S/C(=N/c3ccccc3)NC2=O)c(C)c1,0
ZINC03977445,DUD_vegfr2_D_2408,Cc1ccc(NC(=O)C[C@@H]2S/C(=N/c3ccccc3)NC2=O)c(C)c1,0
ZINC03977562,DUD_vegfr2_D_2409,Cc1c(Cl)cccc1NC(=O)CCC(=O)N/N=C/c1ccccc1,0
ZINC03977630,DUD_vegfr2_D_2410,O=C(Nc1ccc(S(=O)(=O)/N=C2\CCCCCN2)cc1)c1ccccc1Cl,0
ZINC03979841,DUD_vegfr2_D_2411,C=CCOc1ccc(/C=N\n2c(=O)[nH]c3c([nH]c4ccc(F)cc43)c2=O)cc1,0
ZINC03979853,DUD_vegfr2_D_2412,C=CCOc1ccc(/C=N\n2c(=O)[nH]c3c([nH]c4ccc(Cl)cc43)c2=O)cc1,0
ZINC03980177,DUD_vegfr2_D_2413,CCOc1ccccc1-c1cc(C(=O)N/N=C\c2ccccc2Cl)[nH]n1,0
ZINC03980360,DUD_vegfr2_D_2414,COc1ccc(OC)c(/C=N/NC(=O)c2cc(-c3ccc(F)cc3)n[nH]2)c1,0
ZINC03980365,DUD_vegfr2_D_2415,COc1ccc(OC)c(/C=N\NC(=O)c2cc(-c3ccccc3Cl)n[nH]2)c1,0
ZINC03980367,DUD_vegfr2_D_2416,COc1ccccc1/C=N/NC(=O)c1cc(-c2ccccc2Cl)n[nH]1,0
ZINC03980789,DUD_vegfr2_D_2417,Cc1cccc(/N=c2/oc3cc(O)ccc3cc2C(=O)Nc2nccs2)c1C,0
ZINC03983098,DUD_vegfr2_D_2418,Cc1cccc(NC(=O)C[C@H]2S/C(=N\c3ccccc3C)NC2=O)c1,0
ZINC03983100,DUD_vegfr2_D_2419,Cc1cccc(NC(=O)C[C@@H]2S/C(=N\c3ccccc3C)NC2=O)c1,0
ZINC03983104,DUD_vegfr2_D_2420,Cc1ccc(/N=C2\NC(=O)[C@H](CC(=O)Nc3ccc(C)cc3)S2)cc1,0
ZINC03983105,DUD_vegfr2_D_2421,Cc1ccc(/N=C2\NC(=O)[C@@H](CC(=O)Nc3ccc(C)cc3)S2)cc1,0
ZINC03983106,DUD_vegfr2_D_2422,Cc1ccc(/N=C2/NC(=O)[C@H](CC(=O)Nc3ccccc3)S2)cc1C,0
ZINC03983107,DUD_vegfr2_D_2423,Cc1ccc(/N=C2/NC(=O)[C@H](CC(=O)Nc3ccccc3)S2)cc1C,0
ZINC03983108,DUD_vegfr2_D_2424,Cc1ccc(/N=C2/NC(=O)[C@@H](CC(=O)Nc3ccccc3)S2)cc1C,0
ZINC03983109,DUD_vegfr2_D_2425,Cc1ccc(/N=C2/NC(=O)[C@@H](CC(=O)Nc3ccccc3)S2)cc1C,0
ZINC03983118,DUD_vegfr2_D_2426,Cc1ccc(/N=C2/NC(=O)[C@@H](CC(=O)Nc3c(C)cccc3C)S2)cc1,0
ZINC03983188,DUD_vegfr2_D_2427,CCOc1ccc(/N=C2/NC(=O)[C@@H](CC(=O)Nc3ccccc3F)S2)cc1,0
ZINC03983189,DUD_vegfr2_D_2428,CCOc1ccc(/N=C2\NC(=O)[C@H](CC(=O)Nc3ccccc3F)S2)cc1,0
ZINC03983191,DUD_vegfr2_D_2429,CCOc1ccc(/N=C2\NC(=O)[C@H](CC(=O)Nc3ccccc3F)S2)cc1,0
ZINC03983294,DUD_vegfr2_D_2430,CCCN1C(=O)/C(=C2\S/C(=N\c3ccc(F)cc3)NC2=O)c2ccccc21,0
ZINC03983389,DUD_vegfr2_D_2431,COC(=O)c1ccc(/N=C2/S/C(=C\c3c[nH]c4ccccc34)C(=O)N2C)cc1,0
ZINC03983729,DUD_vegfr2_D_2432,Cc1cccc(/N=C2/NC(=O)/C(=C/c3c(O)ccc4ccccc34)S2)c1,0
ZINC03983731,DUD_vegfr2_D_2433,Cc1cccc(/N=C2\NC(=O)/C(=C\c3c(O)ccc4ccccc34)S2)c1,0
ZINC03987548,DUD_vegfr2_D_2434,O=C(N/N=C\c1cccc(OC(=O)c2cccs2)c1)c1ccc2c(c1)OCCO2,0
ZINC03987718,DUD_vegfr2_D_2435,CCOc1cccc(NC(=O)[C@H]2CC(=O)N/C(=N/c3ccccc3)S2)c1,0
ZINC03987719,DUD_vegfr2_D_2436,CCOc1cccc(NC(=O)[C@@H]2CC(=O)N/C(=N\c3ccccc3)S2)c1,0
ZINC03987914,DUD_vegfr2_D_2437,Nc1c(C(=O)NC2CCCC2)c2nc3ccccc3nc2n1/N=C/c1ccco1,0
ZINC03988273,DUD_vegfr2_D_2438,CC(=O)Nc1ccc2c(c1)/C(=C\c1cccn1-c1cccc(Cl)c1)C(=O)N2,0
ZINC03988886,DUD_vegfr2_D_2439,Cn1ncc2cc(Nc3ncc(F)c(Nc4ccc5c(cnn5C)c4)n3)ccc21,0
ZINC03991295,DUD_vegfr2_D_2440,NC(=O)c1cc(N2CCOCC2)cc(-c2ccc(Oc3ccc(F)cc3)cc2)[nH+]1,0
ZINC03991954,DUD_vegfr2_D_2441,Cc1ccc(/N=C2/NC(=O)C[C@H](C(=O)Nc3ccccc3Cl)S2)cc1,0
ZINC03991955,DUD_vegfr2_D_2442,Cc1ccc(/N=C2/NC(=O)C[C@H](C(=O)Nc3ccccc3Cl)S2)cc1,0
ZINC03991971,DUD_vegfr2_D_2443,Cc1sc2ncn(CC(=O)N/N=C/c3ccco3)c(=O)c2c1-c1ccccc1,0
ZINC03991975,DUD_vegfr2_D_2444,Cc1sc2ncn(CC(=O)N/N=C/c3cccc4ccccc34)c(=O)c2c1C,0
ZINC03991982,DUD_vegfr2_D_2445,CCc1cc2c(=O)n(CC(=O)N/N=C/c3cccc4ccccc34)cnc2s1,0
ZINC03991989,DUD_vegfr2_D_2446,Cc1ccc(-c2csc3ncn(CC(=O)N/N=C\c4ccco4)c(=O)c23)cc1,0
ZINC03992019,DUD_vegfr2_D_2447,Cn1c(=O)n(Cc2cccc(F)c2)c(=O)c2c1[nH]/c(=N/N=C/c1ccncc1)n2C,0
ZINC03992685,DUD_vegfr2_D_2448,Cc1ccc(/N=C2/NC(=O)[C@@H](CC(=O)Nc3ccccc3)S2)cc1,0
ZINC03992687,DUD_vegfr2_D_2449,Cc1ccc(/N=C2/NC(=O)[C@@H](CC(=O)Nc3ccccc3)S2)cc1,0
ZINC03992694,DUD_vegfr2_D_2450,Cc1nn(-c2ccccc2)c(Cl)c1/C=N/NC(=O)[C@H](O)c1ccccc1,0
ZINC03992815,DUD_vegfr2_D_2451,COc1ccc(NC(=O)[C@@H]2CC(=O)N/C(=N\c3ccccc3)S2)cc1,0
ZINC03992848,DUD_vegfr2_D_2452,COc1ccccc1NC(=O)[C@H]1CC(=O)N/C(=N/c2ccc(C)cc2)S1,0
ZINC03992851,DUD_vegfr2_D_2453,Cc1ccc(NC(=O)[C@H]2CC(=O)N/C(=N/c3ccccc3)S2)cc1C,0
ZINC03992852,DUD_vegfr2_D_2454,Cc1ccc(NC(=O)[C@@H]2CC(=O)N/C(=N/c3ccccc3)S2)cc1C,0
ZINC03992907,DUD_vegfr2_D_2455,Cc1ccccc1NC(=O)C[C@@H]1S/C(=N/c2ccccc2)N=C1O,0
ZINC03992908,DUD_vegfr2_D_2456,Cc1ccccc1NC(=O)C[C@H]1S/C(=N\c2ccccc2)N=C1O,0
ZINC03992920,DUD_vegfr2_D_2457,Cn1c(=O)n(Cc2cccc(F)c2)c(=O)c2c1[nH]/c(=N/N=C\c1cccnc1)n2C,0
ZINC03992934,DUD_vegfr2_D_2458,Cn1c(=O)n(Cc2ccc(F)cc2)c(=O)c2c1[nH]/c(=N\N=C/c1ccccn1)n2C,0
ZINC03992935,DUD_vegfr2_D_2459,Cn1c(=O)n(Cc2ccc(F)cc2)c(=O)c2c1[nH]/c(=N\N=C\c1ccccn1)n2C,0
ZINC03992944,DUD_vegfr2_D_2460,Cn1c(=O)c2c([nH]/c(=N/N=C\c3cccs3)n2Cc2ccccc2F)n(C)c1=O,0
ZINC03992945,DUD_vegfr2_D_2461,Cn1c(=O)c2c([nH]/c(=N\N=C/c3cccs3)n2Cc2ccccc2F)n(C)c1=O,0
ZINC03993187,DUD_vegfr2_D_2462,Cc1nn(-c2ccccc2)c(Cl)c1/C=N/NC(=O)CNC(=O)c1ccco1,0
ZINC03993253,DUD_vegfr2_D_2463,Cc1ccccc1NC(=O)CCC(=O)N/N=C\c1ccccc1Cl,0
ZINC03993259,DUD_vegfr2_D_2464,Cc1sc2ncn(CC(=O)N/N=C/c3c[nH]c4ccccc34)c(=O)c2c1C,0
ZINC03995246,DUD_vegfr2_D_2465,O=C(N/N=C\C1=C(Sc2nc3ccccc3o2)CCCC1)c1ccncc1,0
ZINC03995262,DUD_vegfr2_D_2466,O=C(/C(=N/N=c1\[nH]cnc2sc3c(c12)CCCC3)c1ccco1)c1ccco1,0
ZINC03997674,DUD_vegfr2_D_2467,CC(C)(C)c1ccc(S(=O)(=O)Nc2ccccc2Sc2cnccn2)cc1,0
ZINC03999713,DUD_vegfr2_D_2468,CN1CCc2c(n(C[C@H](O)CNc3ccc(Cl)cc3)c3ccccc23)C1=O,0
ZINC03999720,DUD_vegfr2_D_2469,COC(=O)c1ccc(NC(=S)Nc2cc3oc4ccccc4c3cc2OC)cc1,0
ZINC04000728,DUD_vegfr2_D_2470,Cc1nn(-c2ccccc2)c2sc(C(=O)N/N=C/c3cccc(O)c3)cc12,0
ZINC04000899,DUD_vegfr2_D_2471,Cc1ccc(NC(=O)/N=c2/[nH]nc(CC(=O)Nc3ccccc3C)s2)cc1,0
ZINC04001053,DUD_vegfr2_D_2472,Cn1c(=O)c2c([nH]/c(=N\N=C/c3cccs3)n2Cc2ccccc2Cl)n(C)c1=O,0
ZINC04001618,DUD_vegfr2_D_2473,Cc1ccccc1NC(=O)c1sc(NC(=O)/C=C/c2ccccc2)nc1C,0
ZINC04004717,DUD_vegfr2_D_2474,CCCCn1c(-c2nonc2NC(=O)c2ccccc2Cl)[nH+]c2ccccc21,0
ZINC04030390,DUD_vegfr2_D_2475,CC1=C(C(N)=O)[C@@H](c2ccccn2)n2nc(SCc3ccccc3F)nc2N1,0
ZINC04032776,DUD_vegfr2_D_2476,COc1ccc(OC)c2[nH]c(=O)c(CCNC(=O)c3ccccc3Cl)cc12,0
ZINC04032875,DUD_vegfr2_D_2477,COc1ccc2cc(CCNC(=O)c3cccc4ccccc34)c(=O)[nH]c2c1,0
ZINC04032875,DUD_vegfr2_D_2478,COc1ccc2cc(CCNC(=O)c3cccc4ccccc34)c(O)nc2c1,0
ZINC04033640,DUD_vegfr2_D_2479,O=c1cc(NCc2ccc3c(c2)OCO3)[nH]c(=O)n1Cc1ccc(F)cc1,0
ZINC04035855,DUD_vegfr2_D_2480,CC(=O)c1ccc(N[C@H]2c3ncccc3C(=O)N2Cc2ccc(F)cc2)cc1,0
ZINC04054157,DUD_vegfr2_D_2481,CC(C)c1ccc(N[C@@H](C(=O)Nc2nccs2)c2ccccc2)cc1,0
ZINC04058368,DUD_vegfr2_D_2482,C=CCn1c(SC/C=C/c2ccccc2)nnc1-c1sc(N)nc1C,0
ZINC04058369,DUD_vegfr2_D_2483,C=CCn1c(SC/C=C/c2ccccc2)nnc1-c1sc(N)nc1C,0
ZINC04059252,DUD_vegfr2_D_2484,Cc1cccc(-n2c(CNC(=O)c3cccc4ccccc34)n[nH]c2=S)c1,0
ZINC04059313,DUD_vegfr2_D_2485,COc1ccccc1-n1c(CNC(=O)c2ccccc2)nnc1SC,0
ZINC04061614,DUD_vegfr2_D_2486,COCCn1c(SCc2cccnc2)nnc1-c1c[nH]c2ccccc12,0
ZINC04075768,DUD_vegfr2_D_2487,CCN1C(=O)c2cccc3c(NC(=O)COc4ccc(Cl)cc4)ccc1c23,0
ZINC04082791,DUD_vegfr2_D_2488,CCOc1cccc(NC(=O)[C@@H]2CC(=O)N=C(Nc3ccccc3)S2)c1,0
ZINC04087350,DUD_vegfr2_D_2489,Cc1c(Cc2ccc3c(c2)OCO3)sc(NC(=O)c2ccc(F)cc2)c1C(N)=O,0
ZINC04087359,DUD_vegfr2_D_2490,Cc1c(Cc2ccc3c(c2)OCO3)sc(NC(=O)c2cccs2)c1C(N)=O,0
ZINC04088569,DUD_vegfr2_D_2491,COc1ccc(OC)c(-c2ncc(NC(=O)c3ccc4ncsc4c3)s2)c1,0
ZINC04103973,DUD_vegfr2_D_2492,CCCC1=NN2C(=N)/C(=C\c3ccc(-c4ccccc4)o3)C(=O)N=C2S1,0
ZINC04112970,DUD_vegfr2_D_2493,Cc1ccc(-c2cc(C(=O)N/N=C/C(Br)=C/c3ccccc3)[nH]n2)o1,0
ZINC04112970,DUD_vegfr2_D_2494,Cc1ccc(-c2cc(C(=O)N/N=C\C(Br)=C/c3ccccc3)n[nH]2)o1,0
ZINC04115458,DUD_vegfr2_D_2495,O=S(=O)(NCCc1csc(-c2ccccc2)n1)c1ccc2c(c1)OCCO2,0
ZINC04126327,DUD_vegfr2_D_2496,C/C(=N/CCO)c1c(-c2ccccc2)nn(-c2nc3ccccc3s2)c1O,0
ZINC04127575,DUD_vegfr2_D_2497,Cc1ccc(NC(=O)c2cc3ccc(O)cc3o/c2=N\c2ccc(F)cc2)nc1,0
ZINC04135573,DUD_vegfr2_D_2498,CC(C)C/C(=N\Nc1nc2ccccc2s1)C1C(=O)c2ccccc2C1=O,0
ZINC04135668,DUD_vegfr2_D_2499,CCOc1ccccc1-c1cc(C(=O)N/N=C\c2cccs2)[nH]n1,0
ZINC04135668,DUD_vegfr2_D_2500,CCOc1ccccc1-c1cc(C(=O)N/N=C/c2cccs2)n[nH]1,0
ZINC04137655,DUD_vegfr2_D_2501,CCOc1cccc2sc(Nc3nc4ccc(NC(C)=O)cc4s3)nc12,0
ZINC04144115,DUD_vegfr2_D_2502,O=C(c1cccs1)N1CCN(c2ccc([N+](=O)[O-])c(NCc3ccco3)c2)CC1,0
ZINC04160462,DUD_vegfr2_D_2503,O=c1[nH]c2cc3c(cc2cc1CN(C(=S)Nc1ccccc1)C1CCCC1)OCO3,0
ZINC04166865,DUD_vegfr2_D_2504,COc1ccc(S(=O)(=O)NCCc2csc(-c3ccccc3)n2)cc1,0
ZINC04169833,DUD_vegfr2_D_2505,CCOc1cccc(-c2nc3c(c(=O)[nH]2)Cc2cc(Cl)ccc2O3)c1O,0
ZINC04169833,DUD_vegfr2_D_2506,CCOc1cccc(-c2nc(=O)c3c([nH]2)Oc2ccc(Cl)cc2C3)c1O,0
ZINC04169833,DUD_vegfr2_D_2507,CCOc1cccc(-c2nc(O)c3c(n2)Oc2ccc(Cl)cc2C3)c1O,0
ZINC04170720,DUD_vegfr2_D_2508,CCCc1cc(=O)[nH]c(SCC(=O)N2c3ccccc3Sc3ccccc32)n1,0
ZINC04170720,DUD_vegfr2_D_2509,CCCc1cc(=O)nc(SCC(=O)N2c3ccccc3Sc3ccccc32)[nH]1,0
ZINC04176238,DUD_vegfr2_D_2510,O=C(COc1ccccc1)Nc1c2c(nn1-c1ccc([N+](=O)[O-])cc1)CSC2,0
ZINC04176758,DUD_vegfr2_D_2511,N=C1/C(=C\c2ccc(OCc3ccc4c(c3)OCO4)cc2)C(=O)N=C2SC=CN12,0
ZINC04179826,DUD_vegfr2_D_2512,CCOc1ccccc1NCn1nc(-c2ccccc2O)oc1=S,0
ZINC04191189,DUD_vegfr2_D_2513,C=CCn1/c(=N\C(=O)c2nc3ccccc3s2)sc2cc(NC(C)=O)ccc21,0
ZINC04191397,DUD_vegfr2_D_2514,C#CCn1/c(=N/C(=O)c2ccc(OC)cc2)sc2cc(NC(C)=O)ccc21,0
ZINC04191403,DUD_vegfr2_D_2515,C#CCn1/c(=N/C(=O)c2nc3ccccc3s2)sc2cc(NC(C)=O)ccc21,0
ZINC04193018,DUD_vegfr2_D_2516,CCCCOc1ccc(C(=O)Nc2ccc3c4c(cccc24)C(=O)N3)cc1,0
ZINC04194239,DUD_vegfr2_D_2517,Cc1cccc(CN2C(=O)CSc3ccc(C(=O)NCc4cccnc4)cc32)c1,0
ZINC04224010,DUD_vegfr2_D_2518,CCCCN1C(=O)c2cccc3c(NC(=O)c4cccs4)ccc1c23,0
ZINC04225151,DUD_vegfr2_D_2519,CCOC(=O)c1ccc(Nc2nnc(Cc3ccccc3Cl)c(=O)[nH]2)cc1,0
ZINC04225151,DUD_vegfr2_D_2520,CCOC(=O)c1ccc(Nc2nc(=O)c(Cc3ccccc3Cl)n[nH]2)cc1,0
ZINC04225151,DUD_vegfr2_D_2521,CCOC(=O)c1ccc(Nc2nnc(Cc3ccccc3Cl)c(O)n2)cc1,0
ZINC04233655,DUD_vegfr2_D_2522,C#CCn1/c(=N/C(=O)[C@H]2COc3ccccc3O2)sc2cc(NC(C)=O)ccc21,0
ZINC04233657,DUD_vegfr2_D_2523,C#CCn1/c(=N\C(=O)c2ccc3ncsc3c2)sc2cc(NC(C)=O)ccc21,0
ZINC04239307,DUD_vegfr2_D_2524,Cc1nn(-c2ccccc2)c(O)c1/C=C1\NC(=O)N(Cc2cccc(F)c2)C1=O,0
ZINC04240240,DUD_vegfr2_D_2525,Cc1nc(SCC(=O)NC(=O)[C@@H]2COc3ccccc3O2)c2ccccc2n1,0
ZINC04240363,DUD_vegfr2_D_2526,Cc1nc(S[C@@H](C)C(=O)Nc2ccc(F)c([N+](=O)[O-])c2)c2ccccc2n1,0
ZINC04246552,DUD_vegfr2_D_2527,CCOC(=O)NC(=O)CSc1nc2ccccc2c2nc3ccccc3n12,0
ZINC04247438,DUD_vegfr2_D_2528,COc1ccc(-n2c(CNC(=O)c3cccc4ccccc34)n[nH]c2=S)cc1,0
ZINC04248128,DUD_vegfr2_D_2529,Cc1ccc(Cc2cnc(NC(=O)c3cc4ccccc4c(=O)o3)s2)cc1,0
ZINC04248669,DUD_vegfr2_D_2530,COc1ccccc1-n1ccnc1SCC(=O)Nc1nc(C)cs1,0
ZINC04248874,DUD_vegfr2_D_2531,Cc1ccc2nc(NC(=O)CSc3nccn3Cc3ccco3)sc2c1,0
ZINC04251576,DUD_vegfr2_D_2532,CSc1ccc(COC(=O)CCc2nc3ccccc3c(=O)[nH]2)cc1,0
ZINC04251576,DUD_vegfr2_D_2533,CSc1ccc(COC(=O)CCc2nc(=O)c3ccccc3[nH]2)cc1,0
ZINC04251576,DUD_vegfr2_D_2534,CSc1ccc(COC(=O)CCc2nc(O)c3ccccc3n2)cc1,0
ZINC04252160,DUD_vegfr2_D_2535,Cc1ccccc1SCC(=O)O[C@H](C)c1nc2ccccc2c(=O)[nH]1,0
ZINC04252160,DUD_vegfr2_D_2536,Cc1ccccc1SCC(=O)O[C@@H](C)c1nc(=O)c2ccccc2[nH]1,0
ZINC04252160,DUD_vegfr2_D_2537,Cc1ccccc1SCC(=O)O[C@@H](C)c1nc(O)c2ccccc2n1,0
ZINC04252249,DUD_vegfr2_D_2538,COc1cccc(-c2noc(CSc3nc4ccc(OC)cc4[nH]3)n2)c1,0
ZINC04252471,DUD_vegfr2_D_2539,COc1ccc2nc(SCC(=O)NC(=O)[C@@H]3COc4ccccc4O3)[nH]c2c1,0
ZINC04253318,DUD_vegfr2_D_2540,CCN(CC)c1ccc2cc(-c3nc4ccccc4c(=O)[nH]3)c(=N)oc2c1,0
ZINC04253318,DUD_vegfr2_D_2541,CCN(CC)c1ccc2cc(-c3nc(=O)c4ccccc4[nH]3)c(=N)oc2c1,0
ZINC04253318,DUD_vegfr2_D_2542,CCN(CC)c1ccc2cc(-c3nc(O)c4ccccc4n3)c(=N)oc2c1,0
ZINC04266641,DUD_vegfr2_D_2543,O=C(CSc1nnc2[nH]c3ccccc3n12)Nc1ccc2c(c1)CCC2,0
ZINC04267841,DUD_vegfr2_D_2544,CCOC(=O)C(=O)Nc1c(C(=O)Nc2ccc(Cl)cc2)oc2ccccc12,0
ZINC04268841,DUD_vegfr2_D_2545,Cc1cc(C(=O)CSc2nnc3[nH]c4ccccc4n23)c(C)n1-c1nccs1,0
ZINC04269089,DUD_vegfr2_D_2546,Cc1c(C(=O)OCc2nc3ccc(Cl)cc3n2CCO)oc2ccccc12,0
ZINC04271810,DUD_vegfr2_D_2547,Nc1cc(=O)nc(SCC(=O)N2CCCc3ccccc32)n1-c1ccc(F)cc1,0
ZINC04274721,DUD_vegfr2_D_2548,COc1ccc2nc(SCC(=O)N3CCC(c4ccccc4)=N3)[nH]c2c1,0
ZINC04275956,DUD_vegfr2_D_2549,CCCCOc1ccc(C(=O)Nc2nnc(-c3ccc(F)cc3)o2)cc1,0
ZINC04284194,DUD_vegfr2_D_2550,COc1ccc(N/N=C2\C(=N)N(c3nc4ccccc4s3)N=C2C)cc1,0
ZINC04286748,DUD_vegfr2_D_2551,Cc1csc2nc(COC(=O)CCc3c[nH]c4ccccc34)cc(=O)n12,0
ZINC04286836,DUD_vegfr2_D_2552,CSc1ccccc1NC(=O)COC(=O)CCc1c[nH]c2ccccc12,0
ZINC04292236,DUD_vegfr2_D_2553,Cc1ccc(Cl)cc1-n1ncc2c(NCCCn3ccnc3)ncnc21,0
ZINC04294240,DUD_vegfr2_D_2554,CC1=C(C(=O)Nc2ccccc2)[C@@H](c2cccs2)n2nc(CCCO)nc2N1,0
ZINC04304628,DUD_vegfr2_D_2555,O=C(COc1coc(CN2CCc3ccccc32)cc1=O)Nc1ccccc1F,0
ZINC04305195,DUD_vegfr2_D_2556,Cc1cc(F)ccc1S(=O)(=O)NC[C@@H](c1ccco1)N1CCc2ccccc21,0
ZINC04307058,DUD_vegfr2_D_2557,CSc1ccccc1NC(=O)CN1C(=O)N[C@@](C)(c2cccc3ccccc23)C1=O,0
ZINC04308566,DUD_vegfr2_D_2558,CCOc1ccc(NC(=O)CN2C(=O)N[C@](CC)(c3ccc(F)cc3)C2=O)cc1,0
ZINC04315496,DUD_vegfr2_D_2559,COc1ccc(-c2cnc(SCCNC(=O)c3ccc4c(c3)OCO4)[nH]2)cc1,0
ZINC04315740,DUD_vegfr2_D_2560,O=C(NCCSc1ncc(-c2ccc(F)cc2)[nH]1)c1ccc2c(c1)OCO2,0
ZINC04315922,DUD_vegfr2_D_2561,O=C(NCCSc1nc(-c2ccccc2)c[nH]1)C(=O)Nc1ccc2c(c1)OCO2,0
ZINC04316926,DUD_vegfr2_D_2562,O=C(CSc1nc(=O)[nH]c2c1CCCC2)Nc1cccc2ccccc12,0
ZINC04316926,DUD_vegfr2_D_2563,O=C(CSc1nc(O)nc2c1CCCC2)Nc1cccc2ccccc12,0
ZINC04317324,DUD_vegfr2_D_2564,Cc1ccc(Cc2nnc(SCC(=O)Nc3ccccc3F)[nH]c2=O)cc1,0
ZINC04317324,DUD_vegfr2_D_2565,Cc1ccc(Cc2n[nH]c(SCC(=O)Nc3ccccc3F)nc2=O)cc1,0
ZINC04317324,DUD_vegfr2_D_2566,Cc1ccc(Cc2nnc(SCC(=O)Nc3ccccc3F)nc2O)cc1,0
ZINC04326594,DUD_vegfr2_D_2567,Cc1cccc(NC(=O)CSc2ccc3nnc(-c4cccs4)n3n2)c1C,0
ZINC04326643,DUD_vegfr2_D_2568,COc1ccccc1NC(=O)CSc1ccc2nnc(-c3cccs3)n2n1,0
ZINC04332436,DUD_vegfr2_D_2569,Cc1cc(SC#N)cc(C)c1NC(=O)COC(=O)c1cc2ccccc2o1,0
ZINC04333029,DUD_vegfr2_D_2570,CC(C)(C)c1ccc(C2=NNC(SCC(=O)c3ccccc3)=NN2)cc1,0
ZINC04334276,DUD_vegfr2_D_2571,O=C(CSc1nnc(O)n1C1Cc2ccccc2C1)Nc1ccccc1,0
ZINC04334662,DUD_vegfr2_D_2572,Cn1c(N/N=C\c2cccs2)nc2c1c(=O)n(Cc1ccccc1)c(=O)n2C,0
ZINC04341978,DUD_vegfr2_D_2573,O=C(Nc1cccc(Cl)c1)c1oc2ccccc2c1NC(=O)[C@H]1CCCO1,0
ZINC04345241,DUD_vegfr2_D_2574,Cc1nn(-c2ccccc2)c(O)c1/C=C1/NC(=O)N(Cc2ccc(F)cc2F)C1=O,0
ZINC04346969,DUD_vegfr2_D_2575,COc1ccc(-c2nc(C)c(CCNS(=O)(=O)c3cccs3)s2)cc1,0
ZINC04355349,DUD_vegfr2_D_2576,O=C(CSc1ccc(-c2ccccc2)nn1)Nc1ccc2c(c1)OCCO2,0
ZINC04356590,DUD_vegfr2_D_2577,COc1ccc(NC(=O)CSc2ccc(-c3ccc4c(c3)OCO4)nn2)cc1,0
ZINC04356680,DUD_vegfr2_D_2578,Cc1ccc(NC(=O)CSc2ccc(-c3ccc4c(c3)OCO4)nn2)cc1F,0
ZINC04358945,DUD_vegfr2_D_2579,COc1ccc(N2C(=O)C[C@H](S/C(N)=N\c3ccccc3)C2=O)cc1,0
ZINC04360685,DUD_vegfr2_D_2580,O=C(OCc1cc(Cl)cc2c1OCOC2)c1ccc(-c2ccc(O)cc2)cc1,0
ZINC04362953,DUD_vegfr2_D_2581,CCn1c(SCC(=O)c2ccc(OC)cc2)nc2c([nH]c3ccccc32)c1=O,0
ZINC04365883,DUD_vegfr2_D_2582,CC(C)c1ccc(NC(=O)CSC2=NN[C@@H](c3ccccn3)S2)cc1,0
ZINC04366516,DUD_vegfr2_D_2583,CCOC(=O)NNC(=S)Nc1ccc(OCc2ccccc2)cc1,0
ZINC04371562,DUD_vegfr2_D_2584,CCOC(=O)NC(=O)COC(=O)c1cc(-c2cccs2)nn1-c1ccccc1,0
ZINC04374706,DUD_vegfr2_D_2585,Cc1cccc(-c2nc3scc(CCNC(=O)c4ccco4)n3n2)c1,0
ZINC04383940,DUD_vegfr2_D_2586,Cc1nc(SCc2nc3ccccc3[nH]2)[nH]c(=O)c1Cc1ccccc1,0
ZINC04383940,DUD_vegfr2_D_2587,Cc1[nH]c(SCc2nc3ccccc3[nH]2)nc(=O)c1Cc1ccccc1,0
ZINC04383940,DUD_vegfr2_D_2588,Cc1nc(SCc2nc3ccccc3[nH]2)nc(O)c1Cc1ccccc1,0
ZINC04383940,DUD_vegfr2_D_2589,Cc1nc(SCc2[nH]c3ccccc3[nH+]2)[nH]c(=O)c1Cc1ccccc1,0
ZINC04383940,DUD_vegfr2_D_2590,Cc1[nH]c(SCc2[nH]c3ccccc3[nH+]2)nc(=O)c1Cc1ccccc1,0
ZINC04394745,DUD_vegfr2_D_2591,COC(=O)c1cc(C)nc(Sc2ccccc2NC(=O)c2ccccc2)n1,0
ZINC04397367,DUD_vegfr2_D_2592,Cc1ccc(NC(=O)c2ccc(CSc3cn[nH]n3)cc2)c(C)c1,0
ZINC04397856,DUD_vegfr2_D_2593,C/C(N/N=C1/NC(=O)[C@@H](Cc2ccccc2)S1)=C1/Cc2ccccc2C(=O)O1,0
ZINC04400876,DUD_vegfr2_D_2594,CC(C)Cn1c(SCC(=O)Nc2cccc3c2N=S=N3)nc2ccccc21,0
ZINC04406533,DUD_vegfr2_D_2595,COc1ccc2nc(SCC(=O)Nc3cc(C)nn3-c3ccccc3)[nH]c2c1,0
ZINC04408179,DUD_vegfr2_D_2596,C[C@H](Sc1nnc(Cc2cccs2)n1C)c1nc2ccccc2c(=O)[nH]1,0
ZINC04408179,DUD_vegfr2_D_2597,C[C@H](Sc1nnc(Cc2cccs2)n1C)c1nc(=O)c2ccccc2[nH]1,0
ZINC04408179,DUD_vegfr2_D_2598,C[C@H](Sc1nnc(Cc2cccs2)n1C)c1nc(O)c2ccccc2n1,0
ZINC04409094,DUD_vegfr2_D_2599,C=CCn1c(-c2cccc(O)c2)cs/c1=N/NC1=CC(=O)c2ccccc21,0
ZINC04413962,DUD_vegfr2_D_2600,Cc1ccc(NC(=O)COC(=O)c2cc(O)c3ccccc3c2O)cc1F,0
ZINC04414137,DUD_vegfr2_D_2601,C[C@@H](OC(=O)c1cc(O)c2ccccc2c1O)C(=O)Nc1ccccc1F,0
ZINC04414254,DUD_vegfr2_D_2602,C[C@@H](OC(=O)c1cc(O)c2ccccc2c1O)C(=O)Nc1ccc(Cl)cn1,0
ZINC04414440,DUD_vegfr2_D_2603,CSc1ccccc1NC(=O)COC(=O)c1cc(O)c2ccccc2c1O,0
ZINC04421005,DUD_vegfr2_D_2604,CC1=NN(c2cccc(Cl)c2)C(=O)/C1=C/NNC(=O)Cc1ccccc1,0
ZINC04428162,DUD_vegfr2_D_2605,O=C(N[C@@H](C(=O)Nc1nccs1)C12CC3CC(CC(C3)C1)C2)c1ccccc1,0
ZINC04428419,DUD_vegfr2_D_2606,O=c1[nH]/c(=N/c2nc(-c3ccccc3)c3cc(Cl)ccc3n2)[nH]c2c1CCC2,0
ZINC04433414,DUD_vegfr2_D_2607,COc1cccc(NC(=O)CCCc2nc(-c3ccc(Cl)cc3)no2)c1,0
ZINC04439588,DUD_vegfr2_D_2608,COc1ccccc1/C=N\NC(=O)C[C@H]1Sc2ccccc2NC1=O,0
ZINC04442888,DUD_vegfr2_D_2609,CC(=O)c1sc(/N=c2\cc(-c3ccccc3)oc3ccc(O)cc23)nc1C,0
ZINC04443157,DUD_vegfr2_D_2610,COc1ccc(-c2c/c(=N\c3nnc(C)s3)c3cc(O)ccc3o2)cc1,0
ZINC04443502,DUD_vegfr2_D_2611,Cn1c(=O)n(Cc2cccc(F)c2)c(=O)c2c1[nH]/c(=N/N=C\c1cccnc1)n2C,0
ZINC04443504,DUD_vegfr2_D_2612,Cn1c(=O)n(Cc2ccc(F)cc2)c(=O)c2c1[nH]/c(=N/N=C\c1ccccn1)n2C,0
ZINC04443505,DUD_vegfr2_D_2613,Cn1c(=O)n(Cc2cccc(F)c2)c(=O)c2c1[nH]/c(=N/N=C\c1cccnc1)n2C,0
ZINC04443507,DUD_vegfr2_D_2614,Cn1c(=O)n(Cc2cccc(F)c2)c(=O)c2c1[nH]/c(=N\N=C\c1ccncc1)n2C,0
ZINC04443933,DUD_vegfr2_D_2615,Cc1nc(/N=c2\[nH]c3ccccc3o2)nc(C)c1C(=O)Nc1ccc(F)cc1,0
ZINC04454603,DUD_vegfr2_D_2616,CC(=O)c1cccc(NC(=O)Cn2nc(-c3ccc(Cl)cc3)ccc2=O)c1,0
ZINC04459210,DUD_vegfr2_D_2617,Cc1cccc(N2C(=O)C[C@@H](S/C(N)=N\c3ccccc3)C2=O)c1,0
ZINC04459492,DUD_vegfr2_D_2618,COc1ccc(/C=C2\C(=N)N3C(c4ccccc4)=CSC3=NC2=O)cc1OC,0
ZINC04459927,DUD_vegfr2_D_2619,C/C(CC(=O)Nc1ccc(Br)cc1)=N\NC(=O)c1ccccc1,0
ZINC04460191,DUD_vegfr2_D_2620,COc1cccc(/C=C2\C(=N)N3C(c4ccccc4)=CSC3=NC2=O)c1O,0
ZINC04460686,DUD_vegfr2_D_2621,CCCn1c(-c2ccc3c(c2)NC(=O)CO3)cs/c1=N\c1cccnc1,0
ZINC04462018,DUD_vegfr2_D_2622,CCOc1cc(/C=C2/C(=N)N3C(c4ccccc4)=CSC3=NC2=O)ccc1O,0
ZINC04463923,DUD_vegfr2_D_2623,Cc1noc(C)c1CSc1nc2scc(-c3ccccc3)c2c(=O)n1N,0
ZINC04464289,DUD_vegfr2_D_2624,Cc1sc2ncn(CC(=O)N/N=C\c3ccco3)c(=O)c2c1-c1ccccc1,0
ZINC04464293,DUD_vegfr2_D_2625,Cc1sc2ncn(CC(=O)N/N=C\c3c(O)ccc4ccccc34)c(=O)c2c1C,0
ZINC04464295,DUD_vegfr2_D_2626,CCc1cc2c(=O)n(CC(=O)N/N=C\c3cccc4ccccc34)cnc2s1,0
ZINC04464528,DUD_vegfr2_D_2627,Cc1ccc(NC(=O)Cc2n[nH]/c(=N/C(=O)Nc3ccccc3C)s2)cc1,0
ZINC04464543,DUD_vegfr2_D_2628,Cc1[nH]c2ccccc2c1/C=N/NC(=O)CNC(=O)c1cccc(F)c1,0
ZINC04464891,DUD_vegfr2_D_2629,COc1cccc(/C=N\NC(=O)c2cc3c(C)nn(-c4ccccc4)c3s2)c1O,0
ZINC04464999,DUD_vegfr2_D_2630,CCOc1ccc2c(c1)SC1=NC(=O)/C(=C/c3c[nH]c4ccccc34)C(=N)N12,0
ZINC04465121,DUD_vegfr2_D_2631,COc1ccc(/C=C/C(=O)NC(=S)NNC(=O)Cc2ccccc2)cc1,0
ZINC04465127,DUD_vegfr2_D_2632,Cc1ccc(/N=C2\NC(=O)C[C@H](C(=O)Nc3ccc(C)cc3)S2)cc1,0
ZINC04465224,DUD_vegfr2_D_2633,Cc1ccc(Cn2ccs/c2=N\C(=O)c2cc(=O)[nH]c3ccccc23)cc1,0
ZINC04465236,DUD_vegfr2_D_2634,CC(=O)Nc1ccc(-c2csc(NC(=O)/C=C/c3cccc(F)c3)n2)cc1,0
ZINC04465370,DUD_vegfr2_D_2635,CC[C@@]1(C)NC(=O)N(/N=C\c2cn(-c3ccccc3)nc2-c2cccs2)C1=O,0
ZINC04465402,DUD_vegfr2_D_2636,CC(=O)Nc1ccc(-n2c(C)cs/c2=N/C(=O)c2ccccc2)cc1,0
ZINC04465415,DUD_vegfr2_D_2637,Cc1nc2scc(-c3ccccc3)c2c(=O)n1/N=C\c1ccc(O)cc1O,0
ZINC04465434,DUD_vegfr2_D_2638,CN1/C(=C\C=N/NC(=S)Nc2cccnc2)C(C)(C)c2ccccc21,0
ZINC04465490,DUD_vegfr2_D_2639,CC(=O)Nc1ccc(C2=CS/C(=N/Cc3ccccc3)N(C)N2)cc1,0
ZINC04465524,DUD_vegfr2_D_2640,COc1ccc(/N=C2\NC(=O)[C@@H](CC(=O)Nc3c(C)cccc3C)S2)cc1,0
ZINC04465914,DUD_vegfr2_D_2641,Cc1ccc(C(=O)NCCN2C(=O)S/C(=C/c3ccccc3)C2=O)cc1,0
ZINC04465984,DUD_vegfr2_D_2642,Cc1nn(Cc2ccccc2)c(Cl)c1/C=N/NC(=O)c1cccc(O)c1,0
ZINC04466106,DUD_vegfr2_D_2643,CC(=O)Nc1ccc(-c2csc(NC(=O)/C=C\c3ccccc3)n2)cc1,0
ZINC04466211,DUD_vegfr2_D_2644,Cc1cccc(NC(=O)CN2C(=O)N/C(=C/c3ccc(F)cc3)C2=O)c1,0
ZINC04466215,DUD_vegfr2_D_2645,CSc1ccc(/C=C2/NC(=O)N(CC(=O)Nc3cccc(C)c3)C2=O)cc1,0
ZINC04466344,DUD_vegfr2_D_2646,C=c1[nH]n(-c2ccc(Br)c(C)c2)c(=O)/c1=C\Nc1ccc2nc(C)[nH]c2c1,0
ZINC04467610,DUD_vegfr2_D_2647,CCc1ccccc1NCN1C(=O)/C(=N/NC(N)=S)c2ccccc21,0
ZINC04467763,DUD_vegfr2_D_2648,COC(=O)c1ccc(/C=C2\SC(Nc3ccccc3C)=NC2=O)cc1,0
ZINC04467768,DUD_vegfr2_D_2649,Cc1ncc(CO)c2cc(C(=O)Nc3ccccc3Cl)/c(=N\c3ccccc3)oc12,0
ZINC04468555,DUD_vegfr2_D_2650,CCOc1ccc(N2CN=c3s/c(=C\c4ccccc4O)c(=O)n3C2)cc1,0
ZINC04468947,DUD_vegfr2_D_2651,Cc1cc(-c2nnc(S)n2/N=C\c2cccc(Oc3ccccc3)c2)[nH]n1,0
ZINC04468947,DUD_vegfr2_D_2652,Cc1cc(-c2nnc(S)n2/N=C\c2cccc(Oc3ccccc3)c2)n[nH]1,0
ZINC04469024,DUD_vegfr2_D_2653,CSc1cccc(NC(=O)CN2C(=O)N[C@@]3(CCCc4ccccc43)C2=O)c1,0
ZINC04469447,DUD_vegfr2_D_2654,Cc1ccccc1NC(=O)C[C@H]1S/C(=N/c2ccccc2)N=C1O,0
ZINC04469703,DUD_vegfr2_D_2655,Cc1nn(-c2ccccc2)c(Cl)c1/C=N\NC(=O)[C@@H]1COc2ccccc2O1,0
ZINC04469704,DUD_vegfr2_D_2656,C=C(N/N=c1/[nH]c2c(c(=O)n(C)c(=O)n2C)n1Cc1ccccc1Cl)c1ccco1,0
ZINC04469797,DUD_vegfr2_D_2657,CN/C(S)=N\N=C\c1ccc(OC(=O)c2ccccc2)c(OC)c1,0
ZINC04469856,DUD_vegfr2_D_2658,Cc1nn(-c2ccccc2)c(Cl)c1/C=N\NC(=O)CNC(=O)c1ccco1,0
ZINC04469974,DUD_vegfr2_D_2659,CCc1ccc(-c2[nH]ncc2/C=N\NC(=O)c2cccc(Br)c2)cc1,0
ZINC04470047,DUD_vegfr2_D_2660,CCOc1ccc(N2C(=O)/C(=C\c3nc4ccccc4[nH]3)C(=O)NC2=S)cc1,0
ZINC04470207,DUD_vegfr2_D_2661,Cc1cccc(C)c1NC(=O)C[C@@H]1S/C(=N\c2ccc(Cl)cc2)NC1=O,0
ZINC04470224,DUD_vegfr2_D_2662,C=c1[nH]n(-c2ccc(C)cc2C)c(=O)/c1=C\Nc1cc(Cl)ccc1O,0
ZINC04470231,DUD_vegfr2_D_2663,Cc1ccc(-c2ccc(/C=N\NC(=O)[C@@H](O)c3ccccc3)o2)cc1Cl,0
ZINC04470279,DUD_vegfr2_D_2664,Cc1ccccc1N1C(=O)C[C@@H](S/C(N)=N\N=C/c2ccc(Cl)cc2)C1=O,0
ZINC04470454,DUD_vegfr2_D_2665,CC[C@H](C)/N=C\c1c(-c2ccccc2)[nH]n(-c2nc3ccccc3s2)c1=O,0
ZINC04471956,DUD_vegfr2_D_2666,CC(C)c1ccc(/C=C2\C(=N)N3N=C(c4ccccc4)SC3=NC2=O)cc1,0
ZINC04475140,DUD_vegfr2_D_2667,O=C(CCC[N@@H+]1C=C[C@@H](n2c(=O)[nH]c3ccccc32)CC1)c1ccc(F)cc1,0
ZINC04475736,DUD_vegfr2_D_2668,O=C(CCC(=O)c1ccccc1)Nc1nc2c(s1)CCc1ccccc1-2,0
ZINC04478201,DUD_vegfr2_D_2669,CCOC(=O)c1ccc(N/N=C2\C(=[NH2+])N(C)N=C2c2ccc(Cl)cc2)cc1,0
ZINC04483218,DUD_vegfr2_D_2670,COc1ccc(Cn2nnc(C(=O)NCc3ccccc3)c2N)cc1Br,0
ZINC04485193,DUD_vegfr2_D_2671,COc1ccc(Cl)cc1NC(=O)[C@H](C)OC(=O)c1cn2ccccc2n1,0
ZINC04485511,DUD_vegfr2_D_2672,CCn1c(Cc2ccccc2)nnc1SCc1nc2ccsc2c(=O)[nH]1,0
ZINC04485511,DUD_vegfr2_D_2673,CCn1c(Cc2ccccc2)nnc1SCc1nc(=O)c2sccc2[nH]1,0
ZINC04485511,DUD_vegfr2_D_2674,CCn1c(Cc2ccccc2)nnc1SCc1nc(O)c2sccc2n1,0
ZINC04485570,DUD_vegfr2_D_2675,Cc1[nH]c(S[C@@H](C)C(=O)Nc2ccc3c(c2)OCO3)nc1Cc1ccccc1,0
ZINC04485614,DUD_vegfr2_D_2676,C=CCn1c(SCC(=O)N2CC(=O)Nc3ccccc32)nc2ccccc21,0
ZINC04487103,DUD_vegfr2_D_2677,CCc1sc(NC(=O)Cn2c(=O)oc3ccccc32)nc1-c1ccccc1,0
ZINC04487830,DUD_vegfr2_D_2678,COc1cc(NC(=O)c2ccc3c(c2)OCCO3)ccc1NC(=O)c1cccs1,0
ZINC04491223,DUD_vegfr2_D_2679,COCC(=O)Nc1ccc(-c2csc(Nc3cccc(F)c3)n2)cc1,0
ZINC04492352,DUD_vegfr2_D_2680,Cc1[nH]c(SCC(=O)Nc2ccc3c(c2)OCCO3)nc1Cc1ccccc1,0
ZINC04492361,DUD_vegfr2_D_2681,Cc1cccc([N+](=O)[O-])c1NC(=O)CSc1nc(Cc2ccccc2)c(C)[nH]1,0
ZINC04492391,DUD_vegfr2_D_2682,Cc1[nH]c(SCC(=O)N2CC(=O)Nc3ccccc32)nc1Cc1ccccc1,0
ZINC04492419,DUD_vegfr2_D_2683,Cc1[nH]c(SCC(=O)NC(=O)c2cccn2C)nc1Cc1ccccc1,0
ZINC04492433,DUD_vegfr2_D_2684,Cc1[nH]c(SCc2nc3ccccc3c(=O)[nH]2)nc1Cc1ccccc1,0
ZINC04492433,DUD_vegfr2_D_2685,Cc1[nH]c(SCc2nc3ccccc3c(=O)[nH]2)[nH+]c1Cc1ccccc1,0
ZINC04492433,DUD_vegfr2_D_2686,Cc1[nH]c(SCc2nc(=O)c3ccccc3[nH]2)[nH+]c1Cc1ccccc1,0
ZINC04492542,DUD_vegfr2_D_2687,Cc1[nH]c(SCc2nc3ccsc3c(=O)[nH]2)nc1Cc1ccccc1,0
ZINC04492542,DUD_vegfr2_D_2688,Cc1[nH]c(SCc2nc3ccsc3c(=O)[nH]2)[nH+]c1Cc1ccccc1,0
ZINC04492542,DUD_vegfr2_D_2689,Cc1[nH]c(SCc2nc(=O)c3sccc3[nH]2)[nH+]c1Cc1ccccc1,0
ZINC04492558,DUD_vegfr2_D_2690,Cc1[nH]c(SCC(=O)N2c3ccccc3NC(=O)C2(C)C)nc1Cc1ccccc1,0
ZINC04492722,DUD_vegfr2_D_2691,CCn1c2ccccc2c2nnc(S[C@H](C)c3nc4ccccc4c(=O)[nH]3)nc21,0
ZINC04492722,DUD_vegfr2_D_2692,CCn1c2ccccc2c2nnc(S[C@@H](C)c3nc(=O)c4ccccc4[nH]3)nc21,0
ZINC04492722,DUD_vegfr2_D_2693,CCn1c2ccccc2c2nnc(S[C@@H](C)c3nc(O)c4ccccc4n3)nc21,0
ZINC04494138,DUD_vegfr2_D_2694,O=C(CSc1nnc(-c2ccc(F)cc2)n1C[C@H]1CCCO1)c1ccc[nH]1,0
ZINC04501197,DUD_vegfr2_D_2695,CSc1ccccc1NC(=O)CSc1nncn1-c1ccccc1C,0
ZINC04501934,DUD_vegfr2_D_2696,Cc1sc2c(c1C)C(=O)N[C@@H](c1ccc(OC(=O)/C=C/c3ccco3)cc1)N2,0
ZINC04507755,DUD_vegfr2_D_2697,CCn1c(-c2ccccc2)c(C(=O)CSc2nnc(N)s2)c2ccccc21,0
ZINC04513234,DUD_vegfr2_D_2698,CSc1cccc(NC(=O)CN2C(=O)N[C@](C)(c3ccccc3Cl)C2=O)c1,0
ZINC04515108,DUD_vegfr2_D_2699,Cc1ccsc1/C=N\NC(=O)CN(c1cccc2ccccc12)S(C)(=O)=O,0
ZINC04517568,DUD_vegfr2_D_2700,CN(C)c1cccc2c(S(=O)(=O)NCCc3c[nH]c4ccccc34)cccc12,0
ZINC04540766,DUD_vegfr2_D_2701,COc1ccccc1NC(=O)CSc1nc(-c2ccccc2)cc(=O)[nH]1,0
ZINC04540766,DUD_vegfr2_D_2702,COc1ccccc1NC(=O)CSc1nc(=O)cc(-c2ccccc2)[nH]1,0
ZINC04540766,DUD_vegfr2_D_2703,COc1ccccc1NC(=O)CSc1nc(O)cc(-c2ccccc2)n1,0
ZINC04586966,DUD_vegfr2_D_2704,CCN(CC)c1ccc2cc(C(N)=O)/c(=N/c3cccc(Br)c3)oc2c1,0
ZINC04586974,DUD_vegfr2_D_2705,C/C(=N/N=C1/NC(=O)C[C@H](C(=O)Nc2ccccc2)S1)c1cccs1,0
ZINC04620101,DUD_vegfr2_D_2706,Cn1c(=O)[nH]c(=O)c2c1nc(NCc1ccccc1Cl)n2Cc1ccccc1Cl,0
ZINC04622518,DUD_vegfr2_D_2707,CSCC[C@@H](NC(=O)c1cc2ccccc2oc1=O)c1nc2ccccc2[nH]1,0
ZINC04622525,DUD_vegfr2_D_2708,CSCC[C@H](NC(=O)c1ccc2ncsc2c1)c1nc2ccccc2[nH]1,0
ZINC04627258,DUD_vegfr2_D_2709,COc1cccc(/N=C(/NC#N)Nc2ccn3c2CS[C@@H]3c2cccnc2)c1,0
ZINC04633709,DUD_vegfr2_D_2710,CCc1c(O)n(Cc2ccccc2)c(=S)n(Cc2nc3ccccc3[nH]2)c1=O,0
ZINC04633710,DUD_vegfr2_D_2711,CCc1c(O)n(-c2ccccc2)c(=S)n(Cc2nc3ccccc3[nH]2)c1=O,0
ZINC04642077,DUD_vegfr2_D_2712,Cc1cccc(C(=O)N[C@H](C(=O)Nc2nc(-c3ccccn3)cs2)C(C)C)c1,0
