collision_group,chembl_id,smiles,inchi
1,CHEMBL1222251,O[C@H]1[C@H](O)[C@@H](O)[C@H](O)[C@@H](O)[C@H]1O,"InChI=1S/C6H12O6/c7-1-2(8)4(10)6(12)5(11)3(1)9/h1-12H/t1-,2-,3-,4+,5-,6-"
1,CHEMBL1231671,O[C@H]1[C@H](O)[C@H](O)[C@@H](O)[C@H](O)[C@H]1O,"InChI=1S/C6H12O6/c7-1-2(8)4(10)6(12)5(11)3(1)9/h1-12H/t1-,2-,3-,4-,5+,6+/m0/s1"
1,CHEMBL1950780,O[C@H]1[C@@H](O)[C@@H](O)[C@@H](O)[C@@H](O)[C@@H]1O,"InChI=1S/C6H12O6/c7-1-2(8)4(10)6(12)5(11)3(1)9/h1-12H/t1-,2-,3-,4+,5-,6+"
1,CHEMBL278373,O[C@H]1[C@H](O)[C@@H](O)[C@@H](O)[C@H](O)[C@H]1O,"InChI=1S/C6H12O6/c7-1-2(8)4(10)6(12)5(11)3(1)9/h1-12H/t1-,2-,3-,4+,5+,6+"
1,CHEMBL3976780,O[C@H]1[C@H](O)[C@@H](O)[C@H](O)[C@H](O)[C@H]1O,"InChI=1S/C6H12O6/c7-1-2(8)4(10)6(12)5(11)3(1)9/h1-12H/t1-,2-,3-,4-,5+,6+/m1/s1"
1,CHEMBL468154,O[C@H]1[C@H](O)[C@@H](O)[C@H](O)[C@@H](O)[C@@H]1O,"InChI=1S/C6H12O6/c7-1-2(8)4(10)6(12)5(11)3(1)9/h1-12H/t1-,2-,3+,4+,5-,6-"
2,CHEMBL15891,Cl[C@H]1[C@H](Cl)[C@@H](Cl)[C@@H](Cl)[C@H](Cl)[C@H]1Cl,"InChI=1S/C6H6Cl6/c7-1-2(8)4(10)6(12)5(11)3(1)9/h1-6H/t1-,2-,3-,4+,5+,6+"
2,CHEMBL1714528,Cl[C@H]1[C@H](Cl)[C@@H](Cl)[C@H](Cl)[C@H](Cl)[C@H]1Cl,"InChI=1S/C6H6Cl6/c7-1-2(8)4(10)6(12)5(11)3(1)9/h1-6H/t1-,2-,3-,4-,5+,6+/m1/s1"
2,CHEMBL1874247,Cl[C@H]1[C@H](Cl)[C@@H](Cl)[C@H](Cl)[C@@H](Cl)[C@H]1Cl,"InChI=1S/C6H6Cl6/c7-1-2(8)4(10)6(12)5(11)3(1)9/h1-6H/t1-,2-,3-,4+,5-,6-"
2,CHEMBL2272381,Cl[C@H]1[C@H](Cl)[C@H](Cl)[C@@H](Cl)[C@H](Cl)[C@H]1Cl,"InChI=1S/C6H6Cl6/c7-1-2(8)4(10)6(12)5(11)3(1)9/h1-6H/t1-,2-,3-,4-,5+,6+/m0/s1"
2,CHEMBL389022,Cl[C@H]1[C@H](Cl)[C@@H](Cl)[C@H](Cl)[C@@H](Cl)[C@@H]1Cl,"InChI=1S/C6H6Cl6/c7-1-2(8)4(10)6(12)5(11)3(1)9/h1-6H/t1-,2-,3+,4+,5-,6-"
3,CHEMBL442921,COc1cc(/C=C/OC(=O)[C@H]2CC[C@@H](N(C)[C@H]3CC[C@H](C(=O)Oc4c5ccccc5cc5ccccc45)CC3)CC2)cc(OC)c1OC,"InChI=1S/C40H45NO7/c1-41(31-17-13-27(14-18-31)39(42)47-22-21-26-23-35(44-2)38(46-4)36(24-26)45-3)32-19-15-28(16-20-32)40(43)48-37-33-11-7-5-9-29(33)25-30-10-6-8-12-34(30)37/h5-12,21-25,27-28,31-32H,13-20H2,1-4H3/b22-21+/t27-,28-,31+,32-"
3,CHEMBL449322,COc1cc(/C=C/OC(=O)[C@H]2CC[C@H](N(C)[C@H]3CC[C@@H](C(=O)Oc4c5ccccc5cc5ccccc45)CC3)CC2)cc(OC)c1OC,"InChI=1S/C40H45NO7/c1-41(31-17-13-27(14-18-31)39(42)47-22-21-26-23-35(44-2)38(46-4)36(24-26)45-3)32-19-15-28(16-20-32)40(43)48-37-33-11-7-5-9-29(33)25-30-10-6-8-12-34(30)37/h5-12,21-25,27-28,31-32H,13-20H2,1-4H3/b22-21+/t27-,28-,31-,32+"
3,CHEMBL454502,COc1cc(/C=C/OC(=O)[C@H]2CC[C@H](N(C)[C@H]3CC[C@H](C(=O)Oc4c5ccccc5cc5ccccc45)CC3)CC2)cc(OC)c1OC,"InChI=1S/C40H45NO7/c1-41(31-17-13-27(14-18-31)39(42)47-22-21-26-23-35(44-2)38(46-4)36(24-26)45-3)32-19-15-28(16-20-32)40(43)48-37-33-11-7-5-9-29(33)25-30-10-6-8-12-34(30)37/h5-12,21-25,27-28,31-32H,13-20H2,1-4H3/b22-21+/t27-,28-,31-,32-"
3,CHEMBL457333,COc1cc(/C=C/OC(=O)[C@H]2CC[C@@H](N(C)[C@H]3CC[C@@H](C(=O)Oc4c5ccccc5cc5ccccc45)CC3)CC2)cc(OC)c1OC,"InChI=1S/C40H45NO7/c1-41(31-17-13-27(14-18-31)39(42)47-22-21-26-23-35(44-2)38(46-4)36(24-26)45-3)32-19-15-28(16-20-32)40(43)48-37-33-11-7-5-9-29(33)25-30-10-6-8-12-34(30)37/h5-12,21-25,27-28,31-32H,13-20H2,1-4H3/b22-21+/t27-,28-,31+,32+"
4,CHEMBL443632,COc1cc(/C=C/OC(=O)[C@H]2CC[C@H](N(C)[C@H]3CC[C@H](C(=O)Oc4cc(OC)c(OC)c(OC)c4)CC3)CC2)cc(OC)c1OC,"InChI=1S/C35H47NO10/c1-36(26-14-10-24(11-15-26)35(38)46-27-20-30(41-4)33(44-7)31(21-27)42-5)25-12-8-23(9-13-25)34(37)45-17-16-22-18-28(39-2)32(43-6)29(19-22)40-3/h16-21,23-26H,8-15H2,1-7H3/b17-16+/t23-,24-,25-,26-"
4,CHEMBL445488,COc1cc(/C=C/OC(=O)[C@H]2CC[C@H](N(C)[C@H]3CC[C@@H](C(=O)Oc4cc(OC)c(OC)c(OC)c4)CC3)CC2)cc(OC)c1OC,"InChI=1S/C35H47NO10/c1-36(26-14-10-24(11-15-26)35(38)46-27-20-30(41-4)33(44-7)31(21-27)42-5)25-12-8-23(9-13-25)34(37)45-17-16-22-18-28(39-2)32(43-6)29(19-22)40-3/h16-21,23-26H,8-15H2,1-7H3/b17-16+/t23-,24-,25-,26+"
4,CHEMBL454157,COc1cc(/C=C/OC(=O)[C@H]2CC[C@@H](N(C)[C@H]3CC[C@H](C(=O)Oc4cc(OC)c(OC)c(OC)c4)CC3)CC2)cc(OC)c1OC,"InChI=1S/C35H47NO10/c1-36(26-14-10-24(11-15-26)35(38)46-27-20-30(41-4)33(44-7)31(21-27)42-5)25-12-8-23(9-13-25)34(37)45-17-16-22-18-28(39-2)32(43-6)29(19-22)40-3/h16-21,23-26H,8-15H2,1-7H3/b17-16+/t23-,24-,25+,26-"
4,CHEMBL504907,COc1cc(/C=C/OC(=O)[C@H]2CC[C@@H](N(C)[C@H]3CC[C@@H](C(=O)Oc4cc(OC)c(OC)c(OC)c4)CC3)CC2)cc(OC)c1OC,"InChI=1S/C35H47NO10/c1-36(26-14-10-24(11-15-26)35(38)46-27-20-30(41-4)33(44-7)31(21-27)42-5)25-12-8-23(9-13-25)34(37)45-17-16-22-18-28(39-2)32(43-6)29(19-22)40-3/h16-21,23-26H,8-15H2,1-7H3/b17-16+/t23-,24-,25+,26+"
5,CHEMBL1643340,COc1cc(CCC(=O)O[C@H]2CC[C@H](N(C)[C@H]3CC[C@@H](OC(=O)c4cc(OC)c(OC)c(OC)c4)CC3)CC2)cc(OC)c1OC,"InChI=1S/C35H49NO10/c1-36(25-11-15-27(16-12-25)46-35(38)23-20-30(41-4)34(44-7)31(21-23)42-5)24-9-13-26(14-10-24)45-32(37)17-8-22-18-28(39-2)33(43-6)29(19-22)40-3/h18-21,24-27H,8-17H2,1-7H3/t24-,25-,26-,27+"
5,CHEMBL1643341,COc1cc(CCC(=O)O[C@H]2CC[C@H](N(C)[C@H]3CC[C@H](OC(=O)c4cc(OC)c(OC)c(OC)c4)CC3)CC2)cc(OC)c1OC,"InChI=1S/C35H49NO10/c1-36(25-11-15-27(16-12-25)46-35(38)23-20-30(41-4)34(44-7)31(21-23)42-5)24-9-13-26(14-10-24)45-32(37)17-8-22-18-28(39-2)33(43-6)29(19-22)40-3/h18-21,24-27H,8-17H2,1-7H3/t24-,25-,26-,27-"
5,CHEMBL1643342,COc1cc(CCC(=O)O[C@H]2CC[C@@H](N(C)[C@H]3CC[C@@H](OC(=O)c4cc(OC)c(OC)c(OC)c4)CC3)CC2)cc(OC)c1OC,"InChI=1S/C35H49NO10/c1-36(25-11-15-27(16-12-25)46-35(38)23-20-30(41-4)34(44-7)31(21-23)42-5)24-9-13-26(14-10-24)45-32(37)17-8-22-18-28(39-2)33(43-6)29(19-22)40-3/h18-21,24-27H,8-17H2,1-7H3/t24-,25-,26+,27+"
5,CHEMBL1643343,COc1cc(CCC(=O)O[C@H]2CC[C@@H](N(C)[C@H]3CC[C@H](OC(=O)c4cc(OC)c(OC)c(OC)c4)CC3)CC2)cc(OC)c1OC,"InChI=1S/C35H49NO10/c1-36(25-11-15-27(16-12-25)46-35(38)23-20-30(41-4)34(44-7)31(21-23)42-5)24-9-13-26(14-10-24)45-32(37)17-8-22-18-28(39-2)33(43-6)29(19-22)40-3/h18-21,24-27H,8-17H2,1-7H3/t24-,25-,26+,27-"
6,CHEMBL2316433,COc1cc(/C=C/C(=O)O[C@H]2CC[C@@H](N(C)[C@H]3CC[C@H](OC(=O)C4c5ccccc5-c5ccccc54)CC3)CC2)cc(OC)c1OC,"InChI=1S/C39H45NO7/c1-40(26-14-18-28(19-15-26)46-36(41)22-13-25-23-34(43-2)38(45-4)35(24-25)44-3)27-16-20-29(21-17-27)47-39(42)37-32-11-7-5-9-30(32)31-10-6-8-12-33(31)37/h5-13,22-24,26-29,37H,14-21H2,1-4H3/b22-13+/t26-,27-,28+,29-"
6,CHEMBL2316434,COc1cc(/C=C/C(=O)O[C@H]2CC[C@H](N(C)[C@H]3CC[C@H](OC(=O)C4c5ccccc5-c5ccccc54)CC3)CC2)cc(OC)c1OC,"InChI=1S/C39H45NO7/c1-40(26-14-18-28(19-15-26)46-36(41)22-13-25-23-34(43-2)38(45-4)35(24-25)44-3)27-16-20-29(21-17-27)47-39(42)37-32-11-7-5-9-30(32)31-10-6-8-12-33(31)37/h5-13,22-24,26-29,37H,14-21H2,1-4H3/b22-13+/t26-,27-,28-,29-"
6,CHEMBL2316435,COc1cc(/C=C/C(=O)O[C@H]2CC[C@@H](N(C)[C@H]3CC[C@@H](OC(=O)C4c5ccccc5-c5ccccc54)CC3)CC2)cc(OC)c1OC,"InChI=1S/C39H45NO7/c1-40(26-14-18-28(19-15-26)46-36(41)22-13-25-23-34(43-2)38(45-4)35(24-25)44-3)27-16-20-29(21-17-27)47-39(42)37-32-11-7-5-9-30(32)31-10-6-8-12-33(31)37/h5-13,22-24,26-29,37H,14-21H2,1-4H3/b22-13+/t26-,27-,28+,29+"
6,CHEMBL2316436,COc1cc(/C=C/C(=O)O[C@H]2CC[C@H](N(C)[C@H]3CC[C@@H](OC(=O)C4c5ccccc5-c5ccccc54)CC3)CC2)cc(OC)c1OC,"InChI=1S/C39H45NO7/c1-40(26-14-18-28(19-15-26)46-36(41)22-13-25-23-34(43-2)38(45-4)35(24-25)44-3)27-16-20-29(21-17-27)47-39(42)37-32-11-7-5-9-30(32)31-10-6-8-12-33(31)37/h5-13,22-24,26-29,37H,14-21H2,1-4H3/b22-13+/t26-,27-,28-,29+"
7,CHEMBL2316437,COc1ccc(C(C(=O)O[C@H]2CC[C@H](N(C)[C@H]3CC[C@@H](OC(=O)C#Cc4cc(OC)c(OC)c(OC)c4)CC3)CC2)c2ccc(OC)cc2)cc1,"InChI=1S/C41H49NO9/c1-42(30-12-20-34(21-13-30)50-38(43)24-7-27-25-36(47-4)40(49-6)37(26-27)48-5)31-14-22-35(23-15-31)51-41(44)39(28-8-16-32(45-2)17-9-28)29-10-18-33(46-3)19-11-29/h8-11,16-19,25-26,30-31,34-35,39H,12-15,20-23H2,1-6H3/t30-,31-,34+,35-"
7,CHEMBL2316438,COc1ccc(C(C(=O)O[C@H]2CC[C@H](N(C)[C@H]3CC[C@H](OC(=O)C#Cc4cc(OC)c(OC)c(OC)c4)CC3)CC2)c2ccc(OC)cc2)cc1,"InChI=1S/C41H49NO9/c1-42(30-12-20-34(21-13-30)50-38(43)24-7-27-25-36(47-4)40(49-6)37(26-27)48-5)31-14-22-35(23-15-31)51-41(44)39(28-8-16-32(45-2)17-9-28)29-10-18-33(46-3)19-11-29/h8-11,16-19,25-26,30-31,34-35,39H,12-15,20-23H2,1-6H3/t30-,31-,34-,35-"
7,CHEMBL2316439,COc1ccc(C(C(=O)O[C@H]2CC[C@@H](N(C)[C@H]3CC[C@@H](OC(=O)C#Cc4cc(OC)c(OC)c(OC)c4)CC3)CC2)c2ccc(OC)cc2)cc1,"InChI=1S/C41H49NO9/c1-42(30-12-20-34(21-13-30)50-38(43)24-7-27-25-36(47-4)40(49-6)37(26-27)48-5)31-14-22-35(23-15-31)51-41(44)39(28-8-16-32(45-2)17-9-28)29-10-18-33(46-3)19-11-29/h8-11,16-19,25-26,30-31,34-35,39H,12-15,20-23H2,1-6H3/t30-,31-,34+,35+"
7,CHEMBL2316440,COc1ccc(C(C(=O)O[C@H]2CC[C@@H](N(C)[C@H]3CC[C@H](OC(=O)C#Cc4cc(OC)c(OC)c(OC)c4)CC3)CC2)c2ccc(OC)cc2)cc1,"InChI=1S/C41H49NO9/c1-42(30-12-20-34(21-13-30)50-38(43)24-7-27-25-36(47-4)40(49-6)37(26-27)48-5)31-14-22-35(23-15-31)51-41(44)39(28-8-16-32(45-2)17-9-28)29-10-18-33(46-3)19-11-29/h8-11,16-19,25-26,30-31,34-35,39H,12-15,20-23H2,1-6H3/t30-,31-,34-,35+"
8,CHEMBL445787,COc1ccc(C(OC(=O)[C@H]2CC[C@H](N(C)[C@H]3CC[C@H](C(=O)O/C=C/c4cc(OC)c(OC)c(OC)c4)CC3)CC2)c2ccc(OC)cc2)cc1,"InChI=1S/C41H51NO9/c1-42(32-15-7-30(8-16-32)40(43)50-24-23-27-25-36(47-4)39(49-6)37(26-27)48-5)33-17-9-31(10-18-33)41(44)51-38(28-11-19-34(45-2)20-12-28)29-13-21-35(46-3)22-14-29/h11-14,19-26,30-33,38H,7-10,15-18H2,1-6H3/b24-23+/t30-,31-,32-,33-"
8,CHEMBL448854,COc1ccc(C(OC(=O)[C@H]2CC[C@H](N(C)[C@H]3CC[C@@H](C(=O)O/C=C/c4cc(OC)c(OC)c(OC)c4)CC3)CC2)c2ccc(OC)cc2)cc1,"InChI=1S/C41H51NO9/c1-42(32-15-7-30(8-16-32)40(43)50-24-23-27-25-36(47-4)39(49-6)37(26-27)48-5)33-17-9-31(10-18-33)41(44)51-38(28-11-19-34(45-2)20-12-28)29-13-21-35(46-3)22-14-29/h11-14,19-26,30-33,38H,7-10,15-18H2,1-6H3/b24-23+/t30-,31-,32+,33-"
8,CHEMBL504630,COc1ccc(C(OC(=O)[C@H]2CC[C@@H](N(C)[C@H]3CC[C@@H](C(=O)O/C=C/c4cc(OC)c(OC)c(OC)c4)CC3)CC2)c2ccc(OC)cc2)cc1,"InChI=1S/C41H51NO9/c1-42(32-15-7-30(8-16-32)40(43)50-24-23-27-25-36(47-4)39(49-6)37(26-27)48-5)33-17-9-31(10-18-33)41(44)51-38(28-11-19-34(45-2)20-12-28)29-13-21-35(46-3)22-14-29/h11-14,19-26,30-33,38H,7-10,15-18H2,1-6H3/b24-23+/t30-,31-,32+,33+"
8,CHEMBL507474,COc1ccc(C(OC(=O)[C@H]2CC[C@@H](N(C)[C@H]3CC[C@H](C(=O)O/C=C/c4cc(OC)c(OC)c(OC)c4)CC3)CC2)c2ccc(OC)cc2)cc1,"InChI=1S/C41H51NO9/c1-42(32-15-7-30(8-16-32)40(43)50-24-23-27-25-36(47-4)39(49-6)37(26-27)48-5)33-17-9-31(10-18-33)41(44)51-38(28-11-19-34(45-2)20-12-28)29-13-21-35(46-3)22-14-29/h11-14,19-26,30-33,38H,7-10,15-18H2,1-6H3/b24-23+/t30-,31-,32-,33+"
9,CHEMBL2158411,COc1cc([C@H]2[C@](NC(=O)c3ccc(NC(=O)OC(C)(C)C)cc3)(C(=O)O)[C@@H](c3ccc(OC(=O)c4cccs4)c(OC)c3)[C@]2(NC(=O)c2ccc(NC(=O)OC(C)(C)C)cc2)C(=O)O)ccc1OC(=O)c1cccs1,"InChI=1S/C54H52N4O16S2/c1-51(2,3)73-49(67)55-33-19-13-29(14-20-33)43(59)57-53(47(63)64)41(31-17-23-35(37(27-31)69-7)71-45(61)39-11-9-25-75-39)54(48(65)66,58-44(60)30-15-21-34(22-16-30)56-50(68)74-52(4,5)6)42(53)32-18-24-36(38(28-32)70-8)72-46(62)40-12-10-26-76-40/h9-28,41-42H,1-8H3,(H,55,67)(H,56,68)(H,57,59)(H,58,60)(H,63,64)(H,65,66)/t41-,42+,53+,54-"
9,CHEMBL2158412,COc1cc([C@H]2[C@](NC(=O)c3ccc(NC(=O)OC(C)(C)C)cc3)(C(=O)O)[C@H](c3ccc(OC(=O)c4cccs4)c(OC)c3)[C@]2(NC(=O)c2ccc(NC(=O)OC(C)(C)C)cc2)C(=O)O)ccc1OC(=O)c1cccs1,"InChI=1S/C54H52N4O16S2/c1-51(2,3)73-49(67)55-33-19-13-29(14-20-33)43(59)57-53(47(63)64)41(31-17-23-35(37(27-31)69-7)71-45(61)39-11-9-25-75-39)54(48(65)66,58-44(60)30-15-21-34(22-16-30)56-50(68)74-52(4,5)6)42(53)32-18-24-36(38(28-32)70-8)72-46(62)40-12-10-26-76-40/h9-28,41-42H,1-8H3,(H,55,67)(H,56,68)(H,57,59)(H,58,60)(H,63,64)(H,65,66)/t41-,42-,53-,54+"
9,CHEMBL2158413,COc1cc([C@H]2[C@](NC(=O)c3ccc(NC(=O)OC(C)(C)C)cc3)(C(=O)O)[C@H](c3ccc(OC(=O)c4cccs4)c(OC)c3)[C@@]2(NC(=O)c2ccc(NC(=O)OC(C)(C)C)cc2)C(=O)O)ccc1OC(=O)c1cccs1,"InChI=1S/C54H52N4O16S2/c1-51(2,3)73-49(67)55-33-19-13-29(14-20-33)43(59)57-53(47(63)64)41(31-17-23-35(37(27-31)69-7)71-45(61)39-11-9-25-75-39)54(48(65)66,58-44(60)30-15-21-34(22-16-30)56-50(68)74-52(4,5)6)42(53)32-18-24-36(38(28-32)70-8)72-46(62)40-12-10-26-76-40/h9-28,41-42H,1-8H3,(H,55,67)(H,56,68)(H,57,59)(H,58,60)(H,63,64)(H,65,66)/t41-,42-,53-,54-"
9,CHEMBL2158414,COc1cc([C@H]2[C@](NC(=O)c3ccc(NC(=O)OC(C)(C)C)cc3)(C(=O)O)[C@@H](c3ccc(OC(=O)c4cccs4)c(OC)c3)[C@@]2(NC(=O)c2ccc(NC(=O)OC(C)(C)C)cc2)C(=O)O)ccc1OC(=O)c1cccs1,"InChI=1S/C54H52N4O16S2/c1-51(2,3)73-49(67)55-33-19-13-29(14-20-33)43(59)57-53(47(63)64)41(31-17-23-35(37(27-31)69-7)71-45(61)39-11-9-25-75-39)54(48(65)66,58-44(60)30-15-21-34(22-16-30)56-50(68)74-52(4,5)6)42(53)32-18-24-36(38(28-32)70-8)72-46(62)40-12-10-26-76-40/h9-28,41-42H,1-8H3,(H,55,67)(H,56,68)(H,57,59)(H,58,60)(H,63,64)(H,65,66)/t41-,42+,53-,54-"
10,CHEMBL1643344,COc1cc(C#CC(=O)O[C@H]2CC[C@H](N(C)[C@H]3CC[C@@H](OC(=O)c4cc(OC)c(OC)c(OC)c4)CC3)CC2)cc(OC)c1OC,"InChI=1S/C35H45NO10/c1-36(25-11-15-27(16-12-25)46-35(38)23-20-30(41-4)34(44-7)31(21-23)42-5)24-9-13-26(14-10-24)45-32(37)17-8-22-18-28(39-2)33(43-6)29(19-22)40-3/h18-21,24-27H,9-16H2,1-7H3/t24-,25-,26-,27+"
10,CHEMBL1643345,COc1cc(C#CC(=O)O[C@H]2CC[C@H](N(C)[C@H]3CC[C@H](OC(=O)c4cc(OC)c(OC)c(OC)c4)CC3)CC2)cc(OC)c1OC,"InChI=1S/C35H45NO10/c1-36(25-11-15-27(16-12-25)46-35(38)23-20-30(41-4)34(44-7)31(21-23)42-5)24-9-13-26(14-10-24)45-32(37)17-8-22-18-28(39-2)33(43-6)29(19-22)40-3/h18-21,24-27H,9-16H2,1-7H3/t24-,25-,26-,27-"
10,CHEMBL1643346,COc1cc(C#CC(=O)O[C@H]2CC[C@@H](N(C)[C@H]3CC[C@@H](OC(=O)c4cc(OC)c(OC)c(OC)c4)CC3)CC2)cc(OC)c1OC,"InChI=1S/C35H45NO10/c1-36(25-11-15-27(16-12-25)46-35(38)23-20-30(41-4)34(44-7)31(21-23)42-5)24-9-13-26(14-10-24)45-32(37)17-8-22-18-28(39-2)33(43-6)29(19-22)40-3/h18-21,24-27H,9-16H2,1-7H3/t24-,25-,26+,27+"
10,CHEMBL1643347,COc1cc(C#CC(=O)O[C@H]2CC[C@@H](N(C)[C@H]3CC[C@H](OC(=O)c4cc(OC)c(OC)c(OC)c4)CC3)CC2)cc(OC)c1OC,"InChI=1S/C35H45NO10/c1-36(25-11-15-27(16-12-25)46-35(38)23-20-30(41-4)34(44-7)31(21-23)42-5)24-9-13-26(14-10-24)45-32(37)17-8-22-18-28(39-2)33(43-6)29(19-22)40-3/h18-21,24-27H,9-16H2,1-7H3/t24-,25-,26+,27-"
11,CHEMBL2316441,COc1cc(C#CC(=O)O[C@H]2CC[C@@H](N(C)[C@H]3CC[C@H](OC(=O)C4c5ccccc5-c5ccccc54)CC3)CC2)cc(OC)c1OC,"InChI=1S/C39H43NO7/c1-40(26-14-18-28(19-15-26)46-36(41)22-13-25-23-34(43-2)38(45-4)35(24-25)44-3)27-16-20-29(21-17-27)47-39(42)37-32-11-7-5-9-30(32)31-10-6-8-12-33(31)37/h5-12,23-24,26-29,37H,14-21H2,1-4H3/t26-,27-,28+,29-"
11,CHEMBL2316442,COc1cc(C#CC(=O)O[C@H]2CC[C@H](N(C)[C@H]3CC[C@H](OC(=O)C4c5ccccc5-c5ccccc54)CC3)CC2)cc(OC)c1OC,"InChI=1S/C39H43NO7/c1-40(26-14-18-28(19-15-26)46-36(41)22-13-25-23-34(43-2)38(45-4)35(24-25)44-3)27-16-20-29(21-17-27)47-39(42)37-32-11-7-5-9-30(32)31-10-6-8-12-33(31)37/h5-12,23-24,26-29,37H,14-21H2,1-4H3/t26-,27-,28-,29-"
11,CHEMBL2316443,COc1cc(C#CC(=O)O[C@H]2CC[C@@H](N(C)[C@H]3CC[C@@H](OC(=O)C4c5ccccc5-c5ccccc54)CC3)CC2)cc(OC)c1OC,"InChI=1S/C39H43NO7/c1-40(26-14-18-28(19-15-26)46-36(41)22-13-25-23-34(43-2)38(45-4)35(24-25)44-3)27-16-20-29(21-17-27)47-39(42)37-32-11-7-5-9-30(32)31-10-6-8-12-33(31)37/h5-12,23-24,26-29,37H,14-21H2,1-4H3/t26-,27-,28+,29+"
11,CHEMBL2316444,COc1cc(C#CC(=O)O[C@H]2CC[C@H](N(C)[C@H]3CC[C@@H](OC(=O)C4c5ccccc5-c5ccccc54)CC3)CC2)cc(OC)c1OC,"InChI=1S/C39H43NO7/c1-40(26-14-18-28(19-15-26)46-36(41)22-13-25-23-34(43-2)38(45-4)35(24-25)44-3)27-16-20-29(21-17-27)47-39(42)37-32-11-7-5-9-30(32)31-10-6-8-12-33(31)37/h5-12,23-24,26-29,37H,14-21H2,1-4H3/t26-,27-,28-,29+"
12,CHEMBL1641620,COc1cc(/C=C/C(=O)O[C@H]2CC[C@H](N(C)[C@H]3CC[C@@H](OC(=O)c4cc(OC)c(OC)c(OC)c4)CC3)CC2)cc(OC)c1OC,"InChI=1S/C35H47NO10/c1-36(25-11-15-27(16-12-25)46-35(38)23-20-30(41-4)34(44-7)31(21-23)42-5)24-9-13-26(14-10-24)45-32(37)17-8-22-18-28(39-2)33(43-6)29(19-22)40-3/h8,17-21,24-27H,9-16H2,1-7H3/b17-8+/t24-,25-,26-,27+"
12,CHEMBL2316160,COc1cc(/C=C/C(=O)O[C@H]2CC[C@H](N(C)[C@H]3CC[C@H](OC(=O)c4cc(OC)c(OC)c(OC)c4)CC3)CC2)cc(OC)c1OC,"InChI=1S/C35H47NO10/c1-36(25-11-15-27(16-12-25)46-35(38)23-20-30(41-4)34(44-7)31(21-23)42-5)24-9-13-26(14-10-24)45-32(37)17-8-22-18-28(39-2)33(43-6)29(19-22)40-3/h8,17-21,24-27H,9-16H2,1-7H3/b17-8+/t24-,25-,26-,27-"
12,CHEMBL2316161,COc1cc(/C=C/C(=O)O[C@H]2CC[C@@H](N(C)[C@H]3CC[C@@H](OC(=O)c4cc(OC)c(OC)c(OC)c4)CC3)CC2)cc(OC)c1OC,"InChI=1S/C35H47NO10/c1-36(25-11-15-27(16-12-25)46-35(38)23-20-30(41-4)34(44-7)31(21-23)42-5)24-9-13-26(14-10-24)45-32(37)17-8-22-18-28(39-2)33(43-6)29(19-22)40-3/h8,17-21,24-27H,9-16H2,1-7H3/b17-8+/t24-,25-,26+,27+"
12,CHEMBL2316428,COc1cc(/C=C/C(=O)O[C@H]2CC[C@@H](N(C)[C@H]3CC[C@H](OC(=O)c4cc(OC)c(OC)c(OC)c4)CC3)CC2)cc(OC)c1OC,"InChI=1S/C35H47NO10/c1-36(25-11-15-27(16-12-25)46-35(38)23-20-30(41-4)34(44-7)31(21-23)42-5)24-9-13-26(14-10-24)45-32(37)17-8-22-18-28(39-2)33(43-6)29(19-22)40-3/h8,17-21,24-27H,9-16H2,1-7H3/b17-8+/t24-,25-,26+,27-"
13,CHEMBL445781,COc1cc(OC(=O)[C@H]2CC[C@H](N(C)[C@H]3CC[C@H](C(=O)Oc4c5ccccc5cc5ccccc45)CC3)CC2)cc(OC)c1OC,"InChI=1S/C38H43NO7/c1-39(28-17-13-24(14-18-28)37(40)45-30-22-33(42-2)36(44-4)34(23-30)43-3)29-19-15-25(16-20-29)38(41)46-35-31-11-7-5-9-26(31)21-27-10-6-8-12-32(27)35/h5-12,21-25,28-29H,13-20H2,1-4H3/t24-,25-,28-,29-"
13,CHEMBL448992,COc1cc(OC(=O)[C@H]2CC[C@@H](N(C)[C@H]3CC[C@@H](C(=O)Oc4c5ccccc5cc5ccccc45)CC3)CC2)cc(OC)c1OC,"InChI=1S/C38H43NO7/c1-39(28-17-13-24(14-18-28)37(40)45-30-22-33(42-2)36(44-4)34(23-30)43-3)29-19-15-25(16-20-29)38(41)46-35-31-11-7-5-9-26(31)21-27-10-6-8-12-32(27)35/h5-12,21-25,28-29H,13-20H2,1-4H3/t24-,25-,28+,29+"
13,CHEMBL456712,COc1cc(OC(=O)[C@H]2CC[C@@H](N(C)[C@H]3CC[C@H](C(=O)Oc4c5ccccc5cc5ccccc45)CC3)CC2)cc(OC)c1OC,"InChI=1S/C38H43NO7/c1-39(28-17-13-24(14-18-28)37(40)45-30-22-33(42-2)36(44-4)34(23-30)43-3)29-19-15-25(16-20-29)38(41)46-35-31-11-7-5-9-26(31)21-27-10-6-8-12-32(27)35/h5-12,21-25,28-29H,13-20H2,1-4H3/t24-,25-,28+,29-"
13,CHEMBL505350,COc1cc(OC(=O)[C@H]2CC[C@H](N(C)[C@H]3CC[C@@H](C(=O)Oc4c5ccccc5cc5ccccc45)CC3)CC2)cc(OC)c1OC,"InChI=1S/C38H43NO7/c1-39(28-17-13-24(14-18-28)37(40)45-30-22-33(42-2)36(44-4)34(23-30)43-3)29-19-15-25(16-20-29)38(41)46-35-31-11-7-5-9-26(31)21-27-10-6-8-12-32(27)35/h5-12,21-25,28-29H,13-20H2,1-4H3/t24-,25-,28-,29+"
14,CHEMBL2067974,Oc1cccc(-c2c3nc(c(-c4cccc(O)c4)c4ccc([nH]4)c(-c4cccc(O)c4)c4nc(c(-c5cccc(O)c5)c5ccc2[nH]5)C=C4)CC3)c1,"InChI=1S/C44H32N4O4/c49-29-9-1-5-25(21-29)41-33-13-15-35(45-33)42(26-6-2-10-30(50)22-26)37-17-19-39(47-37)44(28-8-4-12-32(52)24-28)40-20-18-38(48-40)43(36-16-14-34(41)46-36)27-7-3-11-31(51)23-27/h1-17,19,21-24,46-47,49-52H,18,20H2/b41-33-,41-34?,42-35?,42-37-,43-36?,43-38-,44-39-,44-40-"
14,CHEMBL2067976,Oc1cccc(-c2c3nc(c(-c4cccc(O)c4)c4ccc([nH]4)c(-c4cccc(O)c4)c4nc(c(-c5cccc(O)c5)c5ccc2[nH]5)CC4)C=C3)c1,"InChI=1S/C44H32N4O4/c49-29-9-1-5-25(21-29)41-33-13-15-35(45-33)42(26-6-2-10-30(50)22-26)37-17-19-39(47-37)44(28-8-4-12-32(52)24-28)40-20-18-38(48-40)43(36-16-14-34(41)46-36)27-7-3-11-31(51)23-27/h1-17,19,21-24,46-47,49-52H,18,20H2/b41-33-,41-34+,42-35?,42-37-,43-36?,43-38-,44-39-,44-40-"
14,CHEMBL500576,Oc1cccc(-c2c3nc(c(-c4cccc(O)c4)c4ccc([nH]4)c(-c4cccc(O)c4)c4nc(c(-c5cccc(O)c5)c5ccc2[nH]5)CC4)C=C3)c1,"InChI=1S/C44H32N4O4/c49-29-9-1-5-25(21-29)41-33-13-15-35(45-33)42(26-6-2-10-30(50)22-26)37-17-19-39(47-37)44(28-8-4-12-32(52)24-28)40-20-18-38(48-40)43(36-16-14-34(41)46-36)27-7-3-11-31(51)23-27/h1-17,19,21-24,46-47,49-52H,18,20H2/b41-33-,41-34-,42-35-,42-37-,43-36-,43-38-,44-39-,44-40-"
15,CHEMBL4166881,O=C(c1ccc(O)cc1O)[C@H]1[C@H](c2ccccc2)[C@@H](C(=O)c2ccc(O)cc2O)[C@@H]1c1ccccc1,"InChI=1S/C30H24O6/c31-19-11-13-21(23(33)15-19)29(35)27-25(17-7-3-1-4-8-17)28(26(27)18-9-5-2-6-10-18)30(36)22-14-12-20(32)16-24(22)34/h1-16,25-28,31-34H/t25-,26+,27-,28+"
15,CHEMBL4172577,O=C(c1ccc(O)cc1O)[C@H]1[C@H](c2ccccc2)[C@H](C(=O)c2ccc(O)cc2O)[C@H]1c1ccccc1,"InChI=1S/C30H24O6/c31-19-11-13-21(23(33)15-19)29(35)27-25(17-7-3-1-4-8-17)28(26(27)18-9-5-2-6-10-18)30(36)22-14-12-20(32)16-24(22)34/h1-16,25-28,31-34H/t25-,26-,27-,28-"
15,CHEMBL4174782,O=C(c1ccc(O)cc1O)[C@H]1[C@H](c2ccccc2)[C@H](C(=O)c2ccc(O)cc2O)[C@@H]1c1ccccc1,"InChI=1S/C30H24O6/c31-19-11-13-21(23(33)15-19)29(35)27-25(17-7-3-1-4-8-17)28(26(27)18-9-5-2-6-10-18)30(36)22-14-12-20(32)16-24(22)34/h1-16,25-28,31-34H/t25-,26+,27-,28-"
16,CHEMBL446804,COc1cc(OC(=O)[C@H]2CC[C@@H](N(C)[C@H]3CC[C@H](C(=O)Oc4cc(OC)c(OC)c(OC)c4)CC3)CC2)cc(OC)c1OC,"InChI=1S/C33H45NO10/c1-34(22-12-8-20(9-13-22)32(35)43-24-16-26(37-2)30(41-6)27(17-24)38-3)23-14-10-21(11-15-23)33(36)44-25-18-28(39-4)31(42-7)29(19-25)40-5/h16-23H,8-15H2,1-7H3/t20-,21-,22-,23+"
16,CHEMBL452378,COc1cc(OC(=O)[C@H]2CC[C@@H](N(C)[C@H]3CC[C@@H](C(=O)Oc4cc(OC)c(OC)c(OC)c4)CC3)CC2)cc(OC)c1OC,"InChI=1S/C33H45NO10/c1-34(22-12-8-20(9-13-22)32(35)43-24-16-26(37-2)30(41-6)27(17-24)38-3)23-14-10-21(11-15-23)33(36)44-25-18-28(39-4)31(42-7)29(19-25)40-5/h16-23H,8-15H2,1-7H3/t20-,21-,22+,23+"
16,CHEMBL454777,COc1cc(OC(=O)[C@H]2CC[C@H](N(C)[C@H]3CC[C@H](C(=O)Oc4cc(OC)c(OC)c(OC)c4)CC3)CC2)cc(OC)c1OC,"InChI=1S/C33H45NO10/c1-34(22-12-8-20(9-13-22)32(35)43-24-16-26(37-2)30(41-6)27(17-24)38-3)23-14-10-21(11-15-23)33(36)44-25-18-28(39-4)31(42-7)29(19-25)40-5/h16-23H,8-15H2,1-7H3/t20-,21-,22-,23-"
17,CHEMBL444563,COc1cc(/C=C/OC(=O)[C@H]2CC[C@@H](N(C)[C@H]3CC[C@@H](C(=O)O/C=C/c4cc(OC)c(OC)c(OC)c4)CC3)CC2)cc(OC)c1OC,"InChI=1S/C37H49NO10/c1-38(28-12-8-26(9-13-28)36(39)47-18-16-24-20-30(41-2)34(45-6)31(21-24)42-3)29-14-10-27(11-15-29)37(40)48-19-17-25-22-32(43-4)35(46-7)33(23-25)44-5/h16-23,26-29H,8-15H2,1-7H3/b18-16+,19-17+/t26-,27-,28+,29+"
17,CHEMBL448591,COc1cc(/C=C/OC(=O)[C@H]2CC[C@H](N(C)[C@H]3CC[C@H](C(=O)O/C=C/c4cc(OC)c(OC)c(OC)c4)CC3)CC2)cc(OC)c1OC,"InChI=1S/C37H49NO10/c1-38(28-12-8-26(9-13-28)36(39)47-18-16-24-20-30(41-2)34(45-6)31(21-24)42-3)29-14-10-27(11-15-29)37(40)48-19-17-25-22-32(43-4)35(46-7)33(23-25)44-5/h16-23,26-29H,8-15H2,1-7H3/b18-16+,19-17+/t26-,27-,28-,29-"
17,CHEMBL455483,COc1cc(/C=C/OC(=O)[C@H]2CC[C@@H](N(C)[C@H]3CC[C@H](C(=O)O/C=C/c4cc(OC)c(OC)c(OC)c4)CC3)CC2)cc(OC)c1OC,"InChI=1S/C37H49NO10/c1-38(28-12-8-26(9-13-28)36(39)47-18-16-24-20-30(41-2)34(45-6)31(21-24)42-3)29-14-10-27(11-15-29)37(40)48-19-17-25-22-32(43-4)35(46-7)33(23-25)44-5/h16-23,26-29H,8-15H2,1-7H3/b18-16+,19-17+/t26-,27-,28-,29+"
18,CHEMBL1253645,CC(=O)O[C@H]1C[C@H]2[C@@H](CC[C@@H]3C[C@]4(CC[C@@]32C)OO[C@@]2(CC[C@@]3(C)[C@H](CC[C@@H]5[C@@H]3C[C@H](OC(C)=O)[C@]3(C)[C@@H]([C@H](C)CCC(=O)O)CC[C@@H]53)C2)OO4)[C@@H]2CC[C@H]([C@H](C)CCC(=O)O)[C@@]12C,"InChI=1S/C52H80O12/c1-29(9-19-45(55)56)37-15-17-39-35-13-11-33-27-51(23-21-47(33,5)41(35)25-43(49(37,39)7)59-31(3)53)61-63-52(64-62-51)24-22-48(6)34(28-52)12-14-36-40-18-16-38(30(2)10-20-46(57)58)50(40,8)44(26-42(36)48)60-32(4)54/h29-30,33-44H,9-28H2,1-8H3,(H,55,56)(H,57,58)/t29-,30-,33-,34-,35+,36+,37-,38-,39+,40+,41+,42+,43+,44+,47+,48+,49-,50-,51-,52+/m1/s1"
18,CHEMBL1253650,CC(=O)O[C@H]1C[C@H]2[C@@H](CC[C@@H]3C[C@]4(CC[C@@]32C)OO[C@]2(CC[C@@]3(C)[C@H](CC[C@@H]5[C@@H]3C[C@H](OC(C)=O)[C@]3(C)[C@@H]([C@H](C)CCC(=O)O)CC[C@@H]53)C2)OO4)[C@@H]2CC[C@H]([C@H](C)CCC(=O)O)[C@@]12C,"InChI=1S/C52H80O12/c1-29(9-19-45(55)56)37-15-17-39-35-13-11-33-27-51(23-21-47(33,5)41(35)25-43(49(37,39)7)59-31(3)53)61-63-52(64-62-51)24-22-48(6)34(28-52)12-14-36-40-18-16-38(30(2)10-20-46(57)58)50(40,8)44(26-42(36)48)60-32(4)54/h29-30,33-44H,9-28H2,1-8H3,(H,55,56)(H,57,58)/t29-,30-,33-,34-,35+,36+,37-,38-,39+,40+,41+,42+,43+,44+,47+,48+,49-,50-,51-,52-/m1/s1"
19,CHEMBL4160664,COCc1ccc(-c2cc3c(cc2F)ncc2c3n([C@H]3C[C@@H](OC)C3)c(=O)n2C)cn1,"InChI=1S/C23H23FN4O3/c1-27-21-11-26-20-9-19(24)17(13-4-5-14(12-30-2)25-10-13)8-18(20)22(21)28(23(27)29)15-6-16(7-15)31-3/h4-5,8-11,15-16H,6-7,12H2,1-3H3/t15-,16+"
19,CHEMBL4168290,COCc1ccc(-c2cc3c(cc2F)ncc2c3n([C@H]3C[C@H](OC)C3)c(=O)n2C)cn1,"InChI=1S/C23H23FN4O3/c1-27-21-11-26-20-9-19(24)17(13-4-5-14(12-30-2)25-10-13)8-18(20)22(21)28(23(27)29)15-6-16(7-15)31-3/h4-5,8-11,15-16H,6-7,12H2,1-3H3/t15-,16-"
20,CHEMBL3942740,CCN(c1cc(Cl)cc(C(=O)NCc2c(C)cc(C)[nH]c2=O)c1C)[C@H]1CC[C@H](C(=O)O)CC1,"InChI=1S/C25H32ClN3O4/c1-5-29(19-8-6-17(7-9-19)25(32)33)22-12-18(26)11-20(16(22)4)23(30)27-13-21-14(2)10-15(3)28-24(21)31/h10-12,17,19H,5-9,13H2,1-4H3,(H,27,30)(H,28,31)(H,32,33)/t17-,19-"
20,CHEMBL3959720,CCN(c1cc(Cl)cc(C(=O)NCc2c(C)cc(C)[nH]c2=O)c1C)[C@H]1CC[C@@H](C(=O)O)CC1,"InChI=1S/C25H32ClN3O4/c1-5-29(19-8-6-17(7-9-19)25(32)33)22-12-18(26)11-20(16(22)4)23(30)27-13-21-14(2)10-15(3)28-24(21)31/h10-12,17,19H,5-9,13H2,1-4H3,(H,27,30)(H,28,31)(H,32,33)/t17-,19+"
21,CHEMBL2059011,N#C[C@H]1C[C@@H](CN([C@H](CCC(F)(F)F)C(N)=O)S(=O)(=O)c2ccc(Cl)cc2)C1,"InChI=1S/C17H19ClF3N3O3S/c18-13-1-3-14(4-2-13)28(26,27)24(10-12-7-11(8-12)9-22)15(16(23)25)5-6-17(19,20)21/h1-4,11-12,15H,5-8,10H2,(H2,23,25)/t11-,12+,15-/m1/s1"
21,CHEMBL2059012,N#C[C@H]1C[C@H](CN([C@H](CCC(F)(F)F)C(N)=O)S(=O)(=O)c2ccc(Cl)cc2)C1,"InChI=1S/C17H19ClF3N3O3S/c18-13-1-3-14(4-2-13)28(26,27)24(10-12-7-11(8-12)9-22)15(16(23)25)5-6-17(19,20)21/h1-4,11-12,15H,5-8,10H2,(H2,23,25)/t11-,12-,15-/m1/s1"
22,CHEMBL1290412,O=C(CNC(=O)c1cccc(C(F)(F)F)c1)N[C@H]1CN([C@H]2CC[C@@H](c3ccccc3)CC2)C[C@@H]1O,"InChI=1S/C26H30F3N3O3/c27-26(28,29)20-8-4-7-19(13-20)25(35)30-14-24(34)31-22-15-32(16-23(22)33)21-11-9-18(10-12-21)17-5-2-1-3-6-17/h1-8,13,18,21-23,33H,9-12,14-16H2,(H,30,35)(H,31,34)/t18-,21+,22-,23-/m0/s1"
22,CHEMBL1290521,O=C(CNC(=O)c1cccc(C(F)(F)F)c1)N[C@H]1CN([C@H]2CC[C@H](c3ccccc3)CC2)C[C@@H]1O,"InChI=1S/C26H30F3N3O3/c27-26(28,29)20-8-4-7-19(13-20)25(35)30-14-24(34)31-22-15-32(16-23(22)33)21-11-9-18(10-12-21)17-5-2-1-3-6-17/h1-8,13,18,21-23,33H,9-12,14-16H2,(H,30,35)(H,31,34)/t18-,21-,22-,23-/m0/s1"
23,CHEMBL4282285,COc1cc(/C=C/C(=O)O[C@H]2CC[C@@H](N(C)CCCOC(=O)c3cc(OC)c(OC)c(OC)c3)CC2)cc(OC)c1OC,"InChI=1S/C32H43NO10/c1-33(15-8-16-42-32(35)22-19-27(38-4)31(41-7)28(20-22)39-5)23-10-12-24(13-11-23)43-29(34)14-9-21-17-25(36-2)30(40-6)26(18-21)37-3/h9,14,17-20,23-24H,8,10-13,15-16H2,1-7H3/b14-9+/t23-,24+"
23,CHEMBL4292875,COc1cc(/C=C/C(=O)O[C@H]2CC[C@H](N(C)CCCOC(=O)c3cc(OC)c(OC)c(OC)c3)CC2)cc(OC)c1OC,"InChI=1S/C32H43NO10/c1-33(15-8-16-42-32(35)22-19-27(38-4)31(41-7)28(20-22)39-5)23-10-12-24(13-11-23)43-29(34)14-9-21-17-25(36-2)30(40-6)26(18-21)37-3/h9,14,17-20,23-24H,8,10-13,15-16H2,1-7H3/b14-9+/t23-,24-"
24,CHEMBL219244,CC(C)(C)[C@H]1CC[C@@H](N(Cc2ccc(C(=O)NCCC(=O)O)cc2)C(=O)Nc2ccc(OC(F)(F)F)cc2)CC1,"InChI=1S/C29H36F3N3O5/c1-28(2,3)21-8-12-23(13-9-21)35(27(39)34-22-10-14-24(15-11-22)40-29(30,31)32)18-19-4-6-20(7-5-19)26(38)33-17-16-25(36)37/h4-7,10-11,14-15,21,23H,8-9,12-13,16-18H2,1-3H3,(H,33,38)(H,34,39)(H,36,37)/t21-,23+"
24,CHEMBL62444,CC(C)(C)[C@H]1CC[C@H](N(Cc2ccc(C(=O)NCCC(=O)O)cc2)C(=O)Nc2ccc(OC(F)(F)F)cc2)CC1,"InChI=1S/C29H36F3N3O5/c1-28(2,3)21-8-12-23(13-9-21)35(27(39)34-22-10-14-24(15-11-22)40-29(30,31)32)18-19-4-6-20(7-5-19)26(38)33-17-16-25(36)37/h4-7,10-11,14-15,21,23H,8-9,12-13,16-18H2,1-3H3,(H,33,38)(H,34,39)(H,36,37)/t21-,23-"
25,CHEMBL2408630,O=C(O)[C@H]1CC[C@@H](Oc2ccc(-c3ccc(-c4nc5cc(C(F)(F)F)ccc5[nH]4)cn3)cn2)CC1,"InChI=1S/C25H21F3N4O3/c26-25(27,28)17-5-9-20-21(11-17)32-23(31-20)16-3-8-19(29-13-16)15-4-10-22(30-12-15)35-18-6-1-14(2-7-18)24(33)34/h3-5,8-14,18H,1-2,6-7H2,(H,31,32)(H,33,34)/t14-,18+"
25,CHEMBL2408631,O=C(O)[C@H]1CC[C@H](Oc2ccc(-c3ccc(-c4nc5cc(C(F)(F)F)ccc5[nH]4)cn3)cn2)CC1,"InChI=1S/C25H21F3N4O3/c26-25(27,28)17-5-9-20-21(11-17)32-23(31-20)16-3-8-19(29-13-16)15-4-10-22(30-12-15)35-18-6-1-14(2-7-18)24(33)34/h3-5,8-14,18H,1-2,6-7H2,(H,31,32)(H,33,34)/t14-,18-"
26,CHEMBL4283034,CC(=O)N1CCN(c2ccc(CO[C@H]3CO[C@](Cn4ccnc4)(c4ccccc4Cl)OC3)cc2)CC1,"InChI=1S/C27H31ClN4O4/c1-21(33)31-12-14-32(15-13-31)23-8-6-22(7-9-23)16-34-24-17-35-27(36-18-24,19-30-11-10-29-20-30)25-4-2-3-5-26(25)28/h2-11,20,24H,12-19H2,1H3/t24-,27-"
26,CHEMBL4285744,CC(=O)N1CCN(c2ccc(CO[C@H]3CO[C@@](Cn4ccnc4)(c4ccccc4Cl)OC3)cc2)CC1,"InChI=1S/C27H31ClN4O4/c1-21(33)31-12-14-32(15-13-31)23-8-6-22(7-9-23)16-34-24-17-35-27(36-18-24,19-30-11-10-29-20-30)25-4-2-3-5-26(25)28/h2-11,20,24H,12-19H2,1H3/t24-,27+"
27,CHEMBL399472,O=C(/C=C/c1ccc(Cl)c(Cl)c1)N[C@H]1CC[C@@H](CN2CCC(c3c[nH]c4ccccc34)CC2)CC1,"InChI=1S/C29H33Cl2N3O/c30-26-11-7-20(17-27(26)31)8-12-29(35)33-23-9-5-21(6-10-23)19-34-15-13-22(14-16-34)25-18-32-28-4-2-1-3-24(25)28/h1-4,7-8,11-12,17-18,21-23,32H,5-6,9-10,13-16,19H2,(H,33,35)/b12-8+/t21-,23+"
27,CHEMBL71297,O=C(/C=C/c1ccc(Cl)c(Cl)c1)N[C@H]1CC[C@H](CN2CCC(c3c[nH]c4ccccc34)CC2)CC1,"InChI=1S/C29H33Cl2N3O/c30-26-11-7-20(17-27(26)31)8-12-29(35)33-23-9-5-21(6-10-23)19-34-15-13-22(14-16-34)25-18-32-28-4-2-1-3-24(25)28/h1-4,7-8,11-12,17-18,21-23,32H,5-6,9-10,13-16,19H2,(H,33,35)/b12-8+/t21-,23-"
28,CHEMBL4159594,CC(=O)N(c1ccc(-c2cnn(C)c2)cc1)[C@H]1CC[C@H](Nc2ccc(C#N)cn2)CC1,"InChI=1S/C24H26N6O/c1-17(31)30(22-8-4-19(5-9-22)20-15-27-29(2)16-20)23-10-6-21(7-11-23)28-24-12-3-18(13-25)14-26-24/h3-5,8-9,12,14-16,21,23H,6-7,10-11H2,1-2H3,(H,26,28)/t21-,23-"
28,CHEMBL4167509,CC(=O)N(c1ccc(-c2cnn(C)c2)cc1)[C@H]1CC[C@@H](Nc2ccc(C#N)cn2)CC1,"InChI=1S/C24H26N6O/c1-17(31)30(22-8-4-19(5-9-22)20-15-27-29(2)16-20)23-10-6-21(7-11-23)28-24-12-3-18(13-25)14-26-24/h3-5,8-9,12,14-16,21,23H,6-7,10-11H2,1-2H3,(H,26,28)/t21-,23+"
29,CHEMBL220908,O=C(Nc1ccc(I)cc1)N[C@H]1CC[C@@H](Oc2ccc(F)cc2)CC1,"InChI=1S/C19H20FIN2O2/c20-13-1-9-17(10-2-13)25-18-11-7-16(8-12-18)23-19(24)22-15-5-3-14(21)4-6-15/h1-6,9-10,16,18H,7-8,11-12H2,(H2,22,23,24)/t16-,18+"
29,CHEMBL3099987,O=C(Nc1ccc(I)cc1)N[C@H]1CC[C@H](Oc2ccc(F)cc2)CC1,"InChI=1S/C19H20FIN2O2/c20-13-1-9-17(10-2-13)25-18-11-7-16(8-12-18)23-19(24)22-15-5-3-14(21)4-6-15/h1-6,9-10,16,18H,7-8,11-12H2,(H2,22,23,24)/t16-,18-"
30,CHEMBL3892441,CS(=O)(=O)N[C@H]1C[C@@H](N2CCc3c(-c4cnc(N)nc4)nc(N4CCOCC4)nc32)C1,"InChI=1S/C19H26N8O3S/c1-31(28,29)25-13-8-14(9-13)27-3-2-15-16(12-10-21-18(20)22-11-12)23-19(24-17(15)27)26-4-6-30-7-5-26/h10-11,13-14,25H,2-9H2,1H3,(H2,20,21,22)/t13-,14+"
30,CHEMBL3956807,CS(=O)(=O)N[C@H]1C[C@H](N2CCc3c(-c4cnc(N)nc4)nc(N4CCOCC4)nc32)C1,"InChI=1S/C19H26N8O3S/c1-31(28,29)25-13-8-14(9-13)27-3-2-15-16(12-10-21-18(20)22-11-12)23-19(24-17(15)27)26-4-6-30-7-5-26/h10-11,13-14,25H,2-9H2,1H3,(H2,20,21,22)/t13-,14-"
31,CHEMBL3644732,Cc1nc2cnc3ccc(C#CCNC(=O)c4cccn([C@@H](C)c5ccc(F)c(F)c5)c4=O)cc3c2n1[C@H]1CC[C@@H](N(C)C)CC1,"InChI=1S/C36H36F2N6O2/c1-22(25-10-15-30(37)31(38)20-25)43-18-6-8-28(36(43)46)35(45)39-17-5-7-24-9-16-32-29(19-24)34-33(21-40-32)41-23(2)44(34)27-13-11-26(12-14-27)42(3)4/h6,8-10,15-16,18-22,26-27H,11-14,17H2,1-4H3,(H,39,45)/t22-,26-,27+/m0/s1"
31,CHEMBL3644750,Cc1nc2cnc3ccc(C#CCNC(=O)c4cccn([C@@H](C)c5ccc(F)c(F)c5)c4=O)cc3c2n1[C@H]1CC[C@H](N(C)C)CC1,"InChI=1S/C36H36F2N6O2/c1-22(25-10-15-30(37)31(38)20-25)43-18-6-8-28(36(43)46)35(45)39-17-5-7-24-9-16-32-29(19-24)34-33(21-40-32)41-23(2)44(34)27-13-11-26(12-14-27)42(3)4/h6,8-10,15-16,18-22,26-27H,11-14,17H2,1-4H3,(H,39,45)/t22-,26-,27-/m0/s1"
32,CHEMBL233814,COc1ccc(F)cc1S(=O)(=O)N[C@H]1CC[C@@H](N2CCN(c3ccccc3OC(C)C)CC2)CC1,"InChI=1S/C26H36FN3O4S/c1-19(2)34-24-7-5-4-6-23(24)30-16-14-29(15-17-30)22-11-9-21(10-12-22)28-35(31,32)26-18-20(27)8-13-25(26)33-3/h4-8,13,18-19,21-22,28H,9-12,14-17H2,1-3H3/t21-,22+"
32,CHEMBL392066,COc1ccc(F)cc1S(=O)(=O)N[C@H]1CC[C@H](N2CCN(c3ccccc3OC(C)C)CC2)CC1,"InChI=1S/C26H36FN3O4S/c1-19(2)34-24-7-5-4-6-23(24)30-16-14-29(15-17-30)22-11-9-21(10-12-22)28-35(31,32)26-18-20(27)8-13-25(26)33-3/h4-8,13,18-19,21-22,28H,9-12,14-17H2,1-3H3/t21-,22-"
33,CHEMBL1782530,N[C@H]1CC[C@@H](Nc2cc(Br)cc3cc(C(=O)O)oc23)CC1,"InChI=1S/C15H17BrN2O3/c16-9-5-8-6-13(15(19)20)21-14(8)12(7-9)18-11-3-1-10(17)2-4-11/h5-7,10-11,18H,1-4,17H2,(H,19,20)/t10-,11+"
33,CHEMBL1782531,N[C@H]1CC[C@H](Nc2cc(Br)cc3cc(C(=O)O)oc23)CC1,"InChI=1S/C15H17BrN2O3/c16-9-5-8-6-13(15(19)20)21-14(8)12(7-9)18-11-3-1-10(17)2-4-11/h5-7,10-11,18H,1-4,17H2,(H,19,20)/t10-,11-"
34,CHEMBL3924026,Cc1nc(C(=O)N2Cc3cc4c(cc3C[C@H]2C(=O)N[C@@H](Cc2ccc(-c3ccnc(C)c3C)cc2)C(=O)O)OC[C@H](c2ccc(O[C@H]3CC[C@H](C(C)(C)C)CC3)cc2)O4)c(C)o1,"InChI=1S/C50H56N4O8/c1-28-29(2)51-21-20-40(28)33-10-8-32(9-11-33)22-41(49(57)58)53-47(55)42-23-35-24-43-44(25-36(35)26-54(42)48(56)46-30(3)60-31(4)52-46)62-45(27-59-43)34-12-16-38(17-13-34)61-39-18-14-37(15-19-39)50(5,6)7/h8-13,16-17,20-21,24-25,37,39,41-42,45H,14-15,18-19,22-23,26-27H2,1-7H3,(H,53,55)(H,57,58)/t37-,39-,41-,42-,45+/m0/s1"
34,CHEMBL3960169,Cc1nc(C(=O)N2Cc3cc4c(cc3C[C@H]2C(=O)N[C@@H](Cc2ccc(-c3ccnc(C)c3C)cc2)C(=O)O)OC[C@H](c2ccc(O[C@H]3CC[C@@H](C(C)(C)C)CC3)cc2)O4)c(C)o1,"InChI=1S/C50H56N4O8/c1-28-29(2)51-21-20-40(28)33-10-8-32(9-11-33)22-41(49(57)58)53-47(55)42-23-35-24-43-44(25-36(35)26-54(42)48(56)46-30(3)60-31(4)52-46)62-45(27-59-43)34-12-16-38(17-13-34)61-39-18-14-37(15-19-39)50(5,6)7/h8-13,16-17,20-21,24-25,37,39,41-42,45H,14-15,18-19,22-23,26-27H2,1-7H3,(H,53,55)(H,57,58)/t37-,39+,41-,42-,45+/m0/s1"
35,CHEMBL236621,COc1ccc(S(=O)(=O)N[C@H]2CC[C@H](N3CCN(c4ccccc4OC(C)C)CC3)CC2)cc1OC,"InChI=1S/C27H39N3O5S/c1-20(2)35-25-8-6-5-7-24(25)30-17-15-29(16-18-30)22-11-9-21(10-12-22)28-36(31,32)23-13-14-26(33-3)27(19-23)34-4/h5-8,13-14,19-22,28H,9-12,15-18H2,1-4H3/t21-,22-"
35,CHEMBL391530,COc1ccc(S(=O)(=O)N[C@H]2CC[C@@H](N3CCN(c4ccccc4OC(C)C)CC3)CC2)cc1OC,"InChI=1S/C27H39N3O5S/c1-20(2)35-25-8-6-5-7-24(25)30-17-15-29(16-18-30)22-11-9-21(10-12-22)28-36(31,32)23-13-14-26(33-3)27(19-23)34-4/h5-8,13-14,19-22,28H,9-12,15-18H2,1-4H3/t21-,22+"
36,CHEMBL3917273,CN1Cc2c(C3=CCN([C@H]4CC[C@@H](CC(=O)O)CC4)CC3)[nH]c3nccc(c23)-c2cc(F)c(F)cc21,"InChI=1S/C28H30F2N4O2/c1-33-15-21-26-19(20-13-22(29)23(30)14-24(20)33)6-9-31-28(26)32-27(21)17-7-10-34(11-8-17)18-4-2-16(3-5-18)12-25(35)36/h6-7,9,13-14,16,18H,2-5,8,10-12,15H2,1H3,(H,31,32)(H,35,36)/t16-,18+"
36,CHEMBL3975804,CN1Cc2c(C3=CCN([C@H]4CC[C@H](CC(=O)O)CC4)CC3)[nH]c3nccc(c23)-c2cc(F)c(F)cc21,"InChI=1S/C28H30F2N4O2/c1-33-15-21-26-19(20-13-22(29)23(30)14-24(20)33)6-9-31-28(26)32-27(21)17-7-10-34(11-8-17)18-4-2-16(3-5-18)12-25(35)36/h6-7,9,13-14,16,18H,2-5,8,10-12,15H2,1H3,(H,31,32)(H,35,36)/t16-,18-"
37,CHEMBL1161905,CC1=C[C@@H]2Cc3nc4cc(Cl)ccc4c(N)c3[C@H](C1)C2,"InChI=1S/C17H17ClN2/c1-9-4-10-6-11(5-9)16-15(7-10)20-14-8-12(18)2-3-13(14)17(16)19/h2-4,8,10-11H,5-7H2,1H3,(H2,19,20)/t10-,11?/m0/s1"
37,CHEMBL2007996,CC1=C[C@@H]2Cc3nc4cc(Cl)ccc4c(N)c3[C@H](C1)C2,"InChI=1S/C17H17ClN2/c1-9-4-10-6-11(5-9)16-15(7-10)20-14-8-12(18)2-3-13(14)17(16)19/h2-4,8,10-11H,5-7H2,1H3,(H2,19,20)/t10-,11+/m0/s1"
38,CHEMBL1091831,O=S(=O)(N[C@H]1CC[C@@H](NS(=O)(=O)c2c(F)cccc2F)CC1)c1ccc2c(c1)OCCO2,"InChI=1S/C20H22F2N2O6S2/c21-16-2-1-3-17(22)20(16)32(27,28)24-14-6-4-13(5-7-14)23-31(25,26)15-8-9-18-19(12-15)30-11-10-29-18/h1-3,8-9,12-14,23-24H,4-7,10-11H2/t13-,14+"
38,CHEMBL1093093,O=S(=O)(N[C@H]1CC[C@H](NS(=O)(=O)c2c(F)cccc2F)CC1)c1ccc2c(c1)OCCO2,"InChI=1S/C20H22F2N2O6S2/c21-16-2-1-3-17(22)20(16)32(27,28)24-14-6-4-13(5-7-14)23-31(25,26)15-8-9-18-19(12-15)30-11-10-29-18/h1-3,8-9,12-14,23-24H,4-7,10-11H2/t13-,14-"
39,CHEMBL3915218,O=C(N[C@H]1C[C@H](O)C1)c1cc(NC(=O)c2cc(-c3ccccn3)c(Cl)cc2Cl)n(-c2ccccc2)n1,"InChI=1S/C26H21Cl2N5O3/c27-20-13-21(28)19(12-18(20)22-8-4-5-9-29-22)25(35)31-24-14-23(26(36)30-15-10-17(34)11-15)32-33(24)16-6-2-1-3-7-16/h1-9,12-15,17,34H,10-11H2,(H,30,36)(H,31,35)/t15-,17-"
39,CHEMBL3943048,O=C(N[C@H]1C[C@@H](O)C1)c1cc(NC(=O)c2cc(-c3ccccn3)c(Cl)cc2Cl)n(-c2ccccc2)n1,"InChI=1S/C26H21Cl2N5O3/c27-20-13-21(28)19(12-18(20)22-8-4-5-9-29-22)25(35)31-24-14-23(26(36)30-15-10-17(34)11-15)32-33(24)16-6-2-1-3-7-16/h1-9,12-15,17,34H,10-11H2,(H,30,36)(H,31,35)/t15-,17+"
40,CHEMBL3698220,C[C@@H](c1ccc(Cl)cc1)N1CC[C@]2(CC[C@@H](O)CC2)NC1=O,"InChI=1S/C17H23ClN2O2/c1-12(13-2-4-14(18)5-3-13)20-11-10-17(19-16(20)22)8-6-15(21)7-9-17/h2-5,12,15,21H,6-11H2,1H3,(H,19,22)/t12-,15-,17-/m0/s1"
40,CHEMBL3698257,C[C@@H](c1ccc(Cl)cc1)N1CC[C@]2(CC[C@H](O)CC2)NC1=O,"InChI=1S/C17H23ClN2O2/c1-12(13-2-4-14(18)5-3-13)20-11-10-17(19-16(20)22)8-6-15(21)7-9-17/h2-5,12,15,21H,6-11H2,1H3,(H,19,22)/t12-,15-,17+/m0/s1"
41,CHEMBL4277576,COc1cc(/C=C/C(=O)O[C@H]2CC[C@@H](N(C)CCCCCOC(=O)c3cc(OC)c(OC)c(OC)c3)CC2)cc(OC)c1OC,"InChI=1S/C34H47NO10/c1-35(17-9-8-10-18-44-34(37)24-21-29(40-4)33(43-7)30(22-24)41-5)25-12-14-26(15-13-25)45-31(36)16-11-23-19-27(38-2)32(42-6)28(20-23)39-3/h11,16,19-22,25-26H,8-10,12-15,17-18H2,1-7H3/b16-11+/t25-,26+"
41,CHEMBL4285518,COc1cc(/C=C/C(=O)O[C@H]2CC[C@H](N(C)CCCCCOC(=O)c3cc(OC)c(OC)c(OC)c3)CC2)cc(OC)c1OC,"InChI=1S/C34H47NO10/c1-35(17-9-8-10-18-44-34(37)24-21-29(40-4)33(43-7)30(22-24)41-5)25-12-14-26(15-13-25)45-31(36)16-11-23-19-27(38-2)32(42-6)28(20-23)39-3/h11,16,19-22,25-26H,8-10,12-15,17-18H2,1-7H3/b16-11+/t25-,26-"
42,CHEMBL3325957,CN(C)[C@]1(c2ccccc2)CC[C@]2(CC1)OCCc1c3cc(F)ccc3[nH]c12.O=C(O)CC(O)(CC(=O)O)C(=O)O,"InChI=1S/C24H27FN2O.C6H8O7/c1-27(2)23(17-6-4-3-5-7-17)11-13-24(14-12-23)22-19(10-15-28-24)20-16-18(25)8-9-21(20)26-22;7-3(8)1-6(13,5(11)12)2-4(9)10/h3-9,16,26H,10-15H2,1-2H3;13H,1-2H2,(H,7,8)(H,9,10)(H,11,12)/t23-,24-;"
42,CHEMBL3325958,CN(C)[C@]1(c2ccccc2)CC[C@@]2(CC1)OCCc1c3cc(F)ccc3[nH]c12.O=C(O)CC(O)(CC(=O)O)C(=O)O,"InChI=1S/C24H27FN2O.C6H8O7/c1-27(2)23(17-6-4-3-5-7-17)11-13-24(14-12-23)22-19(10-15-28-24)20-16-18(25)8-9-21(20)26-22;7-3(8)1-6(13,5(11)12)2-4(9)10/h3-9,16,26H,10-15H2,1-2H3;13H,1-2H2,(H,7,8)(H,9,10)(H,11,12)/t23-,24+;"
43,CHEMBL314082,OC[C@]1(Cc2ccccc2)C[C@H](O)C[C@](CO)(Cc2ccccc2)[C@H]1O,"InChI=1S/C22H28O4/c23-15-21(11-17-7-3-1-4-8-17)13-19(25)14-22(16-24,20(21)26)12-18-9-5-2-6-10-18/h1-10,19-20,23-26H,11-16H2/t19-,20-,21-,22-/m0/s1"
43,CHEMBL329618,OC[C@]1(Cc2ccccc2)C[C@H](O)C[C@](CO)(Cc2ccccc2)[C@@H]1O,"InChI=1S/C22H28O4/c23-15-21(11-17-7-3-1-4-8-17)13-19(25)14-22(16-24,20(21)26)12-18-9-5-2-6-10-18/h1-10,19-20,23-26H,11-16H2/t19-,20+,21-,22-/m0/s1"
44,CHEMBL2036628,CNc1ncc2c(-c3ccccc3)nn(C[C@H]3CC[C@H](N)CC3)c2n1,"InChI=1S/C19H24N6/c1-21-19-22-11-16-17(14-5-3-2-4-6-14)24-25(18(16)23-19)12-13-7-9-15(20)10-8-13/h2-6,11,13,15H,7-10,12,20H2,1H3,(H,21,22,23)/t13-,15-"
44,CHEMBL2036629,CNc1ncc2c(-c3ccccc3)nn(C[C@H]3CC[C@@H](N)CC3)c2n1,"InChI=1S/C19H24N6/c1-21-19-22-11-16-17(14-5-3-2-4-6-14)24-25(18(16)23-19)12-13-7-9-15(20)10-8-13/h2-6,11,13,15H,7-10,12,20H2,1H3,(H,21,22,23)/t13-,15+"
45,CHEMBL173608,CCn1cnc2c(Nc3cccc(C(F)(F)F)c3)nc(N[C@H]3CC[C@H](N)CC3)nc21,"InChI=1S/C20H24F3N7/c1-2-30-11-25-16-17(26-15-5-3-4-12(10-15)20(21,22)23)28-19(29-18(16)30)27-14-8-6-13(24)7-9-14/h3-5,10-11,13-14H,2,6-9,24H2,1H3,(H2,26,27,28,29)/t13-,14-"
45,CHEMBL174162,CCn1cnc2c(Nc3cccc(C(F)(F)F)c3)nc(N[C@H]3CC[C@@H](N)CC3)nc21,"InChI=1S/C20H24F3N7/c1-2-30-11-25-16-17(26-15-5-3-4-12(10-15)20(21,22)23)28-19(29-18(16)30)27-14-8-6-13(24)7-9-14/h3-5,10-11,13-14H,2,6-9,24H2,1H3,(H2,26,27,28,29)/t13-,14+"
46,CHEMBL3668553,COc1ccc(F)cc1-c1ccnc2[nH]c(C3=CCN([C@H]4CC[C@@H](CC(=O)O)CC4)CC3)cc12,"InChI=1S/C27H30FN3O3/c1-34-25-7-4-19(28)15-22(25)21-8-11-29-27-23(21)16-24(30-27)18-9-12-31(13-10-18)20-5-2-17(3-6-20)14-26(32)33/h4,7-9,11,15-17,20H,2-3,5-6,10,12-14H2,1H3,(H,29,30)(H,32,33)/t17-,20+"
46,CHEMBL3668554,COc1ccc(F)cc1-c1ccnc2[nH]c(C3=CCN([C@H]4CC[C@H](CC(=O)O)CC4)CC3)cc12,"InChI=1S/C27H30FN3O3/c1-34-25-7-4-19(28)15-22(25)21-8-11-29-27-23(21)16-24(30-27)18-9-12-31(13-10-18)20-5-2-17(3-6-20)14-26(32)33/h4,7-9,11,15-17,20H,2-3,5-6,10,12-14H2,1H3,(H,29,30)(H,32,33)/t17-,20-"
47,CHEMBL2396674,CC(C)(C)C[C@@H]1N[C@@H](C(=O)N[C@H]2C[C@@](C)(O)C2)[C@H](c2cccc(Cl)c2F)[C@]12C(=O)Nc1cc(Cl)ccc12,"InChI=1S/C28H32Cl2FN3O3/c1-26(2,3)13-20-28(17-9-8-14(29)10-19(17)33-25(28)36)21(16-6-5-7-18(30)22(16)31)23(34-20)24(35)32-15-11-27(4,37)12-15/h5-10,15,20-21,23,34,37H,11-13H2,1-4H3,(H,32,35)(H,33,36)/t15-,20-,21-,23+,27+,28+/m0/s1"
47,CHEMBL2398478,CC(C)(C)C[C@@H]1N[C@@H](C(=O)N[C@H]2C[C@](C)(O)C2)[C@H](c2cccc(Cl)c2F)[C@]12C(=O)Nc1cc(Cl)ccc12,"InChI=1S/C28H32Cl2FN3O3/c1-26(2,3)13-20-28(17-9-8-14(29)10-19(17)33-25(28)36)21(16-6-5-7-18(30)22(16)31)23(34-20)24(35)32-15-11-27(4,37)12-15/h5-10,15,20-21,23,34,37H,11-13H2,1-4H3,(H,32,35)(H,33,36)/t15-,20-,21-,23+,27-,28+/m0/s1"
48,CHEMBL3648636,CCCc1c(Cc2ccc(-c3ccccc3-c3nc(=O)o[nH]3)cc2F)c(=O)n([C@H]2C[C@H](OCC(C)(C)O)C2)c2nc(C)nn12,"InChI=1S/C32H35FN6O5/c1-5-8-27-25(29(40)38(30-34-18(2)36-39(27)30)21-15-22(16-21)43-17-32(3,4)42)13-20-12-11-19(14-26(20)33)23-9-6-7-10-24(23)28-35-31(41)44-37-28/h6-7,9-12,14,21-22,42H,5,8,13,15-17H2,1-4H3,(H,35,37,41)/t21-,22-"
48,CHEMBL3648637,CCCc1c(Cc2ccc(-c3ccccc3-c3nc(=O)o[nH]3)cc2F)c(=O)n([C@H]2C[C@@H](OCC(C)(C)O)C2)c2nc(C)nn12,"InChI=1S/C32H35FN6O5/c1-5-8-27-25(29(40)38(30-34-18(2)36-39(27)30)21-15-22(16-21)43-17-32(3,4)42)13-20-12-11-19(14-26(20)33)23-9-6-7-10-24(23)28-35-31(41)44-37-28/h6-7,9-12,14,21-22,42H,5,8,13,15-17H2,1-4H3,(H,35,37,41)/t21-,22+"
49,CHEMBL3889920,N#CCNC(=O)C[C@H]1CC[C@H](c2nnn3cnc4[nH]ccc4c23)CC1,"InChI=1S/C17H19N7O/c18-6-8-19-14(25)9-11-1-3-12(4-2-11)15-16-13-5-7-20-17(13)21-10-24(16)23-22-15/h5,7,10-12,20H,1-4,8-9H2,(H,19,25)/t11-,12-"
49,CHEMBL3912503,N#CCNC(=O)C[C@H]1CC[C@@H](c2nnn3cnc4[nH]ccc4c23)CC1,"InChI=1S/C17H19N7O/c18-6-8-19-14(25)9-11-1-3-12(4-2-11)15-16-13-5-7-20-17(13)21-10-24(16)23-22-15/h5,7,10-12,20H,1-4,8-9H2,(H,19,25)/t11-,12+"
50,CHEMBL3931334,C[C@H]1COCCN1c1nc(-c2cnc(N)nc2)c2c(n1)N([C@H]1C[C@H](N)C1)CC2,"InChI=1S/C19H26N8O/c1-11-10-28-5-4-26(11)19-24-16(12-8-22-18(21)23-9-12)15-2-3-27(17(15)25-19)14-6-13(20)7-14/h8-9,11,13-14H,2-7,10,20H2,1H3,(H2,21,22,23)/t11-,13-,14-/m0/s1"
50,CHEMBL3958843,C[C@H]1COCCN1c1nc(-c2cnc(N)nc2)c2c(n1)N([C@H]1C[C@@H](N)C1)CC2,"InChI=1S/C19H26N8O/c1-11-10-28-5-4-26(11)19-24-16(12-8-22-18(21)23-9-12)15-2-3-27(17(15)25-19)14-6-13(20)7-14/h8-9,11,13-14H,2-7,10,20H2,1H3,(H2,21,22,23)/t11-,13-,14+/m0/s1"
51,CHEMBL3945800,CC(C)Nc1cc(-n2ccc3cc(C#N)cnc32)ncc1C(=O)N[C@H]1CC[C@@](F)(c2nccn2C)CC1,"InChI=1S/C27H29FN8O/c1-17(2)33-22-13-23(36-10-6-19-12-18(14-29)15-32-24(19)36)31-16-21(22)25(37)34-20-4-7-27(28,8-5-20)26-30-9-11-35(26)3/h6,9-13,15-17,20H,4-5,7-8H2,1-3H3,(H,31,33)(H,34,37)/t20-,27-"
51,CHEMBL3982704,CC(C)Nc1cc(-n2ccc3cc(C#N)cnc32)ncc1C(=O)N[C@H]1CC[C@](F)(c2nccn2C)CC1,"InChI=1S/C27H29FN8O/c1-17(2)33-22-13-23(36-10-6-19-12-18(14-29)15-32-24(19)36)31-16-21(22)25(37)34-20-4-7-27(28,8-5-20)26-30-9-11-35(26)3/h6,9-13,15-17,20H,4-5,7-8H2,1-3H3,(H,31,33)(H,34,37)/t20-,27+"
52,CHEMBL1824248,CCCCN[C@H]1CC[C@@H](c2ccc(OCCCN3CCCCC3)cc2)CC1,"InChI=1S/C24H40N2O/c1-2-3-16-25-23-12-8-21(9-13-23)22-10-14-24(15-11-22)27-20-7-19-26-17-5-4-6-18-26/h10-11,14-15,21,23,25H,2-9,12-13,16-20H2,1H3/t21-,23+"
52,CHEMBL1824249,CCCCN[C@H]1CC[C@H](c2ccc(OCCCN3CCCCC3)cc2)CC1,"InChI=1S/C24H40N2O/c1-2-3-16-25-23-12-8-21(9-13-23)22-10-14-24(15-11-22)27-20-7-19-26-17-5-4-6-18-26/h10-11,14-15,21,23,25H,2-9,12-13,16-20H2,1H3/t21-,23-"
53,CHEMBL3911096,FC(F)(F)C(F)(F)CN[C@H]1CC[C@H](c2nnn3cnc4[nH]ccc4c23)CC1,"InChI=1S/C16H17F5N6/c17-15(18,16(19,20)21)7-23-10-3-1-9(2-4-10)12-13-11-5-6-22-14(11)24-8-27(13)26-25-12/h5-6,8-10,22-23H,1-4,7H2/t9-,10-"
53,CHEMBL3981121,FC(F)(F)C(F)(F)CN[C@H]1CC[C@@H](c2nnn3cnc4[nH]ccc4c23)CC1,"InChI=1S/C16H17F5N6/c17-15(18,16(19,20)21)7-23-10-3-1-9(2-4-10)12-13-11-5-6-22-14(11)24-8-27(13)26-25-12/h5-6,8-10,22-23H,1-4,7H2/t9-,10+"
54,CHEMBL3962663,Cc1c(C(=O)Nc2cccc(C(F)(F)F)c2)cc(C(C)(C)C)n1[C@H]1CC[C@H](N)CC1,"InChI=1S/C23H30F3N3O/c1-14-19(21(30)28-17-7-5-6-15(12-17)23(24,25)26)13-20(22(2,3)4)29(14)18-10-8-16(27)9-11-18/h5-7,12-13,16,18H,8-11,27H2,1-4H3,(H,28,30)/t16-,18-"
54,CHEMBL3964699,Cc1c(C(=O)Nc2cccc(C(F)(F)F)c2)cc(C(C)(C)C)n1[C@H]1CC[C@@H](N)CC1,"InChI=1S/C23H30F3N3O/c1-14-19(21(30)28-17-7-5-6-15(12-17)23(24,25)26)13-20(22(2,3)4)29(14)18-10-8-16(27)9-11-18/h5-7,12-13,16,18H,8-11,27H2,1-4H3,(H,28,30)/t16-,18+"
55,CHEMBL3655081,CCCS(=O)(=O)N[C@H]1C[C@@H](N(C)c2ncnc3[nH]ccc23)C1,"InChI=1S/C14H21N5O2S/c1-3-6-22(20,21)18-10-7-11(8-10)19(2)14-12-4-5-15-13(12)16-9-17-14/h4-5,9-11,18H,3,6-8H2,1-2H3,(H,15,16,17)/t10-,11+"
55,CHEMBL4101725,CCCS(=O)(=O)N[C@H]1C[C@H](N(C)c2ncnc3[nH]ccc23)C1,"InChI=1S/C14H21N5O2S/c1-3-6-22(20,21)18-10-7-11(8-10)19(2)14-12-4-5-15-13(12)16-9-17-14/h4-5,9-11,18H,3,6-8H2,1-2H3,(H,15,16,17)/t10-,11-"
56,CHEMBL3889694,CN(C)C/C=C/C(=O)N[C@H]1CC[C@@H](n2nc(-c3ccc(Oc4ccccc4)cc3)c3c(N)ncnc32)CC1,"InChI=1S/C29H33N7O2/c1-35(2)18-6-9-25(37)33-21-12-14-22(15-13-21)36-29-26(28(30)31-19-32-29)27(34-36)20-10-16-24(17-11-20)38-23-7-4-3-5-8-23/h3-11,16-17,19,21-22H,12-15,18H2,1-2H3,(H,33,37)(H2,30,31,32)/b9-6+/t21-,22+"
56,CHEMBL3893004,CN(C)C/C=C/C(=O)N[C@H]1CC[C@H](n2nc(-c3ccc(Oc4ccccc4)cc3)c3c(N)ncnc32)CC1,"InChI=1S/C29H33N7O2/c1-35(2)18-6-9-25(37)33-21-12-14-22(15-13-21)36-29-26(28(30)31-19-32-29)27(34-36)20-10-16-24(17-11-20)38-23-7-4-3-5-8-23/h3-11,16-17,19,21-22H,12-15,18H2,1-2H3,(H,33,37)(H2,30,31,32)/b9-6+/t21-,22-"
57,CHEMBL3133011,O=C(Nc1ccc(O[C@H]2CC[C@@H](C(=O)O)CC2)cc1)c1nnc(Nc2cc(F)c(F)cc2F)o1,"InChI=1S/C22H19F3N4O5/c23-15-9-17(25)18(10-16(15)24)27-22-29-28-20(34-22)19(30)26-12-3-7-14(8-4-12)33-13-5-1-11(2-6-13)21(31)32/h3-4,7-11,13H,1-2,5-6H2,(H,26,30)(H,27,29)(H,31,32)/t11-,13+"
57,CHEMBL3133012,O=C(Nc1ccc(O[C@H]2CC[C@H](C(=O)O)CC2)cc1)c1nnc(Nc2cc(F)c(F)cc2F)o1,"InChI=1S/C22H19F3N4O5/c23-15-9-17(25)18(10-16(15)24)27-22-29-28-20(34-22)19(30)26-12-3-7-14(8-4-12)33-13-5-1-11(2-6-13)21(31)32/h3-4,7-11,13H,1-2,5-6H2,(H,26,30)(H,27,29)(H,31,32)/t11-,13-"
58,CHEMBL4173254,Cn1cc(-c2ccc(N(C(=O)NCc3ccccc3)[C@H]3CC[C@H](Nc4ccc(C#N)cn4)CC3)cc2)cn1,"InChI=1S/C30H31N7O/c1-36-21-25(20-34-36)24-8-12-27(13-9-24)37(30(38)33-18-22-5-3-2-4-6-22)28-14-10-26(11-15-28)35-29-16-7-23(17-31)19-32-29/h2-9,12-13,16,19-21,26,28H,10-11,14-15,18H2,1H3,(H,32,35)(H,33,38)/t26-,28-"
58,CHEMBL4175774,Cn1cc(-c2ccc(N(C(=O)NCc3ccccc3)[C@H]3CC[C@@H](Nc4ccc(C#N)cn4)CC3)cc2)cn1,"InChI=1S/C30H31N7O/c1-36-21-25(20-34-36)24-8-12-27(13-9-24)37(30(38)33-18-22-5-3-2-4-6-22)28-14-10-26(11-15-28)35-29-16-7-23(17-31)19-32-29/h2-9,12-13,16,19-21,26,28H,10-11,14-15,18H2,1H3,(H,32,35)(H,33,38)/t26-,28+"
59,CHEMBL1951769,O=C(CNC(=O)c1cccc(C(F)(F)F)c1)N[C@@H]1CCN([C@H]2CC[C@@](O)(c3cccnc3)CC2)C1,"InChI=1S/C25H29F3N4O3/c26-25(27,28)18-4-1-3-17(13-18)23(34)30-15-22(33)31-20-8-12-32(16-20)21-6-9-24(35,10-7-21)19-5-2-11-29-14-19/h1-5,11,13-14,20-21,35H,6-10,12,15-16H2,(H,30,34)(H,31,33)/t20-,21-,24-/m1/s1"
59,CHEMBL1951781,O=C(CNC(=O)c1cccc(C(F)(F)F)c1)N[C@@H]1CCN([C@H]2CC[C@](O)(c3cccnc3)CC2)C1,"InChI=1S/C25H29F3N4O3/c26-25(27,28)18-4-1-3-17(13-18)23(34)30-15-22(33)31-20-8-12-32(16-20)21-6-9-24(35,10-7-21)19-5-2-11-29-14-19/h1-5,11,13-14,20-21,35H,6-10,12,15-16H2,(H,30,34)(H,31,33)/t20-,21-,24+/m1/s1"
60,CHEMBL3643419,COc1ncc(N2CCc3ncnc(N[C@H]4CCN(C(=O)[C@H]5CC[C@@H](OC)CC5)C4)c3C2)cc1C(F)(F)F,"InChI=1S/C26H33F3N6O3/c1-37-19-5-3-16(4-6-19)25(36)35-9-7-17(13-35)33-23-20-14-34(10-8-22(20)31-15-32-23)18-11-21(26(27,28)29)24(38-2)30-12-18/h11-12,15-17,19H,3-10,13-14H2,1-2H3,(H,31,32,33)/t16-,17-,19+/m0/s1"
60,CHEMBL3643420,COc1ncc(N2CCc3ncnc(N[C@H]4CCN(C(=O)[C@H]5CC[C@H](OC)CC5)C4)c3C2)cc1C(F)(F)F,"InChI=1S/C26H33F3N6O3/c1-37-19-5-3-16(4-6-19)25(36)35-9-7-17(13-35)33-23-20-14-34(10-8-22(20)31-15-32-23)18-11-21(26(27,28)29)24(38-2)30-12-18/h11-12,15-17,19H,3-10,13-14H2,1-2H3,(H,31,32,33)/t16-,17-,19-/m0/s1"
61,CHEMBL2270197,CCN(CC)C(=O)[C@]1(C#N)SC[C@@H](CN(C)C)CS1.O=C(O)C(=O)O,"InChI=1S/C13H23N3OS2.C2H2O4/c1-5-16(6-2)12(17)13(10-14)18-8-11(9-19-13)7-15(3)4;3-1(4)2(5)6/h11H,5-9H2,1-4H3;(H,3,4)(H,5,6)/t11-,13-;"
61,CHEMBL2270199,CCN(CC)C(=O)[C@]1(C#N)SC[C@H](CN(C)C)CS1.O=C(O)C(=O)O,"InChI=1S/C13H23N3OS2.C2H2O4/c1-5-16(6-2)12(17)13(10-14)18-8-11(9-19-13)7-15(3)4;3-1(4)2(5)6/h11H,5-9H2,1-4H3;(H,3,4)(H,5,6)/t11-,13+;"
62,CHEMBL3698190,C[C@@H](c1ccc(Br)cc1)N1CC[C@]2(CC[C@H](O)CC2)CC1=O,"InChI=1S/C18H24BrNO2/c1-13(14-2-4-15(19)5-3-14)20-11-10-18(12-17(20)22)8-6-16(21)7-9-18/h2-5,13,16,21H,6-12H2,1H3/t13-,16-,18+/m0/s1"
62,CHEMBL3698242,C[C@@H](c1ccc(Br)cc1)N1CC[C@]2(CC[C@@H](O)CC2)CC1=O,"InChI=1S/C18H24BrNO2/c1-13(14-2-4-15(19)5-3-14)20-11-10-18(12-17(20)22)8-6-16(21)7-9-18/h2-5,13,16,21H,6-12H2,1H3/t13-,16-,18-/m0/s1"
63,CHEMBL228279,COc1ccc(Cl)cc1S(=O)(=O)N[C@H]1CC[C@H](N2CCC(c3ccccc3OC3CC3)CC2)CC1,"InChI=1S/C27H35ClN2O4S/c1-33-26-13-6-20(28)18-27(26)35(31,32)29-21-7-9-22(10-8-21)30-16-14-19(15-17-30)24-4-2-3-5-25(24)34-23-11-12-23/h2-6,13,18-19,21-23,29H,7-12,14-17H2,1H3/t21-,22-"
63,CHEMBL388897,COc1ccc(Cl)cc1S(=O)(=O)N[C@H]1CC[C@@H](N2CCC(c3ccccc3OC3CC3)CC2)CC1,"InChI=1S/C27H35ClN2O4S/c1-33-26-13-6-20(28)18-27(26)35(31,32)29-21-7-9-22(10-8-21)30-16-14-19(15-17-30)24-4-2-3-5-25(24)34-23-11-12-23/h2-6,13,18-19,21-23,29H,7-12,14-17H2,1H3/t21-,22+"
64,CHEMBL2270195,CN(C)C[C@H]1CS[C@](C#N)(c2ccc(Cl)cc2)SC1,"InChI=1S/C14H17ClN2S2/c1-17(2)7-11-8-18-14(10-16,19-9-11)12-3-5-13(15)6-4-12/h3-6,11H,7-9H2,1-2H3/t11-,14-"
64,CHEMBL2270196,CN(C)C[C@H]1CS[C@@](C#N)(c2ccc(Cl)cc2)SC1,"InChI=1S/C14H17ClN2S2/c1-17(2)7-11-8-18-14(10-16,19-9-11)12-3-5-13(15)6-4-12/h3-6,11H,7-9H2,1-2H3/t11-,14+"
65,CHEMBL3110108,COc1ccccc1NC(=O)[C@H]1CC[C@H](NC(=O)CCc2nc3ccccc3c(=O)[nH]2)CC1,"InChI=1S/C25H28N4O4/c1-33-21-9-5-4-8-20(21)28-24(31)16-10-12-17(13-11-16)26-23(30)15-14-22-27-19-7-3-2-6-18(19)25(32)29-22/h2-9,16-17H,10-15H2,1H3,(H,26,30)(H,28,31)(H,27,29,32)/t16-,17-"
65,CHEMBL3110109,COc1ccccc1NC(=O)[C@H]1CC[C@@H](NC(=O)CCc2nc3ccccc3c(=O)[nH]2)CC1,"InChI=1S/C25H28N4O4/c1-33-21-9-5-4-8-20(21)28-24(31)16-10-12-17(13-11-16)26-23(30)15-14-22-27-19-7-3-2-6-18(19)25(32)29-22/h2-9,16-17H,10-15H2,1H3,(H,26,30)(H,28,31)(H,27,29,32)/t16-,17+"
66,CHEMBL4114343,CC(C)(O)[C@H](F)CNC(=O)c1cnc(-n2ncc3cc(C#N)cnc32)cc1N[C@H]1CC[C@](C)(O)CC1,"InChI=1S/C25H30FN7O3/c1-24(2,35)20(26)14-30-23(34)18-13-28-21(9-19(18)32-17-4-6-25(3,36)7-5-17)33-22-16(12-31-33)8-15(10-27)11-29-22/h8-9,11-13,17,20,35-36H,4-7,14H2,1-3H3,(H,28,32)(H,30,34)/t17-,20-,25-/m1/s1"
66,CHEMBL4115045,CC(C)(O)[C@H](F)CNC(=O)c1cnc(-n2ncc3cc(C#N)cnc32)cc1N[C@H]1CC[C@@](C)(O)CC1,"InChI=1S/C25H30FN7O3/c1-24(2,35)20(26)14-30-23(34)18-13-28-21(9-19(18)32-17-4-6-25(3,36)7-5-17)33-22-16(12-31-33)8-15(10-27)11-29-22/h8-9,11-13,17,20,35-36H,4-7,14H2,1-3H3,(H,28,32)(H,30,34)/t17-,20-,25+/m1/s1"
67,CHEMBL3642731,C[C@]1(O)CC[C@H](C(=O)N[C@H]2CC[C@H](CCN3CCN(c4nccc5c4CCO5)CC3)CC2)CC1,"InChI=1S/C27H42N4O3/c1-27(33)11-6-21(7-12-27)26(32)29-22-4-2-20(3-5-22)9-14-30-15-17-31(18-16-30)25-23-10-19-34-24(23)8-13-28-25/h8,13,20-22,33H,2-7,9-12,14-19H2,1H3,(H,29,32)/t20-,21-,22-,27-"
67,CHEMBL3642732,C[C@]1(O)CC[C@@H](C(=O)N[C@H]2CC[C@H](CCN3CCN(c4nccc5c4CCO5)CC3)CC2)CC1,"InChI=1S/C27H42N4O3/c1-27(33)11-6-21(7-12-27)26(32)29-22-4-2-20(3-5-22)9-14-30-15-17-31(18-16-30)25-23-10-19-34-24(23)8-13-28-25/h8,13,20-22,33H,2-7,9-12,14-19H2,1H3,(H,29,32)/t20-,21-,22-,27+"
68,CHEMBL3989948,CC#Cc1cncc(-c2ccc3c(c2)[C@@]2(N=C(C)C(N)=N2)[C@]2(CC[C@H](OC)CC2)C3)c1,"InChI=1S/C26H28N4O/c1-4-5-18-12-21(16-28-15-18)19-6-7-20-14-25(10-8-22(31-3)9-11-25)26(23(20)13-19)29-17(2)24(27)30-26/h6-7,12-13,15-16,22H,8-11,14H2,1-3H3,(H2,27,30)/t22-,25-,26-/m0/s1"
68,CHEMBL4217620,CC#Cc1cncc(-c2ccc3c(c2)[C@@]2(N=C(C)C(N)=N2)[C@]2(CC[C@@H](OC)CC2)C3)c1,"InChI=1S/C26H28N4O/c1-4-5-18-12-21(16-28-15-18)19-6-7-20-14-25(10-8-22(31-3)9-11-25)26(23(20)13-19)29-17(2)24(27)30-26/h6-7,12-13,15-16,22H,8-11,14H2,1-3H3,(H2,27,30)/t22-,25+,26-/m0/s1"
69,CHEMBL3698979,COC[C@H]1CC[C@@H](N2CCC(N3Cc4cccc(C(N)=O)c4C3=O)CC2)CC1,"InChI=1S/C22H31N3O3/c1-28-14-15-5-7-17(8-6-15)24-11-9-18(10-12-24)25-13-16-3-2-4-19(21(23)26)20(16)22(25)27/h2-4,15,17-18H,5-14H2,1H3,(H2,23,26)/t15-,17+"
69,CHEMBL3698980,COC[C@H]1CC[C@H](N2CCC(N3Cc4cccc(C(N)=O)c4C3=O)CC2)CC1,"InChI=1S/C22H31N3O3/c1-28-14-15-5-7-17(8-6-15)24-11-9-18(10-12-24)25-13-16-3-2-4-19(21(23)26)20(16)22(25)27/h2-4,15,17-18H,5-14H2,1H3,(H2,23,26)/t15-,17-"
70,CHEMBL3233884,O=C(O)C[C@H]1CC[C@H](c2ccc(-c3ccc4c(c3)OCCN4C(=O)Nc3ccccc3)cc2)CC1,"InChI=1S/C29H30N2O4/c32-28(33)18-20-6-8-21(9-7-20)22-10-12-23(13-11-22)24-14-15-26-27(19-24)35-17-16-31(26)29(34)30-25-4-2-1-3-5-25/h1-5,10-15,19-21H,6-9,16-18H2,(H,30,34)(H,32,33)/t20-,21-"
70,CHEMBL3287890,O=C(O)C[C@H]1CC[C@@H](c2ccc(-c3ccc4c(c3)OCCN4C(=O)Nc3ccccc3)cc2)CC1,"InChI=1S/C29H30N2O4/c32-28(33)18-20-6-8-21(9-7-20)22-10-12-23(13-11-22)24-14-15-26-27(19-24)35-17-16-31(26)29(34)30-25-4-2-1-3-5-25/h1-5,10-15,19-21H,6-9,16-18H2,(H,30,34)(H,32,33)/t20-,21+"
71,CHEMBL3903790,N#Cc1ccc(CN[C@H]2CC[C@H](c3nnn4cnc5[nH]ccc5c34)CC2)cc1,"InChI=1S/C21H21N7/c22-11-14-1-3-15(4-2-14)12-24-17-7-5-16(6-8-17)19-20-18-9-10-23-21(18)25-13-28(20)27-26-19/h1-4,9-10,13,16-17,23-24H,5-8,12H2/t16-,17-"
71,CHEMBL3968423,N#Cc1ccc(CN[C@H]2CC[C@@H](c3nnn4cnc5[nH]ccc5c34)CC2)cc1,"InChI=1S/C21H21N7/c22-11-14-1-3-15(4-2-14)12-24-17-7-5-16(6-8-17)19-20-18-9-10-23-21(18)25-13-28(20)27-26-19/h1-4,9-10,13,16-17,23-24H,5-8,12H2/t16-,17+"
72,CHEMBL3828490,C[C@]1(O)C[C@@](c2ccc(C(F)(F)F)cc2)([C@H](O)c2ccccn2)C1,"InChI=1S/C18H18F3NO2/c1-16(24)10-17(11-16,15(23)14-4-2-3-9-22-14)12-5-7-13(8-6-12)18(19,20)21/h2-9,15,23-24H,10-11H2,1H3/t15-,16-,17+/m1/s1"
72,CHEMBL3828629,C[C@]1(O)C[C@](c2ccc(C(F)(F)F)cc2)([C@H](O)c2ccccn2)C1,"InChI=1S/C18H18F3NO2/c1-16(24)10-17(11-16,15(23)14-4-2-3-9-22-14)12-5-7-13(8-6-12)18(19,20)21/h2-9,15,23-24H,10-11H2,1H3/t15-,16-,17-/m1/s1"
73,CHEMBL293854,COc1ccc(-c2ccc(S(=O)(=O)N[C@@H](C(=O)O)[C@H]3CC[C@H](N(C)C(=O)N4CCOCC4)CC3)cc2)cc1,"InChI=1S/C27H35N3O7S/c1-29(27(33)30-15-17-37-18-16-30)22-9-3-21(4-10-22)25(26(31)32)28-38(34,35)24-13-7-20(8-14-24)19-5-11-23(36-2)12-6-19/h5-8,11-14,21-22,25,28H,3-4,9-10,15-18H2,1-2H3,(H,31,32)/t21-,22-,25-/m1/s1"
73,CHEMBL410737,COc1ccc(-c2ccc(S(=O)(=O)N[C@@H](C(=O)O)[C@H]3CC[C@@H](N(C)C(=O)N4CCOCC4)CC3)cc2)cc1,"InChI=1S/C27H35N3O7S/c1-29(27(33)30-15-17-37-18-16-30)22-9-3-21(4-10-22)25(26(31)32)28-38(34,35)24-13-7-20(8-14-24)19-5-11-23(36-2)12-6-19/h5-8,11-14,21-22,25,28H,3-4,9-10,15-18H2,1-2H3,(H,31,32)/t21-,22+,25-/m1/s1"
74,CHEMBL3898268,Cc1nnc(-c2cc(C(=O)N3CCC(c4ccc(C#N)cc4)CC3)c(C)cc2[C@H]2C[C@H](F)C2)[nH]1,"InChI=1S/C27H28FN5O/c1-16-11-24(21-12-22(28)13-21)25(26-30-17(2)31-32-26)14-23(16)27(34)33-9-7-20(8-10-33)19-5-3-18(15-29)4-6-19/h3-6,11,14,20-22H,7-10,12-13H2,1-2H3,(H,30,31,32)/t21-,22-"
74,CHEMBL3972894,Cc1nnc(-c2cc(C(=O)N3CCC(c4ccc(C#N)cc4)CC3)c(C)cc2[C@H]2C[C@@H](F)C2)[nH]1,"InChI=1S/C27H28FN5O/c1-16-11-24(21-12-22(28)13-21)25(26-30-17(2)31-32-26)14-23(16)27(34)33-9-7-20(8-10-33)19-5-3-18(15-29)4-6-19/h3-6,11,14,20-22H,7-10,12-13H2,1-2H3,(H,30,31,32)/t21-,22+"
75,CHEMBL1829603,O=C(CNC(=O)c1cccc(C(F)(F)F)c1)NC1CN([C@H]2CC[C@](O)(c3cccnc3)CC2)C1,"InChI=1S/C24H27F3N4O3/c25-24(26,27)17-4-1-3-16(11-17)22(33)29-13-21(32)30-19-14-31(15-19)20-6-8-23(34,9-7-20)18-5-2-10-28-12-18/h1-5,10-12,19-20,34H,6-9,13-15H2,(H,29,33)(H,30,32)/t20-,23+"
75,CHEMBL2204268,O=C(CNC(=O)c1cccc(C(F)(F)F)c1)NC1CN([C@H]2CC[C@@](O)(c3cccnc3)CC2)C1,"InChI=1S/C24H27F3N4O3/c25-24(26,27)17-4-1-3-16(11-17)22(33)29-13-21(32)30-19-14-31(15-19)20-6-8-23(34,9-7-20)18-5-2-10-28-12-18/h1-5,10-12,19-20,34H,6-9,13-15H2,(H,29,33)(H,30,32)/t20-,23-"
76,CHEMBL3931246,Cn1ncc(NC(=O)c2nc(-c3c(F)cccc3F)sc2N)c1[C@H]1OC[C@](C)(CN)CO1,"InChI=1S/C20H22F2N6O3S/c1-20(7-23)8-30-19(31-9-20)15-12(6-25-28(15)2)26-17(29)14-16(24)32-18(27-14)13-10(21)4-3-5-11(13)22/h3-6,19H,7-9,23-24H2,1-2H3,(H,26,29)/t19-,20-"
76,CHEMBL3977020,Cn1ncc(NC(=O)c2nc(-c3c(F)cccc3F)sc2N)c1[C@H]1OC[C@@](C)(CN)CO1,"InChI=1S/C20H22F2N6O3S/c1-20(7-23)8-30-19(31-9-20)15-12(6-25-28(15)2)26-17(29)14-16(24)32-18(27-14)13-10(21)4-3-5-11(13)22/h3-6,19H,7-9,23-24H2,1-2H3,(H,26,29)/t19-,20+"
77,CHEMBL3931190,O=C(N[C@H]1CC[C@@H](O)CC1)c1cc(NC(=O)c2cc(-c3ncccc3F)c(F)cc2Cl)n(-c2ccccc2)n1,"InChI=1S/C28H24ClF2N5O3/c29-21-14-23(31)20(26-22(30)7-4-12-32-26)13-19(21)27(38)34-25-15-24(35-36(25)17-5-2-1-3-6-17)28(39)33-16-8-10-18(37)11-9-16/h1-7,12-16,18,37H,8-11H2,(H,33,39)(H,34,38)/t16-,18+"
77,CHEMBL3967942,O=C(N[C@H]1CC[C@H](O)CC1)c1cc(NC(=O)c2cc(-c3ncccc3F)c(F)cc2Cl)n(-c2ccccc2)n1,"InChI=1S/C28H24ClF2N5O3/c29-21-14-23(31)20(26-22(30)7-4-12-32-26)13-19(21)27(38)34-25-15-24(35-36(25)17-5-2-1-3-6-17)28(39)33-16-8-10-18(37)11-9-16/h1-7,12-16,18,37H,8-11H2,(H,33,39)(H,34,38)/t16-,18-"
78,CHEMBL4278033,CCOC(=O)CNC(=O)N1CCN(c2ccc(CO[C@H]3CO[C@](Cn4ccnc4)(c4ccccc4Cl)OC3)cc2)CC1,"InChI=1S/C30H36ClN5O6/c1-2-39-28(37)17-33-29(38)36-15-13-35(14-16-36)24-9-7-23(8-10-24)18-40-25-19-41-30(42-20-25,21-34-12-11-32-22-34)26-5-3-4-6-27(26)31/h3-12,22,25H,2,13-21H2,1H3,(H,33,38)/t25-,30-"
78,CHEMBL4283221,CCOC(=O)CNC(=O)N1CCN(c2ccc(CO[C@H]3CO[C@@](Cn4ccnc4)(c4ccccc4Cl)OC3)cc2)CC1,"InChI=1S/C30H36ClN5O6/c1-2-39-28(37)17-33-29(38)36-15-13-35(14-16-36)24-9-7-23(8-10-24)18-40-25-19-41-30(42-20-25,21-34-12-11-32-22-34)26-5-3-4-6-27(26)31/h3-12,22,25H,2,13-21H2,1H3,(H,33,38)/t25-,30+"
79,CHEMBL418093,N#Cc1ccc2[nH]cc([C@H]3CC[C@@H](N4CCCCC4)CC3)c2c1,"InChI=1S/C20H25N3/c21-13-15-4-9-20-18(12-15)19(14-22-20)16-5-7-17(8-6-16)23-10-2-1-3-11-23/h4,9,12,14,16-17,22H,1-3,5-8,10-11H2/t16-,17+"
79,CHEMBL55722,N#Cc1ccc2[nH]cc([C@H]3CC[C@H](N4CCCCC4)CC3)c2c1,"InChI=1S/C20H25N3/c21-13-15-4-9-20-18(12-15)19(14-22-20)16-5-7-17(8-6-16)23-10-2-1-3-11-23/h4,9,12,14,16-17,22H,1-3,5-8,10-11H2/t16-,17-"
80,CHEMBL228608,COc1ccc(S(=O)(=O)N[C@H]2CC[C@@H](N3CCC(c4ccc(F)cc4OC(C)C)CC3)CC2)cc1OC,"InChI=1S/C28H39FN2O5S/c1-19(2)36-27-17-21(29)5-11-25(27)20-13-15-31(16-14-20)23-8-6-22(7-9-23)30-37(32,33)24-10-12-26(34-3)28(18-24)35-4/h5,10-12,17-20,22-23,30H,6-9,13-16H2,1-4H3/t22-,23+"
80,CHEMBL228658,COc1ccc(S(=O)(=O)N[C@H]2CC[C@H](N3CCC(c4ccc(F)cc4OC(C)C)CC3)CC2)cc1OC,"InChI=1S/C28H39FN2O5S/c1-19(2)36-27-17-21(29)5-11-25(27)20-13-15-31(16-14-20)23-8-6-22(7-9-23)30-37(32,33)24-10-12-26(34-3)28(18-24)35-4/h5,10-12,17-20,22-23,30H,6-9,13-16H2,1-4H3/t22-,23-"
81,CHEMBL4127357,CCN[C@H]1CC[C@@H](Oc2ccc3cc(NC(=O)c4ccc(OC)c(-c5cccc(OC)c5)c4)c(=O)oc3c2C)CC1,"InChI=1S/C33H36N2O6/c1-5-34-24-11-13-25(14-12-24)40-29-15-9-22-19-28(33(37)41-31(22)20(29)2)35-32(36)23-10-16-30(39-4)27(18-23)21-7-6-8-26(17-21)38-3/h6-10,15-19,24-25,34H,5,11-14H2,1-4H3,(H,35,36)/t24-,25+"
81,CHEMBL4129850,CCN[C@H]1CC[C@H](Oc2ccc3cc(NC(=O)c4ccc(OC)c(-c5cccc(OC)c5)c4)c(=O)oc3c2C)CC1,"InChI=1S/C33H36N2O6/c1-5-34-24-11-13-25(14-12-24)40-29-15-9-22-19-28(33(37)41-31(22)20(29)2)35-32(36)23-10-16-30(39-4)27(18-23)21-7-6-8-26(17-21)38-3/h6-10,15-19,24-25,34H,5,11-14H2,1-4H3,(H,35,36)/t24-,25-"
82,CHEMBL1325592,C=CC1=C(C)c2cc3[nH]c(cc4nc(cc5[nH]c(cc1n2)c(C)c5CCC(=O)O)C(CCC(=O)O)=C4C)c(C)c3C=C,"InChI=1S/C34H34N4O4/c1-7-21-17(3)25-13-26-19(5)23(9-11-33(39)40)31(37-26)16-32-24(10-12-34(41)42)20(6)28(38-32)15-30-22(8-2)18(4)27(36-30)14-29(21)35-25/h7-8,13-16,35,38H,1-2,9-12H2,3-6H3,(H,39,40)(H,41,42)/b25-13-,26-13-,27-14-,28-15-,29-14-,30-15-,31-16-,32-16-"
82,CHEMBL1907974,C=CC1=C(C)c2cc3[nH]c(cc4nc(cc5[nH]c(cc1n2)c(C)c5CCC(=O)O)C(CCC(=O)O)=C4C)c(C)c3C=C,"InChI=1S/C34H34N4O4/c1-7-21-17(3)25-13-26-19(5)23(9-11-33(39)40)31(37-26)16-32-24(10-12-34(41)42)20(6)28(38-32)15-30-22(8-2)18(4)27(36-30)14-29(21)35-25/h7-8,13-16,35,38H,1-2,9-12H2,3-6H3,(H,39,40)(H,41,42)/b25-13-,26-13+,27-14-,28-15-,29-14?,30-15-,31-16+,32-16-"
83,CHEMBL4073449,COc1ccc2c(n1)CCN(C(=O)[C@H]1C[C@@H](C(=O)O)C1)[C@H]2C(=O)Nc1cc(F)c2c(c1)CCC2(C)C,"InChI=1S/C27H30FN3O5/c1-27(2)8-6-14-12-17(13-19(28)22(14)27)29-24(32)23-18-4-5-21(36-3)30-20(18)7-9-31(23)25(33)15-10-16(11-15)26(34)35/h4-5,12-13,15-16,23H,6-11H2,1-3H3,(H,29,32)(H,34,35)/t15-,16+,23-/m1/s1"
83,CHEMBL4081322,COc1ccc2c(n1)CCN(C(=O)[C@H]1C[C@H](C(=O)O)C1)[C@H]2C(=O)Nc1cc(F)c2c(c1)CCC2(C)C,"InChI=1S/C27H30FN3O5/c1-27(2)8-6-14-12-17(13-19(28)22(14)27)29-24(32)23-18-4-5-21(36-3)30-20(18)7-9-31(23)25(33)15-10-16(11-15)26(34)35/h4-5,12-13,15-16,23H,6-11H2,1-3H3,(H,29,32)(H,34,35)/t15-,16-,23-/m1/s1"
84,CHEMBL502512,O=C(/C=C/c1ccc(Sc2ccccc2O[C@H]2CC[C@@H](C(=O)O)CC2)c(C(F)(F)F)c1C(F)(F)F)N1CCOCC1,"InChI=1S/C28H27F6NO5S/c29-27(30,31)24-17(8-12-23(36)35-13-15-39-16-14-35)7-11-22(25(24)28(32,33)34)41-21-4-2-1-3-20(21)40-19-9-5-18(6-10-19)26(37)38/h1-4,7-8,11-12,18-19H,5-6,9-10,13-16H2,(H,37,38)/b12-8+/t18-,19+"
84,CHEMBL526564,O=C(/C=C/c1ccc(Sc2ccccc2O[C@H]2CC[C@H](C(=O)O)CC2)c(C(F)(F)F)c1C(F)(F)F)N1CCOCC1,"InChI=1S/C28H27F6NO5S/c29-27(30,31)24-17(8-12-23(36)35-13-15-39-16-14-35)7-11-22(25(24)28(32,33)34)41-21-4-2-1-3-20(21)40-19-9-5-18(6-10-19)26(37)38/h1-4,7-8,11-12,18-19H,5-6,9-10,13-16H2,(H,37,38)/b12-8+/t18-,19-"
85,CHEMBL64910,COc1ccc(/C(=C(\C#N)c2ccccc2)c2ccc(O)cc2)cc1,"InChI=1S/C22H17NO2/c1-25-20-13-9-18(10-14-20)22(17-7-11-19(24)12-8-17)21(15-23)16-5-3-2-4-6-16/h2-14,24H,1H3/b22-21+"
85,CHEMBL65499,COc1ccc(/C(=C(/C#N)c2ccccc2)c2ccc(O)cc2)cc1,"InChI=1S/C22H17NO2/c1-25-20-13-9-18(10-14-20)22(17-7-11-19(24)12-8-17)21(15-23)16-5-3-2-4-6-16/h2-14,24H,1H3/b22-21-"
86,CHEMBL2115005,Fc1ccc(C2CCN([C@H]3CC[C@](CNCc4cc(C(F)(F)F)cc(C(F)(F)F)c4)(c4ccccc4)CC3)CC2)cc1,"InChI=1S/C33H35F7N2/c34-29-8-6-24(7-9-29)25-12-16-42(17-13-25)30-10-14-31(15-11-30,26-4-2-1-3-5-26)22-41-21-23-18-27(32(35,36)37)20-28(19-23)33(38,39)40/h1-9,18-20,25,30,41H,10-17,21-22H2/t30-,31-"
86,CHEMBL2115450,Fc1ccc(C2CCN([C@H]3CC[C@@](CNCc4cc(C(F)(F)F)cc(C(F)(F)F)c4)(c4ccccc4)CC3)CC2)cc1,"InChI=1S/C33H35F7N2/c34-29-8-6-24(7-9-29)25-12-16-42(17-13-25)30-10-14-31(15-11-30,26-4-2-1-3-5-26)22-41-21-23-18-27(32(35,36)37)20-28(19-23)33(38,39)40/h1-9,18-20,25,30,41H,10-17,21-22H2/t30-,31+"
87,CHEMBL16806,CNC(=O)O[C@H]1CC[C@@](CNC(=O)c2ccccc2OC)(c2ccccc2)CC1,"InChI=1S/C23H28N2O4/c1-24-22(27)29-18-12-14-23(15-13-18,17-8-4-3-5-9-17)16-25-21(26)19-10-6-7-11-20(19)28-2/h3-11,18H,12-16H2,1-2H3,(H,24,27)(H,25,26)/t18-,23+"
87,CHEMBL16945,CNC(=O)O[C@H]1CC[C@](CNC(=O)c2ccccc2OC)(c2ccccc2)CC1,"InChI=1S/C23H28N2O4/c1-24-22(27)29-18-12-14-23(15-13-18,17-8-4-3-5-9-17)16-25-21(26)19-10-6-7-11-20(19)28-2/h3-11,18H,12-16H2,1-2H3,(H,24,27)(H,25,26)/t18-,23-"
88,CHEMBL279301,CC/C(=C(/c1ccc(O)cc1)c1ccc(OCCN(C)C)cc1)c1ccccc1,"InChI=1S/C26H29NO2/c1-4-25(20-8-6-5-7-9-20)26(21-10-14-23(28)15-11-21)22-12-16-24(17-13-22)29-19-18-27(2)3/h5-17,28H,4,18-19H2,1-3H3/b26-25+"
88,CHEMBL489,CC/C(=C(\c1ccc(O)cc1)c1ccc(OCCN(C)C)cc1)c1ccccc1,"InChI=1S/C26H29NO2/c1-4-25(20-8-6-5-7-9-20)26(21-10-14-23(28)15-11-21)22-12-16-24(17-13-22)29-19-18-27(2)3/h5-17,28H,4,18-19H2,1-3H3/b26-25-"
89,CHEMBL3648594,CCCc1c(Cc2ccc(-c3ccccc3-c3nc(=O)o[nH]3)cc2)c(=O)n([C@H]2CC[C@@H](Oc3ccc(C(C)=O)cc3)CC2)c2ncnn12,"InChI=1S/C37H36N6O5/c1-3-6-33-32(21-24-9-11-26(12-10-24)30-7-4-5-8-31(30)34-40-37(46)48-41-34)35(45)42(36-38-22-39-43(33)36)27-15-19-29(20-16-27)47-28-17-13-25(14-18-28)23(2)44/h4-5,7-14,17-18,22,27,29H,3,6,15-16,19-21H2,1-2H3,(H,40,41,46)/t27-,29+"
89,CHEMBL3648595,CCCc1c(Cc2ccc(-c3ccccc3-c3nc(=O)o[nH]3)cc2)c(=O)n([C@H]2CC[C@H](Oc3ccc(C(C)=O)cc3)CC2)c2ncnn12,"InChI=1S/C37H36N6O5/c1-3-6-33-32(21-24-9-11-26(12-10-24)30-7-4-5-8-31(30)34-40-37(46)48-41-34)35(45)42(36-38-22-39-43(33)36)27-15-19-29(20-16-27)47-28-17-13-25(14-18-28)23(2)44/h4-5,7-14,17-18,22,27,29H,3,6,15-16,19-21H2,1-2H3,(H,40,41,46)/t27-,29-"
90,CHEMBL1945793,NC(=O)[C@H]1CC[C@@H](n2c(=O)[nH]c3ncc(-c4ccc(O)cc4)nc32)CC1,"InChI=1S/C18H19N5O3/c19-15(25)11-1-5-12(6-2-11)23-17-16(22-18(23)26)20-9-14(21-17)10-3-7-13(24)8-4-10/h3-4,7-9,11-12,24H,1-2,5-6H2,(H2,19,25)(H,20,22,26)/t11-,12+"
90,CHEMBL1945794,NC(=O)[C@H]1CC[C@H](n2c(=O)[nH]c3ncc(-c4ccc(O)cc4)nc32)CC1,"InChI=1S/C18H19N5O3/c19-15(25)11-1-5-12(6-2-11)23-17-16(22-18(23)26)20-9-14(21-17)10-3-7-13(24)8-4-10/h3-4,7-9,11-12,24H,1-2,5-6H2,(H2,19,25)(H,20,22,26)/t11-,12-"
91,CHEMBL2398473,CC(C)(C)C[C@@H]1N[C@@H](C(=O)N[C@H]2C[C@H](O)C2)[C@H](c2cccc(Cl)c2F)[C@]12C(=O)Nc1cc(Cl)ccc12,"InChI=1S/C27H30Cl2FN3O3/c1-26(2,3)12-20-27(17-8-7-13(28)9-19(17)32-25(27)36)21(16-5-4-6-18(29)22(16)30)23(33-20)24(35)31-14-10-15(34)11-14/h4-9,14-15,20-21,23,33-34H,10-12H2,1-3H3,(H,31,35)(H,32,36)/t14-,15-,20-,21-,23+,27+/m0/s1"
91,CHEMBL2398474,CC(C)(C)C[C@@H]1N[C@@H](C(=O)N[C@H]2C[C@@H](O)C2)[C@H](c2cccc(Cl)c2F)[C@]12C(=O)Nc1cc(Cl)ccc12,"InChI=1S/C27H30Cl2FN3O3/c1-26(2,3)12-20-27(17-8-7-13(28)9-19(17)32-25(27)36)21(16-5-4-6-18(29)22(16)30)23(33-20)24(35)31-14-10-15(34)11-14/h4-9,14-15,20-21,23,33-34H,10-12H2,1-3H3,(H,31,35)(H,32,36)/t14-,15+,20-,21-,23+,27+/m0/s1"
92,CHEMBL3827746,O[C@H](c1ccccn1)[C@]1(c2cccc(OC(F)(F)F)c2)C[C@@H](O)C1,"InChI=1S/C17H16F3NO3/c18-17(19,20)24-13-5-3-4-11(8-13)16(9-12(22)10-16)15(23)14-6-1-2-7-21-14/h1-8,12,15,22-23H,9-10H2/t12-,15-,16-/m1/s1"
92,CHEMBL3828010,O[C@H](c1ccccn1)[C@]1(c2cccc(OC(F)(F)F)c2)C[C@H](O)C1,"InChI=1S/C17H16F3NO3/c18-17(19,20)24-13-5-3-4-11(8-13)16(9-12(22)10-16)15(23)14-6-1-2-7-21-14/h1-8,12,15,22-23H,9-10H2/t12-,15-,16+/m1/s1"
93,CHEMBL2203925,C[C@H]1COc2c(NC(=O)[C@H]3CC[C@H](COc4ccc([N+](=O)[O-])cc4)CC3)c(F)cc3c(=O)c(C(=O)O)cn1c23,"InChI=1S/C27H26FN3O8/c1-14-12-39-25-22(21(28)10-19-23(25)30(14)11-20(24(19)32)27(34)35)29-26(33)16-4-2-15(3-5-16)13-38-18-8-6-17(7-9-18)31(36)37/h6-11,14-16H,2-5,12-13H2,1H3,(H,29,33)(H,34,35)/t14-,15-,16-/m0/s1"
93,CHEMBL2203929,C[C@H]1COc2c(NC(=O)[C@H]3CC[C@@H](COc4ccc([N+](=O)[O-])cc4)CC3)c(F)cc3c(=O)c(C(=O)O)cn1c23,"InChI=1S/C27H26FN3O8/c1-14-12-39-25-22(21(28)10-19-23(25)30(14)11-20(24(19)32)27(34)35)29-26(33)16-4-2-15(3-5-16)13-38-18-8-6-17(7-9-18)31(36)37/h6-11,14-16H,2-5,12-13H2,1H3,(H,29,33)(H,34,35)/t14-,15-,16+/m0/s1"
94,CHEMBL481750,CSc1nc(-c2ccc(F)cc2)c(-c2ccnc(N[C@H]3CC[C@@H](C)CC3)c2)[nH]1,"InChI=1S/C22H25FN4S/c1-14-3-9-18(10-4-14)25-19-13-16(11-12-24-19)21-20(26-22(27-21)28-2)15-5-7-17(23)8-6-15/h5-8,11-14,18H,3-4,9-10H2,1-2H3,(H,24,25)(H,26,27)/t14-,18+"
94,CHEMBL481751,CSc1nc(-c2ccc(F)cc2)c(-c2ccnc(N[C@H]3CC[C@H](C)CC3)c2)[nH]1,"InChI=1S/C22H25FN4S/c1-14-3-9-18(10-4-14)25-19-13-16(11-12-24-19)21-20(26-22(27-21)28-2)15-5-7-17(23)8-6-15/h5-8,11-14,18H,3-4,9-10H2,1-2H3,(H,24,25)(H,26,27)/t14-,18-"
95,CHEMBL1927578,CCCCCCCCc1ccc([C@H]2CC[C@@H](NCCO)CC2)cc1,"InChI=1S/C22H37NO/c1-2-3-4-5-6-7-8-19-9-11-20(12-10-19)21-13-15-22(16-14-21)23-17-18-24/h9-12,21-24H,2-8,13-18H2,1H3/t21-,22+"
95,CHEMBL1927579,CCCCCCCCc1ccc([C@H]2CC[C@H](NCCO)CC2)cc1,"InChI=1S/C22H37NO/c1-2-3-4-5-6-7-8-19-9-11-20(12-10-19)21-13-15-22(16-14-21)23-17-18-24/h9-12,21-24H,2-8,13-18H2,1H3/t21-,22-"
96,CHEMBL1771123,CC(C)c1cc(C#N)cc2nc(-c3ccc(C(=O)NC[C@H]4CC[C@@H](c5ccc(C(C)(C)C)cc5)CC4)cc3)oc12,"InChI=1S/C35H39N3O2/c1-22(2)30-18-24(20-36)19-31-32(30)40-34(38-31)28-12-10-27(11-13-28)33(39)37-21-23-6-8-25(9-7-23)26-14-16-29(17-15-26)35(3,4)5/h10-19,22-23,25H,6-9,21H2,1-5H3,(H,37,39)/t23-,25+"
96,CHEMBL1771124,CC(C)c1cc(C#N)cc2nc(-c3ccc(C(=O)NC[C@H]4CC[C@H](c5ccc(C(C)(C)C)cc5)CC4)cc3)oc12,"InChI=1S/C35H39N3O2/c1-22(2)30-18-24(20-36)19-31-32(30)40-34(38-31)28-12-10-27(11-13-28)33(39)37-21-23-6-8-25(9-7-23)26-14-16-29(17-15-26)35(3,4)5/h10-19,22-23,25H,6-9,21H2,1-5H3,(H,37,39)/t23-,25-"
97,CHEMBL395665,COc1cc(-c2csc3c(/C=C/CN[C@H]4CC[C@H](N)CC4)cnc(N)c23)ccc1NC(=O)c1cc2ccccc2n1C,"InChI=1S/C33H36N6O2S/c1-39-27-8-4-3-6-21(27)16-28(39)33(40)38-26-14-9-20(17-29(26)41-2)25-19-42-31-22(18-37-32(35)30(25)31)7-5-15-36-24-12-10-23(34)11-13-24/h3-9,14,16-19,23-24,36H,10-13,15,34H2,1-2H3,(H2,35,37)(H,38,40)/b7-5+/t23-,24-"
97,CHEMBL395666,COc1cc(-c2csc3c(/C=C/CN[C@H]4CC[C@@H](N)CC4)cnc(N)c23)ccc1NC(=O)c1cc2ccccc2n1C,"InChI=1S/C33H36N6O2S/c1-39-27-8-4-3-6-21(27)16-28(39)33(40)38-26-14-9-20(17-29(26)41-2)25-19-42-31-22(18-37-32(35)30(25)31)7-5-15-36-24-12-10-23(34)11-13-24/h3-9,14,16-19,23-24,36H,10-13,15,34H2,1-2H3,(H2,35,37)(H,38,40)/b7-5+/t23-,24+"
98,CHEMBL3903703,C[C@H]1COCCN1c1nc(-c2cnc(N)nc2)c2c(n1)N([C@H]1C[C@H](NC(=O)OC(C)(C)C)C1)CC2,"InChI=1S/C24H34N8O3/c1-14-13-34-8-7-31(14)22-29-19(15-11-26-21(25)27-12-15)18-5-6-32(20(18)30-22)17-9-16(10-17)28-23(33)35-24(2,3)4/h11-12,14,16-17H,5-10,13H2,1-4H3,(H,28,33)(H2,25,26,27)/t14-,16-,17-/m0/s1"
98,CHEMBL3942534,C[C@H]1COCCN1c1nc(-c2cnc(N)nc2)c2c(n1)N([C@H]1C[C@@H](NC(=O)OC(C)(C)C)C1)CC2,"InChI=1S/C24H34N8O3/c1-14-13-34-8-7-31(14)22-29-19(15-11-26-21(25)27-12-15)18-5-6-32(20(18)30-22)17-9-16(10-17)28-23(33)35-24(2,3)4/h11-12,14,16-17H,5-10,13H2,1-4H3,(H,28,33)(H2,25,26,27)/t14-,16-,17+/m0/s1"
99,CHEMBL4281673,Clc1ccccc1[C@]1(Cn2ccnc2)OC[C@H](OCc2ccc(N3CCOCC3)cc2)CO1,"InChI=1S/C25H28ClN3O4/c26-24-4-2-1-3-23(24)25(18-28-10-9-27-19-28)32-16-22(17-33-25)31-15-20-5-7-21(8-6-20)29-11-13-30-14-12-29/h1-10,19,22H,11-18H2/t22-,25+"
99,CHEMBL4286761,Clc1ccccc1[C@]1(Cn2ccnc2)OC[C@@H](OCc2ccc(N3CCOCC3)cc2)CO1,"InChI=1S/C25H28ClN3O4/c26-24-4-2-1-3-23(24)25(18-28-10-9-27-19-28)32-16-22(17-33-25)31-15-20-5-7-21(8-6-20)29-11-13-30-14-12-29/h1-10,19,22H,11-18H2/t22-,25-"
100,CHEMBL391035,CC(C)Oc1ccccc1N1CCN([C@H]2CC[C@@H](NS(=O)(=O)c3ccc(Cl)cc3Cl)CC2)CC1,"InChI=1S/C25H33Cl2N3O3S/c1-18(2)33-24-6-4-3-5-23(24)30-15-13-29(14-16-30)21-10-8-20(9-11-21)28-34(31,32)25-12-7-19(26)17-22(25)27/h3-7,12,17-18,20-21,28H,8-11,13-16H2,1-2H3/t20-,21+"
100,CHEMBL393104,CC(C)Oc1ccccc1N1CCN([C@H]2CC[C@H](NS(=O)(=O)c3ccc(Cl)cc3Cl)CC2)CC1,"InChI=1S/C25H33Cl2N3O3S/c1-18(2)33-24-6-4-3-5-23(24)30-15-13-29(14-16-30)21-10-8-20(9-11-21)28-34(31,32)25-12-7-19(26)17-22(25)27/h3-7,12,17-18,20-21,28H,8-11,13-16H2,1-2H3/t20-,21-"
101,CHEMBL3698213,C[C@@H](c1ccc(OC(F)(F)F)cc1)N1CC[C@]2(CC[C@@H](O)CC2)OC1=O,"InChI=1S/C18H22F3NO4/c1-12(13-2-4-15(5-3-13)25-18(19,20)21)22-11-10-17(26-16(22)24)8-6-14(23)7-9-17/h2-5,12,14,23H,6-11H2,1H3/t12-,14-,17-/m0/s1"
101,CHEMBL3698251,C[C@@H](c1ccc(OC(F)(F)F)cc1)N1CC[C@]2(CC[C@H](O)CC2)OC1=O,"InChI=1S/C18H22F3NO4/c1-12(13-2-4-15(5-3-13)25-18(19,20)21)22-11-10-17(26-16(22)24)8-6-14(23)7-9-17/h2-5,12,14,23H,6-11H2,1H3/t12-,14-,17+/m0/s1"
102,CHEMBL493455,Cn1cc([C@H]2CC[C@H](N3CCN(c4cccc5[nH]ccc45)CC3)CC2)c2cc(F)ccc21,"InChI=1S/C27H31FN4/c1-30-18-24(23-17-20(28)7-10-26(23)30)19-5-8-21(9-6-19)31-13-15-32(16-14-31)27-4-2-3-25-22(27)11-12-29-25/h2-4,7,10-12,17-19,21,29H,5-6,8-9,13-16H2,1H3/t19-,21-"
102,CHEMBL522529,Cn1cc([C@H]2CC[C@@H](N3CCN(c4cccc5[nH]ccc45)CC3)CC2)c2cc(F)ccc21,"InChI=1S/C27H31FN4/c1-30-18-24(23-17-20(28)7-10-26(23)30)19-5-8-21(9-6-19)31-13-15-32(16-14-31)27-4-2-3-25-22(27)11-12-29-25/h2-4,7,10-12,17-19,21,29H,5-6,8-9,13-16H2,1H3/t19-,21+"
103,CHEMBL1908947,N[C@]1(C(=O)O)C[C@@H](/C=C/I)C1,"InChI=1S/C7H10INO2/c8-2-1-5-3-7(9,4-5)6(10)11/h1-2,5H,3-4,9H2,(H,10,11)/b2-1+/t5-,7-"
103,CHEMBL1908948,N[C@]1(C(=O)O)C[C@H](/C=C/I)C1,"InChI=1S/C7H10INO2/c8-2-1-5-3-7(9,4-5)6(10)11/h1-2,5H,3-4,9H2,(H,10,11)/b2-1+/t5-,7+"
104,CHEMBL3407572,CC(C)(C)S(=O)(=O)C[C@H](C1CC1)N1C(=O)[C@@](C)(CC(=O)N[C@H]2C[C@H](C(=O)O)C2)C[C@H](c2cccc(Cl)c2)[C@H]1c1ccc(Cl)cc1,"InChI=1S/C34H42Cl2N2O6S/c1-33(2,3)45(43,44)19-28(20-8-9-20)38-30(21-10-12-24(35)13-11-21)27(22-6-5-7-25(36)14-22)17-34(4,32(38)42)18-29(39)37-26-15-23(16-26)31(40)41/h5-7,10-14,20,23,26-28,30H,8-9,15-19H2,1-4H3,(H,37,39)(H,40,41)/t23-,26-,27-,28-,30-,34-/m1/s1"
104,CHEMBL3407573,CC(C)(C)S(=O)(=O)C[C@H](C1CC1)N1C(=O)[C@@](C)(CC(=O)N[C@H]2C[C@@H](C(=O)O)C2)C[C@H](c2cccc(Cl)c2)[C@H]1c1ccc(Cl)cc1,"InChI=1S/C34H42Cl2N2O6S/c1-33(2,3)45(43,44)19-28(20-8-9-20)38-30(21-10-12-24(35)13-11-21)27(22-6-5-7-25(36)14-22)17-34(4,32(38)42)18-29(39)37-26-15-23(16-26)31(40)41/h5-7,10-14,20,23,26-28,30H,8-9,15-19H2,1-4H3,(H,37,39)(H,40,41)/t23-,26+,27-,28-,30-,34-/m1/s1"
105,CHEMBL3785665,Cc1cc(Nc2ncc(Cl)c(Nc3cn(C)nc3S(=O)(=O)C(C)C)n2)c(OC2CC2)cc1[C@H]1CC[C@H](NC2CC2)CC1,"InChI=1S/C30H40ClN7O3S/c1-17(2)42(39,40)29-26(16-38(4)37-29)34-28-24(31)15-32-30(36-28)35-25-13-18(3)23(14-27(25)41-22-11-12-22)19-5-7-20(8-6-19)33-21-9-10-21/h13-17,19-22,33H,5-12H2,1-4H3,(H2,32,34,35,36)/t19-,20-"
105,CHEMBL3786818,Cc1cc(Nc2ncc(Cl)c(Nc3cn(C)nc3S(=O)(=O)C(C)C)n2)c(OC2CC2)cc1[C@H]1CC[C@@H](NC2CC2)CC1,"InChI=1S/C30H40ClN7O3S/c1-17(2)42(39,40)29-26(16-38(4)37-29)34-28-24(31)15-32-30(36-28)35-25-13-18(3)23(14-27(25)41-22-11-12-22)19-5-7-20(8-6-19)33-21-9-10-21/h13-17,19-22,33H,5-12H2,1-4H3,(H2,32,34,35,36)/t19-,20+"
106,CHEMBL2177611,CCCSc1c(C(=O)NC2CCCCC2)cnn1[C@H]1CC[C@@H](C(=O)O)CC1,"InChI=1S/C20H31N3O3S/c1-2-12-27-19-17(18(24)22-15-6-4-3-5-7-15)13-21-23(19)16-10-8-14(9-11-16)20(25)26/h13-16H,2-12H2,1H3,(H,22,24)(H,25,26)/t14-,16+"
106,CHEMBL2177612,CCCSc1c(C(=O)NC2CCCCC2)cnn1[C@H]1CC[C@H](C(=O)O)CC1,"InChI=1S/C20H31N3O3S/c1-2-12-27-19-17(18(24)22-15-6-4-3-5-7-15)13-21-23(19)16-10-8-14(9-11-16)20(25)26/h13-16H,2-12H2,1H3,(H,22,24)(H,25,26)/t14-,16-"
107,CHEMBL3640043,COC(=O)[C@H]1CC[C@@H](NC(=O)NCc2cn(-c3ccccc3)c3cc(Cl)ccc3c2=O)CC1,"InChI=1S/C25H26ClN3O4/c1-33-24(31)16-7-10-19(11-8-16)28-25(32)27-14-17-15-29(20-5-3-2-4-6-20)22-13-18(26)9-12-21(22)23(17)30/h2-6,9,12-13,15-16,19H,7-8,10-11,14H2,1H3,(H2,27,28,32)/t16-,19+"
107,CHEMBL3640047,COC(=O)[C@H]1CC[C@H](NC(=O)NCc2cn(-c3ccccc3)c3cc(Cl)ccc3c2=O)CC1,"InChI=1S/C25H26ClN3O4/c1-33-24(31)16-7-10-19(11-8-16)28-25(32)27-14-17-15-29(20-5-3-2-4-6-20)22-13-18(26)9-12-21(22)23(17)30/h2-6,9,12-13,15-16,19H,7-8,10-11,14H2,1H3,(H2,27,28,32)/t16-,19-"
108,CHEMBL3822462,CC/C(=C(\c1ccc(O)cc1)c1ccc(NC(=O)C(C)C)cc1)c1ccccc1,"InChI=1S/C26H27NO2/c1-4-24(19-8-6-5-7-9-19)25(21-12-16-23(28)17-13-21)20-10-14-22(15-11-20)27-26(29)18(2)3/h5-18,28H,4H2,1-3H3,(H,27,29)/b25-24+"
108,CHEMBL3823004,CC/C(=C(/c1ccc(O)cc1)c1ccc(NC(=O)C(C)C)cc1)c1ccccc1,"InChI=1S/C26H27NO2/c1-4-24(19-8-6-5-7-9-19)25(21-12-16-23(28)17-13-21)20-10-14-22(15-11-20)27-26(29)18(2)3/h5-18,28H,4H2,1-3H3,(H,27,29)/b25-24-"
109,CHEMBL3798087,CCCCc1cc(-c2ccc(F)cc2)cc(C(=O)N[C@H]2CC[C@@H](C)CC2)c1OC,"InChI=1S/C25H32FNO2/c1-4-5-6-19-15-20(18-9-11-21(26)12-10-18)16-23(24(19)29-3)25(28)27-22-13-7-17(2)8-14-22/h9-12,15-17,22H,4-8,13-14H2,1-3H3,(H,27,28)/t17-,22+"
109,CHEMBL3798374,CCCCc1cc(-c2ccc(F)cc2)cc(C(=O)N[C@H]2CC[C@H](C)CC2)c1OC,"InChI=1S/C25H32FNO2/c1-4-5-6-19-15-20(18-9-11-21(26)12-10-18)16-23(24(19)29-3)25(28)27-22-13-7-17(2)8-14-22/h9-12,15-17,22H,4-8,13-14H2,1-3H3,(H,27,28)/t17-,22-"
110,CHEMBL3698200,C[C@@H](c1ccc2ccccc2c1)N1CC[C@]2(CC[C@@H](O)CC2)OC1=O,"InChI=1S/C21H25NO3/c1-15(17-7-6-16-4-2-3-5-18(16)14-17)22-13-12-21(25-20(22)24)10-8-19(23)9-11-21/h2-7,14-15,19,23H,8-13H2,1H3/t15-,19-,21-/m0/s1"
110,CHEMBL3698244,C[C@@H](c1ccc2ccccc2c1)N1CC[C@]2(CC[C@H](O)CC2)OC1=O,"InChI=1S/C21H25NO3/c1-15(17-7-6-16-4-2-3-5-18(16)14-17)22-13-12-21(25-20(22)24)10-8-19(23)9-11-21/h2-7,14-15,19,23H,8-13H2,1H3/t15-,19-,21+/m0/s1"
111,CHEMBL2203403,CCCN(CC[C@H]1C[C@H](NC(=O)c2ccc3ccccc3c2)C1)[C@H]1CCc2nc(N)sc2C1,"InChI=1S/C27H34N4OS/c1-2-12-31(23-9-10-24-25(17-23)33-27(28)30-24)13-11-18-14-22(15-18)29-26(32)21-8-7-19-5-3-4-6-20(19)16-21/h3-8,16,18,22-23H,2,9-15,17H2,1H3,(H2,28,30)(H,29,32)/t18-,22-,23-/m0/s1"
111,CHEMBL2203404,CCCN(CC[C@H]1C[C@@H](NC(=O)c2ccc3ccccc3c2)C1)[C@H]1CCc2nc(N)sc2C1,"InChI=1S/C27H34N4OS/c1-2-12-31(23-9-10-24-25(17-23)33-27(28)30-24)13-11-18-14-22(15-18)29-26(32)21-8-7-19-5-3-4-6-20(19)16-21/h3-8,16,18,22-23H,2,9-15,17H2,1H3,(H2,28,30)(H,29,32)/t18-,22+,23-/m0/s1"
112,CHEMBL3674350,NC[C@H]1CC[C@H](Nc2c(C(=O)C3CC3)cnc3ccc(-c4cc(F)c(O)c(Cl)c4)cc23)CC1,"InChI=1S/C26H27ClFN3O2/c27-21-10-17(11-22(28)26(21)33)16-5-8-23-19(9-16)24(20(13-30-23)25(32)15-3-4-15)31-18-6-1-14(12-29)2-7-18/h5,8-11,13-15,18,33H,1-4,6-7,12,29H2,(H,30,31)/t14-,18-"
112,CHEMBL3674361,NC[C@H]1CC[C@@H](Nc2c(C(=O)C3CC3)cnc3ccc(-c4cc(F)c(O)c(Cl)c4)cc23)CC1,"InChI=1S/C26H27ClFN3O2/c27-21-10-17(11-22(28)26(21)33)16-5-8-23-19(9-16)24(20(13-30-23)25(32)15-3-4-15)31-18-6-1-14(12-29)2-7-18/h5,8-11,13-15,18,33H,1-4,6-7,12,29H2,(H,30,31)/t14-,18+"
113,CHEMBL2203924,C[C@H]1COc2c(NC(=O)[C@H]3CC[C@H](COc4cccc(F)c4F)CC3)c(F)cc3c(=O)c(C(=O)O)cn1c23,"InChI=1S/C27H25F3N2O6/c1-13-11-38-25-22(19(29)9-16-23(25)32(13)10-17(24(16)33)27(35)36)31-26(34)15-7-5-14(6-8-15)12-37-20-4-2-3-18(28)21(20)30/h2-4,9-10,13-15H,5-8,11-12H2,1H3,(H,31,34)(H,35,36)/t13-,14-,15-/m0/s1"
113,CHEMBL2203928,C[C@H]1COc2c(NC(=O)[C@H]3CC[C@@H](COc4cccc(F)c4F)CC3)c(F)cc3c(=O)c(C(=O)O)cn1c23,"InChI=1S/C27H25F3N2O6/c1-13-11-38-25-22(19(29)9-16-23(25)32(13)10-17(24(16)33)27(35)36)31-26(34)15-7-5-14(6-8-15)12-37-20-4-2-3-18(28)21(20)30/h2-4,9-10,13-15H,5-8,11-12H2,1H3,(H,31,34)(H,35,36)/t13-,14-,15+/m0/s1"
114,CHEMBL1941048,CCNC(=O)c1noc(-c2cc(C(C)C)c(O)cc2O)c1NC(=O)[C@H]1CC[C@@H](CN2CCOCC2)CC1.Cl,"InChI=1S/C27H38N4O6.ClH/c1-4-28-27(35)24-23(25(37-30-24)20-13-19(16(2)3)21(32)14-22(20)33)29-26(34)18-7-5-17(6-8-18)15-31-9-11-36-12-10-31;/h13-14,16-18,32-33H,4-12,15H2,1-3H3,(H,28,35)(H,29,34);1H/t17-,18+;"
114,CHEMBL1941049,CCNC(=O)c1noc(-c2cc(C(C)C)c(O)cc2O)c1NC(=O)[C@H]1CC[C@H](CN2CCOCC2)CC1.Cl,"InChI=1S/C27H38N4O6.ClH/c1-4-28-27(35)24-23(25(37-30-24)20-13-19(16(2)3)21(32)14-22(20)33)29-26(34)18-7-5-17(6-8-18)15-31-9-11-36-12-10-31;/h13-14,16-18,32-33H,4-12,15H2,1-3H3,(H,28,35)(H,29,34);1H/t17-,18-;"
115,CHEMBL224360,CCCN[C@H]1CC[C@@H](Nc2cccc3cnccc23)CC1,"InChI=1S/C18H25N3/c1-2-11-20-15-6-8-16(9-7-15)21-18-5-3-4-14-13-19-12-10-17(14)18/h3-5,10,12-13,15-16,20-21H,2,6-9,11H2,1H3/t15-,16+"
115,CHEMBL266512,CCCN[C@H]1CC[C@H](Nc2cccc3cnccc23)CC1,"InChI=1S/C18H25N3/c1-2-11-20-15-6-8-16(9-7-15)21-18-5-3-4-14-13-19-12-10-17(14)18/h3-5,10,12-13,15-16,20-21H,2,6-9,11H2,1H3/t15-,16-"
116,CHEMBL176908,CCn1cnc2c(Nc3cccc(C#N)c3)nc(N[C@H]3CC[C@@H](N)CC3)nc21,"InChI=1S/C20H24N8/c1-2-28-12-23-17-18(24-16-5-3-4-13(10-16)11-21)26-20(27-19(17)28)25-15-8-6-14(22)7-9-15/h3-5,10,12,14-15H,2,6-9,22H2,1H3,(H2,24,25,26,27)/t14-,15+"
116,CHEMBL435330,CCn1cnc2c(Nc3cccc(C#N)c3)nc(N[C@H]3CC[C@H](N)CC3)nc21,"InChI=1S/C20H24N8/c1-2-28-12-23-17-18(24-16-5-3-4-13(10-16)11-21)26-20(27-19(17)28)25-15-8-6-14(22)7-9-15/h3-5,10,12,14-15H,2,6-9,22H2,1H3,(H2,24,25,26,27)/t14-,15-"
117,CHEMBL3974822,Cc1nc2cccc(-c3cc4c([nH]3)CCNC4=O)c2nc1N[C@H]1C[C@H](O)C1,"InChI=1S/C20H21N5O2/c1-10-19(23-11-7-12(26)8-11)25-18-13(3-2-4-16(18)22-10)17-9-14-15(24-17)5-6-21-20(14)27/h2-4,9,11-12,24,26H,5-8H2,1H3,(H,21,27)(H,23,25)/t11-,12-"
117,CHEMBL3977692,Cc1nc2cccc(-c3cc4c([nH]3)CCNC4=O)c2nc1N[C@H]1C[C@@H](O)C1,"InChI=1S/C20H21N5O2/c1-10-19(23-11-7-12(26)8-11)25-18-13(3-2-4-16(18)22-10)17-9-14-15(24-17)5-6-21-20(14)27/h2-4,9,11-12,24,26H,5-8H2,1H3,(H,21,27)(H,23,25)/t11-,12+"
118,CHEMBL238303,O=C(Cc1ccccc1)N[C@H]1CO[C@@H](c2ccccc2)OC1,"InChI=1S/C18H19NO3/c20-17(11-14-7-3-1-4-8-14)19-16-12-21-18(22-13-16)15-9-5-2-6-10-15/h1-10,16,18H,11-13H2,(H,19,20)/t16-,18+"
118,CHEMBL397102,O=C(Cc1ccccc1)N[C@H]1CO[C@H](c2ccccc2)OC1,"InChI=1S/C18H19NO3/c20-17(11-14-7-3-1-4-8-14)19-16-12-21-18(22-13-16)15-9-5-2-6-10-15/h1-10,16,18H,11-13H2,(H,19,20)/t16-,18-"
119,CHEMBL3100008,COC(=O)c1ccc(NC(=O)N[C@H]2CC[C@H](Oc3ccc(F)cc3)CC2)cc1,"InChI=1S/C21H23FN2O4/c1-27-20(25)14-2-6-16(7-3-14)23-21(26)24-17-8-12-19(13-9-17)28-18-10-4-15(22)5-11-18/h2-7,10-11,17,19H,8-9,12-13H2,1H3,(H2,23,24,26)/t17-,19-"
119,CHEMBL438983,COC(=O)c1ccc(NC(=O)N[C@H]2CC[C@@H](Oc3ccc(F)cc3)CC2)cc1,"InChI=1S/C21H23FN2O4/c1-27-20(25)14-2-6-16(7-3-14)23-21(26)24-17-8-12-19(13-9-17)28-18-10-4-15(22)5-11-18/h2-7,10-11,17,19H,8-9,12-13H2,1H3,(H2,23,24,26)/t17-,19+"
120,CHEMBL3899794,C[P@]1(=O)OC[C@]2(CCC[C@@]3(S(=O)(=O)c4ccc(Cl)cc4)c4c(F)ccc(F)c4OC[C@@H]23)CO1,"InChI=1S/C22H22ClF2O6PS/c1-32(26)30-12-21(13-31-32)9-2-10-22(33(27,28)15-5-3-14(23)4-6-15)18(21)11-29-20-17(25)8-7-16(24)19(20)22/h3-8,18H,2,9-13H2,1H3/t18-,21-,22-,32+/m0/s1"
120,CHEMBL3936795,C[P@]1(=O)OC[C@@]2(CCC[C@@]3(S(=O)(=O)c4ccc(Cl)cc4)c4c(F)ccc(F)c4OC[C@@H]23)CO1,"InChI=1S/C22H22ClF2O6PS/c1-32(26)30-12-21(13-31-32)9-2-10-22(33(27,28)15-5-3-14(23)4-6-15)18(21)11-29-20-17(25)8-7-16(24)19(20)22/h3-8,18H,2,9-13H2,1H3/t18-,21-,22-,32-/m0/s1"
121,CHEMBL485729,COc1ccccc1[C@H]1CC[C@@H](N2CCN(c3ccccn3)CC2)CC1,"InChI=1S/C22H29N3O/c1-26-21-7-3-2-6-20(21)18-9-11-19(12-10-18)24-14-16-25(17-15-24)22-8-4-5-13-23-22/h2-8,13,18-19H,9-12,14-17H2,1H3/t18-,19+"
121,CHEMBL486136,COc1ccccc1[C@H]1CC[C@H](N2CCN(c3ccccn3)CC2)CC1,"InChI=1S/C22H29N3O/c1-26-21-7-3-2-6-20(21)18-9-11-19(12-10-18)24-14-16-25(17-15-24)22-8-4-5-13-23-22/h2-8,13,18-19H,9-12,14-17H2,1H3/t18-,19-"
122,CHEMBL3822780,CC/C(=C(\c1ccc(NC(=O)C(C)C)cc1)c1ccc(OC)cc1)c1ccc(Cl)cc1Cl,"InChI=1S/C27H27Cl2NO2/c1-5-23(24-15-10-20(28)16-25(24)29)26(19-8-13-22(32-4)14-9-19)18-6-11-21(12-7-18)30-27(31)17(2)3/h6-17H,5H2,1-4H3,(H,30,31)/b26-23-"
122,CHEMBL3823461,CC/C(=C(/c1ccc(NC(=O)C(C)C)cc1)c1ccc(OC)cc1)c1ccc(Cl)cc1Cl,"InChI=1S/C27H27Cl2NO2/c1-5-23(24-15-10-20(28)16-25(24)29)26(19-8-13-22(32-4)14-9-19)18-6-11-21(12-7-18)30-27(31)17(2)3/h6-17H,5H2,1-4H3,(H,30,31)/b26-23+"
123,CHEMBL3917638,N[C@H]1C[C@@H](NC(=O)c2cc(NC(=O)c3cc(-c4ncccc4F)ccc3Cl)n(-c3ccccc3)n2)C1,"InChI=1S/C26H22ClFN6O2/c27-20-9-8-15(24-21(28)7-4-10-30-24)11-19(20)25(35)32-23-14-22(26(36)31-17-12-16(29)13-17)33-34(23)18-5-2-1-3-6-18/h1-11,14,16-17H,12-13,29H2,(H,31,36)(H,32,35)/t16-,17+"
123,CHEMBL3947290,N[C@H]1C[C@H](NC(=O)c2cc(NC(=O)c3cc(-c4ncccc4F)ccc3Cl)n(-c3ccccc3)n2)C1,"InChI=1S/C26H22ClFN6O2/c27-20-9-8-15(24-21(28)7-4-10-30-24)11-19(20)25(35)32-23-14-22(26(36)31-17-12-16(29)13-17)33-34(23)18-5-2-1-3-6-18/h1-11,14,16-17H,12-13,29H2,(H,31,36)(H,32,35)/t16-,17-"
124,CHEMBL3899896,CN1CCc2c(C3=CCN([C@H]4C[C@H](C(=O)O)C4)CC3)[nH]c3nccc(c23)-c2cc(F)ccc21,"InChI=1S/C26H27FN4O2/c1-30-9-7-20-23-19(21-14-17(27)2-3-22(21)30)4-8-28-25(23)29-24(20)15-5-10-31(11-6-15)18-12-16(13-18)26(32)33/h2-5,8,14,16,18H,6-7,9-13H2,1H3,(H,28,29)(H,32,33)/t16-,18-"
124,CHEMBL3984474,CN1CCc2c(C3=CCN([C@H]4C[C@@H](C(=O)O)C4)CC3)[nH]c3nccc(c23)-c2cc(F)ccc21,"InChI=1S/C26H27FN4O2/c1-30-9-7-20-23-19(21-14-17(27)2-3-22(21)30)4-8-28-25(23)29-24(20)15-5-10-31(11-6-15)18-12-16(13-18)26(32)33/h2-5,8,14,16,18H,6-7,9-13H2,1H3,(H,28,29)(H,32,33)/t16-,18+"
125,CHEMBL3426045,O=C1CCCN1[C@H]1CC[C@@H](Nc2ncnc3ccc(-c4cncs4)cc23)CC1,"InChI=1S/C21H23N5OS/c27-20-2-1-9-26(20)16-6-4-15(5-7-16)25-21-17-10-14(19-11-22-13-28-19)3-8-18(17)23-12-24-21/h3,8,10-13,15-16H,1-2,4-7,9H2,(H,23,24,25)/t15-,16+"
125,CHEMBL3426046,O=C1CCCN1[C@H]1CC[C@H](Nc2ncnc3ccc(-c4cncs4)cc23)CC1,"InChI=1S/C21H23N5OS/c27-20-2-1-9-26(20)16-6-4-15(5-7-16)25-21-17-10-14(19-11-22-13-28-19)3-8-18(17)23-12-24-21/h3,8,10-13,15-16H,1-2,4-7,9H2,(H,23,24,25)/t15-,16-"
126,CHEMBL452882,O=C(/C=C/c1ccc(Sc2ccccc2OC[C@H]2CC[C@@H](C(=O)O)CC2)c(C(F)(F)F)c1C(F)(F)F)N1CCOCC1,"InChI=1S/C29H29F6NO5S/c30-28(31,32)25-19(10-12-24(37)36-13-15-40-16-14-36)9-11-23(26(25)29(33,34)35)42-22-4-2-1-3-21(22)41-17-18-5-7-20(8-6-18)27(38)39/h1-4,9-12,18,20H,5-8,13-17H2,(H,38,39)/b12-10+/t18-,20+"
126,CHEMBL502756,O=C(/C=C/c1ccc(Sc2ccccc2OC[C@H]2CC[C@H](C(=O)O)CC2)c(C(F)(F)F)c1C(F)(F)F)N1CCOCC1,"InChI=1S/C29H29F6NO5S/c30-28(31,32)25-19(10-12-24(37)36-13-15-40-16-14-36)9-11-23(26(25)29(33,34)35)42-22-4-2-1-3-21(22)41-17-18-5-7-20(8-6-18)27(38)39/h1-4,9-12,18,20H,5-8,13-17H2,(H,38,39)/b12-10+/t18-,20-"
127,CHEMBL3955490,CC1(C)OC(=O)N([C@H]2CC[C@@H](c3cnc4cc[nH]c4c3)CC2)[C@H]1c1ccccc1,"InChI=1S/C24H27N3O2/c1-24(2)22(17-6-4-3-5-7-17)27(23(28)29-24)19-10-8-16(9-11-19)18-14-21-20(26-15-18)12-13-25-21/h3-7,12-16,19,22,25H,8-11H2,1-2H3/t16-,19+,22-/m0/s1"
127,CHEMBL3986563,CC1(C)OC(=O)N([C@H]2CC[C@H](c3cnc4cc[nH]c4c3)CC2)[C@H]1c1ccccc1,"InChI=1S/C24H27N3O2/c1-24(2)22(17-6-4-3-5-7-17)27(23(28)29-24)19-10-8-16(9-11-19)18-14-21-20(26-15-18)12-13-25-21/h3-7,12-16,19,22,25H,8-11H2,1-2H3/t16-,19-,22-/m0/s1"
128,CHEMBL1951779,CCOc1ccc([C@]2(O)CC[C@H](N3CC[C@@H](NC(=O)CNC(=O)c4cccc(C(F)(F)F)c4)C3)CC2)cn1,"InChI=1S/C27H33F3N4O4/c1-2-38-24-7-6-20(15-31-24)26(37)11-8-22(9-12-26)34-13-10-21(17-34)33-23(35)16-32-25(36)18-4-3-5-19(14-18)27(28,29)30/h3-7,14-15,21-22,37H,2,8-13,16-17H2,1H3,(H,32,36)(H,33,35)/t21-,22-,26-/m1/s1"
128,CHEMBL1951791,CCOc1ccc([C@]2(O)CC[C@@H](N3CC[C@@H](NC(=O)CNC(=O)c4cccc(C(F)(F)F)c4)C3)CC2)cn1,"InChI=1S/C27H33F3N4O4/c1-2-38-24-7-6-20(15-31-24)26(37)11-8-22(9-12-26)34-13-10-21(17-34)33-23(35)16-32-25(36)18-4-3-5-19(14-18)27(28,29)30/h3-7,14-15,21-22,37H,2,8-13,16-17H2,1H3,(H,32,36)(H,33,35)/t21-,22-,26+/m1/s1"
129,CHEMBL3665579,CC(C)(C)C[C@H]1N[C@@H](C(=O)N[C@H]2C[C@@](C)(O)C2)[C@H](c2cccc(Cl)c2F)[C@@]12C(=O)Nc1cc(Cl)ccc12,"InChI=1S/C28H32Cl2FN3O3/c1-26(2,3)13-20-28(17-9-8-14(29)10-19(17)33-25(28)36)21(16-6-5-7-18(30)22(16)31)23(34-20)24(35)32-15-11-27(4,37)12-15/h5-10,15,20-21,23,34,37H,11-13H2,1-4H3,(H,32,35)(H,33,36)/t15-,20-,21+,23-,27+,28+/m1/s1"
129,CHEMBL3665580,CC(C)(C)C[C@H]1N[C@@H](C(=O)N[C@H]2C[C@](C)(O)C2)[C@H](c2cccc(Cl)c2F)[C@@]12C(=O)Nc1cc(Cl)ccc12,"InChI=1S/C28H32Cl2FN3O3/c1-26(2,3)13-20-28(17-9-8-14(29)10-19(17)33-25(28)36)21(16-6-5-7-18(30)22(16)31)23(34-20)24(35)32-15-11-27(4,37)12-15/h5-10,15,20-21,23,34,37H,11-13H2,1-4H3,(H,32,35)(H,33,36)/t15-,20-,21+,23-,27-,28+/m1/s1"
130,CHEMBL3800192,CCCCc1cc(-c2ccccc2)cc(C(=O)N[C@H]2CC[C@@H](C)CC2)c1OC,"InChI=1S/C25H33NO2/c1-4-5-9-20-16-21(19-10-7-6-8-11-19)17-23(24(20)28-3)25(27)26-22-14-12-18(2)13-15-22/h6-8,10-11,16-18,22H,4-5,9,12-15H2,1-3H3,(H,26,27)/t18-,22+"
130,CHEMBL3800638,CCCCc1cc(-c2ccccc2)cc(C(=O)N[C@H]2CC[C@H](C)CC2)c1OC,"InChI=1S/C25H33NO2/c1-4-5-9-20-16-21(19-10-7-6-8-11-19)17-23(24(20)28-3)25(27)26-22-14-12-18(2)13-15-22/h6-8,10-11,16-18,22H,4-5,9,12-15H2,1-3H3,(H,26,27)/t18-,22-"
131,CHEMBL3729758,O=C(N[C@H]1CC[C@@H](CN2CCCC2)CC1)[C@H]1[C@H](C(=O)Nc2ccc(Br)cc2)[C@@H]2C=C[C@H]1C21CC1,"InChI=1S/C28H36BrN3O2/c29-19-5-9-21(10-6-19)31-27(34)25-23-12-11-22(28(23)13-14-28)24(25)26(33)30-20-7-3-18(4-8-20)17-32-15-1-2-16-32/h5-6,9-12,18,20,22-25H,1-4,7-8,13-17H2,(H,30,33)(H,31,34)/t18-,20+,22-,23+,24-,25-/m1/s1"
131,CHEMBL3732371,O=C(N[C@H]1CC[C@H](CN2CCCC2)CC1)[C@H]1[C@H](C(=O)Nc2ccc(Br)cc2)[C@@H]2C=C[C@H]1C21CC1,"InChI=1S/C28H36BrN3O2/c29-19-5-9-21(10-6-19)31-27(34)25-23-12-11-22(28(23)13-14-28)24(25)26(33)30-20-7-3-18(4-8-20)17-32-15-1-2-16-32/h5-6,9-12,18,20,22-25H,1-4,7-8,13-17H2,(H,30,33)(H,31,34)/t18-,20-,22-,23+,24-,25-/m1/s1"
132,CHEMBL130332,CC(=O)N[C@H]1CC[C@@H](n2nc3c4cc(F)c(-c5cc(C)nc(C)c5)c(F)c4n(C4CC4)cc-3c2=O)CC1,"InChI=1S/C28H29F2N5O2/c1-14-10-17(11-15(2)31-14)24-23(29)12-21-26-22(13-34(19-8-9-19)27(21)25(24)30)28(37)35(33-26)20-6-4-18(5-7-20)32-16(3)36/h10-13,18-20H,4-9H2,1-3H3,(H,32,36)/t18-,20+"
132,CHEMBL337180,CC(=O)N[C@H]1CC[C@H](n2nc3c4cc(F)c(-c5cc(C)nc(C)c5)c(F)c4n(C4CC4)cc-3c2=O)CC1,"InChI=1S/C28H29F2N5O2/c1-14-10-17(11-15(2)31-14)24-23(29)12-21-26-22(13-34(19-8-9-19)27(21)25(24)30)28(37)35(33-26)20-6-4-18(5-7-20)32-16(3)36/h10-13,18-20H,4-9H2,1-3H3,(H,32,36)/t18-,20-"
133,CHEMBL3618150,O=S(=O)(N[C@H]1CC[C@@H](c2nnc3cnc4[nH]ccc4n32)CC1)C1CC1,"InChI=1S/C16H20N6O2S/c23-25(24,12-5-6-12)21-11-3-1-10(2-4-11)16-20-19-14-9-18-15-13(22(14)16)7-8-17-15/h7-12,17,21H,1-6H2/t10-,11+"
133,CHEMBL3618151,O=S(=O)(N[C@H]1CC[C@H](c2nnc3cnc4[nH]ccc4n32)CC1)C1CC1,"InChI=1S/C16H20N6O2S/c23-25(24,12-5-6-12)21-11-3-1-10(2-4-11)16-20-19-14-9-18-15-13(22(14)16)7-8-17-15/h7-12,17,21H,1-6H2/t10-,11-"
134,CHEMBL3250439,O=NN(CCCl)C(=O)N[C@H]1CC[C@@H](NC(=O)N(CCCl)N=O)CC1,"InChI=1S/C12H20Cl2N6O4/c13-5-7-19(17-23)11(21)15-9-1-2-10(4-3-9)16-12(22)20(18-24)8-6-14/h9-10H,1-8H2,(H,15,21)(H,16,22)/t9-,10+"
134,CHEMBL3250440,O=NN(CCCl)C(=O)N[C@H]1CC[C@H](NC(=O)N(CCCl)N=O)CC1,"InChI=1S/C12H20Cl2N6O4/c13-5-7-19(17-23)11(21)15-9-1-2-10(4-3-9)16-12(22)20(18-24)8-6-14/h9-10H,1-8H2,(H,15,21)(H,16,22)/t9-,10-"
135,CHEMBL3951261,CC(=O)NC[C@H]1C[C@H](n2cc(-c3cccc(O)c3)c3c(N)ncnc32)C1,"InChI=1S/C19H21N5O2/c1-11(25)21-8-12-5-14(6-12)24-9-16(13-3-2-4-15(26)7-13)17-18(20)22-10-23-19(17)24/h2-4,7,9-10,12,14,26H,5-6,8H2,1H3,(H,21,25)(H2,20,22,23)/t12-,14-"
135,CHEMBL3987052,CC(=O)NC[C@H]1C[C@@H](n2cc(-c3cccc(O)c3)c3c(N)ncnc32)C1,"InChI=1S/C19H21N5O2/c1-11(25)21-8-12-5-14(6-12)24-9-16(13-3-2-4-15(26)7-13)17-18(20)22-10-23-19(17)24/h2-4,7,9-10,12,14,26H,5-6,8H2,1H3,(H,21,25)(H2,20,22,23)/t12-,14+"
136,CHEMBL3889897,O=C(N[C@H]1C[C@@H](O)C1)c1cc(NC(=O)c2cc(-c3ncccc3F)c(Cl)cc2Cl)n(-c2ccccc2)n1,"InChI=1S/C26H20Cl2FN5O3/c27-19-12-20(28)18(11-17(19)24-21(29)7-4-8-30-24)25(36)32-23-13-22(26(37)31-14-9-16(35)10-14)33-34(23)15-5-2-1-3-6-15/h1-8,11-14,16,35H,9-10H2,(H,31,37)(H,32,36)/t14-,16+"
136,CHEMBL3942060,O=C(N[C@H]1C[C@H](O)C1)c1cc(NC(=O)c2cc(-c3ncccc3F)c(Cl)cc2Cl)n(-c2ccccc2)n1,"InChI=1S/C26H20Cl2FN5O3/c27-19-12-20(28)18(11-17(19)24-21(29)7-4-8-30-24)25(36)32-23-13-22(26(37)31-14-9-16(35)10-14)33-34(23)15-5-2-1-3-6-15/h1-8,11-14,16,35H,9-10H2,(H,31,37)(H,32,36)/t14-,16-"
137,CHEMBL1180158,c1ccc2c(c1)c1cc[n+]2CCCCCC[n+]2ccc(c3ccccc32)NCCCCCCN1,"InChI=1S/C30H36N4/c1-2-10-20-32-28-18-24-34(30-16-8-6-14-26(28)30)22-12-4-3-11-21-33-23-17-27(31-19-9-1)25-13-5-7-15-29(25)33/h5-8,13-18,23-24H,1-4,9-12,19-22H2/p+2/b31-27-,32-28+"
137,CHEMBL186139,c1ccc2c(c1)c1cc[n+]2CCCCCC[n+]2ccc(c3ccccc32)NCCCCCCN1,"InChI=1S/C30H36N4/c1-2-10-20-32-28-18-24-34(30-16-8-6-14-26(28)30)22-12-4-3-11-21-33-23-17-27(31-19-9-1)25-13-5-7-15-29(25)33/h5-8,13-18,23-24H,1-4,9-12,19-22H2/p+2/b31-27+,32-28?"
138,CHEMBL3644753,CN(C)[C@H]1CC[C@H](n2cnc3cnc4ccc(C#CCNC(=O)c5cccn([C@@H](CO)c6cccc(F)c6)c5=O)cc4c32)CC1,"InChI=1S/C35H35FN6O3/c1-40(2)26-11-13-27(14-12-26)42-22-39-31-20-38-30-15-10-23(18-29(30)33(31)42)6-4-16-37-34(44)28-9-5-17-41(35(28)45)32(21-43)24-7-3-8-25(36)19-24/h3,5,7-10,15,17-20,22,26-27,32,43H,11-14,16,21H2,1-2H3,(H,37,44)/t26-,27-,32-/m0/s1"
138,CHEMBL3644754,CN(C)[C@H]1CC[C@@H](n2cnc3cnc4ccc(C#CCNC(=O)c5cccn([C@@H](CO)c6cccc(F)c6)c5=O)cc4c32)CC1,"InChI=1S/C35H35FN6O3/c1-40(2)26-11-13-27(14-12-26)42-22-39-31-20-38-30-15-10-23(18-29(30)33(31)42)6-4-16-37-34(44)28-9-5-17-41(35(28)45)32(21-43)24-7-3-8-25(36)19-24/h3,5,7-10,15,17-20,22,26-27,32,43H,11-14,16,21H2,1-2H3,(H,37,44)/t26-,27+,32-/m0/s1"
139,CHEMBL2021616,CC1=C[C@H]2Cc3nc4cc(Cl)ccc4c(N)c3[C@@H](C1)C2,"InChI=1S/C17H17ClN2/c1-9-4-10-6-11(5-9)16-15(7-10)20-14-8-12(18)2-3-13(14)17(16)19/h2-4,8,10-11H,5-7H2,1H3,(H2,19,20)/t10-,11+/m1/s1"
139,CHEMBL4112162,CC1=C[C@H]2Cc3nc4cc(Cl)ccc4c(N)c3[C@@H](C1)C2,"InChI=1S/C17H17ClN2/c1-9-4-10-6-11(5-9)16-15(7-10)20-14-8-12(18)2-3-13(14)17(16)19/h2-4,8,10-11H,5-7H2,1H3,(H2,19,20)/t10-,11?/m1/s1"
140,CHEMBL466308,CCN1CCN(c2cc3[nH]c(C(=O)[C@]4(C)CC[C@@](C)(O)CC4)nc3cc2Cl)CC1,"InChI=1S/C22H31ClN4O2/c1-4-26-9-11-27(12-10-26)18-14-17-16(13-15(18)23)24-20(25-17)19(28)21(2)5-7-22(3,29)8-6-21/h13-14,29H,4-12H2,1-3H3,(H,24,25)/t21-,22-"
140,CHEMBL511742,CCN1CCN(c2cc3[nH]c(C(=O)[C@]4(C)CC[C@](C)(O)CC4)nc3cc2Cl)CC1,"InChI=1S/C22H31ClN4O2/c1-4-26-9-11-27(12-10-26)18-14-17-16(13-15(18)23)24-20(25-17)19(28)21(2)5-7-22(3,29)8-6-21/h13-14,29H,4-12H2,1-3H3,(H,24,25)/t21-,22+"
141,CHEMBL417964,CC(C)Oc1ccc(/C(=C(\C#N)c2ccccc2)c2ccc(O)cc2)cc1,"InChI=1S/C24H21NO2/c1-17(2)27-22-14-10-20(11-15-22)24(19-8-12-21(26)13-9-19)23(16-25)18-6-4-3-5-7-18/h3-15,17,26H,1-2H3/b24-23+"
141,CHEMBL65427,CC(C)Oc1ccc(/C(=C(/C#N)c2ccccc2)c2ccc(O)cc2)cc1,"InChI=1S/C24H21NO2/c1-17(2)27-22-14-10-20(11-15-22)24(19-8-12-21(26)13-9-19)23(16-25)18-6-4-3-5-7-18/h3-15,17,26H,1-2H3/b24-23-"
142,CHEMBL2203942,CCn1cc(C(=O)O)c(=O)c2cc(F)c(NC(=O)[C@H]3CC[C@@H](COc4c(C)cccc4C)CC3)c(F)c21,"InChI=1S/C28H30F2N2O5/c1-4-32-13-20(28(35)36)25(33)19-12-21(29)23(22(30)24(19)32)31-27(34)18-10-8-17(9-11-18)14-37-26-15(2)6-5-7-16(26)3/h5-7,12-13,17-18H,4,8-11,14H2,1-3H3,(H,31,34)(H,35,36)/t17-,18+"
142,CHEMBL2203945,CCn1cc(C(=O)O)c(=O)c2cc(F)c(NC(=O)[C@H]3CC[C@H](COc4c(C)cccc4C)CC3)c(F)c21,"InChI=1S/C28H30F2N2O5/c1-4-32-13-20(28(35)36)25(33)19-12-21(29)23(22(30)24(19)32)31-27(34)18-10-8-17(9-11-18)14-37-26-15(2)6-5-7-16(26)3/h5-7,12-13,17-18H,4,8-11,14H2,1-3H3,(H,31,34)(H,35,36)/t17-,18-"
143,CHEMBL3823511,CC/C(=C(\c1ccccc1)c1ccc(NC(=O)C(C)C)cc1)c1ccc(O)cc1,"InChI=1S/C26H27NO2/c1-4-24(19-12-16-23(28)17-13-19)25(20-8-6-5-7-9-20)21-10-14-22(15-11-21)27-26(29)18(2)3/h5-18,28H,4H2,1-3H3,(H,27,29)/b25-24-"
143,CHEMBL3824095,CC/C(=C(/c1ccccc1)c1ccc(NC(=O)C(C)C)cc1)c1ccc(O)cc1,"InChI=1S/C26H27NO2/c1-4-24(19-12-16-23(28)17-13-19)25(20-8-6-5-7-9-20)21-10-14-22(15-11-21)27-26(29)18(2)3/h5-18,28H,4H2,1-3H3,(H,27,29)/b25-24+"
144,CHEMBL3827043,C[C@]1(O)C[C@](c2ccnc(C(F)(F)F)c2)([C@H](O)c2ccccn2)C1,"InChI=1S/C17H17F3N2O2/c1-15(24)9-16(10-15,14(23)12-4-2-3-6-21-12)11-5-7-22-13(8-11)17(18,19)20/h2-8,14,23-24H,9-10H2,1H3/t14-,15-,16-/m1/s1"
144,CHEMBL3827715,C[C@]1(O)C[C@@](c2ccnc(C(F)(F)F)c2)([C@H](O)c2ccccn2)C1,"InChI=1S/C17H17F3N2O2/c1-15(24)9-16(10-15,14(23)12-4-2-3-6-21-12)11-5-7-22-13(8-11)17(18,19)20/h2-8,14,23-24H,9-10H2,1H3/t14-,15-,16+/m1/s1"
145,CHEMBL3698180,C[C@@H](c1ccc(OC(F)F)cc1)N1CC[C@]2(CC[C@@H](O)CC2)OC1=O,"InChI=1S/C18H23F2NO4/c1-12(13-2-4-15(5-3-13)24-16(19)20)21-11-10-18(25-17(21)23)8-6-14(22)7-9-18/h2-5,12,14,16,22H,6-11H2,1H3/t12-,14-,18-/m0/s1"
145,CHEMBL3698237,C[C@@H](c1ccc(OC(F)F)cc1)N1CC[C@]2(CC[C@H](O)CC2)OC1=O,"InChI=1S/C18H23F2NO4/c1-12(13-2-4-15(5-3-13)24-16(19)20)21-11-10-18(25-17(21)23)8-6-14(22)7-9-18/h2-5,12,14,16,22H,6-11H2,1H3/t12-,14-,18+/m0/s1"
146,CHEMBL3974608,COc1cc([C@H]2CC[C@H](N3CCN(CCS(C)(=O)=O)CC3)CC2)ccc1Nc1nccc(-c2c(-c3cccc(C(=O)Nc4c(F)cccc4F)c3)nc3ccccn23)n1,"InChI=1S/C44H46F2N8O4S/c1-58-38-28-30(29-12-15-33(16-13-29)53-23-21-52(22-24-53)25-26-59(2,56)57)14-17-36(38)48-44-47-19-18-37(49-44)42-40(50-39-11-3-4-20-54(39)42)31-7-5-8-32(27-31)43(55)51-41-34(45)9-6-10-35(41)46/h3-11,14,17-20,27-29,33H,12-13,15-16,21-26H2,1-2H3,(H,51,55)(H,47,48,49)/t29-,33-"
146,CHEMBL3979065,COc1cc([C@H]2CC[C@@H](N3CCN(CCS(C)(=O)=O)CC3)CC2)ccc1Nc1nccc(-c2c(-c3cccc(C(=O)Nc4c(F)cccc4F)c3)nc3ccccn23)n1,"InChI=1S/C44H46F2N8O4S/c1-58-38-28-30(29-12-15-33(16-13-29)53-23-21-52(22-24-53)25-26-59(2,56)57)14-17-36(38)48-44-47-19-18-37(49-44)42-40(50-39-11-3-4-20-54(39)42)31-7-5-8-32(27-31)43(55)51-41-34(45)9-6-10-35(41)46/h3-11,14,17-20,27-29,33H,12-13,15-16,21-26H2,1-2H3,(H,51,55)(H,47,48,49)/t29-,33+"
147,CHEMBL224361,c1cc(N[C@H]2CC[C@H](NC3CC3)CC2)c2ccncc2c1,"InChI=1S/C18H23N3/c1-2-13-12-19-11-10-17(13)18(3-1)21-16-8-6-15(7-9-16)20-14-4-5-14/h1-3,10-12,14-16,20-21H,4-9H2/t15-,16-"
147,CHEMBL375735,c1cc(N[C@H]2CC[C@@H](NC3CC3)CC2)c2ccncc2c1,"InChI=1S/C18H23N3/c1-2-13-12-19-11-10-17(13)18(3-1)21-16-8-6-15(7-9-16)20-14-4-5-14/h1-3,10-12,14-16,20-21H,4-9H2/t15-,16+"
148,CHEMBL228607,COc1ccc(S(=O)(=O)N[C@H]2CC[C@H](N3CCC(c4ccccc4OCC(F)F)CC3)CC2)cc1OC,"InChI=1S/C27H36F2N2O5S/c1-34-25-12-11-22(17-26(25)35-2)37(32,33)30-20-7-9-21(10-8-20)31-15-13-19(14-16-31)23-5-3-4-6-24(23)36-18-27(28)29/h3-6,11-12,17,19-21,27,30H,7-10,13-16,18H2,1-2H3/t20-,21-"
148,CHEMBL387833,COc1ccc(S(=O)(=O)N[C@H]2CC[C@@H](N3CCC(c4ccccc4OCC(F)F)CC3)CC2)cc1OC,"InChI=1S/C27H36F2N2O5S/c1-34-25-12-11-22(17-26(25)35-2)37(32,33)30-20-7-9-21(10-8-20)31-15-13-19(14-16-31)23-5-3-4-6-24(23)36-18-27(28)29/h3-6,11-12,17,19-21,27,30H,7-10,13-16,18H2,1-2H3/t20-,21+"
149,CHEMBL3827855,O[C@H](c1ccccn1)[C@]1(c2ccnc(C(F)(F)F)c2)C[C@H](O)C1,"InChI=1S/C16H15F3N2O2/c17-16(18,19)13-7-10(4-6-21-13)15(8-11(22)9-15)14(23)12-3-1-2-5-20-12/h1-7,11,14,22-23H,8-9H2/t11-,14-,15+/m1/s1"
149,CHEMBL3828220,O[C@H](c1ccccn1)[C@]1(c2ccnc(C(F)(F)F)c2)C[C@@H](O)C1,"InChI=1S/C16H15F3N2O2/c17-16(18,19)13-7-10(4-6-21-13)15(8-11(22)9-15)14(23)12-3-1-2-5-20-12/h1-7,11,14,22-23H,8-9H2/t11-,14-,15-/m1/s1"
150,CHEMBL411062,CN(C)C[C@H]1C[C@H](c2nc(-c3ccc4ccc(-c5ccccc5)nc4c3)c3c(N)nccn32)C1,"InChI=1S/C28H28N6/c1-33(2)17-18-14-22(15-18)28-32-25(26-27(29)30-12-13-34(26)28)21-9-8-20-10-11-23(31-24(20)16-21)19-6-4-3-5-7-19/h3-13,16,18,22H,14-15,17H2,1-2H3,(H2,29,30)/t18-,22-"
150,CHEMBL413828,CN(C)C[C@H]1C[C@@H](c2nc(-c3ccc4ccc(-c5ccccc5)nc4c3)c3c(N)nccn32)C1,"InChI=1S/C28H28N6/c1-33(2)17-18-14-22(15-18)28-32-25(26-27(29)30-12-13-34(26)28)21-9-8-20-10-11-23(31-24(20)16-21)19-6-4-3-5-7-19/h3-13,16,18,22H,14-15,17H2,1-2H3,(H2,29,30)/t18-,22+"
151,CHEMBL2316296,CCCCCn1cc(C(=O)N[C@H]2CC[C@H](C)CC2)c(=O)c2c(C)nn(C)c21,"InChI=1S/C21H32N4O2/c1-5-6-7-12-25-13-17(19(26)18-15(3)23-24(4)21(18)25)20(27)22-16-10-8-14(2)9-11-16/h13-14,16H,5-12H2,1-4H3,(H,22,27)/t14-,16-"
151,CHEMBL2316297,CCCCCn1cc(C(=O)N[C@H]2CC[C@@H](C)CC2)c(=O)c2c(C)nn(C)c21,"InChI=1S/C21H32N4O2/c1-5-6-7-12-25-13-17(19(26)18-15(3)23-24(4)21(18)25)20(27)22-16-10-8-14(2)9-11-16/h13-14,16H,5-12H2,1-4H3,(H,22,27)/t14-,16+"
152,CHEMBL4125712,COc1cccc(-c2cc(C(=O)Nc3cc4ccc(O[C@H]5CC[C@@H](NCC6CC6)CC5)c(C)c4oc3=O)ccc2OC)c1,"InChI=1S/C35H38N2O6/c1-21-31(42-27-13-11-26(12-14-27)36-20-22-7-8-22)15-9-24-19-30(35(39)43-33(21)24)37-34(38)25-10-16-32(41-3)29(18-25)23-5-4-6-28(17-23)40-2/h4-6,9-10,15-19,22,26-27,36H,7-8,11-14,20H2,1-3H3,(H,37,38)/t26-,27+"
152,CHEMBL4127646,COc1cccc(-c2cc(C(=O)Nc3cc4ccc(O[C@H]5CC[C@H](NCC6CC6)CC5)c(C)c4oc3=O)ccc2OC)c1,"InChI=1S/C35H38N2O6/c1-21-31(42-27-13-11-26(12-14-27)36-20-22-7-8-22)15-9-24-19-30(35(39)43-33(21)24)37-34(38)25-10-16-32(41-3)29(18-25)23-5-4-6-28(17-23)40-2/h4-6,9-10,15-19,22,26-27,36H,7-8,11-14,20H2,1-3H3,(H,37,38)/t26-,27-"
153,CHEMBL3898740,CO[C@H]1C[C@H](c2cc(C)c(C(=O)N3CCC(c4ccc(C#N)cc4)CC3)cc2-c2nnc(C)[nH]2)C1,"InChI=1S/C28H31N5O2/c1-17-12-25(22-13-23(14-22)35-3)26(27-30-18(2)31-32-27)15-24(17)28(34)33-10-8-21(9-11-33)20-6-4-19(16-29)5-7-20/h4-7,12,15,21-23H,8-11,13-14H2,1-3H3,(H,30,31,32)/t22-,23-"
153,CHEMBL3924864,CO[C@H]1C[C@@H](c2cc(C)c(C(=O)N3CCC(c4ccc(C#N)cc4)CC3)cc2-c2nnc(C)[nH]2)C1,"InChI=1S/C28H31N5O2/c1-17-12-25(22-13-23(14-22)35-3)26(27-30-18(2)31-32-27)15-24(17)28(34)33-10-8-21(9-11-33)20-6-4-19(16-29)5-7-20/h4-7,12,15,21-23H,8-11,13-14H2,1-3H3,(H,30,31,32)/t22-,23+"
154,CHEMBL3892809,O=C(O)c1ccc(-c2c([C@H]3C[C@H](c4ccc5ccccc5n4)C3)nc3c(N4CCOCC4)ccnn23)cc1,"InChI=1S/C30H27N5O3/c36-30(37)21-7-5-20(6-8-21)28-27(33-29-26(11-12-31-35(28)29)34-13-15-38-16-14-34)23-17-22(18-23)25-10-9-19-3-1-2-4-24(19)32-25/h1-12,22-23H,13-18H2,(H,36,37)/t22-,23-"
154,CHEMBL3908335,O=C(O)c1ccc(-c2c([C@H]3C[C@@H](c4ccc5ccccc5n4)C3)nc3c(N4CCOCC4)ccnn23)cc1,"InChI=1S/C30H27N5O3/c36-30(37)21-7-5-20(6-8-21)28-27(33-29-26(11-12-31-35(28)29)34-13-15-38-16-14-34)23-17-22(18-23)25-10-9-19-3-1-2-4-24(19)32-25/h1-12,22-23H,13-18H2,(H,36,37)/t22-,23+"
155,CHEMBL291760,COc1cccc2c1CN([C@H]1CC[C@H](c3c[nH]c4ccc(C#N)cc43)CC1)CC2,"InChI=1S/C25H27N3O/c1-29-25-4-2-3-18-11-12-28(16-23(18)25)20-8-6-19(7-9-20)22-15-27-24-10-5-17(14-26)13-21(22)24/h2-5,10,13,15,19-20,27H,6-9,11-12,16H2,1H3/t19-,20-"
155,CHEMBL57717,COc1cccc2c1CN([C@H]1CC[C@@H](c3c[nH]c4ccc(C#N)cc43)CC1)CC2,"InChI=1S/C25H27N3O/c1-29-25-4-2-3-18-11-12-28(16-23(18)25)20-8-6-19(7-9-20)22-15-27-24-10-5-17(14-26)13-21(22)24/h2-5,10,13,15,19-20,27H,6-9,11-12,16H2,1H3/t19-,20+"
156,CHEMBL1927582,CCCCCCCCc1ccc([C@H]2CC[C@@H](N(C)C)CC2)cc1,"InChI=1S/C22H37N/c1-4-5-6-7-8-9-10-19-11-13-20(14-12-19)21-15-17-22(18-16-21)23(2)3/h11-14,21-22H,4-10,15-18H2,1-3H3/t21-,22+"
156,CHEMBL1927583,CCCCCCCCc1ccc([C@H]2CC[C@H](N(C)C)CC2)cc1,"InChI=1S/C22H37N/c1-4-5-6-7-8-9-10-19-11-13-20(14-12-19)21-15-17-22(18-16-21)23(2)3/h11-14,21-22H,4-10,15-18H2,1-3H3/t21-,22-"
157,CHEMBL2021493,C[C@@](O)(c1ccc(C(=O)N(C2CC2)[C@H]2CC[C@@H](CCC(N)=O)CC2)cc1)C(F)(F)F,"InChI=1S/C22H29F3N2O3/c1-21(30,22(23,24)25)16-7-5-15(6-8-16)20(29)27(18-11-12-18)17-9-2-14(3-10-17)4-13-19(26)28/h5-8,14,17-18,30H,2-4,9-13H2,1H3,(H2,26,28)/t14-,17+,21-/m1/s1"
157,CHEMBL2021502,C[C@@](O)(c1ccc(C(=O)N(C2CC2)[C@H]2CC[C@H](CCC(N)=O)CC2)cc1)C(F)(F)F,"InChI=1S/C22H29F3N2O3/c1-21(30,22(23,24)25)16-7-5-15(6-8-16)20(29)27(18-11-12-18)17-9-2-14(3-10-17)4-13-19(26)28/h5-8,14,17-18,30H,2-4,9-13H2,1H3,(H2,26,28)/t14-,17-,21-/m1/s1"
158,CHEMBL137276,N[C@]1(C(=O)O)C[C@H](C(=O)CP(=O)(O)O)C1,"InChI=1S/C7H12NO6P/c8-7(6(10)11)1-4(2-7)5(9)3-15(12,13)14/h4H,1-3,8H2,(H,10,11)(H2,12,13,14)/t4-,7+"
158,CHEMBL342240,N[C@]1(C(=O)O)C[C@@H](C(=O)CP(=O)(O)O)C1,"InChI=1S/C7H12NO6P/c8-7(6(10)11)1-4(2-7)5(9)3-15(12,13)14/h4H,1-3,8H2,(H,10,11)(H2,12,13,14)/t4-,7-"
159,CHEMBL4098912,N[C@H]1CC[C@](CCOc2cc(F)c(S(=O)(=O)Nc3ncns3)cc2Cl)(c2ccccc2)CC1,"InChI=1S/C22H24ClFN4O3S2/c23-17-12-20(33(29,30)28-21-26-14-27-32-21)18(24)13-19(17)31-11-10-22(8-6-16(25)7-9-22)15-4-2-1-3-5-15/h1-5,12-14,16H,6-11,25H2,(H,26,27,28)/t16-,22-"
159,CHEMBL4098978,N[C@H]1CC[C@@](CCOc2cc(F)c(S(=O)(=O)Nc3ncns3)cc2Cl)(c2ccccc2)CC1,"InChI=1S/C22H24ClFN4O3S2/c23-17-12-20(33(29,30)28-21-26-14-27-32-21)18(24)13-19(17)31-11-10-22(8-6-16(25)7-9-22)15-4-2-1-3-5-15/h1-5,12-14,16H,6-11,25H2,(H,26,27,28)/t16-,22+"
160,CHEMBL3690359,CC[C@]1(O)CC[C@@H](c2cccnc2Oc2ccc(C(=O)c3nc4ccccc4[nH]3)cc2)CC1,"InChI=1S/C27H27N3O3/c1-2-27(32)15-13-18(14-16-27)21-6-5-17-28-26(21)33-20-11-9-19(10-12-20)24(31)25-29-22-7-3-4-8-23(22)30-25/h3-12,17-18,32H,2,13-16H2,1H3,(H,29,30)/t18-,27+"
160,CHEMBL3690360,CC[C@]1(O)CC[C@H](c2cccnc2Oc2ccc(C(=O)c3nc4ccccc4[nH]3)cc2)CC1,"InChI=1S/C27H27N3O3/c1-2-27(32)15-13-18(14-16-27)21-6-5-17-28-26(21)33-20-11-9-19(10-12-20)24(31)25-29-22-7-3-4-8-23(22)30-25/h3-12,17-18,32H,2,13-16H2,1H3,(H,29,30)/t18-,27-"
161,CHEMBL494484,Cn1cc([C@H]2CC[C@@H](N3CCN(c4cccc5[nH]ccc45)CC3)CC2)c2cc(C#N)ccc21,"InChI=1S/C28H31N5/c1-31-19-25(24-17-20(18-29)5-10-27(24)31)21-6-8-22(9-7-21)32-13-15-33(16-14-32)28-4-2-3-26-23(28)11-12-30-26/h2-5,10-12,17,19,21-22,30H,6-9,13-16H2,1H3/t21-,22+"
161,CHEMBL494688,Cn1cc([C@H]2CC[C@H](N3CCN(c4cccc5[nH]ccc45)CC3)CC2)c2cc(C#N)ccc21,"InChI=1S/C28H31N5/c1-31-19-25(24-17-20(18-29)5-10-27(24)31)21-6-8-22(9-7-21)32-13-15-33(16-14-32)28-4-2-3-26-23(28)11-12-30-26/h2-5,10-12,17,19,21-22,30H,6-9,13-16H2,1H3/t21-,22-"
162,CHEMBL3648937,Cc1nc(N)nc2c1cc(-c1cnc3[nH]ccc3c1)c(=O)n2[C@H]1CC[C@H](O)CC1,"InChI=1S/C21H22N6O2/c1-11-16-9-17(13-8-12-6-7-23-18(12)24-10-13)20(29)27(19(16)26-21(22)25-11)14-2-4-15(28)5-3-14/h6-10,14-15,28H,2-5H2,1H3,(H,23,24)(H2,22,25,26)/t14-,15-"
162,CHEMBL3648950,Cc1nc(N)nc2c1cc(-c1cnc3[nH]ccc3c1)c(=O)n2[C@H]1CC[C@@H](O)CC1,"InChI=1S/C21H22N6O2/c1-11-16-9-17(13-8-12-6-7-23-18(12)24-10-13)20(29)27(19(16)26-21(22)25-11)14-2-4-15(28)5-3-14/h6-10,14-15,28H,2-5H2,1H3,(H,23,24)(H2,22,25,26)/t14-,15+"
163,CHEMBL3775304,Cc1ccc(NC(=O)CCc2nnc([C@H]3C[C@H](CC(C)C)C3)n2C2CC2)c(C)c1,"InChI=1S/C24H34N4O/c1-15(2)11-18-13-19(14-18)24-27-26-22(28(24)20-6-7-20)9-10-23(29)25-21-8-5-16(3)12-17(21)4/h5,8,12,15,18-20H,6-7,9-11,13-14H2,1-4H3,(H,25,29)/t18-,19-"
163,CHEMBL3775828,Cc1ccc(NC(=O)CCc2nnc([C@H]3C[C@@H](CC(C)C)C3)n2C2CC2)c(C)c1,"InChI=1S/C24H34N4O/c1-15(2)11-18-13-19(14-18)24-27-26-22(28(24)20-6-7-20)9-10-23(29)25-21-8-5-16(3)12-17(21)4/h5,8,12,15,18-20H,6-7,9-11,13-14H2,1-4H3,(H,25,29)/t18-,19+"
164,CHEMBL456437,c1ccc([C@H]2CC[C@H](N3CCN(c4ccccn4)CC3)CC2)cc1,"InChI=1S/C21H27N3/c1-2-6-18(7-3-1)19-9-11-20(12-10-19)23-14-16-24(17-15-23)21-8-4-5-13-22-21/h1-8,13,19-20H,9-12,14-17H2/t19-,20-"
164,CHEMBL458553,c1ccc([C@H]2CC[C@@H](N3CCN(c4ccccn4)CC3)CC2)cc1,"InChI=1S/C21H27N3/c1-2-6-18(7-3-1)19-9-11-20(12-10-19)23-14-16-24(17-15-23)21-8-4-5-13-22-21/h1-8,13,19-20H,9-12,14-17H2/t19-,20+"
165,CHEMBL2152414,N[C@H]1CC[C@H](n2cnc3cnc4[nH]ccc4c32)CC1,"InChI=1S/C14H17N5/c15-9-1-3-10(4-2-9)19-8-18-12-7-17-14-11(13(12)19)5-6-16-14/h5-10H,1-4,15H2,(H,16,17)/t9-,10-"
165,CHEMBL2152415,N[C@H]1CC[C@@H](n2cnc3cnc4[nH]ccc4c32)CC1,"InChI=1S/C14H17N5/c15-9-1-3-10(4-2-9)19-8-18-12-7-17-14-11(13(12)19)5-6-16-14/h5-10H,1-4,15H2,(H,16,17)/t9-,10+"
166,CHEMBL1620392,CC(C)[C@@H](N)C(=O)NC[C@H]1CC[C@H](C(=O)N[C@@H](Cc2ccccc2)C(=O)O)CC1,"InChI=1S/C22H33N3O4/c1-14(2)19(23)21(27)24-13-16-8-10-17(11-9-16)20(26)25-18(22(28)29)12-15-6-4-3-5-7-15/h3-7,14,16-19H,8-13,23H2,1-2H3,(H,24,27)(H,25,26)(H,28,29)/t16-,17-,18-,19+/m0/s1"
166,CHEMBL241605,CC(C)[C@@H](N)C(=O)NC[C@H]1CC[C@@H](C(=O)N[C@@H](Cc2ccccc2)C(=O)O)CC1,"InChI=1S/C22H33N3O4/c1-14(2)19(23)21(27)24-13-16-8-10-17(11-9-16)20(26)25-18(22(28)29)12-15-6-4-3-5-7-15/h3-7,14,16-19H,8-13,23H2,1-2H3,(H,24,27)(H,25,26)(H,28,29)/t16-,17+,18-,19+/m0/s1"
167,CHEMBL1975684,Cc1ccc(C[C@]2(OCCN(C)C)CC[C@@H](C(C)(C)C)CC2)cc1.O=C(O)/C=C/C(=O)O,"InChI=1S/C22H37NO.C4H4O4/c1-18-7-9-19(10-8-18)17-22(24-16-15-23(5)6)13-11-20(12-14-22)21(2,3)4;5-3(6)1-2-4(7)8/h7-10,20H,11-17H2,1-6H3;1-2H,(H,5,6)(H,7,8)/b;2-1+/t20-,22+;"
167,CHEMBL2374719,Cc1ccc(C[C@]2(OCCN(C)C)CC[C@H](C(C)(C)C)CC2)cc1.O=C(O)/C=C/C(=O)O,"InChI=1S/C22H37NO.C4H4O4/c1-18-7-9-19(10-8-18)17-22(24-16-15-23(5)6)13-11-20(12-14-22)21(2,3)4;5-3(6)1-2-4(7)8/h7-10,20H,11-17H2,1-6H3;1-2H,(H,5,6)(H,7,8)/b;2-1+/t20-,22-;"
168,CHEMBL3674217,CN(C)C[C@H]1CC[C@H](Nc2c(C(=O)C3CC3)cnc3ccc(-c4cc(Cl)c(O)c(Cl)c4)cc23)CC1,"InChI=1S/C28H31Cl2N3O2/c1-33(2)15-16-3-8-20(9-4-16)32-26-21-11-18(19-12-23(29)28(35)24(30)13-19)7-10-25(21)31-14-22(26)27(34)17-5-6-17/h7,10-14,16-17,20,35H,3-6,8-9,15H2,1-2H3,(H,31,32)/t16-,20-"
168,CHEMBL3679166,CN(C)C[C@H]1CC[C@@H](Nc2c(C(=O)C3CC3)cnc3ccc(-c4cc(Cl)c(O)c(Cl)c4)cc23)CC1,"InChI=1S/C28H31Cl2N3O2/c1-33(2)15-16-3-8-20(9-4-16)32-26-21-11-18(19-12-23(29)28(35)24(30)13-19)7-10-25(21)31-14-22(26)27(34)17-5-6-17/h7,10-14,16-17,20,35H,3-6,8-9,15H2,1-2H3,(H,31,32)/t16-,20+"
169,CHEMBL2407853,C[C@H](c1ccccc1)N1C(=O)O[C@](Cc2ccccc2)(C(=O)N[C@H]2C[C@@H](c3ccccc3)C2)C1=O,"InChI=1S/C29H28N2O4/c1-20(22-13-7-3-8-14-22)31-27(33)29(35-28(31)34,19-21-11-5-2-6-12-21)26(32)30-25-17-24(18-25)23-15-9-4-10-16-23/h2-16,20,24-25H,17-19H2,1H3,(H,30,32)/t20-,24-,25+,29-/m1/s1"
169,CHEMBL2407854,C[C@H](c1ccccc1)N1C(=O)O[C@](Cc2ccccc2)(C(=O)N[C@H]2C[C@H](c3ccccc3)C2)C1=O,"InChI=1S/C29H28N2O4/c1-20(22-13-7-3-8-14-22)31-27(33)29(35-28(31)34,19-21-11-5-2-6-12-21)26(32)30-25-17-24(18-25)23-15-9-4-10-16-23/h2-16,20,24-25H,17-19H2,1H3,(H,30,32)/t20-,24-,25-,29-/m1/s1"
170,CHEMBL168513,O=C1NCN(c2ccccc2)C12CCN([C@H]1CC[C@H](C3CCCCC3)CC1)CC2,"InChI=1S/C25H37N3O/c29-24-25(28(19-26-24)23-9-5-2-6-10-23)15-17-27(18-16-25)22-13-11-21(12-14-22)20-7-3-1-4-8-20/h2,5-6,9-10,20-22H,1,3-4,7-8,11-19H2,(H,26,29)/t21-,22-"
170,CHEMBL354065,O=C1NCN(c2ccccc2)C12CCN([C@H]1CC[C@@H](C3CCCCC3)CC1)CC2,"InChI=1S/C25H37N3O/c29-24-25(28(19-26-24)23-9-5-2-6-10-23)15-17-27(18-16-25)22-13-11-21(12-14-22)20-7-3-1-4-8-20/h2,5-6,9-10,20-22H,1,3-4,7-8,11-19H2,(H,26,29)/t21-,22+"
171,CHEMBL2114389,CC(C)[C@H]1CC[C@@H](C(=O)N[C@H](Cc2ccccc2)C(=O)O)CC1,"InChI=1S/C19H27NO3/c1-13(2)15-8-10-16(11-9-15)18(21)20-17(19(22)23)12-14-6-4-3-5-7-14/h3-7,13,15-17H,8-12H2,1-2H3,(H,20,21)(H,22,23)/t15-,16+,17-/m1/s1"
171,CHEMBL783,CC(C)[C@H]1CC[C@H](C(=O)N[C@H](Cc2ccccc2)C(=O)O)CC1,"InChI=1S/C19H27NO3/c1-13(2)15-8-10-16(11-9-15)18(21)20-17(19(22)23)12-14-6-4-3-5-7-14/h3-7,13,15-17H,8-12H2,1-2H3,(H,20,21)(H,22,23)/t15-,16-,17-/m1/s1"
172,CHEMBL3342774,O=C(O)[C@H]1CC[C@@H](OC2CCN(c3ccc(-c4nc5cc(C(F)(F)F)ccc5[nH]4)cn3)CC2)CC1,"InChI=1S/C25H27F3N4O3/c26-25(27,28)17-4-7-20-21(13-17)31-23(30-20)16-3-8-22(29-14-16)32-11-9-19(10-12-32)35-18-5-1-15(2-6-18)24(33)34/h3-4,7-8,13-15,18-19H,1-2,5-6,9-12H2,(H,30,31)(H,33,34)/t15-,18+"
172,CHEMBL3342775,O=C(O)[C@H]1CC[C@H](OC2CCN(c3ccc(-c4nc5cc(C(F)(F)F)ccc5[nH]4)cn3)CC2)CC1,"InChI=1S/C25H27F3N4O3/c26-25(27,28)17-4-7-20-21(13-17)31-23(30-20)16-3-8-22(29-14-16)32-11-9-19(10-12-32)35-18-5-1-15(2-6-18)24(33)34/h3-4,7-8,13-15,18-19H,1-2,5-6,9-12H2,(H,30,31)(H,33,34)/t15-,18-"
173,CHEMBL3698171,C[C@@H](c1ccc(F)cc1)N1CC[C@]2(CC[C@@H](O)CC2)OC1=O,"InChI=1S/C17H22FNO3/c1-12(13-2-4-14(18)5-3-13)19-11-10-17(22-16(19)21)8-6-15(20)7-9-17/h2-5,12,15,20H,6-11H2,1H3/t12-,15-,17-/m0/s1"
173,CHEMBL3698233,C[C@@H](c1ccc(F)cc1)N1CC[C@]2(CC[C@H](O)CC2)OC1=O,"InChI=1S/C17H22FNO3/c1-12(13-2-4-14(18)5-3-13)19-11-10-17(22-16(19)21)8-6-15(20)7-9-17/h2-5,12,15,20H,6-11H2,1H3/t12-,15-,17+/m0/s1"
174,CHEMBL149959,C[C@H]1CC[C@H](C(=O)CCC(=O)O)CC1,"InChI=1S/C11H18O3/c1-8-2-4-9(5-3-8)10(12)6-7-11(13)14/h8-9H,2-7H2,1H3,(H,13,14)/t8-,9-"
174,CHEMBL150963,C[C@H]1CC[C@@H](C(=O)CCC(=O)O)CC1,"InChI=1S/C11H18O3/c1-8-2-4-9(5-3-8)10(12)6-7-11(13)14/h8-9H,2-7H2,1H3,(H,13,14)/t8-,9+"
175,CHEMBL1817784,CNc1ccc2nc3ccc(=[N+](C)C)cc-3sc2c1.[Cl-],"InChI=1S/C15H15N3S.ClH/c1-16-10-4-6-12-14(8-10)19-15-9-11(18(2)3)5-7-13(15)17-12;/h4-9H,1-3H3;1H"
175,CHEMBL3330736,CNc1ccc2nc3ccc(N(C)C)cc3[s+]c2c1.[Cl-],"InChI=1S/C15H16N3S.ClH/c1-16-10-4-6-12-14(8-10)19-15-9-11(18(2)3)5-7-13(15)17-12;/h4-9,16H,1-3H3;1H/q+1;/p-1"
176,CHEMBL3322457,Cc1c(C(=O)NCCCCCCCCNC(=O)[C@H]2CC[C@H](C(=O)NCCCCCCCCNC(=O)c3nn(-c4ccc(Cl)cc4Cl)c(-c4ccc(Cl)cc4)c3C)CC2)nn(-c2ccc(Cl)cc2Cl)c1-c1ccc(Cl)cc1,"InChI=1S/C58H66Cl6N8O4/c1-37-51(69-71(49-29-27-45(61)35-47(49)63)53(37)39-19-23-43(59)24-20-39)57(75)67-33-13-9-5-3-7-11-31-65-55(73)41-15-17-42(18-16-41)56(74)66-32-12-8-4-6-10-14-34-68-58(76)52-38(2)54(40-21-25-44(60)26-22-40)72(70-52)50-30-28-46(62)36-48(50)64/h19-30,35-36,41-42H,3-18,31-34H2,1-2H3,(H,65,73)(H,66,74)(H,67,75)(H,68,76)/t41-,42-"
176,CHEMBL3322460,Cc1c(C(=O)NCCCCCCCCNC(=O)[C@H]2CC[C@@H](C(=O)NCCCCCCCCNC(=O)c3nn(-c4ccc(Cl)cc4Cl)c(-c4ccc(Cl)cc4)c3C)CC2)nn(-c2ccc(Cl)cc2Cl)c1-c1ccc(Cl)cc1,"InChI=1S/C58H66Cl6N8O4/c1-37-51(69-71(49-29-27-45(61)35-47(49)63)53(37)39-19-23-43(59)24-20-39)57(75)67-33-13-9-5-3-7-11-31-65-55(73)41-15-17-42(18-16-41)56(74)66-32-12-8-4-6-10-14-34-68-58(76)52-38(2)54(40-21-25-44(60)26-22-40)72(70-52)50-30-28-46(62)36-48(50)64/h19-30,35-36,41-42H,3-18,31-34H2,1-2H3,(H,65,73)(H,66,74)(H,67,75)(H,68,76)/t41-,42+"
177,CHEMBL2152412,CC(C)(C)OC(=O)N[C@H]1CC[C@H](n2cnc3cnc4[nH]ccc4c32)CC1,"InChI=1S/C19H25N5O2/c1-19(2,3)26-18(25)23-12-4-6-13(7-5-12)24-11-22-15-10-21-17-14(16(15)24)8-9-20-17/h8-13H,4-7H2,1-3H3,(H,20,21)(H,23,25)/t12-,13-"
177,CHEMBL2152413,CC(C)(C)OC(=O)N[C@H]1CC[C@@H](n2cnc3cnc4[nH]ccc4c32)CC1,"InChI=1S/C19H25N5O2/c1-19(2,3)26-18(25)23-12-4-6-13(7-5-12)24-11-22-15-10-21-17-14(16(15)24)8-9-20-17/h8-13H,4-7H2,1-3H3,(H,20,21)(H,23,25)/t12-,13+"
178,CHEMBL233816,COc1ccc(Cl)cc1S(=O)(=O)N[C@H]1CC[C@@H](N2CCN(c3ccccc3OC(C)C)CC2)CC1,"InChI=1S/C26H36ClN3O4S/c1-19(2)34-24-7-5-4-6-23(24)30-16-14-29(15-17-30)22-11-9-21(10-12-22)28-35(31,32)26-18-20(27)8-13-25(26)33-3/h4-8,13,18-19,21-22,28H,9-12,14-17H2,1-3H3/t21-,22+"
178,CHEMBL234607,COc1ccc(Cl)cc1S(=O)(=O)N[C@H]1CC[C@H](N2CCN(c3ccccc3OC(C)C)CC2)CC1,"InChI=1S/C26H36ClN3O4S/c1-19(2)34-24-7-5-4-6-23(24)30-16-14-29(15-17-30)22-11-9-21(10-12-22)28-35(31,32)26-18-20(27)8-13-25(26)33-3/h4-8,13,18-19,21-22,28H,9-12,14-17H2,1-3H3/t21-,22-"
179,CHEMBL457722,COc1cccc(OC)c1[C@H]1CC[C@@H](N2CCN(c3ccccn3)CC2)CC1,"InChI=1S/C23H31N3O2/c1-27-20-6-5-7-21(28-2)23(20)18-9-11-19(12-10-18)25-14-16-26(17-15-25)22-8-3-4-13-24-22/h3-8,13,18-19H,9-12,14-17H2,1-2H3/t18-,19+"
179,CHEMBL513936,COc1cccc(OC)c1[C@H]1CC[C@H](N2CCN(c3ccccn3)CC2)CC1,"InChI=1S/C23H31N3O2/c1-27-20-6-5-7-21(28-2)23(20)18-9-11-19(12-10-18)25-14-16-26(17-15-25)22-8-3-4-13-24-22/h3-8,13,18-19H,9-12,14-17H2,1-2H3/t18-,19-"
180,CHEMBL443467,O=C(/C=C/c1ccc(Sc2cccc(OC[C@H]3CC[C@H](C(=O)O)CC3)c2)c(C(F)(F)F)c1C(F)(F)F)N1CCOCC1,"InChI=1S/C29H29F6NO5S/c30-28(31,32)25-19(9-11-24(37)36-12-14-40-15-13-36)8-10-23(26(25)29(33,34)35)42-22-3-1-2-21(16-22)41-17-18-4-6-20(7-5-18)27(38)39/h1-3,8-11,16,18,20H,4-7,12-15,17H2,(H,38,39)/b11-9+/t18-,20-"
180,CHEMBL446300,O=C(/C=C/c1ccc(Sc2cccc(OC[C@H]3CC[C@@H](C(=O)O)CC3)c2)c(C(F)(F)F)c1C(F)(F)F)N1CCOCC1,"InChI=1S/C29H29F6NO5S/c30-28(31,32)25-19(9-11-24(37)36-12-14-40-15-13-36)8-10-23(26(25)29(33,34)35)42-22-3-1-2-21(16-22)41-17-18-4-6-20(7-5-18)27(38)39/h1-3,8-11,16,18,20H,4-7,12-15,17H2,(H,38,39)/b11-9+/t18-,20+"
181,CHEMBL3422043,NCCOc1ccc(/C(=C(/Cn2cnnc2)c2ccccc2)c2ccc(O)cc2)cc1,"InChI=1S/C25H24N4O2/c26-14-15-31-23-12-8-21(9-13-23)25(20-6-10-22(30)11-7-20)24(16-29-17-27-28-18-29)19-4-2-1-3-5-19/h1-13,17-18,30H,14-16,26H2/b25-24-"
181,CHEMBL3422044,NCCOc1ccc(/C(=C(\Cn2cnnc2)c2ccccc2)c2ccc(O)cc2)cc1,"InChI=1S/C25H24N4O2/c26-14-15-31-23-12-8-21(9-13-23)25(20-6-10-22(30)11-7-20)24(16-29-17-27-28-18-29)19-4-2-1-3-5-19/h1-13,17-18,30H,14-16,26H2/b25-24+"
182,CHEMBL239985,Nc1nccn2c1c(-c1cccc(OCc3ccccc3)c1)nc2[C@H]1C[C@@H](CN2CCCC2)C1,"InChI=1S/C28H31N5O/c29-27-26-25(22-9-6-10-24(17-22)34-19-20-7-2-1-3-8-20)31-28(33(26)14-11-30-27)23-15-21(16-23)18-32-12-4-5-13-32/h1-3,6-11,14,17,21,23H,4-5,12-13,15-16,18-19H2,(H2,29,30)/t21-,23+"
182,CHEMBL437558,Nc1nccn2c1c(-c1cccc(OCc3ccccc3)c1)nc2[C@H]1C[C@H](CN2CCCC2)C1,"InChI=1S/C28H31N5O/c29-27-26-25(22-9-6-10-24(17-22)34-19-20-7-2-1-3-8-20)31-28(33(26)14-11-30-27)23-15-21(16-23)18-32-12-4-5-13-32/h1-3,6-11,14,17,21,23H,4-5,12-13,15-16,18-19H2,(H2,29,30)/t21-,23-"
183,CHEMBL4127435,COc1cccc(-c2cc(C(=O)Nc3cc4ccc(O[C@H]5CC[C@H](N(C6CCOCC6)C6CCOCC6)CC5)c(C)c4oc3=O)ccc2OC)c1,"InChI=1S/C41H48N2O8/c1-26-37(50-33-11-9-30(10-12-33)43(31-15-19-48-20-16-31)32-17-21-49-22-18-32)13-7-28-25-36(41(45)51-39(26)28)42-40(44)29-8-14-38(47-3)35(24-29)27-5-4-6-34(23-27)46-2/h4-8,13-14,23-25,30-33H,9-12,15-22H2,1-3H3,(H,42,44)/t30-,33-"
183,CHEMBL4128037,COc1cccc(-c2cc(C(=O)Nc3cc4ccc(O[C@H]5CC[C@@H](N(C6CCOCC6)C6CCOCC6)CC5)c(C)c4oc3=O)ccc2OC)c1,"InChI=1S/C41H48N2O8/c1-26-37(50-33-11-9-30(10-12-33)43(31-15-19-48-20-16-31)32-17-21-49-22-18-32)13-7-28-25-36(41(45)51-39(26)28)42-40(44)29-8-14-38(47-3)35(24-29)27-5-4-6-34(23-27)46-2/h4-8,13-14,23-25,30-33H,9-12,15-22H2,1-3H3,(H,42,44)/t30-,33+"
184,CHEMBL3959089,Cc1nnc(-c2cc(C(=O)N3CCC(c4ccc(C#N)cc4)CC3)c(C)cc2[C@H]2C[C@H](O)C2)[nH]1,"InChI=1S/C27H29N5O2/c1-16-11-24(21-12-22(33)13-21)25(26-29-17(2)30-31-26)14-23(16)27(34)32-9-7-20(8-10-32)19-5-3-18(15-28)4-6-19/h3-6,11,14,20-22,33H,7-10,12-13H2,1-2H3,(H,29,30,31)/t21-,22-"
184,CHEMBL3969950,Cc1nnc(-c2cc(C(=O)N3CCC(c4ccc(C#N)cc4)CC3)c(C)cc2[C@H]2C[C@@H](O)C2)[nH]1,"InChI=1S/C27H29N5O2/c1-16-11-24(21-12-22(33)13-21)25(26-29-17(2)30-31-26)14-23(16)27(34)32-9-7-20(8-10-32)19-5-3-18(15-28)4-6-19/h3-6,11,14,20-22,33H,7-10,12-13H2,1-2H3,(H,29,30,31)/t21-,22+"
185,CHEMBL457721,Fc1cccc(F)c1[C@H]1CC[C@H](N2CCN(c3ccccn3)CC2)CC1,"InChI=1S/C21H25F2N3/c22-18-4-3-5-19(23)21(18)16-7-9-17(10-8-16)25-12-14-26(15-13-25)20-6-1-2-11-24-20/h1-6,11,16-17H,7-10,12-15H2/t16-,17-"
185,CHEMBL511507,Fc1cccc(F)c1[C@H]1CC[C@@H](N2CCN(c3ccccn3)CC2)CC1,"InChI=1S/C21H25F2N3/c22-18-4-3-5-19(23)21(18)16-7-9-17(10-8-16)25-12-14-26(15-13-25)20-6-1-2-11-24-20/h1-6,11,16-17H,7-10,12-15H2/t16-,17+"
186,CHEMBL431342,Nc1ncnc2c1c(-c1ccc(Oc3ccccc3)cc1)cn2[C@H]1CC[C@H](N2CCCCC2)CC1,"InChI=1S/C29H33N5O/c30-28-27-26(21-9-15-25(16-10-21)35-24-7-3-1-4-8-24)19-34(29(27)32-20-31-28)23-13-11-22(12-14-23)33-17-5-2-6-18-33/h1,3-4,7-10,15-16,19-20,22-23H,2,5-6,11-14,17-18H2,(H2,30,31,32)/t22-,23-"
186,CHEMBL44942,Nc1ncnc2c1c(-c1ccc(Oc3ccccc3)cc1)cn2[C@H]1CC[C@@H](N2CCCCC2)CC1,"InChI=1S/C29H33N5O/c30-28-27-26(21-9-15-25(16-10-21)35-24-7-3-1-4-8-24)19-34(29(27)32-20-31-28)23-13-11-22(12-14-23)33-17-5-2-6-18-33/h1,3-4,7-10,15-16,19-20,22-23H,2,5-6,11-14,17-18H2,(H2,30,31,32)/t22-,23+"
187,CHEMBL3823097,CC/C(=C(/c1ccc(NC(=O)C(C)C)cc1)c1ccc(OC)cc1)c1ccccc1,"InChI=1S/C27H29NO2/c1-5-25(20-9-7-6-8-10-20)26(22-13-17-24(30-4)18-14-22)21-11-15-23(16-12-21)28-27(29)19(2)3/h6-19H,5H2,1-4H3,(H,28,29)/b26-25+"
187,CHEMBL3823485,CC/C(=C(\c1ccc(NC(=O)C(C)C)cc1)c1ccc(OC)cc1)c1ccccc1,"InChI=1S/C27H29NO2/c1-5-25(20-9-7-6-8-10-20)26(22-13-17-24(30-4)18-14-22)21-11-15-23(16-12-21)28-27(29)19(2)3/h6-19H,5H2,1-4H3,(H,28,29)/b26-25-"
188,CHEMBL2386625,C[C@@H](O)c1nc2cnc3[nH]ccc3c2n1[C@H]1CC[C@H](O)CC1,"InChI=1S/C16H20N4O2/c1-9(21)16-19-13-8-18-15-12(6-7-17-15)14(13)20(16)10-2-4-11(22)5-3-10/h6-11,21-22H,2-5H2,1H3,(H,17,18)/t9-,10-,11-/m1/s1"
188,CHEMBL2386626,C[C@@H](O)c1nc2cnc3[nH]ccc3c2n1[C@H]1CC[C@@H](O)CC1,"InChI=1S/C16H20N4O2/c1-9(21)16-19-13-8-18-15-12(6-7-17-15)14(13)20(16)10-2-4-11(22)5-3-10/h6-11,21-22H,2-5H2,1H3,(H,17,18)/t9-,10-,11+/m1/s1"
189,CHEMBL3301604,O=C(O)COC[C@H]1CC[C@H](COC(=O)N(c2ccccc2)c2ccc(Cl)cc2)CC1,"InChI=1S/C23H26ClNO5/c24-19-10-12-21(13-11-19)25(20-4-2-1-3-5-20)23(28)30-15-18-8-6-17(7-9-18)14-29-16-22(26)27/h1-5,10-13,17-18H,6-9,14-16H2,(H,26,27)/t17-,18-"
189,CHEMBL3919269,O=C(O)COC[C@H]1CC[C@@H](COC(=O)N(c2ccccc2)c2ccc(Cl)cc2)CC1,"InChI=1S/C23H26ClNO5/c24-19-10-12-21(13-11-19)25(20-4-2-1-3-5-20)23(28)30-15-18-8-6-17(7-9-18)14-29-16-22(26)27/h1-5,10-13,17-18H,6-9,14-16H2,(H,26,27)/t17-,18+"
190,CHEMBL1927589,CCCCCCCCc1ccc([C@H]2CC[C@@H]([N+](C)(C)CCC)CC2)cc1.[I-],"InChI=1S/C25H44N.HI/c1-5-7-8-9-10-11-12-22-13-15-23(16-14-22)24-17-19-25(20-18-24)26(3,4)21-6-2;/h13-16,24-25H,5-12,17-21H2,1-4H3;1H/q+1;/p-1/t24-,25+;"
190,CHEMBL1927590,CCCCCCCCc1ccc([C@H]2CC[C@H]([N+](C)(C)CCC)CC2)cc1.[I-],"InChI=1S/C25H44N.HI/c1-5-7-8-9-10-11-12-22-13-15-23(16-14-22)24-17-19-25(20-18-24)26(3,4)21-6-2;/h13-16,24-25H,5-12,17-21H2,1-4H3;1H/q+1;/p-1/t24-,25-;"
191,CHEMBL3644751,Cc1nc2cnc3ccc(C#CCNC(=O)c4cccn([C@@H](CO)c5cccc(F)c5)c4=O)cc3c2n1[C@H]1CC[C@H](N(C)C)CC1,"InChI=1S/C36H37FN6O3/c1-23-40-32-21-39-31-16-11-24(19-30(31)34(32)43(23)28-14-12-27(13-15-28)41(2)3)7-5-17-38-35(45)29-10-6-18-42(36(29)46)33(22-44)25-8-4-9-26(37)20-25/h4,6,8-11,16,18-21,27-28,33,44H,12-15,17,22H2,1-3H3,(H,38,45)/t27-,28-,33-/m0/s1"
191,CHEMBL3644752,Cc1nc2cnc3ccc(C#CCNC(=O)c4cccn([C@@H](CO)c5cccc(F)c5)c4=O)cc3c2n1[C@H]1CC[C@@H](N(C)C)CC1,"InChI=1S/C36H37FN6O3/c1-23-40-32-21-39-31-16-11-24(19-30(31)34(32)43(23)28-14-12-27(13-15-28)41(2)3)7-5-17-38-35(45)29-10-6-18-42(36(29)46)33(22-44)25-8-4-9-26(37)20-25/h4,6,8-11,16,18-21,27-28,33,44H,12-15,17,22H2,1-3H3,(H,38,45)/t27-,28+,33-/m0/s1"
192,CHEMBL3657982,CS(=O)(=O)NC(=O)c1cc(C2CC2)c(OC[C@H]2CC[C@@H](C(F)(F)F)CC2)cc1F,"InChI=1S/C19H23F4NO4S/c1-29(26,27)24-18(25)15-8-14(12-4-5-12)17(9-16(15)20)28-10-11-2-6-13(7-3-11)19(21,22)23/h8-9,11-13H,2-7,10H2,1H3,(H,24,25)/t11-,13+"
192,CHEMBL3662101,CS(=O)(=O)NC(=O)c1cc(C2CC2)c(OC[C@H]2CC[C@H](C(F)(F)F)CC2)cc1F,"InChI=1S/C19H23F4NO4S/c1-29(26,27)24-18(25)15-8-14(12-4-5-12)17(9-16(15)20)28-10-11-2-6-13(7-3-11)19(21,22)23/h8-9,11-13H,2-7,10H2,1H3,(H,24,25)/t11-,13-"
193,CHEMBL3302400,CC1=C[C@H]2Cc3nc4cc(Cl)ccc4c(NCCCCCCCCCNC(=O)c4cc(O)c5c(c4)C(=O)c4cccc(O)c4C5=O)c3[C@@H](C1)C2,"InChI=1S/C41H42ClN3O5/c1-23-16-24-18-25(17-23)35-32(19-24)45-31-22-27(42)12-13-28(31)38(35)43-14-7-5-3-2-4-6-8-15-44-41(50)26-20-30-37(34(47)21-26)40(49)36-29(39(30)48)10-9-11-33(36)46/h9-13,16,20-22,24-25,46-47H,2-8,14-15,17-19H2,1H3,(H,43,45)(H,44,50)/t24-,25+/m1/s1"
193,CHEMBL4109726,CC1=C[C@H]2Cc3nc4cc(Cl)ccc4c(NCCCCCCCCCNC(=O)c4cc(O)c5c(c4)C(=O)c4cccc(O)c4C5=O)c3[C@@H](C1)C2,"InChI=1S/C41H42ClN3O5/c1-23-16-24-18-25(17-23)35-32(19-24)45-31-22-27(42)12-13-28(31)38(35)43-14-7-5-3-2-4-6-8-15-44-41(50)26-20-30-37(34(47)21-26)40(49)36-29(39(30)48)10-9-11-33(36)46/h9-13,16,20-22,24-25,46-47H,2-8,14-15,17-19H2,1H3,(H,43,45)(H,44,50)/t24-,25?/m1/s1"
194,CHEMBL1824242,OC1CCN([C@H]2CC[C@@H](c3ccc(OCCCN4CCCCC4)cc3)CC2)CC1,"InChI=1S/C25H40N2O2/c28-24-13-18-27(19-14-24)23-9-5-21(6-10-23)22-7-11-25(12-8-22)29-20-4-17-26-15-2-1-3-16-26/h7-8,11-12,21,23-24,28H,1-6,9-10,13-20H2/t21-,23+"
194,CHEMBL1824243,OC1CCN([C@H]2CC[C@H](c3ccc(OCCCN4CCCCC4)cc3)CC2)CC1,"InChI=1S/C25H40N2O2/c28-24-13-18-27(19-14-24)23-9-5-21(6-10-23)22-7-11-25(12-8-22)29-20-4-17-26-15-2-1-3-16-26/h7-8,11-12,21,23-24,28H,1-6,9-10,13-20H2/t21-,23-"
195,CHEMBL239851,O=C(Cc1ccccc1)N[C@H]1CO[C@@H](/C=C/c2ccccc2)OC1,"InChI=1S/C20H21NO3/c22-19(13-17-9-5-2-6-10-17)21-18-14-23-20(24-15-18)12-11-16-7-3-1-4-8-16/h1-12,18,20H,13-15H2,(H,21,22)/b12-11+/t18-,20+"
195,CHEMBL392590,O=C(Cc1ccccc1)N[C@H]1CO[C@H](/C=C/c2ccccc2)OC1,"InChI=1S/C20H21NO3/c22-19(13-17-9-5-2-6-10-17)21-18-14-23-20(24-15-18)12-11-16-7-3-1-4-8-16/h1-12,18,20H,13-15H2,(H,21,22)/b12-11+/t18-,20-"
196,CHEMBL1927568,CCCCCCCCc1ccc([C@H]2CC[C@@H](NCCCC)CC2)cc1,"InChI=1S/C24H41N/c1-3-5-7-8-9-10-11-21-12-14-22(15-13-21)23-16-18-24(19-17-23)25-20-6-4-2/h12-15,23-25H,3-11,16-20H2,1-2H3/t23-,24+"
196,CHEMBL1927569,CCCCCCCCc1ccc([C@H]2CC[C@H](NCCCC)CC2)cc1,"InChI=1S/C24H41N/c1-3-5-7-8-9-10-11-21-12-14-22(15-13-21)23-16-18-24(19-17-23)25-20-6-4-2/h12-15,23-25H,3-11,16-20H2,1-2H3/t23-,24-"
197,CHEMBL3647660,N#Cc1ccc(N[C@H]2C[C@@H](Oc3ncccc3C3CCOCC3)C2)nc1,"InChI=1S/C20H22N4O2/c21-12-14-3-4-19(23-13-14)24-16-10-17(11-16)26-20-18(2-1-7-22-20)15-5-8-25-9-6-15/h1-4,7,13,15-17H,5-6,8-11H2,(H,23,24)/t16-,17+"
197,CHEMBL3647668,N#Cc1ccc(N[C@H]2C[C@H](Oc3ncccc3C3CCOCC3)C2)nc1,"InChI=1S/C20H22N4O2/c21-12-14-3-4-19(23-13-14)24-16-10-17(11-16)26-20-18(2-1-7-22-20)15-5-8-25-9-6-15/h1-4,7,13,15-17H,5-6,8-11H2,(H,23,24)/t16-,17-"
198,CHEMBL3697440,Cc1cc(C)c(CNC(=O)c2cc(-c3ccc(CN4CCOCC4)nc3)cc(N(C)[C@H]3CC[C@@H](N)CC3)c2C)c(=O)[nH]1,"InChI=1S/C33H44N6O3/c1-21-15-22(2)37-33(41)30(21)19-36-32(40)29-16-25(17-31(23(29)3)38(4)28-9-6-26(34)7-10-28)24-5-8-27(35-18-24)20-39-11-13-42-14-12-39/h5,8,15-18,26,28H,6-7,9-14,19-20,34H2,1-4H3,(H,36,40)(H,37,41)/t26-,28+"
198,CHEMBL3697441,Cc1cc(C)c(CNC(=O)c2cc(-c3ccc(CN4CCOCC4)nc3)cc(N(C)[C@H]3CC[C@H](N)CC3)c2C)c(=O)[nH]1,"InChI=1S/C33H44N6O3/c1-21-15-22(2)37-33(41)30(21)19-36-32(40)29-16-25(17-31(23(29)3)38(4)28-9-6-26(34)7-10-28)24-5-8-27(35-18-24)20-39-11-13-42-14-12-39/h5,8,15-18,26,28H,6-7,9-14,19-20,34H2,1-4H3,(H,36,40)(H,37,41)/t26-,28-"
199,CHEMBL480932,N#Cc1ccc2[nH]cc([C@H]3CC[C@@H](N4CCN(c5cccc6ncccc56)CC4)CC3)c2c1,"InChI=1S/C28H29N5/c29-18-20-6-11-27-24(17-20)25(19-31-27)21-7-9-22(10-8-21)32-13-15-33(16-14-32)28-5-1-4-26-23(28)3-2-12-30-26/h1-6,11-12,17,19,21-22,31H,7-10,13-16H2/t21-,22+"
199,CHEMBL520753,N#Cc1ccc2[nH]cc([C@H]3CC[C@H](N4CCN(c5cccc6ncccc56)CC4)CC3)c2c1,"InChI=1S/C28H29N5/c29-18-20-6-11-27-24(17-20)25(19-31-27)21-7-9-22(10-8-21)32-13-15-33(16-14-32)28-5-1-4-26-23(28)3-2-12-30-26/h1-6,11-12,17,19,21-22,31H,7-10,13-16H2/t21-,22-"
200,CHEMBL3917223,N#CC[C@]1(n2cc(C(N)=O)c(Nc3ccccc3)n2)CC[C@H](C(=O)NCC(F)(F)F)CC1,"InChI=1S/C21H23F3N6O2/c22-21(23,24)13-27-19(32)14-6-8-20(9-7-14,10-11-25)30-12-16(17(26)31)18(29-30)28-15-4-2-1-3-5-15/h1-5,12,14H,6-10,13H2,(H2,26,31)(H,27,32)(H,28,29)/t14-,20-"
200,CHEMBL3983711,N#CC[C@]1(n2cc(C(N)=O)c(Nc3ccccc3)n2)CC[C@@H](C(=O)NCC(F)(F)F)CC1,"InChI=1S/C21H23F3N6O2/c22-21(23,24)13-27-19(32)14-6-8-20(9-7-14,10-11-25)30-12-16(17(26)31)18(29-30)28-15-4-2-1-3-5-15/h1-5,12,14H,6-10,13H2,(H2,26,31)(H,27,32)(H,28,29)/t14-,20+"
201,CHEMBL2115009,O=C(OC[C@]1(c2ccccc2)CC[C@H](N2CCC(c3ccc(F)cc3)CC2)CC1)c1cc(C(F)(F)F)cc(C(F)(F)F)c1,"InChI=1S/C33H32F7NO2/c34-28-8-6-22(7-9-28)23-12-16-41(17-13-23)29-10-14-31(15-11-29,25-4-2-1-3-5-25)21-43-30(42)24-18-26(32(35,36)37)20-27(19-24)33(38,39)40/h1-9,18-20,23,29H,10-17,21H2/t29-,31-"
201,CHEMBL2115453,O=C(OC[C@]1(c2ccccc2)CC[C@@H](N2CCC(c3ccc(F)cc3)CC2)CC1)c1cc(C(F)(F)F)cc(C(F)(F)F)c1,"InChI=1S/C33H32F7NO2/c34-28-8-6-22(7-9-28)23-12-16-41(17-13-23)29-10-14-31(15-11-29,25-4-2-1-3-5-25)21-43-30(42)24-18-26(32(35,36)37)20-27(19-24)33(38,39)40/h1-9,18-20,23,29H,10-17,21H2/t29-,31+"
202,CHEMBL3647594,CC(=O)N1CCC(c2nccnc2O[C@H]2C[C@H](Nc3ccc4ccccc4n3)C2)CC1,"InChI=1S/C24H27N5O2/c1-16(30)29-12-8-18(9-13-29)23-24(26-11-10-25-23)31-20-14-19(15-20)27-22-7-6-17-4-2-3-5-21(17)28-22/h2-7,10-11,18-20H,8-9,12-15H2,1H3,(H,27,28)/t19-,20-"
202,CHEMBL3647633,CC(=O)N1CCC(c2nccnc2O[C@H]2C[C@@H](Nc3ccc4ccccc4n3)C2)CC1,"InChI=1S/C24H27N5O2/c1-16(30)29-12-8-18(9-13-29)23-24(26-11-10-25-23)31-20-14-19(15-20)27-22-7-6-17-4-2-3-5-21(17)28-22/h2-7,10-11,18-20H,8-9,12-15H2,1H3,(H,27,28)/t19-,20+"
203,CHEMBL4077528,O=C(O)CCNC(=O)[C@H]1CC[C@H](NC(=O)c2cc(Br)c(Br)[nH]2)CC1,"InChI=1S/C15H19Br2N3O4/c16-10-7-11(20-13(10)17)15(24)19-9-3-1-8(2-4-9)14(23)18-6-5-12(21)22/h7-9,20H,1-6H2,(H,18,23)(H,19,24)(H,21,22)/t8-,9-"
203,CHEMBL4090861,O=C(O)CCNC(=O)[C@H]1CC[C@@H](NC(=O)c2cc(Br)c(Br)[nH]2)CC1,"InChI=1S/C15H19Br2N3O4/c16-10-7-11(20-13(10)17)15(24)19-9-3-1-8(2-4-9)14(23)18-6-5-12(21)22/h7-9,20H,1-6H2,(H,18,23)(H,19,24)(H,21,22)/t8-,9+"
204,CHEMBL276059,COc1ccccc1C(=O)NC[C@]1(c2ccccc2)CC[C@H](NC(=O)Cc2ccccc2)CC1,"InChI=1S/C29H32N2O3/c1-34-26-15-9-8-14-25(26)28(33)30-21-29(23-12-6-3-7-13-23)18-16-24(17-19-29)31-27(32)20-22-10-4-2-5-11-22/h2-15,24H,16-21H2,1H3,(H,30,33)(H,31,32)/t24-,29-"
204,CHEMBL276543,COc1ccccc1C(=O)NC[C@]1(c2ccccc2)CC[C@@H](NC(=O)Cc2ccccc2)CC1,"InChI=1S/C29H32N2O3/c1-34-26-15-9-8-14-25(26)28(33)30-21-29(23-12-6-3-7-13-23)18-16-24(17-19-29)31-27(32)20-22-10-4-2-5-11-22/h2-15,24H,16-21H2,1H3,(H,30,33)(H,31,32)/t24-,29+"
205,CHEMBL2178948,Cc1nc(C)c(-c2ccc3c(c2)CC[C@]32CC[C@H](C(=O)O)CC2)nc1C(N)=O,"InChI=1S/C22H25N3O3/c1-12-18(25-19(20(23)26)13(2)24-12)16-3-4-17-15(11-16)7-10-22(17)8-5-14(6-9-22)21(27)28/h3-4,11,14H,5-10H2,1-2H3,(H2,23,26)(H,27,28)/t14-,22+"
205,CHEMBL2178949,Cc1nc(C)c(-c2ccc3c(c2)CC[C@]32CC[C@@H](C(=O)O)CC2)nc1C(N)=O,"InChI=1S/C22H25N3O3/c1-12-18(25-19(20(23)26)13(2)24-12)16-3-4-17-15(11-16)7-10-22(17)8-5-14(6-9-22)21(27)28/h3-4,11,14H,5-10H2,1-2H3,(H2,23,26)(H,27,28)/t14-,22-"
206,CHEMBL234874,CC(C)Oc1ccccc1N1CCN([C@H]2CC[C@@H](NS(=O)(=O)c3ccc(F)cc3)CC2)CC1,"InChI=1S/C25H34FN3O3S/c1-19(2)32-25-6-4-3-5-24(25)29-17-15-28(16-18-29)22-11-9-21(10-12-22)27-33(30,31)23-13-7-20(26)8-14-23/h3-8,13-14,19,21-22,27H,9-12,15-18H2,1-2H3/t21-,22+"
206,CHEMBL428197,CC(C)Oc1ccccc1N1CCN([C@H]2CC[C@H](NS(=O)(=O)c3ccc(F)cc3)CC2)CC1,"InChI=1S/C25H34FN3O3S/c1-19(2)32-25-6-4-3-5-24(25)29-17-15-28(16-18-29)22-11-9-21(10-12-22)27-33(30,31)23-13-7-20(26)8-14-23/h3-8,13-14,19,21-22,27H,9-12,15-18H2,1-2H3/t21-,22-"
207,CHEMBL3926404,CC1(C)OC(=O)N([C@H]2CC[C@H](c3c[nH]c(=O)c(-c4ncccn4)c3)CC2)[C@H]1c1ccccc1,"InChI=1S/C26H28N4O3/c1-26(2)22(18-7-4-3-5-8-18)30(25(32)33-26)20-11-9-17(10-12-20)19-15-21(24(31)29-16-19)23-27-13-6-14-28-23/h3-8,13-17,20,22H,9-12H2,1-2H3,(H,29,31)/t17-,20-,22-/m0/s1"
207,CHEMBL3953487,CC1(C)OC(=O)N([C@H]2CC[C@@H](c3c[nH]c(=O)c(-c4ncccn4)c3)CC2)[C@H]1c1ccccc1,"InChI=1S/C26H28N4O3/c1-26(2)22(18-7-4-3-5-8-18)30(25(32)33-26)20-11-9-17(10-12-20)19-15-21(24(31)29-16-19)23-27-13-6-14-28-23/h3-8,13-17,20,22H,9-12H2,1-2H3,(H,29,31)/t17-,20+,22-/m0/s1"
208,CHEMBL3931786,O=C(O)[C@H]1CC[C@H](C(=O)N2CC[C@](c3ccc(C(OCc4c(F)cccc4F)(C(F)(F)F)C(F)(F)F)cc3)(S(=O)(=O)c3ccc(F)cc3)C2)CC1,"InChI=1S/C34H30F9NO6S/c35-24-12-14-25(15-13-24)51(48,49)31(16-17-44(19-31)29(45)20-4-6-21(7-5-20)30(46)47)22-8-10-23(11-9-22)32(33(38,39)40,34(41,42)43)50-18-26-27(36)2-1-3-28(26)37/h1-3,8-15,20-21H,4-7,16-19H2,(H,46,47)/t20-,21-,31-/m0/s1"
208,CHEMBL3934322,O=C(O)[C@H]1CC[C@@H](C(=O)N2CC[C@](c3ccc(C(OCc4c(F)cccc4F)(C(F)(F)F)C(F)(F)F)cc3)(S(=O)(=O)c3ccc(F)cc3)C2)CC1,"InChI=1S/C34H30F9NO6S/c35-24-12-14-25(15-13-24)51(48,49)31(16-17-44(19-31)29(45)20-4-6-21(7-5-20)30(46)47)22-8-10-23(11-9-22)32(33(38,39)40,34(41,42)43)50-18-26-27(36)2-1-3-28(26)37/h1-3,8-15,20-21H,4-7,16-19H2,(H,46,47)/t20-,21+,31-/m0/s1"
209,CHEMBL315048,CCO[C@@H](Cc1ccc(OC/C=C(/c2ccccc2)c2ccc(F)cc2)cc1)C(=O)O,"InChI=1S/C26H25FO4/c1-2-30-25(26(28)29)18-19-8-14-23(15-9-19)31-17-16-24(20-6-4-3-5-7-20)21-10-12-22(27)13-11-21/h3-16,25H,2,17-18H2,1H3,(H,28,29)/b24-16-/t25-/m0/s1"
209,CHEMBL327481,CCO[C@@H](Cc1ccc(OC/C=C(\c2ccccc2)c2ccc(F)cc2)cc1)C(=O)O,"InChI=1S/C26H25FO4/c1-2-30-25(26(28)29)18-19-8-14-23(15-9-19)31-17-16-24(20-6-4-3-5-7-20)21-10-12-22(27)13-11-21/h3-16,25H,2,17-18H2,1H3,(H,28,29)/b24-16+/t25-/m0/s1"
210,CHEMBL249570,NC(=O)c1ccc2[nH]c(-c3ccc(O[C@H]4CC[C@@H](CO)CC4)cc3)nc2c1,"InChI=1S/C21H23N3O3/c22-20(26)15-5-10-18-19(11-15)24-21(23-18)14-3-8-17(9-4-14)27-16-6-1-13(12-25)2-7-16/h3-5,8-11,13,16,25H,1-2,6-7,12H2,(H2,22,26)(H,23,24)/t13-,16+"
210,CHEMBL429480,NC(=O)c1ccc2[nH]c(-c3ccc(O[C@H]4CC[C@H](CO)CC4)cc3)nc2c1,"InChI=1S/C21H23N3O3/c22-20(26)15-5-10-18-19(11-15)24-21(23-18)14-3-8-17(9-4-14)27-16-6-1-13(12-25)2-7-16/h3-5,8-11,13,16,25H,1-2,6-7,12H2,(H2,22,26)(H,23,24)/t13-,16-"
211,CHEMBL4067110,O=C(C[C@]1(O)CC[C@H](Cc2ccccc2)CC1)Nc1ccc2[nH]c(=O)oc2c1,"InChI=1S/C22H24N2O4/c25-20(23-17-6-7-18-19(13-17)28-21(26)24-18)14-22(27)10-8-16(9-11-22)12-15-4-2-1-3-5-15/h1-7,13,16,27H,8-12,14H2,(H,23,25)(H,24,26)/t16-,22-"
211,CHEMBL4094573,O=C(C[C@]1(O)CC[C@@H](Cc2ccccc2)CC1)Nc1ccc2[nH]c(=O)oc2c1,"InChI=1S/C22H24N2O4/c25-20(23-17-6-7-18-19(13-17)28-21(26)24-18)14-22(27)10-8-16(9-11-22)12-15-4-2-1-3-5-15/h1-7,13,16,27H,8-12,14H2,(H,23,25)(H,24,26)/t16-,22+"
212,CHEMBL2031140,CC(=O)N[C@@H](Cc1ccc(F)cc1)[C@H](O)CN[C@H]1C[C@]2(C[C@@H](C)C2)Oc2ncc(CC(C)(C)C)cc21,"InChI=1S/C29H40FN3O3/c1-18-12-29(13-18)15-25(23-10-21(14-28(3,4)5)16-32-27(23)36-29)31-17-26(35)24(33-19(2)34)11-20-6-8-22(30)9-7-20/h6-10,16,18,24-26,31,35H,11-15,17H2,1-5H3,(H,33,34)/t18-,24-,25-,26+,29-/m0/s1"
212,CHEMBL2031141,CC(=O)N[C@@H](Cc1ccc(F)cc1)[C@H](O)CN[C@H]1C[C@]2(C[C@H](C)C2)Oc2ncc(CC(C)(C)C)cc21,"InChI=1S/C29H40FN3O3/c1-18-12-29(13-18)15-25(23-10-21(14-28(3,4)5)16-32-27(23)36-29)31-17-26(35)24(33-19(2)34)11-20-6-8-22(30)9-7-20/h6-10,16,18,24-26,31,35H,11-15,17H2,1-5H3,(H,33,34)/t18-,24-,25-,26+,29+/m0/s1"
213,CHEMBL3139733,C[S+](C)[C@H]1CO[C@@H](C(c2ccccc2)c2ccccc2)OC1,"InChI=1S/C19H23O2S/c1-22(2)17-13-20-19(21-14-17)18(15-9-5-3-6-10-15)16-11-7-4-8-12-16/h3-12,17-19H,13-14H2,1-2H3/q+1/t17-,19+"
213,CHEMBL3139843,C[S+](C)[C@H]1CO[C@H](C(c2ccccc2)c2ccccc2)OC1,"InChI=1S/C19H23O2S/c1-22(2)17-13-20-19(21-14-17)18(15-9-5-3-6-10-15)16-11-7-4-8-12-16/h3-12,17-19H,13-14H2,1-2H3/q+1/t17-,19-"
214,CHEMBL13245,CCCCC/C=C(\c1ccc(O)cc1)c1ccc(OCCN(CC)CC)cc1,"InChI=1S/C25H35NO2/c1-4-7-8-9-10-25(21-11-15-23(27)16-12-21)22-13-17-24(18-14-22)28-20-19-26(5-2)6-3/h10-18,27H,4-9,19-20H2,1-3H3/b25-10+"
214,CHEMBL13489,CCCCC/C=C(/c1ccc(O)cc1)c1ccc(OCCN(CC)CC)cc1,"InChI=1S/C25H35NO2/c1-4-7-8-9-10-25(21-11-15-23(27)16-12-21)22-13-17-24(18-14-22)28-20-19-26(5-2)6-3/h10-18,27H,4-9,19-20H2,1-3H3/b25-10-"
215,CHEMBL13081,CCCCC/C=C(\c1ccc(O)cc1)c1ccc(OCCN(C)C)cc1,"InChI=1S/C23H31NO2/c1-4-5-6-7-8-23(19-9-13-21(25)14-10-19)20-11-15-22(16-12-20)26-18-17-24(2)3/h8-16,25H,4-7,17-18H2,1-3H3/b23-8+"
215,CHEMBL269227,CCCCC/C=C(/c1ccc(O)cc1)c1ccc(OCCN(C)C)cc1,"InChI=1S/C23H31NO2/c1-4-5-6-7-8-23(19-9-13-21(25)14-10-19)20-11-15-22(16-12-20)26-18-17-24(2)3/h8-16,25H,4-7,17-18H2,1-3H3/b23-8-"
216,CHEMBL456435,Cc1ccccc1[C@H]1CC[C@@H](N2CCN(c3ccccn3)CC2)CC1,"InChI=1S/C22H29N3/c1-18-6-2-3-7-21(18)19-9-11-20(12-10-19)24-14-16-25(17-15-24)22-8-4-5-13-23-22/h2-8,13,19-20H,9-12,14-17H2,1H3/t19-,20+"
216,CHEMBL457508,Cc1ccccc1[C@H]1CC[C@H](N2CCN(c3ccccn3)CC2)CC1,"InChI=1S/C22H29N3/c1-18-6-2-3-7-21(18)19-9-11-20(12-10-19)24-14-16-25(17-15-24)22-8-4-5-13-23-22/h2-8,13,19-20H,9-12,14-17H2,1H3/t19-,20-"
217,CHEMBL2203923,Cc1cccc(C)c1OC[C@H]1CC[C@H](C(=O)Nc2c(F)cc3c(=O)c(C(=O)O)cn4c3c2OC[C@@H]4C)CC1,"InChI=1S/C29H31FN2O6/c1-15-5-4-6-16(2)26(15)38-14-18-7-9-19(10-8-18)28(34)31-23-22(30)11-20-24-27(23)37-13-17(3)32(24)12-21(25(20)33)29(35)36/h4-6,11-12,17-19H,7-10,13-14H2,1-3H3,(H,31,34)(H,35,36)/t17-,18-,19-/m0/s1"
217,CHEMBL2203927,Cc1cccc(C)c1OC[C@H]1CC[C@@H](C(=O)Nc2c(F)cc3c(=O)c(C(=O)O)cn4c3c2OC[C@@H]4C)CC1,"InChI=1S/C29H31FN2O6/c1-15-5-4-6-16(2)26(15)38-14-18-7-9-19(10-8-18)28(34)31-23-22(30)11-20-24-27(23)37-13-17(3)32(24)12-21(25(20)33)29(35)36/h4-6,11-12,17-19H,7-10,13-14H2,1-3H3,(H,31,34)(H,35,36)/t17-,18-,19+/m0/s1"
218,CHEMBL1324918,CN(C)CC/C=C1/c2ccccc2Sc2cc(Cl)ccc21,"InChI=1S/C18H18ClNS/c1-20(2)11-5-7-14-15-6-3-4-8-17(15)21-18-12-13(19)9-10-16(14)18/h3-4,6-10,12H,5,11H2,1-2H3/b14-7-"
218,CHEMBL1473303,CN(C)CC/C=C1\c2ccccc2Sc2cc(Cl)ccc21,"InChI=1S/C18H18ClNS/c1-20(2)11-5-7-14-15-6-3-4-8-17(15)21-18-12-13(19)9-10-16(14)18/h3-4,6-10,12H,5,11H2,1-2H3/b14-7+"
219,CHEMBL4072189,CCOc1cc(CN2CC3(CC([C@H]4CC[C@H](C(=O)O)CC4)=NO3)C2)cc(OCC)c1-c1ccc(F)cc1,"InChI=1S/C29H35FN2O5/c1-3-35-25-13-19(14-26(36-4-2)27(25)21-9-11-23(30)12-10-21)16-32-17-29(18-32)15-24(31-37-29)20-5-7-22(8-6-20)28(33)34/h9-14,20,22H,3-8,15-18H2,1-2H3,(H,33,34)/t20-,22-"
219,CHEMBL4085201,CCOc1cc(CN2CC3(CC([C@H]4CC[C@@H](C(=O)O)CC4)=NO3)C2)cc(OCC)c1-c1ccc(F)cc1,"InChI=1S/C29H35FN2O5/c1-3-35-25-13-19(14-26(36-4-2)27(25)21-9-11-23(30)12-10-21)16-32-17-29(18-32)15-24(31-37-29)20-5-7-22(8-6-20)28(33)34/h9-14,20,22H,3-8,15-18H2,1-2H3,(H,33,34)/t20-,22+"
220,CHEMBL3697436,Cc1cc(C)c(CNC(=O)c2cc(-c3cnn(C)c3)cc(N(C)[C@H]3CC[C@H](N)CC3)c2C)c(=O)[nH]1,"InChI=1S/C27H36N6O2/c1-16-10-17(2)31-27(35)24(16)14-29-26(34)23-11-19(20-13-30-32(4)15-20)12-25(18(23)3)33(5)22-8-6-21(28)7-9-22/h10-13,15,21-22H,6-9,14,28H2,1-5H3,(H,29,34)(H,31,35)/t21-,22-"
220,CHEMBL3697437,Cc1cc(C)c(CNC(=O)c2cc(-c3cnn(C)c3)cc(N(C)[C@H]3CC[C@@H](N)CC3)c2C)c(=O)[nH]1,"InChI=1S/C27H36N6O2/c1-16-10-17(2)31-27(35)24(16)14-29-26(34)23-11-19(20-13-30-32(4)15-20)12-25(18(23)3)33(5)22-8-6-21(28)7-9-22/h10-13,15,21-22H,6-9,14,28H2,1-5H3,(H,29,34)(H,31,35)/t21-,22+"
221,CHEMBL3908686,CO[C@H]1CC[C@@H](c2nc(C(F)(F)F)c(-c3cc(C(=O)N4CC(c5ccc(C#N)cc5)C4)ccc3C)[nH]2)CC1,"InChI=1S/C29H29F3N4O2/c1-17-3-6-21(28(37)36-15-22(16-36)19-7-4-18(14-33)5-8-19)13-24(17)25-26(29(30,31)32)35-27(34-25)20-9-11-23(38-2)12-10-20/h3-8,13,20,22-23H,9-12,15-16H2,1-2H3,(H,34,35)/t20-,23+"
221,CHEMBL3936614,CO[C@H]1CC[C@H](c2nc(C(F)(F)F)c(-c3cc(C(=O)N4CC(c5ccc(C#N)cc5)C4)ccc3C)[nH]2)CC1,"InChI=1S/C29H29F3N4O2/c1-17-3-6-21(28(37)36-15-22(16-36)19-7-4-18(14-33)5-8-19)13-24(17)25-26(29(30,31)32)35-27(34-25)20-9-11-23(38-2)12-10-20/h3-8,13,20,22-23H,9-12,15-16H2,1-2H3,(H,34,35)/t20-,23-"
222,CHEMBL4128193,COc1cccc(-c2cc(C(=O)Nc3cc4ccc(O[C@H]5CC[C@@H](NC(=O)c6ccccc6)CC5)c(C)c4oc3=O)ccc2OC)c1,"InChI=1S/C38H36N2O7/c1-23-33(46-29-16-14-28(15-17-29)39-36(41)24-8-5-4-6-9-24)18-12-26-22-32(38(43)47-35(23)26)40-37(42)27-13-19-34(45-3)31(21-27)25-10-7-11-30(20-25)44-2/h4-13,18-22,28-29H,14-17H2,1-3H3,(H,39,41)(H,40,42)/t28-,29+"
222,CHEMBL4129999,COc1cccc(-c2cc(C(=O)Nc3cc4ccc(O[C@H]5CC[C@H](NC(=O)c6ccccc6)CC5)c(C)c4oc3=O)ccc2OC)c1,"InChI=1S/C38H36N2O7/c1-23-33(46-29-16-14-28(15-17-29)39-36(41)24-8-5-4-6-9-24)18-12-26-22-32(38(43)47-35(23)26)40-37(42)27-13-19-34(45-3)31(21-27)25-10-7-11-30(20-25)44-2/h4-13,18-22,28-29H,14-17H2,1-3H3,(H,39,41)(H,40,42)/t28-,29-"
223,CHEMBL2031147,CC(=O)N[C@@H](Cc1ccc(F)cc1)[C@H](O)CN[C@H]1C[C@]2(C[C@@H](O)C2)Oc2ncc(CC(C)(C)C)cc21,"InChI=1S/C28H38FN3O4/c1-17(33)32-23(10-18-5-7-20(29)8-6-18)25(35)16-30-24-14-28(12-21(34)13-28)36-26-22(24)9-19(15-31-26)11-27(2,3)4/h5-9,15,21,23-25,30,34-35H,10-14,16H2,1-4H3,(H,32,33)/t21-,23-,24-,25+,28-/m0/s1"
223,CHEMBL2031148,CC(=O)N[C@@H](Cc1ccc(F)cc1)[C@H](O)CN[C@H]1C[C@]2(C[C@H](O)C2)Oc2ncc(CC(C)(C)C)cc21,"InChI=1S/C28H38FN3O4/c1-17(33)32-23(10-18-5-7-20(29)8-6-18)25(35)16-30-24-14-28(12-21(34)13-28)36-26-22(24)9-19(15-31-26)11-27(2,3)4/h5-9,15,21,23-25,30,34-35H,10-14,16H2,1-4H3,(H,32,33)/t21-,23-,24-,25+,28+/m0/s1"
224,CHEMBL228606,COc1ccc(S(=O)(=O)N[C@H]2CC[C@H](N3CCC(c4ccccc4OCCF)CC3)CC2)cc1OC,"InChI=1S/C27H37FN2O5S/c1-33-26-12-11-23(19-27(26)34-2)36(31,32)29-21-7-9-22(10-8-21)30-16-13-20(14-17-30)24-5-3-4-6-25(24)35-18-15-28/h3-6,11-12,19-22,29H,7-10,13-18H2,1-2H3/t21-,22-"
224,CHEMBL538397,COc1ccc(S(=O)(=O)N[C@H]2CC[C@@H](N3CCC(c4ccccc4OCCF)CC3)CC2)cc1OC,"InChI=1S/C27H37FN2O5S/c1-33-26-12-11-23(19-27(26)34-2)36(31,32)29-21-7-9-22(10-8-21)30-16-13-20(14-17-30)24-5-3-4-6-25(24)35-18-15-28/h3-6,11-12,19-22,29H,7-10,13-18H2,1-2H3/t21-,22+"
225,CHEMBL1441128,Cl/C=C\Cl,InChI=1S/C2H2Cl2/c3-1-2-4/h1-2H/b2-1-
225,CHEMBL157026,Cl/C=C/Cl,InChI=1S/C2H2Cl2/c3-1-2-4/h1-2H/b2-1+
226,CHEMBL54364,N#Cc1ccc2[nH]cc([C@H]3CC[C@H](NCCc4ccccc4)CC3)c2c1,"InChI=1S/C23H25N3/c24-15-18-6-11-23-21(14-18)22(16-26-23)19-7-9-20(10-8-19)25-13-12-17-4-2-1-3-5-17/h1-6,11,14,16,19-20,25-26H,7-10,12-13H2/t19-,20-"
226,CHEMBL56030,N#Cc1ccc2[nH]cc([C@H]3CC[C@@H](NCCc4ccccc4)CC3)c2c1,"InChI=1S/C23H25N3/c24-15-18-6-11-23-21(14-18)22(16-26-23)19-7-9-20(10-8-19)25-13-12-17-4-2-1-3-5-17/h1-6,11,14,16,19-20,25-26H,7-10,12-13H2/t19-,20+"
227,CHEMBL3943557,O[C@H]1CC[C@@H](c2nnn3cnc4[nH]ccc4c23)CC1,"InChI=1S/C13H15N5O/c19-9-3-1-8(2-4-9)11-12-10-5-6-14-13(10)15-7-18(12)17-16-11/h5-9,14,19H,1-4H2/t8-,9+"
227,CHEMBL3984424,O[C@H]1CC[C@H](c2nnn3cnc4[nH]ccc4c23)CC1,"InChI=1S/C13H15N5O/c19-9-3-1-8(2-4-9)11-12-10-5-6-14-13(10)15-7-18(12)17-16-11/h5-9,14,19H,1-4H2/t8-,9-"
228,CHEMBL4086674,CNC(=O)c1ccc(Nc2nc(O[C@H]3CC[C@@](C)(O)CC3)c3c(-c4ccc5nc(C)oc5c4)c[nH]c3n2)c(OC)c1,"InChI=1S/C30H32N6O5/c1-16-33-22-7-5-17(13-24(22)40-16)20-15-32-26-25(20)28(41-19-9-11-30(2,38)12-10-19)36-29(35-26)34-21-8-6-18(27(37)31-3)14-23(21)39-4/h5-8,13-15,19,38H,9-12H2,1-4H3,(H,31,37)(H2,32,34,35,36)/t19-,30+"
228,CHEMBL4090966,CNC(=O)c1ccc(Nc2nc(O[C@H]3CC[C@](C)(O)CC3)c3c(-c4ccc5nc(C)oc5c4)c[nH]c3n2)c(OC)c1,"InChI=1S/C30H32N6O5/c1-16-33-22-7-5-17(13-24(22)40-16)20-15-32-26-25(20)28(41-19-9-11-30(2,38)12-10-19)36-29(35-26)34-21-8-6-18(27(37)31-3)14-23(21)39-4/h5-8,13-15,19,38H,9-12H2,1-4H3,(H,31,37)(H2,32,34,35,36)/t19-,30-"
229,CHEMBL4107028,N[C@H]1CC[C@H](N[C@H]2C[C@@H]2c2ccc(-c3cccc(C(F)(F)F)c3)cc2)CC1,"InChI=1S/C22H25F3N2/c23-22(24,25)17-3-1-2-16(12-17)14-4-6-15(7-5-14)20-13-21(20)27-19-10-8-18(26)9-11-19/h1-7,12,18-21,27H,8-11,13,26H2/t18-,19-,20-,21+/m1/s1"
229,CHEMBL4114950,N[C@H]1CC[C@@H](N[C@H]2C[C@@H]2c2ccc(-c3cccc(C(F)(F)F)c3)cc2)CC1,"InChI=1S/C22H25F3N2/c23-22(24,25)17-3-1-2-16(12-17)14-4-6-15(7-5-14)20-13-21(20)27-19-10-8-18(26)9-11-19/h1-7,12,18-21,27H,8-11,13,26H2/t18-,19+,20-,21+/m1/s1"
230,CHEMBL3945881,Nc1ncc([C@H]2CC[C@H](O)CC2)nc1-c1ccc(C(=O)NCc2cccc(Cl)n2)c(F)c1,"InChI=1S/C23H23ClFN5O2/c24-20-3-1-2-15(29-20)11-28-23(32)17-9-6-14(10-18(17)25)21-22(26)27-12-19(30-21)13-4-7-16(31)8-5-13/h1-3,6,9-10,12-13,16,31H,4-5,7-8,11H2,(H2,26,27)(H,28,32)/t13-,16-"
230,CHEMBL3975240,Nc1ncc([C@H]2CC[C@@H](O)CC2)nc1-c1ccc(C(=O)NCc2cccc(Cl)n2)c(F)c1,"InChI=1S/C23H23ClFN5O2/c24-20-3-1-2-15(29-20)11-28-23(32)17-9-6-14(10-18(17)25)21-22(26)27-12-19(30-21)13-4-7-16(31)8-5-13/h1-3,6,9-10,12-13,16,31H,4-5,7-8,11H2,(H2,26,27)(H,28,32)/t13-,16+"
231,CHEMBL16308,C=CCN(C)C(=O)O[C@H]1CC[C@@](CNC(=O)c2ccccc2OC)(c2ccccc2)CC1,"InChI=1S/C26H32N2O4/c1-4-18-28(2)25(30)32-21-14-16-26(17-15-21,20-10-6-5-7-11-20)19-27-24(29)22-12-8-9-13-23(22)31-3/h4-13,21H,1,14-19H2,2-3H3,(H,27,29)/t21-,26+"
231,CHEMBL16844,C=CCN(C)C(=O)O[C@H]1CC[C@](CNC(=O)c2ccccc2OC)(c2ccccc2)CC1,"InChI=1S/C26H32N2O4/c1-4-18-28(2)25(30)32-21-14-16-26(17-15-21,20-10-6-5-7-11-20)19-27-24(29)22-12-8-9-13-23(22)31-3/h4-13,21H,1,14-19H2,2-3H3,(H,27,29)/t21-,26-"
232,CHEMBL3827049,O[C@H](c1ccccn1)[C@]1(c2cccc(C(F)(F)F)c2)C[C@H](O)C1,"InChI=1S/C17H16F3NO2/c18-17(19,20)12-5-3-4-11(8-12)16(9-13(22)10-16)15(23)14-6-1-2-7-21-14/h1-8,13,15,22-23H,9-10H2/t13-,15-,16+/m1/s1"
232,CHEMBL3827938,O[C@H](c1ccccn1)[C@]1(c2cccc(C(F)(F)F)c2)C[C@@H](O)C1,"InChI=1S/C17H16F3NO2/c18-17(19,20)12-5-3-4-11(8-12)16(9-13(22)10-16)15(23)14-6-1-2-7-21-14/h1-8,13,15,22-23H,9-10H2/t13-,15-,16-/m1/s1"
233,CHEMBL3652311,CN(c1ncnc2[nH]ccc12)[C@H]1CC[C@@H](CS(=O)(=O)N2CCC[C@H](C#N)C2)CC1,"InChI=1S/C20H28N6O2S/c1-25(20-18-8-9-22-19(18)23-14-24-20)17-6-4-15(5-7-17)13-29(27,28)26-10-2-3-16(11-21)12-26/h8-9,14-17H,2-7,10,12-13H2,1H3,(H,22,23,24)/t15-,16-,17+/m1/s1"
233,CHEMBL3652335,CN(c1ncnc2[nH]ccc12)[C@H]1CC[C@H](CS(=O)(=O)N2CCC[C@H](C#N)C2)CC1,"InChI=1S/C20H28N6O2S/c1-25(20-18-8-9-22-19(18)23-14-24-20)17-6-4-15(5-7-17)13-29(27,28)26-10-2-3-16(11-21)12-26/h8-9,14-17H,2-7,10,12-13H2,1H3,(H,22,23,24)/t15-,16-,17-/m1/s1"
234,CHEMBL3945524,CO[C@H]1C[C@H](NC(=O)c2ccc3cc(Oc4ccc(C(F)(F)F)cn4)ccc3n2)C1,"InChI=1S/C21H18F3N3O3/c1-29-16-9-14(10-16)26-20(28)18-5-2-12-8-15(4-6-17(12)27-18)30-19-7-3-13(11-25-19)21(22,23)24/h2-8,11,14,16H,9-10H2,1H3,(H,26,28)/t14-,16-"
234,CHEMBL3960616,CO[C@H]1C[C@@H](NC(=O)c2ccc3cc(Oc4ccc(C(F)(F)F)cn4)ccc3n2)C1,"InChI=1S/C21H18F3N3O3/c1-29-16-9-14(10-16)26-20(28)18-5-2-12-8-15(4-6-17(12)27-18)30-19-7-3-13(11-25-19)21(22,23)24/h2-8,11,14,16H,9-10H2,1H3,(H,26,28)/t14-,16+"
235,CHEMBL224362,c1ccc(CCN[C@H]2CC[C@H](Nc3cccc4cnccc34)CC2)cc1,"InChI=1S/C23H27N3/c1-2-5-18(6-3-1)13-16-25-20-9-11-21(12-10-20)26-23-8-4-7-19-17-24-15-14-22(19)23/h1-8,14-15,17,20-21,25-26H,9-13,16H2/t20-,21-"
235,CHEMBL224417,c1ccc(CCN[C@H]2CC[C@@H](Nc3cccc4cnccc34)CC2)cc1,"InChI=1S/C23H27N3/c1-2-5-18(6-3-1)13-16-25-20-9-11-21(12-10-20)26-23-8-4-7-19-17-24-15-14-22(19)23/h1-8,14-15,17,20-21,25-26H,9-13,16H2/t20-,21+"
236,CHEMBL388727,C=C1C(=O)O[C@@H]2[C@H]3O[C@]3(C)CC/C=C(\C)CC[C@@H]12,"InChI=1S/C15H20O3/c1-9-5-4-8-15(3)13(18-15)12-11(7-6-9)10(2)14(16)17-12/h5,11-13H,2,4,6-8H2,1,3H3/b9-5+/t11-,12-,13+,15+/m0/s1"
236,CHEMBL465158,C=C1C(=O)O[C@@H]2[C@H]3O[C@]3(C)CC/C=C(\C)CC[C@@H]12,"InChI=1S/C15H20O3/c1-9-5-4-8-15(3)13(18-15)12-11(7-6-9)10(2)14(16)17-12/h5,11-13H,2,4,6-8H2,1,3H3/b9-5-/t11-,12-,13+,15+/m0/s1"
237,CHEMBL237566,CN(C)C(=O)[C@@H]([C@H]1CC[C@@H](c2cccc3ncnn32)CC1)[C@H](N)C(=O)N1CC[C@H](F)C1,"InChI=1S/C22H31FN6O2/c1-27(2)21(30)19(20(24)22(31)28-11-10-16(23)12-28)15-8-6-14(7-9-15)17-4-3-5-18-25-13-26-29(17)18/h3-5,13-16,19-20H,6-12,24H2,1-2H3/t14-,15+,16-,19-,20-/m0/s1"
237,CHEMBL400841,CN(C)C(=O)[C@@H]([C@H]1CC[C@H](c2cccc3ncnn32)CC1)[C@H](N)C(=O)N1CC[C@H](F)C1,"InChI=1S/C22H31FN6O2/c1-27(2)21(30)19(20(24)22(31)28-11-10-16(23)12-28)15-8-6-14(7-9-15)17-4-3-5-18-25-13-26-29(17)18/h3-5,13-16,19-20H,6-12,24H2,1-2H3/t14-,15-,16-,19-,20-/m0/s1"
238,CHEMBL42663,N[C@]1(C(=O)O)C[C@H](n2oc(=O)[nH]c2=O)C1,"InChI=1S/C7H9N3O5/c8-7(4(11)12)1-3(2-7)10-5(13)9-6(14)15-10/h3H,1-2,8H2,(H,11,12)(H,9,13,14)/t3-,7+"
238,CHEMBL44296,N[C@]1(C(=O)O)C[C@@H](n2oc(=O)[nH]c2=O)C1,"InChI=1S/C7H9N3O5/c8-7(4(11)12)1-3(2-7)10-5(13)9-6(14)15-10/h3H,1-2,8H2,(H,11,12)(H,9,13,14)/t3-,7-"
239,CHEMBL446833,C[C@H]1[C@@H](O[C@H]2CC[C@@H](O[C@H]3O[C@@H]4O[C@@]5(C)CC[C@H]6[C@H](C)CC[C@@H]([C@H]3C)[C@@]46OO5)CC2)O[C@@H]2O[C@@]3(C)CC[C@H]4[C@H](C)CC[C@@H]1[C@@]24OO3,"InChI=1S/C36H56O10/c1-19-7-13-27-21(3)29(39-31-35(27)25(19)15-17-33(5,41-31)43-45-35)37-23-9-11-24(12-10-23)38-30-22(4)28-14-8-20(2)26-16-18-34(6)42-32(40-30)36(26,28)46-44-34/h19-32H,7-18H2,1-6H3/t19-,20-,21-,22-,23-,24+,25+,26+,27+,28+,29+,30+,31-,32-,33-,34-,35-,36-/m1/s1"
239,CHEMBL449452,C[C@H]1[C@@H](O[C@H]2CC[C@H](O[C@H]3O[C@@H]4O[C@@]5(C)CC[C@H]6[C@H](C)CC[C@@H]([C@H]3C)[C@@]46OO5)CC2)O[C@@H]2O[C@@]3(C)CC[C@H]4[C@H](C)CC[C@@H]1[C@@]24OO3,"InChI=1S/C36H56O10/c1-19-7-13-27-21(3)29(39-31-35(27)25(19)15-17-33(5,41-31)43-45-35)37-23-9-11-24(12-10-23)38-30-22(4)28-14-8-20(2)26-16-18-34(6)42-32(40-30)36(26,28)46-44-34/h19-32H,7-18H2,1-6H3/t19-,20-,21-,22-,23-,24-,25+,26+,27+,28+,29+,30+,31-,32-,33-,34-,35-,36-/m1/s1"
240,CHEMBL3827516,O[C@H](c1ccccn1)[C@]1(c2ccc(C(F)(F)F)cc2)C[C@H](O)C1,"InChI=1S/C17H16F3NO2/c18-17(19,20)12-6-4-11(5-7-12)16(9-13(22)10-16)15(23)14-3-1-2-8-21-14/h1-8,13,15,22-23H,9-10H2/t13-,15-,16+/m1/s1"
240,CHEMBL3827945,O[C@H](c1ccccn1)[C@]1(c2ccc(C(F)(F)F)cc2)C[C@@H](O)C1,"InChI=1S/C17H16F3NO2/c18-17(19,20)12-6-4-11(5-7-12)16(9-13(22)10-16)15(23)14-3-1-2-8-21-14/h1-8,13,15,22-23H,9-10H2/t13-,15-,16-/m1/s1"
241,CHEMBL456194,CCC(=O)N[C@H]1CC[C@H](NS(=O)(=O)c2ccc(F)cc2)CC1,"InChI=1S/C15H21FN2O3S/c1-2-15(19)17-12-5-7-13(8-6-12)18-22(20,21)14-9-3-11(16)4-10-14/h3-4,9-10,12-13,18H,2,5-8H2,1H3,(H,17,19)/t12-,13-"
241,CHEMBL458726,CCC(=O)N[C@H]1CC[C@@H](NS(=O)(=O)c2ccc(F)cc2)CC1,"InChI=1S/C15H21FN2O3S/c1-2-15(19)17-12-5-7-13(8-6-12)18-22(20,21)14-9-3-11(16)4-10-14/h3-4,9-10,12-13,18H,2,5-8H2,1H3,(H,17,19)/t12-,13+"
242,CHEMBL3655226,CN(C)C[C@H]1C[C@@H](c2nc(-c3ccc(Oc4ccccc4)cc3)c3c(N)nccn32)C1,"InChI=1S/C25H27N5O/c1-29(2)16-17-14-19(15-17)25-28-22(23-24(26)27-12-13-30(23)25)18-8-10-21(11-9-18)31-20-6-4-3-5-7-20/h3-13,17,19H,14-16H2,1-2H3,(H2,26,27)/t17-,19+"
242,CHEMBL3655229,CN(C)C[C@H]1C[C@H](c2nc(-c3ccc(Oc4ccccc4)cc3)c3c(N)nccn32)C1,"InChI=1S/C25H27N5O/c1-29(2)16-17-14-19(15-17)25-28-22(23-24(26)27-12-13-30(23)25)18-8-10-21(11-9-18)31-20-6-4-3-5-7-20/h3-13,17,19H,14-16H2,1-2H3,(H2,26,27)/t17-,19-"
243,CHEMBL2397137,CNC(=O)c1cc(O[C@H]2CC[C@@H](NC(=O)Nc3ccc(Cl)c(C(F)(F)F)c3)CC2)ccn1,"InChI=1S/C21H22ClF3N4O3/c1-26-19(30)18-11-15(8-9-27-18)32-14-5-2-12(3-6-14)28-20(31)29-13-4-7-17(22)16(10-13)21(23,24)25/h4,7-12,14H,2-3,5-6H2,1H3,(H,26,30)(H2,28,29,31)/t12-,14+"
243,CHEMBL2397141,CNC(=O)c1cc(O[C@H]2CC[C@H](NC(=O)Nc3ccc(Cl)c(C(F)(F)F)c3)CC2)ccn1,"InChI=1S/C21H22ClF3N4O3/c1-26-19(30)18-11-15(8-9-27-18)32-14-5-2-12(3-6-14)28-20(31)29-13-4-7-17(22)16(10-13)21(23,24)25/h4,7-12,14H,2-3,5-6H2,1H3,(H,26,30)(H2,28,29,31)/t12-,14-"
244,CHEMBL216185,CCCn1c(=O)c2nc([C@H]3CC[C@@H](NC(C)=O)CC3)[nH]c2n(CCC)c1=O,"InChI=1S/C19H29N5O3/c1-4-10-23-17-15(18(26)24(11-5-2)19(23)27)21-16(22-17)13-6-8-14(9-7-13)20-12(3)25/h13-14H,4-11H2,1-3H3,(H,20,25)(H,21,22)/t13-,14+"
244,CHEMBL385006,CCCn1c(=O)c2nc([C@H]3CC[C@H](NC(C)=O)CC3)[nH]c2n(CCC)c1=O,"InChI=1S/C19H29N5O3/c1-4-10-23-17-15(18(26)24(11-5-2)19(23)27)21-16(22-17)13-6-8-14(9-7-13)20-12(3)25/h13-14H,4-11H2,1-3H3,(H,20,25)(H,21,22)/t13-,14-"
245,CHEMBL3805287,N#C/N=C(/NCCSc1ccccc1)N[C@H]1CC[C@H](c2c[nH]cn2)CC1,"InChI=1S/C19H24N6S/c20-13-23-19(22-10-11-26-17-4-2-1-3-5-17)25-16-8-6-15(7-9-16)18-12-21-14-24-18/h1-5,12,14-16H,6-11H2,(H,21,24)(H2,22,23,25)/t15-,16-"
245,CHEMBL3805392,N#C/N=C(/NCCSc1ccccc1)N[C@H]1CC[C@@H](c2c[nH]cn2)CC1,"InChI=1S/C19H24N6S/c20-13-23-19(22-10-11-26-17-4-2-1-3-5-17)25-16-8-6-15(7-9-16)18-12-21-14-24-18/h1-5,12,14-16H,6-11H2,(H,21,24)(H2,22,23,25)/t15-,16+"
246,CHEMBL3946995,O=C(N[C@H]1CC[C@H](CCN2CCN(c3nsc4ccccc34)CC2)CC1)c1ccco1,"InChI=1S/C24H30N4O2S/c29-24(21-5-3-17-30-21)25-19-9-7-18(8-10-19)11-12-27-13-15-28(16-14-27)23-20-4-1-2-6-22(20)31-26-23/h1-6,17-19H,7-16H2,(H,25,29)/t18-,19-"
246,CHEMBL3950977,O=C(N[C@H]1CC[C@@H](CCN2CCN(c3nsc4ccccc34)CC2)CC1)c1ccco1,"InChI=1S/C24H30N4O2S/c29-24(21-5-3-17-30-21)25-19-9-7-18(8-10-19)11-12-27-13-15-28(16-14-27)23-20-4-1-2-6-22(20)31-26-23/h1-6,17-19H,7-16H2,(H,25,29)/t18-,19+"
247,CHEMBL3397446,COc1ccc(-c2cc(C)c(OC)c(C(=O)N[C@H]3CC[C@H](C)CC3)c2)cc1,"InChI=1S/C23H29NO3/c1-15-5-9-19(10-6-15)24-23(25)21-14-18(13-16(2)22(21)27-4)17-7-11-20(26-3)12-8-17/h7-8,11-15,19H,5-6,9-10H2,1-4H3,(H,24,25)/t15-,19-"
247,CHEMBL3397447,COc1ccc(-c2cc(C)c(OC)c(C(=O)N[C@H]3CC[C@@H](C)CC3)c2)cc1,"InChI=1S/C23H29NO3/c1-15-5-9-19(10-6-15)24-23(25)21-14-18(13-16(2)22(21)27-4)17-7-11-20(26-3)12-8-17/h7-8,11-15,19H,5-6,9-10H2,1-4H3,(H,24,25)/t15-,19+"
248,CHEMBL3797270,COc1c(Cc2ccc(F)cc2)cc(-c2ccccc2)cc1C(=O)N[C@H]1CC[C@H](C)CC1,"InChI=1S/C28H30FNO2/c1-19-8-14-25(15-9-19)30-28(31)26-18-22(21-6-4-3-5-7-21)17-23(27(26)32-2)16-20-10-12-24(29)13-11-20/h3-7,10-13,17-19,25H,8-9,14-16H2,1-2H3,(H,30,31)/t19-,25-"
248,CHEMBL3799040,COc1c(Cc2ccc(F)cc2)cc(-c2ccccc2)cc1C(=O)N[C@H]1CC[C@@H](C)CC1,"InChI=1S/C28H30FNO2/c1-19-8-14-25(15-9-19)30-28(31)26-18-22(21-6-4-3-5-7-21)17-23(27(26)32-2)16-20-10-12-24(29)13-11-20/h3-7,10-13,17-19,25H,8-9,14-16H2,1-2H3,(H,30,31)/t19-,25+"
249,CHEMBL261253,Nc1nccn2c1c(-c1ccc3ccc(-c4ccccc4)nc3c1)nc2[C@H]1C[C@H](CN2CCOCC2)C1,"InChI=1S/C30H30N6O/c31-29-28-27(23-7-6-22-8-9-25(33-26(22)18-23)21-4-2-1-3-5-21)34-30(36(28)11-10-32-29)24-16-20(17-24)19-35-12-14-37-15-13-35/h1-11,18,20,24H,12-17,19H2,(H2,31,32)/t20-,24-"
249,CHEMBL411074,Nc1nccn2c1c(-c1ccc3ccc(-c4ccccc4)nc3c1)nc2[C@H]1C[C@@H](CN2CCOCC2)C1,"InChI=1S/C30H30N6O/c31-29-28-27(23-7-6-22-8-9-25(33-26(22)18-23)21-4-2-1-3-5-21)34-30(36(28)11-10-32-29)24-16-20(17-24)19-35-12-14-37-15-13-35/h1-11,18,20,24H,12-17,19H2,(H2,31,32)/t20-,24+"
250,CHEMBL2115007,O=C(NCc1cc(C(F)(F)F)cc(C(F)(F)F)c1)[C@]1(c2ccccc2)CC[C@H](N2CCC(c3ccc(F)cc3)CC2)CC1,"InChI=1S/C33H33F7N2O/c34-28-8-6-23(7-9-28)24-12-16-42(17-13-24)29-10-14-31(15-11-29,25-4-2-1-3-5-25)30(43)41-21-22-18-26(32(35,36)37)20-27(19-22)33(38,39)40/h1-9,18-20,24,29H,10-17,21H2,(H,41,43)/t29-,31+"
250,CHEMBL51893,O=C(NCc1cc(C(F)(F)F)cc(C(F)(F)F)c1)[C@]1(c2ccccc2)CC[C@@H](N2CCC(c3ccc(F)cc3)CC2)CC1,"InChI=1S/C33H33F7N2O/c34-28-8-6-23(7-9-28)24-12-16-42(17-13-24)29-10-14-31(15-11-29,25-4-2-1-3-5-25)30(43)41-21-22-18-26(32(35,36)37)20-27(19-22)33(38,39)40/h1-9,18-20,24,29H,10-17,21H2,(H,41,43)/t29-,31-"
251,CHEMBL3586397,CO[C@H]1CC[C@@H](CN2C(=O)CNc3ncc(-c4ccc(C(C)(C)O)nc4)nc32)CC1,"InChI=1S/C22H29N5O3/c1-22(2,29)18-9-6-15(10-23-18)17-11-24-20-21(26-17)27(19(28)12-25-20)13-14-4-7-16(30-3)8-5-14/h6,9-11,14,16,29H,4-5,7-8,12-13H2,1-3H3,(H,24,25)/t14-,16+"
251,CHEMBL3586399,CO[C@H]1CC[C@H](CN2C(=O)CNc3ncc(-c4ccc(C(C)(C)O)nc4)nc32)CC1,"InChI=1S/C22H29N5O3/c1-22(2,29)18-9-6-15(10-23-18)17-11-24-20-21(26-17)27(19(28)12-25-20)13-14-4-7-16(30-3)8-5-14/h6,9-11,14,16,29H,4-5,7-8,12-13H2,1-3H3,(H,24,25)/t14-,16-"
252,CHEMBL1956163,O=C1[C@@H]2[C@@H]3CC[C@@H](C3)[C@@H]2C(=O)N1[C@H]1CC[C@H](C(=O)Nc2cccc3cccnc23)CC1,"InChI=1S/C25H27N3O3/c29-23(27-19-5-1-3-14-4-2-12-26-22(14)19)15-8-10-18(11-9-15)28-24(30)20-16-6-7-17(13-16)21(20)25(28)31/h1-5,12,15-18,20-21H,6-11,13H2,(H,27,29)/t15-,16-,17+,18-,20-,21+"
252,CHEMBL1956308,O=C1[C@@H]2[C@@H]3CC[C@@H](C3)[C@@H]2C(=O)N1[C@H]1CC[C@@H](C(=O)Nc2cccc3cccnc23)CC1,"InChI=1S/C25H27N3O3/c29-23(27-19-5-1-3-14-4-2-12-26-22(14)19)15-8-10-18(11-9-15)28-24(30)20-16-6-7-17(13-16)21(20)25(28)31/h1-5,12,15-18,20-21H,6-11,13H2,(H,27,29)/t15-,16-,17+,18+,20-,21+"
253,CHEMBL3892177,CN1Cc2c(C3=CCN([C@H]4CC[C@@H](CC(=O)O)CC4)CC3)[nH]c3ncc(F)c(c23)-c2ccccc21,"InChI=1S/C28H31FN4O2/c1-32-16-21-26-25(20-4-2-3-5-23(20)32)22(29)15-30-28(26)31-27(21)18-10-12-33(13-11-18)19-8-6-17(7-9-19)14-24(34)35/h2-5,10,15,17,19H,6-9,11-14,16H2,1H3,(H,30,31)(H,34,35)/t17-,19+"
253,CHEMBL3954215,CN1Cc2c(C3=CCN([C@H]4CC[C@H](CC(=O)O)CC4)CC3)[nH]c3ncc(F)c(c23)-c2ccccc21,"InChI=1S/C28H31FN4O2/c1-32-16-21-26-25(20-4-2-3-5-23(20)32)22(29)15-30-28(26)31-27(21)18-10-12-33(13-11-18)19-8-6-17(7-9-19)14-24(34)35/h2-5,10,15,17,19H,6-9,11-14,16H2,1H3,(H,30,31)(H,34,35)/t17-,19-"
254,CHEMBL2031142,CC(=O)N[C@@H](Cc1ccc(F)c(F)c1)[C@H](O)CN[C@H]1C[C@]2(C[C@@H](C)C2)Oc2ncc(CC(C)(C)C)cc21,"InChI=1S/C29H39F2N3O3/c1-17-11-29(12-17)14-25(21-8-20(13-28(3,4)5)15-33-27(21)37-29)32-16-26(36)24(34-18(2)35)10-19-6-7-22(30)23(31)9-19/h6-9,15,17,24-26,32,36H,10-14,16H2,1-5H3,(H,34,35)/t17-,24-,25-,26+,29-/m0/s1"
254,CHEMBL2031143,CC(=O)N[C@@H](Cc1ccc(F)c(F)c1)[C@H](O)CN[C@H]1C[C@]2(C[C@H](C)C2)Oc2ncc(CC(C)(C)C)cc21,"InChI=1S/C29H39F2N3O3/c1-17-11-29(12-17)14-25(21-8-20(13-28(3,4)5)15-33-27(21)37-29)32-16-26(36)24(34-18(2)35)10-19-6-7-22(30)23(31)9-19/h6-9,15,17,24-26,32,36H,10-14,16H2,1-5H3,(H,34,35)/t17-,24-,25-,26+,29+/m0/s1"
255,CHEMBL1795642,COc1ccccc1C(=O)c1cnc(N[C@H]2CC[C@@H](C(=O)Nc3ccccc3)CC2)nc1N,"InChI=1S/C25H27N5O3/c1-33-21-10-6-5-9-19(21)22(31)20-15-27-25(30-23(20)26)29-18-13-11-16(12-14-18)24(32)28-17-7-3-2-4-8-17/h2-10,15-16,18H,11-14H2,1H3,(H,28,32)(H3,26,27,29,30)/t16-,18+"
255,CHEMBL1795643,COc1ccccc1C(=O)c1cnc(N[C@H]2CC[C@H](C(=O)Nc3ccccc3)CC2)nc1N,"InChI=1S/C25H27N5O3/c1-33-21-10-6-5-9-19(21)22(31)20-15-27-25(30-23(20)26)29-18-13-11-16(12-14-18)24(32)28-17-7-3-2-4-8-17/h2-10,15-16,18H,11-14H2,1H3,(H,28,32)(H3,26,27,29,30)/t16-,18-"
256,CHEMBL261438,Cc1ccc(/C(=N\NC(N)=S)c2cc(Cl)cc(Cl)c2)cc1,"InChI=1S/C15H13Cl2N3S/c1-9-2-4-10(5-3-9)14(19-20-15(18)21)11-6-12(16)8-13(17)7-11/h2-8H,1H3,(H3,18,20,21)/b19-14+"
256,CHEMBL496226,Cc1ccc(/C(=N/NC(N)=S)c2cc(Cl)cc(Cl)c2)cc1,"InChI=1S/C15H13Cl2N3S/c1-9-2-4-10(5-3-9)14(19-20-15(18)21)11-6-12(16)8-13(17)7-11/h2-8H,1H3,(H3,18,20,21)/b19-14-"
257,CHEMBL228659,COc1ccc(S(=O)(=O)N[C@H]2CC[C@@H](N3CCC(c4cc(F)ccc4OC(C)C)CC3)CC2)cc1OC,"InChI=1S/C28H39FN2O5S/c1-19(2)36-26-11-5-21(29)17-25(26)20-13-15-31(16-14-20)23-8-6-22(7-9-23)30-37(32,33)24-10-12-27(34-3)28(18-24)35-4/h5,10-12,17-20,22-23,30H,6-9,13-16H2,1-4H3/t22-,23+"
257,CHEMBL390473,COc1ccc(S(=O)(=O)N[C@H]2CC[C@H](N3CCC(c4cc(F)ccc4OC(C)C)CC3)CC2)cc1OC,"InChI=1S/C28H39FN2O5S/c1-19(2)36-26-11-5-21(29)17-25(26)20-13-15-31(16-14-20)23-8-6-22(7-9-23)30-37(32,33)24-10-12-27(34-3)28(18-24)35-4/h5,10-12,17-20,22-23,30H,6-9,13-16H2,1-4H3/t22-,23-"
258,CHEMBL485766,O=C(c1csc2ccccc12)N(CCc1ccc(Cl)cc1)[C@H]1CC[C@@H](O)CC1,"InChI=1S/C23H24ClNO2S/c24-17-7-5-16(6-8-17)13-14-25(18-9-11-19(26)12-10-18)23(27)21-15-28-22-4-2-1-3-20(21)22/h1-8,15,18-19,26H,9-14H2/t18-,19+"
258,CHEMBL487167,O=C(c1csc2ccccc12)N(CCc1ccc(Cl)cc1)[C@H]1CC[C@H](O)CC1,"InChI=1S/C23H24ClNO2S/c24-17-7-5-16(6-8-17)13-14-25(18-9-11-19(26)12-10-18)23(27)21-15-28-22-4-2-1-3-20(21)22/h1-8,15,18-19,26H,9-14H2/t18-,19-"
259,CHEMBL2268502,CCOP(=O)(OCC)[C@]1(C#N)SC[C@H](CN(C)C)CS1.O=C(O)C(=O)O,"InChI=1S/C12H23N2O3PS2.C2H2O4/c1-5-16-18(15,17-6-2)12(10-13)19-8-11(9-20-12)7-14(3)4;3-1(4)2(5)6/h11H,5-9H2,1-4H3;(H,3,4)(H,5,6)/t11-,12+;"
259,CHEMBL2270200,CCOP(=O)(OCC)[C@]1(C#N)SC[C@@H](CN(C)C)CS1.O=C(O)C(=O)O,"InChI=1S/C12H23N2O3PS2.C2H2O4/c1-5-16-18(15,17-6-2)12(10-13)19-8-11(9-20-12)7-14(3)4;3-1(4)2(5)6/h11H,5-9H2,1-4H3;(H,3,4)(H,5,6)/t11-,12-;"
260,CHEMBL1437288,N[C@]1(C(=O)O)C[C@@H](C(=O)O)C1,"InChI=1S/C6H9NO4/c7-6(5(10)11)1-3(2-6)4(8)9/h3H,1-2,7H2,(H,8,9)(H,10,11)/t3-,6-"
260,CHEMBL1555263,N[C@]1(C(=O)O)C[C@H](C(=O)O)C1,"InChI=1S/C6H9NO4/c7-6(5(10)11)1-3(2-6)4(8)9/h3H,1-2,7H2,(H,8,9)(H,10,11)/t3-,6+"
261,CHEMBL228280,O=S(=O)(N[C@H]1CC[C@@H](N2CCC(c3ccccc3OC3CC3)CC2)CC1)c1cc(Cl)ccc1F,"InChI=1S/C26H32ClFN2O3S/c27-19-5-12-24(28)26(17-19)34(31,32)29-20-6-8-21(9-7-20)30-15-13-18(14-16-30)23-3-1-2-4-25(23)33-22-10-11-22/h1-5,12,17-18,20-22,29H,6-11,13-16H2/t20-,21+"
261,CHEMBL228332,O=S(=O)(N[C@H]1CC[C@H](N2CCC(c3ccccc3OC3CC3)CC2)CC1)c1cc(Cl)ccc1F,"InChI=1S/C26H32ClFN2O3S/c27-19-5-12-24(28)26(17-19)34(31,32)29-20-6-8-21(9-7-20)30-15-13-18(14-16-30)23-3-1-2-4-25(23)33-22-10-11-22/h1-5,12,17-18,20-22,29H,6-11,13-16H2/t20-,21-"
262,CHEMBL1762421,CC(C)(C)c1cc(NC(=O)N2CCCN(C(=O)[C@H]3CC[C@@H](O)CC3)CC2)no1,"InChI=1S/C20H32N4O4/c1-20(2,3)16-13-17(22-28-16)21-19(27)24-10-4-9-23(11-12-24)18(26)14-5-7-15(25)8-6-14/h13-15,25H,4-12H2,1-3H3,(H,21,22,27)/t14-,15+"
262,CHEMBL1762422,CC(C)(C)c1cc(NC(=O)N2CCCN(C(=O)[C@H]3CC[C@H](O)CC3)CC2)no1,"InChI=1S/C20H32N4O4/c1-20(2,3)16-13-17(22-28-16)21-19(27)24-10-4-9-23(11-12-24)18(26)14-5-7-15(25)8-6-14/h13-15,25H,4-12H2,1-3H3,(H,21,22,27)/t14-,15-"
263,CHEMBL2009706,CN(C)CCO[C@]1(Cc2ccc(Cl)cc2Cl)CC[C@H](C(C)(C)C)CC1,"InChI=1S/C21H33Cl2NO/c1-20(2,3)17-8-10-21(11-9-17,25-13-12-24(4)5)15-16-6-7-18(22)14-19(16)23/h6-7,14,17H,8-13,15H2,1-5H3/t17-,21+"
263,CHEMBL2375129,CN(C)CCO[C@]1(Cc2ccc(Cl)cc2Cl)CC[C@@H](C(C)(C)C)CC1,"InChI=1S/C21H33Cl2NO/c1-20(2,3)17-8-10-21(11-9-17,25-13-12-24(4)5)15-16-6-7-18(22)14-19(16)23/h6-7,14,17H,8-13,15H2,1-5H3/t17-,21-"
264,CHEMBL266664,C[C@H]1CC[C@H](NCc2ccc3c(c2)Cc2c(-c4ccc(F)cc4)n[nH]c2-3)CC1,"InChI=1S/C24H26FN3/c1-15-2-9-20(10-3-15)26-14-16-4-11-21-18(12-16)13-22-23(27-28-24(21)22)17-5-7-19(25)8-6-17/h4-8,11-12,15,20,26H,2-3,9-10,13-14H2,1H3,(H,27,28)/t15-,20-"
264,CHEMBL397233,C[C@H]1CC[C@@H](NCc2ccc3c(c2)Cc2c(-c4ccc(F)cc4)n[nH]c2-3)CC1,"InChI=1S/C24H26FN3/c1-15-2-9-20(10-3-15)26-14-16-4-11-21-18(12-16)13-22-23(27-28-24(21)22)17-5-7-19(25)8-6-17/h4-8,11-12,15,20,26H,2-3,9-10,13-14H2,1H3,(H,27,28)/t15-,20+"
265,CHEMBL3900838,CC(C)C(=O)N[C@H]1CC[C@@H](c2ccc(NC(=O)N3Cc4ccncc4C3)cc2)CC1,"InChI=1S/C24H30N4O2/c1-16(2)23(29)26-21-7-3-17(4-8-21)18-5-9-22(10-6-18)27-24(30)28-14-19-11-12-25-13-20(19)15-28/h5-6,9-13,16-17,21H,3-4,7-8,14-15H2,1-2H3,(H,26,29)(H,27,30)/t17-,21+"
265,CHEMBL3971984,CC(C)C(=O)N[C@H]1CC[C@H](c2ccc(NC(=O)N3Cc4ccncc4C3)cc2)CC1,"InChI=1S/C24H30N4O2/c1-16(2)23(29)26-21-7-3-17(4-8-21)18-5-9-22(10-6-18)27-24(30)28-14-19-11-12-25-13-20(19)15-28/h5-6,9-13,16-17,21H,3-4,7-8,14-15H2,1-2H3,(H,26,29)(H,27,30)/t17-,21-"
266,CHEMBL233416,CC(C)Oc1ccccc1N1CCN([C@H]2CC[C@H](NS(=O)(=O)c3cccc(C(F)(F)F)c3)CC2)CC1,"InChI=1S/C26H34F3N3O3S/c1-19(2)35-25-9-4-3-8-24(25)32-16-14-31(15-17-32)22-12-10-21(11-13-22)30-36(33,34)23-7-5-6-20(18-23)26(27,28)29/h3-9,18-19,21-22,30H,10-17H2,1-2H3/t21-,22-"
266,CHEMBL233592,CC(C)Oc1ccccc1N1CCN([C@H]2CC[C@@H](NS(=O)(=O)c3cccc(C(F)(F)F)c3)CC2)CC1,"InChI=1S/C26H34F3N3O3S/c1-19(2)35-25-9-4-3-8-24(25)32-16-14-31(15-17-32)22-12-10-21(11-13-22)30-36(33,34)23-7-5-6-20(18-23)26(27,28)29/h3-9,18-19,21-22,30H,10-17H2,1-2H3/t21-,22+"
267,CHEMBL3674155,COc1cc(-c2ccc3ncc(C(=O)C4CC4)c(N[C@H]4CC[C@H](N)CC4)c3c2)ccc1O,"InChI=1S/C26H29N3O3/c1-32-24-13-17(5-11-23(24)30)16-4-10-22-20(12-16)25(29-19-8-6-18(27)7-9-19)21(14-28-22)26(31)15-2-3-15/h4-5,10-15,18-19,30H,2-3,6-9,27H2,1H3,(H,28,29)/t18-,19-"
267,CHEMBL3674164,COc1cc(-c2ccc3ncc(C(=O)C4CC4)c(N[C@H]4CC[C@@H](N)CC4)c3c2)ccc1O,"InChI=1S/C26H29N3O3/c1-32-24-13-17(5-11-23(24)30)16-4-10-22-20(12-16)25(29-19-8-6-18(27)7-9-19)21(14-28-22)26(31)15-2-3-15/h4-5,10-15,18-19,30H,2-3,6-9,27H2,1H3,(H,28,29)/t18-,19+"
268,CHEMBL1952132,O[C@H]1CC[C@H](Nc2ccc3nnn(-c4cccc(OC(F)(F)F)c4)c3n2)CC1,"InChI=1S/C18H18F3N5O2/c19-18(20,21)28-14-3-1-2-12(10-14)26-17-15(24-25-26)8-9-16(23-17)22-11-4-6-13(27)7-5-11/h1-3,8-11,13,27H,4-7H2,(H,22,23)/t11-,13-"
268,CHEMBL1952133,O[C@H]1CC[C@@H](Nc2ccc3nnn(-c4cccc(OC(F)(F)F)c4)c3n2)CC1,"InChI=1S/C18H18F3N5O2/c19-18(20,21)28-14-3-1-2-12(10-14)26-17-15(24-25-26)8-9-16(23-17)22-11-4-6-13(27)7-5-11/h1-3,8-11,13,27H,4-7H2,(H,22,23)/t11-,13+"
269,CHEMBL342360,O=C(O)CCCCCN(CCCC1CCCCC1)S(=O)(=O)/C=C/c1ccc(NC(=O)[C@H]2CC[C@@H](C(C(=O)O)C(=O)O)CC2)cc1,"InChI=1S/C33H48N2O9S/c36-29(37)11-5-2-6-21-35(22-7-10-24-8-3-1-4-9-24)45(43,44)23-20-25-12-18-28(19-13-25)34-31(38)27-16-14-26(15-17-27)30(32(39)40)33(41)42/h12-13,18-20,23-24,26-27,30H,1-11,14-17,21-22H2,(H,34,38)(H,36,37)(H,39,40)(H,41,42)/b23-20+/t26-,27+"
269,CHEMBL358512,O=C(O)CCCCCN(CCCC1CCCCC1)S(=O)(=O)/C=C/c1ccc(NC(=O)[C@H]2CC[C@H](C(C(=O)O)C(=O)O)CC2)cc1,"InChI=1S/C33H48N2O9S/c36-29(37)11-5-2-6-21-35(22-7-10-24-8-3-1-4-9-24)45(43,44)23-20-25-12-18-28(19-13-25)34-31(38)27-16-14-26(15-17-27)30(32(39)40)33(41)42/h12-13,18-20,23-24,26-27,30H,1-11,14-17,21-22H2,(H,34,38)(H,36,37)(H,39,40)(H,41,42)/b23-20+/t26-,27-"
270,CHEMBL222160,O=C(Nc1ccc(C(=O)O)cc1)N[C@H]1CC[C@@H](Oc2ccc(F)cc2)CC1,"InChI=1S/C20H21FN2O4/c21-14-3-9-17(10-4-14)27-18-11-7-16(8-12-18)23-20(26)22-15-5-1-13(2-6-15)19(24)25/h1-6,9-10,16,18H,7-8,11-12H2,(H,24,25)(H2,22,23,26)/t16-,18+"
270,CHEMBL3100011,O=C(Nc1ccc(C(=O)O)cc1)N[C@H]1CC[C@H](Oc2ccc(F)cc2)CC1,"InChI=1S/C20H21FN2O4/c21-14-3-9-17(10-4-14)27-18-11-7-16(8-12-18)23-20(26)22-15-5-1-13(2-6-15)19(24)25/h1-6,9-10,16,18H,7-8,11-12H2,(H,24,25)(H2,22,23,26)/t16-,18-"
271,CHEMBL2375954,Cc1nc(N)nc2c1cc(-c1cnn(C)c1)c(=O)n2[C@H]1CC[C@H](OCC(N)=O)CC1,"InChI=1S/C20H25N7O3/c1-11-15-7-16(12-8-23-26(2)9-12)19(29)27(18(15)25-20(22)24-11)13-3-5-14(6-4-13)30-10-17(21)28/h7-9,13-14H,3-6,10H2,1-2H3,(H2,21,28)(H2,22,24,25)/t13-,14-"
271,CHEMBL2375960,Cc1nc(N)nc2c1cc(-c1cnn(C)c1)c(=O)n2[C@H]1CC[C@@H](OCC(N)=O)CC1,"InChI=1S/C20H25N7O3/c1-11-15-7-16(12-8-23-26(2)9-12)19(29)27(18(15)25-20(22)24-11)13-3-5-14(6-4-13)30-10-17(21)28/h7-9,13-14H,3-6,10H2,1-2H3,(H2,21,28)(H2,22,24,25)/t13-,14+"
272,CHEMBL236397,Cc1ccc([C@H]2OC[C@H](NC(=O)c3ccccc3)CO2)cc1,"InChI=1S/C18H19NO3/c1-13-7-9-15(10-8-13)18-21-11-16(12-22-18)19-17(20)14-5-3-2-4-6-14/h2-10,16,18H,11-12H2,1H3,(H,19,20)/t16-,18-"
272,CHEMBL238983,Cc1ccc([C@H]2OC[C@@H](NC(=O)c3ccccc3)CO2)cc1,"InChI=1S/C18H19NO3/c1-13-7-9-15(10-8-13)18-21-11-16(12-22-18)19-17(20)14-5-3-2-4-6-14/h2-10,16,18H,11-12H2,1H3,(H,19,20)/t16-,18+"
273,CHEMBL418980,CC(C)[C@H]1CC[C@@H](N2CCC(N3C(=O)Cc4ccccc43)CC2)CC1,"InChI=1S/C22H32N2O/c1-16(2)17-7-9-19(10-8-17)23-13-11-20(12-14-23)24-21-6-4-3-5-18(21)15-22(24)25/h3-6,16-17,19-20H,7-15H2,1-2H3/t17-,19+"
273,CHEMBL99738,CC(C)[C@H]1CC[C@H](N2CCC(N3C(=O)Cc4ccccc43)CC2)CC1,"InChI=1S/C22H32N2O/c1-16(2)17-7-9-19(10-8-17)23-13-11-20(12-14-23)24-21-6-4-3-5-18(21)15-22(24)25/h3-6,16-17,19-20H,7-15H2,1-2H3/t17-,19-"
274,CHEMBL3894692,N#CC[C@]1(n2cc(C(N)=O)c(Nc3ccc(F)cc3)n2)CC[C@@H](n2cc(C3CC3)nn2)CC1,"InChI=1S/C23H25FN8O/c24-16-3-5-17(6-4-16)27-22-19(21(26)33)13-32(29-22)23(11-12-25)9-7-18(8-10-23)31-14-20(28-30-31)15-1-2-15/h3-6,13-15,18H,1-2,7-11H2,(H2,26,33)(H,27,29)/t18-,23+"
274,CHEMBL3956972,N#CC[C@]1(n2cc(C(N)=O)c(Nc3ccc(F)cc3)n2)CC[C@H](n2cc(C3CC3)nn2)CC1,"InChI=1S/C23H25FN8O/c24-16-3-5-17(6-4-16)27-22-19(21(26)33)13-32(29-22)23(11-12-25)9-7-18(8-10-23)31-14-20(28-30-31)15-1-2-15/h3-6,13-15,18H,1-2,7-11H2,(H2,26,33)(H,27,29)/t18-,23-"
275,CHEMBL232592,CC(C)Oc1ccccc1N1CCN([C@H]2CC[C@@H](NS(=O)(=O)c3ccccc3[N+](=O)[O-])CC2)CC1,"InChI=1S/C25H34N4O5S/c1-19(2)34-24-9-5-3-7-22(24)28-17-15-27(16-18-28)21-13-11-20(12-14-21)26-35(32,33)25-10-6-4-8-23(25)29(30)31/h3-10,19-21,26H,11-18H2,1-2H3/t20-,21+"
275,CHEMBL232593,CC(C)Oc1ccccc1N1CCN([C@H]2CC[C@H](NS(=O)(=O)c3ccccc3[N+](=O)[O-])CC2)CC1,"InChI=1S/C25H34N4O5S/c1-19(2)34-24-9-5-3-7-22(24)28-17-15-27(16-18-28)21-13-11-20(12-14-21)26-35(32,33)25-10-6-4-8-23(25)29(30)31/h3-10,19-21,26H,11-18H2,1-2H3/t20-,21-"
276,CHEMBL3698179,C[C@@H](c1ccc(Br)cc1)N1CC[C@]2(CC[C@@H](CO)CC2)OC1=O,"InChI=1S/C18H24BrNO3/c1-13(15-2-4-16(19)5-3-15)20-11-10-18(23-17(20)22)8-6-14(12-21)7-9-18/h2-5,13-14,21H,6-12H2,1H3/t13-,14-,18-/m0/s1"
276,CHEMBL3698236,C[C@@H](c1ccc(Br)cc1)N1CC[C@]2(CC[C@H](CO)CC2)OC1=O,"InChI=1S/C18H24BrNO3/c1-13(15-2-4-16(19)5-3-15)20-11-10-18(23-17(20)22)8-6-14(12-21)7-9-18/h2-5,13-14,21H,6-12H2,1H3/t13-,14-,18+/m0/s1"
277,CHEMBL1807515,N[C@H]1CC[C@@H](Nc2nccc(-c3c[nH]c4ncccc34)n2)CC1,"InChI=1S/C17H20N6/c18-11-3-5-12(6-4-11)22-17-20-9-7-15(23-17)14-10-21-16-13(14)2-1-8-19-16/h1-2,7-12H,3-6,18H2,(H,19,21)(H,20,22,23)/t11-,12+"
277,CHEMBL212299,N[C@H]1CC[C@H](Nc2nccc(-c3c[nH]c4ncccc34)n2)CC1,"InChI=1S/C17H20N6/c18-11-3-5-12(6-4-11)22-17-20-9-7-15(23-17)14-10-21-16-13(14)2-1-8-19-16/h1-2,7-12H,3-6,18H2,(H,19,21)(H,20,22,23)/t11-,12-"
278,CHEMBL106773,CC/C(=C(\c1ccc(O)cc1)c1ccc(OCC(=O)O)cc1)c1ccccc1,"InChI=1S/C24H22O4/c1-2-22(17-6-4-3-5-7-17)24(18-8-12-20(25)13-9-18)19-10-14-21(15-11-19)28-16-23(26)27/h3-15,25H,2,16H2,1H3,(H,26,27)/b24-22-"
278,CHEMBL3422047,CC/C(=C(/c1ccc(O)cc1)c1ccc(OCC(=O)O)cc1)c1ccccc1,"InChI=1S/C24H22O4/c1-2-22(17-6-4-3-5-7-17)24(18-8-12-20(25)13-9-18)19-10-14-21(15-11-19)28-16-23(26)27/h3-15,25H,2,16H2,1H3,(H,26,27)/b24-22+"
279,CHEMBL212112,C[C@@H](OC[C@]1(c2ccccc2)C[C@H](N2CCCC2=O)C1)c1cc(C(F)(F)F)cc(C(F)(F)F)c1,"InChI=1S/C25H25F6NO2/c1-16(17-10-19(24(26,27)28)12-20(11-17)25(29,30)31)34-15-23(18-6-3-2-4-7-18)13-21(14-23)32-9-5-8-22(32)33/h2-4,6-7,10-12,16,21H,5,8-9,13-15H2,1H3/t16-,21-,23-/m1/s1"
279,CHEMBL379520,C[C@@H](OC[C@]1(c2ccccc2)C[C@@H](N2CCCC2=O)C1)c1cc(C(F)(F)F)cc(C(F)(F)F)c1,"InChI=1S/C25H25F6NO2/c1-16(17-10-19(24(26,27)28)12-20(11-17)25(29,30)31)34-15-23(18-6-3-2-4-7-18)13-21(14-23)32-9-5-8-22(32)33/h2-4,6-7,10-12,16,21H,5,8-9,13-15H2,1H3/t16-,21-,23+/m1/s1"
280,CHEMBL3785825,Cc1cc(Nc2ncc(Cl)c(Nc3cn(C)nc3S(=O)(=O)C(C)C)n2)c(OC2CC2)cc1[C@H]1CC[C@@H](NC(C)C)CC1,"InChI=1S/C30H42ClN7O3S/c1-17(2)33-21-9-7-20(8-10-21)23-14-27(41-22-11-12-22)25(13-19(23)5)35-30-32-15-24(31)28(36-30)34-26-16-38(6)37-29(26)42(39,40)18(3)4/h13-18,20-22,33H,7-12H2,1-6H3,(H2,32,34,35,36)/t20-,21+"
280,CHEMBL3785928,Cc1cc(Nc2ncc(Cl)c(Nc3cn(C)nc3S(=O)(=O)C(C)C)n2)c(OC2CC2)cc1[C@H]1CC[C@H](NC(C)C)CC1,"InChI=1S/C30H42ClN7O3S/c1-17(2)33-21-9-7-20(8-10-21)23-14-27(41-22-11-12-22)25(13-19(23)5)35-30-32-15-24(31)28(36-30)34-26-16-38(6)37-29(26)42(39,40)18(3)4/h13-18,20-22,33H,7-12H2,1-6H3,(H2,32,34,35,36)/t20-,21-"
281,CHEMBL2313042,C=C(C)[C@@H]1C/C=C(\COC(C)=O)CC[C@@H](O)/C(C)=C\C/C=C(\C)CC1,"InChI=1S/C22H34O3/c1-16(2)21-12-9-17(3)7-6-8-18(4)22(24)14-11-20(10-13-21)15-25-19(5)23/h7-8,10,21-22,24H,1,6,9,11-15H2,2-5H3/b17-7+,18-8-,20-10+/t21-,22+/m0/s1"
281,CHEMBL2313072,C=C(C)[C@@H]1C/C=C(\COC(C)=O)CC[C@@H](O)/C(C)=C\C/C=C(\C)CC1,"InChI=1S/C22H34O3/c1-16(2)21-12-9-17(3)7-6-8-18(4)22(24)14-11-20(10-13-21)15-25-19(5)23/h7-8,10,21-22,24H,1,6,9,11-15H2,2-5H3/b17-7+,18-8+,20-10+/t21-,22+/m0/s1"
282,CHEMBL88348,O=C(CCC[C@H]1OO[C@@H](CCCC(=O)c2ccccc2)OO1)c1ccccc1,"InChI=1S/C22H24O6/c23-19(17-9-3-1-4-10-17)13-7-15-21-25-27-22(28-26-21)16-8-14-20(24)18-11-5-2-6-12-18/h1-6,9-12,21-22H,7-8,13-16H2/t21-,22+"
282,CHEMBL89545,O=C(CCC[C@H]1OO[C@H](CCCC(=O)c2ccccc2)OO1)c1ccccc1,"InChI=1S/C22H24O6/c23-19(17-9-3-1-4-10-17)13-7-15-21-25-27-22(28-26-21)16-8-14-20(24)18-11-5-2-6-12-18/h1-6,9-12,21-22H,7-8,13-16H2/t21-,22-"
283,CHEMBL228390,O=S(=O)(N[C@H]1CC[C@H](N2CCC(c3ccccc3OCC(F)(F)F)CC2)CC1)c1ccc2c(c1)OCCO2,"InChI=1S/C27H33F3N2O5S/c28-27(29,30)18-37-24-4-2-1-3-23(24)19-11-13-32(14-12-19)21-7-5-20(6-8-21)31-38(33,34)22-9-10-25-26(17-22)36-16-15-35-25/h1-4,9-10,17,19-21,31H,5-8,11-16,18H2/t20-,21-"
283,CHEMBL439197,O=S(=O)(N[C@H]1CC[C@@H](N2CCC(c3ccccc3OCC(F)(F)F)CC2)CC1)c1ccc2c(c1)OCCO2,"InChI=1S/C27H33F3N2O5S/c28-27(29,30)18-37-24-4-2-1-3-23(24)19-11-13-32(14-12-19)21-7-5-20(6-8-21)31-38(33,34)22-9-10-25-26(17-22)36-16-15-35-25/h1-4,9-10,17,19-21,31H,5-8,11-16,18H2/t20-,21+"
284,CHEMBL3729012,NC[C@H]1CC[C@@H](NC(=O)[C@H]2[C@H](C(=O)Nc3ccc(Br)cc3)[C@@H]3C=C[C@H]2C32CC2)CC1,"InChI=1S/C24H30BrN3O2/c25-15-3-7-17(8-4-15)28-23(30)21-19-10-9-18(24(19)11-12-24)20(21)22(29)27-16-5-1-14(13-26)2-6-16/h3-4,7-10,14,16,18-21H,1-2,5-6,11-13,26H2,(H,27,29)(H,28,30)/t14-,16+,18-,19+,20-,21-/m1/s1"
284,CHEMBL3730760,NC[C@H]1CC[C@H](NC(=O)[C@H]2[C@H](C(=O)Nc3ccc(Br)cc3)[C@@H]3C=C[C@H]2C32CC2)CC1,"InChI=1S/C24H30BrN3O2/c25-15-3-7-17(8-4-15)28-23(30)21-19-10-9-18(24(19)11-12-24)20(21)22(29)27-16-5-1-14(13-26)2-6-16/h3-4,7-10,14,16,18-21H,1-2,5-6,11-13,26H2,(H,27,29)(H,28,30)/t14-,16-,18-,19+,20-,21-/m1/s1"
285,CHEMBL1242367,CCNc1cc(N[C@H]2CC[C@@H](O)CC2)nc(Nc2ccc3c(ccn3Cc3ccccc3)c2)n1,"InChI=1S/C27H32N6O/c1-2-28-25-17-26(29-21-8-11-23(34)12-9-21)32-27(31-25)30-22-10-13-24-20(16-22)14-15-33(24)18-19-6-4-3-5-7-19/h3-7,10,13-17,21,23,34H,2,8-9,11-12,18H2,1H3,(H3,28,29,30,31,32)/t21-,23+"
285,CHEMBL2028998,CCNc1cc(N[C@H]2CC[C@H](O)CC2)nc(Nc2ccc3c(ccn3Cc3ccccc3)c2)n1,"InChI=1S/C27H32N6O/c1-2-28-25-17-26(29-21-8-11-23(34)12-9-21)32-27(31-25)30-22-10-13-24-20(16-22)14-15-33(24)18-19-6-4-3-5-7-19/h3-7,10,13-17,21,23,34H,2,8-9,11-12,18H2,1H3,(H3,28,29,30,31,32)/t21-,23-"
286,CHEMBL1964420,O=NN(CCCl)C(=O)N[C@H]1CC[C@@H](C(=O)O)CC1,"InChI=1S/C10H16ClN3O4/c11-5-6-14(13-18)10(17)12-8-3-1-7(2-4-8)9(15)16/h7-8H,1-6H2,(H,12,17)(H,15,16)/t7-,8+"
286,CHEMBL1990387,O=NN(CCCl)C(=O)N[C@H]1CC[C@H](C(=O)O)CC1,"InChI=1S/C10H16ClN3O4/c11-5-6-14(13-18)10(17)12-8-3-1-7(2-4-8)9(15)16/h7-8H,1-6H2,(H,12,17)(H,15,16)/t7-,8-"
287,CHEMBL4076639,O[C@H]1CC[C@@H](Nc2ccc(-c3ccn4c(CC5CC5)nnc4c3C(F)(F)F)cc2Cl)CC1,"InChI=1S/C23H24ClF3N4O/c24-18-12-14(3-8-19(18)28-15-4-6-16(32)7-5-15)17-9-10-31-20(11-13-1-2-13)29-30-22(31)21(17)23(25,26)27/h3,8-10,12-13,15-16,28,32H,1-2,4-7,11H2/t15-,16+"
287,CHEMBL4104081,O[C@H]1CC[C@H](Nc2ccc(-c3ccn4c(CC5CC5)nnc4c3C(F)(F)F)cc2Cl)CC1,"InChI=1S/C23H24ClF3N4O/c24-18-12-14(3-8-19(18)28-15-4-6-16(32)7-5-15)17-9-10-31-20(11-13-1-2-13)29-30-22(31)21(17)23(25,26)27/h3,8-10,12-13,15-16,28,32H,1-2,4-7,11H2/t15-,16-"
288,CHEMBL3323118,COc1ccc([C@]2(C#N)CC[C@@H](C(=O)OC)CC2)cc1OC1CCCC1,"InChI=1S/C21H27NO4/c1-24-18-8-7-16(13-19(18)26-17-5-3-4-6-17)21(14-22)11-9-15(10-12-21)20(23)25-2/h7-8,13,15,17H,3-6,9-12H2,1-2H3/t15-,21-"
288,CHEMBL3323121,COc1ccc([C@]2(C#N)CC[C@H](C(=O)OC)CC2)cc1OC1CCCC1,"InChI=1S/C21H27NO4/c1-24-18-8-7-16(13-19(18)26-17-5-3-4-6-17)21(14-22)11-9-15(10-12-21)20(23)25-2/h7-8,13,15,17H,3-6,9-12H2,1-2H3/t15-,21+"
289,CHEMBL3697434,Cc1cc(C)c(CNC(=O)c2cc(-c3ccc(CN4CCOCC4)cc3)cc(N(C)[C@H]3CC[C@@H](N)CC3)c2C)c(=O)[nH]1,"InChI=1S/C34H45N5O3/c1-22-17-23(2)37-34(41)31(22)20-36-33(40)30-18-27(19-32(24(30)3)38(4)29-11-9-28(35)10-12-29)26-7-5-25(6-8-26)21-39-13-15-42-16-14-39/h5-8,17-19,28-29H,9-16,20-21,35H2,1-4H3,(H,36,40)(H,37,41)/t28-,29+"
289,CHEMBL3697435,Cc1cc(C)c(CNC(=O)c2cc(-c3ccc(CN4CCOCC4)cc3)cc(N(C)[C@H]3CC[C@H](N)CC3)c2C)c(=O)[nH]1,"InChI=1S/C34H45N5O3/c1-22-17-23(2)37-34(41)31(22)20-36-33(40)30-18-27(19-32(24(30)3)38(4)29-11-9-28(35)10-12-29)26-7-5-25(6-8-26)21-39-13-15-42-16-14-39/h5-8,17-19,28-29H,9-16,20-21,35H2,1-4H3,(H,36,40)(H,37,41)/t28-,29-"
290,CHEMBL3902888,CCOC(=O)[C@H]1CC[C@@H](N(CC)c2cc(Cl)cc(C(=O)NCc3c(C)cc(C)[nH]c3=O)c2C)CC1,"InChI=1S/C27H36ClN3O4/c1-6-31(21-10-8-19(9-11-21)27(34)35-7-2)24-14-20(28)13-22(18(24)5)25(32)29-15-23-16(3)12-17(4)30-26(23)33/h12-14,19,21H,6-11,15H2,1-5H3,(H,29,32)(H,30,33)/t19-,21+"
290,CHEMBL3961483,CCOC(=O)[C@H]1CC[C@H](N(CC)c2cc(Cl)cc(C(=O)NCc3c(C)cc(C)[nH]c3=O)c2C)CC1,"InChI=1S/C27H36ClN3O4/c1-6-31(21-10-8-19(9-11-21)27(34)35-7-2)24-14-20(28)13-22(18(24)5)25(32)29-15-23-16(3)12-17(4)30-26(23)33/h12-14,19,21H,6-11,15H2,1-5H3,(H,29,32)(H,30,33)/t19-,21-"
291,CHEMBL4064608,c1nc(N[C@H]2CC[C@H](N3CCOCC3)CC2)c2c(C3CCOCC3)c[nH]c2n1,"InChI=1S/C21H31N5O2/c1-3-17(26-7-11-28-12-8-26)4-2-16(1)25-21-19-18(15-5-9-27-10-6-15)13-22-20(19)23-14-24-21/h13-17H,1-12H2,(H2,22,23,24,25)/t16-,17-"
291,CHEMBL4094760,c1nc(N[C@H]2CC[C@@H](N3CCOCC3)CC2)c2c(C3CCOCC3)c[nH]c2n1,"InChI=1S/C21H31N5O2/c1-3-17(26-7-11-28-12-8-26)4-2-16(1)25-21-19-18(15-5-9-27-10-6-15)13-22-20(19)23-14-24-21/h13-17H,1-12H2,(H2,22,23,24,25)/t16-,17+"
292,CHEMBL1927562,CCCCCCCCc1ccc([C@H]2CC[C@@H](NC)CC2)cc1,"InChI=1S/C21H35N/c1-3-4-5-6-7-8-9-18-10-12-19(13-11-18)20-14-16-21(22-2)17-15-20/h10-13,20-22H,3-9,14-17H2,1-2H3/t20-,21+"
292,CHEMBL1927563,CCCCCCCCc1ccc([C@H]2CC[C@H](NC)CC2)cc1,"InChI=1S/C21H35N/c1-3-4-5-6-7-8-9-18-10-12-19(13-11-18)20-14-16-21(22-2)17-15-20/h10-13,20-22H,3-9,14-17H2,1-2H3/t20-,21-"
293,CHEMBL3934891,O=C[C@H]1CC[C@@H](c2nnn3cnc4[nH]ccc4c23)CC1,"InChI=1S/C14H15N5O/c20-7-9-1-3-10(4-2-9)12-13-11-5-6-15-14(11)16-8-19(13)18-17-12/h5-10,15H,1-4H2/t9-,10+"
293,CHEMBL3967735,O=C[C@H]1CC[C@H](c2nnn3cnc4[nH]ccc4c23)CC1,"InChI=1S/C14H15N5O/c20-7-9-1-3-10(4-2-9)12-13-11-5-6-15-14(11)16-8-19(13)18-17-12/h5-10,15H,1-4H2/t9-,10-"
294,CHEMBL3939681,Cc1cc(S(=O)(=O)[C@@]2(c3ccc(C(F)(C(F)(F)F)C(F)(F)F)cc3)CCN(C(=O)[C@]3(C)CC[C@@H](C(=O)O)CC3)C2)ccc1F,"InChI=1S/C29H29F8NO5S/c1-17-15-21(7-8-22(17)30)44(42,43)26(19-3-5-20(6-4-19)27(31,28(32,33)34)29(35,36)37)13-14-38(16-26)24(41)25(2)11-9-18(10-12-25)23(39)40/h3-8,15,18H,9-14,16H2,1-2H3,(H,39,40)/t18-,25-,26-/m0/s1"
294,CHEMBL3985252,Cc1cc(S(=O)(=O)[C@@]2(c3ccc(C(F)(C(F)(F)F)C(F)(F)F)cc3)CCN(C(=O)[C@]3(C)CC[C@H](C(=O)O)CC3)C2)ccc1F,"InChI=1S/C29H29F8NO5S/c1-17-15-21(7-8-22(17)30)44(42,43)26(19-3-5-20(6-4-19)27(31,28(32,33)34)29(35,36)37)13-14-38(16-26)24(41)25(2)11-9-18(10-12-25)23(39)40/h3-8,15,18H,9-14,16H2,1-2H3,(H,39,40)/t18-,25+,26-/m0/s1"
295,CHEMBL235100,c1ccc(NC[C@H]2CC[C@H](CNc3ccccc3)CC2)cc1,"InChI=1S/C20H26N2/c1-3-7-19(8-4-1)21-15-17-11-13-18(14-12-17)16-22-20-9-5-2-6-10-20/h1-10,17-18,21-22H,11-16H2/t17-,18-"
295,CHEMBL3915102,c1ccc(NC[C@H]2CC[C@@H](CNc3ccccc3)CC2)cc1,"InChI=1S/C20H26N2/c1-3-7-19(8-4-1)21-15-17-11-13-18(14-12-17)16-22-20-9-5-2-6-10-20/h1-10,17-18,21-22H,11-16H2/t17-,18+"
296,CHEMBL16609,COCCNC(=O)O[C@H]1CC[C@@](CNC(=O)c2ccccc2OC)(c2ccccc2)CC1,"InChI=1S/C25H32N2O5/c1-30-17-16-26-24(29)32-20-12-14-25(15-13-20,19-8-4-3-5-9-19)18-27-23(28)21-10-6-7-11-22(21)31-2/h3-11,20H,12-18H2,1-2H3,(H,26,29)(H,27,28)/t20-,25+"
296,CHEMBL273351,COCCNC(=O)O[C@H]1CC[C@](CNC(=O)c2ccccc2OC)(c2ccccc2)CC1,"InChI=1S/C25H32N2O5/c1-30-17-16-26-24(29)32-20-12-14-25(15-13-20,19-8-4-3-5-9-19)18-27-23(28)21-10-6-7-11-22(21)31-2/h3-11,20H,12-18H2,1-2H3,(H,26,29)(H,27,28)/t20-,25-"
297,CHEMBL3931619,O=C1N[C@H](c2cncc(C#C[C@H]3C[C@H](F)C3)c2)[C@@H](c2cccc(F)c2)O1,"InChI=1S/C20H16F2N2O2/c21-16-3-1-2-14(9-16)19-18(24-20(25)26-19)15-6-13(10-23-11-15)5-4-12-7-17(22)8-12/h1-3,6,9-12,17-19H,7-8H2,(H,24,25)/t12-,17-,18-,19-/m1/s1"
297,CHEMBL3938396,O=C1N[C@H](c2cncc(C#C[C@H]3C[C@@H](F)C3)c2)[C@@H](c2cccc(F)c2)O1,"InChI=1S/C20H16F2N2O2/c21-16-3-1-2-14(9-16)19-18(24-20(25)26-19)15-6-13(10-23-11-15)5-4-12-7-17(22)8-12/h1-3,6,9-12,17-19H,7-8H2,(H,24,25)/t12-,17+,18-,19-/m1/s1"
298,CHEMBL2408472,O=C(O)[C@H]1CC[C@@H](Oc2ccc(-c3ccc(-c4nc5cc(F)c(F)cc5[nH]4)cn3)cn2)CC1,"InChI=1S/C24H20F2N4O3/c25-17-9-20-21(10-18(17)26)30-23(29-20)15-3-7-19(27-12-15)14-4-8-22(28-11-14)33-16-5-1-13(2-6-16)24(31)32/h3-4,7-13,16H,1-2,5-6H2,(H,29,30)(H,31,32)/t13-,16+"
298,CHEMBL2408620,O=C(O)[C@H]1CC[C@H](Oc2ccc(-c3ccc(-c4nc5cc(F)c(F)cc5[nH]4)cn3)cn2)CC1,"InChI=1S/C24H20F2N4O3/c25-17-9-20-21(10-18(17)26)30-23(29-20)15-3-7-19(27-12-15)14-4-8-22(28-11-14)33-16-5-1-13(2-6-16)24(31)32/h3-4,7-13,16H,1-2,5-6H2,(H,29,30)(H,31,32)/t13-,16-"
299,CHEMBL261657,Cc1ccc(/C(=N\NC(N)=S)c2cc(C(F)(F)F)cc(C(F)(F)F)c2)cc1,"InChI=1S/C17H13F6N3S/c1-9-2-4-10(5-3-9)14(25-26-15(24)27)11-6-12(16(18,19)20)8-13(7-11)17(21,22)23/h2-8H,1H3,(H3,24,26,27)/b25-14+"
299,CHEMBL521727,Cc1ccc(/C(=N/NC(N)=S)c2cc(C(F)(F)F)cc(C(F)(F)F)c2)cc1,"InChI=1S/C17H13F6N3S/c1-9-2-4-10(5-3-9)14(25-26-15(24)27)11-6-12(16(18,19)20)8-13(7-11)17(21,22)23/h2-8H,1H3,(H3,24,26,27)/b25-14-"
300,CHEMBL3652049,O=C(N[C@H]1CC[C@H](CNc2cc(-c3ccc(F)cc3)n[nH]2)CC1)c1cc(C(F)(F)F)ccc1Cl,"InChI=1S/C24H23ClF4N4O/c25-20-10-5-16(24(27,28)29)11-19(20)23(34)31-18-8-1-14(2-9-18)13-30-22-12-21(32-33-22)15-3-6-17(26)7-4-15/h3-7,10-12,14,18H,1-2,8-9,13H2,(H,31,34)(H2,30,32,33)/t14-,18-"
300,CHEMBL3652063,O=C(N[C@H]1CC[C@@H](CNc2cc(-c3ccc(F)cc3)n[nH]2)CC1)c1cc(C(F)(F)F)ccc1Cl,"InChI=1S/C24H23ClF4N4O/c25-20-10-5-16(24(27,28)29)11-19(20)23(34)31-18-8-1-14(2-9-18)13-30-22-12-21(32-33-22)15-3-6-17(26)7-4-15/h3-7,10-12,14,18H,1-2,8-9,13H2,(H,31,34)(H2,30,32,33)/t14-,18+"
301,CHEMBL2115006,O=C(Cc1cc(C(F)(F)F)cc(C(F)(F)F)c1)N[C@]1(c2ccccc2)CC[C@H](N2CCC(c3ccc(F)cc3)CC2)CC1,"InChI=1S/C33H33F7N2O/c34-28-8-6-23(7-9-28)24-12-16-42(17-13-24)29-10-14-31(15-11-29,25-4-2-1-3-5-25)41-30(43)20-22-18-26(32(35,36)37)21-27(19-22)33(38,39)40/h1-9,18-19,21,24,29H,10-17,20H2,(H,41,43)/t29-,31+"
301,CHEMBL2115451,O=C(Cc1cc(C(F)(F)F)cc(C(F)(F)F)c1)N[C@]1(c2ccccc2)CC[C@@H](N2CCC(c3ccc(F)cc3)CC2)CC1,"InChI=1S/C33H33F7N2O/c34-28-8-6-23(7-9-28)24-12-16-42(17-13-24)29-10-14-31(15-11-29,25-4-2-1-3-5-25)41-30(43)20-22-18-26(32(35,36)37)21-27(19-22)33(38,39)40/h1-9,18-19,21,24,29H,10-17,20H2,(H,41,43)/t29-,31-"
302,CHEMBL3220122,c1cc(C2=NC3(CCCCC3)CO2)ccc1O[C@H]1C[C@H](N2CCCCC2)C1,"InChI=1S/C23H32N2O2/c1-3-11-23(12-4-1)17-26-22(24-23)18-7-9-20(10-8-18)27-21-15-19(16-21)25-13-5-2-6-14-25/h7-10,19,21H,1-6,11-17H2/t19-,21-"
302,CHEMBL3220123,c1cc(C2=NC3(CCCCC3)CO2)ccc1O[C@H]1C[C@@H](N2CCCCC2)C1,"InChI=1S/C23H32N2O2/c1-3-11-23(12-4-1)17-26-22(24-23)18-7-9-20(10-8-18)27-21-15-19(16-21)25-13-5-2-6-14-25/h7-10,19,21H,1-6,11-17H2/t19-,21+"
303,CHEMBL197695,CCCCC(=O)N[C@]1(C(=O)N[C@H](Cc2ccccc2)C(=O)N[C@@H](CCCN=C(N)N)C(=O)N[C@@H](Cc2c[nH]c3ccccc23)C(=O)NCC(N)=O)CC[C@@H](c2ccccc2)CC1,"InChI=1S/C46H60N10O6/c1-2-3-20-40(58)56-46(23-21-32(22-24-46)31-15-8-5-9-16-31)44(62)55-37(26-30-13-6-4-7-14-30)43(61)53-36(19-12-25-50-45(48)49)42(60)54-38(41(59)52-29-39(47)57)27-33-28-51-35-18-11-10-17-34(33)35/h4-11,13-18,28,32,36-38,51H,2-3,12,19-27,29H2,1H3,(H2,47,57)(H,52,59)(H,53,61)(H,54,60)(H,55,62)(H,56,58)(H4,48,49,50)/t32-,36-,37+,38-,46-/m0/s1"
303,CHEMBL382511,CCCCC(=O)N[C@]1(C(=O)N[C@H](Cc2ccccc2)C(=O)N[C@@H](CCCN=C(N)N)C(=O)N[C@@H](Cc2c[nH]c3ccccc23)C(=O)NCC(N)=O)CC[C@H](c2ccccc2)CC1,"InChI=1S/C46H60N10O6/c1-2-3-20-40(58)56-46(23-21-32(22-24-46)31-15-8-5-9-16-31)44(62)55-37(26-30-13-6-4-7-14-30)43(61)53-36(19-12-25-50-45(48)49)42(60)54-38(41(59)52-29-39(47)57)27-33-28-51-35-18-11-10-17-34(33)35/h4-11,13-18,28,32,36-38,51H,2-3,12,19-27,29H2,1H3,(H2,47,57)(H,52,59)(H,53,61)(H,54,60)(H,55,62)(H,56,58)(H4,48,49,50)/t32-,36-,37+,38-,46+/m0/s1"
304,CHEMBL1180197,c1ccc2c(c1)c1cc[n+]2CCCCCCCCCC[n+]2ccc(c3ccccc32)NCCCCCCCCCCN1,"InChI=1S/C38H52N4/c1-2-6-10-18-28-40-36-26-32-42(38-24-16-14-22-34(36)38)30-20-12-8-4-3-7-11-19-29-41-31-25-35(39-27-17-9-5-1)33-21-13-15-23-37(33)41/h13-16,21-26,31-32H,1-12,17-20,27-30H2/p+2/b39-35+,40-36+"
304,CHEMBL185230,c1ccc2c(c1)c1cc[n+]2CCCCCCCCCC[n+]2ccc(c3ccccc32)NCCCCCCCCCCN1,"InChI=1S/C38H52N4/c1-2-6-10-18-28-40-36-26-32-42(38-24-16-14-22-34(36)38)30-20-12-8-4-3-7-11-19-29-41-31-25-35(39-27-17-9-5-1)33-21-13-15-23-37(33)41/h13-16,21-26,31-32H,1-12,17-20,27-30H2/p+2/b39-35+,40-36?"
305,CHEMBL501976,C[C@H]1CC[C@@H](Oc2cccc(Sc3ccc(/C=C/C(=O)N4CCOCC4)c(C(F)(F)F)c3C(F)(F)F)c2)CC1,"InChI=1S/C28H29F6NO3S/c1-18-5-9-20(10-6-18)38-21-3-2-4-22(17-21)39-23-11-7-19(8-12-24(36)35-13-15-37-16-14-35)25(27(29,30)31)26(23)28(32,33)34/h2-4,7-8,11-12,17-18,20H,5-6,9-10,13-16H2,1H3/b12-8+/t18-,20+"
305,CHEMBL526179,C[C@H]1CC[C@H](Oc2cccc(Sc3ccc(/C=C/C(=O)N4CCOCC4)c(C(F)(F)F)c3C(F)(F)F)c2)CC1,"InChI=1S/C28H29F6NO3S/c1-18-5-9-20(10-6-18)38-21-3-2-4-22(17-21)39-23-11-7-19(8-12-24(36)35-13-15-37-16-14-35)25(27(29,30)31)26(23)28(32,33)34/h2-4,7-8,11-12,17-18,20H,5-6,9-10,13-16H2,1H3/b12-8+/t18-,20-"
306,CHEMBL1824234,c1cc([C@H]2CC[C@@H](N3CCCC3)CC2)ccc1OCCCN1CCCCC1,"InChI=1S/C24H38N2O/c1-2-15-25(16-3-1)17-6-20-27-24-13-9-22(10-14-24)21-7-11-23(12-8-21)26-18-4-5-19-26/h9-10,13-14,21,23H,1-8,11-12,15-20H2/t21-,23+"
306,CHEMBL1824235,c1cc([C@H]2CC[C@H](N3CCCC3)CC2)ccc1OCCCN1CCCCC1,"InChI=1S/C24H38N2O/c1-2-15-25(16-3-1)17-6-20-27-24-13-9-22(10-14-24)21-7-11-23(12-8-21)26-18-4-5-19-26/h9-10,13-14,21,23H,1-8,11-12,15-20H2/t21-,23-"
307,CHEMBL3916625,N[C@H]1C[C@@H](NC(=O)c2cc(NC(=O)c3cc(-c4ccccn4)c(Cl)cc3Cl)n(-c3ccccc3)n2)C1,"InChI=1S/C26H22Cl2N6O2/c27-20-13-21(28)19(12-18(20)22-8-4-5-9-30-22)25(35)32-24-14-23(26(36)31-16-10-15(29)11-16)33-34(24)17-6-2-1-3-7-17/h1-9,12-16H,10-11,29H2,(H,31,36)(H,32,35)/t15-,16+"
307,CHEMBL3953397,N[C@H]1C[C@H](NC(=O)c2cc(NC(=O)c3cc(-c4ccccn4)c(Cl)cc3Cl)n(-c3ccccc3)n2)C1,"InChI=1S/C26H22Cl2N6O2/c27-20-13-21(28)19(12-18(20)22-8-4-5-9-30-22)25(35)32-24-14-23(26(36)31-16-10-15(29)11-16)33-34(24)17-6-2-1-3-7-17/h1-9,12-16H,10-11,29H2,(H,31,36)(H,32,35)/t15-,16-"
308,CHEMBL3698166,C[C@@H](c1ccc(C#N)cc1)N1CC[C@]2(CC[C@H](O)CC2)OC1=O,"InChI=1S/C18H22N2O3/c1-13(15-4-2-14(12-19)3-5-15)20-11-10-18(23-17(20)22)8-6-16(21)7-9-18/h2-5,13,16,21H,6-11H2,1H3/t13-,16-,18+/m0/s1"
308,CHEMBL3698231,C[C@@H](c1ccc(C#N)cc1)N1CC[C@]2(CC[C@@H](O)CC2)OC1=O,"InChI=1S/C18H22N2O3/c1-13(15-4-2-14(12-19)3-5-15)20-11-10-18(23-17(20)22)8-6-16(21)7-9-18/h2-5,13,16,21H,6-11H2,1H3/t13-,16-,18-/m0/s1"
309,CHEMBL481523,Cc1nc2c(N3CCN([C@H]4CC[C@@H](c5c[nH]c6ccccc65)CC4)CC3)cccc2[nH]1,"InChI=1S/C26H31N5/c1-18-28-24-7-4-8-25(26(24)29-18)31-15-13-30(14-16-31)20-11-9-19(10-12-20)22-17-27-23-6-3-2-5-21(22)23/h2-8,17,19-20,27H,9-16H2,1H3,(H,28,29)/t19-,20+"
309,CHEMBL519616,Cc1nc2c(N3CCN([C@H]4CC[C@H](c5c[nH]c6ccccc65)CC4)CC3)cccc2[nH]1,"InChI=1S/C26H31N5/c1-18-28-24-7-4-8-25(26(24)29-18)31-15-13-30(14-16-31)20-11-9-19(10-12-20)22-17-27-23-6-3-2-5-21(22)23/h2-8,17,19-20,27H,9-16H2,1H3,(H,28,29)/t19-,20-"
310,CHEMBL499029,O=C(/C=C/c1ccc(Sc2cccc(O[C@H]3CC[C@H](C(=O)O)CC3)c2)c(C(F)(F)F)c1C(F)(F)F)N1CCOCC1,"InChI=1S/C28H27F6NO5S/c29-27(30,31)24-17(7-11-23(36)35-12-14-39-15-13-35)6-10-22(25(24)28(32,33)34)41-21-3-1-2-20(16-21)40-19-8-4-18(5-9-19)26(37)38/h1-3,6-7,10-11,16,18-19H,4-5,8-9,12-15H2,(H,37,38)/b11-7+/t18-,19-"
310,CHEMBL502789,O=C(/C=C/c1ccc(Sc2cccc(O[C@H]3CC[C@@H](C(=O)O)CC3)c2)c(C(F)(F)F)c1C(F)(F)F)N1CCOCC1,"InChI=1S/C28H27F6NO5S/c29-27(30,31)24-17(7-11-23(36)35-12-14-39-15-13-35)6-10-22(25(24)28(32,33)34)41-21-3-1-2-20(16-21)40-19-8-4-18(5-9-19)26(37)38/h1-3,6-7,10-11,16,18-19H,4-5,8-9,12-15H2,(H,37,38)/b11-7+/t18-,19+"
311,CHEMBL1796259,COCCN1CCc2ccc(Nc3ncc(Cl)c(N[C@H]4CC[C@H](NS(C)(=O)=O)CC4)n3)cc2CC1,"InChI=1S/C24H35ClN6O3S/c1-34-14-13-31-11-9-17-3-4-21(15-18(17)10-12-31)28-24-26-16-22(25)23(29-24)27-19-5-7-20(8-6-19)30-35(2,32)33/h3-4,15-16,19-20,30H,5-14H2,1-2H3,(H2,26,27,28,29)/t19-,20-"
311,CHEMBL1796260,COCCN1CCc2ccc(Nc3ncc(Cl)c(N[C@H]4CC[C@@H](NS(C)(=O)=O)CC4)n3)cc2CC1,"InChI=1S/C24H35ClN6O3S/c1-34-14-13-31-11-9-17-3-4-21(15-18(17)10-12-31)28-24-26-16-22(25)23(29-24)27-19-5-7-20(8-6-19)30-35(2,32)33/h3-4,15-16,19-20,30H,5-14H2,1-2H3,(H2,26,27,28,29)/t19-,20+"
312,CHEMBL293508,Fc1ccc2[nH]cc([C@H]3CC[C@@H](NCc4ccccc4)CC3)c2c1,"InChI=1S/C21H23FN2/c22-17-8-11-21-19(12-17)20(14-24-21)16-6-9-18(10-7-16)23-13-15-4-2-1-3-5-15/h1-5,8,11-12,14,16,18,23-24H,6-7,9-10,13H2/t16-,18+"
312,CHEMBL56102,Fc1ccc2[nH]cc([C@H]3CC[C@H](NCc4ccccc4)CC3)c2c1,"InChI=1S/C21H23FN2/c22-17-8-11-21-19(12-17)20(14-24-21)16-6-9-18(10-7-16)23-13-15-4-2-1-3-5-15/h1-5,8,11-12,14,16,18,23-24H,6-7,9-10,13H2/t16-,18-"
313,CHEMBL3696420,CC(C)[C@H](CO)NCc1nc([C@H]2CC[C@@H](C(F)(F)F)CC2)ccc1F,"InChI=1S/C18H26F4N2O/c1-11(2)17(10-25)23-9-16-14(19)7-8-15(24-16)12-3-5-13(6-4-12)18(20,21)22/h7-8,11-13,17,23,25H,3-6,9-10H2,1-2H3/t12-,13+,17-/m0/s1"
313,CHEMBL3696421,CC(C)[C@H](CO)NCc1nc([C@H]2CC[C@H](C(F)(F)F)CC2)ccc1F,"InChI=1S/C18H26F4N2O/c1-11(2)17(10-25)23-9-16-14(19)7-8-15(24-16)12-3-5-13(6-4-12)18(20,21)22/h7-8,11-13,17,23,25H,3-6,9-10H2,1-2H3/t12-,13-,17-/m0/s1"
314,CHEMBL1970179,O=NN(CCCl)C(=O)N[C@H]1CC[C@@H](O)CC1,"InChI=1S/C9H16ClN3O3/c10-5-6-13(12-16)9(15)11-7-1-3-8(14)4-2-7/h7-8,14H,1-6H2,(H,11,15)/t7-,8+"
314,CHEMBL2051940,O=NN(CCCl)C(=O)N[C@H]1CC[C@H](O)CC1,"InChI=1S/C9H16ClN3O3/c10-5-6-13(12-16)9(15)11-7-1-3-8(14)4-2-7/h7-8,14H,1-6H2,(H,11,15)/t7-,8-"
315,CHEMBL2146711,Cc1cc(S(=O)(=O)[C@H]2CC[C@](CNC(=O)c3ccc(Cl)cc3Cl)(CC3CC3)CC2)no1,"InChI=1S/C22H26Cl2N2O4S/c1-14-10-20(26-30-14)31(28,29)17-6-8-22(9-7-17,12-15-2-3-15)13-25-21(27)18-5-4-16(23)11-19(18)24/h4-5,10-11,15,17H,2-3,6-9,12-13H2,1H3,(H,25,27)/t17-,22+"
315,CHEMBL2146712,Cc1cc(S(=O)(=O)[C@H]2CC[C@@](CNC(=O)c3ccc(Cl)cc3Cl)(CC3CC3)CC2)no1,"InChI=1S/C22H26Cl2N2O4S/c1-14-10-20(26-30-14)31(28,29)17-6-8-22(9-7-17,12-15-2-3-15)13-25-21(27)18-5-4-16(23)11-19(18)24/h4-5,10-11,15,17H,2-3,6-9,12-13H2,1H3,(H,25,27)/t17-,22-"
316,CHEMBL3652258,Cc1nc(N)nc2c1cc(-c1cnc3ccccc3c1)c(=O)n2[C@H]1CC[C@H](OCCO)CC1,"InChI=1S/C25H27N5O3/c1-15-20-13-21(17-12-16-4-2-3-5-22(16)27-14-17)24(32)30(23(20)29-25(26)28-15)18-6-8-19(9-7-18)33-11-10-31/h2-5,12-14,18-19,31H,6-11H2,1H3,(H2,26,28,29)/t18-,19-"
316,CHEMBL3652264,Cc1nc(N)nc2c1cc(-c1cnc3ccccc3c1)c(=O)n2[C@H]1CC[C@@H](OCCO)CC1,"InChI=1S/C25H27N5O3/c1-15-20-13-21(17-12-16-4-2-3-5-22(16)27-14-17)24(32)30(23(20)29-25(26)28-15)18-6-8-19(9-7-18)33-11-10-31/h2-5,12-14,18-19,31H,6-11H2,1H3,(H2,26,28,29)/t18-,19+"
317,CHEMBL4162448,Cl.N[C@H]1CC[C@H](N[C@@H]2[C@H]3Cc4ccccc4[C@H]32)CC1,"InChI=1S/C16H22N2.ClH/c17-11-5-7-12(8-6-11)18-16-14-9-10-3-1-2-4-13(10)15(14)16;/h1-4,11-12,14-16,18H,5-9,17H2;1H/t11-,12-,14-,15+,16+;/m0./s1"
317,CHEMBL4166129,Cl.N[C@H]1CC[C@@H](N[C@@H]2[C@H]3Cc4ccccc4[C@H]32)CC1,"InChI=1S/C16H22N2.ClH/c17-11-5-7-12(8-6-11)18-16-14-9-10-3-1-2-4-13(10)15(14)16;/h1-4,11-12,14-16,18H,5-9,17H2;1H/t11-,12+,14-,15+,16+;/m0./s1"
318,CHEMBL2012623,O=C(O)C[C@H]1CC[C@@H](c2ccc(C(=O)Nc3nnc(Cc4ccccc4)s3)cc2)CC1,"InChI=1S/C24H25N3O3S/c28-22(29)15-17-6-8-18(9-7-17)19-10-12-20(13-11-19)23(30)25-24-27-26-21(31-24)14-16-4-2-1-3-5-16/h1-5,10-13,17-18H,6-9,14-15H2,(H,28,29)(H,25,27,30)/t17-,18+"
318,CHEMBL2012625,O=C(O)C[C@H]1CC[C@H](c2ccc(C(=O)Nc3nnc(Cc4ccccc4)s3)cc2)CC1,"InChI=1S/C24H25N3O3S/c28-22(29)15-17-6-8-18(9-7-17)19-10-12-20(13-11-19)23(30)25-24-27-26-21(31-24)14-16-4-2-1-3-5-16/h1-5,10-13,17-18H,6-9,14-15H2,(H,28,29)(H,25,27,30)/t17-,18-"
319,CHEMBL3698182,C[C@@H](c1ccc(C2CC2)cc1)N1CC[C@]2(CC[C@@H](O)CC2)OC1=O,"InChI=1S/C20H27NO3/c1-14(15-2-4-16(5-3-15)17-6-7-17)21-13-12-20(24-19(21)23)10-8-18(22)9-11-20/h2-5,14,17-18,22H,6-13H2,1H3/t14-,18-,20-/m0/s1"
319,CHEMBL3698239,C[C@@H](c1ccc(C2CC2)cc1)N1CC[C@]2(CC[C@H](O)CC2)OC1=O,"InChI=1S/C20H27NO3/c1-14(15-2-4-16(5-3-15)17-6-7-17)21-13-12-20(24-19(21)23)10-8-18(22)9-11-20/h2-5,14,17-18,22H,6-13H2,1H3/t14-,18-,20+/m0/s1"
320,CHEMBL449277,N#Cc1ccc2[nH]cc([C@H]3CC[C@@H](N4CCc5cc(OCCCF)ccc5C4)CC3)c2c1,"InChI=1S/C27H30FN3O/c28-11-1-13-32-24-8-5-22-18-31(12-10-21(22)15-24)23-6-3-20(4-7-23)26-17-30-27-9-2-19(16-29)14-25(26)27/h2,5,8-9,14-15,17,20,23,30H,1,3-4,6-7,10-13,18H2/t20-,23+"
320,CHEMBL477587,N#Cc1ccc2[nH]cc([C@H]3CC[C@H](N4CCc5cc(OCCCF)ccc5C4)CC3)c2c1,"InChI=1S/C27H30FN3O/c28-11-1-13-32-24-8-5-22-18-31(12-10-21(22)15-24)23-6-3-20(4-7-23)26-17-30-27-9-2-19(16-29)14-25(26)27/h2,5,8-9,14-15,17,20,23,30H,1,3-4,6-7,10-13,18H2/t20-,23-"
321,CHEMBL4072007,CN[C@H]1CC[C@](CCOc2cc(F)c(S(=O)(=O)Nc3ncns3)cc2F)(c2ccccc2)CC1,"InChI=1S/C23H26F2N4O3S2/c1-26-17-7-9-23(10-8-17,16-5-3-2-4-6-16)11-12-32-20-13-19(25)21(14-18(20)24)34(30,31)29-22-27-15-28-33-22/h2-6,13-15,17,26H,7-12H2,1H3,(H,27,28,29)/t17-,23-"
321,CHEMBL4091238,CN[C@H]1CC[C@@](CCOc2cc(F)c(S(=O)(=O)Nc3ncns3)cc2F)(c2ccccc2)CC1,"InChI=1S/C23H26F2N4O3S2/c1-26-17-7-9-23(10-8-17,16-5-3-2-4-6-16)11-12-32-20-13-19(25)21(14-18(20)24)34(30,31)29-22-27-15-28-33-22/h2-6,13-15,17,26H,7-12H2,1H3,(H,27,28,29)/t17-,23+"
322,CHEMBL1950289,O[C@H]1CC[C@H](Nc2ncc3nc(Nc4c(F)cc(F)cc4F)n([C@H]4CCOC4)c3n2)CC1,"InChI=1S/C21H23F3N6O2/c22-11-7-15(23)18(16(24)8-11)28-21-27-17-9-25-20(26-12-1-3-14(31)4-2-12)29-19(17)30(21)13-5-6-32-10-13/h7-9,12-14,31H,1-6,10H2,(H,27,28)(H,25,26,29)/t12-,13-,14-/m0/s1"
322,CHEMBL1950305,O[C@H]1CC[C@@H](Nc2ncc3nc(Nc4c(F)cc(F)cc4F)n([C@H]4CCOC4)c3n2)CC1,"InChI=1S/C21H23F3N6O2/c22-11-7-15(23)18(16(24)8-11)28-21-27-17-9-25-20(26-12-1-3-14(31)4-2-12)29-19(17)30(21)13-5-6-32-10-13/h7-9,12-14,31H,1-6,10H2,(H,27,28)(H,25,26,29)/t12-,13-,14+/m0/s1"
323,CHEMBL3652257,COc1ncc(-c2cc3c(C)nc(N)nc3n([C@H]3CC[C@H](OCCO)CC3)c2=O)cc1F,"InChI=1S/C22H26FN5O4/c1-12-16-10-17(13-9-18(23)20(31-2)25-11-13)21(30)28(19(16)27-22(24)26-12)14-3-5-15(6-4-14)32-8-7-29/h9-11,14-15,29H,3-8H2,1-2H3,(H2,24,26,27)/t14-,15-"
323,CHEMBL3652263,COc1ncc(-c2cc3c(C)nc(N)nc3n([C@H]3CC[C@@H](OCCO)CC3)c2=O)cc1F,"InChI=1S/C22H26FN5O4/c1-12-16-10-17(13-9-18(23)20(31-2)25-11-13)21(30)28(19(16)27-22(24)26-12)14-3-5-15(6-4-14)32-8-7-29/h9-11,14-15,29H,3-8H2,1-2H3,(H2,24,26,27)/t14-,15+"
324,CHEMBL3943928,FC(F)(Br)CN[C@H]1CC[C@H](c2nnn3cnc4[nH]ccc4c23)CC1,"InChI=1S/C15H17BrF2N6/c16-15(17,18)7-20-10-3-1-9(2-4-10)12-13-11-5-6-19-14(11)21-8-24(13)23-22-12/h5-6,8-10,19-20H,1-4,7H2/t9-,10-"
324,CHEMBL3973102,FC(F)(Br)CN[C@H]1CC[C@@H](c2nnn3cnc4[nH]ccc4c23)CC1,"InChI=1S/C15H17BrF2N6/c16-15(17,18)7-20-10-3-1-9(2-4-10)12-13-11-5-6-19-14(11)21-8-24(13)23-22-12/h5-6,8-10,19-20H,1-4,7H2/t9-,10+"
325,CHEMBL3785951,CC(=O)N1CCN([C@H]2C[C@@H](n3cc(-c4cc(OC[C@@H]5CCCO5)ccc4F)c4c(N)ncnc43)C2)CC1,"InChI=1S/C27H33FN6O3/c1-17(35)32-6-8-33(9-7-32)18-11-19(12-18)34-14-23(25-26(29)30-16-31-27(25)34)22-13-20(4-5-24(22)28)37-15-21-3-2-10-36-21/h4-5,13-14,16,18-19,21H,2-3,6-12,15H2,1H3,(H2,29,30,31)/t18-,19+,21-/m0/s1"
325,CHEMBL3786025,CC(=O)N1CCN([C@H]2C[C@H](n3cc(-c4cc(OC[C@@H]5CCCO5)ccc4F)c4c(N)ncnc43)C2)CC1,"InChI=1S/C27H33FN6O3/c1-17(35)32-6-8-33(9-7-32)18-11-19(12-18)34-14-23(25-26(29)30-16-31-27(25)34)22-13-20(4-5-24(22)28)37-15-21-3-2-10-36-21/h4-5,13-14,16,18-19,21H,2-3,6-12,15H2,1H3,(H2,29,30,31)/t18-,19-,21-/m0/s1"
326,CHEMBL292452,COc1ccc2c(c1)CN([C@H]1CC[C@H](c3c[nH]c4ccc(C#N)cc43)CC1)CC2,"InChI=1S/C25H27N3O/c1-29-22-8-5-18-10-11-28(16-20(18)13-22)21-6-3-19(4-7-21)24-15-27-25-9-2-17(14-26)12-23(24)25/h2,5,8-9,12-13,15,19,21,27H,3-4,6-7,10-11,16H2,1H3/t19-,21-"
326,CHEMBL53945,COc1ccc2c(c1)CN([C@H]1CC[C@@H](c3c[nH]c4ccc(C#N)cc43)CC1)CC2,"InChI=1S/C25H27N3O/c1-29-22-8-5-18-10-11-28(16-20(18)13-22)21-6-3-19(4-7-21)24-15-27-25-9-2-17(14-26)12-23(24)25/h2,5,8-9,12-13,15,19,21,27H,3-4,6-7,10-11,16H2,1H3/t19-,21+"
327,CHEMBL481108,Fc1ccc2[nH]cc([C@H]3CC[C@@H](N4CCN(c5cccc6ncccc56)CC4)CC3)c2c1,"InChI=1S/C27H29FN4/c28-20-8-11-26-23(17-20)24(18-30-26)19-6-9-21(10-7-19)31-13-15-32(16-14-31)27-5-1-4-25-22(27)3-2-12-29-25/h1-5,8,11-12,17-19,21,30H,6-7,9-10,13-16H2/t19-,21+"
327,CHEMBL481109,Fc1ccc2[nH]cc([C@H]3CC[C@H](N4CCN(c5cccc6ncccc56)CC4)CC3)c2c1,"InChI=1S/C27H29FN4/c28-20-8-11-26-23(17-20)24(18-30-26)19-6-9-21(10-7-19)31-13-15-32(16-14-31)27-5-1-4-25-22(27)3-2-12-29-25/h1-5,8,11-12,17-19,21,30H,6-7,9-10,13-16H2/t19-,21-"
328,CHEMBL598091,C[C@H]1CC[C@H](NC(=O)c2nn(-c3ccc(Cl)cc3Cl)c(-c3ccc(Cl)cc3)c2Cn2cncn2)CC1,"InChI=1S/C26H25Cl3N6O/c1-16-2-9-20(10-3-16)32-26(36)24-21(13-34-15-30-14-31-34)25(17-4-6-18(27)7-5-17)35(33-24)23-11-8-19(28)12-22(23)29/h4-8,11-12,14-16,20H,2-3,9-10,13H2,1H3,(H,32,36)/t16-,20-"
328,CHEMBL604923,C[C@H]1CC[C@@H](NC(=O)c2nn(-c3ccc(Cl)cc3Cl)c(-c3ccc(Cl)cc3)c2Cn2cncn2)CC1,"InChI=1S/C26H25Cl3N6O/c1-16-2-9-20(10-3-16)32-26(36)24-21(13-34-15-30-14-31-34)25(17-4-6-18(27)7-5-17)35(33-24)23-11-8-19(28)12-22(23)29/h4-8,11-12,14-16,20H,2-3,9-10,13H2,1H3,(H,32,36)/t16-,20+"
329,CHEMBL331291,CNC(=O)[C@]12C[C@@H]1[C@@H](n1cnc3c(NC4CCCC4)nc(Cl)nc31)[C@H](O)[C@@H]2O,"InChI=1S/C18H23ClN6O3/c1-20-16(28)18-6-9(18)11(12(26)13(18)27)25-7-21-10-14(22-8-4-2-3-5-8)23-17(19)24-15(10)25/h7-9,11-13,26-27H,2-6H2,1H3,(H,20,28)(H,22,23,24)/t9-,11-,12+,13+,18+/m1/s1"
329,CHEMBL573937,CNC(=O)[C@]12C[C@@H]1[C@@H](n1cnc3c(NC4CCCC4)nc(Cl)nc31)[C@H](O)[C@@H]2O,"InChI=1S/C18H23ClN6O3/c1-20-16(28)18-6-9(18)11(12(26)13(18)27)25-7-21-10-14(22-8-4-2-3-5-8)23-17(19)24-15(10)25/h7-9,11-13,26-27H,2-6H2,1H3,(H,20,28)(H,22,23,24)/t9-,11-,12+,13+,18-/m1/s1"
330,CHEMBL3698175,C[C@@H](c1ccc(Br)cc1)N1CC[C@]2(CC[C@@H](C(=O)O)CC2)OC1=O,"InChI=1S/C18H22BrNO4/c1-12(13-2-4-15(19)5-3-13)20-11-10-18(24-17(20)23)8-6-14(7-9-18)16(21)22/h2-5,12,14H,6-11H2,1H3,(H,21,22)/t12-,14-,18-/m0/s1"
330,CHEMBL3698178,C[C@@H](c1ccc(Br)cc1)N1CC[C@]2(CC[C@H](C(=O)O)CC2)OC1=O,"InChI=1S/C18H22BrNO4/c1-12(13-2-4-15(19)5-3-13)20-11-10-18(24-17(20)23)8-6-14(7-9-18)16(21)22/h2-5,12,14H,6-11H2,1H3,(H,21,22)/t12-,14-,18+/m0/s1"
331,CHEMBL392383,O=C(N[C@H]1CO[C@@H](c2ccccc2)OC1)c1ccccc1,"InChI=1S/C17H17NO3/c19-16(13-7-3-1-4-8-13)18-15-11-20-17(21-12-15)14-9-5-2-6-10-14/h1-10,15,17H,11-12H2,(H,18,19)/t15-,17+"
331,CHEMBL396347,O=C(N[C@H]1CO[C@H](c2ccccc2)OC1)c1ccccc1,"InChI=1S/C17H17NO3/c19-16(13-7-3-1-4-8-13)18-15-11-20-17(21-12-15)14-9-5-2-6-10-14/h1-10,15,17H,11-12H2,(H,18,19)/t15-,17-"
332,CHEMBL466047,C[C@H]1CC[C@@H](NC(=O)c2cc3cccnc3n(Cc3ccc(F)cc3)c2=O)CC1,"InChI=1S/C23H24FN3O2/c1-15-4-10-19(11-5-15)26-22(28)20-13-17-3-2-12-25-21(17)27(23(20)29)14-16-6-8-18(24)9-7-16/h2-3,6-9,12-13,15,19H,4-5,10-11,14H2,1H3,(H,26,28)/t15-,19+"
332,CHEMBL512063,C[C@H]1CC[C@H](NC(=O)c2cc3cccnc3n(Cc3ccc(F)cc3)c2=O)CC1,"InChI=1S/C23H24FN3O2/c1-15-4-10-19(11-5-15)26-22(28)20-13-17-3-2-12-25-21(17)27(23(20)29)14-16-6-8-18(24)9-7-16/h2-3,6-9,12-13,15,19H,4-5,10-11,14H2,1H3,(H,26,28)/t15-,19-"
333,CHEMBL3921367,CS(=O)(=O)[C@H]1CC[C@H](c2cnc(N)c(-c3ccc(C(=O)NCc4ccccc4)c(F)c3)n2)CC1,"InChI=1S/C25H27FN4O3S/c1-34(32,33)19-10-7-17(8-11-19)22-15-28-24(27)23(30-22)18-9-12-20(21(26)13-18)25(31)29-14-16-5-3-2-4-6-16/h2-6,9,12-13,15,17,19H,7-8,10-11,14H2,1H3,(H2,27,28)(H,29,31)/t17-,19-"
333,CHEMBL4106597,CS(=O)(=O)[C@H]1CC[C@@H](c2cnc(N)c(-c3ccc(C(=O)NCc4ccccc4)c(F)c3)n2)CC1,"InChI=1S/C25H27FN4O3S/c1-34(32,33)19-10-7-17(8-11-19)22-15-28-24(27)23(30-22)18-9-12-20(21(26)13-18)25(31)29-14-16-5-3-2-4-6-16/h2-6,9,12-13,15,17,19H,7-8,10-11,14H2,1H3,(H2,27,28)(H,29,31)/t17-,19+"
334,CHEMBL3303774,CN(C)[C@]1(c2ccc(Br)cc2)CC[C@](O)(CCc2ccccc2)CC1,"InChI=1S/C22H28BrNO/c1-24(2)22(19-8-10-20(23)11-9-19)16-14-21(25,15-17-22)13-12-18-6-4-3-5-7-18/h3-11,25H,12-17H2,1-2H3/t21-,22-"
334,CHEMBL3304397,CN(C)[C@]1(c2ccc(Br)cc2)CC[C@@](O)(CCc2ccccc2)CC1,"InChI=1S/C22H28BrNO/c1-24(2)22(19-8-10-20(23)11-9-19)16-14-21(25,15-17-22)13-12-18-6-4-3-5-7-18/h3-11,25H,12-17H2,1-2H3/t21-,22+"
335,CHEMBL3358444,CCn1nccc1Oc1cc(C[C@H]2CC[C@](C)(O)CC2)cnc1NC(=O)NC,"InChI=1S/C20H29N5O3/c1-4-25-17(7-10-23-25)28-16-12-15(13-22-18(16)24-19(26)21-3)11-14-5-8-20(2,27)9-6-14/h7,10,12-14,27H,4-6,8-9,11H2,1-3H3,(H2,21,22,24,26)/t14-,20-"
335,CHEMBL3358445,CCn1nccc1Oc1cc(C[C@H]2CC[C@@](C)(O)CC2)cnc1NC(=O)NC,"InChI=1S/C20H29N5O3/c1-4-25-17(7-10-23-25)28-16-12-15(13-22-18(16)24-19(26)21-3)11-14-5-8-20(2,27)9-6-14/h7,10,12-14,27H,4-6,8-9,11H2,1-3H3,(H2,21,22,24,26)/t14-,20+"
336,CHEMBL3901307,Cc1nc(C(=O)N2Cc3cc4c(cc3C[C@H]2C(=O)N[C@@H](Cc2ccc(-c3ccnc(C)c3C)cc2)C(=O)O)OC[C@H](c2ccc(O[C@H]3CC[C@H](C)CC3)cc2)O4)c(C)o1,"InChI=1S/C47H50N4O8/c1-26-6-14-36(15-7-26)58-37-16-12-33(13-17-37)43-25-56-41-22-34-21-40(51(24-35(34)23-42(41)59-43)46(53)44-29(4)57-30(5)49-44)45(52)50-39(47(54)55)20-31-8-10-32(11-9-31)38-18-19-48-28(3)27(38)2/h8-13,16-19,22-23,26,36,39-40,43H,6-7,14-15,20-21,24-25H2,1-5H3,(H,50,52)(H,54,55)/t26-,36-,39-,40-,43+/m0/s1"
336,CHEMBL3944940,Cc1nc(C(=O)N2Cc3cc4c(cc3C[C@H]2C(=O)N[C@@H](Cc2ccc(-c3ccnc(C)c3C)cc2)C(=O)O)OC[C@H](c2ccc(O[C@H]3CC[C@@H](C)CC3)cc2)O4)c(C)o1,"InChI=1S/C47H50N4O8/c1-26-6-14-36(15-7-26)58-37-16-12-33(13-17-37)43-25-56-41-22-34-21-40(51(24-35(34)23-42(41)59-43)46(53)44-29(4)57-30(5)49-44)45(52)50-39(47(54)55)20-31-8-10-32(11-9-31)38-18-19-48-28(3)27(38)2/h8-13,16-19,22-23,26,36,39-40,43H,6-7,14-15,20-21,24-25H2,1-5H3,(H,50,52)(H,54,55)/t26-,36+,39-,40-,43+/m0/s1"
337,CHEMBL27042,CNP1(NC)=N[P@](NC)(N2CC2)=NP(NC)(NC)=N[P@@](NC)(N2CC2)=N1,"InChI=1S/C10H32N12P4/c1-11-23(12-2)17-25(15-5,21-7-8-21)19-24(13-3,14-4)20-26(16-6,18-23)22-9-10-22/h11-16H,7-10H2,1-6H3/t25-,26-"
337,CHEMBL27119,CNP1(NC)=N[P@@](NC)(N2CC2)=NP(NC)(NC)=N[P@@](NC)(N2CC2)=N1,"InChI=1S/C10H32N12P4/c1-11-23(12-2)17-25(15-5,21-7-8-21)19-24(13-3,14-4)20-26(16-6,18-23)22-9-10-22/h11-16H,7-10H2,1-6H3/t25-,26+"
338,CHEMBL1681802,N[C@H](Cc1cc(F)ccc1F)[C@H]1CC[C@H](N2CCn3c(nnc3C(F)(F)F)C2)CC1,"InChI=1S/C20H24F5N5/c21-14-3-6-16(22)13(9-14)10-17(26)12-1-4-15(5-2-12)29-7-8-30-18(11-29)27-28-19(30)20(23,24)25/h3,6,9,12,15,17H,1-2,4-5,7-8,10-11,26H2/t12-,15-,17-/m1/s1"
338,CHEMBL1683115,N[C@H](Cc1cc(F)ccc1F)[C@H]1CC[C@@H](N2CCn3c(nnc3C(F)(F)F)C2)CC1,"InChI=1S/C20H24F5N5/c21-14-3-6-16(22)13(9-14)10-17(26)12-1-4-15(5-2-12)29-7-8-30-18(11-29)27-28-19(30)20(23,24)25/h3,6,9,12,15,17H,1-2,4-5,7-8,10-11,26H2/t12-,15+,17-/m1/s1"
339,CHEMBL3658861,CCCS(=O)(=O)C[C@H]1C[C@H](N(C)c2ncnc3[nH]ccc23)C1,"InChI=1S/C15H22N4O2S/c1-3-6-22(20,21)9-11-7-12(8-11)19(2)15-13-4-5-16-14(13)17-10-18-15/h4-5,10-12H,3,6-9H2,1-2H3,(H,16,17,18)/t11-,12-"
339,CHEMBL4090590,CCCS(=O)(=O)C[C@H]1C[C@@H](N(C)c2ncnc3[nH]ccc23)C1,"InChI=1S/C15H22N4O2S/c1-3-6-22(20,21)9-11-7-12(8-11)19(2)15-13-4-5-16-14(13)17-10-18-15/h4-5,10-12H,3,6-9H2,1-2H3,(H,16,17,18)/t11-,12+"
340,CHEMBL3727603,Nc1ncc(-c2cc([C@H]3C[C@@H](N4C[C@@H]5C[C@H]4CO5)C3)nc(N3CCC(F)(F)C3)n2)cc1OC(F)F,"InChI=1S/C23H26F4N6O2/c24-21(25)35-19-5-13(8-29-20(19)28)18-7-17(30-22(31-18)32-2-1-23(26,27)11-32)12-3-14(4-12)33-9-16-6-15(33)10-34-16/h5,7-8,12,14-16,21H,1-4,6,9-11H2,(H2,28,29)/t12-,14+,15-,16-/m0/s1"
340,CHEMBL3729751,Nc1ncc(-c2cc([C@H]3C[C@H](N4C[C@@H]5C[C@H]4CO5)C3)nc(N3CCC(F)(F)C3)n2)cc1OC(F)F,"InChI=1S/C23H26F4N6O2/c24-21(25)35-19-5-13(8-29-20(19)28)18-7-17(30-22(31-18)32-2-1-23(26,27)11-32)12-3-14(4-12)33-9-16-6-15(33)10-34-16/h5,7-8,12,14-16,21H,1-4,6,9-11H2,(H2,28,29)/t12-,14-,15-,16-/m0/s1"
341,CHEMBL2146709,O=C(NC[C@]1(CC2CC2)CC[C@H](S(=O)(=O)c2c[nH]nn2)CC1)c1ccc(Cl)cc1Cl,"InChI=1S/C20H24Cl2N4O3S/c21-14-3-4-16(17(22)9-14)19(27)23-12-20(10-13-1-2-13)7-5-15(6-8-20)30(28,29)18-11-24-26-25-18/h3-4,9,11,13,15H,1-2,5-8,10,12H2,(H,23,27)(H,24,25,26)/t15-,20+"
341,CHEMBL2146710,O=C(NC[C@]1(CC2CC2)CC[C@@H](S(=O)(=O)c2c[nH]nn2)CC1)c1ccc(Cl)cc1Cl,"InChI=1S/C20H24Cl2N4O3S/c21-14-3-4-16(17(22)9-14)19(27)23-12-20(10-13-1-2-13)7-5-15(6-8-20)30(28,29)18-11-24-26-25-18/h3-4,9,11,13,15H,1-2,5-8,10,12H2,(H,23,27)(H,24,25,26)/t15-,20-"
342,CHEMBL4097861,COC(=O)CNC(=O)[C@H]1CC[C@@H](NC(=O)c2cc(Br)c(Br)[nH]2)CC1,"InChI=1S/C15H19Br2N3O4/c1-24-12(21)7-18-14(22)8-2-4-9(5-3-8)19-15(23)11-6-10(16)13(17)20-11/h6,8-9,20H,2-5,7H2,1H3,(H,18,22)(H,19,23)/t8-,9+"
342,CHEMBL4105594,COC(=O)CNC(=O)[C@H]1CC[C@H](NC(=O)c2cc(Br)c(Br)[nH]2)CC1,"InChI=1S/C15H19Br2N3O4/c1-24-12(21)7-18-14(22)8-2-4-9(5-3-8)19-15(23)11-6-10(16)13(17)20-11/h6,8-9,20H,2-5,7H2,1H3,(H,18,22)(H,19,23)/t8-,9-"
343,CHEMBL244998,COc1c(C)cc(/C(=C\CCc2nnc(C)o2)c2cccc(C#N)c2)cc1C(=O)SC,"InChI=1S/C24H23N3O3S/c1-15-11-19(13-21(23(15)29-3)24(28)31-4)20(18-8-5-7-17(12-18)14-25)9-6-10-22-27-26-16(2)30-22/h5,7-9,11-13H,6,10H2,1-4H3/b20-9-"
343,CHEMBL398202,COc1c(C)cc(/C(=C/CCc2nnc(C)o2)c2cccc(C#N)c2)cc1C(=O)SC,"InChI=1S/C24H23N3O3S/c1-15-11-19(13-21(23(15)29-3)24(28)31-4)20(18-8-5-7-17(12-18)14-25)9-6-10-22-27-26-16(2)30-22/h5,7-9,11-13H,6,10H2,1-4H3/b20-9+"
344,CHEMBL3314544,CO[C@H]1CO[C@@]2(CN(c3ncc(C(=O)O)s3)CC[C@H]2NC(=O)c2[nH]c(C)c(Cl)c2Cl)OC1,"InChI=1S/C19H22Cl2N4O6S/c1-9-13(20)14(21)15(23-9)16(26)24-12-3-4-25(18-22-5-11(32-18)17(27)28)8-19(12)30-6-10(29-2)7-31-19/h5,10,12,23H,3-4,6-8H2,1-2H3,(H,24,26)(H,27,28)/t10-,12-,19-/m1/s1"
344,CHEMBL3314545,CO[C@H]1CO[C@]2(CN(c3ncc(C(=O)O)s3)CC[C@H]2NC(=O)c2[nH]c(C)c(Cl)c2Cl)OC1,"InChI=1S/C19H22Cl2N4O6S/c1-9-13(20)14(21)15(23-9)16(26)24-12-3-4-25(18-22-5-11(32-18)17(27)28)8-19(12)30-6-10(29-2)7-31-19/h5,10,12,23H,3-4,6-8H2,1-2H3,(H,24,26)(H,27,28)/t10-,12-,19+/m1/s1"
345,CHEMBL1927572,CCCCCCCCc1ccc([C@H]2CC[C@@H](NC3CC3)CC2)cc1,"InChI=1S/C23H37N/c1-2-3-4-5-6-7-8-19-9-11-20(12-10-19)21-13-15-22(16-14-21)24-23-17-18-23/h9-12,21-24H,2-8,13-18H2,1H3/t21-,22+"
345,CHEMBL1927573,CCCCCCCCc1ccc([C@H]2CC[C@H](NC3CC3)CC2)cc1,"InChI=1S/C23H37N/c1-2-3-4-5-6-7-8-19-9-11-20(12-10-19)21-13-15-22(16-14-21)24-23-17-18-23/h9-12,21-24H,2-8,13-18H2,1H3/t21-,22-"
346,CHEMBL1780170,N[C@H]1CC[C@H](n2cc(-c3ccc4c(c3)Cc3c[nH]nc3-4)c(-c3ccncc3)n2)CC1,"InChI=1S/C24H24N6/c25-19-2-4-20(5-3-19)30-14-22(24(29-30)15-7-9-26-10-8-15)16-1-6-21-17(11-16)12-18-13-27-28-23(18)21/h1,6-11,13-14,19-20H,2-5,12,25H2,(H,27,28)/t19-,20-"
346,CHEMBL1780171,N[C@H]1CC[C@@H](n2cc(-c3ccc4c(c3)Cc3c[nH]nc3-4)c(-c3ccncc3)n2)CC1,"InChI=1S/C24H24N6/c25-19-2-4-20(5-3-19)30-14-22(24(29-30)15-7-9-26-10-8-15)16-1-6-21-17(11-16)12-18-13-27-28-23(18)21/h1,6-11,13-14,19-20H,2-5,12,25H2,(H,27,28)/t19-,20+"
347,CHEMBL2115008,O=C(NC[C@]1(c2ccccc2)CC[C@H](N2CCC(c3ccc(F)cc3)CC2)CC1)c1cc(C(F)(F)F)cc(C(F)(F)F)c1,"InChI=1S/C33H33F7N2O/c34-28-8-6-22(7-9-28)23-12-16-42(17-13-23)29-10-14-31(15-11-29,25-4-2-1-3-5-25)21-41-30(43)24-18-26(32(35,36)37)20-27(19-24)33(38,39)40/h1-9,18-20,23,29H,10-17,21H2,(H,41,43)/t29-,31-"
347,CHEMBL2115452,O=C(NC[C@]1(c2ccccc2)CC[C@@H](N2CCC(c3ccc(F)cc3)CC2)CC1)c1cc(C(F)(F)F)cc(C(F)(F)F)c1,"InChI=1S/C33H33F7N2O/c34-28-8-6-22(7-9-28)23-12-16-42(17-13-23)29-10-14-31(15-11-29,25-4-2-1-3-5-25)21-41-30(43)24-18-26(32(35,36)37)20-27(19-24)33(38,39)40/h1-9,18-20,23,29H,10-17,21H2,(H,41,43)/t29-,31+"
348,CHEMBL3121526,CC(C)(C)C#Cc1cc(N(C(=O)[C@H]2CC[C@H](C)CC2)[C@H]2CC[C@](O)(CO[C@H]3CCOC3)CC2)c(C(=O)O)s1,"InChI=1S/C30H43NO6S/c1-20-5-7-21(8-6-20)27(32)31(25-17-24(11-13-29(2,3)4)38-26(25)28(33)34)22-9-14-30(35,15-10-22)19-37-23-12-16-36-18-23/h17,20-23,35H,5-10,12,14-16,18-19H2,1-4H3,(H,33,34)/t20-,21-,22-,23-,30+/m0/s1"
348,CHEMBL3121527,CC(C)(C)C#Cc1cc(N(C(=O)[C@H]2CC[C@H](C)CC2)[C@H]2CC[C@@](O)(CO[C@H]3CCOC3)CC2)c(C(=O)O)s1,"InChI=1S/C30H43NO6S/c1-20-5-7-21(8-6-20)27(32)31(25-17-24(11-13-29(2,3)4)38-26(25)28(33)34)22-9-14-30(35,15-10-22)19-37-23-12-16-36-18-23/h17,20-23,35H,5-10,12,14-16,18-19H2,1-4H3,(H,33,34)/t20-,21-,22-,23-,30-/m0/s1"
349,CHEMBL459457,Cn1c(N(Cc2ccc(C(=O)Nc3nnn[nH]3)cc2)[C@H]2CC[C@H](C(C)(C)C)CC2)nc2ccccc21,"InChI=1S/C27H34N8O/c1-27(2,3)20-13-15-21(16-14-20)35(26-28-22-7-5-6-8-23(22)34(26)4)17-18-9-11-19(12-10-18)24(36)29-25-30-32-33-31-25/h5-12,20-21H,13-17H2,1-4H3,(H2,29,30,31,32,33,36)/t20-,21-"
349,CHEMBL515202,Cn1c(N(Cc2ccc(C(=O)Nc3nnn[nH]3)cc2)[C@H]2CC[C@@H](C(C)(C)C)CC2)nc2ccccc21,"InChI=1S/C27H34N8O/c1-27(2,3)20-13-15-21(16-14-20)35(26-28-22-7-5-6-8-23(22)34(26)4)17-18-9-11-19(12-10-18)24(36)29-25-30-32-33-31-25/h5-12,20-21H,13-17H2,1-4H3,(H2,29,30,31,32,33,36)/t20-,21+"
350,CHEMBL3394393,O=C(c1cccc(N2CCCCC2)n1)N(C1CC1)[C@H]1CC[C@H](O)CC1,"InChI=1S/C20H29N3O2/c24-17-11-9-16(10-12-17)23(15-7-8-15)20(25)18-5-4-6-19(21-18)22-13-2-1-3-14-22/h4-6,15-17,24H,1-3,7-14H2/t16-,17-"
350,CHEMBL3394394,O=C(c1cccc(N2CCCCC2)n1)N(C1CC1)[C@H]1CC[C@@H](O)CC1,"InChI=1S/C20H29N3O2/c24-17-11-9-16(10-12-17)23(15-7-8-15)20(25)18-5-4-6-19(21-18)22-13-2-1-3-14-22/h4-6,15-17,24H,1-3,7-14H2/t16-,17+"
351,CHEMBL2431187,O=C(N[C@H]1C[C@H](O)C1)c1ccc(C#Cc2cccc(F)c2)cn1,"InChI=1S/C18H15FN2O2/c19-14-3-1-2-12(8-14)4-5-13-6-7-17(20-11-13)18(23)21-15-9-16(22)10-15/h1-3,6-8,11,15-16,22H,9-10H2,(H,21,23)/t15-,16-"
351,CHEMBL3334991,O=C(N[C@H]1C[C@@H](O)C1)c1ccc(C#Cc2cccc(F)c2)cn1,"InChI=1S/C18H15FN2O2/c19-14-3-1-2-12(8-14)4-5-13-6-7-17(20-11-13)18(23)21-15-9-16(22)10-15/h1-3,6-8,11,15-16,22H,9-10H2,(H,21,23)/t15-,16+"
352,CHEMBL4215230,CC(C)(C)c1ccc(CCNC(=O)[C@H]2CC[C@@H](O)CC2)cc1,"InChI=1S/C19H29NO2/c1-19(2,3)16-8-4-14(5-9-16)12-13-20-18(22)15-6-10-17(21)11-7-15/h4-5,8-9,15,17,21H,6-7,10-13H2,1-3H3,(H,20,22)/t15-,17+"
352,CHEMBL4215765,CC(C)(C)c1ccc(CCNC(=O)[C@H]2CC[C@H](O)CC2)cc1,"InChI=1S/C19H29NO2/c1-19(2,3)16-8-4-14(5-9-16)12-13-20-18(22)15-6-10-17(21)11-7-15/h4-5,8-9,15,17,21H,6-7,10-13H2,1-3H3,(H,20,22)/t15-,17-"
353,CHEMBL86688,CCO[C@@H](Cc1ccc(OC/C=C(/c2ccccc2)c2ccc(Br)cc2)cc1)C(=O)O,"InChI=1S/C26H25BrO4/c1-2-30-25(26(28)29)18-19-8-14-23(15-9-19)31-17-16-24(20-6-4-3-5-7-20)21-10-12-22(27)13-11-21/h3-16,25H,2,17-18H2,1H3,(H,28,29)/b24-16-/t25-/m0/s1"
353,CHEMBL89152,CCO[C@@H](Cc1ccc(OC/C=C(\c2ccccc2)c2ccc(Br)cc2)cc1)C(=O)O,"InChI=1S/C26H25BrO4/c1-2-30-25(26(28)29)18-19-8-14-23(15-9-19)31-17-16-24(20-6-4-3-5-7-20)21-10-12-22(27)13-11-21/h3-16,25H,2,17-18H2,1H3,(H,28,29)/b24-16+/t25-/m0/s1"
354,CHEMBL3895762,Cc1c(C(=O)Nc2cccc(C(F)(F)F)c2)cc(C(C)(C)C)n1[C@H]1CC[C@H](NS(C)(=O)=O)CC1,"InChI=1S/C24H32F3N3O3S/c1-15-20(22(31)28-18-8-6-7-16(13-18)24(25,26)27)14-21(23(2,3)4)30(15)19-11-9-17(10-12-19)29-34(5,32)33/h6-8,13-14,17,19,29H,9-12H2,1-5H3,(H,28,31)/t17-,19-"
354,CHEMBL3967041,Cc1c(C(=O)Nc2cccc(C(F)(F)F)c2)cc(C(C)(C)C)n1[C@H]1CC[C@@H](NS(C)(=O)=O)CC1,"InChI=1S/C24H32F3N3O3S/c1-15-20(22(31)28-18-8-6-7-16(13-18)24(25,26)27)14-21(23(2,3)4)30(15)19-11-9-17(10-12-19)29-34(5,32)33/h6-8,13-14,17,19,29H,9-12H2,1-5H3,(H,28,31)/t17-,19+"
355,CHEMBL1199277,C[N+](C)=c1ccc2nc3ccc(N)cc3sc-2c1,"InChI=1S/C14H13N3S/c1-17(2)10-4-6-12-14(8-10)18-13-7-9(15)3-5-11(13)16-12/h3-8,15H,1-2H3/p+1"
355,CHEMBL3558280,CN(C)c1ccc2nc3ccc(N)cc3[s+]c2c1,"InChI=1S/C14H14N3S/c1-17(2)10-4-6-12-14(8-10)18-13-7-9(15)3-5-11(13)16-12/h3-8H,15H2,1-2H3/q+1"
356,CHEMBL1630521,CC(=O)NCCC[C@H]1OC[C@@H](Oc2ccc(OCc3ccccc3)cc2)CO1,"InChI=1S/C22H27NO5/c1-17(24)23-13-5-8-22-26-15-21(16-27-22)28-20-11-9-19(10-12-20)25-14-18-6-3-2-4-7-18/h2-4,6-7,9-12,21-22H,5,8,13-16H2,1H3,(H,23,24)/t21-,22+"
356,CHEMBL1630704,CC(=O)NCCC[C@H]1OC[C@H](Oc2ccc(OCc3ccccc3)cc2)CO1,"InChI=1S/C22H27NO5/c1-17(24)23-13-5-8-22-26-15-21(16-27-22)28-20-11-9-19(10-12-20)25-14-18-6-3-2-4-7-18/h2-4,6-7,9-12,21-22H,5,8,13-16H2,1H3,(H,23,24)/t21-,22-"
357,CHEMBL3126053,O=C1CCCN1[C@H]1CC[C@@H](C(=O)Nc2ccc(-c3cc(F)cc(F)c3)cn2)CC1,"InChI=1S/C22H23F2N3O2/c23-17-10-16(11-18(24)12-17)15-5-8-20(25-13-15)26-22(29)14-3-6-19(7-4-14)27-9-1-2-21(27)28/h5,8,10-14,19H,1-4,6-7,9H2,(H,25,26,29)/t14-,19+"
357,CHEMBL3126054,O=C1CCCN1[C@H]1CC[C@H](C(=O)Nc2ccc(-c3cc(F)cc(F)c3)cn2)CC1,"InChI=1S/C22H23F2N3O2/c23-17-10-16(11-18(24)12-17)15-5-8-20(25-13-15)26-22(29)14-3-6-19(7-4-14)27-9-1-2-21(27)28/h5,8,10-14,19H,1-4,6-7,9H2,(H,25,26,29)/t14-,19-"
358,CHEMBL3643421,COc1ncc(N2CCc3ncnc(N[C@H]4CCN(C(=O)[C@H]5CC[C@@H](O)CC5)C4)c3C2)cc1C(F)(F)F,"InChI=1S/C25H31F3N6O3/c1-37-23-20(25(26,27)28)10-17(11-29-23)33-9-7-21-19(13-33)22(31-14-30-21)32-16-6-8-34(12-16)24(36)15-2-4-18(35)5-3-15/h10-11,14-16,18,35H,2-9,12-13H2,1H3,(H,30,31,32)/t15-,16-,18+/m0/s1"
358,CHEMBL3643422,COc1ncc(N2CCc3ncnc(N[C@H]4CCN(C(=O)[C@H]5CC[C@H](O)CC5)C4)c3C2)cc1C(F)(F)F,"InChI=1S/C25H31F3N6O3/c1-37-23-20(25(26,27)28)10-17(11-29-23)33-9-7-21-19(13-33)22(31-14-30-21)32-16-6-8-34(12-16)24(36)15-2-4-18(35)5-3-15/h10-11,14-16,18,35H,2-9,12-13H2,1H3,(H,30,31,32)/t15-,16-,18-/m0/s1"
359,CHEMBL56570,c1ccc(CN[C@H]2CC[C@@H](c3c[nH]c4ccccc43)CC2)cc1,"InChI=1S/C21H24N2/c1-2-6-16(7-3-1)14-22-18-12-10-17(11-13-18)20-15-23-21-9-5-4-8-19(20)21/h1-9,15,17-18,22-23H,10-14H2/t17-,18+"
359,CHEMBL57668,c1ccc(CN[C@H]2CC[C@H](c3c[nH]c4ccccc43)CC2)cc1,"InChI=1S/C21H24N2/c1-2-6-16(7-3-1)14-22-18-12-10-17(11-13-18)20-15-23-21-9-5-4-8-19(20)21/h1-9,15,17-18,22-23H,10-14H2/t17-,18-"
360,CHEMBL2375956,COc1ncc(-c2cc3c(C)nc(N)nc3n([C@H]3CC[C@H](OCC(N)=O)CC3)c2=O)cn1,"InChI=1S/C21H25N7O4/c1-11-15-7-16(12-8-24-21(31-2)25-9-12)19(30)28(18(15)27-20(23)26-11)13-3-5-14(6-4-13)32-10-17(22)29/h7-9,13-14H,3-6,10H2,1-2H3,(H2,22,29)(H2,23,26,27)/t13-,14-"
360,CHEMBL2375961,COc1ncc(-c2cc3c(C)nc(N)nc3n([C@H]3CC[C@@H](OCC(N)=O)CC3)c2=O)cn1,"InChI=1S/C21H25N7O4/c1-11-15-7-16(12-8-24-21(31-2)25-9-12)19(30)28(18(15)27-20(23)26-11)13-3-5-14(6-4-13)32-10-17(22)29/h7-9,13-14H,3-6,10H2,1-2H3,(H2,22,29)(H2,23,26,27)/t13-,14+"
361,CHEMBL3893346,COc1ccc(N(C(=O)OC[C@H]2CC[C@H](COCC(=O)O)CC2)c2ccccc2)cc1,"InChI=1S/C24H29NO6/c1-29-22-13-11-21(12-14-22)25(20-5-3-2-4-6-20)24(28)31-16-19-9-7-18(8-10-19)15-30-17-23(26)27/h2-6,11-14,18-19H,7-10,15-17H2,1H3,(H,26,27)/t18-,19-"
361,CHEMBL3930990,COc1ccc(N(C(=O)OC[C@H]2CC[C@@H](COCC(=O)O)CC2)c2ccccc2)cc1,"InChI=1S/C24H29NO6/c1-29-22-13-11-21(12-14-22)25(20-5-3-2-4-6-20)24(28)31-16-19-9-7-18(8-10-19)15-30-17-23(26)27/h2-6,11-14,18-19H,7-10,15-17H2,1H3,(H,26,27)/t18-,19+"
362,CHEMBL4081244,O[C@H]1CC[C@H](Oc2ccc(-c3ccn4c(CC(F)(F)F)nnc4c3Cl)cc2Cl)CC1,"InChI=1S/C20H18Cl2F3N3O2/c21-15-9-11(1-6-16(15)30-13-4-2-12(29)3-5-13)14-7-8-28-17(10-20(23,24)25)26-27-19(28)18(14)22/h1,6-9,12-13,29H,2-5,10H2/t12-,13-"
362,CHEMBL4100691,O[C@H]1CC[C@@H](Oc2ccc(-c3ccn4c(CC(F)(F)F)nnc4c3Cl)cc2Cl)CC1,"InChI=1S/C20H18Cl2F3N3O2/c21-15-9-11(1-6-16(15)30-13-4-2-12(29)3-5-13)14-7-8-28-17(10-20(23,24)25)26-27-19(28)18(14)22/h1,6-9,12-13,29H,2-5,10H2/t12-,13+"
363,CHEMBL3326224,CN(C)[C@]1(c2ccccc2)CC[C@]2(CC1)OCCc1c3ccccc3[nH]c12.Cl,"InChI=1S/C24H28N2O.ClH/c1-26(2)23(18-8-4-3-5-9-18)13-15-24(16-14-23)22-20(12-17-27-24)19-10-6-7-11-21(19)25-22;/h3-11,25H,12-17H2,1-2H3;1H/t23-,24-;"
363,CHEMBL3326227,CN(C)[C@]1(c2ccccc2)CC[C@@]2(CC1)OCCc1c3ccccc3[nH]c12.Cl,"InChI=1S/C24H28N2O.ClH/c1-26(2)23(18-8-4-3-5-9-18)13-15-24(16-14-23)22-20(12-17-27-24)19-10-6-7-11-21(19)25-22;/h3-11,25H,12-17H2,1-2H3;1H/t23-,24+;"
364,CHEMBL234681,CC(C)Oc1ccccc1N1CCN([C@H]2CC[C@H](NS(=O)(=O)c3ccccc3F)CC2)CC1,"InChI=1S/C25H34FN3O3S/c1-19(2)32-24-9-5-4-8-23(24)29-17-15-28(16-18-29)21-13-11-20(12-14-21)27-33(30,31)25-10-6-3-7-22(25)26/h3-10,19-21,27H,11-18H2,1-2H3/t20-,21-"
364,CHEMBL399195,CC(C)Oc1ccccc1N1CCN([C@H]2CC[C@@H](NS(=O)(=O)c3ccccc3F)CC2)CC1,"InChI=1S/C25H34FN3O3S/c1-19(2)32-24-9-5-4-8-23(24)29-17-15-28(16-18-29)21-13-11-20(12-14-21)27-33(30,31)25-10-6-3-7-22(25)26/h3-10,19-21,27H,11-18H2,1-2H3/t20-,21+"
365,CHEMBL3644111,O=C(Nc1cccc2[nH]ncc12)N[C@H]1C[C@@H](c2ccccc2)C1,"InChI=1S/C18H18N4O/c23-18(21-16-7-4-8-17-15(16)11-19-22-17)20-14-9-13(10-14)12-5-2-1-3-6-12/h1-8,11,13-14H,9-10H2,(H,19,22)(H2,20,21,23)/t13-,14+"
365,CHEMBL3644112,O=C(Nc1cccc2[nH]ncc12)N[C@H]1C[C@H](c2ccccc2)C1,"InChI=1S/C18H18N4O/c23-18(21-16-7-4-8-17-15(16)11-19-22-17)20-14-9-13(10-14)12-5-2-1-3-6-12/h1-8,11,13-14H,9-10H2,(H,19,22)(H2,20,21,23)/t13-,14-"
366,CHEMBL401616,Cc1oc(-c2ccccc2)nc1CCCC[C@H]1CO[C@@](C)(C(=O)O)OC1,"InChI=1S/C20H25NO5/c1-14-17(21-18(26-14)16-9-4-3-5-10-16)11-7-6-8-15-12-24-20(2,19(22)23)25-13-15/h3-5,9-10,15H,6-8,11-13H2,1-2H3,(H,22,23)/t15-,20+"
366,CHEMBL401712,Cc1oc(-c2ccccc2)nc1CCCC[C@H]1CO[C@](C)(C(=O)O)OC1,"InChI=1S/C20H25NO5/c1-14-17(21-18(26-14)16-9-4-3-5-10-16)11-7-6-8-15-12-24-20(2,19(22)23)25-13-15/h3-5,9-10,15H,6-8,11-13H2,1-2H3,(H,22,23)/t15-,20-"
367,CHEMBL571212,Cc1nc2ccccc2n1[C@H]1C[C@H]2CC[C@@H](C1)N2CC[C@]1(c2ccccc2)CC[C@@H](NC(=O)c2ccc(Cl)c(S(N)(=O)=O)c2)CC1,"InChI=1S/C36H42ClN5O3S/c1-24-39-32-9-5-6-10-33(32)42(24)30-22-28-12-13-29(23-30)41(28)20-19-36(26-7-3-2-4-8-26)17-15-27(16-18-36)40-35(43)25-11-14-31(37)34(21-25)46(38,44)45/h2-11,14,21,27-30H,12-13,15-20,22-23H2,1H3,(H,40,43)(H2,38,44,45)/t27-,28-,29+,30+,36+"
367,CHEMBL577981,Cc1nc2ccccc2n1[C@H]1C[C@H]2CC[C@@H](C1)N2CC[C@]1(c2ccccc2)CC[C@H](NC(=O)c2ccc(Cl)c(S(N)(=O)=O)c2)CC1,"InChI=1S/C36H42ClN5O3S/c1-24-39-32-9-5-6-10-33(32)42(24)30-22-28-12-13-29(23-30)41(28)20-19-36(26-7-3-2-4-8-26)17-15-27(16-18-36)40-35(43)25-11-14-31(37)34(21-25)46(38,44)45/h2-11,14,21,27-30H,12-13,15-20,22-23H2,1H3,(H,40,43)(H2,38,44,45)/t27-,28-,29+,30+,36-"
368,CHEMBL4279031,Fc1ccc([C@H]2C[C@H](Nc3nc(N[C@H]4C[C@H](c5ccc(F)cc5)C4)nc(-c4cccc(C(F)(F)F)n4)n3)C2)cc1,"InChI=1S/C29H25F5N6/c30-20-8-4-16(5-9-20)18-12-22(13-18)35-27-38-26(24-2-1-3-25(37-24)29(32,33)34)39-28(40-27)36-23-14-19(15-23)17-6-10-21(31)11-7-17/h1-11,18-19,22-23H,12-15H2,(H2,35,36,38,39,40)/t18-,19-,22-,23-"
368,CHEMBL4291957,Fc1ccc([C@H]2C[C@@H](Nc3nc(N[C@H]4C[C@@H](c5ccc(F)cc5)C4)nc(-c4cccc(C(F)(F)F)n4)n3)C2)cc1,"InChI=1S/C29H25F5N6/c30-20-8-4-16(5-9-20)18-12-22(13-18)35-27-38-26(24-2-1-3-25(37-24)29(32,33)34)39-28(40-27)36-23-14-19(15-23)17-6-10-21(31)11-7-17/h1-11,18-19,22-23H,12-15H2,(H2,35,36,38,39,40)/t18-,19-,22+,23+"
369,CHEMBL3639970,CC[C@@H](c1ccccc1)N1CC[C@]2(CC[C@@H](O)CC2)OC1=O,"InChI=1S/C18H25NO3/c1-2-16(14-6-4-3-5-7-14)19-13-12-18(22-17(19)21)10-8-15(20)9-11-18/h3-7,15-16,20H,2,8-13H2,1H3/t15-,16-,18-/m0/s1"
369,CHEMBL3698256,CC[C@@H](c1ccccc1)N1CC[C@]2(CC[C@H](O)CC2)OC1=O,"InChI=1S/C18H25NO3/c1-2-16(14-6-4-3-5-7-14)19-13-12-18(22-17(19)21)10-8-15(20)9-11-18/h3-7,15-16,20H,2,8-13H2,1H3/t15-,16-,18+/m0/s1"
370,CHEMBL3651949,N[C@H]1CCC[C@@H](c2ccncc2NC(=O)c2ccc(F)c([C@H]3CC[C@@H](O)CC3)n2)C1,"InChI=1S/C23H29FN4O2/c24-19-8-9-20(27-22(19)14-4-6-17(29)7-5-14)23(30)28-21-13-26-11-10-18(21)15-2-1-3-16(25)12-15/h8-11,13-17,29H,1-7,12,25H2,(H,28,30)/t14-,15-,16+,17+/m1/s1"
370,CHEMBL3651952,N[C@H]1CCC[C@@H](c2ccncc2NC(=O)c2ccc(F)c([C@H]3CC[C@H](O)CC3)n2)C1,"InChI=1S/C23H29FN4O2/c24-19-8-9-20(27-22(19)14-4-6-17(29)7-5-14)23(30)28-21-13-26-11-10-18(21)15-2-1-3-16(25)12-15/h8-11,13-17,29H,1-7,12,25H2,(H,28,30)/t14-,15-,16+,17-/m1/s1"
371,CHEMBL3093284,O=C(NC1CC1)c1cc2c(s1)-c1ccccc1N(C(=O)[C@H]1C[C@@H](NC(=O)c3cccnc3N3CCCC3)C1)CC2,"InChI=1S/C31H33N5O3S/c37-29(24-7-5-12-32-28(24)35-13-3-4-14-35)34-22-16-20(17-22)31(39)36-15-11-19-18-26(30(38)33-21-9-10-21)40-27(19)23-6-1-2-8-25(23)36/h1-2,5-8,12,18,20-22H,3-4,9-11,13-17H2,(H,33,38)(H,34,37)/t20-,22+"
371,CHEMBL3093285,O=C(NC1CC1)c1cc2c(s1)-c1ccccc1N(C(=O)[C@H]1C[C@H](NC(=O)c3cccnc3N3CCCC3)C1)CC2,"InChI=1S/C31H33N5O3S/c37-29(24-7-5-12-32-28(24)35-13-3-4-14-35)34-22-16-20(17-22)31(39)36-15-11-19-18-26(30(38)33-21-9-10-21)40-27(19)23-6-1-2-8-25(23)36/h1-2,5-8,12,18,20-22H,3-4,9-11,13-17H2,(H,33,38)(H,34,37)/t20-,22-"
372,CHEMBL3698177,C[C@@H](c1ccc(Br)cc1)N1CC[C@]2(CC[C@@](C)(O)CC2)OC1=O,"InChI=1S/C18H24BrNO3/c1-13(14-3-5-15(19)6-4-14)20-12-11-18(23-16(20)21)9-7-17(2,22)8-10-18/h3-6,13,22H,7-12H2,1-2H3/t13-,17-,18-/m0/s1"
372,CHEMBL3698235,C[C@@H](c1ccc(Br)cc1)N1CC[C@]2(CC[C@](C)(O)CC2)OC1=O,"InChI=1S/C18H24BrNO3/c1-13(14-3-5-15(19)6-4-14)20-12-11-18(23-16(20)21)9-7-17(2,22)8-10-18/h3-6,13,22H,7-12H2,1-2H3/t13-,17-,18+/m0/s1"
373,CHEMBL3216674,Cc1ccc2nc(/C=C/c3ccc(Cl)cc3)nc(N[C@H]3CC[C@H](N)CC3)c2c1.Cl.Cl.Cl,"InChI=1S/C23H25ClN4.3ClH/c1-15-2-12-21-20(14-15)23(26-19-10-8-18(25)9-11-19)28-22(27-21)13-5-16-3-6-17(24)7-4-16;;;/h2-7,12-14,18-19H,8-11,25H2,1H3,(H,26,27,28);3*1H/b13-5+;;;/t18-,19-;;;"
373,CHEMBL3217120,Cc1ccc2nc(/C=C/c3ccc(Cl)cc3)nc(N[C@H]3CC[C@@H](N)CC3)c2c1.Cl.Cl.Cl,"InChI=1S/C23H25ClN4.3ClH/c1-15-2-12-21-20(14-15)23(26-19-10-8-18(25)9-11-19)28-22(27-21)13-5-16-3-6-17(24)7-4-16;;;/h2-7,12-14,18-19H,8-11,25H2,1H3,(H,26,27,28);3*1H/b13-5+;;;/t18-,19+;;;"
374,CHEMBL3759520,COc1cccc(CNC(=O)c2cc(-c3nnn(C[C@H]4CC[C@H](CO)CC4)n3)cc(C)n2)c1,"InChI=1S/C24H30N6O3/c1-16-10-20(23-27-29-30(28-23)14-17-6-8-18(15-31)9-7-17)12-22(26-16)24(32)25-13-19-4-3-5-21(11-19)33-2/h3-5,10-12,17-18,31H,6-9,13-15H2,1-2H3,(H,25,32)/t17-,18-"
374,CHEMBL3759716,COc1cccc(CNC(=O)c2cc(-c3nnn(C[C@H]4CC[C@@H](CO)CC4)n3)cc(C)n2)c1,"InChI=1S/C24H30N6O3/c1-16-10-20(23-27-29-30(28-23)14-17-6-8-18(15-31)9-7-17)12-22(26-16)24(32)25-13-19-4-3-5-21(11-19)33-2/h3-5,10-12,17-18,31H,6-9,13-15H2,1-2H3,(H,25,32)/t17-,18+"
375,CHEMBL4203527,Nc1ncnc2c1c(-c1ccc(Oc3ccccc3)cc1)cn2[C@H]1CC[C@@H](N[C@H](CO)C(=O)O)CC1,"InChI=1S/C27H29N5O4/c28-25-24-22(17-6-12-21(13-7-17)36-20-4-2-1-3-5-20)14-32(26(24)30-16-29-25)19-10-8-18(9-11-19)31-23(15-33)27(34)35/h1-7,12-14,16,18-19,23,31,33H,8-11,15H2,(H,34,35)(H2,28,29,30)/t18-,19+,23-/m1/s1"
375,CHEMBL4215201,Nc1ncnc2c1c(-c1ccc(Oc3ccccc3)cc1)cn2[C@H]1CC[C@H](N[C@H](CO)C(=O)O)CC1,"InChI=1S/C27H29N5O4/c28-25-24-22(17-6-12-21(13-7-17)36-20-4-2-1-3-5-20)14-32(26(24)30-16-29-25)19-10-8-18(9-11-19)31-23(15-33)27(34)35/h1-7,12-14,16,18-19,23,31,33H,8-11,15H2,(H,34,35)(H2,28,29,30)/t18-,19-,23-/m1/s1"
376,CHEMBL3085814,CC(C)(C)OC(=O)N[C@H]1CC[C@@H](CCN2CCc3ccccc3C2)CC1,"InChI=1S/C22H34N2O2/c1-22(2,3)26-21(25)23-20-10-8-17(9-11-20)12-14-24-15-13-18-6-4-5-7-19(18)16-24/h4-7,17,20H,8-16H2,1-3H3,(H,23,25)/t17-,20+"
376,CHEMBL3088209,CC(C)(C)OC(=O)N[C@H]1CC[C@H](CCN2CCc3ccccc3C2)CC1,"InChI=1S/C22H34N2O2/c1-22(2,3)26-21(25)23-20-10-8-17(9-11-20)12-14-24-15-13-18-6-4-5-7-19(18)16-24/h4-7,17,20H,8-16H2,1-3H3,(H,23,25)/t17-,20-"
377,CHEMBL3933949,O=C([C@H]1CC[C@H](O)CC1)N1CC[C@](c2ccc(C(F)(C(F)(F)F)C(F)(F)F)cc2)(S(=O)(=O)c2ccc(F)cc2)C1,"InChI=1S/C26H25F8NO4S/c27-19-7-11-21(12-8-19)40(38,39)23(13-14-35(15-23)22(37)16-1-9-20(36)10-2-16)17-3-5-18(6-4-17)24(28,25(29,30)31)26(32,33)34/h3-8,11-12,16,20,36H,1-2,9-10,13-15H2/t16-,20-,23-/m0/s1"
377,CHEMBL3961438,O=C([C@H]1CC[C@@H](O)CC1)N1CC[C@](c2ccc(C(F)(C(F)(F)F)C(F)(F)F)cc2)(S(=O)(=O)c2ccc(F)cc2)C1,"InChI=1S/C26H25F8NO4S/c27-19-7-11-21(12-8-19)40(38,39)23(13-14-35(15-23)22(37)16-1-9-20(36)10-2-16)17-3-5-18(6-4-17)24(28,25(29,30)31)26(32,33)34/h3-8,11-12,16,20,36H,1-2,9-10,13-15H2/t16-,20+,23-/m0/s1"
378,CHEMBL4112672,Nc1ncc([C@H]2CC[C@@H](O)CC2)nc1-c1ccc(C(=O)N[C@H](CO)c2cccc(I)c2)c(F)c1,"InChI=1S/C25H26FIN4O3/c26-20-11-16(23-24(28)29-12-21(30-23)14-4-7-18(33)8-5-14)6-9-19(20)25(34)31-22(13-32)15-2-1-3-17(27)10-15/h1-3,6,9-12,14,18,22,32-33H,4-5,7-8,13H2,(H2,28,29)(H,31,34)/t14-,18+,22-/m1/s1"
378,CHEMBL4114947,Nc1ncc([C@H]2CC[C@H](O)CC2)nc1-c1ccc(C(=O)N[C@H](CO)c2cccc(I)c2)c(F)c1,"InChI=1S/C25H26FIN4O3/c26-20-11-16(23-24(28)29-12-21(30-23)14-4-7-18(33)8-5-14)6-9-19(20)25(34)31-22(13-32)15-2-1-3-17(27)10-15/h1-3,6,9-12,14,18,22,32-33H,4-5,7-8,13H2,(H2,28,29)(H,31,34)/t14-,18-,22-/m1/s1"
379,CHEMBL4205815,C[C@@H](N[C@H]1CC[C@@H](n2cc(-c3ccc(Oc4ccccc4)cc3)c3c(N)ncnc32)CC1)C(=O)O,"InChI=1S/C27H29N5O3/c1-17(27(33)34)31-19-9-11-20(12-10-19)32-15-23(24-25(28)29-16-30-26(24)32)18-7-13-22(14-8-18)35-21-5-3-2-4-6-21/h2-8,13-17,19-20,31H,9-12H2,1H3,(H,33,34)(H2,28,29,30)/t17-,19-,20+/m1/s1"
379,CHEMBL4212500,C[C@@H](N[C@H]1CC[C@H](n2cc(-c3ccc(Oc4ccccc4)cc3)c3c(N)ncnc32)CC1)C(=O)O,"InChI=1S/C27H29N5O3/c1-17(27(33)34)31-19-9-11-20(12-10-19)32-15-23(24-25(28)29-16-30-26(24)32)18-7-13-22(14-8-18)35-21-5-3-2-4-6-21/h2-8,13-17,19-20,31H,9-12H2,1H3,(H,33,34)(H2,28,29,30)/t17-,19-,20-/m1/s1"
380,CHEMBL2030995,CC(=O)N[C@@H](Cc1ccc(F)cc1)[C@H](O)CN[C@H]1C[C@]2(C[C@H](F)C2)Oc2ncc(CC(C)(C)C)cc21,"InChI=1S/C28H37F2N3O3/c1-17(34)33-23(10-18-5-7-20(29)8-6-18)25(35)16-31-24-14-28(12-21(30)13-28)36-26-22(24)9-19(15-32-26)11-27(2,3)4/h5-9,15,21,23-25,31,35H,10-14,16H2,1-4H3,(H,33,34)/t21-,23-,24-,25+,28+/m0/s1"
380,CHEMBL2031144,CC(=O)N[C@@H](Cc1ccc(F)cc1)[C@H](O)CN[C@H]1C[C@]2(C[C@@H](F)C2)Oc2ncc(CC(C)(C)C)cc21,"InChI=1S/C28H37F2N3O3/c1-17(34)33-23(10-18-5-7-20(29)8-6-18)25(35)16-31-24-14-28(12-21(30)13-28)36-26-22(24)9-19(15-32-26)11-27(2,3)4/h5-9,15,21,23-25,31,35H,10-14,16H2,1-4H3,(H,33,34)/t21-,23-,24-,25+,28-/m0/s1"
381,CHEMBL2051747,CO[C@H]1CC[C@@H](NC(=O)N(CCCl)N=O)CC1,"InChI=1S/C10H18ClN3O3/c1-17-9-4-2-8(3-5-9)12-10(15)14(13-16)7-6-11/h8-9H,2-7H2,1H3,(H,12,15)/t8-,9+"
381,CHEMBL2051938,CO[C@H]1CC[C@H](NC(=O)N(CCCl)N=O)CC1,"InChI=1S/C10H18ClN3O3/c1-17-9-4-2-8(3-5-9)12-10(15)14(13-16)7-6-11/h8-9H,2-7H2,1H3,(H,12,15)/t8-,9-"
382,CHEMBL3900038,O=C(O)COC[C@H]1CC[C@@H](COC(=O)N(c2ccccc2)c2ccccc2)CC1,"InChI=1S/C23H27NO5/c25-22(26)17-28-15-18-11-13-19(14-12-18)16-29-23(27)24(20-7-3-1-4-8-20)21-9-5-2-6-10-21/h1-10,18-19H,11-17H2,(H,25,26)/t18-,19+"
382,CHEMBL3952237,O=C(O)COC[C@H]1CC[C@H](COC(=O)N(c2ccccc2)c2ccccc2)CC1,"InChI=1S/C23H27NO5/c25-22(26)17-28-15-18-11-13-19(14-12-18)16-29-23(27)24(20-7-3-1-4-8-20)21-9-5-2-6-10-21/h1-10,18-19H,11-17H2,(H,25,26)/t18-,19-"
383,CHEMBL3639859,N#Cc1cc(-c2ccnc(Nc3cnn([C@H]4CC[C@H](O)CC4)c3)n2)ccc1OC1CCOCC1,"InChI=1S/C25H28N6O3/c26-14-18-13-17(1-6-24(18)34-22-8-11-33-12-9-22)23-7-10-27-25(30-23)29-19-15-28-31(16-19)20-2-4-21(32)5-3-20/h1,6-7,10,13,15-16,20-22,32H,2-5,8-9,11-12H2,(H,27,29,30)/t20-,21-"
383,CHEMBL3682429,N#Cc1cc(-c2ccnc(Nc3cnn([C@H]4CC[C@@H](O)CC4)c3)n2)ccc1OC1CCOCC1,"InChI=1S/C25H28N6O3/c26-14-18-13-17(1-6-24(18)34-22-8-11-33-12-9-22)23-7-10-27-25(30-23)29-19-15-28-31(16-19)20-2-4-21(32)5-3-20/h1,6-7,10,13,15-16,20-22,32H,2-5,8-9,11-12H2,(H,27,29,30)/t20-,21+"
384,CHEMBL3085802,CN(C)C(=O)N[C@H]1CC[C@H](CCN2CCc3ccccc3C2)CC1,"InChI=1S/C20H31N3O/c1-22(2)20(24)21-19-9-7-16(8-10-19)11-13-23-14-12-17-5-3-4-6-18(17)15-23/h3-6,16,19H,7-15H2,1-2H3,(H,21,24)/t16-,19-"
384,CHEMBL3085816,CN(C)C(=O)N[C@H]1CC[C@@H](CCN2CCc3ccccc3C2)CC1,"InChI=1S/C20H31N3O/c1-22(2)20(24)21-19-9-7-16(8-10-19)11-13-23-14-12-17-5-3-4-6-18(17)15-23/h3-6,16,19H,7-15H2,1-2H3,(H,21,24)/t16-,19+"
385,CHEMBL3639730,N[C@H]1CC[C@H](Nc2c(C(=O)C3CC3)cnc3ccc(-c4cc(F)c(O)c(F)c4)cc23)CC1,"InChI=1S/C25H25F2N3O2/c26-20-10-15(11-21(27)25(20)32)14-3-8-22-18(9-14)23(30-17-6-4-16(28)5-7-17)19(12-29-22)24(31)13-1-2-13/h3,8-13,16-17,32H,1-2,4-7,28H2,(H,29,30)/t16-,17-"
385,CHEMBL3674167,N[C@H]1CC[C@@H](Nc2c(C(=O)C3CC3)cnc3ccc(-c4cc(F)c(O)c(F)c4)cc23)CC1,"InChI=1S/C25H25F2N3O2/c26-20-10-15(11-21(27)25(20)32)14-3-8-22-18(9-14)23(30-17-6-4-16(28)5-7-17)19(12-29-22)24(31)13-1-2-13/h3,8-13,16-17,32H,1-2,4-7,28H2,(H,29,30)/t16-,17+"
386,CHEMBL3640039,CC(C)(C)OC(=O)N[C@H]1CC[C@@H](NC(=O)NCc2cn(-c3ccccc3)c3cc(Cl)ccc3c2=O)CC1,"InChI=1S/C28H33ClN4O4/c1-28(2,3)37-27(36)32-21-12-10-20(11-13-21)31-26(35)30-16-18-17-33(22-7-5-4-6-8-22)24-15-19(29)9-14-23(24)25(18)34/h4-9,14-15,17,20-21H,10-13,16H2,1-3H3,(H,32,36)(H2,30,31,35)/t20-,21+"
386,CHEMBL3640040,CC(C)(C)OC(=O)N[C@H]1CC[C@H](NC(=O)NCc2cn(-c3ccccc3)c3cc(Cl)ccc3c2=O)CC1,"InChI=1S/C28H33ClN4O4/c1-28(2,3)37-27(36)32-21-12-10-20(11-13-21)31-26(35)30-16-18-17-33(22-7-5-4-6-8-22)24-15-19(29)9-14-23(24)25(18)34/h4-9,14-15,17,20-21H,10-13,16H2,1-3H3,(H,32,36)(H2,30,31,35)/t20-,21-"
387,CHEMBL3908901,COc1ccc([C@H](NC(=O)c2cc(F)c3cnc(N[C@H]4C[C@@H](F)C4)nc3c2)c2cnn(OC)c2)cc1F,"InChI=1S/C25H23F3N6O3/c1-36-22-4-3-13(5-20(22)28)23(15-10-30-34(12-15)37-2)33-24(35)14-6-19(27)18-11-29-25(32-21(18)7-14)31-17-8-16(26)9-17/h3-7,10-12,16-17,23H,8-9H2,1-2H3,(H,33,35)(H,29,31,32)/t16-,17+,23-/m0/s1"
387,CHEMBL3940403,COc1ccc([C@H](NC(=O)c2cc(F)c3cnc(N[C@H]4C[C@H](F)C4)nc3c2)c2cnn(OC)c2)cc1F,"InChI=1S/C25H23F3N6O3/c1-36-22-4-3-13(5-20(22)28)23(15-10-30-34(12-15)37-2)33-24(35)14-6-19(27)18-11-29-25(32-21(18)7-14)31-17-8-16(26)9-17/h3-7,10-12,16-17,23H,8-9H2,1-2H3,(H,33,35)(H,29,31,32)/t16-,17-,23-/m0/s1"
388,CHEMBL87928,CCO[C@@H](Cc1ccc(OC/C=C(\c2ccccc2)c2ccc(-c3ccco3)cc2)cc1)C(=O)O,"InChI=1S/C30H28O5/c1-2-33-29(30(31)32)21-22-10-16-26(17-11-22)34-20-18-27(23-7-4-3-5-8-23)24-12-14-25(15-13-24)28-9-6-19-35-28/h3-19,29H,2,20-21H2,1H3,(H,31,32)/b27-18+/t29-/m0/s1"
388,CHEMBL89996,CCO[C@@H](Cc1ccc(OC/C=C(/c2ccccc2)c2ccc(-c3ccco3)cc2)cc1)C(=O)O,"InChI=1S/C30H28O5/c1-2-33-29(30(31)32)21-22-10-16-26(17-11-22)34-20-18-27(23-7-4-3-5-8-23)24-12-14-25(15-13-24)28-9-6-19-35-28/h3-19,29H,2,20-21H2,1H3,(H,31,32)/b27-18-/t29-/m0/s1"
389,CHEMBL2114077,COc1ccc(CCN(C)[C@H]2CC[C@](C#N)(c3ccc(OC)c(OC)c3)CC2)cc1OC,"InChI=1S/C26H34N2O4/c1-28(15-12-19-6-8-22(29-2)24(16-19)31-4)21-10-13-26(18-27,14-11-21)20-7-9-23(30-3)25(17-20)32-5/h6-9,16-17,21H,10-15H2,1-5H3/t21-,26-"
389,CHEMBL2115129,COc1ccc(CCN(C)[C@H]2CC[C@@](C#N)(c3ccc(OC)c(OC)c3)CC2)cc1OC,"InChI=1S/C26H34N2O4/c1-28(15-12-19-6-8-22(29-2)24(16-19)31-4)21-10-13-26(18-27,14-11-21)20-7-9-23(30-3)25(17-20)32-5/h6-9,16-17,21H,10-15H2,1-5H3/t21-,26+"
390,CHEMBL3342770,O=C(O)[C@H]1CC[C@@H](OC2CCN(c3ccc(-c4nc5cc(F)ccc5[nH]4)cn3)CC2)CC1,"InChI=1S/C24H27FN4O3/c25-17-4-7-20-21(13-17)28-23(27-20)16-3-8-22(26-14-16)29-11-9-19(10-12-29)32-18-5-1-15(2-6-18)24(30)31/h3-4,7-8,13-15,18-19H,1-2,5-6,9-12H2,(H,27,28)(H,30,31)/t15-,18+"
390,CHEMBL3342771,O=C(O)[C@H]1CC[C@H](OC2CCN(c3ccc(-c4nc5cc(F)ccc5[nH]4)cn3)CC2)CC1,"InChI=1S/C24H27FN4O3/c25-17-4-7-20-21(13-17)28-23(27-20)16-3-8-22(26-14-16)29-11-9-19(10-12-29)32-18-5-1-15(2-6-18)24(30)31/h3-4,7-8,13-15,18-19H,1-2,5-6,9-12H2,(H,27,28)(H,30,31)/t15-,18-"
391,CHEMBL260298,Nc1nccn2c1c(-c1ccc3ccc(-c4ccccc4)nc3c1)nc2[C@H]1C[C@H](CN2CCC2)C1,"InChI=1S/C29H28N6/c30-28-27-26(22-8-7-21-9-10-24(32-25(21)17-22)20-5-2-1-3-6-20)33-29(35(27)14-11-31-28)23-15-19(16-23)18-34-12-4-13-34/h1-3,5-11,14,17,19,23H,4,12-13,15-16,18H2,(H2,30,31)/t19-,23-"
391,CHEMBL410659,Nc1nccn2c1c(-c1ccc3ccc(-c4ccccc4)nc3c1)nc2[C@H]1C[C@@H](CN2CCC2)C1,"InChI=1S/C29H28N6/c30-28-27-26(22-8-7-21-9-10-24(32-25(21)17-22)20-5-2-1-3-6-20)33-29(35(27)14-11-31-28)23-15-19(16-23)18-34-12-4-13-34/h1-3,5-11,14,17,19,23H,4,12-13,15-16,18H2,(H2,30,31)/t19-,23+"
392,CHEMBL337155,N[C@]1(C(=O)O)C[C@H](CCP(=O)(O)O)C1,"InChI=1S/C7H14NO5P/c8-7(6(9)10)3-5(4-7)1-2-14(11,12)13/h5H,1-4,8H2,(H,9,10)(H2,11,12,13)/t5-,7+"
392,CHEMBL343331,N[C@]1(C(=O)O)C[C@@H](CCP(=O)(O)O)C1,"InChI=1S/C7H14NO5P/c8-7(6(9)10)3-5(4-7)1-2-14(11,12)13/h5H,1-4,8H2,(H,9,10)(H2,11,12,13)/t5-,7-"
393,CHEMBL486,CC/C(=C(\c1ccccc1)c1ccc(OCCN(C)C)cc1)c1cccc(O)c1,"InChI=1S/C26H29NO2/c1-4-25(22-11-8-12-23(28)19-22)26(20-9-6-5-7-10-20)21-13-15-24(16-14-21)29-18-17-27(2)3/h5-16,19,28H,4,17-18H2,1-3H3/b26-25-"
393,CHEMBL9748,CC/C(=C(/c1ccccc1)c1ccc(OCCN(C)C)cc1)c1cccc(O)c1,"InChI=1S/C26H29NO2/c1-4-25(22-11-8-12-23(28)19-22)26(20-9-6-5-7-10-20)21-13-15-24(16-14-21)29-18-17-27(2)3/h5-16,19,28H,4,17-18H2,1-3H3/b26-25+"
394,CHEMBL3672811,Cn1c(O[C@H]2CC[C@H](c3ccc(CO)cc3)CC2)nc(-c2ccncn2)cc1=O,"InChI=1S/C22H24N4O3/c1-26-21(28)12-20(19-10-11-23-14-24-19)25-22(26)29-18-8-6-17(7-9-18)16-4-2-15(13-27)3-5-16/h2-5,10-12,14,17-18,27H,6-9,13H2,1H3/t17-,18-"
394,CHEMBL3672812,Cn1c(O[C@H]2CC[C@@H](c3ccc(CO)cc3)CC2)nc(-c2ccncn2)cc1=O,"InChI=1S/C22H24N4O3/c1-26-21(28)12-20(19-10-11-23-14-24-19)25-22(26)29-18-8-6-17(7-9-18)16-4-2-15(13-27)3-5-16/h2-5,10-12,14,17-18,27H,6-9,13H2,1H3/t17-,18+"
395,CHEMBL354163,CC(C)(C)[C@H]1CC[C@H](N2CCC3(CC2)C(=O)NCN3c2ccccc2)CC1,"InChI=1S/C23H35N3O/c1-22(2,3)18-9-11-19(12-10-18)25-15-13-23(14-16-25)21(27)24-17-26(23)20-7-5-4-6-8-20/h4-8,18-19H,9-17H2,1-3H3,(H,24,27)/t18-,19-"
395,CHEMBL436243,CC(C)(C)[C@H]1CC[C@@H](N2CCC3(CC2)C(=O)NCN3c2ccccc2)CC1,"InChI=1S/C23H35N3O/c1-22(2,3)18-9-11-19(12-10-18)25-15-13-23(14-16-25)21(27)24-17-26(23)20-7-5-4-6-8-20/h4-8,18-19H,9-17H2,1-3H3,(H,24,27)/t18-,19+"
396,CHEMBL1824230,CN(C)[C@H]1CC[C@@H](c2ccc(OCCCN3CCCCC3)cc2)CC1,"InChI=1S/C22H36N2O/c1-23(2)21-11-7-19(8-12-21)20-9-13-22(14-10-20)25-18-6-17-24-15-4-3-5-16-24/h9-10,13-14,19,21H,3-8,11-12,15-18H2,1-2H3/t19-,21+"
396,CHEMBL1824231,CN(C)[C@H]1CC[C@H](c2ccc(OCCCN3CCCCC3)cc2)CC1,"InChI=1S/C22H36N2O/c1-23(2)21-11-7-19(8-12-21)20-9-13-22(14-10-20)25-18-6-17-24-15-4-3-5-16-24/h9-10,13-14,19,21H,3-8,11-12,15-18H2,1-2H3/t19-,21-"
397,CHEMBL104074,COc1cc2ncc(N[C@H]3CC[C@@H](O)CC3)nc2cc1OC,"InChI=1S/C16H21N3O3/c1-21-14-7-12-13(8-15(14)22-2)19-16(9-17-12)18-10-3-5-11(20)6-4-10/h7-11,20H,3-6H2,1-2H3,(H,18,19)/t10-,11+"
397,CHEMBL104466,COc1cc2ncc(N[C@H]3CC[C@H](O)CC3)nc2cc1OC,"InChI=1S/C16H21N3O3/c1-21-14-7-12-13(8-15(14)22-2)19-16(9-17-12)18-10-3-5-11(20)6-4-10/h7-11,20H,3-6H2,1-2H3,(H,18,19)/t10-,11-"
398,CHEMBL3732962,Nc1ncc(-c2cc([C@H]3C[C@@H](N4CCOCC4)C3)nc(N3CCC(F)(F)C3)n2)cc1OC(F)F,"InChI=1S/C22H26F4N6O2/c23-20(24)34-18-9-14(11-28-19(18)27)17-10-16(13-7-15(8-13)31-3-5-33-6-4-31)29-21(30-17)32-2-1-22(25,26)12-32/h9-11,13,15,20H,1-8,12H2,(H2,27,28)/t13-,15+"
398,CHEMBL3733185,Nc1ncc(-c2cc([C@H]3C[C@H](N4CCOCC4)C3)nc(N3CCC(F)(F)C3)n2)cc1OC(F)F,"InChI=1S/C22H26F4N6O2/c23-20(24)34-18-9-14(11-28-19(18)27)17-10-16(13-7-15(8-13)31-3-5-33-6-4-31)29-21(30-17)32-2-1-22(25,26)12-32/h9-11,13,15,20H,1-8,12H2,(H2,27,28)/t13-,15-"
399,CHEMBL3698218,O=C1O[C@]2(CCN1C1(c3ccc(Br)cc3)CC1)CC[C@@H](O)CC2,"InChI=1S/C18H22BrNO3/c19-14-3-1-13(2-4-14)18(9-10-18)20-12-11-17(23-16(20)22)7-5-15(21)6-8-17/h1-4,15,21H,5-12H2/t15-,17-"
399,CHEMBL3698255,O=C1O[C@]2(CCN1C1(c3ccc(Br)cc3)CC1)CC[C@H](O)CC2,"InChI=1S/C18H22BrNO3/c19-14-3-1-13(2-4-14)18(9-10-18)20-12-11-17(23-16(20)22)7-5-15(21)6-8-17/h1-4,15,21H,5-12H2/t15-,17+"
400,CHEMBL266562,O[C@H]1CC[C@@](c2ccccc2)(N2CCCCC2)CC1,"InChI=1S/C17H25NO/c19-16-9-11-17(12-10-16,15-7-3-1-4-8-15)18-13-5-2-6-14-18/h1,3-4,7-8,16,19H,2,5-6,9-14H2/t16-,17+"
400,CHEMBL273446,O[C@H]1CC[C@](c2ccccc2)(N2CCCCC2)CC1,"InChI=1S/C17H25NO/c19-16-9-11-17(12-10-16,15-7-3-1-4-8-15)18-13-5-2-6-14-18/h1,3-4,7-8,16,19H,2,5-6,9-14H2/t16-,17-"
401,CHEMBL2169999,O=C(c1nc2c(C(F)(F)F)cc(-c3ccoc3)cn2c1Cl)N1CCN([C@H]2CC[C@@H](O)CC2)C(=O)C1,"InChI=1S/C23H22ClF3N4O4/c24-20-19(22(34)29-6-7-30(18(33)11-29)15-1-3-16(32)4-2-15)28-21-17(23(25,26)27)9-14(10-31(20)21)13-5-8-35-12-13/h5,8-10,12,15-16,32H,1-4,6-7,11H2/t15-,16+"
401,CHEMBL2170000,O=C(c1nc2c(C(F)(F)F)cc(-c3ccoc3)cn2c1Cl)N1CCN([C@H]2CC[C@H](O)CC2)C(=O)C1,"InChI=1S/C23H22ClF3N4O4/c24-20-19(22(34)29-6-7-30(18(33)11-29)15-1-3-16(32)4-2-15)28-21-17(23(25,26)27)9-14(10-31(20)21)13-5-8-35-12-13/h5,8-10,12,15-16,32H,1-4,6-7,11H2/t15-,16-"
402,CHEMBL3689204,N[C@H]1CC[C@@H](Nc2cnc3ccc(C#CCNC(=O)c4cncn(Cc5ccc(F)c(F)c5)c4=O)cc3n2)CC1,"InChI=1S/C29H27F2N7O2/c30-23-9-3-19(12-24(23)31)16-38-17-33-14-22(29(38)40)28(39)34-11-1-2-18-4-10-25-26(13-18)37-27(15-35-25)36-21-7-5-20(32)6-8-21/h3-4,9-10,12-15,17,20-21H,5-8,11,16,32H2,(H,34,39)(H,36,37)/t20-,21+"
402,CHEMBL3689205,N[C@H]1CC[C@H](Nc2cnc3ccc(C#CCNC(=O)c4cncn(Cc5ccc(F)c(F)c5)c4=O)cc3n2)CC1,"InChI=1S/C29H27F2N7O2/c30-23-9-3-19(12-24(23)31)16-38-17-33-14-22(29(38)40)28(39)34-11-1-2-18-4-10-25-26(13-18)37-27(15-35-25)36-21-7-5-20(32)6-8-21/h3-4,9-10,12-15,17,20-21H,5-8,11,16,32H2,(H,34,39)(H,36,37)/t20-,21-"
403,CHEMBL1644028,N#C[S-].[Na+],InChI=1S/CHNS.Na/c2-1-3;/h3H;/q;+1/p-1
403,CHEMBL2207072,[N-]=C=S.[Na+],InChI=1S/CNS.Na/c2-1-3;/q-1;+1
404,CHEMBL221265,O=S(=O)(O)c1ccc(-c2c3nc(c(-c4ccc(S(=O)(=O)O)cc4)c4ccc([nH]4)c(-c4ccc(S(=O)(=O)O)cc4)c4nc(c(-c5ccc(S(=O)(=O)O)cc5)c5ccc2[nH]5)C=C4)C=C3)cc1,"InChI=1S/C44H30N4O12S4/c49-61(50,51)29-9-1-25(2-10-29)41-33-17-19-35(45-33)42(26-3-11-30(12-4-26)62(52,53)54)37-21-23-39(47-37)44(28-7-15-32(16-8-28)64(58,59)60)40-24-22-38(48-40)43(36-20-18-34(41)46-36)27-5-13-31(14-6-27)63(55,56)57/h1-24,45,48H,(H,49,50,51)(H,52,53,54)(H,55,56,57)(H,58,59,60)/b41-33-,41-34-,42-35-,42-37-,43-36-,43-38-,44-39-,44-40-"
404,CHEMBL2369102,O=S(=O)(O)c1ccc(-c2c3nc(c(-c4ccc(S(=O)(=O)O)cc4)c4ccc([nH]4)c(-c4ccc(S(=O)(=O)O)cc4)c4nc(c(-c5ccc(S(=O)(=O)O)cc5)c5ccc2[nH]5)C=C4)C=C3)cc1,"InChI=1S/C44H30N4O12S4/c49-61(50,51)29-9-1-25(2-10-29)41-33-17-19-35(45-33)42(26-3-11-30(12-4-26)62(52,53)54)37-21-23-39(47-37)44(28-7-15-32(16-8-28)64(58,59)60)40-24-22-38(48-40)43(36-20-18-34(41)46-36)27-5-13-31(14-6-27)63(55,56)57/h1-24,45,48H,(H,49,50,51)(H,52,53,54)(H,55,56,57)(H,58,59,60)/b41-33-,41-34-,42-35?,42-37+,43-36?,43-38-,44-39+,44-40-"
405,CHEMBL3694618,C[C@@H](c1ccc(Br)cc1)N1CC[C@]2(CC[C@H](O)CC2)OC1=O,"InChI=1S/C17H22BrNO3/c1-12(13-2-4-14(18)5-3-13)19-11-10-17(22-16(19)21)8-6-15(20)7-9-17/h2-5,12,15,20H,6-11H2,1H3/t12-,15-,17+/m0/s1"
405,CHEMBL3694627,C[C@@H](c1ccc(Br)cc1)N1CC[C@]2(CC[C@@H](O)CC2)OC1=O,"InChI=1S/C17H22BrNO3/c1-12(13-2-4-14(18)5-3-13)19-11-10-17(22-16(19)21)8-6-15(20)7-9-17/h2-5,12,15,20H,6-11H2,1H3/t12-,15-,17-/m0/s1"
406,CHEMBL3647662,Clc1ccc(N[C@H]2C[C@H](Oc3ncccc3C3CCOCC3)C2)nc1,"InChI=1S/C19H22ClN3O2/c20-14-3-4-18(22-12-14)23-15-10-16(11-15)25-19-17(2-1-7-21-19)13-5-8-24-9-6-13/h1-4,7,12-13,15-16H,5-6,8-11H2,(H,22,23)/t15-,16-"
406,CHEMBL3647670,Clc1ccc(N[C@H]2C[C@@H](Oc3ncccc3C3CCOCC3)C2)nc1,"InChI=1S/C19H22ClN3O2/c20-14-3-4-18(22-12-14)23-15-10-16(11-15)25-19-17(2-1-7-21-19)13-5-8-24-9-6-13/h1-4,7,12-13,15-16H,5-6,8-11H2,(H,22,23)/t15-,16+"
407,CHEMBL16804,CCCNC(=O)O[C@H]1CC[C@@](CNC(=O)c2ccccc2OC)(c2ccccc2)CC1,"InChI=1S/C25H32N2O4/c1-3-17-26-24(29)31-20-13-15-25(16-14-20,19-9-5-4-6-10-19)18-27-23(28)21-11-7-8-12-22(21)30-2/h4-12,20H,3,13-18H2,1-2H3,(H,26,29)(H,27,28)/t20-,25+"
407,CHEMBL279606,CCCNC(=O)O[C@H]1CC[C@](CNC(=O)c2ccccc2OC)(c2ccccc2)CC1,"InChI=1S/C25H32N2O4/c1-3-17-26-24(29)31-20-13-15-25(16-14-20,19-9-5-4-6-10-19)18-27-23(28)21-11-7-8-12-22(21)30-2/h4-12,20H,3,13-18H2,1-2H3,(H,26,29)(H,27,28)/t20-,25-"
408,CHEMBL3690351,O=C(c1ccc(Oc2ncccc2[C@H]2CC[C@@](O)(C(F)(F)F)CC2)cc1)c1nc2ccccc2[nH]1,"InChI=1S/C26H22F3N3O3/c27-26(28,29)25(34)13-11-16(12-14-25)19-4-3-15-30-24(19)35-18-9-7-17(8-10-18)22(33)23-31-20-5-1-2-6-21(20)32-23/h1-10,15-16,34H,11-14H2,(H,31,32)/t16-,25-"
408,CHEMBL3690352,O=C(c1ccc(Oc2ncccc2[C@H]2CC[C@](O)(C(F)(F)F)CC2)cc1)c1nc2ccccc2[nH]1,"InChI=1S/C26H22F3N3O3/c27-26(28,29)25(34)13-11-16(12-14-25)19-4-3-15-30-24(19)35-18-9-7-17(8-10-18)22(33)23-31-20-5-1-2-6-21(20)32-23/h1-10,15-16,34H,11-14H2,(H,31,32)/t16-,25+"
409,CHEMBL3092676,O=C(/C=C/c1ccc(O)c(O)c1)O[C@H]1[C@H](O)C[C@@](O)(C(=O)O)C[C@H]1O,"InChI=1S/C16H18O9/c17-9-3-1-8(5-10(9)18)2-4-13(21)25-14-11(19)6-16(24,15(22)23)7-12(14)20/h1-5,11-12,14,17-20,24H,6-7H2,(H,22,23)/b4-2+/t11-,12-,14-,16-/m1/s1"
409,CHEMBL4203706,O=C(/C=C/c1ccc(O)c(O)c1)O[C@H]1[C@H](O)C[C@](O)(C(=O)O)C[C@H]1O,"InChI=1S/C16H18O9/c17-9-3-1-8(5-10(9)18)2-4-13(21)25-14-11(19)6-16(24,15(22)23)7-12(14)20/h1-5,11-12,14,17-20,24H,6-7H2,(H,22,23)/b4-2+/t11-,12-,14-,16+/m1/s1"
410,CHEMBL3647599,c1cnc(O[C@H]2C[C@@H](Nc3nc4ccccc4[nH]3)C2)c(C2CCOCC2)c1,"InChI=1S/C21H24N4O2/c1-2-6-19-18(5-1)24-21(25-19)23-15-12-16(13-15)27-20-17(4-3-9-22-20)14-7-10-26-11-8-14/h1-6,9,14-16H,7-8,10-13H2,(H2,23,24,25)/t15-,16+"
410,CHEMBL3647600,c1cnc(O[C@H]2C[C@H](Nc3nc4ccccc4[nH]3)C2)c(C2CCOCC2)c1,"InChI=1S/C21H24N4O2/c1-2-6-19-18(5-1)24-21(25-19)23-15-12-16(13-15)27-20-17(4-3-9-22-20)14-7-10-26-11-8-14/h1-6,9,14-16H,7-8,10-13H2,(H2,23,24,25)/t15-,16-"
411,CHEMBL1824238,CN1CCN([C@H]2CC[C@@H](c3ccc(OCCCN4CCCCC4)cc3)CC2)CC1,"InChI=1S/C25H41N3O/c1-26-17-19-28(20-18-26)24-10-6-22(7-11-24)23-8-12-25(13-9-23)29-21-5-16-27-14-3-2-4-15-27/h8-9,12-13,22,24H,2-7,10-11,14-21H2,1H3/t22-,24+"
411,CHEMBL1824239,CN1CCN([C@H]2CC[C@H](c3ccc(OCCCN4CCCCC4)cc3)CC2)CC1,"InChI=1S/C25H41N3O/c1-26-17-19-28(20-18-26)24-10-6-22(7-11-24)23-8-12-25(13-9-23)29-21-5-16-27-14-3-2-4-15-27/h8-9,12-13,22,24H,2-7,10-11,14-21H2,1H3/t22-,24-"
412,CHEMBL3357791,c1ccc([C@H]2CC[C@@H](NC3CCc4ccccc4CC3)CC2)cc1,"InChI=1S/C23H29N/c1-2-6-18(7-3-1)21-12-16-23(17-13-21)24-22-14-10-19-8-4-5-9-20(19)11-15-22/h1-9,21-24H,10-17H2/t21-,23+"
412,CHEMBL3357792,c1ccc([C@H]2CC[C@H](NC3CCc4ccccc4CC3)CC2)cc1,"InChI=1S/C23H29N/c1-2-6-18(7-3-1)21-12-16-23(17-13-21)24-22-14-10-19-8-4-5-9-20(19)11-15-22/h1-9,21-24H,10-17H2/t21-,23-"
413,CHEMBL240618,C=C(c1ccccc1)[C@H]1OC[C@@H](N)CO1,"InChI=1S/C12H15NO2/c1-9(10-5-3-2-4-6-10)12-14-7-11(13)8-15-12/h2-6,11-12H,1,7-8,13H2/t11-,12+"
413,CHEMBL245415,C=C(c1ccccc1)[C@H]1OC[C@H](N)CO1,"InChI=1S/C12H15NO2/c1-9(10-5-3-2-4-6-10)12-14-7-11(13)8-15-12/h2-6,11-12H,1,7-8,13H2/t11-,12-"
414,CHEMBL3397518,COc1c(C)cc(-c2ccc(F)cc2)cc1C(=O)N[C@H]1CC[C@H](C)CC1,"InChI=1S/C22H26FNO2/c1-14-4-10-19(11-5-14)24-22(25)20-13-17(12-15(2)21(20)26-3)16-6-8-18(23)9-7-16/h6-9,12-14,19H,4-5,10-11H2,1-3H3,(H,24,25)/t14-,19-"
414,CHEMBL3397519,COc1c(C)cc(-c2ccc(F)cc2)cc1C(=O)N[C@H]1CC[C@@H](C)CC1,"InChI=1S/C22H26FNO2/c1-14-4-10-19(11-5-14)24-22(25)20-13-17(12-15(2)21(20)26-3)16-6-8-18(23)9-7-16/h6-9,12-14,19H,4-5,10-11H2,1-3H3,(H,24,25)/t14-,19+"
415,CHEMBL3353440,C[C@H]1CC[C@H](NC(=O)c2cc3cc(Br)cnc3n(Cc3ccc(F)cc3)c2=O)CC1,"InChI=1S/C23H23BrFN3O2/c1-14-2-8-19(9-3-14)27-22(29)20-11-16-10-17(24)12-26-21(16)28(23(20)30)13-15-4-6-18(25)7-5-15/h4-7,10-12,14,19H,2-3,8-9,13H2,1H3,(H,27,29)/t14-,19-"
415,CHEMBL3353441,C[C@H]1CC[C@@H](NC(=O)c2cc3cc(Br)cnc3n(Cc3ccc(F)cc3)c2=O)CC1,"InChI=1S/C23H23BrFN3O2/c1-14-2-8-19(9-3-14)27-22(29)20-11-16-10-17(24)12-26-21(16)28(23(20)30)13-15-4-6-18(25)7-5-15/h4-7,10-12,14,19H,2-3,8-9,13H2,1H3,(H,27,29)/t14-,19+"
416,CHEMBL228333,O=S(=O)(N[C@H]1CC[C@H](N2CCC(c3ccccc3OC3CC3)CC2)CC1)c1ccc2c(c1)OCO2,"InChI=1S/C27H34N2O5S/c30-35(31,23-11-12-26-27(17-23)33-18-32-26)28-20-5-7-21(8-6-20)29-15-13-19(14-16-29)24-3-1-2-4-25(24)34-22-9-10-22/h1-4,11-12,17,19-22,28H,5-10,13-16,18H2/t20-,21-"
416,CHEMBL389104,O=S(=O)(N[C@H]1CC[C@@H](N2CCC(c3ccccc3OC3CC3)CC2)CC1)c1ccc2c(c1)OCO2,"InChI=1S/C27H34N2O5S/c30-35(31,23-11-12-26-27(17-23)33-18-32-26)28-20-5-7-21(8-6-20)29-15-13-19(14-16-29)24-3-1-2-4-25(24)34-22-9-10-22/h1-4,11-12,17,19-22,28H,5-10,13-16,18H2/t20-,21+"
417,CHEMBL166387,CC(C)[C@H]1CC[C@@H](N2CCC3(CC2)C(=O)NCN3c2ccccc2)CC1,"InChI=1S/C22H33N3O/c1-17(2)18-8-10-19(11-9-18)24-14-12-22(13-15-24)21(26)23-16-25(22)20-6-4-3-5-7-20/h3-7,17-19H,8-16H2,1-2H3,(H,23,26)/t18-,19+"
417,CHEMBL168578,CC(C)[C@H]1CC[C@H](N2CCC3(CC2)C(=O)NCN3c2ccccc2)CC1,"InChI=1S/C22H33N3O/c1-17(2)18-8-10-19(11-9-18)24-14-12-22(13-15-24)21(26)23-16-25(22)20-6-4-3-5-7-20/h3-7,17-19H,8-16H2,1-2H3,(H,23,26)/t18-,19-"
418,CHEMBL2325186,N[C@H]1CC[C@@H](CCNC(=O)Nc2ccc3nnsc3c2)CC1,"InChI=1S/C15H21N5OS/c16-11-3-1-10(2-4-11)7-8-17-15(21)18-12-5-6-13-14(9-12)22-20-19-13/h5-6,9-11H,1-4,7-8,16H2,(H2,17,18,21)/t10-,11+"
418,CHEMBL2325187,N[C@H]1CC[C@H](CCNC(=O)Nc2ccc3nnsc3c2)CC1,"InChI=1S/C15H21N5OS/c16-11-3-1-10(2-4-11)7-8-17-15(21)18-12-5-6-13-14(9-12)22-20-19-13/h5-6,9-11H,1-4,7-8,16H2,(H2,17,18,21)/t10-,11-"
419,CHEMBL238984,O=C(N[C@H]1CO[C@@H](c2ccc(Cl)cc2)OC1)c1ccccc1,"InChI=1S/C17H16ClNO3/c18-14-8-6-13(7-9-14)17-21-10-15(11-22-17)19-16(20)12-4-2-1-3-5-12/h1-9,15,17H,10-11H2,(H,19,20)/t15-,17+"
419,CHEMBL394378,O=C(N[C@H]1CO[C@H](c2ccc(Cl)cc2)OC1)c1ccccc1,"InChI=1S/C17H16ClNO3/c18-14-8-6-13(7-9-14)17-21-10-15(11-22-17)19-16(20)12-4-2-1-3-5-12/h1-9,15,17H,10-11H2,(H,19,20)/t15-,17-"
420,CHEMBL3355778,NC(=O)[C@@H]1CC(=O)N[C@H]2CC[C@H](CC2)C[C@@H](NC(=O)[C@@H](N)Cc2ccc(O)cc2)C(=O)N[C@@H](Cc2ccccc2)C(=O)N[C@@H](Cc2ccccc2)C(=O)N1,"InChI=1S/C40H49N7O7/c41-30(19-26-13-17-29(48)18-14-26)37(51)45-32-22-27-11-15-28(16-12-27)43-35(49)23-31(36(42)50)44-38(52)33(20-24-7-3-1-4-8-24)46-40(54)34(47-39(32)53)21-25-9-5-2-6-10-25/h1-10,13-14,17-18,27-28,30-34,48H,11-12,15-16,19-23,41H2,(H2,42,50)(H,43,49)(H,44,52)(H,45,51)(H,46,54)(H,47,53)/t27-,28+,30-,31-,32+,33-,34-/m0/s1"
420,CHEMBL3355779,NC(=O)[C@@H]1CC(=O)N[C@H]2CC[C@@H](CC2)C[C@@H](NC(=O)[C@@H](N)Cc2ccc(O)cc2)C(=O)N[C@@H](Cc2ccccc2)C(=O)N[C@@H](Cc2ccccc2)C(=O)N1,"InChI=1S/C40H49N7O7/c41-30(19-26-13-17-29(48)18-14-26)37(51)45-32-22-27-11-15-28(16-12-27)43-35(49)23-31(36(42)50)44-38(52)33(20-24-7-3-1-4-8-24)46-40(54)34(47-39(32)53)21-25-9-5-2-6-10-25/h1-10,13-14,17-18,27-28,30-34,48H,11-12,15-16,19-23,41H2,(H2,42,50)(H,43,49)(H,44,52)(H,45,51)(H,46,54)(H,47,53)/t27-,28-,30-,31-,32+,33-,34-/m0/s1"
421,CHEMBL3910044,CN1Cc2c(C3=CCN([C@H]4CC[C@H](CC(=O)O)CC4)CC3)[nH]c3nccc(c23)-c2ccccc21,"InChI=1S/C28H32N4O2/c1-31-17-23-26-22(21-4-2-3-5-24(21)31)10-13-29-28(26)30-27(23)19-11-14-32(15-12-19)20-8-6-18(7-9-20)16-25(33)34/h2-5,10-11,13,18,20H,6-9,12,14-17H2,1H3,(H,29,30)(H,33,34)/t18-,20-"
421,CHEMBL3925516,CN1Cc2c(C3=CCN([C@H]4CC[C@@H](CC(=O)O)CC4)CC3)[nH]c3nccc(c23)-c2ccccc21,"InChI=1S/C28H32N4O2/c1-31-17-23-26-22(21-4-2-3-5-24(21)31)10-13-29-28(26)30-27(23)19-11-14-32(15-12-19)20-8-6-18(7-9-20)16-25(33)34/h2-5,10-11,13,18,20H,6-9,12,14-17H2,1H3,(H,29,30)(H,33,34)/t18-,20+"
422,CHEMBL3688339,CC(=O)c1cnc2ccc(-c3cc(Cl)c(O)c(Cl)c3)nc2c1N[C@H]1CC[C@H](CN(C)C)CC1,"InChI=1S/C25H28Cl2N4O2/c1-14(32)18-12-28-22-9-8-21(16-10-19(26)25(33)20(27)11-16)30-24(22)23(18)29-17-6-4-15(5-7-17)13-31(2)3/h8-12,15,17,33H,4-7,13H2,1-3H3,(H,28,29)/t15-,17-"
422,CHEMBL3692820,CC(=O)c1cnc2ccc(-c3cc(Cl)c(O)c(Cl)c3)nc2c1N[C@H]1CC[C@@H](CN(C)C)CC1,"InChI=1S/C25H28Cl2N4O2/c1-14(32)18-12-28-22-9-8-21(16-10-19(26)25(33)20(27)11-16)30-24(22)23(18)29-17-6-4-15(5-7-17)13-31(2)3/h8-12,15,17,33H,4-7,13H2,1-3H3,(H,28,29)/t15-,17+"
423,CHEMBL1951790,COc1ccc([C@]2(O)CC[C@@H](N3CC[C@@H](NC(=O)CNC(=O)c4cccc(C(F)(F)F)c4)C3)CC2)cn1,"InChI=1S/C26H31F3N4O4/c1-37-23-6-5-19(14-30-23)25(36)10-7-21(8-11-25)33-12-9-20(16-33)32-22(34)15-31-24(35)17-3-2-4-18(13-17)26(27,28)29/h2-6,13-14,20-21,36H,7-12,15-16H2,1H3,(H,31,35)(H,32,34)/t20-,21-,25+/m1/s1"
423,CHEMBL1963131,COc1ccc([C@]2(O)CC[C@H](N3CC[C@@H](NC(=O)CNC(=O)c4cccc(C(F)(F)F)c4)C3)CC2)cn1,"InChI=1S/C26H31F3N4O4/c1-37-23-6-5-19(14-30-23)25(36)10-7-21(8-11-25)33-12-9-20(16-33)32-22(34)15-31-24(35)17-3-2-4-18(13-17)26(27,28)29/h2-6,13-14,20-21,36H,7-12,15-16H2,1H3,(H,31,35)(H,32,34)/t20-,21-,25-/m1/s1"
424,CHEMBL4208876,Cc1n[nH]cc1-c1cc2c(s1)C(=O)N[C@]1(CC[C@@](O)(C3CCCCC3)CC1)N2,"InChI=1S/C21H28N4O2S/c1-13-15(12-22-25-13)17-11-16-18(28-17)19(26)24-21(23-16)9-7-20(27,8-10-21)14-5-3-2-4-6-14/h11-12,14,23,27H,2-10H2,1H3,(H,22,25)(H,24,26)/t20-,21-"
424,CHEMBL4209416,Cc1n[nH]cc1-c1cc2c(s1)C(=O)N[C@]1(CC[C@](O)(C3CCCCC3)CC1)N2,"InChI=1S/C21H28N4O2S/c1-13-15(12-22-25-13)17-11-16-18(28-17)19(26)24-21(23-16)9-7-20(27,8-10-21)14-5-3-2-4-6-14/h11-12,14,23,27H,2-10H2,1H3,(H,22,25)(H,24,26)/t20-,21+"
425,CHEMBL3648955,COc1ncc(-c2cc3c(C)nc(N)nc3n([C@H]3CC[C@@H](O)CC3)c2=O)cc1F,"InChI=1S/C20H22FN5O3/c1-10-14-8-15(11-7-16(21)18(29-2)23-9-11)19(28)26(17(14)25-20(22)24-10)12-3-5-13(27)6-4-12/h7-9,12-13,27H,3-6H2,1-2H3,(H2,22,24,25)/t12-,13+"
425,CHEMBL3648966,COc1ncc(-c2cc3c(C)nc(N)nc3n([C@H]3CC[C@H](O)CC3)c2=O)cc1F,"InChI=1S/C20H22FN5O3/c1-10-14-8-15(11-7-16(21)18(29-2)23-9-11)19(28)26(17(14)25-20(22)24-10)12-3-5-13(27)6-4-12/h7-9,12-13,27H,3-6H2,1-2H3,(H2,22,24,25)/t12-,13-"
426,CHEMBL177057,CCn1cnc2c(Nc3cccc(Cl)c3)nc(N[C@H]3CC[C@@H](O)CC3)nc21,"InChI=1S/C19H23ClN6O/c1-2-26-11-21-16-17(22-14-5-3-4-12(20)10-14)24-19(25-18(16)26)23-13-6-8-15(27)9-7-13/h3-5,10-11,13,15,27H,2,6-9H2,1H3,(H2,22,23,24,25)/t13-,15+"
426,CHEMBL177138,CCn1cnc2c(Nc3cccc(Cl)c3)nc(N[C@H]3CC[C@H](O)CC3)nc21,"InChI=1S/C19H23ClN6O/c1-2-26-11-21-16-17(22-14-5-3-4-12(20)10-14)24-19(25-18(16)26)23-13-6-8-15(27)9-7-13/h3-5,10-11,13,15,27H,2,6-9H2,1H3,(H2,22,23,24,25)/t13-,15-"
427,CHEMBL4281191,COc1cc(/C=C/C(=O)O[C@H]2CC[C@H](N(C)CCCCOC(=O)c3cc(OC)c(OC)c(OC)c3)CC2)cc(OC)c1OC,"InChI=1S/C33H45NO10/c1-34(16-8-9-17-43-33(36)23-20-28(39-4)32(42-7)29(21-23)40-5)24-11-13-25(14-12-24)44-30(35)15-10-22-18-26(37-2)31(41-6)27(19-22)38-3/h10,15,18-21,24-25H,8-9,11-14,16-17H2,1-7H3/b15-10+/t24-,25-"
427,CHEMBL4289076,COc1cc(/C=C/C(=O)O[C@H]2CC[C@@H](N(C)CCCCOC(=O)c3cc(OC)c(OC)c(OC)c3)CC2)cc(OC)c1OC,"InChI=1S/C33H45NO10/c1-34(16-8-9-17-43-33(36)23-20-28(39-4)32(42-7)29(21-23)40-5)24-11-13-25(14-12-24)44-30(35)15-10-22-18-26(37-2)31(41-6)27(19-22)38-3/h10,15,18-21,24-25H,8-9,11-14,16-17H2,1-7H3/b15-10+/t24-,25+"
428,CHEMBL4126152,CN[C@H]1CC[C@H](Oc2ccc3cc(NC(=O)c4ccc(OC)c(-c5cccc(OC)c5)c4)c(=O)oc3c2C)CC1,"InChI=1S/C32H34N2O6/c1-19-28(39-24-12-10-23(33-2)11-13-24)14-8-21-18-27(32(36)40-30(19)21)34-31(35)22-9-15-29(38-4)26(17-22)20-6-5-7-25(16-20)37-3/h5-9,14-18,23-24,33H,10-13H2,1-4H3,(H,34,35)/t23-,24-"
428,CHEMBL4127528,CN[C@H]1CC[C@@H](Oc2ccc3cc(NC(=O)c4ccc(OC)c(-c5cccc(OC)c5)c4)c(=O)oc3c2C)CC1,"InChI=1S/C32H34N2O6/c1-19-28(39-24-12-10-23(33-2)11-13-24)14-8-21-18-27(32(36)40-30(19)21)34-31(35)22-9-15-29(38-4)26(17-22)20-6-5-7-25(16-20)37-3/h5-9,14-18,23-24,33H,10-13H2,1-4H3,(H,34,35)/t23-,24+"
429,CHEMBL45177,CN1CCN([C@H]2CC[C@H](n3cc(-c4ccc(Oc5ccccc5)cc4)c4c(N)ncnc43)CC2)CC1,"InChI=1S/C29H34N6O/c1-33-15-17-34(18-16-33)22-9-11-23(12-10-22)35-19-26(27-28(30)31-20-32-29(27)35)21-7-13-25(14-8-21)36-24-5-3-2-4-6-24/h2-8,13-14,19-20,22-23H,9-12,15-18H2,1H3,(H2,30,31,32)/t22-,23-"
429,CHEMBL47203,CN1CCN([C@H]2CC[C@@H](n3cc(-c4ccc(Oc5ccccc5)cc4)c4c(N)ncnc43)CC2)CC1,"InChI=1S/C29H34N6O/c1-33-15-17-34(18-16-33)22-9-11-23(12-10-22)35-19-26(27-28(30)31-20-32-29(27)35)21-7-13-25(14-8-21)36-24-5-3-2-4-6-24/h2-8,13-14,19-20,22-23H,9-12,15-18H2,1H3,(H2,30,31,32)/t22-,23+"
430,CHEMBL1552108,O=C(Nc1ccc(OC(F)(F)F)cc1)N[C@H]1CC[C@@H](Oc2ccc(C(=O)O)cc2)CC1,"InChI=1S/C21H21F3N2O5/c22-21(23,24)31-18-11-5-15(6-12-18)26-20(29)25-14-3-9-17(10-4-14)30-16-7-1-13(2-8-16)19(27)28/h1-2,5-8,11-12,14,17H,3-4,9-10H2,(H,27,28)(H2,25,26,29)/t14-,17+"
430,CHEMBL2397148,O=C(Nc1ccc(OC(F)(F)F)cc1)N[C@H]1CC[C@H](Oc2ccc(C(=O)O)cc2)CC1,"InChI=1S/C21H21F3N2O5/c22-21(23,24)31-18-11-5-15(6-12-18)26-20(29)25-14-3-9-17(10-4-14)30-16-7-1-13(2-8-16)19(27)28/h1-2,5-8,11-12,14,17H,3-4,9-10H2,(H,27,28)(H2,25,26,29)/t14-,17-"
431,CHEMBL3698217,CC[C@@H](c1ccc(C)cc1)N1CC[C@]2(CC[C@@H](O)CC2)OC1=O,"InChI=1S/C19H27NO3/c1-3-17(15-6-4-14(2)5-7-15)20-13-12-19(23-18(20)22)10-8-16(21)9-11-19/h4-7,16-17,21H,3,8-13H2,1-2H3/t16-,17-,19-/m0/s1"
431,CHEMBL3698254,CC[C@@H](c1ccc(C)cc1)N1CC[C@]2(CC[C@H](O)CC2)OC1=O,"InChI=1S/C19H27NO3/c1-3-17(15-6-4-14(2)5-7-15)20-13-12-19(23-18(20)22)10-8-16(21)9-11-19/h4-7,16-17,21H,3,8-13H2,1-2H3/t16-,17-,19+/m0/s1"
432,CHEMBL1818187,CC(C)(C)OC(=O)NC[C@H]1CC[C@H](CNC(=O)c2cc(-c3ccccc3)nc3ccccc23)CC1,"InChI=1S/C29H35N3O3/c1-29(2,3)35-28(34)31-19-21-15-13-20(14-16-21)18-30-27(33)24-17-26(22-9-5-4-6-10-22)32-25-12-8-7-11-23(24)25/h4-12,17,20-21H,13-16,18-19H2,1-3H3,(H,30,33)(H,31,34)/t20-,21-"
432,CHEMBL1818188,CC(C)(C)OC(=O)NC[C@H]1CC[C@@H](CNC(=O)c2cc(-c3ccccc3)nc3ccccc23)CC1,"InChI=1S/C29H35N3O3/c1-29(2,3)35-28(34)31-19-21-15-13-20(14-16-21)18-30-27(33)24-17-26(22-9-5-4-6-10-22)32-25-12-8-7-11-23(24)25/h4-12,17,20-21H,13-16,18-19H2,1-3H3,(H,30,33)(H,31,34)/t20-,21+"
433,CHEMBL4092283,CCCNC(=O)[C@H]1CC[C@H](NC(=O)c2cc3sc(Br)cc3n2Cc2ccc(OC)cc2)CC1,"InChI=1S/C25H30BrN3O3S/c1-3-12-27-24(30)17-6-8-18(9-7-17)28-25(31)21-13-22-20(14-23(26)33-22)29(21)15-16-4-10-19(32-2)11-5-16/h4-5,10-11,13-14,17-18H,3,6-9,12,15H2,1-2H3,(H,27,30)(H,28,31)/t17-,18-"
433,CHEMBL4103721,CCCNC(=O)[C@H]1CC[C@@H](NC(=O)c2cc3sc(Br)cc3n2Cc2ccc(OC)cc2)CC1,"InChI=1S/C25H30BrN3O3S/c1-3-12-27-24(30)17-6-8-18(9-7-17)28-25(31)21-13-22-20(14-23(26)33-22)29(21)15-16-4-10-19(32-2)11-5-16/h4-5,10-11,13-14,17-18H,3,6-9,12,15H2,1-2H3,(H,27,30)(H,28,31)/t17-,18+"
434,CHEMBL3906351,C[C@]1(O)C[C@@H](C#Cc2cncc([C@H]3NC(=O)O[C@@H]3c3cccc(F)c3)c2)C1,"InChI=1S/C21H19FN2O3/c1-21(26)9-14(10-21)6-5-13-7-16(12-23-11-13)18-19(27-20(25)24-18)15-3-2-4-17(22)8-15/h2-4,7-8,11-12,14,18-19,26H,9-10H2,1H3,(H,24,25)/t14-,18-,19-,21+/m1/s1"
434,CHEMBL3978950,C[C@]1(O)C[C@H](C#Cc2cncc([C@H]3NC(=O)O[C@@H]3c3cccc(F)c3)c2)C1,"InChI=1S/C21H19FN2O3/c1-21(26)9-14(10-21)6-5-13-7-16(12-23-11-13)18-19(27-20(25)24-18)15-3-2-4-17(22)8-15/h2-4,7-8,11-12,14,18-19,26H,9-10H2,1H3,(H,24,25)/t14-,18-,19-,21-/m1/s1"
435,CHEMBL2203932,COc1c(NC(=O)[C@H]2CC[C@H](COc3cccc(F)c3F)CC2)c(F)cc2c(=O)c(C(=O)O)cn(C3CC3)c12,"InChI=1S/C28H27F3N2O6/c1-38-26-23(20(30)11-17-24(26)33(16-9-10-16)12-18(25(17)34)28(36)37)32-27(35)15-7-5-14(6-8-15)13-39-21-4-2-3-19(29)22(21)31/h2-4,11-12,14-16H,5-10,13H2,1H3,(H,32,35)(H,36,37)/t14-,15-"
435,CHEMBL2203936,COc1c(NC(=O)[C@H]2CC[C@@H](COc3cccc(F)c3F)CC2)c(F)cc2c(=O)c(C(=O)O)cn(C3CC3)c12,"InChI=1S/C28H27F3N2O6/c1-38-26-23(20(30)11-17-24(26)33(16-9-10-16)12-18(25(17)34)28(36)37)32-27(35)15-7-5-14(6-8-15)13-39-21-4-2-3-19(29)22(21)31/h2-4,11-12,14-16H,5-10,13H2,1H3,(H,32,35)(H,36,37)/t14-,15+"
436,CHEMBL2016739,CN(C(=O)Nc1cnc(-c2ccccc2)cn1)[C@H]1CC[C@]2(CC1)OC(=O)c1ccncc12,"InChI=1S/C24H23N5O3/c1-29(23(31)28-21-15-26-20(14-27-21)16-5-3-2-4-6-16)17-7-10-24(11-8-17)19-13-25-12-9-18(19)22(30)32-24/h2-6,9,12-15,17H,7-8,10-11H2,1H3,(H,27,28,31)/t17-,24+"
436,CHEMBL2016740,CN(C(=O)Nc1cnc(-c2ccccc2)cn1)[C@H]1CC[C@@]2(CC1)OC(=O)c1ccncc12,"InChI=1S/C24H23N5O3/c1-29(23(31)28-21-15-26-20(14-27-21)16-5-3-2-4-6-16)17-7-10-24(11-8-17)19-13-25-12-9-18(19)22(30)32-24/h2-6,9,12-15,17H,7-8,10-11H2,1H3,(H,27,28,31)/t17-,24-"
437,CHEMBL3323120,COc1ccc([C@]2(C#N)CC[C@H](C(=O)O)CC2)cc1OCc1ccccc1,"InChI=1S/C22H23NO4/c1-26-19-8-7-18(13-20(19)27-14-16-5-3-2-4-6-16)22(15-23)11-9-17(10-12-22)21(24)25/h2-8,13,17H,9-12,14H2,1H3,(H,24,25)/t17-,22+"
437,CHEMBL3323123,COc1ccc([C@]2(C#N)CC[C@@H](C(=O)O)CC2)cc1OCc1ccccc1,"InChI=1S/C22H23NO4/c1-26-19-8-7-18(13-20(19)27-14-16-5-3-2-4-6-16)22(15-23)11-9-17(10-12-22)21(24)25/h2-8,13,17H,9-12,14H2,1H3,(H,24,25)/t17-,22-"
438,CHEMBL1277561,Nn1c(=O)c2c(nc1[C@H]1CC[C@@H](N3CCN(c4ccc5ccccc5n4)CC3)CC1)CCCC2,"InChI=1S/C27H34N6O/c28-33-26(30-24-8-4-2-6-22(24)27(33)34)20-9-12-21(13-10-20)31-15-17-32(18-16-31)25-14-11-19-5-1-3-7-23(19)29-25/h1,3,5,7,11,14,20-21H,2,4,6,8-10,12-13,15-18,28H2/t20-,21+"
438,CHEMBL1277653,Nn1c(=O)c2c(nc1[C@H]1CC[C@H](N3CCN(c4ccc5ccccc5n4)CC3)CC1)CCCC2,"InChI=1S/C27H34N6O/c28-33-26(30-24-8-4-2-6-22(24)27(33)34)20-9-12-21(13-10-20)31-15-17-32(18-16-31)25-14-11-19-5-1-3-7-23(19)29-25/h1,3,5,7,11,14,20-21H,2,4,6,8-10,12-13,15-18,28H2/t20-,21-"
439,CHEMBL3698173,CCOC(=O)[C@H]1CC[C@]2(CCN([C@@H](C)c3ccc(Br)cc3)C(=O)O2)CC1,"InChI=1S/C20H26BrNO4/c1-3-25-18(23)16-8-10-20(11-9-16)12-13-22(19(24)26-20)14(2)15-4-6-17(21)7-5-15/h4-7,14,16H,3,8-13H2,1-2H3/t14-,16-,20+/m0/s1"
439,CHEMBL3698234,CCOC(=O)[C@H]1CC[C@@]2(CCN([C@@H](C)c3ccc(Br)cc3)C(=O)O2)CC1,"InChI=1S/C20H26BrNO4/c1-3-25-18(23)16-8-10-20(11-9-16)12-13-22(19(24)26-20)14(2)15-4-6-17(21)7-5-15/h4-7,14,16H,3,8-13H2,1-2H3/t14-,16-,20-/m0/s1"
440,CHEMBL4286199,CC(=O)N[C@H]1CC[C@H](Nc2nccc(-c3c(-c4ccccc4)noc3C)n2)CC1,"InChI=1S/C22H25N5O2/c1-14-20(21(27-29-14)16-6-4-3-5-7-16)19-12-13-23-22(26-19)25-18-10-8-17(9-11-18)24-15(2)28/h3-7,12-13,17-18H,8-11H2,1-2H3,(H,24,28)(H,23,25,26)/t17-,18-"
440,CHEMBL4292626,CC(=O)N[C@H]1CC[C@@H](Nc2nccc(-c3c(-c4ccccc4)noc3C)n2)CC1,"InChI=1S/C22H25N5O2/c1-14-20(21(27-29-14)16-6-4-3-5-7-16)19-12-13-23-22(26-19)25-18-10-8-17(9-11-18)24-15(2)28/h3-7,12-13,17-18H,8-11H2,1-2H3,(H,24,28)(H,23,25,26)/t17-,18+"
441,CHEMBL480629,CC(C)(C)[C@H]1CC[C@@H](NC(=O)N2CCC3(CC2)C(=O)N(c2ccccc2)[C@H]3c2ccccc2)CC1,"InChI=1S/C30H39N3O2/c1-29(2,3)23-14-16-24(17-15-23)31-28(35)32-20-18-30(19-21-32)26(22-10-6-4-7-11-22)33(27(30)34)25-12-8-5-9-13-25/h4-13,23-24,26H,14-21H2,1-3H3,(H,31,35)/t23-,24+,26-/m0/s1"
441,CHEMBL481609,CC(C)(C)[C@H]1CC[C@H](NC(=O)N2CCC3(CC2)C(=O)N(c2ccccc2)[C@H]3c2ccccc2)CC1,"InChI=1S/C30H39N3O2/c1-29(2,3)23-14-16-24(17-15-23)31-28(35)32-20-18-30(19-21-32)26(22-10-6-4-7-11-22)33(27(30)34)25-12-8-5-9-13-25/h4-13,23-24,26H,14-21H2,1-3H3,(H,31,35)/t23-,24-,26-/m0/s1"
442,CHEMBL2159209,Cc1nc2cnc3[nH]ccc3c2n1[C@H]1CC[C@H](O)CC1,"InChI=1S/C15H18N4O/c1-9-18-13-8-17-15-12(6-7-16-15)14(13)19(9)10-2-4-11(20)5-3-10/h6-8,10-11,20H,2-5H2,1H3,(H,16,17)/t10-,11-"
442,CHEMBL2159212,Cc1nc2cnc3[nH]ccc3c2n1[C@H]1CC[C@@H](O)CC1,"InChI=1S/C15H18N4O/c1-9-18-13-8-17-15-12(6-7-16-15)14(13)19(9)10-2-4-11(20)5-3-10/h6-8,10-11,20H,2-5H2,1H3,(H,16,17)/t10-,11+"
443,CHEMBL4074674,Nc1nccn2c1c(-c1ccc(C(=O)Nc3cc(C(F)(F)F)ccn3)cc1)nc2[C@H]1CC[C@@H](C(=O)O)CC1,"InChI=1S/C26H23F3N6O3/c27-26(28,29)18-9-10-31-19(13-18)33-24(36)16-5-1-14(2-6-16)20-21-22(30)32-11-12-35(21)23(34-20)15-3-7-17(8-4-15)25(37)38/h1-2,5-6,9-13,15,17H,3-4,7-8H2,(H2,30,32)(H,37,38)(H,31,33,36)/t15-,17+"
443,CHEMBL4097968,Nc1nccn2c1c(-c1ccc(C(=O)Nc3cc(C(F)(F)F)ccn3)cc1)nc2[C@H]1CC[C@H](C(=O)O)CC1,"InChI=1S/C26H23F3N6O3/c27-26(28,29)18-9-10-31-19(13-18)33-24(36)16-5-1-14(2-6-16)20-21-22(30)32-11-12-35(21)23(34-20)15-3-7-17(8-4-15)25(37)38/h1-2,5-6,9-13,15,17H,3-4,7-8H2,(H2,30,32)(H,37,38)(H,31,33,36)/t15-,17-"
444,CHEMBL1824244,c1ccc2c(c1)CN([C@H]1CC[C@@H](c3ccc(OCCCN4CCCCC4)cc3)CC1)C2,"InChI=1S/C28H38N2O/c1-4-17-29(18-5-1)19-6-20-31-28-15-11-24(12-16-28)23-9-13-27(14-10-23)30-21-25-7-2-3-8-26(25)22-30/h2-3,7-8,11-12,15-16,23,27H,1,4-6,9-10,13-14,17-22H2/t23-,27+"
444,CHEMBL1824245,c1ccc2c(c1)CN([C@H]1CC[C@H](c3ccc(OCCCN4CCCCC4)cc3)CC1)C2,"InChI=1S/C28H38N2O/c1-4-17-29(18-5-1)19-6-20-31-28-15-11-24(12-16-28)23-9-13-27(14-10-23)30-21-25-7-2-3-8-26(25)22-30/h2-3,7-8,11-12,15-16,23,27H,1,4-6,9-10,13-14,17-22H2/t23-,27-"
445,CHEMBL1256421,CN1CCN([C@H]2CC[C@@H](n3nc(-c4ccc(Nc5nc6cccc(Cl)c6o5)c(F)c4)c4c(N)ncnc43)CC2)CC1,"InChI=1S/C29H31ClFN9O/c1-38-11-13-39(14-12-38)18-6-8-19(9-7-18)40-28-24(27(32)33-16-34-28)25(37-40)17-5-10-22(21(31)15-17)35-29-36-23-4-2-3-20(30)26(23)41-29/h2-5,10,15-16,18-19H,6-9,11-14H2,1H3,(H,35,36)(H2,32,33,34)/t18-,19+"
445,CHEMBL1256432,CN1CCN([C@H]2CC[C@H](n3nc(-c4ccc(Nc5nc6cccc(Cl)c6o5)c(F)c4)c4c(N)ncnc43)CC2)CC1,"InChI=1S/C29H31ClFN9O/c1-38-11-13-39(14-12-38)18-6-8-19(9-7-18)40-28-24(27(32)33-16-34-28)25(37-40)17-5-10-22(21(31)15-17)35-29-36-23-4-2-3-20(30)26(23)41-29/h2-5,10,15-16,18-19H,6-9,11-14H2,1H3,(H,35,36)(H2,32,33,34)/t18-,19-"
446,CHEMBL165679,c1ccc(N2CCN(CC[C@H]3CC[C@H](Nc4ncccn4)CC3)CC2)cc1,"InChI=1S/C22H31N5/c1-2-5-21(6-3-1)27-17-15-26(16-18-27)14-11-19-7-9-20(10-8-19)25-22-23-12-4-13-24-22/h1-6,12-13,19-20H,7-11,14-18H2,(H,23,24,25)/t19-,20-"
446,CHEMBL3084971,c1ccc(N2CCN(CC[C@H]3CC[C@@H](Nc4ncccn4)CC3)CC2)cc1,"InChI=1S/C22H31N5/c1-2-5-21(6-3-1)27-17-15-26(16-18-27)14-11-19-7-9-20(10-8-19)25-22-23-12-4-13-24-22/h1-6,12-13,19-20H,7-11,14-18H2,(H,23,24,25)/t19-,20+"
447,CHEMBL3895137,Cc1cccc(N(C(=O)OC[C@H]2CC[C@H](COCC(=O)O)CC2)c2ccccc2)c1,"InChI=1S/C24H29NO5/c1-18-6-5-9-22(14-18)25(21-7-3-2-4-8-21)24(28)30-16-20-12-10-19(11-13-20)15-29-17-23(26)27/h2-9,14,19-20H,10-13,15-17H2,1H3,(H,26,27)/t19-,20-"
447,CHEMBL3923745,Cc1cccc(N(C(=O)OC[C@H]2CC[C@@H](COCC(=O)O)CC2)c2ccccc2)c1,"InChI=1S/C24H29NO5/c1-18-6-5-9-22(14-18)25(21-7-3-2-4-8-21)24(28)30-16-20-12-10-19(11-13-20)15-29-17-23(26)27/h2-9,14,19-20H,10-13,15-17H2,1H3,(H,26,27)/t19-,20+"
448,CHEMBL4085733,Cc1cc(-c2cc(C(=O)N[C@H]3CC[C@H](C)CC3)c(=O)n(Cc3ccc(F)cc3)n2)ccc1Cl,"InChI=1S/C26H27ClFN3O2/c1-16-3-10-21(11-4-16)29-25(32)22-14-24(19-7-12-23(27)17(2)13-19)30-31(26(22)33)15-18-5-8-20(28)9-6-18/h5-9,12-14,16,21H,3-4,10-11,15H2,1-2H3,(H,29,32)/t16-,21-"
448,CHEMBL4088509,Cc1cc(-c2cc(C(=O)N[C@H]3CC[C@@H](C)CC3)c(=O)n(Cc3ccc(F)cc3)n2)ccc1Cl,"InChI=1S/C26H27ClFN3O2/c1-16-3-10-21(11-4-16)29-25(32)22-14-24(19-7-12-23(27)17(2)13-19)30-31(26(22)33)15-18-5-8-20(28)9-6-18/h5-9,12-14,16,21H,3-4,10-11,15H2,1-2H3,(H,29,32)/t16-,21+"
449,CHEMBL1940937,CCNC(=O)c1noc(-c2cc(C(C)C)c(O)cc2O)c1NC(=O)[C@H]1CC[C@H](C(N)=O)CC1,"InChI=1S/C23H30N4O6/c1-4-25-23(32)19-18(26-22(31)13-7-5-12(6-8-13)21(24)30)20(33-27-19)15-9-14(11(2)3)16(28)10-17(15)29/h9-13,28-29H,4-8H2,1-3H3,(H2,24,30)(H,25,32)(H,26,31)/t12-,13-"
449,CHEMBL1940938,CCNC(=O)c1noc(-c2cc(C(C)C)c(O)cc2O)c1NC(=O)[C@H]1CC[C@@H](C(N)=O)CC1,"InChI=1S/C23H30N4O6/c1-4-25-23(32)19-18(26-22(31)13-7-5-12(6-8-13)21(24)30)20(33-27-19)15-9-14(11(2)3)16(28)10-17(15)29/h9-13,28-29H,4-8H2,1-3H3,(H2,24,30)(H,25,32)(H,26,31)/t12-,13+"
450,CHEMBL3697429,CC(=O)N[C@H]1CC[C@H](N(C)c2cc(-c3cnn(CCN4CCOCC4)c3)cc(C(=O)NCc3c(C)cc(C)[nH]c3=O)c2C)CC1,"InChI=1S/C34H47N7O4/c1-22-16-23(2)37-34(44)31(22)20-35-33(43)30-17-26(27-19-36-41(21-27)11-10-40-12-14-45-15-13-40)18-32(24(30)3)39(5)29-8-6-28(7-9-29)38-25(4)42/h16-19,21,28-29H,6-15,20H2,1-5H3,(H,35,43)(H,37,44)(H,38,42)/t28-,29-"
450,CHEMBL3697430,CC(=O)N[C@H]1CC[C@@H](N(C)c2cc(-c3cnn(CCN4CCOCC4)c3)cc(C(=O)NCc3c(C)cc(C)[nH]c3=O)c2C)CC1,"InChI=1S/C34H47N7O4/c1-22-16-23(2)37-34(44)31(22)20-35-33(43)30-17-26(27-19-36-41(21-27)11-10-40-12-14-45-15-13-40)18-32(24(30)3)39(5)29-8-6-28(7-9-29)38-25(4)42/h16-19,21,28-29H,6-15,20H2,1-5H3,(H,35,43)(H,37,44)(H,38,42)/t28-,29+"
451,CHEMBL4209459,COc1cccc2c1nc(C(F)F)n2-c1nc(N[C@H]2CC[C@H](NS(C)(=O)=O)CC2)nc(N2CCOCC2)n1,"InChI=1S/C23H30F2N8O4S/c1-36-17-5-3-4-16-18(17)27-20(19(24)25)33(16)23-29-21(28-22(30-23)32-10-12-37-13-11-32)26-14-6-8-15(9-7-14)31-38(2,34)35/h3-5,14-15,19,31H,6-13H2,1-2H3,(H,26,28,29,30)/t14-,15-"
451,CHEMBL4214361,COc1cccc2c1nc(C(F)F)n2-c1nc(N[C@H]2CC[C@@H](NS(C)(=O)=O)CC2)nc(N2CCOCC2)n1,"InChI=1S/C23H30F2N8O4S/c1-36-17-5-3-4-16-18(17)27-20(19(24)25)33(16)23-29-21(28-22(30-23)32-10-12-37-13-11-32)26-14-6-8-15(9-7-14)31-38(2,34)35/h3-5,14-15,19,31H,6-13H2,1-2H3,(H,26,28,29,30)/t14-,15+"
452,CHEMBL1766809,O=C(Nc1ccc(N2CCN(C(=O)[C@H]3CC[C@H](C(=O)O)CC3)CC2)cc1)c1nc(-c2ccccc2)oc1C(F)(F)F,"InChI=1S/C29H29F3N4O5/c30-29(31,32)24-23(34-26(41-24)18-4-2-1-3-5-18)25(37)33-21-10-12-22(13-11-21)35-14-16-36(17-15-35)27(38)19-6-8-20(9-7-19)28(39)40/h1-5,10-13,19-20H,6-9,14-17H2,(H,33,37)(H,39,40)/t19-,20-"
452,CHEMBL1766810,O=C(Nc1ccc(N2CCN(C(=O)[C@H]3CC[C@@H](C(=O)O)CC3)CC2)cc1)c1nc(-c2ccccc2)oc1C(F)(F)F,"InChI=1S/C29H29F3N4O5/c30-29(31,32)24-23(34-26(41-24)18-4-2-1-3-5-18)25(37)33-21-10-12-22(13-11-21)35-14-16-36(17-15-35)27(38)19-6-8-20(9-7-19)28(39)40/h1-5,10-13,19-20H,6-9,14-17H2,(H,33,37)(H,39,40)/t19-,20+"
453,CHEMBL3586566,Cc1nc(-c2nc[nH]n2)ccc1-c1cnc2c(n1)N([C@H]1CC[C@@H](O)CC1)C(=O)CN2,"InChI=1S/C20H22N8O2/c1-11-14(6-7-15(25-11)18-23-10-24-27-18)16-8-21-19-20(26-16)28(17(30)9-22-19)12-2-4-13(29)5-3-12/h6-8,10,12-13,29H,2-5,9H2,1H3,(H,21,22)(H,23,24,27)/t12-,13+"
453,CHEMBL3586567,Cc1nc(-c2nc[nH]n2)ccc1-c1cnc2c(n1)N([C@H]1CC[C@H](O)CC1)C(=O)CN2,"InChI=1S/C20H22N8O2/c1-11-14(6-7-15(25-11)18-23-10-24-27-18)16-8-21-19-20(26-16)28(17(30)9-22-19)12-2-4-13(29)5-3-12/h6-8,10,12-13,29H,2-5,9H2,1H3,(H,21,22)(H,23,24,27)/t12-,13-"
454,CHEMBL1951770,O=C(CNC(=O)c1cccc(C(F)(F)F)c1)N[C@@H]1CCN([C@H]2CC[C@@](O)(c3ccncc3)CC2)C1,"InChI=1S/C25H29F3N4O3/c26-25(27,28)19-3-1-2-17(14-19)23(34)30-15-22(33)31-20-8-13-32(16-20)21-4-9-24(35,10-5-21)18-6-11-29-12-7-18/h1-3,6-7,11-12,14,20-21,35H,4-5,8-10,13,15-16H2,(H,30,34)(H,31,33)/t20-,21-,24-/m1/s1"
454,CHEMBL1951782,O=C(CNC(=O)c1cccc(C(F)(F)F)c1)N[C@@H]1CCN([C@H]2CC[C@](O)(c3ccncc3)CC2)C1,"InChI=1S/C25H29F3N4O3/c26-25(27,28)19-3-1-2-17(14-19)23(34)30-15-22(33)31-20-8-13-32(16-20)21-4-9-24(35,10-5-21)18-6-11-29-12-7-18/h1-3,6-7,11-12,14,20-21,35H,4-5,8-10,13,15-16H2,(H,30,34)(H,31,33)/t20-,21-,24+/m1/s1"
455,CHEMBL84671,CC/C(=C(\c1ccc(OCCN(C)C)cc1)c1ccc(S(C)(=O)=O)cc1)c1ccccc1,"InChI=1S/C27H31NO3S/c1-5-26(21-9-7-6-8-10-21)27(23-13-17-25(18-14-23)32(4,29)30)22-11-15-24(16-12-22)31-20-19-28(2)3/h6-18H,5,19-20H2,1-4H3/b27-26-"
455,CHEMBL85163,CC/C(=C(/c1ccc(OCCN(C)C)cc1)c1ccc(S(C)(=O)=O)cc1)c1ccccc1,"InChI=1S/C27H31NO3S/c1-5-26(21-9-7-6-8-10-21)27(23-13-17-25(18-14-23)32(4,29)30)22-11-15-24(16-12-22)31-20-19-28(2)3/h6-18H,5,19-20H2,1-4H3/b27-26+"
456,CHEMBL4127041,COc1cccc(-c2cc(C(=O)Nc3cc4ccc(O[C@H]5CC[C@@H](NC6CCOCC6)CC5)c(C)c4oc3=O)ccc2OC)c1,"InChI=1S/C36H40N2O7/c1-22-32(44-28-11-9-26(10-12-28)37-27-15-17-43-18-16-27)13-7-24-21-31(36(40)45-34(22)24)38-35(39)25-8-14-33(42-3)30(20-25)23-5-4-6-29(19-23)41-2/h4-8,13-14,19-21,26-28,37H,9-12,15-18H2,1-3H3,(H,38,39)/t26-,28+"
456,CHEMBL4128422,COc1cccc(-c2cc(C(=O)Nc3cc4ccc(O[C@H]5CC[C@H](NC6CCOCC6)CC5)c(C)c4oc3=O)ccc2OC)c1,"InChI=1S/C36H40N2O7/c1-22-32(44-28-11-9-26(10-12-28)37-27-15-17-43-18-16-27)13-7-24-21-31(36(40)45-34(22)24)38-35(39)25-8-14-33(42-3)30(20-25)23-5-4-6-29(19-23)41-2/h4-8,13-14,19-21,26-28,37H,9-12,15-18H2,1-3H3,(H,38,39)/t26-,28-"
457,CHEMBL3698977,NC(=O)c1cccc2c1C(=O)N(C1CCN([C@H]3CC[C@@H](CO)CC3)CC1)C2,"InChI=1S/C21H29N3O3/c22-20(26)18-3-1-2-15-12-24(21(27)19(15)18)17-8-10-23(11-9-17)16-6-4-14(13-25)5-7-16/h1-3,14,16-17,25H,4-13H2,(H2,22,26)/t14-,16+"
457,CHEMBL3698978,NC(=O)c1cccc2c1C(=O)N(C1CCN([C@H]3CC[C@H](CO)CC3)CC1)C2,"InChI=1S/C21H29N3O3/c22-20(26)18-3-1-2-15-12-24(21(27)19(15)18)17-8-10-23(11-9-17)16-6-4-14(13-25)5-7-16/h1-3,14,16-17,25H,4-13H2,(H2,22,26)/t14-,16-"
458,CHEMBL1222570,N[C@H]1CC[C@H](C(=O)Nc2cc3cc[nH]c(=O)c3cc2Cl)CC1,"InChI=1S/C16H18ClN3O2/c17-13-8-12-10(5-6-19-16(12)22)7-14(13)20-15(21)9-1-3-11(18)4-2-9/h5-9,11H,1-4,18H2,(H,19,22)(H,20,21)/t9-,11-"
458,CHEMBL1222571,N[C@H]1CC[C@@H](C(=O)Nc2cc3cc[nH]c(=O)c3cc2Cl)CC1,"InChI=1S/C16H18ClN3O2/c17-13-8-12-10(5-6-19-16(12)22)7-14(13)20-15(21)9-1-3-11(18)4-2-9/h5-9,11H,1-4,18H2,(H,19,22)(H,20,21)/t9-,11+"
459,CHEMBL418461,COc1ccc(-c2ccc(S(=O)(=O)N[C@@H](C(=O)O)[C@H]3CC[C@@H](N4CCCC4=O)CC3)cc2)cc1,"InChI=1S/C25H30N2O6S/c1-33-21-12-6-17(7-13-21)18-8-14-22(15-9-18)34(31,32)26-24(25(29)30)19-4-10-20(11-5-19)27-16-2-3-23(27)28/h6-9,12-15,19-20,24,26H,2-5,10-11,16H2,1H3,(H,29,30)/t19-,20+,24-/m1/s1"
459,CHEMBL62021,COc1ccc(-c2ccc(S(=O)(=O)N[C@@H](C(=O)O)[C@H]3CC[C@H](N4CCCC4=O)CC3)cc2)cc1,"InChI=1S/C25H30N2O6S/c1-33-21-12-6-17(7-13-21)18-8-14-22(15-9-18)34(31,32)26-24(25(29)30)19-4-10-20(11-5-19)27-16-2-3-23(27)28/h6-9,12-15,19-20,24,26H,2-5,10-11,16H2,1H3,(H,29,30)/t19-,20-,24-/m1/s1"
460,CHEMBL3933386,O=C(N[C@H]1CC[C@H](O)CC1)c1cc(NC(=O)c2cc(-c3ccc(F)cn3)c(Cl)cc2Cl)n(-c2ccccc2)n1,"InChI=1S/C28H24Cl2FN5O3/c29-22-13-23(30)21(12-20(22)24-11-6-16(31)15-32-24)27(38)34-26-14-25(35-36(26)18-4-2-1-3-5-18)28(39)33-17-7-9-19(37)10-8-17/h1-6,11-15,17,19,37H,7-10H2,(H,33,39)(H,34,38)/t17-,19-"
460,CHEMBL3939550,O=C(N[C@H]1CC[C@@H](O)CC1)c1cc(NC(=O)c2cc(-c3ccc(F)cn3)c(Cl)cc2Cl)n(-c2ccccc2)n1,"InChI=1S/C28H24Cl2FN5O3/c29-22-13-23(30)21(12-20(22)24-11-6-16(31)15-32-24)27(38)34-26-14-25(35-36(26)18-4-2-1-3-5-18)28(39)33-17-7-9-19(37)10-8-17/h1-6,11-15,17,19,37H,7-10H2,(H,33,39)(H,34,38)/t17-,19+"
461,CHEMBL481747,Fc1ccc2[nH]cc([C@H]3CC[C@@H](N4CCN(c5cccc6cccnc56)CC4)CC3)c2c1,"InChI=1S/C27H29FN4/c28-21-8-11-25-23(17-21)24(18-30-25)19-6-9-22(10-7-19)31-13-15-32(16-14-31)26-5-1-3-20-4-2-12-29-27(20)26/h1-5,8,11-12,17-19,22,30H,6-7,9-10,13-16H2/t19-,22+"
461,CHEMBL481753,Fc1ccc2[nH]cc([C@H]3CC[C@H](N4CCN(c5cccc6cccnc56)CC4)CC3)c2c1,"InChI=1S/C27H29FN4/c28-21-8-11-25-23(17-21)24(18-30-25)19-6-9-22(10-7-19)31-13-15-32(16-14-31)26-5-1-3-20-4-2-12-29-27(20)26/h1-5,8,11-12,17-19,22,30H,6-7,9-10,13-16H2/t19-,22-"
462,CHEMBL228334,COc1ccc(S(=O)(=O)N[C@H]2CC[C@@H](N3CCC(c4ccccc4OCC(F)(F)F)CC3)CC2)cc1OC,"InChI=1S/C27H35F3N2O5S/c1-35-25-12-11-22(17-26(25)36-2)38(33,34)31-20-7-9-21(10-8-20)32-15-13-19(14-16-32)23-5-3-4-6-24(23)37-18-27(28,29)30/h3-6,11-12,17,19-21,31H,7-10,13-16,18H2,1-2H3/t20-,21+"
462,CHEMBL228389,COc1ccc(S(=O)(=O)N[C@H]2CC[C@H](N3CCC(c4ccccc4OCC(F)(F)F)CC3)CC2)cc1OC,"InChI=1S/C27H35F3N2O5S/c1-35-25-12-11-22(17-26(25)36-2)38(33,34)31-20-7-9-21(10-8-20)32-15-13-19(14-16-32)23-5-3-4-6-24(23)37-18-27(28,29)30/h3-6,11-12,17,19-21,31H,7-10,13-16,18H2,1-2H3/t20-,21-"
463,CHEMBL222161,COC(=O)c1cccc(NC(=O)N[C@H]2CC[C@@H](Oc3ccc(F)cc3)CC2)c1,"InChI=1S/C21H23FN2O4/c1-27-20(25)14-3-2-4-17(13-14)24-21(26)23-16-7-11-19(12-8-16)28-18-9-5-15(22)6-10-18/h2-6,9-10,13,16,19H,7-8,11-12H2,1H3,(H2,23,24,26)/t16-,19+"
463,CHEMBL3100007,COC(=O)c1cccc(NC(=O)N[C@H]2CC[C@H](Oc3ccc(F)cc3)CC2)c1,"InChI=1S/C21H23FN2O4/c1-27-20(25)14-3-2-4-17(13-14)24-21(26)23-16-7-11-19(12-8-16)28-18-9-5-15(22)6-10-18/h2-6,9-10,13,16,19H,7-8,11-12H2,1H3,(H2,23,24,26)/t16-,19-"
464,CHEMBL450871,O=C(/C=C/c1ccc(Sc2cccc(NC[C@H]3CC[C@H](C(=O)O)CC3)c2)c(C(F)(F)F)c1C(F)(F)F)N1CCOCC1,"InChI=1S/C29H30F6N2O4S/c30-28(31,32)25-19(9-11-24(38)37-12-14-41-15-13-37)8-10-23(26(25)29(33,34)35)42-22-3-1-2-21(16-22)36-17-18-4-6-20(7-5-18)27(39)40/h1-3,8-11,16,18,20,36H,4-7,12-15,17H2,(H,39,40)/b11-9+/t18-,20-"
464,CHEMBL500859,O=C(/C=C/c1ccc(Sc2cccc(NC[C@H]3CC[C@@H](C(=O)O)CC3)c2)c(C(F)(F)F)c1C(F)(F)F)N1CCOCC1,"InChI=1S/C29H30F6N2O4S/c30-28(31,32)25-19(9-11-24(38)37-12-14-41-15-13-37)8-10-23(26(25)29(33,34)35)42-22-3-1-2-21(16-22)36-17-18-4-6-20(7-5-18)27(39)40/h1-3,8-11,16,18,20,36H,4-7,12-15,17H2,(H,39,40)/b11-9+/t18-,20+"
465,CHEMBL3350390,NOC[C@H]1C[C@H](N)C1,"InChI=1S/C5H12N2O/c6-5-1-4(2-5)3-8-7/h4-5H,1-3,6-7H2/t4-,5-"
465,CHEMBL3350766,NOC[C@H]1C[C@@H](N)C1,"InChI=1S/C5H12N2O/c6-5-1-4(2-5)3-8-7/h4-5H,1-3,6-7H2/t4-,5+"
466,CHEMBL3923240,CCOC(=O)N[C@H]1CC[C@@H](CCN2CCN(c3nsc4ccccc34)CC2)CC1,"InChI=1S/C22H32N4O2S/c1-2-28-22(27)23-18-9-7-17(8-10-18)11-12-25-13-15-26(16-14-25)21-19-5-3-4-6-20(19)29-24-21/h3-6,17-18H,2,7-16H2,1H3,(H,23,27)/t17-,18+"
466,CHEMBL3982486,CCOC(=O)N[C@H]1CC[C@H](CCN2CCN(c3nsc4ccccc34)CC2)CC1,"InChI=1S/C22H32N4O2S/c1-2-28-22(27)23-18-9-7-17(8-10-18)11-12-25-13-15-26(16-14-25)21-19-5-3-4-6-20(19)29-24-21/h3-6,17-18H,2,7-16H2,1H3,(H,23,27)/t17-,18-"
467,CHEMBL3698169,Cc1ccc([C@H](C)N2CC[C@]3(CC[C@@H](O)CC3)OC2=O)cc1,"InChI=1S/C18H25NO3/c1-13-3-5-15(6-4-13)14(2)19-12-11-18(22-17(19)21)9-7-16(20)8-10-18/h3-6,14,16,20H,7-12H2,1-2H3/t14-,16-,18-/m0/s1"
467,CHEMBL3698232,Cc1ccc([C@H](C)N2CC[C@]3(CC[C@H](O)CC3)OC2=O)cc1,"InChI=1S/C18H25NO3/c1-13-3-5-15(6-4-13)14(2)19-12-11-18(22-17(19)21)9-7-16(20)8-10-18/h3-6,14,16,20H,7-12H2,1-2H3/t14-,16-,18+/m0/s1"
468,CHEMBL1760884,CCN(C(C)=O)c1ccc(OC)c2nc(NC(=O)[C@H]3CC[C@@H](NS(=O)(=O)c4cccc(C(F)(F)F)c4)CC3)sc12,"InChI=1S/C26H29F3N4O5S2/c1-4-33(15(2)34)20-12-13-21(38-3)22-23(20)39-25(30-22)31-24(35)16-8-10-18(11-9-16)32-40(36,37)19-7-5-6-17(14-19)26(27,28)29/h5-7,12-14,16,18,32H,4,8-11H2,1-3H3,(H,30,31,35)/t16-,18+"
468,CHEMBL1760896,CCN(C(C)=O)c1ccc(OC)c2nc(NC(=O)[C@H]3CC[C@H](NS(=O)(=O)c4cccc(C(F)(F)F)c4)CC3)sc12,"InChI=1S/C26H29F3N4O5S2/c1-4-33(15(2)34)20-12-13-21(38-3)22-23(20)39-25(30-22)31-24(35)16-8-10-18(11-9-16)32-40(36,37)19-7-5-6-17(14-19)26(27,28)29/h5-7,12-14,16,18,32H,4,8-11H2,1-3H3,(H,30,31,35)/t16-,18-"
469,CHEMBL2286009,CCOC(=O)/C=C(\C)C[C@H]1OC[C@H](C/C=C/[C@@H](C)[C@H](C)O)CO1,"InChI=1S/C18H30O5/c1-5-21-17(20)9-13(2)10-18-22-11-16(12-23-18)8-6-7-14(3)15(4)19/h6-7,9,14-16,18-19H,5,8,10-12H2,1-4H3/b7-6+,13-9+/t14-,15+,16-,18-/m1/s1"
469,CHEMBL2286010,CCOC(=O)/C=C(\C)C[C@H]1OC[C@@H](C/C=C/[C@@H](C)[C@H](C)O)CO1,"InChI=1S/C18H30O5/c1-5-21-17(20)9-13(2)10-18-22-11-16(12-23-18)8-6-7-14(3)15(4)19/h6-7,9,14-16,18-19H,5,8,10-12H2,1-4H3/b7-6+,13-9+/t14-,15+,16-,18+/m1/s1"
470,CHEMBL3545586,CN(C)[C@]1(c2ccccc2)CC[C@@]2(CC1)OCCc1c3ccccc3[nH]c12,"InChI=1S/C24H28N2O/c1-26(2)23(18-8-4-3-5-9-18)13-15-24(16-14-23)22-20(12-17-27-24)19-10-6-7-11-21(19)25-22/h3-11,25H,12-17H2,1-2H3/t23-,24+"
470,CHEMBL3545624,CN(C)[C@]1(c2ccccc2)CC[C@]2(CC1)OCCc1c3ccccc3[nH]c12,"InChI=1S/C24H28N2O/c1-26(2)23(18-8-4-3-5-9-18)13-15-24(16-14-23)22-20(12-17-27-24)19-10-6-7-11-21(19)25-22/h3-11,25H,12-17H2,1-2H3/t23-,24-"
471,CHEMBL481337,c1cc(N2CCN([C@H]3CC[C@H](c4c[nH]c5ccccc54)CC3)CC2)c2nc[nH]c2c1,"InChI=1S/C25H29N5/c1-2-5-22-20(4-1)21(16-26-22)18-8-10-19(11-9-18)29-12-14-30(15-13-29)24-7-3-6-23-25(24)28-17-27-23/h1-7,16-19,26H,8-15H2,(H,27,28)/t18-,19-"
471,CHEMBL517996,c1cc(N2CCN([C@H]3CC[C@@H](c4c[nH]c5ccccc54)CC3)CC2)c2nc[nH]c2c1,"InChI=1S/C25H29N5/c1-2-5-22-20(4-1)21(16-26-22)18-8-10-19(11-9-18)29-12-14-30(15-13-29)24-7-3-6-23-25(24)28-17-27-23/h1-7,16-19,26H,8-15H2,(H,27,28)/t18-,19+"
472,CHEMBL4209781,Nc1ncnc2c1c(-c1ccc(Oc3ccccc3)cc1)cn2[C@H]1CC[C@H](N[C@@H](Cc2ccc(O)cc2)C(=O)O)CC1,"InChI=1S/C33H33N5O4/c34-31-30-28(22-8-16-27(17-9-22)42-26-4-2-1-3-5-26)19-38(32(30)36-20-35-31)24-12-10-23(11-13-24)37-29(33(40)41)18-21-6-14-25(39)15-7-21/h1-9,14-17,19-20,23-24,29,37,39H,10-13,18H2,(H,40,41)(H2,34,35,36)/t23-,24-,29-/m0/s1"
472,CHEMBL4214689,Nc1ncnc2c1c(-c1ccc(Oc3ccccc3)cc1)cn2[C@H]1CC[C@@H](N[C@@H](Cc2ccc(O)cc2)C(=O)O)CC1,"InChI=1S/C33H33N5O4/c34-31-30-28(22-8-16-27(17-9-22)42-26-4-2-1-3-5-26)19-38(32(30)36-20-35-31)24-12-10-23(11-13-24)37-29(33(40)41)18-21-6-14-25(39)15-7-21/h1-9,14-17,19-20,23-24,29,37,39H,10-13,18H2,(H,40,41)(H2,34,35,36)/t23-,24+,29-/m0/s1"
473,CHEMBL3900127,O=C(Nc1cc(Cl)ccc1O[C@H]1CC[C@H](O)CC1)c1csc2cncnc12,"InChI=1S/C19H18ClN3O3S/c20-11-1-6-16(26-13-4-2-12(24)3-5-13)15(7-11)23-19(25)14-9-27-17-8-21-10-22-18(14)17/h1,6-10,12-13,24H,2-5H2,(H,23,25)/t12-,13-"
473,CHEMBL3941034,O=C(Nc1cc(Cl)ccc1O[C@H]1CC[C@@H](O)CC1)c1csc2cncnc12,"InChI=1S/C19H18ClN3O3S/c20-11-1-6-16(26-13-4-2-12(24)3-5-13)15(7-11)23-19(25)14-9-27-17-8-21-10-22-18(14)17/h1,6-10,12-13,24H,2-5H2,(H,23,25)/t12-,13+"
474,CHEMBL1962790,CCCCCCCCc1ccc([C@H]2CC[C@@H]([N+](C)(C)C)CC2)cc1,"InChI=1S/C23H40N/c1-5-6-7-8-9-10-11-20-12-14-21(15-13-20)22-16-18-23(19-17-22)24(2,3)4/h12-15,22-23H,5-11,16-19H2,1-4H3/q+1/t22-,23+"
474,CHEMBL1962815,CCCCCCCCc1ccc([C@H]2CC[C@H]([N+](C)(C)C)CC2)cc1,"InChI=1S/C23H40N/c1-5-6-7-8-9-10-11-20-12-14-21(15-13-20)22-16-18-23(19-17-22)24(2,3)4/h12-15,22-23H,5-11,16-19H2,1-4H3/q+1/t22-,23-"
475,CHEMBL3797248,COc1c(Cc2ccccc2)cc(-c2ccccc2)cc1C(=O)N[C@H]1CC[C@@H](C)CC1,"InChI=1S/C28H31NO2/c1-20-13-15-25(16-14-20)29-28(30)26-19-23(22-11-7-4-8-12-22)18-24(27(26)31-2)17-21-9-5-3-6-10-21/h3-12,18-20,25H,13-17H2,1-2H3,(H,29,30)/t20-,25+"
475,CHEMBL3798474,COc1c(Cc2ccccc2)cc(-c2ccccc2)cc1C(=O)N[C@H]1CC[C@H](C)CC1,"InChI=1S/C28H31NO2/c1-20-13-15-25(16-14-20)29-28(30)26-19-23(22-11-7-4-8-12-22)18-24(27(26)31-2)17-21-9-5-3-6-10-21/h3-12,18-20,25H,13-17H2,1-2H3,(H,29,30)/t20-,25-"
476,CHEMBL2315860,O=C(N[C@H]1CC[C@H](CO)CC1)C1CCN(c2nc3cc(Cl)ccc3o2)CC1,"InChI=1S/C20H26ClN3O3/c21-15-3-6-18-17(11-15)23-20(27-18)24-9-7-14(8-10-24)19(26)22-16-4-1-13(12-25)2-5-16/h3,6,11,13-14,16,25H,1-2,4-5,7-10,12H2,(H,22,26)/t13-,16-"
476,CHEMBL2315861,O=C(N[C@H]1CC[C@@H](CO)CC1)C1CCN(c2nc3cc(Cl)ccc3o2)CC1,"InChI=1S/C20H26ClN3O3/c21-15-3-6-18-17(11-15)23-20(27-18)24-9-7-14(8-10-24)19(26)22-16-4-1-13(12-25)2-5-16/h3,6,11,13-14,16,25H,1-2,4-5,7-10,12H2,(H,22,26)/t13-,16+"
477,CHEMBL238287,Cc1ccc([C@H]2OC[C@H](NC(=O)Cc3ccccc3)CO2)cc1,"InChI=1S/C19H21NO3/c1-14-7-9-16(10-8-14)19-22-12-17(13-23-19)20-18(21)11-15-5-3-2-4-6-15/h2-10,17,19H,11-13H2,1H3,(H,20,21)/t17-,19-"
477,CHEMBL238553,Cc1ccc([C@H]2OC[C@@H](NC(=O)Cc3ccccc3)CO2)cc1,"InChI=1S/C19H21NO3/c1-14-7-9-16(10-8-14)19-22-12-17(13-23-19)20-18(21)11-15-5-3-2-4-6-15/h2-10,17,19H,11-13H2,1H3,(H,20,21)/t17-,19+"
478,CHEMBL2313067,C=C(C)[C@H]1CC/C(C)=C/C/C=C(/C)[C@H](O)CC/C(COC(C)=O)=C/[C@@H]1O,"InChI=1S/C22H34O4/c1-15(2)20-11-9-16(3)7-6-8-17(4)21(24)12-10-19(13-22(20)25)14-26-18(5)23/h7-8,13,20-22,24-25H,1,6,9-12,14H2,2-5H3/b16-7+,17-8+,19-13+/t20-,21-,22+/m1/s1"
478,CHEMBL2313068,C=C(C)[C@H]1CC/C(C)=C/C/C=C(/C)[C@H](O)CC/C(COC(C)=O)=C/[C@@H]1O,"InChI=1S/C22H34O4/c1-15(2)20-11-9-16(3)7-6-8-17(4)21(24)12-10-19(13-22(20)25)14-26-18(5)23/h7-8,13,20-22,24-25H,1,6,9-12,14H2,2-5H3/b16-7+,17-8-,19-13+/t20-,21-,22+/m1/s1"
479,CHEMBL3665528,Cn1c(Nc2c(Cl)ccc(CNC(=O)C(C)(C)C(F)(F)F)c2Cl)nc2cc(C(=O)N[C@H]3CC[C@H](C(F)(F)F)CC3)c(N3CCC(C(F)(F)F)CC3)cc21,"InChI=1S/C34H37Cl2F9N6O2/c1-31(2,34(43,44)45)29(53)46-16-17-4-9-22(35)27(26(17)36)49-30-48-23-14-21(28(52)47-20-7-5-18(6-8-20)32(37,38)39)24(15-25(23)50(30)3)51-12-10-19(11-13-51)33(40,41)42/h4,9,14-15,18-20H,5-8,10-13,16H2,1-3H3,(H,46,53)(H,47,52)(H,48,49)/t18-,20-"
479,CHEMBL3665530,Cn1c(Nc2c(Cl)ccc(CNC(=O)C(C)(C)C(F)(F)F)c2Cl)nc2cc(C(=O)N[C@H]3CC[C@@H](C(F)(F)F)CC3)c(N3CCC(C(F)(F)F)CC3)cc21,"InChI=1S/C34H37Cl2F9N6O2/c1-31(2,34(43,44)45)29(53)46-16-17-4-9-22(35)27(26(17)36)49-30-48-23-14-21(28(52)47-20-7-5-18(6-8-20)32(37,38)39)24(15-25(23)50(30)3)51-12-10-19(11-13-51)33(40,41)42/h4,9,14-15,18-20H,5-8,10-13,16H2,1-3H3,(H,46,53)(H,47,52)(H,48,49)/t18-,20+"
480,CHEMBL4128441,COc1cccc(-c2cc(C(=O)Nc3cc4ccc(O[C@H]5CC[C@@H](NCc6ccccc6)CC5)c(C)c4oc3=O)ccc2OC)c1,"InChI=1S/C38H38N2O6/c1-24-34(45-30-16-14-29(15-17-30)39-23-25-8-5-4-6-9-25)18-12-27-22-33(38(42)46-36(24)27)40-37(41)28-13-19-35(44-3)32(21-28)26-10-7-11-31(20-26)43-2/h4-13,18-22,29-30,39H,14-17,23H2,1-3H3,(H,40,41)/t29-,30+"
480,CHEMBL4128632,COc1cccc(-c2cc(C(=O)Nc3cc4ccc(O[C@H]5CC[C@H](NCc6ccccc6)CC5)c(C)c4oc3=O)ccc2OC)c1,"InChI=1S/C38H38N2O6/c1-24-34(45-30-16-14-29(15-17-30)39-23-25-8-5-4-6-9-25)18-12-27-22-33(38(42)46-36(24)27)40-37(41)28-13-19-35(44-3)32(21-28)26-10-7-11-31(20-26)43-2/h4-13,18-22,29-30,39H,14-17,23H2,1-3H3,(H,40,41)/t29-,30-"
481,CHEMBL3922854,NC(=O)c1ccc2[nH]c(-c3ccc(OC[C@H]4CC[C@@H](O)CC4)cc3)nc2c1,"InChI=1S/C21H23N3O3/c22-20(26)15-5-10-18-19(11-15)24-21(23-18)14-3-8-17(9-4-14)27-12-13-1-6-16(25)7-2-13/h3-5,8-11,13,16,25H,1-2,6-7,12H2,(H2,22,26)(H,23,24)/t13-,16+"
481,CHEMBL3964628,NC(=O)c1ccc2[nH]c(-c3ccc(OC[C@H]4CC[C@H](O)CC4)cc3)nc2c1,"InChI=1S/C21H23N3O3/c22-20(26)15-5-10-18-19(11-15)24-21(23-18)14-3-8-17(9-4-14)27-12-13-1-6-16(25)7-2-13/h3-5,8-11,13,16,25H,1-2,6-7,12H2,(H2,22,26)(H,23,24)/t13-,16-"
482,CHEMBL482128,Clc1ccc2[nH]cc([C@H]3CC[C@H](N4CCN(c5cccc6[nH]ccc56)CC4)CC3)c2c1,"InChI=1S/C26H29ClN4/c27-19-6-9-25-22(16-19)23(17-29-25)18-4-7-20(8-5-18)30-12-14-31(15-13-30)26-3-1-2-24-21(26)10-11-28-24/h1-3,6,9-11,16-18,20,28-29H,4-5,7-8,12-15H2/t18-,20-"
482,CHEMBL519445,Clc1ccc2[nH]cc([C@H]3CC[C@@H](N4CCN(c5cccc6[nH]ccc56)CC4)CC3)c2c1,"InChI=1S/C26H29ClN4/c27-19-6-9-25-22(16-19)23(17-29-25)18-4-7-20(8-5-18)30-12-14-31(15-13-30)26-3-1-2-24-21(26)10-11-28-24/h1-3,6,9-11,16-18,20,28-29H,4-5,7-8,12-15H2/t18-,20+"
483,CHEMBL1771129,Cc1cccc([C@H]2CC[C@@H](CNC(=O)c3ccc(-c4nc5cc(C#N)cc(C(C)C)c5o4)cc3)CC2)c1,"InChI=1S/C32H33N3O2/c1-20(2)28-16-23(18-33)17-29-30(28)37-32(35-29)26-13-11-25(12-14-26)31(36)34-19-22-7-9-24(10-8-22)27-6-4-5-21(3)15-27/h4-6,11-17,20,22,24H,7-10,19H2,1-3H3,(H,34,36)/t22-,24+"
483,CHEMBL1771130,Cc1cccc([C@H]2CC[C@H](CNC(=O)c3ccc(-c4nc5cc(C#N)cc(C(C)C)c5o4)cc3)CC2)c1,"InChI=1S/C32H33N3O2/c1-20(2)28-16-23(18-33)17-29-30(28)37-32(35-29)26-13-11-25(12-14-26)31(36)34-19-22-7-9-24(10-8-22)27-6-4-5-21(3)15-27/h4-6,11-17,20,22,24H,7-10,19H2,1-3H3,(H,34,36)/t22-,24-"
484,CHEMBL1951776,O=C(CNC(=O)c1cccc(C(F)(F)F)c1)N[C@@H]1CCN([C@H]2CC[C@@](O)(c3cnccn3)CC2)C1,"InChI=1S/C24H28F3N5O3/c25-24(26,27)17-3-1-2-16(12-17)22(34)30-14-21(33)31-18-6-11-32(15-18)19-4-7-23(35,8-5-19)20-13-28-9-10-29-20/h1-3,9-10,12-13,18-19,35H,4-8,11,14-15H2,(H,30,34)(H,31,33)/t18-,19-,23-/m1/s1"
484,CHEMBL1951788,O=C(CNC(=O)c1cccc(C(F)(F)F)c1)N[C@@H]1CCN([C@H]2CC[C@](O)(c3cnccn3)CC2)C1,"InChI=1S/C24H28F3N5O3/c25-24(26,27)17-3-1-2-16(12-17)22(34)30-14-21(33)31-18-6-11-32(15-18)19-4-7-23(35,8-5-19)20-13-28-9-10-29-20/h1-3,9-10,12-13,18-19,35H,4-8,11,14-15H2,(H,30,34)(H,31,33)/t18-,19-,23+/m1/s1"
485,CHEMBL3797787,COc1c(Cc2ccc(F)cc2)cc(-c2ccc(F)cc2)cc1C(=O)N[C@H]1CC[C@@H](C)CC1,"InChI=1S/C28H29F2NO2/c1-18-3-13-25(14-4-18)31-28(32)26-17-21(20-7-11-24(30)12-8-20)16-22(27(26)33-2)15-19-5-9-23(29)10-6-19/h5-12,16-18,25H,3-4,13-15H2,1-2H3,(H,31,32)/t18-,25+"
485,CHEMBL3799406,COc1c(Cc2ccc(F)cc2)cc(-c2ccc(F)cc2)cc1C(=O)N[C@H]1CC[C@H](C)CC1,"InChI=1S/C28H29F2NO2/c1-18-3-13-25(14-4-18)31-28(32)26-17-21(20-7-11-24(30)12-8-20)16-22(27(26)33-2)15-19-5-9-23(29)10-6-19/h5-12,16-18,25H,3-4,13-15H2,1-2H3,(H,31,32)/t18-,25-"
486,CHEMBL3904887,N[C@H]1C[C@H](NC(=O)c2cc(NC(=O)c3cc(-c4ccccn4)c(F)cc3Cl)n(-c3ccccc3)n2)C1,"InChI=1S/C26H22ClFN6O2/c27-20-13-21(28)19(22-8-4-5-9-30-22)12-18(20)25(35)32-24-14-23(26(36)31-16-10-15(29)11-16)33-34(24)17-6-2-1-3-7-17/h1-9,12-16H,10-11,29H2,(H,31,36)(H,32,35)/t15-,16-"
486,CHEMBL3955901,N[C@H]1C[C@@H](NC(=O)c2cc(NC(=O)c3cc(-c4ccccn4)c(F)cc3Cl)n(-c3ccccc3)n2)C1,"InChI=1S/C26H22ClFN6O2/c27-20-13-21(28)19(22-8-4-5-9-30-22)12-18(20)25(35)32-24-14-23(26(36)31-16-10-15(29)11-16)33-34(24)17-6-2-1-3-7-17/h1-9,12-16H,10-11,29H2,(H,31,36)(H,32,35)/t15-,16+"
487,CHEMBL3698212,C[C@@H](c1ccc(C(C)(C)C)cc1)N1CC[C@]2(CC[C@@H](O)CC2)OC1=O,"InChI=1S/C21H31NO3/c1-15(16-5-7-17(8-6-16)20(2,3)4)22-14-13-21(25-19(22)24)11-9-18(23)10-12-21/h5-8,15,18,23H,9-14H2,1-4H3/t15-,18-,21-/m0/s1"
487,CHEMBL3698250,C[C@@H](c1ccc(C(C)(C)C)cc1)N1CC[C@]2(CC[C@H](O)CC2)OC1=O,"InChI=1S/C21H31NO3/c1-15(16-5-7-17(8-6-16)20(2,3)4)22-14-13-21(25-19(22)24)11-9-18(23)10-12-21/h5-8,15,18,23H,9-14H2,1-4H3/t15-,18-,21+/m0/s1"
488,CHEMBL233623,COc1ccc(C)cc1S(=O)(=O)N[C@H]1CC[C@H](N2CCN(c3ccccc3OC(C)C)CC2)CC1,"InChI=1S/C27H39N3O4S/c1-20(2)34-25-8-6-5-7-24(25)30-17-15-29(16-18-30)23-12-10-22(11-13-23)28-35(31,32)27-19-21(3)9-14-26(27)33-4/h5-9,14,19-20,22-23,28H,10-13,15-18H2,1-4H3/t22-,23-"
488,CHEMBL393725,COc1ccc(C)cc1S(=O)(=O)N[C@H]1CC[C@@H](N2CCN(c3ccccc3OC(C)C)CC2)CC1,"InChI=1S/C27H39N3O4S/c1-20(2)34-25-8-6-5-7-24(25)30-17-15-29(16-18-30)23-12-10-22(11-13-23)28-35(31,32)27-19-21(3)9-14-26(27)33-4/h5-9,14,19-20,22-23,28H,10-13,15-18H2,1-4H3/t22-,23+"
489,CHEMBL3909375,CC1(C)CC=C(c2cc([C@]3(O)CC[C@H](N4CCOCC4)CC3)ccc2NC(=O)c2nc(C#N)c[nH]2)CC1,"InChI=1S/C29H37N5O3/c1-28(2)9-5-20(6-10-28)24-17-21(3-4-25(24)33-27(35)26-31-19-22(18-30)32-26)29(36)11-7-23(8-12-29)34-13-15-37-16-14-34/h3-5,17,19,23,36H,6-16H2,1-2H3,(H,31,32)(H,33,35)/t23-,29-"
489,CHEMBL3982733,CC1(C)CC=C(c2cc([C@]3(O)CC[C@@H](N4CCOCC4)CC3)ccc2NC(=O)c2nc(C#N)c[nH]2)CC1,"InChI=1S/C29H37N5O3/c1-28(2)9-5-20(6-10-28)24-17-21(3-4-25(24)33-27(35)26-31-19-22(18-30)32-26)29(36)11-7-23(8-12-29)34-13-15-37-16-14-34/h3-5,17,19,23,36H,6-16H2,1-2H3,(H,31,32)(H,33,35)/t23-,29+"
490,CHEMBL16287,COc1ccccc1C(=O)NC[C@]1(c2ccccc2)CC[C@@H](NC(=O)c2ccccc2)CC1,"InChI=1S/C28H30N2O3/c1-33-25-15-9-8-14-24(25)27(32)29-20-28(22-12-6-3-7-13-22)18-16-23(17-19-28)30-26(31)21-10-4-2-5-11-21/h2-15,23H,16-20H2,1H3,(H,29,32)(H,30,31)/t23-,28+"
490,CHEMBL16468,COc1ccccc1C(=O)NC[C@]1(c2ccccc2)CC[C@H](NC(=O)c2ccccc2)CC1,"InChI=1S/C28H30N2O3/c1-33-25-15-9-8-14-24(25)27(32)29-20-28(22-12-6-3-7-13-22)18-16-23(17-19-28)30-26(31)21-10-4-2-5-11-21/h2-15,23H,16-20H2,1H3,(H,29,32)(H,30,31)/t23-,28-"
491,CHEMBL1186533,Cc1ccc2nc(/C=C/c3ccc(Cl)cc3)nc(N[C@H]3CC[C@@H](N)CC3)c2c1,"InChI=1S/C23H25ClN4/c1-15-2-12-21-20(14-15)23(26-19-10-8-18(25)9-11-19)28-22(27-21)13-5-16-3-6-17(24)7-4-16/h2-7,12-14,18-19H,8-11,25H2,1H3,(H,26,27,28)/b13-5+/t18-,19+"
491,CHEMBL1187647,Cc1ccc2nc(/C=C/c3ccc(Cl)cc3)nc(N[C@H]3CC[C@H](N)CC3)c2c1,"InChI=1S/C23H25ClN4/c1-15-2-12-21-20(14-15)23(26-19-10-8-18(25)9-11-19)28-22(27-21)13-5-16-3-6-17(24)7-4-16/h2-7,12-14,18-19H,8-11,25H2,1H3,(H,26,27,28)/b13-5+/t18-,19-"
492,CHEMBL13289,CCN(CC)CCOc1ccc(/C(=C\C(C)C)c2ccc(O)cc2)cc1,"InChI=1S/C23H31NO2/c1-5-24(6-2)15-16-26-22-13-9-20(10-14-22)23(17-18(3)4)19-7-11-21(25)12-8-19/h7-14,17-18,25H,5-6,15-16H2,1-4H3/b23-17-"
492,CHEMBL273902,CCN(CC)CCOc1ccc(/C(=C/C(C)C)c2ccc(O)cc2)cc1,"InChI=1S/C23H31NO2/c1-5-24(6-2)15-16-26-22-13-9-20(10-14-22)23(17-18(3)4)19-7-11-21(25)12-8-19/h7-14,17-18,25H,5-6,15-16H2,1-4H3/b23-17+"
493,CHEMBL239395,N[C@H]1CO[C@@H](c2ccccc2)OC1,"InChI=1S/C10H13NO2/c11-9-6-12-10(13-7-9)8-4-2-1-3-5-8/h1-5,9-10H,6-7,11H2/t9-,10+"
493,CHEMBL245810,N[C@H]1CO[C@H](c2ccccc2)OC1,"InChI=1S/C10H13NO2/c11-9-6-12-10(13-7-9)8-4-2-1-3-5-8/h1-5,9-10H,6-7,11H2/t9-,10-"
494,CHEMBL451814,Cn1cnc(S(=O)(=O)N(Cc2ccccc2)[C@H]2CC[C@@H](N(Cc3cncn3C)c3ccc(C#N)cc3)CC2)c1,"InChI=1S/C29H33N7O2S/c1-33-20-29(32-22-33)39(37,38)36(18-24-6-4-3-5-7-24)27-14-12-26(13-15-27)35(19-28-17-31-21-34(28)2)25-10-8-23(16-30)9-11-25/h3-11,17,20-22,26-27H,12-15,18-19H2,1-2H3/t26-,27+"
494,CHEMBL451815,Cn1cnc(S(=O)(=O)N(Cc2ccccc2)[C@H]2CC[C@H](N(Cc3cncn3C)c3ccc(C#N)cc3)CC2)c1,"InChI=1S/C29H33N7O2S/c1-33-20-29(32-22-33)39(37,38)36(18-24-6-4-3-5-7-24)27-14-12-26(13-15-27)35(19-28-17-31-21-34(28)2)25-10-8-23(16-30)9-11-25/h3-11,17,20-22,26-27H,12-15,18-19H2,1-2H3/t26-,27-"
495,CHEMBL1683116,N[C@H](Cc1cc(F)ccc1F)[C@H]1CC[C@@H](N2CCCCC2)CC1,"InChI=1S/C19H28F2N2/c20-16-6-9-18(21)15(12-16)13-19(22)14-4-7-17(8-5-14)23-10-2-1-3-11-23/h6,9,12,14,17,19H,1-5,7-8,10-11,13,22H2/t14-,17+,19-/m1/s1"
495,CHEMBL1683117,N[C@H](Cc1cc(F)ccc1F)[C@H]1CC[C@H](N2CCCCC2)CC1,"InChI=1S/C19H28F2N2/c20-16-6-9-18(21)15(12-16)13-19(22)14-4-7-17(8-5-14)23-10-2-1-3-11-23/h6,9,12,14,17,19H,1-5,7-8,10-11,13,22H2/t14-,17-,19-/m1/s1"
496,CHEMBL3355999,N[C@H]1CC[C@H](Nc2nccc(-c3cccnc3Oc3ccc(Nc4nc5ccccc5[nH]4)c4ccccc34)n2)CC1,"InChI=1S/C32H30N8O/c33-20-11-13-21(14-12-20)36-31-35-19-17-26(37-31)24-8-5-18-34-30(24)41-29-16-15-25(22-6-1-2-7-23(22)29)38-32-39-27-9-3-4-10-28(27)40-32/h1-10,15-21H,11-14,33H2,(H,35,36,37)(H2,38,39,40)/t20-,21-"
496,CHEMBL3356000,N[C@H]1CC[C@@H](Nc2nccc(-c3cccnc3Oc3ccc(Nc4nc5ccccc5[nH]4)c4ccccc34)n2)CC1,"InChI=1S/C32H30N8O/c33-20-11-13-21(14-12-20)36-31-35-19-17-26(37-31)24-8-5-18-34-30(24)41-29-16-15-25(22-6-1-2-7-23(22)29)38-32-39-27-9-3-4-10-28(27)40-32/h1-10,15-21H,11-14,33H2,(H,35,36,37)(H2,38,39,40)/t20-,21+"
497,CHEMBL3407567,CC(C)(C)S(=O)(=O)C[C@H](C1CC1)N1C(=O)[C@@](C)(CC(=O)N[C@H]2CC[C@H](C(=O)O)CC2)C[C@H](c2cccc(Cl)c2)[C@H]1c1ccc(Cl)cc1,"InChI=1S/C36H46Cl2N2O6S/c1-35(2,3)47(45,46)21-30(22-8-9-22)40-32(23-10-14-26(37)15-11-23)29(25-6-5-7-27(38)18-25)19-36(4,34(40)44)20-31(41)39-28-16-12-24(13-17-28)33(42)43/h5-7,10-11,14-15,18,22,24,28-30,32H,8-9,12-13,16-17,19-21H2,1-4H3,(H,39,41)(H,42,43)/t24-,28-,29-,30-,32-,36-/m1/s1"
497,CHEMBL3407568,CC(C)(C)S(=O)(=O)C[C@H](C1CC1)N1C(=O)[C@@](C)(CC(=O)N[C@H]2CC[C@@H](C(=O)O)CC2)C[C@H](c2cccc(Cl)c2)[C@H]1c1ccc(Cl)cc1,"InChI=1S/C36H46Cl2N2O6S/c1-35(2,3)47(45,46)21-30(22-8-9-22)40-32(23-10-14-26(37)15-11-23)29(25-6-5-7-27(38)18-25)19-36(4,34(40)44)20-31(41)39-28-16-12-24(13-17-28)33(42)43/h5-7,10-11,14-15,18,22,24,28-30,32H,8-9,12-13,16-17,19-21H2,1-4H3,(H,39,41)(H,42,43)/t24-,28+,29-,30-,32-,36-/m1/s1"
498,CHEMBL3598081,CC(C)(C)OC(=O)N1CCC(O[C@H]2CC[C@H](Oc3ccc(S(C)(=O)=O)cc3)CC2)CC1,"InChI=1S/C23H35NO6S/c1-23(2,3)30-22(25)24-15-13-20(14-16-24)29-18-7-5-17(6-8-18)28-19-9-11-21(12-10-19)31(4,26)27/h9-12,17-18,20H,5-8,13-16H2,1-4H3/t17-,18-"
498,CHEMBL3598082,CC(C)(C)OC(=O)N1CCC(O[C@H]2CC[C@@H](Oc3ccc(S(C)(=O)=O)cc3)CC2)CC1,"InChI=1S/C23H35NO6S/c1-23(2,3)30-22(25)24-15-13-20(14-16-24)29-18-7-5-17(6-8-18)28-19-9-11-21(12-10-19)31(4,26)27/h9-12,17-18,20H,5-8,13-16H2,1-4H3/t17-,18+"
499,CHEMBL3586402,CO[C@H]1CC[C@@H](N2CC(=O)Nc3ncc(-c4ccc(C(C)(C)O)nc4)nc32)CC1,"InChI=1S/C21H27N5O3/c1-21(2,28)17-9-4-13(10-22-17)16-11-23-19-20(24-16)26(12-18(27)25-19)14-5-7-15(29-3)8-6-14/h4,9-11,14-15,28H,5-8,12H2,1-3H3,(H,23,25,27)/t14-,15+"
499,CHEMBL3586403,CO[C@H]1CC[C@H](N2CC(=O)Nc3ncc(-c4ccc(C(C)(C)O)nc4)nc32)CC1,"InChI=1S/C21H27N5O3/c1-21(2,28)17-9-4-13(10-22-17)16-11-23-19-20(24-16)26(12-18(27)25-19)14-5-7-15(29-3)8-6-14/h4,9-11,14-15,28H,5-8,12H2,1-3H3,(H,23,25,27)/t14-,15-"
500,CHEMBL234231,COc1ccc(C(F)(F)F)cc1S(=O)(=O)N[C@H]1CC[C@@H](N2CCN(c3ccccc3OC(C)C)CC2)CC1,"InChI=1S/C27H36F3N3O4S/c1-19(2)37-24-7-5-4-6-23(24)33-16-14-32(15-17-33)22-11-9-21(10-12-22)31-38(34,35)26-18-20(27(28,29)30)8-13-25(26)36-3/h4-8,13,18-19,21-22,31H,9-12,14-17H2,1-3H3/t21-,22+"
500,CHEMBL234232,COc1ccc(C(F)(F)F)cc1S(=O)(=O)N[C@H]1CC[C@H](N2CCN(c3ccccc3OC(C)C)CC2)CC1,"InChI=1S/C27H36F3N3O4S/c1-19(2)37-24-7-5-4-6-23(24)33-16-14-32(15-17-33)22-11-9-21(10-12-22)31-38(34,35)26-18-20(27(28,29)30)8-13-25(26)36-3/h4-8,13,18-19,21-22,31H,9-12,14-17H2,1-3H3/t21-,22-"
501,CHEMBL482960,Cn1cc(S(=O)(=O)[C@H]2CC[C@@](CNC(=O)c3ccc(Cl)cc3Cl)(CC3CC3)CC2)nn1,"InChI=1S/C21H26Cl2N4O3S/c1-27-12-19(25-26-27)31(29,30)16-6-8-21(9-7-16,11-14-2-3-14)13-24-20(28)17-5-4-15(22)10-18(17)23/h4-5,10,12,14,16H,2-3,6-9,11,13H2,1H3,(H,24,28)/t16-,21-"
501,CHEMBL520648,Cn1cc(S(=O)(=O)[C@H]2CC[C@](CNC(=O)c3ccc(Cl)cc3Cl)(CC3CC3)CC2)nn1,"InChI=1S/C21H26Cl2N4O3S/c1-27-12-19(25-26-27)31(29,30)16-6-8-21(9-7-16,11-14-2-3-14)13-24-20(28)17-5-4-15(22)10-18(17)23/h4-5,10,12,14,16H,2-3,6-9,11,13H2,1H3,(H,24,28)/t16-,21+"
502,CHEMBL3827208,C[C@]1(O)C[C@](c2ccc(OC(F)(F)F)cc2)([C@H](O)c2ccccn2)C1,"InChI=1S/C18H18F3NO3/c1-16(24)10-17(11-16,15(23)14-4-2-3-9-22-14)12-5-7-13(8-6-12)25-18(19,20)21/h2-9,15,23-24H,10-11H2,1H3/t15-,16-,17-/m1/s1"
502,CHEMBL3828134,C[C@]1(O)C[C@@](c2ccc(OC(F)(F)F)cc2)([C@H](O)c2ccccn2)C1,"InChI=1S/C18H18F3NO3/c1-16(24)10-17(11-16,15(23)14-4-2-3-9-22-14)12-5-7-13(8-6-12)25-18(19,20)21/h2-9,15,23-24H,10-11H2,1H3/t15-,16-,17+/m1/s1"
503,CHEMBL3121515,CC(C)(C)C#Cc1cc(N(C(=O)[C@H]2CC[C@H](C)CC2)[C@H]2CC[C@H](Oc3ccc(=O)[nH]n3)CC2)c(C(=O)O)s1,"InChI=1S/C29H37N3O5S/c1-18-5-7-19(8-6-18)27(34)32(23-17-22(15-16-29(2,3)4)38-26(23)28(35)36)20-9-11-21(12-10-20)37-25-14-13-24(33)30-31-25/h13-14,17-21H,5-12H2,1-4H3,(H,30,33)(H,35,36)/t18-,19-,20-,21-"
503,CHEMBL3121516,CC(C)(C)C#Cc1cc(N(C(=O)[C@H]2CC[C@H](C)CC2)[C@H]2CC[C@@H](Oc3ccc(=O)[nH]n3)CC2)c(C(=O)O)s1,"InChI=1S/C29H37N3O5S/c1-18-5-7-19(8-6-18)27(34)32(23-17-22(15-16-29(2,3)4)38-26(23)28(35)36)20-9-11-21(12-10-20)37-25-14-13-24(33)30-31-25/h13-14,17-21H,5-12H2,1-4H3,(H,30,33)(H,35,36)/t18-,19-,20-,21+"
504,CHEMBL2152416,c1cc2c(ncc3ncn([C@H]4CC[C@H](N5CCOCC5)CC4)c32)[nH]1,"InChI=1S/C18H23N5O/c1-3-14(4-2-13(1)22-7-9-24-10-8-22)23-12-21-16-11-20-18-15(17(16)23)5-6-19-18/h5-6,11-14H,1-4,7-10H2,(H,19,20)/t13-,14-"
504,CHEMBL2152417,c1cc2c(ncc3ncn([C@H]4CC[C@@H](N5CCOCC5)CC4)c32)[nH]1,"InChI=1S/C18H23N5O/c1-3-14(4-2-13(1)22-7-9-24-10-8-22)23-12-21-16-11-20-18-15(17(16)23)5-6-19-18/h5-6,11-14H,1-4,7-10H2,(H,19,20)/t13-,14+"
505,CHEMBL221014,O=C(Nc1ccc(OC(F)(F)F)cc1)N[C@H]1CC[C@@H](Oc2ccc(F)cc2)CC1,"InChI=1S/C20H20F4N2O3/c21-13-1-7-16(8-2-13)28-17-9-3-14(4-10-17)25-19(27)26-15-5-11-18(12-6-15)29-20(22,23)24/h1-2,5-8,11-12,14,17H,3-4,9-10H2,(H2,25,26,27)/t14-,17+"
505,CHEMBL3099992,O=C(Nc1ccc(OC(F)(F)F)cc1)N[C@H]1CC[C@H](Oc2ccc(F)cc2)CC1,"InChI=1S/C20H20F4N2O3/c21-13-1-7-16(8-2-13)28-17-9-3-14(4-10-17)25-19(27)26-15-5-11-18(12-6-15)29-20(22,23)24/h1-2,5-8,11-12,14,17H,3-4,9-10H2,(H2,25,26,27)/t14-,17-"
506,CHEMBL4126952,COc1cccc(-c2cc(C(=O)Nc3cc4ccc(O[C@H]5CC[C@@H](N(CC6CC6)CC6CC6)CC5)c(C)c4oc3=O)ccc2OC)c1,"InChI=1S/C39H44N2O6/c1-24-35(46-31-15-13-30(14-16-31)41(22-25-7-8-25)23-26-9-10-26)17-11-28-21-34(39(43)47-37(24)28)40-38(42)29-12-18-36(45-3)33(20-29)27-5-4-6-32(19-27)44-2/h4-6,11-12,17-21,25-26,30-31H,7-10,13-16,22-23H2,1-3H3,(H,40,42)/t30-,31+"
506,CHEMBL4129047,COc1cccc(-c2cc(C(=O)Nc3cc4ccc(O[C@H]5CC[C@H](N(CC6CC6)CC6CC6)CC5)c(C)c4oc3=O)ccc2OC)c1,"InChI=1S/C39H44N2O6/c1-24-35(46-31-15-13-30(14-16-31)41(22-25-7-8-25)23-26-9-10-26)17-11-28-21-34(39(43)47-37(24)28)40-38(42)29-12-18-36(45-3)33(20-29)27-5-4-6-32(19-27)44-2/h4-6,11-12,17-21,25-26,30-31H,7-10,13-16,22-23H2,1-3H3,(H,40,42)/t30-,31-"
507,CHEMBL2386629,C[C@@H](O)c1nc2cnc3[nH]ccc3c2n1[C@H]1CC[C@H](NCC(F)(F)F)CC1,"InChI=1S/C18H22F3N5O/c1-10(27)17-25-14-8-23-16-13(6-7-22-16)15(14)26(17)12-4-2-11(3-5-12)24-9-18(19,20)21/h6-8,10-12,24,27H,2-5,9H2,1H3,(H,22,23)/t10-,11-,12-/m1/s1"
507,CHEMBL2386631,C[C@@H](O)c1nc2cnc3[nH]ccc3c2n1[C@H]1CC[C@@H](NCC(F)(F)F)CC1,"InChI=1S/C18H22F3N5O/c1-10(27)17-25-14-8-23-16-13(6-7-22-16)15(14)26(17)12-4-2-11(3-5-12)24-9-18(19,20)21/h6-8,10-12,24,27H,2-5,9H2,1H3,(H,22,23)/t10-,11-,12+/m1/s1"
508,CHEMBL3247542,N[C@H]1CC[C@](N)(C(=O)O)CC1,"InChI=1S/C7H14N2O2/c8-5-1-3-7(9,4-2-5)6(10)11/h5H,1-4,8-9H2,(H,10,11)/t5-,7+"
508,CHEMBL3247543,N[C@H]1CC[C@@](N)(C(=O)O)CC1,"InChI=1S/C7H14N2O2/c8-5-1-3-7(9,4-2-5)6(10)11/h5H,1-4,8-9H2,(H,10,11)/t5-,7-"
509,CHEMBL485604,Cc1nc2ccccc2c(=O)n1-c1ccc(O[C@H]2CC[C@H](N3CCCC3)CC2)cc1,"InChI=1S/C25H29N3O2/c1-18-26-24-7-3-2-6-23(24)25(29)28(18)20-10-14-22(15-11-20)30-21-12-8-19(9-13-21)27-16-4-5-17-27/h2-3,6-7,10-11,14-15,19,21H,4-5,8-9,12-13,16-17H2,1H3/t19-,21-"
509,CHEMBL521022,Cc1nc2ccccc2c(=O)n1-c1ccc(O[C@H]2CC[C@@H](N3CCCC3)CC2)cc1,"InChI=1S/C25H29N3O2/c1-18-26-24-7-3-2-6-23(24)25(29)28(18)20-10-14-22(15-11-20)30-21-12-8-19(9-13-21)27-16-4-5-17-27/h2-3,6-7,10-11,14-15,19,21H,4-5,8-9,12-13,16-17H2,1H3/t19-,21+"
510,CHEMBL3955773,O=C(N[C@H]1CC[C@H](O)CC1)c1cc(NC(=O)c2cc(-c3ccccn3)c(F)cc2Cl)n(-c2ccccc2)n1,"InChI=1S/C28H25ClFN5O3/c29-22-15-23(30)21(24-8-4-5-13-31-24)14-20(22)27(37)33-26-16-25(34-35(26)18-6-2-1-3-7-18)28(38)32-17-9-11-19(36)12-10-17/h1-8,13-17,19,36H,9-12H2,(H,32,38)(H,33,37)/t17-,19-"
510,CHEMBL3986665,O=C(N[C@H]1CC[C@@H](O)CC1)c1cc(NC(=O)c2cc(-c3ccccn3)c(F)cc2Cl)n(-c2ccccc2)n1,"InChI=1S/C28H25ClFN5O3/c29-22-15-23(30)21(24-8-4-5-13-31-24)14-20(22)27(37)33-26-16-25(34-35(26)18-6-2-1-3-7-18)28(38)32-17-9-11-19(36)12-10-17/h1-8,13-17,19,36H,9-12H2,(H,32,38)(H,33,37)/t17-,19+"
511,CHEMBL3084339,CC(C)(O)CCO[C@H]1CC[C@@]2(CCC/C(=C\C=C3C[C@@H](O)C[C@H](O)C3)C2)CC1,"InChI=1S/C24H40O4/c1-23(2,27)12-13-28-22-7-10-24(11-8-22)9-3-4-18(17-24)5-6-19-14-20(25)16-21(26)15-19/h5-6,20-22,25-27H,3-4,7-17H2,1-2H3/b18-5+/t20-,21-,22-,24-/m1/s1"
511,CHEMBL3085005,CC(C)(O)CCO[C@H]1CC[C@]2(CCC/C(=C\C=C3C[C@@H](O)C[C@H](O)C3)C2)CC1,"InChI=1S/C24H40O4/c1-23(2,27)12-13-28-22-7-10-24(11-8-22)9-3-4-18(17-24)5-6-19-14-20(25)16-21(26)15-19/h5-6,20-22,25-27H,3-4,7-17H2,1-2H3/b18-5+/t20-,21-,22-,24+/m1/s1"
512,CHEMBL277064,C/C=C/C(=O)N[C@H]1CC[C@](CNC(=O)c2ccccc2OC)(c2ccccc2)CC1,"InChI=1S/C25H30N2O3/c1-3-9-23(28)27-20-14-16-25(17-15-20,19-10-5-4-6-11-19)18-26-24(29)21-12-7-8-13-22(21)30-2/h3-13,20H,14-18H2,1-2H3,(H,26,29)(H,27,28)/b9-3+/t20-,25-"
512,CHEMBL416538,C/C=C/C(=O)N[C@H]1CC[C@@](CNC(=O)c2ccccc2OC)(c2ccccc2)CC1,"InChI=1S/C25H30N2O3/c1-3-9-23(28)27-20-14-16-25(17-15-20,19-10-5-4-6-11-19)18-26-24(29)21-12-7-8-13-22(21)30-2/h3-13,20H,14-18H2,1-2H3,(H,26,29)(H,27,28)/b9-3+/t20-,25+"
513,CHEMBL2408624,CS(=O)(=O)c1ccc2[nH]c(-c3ccc(-c4ccc(O[C@H]5CC[C@@H](C(=O)O)CC5)nc4)nc3)nc2c1,"InChI=1S/C25H24N4O5S/c1-35(32,33)19-8-10-21-22(12-19)29-24(28-21)17-4-9-20(26-14-17)16-5-11-23(27-13-16)34-18-6-2-15(3-7-18)25(30)31/h4-5,8-15,18H,2-3,6-7H2,1H3,(H,28,29)(H,30,31)/t15-,18+"
513,CHEMBL2408625,CS(=O)(=O)c1ccc2[nH]c(-c3ccc(-c4ccc(O[C@H]5CC[C@H](C(=O)O)CC5)nc4)nc3)nc2c1,"InChI=1S/C25H24N4O5S/c1-35(32,33)19-8-10-21-22(12-19)29-24(28-21)17-4-9-20(26-14-17)16-5-11-23(27-13-16)34-18-6-2-15(3-7-18)25(30)31/h4-5,8-15,18H,2-3,6-7H2,1H3,(H,28,29)(H,30,31)/t15-,18-"
514,CHEMBL2036626,CNc1ncc2c(-c3ccccc3)nn(C[C@H]3CC[C@H](O)CC3)c2n1,"InChI=1S/C19H23N5O/c1-20-19-21-11-16-17(14-5-3-2-4-6-14)23-24(18(16)22-19)12-13-7-9-15(25)10-8-13/h2-6,11,13,15,25H,7-10,12H2,1H3,(H,20,21,22)/t13-,15-"
514,CHEMBL2036627,CNc1ncc2c(-c3ccccc3)nn(C[C@H]3CC[C@@H](O)CC3)c2n1,"InChI=1S/C19H23N5O/c1-20-19-21-11-16-17(14-5-3-2-4-6-14)23-24(18(16)22-19)12-13-7-9-15(25)10-8-13/h2-6,11,13,15,25H,7-10,12H2,1H3,(H,20,21,22)/t13-,15+"
515,CHEMBL4203767,Nc1ncnc2c1c(-c1ccc(Oc3ccccc3)cc1)cn2[C@H]1CC[C@@H](N[C@@H](CO)C(=O)O)CC1,"InChI=1S/C27H29N5O4/c28-25-24-22(17-6-12-21(13-7-17)36-20-4-2-1-3-5-20)14-32(26(24)30-16-29-25)19-10-8-18(9-11-19)31-23(15-33)27(34)35/h1-7,12-14,16,18-19,23,31,33H,8-11,15H2,(H,34,35)(H2,28,29,30)/t18-,19+,23-/m0/s1"
515,CHEMBL4208645,Nc1ncnc2c1c(-c1ccc(Oc3ccccc3)cc1)cn2[C@H]1CC[C@H](N[C@@H](CO)C(=O)O)CC1,"InChI=1S/C27H29N5O4/c28-25-24-22(17-6-12-21(13-7-17)36-20-4-2-1-3-5-20)14-32(26(24)30-16-29-25)19-10-8-18(9-11-19)31-23(15-33)27(34)35/h1-7,12-14,16,18-19,23,31,33H,8-11,15H2,(H,34,35)(H2,28,29,30)/t18-,19-,23-/m0/s1"
516,CHEMBL4068484,O=S(=O)(Nc1nccs1)c1cc(Cl)c(NC[C@H]2CC[C@@H](O)CC2)cc1F,"InChI=1S/C16H19ClFN3O3S2/c17-12-7-15(26(23,24)21-16-19-5-6-25-16)13(18)8-14(12)20-9-10-1-3-11(22)4-2-10/h5-8,10-11,20,22H,1-4,9H2,(H,19,21)/t10-,11+"
516,CHEMBL4092435,O=S(=O)(Nc1nccs1)c1cc(Cl)c(NC[C@H]2CC[C@H](O)CC2)cc1F,"InChI=1S/C16H19ClFN3O3S2/c17-12-7-15(26(23,24)21-16-19-5-6-25-16)13(18)8-14(12)20-9-10-1-3-11(22)4-2-10/h5-8,10-11,20,22H,1-4,9H2,(H,19,21)/t10-,11-"
517,CHEMBL2375965,Cc1nc(N)nc2c1cc(-c1cnc3ccccc3c1)c(=O)n2[C@H]1CC[C@H](OCO)CC1,"InChI=1S/C24H25N5O3/c1-14-19-11-20(16-10-15-4-2-3-5-21(15)26-12-16)23(31)29(22(19)28-24(25)27-14)17-6-8-18(9-7-17)32-13-30/h2-5,10-12,17-18,30H,6-9,13H2,1H3,(H2,25,27,28)/t17-,18-"
517,CHEMBL2375969,Cc1nc(N)nc2c1cc(-c1cnc3ccccc3c1)c(=O)n2[C@H]1CC[C@@H](OCO)CC1,"InChI=1S/C24H25N5O3/c1-14-19-11-20(16-10-15-4-2-3-5-21(15)26-12-16)23(31)29(22(19)28-24(25)27-14)17-6-8-18(9-7-17)32-13-30/h2-5,10-12,17-18,30H,6-9,13H2,1H3,(H2,25,27,28)/t17-,18+"
518,CHEMBL3580962,N[C@H]1CC[C@H](CNc2nccc(Nc3cc(C4CC4)[nH]n3)n2)CC1,"InChI=1S/C17H25N7/c18-13-5-1-11(2-6-13)10-20-17-19-8-7-15(22-17)21-16-9-14(23-24-16)12-3-4-12/h7-9,11-13H,1-6,10,18H2,(H3,19,20,21,22,23,24)/t11-,13-"
518,CHEMBL3580963,N[C@H]1CC[C@@H](CNc2nccc(Nc3cc(C4CC4)[nH]n3)n2)CC1,"InChI=1S/C17H25N7/c18-13-5-1-11(2-6-13)10-20-17-19-8-7-15(22-17)21-16-9-14(23-24-16)12-3-4-12/h7-9,11-13H,1-6,10,18H2,(H3,19,20,21,22,23,24)/t11-,13+"
519,CHEMBL508331,CC(C)(C#N)C[C@H]1CC[C@H](N(C(=O)c2ccc([C@](C)(O)C(F)(F)F)cc2)C2CC2)CC1,"InChI=1S/C24H31F3N2O2/c1-22(2,15-28)14-16-4-10-19(11-5-16)29(20-12-13-20)21(30)17-6-8-18(9-7-17)23(3,31)24(25,26)27/h6-9,16,19-20,31H,4-5,10-14H2,1-3H3/t16-,19-,23-/m0/s1"
519,CHEMBL523600,CC(C)(C#N)C[C@H]1CC[C@@H](N(C(=O)c2ccc([C@](C)(O)C(F)(F)F)cc2)C2CC2)CC1,"InChI=1S/C24H31F3N2O2/c1-22(2,15-28)14-16-4-10-19(11-5-16)29(20-12-13-20)21(30)17-6-8-18(9-7-17)23(3,31)24(25,26)27/h6-9,16,19-20,31H,4-5,10-14H2,1-3H3/t16-,19+,23-/m0/s1"
520,CHEMBL3926289,CN[C@H]1C[C@H](N2CCc3c(-c4cnc(N)nc4)nc(N4CCOC[C@@H]4C)nc32)C1,"InChI=1S/C20H28N8O/c1-12-11-29-6-5-27(12)20-25-17(13-9-23-19(21)24-10-13)16-3-4-28(18(16)26-20)15-7-14(8-15)22-2/h9-10,12,14-15,22H,3-8,11H2,1-2H3,(H2,21,23,24)/t12-,14-,15-/m0/s1"
520,CHEMBL3963588,CN[C@H]1C[C@@H](N2CCc3c(-c4cnc(N)nc4)nc(N4CCOC[C@@H]4C)nc32)C1,"InChI=1S/C20H28N8O/c1-12-11-29-6-5-27(12)20-25-17(13-9-23-19(21)24-10-13)16-3-4-28(18(16)26-20)15-7-14(8-15)22-2/h9-10,12,14-15,22H,3-8,11H2,1-2H3,(H2,21,23,24)/t12-,14-,15+/m0/s1"
521,CHEMBL115482,Cc1cc2c(cc1Cc1ccc(C(=O)NC[C@H]3CC[C@H](CN=C(N)N)CC3)o1)C(C)(C)CCC2(C)C,"InChI=1S/C30H44N4O2/c1-19-14-24-25(30(4,5)13-12-29(24,2)3)16-22(19)15-23-10-11-26(36-23)27(35)33-17-20-6-8-21(9-7-20)18-34-28(31)32/h10-11,14,16,20-21H,6-9,12-13,15,17-18H2,1-5H3,(H,33,35)(H4,31,32,34)/t20-,21-"
521,CHEMBL117736,Cc1cc2c(cc1Cc1ccc(C(=O)NC[C@H]3CC[C@@H](CN=C(N)N)CC3)o1)C(C)(C)CCC2(C)C,"InChI=1S/C30H44N4O2/c1-19-14-24-25(30(4,5)13-12-29(24,2)3)16-22(19)15-23-10-11-26(36-23)27(35)33-17-20-6-8-21(9-7-20)18-34-28(31)32/h10-11,14,16,20-21H,6-9,12-13,15,17-18H2,1-5H3,(H,33,35)(H4,31,32,34)/t20-,21+"
522,CHEMBL3394397,O=C(c1cccc(N2CCCCC2)n1)N(C1CC1)[C@H]1CC[C@@](O)(C(F)(F)F)CC1,"InChI=1S/C21H28F3N3O2/c22-21(23,24)20(29)11-9-16(10-12-20)27(15-7-8-15)19(28)17-5-4-6-18(25-17)26-13-2-1-3-14-26/h4-6,15-16,29H,1-3,7-14H2/t16-,20-"
522,CHEMBL3394398,O=C(c1cccc(N2CCCCC2)n1)N(C1CC1)[C@H]1CC[C@](O)(C(F)(F)F)CC1,"InChI=1S/C21H28F3N3O2/c22-21(23,24)20(29)11-9-16(10-12-20)27(15-7-8-15)19(28)17-5-4-6-18(25-17)26-13-2-1-3-14-26/h4-6,15-16,29H,1-3,7-14H2/t16-,20+"
523,CHEMBL452587,C[C@](O)(c1ccc(C(=O)N(C2CC2)[C@H]2CC[C@H](c3cccnc3)CC2)cc1)C(F)(F)F,"InChI=1S/C24H27F3N2O2/c1-23(31,24(25,26)27)19-8-4-17(5-9-19)22(30)29(21-12-13-21)20-10-6-16(7-11-20)18-3-2-14-28-15-18/h2-5,8-9,14-16,20-21,31H,6-7,10-13H2,1H3/t16-,20-,23-/m0/s1"
523,CHEMBL455443,C[C@](O)(c1ccc(C(=O)N(C2CC2)[C@H]2CC[C@@H](c3cccnc3)CC2)cc1)C(F)(F)F,"InChI=1S/C24H27F3N2O2/c1-23(31,24(25,26)27)19-8-4-17(5-9-19)22(30)29(21-12-13-21)20-10-6-16(7-11-20)18-3-2-14-28-15-18/h2-5,8-9,14-16,20-21,31H,6-7,10-13H2,1H3/t16-,20+,23-/m0/s1"
524,CHEMBL4204333,Cc1n[nH]cc1-c1cc2c(s1)C(=O)N[C@]1(CC[C@@](O)(c3ccc(F)cc3)CC1)N2,"InChI=1S/C21H21FN4O2S/c1-12-15(11-23-26-12)17-10-16-18(29-17)19(27)25-21(24-16)8-6-20(28,7-9-21)13-2-4-14(22)5-3-13/h2-5,10-11,24,28H,6-9H2,1H3,(H,23,26)(H,25,27)/t20-,21-"
524,CHEMBL4213805,Cc1n[nH]cc1-c1cc2c(s1)C(=O)N[C@]1(CC[C@](O)(c3ccc(F)cc3)CC1)N2,"InChI=1S/C21H21FN4O2S/c1-12-15(11-23-26-12)17-10-16-18(29-17)19(27)25-21(24-16)8-6-20(28,7-9-21)13-2-4-14(22)5-3-13/h2-5,10-11,24,28H,6-9H2,1H3,(H,23,26)(H,25,27)/t20-,21+"
525,CHEMBL3947123,CC[C@H]1c2c(C3=CCN([C@H]4C[C@@H](C(=O)O)C4)CC3)[nH]c3nccc(c23)-c2cc(F)ccc2N1C,"InChI=1S/C27H29FN4O2/c1-3-21-24-23-19(20-14-17(28)4-5-22(20)31(21)2)6-9-29-26(23)30-25(24)15-7-10-32(11-8-15)18-12-16(13-18)27(33)34/h4-7,9,14,16,18,21H,3,8,10-13H2,1-2H3,(H,29,30)(H,33,34)/t16-,18+,21-/m0/s1"
525,CHEMBL3952466,CC[C@H]1c2c(C3=CCN([C@H]4C[C@H](C(=O)O)C4)CC3)[nH]c3nccc(c23)-c2cc(F)ccc2N1C,"InChI=1S/C27H29FN4O2/c1-3-21-24-23-19(20-14-17(28)4-5-22(20)31(21)2)6-9-29-26(23)30-25(24)15-7-10-32(11-8-15)18-12-16(13-18)27(33)34/h4-7,9,14,16,18,21H,3,8,10-13H2,1-2H3,(H,29,30)(H,33,34)/t16-,18-,21-/m0/s1"
526,CHEMBL3758625,COc1cccc(CNC(=O)c2cc(-c3nnn(C[C@H]4CC[C@H](NS(C)(=O)=O)CC4)n3)cc(C)n2)c1,"InChI=1S/C24H31N7O4S/c1-16-11-19(13-22(26-16)24(32)25-14-18-5-4-6-21(12-18)35-2)23-27-30-31(28-23)15-17-7-9-20(10-8-17)29-36(3,33)34/h4-6,11-13,17,20,29H,7-10,14-15H2,1-3H3,(H,25,32)/t17-,20-"
526,CHEMBL3759511,COc1cccc(CNC(=O)c2cc(-c3nnn(C[C@H]4CC[C@@H](NS(C)(=O)=O)CC4)n3)cc(C)n2)c1,"InChI=1S/C24H31N7O4S/c1-16-11-19(13-22(26-16)24(32)25-14-18-5-4-6-21(12-18)35-2)23-27-30-31(28-23)15-17-7-9-20(10-8-17)29-36(3,33)34/h4-6,11-13,17,20,29H,7-10,14-15H2,1-3H3,(H,25,32)/t17-,20+"
527,CHEMBL3648597,CCCc1c(Cc2ccc(-c3ccccc3-c3nc(=O)o[nH]3)cc2)c(=O)n([C@H]2CC[C@@H](Oc3ccon3)CC2)c2ncnn12,"InChI=1S/C32H31N7O5/c1-2-5-27-26(18-20-8-10-21(11-9-20)24-6-3-4-7-25(24)29-35-32(41)44-37-29)30(40)38(31-33-19-34-39(27)31)22-12-14-23(15-13-22)43-28-16-17-42-36-28/h3-4,6-11,16-17,19,22-23H,2,5,12-15,18H2,1H3,(H,35,37,41)/t22-,23+"
527,CHEMBL3648598,CCCc1c(Cc2ccc(-c3ccccc3-c3nc(=O)o[nH]3)cc2)c(=O)n([C@H]2CC[C@H](Oc3ccon3)CC2)c2ncnn12,"InChI=1S/C32H31N7O5/c1-2-5-27-26(18-20-8-10-21(11-9-20)24-6-3-4-7-25(24)29-35-32(41)44-37-29)30(40)38(31-33-19-34-39(27)31)22-12-14-23(15-13-22)43-28-16-17-42-36-28/h3-4,6-11,16-17,19,22-23H,2,5,12-15,18H2,1H3,(H,35,37,41)/t22-,23-"
528,CHEMBL250023,O=c1[nH]c([C@H]2CC[C@H](N3CC=C(c4ccccc4)CC3)CC2)nc2ccccc12,"InChI=1S/C25H27N3O/c29-25-22-8-4-5-9-23(22)26-24(27-25)20-10-12-21(13-11-20)28-16-14-19(15-17-28)18-6-2-1-3-7-18/h1-9,14,20-21H,10-13,15-17H2,(H,26,27,29)/t20-,21-"
528,CHEMBL250211,O=c1[nH]c([C@H]2CC[C@@H](N3CC=C(c4ccccc4)CC3)CC2)nc2ccccc12,"InChI=1S/C25H27N3O/c29-25-22-8-4-5-9-23(22)26-24(27-25)20-10-12-21(13-11-20)28-16-14-19(15-17-28)18-6-2-1-3-7-18/h1-9,14,20-21H,10-13,15-17H2,(H,26,27,29)/t20-,21+"
529,CHEMBL233849,COc1ccc(Br)cc1S(=O)(=O)N[C@H]1CC[C@@H](N2CCN(c3ccccc3OC(C)C)CC2)CC1,"InChI=1S/C26H36BrN3O4S/c1-19(2)34-24-7-5-4-6-23(24)30-16-14-29(15-17-30)22-11-9-21(10-12-22)28-35(31,32)26-18-20(27)8-13-25(26)33-3/h4-8,13,18-19,21-22,28H,9-12,14-17H2,1-3H3/t21-,22+"
529,CHEMBL429076,COc1ccc(Br)cc1S(=O)(=O)N[C@H]1CC[C@H](N2CCN(c3ccccc3OC(C)C)CC2)CC1,"InChI=1S/C26H36BrN3O4S/c1-19(2)34-24-7-5-4-6-23(24)30-16-14-29(15-17-30)22-11-9-21(10-12-22)28-35(31,32)26-18-20(27)8-13-25(26)33-3/h4-8,13,18-19,21-22,28H,9-12,14-17H2,1-3H3/t21-,22-"
530,CHEMBL3892570,O=C(N[C@H]1CC[C@@H](O)CC1)c1cc(NC(=O)c2cc(-c3ccccn3)c(Cl)cc2Cl)n(-c2ccccc2)n1,"InChI=1S/C28H25Cl2N5O3/c29-22-15-23(30)21(14-20(22)24-8-4-5-13-31-24)27(37)33-26-16-25(34-35(26)18-6-2-1-3-7-18)28(38)32-17-9-11-19(36)12-10-17/h1-8,13-17,19,36H,9-12H2,(H,32,38)(H,33,37)/t17-,19+"
530,CHEMBL3935148,O=C(N[C@H]1CC[C@H](O)CC1)c1cc(NC(=O)c2cc(-c3ccccn3)c(Cl)cc2Cl)n(-c2ccccc2)n1,"InChI=1S/C28H25Cl2N5O3/c29-22-15-23(30)21(14-20(22)24-8-4-5-13-31-24)27(37)33-26-16-25(34-35(26)18-6-2-1-3-7-18)28(38)32-17-9-11-19(36)12-10-17/h1-8,13-17,19,36H,9-12H2,(H,32,38)(H,33,37)/t17-,19-"
531,CHEMBL3944524,C=CC(=O)N[C@H]1CC[C@@H](n2c(NC(=O)c3cccc(C(F)(F)F)c3)nc3cc(C)ccc32)CC1,"InChI=1S/C25H25F3N4O2/c1-3-22(33)29-18-8-10-19(11-9-18)32-21-12-7-15(2)13-20(21)30-24(32)31-23(34)16-5-4-6-17(14-16)25(26,27)28/h3-7,12-14,18-19H,1,8-11H2,2H3,(H,29,33)(H,30,31,34)/t18-,19+"
531,CHEMBL3962999,C=CC(=O)N[C@H]1CC[C@H](n2c(NC(=O)c3cccc(C(F)(F)F)c3)nc3cc(C)ccc32)CC1,"InChI=1S/C25H25F3N4O2/c1-3-22(33)29-18-8-10-19(11-9-18)32-21-12-7-15(2)13-20(21)30-24(32)31-23(34)16-5-4-6-17(14-16)25(26,27)28/h3-7,12-14,18-19H,1,8-11H2,2H3,(H,29,33)(H,30,31,34)/t18-,19-"
532,CHEMBL4113620,O[C@@H]1CCN(C[C@H]2CC[C@H](c3nnn4cnc5[nH]ccc5c34)CC2)C1,"InChI=1S/C18H24N6O/c25-14-6-8-23(10-14)9-12-1-3-13(4-2-12)16-17-15-5-7-19-18(15)20-11-24(17)22-21-16/h5,7,11-14,19,25H,1-4,6,8-10H2/t12-,13-,14-/m1/s1"
532,CHEMBL4114359,O[C@@H]1CCN(C[C@H]2CC[C@@H](c3nnn4cnc5[nH]ccc5c34)CC2)C1,"InChI=1S/C18H24N6O/c25-14-6-8-23(10-14)9-12-1-3-13(4-2-12)16-17-15-5-7-19-18(15)20-11-24(17)22-21-16/h5,7,11-14,19,25H,1-4,6,8-10H2/t12-,13+,14-/m1/s1"
533,CHEMBL255259,F[C@H]1C[C@@](c2ccc(Cl)cc2)(c2nnc(C3CC3)n2C2CC2)C1,"InChI=1S/C18H19ClFN3/c19-13-5-3-12(4-6-13)18(9-14(20)10-18)17-22-21-16(11-1-2-11)23(17)15-7-8-15/h3-6,11,14-15H,1-2,7-10H2/t14-,18+"
533,CHEMBL404095,F[C@H]1C[C@](c2ccc(Cl)cc2)(c2nnc(C3CC3)n2C2CC2)C1,"InChI=1S/C18H19ClFN3/c19-13-5-3-12(4-6-13)18(9-14(20)10-18)17-22-21-16(11-1-2-11)23(17)15-7-8-15/h3-6,11,14-15H,1-2,7-10H2/t14-,18-"
534,CHEMBL4112116,Nc1ncc([C@H]2CC[C@@H](F)CC2)nc1-c1ccc(C(=O)N[C@H](CO)c2cccc(Cl)c2)c(F)c1,"InChI=1S/C25H25ClF2N4O2/c26-17-3-1-2-15(10-17)22(13-33)32-25(34)19-9-6-16(11-20(19)28)23-24(29)30-12-21(31-23)14-4-7-18(27)8-5-14/h1-3,6,9-12,14,18,22,33H,4-5,7-8,13H2,(H2,29,30)(H,32,34)/t14-,18+,22-/m1/s1"
534,CHEMBL4112282,Nc1ncc([C@H]2CC[C@H](F)CC2)nc1-c1ccc(C(=O)N[C@H](CO)c2cccc(Cl)c2)c(F)c1,"InChI=1S/C25H25ClF2N4O2/c26-17-3-1-2-15(10-17)22(13-33)32-25(34)19-9-6-16(11-20(19)28)23-24(29)30-12-21(31-23)14-4-7-18(27)8-5-14/h1-3,6,9-12,14,18,22,33H,4-5,7-8,13H2,(H2,29,30)(H,32,34)/t14-,18-,22-/m1/s1"
535,CHEMBL3730665,O=C(N[C@H]1CC[C@@H](CO)CC1)[C@H]1[C@H](C(=O)Nc2ncc(Br)s2)[C@@H]2CC[C@H]1C21CC1,"InChI=1S/C21H28BrN3O3S/c22-15-9-23-20(29-15)25-19(28)17-14-6-5-13(21(14)7-8-21)16(17)18(27)24-12-3-1-11(10-26)2-4-12/h9,11-14,16-17,26H,1-8,10H2,(H,24,27)(H,23,25,28)/t11-,12+,13-,14+,16-,17-/m1/s1"
535,CHEMBL3731851,O=C(N[C@H]1CC[C@H](CO)CC1)[C@H]1[C@H](C(=O)Nc2ncc(Br)s2)[C@@H]2CC[C@H]1C21CC1,"InChI=1S/C21H28BrN3O3S/c22-15-9-23-20(29-15)25-19(28)17-14-6-5-13(21(14)7-8-21)16(17)18(27)24-12-3-1-11(10-26)2-4-12/h9,11-14,16-17,26H,1-8,10H2,(H,24,27)(H,23,25,28)/t11-,12-,13-,14+,16-,17-/m1/s1"
536,CHEMBL1253643,CC(=O)O[C@H]1C[C@H]2[C@@H](CC[C@@H]3C[C@]4(CC[C@@]32C)OO[C@@]2(CC[C@@]3(C)[C@H](CC[C@@H]5[C@@H]3C[C@H](OC(C)=O)[C@]3(C)[C@@H]([C@H](C)CCC(=O)N6CCCCC6)CC[C@@H]53)C2)OO4)[C@@H]2CC[C@H]([C@H](C)CCC(=O)N3CCCCC3)[C@@]12C,"InChI=1S/C62H98N2O10/c1-39(15-25-55(67)63-31-11-9-12-32-63)47-21-23-49-45-19-17-43-37-61(29-27-57(43,5)51(45)35-53(59(47,49)7)69-41(3)65)71-73-62(74-72-61)30-28-58(6)44(38-62)18-20-46-50-24-22-48(60(50,8)54(36-52(46)58)70-42(4)66)40(2)16-26-56(68)64-33-13-10-14-34-64/h39-40,43-54H,9-38H2,1-8H3/t39-,40-,43-,44-,45+,46+,47-,48-,49+,50+,51+,52+,53+,54+,57+,58+,59-,60-,61-,62+/m1/s1"
536,CHEMBL1253647,CC(=O)O[C@H]1C[C@H]2[C@@H](CC[C@@H]3C[C@]4(CC[C@@]32C)OO[C@]2(CC[C@@]3(C)[C@H](CC[C@@H]5[C@@H]3C[C@H](OC(C)=O)[C@]3(C)[C@@H]([C@H](C)CCC(=O)N6CCCCC6)CC[C@@H]53)C2)OO4)[C@@H]2CC[C@H]([C@H](C)CCC(=O)N3CCCCC3)[C@@]12C,"InChI=1S/C62H98N2O10/c1-39(15-25-55(67)63-31-11-9-12-32-63)47-21-23-49-45-19-17-43-37-61(29-27-57(43,5)51(45)35-53(59(47,49)7)69-41(3)65)71-73-62(74-72-61)30-28-58(6)44(38-62)18-20-46-50-24-22-48(60(50,8)54(36-52(46)58)70-42(4)66)40(2)16-26-56(68)64-33-13-10-14-34-64/h39-40,43-54H,9-38H2,1-8H3/t39-,40-,43-,44-,45+,46+,47-,48-,49+,50+,51+,52+,53+,54+,57+,58+,59-,60-,61-,62-/m1/s1"
537,CHEMBL3928737,O=C(O)COC[C@H]1CC[C@@H](COC(=O)N(c2ccccc2)c2ccc(F)cc2)CC1,"InChI=1S/C23H26FNO5/c24-19-10-12-21(13-11-19)25(20-4-2-1-3-5-20)23(28)30-15-18-8-6-17(7-9-18)14-29-16-22(26)27/h1-5,10-13,17-18H,6-9,14-16H2,(H,26,27)/t17-,18+"
537,CHEMBL3975122,O=C(O)COC[C@H]1CC[C@H](COC(=O)N(c2ccccc2)c2ccc(F)cc2)CC1,"InChI=1S/C23H26FNO5/c24-19-10-12-21(13-11-19)25(20-4-2-1-3-5-20)23(28)30-15-18-8-6-17(7-9-18)14-29-16-22(26)27/h1-5,10-13,17-18H,6-9,14-16H2,(H,26,27)/t17-,18-"
538,CHEMBL3309298,CC1(C)CC(=O)Nc2ccc(C(=O)NC[C@H]3CC[C@H](CCC(=O)NO)CC3)cc21,"InChI=1S/C22H31N3O4/c1-22(2)12-20(27)24-18-9-8-16(11-17(18)22)21(28)23-13-15-5-3-14(4-6-15)7-10-19(26)25-29/h8-9,11,14-15,29H,3-7,10,12-13H2,1-2H3,(H,23,28)(H,24,27)(H,25,26)/t14-,15-"
538,CHEMBL3309300,CC1(C)CC(=O)Nc2ccc(C(=O)NC[C@H]3CC[C@@H](CCC(=O)NO)CC3)cc21,"InChI=1S/C22H31N3O4/c1-22(2)12-20(27)24-18-9-8-16(11-17(18)22)21(28)23-13-15-5-3-14(4-6-15)7-10-19(26)25-29/h8-9,11,14-15,29H,3-7,10,12-13H2,1-2H3,(H,23,28)(H,24,27)(H,25,26)/t14-,15+"
539,CHEMBL221792,O=C(Nc1cccc(C(=O)O)c1)N[C@H]1CC[C@@H](Oc2ccc(F)cc2)CC1,"InChI=1S/C20H21FN2O4/c21-14-4-8-17(9-5-14)27-18-10-6-15(7-11-18)22-20(26)23-16-3-1-2-13(12-16)19(24)25/h1-5,8-9,12,15,18H,6-7,10-11H2,(H,24,25)(H2,22,23,26)/t15-,18+"
539,CHEMBL3100010,O=C(Nc1cccc(C(=O)O)c1)N[C@H]1CC[C@H](Oc2ccc(F)cc2)CC1,"InChI=1S/C20H21FN2O4/c21-14-4-8-17(9-5-14)27-18-10-6-15(7-11-18)22-20(26)23-16-3-1-2-13(12-16)19(24)25/h1-5,8-9,12,15,18H,6-7,10-11H2,(H,24,25)(H2,22,23,26)/t15-,18-"
540,CHEMBL16255,C=CCNC(=O)N[C@H]1CC[C@@](CNC(=O)c2ccccc2OC)(c2ccccc2)CC1,"InChI=1S/C25H31N3O3/c1-3-17-26-24(30)28-20-13-15-25(16-14-20,19-9-5-4-6-10-19)18-27-23(29)21-11-7-8-12-22(21)31-2/h3-12,20H,1,13-18H2,2H3,(H,27,29)(H2,26,28,30)/t20-,25+"
540,CHEMBL16683,C=CCNC(=O)N[C@H]1CC[C@](CNC(=O)c2ccccc2OC)(c2ccccc2)CC1,"InChI=1S/C25H31N3O3/c1-3-17-26-24(30)28-20-13-15-25(16-14-20,19-9-5-4-6-10-19)18-27-23(29)21-11-7-8-12-22(21)31-2/h3-12,20H,1,13-18H2,2H3,(H,27,29)(H2,26,28,30)/t20-,25-"
541,CHEMBL2375957,COc1ncc(-c2cc3c(C)nc(N)nc3n([C@H]3CC[C@H](OCC(N)=O)CC3)c2=O)cc1F,"InChI=1S/C22H25FN6O4/c1-11-15-8-16(12-7-17(23)20(32-2)26-9-12)21(31)29(19(15)28-22(25)27-11)13-3-5-14(6-4-13)33-10-18(24)30/h7-9,13-14H,3-6,10H2,1-2H3,(H2,24,30)(H2,25,27,28)/t13-,14-"
541,CHEMBL2375963,COc1ncc(-c2cc3c(C)nc(N)nc3n([C@H]3CC[C@@H](OCC(N)=O)CC3)c2=O)cc1F,"InChI=1S/C22H25FN6O4/c1-11-15-8-16(12-7-17(23)20(32-2)26-9-12)21(31)29(19(15)28-22(25)27-11)13-3-5-14(6-4-13)33-10-18(24)30/h7-9,13-14H,3-6,10H2,1-2H3,(H2,24,30)(H2,25,27,28)/t13-,14+"
542,CHEMBL3697044,Cc1cc(CN(C[C@H]2CC[C@H](C(=O)O)CC2)[C@@H](C)c2ccc(Cl)cc2)ccc1OCCN1C(=O)CCC1=O,"InChI=1S/C30H37ClN2O5/c1-20-17-23(5-12-27(20)38-16-15-33-28(34)13-14-29(33)35)19-32(21(2)24-8-10-26(31)11-9-24)18-22-3-6-25(7-4-22)30(36)37/h5,8-12,17,21-22,25H,3-4,6-7,13-16,18-19H2,1-2H3,(H,36,37)/t21-,22-,25-/m0/s1"
542,CHEMBL3697045,Cc1cc(CN(C[C@H]2CC[C@@H](C(=O)O)CC2)[C@@H](C)c2ccc(Cl)cc2)ccc1OCCN1C(=O)CCC1=O,"InChI=1S/C30H37ClN2O5/c1-20-17-23(5-12-27(20)38-16-15-33-28(34)13-14-29(33)35)19-32(21(2)24-8-10-26(31)11-9-24)18-22-3-6-25(7-4-22)30(36)37/h5,8-12,17,21-22,25H,3-4,6-7,13-16,18-19H2,1-2H3,(H,36,37)/t21-,22-,25+/m0/s1"
543,CHEMBL1951771,O=C(CNC(=O)c1cccc(C(F)(F)F)c1)N[C@@H]1CCN([C@H]2CC[C@@](O)(c3ncccn3)CC2)C1,"InChI=1S/C24H28F3N5O3/c25-24(26,27)17-4-1-3-16(13-17)21(34)30-14-20(33)31-18-7-12-32(15-18)19-5-8-23(35,9-6-19)22-28-10-2-11-29-22/h1-4,10-11,13,18-19,35H,5-9,12,14-15H2,(H,30,34)(H,31,33)/t18-,19-,23-/m1/s1"
543,CHEMBL1951783,O=C(CNC(=O)c1cccc(C(F)(F)F)c1)N[C@@H]1CCN([C@H]2CC[C@](O)(c3ncccn3)CC2)C1,"InChI=1S/C24H28F3N5O3/c25-24(26,27)17-4-1-3-16(13-17)21(34)30-14-20(33)31-18-7-12-32(15-18)19-5-8-23(35,9-6-19)22-28-10-2-11-29-22/h1-4,10-11,13,18-19,35H,5-9,12,14-15H2,(H,30,34)(H,31,33)/t18-,19-,23+/m1/s1"
544,CHEMBL3697417,CC(=O)N[C@H]1CC[C@@H](N(C)c2cc(-c3cnn(C)c3)cc(C(=O)NCc3c(C)cc(C)[nH]c3=O)c2C)CC1,"InChI=1S/C29H38N6O3/c1-17-11-18(2)32-29(38)26(17)15-30-28(37)25-12-21(22-14-31-34(5)16-22)13-27(19(25)3)35(6)24-9-7-23(8-10-24)33-20(4)36/h11-14,16,23-24H,7-10,15H2,1-6H3,(H,30,37)(H,32,38)(H,33,36)/t23-,24+"
544,CHEMBL3697418,CC(=O)N[C@H]1CC[C@H](N(C)c2cc(-c3cnn(C)c3)cc(C(=O)NCc3c(C)cc(C)[nH]c3=O)c2C)CC1,"InChI=1S/C29H38N6O3/c1-17-11-18(2)32-29(38)26(17)15-30-28(37)25-12-21(22-14-31-34(5)16-22)13-27(19(25)3)35(6)24-9-7-23(8-10-24)33-20(4)36/h11-14,16,23-24H,7-10,15H2,1-6H3,(H,30,37)(H,32,38)(H,33,36)/t23-,24-"
545,CHEMBL3828190,O[C@H](c1ccccn1)[C@]1(c2cc(C(F)(F)F)ccn2)C[C@@H](O)C1,"InChI=1S/C16H15F3N2O2/c17-16(18,19)10-4-6-21-13(7-10)15(8-11(22)9-15)14(23)12-3-1-2-5-20-12/h1-7,11,14,22-23H,8-9H2/t11-,14-,15-/m1/s1"
545,CHEMBL3828720,O[C@H](c1ccccn1)[C@]1(c2cc(C(F)(F)F)ccn2)C[C@H](O)C1,"InChI=1S/C16H15F3N2O2/c17-16(18,19)10-4-6-21-13(7-10)15(8-11(22)9-15)14(23)12-3-1-2-5-20-12/h1-7,11,14,22-23H,8-9H2/t11-,14-,15+/m1/s1"
546,CHEMBL4205400,Nc1ncnc2c1c(-c1ccc(Oc3ccccc3)cc1)cn2[C@H]1CC[C@H](N[C@H](Cc2ccccc2)C(=O)O)CC1,"InChI=1S/C33H33N5O3/c34-31-30-28(23-11-17-27(18-12-23)41-26-9-5-2-6-10-26)20-38(32(30)36-21-35-31)25-15-13-24(14-16-25)37-29(33(39)40)19-22-7-3-1-4-8-22/h1-12,17-18,20-21,24-25,29,37H,13-16,19H2,(H,39,40)(H2,34,35,36)/t24-,25-,29-/m1/s1"
546,CHEMBL4210294,Nc1ncnc2c1c(-c1ccc(Oc3ccccc3)cc1)cn2[C@H]1CC[C@@H](N[C@H](Cc2ccccc2)C(=O)O)CC1,"InChI=1S/C33H33N5O3/c34-31-30-28(23-11-17-27(18-12-23)41-26-9-5-2-6-10-26)20-38(32(30)36-21-35-31)25-15-13-24(14-16-25)37-29(33(39)40)19-22-7-3-1-4-8-22/h1-12,17-18,20-21,24-25,29,37H,13-16,19H2,(H,39,40)(H2,34,35,36)/t24-,25+,29-/m1/s1"
547,CHEMBL3309297,CC1(C)CC(=O)Nc2ccc(C(=O)NC[C@H]3CC[C@H](/C=C/C(=O)NO)CC3)cc21,"InChI=1S/C22H29N3O4/c1-22(2)12-20(27)24-18-9-8-16(11-17(18)22)21(28)23-13-15-5-3-14(4-6-15)7-10-19(26)25-29/h7-11,14-15,29H,3-6,12-13H2,1-2H3,(H,23,28)(H,24,27)(H,25,26)/b10-7+/t14-,15-"
547,CHEMBL3309299,CC1(C)CC(=O)Nc2ccc(C(=O)NC[C@H]3CC[C@@H](/C=C/C(=O)NO)CC3)cc21,"InChI=1S/C22H29N3O4/c1-22(2)12-20(27)24-18-9-8-16(11-17(18)22)21(28)23-13-15-5-3-14(4-6-15)7-10-19(26)25-29/h7-11,14-15,29H,3-6,12-13H2,1-2H3,(H,23,28)(H,24,27)(H,25,26)/b10-7+/t14-,15+"
548,CHEMBL86662,C1=C(c2ccccc2)CCN(CC[C@H]2CC[C@H](c3c[nH]c4ccccc43)CC2)C1,"InChI=1S/C27H32N2/c1-2-6-22(7-3-1)23-15-18-29(19-16-23)17-14-21-10-12-24(13-11-21)26-20-28-27-9-5-4-8-25(26)27/h1-9,15,20-21,24,28H,10-14,16-19H2/t21-,24-"
548,CHEMBL87003,C1=C(c2ccccc2)CCN(CC[C@H]2CC[C@@H](c3c[nH]c4ccccc43)CC2)C1,"InChI=1S/C27H32N2/c1-2-6-22(7-3-1)23-15-18-29(19-16-23)17-14-21-10-12-24(13-11-21)26-20-28-27-9-5-4-8-25(26)27/h1-9,15,20-21,24,28H,10-14,16-19H2/t21-,24+"
549,CHEMBL3934370,COc1ccc(CNc2nc(N3CCC4(CC4)C3)ncc2C(=O)N[C@H]2CC[C@@H](O)CC2)cc1Cl,"InChI=1S/C25H32ClN5O3/c1-34-21-7-2-16(12-20(21)26)13-27-22-19(23(33)29-17-3-5-18(32)6-4-17)14-28-24(30-22)31-11-10-25(15-31)8-9-25/h2,7,12,14,17-18,32H,3-6,8-11,13,15H2,1H3,(H,29,33)(H,27,28,30)/t17-,18+"
549,CHEMBL3935122,COc1ccc(CNc2nc(N3CCC4(CC4)C3)ncc2C(=O)N[C@H]2CC[C@H](O)CC2)cc1Cl,"InChI=1S/C25H32ClN5O3/c1-34-21-7-2-16(12-20(21)26)13-27-22-19(23(33)29-17-3-5-18(32)6-4-17)14-28-24(30-22)31-11-10-25(15-31)8-9-25/h2,7,12,14,17-18,32H,3-6,8-11,13,15H2,1H3,(H,29,33)(H,27,28,30)/t17-,18-"
550,CHEMBL481140,COc1ccc2[nH]cc([C@H]3CC[C@@H](N4CCN(c5cccc6[nH]ccc56)CC4)CC3)c2c1,"InChI=1S/C27H32N4O/c1-32-21-9-10-26-23(17-21)24(18-29-26)19-5-7-20(8-6-19)30-13-15-31(16-14-30)27-4-2-3-25-22(27)11-12-28-25/h2-4,9-12,17-20,28-29H,5-8,13-16H2,1H3/t19-,20+"
550,CHEMBL481141,COc1ccc2[nH]cc([C@H]3CC[C@H](N4CCN(c5cccc6[nH]ccc56)CC4)CC3)c2c1,"InChI=1S/C27H32N4O/c1-32-21-9-10-26-23(17-21)24(18-29-26)19-5-7-20(8-6-19)30-13-15-31(16-14-30)27-4-2-3-25-22(27)11-12-28-25/h2-4,9-12,17-20,28-29H,5-8,13-16H2,1H3/t19-,20-"
551,CHEMBL3577867,CCNC(=O)N[C@H]1CC[C@H](Nc2ncc3ccc(=O)n(C(C)C)c3n2)CC1,"InChI=1S/C19H28N6O2/c1-4-20-19(27)23-15-8-6-14(7-9-15)22-18-21-11-13-5-10-16(26)25(12(2)3)17(13)24-18/h5,10-12,14-15H,4,6-9H2,1-3H3,(H2,20,23,27)(H,21,22,24)/t14-,15-"
551,CHEMBL3577871,CCNC(=O)N[C@H]1CC[C@@H](Nc2ncc3ccc(=O)n(C(C)C)c3n2)CC1,"InChI=1S/C19H28N6O2/c1-4-20-19(27)23-15-8-6-14(7-9-15)22-18-21-11-13-5-10-16(26)25(12(2)3)17(13)24-18/h5,10-12,14-15H,4,6-9H2,1-3H3,(H2,20,23,27)(H,21,22,24)/t14-,15+"
552,CHEMBL2261154,C[S+](C)[C@H]1CO[C@@H](C(c2ccccc2)c2ccccc2)OC1.[O-][Cl+3]([O-])([O-])[O-],"InChI=1S/C19H23O2S.ClHO4/c1-22(2)17-13-20-19(21-14-17)18(15-9-5-3-6-10-15)16-11-7-4-8-12-16;2-1(3,4)5/h3-12,17-19H,13-14H2,1-2H3;(H,2,3,4,5)/q+1;/p-1/t17-,19+;"
552,CHEMBL2261155,C[S+](C)[C@H]1CO[C@H](C(c2ccccc2)c2ccccc2)OC1.[O-][Cl+3]([O-])([O-])[O-],"InChI=1S/C19H23O2S.ClHO4/c1-22(2)17-13-20-19(21-14-17)18(15-9-5-3-6-10-15)16-11-7-4-8-12-16;2-1(3,4)5/h3-12,17-19H,13-14H2,1-2H3;(H,2,3,4,5)/q+1;/p-1/t17-,19-;"
553,CHEMBL479986,Fc1ccc2[nH]cc([C@H]3CC[C@H](N4CCN(c5cccc6ccccc56)CC4)CC3)c2c1,"InChI=1S/C28H30FN3/c29-22-10-13-27-25(18-22)26(19-30-27)21-8-11-23(12-9-21)31-14-16-32(17-15-31)28-7-3-5-20-4-1-2-6-24(20)28/h1-7,10,13,18-19,21,23,30H,8-9,11-12,14-17H2/t21-,23-"
553,CHEMBL482266,Fc1ccc2[nH]cc([C@H]3CC[C@@H](N4CCN(c5cccc6ccccc56)CC4)CC3)c2c1,"InChI=1S/C28H30FN3/c29-22-10-13-27-25(18-22)26(19-30-27)21-8-11-23(12-9-21)31-14-16-32(17-15-31)28-7-3-5-20-4-1-2-6-24(20)28/h1-7,10,13,18-19,21,23,30H,8-9,11-12,14-17H2/t21-,23+"
554,CHEMBL3325748,CN(C)[C@]1(c2ccccc2)CC[C@@H](OCc2ccccc2)CC1.Cl,"InChI=1S/C21H27NO.ClH/c1-22(2)21(19-11-7-4-8-12-19)15-13-20(14-16-21)23-17-18-9-5-3-6-10-18;/h3-12,20H,13-17H2,1-2H3;1H/t20-,21-;"
554,CHEMBL3325749,CN(C)[C@]1(c2ccccc2)CC[C@H](OCc2ccccc2)CC1.Cl,"InChI=1S/C21H27NO.ClH/c1-22(2)21(19-11-7-4-8-12-19)15-13-20(14-16-21)23-17-18-9-5-3-6-10-18;/h3-12,20H,13-17H2,1-2H3;1H/t20-,21+;"
555,CHEMBL4214350,COc1ccc2c(c1)OC(C)(C)C/C2=C(\c1ccccc1)c1ccc(O)cc1,"InChI=1S/C25H24O3/c1-25(2)16-22(21-14-13-20(27-3)15-23(21)28-25)24(17-7-5-4-6-8-17)18-9-11-19(26)12-10-18/h4-15,26H,16H2,1-3H3/b24-22-"
555,CHEMBL4216631,COc1ccc2c(c1)OC(C)(C)C/C2=C(/c1ccccc1)c1ccc(O)cc1,"InChI=1S/C25H24O3/c1-25(2)16-22(21-14-13-20(27-3)15-23(21)28-25)24(17-7-5-4-6-8-17)18-9-11-19(26)12-10-18/h4-15,26H,16H2,1-3H3/b24-22+"
556,CHEMBL1201279,[Zn],InChI=1S/Zn
556,CHEMBL1236970,[Zn+2],InChI=1S/Zn/q+2
557,CHEMBL1201290,[K],InChI=1S/K
557,CHEMBL1233793,[K+],InChI=1S/K/q+1
558,CHEMBL1201333,[Li],InChI=1S/Li
558,CHEMBL1234004,[Li+],InChI=1S/Li/q+1
559,CHEMBL494077,Fc1cccc2[nH]cc([C@H]3CC[C@@H](N4CCN(c5cccc6[nH]ccc56)CC4)CC3)c12,"InChI=1S/C26H29FN4/c27-22-3-1-5-24-26(22)21(17-29-24)18-7-9-19(10-8-18)30-13-15-31(16-14-30)25-6-2-4-23-20(25)11-12-28-23/h1-6,11-12,17-19,28-29H,7-10,13-16H2/t18-,19+"
559,CHEMBL494078,Fc1cccc2[nH]cc([C@H]3CC[C@H](N4CCN(c5cccc6[nH]ccc56)CC4)CC3)c12,"InChI=1S/C26H29FN4/c27-22-3-1-5-24-26(22)21(17-29-24)18-7-9-19(10-8-18)30-13-15-31(16-14-30)25-6-2-4-23-20(25)11-12-28-23/h1-6,11-12,17-19,28-29H,7-10,13-16H2/t18-,19-"
560,CHEMBL3927015,N[C@H]1CC[C@@H](CN(Cc2nccc3c4ccccc4n(CC(=O)N4CCOCC4)c23)[C@H]2CCCc3cccnc32)CC1,"InChI=1S/C34H42N6O2/c35-26-12-10-24(11-13-26)21-39(31-9-3-5-25-6-4-15-37-33(25)31)22-29-34-28(14-16-36-29)27-7-1-2-8-30(27)40(34)23-32(41)38-17-19-42-20-18-38/h1-2,4,6-8,14-16,24,26,31H,3,5,9-13,17-23,35H2/t24-,26+,31-/m0/s1"
560,CHEMBL3927684,N[C@H]1CC[C@H](CN(Cc2nccc3c4ccccc4n(CC(=O)N4CCOCC4)c23)[C@H]2CCCc3cccnc32)CC1,"InChI=1S/C34H42N6O2/c35-26-12-10-24(11-13-26)21-39(31-9-3-5-25-6-4-15-37-33(25)31)22-29-34-28(14-16-36-29)27-7-1-2-8-30(27)40(34)23-32(41)38-17-19-42-20-18-38/h1-2,4,6-8,14-16,24,26,31H,3,5,9-13,17-23,35H2/t24-,26-,31-/m0/s1"
561,CHEMBL4065188,N[C@H]1CC[C@@](CCOc2cc(F)c(S(=O)(=O)Nc3ncns3)cc2F)(c2ccc(Cl)cc2)CC1,"InChI=1S/C22H23ClF2N4O3S2/c23-15-3-1-14(2-4-15)22(7-5-16(26)6-8-22)9-10-32-19-11-18(25)20(12-17(19)24)34(30,31)29-21-27-13-28-33-21/h1-4,11-13,16H,5-10,26H2,(H,27,28,29)/t16-,22+"
561,CHEMBL4094887,N[C@H]1CC[C@](CCOc2cc(F)c(S(=O)(=O)Nc3ncns3)cc2F)(c2ccc(Cl)cc2)CC1,"InChI=1S/C22H23ClF2N4O3S2/c23-15-3-1-14(2-4-15)22(7-5-16(26)6-8-22)9-10-32-19-11-18(25)20(12-17(19)24)34(30,31)29-21-27-13-28-33-21/h1-4,11-13,16H,5-10,26H2,(H,27,28,29)/t16-,22-"
562,CHEMBL2051748,C[C@H]1S(=O)(=O)C[C@H](NC(=O)N(CCCl)N=O)CS1(=O)=O,"InChI=1S/C8H14ClN3O6S2/c1-6-19(15,16)4-7(5-20(6,17)18)10-8(13)12(11-14)3-2-9/h6-7H,2-5H2,1H3,(H,10,13)/t6-,7-"
562,CHEMBL2051943,C[C@H]1S(=O)(=O)C[C@@H](NC(=O)N(CCCl)N=O)CS1(=O)=O,"InChI=1S/C8H14ClN3O6S2/c1-6-19(15,16)4-7(5-20(6,17)18)10-8(13)12(11-14)3-2-9/h6-7H,2-5H2,1H3,(H,10,13)/t6-,7+"
563,CHEMBL3648573,CCCc1c(Cc2ccc(-c3ccccc3-c3nc(=O)o[nH]3)cc2)c(=O)n([C@H]2CC[C@]3(CC2)CC(C)=NO3)c2ncnn12,"InChI=1S/C32H33N7O4/c1-3-6-27-26(17-21-9-11-22(12-10-21)24-7-4-5-8-25(24)28-35-31(41)42-37-28)29(40)38(30-33-19-34-39(27)30)23-13-15-32(16-14-23)18-20(2)36-43-32/h4-5,7-12,19,23H,3,6,13-18H2,1-2H3,(H,35,37,41)/t23-,32-"
563,CHEMBL3648574,CCCc1c(Cc2ccc(-c3ccccc3-c3nc(=O)o[nH]3)cc2)c(=O)n([C@H]2CC[C@@]3(CC2)CC(C)=NO3)c2ncnn12,"InChI=1S/C32H33N7O4/c1-3-6-27-26(17-21-9-11-22(12-10-21)24-7-4-5-8-25(24)28-35-31(41)42-37-28)29(40)38(30-33-19-34-39(27)30)23-13-15-32(16-14-23)18-20(2)36-43-32/h4-5,7-12,19,23H,3,6,13-18H2,1-2H3,(H,35,37,41)/t23-,32+"
564,CHEMBL4077266,N[C@H]1CC[C@@](CCNc2cc(F)c(S(=O)(=O)Nc3nccs3)cc2Cl)(c2ccccc2)CC1,"InChI=1S/C23H26ClFN4O2S2/c24-18-14-21(33(30,31)29-22-28-12-13-32-22)19(25)15-20(18)27-11-10-23(8-6-17(26)7-9-23)16-4-2-1-3-5-16/h1-5,12-15,17,27H,6-11,26H2,(H,28,29)/t17-,23+"
564,CHEMBL4101437,N[C@H]1CC[C@](CCNc2cc(F)c(S(=O)(=O)Nc3nccs3)cc2Cl)(c2ccccc2)CC1,"InChI=1S/C23H26ClFN4O2S2/c24-18-14-21(33(30,31)29-22-28-12-13-32-22)19(25)15-20(18)27-11-10-23(8-6-17(26)7-9-23)16-4-2-1-3-5-16/h1-5,12-15,17,27H,6-11,26H2,(H,28,29)/t17-,23-"
565,CHEMBL4127389,COc1cccc(-c2cc(C(=O)Nc3cc4ccc(O[C@H]5CC[C@H](N)CC5)c(C)c4oc3=O)ccc2OC)c1,"InChI=1S/C31H32N2O6/c1-18-27(38-23-11-9-22(32)10-12-23)13-7-20-17-26(31(35)39-29(18)20)33-30(34)21-8-14-28(37-3)25(16-21)19-5-4-6-24(15-19)36-2/h4-8,13-17,22-23H,9-12,32H2,1-3H3,(H,33,34)/t22-,23-"
565,CHEMBL4128781,COc1cccc(-c2cc(C(=O)Nc3cc4ccc(O[C@H]5CC[C@@H](N)CC5)c(C)c4oc3=O)ccc2OC)c1,"InChI=1S/C31H32N2O6/c1-18-27(38-23-11-9-22(32)10-12-23)13-7-20-17-26(31(35)39-29(18)20)33-30(34)21-8-14-28(37-3)25(16-21)19-5-4-6-24(15-19)36-2/h4-8,13-17,22-23H,9-12,32H2,1-3H3,(H,33,34)/t22-,23+"
566,CHEMBL3414626,CC(C)N(C[C@H]1O[C@@H](n2cnc3c(N)ncnc32)[C@H](O)[C@@H]1O)[C@H]1C[C@@H](CCc2nc3cc(C(C)(C)C)ccc3[nH]2)C1,"InChI=1S/C30H42N8O3/c1-16(2)37(13-22-25(39)26(40)29(41-22)38-15-34-24-27(31)32-14-33-28(24)38)19-10-17(11-19)6-9-23-35-20-8-7-18(30(3,4)5)12-21(20)36-23/h7-8,12,14-17,19,22,25-26,29,39-40H,6,9-11,13H2,1-5H3,(H,35,36)(H2,31,32,33)/t17-,19+,22-,25-,26-,29-/m1/s1"
566,CHEMBL4079133,CC(C)N(C[C@H]1O[C@@H](n2cnc3c(N)ncnc32)[C@H](O)[C@@H]1O)[C@H]1C[C@H](CCc2nc3cc(C(C)(C)C)ccc3[nH]2)C1,"InChI=1S/C30H42N8O3/c1-16(2)37(13-22-25(39)26(40)29(41-22)38-15-34-24-27(31)32-14-33-28(24)38)19-10-17(11-19)6-9-23-35-20-8-7-18(30(3,4)5)12-21(20)36-23/h7-8,12,14-17,19,22,25-26,29,39-40H,6,9-11,13H2,1-5H3,(H,35,36)(H2,31,32,33)/t17-,19-,22-,25-,26-,29-/m1/s1"
567,CHEMBL2373411,CC(=O)O[C@@H]1[C@H]2[C@H](O)[C@H](OC(=O)c3ccccc3)[C@]3(C)[C@@H](OC(=O)c4ccccc4)[C@@H](OC(=O)c4ccccc4)C[C@](C)(O)[C@@]13OC2(C)C,"InChI=1S/C38H40O11/c1-22(39)45-30-27-28(40)31(48-34(43)25-19-13-8-14-20-25)37(5)29(47-33(42)24-17-11-7-12-18-24)26(46-32(41)23-15-9-6-10-16-23)21-36(4,44)38(30,37)49-35(27,2)3/h6-20,26-31,40,44H,21H2,1-5H3/t26-,27?,28-,29-,30+,31-,36-,37-,38-/m0/s1"
567,CHEMBL366008,CC(=O)O[C@@H]1[C@H]2[C@H](O)[C@H](OC(=O)c3ccccc3)[C@]3(C)[C@@H](OC(=O)c4ccccc4)[C@@H](OC(=O)c4ccccc4)C[C@](C)(O)[C@@]13OC2(C)C,"InChI=1S/C38H40O11/c1-22(39)45-30-27-28(40)31(48-34(43)25-19-13-8-14-20-25)37(5)29(47-33(42)24-17-11-7-12-18-24)26(46-32(41)23-15-9-6-10-16-23)21-36(4,44)38(30,37)49-35(27,2)3/h6-20,26-31,40,44H,21H2,1-5H3/t26-,27+,28-,29-,30+,31-,36-,37-,38-/m0/s1"
568,CHEMBL3923030,O=C(CN[C@H]1CC[C@@H](c2nnn3cnc4[nH]ccc4c23)CC1)NCC(F)(F)F,"InChI=1S/C17H20F3N7O/c18-17(19,20)8-23-13(28)7-22-11-3-1-10(2-4-11)14-15-12-5-6-21-16(12)24-9-27(15)26-25-14/h5-6,9-11,21-22H,1-4,7-8H2,(H,23,28)/t10-,11+"
568,CHEMBL3965030,O=C(CN[C@H]1CC[C@H](c2nnn3cnc4[nH]ccc4c23)CC1)NCC(F)(F)F,"InChI=1S/C17H20F3N7O/c18-17(19,20)8-23-13(28)7-22-11-3-1-10(2-4-11)14-15-12-5-6-21-16(12)24-9-27(15)26-25-14/h5-6,9-11,21-22H,1-4,7-8H2,(H,23,28)/t10-,11-"
569,CHEMBL1835870,Nc1nc(Nc2ccc([C@H]3CC[C@H](N4CCOCC4)CC3)cc2)nn1-c1ccccn1,"InChI=1S/C23H29N7O/c24-22-27-23(28-30(22)21-3-1-2-12-25-21)26-19-8-4-17(5-9-19)18-6-10-20(11-7-18)29-13-15-31-16-14-29/h1-5,8-9,12,18,20H,6-7,10-11,13-16H2,(H3,24,26,27,28)/t18-,20-"
569,CHEMBL1835871,Nc1nc(Nc2ccc([C@H]3CC[C@@H](N4CCOCC4)CC3)cc2)nn1-c1ccccn1,"InChI=1S/C23H29N7O/c24-22-27-23(28-30(22)21-3-1-2-12-25-21)26-19-8-4-17(5-9-19)18-6-10-20(11-7-18)29-13-15-31-16-14-29/h1-5,8-9,12,18,20H,6-7,10-11,13-16H2,(H3,24,26,27,28)/t18-,20+"
570,CHEMBL2373446,CC(=O)O[C@H]1C[C@](C)(O)[C@]23OC(C)(C)[C@H]([C@H](OC(=O)c4ccccc4)[C@H](OC(=O)c4ccccc4)[C@]2(CO)[C@H]1OC(C)=O)[C@H]3OC(C)=O,"InChI=1S/C35H40O13/c1-19(37)43-24-17-33(6,42)35-28(45-21(3)39)25(32(4,5)48-35)26(46-30(40)22-13-9-7-10-14-22)29(34(35,18-36)27(24)44-20(2)38)47-31(41)23-15-11-8-12-16-23/h7-16,24-29,36,42H,17-18H2,1-6H3/t24-,25?,26-,27-,28+,29-,33-,34-,35-/m0/s1"
570,CHEMBL436086,CC(=O)O[C@H]1C[C@](C)(O)[C@]23OC(C)(C)[C@H]([C@H](OC(=O)c4ccccc4)[C@H](OC(=O)c4ccccc4)[C@]2(CO)[C@H]1OC(C)=O)[C@H]3OC(C)=O,"InChI=1S/C35H40O13/c1-19(37)43-24-17-33(6,42)35-28(45-21(3)39)25(32(4,5)48-35)26(46-30(40)22-13-9-7-10-14-22)29(34(35,18-36)27(24)44-20(2)38)47-31(41)23-15-11-8-12-16-23/h7-16,24-29,36,42H,17-18H2,1-6H3/t24-,25+,26-,27-,28+,29-,33-,34-,35-/m0/s1"
571,CHEMBL178467,Fc1ccc2[nH]cc([C@H]3CC[C@@H](NCCOc4cccc5[nH]ccc45)CC3)c2c1,"InChI=1S/C24H26FN3O/c25-17-6-9-23-20(14-17)21(15-28-23)16-4-7-18(8-5-16)26-12-13-29-24-3-1-2-22-19(24)10-11-27-22/h1-3,6,9-11,14-16,18,26-28H,4-5,7-8,12-13H2/t16-,18+"
571,CHEMBL359549,Fc1ccc2[nH]cc([C@H]3CC[C@H](NCCOc4cccc5[nH]ccc45)CC3)c2c1,"InChI=1S/C24H26FN3O/c25-17-6-9-23-20(14-17)21(15-28-23)16-4-7-18(8-5-16)26-12-13-29-24-3-1-2-22-19(24)10-11-27-22/h1-3,6,9-11,14-16,18,26-28H,4-5,7-8,12-13H2/t16-,18-"
572,CHEMBL131782,O[C@H]1CC[C@](c2cc3ccccc3s2)(N2CCCCC2)CC1,"InChI=1S/C19H25NOS/c21-16-8-10-19(11-9-16,20-12-4-1-5-13-20)18-14-15-6-2-3-7-17(15)22-18/h2-3,6-7,14,16,21H,1,4-5,8-13H2/t16-,19-"
572,CHEMBL335732,O[C@H]1CC[C@@](c2cc3ccccc3s2)(N2CCCCC2)CC1,"InChI=1S/C19H25NOS/c21-16-8-10-19(11-9-16,20-12-4-1-5-13-20)18-14-15-6-2-3-7-17(15)22-18/h2-3,6-7,14,16,21H,1,4-5,8-13H2/t16-,19+"
573,CHEMBL3652256,COc1ncc(-c2cc3c(C)nc(N)nc3n([C@H]3CC[C@H](OCCO)CC3)c2=O)cn1,"InChI=1S/C21H26N6O4/c1-12-16-9-17(13-10-23-21(30-2)24-11-13)19(29)27(18(16)26-20(22)25-12)14-3-5-15(6-4-14)31-8-7-28/h9-11,14-15,28H,3-8H2,1-2H3,(H2,22,25,26)/t14-,15-"
573,CHEMBL3652262,COc1ncc(-c2cc3c(C)nc(N)nc3n([C@H]3CC[C@@H](OCCO)CC3)c2=O)cn1,"InChI=1S/C21H26N6O4/c1-12-16-9-17(13-10-23-21(30-2)24-11-13)19(29)27(18(16)26-20(22)25-12)14-3-5-15(6-4-14)31-8-7-28/h9-11,14-15,28H,3-8H2,1-2H3,(H2,22,25,26)/t14-,15+"
574,CHEMBL2203938,CCn1cc(C(=O)O)c(=O)c2cc(F)c(NC(=O)[C@H]3CC[C@H](COc4ccccc4)CC3)c(F)c21,"InChI=1S/C26H26F2N2O5/c1-2-30-13-19(26(33)34)24(31)18-12-20(27)22(21(28)23(18)30)29-25(32)16-10-8-15(9-11-16)14-35-17-6-4-3-5-7-17/h3-7,12-13,15-16H,2,8-11,14H2,1H3,(H,29,32)(H,33,34)/t15-,16-"
574,CHEMBL2203941,CCn1cc(C(=O)O)c(=O)c2cc(F)c(NC(=O)[C@H]3CC[C@@H](COc4ccccc4)CC3)c(F)c21,"InChI=1S/C26H26F2N2O5/c1-2-30-13-19(26(33)34)24(31)18-12-20(27)22(21(28)23(18)30)29-25(32)16-10-8-15(9-11-16)14-35-17-6-4-3-5-7-17/h3-7,12-13,15-16H,2,8-11,14H2,1H3,(H,29,32)(H,33,34)/t15-,16+"
575,CHEMBL16983,COc1ccccc1C(=O)NC[C@]1(c2ccccc2)CC[C@H](OC(=O)Nc2ccccc2)CC1,"InChI=1S/C28H30N2O4/c1-33-25-15-9-8-14-24(25)26(31)29-20-28(21-10-4-2-5-11-21)18-16-23(17-19-28)34-27(32)30-22-12-6-3-7-13-22/h2-15,23H,16-20H2,1H3,(H,29,31)(H,30,32)/t23-,28-"
575,CHEMBL278915,COc1ccccc1C(=O)NC[C@]1(c2ccccc2)CC[C@@H](OC(=O)Nc2ccccc2)CC1,"InChI=1S/C28H30N2O4/c1-33-25-15-9-8-14-24(25)26(31)29-20-28(21-10-4-2-5-11-21)18-16-23(17-19-28)34-27(32)30-22-12-6-3-7-13-22/h2-15,23H,16-20H2,1H3,(H,29,31)(H,30,32)/t23-,28+"
576,CHEMBL321224,CC(C)[C@@H]1CC[C@@H](C)C[C@H]1OCC(=O)Nc1cc(N[C@H]2CC[C@@H](C(=O)O)CC2)ccc1[N+](=O)[O-],"InChI=1S/C25H37N3O6/c1-15(2)20-10-4-16(3)12-23(20)34-14-24(29)27-21-13-19(9-11-22(21)28(32)33)26-18-7-5-17(6-8-18)25(30)31/h9,11,13,15-18,20,23,26H,4-8,10,12,14H2,1-3H3,(H,27,29)(H,30,31)/t16-,17-,18+,20+,23-/m1/s1"
576,CHEMBL321424,CC(C)[C@@H]1CC[C@@H](C)C[C@H]1OCC(=O)Nc1cc(N[C@H]2CC[C@H](C(=O)O)CC2)ccc1[N+](=O)[O-],"InChI=1S/C25H37N3O6/c1-15(2)20-10-4-16(3)12-23(20)34-14-24(29)27-21-13-19(9-11-22(21)28(32)33)26-18-7-5-17(6-8-18)25(30)31/h9,11,13,15-18,20,23,26H,4-8,10,12,14H2,1-3H3,(H,27,29)(H,30,31)/t16-,17-,18-,20+,23-/m1/s1"
577,CHEMBL4063378,O=S(=O)(Nc1ncns1)c1cc(F)c(OCC[C@]2(c3ccccc3)CC[C@H](NC3CC3)CC2)cc1F,"InChI=1S/C25H28F2N4O3S2/c26-20-15-23(36(32,33)31-24-28-16-29-35-24)21(27)14-22(20)34-13-12-25(17-4-2-1-3-5-17)10-8-19(9-11-25)30-18-6-7-18/h1-5,14-16,18-19,30H,6-13H2,(H,28,29,31)/t19-,25-"
577,CHEMBL4083450,O=S(=O)(Nc1ncns1)c1cc(F)c(OCC[C@]2(c3ccccc3)CC[C@@H](NC3CC3)CC2)cc1F,"InChI=1S/C25H28F2N4O3S2/c26-20-15-23(36(32,33)31-24-28-16-29-35-24)21(27)14-22(20)34-13-12-25(17-4-2-1-3-5-17)10-8-19(9-11-25)30-18-6-7-18/h1-5,14-16,18-19,30H,6-13H2,(H,28,29,31)/t19-,25+"
578,CHEMBL2146716,CCS(=O)(=O)[C@H]1CC[C@](CNC(=O)c2ccc(Cl)cc2Cl)(CC2CC2)CC1,"InChI=1S/C20H27Cl2NO3S/c1-2-27(25,26)16-7-9-20(10-8-16,12-14-3-4-14)13-23-19(24)17-6-5-15(21)11-18(17)22/h5-6,11,14,16H,2-4,7-10,12-13H2,1H3,(H,23,24)/t16-,20+"
578,CHEMBL2146719,CCS(=O)(=O)[C@H]1CC[C@@](CNC(=O)c2ccc(Cl)cc2Cl)(CC2CC2)CC1,"InChI=1S/C20H27Cl2NO3S/c1-2-27(25,26)16-7-9-20(10-8-16,12-14-3-4-14)13-23-19(24)17-6-5-15(21)11-18(17)22/h5-6,11,14,16H,2-4,7-10,12-13H2,1H3,(H,23,24)/t16-,20-"
579,CHEMBL3922000,O=C(O)COC[C@H]1CC[C@@H](COC(=O)N(c2ccccc2)c2cccc(F)c2)CC1,"InChI=1S/C23H26FNO5/c24-19-5-4-8-21(13-19)25(20-6-2-1-3-7-20)23(28)30-15-18-11-9-17(10-12-18)14-29-16-22(26)27/h1-8,13,17-18H,9-12,14-16H2,(H,26,27)/t17-,18+"
579,CHEMBL3933704,O=C(O)COC[C@H]1CC[C@H](COC(=O)N(c2ccccc2)c2cccc(F)c2)CC1,"InChI=1S/C23H26FNO5/c24-19-5-4-8-21(13-19)25(20-6-2-1-3-7-20)23(28)30-15-18-11-9-17(10-12-18)14-29-16-22(26)27/h1-8,13,17-18H,9-12,14-16H2,(H,26,27)/t17-,18-"
580,CHEMBL2408628,COc1ccc2[nH]c(-c3ccc(-c4ccc(O[C@H]5CC[C@@H](C(=O)O)CC5)nc4)nc3)nc2n1,"InChI=1S/C24H23N5O4/c1-32-21-11-9-19-23(28-21)29-22(27-19)16-4-8-18(25-13-16)15-5-10-20(26-12-15)33-17-6-2-14(3-7-17)24(30)31/h4-5,8-14,17H,2-3,6-7H2,1H3,(H,30,31)(H,27,28,29)/t14-,17+"
580,CHEMBL2408629,COc1ccc2[nH]c(-c3ccc(-c4ccc(O[C@H]5CC[C@H](C(=O)O)CC5)nc4)nc3)nc2n1,"InChI=1S/C24H23N5O4/c1-32-21-11-9-19-23(28-21)29-22(27-19)16-4-8-18(25-13-16)15-5-10-20(26-12-15)33-17-6-2-14(3-7-17)24(30)31/h4-5,8-14,17H,2-3,6-7H2,1H3,(H,30,31)(H,27,28,29)/t14-,17-"
581,CHEMBL3655091,CN(c1ncnc2[nH]ccc12)[C@H]1C[C@H](NS(=O)(=O)CC2CC2)C1,"InChI=1S/C15H21N5O2S/c1-20(15-13-4-5-16-14(13)17-9-18-15)12-6-11(7-12)19-23(21,22)8-10-2-3-10/h4-5,9-12,19H,2-3,6-8H2,1H3,(H,16,17,18)/t11-,12-"
581,CHEMBL3655095,CN(c1ncnc2[nH]ccc12)[C@H]1C[C@@H](NS(=O)(=O)CC2CC2)C1,"InChI=1S/C15H21N5O2S/c1-20(15-13-4-5-16-14(13)17-9-18-15)12-6-11(7-12)19-23(21,22)8-10-2-3-10/h4-5,9-12,19H,2-3,6-8H2,1H3,(H,16,17,18)/t11-,12+"
582,CHEMBL3358886,CCn1nccc1Oc1cc(C[C@H]2C[C@@H](O)C2)cnc1NC(=O)NC,"InChI=1S/C17H23N5O3/c1-3-22-15(4-5-20-22)25-14-9-12(6-11-7-13(23)8-11)10-19-16(14)21-17(24)18-2/h4-5,9-11,13,23H,3,6-8H2,1-2H3,(H2,18,19,21,24)/t11-,13+"
582,CHEMBL3358887,CCn1nccc1Oc1cc(C[C@H]2C[C@H](O)C2)cnc1NC(=O)NC,"InChI=1S/C17H23N5O3/c1-3-22-15(4-5-20-22)25-14-9-12(6-11-7-13(23)8-11)10-19-16(14)21-17(24)18-2/h4-5,9-11,13,23H,3,6-8H2,1-2H3,(H2,18,19,21,24)/t11-,13-"
583,CHEMBL576126,COc1ccc(CC(=O)Nc2cn([C@H]3C[C@@H](C(=O)OC)C3)cn2)cc1,"InChI=1S/C18H21N3O4/c1-24-15-5-3-12(4-6-15)7-17(22)20-16-10-21(11-19-16)14-8-13(9-14)18(23)25-2/h3-6,10-11,13-14H,7-9H2,1-2H3,(H,20,22)/t13-,14+"
583,CHEMBL577998,COc1ccc(CC(=O)Nc2cn([C@H]3C[C@H](C(=O)OC)C3)cn2)cc1,"InChI=1S/C18H21N3O4/c1-24-15-5-3-12(4-6-15)7-17(22)20-16-10-21(11-19-16)14-8-13(9-14)18(23)25-2/h3-6,10-11,13-14H,7-9H2,1-2H3,(H,20,22)/t13-,14-"
584,CHEMBL483239,Cc1nnc(-c2ccc3[nH]c([C@H]4CC[C@]5(CC4)OC(=O)c4ccccc45)nc3c2)o1,"InChI=1S/C23H20N4O3/c1-13-26-27-21(29-13)15-6-7-18-19(12-15)25-20(24-18)14-8-10-23(11-9-14)17-5-3-2-4-16(17)22(28)30-23/h2-7,12,14H,8-11H2,1H3,(H,24,25)/t14-,23+"
584,CHEMBL490427,Cc1nnc(-c2ccc3[nH]c([C@H]4CC[C@@]5(CC4)OC(=O)c4ccccc45)nc3c2)o1,"InChI=1S/C23H20N4O3/c1-13-26-27-21(29-13)15-6-7-18-19(12-15)25-20(24-18)14-8-10-23(11-9-14)17-5-3-2-4-16(17)22(28)30-23/h2-7,12,14H,8-11H2,1H3,(H,24,25)/t14-,23-"
585,CHEMBL4285338,CN(C)[C@H]1CC[C@H](Nc2ncnn3ccc([C@H]4CC[C@H](C(N)=O)CC4)c23)CC1,"InChI=1S/C21H32N6O/c1-26(2)17-9-7-16(8-10-17)25-21-19-18(11-12-27(19)24-13-23-21)14-3-5-15(6-4-14)20(22)28/h11-17H,3-10H2,1-2H3,(H2,22,28)(H,23,24,25)/t14-,15-,16-,17-"
585,CHEMBL4293161,CN(C)[C@H]1CC[C@H](Nc2ncnn3ccc([C@H]4CC[C@@H](C(N)=O)CC4)c23)CC1,"InChI=1S/C21H32N6O/c1-26(2)17-9-7-16(8-10-17)25-21-19-18(11-12-27(19)24-13-23-21)14-3-5-15(6-4-14)20(22)28/h11-17H,3-10H2,1-2H3,(H2,22,28)(H,23,24,25)/t14-,15+,16-,17-"
586,CHEMBL3697439,Cc1cc(C)c(CNC(=O)c2cc(-c3cnn(CCN4CCOCC4)c3)cc(N(C)[C@H]3CC[C@@H](N)CC3)c2C)c(=O)[nH]1,"InChI=1S/C32H45N7O3/c1-21-15-22(2)36-32(41)29(21)19-34-31(40)28-16-24(17-30(23(28)3)37(4)27-7-5-26(33)6-8-27)25-18-35-39(20-25)10-9-38-11-13-42-14-12-38/h15-18,20,26-27H,5-14,19,33H2,1-4H3,(H,34,40)(H,36,41)/t26-,27+"
586,CHEMBL3697442,Cc1cc(C)c(CNC(=O)c2cc(-c3cnn(CCN4CCOCC4)c3)cc(N(C)[C@H]3CC[C@H](N)CC3)c2C)c(=O)[nH]1,"InChI=1S/C32H45N7O3/c1-21-15-22(2)36-32(41)29(21)19-34-31(40)28-16-24(17-30(23(28)3)37(4)27-7-5-26(33)6-8-27)25-18-35-39(20-25)10-9-38-11-13-42-14-12-38/h15-18,20,26-27H,5-14,19,33H2,1-4H3,(H,34,40)(H,36,41)/t26-,27-"
587,CHEMBL3139792,C[N+](C)(C)[C@H]1CO[C@@H](C(c2ccccc2)c2ccccc2)OC1,"InChI=1S/C20H26NO2/c1-21(2,3)18-14-22-20(23-15-18)19(16-10-6-4-7-11-16)17-12-8-5-9-13-17/h4-13,18-20H,14-15H2,1-3H3/q+1/t18-,20+"
587,CHEMBL3139828,C[N+](C)(C)[C@H]1CO[C@H](C(c2ccccc2)c2ccccc2)OC1,"InChI=1S/C20H26NO2/c1-21(2,3)18-14-22-20(23-15-18)19(16-10-6-4-7-11-16)17-12-8-5-9-13-17/h4-13,18-20H,14-15H2,1-3H3/q+1/t18-,20-"
588,CHEMBL3648546,CCCc1c(Cc2ccc(-c3ccccc3-c3nc(=O)o[nH]3)cc2)c(=O)n([C@H]2CC[C@]3(CCCO3)CC2)c2ncnn12,"InChI=1S/C32H34N6O4/c1-2-6-27-26(19-21-9-11-22(12-10-21)24-7-3-4-8-25(24)28-35-31(40)42-36-28)29(39)37(30-33-20-34-38(27)30)23-13-16-32(17-14-23)15-5-18-41-32/h3-4,7-12,20,23H,2,5-6,13-19H2,1H3,(H,35,36,40)/t23-,32+"
588,CHEMBL3648547,CCCc1c(Cc2ccc(-c3ccccc3-c3nc(=O)o[nH]3)cc2)c(=O)n([C@H]2CC[C@@]3(CCCO3)CC2)c2ncnn12,"InChI=1S/C32H34N6O4/c1-2-6-27-26(19-21-9-11-22(12-10-21)24-7-3-4-8-25(24)28-35-31(40)42-36-28)29(39)37(30-33-20-34-38(27)30)23-13-16-32(17-14-23)15-5-18-41-32/h3-4,7-12,20,23H,2,5-6,13-19H2,1H3,(H,35,36,40)/t23-,32-"
589,CHEMBL2375967,Cc1nc(N)nc2c1cc(-c1cn[nH]c1)c(=O)n2[C@H]1CC[C@H](OCO)CC1,"InChI=1S/C18H22N6O3/c1-10-14-6-15(11-7-20-21-8-11)17(26)24(16(14)23-18(19)22-10)12-2-4-13(5-3-12)27-9-25/h6-8,12-13,25H,2-5,9H2,1H3,(H,20,21)(H2,19,22,23)/t12-,13-"
589,CHEMBL2376092,Cc1nc(N)nc2c1cc(-c1cn[nH]c1)c(=O)n2[C@H]1CC[C@@H](OCO)CC1,"InChI=1S/C18H22N6O3/c1-10-14-6-15(11-7-20-21-8-11)17(26)24(16(14)23-18(19)22-10)12-2-4-13(5-3-12)27-9-25/h6-8,12-13,25H,2-5,9H2,1H3,(H,20,21)(H2,19,22,23)/t12-,13+"
590,CHEMBL172811,CCn1cnc2c(Nc3cccc(OC)c3)nc(N[C@H]3CC[C@@H](N)CC3)nc21,"InChI=1S/C20H27N7O/c1-3-27-12-22-17-18(23-15-5-4-6-16(11-15)28-2)25-20(26-19(17)27)24-14-9-7-13(21)8-10-14/h4-6,11-14H,3,7-10,21H2,1-2H3,(H2,23,24,25,26)/t13-,14+"
590,CHEMBL176834,CCn1cnc2c(Nc3cccc(OC)c3)nc(N[C@H]3CC[C@H](N)CC3)nc21,"InChI=1S/C20H27N7O/c1-3-27-12-22-17-18(23-15-5-4-6-16(11-15)28-2)25-20(26-19(17)27)24-14-9-7-13(21)8-10-14/h4-6,11-14H,3,7-10,21H2,1-2H3,(H2,23,24,25,26)/t13-,14-"
591,CHEMBL3690324,C[C@]1(O)CC[C@@H](c2cccnc2Oc2ccc(C(=O)c3nc4ccccc4[nH]3)cc2)CC1,"InChI=1S/C26H25N3O3/c1-26(31)14-12-17(13-15-26)20-5-4-16-27-25(20)32-19-10-8-18(9-11-19)23(30)24-28-21-6-2-3-7-22(21)29-24/h2-11,16-17,31H,12-15H2,1H3,(H,28,29)/t17-,26+"
591,CHEMBL3690325,C[C@]1(O)CC[C@H](c2cccnc2Oc2ccc(C(=O)c3nc4ccccc4[nH]3)cc2)CC1,"InChI=1S/C26H25N3O3/c1-26(31)14-12-17(13-15-26)20-5-4-16-27-25(20)32-19-10-8-18(9-11-19)23(30)24-28-21-6-2-3-7-22(21)29-24/h2-11,16-17,31H,12-15H2,1H3,(H,28,29)/t17-,26-"
592,CHEMBL1253186,CCCNC(=O)CC[C@@H](C)[C@H]1CC[C@H]2[C@@H]3CC[C@@H]4C[C@]5(CC[C@]4(C)[C@H]3C[C@H](OC(C)=O)[C@]12C)OO[C@@]1(CC[C@@]2(C)[C@H](CC[C@@H]3[C@@H]2C[C@H](OC(C)=O)[C@]2(C)[C@@H]([C@H](C)CCC(=O)NCCC)CC[C@@H]32)C1)OO5,"InChI=1S/C58H94N2O10/c1-11-29-59-51(63)23-13-35(3)43-19-21-45-41-17-15-39-33-57(27-25-53(39,7)47(41)31-49(55(43,45)9)65-37(5)61)67-69-58(70-68-57)28-26-54(8)40(34-58)16-18-42-46-22-20-44(36(4)14-24-52(64)60-30-12-2)56(46,10)50(32-48(42)54)66-38(6)62/h35-36,39-50H,11-34H2,1-10H3,(H,59,63)(H,60,64)/t35-,36-,39-,40-,41+,42+,43-,44-,45+,46+,47+,48+,49+,50+,53+,54+,55-,56-,57-,58+/m1/s1"
592,CHEMBL1253649,CCCNC(=O)CC[C@@H](C)[C@H]1CC[C@H]2[C@@H]3CC[C@@H]4C[C@]5(CC[C@]4(C)[C@H]3C[C@H](OC(C)=O)[C@]12C)OO[C@]1(CC[C@@]2(C)[C@H](CC[C@@H]3[C@@H]2C[C@H](OC(C)=O)[C@]2(C)[C@@H]([C@H](C)CCC(=O)NCCC)CC[C@@H]32)C1)OO5,"InChI=1S/C58H94N2O10/c1-11-29-59-51(63)23-13-35(3)43-19-21-45-41-17-15-39-33-57(27-25-53(39,7)47(41)31-49(55(43,45)9)65-37(5)61)67-69-58(70-68-57)28-26-54(8)40(34-58)16-18-42-46-22-20-44(36(4)14-24-52(64)60-30-12-2)56(46,10)50(32-48(42)54)66-38(6)62/h35-36,39-50H,11-34H2,1-10H3,(H,59,63)(H,60,64)/t35-,36-,39-,40-,41+,42+,43-,44-,45+,46+,47+,48+,49+,50+,53+,54+,55-,56-,57-,58-/m1/s1"
593,CHEMBL3926647,CN(c1nc(Cl)nc2ccccc12)[C@H]1CC[C@H](C)CC1,"InChI=1S/C16H20ClN3/c1-11-7-9-12(10-8-11)20(2)15-13-5-3-4-6-14(13)18-16(17)19-15/h3-6,11-12H,7-10H2,1-2H3/t11-,12-"
593,CHEMBL3942415,CN(c1nc(Cl)nc2ccccc12)[C@H]1CC[C@@H](C)CC1,"InChI=1S/C16H20ClN3/c1-11-7-9-12(10-8-11)20(2)15-13-5-3-4-6-14(13)18-16(17)19-15/h3-6,11-12H,7-10H2,1-2H3/t11-,12+"
594,CHEMBL481754,N#Cc1ccc2[nH]cc([C@H]3CC[C@@H](N4CCN(c5cccc6cccnc56)CC4)CC3)c2c1,"InChI=1S/C28H29N5/c29-18-20-6-11-26-24(17-20)25(19-31-26)21-7-9-23(10-8-21)32-13-15-33(16-14-32)27-5-1-3-22-4-2-12-30-28(22)27/h1-6,11-12,17,19,21,23,31H,7-10,13-16H2/t21-,23+"
594,CHEMBL481914,N#Cc1ccc2[nH]cc([C@H]3CC[C@H](N4CCN(c5cccc6cccnc56)CC4)CC3)c2c1,"InChI=1S/C28H29N5/c29-18-20-6-11-26-24(17-20)25(19-31-26)21-7-9-23(10-8-21)32-13-15-33(16-14-32)27-5-1-3-22-4-2-12-30-28(22)27/h1-6,11-12,17,19,21,23,31H,7-10,13-16H2/t21-,23-"
595,CHEMBL3647597,CC(=O)N1CCC(c2nccnc2O[C@H]2C[C@@H](Nc3ccc(C)cn3)C2)CC1,"InChI=1S/C21H27N5O2/c1-14-3-4-19(24-13-14)25-17-11-18(12-17)28-21-20(22-7-8-23-21)16-5-9-26(10-6-16)15(2)27/h3-4,7-8,13,16-18H,5-6,9-12H2,1-2H3,(H,24,25)/t17-,18+"
595,CHEMBL3647598,CC(=O)N1CCC(c2nccnc2O[C@H]2C[C@H](Nc3ccc(C)cn3)C2)CC1,"InChI=1S/C21H27N5O2/c1-14-3-4-19(24-13-14)25-17-11-18(12-17)28-21-20(22-7-8-23-21)16-5-9-26(10-6-16)15(2)27/h3-4,7-8,13,16-18H,5-6,9-12H2,1-2H3,(H,24,25)/t17-,18-"
596,CHEMBL3648550,CCCc1c(Cc2ccc(-c3ccccc3-c3nc(=O)o[nH]3)cc2)c(=O)n([C@H]2CC[C@@H](OCC(C)(C)O)CC2)c2ncnn12,"InChI=1S/C33H38N6O5/c1-4-7-28-27(18-21-10-12-22(13-11-21)25-8-5-6-9-26(25)29-36-32(41)44-37-29)30(40)38(31-34-20-35-39(28)31)23-14-16-24(17-15-23)43-19-33(2,3)42/h5-6,8-13,20,23-24,42H,4,7,14-19H2,1-3H3,(H,36,37,41)/t23-,24+"
596,CHEMBL3648631,CCCc1c(Cc2ccc(-c3ccccc3-c3nc(=O)o[nH]3)cc2)c(=O)n([C@H]2CC[C@H](OCC(C)(C)O)CC2)c2ncnn12,"InChI=1S/C33H38N6O5/c1-4-7-28-27(18-21-10-12-22(13-11-21)25-8-5-6-9-26(25)29-36-32(41)44-37-29)30(40)38(31-34-20-35-39(28)31)23-14-16-24(17-15-23)43-19-33(2,3)42/h5-6,8-13,20,23-24,42H,4,7,14-19H2,1-3H3,(H,36,37,41)/t23-,24-"
597,CHEMBL168948,O=C(NCCCCN1CCN(c2cccc(Cl)c2Cl)CC1)[C@H]1CC[C@@H](c2ccccc2)CC1,"InChI=1S/C27H35Cl2N3O/c28-24-9-6-10-25(26(24)29)32-19-17-31(18-20-32)16-5-4-15-30-27(33)23-13-11-22(12-14-23)21-7-2-1-3-8-21/h1-3,6-10,22-23H,4-5,11-20H2,(H,30,33)/t22-,23+"
597,CHEMBL361228,O=C(NCCCCN1CCN(c2cccc(Cl)c2Cl)CC1)[C@H]1CC[C@H](c2ccccc2)CC1,"InChI=1S/C27H35Cl2N3O/c28-24-9-6-10-25(26(24)29)32-19-17-31(18-20-32)16-5-4-15-30-27(33)23-13-11-22(12-14-23)21-7-2-1-3-8-21/h1-3,6-10,22-23H,4-5,11-20H2,(H,30,33)/t22-,23-"
598,CHEMBL501977,C[C@H]1CC[C@H](Oc2ccccc2Sc2ccc(/C=C/C(=O)N3CCOCC3)c(C(F)(F)F)c2C(F)(F)F)CC1,"InChI=1S/C28H29F6NO3S/c1-18-6-10-20(11-7-18)38-21-4-2-3-5-22(21)39-23-12-8-19(9-13-24(36)35-14-16-37-17-15-35)25(27(29,30)31)26(23)28(32,33)34/h2-5,8-9,12-13,18,20H,6-7,10-11,14-17H2,1H3/b13-9+/t18-,20-"
598,CHEMBL524354,C[C@H]1CC[C@@H](Oc2ccccc2Sc2ccc(/C=C/C(=O)N3CCOCC3)c(C(F)(F)F)c2C(F)(F)F)CC1,"InChI=1S/C28H29F6NO3S/c1-18-6-10-20(11-7-18)38-21-4-2-3-5-22(21)39-23-12-8-19(9-13-24(36)35-14-16-37-17-15-35)25(27(29,30)31)26(23)28(32,33)34/h2-5,8-9,12-13,18,20H,6-7,10-11,14-17H2,1H3/b13-9+/t18-,20+"
599,CHEMBL1962445,CCCCCCCCc1ccc([C@H]2CC[C@@H]([N+](C)(C)C(C)C)CC2)cc1,"InChI=1S/C25H44N/c1-6-7-8-9-10-11-12-22-13-15-23(16-14-22)24-17-19-25(20-18-24)26(4,5)21(2)3/h13-16,21,24-25H,6-12,17-20H2,1-5H3/q+1/t24-,25+"
599,CHEMBL1962682,CCCCCCCCc1ccc([C@H]2CC[C@H]([N+](C)(C)C(C)C)CC2)cc1,"InChI=1S/C25H44N/c1-6-7-8-9-10-11-12-22-13-15-23(16-14-22)24-17-19-25(20-18-24)26(4,5)21(2)3/h13-16,21,24-25H,6-12,17-20H2,1-5H3/q+1/t24-,25-"
600,CHEMBL278269,C=CCN(CC=C)C(=O)O[C@H]1CC[C@](CNC(=O)c2ccccc2OC)(c2ccccc2)CC1,"InChI=1S/C28H34N2O4/c1-4-19-30(20-5-2)27(32)34-23-15-17-28(18-16-23,22-11-7-6-8-12-22)21-29-26(31)24-13-9-10-14-25(24)33-3/h4-14,23H,1-2,15-21H2,3H3,(H,29,31)/t23-,28-"
600,CHEMBL280079,C=CCN(CC=C)C(=O)O[C@H]1CC[C@@](CNC(=O)c2ccccc2OC)(c2ccccc2)CC1,"InChI=1S/C28H34N2O4/c1-4-19-30(20-5-2)27(32)34-23-15-17-28(18-16-23,22-11-7-6-8-12-22)21-29-26(31)24-13-9-10-14-25(24)33-3/h4-14,23H,1-2,15-21H2,3H3,(H,29,31)/t23-,28+"
601,CHEMBL3965472,O=C(N[C@H]1C[C@@H](O)C1)c1cc(NC(=O)c2cc(-c3ncccc3F)ccc2Cl)n(-c2ccccc2)n1,"InChI=1S/C26H21ClFN5O3/c27-20-9-8-15(24-21(28)7-4-10-29-24)11-19(20)25(35)31-23-14-22(26(36)30-16-12-18(34)13-16)32-33(23)17-5-2-1-3-6-17/h1-11,14,16,18,34H,12-13H2,(H,30,36)(H,31,35)/t16-,18+"
601,CHEMBL3973166,O=C(N[C@H]1C[C@H](O)C1)c1cc(NC(=O)c2cc(-c3ncccc3F)ccc2Cl)n(-c2ccccc2)n1,"InChI=1S/C26H21ClFN5O3/c27-20-9-8-15(24-21(28)7-4-10-29-24)11-19(20)25(35)31-23-14-22(26(36)30-16-12-18(34)13-16)32-33(23)17-5-2-1-3-6-17/h1-11,14,16,18,34H,12-13H2,(H,30,36)(H,31,35)/t16-,18-"
602,CHEMBL3688340,CC(=O)c1cnc2ccc(-c3cc(F)c(O)c(Cl)c3)nc2c1N[C@H]1CC[C@H](CN(C)C)CC1,"InChI=1S/C25H28ClFN4O2/c1-14(32)18-12-28-22-9-8-21(16-10-19(26)25(33)20(27)11-16)30-24(22)23(18)29-17-6-4-15(5-7-17)13-31(2)3/h8-12,15,17,33H,4-7,13H2,1-3H3,(H,28,29)/t15-,17-"
602,CHEMBL3692819,CC(=O)c1cnc2ccc(-c3cc(F)c(O)c(Cl)c3)nc2c1N[C@H]1CC[C@@H](CN(C)C)CC1,"InChI=1S/C25H28ClFN4O2/c1-14(32)18-12-28-22-9-8-21(16-10-19(26)25(33)20(27)11-16)30-24(22)23(18)29-17-6-4-15(5-7-17)13-31(2)3/h8-12,15,17,33H,4-7,13H2,1-3H3,(H,28,29)/t15-,17+"
603,CHEMBL2203939,CCn1cc(C(=O)O)c(=O)c2cc(F)c(NC(=O)[C@H]3CC[C@H](COc4cccc(F)c4F)CC3)c(F)c21,"InChI=1S/C26H24F4N2O5/c1-2-32-11-16(26(35)36)24(33)15-10-18(28)22(21(30)23(15)32)31-25(34)14-8-6-13(7-9-14)12-37-19-5-3-4-17(27)20(19)29/h3-5,10-11,13-14H,2,6-9,12H2,1H3,(H,31,34)(H,35,36)/t13-,14-"
603,CHEMBL2203943,CCn1cc(C(=O)O)c(=O)c2cc(F)c(NC(=O)[C@H]3CC[C@@H](COc4cccc(F)c4F)CC3)c(F)c21,"InChI=1S/C26H24F4N2O5/c1-2-32-11-16(26(35)36)24(33)15-10-18(28)22(21(30)23(15)32)31-25(34)14-8-6-13(7-9-14)12-37-19-5-3-4-17(27)20(19)29/h3-5,10-11,13-14H,2,6-9,12H2,1H3,(H,31,34)(H,35,36)/t13-,14+"
604,CHEMBL3655083,CN(c1ncnc2[nH]ccc12)[C@H]1C[C@@H](NS(=O)(=O)[C@H]2C[C@H](CC#N)C2)C1,"InChI=1S/C17H22N6O2S/c1-23(17-15-3-5-19-16(15)20-10-21-17)13-8-12(9-13)22-26(24,25)14-6-11(7-14)2-4-18/h3,5,10-14,22H,2,6-9H2,1H3,(H,19,20,21)/t11-,12-,13+,14-"
604,CHEMBL3655084,CN(c1ncnc2[nH]ccc12)[C@H]1C[C@@H](NS(=O)(=O)[C@H]2C[C@@H](CC#N)C2)C1,"InChI=1S/C17H22N6O2S/c1-23(17-15-3-5-19-16(15)20-10-21-17)13-8-12(9-13)22-26(24,25)14-6-11(7-14)2-4-18/h3,5,10-14,22H,2,6-9H2,1H3,(H,19,20,21)/t11-,12-,13+,14+"
605,CHEMBL236617,CC(C)Oc1ccccc1N1CCN([C@H]2CC[C@@H](NS(=O)(=O)c3ccc(S(C)(=O)=O)cc3)CC2)CC1,"InChI=1S/C26H37N3O5S2/c1-20(2)34-26-7-5-4-6-25(26)29-18-16-28(17-19-29)22-10-8-21(9-11-22)27-36(32,33)24-14-12-23(13-15-24)35(3,30)31/h4-7,12-15,20-22,27H,8-11,16-19H2,1-3H3/t21-,22+"
605,CHEMBL236618,CC(C)Oc1ccccc1N1CCN([C@H]2CC[C@H](NS(=O)(=O)c3ccc(S(C)(=O)=O)cc3)CC2)CC1,"InChI=1S/C26H37N3O5S2/c1-20(2)34-26-7-5-4-6-25(26)29-18-16-28(17-19-29)22-10-8-21(9-11-22)27-36(32,33)24-14-12-23(13-15-24)35(3,30)31/h4-7,12-15,20-22,27H,8-11,16-19H2,1-3H3/t21-,22-"
606,CHEMBL1221983,CN[C@H]1CC[C@H](N(Cc2cccc(-c3ccncc3)c2)C(=O)c2sc3ccccc3c2Cl)CC1,"InChI=1S/C28H28ClN3OS/c1-30-22-9-11-23(12-10-22)32(28(33)27-26(29)24-7-2-3-8-25(24)34-27)18-19-5-4-6-21(17-19)20-13-15-31-16-14-20/h2-8,13-17,22-23,30H,9-12,18H2,1H3/t22-,23-"
606,CHEMBL2160033,CN[C@H]1CC[C@@H](N(Cc2cccc(-c3ccncc3)c2)C(=O)c2sc3ccccc3c2Cl)CC1,"InChI=1S/C28H28ClN3OS/c1-30-22-9-11-23(12-10-22)32(28(33)27-26(29)24-7-2-3-8-25(24)34-27)18-19-5-4-6-21(17-19)20-13-15-31-16-14-20/h2-8,13-17,22-23,30H,9-12,18H2,1H3/t22-,23+"
607,CHEMBL238191,CN(C)C(=O)[C@@H]([C@H]1CC[C@@H](c2ccc3ncnn3c2)CC1)[C@H](N)C(=O)N1CCC(F)(F)C1,"InChI=1S/C22H30F2N6O2/c1-28(2)20(31)18(19(25)21(32)29-10-9-22(23,24)12-29)15-5-3-14(4-6-15)16-7-8-17-26-13-27-30(17)11-16/h7-8,11,13-15,18-19H,3-6,9-10,12,25H2,1-2H3/t14-,15+,18-,19-/m0/s1"
607,CHEMBL437557,CN(C)C(=O)[C@@H]([C@H]1CC[C@H](c2ccc3ncnn3c2)CC1)[C@H](N)C(=O)N1CCC(F)(F)C1,"InChI=1S/C22H30F2N6O2/c1-28(2)20(31)18(19(25)21(32)29-10-9-22(23,24)12-29)15-5-3-14(4-6-15)16-7-8-17-26-13-27-30(17)11-16/h7-8,11,13-15,18-19H,3-6,9-10,12,25H2,1-2H3/t14-,15-,18-,19-/m0/s1"
608,CHEMBL560895,CC1(C)CC(=O)c2c(C(F)(F)F)nn(-c3ccc(C(N)=O)c(N[C@H]4CC[C@H](O)CC4)c3)c2C1,"InChI=1S/C23H27F3N4O3/c1-22(2)10-17-19(18(32)11-22)20(23(24,25)26)29-30(17)13-5-8-15(21(27)33)16(9-13)28-12-3-6-14(31)7-4-12/h5,8-9,12,14,28,31H,3-4,6-7,10-11H2,1-2H3,(H2,27,33)/t12-,14-"
608,CHEMBL561224,CC1(C)CC(=O)c2c(C(F)(F)F)nn(-c3ccc(C(N)=O)c(N[C@H]4CC[C@@H](O)CC4)c3)c2C1,"InChI=1S/C23H27F3N4O3/c1-22(2)10-17-19(18(32)11-22)20(23(24,25)26)29-30(17)13-5-8-15(21(27)33)16(9-13)28-12-3-6-14(31)7-4-12/h5,8-9,12,14,28,31H,3-4,6-7,10-11H2,1-2H3,(H2,27,33)/t12-,14+"
609,CHEMBL3342772,O=C(O)[C@H]1CC[C@@H](OC2CCN(c3ccc(-c4nc5cc(Cl)ccc5[nH]4)cn3)CC2)CC1,"InChI=1S/C24H27ClN4O3/c25-17-4-7-20-21(13-17)28-23(27-20)16-3-8-22(26-14-16)29-11-9-19(10-12-29)32-18-5-1-15(2-6-18)24(30)31/h3-4,7-8,13-15,18-19H,1-2,5-6,9-12H2,(H,27,28)(H,30,31)/t15-,18+"
609,CHEMBL3342773,O=C(O)[C@H]1CC[C@H](OC2CCN(c3ccc(-c4nc5cc(Cl)ccc5[nH]4)cn3)CC2)CC1,"InChI=1S/C24H27ClN4O3/c25-17-4-7-20-21(13-17)28-23(27-20)16-3-8-22(26-14-16)29-11-9-19(10-12-29)32-18-5-1-15(2-6-18)24(30)31/h3-4,7-8,13-15,18-19H,1-2,5-6,9-12H2,(H,27,28)(H,30,31)/t15-,18-"
610,CHEMBL2111669,COc1cc2ncc(N[C@H]3CC[C@@H](C(=O)OC)CC3)nc2cc1OC,"InChI=1S/C18H23N3O4/c1-23-15-8-13-14(9-16(15)24-2)21-17(10-19-13)20-12-6-4-11(5-7-12)18(22)25-3/h8-12H,4-7H2,1-3H3,(H,20,21)/t11-,12+"
610,CHEMBL2112462,COc1cc2ncc(N[C@H]3CC[C@H](C(=O)OC)CC3)nc2cc1OC,"InChI=1S/C18H23N3O4/c1-23-15-8-13-14(9-16(15)24-2)21-17(10-19-13)20-12-6-4-11(5-7-12)18(22)25-3/h8-12H,4-7H2,1-3H3,(H,20,21)/t11-,12-"
611,CHEMBL4125934,COc1cccc(-c2cc(C(=O)Nc3cc4ccc(O[C@H]5CC[C@@H](N(C)C)CC5)c(C)c4oc3=O)ccc2OC)c1,"InChI=1S/C33H36N2O6/c1-20-29(40-25-13-11-24(12-14-25)35(2)3)15-9-22-19-28(33(37)41-31(20)22)34-32(36)23-10-16-30(39-5)27(18-23)21-7-6-8-26(17-21)38-4/h6-10,15-19,24-25H,11-14H2,1-5H3,(H,34,36)/t24-,25+"
611,CHEMBL4125978,COc1cccc(-c2cc(C(=O)Nc3cc4ccc(O[C@H]5CC[C@H](N(C)C)CC5)c(C)c4oc3=O)ccc2OC)c1,"InChI=1S/C33H36N2O6/c1-20-29(40-25-13-11-24(12-14-25)35(2)3)15-9-22-19-28(33(37)41-31(20)22)34-32(36)23-10-16-30(39-5)27(18-23)21-7-6-8-26(17-21)38-4/h6-10,15-19,24-25H,11-14H2,1-5H3,(H,34,36)/t24-,25-"
612,CHEMBL2203933,COc1c(NC(=O)[C@H]2CC[C@H](COc3ccc([N+](=O)[O-])cc3)CC2)c(F)cc2c(=O)c(C(=O)O)cn(C3CC3)c12,"InChI=1S/C28H28FN3O8/c1-39-26-23(22(29)12-20-24(26)31(17-6-7-17)13-21(25(20)33)28(35)36)30-27(34)16-4-2-15(3-5-16)14-40-19-10-8-18(9-11-19)32(37)38/h8-13,15-17H,2-7,14H2,1H3,(H,30,34)(H,35,36)/t15-,16-"
612,CHEMBL2203937,COc1c(NC(=O)[C@H]2CC[C@@H](COc3ccc([N+](=O)[O-])cc3)CC2)c(F)cc2c(=O)c(C(=O)O)cn(C3CC3)c12,"InChI=1S/C28H28FN3O8/c1-39-26-23(22(29)12-20-24(26)31(17-6-7-17)13-21(25(20)33)28(35)36)30-27(34)16-4-2-15(3-5-16)14-40-19-10-8-18(9-11-19)32(37)38/h8-13,15-17H,2-7,14H2,1H3,(H,30,34)(H,35,36)/t15-,16+"
613,CHEMBL496567,CC(C)(C)c1cnc(CSc2cnc(N[C@H]3CC[C@H](N)CC3)s2)o1,"InChI=1S/C17H26N4OS2/c1-17(2,3)13-8-19-14(22-13)10-23-15-9-20-16(24-15)21-12-6-4-11(18)5-7-12/h8-9,11-12H,4-7,10,18H2,1-3H3,(H,20,21)/t11-,12-"
613,CHEMBL496568,CC(C)(C)c1cnc(CSc2cnc(N[C@H]3CC[C@@H](N)CC3)s2)o1,"InChI=1S/C17H26N4OS2/c1-17(2,3)13-8-19-14(22-13)10-23-15-9-20-16(24-15)21-12-6-4-11(18)5-7-12/h8-9,11-12H,4-7,10,18H2,1-3H3,(H,20,21)/t11-,12+"
614,CHEMBL3822859,O=C(O)c1cccc([C@H]2C[C@H](c3ccc(OCc4c(-c5c(Cl)cccc5Cl)noc4C4CC4)cc3Cl)C2)c1,"InChI=1S/C30H24Cl3NO4/c31-24-5-2-6-25(32)27(24)28-23(29(38-34-28)16-7-8-16)15-37-21-9-10-22(26(33)14-21)20-12-19(13-20)17-3-1-4-18(11-17)30(35)36/h1-6,9-11,14,16,19-20H,7-8,12-13,15H2,(H,35,36)/t19-,20-"
614,CHEMBL3823491,O=C(O)c1cccc([C@H]2C[C@@H](c3ccc(OCc4c(-c5c(Cl)cccc5Cl)noc4C4CC4)cc3Cl)C2)c1,"InChI=1S/C30H24Cl3NO4/c31-24-5-2-6-25(32)27(24)28-23(29(38-34-28)16-7-8-16)15-37-21-9-10-22(26(33)14-21)20-12-19(13-20)17-3-1-4-18(11-17)30(35)36/h1-6,9-11,14,16,19-20H,7-8,12-13,15H2,(H,35,36)/t19-,20+"
615,CHEMBL236830,CC(C)Oc1ccccc1N1CCN([C@H]2CC[C@@H](NS(=O)(=O)c3ccc(OC(F)(F)F)cc3)CC2)CC1,"InChI=1S/C26H34F3N3O4S/c1-19(2)35-25-6-4-3-5-24(25)32-17-15-31(16-18-32)21-9-7-20(8-10-21)30-37(33,34)23-13-11-22(12-14-23)36-26(27,28)29/h3-6,11-14,19-21,30H,7-10,15-18H2,1-2H3/t20-,21+"
615,CHEMBL392377,CC(C)Oc1ccccc1N1CCN([C@H]2CC[C@H](NS(=O)(=O)c3ccc(OC(F)(F)F)cc3)CC2)CC1,"InChI=1S/C26H34F3N3O4S/c1-19(2)35-25-6-4-3-5-24(25)32-17-15-31(16-18-32)21-9-7-20(8-10-21)30-37(33,34)23-13-11-22(12-14-23)36-26(27,28)29/h3-6,11-14,19-21,30H,7-10,15-18H2,1-2H3/t20-,21-"
616,CHEMBL3758501,COc1cccc(CNC(=O)c2cc(-c3nnn(C[C@H]4CC[C@H](O)CC4)n3)cc(C)n2)c1,"InChI=1S/C23H28N6O3/c1-15-10-18(22-26-28-29(27-22)14-16-6-8-19(30)9-7-16)12-21(25-15)23(31)24-13-17-4-3-5-20(11-17)32-2/h3-5,10-12,16,19,30H,6-9,13-14H2,1-2H3,(H,24,31)/t16-,19-"
616,CHEMBL3758757,COc1cccc(CNC(=O)c2cc(-c3nnn(C[C@H]4CC[C@@H](O)CC4)n3)cc(C)n2)c1,"InChI=1S/C23H28N6O3/c1-15-10-18(22-26-28-29(27-22)14-16-6-8-19(30)9-7-16)12-21(25-15)23(31)24-13-17-4-3-5-20(11-17)32-2/h3-5,10-12,16,19,30H,6-9,13-14H2,1-2H3,(H,24,31)/t16-,19+"
617,CHEMBL221737,O=C(Nc1ccc(Br)cc1)N[C@H]1CC[C@@H](Oc2ccc(F)cc2)CC1,"InChI=1S/C19H20BrFN2O2/c20-13-1-5-15(6-2-13)22-19(24)23-16-7-11-18(12-8-16)25-17-9-3-14(21)4-10-17/h1-6,9-10,16,18H,7-8,11-12H2,(H2,22,23,24)/t16-,18+"
617,CHEMBL3099984,O=C(Nc1ccc(Br)cc1)N[C@H]1CC[C@H](Oc2ccc(F)cc2)CC1,"InChI=1S/C19H20BrFN2O2/c20-13-1-5-15(6-2-13)22-19(24)23-16-7-11-18(12-8-16)25-17-9-3-14(21)4-10-17/h1-6,9-10,16,18H,7-8,11-12H2,(H2,22,23,24)/t16-,18-"
618,CHEMBL481524,FC(F)(F)c1nc2c(N3CCN([C@H]4CC[C@@H](c5c[nH]c6ccccc65)CC4)CC3)cccc2[nH]1,"InChI=1S/C26H28F3N5/c27-26(28,29)25-31-22-6-3-7-23(24(22)32-25)34-14-12-33(13-15-34)18-10-8-17(9-11-18)20-16-30-21-5-2-1-4-19(20)21/h1-7,16-18,30H,8-15H2,(H,31,32)/t17-,18+"
618,CHEMBL520265,FC(F)(F)c1nc2c(N3CCN([C@H]4CC[C@H](c5c[nH]c6ccccc65)CC4)CC3)cccc2[nH]1,"InChI=1S/C26H28F3N5/c27-26(28,29)25-31-22-6-3-7-23(24(22)32-25)34-14-12-33(13-15-34)18-10-8-17(9-11-18)20-16-30-21-5-2-1-4-19(20)21/h1-7,16-18,30H,8-15H2,(H,31,32)/t17-,18-"
619,CHEMBL2270198,CCN(CC)C(=O)[C@]1(C#N)SC[C@H](CN(C)C)CS1,"InChI=1S/C13H23N3OS2/c1-5-16(6-2)12(17)13(10-14)18-8-11(9-19-13)7-15(3)4/h11H,5-9H2,1-4H3/t11-,13+"
619,CHEMBL3138899,CCN(CC)C(=O)[C@]1(C#N)SC[C@@H](CN(C)C)CS1,"InChI=1S/C13H23N3OS2/c1-5-16(6-2)12(17)13(10-14)18-8-11(9-19-13)7-15(3)4/h11H,5-9H2,1-4H3/t11-,13-"
620,CHEMBL2178942,Cc1nc(C)c(-c2ccc([C@H]3CC[C@H](CC(=O)O)CC3)c(F)c2)nc1C(N)=O,"InChI=1S/C21H24FN3O3/c1-11-19(25-20(21(23)28)12(2)24-11)15-7-8-16(17(22)10-15)14-5-3-13(4-6-14)9-18(26)27/h7-8,10,13-14H,3-6,9H2,1-2H3,(H2,23,28)(H,26,27)/t13-,14-"
620,CHEMBL2178945,Cc1nc(C)c(-c2ccc([C@H]3CC[C@@H](CC(=O)O)CC3)c(F)c2)nc1C(N)=O,"InChI=1S/C21H24FN3O3/c1-11-19(25-20(21(23)28)12(2)24-11)15-7-8-16(17(22)10-15)14-5-3-13(4-6-14)9-18(26)27/h7-8,10,13-14H,3-6,9H2,1-2H3,(H2,23,28)(H,26,27)/t13-,14+"
621,CHEMBL3655227,Nc1nccn2c1c(-c1ccc(Oc3ccccc3)cc1)nc2[C@H]1C[C@@H](CN2CCCC2)C1,"InChI=1S/C27H29N5O/c28-26-25-24(20-8-10-23(11-9-20)33-22-6-2-1-3-7-22)30-27(32(25)15-12-29-26)21-16-19(17-21)18-31-13-4-5-14-31/h1-3,6-12,15,19,21H,4-5,13-14,16-18H2,(H2,28,29)/t19-,21+"
621,CHEMBL3655230,Nc1nccn2c1c(-c1ccc(Oc3ccccc3)cc1)nc2[C@H]1C[C@H](CN2CCCC2)C1,"InChI=1S/C27H29N5O/c28-26-25-24(20-8-10-23(11-9-20)33-22-6-2-1-3-7-22)30-27(32(25)15-12-29-26)21-16-19(17-21)18-31-13-4-5-14-31/h1-3,6-12,15,19,21H,4-5,13-14,16-18H2,(H2,28,29)/t19-,21-"
622,CHEMBL3934548,O=C(O)[C@H]1CC[C@H](C(=O)N2CC[C@](c3ccc(C(F)(C(F)(F)F)C(F)(F)F)cc3)(S(=O)(=O)c3ccc(F)cc3)C2)CC1,"InChI=1S/C27H25F8NO5S/c28-20-9-11-21(12-10-20)42(40,41)24(13-14-36(15-24)22(37)16-1-3-17(4-2-16)23(38)39)18-5-7-19(8-6-18)25(29,26(30,31)32)27(33,34)35/h5-12,16-17H,1-4,13-15H2,(H,38,39)/t16-,17-,24-/m0/s1"
622,CHEMBL3965653,O=C(O)[C@H]1CC[C@@H](C(=O)N2CC[C@](c3ccc(C(F)(C(F)(F)F)C(F)(F)F)cc3)(S(=O)(=O)c3ccc(F)cc3)C2)CC1,"InChI=1S/C27H25F8NO5S/c28-20-9-11-21(12-10-20)42(40,41)24(13-14-36(15-24)22(37)16-1-3-17(4-2-16)23(38)39)18-5-7-19(8-6-18)25(29,26(30,31)32)27(33,34)35/h5-12,16-17H,1-4,13-15H2,(H,38,39)/t16-,17+,24-/m0/s1"
623,CHEMBL1257888,CN1CCN([C@H]2CC[C@@H](n3nc(-c4ccc(Nc5nc6cccc(Cl)c6o5)cc4)c4c(N)ncnc43)CC2)CC1,"InChI=1S/C29H32ClN9O/c1-37-13-15-38(16-14-37)20-9-11-21(12-10-20)39-28-24(27(31)32-17-33-28)25(36-39)18-5-7-19(8-6-18)34-29-35-23-4-2-3-22(30)26(23)40-29/h2-8,17,20-21H,9-16H2,1H3,(H,34,35)(H2,31,32,33)/t20-,21+"
623,CHEMBL1257998,CN1CCN([C@H]2CC[C@H](n3nc(-c4ccc(Nc5nc6cccc(Cl)c6o5)cc4)c4c(N)ncnc43)CC2)CC1,"InChI=1S/C29H32ClN9O/c1-37-13-15-38(16-14-37)20-9-11-21(12-10-20)39-28-24(27(31)32-17-33-28)25(36-39)18-5-7-19(8-6-18)34-29-35-23-4-2-3-22(30)26(23)40-29/h2-8,17,20-21H,9-16H2,1H3,(H,34,35)(H2,31,32,33)/t20-,21-"
624,CHEMBL1824232,c1cc([C@H]2CC[C@@H](N3CCC3)CC2)ccc1OCCCN1CCCCC1,"InChI=1S/C23H36N2O/c1-2-14-24(15-3-1)16-5-19-26-23-12-8-21(9-13-23)20-6-10-22(11-7-20)25-17-4-18-25/h8-9,12-13,20,22H,1-7,10-11,14-19H2/t20-,22+"
624,CHEMBL1824233,c1cc([C@H]2CC[C@H](N3CCC3)CC2)ccc1OCCCN1CCCCC1,"InChI=1S/C23H36N2O/c1-2-14-24(15-3-1)16-5-19-26-23-12-8-21(9-13-23)20-6-10-22(11-7-20)25-17-4-18-25/h8-9,12-13,20,22H,1-7,10-11,14-19H2/t20-,22-"
625,CHEMBL4284605,COc1cc(/C=C/C(=O)OCCCN(C)[C@H]2CC[C@H](OC(=O)c3cc(OC)c(OC)c(OC)c3)CC2)cc(OC)c1OC,"InChI=1S/C32H43NO10/c1-33(15-8-16-42-29(34)14-9-21-17-25(36-2)30(40-6)26(18-21)37-3)23-10-12-24(13-11-23)43-32(35)22-19-27(38-4)31(41-7)28(20-22)39-5/h9,14,17-20,23-24H,8,10-13,15-16H2,1-7H3/b14-9+/t23-,24-"
625,CHEMBL4292490,COc1cc(/C=C/C(=O)OCCCN(C)[C@H]2CC[C@@H](OC(=O)c3cc(OC)c(OC)c(OC)c3)CC2)cc(OC)c1OC,"InChI=1S/C32H43NO10/c1-33(15-8-16-42-29(34)14-9-21-17-25(36-2)30(40-6)26(18-21)37-3)23-10-12-24(13-11-23)43-32(35)22-19-27(38-4)31(41-7)28(20-22)39-5/h9,14,17-20,23-24H,8,10-13,15-16H2,1-7H3/b14-9+/t23-,24+"
626,CHEMBL3394395,C[C@]1(O)CC[C@H](N(C(=O)c2cccc(N3CCCCC3)n2)C2CC2)CC1,"InChI=1S/C21H31N3O2/c1-21(26)12-10-17(11-13-21)24(16-8-9-16)20(25)18-6-5-7-19(22-18)23-14-3-2-4-15-23/h5-7,16-17,26H,2-4,8-15H2,1H3/t17-,21-"
626,CHEMBL3394396,C[C@]1(O)CC[C@@H](N(C(=O)c2cccc(N3CCCCC3)n2)C2CC2)CC1,"InChI=1S/C21H31N3O2/c1-21(26)12-10-17(11-13-21)24(16-8-9-16)20(25)18-6-5-7-19(22-18)23-14-3-2-4-15-23/h5-7,16-17,26H,2-4,8-15H2,1H3/t17-,21+"
627,CHEMBL571198,Cc1ccc(S(N)(=O)=O)c(C)c1C(=O)N[C@H]1CC[C@@](CCN2[C@@H]3CC[C@H]2C[C@@H](n2c(C)nc4ccccc42)C3)(c2ccccc2)CC1,"InChI=1S/C38H47N5O3S/c1-25-13-16-35(47(39,45)46)26(2)36(25)37(44)41-29-17-19-38(20-18-29,28-9-5-4-6-10-28)21-22-42-30-14-15-31(42)24-32(23-30)43-27(3)40-33-11-7-8-12-34(33)43/h4-13,16,29-32H,14-15,17-24H2,1-3H3,(H,41,44)(H2,39,45,46)/t29-,30-,31+,32+,38+"
627,CHEMBL571300,Cc1ccc(S(N)(=O)=O)c(C)c1C(=O)N[C@H]1CC[C@](CCN2[C@@H]3CC[C@H]2C[C@@H](n2c(C)nc4ccccc42)C3)(c2ccccc2)CC1,"InChI=1S/C38H47N5O3S/c1-25-13-16-35(47(39,45)46)26(2)36(25)37(44)41-29-17-19-38(20-18-29,28-9-5-4-6-10-28)21-22-42-30-14-15-31(42)24-32(23-30)43-27(3)40-33-11-7-8-12-34(33)43/h4-13,16,29-32H,14-15,17-24H2,1-3H3,(H,41,44)(H2,39,45,46)/t29-,30-,31+,32+,38-"
628,CHEMBL392284,NC[C@H]1CC[C@H](c2nc(-c3cccc(OCc4ccccc4)c3)c3c(N)nccn32)CC1,"InChI=1S/C26H29N5O/c27-16-18-9-11-20(12-10-18)26-30-23(24-25(28)29-13-14-31(24)26)21-7-4-8-22(15-21)32-17-19-5-2-1-3-6-19/h1-8,13-15,18,20H,9-12,16-17,27H2,(H2,28,29)/t18-,20-"
628,CHEMBL394154,NC[C@H]1CC[C@@H](c2nc(-c3cccc(OCc4ccccc4)c3)c3c(N)nccn32)CC1,"InChI=1S/C26H29N5O/c27-16-18-9-11-20(12-10-18)26-30-23(24-25(28)29-13-14-31(24)26)21-7-4-8-22(15-21)32-17-19-5-2-1-3-6-19/h1-8,13-15,18,20H,9-12,16-17,27H2,(H2,28,29)/t18-,20+"
629,CHEMBL3934212,CNS(=O)(=O)N(C)[C@H]1C[C@H](N2CCc3c(-c4cnc(N)nc4)nc(N4CCOCC4)nc32)C1,"InChI=1S/C20H29N9O3S/c1-22-33(30,31)27(2)14-9-15(10-14)29-4-3-16-17(13-11-23-19(21)24-12-13)25-20(26-18(16)29)28-5-7-32-8-6-28/h11-12,14-15,22H,3-10H2,1-2H3,(H2,21,23,24)/t14-,15-"
629,CHEMBL3978972,CNS(=O)(=O)N(C)[C@H]1C[C@@H](N2CCc3c(-c4cnc(N)nc4)nc(N4CCOCC4)nc32)C1,"InChI=1S/C20H29N9O3S/c1-22-33(30,31)27(2)14-9-15(10-14)29-4-3-16-17(13-11-23-19(21)24-12-13)25-20(26-18(16)29)28-5-7-32-8-6-28/h11-12,14-15,22H,3-10H2,1-2H3,(H2,21,23,24)/t14-,15+"
630,CHEMBL236172,O=C(Cc1ccccc1)N[C@H]1CO[C@H](c2ccc([N+](=O)[O-])cc2)OC1,"InChI=1S/C18H18N2O5/c21-17(10-13-4-2-1-3-5-13)19-15-11-24-18(25-12-15)14-6-8-16(9-7-14)20(22)23/h1-9,15,18H,10-12H2,(H,19,21)/t15-,18-"
630,CHEMBL239408,O=C(Cc1ccccc1)N[C@H]1CO[C@@H](c2ccc([N+](=O)[O-])cc2)OC1,"InChI=1S/C18H18N2O5/c21-17(10-13-4-2-1-3-5-13)19-15-11-24-18(25-12-15)14-6-8-16(9-7-14)20(22)23/h1-9,15,18H,10-12H2,(H,19,21)/t15-,18+"
631,CHEMBL2392835,CS(=O)(=O)C1CCN(c2cccc3c2ccn3-c2ccnc(N[C@H]3CC[C@@](C)(O)CC3)n2)CC1,"InChI=1S/C25H33N5O3S/c1-25(31)12-6-18(7-13-25)27-24-26-14-8-23(28-24)30-17-11-20-21(4-3-5-22(20)30)29-15-9-19(10-16-29)34(2,32)33/h3-5,8,11,14,17-19,31H,6-7,9-10,12-13,15-16H2,1-2H3,(H,26,27,28)/t18-,25+"
631,CHEMBL3674692,CS(=O)(=O)C1CCN(c2cccc3c2ccn3-c2ccnc(N[C@H]3CC[C@](C)(O)CC3)n2)CC1,"InChI=1S/C25H33N5O3S/c1-25(31)12-6-18(7-13-25)27-24-26-14-8-23(28-24)30-17-11-20-21(4-3-5-22(20)30)29-15-9-19(10-16-29)34(2,32)33/h3-5,8,11,14,17-19,31H,6-7,9-10,12-13,15-16H2,1-2H3,(H,26,27,28)/t18-,25-"
632,CHEMBL569390,CC(=O)N[C@@H](Cc1cc(F)cc(F)c1)[C@H](O)CN[C@]1(c2cccc(C(C)(C)C)c2)CC[C@H](O)CC1,"InChI=1S/C28H38F2N2O3/c1-18(33)32-25(14-19-12-22(29)16-23(30)13-19)26(35)17-31-28(10-8-24(34)9-11-28)21-7-5-6-20(15-21)27(2,3)4/h5-7,12-13,15-16,24-26,31,34-35H,8-11,14,17H2,1-4H3,(H,32,33)/t24-,25-,26+,28+/m0/s1"
632,CHEMBL570745,CC(=O)N[C@@H](Cc1cc(F)cc(F)c1)[C@H](O)CN[C@]1(c2cccc(C(C)(C)C)c2)CC[C@@H](O)CC1,"InChI=1S/C28H38F2N2O3/c1-18(33)32-25(14-19-12-22(29)16-23(30)13-19)26(35)17-31-28(10-8-24(34)9-11-28)21-7-5-6-20(15-21)27(2,3)4/h5-7,12-13,15-16,24-26,31,34-35H,8-11,14,17H2,1-4H3,(H,32,33)/t24-,25-,26+,28-/m0/s1"
633,CHEMBL3353449,C[C@H]1CC[C@H](NC(=O)c2cc3cc(-c4ccco4)cnc3n(Cc3ccc(F)cc3)c2=O)CC1,"InChI=1S/C27H26FN3O3/c1-17-4-10-22(11-5-17)30-26(32)23-14-19-13-20(24-3-2-12-34-24)15-29-25(19)31(27(23)33)16-18-6-8-21(28)9-7-18/h2-3,6-9,12-15,17,22H,4-5,10-11,16H2,1H3,(H,30,32)/t17-,22-"
633,CHEMBL3353450,C[C@H]1CC[C@@H](NC(=O)c2cc3cc(-c4ccco4)cnc3n(Cc3ccc(F)cc3)c2=O)CC1,"InChI=1S/C27H26FN3O3/c1-17-4-10-22(11-5-17)30-26(32)23-14-19-13-20(24-3-2-12-34-24)15-29-25(19)31(27(23)33)16-18-6-8-21(28)9-7-18/h2-3,6-9,12-15,17,22H,4-5,10-11,16H2,1H3,(H,30,32)/t17-,22+"
634,CHEMBL3039846,C1=Cc2nc1c(-c1ccccc1)c1ccc([nH]1)c(-c1ccccc1)c1nc(c(-c3ccccc3)c3ccc([nH]3)c2-c2ccccc2)C=C1,"InChI=1S/C44H30N4/c1-5-13-29(14-6-1)41-33-21-23-35(45-33)42(30-15-7-2-8-16-30)37-25-27-39(47-37)44(32-19-11-4-12-20-32)40-28-26-38(48-40)43(31-17-9-3-10-18-31)36-24-22-34(41)46-36/h1-28,45,48H/b41-33-,41-34-,42-35-,42-37+,43-36-,43-38-,44-39+,44-40-"
634,CHEMBL436524,C1=Cc2nc1c(-c1ccccc1)c1ccc([nH]1)c(-c1ccccc1)c1nc(c(-c3ccccc3)c3ccc([nH]3)c2-c2ccccc2)C=C1,"InChI=1S/C44H30N4/c1-5-13-29(14-6-1)41-33-21-23-35(45-33)42(30-15-7-2-8-16-30)37-25-27-39(47-37)44(32-19-11-4-12-20-32)40-28-26-38(48-40)43(31-17-9-3-10-18-31)36-24-22-34(41)46-36/h1-28,45,48H/b41-33-,41-34-,42-35-,42-37-,43-36-,43-38-,44-39-,44-40-"
635,CHEMBL245812,N[C@H]1CO[C@H](c2ccc(Cl)cc2)OC1,"InChI=1S/C10H12ClNO2/c11-8-3-1-7(2-4-8)10-13-5-9(12)6-14-10/h1-4,9-10H,5-6,12H2/t9-,10-"
635,CHEMBL396121,N[C@H]1CO[C@@H](c2ccc(Cl)cc2)OC1,"InChI=1S/C10H12ClNO2/c11-8-3-1-7(2-4-8)10-13-5-9(12)6-14-10/h1-4,9-10H,5-6,12H2/t9-,10+"
636,CHEMBL4093003,CC(C)C[C@H](N[C@H]1CC[C@H](n2cc(-c3ccc(Oc4ccccc4)cc3)c3c(N)ncnc32)CC1)C(=O)O,"InChI=1S/C30H35N5O3/c1-19(2)16-26(30(36)37)34-21-10-12-22(13-11-21)35-17-25(27-28(31)32-18-33-29(27)35)20-8-14-24(15-9-20)38-23-6-4-3-5-7-23/h3-9,14-15,17-19,21-22,26,34H,10-13,16H2,1-2H3,(H,36,37)(H2,31,32,33)/t21-,22-,26-/m0/s1"
636,CHEMBL4208669,CC(C)C[C@H](N[C@H]1CC[C@@H](n2cc(-c3ccc(Oc4ccccc4)cc3)c3c(N)ncnc32)CC1)C(=O)O,"InChI=1S/C30H35N5O3/c1-19(2)16-26(30(36)37)34-21-10-12-22(13-11-21)35-17-25(27-28(31)32-18-33-29(27)35)20-8-14-24(15-9-20)38-23-6-4-3-5-7-23/h3-9,14-15,17-19,21-22,26,34H,10-13,16H2,1-2H3,(H,36,37)(H2,31,32,33)/t21-,22+,26-/m0/s1"
637,CHEMBL2316211,O=C(CNc1nccc2ncc(C(F)(F)F)cc12)NC1CN([C@H]2CC[C@@](O)(c3cncs3)CC2)C1,"InChI=1S/C23H25F3N6O2S/c24-23(25,26)14-7-17-18(29-8-14)3-6-28-21(17)30-10-20(33)31-15-11-32(12-15)16-1-4-22(34,5-2-16)19-9-27-13-35-19/h3,6-9,13,15-16,34H,1-2,4-5,10-12H2,(H,28,30)(H,31,33)/t16-,22-"
637,CHEMBL3659040,O=C(CNc1nccc2ncc(C(F)(F)F)cc12)NC1CN([C@H]2CC[C@](O)(c3cncs3)CC2)C1,"InChI=1S/C23H25F3N6O2S/c24-23(25,26)14-7-17-18(29-8-14)3-6-28-21(17)30-10-20(33)31-15-11-32(12-15)16-1-4-22(34,5-2-16)19-9-27-13-35-19/h3,6-9,13,15-16,34H,1-2,4-5,10-12H2,(H,28,30)(H,31,33)/t16-,22+"
638,CHEMBL3040240,C1=Cc2nc1c(-c1ccncc1)c1ccc([nH]1)c(-c1ccncc1)c1nc(c(-c3ccncc3)c3ccc([nH]3)c2-c2ccncc2)C=C1,"InChI=1S/C40H26N8/c1-2-30-38(26-11-19-42-20-12-26)32-5-6-34(47-32)40(28-15-23-44-24-16-28)36-8-7-35(48-36)39(27-13-21-43-22-14-27)33-4-3-31(46-33)37(29(1)45-30)25-9-17-41-18-10-25/h1-24,45,48H/b37-29-,37-31-,38-30-,38-32+,39-33-,39-35-,40-34+,40-36-"
638,CHEMBL4084530,C1=Cc2nc1c(-c1ccncc1)c1ccc([nH]1)c(-c1ccncc1)c1nc(c(-c3ccncc3)c3ccc([nH]3)c2-c2ccncc2)C=C1,"InChI=1S/C40H26N8/c1-2-30-38(26-11-19-42-20-12-26)32-5-6-34(47-32)40(28-15-23-44-24-16-28)36-8-7-35(48-36)39(27-13-21-43-22-14-27)33-4-3-31(46-33)37(29(1)45-30)25-9-17-41-18-10-25/h1-24,45,48H/b37-29-,37-31-,38-30-,38-32-,39-33-,39-35-,40-34-,40-36-"
639,CHEMBL233407,CC(C)Oc1ccccc1N1CCN([C@H]2CC[C@@H](NS(=O)(=O)c3cccc(Cl)c3F)CC2)CC1,"InChI=1S/C25H33ClFN3O3S/c1-18(2)33-23-8-4-3-7-22(23)30-16-14-29(15-17-30)20-12-10-19(11-13-20)28-34(31,32)24-9-5-6-21(26)25(24)27/h3-9,18-20,28H,10-17H2,1-2H3/t19-,20+"
639,CHEMBL393105,CC(C)Oc1ccccc1N1CCN([C@H]2CC[C@H](NS(=O)(=O)c3cccc(Cl)c3F)CC2)CC1,"InChI=1S/C25H33ClFN3O3S/c1-18(2)33-23-8-4-3-7-22(23)30-16-14-29(15-17-30)20-12-10-19(11-13-20)28-34(31,32)24-9-5-6-21(26)25(24)27/h3-9,18-20,28H,10-17H2,1-2H3/t19-,20-"
640,CHEMBL3698163,COc1ccc([C@H](C)N2CC[C@]3(CC[C@@H](O)CC3)OC2=O)cc1,"InChI=1S/C18H25NO4/c1-13(14-3-5-16(22-2)6-4-14)19-12-11-18(23-17(19)21)9-7-15(20)8-10-18/h3-6,13,15,20H,7-12H2,1-2H3/t13-,15-,18-/m0/s1"
640,CHEMBL3698228,COc1ccc([C@H](C)N2CC[C@]3(CC[C@H](O)CC3)OC2=O)cc1,"InChI=1S/C18H25NO4/c1-13(14-3-5-16(22-2)6-4-14)19-12-11-18(23-17(19)21)9-7-15(20)8-10-18/h3-6,13,15,20H,7-12H2,1-2H3/t13-,15-,18+/m0/s1"
641,CHEMBL3639732,COc1cc(-c2ccc3ncc(C(=O)C4CC4)c(N[C@H]4CC[C@@H](CN(C)C)CC4)c3c2)cc(Cl)c1O,"InChI=1S/C29H34ClN3O3/c1-33(2)16-17-4-9-21(10-5-17)32-27-22-12-19(20-13-24(30)29(35)26(14-20)36-3)8-11-25(22)31-15-23(27)28(34)18-6-7-18/h8,11-15,17-18,21,35H,4-7,9-10,16H2,1-3H3,(H,31,32)/t17-,21+"
641,CHEMBL3674213,COc1cc(-c2ccc3ncc(C(=O)C4CC4)c(N[C@H]4CC[C@H](CN(C)C)CC4)c3c2)cc(Cl)c1O,"InChI=1S/C29H34ClN3O3/c1-33(2)16-17-4-9-21(10-5-17)32-27-22-12-19(20-13-24(30)29(35)26(14-20)36-3)8-11-25(22)31-15-23(27)28(34)18-6-7-18/h8,11-15,17-18,21,35H,4-7,9-10,16H2,1-3H3,(H,31,32)/t17-,21-"
642,CHEMBL228554,O=S(=O)(N[C@H]1CC[C@H](N2CCC(c3ccccc3OCC(F)(F)F)CC2)CC1)c1ccc(OC(F)F)cc1,"InChI=1S/C26H31F5N2O4S/c27-25(28)37-21-9-11-22(12-10-21)38(34,35)32-19-5-7-20(8-6-19)33-15-13-18(14-16-33)23-3-1-2-4-24(23)36-17-26(29,30)31/h1-4,9-12,18-20,25,32H,5-8,13-17H2/t19-,20-"
642,CHEMBL387832,O=S(=O)(N[C@H]1CC[C@@H](N2CCC(c3ccccc3OCC(F)(F)F)CC2)CC1)c1ccc(OC(F)F)cc1,"InChI=1S/C26H31F5N2O4S/c27-25(28)37-21-9-11-22(12-10-21)38(34,35)32-19-5-7-20(8-6-19)33-15-13-18(14-16-33)23-3-1-2-4-24(23)36-17-26(29,30)31/h1-4,9-12,18-20,25,32H,5-8,13-17H2/t19-,20+"
643,CHEMBL3971682,O=C(O)c1n[nH]c2cc(Cl)c(-c3ccc([C@H]4C[C@@H](O)C4)cc3)cc12,"InChI=1S/C18H15ClN2O3/c19-15-8-16-14(17(18(23)24)21-20-16)7-13(15)10-3-1-9(2-4-10)11-5-12(22)6-11/h1-4,7-8,11-12,22H,5-6H2,(H,20,21)(H,23,24)/t11-,12+"
643,CHEMBL3979205,O=C(O)c1n[nH]c2cc(Cl)c(-c3ccc([C@H]4C[C@H](O)C4)cc3)cc12,"InChI=1S/C18H15ClN2O3/c19-15-8-16-14(17(18(23)24)21-20-16)7-13(15)10-3-1-9(2-4-10)11-5-12(22)6-11/h1-4,7-8,11-12,22H,5-6H2,(H,20,21)(H,23,24)/t11-,12-"
644,CHEMBL4278048,Cc1onc(-c2ccccc2)c1-c1ccnc(N[C@H]2CC[C@H](NC(=O)OC(C)(C)C)CC2)n1,"InChI=1S/C25H31N5O3/c1-16-21(22(30-33-16)17-8-6-5-7-9-17)20-14-15-26-23(29-20)27-18-10-12-19(13-11-18)28-24(31)32-25(2,3)4/h5-9,14-15,18-19H,10-13H2,1-4H3,(H,28,31)(H,26,27,29)/t18-,19-"
644,CHEMBL4289390,Cc1onc(-c2ccccc2)c1-c1ccnc(N[C@H]2CC[C@@H](NC(=O)OC(C)(C)C)CC2)n1,"InChI=1S/C25H31N5O3/c1-16-21(22(30-33-16)17-8-6-5-7-9-17)20-14-15-26-23(29-20)27-18-10-12-19(13-11-18)28-24(31)32-25(2,3)4/h5-9,14-15,18-19H,10-13H2,1-4H3,(H,28,31)(H,26,27,29)/t18-,19+"
645,CHEMBL2348759,CCC[C@H]1CC[C@H]([C@H]2CC[C@H](OC(=O)[C@H]3[C@@H](c4ccc(O)cc4)[C@H](C(=O)O[C@H]4CC[C@H]([C@H]5CC[C@H](CCC)CC5)CC4)[C@@H]3c3ccc(O)cc3)CC2)CC1,"InChI=1S/C48H68O6/c1-3-5-31-7-11-33(12-8-31)35-19-27-41(28-20-35)53-47(51)45-43(37-15-23-39(49)24-16-37)46(44(45)38-17-25-40(50)26-18-38)48(52)54-42-29-21-36(22-30-42)34-13-9-32(6-4-2)10-14-34/h15-18,23-26,31-36,41-46,49-50H,3-14,19-22,27-30H2,1-2H3/t31-,32-,33-,34-,35-,36-,41-,42-,43-,44-,45-,46-"
645,CHEMBL2348760,CCC[C@H]1CC[C@H]([C@H]2CC[C@@H](OC(=O)[C@H]3[C@@H](c4ccc(O)cc4)[C@H](C(=O)O[C@H]4CC[C@@H]([C@H]5CC[C@H](CCC)CC5)CC4)[C@@H]3c3ccc(O)cc3)CC2)CC1,"InChI=1S/C48H68O6/c1-3-5-31-7-11-33(12-8-31)35-19-27-41(28-20-35)53-47(51)45-43(37-15-23-39(49)24-16-37)46(44(45)38-17-25-40(50)26-18-38)48(52)54-42-29-21-36(22-30-42)34-13-9-32(6-4-2)10-14-34/h15-18,23-26,31-36,41-46,49-50H,3-14,19-22,27-30H2,1-2H3/t31-,32-,33-,34-,35-,36-,41+,42+,43-,44-,45-,46-"
646,CHEMBL4107711,C[C@@H](NC(=O)c1ccc(-c2nc([C@H]3CC[C@@H](O)CC3)cnc2N)cc1F)c1cccc(Cl)c1,"InChI=1S/C25H26ClFN4O2/c1-14(16-3-2-4-18(26)11-16)30-25(33)20-10-7-17(12-21(20)27)23-24(28)29-13-22(31-23)15-5-8-19(32)9-6-15/h2-4,7,10-15,19,32H,5-6,8-9H2,1H3,(H2,28,29)(H,30,33)/t14-,15-,19+/m1/s1"
646,CHEMBL4111453,C[C@@H](NC(=O)c1ccc(-c2nc([C@H]3CC[C@H](O)CC3)cnc2N)cc1F)c1cccc(Cl)c1,"InChI=1S/C25H26ClFN4O2/c1-14(16-3-2-4-18(26)11-16)30-25(33)20-10-7-17(12-21(20)27)23-24(28)29-13-22(31-23)15-5-8-19(32)9-6-15/h2-4,7,10-15,19,32H,5-6,8-9H2,1H3,(H2,28,29)(H,30,33)/t14-,15-,19-/m1/s1"
647,CHEMBL1544766,O=C(N[C@H]1CC[C@H](C(=O)O)CC1)OCc1ccccc1,"InChI=1S/C15H19NO4/c17-14(18)12-6-8-13(9-7-12)16-15(19)20-10-11-4-2-1-3-5-11/h1-5,12-13H,6-10H2,(H,16,19)(H,17,18)/t12-,13-"
647,CHEMBL1586657,O=C(N[C@H]1CC[C@@H](C(=O)O)CC1)OCc1ccccc1,"InChI=1S/C15H19NO4/c17-14(18)12-6-8-13(9-7-12)16-15(19)20-10-11-4-2-1-3-5-11/h1-5,12-13H,6-10H2,(H,16,19)(H,17,18)/t12-,13+"
648,CHEMBL3912086,O=C(O)COC[C@H]1CC[C@H](COC(=O)N(c2ccccc2)c2cccc(Cl)c2)CC1,"InChI=1S/C23H26ClNO5/c24-19-5-4-8-21(13-19)25(20-6-2-1-3-7-20)23(28)30-15-18-11-9-17(10-12-18)14-29-16-22(26)27/h1-8,13,17-18H,9-12,14-16H2,(H,26,27)/t17-,18-"
648,CHEMBL3966307,O=C(O)COC[C@H]1CC[C@@H](COC(=O)N(c2ccccc2)c2cccc(Cl)c2)CC1,"InChI=1S/C23H26ClNO5/c24-19-5-4-8-21(13-19)25(20-6-2-1-3-7-20)23(28)30-15-18-11-9-17(10-12-18)14-29-16-22(26)27/h1-8,13,17-18H,9-12,14-16H2,(H,26,27)/t17-,18+"
649,CHEMBL3899229,O=C(O)COC[C@H]1CC[C@H](CNC(=O)N(c2ccccc2)c2ccccc2)CC1,"InChI=1S/C23H28N2O4/c26-22(27)17-29-16-19-13-11-18(12-14-19)15-24-23(28)25(20-7-3-1-4-8-20)21-9-5-2-6-10-21/h1-10,18-19H,11-17H2,(H,24,28)(H,26,27)/t18-,19-"
649,CHEMBL3975263,O=C(O)COC[C@H]1CC[C@@H](CNC(=O)N(c2ccccc2)c2ccccc2)CC1,"InChI=1S/C23H28N2O4/c26-22(27)17-29-16-19-13-11-18(12-14-19)15-24-23(28)25(20-7-3-1-4-8-20)21-9-5-2-6-10-21/h1-10,18-19H,11-17H2,(H,24,28)(H,26,27)/t18-,19+"
650,CHEMBL3674209,CCN(CC)[C@H]1CC[C@@H](Nc2c(C(=O)C3CC3)cnc3ccc(-c4cc(Cl)c(O)c(OC)c4)cc23)CC1,"InChI=1S/C30H36ClN3O3/c1-4-34(5-2)22-11-9-21(10-12-22)33-28-23-14-19(20-15-25(31)30(36)27(16-20)37-3)8-13-26(23)32-17-24(28)29(35)18-6-7-18/h8,13-18,21-22,36H,4-7,9-12H2,1-3H3,(H,32,33)/t21-,22+"
650,CHEMBL3674211,CCN(CC)[C@H]1CC[C@H](Nc2c(C(=O)C3CC3)cnc3ccc(-c4cc(Cl)c(O)c(OC)c4)cc23)CC1,"InChI=1S/C30H36ClN3O3/c1-4-34(5-2)22-11-9-21(10-12-22)33-28-23-14-19(20-15-25(31)30(36)27(16-20)37-3)8-13-26(23)32-17-24(28)29(35)18-6-7-18/h8,13-18,21-22,36H,4-7,9-12H2,1-3H3,(H,32,33)/t21-,22-"
651,CHEMBL16961,C=C(C)CNC(=O)O[C@H]1CC[C@](CNC(=O)c2ccccc2OC)(c2ccccc2)CC1,"InChI=1S/C26H32N2O4/c1-19(2)17-27-25(30)32-21-13-15-26(16-14-21,20-9-5-4-6-10-20)18-28-24(29)22-11-7-8-12-23(22)31-3/h4-12,21H,1,13-18H2,2-3H3,(H,27,30)(H,28,29)/t21-,26-"
651,CHEMBL280102,C=C(C)CNC(=O)O[C@H]1CC[C@@](CNC(=O)c2ccccc2OC)(c2ccccc2)CC1,"InChI=1S/C26H32N2O4/c1-19(2)17-27-25(30)32-21-13-15-26(16-14-21,20-9-5-4-6-10-20)18-28-24(29)22-11-7-8-12-23(22)31-3/h4-12,21H,1,13-18H2,2-3H3,(H,27,30)(H,28,29)/t21-,26+"
652,CHEMBL12865,CCCC/C=C(\c1ccc(O)cc1)c1ccc(OCCN(CC)CC)cc1,"InChI=1S/C24H33NO2/c1-4-7-8-9-24(20-10-14-22(26)15-11-20)21-12-16-23(17-13-21)27-19-18-25(5-2)6-3/h9-17,26H,4-8,18-19H2,1-3H3/b24-9+"
652,CHEMBL12959,CCCC/C=C(/c1ccc(O)cc1)c1ccc(OCCN(CC)CC)cc1,"InChI=1S/C24H33NO2/c1-4-7-8-9-24(20-10-14-22(26)15-11-20)21-12-16-23(17-13-21)27-19-18-25(5-2)6-3/h9-17,26H,4-8,18-19H2,1-3H3/b24-9-"
653,CHEMBL2261152,CN(C)[C@H]1CO[C@@H](C(c2ccccc2)c2ccccc2)OC1.O=C(O)C(=O)O,"InChI=1S/C19H23NO2.C2H2O4/c1-20(2)17-13-21-19(22-14-17)18(15-9-5-3-6-10-15)16-11-7-4-8-12-16;3-1(4)2(5)6/h3-12,17-19H,13-14H2,1-2H3;(H,3,4)(H,5,6)/t17-,19+;"
653,CHEMBL2261153,CN(C)[C@H]1CO[C@H](C(c2ccccc2)c2ccccc2)OC1.O=C(O)C(=O)O,"InChI=1S/C19H23NO2.C2H2O4/c1-20(2)17-13-21-19(22-14-17)18(15-9-5-3-6-10-15)16-11-7-4-8-12-16;3-1(4)2(5)6/h3-12,17-19H,13-14H2,1-2H3;(H,3,4)(H,5,6)/t17-,19-;"
654,CHEMBL456193,CC(=O)N[C@H]1CC[C@H](NS(=O)(=O)c2ccc(F)cc2)CC1,"InChI=1S/C14H19FN2O3S/c1-10(18)16-12-4-6-13(7-5-12)17-21(19,20)14-8-2-11(15)3-9-14/h2-3,8-9,12-13,17H,4-7H2,1H3,(H,16,18)/t12-,13-"
654,CHEMBL457450,CC(=O)N[C@H]1CC[C@@H](NS(=O)(=O)c2ccc(F)cc2)CC1,"InChI=1S/C14H19FN2O3S/c1-10(18)16-12-4-6-13(7-5-12)17-21(19,20)14-8-2-11(15)3-9-14/h2-3,8-9,12-13,17H,4-7H2,1H3,(H,16,18)/t12-,13+"
655,CHEMBL3698181,C[C@@H](c1ccc(C(F)(F)F)cc1)N1CC[C@]2(CC[C@@H](O)CC2)OC1=O,"InChI=1S/C18H22F3NO3/c1-12(13-2-4-14(5-3-13)18(19,20)21)22-11-10-17(25-16(22)24)8-6-15(23)7-9-17/h2-5,12,15,23H,6-11H2,1H3/t12-,15-,17-/m0/s1"
655,CHEMBL3698238,C[C@@H](c1ccc(C(F)(F)F)cc1)N1CC[C@]2(CC[C@H](O)CC2)OC1=O,"InChI=1S/C18H22F3NO3/c1-12(13-2-4-14(5-3-13)18(19,20)21)22-11-10-17(25-16(22)24)8-6-15(23)7-9-17/h2-5,12,15,23H,6-11H2,1H3/t12-,15-,17+/m0/s1"
656,CHEMBL1824246,c1ccc(CN[C@H]2CC[C@@H](c3ccc(OCCCN4CCCCC4)cc3)CC2)cc1,"InChI=1S/C27H38N2O/c1-3-8-23(9-4-1)22-28-26-14-10-24(11-15-26)25-12-16-27(17-13-25)30-21-7-20-29-18-5-2-6-19-29/h1,3-4,8-9,12-13,16-17,24,26,28H,2,5-7,10-11,14-15,18-22H2/t24-,26+"
656,CHEMBL1824247,c1ccc(CN[C@H]2CC[C@H](c3ccc(OCCCN4CCCCC4)cc3)CC2)cc1,"InChI=1S/C27H38N2O/c1-3-8-23(9-4-1)22-28-26-14-10-24(11-15-26)25-12-16-27(17-13-25)30-21-7-20-29-18-5-2-6-19-29/h1,3-4,8-9,12-13,16-17,24,26,28H,2,5-7,10-11,14-15,18-22H2/t24-,26-"
657,CHEMBL2115010,Fc1ccc(C2CCN([C@H]3CC[C@](COCc4cc(C(F)(F)F)cc(C(F)(F)F)c4)(c4ccccc4)CC3)CC2)cc1,"InChI=1S/C33H34F7NO/c34-29-8-6-24(7-9-29)25-12-16-41(17-13-25)30-10-14-31(15-11-30,26-4-2-1-3-5-26)22-42-21-23-18-27(32(35,36)37)20-28(19-23)33(38,39)40/h1-9,18-20,25,30H,10-17,21-22H2/t30-,31-"
657,CHEMBL2115454,Fc1ccc(C2CCN([C@H]3CC[C@@](COCc4cc(C(F)(F)F)cc(C(F)(F)F)c4)(c4ccccc4)CC3)CC2)cc1,"InChI=1S/C33H34F7NO/c34-29-8-6-24(7-9-29)25-12-16-41(17-13-25)30-10-14-31(15-11-30,26-4-2-1-3-5-26)22-42-21-23-18-27(32(35,36)37)20-28(19-23)33(38,39)40/h1-9,18-20,25,30H,10-17,21-22H2/t30-,31+"
658,CHEMBL2109893,O=C(N[C@H]1CC[C@H](O)CC1)[C@H]1Cc2c(sc3ccccc23)CN1,"InChI=1S/C18H22N2O2S/c21-12-7-5-11(6-8-12)20-18(22)15-9-14-13-3-1-2-4-16(13)23-17(14)10-19-15/h1-4,11-12,15,19,21H,5-10H2,(H,20,22)/t11-,12-,15-/m1/s1"
658,CHEMBL2109979,O=C(N[C@H]1CC[C@@H](O)CC1)[C@H]1Cc2c(sc3ccccc23)CN1,"InChI=1S/C18H22N2O2S/c21-12-7-5-11(6-8-12)20-18(22)15-9-14-13-3-1-2-4-16(13)23-17(14)10-19-15/h1-4,11-12,15,19,21H,5-10H2,(H,20,22)/t11-,12+,15-/m1/s1"
659,CHEMBL2375955,Cc1nc(N)nc2c1cc(-c1cn[nH]c1)c(=O)n2[C@H]1CC[C@H](OCC(N)=O)CC1,"InChI=1S/C19H23N7O3/c1-10-14-6-15(11-7-22-23-8-11)18(28)26(17(14)25-19(21)24-10)12-2-4-13(5-3-12)29-9-16(20)27/h6-8,12-13H,2-5,9H2,1H3,(H2,20,27)(H,22,23)(H2,21,24,25)/t12-,13-"
659,CHEMBL2375962,Cc1nc(N)nc2c1cc(-c1cn[nH]c1)c(=O)n2[C@H]1CC[C@@H](OCC(N)=O)CC1,"InChI=1S/C19H23N7O3/c1-10-14-6-15(11-7-22-23-8-11)18(28)26(17(14)25-19(21)24-10)12-2-4-13(5-3-12)29-9-16(20)27/h6-8,12-13H,2-5,9H2,1H3,(H2,20,27)(H,22,23)(H2,21,24,25)/t12-,13+"
660,CHEMBL2203402,CCCN(CC[C@]1(O)CC[C@H](NC(=O)c2ccc3ccccc3c2)CC1)[C@H]1CCc2nc(N)sc2C1,"InChI=1S/C29H38N4O2S/c1-2-16-33(24-9-10-25-26(19-24)36-28(30)32-25)17-15-29(35)13-11-23(12-14-29)31-27(34)22-8-7-20-5-3-4-6-21(20)18-22/h3-8,18,23-24,35H,2,9-17,19H2,1H3,(H2,30,32)(H,31,34)/t23-,24-,29-/m0/s1"
660,CHEMBL2203407,CCCN(CC[C@]1(O)CC[C@@H](NC(=O)c2ccc3ccccc3c2)CC1)[C@H]1CCc2nc(N)sc2C1,"InChI=1S/C29H38N4O2S/c1-2-16-33(24-9-10-25-26(19-24)36-28(30)32-25)17-15-29(35)13-11-23(12-14-29)31-27(34)22-8-7-20-5-3-4-6-21(20)18-22/h3-8,18,23-24,35H,2,9-17,19H2,1H3,(H2,30,32)(H,31,34)/t23-,24-,29+/m0/s1"
661,CHEMBL16766,COc1ccccc1C(=O)NC[C@]1(c2ccccc2)CC[C@H](OC(=O)NC(C)C)CC1,"InChI=1S/C25H32N2O4/c1-18(2)27-24(29)31-20-13-15-25(16-14-20,19-9-5-4-6-10-19)17-26-23(28)21-11-7-8-12-22(21)30-3/h4-12,18,20H,13-17H2,1-3H3,(H,26,28)(H,27,29)/t20-,25-"
661,CHEMBL16848,COc1ccccc1C(=O)NC[C@]1(c2ccccc2)CC[C@@H](OC(=O)NC(C)C)CC1,"InChI=1S/C25H32N2O4/c1-18(2)27-24(29)31-20-13-15-25(16-14-20,19-9-5-4-6-10-19)17-26-23(28)21-11-7-8-12-22(21)30-3/h4-12,18,20H,13-17H2,1-3H3,(H,26,28)(H,27,29)/t20-,25+"
662,CHEMBL3656800,O[C@H]1CC[C@@H](Nc2cc(-c3nc(NCC4CCOCC4)ccc3Cl)c(Cl)cn2)CC1,"InChI=1S/C22H28Cl2N4O2/c23-18-5-6-20(25-12-14-7-9-30-10-8-14)28-22(18)17-11-21(26-13-19(17)24)27-15-1-3-16(29)4-2-15/h5-6,11,13-16,29H,1-4,7-10,12H2,(H,25,28)(H,26,27)/t15-,16+"
662,CHEMBL3656828,O[C@H]1CC[C@H](Nc2cc(-c3nc(NCC4CCOCC4)ccc3Cl)c(Cl)cn2)CC1,"InChI=1S/C22H28Cl2N4O2/c23-18-5-6-20(25-12-14-7-9-30-10-8-14)28-22(18)17-11-21(26-13-19(17)24)27-15-1-3-16(29)4-2-15/h5-6,11,13-16,29H,1-4,7-10,12H2,(H,25,28)(H,26,27)/t15-,16-"
663,CHEMBL3904586,O=C(N[C@H]1CC[C@@H](c2ccc(NC(=O)N3Cc4ccncc4C3)cc2)CC1)[C@@H]1CCCO1,"InChI=1S/C25H30N4O3/c30-24(23-2-1-13-32-23)27-21-7-3-17(4-8-21)18-5-9-22(10-6-18)28-25(31)29-15-19-11-12-26-14-20(19)16-29/h5-6,9-12,14,17,21,23H,1-4,7-8,13,15-16H2,(H,27,30)(H,28,31)/t17-,21+,23-/m0/s1"
663,CHEMBL3966046,O=C(N[C@H]1CC[C@H](c2ccc(NC(=O)N3Cc4ccncc4C3)cc2)CC1)[C@@H]1CCCO1,"InChI=1S/C25H30N4O3/c30-24(23-2-1-13-32-23)27-21-7-3-17(4-8-21)18-5-9-22(10-6-18)28-25(31)29-15-19-11-12-26-14-20(19)16-29/h5-6,9-12,14,17,21,23H,1-4,7-8,13,15-16H2,(H,27,30)(H,28,31)/t17-,21-,23-/m0/s1"
664,CHEMBL4202826,CN(C)C(=O)c1ccc(OCCCCC[C@H]2CC[C@]3(CCCO3)CC2)cc1,"InChI=1S/C23H35NO3/c1-24(2)22(25)20-8-10-21(11-9-20)26-17-5-3-4-7-19-12-15-23(16-13-19)14-6-18-27-23/h8-11,19H,3-7,12-18H2,1-2H3/t19-,23+"
664,CHEMBL4215690,CN(C)C(=O)c1ccc(OCCCCC[C@H]2CC[C@@]3(CCCO3)CC2)cc1,"InChI=1S/C23H35NO3/c1-24(2)22(25)20-8-10-21(11-9-20)26-17-5-3-4-7-19-12-15-23(16-13-19)14-6-18-27-23/h8-11,19H,3-7,12-18H2,1-2H3/t19-,23-"
665,CHEMBL3654939,CC(C)(C)[C@H]1CC[C@H](C(=O)N2CCc3cc(S(=O)(=O)Nc4ccc(CCCC5CCCC5)cc4F)ccc3C2)CC1,"InChI=1S/C34H47FN2O3S/c1-34(2,3)29-15-12-26(13-16-29)33(38)37-20-19-27-22-30(17-14-28(27)23-37)41(39,40)36-32-18-11-25(21-31(32)35)10-6-9-24-7-4-5-8-24/h11,14,17-18,21-22,24,26,29,36H,4-10,12-13,15-16,19-20,23H2,1-3H3/t26-,29-"
665,CHEMBL3654940,CC(C)(C)[C@H]1CC[C@@H](C(=O)N2CCc3cc(S(=O)(=O)Nc4ccc(CCCC5CCCC5)cc4F)ccc3C2)CC1,"InChI=1S/C34H47FN2O3S/c1-34(2,3)29-15-12-26(13-16-29)33(38)37-20-19-27-22-30(17-14-28(27)23-37)41(39,40)36-32-18-11-25(21-31(32)35)10-6-9-24-7-4-5-8-24/h11,14,17-18,21-22,24,26,29,36H,4-10,12-13,15-16,19-20,23H2,1-3H3/t26-,29+"
666,CHEMBL4300214,N[C@H]1CC[C@H](N[C@H]2[C@H]3Cc4ccccc4[C@H]32)CC1,"InChI=1S/C16H22N2/c17-11-5-7-12(8-6-11)18-16-14-9-10-3-1-2-4-13(10)15(14)16/h1-4,11-12,14-16,18H,5-9,17H2/t11-,12-,14-,15+,16-/m0/s1"
666,CHEMBL4301821,N[C@H]1CC[C@@H](N[C@H]2[C@H]3Cc4ccccc4[C@H]32)CC1,"InChI=1S/C16H22N2/c17-11-5-7-12(8-6-11)18-16-14-9-10-3-1-2-4-13(10)15(14)16/h1-4,11-12,14-16,18H,5-9,17H2/t11-,12+,14-,15+,16-/m0/s1"
667,CHEMBL3907565,Fc1ccc(N[C@H]2CC[C@H](c3nnn4cnc5[nH]ccc5c34)CC2)cc1,"InChI=1S/C19H19FN6/c20-13-3-7-15(8-4-13)23-14-5-1-12(2-6-14)17-18-16-9-10-21-19(16)22-11-26(18)25-24-17/h3-4,7-12,14,21,23H,1-2,5-6H2/t12-,14-"
667,CHEMBL3931001,Fc1ccc(N[C@H]2CC[C@@H](c3nnn4cnc5[nH]ccc5c34)CC2)cc1,"InChI=1S/C19H19FN6/c20-13-3-7-15(8-4-13)23-14-5-1-12(2-6-14)17-18-16-9-10-21-19(16)22-11-26(18)25-24-17/h3-4,7-12,14,21,23H,1-2,5-6H2/t12-,14+"
668,CHEMBL1824240,c1cc([C@H]2CC[C@@H](N3CCOCC3)CC2)ccc1OCCCN1CCCCC1,"InChI=1S/C24H38N2O2/c1-2-13-25(14-3-1)15-4-18-28-24-11-7-22(8-12-24)21-5-9-23(10-6-21)26-16-19-27-20-17-26/h7-8,11-12,21,23H,1-6,9-10,13-20H2/t21-,23+"
668,CHEMBL1824241,c1cc([C@H]2CC[C@H](N3CCOCC3)CC2)ccc1OCCCN1CCCCC1,"InChI=1S/C24H38N2O2/c1-2-13-25(14-3-1)15-4-18-28-24-11-7-22(8-12-24)21-5-9-23(10-6-21)26-16-19-27-20-17-26/h7-8,11-12,21,23H,1-6,9-10,13-20H2/t21-,23-"
669,CHEMBL228445,O=S(=O)(N[C@H]1CC[C@@H](N2CCC(c3ccccc3OCC(F)(F)F)CC2)CC1)c1cc(Cl)ccc1F,"InChI=1S/C25H29ClF4N2O3S/c26-18-5-10-22(27)24(15-18)36(33,34)31-19-6-8-20(9-7-19)32-13-11-17(12-14-32)21-3-1-2-4-23(21)35-16-25(28,29)30/h1-5,10,15,17,19-20,31H,6-9,11-14,16H2/t19-,20+"
669,CHEMBL228494,O=S(=O)(N[C@H]1CC[C@H](N2CCC(c3ccccc3OCC(F)(F)F)CC2)CC1)c1cc(Cl)ccc1F,"InChI=1S/C25H29ClF4N2O3S/c26-18-5-10-22(27)24(15-18)36(33,34)31-19-6-8-20(9-7-19)32-13-11-17(12-14-32)21-3-1-2-4-23(21)35-16-25(28,29)30/h1-5,10,15,17,19-20,31H,6-9,11-14,16H2/t19-,20-"
670,CHEMBL3121508,CC(C)(C)C#Cc1cc(N(C(=O)[C@H]2CC[C@H](C)CC2)[C@H]2CC[C@H](Oc3cccnc3)CC2)c(C(=O)O)s1,"InChI=1S/C30H38N2O4S/c1-20-7-9-21(10-8-20)28(33)32(22-11-13-23(14-12-22)36-24-6-5-17-31-19-24)26-18-25(15-16-30(2,3)4)37-27(26)29(34)35/h5-6,17-23H,7-14H2,1-4H3,(H,34,35)/t20-,21-,22-,23-"
670,CHEMBL3121511,CC(C)(C)C#Cc1cc(N(C(=O)[C@H]2CC[C@H](C)CC2)[C@H]2CC[C@@H](Oc3cccnc3)CC2)c(C(=O)O)s1,"InChI=1S/C30H38N2O4S/c1-20-7-9-21(10-8-20)28(33)32(22-11-13-23(14-12-22)36-24-6-5-17-31-19-24)26-18-25(15-16-30(2,3)4)37-27(26)29(34)35/h5-6,17-23H,7-14H2,1-4H3,(H,34,35)/t20-,21-,22-,23+"
671,CHEMBL16311,COc1ccccc1C(=O)NC[C@]1(c2ccccc2)CC[C@@H](OC(=O)NCCO)CC1,"InChI=1S/C24H30N2O5/c1-30-21-10-6-5-9-20(21)22(28)26-17-24(18-7-3-2-4-8-18)13-11-19(12-14-24)31-23(29)25-15-16-27/h2-10,19,27H,11-17H2,1H3,(H,25,29)(H,26,28)/t19-,24+"
671,CHEMBL16882,COc1ccccc1C(=O)NC[C@]1(c2ccccc2)CC[C@H](OC(=O)NCCO)CC1,"InChI=1S/C24H30N2O5/c1-30-21-10-6-5-9-20(21)22(28)26-17-24(18-7-3-2-4-8-18)13-11-19(12-14-24)31-23(29)25-15-16-27/h2-10,19,27H,11-17H2,1H3,(H,25,29)(H,26,28)/t19-,24-"
672,CHEMBL3353445,C[C@H]1CC[C@H](NC(=O)c2cc3cc(-c4cccs4)cnc3n(Cc3ccc(F)cc3)c2=O)CC1,"InChI=1S/C27H26FN3O2S/c1-17-4-10-22(11-5-17)30-26(32)23-14-19-13-20(24-3-2-12-34-24)15-29-25(19)31(27(23)33)16-18-6-8-21(28)9-7-18/h2-3,6-9,12-15,17,22H,4-5,10-11,16H2,1H3,(H,30,32)/t17-,22-"
672,CHEMBL3353446,C[C@H]1CC[C@@H](NC(=O)c2cc3cc(-c4cccs4)cnc3n(Cc3ccc(F)cc3)c2=O)CC1,"InChI=1S/C27H26FN3O2S/c1-17-4-10-22(11-5-17)30-26(32)23-14-19-13-20(24-3-2-12-34-24)15-29-25(19)31(27(23)33)16-18-6-8-21(28)9-7-18/h2-3,6-9,12-15,17,22H,4-5,10-11,16H2,1H3,(H,30,32)/t17-,22+"
673,CHEMBL3785934,CCN(CC)[C@H]1CC[C@H](c2cc(OC3CC3)c(Nc3ncc(Cl)c(Nc4cn(C)nc4S(=O)(=O)C(C)C)n3)cc2C)CC1,"InChI=1S/C31H44ClN7O3S/c1-7-39(8-2)22-11-9-21(10-12-22)24-16-28(42-23-13-14-23)26(15-20(24)5)35-31-33-17-25(32)29(36-31)34-27-18-38(6)37-30(27)43(40,41)19(3)4/h15-19,21-23H,7-14H2,1-6H3,(H2,33,34,35,36)/t21-,22-"
673,CHEMBL3786173,CCN(CC)[C@H]1CC[C@@H](c2cc(OC3CC3)c(Nc3ncc(Cl)c(Nc4cn(C)nc4S(=O)(=O)C(C)C)n3)cc2C)CC1,"InChI=1S/C31H44ClN7O3S/c1-7-39(8-2)22-11-9-21(10-12-22)24-16-28(42-23-13-14-23)26(15-20(24)5)35-31-33-17-25(32)29(36-31)34-27-18-38(6)37-30(27)43(40,41)19(3)4/h15-19,21-23H,7-14H2,1-6H3,(H2,33,34,35,36)/t21-,22+"
674,CHEMBL3138812,CCOP(=O)(OCC)[C@]1(C#N)SC[C@@H](CN(C)C)CS1,"InChI=1S/C12H23N2O3PS2/c1-5-16-18(15,17-6-2)12(10-13)19-8-11(9-20-12)7-14(3)4/h11H,5-9H2,1-4H3/t11-,12-"
674,CHEMBL3138909,CCOP(=O)(OCC)[C@]1(C#N)SC[C@H](CN(C)C)CS1,"InChI=1S/C12H23N2O3PS2/c1-5-16-18(15,17-6-2)12(10-13)19-8-11(9-20-12)7-14(3)4/h11H,5-9H2,1-4H3/t11-,12+"
675,CHEMBL291739,N#Cc1ccc2[nH]cc([C@H]3CC[C@@H](NCc4ccccc4)CC3)c2c1,"InChI=1S/C22H23N3/c23-13-17-6-11-22-20(12-17)21(15-25-22)18-7-9-19(10-8-18)24-14-16-4-2-1-3-5-16/h1-6,11-12,15,18-19,24-25H,7-10,14H2/t18-,19+"
675,CHEMBL59196,N#Cc1ccc2[nH]cc([C@H]3CC[C@H](NCc4ccccc4)CC3)c2c1,"InChI=1S/C22H23N3/c23-13-17-6-11-22-20(12-17)21(15-25-22)18-7-9-19(10-8-18)24-14-16-4-2-1-3-5-16/h1-6,11-12,15,18-19,24-25H,7-10,14H2/t18-,19-"
676,CHEMBL3891457,Cc1nc2cccc(-c3cc4c([nH]3)CCNC4=O)c2nc1N[C@H]1C[C@H](NC(=O)OC(C)(C)C)C1,"InChI=1S/C25H30N6O3/c1-13-22(28-14-10-15(11-14)29-24(33)34-25(2,3)4)31-21-16(6-5-7-19(21)27-13)20-12-17-18(30-20)8-9-26-23(17)32/h5-7,12,14-15,30H,8-11H2,1-4H3,(H,26,32)(H,28,31)(H,29,33)/t14-,15-"
676,CHEMBL3967337,Cc1nc2cccc(-c3cc4c([nH]3)CCNC4=O)c2nc1N[C@H]1C[C@@H](NC(=O)OC(C)(C)C)C1,"InChI=1S/C25H30N6O3/c1-13-22(28-14-10-15(11-14)29-24(33)34-25(2,3)4)31-21-16(6-5-7-19(21)27-13)20-12-17-18(30-20)8-9-26-23(17)32/h5-7,12,14-15,30H,8-11H2,1-4H3,(H,26,32)(H,28,31)(H,29,33)/t14-,15+"
677,CHEMBL3900102,N[C@H]1C[C@@H](NC(=O)c2cc(NC(=O)c3cc(-c4ccc(F)cn4)c(Cl)cc3Cl)n(-c3ccccc3)n2)C1,"InChI=1S/C26H21Cl2FN6O2/c27-20-11-21(28)19(10-18(20)22-7-6-14(29)13-31-22)25(36)33-24-12-23(26(37)32-16-8-15(30)9-16)34-35(24)17-4-2-1-3-5-17/h1-7,10-13,15-16H,8-9,30H2,(H,32,37)(H,33,36)/t15-,16+"
677,CHEMBL3907883,N[C@H]1C[C@H](NC(=O)c2cc(NC(=O)c3cc(-c4ccc(F)cn4)c(Cl)cc3Cl)n(-c3ccccc3)n2)C1,"InChI=1S/C26H21Cl2FN6O2/c27-20-11-21(28)19(10-18(20)22-7-6-14(29)13-31-22)25(36)33-24-12-23(26(37)32-16-8-15(30)9-16)34-35(24)17-4-2-1-3-5-17/h1-7,10-13,15-16H,8-9,30H2,(H,32,37)(H,33,36)/t15-,16-"
678,CHEMBL2386284,CC/C(=C(\c1ccc(O)cc1)c1ccc(OCCN)cc1)c1ccccc1,"InChI=1S/C24H25NO2/c1-2-23(18-6-4-3-5-7-18)24(19-8-12-21(26)13-9-19)20-10-14-22(15-11-20)27-17-16-25/h3-15,26H,2,16-17,25H2,1H3/b24-23-"
678,CHEMBL2386285,CC/C(=C(/c1ccc(O)cc1)c1ccc(OCCN)cc1)c1ccccc1,"InChI=1S/C24H25NO2/c1-2-23(18-6-4-3-5-7-18)24(19-8-12-21(26)13-9-19)20-10-14-22(15-11-20)27-17-16-25/h3-15,26H,2,16-17,25H2,1H3/b24-23+"
679,CHEMBL272062,CC(=O)N1CCC(N(C)C(=O)N[C@H]2CC[C@@H](c3ccccc3)CC2)CC1,"InChI=1S/C21H31N3O2/c1-16(25)24-14-12-20(13-15-24)23(2)21(26)22-19-10-8-18(9-11-19)17-6-4-3-5-7-17/h3-7,18-20H,8-15H2,1-2H3,(H,22,26)/t18-,19+"
679,CHEMBL403223,CC(=O)N1CCC(N(C)C(=O)N[C@H]2CC[C@H](c3ccccc3)CC2)CC1,"InChI=1S/C21H31N3O2/c1-16(25)24-14-12-20(13-15-24)23(2)21(26)22-19-10-8-18(9-11-19)17-6-4-3-5-7-17/h3-7,18-20H,8-15H2,1-2H3,(H,22,26)/t18-,19-"
680,CHEMBL3099991,O=C(Nc1ccccc1OC(F)(F)F)N[C@H]1CC[C@H](Oc2ccc(F)cc2)CC1,"InChI=1S/C20H20F4N2O3/c21-13-5-9-15(10-6-13)28-16-11-7-14(8-12-16)25-19(27)26-17-3-1-2-4-18(17)29-20(22,23)24/h1-6,9-10,14,16H,7-8,11-12H2,(H2,25,26,27)/t14-,16-"
680,CHEMBL426555,O=C(Nc1ccccc1OC(F)(F)F)N[C@H]1CC[C@@H](Oc2ccc(F)cc2)CC1,"InChI=1S/C20H20F4N2O3/c21-13-5-9-15(10-6-13)28-16-11-7-14(8-12-16)25-19(27)26-17-3-1-2-4-18(17)29-20(22,23)24/h1-6,9-10,14,16H,7-8,11-12H2,(H2,25,26,27)/t14-,16+"
681,CHEMBL4161850,N[C@H]1CC[C@@H](N(C[C@H]2Cc3ccccc3CN2)[C@H]2CCCc3cccnc32)CC1,"InChI=1S/C25H34N4/c26-21-10-12-23(13-11-21)29(24-9-3-7-18-8-4-14-27-25(18)24)17-22-15-19-5-1-2-6-20(19)16-28-22/h1-2,4-6,8,14,21-24,28H,3,7,9-13,15-17,26H2/t21-,22-,23+,24+/m1/s1"
681,CHEMBL4175088,N[C@H]1CC[C@H](N(C[C@H]2Cc3ccccc3CN2)[C@H]2CCCc3cccnc32)CC1,"InChI=1S/C25H34N4/c26-21-10-12-23(13-11-21)29(24-9-3-7-18-8-4-14-27-25(18)24)17-22-15-19-5-1-2-6-20(19)16-28-22/h1-2,4-6,8,14,21-24,28H,3,7,9-13,15-17,26H2/t21-,22-,23-,24+/m1/s1"
682,CHEMBL1927595,CCCCCCCCc1ccc([C@H]2CC[C@@H]([N+](C)(C)CCO)CC2)cc1.[I-],"InChI=1S/C24H42NO.HI/c1-4-5-6-7-8-9-10-21-11-13-22(14-12-21)23-15-17-24(18-16-23)25(2,3)19-20-26;/h11-14,23-24,26H,4-10,15-20H2,1-3H3;1H/q+1;/p-1/t23-,24+;"
682,CHEMBL1927596,CCCCCCCCc1ccc([C@H]2CC[C@H]([N+](C)(C)CCO)CC2)cc1.[I-],"InChI=1S/C24H42NO.HI/c1-4-5-6-7-8-9-10-21-11-13-22(14-12-21)23-15-17-24(18-16-23)25(2,3)19-20-26;/h11-14,23-24,26H,4-10,15-20H2,1-3H3;1H/q+1;/p-1/t23-,24-;"
683,CHEMBL1993116,O1[C@H]2[C@@H]3O[C@@H]3[C@H]3O[C@H]3[C@H]3O[C@H]3[C@@H]12,"InChI=1S/C8H8O4/c9-1-2(9)4-6(11-4)8-7(12-8)5-3(1)10-5/h1-8H/t1-,2+,3-,4-,5-,6-,7-,8+"
683,CHEMBL2005766,O1[C@H]2[C@@H]3O[C@@H]3[C@H]3O[C@H]3[C@@H]3O[C@@H]3[C@@H]12,"InChI=1S/C8H8O4/c9-1-2(9)4-6(11-4)8-7(12-8)5-3(1)10-5/h1-8H/t1-,2+,3+,4-,5+,6-,7-,8+"
684,CHEMBL1951777,Cc1ccc([C@]2(O)CC[C@H](N3CC[C@@H](NC(=O)CNC(=O)c4cccc(C(F)(F)F)c4)C3)CC2)cn1,"InChI=1S/C26H31F3N4O3/c1-17-5-6-20(14-30-17)25(36)10-7-22(8-11-25)33-12-9-21(16-33)32-23(34)15-31-24(35)18-3-2-4-19(13-18)26(27,28)29/h2-6,13-14,21-22,36H,7-12,15-16H2,1H3,(H,31,35)(H,32,34)/t21-,22-,25-/m1/s1"
684,CHEMBL1951789,Cc1ccc([C@]2(O)CC[C@@H](N3CC[C@@H](NC(=O)CNC(=O)c4cccc(C(F)(F)F)c4)C3)CC2)cn1,"InChI=1S/C26H31F3N4O3/c1-17-5-6-20(14-30-17)25(36)10-7-22(8-11-25)33-12-9-21(16-33)32-23(34)15-31-24(35)18-3-2-4-19(13-18)26(27,28)29/h2-6,13-14,21-22,36H,7-12,15-16H2,1H3,(H,31,35)(H,32,34)/t21-,22-,25+/m1/s1"
685,CHEMBL238084,O=C(N[C@H]1CO[C@H](c2cccc([N+](=O)[O-])c2)OC1)c1ccccc1,"InChI=1S/C17H16N2O5/c20-16(12-5-2-1-3-6-12)18-14-10-23-17(24-11-14)13-7-4-8-15(9-13)19(21)22/h1-9,14,17H,10-11H2,(H,18,20)/t14-,17-"
685,CHEMBL239626,O=C(N[C@H]1CO[C@@H](c2cccc([N+](=O)[O-])c2)OC1)c1ccccc1,"InChI=1S/C17H16N2O5/c20-16(12-5-2-1-3-6-12)18-14-10-23-17(24-11-14)13-7-4-8-15(9-13)19(21)22/h1-9,14,17H,10-11H2,(H,18,20)/t14-,17+"
686,CHEMBL1256425,CC(C)N1CCN([C@H]2CC[C@H](n3nc(-c4ccc(Nc5nc6cccc(Cl)c6o5)cc4)c4c(N)ncnc43)CC2)CC1,"InChI=1S/C31H36ClN9O/c1-19(2)39-14-16-40(17-15-39)22-10-12-23(13-11-22)41-30-26(29(33)34-18-35-30)27(38-41)20-6-8-21(9-7-20)36-31-37-25-5-3-4-24(32)28(25)42-31/h3-9,18-19,22-23H,10-17H2,1-2H3,(H,36,37)(H2,33,34,35)/t22-,23-"
686,CHEMBL1256426,CC(C)N1CCN([C@H]2CC[C@@H](n3nc(-c4ccc(Nc5nc6cccc(Cl)c6o5)cc4)c4c(N)ncnc43)CC2)CC1,"InChI=1S/C31H36ClN9O/c1-19(2)39-14-16-40(17-15-39)22-10-12-23(13-11-22)41-30-26(29(33)34-18-35-30)27(38-41)20-6-8-21(9-7-20)36-31-37-25-5-3-4-24(32)28(25)42-31/h3-9,18-19,22-23H,10-17H2,1-2H3,(H,36,37)(H2,33,34,35)/t22-,23+"
687,CHEMBL3325853,CCC(=O)N(c1ccccc1)[C@]1(C(=O)OC)CC[C@H](CCc2ccccc2)CC1,"InChI=1S/C25H31NO3/c1-3-23(27)26(22-12-8-5-9-13-22)25(24(28)29-2)18-16-21(17-19-25)15-14-20-10-6-4-7-11-20/h4-13,21H,3,14-19H2,1-2H3/t21-,25+"
687,CHEMBL3325854,CCC(=O)N(c1ccccc1)[C@]1(C(=O)OC)CC[C@@H](CCc2ccccc2)CC1,"InChI=1S/C25H31NO3/c1-3-23(27)26(22-12-8-5-9-13-22)25(24(28)29-2)18-16-21(17-19-25)15-14-20-10-6-4-7-11-20/h4-13,21H,3,14-19H2,1-2H3/t21-,25-"
688,CHEMBL3962270,O=C(N[C@H]1C[C@@H](O)C1)c1cc(NC(=O)c2cc(-c3ccc(F)cn3)c(Cl)cc2Cl)n(-c2ccccc2)n1,"InChI=1S/C26H20Cl2FN5O3/c27-20-11-21(28)19(10-18(20)22-7-6-14(29)13-30-22)25(36)32-24-12-23(26(37)31-15-8-17(35)9-15)33-34(24)16-4-2-1-3-5-16/h1-7,10-13,15,17,35H,8-9H2,(H,31,37)(H,32,36)/t15-,17+"
688,CHEMBL3972649,O=C(N[C@H]1C[C@H](O)C1)c1cc(NC(=O)c2cc(-c3ccc(F)cn3)c(Cl)cc2Cl)n(-c2ccccc2)n1,"InChI=1S/C26H20Cl2FN5O3/c27-20-11-21(28)19(10-18(20)22-7-6-14(29)13-30-22)25(36)32-24-12-23(26(37)31-15-8-17(35)9-15)33-34(24)16-4-2-1-3-5-16/h1-7,10-13,15,17,35H,8-9H2,(H,31,37)(H,32,36)/t15-,17-"
689,CHEMBL3924813,O=C([C@H]1CC[C@](F)(C(=O)O)CC1)N1CC[C@](c2ccc(C(F)(C(F)(F)F)C(F)(F)F)cc2)(S(=O)(=O)c2ccc(F)cc2)C1,"InChI=1S/C27H24F9NO5S/c28-19-5-7-20(8-6-19)43(41,42)24(17-1-3-18(4-2-17)25(30,26(31,32)33)27(34,35)36)13-14-37(15-24)21(38)16-9-11-23(29,12-10-16)22(39)40/h1-8,16H,9-15H2,(H,39,40)/t16-,23+,24-/m0/s1"
689,CHEMBL3966534,O=C([C@H]1CC[C@@](F)(C(=O)O)CC1)N1CC[C@](c2ccc(C(F)(C(F)(F)F)C(F)(F)F)cc2)(S(=O)(=O)c2ccc(F)cc2)C1,"InChI=1S/C27H24F9NO5S/c28-19-5-7-20(8-6-19)43(41,42)24(17-1-3-18(4-2-17)25(30,26(31,32)33)27(34,35)36)13-14-37(15-24)21(38)16-9-11-23(29,12-10-16)22(39)40/h1-8,16H,9-15H2,(H,39,40)/t16-,23-,24-/m0/s1"
690,CHEMBL167875,CC/C(=C(\c1ccc(I)cc1)c1ccc(OCCN2CCCC2)cc1)c1ccc(O)cc1,"InChI=1S/C28H30INO2/c1-2-27(21-7-13-25(31)14-8-21)28(22-5-11-24(29)12-6-22)23-9-15-26(16-10-23)32-20-19-30-17-3-4-18-30/h5-16,31H,2-4,17-20H2,1H3/b28-27-"
690,CHEMBL354660,CC/C(=C(/c1ccc(I)cc1)c1ccc(OCCN2CCCC2)cc1)c1ccc(O)cc1,"InChI=1S/C28H30INO2/c1-2-27(21-7-13-25(31)14-8-21)28(22-5-11-24(29)12-6-22)23-9-15-26(16-10-23)32-20-19-30-17-3-4-18-30/h5-16,31H,2-4,17-20H2,1H3/b28-27+"
691,CHEMBL3911006,N[C@H]1CC[C@@H](NC(=O)c2cc(NC(=O)c3cc(-c4ncccc4F)ccc3Cl)n(-c3ccccc3)n2)CC1,"InChI=1S/C28H26ClFN6O2/c29-22-13-8-17(26-23(30)7-4-14-32-26)15-21(22)27(37)34-25-16-24(35-36(25)20-5-2-1-3-6-20)28(38)33-19-11-9-18(31)10-12-19/h1-8,13-16,18-19H,9-12,31H2,(H,33,38)(H,34,37)/t18-,19+"
691,CHEMBL3971956,N[C@H]1CC[C@H](NC(=O)c2cc(NC(=O)c3cc(-c4ncccc4F)ccc3Cl)n(-c3ccccc3)n2)CC1,"InChI=1S/C28H26ClFN6O2/c29-22-13-8-17(26-23(30)7-4-14-32-26)15-21(22)27(37)34-25-16-24(35-36(25)20-5-2-1-3-6-20)28(38)33-19-11-9-18(31)10-12-19/h1-8,13-16,18-19H,9-12,31H2,(H,33,38)(H,34,37)/t18-,19-"
692,CHEMBL3759727,COc1cccc(CNC(=O)c2cc(-c3nnn(C[C@H]4CC[C@@H](NC(C)=O)CC4)n3)cc(C)n2)c1,"InChI=1S/C25H31N7O3/c1-16-11-20(13-23(27-16)25(34)26-14-19-5-4-6-22(12-19)35-3)24-29-31-32(30-24)15-18-7-9-21(10-8-18)28-17(2)33/h4-6,11-13,18,21H,7-10,14-15H2,1-3H3,(H,26,34)(H,28,33)/t18-,21+"
692,CHEMBL3759997,COc1cccc(CNC(=O)c2cc(-c3nnn(C[C@H]4CC[C@H](NC(C)=O)CC4)n3)cc(C)n2)c1,"InChI=1S/C25H31N7O3/c1-16-11-20(13-23(27-16)25(34)26-14-19-5-4-6-22(12-19)35-3)24-29-31-32(30-24)15-18-7-9-21(10-8-18)28-17(2)33/h4-6,11-13,18,21H,7-10,14-15H2,1-3H3,(H,26,34)(H,28,33)/t18-,21-"
693,CHEMBL2171894,Cc1cc(C)n2ncc(C(=O)N[C@H]3CC[C@H](C(C)(C)C)CC3)c2n1,"InChI=1S/C19H28N4O/c1-12-10-13(2)23-17(21-12)16(11-20-23)18(24)22-15-8-6-14(7-9-15)19(3,4)5/h10-11,14-15H,6-9H2,1-5H3,(H,22,24)/t14-,15-"
693,CHEMBL2171895,Cc1cc(C)n2ncc(C(=O)N[C@H]3CC[C@@H](C(C)(C)C)CC3)c2n1,"InChI=1S/C19H28N4O/c1-12-10-13(2)23-17(21-12)16(11-20-23)18(24)22-15-8-6-14(7-9-15)19(3,4)5/h10-11,14-15H,6-9H2,1-5H3,(H,22,24)/t14-,15+"
694,CHEMBL3930299,C[C@]1(O)C[C@H](N2CCc3c(-c4cnc(N)nc4)nc(N4CCOCC4)nc32)C1,"InChI=1S/C19H25N7O2/c1-19(27)8-13(9-19)26-3-2-14-15(12-10-21-17(20)22-11-12)23-18(24-16(14)26)25-4-6-28-7-5-25/h10-11,13,27H,2-9H2,1H3,(H2,20,21,22)/t13-,19-"
694,CHEMBL3965067,C[C@]1(O)C[C@@H](N2CCc3c(-c4cnc(N)nc4)nc(N4CCOCC4)nc32)C1,"InChI=1S/C19H25N7O2/c1-19(27)8-13(9-19)26-3-2-14-15(12-10-21-17(20)22-11-12)23-18(24-16(14)26)25-4-6-28-7-5-25/h10-11,13,27H,2-9H2,1H3,(H2,20,21,22)/t13-,19+"
695,CHEMBL3697164,Cc1cc([C@H](C)N(Cc2ccc(OCCN3C(=O)CCC3=O)c(C)c2)[C@H]2C[C@H](C(=O)O)C2)ccc1Cl,"InChI=1S/C28H33ClN2O5/c1-17-13-21(5-6-24(17)29)19(3)31(23-14-22(15-23)28(34)35)16-20-4-7-25(18(2)12-20)36-11-10-30-26(32)8-9-27(30)33/h4-7,12-13,19,22-23H,8-11,14-16H2,1-3H3,(H,34,35)/t19-,22-,23-/m0/s1"
695,CHEMBL3697165,Cc1cc([C@H](C)N(Cc2ccc(OCCN3C(=O)CCC3=O)c(C)c2)[C@H]2C[C@@H](C(=O)O)C2)ccc1Cl,"InChI=1S/C28H33ClN2O5/c1-17-13-21(5-6-24(17)29)19(3)31(23-14-22(15-23)28(34)35)16-20-4-7-25(18(2)12-20)36-11-10-30-26(32)8-9-27(30)33/h4-7,12-13,19,22-23H,8-11,14-16H2,1-3H3,(H,34,35)/t19-,22-,23+/m0/s1"
696,CHEMBL3963727,O=C(N[C@H]1C[C@H](O)C1)c1cc(NC(=O)c2cc(-c3ccccn3)c(F)cc2Cl)n(-c2ccccc2)n1,"InChI=1S/C26H21ClFN5O3/c27-20-13-21(28)19(22-8-4-5-9-29-22)12-18(20)25(35)31-24-14-23(26(36)30-15-10-17(34)11-15)32-33(24)16-6-2-1-3-7-16/h1-9,12-15,17,34H,10-11H2,(H,30,36)(H,31,35)/t15-,17-"
696,CHEMBL3986349,O=C(N[C@H]1C[C@@H](O)C1)c1cc(NC(=O)c2cc(-c3ccccn3)c(F)cc2Cl)n(-c2ccccc2)n1,"InChI=1S/C26H21ClFN5O3/c27-20-13-21(28)19(22-8-4-5-9-29-22)12-18(20)25(35)31-24-14-23(26(36)30-15-10-17(34)11-15)32-33(24)16-6-2-1-3-7-16/h1-9,12-15,17,34H,10-11H2,(H,30,36)(H,31,35)/t15-,17+"
697,CHEMBL4166627,C/C1=C/C(=O)O[C@H](C(C)(C)C)CCC[C@H](O)CCC[C@H](O)CCC[C@H](O)CCC[C@@H](O)C[C@@H](O)C[C@H](O)CCC[C@@H](O)CCC[C@@H](O)C[C@@H](O)CCCCC1,"InChI=1S/C44H84O11/c1-32-14-6-5-7-15-37(49)29-38(50)24-10-20-35(47)22-12-26-40(52)31-41(53)30-39(51)25-11-21-34(46)18-8-16-33(45)17-9-19-36(48)23-13-27-42(44(2,3)4)55-43(54)28-32/h28,33-42,45-53H,5-27,29-31H2,1-4H3/b32-28-/t33-,34+,35+,36-,37+,38-,39-,40-,41-,42+/m1/s1"
697,CHEMBL4170041,C/C1=C/C(=O)O[C@H](C(C)(C)C)CCC[C@H](O)CCC[C@H](O)CCC[C@H](O)CCC[C@@H](O)C[C@@H](O)C[C@H](O)CCC[C@@H](O)CCC[C@@H](O)C[C@@H](O)CCCCC1,"InChI=1S/C44H84O11/c1-32-14-6-5-7-15-37(49)29-38(50)24-10-20-35(47)22-12-26-40(52)31-41(53)30-39(51)25-11-21-34(46)18-8-16-33(45)17-9-19-36(48)23-13-27-42(44(2,3)4)55-43(54)28-32/h28,33-42,45-53H,5-27,29-31H2,1-4H3/b32-28+/t33-,34+,35+,36-,37+,38-,39-,40-,41-,42+/m1/s1"
698,CHEMBL489609,COC(=O)c1cc2[nH]c([C@H]3CC[C@]4(CC3)OC(=O)c3ccccc34)nc2cc1Cl,"InChI=1S/C22H19ClN2O4/c1-28-20(26)14-10-17-18(11-16(14)23)25-19(24-17)12-6-8-22(9-7-12)15-5-3-2-4-13(15)21(27)29-22/h2-5,10-12H,6-9H2,1H3,(H,24,25)/t12-,22+"
698,CHEMBL491239,COC(=O)c1cc2[nH]c([C@H]3CC[C@@]4(CC3)OC(=O)c3ccccc34)nc2cc1Cl,"InChI=1S/C22H19ClN2O4/c1-28-20(26)14-10-17-18(11-16(14)23)25-19(24-17)12-6-8-22(9-7-12)15-5-3-2-4-13(15)21(27)29-22/h2-5,10-12H,6-9H2,1H3,(H,24,25)/t12-,22-"
699,CHEMBL234649,CC(C)Oc1ccccc1N1CCN([C@H]2CC[C@@H](NS(=O)(=O)Cc3ccccc3)CC2)CC1,"InChI=1S/C26H37N3O3S/c1-21(2)32-26-11-7-6-10-25(26)29-18-16-28(17-19-29)24-14-12-23(13-15-24)27-33(30,31)20-22-8-4-3-5-9-22/h3-11,21,23-24,27H,12-20H2,1-2H3/t23-,24+"
699,CHEMBL234650,CC(C)Oc1ccccc1N1CCN([C@H]2CC[C@H](NS(=O)(=O)Cc3ccccc3)CC2)CC1,"InChI=1S/C26H37N3O3S/c1-21(2)32-26-11-7-6-10-25(26)29-18-16-28(17-19-29)24-14-12-23(13-15-24)27-33(30,31)20-22-8-4-3-5-9-22/h3-11,21,23-24,27H,12-20H2,1-2H3/t23-,24-"
700,CHEMBL4094388,C[C@H]1CC[C@@H](NC(=O)c2cc(-c3ccccc3)nn(Cc3ccc(F)cc3)c2=O)CC1,"InChI=1S/C25H26FN3O2/c1-17-7-13-21(14-8-17)27-24(30)22-15-23(19-5-3-2-4-6-19)28-29(25(22)31)16-18-9-11-20(26)12-10-18/h2-6,9-12,15,17,21H,7-8,13-14,16H2,1H3,(H,27,30)/t17-,21+"
700,CHEMBL4104545,C[C@H]1CC[C@H](NC(=O)c2cc(-c3ccccc3)nn(Cc3ccc(F)cc3)c2=O)CC1,"InChI=1S/C25H26FN3O2/c1-17-7-13-21(14-8-17)27-24(30)22-15-23(19-5-3-2-4-6-19)28-29(25(22)31)16-18-9-11-20(26)12-10-18/h2-6,9-12,15,17,21H,7-8,13-14,16H2,1H3,(H,27,30)/t17-,21-"
701,CHEMBL3698975,CO[C@H]1CC[C@@H](N2CCC(N3Cc4cccc(C(N)=O)c4C3=O)CC2)CC1,"InChI=1S/C21H29N3O3/c1-27-17-7-5-15(6-8-17)23-11-9-16(10-12-23)24-13-14-3-2-4-18(20(22)25)19(14)21(24)26/h2-4,15-17H,5-13H2,1H3,(H2,22,25)/t15-,17+"
701,CHEMBL3698976,CO[C@H]1CC[C@H](N2CCC(N3Cc4cccc(C(N)=O)c4C3=O)CC2)CC1,"InChI=1S/C21H29N3O3/c1-27-17-7-5-15(6-8-17)23-11-9-16(10-12-23)24-13-14-3-2-4-18(20(22)25)19(14)21(24)26/h2-4,15-17H,5-13H2,1H3,(H2,22,25)/t15-,17-"
702,CHEMBL192923,N#Cc1cccc([C@H]2CC[C@H](N(CCN3CC[C@@H](O)C3)C(=O)Nc3ccc(F)c(C(F)(F)F)c3)CC2)c1,"InChI=1S/C27H30F4N4O2/c28-25-9-6-21(15-24(25)27(29,30)31)33-26(37)35(13-12-34-11-10-23(36)17-34)22-7-4-19(5-8-22)20-3-1-2-18(14-20)16-32/h1-3,6,9,14-15,19,22-23,36H,4-5,7-8,10-13,17H2,(H,33,37)/t19-,22-,23-/m1/s1"
702,CHEMBL366161,N#Cc1cccc([C@H]2CC[C@@H](N(CCN3CC[C@@H](O)C3)C(=O)Nc3ccc(F)c(C(F)(F)F)c3)CC2)c1,"InChI=1S/C27H30F4N4O2/c28-25-9-6-21(15-24(25)27(29,30)31)33-26(37)35(13-12-34-11-10-23(36)17-34)22-7-4-19(5-8-22)20-3-1-2-18(14-20)16-32/h1-3,6,9,14-15,19,22-23,36H,4-5,7-8,10-13,17H2,(H,33,37)/t19-,22+,23-/m1/s1"
703,CHEMBL3928947,O=C(N[C@H]1C[C@H](CO)C1)c1cc(NC(=O)c2cc(-c3ccccn3)c(F)cc2Cl)n(-c2ccccc2)n1,"InChI=1S/C27H23ClFN5O3/c28-21-13-22(29)20(23-8-4-5-9-30-23)12-19(21)26(36)32-25-14-24(27(37)31-17-10-16(11-17)15-35)33-34(25)18-6-2-1-3-7-18/h1-9,12-14,16-17,35H,10-11,15H2,(H,31,37)(H,32,36)/t16-,17-"
703,CHEMBL3953158,O=C(N[C@H]1C[C@@H](CO)C1)c1cc(NC(=O)c2cc(-c3ccccn3)c(F)cc2Cl)n(-c2ccccc2)n1,"InChI=1S/C27H23ClFN5O3/c28-21-13-22(29)20(23-8-4-5-9-30-23)12-19(21)26(36)32-25-14-24(27(37)31-17-10-16(11-17)15-35)33-34(25)18-6-2-1-3-7-18/h1-9,12-14,16-17,35H,10-11,15H2,(H,31,37)(H,32,36)/t16-,17+"
704,CHEMBL4207878,CN(C)C(=O)c1ccc(OCCCCC[C@H]2CC[C@@]3(CCCCO3)CC2)cc1,"InChI=1S/C24H37NO3/c1-25(2)23(26)21-9-11-22(12-10-21)27-18-6-3-4-8-20-13-16-24(17-14-20)15-5-7-19-28-24/h9-12,20H,3-8,13-19H2,1-2H3/t20-,24-"
704,CHEMBL4209951,CN(C)C(=O)c1ccc(OCCCCC[C@H]2CC[C@]3(CCCCO3)CC2)cc1,"InChI=1S/C24H37NO3/c1-25(2)23(26)21-9-11-22(12-10-21)27-18-6-3-4-8-20-13-16-24(17-14-20)15-5-7-19-28-24/h9-12,20H,3-8,13-19H2,1-2H3/t20-,24+"
705,CHEMBL1922380,CNC(=O)C[C@@H]1NC(=O)c2csc(n2)-c2ccc(-c3nc(NC(=O)[C@H]4CC[C@@H](C(=O)O)CC4)cs3)nc2-c2csc(n2)-c2csc(n2)[C@H]([C@@H](O)c2ccccc2)NC(=O)CNC(=O)c2nc(sc2COC)[C@H](C(C)C)NC(=O)c2nc1sc2C,"InChI=1S/C55H55N13O10S6/c1-24(2)39-54-68-42(35(84-54)19-78-5)47(74)57-18-38(70)65-43(44(71)26-9-7-6-8-10-26)53-62-34(22-81-53)51-60-32(20-80-51)41-29(15-16-30(58-41)50-64-36(23-82-50)63-45(72)27-11-13-28(14-12-27)55(76)77)49-61-33(21-79-49)46(73)59-31(17-37(69)56-4)52-67-40(25(3)83-52)48(75)66-39/h6-10,15-16,20-24,27-28,31,39,43-44,71H,11-14,17-19H2,1-5H3,(H,56,69)(H,57,74)(H,59,73)(H,63,72)(H,65,70)(H,66,75)(H,76,77)/t27-,28+,31-,39-,43-,44-/m0/s1"
705,CHEMBL1922381,CNC(=O)C[C@@H]1NC(=O)c2csc(n2)-c2ccc(-c3nc(NC(=O)[C@H]4CC[C@H](C(=O)O)CC4)cs3)nc2-c2csc(n2)-c2csc(n2)[C@H]([C@@H](O)c2ccccc2)NC(=O)CNC(=O)c2nc(sc2COC)[C@H](C(C)C)NC(=O)c2nc1sc2C,"InChI=1S/C55H55N13O10S6/c1-24(2)39-54-68-42(35(84-54)19-78-5)47(74)57-18-38(70)65-43(44(71)26-9-7-6-8-10-26)53-62-34(22-81-53)51-60-32(20-80-51)41-29(15-16-30(58-41)50-64-36(23-82-50)63-45(72)27-11-13-28(14-12-27)55(76)77)49-61-33(21-79-49)46(73)59-31(17-37(69)56-4)52-67-40(25(3)83-52)48(75)66-39/h6-10,15-16,20-24,27-28,31,39,43-44,71H,11-14,17-19H2,1-5H3,(H,56,69)(H,57,74)(H,59,73)(H,63,72)(H,65,70)(H,66,75)(H,76,77)/t27-,28-,31-,39-,43-,44-/m0/s1"
706,CHEMBL2203940,CCn1cc(C(=O)O)c(=O)c2cc(F)c(NC(=O)[C@H]3CC[C@H](COc4ccc([N+](=O)[O-])cc4)CC3)c(F)c21,"InChI=1S/C26H25F2N3O7/c1-2-30-12-19(26(34)35)24(32)18-11-20(27)22(21(28)23(18)30)29-25(33)15-5-3-14(4-6-15)13-38-17-9-7-16(8-10-17)31(36)37/h7-12,14-15H,2-6,13H2,1H3,(H,29,33)(H,34,35)/t14-,15-"
706,CHEMBL2203944,CCn1cc(C(=O)O)c(=O)c2cc(F)c(NC(=O)[C@H]3CC[C@@H](COc4ccc([N+](=O)[O-])cc4)CC3)c(F)c21,"InChI=1S/C26H25F2N3O7/c1-2-30-12-19(26(34)35)24(32)18-11-20(27)22(21(28)23(18)30)29-25(33)15-5-3-14(4-6-15)13-38-17-9-7-16(8-10-17)31(36)37/h7-12,14-15H,2-6,13H2,1H3,(H,29,33)(H,34,35)/t14-,15+"
707,CHEMBL2092839,Cl.O=C(N[C@H]1CC[C@H](O)CC1)[C@H]1Cc2c(sc3ccccc23)CN1,"InChI=1S/C18H22N2O2S.ClH/c21-12-7-5-11(6-8-12)20-18(22)15-9-14-13-3-1-2-4-16(13)23-17(14)10-19-15;/h1-4,11-12,15,19,21H,5-10H2,(H,20,22);1H/t11-,12-,15-;/m1./s1"
707,CHEMBL2092954,Cl.O=C(N[C@H]1CC[C@@H](O)CC1)[C@H]1Cc2c(sc3ccccc23)CN1,"InChI=1S/C18H22N2O2S.ClH/c21-12-7-5-11(6-8-12)20-18(22)15-9-14-13-3-1-2-4-16(13)23-17(14)10-19-15;/h1-4,11-12,15,19,21H,5-10H2,(H,20,22);1H/t11-,12+,15-;/m1./s1"
708,CHEMBL2059013,C[C@]1(C#N)C[C@H](CN([C@H](CCC(F)(F)F)C(N)=O)S(=O)(=O)c2ccc(Cl)cc2)C1,"InChI=1S/C18H21ClF3N3O3S/c1-17(11-23)8-12(9-17)10-25(15(16(24)26)6-7-18(20,21)22)29(27,28)14-4-2-13(19)3-5-14/h2-5,12,15H,6-10H2,1H3,(H2,24,26)/t12-,15-,17-/m1/s1"
708,CHEMBL2059014,C[C@]1(C#N)C[C@@H](CN([C@H](CCC(F)(F)F)C(N)=O)S(=O)(=O)c2ccc(Cl)cc2)C1,"InChI=1S/C18H21ClF3N3O3S/c1-17(11-23)8-12(9-17)10-25(15(16(24)26)6-7-18(20,21)22)29(27,28)14-4-2-13(19)3-5-14/h2-5,12,15H,6-10H2,1H3,(H2,24,26)/t12-,15-,17+/m1/s1"
709,CHEMBL3735044,O=C(Nc1nc2cc(F)ccc2n1[C@H]1CC[C@H](CO)CC1)c1cccc([N+](=O)[O-])c1,"InChI=1S/C21H21FN4O4/c22-15-6-9-19-18(11-15)23-21(25(19)16-7-4-13(12-27)5-8-16)24-20(28)14-2-1-3-17(10-14)26(29)30/h1-3,6,9-11,13,16,27H,4-5,7-8,12H2,(H,23,24,28)/t13-,16-"
709,CHEMBL3735949,O=C(Nc1nc2cc(F)ccc2n1[C@H]1CC[C@@H](CO)CC1)c1cccc([N+](=O)[O-])c1,"InChI=1S/C21H21FN4O4/c22-15-6-9-19-18(11-15)23-21(25(19)16-7-4-13(12-27)5-8-16)24-20(28)14-2-1-3-17(10-14)26(29)30/h1-3,6,9-11,13,16,27H,4-5,7-8,12H2,(H,23,24,28)/t13-,16+"
710,CHEMBL489320,C[C@](O)(c1ccc(C(=O)N(C2CC2)[C@H]2CC[C@@H](CCC#N)CC2)cc1)C(F)(F)F,"InChI=1S/C22H27F3N2O2/c1-21(29,22(23,24)25)17-8-6-16(7-9-17)20(28)27(19-12-13-19)18-10-4-15(5-11-18)3-2-14-26/h6-9,15,18-19,29H,2-5,10-13H2,1H3/t15-,18+,21-/m0/s1"
710,CHEMBL512355,C[C@](O)(c1ccc(C(=O)N(C2CC2)[C@H]2CC[C@H](CCC#N)CC2)cc1)C(F)(F)F,"InChI=1S/C22H27F3N2O2/c1-21(29,22(23,24)25)17-8-6-16(7-9-17)20(28)27(19-12-13-19)18-10-4-15(5-11-18)3-2-14-26/h6-9,15,18-19,29H,2-5,10-13H2,1H3/t15-,18-,21-/m0/s1"
711,CHEMBL3741095,O=C(Nc1nnc(Cc2cc(F)cc(F)c2)s1)c1ccc(O[C@H]2CC[C@@H](C(=O)O)CC2)cc1,"InChI=1S/C23H21F2N3O4S/c24-16-9-13(10-17(25)12-16)11-20-27-28-23(33-20)26-21(29)14-1-5-18(6-2-14)32-19-7-3-15(4-8-19)22(30)31/h1-2,5-6,9-10,12,15,19H,3-4,7-8,11H2,(H,30,31)(H,26,28,29)/t15-,19+"
711,CHEMBL3741896,O=C(Nc1nnc(Cc2cc(F)cc(F)c2)s1)c1ccc(O[C@H]2CC[C@H](C(=O)O)CC2)cc1,"InChI=1S/C23H21F2N3O4S/c24-16-9-13(10-17(25)12-16)11-20-27-28-23(33-20)26-21(29)14-1-5-18(6-2-14)32-19-7-3-15(4-8-19)22(30)31/h1-2,5-6,9-10,12,15,19H,3-4,7-8,11H2,(H,30,31)(H,26,28,29)/t15-,19-"
712,CHEMBL233410,CC(C)Oc1ccccc1N1CCN([C@H]2CC[C@@H](NS(=O)(=O)c3ccc(Cl)cc3F)CC2)CC1,"InChI=1S/C25H33ClFN3O3S/c1-18(2)33-24-6-4-3-5-23(24)30-15-13-29(14-16-30)21-10-8-20(9-11-21)28-34(31,32)25-12-7-19(26)17-22(25)27/h3-7,12,17-18,20-21,28H,8-11,13-16H2,1-2H3/t20-,21+"
712,CHEMBL233582,CC(C)Oc1ccccc1N1CCN([C@H]2CC[C@H](NS(=O)(=O)c3ccc(Cl)cc3F)CC2)CC1,"InChI=1S/C25H33ClFN3O3S/c1-18(2)33-24-6-4-3-5-23(24)30-15-13-29(14-16-30)21-10-8-20(9-11-21)28-34(31,32)25-12-7-19(26)17-22(25)27/h3-7,12,17-18,20-21,28H,8-11,13-16H2,1-2H3/t20-,21-"
713,CHEMBL16746,COc1ccccc1C(=O)NC[C@]1(c2ccccc2)CC[C@@H](OC(=O)NCc2ccccc2)CC1,"InChI=1S/C29H32N2O4/c1-34-26-15-9-8-14-25(26)27(32)31-21-29(23-12-6-3-7-13-23)18-16-24(17-19-29)35-28(33)30-20-22-10-4-2-5-11-22/h2-15,24H,16-21H2,1H3,(H,30,33)(H,31,32)/t24-,29+"
713,CHEMBL278945,COc1ccccc1C(=O)NC[C@]1(c2ccccc2)CC[C@H](OC(=O)NCc2ccccc2)CC1,"InChI=1S/C29H32N2O4/c1-34-26-15-9-8-14-25(26)27(32)31-21-29(23-12-6-3-7-13-23)18-16-24(17-19-29)35-28(33)30-20-22-10-4-2-5-11-22/h2-15,24H,16-21H2,1H3,(H,30,33)(H,31,32)/t24-,29-"
714,CHEMBL3698210,CC[C@@H](c1ccc(Cl)cc1)N1CC[C@]2(CC[C@@H](O)CC2)OC1=O,"InChI=1S/C18H24ClNO3/c1-2-16(13-3-5-14(19)6-4-13)20-12-11-18(23-17(20)22)9-7-15(21)8-10-18/h3-6,15-16,21H,2,7-12H2,1H3/t15-,16-,18-/m0/s1"
714,CHEMBL3698249,CC[C@@H](c1ccc(Cl)cc1)N1CC[C@]2(CC[C@H](O)CC2)OC1=O,"InChI=1S/C18H24ClNO3/c1-2-16(13-3-5-14(19)6-4-13)20-12-11-18(23-17(20)22)9-7-15(21)8-10-18/h3-6,15-16,21H,2,7-12H2,1H3/t15-,16-,18+/m0/s1"
715,CHEMBL4087898,C[C@]1(CCOc2cc(F)c(S(=O)(=O)Nc3ncns3)cc2F)CC[C@H](N)CC1,"InChI=1S/C17H22F2N4O3S2/c1-17(4-2-11(20)3-5-17)6-7-26-14-8-13(19)15(9-12(14)18)28(24,25)23-16-21-10-22-27-16/h8-11H,2-7,20H2,1H3,(H,21,22,23)/t11-,17-"
715,CHEMBL4093720,C[C@]1(CCOc2cc(F)c(S(=O)(=O)Nc3ncns3)cc2F)CC[C@@H](N)CC1,"InChI=1S/C17H22F2N4O3S2/c1-17(4-2-11(20)3-5-17)6-7-26-14-8-13(19)15(9-12(14)18)28(24,25)23-16-21-10-22-27-16/h8-11H,2-7,20H2,1H3,(H,21,22,23)/t11-,17+"
716,CHEMBL3953724,CC[C@]1(CO)CO[C@@H](c2c(NC(=O)c3nc(-c4c(F)cccc4F)sc3N)cnn2C)OC1,"InChI=1S/C21H23F2N5O4S/c1-3-21(8-29)9-31-20(32-10-21)16-13(7-25-28(16)2)26-18(30)15-17(24)33-19(27-15)14-11(22)5-4-6-12(14)23/h4-7,20,29H,3,8-10,24H2,1-2H3,(H,26,30)/t20-,21+"
716,CHEMBL3973524,CC[C@]1(CO)CO[C@H](c2c(NC(=O)c3nc(-c4c(F)cccc4F)sc3N)cnn2C)OC1,"InChI=1S/C21H23F2N5O4S/c1-3-21(8-29)9-31-20(32-10-21)16-13(7-25-28(16)2)26-18(30)15-17(24)33-19(27-15)14-11(22)5-4-6-12(14)23/h4-7,20,29H,3,8-10,24H2,1-2H3,(H,26,30)/t20-,21-"
717,CHEMBL3687207,CCc1nc(C(N)=O)c(Nc2ccc(N3CCC(N4CCN(C)CC4)CC3)c(C)c2)nc1N[C@H]1CC[C@@](C)(O)CC1,"InChI=1S/C31H48N8O2/c1-5-25-29(33-22-8-12-31(3,41)13-9-22)36-30(27(35-25)28(32)40)34-23-6-7-26(21(2)20-23)39-14-10-24(11-15-39)38-18-16-37(4)17-19-38/h6-7,20,22,24,41H,5,8-19H2,1-4H3,(H2,32,40)(H2,33,34,36)/t22-,31+"
717,CHEMBL3687212,CCc1nc(C(N)=O)c(Nc2ccc(N3CCC(N4CCN(C)CC4)CC3)c(C)c2)nc1N[C@H]1CC[C@](C)(O)CC1,"InChI=1S/C31H48N8O2/c1-5-25-29(33-22-8-12-31(3,41)13-9-22)36-30(27(35-25)28(32)40)34-23-6-7-26(21(2)20-23)39-14-10-24(11-15-39)38-18-16-37(4)17-19-38/h6-7,20,22,24,41H,5,8-19H2,1-4H3,(H2,32,40)(H2,33,34,36)/t22-,31-"
718,CHEMBL3698201,O=C1O[C@]2(CCN1[C@H]1CCc3ccccc31)CC[C@@H](O)CC2,"InChI=1S/C18H23NO3/c20-14-7-9-18(10-8-14)11-12-19(17(21)22-18)16-6-5-13-3-1-2-4-15(13)16/h1-4,14,16,20H,5-12H2/t14-,16-,18-/m0/s1"
718,CHEMBL3698245,O=C1O[C@]2(CCN1[C@H]1CCc3ccccc31)CC[C@H](O)CC2,"InChI=1S/C18H23NO3/c20-14-7-9-18(10-8-14)11-12-19(17(21)22-18)16-6-5-13-3-1-2-4-15(13)16/h1-4,14,16,20H,5-12H2/t14-,16-,18+/m0/s1"
719,CHEMBL494276,N#Cc1ccc2[nH]cc([C@H]3CC[C@@H](N4CCN(c5cccc6[nH]ccc56)CC4)CC3)c2c1,"InChI=1S/C27H29N5/c28-17-19-4-9-26-23(16-19)24(18-30-26)20-5-7-21(8-6-20)31-12-14-32(15-13-31)27-3-1-2-25-22(27)10-11-29-25/h1-4,9-11,16,18,20-21,29-30H,5-8,12-15H2/t20-,21+"
719,CHEMBL494483,N#Cc1ccc2[nH]cc([C@H]3CC[C@H](N4CCN(c5cccc6[nH]ccc56)CC4)CC3)c2c1,"InChI=1S/C27H29N5/c28-17-19-4-9-26-23(16-19)24(18-30-26)20-5-7-21(8-6-20)31-12-14-32(15-13-31)27-3-1-2-25-22(27)10-11-29-25/h1-4,9-11,16,18,20-21,29-30H,5-8,12-15H2/t20-,21-"
720,CHEMBL2368597,C=C1C(=O)[C@]23[C@H](O)[C@H]1CC[C@H]2[C@@]12CO[C@@]3(O)[C@@H](O)[C@@H]1C(C)(C)CC[C@@H]2OC(C)=O,"InChI=1S/C22H30O7/c1-10-12-5-6-13-20-9-28-22(27,21(13,16(10)24)17(12)25)18(26)15(20)19(3,4)8-7-14(20)29-11(2)23/h12-15,17-18,25-27H,1,5-9H2,2-4H3/t12-,13-,14-,15+,17+,18-,20+,21-,22-/m0/s1"
720,CHEMBL521234,C=C1C(=O)[C@]23[C@H](O)[C@H]1CC[C@H]2[C@@]12CO[C@@]3(O)[C@@H](O)[C@@H]1C(C)(C)CC[C@@H]2OC(C)=O,"InChI=1S/C22H30O7/c1-10-12-5-6-13-20-9-28-22(27,21(13,16(10)24)17(12)25)18(26)15(20)19(3,4)8-7-14(20)29-11(2)23/h12-15,17-18,25-27H,1,5-9H2,2-4H3/t12-,13-,14-,15+,17+,18-,20+,21-,22+/m0/s1"
721,CHEMBL181506,COc1ccccc1N1CCN([C@H]2CC[C@H](c3c[nH]c4ccc(F)cc43)CC2)CC1,"InChI=1S/C25H30FN3O/c1-30-25-5-3-2-4-24(25)29-14-12-28(13-15-29)20-9-6-18(7-10-20)22-17-27-23-11-8-19(26)16-21(22)23/h2-5,8,11,16-18,20,27H,6-7,9-10,12-15H2,1H3/t18-,20-"
721,CHEMBL181784,COc1ccccc1N1CCN([C@H]2CC[C@@H](c3c[nH]c4ccc(F)cc43)CC2)CC1,"InChI=1S/C25H30FN3O/c1-30-25-5-3-2-4-24(25)29-14-12-28(13-15-29)20-9-6-18(7-10-20)22-17-27-23-11-8-19(26)16-21(22)23/h2-5,8,11,16-18,20,27H,6-7,9-10,12-15H2,1H3/t18-,20+"
722,CHEMBL3823512,CC/C(=C(\c1ccccc1)c1ccc(NC(=O)C(C)C)cc1)c1ccc(Cl)cc1Cl,"InChI=1S/C26H25Cl2NO/c1-4-22(23-15-12-20(27)16-24(23)28)25(18-8-6-5-7-9-18)19-10-13-21(14-11-19)29-26(30)17(2)3/h5-17H,4H2,1-3H3,(H,29,30)/b25-22-"
722,CHEMBL3823586,CC/C(=C(/c1ccccc1)c1ccc(NC(=O)C(C)C)cc1)c1ccc(Cl)cc1Cl,"InChI=1S/C26H25Cl2NO/c1-4-22(23-15-12-20(27)16-24(23)28)25(18-8-6-5-7-9-18)19-10-13-21(14-11-19)29-26(30)17(2)3/h5-17H,4H2,1-3H3,(H,29,30)/b25-22+"
723,CHEMBL3698164,C[C@@H](c1ccc(Cl)cc1)N1CC[C@]2(CC[C@@H](O)CC2)OC1=O,"InChI=1S/C17H22ClNO3/c1-12(13-2-4-14(18)5-3-13)19-11-10-17(22-16(19)21)8-6-15(20)7-9-17/h2-5,12,15,20H,6-11H2,1H3/t12-,15-,17-/m0/s1"
723,CHEMBL3698229,C[C@@H](c1ccc(Cl)cc1)N1CC[C@]2(CC[C@H](O)CC2)OC1=O,"InChI=1S/C17H22ClNO3/c1-12(13-2-4-14(18)5-3-13)19-11-10-17(22-16(19)21)8-6-15(20)7-9-17/h2-5,12,15,20H,6-11H2,1H3/t12-,15-,17+/m0/s1"
724,CHEMBL3914034,CCS(=O)(=O)c1ccc(O[C@H]2CC[C@H](OC)CC2)c(-c2cn(C)c(=O)c3[nH]ccc23)c1,"InChI=1S/C23H28N2O5S/c1-4-31(27,28)17-9-10-21(30-16-7-5-15(29-3)6-8-16)19(13-17)20-14-25(2)23(26)22-18(20)11-12-24-22/h9-16,24H,4-8H2,1-3H3/t15-,16-"
724,CHEMBL3954497,CCS(=O)(=O)c1ccc(O[C@H]2CC[C@@H](OC)CC2)c(-c2cn(C)c(=O)c3[nH]ccc23)c1,"InChI=1S/C23H28N2O5S/c1-4-31(27,28)17-9-10-21(30-16-7-5-15(29-3)6-8-16)19(13-17)20-14-25(2)23(26)22-18(20)11-12-24-22/h9-16,24H,4-8H2,1-3H3/t15-,16+"
725,CHEMBL2204038,O=c1[nH]c(=O)c(Cc2ccccc2)c([C@H]2CC[C@H](c3ccccc3)CC2)[nH]1,"InChI=1S/C23H24N2O2/c26-22-20(15-16-7-3-1-4-8-16)21(24-23(27)25-22)19-13-11-18(12-14-19)17-9-5-2-6-10-17/h1-10,18-19H,11-15H2,(H2,24,25,26,27)/t18-,19-"
725,CHEMBL2204039,O=c1[nH]c(=O)c(Cc2ccccc2)c([C@H]2CC[C@@H](c3ccccc3)CC2)[nH]1,"InChI=1S/C23H24N2O2/c26-22-20(15-16-7-3-1-4-8-16)21(24-23(27)25-22)19-13-11-18(12-14-19)17-9-5-2-6-10-17/h1-10,18-19H,11-15H2,(H2,24,25,26,27)/t18-,19+"
726,CHEMBL229084,CC(C)Oc1ccccc1C1CCN([C@H]2CC[C@H](NS(=O)(=O)c3ccc(F)c(F)c3)CC2)CC1,"InChI=1S/C26H34F2N2O3S/c1-18(2)33-26-6-4-3-5-23(26)19-13-15-30(16-14-19)21-9-7-20(8-10-21)29-34(31,32)22-11-12-24(27)25(28)17-22/h3-6,11-12,17-21,29H,7-10,13-16H2,1-2H3/t20-,21-"
726,CHEMBL390184,CC(C)Oc1ccccc1C1CCN([C@H]2CC[C@@H](NS(=O)(=O)c3ccc(F)c(F)c3)CC2)CC1,"InChI=1S/C26H34F2N2O3S/c1-18(2)33-26-6-4-3-5-23(26)19-13-15-30(16-14-19)21-9-7-20(8-10-21)29-34(31,32)22-11-12-24(27)25(28)17-22/h3-6,11-12,17-21,29H,7-10,13-16H2,1-2H3/t20-,21+"
727,CHEMBL1825151,Cc1ccc(C(=O)NC2CC2)cc1-c1ccc2c(c1)NC(=O)[C@]21CC[C@@H](O)CC1,"InChI=1S/C24H26N2O3/c1-14-2-3-16(22(28)25-17-5-6-17)12-19(14)15-4-7-20-21(13-15)26-23(29)24(20)10-8-18(27)9-11-24/h2-4,7,12-13,17-18,27H,5-6,8-11H2,1H3,(H,25,28)(H,26,29)/t18-,24+"
727,CHEMBL1825152,Cc1ccc(C(=O)NC2CC2)cc1-c1ccc2c(c1)NC(=O)[C@]21CC[C@H](O)CC1,"InChI=1S/C24H26N2O3/c1-14-2-3-16(22(28)25-17-5-6-17)12-19(14)15-4-7-20-21(13-15)26-23(29)24(20)10-8-18(27)9-11-24/h2-4,7,12-13,17-18,27H,5-6,8-11H2,1H3,(H,25,28)(H,26,29)/t18-,24-"
728,CHEMBL3586561,CO[C@H]1CC[C@@H](CN2C(=O)CNc3ncc(-c4ccc(-c5nc[nH]n5)nc4C)nc32)CC1,"InChI=1S/C22H26N8O2/c1-13-16(7-8-17(27-13)20-25-12-26-29-20)18-9-23-21-22(28-18)30(19(31)10-24-21)11-14-3-5-15(32-2)6-4-14/h7-9,12,14-15H,3-6,10-11H2,1-2H3,(H,23,24)(H,25,26,29)/t14-,15+"
728,CHEMBL3586562,CO[C@H]1CC[C@H](CN2C(=O)CNc3ncc(-c4ccc(-c5nc[nH]n5)nc4C)nc32)CC1,"InChI=1S/C22H26N8O2/c1-13-16(7-8-17(27-13)20-25-12-26-29-20)18-9-23-21-22(28-18)30(19(31)10-24-21)11-14-3-5-15(32-2)6-4-14/h7-9,12,14-15H,3-6,10-11H2,1-2H3,(H,23,24)(H,25,26,29)/t14-,15-"
729,CHEMBL1908887,N[C@]1(C(=O)O)C[C@H](CF)C1,"InChI=1S/C6H10FNO2/c7-3-4-1-6(8,2-4)5(9)10/h4H,1-3,8H2,(H,9,10)/t4-,6+"
729,CHEMBL306490,N[C@]1(C(=O)O)C[C@@H](CF)C1,"InChI=1S/C6H10FNO2/c7-3-4-1-6(8,2-4)5(9)10/h4H,1-3,8H2,(H,9,10)/t4-,6-"
730,CHEMBL3133014,O=C(Nc1ccc(O[C@H]2CC[C@@H](C(=O)O)CC2)cc1F)c1nnc(Nc2cc(F)c(F)cc2F)o1,"InChI=1S/C22H18F4N4O5/c23-13-8-16(26)18(9-14(13)24)28-22-30-29-20(35-22)19(31)27-17-6-5-12(7-15(17)25)34-11-3-1-10(2-4-11)21(32)33/h5-11H,1-4H2,(H,27,31)(H,28,30)(H,32,33)/t10-,11+"
730,CHEMBL3133015,O=C(Nc1ccc(O[C@H]2CC[C@H](C(=O)O)CC2)cc1F)c1nnc(Nc2cc(F)c(F)cc2F)o1,"InChI=1S/C22H18F4N4O5/c23-13-8-16(26)18(9-14(13)24)28-22-30-29-20(35-22)19(31)27-17-6-5-12(7-15(17)25)34-11-3-1-10(2-4-11)21(32)33/h5-11H,1-4H2,(H,27,31)(H,28,30)(H,32,33)/t10-,11-"
731,CHEMBL481940,CCCn1cc([C@H]2CC[C@@H](N3CCN(c4cccc5[nH]ccc45)CC3)CC2)c2cc(C#N)ccc21,"InChI=1S/C30H35N5/c1-2-14-35-21-27(26-19-22(20-31)6-11-30(26)35)23-7-9-24(10-8-23)33-15-17-34(18-16-33)29-5-3-4-28-25(29)12-13-32-28/h3-6,11-13,19,21,23-24,32H,2,7-10,14-18H2,1H3/t23-,24+"
731,CHEMBL521110,CCCn1cc([C@H]2CC[C@H](N3CCN(c4cccc5[nH]ccc45)CC3)CC2)c2cc(C#N)ccc21,"InChI=1S/C30H35N5/c1-2-14-35-21-27(26-19-22(20-31)6-11-30(26)35)23-7-9-24(10-8-23)33-15-17-34(18-16-33)29-5-3-4-28-25(29)12-13-32-28/h3-6,11-13,19,21,23-24,32H,2,7-10,14-18H2,1H3/t23-,24-"
732,CHEMBL2203405,CCCN(CC[C@]1(O)C[C@@H](NC(=O)c2ccc3ccccc3c2)C1)[C@H]1CCc2nc(N)sc2C1,"InChI=1S/C27H34N4O2S/c1-2-12-31(22-9-10-23-24(15-22)34-26(28)30-23)13-11-27(33)16-21(17-27)29-25(32)20-8-7-18-5-3-4-6-19(18)14-20/h3-8,14,21-22,33H,2,9-13,15-17H2,1H3,(H2,28,30)(H,29,32)/t21-,22-,27+/m0/s1"
732,CHEMBL2203406,CCCN(CC[C@]1(O)C[C@H](NC(=O)c2ccc3ccccc3c2)C1)[C@H]1CCc2nc(N)sc2C1,"InChI=1S/C27H34N4O2S/c1-2-12-31(22-9-10-23-24(15-22)34-26(28)30-23)13-11-27(33)16-21(17-27)29-25(32)20-8-7-18-5-3-4-6-19(18)14-20/h3-8,14,21-22,33H,2,9-13,15-17H2,1H3,(H2,28,30)(H,29,32)/t21-,22-,27-/m0/s1"
733,CHEMBL3928729,COc1cccc(N(C(=O)OC[C@H]2CC[C@H](COCC(=O)O)CC2)c2ccccc2)c1,"InChI=1S/C24H29NO6/c1-29-22-9-5-8-21(14-22)25(20-6-3-2-4-7-20)24(28)31-16-19-12-10-18(11-13-19)15-30-17-23(26)27/h2-9,14,18-19H,10-13,15-17H2,1H3,(H,26,27)/t18-,19-"
733,CHEMBL3981383,COc1cccc(N(C(=O)OC[C@H]2CC[C@@H](COCC(=O)O)CC2)c2ccccc2)c1,"InChI=1S/C24H29NO6/c1-29-22-9-5-8-21(14-22)25(20-6-3-2-4-7-20)24(28)31-16-19-12-10-18(11-13-19)15-30-17-23(26)27/h2-9,14,18-19H,10-13,15-17H2,1H3,(H,26,27)/t18-,19+"
734,CHEMBL4070717,COc1ccc2c(n1)CCN(C(=O)[C@H]1C[C@H](CC(=O)O)C1)[C@H]2C(=O)Nc1cc(F)c2c(c1)CCC2(C)C,"InChI=1S/C28H32FN3O5/c1-28(2)8-6-16-13-18(14-20(29)24(16)28)30-26(35)25-19-4-5-22(37-3)31-21(19)7-9-32(25)27(36)17-10-15(11-17)12-23(33)34/h4-5,13-15,17,25H,6-12H2,1-3H3,(H,30,35)(H,33,34)/t15-,17-,25-/m1/s1"
734,CHEMBL4099342,COc1ccc2c(n1)CCN(C(=O)[C@H]1C[C@@H](CC(=O)O)C1)[C@H]2C(=O)Nc1cc(F)c2c(c1)CCC2(C)C,"InChI=1S/C28H32FN3O5/c1-28(2)8-6-16-13-18(14-20(29)24(16)28)30-26(35)25-19-4-5-22(37-3)31-21(19)7-9-32(25)27(36)17-10-15(11-17)12-23(33)34/h4-5,13-15,17,25H,6-12H2,1-3H3,(H,30,35)(H,33,34)/t15-,17+,25-/m1/s1"
735,CHEMBL3698184,C[C@@H](c1ccc(F)c(F)c1)N1CC[C@]2(CC[C@@H](O)CC2)OC1=O,"InChI=1S/C17H21F2NO3/c1-11(12-2-3-14(18)15(19)10-12)20-9-8-17(23-16(20)22)6-4-13(21)5-7-17/h2-3,10-11,13,21H,4-9H2,1H3/t11-,13-,17-/m0/s1"
735,CHEMBL3698240,C[C@@H](c1ccc(F)c(F)c1)N1CC[C@]2(CC[C@H](O)CC2)OC1=O,"InChI=1S/C17H21F2NO3/c1-11(12-2-3-14(18)15(19)10-12)20-9-8-17(23-16(20)22)6-4-13(21)5-7-17/h2-3,10-11,13,21H,4-9H2,1H3/t11-,13-,17+/m0/s1"
736,CHEMBL232607,COc1ccncc1S(=O)(=O)N[C@H]1CC[C@@H](N2CCN(c3ccccc3OC(C)C)CC2)CC1,"InChI=1S/C25H36N4O4S/c1-19(2)33-23-7-5-4-6-22(23)29-16-14-28(15-17-29)21-10-8-20(9-11-21)27-34(30,31)25-18-26-13-12-24(25)32-3/h4-7,12-13,18-21,27H,8-11,14-17H2,1-3H3/t20-,21+"
736,CHEMBL391017,COc1ccncc1S(=O)(=O)N[C@H]1CC[C@H](N2CCN(c3ccccc3OC(C)C)CC2)CC1,"InChI=1S/C25H36N4O4S/c1-19(2)33-23-7-5-4-6-22(23)29-16-14-28(15-17-29)21-10-8-20(9-11-21)27-34(30,31)25-18-26-13-12-24(25)32-3/h4-7,12-13,18-21,27H,8-11,14-17H2,1-3H3/t20-,21-"
737,CHEMBL221015,O=C(Nc1ccc(C(F)(F)F)cc1)N[C@H]1CC[C@@H](Oc2ccc(F)cc2)CC1,"InChI=1S/C20H20F4N2O2/c21-14-3-9-17(10-4-14)28-18-11-7-16(8-12-18)26-19(27)25-15-5-1-13(2-6-15)20(22,23)24/h1-6,9-10,16,18H,7-8,11-12H2,(H2,25,26,27)/t16-,18+"
737,CHEMBL3099990,O=C(Nc1ccc(C(F)(F)F)cc1)N[C@H]1CC[C@H](Oc2ccc(F)cc2)CC1,"InChI=1S/C20H20F4N2O2/c21-14-3-9-17(10-4-14)28-18-11-7-16(8-12-18)26-19(27)25-15-5-1-13(2-6-15)20(22,23)24/h1-6,9-10,16,18H,7-8,11-12H2,(H2,25,26,27)/t16-,18-"
738,CHEMBL191388,C[C@]1(c2cccc(C#N)c2)CC[C@H](N(CCN2CC[C@@H](O)C2)C(=O)Nc2ccc(F)c(C(F)(F)F)c2)CC1,"InChI=1S/C28H32F4N4O2/c1-27(20-4-2-3-19(15-20)17-33)10-7-22(8-11-27)36(14-13-35-12-9-23(37)18-35)26(38)34-21-5-6-25(29)24(16-21)28(30,31)32/h2-6,15-16,22-23,37H,7-14,18H2,1H3,(H,34,38)/t22-,23-,27-/m1/s1"
738,CHEMBL370733,C[C@]1(c2cccc(C#N)c2)CC[C@@H](N(CCN2CC[C@@H](O)C2)C(=O)Nc2ccc(F)c(C(F)(F)F)c2)CC1,"InChI=1S/C28H32F4N4O2/c1-27(20-4-2-3-19(15-20)17-33)10-7-22(8-11-27)36(14-13-35-12-9-23(37)18-35)26(38)34-21-5-6-25(29)24(16-21)28(30,31)32/h2-6,15-16,22-23,37H,7-14,18H2,1H3,(H,34,38)/t22-,23-,27+/m1/s1"
739,CHEMBL3648554,CCCc1c(Cc2ccc(-c3ccccc3-c3nc(=O)o[nH]3)cc2F)c(=O)n([C@H]2CC[C@@H](O)CC2)c2ncnn12,"InChI=1S/C29H29FN6O4/c1-2-5-25-23(27(38)35(28-31-16-32-36(25)28)19-10-12-20(37)13-11-19)14-18-9-8-17(15-24(18)30)21-6-3-4-7-22(21)26-33-29(39)40-34-26/h3-4,6-9,15-16,19-20,37H,2,5,10-14H2,1H3,(H,33,34,39)/t19-,20+"
739,CHEMBL3648555,CCCc1c(Cc2ccc(-c3ccccc3-c3nc(=O)o[nH]3)cc2F)c(=O)n([C@H]2CC[C@H](O)CC2)c2ncnn12,"InChI=1S/C29H29FN6O4/c1-2-5-25-23(27(38)35(28-31-16-32-36(25)28)19-10-12-20(37)13-11-19)14-18-9-8-17(15-24(18)30)21-6-3-4-7-22(21)26-33-29(39)40-34-26/h3-4,6-9,15-16,19-20,37H,2,5,10-14H2,1H3,(H,33,34,39)/t19-,20-"
740,CHEMBL4277054,COCCOC(=O)N1CCN(c2ccc(CO[C@H]3CO[C@@](Cn4ccnc4)(c4ccccc4Cl)OC3)cc2)CC1,"InChI=1S/C29H35ClN4O6/c1-36-16-17-37-28(35)34-14-12-33(13-15-34)24-8-6-23(7-9-24)18-38-25-19-39-29(40-20-25,21-32-11-10-31-22-32)26-4-2-3-5-27(26)30/h2-11,22,25H,12-21H2,1H3/t25-,29+"
740,CHEMBL4278076,COCCOC(=O)N1CCN(c2ccc(CO[C@H]3CO[C@](Cn4ccnc4)(c4ccccc4Cl)OC3)cc2)CC1,"InChI=1S/C29H35ClN4O6/c1-36-16-17-37-28(35)34-14-12-33(13-15-34)24-8-6-23(7-9-24)18-38-25-19-39-29(40-20-25,21-32-11-10-31-22-32)26-4-2-3-5-27(26)30/h2-11,22,25H,12-21H2,1H3/t25-,29-"
741,CHEMBL4211710,Nc1ncnc2c1c(-c1ccc(Oc3ccccc3)cc1)cn2[C@H]1CC[C@H](N2CCC[C@@H]2C(=O)O)CC1,"InChI=1S/C29H31N5O3/c30-27-26-24(19-8-14-23(15-9-19)37-22-5-2-1-3-6-22)17-34(28(26)32-18-31-27)21-12-10-20(11-13-21)33-16-4-7-25(33)29(35)36/h1-3,5-6,8-9,14-15,17-18,20-21,25H,4,7,10-13,16H2,(H,35,36)(H2,30,31,32)/t20-,21-,25-/m1/s1"
741,CHEMBL4216680,Nc1ncnc2c1c(-c1ccc(Oc3ccccc3)cc1)cn2[C@H]1CC[C@@H](N2CCC[C@@H]2C(=O)O)CC1,"InChI=1S/C29H31N5O3/c30-27-26-24(19-8-14-23(15-9-19)37-22-5-2-1-3-6-22)17-34(28(26)32-18-31-27)21-12-10-20(11-13-21)33-16-4-7-25(33)29(35)36/h1-3,5-6,8-9,14-15,17-18,20-21,25H,4,7,10-13,16H2,(H,35,36)(H2,30,31,32)/t20-,21+,25-/m1/s1"
742,CHEMBL522671,Fc1ccc2c(c1)[nH]cc2[C@H]1CC[C@@H](N2CCN(c3cccc4[nH]ccc34)CC2)CC1,"InChI=1S/C26H29FN4/c27-19-6-9-21-23(17-29-25(21)16-19)18-4-7-20(8-5-18)30-12-14-31(15-13-30)26-3-1-2-24-22(26)10-11-28-24/h1-3,6,9-11,16-18,20,28-29H,4-5,7-8,12-15H2/t18-,20+"
742,CHEMBL523224,Fc1ccc2c(c1)[nH]cc2[C@H]1CC[C@H](N2CCN(c3cccc4[nH]ccc34)CC2)CC1,"InChI=1S/C26H29FN4/c27-19-6-9-21-23(17-29-25(21)16-19)18-4-7-20(8-5-18)30-12-14-31(15-13-30)26-3-1-2-24-22(26)10-11-28-24/h1-3,6,9-11,16-18,20,28-29H,4-5,7-8,12-15H2/t18-,20-"
743,CHEMBL3917400,CC(=O)O[C@H]1C[C@@H](Nc2nc3c(nc2N2CCC(Oc4ccc(F)cc4F)CC2)CCN(C(C)=O)C3)C1,"InChI=1S/C26H31F2N5O4/c1-15(34)33-10-7-22-23(14-33)30-25(29-18-12-20(13-18)36-16(2)35)26(31-22)32-8-5-19(6-9-32)37-24-4-3-17(27)11-21(24)28/h3-4,11,18-20H,5-10,12-14H2,1-2H3,(H,29,30)/t18-,20+"
743,CHEMBL3970568,CC(=O)O[C@H]1C[C@H](Nc2nc3c(nc2N2CCC(Oc4ccc(F)cc4F)CC2)CCN(C(C)=O)C3)C1,"InChI=1S/C26H31F2N5O4/c1-15(34)33-10-7-22-23(14-33)30-25(29-18-12-20(13-18)36-16(2)35)26(31-22)32-8-5-19(6-9-32)37-24-4-3-17(27)11-21(24)28/h3-4,11,18-20H,5-10,12-14H2,1-2H3,(H,29,30)/t18-,20-"
744,CHEMBL4280259,CS(=O)(=O)N1CCN(c2ccc(CO[C@H]3CO[C@@](Cn4ccnc4)(c4ccccc4Cl)OC3)cc2)CC1,"InChI=1S/C26H31ClN4O5S/c1-37(32,33)31-14-12-30(13-15-31)22-8-6-21(7-9-22)16-34-23-17-35-26(36-18-23,19-29-11-10-28-20-29)24-4-2-3-5-25(24)27/h2-11,20,23H,12-19H2,1H3/t23-,26+"
744,CHEMBL4285420,CS(=O)(=O)N1CCN(c2ccc(CO[C@H]3CO[C@](Cn4ccnc4)(c4ccccc4Cl)OC3)cc2)CC1,"InChI=1S/C26H31ClN4O5S/c1-37(32,33)31-14-12-30(13-15-31)22-8-6-21(7-9-22)16-34-23-17-35-26(36-18-23,19-29-11-10-28-20-29)24-4-2-3-5-25(24)27/h2-11,20,23H,12-19H2,1H3/t23-,26-"
745,CHEMBL3949884,O=C1N[C@H](c2cncc(C#C[C@H]3C[C@H](O)C3)c2)[C@@H](c2cccc(F)c2)O1,"InChI=1S/C20H17FN2O3/c21-16-3-1-2-14(9-16)19-18(23-20(25)26-19)15-6-13(10-22-11-15)5-4-12-7-17(24)8-12/h1-3,6,9-12,17-19,24H,7-8H2,(H,23,25)/t12-,17-,18-,19-/m1/s1"
745,CHEMBL3970701,O=C1N[C@H](c2cncc(C#C[C@H]3C[C@@H](O)C3)c2)[C@@H](c2cccc(F)c2)O1,"InChI=1S/C20H17FN2O3/c21-16-3-1-2-14(9-16)19-18(23-20(25)26-19)15-6-13(10-22-11-15)5-4-12-7-17(24)8-12/h1-3,6,9-12,17-19,24H,7-8H2,(H,23,25)/t12-,17+,18-,19-/m1/s1"
746,CHEMBL1951774,O=C(CNC(=O)c1cccc(C(F)(F)F)c1)N[C@@H]1CCN([C@H]2CC[C@@](O)(c3cccnn3)CC2)C1,"InChI=1S/C24H28F3N5O3/c25-24(26,27)17-4-1-3-16(13-17)22(34)28-14-21(33)30-18-8-12-32(15-18)19-6-9-23(35,10-7-19)20-5-2-11-29-31-20/h1-5,11,13,18-19,35H,6-10,12,14-15H2,(H,28,34)(H,30,33)/t18-,19-,23-/m1/s1"
746,CHEMBL1951786,O=C(CNC(=O)c1cccc(C(F)(F)F)c1)N[C@@H]1CCN([C@H]2CC[C@](O)(c3cccnn3)CC2)C1,"InChI=1S/C24H28F3N5O3/c25-24(26,27)17-4-1-3-16(13-17)22(34)28-14-21(33)30-18-8-12-32(15-18)19-6-9-23(35,10-7-19)20-5-2-11-29-31-20/h1-5,11,13,18-19,35H,6-10,12,14-15H2,(H,28,34)(H,30,33)/t18-,19-,23+/m1/s1"
747,CHEMBL63877,CCN(CC)CCOc1ccc(/C(=C(/C#N)c2ccccc2)c2ccc(O)cc2)cc1,"InChI=1S/C27H28N2O2/c1-3-29(4-2)18-19-31-25-16-12-23(13-17-25)27(22-10-14-24(30)15-11-22)26(20-28)21-8-6-5-7-9-21/h5-17,30H,3-4,18-19H2,1-2H3/b27-26-"
747,CHEMBL66352,CCN(CC)CCOc1ccc(/C(=C(\C#N)c2ccccc2)c2ccc(O)cc2)cc1,"InChI=1S/C27H28N2O2/c1-3-29(4-2)18-19-31-25-16-12-23(13-17-25)27(22-10-14-24(30)15-11-22)26(20-28)21-8-6-5-7-9-21/h5-17,30H,3-4,18-19H2,1-2H3/b27-26+"
748,CHEMBL2114349,CN(C)P1(N(C)C)=N[P@](N(C)C)(N2CC2)=NP(N(C)C)(N(C)C)=N[P@](N(C)C)(N2CC2)=N1,"InChI=1S/C16H44N12P4/c1-21(2)29(22(3)4)17-31(25(9)10,27-13-14-27)19-30(23(5)6,24(7)8)20-32(18-29,26(11)12)28-15-16-28/h13-16H2,1-12H3/t31-,32+"
748,CHEMBL27278,CN(C)P1(N(C)C)=N[P@](N(C)C)(N2CC2)=NP(N(C)C)(N(C)C)=N[P@@](N(C)C)(N2CC2)=N1,"InChI=1S/C16H44N12P4/c1-21(2)29(22(3)4)17-31(25(9)10,27-13-14-27)19-30(23(5)6,24(7)8)20-32(18-29,26(11)12)28-15-16-28/h13-16H2,1-12H3/t31-,32-"
749,CHEMBL3085821,CC(C)(C)OC(=O)N[C@H]1CC[C@H](CCN2CCN(c3cccc(Cl)c3Cl)CC2)CC1,"InChI=1S/C23H35Cl2N3O2/c1-23(2,3)30-22(29)26-18-9-7-17(8-10-18)11-12-27-13-15-28(16-14-27)20-6-4-5-19(24)21(20)25/h4-6,17-18H,7-16H2,1-3H3,(H,26,29)/t17-,18-"
749,CHEMBL3085824,CC(C)(C)OC(=O)N[C@H]1CC[C@@H](CCN2CCN(c3cccc(Cl)c3Cl)CC2)CC1,"InChI=1S/C23H35Cl2N3O2/c1-23(2,3)30-22(29)26-18-9-7-17(8-10-18)11-12-27-13-15-28(16-14-27)20-6-4-5-19(24)21(20)25/h4-6,17-18H,7-16H2,1-3H3,(H,26,29)/t17-,18+"
750,CHEMBL3647661,FC(F)(F)c1ccc(N[C@H]2C[C@H](Oc3ncccc3C3CCOCC3)C2)nc1,"InChI=1S/C20H22F3N3O2/c21-20(22,23)14-3-4-18(25-12-14)26-15-10-16(11-15)28-19-17(2-1-7-24-19)13-5-8-27-9-6-13/h1-4,7,12-13,15-16H,5-6,8-11H2,(H,25,26)/t15-,16-"
750,CHEMBL3647669,FC(F)(F)c1ccc(N[C@H]2C[C@@H](Oc3ncccc3C3CCOCC3)C2)nc1,"InChI=1S/C20H22F3N3O2/c21-20(22,23)14-3-4-18(25-12-14)26-15-10-16(11-15)28-19-17(2-1-7-24-19)13-5-8-27-9-6-13/h1-4,7,12-13,15-16H,5-6,8-11H2,(H,25,26)/t15-,16+"
751,CHEMBL3622346,COc1cccc2c1C(NC[C@]1(c3ccccc3)CC[C@H](O)CC1)=NS2(=O)=O,"InChI=1S/C21H24N2O4S/c1-27-17-8-5-9-18-19(17)20(23-28(18,25)26)22-14-21(12-10-16(24)11-13-21)15-6-3-2-4-7-15/h2-9,16,24H,10-14H2,1H3,(H,22,23)/t16-,21-"
751,CHEMBL3622347,COc1cccc2c1C(NC[C@]1(c3ccccc3)CC[C@@H](O)CC1)=NS2(=O)=O,"InChI=1S/C21H24N2O4S/c1-27-17-8-5-9-18-19(17)20(23-28(18,25)26)22-14-21(12-10-16(24)11-13-21)15-6-3-2-4-7-15/h2-9,16,24H,10-14H2,1H3,(H,22,23)/t16-,21+"
752,CHEMBL232779,CC(C)Oc1ccccc1N1CCN([C@H]2CC[C@@H](NS(=O)(=O)c3cccc(F)c3)CC2)CC1,"InChI=1S/C25H34FN3O3S/c1-19(2)32-25-9-4-3-8-24(25)29-16-14-28(15-17-29)22-12-10-21(11-13-22)27-33(30,31)23-7-5-6-20(26)18-23/h3-9,18-19,21-22,27H,10-17H2,1-2H3/t21-,22+"
752,CHEMBL232780,CC(C)Oc1ccccc1N1CCN([C@H]2CC[C@H](NS(=O)(=O)c3cccc(F)c3)CC2)CC1,"InChI=1S/C25H34FN3O3S/c1-19(2)32-25-9-4-3-8-24(25)29-16-14-28(15-17-29)22-12-10-21(11-13-22)27-33(30,31)23-7-5-6-20(26)18-23/h3-9,18-19,21-22,27H,10-17H2,1-2H3/t21-,22-"
753,CHEMBL232609,CC(C)Oc1ccccc1N1CCN([C@H]2CC[C@@H](NS(=O)(=O)c3cnc(Cl)c(Br)c3)CC2)CC1,"InChI=1S/C24H32BrClN4O3S/c1-17(2)33-23-6-4-3-5-22(23)30-13-11-29(12-14-30)19-9-7-18(8-10-19)28-34(31,32)20-15-21(25)24(26)27-16-20/h3-6,15-19,28H,7-14H2,1-2H3/t18-,19+"
753,CHEMBL233790,CC(C)Oc1ccccc1N1CCN([C@H]2CC[C@H](NS(=O)(=O)c3cnc(Cl)c(Br)c3)CC2)CC1,"InChI=1S/C24H32BrClN4O3S/c1-17(2)33-23-6-4-3-5-22(23)30-13-11-29(12-14-30)19-9-7-18(8-10-19)28-34(31,32)20-15-21(25)24(26)27-16-20/h3-6,15-19,28H,7-14H2,1-2H3/t18-,19-"
754,CHEMBL1256427,COCCCN1CCN([C@H]2CC[C@H](n3nc(-c4ccc(Nc5nc6cccc(Cl)c6o5)cc4)c4c(N)ncnc43)CC2)CC1,"InChI=1S/C32H38ClN9O2/c1-43-19-3-14-40-15-17-41(18-16-40)23-10-12-24(13-11-23)42-31-27(30(34)35-20-36-31)28(39-42)21-6-8-22(9-7-21)37-32-38-26-5-2-4-25(33)29(26)44-32/h2,4-9,20,23-24H,3,10-19H2,1H3,(H,37,38)(H2,34,35,36)/t23-,24-"
754,CHEMBL1256428,COCCCN1CCN([C@H]2CC[C@@H](n3nc(-c4ccc(Nc5nc6cccc(Cl)c6o5)cc4)c4c(N)ncnc43)CC2)CC1,"InChI=1S/C32H38ClN9O2/c1-43-19-3-14-40-15-17-41(18-16-40)23-10-12-24(13-11-23)42-31-27(30(34)35-20-36-31)28(39-42)21-6-8-22(9-7-21)37-32-38-26-5-2-4-25(33)29(26)44-32/h2,4-9,20,23-24H,3,10-19H2,1H3,(H,37,38)(H2,34,35,36)/t23-,24+"
755,CHEMBL4277083,O=C(O)[C@H]1[C@H](c2ccccc2)[C@@H](C(=O)Nc2nc(-c3ccc4c(c3)CCCC4)cs2)[C@H]1c1ccccc1,"InChI=1S/C31H28N2O3S/c34-29(33-31-32-24(18-37-31)23-16-15-19-9-7-8-14-22(19)17-23)27-25(20-10-3-1-4-11-20)28(30(35)36)26(27)21-12-5-2-6-13-21/h1-6,10-13,15-18,25-28H,7-9,14H2,(H,35,36)(H,32,33,34)/t25-,26-,27-,28+/m1/s1"
755,CHEMBL4284327,O=C(O)[C@H]1[C@H](c2ccccc2)[C@H](C(=O)Nc2nc(-c3ccc4c(c3)CCCC4)cs2)[C@H]1c1ccccc1,"InChI=1S/C31H28N2O3S/c34-29(33-31-32-24(18-37-31)23-16-15-19-9-7-8-14-22(19)17-23)27-25(20-10-3-1-4-11-20)28(30(35)36)26(27)21-12-5-2-6-13-21/h1-6,10-13,15-18,25-28H,7-9,14H2,(H,35,36)(H,32,33,34)/t25-,26-,27-,28-/m1/s1"
756,CHEMBL2408626,Cc1ccc2[nH]c(-c3ccc(-c4ccc(O[C@H]5CC[C@@H](C(=O)O)CC5)nc4)nc3)nc2n1,"InChI=1S/C24H23N5O3/c1-14-2-9-20-23(27-14)29-22(28-20)17-5-10-19(25-13-17)16-6-11-21(26-12-16)32-18-7-3-15(4-8-18)24(30)31/h2,5-6,9-13,15,18H,3-4,7-8H2,1H3,(H,30,31)(H,27,28,29)/t15-,18+"
756,CHEMBL2408627,Cc1ccc2[nH]c(-c3ccc(-c4ccc(O[C@H]5CC[C@H](C(=O)O)CC5)nc4)nc3)nc2n1,"InChI=1S/C24H23N5O3/c1-14-2-9-20-23(27-14)29-22(28-20)17-5-10-19(25-13-17)16-6-11-21(26-12-16)32-18-7-3-15(4-8-18)24(30)31/h2,5-6,9-13,15,18H,3-4,7-8H2,1H3,(H,30,31)(H,27,28,29)/t15-,18-"
757,CHEMBL390192,COc1ccc(Cl)cc1S(=O)(=O)N[C@H]1CC[C@H](N2CCC(c3ccccc3OCC(F)(F)F)CC2)CC1,"InChI=1S/C26H32ClF3N2O4S/c1-35-24-11-6-19(27)16-25(24)37(33,34)31-20-7-9-21(10-8-20)32-14-12-18(13-15-32)22-4-2-3-5-23(22)36-17-26(28,29)30/h2-6,11,16,18,20-21,31H,7-10,12-15,17H2,1H3/t20-,21-"
757,CHEMBL442059,COc1ccc(Cl)cc1S(=O)(=O)N[C@H]1CC[C@@H](N2CCC(c3ccccc3OCC(F)(F)F)CC2)CC1,"InChI=1S/C26H32ClF3N2O4S/c1-35-24-11-6-19(27)16-25(24)37(33,34)31-20-7-9-21(10-8-20)32-14-12-18(13-15-32)22-4-2-3-5-23(22)36-17-26(28,29)30/h2-6,11,16,18,20-21,31H,7-10,12-15,17H2,1H3/t20-,21+"
758,CHEMBL252550,C[C@H]1CC[C@](N)(c2ccccc2)CC1,"InChI=1S/C13H19N/c1-11-7-9-13(14,10-8-11)12-5-3-2-4-6-12/h2-6,11H,7-10,14H2,1H3/t11-,13+"
758,CHEMBL398453,C[C@H]1CC[C@@](N)(c2ccccc2)CC1,"InChI=1S/C13H19N/c1-11-7-9-13(14,10-8-11)12-5-3-2-4-6-12/h2-6,11H,7-10,14H2,1H3/t11-,13-"
759,CHEMBL2203401,CCCN(CC[C@]1(O)C[C@H](NC(=O)c2ccc3ccccc3c2)C1)[C@H]1CCc2nc(N)sc2C1.Cl,"InChI=1S/C27H34N4O2S.ClH/c1-2-12-31(22-9-10-23-24(15-22)34-26(28)30-23)13-11-27(33)16-21(17-27)29-25(32)20-8-7-18-5-3-4-6-19(18)14-20;/h3-8,14,21-22,33H,2,9-13,15-17H2,1H3,(H2,28,30)(H,29,32);1H/t21-,22-,27-;/m0./s1"
759,CHEMBL2203408,CCCN(CC[C@]1(O)C[C@@H](NC(=O)c2ccc3ccccc3c2)C1)[C@H]1CCc2nc(N)sc2C1.Cl,"InChI=1S/C27H34N4O2S.ClH/c1-2-12-31(22-9-10-23-24(15-22)34-26(28)30-23)13-11-27(33)16-21(17-27)29-25(32)20-8-7-18-5-3-4-6-19(18)14-20;/h3-8,14,21-22,33H,2,9-13,15-17H2,1H3,(H2,28,30)(H,29,32);1H/t21-,22-,27+;/m0./s1"
760,CHEMBL3545627,CN(C)[C@]1(c2ccccc2)CC[C@H](OCc2ccccc2)CC1,"InChI=1S/C21H27NO/c1-22(2)21(19-11-7-4-8-12-19)15-13-20(14-16-21)23-17-18-9-5-3-6-10-18/h3-12,20H,13-17H2,1-2H3/t20-,21+"
760,CHEMBL3545632,CN(C)[C@]1(c2ccccc2)CC[C@@H](OCc2ccccc2)CC1,"InChI=1S/C21H27NO/c1-22(2)21(19-11-7-4-8-12-19)15-13-20(14-16-21)23-17-18-9-5-3-6-10-18/h3-12,20H,13-17H2,1-2H3/t20-,21-"
761,CHEMBL1178830,c1cc2cc(c1)C[n+]1ccc(c3ccccc31)NCc1ccc(cc1)CNc1cc[n+](c3ccccc13)C2,"InChI=1S/C34H28N4/c1-3-10-33-29(8-1)31-16-18-37(33)23-27-6-5-7-28(20-27)24-38-19-17-32(30-9-2-4-11-34(30)38)36-22-26-14-12-25(13-15-26)21-35-31/h1-20H,21-24H2/p+2"
761,CHEMBL117908,c1cc2cc(c1)C[n+]1ccc(c3ccccc31)NCc1ccc(cc1)CNc1cc[n+](c3ccccc13)C2,"InChI=1S/C34H28N4/c1-3-10-33-29(8-1)31-16-18-37(33)23-27-6-5-7-28(20-27)24-38-19-17-32(30-9-2-4-11-34(30)38)36-22-26-14-12-25(13-15-26)21-35-31/h1-20H,21-24H2/p+2/b35-31+,36-32+"
762,CHEMBL3121020,Cc1cc(-c2nnc(N[C@H]3C[C@@H](O)C3)o2)nc2c(C(C)(C)C)cc(OCC(F)(F)F)cc12,"InChI=1S/C22H25F3N4O3/c1-11-5-17(19-28-29-20(32-19)26-12-6-13(30)7-12)27-18-15(11)8-14(31-10-22(23,24)25)9-16(18)21(2,3)4/h5,8-9,12-13,30H,6-7,10H2,1-4H3,(H,26,29)/t12-,13+"
762,CHEMBL3121021,Cc1cc(-c2nnc(N[C@H]3C[C@H](O)C3)o2)nc2c(C(C)(C)C)cc(OCC(F)(F)F)cc12,"InChI=1S/C22H25F3N4O3/c1-11-5-17(19-28-29-20(32-19)26-12-6-13(30)7-12)27-18-15(11)8-14(31-10-22(23,24)25)9-16(18)21(2,3)4/h5,8-9,12-13,30H,6-7,10H2,1-4H3,(H,26,29)/t12-,13-"
763,CHEMBL2021495,C=C(c1ccc([C@@](C)(O)C(F)(F)F)cc1)N(C1CC1)[C@H]1CC[C@H](c2ccccn2)CC1,"InChI=1S/C25H29F3N2O/c1-17(18-6-10-20(11-7-18)24(2,31)25(26,27)28)30(22-14-15-22)21-12-8-19(9-13-21)23-5-3-4-16-29-23/h3-7,10-11,16,19,21-22,31H,1,8-9,12-15H2,2H3/t19-,21-,24-/m1/s1"
763,CHEMBL2021496,C=C(c1ccc([C@@](C)(O)C(F)(F)F)cc1)N(C1CC1)[C@H]1CC[C@@H](c2ccccn2)CC1,"InChI=1S/C25H29F3N2O/c1-17(18-6-10-20(11-7-18)24(2,31)25(26,27)28)30(22-14-15-22)21-12-8-19(9-13-21)23-5-3-4-16-29-23/h3-7,10-11,16,19,21-22,31H,1,8-9,12-15H2,2H3/t19-,21+,24-/m1/s1"
764,CHEMBL3927974,C[C@H]1COCCN1c1nc(-c2cnc(N)nc2)c2c(n1)N([C@H]1C[C@@H](N(C)C(=O)OC(C)(C)C)C1)CC2,"InChI=1S/C25H36N8O3/c1-15-14-35-9-8-32(15)23-29-20(16-12-27-22(26)28-13-16)19-6-7-33(21(19)30-23)18-10-17(11-18)31(5)24(34)36-25(2,3)4/h12-13,15,17-18H,6-11,14H2,1-5H3,(H2,26,27,28)/t15-,17-,18+/m0/s1"
764,CHEMBL3960831,C[C@H]1COCCN1c1nc(-c2cnc(N)nc2)c2c(n1)N([C@H]1C[C@H](N(C)C(=O)OC(C)(C)C)C1)CC2,"InChI=1S/C25H36N8O3/c1-15-14-35-9-8-32(15)23-29-20(16-12-27-22(26)28-13-16)19-6-7-33(21(19)30-23)18-10-17(11-18)31(5)24(34)36-25(2,3)4/h12-13,15,17-18H,6-11,14H2,1-5H3,(H2,26,27,28)/t15-,17-,18-/m0/s1"
765,CHEMBL1962465,CCCCCCCCc1ccc([C@H]2CC[C@@H]([N+](C)(C)CCO)CC2)cc1,"InChI=1S/C24H42NO/c1-4-5-6-7-8-9-10-21-11-13-22(14-12-21)23-15-17-24(18-16-23)25(2,3)19-20-26/h11-14,23-24,26H,4-10,15-20H2,1-3H3/q+1/t23-,24+"
765,CHEMBL1962816,CCCCCCCCc1ccc([C@H]2CC[C@H]([N+](C)(C)CCO)CC2)cc1,"InChI=1S/C24H42NO/c1-4-5-6-7-8-9-10-21-11-13-22(14-12-21)23-15-17-24(18-16-23)25(2,3)19-20-26/h11-14,23-24,26H,4-10,15-20H2,1-3H3/q+1/t23-,24-"
766,CHEMBL3287906,COc1nc2cccnc2n1[C@H]1C[C@@H](Nc2nc3ccccc3s2)C1,"InChI=1S/C18H17N5OS/c1-24-18-22-14-6-4-8-19-16(14)23(18)12-9-11(10-12)20-17-21-13-5-2-3-7-15(13)25-17/h2-8,11-12H,9-10H2,1H3,(H,20,21)/t11-,12+"
766,CHEMBL3287907,COc1nc2cccnc2n1[C@H]1C[C@H](Nc2nc3ccccc3s2)C1,"InChI=1S/C18H17N5OS/c1-24-18-22-14-6-4-8-19-16(14)23(18)12-9-11(10-12)20-17-21-13-5-2-3-7-15(13)25-17/h2-8,11-12H,9-10H2,1H3,(H,20,21)/t11-,12-"
767,CHEMBL3586400,CC(C)(O)c1ccc(-c2cnc3c(n2)N([C@H]2CC[C@@H](O)CC2)C(=O)CN3)cn1,"InChI=1S/C20H25N5O3/c1-20(2,28)16-8-3-12(9-21-16)15-10-22-18-19(24-15)25(17(27)11-23-18)13-4-6-14(26)7-5-13/h3,8-10,13-14,26,28H,4-7,11H2,1-2H3,(H,22,23)/t13-,14+"
767,CHEMBL3586401,CC(C)(O)c1ccc(-c2cnc3c(n2)N([C@H]2CC[C@H](O)CC2)C(=O)CN3)cn1,"InChI=1S/C20H25N5O3/c1-20(2,28)16-8-3-12(9-21-16)15-10-22-18-19(24-15)25(17(27)11-23-18)13-4-6-14(26)7-5-13/h3,8-10,13-14,26,28H,4-7,11H2,1-2H3,(H,22,23)/t13-,14-"
768,CHEMBL1771125,CC(C)c1cc(C#N)cc2nc(-c3ccc(C(=O)NC[C@H]4CC[C@@H](c5ccc(C(F)(F)F)cc5)CC4)cc3)oc12,"InChI=1S/C32H30F3N3O2/c1-19(2)27-15-21(17-36)16-28-29(27)40-31(38-28)25-9-7-24(8-10-25)30(39)37-18-20-3-5-22(6-4-20)23-11-13-26(14-12-23)32(33,34)35/h7-16,19-20,22H,3-6,18H2,1-2H3,(H,37,39)/t20-,22+"
768,CHEMBL1771126,CC(C)c1cc(C#N)cc2nc(-c3ccc(C(=O)NC[C@H]4CC[C@H](c5ccc(C(F)(F)F)cc5)CC4)cc3)oc12,"InChI=1S/C32H30F3N3O2/c1-19(2)27-15-21(17-36)16-28-29(27)40-31(38-28)25-9-7-24(8-10-25)30(39)37-18-20-3-5-22(6-4-20)23-11-13-26(14-12-23)32(33,34)35/h7-16,19-20,22H,3-6,18H2,1-2H3,(H,37,39)/t20-,22-"
769,CHEMBL3397449,COc1c(C)cc(-c2ccccc2)cc1C(=O)N[C@H]1CC[C@H](C)CC1,"InChI=1S/C22H27NO2/c1-15-9-11-19(12-10-15)23-22(24)20-14-18(13-16(2)21(20)25-3)17-7-5-4-6-8-17/h4-8,13-15,19H,9-12H2,1-3H3,(H,23,24)/t15-,19-"
769,CHEMBL3397450,COc1c(C)cc(-c2ccccc2)cc1C(=O)N[C@H]1CC[C@@H](C)CC1,"InChI=1S/C22H27NO2/c1-15-9-11-19(12-10-15)23-22(24)20-14-18(13-16(2)21(20)25-3)17-7-5-4-6-8-17/h4-8,13-15,19H,9-12H2,1-3H3,(H,23,24)/t15-,19+"
770,CHEMBL1766811,O=C(Nc1ccc(C2CCN(C(=O)[C@H]3CC[C@H](C(=O)O)CC3)CC2)cc1)c1nc(-c2ccccc2)oc1C(F)(F)F,"InChI=1S/C30H30F3N3O5/c31-30(32,33)25-24(35-27(41-25)20-4-2-1-3-5-20)26(37)34-23-12-10-18(11-13-23)19-14-16-36(17-15-19)28(38)21-6-8-22(9-7-21)29(39)40/h1-5,10-13,19,21-22H,6-9,14-17H2,(H,34,37)(H,39,40)/t21-,22-"
770,CHEMBL1766812,O=C(Nc1ccc(C2CCN(C(=O)[C@H]3CC[C@@H](C(=O)O)CC3)CC2)cc1)c1nc(-c2ccccc2)oc1C(F)(F)F,"InChI=1S/C30H30F3N3O5/c31-30(32,33)25-24(35-27(41-25)20-4-2-1-3-5-20)26(37)34-23-12-10-18(11-13-23)19-14-16-36(17-15-19)28(38)21-6-8-22(9-7-21)29(39)40/h1-5,10-13,19,21-22H,6-9,14-17H2,(H,34,37)(H,39,40)/t21-,22+"
771,CHEMBL3899752,COc1ccc([C@H](NC(=O)c2cc(F)c3cnc(N[C@H]4CC[C@H](O)CC4)nc3c2)c2cnn(C)c2)cc1F,"InChI=1S/C27H28F2N6O3/c1-35-14-17(12-31-35)25(15-3-8-24(38-2)22(29)9-15)34-26(37)16-10-21(28)20-13-30-27(33-23(20)11-16)32-18-4-6-19(36)7-5-18/h3,8-14,18-19,25,36H,4-7H2,1-2H3,(H,34,37)(H,30,32,33)/t18-,19-,25-/m0/s1"
771,CHEMBL3914384,COc1ccc([C@H](NC(=O)c2cc(F)c3cnc(N[C@H]4CC[C@@H](O)CC4)nc3c2)c2cnn(C)c2)cc1F,"InChI=1S/C27H28F2N6O3/c1-35-14-17(12-31-35)25(15-3-8-24(38-2)22(29)9-15)34-26(37)16-10-21(28)20-13-30-27(33-23(20)11-16)32-18-4-6-19(36)7-5-18/h3,8-14,18-19,25,36H,4-7H2,1-2H3,(H,34,37)(H,30,32,33)/t18-,19+,25-/m0/s1"
772,CHEMBL3358888,CCn1nccc1Oc1cc(C[C@H]2C[C@@](C)(O)C2)cnc1NC(=O)NC,"InChI=1S/C18H25N5O3/c1-4-23-15(5-6-21-23)26-14-8-12(7-13-9-18(2,25)10-13)11-20-16(14)22-17(24)19-3/h5-6,8,11,13,25H,4,7,9-10H2,1-3H3,(H2,19,20,22,24)/t13-,18+"
772,CHEMBL3358889,CCn1nccc1Oc1cc(C[C@H]2C[C@](C)(O)C2)cnc1NC(=O)NC,"InChI=1S/C18H25N5O3/c1-4-23-15(5-6-21-23)26-14-8-12(7-13-9-18(2,25)10-13)11-20-16(14)22-17(24)19-3/h5-6,8,11,13,25H,4,7,9-10H2,1-3H3,(H2,19,20,22,24)/t13-,18-"
773,CHEMBL2408621,N#Cc1ccc2[nH]c(-c3ccc(-c4ccc(O[C@H]5CC[C@@H](C(=O)O)CC5)nc4)nc3)nc2c1,"InChI=1S/C25H21N5O3/c26-12-15-1-8-21-22(11-15)30-24(29-21)18-4-9-20(27-14-18)17-5-10-23(28-13-17)33-19-6-2-16(3-7-19)25(31)32/h1,4-5,8-11,13-14,16,19H,2-3,6-7H2,(H,29,30)(H,31,32)/t16-,19+"
773,CHEMBL2408622,N#Cc1ccc2[nH]c(-c3ccc(-c4ccc(O[C@H]5CC[C@H](C(=O)O)CC5)nc4)nc3)nc2c1,"InChI=1S/C25H21N5O3/c26-12-15-1-8-21-22(11-15)30-24(29-21)18-4-9-20(27-14-18)17-5-10-23(28-13-17)33-19-6-2-16(3-7-19)25(31)32/h1,4-5,8-11,13-14,16,19H,2-3,6-7H2,(H,29,30)(H,31,32)/t16-,19-"
774,CHEMBL3651950,C[C@@H]1C[C@H](N)C[C@H](c2ccncc2NC(=O)c2ccc(F)c([C@H]3CC[C@@H](O)CC3)n2)C1,"InChI=1S/C24H31FN4O2/c1-14-10-16(12-17(26)11-14)19-8-9-27-13-22(19)29-24(31)21-7-6-20(25)23(28-21)15-2-4-18(30)5-3-15/h6-9,13-18,30H,2-5,10-12,26H2,1H3,(H,29,31)/t14-,15-,16+,17-,18+/m0/s1"
774,CHEMBL3651951,C[C@@H]1C[C@H](N)C[C@H](c2ccncc2NC(=O)c2ccc(F)c([C@H]3CC[C@H](O)CC3)n2)C1,"InChI=1S/C24H31FN4O2/c1-14-10-16(12-17(26)11-14)19-8-9-27-13-22(19)29-24(31)21-7-6-20(25)23(28-21)15-2-4-18(30)5-3-15/h6-9,13-18,30H,2-5,10-12,26H2,1H3,(H,29,31)/t14-,15-,16+,17-,18-/m0/s1"
775,CHEMBL234669,CC(C)Oc1ccccc1N1CCN([C@H]2CC[C@H](NS(=O)(=O)c3ccccc3)CC2)CC1,"InChI=1S/C25H35N3O3S/c1-20(2)31-25-11-7-6-10-24(25)28-18-16-27(17-19-28)22-14-12-21(13-15-22)26-32(29,30)23-8-4-3-5-9-23/h3-11,20-22,26H,12-19H2,1-2H3/t21-,22-"
775,CHEMBL391107,CC(C)Oc1ccccc1N1CCN([C@H]2CC[C@@H](NS(=O)(=O)c3ccccc3)CC2)CC1,"InChI=1S/C25H35N3O3S/c1-20(2)31-25-11-7-6-10-24(25)28-18-16-27(17-19-28)22-14-12-21(13-15-22)26-32(29,30)23-8-4-3-5-9-23/h3-11,20-22,26H,12-19H2,1-2H3/t21-,22+"
776,CHEMBL4166018,COc1nccc(-c2c(-c3ccc(F)cc3)ncn2[C@H]2CC[C@@H](O)CC2)n1,"InChI=1S/C20H21FN4O2/c1-27-20-22-11-10-17(24-20)19-18(13-2-4-14(21)5-3-13)23-12-25(19)15-6-8-16(26)9-7-15/h2-5,10-12,15-16,26H,6-9H2,1H3/t15-,16+"
776,CHEMBL97162,COc1nccc(-c2c(-c3ccc(F)cc3)ncn2[C@H]2CC[C@H](O)CC2)n1,"InChI=1S/C20H21FN4O2/c1-27-20-22-11-10-17(24-20)19-18(13-2-4-14(21)5-3-13)23-12-25(19)15-6-8-16(26)9-7-15/h2-5,10-12,15-16,26H,6-9H2,1H3/t15-,16-"
777,CHEMBL2375968,COc1ncc(-c2cc3c(C)nc(N)nc3n([C@H]3CC[C@H](OCO)CC3)c2=O)cc1F,"InChI=1S/C21H24FN5O4/c1-11-15-8-16(12-7-17(22)19(30-2)24-9-12)20(29)27(18(15)26-21(23)25-11)13-3-5-14(6-4-13)31-10-28/h7-9,13-14,28H,3-6,10H2,1-2H3,(H2,23,25,26)/t13-,14-"
777,CHEMBL2376094,COc1ncc(-c2cc3c(C)nc(N)nc3n([C@H]3CC[C@@H](OCO)CC3)c2=O)cc1F,"InChI=1S/C21H24FN5O4/c1-11-15-8-16(12-7-17(22)19(30-2)24-9-12)20(29)27(18(15)26-21(23)25-11)13-3-5-14(6-4-13)31-10-28/h7-9,13-14,28H,3-6,10H2,1-2H3,(H2,23,25,26)/t13-,14+"
778,CHEMBL2408632,O=C(O)[C@H]1CC[C@@H](Oc2ccc(-c3ccc(-c4nc5cc(Cl)ccc5[nH]4)cn3)cn2)CC1,"InChI=1S/C24H21ClN4O3/c25-17-5-9-20-21(11-17)29-23(28-20)16-3-8-19(26-13-16)15-4-10-22(27-12-15)32-18-6-1-14(2-7-18)24(30)31/h3-5,8-14,18H,1-2,6-7H2,(H,28,29)(H,30,31)/t14-,18+"
778,CHEMBL2408633,O=C(O)[C@H]1CC[C@H](Oc2ccc(-c3ccc(-c4nc5cc(Cl)ccc5[nH]4)cn3)cn2)CC1,"InChI=1S/C24H21ClN4O3/c25-17-5-9-20-21(11-17)29-23(28-20)16-3-8-19(26-13-16)15-4-10-22(27-12-15)32-18-6-1-14(2-7-18)24(30)31/h3-5,8-14,18H,1-2,6-7H2,(H,28,29)(H,30,31)/t14-,18-"
779,CHEMBL3698203,COc1cccc([C@H](C)N2CC[C@]3(CC[C@@H](O)CC3)OC2=O)c1,"InChI=1S/C18H25NO4/c1-13(14-4-3-5-16(12-14)22-2)19-11-10-18(23-17(19)21)8-6-15(20)7-9-18/h3-5,12-13,15,20H,6-11H2,1-2H3/t13-,15-,18-/m0/s1"
779,CHEMBL3698247,COc1cccc([C@H](C)N2CC[C@]3(CC[C@H](O)CC3)OC2=O)c1,"InChI=1S/C18H25NO4/c1-13(14-4-3-5-16(12-14)22-2)19-11-10-18(23-17(19)21)8-6-15(20)7-9-18/h3-5,12-13,15,20H,6-11H2,1-2H3/t13-,15-,18+/m0/s1"
780,CHEMBL231275,COc1c(C)cc(/C(=C\CCCc2nnc(C)o2)c2ccc(C#N)cc2)cc1C(=O)SC,"InChI=1S/C25H25N3O3S/c1-16-13-20(14-22(24(16)30-3)25(29)32-4)21(19-11-9-18(15-26)10-12-19)7-5-6-8-23-28-27-17(2)31-23/h7,9-14H,5-6,8H2,1-4H3/b21-7-"
780,CHEMBL231473,COc1c(C)cc(/C(=C/CCCc2nnc(C)o2)c2ccc(C#N)cc2)cc1C(=O)SC,"InChI=1S/C25H25N3O3S/c1-16-13-20(14-22(24(16)30-3)25(29)32-4)21(19-11-9-18(15-26)10-12-19)7-5-6-8-23-28-27-17(2)31-23/h7,9-14H,5-6,8H2,1-4H3/b21-7+"
781,CHEMBL3218402,COc1ccc(-c2cc3c(C)nc(N)nc3n([C@H]3CC[C@H](O)CC3)c2=O)cn1,"InChI=1S/C20H23N5O3/c1-11-15-9-16(12-3-8-17(28-2)22-10-12)19(27)25(18(15)24-20(21)23-11)13-4-6-14(26)7-5-13/h3,8-10,13-14,26H,4-7H2,1-2H3,(H2,21,23,24)/t13-,14-"
781,CHEMBL3218403,COc1ccc(-c2cc3c(C)nc(N)nc3n([C@H]3CC[C@@H](O)CC3)c2=O)cn1,"InChI=1S/C20H23N5O3/c1-11-15-9-16(12-3-8-17(28-2)22-10-12)19(27)25(18(15)24-20(21)23-11)13-4-6-14(26)7-5-13/h3,8-10,13-14,26H,4-7H2,1-2H3,(H2,21,23,24)/t13-,14+"
782,CHEMBL443130,CCC(=O)N[C@H]1CC[C@H](NC(=O)CC)CC1,"InChI=1S/C12H22N2O2/c1-3-11(15)13-9-5-7-10(8-6-9)14-12(16)4-2/h9-10H,3-8H2,1-2H3,(H,13,15)(H,14,16)/t9-,10-"
782,CHEMBL456401,CCC(=O)N[C@H]1CC[C@@H](NC(=O)CC)CC1,"InChI=1S/C12H22N2O2/c1-3-11(15)13-9-5-7-10(8-6-9)14-12(16)4-2/h9-10H,3-8H2,1-2H3,(H,13,15)(H,14,16)/t9-,10+"
783,CHEMBL13510,CCCCCC/C=C(/c1ccc(O)cc1)c1ccc(OCCN(CC)CC)cc1,"InChI=1S/C26H37NO2/c1-4-7-8-9-10-11-26(22-12-16-24(28)17-13-22)23-14-18-25(19-15-23)29-21-20-27(5-2)6-3/h11-19,28H,4-10,20-21H2,1-3H3/b26-11-"
783,CHEMBL269420,CCCCCC/C=C(\c1ccc(O)cc1)c1ccc(OCCN(CC)CC)cc1,"InChI=1S/C26H37NO2/c1-4-7-8-9-10-11-26(22-12-16-24(28)17-13-22)23-14-18-25(19-15-23)29-21-20-27(5-2)6-3/h11-19,28H,4-10,20-21H2,1-3H3/b26-11+"
784,CHEMBL3264538,O=C(O[C@@H]1Cc2c(O)cc(O)cc2O[C@@H]1c1ccc(O)c(O)c1)[C@H]1CC[C@@H](O)CC1,"InChI=1S/C22H24O8/c23-13-4-1-11(2-5-13)22(28)30-20-10-15-17(26)8-14(24)9-19(15)29-21(20)12-3-6-16(25)18(27)7-12/h3,6-9,11,13,20-21,23-27H,1-2,4-5,10H2/t11-,13+,20-,21-/m1/s1"
784,CHEMBL3264539,O=C(O[C@@H]1Cc2c(O)cc(O)cc2O[C@@H]1c1ccc(O)c(O)c1)[C@H]1CC[C@H](O)CC1,"InChI=1S/C22H24O8/c23-13-4-1-11(2-5-13)22(28)30-20-10-15-17(26)8-14(24)9-19(15)29-21(20)12-3-6-16(25)18(27)7-12/h3,6-9,11,13,20-21,23-27H,1-2,4-5,10H2/t11-,13-,20-,21-/m1/s1"
785,CHEMBL3932210,CCN(c1cc(Cl)cc(C(=O)NCc2c(C)cc(C)[nH]c2=O)c1C)[C@H]1CC[C@H](C(=O)N2CCCC2)CC1,"InChI=1S/C29H39ClN4O3/c1-5-34(23-10-8-21(9-11-23)29(37)33-12-6-7-13-33)26-16-22(30)15-24(20(26)4)27(35)31-17-25-18(2)14-19(3)32-28(25)36/h14-16,21,23H,5-13,17H2,1-4H3,(H,31,35)(H,32,36)/t21-,23-"
785,CHEMBL3941092,CCN(c1cc(Cl)cc(C(=O)NCc2c(C)cc(C)[nH]c2=O)c1C)[C@H]1CC[C@@H](C(=O)N2CCCC2)CC1,"InChI=1S/C29H39ClN4O3/c1-5-34(23-10-8-21(9-11-23)29(37)33-12-6-7-13-33)26-16-22(30)15-24(20(26)4)27(35)31-17-25-18(2)14-19(3)32-28(25)36/h14-16,21,23H,5-13,17H2,1-4H3,(H,31,35)(H,32,36)/t21-,23+"
786,CHEMBL3652995,O[C@H]1CC[C@H](Nc2cc(-c3cccc(NCC4CCOCC4)n3)c(Cl)cn2)CC1,"InChI=1S/C22H29ClN4O2/c23-19-14-25-22(26-16-4-6-17(28)7-5-16)12-18(19)20-2-1-3-21(27-20)24-13-15-8-10-29-11-9-15/h1-3,12,14-17,28H,4-11,13H2,(H,24,27)(H,25,26)/t16-,17-"
786,CHEMBL3656808,O[C@H]1CC[C@@H](Nc2cc(-c3cccc(NCC4CCOCC4)n3)c(Cl)cn2)CC1,"InChI=1S/C22H29ClN4O2/c23-19-14-25-22(26-16-4-6-17(28)7-5-16)12-18(19)20-2-1-3-21(27-20)24-13-15-8-10-29-11-9-15/h1-3,12,14-17,28H,4-11,13H2,(H,24,27)(H,25,26)/t16-,17+"
787,CHEMBL3890993,OC1CN(C[C@H]2CC[C@@H](c3nnn4cnc5[nH]ccc5c34)CC2)C1,"InChI=1S/C17H22N6O/c24-13-8-22(9-13)7-11-1-3-12(4-2-11)15-16-14-5-6-18-17(14)19-10-23(16)21-20-15/h5-6,10-13,18,24H,1-4,7-9H2/t11-,12+"
787,CHEMBL3966840,OC1CN(C[C@H]2CC[C@H](c3nnn4cnc5[nH]ccc5c34)CC2)C1,"InChI=1S/C17H22N6O/c24-13-8-22(9-13)7-11-1-3-12(4-2-11)15-16-14-5-6-18-17(14)19-10-23(16)21-20-15/h5-6,10-13,18,24H,1-4,7-9H2/t11-,12-"
788,CHEMBL2146715,CCCS(=O)(=O)[C@H]1CC[C@](CNC(=O)c2ccc(Cl)cc2Cl)(CC2CC2)CC1,"InChI=1S/C21H29Cl2NO3S/c1-2-11-28(26,27)17-7-9-21(10-8-17,13-15-3-4-15)14-24-20(25)18-6-5-16(22)12-19(18)23/h5-6,12,15,17H,2-4,7-11,13-14H2,1H3,(H,24,25)/t17-,21+"
788,CHEMBL2146718,CCCS(=O)(=O)[C@H]1CC[C@@](CNC(=O)c2ccc(Cl)cc2Cl)(CC2CC2)CC1,"InChI=1S/C21H29Cl2NO3S/c1-2-11-28(26,27)17-7-9-21(10-8-17,13-15-3-4-15)14-24-20(25)18-6-5-16(22)12-19(18)23/h5-6,12,15,17H,2-4,7-11,13-14H2,1H3,(H,24,25)/t17-,21-"
789,CHEMBL54465,N#Cc1ccc2[nH]cc([C@H]3CC[C@@H](N4CCc5ccccc5C4)CC3)c2c1,"InChI=1S/C24H25N3/c25-14-17-5-10-24-22(13-17)23(15-26-24)19-6-8-21(9-7-19)27-12-11-18-3-1-2-4-20(18)16-27/h1-5,10,13,15,19,21,26H,6-9,11-12,16H2/t19-,21+"
789,CHEMBL55505,N#Cc1ccc2[nH]cc([C@H]3CC[C@H](N4CCc5ccccc5C4)CC3)c2c1,"InChI=1S/C24H25N3/c25-14-17-5-10-24-22(13-17)23(15-26-24)19-6-8-21(9-7-19)27-12-11-18-3-1-2-4-20(18)16-27/h1-5,10,13,15,19,21,26H,6-9,11-12,16H2/t19-,21-"
790,CHEMBL4206296,CCCc1nn(C)c2c(=O)[nH]c(-c3cc([C@H]4CC[C@@H](C(=O)NO)CC4)ccc3OCC)nc12,"InChI=1S/C24H31N5O4/c1-4-6-18-20-21(29(3)27-18)24(31)26-22(25-20)17-13-16(11-12-19(17)33-5-2)14-7-9-15(10-8-14)23(30)28-32/h11-15,32H,4-10H2,1-3H3,(H,28,30)(H,25,26,31)/t14-,15+"
790,CHEMBL4217999,CCCc1nn(C)c2c(=O)[nH]c(-c3cc([C@H]4CC[C@H](C(=O)NO)CC4)ccc3OCC)nc12,"InChI=1S/C24H31N5O4/c1-4-6-18-20-21(29(3)27-18)24(31)26-22(25-20)17-13-16(11-12-19(17)33-5-2)14-7-9-15(10-8-14)23(30)28-32/h11-15,32H,4-10H2,1-3H3,(H,28,30)(H,25,26,31)/t14-,15-"
791,CHEMBL3647602,c1cnc(O[C@H]2C[C@H](Nc3nc4ccccc4s3)C2)c(C2CCOCC2)c1,"InChI=1S/C21H23N3O2S/c1-2-6-19-18(5-1)24-21(27-19)23-15-12-16(13-15)26-20-17(4-3-9-22-20)14-7-10-25-11-8-14/h1-6,9,14-16H,7-8,10-13H2,(H,23,24)/t15-,16-"
791,CHEMBL3647603,c1cnc(O[C@H]2C[C@@H](Nc3nc4ccccc4s3)C2)c(C2CCOCC2)c1,"InChI=1S/C21H23N3O2S/c1-2-6-19-18(5-1)24-21(27-19)23-15-12-16(13-15)26-20-17(4-3-9-22-20)14-7-10-25-11-8-14/h1-6,9,14-16H,7-8,10-13H2,(H,23,24)/t15-,16+"
792,CHEMBL234423,Cc1ccc(S(=O)(=O)N[C@H]2CC[C@@H](N3CCN(c4ccccc4OC(C)C)CC3)CC2)cc1Cl,"InChI=1S/C26H36ClN3O3S/c1-19(2)33-26-7-5-4-6-25(26)30-16-14-29(15-17-30)22-11-9-21(10-12-22)28-34(31,32)23-13-8-20(3)24(27)18-23/h4-8,13,18-19,21-22,28H,9-12,14-17H2,1-3H3/t21-,22+"
792,CHEMBL234609,Cc1ccc(S(=O)(=O)N[C@H]2CC[C@H](N3CCN(c4ccccc4OC(C)C)CC3)CC2)cc1Cl,"InChI=1S/C26H36ClN3O3S/c1-19(2)33-26-7-5-4-6-25(26)30-16-14-29(15-17-30)22-11-9-21(10-12-22)28-34(31,32)23-13-8-20(3)24(27)18-23/h4-8,13,18-19,21-22,28H,9-12,14-17H2,1-3H3/t21-,22-"
793,CHEMBL277598,C=CCOC(=O)N[C@H]1CC[C@](CNC(=O)c2ccccc2OC)(c2ccccc2)CC1,"InChI=1S/C25H30N2O4/c1-3-17-31-24(29)27-20-13-15-25(16-14-20,19-9-5-4-6-10-19)18-26-23(28)21-11-7-8-12-22(21)30-2/h3-12,20H,1,13-18H2,2H3,(H,26,28)(H,27,29)/t20-,25-"
793,CHEMBL278734,C=CCOC(=O)N[C@H]1CC[C@@](CNC(=O)c2ccccc2OC)(c2ccccc2)CC1,"InChI=1S/C25H30N2O4/c1-3-17-31-24(29)27-20-13-15-25(16-14-20,19-9-5-4-6-10-19)18-26-23(28)21-11-7-8-12-22(21)30-2/h3-12,20H,1,13-18H2,2H3,(H,26,28)(H,27,29)/t20-,25+"
794,CHEMBL238289,O=C(Cc1ccccc1)N[C@H]1CO[C@H](c2ccc(Cl)cc2)OC1,"InChI=1S/C18H18ClNO3/c19-15-8-6-14(7-9-15)18-22-11-16(12-23-18)20-17(21)10-13-4-2-1-3-5-13/h1-9,16,18H,10-12H2,(H,20,21)/t16-,18-"
794,CHEMBL391175,O=C(Cc1ccccc1)N[C@H]1CO[C@@H](c2ccc(Cl)cc2)OC1,"InChI=1S/C18H18ClNO3/c19-15-8-6-14(7-9-15)18-22-11-16(12-23-18)20-17(21)10-13-4-2-1-3-5-13/h1-9,16,18H,10-12H2,(H,20,21)/t16-,18+"
795,CHEMBL1908889,N[C@]1(C(=O)O)C[C@H](F)C1,"InChI=1S/C5H8FNO2/c6-3-1-5(7,2-3)4(8)9/h3H,1-2,7H2,(H,8,9)/t3-,5+"
795,CHEMBL1908917,N[C@]1(C(=O)O)C[C@@H](F)C1,"InChI=1S/C5H8FNO2/c6-3-1-5(7,2-3)4(8)9/h3H,1-2,7H2,(H,8,9)/t3-,5-"
796,CHEMBL4064410,O=C(N[C@H]1CC[C@H](C(=O)O)CC1)[C@@H]1NC2(CCCCC2)[C@@]2(C(=O)Nc3cc(Cl)ccc32)[C@H]1c1cccc(Cl)c1F,"InChI=1S/C30H32Cl2FN3O4/c31-17-9-12-20-22(15-17)35-28(40)30(20)23(19-5-4-6-21(32)24(19)33)25(36-29(30)13-2-1-3-14-29)26(37)34-18-10-7-16(8-11-18)27(38)39/h4-6,9,12,15-16,18,23,25,36H,1-3,7-8,10-11,13-14H2,(H,34,37)(H,35,40)(H,38,39)/t16-,18-,23-,25+,30+/m0/s1"
796,CHEMBL4092120,O=C(N[C@H]1CC[C@@H](C(=O)O)CC1)[C@@H]1NC2(CCCCC2)[C@@]2(C(=O)Nc3cc(Cl)ccc32)[C@H]1c1cccc(Cl)c1F,"InChI=1S/C30H32Cl2FN3O4/c31-17-9-12-20-22(15-17)35-28(40)30(20)23(19-5-4-6-21(32)24(19)33)25(36-29(30)13-2-1-3-14-29)26(37)34-18-10-7-16(8-11-18)27(38)39/h4-6,9,12,15-16,18,23,25,36H,1-3,7-8,10-11,13-14H2,(H,34,37)(H,35,40)(H,38,39)/t16-,18+,23-,25+,30+/m0/s1"
797,CHEMBL3905623,O=C(N[C@H]1CC[C@H](c2ccc(NC(=O)N3Cc4ccncc4C3)cc2)CC1)[C@H]1CCCO1,"InChI=1S/C25H30N4O3/c30-24(23-2-1-13-32-23)27-21-7-3-17(4-8-21)18-5-9-22(10-6-18)28-25(31)29-15-19-11-12-26-14-20(19)16-29/h5-6,9-12,14,17,21,23H,1-4,7-8,13,15-16H2,(H,27,30)(H,28,31)/t17-,21-,23-/m1/s1"
797,CHEMBL3916303,O=C(N[C@H]1CC[C@@H](c2ccc(NC(=O)N3Cc4ccncc4C3)cc2)CC1)[C@H]1CCCO1,"InChI=1S/C25H30N4O3/c30-24(23-2-1-13-32-23)27-21-7-3-17(4-8-21)18-5-9-22(10-6-18)28-25(31)29-15-19-11-12-26-14-20(19)16-29/h5-6,9-12,14,17,21,23H,1-4,7-8,13,15-16H2,(H,27,30)(H,28,31)/t17-,21+,23-/m1/s1"
798,CHEMBL1962920,CCNC(=O)c1noc(-c2cc(C(C)C)c(O)cc2O)c1NC(=O)[C@H]1CC[C@@H](CN2CCOCC2)CC1,"InChI=1S/C27H38N4O6/c1-4-28-27(35)24-23(25(37-30-24)20-13-19(16(2)3)21(32)14-22(20)33)29-26(34)18-7-5-17(6-8-18)15-31-9-11-36-12-10-31/h13-14,16-18,32-33H,4-12,15H2,1-3H3,(H,28,35)(H,29,34)/t17-,18+"
798,CHEMBL1963052,CCNC(=O)c1noc(-c2cc(C(C)C)c(O)cc2O)c1NC(=O)[C@H]1CC[C@H](CN2CCOCC2)CC1,"InChI=1S/C27H38N4O6/c1-4-28-27(35)24-23(25(37-30-24)20-13-19(16(2)3)21(32)14-22(20)33)29-26(34)18-7-5-17(6-8-18)15-31-9-11-36-12-10-31/h13-14,16-18,32-33H,4-12,15H2,1-3H3,(H,28,35)(H,29,34)/t17-,18-"
799,CHEMBL3805123,CN1CCN(c2ccc(C(=O)Nc3n[nH]c4ccc(Cc5cc(F)cc(F)c5)cc34)c(N[C@H]3CC[C@H](O)CC3)c2)CC1,"InChI=1S/C32H36F2N6O2/c1-39-10-12-40(13-11-39)25-5-8-27(30(19-25)35-24-3-6-26(41)7-4-24)32(42)36-31-28-17-20(2-9-29(28)37-38-31)14-21-15-22(33)18-23(34)16-21/h2,5,8-9,15-19,24,26,35,41H,3-4,6-7,10-14H2,1H3,(H2,36,37,38,42)/t24-,26-"
799,CHEMBL3805129,CN1CCN(c2ccc(C(=O)Nc3n[nH]c4ccc(Cc5cc(F)cc(F)c5)cc34)c(N[C@H]3CC[C@@H](O)CC3)c2)CC1,"InChI=1S/C32H36F2N6O2/c1-39-10-12-40(13-11-39)25-5-8-27(30(19-25)35-24-3-6-26(41)7-4-24)32(42)36-31-28-17-20(2-9-29(28)37-38-31)14-21-15-22(33)18-23(34)16-21/h2,5,8-9,15-19,24,26,35,41H,3-4,6-7,10-14H2,1H3,(H2,36,37,38,42)/t24-,26+"
800,CHEMBL12867,CCN(CC)CCOc1ccc(/C(=C/Cc2ccccc2)c2ccc(O)cc2)cc1,"InChI=1S/C27H31NO2/c1-3-28(4-2)20-21-30-26-17-13-24(14-18-26)27(23-11-15-25(29)16-12-23)19-10-22-8-6-5-7-9-22/h5-9,11-19,29H,3-4,10,20-21H2,1-2H3/b27-19+"
800,CHEMBL13251,CCN(CC)CCOc1ccc(/C(=C\Cc2ccccc2)c2ccc(O)cc2)cc1,"InChI=1S/C27H31NO2/c1-3-28(4-2)20-21-30-26-17-13-24(14-18-26)27(23-11-15-25(29)16-12-23)19-10-22-8-6-5-7-9-22/h5-9,11-19,29H,3-4,10,20-21H2,1-2H3/b27-19-"
801,CHEMBL2204043,O=c1[nH]c(=O)c(Cc2cccc(C(F)(F)F)c2)c([C@H]2CC[C@@H](c3ccccc3)CC2)[nH]1,"InChI=1S/C24H23F3N2O2/c25-24(26,27)19-8-4-5-15(13-19)14-20-21(28-23(31)29-22(20)30)18-11-9-17(10-12-18)16-6-2-1-3-7-16/h1-8,13,17-18H,9-12,14H2,(H2,28,29,30,31)/t17-,18+"
801,CHEMBL4297602,O=c1[nH]c(=O)c(Cc2cccc(C(F)(F)F)c2)c([C@H]2CC[C@H](c3ccccc3)CC2)[nH]1,"InChI=1S/C24H23F3N2O2/c25-24(26,27)19-8-4-5-15(13-19)14-20-21(28-23(31)29-22(20)30)18-11-9-17(10-12-18)16-6-2-1-3-7-16/h1-8,13,17-18H,9-12,14H2,(H2,28,29,30,31)/t17-,18-"
802,CHEMBL2251865,C[C@@H](NC(=O)[C@]1(C)C[C@](C)(O)C1)c1ccc(Br)cc1,"InChI=1S/C15H20BrNO2/c1-10(11-4-6-12(16)7-5-11)17-13(18)14(2)8-15(3,19)9-14/h4-7,10,19H,8-9H2,1-3H3,(H,17,18)/t10-,14-,15+/m1/s1"
802,CHEMBL2251866,C[C@@H](NC(=O)[C@]1(C)C[C@@](C)(O)C1)c1ccc(Br)cc1,"InChI=1S/C15H20BrNO2/c1-10(11-4-6-12(16)7-5-11)17-13(18)14(2)8-15(3,19)9-14/h4-7,10,19H,8-9H2,1-3H3,(H,17,18)/t10-,14-,15-/m1/s1"
803,CHEMBL3647967,C=CC(=O)N[C@H]1CC[C@@H](n2nc(-c3ccc(Oc4ccccc4)cc3)c3c(N)ncnc32)CC1,"InChI=1S/C26H26N6O2/c1-2-22(33)30-18-10-12-19(13-11-18)32-26-23(25(27)28-16-29-26)24(31-32)17-8-14-21(15-9-17)34-20-6-4-3-5-7-20/h2-9,14-16,18-19H,1,10-13H2,(H,30,33)(H2,27,28,29)/t18-,19+"
803,CHEMBL3912266,C=CC(=O)N[C@H]1CC[C@H](n2nc(-c3ccc(Oc4ccccc4)cc3)c3c(N)ncnc32)CC1,"InChI=1S/C26H26N6O2/c1-2-22(33)30-18-10-12-19(13-11-18)32-26-23(25(27)28-16-29-26)24(31-32)17-8-14-21(15-9-17)34-20-6-4-3-5-7-20/h2-9,14-16,18-19H,1,10-13H2,(H,30,33)(H2,27,28,29)/t18-,19-"
804,CHEMBL234679,CC(C)Oc1ccccc1N1CCN([C@H]2CC[C@@H](NS(=O)(=O)c3ccccc3C#N)CC2)CC1,"InChI=1S/C26H34N4O3S/c1-20(2)33-25-9-5-4-8-24(25)30-17-15-29(16-18-30)23-13-11-22(12-14-23)28-34(31,32)26-10-6-3-7-21(26)19-27/h3-10,20,22-23,28H,11-18H2,1-2H3/t22-,23+"
804,CHEMBL234680,CC(C)Oc1ccccc1N1CCN([C@H]2CC[C@H](NS(=O)(=O)c3ccccc3C#N)CC2)CC1,"InChI=1S/C26H34N4O3S/c1-20(2)33-25-9-5-4-8-24(25)30-17-15-29(16-18-30)23-13-11-22(12-14-23)28-34(31,32)26-10-6-3-7-21(26)19-27/h3-10,20,22-23,28H,11-18H2,1-2H3/t22-,23-"
805,CHEMBL3697445,CC(=O)N[C@H]1CC[C@H](N(C)c2cc(-c3ccc(CN4CCOCC4)nc3)cc(C(=O)NCc3c(C)cc(C)[nH]c3=O)c2C)CC1,"InChI=1S/C35H46N6O4/c1-22-16-23(2)38-35(44)32(22)20-37-34(43)31-17-27(26-6-7-29(36-19-26)21-41-12-14-45-15-13-41)18-33(24(31)3)40(5)30-10-8-28(9-11-30)39-25(4)42/h6-7,16-19,28,30H,8-15,20-21H2,1-5H3,(H,37,43)(H,38,44)(H,39,42)/t28-,30-"
805,CHEMBL3697448,CC(=O)N[C@H]1CC[C@@H](N(C)c2cc(-c3ccc(CN4CCOCC4)nc3)cc(C(=O)NCc3c(C)cc(C)[nH]c3=O)c2C)CC1,"InChI=1S/C35H46N6O4/c1-22-16-23(2)38-35(44)32(22)20-37-34(43)31-17-27(26-6-7-29(36-19-26)21-41-12-14-45-15-13-41)18-33(24(31)3)40(5)30-10-8-28(9-11-30)39-25(4)42/h6-7,16-19,28,30H,8-15,20-21H2,1-5H3,(H,37,43)(H,38,44)(H,39,42)/t28-,30+"
806,CHEMBL230966,COc1c(C)cc(/C(=C/CCc2nnc(C)o2)c2ccc(C#N)cc2)cc1C(=O)SC,"InChI=1S/C24H23N3O3S/c1-15-12-19(13-21(23(15)29-3)24(28)31-4)20(18-10-8-17(14-25)9-11-18)6-5-7-22-27-26-16(2)30-22/h6,8-13H,5,7H2,1-4H3/b20-6+"
806,CHEMBL244999,COc1c(C)cc(/C(=C\CCc2nnc(C)o2)c2ccc(C#N)cc2)cc1C(=O)SC,"InChI=1S/C24H23N3O3S/c1-15-12-19(13-21(23(15)29-3)24(28)31-4)20(18-10-8-17(14-25)9-11-18)6-5-7-22-27-26-16(2)30-22/h6,8-13H,5,7H2,1-4H3/b20-6-"
807,CHEMBL4111944,Nc1ncc([C@H]2CC[C@H](O)CC2)nc1-c1ccc(C(=O)N[C@H](CO)c2cc(F)cc(I)c2)c(F)c1,"InChI=1S/C25H25F2IN4O3/c26-16-7-15(8-17(28)10-16)22(12-33)32-25(35)19-6-3-14(9-20(19)27)23-24(29)30-11-21(31-23)13-1-4-18(34)5-2-13/h3,6-11,13,18,22,33-34H,1-2,4-5,12H2,(H2,29,30)(H,32,35)/t13-,18-,22-/m1/s1"
807,CHEMBL4112411,Nc1ncc([C@H]2CC[C@@H](O)CC2)nc1-c1ccc(C(=O)N[C@H](CO)c2cc(F)cc(I)c2)c(F)c1,"InChI=1S/C25H25F2IN4O3/c26-16-7-15(8-17(28)10-16)22(12-33)32-25(35)19-6-3-14(9-20(19)27)23-24(29)30-11-21(31-23)13-1-4-18(34)5-2-13/h3,6-11,13,18,22,33-34H,1-2,4-5,12H2,(H2,29,30)(H,32,35)/t13-,18+,22-/m1/s1"
808,CHEMBL4161913,Nc1n[nH]c2ccc(NC(=O)[C@H]3CC[C@H](N)CC3)cc12,"InChI=1S/C14H19N5O/c15-9-3-1-8(2-4-9)14(20)17-10-5-6-12-11(7-10)13(16)19-18-12/h5-9H,1-4,15H2,(H,17,20)(H3,16,18,19)/t8-,9-"
808,CHEMBL4169832,Nc1n[nH]c2ccc(NC(=O)[C@H]3CC[C@@H](N)CC3)cc12,"InChI=1S/C14H19N5O/c15-9-3-1-8(2-4-9)14(20)17-10-5-6-12-11(7-10)13(16)19-18-12/h5-9H,1-4,15H2,(H,17,20)(H3,16,18,19)/t8-,9+"
809,CHEMBL4063783,COC(=O)CCNC(=O)[C@H]1CC[C@@H](NC(=O)c2cc(Br)c(Br)[nH]2)CC1,"InChI=1S/C16H21Br2N3O4/c1-25-13(22)6-7-19-15(23)9-2-4-10(5-3-9)20-16(24)12-8-11(17)14(18)21-12/h8-10,21H,2-7H2,1H3,(H,19,23)(H,20,24)/t9-,10+"
809,CHEMBL4078861,COC(=O)CCNC(=O)[C@H]1CC[C@H](NC(=O)c2cc(Br)c(Br)[nH]2)CC1,"InChI=1S/C16H21Br2N3O4/c1-25-13(22)6-7-19-15(23)9-2-4-10(5-3-9)20-16(24)12-8-11(17)14(18)21-12/h8-10,21H,2-7H2,1H3,(H,19,23)(H,20,24)/t9-,10-"
810,CHEMBL238401,CCN([C@H]1CC[C@H](N2CCN(c3ccccc3OC(C)C)CC2)CC1)S(=O)(=O)c1ccc(OC)c(OC)c1,"InChI=1S/C29H43N3O5S/c1-6-32(38(33,34)25-15-16-28(35-4)29(21-25)36-5)24-13-11-23(12-14-24)30-17-19-31(20-18-30)26-9-7-8-10-27(26)37-22(2)3/h7-10,15-16,21-24H,6,11-14,17-20H2,1-5H3/t23-,24-"
810,CHEMBL429453,CCN([C@H]1CC[C@@H](N2CCN(c3ccccc3OC(C)C)CC2)CC1)S(=O)(=O)c1ccc(OC)c(OC)c1,"InChI=1S/C29H43N3O5S/c1-6-32(38(33,34)25-15-16-28(35-4)29(21-25)36-5)24-13-11-23(12-14-24)30-17-19-31(20-18-30)26-9-7-8-10-27(26)37-22(2)3/h7-10,15-16,21-24H,6,11-14,17-20H2,1-5H3/t23-,24+"
811,CHEMBL234194,COc1ccc(OC)c(S(=O)(=O)N[C@H]2CC[C@H](N3CCN(c4ccccc4OC(C)C)CC3)CC2)c1,"InChI=1S/C27H39N3O5S/c1-20(2)35-25-8-6-5-7-24(25)30-17-15-29(16-18-30)22-11-9-21(10-12-22)28-36(31,32)27-19-23(33-3)13-14-26(27)34-4/h5-8,13-14,19-22,28H,9-12,15-18H2,1-4H3/t21-,22-"
811,CHEMBL236832,COc1ccc(OC)c(S(=O)(=O)N[C@H]2CC[C@@H](N3CCN(c4ccccc4OC(C)C)CC3)CC2)c1,"InChI=1S/C27H39N3O5S/c1-20(2)35-25-8-6-5-7-24(25)30-17-15-29(16-18-30)22-11-9-21(10-12-22)28-36(31,32)27-19-23(33-3)13-14-26(27)34-4/h5-8,13-14,19-22,28H,9-12,15-18H2,1-4H3/t21-,22+"
812,CHEMBL2373103,C1=Cc2nc1c(-c1ccccc1)c1ccc([n-]1)c(-c1ccccc1)c1nc(c(-c3ccccc3)c3ccc([n-]3)c2-c2ccccc2)C=C1.[Zn+2],"InChI=1S/C44H28N4.Zn/c1-5-13-29(14-6-1)41-33-21-23-35(45-33)42(30-15-7-2-8-16-30)37-25-27-39(47-37)44(32-19-11-4-12-20-32)40-28-26-38(48-40)43(31-17-9-3-10-18-31)36-24-22-34(41)46-36;/h1-28H;/q-2;+2/b41-33-,41-34-,42-35-,42-37-,43-36-,43-38+,44-39-,44-40+;"
812,CHEMBL2373168,C1=Cc2nc1c(-c1ccccc1)c1ccc([n-]1)c(-c1ccccc1)c1nc(c(-c3ccccc3)c3ccc([n-]3)c2-c2ccccc2)C=C1.[Zn+2],"InChI=1S/C44H28N4.Zn/c1-5-13-29(14-6-1)41-33-21-23-35(45-33)42(30-15-7-2-8-16-30)37-25-27-39(47-37)44(32-19-11-4-12-20-32)40-28-26-38(48-40)43(31-17-9-3-10-18-31)36-24-22-34(41)46-36;/h1-28H;/q-2;+2/b41-33-,41-34-,42-35-,42-37-,43-36-,43-38-,44-39-,44-40-;"
813,CHEMBL3828340,C[C@]1(O)C[C@](c2cc(C(F)(F)F)ccn2)([C@H](O)c2ccccn2)C1,"InChI=1S/C17H17F3N2O2/c1-15(24)9-16(10-15,14(23)12-4-2-3-6-21-12)13-8-11(5-7-22-13)17(18,19)20/h2-8,14,23-24H,9-10H2,1H3/t14-,15-,16-/m1/s1"
813,CHEMBL3828557,C[C@]1(O)C[C@@](c2cc(C(F)(F)F)ccn2)([C@H](O)c2ccccn2)C1,"InChI=1S/C17H17F3N2O2/c1-15(24)9-16(10-15,14(23)12-4-2-3-6-21-12)13-8-11(5-7-22-13)17(18,19)20/h2-8,14,23-24H,9-10H2,1H3/t14-,15-,16+/m1/s1"
814,CHEMBL4113556,Nc1ncc([C@H]2CC[C@H](O)CC2)nc1-c1ccc(C(=O)N[C@H](CO)c2cccc(C(F)(F)F)c2)c(F)c1,"InChI=1S/C26H26F4N4O3/c27-20-11-16(23-24(31)32-12-21(33-23)14-4-7-18(36)8-5-14)6-9-19(20)25(37)34-22(13-35)15-2-1-3-17(10-15)26(28,29)30/h1-3,6,9-12,14,18,22,35-36H,4-5,7-8,13H2,(H2,31,32)(H,34,37)/t14-,18-,22-/m1/s1"
814,CHEMBL4114254,Nc1ncc([C@H]2CC[C@@H](O)CC2)nc1-c1ccc(C(=O)N[C@H](CO)c2cccc(C(F)(F)F)c2)c(F)c1,"InChI=1S/C26H26F4N4O3/c27-20-11-16(23-24(31)32-12-21(33-23)14-4-7-18(36)8-5-14)6-9-19(20)25(37)34-22(13-35)15-2-1-3-17(10-15)26(28,29)30/h1-3,6,9-12,14,18,22,35-36H,4-5,7-8,13H2,(H2,31,32)(H,34,37)/t14-,18+,22-/m1/s1"
815,CHEMBL1963109,CCNC(=O)c1noc(-c2cc(C(C)C)c(O)cc2O)c1NC(=O)[C@H]1CC[C@H](N2CCOCC2)CC1,"InChI=1S/C26H36N4O6/c1-4-27-26(34)23-22(24(36-29-23)19-13-18(15(2)3)20(31)14-21(19)32)28-25(33)16-5-7-17(8-6-16)30-9-11-35-12-10-30/h13-17,31-32H,4-12H2,1-3H3,(H,27,34)(H,28,33)/t16-,17-"
815,CHEMBL1963115,CCNC(=O)c1noc(-c2cc(C(C)C)c(O)cc2O)c1NC(=O)[C@H]1CC[C@@H](N2CCOCC2)CC1,"InChI=1S/C26H36N4O6/c1-4-27-26(34)23-22(24(36-29-23)19-13-18(15(2)3)20(31)14-21(19)32)28-25(33)16-5-7-17(8-6-16)30-9-11-35-12-10-30/h13-17,31-32H,4-12H2,1-3H3,(H,27,34)(H,28,33)/t16-,17+"
816,CHEMBL481501,Cc1ccccc1Nc1nc2ccc(CC(=O)N3C[C@@H](F)C[C@H]3CO[C@H]3CC[C@H](C(=O)O)CC3)cc2o1,"InChI=1S/C28H32FN3O5/c1-17-4-2-3-5-23(17)30-28-31-24-11-6-18(12-25(24)37-28)13-26(33)32-15-20(29)14-21(32)16-36-22-9-7-19(8-10-22)27(34)35/h2-6,11-12,19-22H,7-10,13-16H2,1H3,(H,30,31)(H,34,35)/t19-,20-,21-,22-/m0/s1"
816,CHEMBL512903,Cc1ccccc1Nc1nc2ccc(CC(=O)N3C[C@@H](F)C[C@H]3CO[C@H]3CC[C@@H](C(=O)O)CC3)cc2o1,"InChI=1S/C28H32FN3O5/c1-17-4-2-3-5-23(17)30-28-31-24-11-6-18(12-25(24)37-28)13-26(33)32-15-20(29)14-21(32)16-36-22-9-7-19(8-10-22)27(34)35/h2-6,11-12,19-22H,7-10,13-16H2,1H3,(H,30,31)(H,34,35)/t19-,20-,21-,22+/m0/s1"
817,CHEMBL3647526,CC#CC(=O)N1CC[C@]2(C1)C[C@@H](n1nc(-c3ccc(Oc4ccccc4)cn3)c3c(N)ncnc31)C2,"InChI=1S/C27H25N7O2/c1-2-6-22(35)33-12-11-27(16-33)13-18(14-27)34-26-23(25(28)30-17-31-26)24(32-34)21-10-9-20(15-29-21)36-19-7-4-3-5-8-19/h3-5,7-10,15,17-18H,11-14,16H2,1H3,(H2,28,30,31)/t18-,27+"
817,CHEMBL3647527,CC#CC(=O)N1CC[C@]2(C1)C[C@H](n1nc(-c3ccc(Oc4ccccc4)cn3)c3c(N)ncnc31)C2,"InChI=1S/C27H25N7O2/c1-2-6-22(35)33-12-11-27(16-33)13-18(14-27)34-26-23(25(28)30-17-31-26)24(32-34)21-10-9-20(15-29-21)36-19-7-4-3-5-8-19/h3-5,7-10,15,17-18H,11-14,16H2,1H3,(H2,28,30,31)/t18-,27-"
818,CHEMBL4070744,O=C(O)CNC(=O)[C@H]1CC[C@@H](NC(=O)c2cc(Br)c(Br)[nH]2)CC1,"InChI=1S/C14H17Br2N3O4/c15-9-5-10(19-12(9)16)14(23)18-8-3-1-7(2-4-8)13(22)17-6-11(20)21/h5,7-8,19H,1-4,6H2,(H,17,22)(H,18,23)(H,20,21)/t7-,8+"
818,CHEMBL4081342,O=C(O)CNC(=O)[C@H]1CC[C@H](NC(=O)c2cc(Br)c(Br)[nH]2)CC1,"InChI=1S/C14H17Br2N3O4/c15-9-5-10(19-12(9)16)14(23)18-8-3-1-7(2-4-8)13(22)17-6-11(20)21/h5,7-8,19H,1-4,6H2,(H,17,22)(H,18,23)(H,20,21)/t7-,8-"
819,CHEMBL2028019,CN(C)C(=O)N[C@H]1CC[C@H](CCN2CCN(c3cccc(Cl)c3Cl)CC2)CC1,"InChI=1S/C21H32Cl2N4O/c1-25(2)21(28)24-17-8-6-16(7-9-17)10-11-26-12-14-27(15-13-26)19-5-3-4-18(22)20(19)23/h3-5,16-17H,6-15H2,1-2H3,(H,24,28)/t16-,17-"
819,CHEMBL3085826,CN(C)C(=O)N[C@H]1CC[C@@H](CCN2CCN(c3cccc(Cl)c3Cl)CC2)CC1,"InChI=1S/C21H32Cl2N4O/c1-25(2)21(28)24-17-8-6-16(7-9-17)10-11-26-12-14-27(15-13-26)19-5-3-4-18(22)20(19)23/h3-5,16-17H,6-15H2,1-2H3,(H,24,28)/t16-,17+"
820,CHEMBL3698215,C[C@@H](c1ccccc1Cl)N1CC[C@]2(CC[C@@H](O)CC2)OC1=O,"InChI=1S/C17H22ClNO3/c1-12(14-4-2-3-5-15(14)18)19-11-10-17(22-16(19)21)8-6-13(20)7-9-17/h2-5,12-13,20H,6-11H2,1H3/t12-,13-,17-/m0/s1"
820,CHEMBL3698252,C[C@@H](c1ccccc1Cl)N1CC[C@]2(CC[C@H](O)CC2)OC1=O,"InChI=1S/C17H22ClNO3/c1-12(14-4-2-3-5-15(14)18)19-11-10-17(22-16(19)21)8-6-13(20)7-9-17/h2-5,12-13,20H,6-11H2,1H3/t12-,13-,17+/m0/s1"
821,CHEMBL224067,c1ccc(CN[C@H]2CC[C@H](Nc3ccc4[nH]ncc4c3)CC2)cc1,"InChI=1S/C20H24N4/c1-2-4-15(5-3-1)13-21-17-6-8-18(9-7-17)23-19-10-11-20-16(12-19)14-22-24-20/h1-5,10-12,14,17-18,21,23H,6-9,13H2,(H,22,24)/t17-,18-"
821,CHEMBL390390,c1ccc(CN[C@H]2CC[C@@H](Nc3ccc4[nH]ncc4c3)CC2)cc1,"InChI=1S/C20H24N4/c1-2-4-15(5-3-1)13-21-17-6-8-18(9-7-17)23-19-10-11-20-16(12-19)14-22-24-20/h1-5,10-12,14,17-18,21,23H,6-9,13H2,(H,22,24)/t17-,18+"
822,CHEMBL4110629,C[C@@H](NC(=O)c1ccc(-c2nc([C@H]3CC[C@H](O)CC3)cnc2N)cc1F)c1cc(F)cc(S(C)(=O)=O)c1,"InChI=1S/C26H28F2N4O4S/c1-14(17-9-18(27)12-20(10-17)37(2,35)36)31-26(34)21-8-5-16(11-22(21)28)24-25(29)30-13-23(32-24)15-3-6-19(33)7-4-15/h5,8-15,19,33H,3-4,6-7H2,1-2H3,(H2,29,30)(H,31,34)/t14-,15-,19-/m1/s1"
822,CHEMBL4110675,C[C@@H](NC(=O)c1ccc(-c2nc([C@H]3CC[C@@H](O)CC3)cnc2N)cc1F)c1cc(F)cc(S(C)(=O)=O)c1,"InChI=1S/C26H28F2N4O4S/c1-14(17-9-18(27)12-20(10-17)37(2,35)36)31-26(34)21-8-5-16(11-22(21)28)24-25(29)30-13-23(32-24)15-3-6-19(33)7-4-15/h5,8-15,19,33H,3-4,6-7H2,1-2H3,(H2,29,30)(H,31,34)/t14-,15-,19+/m1/s1"
823,CHEMBL4206460,C[C@H](N[C@H]1CC[C@H](n2cc(-c3ccc(Oc4ccccc4)cc3)c3c(N)ncnc32)CC1)C(=O)O,"InChI=1S/C27H29N5O3/c1-17(27(33)34)31-19-9-11-20(12-10-19)32-15-23(24-25(28)29-16-30-26(24)32)18-7-13-22(14-8-18)35-21-5-3-2-4-6-21/h2-8,13-17,19-20,31H,9-12H2,1H3,(H,33,34)(H2,28,29,30)/t17-,19-,20-/m0/s1"
823,CHEMBL4209614,C[C@H](N[C@H]1CC[C@@H](n2cc(-c3ccc(Oc4ccccc4)cc3)c3c(N)ncnc32)CC1)C(=O)O,"InChI=1S/C27H29N5O3/c1-17(27(33)34)31-19-9-11-20(12-10-19)32-15-23(24-25(28)29-16-30-26(24)32)18-7-13-22(14-8-18)35-21-5-3-2-4-6-21/h2-8,13-17,19-20,31H,9-12H2,1H3,(H,33,34)(H2,28,29,30)/t17-,19-,20+/m0/s1"
824,CHEMBL4066401,Nc1ncnc2c1c(-c1ccc(Oc3ccccc3)cc1)cn2[C@H]1CC[C@H](NCC(=O)O)CC1,"InChI=1S/C26H27N5O3/c27-25-24-22(17-6-12-21(13-7-17)34-20-4-2-1-3-5-20)15-31(26(24)30-16-29-25)19-10-8-18(9-11-19)28-14-23(32)33/h1-7,12-13,15-16,18-19,28H,8-11,14H2,(H,32,33)(H2,27,29,30)/t18-,19-"
824,CHEMBL4202763,Nc1ncnc2c1c(-c1ccc(Oc3ccccc3)cc1)cn2[C@H]1CC[C@@H](NCC(=O)O)CC1,"InChI=1S/C26H27N5O3/c27-25-24-22(17-6-12-21(13-7-17)34-20-4-2-1-3-5-20)15-31(26(24)30-16-29-25)19-10-8-18(9-11-19)28-14-23(32)33/h1-7,12-13,15-16,18-19,28H,8-11,14H2,(H,32,33)(H2,27,29,30)/t18-,19+"
825,CHEMBL237972,CN(C)C(=O)[C@@H]([C@H]1CC[C@@H](c2ccc(F)cc2)CC1)[C@H](N)C(=O)N1CCC(F)(F)C1,"InChI=1S/C22H30F3N3O2/c1-27(2)20(29)18(19(26)21(30)28-12-11-22(24,25)13-28)16-5-3-14(4-6-16)15-7-9-17(23)10-8-15/h7-10,14,16,18-19H,3-6,11-13,26H2,1-2H3/t14-,16+,18-,19-/m0/s1"
825,CHEMBL238190,CN(C)C(=O)[C@@H]([C@H]1CC[C@H](c2ccc(F)cc2)CC1)[C@H](N)C(=O)N1CCC(F)(F)C1,"InChI=1S/C22H30F3N3O2/c1-27(2)20(29)18(19(26)21(30)28-12-11-22(24,25)13-28)16-5-3-14(4-6-16)15-7-9-17(23)10-8-15/h7-10,14,16,18-19H,3-6,11-13,26H2,1-2H3/t14-,16-,18-,19-/m0/s1"
826,CHEMBL2092773,C[C@H]1CC[C@@H](NC(=O)[C@H]2O[C@@H](n3cnc4c(N)ncnc43)[C@H](O)[C@@H]2O)CC1,"InChI=1S/C17H24N6O4/c1-8-2-4-9(5-3-8)22-16(26)13-11(24)12(25)17(27-13)23-7-21-10-14(18)19-6-20-15(10)23/h6-9,11-13,17,24-25H,2-5H2,1H3,(H,22,26)(H2,18,19,20)/t8-,9+,11-,12+,13-,17+/m0/s1"
826,CHEMBL2092859,C[C@H]1CC[C@H](NC(=O)[C@H]2O[C@@H](n3cnc4c(N)ncnc43)[C@H](O)[C@@H]2O)CC1,"InChI=1S/C17H24N6O4/c1-8-2-4-9(5-3-8)22-16(26)13-11(24)12(25)17(27-13)23-7-21-10-14(18)19-6-20-15(10)23/h6-9,11-13,17,24-25H,2-5H2,1H3,(H,22,26)(H2,18,19,20)/t8-,9-,11-,12+,13-,17+/m0/s1"
827,CHEMBL1951773,O=C(CNC(=O)c1cccc(C(F)(F)F)c1)N[C@@H]1CCN([C@H]2CC[C@@](O)(c3cncnc3)CC2)C1,"InChI=1S/C24H28F3N5O3/c25-24(26,27)17-3-1-2-16(10-17)22(34)30-13-21(33)31-19-6-9-32(14-19)20-4-7-23(35,8-5-20)18-11-28-15-29-12-18/h1-3,10-12,15,19-20,35H,4-9,13-14H2,(H,30,34)(H,31,33)/t19-,20-,23-/m1/s1"
827,CHEMBL1951785,O=C(CNC(=O)c1cccc(C(F)(F)F)c1)N[C@@H]1CCN([C@H]2CC[C@](O)(c3cncnc3)CC2)C1,"InChI=1S/C24H28F3N5O3/c25-24(26,27)17-3-1-2-16(10-17)22(34)30-13-21(33)31-19-6-9-32(14-19)20-4-7-23(35,8-5-20)18-11-28-15-29-12-18/h1-3,10-12,15,19-20,35H,4-9,13-14H2,(H,30,34)(H,31,33)/t19-,20-,23+/m1/s1"
828,CHEMBL3919225,O=C(N[C@H]1CC[C@@H](O)CC1)c1cc(NC(=O)c2cc(-c3ncccc3F)c(Cl)cc2Cl)n(-c2ccccc2)n1,"InChI=1S/C28H24Cl2FN5O3/c29-21-14-22(30)20(13-19(21)26-23(31)7-4-12-32-26)27(38)34-25-15-24(35-36(25)17-5-2-1-3-6-17)28(39)33-16-8-10-18(37)11-9-16/h1-7,12-16,18,37H,8-11H2,(H,33,39)(H,34,38)/t16-,18+"
828,CHEMBL3954486,O=C(N[C@H]1CC[C@H](O)CC1)c1cc(NC(=O)c2cc(-c3ncccc3F)c(Cl)cc2Cl)n(-c2ccccc2)n1,"InChI=1S/C28H24Cl2FN5O3/c29-21-14-22(30)20(13-19(21)26-23(31)7-4-12-32-26)27(38)34-25-15-24(35-36(25)17-5-2-1-3-6-17)28(39)33-16-8-10-18(37)11-9-16/h1-7,12-16,18,37H,8-11H2,(H,33,39)(H,34,38)/t16-,18-"
829,CHEMBL3652245,COc1ncc(-c2cc3c(C)nc(N)nc3n([C@H]3CC[C@@H](O)CC3)c2=O)cn1,"InChI=1S/C19H22N6O3/c1-10-14-7-15(11-8-21-19(28-2)22-9-11)17(27)25(16(14)24-18(20)23-10)12-3-5-13(26)6-4-12/h7-9,12-13,26H,3-6H2,1-2H3,(H2,20,23,24)/t12-,13+"
829,CHEMBL3652246,COc1ncc(-c2cc3c(C)nc(N)nc3n([C@H]3CC[C@H](O)CC3)c2=O)cn1,"InChI=1S/C19H22N6O3/c1-10-14-7-15(11-8-21-19(28-2)22-9-11)17(27)25(16(14)24-18(20)23-10)12-3-5-13(26)6-4-12/h7-9,12-13,26H,3-6H2,1-2H3,(H2,20,23,24)/t12-,13-"
830,CHEMBL4079078,N#Cc1ncc(F)c(N(Cc2ccc3c(c2)OCO3)[C@H]2CC[C@H](C(F)(F)F)CC2)n1,"InChI=1S/C20H18F4N4O2/c21-15-9-26-18(8-25)27-19(15)28(14-4-2-13(3-5-14)20(22,23)24)10-12-1-6-16-17(7-12)30-11-29-16/h1,6-7,9,13-14H,2-5,10-11H2/t13-,14-"
830,CHEMBL4104808,N#Cc1ncc(F)c(N(Cc2ccc3c(c2)OCO3)[C@H]2CC[C@@H](C(F)(F)F)CC2)n1,"InChI=1S/C20H18F4N4O2/c21-15-9-26-18(8-25)27-19(15)28(14-4-2-13(3-5-14)20(22,23)24)10-12-1-6-16-17(7-12)30-11-29-16/h1,6-7,9,13-14H,2-5,10-11H2/t13-,14+"
831,CHEMBL3946617,CC(=O)N[C@H]1C[C@H](N2CCc3c(-c4cnc(N)nc4)nc(N4CCOCC4)nc32)C1,"InChI=1S/C20H26N8O2/c1-12(29)24-14-8-15(9-14)28-3-2-16-17(13-10-22-19(21)23-11-13)25-20(26-18(16)28)27-4-6-30-7-5-27/h10-11,14-15H,2-9H2,1H3,(H,24,29)(H2,21,22,23)/t14-,15-"
831,CHEMBL3982689,CC(=O)N[C@H]1C[C@@H](N2CCc3c(-c4cnc(N)nc4)nc(N4CCOCC4)nc32)C1,"InChI=1S/C20H26N8O2/c1-12(29)24-14-8-15(9-14)28-3-2-16-17(13-10-22-19(21)23-11-13)25-20(26-18(16)28)27-4-6-30-7-5-27/h10-11,14-15H,2-9H2,1H3,(H,24,29)(H2,21,22,23)/t14-,15+"
832,CHEMBL1771131,CC(C)c1cc(C#N)cc2nc(-c3ccc(C(=O)NC[C@H]4CC[C@@H](c5cc(C(F)(F)F)cc(C(F)(F)F)c5)CC4)cc3)oc12,"InChI=1S/C33H29F6N3O2/c1-18(2)27-11-20(16-40)12-28-29(27)44-31(42-28)23-9-7-22(8-10-23)30(43)41-17-19-3-5-21(6-4-19)24-13-25(32(34,35)36)15-26(14-24)33(37,38)39/h7-15,18-19,21H,3-6,17H2,1-2H3,(H,41,43)/t19-,21+"
832,CHEMBL1771132,CC(C)c1cc(C#N)cc2nc(-c3ccc(C(=O)NC[C@H]4CC[C@H](c5cc(C(F)(F)F)cc(C(F)(F)F)c5)CC4)cc3)oc12,"InChI=1S/C33H29F6N3O2/c1-18(2)27-11-20(16-40)12-28-29(27)44-31(42-28)23-9-7-22(8-10-23)30(43)41-17-19-3-5-21(6-4-19)24-13-25(32(34,35)36)15-26(14-24)33(37,38)39/h7-15,18-19,21H,3-6,17H2,1-2H3,(H,41,43)/t19-,21-"
833,CHEMBL16581,CCCCNC(=O)O[C@H]1CC[C@@](CNC(=O)c2ccccc2OC)(c2ccccc2)CC1,"InChI=1S/C26H34N2O4/c1-3-4-18-27-25(30)32-21-14-16-26(17-15-21,20-10-6-5-7-11-20)19-28-24(29)22-12-8-9-13-23(22)31-2/h5-13,21H,3-4,14-19H2,1-2H3,(H,27,30)(H,28,29)/t21-,26+"
833,CHEMBL277287,CCCCNC(=O)O[C@H]1CC[C@](CNC(=O)c2ccccc2OC)(c2ccccc2)CC1,"InChI=1S/C26H34N2O4/c1-3-4-18-27-25(30)32-21-14-16-26(17-15-21,20-10-6-5-7-11-20)19-28-24(29)22-12-8-9-13-23(22)31-2/h5-13,21H,3-4,14-19H2,1-2H3,(H,27,30)(H,28,29)/t21-,26-"
834,CHEMBL2414694,CC(C)(C)[C@H]1CC[C@@H](N2CCOc3ncnc(N)c3C2=O)CC1,"InChI=1S/C17H26N4O2/c1-17(2,3)11-4-6-12(7-5-11)21-8-9-23-15-13(16(21)22)14(18)19-10-20-15/h10-12H,4-9H2,1-3H3,(H2,18,19,20)/t11-,12+"
834,CHEMBL2414695,CC(C)(C)[C@H]1CC[C@H](N2CCOc3ncnc(N)c3C2=O)CC1,"InChI=1S/C17H26N4O2/c1-17(2,3)11-4-6-12(7-5-11)21-8-9-23-15-13(16(21)22)14(18)19-10-20-15/h10-12H,4-9H2,1-3H3,(H2,18,19,20)/t11-,12-"
835,CHEMBL3674727,N#CCC(=O)N1CCN(c2cccc3c2ccn3-c2ccnc(N[C@H]3CC[C@H](O)CC3)n2)CC1,"InChI=1S/C25H29N7O2/c26-11-8-24(34)31-16-14-30(15-17-31)21-2-1-3-22-20(21)10-13-32(22)23-9-12-27-25(29-23)28-18-4-6-19(33)7-5-18/h1-3,9-10,12-13,18-19,33H,4-8,14-17H2,(H,27,28,29)/t18-,19-"
835,CHEMBL3674729,N#CCC(=O)N1CCN(c2cccc3c2ccn3-c2ccnc(N[C@H]3CC[C@@H](O)CC3)n2)CC1,"InChI=1S/C25H29N7O2/c26-11-8-24(34)31-16-14-30(15-17-31)21-2-1-3-22-20(21)10-13-32(22)23-9-12-27-25(29-23)28-18-4-6-19(33)7-5-18/h1-3,9-10,12-13,18-19,33H,4-8,14-17H2,(H,27,28,29)/t18-,19+"
836,CHEMBL2178943,Cc1nc(C)c(-c2ccc([C@H]3CC[C@H](CC(=O)O)CC3)c(Cl)c2)nc1C(N)=O,"InChI=1S/C21H24ClN3O3/c1-11-19(25-20(21(23)28)12(2)24-11)15-7-8-16(17(22)10-15)14-5-3-13(4-6-14)9-18(26)27/h7-8,10,13-14H,3-6,9H2,1-2H3,(H2,23,28)(H,26,27)/t13-,14-"
836,CHEMBL2178946,Cc1nc(C)c(-c2ccc([C@H]3CC[C@@H](CC(=O)O)CC3)c(Cl)c2)nc1C(N)=O,"InChI=1S/C21H24ClN3O3/c1-11-19(25-20(21(23)28)12(2)24-11)15-7-8-16(17(22)10-15)14-5-3-13(4-6-14)9-18(26)27/h7-8,10,13-14H,3-6,9H2,1-2H3,(H2,23,28)(H,26,27)/t13-,14+"
837,CHEMBL178267,Fc1ccc2[nH]cc([C@H]3CC[C@H](N4CCN(c5cccc6[nH]ccc56)CC4)CC3)c2c1,"InChI=1S/C26H29FN4/c27-19-6-9-25-22(16-19)23(17-29-25)18-4-7-20(8-5-18)30-12-14-31(15-13-30)26-3-1-2-24-21(26)10-11-28-24/h1-3,6,9-11,16-18,20,28-29H,4-5,7-8,12-15H2/t18-,20-"
837,CHEMBL359495,Fc1ccc2[nH]cc([C@H]3CC[C@@H](N4CCN(c5cccc6[nH]ccc56)CC4)CC3)c2c1,"InChI=1S/C26H29FN4/c27-19-6-9-25-22(16-19)23(17-29-25)18-4-7-20(8-5-18)30-12-14-31(15-13-30)26-3-1-2-24-21(26)10-11-28-24/h1-3,6,9-11,16-18,20,28-29H,4-5,7-8,12-15H2/t18-,20+"
838,CHEMBL210591,C[C@@H](OC[C@]1(c2ccccc2)C[C@](N)(C(N)=O)C1)c1cc(C(F)(F)F)cc(C(F)(F)F)c1,"InChI=1S/C22H22F6N2O2/c1-13(14-7-16(21(23,24)25)9-17(8-14)22(26,27)28)32-12-19(15-5-3-2-4-6-15)10-20(30,11-19)18(29)31/h2-9,13H,10-12,30H2,1H3,(H2,29,31)/t13-,19-,20+/m1/s1"
838,CHEMBL210641,C[C@@H](OC[C@]1(c2ccccc2)C[C@@](N)(C(N)=O)C1)c1cc(C(F)(F)F)cc(C(F)(F)F)c1,"InChI=1S/C22H22F6N2O2/c1-13(14-7-16(21(23,24)25)9-17(8-14)22(26,27)28)32-12-19(15-5-3-2-4-6-15)10-20(30,11-19)18(29)31/h2-9,13H,10-12,30H2,1H3,(H2,29,31)/t13-,19-,20-/m1/s1"
839,CHEMBL242737,C[C@H]1CC[C@@H](NCc2ccc3c(c2)Cc2c(-c4ccc(C(=O)O)cc4)n[nH]c2-3)CC1,"InChI=1S/C25H27N3O2/c1-15-2-9-20(10-3-15)26-14-16-4-11-21-19(12-16)13-22-23(27-28-24(21)22)17-5-7-18(8-6-17)25(29)30/h4-8,11-12,15,20,26H,2-3,9-10,13-14H2,1H3,(H,27,28)(H,29,30)/t15-,20+"
839,CHEMBL395752,C[C@H]1CC[C@H](NCc2ccc3c(c2)Cc2c(-c4ccc(C(=O)O)cc4)n[nH]c2-3)CC1,"InChI=1S/C25H27N3O2/c1-15-2-9-20(10-3-15)26-14-16-4-11-21-19(12-16)13-22-23(27-28-24(21)22)17-5-7-18(8-6-17)25(29)30/h4-8,11-12,15,20,26H,2-3,9-10,13-14H2,1H3,(H,27,28)(H,29,30)/t15-,20-"
840,CHEMBL3698165,O=C1O[C@]2(CCN1[C@H](c1ccc(Br)cc1)C1CC1)CC[C@@H](O)CC2,"InChI=1S/C19H24BrNO3/c20-15-5-3-14(4-6-15)17(13-1-2-13)21-12-11-19(24-18(21)23)9-7-16(22)8-10-19/h3-6,13,16-17,22H,1-2,7-12H2/t16-,17-,19-/m0/s1"
840,CHEMBL3698230,O=C1O[C@]2(CCN1[C@H](c1ccc(Br)cc1)C1CC1)CC[C@H](O)CC2,"InChI=1S/C19H24BrNO3/c20-15-5-3-14(4-6-15)17(13-1-2-13)21-12-11-19(24-18(21)23)9-7-16(22)8-10-19/h3-6,13,16-17,22H,1-2,7-12H2/t16-,17-,19+/m0/s1"
841,CHEMBL231274,COc1c(C)cc(/C(=C\CCCc2nnc(C)o2)c2cccc(C#N)c2)cc1C(=O)SC,"InChI=1S/C25H25N3O3S/c1-16-12-20(14-22(24(16)30-3)25(29)32-4)21(19-9-7-8-18(13-19)15-26)10-5-6-11-23-28-27-17(2)31-23/h7-10,12-14H,5-6,11H2,1-4H3/b21-10-"
841,CHEMBL231377,COc1c(C)cc(/C(=C/CCCc2nnc(C)o2)c2cccc(C#N)c2)cc1C(=O)SC,"InChI=1S/C25H25N3O3S/c1-16-12-20(14-22(24(16)30-3)25(29)32-4)21(19-9-7-8-18(13-19)15-26)10-5-6-11-23-28-27-17(2)31-23/h7-10,12-14H,5-6,11H2,1-4H3/b21-10+"
842,CHEMBL3586563,CO[C@H]1CC[C@@H](N2CC(=O)Nc3ncc(-c4ccc(-c5nc[nH]n5)nc4C)nc32)CC1,"InChI=1S/C21H24N8O2/c1-12-15(7-8-16(25-12)19-23-11-24-28-19)17-9-22-20-21(26-17)29(10-18(30)27-20)13-3-5-14(31-2)6-4-13/h7-9,11,13-14H,3-6,10H2,1-2H3,(H,22,27,30)(H,23,24,28)/t13-,14+"
842,CHEMBL3586564,CO[C@H]1CC[C@H](N2CC(=O)Nc3ncc(-c4ccc(-c5nc[nH]n5)nc4C)nc32)CC1,"InChI=1S/C21H24N8O2/c1-12-15(7-8-16(25-12)19-23-11-24-28-19)17-9-22-20-21(26-17)29(10-18(30)27-20)13-3-5-14(31-2)6-4-13/h7-9,11,13-14H,3-6,10H2,1-2H3,(H,22,27,30)(H,23,24,28)/t13-,14-"
843,CHEMBL1760895,CCN(C(C)=O)c1ccc(OC)c2nc(NC(=O)[C@H]3CC[C@H](NC(=O)c4cccc(C(F)(F)F)c4)CC3)sc12,"InChI=1S/C27H29F3N4O4S/c1-4-34(15(2)35)20-12-13-21(38-3)22-23(20)39-26(32-22)33-24(36)16-8-10-19(11-9-16)31-25(37)17-6-5-7-18(14-17)27(28,29)30/h5-7,12-14,16,19H,4,8-11H2,1-3H3,(H,31,37)(H,32,33,36)/t16-,19-"
843,CHEMBL1760898,CCN(C(C)=O)c1ccc(OC)c2nc(NC(=O)[C@H]3CC[C@@H](NC(=O)c4cccc(C(F)(F)F)c4)CC3)sc12,"InChI=1S/C27H29F3N4O4S/c1-4-34(15(2)35)20-12-13-21(38-3)22-23(20)39-26(32-22)33-24(36)16-8-10-19(11-9-16)31-25(37)17-6-5-7-18(14-17)27(28,29)30/h5-7,12-14,16,19H,4,8-11H2,1-3H3,(H,31,37)(H,32,33,36)/t16-,19+"
844,CHEMBL2114191,C[C@@H](NC(=O)[C@]1(C(F)(F)F)C[C@](C)(Cl)C1)c1ccc(Br)cc1,"InChI=1S/C15H16BrClF3NO/c1-9(10-3-5-11(16)6-4-10)21-12(22)14(15(18,19)20)7-13(2,17)8-14/h3-6,9H,7-8H2,1-2H3,(H,21,22)/t9-,13-,14-/m1/s1"
844,CHEMBL2251874,C[C@@H](NC(=O)[C@]1(C(F)(F)F)C[C@@](C)(Cl)C1)c1ccc(Br)cc1,"InChI=1S/C15H16BrClF3NO/c1-9(10-3-5-11(16)6-4-10)21-12(22)14(15(18,19)20)7-13(2,17)8-14/h3-6,9H,7-8H2,1-2H3,(H,21,22)/t9-,13-,14+/m1/s1"
845,CHEMBL84851,c1ccc(N2CCN(C[C@H]3CC[C@@H](c4c[nH]c5ccccc54)CC3)CC2)nc1,"InChI=1S/C24H30N4/c1-2-6-23-21(5-1)22(17-26-23)20-10-8-19(9-11-20)18-27-13-15-28(16-14-27)24-7-3-4-12-25-24/h1-7,12,17,19-20,26H,8-11,13-16,18H2/t19-,20+"
845,CHEMBL87504,c1ccc(N2CCN(C[C@H]3CC[C@H](c4c[nH]c5ccccc54)CC3)CC2)nc1,"InChI=1S/C24H30N4/c1-2-6-23-21(5-1)22(17-26-23)20-10-8-19(9-11-20)18-27-13-15-28(16-14-27)24-7-3-4-12-25-24/h1-7,12,17,19-20,26H,8-11,13-16,18H2/t19-,20-"
846,CHEMBL3961156,CN1Cc2c(C3=CCN([C@H]4CC[C@@H](C(=O)O)CC4)CC3)[nH]c3ncc(F)c(c23)-c2ccccc21,"InChI=1S/C27H29FN4O2/c1-31-15-20-24-23(19-4-2-3-5-22(19)31)21(28)14-29-26(24)30-25(20)16-10-12-32(13-11-16)18-8-6-17(7-9-18)27(33)34/h2-5,10,14,17-18H,6-9,11-13,15H2,1H3,(H,29,30)(H,33,34)/t17-,18+"
846,CHEMBL3982885,CN1Cc2c(C3=CCN([C@H]4CC[C@H](C(=O)O)CC4)CC3)[nH]c3ncc(F)c(c23)-c2ccccc21,"InChI=1S/C27H29FN4O2/c1-31-15-20-24-23(19-4-2-3-5-22(19)31)21(28)14-29-26(24)30-25(20)16-10-12-32(13-11-16)18-8-6-17(7-9-18)27(33)34/h2-5,10,14,17-18H,6-9,11-13,15H2,1H3,(H,29,30)(H,33,34)/t17-,18-"
847,CHEMBL413100,COc1cccc2c1CCN([C@H]1CC[C@H](c3c[nH]c4ccc(C#N)cc43)CC1)C2,"InChI=1S/C25H27N3O/c1-29-25-4-2-3-19-16-28(12-11-21(19)25)20-8-6-18(7-9-20)23-15-27-24-10-5-17(14-26)13-22(23)24/h2-5,10,13,15,18,20,27H,6-9,11-12,16H2,1H3/t18-,20-"
847,CHEMBL54917,COc1cccc2c1CCN([C@H]1CC[C@@H](c3c[nH]c4ccc(C#N)cc43)CC1)C2,"InChI=1S/C25H27N3O/c1-29-25-4-2-3-19-16-28(12-11-21(19)25)20-8-6-18(7-9-20)23-15-27-24-10-5-17(14-26)13-22(23)24/h2-5,10,13,15,18,20,27H,6-9,11-12,16H2,1H3/t18-,20+"
848,CHEMBL3822468,CC/C(=C(\c1ccc(O)cc1)c1ccc(NC(=O)C(C)C)cc1)c1ccc(Cl)cc1Cl,"InChI=1S/C26H25Cl2NO2/c1-4-22(23-14-9-19(27)15-24(23)28)25(18-7-12-21(30)13-8-18)17-5-10-20(11-6-17)29-26(31)16(2)3/h5-16,30H,4H2,1-3H3,(H,29,31)/b25-22+"
848,CHEMBL3823423,CC/C(=C(/c1ccc(O)cc1)c1ccc(NC(=O)C(C)C)cc1)c1ccc(Cl)cc1Cl,"InChI=1S/C26H25Cl2NO2/c1-4-22(23-14-9-19(27)15-24(23)28)25(18-7-12-21(30)13-8-18)17-5-10-20(11-6-17)29-26(31)16(2)3/h5-16,30H,4H2,1-3H3,(H,29,31)/b25-22-"
849,CHEMBL3955253,CCOc1ccc(C[C@H]2C[C@@H](C(=O)NO)C2)cc1-c1nc2c(CC)nn(C)c2c(=O)[nH]1,"InChI=1S/C22H27N5O4/c1-4-16-18-19(27(3)25-16)22(29)24-20(23-18)15-11-12(6-7-17(15)31-5-2)8-13-9-14(10-13)21(28)26-30/h6-7,11,13-14,30H,4-5,8-10H2,1-3H3,(H,26,28)(H,23,24,29)/t13-,14+"
849,CHEMBL3982024,CCOc1ccc(C[C@H]2C[C@H](C(=O)NO)C2)cc1-c1nc2c(CC)nn(C)c2c(=O)[nH]1,"InChI=1S/C22H27N5O4/c1-4-16-18-19(27(3)25-16)22(29)24-20(23-18)15-11-12(6-7-17(15)31-5-2)8-13-9-14(10-13)21(28)26-30/h6-7,11,13-14,30H,4-5,8-10H2,1-3H3,(H,26,28)(H,23,24,29)/t13-,14-"
850,CHEMBL2160030,CN[C@H]1CC[C@@H](N(Cc2cccc(-c3ccncc3)c2)C(=O)c2sc3cccc(Cl)c3c2Cl)CC1,"InChI=1S/C28H27Cl2N3OS/c1-31-21-8-10-22(11-9-21)33(17-18-4-2-5-20(16-18)19-12-14-32-15-13-19)28(34)27-26(30)25-23(29)6-3-7-24(25)35-27/h2-7,12-16,21-22,31H,8-11,17H2,1H3/t21-,22+"
850,CHEMBL2160031,CN[C@H]1CC[C@H](N(Cc2cccc(-c3ccncc3)c2)C(=O)c2sc3cccc(Cl)c3c2Cl)CC1,"InChI=1S/C28H27Cl2N3OS/c1-31-21-8-10-22(11-9-21)33(17-18-4-2-5-20(16-18)19-12-14-32-15-13-19)28(34)27-26(30)25-23(29)6-3-7-24(25)35-27/h2-7,12-16,21-22,31H,8-11,17H2,1H3/t21-,22-"
851,CHEMBL1185552,c1ccc2c(c1)c1cc[n+]2CCCCC[n+]2ccc(c3ccccc32)NCCCCCN1,"InChI=1S/C28H32N4/c1-7-17-29-25-15-21-31(27-13-5-3-11-23(25)27)19-9-2-10-20-32-22-16-26(30-18-8-1)24-12-4-6-14-28(24)32/h3-6,11-16,21-22H,1-2,7-10,17-20H2/p+2/b29-25-,30-26+"
851,CHEMBL185463,c1ccc2c(c1)c1cc[n+]2CCCCC[n+]2ccc(c3ccccc32)NCCCCCN1,"InChI=1S/C28H32N4/c1-7-17-29-25-15-21-31(27-13-5-3-11-23(25)27)19-9-2-10-20-32-22-16-26(30-18-8-1)24-12-4-6-14-28(24)32/h3-6,11-16,21-22H,1-2,7-10,17-20H2/p+2/b29-25+,30-26+"
852,CHEMBL1927576,C=CCN[C@H]1CC[C@@H](c2ccc(CCCCCCCC)cc2)CC1,"InChI=1S/C23H37N/c1-3-5-6-7-8-9-10-20-11-13-21(14-12-20)22-15-17-23(18-16-22)24-19-4-2/h4,11-14,22-24H,2-3,5-10,15-19H2,1H3/t22-,23+"
852,CHEMBL1927577,C=CCN[C@H]1CC[C@H](c2ccc(CCCCCCCC)cc2)CC1,"InChI=1S/C23H37N/c1-3-5-6-7-8-9-10-20-11-13-21(14-12-20)22-15-17-23(18-16-22)24-19-4-2/h4,11-14,22-24H,2-3,5-10,15-19H2,1H3/t22-,23-"
853,CHEMBL2375365,COc1ncc(-c2cc3c(C)nc(N)nc3n([C@H]3CC[C@H](OCO)CC3)c2=O)cn1,"InChI=1S/C20H24N6O4/c1-11-15-7-16(12-8-22-20(29-2)23-9-12)18(28)26(17(15)25-19(21)24-11)13-3-5-14(6-4-13)30-10-27/h7-9,13-14,27H,3-6,10H2,1-2H3,(H2,21,24,25)/t13-,14-"
853,CHEMBL2376093,COc1ncc(-c2cc3c(C)nc(N)nc3n([C@H]3CC[C@@H](OCO)CC3)c2=O)cn1,"InChI=1S/C20H24N6O4/c1-11-15-7-16(12-8-22-20(29-2)23-9-12)18(28)26(17(15)25-19(21)24-11)13-3-5-14(6-4-13)30-10-27/h7-9,13-14,27H,3-6,10H2,1-2H3,(H2,21,24,25)/t13-,14+"
854,CHEMBL4076727,O[C@]1(Cc2cc(-c3cn[nH]c3)on2)CC[C@H](Cc2ccc(Cl)cc2)CC1,"InChI=1S/C20H22ClN3O2/c21-17-3-1-14(2-4-17)9-15-5-7-20(25,8-6-15)11-18-10-19(26-24-18)16-12-22-23-13-16/h1-4,10,12-13,15,25H,5-9,11H2,(H,22,23)/t15-,20+"
854,CHEMBL4085797,O[C@]1(Cc2cc(-c3cn[nH]c3)on2)CC[C@@H](Cc2ccc(Cl)cc2)CC1,"InChI=1S/C20H22ClN3O2/c21-17-3-1-14(2-4-17)9-15-5-7-20(25,8-6-15)11-18-10-19(26-24-18)16-12-22-23-13-16/h1-4,10,12-13,15,25H,5-9,11H2,(H,22,23)/t15-,20-"
855,CHEMBL3698216,CC[C@@H](c1ccc(OC)cc1)N1CC[C@]2(CC[C@@H](O)CC2)OC1=O,"InChI=1S/C19H27NO4/c1-3-17(14-4-6-16(23-2)7-5-14)20-13-12-19(24-18(20)22)10-8-15(21)9-11-19/h4-7,15,17,21H,3,8-13H2,1-2H3/t15-,17-,19-/m0/s1"
855,CHEMBL3698253,CC[C@@H](c1ccc(OC)cc1)N1CC[C@]2(CC[C@H](O)CC2)OC1=O,"InChI=1S/C19H27NO4/c1-3-17(14-4-6-16(23-2)7-5-14)20-13-12-19(24-18(20)22)10-8-15(21)9-11-19/h4-7,15,17,21H,3,8-13H2,1-2H3/t15-,17-,19+/m0/s1"
856,CHEMBL3397521,CCCCc1cc(-c2ccc(OC)cc2)cc(C(=O)N[C@H]2CC[C@H](C)CC2)c1OC,"InChI=1S/C26H35NO3/c1-5-6-7-20-16-21(19-10-14-23(29-3)15-11-19)17-24(25(20)30-4)26(28)27-22-12-8-18(2)9-13-22/h10-11,14-18,22H,5-9,12-13H2,1-4H3,(H,27,28)/t18-,22-"
856,CHEMBL3397522,CCCCc1cc(-c2ccc(OC)cc2)cc(C(=O)N[C@H]2CC[C@@H](C)CC2)c1OC,"InChI=1S/C26H35NO3/c1-5-6-7-20-16-21(19-10-14-23(29-3)15-11-19)17-24(25(20)30-4)26(28)27-22-12-8-18(2)9-13-22/h10-11,14-18,22H,5-9,12-13H2,1-4H3,(H,27,28)/t18-,22+"
857,CHEMBL3915995,O=C(N[C@H]1C[C@H](O)C1)c1cc(NC(=O)c2cc(-c3ncccc3F)c(F)cc2Cl)n(-c2ccccc2)n1,"InChI=1S/C26H20ClF2N5O3/c27-19-12-21(29)18(24-20(28)7-4-8-30-24)11-17(19)25(36)32-23-13-22(26(37)31-14-9-16(35)10-14)33-34(23)15-5-2-1-3-6-15/h1-8,11-14,16,35H,9-10H2,(H,31,37)(H,32,36)/t14-,16-"
857,CHEMBL3930930,O=C(N[C@H]1C[C@@H](O)C1)c1cc(NC(=O)c2cc(-c3ncccc3F)c(F)cc2Cl)n(-c2ccccc2)n1,"InChI=1S/C26H20ClF2N5O3/c27-19-12-21(29)18(24-20(28)7-4-8-30-24)11-17(19)25(36)32-23-13-22(26(37)31-14-9-16(35)10-14)33-34(23)15-5-2-1-3-6-15/h1-8,11-14,16,35H,9-10H2,(H,31,37)(H,32,36)/t14-,16+"
858,CHEMBL32172,CC/C(=C(\c1ccc(OCCN(C)C)cc1)c1ccc(OS(N)(=O)=O)cc1)c1ccccc1,"InChI=1S/C26H30N2O4S/c1-4-25(20-8-6-5-7-9-20)26(22-12-16-24(17-13-22)32-33(27,29)30)21-10-14-23(15-11-21)31-19-18-28(2)3/h5-17H,4,18-19H2,1-3H3,(H2,27,29,30)/b26-25-"
858,CHEMBL33862,CC/C(=C(/c1ccc(OCCN(C)C)cc1)c1ccc(OS(N)(=O)=O)cc1)c1ccccc1,"InChI=1S/C26H30N2O4S/c1-4-25(20-8-6-5-7-9-20)26(22-12-16-24(17-13-22)32-33(27,29)30)21-10-14-23(15-11-21)31-19-18-28(2)3/h5-17H,4,18-19H2,1-3H3,(H2,27,29,30)/b26-25+"
859,CHEMBL2069541,[N-]=C=[Se].[Na+],InChI=1S/CNSe.Na/c2-1-3;/q-1;+1
859,CHEMBL448089,N#C[Se-].[Na+],InChI=1S/CHNSe.Na/c2-1-3;/h3H;/q;+1/p-1
860,CHEMBL3917164,O=C(O)[C@H]1CC[C@H](n2nc(Oc3c(Cl)cccc3Cl)c3ccccc32)CC1,"InChI=1S/C20H18Cl2N2O3/c21-15-5-3-6-16(22)18(15)27-19-14-4-1-2-7-17(14)24(23-19)13-10-8-12(9-11-13)20(25)26/h1-7,12-13H,8-11H2,(H,25,26)/t12-,13-"
860,CHEMBL3929988,O=C(O)[C@H]1CC[C@@H](n2nc(Oc3c(Cl)cccc3Cl)c3ccccc32)CC1,"InChI=1S/C20H18Cl2N2O3/c21-15-5-3-6-16(22)18(15)27-19-14-4-1-2-7-17(14)24(23-19)13-10-8-12(9-11-13)20(25)26/h1-7,12-13H,8-11H2,(H,25,26)/t12-,13+"
861,CHEMBL1951775,O=C(CNC(=O)c1cccc(C(F)(F)F)c1)N[C@@H]1CCN([C@H]2CC[C@@](O)(c3ccnnc3)CC2)C1,"InChI=1S/C24H28F3N5O3/c25-24(26,27)17-3-1-2-16(12-17)22(34)28-14-21(33)31-19-7-11-32(15-19)20-4-8-23(35,9-5-20)18-6-10-29-30-13-18/h1-3,6,10,12-13,19-20,35H,4-5,7-9,11,14-15H2,(H,28,34)(H,31,33)/t19-,20-,23-/m1/s1"
861,CHEMBL1951787,O=C(CNC(=O)c1cccc(C(F)(F)F)c1)N[C@@H]1CCN([C@H]2CC[C@](O)(c3ccnnc3)CC2)C1,"InChI=1S/C24H28F3N5O3/c25-24(26,27)17-3-1-2-16(12-17)22(34)28-14-21(33)31-19-7-11-32(15-19)20-4-8-23(35,9-5-20)18-6-10-29-30-13-18/h1-3,6,10,12-13,19-20,35H,4-5,7-9,11,14-15H2,(H,28,34)(H,31,33)/t19-,20-,23+/m1/s1"
862,CHEMBL3898330,O=C(N[C@H]1C[C@H](CO)C1)c1cc(NC(=O)c2cc(-c3ncccc3F)ccc2Cl)n(-c2ccccc2)n1,"InChI=1S/C27H23ClFN5O3/c28-21-9-8-17(25-22(29)7-4-10-30-25)13-20(21)26(36)32-24-14-23(27(37)31-18-11-16(12-18)15-35)33-34(24)19-5-2-1-3-6-19/h1-10,13-14,16,18,35H,11-12,15H2,(H,31,37)(H,32,36)/t16-,18-"
862,CHEMBL3964908,O=C(N[C@H]1C[C@@H](CO)C1)c1cc(NC(=O)c2cc(-c3ncccc3F)ccc2Cl)n(-c2ccccc2)n1,"InChI=1S/C27H23ClFN5O3/c28-21-9-8-17(25-22(29)7-4-10-30-25)13-20(21)26(36)32-24-14-23(27(37)31-18-11-16(12-18)15-35)33-34(24)19-5-2-1-3-6-19/h1-10,13-14,16,18,35H,11-12,15H2,(H,31,37)(H,32,36)/t16-,18+"
863,CHEMBL3907337,CN([C@H]1C[C@H](N2CCc3c(-c4cnc(N)nc4)nc(N4CCOCC4)nc32)C1)S(C)(=O)=O,"InChI=1S/C20H28N8O3S/c1-26(32(2,29)30)14-9-15(10-14)28-4-3-16-17(13-11-22-19(21)23-12-13)24-20(25-18(16)28)27-5-7-31-8-6-27/h11-12,14-15H,3-10H2,1-2H3,(H2,21,22,23)/t14-,15-"
863,CHEMBL3955349,CN([C@H]1C[C@@H](N2CCc3c(-c4cnc(N)nc4)nc(N4CCOCC4)nc32)C1)S(C)(=O)=O,"InChI=1S/C20H28N8O3S/c1-26(32(2,29)30)14-9-15(10-14)28-4-3-16-17(13-11-22-19(21)23-12-13)24-20(25-18(16)28)27-5-7-31-8-6-27/h11-12,14-15H,3-10H2,1-2H3,(H2,21,22,23)/t14-,15+"
864,CHEMBL2386633,C[C@@H](O)c1nc2cnc3[nH]ccc3c2n1[C@H]1CC[C@H](C#N)CC1,"InChI=1S/C17H19N5O/c1-10(23)17-21-14-9-20-16-13(6-7-19-16)15(14)22(17)12-4-2-11(8-18)3-5-12/h6-7,9-12,23H,2-5H2,1H3,(H,19,20)/t10-,11-,12-/m1/s1"
864,CHEMBL2386634,C[C@@H](O)c1nc2cnc3[nH]ccc3c2n1[C@H]1CC[C@@H](C#N)CC1,"InChI=1S/C17H19N5O/c1-10(23)17-21-14-9-20-16-13(6-7-19-16)15(14)22(17)12-4-2-11(8-18)3-5-12/h6-7,9-12,23H,2-5H2,1H3,(H,19,20)/t10-,11-,12+/m1/s1"
865,CHEMBL4060154,N[C@H]1CC[C@@H](CCNc2cc(F)c(S(=O)(=O)Nc3nccs3)cc2Cl)CC1,"InChI=1S/C17H22ClFN4O2S2/c18-13-9-16(27(24,25)23-17-22-7-8-26-17)14(19)10-15(13)21-6-5-11-1-3-12(20)4-2-11/h7-12,21H,1-6,20H2,(H,22,23)/t11-,12+"
865,CHEMBL4080712,N[C@H]1CC[C@H](CCNc2cc(F)c(S(=O)(=O)Nc3nccs3)cc2Cl)CC1,"InChI=1S/C17H22ClFN4O2S2/c18-13-9-16(27(24,25)23-17-22-7-8-26-17)14(19)10-15(13)21-6-5-11-1-3-12(20)4-2-11/h7-12,21H,1-6,20H2,(H,22,23)/t11-,12-"
866,CHEMBL3896120,CCc1c(C(=O)NCc2c(C)cc(C)[nH]c2=O)cc(Cl)cc1N(CC)[C@H]1CC[C@H](N(C)C)CC1,"InChI=1S/C27H39ClN4O2/c1-7-22-23(26(33)29-16-24-17(3)13-18(4)30-27(24)34)14-19(28)15-25(22)32(8-2)21-11-9-20(10-12-21)31(5)6/h13-15,20-21H,7-12,16H2,1-6H3,(H,29,33)(H,30,34)/t20-,21-"
866,CHEMBL3957571,CCc1c(C(=O)NCc2c(C)cc(C)[nH]c2=O)cc(Cl)cc1N(CC)[C@H]1CC[C@@H](N(C)C)CC1,"InChI=1S/C27H39ClN4O2/c1-7-22-23(26(33)29-16-24-17(3)13-18(4)30-27(24)34)14-19(28)15-25(22)32(8-2)21-11-9-20(10-12-21)31(5)6/h13-15,20-21H,7-12,16H2,1-6H3,(H,29,33)(H,30,34)/t20-,21+"
867,CHEMBL3906263,c1ccc(CCN[C@H]2CC[C@H](c3nnn4cnc5[nH]ccc5c34)CC2)cc1,"InChI=1S/C21H24N6/c1-2-4-15(5-3-1)10-12-22-17-8-6-16(7-9-17)19-20-18-11-13-23-21(18)24-14-27(20)26-25-19/h1-5,11,13-14,16-17,22-23H,6-10,12H2/t16-,17-"
867,CHEMBL3934814,c1ccc(CCN[C@H]2CC[C@@H](c3nnn4cnc5[nH]ccc5c34)CC2)cc1,"InChI=1S/C21H24N6/c1-2-4-15(5-3-1)10-12-22-17-8-6-16(7-9-17)19-20-18-11-13-23-21(18)24-14-27(20)26-25-19/h1-5,11,13-14,16-17,22-23H,6-10,12H2/t16-,17+"
868,CHEMBL3901072,O=C(O)c1ccc(-c2cnc(N3CCOCC3)c3nc([C@H]4C[C@@H](c5ccc6ccccc6n5)C4)cn23)cc1,"InChI=1S/C30H27N5O3/c36-30(37)21-7-5-20(6-8-21)27-17-31-28(34-11-13-38-14-12-34)29-33-26(18-35(27)29)23-15-22(16-23)25-10-9-19-3-1-2-4-24(19)32-25/h1-10,17-18,22-23H,11-16H2,(H,36,37)/t22-,23+"
868,CHEMBL3910121,O=C(O)c1ccc(-c2cnc(N3CCOCC3)c3nc([C@H]4C[C@H](c5ccc6ccccc6n5)C4)cn23)cc1,"InChI=1S/C30H27N5O3/c36-30(37)21-7-5-20(6-8-21)27-17-31-28(34-11-13-38-14-12-34)29-33-26(18-35(27)29)23-15-22(16-23)25-10-9-19-3-1-2-4-24(19)32-25/h1-10,17-18,22-23H,11-16H2,(H,36,37)/t22-,23-"
869,CHEMBL3891449,O=C(N[C@H]1CC[C@H](c2ccc(NC(=O)N3Cc4ccncc4C3)cc2)CC1)C1CCCCC1,"InChI=1S/C27H34N4O2/c32-26(21-4-2-1-3-5-21)29-24-10-6-19(7-11-24)20-8-12-25(13-9-20)30-27(33)31-17-22-14-15-28-16-23(22)18-31/h8-9,12-16,19,21,24H,1-7,10-11,17-18H2,(H,29,32)(H,30,33)/t19-,24-"
869,CHEMBL3927873,O=C(N[C@H]1CC[C@@H](c2ccc(NC(=O)N3Cc4ccncc4C3)cc2)CC1)C1CCCCC1,"InChI=1S/C27H34N4O2/c32-26(21-4-2-1-3-5-21)29-24-10-6-19(7-11-24)20-8-12-25(13-9-20)30-27(33)31-17-22-14-15-28-16-23(22)18-31/h8-9,12-16,19,21,24H,1-7,10-11,17-18H2,(H,29,32)(H,30,33)/t19-,24+"
870,CHEMBL360140,Fc1ccc2[nH]cc([C@H]3CC[C@@H](N4CCN(c5cccc6c5OCCO6)CC4)CC3)c2c1,"InChI=1S/C26H30FN3O2/c27-19-6-9-23-21(16-19)22(17-28-23)18-4-7-20(8-5-18)29-10-12-30(13-11-29)24-2-1-3-25-26(24)32-15-14-31-25/h1-3,6,9,16-18,20,28H,4-5,7-8,10-15H2/t18-,20+"
870,CHEMBL361526,Fc1ccc2[nH]cc([C@H]3CC[C@H](N4CCN(c5cccc6c5OCCO6)CC4)CC3)c2c1,"InChI=1S/C26H30FN3O2/c27-19-6-9-23-21(16-19)22(17-28-23)18-4-7-20(8-5-18)29-10-12-30(13-11-29)24-2-1-3-25-26(24)32-15-14-31-25/h1-3,6,9,16-18,20,28H,4-5,7-8,10-15H2/t18-,20-"
871,CHEMBL2403319,CC(C)(C)C#Cc1cc(N(C(=O)[C@H]2CC[C@H](C)CC2)[C@H]2CC[C@@H](O)CC2)c(C(=O)O)s1,"InChI=1S/C25H35NO4S/c1-16-5-7-17(8-6-16)23(28)26(18-9-11-19(27)12-10-18)21-15-20(13-14-25(2,3)4)31-22(21)24(29)30/h15-19,27H,5-12H2,1-4H3,(H,29,30)/t16-,17-,18-,19+"
871,CHEMBL3039503,CC(C)(C)C#Cc1cc(N(C(=O)[C@H]2CC[C@H](C)CC2)[C@H]2CC[C@H](O)CC2)c(C(=O)O)s1,"InChI=1S/C25H35NO4S/c1-16-5-7-17(8-6-16)23(28)26(18-9-11-19(27)12-10-18)21-15-20(13-14-25(2,3)4)31-22(21)24(29)30/h15-19,27H,5-12H2,1-4H3,(H,29,30)/t16-,17-,18-,19-"
872,CHEMBL4107217,CC(C)N(C[C@H]1O[C@@H](n2cnc3c(N)ncnc32)[C@H](O)[C@@H]1O)[C@H]1C[C@H](CCc2nc3cc(OC(F)(F)F)ccc3[nH]2)C1,"InChI=1S/C27H33F3N8O4/c1-13(2)37(10-19-22(39)23(40)26(41-19)38-12-34-21-24(31)32-11-33-25(21)38)15-7-14(8-15)3-6-20-35-17-5-4-16(9-18(17)36-20)42-27(28,29)30/h4-5,9,11-15,19,22-23,26,39-40H,3,6-8,10H2,1-2H3,(H,35,36)(H2,31,32,33)/t14-,15-,19-,22-,23-,26-/m1/s1"
872,CHEMBL4108783,CC(C)N(C[C@H]1O[C@@H](n2cnc3c(N)ncnc32)[C@H](O)[C@@H]1O)[C@H]1C[C@@H](CCc2nc3cc(OC(F)(F)F)ccc3[nH]2)C1,"InChI=1S/C27H33F3N8O4/c1-13(2)37(10-19-22(39)23(40)26(41-19)38-12-34-21-24(31)32-11-33-25(21)38)15-7-14(8-15)3-6-20-35-17-5-4-16(9-18(17)36-20)42-27(28,29)30/h4-5,9,11-15,19,22-23,26,39-40H,3,6-8,10H2,1-2H3,(H,35,36)(H2,31,32,33)/t14-,15+,19-,22-,23-,26-/m1/s1"
873,CHEMBL458361,COc1ccc([C@H]2CC[C@H](N3CCN(c4ccccn4)CC3)CC2)cc1,"InChI=1S/C22H29N3O/c1-26-21-11-7-19(8-12-21)18-5-9-20(10-6-18)24-14-16-25(17-15-24)22-4-2-3-13-23-22/h2-4,7-8,11-13,18,20H,5-6,9-10,14-17H2,1H3/t18-,20-"
873,CHEMBL485929,COc1ccc([C@H]2CC[C@@H](N3CCN(c4ccccn4)CC3)CC2)cc1,"InChI=1S/C22H29N3O/c1-26-21-11-7-19(8-12-21)18-5-9-20(10-6-18)24-14-16-25(17-15-24)22-4-2-3-13-23-22/h2-4,7-8,11-13,18,20H,5-6,9-10,14-17H2,1H3/t18-,20+"
874,CHEMBL3797983,COc1ccc(-c2cc(Cc3ccc(F)cc3)c(OC)c(C(=O)N[C@H]3CC[C@H](C)CC3)c2)cc1,"InChI=1S/C29H32FNO3/c1-19-4-12-25(13-5-19)31-29(32)27-18-22(21-8-14-26(33-2)15-9-21)17-23(28(27)34-3)16-20-6-10-24(30)11-7-20/h6-11,14-15,17-19,25H,4-5,12-13,16H2,1-3H3,(H,31,32)/t19-,25-"
874,CHEMBL3799538,COc1ccc(-c2cc(Cc3ccc(F)cc3)c(OC)c(C(=O)N[C@H]3CC[C@@H](C)CC3)c2)cc1,"InChI=1S/C29H32FNO3/c1-19-4-12-25(13-5-19)31-29(32)27-18-22(21-8-14-26(33-2)15-9-21)17-23(28(27)34-3)16-20-6-10-24(30)11-7-20/h6-11,14-15,17-19,25H,4-5,12-13,16H2,1-3H3,(H,31,32)/t19-,25+"
875,CHEMBL169947,C[C@H]1CC[C@@H](N2CCC3(CC2)C(=O)NCN3c2ccccc2)CC1,"InChI=1S/C20H29N3O/c1-16-7-9-17(10-8-16)22-13-11-20(12-14-22)19(24)21-15-23(20)18-5-3-2-4-6-18/h2-6,16-17H,7-15H2,1H3,(H,21,24)/t16-,17+"
875,CHEMBL352490,C[C@H]1CC[C@H](N2CCC3(CC2)C(=O)NCN3c2ccccc2)CC1,"InChI=1S/C20H29N3O/c1-16-7-9-17(10-8-16)22-13-11-20(12-14-22)19(24)21-15-23(20)18-5-3-2-4-6-18/h2-6,16-17H,7-15H2,1H3,(H,21,24)/t16-,17-"
876,CHEMBL3697415,CC(=O)N[C@H]1CC[C@@H](N(C)c2cc(-c3ccc(CN4CCOCC4)cc3)cc(C(=O)NCc3c(C)cc(C)[nH]c3=O)c2C)CC1,"InChI=1S/C36H47N5O4/c1-23-18-24(2)38-36(44)33(23)21-37-35(43)32-19-29(28-8-6-27(7-9-28)22-41-14-16-45-17-15-41)20-34(25(32)3)40(5)31-12-10-30(11-13-31)39-26(4)42/h6-9,18-20,30-31H,10-17,21-22H2,1-5H3,(H,37,43)(H,38,44)(H,39,42)/t30-,31+"
876,CHEMBL3697416,CC(=O)N[C@H]1CC[C@H](N(C)c2cc(-c3ccc(CN4CCOCC4)cc3)cc(C(=O)NCc3c(C)cc(C)[nH]c3=O)c2C)CC1,"InChI=1S/C36H47N5O4/c1-23-18-24(2)38-36(44)33(23)21-37-35(43)32-19-29(28-8-6-27(7-9-28)22-41-14-16-45-17-15-41)20-34(25(32)3)40(5)31-12-10-30(11-13-31)39-26(4)42/h6-9,18-20,30-31H,10-17,21-22H2,1-5H3,(H,37,43)(H,38,44)(H,39,42)/t30-,31-"
877,CHEMBL3827072,C[C@]1(O)C[C@](c2cccc(C(F)(F)F)c2)([C@H](O)c2ccccn2)C1,"InChI=1S/C18H18F3NO2/c1-16(24)10-17(11-16,15(23)14-7-2-3-8-22-14)12-5-4-6-13(9-12)18(19,20)21/h2-9,15,23-24H,10-11H2,1H3/t15-,16-,17-/m1/s1"
877,CHEMBL3827863,C[C@]1(O)C[C@@](c2cccc(C(F)(F)F)c2)([C@H](O)c2ccccn2)C1,"InChI=1S/C18H18F3NO2/c1-16(24)10-17(11-16,15(23)14-7-2-3-8-22-14)12-5-4-6-13(9-12)18(19,20)21/h2-9,15,23-24H,10-11H2,1H3/t15-,16-,17+/m1/s1"
878,CHEMBL1927564,CCCCCCCCc1ccc([C@H]2CC[C@@H](NCCC)CC2)cc1,"InChI=1S/C23H39N/c1-3-5-6-7-8-9-10-20-11-13-21(14-12-20)22-15-17-23(18-16-22)24-19-4-2/h11-14,22-24H,3-10,15-19H2,1-2H3/t22-,23+"
878,CHEMBL1927565,CCCCCCCCc1ccc([C@H]2CC[C@H](NCCC)CC2)cc1,"InChI=1S/C23H39N/c1-3-5-6-7-8-9-10-20-11-13-21(14-12-20)22-15-17-23(18-16-22)24-19-4-2/h11-14,22-24H,3-10,15-19H2,1-2H3/t22-,23-"
879,CHEMBL237783,CN(C)C(=O)[C@@H]([C@H]1CC[C@@H](c2cccc3ncnn32)CC1)[C@H](N)C(=O)N1CCC(F)(F)C1,"InChI=1S/C22H30F2N6O2/c1-28(2)20(31)18(19(25)21(32)29-11-10-22(23,24)12-29)15-8-6-14(7-9-15)16-4-3-5-17-26-13-27-30(16)17/h3-5,13-15,18-19H,6-12,25H2,1-2H3/t14-,15+,18-,19-/m0/s1"
879,CHEMBL237997,CN(C)C(=O)[C@@H]([C@H]1CC[C@H](c2cccc3ncnn32)CC1)[C@H](N)C(=O)N1CCC(F)(F)C1,"InChI=1S/C22H30F2N6O2/c1-28(2)20(31)18(19(25)21(32)29-11-10-22(23,24)12-29)15-8-6-14(7-9-15)16-4-3-5-17-26-13-27-30(16)17/h3-5,13-15,18-19H,6-12,25H2,1-2H3/t14-,15-,18-,19-/m0/s1"
880,CHEMBL1951772,O=C(CNC(=O)c1cccc(C(F)(F)F)c1)N[C@@H]1CCN([C@H]2CC[C@@](O)(c3ccncn3)CC2)C1,"InChI=1S/C24H28F3N5O3/c25-24(26,27)17-3-1-2-16(12-17)22(34)29-13-21(33)31-18-7-11-32(14-18)19-4-8-23(35,9-5-19)20-6-10-28-15-30-20/h1-3,6,10,12,15,18-19,35H,4-5,7-9,11,13-14H2,(H,29,34)(H,31,33)/t18-,19-,23-/m1/s1"
880,CHEMBL1951784,O=C(CNC(=O)c1cccc(C(F)(F)F)c1)N[C@@H]1CCN([C@H]2CC[C@](O)(c3ccncn3)CC2)C1,"InChI=1S/C24H28F3N5O3/c25-24(26,27)17-3-1-2-16(12-17)22(34)29-13-21(33)31-18-7-11-32(14-18)19-4-8-23(35,9-5-19)20-6-10-28-15-30-20/h1-3,6,10,12,15,18-19,35H,4-5,7-9,11,13-14H2,(H,29,34)(H,31,33)/t18-,19-,23+/m1/s1"
881,CHEMBL3577866,CC(C)C(=O)N[C@H]1CC[C@H](Nc2ncc3ccc(=O)n(C(C)C)c3n2)CC1,"InChI=1S/C20H29N5O2/c1-12(2)19(27)22-15-6-8-16(9-7-15)23-20-21-11-14-5-10-17(26)25(13(3)4)18(14)24-20/h5,10-13,15-16H,6-9H2,1-4H3,(H,22,27)(H,21,23,24)/t15-,16-"
881,CHEMBL3577870,CC(C)C(=O)N[C@H]1CC[C@@H](Nc2ncc3ccc(=O)n(C(C)C)c3n2)CC1,"InChI=1S/C20H29N5O2/c1-12(2)19(27)22-15-6-8-16(9-7-15)23-20-21-11-14-5-10-17(26)25(13(3)4)18(14)24-20/h5,10-13,15-16H,6-9H2,1-4H3,(H,22,27)(H,21,23,24)/t15-,16+"
882,CHEMBL2051751,O=NN(CCF)C(=O)N[C@H]1CC[C@@H](C(=O)O)CC1,"InChI=1S/C10H16FN3O4/c11-5-6-14(13-18)10(17)12-8-3-1-7(2-4-8)9(15)16/h7-8H,1-6H2,(H,12,17)(H,15,16)/t7-,8+"
882,CHEMBL2051942,O=NN(CCF)C(=O)N[C@H]1CC[C@H](C(=O)O)CC1,"InChI=1S/C10H16FN3O4/c11-5-6-14(13-18)10(17)12-8-3-1-7(2-4-8)9(15)16/h7-8H,1-6H2,(H,12,17)(H,15,16)/t7-,8-"
883,CHEMBL188744,CCc1nc(N)nc(N)c1-c1ccc2nn(-c3ccccc3)[n+]([O-])c2c1,"InChI=1S/C18H17N7O/c1-2-13-16(17(19)22-18(20)21-13)11-8-9-14-15(10-11)25(26)24(23-14)12-6-4-3-5-7-12/h3-10H,2H2,1H3,(H4,19,20,21,22)"
883,CHEMBL2005075,CCc1nc(N)nc(N)c1-c1ccc2n[n+](-c3ccccc3)n([O-])c2c1,"InChI=1S/C18H16N7O/c1-2-13-16(17(19)22-18(20)21-13)11-8-9-14-15(10-11)25(26)24(23-14)12-6-4-3-5-7-12/h3-10H,2H2,1H3,(H3,19,20,22)/q-1/p+1"
884,CHEMBL3426042,O=C(O)[C@H]1CC[C@@H](Nc2ncnc3ccc(-c4cncs4)cc23)CC1,"InChI=1S/C18H18N4O2S/c23-18(24)11-1-4-13(5-2-11)22-17-14-7-12(16-8-19-10-25-16)3-6-15(14)20-9-21-17/h3,6-11,13H,1-2,4-5H2,(H,23,24)(H,20,21,22)/t11-,13+"
884,CHEMBL3426043,O=C(O)[C@H]1CC[C@H](Nc2ncnc3ccc(-c4cncs4)cc23)CC1,"InChI=1S/C18H18N4O2S/c23-18(24)11-1-4-13(5-2-11)22-17-14-7-12(16-8-19-10-25-16)3-6-15(14)20-9-21-17/h3,6-11,13H,1-2,4-5H2,(H,23,24)(H,20,21,22)/t11-,13-"
885,CHEMBL4297597,CO[C@]1(C(=O)N[C@@H](C)c2ccc(-n3cc(F)cn3)nc2)CC[C@@H](c2nc(C)cc(Nc3cc(C)[nH]n3)n2)CC1,"InChI=1S/C27H32FN9O2/c1-16-11-22(33-23-12-17(2)35-36-23)34-25(31-16)19-7-9-27(39-4,10-8-19)26(38)32-18(3)20-5-6-24(29-13-20)37-15-21(28)14-30-37/h5-6,11-15,18-19H,7-10H2,1-4H3,(H,32,38)(H2,31,33,34,35,36)/t18-,19-,27-/m0/s1"
885,CHEMBL4582651,CO[C@]1(C(=O)N[C@@H](C)c2ccc(-n3cc(F)cn3)nc2)CC[C@H](c2nc(C)cc(Nc3cc(C)[nH]n3)n2)CC1,"InChI=1S/C27H32FN9O2/c1-16-11-22(33-23-12-17(2)35-36-23)34-25(31-16)19-7-9-27(39-4,10-8-19)26(38)32-18(3)20-5-6-24(29-13-20)37-15-21(28)14-30-37/h5-6,11-15,18-19H,7-10H2,1-4H3,(H,32,38)(H2,31,33,34,35,36)/t18-,19-,27+/m0/s1"
886,CHEMBL238311,O=C(Cc1ccccc1)N[C@H]1CO[C@H](c2cccc([N+](=O)[O-])c2)OC1,"InChI=1S/C18H18N2O5/c21-17(9-13-5-2-1-3-6-13)19-15-11-24-18(25-12-15)14-7-4-8-16(10-14)20(22)23/h1-8,10,15,18H,9,11-12H2,(H,19,21)/t15-,18-"
886,CHEMBL239409,O=C(Cc1ccccc1)N[C@H]1CO[C@@H](c2cccc([N+](=O)[O-])c2)OC1,"InChI=1S/C18H18N2O5/c21-17(9-13-5-2-1-3-6-13)19-15-11-24-18(25-12-15)14-7-4-8-16(10-14)20(22)23/h1-8,10,15,18H,9,11-12H2,(H,19,21)/t15-,18+"
887,CHEMBL3892865,Fc1ccc([C@H]2CC[C@@H](NCc3ccn4c(CC5CC5)nnc4c3C(F)(F)F)CC2)c(F)c1,"InChI=1S/C24H25F5N4/c25-17-5-8-19(20(26)12-17)15-3-6-18(7-4-15)30-13-16-9-10-33-21(11-14-1-2-14)31-32-23(33)22(16)24(27,28)29/h5,8-10,12,14-15,18,30H,1-4,6-7,11,13H2/t15-,18+"
887,CHEMBL3940264,Fc1ccc([C@H]2CC[C@H](NCc3ccn4c(CC5CC5)nnc4c3C(F)(F)F)CC2)c(F)c1,"InChI=1S/C24H25F5N4/c25-17-5-8-19(20(26)12-17)15-3-6-18(7-4-15)30-13-16-9-10-33-21(11-14-1-2-14)31-32-23(33)22(16)24(27,28)29/h5,8-10,12,14-15,18,30H,1-4,6-7,11,13H2/t15-,18-"
888,CHEMBL186024,CCNC(=O)c1ccc(/C(=C2/C[C@H]3CC[C@@H](C2)N3Cc2ccccn2)c2ccc(C(=O)N(C)C)cc2)cc1,"InChI=1S/C32H36N4O2/c1-4-33-31(37)24-12-8-22(9-13-24)30(23-10-14-25(15-11-23)32(38)35(2)3)26-19-28-16-17-29(20-26)36(28)21-27-7-5-6-18-34-27/h5-15,18,28-29H,4,16-17,19-21H2,1-3H3,(H,33,37)/b30-26-/t28-,29+/m0/s1"
888,CHEMBL362332,CCNC(=O)c1ccc(/C(=C2\C[C@H]3CC[C@@H](C2)N3Cc2ccccn2)c2ccc(C(=O)N(C)C)cc2)cc1,"InChI=1S/C32H36N4O2/c1-4-33-31(37)24-12-8-22(9-13-24)30(23-10-14-25(15-11-23)32(38)35(2)3)26-19-28-16-17-29(20-26)36(28)21-27-7-5-6-18-34-27/h5-15,18,28-29H,4,16-17,19-21H2,1-3H3,(H,33,37)/b30-26-/t28-,29+/m1/s1"
889,CHEMBL3900725,O=C(CC1CC1)N[C@H]1CC[C@@H](c2ccc(NC(=O)N3Cc4ccncc4C3)cc2)CC1,"InChI=1S/C25H30N4O2/c30-24(13-17-1-2-17)27-22-7-3-18(4-8-22)19-5-9-23(10-6-19)28-25(31)29-15-20-11-12-26-14-21(20)16-29/h5-6,9-12,14,17-18,22H,1-4,7-8,13,15-16H2,(H,27,30)(H,28,31)/t18-,22+"
889,CHEMBL3929954,O=C(CC1CC1)N[C@H]1CC[C@H](c2ccc(NC(=O)N3Cc4ccncc4C3)cc2)CC1,"InChI=1S/C25H30N4O2/c30-24(13-17-1-2-17)27-22-7-3-18(4-8-22)19-5-9-23(10-6-19)28-25(31)29-15-20-11-12-26-14-21(20)16-29/h5-6,9-12,14,17-18,22H,1-4,7-8,13,15-16H2,(H,27,30)(H,28,31)/t18-,22-"
890,CHEMBL3598151,O=C(c1c(Cl)cccc1C(F)(F)F)c1nc([C@H]2CC[C@H](C(=O)O)CC2)c2ccccn12,"InChI=1S/C22H18ClF3N2O3/c23-15-5-3-4-14(22(24,25)26)17(15)19(29)20-27-18(16-6-1-2-11-28(16)20)12-7-9-13(10-8-12)21(30)31/h1-6,11-13H,7-10H2,(H,30,31)/t12-,13-"
890,CHEMBL3598152,O=C(c1c(Cl)cccc1C(F)(F)F)c1nc([C@H]2CC[C@@H](C(=O)O)CC2)c2ccccn12,"InChI=1S/C22H18ClF3N2O3/c23-15-5-3-4-14(22(24,25)26)17(15)19(29)20-27-18(16-6-1-2-11-28(16)20)12-7-9-13(10-8-12)21(30)31/h1-6,11-13H,7-10H2,(H,30,31)/t12-,13+"
891,CHEMBL3644114,O=C(Nc1cccc2c1C[C@H](O)C2)N[C@H]1C[C@H](c2ccccc2)C1,"InChI=1S/C20H22N2O2/c23-17-11-14-7-4-8-19(18(14)12-17)22-20(24)21-16-9-15(10-16)13-5-2-1-3-6-13/h1-8,15-17,23H,9-12H2,(H2,21,22,24)/t15-,16-,17-/m1/s1"
891,CHEMBL3644115,O=C(Nc1cccc2c1C[C@H](O)C2)N[C@H]1C[C@@H](c2ccccc2)C1,"InChI=1S/C20H22N2O2/c23-17-11-14-7-4-8-19(18(14)12-17)22-20(24)21-16-9-15(10-16)13-5-2-1-3-6-13/h1-8,15-17,23H,9-12H2,(H2,21,22,24)/t15-,16+,17-/m1/s1"
892,CHEMBL3648552,CCCc1c(Cc2ccc(-c3ccccc3-c3nc(=O)o[nH]3)cc2)c(=O)n([C@H]2CC[C@@H](OCCO)CC2)c2ncnn12,"InChI=1S/C31H34N6O5/c1-2-5-27-26(29(39)36(30-32-19-33-37(27)30)22-12-14-23(15-13-22)41-17-16-38)18-20-8-10-21(11-9-20)24-6-3-4-7-25(24)28-34-31(40)42-35-28/h3-4,6-11,19,22-23,38H,2,5,12-18H2,1H3,(H,34,35,40)/t22-,23+"
892,CHEMBL3648553,CCCc1c(Cc2ccc(-c3ccccc3-c3nc(=O)o[nH]3)cc2)c(=O)n([C@H]2CC[C@H](OCCO)CC2)c2ncnn12,"InChI=1S/C31H34N6O5/c1-2-5-27-26(29(39)36(30-32-19-33-37(27)30)22-12-14-23(15-13-22)41-17-16-38)18-20-8-10-21(11-9-20)24-6-3-4-7-25(24)28-34-31(40)42-35-28/h3-4,6-11,19,22-23,38H,2,5,12-18H2,1H3,(H,34,35,40)/t22-,23-"
893,CHEMBL4108406,C[C@]1(O)CC[C@@H](c2cnc(N)c(-c3ccc(C(=O)N[C@H](CO)c4cccc(Cl)c4)c(F)c3)n2)CC1,"InChI=1S/C26H28ClFN4O3/c1-26(35)9-7-15(8-10-26)21-13-30-24(29)23(31-21)17-5-6-19(20(28)12-17)25(34)32-22(14-33)16-3-2-4-18(27)11-16/h2-6,11-13,15,22,33,35H,7-10,14H2,1H3,(H2,29,30)(H,32,34)/t15-,22-,26+/m1/s1"
893,CHEMBL4113510,C[C@]1(O)CC[C@H](c2cnc(N)c(-c3ccc(C(=O)N[C@H](CO)c4cccc(Cl)c4)c(F)c3)n2)CC1,"InChI=1S/C26H28ClFN4O3/c1-26(35)9-7-15(8-10-26)21-13-30-24(29)23(31-21)17-5-6-19(20(28)12-17)25(34)32-22(14-33)16-3-2-4-18(27)11-16/h2-6,11-13,15,22,33,35H,7-10,14H2,1H3,(H2,29,30)(H,32,34)/t15-,22-,26-/m1/s1"
894,CHEMBL463031,C[C@](O)(c1ccc(C(=O)N(C2CC2)[C@H]2CC[C@@H](c3ccc(C#N)cc3)CC2)cc1)C(F)(F)F,"InChI=1S/C26H27F3N2O2/c1-25(33,26(27,28)29)21-10-6-20(7-11-21)24(32)31(23-14-15-23)22-12-8-19(9-13-22)18-4-2-17(16-30)3-5-18/h2-7,10-11,19,22-23,33H,8-9,12-15H2,1H3/t19-,22+,25-/m0/s1"
894,CHEMBL511828,C[C@](O)(c1ccc(C(=O)N(C2CC2)[C@H]2CC[C@H](c3ccc(C#N)cc3)CC2)cc1)C(F)(F)F,"InChI=1S/C26H27F3N2O2/c1-25(33,26(27,28)29)21-10-6-20(7-11-21)24(32)31(23-14-15-23)22-12-8-19(9-13-22)18-4-2-17(16-30)3-5-18/h2-7,10-11,19,22-23,33H,8-9,12-15H2,1H3/t19-,22-,25-/m0/s1"
895,CHEMBL246224,N[C@H]1CO[C@@H](c2ccc([N+](=O)[O-])cc2)OC1,"InChI=1S/C10H12N2O4/c11-8-5-15-10(16-6-8)7-1-3-9(4-2-7)12(13)14/h1-4,8,10H,5-6,11H2/t8-,10+"
895,CHEMBL395463,N[C@H]1CO[C@H](c2ccc([N+](=O)[O-])cc2)OC1,"InChI=1S/C10H12N2O4/c11-8-5-15-10(16-6-8)7-1-3-9(4-2-7)12(13)14/h1-4,8,10H,5-6,11H2/t8-,10-"
896,CHEMBL2397138,CNC(=O)c1ccc(O[C@H]2CC[C@H](NC(=O)Nc3ccc(OC(F)(F)F)cc3)CC2)cc1,"InChI=1S/C22H24F3N3O4/c1-26-20(29)14-2-8-17(9-3-14)31-18-10-4-15(5-11-18)27-21(30)28-16-6-12-19(13-7-16)32-22(23,24)25/h2-3,6-9,12-13,15,18H,4-5,10-11H2,1H3,(H,26,29)(H2,27,28,30)/t15-,18-"
896,CHEMBL3353249,CNC(=O)c1ccc(O[C@H]2CC[C@@H](NC(=O)Nc3ccc(OC(F)(F)F)cc3)CC2)cc1,"InChI=1S/C22H24F3N3O4/c1-26-20(29)14-2-8-17(9-3-14)31-18-10-4-15(5-11-18)27-21(30)28-16-6-12-19(13-7-16)32-22(23,24)25/h2-3,6-9,12-13,15,18H,4-5,10-11H2,1H3,(H,26,29)(H2,27,28,30)/t15-,18+"
897,CHEMBL1097281,NC1=Nc2ccc3cc2CN1[C@H](C1CCCCC1)CCC(=O)N([C@H]1CC[C@@H](C(=O)O)CC1)CCc1cccc(c1)O3,"InChI=1S/C33H42N4O4/c34-33-35-29-14-13-28-20-25(29)21-37(33)30(23-6-2-1-3-7-23)15-16-31(38)36(26-11-9-24(10-12-26)32(39)40)18-17-22-5-4-8-27(19-22)41-28/h4-5,8,13-14,19-20,23-24,26,30H,1-3,6-7,9-12,15-18,21H2,(H2,34,35)(H,39,40)/t24-,26+,30-/m0/s1"
897,CHEMBL1097282,NC1=Nc2ccc3cc2CN1[C@H](C1CCCCC1)CCC(=O)N([C@H]1CC[C@H](C(=O)O)CC1)CCc1cccc(c1)O3,"InChI=1S/C33H42N4O4/c34-33-35-29-14-13-28-20-25(29)21-37(33)30(23-6-2-1-3-7-23)15-16-31(38)36(26-11-9-24(10-12-26)32(39)40)18-17-22-5-4-8-27(19-22)41-28/h4-5,8,13-14,19-20,23-24,26,30H,1-3,6-7,9-12,15-18,21H2,(H2,34,35)(H,39,40)/t24-,26-,30-/m0/s1"
898,CHEMBL2325085,Cc1cc2oc(N3CCC(C(=O)N[C@H]4CC[C@](C)(O)CC4)CC3)nc2cc1Cl,"InChI=1S/C21H28ClN3O3/c1-13-11-18-17(12-16(13)22)24-20(28-18)25-9-5-14(6-10-25)19(26)23-15-3-7-21(2,27)8-4-15/h11-12,14-15,27H,3-10H2,1-2H3,(H,23,26)/t15-,21-"
898,CHEMBL2325086,Cc1cc2oc(N3CCC(C(=O)N[C@H]4CC[C@@](C)(O)CC4)CC3)nc2cc1Cl,"InChI=1S/C21H28ClN3O3/c1-13-11-18-17(12-16(13)22)24-20(28-18)25-9-5-14(6-10-25)19(26)23-15-3-7-21(2,27)8-4-15/h11-12,14-15,27H,3-10H2,1-2H3,(H,23,26)/t15-,21+"
899,CHEMBL1922388,CNC(=O)C[C@@H]1NC(=O)c2csc(n2)-c2ccc(-c3nc(NC(=O)O[C@H]4C[C@@H](C(=O)O)C4)cs3)nc2-c2csc(n2)-c2csc(n2)[C@H]([C@@H](O)c2ccccc2)NC(=O)CNC(=O)c2nc(sc2COC)[C@H](C(C)C)NC(=O)c2nc1sc2C,"InChI=1S/C53H51N13O11S6/c1-22(2)37-51-66-40(33(83-51)17-76-5)44(71)55-16-36(68)63-41(42(69)24-9-7-6-8-10-24)50-60-32(20-80-50)48-58-30(18-79-48)39-27(11-12-28(56-39)47-61-34(21-81-47)62-53(75)77-26-13-25(14-26)52(73)74)46-59-31(19-78-46)43(70)57-29(15-35(67)54-4)49-65-38(23(3)82-49)45(72)64-37/h6-12,18-22,25-26,29,37,41-42,69H,13-17H2,1-5H3,(H,54,67)(H,55,71)(H,57,70)(H,62,75)(H,63,68)(H,64,72)(H,73,74)/t25-,26+,29-,37-,41-,42-/m0/s1"
899,CHEMBL1922389,CNC(=O)C[C@@H]1NC(=O)c2csc(n2)-c2ccc(-c3nc(NC(=O)O[C@H]4C[C@H](C(=O)O)C4)cs3)nc2-c2csc(n2)-c2csc(n2)[C@H]([C@@H](O)c2ccccc2)NC(=O)CNC(=O)c2nc(sc2COC)[C@H](C(C)C)NC(=O)c2nc1sc2C,"InChI=1S/C53H51N13O11S6/c1-22(2)37-51-66-40(33(83-51)17-76-5)44(71)55-16-36(68)63-41(42(69)24-9-7-6-8-10-24)50-60-32(20-80-50)48-58-30(18-79-48)39-27(11-12-28(56-39)47-61-34(21-81-47)62-53(75)77-26-13-25(14-26)52(73)74)46-59-31(19-78-46)43(70)57-29(15-35(67)54-4)49-65-38(23(3)82-49)45(72)64-37/h6-12,18-22,25-26,29,37,41-42,69H,13-17H2,1-5H3,(H,54,67)(H,55,71)(H,57,70)(H,62,75)(H,63,68)(H,64,72)(H,73,74)/t25-,26-,29-,37-,41-,42-/m0/s1"
900,CHEMBL2021494,C[C@@](O)(c1ccc(C(=O)N(C2CC2)[C@H]2CC[C@H](CC#N)CC2)cc1)C(F)(F)F,"InChI=1S/C21H25F3N2O2/c1-20(28,21(22,23)24)16-6-4-15(5-7-16)19(27)26(18-10-11-18)17-8-2-14(3-9-17)12-13-25/h4-7,14,17-18,28H,2-3,8-12H2,1H3/t14-,17-,20-/m1/s1"
900,CHEMBL2021501,C[C@@](O)(c1ccc(C(=O)N(C2CC2)[C@H]2CC[C@@H](CC#N)CC2)cc1)C(F)(F)F,"InChI=1S/C21H25F3N2O2/c1-20(28,21(22,23)24)16-6-4-15(5-7-16)19(27)26(18-10-11-18)17-8-2-14(3-9-17)12-13-25/h4-7,14,17-18,28H,2-3,8-12H2,1H3/t14-,17+,20-/m1/s1"
901,CHEMBL243793,O=C(Nc1ccc(OC(F)(F)F)cc1)N[C@H]1CC[C@H](Oc2cccc(C(=O)O)c2)CC1,"InChI=1S/C21H21F3N2O5/c22-21(23,24)31-17-10-6-15(7-11-17)26-20(29)25-14-4-8-16(9-5-14)30-18-3-1-2-13(12-18)19(27)28/h1-3,6-7,10-12,14,16H,4-5,8-9H2,(H,27,28)(H2,25,26,29)/t14-,16-"
901,CHEMBL244002,O=C(Nc1ccc(OC(F)(F)F)cc1)N[C@H]1CC[C@@H](Oc2cccc(C(=O)O)c2)CC1,"InChI=1S/C21H21F3N2O5/c22-21(23,24)31-17-10-6-15(7-11-17)26-20(29)25-14-4-8-16(9-5-14)30-18-3-1-2-13(12-18)19(27)28/h1-3,6-7,10-12,14,16H,4-5,8-9H2,(H,27,28)(H2,25,26,29)/t14-,16+"
902,CHEMBL2203922,C[C@H]1COc2c(NC(=O)[C@H]3CC[C@H](COc4ccccc4)CC3)c(F)cc3c(=O)c(C(=O)O)cn1c23,"InChI=1S/C27H27FN2O6/c1-15-13-36-25-22(21(28)11-19-23(25)30(15)12-20(24(19)31)27(33)34)29-26(32)17-9-7-16(8-10-17)14-35-18-5-3-2-4-6-18/h2-6,11-12,15-17H,7-10,13-14H2,1H3,(H,29,32)(H,33,34)/t15-,16-,17-/m0/s1"
902,CHEMBL2203926,C[C@H]1COc2c(NC(=O)[C@H]3CC[C@@H](COc4ccccc4)CC3)c(F)cc3c(=O)c(C(=O)O)cn1c23,"InChI=1S/C27H27FN2O6/c1-15-13-36-25-22(21(28)11-19-23(25)30(15)12-20(24(19)31)27(33)34)29-26(32)17-9-7-16(8-10-17)14-35-18-5-3-2-4-6-18/h2-6,11-12,15-17H,7-10,13-14H2,1H3,(H,29,32)(H,33,34)/t15-,16-,17+/m0/s1"
903,CHEMBL4279192,CN(C)[C@H]1CC[C@H](Nc2ncnc3[nH]cc([C@H]4CC[C@H](C(N)=O)CC4)c23)CC1,"InChI=1S/C21H32N6O/c1-27(2)16-9-7-15(8-10-16)26-21-18-17(11-23-20(18)24-12-25-21)13-3-5-14(6-4-13)19(22)28/h11-16H,3-10H2,1-2H3,(H2,22,28)(H2,23,24,25,26)/t13-,14-,15-,16-"
903,CHEMBL4292700,CN(C)[C@H]1CC[C@H](Nc2ncnc3[nH]cc([C@H]4CC[C@@H](C(N)=O)CC4)c23)CC1,"InChI=1S/C21H32N6O/c1-27(2)16-9-7-15(8-10-16)26-21-18-17(11-23-20(18)24-12-25-21)13-3-5-14(6-4-13)19(22)28/h11-16H,3-10H2,1-2H3,(H2,22,28)(H2,23,24,25,26)/t13-,14+,15-,16-"
904,CHEMBL3647529,CN(C)C/C=C/C(=O)N1CC[C@]2(C1)C[C@@H](n1nc(-c3ccc(Oc4ccccc4)cn3)c3c(N)ncnc31)C2,"InChI=1S/C29H32N8O2/c1-35(2)13-6-9-24(38)36-14-12-29(18-36)15-20(16-29)37-28-25(27(30)32-19-33-28)26(34-37)23-11-10-22(17-31-23)39-21-7-4-3-5-8-21/h3-11,17,19-20H,12-16,18H2,1-2H3,(H2,30,32,33)/b9-6+/t20-,29+"
904,CHEMBL3647530,CN(C)C/C=C/C(=O)N1CC[C@]2(C1)C[C@H](n1nc(-c3ccc(Oc4ccccc4)cn3)c3c(N)ncnc31)C2,"InChI=1S/C29H32N8O2/c1-35(2)13-6-9-24(38)36-14-12-29(18-36)15-20(16-29)37-28-25(27(30)32-19-33-28)26(34-37)23-11-10-22(17-31-23)39-21-7-4-3-5-8-21/h3-11,17,19-20H,12-16,18H2,1-2H3,(H2,30,32,33)/b9-6+/t20-,29-"
905,CHEMBL2261150,C[N+](C)(C)[C@H]1CO[C@@H](C(c2ccccc2)c2ccccc2)OC1.[I-],"InChI=1S/C20H26NO2.HI/c1-21(2,3)18-14-22-20(23-15-18)19(16-10-6-4-7-11-16)17-12-8-5-9-13-17;/h4-13,18-20H,14-15H2,1-3H3;1H/q+1;/p-1/t18-,20+;"
905,CHEMBL2261151,C[N+](C)(C)[C@H]1CO[C@H](C(c2ccccc2)c2ccccc2)OC1.[I-],"InChI=1S/C20H26NO2.HI/c1-21(2,3)18-14-22-20(23-15-18)19(16-10-6-4-7-11-16)17-12-8-5-9-13-17;/h4-13,18-20H,14-15H2,1-3H3;1H/q+1;/p-1/t18-,20-;"
906,CHEMBL4207785,CC(C)CCN[C@H]1CC[C@H](n2cc(-c3ccc(Oc4ccccc4)cc3)c3c(N)ncnc32)CC1,"InChI=1S/C29H35N5O/c1-20(2)16-17-31-22-10-12-23(13-11-22)34-18-26(27-28(30)32-19-33-29(27)34)21-8-14-25(15-9-21)35-24-6-4-3-5-7-24/h3-9,14-15,18-20,22-23,31H,10-13,16-17H2,1-2H3,(H2,30,32,33)/t22-,23-"
906,CHEMBL4213372,CC(C)CCN[C@H]1CC[C@@H](n2cc(-c3ccc(Oc4ccccc4)cc3)c3c(N)ncnc32)CC1,"InChI=1S/C29H35N5O/c1-20(2)16-17-31-22-10-12-23(13-11-22)34-18-26(27-28(30)32-19-33-29(27)34)21-8-14-25(15-9-21)35-24-6-4-3-5-7-24/h3-9,14-15,18-20,22-23,31H,10-13,16-17H2,1-2H3,(H2,30,32,33)/t22-,23+"
907,CHEMBL460933,C[C@](O)(c1ccc(C(=O)N(C2CC2)[C@H]2CC[C@](O)(c3ccccc3)CC2)cc1)C(F)(F)F,"InChI=1S/C25H28F3NO3/c1-23(31,25(26,27)28)18-9-7-17(8-10-18)22(30)29(20-11-12-20)21-13-15-24(32,16-14-21)19-5-3-2-4-6-19/h2-10,20-21,31-32H,11-16H2,1H3/t21-,23-,24+/m0/s1"
907,CHEMBL516674,C[C@](O)(c1ccc(C(=O)N(C2CC2)[C@H]2CC[C@@](O)(c3ccccc3)CC2)cc1)C(F)(F)F,"InChI=1S/C25H28F3NO3/c1-23(31,25(26,27)28)18-9-7-17(8-10-18)22(30)29(20-11-12-20)21-13-15-24(32,16-14-21)19-5-3-2-4-6-19/h2-10,20-21,31-32H,11-16H2,1H3/t21-,23-,24-/m0/s1"
908,CHEMBL2251862,C[C@@H](NC(=O)[C@]1(C)C[C@](Cl)(CCl)C1)c1ccc(Br)cc1,"InChI=1S/C15H18BrCl2NO/c1-10(11-3-5-12(16)6-4-11)19-13(20)14(2)7-15(18,8-14)9-17/h3-6,10H,7-9H2,1-2H3,(H,19,20)/t10-,14-,15-/m1/s1"
908,CHEMBL2251863,C[C@@H](NC(=O)[C@]1(C)C[C@@](Cl)(CCl)C1)c1ccc(Br)cc1,"InChI=1S/C15H18BrCl2NO/c1-10(11-3-5-12(16)6-4-11)19-13(20)14(2)7-15(18,8-14)9-17/h3-6,10H,7-9H2,1-2H3,(H,19,20)/t10-,14-,15+/m1/s1"
909,CHEMBL3669191,O=C(O[C@H]1CC[C@@H](OC(=O)c2cc(O)c(O)c(O)c2)CC1)c1cc(O)c(O)c(O)c1,"InChI=1S/C20H20O10/c21-13-5-9(6-14(22)17(13)25)19(27)29-11-1-2-12(4-3-11)30-20(28)10-7-15(23)18(26)16(24)8-10/h5-8,11-12,21-26H,1-4H2/t11-,12+"
909,CHEMBL3669192,O=C(O[C@H]1CC[C@H](OC(=O)c2cc(O)c(O)c(O)c2)CC1)c1cc(O)c(O)c(O)c1,"InChI=1S/C20H20O10/c21-13-5-9(6-14(22)17(13)25)19(27)29-11-1-2-12(4-3-11)30-20(28)10-7-15(23)18(26)16(24)8-10/h5-8,11-12,21-26H,1-4H2/t11-,12-"
910,CHEMBL228496,O=S(=O)(N[C@H]1CC[C@@H](N2CCC(c3ccccc3OCC(F)(F)F)CC2)CC1)c1cccc(OC(F)F)c1,"InChI=1S/C26H31F5N2O4S/c27-25(28)37-21-4-3-5-22(16-21)38(34,35)32-19-8-10-20(11-9-19)33-14-12-18(13-15-33)23-6-1-2-7-24(23)36-17-26(29,30)31/h1-7,16,18-20,25,32H,8-15,17H2/t19-,20+"
910,CHEMBL228553,O=S(=O)(N[C@H]1CC[C@H](N2CCC(c3ccccc3OCC(F)(F)F)CC2)CC1)c1cccc(OC(F)F)c1,"InChI=1S/C26H31F5N2O4S/c27-25(28)37-21-4-3-5-22(16-21)38(34,35)32-19-8-10-20(11-9-19)33-14-12-18(13-15-33)23-6-1-2-7-24(23)36-17-26(29,30)31/h1-7,16,18-20,25,32H,8-15,17H2/t19-,20-"
911,CHEMBL1940947,CCNC(=O)c1noc(-c2cc(C(C)C)c(O)cc2O)c1NC(=O)[C@H]1CC[C@@H](CO)CC1,"InChI=1S/C23H31N3O6/c1-4-24-23(31)20-19(25-22(30)14-7-5-13(11-27)6-8-14)21(32-26-20)16-9-15(12(2)3)17(28)10-18(16)29/h9-10,12-14,27-29H,4-8,11H2,1-3H3,(H,24,31)(H,25,30)/t13-,14+"
911,CHEMBL1940948,CCNC(=O)c1noc(-c2cc(C(C)C)c(O)cc2O)c1NC(=O)[C@H]1CC[C@H](CO)CC1,"InChI=1S/C23H31N3O6/c1-4-24-23(31)20-19(25-22(30)14-7-5-13(11-27)6-8-14)21(32-26-20)16-9-15(12(2)3)17(28)10-18(16)29/h9-10,12-14,27-29H,4-8,11H2,1-3H3,(H,24,31)(H,25,30)/t13-,14-"
912,CHEMBL3927520,Nc1ncc(-c2nc(N3CCOCC3)nc3c2CCN3[C@H]2C[C@H](F)C2)cn1,"InChI=1S/C18H22FN7O/c19-12-7-13(8-12)26-2-1-14-15(11-9-21-17(20)22-10-11)23-18(24-16(14)26)25-3-5-27-6-4-25/h9-10,12-13H,1-8H2,(H2,20,21,22)/t12-,13-"
912,CHEMBL3959593,Nc1ncc(-c2nc(N3CCOCC3)nc3c2CCN3[C@H]2C[C@@H](F)C2)cn1,"InChI=1S/C18H22FN7O/c19-12-7-13(8-12)26-2-1-14-15(11-9-21-17(20)22-10-11)23-18(24-16(14)26)25-3-5-27-6-4-25/h9-10,12-13H,1-8H2,(H2,20,21,22)/t12-,13+"
913,CHEMBL2016732,CN(C(=O)Nc1ccn(-c2ccccc2F)n1)[C@H]1CC[C@]2(CC1)OC(=O)c1ccccc12,"InChI=1S/C24H23FN4O3/c1-28(23(31)26-21-12-15-29(27-21)20-9-5-4-8-19(20)25)16-10-13-24(14-11-16)18-7-3-2-6-17(18)22(30)32-24/h2-9,12,15-16H,10-11,13-14H2,1H3,(H,26,27,31)/t16-,24+"
913,CHEMBL2016733,CN(C(=O)Nc1ccn(-c2ccccc2F)n1)[C@H]1CC[C@@]2(CC1)OC(=O)c1ccccc12,"InChI=1S/C24H23FN4O3/c1-28(23(31)26-21-12-15-29(27-21)20-9-5-4-8-19(20)25)16-10-13-24(14-11-16)18-7-3-2-6-17(18)22(30)32-24/h2-9,12,15-16H,10-11,13-14H2,1H3,(H,26,27,31)/t16-,24-"
914,CHEMBL391868,Nc1nccn2c1c(-c1cccc(OCc3ccccc3)c1)nc2[C@H]1C[C@@H](C(N)=O)C1,"InChI=1S/C24H23N5O2/c25-22-21-20(16-7-4-8-19(13-16)31-14-15-5-2-1-3-6-15)28-24(29(21)10-9-27-22)18-11-17(12-18)23(26)30/h1-10,13,17-18H,11-12,14H2,(H2,25,27)(H2,26,30)/t17-,18+"
914,CHEMBL393517,Nc1nccn2c1c(-c1cccc(OCc3ccccc3)c1)nc2[C@H]1C[C@H](C(N)=O)C1,"InChI=1S/C24H23N5O2/c25-22-21-20(16-7-4-8-19(13-16)31-14-15-5-2-1-3-6-15)28-24(29(21)10-9-27-22)18-11-17(12-18)23(26)30/h1-10,13,17-18H,11-12,14H2,(H2,25,27)(H2,26,30)/t17-,18-"
915,CHEMBL1329455,CCOC(=O)[N-]c1c[n+](N2CCOCC2)no1,"InChI=1S/C9H14N4O4/c1-2-16-9(14)10-8-7-13(11-17-8)12-3-5-15-6-4-12/h7H,2-6H2,1H3"
915,CHEMBL4059924,CCOC(=O)/N=c1\c[n+](N2CCOCC2)[n-]o1,"InChI=1S/C9H14N4O4/c1-2-16-9(14)10-8-7-13(11-17-8)12-3-5-15-6-4-12/h7H,2-6H2,1H3/b10-8+"
916,CHEMBL481112,CCn1cc([C@H]2CC[C@H](N3CCN(c4cccc5[nH]ccc45)CC3)CC2)c2cc(C#N)ccc21,"InChI=1S/C29H33N5/c1-2-32-20-26(25-18-21(19-30)6-11-29(25)32)22-7-9-23(10-8-22)33-14-16-34(17-15-33)28-5-3-4-27-24(28)12-13-31-27/h3-6,11-13,18,20,22-23,31H,2,7-10,14-17H2,1H3/t22-,23-"
916,CHEMBL493684,CCn1cc([C@H]2CC[C@@H](N3CCN(c4cccc5[nH]ccc45)CC3)CC2)c2cc(C#N)ccc21,"InChI=1S/C29H33N5/c1-2-32-20-26(25-18-21(19-30)6-11-29(25)32)22-7-9-23(10-8-22)33-14-16-34(17-15-33)28-5-3-4-27-24(28)12-13-31-27/h3-6,11-13,18,20,22-23,31H,2,7-10,14-17H2,1H3/t22-,23+"
917,CHEMBL1951768,O=C(CNC(=O)c1cccc(C(F)(F)F)c1)N[C@@H]1CCN([C@H]2CC[C@@](O)(c3ccccn3)CC2)C1,"InChI=1S/C25H29F3N4O3/c26-25(27,28)18-5-3-4-17(14-18)23(34)30-15-22(33)31-19-9-13-32(16-19)20-7-10-24(35,11-8-20)21-6-1-2-12-29-21/h1-6,12,14,19-20,35H,7-11,13,15-16H2,(H,30,34)(H,31,33)/t19-,20-,24-/m1/s1"
917,CHEMBL1951780,O=C(CNC(=O)c1cccc(C(F)(F)F)c1)N[C@@H]1CCN([C@H]2CC[C@](O)(c3ccccn3)CC2)C1,"InChI=1S/C25H29F3N4O3/c26-25(27,28)18-5-3-4-17(14-18)23(34)30-15-22(33)31-19-9-13-32(16-19)20-7-10-24(35,11-8-20)21-6-1-2-12-29-21/h1-6,12,14,19-20,35H,7-11,13,15-16H2,(H,30,34)(H,31,33)/t19-,20-,24+/m1/s1"
918,CHEMBL3922061,N#CC[C@]1(n2cc(C(N)=O)c(Nc3ccc(S(=O)(=O)C(F)F)cc3)n2)CC[C@@H](N)CC1,"InChI=1S/C19H22F2N6O3S/c20-18(21)31(29,30)14-3-1-13(2-4-14)25-17-15(16(24)28)11-27(26-17)19(9-10-22)7-5-12(23)6-8-19/h1-4,11-12,18H,5-9,23H2,(H2,24,28)(H,25,26)/t12-,19+"
918,CHEMBL3946403,N#CC[C@]1(n2cc(C(N)=O)c(Nc3ccc(S(=O)(=O)C(F)F)cc3)n2)CC[C@H](N)CC1,"InChI=1S/C19H22F2N6O3S/c20-18(21)31(29,30)14-3-1-13(2-4-14)25-17-15(16(24)28)11-27(26-17)19(9-10-22)7-5-12(23)6-8-19/h1-4,11-12,18H,5-9,23H2,(H2,24,28)(H,25,26)/t12-,19-"
919,CHEMBL3906015,CC1(C)OC(=O)N([C@H]2CC[C@H](c3cnc(N)c(C4=NCCCN4)c3)CC2)[C@H]1c1ccccc1,"InChI=1S/C26H33N5O2/c1-26(2)22(18-7-4-3-5-8-18)31(25(32)33-26)20-11-9-17(10-12-20)19-15-21(23(27)30-16-19)24-28-13-6-14-29-24/h3-5,7-8,15-17,20,22H,6,9-14H2,1-2H3,(H2,27,30)(H,28,29)/t17-,20-,22-/m0/s1"
919,CHEMBL3909569,CC1(C)OC(=O)N([C@H]2CC[C@@H](c3cnc(N)c(C4=NCCCN4)c3)CC2)[C@H]1c1ccccc1,"InChI=1S/C26H33N5O2/c1-26(2)22(18-7-4-3-5-8-18)31(25(32)33-26)20-11-9-17(10-12-20)19-15-21(23(27)30-16-19)24-28-13-6-14-29-24/h3-5,7-8,15-17,20,22H,6,9-14H2,1-2H3,(H2,27,30)(H,28,29)/t17-,20+,22-/m0/s1"
920,CHEMBL4278244,CC(=O)Nc1ccc2c(OC(=O)[C@H]3[C@@H](c4ccccc4)[C@H](C(=O)O)[C@@H]3c3ccccc3)cccc2c1,"InChI=1S/C30H25NO5/c1-18(32)31-22-15-16-23-21(17-22)13-8-14-24(23)36-30(35)28-25(19-9-4-2-5-10-19)27(29(33)34)26(28)20-11-6-3-7-12-20/h2-17,25-28H,1H3,(H,31,32)(H,33,34)/t25-,26-,27-,28-/m0/s1"
920,CHEMBL4288922,CC(=O)Nc1ccc2c(OC(=O)[C@H]3[C@@H](c4ccccc4)[C@@H](C(=O)O)[C@@H]3c3ccccc3)cccc2c1,"InChI=1S/C30H25NO5/c1-18(32)31-22-15-16-23-21(17-22)13-8-14-24(23)36-30(35)28-25(19-9-4-2-5-10-19)27(29(33)34)26(28)20-11-6-3-7-12-20/h2-17,25-28H,1H3,(H,31,32)(H,33,34)/t25-,26-,27-,28+/m0/s1"
921,CHEMBL3828294,C[C@]1(O)C[C@@](c2cccc(OC(F)(F)F)c2)([C@H](O)c2ccccn2)C1,"InChI=1S/C18H18F3NO3/c1-16(24)10-17(11-16,15(23)14-7-2-3-8-22-14)12-5-4-6-13(9-12)25-18(19,20)21/h2-9,15,23-24H,10-11H2,1H3/t15-,16-,17+/m1/s1"
921,CHEMBL3828699,C[C@]1(O)C[C@](c2cccc(OC(F)(F)F)c2)([C@H](O)c2ccccn2)C1,"InChI=1S/C18H18F3NO3/c1-16(24)10-17(11-16,15(23)14-7-2-3-8-22-14)12-5-4-6-13(9-12)25-18(19,20)21/h2-9,15,23-24H,10-11H2,1H3/t15-,16-,17-/m1/s1"
922,CHEMBL2316210,O=C(CNc1nncc2ccc(C(F)(F)F)cc12)NC1CN([C@H]2CC[C@@](O)(c3cncs3)CC2)C1,"InChI=1S/C23H25F3N6O2S/c24-23(25,26)15-2-1-14-8-29-31-21(18(14)7-15)28-10-20(33)30-16-11-32(12-16)17-3-5-22(34,6-4-17)19-9-27-13-35-19/h1-2,7-9,13,16-17,34H,3-6,10-12H2,(H,28,31)(H,30,33)/t17-,22-"
922,CHEMBL3659042,O=C(CNc1nncc2ccc(C(F)(F)F)cc12)NC1CN([C@H]2CC[C@](O)(c3cncs3)CC2)C1,"InChI=1S/C23H25F3N6O2S/c24-23(25,26)15-2-1-14-8-29-31-21(18(14)7-15)28-10-20(33)30-16-11-32(12-16)17-3-5-22(34,6-4-17)19-9-27-13-35-19/h1-2,7-9,13,16-17,34H,3-6,10-12H2,(H,28,31)(H,30,33)/t17-,22+"
923,CHEMBL1967746,C[C@H]1CC[C@H](NC(=O)N(CCCl)N=O)CC1,"InChI=1S/C10H18ClN3O2/c1-8-2-4-9(5-3-8)12-10(15)14(13-16)7-6-11/h8-9H,2-7H2,1H3,(H,12,15)/t8-,9-"
923,CHEMBL2051944,C[C@H]1CC[C@@H](NC(=O)N(CCCl)N=O)CC1,"InChI=1S/C10H18ClN3O2/c1-8-2-4-9(5-3-8)12-10(15)14(13-16)7-6-11/h8-9H,2-7H2,1H3,(H,12,15)/t8-,9+"
924,CHEMBL3900461,O=C(N[C@H]1CC[C@@H](C(=O)O)CC1)N1CC[C@](c2ccc(C(OCc3c(F)cccc3F)(C(F)(F)F)C(F)(F)F)cc2)(S(=O)(=O)c2ccc(F)cc2)C1,"InChI=1S/C34H31F9N2O6S/c35-23-10-14-25(15-11-23)52(49,50)31(16-17-45(19-31)30(48)44-24-12-4-20(5-13-24)29(46)47)21-6-8-22(9-7-21)32(33(38,39)40,34(41,42)43)51-18-26-27(36)2-1-3-28(26)37/h1-3,6-11,14-15,20,24H,4-5,12-13,16-19H2,(H,44,48)(H,46,47)/t20-,24+,31-/m0/s1"
924,CHEMBL3960485,O=C(N[C@H]1CC[C@H](C(=O)O)CC1)N1CC[C@](c2ccc(C(OCc3c(F)cccc3F)(C(F)(F)F)C(F)(F)F)cc2)(S(=O)(=O)c2ccc(F)cc2)C1,"InChI=1S/C34H31F9N2O6S/c35-23-10-14-25(15-11-23)52(49,50)31(16-17-45(19-31)30(48)44-24-12-4-20(5-13-24)29(46)47)21-6-8-22(9-7-21)32(33(38,39)40,34(41,42)43)51-18-26-27(36)2-1-3-28(26)37/h1-3,6-11,14-15,20,24H,4-5,12-13,16-19H2,(H,44,48)(H,46,47)/t20-,24-,31-/m0/s1"
925,CHEMBL594513,O=S(=O)(N[C@H]1CC[C@H](NS(=O)(=O)C(F)(F)F)CC1)c1ccc(Cl)cc1S(=O)(=O)c1ccccc1F,"InChI=1S/C19H19ClF4N2O6S3/c20-12-5-10-17(18(11-12)33(27,28)16-4-2-1-3-15(16)21)34(29,30)25-13-6-8-14(9-7-13)26-35(31,32)19(22,23)24/h1-5,10-11,13-14,25-26H,6-9H2/t13-,14-"
925,CHEMBL595452,O=S(=O)(N[C@H]1CC[C@@H](NS(=O)(=O)C(F)(F)F)CC1)c1ccc(Cl)cc1S(=O)(=O)c1ccccc1F,"InChI=1S/C19H19ClF4N2O6S3/c20-12-5-10-17(18(11-12)33(27,28)16-4-2-1-3-15(16)21)34(29,30)25-13-6-8-14(9-7-13)26-35(31,32)19(22,23)24/h1-5,10-11,13-14,25-26H,6-9H2/t13-,14+"
926,CHEMBL228278,COc1ccc(S(=O)(=O)N[C@H]2CC[C@H](N3CCC(c4ccccc4OC4CC4)CC3)CC2)cc1OC,"InChI=1S/C28H38N2O5S/c1-33-27-14-13-24(19-28(27)34-2)36(31,32)29-21-7-9-22(10-8-21)30-17-15-20(16-18-30)25-5-3-4-6-26(25)35-23-11-12-23/h3-6,13-14,19-23,29H,7-12,15-18H2,1-2H3/t21-,22-"
926,CHEMBL229085,COc1ccc(S(=O)(=O)N[C@H]2CC[C@@H](N3CCC(c4ccccc4OC4CC4)CC3)CC2)cc1OC,"InChI=1S/C28H38N2O5S/c1-33-27-14-13-24(19-28(27)34-2)36(31,32)29-21-7-9-22(10-8-21)30-17-15-20(16-18-30)25-5-3-4-6-26(25)35-23-11-12-23/h3-6,13-14,19-23,29H,7-12,15-18H2,1-2H3/t21-,22+"
927,CHEMBL4300926,N[C@H]1CC[C@H](N[C@@H]2[C@H]3Cc4ccccc4[C@H]32)CC1,"InChI=1S/C16H22N2/c17-11-5-7-12(8-6-11)18-16-14-9-10-3-1-2-4-13(10)15(14)16/h1-4,11-12,14-16,18H,5-9,17H2/t11-,12-,14-,15+,16+/m0/s1"
927,CHEMBL4302866,N[C@H]1CC[C@@H](N[C@@H]2[C@H]3Cc4ccccc4[C@H]32)CC1,"InChI=1S/C16H22N2/c17-11-5-7-12(8-6-11)18-16-14-9-10-3-1-2-4-13(10)15(14)16/h1-4,11-12,14-16,18H,5-9,17H2/t11-,12+,14-,15+,16+/m0/s1"
928,CHEMBL52925,COc1ccc(/C(=C\C=C\C(=O)N[C@H](C)CCCc2cccnc2)c2ccccc2)cc1,"InChI=1S/C28H30N2O2/c1-22(9-6-10-23-11-8-20-29-21-23)30-28(31)15-7-14-27(24-12-4-3-5-13-24)25-16-18-26(32-2)19-17-25/h3-5,7-8,11-22H,6,9-10H2,1-2H3,(H,30,31)/b15-7+,27-14-/t22-/m1/s1"
928,CHEMBL57676,COc1ccc(/C(=C/C=C/C(=O)N[C@H](C)CCCc2cccnc2)c2ccccc2)cc1,"InChI=1S/C28H30N2O2/c1-22(9-6-10-23-11-8-20-29-21-23)30-28(31)15-7-14-27(24-12-4-3-5-13-24)25-16-18-26(32-2)19-17-25/h3-5,7-8,11-22H,6,9-10H2,1-2H3,(H,30,31)/b15-7+,27-14+/t22-/m1/s1"
929,CHEMBL1927591,CCCCCCCCc1ccc([C@H]2CC[C@@H]([N+](C)(C)C(C)C)CC2)cc1.[I-],"InChI=1S/C25H44N.HI/c1-6-7-8-9-10-11-12-22-13-15-23(16-14-22)24-17-19-25(20-18-24)26(4,5)21(2)3;/h13-16,21,24-25H,6-12,17-20H2,1-5H3;1H/q+1;/p-1/t24-,25+;"
929,CHEMBL1927592,CCCCCCCCc1ccc([C@H]2CC[C@H]([N+](C)(C)C(C)C)CC2)cc1.[I-],"InChI=1S/C25H44N.HI/c1-6-7-8-9-10-11-12-22-13-15-23(16-14-22)24-17-19-25(20-18-24)26(4,5)21(2)3;/h13-16,21,24-25H,6-12,17-20H2,1-5H3;1H/q+1;/p-1/t24-,25-;"
930,CHEMBL3906857,N#Cc1ccc(N[C@H]2CC[C@H](c3nnn4cnc5[nH]ccc5c34)CC2)cc1,"InChI=1S/C20H19N7/c21-11-13-1-5-15(6-2-13)24-16-7-3-14(4-8-16)18-19-17-9-10-22-20(17)23-12-27(19)26-25-18/h1-2,5-6,9-10,12,14,16,22,24H,3-4,7-8H2/t14-,16-"
930,CHEMBL3922392,N#Cc1ccc(N[C@H]2CC[C@@H](c3nnn4cnc5[nH]ccc5c34)CC2)cc1,"InChI=1S/C20H19N7/c21-11-13-1-5-15(6-2-13)24-16-7-3-14(4-8-16)18-19-17-9-10-22-20(17)23-12-27(19)26-25-18/h1-2,5-6,9-10,12,14,16,22,24H,3-4,7-8H2/t14-,16+"
931,CHEMBL4086848,O=C(C[C@]1(O)CC[C@@H](Cc2ccc(F)cc2)CC1)Nc1ccc2[nH]c(=O)oc2c1,"InChI=1S/C22H23FN2O4/c23-16-3-1-14(2-4-16)11-15-7-9-22(28,10-8-15)13-20(26)24-17-5-6-18-19(12-17)29-21(27)25-18/h1-6,12,15,28H,7-11,13H2,(H,24,26)(H,25,27)/t15-,22+"
931,CHEMBL4104737,O=C(C[C@]1(O)CC[C@H](Cc2ccc(F)cc2)CC1)Nc1ccc2[nH]c(=O)oc2c1,"InChI=1S/C22H23FN2O4/c23-16-3-1-14(2-4-16)11-15-7-9-22(28,10-8-15)13-20(26)24-17-5-6-18-19(12-17)29-21(27)25-18/h1-6,12,15,28H,7-11,13H2,(H,24,26)(H,25,27)/t15-,22-"
932,CHEMBL3655087,CN(c1ncnc2[nH]ccc12)[C@H]1C[C@@H](NS(=O)(=O)[C@H]2C[C@@](C)(CC#N)C2)C1,"InChI=1S/C18H24N6O2S/c1-18(4-5-19)9-14(10-18)27(25,26)23-12-7-13(8-12)24(2)17-15-3-6-20-16(15)21-11-22-17/h3,6,11-14,23H,4,7-10H2,1-2H3,(H,20,21,22)/t12-,13+,14-,18+"
932,CHEMBL3655088,CN(c1ncnc2[nH]ccc12)[C@H]1C[C@@H](NS(=O)(=O)[C@H]2C[C@](C)(CC#N)C2)C1,"InChI=1S/C18H24N6O2S/c1-18(4-5-19)9-14(10-18)27(25,26)23-12-7-13(8-12)24(2)17-15-3-6-20-16(15)21-11-22-17/h3,6,11-14,23H,4,7-10H2,1-2H3,(H,20,21,22)/t12-,13+,14-,18-"
933,CHEMBL4209251,CC(C)NC(=O)N[C@H]1CC[C@H](Nc2nc(N[C@H](C)CO)nc3ccc(-c4cccc(F)c4)cc23)CC1,"InChI=1S/C27H35FN6O2/c1-16(2)29-27(36)32-22-10-8-21(9-11-22)31-25-23-14-19(18-5-4-6-20(28)13-18)7-12-24(23)33-26(34-25)30-17(3)15-35/h4-7,12-14,16-17,21-22,35H,8-11,15H2,1-3H3,(H2,29,32,36)(H2,30,31,33,34)/t17-,21-,22-/m1/s1"
933,CHEMBL4212125,CC(C)NC(=O)N[C@H]1CC[C@@H](Nc2nc(N[C@H](C)CO)nc3ccc(-c4cccc(F)c4)cc23)CC1,"InChI=1S/C27H35FN6O2/c1-16(2)29-27(36)32-22-10-8-21(9-11-22)31-25-23-14-19(18-5-4-6-20(28)13-18)7-12-24(23)33-26(34-25)30-17(3)15-35/h4-7,12-14,16-17,21-22,35H,8-11,15H2,1-3H3,(H2,29,32,36)(H2,30,31,33,34)/t17-,21-,22+/m1/s1"
934,CHEMBL3672813,CN1CCN(Cc2ccc([C@H]3CC[C@H](Oc4nc(-c5ccncn5)cc(=O)n4C)CC3)cc2)CC1,"InChI=1S/C27H34N6O2/c1-31-13-15-33(16-14-31)18-20-3-5-21(6-4-20)22-7-9-23(10-8-22)35-27-30-25(17-26(34)32(27)2)24-11-12-28-19-29-24/h3-6,11-12,17,19,22-23H,7-10,13-16,18H2,1-2H3/t22-,23-"
934,CHEMBL3672814,CN1CCN(Cc2ccc([C@H]3CC[C@@H](Oc4nc(-c5ccncn5)cc(=O)n4C)CC3)cc2)CC1,"InChI=1S/C27H34N6O2/c1-31-13-15-33(16-14-31)18-20-3-5-21(6-4-20)22-7-9-23(10-8-22)35-27-30-25(17-26(34)32(27)2)24-11-12-28-19-29-24/h3-6,11-12,17,19,22-23H,7-10,13-16,18H2,1-2H3/t22-,23+"
935,CHEMBL468301,CCN1CCN(c2cc3[nH]c(S[C@]4(C)CC[C@H](NC(=O)OC)CC4)nc3cc2Cl)CC1,"InChI=1S/C22H32ClN5O2S/c1-4-27-9-11-28(12-10-27)19-14-18-17(13-16(19)23)25-20(26-18)31-22(2)7-5-15(6-8-22)24-21(29)30-3/h13-15H,4-12H2,1-3H3,(H,24,29)(H,25,26)/t15-,22+"
935,CHEMBL468302,CCN1CCN(c2cc3[nH]c(S[C@]4(C)CC[C@@H](NC(=O)OC)CC4)nc3cc2Cl)CC1,"InChI=1S/C22H32ClN5O2S/c1-4-27-9-11-28(12-10-27)19-14-18-17(13-16(19)23)25-20(26-18)31-22(2)7-5-15(6-8-22)24-21(29)30-3/h13-15H,4-12H2,1-3H3,(H,24,29)(H,25,26)/t15-,22-"
936,CHEMBL1628113,C[C@]12CC[C@@H]3c4ccc(O[P@](C)(=O)S)cc4CC[C@H]3[C@@H]1CCC2=O,"InChI=1S/C19H25O3PS/c1-19-10-9-15-14-6-4-13(22-23(2,21)24)11-12(14)3-5-16(15)17(19)7-8-18(19)20/h4,6,11,15-17H,3,5,7-10H2,1-2H3,(H,21,24)/t15-,16-,17+,19+,23?/m1/s1"
936,CHEMBL2367489,C[C@]12CC[C@@H]3c4ccc(O[P@](C)(=O)S)cc4CC[C@H]3[C@@H]1CCC2=O,"InChI=1S/C19H25O3PS/c1-19-10-9-15-14-6-4-13(22-23(2,21)24)11-12(14)3-5-16(15)17(19)7-8-18(19)20/h4,6,11,15-17H,3,5,7-10H2,1-2H3,(H,21,24)/t15-,16-,17+,19+,23+/m1/s1"
937,CHEMBL3935924,Cc1ccc(N(C(=O)OC[C@H]2CC[C@H](COCC(=O)O)CC2)c2ccccc2)cc1,"InChI=1S/C24H29NO5/c1-18-7-13-22(14-8-18)25(21-5-3-2-4-6-21)24(28)30-16-20-11-9-19(10-12-20)15-29-17-23(26)27/h2-8,13-14,19-20H,9-12,15-17H2,1H3,(H,26,27)/t19-,20-"
937,CHEMBL3942683,Cc1ccc(N(C(=O)OC[C@H]2CC[C@@H](COCC(=O)O)CC2)c2ccccc2)cc1,"InChI=1S/C24H29NO5/c1-18-7-13-22(14-8-18)25(21-5-3-2-4-6-21)24(28)30-16-20-11-9-19(10-12-20)15-29-17-23(26)27/h2-8,13-14,19-20H,9-12,15-17H2,1H3,(H,26,27)/t19-,20+"
938,CHEMBL3698206,C[C@@H](c1ccc(C(F)F)cc1)N1CC[C@]2(CC[C@@H](O)CC2)OC1=O,"InChI=1S/C18H23F2NO3/c1-12(13-2-4-14(5-3-13)16(19)20)21-11-10-18(24-17(21)23)8-6-15(22)7-9-18/h2-5,12,15-16,22H,6-11H2,1H3/t12-,15-,18-/m0/s1"
938,CHEMBL3698248,C[C@@H](c1ccc(C(F)F)cc1)N1CC[C@]2(CC[C@H](O)CC2)OC1=O,"InChI=1S/C18H23F2NO3/c1-12(13-2-4-14(5-3-13)16(19)20)21-11-10-18(24-17(21)23)8-6-15(22)7-9-18/h2-5,12,15-16,22H,6-11H2,1H3/t12-,15-,18+/m0/s1"
939,CHEMBL421537,CC/C(=C(\c1ccc(OCCN(C)C)cc1)c1ccc(SC)cc1)c1ccccc1,"InChI=1S/C27H31NOS/c1-5-26(21-9-7-6-8-10-21)27(23-13-17-25(30-4)18-14-23)22-11-15-24(16-12-22)29-20-19-28(2)3/h6-18H,5,19-20H2,1-4H3/b27-26-"
939,CHEMBL85839,CC/C(=C(/c1ccc(OCCN(C)C)cc1)c1ccc(SC)cc1)c1ccccc1,"InChI=1S/C27H31NOS/c1-5-26(21-9-7-6-8-10-21)27(23-13-17-25(30-4)18-14-23)22-11-15-24(16-12-22)29-20-19-28(2)3/h6-18H,5,19-20H2,1-4H3/b27-26+"
940,CHEMBL1080484,CNC(=O)Cn1c(=O)n(C2CCN([C@H]3CC[C@H](C(C)C)CC3)CC2)c2ccccc21,"InChI=1S/C24H36N4O2/c1-17(2)18-8-10-19(11-9-18)26-14-12-20(13-15-26)28-22-7-5-4-6-21(22)27(24(28)30)16-23(29)25-3/h4-7,17-20H,8-16H2,1-3H3,(H,25,29)/t18-,19-"
940,CHEMBL1080485,CNC(=O)Cn1c(=O)n(C2CCN([C@H]3CC[C@@H](C(C)C)CC3)CC2)c2ccccc21,"InChI=1S/C24H36N4O2/c1-17(2)18-8-10-19(11-9-18)26-14-12-20(13-15-26)28-22-7-5-4-6-21(22)27(24(28)30)16-23(29)25-3/h4-7,17-20H,8-16H2,1-3H3,(H,25,29)/t18-,19+"
941,CHEMBL3940720,CCOc1ccc(C[C@H]2CC[C@@H](C(=O)NO)CC2)cc1-c1nc2c(CC)nn(C)c2c(=O)[nH]1,"InChI=1S/C24H31N5O4/c1-4-18-20-21(29(3)27-18)24(31)26-22(25-20)17-13-15(8-11-19(17)33-5-2)12-14-6-9-16(10-7-14)23(30)28-32/h8,11,13-14,16,32H,4-7,9-10,12H2,1-3H3,(H,28,30)(H,25,26,31)/t14-,16+"
941,CHEMBL3970271,CCOc1ccc(C[C@H]2CC[C@H](C(=O)NO)CC2)cc1-c1nc2c(CC)nn(C)c2c(=O)[nH]1,"InChI=1S/C24H31N5O4/c1-4-18-20-21(29(3)27-18)24(31)26-22(25-20)17-13-15(8-11-19(17)33-5-2)12-14-6-9-16(10-7-14)23(30)28-32/h8,11,13-14,16,32H,4-7,9-10,12H2,1-3H3,(H,28,30)(H,25,26,31)/t14-,16-"
942,CHEMBL180817,COc1ccccc1OCCN[C@H]1CC[C@@H](c2c[nH]c3ccc(F)cc32)CC1,"InChI=1S/C23H27FN2O2/c1-27-22-4-2-3-5-23(22)28-13-12-25-18-9-6-16(7-10-18)20-15-26-21-11-8-17(24)14-19(20)21/h2-5,8,11,14-16,18,25-26H,6-7,9-10,12-13H2,1H3/t16-,18+"
942,CHEMBL359505,COc1ccccc1OCCN[C@H]1CC[C@H](c2c[nH]c3ccc(F)cc32)CC1,"InChI=1S/C23H27FN2O2/c1-27-22-4-2-3-5-23(22)28-13-12-25-18-9-6-16(7-10-18)20-15-26-21-11-8-17(24)14-19(20)21/h2-5,8,11,14-16,18,25-26H,6-7,9-10,12-13H2,1H3/t16-,18-"
943,CHEMBL3648589,CCCc1c(Cc2ccc(-c3ccccc3-c3nc(=O)o[nH]3)cc2)c(=O)n([C@H]2CC[C@H](Oc3ccc(OC)cc3)CC2)c2ncnn12,"InChI=1S/C36H36N6O5/c1-3-6-32-31(21-23-9-11-24(12-10-23)29-7-4-5-8-30(29)33-39-36(44)47-40-33)34(43)41(35-37-22-38-42(32)35)25-13-15-27(16-14-25)46-28-19-17-26(45-2)18-20-28/h4-5,7-12,17-20,22,25,27H,3,6,13-16,21H2,1-2H3,(H,39,40,44)/t25-,27-"
943,CHEMBL3648590,CCCc1c(Cc2ccc(-c3ccccc3-c3nc(=O)o[nH]3)cc2)c(=O)n([C@H]2CC[C@@H](Oc3ccc(OC)cc3)CC2)c2ncnn12,"InChI=1S/C36H36N6O5/c1-3-6-32-31(21-23-9-11-24(12-10-23)29-7-4-5-8-30(29)33-39-36(44)47-40-33)34(43)41(35-37-22-38-42(32)35)25-13-15-27(16-14-25)46-28-19-17-26(45-2)18-20-28/h4-5,7-12,17-20,22,25,27H,3,6,13-16,21H2,1-2H3,(H,39,40,44)/t25-,27+"
944,CHEMBL4280995,COc1cc(/C=C/C(=O)OCCCCCN(C)[C@H]2CC[C@@H](OC(=O)c3cc(OC)c(OC)c(OC)c3)CC2)cc(OC)c1OC,"InChI=1S/C34H47NO10/c1-35(17-9-8-10-18-44-31(36)16-11-23-19-27(38-2)32(42-6)28(20-23)39-3)25-12-14-26(15-13-25)45-34(37)24-21-29(40-4)33(43-7)30(22-24)41-5/h11,16,19-22,25-26H,8-10,12-15,17-18H2,1-7H3/b16-11+/t25-,26+"
944,CHEMBL4288891,COc1cc(/C=C/C(=O)OCCCCCN(C)[C@H]2CC[C@H](OC(=O)c3cc(OC)c(OC)c(OC)c3)CC2)cc(OC)c1OC,"InChI=1S/C34H47NO10/c1-35(17-9-8-10-18-44-31(36)16-11-23-19-27(38-2)32(42-6)28(20-23)39-3)25-12-14-26(15-13-25)45-34(37)24-21-29(40-4)33(43-7)30(22-24)41-5/h11,16,19-22,25-26H,8-10,12-15,17-18H2,1-7H3/b16-11+/t25-,26-"
945,CHEMBL3690323,C[C@]1(O)CC[C@@H](c2cccnc2Oc2ccc(Nc3nc4ccccc4s3)cc2)CC1,"InChI=1S/C25H25N3O2S/c1-25(29)14-12-17(13-15-25)20-5-4-16-26-23(20)30-19-10-8-18(9-11-19)27-24-28-21-6-2-3-7-22(21)31-24/h2-11,16-17,29H,12-15H2,1H3,(H,27,28)/t17-,25+"
945,CHEMBL3690326,C[C@]1(O)CC[C@H](c2cccnc2Oc2ccc(Nc3nc4ccccc4s3)cc2)CC1,"InChI=1S/C25H25N3O2S/c1-25(29)14-12-17(13-15-25)20-5-4-16-26-23(20)30-19-10-8-18(9-11-19)27-24-28-21-6-2-3-7-22(21)31-24/h2-11,16-17,29H,12-15H2,1H3,(H,27,28)/t17-,25-"
946,CHEMBL3958069,CN1Cc2c(C3=CCN([C@H]4CC[C@@H](CC(=O)O)CC4)CC3)[nH]c3nccc(c23)-c2cc(F)ccc21,"InChI=1S/C28H31FN4O2/c1-32-16-23-26-21(22-15-19(29)4-7-24(22)32)8-11-30-28(26)31-27(23)18-9-12-33(13-10-18)20-5-2-17(3-6-20)14-25(34)35/h4,7-9,11,15,17,20H,2-3,5-6,10,12-14,16H2,1H3,(H,30,31)(H,34,35)/t17-,20+"
946,CHEMBL3976427,CN1Cc2c(C3=CCN([C@H]4CC[C@H](CC(=O)O)CC4)CC3)[nH]c3nccc(c23)-c2cc(F)ccc21,"InChI=1S/C28H31FN4O2/c1-32-16-23-26-21(22-15-19(29)4-7-24(22)32)8-11-30-28(26)31-27(23)18-9-12-33(13-10-18)20-5-2-17(3-6-20)14-25(34)35/h4,7-9,11,15,17,20H,2-3,5-6,10,12-14,16H2,1H3,(H,30,31)(H,34,35)/t17-,20-"
947,CHEMBL1091137,CC/C(=C(/c1ccc(O)cc1)c1ccc(/C=C/C(=O)O)cc1)c1ccccc1,"InChI=1S/C25H22O3/c1-2-23(19-6-4-3-5-7-19)25(21-13-15-22(26)16-14-21)20-11-8-18(9-12-20)10-17-24(27)28/h3-17,26H,2H2,1H3,(H,27,28)/b17-10+,25-23-"
947,CHEMBL195515,CC/C(=C(\c1ccc(O)cc1)c1ccc(/C=C/C(=O)O)cc1)c1ccccc1,"InChI=1S/C25H22O3/c1-2-23(19-6-4-3-5-7-19)25(21-13-15-22(26)16-14-21)20-11-8-18(9-12-20)10-17-24(27)28/h3-17,26H,2H2,1H3,(H,27,28)/b17-10+,25-23+"
948,CHEMBL4106645,Nc1ncc([C@H]2CC[C@@H](O)CC2)nc1-c1ccc(C(=O)N[C@H](CO)c2cccc(Cl)c2)c(F)c1,"InChI=1S/C25H26ClFN4O3/c26-17-3-1-2-15(10-17)22(13-32)31-25(34)19-9-6-16(11-20(19)27)23-24(28)29-12-21(30-23)14-4-7-18(33)8-5-14/h1-3,6,9-12,14,18,22,32-33H,4-5,7-8,13H2,(H2,28,29)(H,31,34)/t14-,18+,22-/m1/s1"
948,CHEMBL4112789,Nc1ncc([C@H]2CC[C@H](O)CC2)nc1-c1ccc(C(=O)N[C@H](CO)c2cccc(Cl)c2)c(F)c1,"InChI=1S/C25H26ClFN4O3/c26-17-3-1-2-15(10-17)22(13-32)31-25(34)19-9-6-16(11-20(19)27)23-24(28)29-12-21(30-23)14-4-7-18(33)8-5-14/h1-3,6,9-12,14,18,22,32-33H,4-5,7-8,13H2,(H2,28,29)(H,31,34)/t14-,18-,22-/m1/s1"
949,CHEMBL253424,O=C(/C=C/c1ccc(Cl)c(Cl)c1)N[C@H]1CC[C@H](CN2CCC(c3c[nH]c4ccc(O)cc34)CC2)CC1,"InChI=1S/C29H33Cl2N3O2/c30-26-8-3-19(15-27(26)31)4-10-29(36)33-22-5-1-20(2-6-22)18-34-13-11-21(12-14-34)25-17-32-28-9-7-23(35)16-24(25)28/h3-4,7-10,15-17,20-22,32,35H,1-2,5-6,11-14,18H2,(H,33,36)/b10-4+/t20-,22-"
949,CHEMBL400698,O=C(/C=C/c1ccc(Cl)c(Cl)c1)N[C@H]1CC[C@@H](CN2CCC(c3c[nH]c4ccc(O)cc34)CC2)CC1,"InChI=1S/C29H33Cl2N3O2/c30-26-8-3-19(15-27(26)31)4-10-29(36)33-22-5-1-20(2-6-22)18-34-13-11-21(12-14-34)25-17-32-28-9-7-23(35)16-24(25)28/h3-4,7-10,15-17,20-22,32,35H,1-2,5-6,11-14,18H2,(H,33,36)/b10-4+/t20-,22+"
950,CHEMBL511857,COc1cccc([C@H]2CC[C@H](N3CCN(c4ccccn4)CC3)CC2)c1,"InChI=1S/C22H29N3O/c1-26-21-6-4-5-19(17-21)18-8-10-20(11-9-18)24-13-15-25(16-14-24)22-7-2-3-12-23-22/h2-7,12,17-18,20H,8-11,13-16H2,1H3/t18-,20-"
950,CHEMBL521350,COc1cccc([C@H]2CC[C@@H](N3CCN(c4ccccn4)CC3)CC2)c1,"InChI=1S/C22H29N3O/c1-26-21-6-4-5-19(17-21)18-8-10-20(11-9-18)24-13-15-25(16-14-24)22-7-2-3-12-23-22/h2-7,12,17-18,20H,8-11,13-16H2,1H3/t18-,20+"
951,CHEMBL1934424,CO[C@H]1CC[C@@H](n2nc(C)c(C(=O)N[C@@H](C)C(C)(C)C)c2NS(=O)(=O)c2ccc(C)cc2)CC1,"InChI=1S/C25H38N4O4S/c1-16-8-14-21(15-9-16)34(31,32)28-23-22(24(30)26-18(3)25(4,5)6)17(2)27-29(23)19-10-12-20(33-7)13-11-19/h8-9,14-15,18-20,28H,10-13H2,1-7H3,(H,26,30)/t18-,19-,20+/m0/s1"
951,CHEMBL1934425,CO[C@H]1CC[C@H](n2nc(C)c(C(=O)N[C@@H](C)C(C)(C)C)c2NS(=O)(=O)c2ccc(C)cc2)CC1,"InChI=1S/C25H38N4O4S/c1-16-8-14-21(15-9-16)34(31,32)28-23-22(24(30)26-18(3)25(4,5)6)17(2)27-29(23)19-10-12-20(33-7)13-11-19/h8-9,14-15,18-20,28H,10-13H2,1-7H3,(H,26,30)/t18-,19-,20-/m0/s1"
952,CHEMBL1927584,CCCCCCCCc1ccc([C@H]2CC[C@@H](N(C)CCC)CC2)cc1,"InChI=1S/C24H41N/c1-4-6-7-8-9-10-11-21-12-14-22(15-13-21)23-16-18-24(19-17-23)25(3)20-5-2/h12-15,23-24H,4-11,16-20H2,1-3H3/t23-,24+"
952,CHEMBL1927585,CCCCCCCCc1ccc([C@H]2CC[C@H](N(C)CCC)CC2)cc1,"InChI=1S/C24H41N/c1-4-6-7-8-9-10-11-21-12-14-22(15-13-21)23-16-18-24(19-17-23)25(3)20-5-2/h12-15,23-24H,4-11,16-20H2,1-3H3/t23-,24-"
953,CHEMBL4107833,Nc1ncc([C@H]2CC[C@H](O)CC2)nc1-c1ccc(C(=O)N[C@H](CO)c2cc(F)cc(Br)c2)c(F)c1,"InChI=1S/C25H25BrF2N4O3/c26-16-7-15(8-17(27)10-16)22(12-33)32-25(35)19-6-3-14(9-20(19)28)23-24(29)30-11-21(31-23)13-1-4-18(34)5-2-13/h3,6-11,13,18,22,33-34H,1-2,4-5,12H2,(H2,29,30)(H,32,35)/t13-,18-,22-/m1/s1"
953,CHEMBL4109678,Nc1ncc([C@H]2CC[C@@H](O)CC2)nc1-c1ccc(C(=O)N[C@H](CO)c2cc(F)cc(Br)c2)c(F)c1,"InChI=1S/C25H25BrF2N4O3/c26-16-7-15(8-17(27)10-16)22(12-33)32-25(35)19-6-3-14(9-20(19)28)23-24(29)30-11-21(31-23)13-1-4-18(34)5-2-13/h3,6-11,13,18,22,33-34H,1-2,4-5,12H2,(H2,29,30)(H,32,35)/t13-,18+,22-/m1/s1"
954,CHEMBL1782513,N[C@H]1CC[C@H](Nc2cncc(-c3ccc4oc(C(=O)O)cc4c3)n2)CC1,"InChI=1S/C19H20N4O3/c20-13-2-4-14(5-3-13)22-18-10-21-9-15(23-18)11-1-6-16-12(7-11)8-17(26-16)19(24)25/h1,6-10,13-14H,2-5,20H2,(H,22,23)(H,24,25)/t13-,14-"
954,CHEMBL1782514,N[C@H]1CC[C@@H](Nc2cncc(-c3ccc4oc(C(=O)O)cc4c3)n2)CC1,"InChI=1S/C19H20N4O3/c20-13-2-4-14(5-3-13)22-18-10-21-9-15(23-18)11-1-6-16-12(7-11)8-17(26-16)19(24)25/h1,6-10,13-14H,2-5,20H2,(H,22,23)(H,24,25)/t13-,14+"
955,CHEMBL479781,Cc1[nH]c2ccccc2c1[C@H]1CC[C@@H](N2CCN(c3cccc4[nH]ccc34)CC2)CC1,"InChI=1S/C27H32N4/c1-19-27(23-5-2-3-6-25(23)29-19)20-9-11-21(12-10-20)30-15-17-31(18-16-30)26-8-4-7-24-22(26)13-14-28-24/h2-8,13-14,20-21,28-29H,9-12,15-18H2,1H3/t20-,21+"
955,CHEMBL479782,Cc1[nH]c2ccccc2c1[C@H]1CC[C@H](N2CCN(c3cccc4[nH]ccc34)CC2)CC1,"InChI=1S/C27H32N4/c1-19-27(23-5-2-3-6-25(23)29-19)20-9-11-21(12-10-20)30-15-17-31(18-16-30)26-8-4-7-24-22(26)13-14-28-24/h2-8,13-14,20-21,28-29H,9-12,15-18H2,1H3/t20-,21-"
956,CHEMBL4202997,Nc1ncnc2c1c(-c1ccc(Oc3ccccc3)cc1)cn2[C@H]1CC[C@H](N[C@H]2CCOC2=O)CC1,"InChI=1S/C28H29N5O3/c29-26-25-23(18-6-12-22(13-7-18)36-21-4-2-1-3-5-21)16-33(27(25)31-17-30-26)20-10-8-19(9-11-20)32-24-14-15-35-28(24)34/h1-7,12-13,16-17,19-20,24,32H,8-11,14-15H2,(H2,29,30,31)/t19-,20-,24-/m0/s1"
956,CHEMBL4207885,Nc1ncnc2c1c(-c1ccc(Oc3ccccc3)cc1)cn2[C@H]1CC[C@@H](N[C@H]2CCOC2=O)CC1,"InChI=1S/C28H29N5O3/c29-26-25-23(18-6-12-22(13-7-18)36-21-4-2-1-3-5-21)16-33(27(25)31-17-30-26)20-10-8-19(9-11-20)32-24-14-15-35-28(24)34/h1-7,12-13,16-17,19-20,24,32H,8-11,14-15H2,(H2,29,30,31)/t19-,20+,24-/m0/s1"
957,CHEMBL3956073,CO[C@H]1CC[C@@H](COc2ncc(S(=O)(=O)NC(=O)c3ccc(N4CCN(CC5=C(c6ccc(Cl)cc6)CC(C)(C)CC5)CC4)cc3Oc3cnc4[nH]ccc4c3)cc2C(F)(F)F)CC1,"InChI=1S/C47H52ClF3N6O6S/c1-46(2)16-14-33(40(25-46)31-6-8-34(48)9-7-31)28-56-18-20-57(21-19-56)35-10-13-39(42(23-35)63-37-22-32-15-17-52-43(32)53-26-37)44(58)55-64(59,60)38-24-41(47(49,50)51)45(54-27-38)62-29-30-4-11-36(61-3)12-5-30/h6-10,13,15,17,22-24,26-27,30,36H,4-5,11-12,14,16,18-21,25,28-29H2,1-3H3,(H,52,53)(H,55,58)/t30-,36+"
957,CHEMBL3984691,CO[C@H]1CC[C@H](COc2ncc(S(=O)(=O)NC(=O)c3ccc(N4CCN(CC5=C(c6ccc(Cl)cc6)CC(C)(C)CC5)CC4)cc3Oc3cnc4[nH]ccc4c3)cc2C(F)(F)F)CC1,"InChI=1S/C47H52ClF3N6O6S/c1-46(2)16-14-33(40(25-46)31-6-8-34(48)9-7-31)28-56-18-20-57(21-19-56)35-10-13-39(42(23-35)63-37-22-32-15-17-52-43(32)53-26-37)44(58)55-64(59,60)38-24-41(47(49,50)51)45(54-27-38)62-29-30-4-11-36(61-3)12-5-30/h6-10,13,15,17,22-24,26-27,30,36H,4-5,11-12,14,16,18-21,25,28-29H2,1-3H3,(H,52,53)(H,55,58)/t30-,36-"
958,CHEMBL3953952,N[C@H]1CC[C@@H](Nc2nc(NC3CC3)n3ncc(/C=C4\NC(=O)NC4=O)c3n2)CC1,"InChI=1S/C18H23N9O2/c19-10-1-3-11(4-2-10)21-16-24-14-9(7-13-15(28)25-18(29)23-13)8-20-27(14)17(26-16)22-12-5-6-12/h7-8,10-12H,1-6,19H2,(H2,21,22,24,26)(H2,23,25,28,29)/b13-7-/t10-,11+"
958,CHEMBL3954418,N[C@H]1CC[C@H](Nc2nc(NC3CC3)n3ncc(/C=C4\NC(=O)NC4=O)c3n2)CC1,"InChI=1S/C18H23N9O2/c19-10-1-3-11(4-2-10)21-16-24-14-9(7-13-15(28)25-18(29)23-13)8-20-27(14)17(26-16)22-12-5-6-12/h7-8,10-12H,1-6,19H2,(H2,21,22,24,26)(H2,23,25,28,29)/b13-7-/t10-,11-"
959,CHEMBL246016,N[C@H]1CO[C@H](c2cccc([N+](=O)[O-])c2)OC1,"InChI=1S/C10H12N2O4/c11-8-5-15-10(16-6-8)7-2-1-3-9(4-7)12(13)14/h1-4,8,10H,5-6,11H2/t8-,10-"
959,CHEMBL396352,N[C@H]1CO[C@@H](c2cccc([N+](=O)[O-])c2)OC1,"InChI=1S/C10H12N2O4/c11-8-5-15-10(16-6-8)7-2-1-3-9(4-7)12(13)14/h1-4,8,10H,5-6,11H2/t8-,10+"
960,CHEMBL1941046,CCNC(=O)c1noc(-c2cc(C(C)C)c(O)cc2O)c1NC(=O)[C@H]1CC[C@H](N2CCOCC2)CC1.Cl,"InChI=1S/C26H36N4O6.ClH/c1-4-27-26(34)23-22(24(36-29-23)19-13-18(15(2)3)20(31)14-21(19)32)28-25(33)16-5-7-17(8-6-16)30-9-11-35-12-10-30;/h13-17,31-32H,4-12H2,1-3H3,(H,27,34)(H,28,33);1H/t16-,17-;"
960,CHEMBL1941047,CCNC(=O)c1noc(-c2cc(C(C)C)c(O)cc2O)c1NC(=O)[C@H]1CC[C@@H](N2CCOCC2)CC1.Cl,"InChI=1S/C26H36N4O6.ClH/c1-4-27-26(34)23-22(24(36-29-23)19-13-18(15(2)3)20(31)14-21(19)32)28-25(33)16-5-7-17(8-6-16)30-9-11-35-12-10-30;/h13-17,31-32H,4-12H2,1-3H3,(H,27,34)(H,28,33);1H/t16-,17+;"
961,CHEMBL469422,C[C@H]1[C@@H](O[C@H]2CC[C@H](O)CC2)O[C@@H]2O[C@]3(C)CC[C@H]4[C@H](C)CC[C@@H]1[C@@]24OO3,"InChI=1S/C21H34O6/c1-12-4-9-17-13(2)18(23-15-7-5-14(22)6-8-15)24-19-21(17)16(12)10-11-20(3,25-19)26-27-21/h12-19,22H,4-11H2,1-3H3/t12-,13-,14-,15-,16+,17+,18+,19-,20+,21-/m1/s1"
961,CHEMBL470043,C[C@H]1[C@@H](O[C@H]2CC[C@@H](O)CC2)O[C@@H]2O[C@]3(C)CC[C@H]4[C@H](C)CC[C@@H]1[C@@]24OO3,"InChI=1S/C21H34O6/c1-12-4-9-17-13(2)18(23-15-7-5-14(22)6-8-15)24-19-21(17)16(12)10-11-20(3,25-19)26-27-21/h12-19,22H,4-11H2,1-3H3/t12-,13-,14-,15+,16+,17+,18+,19-,20+,21-/m1/s1"
962,CHEMBL1771127,CC(C)c1cc(C#N)cc2nc(-c3ccc(C(=O)NC[C@H]4CC[C@@H](c5cccc(C(F)(F)F)c5)CC4)cc3)oc12,"InChI=1S/C32H30F3N3O2/c1-19(2)27-14-21(17-36)15-28-29(27)40-31(38-28)24-12-10-23(11-13-24)30(39)37-18-20-6-8-22(9-7-20)25-4-3-5-26(16-25)32(33,34)35/h3-5,10-16,19-20,22H,6-9,18H2,1-2H3,(H,37,39)/t20-,22+"
962,CHEMBL1771128,CC(C)c1cc(C#N)cc2nc(-c3ccc(C(=O)NC[C@H]4CC[C@H](c5cccc(C(F)(F)F)c5)CC4)cc3)oc12,"InChI=1S/C32H30F3N3O2/c1-19(2)27-14-21(17-36)15-28-29(27)40-31(38-28)24-12-10-23(11-13-24)30(39)37-18-20-6-8-22(9-7-20)25-4-3-5-26(16-25)32(33,34)35/h3-5,10-16,19-20,22H,6-9,18H2,1-2H3,(H,37,39)/t20-,22-"
963,CHEMBL3657883,CS(=O)(=O)NC(=O)c1cc(Cl)c(OC[C@H]2CC[C@@H](C(F)(F)F)CC2)cc1F,"InChI=1S/C16H18ClF4NO4S/c1-27(24,25)22-15(23)11-6-12(17)14(7-13(11)18)26-8-9-2-4-10(5-3-9)16(19,20)21/h6-7,9-10H,2-5,8H2,1H3,(H,22,23)/t9-,10+"
963,CHEMBL3657896,CS(=O)(=O)NC(=O)c1cc(Cl)c(OC[C@H]2CC[C@H](C(F)(F)F)CC2)cc1F,"InChI=1S/C16H18ClF4NO4S/c1-27(24,25)22-15(23)11-6-12(17)14(7-13(11)18)26-8-9-2-4-10(5-3-9)16(19,20)21/h6-7,9-10H,2-5,8H2,1H3,(H,22,23)/t9-,10-"
964,CHEMBL2408470,O=C(O)[C@H]1CC[C@@H](Oc2ccc(-c3ccc(-c4nc5cc(F)ccc5[nH]4)cn3)cn2)CC1,"InChI=1S/C24H21FN4O3/c25-17-5-9-20-21(11-17)29-23(28-20)16-3-8-19(26-13-16)15-4-10-22(27-12-15)32-18-6-1-14(2-7-18)24(30)31/h3-5,8-14,18H,1-2,6-7H2,(H,28,29)(H,30,31)/t14-,18+"
964,CHEMBL2408471,O=C(O)[C@H]1CC[C@H](Oc2ccc(-c3ccc(-c4nc5cc(F)ccc5[nH]4)cn3)cn2)CC1,"InChI=1S/C24H21FN4O3/c25-17-5-9-20-21(11-17)29-23(28-20)16-3-8-19(26-13-16)15-4-10-22(27-12-15)32-18-6-1-14(2-7-18)24(30)31/h3-5,8-14,18H,1-2,6-7H2,(H,28,29)(H,30,31)/t14-,18-"
965,CHEMBL467680,C[C@H]1CC[C@H](NC(=O)c2cc3cccnc3n(Cc3ccccc3)c2=O)CC1,"InChI=1S/C23H25N3O2/c1-16-9-11-19(12-10-16)25-22(27)20-14-18-8-5-13-24-21(18)26(23(20)28)15-17-6-3-2-4-7-17/h2-8,13-14,16,19H,9-12,15H2,1H3,(H,25,27)/t16-,19-"
965,CHEMBL467681,C[C@H]1CC[C@@H](NC(=O)c2cc3cccnc3n(Cc3ccccc3)c2=O)CC1,"InChI=1S/C23H25N3O2/c1-16-9-11-19(12-10-16)25-22(27)20-14-18-8-5-13-24-21(18)26(23(20)28)15-17-6-3-2-4-7-17/h2-8,13-14,16,19H,9-12,15H2,1H3,(H,25,27)/t16-,19+"
966,CHEMBL4288652,CC(=O)N1CCN(c2ccc(CO[C@H]3CO[C@@](Cn4ccnc4)(c4ccc(Cl)cc4Cl)OC3)cc2)CC1,"InChI=1S/C27H30Cl2N4O4/c1-20(34)32-10-12-33(13-11-32)23-5-2-21(3-6-23)15-35-24-16-36-27(37-17-24,18-31-9-8-30-19-31)25-7-4-22(28)14-26(25)29/h2-9,14,19,24H,10-13,15-18H2,1H3/t24-,27+"
966,CHEMBL4289930,CC(=O)N1CCN(c2ccc(CO[C@H]3CO[C@](Cn4ccnc4)(c4ccc(Cl)cc4Cl)OC3)cc2)CC1,"InChI=1S/C27H30Cl2N4O4/c1-20(34)32-10-12-33(13-11-32)23-5-2-21(3-6-23)15-35-24-16-36-27(37-17-24,18-31-9-8-30-19-31)25-7-4-22(28)14-26(25)29/h2-9,14,19,24H,10-13,15-18H2,1H3/t24-,27-"
967,CHEMBL2392833,CS(=O)(=O)C1CCN(c2cccc3c2ccn3-c2ccnc(N[C@H]3CC[C@H](O)CC3)n2)CC1,"InChI=1S/C24H31N5O3S/c1-33(31,32)19-10-14-28(15-11-19)21-3-2-4-22-20(21)12-16-29(22)23-9-13-25-24(27-23)26-17-5-7-18(30)8-6-17/h2-4,9,12-13,16-19,30H,5-8,10-11,14-15H2,1H3,(H,25,26,27)/t17-,18-"
967,CHEMBL3674734,CS(=O)(=O)C1CCN(c2cccc3c2ccn3-c2ccnc(N[C@H]3CC[C@@H](O)CC3)n2)CC1,"InChI=1S/C24H31N5O3S/c1-33(31,32)19-10-14-28(15-11-19)21-3-2-4-22-20(21)12-16-29(22)23-9-13-25-24(27-23)26-17-5-7-18(30)8-6-17/h2-4,9,12-13,16-19,30H,5-8,10-11,14-15H2,1H3,(H,25,26,27)/t17-,18+"
968,CHEMBL4208479,C=CCSC1=CC(=O)C(N[C@H]2CC[C@@H](N)CC2)=CC1=O.Cl,"InChI=1S/C15H20N2O2S.ClH/c1-2-7-20-15-9-13(18)12(8-14(15)19)17-11-5-3-10(16)4-6-11;/h2,8-11,17H,1,3-7,16H2;1H/t10-,11+;"
968,CHEMBL4215804,C=CCSC1=CC(=O)C(N[C@H]2CC[C@H](N)CC2)=CC1=O.Cl,"InChI=1S/C15H20N2O2S.ClH/c1-2-7-20-15-9-13(18)12(8-14(15)19)17-11-5-3-10(16)4-6-11;/h2,8-11,17H,1,3-7,16H2;1H/t10-,11-;"
969,CHEMBL1475206,COc1ccc(C[C@@H]2C(=O)N[C@H](C)C(=O)N(C)[C@@H]3Cc4ccc(cc4)Oc4cc(ccc4O)C[C@H](C(=O)N[C@@H](C)C(=O)N[C@H](C)C(=O)N2C)N(C)C3=O)cc1,"InChI=1S/C40H48N6O9/c1-22-35(48)42-23(2)38(51)44(4)30(18-25-8-13-28(54-7)14-9-25)37(50)43-24(3)39(52)46(6)32-19-26-10-15-29(16-11-26)55-34-21-27(12-17-33(34)47)20-31(36(49)41-22)45(5)40(32)53/h8-17,21-24,30-32,47H,18-20H2,1-7H3,(H,41,49)(H,42,48)(H,43,50)/t22-,23+,24?,30+,31+,32+/m0/s1"
969,CHEMBL2361311,COc1ccc(C[C@@H]2C(=O)N[C@H](C)C(=O)N(C)[C@@H]3Cc4ccc(cc4)Oc4cc(ccc4O)C[C@H](C(=O)N[C@@H](C)C(=O)N[C@H](C)C(=O)N2C)N(C)C3=O)cc1,"InChI=1S/C40H48N6O9/c1-22-35(48)42-23(2)38(51)44(4)30(18-25-8-13-28(54-7)14-9-25)37(50)43-24(3)39(52)46(6)32-19-26-10-15-29(16-11-26)55-34-21-27(12-17-33(34)47)20-31(36(49)41-22)45(5)40(32)53/h8-17,21-24,30-32,47H,18-20H2,1-7H3,(H,41,49)(H,42,48)(H,43,50)/t22-,23+,24+,30+,31+,32+/m0/s1"
970,CHEMBL1995873,O=NN(CCCl)C(=O)N[C@H]1CC[C@@H](CC(=O)O)CC1,"InChI=1S/C11H18ClN3O4/c12-5-6-15(14-19)11(18)13-9-3-1-8(2-4-9)7-10(16)17/h8-9H,1-7H2,(H,13,18)(H,16,17)/t8-,9+"
970,CHEMBL1999834,O=NN(CCCl)C(=O)N[C@H]1CC[C@H](CC(=O)O)CC1,"InChI=1S/C11H18ClN3O4/c12-5-6-15(14-19)11(18)13-9-3-1-8(2-4-9)7-10(16)17/h8-9H,1-7H2,(H,13,18)(H,16,17)/t8-,9-"
971,CHEMBL166445,CCC[C@H]1CC[C@@H](N2CCC3(CC2)C(=O)NCN3c2ccccc2)CC1,"InChI=1S/C22H33N3O/c1-2-6-18-9-11-19(12-10-18)24-15-13-22(14-16-24)21(26)23-17-25(22)20-7-4-3-5-8-20/h3-5,7-8,18-19H,2,6,9-17H2,1H3,(H,23,26)/t18-,19+"
971,CHEMBL353608,CCC[C@H]1CC[C@H](N2CCC3(CC2)C(=O)NCN3c2ccccc2)CC1,"InChI=1S/C22H33N3O/c1-2-6-18-9-11-19(12-10-18)24-15-13-22(14-16-24)21(26)23-17-25(22)20-7-4-3-5-8-20/h3-5,7-8,18-19H,2,6,9-17H2,1H3,(H,23,26)/t18-,19-"
972,CHEMBL1927587,CCCCCCCCc1ccc([C@H]2CC[C@@H]([N+](C)(C)C)CC2)cc1.[I-],"InChI=1S/C23H40N.HI/c1-5-6-7-8-9-10-11-20-12-14-21(15-13-20)22-16-18-23(19-17-22)24(2,3)4;/h12-15,22-23H,5-11,16-19H2,1-4H3;1H/q+1;/p-1/t22-,23+;"
972,CHEMBL1927588,CCCCCCCCc1ccc([C@H]2CC[C@H]([N+](C)(C)C)CC2)cc1.[I-],"InChI=1S/C23H40N.HI/c1-5-6-7-8-9-10-11-20-12-14-21(15-13-20)22-16-18-23(19-17-22)24(2,3)4;/h12-15,22-23H,5-11,16-19H2,1-4H3;1H/q+1;/p-1/t22-,23-;"
973,CHEMBL178304,Fc1ccc2[nH]cc([C@H]3CC[C@@H](NCCOc4cccc5c4OCCO5)CC3)c2c1,"InChI=1S/C24H27FN2O3/c25-17-6-9-21-19(14-17)20(15-27-21)16-4-7-18(8-5-16)26-10-11-28-22-2-1-3-23-24(22)30-13-12-29-23/h1-3,6,9,14-16,18,26-27H,4-5,7-8,10-13H2/t16-,18+"
973,CHEMBL362823,Fc1ccc2[nH]cc([C@H]3CC[C@H](NCCOc4cccc5c4OCCO5)CC3)c2c1,"InChI=1S/C24H27FN2O3/c25-17-6-9-21-19(14-17)20(15-27-21)16-4-7-18(8-5-16)26-10-11-28-22-2-1-3-23-24(22)30-13-12-29-23/h1-3,6,9,14-16,18,26-27H,4-5,7-8,10-13H2/t16-,18-"
974,CHEMBL3934102,O=C(O)[C@H]1CC[C@](F)(C(=O)N2CC[C@](c3ccc(C(F)(C(F)(F)F)C(F)(F)F)cc3)(S(=O)(=O)c3ccc(F)cc3)C2)CC1,"InChI=1S/C27H24F9NO5S/c28-19-5-7-20(8-6-19)43(41,42)24(17-1-3-18(4-2-17)25(30,26(31,32)33)27(34,35)36)13-14-37(15-24)22(40)23(29)11-9-16(10-12-23)21(38)39/h1-8,16H,9-15H2,(H,38,39)/t16-,23+,24-/m0/s1"
974,CHEMBL3943070,O=C(O)[C@H]1CC[C@@](F)(C(=O)N2CC[C@](c3ccc(C(F)(C(F)(F)F)C(F)(F)F)cc3)(S(=O)(=O)c3ccc(F)cc3)C2)CC1,"InChI=1S/C27H24F9NO5S/c28-19-5-7-20(8-6-19)43(41,42)24(17-1-3-18(4-2-17)25(30,26(31,32)33)27(34,35)36)13-14-37(15-24)22(40)23(29)11-9-16(10-12-23)21(38)39/h1-8,16H,9-15H2,(H,38,39)/t16-,23-,24-/m0/s1"
975,CHEMBL4238687,CC(C)(C)c1ccc(-c2ccc(S(=O)(=O)[C@H]3CC[C@@H](Nc4ccc(C#N)cn4)CC3)cc2)cc1,"InChI=1S/C28H31N3O2S/c1-28(2,3)23-9-5-21(6-10-23)22-7-13-25(14-8-22)34(32,33)26-15-11-24(12-16-26)31-27-17-4-20(18-29)19-30-27/h4-10,13-14,17,19,24,26H,11-12,15-16H2,1-3H3,(H,30,31)/t24-,26+"
975,CHEMBL4240463,CC(C)(C)c1ccc(-c2ccc(S(=O)(=O)[C@H]3CC[C@H](Nc4ccc(C#N)cn4)CC3)cc2)cc1,"InChI=1S/C28H31N3O2S/c1-28(2,3)23-9-5-21(6-10-23)22-7-13-25(14-8-22)34(32,33)26-15-11-24(12-16-26)31-27-17-4-20(18-29)19-30-27/h4-10,13-14,17,19,24,26H,11-12,15-16H2,1-3H3,(H,30,31)/t24-,26-"
976,CHEMBL1927566,CCCCCCCCc1ccc([C@H]2CC[C@@H](NC(C)C)CC2)cc1,"InChI=1S/C23H39N/c1-4-5-6-7-8-9-10-20-11-13-21(14-12-20)22-15-17-23(18-16-22)24-19(2)3/h11-14,19,22-24H,4-10,15-18H2,1-3H3/t22-,23+"
976,CHEMBL1927567,CCCCCCCCc1ccc([C@H]2CC[C@H](NC(C)C)CC2)cc1,"InChI=1S/C23H39N/c1-4-5-6-7-8-9-10-20-11-13-21(14-12-20)22-15-17-23(18-16-22)24-19(2)3/h11-14,19,22-24H,4-10,15-18H2,1-3H3/t22-,23-"
977,CHEMBL246323,CS(=O)(=O)c1ccccc1[C@H]1CC[C@H](NC(=O)c2cc(C(F)(F)F)nn2-c2cccc(CN)c2)CC1,"InChI=1S/C25H27F3N4O3S/c1-36(34,35)22-8-3-2-7-20(22)17-9-11-18(12-10-17)30-24(33)21-14-23(25(26,27)28)31-32(21)19-6-4-5-16(13-19)15-29/h2-8,13-14,17-18H,9-12,15,29H2,1H3,(H,30,33)/t17-,18-"
977,CHEMBL396123,CS(=O)(=O)c1ccccc1[C@H]1CC[C@@H](NC(=O)c2cc(C(F)(F)F)nn2-c2cccc(CN)c2)CC1,"InChI=1S/C25H27F3N4O3S/c1-36(34,35)22-8-3-2-7-20(22)17-9-11-18(12-10-17)30-24(33)21-14-23(25(26,27)28)31-32(21)19-6-4-5-16(13-19)15-29/h2-8,13-14,17-18H,9-12,15,29H2,1H3,(H,30,33)/t17-,18+"
978,CHEMBL506897,Cn1cnc(S(=O)(=O)N(CC2CCN(C(=O)OC(C)(C)C)CC2)[C@H]2CC[C@H](N(Cc3cncn3C)c3ccc(C#N)cc3)CC2)c1,"InChI=1S/C33H46N8O4S/c1-33(2,3)45-32(42)39-16-14-26(15-17-39)20-41(46(43,44)31-22-37(4)24-36-31)29-12-10-28(11-13-29)40(21-30-19-35-23-38(30)5)27-8-6-25(18-34)7-9-27/h6-9,19,22-24,26,28-29H,10-17,20-21H2,1-5H3/t28-,29-"
978,CHEMBL507179,Cn1cnc(S(=O)(=O)N(CC2CCN(C(=O)OC(C)(C)C)CC2)[C@H]2CC[C@@H](N(Cc3cncn3C)c3ccc(C#N)cc3)CC2)c1,"InChI=1S/C33H46N8O4S/c1-33(2,3)45-32(42)39-16-14-26(15-17-39)20-41(46(43,44)31-22-37(4)24-36-31)29-12-10-28(11-13-29)40(21-30-19-35-23-38(30)5)27-8-6-25(18-34)7-9-27/h6-9,19,22-24,26,28-29H,10-17,20-21H2,1-5H3/t28-,29+"
979,CHEMBL214194,CNC(=O)[C@]1(N)C[C@](CO[C@H](C)c2cc(C(F)(F)F)cc(C(F)(F)F)c2)(c2ccccc2)C1,"InChI=1S/C23H24F6N2O2/c1-14(15-8-17(22(24,25)26)10-18(9-15)23(27,28)29)33-13-20(16-6-4-3-5-7-16)11-21(30,12-20)19(32)31-2/h3-10,14H,11-13,30H2,1-2H3,(H,31,32)/t14-,20-,21-/m1/s1"
979,CHEMBL214388,CNC(=O)[C@]1(N)C[C@@](CO[C@H](C)c2cc(C(F)(F)F)cc(C(F)(F)F)c2)(c2ccccc2)C1,"InChI=1S/C23H24F6N2O2/c1-14(15-8-17(22(24,25)26)10-18(9-15)23(27,28)29)33-13-20(16-6-4-3-5-7-16)11-21(30,12-20)19(32)31-2/h3-10,14H,11-13,30H2,1-2H3,(H,31,32)/t14-,20-,21+/m1/s1"
980,CHEMBL86517,c1ccc(N2CCN([C@H]3CC[C@H](c4c[nH]c5ccccc54)CC3)CC2)nc1,"InChI=1S/C23H28N4/c1-2-6-22-20(5-1)21(17-25-22)18-8-10-19(11-9-18)26-13-15-27(16-14-26)23-7-3-4-12-24-23/h1-7,12,17-19,25H,8-11,13-16H2/t18-,19-"
980,CHEMBL90673,c1ccc(N2CCN([C@H]3CC[C@@H](c4c[nH]c5ccccc54)CC3)CC2)nc1,"InChI=1S/C23H28N4/c1-2-6-22-20(5-1)21(17-25-22)18-8-10-19(11-9-18)26-13-15-27(16-14-26)23-7-3-4-12-24-23/h1-7,12,17-19,25H,8-11,13-16H2/t18-,19+"
981,CHEMBL1940945,CCNC(=O)c1noc(-c2cc(C(C)C)c(O)cc2O)c1NC(=O)[C@H]1CC[C@H](O)CC1,"InChI=1S/C22H29N3O6/c1-4-23-22(30)19-18(24-21(29)12-5-7-13(26)8-6-12)20(31-25-19)15-9-14(11(2)3)16(27)10-17(15)28/h9-13,26-28H,4-8H2,1-3H3,(H,23,30)(H,24,29)/t12-,13-"
981,CHEMBL1940946,CCNC(=O)c1noc(-c2cc(C(C)C)c(O)cc2O)c1NC(=O)[C@H]1CC[C@@H](O)CC1,"InChI=1S/C22H29N3O6/c1-4-23-22(30)19-18(24-21(29)12-5-7-13(26)8-6-12)20(31-25-19)15-9-14(11(2)3)16(27)10-17(15)28/h9-13,26-28H,4-8H2,1-3H3,(H,23,30)(H,24,29)/t12-,13+"
982,CHEMBL4164429,OC[C@H]1O[C@@H](Oc2c(O)cc(O)cc2[C@H]2[C@H](c3ccc(O)cc3)[C@H](c3cc(O)cc(O)c3O[C@@H]3O[C@H](CO)[C@@H](O)[C@H](O)[C@H]3O)[C@H]2c2ccc(O)cc2)[C@H](O)[C@@H](O)[C@@H]1O,"InChI=1S/C40H44O18/c41-13-25-31(49)33(51)35(53)39(55-25)57-37-21(9-19(45)11-23(37)47)29-27(15-1-5-17(43)6-2-15)30(28(29)16-3-7-18(44)8-4-16)22-10-20(46)12-24(48)38(22)58-40-36(54)34(52)32(50)26(14-42)56-40/h1-12,25-36,39-54H,13-14H2/t25-,26-,27-,28-,29-,30-,31-,32-,33+,34+,35-,36-,39+,40+/m1/s1"
982,CHEMBL4173856,OC[C@H]1O[C@@H](Oc2c(O)cc(O)cc2[C@H]2[C@H](c3ccc(O)cc3)[C@@H](c3cc(O)cc(O)c3O[C@@H]3O[C@H](CO)[C@@H](O)[C@H](O)[C@H]3O)[C@@H]2c2ccc(O)cc2)[C@H](O)[C@@H](O)[C@@H]1O,"InChI=1S/C40H44O18/c41-13-25-31(49)33(51)35(53)39(55-25)57-37-21(9-19(45)11-23(37)47)29-27(15-1-5-17(43)6-2-15)30(28(29)16-3-7-18(44)8-4-16)22-10-20(46)12-24(48)38(22)58-40-36(54)34(52)32(50)26(14-42)56-40/h1-12,25-36,39-54H,13-14H2/t25-,26-,27-,28+,29-,30+,31-,32-,33+,34+,35-,36-,39+,40+/m1/s1"
983,CHEMBL246159,NC[C@H]1CC[C@@H](CNc2nc(NCc3ccccc3Cl)ncc2[N+](=O)[O-])CC1,"InChI=1S/C19H25ClN6O2/c20-16-4-2-1-3-15(16)11-23-19-24-12-17(26(27)28)18(25-19)22-10-14-7-5-13(9-21)6-8-14/h1-4,12-14H,5-11,21H2,(H2,22,23,24,25)/t13-,14+"
983,CHEMBL395691,NC[C@H]1CC[C@H](CNc2nc(NCc3ccccc3Cl)ncc2[N+](=O)[O-])CC1,"InChI=1S/C19H25ClN6O2/c20-16-4-2-1-3-15(16)11-23-19-24-12-17(26(27)28)18(25-19)22-10-14-7-5-13(9-21)6-8-14/h1-4,12-14H,5-11,21H2,(H2,22,23,24,25)/t13-,14-"
984,CHEMBL1962443,CCCCCCCCc1ccc([C@H]2CC[C@@H]([N+](C)(C)CCC)CC2)cc1,"InChI=1S/C25H44N/c1-5-7-8-9-10-11-12-22-13-15-23(16-14-22)24-17-19-25(20-18-24)26(3,4)21-6-2/h13-16,24-25H,5-12,17-21H2,1-4H3/q+1/t24-,25+"
984,CHEMBL1962444,CCCCCCCCc1ccc([C@H]2CC[C@H]([N+](C)(C)CCC)CC2)cc1,"InChI=1S/C25H44N/c1-5-7-8-9-10-11-12-22-13-15-23(16-14-22)24-17-19-25(20-18-24)26(3,4)21-6-2/h13-16,24-25H,5-12,17-21H2,1-4H3/q+1/t24-,25-"
985,CHEMBL171891,CCn1cnc2c(Nc3ccc(F)cc3)nc(N[C@H]3CC[C@H](N)CC3)nc21,"InChI=1S/C19H24FN7/c1-2-27-11-22-16-17(23-14-7-3-12(20)4-8-14)25-19(26-18(16)27)24-15-9-5-13(21)6-10-15/h3-4,7-8,11,13,15H,2,5-6,9-10,21H2,1H3,(H2,23,24,25,26)/t13-,15-"
985,CHEMBL173619,CCn1cnc2c(Nc3ccc(F)cc3)nc(N[C@H]3CC[C@@H](N)CC3)nc21,"InChI=1S/C19H24FN7/c1-2-27-11-22-16-17(23-14-7-3-12(20)4-8-14)25-19(26-18(16)27)24-15-9-5-13(21)6-10-15/h3-4,7-8,11,13,15H,2,5-6,9-10,21H2,1H3,(H2,23,24,25,26)/t13-,15+"
986,CHEMBL27220,COc1ccc([C@]2(C#N)CC[C@H](C(=O)O)CC2)cc1OC1CCCC1,"InChI=1S/C20H25NO4/c1-24-17-7-6-15(12-18(17)25-16-4-2-3-5-16)20(13-21)10-8-14(9-11-20)19(22)23/h6-7,12,14,16H,2-5,8-11H2,1H3,(H,22,23)/t14-,20+"
986,CHEMBL511115,COc1ccc([C@]2(C#N)CC[C@@H](C(=O)O)CC2)cc1OC1CCCC1,"InChI=1S/C20H25NO4/c1-24-17-7-6-15(12-18(17)25-16-4-2-3-5-16)20(13-21)10-8-14(9-11-20)19(22)23/h6-7,12,14,16H,2-5,8-11H2,1H3,(H,22,23)/t14-,20-"
987,CHEMBL457720,Clc1ccccc1[C@H]1CC[C@H](N2CCN(c3ccccn3)CC2)CC1,"InChI=1S/C21H26ClN3/c22-20-6-2-1-5-19(20)17-8-10-18(11-9-17)24-13-15-25(16-14-24)21-7-3-4-12-23-21/h1-7,12,17-18H,8-11,13-16H2/t17-,18-"
987,CHEMBL458802,Clc1ccccc1[C@H]1CC[C@@H](N2CCN(c3ccccn3)CC2)CC1,"InChI=1S/C21H26ClN3/c22-20-6-2-1-5-19(20)17-8-10-18(11-9-17)24-13-15-25(16-14-24)21-7-3-4-12-23-21/h1-7,12,17-18H,8-11,13-16H2/t17-,18+"
988,CHEMBL3612903,O=S(=O)(N[C@H]1CC[C@@H](N2c3ccccc3CCc3ccccc32)CC1)c1ccc(OC(F)(F)F)cc1,"InChI=1S/C27H27F3N2O3S/c28-27(29,30)35-23-15-17-24(18-16-23)36(33,34)31-21-11-13-22(14-12-21)32-25-7-3-1-5-19(25)9-10-20-6-2-4-8-26(20)32/h1-8,15-18,21-22,31H,9-14H2/t21-,22+"
988,CHEMBL3612904,O=S(=O)(N[C@H]1CC[C@H](N2c3ccccc3CCc3ccccc32)CC1)c1ccc(OC(F)(F)F)cc1,"InChI=1S/C27H27F3N2O3S/c28-27(29,30)35-23-15-17-24(18-16-23)36(33,34)31-21-11-13-22(14-12-21)32-25-7-3-1-5-19(25)9-10-20-6-2-4-8-26(20)32/h1-8,15-18,21-22,31H,9-14H2/t21-,22-"
989,CHEMBL543765,C[C@H]1CC[C@@](N)(c2ccccc2)CC1.Cl,"InChI=1S/C13H19N.ClH/c1-11-7-9-13(14,10-8-11)12-5-3-2-4-6-12;/h2-6,11H,7-10,14H2,1H3;1H/t11-,13-;"
989,CHEMBL554242,C[C@H]1CC[C@](N)(c2ccccc2)CC1.Cl,"InChI=1S/C13H19N.ClH/c1-11-7-9-13(14,10-8-11)12-5-3-2-4-6-12;/h2-6,11H,7-10,14H2,1H3;1H/t11-,13+;"
990,CHEMBL4282682,COc1cc(/C=C/C(=O)OCCCCN(C)[C@H]2CC[C@H](OC(=O)c3cc(OC)c(OC)c(OC)c3)CC2)cc(OC)c1OC,"InChI=1S/C33H45NO10/c1-34(16-8-9-17-43-30(35)15-10-22-18-26(37-2)31(41-6)27(19-22)38-3)24-11-13-25(14-12-24)44-33(36)23-20-28(39-4)32(42-7)29(21-23)40-5/h10,15,18-21,24-25H,8-9,11-14,16-17H2,1-7H3/b15-10+/t24-,25-"
990,CHEMBL4290564,COc1cc(/C=C/C(=O)OCCCCN(C)[C@H]2CC[C@@H](OC(=O)c3cc(OC)c(OC)c(OC)c3)CC2)cc(OC)c1OC,"InChI=1S/C33H45NO10/c1-34(16-8-9-17-43-30(35)15-10-22-18-26(37-2)31(41-6)27(19-22)38-3)24-11-13-25(14-12-24)44-33(36)23-20-28(39-4)32(42-7)29(21-23)40-5/h10,15,18-21,24-25H,8-9,11-14,16-17H2,1-7H3/b15-10+/t24-,25+"
991,CHEMBL202676,CO[C@H]1CC[C@@H](C(=O)Nc2cc(-c3ccnc(Nc4ccc(F)cc4)c3)ccn2)CC1,"InChI=1S/C24H25FN4O2/c1-31-21-8-2-16(3-9-21)24(30)29-23-15-18(11-13-27-23)17-10-12-26-22(14-17)28-20-6-4-19(25)5-7-20/h4-7,10-16,21H,2-3,8-9H2,1H3,(H,26,28)(H,27,29,30)/t16-,21+"
991,CHEMBL203631,CO[C@H]1CC[C@H](C(=O)Nc2cc(-c3ccnc(Nc4ccc(F)cc4)c3)ccn2)CC1,"InChI=1S/C24H25FN4O2/c1-31-21-8-2-16(3-9-21)24(30)29-23-15-18(11-13-27-23)17-10-12-26-22(14-17)28-20-6-4-19(25)5-7-20/h4-7,10-16,21H,2-3,8-9H2,1H3,(H,26,28)(H,27,29,30)/t16-,21-"
992,CHEMBL3698202,C[C@@H](c1ccccc1)N1CC[C@]2(CC[C@@H](O)CC2)OC1=O,"InChI=1S/C17H23NO3/c1-13(14-5-3-2-4-6-14)18-12-11-17(21-16(18)20)9-7-15(19)8-10-17/h2-6,13,15,19H,7-12H2,1H3/t13-,15-,17-/m0/s1"
992,CHEMBL3698246,C[C@@H](c1ccccc1)N1CC[C@]2(CC[C@H](O)CC2)OC1=O,"InChI=1S/C17H23NO3/c1-13(14-5-3-2-4-6-14)18-12-11-17(21-16(18)20)9-7-15(19)8-10-17/h2-6,13,15,19H,7-12H2,1H3/t13-,15-,17+/m0/s1"
993,CHEMBL1169507,N[C@]1(C(=O)O)C[C@H](CC(=O)O)C1,"InChI=1S/C7H11NO4/c8-7(6(11)12)2-4(3-7)1-5(9)10/h4H,1-3,8H2,(H,9,10)(H,11,12)/t4-,7+"
993,CHEMBL1201848,N[C@]1(C(=O)O)C[C@@H](CC(=O)O)C1,"InChI=1S/C7H11NO4/c8-7(6(11)12)2-4(3-7)1-5(9)10/h4H,1-3,8H2,(H,9,10)(H,11,12)/t4-,7-"
994,CHEMBL3264535,O=C(O[C@@H]1Cc2c(O)cc(O)cc2O[C@@H]1c1ccc(O)c(O)c1)[C@H]1CC[C@@H](F)CC1,"InChI=1S/C22H23FO7/c23-13-4-1-11(2-5-13)22(28)30-20-10-15-17(26)8-14(24)9-19(15)29-21(20)12-3-6-16(25)18(27)7-12/h3,6-9,11,13,20-21,24-27H,1-2,4-5,10H2/t11-,13+,20-,21-/m1/s1"
994,CHEMBL3264536,O=C(O[C@@H]1Cc2c(O)cc(O)cc2O[C@@H]1c1ccc(O)c(O)c1)[C@H]1CC[C@H](F)CC1,"InChI=1S/C22H23FO7/c23-13-4-1-11(2-5-13)22(28)30-20-10-15-17(26)8-14(24)9-19(15)29-21(20)12-3-6-16(25)18(27)7-12/h3,6-9,11,13,20-21,24-27H,1-2,4-5,10H2/t11-,13-,20-,21-/m1/s1"
995,CHEMBL3099716,CC1(C)OC(=O)N([C@H]2CC[C@H](c3cnc(N)c(-c4ncccn4)c3)CC2)[C@H]1c1ccccc1,"InChI=1S/C26H29N5O2/c1-26(2)22(18-7-4-3-5-8-18)31(25(32)33-26)20-11-9-17(10-12-20)19-15-21(23(27)30-16-19)24-28-13-6-14-29-24/h3-8,13-17,20,22H,9-12H2,1-2H3,(H2,27,30)/t17-,20-,22-/m0/s1"
995,CHEMBL3099717,CC1(C)OC(=O)N([C@H]2CC[C@@H](c3cnc(N)c(-c4ncccn4)c3)CC2)[C@H]1c1ccccc1,"InChI=1S/C26H29N5O2/c1-26(2)22(18-7-4-3-5-8-18)31(25(32)33-26)20-11-9-17(10-12-20)19-15-21(23(27)30-16-19)24-28-13-6-14-29-24/h3-8,13-17,20,22H,9-12H2,1-2H3,(H2,27,30)/t17-,20+,22-/m0/s1"
996,CHEMBL571523,COc1ccc(CC(=O)Nc2cn([C@H]3C[C@H](O)C3)cn2)cc1,"InChI=1S/C16H19N3O3/c1-22-14-4-2-11(3-5-14)6-16(21)18-15-9-19(10-17-15)12-7-13(20)8-12/h2-5,9-10,12-13,20H,6-8H2,1H3,(H,18,21)/t12-,13-"
996,CHEMBL571781,COc1ccc(CC(=O)Nc2cn([C@H]3C[C@@H](O)C3)cn2)cc1,"InChI=1S/C16H19N3O3/c1-22-14-4-2-11(3-5-14)6-16(21)18-15-9-19(10-17-15)12-7-13(20)8-12/h2-5,9-10,12-13,20H,6-8H2,1H3,(H,18,21)/t12-,13+"
997,CHEMBL4078903,O=c1ccc(-c2cc(C[C@]3(O)CC[C@@H](Cc4ccc(Cl)cc4)CC3)no2)c[nH]1,"InChI=1S/C22H23ClN2O3/c23-18-4-1-15(2-5-18)11-16-7-9-22(27,10-8-16)13-19-12-20(28-25-19)17-3-6-21(26)24-14-17/h1-6,12,14,16,27H,7-11,13H2,(H,24,26)/t16-,22+"
997,CHEMBL4103182,O=c1ccc(-c2cc(C[C@]3(O)CC[C@H](Cc4ccc(Cl)cc4)CC3)no2)c[nH]1,"InChI=1S/C22H23ClN2O3/c23-18-4-1-15(2-5-18)11-16-7-9-22(27,10-8-16)13-19-12-20(28-25-19)17-3-6-21(26)24-14-17/h1-6,12,14,16,27H,7-11,13H2,(H,24,26)/t16-,22-"
998,CHEMBL4125897,COC(=O)[C@]1(O)C[C@@H](OC(=O)/C=C/c2ccc(O)c(O)c2)[C@H](O)[C@H](OC(=O)/C=C/c2ccc(O)c(O)c2)C1,"InChI=1S/C26H26O12/c1-36-25(34)26(35)12-20(37-22(31)8-4-14-2-6-16(27)18(29)10-14)24(33)21(13-26)38-23(32)9-5-15-3-7-17(28)19(30)11-15/h2-11,20-21,24,27-30,33,35H,12-13H2,1H3/b8-4+,9-5+/t20-,21-,24-,26-/m1/s1"
998,CHEMBL463337,COC(=O)[C@]1(O)C[C@@H](OC(=O)/C=C/c2ccc(O)c(O)c2)[C@@H](O)[C@H](OC(=O)/C=C/c2ccc(O)c(O)c2)C1,"InChI=1S/C26H26O12/c1-36-25(34)26(35)12-20(37-22(31)8-4-14-2-6-16(27)18(29)10-14)24(33)21(13-26)38-23(32)9-5-15-3-7-17(28)19(30)11-15/h2-11,20-21,24,27-30,33,35H,12-13H2,1H3/b8-4+,9-5+/t20-,21-,24-,26+/m1/s1"
999,CHEMBL2051746,COC(=O)[C@H]1CC[C@@H](NC(=O)N(CCCl)N=O)CC1,"InChI=1S/C11H18ClN3O4/c1-19-10(16)8-2-4-9(5-3-8)13-11(17)15(14-18)7-6-12/h8-9H,2-7H2,1H3,(H,13,17)/t8-,9+"
999,CHEMBL2051939,COC(=O)[C@H]1CC[C@H](NC(=O)N(CCCl)N=O)CC1,"InChI=1S/C11H18ClN3O4/c1-19-10(16)8-2-4-9(5-3-8)13-11(17)15(14-18)7-6-12/h8-9H,2-7H2,1H3,(H,13,17)/t8-,9-"
1000,CHEMBL3924615,CCS(=O)(=O)c1ccc(O[C@H]2CC[C@H](O)CC2)c(-c2cn(C)c(=O)c3[nH]ccc23)c1,"InChI=1S/C22H26N2O5S/c1-3-30(27,28)16-8-9-20(29-15-6-4-14(25)5-7-15)18(12-16)19-13-24(2)22(26)21-17(19)10-11-23-21/h8-15,23,25H,3-7H2,1-2H3/t14-,15-"
1000,CHEMBL3964534,CCS(=O)(=O)c1ccc(O[C@H]2CC[C@@H](O)CC2)c(-c2cn(C)c(=O)c3[nH]ccc23)c1,"InChI=1S/C22H26N2O5S/c1-3-30(27,28)16-8-9-20(29-15-6-4-14(25)5-7-15)18(12-16)19-13-24(2)22(26)21-17(19)10-11-23-21/h8-15,23,25H,3-7H2,1-2H3/t14-,15+"
1001,CHEMBL2375966,Cc1nc(N)nc2c1cc(-c1cnn(C)c1)c(=O)n2[C@H]1CC[C@H](OCO)CC1,"InChI=1S/C19H24N6O3/c1-11-15-7-16(12-8-21-24(2)9-12)18(27)25(17(15)23-19(20)22-11)13-3-5-14(6-4-13)28-10-26/h7-9,13-14,26H,3-6,10H2,1-2H3,(H2,20,22,23)/t13-,14-"
1001,CHEMBL2375970,Cc1nc(N)nc2c1cc(-c1cnn(C)c1)c(=O)n2[C@H]1CC[C@@H](OCO)CC1,"InChI=1S/C19H24N6O3/c1-11-15-7-16(12-8-21-24(2)9-12)18(27)25(17(15)23-19(20)22-11)13-3-5-14(6-4-13)28-10-26/h7-9,13-14,26H,3-6,10H2,1-2H3,(H2,20,22,23)/t13-,14+"
1002,CHEMBL3937700,COc1ccc([C@H](NC(=O)c2ccc3cnc(N[C@H]4C[C@H](O)C4)nc3c2)c2cnn(C)c2)cc1F,"InChI=1S/C25H25FN6O3/c1-32-13-17(12-28-32)23(14-5-6-22(35-2)20(26)7-14)31-24(34)15-3-4-16-11-27-25(30-21(16)8-15)29-18-9-19(33)10-18/h3-8,11-13,18-19,23,33H,9-10H2,1-2H3,(H,31,34)(H,27,29,30)/t18-,19-,23-/m0/s1"
1002,CHEMBL3970751,COc1ccc([C@H](NC(=O)c2ccc3cnc(N[C@H]4C[C@@H](O)C4)nc3c2)c2cnn(C)c2)cc1F,"InChI=1S/C25H25FN6O3/c1-32-13-17(12-28-32)23(14-5-6-22(35-2)20(26)7-14)31-24(34)15-3-4-16-11-27-25(30-21(16)8-15)29-18-9-19(33)10-18/h3-8,11-13,18-19,23,33H,9-10H2,1-2H3,(H,31,34)(H,27,29,30)/t18-,19+,23-/m0/s1"
1003,CHEMBL495930,O=C1O[C@]2(CC[C@H](c3nc4cccnc4[nH]3)CC2)c2ccccc21,"InChI=1S/C19H17N3O2/c23-18-13-4-1-2-5-14(13)19(24-18)9-7-12(8-10-19)16-21-15-6-3-11-20-17(15)22-16/h1-6,11-12H,7-10H2,(H,20,21,22)/t12-,19-"
1003,CHEMBL498197,O=C1O[C@]2(CC[C@@H](c3nc4cccnc4[nH]3)CC2)c2ccccc21,"InChI=1S/C19H17N3O2/c23-18-13-4-1-2-5-14(13)19(24-18)9-7-12(8-10-19)16-21-15-6-3-11-20-17(15)22-16/h1-6,11-12H,7-10H2,(H,20,21,22)/t12-,19+"
1004,CHEMBL3652983,O[C@H]1CC[C@H](Nc2cc(-c3cccc(NCc4cccc(F)c4)n3)c(Cl)cn2)CC1,"InChI=1S/C23H24ClFN4O/c24-20-14-27-23(28-17-7-9-18(30)10-8-17)12-19(20)21-5-2-6-22(29-21)26-13-15-3-1-4-16(25)11-15/h1-6,11-12,14,17-18,30H,7-10,13H2,(H,26,29)(H,27,28)/t17-,18-"
1004,CHEMBL3653048,O[C@H]1CC[C@@H](Nc2cc(-c3cccc(NCc4cccc(F)c4)n3)c(Cl)cn2)CC1,"InChI=1S/C23H24ClFN4O/c24-20-14-27-23(28-17-7-9-18(30)10-8-17)12-19(20)21-5-2-6-22(29-21)26-13-15-3-1-4-16(25)11-15/h1-6,11-12,14,17-18,30H,7-10,13H2,(H,26,29)(H,27,28)/t17-,18+"
1005,CHEMBL1223817,CN(C)C(=O)N[C@H]1CC[C@H](CN2[C@@H]3CC[C@H]2C[C@@H](Oc2cccc(C(N)=O)c2)C3)CC1,"InChI=1S/C24H36N4O3/c1-27(2)24(30)26-18-8-6-16(7-9-18)15-28-19-10-11-20(28)14-22(13-19)31-21-5-3-4-17(12-21)23(25)29/h3-5,12,16,18-20,22H,6-11,13-15H2,1-2H3,(H2,25,29)(H,26,30)/t16-,18-,19-,20+,22+"
1005,CHEMBL1223871,CN(C)C(=O)N[C@H]1CC[C@@H](CN2[C@@H]3CC[C@H]2C[C@@H](Oc2cccc(C(N)=O)c2)C3)CC1,"InChI=1S/C24H36N4O3/c1-27(2)24(30)26-18-8-6-16(7-9-18)15-28-19-10-11-20(28)14-22(13-19)31-21-5-3-4-17(12-21)23(25)29/h3-5,12,16,18-20,22H,6-11,13-15H2,1-2H3,(H2,25,29)(H,26,30)/t16-,18+,19-,20+,22+"
1006,CHEMBL3647591,Cc1ccc(N[C@H]2C[C@H](Oc3ncccc3C3CCOCC3)C2)nc1,"InChI=1S/C20H25N3O2/c1-14-4-5-19(22-13-14)23-16-11-17(12-16)25-20-18(3-2-8-21-20)15-6-9-24-10-7-15/h2-5,8,13,15-17H,6-7,9-12H2,1H3,(H,22,23)/t16-,17-"
1006,CHEMBL3647592,Cc1ccc(N[C@H]2C[C@@H](Oc3ncccc3C3CCOCC3)C2)nc1,"InChI=1S/C20H25N3O2/c1-14-4-5-19(22-13-14)23-16-11-17(12-16)25-20-18(3-2-8-21-20)15-6-9-24-10-7-15/h2-5,8,13,15-17H,6-7,9-12H2,1H3,(H,22,23)/t16-,17+"
1007,CHEMBL2403864,Cc1ccc2c(c1)nc(C(C)(C)O)n2[C@H]1CC[C@@H](NC[C@H]2Cc3ccc(C#N)cc3C2)CC1,"InChI=1S/C28H34N4O/c1-18-4-11-26-25(12-18)31-27(28(2,3)33)32(26)24-9-7-23(8-10-24)30-17-20-14-21-6-5-19(16-29)13-22(21)15-20/h4-6,11-13,20,23-24,30,33H,7-10,14-15,17H2,1-3H3/t20-,23-,24+/m0/s1"
1007,CHEMBL2403868,Cc1ccc2c(c1)nc(C(C)(C)O)n2[C@H]1CC[C@H](NC[C@H]2Cc3ccc(C#N)cc3C2)CC1,"InChI=1S/C28H34N4O/c1-18-4-11-26-25(12-18)31-27(28(2,3)33)32(26)24-9-7-23(8-10-24)30-17-20-14-21-6-5-19(16-29)13-22(21)15-20/h4-6,11-13,20,23-24,30,33H,7-10,14-15,17H2,1-3H3/t20-,23-,24-/m0/s1"
1008,CHEMBL1223870,CN(C)C(=O)N[C@H]1CC[C@H](CCN2[C@@H]3CC[C@H]2C[C@@H](Oc2cccc(C(N)=O)c2)C3)CC1,"InChI=1S/C25H38N4O3/c1-28(2)25(31)27-19-8-6-17(7-9-19)12-13-29-20-10-11-21(29)16-23(15-20)32-22-5-3-4-18(14-22)24(26)30/h3-5,14,17,19-21,23H,6-13,15-16H2,1-2H3,(H2,26,30)(H,27,31)/t17-,19-,20-,21+,23+"
1008,CHEMBL1223872,CN(C)C(=O)N[C@H]1CC[C@@H](CCN2[C@@H]3CC[C@H]2C[C@@H](Oc2cccc(C(N)=O)c2)C3)CC1,"InChI=1S/C25H38N4O3/c1-28(2)25(31)27-19-8-6-17(7-9-19)12-13-29-20-10-11-21(29)16-23(15-20)32-22-5-3-4-18(14-22)24(26)30/h3-5,14,17,19-21,23H,6-13,15-16H2,1-2H3,(H2,26,30)(H,27,31)/t17-,19+,20-,21+,23+"
1009,CHEMBL3910679,CC(=O)NC[C@H]1C[C@H](n2cc(-c3cccc(OCc4ccccc4Cl)c3)c3c(N)ncnc32)C1,"InChI=1S/C26H26ClN5O2/c1-16(33)29-12-17-9-20(10-17)32-13-22(24-25(28)30-15-31-26(24)32)18-6-4-7-21(11-18)34-14-19-5-2-3-8-23(19)27/h2-8,11,13,15,17,20H,9-10,12,14H2,1H3,(H,29,33)(H2,28,30,31)/t17-,20-"
1009,CHEMBL3939897,CC(=O)NC[C@H]1C[C@@H](n2cc(-c3cccc(OCc4ccccc4Cl)c3)c3c(N)ncnc32)C1,"InChI=1S/C26H26ClN5O2/c1-16(33)29-12-17-9-20(10-17)32-13-22(24-25(28)30-15-31-26(24)32)18-6-4-7-21(11-18)34-14-19-5-2-3-8-23(19)27/h2-8,11,13,15,17,20H,9-10,12,14H2,1H3,(H,29,33)(H2,28,30,31)/t17-,20+"
1010,CHEMBL277301,COc1ccccc1N1CCN(CCCCNC(=O)[C@H]2CC[C@@H](c3ccccc3)CC2)CC1,"InChI=1S/C28H39N3O2/c1-33-27-12-6-5-11-26(27)31-21-19-30(20-22-31)18-8-7-17-29-28(32)25-15-13-24(14-16-25)23-9-3-2-4-10-23/h2-6,9-12,24-25H,7-8,13-22H2,1H3,(H,29,32)/t24-,25+"
1010,CHEMBL426414,COc1ccccc1N1CCN(CCCCNC(=O)[C@H]2CC[C@H](c3ccccc3)CC2)CC1,"InChI=1S/C28H39N3O2/c1-33-27-12-6-5-11-26(27)31-21-19-30(20-22-31)18-8-7-17-29-28(32)25-15-13-24(14-16-25)23-9-3-2-4-10-23/h2-6,9-12,24-25H,7-8,13-22H2,1H3,(H,29,32)/t24-,25-"
1011,CHEMBL3927961,c1cc2c(ncn3nnc([C@H]4CC[C@@H](CNC5CC5)CC4)c23)[nH]1,"InChI=1S/C17H22N6/c1-3-12(4-2-11(1)9-19-13-5-6-13)15-16-14-7-8-18-17(14)20-10-23(16)22-21-15/h7-8,10-13,18-19H,1-6,9H2/t11-,12+"
1011,CHEMBL3963443,c1cc2c(ncn3nnc([C@H]4CC[C@H](CNC5CC5)CC4)c23)[nH]1,"InChI=1S/C17H22N6/c1-3-12(4-2-11(1)9-19-13-5-6-13)15-16-14-7-8-18-17(14)20-10-23(16)22-21-15/h7-8,10-13,18-19H,1-6,9H2/t11-,12-"
1012,CHEMBL3740040,O=C(Nc1nnc(Cc2ccccc2)s1)c1ccc(O[C@H]2CC[C@H](C(=O)O)CC2)cc1,"InChI=1S/C23H23N3O4S/c27-21(24-23-26-25-20(31-23)14-15-4-2-1-3-5-15)16-6-10-18(11-7-16)30-19-12-8-17(9-13-19)22(28)29/h1-7,10-11,17,19H,8-9,12-14H2,(H,28,29)(H,24,26,27)/t17-,19-"
1012,CHEMBL3741569,O=C(Nc1nnc(Cc2ccccc2)s1)c1ccc(O[C@H]2CC[C@@H](C(=O)O)CC2)cc1,"InChI=1S/C23H23N3O4S/c27-21(24-23-26-25-20(31-23)14-15-4-2-1-3-5-15)16-6-10-18(11-7-16)30-19-12-8-17(9-13-19)22(28)29/h1-7,10-11,17,19H,8-9,12-14H2,(H,28,29)(H,24,26,27)/t17-,19+"
1013,CHEMBL234422,COc1ccc([N+](=O)[O-])cc1S(=O)(=O)N[C@H]1CC[C@H](N2CCN(c3ccccc3OC(C)C)CC2)CC1,"InChI=1S/C26H36N4O6S/c1-19(2)36-24-7-5-4-6-23(24)29-16-14-28(15-17-29)21-10-8-20(9-11-21)27-37(33,34)26-18-22(30(31)32)12-13-25(26)35-3/h4-7,12-13,18-21,27H,8-11,14-17H2,1-3H3/t20-,21-"
1013,CHEMBL429623,COc1ccc([N+](=O)[O-])cc1S(=O)(=O)N[C@H]1CC[C@@H](N2CCN(c3ccccc3OC(C)C)CC2)CC1,"InChI=1S/C26H36N4O6S/c1-19(2)36-24-7-5-4-6-23(24)29-16-14-28(15-17-29)21-10-8-20(9-11-21)27-37(33,34)26-18-22(30(31)32)12-13-25(26)35-3/h4-7,12-13,18-21,27H,8-11,14-17H2,1-3H3/t20-,21+"
1014,CHEMBL2010240,Cc1ccc(C[C@]2(OCCN(C)C)CC[C@@H](C(C)(C)C)CC2)cc1,"InChI=1S/C22H37NO/c1-18-7-9-19(10-8-18)17-22(24-16-15-23(5)6)13-11-20(12-14-22)21(2,3)4/h7-10,20H,11-17H2,1-6H3/t20-,22+"
1014,CHEMBL2021480,Cc1ccc(C[C@]2(OCCN(C)C)CC[C@H](C(C)(C)C)CC2)cc1,"InChI=1S/C22H37NO/c1-18-7-9-19(10-8-18)17-22(24-16-15-23(5)6)13-11-20(12-14-22)21(2,3)4/h7-10,20H,11-17H2,1-6H3/t20-,22-"
1015,CHEMBL3698192,CC(C)(c1ccc(Br)cc1)N1CC[C@]2(CC[C@@H](O)CC2)OC1=O,"InChI=1S/C18H24BrNO3/c1-17(2,13-3-5-14(19)6-4-13)20-12-11-18(23-16(20)22)9-7-15(21)8-10-18/h3-6,15,21H,7-12H2,1-2H3/t15-,18-"
1015,CHEMBL3698243,CC(C)(c1ccc(Br)cc1)N1CC[C@]2(CC[C@H](O)CC2)OC1=O,"InChI=1S/C18H24BrNO3/c1-17(2,13-3-5-14(19)6-4-13)20-12-11-18(23-16(20)22)9-7-15(21)8-10-18/h3-6,15,21H,7-12H2,1-2H3/t15-,18+"
1016,CHEMBL3967068,O=C(Nc1cc2cccnc2cc1O[C@H]1CC[C@@H](O)CC1)c1csc2cncnc12,"InChI=1S/C22H20N4O3S/c27-14-3-5-15(6-4-14)29-19-9-17-13(2-1-7-24-17)8-18(19)26-22(28)16-11-30-20-10-23-12-25-21(16)20/h1-2,7-12,14-15,27H,3-6H2,(H,26,28)/t14-,15+"
1016,CHEMBL3972673,O=C(Nc1cc2cccnc2cc1O[C@H]1CC[C@H](O)CC1)c1csc2cncnc12,"InChI=1S/C22H20N4O3S/c27-14-3-5-15(6-4-14)29-19-9-17-13(2-1-7-24-17)8-18(19)26-22(28)16-11-30-20-10-23-12-25-21(16)20/h1-2,7-12,14-15,27H,3-6H2,(H,26,28)/t14-,15-"
1017,CHEMBL3952151,c1cc2c(ncn3nnc([C@H]4CC[C@@H](NN5CCOCC5)CC4)c23)[nH]1,"InChI=1S/C17H23N7O/c1-3-13(21-23-7-9-25-10-8-23)4-2-12(1)15-16-14-5-6-18-17(14)19-11-24(16)22-20-15/h5-6,11-13,18,21H,1-4,7-10H2/t12-,13+"
1017,CHEMBL3984482,c1cc2c(ncn3nnc([C@H]4CC[C@H](NN5CCOCC5)CC4)c23)[nH]1,"InChI=1S/C17H23N7O/c1-3-13(21-23-7-9-25-10-8-23)4-2-12(1)15-16-14-5-6-18-17(14)19-11-24(16)22-20-15/h5-6,11-13,18,21H,1-4,7-10H2/t12-,13-"
1018,CHEMBL4292329,c1ccc2c(c1)c1cc[n+]2Cc2ccc(cc2)C[n+]2ccc(c3ccccc32)NCc2ccc(cc2)CN1,"InChI=1S/C34H28N4/c1-3-7-33-29(5-1)31-17-19-37(33)23-27-13-15-28(16-14-27)24-38-20-18-32(30-6-2-4-8-34(30)38)36-22-26-11-9-25(10-12-26)21-35-31/h1-20H,21-24H2/p+2/b35-31+,36-32+"
1018,CHEMBL430146,c1ccc2c(c1)c1cc[n+]2Cc2ccc(cc2)C[n+]2ccc(c3ccccc32)NCc2ccc(cc2)CN1,"InChI=1S/C34H28N4/c1-3-7-33-29(5-1)31-17-19-37(33)23-27-13-15-28(16-14-27)24-38-20-18-32(30-6-2-4-8-34(30)38)36-22-26-11-9-25(10-12-26)21-35-31/h1-20H,21-24H2/p+2"
1019,CHEMBL246223,Cc1ccc([C@H]2OC[C@@H](N)CO2)cc1,"InChI=1S/C11H15NO2/c1-8-2-4-9(5-3-8)11-13-6-10(12)7-14-11/h2-5,10-11H,6-7,12H2,1H3/t10-,11+"
1019,CHEMBL395462,Cc1ccc([C@H]2OC[C@H](N)CO2)cc1,"InChI=1S/C11H15NO2/c1-8-2-4-9(5-3-8)11-13-6-10(12)7-14-11/h2-5,10-11H,6-7,12H2,1H3/t10-,11-"
1020,CHEMBL4207351,Nc1ncnc2c1c(-c1ccc(Oc3ccccc3)cc1)cn2[C@H]1CC[C@H](N2CCC[C@H]2C(=O)O)CC1,"InChI=1S/C29H31N5O3/c30-27-26-24(19-8-14-23(15-9-19)37-22-5-2-1-3-6-22)17-34(28(26)32-18-31-27)21-12-10-20(11-13-21)33-16-4-7-25(33)29(35)36/h1-3,5-6,8-9,14-15,17-18,20-21,25H,4,7,10-13,16H2,(H,35,36)(H2,30,31,32)/t20-,21-,25-/m0/s1"
1020,CHEMBL4212241,Nc1ncnc2c1c(-c1ccc(Oc3ccccc3)cc1)cn2[C@H]1CC[C@@H](N2CCC[C@H]2C(=O)O)CC1,"InChI=1S/C29H31N5O3/c30-27-26-24(19-8-14-23(15-9-19)37-22-5-2-1-3-6-22)17-34(28(26)32-18-31-27)21-12-10-20(11-13-21)33-16-4-7-25(33)29(35)36/h1-3,5-6,8-9,14-15,17-18,20-21,25H,4,7,10-13,16H2,(H,35,36)(H2,30,31,32)/t20-,21+,25-/m0/s1"
1021,CHEMBL2381601,NC(=O)c1cnc(N[C@H]2CC[C@H](N)CC2)c2nc(-c3ccc(Cl)cc3)cn12,"InChI=1S/C19H21ClN6O/c20-12-3-1-11(2-4-12)15-10-26-16(17(22)27)9-23-18(19(26)25-15)24-14-7-5-13(21)6-8-14/h1-4,9-10,13-14H,5-8,21H2,(H2,22,27)(H,23,24)/t13-,14-"
1021,CHEMBL2381602,NC(=O)c1cnc(N[C@H]2CC[C@@H](N)CC2)c2nc(-c3ccc(Cl)cc3)cn12,"InChI=1S/C19H21ClN6O/c20-12-3-1-11(2-4-12)15-10-26-16(17(22)27)9-23-18(19(26)25-15)24-14-7-5-13(21)6-8-14/h1-4,9-10,13-14H,5-8,21H2,(H2,22,27)(H,23,24)/t13-,14+"
1022,CHEMBL3648958,Cc1nc(N)nc2c1cc(-c1ccc(N(C)C)nc1)c(=O)n2[C@H]1CC[C@@H](O)CC1,"InChI=1S/C21H26N6O2/c1-12-16-10-17(13-4-9-18(23-11-13)26(2)3)20(29)27(19(16)25-21(22)24-12)14-5-7-15(28)8-6-14/h4,9-11,14-15,28H,5-8H2,1-3H3,(H2,22,24,25)/t14-,15+"
1022,CHEMBL3648967,Cc1nc(N)nc2c1cc(-c1ccc(N(C)C)nc1)c(=O)n2[C@H]1CC[C@H](O)CC1,"InChI=1S/C21H26N6O2/c1-12-16-10-17(13-4-9-18(23-11-13)26(2)3)20(29)27(19(16)25-21(22)24-12)14-5-7-15(28)8-6-14/h4,9-11,14-15,28H,5-8H2,1-3H3,(H2,22,24,25)/t14-,15-"
1023,CHEMBL4078268,N[C@H]1CC[C@@H](CNc2cc(F)c(S(=O)(=O)Nc3nccs3)cc2Cl)CC1,"InChI=1S/C16H20ClFN4O2S2/c17-12-7-15(26(23,24)22-16-20-5-6-25-16)13(18)8-14(12)21-9-10-1-3-11(19)4-2-10/h5-8,10-11,21H,1-4,9,19H2,(H,20,22)/t10-,11+"
1023,CHEMBL4097237,N[C@H]1CC[C@H](CNc2cc(F)c(S(=O)(=O)Nc3nccs3)cc2Cl)CC1,"InChI=1S/C16H20ClFN4O2S2/c17-12-7-15(26(23,24)22-16-20-5-6-25-16)13(18)8-14(12)21-9-10-1-3-11(19)4-2-10/h5-8,10-11,21H,1-4,9,19H2,(H,20,22)/t10-,11-"
1024,CHEMBL2316209,O=C(CNc1nccc2ccc(C(F)(F)F)cc12)NC1CN([C@H]2CC[C@@](O)(c3cncs3)CC2)C1,"InChI=1S/C24H26F3N5O2S/c25-24(26,27)16-2-1-15-5-8-29-22(19(15)9-16)30-11-21(33)31-17-12-32(13-17)18-3-6-23(34,7-4-18)20-10-28-14-35-20/h1-2,5,8-10,14,17-18,34H,3-4,6-7,11-13H2,(H,29,30)(H,31,33)/t18-,23-"
1024,CHEMBL3659051,O=C(CNc1nccc2ccc(C(F)(F)F)cc12)NC1CN([C@H]2CC[C@](O)(c3cncs3)CC2)C1,"InChI=1S/C24H26F3N5O2S/c25-24(26,27)16-2-1-15-5-8-29-22(19(15)9-16)30-11-21(33)31-17-12-32(13-17)18-3-6-23(34,7-4-18)20-10-28-14-35-20/h1-2,5,8-10,14,17-18,34H,3-4,6-7,11-13H2,(H,29,30)(H,31,33)/t18-,23+"
1025,CHEMBL4204499,Nc1ncnc2c1c(-c1ccc(Oc3ccccc3)cc1)cn2[C@H]1CC[C@@H](N[C@@H](Cc2ccccc2)C(=O)O)CC1,"InChI=1S/C33H33N5O3/c34-31-30-28(23-11-17-27(18-12-23)41-26-9-5-2-6-10-26)20-38(32(30)36-21-35-31)25-15-13-24(14-16-25)37-29(33(39)40)19-22-7-3-1-4-8-22/h1-12,17-18,20-21,24-25,29,37H,13-16,19H2,(H,39,40)(H2,34,35,36)/t24-,25+,29-/m0/s1"
1025,CHEMBL4216163,Nc1ncnc2c1c(-c1ccc(Oc3ccccc3)cc1)cn2[C@H]1CC[C@H](N[C@@H](Cc2ccccc2)C(=O)O)CC1,"InChI=1S/C33H33N5O3/c34-31-30-28(23-11-17-27(18-12-23)41-26-9-5-2-6-10-26)20-38(32(30)36-21-35-31)25-15-13-24(14-16-25)37-29(33(39)40)19-22-7-3-1-4-8-22/h1-12,17-18,20-21,24-25,29,37H,13-16,19H2,(H,39,40)(H2,34,35,36)/t24-,25-,29-/m0/s1"
1026,CHEMBL3911621,COc1cc(OC)cc(N(c2ccc3ncc(-c4cnn(C)c4)nc3c2)[C@H]2CC[C@@H](NC(C)C)CC2)c1,"InChI=1S/C29H36N6O2/c1-19(2)32-21-6-8-22(9-7-21)35(24-12-25(36-4)15-26(13-24)37-5)23-10-11-27-28(14-23)33-29(17-30-27)20-16-31-34(3)18-20/h10-19,21-22,32H,6-9H2,1-5H3/t21-,22+"
1026,CHEMBL3918800,COc1cc(OC)cc(N(c2ccc3ncc(-c4cnn(C)c4)nc3c2)[C@H]2CC[C@H](NC(C)C)CC2)c1,"InChI=1S/C29H36N6O2/c1-19(2)32-21-6-8-22(9-7-21)35(24-12-25(36-4)15-26(13-24)37-5)23-10-11-27-28(14-23)33-29(17-30-27)20-16-31-34(3)18-20/h10-19,21-22,32H,6-9H2,1-5H3/t21-,22-"
1027,CHEMBL3898440,O=C(N[C@H]1CC[C@@H](O)CC1)c1cc(NC(=O)c2cc(-c3ncccc3F)ccc2Cl)n(-c2ccccc2)n1,"InChI=1S/C28H25ClFN5O3/c29-22-13-8-17(26-23(30)7-4-14-31-26)15-21(22)27(37)33-25-16-24(34-35(25)19-5-2-1-3-6-19)28(38)32-18-9-11-20(36)12-10-18/h1-8,13-16,18,20,36H,9-12H2,(H,32,38)(H,33,37)/t18-,20+"
1027,CHEMBL3963650,O=C(N[C@H]1CC[C@H](O)CC1)c1cc(NC(=O)c2cc(-c3ncccc3F)ccc2Cl)n(-c2ccccc2)n1,"InChI=1S/C28H25ClFN5O3/c29-22-13-8-17(26-23(30)7-4-14-31-26)15-21(22)27(37)33-25-16-24(34-35(25)19-5-2-1-3-6-19)28(38)32-18-9-11-20(36)12-10-18/h1-8,13-16,18,20,36H,9-12H2,(H,32,38)(H,33,37)/t18-,20-"
1028,CHEMBL2021499,C[C@@](O)(c1ccc(C(=O)N(C2CC2)[C@H]2CC[C@](C#N)(c3ccc(F)cc3)CC2)cc1)C(F)(F)F,"InChI=1S/C26H26F4N2O2/c1-24(34,26(28,29)30)18-4-2-17(3-5-18)23(33)32(21-10-11-21)22-12-14-25(16-31,15-13-22)19-6-8-20(27)9-7-19/h2-9,21-22,34H,10-15H2,1H3/t22-,24-,25-/m1/s1"
1028,CHEMBL2021500,C[C@@](O)(c1ccc(C(=O)N(C2CC2)[C@H]2CC[C@@](C#N)(c3ccc(F)cc3)CC2)cc1)C(F)(F)F,"InChI=1S/C26H26F4N2O2/c1-24(34,26(28,29)30)18-4-2-17(3-5-18)23(33)32(21-10-11-21)22-12-14-25(16-31,15-13-22)19-6-8-20(27)9-7-19/h2-9,21-22,34H,10-15H2,1H3/t22-,24-,25+/m1/s1"
1029,CHEMBL2347413,Cn1nc(-c2cnc3[nH]cc(C(=O)N[C@]4(C)C[C@H](N)C4)c3n2)c2ccc(F)cc21,"InChI=1S/C20H20FN7O/c1-20(6-11(22)7-20)26-19(29)13-8-23-18-17(13)25-14(9-24-18)16-12-4-3-10(21)5-15(12)28(2)27-16/h3-5,8-9,11H,6-7,22H2,1-2H3,(H,23,24)(H,26,29)/t11-,20+"
1029,CHEMBL2347414,Cn1nc(-c2cnc3[nH]cc(C(=O)N[C@]4(C)C[C@@H](N)C4)c3n2)c2ccc(F)cc21,"InChI=1S/C20H20FN7O/c1-20(6-11(22)7-20)26-19(29)13-8-23-18-17(13)25-14(9-24-18)16-12-4-3-10(21)5-15(12)28(2)27-16/h3-5,8-9,11H,6-7,22H2,1-2H3,(H,23,24)(H,26,29)/t11-,20-"
1030,CHEMBL291639,Cc1ccc(/C(=C(\C#N)c2ccccc2)c2ccc(O)cc2)cc1,"InChI=1S/C22H17NO/c1-16-7-9-18(10-8-16)22(19-11-13-20(24)14-12-19)21(15-23)17-5-3-2-4-6-17/h2-14,24H,1H3/b22-21-"
1030,CHEMBL302647,Cc1ccc(/C(=C(/C#N)c2ccccc2)c2ccc(O)cc2)cc1,"InChI=1S/C22H17NO/c1-16-7-9-18(10-8-16)22(19-11-13-20(24)14-12-19)21(15-23)17-5-3-2-4-6-17/h2-14,24H,1H3/b22-21+"
1031,CHEMBL1414114,CC(C)(O)[C@H]1CC[C@](C)(O)CC1,"InChI=1S/C10H20O2/c1-9(2,11)8-4-6-10(3,12)7-5-8/h8,11-12H,4-7H2,1-3H3/t8-,10-"
1031,CHEMBL1513871,CC(C)(O)[C@H]1CC[C@@](C)(O)CC1,"InChI=1S/C10H20O2/c1-9(2,11)8-4-6-10(3,12)7-5-8/h8,11-12H,4-7H2,1-3H3/t8-,10+"
1032,CHEMBL3322456,Cc1c(C(=O)NCCCCNC(=O)[C@H]2CC[C@H](C(=O)NCCCCNC(=O)c3nn(-c4ccc(Cl)cc4Cl)c(-c4ccc(Cl)cc4)c3C)CC2)nn(-c2ccc(Cl)cc2Cl)c1-c1ccc(Cl)cc1,"InChI=1S/C50H50Cl6N8O4/c1-29-43(61-63(41-21-19-37(53)27-39(41)55)45(29)31-11-15-35(51)16-12-31)49(67)59-25-5-3-23-57-47(65)33-7-9-34(10-8-33)48(66)58-24-4-6-26-60-50(68)44-30(2)46(32-13-17-36(52)18-14-32)64(62-44)42-22-20-38(54)28-40(42)56/h11-22,27-28,33-34H,3-10,23-26H2,1-2H3,(H,57,65)(H,58,66)(H,59,67)(H,60,68)/t33-,34-"
1032,CHEMBL3322459,Cc1c(C(=O)NCCCCNC(=O)[C@H]2CC[C@@H](C(=O)NCCCCNC(=O)c3nn(-c4ccc(Cl)cc4Cl)c(-c4ccc(Cl)cc4)c3C)CC2)nn(-c2ccc(Cl)cc2Cl)c1-c1ccc(Cl)cc1,"InChI=1S/C50H50Cl6N8O4/c1-29-43(61-63(41-21-19-37(53)27-39(41)55)45(29)31-11-15-35(51)16-12-31)49(67)59-25-5-3-23-57-47(65)33-7-9-34(10-8-33)48(66)58-24-4-6-26-60-50(68)44-30(2)46(32-13-17-36(52)18-14-32)64(62-44)42-22-20-38(54)28-40(42)56/h11-22,27-28,33-34H,3-10,23-26H2,1-2H3,(H,57,65)(H,58,66)(H,59,67)(H,60,68)/t33-,34+"
1033,CHEMBL1927574,C#CCN[C@H]1CC[C@@H](c2ccc(CCCCCCCC)cc2)CC1,"InChI=1S/C23H35N/c1-3-5-6-7-8-9-10-20-11-13-21(14-12-20)22-15-17-23(18-16-22)24-19-4-2/h2,11-14,22-24H,3,5-10,15-19H2,1H3/t22-,23+"
1033,CHEMBL1927575,C#CCN[C@H]1CC[C@H](c2ccc(CCCCCCCC)cc2)CC1,"InChI=1S/C23H35N/c1-3-5-6-7-8-9-10-20-11-13-21(14-12-20)22-15-17-23(18-16-22)24-19-4-2/h2,11-14,22-24H,3,5-10,15-19H2,1H3/t22-,23-"
1034,CHEMBL4213227,Nc1ncnc2c1c(-c1ccc(Oc3ccccc3)cc1)cn2[C@H]1CC[C@H](N[C@H](Cc2ccc(O)cc2)C(=O)O)CC1,"InChI=1S/C33H33N5O4/c34-31-30-28(22-8-16-27(17-9-22)42-26-4-2-1-3-5-26)19-38(32(30)36-20-35-31)24-12-10-23(11-13-24)37-29(33(40)41)18-21-6-14-25(39)15-7-21/h1-9,14-17,19-20,23-24,29,37,39H,10-13,18H2,(H,40,41)(H2,34,35,36)/t23-,24-,29-/m1/s1"
1034,CHEMBL4218162,Nc1ncnc2c1c(-c1ccc(Oc3ccccc3)cc1)cn2[C@H]1CC[C@@H](N[C@H](Cc2ccc(O)cc2)C(=O)O)CC1,"InChI=1S/C33H33N5O4/c34-31-30-28(22-8-16-27(17-9-22)42-26-4-2-1-3-5-26)19-38(32(30)36-20-35-31)24-12-10-23(11-13-24)37-29(33(40)41)18-21-6-14-25(39)15-7-21/h1-9,14-17,19-20,23-24,29,37,39H,10-13,18H2,(H,40,41)(H2,34,35,36)/t23-,24+,29-/m1/s1"
1035,CHEMBL3823182,CC/C(=C(\c1ccc(NC(=O)C(C)C)cc1)c1ccc(OC)cc1)c1ccc(OCc2ccccc2)cc1,"InChI=1S/C34H35NO3/c1-5-32(26-13-21-31(22-14-26)38-23-25-9-7-6-8-10-25)33(28-15-19-30(37-4)20-16-28)27-11-17-29(18-12-27)35-34(36)24(2)3/h6-22,24H,5,23H2,1-4H3,(H,35,36)/b33-32-"
1035,CHEMBL3823439,CC/C(=C(/c1ccc(NC(=O)C(C)C)cc1)c1ccc(OC)cc1)c1ccc(OCc2ccccc2)cc1,"InChI=1S/C34H35NO3/c1-5-32(26-13-21-31(22-14-26)38-23-25-9-7-6-8-10-25)33(28-15-19-30(37-4)20-16-28)27-11-17-29(18-12-27)35-34(36)24(2)3/h6-22,24H,5,23H2,1-4H3,(H,35,36)/b33-32+"
1036,CHEMBL3920771,O[C@H]1CC[C@@H](Nc2ccc3ncc(-c4cccc(OC(F)(F)F)c4)n3n2)CC1,"InChI=1S/C19H19F3N4O2/c20-19(21,22)28-15-3-1-2-12(10-15)16-11-23-18-9-8-17(25-26(16)18)24-13-4-6-14(27)7-5-13/h1-3,8-11,13-14,27H,4-7H2,(H,24,25)/t13-,14+"
1036,CHEMBL3965204,O[C@H]1CC[C@H](Nc2ccc3ncc(-c4cccc(OC(F)(F)F)c4)n3n2)CC1,"InChI=1S/C19H19F3N4O2/c20-19(21,22)28-15-3-1-2-12(10-15)16-11-23-18-9-8-17(25-26(16)18)24-13-4-6-14(27)7-5-13/h1-3,8-11,13-14,27H,4-7H2,(H,24,25)/t13-,14-"
1037,CHEMBL3962544,N[C@H]1C[C@@H](NC(=O)c2cc(NC(=O)c3cc(-c4ncccc4F)c(Cl)cc3Cl)n(-c3ccccc3)n2)C1,"InChI=1S/C26H21Cl2FN6O2/c27-19-12-20(28)18(11-17(19)24-21(29)7-4-8-31-24)25(36)33-23-13-22(26(37)32-15-9-14(30)10-15)34-35(23)16-5-2-1-3-6-16/h1-8,11-15H,9-10,30H2,(H,32,37)(H,33,36)/t14-,15+"
1037,CHEMBL3971172,N[C@H]1C[C@H](NC(=O)c2cc(NC(=O)c3cc(-c4ncccc4F)c(Cl)cc3Cl)n(-c3ccccc3)n2)C1,"InChI=1S/C26H21Cl2FN6O2/c27-19-12-20(28)18(11-17(19)24-21(29)7-4-8-31-24)25(36)33-23-13-22(26(37)32-15-9-14(30)10-15)34-35(23)16-5-2-1-3-6-16/h1-8,11-15H,9-10,30H2,(H,32,37)(H,33,36)/t14-,15-"
1038,CHEMBL241113,Nc1nccn2c1c(-c1cccc(OCc3ccccc3)c1)nc2[C@H]1CC[C@@H](C(N)=O)CC1,"InChI=1S/C26H27N5O2/c27-24-23-22(20-7-4-8-21(15-20)33-16-17-5-2-1-3-6-17)30-26(31(23)14-13-29-24)19-11-9-18(10-12-19)25(28)32/h1-8,13-15,18-19H,9-12,16H2,(H2,27,29)(H2,28,32)/t18-,19+"
1038,CHEMBL394135,Nc1nccn2c1c(-c1cccc(OCc3ccccc3)c1)nc2[C@H]1CC[C@H](C(N)=O)CC1,"InChI=1S/C26H27N5O2/c27-24-23-22(20-7-4-8-21(15-20)33-16-17-5-2-1-3-6-17)30-26(31(23)14-13-29-24)19-11-9-18(10-12-19)25(28)32/h1-8,13-15,18-19H,9-12,16H2,(H2,27,29)(H2,28,32)/t18-,19-"
1039,CHEMBL2408634,O=C(O)[C@H]1CC[C@@H](Oc2ccc(-c3ccc(-c4nc5ccccc5[nH]4)cn3)cn2)CC1,"InChI=1S/C24H22N4O3/c29-24(30)15-5-9-18(10-6-15)31-22-12-8-16(13-26-22)19-11-7-17(14-25-19)23-27-20-3-1-2-4-21(20)28-23/h1-4,7-8,11-15,18H,5-6,9-10H2,(H,27,28)(H,29,30)/t15-,18+"
1039,CHEMBL2408635,O=C(O)[C@H]1CC[C@H](Oc2ccc(-c3ccc(-c4nc5ccccc5[nH]4)cn3)cn2)CC1,"InChI=1S/C24H22N4O3/c29-24(30)15-5-9-18(10-6-15)31-22-12-8-16(13-26-22)19-11-7-17(14-25-19)23-27-20-3-1-2-4-21(20)28-23/h1-4,7-8,11-15,18H,5-6,9-10H2,(H,27,28)(H,29,30)/t15-,18-"
1040,CHEMBL3902570,OC[C@H]1CC[C@@H](c2nnn3cnc4[nH]ccc4c23)CC1,"InChI=1S/C14H17N5O/c20-7-9-1-3-10(4-2-9)12-13-11-5-6-15-14(11)16-8-19(13)18-17-12/h5-6,8-10,15,20H,1-4,7H2/t9-,10+"
1040,CHEMBL3906967,OC[C@H]1CC[C@H](c2nnn3cnc4[nH]ccc4c23)CC1,"InChI=1S/C14H17N5O/c20-7-9-1-3-10(4-2-9)12-13-11-5-6-15-14(11)16-8-19(13)18-17-12/h5-6,8-10,15,20H,1-4,7H2/t9-,10-"
1041,CHEMBL3901222,CNS(=O)(=O)O[C@H]1C[C@@H](N2CCc3c(-c4cnc(N)nc4)nc(N4CCOCC4)nc32)C1,"InChI=1S/C19H26N8O4S/c1-21-32(28,29)31-14-8-13(9-14)27-3-2-15-16(12-10-22-18(20)23-11-12)24-19(25-17(15)27)26-4-6-30-7-5-26/h10-11,13-14,21H,2-9H2,1H3,(H2,20,22,23)/t13-,14+"
1041,CHEMBL3939544,CNS(=O)(=O)O[C@H]1C[C@H](N2CCc3c(-c4cnc(N)nc4)nc(N4CCOCC4)nc32)C1,"InChI=1S/C19H26N8O4S/c1-21-32(28,29)31-14-8-13(9-14)27-3-2-15-16(12-10-22-18(20)23-11-12)24-19(25-17(15)27)26-4-6-30-7-5-26/h10-11,13-14,21H,2-9H2,1H3,(H2,20,22,23)/t13-,14-"
1042,CHEMBL173459,CCn1cnc2c(Nc3cccc(Cl)c3)nc(N[C@H]3CC[C@@H](N)CC3)nc21,"InChI=1S/C19H24ClN7/c1-2-27-11-22-16-17(23-15-5-3-4-12(20)10-15)25-19(26-18(16)27)24-14-8-6-13(21)7-9-14/h3-5,10-11,13-14H,2,6-9,21H2,1H3,(H2,23,24,25,26)/t13-,14+"
1042,CHEMBL367691,CCn1cnc2c(Nc3cccc(Cl)c3)nc(N[C@H]3CC[C@H](N)CC3)nc21,"InChI=1S/C19H24ClN7/c1-2-27-11-22-16-17(23-15-5-3-4-12(20)10-15)25-19(26-18(16)27)24-14-8-6-13(21)7-9-14/h3-5,10-11,13-14H,2,6-9,21H2,1H3,(H2,23,24,25,26)/t13-,14-"
1043,CHEMBL1683113,N[C@H](Cc1cc(F)ccc1F)[C@H]1CC[C@@H](N2CCC(F)(F)C2)CC1,"InChI=1S/C18H24F4N2/c19-14-3-6-16(20)13(9-14)10-17(23)12-1-4-15(5-2-12)24-8-7-18(21,22)11-24/h3,6,9,12,15,17H,1-2,4-5,7-8,10-11,23H2/t12-,15+,17-/m1/s1"
1043,CHEMBL1683114,N[C@H](Cc1cc(F)ccc1F)[C@H]1CC[C@H](N2CCC(F)(F)C2)CC1,"InChI=1S/C18H24F4N2/c19-14-3-6-16(20)13(9-14)10-17(23)12-1-4-15(5-2-12)24-8-7-18(21,22)11-24/h3,6,9,12,15,17H,1-2,4-5,7-8,10-11,23H2/t12-,15-,17-/m1/s1"
1044,CHEMBL2203931,COc1c(NC(=O)[C@H]2CC[C@H](COc3c(C)cccc3C)CC2)c(F)cc2c(=O)c(C(=O)O)cn(C3CC3)c12,"InChI=1S/C30H33FN2O6/c1-16-5-4-6-17(2)27(16)39-15-18-7-9-19(10-8-18)29(35)32-24-23(31)13-21-25(28(24)38-3)33(20-11-12-20)14-22(26(21)34)30(36)37/h4-6,13-14,18-20H,7-12,15H2,1-3H3,(H,32,35)(H,36,37)/t18-,19-"
1044,CHEMBL2203935,COc1c(NC(=O)[C@H]2CC[C@@H](COc3c(C)cccc3C)CC2)c(F)cc2c(=O)c(C(=O)O)cn(C3CC3)c12,"InChI=1S/C30H33FN2O6/c1-16-5-4-6-17(2)27(16)39-15-18-7-9-19(10-8-18)29(35)32-24-23(31)13-21-25(28(24)38-3)33(20-11-12-20)14-22(26(21)34)30(36)37/h4-6,13-14,18-20H,7-12,15H2,1-3H3,(H,32,35)(H,36,37)/t18-,19+"
1045,CHEMBL3648936,Cc1nc(N)nc2c1cc(Br)c(=O)n2[C@H]1CC[C@H](O)CC1,"InChI=1S/C14H17BrN4O2/c1-7-10-6-11(15)13(21)19(12(10)18-14(16)17-7)8-2-4-9(20)5-3-8/h6,8-9,20H,2-5H2,1H3,(H2,16,17,18)/t8-,9-"
1045,CHEMBL3648947,Cc1nc(N)nc2c1cc(Br)c(=O)n2[C@H]1CC[C@@H](O)CC1,"InChI=1S/C14H17BrN4O2/c1-7-10-6-11(15)13(21)19(12(10)18-14(16)17-7)8-2-4-9(20)5-3-8/h6,8-9,20H,2-5H2,1H3,(H2,16,17,18)/t8-,9+"
1046,CHEMBL3779913,N[C@H]1CC[C@H](Nc2cc[nH]c(=O)c2-c2nc3ccccc3[nH]2)CC1,"InChI=1S/C18H21N5O/c19-11-5-7-12(8-6-11)21-15-9-10-20-18(24)16(15)17-22-13-3-1-2-4-14(13)23-17/h1-4,9-12H,5-8,19H2,(H,22,23)(H2,20,21,24)/t11-,12-"
1046,CHEMBL3780091,N[C@H]1CC[C@@H](Nc2cc[nH]c(=O)c2-c2nc3ccccc3[nH]2)CC1,"InChI=1S/C18H21N5O/c19-11-5-7-12(8-6-11)21-15-9-10-20-18(24)16(15)17-22-13-3-1-2-4-14(13)23-17/h1-4,9-12H,5-8,19H2,(H,22,23)(H2,20,21,24)/t11-,12+"
1047,CHEMBL472841,O=C(/C=C/c1ccc(Sc2cccc(N[C@H]3CC[C@@H](C(=O)O)CC3)c2)c(C(F)(F)F)c1C(F)(F)F)N1CCOCC1,"InChI=1S/C28H28F6N2O4S/c29-27(30,31)24-17(7-11-23(37)36-12-14-40-15-13-36)6-10-22(25(24)28(32,33)34)41-21-3-1-2-20(16-21)35-19-8-4-18(5-9-19)26(38)39/h1-3,6-7,10-11,16,18-19,35H,4-5,8-9,12-15H2,(H,38,39)/b11-7+/t18-,19+"
1047,CHEMBL515393,O=C(/C=C/c1ccc(Sc2cccc(N[C@H]3CC[C@H](C(=O)O)CC3)c2)c(C(F)(F)F)c1C(F)(F)F)N1CCOCC1,"InChI=1S/C28H28F6N2O4S/c29-27(30,31)24-17(7-11-23(37)36-12-14-40-15-13-36)6-10-22(25(24)28(32,33)34)41-21-3-1-2-20(16-21)35-19-8-4-18(5-9-19)26(38)39/h1-3,6-7,10-11,16,18-19,35H,4-5,8-9,12-15H2,(H,38,39)/b11-7+/t18-,19-"
1048,CHEMBL42743,CC[C@H]1OC(=O)C[C@@H](O)[C@H](C)[C@@H](O[C@@H]2O[C@H](C)[C@@H](O[C@H]3C[C@@](C)(O)[C@@H](O)[C@H](C)O3)[C@H](N(C)C)[C@H]2O)[C@@H](CC=O)C[C@@H](C)C(=O)/C=C/C(C)=C/[C@@H]1CO[C@@H]1O[C@H](C)[C@@H](O)[C@@H](OC)[C@H]1OC,"InChI=1S/C46H77NO17/c1-13-33-30(22-58-45-42(57-12)41(56-11)37(52)26(5)60-45)18-23(2)14-15-31(49)24(3)19-29(16-17-48)39(25(4)32(50)20-34(51)62-33)64-44-38(53)36(47(9)10)40(27(6)61-44)63-35-21-46(8,55)43(54)28(7)59-35/h14-15,17-18,24-30,32-33,35-45,50,52-55H,13,16,19-22H2,1-12H3/b15-14+,23-18+/t24-,25+,26-,27-,28+,29+,30-,32-,33-,35+,36-,37-,38-,39-,40-,41-,42-,43+,44+,45-,46-/m1/s1"
1048,CHEMBL4303447,CC[C@H]1OC(=O)C[C@@H](O)[C@H](C)[C@@H](O[C@@H]2O[C@H](C)[C@@H](O[C@H]3C[C@@](C)(O)[C@@H](O)[C@H](C)O3)[C@H](N(C)C)[C@H]2O)[C@@H](CC=O)C[C@@H](C)C(=O)/C=C/C(C)=C/[C@@H]1CO[C@@H]1O[C@H](C)[C@@H](O)[C@@H](OC)[C@H]1OC,"InChI=1S/C46H77NO17/c1-13-33-30(22-58-45-42(57-12)41(56-11)37(52)26(5)60-45)18-23(2)14-15-31(49)24(3)19-29(16-17-48)39(25(4)32(50)20-34(51)62-33)64-44-38(53)36(47(9)10)40(27(6)61-44)63-35-21-46(8,55)43(54)28(7)59-35/h14-15,17-18,24-30,32-33,35-45,50,52-55H,13,16,19-22H2,1-12H3/b15-14+,23-18+/t24-,25+,26-,27-,28+,29+,30-,32-,33-,35+,36-,37-,38-,39-,40-,41-,42-,43+,44+,45-,46?/m1/s1"
1049,CHEMBL537990,C[C@H]1CC[C@@](CN)(CC(=O)O)CC1.Cl,"InChI=1S/C10H19NO2.ClH/c1-8-2-4-10(7-11,5-3-8)6-9(12)13;/h8H,2-7,11H2,1H3,(H,12,13);1H/t8-,10-;"
1049,CHEMBL540785,C[C@H]1CC[C@](CN)(CC(=O)O)CC1.Cl,"InChI=1S/C10H19NO2.ClH/c1-8-2-4-10(7-11,5-3-8)6-9(12)13;/h8H,2-7,11H2,1H3,(H,12,13);1H/t8-,10+;"
1050,CHEMBL2115519,O=C1C[C@]2(CC[C@@H](OCc3ccccc3)CC2)OC=C1c1ccccc1,"InChI=1S/C23H24O3/c24-22-15-23(26-17-21(22)19-9-5-2-6-10-19)13-11-20(12-14-23)25-16-18-7-3-1-4-8-18/h1-10,17,20H,11-16H2/t20-,23-"
1050,CHEMBL2115560,O=C1C[C@]2(CC[C@H](OCc3ccccc3)CC2)OC=C1c1ccccc1,"InChI=1S/C23H24O3/c24-22-15-23(26-17-21(22)19-9-5-2-6-10-19)13-11-20(12-14-23)25-16-18-7-3-1-4-8-18/h1-10,17,20H,11-16H2/t20-,23+"
1051,CHEMBL1956328,CC(=O)c1ccccc1NC(=O)[C@H]1CC[C@H](N2C(=O)[C@@H]3[C@@H]4CC[C@@H](C4)[C@@H]3C2=O)CC1,"InChI=1S/C24H28N2O4/c1-13(27)18-4-2-3-5-19(18)25-22(28)14-8-10-17(11-9-14)26-23(29)20-15-6-7-16(12-15)21(20)24(26)30/h2-5,14-17,20-21H,6-12H2,1H3,(H,25,28)/t14-,15-,16+,17-,20-,21+"
1051,CHEMBL1956343,CC(=O)c1ccccc1NC(=O)[C@H]1CC[C@@H](N2C(=O)[C@@H]3[C@@H]4CC[C@@H](C4)[C@@H]3C2=O)CC1,"InChI=1S/C24H28N2O4/c1-13(27)18-4-2-3-5-19(18)25-22(28)14-8-10-17(11-9-14)26-23(29)20-15-6-7-16(12-15)21(20)24(26)30/h2-5,14-17,20-21H,6-12H2,1H3,(H,25,28)/t14-,15-,16+,17+,20-,21+"
1052,CHEMBL6730,CC/C(=C(\c1ccc(I)cc1)c1ccc(OCCN(C)C)cc1)c1ccccc1,"InChI=1S/C26H28INO/c1-4-25(20-8-6-5-7-9-20)26(21-10-14-23(27)15-11-21)22-12-16-24(17-13-22)29-19-18-28(2)3/h5-17H,4,18-19H2,1-3H3/b26-25-"
1052,CHEMBL81881,CC/C(=C(/c1ccc(I)cc1)c1ccc(OCCN(C)C)cc1)c1ccccc1,"InChI=1S/C26H28INO/c1-4-25(20-8-6-5-7-9-20)26(21-10-14-23(27)15-11-21)22-12-16-24(17-13-22)29-19-18-28(2)3/h5-17H,4,18-19H2,1-3H3/b26-25+"
1053,CHEMBL132098,Cc1cc(-c2c(F)cc3c4nn([C@H]5CC[C@@H](N)CC5)c(=O)c-4cn(C4CC4)c3c2F)cc(C)n1,"InChI=1S/C26H27F2N5O/c1-13-9-15(10-14(2)30-13)22-21(27)11-19-24-20(12-32(17-7-8-17)25(19)23(22)28)26(34)33(31-24)18-5-3-16(29)4-6-18/h9-12,16-18H,3-8,29H2,1-2H3/t16-,18+"
1053,CHEMBL445908,Cc1cc(-c2c(F)cc3c4nn([C@H]5CC[C@H](N)CC5)c(=O)c-4cn(C4CC4)c3c2F)cc(C)n1,"InChI=1S/C26H27F2N5O/c1-13-9-15(10-14(2)30-13)22-21(27)11-19-24-20(12-32(17-7-8-17)25(19)23(22)28)26(34)33(31-24)18-5-3-16(29)4-6-18/h9-12,16-18H,3-8,29H2,1-2H3/t16-,18-"
1054,CHEMBL493037,c1cc(N2CCN([C@H]3CC[C@@H](c4c[nH]c5ccccc54)CC3)CC2)c2cc[nH]c2c1,"InChI=1S/C26H30N4/c1-2-5-24-21(4-1)23(18-28-24)19-8-10-20(11-9-19)29-14-16-30(17-15-29)26-7-3-6-25-22(26)12-13-27-25/h1-7,12-13,18-20,27-28H,8-11,14-17H2/t19-,20+"
1054,CHEMBL494468,c1cc(N2CCN([C@H]3CC[C@H](c4c[nH]c5ccccc54)CC3)CC2)c2cc[nH]c2c1,"InChI=1S/C26H30N4/c1-2-5-24-21(4-1)23(18-28-24)19-8-10-20(11-9-19)29-14-16-30(17-15-29)26-7-3-6-25-22(26)12-13-27-25/h1-7,12-13,18-20,27-28H,8-11,14-17H2/t19-,20-"
1055,CHEMBL238402,COc1ccc(S(=O)(=O)N[C@H]2CC[C@H](N3CCN(c4ccccc4OCC(F)(F)F)CC3)CC2)cc1OC,"InChI=1S/C26H34F3N3O5S/c1-35-24-12-11-21(17-25(24)36-2)38(33,34)30-19-7-9-20(10-8-19)31-13-15-32(16-14-31)22-5-3-4-6-23(22)37-18-26(27,28)29/h3-6,11-12,17,19-20,30H,7-10,13-16,18H2,1-2H3/t19-,20-"
1055,CHEMBL438673,COc1ccc(S(=O)(=O)N[C@H]2CC[C@@H](N3CCN(c4ccccc4OCC(F)(F)F)CC3)CC2)cc1OC,"InChI=1S/C26H34F3N3O5S/c1-35-24-12-11-21(17-25(24)36-2)38(33,34)30-19-7-9-20(10-8-19)31-13-15-32(16-14-31)22-5-3-4-6-23(22)37-18-26(27,28)29/h3-6,11-12,17,19-20,30H,7-10,13-16,18H2,1-2H3/t19-,20+"
1056,CHEMBL293583,COc1ccc2c(c1)CCN([C@H]1CC[C@H](c3c[nH]c4ccc(C#N)cc43)CC1)C2,"InChI=1S/C25H27N3O/c1-29-22-8-5-20-16-28(11-10-19(20)13-22)21-6-3-18(4-7-21)24-15-27-25-9-2-17(14-26)12-23(24)25/h2,5,8-9,12-13,15,18,21,27H,3-4,6-7,10-11,16H2,1H3/t18-,21-"
1056,CHEMBL294481,COc1ccc2c(c1)CCN([C@H]1CC[C@@H](c3c[nH]c4ccc(C#N)cc43)CC1)C2,"InChI=1S/C25H27N3O/c1-29-22-8-5-20-16-28(11-10-19(20)13-22)21-6-3-18(4-7-21)24-15-27-25-9-2-17(14-26)12-23(24)25/h2,5,8-9,12-13,15,18,21,27H,3-4,6-7,10-11,16H2,1H3/t18-,21+"
1057,CHEMBL480935,CC(C)n1cc([C@H]2CC[C@@H](N3CCN(c4cccc5[nH]ccc45)CC3)CC2)c2cc(C#N)ccc21,"InChI=1S/C30H35N5/c1-21(2)35-20-27(26-18-22(19-31)6-11-30(26)35)23-7-9-24(10-8-23)33-14-16-34(17-15-33)29-5-3-4-28-25(29)12-13-32-28/h3-6,11-13,18,20-21,23-24,32H,7-10,14-17H2,1-2H3/t23-,24+"
1057,CHEMBL482085,CC(C)n1cc([C@H]2CC[C@H](N3CCN(c4cccc5[nH]ccc45)CC3)CC2)c2cc(C#N)ccc21,"InChI=1S/C30H35N5/c1-21(2)35-20-27(26-18-22(19-31)6-11-30(26)35)23-7-9-24(10-8-23)33-14-16-34(17-15-33)29-5-3-4-28-25(29)12-13-32-28/h3-6,11-13,18,20-21,23-24,32H,7-10,14-17H2,1-2H3/t23-,24-"
1058,CHEMBL133366,N[C@]1(C(=O)O)C[C@@H](CCC(=O)O)C1,"InChI=1S/C8H13NO4/c9-8(7(12)13)3-5(4-8)1-2-6(10)11/h5H,1-4,9H2,(H,10,11)(H,12,13)/t5-,8-"
1058,CHEMBL137624,N[C@]1(C(=O)O)C[C@H](CCC(=O)O)C1,"InChI=1S/C8H13NO4/c9-8(7(12)13)3-5(4-8)1-2-6(10)11/h5H,1-4,9H2,(H,10,11)(H,12,13)/t5-,8+"
1059,CHEMBL4209498,CC(C)C[C@@H](N[C@H]1CC[C@H](n2cc(-c3ccc(Oc4ccccc4)cc3)c3c(N)ncnc32)CC1)C(=O)O,"InChI=1S/C30H35N5O3/c1-19(2)16-26(30(36)37)34-21-10-12-22(13-11-21)35-17-25(27-28(31)32-18-33-29(27)35)20-8-14-24(15-9-20)38-23-6-4-3-5-7-23/h3-9,14-15,17-19,21-22,26,34H,10-13,16H2,1-2H3,(H,36,37)(H2,31,32,33)/t21-,22-,26-/m1/s1"
1059,CHEMBL4212432,CC(C)C[C@@H](N[C@H]1CC[C@@H](n2cc(-c3ccc(Oc4ccccc4)cc3)c3c(N)ncnc32)CC1)C(=O)O,"InChI=1S/C30H35N5O3/c1-19(2)16-26(30(36)37)34-21-10-12-22(13-11-21)35-17-25(27-28(31)32-18-33-29(27)35)20-8-14-24(15-9-20)38-23-6-4-3-5-7-23/h3-9,14-15,17-19,21-22,26,34H,10-13,16H2,1-2H3,(H,36,37)(H2,31,32,33)/t21-,22+,26-/m1/s1"
1060,CHEMBL234854,CC(C)Oc1ccccc1N1CCN([C@H]2CC[C@@H](NS(=O)(=O)c3cccnc3)CC2)CC1,"InChI=1S/C24H34N4O3S/c1-19(2)31-24-8-4-3-7-23(24)28-16-14-27(15-17-28)21-11-9-20(10-12-21)26-32(29,30)22-6-5-13-25-18-22/h3-8,13,18-21,26H,9-12,14-17H2,1-2H3/t20-,21+"
1060,CHEMBL391016,CC(C)Oc1ccccc1N1CCN([C@H]2CC[C@H](NS(=O)(=O)c3cccnc3)CC2)CC1,"InChI=1S/C24H34N4O3S/c1-19(2)31-24-8-4-3-7-23(24)28-16-14-27(15-17-28)21-11-9-20(10-12-21)26-32(29,30)22-6-5-13-25-18-22/h3-8,13,18-21,26H,9-12,14-17H2,1-2H3/t20-,21-"
1061,CHEMBL379072,CC(=O)N[C@H]1C[C@@](CO[C@H](C)c2cc(C(F)(F)F)cc(C(F)(F)F)c2)(c2ccccc2)C1,"InChI=1S/C23H23F6NO2/c1-14(16-8-18(22(24,25)26)10-19(9-16)23(27,28)29)32-13-21(17-6-4-3-5-7-17)11-20(12-21)30-15(2)31/h3-10,14,20H,11-13H2,1-2H3,(H,30,31)/t14-,20-,21+/m1/s1"
1061,CHEMBL379073,CC(=O)N[C@H]1C[C@](CO[C@H](C)c2cc(C(F)(F)F)cc(C(F)(F)F)c2)(c2ccccc2)C1,"InChI=1S/C23H23F6NO2/c1-14(16-8-18(22(24,25)26)10-19(9-16)23(27,28)29)32-13-21(17-6-4-3-5-7-17)11-20(12-21)30-15(2)31/h3-10,14,20H,11-13H2,1-2H3,(H,30,31)/t14-,20-,21-/m1/s1"
1062,CHEMBL2115004,O=C(OCc1cc(C(F)(F)F)cc(C(F)(F)F)c1)[C@]1(c2ccccc2)CC[C@H](N2CCC(c3ccc(F)cc3)CC2)CC1,"InChI=1S/C33H32F7NO2/c34-28-8-6-23(7-9-28)24-12-16-41(17-13-24)29-10-14-31(15-11-29,25-4-2-1-3-5-25)30(42)43-21-22-18-26(32(35,36)37)20-27(19-22)33(38,39)40/h1-9,18-20,24,29H,10-17,21H2/t29-,31+"
1062,CHEMBL2115449,O=C(OCc1cc(C(F)(F)F)cc(C(F)(F)F)c1)[C@]1(c2ccccc2)CC[C@@H](N2CCC(c3ccc(F)cc3)CC2)CC1,"InChI=1S/C33H32F7NO2/c34-28-8-6-23(7-9-28)24-12-16-41(17-13-24)29-10-14-31(15-11-29,25-4-2-1-3-5-25)30(42)43-21-22-18-26(32(35,36)37)20-27(19-22)33(38,39)40/h1-9,18-20,24,29H,10-17,21H2/t29-,31-"
1063,CHEMBL3900105,N#CC[C@H]1CC[C@H](c2nnn3cnc4[nH]ccc4c23)CC1,"InChI=1S/C15H16N6/c16-7-5-10-1-3-11(4-2-10)13-14-12-6-8-17-15(12)18-9-21(14)20-19-13/h6,8-11,17H,1-5H2/t10-,11-"
1063,CHEMBL3902992,N#CC[C@H]1CC[C@@H](c2nnn3cnc4[nH]ccc4c23)CC1,"InChI=1S/C15H16N6/c16-7-5-10-1-3-11(4-2-10)13-14-12-6-8-17-15(12)18-9-21(14)20-19-13/h6,8-11,17H,1-5H2/t10-,11+"
1064,CHEMBL1782532,O=C(O)c1cc2cc(Br)cc(N[C@H]3CC[C@@H](O)CC3)c2o1,"InChI=1S/C15H16BrNO4/c16-9-5-8-6-13(15(19)20)21-14(8)12(7-9)17-10-1-3-11(18)4-2-10/h5-7,10-11,17-18H,1-4H2,(H,19,20)/t10-,11+"
1064,CHEMBL1782533,O=C(O)c1cc2cc(Br)cc(N[C@H]3CC[C@H](O)CC3)c2o1,"InChI=1S/C15H16BrNO4/c16-9-5-8-6-13(15(19)20)21-14(8)12(7-9)17-10-1-3-11(18)4-2-10/h5-7,10-11,17-18H,1-4H2,(H,19,20)/t10-,11-"
1065,CHEMBL4113376,COC(=O)[C@H]1CC[C@@H](C(=O)N2CC[C@@]3(C)c4cccc(O)c4C[C@@H]2C3(C)C)CC1,"InChI=1S/C24H33NO4/c1-23(2)20-14-17-18(6-5-7-19(17)26)24(23,3)12-13-25(20)21(27)15-8-10-16(11-9-15)22(28)29-4/h5-7,15-16,20,26H,8-14H2,1-4H3/t15-,16+,20-,24+/m1/s1"
1065,CHEMBL4113766,COC(=O)[C@H]1CC[C@H](C(=O)N2CC[C@@]3(C)c4cccc(O)c4C[C@@H]2C3(C)C)CC1,"InChI=1S/C24H33NO4/c1-23(2)20-14-17-18(6-5-7-19(17)26)24(23,3)12-13-25(20)21(27)15-8-10-16(11-9-15)22(28)29-4/h5-7,15-16,20,26H,8-14H2,1-4H3/t15-,16-,20-,24+/m1/s1"
1066,CHEMBL3612905,O=S(=O)(N[C@H]1CC[C@@H](N2c3ccccc3CCc3ccccc32)CC1)c1ccc(Cl)cc1,"InChI=1S/C26H27ClN2O2S/c27-21-11-17-24(18-12-21)32(30,31)28-22-13-15-23(16-14-22)29-25-7-3-1-5-19(25)9-10-20-6-2-4-8-26(20)29/h1-8,11-12,17-18,22-23,28H,9-10,13-16H2/t22-,23+"
1066,CHEMBL3612906,O=S(=O)(N[C@H]1CC[C@H](N2c3ccccc3CCc3ccccc32)CC1)c1ccc(Cl)cc1,"InChI=1S/C26H27ClN2O2S/c27-21-11-17-24(18-12-21)32(30,31)28-22-13-15-23(16-14-22)29-25-7-3-1-5-19(25)9-10-20-6-2-4-8-26(20)29/h1-8,11-12,17-18,22-23,28H,9-10,13-16H2/t22-,23-"
1067,CHEMBL3920370,COCCOCC(=O)N[C@H]1CC[C@H](c2ccc(NC(=O)N3Cc4ccncc4C3)cc2)CC1,"InChI=1S/C25H32N4O4/c1-32-12-13-33-17-24(30)27-22-6-2-18(3-7-22)19-4-8-23(9-5-19)28-25(31)29-15-20-10-11-26-14-21(20)16-29/h4-5,8-11,14,18,22H,2-3,6-7,12-13,15-17H2,1H3,(H,27,30)(H,28,31)/t18-,22-"
1067,CHEMBL3947327,COCCOCC(=O)N[C@H]1CC[C@@H](c2ccc(NC(=O)N3Cc4ccncc4C3)cc2)CC1,"InChI=1S/C25H32N4O4/c1-32-12-13-33-17-24(30)27-22-6-2-18(3-7-22)19-4-8-23(9-5-19)28-25(31)29-15-20-10-11-26-14-21(20)16-29/h4-5,8-11,14,18,22H,2-3,6-7,12-13,15-17H2,1H3,(H,27,30)(H,28,31)/t18-,22+"
1068,CHEMBL3586396,CO[C@H]1CC[C@@H](CN2CC(=O)Nc3ncc(-c4ccc(C(C)(C)O)nc4)nc32)CC1,"InChI=1S/C22H29N5O3/c1-22(2,29)18-9-6-15(10-23-18)17-11-24-20-21(25-17)27(13-19(28)26-20)12-14-4-7-16(30-3)8-5-14/h6,9-11,14,16,29H,4-5,7-8,12-13H2,1-3H3,(H,24,26,28)/t14-,16+"
1068,CHEMBL3586398,CO[C@H]1CC[C@H](CN2CC(=O)Nc3ncc(-c4ccc(C(C)(C)O)nc4)nc32)CC1,"InChI=1S/C22H29N5O3/c1-22(2,29)18-9-6-15(10-23-18)17-11-24-20-21(25-17)27(13-19(28)26-20)12-14-4-7-16(30-3)8-5-14/h6,9-11,14,16,29H,4-5,7-8,12-13H2,1-3H3,(H,24,26,28)/t14-,16-"
1069,CHEMBL1852066,CNc1ccc2nc3ccc(=[N+](C)C)cc-3sc2c1,"InChI=1S/C15H15N3S/c1-16-10-4-6-12-14(8-10)19-15-9-11(18(2)3)5-7-13(15)17-12/h4-9H,1-3H3/p+1"
1069,CHEMBL3558304,CNc1ccc2nc3ccc(N(C)C)cc3[s+]c2c1,"InChI=1S/C15H16N3S/c1-16-10-4-6-12-14(8-10)19-15-9-11(18(2)3)5-7-13(15)17-12/h4-9,16H,1-3H3/q+1"
1070,CHEMBL423499,c1ccc(N2CCN(CC[C@H]3CC[C@H](c4c[nH]c5ccccc54)CC3)CC2)nc1,"InChI=1S/C25H32N4/c1-2-6-24-22(5-1)23(19-27-24)21-10-8-20(9-11-21)12-14-28-15-17-29(18-16-28)25-7-3-4-13-26-25/h1-7,13,19-21,27H,8-12,14-18H2/t20-,21-"
1070,CHEMBL86801,c1ccc(N2CCN(CC[C@H]3CC[C@@H](c4c[nH]c5ccccc54)CC3)CC2)nc1,"InChI=1S/C25H32N4/c1-2-6-24-22(5-1)23(19-27-24)21-10-8-20(9-11-21)12-14-28-15-17-29(18-16-28)25-7-3-4-13-26-25/h1-7,13,19-21,27H,8-12,14-18H2/t20-,21+"
1071,CHEMBL3922302,CO[C@]1(C)CC[C@@H](CC(=O)N[C@H]2CC[C@H](CCN3CCC(c4noc5cc(Cl)ccc45)CC3)CC2)CC1,"InChI=1S/C30H44ClN3O3/c1-30(36-2)14-9-22(10-15-30)19-28(35)32-25-6-3-21(4-7-25)11-16-34-17-12-23(13-18-34)29-26-8-5-24(31)20-27(26)37-33-29/h5,8,20-23,25H,3-4,6-7,9-19H2,1-2H3,(H,32,35)/t21-,22-,25-,30-"
1071,CHEMBL3943045,CO[C@]1(C)CC[C@H](CC(=O)N[C@H]2CC[C@H](CCN3CCC(c4noc5cc(Cl)ccc45)CC3)CC2)CC1,"InChI=1S/C30H44ClN3O3/c1-30(36-2)14-9-22(10-15-30)19-28(35)32-25-6-3-21(4-7-25)11-16-34-17-12-23(13-18-34)29-26-8-5-24(31)20-27(26)37-33-29/h5,8,20-23,25H,3-4,6-7,9-19H2,1-2H3,(H,32,35)/t21-,22-,25-,30+"
1072,CHEMBL4126573,COc1cccc(-c2cc(C(=O)Nc3cc4ccc(O[C@H]5CC[C@H](NC(C)=O)CC5)c(C)c4oc3=O)ccc2OC)c1,"InChI=1S/C33H34N2O7/c1-19-29(41-25-12-10-24(11-13-25)34-20(2)36)14-8-22-18-28(33(38)42-31(19)22)35-32(37)23-9-15-30(40-4)27(17-23)21-6-5-7-26(16-21)39-3/h5-9,14-18,24-25H,10-13H2,1-4H3,(H,34,36)(H,35,37)/t24-,25-"
1072,CHEMBL4129488,COc1cccc(-c2cc(C(=O)Nc3cc4ccc(O[C@H]5CC[C@@H](NC(C)=O)CC5)c(C)c4oc3=O)ccc2OC)c1,"InChI=1S/C33H34N2O7/c1-19-29(41-25-12-10-24(11-13-25)34-20(2)36)14-8-22-18-28(33(38)42-31(19)22)35-32(37)23-9-15-30(40-4)27(17-23)21-6-5-7-26(16-21)39-3/h5-9,14-18,24-25H,10-13H2,1-4H3,(H,34,36)(H,35,37)/t24-,25+"
1073,CHEMBL3905228,C[P@]1(=O)OC[C@@]2(CCC[C@@]3(S(=O)(=O)c4ccc(C(F)(F)F)cc4)c4c(F)ccc(F)c4OC[C@@H]23)CO1,"InChI=1S/C23H22F5O6PS/c1-35(29)33-12-21(13-34-35)9-2-10-22(18(21)11-32-20-17(25)8-7-16(24)19(20)22)36(30,31)15-5-3-14(4-6-15)23(26,27)28/h3-8,18H,2,9-13H2,1H3/t18-,21-,22-,35-/m0/s1"
1073,CHEMBL3942223,C[P@]1(=O)OC[C@]2(CCC[C@@]3(S(=O)(=O)c4ccc(C(F)(F)F)cc4)c4c(F)ccc(F)c4OC[C@@H]23)CO1,"InChI=1S/C23H22F5O6PS/c1-35(29)33-12-21(13-34-35)9-2-10-22(18(21)11-32-20-17(25)8-7-16(24)19(20)22)36(30,31)15-5-3-14(4-6-15)23(26,27)28/h3-8,18H,2,9-13H2,1H3/t18-,21-,22-,35+/m0/s1"
1074,CHEMBL4170367,Cl.N[C@H]1CC[C@H](N[C@H]2[C@H]3Cc4ccccc4[C@H]32)CC1,"InChI=1S/C16H22N2.ClH/c17-11-5-7-12(8-6-11)18-16-14-9-10-3-1-2-4-13(10)15(14)16;/h1-4,11-12,14-16,18H,5-9,17H2;1H/t11-,12-,14-,15+,16-;/m0./s1"
1074,CHEMBL4176756,Cl.N[C@H]1CC[C@@H](N[C@H]2[C@H]3Cc4ccccc4[C@H]32)CC1,"InChI=1S/C16H22N2.ClH/c17-11-5-7-12(8-6-11)18-16-14-9-10-3-1-2-4-13(10)15(14)16;/h1-4,11-12,14-16,18H,5-9,17H2;1H/t11-,12+,14-,15+,16-;/m0./s1"
1075,CHEMBL16446,COc1ccccc1C(=O)NC[C@]1(c2ccccc2)CC[C@H](NC(=O)CCc2ccccc2)CC1,"InChI=1S/C30H34N2O3/c1-35-27-15-9-8-14-26(27)29(34)31-22-30(24-12-6-3-7-13-24)20-18-25(19-21-30)32-28(33)17-16-23-10-4-2-5-11-23/h2-15,25H,16-22H2,1H3,(H,31,34)(H,32,33)/t25-,30-"
1075,CHEMBL16702,COc1ccccc1C(=O)NC[C@]1(c2ccccc2)CC[C@@H](NC(=O)CCc2ccccc2)CC1,"InChI=1S/C30H34N2O3/c1-35-27-15-9-8-14-26(27)29(34)31-22-30(24-12-6-3-7-13-24)20-18-25(19-21-30)32-28(33)17-16-23-10-4-2-5-11-23/h2-15,25H,16-22H2,1H3,(H,31,34)(H,32,33)/t25-,30+"
1076,CHEMBL4074738,Cn1ncc2cc([C@@H]3CN(C(=O)[C@H]4CC[C@@H](N)CC4)C[C@H]3c3ccc(C#N)cc3)ccc21,"InChI=1S/C26H29N5O/c1-30-25-11-8-20(12-21(25)14-29-30)24-16-31(26(32)19-6-9-22(28)10-7-19)15-23(24)18-4-2-17(13-27)3-5-18/h2-5,8,11-12,14,19,22-24H,6-7,9-10,15-16,28H2,1H3/t19-,22+,23-,24-/m0/s1"
1076,CHEMBL4101423,Cn1ncc2cc([C@@H]3CN(C(=O)[C@H]4CC[C@H](N)CC4)C[C@H]3c3ccc(C#N)cc3)ccc21,"InChI=1S/C26H29N5O/c1-30-25-11-8-20(12-21(25)14-29-30)24-16-31(26(32)19-6-9-22(28)10-7-19)15-23(24)18-4-2-17(13-27)3-5-18/h2-5,8,11-12,14,19,22-24H,6-7,9-10,15-16,28H2,1H3/t19-,22-,23-,24-/m0/s1"
1077,CHEMBL3889729,CC(=O)N[C@H]1C(C)(C)[C@H](N2CCc3c(-c4cnc(N)nc4)nc(N4CCOCC4)nc32)C1(C)C,"InChI=1S/C24H34N8O2/c1-14(33)28-19-23(2,3)20(24(19,4)5)32-7-6-16-17(15-12-26-21(25)27-13-15)29-22(30-18(16)32)31-8-10-34-11-9-31/h12-13,19-20H,6-11H2,1-5H3,(H,28,33)(H2,25,26,27)/t19-,20-"
1077,CHEMBL3915118,CC(=O)N[C@H]1C(C)(C)[C@@H](N2CCc3c(-c4cnc(N)nc4)nc(N4CCOCC4)nc32)C1(C)C,"InChI=1S/C24H34N8O2/c1-14(33)28-19-23(2,3)20(24(19,4)5)32-7-6-16-17(15-12-26-21(25)27-13-15)29-22(30-18(16)32)31-8-10-34-11-9-31/h12-13,19-20H,6-11H2,1-5H3,(H,28,33)(H2,25,26,27)/t19-,20+"
1078,CHEMBL1091115,C[N+](C)=c1ccc2nc3ccc(N)cc3sc-2c1.[Cl-],"InChI=1S/C14H13N3S.ClH/c1-17(2)10-4-6-12-14(8-10)18-13-7-9(15)3-5-11(13)16-12;/h3-8,15H,1-2H3;1H"
1078,CHEMBL3330735,CN(C)c1ccc2nc3ccc(N)cc3[s+]c2c1.[Cl-],"InChI=1S/C14H14N3S.ClH/c1-17(2)10-4-6-12-14(8-10)18-13-7-9(15)3-5-11(13)16-12;/h3-8H,15H2,1-2H3;1H/q+1;/p-1"
1079,CHEMBL2375953,Cc1nc(N)nc2c1cc(-c1cnc3ccccc3c1)c(=O)n2[C@H]1CC[C@H](OCC(N)=O)CC1,"InChI=1S/C25H26N6O3/c1-14-19-11-20(16-10-15-4-2-3-5-21(15)28-12-16)24(33)31(23(19)30-25(27)29-14)17-6-8-18(9-7-17)34-13-22(26)32/h2-5,10-12,17-18H,6-9,13H2,1H3,(H2,26,32)(H2,27,29,30)/t17-,18-"
1079,CHEMBL2375959,Cc1nc(N)nc2c1cc(-c1cnc3ccccc3c1)c(=O)n2[C@H]1CC[C@@H](OCC(N)=O)CC1,"InChI=1S/C25H26N6O3/c1-14-19-11-20(16-10-15-4-2-3-5-21(15)28-12-16)24(33)31(23(19)30-25(27)29-14)17-6-8-18(9-7-17)34-13-22(26)32/h2-5,10-12,17-18H,6-9,13H2,1H3,(H2,26,32)(H2,27,29,30)/t17-,18+"
1080,CHEMBL2381960,CC1(C)OC(=O)N([C@H]2CC[C@H](C(=O)Nc3cccc4cccnc34)CC2)[C@H]1c1ccccc1,"InChI=1S/C27H29N3O3/c1-27(2)24(19-8-4-3-5-9-19)30(26(32)33-27)21-15-13-20(14-16-21)25(31)29-22-12-6-10-18-11-7-17-28-23(18)22/h3-12,17,20-21,24H,13-16H2,1-2H3,(H,29,31)/t20-,21-,24-/m0/s1"
1080,CHEMBL3911699,CC1(C)OC(=O)N([C@H]2CC[C@@H](C(=O)Nc3cccc4cccnc34)CC2)[C@H]1c1ccccc1,"InChI=1S/C27H29N3O3/c1-27(2)24(19-8-4-3-5-9-19)30(26(32)33-27)21-15-13-20(14-16-21)25(31)29-22-12-6-10-18-11-7-17-28-23(18)22/h3-12,17,20-21,24H,13-16H2,1-2H3,(H,29,31)/t20-,21+,24-/m0/s1"
1081,CHEMBL2364605,CN(C)[C@]1(c2ccccc2)CC[C@]2(CC1)OCCc1c3cc(F)ccc3[nH]c12,"InChI=1S/C24H27FN2O/c1-27(2)23(17-6-4-3-5-7-17)11-13-24(14-12-23)22-19(10-15-28-24)20-16-18(25)8-9-21(20)26-22/h3-9,16,26H,10-15H2,1-2H3/t23-,24-"
1081,CHEMBL3545616,CN(C)[C@]1(c2ccccc2)CC[C@@]2(CC1)OCCc1c3cc(F)ccc3[nH]c12,"InChI=1S/C24H27FN2O/c1-27(2)23(17-6-4-3-5-7-17)11-13-24(14-12-23)22-19(10-15-28-24)20-16-18(25)8-9-21(20)26-22/h3-9,16,26H,10-15H2,1-2H3/t23-,24+"
1082,CHEMBL388361,COc1ccc(S(=O)(=O)N[C@H]2CC[C@H](N3CCC(c4ccccc4OC(C)C)CC3)CC2)cc1OC,"InChI=1S/C28H40N2O5S/c1-20(2)35-26-8-6-5-7-25(26)21-15-17-30(18-16-21)23-11-9-22(10-12-23)29-36(31,32)24-13-14-27(33-3)28(19-24)34-4/h5-8,13-14,19-23,29H,9-12,15-18H2,1-4H3/t22-,23-"
1082,CHEMBL390129,COc1ccc(S(=O)(=O)N[C@H]2CC[C@@H](N3CCC(c4ccccc4OC(C)C)CC3)CC2)cc1OC,"InChI=1S/C28H40N2O5S/c1-20(2)35-26-8-6-5-7-25(26)21-15-17-30(18-16-21)23-11-9-22(10-12-23)29-36(31,32)24-13-14-27(33-3)28(19-24)34-4/h5-8,13-14,19-23,29H,9-12,15-18H2,1-4H3/t22-,23+"
1083,CHEMBL3355780,Cc1cc(O)cc(C)c1C[C@H](N)C(=O)N[C@@H]1C[C@H]2CC[C@H](CC2)NC(=O)C[C@@H](C(N)=O)NC(=O)[C@H](Cc2ccccc2)NC(=O)[C@H](Cc2ccccc2)NC1=O,"InChI=1S/C42H53N7O7/c1-24-17-30(50)18-25(2)31(24)22-32(43)39(53)47-34-21-28-13-15-29(16-14-28)45-37(51)23-33(38(44)52)46-40(54)35(19-26-9-5-3-6-10-26)48-42(56)36(49-41(34)55)20-27-11-7-4-8-12-27/h3-12,17-18,28-29,32-36,50H,13-16,19-23,43H2,1-2H3,(H2,44,52)(H,45,51)(H,46,54)(H,47,53)(H,48,56)(H,49,55)/t28-,29+,32-,33-,34+,35-,36-/m0/s1"
1083,CHEMBL3355781,Cc1cc(O)cc(C)c1C[C@H](N)C(=O)N[C@@H]1C[C@H]2CC[C@@H](CC2)NC(=O)C[C@@H](C(N)=O)NC(=O)[C@H](Cc2ccccc2)NC(=O)[C@H](Cc2ccccc2)NC1=O,"InChI=1S/C42H53N7O7/c1-24-17-30(50)18-25(2)31(24)22-32(43)39(53)47-34-21-28-13-15-29(16-14-28)45-37(51)23-33(38(44)52)46-40(54)35(19-26-9-5-3-6-10-26)48-42(56)36(49-41(34)55)20-27-11-7-4-8-12-27/h3-12,17-18,28-29,32-36,50H,13-16,19-23,43H2,1-2H3,(H2,44,52)(H,45,51)(H,46,54)(H,47,53)(H,48,56)(H,49,55)/t28-,29-,32-,33-,34+,35-,36-/m0/s1"
1084,CHEMBL3928595,Cc1nc2cccc(-c3cc4c([nH]3)CCNC4=O)c2nc1N[C@H]1C[C@H](N)C1,"InChI=1S/C20H22N6O/c1-10-19(24-12-7-11(21)8-12)26-18-13(3-2-4-16(18)23-10)17-9-14-15(25-17)5-6-22-20(14)27/h2-4,9,11-12,25H,5-8,21H2,1H3,(H,22,27)(H,24,26)/t11-,12-"
1084,CHEMBL3966363,Cc1nc2cccc(-c3cc4c([nH]3)CCNC4=O)c2nc1N[C@H]1C[C@@H](N)C1,"InChI=1S/C20H22N6O/c1-10-19(24-12-7-11(21)8-12)26-18-13(3-2-4-16(18)23-10)17-9-14-15(25-17)5-6-22-20(14)27/h2-4,9,11-12,25H,5-8,21H2,1H3,(H,22,27)(H,24,26)/t11-,12+"
1085,CHEMBL481125,C1=Nc2cccc(N3CCN([C@H]4CC[C@@H](c5c[nH]c6ncccc65)CC4)CC3)c2C1,"InChI=1S/C25H29N5/c1-4-23-21(10-12-26-23)24(5-1)30-15-13-29(14-16-30)19-8-6-18(7-9-19)22-17-28-25-20(22)3-2-11-27-25/h1-5,11-12,17-19H,6-10,13-16H2,(H,27,28)/t18-,19+"
1085,CHEMBL481126,C1=Nc2cccc(N3CCN([C@H]4CC[C@H](c5c[nH]c6ncccc65)CC4)CC3)c2C1,"InChI=1S/C25H29N5/c1-4-23-21(10-12-26-23)24(5-1)30-15-13-29(14-16-30)19-8-6-18(7-9-19)22-17-28-25-20(22)3-2-11-27-25/h1-5,11-12,17-19H,6-10,13-16H2,(H,27,28)/t18-,19-"
1086,CHEMBL2203930,COc1c(NC(=O)[C@H]2CC[C@H](COc3ccccc3)CC2)c(F)cc2c(=O)c(C(=O)O)cn(C3CC3)c12,"InChI=1S/C28H29FN2O6/c1-36-26-23(22(29)13-20-24(26)31(18-11-12-18)14-21(25(20)32)28(34)35)30-27(33)17-9-7-16(8-10-17)15-37-19-5-3-2-4-6-19/h2-6,13-14,16-18H,7-12,15H2,1H3,(H,30,33)(H,34,35)/t16-,17-"
1086,CHEMBL2203934,COc1c(NC(=O)[C@H]2CC[C@@H](COc3ccccc3)CC2)c(F)cc2c(=O)c(C(=O)O)cn(C3CC3)c12,"InChI=1S/C28H29FN2O6/c1-36-26-23(22(29)13-20-24(26)31(18-11-12-18)14-21(25(20)32)28(34)35)30-27(33)17-9-7-16(8-10-17)15-37-19-5-3-2-4-6-19/h2-6,13-14,16-18H,7-12,15H2,1H3,(H,30,33)(H,34,35)/t16-,17+"
1087,CHEMBL131262,Cc1cc(-c2c(F)cc3c4nn([C@H]5CC[C@H](N(C)C)CC5)c(=O)c-4cn(C4CC4)c3c2F)cc(C)n1,"InChI=1S/C28H31F2N5O/c1-15-11-17(12-16(2)31-15)24-23(29)13-21-26-22(14-34(19-7-8-19)27(21)25(24)30)28(36)35(32-26)20-9-5-18(6-10-20)33(3)4/h11-14,18-20H,5-10H2,1-4H3/t18-,20-"
1087,CHEMBL336549,Cc1cc(-c2c(F)cc3c4nn([C@H]5CC[C@@H](N(C)C)CC5)c(=O)c-4cn(C4CC4)c3c2F)cc(C)n1,"InChI=1S/C28H31F2N5O/c1-15-11-17(12-16(2)31-15)24-23(29)13-21-26-22(14-34(19-7-8-19)27(21)25(24)30)28(36)35(32-26)20-9-5-18(6-10-20)33(3)4/h11-14,18-20H,5-10H2,1-4H3/t18-,20+"
1088,CHEMBL481113,N#Cc1ccc2[nH]cc([C@H]3CC[C@@H](N4CCN(c5cccc6nccnc56)CC4)CC3)c2c1,"InChI=1S/C27H28N6/c28-17-19-4-9-24-22(16-19)23(18-31-24)20-5-7-21(8-6-20)32-12-14-33(15-13-32)26-3-1-2-25-27(26)30-11-10-29-25/h1-4,9-11,16,18,20-21,31H,5-8,12-15H2/t20-,21+"
1088,CHEMBL518946,N#Cc1ccc2[nH]cc([C@H]3CC[C@H](N4CCN(c5cccc6nccnc56)CC4)CC3)c2c1,"InChI=1S/C27H28N6/c28-17-19-4-9-24-22(16-19)23(18-31-24)20-5-7-21(8-6-20)32-12-14-33(15-13-32)26-3-1-2-25-27(26)30-11-10-29-25/h1-4,9-11,16,18,20-21,31H,5-8,12-15H2/t20-,21-"
1089,CHEMBL3086125,C[C@H]1CC[C@@H](NC(=O)c2cc3c(Cl)cc(Cl)cc3[nH]2)CC1,"InChI=1S/C16H18Cl2N2O/c1-9-2-4-11(5-3-9)19-16(21)15-8-12-13(18)6-10(17)7-14(12)20-15/h6-9,11,20H,2-5H2,1H3,(H,19,21)/t9-,11+"
1089,CHEMBL3086126,C[C@H]1CC[C@H](NC(=O)c2cc3c(Cl)cc(Cl)cc3[nH]2)CC1,"InChI=1S/C16H18Cl2N2O/c1-9-2-4-11(5-3-9)19-16(21)15-8-12-13(18)6-10(17)7-14(12)20-15/h6-9,11,20H,2-5H2,1H3,(H,19,21)/t9-,11-"
1090,CHEMBL4062566,N[C@H]1CC[C@@](CCOc2cc(F)c(S(=O)(=O)Nc3ncns3)cc2F)(c2ccccc2)CC1,"InChI=1S/C22H24F2N4O3S2/c23-17-13-20(33(29,30)28-21-26-14-27-32-21)18(24)12-19(17)31-11-10-22(8-6-16(25)7-9-22)15-4-2-1-3-5-15/h1-5,12-14,16H,6-11,25H2,(H,26,27,28)/t16-,22+"
1090,CHEMBL4102633,N[C@H]1CC[C@](CCOc2cc(F)c(S(=O)(=O)Nc3ncns3)cc2F)(c2ccccc2)CC1,"InChI=1S/C22H24F2N4O3S2/c23-17-13-20(33(29,30)28-21-26-14-27-32-21)18(24)12-19(17)31-11-10-22(8-6-16(25)7-9-22)15-4-2-1-3-5-15/h1-5,12-14,16H,6-11,25H2,(H,26,27,28)/t16-,22-"
1091,CHEMBL297755,CC(C)(C)c1cnc(CSc2cnc(NC(=O)[C@H]3CC[C@@H](N)CC3)s2)o1,"InChI=1S/C18H26N4O2S2/c1-18(2,3)13-8-20-14(24-13)10-25-15-9-21-17(26-15)22-16(23)11-4-6-12(19)7-5-11/h8-9,11-12H,4-7,10,19H2,1-3H3,(H,21,22,23)/t11-,12+"
1091,CHEMBL49618,CC(C)(C)c1cnc(CSc2cnc(NC(=O)[C@H]3CC[C@H](N)CC3)s2)o1,"InChI=1S/C18H26N4O2S2/c1-18(2,3)13-8-20-14(24-13)10-25-15-9-21-17(26-15)22-16(23)11-4-6-12(19)7-5-11/h8-9,11-12H,4-7,10,19H2,1-3H3,(H,21,22,23)/t11-,12-"
1092,CHEMBL173353,CCn1cnc2c(Nc3cccc(F)c3)nc(N[C@H]3CC[C@@H](N)CC3)nc21,"InChI=1S/C19H24FN7/c1-2-27-11-22-16-17(23-15-5-3-4-12(20)10-15)25-19(26-18(16)27)24-14-8-6-13(21)7-9-14/h3-5,10-11,13-14H,2,6-9,21H2,1H3,(H2,23,24,25,26)/t13-,14+"
1092,CHEMBL366642,CCn1cnc2c(Nc3cccc(F)c3)nc(N[C@H]3CC[C@H](N)CC3)nc21,"InChI=1S/C19H24FN7/c1-2-27-11-22-16-17(23-15-5-3-4-12(20)10-15)25-19(26-18(16)27)24-14-8-6-13(21)7-9-14/h3-5,10-11,13-14H,2,6-9,21H2,1H3,(H2,23,24,25,26)/t13-,14-"
1093,CHEMBL4225251,C[C@]1(O)CC[C@](CN)(c2ccc(Cl)c(Cl)c2)CC1,"InChI=1S/C14H19Cl2NO/c1-13(18)4-6-14(9-17,7-5-13)10-2-3-11(15)12(16)8-10/h2-3,8,18H,4-7,9,17H2,1H3/t13-,14-"
1093,CHEMBL4229008,C[C@]1(O)CC[C@@](CN)(c2ccc(Cl)c(Cl)c2)CC1,"InChI=1S/C14H19Cl2NO/c1-13(18)4-6-14(9-17,7-5-13)10-2-3-11(15)12(16)8-10/h2-3,8,18H,4-7,9,17H2,1H3/t13-,14+"
1094,CHEMBL3926454,O=C(N[C@H]1C[C@H](O)C1)c1ccc2cc(Oc3ccc(C(F)(F)F)cn3)ccc2n1,"InChI=1S/C20H16F3N3O3/c21-20(22,23)12-2-6-18(24-10-12)29-15-3-5-16-11(7-15)1-4-17(26-16)19(28)25-13-8-14(27)9-13/h1-7,10,13-14,27H,8-9H2,(H,25,28)/t13-,14-"
1094,CHEMBL3929432,O=C(N[C@H]1C[C@@H](O)C1)c1ccc2cc(Oc3ccc(C(F)(F)F)cn3)ccc2n1,"InChI=1S/C20H16F3N3O3/c21-20(22,23)12-2-6-18(24-10-12)29-15-3-5-16-11(7-15)1-4-17(26-16)19(28)25-13-8-14(27)9-13/h1-7,10,13-14,27H,8-9H2,(H,25,28)/t13-,14+"
1095,CHEMBL3942424,Fc1ccc(CN[C@H]2CC[C@@H](c3nnn4cnc5[nH]ccc5c34)CC2)cc1,"InChI=1S/C20H21FN6/c21-15-5-1-13(2-6-15)11-23-16-7-3-14(4-8-16)18-19-17-9-10-22-20(17)24-12-27(19)26-25-18/h1-2,5-6,9-10,12,14,16,22-23H,3-4,7-8,11H2/t14-,16+"
1095,CHEMBL3980095,Fc1ccc(CN[C@H]2CC[C@H](c3nnn4cnc5[nH]ccc5c34)CC2)cc1,"InChI=1S/C20H21FN6/c21-15-5-1-13(2-6-15)11-23-16-7-3-14(4-8-16)18-19-17-9-10-22-20(17)24-12-27(19)26-25-18/h1-2,5-6,9-10,12,14,16,22-23H,3-4,7-8,11H2/t14-,16-"
1096,CHEMBL4082476,Cc1ccc([C@@H]2CN(C(=O)C[C@H]3CC[C@H](N)CC3)C[C@H]2c2ccc(C#N)cc2)cc1,"InChI=1S/C26H31N3O/c1-18-2-8-21(9-3-18)24-16-29(26(30)14-19-6-12-23(28)13-7-19)17-25(24)22-10-4-20(15-27)5-11-22/h2-5,8-11,19,23-25H,6-7,12-14,16-17,28H2,1H3/t19-,23-,24-,25-/m0/s1"
1096,CHEMBL4100487,Cc1ccc([C@@H]2CN(C(=O)C[C@H]3CC[C@@H](N)CC3)C[C@H]2c2ccc(C#N)cc2)cc1,"InChI=1S/C26H31N3O/c1-18-2-8-21(9-3-18)24-16-29(26(30)14-19-6-12-23(28)13-7-19)17-25(24)22-10-4-20(15-27)5-11-22/h2-5,8-11,19,23-25H,6-7,12-14,16-17,28H2,1H3/t19-,23+,24-,25-/m0/s1"
1097,CHEMBL3936317,CC(C)CN(Cc1ccc(N[C@H]2CC[C@H](O)CC2)cc1)S(=O)(=O)Cc1ccccc1,"InChI=1S/C24H34N2O3S/c1-19(2)16-26(30(28,29)18-21-6-4-3-5-7-21)17-20-8-10-22(11-9-20)25-23-12-14-24(27)15-13-23/h3-11,19,23-25,27H,12-18H2,1-2H3/t23-,24-"
1097,CHEMBL3958385,CC(C)CN(Cc1ccc(N[C@H]2CC[C@@H](O)CC2)cc1)S(=O)(=O)Cc1ccccc1,"InChI=1S/C24H34N2O3S/c1-19(2)16-26(30(28,29)18-21-6-4-3-5-7-21)17-20-8-10-22(11-9-20)25-23-12-14-24(27)15-13-23/h3-11,19,23-25,27H,12-18H2,1-2H3/t23-,24+"
1098,CHEMBL3904756,Clc1ccc(CN[C@H]2CC[C@H](c3nnn4cnc5[nH]ccc5c34)CC2)cc1,"InChI=1S/C20H21ClN6/c21-15-5-1-13(2-6-15)11-23-16-7-3-14(4-8-16)18-19-17-9-10-22-20(17)24-12-27(19)26-25-18/h1-2,5-6,9-10,12,14,16,22-23H,3-4,7-8,11H2/t14-,16-"
1098,CHEMBL3966425,Clc1ccc(CN[C@H]2CC[C@@H](c3nnn4cnc5[nH]ccc5c34)CC2)cc1,"InChI=1S/C20H21ClN6/c21-15-5-1-13(2-6-15)11-23-16-7-3-14(4-8-16)18-19-17-9-10-22-20(17)24-12-27(19)26-25-18/h1-2,5-6,9-10,12,14,16,22-23H,3-4,7-8,11H2/t14-,16+"
1099,CHEMBL394379,O=C(N[C@H]1CO[C@H](c2ccc([N+](=O)[O-])cc2)OC1)c1ccccc1,"InChI=1S/C17H16N2O5/c20-16(12-4-2-1-3-5-12)18-14-10-23-17(24-11-14)13-6-8-15(9-7-13)19(21)22/h1-9,14,17H,10-11H2,(H,18,20)/t14-,17-"
1099,CHEMBL399628,O=C(N[C@H]1CO[C@@H](c2ccc([N+](=O)[O-])cc2)OC1)c1ccccc1,"InChI=1S/C17H16N2O5/c20-16(12-4-2-1-3-5-12)18-14-10-23-17(24-11-14)13-6-8-15(9-7-13)19(21)22/h1-9,14,17H,10-11H2,(H,18,20)/t14-,17+"
1100,CHEMBL16432,C=CCNC(=O)O[C@H]1CC[C@](CNC(=O)c2ccccc2OC)(c2ccccc2)CC1,"InChI=1S/C25H30N2O4/c1-3-17-26-24(29)31-20-13-15-25(16-14-20,19-9-5-4-6-10-19)18-27-23(28)21-11-7-8-12-22(21)30-2/h3-12,20H,1,13-18H2,2H3,(H,26,29)(H,27,28)/t20-,25-"
1100,CHEMBL278660,C=CCNC(=O)O[C@H]1CC[C@@](CNC(=O)c2ccccc2OC)(c2ccccc2)CC1,"InChI=1S/C25H30N2O4/c1-3-17-26-24(29)31-20-13-15-25(16-14-20,19-9-5-4-6-10-19)18-27-23(28)21-11-7-8-12-22(21)30-2/h3-12,20H,1,13-18H2,2H3,(H,26,29)(H,27,28)/t20-,25+"
1101,CHEMBL4074514,COc1ccc2c(n1)CCN(C(=O)C[C@H]1C[C@H](C(=O)O)C1)[C@H]2C(=O)Nc1cc(F)c2c(c1)CCC2(C)C,"InChI=1S/C28H32FN3O5/c1-28(2)8-6-16-13-18(14-20(29)24(16)28)30-26(34)25-19-4-5-22(37-3)31-21(19)7-9-32(25)23(33)12-15-10-17(11-15)27(35)36/h4-5,13-15,17,25H,6-12H2,1-3H3,(H,30,34)(H,35,36)/t15-,17-,25-/m1/s1"
1101,CHEMBL4091605,COc1ccc2c(n1)CCN(C(=O)C[C@H]1C[C@@H](C(=O)O)C1)[C@H]2C(=O)Nc1cc(F)c2c(c1)CCC2(C)C,"InChI=1S/C28H32FN3O5/c1-28(2)8-6-16-13-18(14-20(29)24(16)28)30-26(34)25-19-4-5-22(37-3)31-21(19)7-9-32(25)23(33)12-15-10-17(11-15)27(35)36/h4-5,13-15,17,25H,6-12H2,1-3H3,(H,30,34)(H,35,36)/t15-,17+,25-/m1/s1"
1102,CHEMBL1672878,C=C1C(=O)O[C@@H]2[C@H]3O[C@]3(C)CC/C=C(\CO)CC[C@@H]12,"InChI=1S/C15H20O4/c1-9-11-6-5-10(8-16)4-3-7-15(2)13(19-15)12(11)18-14(9)17/h4,11-13,16H,1,3,5-8H2,2H3/b10-4+/t11-,12-,13+,15+/m0/s1"
1102,CHEMBL4226596,C=C1C(=O)O[C@@H]2[C@H]3O[C@]3(C)CC/C=C(\CO)CC[C@@H]12,"InChI=1S/C15H20O4/c1-9-11-6-5-10(8-16)4-3-7-15(2)13(19-15)12(11)18-14(9)17/h4,11-13,16H,1,3,5-8H2,2H3/b10-4-/t11-,12-,13+,15+/m0/s1"
1103,CHEMBL3690344,O[C@H]1CC[C@H](c2cccnc2Oc2ccc(Nc3nc4ccccc4s3)cc2)CC1,"InChI=1S/C24H23N3O2S/c28-18-11-7-16(8-12-18)20-4-3-15-25-23(20)29-19-13-9-17(10-14-19)26-24-27-21-5-1-2-6-22(21)30-24/h1-6,9-10,13-16,18,28H,7-8,11-12H2,(H,26,27)/t16-,18-"
1103,CHEMBL3690345,O[C@H]1CC[C@@H](c2cccnc2Oc2ccc(Nc3nc4ccccc4s3)cc2)CC1,"InChI=1S/C24H23N3O2S/c28-18-11-7-16(8-12-18)20-4-3-15-25-23(20)29-19-13-9-17(10-14-19)26-24-27-21-5-1-2-6-22(21)30-24/h1-6,9-10,13-16,18,28H,7-8,11-12H2,(H,26,27)/t16-,18+"
1104,CHEMBL3655231,C[C@H]1C[C@@H](c2nc(-c3ccc(Oc4ccccc4)cc3)c3c(N)nccn32)C1,"InChI=1S/C23H22N4O/c1-15-13-17(14-15)23-26-20(21-22(24)25-11-12-27(21)23)16-7-9-19(10-8-16)28-18-5-3-2-4-6-18/h2-12,15,17H,13-14H2,1H3,(H2,24,25)/t15-,17+"
1104,CHEMBL3655232,C[C@H]1C[C@H](c2nc(-c3ccc(Oc4ccccc4)cc3)c3c(N)nccn32)C1,"InChI=1S/C23H22N4O/c1-15-13-17(14-15)23-26-20(21-22(24)25-11-12-27(21)23)16-7-9-19(10-8-16)28-18-5-3-2-4-6-18/h2-12,15,17H,13-14H2,1H3,(H2,24,25)/t15-,17-"
1105,CHEMBL3957421,FC(F)(F)c1ccc(CN[C@H]2CC[C@@H](c3nnn4cnc5[nH]ccc5c34)CC2)cc1,"InChI=1S/C21H21F3N6/c22-21(23,24)15-5-1-13(2-6-15)11-26-16-7-3-14(4-8-16)18-19-17-9-10-25-20(17)27-12-30(19)29-28-18/h1-2,5-6,9-10,12,14,16,25-26H,3-4,7-8,11H2/t14-,16+"
1105,CHEMBL3980979,FC(F)(F)c1ccc(CN[C@H]2CC[C@H](c3nnn4cnc5[nH]ccc5c34)CC2)cc1,"InChI=1S/C21H21F3N6/c22-21(23,24)15-5-1-13(2-6-15)11-26-16-7-3-14(4-8-16)18-19-17-9-10-25-20(17)27-12-30(19)29-28-18/h1-2,5-6,9-10,12,14,16,25-26H,3-4,7-8,11H2/t14-,16-"
1106,CHEMBL1189054,C[C@H]1CC[C@@](CN)(CC(=O)O)CC1,"InChI=1S/C10H19NO2/c1-8-2-4-10(7-11,5-3-8)6-9(12)13/h8H,2-7,11H2,1H3,(H,12,13)/t8-,10-"
1106,CHEMBL1190381,C[C@H]1CC[C@](CN)(CC(=O)O)CC1,"InChI=1S/C10H19NO2/c1-8-2-4-10(7-11,5-3-8)6-9(12)13/h8H,2-7,11H2,1H3,(H,12,13)/t8-,10+"
1107,CHEMBL3963352,CC(=O)NC[C@H]1C[C@@H](n2cc(-c3cccc(OCc4ccccc4)c3)c3c(N)ncnc32)C1,"InChI=1S/C26H27N5O2/c1-17(32)28-13-19-10-21(11-19)31-14-23(24-25(27)29-16-30-26(24)31)20-8-5-9-22(12-20)33-15-18-6-3-2-4-7-18/h2-9,12,14,16,19,21H,10-11,13,15H2,1H3,(H,28,32)(H2,27,29,30)/t19-,21+"
1107,CHEMBL3970729,CC(=O)NC[C@H]1C[C@H](n2cc(-c3cccc(OCc4ccccc4)c3)c3c(N)ncnc32)C1,"InChI=1S/C26H27N5O2/c1-17(32)28-13-19-10-21(11-19)31-14-23(24-25(27)29-16-30-26(24)31)20-8-5-9-22(12-20)33-15-18-6-3-2-4-7-18/h2-9,12,14,16,19,21H,10-11,13,15H2,1H3,(H,28,32)(H2,27,29,30)/t19-,21-"
1108,CHEMBL4278176,CC(C)N1CCC(N[C@H]2CC[C@H](c3cccc(-c4cc5cc(F)ccc5[nH]4)c3)CC2)CC1,"InChI=1S/C28H36FN3/c1-19(2)32-14-12-26(13-15-32)30-25-9-6-20(7-10-25)21-4-3-5-22(16-21)28-18-23-17-24(29)8-11-27(23)31-28/h3-5,8,11,16-20,25-26,30-31H,6-7,9-10,12-15H2,1-2H3/t20-,25-"
1108,CHEMBL4292540,CC(C)N1CCC(N[C@H]2CC[C@@H](c3cccc(-c4cc5cc(F)ccc5[nH]4)c3)CC2)CC1,"InChI=1S/C28H36FN3/c1-19(2)32-14-12-26(13-15-32)30-25-9-6-20(7-10-25)21-4-3-5-22(16-21)28-18-23-17-24(29)8-11-27(23)31-28/h3-5,8,11,16-20,25-26,30-31H,6-7,9-10,12-15H2,1-2H3/t20-,25+"
1109,CHEMBL3343602,COC(=O)[C@]1(C)CCC[C@]2(C)[C@H]3C[C@H]4C(C(C)C)=C[C@]3(CC[C@H]21)[C@@H]1NC(=O)CC[C@H](O)[C@@H]14,"InChI=1S/C27H41NO4/c1-15(2)17-14-27-12-9-19-25(3,10-6-11-26(19,4)24(31)32-5)20(27)13-16(17)22-18(29)7-8-21(30)28-23(22)27/h14-16,18-20,22-23,29H,6-13H2,1-5H3,(H,28,30)/t16-,18-,19+,20+,22-,23+,25-,26+,27-/m0/s1"
1109,CHEMBL3618025,COC(=O)[C@]1(C)CCC[C@]2(C)[C@H]3C[C@H]4C(C(C)C)=C[C@]3(CC[C@H]21)[C@@H]1NC(=O)CC[C@H](O)[C@@H]14,"InChI=1S/C27H41NO4/c1-15(2)17-14-27-12-9-19-25(3,10-6-11-26(19,4)24(31)32-5)20(27)13-16(17)22-18(29)7-8-21(30)28-23(22)27/h14-16,18-20,22-23,29H,6-13H2,1-5H3,(H,28,30)/t16?,18-,19+,20+,22-,23+,25-,26+,27-/m0/s1"
1110,CHEMBL3941241,c1ccc(CN[C@H]2CC[C@@H](c3nnn4cnc5[nH]ccc5c34)CC2)cc1,"InChI=1S/C20H22N6/c1-2-4-14(5-3-1)12-22-16-8-6-15(7-9-16)18-19-17-10-11-21-20(17)23-13-26(19)25-24-18/h1-5,10-11,13,15-16,21-22H,6-9,12H2/t15-,16+"
1110,CHEMBL3985363,c1ccc(CN[C@H]2CC[C@H](c3nnn4cnc5[nH]ccc5c34)CC2)cc1,"InChI=1S/C20H22N6/c1-2-4-14(5-3-1)12-22-16-8-6-15(7-9-16)18-19-17-10-11-21-20(17)23-13-26(19)25-24-18/h1-5,10-11,13,15-16,21-22H,6-9,12H2/t15-,16-"
1111,CHEMBL3100023,O=C(Nc1ccc(Cl)cc1)N[C@H]1CC[C@H](Oc2ccc(F)cc2)CC1,"InChI=1S/C19H20ClFN2O2/c20-13-1-5-15(6-2-13)22-19(24)23-16-7-11-18(12-8-16)25-17-9-3-14(21)4-10-17/h1-6,9-10,16,18H,7-8,11-12H2,(H2,22,23,24)/t16-,18-"
1111,CHEMBL374730,O=C(Nc1ccc(Cl)cc1)N[C@H]1CC[C@@H](Oc2ccc(F)cc2)CC1,"InChI=1S/C19H20ClFN2O2/c20-13-1-5-15(6-2-13)22-19(24)23-16-7-11-18(12-8-16)25-17-9-3-14(21)4-10-17/h1-6,9-10,16,18H,7-8,11-12H2,(H2,22,23,24)/t16-,18+"
1112,CHEMBL469699,C[C@](O)(c1ccc(C(=O)N(C2CC2)[C@H]2CC[C@H](c3ccccc3)CC2)cc1)C(F)(F)F,"InChI=1S/C25H28F3NO2/c1-24(31,25(26,27)28)20-11-7-19(8-12-20)23(30)29(22-15-16-22)21-13-9-18(10-14-21)17-5-3-2-4-6-17/h2-8,11-12,18,21-22,31H,9-10,13-16H2,1H3/t18-,21-,24-/m0/s1"
1112,CHEMBL471750,C[C@](O)(c1ccc(C(=O)N(C2CC2)[C@H]2CC[C@@H](c3ccccc3)CC2)cc1)C(F)(F)F,"InChI=1S/C25H28F3NO2/c1-24(31,25(26,27)28)20-11-7-19(8-12-20)23(30)29(22-15-16-22)21-13-9-18(10-14-21)17-5-3-2-4-6-17/h2-8,11-12,18,21-22,31H,9-10,13-16H2,1H3/t18-,21+,24-/m0/s1"
1113,CHEMBL3970471,O=C(O)C1CCN(c2ccc(-c3c([C@H]4C[C@H](c5ccc6ccccc6n5)C4)nc4c(N5CCOCC5)ccnn34)cc2)CC1,"InChI=1S/C35H36N6O3/c42-35(43)25-12-15-39(16-13-25)28-8-5-24(6-9-28)33-32(38-34-31(11-14-36-41(33)34)40-17-19-44-20-18-40)27-21-26(22-27)30-10-7-23-3-1-2-4-29(23)37-30/h1-11,14,25-27H,12-13,15-22H2,(H,42,43)/t26-,27-"
1113,CHEMBL3978755,O=C(O)C1CCN(c2ccc(-c3c([C@H]4C[C@@H](c5ccc6ccccc6n5)C4)nc4c(N5CCOCC5)ccnn34)cc2)CC1,"InChI=1S/C35H36N6O3/c42-35(43)25-12-15-39(16-13-25)28-8-5-24(6-9-28)33-32(38-34-31(11-14-36-41(33)34)40-17-19-44-20-18-40)27-21-26(22-27)30-10-7-23-3-1-2-4-29(23)37-30/h1-11,14,25-27H,12-13,15-22H2,(H,42,43)/t26-,27+"
1114,CHEMBL235004,COc1cc([C@H]2CC[C@@H]([C@H](C(=O)N(C)C)[C@H](N)C(=O)N3CCC(F)(F)C3)CC2)nc(OC)n1,"InChI=1S/C22H33F2N5O4/c1-28(2)19(30)17(18(25)20(31)29-10-9-22(23,24)12-29)14-7-5-13(6-8-14)15-11-16(32-3)27-21(26-15)33-4/h11,13-14,17-18H,5-10,12,25H2,1-4H3/t13-,14+,17-,18-/m0/s1"
1114,CHEMBL235223,COc1cc([C@H]2CC[C@H]([C@H](C(=O)N(C)C)[C@H](N)C(=O)N3CCC(F)(F)C3)CC2)nc(OC)n1,"InChI=1S/C22H33F2N5O4/c1-28(2)19(30)17(18(25)20(31)29-10-9-22(23,24)12-29)14-7-5-13(6-8-14)15-11-16(32-3)27-21(26-15)33-4/h11,13-14,17-18H,5-10,12,25H2,1-4H3/t13-,14-,17-,18-/m0/s1"
1115,CHEMBL4126456,COc1cccc(-c2cc(C(=O)N[C@H]3CC[C@H](c4ccc(O[C@H]5CC[C@H](N)CC5)cc4)CC3)ccc2OC)c1,"InChI=1S/C33H40N2O4/c1-37-30-5-3-4-24(20-30)31-21-25(10-19-32(31)38-2)33(36)35-27-13-6-22(7-14-27)23-8-15-28(16-9-23)39-29-17-11-26(34)12-18-29/h3-5,8-10,15-16,19-22,26-27,29H,6-7,11-14,17-18,34H2,1-2H3,(H,35,36)/t22-,26-,27-,29-"
1115,CHEMBL4129740,COc1cccc(-c2cc(C(=O)N[C@H]3CC[C@H](c4ccc(O[C@H]5CC[C@@H](N)CC5)cc4)CC3)ccc2OC)c1,"InChI=1S/C33H40N2O4/c1-37-30-5-3-4-24(20-30)31-21-25(10-19-32(31)38-2)33(36)35-27-13-6-22(7-14-27)23-8-15-28(16-9-23)39-29-17-11-26(34)12-18-29/h3-5,8-10,15-16,19-22,26-27,29H,6-7,11-14,17-18,34H2,1-2H3,(H,35,36)/t22-,26-,27-,29+"
1116,CHEMBL3409429,CO[C@H]1CC[C@H](c2cc(C(=O)NN)nc3ccccc32)CC1,"InChI=1S/C17H21N3O2/c1-22-12-8-6-11(7-9-12)14-10-16(17(21)20-18)19-15-5-3-2-4-13(14)15/h2-5,10-12H,6-9,18H2,1H3,(H,20,21)/t11-,12-"
1116,CHEMBL3409430,CO[C@H]1CC[C@@H](c2cc(C(=O)NN)nc3ccccc32)CC1,"InChI=1S/C17H21N3O2/c1-22-12-8-6-11(7-9-12)14-10-16(17(21)20-18)19-15-5-3-2-4-13(14)15/h2-5,10-12H,6-9,18H2,1H3,(H,20,21)/t11-,12+"
1117,CHEMBL16381,COCCCNC(=O)O[C@H]1CC[C@](CNC(=O)c2ccccc2OC)(c2ccccc2)CC1,"InChI=1S/C26H34N2O5/c1-31-18-8-17-27-25(30)33-21-13-15-26(16-14-21,20-9-4-3-5-10-20)19-28-24(29)22-11-6-7-12-23(22)32-2/h3-7,9-12,21H,8,13-19H2,1-2H3,(H,27,30)(H,28,29)/t21-,26-"
1117,CHEMBL16652,COCCCNC(=O)O[C@H]1CC[C@@](CNC(=O)c2ccccc2OC)(c2ccccc2)CC1,"InChI=1S/C26H34N2O5/c1-31-18-8-17-27-25(30)33-21-13-15-26(16-14-21,20-9-4-3-5-10-20)19-28-24(29)22-11-6-7-12-23(22)32-2/h3-7,9-12,21H,8,13-19H2,1-2H3,(H,27,30)(H,28,29)/t21-,26+"
1118,CHEMBL3897300,c1ccc(CCCN[C@H]2CC[C@H](c3nnn4cnc5[nH]ccc5c34)CC2)cc1,"InChI=1S/C22H26N6/c1-2-5-16(6-3-1)7-4-13-23-18-10-8-17(9-11-18)20-21-19-12-14-24-22(19)25-15-28(21)27-26-20/h1-3,5-6,12,14-15,17-18,23-24H,4,7-11,13H2/t17-,18-"
1118,CHEMBL3980041,c1ccc(CCCN[C@H]2CC[C@@H](c3nnn4cnc5[nH]ccc5c34)CC2)cc1,"InChI=1S/C22H26N6/c1-2-5-16(6-3-1)7-4-13-23-18-10-8-17(9-11-18)20-21-19-12-14-24-22(19)25-15-28(21)27-26-20/h1-3,5-6,12,14-15,17-18,23-24H,4,7-11,13H2/t17-,18+"
1119,CHEMBL3641465,Cn1cnc2cc(-c3ccc(N4CCOCC4)cc3)nc(N[C@H]3CC[C@H](N)CC3)c2c1=O,"InChI=1S/C24H30N6O2/c1-29-15-26-21-14-20(16-2-8-19(9-3-16)30-10-12-32-13-11-30)28-23(22(21)24(29)31)27-18-6-4-17(25)5-7-18/h2-3,8-9,14-15,17-18H,4-7,10-13,25H2,1H3,(H,27,28)/t17-,18-"
1119,CHEMBL3643503,Cn1cnc2cc(-c3ccc(N4CCOCC4)cc3)nc(N[C@H]3CC[C@@H](N)CC3)c2c1=O,"InChI=1S/C24H30N6O2/c1-29-15-26-21-14-20(16-2-8-19(9-3-16)30-10-12-32-13-11-30)28-23(22(21)24(29)31)27-18-6-4-17(25)5-7-18/h2-3,8-9,14-15,17-18H,4-7,10-13,25H2,1H3,(H,27,28)/t17-,18+"
1120,CHEMBL3302401,CC1=C[C@@H]2Cc3nc4cc(Cl)ccc4c(NCCCCCCCCCNC(=O)c4cc(O)c5c(c4)C(=O)c4cccc(O)c4C5=O)c3[C@H](C1)C2,"InChI=1S/C41H42ClN3O5/c1-23-16-24-18-25(17-23)35-32(19-24)45-31-22-27(42)12-13-28(31)38(35)43-14-7-5-3-2-4-6-8-15-44-41(50)26-20-30-37(34(47)21-26)40(49)36-29(39(30)48)10-9-11-33(36)46/h9-13,16,20-22,24-25,46-47H,2-8,14-15,17-19H2,1H3,(H,43,45)(H,44,50)/t24-,25+/m0/s1"
1120,CHEMBL4113560,CC1=C[C@@H]2Cc3nc4cc(Cl)ccc4c(NCCCCCCCCCNC(=O)c4cc(O)c5c(c4)C(=O)c4cccc(O)c4C5=O)c3[C@H](C1)C2,"InChI=1S/C41H42ClN3O5/c1-23-16-24-18-25(17-23)35-32(19-24)45-31-22-27(42)12-13-28(31)38(35)43-14-7-5-3-2-4-6-8-15-44-41(50)26-20-30-37(34(47)21-26)40(49)36-29(39(30)48)10-9-11-33(36)46/h9-13,16,20-22,24-25,46-47H,2-8,14-15,17-19H2,1H3,(H,43,45)(H,44,50)/t24-,25?/m0/s1"
1121,CHEMBL3895484,NC(=O)c1cccc([C@H]2C[C@H]3CC[C@@H](C2)N3CCN(C[C@H]2CC[C@H](O)CC2)C(=O)[C@@H](O)CO)c1,"InChI=1S/C26H39N3O5/c27-25(33)19-3-1-2-18(12-19)20-13-21-6-7-22(14-20)29(21)11-10-28(26(34)24(32)16-30)15-17-4-8-23(31)9-5-17/h1-3,12,17,20-24,30-32H,4-11,13-16H2,(H2,27,33)/t17-,20-,21+,22-,23-,24-/m0/s1"
1121,CHEMBL3930802,NC(=O)c1cccc([C@H]2C[C@H]3CC[C@@H](C2)N3CCN(C[C@H]2CC[C@@H](O)CC2)C(=O)[C@@H](O)CO)c1,"InChI=1S/C26H39N3O5/c27-25(33)19-3-1-2-18(12-19)20-13-21-6-7-22(14-20)29(21)11-10-28(26(34)24(32)16-30)15-17-4-8-23(31)9-5-17/h1-3,12,17,20-24,30-32H,4-11,13-16H2,(H2,27,33)/t17-,20-,21+,22-,23+,24-/m0/s1"
1122,CHEMBL3903493,O[C@H]1CCN(C[C@H]2CC[C@@H](c3nnn4cnc5[nH]ccc5c34)CC2)C1,"InChI=1S/C18H24N6O/c25-14-6-8-23(10-14)9-12-1-3-13(4-2-12)16-17-15-5-7-19-18(15)20-11-24(17)22-21-16/h5,7,11-14,19,25H,1-4,6,8-10H2/t12-,13+,14-/m0/s1"
1122,CHEMBL3980241,O[C@H]1CCN(C[C@H]2CC[C@H](c3nnn4cnc5[nH]ccc5c34)CC2)C1,"InChI=1S/C18H24N6O/c25-14-6-8-23(10-14)9-12-1-3-13(4-2-12)16-17-15-5-7-19-18(15)20-11-24(17)22-21-16/h5,7,11-14,19,25H,1-4,6,8-10H2/t12-,13-,14-/m0/s1"
1123,CHEMBL3700627,CC1(C)[C@H]2Cc3c(O)cccc3[C@]1(C)CCN2C(=O)[C@H]1CC[C@@H](O)CC1,"InChI=1S/C22H31NO3/c1-21(2)19-13-16-17(5-4-6-18(16)25)22(21,3)11-12-23(19)20(26)14-7-9-15(24)10-8-14/h4-6,14-15,19,24-25H,7-13H2,1-3H3/t14-,15+,19-,22+/m1/s1"
1123,CHEMBL3700630,CC1(C)[C@H]2Cc3c(O)cccc3[C@]1(C)CCN2C(=O)[C@H]1CC[C@H](O)CC1,"InChI=1S/C22H31NO3/c1-21(2)19-13-16-17(5-4-6-18(16)25)22(21,3)11-12-23(19)20(26)14-7-9-15(24)10-8-14/h4-6,14-15,19,24-25H,7-13H2,1-3H3/t14-,15-,19-,22+/m1/s1"
1124,CHEMBL3904548,C[C@H]1CC[C@H](Nc2nc(Cl)nc3ccccc23)CC1,"InChI=1S/C15H18ClN3/c1-10-6-8-11(9-7-10)17-14-12-4-2-3-5-13(12)18-15(16)19-14/h2-5,10-11H,6-9H2,1H3,(H,17,18,19)/t10-,11-"
1124,CHEMBL3952073,C[C@H]1CC[C@@H](Nc2nc(Cl)nc3ccccc23)CC1,"InChI=1S/C15H18ClN3/c1-10-6-8-11(9-7-10)17-14-12-4-2-3-5-13(12)18-15(16)19-14/h2-5,10-11H,6-9H2,1H3,(H,17,18,19)/t10-,11+"
1125,CHEMBL4076545,CC(=O)N[C@H]1CC[C@H](Nc2ncnc3c2ncn3[C@H]2C[C@@H](NC(=O)c3cccc(C)n3)C2)CC1,"InChI=1S/C24H30N8O2/c1-14-4-3-5-20(28-14)24(34)31-18-10-19(11-18)32-13-27-21-22(25-12-26-23(21)32)30-17-8-6-16(7-9-17)29-15(2)33/h3-5,12-13,16-19H,6-11H2,1-2H3,(H,29,33)(H,31,34)(H,25,26,30)/t16-,17-,18-,19+"
1125,CHEMBL4092920,CC(=O)N[C@H]1CC[C@@H](Nc2ncnc3c2ncn3[C@H]2C[C@@H](NC(=O)c3cccc(C)n3)C2)CC1,"InChI=1S/C24H30N8O2/c1-14-4-3-5-20(28-14)24(34)31-18-10-19(11-18)32-13-27-21-22(25-12-26-23(21)32)30-17-8-6-16(7-9-17)29-15(2)33/h3-5,12-13,16-19H,6-11H2,1-2H3,(H,29,33)(H,31,34)(H,25,26,30)/t16-,17+,18-,19+"
1126,CHEMBL2386286,CC/C(=C(\c1ccc(O)cc1)c1ccc(OCC(N)=O)cc1)c1ccccc1,"InChI=1S/C24H23NO3/c1-2-22(17-6-4-3-5-7-17)24(18-8-12-20(26)13-9-18)19-10-14-21(15-11-19)28-16-23(25)27/h3-15,26H,2,16H2,1H3,(H2,25,27)/b24-22-"
1126,CHEMBL3942918,CC/C(=C(/c1ccc(O)cc1)c1ccc(OCC(N)=O)cc1)c1ccccc1,"InChI=1S/C24H23NO3/c1-2-22(17-6-4-3-5-7-17)24(18-8-12-20(26)13-9-18)19-10-14-21(15-11-19)28-16-23(25)27/h3-15,26H,2,16H2,1H3,(H2,25,27)/b24-22+"
1127,CHEMBL487141,O=C(c1csc2ccccc12)N(CCc1ccc(Cl)cc1)[C@H]1CC[C@@]2(CCCO2)CC1,"InChI=1S/C26H28ClNO2S/c27-20-8-6-19(7-9-20)12-16-28(21-10-14-26(15-11-21)13-3-17-30-26)25(29)23-18-31-24-5-2-1-4-22(23)24/h1-2,4-9,18,21H,3,10-17H2/t21-,26-"
1127,CHEMBL520715,O=C(c1csc2ccccc12)N(CCc1ccc(Cl)cc1)[C@H]1CC[C@]2(CCCO2)CC1,"InChI=1S/C26H28ClNO2S/c27-20-8-6-19(7-9-20)12-16-28(21-10-14-26(15-11-21)13-3-17-30-26)25(29)23-18-31-24-5-2-1-4-22(23)24/h1-2,4-9,18,21H,3,10-17H2/t21-,26+"
1128,CHEMBL3690349,O=C(c1ccc(Oc2ncccc2[C@H]2CC[C@@H](O)CC2)cc1)c1nc2ccccc2[nH]1,"InChI=1S/C25H23N3O3/c29-18-11-7-16(8-12-18)20-4-3-15-26-25(20)31-19-13-9-17(10-14-19)23(30)24-27-21-5-1-2-6-22(21)28-24/h1-6,9-10,13-16,18,29H,7-8,11-12H2,(H,27,28)/t16-,18+"
1128,CHEMBL3690350,O=C(c1ccc(Oc2ncccc2[C@H]2CC[C@H](O)CC2)cc1)c1nc2ccccc2[nH]1,"InChI=1S/C25H23N3O3/c29-18-11-7-16(8-12-18)20-4-3-15-26-25(20)31-19-13-9-17(10-14-19)23(30)24-27-21-5-1-2-6-22(21)28-24/h1-6,9-10,13-16,18,29H,7-8,11-12H2,(H,27,28)/t16-,18-"
1129,CHEMBL256592,CN(C(=O)N[C@H]1CC[C@@H](c2ccccc2)CC1)C1CCN(S(C)(=O)=O)CC1,"InChI=1S/C20H31N3O3S/c1-22(19-12-14-23(15-13-19)27(2,25)26)20(24)21-18-10-8-17(9-11-18)16-6-4-3-5-7-16/h3-7,17-19H,8-15H2,1-2H3,(H,21,24)/t17-,18+"
1129,CHEMBL257939,CN(C(=O)N[C@H]1CC[C@H](c2ccccc2)CC1)C1CCN(S(C)(=O)=O)CC1,"InChI=1S/C20H31N3O3S/c1-22(19-12-14-23(15-13-19)27(2,25)26)20(24)21-18-10-8-17(9-11-18)16-6-4-3-5-7-16/h3-7,17-19H,8-15H2,1-2H3,(H,21,24)/t17-,18-"
1130,CHEMBL1683098,CC(=O)N(C)[C@H]1CC[C@H]([C@H](N)Cc2cc(F)ccc2F)CC1,"InChI=1S/C17H24F2N2O/c1-11(22)21(2)15-6-3-12(4-7-15)17(20)10-13-9-14(18)5-8-16(13)19/h5,8-9,12,15,17H,3-4,6-7,10,20H2,1-2H3/t12-,15-,17-/m1/s1"
1130,CHEMBL1683099,CC(=O)N(C)[C@H]1CC[C@@H]([C@H](N)Cc2cc(F)ccc2F)CC1,"InChI=1S/C17H24F2N2O/c1-11(22)21(2)15-6-3-12(4-7-15)17(20)10-13-9-14(18)5-8-16(13)19/h5,8-9,12,15,17H,3-4,6-7,10,20H2,1-2H3/t12-,15+,17-/m1/s1"
1131,CHEMBL4300805,C=CCSC1=CC(=O)C(N[C@H]2CC[C@@H](N)CC2)=CC1=O,"InChI=1S/C15H20N2O2S/c1-2-7-20-15-9-13(18)12(8-14(15)19)17-11-5-3-10(16)4-6-11/h2,8-11,17H,1,3-7,16H2/t10-,11+"
1131,CHEMBL4301641,C=CCSC1=CC(=O)C(N[C@H]2CC[C@H](N)CC2)=CC1=O,"InChI=1S/C15H20N2O2S/c1-2-7-20-15-9-13(18)12(8-14(15)19)17-11-5-3-10(16)4-6-11/h2,8-11,17H,1,3-7,16H2/t10-,11-"
1132,CHEMBL3920987,N[C@H]1CC[C@H](N[C@@H]2C[C@H]2c2ccc(-c3cccc(C(F)(F)F)c3)cc2)CC1,"InChI=1S/C22H25F3N2/c23-22(24,25)17-3-1-2-16(12-17)14-4-6-15(7-5-14)20-13-21(20)27-19-10-8-18(26)9-11-19/h1-7,12,18-21,27H,8-11,13,26H2/t18-,19-,20-,21+/m0/s1"
1132,CHEMBL3965283,N[C@H]1CC[C@@H](N[C@@H]2C[C@H]2c2ccc(-c3cccc(C(F)(F)F)c3)cc2)CC1,"InChI=1S/C22H25F3N2/c23-22(24,25)17-3-1-2-16(12-17)14-4-6-15(7-5-14)20-13-21(20)27-19-10-8-18(26)9-11-19/h1-7,12,18-21,27H,8-11,13,26H2/t18-,19+,20-,21+/m0/s1"
1133,CHEMBL2375958,COc1ccc(-c2cc3c(C)nc(N)nc3n([C@H]3CC[C@H](OCC(N)=O)CC3)c2=O)cn1,"InChI=1S/C22H26N6O4/c1-12-16-9-17(13-3-8-19(31-2)25-10-13)21(30)28(20(16)27-22(24)26-12)14-4-6-15(7-5-14)32-11-18(23)29/h3,8-10,14-15H,4-7,11H2,1-2H3,(H2,23,29)(H2,24,26,27)/t14-,15-"
1133,CHEMBL2375964,COc1ccc(-c2cc3c(C)nc(N)nc3n([C@H]3CC[C@@H](OCC(N)=O)CC3)c2=O)cn1,"InChI=1S/C22H26N6O4/c1-12-16-9-17(13-3-8-19(31-2)25-10-13)21(30)28(20(16)27-22(24)26-12)14-4-6-15(7-5-14)32-11-18(23)29/h3,8-10,14-15H,4-7,11H2,1-2H3,(H2,23,29)(H2,24,26,27)/t14-,15+"
1134,CHEMBL310465,CC/C(=C(/c1ccc(Br)cc1)c1ccc(OCCN(C)C)cc1)c1ccccc1,"InChI=1S/C26H28BrNO/c1-4-25(20-8-6-5-7-9-20)26(21-10-14-23(27)15-11-21)22-12-16-24(17-13-22)29-19-18-28(2)3/h5-17H,4,18-19H2,1-3H3/b26-25+"
1134,CHEMBL313685,CC/C(=C(\c1ccc(Br)cc1)c1ccc(OCCN(C)C)cc1)c1ccccc1,"InChI=1S/C26H28BrNO/c1-4-25(20-8-6-5-7-9-20)26(21-10-14-23(27)15-11-21)22-12-16-24(17-13-22)29-19-18-28(2)3/h5-17H,4,18-19H2,1-3H3/b26-25-"
1135,CHEMBL492582,CS(=O)(=O)N1C[C@]2(CC[C@@H](C(=O)Nc3ccc(-c4ccccc4)cc3)CC2)c2ccccc21,"InChI=1S/C27H28N2O3S/c1-33(31,32)29-19-27(24-9-5-6-10-25(24)29)17-15-22(16-18-27)26(30)28-23-13-11-21(12-14-23)20-7-3-2-4-8-20/h2-14,22H,15-19H2,1H3,(H,28,30)/t22-,27-"
1135,CHEMBL522321,CS(=O)(=O)N1C[C@]2(CC[C@H](C(=O)Nc3ccc(-c4ccccc4)cc3)CC2)c2ccccc21,"InChI=1S/C27H28N2O3S/c1-33(31,32)29-19-27(24-9-5-6-10-25(24)29)17-15-22(16-18-27)26(30)28-23-13-11-21(12-14-23)20-7-3-2-4-8-20/h2-14,22H,15-19H2,1H3,(H,28,30)/t22-,27+"
1136,CHEMBL141597,CC(C)CCCCN(CCCCCC(=O)O)S(=O)(=O)/C=C/c1ccc(NC(=O)[C@H]2CC[C@H](C(C(=O)O)C(=O)O)CC2)cc1,"InChI=1S/C31H46N2O9S/c1-22(2)8-5-7-20-33(19-6-3-4-9-27(34)35)43(41,42)21-18-23-10-16-26(17-11-23)32-29(36)25-14-12-24(13-15-25)28(30(37)38)31(39)40/h10-11,16-18,21-22,24-25,28H,3-9,12-15,19-20H2,1-2H3,(H,32,36)(H,34,35)(H,37,38)(H,39,40)/b21-18+/t24-,25-"
1136,CHEMBL142237,CC(C)CCCCN(CCCCCC(=O)O)S(=O)(=O)/C=C/c1ccc(NC(=O)[C@H]2CC[C@@H](C(C(=O)O)C(=O)O)CC2)cc1,"InChI=1S/C31H46N2O9S/c1-22(2)8-5-7-20-33(19-6-3-4-9-27(34)35)43(41,42)21-18-23-10-16-26(17-11-23)32-29(36)25-14-12-24(13-15-25)28(30(37)38)31(39)40/h10-11,16-18,21-22,24-25,28H,3-9,12-15,19-20H2,1-2H3,(H,32,36)(H,34,35)(H,37,38)(H,39,40)/b21-18+/t24-,25+"
1137,CHEMBL3894008,CC(=O)N1CCc2nc(N3CCC(Oc4ccc(F)cc4F)CC3)c(N[C@H]3C[C@H](O)C3)nc2C1,"InChI=1S/C24H29F2N5O3/c1-14(32)31-9-6-20-21(13-31)28-23(27-16-11-17(33)12-16)24(29-20)30-7-4-18(5-8-30)34-22-3-2-15(25)10-19(22)26/h2-3,10,16-18,33H,4-9,11-13H2,1H3,(H,27,28)/t16-,17-"
1137,CHEMBL3908448,CC(=O)N1CCc2nc(N3CCC(Oc4ccc(F)cc4F)CC3)c(N[C@H]3C[C@@H](O)C3)nc2C1,"InChI=1S/C24H29F2N5O3/c1-14(32)31-9-6-20-21(13-31)28-23(27-16-11-17(33)12-16)24(29-20)30-7-4-18(5-8-30)34-22-3-2-15(25)10-19(22)26/h2-3,10,16-18,33H,4-9,11-13H2,1H3,(H,27,28)/t16-,17+"
1138,CHEMBL3697443,Cc1cc(C)c(CNC(=O)c2cc(-c3ccc(CN(C)C)nc3)cc(N(C)[C@H]3CC[C@@H](N)CC3)c2C)c(=O)[nH]1,"InChI=1S/C31H42N6O2/c1-19-13-20(2)35-31(39)28(19)17-34-30(38)27-14-23(22-7-10-25(33-16-22)18-36(4)5)15-29(21(27)3)37(6)26-11-8-24(32)9-12-26/h7,10,13-16,24,26H,8-9,11-12,17-18,32H2,1-6H3,(H,34,38)(H,35,39)/t24-,26+"
1138,CHEMBL3697444,Cc1cc(C)c(CNC(=O)c2cc(-c3ccc(CN(C)C)nc3)cc(N(C)[C@H]3CC[C@H](N)CC3)c2C)c(=O)[nH]1,"InChI=1S/C31H42N6O2/c1-19-13-20(2)35-31(39)28(19)17-34-30(38)27-14-23(22-7-10-25(33-16-22)18-36(4)5)15-29(21(27)3)37(6)26-11-8-24(32)9-12-26/h7,10,13-16,24,26H,8-9,11-12,17-18,32H2,1-6H3,(H,34,38)(H,35,39)/t24-,26-"
1139,CHEMBL3358442,CCn1nccc1Oc1cc(C[C@H]2CC[C@H](O)CC2)cnc1NC(=O)NC,"InChI=1S/C19H27N5O3/c1-3-24-17(8-9-22-24)27-16-11-14(10-13-4-6-15(25)7-5-13)12-21-18(16)23-19(26)20-2/h8-9,11-13,15,25H,3-7,10H2,1-2H3,(H2,20,21,23,26)/t13-,15-"
1139,CHEMBL3358443,CCn1nccc1Oc1cc(C[C@H]2CC[C@@H](O)CC2)cnc1NC(=O)NC,"InChI=1S/C19H27N5O3/c1-3-24-17(8-9-22-24)27-16-11-14(10-13-4-6-15(25)7-5-13)12-21-18(16)23-19(26)20-2/h8-9,11-13,15,25H,3-7,10H2,1-2H3,(H2,20,21,23,26)/t13-,15+"
1140,CHEMBL3823973,CC/C(=C(\c1ccc(NC(=O)C(C)C)cc1)c1ccc(OC)cc1)c1ccc(O)cc1,"InChI=1S/C27H29NO3/c1-5-25(19-8-14-23(29)15-9-19)26(21-10-16-24(31-4)17-11-21)20-6-12-22(13-7-20)28-27(30)18(2)3/h6-18,29H,5H2,1-4H3,(H,28,30)/b26-25-"
1140,CHEMBL3824284,CC/C(=C(/c1ccc(NC(=O)C(C)C)cc1)c1ccc(OC)cc1)c1ccc(O)cc1,"InChI=1S/C27H29NO3/c1-5-25(19-8-14-23(29)15-9-19)26(21-10-16-24(31-4)17-11-21)20-6-12-22(13-7-20)28-27(30)18(2)3/h6-18,29H,5H2,1-4H3,(H,28,30)/b26-25+"
1141,CHEMBL3323119,COc1ccc([C@]2(C#N)CC[C@@H](C(=O)OC)CC2)cc1OCc1ccccc1,"InChI=1S/C23H25NO4/c1-26-20-9-8-19(14-21(20)28-15-17-6-4-3-5-7-17)23(16-24)12-10-18(11-13-23)22(25)27-2/h3-9,14,18H,10-13,15H2,1-2H3/t18-,23-"
1141,CHEMBL3323122,COc1ccc([C@]2(C#N)CC[C@H](C(=O)OC)CC2)cc1OCc1ccccc1,"InChI=1S/C23H25NO4/c1-26-20-9-8-19(14-21(20)28-15-17-6-4-3-5-7-17)23(16-24)12-10-18(11-13-23)22(25)27-2/h3-9,14,18H,10-13,15H2,1-2H3/t18-,23+"
1142,CHEMBL494354,N[C@H]1CC[C@H](Nc2cncc(-c3cccc(/C=C/C(=O)O)c3)n2)CC1,"InChI=1S/C19H22N4O2/c20-15-5-7-16(8-6-15)22-18-12-21-11-17(23-18)14-3-1-2-13(10-14)4-9-19(24)25/h1-4,9-12,15-16H,5-8,20H2,(H,22,23)(H,24,25)/b9-4+/t15-,16-"
1142,CHEMBL494355,N[C@H]1CC[C@@H](Nc2cncc(-c3cccc(/C=C/C(=O)O)c3)n2)CC1,"InChI=1S/C19H22N4O2/c20-15-5-7-16(8-6-15)22-18-12-21-11-17(23-18)14-3-1-2-13(10-14)4-9-19(24)25/h1-4,9-12,15-16H,5-8,20H2,(H,22,23)(H,24,25)/b9-4+/t15-,16+"
1143,CHEMBL1829605,O=C(CNC(=O)c1cccc(C(F)(F)F)c1)NC1CN([C@H]2CC[C@@H](c3ccc4c(c3)OCO4)CC2)C1,"InChI=1S/C26H28F3N3O4/c27-26(28,29)19-3-1-2-18(10-19)25(34)30-12-24(33)31-20-13-32(14-20)21-7-4-16(5-8-21)17-6-9-22-23(11-17)36-15-35-22/h1-3,6,9-11,16,20-21H,4-5,7-8,12-15H2,(H,30,34)(H,31,33)/t16-,21+"
1143,CHEMBL1829606,O=C(CNC(=O)c1cccc(C(F)(F)F)c1)NC1CN([C@H]2CC[C@H](c3ccc4c(c3)OCO4)CC2)C1,"InChI=1S/C26H28F3N3O4/c27-26(28,29)19-3-1-2-18(10-19)25(34)30-12-24(33)31-20-13-32(14-20)21-7-4-16(5-8-21)17-6-9-22-23(11-17)36-15-35-22/h1-3,6,9-11,16,20-21H,4-5,7-8,12-15H2,(H,30,34)(H,31,33)/t16-,21-"
1144,CHEMBL2021497,C[C@@](O)(c1ccc(C(=O)N(C2CC2)[C@H]2CC[C@](C#N)(c3ccccn3)CC2)cc1)C(F)(F)F,"InChI=1S/C25H26F3N3O2/c1-23(33,25(26,27)28)18-7-5-17(6-8-18)22(32)31(19-9-10-19)20-11-13-24(16-29,14-12-20)21-4-2-3-15-30-21/h2-8,15,19-20,33H,9-14H2,1H3/t20-,23-,24-/m1/s1"
1144,CHEMBL2021498,C[C@@](O)(c1ccc(C(=O)N(C2CC2)[C@H]2CC[C@@](C#N)(c3ccccn3)CC2)cc1)C(F)(F)F,"InChI=1S/C25H26F3N3O2/c1-23(33,25(26,27)28)18-7-5-17(6-8-18)22(32)31(19-9-10-19)20-11-13-24(16-29,14-12-20)21-4-2-3-15-30-21/h2-8,15,19-20,33H,9-14H2,1H3/t20-,23-,24+/m1/s1"
1145,CHEMBL3939168,N[C@H]1C[C@@H](NC(=O)c2cc(NC(=O)c3cc(-c4ncccc4F)c(F)cc3Cl)n(-c3ccccc3)n2)C1,"InChI=1S/C26H21ClF2N6O2/c27-19-12-21(29)18(24-20(28)7-4-8-31-24)11-17(19)25(36)33-23-13-22(26(37)32-15-9-14(30)10-15)34-35(23)16-5-2-1-3-6-16/h1-8,11-15H,9-10,30H2,(H,32,37)(H,33,36)/t14-,15+"
1145,CHEMBL3977573,N[C@H]1C[C@H](NC(=O)c2cc(NC(=O)c3cc(-c4ncccc4F)c(F)cc3Cl)n(-c3ccccc3)n2)C1,"InChI=1S/C26H21ClF2N6O2/c27-19-12-21(29)18(24-20(28)7-4-8-31-24)11-17(19)25(36)33-23-13-22(26(37)32-15-9-14(30)10-15)34-35(23)16-5-2-1-3-6-16/h1-8,11-15H,9-10,30H2,(H,32,37)(H,33,36)/t14-,15-"
1146,CHEMBL3940189,N#Cc1ccc(Oc2ccc3nc(C(=O)N[C@H]4CC[C@H](O)CC4)ccc3c2)cc1,"InChI=1S/C23H21N3O3/c24-14-15-1-8-19(9-2-15)29-20-10-12-21-16(13-20)3-11-22(26-21)23(28)25-17-4-6-18(27)7-5-17/h1-3,8-13,17-18,27H,4-7H2,(H,25,28)/t17-,18-"
1146,CHEMBL3965120,N#Cc1ccc(Oc2ccc3nc(C(=O)N[C@H]4CC[C@@H](O)CC4)ccc3c2)cc1,"InChI=1S/C23H21N3O3/c24-14-15-1-8-19(9-2-15)29-20-10-12-21-16(13-20)3-11-22(26-21)23(28)25-17-4-6-18(27)7-5-17/h1-3,8-13,17-18,27H,4-7H2,(H,25,28)/t17-,18+"
1147,CHEMBL4110765,CO[C@H]1CC[C@@H](C(=O)N2CC[C@@]3(C)c4ccccc4C[C@@H]2C3(C)C)CC1,"InChI=1S/C23H33NO2/c1-22(2)20-15-17-7-5-6-8-19(17)23(22,3)13-14-24(20)21(25)16-9-11-18(26-4)12-10-16/h5-8,16,18,20H,9-15H2,1-4H3/t16-,18+,20-,23+/m1/s1"
1147,CHEMBL4113202,CO[C@H]1CC[C@H](C(=O)N2CC[C@@]3(C)c4ccccc4C[C@@H]2C3(C)C)CC1,"InChI=1S/C23H33NO2/c1-22(2)20-15-17-7-5-6-8-19(17)23(22,3)13-14-24(20)21(25)16-9-11-18(26-4)12-10-16/h5-8,16,18,20H,9-15H2,1-4H3/t16-,18-,20-,23+/m1/s1"
1148,CHEMBL3138747,CN(C)[C@H]1CO[C@H](C(c2ccccc2)c2ccccc2)OC1,"InChI=1S/C19H23NO2/c1-20(2)17-13-21-19(22-14-17)18(15-9-5-3-6-10-15)16-11-7-4-8-12-16/h3-12,17-19H,13-14H2,1-2H3/t17-,19-"
1148,CHEMBL3139166,CN(C)[C@H]1CO[C@@H](C(c2ccccc2)c2ccccc2)OC1,"InChI=1S/C19H23NO2/c1-20(2)17-13-21-19(22-14-17)18(15-9-5-3-6-10-15)16-11-7-4-8-12-16/h3-12,17-19H,13-14H2,1-2H3/t17-,19+"
1149,CHEMBL3648591,CCCc1c(Cc2ccc(-c3ccccc3-c3nc(=O)o[nH]3)cc2)c(=O)n([C@H]2CC[C@H](Oc3ccc(O)cc3)CC2)c2ncnn12,"InChI=1S/C35H34N6O5/c1-2-5-31-30(20-22-8-10-23(11-9-22)28-6-3-4-7-29(28)32-38-35(44)46-39-32)33(43)40(34-36-21-37-41(31)34)24-12-16-26(17-13-24)45-27-18-14-25(42)15-19-27/h3-4,6-11,14-15,18-19,21,24,26,42H,2,5,12-13,16-17,20H2,1H3,(H,38,39,44)/t24-,26-"
1149,CHEMBL3648592,CCCc1c(Cc2ccc(-c3ccccc3-c3nc(=O)o[nH]3)cc2)c(=O)n([C@H]2CC[C@@H](Oc3ccc(O)cc3)CC2)c2ncnn12,"InChI=1S/C35H34N6O5/c1-2-5-31-30(20-22-8-10-23(11-9-22)28-6-3-4-7-29(28)32-38-35(44)46-39-32)33(43)40(34-36-21-37-41(31)34)24-12-16-26(17-13-24)45-27-18-14-25(42)15-19-27/h3-4,6-11,14-15,18-19,21,24,26,42H,2,5,12-13,16-17,20H2,1H3,(H,38,39,44)/t24-,26+"
1150,CHEMBL2030994,CC(=O)N[C@@H](Cc1cccc(F)c1)[C@H](O)CN[C@H]1C[C@]2(C[C@@H](F)C2)Oc2ncc(CC(C)(C)C)cc21,"InChI=1S/C28H37F2N3O3/c1-17(34)33-23(10-18-6-5-7-20(29)8-18)25(35)16-31-24-14-28(12-21(30)13-28)36-26-22(24)9-19(15-32-26)11-27(2,3)4/h5-9,15,21,23-25,31,35H,10-14,16H2,1-4H3,(H,33,34)/t21-,23-,24-,25+,28-/m0/s1"
1150,CHEMBL2031145,CC(=O)N[C@@H](Cc1cccc(F)c1)[C@H](O)CN[C@H]1C[C@]2(C[C@H](F)C2)Oc2ncc(CC(C)(C)C)cc21,"InChI=1S/C28H37F2N3O3/c1-17(34)33-23(10-18-6-5-7-20(29)8-18)25(35)16-31-24-14-28(12-21(30)13-28)36-26-22(24)9-19(15-32-26)11-27(2,3)4/h5-9,15,21,23-25,31,35H,10-14,16H2,1-4H3,(H,33,34)/t21-,23-,24-,25+,28+/m0/s1"
1151,CHEMBL3950137,O=C(C[C@H]1CC[C@H](c2nnn3cnc4[nH]ccc4c23)CC1)NCC(F)(F)F,"InChI=1S/C17H19F3N6O/c18-17(19,20)8-22-13(27)7-10-1-3-11(4-2-10)14-15-12-5-6-21-16(12)23-9-26(15)25-24-14/h5-6,9-11,21H,1-4,7-8H2,(H,22,27)/t10-,11-"
1151,CHEMBL3974289,O=C(C[C@H]1CC[C@@H](c2nnn3cnc4[nH]ccc4c23)CC1)NCC(F)(F)F,"InChI=1S/C17H19F3N6O/c18-17(19,20)8-22-13(27)7-10-1-3-11(4-2-10)14-15-12-5-6-21-16(12)23-9-26(15)25-24-14/h5-6,9-11,21H,1-4,7-8H2,(H,22,27)/t10-,11+"
1152,CHEMBL4114114,CC(C)(O)[C@H](F)CNC(=O)c1cnc(-n2ccc3cc(C#N)cnc32)cc1N[C@H]1CC[C@@](C)(O)CC1,"InChI=1S/C26H31FN6O3/c1-25(2,35)21(27)15-31-24(34)19-14-29-22(11-20(19)32-18-4-7-26(3,36)8-5-18)33-9-6-17-10-16(12-28)13-30-23(17)33/h6,9-11,13-14,18,21,35-36H,4-5,7-8,15H2,1-3H3,(H,29,32)(H,31,34)/t18-,21-,26+/m1/s1"
1152,CHEMBL4114551,CC(C)(O)[C@H](F)CNC(=O)c1cnc(-n2ccc3cc(C#N)cnc32)cc1N[C@H]1CC[C@](C)(O)CC1,"InChI=1S/C26H31FN6O3/c1-25(2,35)21(27)15-31-24(34)19-14-29-22(11-20(19)32-18-4-7-26(3,36)8-5-18)33-9-6-17-10-16(12-28)13-30-23(17)33/h6,9-11,13-14,18,21,35-36H,4-5,7-8,15H2,1-3H3,(H,29,32)(H,31,34)/t18-,21-,26-/m1/s1"
1153,CHEMBL1927570,CCCCCCCCc1ccc([C@H]2CC[C@@H](NCc3ccccc3)CC2)cc1,"InChI=1S/C27H39N/c1-2-3-4-5-6-8-11-23-14-16-25(17-15-23)26-18-20-27(21-19-26)28-22-24-12-9-7-10-13-24/h7,9-10,12-17,26-28H,2-6,8,11,18-22H2,1H3/t26-,27+"
1153,CHEMBL1927571,CCCCCCCCc1ccc([C@H]2CC[C@H](NCc3ccccc3)CC2)cc1,"InChI=1S/C27H39N/c1-2-3-4-5-6-8-11-23-14-16-25(17-15-23)26-18-20-27(21-19-26)28-22-24-12-9-7-10-13-24/h7,9-10,12-17,26-28H,2-6,8,11,18-22H2,1H3/t26-,27-"
1154,CHEMBL239841,O=C(N[C@H]1CO[C@@H](/C=C/c2ccccc2)OC1)c1ccccc1,"InChI=1S/C19H19NO3/c21-19(16-9-5-2-6-10-16)20-17-13-22-18(23-14-17)12-11-15-7-3-1-4-8-15/h1-12,17-18H,13-14H2,(H,20,21)/b12-11+/t17-,18+"
1154,CHEMBL239842,O=C(N[C@H]1CO[C@H](/C=C/c2ccccc2)OC1)c1ccccc1,"InChI=1S/C19H19NO3/c21-19(16-9-5-2-6-10-16)20-17-13-22-18(23-14-17)12-11-15-7-3-1-4-8-15/h1-12,17-18H,13-14H2,(H,20,21)/b12-11+/t17-,18-"
